Starting GATv1 mechanism study on cuda:0
0001 | 19:42:09 |  28.4s | 1.0e-04 | 0.2187 | 0.5812 | 0.2185 | 0.1391 | 0.1193 | 0.7648 | 0.4235 | 0.2974
0002 | 19:42:52 |   9.0s | 1.0e-04 | 0.1106 | 0.7962 | 0.5351 | 0.3709 | 0.1004 | 0.8429 | 0.5283 | 0.3815
0003 | 19:43:15 |   8.6s | 1.0e-04 | 0.0985 | 0.8222 | 0.6118 | 0.4150 | 0.0919 | 0.8323 | 0.6010 | 0.4039
0004 | 19:43:37 |  26.1s | 1.0e-04 | 0.0982 | 0.8274 | 0.6357 | 0.4396 | 0.0889 | 0.8176 | 0.6412 | 0.4066
0005 | 19:44:17 |   7.3s | 1.0e-04 | 0.0935 | 0.8411 | 0.6640 | 0.4734 | 0.0887 | 0.8456 | 0.6353 | 0.4402
0006 | 19:44:37 |   6.1s | 1.0e-04 | 0.0905 | 0.8485 | 0.6748 | 0.4880 | 0.0841 | 0.8334 | 0.6595 | 0.4338
0007 | 19:44:55 |   6.0s | 1.0e-04 | 0.0900 | 0.8475 | 0.6814 | 0.4950 | 0.0860 | 0.8524 | 0.6490 | 0.4549
0008 | 19:45:13 |  22.5s | 1.0e-04 | 0.0862 | 0.8551 | 0.6964 | 0.5183 | 0.0815 | 0.8312 | 0.6836 | 0.4613
0009 | 19:45:48 |   5.1s | 1.0e-04 | 0.0857 | 0.8551 | 0.7021 | 0.5276 | 0.0830 | 0.8042 | 0.7305 | 0.4815
0010 | 19:46:05 |   5.3s | 1.0e-04 | 0.0857 | 0.8537 | 0.7049 | 0.5303 | 0.0776 | 0.8544 | 0.6831 | 0.4892
0011 | 19:46:22 |   5.0s | 1.0e-04 | 0.0827 | 0.8585 | 0.7162 | 0.5504 | 0.0782 | 0.8614 | 0.6882 | 0.5232
0012 | 19:46:40 |  18.3s | 1.0e-04 | 0.0808 | 0.8580 | 0.7204 | 0.5592 | 0.0771 | 0.8343 | 0.7197 | 0.5113
0013 | 19:47:11 |   5.6s | 1.0e-04 | 0.0774 | 0.8610 | 0.7195 | 0.5539 | 0.0753 | 0.8311 | 0.7285 | 0.5231
0014 | 19:47:28 |   5.5s | 1.0e-04 | 0.0761 | 0.8605 | 0.7251 | 0.5632 | 0.0742 | 0.8423 | 0.7229 | 0.5254
0015 | 19:47:47 |   5.3s | 1.0e-04 | 0.0748 | 0.8633 | 0.7333 | 0.5820 | 0.0739 | 0.8661 | 0.7094 | 0.5525
0016 | 19:48:05 |  22.0s | 1.0e-04 | 0.0739 | 0.8640 | 0.7385 | 0.5925 | 0.0728 | 0.8483 | 0.7267 | 0.5485
0017 | 19:48:40 |   5.7s | 1.0e-04 | 0.0740 | 0.8651 | 0.7424 | 0.5993 | 0.0724 | 0.8492 | 0.7331 | 0.5561
0018 | 19:48:58 |   5.7s | 1.0e-04 | 0.0722 | 0.8670 | 0.7458 | 0.6032 | 0.0718 | 0.8735 | 0.7048 | 0.5686
0019 | 19:49:17 |   5.6s | 1.0e-04 | 0.0721 | 0.8670 | 0.7519 | 0.6210 | 0.0708 | 0.8434 | 0.7461 | 0.5698
0020 | 19:49:35 |  18.0s | 1.0e-04 | 0.0705 | 0.8692 | 0.7563 | 0.6286 | 0.0700 | 0.8617 | 0.7392 | 0.5904
0021 | 19:50:06 |   7.1s | 1.0e-04 | 0.0702 | 0.8718 | 0.7597 | 0.6428 | 0.0701 | 0.8289 | 0.7654 | 0.5736
0022 | 19:50:28 |   6.2s | 1.0e-04 | 0.0687 | 0.8719 | 0.7650 | 0.6530 | 0.0698 | 0.8468 | 0.7575 | 0.5918
0023 | 19:50:48 |   6.4s | 1.0e-04 | 0.0688 | 0.8718 | 0.7697 | 0.6619 | 0.0683 | 0.8856 | 0.7148 | 0.5963
0024 | 19:51:08 |  20.9s | 1.0e-04 | 0.0674 | 0.8743 | 0.7724 | 0.6684 | 0.0678 | 0.8699 | 0.7432 | 0.6097
0025 | 19:51:42 |   6.8s | 1.0e-04 | 0.0665 | 0.8763 | 0.7777 | 0.6789 | 0.0678 | 0.8442 | 0.7748 | 0.6133
0026 | 19:52:03 |   7.3s | 1.0e-04 | 0.0656 | 0.8775 | 0.7828 | 0.6911 | 0.0673 | 0.8598 | 0.7643 | 0.6212
0027 | 19:52:24 |   7.5s | 1.0e-04 | 0.0651 | 0.8776 | 0.7844 | 0.6963 | 0.0669 | 0.8785 | 0.7469 | 0.6333
0028 | 19:52:45 |  21.7s | 1.0e-04 | 0.0647 | 0.8772 | 0.7821 | 0.6913 | 0.0667 | 0.8452 | 0.7713 | 0.6098
0029 | 19:53:19 |   7.8s | 1.0e-04 | 0.0646 | 0.8768 | 0.7820 | 0.6897 | 0.0638 | 0.8664 | 0.7568 | 0.6222
0030 | 19:53:42 |   9.1s | 1.0e-04 | 0.0638 | 0.8785 | 0.7831 | 0.6931 | 0.0649 | 0.8518 | 0.7815 | 0.6412
0031 | 19:54:04 |   8.9s | 1.0e-04 | 0.0635 | 0.8791 | 0.7887 | 0.7038 | 0.0646 | 0.8690 | 0.7708 | 0.6487
0032 | 19:54:27 |  21.7s | 1.0e-04 | 0.0626 | 0.8799 | 0.7897 | 0.7069 | 0.0640 | 0.8694 | 0.7727 | 0.6577
0033 | 19:55:01 |   7.5s | 1.0e-04 | 0.0617 | 0.8819 | 0.7931 | 0.7146 | 0.0625 | 0.8612 | 0.7773 | 0.6543
0034 | 19:55:22 |   8.5s | 1.0e-04 | 0.0622 | 0.8813 | 0.7941 | 0.7190 | 0.0632 | 0.8584 | 0.7884 | 0.6612
0035 | 19:55:44 |   8.3s | 1.0e-04 | 0.0612 | 0.8833 | 0.7956 | 0.7213 | 0.0620 | 0.8612 | 0.7866 | 0.6578
0036 | 19:56:06 |  23.6s | 1.0e-04 | 0.0616 | 0.8830 | 0.7997 | 0.7331 | 0.0625 | 0.8691 | 0.7841 | 0.6804
0037 | 19:56:42 |   7.4s | 1.0e-04 | 0.0613 | 0.8842 | 0.8008 | 0.7359 | 0.0609 | 0.8622 | 0.7879 | 0.6707
0038 | 19:57:03 |   8.0s | 1.0e-04 | 0.0615 | 0.8834 | 0.8031 | 0.7387 | 0.0606 | 0.8654 | 0.7987 | 0.6935
0039 | 19:57:22 |   5.7s | 1.0e-04 | 0.0612 | 0.8834 | 0.8029 | 0.7382 | 0.0612 | 0.8810 | 0.7813 | 0.6936
0040 | 19:57:40 |  19.5s | 1.0e-04 | 0.0608 | 0.8834 | 0.8015 | 0.7368 | 0.0596 | 0.8788 | 0.7790 | 0.6862
0041 | 19:58:12 |   5.4s | 1.0e-04 | 0.0608 | 0.8837 | 0.8016 | 0.7352 | 0.0589 | 0.8652 | 0.7895 | 0.6849
0042 | 19:58:30 |   5.4s | 1.0e-04 | 0.0600 | 0.8846 | 0.8039 | 0.7420 | 0.0603 | 0.8599 | 0.8115 | 0.7074
0043 | 19:58:48 |  18.0s | 1.0e-04 | 0.0594 | 0.8861 | 0.8073 | 0.7486 | 0.0596 | 0.8870 | 0.7760 | 0.6952
0044 | 19:59:22 |   6.7s | 1.0e-04 | 0.0579 | 0.8873 | 0.8092 | 0.7537 | 0.0609 | 0.8431 | 0.8205 | 0.6887
0045 | 19:59:41 |   5.5s | 1.0e-04 | 0.0575 | 0.8875 | 0.8109 | 0.7566 | 0.0586 | 0.8944 | 0.7691 | 0.7028
0046 | 19:59:59 |   5.5s | 1.0e-04 | 0.0570 | 0.8890 | 0.8122 | 0.7595 | 0.0582 | 0.8769 | 0.8028 | 0.7206
0047 | 20:00:17 |  18.1s | 1.0e-04 | 0.0574 | 0.8887 | 0.8134 | 0.7624 | 0.0588 | 0.8536 | 0.8097 | 0.6881
0048 | 20:00:49 |   7.6s | 1.0e-04 | 0.0581 | 0.8898 | 0.8187 | 0.7735 | 0.0585 | 0.8720 | 0.8082 | 0.7167
0049 | 20:01:10 |   5.4s | 1.0e-04 | 0.0578 | 0.8912 | 0.8214 | 0.7803 | 0.0584 | 0.8636 | 0.7994 | 0.6894
0050 | 20:01:28 |   5.4s | 1.0e-04 | 0.0573 | 0.8925 | 0.8246 | 0.7872 | 0.0587 | 0.8732 | 0.8049 | 0.7184
0051 | 20:01:47 |  19.4s | 1.0e-04 | 0.0568 | 0.8920 | 0.8224 | 0.7824 | 0.0579 | 0.8742 | 0.8063 | 0.7212
0052 | 20:02:20 |   8.2s | 1.0e-04 | 0.0567 | 0.8911 | 0.8215 | 0.7779 | 0.0569 | 0.8813 | 0.8122 | 0.7422
0053 | 20:02:42 |   5.5s | 1.0e-04 | 0.0566 | 0.8908 | 0.8189 | 0.7716 | 0.0572 | 0.8709 | 0.8165 | 0.7323
0054 | 20:02:59 |   5.4s | 1.0e-04 | 0.0562 | 0.8904 | 0.8201 | 0.7761 | 0.0568 | 0.8857 | 0.8054 | 0.7440
0055 | 20:03:17 |  19.9s | 1.0e-04 | 0.0564 | 0.8909 | 0.8201 | 0.7763 | 0.0574 | 0.8885 | 0.8026 | 0.7374
0056 | 20:03:51 |   6.9s | 1.0e-04 | 0.0567 | 0.8908 | 0.8221 | 0.7805 | 0.0565 | 0.8639 | 0.8298 | 0.7449
0057 | 20:04:11 |   5.3s | 1.0e-04 | 0.0560 | 0.8908 | 0.8225 | 0.7815 | 0.0552 | 0.8849 | 0.8042 | 0.7394
0058 | 20:04:29 |   5.5s | 1.0e-04 | 0.0559 | 0.8906 | 0.8225 | 0.7829 | 0.0549 | 0.8789 | 0.8043 | 0.7351
0059 | 20:04:48 |  20.0s | 1.0e-04 | 0.0554 | 0.8915 | 0.8230 | 0.7835 | 0.0549 | 0.8799 | 0.8037 | 0.7233
0060 | 20:05:21 |   7.8s | 1.0e-04 | 0.0550 | 0.8921 | 0.8250 | 0.7879 | 0.0549 | 0.8791 | 0.8107 | 0.7403
0061 | 20:05:44 |   5.3s | 1.0e-04 | 0.0546 | 0.8916 | 0.8237 | 0.7821 | 0.0555 | 0.8959 | 0.7846 | 0.7326
0062 | 20:06:02 |   6.2s | 1.0e-04 | 0.0548 | 0.8928 | 0.8261 | 0.7884 | 0.0549 | 0.8680 | 0.8268 | 0.7440
0063 | 20:06:22 |  19.8s | 1.0e-04 | 0.0546 | 0.8937 | 0.8293 | 0.7974 | 0.0548 | 0.8597 | 0.8243 | 0.7273
0064 | 20:06:57 |   7.2s | 1.0e-04 | 0.0545 | 0.8964 | 0.8312 | 0.8025 | 0.0551 | 0.8732 | 0.8255 | 0.7545
0065 | 20:07:19 |   5.6s | 1.0e-04 | 0.0542 | 0.8969 | 0.8333 | 0.8039 | 0.0551 | 0.8848 | 0.8091 | 0.7479
0066 | 20:07:37 |   5.4s | 1.0e-04 | 0.0537 | 0.8954 | 0.8326 | 0.8030 | 0.0549 | 0.8938 | 0.7954 | 0.7458
0067 | 20:07:56 |  20.7s | 1.0e-04 | 0.0544 | 0.8951 | 0.8321 | 0.8026 | 0.0544 | 0.8767 | 0.8192 | 0.7477
0068 | 20:08:31 |   7.1s | 1.0e-04 | 0.0541 | 0.8958 | 0.8335 | 0.8049 | 0.0550 | 0.8955 | 0.8060 | 0.7573
0069 | 20:08:51 |   5.5s | 1.0e-04 | 0.0544 | 0.8949 | 0.8342 | 0.8052 | 0.0545 | 0.8770 | 0.8248 | 0.7570
0070 | 20:09:10 |   5.5s | 1.0e-04 | 0.0538 | 0.8957 | 0.8337 | 0.8069 | 0.0541 | 0.8945 | 0.7979 | 0.7500
0071 | 20:09:28 |  21.9s | 1.0e-04 | 0.0535 | 0.8969 | 0.8352 | 0.8097 | 0.0558 | 0.8617 | 0.8403 | 0.7593
0072 | 20:10:04 |   5.3s | 1.0e-04 | 0.0532 | 0.8979 | 0.8358 | 0.8098 | 0.0537 | 0.8857 | 0.8079 | 0.7474
0073 | 20:10:21 |   5.4s | 1.0e-04 | 0.0536 | 0.8965 | 0.8364 | 0.8135 | 0.0541 | 0.8844 | 0.8124 | 0.7482
0074 | 20:10:38 |   5.5s | 1.0e-04 | 0.0537 | 0.8979 | 0.8365 | 0.8130 | 0.0537 | 0.8741 | 0.8203 | 0.7477
0075 | 20:10:57 |  20.8s | 1.0e-04 | 0.0525 | 0.8960 | 0.8328 | 0.8029 | 0.0530 | 0.8797 | 0.8114 | 0.7384
0076 | 20:11:30 |   5.6s | 1.0e-04 | 0.0521 | 0.8967 | 0.8333 | 0.8058 | 0.0533 | 0.8889 | 0.8140 | 0.7588
0077 | 20:11:48 |   5.4s | 1.0e-04 | 0.0521 | 0.8967 | 0.8314 | 0.8014 | 0.0526 | 0.8895 | 0.8022 | 0.7421
0078 | 20:12:05 |   5.5s | 1.0e-04 | 0.0518 | 0.8977 | 0.8343 | 0.8073 | 0.0537 | 0.8840 | 0.8162 | 0.7611
0079 | 20:12:24 |  21.8s | 1.0e-04 | 0.0519 | 0.8954 | 0.8305 | 0.7988 | 0.0528 | 0.8930 | 0.8079 | 0.7620
0080 | 20:12:59 |   5.3s | 1.0e-04 | 0.0517 | 0.8951 | 0.8284 | 0.7928 | 0.0542 | 0.8839 | 0.8156 | 0.7584
0081 | 20:13:17 |   5.7s | 1.0e-04 | 0.0515 | 0.8954 | 0.8306 | 0.7985 | 0.0538 | 0.8862 | 0.8275 | 0.7757
0082 | 20:13:36 |   5.5s | 1.0e-04 | 0.0513 | 0.8957 | 0.8318 | 0.8000 | 0.0533 | 0.8498 | 0.8456 | 0.7486
0083 | 20:13:57 |   5.4s | 1.0e-04 | 0.0525 | 0.8978 | 0.8368 | 0.8123 | 0.0526 | 0.8670 | 0.8328 | 0.7534
0084 | 20:14:15 |   5.8s | 1.0e-04 | 0.0526 | 0.8986 | 0.8403 | 0.8213 | 0.0535 | 0.8760 | 0.8314 | 0.7686
0085 | 20:14:35 |   5.8s | 1.0e-04 | 0.0527 | 0.8989 | 0.8396 | 0.8185 | 0.0525 | 0.8869 | 0.8203 | 0.7665
0086 | 20:14:55 |  20.0s | 1.0e-04 | 0.0528 | 0.8988 | 0.8407 | 0.8205 | 0.0533 | 0.8715 | 0.8363 | 0.7641
0087 | 20:15:28 |   8.4s | 1.0e-04 | 0.0519 | 0.9010 | 0.8445 | 0.8301 | 0.0531 | 0.8809 | 0.8207 | 0.7545
0088 | 20:15:50 |   5.8s | 1.0e-04 | 0.0520 | 0.9002 | 0.8451 | 0.8282 | 0.0543 | 0.8877 | 0.8105 | 0.7485
0089 | 20:16:09 |   6.3s | 1.0e-04 | 0.0519 | 0.9007 | 0.8429 | 0.8262 | 0.0537 | 0.8717 | 0.8311 | 0.7582
0090 | 20:16:28 |  19.2s | 1.0e-04 | 0.0521 | 0.8998 | 0.8426 | 0.8243 | 0.0527 | 0.8808 | 0.8275 | 0.7671
0091 | 20:17:01 |   7.5s | 1.0e-04 | 0.0523 | 0.9009 | 0.8456 | 0.8305 | 0.0541 | 0.8729 | 0.8372 | 0.7726
0092 | 20:17:20 |   5.5s | 1.0e-04 | 0.0521 | 0.9021 | 0.8469 | 0.8326 | 0.0532 | 0.8697 | 0.8297 | 0.7553
0093 | 20:17:39 |   8.0s | 1.0e-04 | 0.0520 | 0.9011 | 0.8470 | 0.8349 | 0.0529 | 0.8801 | 0.8243 | 0.7653
0094 | 20:18:00 |  17.5s | 1.0e-04 | 0.0517 | 0.8998 | 0.8444 | 0.8287 | 0.0522 | 0.8698 | 0.8292 | 0.7489
0095 | 20:18:30 |   5.4s | 1.0e-04 | 0.0516 | 0.8993 | 0.8420 | 0.8231 | 0.0517 | 0.8740 | 0.8334 | 0.7641
0096 | 20:18:48 |   5.2s | 1.0e-04 | 0.0518 | 0.8992 | 0.8413 | 0.8217 | 0.0525 | 0.8691 | 0.8323 | 0.7553
0097 | 20:19:06 |   6.6s | 1.0e-04 | 0.0510 | 0.9008 | 0.8436 | 0.8264 | 0.0513 | 0.8943 | 0.8222 | 0.7807
0098 | 20:19:24 |  17.3s | 1.0e-04 | 0.0514 | 0.9008 | 0.8425 | 0.8246 | 0.0527 | 0.9079 | 0.7991 | 0.7748
0099 | 20:19:56 |   6.1s | 1.0e-04 | 0.0513 | 0.8992 | 0.8402 | 0.8213 | 0.0518 | 0.8946 | 0.8195 | 0.7743
0100 | 20:20:15 |   5.4s | 1.0e-04 | 0.0511 | 0.9002 | 0.8433 | 0.8270 | 0.0529 | 0.8772 | 0.8345 | 0.7776
0101 | 20:20:34 |   5.6s | 1.0e-04 | 0.0507 | 0.9012 | 0.8444 | 0.8267 | 0.0510 | 0.8816 | 0.8314 | 0.7767
0102 | 20:20:51 |  20.3s | 1.0e-04 | 0.0507 | 0.9004 | 0.8428 | 0.8252 | 0.0508 | 0.8687 | 0.8354 | 0.7605
0103 | 20:21:26 |   7.6s | 1.0e-04 | 0.0505 | 0.9007 | 0.8432 | 0.8263 | 0.0499 | 0.8851 | 0.8224 | 0.7718
0104 | 20:21:48 |   5.9s | 1.0e-04 | 0.0510 | 0.8995 | 0.8396 | 0.8196 | 0.0510 | 0.8861 | 0.8365 | 0.7930
0105 | 20:22:07 |   5.2s | 1.0e-04 | 0.0504 | 0.9001 | 0.8419 | 0.8221 | 0.0519 | 0.8822 | 0.8358 | 0.7852
0106 | 20:22:23 |  19.9s | 1.0e-04 | 0.0490 | 0.9008 | 0.8394 | 0.8185 | 0.0518 | 0.8745 | 0.8358 | 0.7768
0107 | 20:22:57 |   7.2s | 1.0e-04 | 0.0482 | 0.8995 | 0.8359 | 0.8123 | 0.0521 | 0.8809 | 0.8239 | 0.7670
0108 | 20:23:18 |   5.2s | 1.0e-04 | 0.0481 | 0.9002 | 0.8383 | 0.8174 | 0.0516 | 0.8748 | 0.8328 | 0.7686
0109 | 20:23:36 |   5.3s | 1.0e-04 | 0.0482 | 0.8982 | 0.8349 | 0.8098 | 0.0515 | 0.8670 | 0.8408 | 0.7678
0110 | 20:23:54 |  20.7s | 1.0e-04 | 0.0497 | 0.8998 | 0.8419 | 0.8234 | 0.0505 | 0.8949 | 0.8156 | 0.7727
0111 | 20:24:28 |   9.0s | 1.0e-04 | 0.0503 | 0.9013 | 0.8466 | 0.8343 | 0.0515 | 0.8905 | 0.8353 | 0.7994
0112 | 20:24:51 |   7.1s | 1.0e-04 | 0.0500 | 0.9014 | 0.8469 | 0.8334 | 0.0511 | 0.8910 | 0.8172 | 0.7765
0113 | 20:25:12 |   6.6s | 1.0e-04 | 0.0500 | 0.9013 | 0.8448 | 0.8306 | 0.0509 | 0.8837 | 0.8364 | 0.7891
0114 | 20:25:32 |  20.6s | 1.0e-04 | 0.0496 | 0.9008 | 0.8451 | 0.8298 | 0.0524 | 0.8883 | 0.8354 | 0.7925
0115 | 20:26:05 |   7.4s | 1.0e-04 | 0.0497 | 0.9018 | 0.8454 | 0.8313 | 0.0511 | 0.8915 | 0.8310 | 0.7926
0116 | 20:26:25 |   6.2s | 1.0e-04 | 0.0493 | 0.9013 | 0.8452 | 0.8286 | 0.0512 | 0.8905 | 0.8310 | 0.7918
0117 | 20:26:45 |   8.1s | 1.0e-04 | 0.0493 | 0.9030 | 0.8467 | 0.8332 | 0.0504 | 0.8742 | 0.8484 | 0.7930
0118 | 20:27:07 |  27.7s | 1.0e-04 | 0.0500 | 0.9027 | 0.8481 | 0.8365 | 0.0509 | 0.8842 | 0.8353 | 0.7879
0119 | 20:27:49 |   8.9s | 1.0e-04 | 0.0497 | 0.9028 | 0.8477 | 0.8367 | 0.0506 | 0.8876 | 0.8269 | 0.7819
0120 | 20:28:12 |   5.4s | 1.0e-04 | 0.0498 | 0.9011 | 0.8485 | 0.8370 | 0.0507 | 0.8945 | 0.8248 | 0.7888
0121 | 20:28:30 |   5.4s | 1.0e-04 | 0.0494 | 0.9034 | 0.8495 | 0.8399 | 0.0505 | 0.8840 | 0.8348 | 0.7867
0122 | 20:28:49 |  21.8s | 1.0e-04 | 0.0499 | 0.9021 | 0.8478 | 0.8360 | 0.0508 | 0.8830 | 0.8345 | 0.7841
0123 | 20:29:25 |   9.1s | 1.0e-04 | 0.0504 | 0.9016 | 0.8487 | 0.8360 | 0.0507 | 0.8815 | 0.8449 | 0.8007
0124 | 20:29:48 |   5.7s | 1.0e-04 | 0.0502 | 0.9020 | 0.8484 | 0.8383 | 0.0514 | 0.8749 | 0.8538 | 0.8056
0125 | 20:30:07 |   5.7s | 1.0e-04 | 0.0500 | 0.9023 | 0.8487 | 0.8372 | 0.0514 | 0.9028 | 0.8226 | 0.7988
0126 | 20:30:29 |   5.3s | 1.0e-04 | 0.0494 | 0.9032 | 0.8513 | 0.8417 | 0.0501 | 0.8812 | 0.8350 | 0.7844
0127 | 20:30:47 |   5.7s | 1.0e-04 | 0.0489 | 0.9027 | 0.8503 | 0.8405 | 0.0514 | 0.8944 | 0.8226 | 0.7848
0128 | 20:31:07 |   5.7s | 1.0e-04 | 0.0490 | 0.9032 | 0.8506 | 0.8422 | 0.0493 | 0.8933 | 0.8294 | 0.7917
0129 | 20:31:28 |  19.0s | 1.0e-04 | 0.0489 | 0.9034 | 0.8526 | 0.8447 | 0.0503 | 0.8778 | 0.8470 | 0.7946
0130 | 20:31:59 |   5.8s | 1.0e-04 | 0.0492 | 0.9032 | 0.8514 | 0.8434 | 0.0498 | 0.8772 | 0.8441 | 0.7922
0131 | 20:32:16 |   5.6s | 1.0e-04 | 0.0489 | 0.9033 | 0.8516 | 0.8432 | 0.0498 | 0.8872 | 0.8415 | 0.8009
0132 | 20:32:34 |   5.3s | 1.0e-04 | 0.0490 | 0.9031 | 0.8512 | 0.8410 | 0.0497 | 0.8752 | 0.8428 | 0.7881
0133 | 20:32:52 |  16.9s | 1.0e-04 | 0.0489 | 0.9040 | 0.8508 | 0.8426 | 0.0500 | 0.8832 | 0.8337 | 0.7846
0134 | 20:33:23 |   6.3s | 1.0e-04 | 0.0483 | 0.9048 | 0.8521 | 0.8441 | 0.0508 | 0.8786 | 0.8370 | 0.7791
0135 | 20:33:42 |   5.8s | 1.0e-04 | 0.0486 | 0.9047 | 0.8521 | 0.8458 | 0.0503 | 0.8938 | 0.8213 | 0.7828
0136 | 20:34:01 |   5.4s | 1.0e-04 | 0.0484 | 0.9055 | 0.8523 | 0.8461 | 0.0502 | 0.8842 | 0.8298 | 0.7804
0137 | 20:34:20 |  18.8s | 1.0e-04 | 0.0484 | 0.9048 | 0.8517 | 0.8448 | 0.0505 | 0.8802 | 0.8416 | 0.7915
0138 | 20:34:52 |   5.7s | 1.0e-04 | 0.0491 | 0.9045 | 0.8533 | 0.8472 | 0.0495 | 0.8821 | 0.8444 | 0.8007
0139 | 20:35:11 |   5.6s | 1.0e-04 | 0.0492 | 0.9047 | 0.8520 | 0.8461 | 0.0493 | 0.8790 | 0.8364 | 0.7784
0140 | 20:35:29 |   5.3s | 1.0e-04 | 0.0489 | 0.9038 | 0.8517 | 0.8458 | 0.0497 | 0.8906 | 0.8320 | 0.7970
0141 | 20:35:46 |  18.5s | 1.0e-04 | 0.0486 | 0.9049 | 0.8532 | 0.8461 | 0.0493 | 0.8780 | 0.8502 | 0.8046
0142 | 20:36:19 |   6.2s | 1.0e-04 | 0.0487 | 0.9038 | 0.8509 | 0.8437 | 0.0488 | 0.8789 | 0.8388 | 0.7892
0143 | 20:36:39 |   5.7s | 1.0e-04 | 0.0483 | 0.9044 | 0.8524 | 0.8455 | 0.0495 | 0.8908 | 0.8371 | 0.8034
0144 | 20:36:57 |   5.1s | 1.0e-04 | 0.0486 | 0.9036 | 0.8534 | 0.8484 | 0.0491 | 0.8680 | 0.8484 | 0.7875
0145 | 20:37:15 |  20.2s | 1.0e-04 | 0.0488 | 0.9030 | 0.8505 | 0.8411 | 0.0482 | 0.8956 | 0.8463 | 0.8225
0146 | 20:37:49 |   7.1s | 1.0e-04 | 0.0492 | 0.9021 | 0.8496 | 0.8399 | 0.0492 | 0.8860 | 0.8487 | 0.8132
0147 | 20:38:10 |   7.6s | 1.0e-04 | 0.0489 | 0.9015 | 0.8494 | 0.8383 | 0.0493 | 0.8735 | 0.8616 | 0.8136
0148 | 20:38:32 |   5.9s | 1.0e-04 | 0.0493 | 0.9009 | 0.8486 | 0.8380 | 0.0489 | 0.8950 | 0.8478 | 0.8236
0149 | 20:38:50 |  18.4s | 1.0e-04 | 0.0484 | 0.9041 | 0.8526 | 0.8461 | 0.0500 | 0.8701 | 0.8504 | 0.7930
0150 | 20:39:22 |   8.5s | 1.0e-04 | 0.0475 | 0.9063 | 0.8572 | 0.8546 | 0.0492 | 0.8813 | 0.8501 | 0.8086
0151 | 20:39:45 |   8.5s | 1.0e-04 | 0.0471 | 0.9066 | 0.8578 | 0.8553 | 0.0490 | 0.8830 | 0.8323 | 0.7806
0152 | 20:40:06 |   7.4s | 1.0e-04 | 0.0473 | 0.9062 | 0.8593 | 0.8583 | 0.0505 | 0.8908 | 0.8302 | 0.7913
0153 | 20:40:25 |  21.2s | 1.0e-04 | 0.0476 | 0.9061 | 0.8548 | 0.8515 | 0.0501 | 0.8835 | 0.8433 | 0.7986
0154 | 20:40:58 |   5.9s | 1.0e-04 | 0.0482 | 0.9038 | 0.8543 | 0.8488 | 0.0498 | 0.8830 | 0.8410 | 0.7969
0155 | 20:41:16 |   5.6s | 1.0e-04 | 0.0481 | 0.9047 | 0.8523 | 0.8454 | 0.0489 | 0.9016 | 0.8295 | 0.8121
0156 | 20:41:34 |   5.7s | 1.0e-04 | 0.0481 | 0.9056 | 0.8527 | 0.8481 | 0.0494 | 0.8819 | 0.8481 | 0.8058
0157 | 20:41:53 |  15.5s | 1.0e-04 | 0.0465 | 0.9061 | 0.8549 | 0.8523 | 0.0487 | 0.8878 | 0.8367 | 0.7981
0158 | 20:42:22 |   5.9s | 1.0e-04 | 0.0465 | 0.9060 | 0.8551 | 0.8520 | 0.0496 | 0.8778 | 0.8453 | 0.7963
0159 | 20:42:41 |   6.6s | 1.0e-04 | 0.0462 | 0.9070 | 0.8570 | 0.8546 | 0.0494 | 0.9006 | 0.8101 | 0.7782
0160 | 20:43:01 |   7.5s | 1.0e-04 | 0.0460 | 0.9063 | 0.8569 | 0.8547 | 0.0506 | 0.8829 | 0.8426 | 0.7993
0161 | 20:43:23 |  21.0s | 1.0e-04 | 0.0478 | 0.9049 | 0.8557 | 0.8518 | 0.0496 | 0.9083 | 0.8087 | 0.7973
0162 | 20:43:59 |   7.5s | 1.0e-04 | 0.0477 | 0.9061 | 0.8551 | 0.8505 | 0.0483 | 0.8848 | 0.8488 | 0.8143
0163 | 20:44:21 |   7.1s | 1.0e-04 | 0.0479 | 0.9055 | 0.8553 | 0.8503 | 0.0493 | 0.8840 | 0.8399 | 0.7921
0164 | 20:44:42 |   6.9s | 1.0e-04 | 0.0479 | 0.9042 | 0.8536 | 0.8469 | 0.0487 | 0.8840 | 0.8337 | 0.7910
0165 | 20:45:02 |  21.7s | 1.0e-04 | 0.0466 | 0.9060 | 0.8550 | 0.8525 | 0.0487 | 0.8871 | 0.8395 | 0.7954
0166 | 20:45:37 |   8.5s | 1.0e-04 | 0.0470 | 0.9053 | 0.8559 | 0.8531 | 0.0487 | 0.8868 | 0.8480 | 0.8100
0167 | 20:46:00 |   8.5s | 1.0e-04 | 0.0463 | 0.9065 | 0.8547 | 0.8511 | 0.0491 | 0.8915 | 0.8388 | 0.8038
0168 | 20:46:23 |  27.8s | 1.0e-04 | 0.0466 | 0.9058 | 0.8546 | 0.8518 | 0.0493 | 0.8748 | 0.8459 | 0.7907
0169 | 20:47:03 |   5.7s | 1.0e-04 | 0.0461 | 0.9059 | 0.8554 | 0.8529 | 0.0497 | 0.8980 | 0.8292 | 0.8089
0170 | 20:47:21 |   5.7s | 1.0e-04 | 0.0461 | 0.9064 | 0.8585 | 0.8564 | 0.0485 | 0.8856 | 0.8477 | 0.8121
0171 | 20:47:40 |   5.3s | 1.0e-04 | 0.0465 | 0.9062 | 0.8569 | 0.8531 | 0.0492 | 0.8877 | 0.8271 | 0.7874
0172 | 20:47:59 |  21.4s | 1.0e-04 | 0.0462 | 0.9065 | 0.8572 | 0.8553 | 0.0491 | 0.8833 | 0.8417 | 0.7977
0173 | 20:48:34 |   6.3s | 1.0e-04 | 0.0451 | 0.9058 | 0.8557 | 0.8535 | 0.0491 | 0.9035 | 0.8206 | 0.8007
0174 | 20:48:55 |   7.2s | 1.0e-04 | 0.0455 | 0.9058 | 0.8543 | 0.8496 | 0.0497 | 0.8824 | 0.8457 | 0.8047
0175 | 20:49:16 |   6.5s | 1.0e-04 | 0.0448 | 0.9058 | 0.8547 | 0.8509 | 0.0482 | 0.8929 | 0.8362 | 0.8030
0176 | 20:49:37 |  26.6s | 1.0e-04 | 0.0454 | 0.9075 | 0.8575 | 0.8568 | 0.0491 | 0.8966 | 0.8220 | 0.7931
0177 | 20:50:16 |   5.5s | 1.0e-04 | 0.0469 | 0.9079 | 0.8620 | 0.8642 | 0.0486 | 0.8919 | 0.8398 | 0.8074
0178 | 20:50:35 |   5.7s | 1.0e-04 | 0.0469 | 0.9083 | 0.8619 | 0.8646 | 0.0487 | 0.8959 | 0.8289 | 0.8007
0179 | 20:50:55 |   5.6s | 1.0e-04 | 0.0474 | 0.9072 | 0.8612 | 0.8633 | 0.0486 | 0.8825 | 0.8361 | 0.7869
0180 | 20:51:14 |  24.1s | 1.0e-04 | 0.0471 | 0.9085 | 0.8607 | 0.8625 | 0.0475 | 0.8861 | 0.8479 | 0.8107
0181 | 20:51:50 |   5.7s | 1.0e-04 | 0.0472 | 0.9061 | 0.8567 | 0.8556 | 0.0481 | 0.8938 | 0.8409 | 0.8151
0182 | 20:52:08 |   5.4s | 1.0e-04 | 0.0473 | 0.9054 | 0.8578 | 0.8548 | 0.0479 | 0.9047 | 0.8298 | 0.8095
0183 | 20:52:25 |   5.3s | 1.0e-04 | 0.0474 | 0.9051 | 0.8565 | 0.8535 | 0.0481 | 0.8880 | 0.8529 | 0.8231
0184 | 20:52:43 |  18.3s | 1.0e-04 | 0.0472 | 0.9061 | 0.8575 | 0.8543 | 0.0486 | 0.8857 | 0.8390 | 0.7987
0185 | 20:53:13 |   5.5s | 1.0e-04 | 0.0465 | 0.9061 | 0.8580 | 0.8566 | 0.0486 | 0.8993 | 0.8410 | 0.8240
0186 | 20:53:32 |   7.1s | 1.0e-04 | 0.0466 | 0.9054 | 0.8566 | 0.8535 | 0.0475 | 0.8911 | 0.8348 | 0.7994
0187 | 20:53:52 |   6.4s | 1.0e-04 | 0.0466 | 0.9062 | 0.8577 | 0.8562 | 0.0478 | 0.9021 | 0.8319 | 0.8137
0188 | 20:54:12 |  17.7s | 1.0e-04 | 0.0462 | 0.9059 | 0.8557 | 0.8529 | 0.0475 | 0.8888 | 0.8463 | 0.8139
0189 | 20:54:43 |   5.5s | 1.0e-04 | 0.0467 | 0.9054 | 0.8551 | 0.8506 | 0.0473 | 0.8919 | 0.8401 | 0.8060
0190 | 20:55:02 |   7.2s | 1.0e-04 | 0.0464 | 0.9054 | 0.8558 | 0.8519 | 0.0474 | 0.8884 | 0.8542 | 0.8246
0191 | 20:55:24 |   7.0s | 1.0e-04 | 0.0460 | 0.9067 | 0.8575 | 0.8552 | 0.0471 | 0.8904 | 0.8433 | 0.8103
0192 | 20:55:46 |  21.0s | 1.0e-04 | 0.0462 | 0.9064 | 0.8573 | 0.8541 | 0.0484 | 0.8846 | 0.8559 | 0.8196
0193 | 20:56:20 |   6.9s | 1.0e-04 | 0.0458 | 0.9077 | 0.8591 | 0.8593 | 0.0474 | 0.8872 | 0.8436 | 0.8064
0194 | 20:56:39 |   5.7s | 1.0e-04 | 0.0458 | 0.9063 | 0.8582 | 0.8553 | 0.0478 | 0.8994 | 0.8405 | 0.8198
0195 | 20:56:57 |   5.3s | 1.0e-04 | 0.0457 | 0.9078 | 0.8598 | 0.8607 | 0.0482 | 0.8835 | 0.8499 | 0.8069
0196 | 20:57:15 |  20.2s | 1.0e-04 | 0.0454 | 0.9068 | 0.8557 | 0.8545 | 0.0482 | 0.8798 | 0.8527 | 0.8109
0197 | 20:57:50 |   7.9s | 1.0e-04 | 0.0452 | 0.9065 | 0.8561 | 0.8544 | 0.0469 | 0.9006 | 0.8346 | 0.8118
0198 | 20:58:12 |   6.1s | 1.0e-04 | 0.0450 | 0.9078 | 0.8583 | 0.8570 | 0.0464 | 0.8844 | 0.8479 | 0.8062
0199 | 20:58:31 |   6.1s | 1.0e-04 | 0.0456 | 0.9067 | 0.8558 | 0.8519 | 0.0486 | 0.8758 | 0.8537 | 0.8040
0200 | 20:58:51 |  17.9s | 1.0e-04 | 0.0463 | 0.9079 | 0.8582 | 0.8568 | 0.0497 | 0.9064 | 0.8071 | 0.7933
0201 | 20:59:21 |   5.8s | 1.0e-04 | 0.0459 | 0.9080 | 0.8588 | 0.8572 | 0.0472 | 0.8925 | 0.8420 | 0.8089
0202 | 20:59:40 |   5.6s | 1.0e-04 | 0.0458 | 0.9077 | 0.8601 | 0.8611 | 0.0478 | 0.8862 | 0.8438 | 0.8058
0203 | 20:59:58 |   6.2s | 1.0e-04 | 0.0452 | 0.9088 | 0.8602 | 0.8615 | 0.0476 | 0.9086 | 0.8272 | 0.8164
0204 | 21:00:16 |  20.7s | 1.0e-04 | 0.0454 | 0.9088 | 0.8617 | 0.8637 | 0.0477 | 0.8967 | 0.8380 | 0.8183
0205 | 21:00:49 |   5.8s | 1.0e-04 | 0.0461 | 0.9090 | 0.8618 | 0.8639 | 0.0487 | 0.8808 | 0.8577 | 0.8185
0206 | 21:01:08 |   5.4s | 1.0e-04 | 0.0456 | 0.9075 | 0.8601 | 0.8602 | 0.0484 | 0.8889 | 0.8581 | 0.8307
0207 | 21:01:25 |   5.5s | 1.0e-04 | 0.0458 | 0.9081 | 0.8615 | 0.8646 | 0.0480 | 0.8967 | 0.8338 | 0.8054
0208 | 21:01:47 |   6.5s | 1.0e-04 | 0.0453 | 0.9094 | 0.8631 | 0.8669 | 0.0478 | 0.8939 | 0.8343 | 0.8012
0209 | 21:02:07 |   6.4s | 1.0e-04 | 0.0455 | 0.9100 | 0.8638 | 0.8666 | 0.0478 | 0.8793 | 0.8472 | 0.8023
0210 | 21:02:28 |   6.2s | 1.0e-04 | 0.0454 | 0.9093 | 0.8626 | 0.8657 | 0.0490 | 0.8653 | 0.8633 | 0.8061
0211 | 21:02:49 |  18.5s | 1.0e-04 | 0.0450 | 0.9102 | 0.8656 | 0.8708 | 0.0477 | 0.9128 | 0.8292 | 0.8292
0212 | 21:03:19 |   5.9s | 1.0e-04 | 0.0466 | 0.9090 | 0.8649 | 0.8684 | 0.0469 | 0.8934 | 0.8343 | 0.8017
0213 | 21:03:38 |   5.3s | 1.0e-04 | 0.0461 | 0.9098 | 0.8648 | 0.8695 | 0.0476 | 0.8815 | 0.8548 | 0.8081
0214 | 21:03:56 |   5.7s | 1.0e-04 | 0.0460 | 0.9096 | 0.8658 | 0.8707 | 0.0477 | 0.9014 | 0.8387 | 0.8239
0215 | 21:04:15 |  17.7s | 1.0e-04 | 0.0457 | 0.9089 | 0.8653 | 0.8703 | 0.0479 | 0.8904 | 0.8458 | 0.8162
0216 | 21:04:47 |   7.7s | 1.0e-04 | 0.0447 | 0.9097 | 0.8633 | 0.8664 | 0.0483 | 0.8990 | 0.8291 | 0.7975
0217 | 21:05:06 |   6.2s | 1.0e-04 | 0.0442 | 0.9101 | 0.8648 | 0.8703 | 0.0479 | 0.8876 | 0.8411 | 0.8062
0218 | 21:05:28 |   7.4s | 1.0e-04 | 0.0447 | 0.9101 | 0.8644 | 0.8690 | 0.0495 | 0.8801 | 0.8605 | 0.8228
0219 | 21:05:50 |  21.1s | 1.0e-04 | 0.0443 | 0.9102 | 0.8647 | 0.8691 | 0.0477 | 0.8941 | 0.8420 | 0.8181
0220 | 21:06:24 |   6.2s | 1.0e-04 | 0.0451 | 0.9078 | 0.8591 | 0.8603 | 0.0473 | 0.9003 | 0.8349 | 0.8134
0221 | 21:06:42 |   6.5s | 1.0e-04 | 0.0445 | 0.9080 | 0.8601 | 0.8609 | 0.0475 | 0.9014 | 0.8396 | 0.8257
0222 | 21:07:01 |   5.5s | 1.0e-04 | 0.0450 | 0.9089 | 0.8611 | 0.8623 | 0.0475 | 0.8871 | 0.8572 | 0.8279
0223 | 21:07:19 |  20.2s | 1.0e-04 | 0.0451 | 0.9087 | 0.8627 | 0.8646 | 0.0477 | 0.8765 | 0.8651 | 0.8243
0224 | 21:07:53 |   6.9s | 1.0e-04 | 0.0458 | 0.9082 | 0.8619 | 0.8634 | 0.0469 | 0.8863 | 0.8658 | 0.8370
0225 | 21:08:15 |   6.0s | 1.0e-04 | 0.0454 | 0.9087 | 0.8624 | 0.8640 | 0.0473 | 0.8818 | 0.8538 | 0.8120
0226 | 21:08:34 |   6.2s | 1.0e-04 | 0.0455 | 0.9075 | 0.8616 | 0.8629 | 0.0476 | 0.8831 | 0.8558 | 0.8202
0227 | 21:08:55 |  21.6s | 1.0e-04 | 0.0453 | 0.9084 | 0.8619 | 0.8639 | 0.0481 | 0.8806 | 0.8550 | 0.8169
0228 | 21:09:30 |   6.5s | 1.0e-04 | 0.0453 | 0.9104 | 0.8669 | 0.8728 | 0.0474 | 0.8905 | 0.8485 | 0.8178
0229 | 21:09:49 |   5.8s | 1.0e-04 | 0.0448 | 0.9100 | 0.8650 | 0.8703 | 0.0475 | 0.8941 | 0.8404 | 0.8132
0230 | 21:10:06 |   6.2s | 1.0e-04 | 0.0449 | 0.9107 | 0.8665 | 0.8726 | 0.0474 | 0.9124 | 0.8295 | 0.8293
0231 | 21:10:26 |  19.0s | 1.0e-04 | 0.0453 | 0.9102 | 0.8669 | 0.8730 | 0.0466 | 0.8983 | 0.8475 | 0.8258
0232 | 21:10:59 |   6.2s | 1.0e-04 | 0.0455 | 0.9092 | 0.8645 | 0.8678 | 0.0468 | 0.8796 | 0.8546 | 0.8113
0233 | 21:11:19 |   6.1s | 1.0e-04 | 0.0459 | 0.9082 | 0.8638 | 0.8681 | 0.0464 | 0.8875 | 0.8510 | 0.8158
0234 | 21:11:39 |   5.6s | 1.0e-04 | 0.0455 | 0.9092 | 0.8649 | 0.8693 | 0.0464 | 0.8969 | 0.8488 | 0.8294
0235 | 21:11:56 |  15.8s | 1.0e-04 | 0.0454 | 0.9089 | 0.8635 | 0.8675 | 0.0474 | 0.8737 | 0.8663 | 0.8186
0236 | 21:12:25 |   5.5s | 1.0e-04 | 0.0451 | 0.9085 | 0.8612 | 0.8630 | 0.0462 | 0.9049 | 0.8436 | 0.8366
0237 | 21:12:43 |   5.6s | 1.0e-04 | 0.0451 | 0.9095 | 0.8631 | 0.8670 | 0.0459 | 0.9004 | 0.8459 | 0.8266
0238 | 21:13:02 |   5.7s | 1.0e-04 | 0.0445 | 0.9092 | 0.8631 | 0.8671 | 0.0470 | 0.8872 | 0.8580 | 0.8255
0239 | 21:13:21 |  20.9s | 1.0e-04 | 0.0454 | 0.9084 | 0.8631 | 0.8658 | 0.0457 | 0.8917 | 0.8510 | 0.8225
0240 | 21:13:55 |   7.5s | 1.0e-04 | 0.0447 | 0.9088 | 0.8628 | 0.8663 | 0.0464 | 0.8997 | 0.8480 | 0.8323
0241 | 21:14:16 |   6.8s | 1.0e-04 | 0.0451 | 0.9094 | 0.8622 | 0.8638 | 0.0456 | 0.8938 | 0.8467 | 0.8146
0242 | 21:14:36 |   5.6s | 1.0e-04 | 0.0452 | 0.9084 | 0.8613 | 0.8638 | 0.0471 | 0.8806 | 0.8645 | 0.8298
0243 | 21:14:54 |  21.8s | 1.0e-04 | 0.0450 | 0.9107 | 0.8671 | 0.8735 | 0.0463 | 0.8947 | 0.8510 | 0.8259
0244 | 21:15:29 |   6.7s | 1.0e-04 | 0.0454 | 0.9114 | 0.8677 | 0.8755 | 0.0473 | 0.8794 | 0.8633 | 0.8263
0245 | 21:15:50 |   7.1s | 1.0e-04 | 0.0448 | 0.9116 | 0.8694 | 0.8773 | 0.0471 | 0.8837 | 0.8655 | 0.8333
0246 | 21:16:12 |   6.7s | 1.0e-04 | 0.0448 | 0.9113 | 0.8701 | 0.8775 | 0.0473 | 0.8886 | 0.8486 | 0.8143
0247 | 21:16:33 |  17.7s | 1.0e-04 | 0.0448 | 0.9109 | 0.8676 | 0.8747 | 0.0464 | 0.8884 | 0.8563 | 0.8241
0248 | 21:17:03 |   5.5s | 1.0e-04 | 0.0445 | 0.9098 | 0.8654 | 0.8707 | 0.0467 | 0.8919 | 0.8557 | 0.8292
0249 | 21:17:20 |   5.5s | 1.0e-04 | 0.0448 | 0.9094 | 0.8656 | 0.8697 | 0.0468 | 0.8948 | 0.8487 | 0.8309
0250 | 21:17:38 |   5.8s | 1.0e-04 | 0.0446 | 0.9104 | 0.8681 | 0.8743 | 0.0462 | 0.8974 | 0.8538 | 0.8374
0251 | 21:18:00 |   5.3s | 1.0e-04 | 0.0429 | 0.9095 | 0.8641 | 0.8683 | 0.0470 | 0.8836 | 0.8631 | 0.8326
0252 | 21:18:18 |   5.5s | 1.0e-04 | 0.0434 | 0.9097 | 0.8617 | 0.8644 | 0.0466 | 0.9027 | 0.8468 | 0.8336
0253 | 21:18:36 |   6.3s | 1.0e-04 | 0.0436 | 0.9095 | 0.8628 | 0.8655 | 0.0465 | 0.9034 | 0.8396 | 0.8254
0254 | 21:18:54 |  21.6s | 1.0e-04 | 0.0436 | 0.9102 | 0.8620 | 0.8662 | 0.0460 | 0.8786 | 0.8625 | 0.8233
0255 | 21:19:29 |   5.7s | 1.0e-04 | 0.0451 | 0.9091 | 0.8669 | 0.8728 | 0.0455 | 0.8975 | 0.8403 | 0.8178
0256 | 21:19:47 |   5.2s | 1.0e-04 | 0.0446 | 0.9105 | 0.8676 | 0.8734 | 0.0462 | 0.8903 | 0.8585 | 0.8312
0257 | 21:20:04 |   5.7s | 1.0e-04 | 0.0446 | 0.9104 | 0.8663 | 0.8714 | 0.0464 | 0.8999 | 0.8446 | 0.8264
0258 | 21:20:25 |  21.0s | 1.0e-04 | 0.0444 | 0.9108 | 0.8670 | 0.8729 | 0.0466 | 0.8880 | 0.8635 | 0.8368
0259 | 21:21:00 |   8.7s | 1.0e-04 | 0.0443 | 0.9095 | 0.8642 | 0.8682 | 0.0473 | 0.8959 | 0.8533 | 0.8295
0260 | 21:21:23 |   8.6s | 1.0e-04 | 0.0436 | 0.9108 | 0.8653 | 0.8707 | 0.0462 | 0.8892 | 0.8637 | 0.8381
0261 | 21:21:46 |   8.5s | 1.0e-04 | 0.0441 | 0.9110 | 0.8666 | 0.8727 | 0.0455 | 0.9072 | 0.8261 | 0.8174
0262 | 21:22:06 |  22.7s | 1.0e-04 | 0.0438 | 0.9114 | 0.8672 | 0.8731 | 0.0465 | 0.8894 | 0.8536 | 0.8219
0263 | 21:22:41 |   5.8s | 1.0e-04 | 0.0440 | 0.9109 | 0.8697 | 0.8765 | 0.0464 | 0.8953 | 0.8520 | 0.8292
0264 | 21:22:59 |   5.5s | 1.0e-04 | 0.0437 | 0.9112 | 0.8700 | 0.8777 | 0.0467 | 0.8928 | 0.8459 | 0.8174
0265 | 21:23:17 |   5.2s | 1.0e-04 | 0.0438 | 0.9114 | 0.8696 | 0.8778 | 0.0468 | 0.9028 | 0.8399 | 0.8236
0266 | 21:23:35 |  28.4s | 1.0e-04 | 0.0440 | 0.9112 | 0.8708 | 0.8789 | 0.0471 | 0.8990 | 0.8387 | 0.8155
0267 | 21:24:16 |   5.9s | 1.0e-04 | 0.0439 | 0.9123 | 0.8716 | 0.8815 | 0.0470 | 0.8916 | 0.8444 | 0.8173
0268 | 21:24:34 |   5.4s | 1.0e-04 | 0.0439 | 0.9120 | 0.8719 | 0.8812 | 0.0466 | 0.8986 | 0.8390 | 0.8147
0269 | 21:24:52 |   5.6s | 1.0e-04 | 0.0439 | 0.9115 | 0.8717 | 0.8810 | 0.0466 | 0.8935 | 0.8522 | 0.8289
0270 | 21:25:10 |  19.9s | 1.0e-04 | 0.0437 | 0.9124 | 0.8704 | 0.8784 | 0.0458 | 0.8924 | 0.8411 | 0.8117
0271 | 21:25:44 |   8.3s | 1.0e-04 | 0.0438 | 0.9109 | 0.8679 | 0.8750 | 0.0461 | 0.8934 | 0.8585 | 0.8369
0272 | 21:26:06 |   8.3s | 1.0e-04 | 0.0436 | 0.9116 | 0.8691 | 0.8773 | 0.0457 | 0.8871 | 0.8589 | 0.8298
0273 | 21:26:28 |   7.2s | 1.0e-04 | 0.0435 | 0.9115 | 0.8690 | 0.8762 | 0.0454 | 0.8963 | 0.8571 | 0.8395
0274 | 21:26:49 |  19.4s | 1.0e-04 | 0.0439 | 0.9114 | 0.8688 | 0.8767 | 0.0462 | 0.8999 | 0.8415 | 0.8249
0275 | 21:27:23 |   5.5s | 1.0e-04 | 0.0432 | 0.9125 | 0.8711 | 0.8810 | 0.0463 | 0.9025 | 0.8387 | 0.8234
0276 | 21:27:42 |   5.6s | 1.0e-04 | 0.0436 | 0.9129 | 0.8711 | 0.8809 | 0.0472 | 0.8910 | 0.8529 | 0.8248
0277 | 21:28:01 |   5.7s | 1.0e-04 | 0.0437 | 0.9115 | 0.8702 | 0.8780 | 0.0464 | 0.8910 | 0.8608 | 0.8373
0278 | 21:28:21 |  20.1s | 1.0e-04 | 0.0425 | 0.9131 | 0.8717 | 0.8812 | 0.0463 | 0.8910 | 0.8493 | 0.8225
0279 | 21:28:52 |   5.5s | 1.0e-04 | 0.0420 | 0.9125 | 0.8698 | 0.8789 | 0.0467 | 0.8873 | 0.8526 | 0.8182
0280 | 21:29:11 |   6.6s | 1.0e-04 | 0.0423 | 0.9126 | 0.8710 | 0.8802 | 0.0466 | 0.9008 | 0.8396 | 0.8230
0281 | 21:29:31 |   6.3s | 1.0e-04 | 0.0423 | 0.9119 | 0.8699 | 0.8780 | 0.0460 | 0.8953 | 0.8530 | 0.8334
0282 | 21:29:50 |  20.0s | 1.0e-04 | 0.0426 | 0.9127 | 0.8711 | 0.8799 | 0.0460 | 0.9023 | 0.8471 | 0.8293
0283 | 21:30:22 |   5.2s | 1.0e-04 | 0.0426 | 0.9137 | 0.8730 | 0.8836 | 0.0454 | 0.9039 | 0.8430 | 0.8329
0284 | 21:30:40 |   6.9s | 1.0e-04 | 0.0427 | 0.9125 | 0.8729 | 0.8818 | 0.0468 | 0.8922 | 0.8509 | 0.8251
0285 | 21:31:02 |   8.2s | 1.0e-04 | 0.0427 | 0.9143 | 0.8720 | 0.8826 | 0.0462 | 0.9004 | 0.8433 | 0.8284
0286 | 21:31:24 |  16.4s | 1.0e-04 | 0.0439 | 0.9133 | 0.8720 | 0.8817 | 0.0461 | 0.8950 | 0.8504 | 0.8273
0287 | 21:31:53 |   5.3s | 1.0e-04 | 0.0437 | 0.9139 | 0.8723 | 0.8832 | 0.0456 | 0.9030 | 0.8351 | 0.8186
0288 | 21:32:10 |   6.4s | 1.0e-04 | 0.0442 | 0.9122 | 0.8713 | 0.8804 | 0.0458 | 0.8825 | 0.8597 | 0.8227
0289 | 21:32:30 |   5.5s | 1.0e-04 | 0.0440 | 0.9122 | 0.8728 | 0.8827 | 0.0466 | 0.8886 | 0.8553 | 0.8229
0290 | 21:32:49 |  22.5s | 1.0e-04 | 0.0441 | 0.9134 | 0.8747 | 0.8870 | 0.0452 | 0.8886 | 0.8594 | 0.8304
0291 | 21:33:26 |   9.0s | 1.0e-04 | 0.0444 | 0.9132 | 0.8743 | 0.8848 | 0.0449 | 0.9010 | 0.8497 | 0.8346
0292 | 21:33:49 |   6.5s | 1.0e-04 | 0.0446 | 0.9130 | 0.8732 | 0.8840 | 0.0460 | 0.8983 | 0.8559 | 0.8405
0293 | 21:34:08 |  19.9s | 1.0e-04 | 0.0444 | 0.9129 | 0.8737 | 0.8847 | 0.0454 | 0.8919 | 0.8613 | 0.8392
0294 | 21:34:40 |   5.4s | 1.0e-04 | 0.0438 | 0.9115 | 0.8706 | 0.8782 | 0.0454 | 0.8898 | 0.8571 | 0.8278
0295 | 21:34:57 |   5.4s | 1.0e-04 | 0.0438 | 0.9123 | 0.8711 | 0.8802 | 0.0446 | 0.9038 | 0.8459 | 0.8359
0296 | 21:35:16 |   5.4s | 1.0e-04 | 0.0434 | 0.9127 | 0.8719 | 0.8820 | 0.0444 | 0.8946 | 0.8555 | 0.8351
0297 | 21:35:33 |  21.7s | 1.0e-04 | 0.0437 | 0.9127 | 0.8722 | 0.8817 | 0.0460 | 0.8917 | 0.8575 | 0.8292
0298 | 21:36:08 |   6.5s | 1.0e-04 | 0.0450 | 0.9154 | 0.8785 | 0.8935 | 0.0460 | 0.8869 | 0.8679 | 0.8389
0299 | 21:36:27 |   5.8s | 1.0e-04 | 0.0451 | 0.9136 | 0.8777 | 0.8904 | 0.0458 | 0.8959 | 0.8552 | 0.8360
0300 | 21:36:45 |   5.4s | 1.0e-04 | 0.0451 | 0.9143 | 0.8783 | 0.8919 | 0.0458 | 0.9082 | 0.8477 | 0.8445
0301 | 21:37:02 |  22.1s | 1.0e-04 | 0.0442 | 0.9132 | 0.8758 | 0.8875 | 0.0456 | 0.8907 | 0.8582 | 0.8320
0302 | 21:37:36 |   5.4s | 1.0e-04 | 0.0422 | 0.9135 | 0.8724 | 0.8828 | 0.0454 | 0.8953 | 0.8563 | 0.8356
0303 | 21:37:54 |   5.5s | 1.0e-04 | 0.0420 | 0.9125 | 0.8715 | 0.8814 | 0.0463 | 0.8875 | 0.8550 | 0.8211
0304 | 21:38:12 |   5.2s | 1.0e-04 | 0.0419 | 0.9128 | 0.8722 | 0.8820 | 0.0458 | 0.8951 | 0.8468 | 0.8232
0305 | 21:38:31 |  16.8s | 1.0e-04 | 0.0420 | 0.9137 | 0.8716 | 0.8815 | 0.0474 | 0.8800 | 0.8648 | 0.8250
0306 | 21:39:01 |   6.4s | 1.0e-04 | 0.0414 | 0.9162 | 0.8762 | 0.8908 | 0.0454 | 0.8910 | 0.8560 | 0.8326
0307 | 21:39:20 |   6.2s | 1.0e-04 | 0.0416 | 0.9151 | 0.8752 | 0.8884 | 0.0451 | 0.9065 | 0.8463 | 0.8397
0308 | 21:39:39 |   5.6s | 1.0e-04 | 0.0413 | 0.9162 | 0.8765 | 0.8912 | 0.0460 | 0.8908 | 0.8548 | 0.8278
0309 | 21:39:57 |  19.5s | 1.0e-04 | 0.0419 | 0.9144 | 0.8747 | 0.8861 | 0.0461 | 0.8913 | 0.8590 | 0.8329
0310 | 21:40:29 |   5.7s | 1.0e-04 | 0.0418 | 0.9147 | 0.8753 | 0.8879 | 0.0465 | 0.8833 | 0.8649 | 0.8296
0311 | 21:40:46 |   6.1s | 1.0e-04 | 0.0419 | 0.9147 | 0.8762 | 0.8893 | 0.0460 | 0.9046 | 0.8455 | 0.8342
0312 | 21:41:05 |   5.7s | 1.0e-04 | 0.0420 | 0.9138 | 0.8745 | 0.8866 | 0.0466 | 0.8950 | 0.8464 | 0.8220
0313 | 21:41:23 |  23.2s | 1.0e-04 | 0.0426 | 0.9139 | 0.8753 | 0.8869 | 0.0460 | 0.8864 | 0.8622 | 0.8312
0314 | 21:41:58 |   6.4s | 1.0e-04 | 0.0425 | 0.9136 | 0.8746 | 0.8862 | 0.0446 | 0.8939 | 0.8593 | 0.8371
0315 | 21:42:16 |   5.4s | 1.0e-04 | 0.0426 | 0.9147 | 0.8739 | 0.8852 | 0.0455 | 0.8930 | 0.8554 | 0.8307
0316 | 21:42:35 |   7.3s | 1.0e-04 | 0.0426 | 0.9138 | 0.8745 | 0.8863 | 0.0449 | 0.8896 | 0.8525 | 0.8206
0317 | 21:42:57 |  21.1s | 1.0e-04 | 0.0425 | 0.9129 | 0.8722 | 0.8820 | 0.0446 | 0.8981 | 0.8564 | 0.8358
0318 | 21:43:31 |   6.5s | 1.0e-04 | 0.0423 | 0.9135 | 0.8722 | 0.8827 | 0.0445 | 0.9048 | 0.8533 | 0.8424
0319 | 21:43:48 |   5.8s | 1.0e-04 | 0.0425 | 0.9125 | 0.8714 | 0.8801 | 0.0454 | 0.8897 | 0.8655 | 0.8423
0320 | 21:44:07 |   5.5s | 1.0e-04 | 0.0422 | 0.9138 | 0.8735 | 0.8842 | 0.0446 | 0.9026 | 0.8538 | 0.8444
0321 | 21:44:26 |  20.2s | 1.0e-04 | 0.0423 | 0.9136 | 0.8734 | 0.8847 | 0.0457 | 0.8937 | 0.8563 | 0.8360
0322 | 21:44:59 |   8.1s | 1.0e-04 | 0.0417 | 0.9143 | 0.8760 | 0.8886 | 0.0457 | 0.8916 | 0.8511 | 0.8235
0323 | 21:45:21 |   7.3s | 1.0e-04 | 0.0415 | 0.9156 | 0.8762 | 0.8898 | 0.0464 | 0.9039 | 0.8467 | 0.8358
0324 | 21:45:39 |   6.0s | 1.0e-04 | 0.0416 | 0.9147 | 0.8759 | 0.8893 | 0.0448 | 0.8988 | 0.8642 | 0.8504
0325 | 21:45:58 |  21.7s | 1.0e-04 | 0.0419 | 0.9147 | 0.8771 | 0.8912 | 0.0447 | 0.8990 | 0.8513 | 0.8345
0326 | 21:46:32 |   5.5s | 1.0e-04 | 0.0423 | 0.9140 | 0.8766 | 0.8891 | 0.0453 | 0.8991 | 0.8456 | 0.8259
0327 | 21:46:52 |   5.3s | 1.0e-04 | 0.0421 | 0.9151 | 0.8782 | 0.8918 | 0.0446 | 0.9094 | 0.8433 | 0.8388
0328 | 21:47:10 |   5.4s | 1.0e-04 | 0.0424 | 0.9152 | 0.8759 | 0.8888 | 0.0450 | 0.8862 | 0.8639 | 0.8358
0329 | 21:47:29 |  23.4s | 1.0e-04 | 0.0426 | 0.9135 | 0.8759 | 0.8884 | 0.0447 | 0.9029 | 0.8483 | 0.8351
0330 | 21:48:06 |   8.6s | 1.0e-04 | 0.0426 | 0.9143 | 0.8737 | 0.8860 | 0.0449 | 0.8963 | 0.8577 | 0.8376
0331 | 21:48:29 |   8.6s | 1.0e-04 | 0.0425 | 0.9127 | 0.8748 | 0.8858 | 0.0448 | 0.9040 | 0.8546 | 0.8461
0332 | 21:48:51 |   7.3s | 1.0e-04 | 0.0425 | 0.9142 | 0.8735 | 0.8849 | 0.0458 | 0.8941 | 0.8588 | 0.8360
0333 | 21:49:11 |   8.5s | 1.0e-04 | 0.0421 | 0.9130 | 0.8740 | 0.8851 | 0.0446 | 0.8963 | 0.8555 | 0.8345
0334 | 21:49:32 |   5.8s | 1.0e-04 | 0.0420 | 0.9137 | 0.8730 | 0.8844 | 0.0450 | 0.8959 | 0.8575 | 0.8402
0335 | 21:49:50 |   5.4s | 1.0e-04 | 0.0422 | 0.9139 | 0.8722 | 0.8832 | 0.0449 | 0.9019 | 0.8608 | 0.8555
0336 | 21:50:08 |  17.7s | 1.0e-04 | 0.0421 | 0.9140 | 0.8747 | 0.8858 | 0.0448 | 0.9045 | 0.8487 | 0.8414
0337 | 21:50:39 |   5.6s | 1.0e-04 | 0.0428 | 0.9161 | 0.8807 | 0.8961 | 0.0448 | 0.9015 | 0.8525 | 0.8398
0338 | 21:50:58 |   7.6s | 1.0e-04 | 0.0428 | 0.9164 | 0.8806 | 0.8963 | 0.0448 | 0.8944 | 0.8586 | 0.8342
0339 | 21:51:20 |   9.1s | 1.0e-04 | 0.0431 | 0.9165 | 0.8800 | 0.8959 | 0.0446 | 0.9010 | 0.8547 | 0.8413
0340 | 21:51:44 |  22.4s | 1.0e-04 | 0.0431 | 0.9150 | 0.8785 | 0.8927 | 0.0456 | 0.8764 | 0.8787 | 0.8437
0341 | 21:52:18 |   5.6s | 1.0e-04 | 0.0437 | 0.9141 | 0.8778 | 0.8905 | 0.0443 | 0.9012 | 0.8527 | 0.8397
0342 | 21:52:35 |   6.2s | 1.0e-04 | 0.0441 | 0.9134 | 0.8772 | 0.8890 | 0.0443 | 0.9008 | 0.8585 | 0.8461
0343 | 21:52:54 |   5.2s | 1.0e-04 | 0.0439 | 0.9146 | 0.8764 | 0.8896 | 0.0450 | 0.8711 | 0.8753 | 0.8329
0344 | 21:53:12 |  19.9s | 1.0e-04 | 0.0426 | 0.9143 | 0.8774 | 0.8904 | 0.0453 | 0.9052 | 0.8559 | 0.8497
0345 | 21:53:46 |   8.2s | 1.0e-04 | 0.0408 | 0.9160 | 0.8741 | 0.8866 | 0.0447 | 0.8987 | 0.8624 | 0.8495
0346 | 21:54:08 |   6.3s | 1.0e-04 | 0.0404 | 0.9156 | 0.8755 | 0.8882 | 0.0445 | 0.9085 | 0.8517 | 0.8500
0347 | 21:54:25 |   5.4s | 1.0e-04 | 0.0403 | 0.9157 | 0.8744 | 0.8864 | 0.0445 | 0.8895 | 0.8663 | 0.8413
0348 | 21:54:43 |  18.1s | 1.0e-04 | 0.0408 | 0.9159 | 0.8761 | 0.8892 | 0.0452 | 0.8885 | 0.8714 | 0.8458
0349 | 21:55:15 |   5.6s | 1.0e-04 | 0.0417 | 0.9167 | 0.8794 | 0.8956 | 0.0449 | 0.8962 | 0.8648 | 0.8481
0350 | 21:55:34 |   5.4s | 1.0e-04 | 0.0416 | 0.9171 | 0.8799 | 0.8963 | 0.0450 | 0.8908 | 0.8665 | 0.8432
0351 | 21:55:52 |   6.7s | 1.0e-04 | 0.0416 | 0.9170 | 0.8804 | 0.8957 | 0.0446 | 0.8983 | 0.8558 | 0.8419
0352 | 21:56:11 |  19.7s | 1.0e-04 | 0.0419 | 0.9165 | 0.8804 | 0.8956 | 0.0452 | 0.9107 | 0.8470 | 0.8471
0353 | 21:56:43 |   5.4s | 1.0e-04 | 0.0420 | 0.9156 | 0.8788 | 0.8933 | 0.0446 | 0.8961 | 0.8429 | 0.8167
0354 | 21:57:00 |   5.4s | 1.0e-04 | 0.0422 | 0.9156 | 0.8779 | 0.8925 | 0.0441 | 0.8973 | 0.8579 | 0.8423
0355 | 21:57:18 |  14.7s | 1.0e-04 | 0.0420 | 0.9160 | 0.8793 | 0.8947 | 0.0450 | 0.8840 | 0.8723 | 0.8435
0356 | 21:57:44 |  17.2s | 1.0e-04 | 0.0414 | 0.9164 | 0.8790 | 0.8945 | 0.0442 | 0.8901 | 0.8563 | 0.8271
0357 | 21:58:15 |   6.9s | 1.0e-04 | 0.0408 | 0.9183 | 0.8821 | 0.9000 | 0.0455 | 0.8886 | 0.8625 | 0.8360
0358 | 21:58:36 |   5.9s | 1.0e-04 | 0.0407 | 0.9174 | 0.8809 | 0.8973 | 0.0444 | 0.9034 | 0.8454 | 0.8345
0359 | 21:58:55 |  15.8s | 1.0e-04 | 0.0424 | 0.9171 | 0.8799 | 0.8945 | 0.0445 | 0.8986 | 0.8663 | 0.8520
0360 | 21:59:26 |  25.9s | 1.0e-04 | 0.0419 | 0.9155 | 0.8797 | 0.8937 | 0.0432 | 0.8939 | 0.8664 | 0.8473
0361 | 22:00:04 |   5.5s | 1.0e-04 | 0.0423 | 0.9160 | 0.8785 | 0.8933 | 0.0448 | 0.8900 | 0.8698 | 0.8480
0362 | 22:00:22 |   5.7s | 1.0e-04 | 0.0423 | 0.9164 | 0.8773 | 0.8921 | 0.0445 | 0.9049 | 0.8566 | 0.8520
0363 | 22:00:39 |  14.2s | 1.0e-04 | 0.0420 | 0.9164 | 0.8780 | 0.8931 | 0.0448 | 0.8916 | 0.8663 | 0.8459
0364 | 22:01:06 |  25.6s | 1.0e-04 | 0.0415 | 0.9169 | 0.8793 | 0.8946 | 0.0444 | 0.8877 | 0.8659 | 0.8405
0365 | 22:01:43 |   5.8s | 1.0e-04 | 0.0416 | 0.9171 | 0.8801 | 0.8950 | 0.0447 | 0.9039 | 0.8575 | 0.8506
0366 | 22:02:00 |   6.5s | 1.0e-04 | 0.0411 | 0.9168 | 0.8784 | 0.8940 | 0.0436 | 0.9053 | 0.8542 | 0.8500
0367 | 22:02:18 |  24.8s | 1.0e-04 | 0.0415 | 0.9160 | 0.8781 | 0.8928 | 0.0441 | 0.9035 | 0.8594 | 0.8514
0368 | 22:02:57 |  18.0s | 1.0e-04 | 0.0410 | 0.9168 | 0.8761 | 0.8903 | 0.0448 | 0.8881 | 0.8670 | 0.8387
0369 | 22:03:28 |   6.9s | 1.0e-04 | 0.0410 | 0.9167 | 0.8781 | 0.8927 | 0.0436 | 0.8971 | 0.8590 | 0.8431
0370 | 22:03:46 |   6.2s | 1.0e-04 | 0.0409 | 0.9169 | 0.8767 | 0.8910 | 0.0434 | 0.8999 | 0.8647 | 0.8542
0371 | 22:04:05 |  26.8s | 1.0e-04 | 0.0403 | 0.9168 | 0.8781 | 0.8927 | 0.0437 | 0.9006 | 0.8536 | 0.8408
0372 | 22:04:44 |  16.7s | 1.0e-04 | 0.0404 | 0.9159 | 0.8778 | 0.8922 | 0.0445 | 0.9040 | 0.8571 | 0.8497
0373 | 22:05:14 |   5.8s | 1.0e-04 | 0.0405 | 0.9156 | 0.8750 | 0.8881 | 0.0447 | 0.8976 | 0.8595 | 0.8456
0374 | 22:05:32 |   5.4s | 1.0e-04 | 0.0402 | 0.9173 | 0.8776 | 0.8926 | 0.0442 | 0.9086 | 0.8390 | 0.8302
0375 | 22:05:51 |  23.8s | 1.0e-04 | 0.0405 | 0.9175 | 0.8782 | 0.8937 | 0.0443 | 0.8919 | 0.8732 | 0.8539
0376 | 22:06:29 |   7.1s | 1.0e-04 | 0.0406 | 0.9180 | 0.8825 | 0.9004 | 0.0441 | 0.8981 | 0.8539 | 0.8365
0377 | 22:06:49 |   5.9s | 1.0e-04 | 0.0401 | 0.9187 | 0.8837 | 0.9016 | 0.0449 | 0.9009 | 0.8522 | 0.8386
0378 | 22:07:06 |   6.4s | 1.0e-04 | 0.0403 | 0.9192 | 0.8830 | 0.9013 | 0.0444 | 0.8919 | 0.8603 | 0.8333
0379 | 22:07:24 |  35.1s | 1.0e-04 | 0.0399 | 0.9172 | 0.8801 | 0.8960 | 0.0436 | 0.9133 | 0.8439 | 0.8443
0380 | 22:08:14 |   8.9s | 1.0e-04 | 0.0409 | 0.9160 | 0.8753 | 0.8886 | 0.0446 | 0.9048 | 0.8632 | 0.8576
0381 | 22:08:37 |   6.0s | 1.0e-04 | 0.0409 | 0.9165 | 0.8771 | 0.8916 | 0.0442 | 0.9041 | 0.8507 | 0.8404
0382 | 22:08:55 |   6.8s | 1.0e-04 | 0.0405 | 0.9168 | 0.8763 | 0.8914 | 0.0429 | 0.8985 | 0.8565 | 0.8395
0383 | 22:09:16 |  27.4s | 1.0e-04 | 0.0407 | 0.9179 | 0.8788 | 0.8958 | 0.0440 | 0.8887 | 0.8708 | 0.8466
0384 | 22:09:58 |   9.2s | 1.0e-04 | 0.0412 | 0.9178 | 0.8809 | 0.8983 | 0.0435 | 0.9053 | 0.8500 | 0.8434
0385 | 22:10:22 |   6.2s | 1.0e-04 | 0.0409 | 0.9173 | 0.8812 | 0.8971 | 0.0447 | 0.8833 | 0.8698 | 0.8370
0386 | 22:10:39 |  13.4s | 1.0e-04 | 0.0409 | 0.9184 | 0.8822 | 0.8997 | 0.0437 | 0.9029 | 0.8574 | 0.8471
0387 | 22:11:07 |  26.9s | 1.0e-04 | 0.0408 | 0.9187 | 0.8825 | 0.8996 | 0.0441 | 0.8996 | 0.8536 | 0.8341
0388 | 22:11:48 |   6.8s | 1.0e-04 | 0.0401 | 0.9184 | 0.8818 | 0.8993 | 0.0441 | 0.8990 | 0.8636 | 0.8434
0389 | 22:12:07 |   5.8s | 1.0e-04 | 0.0401 | 0.9187 | 0.8812 | 0.8990 | 0.0439 | 0.8977 | 0.8611 | 0.8452
0390 | 22:12:25 |  15.0s | 1.0e-04 | 0.0402 | 0.9183 | 0.8818 | 0.8992 | 0.0436 | 0.9046 | 0.8644 | 0.8586
0391 | 22:12:54 |  26.7s | 1.0e-04 | 0.0409 | 0.9180 | 0.8807 | 0.8973 | 0.0438 | 0.8912 | 0.8717 | 0.8516
0392 | 22:13:35 |   6.0s | 1.0e-04 | 0.0411 | 0.9177 | 0.8803 | 0.8966 | 0.0430 | 0.9002 | 0.8596 | 0.8486
0393 | 22:13:54 |   6.6s | 1.0e-04 | 0.0410 | 0.9178 | 0.8815 | 0.8978 | 0.0439 | 0.8951 | 0.8688 | 0.8546
0394 | 22:14:14 |  16.1s | 1.0e-04 | 0.0411 | 0.9171 | 0.8811 | 0.8977 | 0.0442 | 0.9088 | 0.8523 | 0.8494
0395 | 22:14:43 |  25.8s | 1.0e-04 | 0.0405 | 0.9180 | 0.8779 | 0.8937 | 0.0434 | 0.8989 | 0.8621 | 0.8484
0396 | 22:15:20 |   6.2s | 1.0e-04 | 0.0395 | 0.9175 | 0.8776 | 0.8932 | 0.0439 | 0.9042 | 0.8483 | 0.8350
0397 | 22:15:40 |   5.3s | 1.0e-04 | 0.0397 | 0.9168 | 0.8774 | 0.8921 | 0.0435 | 0.9030 | 0.8614 | 0.8538
0398 | 22:15:57 |  16.2s | 1.0e-04 | 0.0398 | 0.9174 | 0.8763 | 0.8924 | 0.0443 | 0.8809 | 0.8741 | 0.8442
0399 | 22:16:27 |  26.1s | 1.0e-04 | 0.0395 | 0.9177 | 0.8789 | 0.8949 | 0.0436 | 0.9038 | 0.8529 | 0.8404
0400 | 22:17:05 |   5.7s | 1.0e-04 | 0.0398 | 0.9183 | 0.8787 | 0.8944 | 0.0432 | 0.8930 | 0.8700 | 0.8499
0401 | 22:17:25 |   5.7s | 1.0e-04 | 0.0401 | 0.9176 | 0.8783 | 0.8942 | 0.0436 | 0.8850 | 0.8640 | 0.8347
0402 | 22:17:44 |  17.6s | 1.0e-04 | 0.0394 | 0.9182 | 0.8800 | 0.8967 | 0.0440 | 0.8987 | 0.8607 | 0.8450
0403 | 22:18:16 |  23.5s | 1.0e-04 | 0.0401 | 0.9180 | 0.8812 | 0.8987 | 0.0437 | 0.9054 | 0.8534 | 0.8435
0404 | 22:18:52 |   6.7s | 1.0e-04 | 0.0402 | 0.9184 | 0.8828 | 0.9004 | 0.0445 | 0.9004 | 0.8634 | 0.8526
0405 | 22:19:10 |   5.4s | 1.0e-04 | 0.0407 | 0.9185 | 0.8826 | 0.9000 | 0.0431 | 0.8999 | 0.8523 | 0.8367
0406 | 22:19:28 |  15.3s | 1.0e-04 | 0.0406 | 0.9192 | 0.8833 | 0.9015 | 0.0438 | 0.8873 | 0.8760 | 0.8551
0407 | 22:19:58 |  16.9s | 1.0e-04 | 0.0412 | 0.9170 | 0.8794 | 0.8954 | 0.0432 | 0.9009 | 0.8593 | 0.8423
0408 | 22:20:28 |   5.7s | 1.0e-04 | 0.0412 | 0.9175 | 0.8789 | 0.8952 | 0.0436 | 0.9091 | 0.8556 | 0.8567
0409 | 22:20:47 |   5.6s | 1.0e-04 | 0.0410 | 0.9174 | 0.8785 | 0.8948 | 0.0429 | 0.9067 | 0.8530 | 0.8449
0410 | 22:21:07 |  26.6s | 1.0e-04 | 0.0408 | 0.9173 | 0.8795 | 0.8953 | 0.0438 | 0.8910 | 0.8663 | 0.8450
0411 | 22:21:45 |  16.8s | 1.0e-04 | 0.0400 | 0.9202 | 0.8833 | 0.9019 | 0.0437 | 0.9088 | 0.8492 | 0.8411
0412 | 22:22:15 |   7.3s | 1.0e-04 | 0.0396 | 0.9202 | 0.8845 | 0.9041 | 0.0443 | 0.9047 | 0.8601 | 0.8521
0413 | 22:22:36 |   7.3s | 1.0e-04 | 0.0395 | 0.9206 | 0.8859 | 0.9061 | 0.0443 | 0.9060 | 0.8481 | 0.8398
0414 | 22:22:56 |  25.0s | 1.0e-04 | 0.0392 | 0.9198 | 0.8838 | 0.9029 | 0.0436 | 0.9087 | 0.8425 | 0.8374
0415 | 22:23:33 |  18.5s | 1.0e-04 | 0.0401 | 0.9187 | 0.8801 | 0.8974 | 0.0439 | 0.9034 | 0.8599 | 0.8500
0416 | 22:24:06 |   7.1s | 1.0e-04 | 0.0396 | 0.9195 | 0.8819 | 0.9005 | 0.0440 | 0.8933 | 0.8635 | 0.8416
0417 | 22:24:27 |   7.1s | 1.0e-04 | 0.0395 | 0.9199 | 0.8827 | 0.9019 | 0.0443 | 0.9049 | 0.8572 | 0.8503
0418 | 22:24:48 |  36.8s | 1.0e-04 | 0.0400 | 0.9181 | 0.8797 | 0.8955 | 0.0432 | 0.8997 | 0.8575 | 0.8420
0419 | 22:25:37 |   5.2s | 1.0e-04 | 0.0406 | 0.9194 | 0.8830 | 0.9015 | 0.0437 | 0.8995 | 0.8650 | 0.8538
0420 | 22:25:55 |   5.5s | 1.0e-04 | 0.0406 | 0.9193 | 0.8817 | 0.9002 | 0.0432 | 0.8973 | 0.8571 | 0.8411
0421 | 22:26:12 |   5.5s | 1.0e-04 | 0.0406 | 0.9186 | 0.8824 | 0.9004 | 0.0428 | 0.9060 | 0.8575 | 0.8540
0422 | 22:26:30 |  36.7s | 1.0e-04 | 0.0400 | 0.9192 | 0.8814 | 0.8997 | 0.0434 | 0.9003 | 0.8551 | 0.8422
0423 | 22:27:20 |   7.8s | 1.0e-04 | 0.0392 | 0.9208 | 0.8830 | 0.9032 | 0.0441 | 0.9038 | 0.8594 | 0.8553
0424 | 22:27:42 |   7.6s | 1.0e-04 | 0.0393 | 0.9196 | 0.8828 | 0.9021 | 0.0432 | 0.9055 | 0.8611 | 0.8540
0425 | 22:28:02 |   7.1s | 1.0e-04 | 0.0389 | 0.9203 | 0.8834 | 0.9029 | 0.0438 | 0.8955 | 0.8683 | 0.8519
0426 | 22:28:23 |  28.2s | 1.0e-04 | 0.0400 | 0.9194 | 0.8830 | 0.9014 | 0.0438 | 0.9003 | 0.8684 | 0.8593
0427 | 22:29:03 |   5.6s | 1.0e-04 | 0.0405 | 0.9177 | 0.8805 | 0.8973 | 0.0427 | 0.9102 | 0.8451 | 0.8378
0428 | 22:29:21 |   5.4s | 1.0e-04 | 0.0410 | 0.9189 | 0.8808 | 0.8982 | 0.0429 | 0.9041 | 0.8628 | 0.8574
0429 | 22:29:38 |  15.2s | 1.0e-04 | 0.0407 | 0.9176 | 0.8791 | 0.8960 | 0.0428 | 0.8899 | 0.8690 | 0.8449
0430 | 22:30:08 |  26.0s | 1.0e-04 | 0.0410 | 0.9186 | 0.8821 | 0.8999 | 0.0429 | 0.9045 | 0.8613 | 0.8550
0431 | 22:30:47 |   5.5s | 1.0e-04 | 0.0406 | 0.9196 | 0.8843 | 0.9034 | 0.0426 | 0.9104 | 0.8541 | 0.8542
0432 | 22:31:05 |   5.6s | 1.0e-04 | 0.0407 | 0.9193 | 0.8832 | 0.9019 | 0.0431 | 0.8954 | 0.8669 | 0.8525
0433 | 22:31:24 |  15.8s | 1.0e-04 | 0.0406 | 0.9191 | 0.8827 | 0.9012 | 0.0430 | 0.9001 | 0.8647 | 0.8525
0434 | 22:31:52 |  26.7s | 1.0e-04 | 0.0405 | 0.9198 | 0.8829 | 0.9023 | 0.0430 | 0.9020 | 0.8541 | 0.8389
0435 | 22:32:32 |   6.6s | 1.0e-04 | 0.0404 | 0.9193 | 0.8825 | 0.9010 | 0.0431 | 0.9012 | 0.8628 | 0.8548
0436 | 22:32:51 |   6.0s | 1.0e-04 | 0.0403 | 0.9191 | 0.8830 | 0.9013 | 0.0427 | 0.8954 | 0.8626 | 0.8444
0437 | 22:33:08 |  14.2s | 1.0e-04 | 0.0403 | 0.9186 | 0.8817 | 0.8994 | 0.0422 | 0.9065 | 0.8717 | 0.8719
0438 | 22:33:35 |  26.5s | 1.0e-04 | 0.0393 | 0.9179 | 0.8781 | 0.8941 | 0.0428 | 0.8971 | 0.8672 | 0.8529
0439 | 22:34:16 |   8.9s | 1.0e-04 | 0.0386 | 0.9182 | 0.8773 | 0.8934 | 0.0426 | 0.8975 | 0.8700 | 0.8566
0440 | 22:34:37 |   7.2s | 1.0e-04 | 0.0386 | 0.9179 | 0.8775 | 0.8933 | 0.0432 | 0.9098 | 0.8593 | 0.8594
0441 | 22:34:55 |  19.4s | 1.0e-04 | 0.0388 | 0.9195 | 0.8783 | 0.8955 | 0.0421 | 0.9010 | 0.8630 | 0.8520
0442 | 22:35:29 |  25.4s | 1.0e-04 | 0.0395 | 0.9191 | 0.8801 | 0.8980 | 0.0437 | 0.9105 | 0.8605 | 0.8628
0443 | 22:36:08 |   8.9s | 1.0e-04 | 0.0397 | 0.9197 | 0.8818 | 0.9009 | 0.0437 | 0.9083 | 0.8538 | 0.8507
0444 | 22:36:31 |   8.0s | 1.0e-04 | 0.0397 | 0.9198 | 0.8821 | 0.9002 | 0.0418 | 0.8975 | 0.8717 | 0.8594
0445 | 22:36:50 |  17.0s | 1.0e-04 | 0.0395 | 0.9203 | 0.8822 | 0.9012 | 0.0424 | 0.9007 | 0.8720 | 0.8624
0446 | 22:37:21 |  25.6s | 1.0e-04 | 0.0401 | 0.9200 | 0.8839 | 0.9037 | 0.0430 | 0.9016 | 0.8672 | 0.8571
0447 | 22:38:00 |   5.4s | 1.0e-04 | 0.0404 | 0.9195 | 0.8841 | 0.9035 | 0.0428 | 0.8917 | 0.8745 | 0.8566
0448 | 22:38:18 |   5.6s | 1.0e-04 | 0.0403 | 0.9190 | 0.8842 | 0.9023 | 0.0429 | 0.9125 | 0.8518 | 0.8558
0449 | 22:38:37 |  26.7s | 1.0e-04 | 0.0403 | 0.9203 | 0.8845 | 0.9039 | 0.0431 | 0.9016 | 0.8692 | 0.8636
0450 | 22:39:17 |  18.2s | 1.0e-04 | 0.0395 | 0.9206 | 0.8826 | 0.9023 | 0.0439 | 0.8898 | 0.8718 | 0.8518
0451 | 22:39:49 |   7.6s | 1.0e-04 | 0.0393 | 0.9199 | 0.8847 | 0.9045 | 0.0430 | 0.9078 | 0.8599 | 0.8586
0452 | 22:40:08 |   5.3s | 1.0e-04 | 0.0390 | 0.9218 | 0.8842 | 0.9056 | 0.0439 | 0.9048 | 0.8598 | 0.8556
0453 | 22:40:25 |  26.6s | 1.0e-04 | 0.0391 | 0.9198 | 0.8832 | 0.9018 | 0.0426 | 0.9049 | 0.8650 | 0.8612
0454 | 22:41:05 |  16.4s | 1.0e-04 | 0.0399 | 0.9204 | 0.8850 | 0.9051 | 0.0415 | 0.9112 | 0.8608 | 0.8667
0455 | 22:41:35 |   5.2s | 1.0e-04 | 0.0403 | 0.9206 | 0.8836 | 0.9043 | 0.0420 | 0.8989 | 0.8671 | 0.8542
0456 | 22:41:53 |   7.2s | 1.0e-04 | 0.0403 | 0.9200 | 0.8844 | 0.9033 | 0.0427 | 0.9042 | 0.8642 | 0.8579
0457 | 22:42:15 |  16.7s | 1.0e-04 | 0.0397 | 0.9194 | 0.8834 | 0.9026 | 0.0441 | 0.9108 | 0.8585 | 0.8640
0458 | 22:42:45 |   5.5s | 1.0e-04 | 0.0388 | 0.9193 | 0.8806 | 0.8987 | 0.0426 | 0.9081 | 0.8578 | 0.8556
0459 | 22:43:02 |   5.6s | 1.0e-04 | 0.0392 | 0.9184 | 0.8795 | 0.8961 | 0.0432 | 0.8985 | 0.8620 | 0.8483
0460 | 22:43:19 |  16.3s | 1.0e-04 | 0.0391 | 0.9186 | 0.8792 | 0.8960 | 0.0442 | 0.9094 | 0.8593 | 0.8589
0461 | 22:43:48 |  26.7s | 1.0e-04 | 0.0386 | 0.9199 | 0.8799 | 0.8988 | 0.0423 | 0.9112 | 0.8541 | 0.8556
0462 | 22:44:27 |   6.1s | 1.0e-04 | 0.0390 | 0.9206 | 0.8836 | 0.9038 | 0.0420 | 0.8952 | 0.8617 | 0.8432
0463 | 22:44:45 |   5.2s | 1.0e-04 | 0.0392 | 0.9210 | 0.8832 | 0.9030 | 0.0427 | 0.9037 | 0.8560 | 0.8465
0464 | 22:45:02 |  16.6s | 1.0e-04 | 0.0390 | 0.9212 | 0.8840 | 0.9052 | 0.0435 | 0.9145 | 0.8576 | 0.8680
0465 | 22:45:30 |  25.5s | 1.0e-04 | 0.0401 | 0.9201 | 0.8840 | 0.9033 | 0.0441 | 0.8915 | 0.8799 | 0.8638
0466 | 22:46:07 |   5.8s | 1.0e-04 | 0.0399 | 0.9203 | 0.8849 | 0.9051 | 0.0425 | 0.8984 | 0.8646 | 0.8523
0467 | 22:46:25 |   5.4s | 1.0e-04 | 0.0400 | 0.9201 | 0.8849 | 0.9046 | 0.0425 | 0.8921 | 0.8681 | 0.8473
0468 | 22:46:42 |  16.7s | 1.0e-04 | 0.0397 | 0.9207 | 0.8852 | 0.9058 | 0.0423 | 0.8983 | 0.8562 | 0.8419
0469 | 22:47:13 |  27.0s | 1.0e-04 | 0.0403 | 0.9194 | 0.8844 | 0.9034 | 0.0416 | 0.9052 | 0.8576 | 0.8546
0470 | 22:47:55 |   6.4s | 1.0e-04 | 0.0413 | 0.9189 | 0.8834 | 0.9016 | 0.0417 | 0.8908 | 0.8723 | 0.8523
0471 | 22:48:13 |   5.8s | 1.0e-04 | 0.0412 | 0.9184 | 0.8814 | 0.8987 | 0.0416 | 0.9077 | 0.8627 | 0.8623
0472 | 22:48:30 |  14.3s | 1.0e-04 | 0.0411 | 0.9195 | 0.8839 | 0.9025 | 0.0428 | 0.9057 | 0.8636 | 0.8607
0473 | 22:48:58 |  26.4s | 1.0e-04 | 0.0400 | 0.9200 | 0.8836 | 0.9026 | 0.0424 | 0.9134 | 0.8558 | 0.8619
0474 | 22:49:37 |   5.5s | 1.0e-04 | 0.0391 | 0.9204 | 0.8834 | 0.9033 | 0.0422 | 0.9002 | 0.8652 | 0.8563
0475 | 22:49:56 |   6.3s | 1.0e-04 | 0.0393 | 0.9202 | 0.8824 | 0.9017 | 0.0429 | 0.9075 | 0.8614 | 0.8590
0476 | 22:50:16 |  16.7s | 1.0e-04 | 0.0394 | 0.9205 | 0.8834 | 0.9038 | 0.0423 | 0.9093 | 0.8638 | 0.8668
0477 | 22:50:46 |  26.0s | 1.0e-04 | 0.0394 | 0.9198 | 0.8817 | 0.9005 | 0.0419 | 0.9052 | 0.8608 | 0.8555
0478 | 22:51:24 |   5.6s | 1.0e-04 | 0.0396 | 0.9194 | 0.8821 | 0.9008 | 0.0425 | 0.8954 | 0.8691 | 0.8540
0479 | 22:51:44 |   5.6s | 1.0e-04 | 0.0390 | 0.9206 | 0.8825 | 0.9028 | 0.0422 | 0.9067 | 0.8639 | 0.8583
0480 | 22:52:04 |  17.3s | 1.0e-04 | 0.0391 | 0.9200 | 0.8820 | 0.9008 | 0.0423 | 0.9137 | 0.8542 | 0.8576
0481 | 22:52:34 |  28.7s | 1.0e-04 | 0.0385 | 0.9220 | 0.8837 | 0.9051 | 0.0419 | 0.8984 | 0.8686 | 0.8559
0482 | 22:53:16 |   6.2s | 1.0e-04 | 0.0387 | 0.9207 | 0.8843 | 0.9043 | 0.0419 | 0.9113 | 0.8639 | 0.8705
0483 | 22:53:35 |   6.0s | 1.0e-04 | 0.0387 | 0.9203 | 0.8823 | 0.9014 | 0.0423 | 0.9118 | 0.8619 | 0.8665
0484 | 22:53:53 |  15.7s | 1.0e-04 | 0.0395 | 0.9200 | 0.8830 | 0.9021 | 0.0420 | 0.9007 | 0.8692 | 0.8599
0485 | 22:54:23 |  29.1s | 1.0e-04 | 0.0396 | 0.9212 | 0.8851 | 0.9061 | 0.0421 | 0.9006 | 0.8675 | 0.8558
0486 | 22:55:07 |   7.5s | 1.0e-04 | 0.0396 | 0.9210 | 0.8844 | 0.9051 | 0.0420 | 0.8971 | 0.8716 | 0.8605
0487 | 22:55:28 |   7.6s | 1.0e-04 | 0.0397 | 0.9204 | 0.8838 | 0.9042 | 0.0421 | 0.9029 | 0.8658 | 0.8579
0488 | 22:55:50 |  15.6s | 1.0e-04 | 0.0397 | 0.9204 | 0.8846 | 0.9044 | 0.0430 | 0.8988 | 0.8668 | 0.8559
0489 | 22:56:17 |  26.8s | 1.0e-04 | 0.0388 | 0.9210 | 0.8820 | 0.9020 | 0.0430 | 0.9000 | 0.8600 | 0.8508
0490 | 22:56:56 |   5.6s | 1.0e-04 | 0.0383 | 0.9211 | 0.8844 | 0.9047 | 0.0423 | 0.9068 | 0.8586 | 0.8554
0491 | 22:57:13 |   5.6s | 1.0e-04 | 0.0385 | 0.9208 | 0.8826 | 0.9028 | 0.0422 | 0.8977 | 0.8615 | 0.8448
0492 | 22:57:31 |  24.7s | 1.0e-04 | 0.0384 | 0.9197 | 0.8807 | 0.8988 | 0.0426 | 0.9035 | 0.8674 | 0.8620
0493 | 22:58:08 |  19.0s | 1.0e-04 | 0.0391 | 0.9200 | 0.8813 | 0.8996 | 0.0419 | 0.9028 | 0.8679 | 0.8625
0494 | 22:58:41 |   6.7s | 1.0e-04 | 0.0392 | 0.9200 | 0.8815 | 0.8997 | 0.0421 | 0.9134 | 0.8612 | 0.8700
0495 | 22:58:59 |   5.9s | 1.0e-04 | 0.0394 | 0.9200 | 0.8822 | 0.9006 | 0.0413 | 0.9122 | 0.8555 | 0.8565
0496 | 22:59:17 |  25.6s | 1.0e-04 | 0.0394 | 0.9206 | 0.8846 | 0.9047 | 0.0421 | 0.9111 | 0.8611 | 0.8616
0497 | 22:59:54 |  18.6s | 1.0e-04 | 0.0407 | 0.9208 | 0.8847 | 0.9052 | 0.0413 | 0.9047 | 0.8669 | 0.8648
0498 | 23:00:27 |   8.2s | 1.0e-04 | 0.0408 | 0.9205 | 0.8838 | 0.9034 | 0.0418 | 0.9139 | 0.8594 | 0.8659
0499 | 23:00:50 |  17.0s | 1.0e-04 | 0.0406 | 0.9208 | 0.8834 | 0.9033 | 0.0417 | 0.8937 | 0.8698 | 0.8548
0500 | 23:01:18 |  18.1s | 1.0e-04 | 0.0399 | 0.9210 | 0.8869 | 0.9080 | 0.0423 | 0.9125 | 0.8496 | 0.8527
0501 | 23:01:52 |   9.1s | 1.0e-04 | 0.0371 | 0.9234 | 0.8867 | 0.9100 | 0.0423 | 0.9118 | 0.8516 | 0.8504
0502 | 23:02:15 |   9.2s | 1.0e-04 | 0.0374 | 0.9236 | 0.8874 | 0.9107 | 0.0422 | 0.9011 | 0.8690 | 0.8600
0503 | 23:02:39 |  17.8s | 1.0e-04 | 0.0371 | 0.9235 | 0.8875 | 0.9104 | 0.0437 | 0.8967 | 0.8671 | 0.8525
0504 | 23:03:08 |  28.8s | 1.0e-04 | 0.0379 | 0.9228 | 0.8871 | 0.9096 | 0.0425 | 0.8998 | 0.8607 | 0.8457
0505 | 23:03:50 |   5.7s | 1.0e-04 | 0.0388 | 0.9237 | 0.8885 | 0.9126 | 0.0429 | 0.9021 | 0.8656 | 0.8581
0506 | 23:04:09 |   5.5s | 1.0e-04 | 0.0384 | 0.9252 | 0.8891 | 0.9139 | 0.0423 | 0.9050 | 0.8628 | 0.8564
0507 | 23:04:27 |  14.8s | 1.0e-04 | 0.0385 | 0.9237 | 0.8901 | 0.9143 | 0.0432 | 0.9073 | 0.8593 | 0.8584
0508 | 23:04:53 |  26.7s | 1.0e-04 | 0.0394 | 0.9232 | 0.8895 | 0.9131 | 0.0418 | 0.9139 | 0.8520 | 0.8614
0509 | 23:05:32 |   5.9s | 1.0e-04 | 0.0403 | 0.9209 | 0.8860 | 0.9067 | 0.0416 | 0.9109 | 0.8653 | 0.8720
0510 | 23:05:50 |   5.0s | 1.0e-04 | 0.0404 | 0.9207 | 0.8853 | 0.9063 | 0.0420 | 0.9032 | 0.8717 | 0.8671
0511 | 23:06:07 |  15.1s | 1.0e-04 | 0.0396 | 0.9219 | 0.8874 | 0.9092 | 0.0418 | 0.9001 | 0.8684 | 0.8576
0512 | 23:06:35 |  26.5s | 1.0e-04 | 0.0391 | 0.9214 | 0.8844 | 0.9053 | 0.0428 | 0.9144 | 0.8526 | 0.8617
0513 | 23:07:16 |   8.3s | 1.0e-04 | 0.0391 | 0.9217 | 0.8853 | 0.9064 | 0.0428 | 0.9048 | 0.8654 | 0.8624
0514 | 23:07:38 |   7.9s | 1.0e-04 | 0.0388 | 0.9221 | 0.8856 | 0.9072 | 0.0421 | 0.9051 | 0.8677 | 0.8643
0515 | 23:07:57 |  13.8s | 1.0e-04 | 0.0389 | 0.9213 | 0.8848 | 0.9059 | 0.0415 | 0.9108 | 0.8636 | 0.8673
0516 | 23:08:24 |  25.1s | 1.0e-04 | 0.0390 | 0.9217 | 0.8858 | 0.9077 | 0.0423 | 0.8914 | 0.8686 | 0.8505
0517 | 23:09:02 |   5.4s | 1.0e-04 | 0.0383 | 0.9221 | 0.8873 | 0.9094 | 0.0411 | 0.9067 | 0.8632 | 0.8586
0518 | 23:09:20 |   5.6s | 1.0e-04 | 0.0385 | 0.9223 | 0.8868 | 0.9091 | 0.0426 | 0.9074 | 0.8590 | 0.8562
0519 | 23:09:40 |  15.9s | 1.0e-04 | 0.0379 | 0.9232 | 0.8873 | 0.9105 | 0.0419 | 0.9063 | 0.8678 | 0.8659
0520 | 23:10:10 |  27.7s | 1.0e-04 | 0.0380 | 0.9223 | 0.8860 | 0.9078 | 0.0418 | 0.8988 | 0.8661 | 0.8548
0521 | 23:10:49 |   6.4s | 1.0e-04 | 0.0383 | 0.9209 | 0.8836 | 0.9039 | 0.0417 | 0.9106 | 0.8576 | 0.8596
0522 | 23:11:09 |   5.3s | 1.0e-04 | 0.0379 | 0.9221 | 0.8845 | 0.9066 | 0.0421 | 0.9071 | 0.8689 | 0.8681
0523 | 23:11:26 |  16.9s | 1.0e-04 | 0.0380 | 0.9219 | 0.8855 | 0.9074 | 0.0417 | 0.9072 | 0.8583 | 0.8573
0524 | 23:11:57 |  25.5s | 1.0e-04 | 0.0381 | 0.9229 | 0.8860 | 0.9084 | 0.0436 | 0.9067 | 0.8526 | 0.8480
0525 | 23:12:34 |   5.7s | 1.0e-04 | 0.0389 | 0.9223 | 0.8871 | 0.9098 | 0.0423 | 0.8994 | 0.8642 | 0.8529
0526 | 23:12:53 |   7.2s | 1.0e-04 | 0.0387 | 0.9227 | 0.8877 | 0.9097 | 0.0418 | 0.9084 | 0.8588 | 0.8551
0527 | 23:13:12 |  14.4s | 1.0e-04 | 0.0386 | 0.9223 | 0.8866 | 0.9088 | 0.0422 | 0.9049 | 0.8618 | 0.8544
0528 | 23:13:41 |  25.6s | 1.0e-04 | 0.0389 | 0.9228 | 0.8869 | 0.9095 | 0.0418 | 0.9076 | 0.8617 | 0.8597
0529 | 23:14:18 |   6.1s | 1.0e-04 | 0.0386 | 0.9231 | 0.8894 | 0.9126 | 0.0420 | 0.8954 | 0.8738 | 0.8614
0530 | 23:14:38 |   8.4s | 1.0e-04 | 0.0386 | 0.9233 | 0.8894 | 0.9134 | 0.0418 | 0.9042 | 0.8719 | 0.8676
0531 | 23:14:58 |  16.0s | 1.0e-04 | 0.0396 | 0.9225 | 0.8884 | 0.9111 | 0.0423 | 0.8921 | 0.8699 | 0.8479
0532 | 23:15:28 |  16.5s | 1.0e-04 | 0.0394 | 0.9206 | 0.8846 | 0.9045 | 0.0435 | 0.9059 | 0.8566 | 0.8521
0533 | 23:15:55 |   5.5s | 1.0e-04 | 0.0390 | 0.9202 | 0.8851 | 0.9048 | 0.0419 | 0.9012 | 0.8766 | 0.8707
0534 | 23:16:13 |   5.7s | 1.0e-04 | 0.0387 | 0.9206 | 0.8848 | 0.9053 | 0.0416 | 0.9058 | 0.8519 | 0.8449
0535 | 23:16:31 |  25.4s | 1.0e-04 | 0.0377 | 0.9211 | 0.8843 | 0.9049 | 0.0432 | 0.9120 | 0.8573 | 0.8648
0536 | 23:17:09 |  15.7s | 1.0e-04 | 0.0387 | 0.9207 | 0.8822 | 0.9021 | 0.0420 | 0.9033 | 0.8609 | 0.8518
0537 | 23:17:36 |   5.5s | 1.0e-04 | 0.0390 | 0.9206 | 0.8823 | 0.9027 | 0.0413 | 0.9072 | 0.8576 | 0.8557
0538 | 23:17:54 |   6.4s | 1.0e-04 | 0.0390 | 0.9194 | 0.8803 | 0.8988 | 0.0418 | 0.9120 | 0.8572 | 0.8601
0539 | 23:18:13 |  25.6s | 1.0e-04 | 0.0387 | 0.9203 | 0.8804 | 0.8997 | 0.0417 | 0.9033 | 0.8691 | 0.8624
0540 | 23:18:51 |  16.9s | 1.0e-04 | 0.0392 | 0.9198 | 0.8818 | 0.9017 | 0.0423 | 0.9084 | 0.8651 | 0.8658
0541 | 23:19:19 |   7.7s | 1.0e-04 | 0.0394 | 0.9197 | 0.8810 | 0.8994 | 0.0409 | 0.9060 | 0.8648 | 0.8611
0542 | 23:19:42 |  18.1s | 1.0e-04 | 0.0390 | 0.9203 | 0.8839 | 0.9035 | 0.0412 | 0.9136 | 0.8668 | 0.8746
0543 | 23:20:12 |  27.0s | 1.0e-04 | 0.0393 | 0.9204 | 0.8828 | 0.9022 | 0.0416 | 0.9189 | 0.8473 | 0.8577
0544 | 23:20:50 |   5.5s | 1.0e-04 | 0.0375 | 0.9225 | 0.8848 | 0.9069 | 0.0413 | 0.9066 | 0.8646 | 0.8631
0545 | 23:21:08 |   5.8s | 1.0e-04 | 0.0373 | 0.9214 | 0.8861 | 0.9076 | 0.0429 | 0.8992 | 0.8695 | 0.8587
0546 | 23:21:26 |  15.3s | 1.0e-04 | 0.0375 | 0.9222 | 0.8854 | 0.9071 | 0.0426 | 0.8879 | 0.8803 | 0.8613
0547 | 23:21:56 |  29.5s | 1.0e-04 | 0.0375 | 0.9239 | 0.8884 | 0.9120 | 0.0426 | 0.9038 | 0.8645 | 0.8568
0548 | 23:22:37 |   5.4s | 1.0e-04 | 0.0379 | 0.9247 | 0.8919 | 0.9170 | 0.0425 | 0.8990 | 0.8713 | 0.8629
0549 | 23:22:54 |   5.2s | 1.0e-04 | 0.0374 | 0.9254 | 0.8931 | 0.9188 | 0.0427 | 0.9065 | 0.8599 | 0.8581
0550 | 23:23:12 |  15.4s | 1.0e-04 | 0.0377 | 0.9254 | 0.8923 | 0.9182 | 0.0430 | 0.9038 | 0.8685 | 0.8640
0551 | 23:23:38 |  29.2s | 1.0e-04 | 0.0374 | 0.9248 | 0.8891 | 0.9140 | 0.0422 | 0.9169 | 0.8527 | 0.8604
0552 | 23:24:21 |   8.7s | 1.0e-04 | 0.0373 | 0.9217 | 0.8833 | 0.9043 | 0.0413 | 0.9022 | 0.8696 | 0.8633
0553 | 23:24:43 |   8.4s | 1.0e-04 | 0.0373 | 0.9213 | 0.8835 | 0.9036 | 0.0418 | 0.9203 | 0.8444 | 0.8567
0554 | 23:25:05 |  15.5s | 1.0e-04 | 0.0371 | 0.9214 | 0.8815 | 0.9024 | 0.0409 | 0.9065 | 0.8728 | 0.8724
0555 | 23:25:34 |  30.0s | 1.0e-04 | 0.0380 | 0.9220 | 0.8842 | 0.9057 | 0.0424 | 0.9058 | 0.8731 | 0.8726
0556 | 23:26:16 |   5.9s | 1.0e-04 | 0.0383 | 0.9227 | 0.8883 | 0.9109 | 0.0423 | 0.9030 | 0.8637 | 0.8585
0557 | 23:26:34 |   5.2s | 1.0e-04 | 0.0381 | 0.9228 | 0.8871 | 0.9102 | 0.0420 | 0.9060 | 0.8615 | 0.8582
0558 | 23:26:52 |  15.3s | 1.0e-04 | 0.0380 | 0.9230 | 0.8863 | 0.9088 | 0.0416 | 0.9130 | 0.8539 | 0.8596
0559 | 23:27:18 |  25.1s | 1.0e-04 | 0.0383 | 0.9225 | 0.8862 | 0.9089 | 0.0418 | 0.9061 | 0.8622 | 0.8585
0560 | 23:27:56 |   5.6s | 1.0e-04 | 0.0388 | 0.9220 | 0.8865 | 0.9087 | 0.0420 | 0.8995 | 0.8671 | 0.8541
0561 | 23:28:14 |   5.5s | 1.0e-04 | 0.0386 | 0.9220 | 0.8872 | 0.9090 | 0.0421 | 0.9032 | 0.8723 | 0.8687
0562 | 23:28:31 |  15.3s | 1.0e-04 | 0.0390 | 0.9228 | 0.8877 | 0.9103 | 0.0411 | 0.9058 | 0.8656 | 0.8610
0563 | 23:29:00 |  27.8s | 1.0e-04 | 0.0398 | 0.9199 | 0.8850 | 0.9045 | 0.0402 | 0.9113 | 0.8709 | 0.8756
0564 | 23:29:42 |   8.6s | 1.0e-04 | 0.0411 | 0.9174 | 0.8799 | 0.8957 | 0.0408 | 0.9006 | 0.8694 | 0.8620
0565 | 23:30:04 |   6.3s | 1.0e-04 | 0.0411 | 0.9172 | 0.8797 | 0.8960 | 0.0412 | 0.9082 | 0.8680 | 0.8687
0566 | 23:30:22 |  17.5s | 1.0e-04 | 0.0402 | 0.9194 | 0.8833 | 0.9017 | 0.0409 | 0.9041 | 0.8662 | 0.8619
0567 | 23:30:53 |  24.5s | 1.0e-04 | 0.0389 | 0.9219 | 0.8886 | 0.9110 | 0.0418 | 0.8997 | 0.8725 | 0.8636
0568 | 23:31:30 |   5.3s | 1.0e-04 | 0.0388 | 0.9226 | 0.8877 | 0.9110 | 0.0417 | 0.9079 | 0.8616 | 0.8596
0569 | 23:31:47 |   5.3s | 1.0e-04 | 0.0383 | 0.9244 | 0.8886 | 0.9130 | 0.0412 | 0.8987 | 0.8792 | 0.8718
0570 | 23:32:03 |  16.1s | 1.0e-04 | 0.0382 | 0.9236 | 0.8897 | 0.9135 | 0.0413 | 0.9041 | 0.8608 | 0.8527
0571 | 23:32:32 |  26.6s | 1.0e-04 | 0.0388 | 0.9227 | 0.8880 | 0.9110 | 0.0417 | 0.8965 | 0.8719 | 0.8584
0572 | 23:33:11 |   5.3s | 1.0e-04 | 0.0386 | 0.9232 | 0.8880 | 0.9113 | 0.0419 | 0.9049 | 0.8684 | 0.8622
0573 | 23:33:27 |   6.3s | 1.0e-04 | 0.0381 | 0.9237 | 0.8890 | 0.9127 | 0.0420 | 0.8993 | 0.8827 | 0.8761
0574 | 23:33:45 |  22.0s | 1.0e-04 | 0.0380 | 0.9237 | 0.8871 | 0.9105 | 0.0414 | 0.9008 | 0.8719 | 0.8633
0575 | 23:34:22 |  17.3s | 1.0e-04 | 0.0366 | 0.9230 | 0.8851 | 0.9078 | 0.0419 | 0.9077 | 0.8589 | 0.8580
0576 | 23:34:51 |   5.7s | 1.0e-04 | 0.0362 | 0.9242 | 0.8851 | 0.9083 | 0.0426 | 0.8987 | 0.8763 | 0.8663
0577 | 23:35:08 |   6.4s | 1.0e-04 | 0.0364 | 0.9234 | 0.8845 | 0.9077 | 0.0418 | 0.9105 | 0.8558 | 0.8597
0578 | 23:35:26 |  27.1s | 1.0e-04 | 0.0367 | 0.9245 | 0.8892 | 0.9136 | 0.0423 | 0.9022 | 0.8713 | 0.8672
0579 | 23:36:06 |  18.0s | 1.0e-04 | 0.0368 | 0.9233 | 0.8889 | 0.9120 | 0.0415 | 0.9074 | 0.8592 | 0.8597
0580 | 23:36:38 |   5.0s | 1.0e-04 | 0.0371 | 0.9248 | 0.8882 | 0.9130 | 0.0418 | 0.9039 | 0.8698 | 0.8657
0581 | 23:36:55 |   5.3s | 1.0e-04 | 0.0369 | 0.9237 | 0.8883 | 0.9121 | 0.0421 | 0.9014 | 0.8625 | 0.8522
0582 | 23:37:13 |  14.2s | 1.0e-04 | 0.0376 | 0.9234 | 0.8851 | 0.9075 | 0.0420 | 0.9135 | 0.8599 | 0.8657
0583 | 23:37:42 |   8.7s | 1.0e-04 | 0.0381 | 0.9244 | 0.8910 | 0.9153 | 0.0410 | 0.8975 | 0.8741 | 0.8643
0584 | 23:38:05 |   8.8s | 1.0e-04 | 0.0378 | 0.9247 | 0.8892 | 0.9140 | 0.0423 | 0.9060 | 0.8716 | 0.8703
0585 | 23:38:28 |  17.0s | 1.0e-04 | 0.0382 | 0.9239 | 0.8904 | 0.9144 | 0.0424 | 0.9132 | 0.8596 | 0.8675
0586 | 23:38:57 |  25.6s | 1.0e-04 | 0.0372 | 0.9249 | 0.8914 | 0.9163 | 0.0417 | 0.9110 | 0.8612 | 0.8632
0587 | 23:39:35 |   5.6s | 1.0e-04 | 0.0370 | 0.9261 | 0.8927 | 0.9193 | 0.0416 | 0.8995 | 0.8650 | 0.8528
0588 | 23:39:52 |   5.3s | 1.0e-04 | 0.0375 | 0.9262 | 0.8934 | 0.9201 | 0.0424 | 0.9063 | 0.8611 | 0.8578
0589 | 23:40:10 |  19.1s | 1.0e-04 | 0.0374 | 0.9248 | 0.8917 | 0.9168 | 0.0425 | 0.8922 | 0.8721 | 0.8526
0590 | 23:40:42 |  25.8s | 1.0e-04 | 0.0371 | 0.9253 | 0.8897 | 0.9149 | 0.0416 | 0.9064 | 0.8603 | 0.8576
0591 | 23:41:21 |   6.4s | 1.0e-04 | 0.0369 | 0.9234 | 0.8844 | 0.9074 | 0.0418 | 0.9138 | 0.8588 | 0.8676
0592 | 23:41:39 |   6.2s | 1.0e-04 | 0.0371 | 0.9232 | 0.8849 | 0.9076 | 0.0411 | 0.9135 | 0.8575 | 0.8620
0593 | 23:41:59 |  15.2s | 1.0e-04 | 0.0371 | 0.9232 | 0.8842 | 0.9060 | 0.0427 | 0.9116 | 0.8624 | 0.8687
0594 | 23:42:27 |  26.7s | 1.0e-04 | 0.0372 | 0.9220 | 0.8817 | 0.9029 | 0.0421 | 0.9030 | 0.8690 | 0.8633
0595 | 23:43:08 |   8.4s | 1.0e-04 | 0.0374 | 0.9232 | 0.8866 | 0.9101 | 0.0410 | 0.9045 | 0.8704 | 0.8689
0596 | 23:43:29 |   5.6s | 1.0e-04 | 0.0374 | 0.9233 | 0.8861 | 0.9083 | 0.0413 | 0.9118 | 0.8552 | 0.8601
0597 | 23:43:47 |  16.6s | 1.0e-04 | 0.0380 | 0.9244 | 0.8867 | 0.9105 | 0.0409 | 0.9079 | 0.8664 | 0.8633
0598 | 23:44:18 |  26.8s | 1.0e-04 | 0.0390 | 0.9238 | 0.8902 | 0.9144 | 0.0415 | 0.9060 | 0.8665 | 0.8634
0599 | 23:44:56 |   5.3s | 1.0e-04 | 0.0388 | 0.9242 | 0.8915 | 0.9160 | 0.0415 | 0.9144 | 0.8642 | 0.8756
0600 | 23:45:14 |   6.8s | 1.0e-04 | 0.0388 | 0.9241 | 0.8902 | 0.9148 | 0.0415 | 0.9111 | 0.8652 | 0.8703
0601 | 23:45:34 |  14.3s | 1.0e-04 | 0.0385 | 0.9229 | 0.8897 | 0.9127 | 0.0417 | 0.9132 | 0.8610 | 0.8658
0602 | 23:46:02 |  27.2s | 1.0e-04 | 0.0377 | 0.9246 | 0.8898 | 0.9149 | 0.0415 | 0.9048 | 0.8753 | 0.8759
0603 | 23:46:42 |   6.1s | 1.0e-04 | 0.0370 | 0.9247 | 0.8887 | 0.9133 | 0.0412 | 0.9017 | 0.8766 | 0.8722
0604 | 23:47:02 |   7.8s | 1.0e-04 | 0.0369 | 0.9247 | 0.8899 | 0.9148 | 0.0410 | 0.9024 | 0.8640 | 0.8523
0605 | 23:47:24 |  16.4s | 1.0e-04 | 0.0369 | 0.9245 | 0.8882 | 0.9128 | 0.0409 | 0.9048 | 0.8698 | 0.8663
0606 | 23:47:53 |  23.1s | 1.0e-04 | 0.0378 | 0.9237 | 0.8863 | 0.9097 | 0.0409 | 0.9082 | 0.8551 | 0.8513
0607 | 23:48:30 |   5.1s | 1.0e-04 | 0.0381 | 0.9229 | 0.8876 | 0.9105 | 0.0409 | 0.9143 | 0.8581 | 0.8668
0608 | 23:48:48 |   5.5s | 1.0e-04 | 0.0381 | 0.9228 | 0.8875 | 0.9102 | 0.0413 | 0.9143 | 0.8652 | 0.8729
0609 | 23:49:07 |  16.6s | 1.0e-04 | 0.0381 | 0.9237 | 0.8893 | 0.9134 | 0.0407 | 0.9041 | 0.8753 | 0.8745
0610 | 23:49:35 |  28.8s | 1.0e-04 | 0.0376 | 0.9253 | 0.8928 | 0.9183 | 0.0412 | 0.9029 | 0.8643 | 0.8560
0611 | 23:50:16 |   5.4s | 1.0e-04 | 0.0376 | 0.9258 | 0.8915 | 0.9174 | 0.0418 | 0.9147 | 0.8661 | 0.8765
0612 | 23:50:34 |   5.7s | 1.0e-04 | 0.0373 | 0.9261 | 0.8923 | 0.9188 | 0.0421 | 0.9057 | 0.8650 | 0.8642
0613 | 23:50:53 |  18.3s | 1.0e-04 | 0.0383 | 0.9238 | 0.8903 | 0.9145 | 0.0419 | 0.9178 | 0.8545 | 0.8638
0614 | 23:51:24 |  26.4s | 1.0e-04 | 0.0380 | 0.9234 | 0.8882 | 0.9117 | 0.0409 | 0.9109 | 0.8662 | 0.8695
0615 | 23:52:04 |   7.4s | 1.0e-04 | 0.0377 | 0.9238 | 0.8882 | 0.9119 | 0.0409 | 0.9088 | 0.8657 | 0.8692
0616 | 23:52:25 |   7.2s | 1.0e-04 | 0.0381 | 0.9236 | 0.8875 | 0.9114 | 0.0409 | 0.9049 | 0.8726 | 0.8719
0617 | 23:52:45 |  31.9s | 1.0e-04 | 0.0375 | 0.9245 | 0.8883 | 0.9128 | 0.0407 | 0.9028 | 0.8698 | 0.8649
0618 | 23:53:28 |  15.1s | 1.0e-04 | 0.0378 | 0.9254 | 0.8904 | 0.9158 | 0.0417 | 0.9006 | 0.8751 | 0.8716
0619 | 23:53:55 |   5.7s | 1.0e-04 | 0.0378 | 0.9246 | 0.8908 | 0.9155 | 0.0414 | 0.9020 | 0.8683 | 0.8599
0620 | 23:54:13 |   5.8s | 1.0e-04 | 0.0378 | 0.9247 | 0.8882 | 0.9130 | 0.0409 | 0.9059 | 0.8616 | 0.8576
0621 | 23:54:30 |  33.7s | 1.0e-04 | 0.0385 | 0.9230 | 0.8875 | 0.9109 | 0.0404 | 0.9082 | 0.8760 | 0.8798
0622 | 23:55:16 |  17.7s | 1.0e-04 | 0.0388 | 0.9221 | 0.8862 | 0.9074 | 0.0400 | 0.9105 | 0.8620 | 0.8637
0623 | 23:55:48 |   8.9s | 1.0e-04 | 0.0388 | 0.9216 | 0.8857 | 0.9075 | 0.0402 | 0.9139 | 0.8616 | 0.8678
0624 | 23:56:10 |  15.8s | 1.0e-04 | 0.0392 | 0.9210 | 0.8845 | 0.9053 | 0.0408 | 0.9032 | 0.8695 | 0.8658
0625 | 23:56:38 |  27.5s | 1.0e-04 | 0.0374 | 0.9225 | 0.8847 | 0.9060 | 0.0409 | 0.9073 | 0.8704 | 0.8708
0626 | 23:57:20 |   9.1s | 1.0e-04 | 0.0377 | 0.9222 | 0.8849 | 0.9069 | 0.0405 | 0.9103 | 0.8625 | 0.8654
0627 | 23:57:43 |   8.8s | 1.0e-04 | 0.0372 | 0.9233 | 0.8838 | 0.9069 | 0.0395 | 0.9071 | 0.8690 | 0.8677
0628 | 23:58:06 |  14.1s | 1.0e-04 | 0.0374 | 0.9228 | 0.8855 | 0.9076 | 0.0400 | 0.9123 | 0.8657 | 0.8732
0629 | 23:58:32 |  33.3s | 1.0e-04 | 0.0371 | 0.9229 | 0.8848 | 0.9070 | 0.0404 | 0.9065 | 0.8761 | 0.8777
0630 | 23:59:18 |   5.6s | 1.0e-04 | 0.0370 | 0.9240 | 0.8873 | 0.9111 | 0.0412 | 0.9033 | 0.8713 | 0.8630
0631 | 23:59:37 |   5.8s | 1.0e-04 | 0.0371 | 0.9243 | 0.8866 | 0.9108 | 0.0408 | 0.9059 | 0.8700 | 0.8690
0632 | 23:59:55 |  16.6s | 1.0e-04 | 0.0370 | 0.9245 | 0.8884 | 0.9129 | 0.0408 | 0.9063 | 0.8731 | 0.8742
0633 | 00:00:25 |  25.1s | 1.0e-04 | 0.0387 | 0.9241 | 0.8908 | 0.9152 | 0.0405 | 0.9034 | 0.8768 | 0.8737
0634 | 00:01:03 |   6.0s | 1.0e-04 | 0.0386 | 0.9244 | 0.8892 | 0.9139 | 0.0406 | 0.9072 | 0.8699 | 0.8700
0635 | 00:01:22 |   5.2s | 1.0e-04 | 0.0386 | 0.9238 | 0.8902 | 0.9141 | 0.0403 | 0.9132 | 0.8655 | 0.8735
0636 | 00:01:39 |  23.9s | 1.0e-04 | 0.0385 | 0.9240 | 0.8902 | 0.9138 | 0.0406 | 0.9044 | 0.8656 | 0.8550
0637 | 00:02:18 |  25.3s | 1.0e-04 | 0.0391 | 0.9238 | 0.8903 | 0.9146 | 0.0406 | 0.8985 | 0.8712 | 0.8561
0638 | 00:02:58 |   7.0s | 1.0e-04 | 0.0389 | 0.9231 | 0.8889 | 0.9119 | 0.0407 | 0.9142 | 0.8706 | 0.8797
0639 | 00:03:16 |   5.8s | 1.0e-04 | 0.0389 | 0.9233 | 0.8879 | 0.9111 | 0.0397 | 0.9061 | 0.8755 | 0.8760
0640 | 00:03:33 |  27.1s | 1.0e-04 | 0.0386 | 0.9231 | 0.8886 | 0.9123 | 0.0410 | 0.9068 | 0.8619 | 0.8591
0641 | 00:04:12 |  23.1s | 1.0e-04 | 0.0378 | 0.9244 | 0.8892 | 0.9134 | 0.0410 | 0.8973 | 0.8817 | 0.8729
0642 | 00:04:46 |   5.3s | 1.0e-04 | 0.0368 | 0.9241 | 0.8897 | 0.9141 | 0.0410 | 0.9127 | 0.8559 | 0.8589
0643 | 00:05:06 |   8.3s | 1.0e-04 | 0.0372 | 0.9252 | 0.8884 | 0.9136 | 0.0412 | 0.9135 | 0.8634 | 0.8711
0644 | 00:05:25 |  25.0s | 1.0e-04 | 0.0371 | 0.9231 | 0.8880 | 0.9112 | 0.0410 | 0.9040 | 0.8694 | 0.8670
0645 | 00:06:03 |  23.6s | 1.0e-04 | 0.0366 | 0.9235 | 0.8870 | 0.9105 | 0.0414 | 0.9077 | 0.8587 | 0.8530
0646 | 00:06:38 |   6.0s | 1.0e-04 | 0.0370 | 0.9248 | 0.8888 | 0.9134 | 0.0417 | 0.8955 | 0.8817 | 0.8711
0647 | 00:06:58 |   6.2s | 1.0e-04 | 0.0369 | 0.9234 | 0.8879 | 0.9113 | 0.0409 | 0.9122 | 0.8584 | 0.8608
0648 | 00:07:16 |  24.5s | 1.0e-04 | 0.0370 | 0.9244 | 0.8882 | 0.9130 | 0.0418 | 0.9057 | 0.8634 | 0.8637
0649 | 00:07:52 |  26.2s | 1.0e-04 | 0.0384 | 0.9251 | 0.8913 | 0.9165 | 0.0410 | 0.9036 | 0.8735 | 0.8708
0650 | 00:08:30 |   5.4s | 1.0e-04 | 0.0388 | 0.9251 | 0.8924 | 0.9179 | 0.0410 | 0.8988 | 0.8728 | 0.8598
0651 | 00:08:47 |   5.9s | 1.0e-04 | 0.0385 | 0.9247 | 0.8934 | 0.9185 | 0.0403 | 0.9040 | 0.8703 | 0.8645
0652 | 00:09:06 |  26.9s | 1.0e-04 | 0.0379 | 0.9255 | 0.8933 | 0.9192 | 0.0406 | 0.9058 | 0.8604 | 0.8552
0653 | 00:09:44 |  23.0s | 1.0e-04 | 0.0369 | 0.9257 | 0.8910 | 0.9171 | 0.0419 | 0.9021 | 0.8764 | 0.8722
0654 | 00:10:20 |   5.7s | 1.0e-04 | 0.0367 | 0.9251 | 0.8911 | 0.9170 | 0.0410 | 0.9097 | 0.8758 | 0.8794
0655 | 00:10:37 |   7.3s | 1.0e-04 | 0.0370 | 0.9254 | 0.8899 | 0.9155 | 0.0420 | 0.9135 | 0.8560 | 0.8623
0656 | 00:10:58 |  25.9s | 1.0e-04 | 0.0375 | 0.9245 | 0.8902 | 0.9153 | 0.0412 | 0.9010 | 0.8746 | 0.8678
0657 | 00:11:39 |  16.5s | 1.0e-04 | 0.0380 | 0.9236 | 0.8893 | 0.9132 | 0.0408 | 0.9136 | 0.8692 | 0.8797
0658 | 00:12:07 |   5.3s | 1.0e-04 | 0.0382 | 0.9241 | 0.8901 | 0.9143 | 0.0402 | 0.9099 | 0.8647 | 0.8649
0659 | 00:12:24 |   5.3s | 1.0e-04 | 0.0382 | 0.9236 | 0.8895 | 0.9135 | 0.0401 | 0.9036 | 0.8707 | 0.8643
0660 | 00:12:42 |  36.0s | 1.0e-04 | 0.0381 | 0.9238 | 0.8890 | 0.9130 | 0.0409 | 0.9115 | 0.8744 | 0.8826
0661 | 00:13:30 |  14.4s | 1.0e-04 | 0.0378 | 0.9233 | 0.8877 | 0.9107 | 0.0410 | 0.9102 | 0.8632 | 0.8653
0662 | 00:13:58 |   6.9s | 1.0e-04 | 0.0382 | 0.9232 | 0.8885 | 0.9115 | 0.0402 | 0.9065 | 0.8672 | 0.8631
0663 | 00:14:16 |   7.4s | 1.0e-04 | 0.0387 | 0.9223 | 0.8858 | 0.9076 | 0.0404 | 0.9047 | 0.8657 | 0.8637
0664 | 00:14:38 |  31.8s | 1.0e-04 | 0.0385 | 0.9225 | 0.8861 | 0.9083 | 0.0410 | 0.8996 | 0.8756 | 0.8652
0665 | 00:15:21 |  15.9s | 1.0e-04 | 0.0367 | 0.9257 | 0.8916 | 0.9173 | 0.0416 | 0.9098 | 0.8668 | 0.8710
0666 | 00:15:51 |   5.5s | 1.0e-04 | 0.0367 | 0.9262 | 0.8926 | 0.9188 | 0.0408 | 0.9058 | 0.8675 | 0.8639
0667 | 00:16:08 |  14.7s | 1.0e-04 | 0.0369 | 0.9264 | 0.8914 | 0.9178 | 0.0413 | 0.9020 | 0.8716 | 0.8669
0668 | 00:16:37 |  33.7s | 1.0e-04 | 0.0370 | 0.9258 | 0.8913 | 0.9170 | 0.0405 | 0.9116 | 0.8629 | 0.8665
0669 | 00:17:22 |   5.5s | 1.0e-04 | 0.0384 | 0.9238 | 0.8887 | 0.9122 | 0.0407 | 0.9039 | 0.8793 | 0.8766
0670 | 00:17:39 |   6.0s | 1.0e-04 | 0.0388 | 0.9231 | 0.8885 | 0.9118 | 0.0411 | 0.9046 | 0.8708 | 0.8671
0671 | 00:17:58 |  14.9s | 1.0e-04 | 0.0382 | 0.9240 | 0.8898 | 0.9137 | 0.0407 | 0.9104 | 0.8672 | 0.8676
0672 | 00:18:27 |  32.5s | 1.0e-04 | 0.0376 | 0.9253 | 0.8904 | 0.9162 | 0.0406 | 0.9122 | 0.8663 | 0.8734
0673 | 00:19:12 |   5.9s | 1.0e-04 | 0.0374 | 0.9244 | 0.8910 | 0.9154 | 0.0411 | 0.9013 | 0.8734 | 0.8682
0674 | 00:19:29 |   8.9s | 1.0e-04 | 0.0376 | 0.9252 | 0.8918 | 0.9171 | 0.0404 | 0.9006 | 0.8679 | 0.8550
0675 | 00:19:49 |  15.7s | 1.0e-04 | 0.0380 | 0.9250 | 0.8902 | 0.9147 | 0.0412 | 0.9202 | 0.8603 | 0.8757
0676 | 00:20:19 |  25.4s | 1.0e-04 | 0.0385 | 0.9247 | 0.8905 | 0.9156 | 0.0404 | 0.9144 | 0.8732 | 0.8837
0677 | 00:20:56 |   5.7s | 1.0e-04 | 0.0379 | 0.9256 | 0.8923 | 0.9183 | 0.0408 | 0.9118 | 0.8636 | 0.8692
0678 | 00:21:15 |   7.4s | 1.0e-04 | 0.0383 | 0.9251 | 0.8908 | 0.9165 | 0.0400 | 0.9006 | 0.8674 | 0.8570
0679 | 00:21:36 |  24.2s | 1.0e-04 | 0.0377 | 0.9256 | 0.8918 | 0.9174 | 0.0407 | 0.9006 | 0.8666 | 0.8560
0680 | 00:22:11 |  23.8s | 1.0e-04 | 0.0379 | 0.9244 | 0.8900 | 0.9145 | 0.0417 | 0.9123 | 0.8565 | 0.8608
0681 | 00:22:47 |   6.2s | 1.0e-04 | 0.0375 | 0.9249 | 0.8896 | 0.9149 | 0.0412 | 0.8983 | 0.8765 | 0.8660
0682 | 00:23:07 |   7.8s | 1.0e-04 | 0.0374 | 0.9246 | 0.8896 | 0.9143 | 0.0407 | 0.9078 | 0.8624 | 0.8611
0683 | 00:23:29 |  26.2s | 1.0e-04 | 0.0369 | 0.9248 | 0.8908 | 0.9158 | 0.0413 | 0.9119 | 0.8649 | 0.8726
0684 | 00:24:08 |  24.7s | 1.0e-04 | 0.0373 | 0.9242 | 0.8863 | 0.9102 | 0.0410 | 0.9043 | 0.8735 | 0.8693
0685 | 00:24:46 |   8.5s | 1.0e-04 | 0.0371 | 0.9249 | 0.8875 | 0.9124 | 0.0408 | 0.9020 | 0.8727 | 0.8672
0686 | 00:25:09 |   7.8s | 1.0e-04 | 0.0372 | 0.9242 | 0.8849 | 0.9085 | 0.0405 | 0.9118 | 0.8616 | 0.8623
0687 | 00:25:32 |  25.9s | 1.0e-04 | 0.0369 | 0.9232 | 0.8870 | 0.9100 | 0.0418 | 0.9068 | 0.8670 | 0.8666
0688 | 00:26:12 |  26.0s | 1.0e-04 | 0.0370 | 0.9254 | 0.8906 | 0.9160 | 0.0407 | 0.9137 | 0.8614 | 0.8703
0689 | 00:26:53 |   8.3s | 1.0e-04 | 0.0369 | 0.9266 | 0.8922 | 0.9195 | 0.0407 | 0.9130 | 0.8701 | 0.8773
0690 | 00:27:15 |   8.1s | 1.0e-04 | 0.0372 | 0.9248 | 0.8913 | 0.9167 | 0.0410 | 0.9091 | 0.8676 | 0.8703
0691 | 00:27:39 |  22.4s | 1.0e-04 | 0.0372 | 0.9251 | 0.8901 | 0.9154 | 0.0410 | 0.9116 | 0.8624 | 0.8649
0692 | 00:28:15 |  26.0s | 1.0e-04 | 0.0366 | 0.9257 | 0.8889 | 0.9145 | 0.0411 | 0.9018 | 0.8654 | 0.8563
0693 | 00:28:56 |   5.6s | 1.0e-04 | 0.0367 | 0.9252 | 0.8882 | 0.9132 | 0.0401 | 0.9096 | 0.8667 | 0.8673
0694 | 00:29:16 |   5.8s | 1.0e-04 | 0.0361 | 0.9252 | 0.8890 | 0.9146 | 0.0406 | 0.9215 | 0.8488 | 0.8569
0695 | 00:29:35 |  24.5s | 1.0e-04 | 0.0371 | 0.9250 | 0.8897 | 0.9150 | 0.0408 | 0.9018 | 0.8788 | 0.8768
0696 | 00:30:12 |  24.9s | 1.0e-04 | 0.0377 | 0.9242 | 0.8896 | 0.9142 | 0.0414 | 0.9131 | 0.8573 | 0.8626
0697 | 00:30:51 |   7.7s | 1.0e-04 | 0.0378 | 0.9251 | 0.8906 | 0.9159 | 0.0396 | 0.9148 | 0.8590 | 0.8641
0698 | 00:31:13 |   7.9s | 1.0e-04 | 0.0376 | 0.9243 | 0.8894 | 0.9137 | 0.0405 | 0.9021 | 0.8727 | 0.8666
0699 | 00:31:36 |  34.5s | 1.0e-04 | 0.0377 | 0.9226 | 0.8861 | 0.9086 | 0.0400 | 0.9080 | 0.8759 | 0.8802
0700 | 00:32:22 |  15.4s | 1.0e-04 | 0.0373 | 0.9222 | 0.8846 | 0.9068 | 0.0392 | 0.9101 | 0.8695 | 0.8753
0701 | 00:32:53 |   6.7s | 1.0e-04 | 0.0372 | 0.9227 | 0.8841 | 0.9067 | 0.0397 | 0.9105 | 0.8751 | 0.8813
0702 | 00:33:13 |   6.3s | 1.0e-04 | 0.0374 | 0.9225 | 0.8839 | 0.9060 | 0.0400 | 0.9118 | 0.8718 | 0.8783
0703 | 00:33:32 |  35.1s | 1.0e-04 | 0.0378 | 0.9229 | 0.8864 | 0.9093 | 0.0393 | 0.9081 | 0.8693 | 0.8695
0704 | 00:34:19 |  16.4s | 1.0e-04 | 0.0382 | 0.9239 | 0.8894 | 0.9137 | 0.0399 | 0.9096 | 0.8728 | 0.8775
0705 | 00:34:50 |   7.1s | 1.0e-04 | 0.0382 | 0.9251 | 0.8904 | 0.9159 | 0.0397 | 0.8955 | 0.8818 | 0.8698
0706 | 00:35:11 |   7.2s | 1.0e-04 | 0.0381 | 0.9243 | 0.8908 | 0.9152 | 0.0406 | 0.9145 | 0.8611 | 0.8708
0707 | 00:35:33 |  25.0s | 1.0e-04 | 0.0365 | 0.9259 | 0.8909 | 0.9169 | 0.0407 | 0.9085 | 0.8756 | 0.8794
0708 | 00:36:10 |   5.4s | 1.0e-04 | 0.0356 | 0.9271 | 0.8939 | 0.9217 | 0.0401 | 0.9070 | 0.8669 | 0.8668
0709 | 00:36:27 |   8.5s | 1.0e-04 | 0.0356 | 0.9273 | 0.8915 | 0.9186 | 0.0411 | 0.9084 | 0.8738 | 0.8769
0710 | 00:36:50 |  17.1s | 1.0e-04 | 0.0356 | 0.9270 | 0.8922 | 0.9195 | 0.0409 | 0.9070 | 0.8734 | 0.8740
0711 | 00:37:20 |  32.3s | 1.0e-04 | 0.0370 | 0.9247 | 0.8898 | 0.9150 | 0.0401 | 0.9113 | 0.8712 | 0.8765
0712 | 00:38:04 |   5.6s | 1.0e-04 | 0.0380 | 0.9241 | 0.8897 | 0.9140 | 0.0411 | 0.9038 | 0.8751 | 0.8735
0713 | 00:38:22 |   6.3s | 1.0e-04 | 0.0376 | 0.9238 | 0.8895 | 0.9135 | 0.0413 | 0.9095 | 0.8758 | 0.8805
0714 | 00:38:42 |  15.6s | 1.0e-04 | 0.0376 | 0.9250 | 0.8916 | 0.9173 | 0.0398 | 0.9082 | 0.8701 | 0.8708
0715 | 00:39:12 |  32.7s | 1.0e-04 | 0.0369 | 0.9244 | 0.8886 | 0.9129 | 0.0408 | 0.9145 | 0.8638 | 0.8721
0716 | 00:39:58 |   5.8s | 1.0e-04 | 0.0360 | 0.9250 | 0.8848 | 0.9093 | 0.0404 | 0.9061 | 0.8654 | 0.8642
0717 | 00:40:16 |   5.4s | 1.0e-04 | 0.0359 | 0.9248 | 0.8870 | 0.9111 | 0.0405 | 0.9099 | 0.8674 | 0.8692
0718 | 00:40:34 |  24.7s | 1.0e-04 | 0.0360 | 0.9251 | 0.8861 | 0.9107 | 0.0398 | 0.9139 | 0.8596 | 0.8655
0719 | 00:41:13 |  23.8s | 1.0e-04 | 0.0368 | 0.9257 | 0.8925 | 0.9183 | 0.0404 | 0.9047 | 0.8645 | 0.8577
0720 | 00:41:49 |   5.5s | 1.0e-04 | 0.0372 | 0.9259 | 0.8931 | 0.9195 | 0.0400 | 0.9121 | 0.8607 | 0.8649
0721 | 00:42:07 |   5.7s | 1.0e-04 | 0.0368 | 0.9265 | 0.8932 | 0.9200 | 0.0405 | 0.9017 | 0.8716 | 0.8647
0722 | 00:42:26 |  24.9s | 1.0e-04 | 0.0369 | 0.9263 | 0.8946 | 0.9210 | 0.0403 | 0.9147 | 0.8664 | 0.8772
0723 | 00:43:03 |  23.8s | 1.0e-04 | 0.0379 | 0.9269 | 0.8954 | 0.9227 | 0.0405 | 0.9103 | 0.8749 | 0.8820
0724 | 00:43:38 |   5.7s | 1.0e-04 | 0.0389 | 0.9261 | 0.8967 | 0.9230 | 0.0399 | 0.8989 | 0.8753 | 0.8663
0725 | 00:43:58 |   6.1s | 1.0e-04 | 0.0391 | 0.9252 | 0.8957 | 0.9212 | 0.0403 | 0.8973 | 0.8823 | 0.8745
0726 | 00:44:17 |  24.1s | 1.0e-04 | 0.0386 | 0.9253 | 0.8948 | 0.9207 | 0.0400 | 0.9033 | 0.8730 | 0.8702
0727 | 00:44:53 |  22.8s | 1.0e-04 | 0.0367 | 0.9256 | 0.8909 | 0.9165 | 0.0414 | 0.9040 | 0.8763 | 0.8754
0728 | 00:45:27 |   6.3s | 1.0e-04 | 0.0363 | 0.9254 | 0.8882 | 0.9132 | 0.0405 | 0.9085 | 0.8739 | 0.8788
0729 | 00:45:47 |   8.4s | 1.0e-04 | 0.0360 | 0.9253 | 0.8892 | 0.9151 | 0.0402 | 0.9137 | 0.8599 | 0.8672
0730 | 00:46:10 |  25.9s | 1.0e-04 | 0.0361 | 0.9246 | 0.8864 | 0.9107 | 0.0399 | 0.9118 | 0.8666 | 0.8672
0731 | 00:46:47 |  24.7s | 1.0e-04 | 0.0359 | 0.9265 | 0.8896 | 0.9160 | 0.0402 | 0.9123 | 0.8644 | 0.8656
0732 | 00:47:24 |   6.1s | 1.0e-04 | 0.0362 | 0.9266 | 0.8904 | 0.9170 | 0.0413 | 0.9033 | 0.8711 | 0.8645
0733 | 00:47:44 |   8.5s | 1.0e-04 | 0.0367 | 0.9245 | 0.8889 | 0.9135 | 0.0407 | 0.9090 | 0.8652 | 0.8669
0734 | 00:48:07 |  25.3s | 1.0e-04 | 0.0366 | 0.9261 | 0.8912 | 0.9176 | 0.0398 | 0.9009 | 0.8776 | 0.8699
0735 | 00:48:44 |  25.4s | 1.0e-04 | 0.0370 | 0.9238 | 0.8890 | 0.9125 | 0.0400 | 0.9106 | 0.8678 | 0.8733
0736 | 00:49:21 |   7.1s | 1.0e-04 | 0.0366 | 0.9245 | 0.8902 | 0.9148 | 0.0411 | 0.9151 | 0.8614 | 0.8695
0737 | 00:49:42 |   8.9s | 1.0e-04 | 0.0368 | 0.9256 | 0.8904 | 0.9161 | 0.0402 | 0.9170 | 0.8670 | 0.8774
0738 | 00:50:06 |  25.1s | 1.0e-04 | 0.0371 | 0.9257 | 0.8894 | 0.9151 | 0.0407 | 0.9079 | 0.8752 | 0.8785
0739 | 00:50:42 |  23.6s | 1.0e-04 | 0.0378 | 0.9246 | 0.8910 | 0.9161 | 0.0399 | 0.9028 | 0.8667 | 0.8587
0740 | 00:51:17 |   6.2s | 1.0e-04 | 0.0373 | 0.9255 | 0.8928 | 0.9187 | 0.0397 | 0.9061 | 0.8726 | 0.8699
0741 | 00:51:37 |   8.2s | 1.0e-04 | 0.0375 | 0.9257 | 0.8921 | 0.9181 | 0.0414 | 0.8967 | 0.8808 | 0.8703
0742 | 00:51:59 |  33.9s | 1.0e-04 | 0.0372 | 0.9241 | 0.8888 | 0.9132 | 0.0404 | 0.9110 | 0.8665 | 0.8700
0743 | 00:52:46 |  16.2s | 1.0e-04 | 0.0366 | 0.9265 | 0.8921 | 0.9191 | 0.0397 | 0.9033 | 0.8745 | 0.8731
0744 | 00:53:13 |   5.9s | 1.0e-04 | 0.0365 | 0.9263 | 0.8910 | 0.9175 | 0.0410 | 0.9131 | 0.8613 | 0.8694
0745 | 00:53:33 |   6.8s | 1.0e-04 | 0.0365 | 0.9267 | 0.8917 | 0.9181 | 0.0406 | 0.9097 | 0.8646 | 0.8658
0746 | 00:53:53 |  33.6s | 1.0e-04 | 0.0368 | 0.9263 | 0.8924 | 0.9186 | 0.0406 | 0.9041 | 0.8636 | 0.8551
0747 | 00:54:38 |  14.5s | 1.0e-04 | 0.0367 | 0.9254 | 0.8898 | 0.9156 | 0.0407 | 0.9110 | 0.8678 | 0.8746
0748 | 00:55:04 |   6.0s | 1.0e-04 | 0.0366 | 0.9260 | 0.8912 | 0.9176 | 0.0410 | 0.9158 | 0.8631 | 0.8762
0749 | 00:55:22 |  15.5s | 1.0e-04 | 0.0368 | 0.9264 | 0.8912 | 0.9178 | 0.0390 | 0.9093 | 0.8668 | 0.8673
0750 | 00:55:52 |  25.4s | 1.0e-04 | 0.0378 | 0.9254 | 0.8929 | 0.9186 | 0.0394 | 0.9034 | 0.8758 | 0.8701
0751 | 00:56:29 |   7.3s | 1.0e-04 | 0.0377 | 0.9253 | 0.8919 | 0.9178 | 0.0409 | 0.9092 | 0.8744 | 0.8780
0752 | 00:56:48 |   5.3s | 1.0e-04 | 0.0374 | 0.9258 | 0.8922 | 0.9185 | 0.0402 | 0.9130 | 0.8714 | 0.8778
0753 | 00:57:06 |  14.4s | 1.0e-04 | 0.0372 | 0.9263 | 0.8930 | 0.9188 | 0.0409 | 0.9206 | 0.8657 | 0.8831
0754 | 00:57:35 |  34.1s | 1.0e-04 | 0.0361 | 0.9265 | 0.8927 | 0.9197 | 0.0405 | 0.9150 | 0.8665 | 0.8769
0755 | 00:58:21 |   5.9s | 1.0e-04 | 0.0374 | 0.9261 | 0.8935 | 0.9200 | 0.0407 | 0.9155 | 0.8576 | 0.8622
0756 | 00:58:39 |   6.4s | 1.0e-04 | 0.0370 | 0.9265 | 0.8947 | 0.9213 | 0.0404 | 0.9054 | 0.8765 | 0.8753
0757 | 00:58:59 |  15.2s | 1.0e-04 | 0.0368 | 0.9272 | 0.8951 | 0.9228 | 0.0416 | 0.9111 | 0.8725 | 0.8789
0758 | 00:59:30 |  24.1s | 1.0e-04 | 0.0373 | 0.9255 | 0.8938 | 0.9199 | 0.0409 | 0.9024 | 0.8786 | 0.8752
0759 | 01:00:06 |   5.3s | 1.0e-04 | 0.0371 | 0.9263 | 0.8920 | 0.9188 | 0.0397 | 0.9129 | 0.8721 | 0.8784
0760 | 01:00:23 |   7.7s | 1.0e-04 | 0.0410 | 0.9237 | 0.8907 | 0.9147 | 0.0401 | 0.9026 | 0.8657 | 0.8585
0761 | 01:00:43 |  26.2s | 1.0e-04 | 0.0375 | 0.9254 | 0.8912 | 0.9164 | 0.0406 | 0.9119 | 0.8691 | 0.8750
0762 | 01:01:22 |  26.6s | 1.0e-04 | 0.0369 | 0.9242 | 0.8898 | 0.9143 | 0.0404 | 0.9115 | 0.8662 | 0.8718
0763 | 01:02:03 |   5.8s | 1.0e-04 | 0.0374 | 0.9245 | 0.8887 | 0.9132 | 0.0403 | 0.9098 | 0.8772 | 0.8815
0764 | 01:02:20 |   6.6s | 1.0e-04 | 0.0372 | 0.9254 | 0.8897 | 0.9152 | 0.0393 | 0.9124 | 0.8691 | 0.8774
0765 | 01:02:39 |  23.5s | 1.0e-04 | 0.0376 | 0.9245 | 0.8899 | 0.9145 | 0.0397 | 0.9174 | 0.8687 | 0.8816
0766 | 01:03:15 |  26.3s | 1.0e-04 | 0.0381 | 0.9261 | 0.8937 | 0.9201 | 0.0399 | 0.9056 | 0.8743 | 0.8729
0767 | 01:03:56 |   7.8s | 1.0e-04 | 0.0373 | 0.9265 | 0.8948 | 0.9215 | 0.0398 | 0.9063 | 0.8677 | 0.8674
0768 | 01:04:16 |   4.7s | 1.0e-04 | 0.0376 | 0.9272 | 0.8943 | 0.9218 | 0.0402 | 0.9061 | 0.8723 | 0.8732
0769 | 01:04:34 |  25.7s | 1.0e-04 | 0.0374 | 0.9271 | 0.8953 | 0.9226 | 0.0399 | 0.9108 | 0.8707 | 0.8759
0770 | 01:05:13 |  24.6s | 1.0e-04 | 0.0376 | 0.9262 | 0.8959 | 0.9225 | 0.0406 | 0.9063 | 0.8792 | 0.8808
0771 | 01:05:52 |   7.6s | 1.0e-04 | 0.0381 | 0.9257 | 0.8944 | 0.9201 | 0.0403 | 0.9126 | 0.8710 | 0.8781
0772 | 01:06:11 |   5.7s | 1.0e-04 | 0.0382 | 0.9266 | 0.8959 | 0.9227 | 0.0400 | 0.9053 | 0.8766 | 0.8754
0773 | 01:06:30 |  24.9s | 1.0e-04 | 0.0375 | 0.9263 | 0.8935 | 0.9203 | 0.0412 | 0.8979 | 0.8778 | 0.8675
0774 | 01:07:08 |  23.4s | 1.0e-04 | 0.0366 | 0.9269 | 0.8942 | 0.9211 | 0.0407 | 0.9106 | 0.8712 | 0.8754
0775 | 01:07:44 |   5.7s | 1.0e-04 | 0.0359 | 0.9282 | 0.8940 | 0.9225 | 0.0404 | 0.9185 | 0.8642 | 0.8802
0776 | 01:08:02 |   6.4s | 1.0e-04 | 0.0359 | 0.9282 | 0.8944 | 0.9229 | 0.0406 | 0.9023 | 0.8662 | 0.8547
0777 | 01:08:20 |  24.4s | 1.0e-04 | 0.0361 | 0.9285 | 0.8942 | 0.9227 | 0.0404 | 0.8973 | 0.8855 | 0.8775
0778 | 01:08:57 |  24.8s | 1.0e-04 | 0.0371 | 0.9261 | 0.8931 | 0.9197 | 0.0405 | 0.9053 | 0.8739 | 0.8728
0779 | 01:09:34 |   5.5s | 1.0e-04 | 0.0371 | 0.9266 | 0.8935 | 0.9204 | 0.0401 | 0.9004 | 0.8758 | 0.8675
0780 | 01:09:51 |   6.3s | 1.0e-04 | 0.0374 | 0.9256 | 0.8933 | 0.9189 | 0.0403 | 0.8955 | 0.8771 | 0.8654
0781 | 01:10:10 |  24.7s | 1.0e-04 | 0.0368 | 0.9271 | 0.8960 | 0.9231 | 0.0410 | 0.9096 | 0.8660 | 0.8671
0782 | 01:10:49 |  16.3s | 1.0e-04 | 0.0372 | 0.9259 | 0.8932 | 0.9196 | 0.0397 | 0.9081 | 0.8709 | 0.8722
0783 | 01:11:16 |   5.2s | 1.0e-04 | 0.0370 | 0.9262 | 0.8916 | 0.9186 | 0.0397 | 0.9138 | 0.8739 | 0.8846
0784 | 01:11:35 |   6.6s | 1.0e-04 | 0.0369 | 0.9258 | 0.8921 | 0.9182 | 0.0392 | 0.9146 | 0.8653 | 0.8731
0785 | 01:11:54 |  33.7s | 1.0e-04 | 0.0378 | 0.9248 | 0.8898 | 0.9151 | 0.0400 | 0.9129 | 0.8724 | 0.8805
0786 | 01:12:42 |  16.2s | 1.0e-04 | 0.0371 | 0.9259 | 0.8931 | 0.9195 | 0.0401 | 0.9122 | 0.8724 | 0.8799
0787 | 01:13:10 |   6.1s | 1.0e-04 | 0.0371 | 0.9266 | 0.8935 | 0.9204 | 0.0403 | 0.9022 | 0.8796 | 0.8755
0788 | 01:13:29 |   5.4s | 1.0e-04 | 0.0373 | 0.9262 | 0.8935 | 0.9200 | 0.0400 | 0.9080 | 0.8668 | 0.8660
0789 | 01:13:46 |  34.2s | 1.0e-04 | 0.0363 | 0.9270 | 0.8935 | 0.9209 | 0.0408 | 0.9143 | 0.8640 | 0.8692
0790 | 01:14:35 |  15.5s | 1.0e-04 | 0.0371 | 0.9272 | 0.8941 | 0.9217 | 0.0406 | 0.8970 | 0.8731 | 0.8605
0791 | 01:15:02 |   6.8s | 1.0e-04 | 0.0369 | 0.9272 | 0.8960 | 0.9233 | 0.0405 | 0.9125 | 0.8659 | 0.8710
0792 | 01:15:22 |  14.8s | 1.0e-04 | 0.0373 | 0.9267 | 0.8940 | 0.9212 | 0.0399 | 0.9059 | 0.8782 | 0.8808
0793 | 01:15:49 |  33.7s | 1.0e-04 | 0.0366 | 0.9274 | 0.8944 | 0.9221 | 0.0399 | 0.9114 | 0.8715 | 0.8773
0794 | 01:16:37 |   6.8s | 1.0e-04 | 0.0352 | 0.9275 | 0.8923 | 0.9201 | 0.0414 | 0.9078 | 0.8711 | 0.8707
0795 | 01:16:55 |   5.7s | 1.0e-04 | 0.0351 | 0.9273 | 0.8925 | 0.9201 | 0.0406 | 0.9051 | 0.8724 | 0.8727
0796 | 01:17:12 |  13.9s | 1.0e-04 | 0.0353 | 0.9276 | 0.8929 | 0.9202 | 0.0403 | 0.9085 | 0.8653 | 0.8658
0797 | 01:17:37 |  35.5s | 1.0e-04 | 0.0361 | 0.9270 | 0.8928 | 0.9204 | 0.0396 | 0.9131 | 0.8693 | 0.8772
0798 | 01:18:26 |   5.7s | 1.0e-04 | 0.0363 | 0.9259 | 0.8903 | 0.9166 | 0.0407 | 0.9108 | 0.8728 | 0.8795
0799 | 01:18:43 |   6.0s | 1.0e-04 | 0.0364 | 0.9260 | 0.8906 | 0.9167 | 0.0398 | 0.9063 | 0.8652 | 0.8640
0800 | 01:19:01 |  16.0s | 1.0e-04 | 0.0365 | 0.9261 | 0.8905 | 0.9166 | 0.0393 | 0.9118 | 0.8637 | 0.8673
0801 | 01:19:28 |  26.5s | 1.0e-04 | 0.0373 | 0.9254 | 0.8910 | 0.9167 | 0.0407 | 0.9002 | 0.8811 | 0.8765
0802 | 01:20:10 |   9.0s | 1.0e-04 | 0.0374 | 0.9259 | 0.8944 | 0.9208 | 0.0398 | 0.9042 | 0.8733 | 0.8706
0803 | 01:20:30 |   5.4s | 1.0e-04 | 0.0373 | 0.9267 | 0.8942 | 0.9212 | 0.0405 | 0.9089 | 0.8686 | 0.8719
0804 | 01:20:48 |  22.5s | 1.0e-04 | 0.0375 | 0.9267 | 0.8940 | 0.9209 | 0.0404 | 0.9174 | 0.8686 | 0.8822
0805 | 01:21:24 |  24.8s | 1.0e-04 | 0.0370 | 0.9266 | 0.8929 | 0.9198 | 0.0410 | 0.9059 | 0.8741 | 0.8754
0806 | 01:22:01 |   5.8s | 1.0e-04 | 0.0371 | 0.9258 | 0.8914 | 0.9176 | 0.0403 | 0.9138 | 0.8661 | 0.8747
0807 | 01:22:19 |   6.1s | 1.0e-04 | 0.0373 | 0.9259 | 0.8917 | 0.9173 | 0.0398 | 0.9129 | 0.8753 | 0.8832
0808 | 01:22:38 |  26.2s | 1.0e-04 | 0.0374 | 0.9252 | 0.8914 | 0.9169 | 0.0401 | 0.9070 | 0.8845 | 0.8876
0809 | 01:23:17 |  26.3s | 1.0e-04 | 0.0376 | 0.9262 | 0.8932 | 0.9195 | 0.0411 | 0.9080 | 0.8747 | 0.8782
0810 | 01:23:56 |   5.7s | 1.0e-04 | 0.0374 | 0.9261 | 0.8945 | 0.9208 | 0.0397 | 0.9040 | 0.8823 | 0.8825
0811 | 01:24:13 |   6.5s | 1.0e-04 | 0.0372 | 0.9259 | 0.8936 | 0.9203 | 0.0392 | 0.9126 | 0.8746 | 0.8817
0812 | 01:24:35 |  25.3s | 1.0e-04 | 0.0374 | 0.9265 | 0.8929 | 0.9195 | 0.0406 | 0.9113 | 0.8674 | 0.8710
0813 | 01:25:14 |  24.7s | 1.0e-04 | 0.0368 | 0.9275 | 0.8942 | 0.9219 | 0.0402 | 0.9102 | 0.8768 | 0.8838
0814 | 01:25:52 |   7.9s | 1.0e-04 | 0.0371 | 0.9267 | 0.8950 | 0.9223 | 0.0402 | 0.9174 | 0.8623 | 0.8742
0815 | 01:26:12 |   5.0s | 1.0e-04 | 0.0369 | 0.9260 | 0.8933 | 0.9196 | 0.0393 | 0.9036 | 0.8767 | 0.8722
0816 | 01:26:30 |  22.8s | 1.0e-04 | 0.0360 | 0.9276 | 0.8961 | 0.9238 | 0.0397 | 0.9123 | 0.8661 | 0.8724
0817 | 01:27:05 |  25.8s | 1.0e-04 | 0.0358 | 0.9279 | 0.8939 | 0.9220 | 0.0407 | 0.8943 | 0.8838 | 0.8731
0818 | 01:27:43 |   5.5s | 1.0e-04 | 0.0359 | 0.9269 | 0.8940 | 0.9208 | 0.0396 | 0.9076 | 0.8705 | 0.8704
0819 | 01:28:01 |   6.4s | 1.0e-04 | 0.0356 | 0.9292 | 0.8961 | 0.9257 | 0.0407 | 0.9030 | 0.8841 | 0.8842
0820 | 01:28:19 |  24.6s | 1.0e-04 | 0.0363 | 0.9277 | 0.8948 | 0.9228 | 0.0405 | 0.9033 | 0.8778 | 0.8746
0821 | 01:28:55 |  24.3s | 1.0e-04 | 0.0360 | 0.9270 | 0.8954 | 0.9229 | 0.0412 | 0.9094 | 0.8693 | 0.8737
0822 | 01:29:33 |   5.6s | 1.0e-04 | 0.0359 | 0.9291 | 0.8958 | 0.9250 | 0.0406 | 0.9053 | 0.8666 | 0.8645
0823 | 01:29:51 |   6.3s | 1.0e-04 | 0.0358 | 0.9278 | 0.8949 | 0.9228 | 0.0402 | 0.8996 | 0.8755 | 0.8664
0824 | 01:30:09 |  33.4s | 1.0e-04 | 0.0353 | 0.9286 | 0.8960 | 0.9249 | 0.0408 | 0.9141 | 0.8719 | 0.8826
0825 | 01:30:55 |  15.8s | 1.0e-04 | 0.0367 | 0.9267 | 0.8932 | 0.9201 | 0.0400 | 0.9059 | 0.8732 | 0.8711
0826 | 01:31:25 |   6.6s | 1.0e-04 | 0.0367 | 0.9267 | 0.8942 | 0.9216 | 0.0404 | 0.9152 | 0.8640 | 0.8723
0827 | 01:31:45 |   5.6s | 1.0e-04 | 0.0367 | 0.9264 | 0.8935 | 0.9206 | 0.0393 | 0.9172 | 0.8644 | 0.8760
0828 | 01:32:02 |  34.1s | 1.0e-04 | 0.0363 | 0.9280 | 0.8944 | 0.9229 | 0.0406 | 0.9130 | 0.8676 | 0.8760
0829 | 01:32:50 |  15.0s | 1.0e-04 | 0.0351 | 0.9278 | 0.8908 | 0.9186 | 0.0402 | 0.9177 | 0.8624 | 0.8760
0830 | 01:33:19 |   7.4s | 1.0e-04 | 0.0342 | 0.9282 | 0.8939 | 0.9222 | 0.0405 | 0.9140 | 0.8700 | 0.8808
0831 | 01:33:40 |   5.8s | 1.0e-04 | 0.0350 | 0.9274 | 0.8910 | 0.9184 | 0.0399 | 0.9177 | 0.8626 | 0.8757
0832 | 01:33:58 |  25.0s | 1.0e-04 | 0.0353 | 0.9267 | 0.8918 | 0.9186 | 0.0398 | 0.9175 | 0.8651 | 0.8777
0833 | 01:34:35 |   8.1s | 1.0e-04 | 0.0358 | 0.9277 | 0.8925 | 0.9207 | 0.0400 | 0.9117 | 0.8680 | 0.8733
0834 | 01:34:57 |   8.7s | 1.0e-04 | 0.0356 | 0.9273 | 0.8938 | 0.9216 | 0.0404 | 0.9068 | 0.8793 | 0.8832
0835 | 01:35:20 |  18.0s | 1.0e-04 | 0.0358 | 0.9271 | 0.8929 | 0.9203 | 0.0398 | 0.9065 | 0.8794 | 0.8806
0836 | 01:35:50 |  35.5s | 1.0e-04 | 0.0379 | 0.9247 | 0.8910 | 0.9152 | 0.0400 | 0.9067 | 0.8751 | 0.8748
0837 | 01:36:38 |   6.4s | 1.0e-04 | 0.0369 | 0.9258 | 0.8921 | 0.9184 | 0.0394 | 0.9116 | 0.8733 | 0.8806
0838 | 01:36:59 |   6.9s | 1.0e-04 | 0.0366 | 0.9260 | 0.8931 | 0.9197 | 0.0396 | 0.9112 | 0.8666 | 0.8695
0839 | 01:37:20 |  16.2s | 1.0e-04 | 0.0367 | 0.9263 | 0.8926 | 0.9189 | 0.0397 | 0.9158 | 0.8689 | 0.8800
0840 | 01:37:48 |  34.0s | 1.0e-04 | 0.0359 | 0.9263 | 0.8908 | 0.9173 | 0.0395 | 0.9162 | 0.8623 | 0.8723
0841 | 01:38:34 |   6.7s | 1.0e-04 | 0.0358 | 0.9263 | 0.8910 | 0.9177 | 0.0405 | 0.9138 | 0.8677 | 0.8780
0842 | 01:38:55 |   6.8s | 1.0e-04 | 0.0357 | 0.9265 | 0.8916 | 0.9185 | 0.0392 | 0.9243 | 0.8648 | 0.8867
0843 | 01:39:16 |  26.6s | 1.0e-04 | 0.0359 | 0.9266 | 0.8925 | 0.9193 | 0.0402 | 0.9037 | 0.8746 | 0.8711
0844 | 01:39:54 |  22.4s | 1.0e-04 | 0.0357 | 0.9289 | 0.8949 | 0.9241 | 0.0408 | 0.9179 | 0.8568 | 0.8708
0845 | 01:40:32 |   7.0s | 1.0e-04 | 0.0352 | 0.9284 | 0.8939 | 0.9227 | 0.0408 | 0.9061 | 0.8757 | 0.8754
0846 | 01:40:53 |   5.4s | 1.0e-04 | 0.0355 | 0.9280 | 0.8958 | 0.9242 | 0.0404 | 0.9170 | 0.8683 | 0.8792
0847 | 01:41:12 |  26.8s | 1.0e-04 | 0.0354 | 0.9283 | 0.8960 | 0.9246 | 0.0404 | 0.9129 | 0.8696 | 0.8772
0848 | 01:41:50 |  17.6s | 1.0e-04 | 0.0367 | 0.9282 | 0.8967 | 0.9253 | 0.0401 | 0.9021 | 0.8831 | 0.8789
0849 | 01:42:22 |   7.7s | 1.0e-04 | 0.0373 | 0.9272 | 0.8960 | 0.9233 | 0.0402 | 0.9021 | 0.8809 | 0.8789
0850 | 01:42:43 |   7.5s | 1.0e-04 | 0.0371 | 0.9280 | 0.8969 | 0.9252 | 0.0405 | 0.8946 | 0.8881 | 0.8788
0851 | 01:43:02 |  25.5s | 1.0e-04 | 0.0370 | 0.9278 | 0.8973 | 0.9254 | 0.0396 | 0.9067 | 0.8688 | 0.8676
0852 | 01:43:39 |  16.0s | 1.0e-04 | 0.0362 | 0.9275 | 0.8946 | 0.9222 | 0.0397 | 0.9128 | 0.8734 | 0.8792
0853 | 01:44:09 |   8.7s | 1.0e-04 | 0.0358 | 0.9278 | 0.8953 | 0.9234 | 0.0399 | 0.9132 | 0.8679 | 0.8755
0854 | 01:44:32 |   8.7s | 1.0e-04 | 0.0356 | 0.9278 | 0.8949 | 0.9231 | 0.0406 | 0.9189 | 0.8608 | 0.8761
0855 | 01:44:56 |  29.0s | 1.0e-04 | 0.0363 | 0.9280 | 0.8956 | 0.9240 | 0.0404 | 0.9067 | 0.8758 | 0.8775
0856 | 01:45:39 |  14.3s | 1.0e-04 | 0.0368 | 0.9286 | 0.8990 | 0.9278 | 0.0396 | 0.9023 | 0.8756 | 0.8691
0857 | 01:46:05 |   5.2s | 1.0e-04 | 0.0375 | 0.9284 | 0.8981 | 0.9267 | 0.0391 | 0.9146 | 0.8679 | 0.8761
0858 | 01:46:23 |   5.4s | 1.0e-04 | 0.0371 | 0.9283 | 0.8988 | 0.9272 | 0.0395 | 0.9097 | 0.8692 | 0.8725
0859 | 01:46:41 |  26.6s | 1.0e-04 | 0.0375 | 0.9279 | 0.8973 | 0.9254 | 0.0399 | 0.9102 | 0.8750 | 0.8805
0860 | 01:47:19 |  17.2s | 1.0e-04 | 0.0375 | 0.9267 | 0.8950 | 0.9224 | 0.0399 | 0.9143 | 0.8659 | 0.8746
0861 | 01:47:47 |   6.2s | 1.0e-04 | 0.0372 | 0.9277 | 0.8967 | 0.9247 | 0.0404 | 0.9051 | 0.8786 | 0.8786
0862 | 01:48:07 |   8.2s | 1.0e-04 | 0.0377 | 0.9273 | 0.8959 | 0.9233 | 0.0390 | 0.9081 | 0.8819 | 0.8849
0863 | 01:48:29 |  26.7s | 1.0e-04 | 0.0372 | 0.9253 | 0.8917 | 0.9172 | 0.0398 | 0.9176 | 0.8684 | 0.8815
0864 | 01:49:07 |  14.6s | 1.0e-04 | 0.0367 | 0.9251 | 0.8878 | 0.9131 | 0.0401 | 0.9119 | 0.8701 | 0.8769
0865 | 01:49:33 |   6.5s | 1.0e-04 | 0.0360 | 0.9262 | 0.8901 | 0.9168 | 0.0394 | 0.9101 | 0.8775 | 0.8832
0866 | 01:49:52 |   5.5s | 1.0e-04 | 0.0361 | 0.9256 | 0.8908 | 0.9170 | 0.0399 | 0.9127 | 0.8616 | 0.8694
0867 | 01:50:11 |  34.3s | 1.0e-04 | 0.0361 | 0.9276 | 0.8936 | 0.9216 | 0.0411 | 0.9044 | 0.8742 | 0.8730
0868 | 01:50:57 |   5.5s | 1.0e-04 | 0.0358 | 0.9291 | 0.8969 | 0.9265 | 0.0404 | 0.9070 | 0.8767 | 0.8770
0869 | 01:51:15 |   6.5s | 1.0e-04 | 0.0357 | 0.9281 | 0.8965 | 0.9248 | 0.0411 | 0.9094 | 0.8661 | 0.8668
0870 | 01:51:34 |   5.5s | 1.0e-04 | 0.0362 | 0.9282 | 0.8953 | 0.9238 | 0.0408 | 0.9065 | 0.8695 | 0.8683
0871 | 01:51:51 |  37.9s | 1.0e-04 | 0.0363 | 0.9265 | 0.8924 | 0.9195 | 0.0401 | 0.9123 | 0.8653 | 0.8699
0872 | 01:52:42 |   6.2s | 1.0e-04 | 0.0355 | 0.9273 | 0.8898 | 0.9169 | 0.0397 | 0.9148 | 0.8629 | 0.8707
0873 | 01:52:59 |   6.1s | 1.0e-04 | 0.0354 | 0.9269 | 0.8916 | 0.9189 | 0.0403 | 0.9207 | 0.8625 | 0.8794
0874 | 01:53:18 |  14.9s | 1.0e-04 | 0.0352 | 0.9274 | 0.8905 | 0.9180 | 0.0403 | 0.9189 | 0.8661 | 0.8820
0875 | 01:53:45 |  27.5s | 1.0e-04 | 0.0363 | 0.9269 | 0.8926 | 0.9196 | 0.0393 | 0.9074 | 0.8839 | 0.8879
0876 | 01:54:26 |   6.1s | 1.0e-04 | 0.0367 | 0.9252 | 0.8916 | 0.9170 | 0.0396 | 0.9176 | 0.8726 | 0.8891
0877 | 01:54:43 |   6.0s | 1.0e-04 | 0.0372 | 0.9259 | 0.8922 | 0.9183 | 0.0391 | 0.9105 | 0.8675 | 0.8705
0878 | 01:55:01 |  14.3s | 1.0e-04 | 0.0370 | 0.9256 | 0.8917 | 0.9184 | 0.0389 | 0.9155 | 0.8783 | 0.8898
0879 | 01:55:26 |  26.1s | 1.0e-04 | 0.0386 | 0.9242 | 0.8881 | 0.9126 | 0.0435 | 0.8902 | 0.8776 | 0.8574
0880 | 01:56:06 |   8.9s | 1.0e-04 | 0.0375 | 0.9240 | 0.8880 | 0.9127 | 0.0391 | 0.9073 | 0.8735 | 0.8735
0881 | 01:56:30 |   5.5s | 1.0e-04 | 0.0377 | 0.9249 | 0.8892 | 0.9144 | 0.0392 | 0.9110 | 0.8703 | 0.8739
0882 | 01:56:47 |  16.5s | 1.0e-04 | 0.0370 | 0.9255 | 0.8910 | 0.9170 | 0.0395 | 0.9045 | 0.8744 | 0.8696
0883 | 01:57:19 |  15.7s | 1.0e-04 | 0.0372 | 0.9281 | 0.8971 | 0.9253 | 0.0396 | 0.9089 | 0.8771 | 0.8810
0884 | 01:57:49 |   8.3s | 1.0e-04 | 0.0374 | 0.9278 | 0.8977 | 0.9260 | 0.0399 | 0.9110 | 0.8719 | 0.8773
0885 | 01:58:11 |   8.5s | 1.0e-04 | 0.0373 | 0.9284 | 0.8976 | 0.9263 | 0.0393 | 0.9104 | 0.8744 | 0.8801
0886 | 01:58:34 |  28.3s | 1.0e-04 | 0.0374 | 0.9276 | 0.8977 | 0.9254 | 0.0394 | 0.9194 | 0.8671 | 0.8803
0887 | 01:59:14 |  14.4s | 1.0e-04 | 0.0354 | 0.9285 | 0.8932 | 0.9221 | 0.0401 | 0.9208 | 0.8555 | 0.8736
0888 | 01:59:40 |   5.7s | 1.0e-04 | 0.0351 | 0.9281 | 0.8942 | 0.9225 | 0.0393 | 0.9117 | 0.8674 | 0.8713
0889 | 01:59:58 |   5.4s | 1.0e-04 | 0.0351 | 0.9288 | 0.8948 | 0.9239 | 0.0398 | 0.9177 | 0.8595 | 0.8687
0890 | 02:00:16 |  24.2s | 1.0e-04 | 0.0349 | 0.9293 | 0.8956 | 0.9250 | 0.0400 | 0.9036 | 0.8731 | 0.8701
0891 | 02:00:51 |  13.2s | 1.0e-04 | 0.0353 | 0.9298 | 0.8996 | 0.9294 | 0.0401 | 0.9063 | 0.8759 | 0.8771
0892 | 02:01:17 |   6.0s | 1.0e-04 | 0.0353 | 0.9313 | 0.9002 | 0.9314 | 0.0408 | 0.9105 | 0.8659 | 0.8686
0893 | 02:01:36 |   5.2s | 1.0e-04 | 0.0364 | 0.9303 | 0.9003 | 0.9306 | 0.0404 | 0.9145 | 0.8572 | 0.8647
0894 | 02:01:54 |  24.7s | 1.0e-04 | 0.0355 | 0.9301 | 0.8990 | 0.9293 | 0.0410 | 0.9147 | 0.8627 | 0.8698
0895 | 02:02:31 |  15.5s | 1.0e-04 | 0.0358 | 0.9261 | 0.8929 | 0.9194 | 0.0398 | 0.9145 | 0.8621 | 0.8716
0896 | 02:03:00 |   7.5s | 1.0e-04 | 0.0360 | 0.9268 | 0.8926 | 0.9195 | 0.0395 | 0.9131 | 0.8735 | 0.8851
0897 | 02:03:20 |   6.8s | 1.0e-04 | 0.0359 | 0.9264 | 0.8920 | 0.9190 | 0.0394 | 0.9103 | 0.8692 | 0.8727
0898 | 02:03:39 |  27.0s | 1.0e-04 | 0.0362 | 0.9267 | 0.8931 | 0.9206 | 0.0401 | 0.9117 | 0.8707 | 0.8777
0899 | 02:04:20 |  15.1s | 1.0e-04 | 0.0366 | 0.9277 | 0.8956 | 0.9236 | 0.0395 | 0.9113 | 0.8695 | 0.8740
0900 | 02:04:48 |   5.9s | 1.0e-04 | 0.0361 | 0.9283 | 0.8969 | 0.9254 | 0.0398 | 0.9057 | 0.8716 | 0.8727
0901 | 02:05:06 |   5.2s | 1.0e-04 | 0.0366 | 0.9282 | 0.8956 | 0.9241 | 0.0398 | 0.9044 | 0.8841 | 0.8849
0902 | 02:05:23 |  25.8s | 1.0e-04 | 0.0359 | 0.9286 | 0.8959 | 0.9248 | 0.0394 | 0.9197 | 0.8637 | 0.8810
0903 | 02:06:01 |  14.2s | 1.0e-04 | 0.0356 | 0.9296 | 0.8978 | 0.9273 | 0.0408 | 0.9145 | 0.8604 | 0.8673
0904 | 02:06:26 |   5.8s | 1.0e-04 | 0.0361 | 0.9293 | 0.8961 | 0.9253 | 0.0403 | 0.8981 | 0.8776 | 0.8654
0905 | 02:06:46 |   8.2s | 1.0e-04 | 0.0358 | 0.9291 | 0.8970 | 0.9265 | 0.0399 | 0.9140 | 0.8657 | 0.8720
0906 | 02:07:08 |  26.6s | 1.0e-04 | 0.0356 | 0.9292 | 0.8981 | 0.9276 | 0.0403 | 0.9124 | 0.8713 | 0.8773
0907 | 02:07:46 |   5.1s | 1.0e-04 | 0.0349 | 0.9281 | 0.8956 | 0.9245 | 0.0401 | 0.9104 | 0.8696 | 0.8751
0908 | 02:08:04 |   7.5s | 1.0e-04 | 0.0350 | 0.9281 | 0.8965 | 0.9251 | 0.0406 | 0.9094 | 0.8730 | 0.8762
0909 | 02:08:23 |   5.6s | 1.0e-04 | 0.0352 | 0.9288 | 0.8953 | 0.9242 | 0.0399 | 0.9136 | 0.8650 | 0.8727
0910 | 02:08:41 |  36.7s | 1.0e-04 | 0.0359 | 0.9273 | 0.8945 | 0.9221 | 0.0398 | 0.9102 | 0.8764 | 0.8812
0911 | 02:09:30 |   5.5s | 1.0e-04 | 0.0358 | 0.9282 | 0.8961 | 0.9246 | 0.0396 | 0.9054 | 0.8751 | 0.8743
0912 | 02:09:46 |   6.3s | 1.0e-04 | 0.0360 | 0.9288 | 0.8960 | 0.9251 | 0.0399 | 0.9049 | 0.8760 | 0.8741
0913 | 02:10:07 |   5.8s | 1.0e-04 | 0.0360 | 0.9277 | 0.8954 | 0.9232 | 0.0408 | 0.9076 | 0.8728 | 0.8724
0914 | 02:10:24 |  35.9s | 1.0e-04 | 0.0354 | 0.9288 | 0.8955 | 0.9244 | 0.0404 | 0.9114 | 0.8671 | 0.8722
0915 | 02:11:12 |   5.4s | 1.0e-04 | 0.0352 | 0.9295 | 0.8965 | 0.9263 | 0.0401 | 0.9111 | 0.8718 | 0.8792
0916 | 02:11:29 |   6.6s | 1.0e-04 | 0.0352 | 0.9289 | 0.8965 | 0.9257 | 0.0398 | 0.9115 | 0.8667 | 0.8743
0917 | 02:11:47 |  14.7s | 1.0e-04 | 0.0352 | 0.9287 | 0.8967 | 0.9257 | 0.0403 | 0.9210 | 0.8662 | 0.8833
0918 | 02:12:13 |  25.4s | 1.0e-04 | 0.0357 | 0.9264 | 0.8910 | 0.9174 | 0.0396 | 0.9104 | 0.8689 | 0.8746
0919 | 02:12:54 |   7.3s | 1.0e-04 | 0.0364 | 0.9265 | 0.8911 | 0.9173 | 0.0386 | 0.9162 | 0.8776 | 0.8896
0920 | 02:13:15 |   5.7s | 1.0e-04 | 0.0365 | 0.9262 | 0.8925 | 0.9189 | 0.0401 | 0.9077 | 0.8812 | 0.8844
0921 | 02:13:32 |  16.8s | 1.0e-04 | 0.0366 | 0.9274 | 0.8932 | 0.9211 | 0.0397 | 0.9124 | 0.8749 | 0.8847
0922 | 02:14:00 |  24.5s | 1.0e-04 | 0.0365 | 0.9273 | 0.8950 | 0.9224 | 0.0390 | 0.9111 | 0.8777 | 0.8854
0923 | 02:14:37 |   5.3s | 1.0e-04 | 0.0366 | 0.9263 | 0.8926 | 0.9191 | 0.0392 | 0.9092 | 0.8808 | 0.8862
0924 | 02:14:55 |   5.3s | 1.0e-04 | 0.0366 | 0.9261 | 0.8931 | 0.9198 | 0.0401 | 0.9110 | 0.8732 | 0.8761
0925 | 02:15:12 |  17.3s | 1.0e-04 | 0.0366 | 0.9264 | 0.8939 | 0.9207 | 0.0389 | 0.9127 | 0.8738 | 0.8823
0926 | 02:15:44 |  16.8s | 1.0e-04 | 0.0372 | 0.9270 | 0.8956 | 0.9228 | 0.0399 | 0.9007 | 0.8776 | 0.8701
0927 | 02:16:15 |   8.3s | 1.0e-04 | 0.0368 | 0.9272 | 0.8960 | 0.9234 | 0.0387 | 0.9090 | 0.8702 | 0.8731
0928 | 02:16:37 |   7.9s | 1.0e-04 | 0.0366 | 0.9276 | 0.8963 | 0.9243 | 0.0394 | 0.9168 | 0.8752 | 0.8898
0929 | 02:16:58 |  29.7s | 1.0e-04 | 0.0364 | 0.9284 | 0.8970 | 0.9255 | 0.0394 | 0.9082 | 0.8715 | 0.8744
0930 | 02:17:39 |  15.5s | 1.0e-04 | 0.0351 | 0.9282 | 0.8962 | 0.9248 | 0.0394 | 0.9069 | 0.8765 | 0.8777
0931 | 02:18:06 |   8.3s | 1.0e-04 | 0.0352 | 0.9289 | 0.8956 | 0.9249 | 0.0401 | 0.9093 | 0.8719 | 0.8756
0932 | 02:18:29 |   8.0s | 1.0e-04 | 0.0351 | 0.9285 | 0.8958 | 0.9247 | 0.0398 | 0.9023 | 0.8819 | 0.8784
0933 | 02:18:51 |  27.3s | 1.0e-04 | 0.0357 | 0.9280 | 0.8942 | 0.9226 | 0.0388 | 0.9141 | 0.8720 | 0.8815
0934 | 02:19:31 |  15.3s | 1.0e-04 | 0.0372 | 0.9248 | 0.8906 | 0.9159 | 0.0394 | 0.9087 | 0.8822 | 0.8882
0935 | 02:19:58 |   7.9s | 1.0e-04 | 0.0367 | 0.9243 | 0.8915 | 0.9165 | 0.0384 | 0.9137 | 0.8795 | 0.8923
0936 | 02:20:19 |   7.7s | 1.0e-04 | 0.0371 | 0.9244 | 0.8885 | 0.9134 | 0.0386 | 0.9131 | 0.8739 | 0.8843
0937 | 02:20:40 |  25.2s | 1.0e-04 | 0.0358 | 0.9264 | 0.8912 | 0.9183 | 0.0388 | 0.9181 | 0.8655 | 0.8789
0938 | 02:21:18 |  14.6s | 1.0e-04 | 0.0351 | 0.9268 | 0.8900 | 0.9170 | 0.0393 | 0.9176 | 0.8684 | 0.8811
0939 | 02:21:44 |   5.4s | 1.0e-04 | 0.0350 | 0.9250 | 0.8879 | 0.9131 | 0.0395 | 0.9201 | 0.8584 | 0.8752
0940 | 02:22:05 |   7.2s | 1.0e-04 | 0.0353 | 0.9258 | 0.8879 | 0.9139 | 0.0388 | 0.9138 | 0.8710 | 0.8795
0941 | 02:22:26 |  26.6s | 1.0e-04 | 0.0359 | 0.9264 | 0.8917 | 0.9183 | 0.0398 | 0.9079 | 0.8708 | 0.8699
0942 | 02:23:07 |  16.8s | 1.0e-04 | 0.0369 | 0.9277 | 0.8978 | 0.9259 | 0.0391 | 0.9048 | 0.8894 | 0.8906
0943 | 02:23:35 |   5.1s | 1.0e-04 | 0.0371 | 0.9282 | 0.8976 | 0.9261 | 0.0392 | 0.9161 | 0.8680 | 0.8785
0944 | 02:23:53 |   7.1s | 1.0e-04 | 0.0372 | 0.9281 | 0.8979 | 0.9262 | 0.0395 | 0.9042 | 0.8793 | 0.8783
0945 | 02:24:14 |  26.1s | 1.0e-04 | 0.0358 | 0.9287 | 0.8979 | 0.9269 | 0.0393 | 0.9109 | 0.8711 | 0.8775
0946 | 02:24:51 |  15.7s | 1.0e-04 | 0.0349 | 0.9294 | 0.8957 | 0.9256 | 0.0401 | 0.9139 | 0.8715 | 0.8825
0947 | 02:25:18 |   6.4s | 1.0e-04 | 0.0348 | 0.9294 | 0.8960 | 0.9257 | 0.0391 | 0.9084 | 0.8721 | 0.8714
0948 | 02:25:36 |   5.5s | 1.0e-04 | 0.0347 | 0.9295 | 0.8960 | 0.9256 | 0.0402 | 0.9066 | 0.8684 | 0.8693
0949 | 02:25:54 |  34.2s | 1.0e-04 | 0.0351 | 0.9288 | 0.8961 | 0.9253 | 0.0400 | 0.9082 | 0.8714 | 0.8723
0950 | 02:26:39 |   5.5s | 1.0e-04 | 0.0353 | 0.9289 | 0.8959 | 0.9250 | 0.0397 | 0.9159 | 0.8696 | 0.8826
0951 | 02:26:59 |   7.5s | 1.0e-04 | 0.0352 | 0.9281 | 0.8949 | 0.9234 | 0.0399 | 0.9122 | 0.8720 | 0.8788
0952 | 02:27:18 |   5.7s | 1.0e-04 | 0.0356 | 0.9280 | 0.8958 | 0.9239 | 0.0402 | 0.9098 | 0.8692 | 0.8709
0953 | 02:27:36 |  36.5s | 1.0e-04 | 0.0349 | 0.9289 | 0.8970 | 0.9261 | 0.0401 | 0.9156 | 0.8642 | 0.8725
0954 | 02:28:25 |   5.8s | 1.0e-04 | 0.0355 | 0.9299 | 0.8982 | 0.9283 | 0.0399 | 0.9088 | 0.8730 | 0.8761
0955 | 02:28:42 |   6.5s | 1.0e-04 | 0.0355 | 0.9292 | 0.8988 | 0.9281 | 0.0392 | 0.9081 | 0.8691 | 0.8739
0956 | 02:29:01 |   6.2s | 1.0e-04 | 0.0355 | 0.9289 | 0.8979 | 0.9269 | 0.0394 | 0.9169 | 0.8672 | 0.8791
0957 | 02:29:19 |  25.2s | 1.0e-04 | 0.0355 | 0.9276 | 0.8946 | 0.9224 | 0.0401 | 0.9108 | 0.8752 | 0.8813
0958 | 02:29:59 |   7.2s | 1.0e-04 | 0.0351 | 0.9287 | 0.8961 | 0.9251 | 0.0394 | 0.9028 | 0.8808 | 0.8774
0959 | 02:30:19 |   5.7s | 1.0e-04 | 0.0353 | 0.9291 | 0.8966 | 0.9260 | 0.0403 | 0.9162 | 0.8645 | 0.8787
0960 | 02:30:36 |  17.1s | 1.0e-04 | 0.0352 | 0.9290 | 0.8959 | 0.9250 | 0.0392 | 0.9152 | 0.8695 | 0.8797
0961 | 02:31:05 |  26.7s | 1.0e-04 | 0.0355 | 0.9271 | 0.8924 | 0.9194 | 0.0397 | 0.9205 | 0.8631 | 0.8804
0962 | 02:31:45 |   6.8s | 1.0e-04 | 0.0353 | 0.9268 | 0.8898 | 0.9160 | 0.0386 | 0.9088 | 0.8764 | 0.8777
0963 | 02:32:05 |   5.8s | 1.0e-04 | 0.0351 | 0.9268 | 0.8911 | 0.9178 | 0.0391 | 0.9123 | 0.8753 | 0.8845
0964 | 02:32:22 |  17.3s | 1.0e-04 | 0.0349 | 0.9276 | 0.8916 | 0.9197 | 0.0395 | 0.9088 | 0.8746 | 0.8777
0965 | 02:32:53 |  27.9s | 1.0e-04 | 0.0356 | 0.9282 | 0.8930 | 0.9213 | 0.0394 | 0.9111 | 0.8806 | 0.8876
0966 | 02:33:37 |   7.1s | 1.0e-04 | 0.0362 | 0.9284 | 0.8935 | 0.9221 | 0.0393 | 0.9042 | 0.8811 | 0.8802
0967 | 02:33:58 |   7.1s | 1.0e-04 | 0.0355 | 0.9285 | 0.8949 | 0.9238 | 0.0395 | 0.9056 | 0.8794 | 0.8810
0968 | 02:34:19 |  27.2s | 1.0e-04 | 0.0366 | 0.9275 | 0.8943 | 0.9225 | 0.0388 | 0.9143 | 0.8744 | 0.8839
0969 | 02:34:59 |  14.5s | 1.0e-04 | 0.0355 | 0.9292 | 0.8967 | 0.9260 | 0.0397 | 0.9111 | 0.8805 | 0.8868
0970 | 02:35:25 |   5.2s | 1.0e-04 | 0.0357 | 0.9282 | 0.8965 | 0.9252 | 0.0401 | 0.9010 | 0.8814 | 0.8750
0971 | 02:35:43 |   5.2s | 1.0e-04 | 0.0354 | 0.9279 | 0.8966 | 0.9250 | 0.0397 | 0.9080 | 0.8700 | 0.8688
0972 | 02:36:01 |  25.0s | 1.0e-04 | 0.0353 | 0.9288 | 0.8970 | 0.9264 | 0.0390 | 0.9099 | 0.8792 | 0.8843
0973 | 02:36:37 |  14.6s | 1.0e-04 | 0.0354 | 0.9298 | 0.8995 | 0.9294 | 0.0400 | 0.9077 | 0.8759 | 0.8780
0974 | 02:37:03 |   6.8s | 1.0e-04 | 0.0361 | 0.9285 | 0.8976 | 0.9264 | 0.0394 | 0.9088 | 0.8811 | 0.8879
0975 | 02:37:22 |   6.4s | 1.0e-04 | 0.0354 | 0.9303 | 0.8994 | 0.9299 | 0.0403 | 0.9068 | 0.8711 | 0.8717
0976 | 02:37:41 |  23.7s | 1.0e-04 | 0.0354 | 0.9296 | 0.8988 | 0.9285 | 0.0400 | 0.9085 | 0.8771 | 0.8819
0977 | 02:38:16 |  16.1s | 1.0e-04 | 0.0352 | 0.9294 | 0.8977 | 0.9274 | 0.0400 | 0.9131 | 0.8699 | 0.8775
0978 | 02:38:43 |   5.3s | 1.0e-04 | 0.0349 | 0.9297 | 0.8974 | 0.9273 | 0.0399 | 0.9018 | 0.8747 | 0.8694
0979 | 02:39:00 |   8.4s | 1.0e-04 | 0.0353 | 0.9288 | 0.8981 | 0.9271 | 0.0395 | 0.9058 | 0.8731 | 0.8724
0980 | 02:39:23 |  27.3s | 1.0e-04 | 0.0353 | 0.9279 | 0.8946 | 0.9229 | 0.0399 | 0.9177 | 0.8685 | 0.8825
0981 | 02:40:05 |  17.6s | 1.0e-04 | 0.0341 | 0.9284 | 0.8926 | 0.9209 | 0.0397 | 0.9124 | 0.8737 | 0.8812
0982 | 02:40:34 |   5.6s | 1.0e-04 | 0.0339 | 0.9278 | 0.8910 | 0.9189 | 0.0397 | 0.9121 | 0.8684 | 0.8749
0983 | 02:40:53 |   5.8s | 1.0e-04 | 0.0336 | 0.9281 | 0.8918 | 0.9205 | 0.0394 | 0.9112 | 0.8679 | 0.8705
0984 | 02:41:11 |  27.0s | 1.0e-04 | 0.0342 | 0.9290 | 0.8957 | 0.9251 | 0.0394 | 0.8978 | 0.8800 | 0.8729
0985 | 02:41:53 |  15.6s | 1.0e-04 | 0.0365 | 0.9274 | 0.8956 | 0.9232 | 0.0394 | 0.9141 | 0.8735 | 0.8796
0986 | 02:42:19 |   5.3s | 1.0e-04 | 0.0369 | 0.9278 | 0.8963 | 0.9244 | 0.0397 | 0.9106 | 0.8747 | 0.8822
0987 | 02:42:39 |   7.8s | 1.0e-04 | 0.0366 | 0.9279 | 0.8976 | 0.9257 | 0.0389 | 0.9079 | 0.8761 | 0.8785
0988 | 02:43:00 |  27.0s | 1.0e-04 | 0.0363 | 0.9271 | 0.8938 | 0.9212 | 0.0396 | 0.9081 | 0.8702 | 0.8713
0989 | 02:43:38 |  15.9s | 1.0e-04 | 0.0345 | 0.9290 | 0.8965 | 0.9259 | 0.0402 | 0.9113 | 0.8636 | 0.8657
0990 | 02:44:05 |   5.5s | 1.0e-04 | 0.0345 | 0.9295 | 0.8968 | 0.9263 | 0.0396 | 0.9113 | 0.8746 | 0.8815
0991 | 02:44:22 |   6.3s | 1.0e-04 | 0.0345 | 0.9301 | 0.8988 | 0.9290 | 0.0402 | 0.9159 | 0.8712 | 0.8836
0992 | 02:44:42 |  34.4s | 1.0e-04 | 0.0344 | 0.9304 | 0.8985 | 0.9292 | 0.0398 | 0.9102 | 0.8729 | 0.8771
0993 | 02:45:27 |   6.1s | 1.0e-04 | 0.0356 | 0.9288 | 0.8959 | 0.9251 | 0.0400 | 0.9106 | 0.8672 | 0.8712
0994 | 02:45:46 |   6.4s | 1.0e-04 | 0.0352 | 0.9284 | 0.8975 | 0.9261 | 0.0400 | 0.9183 | 0.8567 | 0.8696
0995 | 02:46:04 |   6.2s | 1.0e-04 | 0.0351 | 0.9290 | 0.8964 | 0.9257 | 0.0393 | 0.9187 | 0.8725 | 0.8872
0996 | 02:46:22 |  38.1s | 1.0e-04 | 0.0365 | 0.9285 | 0.8976 | 0.9261 | 0.0388 | 0.9175 | 0.8742 | 0.8886
0997 | 02:47:12 |   5.6s | 1.0e-04 | 0.0372 | 0.9264 | 0.8955 | 0.9221 | 0.0384 | 0.9061 | 0.8795 | 0.8796
0998 | 02:47:29 |   6.1s | 1.0e-04 | 0.0373 | 0.9259 | 0.8952 | 0.9212 | 0.0394 | 0.9077 | 0.8749 | 0.8770
0999 | 02:47:49 |  16.4s | 1.0e-04 | 0.0371 | 0.9267 | 0.8949 | 0.9222 | 0.0389 | 0.9194 | 0.8725 | 0.8883
1000 | 02:48:18 |  26.4s | 1.0e-04 | 0.0370 | 0.9269 | 0.8962 | 0.9233 | 0.0396 | 0.9088 | 0.8782 | 0.8827
