timestamp,gpu_id,name,utilization_gpu_pct,utilization_mem_pct,memory_used_mib,memory_total_mib,temperature_gpu_c,power_draw_w
2026/03/25 18:16:22.874,0,NVIDIA GeForce RTX 4090,0,0,2642,24564,35,123.30
2026/03/25 18:16:22.880,1,NVIDIA GeForce RTX 4080,3,3,14457,16376,40,119.98
2026/03/25 18:16:52.935,0,NVIDIA GeForce RTX 4090,49,33,2642,24564,37,288.30
2026/03/25 18:16:52.966,1,NVIDIA GeForce RTX 4080,0,0,14457,16376,40,135.08
2026/03/25 18:17:23.014,0,NVIDIA GeForce RTX 4090,0,0,2642,24564,35,77.08
2026/03/25 18:17:23.021,1,NVIDIA GeForce RTX 4080,0,0,14457,16376,39,65.51
2026/03/25 18:17:53.076,0,NVIDIA GeForce RTX 4090,67,47,2642,24564,44,186.44
2026/03/25 18:17:53.082,1,NVIDIA GeForce RTX 4080,70,45,14457,16376,53,113.49
2026/03/25 18:18:23.135,0,NVIDIA GeForce RTX 4090,0,0,2642,24564,36,104.70
2026/03/25 18:18:23.140,1,NVIDIA GeForce RTX 4080,77,51,14457,16376,54,251.58
2026/03/25 18:18:53.195,0,NVIDIA GeForce RTX 4090,0,0,2642,24564,35,66.82
2026/03/25 18:18:53.200,1,NVIDIA GeForce RTX 4080,0,0,14457,16376,38,57.04
2026/03/25 18:19:23.250,0,NVIDIA GeForce RTX 4090,0,0,2642,24564,35,66.18
2026/03/25 18:19:23.256,1,NVIDIA GeForce RTX 4080,8,7,14457,16376,39,57.13
2026/03/25 18:19:53.306,0,NVIDIA GeForce RTX 4090,0,0,2642,24564,36,162.56
2026/03/25 18:19:53.317,1,NVIDIA GeForce RTX 4080,0,0,14457,16376,39,74.41
2026/03/25 18:20:23.371,0,NVIDIA GeForce RTX 4090,62,42,2642,24564,43,184.01
2026/03/25 18:20:23.377,1,NVIDIA GeForce RTX 4080,0,0,14457,16376,39,74.28
2026/03/25 18:20:53.431,0,NVIDIA GeForce RTX 4090,0,0,2642,24564,37,223.80
2026/03/25 18:20:53.437,1,NVIDIA GeForce RTX 4080,76,57,14457,16376,53,179.07
2026/03/25 18:21:23.493,0,NVIDIA GeForce RTX 4090,0,0,2642,24564,40,83.43
2026/03/25 18:21:23.499,1,NVIDIA GeForce RTX 4080,82,57,14457,16376,52,161.65
2026/03/25 18:21:53.552,0,NVIDIA GeForce RTX 4090,0,0,2642,24564,36,116.69
2026/03/25 18:21:53.557,1,NVIDIA GeForce RTX 4080,0,0,14457,16376,40,114.33
2026/03/25 18:22:23.610,0,NVIDIA GeForce RTX 4090,0,0,2642,24564,36,118.94
2026/03/25 18:22:23.616,1,NVIDIA GeForce RTX 4080,0,0,14457,16376,41,149.53
2026/03/25 18:22:53.667,0,NVIDIA GeForce RTX 4090,64,44,2642,24564,41,174.23
2026/03/25 18:22:53.673,1,NVIDIA GeForce RTX 4080,78,52,14457,16376,51,241.38
2026/03/25 18:23:23.726,0,NVIDIA GeForce RTX 4090,0,0,2642,24564,36,149.85
2026/03/25 18:23:23.731,1,NVIDIA GeForce RTX 4080,71,48,14457,16376,55,247.52
2026/03/25 18:23:53.787,0,NVIDIA GeForce RTX 4090,0,0,2642,24564,36,110.47
2026/03/25 18:23:53.792,1,NVIDIA GeForce RTX 4080,65,44,14457,16376,54,244.57
2026/03/25 18:24:23.846,0,NVIDIA GeForce RTX 4090,0,0,2642,24564,37,240.66
2026/03/25 18:24:23.852,1,NVIDIA GeForce RTX 4080,71,47,14457,16376,54,244.96
2026/03/25 18:24:53.945,0,NVIDIA GeForce RTX 4090,0,0,2642,24564,36,67.41
2026/03/25 18:24:53.951,1,NVIDIA GeForce RTX 4080,75,51,14457,16376,52,254.08
2026/03/25 18:25:24.038,0,NVIDIA GeForce RTX 4090,0,0,2642,24564,36,92.88
2026/03/25 18:25:24.044,1,NVIDIA GeForce RTX 4080,74,49,14457,16376,52,251.13
2026/03/25 18:25:54.097,0,NVIDIA GeForce RTX 4090,0,0,2,24564,32,25.96
2026/03/25 18:25:54.111,1,NVIDIA GeForce RTX 4080,0,0,11678,16376,37,60.09
2026/03/25 18:26:24.160,0,NVIDIA GeForce RTX 4090,0,0,2,24564,33,25.91
2026/03/25 18:26:24.168,1,NVIDIA GeForce RTX 4080,0,0,11678,16376,35,59.92
2026/03/25 18:26:54.218,0,NVIDIA GeForce RTX 4090,0,0,2180,24564,38,79.60
2026/03/25 18:26:54.223,1,NVIDIA GeForce RTX 4080,0,0,11965,16376,34,56.54
2026/03/25 18:27:24.276,0,NVIDIA GeForce RTX 4090,56,39,2180,24564,41,328.74
2026/03/25 18:27:24.282,1,NVIDIA GeForce RTX 4080,82,55,13599,16376,53,277.63
2026/03/25 18:27:54.343,0,NVIDIA GeForce RTX 4090,73,50,2180,24564,46,335.15
2026/03/25 18:27:54.350,1,NVIDIA GeForce RTX 4080,79,52,13599,16376,53,241.49
2026/03/25 18:28:24.404,0,NVIDIA GeForce RTX 4090,0,0,2518,24564,35,66.47
2026/03/25 18:28:24.409,1,NVIDIA GeForce RTX 4080,0,0,13811,16376,39,60.39
2026/03/25 18:28:54.460,0,NVIDIA GeForce RTX 4090,0,0,2518,24564,38,237.78
2026/03/25 18:28:54.469,1,NVIDIA GeForce RTX 4080,0,0,14149,16376,41,150.32
2026/03/25 18:29:24.514,0,NVIDIA GeForce RTX 4090,69,48,2518,24564,44,320.80
2026/03/25 18:29:24.523,1,NVIDIA GeForce RTX 4080,83,54,14149,16376,53,250.19
2026/03/25 18:29:54.577,0,NVIDIA GeForce RTX 4090,0,0,2518,24564,36,67.60
2026/03/25 18:29:54.584,1,NVIDIA GeForce RTX 4080,0,0,14149,16376,40,56.83
2026/03/25 18:30:24.623,0,NVIDIA GeForce RTX 4090,0,0,2518,24564,36,67.39
2026/03/25 18:30:24.628,1,NVIDIA GeForce RTX 4080,0,0,14149,16376,40,70.46
2026/03/25 18:30:54.677,0,NVIDIA GeForce RTX 4090,0,0,2518,24564,37,68.18
2026/03/25 18:30:54.682,1,NVIDIA GeForce RTX 4080,10,9,14149,16376,44,201.75
2026/03/25 18:31:24.733,0,NVIDIA GeForce RTX 4090,0,0,2518,24564,37,67.79
2026/03/25 18:31:24.741,1,NVIDIA GeForce RTX 4080,0,0,14149,16376,39,60.38
2026/03/25 18:31:54.790,0,NVIDIA GeForce RTX 4090,14,9,2518,24564,41,73.63
2026/03/25 18:31:54.799,1,NVIDIA GeForce RTX 4080,0,0,14149,16376,40,60.74
2026/03/25 18:32:24.848,0,NVIDIA GeForce RTX 4090,83,57,2518,24564,49,356.08
2026/03/25 18:32:24.857,1,NVIDIA GeForce RTX 4080,21,21,14149,16376,43,79.41
2026/03/25 18:32:54.906,0,NVIDIA GeForce RTX 4090,77,54,2518,24564,47,318.85
2026/03/25 18:32:54.916,1,NVIDIA GeForce RTX 4080,79,53,14149,16376,52,189.52
2026/03/25 18:33:25.008,0,NVIDIA GeForce RTX 4090,67,47,2520,24564,44,301.39
2026/03/25 18:33:25.015,1,NVIDIA GeForce RTX 4080,84,56,14149,16376,54,121.22
2026/03/25 18:33:55.059,0,NVIDIA GeForce RTX 4090,0,0,2520,24564,39,127.94
2026/03/25 18:33:55.064,1,NVIDIA GeForce RTX 4080,0,0,14149,16376,41,70.92
2026/03/25 18:34:25.114,0,NVIDIA GeForce RTX 4090,0,0,2520,24564,37,68.87
2026/03/25 18:34:25.120,1,NVIDIA GeForce RTX 4080,0,0,14149,16376,41,57.30
2026/03/25 18:34:55.170,0,NVIDIA GeForce RTX 4090,55,39,2520,24564,44,318.99
2026/03/25 18:34:55.179,1,NVIDIA GeForce RTX 4080,0,0,14149,16376,44,121.74
2026/03/25 18:35:25.238,0,NVIDIA GeForce RTX 4090,74,52,2520,24564,46,328.34
2026/03/25 18:35:25.251,1,NVIDIA GeForce RTX 4080,75,50,14149,16376,56,265.45
2026/03/25 18:35:55.303,0,NVIDIA GeForce RTX 4090,47,31,2520,24564,41,153.73
2026/03/25 18:35:55.308,1,NVIDIA GeForce RTX 4080,80,57,14149,16376,58,264.90
2026/03/25 18:36:25.352,0,NVIDIA GeForce RTX 4090,77,53,2520,24564,46,342.78
2026/03/25 18:36:25.358,1,NVIDIA GeForce RTX 4080,10,9,14149,16376,42,69.11
2026/03/25 18:36:55.394,0,NVIDIA GeForce RTX 4090,57,40,2520,24564,47,309.69
2026/03/25 18:36:55.403,1,NVIDIA GeForce RTX 4080,0,0,14149,16376,42,61.18
2026/03/25 18:37:25.445,0,NVIDIA GeForce RTX 4090,69,48,2520,24564,44,183.64
2026/03/25 18:37:25.454,1,NVIDIA GeForce RTX 4080,0,0,14149,16376,41,70.55
2026/03/25 18:37:55.491,0,NVIDIA GeForce RTX 4090,68,48,2520,24564,45,285.69
2026/03/25 18:37:55.503,1,NVIDIA GeForce RTX 4080,0,0,14149,16376,44,130.74
2026/03/25 18:38:25.551,0,NVIDIA GeForce RTX 4090,65,45,2520,24564,44,320.90
2026/03/25 18:38:25.559,1,NVIDIA GeForce RTX 4080,81,53,14149,16376,55,273.11
2026/03/25 18:38:55.647,0,NVIDIA GeForce RTX 4090,0,0,2520,24564,38,114.17
2026/03/25 18:38:55.652,1,NVIDIA GeForce RTX 4080,0,0,14149,16376,42,71.08
2026/03/25 18:39:25.692,0,NVIDIA GeForce RTX 4090,70,49,2520,24564,46,335.58
2026/03/25 18:39:25.699,1,NVIDIA GeForce RTX 4080,73,49,14149,16376,56,264.73
2026/03/25 18:39:55.742,0,NVIDIA GeForce RTX 4090,66,46,2520,24564,44,317.39
2026/03/25 18:39:55.749,1,NVIDIA GeForce RTX 4080,0,0,14149,16376,41,61.28
2026/03/25 18:40:25.800,0,NVIDIA GeForce RTX 4090,0,0,2520,24564,39,120.62
2026/03/25 18:40:25.806,1,NVIDIA GeForce RTX 4080,0,0,14149,16376,41,57.33
2026/03/25 18:40:55.859,0,NVIDIA GeForce RTX 4090,63,44,2520,24564,46,328.49
2026/03/25 18:40:55.869,1,NVIDIA GeForce RTX 4080,18,18,14149,16376,41,63.97
2026/03/25 18:41:25.929,0,NVIDIA GeForce RTX 4090,80,55,2520,24564,46,341.99
2026/03/25 18:41:25.939,1,NVIDIA GeForce RTX 4080,81,54,14149,16376,59,266.37
2026/03/25 18:41:55.986,0,NVIDIA GeForce RTX 4090,58,40,2520,24564,45,327.58
2026/03/25 18:41:55.993,1,NVIDIA GeForce RTX 4080,89,65,14149,16376,56,272.99
2026/03/25 18:42:26.074,0,NVIDIA GeForce RTX 4090,0,0,2520,24564,37,105.12
2026/03/25 18:42:26.079,1,NVIDIA GeForce RTX 4080,0,0,14149,16376,41,57.82
2026/03/25 18:42:56.128,0,NVIDIA GeForce RTX 4090,0,0,2520,24564,37,72.70
2026/03/25 18:42:56.133,1,NVIDIA GeForce RTX 4080,16,10,14149,16376,42,68.43
2026/03/25 18:43:26.177,0,NVIDIA GeForce RTX 4090,0,0,2520,24564,38,78.88
2026/03/25 18:43:26.183,1,NVIDIA GeForce RTX 4080,81,54,14149,16376,56,268.90
2026/03/25 18:43:56.237,0,NVIDIA GeForce RTX 4090,0,0,2520,24564,36,68.25
2026/03/25 18:43:56.242,1,NVIDIA GeForce RTX 4080,79,53,14149,16376,57,267.52
2026/03/25 18:44:26.295,0,NVIDIA GeForce RTX 4090,0,0,2520,24564,39,228.84
2026/03/25 18:44:26.303,1,NVIDIA GeForce RTX 4080,57,38,14149,16376,53,148.23
2026/03/25 18:44:56.401,0,NVIDIA GeForce RTX 4090,0,0,2520,24564,38,69.23
2026/03/25 18:44:56.406,1,NVIDIA GeForce RTX 4080,90,66,14149,16376,56,275.79
2026/03/25 18:45:26.489,0,NVIDIA GeForce RTX 4090,0,0,2520,24564,37,68.39
2026/03/25 18:45:26.494,1,NVIDIA GeForce RTX 4080,0,0,14149,16376,41,58.09
2026/03/25 18:45:56.544,0,NVIDIA GeForce RTX 4090,66,46,2520,24564,45,322.71
2026/03/25 18:45:56.554,1,NVIDIA GeForce RTX 4080,0,0,14149,16376,41,61.63
2026/03/25 18:46:26.600,0,NVIDIA GeForce RTX 4090,78,54,2520,24564,46,351.61
2026/03/25 18:46:26.607,1,NVIDIA GeForce RTX 4080,81,53,14149,16376,58,269.88
2026/03/25 18:46:56.665,0,NVIDIA GeForce RTX 4090,68,46,2520,24564,45,316.64
2026/03/25 18:46:56.676,1,NVIDIA GeForce RTX 4080,81,60,14149,16376,54,259.60
2026/03/25 18:47:26.720,0,NVIDIA GeForce RTX 4090,72,51,2520,24564,43,145.96
2026/03/25 18:47:26.740,1,NVIDIA GeForce RTX 4080,21,21,14149,16376,41,62.28
2026/03/25 18:47:56.791,0,NVIDIA GeForce RTX 4090,0,0,2520,24564,37,68.56
2026/03/25 18:47:56.796,1,NVIDIA GeForce RTX 4080,0,0,14149,16376,45,75.18
2026/03/25 18:48:26.845,0,NVIDIA GeForce RTX 4090,77,54,2520,24564,46,338.90
2026/03/25 18:48:26.852,1,NVIDIA GeForce RTX 4080,80,53,14149,16376,57,268.86
2026/03/25 18:48:56.895,0,NVIDIA GeForce RTX 4090,31,21,2520,24564,37,224.13
2026/03/25 18:48:56.900,1,NVIDIA GeForce RTX 4080,0,0,14149,16376,41,60.29
2026/03/25 18:49:26.946,0,NVIDIA GeForce RTX 4090,63,43,2520,24564,46,320.69
2026/03/25 18:49:26.954,1,NVIDIA GeForce RTX 4080,59,42,14149,16376,50,194.69
2026/03/25 18:49:57.019,0,NVIDIA GeForce RTX 4090,67,47,2520,24564,45,306.10
2026/03/25 18:49:57.029,1,NVIDIA GeForce RTX 4080,0,0,14149,16376,42,63.60
2026/03/25 18:50:27.070,0,NVIDIA GeForce RTX 4090,48,32,2520,24564,39,233.16
2026/03/25 18:50:27.074,1,NVIDIA GeForce RTX 4080,84,56,14149,16376,57,270.59
2026/03/25 18:50:57.130,0,NVIDIA GeForce RTX 4090,0,0,2520,24564,40,211.32
2026/03/25 18:50:57.139,1,NVIDIA GeForce RTX 4080,0,0,14149,16376,41,62.06
2026/03/25 18:51:27.190,0,NVIDIA GeForce RTX 4090,62,44,2520,24564,45,331.49
2026/03/25 18:51:27.197,1,NVIDIA GeForce RTX 4080,0,0,14149,16376,42,72.45
2026/03/25 18:51:57.253,0,NVIDIA GeForce RTX 4090,0,0,2520,24564,37,67.91
2026/03/25 18:51:57.259,1,NVIDIA GeForce RTX 4080,78,53,14149,16376,54,264.86
2026/03/25 18:52:27.310,0,NVIDIA GeForce RTX 4090,67,47,2520,24564,46,273.91
2026/03/25 18:52:27.319,1,NVIDIA GeForce RTX 4080,0,0,14149,16376,41,60.97
2026/03/25 18:52:57.370,0,NVIDIA GeForce RTX 4090,0,0,2520,24564,37,67.90
2026/03/25 18:52:57.376,1,NVIDIA GeForce RTX 4080,16,18,14149,16376,43,75.46
2026/03/25 18:53:27.413,0,NVIDIA GeForce RTX 4090,71,50,2520,24564,47,331.94
2026/03/25 18:53:27.420,1,NVIDIA GeForce RTX 4080,81,54,14149,16376,57,268.35
2026/03/25 18:53:57.474,0,NVIDIA GeForce RTX 4090,75,52,2520,24564,48,340.22
2026/03/25 18:53:57.485,1,NVIDIA GeForce RTX 4080,82,54,14149,16376,52,149.38
2026/03/25 18:54:27.564,0,NVIDIA GeForce RTX 4090,0,0,2520,24564,38,80.19
2026/03/25 18:54:27.570,1,NVIDIA GeForce RTX 4080,21,21,14149,16376,42,63.60
2026/03/25 18:54:57.610,0,NVIDIA GeForce RTX 4090,68,48,2520,24564,43,159.59
2026/03/25 18:54:57.617,1,NVIDIA GeForce RTX 4080,0,0,14149,16376,41,79.99
2026/03/25 18:55:27.668,0,NVIDIA GeForce RTX 4090,0,0,2520,24564,36,71.53
2026/03/25 18:55:27.674,1,NVIDIA GeForce RTX 4080,5,5,14149,16376,40,57.05
2026/03/25 18:55:57.725,0,NVIDIA GeForce RTX 4090,0,0,2520,24564,39,232.70
2026/03/25 18:55:57.731,1,NVIDIA GeForce RTX 4080,81,53,14149,16376,57,270.07
2026/03/25 18:56:27.782,0,NVIDIA GeForce RTX 4090,0,0,2520,24564,39,131.70
2026/03/25 18:56:27.787,1,NVIDIA GeForce RTX 4080,81,60,14149,16376,53,258.78
2026/03/25 18:56:57.841,0,NVIDIA GeForce RTX 4090,67,47,2520,24564,44,340.28
2026/03/25 18:56:57.849,1,NVIDIA GeForce RTX 4080,0,0,14149,16376,39,63.80
2026/03/25 18:57:27.903,0,NVIDIA GeForce RTX 4090,72,49,2520,24564,45,165.88
2026/03/25 18:57:27.910,1,NVIDIA GeForce RTX 4080,81,54,14149,16376,55,273.10
2026/03/25 18:57:57.955,0,NVIDIA GeForce RTX 4090,0,0,2520,24564,37,66.53
2026/03/25 18:57:57.961,1,NVIDIA GeForce RTX 4080,0,0,14149,16376,40,57.13
2026/03/25 18:58:28.014,0,NVIDIA GeForce RTX 4090,72,49,2520,24564,40,333.78
2026/03/25 18:58:28.032,1,NVIDIA GeForce RTX 4080,78,52,14149,16376,57,268.69
2026/03/25 18:58:58.073,0,NVIDIA GeForce RTX 4090,72,50,2520,24564,46,329.90
2026/03/25 18:58:58.081,1,NVIDIA GeForce RTX 4080,0,0,14149,16376,43,89.66
2026/03/25 18:59:28.177,0,NVIDIA GeForce RTX 4090,68,48,2520,24564,45,321.96
2026/03/25 18:59:28.183,1,NVIDIA GeForce RTX 4080,0,0,14149,16376,41,63.97
2026/03/25 18:59:58.230,0,NVIDIA GeForce RTX 4090,76,53,2520,24564,45,326.54
2026/03/25 18:59:58.235,1,NVIDIA GeForce RTX 4080,89,64,14149,16376,58,271.77
2026/03/25 19:00:28.278,0,NVIDIA GeForce RTX 4090,0,0,2520,24564,37,105.04
2026/03/25 19:00:28.283,1,NVIDIA GeForce RTX 4080,21,21,14149,16376,40,59.87
2026/03/25 19:00:58.336,0,NVIDIA GeForce RTX 4090,0,0,2520,24564,37,72.37
2026/03/25 19:00:58.341,1,NVIDIA GeForce RTX 4080,84,56,14149,16376,54,271.10
2026/03/25 19:01:28.395,0,NVIDIA GeForce RTX 4090,0,0,2520,24564,38,76.84
2026/03/25 19:01:28.401,1,NVIDIA GeForce RTX 4080,79,52,14149,16376,55,268.13
2026/03/25 19:01:58.455,0,NVIDIA GeForce RTX 4090,0,0,2520,24564,37,72.05
2026/03/25 19:01:58.462,1,NVIDIA GeForce RTX 4080,77,51,14149,16376,55,261.89
2026/03/25 19:02:28.530,0,NVIDIA GeForce RTX 4090,0,0,2520,24564,37,66.44
2026/03/25 19:02:28.538,1,NVIDIA GeForce RTX 4080,0,0,14149,16376,40,59.98
2026/03/25 19:02:58.591,0,NVIDIA GeForce RTX 4090,0,0,2520,24564,39,109.67
2026/03/25 19:02:58.596,1,NVIDIA GeForce RTX 4080,0,0,14149,16376,41,71.69
2026/03/25 19:03:28.638,0,NVIDIA GeForce RTX 4090,76,52,2520,24564,42,119.38
2026/03/25 19:03:28.648,1,NVIDIA GeForce RTX 4080,87,64,14149,16376,53,276.73
2026/03/25 19:03:58.700,0,NVIDIA GeForce RTX 4090,0,0,2520,24564,36,70.18
2026/03/25 19:03:58.706,1,NVIDIA GeForce RTX 4080,0,0,14149,16376,42,96.41
2026/03/25 19:04:28.748,0,NVIDIA GeForce RTX 4090,0,0,2520,24564,37,66.58
2026/03/25 19:04:28.754,1,NVIDIA GeForce RTX 4080,0,0,14149,16376,41,61.83
2026/03/25 19:04:58.800,0,NVIDIA GeForce RTX 4090,73,51,2520,24564,46,349.78
2026/03/25 19:04:58.809,1,NVIDIA GeForce RTX 4080,0,0,14149,16376,40,61.20
2026/03/25 19:05:28.863,0,NVIDIA GeForce RTX 4090,0,0,2520,24564,36,67.60
2026/03/25 19:05:28.869,1,NVIDIA GeForce RTX 4080,0,0,14149,16376,41,60.51
2026/03/25 19:05:58.913,0,NVIDIA GeForce RTX 4090,0,0,2520,24564,37,115.18
2026/03/25 19:05:58.917,1,NVIDIA GeForce RTX 4080,83,61,14149,16376,54,269.57
2026/03/25 19:06:28.963,0,NVIDIA GeForce RTX 4090,73,50,2520,24564,45,326.67
2026/03/25 19:06:28.973,1,NVIDIA GeForce RTX 4080,48,32,14149,16376,47,190.86
2026/03/25 19:06:59.025,0,NVIDIA GeForce RTX 4090,0,0,2520,24564,39,113.27
2026/03/25 19:06:59.030,1,NVIDIA GeForce RTX 4080,0,0,14149,16376,41,57.03
2026/03/25 19:07:29.085,0,NVIDIA GeForce RTX 4090,7,5,2520,24564,38,83.71
2026/03/25 19:07:29.093,1,NVIDIA GeForce RTX 4080,5,3,14149,16376,40,56.87
2026/03/25 19:07:59.143,0,NVIDIA GeForce RTX 4090,73,51,2520,24564,46,316.46
2026/03/25 19:07:59.151,1,NVIDIA GeForce RTX 4080,86,59,14149,16376,53,272.79
2026/03/25 19:08:29.208,0,NVIDIA GeForce RTX 4090,0,0,2520,24564,36,66.13
2026/03/25 19:08:29.214,1,NVIDIA GeForce RTX 4080,21,21,14149,16376,40,59.97
2026/03/25 19:08:59.265,0,NVIDIA GeForce RTX 4090,0,0,2520,24564,37,202.43
2026/03/25 19:08:59.270,1,NVIDIA GeForce RTX 4080,83,61,14149,16376,54,266.75
2026/03/25 19:09:29.324,0,NVIDIA GeForce RTX 4090,0,0,2520,24564,37,66.72
2026/03/25 19:09:29.329,1,NVIDIA GeForce RTX 4080,78,57,14149,16376,51,107.38
2026/03/25 19:09:59.380,0,NVIDIA GeForce RTX 4090,0,0,2520,24564,38,108.73
2026/03/25 19:09:59.385,1,NVIDIA GeForce RTX 4080,0,0,14149,16376,41,58.00
2026/03/25 19:10:29.438,0,NVIDIA GeForce RTX 4090,65,46,2520,24564,43,125.17
2026/03/25 19:10:29.446,1,NVIDIA GeForce RTX 4080,10,9,14149,16376,39,58.34
2026/03/25 19:10:59.502,0,NVIDIA GeForce RTX 4090,0,0,2520,24564,36,65.86
2026/03/25 19:10:59.508,1,NVIDIA GeForce RTX 4080,10,9,14149,16376,40,57.12
2026/03/25 19:11:29.553,0,NVIDIA GeForce RTX 4090,0,0,2520,24564,38,166.41
2026/03/25 19:11:29.560,1,NVIDIA GeForce RTX 4080,81,55,14149,16376,54,273.64
2026/03/25 19:11:59.611,0,NVIDIA GeForce RTX 4090,0,0,2520,24564,36,66.90
2026/03/25 19:11:59.615,1,NVIDIA GeForce RTX 4080,0,0,14149,16376,40,60.55
2026/03/25 19:12:29.661,0,NVIDIA GeForce RTX 4090,0,0,2520,24564,36,106.88
2026/03/25 19:12:29.665,1,NVIDIA GeForce RTX 4080,21,21,14149,16376,39,64.78
2026/03/25 19:12:59.709,0,NVIDIA GeForce RTX 4090,79,54,2520,24564,43,120.79
2026/03/25 19:12:59.716,1,NVIDIA GeForce RTX 4080,78,51,14149,16376,52,259.10
2026/03/25 19:13:29.769,0,NVIDIA GeForce RTX 4090,0,0,2520,24564,36,66.56
2026/03/25 19:13:29.774,1,NVIDIA GeForce RTX 4080,0,0,14149,16376,40,56.81
2026/03/25 19:13:59.816,0,NVIDIA GeForce RTX 4090,69,48,2520,24564,43,314.65
2026/03/25 19:13:59.823,1,NVIDIA GeForce RTX 4080,79,54,14149,16376,58,266.65
2026/03/25 19:14:29.868,0,NVIDIA GeForce RTX 4090,0,0,2520,24564,36,104.09
2026/03/25 19:14:29.874,1,NVIDIA GeForce RTX 4080,79,52,14149,16376,54,266.63
2026/03/25 19:14:59.927,0,NVIDIA GeForce RTX 4090,0,0,2520,24564,36,67.47
2026/03/25 19:14:59.933,1,NVIDIA GeForce RTX 4080,21,21,14149,16376,40,60.60
2026/03/25 19:15:29.983,0,NVIDIA GeForce RTX 4090,0,0,2520,24564,37,76.80
2026/03/25 19:15:29.988,1,NVIDIA GeForce RTX 4080,84,56,14149,16376,56,276.61
2026/03/25 19:16:00.040,0,NVIDIA GeForce RTX 4090,0,0,2520,24564,37,72.78
2026/03/25 19:16:00.045,1,NVIDIA GeForce RTX 4080,0,0,14149,16376,40,57.22
2026/03/25 19:16:30.099,0,NVIDIA GeForce RTX 4090,0,0,2520,24564,39,255.60
2026/03/25 19:16:30.109,1,NVIDIA GeForce RTX 4080,77,53,14149,16376,52,261.21
2026/03/25 19:17:00.158,0,NVIDIA GeForce RTX 4090,70,49,2520,24564,47,322.65
2026/03/25 19:17:00.166,1,NVIDIA GeForce RTX 4080,0,0,14149,16376,40,60.15
2026/03/25 19:17:30.220,0,NVIDIA GeForce RTX 4090,0,0,2520,24564,36,67.25
2026/03/25 19:17:30.226,1,NVIDIA GeForce RTX 4080,0,0,14149,16376,41,60.08
2026/03/25 19:18:00.281,0,NVIDIA GeForce RTX 4090,73,51,2520,24564,44,204.24
2026/03/25 19:18:00.290,1,NVIDIA GeForce RTX 4080,0,0,14149,16376,42,69.40
2026/03/25 19:18:30.343,0,NVIDIA GeForce RTX 4090,0,0,2520,24564,39,122.48
2026/03/25 19:18:30.348,1,NVIDIA GeForce RTX 4080,0,0,14149,16376,42,70.66
2026/03/25 19:19:00.395,0,NVIDIA GeForce RTX 4090,0,0,2520,24564,37,67.13
2026/03/25 19:19:00.400,1,NVIDIA GeForce RTX 4080,80,53,14149,16376,57,270.88
2026/03/25 19:19:30.451,0,NVIDIA GeForce RTX 4090,0,0,2520,24564,36,67.29
2026/03/25 19:19:30.457,1,NVIDIA GeForce RTX 4080,0,0,14149,16376,40,57.03
2026/03/25 19:20:00.502,0,NVIDIA GeForce RTX 4090,69,48,2520,24564,45,335.10
2026/03/25 19:20:00.511,1,NVIDIA GeForce RTX 4080,82,54,14149,16376,57,270.31
2026/03/25 19:20:30.566,0,NVIDIA GeForce RTX 4090,0,0,2520,24564,37,67.75
2026/03/25 19:20:30.572,1,NVIDIA GeForce RTX 4080,0,0,14149,16376,41,61.07
2026/03/25 19:21:00.624,0,NVIDIA GeForce RTX 4090,0,0,2520,24564,37,136.02
2026/03/25 19:21:00.631,1,NVIDIA GeForce RTX 4080,87,64,14149,16376,58,272.32
2026/03/25 19:21:30.681,0,NVIDIA GeForce RTX 4090,0,0,2520,24564,36,68.14
2026/03/25 19:21:30.686,1,NVIDIA GeForce RTX 4080,0,0,14149,16376,40,59.91
2026/03/25 19:22:00.736,0,NVIDIA GeForce RTX 4090,0,0,2520,24564,37,69.01
2026/03/25 19:22:00.741,1,NVIDIA GeForce RTX 4080,82,55,14149,16376,57,275.68
2026/03/25 19:22:30.792,0,NVIDIA GeForce RTX 4090,0,0,2520,24564,37,68.36
2026/03/25 19:22:30.798,1,NVIDIA GeForce RTX 4080,72,47,14149,16376,58,271.58
2026/03/25 19:23:00.852,0,NVIDIA GeForce RTX 4090,76,52,2520,24564,46,346.51
2026/03/25 19:23:00.865,1,NVIDIA GeForce RTX 4080,83,56,14149,16376,58,268.83
2026/03/25 19:23:30.905,0,NVIDIA GeForce RTX 4090,75,52,2520,24564,45,268.06
2026/03/25 19:23:30.918,1,NVIDIA GeForce RTX 4080,21,21,14149,16376,40,63.20
2026/03/25 19:24:00.960,0,NVIDIA GeForce RTX 4090,75,52,2520,24564,45,335.33
2026/03/25 19:24:00.970,1,NVIDIA GeForce RTX 4080,82,54,14149,16376,58,268.48
2026/03/25 19:24:31.012,0,NVIDIA GeForce RTX 4090,60,42,2520,24564,44,310.27
2026/03/25 19:24:31.018,1,NVIDIA GeForce RTX 4080,81,54,14149,16376,53,264.73
2026/03/25 19:25:01.072,0,NVIDIA GeForce RTX 4090,0,0,2520,24564,37,77.96
2026/03/25 19:25:01.077,1,NVIDIA GeForce RTX 4080,0,0,14149,16376,43,78.28
2026/03/25 19:25:31.129,0,NVIDIA GeForce RTX 4090,0,0,2520,24564,37,73.49
2026/03/25 19:25:31.135,1,NVIDIA GeForce RTX 4080,81,54,14149,16376,57,275.42
2026/03/25 19:26:01.180,0,NVIDIA GeForce RTX 4090,42,28,2520,24564,41,115.52
2026/03/25 19:26:01.188,1,NVIDIA GeForce RTX 4080,80,53,14149,16376,59,270.11
2026/03/25 19:26:31.274,0,NVIDIA GeForce RTX 4090,0,0,2520,24564,37,68.86
2026/03/25 19:26:31.281,1,NVIDIA GeForce RTX 4080,0,0,14149,16376,46,205.54
2026/03/25 19:27:01.320,0,NVIDIA GeForce RTX 4090,74,51,2520,24564,44,336.54
2026/03/25 19:27:01.331,1,NVIDIA GeForce RTX 4080,82,54,14149,16376,54,272.72
2026/03/25 19:27:31.380,0,NVIDIA GeForce RTX 4090,2,1,2520,24564,39,68.56
2026/03/25 19:27:31.385,1,NVIDIA GeForce RTX 4080,0,0,14149,16376,41,61.12
2026/03/25 19:28:01.427,0,NVIDIA GeForce RTX 4090,0,0,2520,24564,38,78.38
2026/03/25 19:28:01.433,1,NVIDIA GeForce RTX 4080,87,64,14149,16376,55,278.03
2026/03/25 19:28:31.477,0,NVIDIA GeForce RTX 4090,74,51,2520,24564,47,328.73
2026/03/25 19:28:31.485,1,NVIDIA GeForce RTX 4080,0,0,14149,16376,40,61.53
2026/03/25 19:29:01.530,0,NVIDIA GeForce RTX 4090,71,49,2520,24564,46,328.96
2026/03/25 19:29:01.538,1,NVIDIA GeForce RTX 4080,1,2,14149,16376,41,61.40
2026/03/25 19:29:31.589,0,NVIDIA GeForce RTX 4090,0,0,2520,24564,36,67.31
2026/03/25 19:29:31.595,1,NVIDIA GeForce RTX 4080,0,0,14149,16376,42,57.61
2026/03/25 19:30:01.647,0,NVIDIA GeForce RTX 4090,0,0,2520,24564,37,72.81
2026/03/25 19:30:01.654,1,NVIDIA GeForce RTX 4080,80,53,14149,16376,54,273.23
2026/03/25 19:30:31.719,0,NVIDIA GeForce RTX 4090,0,0,2520,24564,39,266.59
2026/03/25 19:30:31.725,1,NVIDIA GeForce RTX 4080,66,52,14149,16376,45,205.27
2026/03/25 19:31:01.776,0,NVIDIA GeForce RTX 4090,0,0,2520,24564,37,186.60
2026/03/25 19:31:01.781,1,NVIDIA GeForce RTX 4080,21,21,14149,16376,41,62.48
2026/03/25 19:31:31.830,0,NVIDIA GeForce RTX 4090,62,42,2520,24564,46,325.01
2026/03/25 19:31:31.837,1,NVIDIA GeForce RTX 4080,72,48,14149,16376,55,267.17
2026/03/25 19:32:01.895,0,NVIDIA GeForce RTX 4090,0,0,2520,24564,37,72.53
2026/03/25 19:32:01.901,1,NVIDIA GeForce RTX 4080,0,0,14149,16376,40,57.82
2026/03/25 19:32:31.952,0,NVIDIA GeForce RTX 4090,0,0,2520,24564,37,68.87
2026/03/25 19:32:31.958,1,NVIDIA GeForce RTX 4080,0,0,14149,16376,42,116.02
2026/03/25 19:33:02.007,0,NVIDIA GeForce RTX 4090,61,42,2520,24564,44,289.41
2026/03/25 19:33:02.018,1,NVIDIA GeForce RTX 4080,87,63,14149,16376,59,271.50
2026/03/25 19:33:32.068,0,NVIDIA GeForce RTX 4090,0,0,2520,24564,37,68.78
2026/03/25 19:33:32.073,1,NVIDIA GeForce RTX 4080,0,0,14149,16376,40,60.71
2026/03/25 19:34:02.122,0,NVIDIA GeForce RTX 4090,43,31,2520,24564,40,287.20
2026/03/25 19:34:02.127,1,NVIDIA GeForce RTX 4080,83,56,14149,16376,54,264.15
2026/03/25 19:34:32.180,0,NVIDIA GeForce RTX 4090,75,52,2520,24564,44,338.76
2026/03/25 19:34:32.191,1,NVIDIA GeForce RTX 4080,0,0,14149,16376,39,60.72
2026/03/25 19:35:02.239,0,NVIDIA GeForce RTX 4090,0,0,2520,24564,36,67.77
2026/03/25 19:35:02.245,1,NVIDIA GeForce RTX 4080,0,0,14149,16376,41,57.59
2026/03/25 19:35:32.290,0,NVIDIA GeForce RTX 4090,58,39,2520,24564,47,317.30
2026/03/25 19:35:32.299,1,NVIDIA GeForce RTX 4080,84,58,14149,16376,58,267.98
2026/03/25 19:36:02.337,0,NVIDIA GeForce RTX 4090,0,0,2520,24564,36,77.73
2026/03/25 19:36:02.343,1,NVIDIA GeForce RTX 4080,45,31,14149,16376,43,197.80
2026/03/25 19:36:32.395,0,NVIDIA GeForce RTX 4090,0,0,2520,24564,37,69.30
2026/03/25 19:36:32.400,1,NVIDIA GeForce RTX 4080,1,1,14149,16376,41,62.81
2026/03/25 19:37:02.450,0,NVIDIA GeForce RTX 4090,70,48,2520,24564,45,331.21
2026/03/25 19:37:02.457,1,NVIDIA GeForce RTX 4080,88,64,14149,16376,57,266.70
2026/03/25 19:37:32.513,0,NVIDIA GeForce RTX 4090,0,0,2520,24564,37,78.15
2026/03/25 19:37:32.518,1,NVIDIA GeForce RTX 4080,10,9,14149,16376,41,67.69
2026/03/25 19:38:02.570,0,NVIDIA GeForce RTX 4090,0,0,2520,24564,36,78.36
2026/03/25 19:38:02.575,1,NVIDIA GeForce RTX 4080,0,0,14149,16376,40,56.84
2026/03/25 19:38:32.626,0,NVIDIA GeForce RTX 4090,0,0,2520,24564,37,69.16
2026/03/25 19:38:32.633,1,NVIDIA GeForce RTX 4080,81,54,14149,16376,57,268.96
2026/03/25 19:39:02.687,0,NVIDIA GeForce RTX 4090,0,0,2520,24564,40,275.62
2026/03/25 19:39:02.728,1,NVIDIA GeForce RTX 4080,78,52,14149,16376,53,145.49
2026/03/25 19:39:32.774,0,NVIDIA GeForce RTX 4090,75,53,2520,24564,46,323.10
2026/03/25 19:39:32.780,1,NVIDIA GeForce RTX 4080,0,0,14149,16376,42,59.12
2026/03/25 19:40:02.829,0,NVIDIA GeForce RTX 4090,72,49,2520,24564,45,332.20
2026/03/25 19:40:02.835,1,NVIDIA GeForce RTX 4080,0,0,14149,16376,44,184.21
2026/03/25 19:40:32.884,0,NVIDIA GeForce RTX 4090,0,0,2520,24564,36,68.68
2026/03/25 19:40:32.889,1,NVIDIA GeForce RTX 4080,80,53,14149,16376,56,270.39
2026/03/25 19:41:02.944,0,NVIDIA GeForce RTX 4090,0,0,2520,24564,36,71.30
2026/03/25 19:41:02.950,1,NVIDIA GeForce RTX 4080,0,0,14149,16376,41,57.35
2026/03/25 19:41:33.003,0,NVIDIA GeForce RTX 4090,0,0,2520,24564,37,78.12
2026/03/25 19:41:33.009,1,NVIDIA GeForce RTX 4080,0,0,14149,16376,43,56.92
2026/03/25 19:42:03.062,0,NVIDIA GeForce RTX 4090,0,0,2520,24564,38,78.68
2026/03/25 19:42:03.069,1,NVIDIA GeForce RTX 4080,90,66,14149,16376,56,280.87
2026/03/25 19:42:33.123,0,NVIDIA GeForce RTX 4090,74,52,2520,24564,45,347.48
2026/03/25 19:42:33.129,1,NVIDIA GeForce RTX 4080,31,27,14149,16376,41,68.11
2026/03/25 19:43:03.168,0,NVIDIA GeForce RTX 4090,70,49,2520,24564,46,327.44
2026/03/25 19:43:03.174,1,NVIDIA GeForce RTX 4080,78,52,14149,16376,54,263.95
2026/03/25 19:43:33.220,0,NVIDIA GeForce RTX 4090,71,48,2520,24564,46,324.63
2026/03/25 19:43:33.228,1,NVIDIA GeForce RTX 4080,82,54,14149,16376,55,269.12
2026/03/25 19:44:03.334,0,NVIDIA GeForce RTX 4090,0,0,2520,24564,37,68.62
2026/03/25 19:44:03.340,1,NVIDIA GeForce RTX 4080,0,0,14149,16376,41,57.14
2026/03/25 19:44:33.388,0,NVIDIA GeForce RTX 4090,0,0,2520,24564,37,80.11
2026/03/25 19:44:33.395,1,NVIDIA GeForce RTX 4080,85,55,14149,16376,56,274.43
2026/03/25 19:45:03.443,0,NVIDIA GeForce RTX 4090,0,0,2520,24564,37,67.97
2026/03/25 19:45:03.449,1,NVIDIA GeForce RTX 4080,21,21,14149,16376,40,59.54
2026/03/25 19:45:33.502,0,NVIDIA GeForce RTX 4090,0,0,2520,24564,38,68.87
2026/03/25 19:45:33.507,1,NVIDIA GeForce RTX 4080,0,0,14149,16376,40,60.38
2026/03/25 19:46:03.559,0,NVIDIA GeForce RTX 4090,0,0,2520,24564,38,129.75
2026/03/25 19:46:03.564,1,NVIDIA GeForce RTX 4080,81,54,14149,16376,55,274.46
2026/03/25 19:46:33.619,0,NVIDIA GeForce RTX 4090,71,49,2520,24564,47,348.82
2026/03/25 19:46:33.665,1,NVIDIA GeForce RTX 4080,0,0,14149,16376,40,60.92
2026/03/25 19:47:03.717,0,NVIDIA GeForce RTX 4090,0,0,2520,24564,36,67.83
2026/03/25 19:47:03.723,1,NVIDIA GeForce RTX 4080,0,0,14149,16376,39,56.87
2026/03/25 19:47:33.775,0,NVIDIA GeForce RTX 4090,45,30,2520,24564,41,128.20
2026/03/25 19:47:33.783,1,NVIDIA GeForce RTX 4080,23,15,14149,16376,48,86.72
2026/03/25 19:48:03.839,0,NVIDIA GeForce RTX 4090,0,0,2520,24564,36,70.43
2026/03/25 19:48:03.846,1,NVIDIA GeForce RTX 4080,0,0,14149,16376,41,63.88
2026/03/25 19:48:33.896,0,NVIDIA GeForce RTX 4090,0,0,2520,24564,37,71.54
2026/03/25 19:48:33.900,1,NVIDIA GeForce RTX 4080,75,50,14149,16376,57,265.72
2026/03/25 19:49:03.944,0,NVIDIA GeForce RTX 4090,0,0,2520,24564,39,128.72
2026/03/25 19:49:03.948,1,NVIDIA GeForce RTX 4080,0,0,14149,16376,42,61.48
2026/03/25 19:49:34.000,0,NVIDIA GeForce RTX 4090,0,0,2520,24564,37,78.58
2026/03/25 19:49:34.005,1,NVIDIA GeForce RTX 4080,77,54,14149,16376,55,266.57
2026/03/25 19:50:04.064,0,NVIDIA GeForce RTX 4090,70,49,2520,24564,48,334.18
2026/03/25 19:50:04.072,1,NVIDIA GeForce RTX 4080,0,0,14149,16376,45,199.83
2026/03/25 19:50:34.121,0,NVIDIA GeForce RTX 4090,0,0,2520,24564,37,69.47
2026/03/25 19:50:34.127,1,NVIDIA GeForce RTX 4080,0,0,14149,16376,41,56.75
2026/03/25 19:51:04.178,0,NVIDIA GeForce RTX 4090,0,0,2520,24564,37,69.25
2026/03/25 19:51:04.185,1,NVIDIA GeForce RTX 4080,0,0,14149,16376,40,59.87
2026/03/25 19:51:34.239,0,NVIDIA GeForce RTX 4090,0,0,2520,24564,39,208.75
2026/03/25 19:51:34.244,1,NVIDIA GeForce RTX 4080,81,60,14149,16376,56,267.64
2026/03/25 19:52:04.282,0,NVIDIA GeForce RTX 4090,0,0,2520,24564,40,240.03
2026/03/25 19:52:04.288,1,NVIDIA GeForce RTX 4080,77,50,14149,16376,54,126.43
2026/03/25 19:52:34.340,0,NVIDIA GeForce RTX 4090,0,0,2520,24564,39,221.24
2026/03/25 19:52:34.346,1,NVIDIA GeForce RTX 4080,0,0,14149,16376,41,61.74
2026/03/25 19:53:04.394,0,NVIDIA GeForce RTX 4090,65,45,2520,24564,45,337.01
2026/03/25 19:53:04.405,1,NVIDIA GeForce RTX 4080,74,48,14149,16376,57,267.28
2026/03/25 19:53:34.483,0,NVIDIA GeForce RTX 4090,0,0,2520,24564,37,69.46
2026/03/25 19:53:34.489,1,NVIDIA GeForce RTX 4080,0,0,14149,16376,40,60.00
2026/03/25 19:54:04.542,0,NVIDIA GeForce RTX 4090,54,37,2520,24564,44,298.22
2026/03/25 19:54:04.550,1,NVIDIA GeForce RTX 4080,3,2,14149,16376,46,61.10
2026/03/25 19:54:34.602,0,NVIDIA GeForce RTX 4090,69,48,2520,24564,43,200.19
2026/03/25 19:54:34.608,1,NVIDIA GeForce RTX 4080,50,34,14149,16376,46,198.43
2026/03/25 19:55:04.658,0,NVIDIA GeForce RTX 4090,0,0,2520,24564,37,68.90
2026/03/25 19:55:04.663,1,NVIDIA GeForce RTX 4080,7,7,14149,16376,42,74.02
2026/03/25 19:55:34.715,0,NVIDIA GeForce RTX 4090,0,0,2520,24564,37,73.09
2026/03/25 19:55:34.720,1,NVIDIA GeForce RTX 4080,76,51,14149,16376,56,264.37
2026/03/25 19:56:04.774,0,NVIDIA GeForce RTX 4090,0,0,2520,24564,37,68.17
2026/03/25 19:56:04.780,1,NVIDIA GeForce RTX 4080,10,9,14149,16376,41,59.50
2026/03/25 19:56:34.832,0,NVIDIA GeForce RTX 4090,0,0,2520,24564,37,72.19
2026/03/25 19:56:34.838,1,NVIDIA GeForce RTX 4080,0,0,14149,16376,40,61.42
2026/03/25 19:57:04.893,0,NVIDIA GeForce RTX 4090,78,54,2520,24564,45,348.67
2026/03/25 19:57:04.900,1,NVIDIA GeForce RTX 4080,5,6,14149,16376,44,164.46
2026/03/25 19:57:34.951,0,NVIDIA GeForce RTX 4090,0,0,2520,24564,37,68.01
2026/03/25 19:57:34.956,1,NVIDIA GeForce RTX 4080,21,21,14149,16376,41,65.84
2026/03/25 19:58:05.002,0,NVIDIA GeForce RTX 4090,65,45,2520,24564,47,310.76
2026/03/25 19:58:05.013,1,NVIDIA GeForce RTX 4080,81,54,14149,16376,57,272.81
2026/03/25 19:58:35.063,0,NVIDIA GeForce RTX 4090,7,5,2520,24564,36,73.36
2026/03/25 19:58:35.069,1,NVIDIA GeForce RTX 4080,82,55,14149,16376,55,276.04
2026/03/25 19:59:05.122,0,NVIDIA GeForce RTX 4090,0,0,2520,24564,36,71.91
2026/03/25 19:59:05.127,1,NVIDIA GeForce RTX 4080,0,0,14149,16376,41,57.43
2026/03/25 19:59:35.170,0,NVIDIA GeForce RTX 4090,66,46,2520,24564,45,325.68
2026/03/25 19:59:35.179,1,NVIDIA GeForce RTX 4080,76,50,14149,16376,57,261.77
2026/03/25 20:00:05.231,0,NVIDIA GeForce RTX 4090,72,50,2520,24564,43,121.88
2026/03/25 20:00:05.240,1,NVIDIA GeForce RTX 4080,0,0,14149,16376,41,58.24
2026/03/25 20:00:35.289,0,NVIDIA GeForce RTX 4090,0,0,2520,24564,37,68.90
2026/03/25 20:00:35.294,1,NVIDIA GeForce RTX 4080,86,63,14149,16376,56,273.50
2026/03/25 20:01:05.347,0,NVIDIA GeForce RTX 4090,0,0,2520,24564,36,68.88
2026/03/25 20:01:05.352,1,NVIDIA GeForce RTX 4080,0,0,14149,16376,40,60.40
2026/03/25 20:01:35.407,0,NVIDIA GeForce RTX 4090,75,52,2520,24564,42,335.61
2026/03/25 20:01:35.412,1,NVIDIA GeForce RTX 4080,82,60,14149,16376,55,267.39
2026/03/25 20:02:05.463,0,NVIDIA GeForce RTX 4090,0,0,2520,24564,37,122.00
2026/03/25 20:02:05.469,1,NVIDIA GeForce RTX 4080,8,6,14149,16376,43,132.67
2026/03/25 20:02:35.511,0,NVIDIA GeForce RTX 4090,72,50,2520,24564,43,316.88
2026/03/25 20:02:35.519,1,NVIDIA GeForce RTX 4080,0,0,14149,16376,40,71.93
2026/03/25 20:03:05.567,0,NVIDIA GeForce RTX 4090,0,0,2520,24564,35,69.04
2026/03/25 20:03:05.573,1,NVIDIA GeForce RTX 4080,0,0,14149,16376,41,69.90
2026/03/25 20:03:35.625,0,NVIDIA GeForce RTX 4090,0,0,2520,24564,36,68.69
2026/03/25 20:03:35.632,1,NVIDIA GeForce RTX 4080,84,56,14149,16376,50,260.32
2026/03/25 20:04:05.693,0,NVIDIA GeForce RTX 4090,0,0,2520,24564,37,69.06
2026/03/25 20:04:05.698,1,NVIDIA GeForce RTX 4080,62,45,14149,16376,51,110.50
2026/03/25 20:04:35.755,0,NVIDIA GeForce RTX 4090,0,0,2520,24564,36,77.43
2026/03/25 20:04:35.760,1,NVIDIA GeForce RTX 4080,76,50,14149,16376,52,209.40
2026/03/25 20:05:05.808,0,NVIDIA GeForce RTX 4090,0,0,2520,24564,37,74.36
2026/03/25 20:05:05.813,1,NVIDIA GeForce RTX 4080,0,0,14149,16376,41,57.24
2026/03/25 20:05:35.863,0,NVIDIA GeForce RTX 4090,1,0,2520,24564,41,68.49
2026/03/25 20:05:35.875,1,NVIDIA GeForce RTX 4080,82,55,14149,16376,53,275.65
2026/03/25 20:06:05.924,0,NVIDIA GeForce RTX 4090,0,0,2520,24564,37,69.11
2026/03/25 20:06:05.930,1,NVIDIA GeForce RTX 4080,0,0,14149,16376,41,69.93
2026/03/25 20:06:35.980,0,NVIDIA GeForce RTX 4090,75,53,2520,24564,43,156.40
2026/03/25 20:06:35.989,1,NVIDIA GeForce RTX 4080,21,21,14149,16376,41,60.83
2026/03/25 20:07:06.034,0,NVIDIA GeForce RTX 4090,68,48,2520,24564,45,335.83
2026/03/25 20:07:06.040,1,NVIDIA GeForce RTX 4080,0,0,14149,16376,44,172.02
2026/03/25 20:07:36.089,0,NVIDIA GeForce RTX 4090,7,5,2520,24564,37,70.96
2026/03/25 20:07:36.097,1,NVIDIA GeForce RTX 4080,79,52,14149,16376,53,168.48
2026/03/25 20:08:06.155,0,NVIDIA GeForce RTX 4090,0,0,2520,24564,38,182.02
2026/03/25 20:08:06.160,1,NVIDIA GeForce RTX 4080,0,0,14149,16376,41,71.37
2026/03/25 20:08:36.209,0,NVIDIA GeForce RTX 4090,0,0,2520,24564,36,72.10
2026/03/25 20:08:36.218,1,NVIDIA GeForce RTX 4080,0,0,14149,16376,39,56.67
2026/03/25 20:09:06.256,0,NVIDIA GeForce RTX 4090,0,0,2520,24564,38,122.95
2026/03/25 20:09:06.262,1,NVIDIA GeForce RTX 4080,86,57,14149,16376,61,282.54
2026/03/25 20:09:36.316,0,NVIDIA GeForce RTX 4090,0,0,2520,24564,36,67.63
2026/03/25 20:09:36.323,1,NVIDIA GeForce RTX 4080,76,51,14149,16376,54,255.20
2026/03/25 20:10:06.376,0,NVIDIA GeForce RTX 4090,0,0,2520,24564,37,72.84
2026/03/25 20:10:06.381,1,NVIDIA GeForce RTX 4080,0,0,14149,16376,40,59.58
2026/03/25 20:10:36.432,0,NVIDIA GeForce RTX 4090,65,46,2520,24564,45,334.93
2026/03/25 20:10:36.441,1,NVIDIA GeForce RTX 4080,21,21,14149,16376,42,63.07
2026/03/25 20:11:06.489,0,NVIDIA GeForce RTX 4090,64,44,2520,24564,44,333.26
2026/03/25 20:11:06.496,1,NVIDIA GeForce RTX 4080,79,52,14149,16376,56,270.30
2026/03/25 20:11:36.566,0,NVIDIA GeForce RTX 4090,0,0,2520,24564,39,275.77
2026/03/25 20:11:36.572,1,NVIDIA GeForce RTX 4080,10,9,14149,16376,41,63.71
2026/03/25 20:12:06.621,0,NVIDIA GeForce RTX 4090,67,47,2520,24564,43,320.00
2026/03/25 20:12:06.629,1,NVIDIA GeForce RTX 4080,0,0,14149,16376,41,60.92
2026/03/25 20:12:36.679,0,NVIDIA GeForce RTX 4090,68,47,2520,24564,46,331.17
2026/03/25 20:12:36.687,1,NVIDIA GeForce RTX 4080,77,51,14149,16376,60,269.21
2026/03/25 20:13:06.740,0,NVIDIA GeForce RTX 4090,0,0,2520,24564,36,69.19
2026/03/25 20:13:06.745,1,NVIDIA GeForce RTX 4080,21,21,14149,16376,41,60.14
2026/03/25 20:13:36.794,0,NVIDIA GeForce RTX 4090,0,0,2520,24564,38,136.31
2026/03/25 20:13:36.799,1,NVIDIA GeForce RTX 4080,0,0,14149,16376,41,74.10
2026/03/25 20:14:06.848,0,NVIDIA GeForce RTX 4090,0,0,2520,24564,36,68.04
2026/03/25 20:14:06.853,1,NVIDIA GeForce RTX 4080,0,0,14149,16376,40,56.59
2026/03/25 20:14:36.904,0,NVIDIA GeForce RTX 4090,0,0,2520,24564,35,67.87
2026/03/25 20:14:36.909,1,NVIDIA GeForce RTX 4080,0,0,14149,16376,39,56.44
2026/03/25 20:15:06.968,0,NVIDIA GeForce RTX 4090,0,0,2520,24564,39,162.17
2026/03/25 20:15:06.979,1,NVIDIA GeForce RTX 4080,77,51,14149,16376,54,267.08
2026/03/25 20:15:37.086,0,NVIDIA GeForce RTX 4090,65,46,2520,24564,44,304.85
2026/03/25 20:15:37.095,1,NVIDIA GeForce RTX 4080,0,0,14149,16376,40,63.03
2026/03/25 20:16:07.149,0,NVIDIA GeForce RTX 4090,63,43,2520,24564,43,211.43
2026/03/25 20:16:07.161,1,NVIDIA GeForce RTX 4080,21,21,14149,16376,40,62.57
2026/03/25 20:16:37.224,0,NVIDIA GeForce RTX 4090,45,31,2520,24564,42,206.96
2026/03/25 20:16:37.231,1,NVIDIA GeForce RTX 4080,79,52,14149,16376,56,262.80
2026/03/25 20:17:07.288,0,NVIDIA GeForce RTX 4090,0,0,2520,24564,36,69.69
2026/03/25 20:17:07.293,1,NVIDIA GeForce RTX 4080,10,9,14149,16376,40,56.40
2026/03/25 20:17:37.340,0,NVIDIA GeForce RTX 4090,66,46,2520,24564,44,204.06
2026/03/25 20:17:37.352,1,NVIDIA GeForce RTX 4080,82,55,14149,16376,54,113.45
2026/03/25 20:18:07.415,0,NVIDIA GeForce RTX 4090,0,0,2520,24564,36,76.21
2026/03/25 20:18:07.421,1,NVIDIA GeForce RTX 4080,10,9,14149,16376,40,57.00
2026/03/25 20:18:37.470,0,NVIDIA GeForce RTX 4090,0,0,2520,24564,35,73.89
2026/03/25 20:18:37.476,1,NVIDIA GeForce RTX 4080,77,52,14149,16376,56,274.02
2026/03/25 20:19:07.521,0,NVIDIA GeForce RTX 4090,0,0,2520,24564,37,77.51
2026/03/25 20:19:07.527,1,NVIDIA GeForce RTX 4080,84,62,14149,16376,56,273.23
2026/03/25 20:19:37.573,0,NVIDIA GeForce RTX 4090,73,51,2520,24564,45,335.16
2026/03/25 20:19:37.578,1,NVIDIA GeForce RTX 4080,38,26,14149,16376,43,179.88
2026/03/25 20:20:07.631,0,NVIDIA GeForce RTX 4090,48,32,2520,24564,42,102.50
2026/03/25 20:20:07.636,1,NVIDIA GeForce RTX 4080,79,52,14149,16376,54,275.83
2026/03/25 20:20:37.687,0,NVIDIA GeForce RTX 4090,0,0,2520,24564,37,68.96
2026/03/25 20:20:37.692,1,NVIDIA GeForce RTX 4080,78,51,14149,16376,53,95.43
2026/03/25 20:21:07.745,0,NVIDIA GeForce RTX 4090,62,43,2520,24564,46,321.48
2026/03/25 20:21:07.753,1,NVIDIA GeForce RTX 4080,0,0,14149,16376,44,196.40
2026/03/25 20:21:37.803,0,NVIDIA GeForce RTX 4090,0,0,2520,24564,36,68.15
2026/03/25 20:21:37.809,1,NVIDIA GeForce RTX 4080,75,51,14149,16376,57,238.48
2026/03/25 20:22:07.897,0,NVIDIA GeForce RTX 4090,0,0,2520,24564,36,68.02
2026/03/25 20:22:07.903,1,NVIDIA GeForce RTX 4080,0,0,14149,16376,40,59.87
2026/03/25 20:22:37.957,0,NVIDIA GeForce RTX 4090,0,0,2520,24564,37,68.60
2026/03/25 20:22:37.964,1,NVIDIA GeForce RTX 4080,80,53,14149,16376,57,263.25
2026/03/25 20:23:08.039,0,NVIDIA GeForce RTX 4090,0,0,2520,24564,35,67.67
2026/03/25 20:23:08.046,1,NVIDIA GeForce RTX 4080,79,53,14149,16376,52,121.94
2026/03/25 20:23:38.086,0,NVIDIA GeForce RTX 4090,0,0,2520,24564,36,112.08
2026/03/25 20:23:38.092,1,NVIDIA GeForce RTX 4080,0,0,14149,16376,40,57.19
2026/03/25 20:24:08.142,0,NVIDIA GeForce RTX 4090,0,0,2520,24564,37,72.25
2026/03/25 20:24:08.147,1,NVIDIA GeForce RTX 4080,35,23,14149,16376,45,236.73
2026/03/25 20:24:38.198,0,NVIDIA GeForce RTX 4090,72,50,2520,24564,40,313.47
2026/03/25 20:24:38.203,1,NVIDIA GeForce RTX 4080,21,21,14149,16376,43,75.37
2026/03/25 20:25:08.252,0,NVIDIA GeForce RTX 4090,0,0,2520,24564,36,67.28
2026/03/25 20:25:08.258,1,NVIDIA GeForce RTX 4080,0,0,14149,16376,40,59.59
2026/03/25 20:25:38.310,0,NVIDIA GeForce RTX 4090,0,0,2520,24564,36,67.89
2026/03/25 20:25:38.317,1,NVIDIA GeForce RTX 4080,0,0,14149,16376,40,59.43
2026/03/25 20:26:08.365,0,NVIDIA GeForce RTX 4090,0,0,2520,24564,37,67.77
2026/03/25 20:26:08.370,1,NVIDIA GeForce RTX 4080,74,49,14149,16376,53,255.76
2026/03/25 20:26:38.424,0,NVIDIA GeForce RTX 4090,0,0,2520,24564,38,84.08
2026/03/25 20:26:38.429,1,NVIDIA GeForce RTX 4080,0,0,14149,16376,42,71.15
2026/03/25 20:27:08.480,0,NVIDIA GeForce RTX 4090,0,0,2520,24564,37,73.76
2026/03/25 20:27:08.486,1,NVIDIA GeForce RTX 4080,78,52,14149,16376,55,185.39
2026/03/25 20:27:38.567,0,NVIDIA GeForce RTX 4090,0,0,2520,24564,37,74.31
2026/03/25 20:27:38.574,1,NVIDIA GeForce RTX 4080,0,0,14149,16376,39,59.38
2026/03/25 20:28:08.627,0,NVIDIA GeForce RTX 4090,0,0,2520,24564,39,121.96
2026/03/25 20:28:08.633,1,NVIDIA GeForce RTX 4080,82,55,14149,16376,56,275.30
2026/03/25 20:28:38.679,0,NVIDIA GeForce RTX 4090,24,16,2520,24564,37,208.91
2026/03/25 20:28:38.686,1,NVIDIA GeForce RTX 4080,0,0,14149,16376,47,75.21
2026/03/25 20:29:08.740,0,NVIDIA GeForce RTX 4090,0,0,2520,24564,36,67.66
2026/03/25 20:29:08.745,1,NVIDIA GeForce RTX 4080,0,0,14149,16376,41,56.42
2026/03/25 20:29:38.796,0,NVIDIA GeForce RTX 4090,67,47,2520,24564,43,318.94
2026/03/25 20:29:38.807,1,NVIDIA GeForce RTX 4080,82,55,14149,16376,54,186.45
2026/03/25 20:30:08.885,0,NVIDIA GeForce RTX 4090,48,33,2520,24564,42,268.71
2026/03/25 20:30:08.892,1,NVIDIA GeForce RTX 4080,0,0,14149,16376,40,60.15
2026/03/25 20:30:38.939,0,NVIDIA GeForce RTX 4090,9,6,2520,24564,41,71.64
2026/03/25 20:30:38.950,1,NVIDIA GeForce RTX 4080,0,0,14149,16376,39,59.53
2026/03/25 20:31:09.001,0,NVIDIA GeForce RTX 4090,0,0,2520,24564,36,68.16
2026/03/25 20:31:09.007,1,NVIDIA GeForce RTX 4080,39,26,14149,16376,45,231.50
2026/03/25 20:31:39.061,0,NVIDIA GeForce RTX 4090,0,0,2520,24564,38,115.33
2026/03/25 20:31:39.067,1,NVIDIA GeForce RTX 4080,52,36,14149,16376,45,129.88
2026/03/25 20:32:09.158,0,NVIDIA GeForce RTX 4090,43,28,2520,24564,42,214.92
2026/03/25 20:32:09.164,1,NVIDIA GeForce RTX 4080,79,52,14149,16376,56,267.38
2026/03/25 20:32:39.218,0,NVIDIA GeForce RTX 4090,29,20,2520,24564,39,282.08
2026/03/25 20:32:39.223,1,NVIDIA GeForce RTX 4080,0,0,14149,16376,41,71.73
2026/03/25 20:33:09.272,0,NVIDIA GeForce RTX 4090,0,0,2520,24564,36,70.79
2026/03/25 20:33:09.284,1,NVIDIA GeForce RTX 4080,70,47,14149,16376,50,98.83
2026/03/25 20:33:39.380,0,NVIDIA GeForce RTX 4090,69,48,2520,24564,42,187.36
2026/03/25 20:33:39.388,1,NVIDIA GeForce RTX 4080,0,0,14149,16376,39,61.46
2026/03/25 20:34:09.429,0,NVIDIA GeForce RTX 4090,0,0,2520,24564,35,104.07
2026/03/25 20:34:09.434,1,NVIDIA GeForce RTX 4080,21,21,14149,16376,39,63.43
2026/03/25 20:34:39.473,0,NVIDIA GeForce RTX 4090,76,52,2520,24564,46,346.70
2026/03/25 20:34:39.482,1,NVIDIA GeForce RTX 4080,88,65,14149,16376,57,272.24
2026/03/25 20:35:09.574,0,NVIDIA GeForce RTX 4090,0,0,2520,24564,36,68.13
2026/03/25 20:35:09.581,1,NVIDIA GeForce RTX 4080,0,0,14149,16376,40,56.40
2026/03/25 20:35:39.632,0,NVIDIA GeForce RTX 4090,62,43,2520,24564,46,325.18
2026/03/25 20:35:39.639,1,NVIDIA GeForce RTX 4080,0,0,14149,16376,41,60.60
2026/03/25 20:36:09.689,0,NVIDIA GeForce RTX 4090,68,47,2520,24564,44,313.83
2026/03/25 20:36:09.696,1,NVIDIA GeForce RTX 4080,77,51,14149,16376,53,178.38
2026/03/25 20:36:39.752,0,NVIDIA GeForce RTX 4090,76,53,2520,24564,46,327.59
2026/03/25 20:36:39.759,1,NVIDIA GeForce RTX 4080,0,0,14149,16376,41,63.16
2026/03/25 20:37:09.815,0,NVIDIA GeForce RTX 4090,0,0,2520,24564,36,68.15
2026/03/25 20:37:09.820,1,NVIDIA GeForce RTX 4080,74,50,14149,16376,54,260.07
2026/03/25 20:37:39.872,0,NVIDIA GeForce RTX 4090,0,0,2520,24564,36,68.75
2026/03/25 20:37:39.878,1,NVIDIA GeForce RTX 4080,0,0,14149,16376,39,59.60
2026/03/25 20:38:09.932,0,NVIDIA GeForce RTX 4090,61,42,2520,24564,44,231.59
2026/03/25 20:38:09.941,1,NVIDIA GeForce RTX 4080,0,0,14149,16376,39,59.49
2026/03/25 20:38:39.992,0,NVIDIA GeForce RTX 4090,0,0,2520,24564,37,78.57
2026/03/25 20:38:39.999,1,NVIDIA GeForce RTX 4080,83,55,14149,16376,56,275.58
2026/03/25 20:39:10.049,0,NVIDIA GeForce RTX 4090,7,5,2520,24564,38,82.55
2026/03/25 20:39:10.054,1,NVIDIA GeForce RTX 4080,80,53,14149,16376,53,266.16
2026/03/25 20:39:40.113,0,NVIDIA GeForce RTX 4090,66,46,2520,24564,45,107.44
2026/03/25 20:39:40.122,1,NVIDIA GeForce RTX 4080,47,32,14149,16376,47,114.14
2026/03/25 20:40:10.174,0,NVIDIA GeForce RTX 4090,0,0,2520,24564,37,77.80
2026/03/25 20:40:10.180,1,NVIDIA GeForce RTX 4080,70,47,14149,16376,55,265.59
2026/03/25 20:40:40.233,0,NVIDIA GeForce RTX 4090,0,0,2520,24564,36,68.78
2026/03/25 20:40:40.239,1,NVIDIA GeForce RTX 4080,0,0,14149,16376,41,60.13
2026/03/25 20:41:10.292,0,NVIDIA GeForce RTX 4090,0,0,2520,24564,37,118.47
2026/03/25 20:41:10.298,1,NVIDIA GeForce RTX 4080,0,0,14149,16376,45,65.50
2026/03/25 20:41:40.394,0,NVIDIA GeForce RTX 4090,15,10,2520,24564,35,73.39
2026/03/25 20:41:40.403,1,NVIDIA GeForce RTX 4080,0,0,14149,16376,41,87.97
2026/03/25 20:42:10.454,0,NVIDIA GeForce RTX 4090,0,0,2520,24564,36,68.11
2026/03/25 20:42:10.459,1,NVIDIA GeForce RTX 4080,0,0,14149,16376,40,56.66
2026/03/25 20:42:40.511,0,NVIDIA GeForce RTX 4090,0,0,2520,24564,36,81.81
2026/03/25 20:42:40.516,1,NVIDIA GeForce RTX 4080,0,0,14149,16376,41,63.15
2026/03/25 20:43:10.559,0,NVIDIA GeForce RTX 4090,0,0,2520,24564,37,177.91
2026/03/25 20:43:10.565,1,NVIDIA GeForce RTX 4080,0,0,14149,16376,42,75.03
2026/03/25 20:43:40.614,0,NVIDIA GeForce RTX 4090,0,0,2520,24564,40,76.09
2026/03/25 20:43:40.627,1,NVIDIA GeForce RTX 4080,0,0,14149,16376,42,60.15
2026/03/25 20:44:10.677,0,NVIDIA GeForce RTX 4090,0,0,2520,24564,37,77.27
2026/03/25 20:44:10.683,1,NVIDIA GeForce RTX 4080,74,50,14149,16376,58,269.10
2026/03/25 20:44:40.741,0,NVIDIA GeForce RTX 4090,0,0,2520,24564,37,109.31
2026/03/25 20:44:40.747,1,NVIDIA GeForce RTX 4080,83,56,14149,16376,58,278.27
2026/03/25 20:45:10.805,0,NVIDIA GeForce RTX 4090,0,0,2520,24564,37,76.15
2026/03/25 20:45:10.810,1,NVIDIA GeForce RTX 4080,79,53,14149,16376,56,224.46
2026/03/25 20:45:40.863,0,NVIDIA GeForce RTX 4090,57,39,2520,24564,45,304.07
2026/03/25 20:45:40.869,1,NVIDIA GeForce RTX 4080,0,0,14149,16376,41,60.48
2026/03/25 20:46:10.919,0,NVIDIA GeForce RTX 4090,68,48,2520,24564,45,344.18
2026/03/25 20:46:10.926,1,NVIDIA GeForce RTX 4080,21,21,14149,16376,42,71.46
2026/03/25 20:46:40.980,0,NVIDIA GeForce RTX 4090,0,0,2520,24564,36,68.04
2026/03/25 20:46:40.986,1,NVIDIA GeForce RTX 4080,0,0,14149,16376,40,60.18
2026/03/25 20:47:11.037,0,NVIDIA GeForce RTX 4090,0,0,2520,24564,36,68.96
2026/03/25 20:47:11.043,1,NVIDIA GeForce RTX 4080,0,0,14149,16376,40,60.23
2026/03/25 20:47:41.095,0,NVIDIA GeForce RTX 4090,0,0,2520,24564,39,265.80
2026/03/25 20:47:41.102,1,NVIDIA GeForce RTX 4080,0,0,14149,16376,41,59.55
2026/03/25 20:48:11.155,0,NVIDIA GeForce RTX 4090,0,0,2520,24564,37,73.87
2026/03/25 20:48:11.160,1,NVIDIA GeForce RTX 4080,75,51,14149,16376,56,272.70
2026/03/25 20:48:41.203,0,NVIDIA GeForce RTX 4090,66,47,2520,24564,45,139.95
2026/03/25 20:48:41.212,1,NVIDIA GeForce RTX 4080,52,36,14149,16376,44,195.59
2026/03/25 20:49:11.262,0,NVIDIA GeForce RTX 4090,0,0,2520,24564,36,68.71
2026/03/25 20:49:11.268,1,NVIDIA GeForce RTX 4080,0,0,14149,16376,42,74.65
2026/03/25 20:49:41.320,0,NVIDIA GeForce RTX 4090,0,0,2520,24564,35,68.33
2026/03/25 20:49:41.326,1,NVIDIA GeForce RTX 4080,5,4,14149,16376,44,61.78
2026/03/25 20:50:11.386,0,NVIDIA GeForce RTX 4090,0,0,2520,24564,37,78.17
2026/03/25 20:50:11.392,1,NVIDIA GeForce RTX 4080,0,0,14149,16376,41,62.30
2026/03/25 20:50:41.442,0,NVIDIA GeForce RTX 4090,0,0,2520,24564,37,104.42
2026/03/25 20:50:41.448,1,NVIDIA GeForce RTX 4080,70,46,14149,16376,46,254.80
2026/03/25 20:51:11.495,0,NVIDIA GeForce RTX 4090,69,48,2520,24564,43,225.21
2026/03/25 20:51:11.505,1,NVIDIA GeForce RTX 4080,0,0,14149,16376,40,59.06
2026/03/25 20:51:41.555,0,NVIDIA GeForce RTX 4090,0,0,2520,24564,37,77.60
2026/03/25 20:51:41.560,1,NVIDIA GeForce RTX 4080,0,0,14149,16376,45,229.41
2026/03/25 20:52:11.597,0,NVIDIA GeForce RTX 4090,0,0,2520,24564,36,67.31
2026/03/25 20:52:11.602,1,NVIDIA GeForce RTX 4080,0,0,14149,16376,41,65.73
2026/03/25 20:52:41.653,0,NVIDIA GeForce RTX 4090,0,0,2520,24564,36,72.52
2026/03/25 20:52:41.659,1,NVIDIA GeForce RTX 4080,0,0,14149,16376,43,60.28
2026/03/25 20:53:11.709,0,NVIDIA GeForce RTX 4090,66,46,2520,24564,45,329.31
2026/03/25 20:53:11.717,1,NVIDIA GeForce RTX 4080,81,54,14149,16376,57,265.14
2026/03/25 20:53:41.771,0,NVIDIA GeForce RTX 4090,0,0,2520,24564,37,119.35
2026/03/25 20:53:41.777,1,NVIDIA GeForce RTX 4080,3,3,14149,16376,41,56.48
2026/03/25 20:54:11.816,0,NVIDIA GeForce RTX 4090,0,0,2520,24564,37,70.03
2026/03/25 20:54:11.823,1,NVIDIA GeForce RTX 4080,0,0,14149,16376,41,57.30
2026/03/25 20:54:41.901,0,NVIDIA GeForce RTX 4090,0,0,2520,24564,36,68.22
2026/03/25 20:54:41.905,1,NVIDIA GeForce RTX 4080,34,23,14149,16376,46,246.09
2026/03/25 20:55:11.957,0,NVIDIA GeForce RTX 4090,0,0,2520,24564,38,118.89
2026/03/25 20:55:11.962,1,NVIDIA GeForce RTX 4080,90,65,14149,16376,56,272.15
2026/03/25 20:55:42.015,0,NVIDIA GeForce RTX 4090,0,0,2520,24564,36,67.51
2026/03/25 20:55:42.020,1,NVIDIA GeForce RTX 4080,0,0,14149,16376,41,59.99
2026/03/25 20:56:12.069,0,NVIDIA GeForce RTX 4090,0,0,2520,24564,36,68.30
2026/03/25 20:56:12.075,1,NVIDIA GeForce RTX 4080,0,0,14149,16376,40,60.24
2026/03/25 20:56:42.127,0,NVIDIA GeForce RTX 4090,73,51,2520,24564,44,346.05
2026/03/25 20:56:42.134,1,NVIDIA GeForce RTX 4080,76,51,14149,16376,58,266.25
2026/03/25 20:57:12.186,0,NVIDIA GeForce RTX 4090,0,0,2520,24564,36,72.41
2026/03/25 20:57:12.193,1,NVIDIA GeForce RTX 4080,0,0,14149,16376,41,56.87
2026/03/25 20:57:42.237,0,NVIDIA GeForce RTX 4090,71,50,2520,24564,45,337.44
2026/03/25 20:57:42.244,1,NVIDIA GeForce RTX 4080,0,0,14149,16376,41,72.31
2026/03/25 20:58:12.296,0,NVIDIA GeForce RTX 4090,0,0,2520,24564,37,192.63
2026/03/25 20:58:12.301,1,NVIDIA GeForce RTX 4080,77,51,14149,16376,58,261.74
2026/03/25 20:58:42.375,0,NVIDIA GeForce RTX 4090,0,0,2520,24564,36,68.07
2026/03/25 20:58:42.380,1,NVIDIA GeForce RTX 4080,80,59,14149,16376,56,270.60
2026/03/25 20:59:12.431,0,NVIDIA GeForce RTX 4090,0,0,2520,24564,37,78.54
2026/03/25 20:59:12.436,1,NVIDIA GeForce RTX 4080,0,0,14149,16376,41,64.18
2026/03/25 20:59:42.486,0,NVIDIA GeForce RTX 4090,62,43,2520,24564,45,289.73
2026/03/25 20:59:42.494,1,NVIDIA GeForce RTX 4080,0,0,14149,16376,40,60.43
2026/03/25 21:00:12.544,0,NVIDIA GeForce RTX 4090,0,0,2520,24564,36,67.75
2026/03/25 21:00:12.550,1,NVIDIA GeForce RTX 4080,0,0,14149,16376,43,142.37
2026/03/25 21:00:42.602,0,NVIDIA GeForce RTX 4090,0,0,2520,24564,36,67.71
2026/03/25 21:00:42.609,1,NVIDIA GeForce RTX 4080,0,0,14149,16376,41,59.29
2026/03/25 21:01:12.658,0,NVIDIA GeForce RTX 4090,0,0,2520,24564,36,67.85
2026/03/25 21:01:12.663,1,NVIDIA GeForce RTX 4080,2,2,14149,16376,41,60.27
2026/03/25 21:01:42.704,0,NVIDIA GeForce RTX 4090,70,49,2520,24564,46,187.45
2026/03/25 21:01:42.711,1,NVIDIA GeForce RTX 4080,83,55,14149,16376,53,271.15
2026/03/25 21:02:12.765,0,NVIDIA GeForce RTX 4090,0,0,2520,24564,35,76.28
2026/03/25 21:02:12.771,1,NVIDIA GeForce RTX 4080,21,21,14149,16376,41,61.89
2026/03/25 21:02:42.818,0,NVIDIA GeForce RTX 4090,76,54,2520,24564,44,352.09
2026/03/25 21:02:42.827,1,NVIDIA GeForce RTX 4080,82,54,14149,16376,52,265.51
2026/03/25 21:03:12.878,0,NVIDIA GeForce RTX 4090,71,50,2520,24564,45,350.21
2026/03/25 21:03:12.886,1,NVIDIA GeForce RTX 4080,0,0,14149,16376,41,141.14
2026/03/25 21:03:42.931,0,NVIDIA GeForce RTX 4090,0,0,2520,24564,36,66.75
2026/03/25 21:03:42.938,1,NVIDIA GeForce RTX 4080,69,47,14149,16376,55,144.80
2026/03/25 21:04:12.990,0,NVIDIA GeForce RTX 4090,0,0,2520,24564,38,112.88
2026/03/25 21:04:12.994,1,NVIDIA GeForce RTX 4080,21,21,14149,16376,42,69.35
2026/03/25 21:04:43.047,0,NVIDIA GeForce RTX 4090,65,45,2520,24564,38,296.80
2026/03/25 21:04:43.054,1,NVIDIA GeForce RTX 4080,82,55,14149,16376,54,266.73
2026/03/25 21:05:13.106,0,NVIDIA GeForce RTX 4090,71,49,2520,24564,45,321.89
2026/03/25 21:05:13.114,1,NVIDIA GeForce RTX 4080,0,0,14149,16376,41,75.36
2026/03/25 21:05:43.163,0,NVIDIA GeForce RTX 4090,49,33,2520,24564,41,231.15
2026/03/25 21:05:43.171,1,NVIDIA GeForce RTX 4080,79,52,14149,16376,47,258.78
2026/03/25 21:06:13.234,0,NVIDIA GeForce RTX 4090,0,0,2520,24564,38,132.21
2026/03/25 21:06:13.245,1,NVIDIA GeForce RTX 4080,33,24,14149,16376,48,70.23
2026/03/25 21:06:43.296,0,NVIDIA GeForce RTX 4090,0,0,2520,24564,38,157.85
2026/03/25 21:06:43.300,1,NVIDIA GeForce RTX 4080,0,0,14149,16376,42,70.54
2026/03/25 21:07:13.351,0,NVIDIA GeForce RTX 4090,0,0,2520,24564,37,73.01
2026/03/25 21:07:13.355,1,NVIDIA GeForce RTX 4080,0,0,14149,16376,41,72.39
2026/03/25 21:07:43.405,0,NVIDIA GeForce RTX 4090,0,0,2520,24564,38,118.89
2026/03/25 21:07:43.410,1,NVIDIA GeForce RTX 4080,0,0,14149,16376,41,59.65
2026/03/25 21:08:13.453,0,NVIDIA GeForce RTX 4090,0,0,2520,24564,39,68.69
2026/03/25 21:08:13.461,1,NVIDIA GeForce RTX 4080,82,55,14149,16376,58,275.81
2026/03/25 21:08:43.518,0,NVIDIA GeForce RTX 4090,0,0,2520,24564,37,79.63
2026/03/25 21:08:43.524,1,NVIDIA GeForce RTX 4080,0,0,14149,16376,45,57.37
2026/03/25 21:09:13.578,0,NVIDIA GeForce RTX 4090,0,0,2520,24564,37,77.25
2026/03/25 21:09:13.584,1,NVIDIA GeForce RTX 4080,0,0,14149,16376,40,56.46
2026/03/25 21:09:43.637,0,NVIDIA GeForce RTX 4090,0,0,2520,24564,39,164.06
2026/03/25 21:09:43.642,1,NVIDIA GeForce RTX 4080,0,0,14149,16376,42,70.86
2026/03/25 21:10:13.692,0,NVIDIA GeForce RTX 4090,0,0,2520,24564,39,114.41
2026/03/25 21:10:13.697,1,NVIDIA GeForce RTX 4080,0,0,14149,16376,40,59.65
2026/03/25 21:10:43.739,0,NVIDIA GeForce RTX 4090,45,31,2520,24564,41,145.01
2026/03/25 21:10:43.746,1,NVIDIA GeForce RTX 4080,80,53,14149,16376,55,271.34
2026/03/25 21:11:13.804,0,NVIDIA GeForce RTX 4090,0,0,2520,24564,38,122.88
2026/03/25 21:11:13.812,1,NVIDIA GeForce RTX 4080,78,51,14149,16376,52,268.01
2026/03/25 21:11:43.867,0,NVIDIA GeForce RTX 4090,0,0,2520,24564,38,123.01
2026/03/25 21:11:43.873,1,NVIDIA GeForce RTX 4080,0,0,14149,16376,42,70.47
2026/03/25 21:12:13.921,0,NVIDIA GeForce RTX 4090,62,43,2520,24564,46,321.11
2026/03/25 21:12:13.931,1,NVIDIA GeForce RTX 4080,84,57,14149,16376,54,272.46
2026/03/25 21:12:43.982,0,NVIDIA GeForce RTX 4090,0,0,2520,24564,36,67.41
2026/03/25 21:12:43.987,1,NVIDIA GeForce RTX 4080,10,9,14149,16376,41,57.05
2026/03/25 21:13:14.038,0,NVIDIA GeForce RTX 4090,0,0,2520,24564,37,68.41
2026/03/25 21:13:14.043,1,NVIDIA GeForce RTX 4080,21,21,14149,16376,42,74.27
2026/03/25 21:13:44.093,0,NVIDIA GeForce RTX 4090,73,51,2520,24564,47,337.75
2026/03/25 21:13:44.100,1,NVIDIA GeForce RTX 4080,0,0,14149,16376,42,76.50
2026/03/25 21:14:14.149,0,NVIDIA GeForce RTX 4090,43,29,2520,24564,43,119.05
2026/03/25 21:14:14.157,1,NVIDIA GeForce RTX 4080,78,52,14149,16376,56,265.17
2026/03/25 21:14:44.199,0,NVIDIA GeForce RTX 4090,68,48,2520,24564,45,147.75
2026/03/25 21:14:44.210,1,NVIDIA GeForce RTX 4080,0,0,14149,16376,40,70.67
2026/03/25 21:15:14.255,0,NVIDIA GeForce RTX 4090,74,52,2520,24564,44,169.81
2026/03/25 21:15:14.263,1,NVIDIA GeForce RTX 4080,83,56,14149,16376,54,184.83
2026/03/25 21:15:44.316,0,NVIDIA GeForce RTX 4090,77,53,2520,24564,46,345.46
2026/03/25 21:15:44.322,1,NVIDIA GeForce RTX 4080,82,54,14149,16376,54,146.62
2026/03/25 21:16:14.384,0,NVIDIA GeForce RTX 4090,0,0,2520,24564,36,72.67
2026/03/25 21:16:14.389,1,NVIDIA GeForce RTX 4080,82,55,14149,16376,54,274.99
2026/03/25 21:16:44.441,0,NVIDIA GeForce RTX 4090,2,2,2520,24564,39,255.57
2026/03/25 21:16:44.450,1,NVIDIA GeForce RTX 4080,0,0,14149,16376,40,75.24
2026/03/25 21:17:14.500,0,NVIDIA GeForce RTX 4090,0,0,2520,24564,36,66.89
2026/03/25 21:17:14.506,1,NVIDIA GeForce RTX 4080,17,16,14149,16376,40,61.40
2026/03/25 21:17:44.556,0,NVIDIA GeForce RTX 4090,70,49,2520,24564,47,327.28
2026/03/25 21:17:44.564,1,NVIDIA GeForce RTX 4080,42,28,14149,16376,44,235.20
2026/03/25 21:18:14.615,0,NVIDIA GeForce RTX 4090,0,0,2520,24564,36,67.36
2026/03/25 21:18:14.622,1,NVIDIA GeForce RTX 4080,0,0,14149,16376,40,57.36
2026/03/25 21:18:44.664,0,NVIDIA GeForce RTX 4090,72,50,2520,24564,44,322.31
2026/03/25 21:18:44.675,1,NVIDIA GeForce RTX 4080,76,51,14149,16376,57,262.85
2026/03/25 21:19:14.761,0,NVIDIA GeForce RTX 4090,0,0,2520,24564,36,67.02
2026/03/25 21:19:14.766,1,NVIDIA GeForce RTX 4080,79,53,14149,16376,53,196.29
2026/03/25 21:19:44.852,0,NVIDIA GeForce RTX 4090,0,0,2520,24564,37,120.18
2026/03/25 21:19:44.856,1,NVIDIA GeForce RTX 4080,84,61,14149,16376,52,101.81
2026/03/25 21:20:14.908,0,NVIDIA GeForce RTX 4090,14,9,2520,24564,38,90.31
2026/03/25 21:20:14.915,1,NVIDIA GeForce RTX 4080,0,0,14149,16376,40,60.71
2026/03/25 21:20:44.967,0,NVIDIA GeForce RTX 4090,0,0,2520,24564,34,69.37
2026/03/25 21:20:44.975,1,NVIDIA GeForce RTX 4080,69,47,14149,16376,50,265.81
2026/03/25 21:21:15.027,0,NVIDIA GeForce RTX 4090,73,51,2520,24564,43,343.33
2026/03/25 21:21:15.034,1,NVIDIA GeForce RTX 4080,10,9,14149,16376,41,139.67
2026/03/25 21:21:45.088,0,NVIDIA GeForce RTX 4090,0,0,2520,24564,36,129.16
2026/03/25 21:21:45.094,1,NVIDIA GeForce RTX 4080,79,54,14149,16376,56,259.96
2026/03/25 21:22:15.149,0,NVIDIA GeForce RTX 4090,0,0,2520,24564,35,68.24
2026/03/25 21:22:15.155,1,NVIDIA GeForce RTX 4080,0,0,14149,16376,40,60.76
2026/03/25 21:22:45.196,0,NVIDIA GeForce RTX 4090,73,51,2520,24564,46,333.51
2026/03/25 21:22:45.203,1,NVIDIA GeForce RTX 4080,0,0,14149,16376,41,99.35
2026/03/25 21:23:15.252,0,NVIDIA GeForce RTX 4090,68,47,2520,24564,44,160.57
2026/03/25 21:23:15.288,1,NVIDIA GeForce RTX 4080,0,0,14149,16376,40,63.79
2026/03/25 21:23:45.331,0,NVIDIA GeForce RTX 4090,0,0,2520,24564,37,77.78
2026/03/25 21:23:45.336,1,NVIDIA GeForce RTX 4080,10,9,14149,16376,40,57.43
2026/03/25 21:24:15.392,0,NVIDIA GeForce RTX 4090,0,0,2520,24564,36,67.04
2026/03/25 21:24:15.398,1,NVIDIA GeForce RTX 4080,0,0,14149,16376,40,57.38
2026/03/25 21:24:45.448,0,NVIDIA GeForce RTX 4090,0,0,2520,24564,36,67.11
2026/03/25 21:24:45.454,1,NVIDIA GeForce RTX 4080,0,0,14149,16376,39,56.97
2026/03/25 21:25:15.507,0,NVIDIA GeForce RTX 4090,71,50,2520,24564,47,324.22
2026/03/25 21:25:15.517,1,NVIDIA GeForce RTX 4080,82,54,14149,16376,55,271.58
2026/03/25 21:25:45.569,0,NVIDIA GeForce RTX 4090,0,0,2520,24564,36,67.27
2026/03/25 21:25:45.574,1,NVIDIA GeForce RTX 4080,1,1,14149,16376,40,65.97
2026/03/25 21:26:15.624,0,NVIDIA GeForce RTX 4090,0,0,2520,24564,36,71.94
2026/03/25 21:26:15.629,1,NVIDIA GeForce RTX 4080,0,0,14149,16376,40,59.94
2026/03/25 21:26:45.688,0,NVIDIA GeForce RTX 4090,68,47,2520,24564,41,106.48
2026/03/25 21:26:45.695,1,NVIDIA GeForce RTX 4080,52,36,14149,16376,49,204.62
2026/03/25 21:27:15.746,0,NVIDIA GeForce RTX 4090,0,0,2520,24564,36,67.32
2026/03/25 21:27:15.752,1,NVIDIA GeForce RTX 4080,79,54,14149,16376,53,264.34
2026/03/25 21:27:45.801,0,NVIDIA GeForce RTX 4090,67,46,2520,24564,44,335.88
2026/03/25 21:27:45.809,1,NVIDIA GeForce RTX 4080,69,45,14149,16376,52,87.43
2026/03/25 21:28:15.907,0,NVIDIA GeForce RTX 4090,0,0,2520,24564,36,67.49
2026/03/25 21:28:15.913,1,NVIDIA GeForce RTX 4080,21,21,14149,16376,40,60.03
2026/03/25 21:28:45.965,0,NVIDIA GeForce RTX 4090,71,50,2520,24564,44,328.20
2026/03/25 21:28:45.972,1,NVIDIA GeForce RTX 4080,0,0,14149,16376,41,76.08
2026/03/25 21:29:16.007,0,NVIDIA GeForce RTX 4090,0,0,2520,24564,37,104.94
2026/03/25 21:29:16.012,1,NVIDIA GeForce RTX 4080,88,65,14149,16376,58,261.79
2026/03/25 21:29:46.054,0,NVIDIA GeForce RTX 4090,0,0,2520,24564,36,68.07
2026/03/25 21:29:46.060,1,NVIDIA GeForce RTX 4080,82,54,14149,16376,53,129.18
2026/03/25 21:30:16.130,0,NVIDIA GeForce RTX 4090,2,1,2520,24564,38,269.08
2026/03/25 21:30:16.140,1,NVIDIA GeForce RTX 4080,0,0,14149,16376,41,62.52
2026/03/25 21:30:46.192,0,NVIDIA GeForce RTX 4090,0,0,2520,24564,38,151.02
2026/03/25 21:30:46.198,1,NVIDIA GeForce RTX 4080,76,51,14149,16376,55,266.00
2026/03/25 21:31:16.246,0,NVIDIA GeForce RTX 4090,75,52,2520,24564,44,199.98
2026/03/25 21:31:16.252,1,NVIDIA GeForce RTX 4080,81,54,14149,16376,56,271.62
2026/03/25 21:31:46.302,0,NVIDIA GeForce RTX 4090,0,0,2520,24564,39,112.90
2026/03/25 21:31:46.306,1,NVIDIA GeForce RTX 4080,21,21,14149,16376,42,73.83
2026/03/25 21:32:16.345,0,NVIDIA GeForce RTX 4090,67,47,2520,24564,45,347.65
2026/03/25 21:32:16.352,1,NVIDIA GeForce RTX 4080,83,55,14149,16376,52,122.51
2026/03/25 21:32:46.434,0,NVIDIA GeForce RTX 4090,61,42,2520,24564,44,115.86
2026/03/25 21:32:46.442,1,NVIDIA GeForce RTX 4080,75,50,14149,16376,57,271.53
2026/03/25 21:33:16.547,0,NVIDIA GeForce RTX 4090,69,48,2520,24564,46,318.39
2026/03/25 21:33:16.556,1,NVIDIA GeForce RTX 4080,10,9,14149,16376,43,76.51
2026/03/25 21:33:46.607,0,NVIDIA GeForce RTX 4090,68,47,2520,24564,43,319.23
2026/03/25 21:33:46.615,1,NVIDIA GeForce RTX 4080,10,9,14149,16376,42,88.06
2026/03/25 21:34:16.658,0,NVIDIA GeForce RTX 4090,0,0,2520,24564,36,71.13
2026/03/25 21:34:16.662,1,NVIDIA GeForce RTX 4080,76,51,14149,16376,55,261.76
2026/03/25 21:34:46.738,0,NVIDIA GeForce RTX 4090,0,0,2520,24564,36,66.12
2026/03/25 21:34:46.743,1,NVIDIA GeForce RTX 4080,21,21,14149,16376,42,68.74
2026/03/25 21:35:16.782,0,NVIDIA GeForce RTX 4090,74,51,2520,24564,45,190.17
2026/03/25 21:35:16.789,1,NVIDIA GeForce RTX 4080,80,52,14149,16376,55,272.00
2026/03/25 21:35:46.843,0,NVIDIA GeForce RTX 4090,73,51,2520,24564,44,320.65
2026/03/25 21:35:46.851,1,NVIDIA GeForce RTX 4080,66,51,14149,16376,45,207.51
2026/03/25 21:36:16.901,0,NVIDIA GeForce RTX 4090,35,25,2520,24564,39,301.02
2026/03/25 21:36:16.908,1,NVIDIA GeForce RTX 4080,83,57,14149,16376,59,268.34
2026/03/25 21:36:46.965,0,NVIDIA GeForce RTX 4090,0,0,2520,24564,36,67.60
2026/03/25 21:36:46.971,1,NVIDIA GeForce RTX 4080,0,0,14149,16376,41,57.15
2026/03/25 21:37:17.020,0,NVIDIA GeForce RTX 4090,0,0,2520,24564,37,68.54
2026/03/25 21:37:17.027,1,NVIDIA GeForce RTX 4080,0,0,14149,16376,41,60.90
2026/03/25 21:37:47.078,0,NVIDIA GeForce RTX 4090,74,52,2520,24564,44,160.72
2026/03/25 21:37:47.085,1,NVIDIA GeForce RTX 4080,0,0,14149,16376,40,62.08
2026/03/25 21:38:17.135,0,NVIDIA GeForce RTX 4090,70,48,2520,24564,43,150.01
2026/03/25 21:38:17.142,1,NVIDIA GeForce RTX 4080,0,0,14149,16376,40,62.40
2026/03/25 21:38:47.190,0,NVIDIA GeForce RTX 4090,0,0,2520,24564,37,77.32
2026/03/25 21:38:47.196,1,NVIDIA GeForce RTX 4080,82,55,14149,16376,57,275.16
2026/03/25 21:39:17.248,0,NVIDIA GeForce RTX 4090,0,0,2520,24564,39,301.78
2026/03/25 21:39:17.255,1,NVIDIA GeForce RTX 4080,0,0,14149,16376,40,60.47
2026/03/25 21:39:47.303,0,NVIDIA GeForce RTX 4090,0,0,2520,24564,36,67.59
2026/03/25 21:39:47.310,1,NVIDIA GeForce RTX 4080,0,0,14149,16376,40,56.82
2026/03/25 21:40:17.359,0,NVIDIA GeForce RTX 4090,0,0,2520,24564,36,68.70
2026/03/25 21:40:17.366,1,NVIDIA GeForce RTX 4080,10,9,14149,16376,43,180.82
2026/03/25 21:40:47.419,0,NVIDIA GeForce RTX 4090,67,47,2520,24564,43,176.71
2026/03/25 21:40:47.426,1,NVIDIA GeForce RTX 4080,80,53,14149,16376,53,262.32
2026/03/25 21:41:17.478,0,NVIDIA GeForce RTX 4090,0,0,2520,24564,37,68.47
2026/03/25 21:41:17.483,1,NVIDIA GeForce RTX 4080,21,21,14149,16376,40,61.69
2026/03/25 21:41:47.536,0,NVIDIA GeForce RTX 4090,0,0,2520,24564,38,109.75
2026/03/25 21:41:47.541,1,NVIDIA GeForce RTX 4080,82,55,14149,16376,53,270.95
2026/03/25 21:42:17.593,0,NVIDIA GeForce RTX 4090,0,0,2520,24564,39,267.01
2026/03/25 21:42:17.617,1,NVIDIA GeForce RTX 4080,0,0,14149,16376,42,113.41
2026/03/25 21:42:47.655,0,NVIDIA GeForce RTX 4090,0,0,2520,24564,38,217.77
2026/03/25 21:42:47.666,1,NVIDIA GeForce RTX 4080,75,52,14149,16376,54,262.16
2026/03/25 21:43:17.714,0,NVIDIA GeForce RTX 4090,0,0,2520,24564,37,104.53
2026/03/25 21:43:17.718,1,NVIDIA GeForce RTX 4080,6,3,14149,16376,43,184.99
2026/03/25 21:43:47.772,0,NVIDIA GeForce RTX 4090,0,0,2520,24564,38,158.35
2026/03/25 21:43:47.777,1,NVIDIA GeForce RTX 4080,0,0,14149,16376,41,66.86
2026/03/25 21:44:17.826,0,NVIDIA GeForce RTX 4090,74,52,2520,24564,44,317.06
2026/03/25 21:44:17.833,1,NVIDIA GeForce RTX 4080,34,30,14149,16376,45,234.39
2026/03/25 21:44:47.884,0,NVIDIA GeForce RTX 4090,0,0,2520,24564,36,67.72
2026/03/25 21:44:47.890,1,NVIDIA GeForce RTX 4080,63,42,14149,16376,51,86.36
2026/03/25 21:45:17.954,0,NVIDIA GeForce RTX 4090,0,0,2520,24564,36,73.41
2026/03/25 21:45:17.960,1,NVIDIA GeForce RTX 4080,0,0,14149,16376,40,57.64
2026/03/25 21:45:48.014,0,NVIDIA GeForce RTX 4090,0,0,2520,24564,36,67.85
2026/03/25 21:45:48.020,1,NVIDIA GeForce RTX 4080,10,9,14149,16376,41,60.02
2026/03/25 21:46:18.070,0,NVIDIA GeForce RTX 4090,65,46,2520,24564,44,319.11
2026/03/25 21:46:18.083,1,NVIDIA GeForce RTX 4080,0,0,14149,16376,40,60.81
2026/03/25 21:46:48.135,0,NVIDIA GeForce RTX 4090,0,0,2520,24564,36,77.08
2026/03/25 21:46:48.140,1,NVIDIA GeForce RTX 4080,75,50,14149,16376,51,126.24
2026/03/25 21:47:18.191,0,NVIDIA GeForce RTX 4090,0,0,2520,24564,36,66.50
2026/03/25 21:47:18.196,1,NVIDIA GeForce RTX 4080,21,21,14149,16376,39,60.37
2026/03/25 21:47:48.238,0,NVIDIA GeForce RTX 4090,69,48,2520,24564,45,158.45
2026/03/25 21:47:48.245,1,NVIDIA GeForce RTX 4080,82,60,14149,16376,53,256.92
2026/03/25 21:48:18.297,0,NVIDIA GeForce RTX 4090,73,51,2520,24564,46,332.43
2026/03/25 21:48:18.307,1,NVIDIA GeForce RTX 4080,0,0,14149,16376,43,194.40
2026/03/25 21:48:48.353,0,NVIDIA GeForce RTX 4090,45,30,2520,24564,40,229.38
2026/03/25 21:48:48.361,1,NVIDIA GeForce RTX 4080,81,54,14149,16376,52,266.86
2026/03/25 21:49:18.409,0,NVIDIA GeForce RTX 4090,67,48,2520,24564,42,151.63
2026/03/25 21:49:18.416,1,NVIDIA GeForce RTX 4080,0,0,14149,16376,39,59.01
2026/03/25 21:49:48.467,0,NVIDIA GeForce RTX 4090,0,0,2520,24564,37,67.03
2026/03/25 21:49:48.473,1,NVIDIA GeForce RTX 4080,0,0,14149,16376,40,60.18
2026/03/25 21:50:18.523,0,NVIDIA GeForce RTX 4090,75,52,2520,24564,42,193.36
2026/03/25 21:50:18.530,1,NVIDIA GeForce RTX 4080,79,52,14149,16376,53,267.29
2026/03/25 21:50:48.597,0,NVIDIA GeForce RTX 4090,70,48,2520,24564,45,328.79
2026/03/25 21:50:48.605,1,NVIDIA GeForce RTX 4080,78,52,14149,16376,55,212.91
2026/03/25 21:51:18.657,0,NVIDIA GeForce RTX 4090,0,0,2520,24564,37,77.86
2026/03/25 21:51:18.663,1,NVIDIA GeForce RTX 4080,0,0,14149,16376,41,71.40
2026/03/25 21:51:48.716,0,NVIDIA GeForce RTX 4090,71,49,2520,24564,39,305.41
2026/03/25 21:51:48.722,1,NVIDIA GeForce RTX 4080,81,54,14149,16376,57,267.03
2026/03/25 21:52:18.777,0,NVIDIA GeForce RTX 4090,55,39,2520,24564,44,303.61
2026/03/25 21:52:18.786,1,NVIDIA GeForce RTX 4080,0,0,14149,16376,41,71.37
2026/03/25 21:52:48.835,0,NVIDIA GeForce RTX 4090,0,0,2520,24564,36,67.39
2026/03/25 21:52:48.840,1,NVIDIA GeForce RTX 4080,0,0,14149,16376,40,68.34
2026/03/25 21:53:18.892,0,NVIDIA GeForce RTX 4090,0,0,2520,24564,36,67.26
2026/03/25 21:53:18.897,1,NVIDIA GeForce RTX 4080,0,0,14149,16376,40,60.26
2026/03/25 21:53:48.947,0,NVIDIA GeForce RTX 4090,0,0,2520,24564,36,67.20
2026/03/25 21:53:48.952,1,NVIDIA GeForce RTX 4080,0,0,14149,16376,42,74.27
2026/03/25 21:54:19.004,0,NVIDIA GeForce RTX 4090,0,0,2520,24564,37,108.68
2026/03/25 21:54:19.009,1,NVIDIA GeForce RTX 4080,0,0,14149,16376,40,57.38
2026/03/25 21:54:49.061,0,NVIDIA GeForce RTX 4090,74,51,2520,24564,45,328.10
2026/03/25 21:54:49.069,1,NVIDIA GeForce RTX 4080,54,37,14149,16376,49,198.96
2026/03/25 21:55:19.108,0,NVIDIA GeForce RTX 4090,64,45,2520,24564,41,330.44
2026/03/25 21:55:19.115,1,NVIDIA GeForce RTX 4080,0,0,14149,16376,42,73.24
2026/03/25 21:55:49.163,0,NVIDIA GeForce RTX 4090,0,0,2520,24564,37,71.41
2026/03/25 21:55:49.168,1,NVIDIA GeForce RTX 4080,0,0,14149,16376,42,74.39
2026/03/25 21:56:19.222,0,NVIDIA GeForce RTX 4090,0,0,2520,24564,38,108.45
2026/03/25 21:56:19.227,1,NVIDIA GeForce RTX 4080,80,54,14149,16376,54,216.07
2026/03/25 21:56:49.278,0,NVIDIA GeForce RTX 4090,21,14,2520,24564,39,278.57
2026/03/25 21:56:49.286,1,NVIDIA GeForce RTX 4080,0,0,14149,16376,40,63.18
2026/03/25 21:57:19.325,0,NVIDIA GeForce RTX 4090,43,29,2520,24564,40,227.65
2026/03/25 21:57:19.332,1,NVIDIA GeForce RTX 4080,81,54,14149,16376,55,260.91
2026/03/25 21:57:49.379,0,NVIDIA GeForce RTX 4090,65,45,2520,24564,44,112.49
2026/03/25 21:57:49.389,1,NVIDIA GeForce RTX 4080,0,0,14149,16376,49,69.91
2026/03/25 21:58:19.454,0,NVIDIA GeForce RTX 4090,0,0,2520,24564,38,112.14
2026/03/25 21:58:19.461,1,NVIDIA GeForce RTX 4080,84,56,14149,16376,56,270.10
2026/03/25 21:58:49.518,0,NVIDIA GeForce RTX 4090,0,0,2520,24564,37,122.31
2026/03/25 21:58:49.522,1,NVIDIA GeForce RTX 4080,11,7,14149,16376,44,243.77
2026/03/25 21:59:19.565,0,NVIDIA GeForce RTX 4090,39,26,2520,24564,37,230.02
2026/03/25 21:59:19.570,1,NVIDIA GeForce RTX 4080,0,0,14149,16376,39,62.53
2026/03/25 21:59:49.620,0,NVIDIA GeForce RTX 4090,0,0,2520,24564,35,67.20
2026/03/25 21:59:49.629,1,NVIDIA GeForce RTX 4080,0,0,14149,16376,42,75.08
2026/03/25 22:00:19.680,0,NVIDIA GeForce RTX 4090,0,0,2520,24564,37,117.98
2026/03/25 22:00:19.685,1,NVIDIA GeForce RTX 4080,0,0,14149,16376,40,57.15
2026/03/25 22:00:49.737,0,NVIDIA GeForce RTX 4090,0,0,2520,24564,37,211.29
2026/03/25 22:00:49.744,1,NVIDIA GeForce RTX 4080,82,55,14149,16376,53,274.60
2026/03/25 22:01:19.796,0,NVIDIA GeForce RTX 4090,0,0,2520,24564,36,76.61
2026/03/25 22:01:19.802,1,NVIDIA GeForce RTX 4080,76,51,14149,16376,56,272.17
2026/03/25 22:01:49.905,0,NVIDIA GeForce RTX 4090,0,0,2520,24564,36,67.63
2026/03/25 22:01:49.910,1,NVIDIA GeForce RTX 4080,21,21,14149,16376,40,59.89
2026/03/25 22:02:19.951,0,NVIDIA GeForce RTX 4090,68,48,2520,24564,45,184.80
2026/03/25 22:02:19.982,1,NVIDIA GeForce RTX 4080,7,8,14149,16376,41,62.35
2026/03/25 22:02:50.029,0,NVIDIA GeForce RTX 4090,0,0,2520,24564,36,67.19
2026/03/25 22:02:50.034,1,NVIDIA GeForce RTX 4080,0,0,14149,16376,39,59.85
2026/03/25 22:03:20.087,0,NVIDIA GeForce RTX 4090,0,0,2520,24564,36,67.41
2026/03/25 22:03:20.093,1,NVIDIA GeForce RTX 4080,0,0,14149,16376,42,102.52
2026/03/25 22:03:50.145,0,NVIDIA GeForce RTX 4090,0,0,2520,24564,36,67.81
2026/03/25 22:03:50.155,1,NVIDIA GeForce RTX 4080,0,0,14149,16376,39,57.04
2026/03/25 22:04:20.204,0,NVIDIA GeForce RTX 4090,66,46,2520,24564,40,306.09
2026/03/25 22:04:20.210,1,NVIDIA GeForce RTX 4080,0,0,14149,16376,41,73.09
2026/03/25 22:04:50.261,0,NVIDIA GeForce RTX 4090,1,0,2520,24564,38,73.59
2026/03/25 22:04:50.267,1,NVIDIA GeForce RTX 4080,76,51,14149,16376,57,259.20
2026/03/25 22:05:20.320,0,NVIDIA GeForce RTX 4090,0,0,2520,24564,36,67.90
2026/03/25 22:05:20.325,1,NVIDIA GeForce RTX 4080,16,18,14149,16376,40,59.67
2026/03/25 22:05:50.373,0,NVIDIA GeForce RTX 4090,67,47,2520,24564,45,317.45
2026/03/25 22:05:50.380,1,NVIDIA GeForce RTX 4080,0,0,14149,16376,42,76.64
2026/03/25 22:06:20.429,0,NVIDIA GeForce RTX 4090,0,0,2520,24564,36,71.80
2026/03/25 22:06:20.435,1,NVIDIA GeForce RTX 4080,0,0,14149,16376,40,57.17
2026/03/25 22:06:50.482,0,NVIDIA GeForce RTX 4090,0,0,2520,24564,36,67.24
2026/03/25 22:06:50.488,1,NVIDIA GeForce RTX 4080,79,53,14149,16376,56,274.64
2026/03/25 22:07:20.529,0,NVIDIA GeForce RTX 4090,0,0,2520,24564,37,65.84
2026/03/25 22:07:20.536,1,NVIDIA GeForce RTX 4080,0,0,14149,16376,40,57.00
2026/03/25 22:07:50.590,0,NVIDIA GeForce RTX 4090,0,0,2520,24564,37,66.71
2026/03/25 22:07:50.595,1,NVIDIA GeForce RTX 4080,0,0,14149,16376,41,65.74
2026/03/25 22:08:20.655,0,NVIDIA GeForce RTX 4090,0,0,2520,24564,36,95.09
2026/03/25 22:08:20.664,1,NVIDIA GeForce RTX 4080,33,22,14149,16376,43,101.17
2026/03/25 22:08:50.719,0,NVIDIA GeForce RTX 4090,0,0,2520,24564,36,72.40
2026/03/25 22:08:50.725,1,NVIDIA GeForce RTX 4080,82,54,14149,16376,57,274.33
2026/03/25 22:09:20.775,0,NVIDIA GeForce RTX 4090,0,0,2520,24564,36,67.68
2026/03/25 22:09:20.781,1,NVIDIA GeForce RTX 4080,85,57,14149,16376,52,166.07
2026/03/25 22:09:50.839,0,NVIDIA GeForce RTX 4090,72,50,2520,24564,45,140.11
2026/03/25 22:09:50.848,1,NVIDIA GeForce RTX 4080,0,0,14149,16376,41,58.58
2026/03/25 22:10:20.899,0,NVIDIA GeForce RTX 4090,0,0,2520,24564,35,67.81
2026/03/25 22:10:20.906,1,NVIDIA GeForce RTX 4080,0,0,14149,16376,40,53.98
2026/03/25 22:10:50.960,0,NVIDIA GeForce RTX 4090,62,43,2520,24564,43,177.55
2026/03/25 22:10:50.966,1,NVIDIA GeForce RTX 4080,0,1,14149,16376,36,33.46
2026/03/25 22:11:21.030,0,NVIDIA GeForce RTX 4090,65,45,2520,24564,42,299.77
2026/03/25 22:11:21.049,1,NVIDIA GeForce RTX 4080,67,43,2476,16376,49,71.96
2026/03/25 22:11:51.102,0,NVIDIA GeForce RTX 4090,0,0,2520,24564,37,183.13
2026/03/25 22:11:51.107,1,NVIDIA GeForce RTX 4080,85,56,2476,16376,55,278.52
2026/03/25 22:12:21.156,0,NVIDIA GeForce RTX 4090,73,51,2520,24564,45,156.46
2026/03/25 22:12:21.164,1,NVIDIA GeForce RTX 4080,57,40,2476,16376,48,201.13
2026/03/25 22:12:51.218,0,NVIDIA GeForce RTX 4090,69,48,2520,24564,44,301.97
2026/03/25 22:12:51.230,1,NVIDIA GeForce RTX 4080,0,0,2476,16376,40,62.40
2026/03/25 22:13:21.281,0,NVIDIA GeForce RTX 4090,64,44,2520,24564,44,272.68
2026/03/25 22:13:21.290,1,NVIDIA GeForce RTX 4080,80,53,2476,16376,54,271.32
2026/03/25 22:13:51.343,0,NVIDIA GeForce RTX 4090,0,0,2520,24564,37,199.54
2026/03/25 22:13:51.347,1,NVIDIA GeForce RTX 4080,0,0,2476,16376,42,173.57
2026/03/25 22:14:21.397,0,NVIDIA GeForce RTX 4090,0,0,2520,24564,37,78.52
2026/03/25 22:14:21.402,1,NVIDIA GeForce RTX 4080,83,55,2476,16376,52,140.16
2026/03/25 22:14:51.454,0,NVIDIA GeForce RTX 4090,0,0,2520,24564,36,81.50
2026/03/25 22:14:51.459,1,NVIDIA GeForce RTX 4080,0,0,2476,16376,39,53.77
2026/03/25 22:15:21.507,0,NVIDIA GeForce RTX 4090,46,31,2520,24564,41,230.90
2026/03/25 22:15:21.513,1,NVIDIA GeForce RTX 4080,73,48,2476,16376,53,256.71
2026/03/25 22:15:51.571,0,NVIDIA GeForce RTX 4090,71,49,2520,24564,43,177.37
2026/03/25 22:15:51.598,1,NVIDIA GeForce RTX 4080,0,0,2476,16376,42,157.95
2026/03/25 22:16:21.650,0,NVIDIA GeForce RTX 4090,32,23,2520,24564,41,97.06
2026/03/25 22:16:21.658,1,NVIDIA GeForce RTX 4080,85,57,2476,16376,55,279.77
2026/03/25 22:16:51.709,0,NVIDIA GeForce RTX 4090,78,54,2520,24564,45,336.72
2026/03/25 22:16:51.717,1,NVIDIA GeForce RTX 4080,82,54,2476,16376,56,144.07
2026/03/25 22:17:21.765,0,NVIDIA GeForce RTX 4090,79,55,2520,24564,44,361.89
2026/03/25 22:17:21.772,1,NVIDIA GeForce RTX 4080,83,54,2476,16376,51,102.57
2026/03/25 22:17:51.830,0,NVIDIA GeForce RTX 4090,0,0,2520,24564,36,67.28
2026/03/25 22:17:51.835,1,NVIDIA GeForce RTX 4080,0,0,2476,16376,39,54.74
2026/03/25 22:18:21.886,0,NVIDIA GeForce RTX 4090,0,0,2520,24564,37,77.91
2026/03/25 22:18:21.892,1,NVIDIA GeForce RTX 4080,82,54,2476,16376,56,277.41
2026/03/25 22:18:51.953,0,NVIDIA GeForce RTX 4090,0,0,2520,24564,36,75.97
2026/03/25 22:18:51.959,1,NVIDIA GeForce RTX 4080,72,48,2476,16376,55,175.35
2026/03/25 22:19:22.012,0,NVIDIA GeForce RTX 4090,68,48,2520,24564,45,328.77
2026/03/25 22:19:22.022,1,NVIDIA GeForce RTX 4080,0,0,2476,16376,42,89.57
2026/03/25 22:19:52.070,0,NVIDIA GeForce RTX 4090,0,0,2520,24564,37,122.16
2026/03/25 22:19:52.074,1,NVIDIA GeForce RTX 4080,0,0,2476,16376,40,67.20
2026/03/25 22:20:22.128,0,NVIDIA GeForce RTX 4090,0,0,2520,24564,38,143.35
2026/03/25 22:20:22.132,1,NVIDIA GeForce RTX 4080,85,57,2476,16376,57,279.93
2026/03/25 22:20:52.185,0,NVIDIA GeForce RTX 4090,0,0,2520,24564,36,66.67
2026/03/25 22:20:52.190,1,NVIDIA GeForce RTX 4080,0,0,2476,16376,40,54.17
2026/03/25 22:21:22.228,0,NVIDIA GeForce RTX 4090,68,48,2520,24564,43,128.31
2026/03/25 22:21:22.236,1,NVIDIA GeForce RTX 4080,51,35,2476,16376,48,191.29
2026/03/25 22:21:52.279,0,NVIDIA GeForce RTX 4090,63,44,2520,24564,43,309.18
2026/03/25 22:21:52.287,1,NVIDIA GeForce RTX 4080,81,54,2476,16376,53,273.76
2026/03/25 22:22:22.342,0,NVIDIA GeForce RTX 4090,79,55,2520,24564,43,305.94
2026/03/25 22:22:22.352,1,NVIDIA GeForce RTX 4080,0,0,2476,16376,42,160.91
2026/03/25 22:22:52.394,0,NVIDIA GeForce RTX 4090,0,0,2520,24564,40,67.95
2026/03/25 22:22:52.404,1,NVIDIA GeForce RTX 4080,84,57,2476,16376,56,281.17
2026/03/25 22:23:22.455,0,NVIDIA GeForce RTX 4090,0,0,2520,24564,37,124.37
2026/03/25 22:23:22.460,1,NVIDIA GeForce RTX 4080,85,57,2476,16376,58,280.34
2026/03/25 22:23:52.514,0,NVIDIA GeForce RTX 4090,52,36,2520,24564,43,323.36
2026/03/25 22:23:52.524,1,NVIDIA GeForce RTX 4080,0,0,2476,16376,42,151.12
2026/03/25 22:24:22.560,0,NVIDIA GeForce RTX 4090,0,0,2520,24564,36,94.57
2026/03/25 22:24:22.565,1,NVIDIA GeForce RTX 4080,73,49,2476,16376,56,268.87
2026/03/25 22:24:52.612,0,NVIDIA GeForce RTX 4090,74,51,2520,24564,43,344.21
2026/03/25 22:24:52.620,1,NVIDIA GeForce RTX 4080,77,52,2476,16376,54,125.99
2026/03/25 22:25:22.683,0,NVIDIA GeForce RTX 4090,0,0,2520,24564,37,106.11
2026/03/25 22:25:22.689,1,NVIDIA GeForce RTX 4080,80,54,2476,16376,54,271.03
2026/03/25 22:25:52.743,0,NVIDIA GeForce RTX 4090,70,49,2520,24564,45,322.87
2026/03/25 22:25:52.749,1,NVIDIA GeForce RTX 4080,81,54,2476,16376,54,262.73
2026/03/25 22:26:22.801,0,NVIDIA GeForce RTX 4090,0,0,2520,24564,35,66.35
2026/03/25 22:26:22.806,1,NVIDIA GeForce RTX 4080,0,0,2476,16376,40,60.19
2026/03/25 22:26:52.857,0,NVIDIA GeForce RTX 4090,51,35,2520,24564,41,129.20
2026/03/25 22:26:52.867,1,NVIDIA GeForce RTX 4080,0,0,2476,16376,40,65.93
2026/03/25 22:27:22.917,0,NVIDIA GeForce RTX 4090,71,50,2520,24564,45,329.65
2026/03/25 22:27:22.925,1,NVIDIA GeForce RTX 4080,73,48,2476,16376,50,86.62
2026/03/25 22:27:53.000,0,NVIDIA GeForce RTX 4090,11,7,2520,24564,39,77.14
2026/03/25 22:27:53.009,1,NVIDIA GeForce RTX 4080,81,54,2476,16376,52,276.35
2026/03/25 22:28:23.061,0,NVIDIA GeForce RTX 4090,0,0,2520,24564,36,72.51
2026/03/25 22:28:23.068,1,NVIDIA GeForce RTX 4080,0,0,2476,16376,43,198.14
2026/03/25 22:28:53.118,0,NVIDIA GeForce RTX 4090,0,0,2520,24564,37,78.96
2026/03/25 22:28:53.123,1,NVIDIA GeForce RTX 4080,0,0,2476,16376,42,146.00
2026/03/25 22:29:23.173,0,NVIDIA GeForce RTX 4090,0,0,2520,24564,35,66.96
2026/03/25 22:29:23.178,1,NVIDIA GeForce RTX 4080,0,0,2476,16376,39,58.23
2026/03/25 22:29:53.227,0,NVIDIA GeForce RTX 4090,0,0,2520,24564,35,72.74
2026/03/25 22:29:53.232,1,NVIDIA GeForce RTX 4080,0,0,2476,16376,42,160.97
2026/03/25 22:30:23.284,0,NVIDIA GeForce RTX 4090,0,0,2520,24564,37,121.77
2026/03/25 22:30:23.290,1,NVIDIA GeForce RTX 4080,5,3,2476,16376,44,245.48
2026/03/25 22:30:53.334,0,NVIDIA GeForce RTX 4090,72,50,2520,24564,45,337.20
2026/03/25 22:30:53.342,1,NVIDIA GeForce RTX 4080,0,0,2476,16376,40,87.92
2026/03/25 22:31:23.390,0,NVIDIA GeForce RTX 4090,0,0,2520,24564,36,67.54
2026/03/25 22:31:23.397,1,NVIDIA GeForce RTX 4080,0,0,2476,16376,41,100.49
2026/03/25 22:31:53.445,0,NVIDIA GeForce RTX 4090,0,0,2520,24564,36,103.94
2026/03/25 22:31:53.451,1,NVIDIA GeForce RTX 4080,85,57,2476,16376,54,280.59
2026/03/25 22:32:23.504,0,NVIDIA GeForce RTX 4090,0,0,2520,24564,35,75.95
2026/03/25 22:32:23.509,1,NVIDIA GeForce RTX 4080,0,0,2476,16376,40,53.84
2026/03/25 22:32:53.562,0,NVIDIA GeForce RTX 4090,0,0,2520,24564,37,103.32
2026/03/25 22:32:53.567,1,NVIDIA GeForce RTX 4080,0,0,2476,16376,40,88.10
2026/03/25 22:33:23.623,0,NVIDIA GeForce RTX 4090,0,0,2520,24564,35,78.32
2026/03/25 22:33:23.628,1,NVIDIA GeForce RTX 4080,85,57,2476,16376,50,101.28
2026/03/25 22:33:53.679,0,NVIDIA GeForce RTX 4090,76,53,2520,24564,46,322.04
2026/03/25 22:33:53.686,1,NVIDIA GeForce RTX 4080,81,54,2476,16376,58,274.76
2026/03/25 22:34:23.728,0,NVIDIA GeForce RTX 4090,72,50,2520,24564,45,338.95
2026/03/25 22:34:23.736,1,NVIDIA GeForce RTX 4080,0,0,2476,16376,42,103.20
2026/03/25 22:34:53.785,0,NVIDIA GeForce RTX 4090,0,0,2520,24564,37,76.25
2026/03/25 22:34:53.793,1,NVIDIA GeForce RTX 4080,0,0,2476,16376,41,69.35
2026/03/25 22:35:23.844,0,NVIDIA GeForce RTX 4090,0,0,2520,24564,37,103.74
2026/03/25 22:35:23.849,1,NVIDIA GeForce RTX 4080,0,0,2476,16376,41,95.33
2026/03/25 22:35:53.899,0,NVIDIA GeForce RTX 4090,60,43,2520,24564,43,317.21
2026/03/25 22:35:53.907,1,NVIDIA GeForce RTX 4080,0,0,2476,16376,40,66.88
2026/03/25 22:36:23.959,0,NVIDIA GeForce RTX 4090,0,0,2520,24564,36,66.65
2026/03/25 22:36:23.965,1,NVIDIA GeForce RTX 4080,56,40,2476,16376,50,157.65
2026/03/25 22:36:54.021,0,NVIDIA GeForce RTX 4090,44,29,2520,24564,40,82.13
2026/03/25 22:36:54.029,1,NVIDIA GeForce RTX 4080,0,0,2476,16376,39,53.88
2026/03/25 22:37:24.081,0,NVIDIA GeForce RTX 4090,69,48,2520,24564,43,340.55
2026/03/25 22:37:24.092,1,NVIDIA GeForce RTX 4080,82,54,2476,16376,55,274.28
2026/03/25 22:37:54.147,0,NVIDIA GeForce RTX 4090,80,56,2520,24564,46,350.99
2026/03/25 22:37:54.156,1,NVIDIA GeForce RTX 4080,82,54,2476,16376,53,274.09
2026/03/25 22:38:24.201,0,NVIDIA GeForce RTX 4090,72,50,2520,24564,43,335.11
2026/03/25 22:38:24.213,1,NVIDIA GeForce RTX 4080,0,0,2476,16376,39,83.66
2026/03/25 22:38:54.263,0,NVIDIA GeForce RTX 4090,0,0,2520,24564,36,72.36
2026/03/25 22:38:54.268,1,NVIDIA GeForce RTX 4080,0,0,2476,16376,39,59.69
2026/03/25 22:39:24.321,0,NVIDIA GeForce RTX 4090,0,0,2520,24564,36,67.36
2026/03/25 22:39:24.327,1,NVIDIA GeForce RTX 4080,0,0,2476,16376,39,54.21
2026/03/25 22:39:54.378,0,NVIDIA GeForce RTX 4090,74,51,2520,24564,43,329.00
2026/03/25 22:39:54.387,1,NVIDIA GeForce RTX 4080,86,57,2476,16376,52,273.79
2026/03/25 22:40:24.440,0,NVIDIA GeForce RTX 4090,3,2,2520,24564,35,68.97
2026/03/25 22:40:24.447,1,NVIDIA GeForce RTX 4080,0,0,2476,16376,40,155.14
2026/03/25 22:40:54.497,0,NVIDIA GeForce RTX 4090,0,0,2520,24564,36,67.75
2026/03/25 22:40:54.503,1,NVIDIA GeForce RTX 4080,0,0,2476,16376,40,58.77
2026/03/25 22:41:24.550,0,NVIDIA GeForce RTX 4090,0,0,2520,24564,37,73.53
2026/03/25 22:41:24.555,1,NVIDIA GeForce RTX 4080,84,55,2476,16376,56,280.89
2026/03/25 22:41:54.608,0,NVIDIA GeForce RTX 4090,44,29,2520,24564,42,137.21
2026/03/25 22:41:54.613,1,NVIDIA GeForce RTX 4080,0,0,2476,16376,41,91.19
2026/03/25 22:42:24.664,0,NVIDIA GeForce RTX 4090,0,0,2520,24564,37,68.54
2026/03/25 22:42:24.670,1,NVIDIA GeForce RTX 4080,0,0,2476,16376,41,91.84
2026/03/25 22:42:54.721,0,NVIDIA GeForce RTX 4090,0,0,2520,24564,38,111.61
2026/03/25 22:42:54.727,1,NVIDIA GeForce RTX 4080,26,17,2476,16376,45,235.48
2026/03/25 22:43:24.779,0,NVIDIA GeForce RTX 4090,0,0,2520,24564,36,67.87
2026/03/25 22:43:24.785,1,NVIDIA GeForce RTX 4080,0,0,2476,16376,39,53.43
2026/03/25 22:43:54.840,0,NVIDIA GeForce RTX 4090,0,0,2520,24564,36,67.08
2026/03/25 22:43:54.847,1,NVIDIA GeForce RTX 4080,0,0,2476,16376,39,53.56
2026/03/25 22:44:24.900,0,NVIDIA GeForce RTX 4090,0,0,2520,24564,37,126.28
2026/03/25 22:44:24.904,1,NVIDIA GeForce RTX 4080,78,53,2476,16376,55,277.73
2026/03/25 22:44:54.957,0,NVIDIA GeForce RTX 4090,81,57,2520,24564,44,365.94
2026/03/25 22:44:54.963,1,NVIDIA GeForce RTX 4080,71,47,2476,16376,44,250.96
2026/03/25 22:45:25.016,0,NVIDIA GeForce RTX 4090,0,0,2520,24564,36,68.50
2026/03/25 22:45:25.026,1,NVIDIA GeForce RTX 4080,0,0,2476,16376,41,98.82
2026/03/25 22:45:55.075,0,NVIDIA GeForce RTX 4090,0,0,2520,24564,35,66.04
2026/03/25 22:45:55.081,1,NVIDIA GeForce RTX 4080,0,0,2476,16376,38,53.69
2026/03/25 22:46:25.132,0,NVIDIA GeForce RTX 4090,69,48,2520,24564,44,334.71
2026/03/25 22:46:25.146,1,NVIDIA GeForce RTX 4080,10,7,2476,16376,43,225.36
2026/03/25 22:46:55.196,0,NVIDIA GeForce RTX 4090,0,0,2520,24564,37,215.26
2026/03/25 22:46:55.202,1,NVIDIA GeForce RTX 4080,0,0,2476,16376,42,150.48
2026/03/25 22:47:25.254,0,NVIDIA GeForce RTX 4090,0,0,2520,24564,35,70.29
2026/03/25 22:47:25.259,1,NVIDIA GeForce RTX 4080,0,0,2476,16376,39,53.78
2026/03/25 22:47:55.313,0,NVIDIA GeForce RTX 4090,75,52,2520,24564,45,348.85
2026/03/25 22:47:55.319,1,NVIDIA GeForce RTX 4080,0,0,2476,16376,38,58.07
2026/03/25 22:48:25.372,0,NVIDIA GeForce RTX 4090,0,0,2520,24564,36,66.48
2026/03/25 22:48:25.378,1,NVIDIA GeForce RTX 4080,0,0,2476,16376,39,65.04
2026/03/25 22:48:55.430,0,NVIDIA GeForce RTX 4090,0,0,2520,24564,36,67.35
2026/03/25 22:48:55.436,1,NVIDIA GeForce RTX 4080,0,0,2476,16376,39,53.81
2026/03/25 22:49:25.489,0,NVIDIA GeForce RTX 4090,0,0,2520,24564,36,65.77
2026/03/25 22:49:25.496,1,NVIDIA GeForce RTX 4080,0,0,2476,16376,39,53.20
2026/03/25 22:49:55.546,0,NVIDIA GeForce RTX 4090,0,0,2520,24564,36,77.33
2026/03/25 22:49:55.551,1,NVIDIA GeForce RTX 4080,0,0,2476,16376,39,64.44
2026/03/25 22:50:25.602,0,NVIDIA GeForce RTX 4090,0,0,2520,24564,36,67.62
2026/03/25 22:50:25.606,1,NVIDIA GeForce RTX 4080,82,55,2476,16376,55,191.96
2026/03/25 22:50:55.658,0,NVIDIA GeForce RTX 4090,0,0,2520,24564,36,106.12
2026/03/25 22:50:55.663,1,NVIDIA GeForce RTX 4080,78,53,2476,16376,54,271.61
2026/03/25 22:51:25.716,0,NVIDIA GeForce RTX 4090,0,0,2520,24564,37,125.28
2026/03/25 22:51:25.721,1,NVIDIA GeForce RTX 4080,0,0,2476,16376,39,63.18
2026/03/25 22:51:55.772,0,NVIDIA GeForce RTX 4090,0,0,2520,24564,37,109.85
2026/03/25 22:51:55.778,1,NVIDIA GeForce RTX 4080,77,51,2476,16376,53,269.90
2026/03/25 22:52:25.834,0,NVIDIA GeForce RTX 4090,0,0,2520,24564,36,67.67
2026/03/25 22:52:25.841,1,NVIDIA GeForce RTX 4080,0,0,2476,16376,40,59.85
2026/03/25 22:52:55.893,0,NVIDIA GeForce RTX 4090,0,0,2520,24564,37,126.23
2026/03/25 22:52:55.897,1,NVIDIA GeForce RTX 4080,84,57,2476,16376,48,285.22
2026/03/25 22:53:25.953,0,NVIDIA GeForce RTX 4090,0,0,2520,24564,36,78.36
2026/03/25 22:53:25.958,1,NVIDIA GeForce RTX 4080,0,0,2476,16376,43,174.37
2026/03/25 22:53:56.035,0,NVIDIA GeForce RTX 4090,0,0,2520,24564,35,67.74
2026/03/25 22:53:56.040,1,NVIDIA GeForce RTX 4080,0,0,2476,16376,38,54.21
2026/03/25 22:54:26.094,0,NVIDIA GeForce RTX 4090,0,0,2520,24564,38,216.31
2026/03/25 22:54:26.100,1,NVIDIA GeForce RTX 4080,86,57,2476,16376,56,266.74
2026/03/25 22:54:56.153,0,NVIDIA GeForce RTX 4090,66,46,2520,24564,41,126.35
2026/03/25 22:54:56.161,1,NVIDIA GeForce RTX 4080,0,0,2476,16376,39,54.24
2026/03/25 22:55:26.212,0,NVIDIA GeForce RTX 4090,0,0,2520,24564,36,65.66
2026/03/25 22:55:26.218,1,NVIDIA GeForce RTX 4080,0,0,2476,16376,39,53.85
2026/03/25 22:55:56.270,0,NVIDIA GeForce RTX 4090,0,0,2520,24564,36,72.74
2026/03/25 22:55:56.275,1,NVIDIA GeForce RTX 4080,0,0,2476,16376,39,53.91
2026/03/25 22:56:26.328,0,NVIDIA GeForce RTX 4090,0,0,2520,24564,38,252.26
2026/03/25 22:56:26.336,1,NVIDIA GeForce RTX 4080,46,30,2476,16376,52,85.87
2026/03/25 22:56:56.390,0,NVIDIA GeForce RTX 4090,71,50,2520,24564,44,341.68
2026/03/25 22:56:56.397,1,NVIDIA GeForce RTX 4080,0,0,2476,16376,39,55.33
2026/03/25 22:57:26.448,0,NVIDIA GeForce RTX 4090,0,0,2520,24564,36,68.37
2026/03/25 22:57:26.454,1,NVIDIA GeForce RTX 4080,0,0,2476,16376,39,53.57
2026/03/25 22:57:56.503,0,NVIDIA GeForce RTX 4090,0,0,2520,24564,36,67.69
2026/03/25 22:57:56.509,1,NVIDIA GeForce RTX 4080,0,0,2476,16376,41,157.60
2026/03/25 22:58:26.560,0,NVIDIA GeForce RTX 4090,0,0,2520,24564,37,111.45
2026/03/25 22:58:26.566,1,NVIDIA GeForce RTX 4080,0,0,2476,16376,40,64.06
2026/03/25 22:58:56.618,0,NVIDIA GeForce RTX 4090,0,0,2520,24564,38,188.51
2026/03/25 22:58:56.623,1,NVIDIA GeForce RTX 4080,0,0,2476,16376,43,187.55
2026/03/25 22:59:26.667,0,NVIDIA GeForce RTX 4090,0,0,2520,24564,36,78.71
2026/03/25 22:59:26.672,1,NVIDIA GeForce RTX 4080,0,0,2476,16376,41,65.99
2026/03/25 22:59:57.610,0,NVIDIA GeForce RTX 4090,0,0,2520,24564,36,73.23
2026/03/25 22:59:57.616,1,NVIDIA GeForce RTX 4080,0,0,2476,16376,40,59.87
2026/03/25 23:00:27.666,0,NVIDIA GeForce RTX 4090,0,0,2520,24564,37,118.84
2026/03/25 23:00:27.672,1,NVIDIA GeForce RTX 4080,0,0,2476,16376,47,53.78
2026/03/25 23:00:57.725,0,NVIDIA GeForce RTX 4090,0,0,2520,24564,37,78.66
2026/03/25 23:00:57.730,1,NVIDIA GeForce RTX 4080,0,0,2476,16376,41,121.81
2026/03/25 23:01:27.785,0,NVIDIA GeForce RTX 4090,0,0,2520,24564,36,73.10
2026/03/25 23:01:27.791,1,NVIDIA GeForce RTX 4080,0,0,2476,16376,41,66.06
2026/03/25 23:01:57.844,0,NVIDIA GeForce RTX 4090,0,0,2520,24564,36,66.90
2026/03/25 23:01:57.849,1,NVIDIA GeForce RTX 4080,0,0,2476,16376,39,53.89
2026/03/25 23:02:27.899,0,NVIDIA GeForce RTX 4090,0,0,2520,24564,37,127.41
2026/03/25 23:02:27.904,1,NVIDIA GeForce RTX 4080,85,56,2476,16376,56,279.55
2026/03/25 23:02:57.956,0,NVIDIA GeForce RTX 4090,0,0,2520,24564,35,67.05
2026/03/25 23:02:57.962,1,NVIDIA GeForce RTX 4080,13,9,2476,16376,41,169.61
2026/03/25 23:03:28.011,0,NVIDIA GeForce RTX 4090,0,0,2520,24564,37,116.99
2026/03/25 23:03:28.016,1,NVIDIA GeForce RTX 4080,0,0,2476,16376,41,91.22
2026/03/25 23:03:58.069,0,NVIDIA GeForce RTX 4090,0,0,2520,24564,36,71.62
2026/03/25 23:03:58.076,1,NVIDIA GeForce RTX 4080,0,0,2476,16376,42,196.17
2026/03/25 23:04:28.129,0,NVIDIA GeForce RTX 4090,79,55,2520,24564,45,349.87
2026/03/25 23:04:28.137,1,NVIDIA GeForce RTX 4080,0,0,2476,16376,45,65.94
2026/03/25 23:04:58.189,0,NVIDIA GeForce RTX 4090,0,0,2520,24564,41,173.65
2026/03/25 23:04:58.201,1,NVIDIA GeForce RTX 4080,0,0,2476,16376,40,103.85
2026/03/25 23:05:28.252,0,NVIDIA GeForce RTX 4090,0,0,2520,24564,38,68.84
2026/03/25 23:05:28.259,1,NVIDIA GeForce RTX 4080,82,55,2476,16376,54,276.16
2026/03/25 23:05:58.311,0,NVIDIA GeForce RTX 4090,0,0,2520,24564,36,68.97
2026/03/25 23:05:58.316,1,NVIDIA GeForce RTX 4080,0,0,2476,16376,38,53.85
2026/03/25 23:06:28.364,0,NVIDIA GeForce RTX 4090,75,52,2520,24564,44,326.95
2026/03/25 23:06:28.373,1,NVIDIA GeForce RTX 4080,84,56,2476,16376,57,273.58
2026/03/25 23:06:58.428,0,NVIDIA GeForce RTX 4090,0,0,2520,24564,35,67.37
2026/03/25 23:06:58.434,1,NVIDIA GeForce RTX 4080,0,0,2476,16376,39,58.79
2026/03/25 23:07:28.484,0,NVIDIA GeForce RTX 4090,68,47,2520,24564,44,321.57
2026/03/25 23:07:28.494,1,NVIDIA GeForce RTX 4080,74,50,2476,16376,53,273.21
2026/03/25 23:07:58.551,0,NVIDIA GeForce RTX 4090,0,0,2520,24564,35,67.67
2026/03/25 23:07:58.558,1,NVIDIA GeForce RTX 4080,0,0,2476,16376,38,54.10
2026/03/25 23:08:28.613,0,NVIDIA GeForce RTX 4090,0,0,2520,24564,36,189.77
2026/03/25 23:08:28.618,1,NVIDIA GeForce RTX 4080,0,0,2476,16376,40,105.51
2026/03/25 23:08:58.671,0,NVIDIA GeForce RTX 4090,0,0,2520,24564,35,66.79
2026/03/25 23:08:58.676,1,NVIDIA GeForce RTX 4080,0,0,2476,16376,39,55.88
2026/03/25 23:09:28.727,0,NVIDIA GeForce RTX 4090,59,42,2520,24564,45,330.48
2026/03/25 23:09:28.735,1,NVIDIA GeForce RTX 4080,0,0,2476,16376,40,68.49
2026/03/25 23:09:58.789,0,NVIDIA GeForce RTX 4090,0,0,2520,24564,36,76.84
2026/03/25 23:09:58.795,1,NVIDIA GeForce RTX 4080,0,0,2476,16376,41,160.61
2026/03/25 23:10:28.847,0,NVIDIA GeForce RTX 4090,0,0,2520,24564,36,70.60
2026/03/25 23:10:28.857,1,NVIDIA GeForce RTX 4080,0,0,2476,16376,42,137.27
2026/03/25 23:10:58.999,0,NVIDIA GeForce RTX 4090,0,0,2520,24564,37,121.54
2026/03/25 23:10:59.005,1,NVIDIA GeForce RTX 4080,0,0,2476,16376,39,56.09
2026/03/25 23:11:29.065,0,NVIDIA GeForce RTX 4090,77,53,2520,24564,47,359.88
2026/03/25 23:11:29.072,1,NVIDIA GeForce RTX 4080,27,18,2476,16376,51,95.16
2026/03/25 23:11:59.124,0,NVIDIA GeForce RTX 4090,12,9,2520,24564,38,78.10
2026/03/25 23:11:59.132,1,NVIDIA GeForce RTX 4080,82,55,2476,16376,51,147.36
2026/03/25 23:12:29.189,0,NVIDIA GeForce RTX 4090,0,0,2520,24564,36,77.68
2026/03/25 23:12:29.194,1,NVIDIA GeForce RTX 4080,83,55,2476,16376,58,283.09
2026/03/25 23:12:59.249,0,NVIDIA GeForce RTX 4090,0,0,2520,24564,35,67.23
2026/03/25 23:12:59.255,1,NVIDIA GeForce RTX 4080,77,52,2476,16376,56,217.52
2026/03/25 23:13:29.310,0,NVIDIA GeForce RTX 4090,0,0,2520,24564,36,66.81
2026/03/25 23:13:29.316,1,NVIDIA GeForce RTX 4080,0,0,2476,16376,39,54.12
2026/03/25 23:13:59.370,0,NVIDIA GeForce RTX 4090,0,0,2520,24564,35,70.06
2026/03/25 23:13:59.376,1,NVIDIA GeForce RTX 4080,0,0,2476,16376,39,54.17
2026/03/25 23:14:29.430,0,NVIDIA GeForce RTX 4090,0,0,2520,24564,37,177.30
2026/03/25 23:14:29.436,1,NVIDIA GeForce RTX 4080,0,0,2476,16376,39,62.21
2026/03/25 23:14:59.495,0,NVIDIA GeForce RTX 4090,72,50,2520,24564,44,318.08
2026/03/25 23:14:59.502,1,NVIDIA GeForce RTX 4080,82,54,2476,16376,52,276.40
2026/03/25 23:15:29.554,0,NVIDIA GeForce RTX 4090,0,0,2520,24564,37,120.11
2026/03/25 23:15:29.559,1,NVIDIA GeForce RTX 4080,80,54,2476,16376,53,269.99
2026/03/25 23:15:59.612,0,NVIDIA GeForce RTX 4090,0,0,2520,24564,36,67.21
2026/03/25 23:15:59.618,1,NVIDIA GeForce RTX 4080,31,21,2476,16376,42,63.03
2026/03/25 23:16:29.710,0,NVIDIA GeForce RTX 4090,0,0,2520,24564,36,77.42
2026/03/25 23:16:29.716,1,NVIDIA GeForce RTX 4080,84,56,2476,16376,46,130.87
2026/03/25 23:16:59.797,0,NVIDIA GeForce RTX 4090,0,0,2520,24564,35,66.25
2026/03/25 23:16:59.803,1,NVIDIA GeForce RTX 4080,0,0,2476,16376,38,53.41
2026/03/25 23:17:29.854,0,NVIDIA GeForce RTX 4090,50,34,2520,24564,40,210.94
2026/03/25 23:17:29.864,1,NVIDIA GeForce RTX 4080,71,48,2476,16376,53,268.77
2026/03/25 23:17:59.916,0,NVIDIA GeForce RTX 4090,0,0,2520,24564,36,67.25
2026/03/25 23:17:59.921,1,NVIDIA GeForce RTX 4080,0,0,2476,16376,39,53.98
2026/03/25 23:18:29.962,0,NVIDIA GeForce RTX 4090,70,48,2520,24564,44,316.74
2026/03/25 23:18:29.970,1,NVIDIA GeForce RTX 4080,83,55,2476,16376,52,133.48
2026/03/25 23:19:00.027,0,NVIDIA GeForce RTX 4090,0,0,2520,24564,37,77.31
2026/03/25 23:19:00.033,1,NVIDIA GeForce RTX 4080,0,0,2476,16376,39,65.14
2026/03/25 23:19:30.086,0,NVIDIA GeForce RTX 4090,0,0,2520,24564,36,67.33
2026/03/25 23:19:30.092,1,NVIDIA GeForce RTX 4080,0,0,2476,16376,40,65.03
2026/03/25 23:20:00.144,0,NVIDIA GeForce RTX 4090,0,0,2520,24564,36,68.45
2026/03/25 23:20:00.151,1,NVIDIA GeForce RTX 4080,0,0,2476,16376,39,53.92
2026/03/25 23:20:30.201,0,NVIDIA GeForce RTX 4090,0,0,2520,24564,35,67.09
2026/03/25 23:20:30.208,1,NVIDIA GeForce RTX 4080,0,0,2476,16376,39,63.93
2026/03/25 23:21:00.261,0,NVIDIA GeForce RTX 4090,0,0,2520,24564,35,99.17
2026/03/25 23:21:00.266,1,NVIDIA GeForce RTX 4080,81,54,2476,16376,55,263.82
2026/03/25 23:21:30.328,0,NVIDIA GeForce RTX 4090,0,0,2520,24564,37,126.86
2026/03/25 23:21:30.333,1,NVIDIA GeForce RTX 4080,0,0,2476,16376,45,54.16
2026/03/25 23:22:00.388,0,NVIDIA GeForce RTX 4090,68,48,2520,24564,46,338.50
2026/03/25 23:22:00.395,1,NVIDIA GeForce RTX 4080,0,0,2476,16376,40,69.23
2026/03/25 23:22:30.442,0,NVIDIA GeForce RTX 4090,78,54,2520,24564,44,163.72
2026/03/25 23:22:30.454,1,NVIDIA GeForce RTX 4080,82,54,2476,16376,56,256.52
2026/03/25 23:23:00.499,0,NVIDIA GeForce RTX 4090,68,47,2520,24564,41,325.61
2026/03/25 23:23:00.505,1,NVIDIA GeForce RTX 4080,82,55,2476,16376,53,106.25
2026/03/25 23:23:30.557,0,NVIDIA GeForce RTX 4090,0,0,2520,24564,36,68.72
2026/03/25 23:23:30.564,1,NVIDIA GeForce RTX 4080,82,55,2476,16376,55,272.33
2026/03/25 23:24:00.617,0,NVIDIA GeForce RTX 4090,0,0,2520,24564,37,116.88
2026/03/25 23:24:00.622,1,NVIDIA GeForce RTX 4080,0,0,2476,16376,40,61.28
2026/03/25 23:24:30.670,0,NVIDIA GeForce RTX 4090,0,0,2520,24564,36,68.33
2026/03/25 23:24:30.675,1,NVIDIA GeForce RTX 4080,85,56,2476,16376,56,279.00
2026/03/25 23:25:00.734,0,NVIDIA GeForce RTX 4090,11,8,2520,24564,43,73.29
2026/03/25 23:25:00.747,1,NVIDIA GeForce RTX 4080,0,0,2476,16376,40,54.17
2026/03/25 23:25:30.800,0,NVIDIA GeForce RTX 4090,0,0,2520,24564,37,78.98
2026/03/25 23:25:30.806,1,NVIDIA GeForce RTX 4080,0,0,2476,16376,40,53.47
2026/03/25 23:26:00.856,0,NVIDIA GeForce RTX 4090,0,0,2520,24564,36,105.69
2026/03/25 23:26:00.865,1,NVIDIA GeForce RTX 4080,50,35,2476,16376,46,102.27
2026/03/25 23:26:30.915,0,NVIDIA GeForce RTX 4090,0,0,2520,24564,36,72.05
2026/03/25 23:26:30.919,1,NVIDIA GeForce RTX 4080,86,57,2476,16376,53,258.50
2026/03/25 23:27:00.976,0,NVIDIA GeForce RTX 4090,0,0,2520,24564,38,250.30
2026/03/25 23:27:00.981,1,NVIDIA GeForce RTX 4080,0,0,2476,16376,40,68.23
2026/03/25 23:27:31.031,0,NVIDIA GeForce RTX 4090,0,0,2520,24564,37,78.10
2026/03/25 23:27:31.037,1,NVIDIA GeForce RTX 4080,0,0,2476,16376,41,98.30
2026/03/25 23:28:01.087,0,NVIDIA GeForce RTX 4090,81,57,2520,24564,44,336.11
2026/03/25 23:28:01.093,1,NVIDIA GeForce RTX 4080,0,0,2476,16376,39,57.06
2026/03/25 23:28:31.145,0,NVIDIA GeForce RTX 4090,0,0,2520,24564,36,70.54
2026/03/25 23:28:31.151,1,NVIDIA GeForce RTX 4080,0,0,2476,16376,39,53.91
2026/03/25 23:29:01.200,0,NVIDIA GeForce RTX 4090,0,0,2520,24564,36,68.33
2026/03/25 23:29:01.207,1,NVIDIA GeForce RTX 4080,0,0,2476,16376,39,53.64
2026/03/25 23:29:31.246,0,NVIDIA GeForce RTX 4090,0,0,2520,24564,36,78.24
2026/03/25 23:29:31.251,1,NVIDIA GeForce RTX 4080,0,0,2476,16376,40,89.48
2026/03/25 23:30:01.300,0,NVIDIA GeForce RTX 4090,80,55,2520,24564,42,341.11
2026/03/25 23:30:01.306,1,NVIDIA GeForce RTX 4080,0,0,2476,16376,40,100.34
2026/03/25 23:30:31.358,0,NVIDIA GeForce RTX 4090,0,0,2520,24564,36,67.91
2026/03/25 23:30:31.364,1,NVIDIA GeForce RTX 4080,0,0,2476,16376,39,53.87
2026/03/25 23:31:01.417,0,NVIDIA GeForce RTX 4090,0,0,2520,24564,36,72.66
2026/03/25 23:31:01.423,1,NVIDIA GeForce RTX 4080,0,0,2476,16376,41,64.43
2026/03/25 23:31:31.477,0,NVIDIA GeForce RTX 4090,0,0,2520,24564,36,78.16
2026/03/25 23:31:31.483,1,NVIDIA GeForce RTX 4080,0,0,2476,16376,40,66.16
2026/03/25 23:32:01.537,0,NVIDIA GeForce RTX 4090,66,46,2520,24564,43,313.56
2026/03/25 23:32:01.546,1,NVIDIA GeForce RTX 4080,0,0,2476,16376,41,89.65
2026/03/25 23:32:31.599,0,NVIDIA GeForce RTX 4090,0,0,2520,24564,36,77.93
2026/03/25 23:32:31.604,1,NVIDIA GeForce RTX 4080,81,54,2476,16376,54,272.54
2026/03/25 23:33:01.660,0,NVIDIA GeForce RTX 4090,0,0,2520,24564,35,70.95
2026/03/25 23:33:01.665,1,NVIDIA GeForce RTX 4080,85,57,2476,16376,55,276.72
2026/03/25 23:33:31.721,0,NVIDIA GeForce RTX 4090,0,0,2520,24564,36,77.07
2026/03/25 23:33:31.727,1,NVIDIA GeForce RTX 4080,86,57,2476,16376,55,282.82
2026/03/25 23:34:01.780,0,NVIDIA GeForce RTX 4090,69,48,2520,24564,45,315.42
2026/03/25 23:34:01.787,1,NVIDIA GeForce RTX 4080,82,55,2476,16376,57,274.49
2026/03/25 23:34:31.842,0,NVIDIA GeForce RTX 4090,0,0,2520,24564,36,68.47
2026/03/25 23:34:31.848,1,NVIDIA GeForce RTX 4080,83,55,2476,16376,56,278.39
2026/03/25 23:35:01.903,0,NVIDIA GeForce RTX 4090,81,56,2520,24564,45,362.61
2026/03/25 23:35:01.911,1,NVIDIA GeForce RTX 4080,80,54,2476,16376,55,261.84
2026/03/25 23:35:31.964,0,NVIDIA GeForce RTX 4090,0,0,2520,24564,37,108.57
2026/03/25 23:35:31.969,1,NVIDIA GeForce RTX 4080,74,49,2476,16376,57,271.94
2026/03/25 23:36:02.025,0,NVIDIA GeForce RTX 4090,69,48,2520,24564,44,326.56
2026/03/25 23:36:02.032,1,NVIDIA GeForce RTX 4080,0,0,2476,16376,41,54.62
2026/03/25 23:36:32.082,0,NVIDIA GeForce RTX 4090,0,0,2520,24564,36,71.35
2026/03/25 23:36:32.091,1,NVIDIA GeForce RTX 4080,0,0,2476,16376,41,94.60
2026/03/25 23:37:02.135,0,NVIDIA GeForce RTX 4090,0,0,2520,24564,37,72.69
2026/03/25 23:37:02.141,1,NVIDIA GeForce RTX 4080,80,53,2476,16376,55,269.18
2026/03/25 23:37:32.195,0,NVIDIA GeForce RTX 4090,65,45,2520,24564,46,327.40
2026/03/25 23:37:32.204,1,NVIDIA GeForce RTX 4080,79,53,2476,16376,56,257.18
2026/03/25 23:38:02.258,0,NVIDIA GeForce RTX 4090,71,49,2520,24564,45,327.30
2026/03/25 23:38:02.267,1,NVIDIA GeForce RTX 4080,83,55,2476,16376,54,273.42
2026/03/25 23:38:32.322,0,NVIDIA GeForce RTX 4090,64,44,2520,24564,43,325.85
2026/03/25 23:38:32.328,1,NVIDIA GeForce RTX 4080,82,55,2476,16376,55,164.76
2026/03/25 23:39:02.381,0,NVIDIA GeForce RTX 4090,0,0,2520,24564,36,68.16
2026/03/25 23:39:02.387,1,NVIDIA GeForce RTX 4080,0,0,2476,16376,40,64.53
2026/03/25 23:39:32.438,0,NVIDIA GeForce RTX 4090,0,0,2520,24564,38,279.26
2026/03/25 23:39:32.444,1,NVIDIA GeForce RTX 4080,0,0,2476,16376,41,68.16
2026/03/25 23:40:02.492,0,NVIDIA GeForce RTX 4090,67,47,2520,24564,43,325.92
2026/03/25 23:40:02.500,1,NVIDIA GeForce RTX 4080,0,0,2476,16376,39,57.38
2026/03/25 23:40:32.543,0,NVIDIA GeForce RTX 4090,67,46,2520,24564,44,298.65
2026/03/25 23:40:32.552,1,NVIDIA GeForce RTX 4080,80,53,2476,16376,58,275.83
2026/03/25 23:41:02.604,0,NVIDIA GeForce RTX 4090,0,0,2520,24564,36,69.60
2026/03/25 23:41:02.611,1,NVIDIA GeForce RTX 4080,78,52,2476,16376,53,173.52
2026/03/25 23:41:32.669,0,NVIDIA GeForce RTX 4090,0,0,2520,24564,36,68.36
2026/03/25 23:41:32.673,1,NVIDIA GeForce RTX 4080,0,0,2476,16376,41,65.60
2026/03/25 23:42:02.727,0,NVIDIA GeForce RTX 4090,25,17,2520,24564,39,323.54
2026/03/25 23:42:02.791,1,NVIDIA GeForce RTX 4080,85,57,2476,16376,54,275.95
2026/03/25 23:42:32.839,0,NVIDIA GeForce RTX 4090,76,52,2520,24564,45,342.04
2026/03/25 23:42:32.846,1,NVIDIA GeForce RTX 4080,81,54,2476,16376,53,266.18
2026/03/25 23:43:02.900,0,NVIDIA GeForce RTX 4090,0,0,2520,24564,37,186.82
2026/03/25 23:43:02.910,1,NVIDIA GeForce RTX 4080,0,0,2476,16376,42,138.50
2026/03/25 23:43:32.962,0,NVIDIA GeForce RTX 4090,77,53,2520,24564,43,344.62
2026/03/25 23:43:32.970,1,NVIDIA GeForce RTX 4080,82,54,2476,16376,56,262.85
2026/03/25 23:44:03.022,0,NVIDIA GeForce RTX 4090,0,0,2520,24564,37,78.96
2026/03/25 23:44:03.029,1,NVIDIA GeForce RTX 4080,0,0,2476,16376,39,53.83
2026/03/25 23:44:33.082,0,NVIDIA GeForce RTX 4090,0,0,2520,24564,37,77.56
2026/03/25 23:44:33.087,1,NVIDIA GeForce RTX 4080,0,0,2476,16376,41,89.28
2026/03/25 23:45:03.141,0,NVIDIA GeForce RTX 4090,71,49,2520,24564,45,358.95
2026/03/25 23:45:03.153,1,NVIDIA GeForce RTX 4080,0,0,2476,16376,39,61.10
2026/03/25 23:45:33.206,0,NVIDIA GeForce RTX 4090,61,43,2520,24564,41,205.15
2026/03/25 23:45:33.213,1,NVIDIA GeForce RTX 4080,0,0,2476,16376,39,60.15
2026/03/25 23:46:03.266,0,NVIDIA GeForce RTX 4090,35,23,2520,24564,42,104.08
2026/03/25 23:46:03.275,1,NVIDIA GeForce RTX 4080,78,53,2476,16376,48,86.96
2026/03/25 23:46:33.336,0,NVIDIA GeForce RTX 4090,67,46,2520,24564,45,322.96
2026/03/25 23:46:33.347,1,NVIDIA GeForce RTX 4080,85,56,2476,16376,55,280.73
2026/03/25 23:47:03.400,0,NVIDIA GeForce RTX 4090,0,0,2520,24564,35,67.73
2026/03/25 23:47:03.404,1,NVIDIA GeForce RTX 4080,0,0,2476,16376,39,53.60
2026/03/25 23:47:33.455,0,NVIDIA GeForce RTX 4090,57,40,2520,24564,44,289.29
2026/03/25 23:47:33.467,1,NVIDIA GeForce RTX 4080,0,0,2476,16376,40,68.50
2026/03/25 23:48:03.516,0,NVIDIA GeForce RTX 4090,0,0,2520,24564,37,115.62
2026/03/25 23:48:03.521,1,NVIDIA GeForce RTX 4080,0,0,2476,16376,41,180.85
2026/03/25 23:48:33.568,0,NVIDIA GeForce RTX 4090,62,44,2520,24564,44,169.63
2026/03/25 23:48:33.575,1,NVIDIA GeForce RTX 4080,0,0,2476,16376,39,53.81
2026/03/25 23:49:03.624,0,NVIDIA GeForce RTX 4090,0,0,2520,24564,36,68.50
2026/03/25 23:49:03.630,1,NVIDIA GeForce RTX 4080,0,0,2476,16376,39,53.55
2026/03/25 23:49:33.677,0,NVIDIA GeForce RTX 4090,66,47,2520,24564,43,351.93
2026/03/25 23:49:33.685,1,NVIDIA GeForce RTX 4080,0,0,2476,16376,38,56.68
2026/03/25 23:50:03.737,0,NVIDIA GeForce RTX 4090,68,47,2520,24564,45,321.90
2026/03/25 23:50:03.744,1,NVIDIA GeForce RTX 4080,81,54,2476,16376,53,276.61
2026/03/25 23:50:33.804,0,NVIDIA GeForce RTX 4090,72,50,2520,24564,46,328.10
2026/03/25 23:50:33.812,1,NVIDIA GeForce RTX 4080,82,55,2476,16376,53,278.83
2026/03/25 23:51:03.868,0,NVIDIA GeForce RTX 4090,71,49,2520,24564,43,255.28
2026/03/25 23:51:03.881,1,NVIDIA GeForce RTX 4080,84,56,2476,16376,52,275.67
2026/03/25 23:51:33.931,0,NVIDIA GeForce RTX 4090,0,0,2520,24564,35,67.18
2026/03/25 23:51:33.936,1,NVIDIA GeForce RTX 4080,0,0,2476,16376,38,53.27
2026/03/25 23:52:03.988,0,NVIDIA GeForce RTX 4090,0,0,2520,24564,38,260.02
2026/03/25 23:52:03.995,1,NVIDIA GeForce RTX 4080,0,0,2476,16376,41,148.29
2026/03/25 23:52:34.074,0,NVIDIA GeForce RTX 4090,73,51,2520,24564,44,335.73
2026/03/25 23:52:34.082,1,NVIDIA GeForce RTX 4080,0,0,2476,16376,40,97.87
2026/03/25 23:53:04.137,0,NVIDIA GeForce RTX 4090,0,0,2520,24564,36,78.15
2026/03/25 23:53:04.142,1,NVIDIA GeForce RTX 4080,0,0,2476,16376,39,65.68
2026/03/25 23:53:34.196,0,NVIDIA GeForce RTX 4090,0,0,2520,24564,36,107.47
2026/03/25 23:53:34.201,1,NVIDIA GeForce RTX 4080,0,0,2476,16376,41,88.50
2026/03/25 23:54:04.252,0,NVIDIA GeForce RTX 4090,0,0,2520,24564,37,77.89
2026/03/25 23:54:04.258,1,NVIDIA GeForce RTX 4080,84,55,2476,16376,55,270.15
2026/03/25 23:54:34.313,0,NVIDIA GeForce RTX 4090,0,0,2520,24564,38,123.77
2026/03/25 23:54:34.319,1,NVIDIA GeForce RTX 4080,43,29,2476,16376,46,66.54
2026/03/25 23:55:04.400,0,NVIDIA GeForce RTX 4090,0,0,2520,24564,38,290.96
2026/03/25 23:55:04.408,1,NVIDIA GeForce RTX 4080,85,56,2476,16376,54,274.16
2026/03/25 23:55:34.463,0,NVIDIA GeForce RTX 4090,0,0,2520,24564,38,159.49
2026/03/25 23:55:34.467,1,NVIDIA GeForce RTX 4080,0,0,2476,16376,39,56.99
2026/03/25 23:56:04.519,0,NVIDIA GeForce RTX 4090,0,0,2520,24564,36,75.29
2026/03/25 23:56:04.526,1,NVIDIA GeForce RTX 4080,0,0,2476,16376,38,53.78
2026/03/25 23:56:34.576,0,NVIDIA GeForce RTX 4090,0,0,2520,24564,36,76.64
2026/03/25 23:56:34.581,1,NVIDIA GeForce RTX 4080,85,57,2476,16376,55,274.69
2026/03/25 23:57:04.640,0,NVIDIA GeForce RTX 4090,0,0,2520,24564,38,145.71
2026/03/25 23:57:04.648,1,NVIDIA GeForce RTX 4080,0,0,2476,16376,42,175.37
2026/03/25 23:57:34.701,0,NVIDIA GeForce RTX 4090,72,50,2520,24564,45,352.08
2026/03/25 23:57:34.709,1,NVIDIA GeForce RTX 4080,0,0,2476,16376,39,65.11
2026/03/25 23:58:04.761,0,NVIDIA GeForce RTX 4090,0,0,2520,24564,37,100.41
2026/03/25 23:58:04.767,1,NVIDIA GeForce RTX 4080,81,54,2476,16376,52,269.81
2026/03/25 23:58:34.818,0,NVIDIA GeForce RTX 4090,0,0,2520,24564,36,75.96
2026/03/25 23:58:34.822,1,NVIDIA GeForce RTX 4080,11,7,2476,16376,39,56.79
2026/03/25 23:59:04.874,0,NVIDIA GeForce RTX 4090,74,51,2520,24564,46,340.31
2026/03/25 23:59:04.887,1,NVIDIA GeForce RTX 4080,83,55,2476,16376,57,272.72
2026/03/25 23:59:34.945,0,NVIDIA GeForce RTX 4090,0,0,2520,24564,36,72.36
2026/03/25 23:59:34.950,1,NVIDIA GeForce RTX 4080,78,52,2476,16376,55,181.14
2026/03/26 00:00:05.007,0,NVIDIA GeForce RTX 4090,0,0,2520,24564,36,77.73
2026/03/26 00:00:05.013,1,NVIDIA GeForce RTX 4080,86,58,2476,16376,57,283.16
2026/03/26 00:00:35.066,0,NVIDIA GeForce RTX 4090,0,0,2520,24564,37,126.98
2026/03/26 00:00:35.072,1,NVIDIA GeForce RTX 4080,0,0,2476,16376,41,90.46
2026/03/26 00:01:05.121,0,NVIDIA GeForce RTX 4090,0,0,2520,24564,36,68.10
2026/03/26 00:01:05.127,1,NVIDIA GeForce RTX 4080,0,0,2476,16376,39,55.58
2026/03/26 00:01:35.177,0,NVIDIA GeForce RTX 4090,0,0,2520,24564,36,168.95
2026/03/26 00:01:35.183,1,NVIDIA GeForce RTX 4080,24,16,2476,16376,45,243.49
2026/03/26 00:02:05.237,0,NVIDIA GeForce RTX 4090,0,0,2520,24564,38,109.33
2026/03/26 00:02:05.242,1,NVIDIA GeForce RTX 4080,0,0,2476,16376,40,63.30
2026/03/26 00:02:35.292,0,NVIDIA GeForce RTX 4090,72,50,2520,24564,43,181.84
2026/03/26 00:02:35.301,1,NVIDIA GeForce RTX 4080,0,0,2476,16376,41,60.83
2026/03/26 00:03:05.351,0,NVIDIA GeForce RTX 4090,0,0,2520,24564,36,74.72
2026/03/26 00:03:05.357,1,NVIDIA GeForce RTX 4080,79,53,2476,16376,53,269.81
2026/03/26 00:03:35.410,0,NVIDIA GeForce RTX 4090,32,22,2520,24564,43,99.02
2026/03/26 00:03:35.419,1,NVIDIA GeForce RTX 4080,0,0,2476,16376,41,104.87
2026/03/26 00:04:05.473,0,NVIDIA GeForce RTX 4090,58,40,2520,24564,45,146.55
2026/03/26 00:04:05.480,1,NVIDIA GeForce RTX 4080,0,0,2476,16376,40,54.46
2026/03/26 00:04:35.520,0,NVIDIA GeForce RTX 4090,0,0,2520,24564,36,75.99
2026/03/26 00:04:35.528,1,NVIDIA GeForce RTX 4080,3,3,2476,16376,44,238.27
2026/03/26 00:05:05.580,0,NVIDIA GeForce RTX 4090,0,0,2520,24564,36,66.77
2026/03/26 00:05:05.586,1,NVIDIA GeForce RTX 4080,0,0,2476,16376,39,59.15
2026/03/26 00:05:35.641,0,NVIDIA GeForce RTX 4090,73,51,2520,24564,46,316.48
2026/03/26 00:05:35.652,1,NVIDIA GeForce RTX 4080,80,54,2476,16376,54,272.43
2026/03/26 00:06:05.703,0,NVIDIA GeForce RTX 4090,69,48,2520,24564,44,333.85
2026/03/26 00:06:05.710,1,NVIDIA GeForce RTX 4080,85,57,2476,16376,54,276.24
2026/03/26 00:06:35.767,0,NVIDIA GeForce RTX 4090,0,0,2520,24564,35,67.65
2026/03/26 00:06:35.773,1,NVIDIA GeForce RTX 4080,0,0,2476,16376,39,53.79
2026/03/26 00:07:05.822,0,NVIDIA GeForce RTX 4090,0,0,2520,24564,37,122.40
2026/03/26 00:07:05.826,1,NVIDIA GeForce RTX 4080,78,51,2476,16376,58,269.36
2026/03/26 00:07:35.879,0,NVIDIA GeForce RTX 4090,0,0,2520,24564,37,73.18
2026/03/26 00:07:35.884,1,NVIDIA GeForce RTX 4080,84,57,2476,16376,55,274.38
2026/03/26 00:08:05.941,0,NVIDIA GeForce RTX 4090,0,0,2520,24564,36,67.12
2026/03/26 00:08:05.947,1,NVIDIA GeForce RTX 4080,0,0,2476,16376,39,57.22
2026/03/26 00:08:35.999,0,NVIDIA GeForce RTX 4090,62,44,2520,24564,42,145.32
2026/03/26 00:08:36.007,1,NVIDIA GeForce RTX 4080,7,4,2476,16376,48,69.81
2026/03/26 00:09:06.061,0,NVIDIA GeForce RTX 4090,0,0,2520,24564,36,67.69
2026/03/26 00:09:06.067,1,NVIDIA GeForce RTX 4080,0,0,2476,16376,39,54.05
2026/03/26 00:09:36.121,0,NVIDIA GeForce RTX 4090,0,0,2520,24564,36,66.96
2026/03/26 00:09:36.127,1,NVIDIA GeForce RTX 4080,84,55,2476,16376,55,270.89
2026/03/26 00:10:06.185,0,NVIDIA GeForce RTX 4090,9,7,2520,24564,38,291.66
2026/03/26 00:10:06.189,1,NVIDIA GeForce RTX 4080,0,0,2476,16376,40,66.59
2026/03/26 00:10:36.242,0,NVIDIA GeForce RTX 4090,0,0,2520,24564,36,72.38
2026/03/26 00:10:36.247,1,NVIDIA GeForce RTX 4080,0,0,2476,16376,41,93.24
2026/03/26 00:11:06.297,0,NVIDIA GeForce RTX 4090,55,37,2520,24564,45,105.53
2026/03/26 00:11:06.359,1,NVIDIA GeForce RTX 4080,79,52,2476,16376,47,261.46
2026/03/26 00:11:36.418,0,NVIDIA GeForce RTX 4090,60,41,2520,24564,43,329.52
2026/03/26 00:11:36.426,1,NVIDIA GeForce RTX 4080,81,53,2476,16376,55,265.28
2026/03/26 00:12:06.489,0,NVIDIA GeForce RTX 4090,41,28,2520,24564,41,90.57
2026/03/26 00:12:06.496,1,NVIDIA GeForce RTX 4080,60,41,2476,16376,46,83.62
2026/03/26 00:12:36.539,0,NVIDIA GeForce RTX 4090,71,49,2520,24564,44,334.59
2026/03/26 00:12:36.548,1,NVIDIA GeForce RTX 4080,0,0,2476,16376,41,91.96
2026/03/26 00:13:06.595,0,NVIDIA GeForce RTX 4090,69,48,2520,24564,43,294.72
2026/03/26 00:13:06.600,1,NVIDIA GeForce RTX 4080,83,55,2476,16376,54,275.85
2026/03/26 00:13:36.656,0,NVIDIA GeForce RTX 4090,0,0,2520,24564,36,67.21
2026/03/26 00:13:36.661,1,NVIDIA GeForce RTX 4080,0,0,2476,16376,40,53.98
2026/03/26 00:14:06.713,0,NVIDIA GeForce RTX 4090,0,0,2520,24564,38,254.68
2026/03/26 00:14:06.719,1,NVIDIA GeForce RTX 4080,0,0,2476,16376,41,97.86
2026/03/26 00:14:36.770,0,NVIDIA GeForce RTX 4090,0,0,2520,24564,36,76.53
2026/03/26 00:14:36.776,1,NVIDIA GeForce RTX 4080,87,57,2476,16376,57,277.71
2026/03/26 00:15:06.830,0,NVIDIA GeForce RTX 4090,79,55,2520,24564,43,332.91
2026/03/26 00:15:06.837,1,NVIDIA GeForce RTX 4080,0,0,2476,16376,42,76.66
2026/03/26 00:15:36.890,0,NVIDIA GeForce RTX 4090,0,0,2520,24564,36,66.92
2026/03/26 00:15:36.897,1,NVIDIA GeForce RTX 4080,0,0,2476,16376,40,54.02
2026/03/26 00:16:06.939,0,NVIDIA GeForce RTX 4090,77,54,2520,24564,44,327.05
2026/03/26 00:16:06.945,1,NVIDIA GeForce RTX 4080,82,54,2476,16376,56,272.86
2026/03/26 00:16:37.037,0,NVIDIA GeForce RTX 4090,61,43,2520,24564,46,323.33
2026/03/26 00:16:37.046,1,NVIDIA GeForce RTX 4080,0,0,2476,16376,42,106.53
2026/03/26 00:17:07.095,0,NVIDIA GeForce RTX 4090,70,49,2520,24564,44,317.27
2026/03/26 00:17:07.102,1,NVIDIA GeForce RTX 4080,16,11,2476,16376,43,185.84
2026/03/26 00:17:37.153,0,NVIDIA GeForce RTX 4090,72,50,2520,24564,43,310.96
2026/03/26 00:17:37.161,1,NVIDIA GeForce RTX 4080,0,0,2476,16376,40,56.54
2026/03/26 00:18:07.212,0,NVIDIA GeForce RTX 4090,0,0,2520,24564,36,131.12
2026/03/26 00:18:07.218,1,NVIDIA GeForce RTX 4080,0,0,2476,16376,41,104.88
2026/03/26 00:18:37.267,0,NVIDIA GeForce RTX 4090,1,1,2520,24564,37,85.39
2026/03/26 00:18:37.272,1,NVIDIA GeForce RTX 4080,0,0,2476,16376,40,56.21
2026/03/26 00:19:07.322,0,NVIDIA GeForce RTX 4090,0,0,2520,24564,38,114.74
2026/03/26 00:19:07.327,1,NVIDIA GeForce RTX 4080,0,0,2476,16376,40,66.27
2026/03/26 00:19:37.376,0,NVIDIA GeForce RTX 4090,0,0,2520,24564,36,76.82
2026/03/26 00:19:37.381,1,NVIDIA GeForce RTX 4080,84,57,2476,16376,57,285.29
2026/03/26 00:20:07.440,0,NVIDIA GeForce RTX 4090,40,28,2520,24564,42,93.10
2026/03/26 00:20:07.448,1,NVIDIA GeForce RTX 4080,78,53,2476,16376,55,272.29
2026/03/26 00:20:37.500,0,NVIDIA GeForce RTX 4090,0,0,2520,24564,35,66.80
2026/03/26 00:20:37.506,1,NVIDIA GeForce RTX 4080,0,0,2476,16376,39,54.30
2026/03/26 00:21:07.557,0,NVIDIA GeForce RTX 4090,0,0,2520,24564,36,68.40
2026/03/26 00:21:07.563,1,NVIDIA GeForce RTX 4080,0,0,2476,16376,40,54.12
2026/03/26 00:21:37.612,0,NVIDIA GeForce RTX 4090,66,47,2520,24564,42,326.42
2026/03/26 00:21:37.617,1,NVIDIA GeForce RTX 4080,82,55,2476,16376,57,268.05
2026/03/26 00:22:07.678,0,NVIDIA GeForce RTX 4090,0,0,2520,24564,36,68.86
2026/03/26 00:22:07.683,1,NVIDIA GeForce RTX 4080,0,0,2476,16376,40,65.69
2026/03/26 00:22:37.737,0,NVIDIA GeForce RTX 4090,68,47,2520,24564,45,339.98
2026/03/26 00:22:37.744,1,NVIDIA GeForce RTX 4080,78,53,2476,16376,55,272.46
2026/03/26 00:23:07.797,0,NVIDIA GeForce RTX 4090,0,0,2520,24564,36,77.48
2026/03/26 00:23:07.803,1,NVIDIA GeForce RTX 4080,74,49,2476,16376,48,81.90
2026/03/26 00:23:37.858,0,NVIDIA GeForce RTX 4090,0,0,2520,24564,35,77.30
2026/03/26 00:23:37.864,1,NVIDIA GeForce RTX 4080,0,0,2476,16376,40,54.08
2026/03/26 00:24:07.917,0,NVIDIA GeForce RTX 4090,0,0,2520,24564,36,75.78
2026/03/26 00:24:07.923,1,NVIDIA GeForce RTX 4080,0,0,2476,16376,42,97.21
2026/03/26 00:24:37.973,0,NVIDIA GeForce RTX 4090,0,0,2520,24564,37,101.48
2026/03/26 00:24:37.978,1,NVIDIA GeForce RTX 4080,82,55,2476,16376,52,276.23
2026/03/26 00:25:08.033,0,NVIDIA GeForce RTX 4090,61,43,2520,24564,46,334.87
2026/03/26 00:25:08.040,1,NVIDIA GeForce RTX 4080,81,54,2476,16376,54,274.21
2026/03/26 00:25:38.099,0,NVIDIA GeForce RTX 4090,0,0,2520,24564,36,69.15
2026/03/26 00:25:38.104,1,NVIDIA GeForce RTX 4080,0,0,2476,16376,40,54.24
2026/03/26 00:26:08.157,0,NVIDIA GeForce RTX 4090,0,0,2520,24564,38,114.57
2026/03/26 00:26:08.162,1,NVIDIA GeForce RTX 4080,0,0,2476,16376,40,66.70
2026/03/26 00:26:38.214,0,NVIDIA GeForce RTX 4090,0,0,2520,24564,36,68.18
2026/03/26 00:26:38.221,1,NVIDIA GeForce RTX 4080,0,0,2476,16376,40,54.04
2026/03/26 00:27:08.273,0,NVIDIA GeForce RTX 4090,63,45,2520,24564,43,319.24
2026/03/26 00:27:08.278,1,NVIDIA GeForce RTX 4080,78,52,2476,16376,58,273.97
2026/03/26 00:27:38.334,0,NVIDIA GeForce RTX 4090,63,44,2520,24564,43,326.88
2026/03/26 00:27:38.342,1,NVIDIA GeForce RTX 4080,0,0,2476,16376,42,173.87
2026/03/26 00:28:08.395,0,NVIDIA GeForce RTX 4090,0,0,2520,24564,36,111.60
2026/03/26 00:28:08.400,1,NVIDIA GeForce RTX 4080,0,0,2476,16376,39,54.95
2026/03/26 00:28:38.453,0,NVIDIA GeForce RTX 4090,0,0,2520,24564,35,73.04
2026/03/26 00:28:38.459,1,NVIDIA GeForce RTX 4080,0,0,2476,16376,39,59.63
2026/03/26 00:29:08.511,0,NVIDIA GeForce RTX 4090,58,41,2520,24564,40,103.61
2026/03/26 00:29:08.518,1,NVIDIA GeForce RTX 4080,0,0,2476,16376,40,53.96
2026/03/26 00:29:38.569,0,NVIDIA GeForce RTX 4090,67,46,2520,24564,45,320.80
2026/03/26 00:29:38.578,1,NVIDIA GeForce RTX 4080,73,48,2476,16376,52,115.78
2026/03/26 00:30:08.657,0,NVIDIA GeForce RTX 4090,48,32,2520,24564,38,103.47
2026/03/26 00:30:08.665,1,NVIDIA GeForce RTX 4080,0,0,2476,16376,38,59.54
2026/03/26 00:30:38.714,0,NVIDIA GeForce RTX 4090,58,41,2520,24564,39,293.77
2026/03/26 00:30:38.773,1,NVIDIA GeForce RTX 4080,0,0,2476,16376,42,151.41
2026/03/26 00:31:08.823,0,NVIDIA GeForce RTX 4090,0,0,2520,24564,37,230.19
2026/03/26 00:31:08.829,1,NVIDIA GeForce RTX 4080,0,0,2476,16376,39,66.45
2026/03/26 00:31:38.875,0,NVIDIA GeForce RTX 4090,70,49,2520,24564,43,346.79
2026/03/26 00:31:38.887,1,NVIDIA GeForce RTX 4080,0,0,2476,16376,38,57.02
2026/03/26 00:32:08.932,0,NVIDIA GeForce RTX 4090,69,48,2520,24564,44,303.30
2026/03/26 00:32:08.940,1,NVIDIA GeForce RTX 4080,81,53,2476,16376,50,122.72
2026/03/26 00:32:38.993,0,NVIDIA GeForce RTX 4090,0,0,2520,24564,35,77.46
2026/03/26 00:32:38.999,1,NVIDIA GeForce RTX 4080,0,0,2476,16376,39,54.06
2026/03/26 00:33:09.050,0,NVIDIA GeForce RTX 4090,32,22,2520,24564,38,306.40
2026/03/26 00:33:09.059,1,NVIDIA GeForce RTX 4080,83,55,2476,16376,55,277.74
2026/03/26 00:33:39.111,0,NVIDIA GeForce RTX 4090,0,0,2520,24564,37,218.95
2026/03/26 00:33:39.116,1,NVIDIA GeForce RTX 4080,52,36,2476,16376,48,189.33
2026/03/26 00:34:09.168,0,NVIDIA GeForce RTX 4090,0,0,2520,24564,35,68.27
2026/03/26 00:34:09.173,1,NVIDIA GeForce RTX 4080,85,57,2476,16376,54,125.18
2026/03/26 00:34:39.232,0,NVIDIA GeForce RTX 4090,0,0,2520,24564,36,74.25
2026/03/26 00:34:39.238,1,NVIDIA GeForce RTX 4080,0,0,2476,16376,40,53.80
2026/03/26 00:35:09.290,0,NVIDIA GeForce RTX 4090,0,0,2520,24564,36,69.14
2026/03/26 00:35:09.296,1,NVIDIA GeForce RTX 4080,0,0,2476,16376,41,105.14
2026/03/26 00:35:39.347,0,NVIDIA GeForce RTX 4090,0,0,2520,24564,36,81.28
2026/03/26 00:35:39.353,1,NVIDIA GeForce RTX 4080,84,57,2476,16376,55,281.30
2026/03/26 00:36:09.409,0,NVIDIA GeForce RTX 4090,65,46,2520,24564,42,331.30
2026/03/26 00:36:09.418,1,NVIDIA GeForce RTX 4080,0,0,2476,16376,40,67.40
2026/03/26 00:36:39.469,0,NVIDIA GeForce RTX 4090,0,0,2520,24564,36,69.13
2026/03/26 00:36:39.474,1,NVIDIA GeForce RTX 4080,0,0,2476,16376,40,59.93
2026/03/26 00:37:09.531,0,NVIDIA GeForce RTX 4090,33,22,2520,24564,38,79.28
2026/03/26 00:37:09.544,1,NVIDIA GeForce RTX 4080,0,0,2476,16376,41,144.35
2026/03/26 00:37:39.593,0,NVIDIA GeForce RTX 4090,0,0,2520,24564,37,111.19
2026/03/26 00:37:39.599,1,NVIDIA GeForce RTX 4080,84,56,2476,16376,55,283.74
2026/03/26 00:38:09.650,0,NVIDIA GeForce RTX 4090,71,49,2520,24564,45,328.14
2026/03/26 00:38:09.659,1,NVIDIA GeForce RTX 4080,0,0,2476,16376,41,102.85
2026/03/26 00:38:39.707,0,NVIDIA GeForce RTX 4090,0,0,2520,24564,38,104.82
2026/03/26 00:38:39.714,1,NVIDIA GeForce RTX 4080,0,0,2476,16376,40,60.98
2026/03/26 00:39:09.766,0,NVIDIA GeForce RTX 4090,0,0,2520,24564,36,78.31
2026/03/26 00:39:09.773,1,NVIDIA GeForce RTX 4080,0,0,2476,16376,40,65.01
2026/03/26 00:39:39.827,0,NVIDIA GeForce RTX 4090,0,0,2520,24564,36,77.66
2026/03/26 00:39:39.832,1,NVIDIA GeForce RTX 4080,75,51,2476,16376,53,276.04
2026/03/26 00:40:09.892,0,NVIDIA GeForce RTX 4090,0,0,2520,24564,37,272.38
2026/03/26 00:40:09.897,1,NVIDIA GeForce RTX 4080,0,0,2476,16376,41,104.46
2026/03/26 00:40:39.948,0,NVIDIA GeForce RTX 4090,0,0,2520,24564,36,73.47
2026/03/26 00:40:39.953,1,NVIDIA GeForce RTX 4080,84,56,2476,16376,52,155.90
2026/03/26 00:41:10.010,0,NVIDIA GeForce RTX 4090,0,0,2520,24564,36,78.59
2026/03/26 00:41:10.016,1,NVIDIA GeForce RTX 4080,0,0,2476,16376,41,90.62
2026/03/26 00:41:40.067,0,NVIDIA GeForce RTX 4090,6,4,2520,24564,39,311.78
2026/03/26 00:41:40.082,1,NVIDIA GeForce RTX 4080,0,0,2476,16376,39,66.46
2026/03/26 00:42:10.130,0,NVIDIA GeForce RTX 4090,0,0,2520,24564,37,68.34
2026/03/26 00:42:10.136,1,NVIDIA GeForce RTX 4080,0,0,2476,16376,40,54.31
2026/03/26 00:42:40.189,0,NVIDIA GeForce RTX 4090,0,0,2520,24564,36,112.96
2026/03/26 00:42:40.194,1,NVIDIA GeForce RTX 4080,0,0,2476,16376,43,211.70
2026/03/26 00:43:10.247,0,NVIDIA GeForce RTX 4090,0,0,2520,24564,36,78.62
2026/03/26 00:43:10.252,1,NVIDIA GeForce RTX 4080,80,54,2476,16376,54,274.05
2026/03/26 00:43:40.314,0,NVIDIA GeForce RTX 4090,79,55,2520,24564,46,340.82
2026/03/26 00:43:40.324,1,NVIDIA GeForce RTX 4080,79,54,2476,16376,54,275.26
2026/03/26 00:44:10.382,0,NVIDIA GeForce RTX 4090,0,0,2520,24564,35,68.12
2026/03/26 00:44:10.388,1,NVIDIA GeForce RTX 4080,58,41,2476,16376,48,206.63
2026/03/26 00:44:40.440,0,NVIDIA GeForce RTX 4090,0,0,2520,24564,36,71.98
2026/03/26 00:44:40.446,1,NVIDIA GeForce RTX 4080,0,0,2476,16376,39,53.85
2026/03/26 00:45:10.487,0,NVIDIA GeForce RTX 4090,0,0,2520,24564,36,72.71
2026/03/26 00:45:10.495,1,NVIDIA GeForce RTX 4080,32,21,2476,16376,45,232.93
2026/03/26 00:45:40.536,0,NVIDIA GeForce RTX 4090,72,50,2520,24564,46,322.12
2026/03/26 00:45:40.546,1,NVIDIA GeForce RTX 4080,47,31,2476,16376,44,237.67
2026/03/26 00:46:10.596,0,NVIDIA GeForce RTX 4090,0,0,2520,24564,35,67.57
2026/03/26 00:46:10.601,1,NVIDIA GeForce RTX 4080,5,3,2476,16376,44,54.59
2026/03/26 00:46:40.664,0,NVIDIA GeForce RTX 4090,0,0,2520,24564,35,69.05
2026/03/26 00:46:40.669,1,NVIDIA GeForce RTX 4080,0,0,2476,16376,39,53.74
2026/03/26 00:47:10.709,0,NVIDIA GeForce RTX 4090,67,46,2520,24564,42,308.58
2026/03/26 00:47:10.719,1,NVIDIA GeForce RTX 4080,81,54,2476,16376,56,275.11
2026/03/26 00:47:40.774,0,NVIDIA GeForce RTX 4090,42,29,2520,24564,37,176.20
2026/03/26 00:47:40.807,1,NVIDIA GeForce RTX 4080,0,0,2476,16376,39,64.69
2026/03/26 00:48:10.855,0,NVIDIA GeForce RTX 4090,0,0,2520,24564,35,69.13
2026/03/26 00:48:10.861,1,NVIDIA GeForce RTX 4080,0,0,2476,16376,39,53.98
2026/03/26 00:48:40.914,0,NVIDIA GeForce RTX 4090,70,49,2520,24564,42,330.17
2026/03/26 00:48:40.920,1,NVIDIA GeForce RTX 4080,85,56,2476,16376,55,278.57
2026/03/26 00:49:10.967,0,NVIDIA GeForce RTX 4090,54,37,2520,24564,42,295.08
2026/03/26 00:49:10.973,1,NVIDIA GeForce RTX 4080,0,0,2476,16376,41,160.80
2026/03/26 00:49:41.022,0,NVIDIA GeForce RTX 4090,0,0,2520,24564,35,97.80
2026/03/26 00:49:41.028,1,NVIDIA GeForce RTX 4080,0,0,2476,16376,40,98.74
2026/03/26 00:50:11.078,0,NVIDIA GeForce RTX 4090,0,0,2520,24564,36,115.51
2026/03/26 00:50:11.084,1,NVIDIA GeForce RTX 4080,0,0,2476,16376,42,102.04
2026/03/26 00:50:41.136,0,NVIDIA GeForce RTX 4090,0,0,2520,24564,38,264.27
2026/03/26 00:50:41.143,1,NVIDIA GeForce RTX 4080,86,58,2476,16376,57,276.66
2026/03/26 00:51:11.194,0,NVIDIA GeForce RTX 4090,0,0,2520,24564,38,68.24
2026/03/26 00:51:11.205,1,NVIDIA GeForce RTX 4080,55,39,2476,16376,49,203.74
2026/03/26 00:51:41.261,0,NVIDIA GeForce RTX 4090,0,0,2520,24564,35,116.70
2026/03/26 00:51:41.266,1,NVIDIA GeForce RTX 4080,0,0,2476,16376,41,162.62
2026/03/26 00:52:11.320,0,NVIDIA GeForce RTX 4090,0,0,2520,24564,36,71.87
2026/03/26 00:52:11.326,1,NVIDIA GeForce RTX 4080,0,0,2476,16376,42,111.93
2026/03/26 00:52:41.380,0,NVIDIA GeForce RTX 4090,62,43,2520,24564,43,322.64
2026/03/26 00:52:41.388,1,NVIDIA GeForce RTX 4080,0,0,2476,16376,40,103.86
2026/03/26 00:53:11.440,0,NVIDIA GeForce RTX 4090,0,0,2520,24564,35,67.60
2026/03/26 00:53:11.445,1,NVIDIA GeForce RTX 4080,0,0,2476,16376,38,53.62
2026/03/26 00:53:41.495,0,NVIDIA GeForce RTX 4090,0,0,2520,24564,36,76.82
2026/03/26 00:53:41.501,1,NVIDIA GeForce RTX 4080,83,56,2476,16376,57,280.61
2026/03/26 00:54:11.555,0,NVIDIA GeForce RTX 4090,36,25,2520,24564,38,289.31
2026/03/26 00:54:11.562,1,NVIDIA GeForce RTX 4080,84,55,2476,16376,57,273.36
2026/03/26 00:54:41.614,0,NVIDIA GeForce RTX 4090,0,0,2520,24564,35,66.98
2026/03/26 00:54:41.619,1,NVIDIA GeForce RTX 4080,0,0,2476,16376,39,53.41
2026/03/26 00:55:11.669,0,NVIDIA GeForce RTX 4090,0,0,2520,24564,35,78.27
2026/03/26 00:55:11.674,1,NVIDIA GeForce RTX 4080,0,0,2476,16376,39,59.86
2026/03/26 00:55:41.724,0,NVIDIA GeForce RTX 4090,0,0,2520,24564,36,68.40
2026/03/26 00:55:41.730,1,NVIDIA GeForce RTX 4080,0,0,2476,16376,42,104.38
2026/03/26 00:56:11.774,0,NVIDIA GeForce RTX 4090,0,0,2520,24564,36,68.66
2026/03/26 00:56:11.780,1,NVIDIA GeForce RTX 4080,0,0,2476,16376,43,141.98
2026/03/26 00:56:41.829,0,NVIDIA GeForce RTX 4090,74,51,2520,24564,43,195.57
2026/03/26 00:56:41.841,1,NVIDIA GeForce RTX 4080,83,55,2476,16376,58,277.89
2026/03/26 00:57:11.935,0,NVIDIA GeForce RTX 4090,0,0,2520,24564,37,183.17
2026/03/26 00:57:11.942,1,NVIDIA GeForce RTX 4080,82,55,2476,16376,55,274.58
2026/03/26 00:57:41.996,0,NVIDIA GeForce RTX 4090,0,0,2520,24564,36,70.85
2026/03/26 00:57:42.000,1,NVIDIA GeForce RTX 4080,0,0,2476,16376,40,53.75
2026/03/26 00:58:12.052,0,NVIDIA GeForce RTX 4090,0,0,2520,24564,35,69.21
2026/03/26 00:58:12.057,1,NVIDIA GeForce RTX 4080,0,0,2476,16376,39,53.66
2026/03/26 00:58:42.109,0,NVIDIA GeForce RTX 4090,78,54,2520,24564,45,346.34
2026/03/26 00:58:42.117,1,NVIDIA GeForce RTX 4080,82,55,2476,16376,56,266.94
2026/03/26 00:59:12.168,0,NVIDIA GeForce RTX 4090,68,48,2520,24564,43,133.68
2026/03/26 00:59:12.177,1,NVIDIA GeForce RTX 4080,0,0,2476,16376,40,60.30
2026/03/26 00:59:42.229,0,NVIDIA GeForce RTX 4090,0,0,2520,24564,36,78.68
2026/03/26 00:59:42.235,1,NVIDIA GeForce RTX 4080,66,43,2476,16376,46,253.73
2026/03/26 01:00:12.277,0,NVIDIA GeForce RTX 4090,69,48,2520,24564,45,345.86
2026/03/26 01:00:12.285,1,NVIDIA GeForce RTX 4080,33,23,2476,16376,43,192.47
2026/03/26 01:00:42.369,0,NVIDIA GeForce RTX 4090,0,0,2520,24564,35,68.10
2026/03/26 01:00:42.374,1,NVIDIA GeForce RTX 4080,0,0,2476,16376,39,53.84
2026/03/26 01:01:12.425,0,NVIDIA GeForce RTX 4090,74,51,2520,24564,44,333.64
2026/03/26 01:01:12.436,1,NVIDIA GeForce RTX 4080,77,52,2476,16376,55,271.73
2026/03/26 01:01:42.488,0,NVIDIA GeForce RTX 4090,0,0,2520,24564,35,68.61
2026/03/26 01:01:42.493,1,NVIDIA GeForce RTX 4080,0,0,2476,16376,39,59.50
2026/03/26 01:02:12.537,0,NVIDIA GeForce RTX 4090,70,48,2520,24564,43,326.14
2026/03/26 01:02:12.545,1,NVIDIA GeForce RTX 4080,87,58,2476,16376,57,283.24
2026/03/26 01:02:42.601,0,NVIDIA GeForce RTX 4090,69,49,2520,24564,37,265.11
2026/03/26 01:02:42.627,1,NVIDIA GeForce RTX 4080,0,0,2476,16376,40,195.00
2026/03/26 01:03:12.677,0,NVIDIA GeForce RTX 4090,0,0,2520,24564,36,72.93
2026/03/26 01:03:12.684,1,NVIDIA GeForce RTX 4080,0,0,2476,16376,43,227.21
2026/03/26 01:03:42.773,0,NVIDIA GeForce RTX 4090,0,0,2520,24564,36,103.46
2026/03/26 01:03:42.777,1,NVIDIA GeForce RTX 4080,85,56,2476,16376,54,150.48
2026/03/26 01:04:12.833,0,NVIDIA GeForce RTX 4090,69,48,2520,24564,44,332.78
2026/03/26 01:04:12.843,1,NVIDIA GeForce RTX 4080,80,53,2476,16376,55,276.09
2026/03/26 01:04:42.901,0,NVIDIA GeForce RTX 4090,0,0,2520,24564,35,72.44
2026/03/26 01:04:42.906,1,NVIDIA GeForce RTX 4080,82,55,2476,16376,55,125.93
2026/03/26 01:05:12.957,0,NVIDIA GeForce RTX 4090,0,0,2520,24564,36,69.09
2026/03/26 01:05:12.963,1,NVIDIA GeForce RTX 4080,0,0,2476,16376,41,101.25
2026/03/26 01:05:43.014,0,NVIDIA GeForce RTX 4090,0,0,2520,24564,36,77.63
2026/03/26 01:05:43.020,1,NVIDIA GeForce RTX 4080,83,56,2476,16376,52,208.30
2026/03/26 01:06:13.065,0,NVIDIA GeForce RTX 4090,73,51,2520,24564,45,334.42
2026/03/26 01:06:13.074,1,NVIDIA GeForce RTX 4080,79,52,2476,16376,53,145.70
2026/03/26 01:06:43.172,0,NVIDIA GeForce RTX 4090,0,0,2520,24564,35,68.38
2026/03/26 01:06:43.177,1,NVIDIA GeForce RTX 4080,0,0,2476,16376,40,57.24
2026/03/26 01:07:13.226,0,NVIDIA GeForce RTX 4090,48,33,2520,24564,40,239.94
2026/03/26 01:07:13.233,1,NVIDIA GeForce RTX 4080,0,0,2476,16376,40,53.65
2026/03/26 01:07:43.286,0,NVIDIA GeForce RTX 4090,0,0,2520,24564,36,68.54
2026/03/26 01:07:43.292,1,NVIDIA GeForce RTX 4080,31,21,2476,16376,44,235.62
2026/03/26 01:08:13.364,0,NVIDIA GeForce RTX 4090,0,0,2520,24564,37,109.42
2026/03/26 01:08:13.370,1,NVIDIA GeForce RTX 4080,79,53,2476,16376,56,274.84
2026/03/26 01:08:43.424,0,NVIDIA GeForce RTX 4090,71,49,2520,24564,44,326.16
2026/03/26 01:08:43.433,1,NVIDIA GeForce RTX 4080,81,54,2476,16376,54,108.38
2026/03/26 01:09:13.488,0,NVIDIA GeForce RTX 4090,70,49,2520,24564,43,320.36
2026/03/26 01:09:13.497,1,NVIDIA GeForce RTX 4080,83,55,2476,16376,51,113.82
2026/03/26 01:09:43.592,0,NVIDIA GeForce RTX 4090,80,56,2520,24564,46,341.81
2026/03/26 01:09:43.599,1,NVIDIA GeForce RTX 4080,9,5,2476,16376,40,67.25
2026/03/26 01:10:13.652,0,NVIDIA GeForce RTX 4090,77,54,2520,24564,42,213.04
2026/03/26 01:10:13.659,1,NVIDIA GeForce RTX 4080,81,55,2476,16376,60,277.31
2026/03/26 01:10:43.711,0,NVIDIA GeForce RTX 4090,0,0,2520,24564,35,67.58
2026/03/26 01:10:43.717,1,NVIDIA GeForce RTX 4080,0,0,2476,16376,39,53.61
2026/03/26 01:11:13.766,0,NVIDIA GeForce RTX 4090,0,0,2520,24564,36,78.68
2026/03/26 01:11:13.772,1,NVIDIA GeForce RTX 4080,0,0,2476,16376,40,63.94
2026/03/26 01:11:43.818,0,NVIDIA GeForce RTX 4090,66,46,2520,24564,43,320.64
2026/03/26 01:11:43.825,1,NVIDIA GeForce RTX 4080,84,56,2476,16376,55,276.73
2026/03/26 01:12:13.882,0,NVIDIA GeForce RTX 4090,0,0,2520,24564,37,173.43
2026/03/26 01:12:13.893,1,NVIDIA GeForce RTX 4080,0,0,2476,16376,42,200.93
2026/03/26 01:12:43.945,0,NVIDIA GeForce RTX 4090,0,0,2520,24564,36,83.16
2026/03/26 01:12:43.950,1,NVIDIA GeForce RTX 4080,0,0,2476,16376,38,59.74
2026/03/26 01:13:14.003,0,NVIDIA GeForce RTX 4090,61,42,2520,24564,43,319.70
2026/03/26 01:13:14.013,1,NVIDIA GeForce RTX 4080,85,57,2476,16376,56,273.74
2026/03/26 01:13:44.069,0,NVIDIA GeForce RTX 4090,0,0,2520,24564,36,77.22
2026/03/26 01:13:44.074,1,NVIDIA GeForce RTX 4080,0,0,2476,16376,41,179.55
2026/03/26 01:14:14.126,0,NVIDIA GeForce RTX 4090,71,49,2520,24564,44,322.23
2026/03/26 01:14:14.136,1,NVIDIA GeForce RTX 4080,79,52,2476,16376,56,270.47
2026/03/26 01:14:44.193,0,NVIDIA GeForce RTX 4090,0,0,2520,24564,37,250.78
2026/03/26 01:14:44.199,1,NVIDIA GeForce RTX 4080,87,58,2476,16376,56,245.82
2026/03/26 01:15:14.251,0,NVIDIA GeForce RTX 4090,0,0,2520,24564,36,72.50
2026/03/26 01:15:14.257,1,NVIDIA GeForce RTX 4080,0,0,2476,16376,40,99.95
2026/03/26 01:15:44.307,0,NVIDIA GeForce RTX 4090,49,33,2520,24564,40,118.14
2026/03/26 01:15:44.312,1,NVIDIA GeForce RTX 4080,0,0,2476,16376,40,61.11
2026/03/26 01:16:14.365,0,NVIDIA GeForce RTX 4090,0,0,2520,24564,36,84.54
2026/03/26 01:16:14.370,1,NVIDIA GeForce RTX 4080,0,0,2476,16376,40,89.60
2026/03/26 01:16:45.064,0,NVIDIA GeForce RTX 4090,0,0,2520,24564,37,78.65
2026/03/26 01:16:45.070,1,NVIDIA GeForce RTX 4080,86,58,2476,16376,57,280.30
2026/03/26 01:17:15.121,0,NVIDIA GeForce RTX 4090,0,0,2520,24564,36,68.62
2026/03/26 01:17:15.127,1,NVIDIA GeForce RTX 4080,0,0,2476,16376,39,61.72
2026/03/26 01:17:45.178,0,NVIDIA GeForce RTX 4090,0,0,2520,24564,35,68.95
2026/03/26 01:17:45.185,1,NVIDIA GeForce RTX 4080,0,0,2476,16376,40,53.59
2026/03/26 01:18:15.238,0,NVIDIA GeForce RTX 4090,0,0,2520,24564,36,72.98
2026/03/26 01:18:15.245,1,NVIDIA GeForce RTX 4080,0,0,2476,16376,40,63.80
2026/03/26 01:18:45.297,0,NVIDIA GeForce RTX 4090,0,0,2520,24564,35,79.06
2026/03/26 01:18:45.302,1,NVIDIA GeForce RTX 4080,0,0,2476,16376,48,59.07
2026/03/26 01:19:15.356,0,NVIDIA GeForce RTX 4090,0,0,2520,24564,36,198.14
2026/03/26 01:19:15.362,1,NVIDIA GeForce RTX 4080,0,0,2476,16376,40,55.70
2026/03/26 01:19:45.411,0,NVIDIA GeForce RTX 4090,79,55,2520,24564,44,208.84
2026/03/26 01:19:45.418,1,NVIDIA GeForce RTX 4080,0,0,2476,16376,38,53.66
2026/03/26 01:20:15.468,0,NVIDIA GeForce RTX 4090,0,0,2520,24564,36,77.97
2026/03/26 01:20:15.474,1,NVIDIA GeForce RTX 4080,0,0,2476,16376,39,64.90
2026/03/26 01:20:45.527,0,NVIDIA GeForce RTX 4090,0,0,2520,24564,36,198.72
2026/03/26 01:20:45.533,1,NVIDIA GeForce RTX 4080,0,0,2476,16376,42,232.20
2026/03/26 01:21:15.575,0,NVIDIA GeForce RTX 4090,72,51,2520,24564,44,333.69
2026/03/26 01:21:15.586,1,NVIDIA GeForce RTX 4080,0,0,2476,16376,41,92.25
2026/03/26 01:21:45.639,0,NVIDIA GeForce RTX 4090,0,0,2520,24564,36,119.60
2026/03/26 01:21:45.643,1,NVIDIA GeForce RTX 4080,0,0,2476,16376,40,55.22
2026/03/26 01:22:15.691,0,NVIDIA GeForce RTX 4090,74,51,2520,24564,41,159.55
2026/03/26 01:22:15.697,1,NVIDIA GeForce RTX 4080,0,0,2476,16376,40,59.18
2026/03/26 01:22:45.747,0,NVIDIA GeForce RTX 4090,72,50,2520,24564,42,160.15
2026/03/26 01:22:45.756,1,NVIDIA GeForce RTX 4080,84,56,2476,16376,49,279.03
2026/03/26 01:23:15.810,0,NVIDIA GeForce RTX 4090,65,45,2520,24564,44,334.17
2026/03/26 01:23:15.818,1,NVIDIA GeForce RTX 4080,81,53,2476,16376,56,274.51
2026/03/26 01:23:45.906,0,NVIDIA GeForce RTX 4090,0,0,2520,24564,35,67.80
2026/03/26 01:23:45.912,1,NVIDIA GeForce RTX 4080,3,2,2476,16376,42,238.78
2026/03/26 01:24:15.962,0,NVIDIA GeForce RTX 4090,17,12,2520,24564,37,213.40
2026/03/26 01:24:15.969,1,NVIDIA GeForce RTX 4080,0,0,2476,16376,40,56.28
2026/03/26 01:24:46.022,0,NVIDIA GeForce RTX 4090,0,0,2520,24564,36,110.05
2026/03/26 01:24:46.026,1,NVIDIA GeForce RTX 4080,85,57,2476,16376,54,281.08
2026/03/26 01:25:16.082,0,NVIDIA GeForce RTX 4090,0,0,2520,24564,36,68.12
2026/03/26 01:25:16.088,1,NVIDIA GeForce RTX 4080,0,0,2476,16376,39,53.76
2026/03/26 01:25:46.140,0,NVIDIA GeForce RTX 4090,0,0,2520,24564,35,68.76
2026/03/26 01:25:46.145,1,NVIDIA GeForce RTX 4080,0,0,2476,16376,39,65.86
2026/03/26 01:26:16.200,0,NVIDIA GeForce RTX 4090,73,51,2520,24564,45,153.66
2026/03/26 01:26:16.211,1,NVIDIA GeForce RTX 4080,0,0,2476,16376,41,90.19
2026/03/26 01:26:46.412,0,NVIDIA GeForce RTX 4090,0,0,2520,24564,36,126.23
2026/03/26 01:26:46.421,1,NVIDIA GeForce RTX 4080,84,56,2476,16376,57,272.45
2026/03/26 01:27:16.474,0,NVIDIA GeForce RTX 4090,0,0,2520,24564,36,68.20
2026/03/26 01:27:16.481,1,NVIDIA GeForce RTX 4080,86,56,2476,16376,53,267.96
2026/03/26 01:27:46.535,0,NVIDIA GeForce RTX 4090,0,0,2520,24564,35,71.79
2026/03/26 01:27:46.539,1,NVIDIA GeForce RTX 4080,0,0,2476,16376,39,53.54
2026/03/26 01:28:16.589,0,NVIDIA GeForce RTX 4090,44,32,2520,24564,39,281.36
2026/03/26 01:28:16.596,1,NVIDIA GeForce RTX 4080,0,0,2476,16376,40,57.07
2026/03/26 01:28:46.645,0,NVIDIA GeForce RTX 4090,73,51,2520,24564,43,299.55
2026/03/26 01:28:46.652,1,NVIDIA GeForce RTX 4080,0,0,2476,16376,39,61.97
2026/03/26 01:29:16.704,0,NVIDIA GeForce RTX 4090,0,0,2520,24564,36,72.86
2026/03/26 01:29:16.710,1,NVIDIA GeForce RTX 4080,0,0,2476,16376,39,59.23
2026/03/26 01:29:46.762,0,NVIDIA GeForce RTX 4090,69,48,2520,24564,42,114.94
2026/03/26 01:29:46.773,1,NVIDIA GeForce RTX 4080,0,0,2476,16376,39,53.68
2026/03/26 01:30:16.824,0,NVIDIA GeForce RTX 4090,0,0,2520,24564,36,78.66
2026/03/26 01:30:16.828,1,NVIDIA GeForce RTX 4080,85,57,2476,16376,59,279.87
2026/03/26 01:30:46.873,0,NVIDIA GeForce RTX 4090,72,50,2520,24564,43,340.26
2026/03/26 01:30:46.879,1,NVIDIA GeForce RTX 4080,80,53,2476,16376,55,273.33
2026/03/26 01:31:16.931,0,NVIDIA GeForce RTX 4090,0,0,2520,24564,35,156.71
2026/03/26 01:31:16.937,1,NVIDIA GeForce RTX 4080,11,7,2476,16376,39,58.76
2026/03/26 01:31:46.991,0,NVIDIA GeForce RTX 4090,0,0,2520,24564,35,69.94
2026/03/26 01:31:46.997,1,NVIDIA GeForce RTX 4080,0,0,2476,16376,40,53.79
2026/03/26 01:32:17.049,0,NVIDIA GeForce RTX 4090,65,46,2520,24564,44,316.65
2026/03/26 01:32:17.059,1,NVIDIA GeForce RTX 4080,0,0,2476,16376,43,203.81
2026/03/26 01:32:47.108,0,NVIDIA GeForce RTX 4090,0,0,2520,24564,36,77.94
2026/03/26 01:32:47.114,1,NVIDIA GeForce RTX 4080,83,55,2476,16376,55,264.70
2026/03/26 01:33:17.167,0,NVIDIA GeForce RTX 4090,9,6,2520,24564,40,73.93
2026/03/26 01:33:17.176,1,NVIDIA GeForce RTX 4080,0,0,2476,16376,41,142.90
2026/03/26 01:33:47.223,0,NVIDIA GeForce RTX 4090,53,37,2520,24564,41,216.69
2026/03/26 01:33:47.231,1,NVIDIA GeForce RTX 4080,0,0,2476,16376,40,54.51
2026/03/26 01:34:17.282,0,NVIDIA GeForce RTX 4090,0,0,2520,24564,36,74.33
2026/03/26 01:34:17.287,1,NVIDIA GeForce RTX 4080,0,0,2476,16376,41,100.80
2026/03/26 01:34:47.341,0,NVIDIA GeForce RTX 4090,0,0,2520,24564,36,112.86
2026/03/26 01:34:47.346,1,NVIDIA GeForce RTX 4080,87,57,2476,16376,57,283.60
2026/03/26 01:35:17.399,0,NVIDIA GeForce RTX 4090,0,0,2520,24564,36,70.07
2026/03/26 01:35:17.405,1,NVIDIA GeForce RTX 4080,0,0,2476,16376,39,59.27
2026/03/26 01:35:47.456,0,NVIDIA GeForce RTX 4090,0,0,2520,24564,37,79.93
2026/03/26 01:35:47.463,1,NVIDIA GeForce RTX 4080,0,0,2476,16376,39,54.56
2026/03/26 01:36:17.512,0,NVIDIA GeForce RTX 4090,69,48,2520,24564,44,219.07
2026/03/26 01:36:17.524,1,NVIDIA GeForce RTX 4080,83,55,2476,16376,55,275.23
2026/03/26 01:36:47.577,0,NVIDIA GeForce RTX 4090,0,0,2520,24564,36,209.62
2026/03/26 01:36:47.582,1,NVIDIA GeForce RTX 4080,0,0,2476,16376,39,54.94
2026/03/26 01:37:17.633,0,NVIDIA GeForce RTX 4090,0,0,2520,24564,36,77.77
2026/03/26 01:37:17.638,1,NVIDIA GeForce RTX 4080,84,56,2476,16376,54,285.34
2026/03/26 01:37:47.689,0,NVIDIA GeForce RTX 4090,73,51,2520,24564,44,334.13
2026/03/26 01:37:47.697,1,NVIDIA GeForce RTX 4080,0,0,2476,16376,39,66.82
2026/03/26 01:38:17.746,0,NVIDIA GeForce RTX 4090,0,0,2520,24564,34,69.40
2026/03/26 01:38:17.752,1,NVIDIA GeForce RTX 4080,0,0,2476,16376,39,53.67
2026/03/26 01:38:47.804,0,NVIDIA GeForce RTX 4090,0,0,2520,24564,37,247.23
2026/03/26 01:38:47.811,1,NVIDIA GeForce RTX 4080,83,55,2476,16376,54,268.74
2026/03/26 01:39:17.864,0,NVIDIA GeForce RTX 4090,12,8,2520,24564,39,73.07
2026/03/26 01:39:17.869,1,NVIDIA GeForce RTX 4080,0,0,2476,16376,39,53.59
2026/03/26 01:39:47.921,0,NVIDIA GeForce RTX 4090,0,0,2520,24564,36,73.69
2026/03/26 01:39:47.926,1,NVIDIA GeForce RTX 4080,0,0,2476,16376,38,58.36
2026/03/26 01:40:17.977,0,NVIDIA GeForce RTX 4090,0,0,2520,24564,35,73.82
2026/03/26 01:40:17.983,1,NVIDIA GeForce RTX 4080,0,0,2476,16376,38,58.48
2026/03/26 01:40:48.034,0,NVIDIA GeForce RTX 4090,0,0,2520,24564,36,72.71
2026/03/26 01:40:48.040,1,NVIDIA GeForce RTX 4080,0,0,2476,16376,39,58.56
2026/03/26 01:41:18.095,0,NVIDIA GeForce RTX 4090,72,50,2520,24564,42,330.07
2026/03/26 01:41:18.102,1,NVIDIA GeForce RTX 4080,82,55,2476,16376,58,271.15
2026/03/26 01:41:48.156,0,NVIDIA GeForce RTX 4090,79,54,2520,24564,44,361.29
2026/03/26 01:41:48.165,1,NVIDIA GeForce RTX 4080,0,0,2476,16376,41,101.00
2026/03/26 01:42:18.217,0,NVIDIA GeForce RTX 4090,0,0,2520,24564,35,108.57
2026/03/26 01:42:18.221,1,NVIDIA GeForce RTX 4080,0,0,2476,16376,40,86.71
2026/03/26 01:42:48.273,0,NVIDIA GeForce RTX 4090,0,0,2520,24564,36,79.81
2026/03/26 01:42:48.282,1,NVIDIA GeForce RTX 4080,0,0,2476,16376,39,53.92
2026/03/26 01:43:18.332,0,NVIDIA GeForce RTX 4090,0,0,2520,24564,36,120.70
2026/03/26 01:43:18.338,1,NVIDIA GeForce RTX 4080,76,52,2476,16376,56,273.46
2026/03/26 01:43:48.391,0,NVIDIA GeForce RTX 4090,0,0,2520,24564,36,68.62
2026/03/26 01:43:48.397,1,NVIDIA GeForce RTX 4080,0,0,2476,16376,39,53.81
2026/03/26 01:44:18.448,0,NVIDIA GeForce RTX 4090,60,42,2520,24564,43,298.30
2026/03/26 01:44:18.457,1,NVIDIA GeForce RTX 4080,85,56,2476,16376,57,281.41
2026/03/26 01:44:48.540,0,NVIDIA GeForce RTX 4090,75,53,2520,24564,42,329.69
2026/03/26 01:44:48.548,1,NVIDIA GeForce RTX 4080,0,0,2476,16376,40,96.17
2026/03/26 01:45:18.599,0,NVIDIA GeForce RTX 4090,0,0,2520,24564,36,210.89
2026/03/26 01:45:18.604,1,NVIDIA GeForce RTX 4080,0,0,2476,16376,39,55.07
2026/03/26 01:45:48.659,0,NVIDIA GeForce RTX 4090,0,0,2520,24564,36,68.98
2026/03/26 01:45:48.665,1,NVIDIA GeForce RTX 4080,0,0,2476,16376,43,182.55
2026/03/26 01:46:18.718,0,NVIDIA GeForce RTX 4090,60,42,2520,24564,44,166.72
2026/03/26 01:46:18.725,1,NVIDIA GeForce RTX 4080,0,0,2476,16376,40,105.48
2026/03/26 01:46:48.777,0,NVIDIA GeForce RTX 4090,0,0,2520,24564,35,67.49
2026/03/26 01:46:48.783,1,NVIDIA GeForce RTX 4080,0,0,2476,16376,38,55.73
2026/03/26 01:47:18.832,0,NVIDIA GeForce RTX 4090,69,48,2520,24564,45,315.85
2026/03/26 01:47:18.843,1,NVIDIA GeForce RTX 4080,79,52,2476,16376,57,273.96
2026/03/26 01:47:48.894,0,NVIDIA GeForce RTX 4090,0,0,2520,24564,36,254.25
2026/03/26 01:47:48.900,1,NVIDIA GeForce RTX 4080,0,0,2476,16376,39,54.86
2026/03/26 01:48:18.948,0,NVIDIA GeForce RTX 4090,0,0,2520,24564,36,68.69
2026/03/26 01:48:18.952,1,NVIDIA GeForce RTX 4080,0,0,2476,16376,43,209.12
2026/03/26 01:48:49.006,0,NVIDIA GeForce RTX 4090,0,0,2520,24564,36,107.03
2026/03/26 01:48:49.011,1,NVIDIA GeForce RTX 4080,0,0,2476,16376,41,101.75
2026/03/26 01:49:19.055,0,NVIDIA GeForce RTX 4090,0,0,2520,24564,36,68.86
2026/03/26 01:49:19.061,1,NVIDIA GeForce RTX 4080,77,51,2476,16376,55,263.29
2026/03/26 01:49:49.164,0,NVIDIA GeForce RTX 4090,0,0,2520,24564,37,109.86
2026/03/26 01:49:49.170,1,NVIDIA GeForce RTX 4080,0,0,2476,16376,39,55.17
2026/03/26 01:50:19.223,0,NVIDIA GeForce RTX 4090,0,0,2520,24564,36,187.77
2026/03/26 01:50:19.229,1,NVIDIA GeForce RTX 4080,81,55,2476,16376,55,163.00
2026/03/26 01:50:49.283,0,NVIDIA GeForce RTX 4090,0,0,2520,24564,35,74.05
2026/03/26 01:50:49.289,1,NVIDIA GeForce RTX 4080,0,0,2476,16376,40,102.00
2026/03/26 01:51:19.340,0,NVIDIA GeForce RTX 4090,46,32,2520,24564,39,304.28
2026/03/26 01:51:19.381,1,NVIDIA GeForce RTX 4080,82,55,2476,16376,56,269.58
2026/03/26 01:51:49.433,0,NVIDIA GeForce RTX 4090,70,49,2520,24564,44,246.05
2026/03/26 01:51:49.440,1,NVIDIA GeForce RTX 4080,0,0,2476,16376,40,102.21
2026/03/26 01:52:19.490,0,NVIDIA GeForce RTX 4090,71,50,2520,24564,44,336.67
2026/03/26 01:52:19.497,1,NVIDIA GeForce RTX 4080,0,0,2476,16376,40,91.10
2026/03/26 01:52:49.546,0,NVIDIA GeForce RTX 4090,0,0,2520,24564,37,263.71
2026/03/26 01:52:49.556,1,NVIDIA GeForce RTX 4080,0,0,2476,16376,44,55.54
2026/03/26 01:53:19.609,0,NVIDIA GeForce RTX 4090,0,0,2520,24564,36,78.25
2026/03/26 01:53:19.615,1,NVIDIA GeForce RTX 4080,0,0,2476,16376,42,203.78
2026/03/26 01:53:49.665,0,NVIDIA GeForce RTX 4090,0,0,2520,24564,36,140.38
2026/03/26 01:53:49.672,1,NVIDIA GeForce RTX 4080,71,47,2476,16376,43,235.97
2026/03/26 01:54:19.756,0,NVIDIA GeForce RTX 4090,65,44,2520,24564,40,108.04
2026/03/26 01:54:19.762,1,NVIDIA GeForce RTX 4080,0,0,2476,16376,39,53.74
2026/03/26 01:54:49.814,0,NVIDIA GeForce RTX 4090,0,0,2520,24564,36,73.16
2026/03/26 01:54:49.818,1,NVIDIA GeForce RTX 4080,84,56,2476,16376,55,278.31
2026/03/26 01:55:19.867,0,NVIDIA GeForce RTX 4090,65,45,2520,24564,38,307.76
2026/03/26 01:55:19.872,1,NVIDIA GeForce RTX 4080,74,49,2476,16376,56,272.38
2026/03/26 01:55:49.927,0,NVIDIA GeForce RTX 4090,58,40,2520,24564,44,316.44
2026/03/26 01:55:49.936,1,NVIDIA GeForce RTX 4080,0,0,2476,16376,40,66.51
2026/03/26 01:56:19.986,0,NVIDIA GeForce RTX 4090,0,0,2520,24564,35,67.22
2026/03/26 01:56:19.992,1,NVIDIA GeForce RTX 4080,0,0,2476,16376,38,53.80
2026/03/26 01:56:50.041,0,NVIDIA GeForce RTX 4090,0,0,2520,24564,37,137.08
2026/03/26 01:56:50.048,1,NVIDIA GeForce RTX 4080,0,0,2476,16376,39,60.84
2026/03/26 01:57:20.100,0,NVIDIA GeForce RTX 4090,65,44,2520,24564,41,139.67
2026/03/26 01:57:20.106,1,NVIDIA GeForce RTX 4080,79,52,2476,16376,53,268.36
2026/03/26 01:57:50.164,0,NVIDIA GeForce RTX 4090,74,51,2520,24564,45,346.11
2026/03/26 01:57:50.170,1,NVIDIA GeForce RTX 4080,80,53,2476,16376,51,145.73
2026/03/26 01:58:20.224,0,NVIDIA GeForce RTX 4090,0,0,2520,24564,35,70.87
2026/03/26 01:58:20.231,1,NVIDIA GeForce RTX 4080,0,0,2476,16376,39,103.50
2026/03/26 01:58:50.281,0,NVIDIA GeForce RTX 4090,69,48,2520,24564,44,97.41
2026/03/26 01:58:50.289,1,NVIDIA GeForce RTX 4080,0,0,2476,16376,41,217.96
2026/03/26 01:59:20.342,0,NVIDIA GeForce RTX 4090,63,45,2520,24564,45,344.17
2026/03/26 01:59:20.350,1,NVIDIA GeForce RTX 4080,0,0,2476,16376,41,116.59
2026/03/26 01:59:50.404,0,NVIDIA GeForce RTX 4090,0,0,2520,24564,35,70.76
2026/03/26 01:59:50.411,1,NVIDIA GeForce RTX 4080,0,0,2476,16376,38,53.57
2026/03/26 02:00:20.463,0,NVIDIA GeForce RTX 4090,0,0,2520,24564,38,253.13
2026/03/26 02:00:20.468,1,NVIDIA GeForce RTX 4080,0,0,2476,16376,39,100.00
2026/03/26 02:00:50.515,0,NVIDIA GeForce RTX 4090,0,0,2520,24564,36,107.03
2026/03/26 02:00:50.520,1,NVIDIA GeForce RTX 4080,84,56,2476,16376,54,279.07
2026/03/26 02:01:20.575,0,NVIDIA GeForce RTX 4090,0,0,2520,24564,37,78.11
2026/03/26 02:01:20.581,1,NVIDIA GeForce RTX 4080,0,0,2476,16376,39,53.65
2026/03/26 02:01:50.634,0,NVIDIA GeForce RTX 4090,0,0,2520,24564,35,71.33
2026/03/26 02:01:50.640,1,NVIDIA GeForce RTX 4080,87,58,2476,16376,53,87.68
2026/03/26 02:02:20.693,0,NVIDIA GeForce RTX 4090,0,0,2520,24564,35,69.03
2026/03/26 02:02:20.699,1,NVIDIA GeForce RTX 4080,0,0,2476,16376,38,57.65
2026/03/26 02:02:50.750,0,NVIDIA GeForce RTX 4090,0,0,2520,24564,36,76.73
2026/03/26 02:02:50.756,1,NVIDIA GeForce RTX 4080,86,58,2476,16376,53,280.27
2026/03/26 02:03:20.811,0,NVIDIA GeForce RTX 4090,0,0,2520,24564,36,68.11
2026/03/26 02:03:20.815,1,NVIDIA GeForce RTX 4080,0,0,2476,16376,38,53.78
2026/03/26 02:03:50.857,0,NVIDIA GeForce RTX 4090,47,31,2520,24564,39,99.13
2026/03/26 02:03:50.864,1,NVIDIA GeForce RTX 4080,78,52,2476,16376,58,280.70
2026/03/26 02:04:20.923,0,NVIDIA GeForce RTX 4090,67,47,2520,24564,42,205.02
2026/03/26 02:04:20.930,1,NVIDIA GeForce RTX 4080,0,0,2476,16376,43,210.20
2026/03/26 02:04:50.980,0,NVIDIA GeForce RTX 4090,15,10,2520,24564,36,77.09
2026/03/26 02:04:50.987,1,NVIDIA GeForce RTX 4080,84,56,2476,16376,55,274.17
2026/03/26 02:05:21.046,0,NVIDIA GeForce RTX 4090,0,0,2520,24564,37,78.92
2026/03/26 02:05:21.052,1,NVIDIA GeForce RTX 4080,0,0,2476,16376,39,53.77
2026/03/26 02:05:51.105,0,NVIDIA GeForce RTX 4090,61,43,2520,24564,44,320.04
2026/03/26 02:05:51.114,1,NVIDIA GeForce RTX 4080,0,0,2476,16376,38,65.07
2026/03/26 02:06:21.166,0,NVIDIA GeForce RTX 4090,0,0,2520,24564,35,67.60
2026/03/26 02:06:21.171,1,NVIDIA GeForce RTX 4080,0,0,2476,16376,38,53.64
2026/03/26 02:06:51.224,0,NVIDIA GeForce RTX 4090,64,44,2520,24564,40,104.98
2026/03/26 02:06:51.236,1,NVIDIA GeForce RTX 4080,0,0,2476,16376,39,146.80
2026/03/26 02:07:21.285,0,NVIDIA GeForce RTX 4090,74,51,2520,24564,45,341.08
2026/03/26 02:07:21.292,1,NVIDIA GeForce RTX 4080,84,55,2476,16376,55,278.62
2026/03/26 02:07:51.371,0,NVIDIA GeForce RTX 4090,76,53,2520,24564,41,122.97
2026/03/26 02:07:51.397,1,NVIDIA GeForce RTX 4080,0,0,2476,16376,38,54.13
2026/03/26 02:08:21.445,0,NVIDIA GeForce RTX 4090,0,0,2520,24564,35,66.40
2026/03/26 02:08:21.451,1,NVIDIA GeForce RTX 4080,0,0,2476,16376,38,53.77
2026/03/26 02:08:51.503,0,NVIDIA GeForce RTX 4090,71,49,2520,24564,42,334.86
2026/03/26 02:08:51.511,1,NVIDIA GeForce RTX 4080,0,0,2476,16376,38,65.90
2026/03/26 02:09:21.564,0,NVIDIA GeForce RTX 4090,0,0,2520,24564,35,67.93
2026/03/26 02:09:21.569,1,NVIDIA GeForce RTX 4080,0,0,2476,16376,39,65.03
2026/03/26 02:09:51.624,0,NVIDIA GeForce RTX 4090,70,48,2520,24564,42,331.39
2026/03/26 02:09:51.630,1,NVIDIA GeForce RTX 4080,81,54,2476,16376,56,262.67
2026/03/26 02:10:21.694,0,NVIDIA GeForce RTX 4090,53,37,2520,24564,41,192.93
2026/03/26 02:10:21.701,1,NVIDIA GeForce RTX 4080,0,0,2476,16376,39,91.73
2026/03/26 02:10:51.751,0,NVIDIA GeForce RTX 4090,0,0,2520,24564,36,78.04
2026/03/26 02:10:51.757,1,NVIDIA GeForce RTX 4080,0,0,2476,16376,41,170.31
2026/03/26 02:11:21.810,0,NVIDIA GeForce RTX 4090,0,0,2520,24564,35,68.42
2026/03/26 02:11:21.816,1,NVIDIA GeForce RTX 4080,0,0,2476,16376,39,53.62
2026/03/26 02:11:51.872,0,NVIDIA GeForce RTX 4090,63,45,2520,24564,44,315.34
2026/03/26 02:11:51.884,1,NVIDIA GeForce RTX 4080,0,0,2476,16376,41,89.89
2026/03/26 02:12:21.933,0,NVIDIA GeForce RTX 4090,0,0,2520,24564,35,66.71
2026/03/26 02:12:21.937,1,NVIDIA GeForce RTX 4080,0,0,2476,16376,39,63.81
2026/03/26 02:12:51.989,0,NVIDIA GeForce RTX 4090,75,52,2520,24564,45,340.93
2026/03/26 02:12:51.996,1,NVIDIA GeForce RTX 4080,0,0,2476,16376,39,65.30
2026/03/26 02:13:22.047,0,NVIDIA GeForce RTX 4090,52,35,2520,24564,36,239.06
2026/03/26 02:13:22.053,1,NVIDIA GeForce RTX 4080,0,0,2476,16376,40,99.05
2026/03/26 02:13:52.103,0,NVIDIA GeForce RTX 4090,0,0,2520,24564,35,66.80
2026/03/26 02:13:52.108,1,NVIDIA GeForce RTX 4080,66,43,2476,16376,50,68.42
2026/03/26 02:14:22.220,0,NVIDIA GeForce RTX 4090,68,47,2520,24564,45,314.95
2026/03/26 02:14:22.230,1,NVIDIA GeForce RTX 4080,0,0,2476,16376,39,66.41
2026/03/26 02:14:52.283,0,NVIDIA GeForce RTX 4090,0,0,2520,24564,35,67.23
2026/03/26 02:14:52.289,1,NVIDIA GeForce RTX 4080,0,0,2476,16376,39,57.06
2026/03/26 02:15:22.340,0,NVIDIA GeForce RTX 4090,0,0,2520,24564,35,111.19
2026/03/26 02:15:22.347,1,NVIDIA GeForce RTX 4080,0,0,2476,16376,40,60.41
2026/03/26 02:15:52.399,0,NVIDIA GeForce RTX 4090,72,50,2520,24564,43,327.46
2026/03/26 02:15:52.408,1,NVIDIA GeForce RTX 4080,81,54,2476,16376,54,268.70
2026/03/26 02:16:22.462,0,NVIDIA GeForce RTX 4090,0,0,2520,24564,36,175.32
2026/03/26 02:16:22.467,1,NVIDIA GeForce RTX 4080,0,0,2476,16376,39,55.16
2026/03/26 02:16:52.518,0,NVIDIA GeForce RTX 4090,0,0,2520,24564,35,76.26
2026/03/26 02:16:52.523,1,NVIDIA GeForce RTX 4080,83,56,2476,16376,54,277.96
2026/03/26 02:17:22.571,0,NVIDIA GeForce RTX 4090,79,55,2520,24564,45,356.12
2026/03/26 02:17:22.581,1,NVIDIA GeForce RTX 4080,0,0,2476,16376,43,60.27
2026/03/26 02:17:52.635,0,NVIDIA GeForce RTX 4090,55,40,2520,24564,44,305.56
2026/03/26 02:17:52.644,1,NVIDIA GeForce RTX 4080,0,0,2476,16376,39,62.06
2026/03/26 02:18:22.699,0,NVIDIA GeForce RTX 4090,0,0,2520,24564,36,117.08
2026/03/26 02:18:22.705,1,NVIDIA GeForce RTX 4080,83,56,2476,16376,55,279.39
2026/03/26 02:18:52.751,0,NVIDIA GeForce RTX 4090,0,0,2520,24564,35,66.71
2026/03/26 02:18:52.756,1,NVIDIA GeForce RTX 4080,0,0,2476,16376,39,54.10
2026/03/26 02:19:22.805,0,NVIDIA GeForce RTX 4090,0,0,2520,24564,37,131.07
2026/03/26 02:19:22.810,1,NVIDIA GeForce RTX 4080,0,0,2476,16376,39,64.09
2026/03/26 02:19:52.859,0,NVIDIA GeForce RTX 4090,62,43,2520,24564,41,103.74
2026/03/26 02:19:52.868,1,NVIDIA GeForce RTX 4080,0,0,2476,16376,38,59.71
2026/03/26 02:20:22.922,0,NVIDIA GeForce RTX 4090,7,5,2520,24564,35,78.30
2026/03/26 02:20:22.927,1,NVIDIA GeForce RTX 4080,0,0,2476,16376,39,59.50
2026/03/26 02:20:52.977,0,NVIDIA GeForce RTX 4090,67,46,2520,24564,45,317.12
2026/03/26 02:20:52.986,1,NVIDIA GeForce RTX 4080,78,51,2476,16376,56,266.88
2026/03/26 02:21:23.037,0,NVIDIA GeForce RTX 4090,0,0,2520,24564,36,67.49
2026/03/26 02:21:23.044,1,NVIDIA GeForce RTX 4080,0,0,2476,16376,38,53.52
2026/03/26 02:21:53.087,0,NVIDIA GeForce RTX 4090,71,50,2520,24564,43,327.59
2026/03/26 02:21:53.097,1,NVIDIA GeForce RTX 4080,79,53,2476,16376,54,276.73
2026/03/26 02:22:23.151,0,NVIDIA GeForce RTX 4090,0,0,2520,24564,34,66.79
2026/03/26 02:22:23.156,1,NVIDIA GeForce RTX 4080,0,0,2476,16376,38,57.60
2026/03/26 02:22:53.207,0,NVIDIA GeForce RTX 4090,0,0,2520,24564,37,169.94
2026/03/26 02:22:53.216,1,NVIDIA GeForce RTX 4080,86,58,2476,16376,54,280.21
2026/03/26 02:23:23.258,0,NVIDIA GeForce RTX 4090,78,54,2520,24564,41,142.42
2026/03/26 02:23:23.269,1,NVIDIA GeForce RTX 4080,0,0,2476,16376,38,57.23
2026/03/26 02:23:53.321,0,NVIDIA GeForce RTX 4090,0,0,2520,24564,35,68.57
2026/03/26 02:23:53.328,1,NVIDIA GeForce RTX 4080,0,0,2476,16376,39,65.85
2026/03/26 02:24:23.380,0,NVIDIA GeForce RTX 4090,0,0,2520,24564,35,68.32
2026/03/26 02:24:23.387,1,NVIDIA GeForce RTX 4080,0,0,2476,16376,39,103.66
2026/03/26 02:24:53.435,0,NVIDIA GeForce RTX 4090,56,39,2520,24564,38,306.07
2026/03/26 02:24:53.440,1,NVIDIA GeForce RTX 4080,74,50,2476,16376,45,250.47
2026/03/26 02:25:23.503,0,NVIDIA GeForce RTX 4090,68,48,2520,24564,42,321.01
2026/03/26 02:25:23.511,1,NVIDIA GeForce RTX 4080,0,0,2476,16376,41,169.65
2026/03/26 02:25:53.561,0,NVIDIA GeForce RTX 4090,78,54,2520,24564,42,208.60
2026/03/26 02:25:53.568,1,NVIDIA GeForce RTX 4080,83,55,2476,16376,50,273.32
2026/03/26 02:26:23.619,0,NVIDIA GeForce RTX 4090,0,0,2520,24564,35,80.91
2026/03/26 02:26:23.624,1,NVIDIA GeForce RTX 4080,0,0,2476,16376,38,58.22
2026/03/26 02:26:53.676,0,NVIDIA GeForce RTX 4090,0,0,2520,24564,37,81.16
2026/03/26 02:26:53.683,1,NVIDIA GeForce RTX 4080,0,0,2476,16376,41,173.10
2026/03/26 02:27:23.735,0,NVIDIA GeForce RTX 4090,49,33,2520,24564,38,242.70
2026/03/26 02:27:23.741,1,NVIDIA GeForce RTX 4080,0,0,2476,16376,38,54.49
2026/03/26 02:27:53.790,0,NVIDIA GeForce RTX 4090,0,0,2520,24564,36,77.94
2026/03/26 02:27:53.795,1,NVIDIA GeForce RTX 4080,0,0,2476,16376,40,58.94
2026/03/26 02:28:23.845,0,NVIDIA GeForce RTX 4090,0,0,2520,24564,36,77.39
2026/03/26 02:28:23.851,1,NVIDIA GeForce RTX 4080,84,57,2476,16376,57,282.08
2026/03/26 02:28:53.902,0,NVIDIA GeForce RTX 4090,35,24,2520,24564,37,244.74
2026/03/26 02:28:53.908,1,NVIDIA GeForce RTX 4080,0,0,2476,16376,39,56.00
2026/03/26 02:29:23.960,0,NVIDIA GeForce RTX 4090,0,0,2520,24564,36,78.22
2026/03/26 02:29:23.966,1,NVIDIA GeForce RTX 4080,0,0,2476,16376,40,64.37
2026/03/26 02:29:54.017,0,NVIDIA GeForce RTX 4090,0,0,2520,24564,37,103.79
2026/03/26 02:29:54.023,1,NVIDIA GeForce RTX 4080,85,56,2476,16376,56,276.14
2026/03/26 02:30:24.067,0,NVIDIA GeForce RTX 4090,29,20,2520,24564,39,84.10
2026/03/26 02:30:24.073,1,NVIDIA GeForce RTX 4080,80,53,2476,16376,52,112.39
2026/03/26 02:30:54.123,0,NVIDIA GeForce RTX 4090,74,52,2520,24564,45,340.12
2026/03/26 02:30:54.131,1,NVIDIA GeForce RTX 4080,53,35,2476,16376,46,78.18
2026/03/26 02:31:24.188,0,NVIDIA GeForce RTX 4090,0,0,2520,24564,38,108.85
2026/03/26 02:31:24.193,1,NVIDIA GeForce RTX 4080,0,0,2476,16376,40,63.93
2026/03/26 02:31:54.247,0,NVIDIA GeForce RTX 4090,0,0,2520,24564,37,72.38
2026/03/26 02:31:54.253,1,NVIDIA GeForce RTX 4080,85,57,2476,16376,55,168.43
2026/03/26 02:32:24.306,0,NVIDIA GeForce RTX 4090,11,8,2520,24564,38,94.69
2026/03/26 02:32:24.312,1,NVIDIA GeForce RTX 4080,0,0,2476,16376,40,65.07
2026/03/26 02:32:54.361,0,NVIDIA GeForce RTX 4090,0,0,2520,24564,37,68.17
2026/03/26 02:32:54.366,1,NVIDIA GeForce RTX 4080,0,0,2476,16376,39,63.76
2026/03/26 02:33:24.419,0,NVIDIA GeForce RTX 4090,0,0,2520,24564,36,76.74
2026/03/26 02:33:24.425,1,NVIDIA GeForce RTX 4080,80,54,2476,16376,56,276.63
2026/03/26 02:33:54.478,0,NVIDIA GeForce RTX 4090,0,0,2520,24564,37,77.61
2026/03/26 02:33:54.484,1,NVIDIA GeForce RTX 4080,0,0,2476,16376,39,59.48
2026/03/26 02:34:24.535,0,NVIDIA GeForce RTX 4090,0,0,2520,24564,37,71.37
2026/03/26 02:34:24.541,1,NVIDIA GeForce RTX 4080,59,42,2476,16376,51,109.03
2026/03/26 02:34:54.592,0,NVIDIA GeForce RTX 4090,0,0,2520,24564,36,68.35
2026/03/26 02:34:54.599,1,NVIDIA GeForce RTX 4080,0,0,2476,16376,39,53.64
2026/03/26 02:35:24.650,0,NVIDIA GeForce RTX 4090,0,0,2520,24564,36,67.82
2026/03/26 02:35:24.654,1,NVIDIA GeForce RTX 4080,76,51,2476,16376,55,120.88
2026/03/26 02:35:54.700,0,NVIDIA GeForce RTX 4090,74,51,2520,24564,46,157.44
2026/03/26 02:35:54.707,1,NVIDIA GeForce RTX 4080,80,54,2476,16376,53,160.54
2026/03/26 02:36:24.758,0,NVIDIA GeForce RTX 4090,52,36,2520,24564,44,310.62
2026/03/26 02:36:24.767,1,NVIDIA GeForce RTX 4080,79,52,2476,16376,58,275.17
2026/03/26 02:36:54.826,0,NVIDIA GeForce RTX 4090,0,0,2520,24564,36,67.84
2026/03/26 02:36:54.831,1,NVIDIA GeForce RTX 4080,0,0,2476,16376,39,56.44
2026/03/26 02:37:24.882,0,NVIDIA GeForce RTX 4090,64,45,2520,24564,43,315.73
2026/03/26 02:37:24.891,1,NVIDIA GeForce RTX 4080,83,55,2476,16376,56,271.14
2026/03/26 02:37:54.942,0,NVIDIA GeForce RTX 4090,0,0,2520,24564,36,116.71
2026/03/26 02:37:54.948,1,NVIDIA GeForce RTX 4080,62,43,2476,16376,49,166.26
2026/03/26 02:38:24.999,0,NVIDIA GeForce RTX 4090,69,48,2520,24564,44,315.46
2026/03/26 02:38:25.010,1,NVIDIA GeForce RTX 4080,0,0,2476,16376,41,143.59
2026/03/26 02:38:55.061,0,NVIDIA GeForce RTX 4090,79,55,2520,24564,44,332.21
2026/03/26 02:38:55.067,1,NVIDIA GeForce RTX 4080,0,0,2476,16376,42,214.41
2026/03/26 02:39:25.117,0,NVIDIA GeForce RTX 4090,0,0,2520,24564,36,78.56
2026/03/26 02:39:25.122,1,NVIDIA GeForce RTX 4080,58,39,2476,16376,49,204.88
2026/03/26 02:39:55.174,0,NVIDIA GeForce RTX 4090,79,55,2520,24564,46,357.51
2026/03/26 02:39:55.183,1,NVIDIA GeForce RTX 4080,0,0,2476,16376,40,57.99
2026/03/26 02:40:25.221,0,NVIDIA GeForce RTX 4090,0,0,2520,24564,36,109.71
2026/03/26 02:40:25.227,1,NVIDIA GeForce RTX 4080,79,52,2476,16376,55,264.58
2026/03/26 02:40:55.277,0,NVIDIA GeForce RTX 4090,0,0,2520,24564,36,67.12
2026/03/26 02:40:55.284,1,NVIDIA GeForce RTX 4080,0,0,2476,16376,39,57.57
2026/03/26 02:41:25.339,0,NVIDIA GeForce RTX 4090,0,0,2520,24564,35,67.02
2026/03/26 02:41:25.344,1,NVIDIA GeForce RTX 4080,0,0,2476,16376,39,54.04
2026/03/26 02:41:55.395,0,NVIDIA GeForce RTX 4090,0,0,2520,24564,35,108.20
2026/03/26 02:41:55.400,1,NVIDIA GeForce RTX 4080,0,0,2476,16376,39,92.02
2026/03/26 02:42:25.450,0,NVIDIA GeForce RTX 4090,0,0,2520,24564,37,142.25
2026/03/26 02:42:25.456,1,NVIDIA GeForce RTX 4080,82,55,2476,16376,57,273.23
2026/03/26 02:42:55.513,0,NVIDIA GeForce RTX 4090,0,0,2520,24564,36,156.48
2026/03/26 02:42:55.519,1,NVIDIA GeForce RTX 4080,83,56,2476,16376,53,138.17
2026/03/26 02:43:25.575,0,NVIDIA GeForce RTX 4090,62,43,2520,24564,43,316.41
2026/03/26 02:43:25.584,1,NVIDIA GeForce RTX 4080,83,54,2476,16376,54,275.77
2026/03/26 02:43:55.639,0,NVIDIA GeForce RTX 4090,0,0,2520,24564,36,146.20
2026/03/26 02:43:55.647,1,NVIDIA GeForce RTX 4080,0,0,2476,16376,41,153.14
2026/03/26 02:44:25.701,0,NVIDIA GeForce RTX 4090,0,0,2520,24564,37,106.23
2026/03/26 02:44:25.706,1,NVIDIA GeForce RTX 4080,81,54,2476,16376,57,282.24
2026/03/26 02:44:55.752,0,NVIDIA GeForce RTX 4090,66,46,2520,24564,45,338.33
2026/03/26 02:44:55.760,1,NVIDIA GeForce RTX 4080,84,56,2476,16376,51,225.99
2026/03/26 02:45:25.812,0,NVIDIA GeForce RTX 4090,0,0,2520,24564,37,124.37
2026/03/26 02:45:25.817,1,NVIDIA GeForce RTX 4080,0,0,2476,16376,39,55.78
2026/03/26 02:45:55.870,0,NVIDIA GeForce RTX 4090,0,0,2520,24564,35,68.94
2026/03/26 02:45:55.876,1,NVIDIA GeForce RTX 4080,0,0,2476,16376,38,53.94
2026/03/26 02:46:25.929,0,NVIDIA GeForce RTX 4090,42,28,2520,24564,40,129.61
2026/03/26 02:46:25.945,1,NVIDIA GeForce RTX 4080,0,0,2476,16376,39,54.42
2026/03/26 02:46:55.997,0,NVIDIA GeForce RTX 4090,0,0,2520,24564,35,68.98
2026/03/26 02:46:56.004,1,NVIDIA GeForce RTX 4080,0,0,2476,16376,40,136.04
2026/03/26 02:47:26.056,0,NVIDIA GeForce RTX 4090,62,43,2520,24564,42,297.97
2026/03/26 02:47:26.063,1,NVIDIA GeForce RTX 4080,0,0,2476,16376,39,104.44
2026/03/26 02:47:56.114,0,NVIDIA GeForce RTX 4090,73,51,2520,24564,43,169.78
2026/03/26 02:47:56.120,1,NVIDIA GeForce RTX 4080,0,0,2476,16376,39,54.84
2026/03/26 02:48:26.174,0,NVIDIA GeForce RTX 4090,75,52,2520,24564,46,333.89
2026/03/26 02:48:26.184,1,NVIDIA GeForce RTX 4080,80,53,2476,16376,47,275.37
2026/03/26 02:48:56.238,0,NVIDIA GeForce RTX 4090,0,0,2520,24564,36,103.95
2026/03/26 02:48:56.244,1,NVIDIA GeForce RTX 4080,0,0,2476,16376,42,138.76
2026/03/26 02:49:26.280,0,NVIDIA GeForce RTX 4090,0,0,2520,24564,36,73.96
2026/03/26 02:49:26.286,1,NVIDIA GeForce RTX 4080,86,57,2476,16376,54,283.47
2026/03/26 02:49:56.337,0,NVIDIA GeForce RTX 4090,0,0,2520,24564,35,72.21
2026/03/26 02:49:56.342,1,NVIDIA GeForce RTX 4080,0,0,2476,16376,39,53.88
2026/03/26 02:50:26.393,0,NVIDIA GeForce RTX 4090,70,48,2520,24564,46,334.21
2026/03/26 02:50:26.444,1,NVIDIA GeForce RTX 4080,0,0,2476,16376,40,92.30
2026/03/26 02:50:56.491,0,NVIDIA GeForce RTX 4090,80,55,2520,24564,45,344.09
2026/03/26 02:50:56.499,1,NVIDIA GeForce RTX 4080,0,0,2476,16376,40,146.24
2026/03/26 02:51:26.551,0,NVIDIA GeForce RTX 4090,0,0,2520,24564,36,68.65
2026/03/26 02:51:26.557,1,NVIDIA GeForce RTX 4080,0,0,2476,16376,40,65.22
2026/03/26 02:51:56.609,0,NVIDIA GeForce RTX 4090,0,0,2520,24564,35,68.27
2026/03/26 02:51:56.615,1,NVIDIA GeForce RTX 4080,0,0,2476,16376,38,62.25
2026/03/26 02:52:26.659,0,NVIDIA GeForce RTX 4090,71,49,2520,24564,43,330.84
2026/03/26 02:52:26.669,1,NVIDIA GeForce RTX 4080,83,55,2476,16376,53,273.49
2026/03/26 02:52:56.719,0,NVIDIA GeForce RTX 4090,0,0,2520,24564,36,72.21
2026/03/26 02:52:56.724,1,NVIDIA GeForce RTX 4080,0,0,2476,16376,38,62.46
2026/03/26 02:53:26.773,0,NVIDIA GeForce RTX 4090,0,0,2520,24564,35,68.14
2026/03/26 02:53:26.778,1,NVIDIA GeForce RTX 4080,0,0,2476,16376,37,53.12
2026/03/26 02:53:56.828,0,NVIDIA GeForce RTX 4090,64,44,2520,24564,39,318.46
2026/03/26 02:53:56.834,1,NVIDIA GeForce RTX 4080,0,0,2476,16376,41,136.84
2026/03/26 02:54:26.885,0,NVIDIA GeForce RTX 4090,0,0,2520,24564,35,68.52
2026/03/26 02:54:26.891,1,NVIDIA GeForce RTX 4080,0,0,2476,16376,44,53.70
2026/03/26 02:54:56.943,0,NVIDIA GeForce RTX 4090,7,5,2520,24564,36,85.09
2026/03/26 02:54:56.949,1,NVIDIA GeForce RTX 4080,0,0,2476,16376,38,54.72
2026/03/26 02:55:26.999,0,NVIDIA GeForce RTX 4090,0,0,2520,24564,35,72.57
2026/03/26 02:55:27.006,1,NVIDIA GeForce RTX 4080,0,0,2476,16376,39,59.00
2026/03/26 02:55:57.048,0,NVIDIA GeForce RTX 4090,59,41,2520,24564,44,170.73
2026/03/26 02:55:57.055,1,NVIDIA GeForce RTX 4080,82,54,2476,16376,56,267.96
2026/03/26 02:56:27.108,0,NVIDIA GeForce RTX 4090,22,15,2520,24564,37,86.33
2026/03/26 02:56:27.115,1,NVIDIA GeForce RTX 4080,56,39,2476,16376,49,194.21
2026/03/26 02:56:57.166,0,NVIDIA GeForce RTX 4090,0,0,2520,24564,35,67.87
2026/03/26 02:56:57.171,1,NVIDIA GeForce RTX 4080,70,46,2476,16376,50,68.80
2026/03/26 02:57:27.233,0,NVIDIA GeForce RTX 4090,71,50,2520,24564,45,331.83
2026/03/26 02:57:27.241,1,NVIDIA GeForce RTX 4080,82,54,2476,16376,54,273.41
2026/03/26 02:57:57.299,0,NVIDIA GeForce RTX 4090,0,0,2520,24564,35,68.07
2026/03/26 02:57:57.305,1,NVIDIA GeForce RTX 4080,0,0,2476,16376,39,54.00
2026/03/26 02:58:27.356,0,NVIDIA GeForce RTX 4090,0,0,2520,24564,36,125.61
2026/03/26 02:58:27.363,1,NVIDIA GeForce RTX 4080,62,44,2476,16376,48,93.86
2026/03/26 02:58:57.418,0,NVIDIA GeForce RTX 4090,72,50,2520,24564,45,329.89
2026/03/26 02:58:57.428,1,NVIDIA GeForce RTX 4080,80,54,2476,16376,57,271.98
2026/03/26 02:59:27.470,0,NVIDIA GeForce RTX 4090,12,8,2520,24564,40,98.37
2026/03/26 02:59:27.478,1,NVIDIA GeForce RTX 4080,5,3,2476,16376,49,71.00
2026/03/26 02:59:57.526,0,NVIDIA GeForce RTX 4090,32,23,2520,24564,39,303.45
2026/03/26 02:59:57.543,1,NVIDIA GeForce RTX 4080,0,0,2476,16376,42,63.45
2026/03/26 03:00:27.595,0,NVIDIA GeForce RTX 4090,0,0,2520,24564,35,68.67
2026/03/26 03:00:27.601,1,NVIDIA GeForce RTX 4080,0,0,2476,16376,39,53.65
2026/03/26 03:00:57.651,0,NVIDIA GeForce RTX 4090,0,0,2520,24564,36,72.45
2026/03/26 03:00:57.657,1,NVIDIA GeForce RTX 4080,0,0,2476,16376,40,59.67
2026/03/26 03:01:27.708,0,NVIDIA GeForce RTX 4090,0,0,2520,24564,36,77.47
2026/03/26 03:01:27.715,1,NVIDIA GeForce RTX 4080,81,54,2476,16376,58,263.35
2026/03/26 03:01:57.769,0,NVIDIA GeForce RTX 4090,59,41,2520,24564,42,317.09
2026/03/26 03:01:57.775,1,NVIDIA GeForce RTX 4080,84,56,2476,16376,57,277.87
2026/03/26 03:02:27.831,0,NVIDIA GeForce RTX 4090,0,0,2520,24564,36,68.52
2026/03/26 03:02:27.838,1,NVIDIA GeForce RTX 4080,82,55,2476,16376,55,269.65
2026/03/26 03:02:57.940,0,NVIDIA GeForce RTX 4090,0,0,2520,24564,36,72.76
2026/03/26 03:02:57.946,1,NVIDIA GeForce RTX 4080,84,56,2476,16376,57,274.94
2026/03/26 03:03:27.997,0,NVIDIA GeForce RTX 4090,0,0,2520,24564,36,108.50
2026/03/26 03:03:28.002,1,NVIDIA GeForce RTX 4080,0,0,2476,16376,41,161.14
2026/03/26 03:03:58.053,0,NVIDIA GeForce RTX 4090,0,0,2520,24564,37,79.12
2026/03/26 03:03:58.060,1,NVIDIA GeForce RTX 4080,0,0,2476,16376,40,65.21
2026/03/26 03:04:28.110,0,NVIDIA GeForce RTX 4090,64,44,2520,24564,44,323.86
2026/03/26 03:04:28.117,1,NVIDIA GeForce RTX 4080,0,0,2476,16376,42,167.89
2026/03/26 03:04:58.156,0,NVIDIA GeForce RTX 4090,70,49,2520,24564,43,193.47
2026/03/26 03:04:58.161,1,NVIDIA GeForce RTX 4080,52,35,2476,16376,48,170.13
2026/03/26 03:05:28.216,0,NVIDIA GeForce RTX 4090,0,0,2520,24564,36,68.01
2026/03/26 03:05:28.221,1,NVIDIA GeForce RTX 4080,0,0,2476,16376,40,59.51
2026/03/26 03:05:58.271,0,NVIDIA GeForce RTX 4090,0,0,2520,24564,37,68.15
2026/03/26 03:05:58.277,1,NVIDIA GeForce RTX 4080,0,0,2476,16376,43,93.62
2026/03/26 03:06:28.325,0,NVIDIA GeForce RTX 4090,48,32,2520,24564,41,168.73
2026/03/26 03:06:28.332,1,NVIDIA GeForce RTX 4080,0,0,2476,16376,41,96.37
2026/03/26 03:06:58.383,0,NVIDIA GeForce RTX 4090,0,0,2520,24564,36,78.61
2026/03/26 03:06:58.390,1,NVIDIA GeForce RTX 4080,82,55,2476,16376,55,274.36
2026/03/26 03:07:28.446,0,NVIDIA GeForce RTX 4090,0,0,2520,24564,37,72.68
2026/03/26 03:07:28.451,1,NVIDIA GeForce RTX 4080,83,55,2476,16376,57,274.27
2026/03/26 03:07:58.505,0,NVIDIA GeForce RTX 4090,0,0,2520,24564,35,70.11
2026/03/26 03:07:58.510,1,NVIDIA GeForce RTX 4080,0,0,2476,16376,40,54.56
2026/03/26 03:08:28.561,0,NVIDIA GeForce RTX 4090,65,45,2520,24564,46,359.06
2026/03/26 03:08:28.572,1,NVIDIA GeForce RTX 4080,0,0,2476,16376,39,61.03
2026/03/26 03:08:58.621,0,NVIDIA GeForce RTX 4090,64,45,2520,24564,45,317.65
2026/03/26 03:08:58.629,1,NVIDIA GeForce RTX 4080,0,0,2476,16376,41,62.81
2026/03/26 03:09:28.680,0,NVIDIA GeForce RTX 4090,0,0,2520,24564,36,77.34
2026/03/26 03:09:28.686,1,NVIDIA GeForce RTX 4080,84,56,2476,16376,58,277.82
2026/03/26 03:09:58.740,0,NVIDIA GeForce RTX 4090,0,0,2520,24564,35,68.32
2026/03/26 03:09:58.745,1,NVIDIA GeForce RTX 4080,0,0,2476,16376,39,55.18
2026/03/26 03:10:28.795,0,NVIDIA GeForce RTX 4090,0,0,2520,24564,36,68.26
2026/03/26 03:10:28.800,1,NVIDIA GeForce RTX 4080,0,0,2476,16376,39,53.84
2026/03/26 03:10:58.850,0,NVIDIA GeForce RTX 4090,0,0,2520,24564,36,78.28
2026/03/26 03:10:58.855,1,NVIDIA GeForce RTX 4080,81,54,2476,16376,55,280.96
2026/03/26 03:11:28.912,0,NVIDIA GeForce RTX 4090,0,0,2520,24564,36,119.68
2026/03/26 03:11:28.918,1,NVIDIA GeForce RTX 4080,0,0,2476,16376,40,95.77
2026/03/26 03:11:58.971,0,NVIDIA GeForce RTX 4090,0,0,2520,24564,37,118.92
2026/03/26 03:11:58.977,1,NVIDIA GeForce RTX 4080,69,47,2476,16376,49,132.40
2026/03/26 03:12:29.032,0,NVIDIA GeForce RTX 4090,75,52,2520,24564,46,357.00
2026/03/26 03:12:29.041,1,NVIDIA GeForce RTX 4080,0,0,2476,16376,41,100.00
2026/03/26 03:12:59.081,0,NVIDIA GeForce RTX 4090,0,0,2520,24564,35,76.75
2026/03/26 03:12:59.086,1,NVIDIA GeForce RTX 4080,78,52,2476,16376,53,267.47
2026/03/26 03:13:29.139,0,NVIDIA GeForce RTX 4090,0,0,2520,24564,36,126.51
2026/03/26 03:13:29.144,1,NVIDIA GeForce RTX 4080,0,0,2476,16376,41,111.16
2026/03/26 03:13:59.191,0,NVIDIA GeForce RTX 4090,0,0,2520,24564,37,166.12
2026/03/26 03:13:59.196,1,NVIDIA GeForce RTX 4080,83,56,2476,16376,59,275.07
2026/03/26 03:14:29.253,0,NVIDIA GeForce RTX 4090,0,0,2520,24564,36,68.03
2026/03/26 03:14:29.258,1,NVIDIA GeForce RTX 4080,0,0,2476,16376,44,199.79
2026/03/26 03:14:59.307,0,NVIDIA GeForce RTX 4090,0,0,2520,24564,38,76.06
2026/03/26 03:14:59.315,1,NVIDIA GeForce RTX 4080,0,0,2476,16376,41,100.67
2026/03/26 03:15:29.371,0,NVIDIA GeForce RTX 4090,0,0,2520,24564,37,118.48
2026/03/26 03:15:29.378,1,NVIDIA GeForce RTX 4080,85,57,2476,16376,57,282.45
2026/03/26 03:15:59.436,0,NVIDIA GeForce RTX 4090,0,0,2520,24564,38,125.26
2026/03/26 03:15:59.441,1,NVIDIA GeForce RTX 4080,0,0,2476,16376,41,91.50
2026/03/26 03:16:29.493,0,NVIDIA GeForce RTX 4090,0,0,2520,24564,37,109.01
2026/03/26 03:16:29.498,1,NVIDIA GeForce RTX 4080,79,52,2476,16376,58,275.89
2026/03/26 03:16:59.553,0,NVIDIA GeForce RTX 4090,0,0,2520,24564,38,191.63
2026/03/26 03:16:59.558,1,NVIDIA GeForce RTX 4080,0,0,2476,16376,43,204.81
2026/03/26 03:17:29.607,0,NVIDIA GeForce RTX 4090,0,0,2520,24564,35,72.40
2026/03/26 03:17:29.613,1,NVIDIA GeForce RTX 4080,0,0,2476,16376,39,59.17
2026/03/26 03:17:59.664,0,NVIDIA GeForce RTX 4090,75,53,2520,24564,45,355.54
2026/03/26 03:17:59.676,1,NVIDIA GeForce RTX 4080,0,0,2476,16376,40,61.96
2026/03/26 03:18:29.728,0,NVIDIA GeForce RTX 4090,71,49,2520,24564,43,336.85
2026/03/26 03:18:29.733,1,NVIDIA GeForce RTX 4080,0,0,2476,16376,39,57.40
2026/03/26 03:18:59.783,0,NVIDIA GeForce RTX 4090,65,45,2520,24564,46,326.02
2026/03/26 03:18:59.795,1,NVIDIA GeForce RTX 4080,0,0,2476,16376,40,60.96
2026/03/26 03:19:29.846,0,NVIDIA GeForce RTX 4090,63,44,2520,24564,42,264.92
2026/03/26 03:19:29.854,1,NVIDIA GeForce RTX 4080,0,0,2476,16376,41,66.94
2026/03/26 03:19:59.892,0,NVIDIA GeForce RTX 4090,60,42,2520,24564,45,318.02
2026/03/26 03:19:59.899,1,NVIDIA GeForce RTX 4080,53,36,2476,16376,46,198.27
2026/03/26 03:20:29.949,0,NVIDIA GeForce RTX 4090,56,39,2520,24564,42,251.63
2026/03/26 03:20:29.957,1,NVIDIA GeForce RTX 4080,0,0,2476,16376,40,54.57
2026/03/26 03:21:00.010,0,NVIDIA GeForce RTX 4090,0,0,2520,24564,35,103.18
2026/03/26 03:21:00.017,1,NVIDIA GeForce RTX 4080,78,52,2476,16376,58,263.71
2026/03/26 03:21:30.069,0,NVIDIA GeForce RTX 4090,0,0,2520,24564,36,69.78
2026/03/26 03:21:30.073,1,NVIDIA GeForce RTX 4080,0,0,2476,16376,40,54.08
2026/03/26 03:22:00.126,0,NVIDIA GeForce RTX 4090,54,38,2520,24564,43,322.58
2026/03/26 03:22:00.138,1,NVIDIA GeForce RTX 4080,0,0,2476,16376,40,67.34
2026/03/26 03:22:30.188,0,NVIDIA GeForce RTX 4090,0,0,2520,24564,37,108.81
2026/03/26 03:22:30.193,1,NVIDIA GeForce RTX 4080,0,0,2476,16376,41,64.81
2026/03/26 03:23:00.244,0,NVIDIA GeForce RTX 4090,0,0,2520,24564,35,69.24
2026/03/26 03:23:00.250,1,NVIDIA GeForce RTX 4080,81,54,2476,16376,57,274.77
2026/03/26 03:23:30.301,0,NVIDIA GeForce RTX 4090,0,0,2520,24564,36,108.61
2026/03/26 03:23:30.307,1,NVIDIA GeForce RTX 4080,0,0,2476,16376,40,62.30
2026/03/26 03:24:00.359,0,NVIDIA GeForce RTX 4090,0,0,2520,24564,37,133.13
2026/03/26 03:24:00.366,1,NVIDIA GeForce RTX 4080,0,0,2476,16376,39,57.20
2026/03/26 03:24:30.415,0,NVIDIA GeForce RTX 4090,0,0,2520,24564,36,76.42
2026/03/26 03:24:30.419,1,NVIDIA GeForce RTX 4080,86,58,2476,16376,46,277.17
2026/03/26 03:25:00.470,0,NVIDIA GeForce RTX 4090,0,0,2520,24564,37,163.69
2026/03/26 03:25:00.475,1,NVIDIA GeForce RTX 4080,1,1,2476,16376,48,62.47
2026/03/26 03:25:30.529,0,NVIDIA GeForce RTX 4090,72,50,2520,24564,45,333.67
2026/03/26 03:25:30.537,1,NVIDIA GeForce RTX 4080,76,51,2476,16376,46,256.57
2026/03/26 03:26:00.591,0,NVIDIA GeForce RTX 4090,0,0,2520,24564,35,78.67
2026/03/26 03:26:00.596,1,NVIDIA GeForce RTX 4080,0,0,2476,16376,42,100.93
2026/03/26 03:26:30.645,0,NVIDIA GeForce RTX 4090,0,0,2520,24564,35,68.70
2026/03/26 03:26:30.651,1,NVIDIA GeForce RTX 4080,0,0,2476,16376,43,146.16
2026/03/26 03:27:00.695,0,NVIDIA GeForce RTX 4090,76,53,2520,24564,43,174.86
2026/03/26 03:27:00.708,1,NVIDIA GeForce RTX 4080,84,56,2476,16376,56,282.14
2026/03/26 03:27:30.761,0,NVIDIA GeForce RTX 4090,48,32,2520,24564,41,131.43
2026/03/26 03:27:30.767,1,NVIDIA GeForce RTX 4080,0,0,2476,16376,39,63.80
2026/03/26 03:28:00.820,0,NVIDIA GeForce RTX 4090,0,0,2520,24564,36,69.76
2026/03/26 03:28:00.825,1,NVIDIA GeForce RTX 4080,0,0,2476,16376,40,64.45
2026/03/26 03:28:30.873,0,NVIDIA GeForce RTX 4090,0,0,2520,24564,36,69.14
2026/03/26 03:28:30.879,1,NVIDIA GeForce RTX 4080,20,13,2476,16376,47,72.25
2026/03/26 03:29:00.983,0,NVIDIA GeForce RTX 4090,0,0,2520,24564,36,70.33
2026/03/26 03:29:00.989,1,NVIDIA GeForce RTX 4080,0,0,2476,16376,39,53.78
2026/03/26 03:29:31.039,0,NVIDIA GeForce RTX 4090,0,0,2520,24564,36,76.52
2026/03/26 03:29:31.046,1,NVIDIA GeForce RTX 4080,0,0,2476,16376,41,95.51
2026/03/26 03:30:01.094,0,NVIDIA GeForce RTX 4090,0,0,2520,24564,36,69.31
2026/03/26 03:30:01.099,1,NVIDIA GeForce RTX 4080,0,0,2476,16376,38,53.93
2026/03/26 03:30:31.149,0,NVIDIA GeForce RTX 4090,74,51,2520,24564,43,336.02
2026/03/26 03:30:31.160,1,NVIDIA GeForce RTX 4080,0,0,2476,16376,39,81.61
2026/03/26 03:31:01.219,0,NVIDIA GeForce RTX 4090,81,56,2520,24564,44,341.85
2026/03/26 03:31:01.232,1,NVIDIA GeForce RTX 4080,0,0,2476,16376,41,107.02
2026/03/26 03:31:31.282,0,NVIDIA GeForce RTX 4090,0,0,2520,24564,38,182.45
2026/03/26 03:31:31.288,1,NVIDIA GeForce RTX 4080,0,0,2476,16376,40,67.32
2026/03/26 03:32:01.328,0,NVIDIA GeForce RTX 4090,69,49,2520,24564,43,314.16
2026/03/26 03:32:01.335,1,NVIDIA GeForce RTX 4080,59,40,2476,16376,48,202.51
2026/03/26 03:32:31.387,0,NVIDIA GeForce RTX 4090,65,45,2520,24564,45,324.21
2026/03/26 03:32:31.396,1,NVIDIA GeForce RTX 4080,0,0,2476,16376,40,58.33
2026/03/26 03:33:01.440,0,NVIDIA GeForce RTX 4090,79,55,2520,24564,46,366.08
2026/03/26 03:33:01.447,1,NVIDIA GeForce RTX 4080,0,0,2476,16376,40,62.85
2026/03/26 03:33:31.497,0,NVIDIA GeForce RTX 4090,0,0,2520,24564,36,70.23
2026/03/26 03:33:31.503,1,NVIDIA GeForce RTX 4080,0,0,2476,16376,41,66.13
2026/03/26 03:34:01.553,0,NVIDIA GeForce RTX 4090,49,34,2520,24564,40,230.02
2026/03/26 03:34:01.560,1,NVIDIA GeForce RTX 4080,82,53,2476,16376,50,75.54
2026/03/26 03:34:31.613,0,NVIDIA GeForce RTX 4090,0,0,2520,24564,37,105.72
2026/03/26 03:34:31.619,1,NVIDIA GeForce RTX 4080,0,0,2476,16376,42,105.72
2026/03/26 03:35:01.712,0,NVIDIA GeForce RTX 4090,0,0,2520,24564,35,68.46
2026/03/26 03:35:01.718,1,NVIDIA GeForce RTX 4080,0,0,2476,16376,43,163.90
2026/03/26 03:35:31.770,0,NVIDIA GeForce RTX 4090,0,0,2520,24564,36,79.07
2026/03/26 03:35:31.776,1,NVIDIA GeForce RTX 4080,0,0,2476,16376,41,88.11
2026/03/26 03:36:01.826,0,NVIDIA GeForce RTX 4090,0,0,2520,24564,36,124.58
2026/03/26 03:36:01.830,1,NVIDIA GeForce RTX 4080,82,55,2476,16376,55,281.94
2026/03/26 03:36:31.886,0,NVIDIA GeForce RTX 4090,0,0,2520,24564,37,158.67
2026/03/26 03:36:31.891,1,NVIDIA GeForce RTX 4080,86,58,2476,16376,57,274.86
2026/03/26 03:37:01.944,0,NVIDIA GeForce RTX 4090,0,0,2520,24564,37,103.38
2026/03/26 03:37:01.950,1,NVIDIA GeForce RTX 4080,0,0,2476,16376,41,141.36
2026/03/26 03:37:31.999,0,NVIDIA GeForce RTX 4090,0,0,2520,24564,36,79.06
2026/03/26 03:37:32.005,1,NVIDIA GeForce RTX 4080,0,0,2476,16376,39,53.87
2026/03/26 03:38:02.053,0,NVIDIA GeForce RTX 4090,10,7,2520,24564,38,285.99
2026/03/26 03:38:02.062,1,NVIDIA GeForce RTX 4080,0,0,2476,16376,40,56.80
2026/03/26 03:38:32.110,0,NVIDIA GeForce RTX 4090,66,47,2520,24564,48,331.87
2026/03/26 03:38:32.117,1,NVIDIA GeForce RTX 4080,0,0,2476,16376,40,61.73
2026/03/26 03:39:02.169,0,NVIDIA GeForce RTX 4090,0,0,2520,24564,36,78.46
2026/03/26 03:39:02.174,1,NVIDIA GeForce RTX 4080,85,56,2476,16376,52,88.76
2026/03/26 03:39:32.234,0,NVIDIA GeForce RTX 4090,74,52,2520,24564,44,344.53
2026/03/26 03:39:32.242,1,NVIDIA GeForce RTX 4080,0,0,2476,16376,44,57.25
2026/03/26 03:40:02.295,0,NVIDIA GeForce RTX 4090,78,54,2520,24564,44,346.73
2026/03/26 03:40:02.305,1,NVIDIA GeForce RTX 4080,0,0,2476,16376,47,57.10
2026/03/26 03:40:32.357,0,NVIDIA GeForce RTX 4090,0,0,2520,24564,36,72.51
2026/03/26 03:40:32.363,1,NVIDIA GeForce RTX 4080,87,59,2476,16376,55,250.82
2026/03/26 03:41:02.433,0,NVIDIA GeForce RTX 4090,0,0,2520,24564,35,69.43
2026/03/26 03:41:02.439,1,NVIDIA GeForce RTX 4080,0,0,2476,16376,43,56.71
2026/03/26 03:41:32.498,0,NVIDIA GeForce RTX 4090,0,0,2520,24564,36,74.67
2026/03/26 03:41:32.503,1,NVIDIA GeForce RTX 4080,0,0,2476,16376,40,59.37
2026/03/26 03:42:02.554,0,NVIDIA GeForce RTX 4090,0,0,2520,24564,35,72.11
2026/03/26 03:42:02.559,1,NVIDIA GeForce RTX 4080,0,0,2476,16376,39,53.78
2026/03/26 03:42:32.607,0,NVIDIA GeForce RTX 4090,0,0,2520,24564,35,69.39
2026/03/26 03:42:32.613,1,NVIDIA GeForce RTX 4080,0,0,2476,16376,39,53.73
2026/03/26 03:43:02.666,0,NVIDIA GeForce RTX 4090,0,0,2520,24564,36,77.43
2026/03/26 03:43:02.672,1,NVIDIA GeForce RTX 4080,0,0,2476,16376,40,65.22
2026/03/26 03:43:32.722,0,NVIDIA GeForce RTX 4090,0,0,2520,24564,36,77.26
2026/03/26 03:43:32.728,1,NVIDIA GeForce RTX 4080,87,58,2476,16376,55,282.79
2026/03/26 03:44:02.773,0,NVIDIA GeForce RTX 4090,72,49,2520,24564,38,247.70
2026/03/26 03:44:02.779,1,NVIDIA GeForce RTX 4080,81,54,2476,16376,56,268.42
2026/03/26 03:44:32.829,0,NVIDIA GeForce RTX 4090,80,56,2520,24564,44,231.04
2026/03/26 03:44:32.840,1,NVIDIA GeForce RTX 4080,65,42,2476,16376,50,83.62
2026/03/26 03:45:02.902,0,NVIDIA GeForce RTX 4090,71,50,2520,24564,44,349.41
2026/03/26 03:45:02.910,1,NVIDIA GeForce RTX 4080,0,0,2476,16376,40,65.84
2026/03/26 03:45:32.958,0,NVIDIA GeForce RTX 4090,0,0,2520,24564,35,68.62
2026/03/26 03:45:32.964,1,NVIDIA GeForce RTX 4080,0,0,2476,16376,40,80.23
2026/03/26 03:46:03.013,0,NVIDIA GeForce RTX 4090,66,47,2520,24564,46,333.96
2026/03/26 03:46:03.022,1,NVIDIA GeForce RTX 4080,0,0,2476,16376,41,100.47
2026/03/26 03:46:33.071,0,NVIDIA GeForce RTX 4090,66,46,2520,24564,46,330.65
2026/03/26 03:46:33.084,1,NVIDIA GeForce RTX 4080,0,0,2476,16376,42,129.33
2026/03/26 03:47:03.135,0,NVIDIA GeForce RTX 4090,0,0,2520,24564,36,68.78
2026/03/26 03:47:03.140,1,NVIDIA GeForce RTX 4080,0,0,2476,16376,40,55.24
2026/03/26 03:47:33.189,0,NVIDIA GeForce RTX 4090,0,0,2520,24564,35,69.04
2026/03/26 03:47:33.194,1,NVIDIA GeForce RTX 4080,78,51,2476,16376,52,127.13
2026/03/26 03:48:03.246,0,NVIDIA GeForce RTX 4090,72,50,2520,24564,43,120.57
2026/03/26 03:48:03.255,1,NVIDIA GeForce RTX 4080,0,0,2476,16376,41,65.67
2026/03/26 03:48:33.305,0,NVIDIA GeForce RTX 4090,0,0,2520,24564,36,78.51
2026/03/26 03:48:33.311,1,NVIDIA GeForce RTX 4080,79,52,2476,16376,58,266.18
2026/03/26 03:49:03.406,0,NVIDIA GeForce RTX 4090,0,0,2520,24564,37,191.40
2026/03/26 03:49:03.416,1,NVIDIA GeForce RTX 4080,85,57,2476,16376,56,272.65
2026/03/26 03:49:33.471,0,NVIDIA GeForce RTX 4090,72,50,2520,24564,46,336.05
2026/03/26 03:49:33.479,1,NVIDIA GeForce RTX 4080,0,0,2476,16376,40,61.95
2026/03/26 03:50:03.526,0,NVIDIA GeForce RTX 4090,72,50,2520,24564,43,334.03
2026/03/26 03:50:03.537,1,NVIDIA GeForce RTX 4080,0,0,2476,16376,42,92.25
2026/03/26 03:50:33.585,0,NVIDIA GeForce RTX 4090,0,0,2520,24564,37,123.25
2026/03/26 03:50:33.590,1,NVIDIA GeForce RTX 4080,84,57,2476,16376,55,159.24
2026/03/26 03:51:03.642,0,NVIDIA GeForce RTX 4090,0,0,2520,24564,37,69.28
2026/03/26 03:51:03.648,1,NVIDIA GeForce RTX 4080,0,0,2476,16376,40,53.96
2026/03/26 03:51:33.698,0,NVIDIA GeForce RTX 4090,78,54,2520,24564,43,329.38
2026/03/26 03:51:33.710,1,NVIDIA GeForce RTX 4080,83,55,2476,16376,46,261.19
2026/03/26 03:52:03.763,0,NVIDIA GeForce RTX 4090,48,33,2520,24564,40,168.51
2026/03/26 03:52:03.769,1,NVIDIA GeForce RTX 4080,0,0,2476,16376,40,64.14
2026/03/26 03:52:33.820,0,NVIDIA GeForce RTX 4090,0,0,2520,24564,35,74.73
2026/03/26 03:52:33.831,1,NVIDIA GeForce RTX 4080,0,0,2476,16376,40,59.92
2026/03/26 03:53:03.882,0,NVIDIA GeForce RTX 4090,0,0,2520,24564,37,181.99
2026/03/26 03:53:03.888,1,NVIDIA GeForce RTX 4080,84,56,2476,16376,57,278.36
2026/03/26 03:53:33.945,0,NVIDIA GeForce RTX 4090,0,0,2520,24564,36,78.03
2026/03/26 03:53:33.950,1,NVIDIA GeForce RTX 4080,0,0,2476,16376,39,53.66
2026/03/26 03:54:04.003,0,NVIDIA GeForce RTX 4090,0,0,2520,24564,36,78.21
2026/03/26 03:54:04.009,1,NVIDIA GeForce RTX 4080,0,0,2476,16376,39,54.23
2026/03/26 03:54:34.058,0,NVIDIA GeForce RTX 4090,71,50,2520,24564,44,338.52
2026/03/26 03:54:34.065,1,NVIDIA GeForce RTX 4080,0,0,2476,16376,41,103.01
2026/03/26 03:55:04.117,0,NVIDIA GeForce RTX 4090,63,44,2520,24564,44,344.34
2026/03/26 03:55:04.127,1,NVIDIA GeForce RTX 4080,0,0,2476,16376,42,92.02
2026/03/26 03:55:34.177,0,NVIDIA GeForce RTX 4090,69,48,2520,24564,45,327.99
2026/03/26 03:55:34.183,1,NVIDIA GeForce RTX 4080,0,0,2476,16376,41,95.81
2026/03/26 03:56:04.238,0,NVIDIA GeForce RTX 4090,75,52,2520,24564,45,332.24
2026/03/26 03:56:04.246,1,NVIDIA GeForce RTX 4080,73,48,2476,16376,55,270.06
2026/03/26 03:56:34.301,0,NVIDIA GeForce RTX 4090,0,0,2520,24564,36,68.69
2026/03/26 03:56:34.306,1,NVIDIA GeForce RTX 4080,83,56,2476,16376,56,159.58
2026/03/26 03:57:04.360,0,NVIDIA GeForce RTX 4090,0,0,2520,24564,35,76.69
2026/03/26 03:57:04.365,1,NVIDIA GeForce RTX 4080,84,57,2476,16376,55,278.49
2026/03/26 03:57:34.419,0,NVIDIA GeForce RTX 4090,0,0,2520,24564,37,105.05
2026/03/26 03:57:34.425,1,NVIDIA GeForce RTX 4080,81,54,2476,16376,56,271.22
2026/03/26 03:58:04.464,0,NVIDIA GeForce RTX 4090,0,0,2520,24564,38,276.94
2026/03/26 03:58:04.470,1,NVIDIA GeForce RTX 4080,87,58,2476,16376,56,267.24
2026/03/26 03:58:34.514,0,NVIDIA GeForce RTX 4090,44,30,2520,24564,36,216.42
2026/03/26 03:58:34.518,1,NVIDIA GeForce RTX 4080,0,0,2476,16376,41,104.87
2026/03/26 03:59:04.568,0,NVIDIA GeForce RTX 4090,72,50,2520,24564,41,173.96
2026/03/26 03:59:04.575,1,NVIDIA GeForce RTX 4080,83,56,2476,16376,55,277.86
2026/03/26 03:59:34.625,0,NVIDIA GeForce RTX 4090,67,47,2520,24564,43,290.99
2026/03/26 03:59:34.633,1,NVIDIA GeForce RTX 4080,0,0,2476,16376,39,54.96
2026/03/26 04:00:04.682,0,NVIDIA GeForce RTX 4090,0,0,2520,24564,37,210.05
2026/03/26 04:00:04.691,1,NVIDIA GeForce RTX 4080,0,0,2476,16376,41,103.04
2026/03/26 04:00:34.744,0,NVIDIA GeForce RTX 4090,56,39,2520,24564,44,102.65
2026/03/26 04:00:34.752,1,NVIDIA GeForce RTX 4080,0,0,2476,16376,41,102.21
2026/03/26 04:01:04.802,0,NVIDIA GeForce RTX 4090,43,30,2520,24564,39,344.97
2026/03/26 04:01:04.831,1,NVIDIA GeForce RTX 4080,0,0,2476,16376,39,60.89
2026/03/26 04:01:34.882,0,NVIDIA GeForce RTX 4090,63,44,2520,24564,45,328.00
2026/03/26 04:01:34.889,1,NVIDIA GeForce RTX 4080,0,0,2476,16376,40,67.70
2026/03/26 04:02:04.940,0,NVIDIA GeForce RTX 4090,0,0,2520,24564,35,96.99
2026/03/26 04:02:04.945,1,NVIDIA GeForce RTX 4080,80,54,2476,16376,56,273.14
2026/03/26 04:02:35.023,0,NVIDIA GeForce RTX 4090,0,0,2520,24564,36,108.37
2026/03/26 04:02:35.028,1,NVIDIA GeForce RTX 4080,85,57,2476,16376,55,281.65
2026/03/26 04:03:05.083,0,NVIDIA GeForce RTX 4090,0,0,2520,24564,37,122.94
2026/03/26 04:03:05.088,1,NVIDIA GeForce RTX 4080,0,0,2476,16376,39,60.27
2026/03/26 04:03:35.141,0,NVIDIA GeForce RTX 4090,0,0,2520,24564,35,68.92
2026/03/26 04:03:35.147,1,NVIDIA GeForce RTX 4080,0,0,2476,16376,44,225.63
2026/03/26 04:04:05.201,0,NVIDIA GeForce RTX 4090,0,0,2520,24564,35,68.85
2026/03/26 04:04:05.207,1,NVIDIA GeForce RTX 4080,0,0,2476,16376,40,107.58
2026/03/26 04:04:35.257,0,NVIDIA GeForce RTX 4090,0,0,2520,24564,36,79.13
2026/03/26 04:04:35.262,1,NVIDIA GeForce RTX 4080,0,0,2476,16376,39,53.77
2026/03/26 04:05:05.314,0,NVIDIA GeForce RTX 4090,72,50,2520,24564,41,126.51
2026/03/26 04:05:05.321,1,NVIDIA GeForce RTX 4080,0,0,2476,16376,41,117.54
2026/03/26 04:05:35.373,0,NVIDIA GeForce RTX 4090,0,0,2520,24564,35,67.08
2026/03/26 04:05:35.378,1,NVIDIA GeForce RTX 4080,0,0,2476,16376,38,60.12
2026/03/26 04:06:05.434,0,NVIDIA GeForce RTX 4090,0,0,2520,24564,35,72.22
2026/03/26 04:06:05.440,1,NVIDIA GeForce RTX 4080,0,0,2476,16376,38,59.53
2026/03/26 04:06:35.493,0,NVIDIA GeForce RTX 4090,0,0,2520,24564,34,67.66
2026/03/26 04:06:35.499,1,NVIDIA GeForce RTX 4080,0,0,2476,16376,41,94.81
2026/03/26 04:07:05.548,0,NVIDIA GeForce RTX 4090,0,0,2520,24564,36,121.41
2026/03/26 04:07:05.556,1,NVIDIA GeForce RTX 4080,81,55,2476,16376,58,280.16
2026/03/26 04:07:35.606,0,NVIDIA GeForce RTX 4090,72,50,2520,24564,37,299.34
2026/03/26 04:07:35.612,1,NVIDIA GeForce RTX 4080,0,0,2476,16376,39,54.43
2026/03/26 04:08:05.664,0,NVIDIA GeForce RTX 4090,0,0,2520,24564,36,122.14
2026/03/26 04:08:05.669,1,NVIDIA GeForce RTX 4080,0,0,2476,16376,39,60.56
2026/03/26 04:08:35.724,0,NVIDIA GeForce RTX 4090,75,53,2520,24564,43,246.92
2026/03/26 04:08:35.733,1,NVIDIA GeForce RTX 4080,81,54,2476,16376,52,274.16
2026/03/26 04:09:05.791,0,NVIDIA GeForce RTX 4090,0,0,2520,24564,35,68.91
2026/03/26 04:09:05.797,1,NVIDIA GeForce RTX 4080,0,0,2476,16376,39,59.26
2026/03/26 04:09:35.838,0,NVIDIA GeForce RTX 4090,68,48,2520,24564,43,315.85
2026/03/26 04:09:35.845,1,NVIDIA GeForce RTX 4080,0,0,2476,16376,38,57.05
2026/03/26 04:10:05.894,0,NVIDIA GeForce RTX 4090,0,0,2520,24564,35,69.71
2026/03/26 04:10:05.901,1,NVIDIA GeForce RTX 4080,0,0,2476,16376,38,58.63
2026/03/26 04:10:35.952,0,NVIDIA GeForce RTX 4090,0,0,2520,24564,36,74.40
2026/03/26 04:10:35.957,1,NVIDIA GeForce RTX 4080,0,0,2476,16376,39,59.33
2026/03/26 04:11:06.007,0,NVIDIA GeForce RTX 4090,0,0,2520,24564,35,68.81
2026/03/26 04:11:06.013,1,NVIDIA GeForce RTX 4080,0,0,2476,16376,38,53.74
2026/03/26 04:11:36.062,0,NVIDIA GeForce RTX 4090,0,0,2520,24564,34,69.27
2026/03/26 04:11:36.068,1,NVIDIA GeForce RTX 4080,0,0,2476,16376,38,53.69
2026/03/26 04:12:06.119,0,NVIDIA GeForce RTX 4090,0,0,2520,24564,36,138.15
2026/03/26 04:12:06.127,1,NVIDIA GeForce RTX 4080,0,0,2476,16376,37,55.28
2026/03/26 04:12:36.179,0,NVIDIA GeForce RTX 4090,0,0,2520,24564,36,78.76
2026/03/26 04:12:36.185,1,NVIDIA GeForce RTX 4080,0,0,2476,16376,40,91.29
2026/03/26 04:13:06.230,0,NVIDIA GeForce RTX 4090,0,0,2520,24564,35,68.49
2026/03/26 04:13:06.237,1,NVIDIA GeForce RTX 4080,77,52,2476,16376,50,100.71
2026/03/26 04:13:36.322,0,NVIDIA GeForce RTX 4090,0,0,2520,24564,34,68.67
2026/03/26 04:13:36.326,1,NVIDIA GeForce RTX 4080,0,0,2476,16376,38,53.21
2026/03/26 04:14:06.378,0,NVIDIA GeForce RTX 4090,0,0,2520,24564,35,73.54
2026/03/26 04:14:06.383,1,NVIDIA GeForce RTX 4080,84,56,2476,16376,51,153.84
2026/03/26 04:14:36.436,0,NVIDIA GeForce RTX 4090,0,0,2520,24564,34,72.36
2026/03/26 04:14:36.441,1,NVIDIA GeForce RTX 4080,0,0,2476,16376,39,99.78
2026/03/26 04:15:06.480,0,NVIDIA GeForce RTX 4090,76,53,2520,24564,43,323.48
2026/03/26 04:15:06.497,1,NVIDIA GeForce RTX 4080,85,56,2476,16376,53,275.11
2026/03/26 04:15:36.555,0,NVIDIA GeForce RTX 4090,0,0,2520,24564,35,73.12
2026/03/26 04:15:36.561,1,NVIDIA GeForce RTX 4080,79,54,2476,16376,55,268.68
2026/03/26 04:16:06.616,0,NVIDIA GeForce RTX 4090,73,51,2520,24564,43,345.01
2026/03/26 04:16:06.625,1,NVIDIA GeForce RTX 4080,0,0,2476,16376,39,67.47
2026/03/26 04:16:36.671,0,NVIDIA GeForce RTX 4090,48,32,2520,24564,39,143.59
2026/03/26 04:16:36.675,1,NVIDIA GeForce RTX 4080,82,55,2476,16376,51,266.86
2026/03/26 04:17:06.733,0,NVIDIA GeForce RTX 4090,73,51,2520,24564,44,333.43
2026/03/26 04:17:06.739,1,NVIDIA GeForce RTX 4080,0,0,2476,16376,40,96.91
2026/03/26 04:17:36.795,0,NVIDIA GeForce RTX 4090,61,42,2520,24564,42,298.71
2026/03/26 04:17:36.806,1,NVIDIA GeForce RTX 4080,0,0,2476,16376,39,67.55
2026/03/26 04:18:06.860,0,NVIDIA GeForce RTX 4090,0,0,2520,24564,35,73.18
2026/03/26 04:18:06.866,1,NVIDIA GeForce RTX 4080,0,0,2476,16376,39,54.10
2026/03/26 04:18:36.917,0,NVIDIA GeForce RTX 4090,0,0,2520,24564,35,113.02
2026/03/26 04:18:36.923,1,NVIDIA GeForce RTX 4080,0,0,2476,16376,38,56.42
2026/03/26 04:19:06.973,0,NVIDIA GeForce RTX 4090,0,0,2520,24564,34,67.77
2026/03/26 04:19:06.979,1,NVIDIA GeForce RTX 4080,0,0,2476,16376,39,63.88
2026/03/26 04:19:37.023,0,NVIDIA GeForce RTX 4090,78,54,2520,24564,43,335.44
2026/03/26 04:19:37.029,1,NVIDIA GeForce RTX 4080,79,52,2476,16376,52,267.26
2026/03/26 04:20:07.086,0,NVIDIA GeForce RTX 4090,0,0,2520,24564,35,68.05
2026/03/26 04:20:07.091,1,NVIDIA GeForce RTX 4080,0,0,2476,16376,39,53.98
2026/03/26 04:20:37.145,0,NVIDIA GeForce RTX 4090,0,0,2520,24564,35,68.01
2026/03/26 04:20:37.150,1,NVIDIA GeForce RTX 4080,21,14,2476,16376,38,62.22
2026/03/26 04:21:07.204,0,NVIDIA GeForce RTX 4090,64,45,2520,24564,41,333.37
2026/03/26 04:21:07.210,1,NVIDIA GeForce RTX 4080,0,0,2476,16376,39,56.67
2026/03/26 04:21:37.253,0,NVIDIA GeForce RTX 4090,0,0,2520,24564,35,73.45
2026/03/26 04:21:37.259,1,NVIDIA GeForce RTX 4080,80,54,2476,16376,54,276.01
2026/03/26 04:22:07.299,0,NVIDIA GeForce RTX 4090,0,0,2520,24564,36,195.96
2026/03/26 04:22:07.305,1,NVIDIA GeForce RTX 4080,84,56,2476,16376,52,274.40
2026/03/26 04:22:37.359,0,NVIDIA GeForce RTX 4090,0,0,2520,24564,35,68.38
2026/03/26 04:22:37.364,1,NVIDIA GeForce RTX 4080,0,0,2476,16376,39,53.78
2026/03/26 04:23:07.414,0,NVIDIA GeForce RTX 4090,0,0,2520,24564,35,67.77
2026/03/26 04:23:07.419,1,NVIDIA GeForce RTX 4080,0,0,2476,16376,38,54.20
2026/03/26 04:23:37.471,0,NVIDIA GeForce RTX 4090,4,3,2520,24564,35,79.95
2026/03/26 04:23:37.476,1,NVIDIA GeForce RTX 4080,75,50,2476,16376,54,265.76
2026/03/26 04:24:07.530,0,NVIDIA GeForce RTX 4090,0,0,2520,24564,36,112.30
2026/03/26 04:24:07.536,1,NVIDIA GeForce RTX 4080,0,0,2476,16376,39,64.92
2026/03/26 04:24:37.585,0,NVIDIA GeForce RTX 4090,73,50,2520,24564,45,356.51
2026/03/26 04:24:37.596,1,NVIDIA GeForce RTX 4080,75,50,2476,16376,53,122.56
2026/03/26 04:25:07.659,0,NVIDIA GeForce RTX 4090,74,51,2520,24564,43,342.40
2026/03/26 04:25:07.669,1,NVIDIA GeForce RTX 4080,82,54,2476,16376,55,271.64
2026/03/26 04:25:37.726,0,NVIDIA GeForce RTX 4090,73,51,2520,24564,44,342.69
2026/03/26 04:25:37.737,1,NVIDIA GeForce RTX 4080,0,0,2476,16376,39,67.56
2026/03/26 04:26:07.790,0,NVIDIA GeForce RTX 4090,0,0,2520,24564,35,68.71
2026/03/26 04:26:07.795,1,NVIDIA GeForce RTX 4080,0,0,2476,16376,40,59.52
2026/03/26 04:26:37.846,0,NVIDIA GeForce RTX 4090,53,37,2520,24564,37,303.28
2026/03/26 04:26:37.857,1,NVIDIA GeForce RTX 4080,39,26,2476,16376,42,229.98
2026/03/26 04:27:07.930,0,NVIDIA GeForce RTX 4090,50,34,2520,24564,40,110.85
2026/03/26 04:27:07.936,1,NVIDIA GeForce RTX 4080,0,0,2476,16376,38,54.09
2026/03/26 04:27:37.985,0,NVIDIA GeForce RTX 4090,0,0,2520,24564,35,71.54
2026/03/26 04:27:37.992,1,NVIDIA GeForce RTX 4080,0,0,2476,16376,38,53.34
2026/03/26 04:28:08.047,0,NVIDIA GeForce RTX 4090,0,0,2520,24564,35,72.62
2026/03/26 04:28:08.053,1,NVIDIA GeForce RTX 4080,85,57,2476,16376,55,278.53
2026/03/26 04:28:38.109,0,NVIDIA GeForce RTX 4090,0,0,2520,24564,39,67.32
2026/03/26 04:28:38.119,1,NVIDIA GeForce RTX 4080,0,0,2476,16376,39,61.92
2026/03/26 04:29:08.172,0,NVIDIA GeForce RTX 4090,0,0,2520,24564,36,109.88
2026/03/26 04:29:08.177,1,NVIDIA GeForce RTX 4080,0,0,2476,16376,39,100.28
2026/03/26 04:29:38.231,0,NVIDIA GeForce RTX 4090,0,0,2520,24564,37,79.06
2026/03/26 04:29:38.236,1,NVIDIA GeForce RTX 4080,0,0,2476,16376,38,64.90
2026/03/26 04:30:08.280,0,NVIDIA GeForce RTX 4090,65,45,2520,24564,46,353.86
2026/03/26 04:30:08.288,1,NVIDIA GeForce RTX 4080,73,48,2476,16376,54,125.66
2026/03/26 04:30:38.339,0,NVIDIA GeForce RTX 4090,0,0,2520,24564,36,76.73
2026/03/26 04:30:38.345,1,NVIDIA GeForce RTX 4080,0,0,2476,16376,40,92.51
2026/03/26 04:31:08.392,0,NVIDIA GeForce RTX 4090,74,51,2520,24564,45,344.52
2026/03/26 04:31:08.401,1,NVIDIA GeForce RTX 4080,0,0,2476,16376,38,56.80
2026/03/26 04:31:38.451,0,NVIDIA GeForce RTX 4090,67,47,2520,24564,45,341.76
2026/03/26 04:31:38.459,1,NVIDIA GeForce RTX 4080,84,56,2476,16376,54,274.32
2026/03/26 04:32:08.513,0,NVIDIA GeForce RTX 4090,0,0,2520,24564,36,72.85
2026/03/26 04:32:08.518,1,NVIDIA GeForce RTX 4080,81,54,2476,16376,55,273.20
2026/03/26 04:32:38.589,0,NVIDIA GeForce RTX 4090,0,0,2520,24564,37,78.50
2026/03/26 04:32:38.595,1,NVIDIA GeForce RTX 4080,0,0,2476,16376,41,165.33
2026/03/26 04:33:08.647,0,NVIDIA GeForce RTX 4090,0,0,2520,24564,37,68.83
2026/03/26 04:33:08.653,1,NVIDIA GeForce RTX 4080,81,54,2476,16376,55,208.33
2026/03/26 04:33:38.708,0,NVIDIA GeForce RTX 4090,0,0,2520,24564,37,118.64
2026/03/26 04:33:38.714,1,NVIDIA GeForce RTX 4080,85,57,2476,16376,53,186.76
2026/03/26 04:34:08.771,0,NVIDIA GeForce RTX 4090,0,0,2520,24564,35,67.21
2026/03/26 04:34:08.775,1,NVIDIA GeForce RTX 4080,0,0,2476,16376,38,58.44
2026/03/26 04:34:38.826,0,NVIDIA GeForce RTX 4090,0,0,2520,24564,36,71.68
2026/03/26 04:34:38.831,1,NVIDIA GeForce RTX 4080,0,0,2476,16376,38,53.65
2026/03/26 04:35:08.887,0,NVIDIA GeForce RTX 4090,65,46,2520,24564,43,218.79
2026/03/26 04:35:08.899,1,NVIDIA GeForce RTX 4080,0,0,2476,16376,39,60.92
2026/03/26 04:35:38.948,0,NVIDIA GeForce RTX 4090,67,47,2520,24564,42,181.94
2026/03/26 04:35:38.955,1,NVIDIA GeForce RTX 4080,42,27,2476,16376,47,74.65
2026/03/26 04:36:09.010,0,NVIDIA GeForce RTX 4090,0,0,2520,24564,36,124.36
2026/03/26 04:36:09.016,1,NVIDIA GeForce RTX 4080,0,0,2476,16376,40,89.65
2026/03/26 04:36:39.067,0,NVIDIA GeForce RTX 4090,67,46,2520,24564,41,315.77
2026/03/26 04:36:39.075,1,NVIDIA GeForce RTX 4080,81,54,2476,16376,55,273.93
2026/03/26 04:37:09.133,0,NVIDIA GeForce RTX 4090,16,11,2520,24564,37,75.17
2026/03/26 04:37:09.142,1,NVIDIA GeForce RTX 4080,77,51,2476,16376,52,100.21
2026/03/26 04:37:39.196,0,NVIDIA GeForce RTX 4090,0,0,2520,24564,35,78.01
2026/03/26 04:37:39.201,1,NVIDIA GeForce RTX 4080,0,0,2476,16376,39,64.62
2026/03/26 04:38:09.257,0,NVIDIA GeForce RTX 4090,0,0,2520,24564,34,67.66
2026/03/26 04:38:09.262,1,NVIDIA GeForce RTX 4080,0,0,2476,16376,38,54.01
2026/03/26 04:38:39.311,0,NVIDIA GeForce RTX 4090,0,0,2520,24564,36,114.14
2026/03/26 04:38:39.316,1,NVIDIA GeForce RTX 4080,0,0,2476,16376,38,59.84
2026/03/26 04:39:09.367,0,NVIDIA GeForce RTX 4090,0,0,2520,24564,35,71.81
2026/03/26 04:39:09.373,1,NVIDIA GeForce RTX 4080,85,57,2476,16376,57,280.87
2026/03/26 04:39:39.426,0,NVIDIA GeForce RTX 4090,66,46,2520,24564,43,163.30
2026/03/26 04:39:39.439,1,NVIDIA GeForce RTX 4080,0,0,2476,16376,38,56.60
2026/03/26 04:40:09.488,0,NVIDIA GeForce RTX 4090,59,42,2520,24564,44,304.96
2026/03/26 04:40:09.497,1,NVIDIA GeForce RTX 4080,0,0,2476,16376,38,55.93
2026/03/26 04:40:39.548,0,NVIDIA GeForce RTX 4090,38,26,2520,24564,41,136.63
2026/03/26 04:40:39.555,1,NVIDIA GeForce RTX 4080,0,0,2476,16376,39,54.35
2026/03/26 04:41:09.606,0,NVIDIA GeForce RTX 4090,0,0,2520,24564,35,67.37
2026/03/26 04:41:09.611,1,NVIDIA GeForce RTX 4080,0,0,2476,16376,38,59.51
2026/03/26 04:41:39.662,0,NVIDIA GeForce RTX 4090,0,0,2520,24564,36,115.13
2026/03/26 04:41:39.667,1,NVIDIA GeForce RTX 4080,86,57,2476,16376,54,283.11
2026/03/26 04:42:09.718,0,NVIDIA GeForce RTX 4090,74,51,2520,24564,42,347.81
2026/03/26 04:42:09.729,1,NVIDIA GeForce RTX 4080,80,53,2476,16376,53,197.39
2026/03/26 04:42:39.780,0,NVIDIA GeForce RTX 4090,72,51,2520,24564,44,320.96
2026/03/26 04:42:39.787,1,NVIDIA GeForce RTX 4080,0,0,2476,16376,39,57.60
2026/03/26 04:43:09.839,0,NVIDIA GeForce RTX 4090,74,51,2520,24564,45,327.35
2026/03/26 04:43:09.851,1,NVIDIA GeForce RTX 4080,0,0,2476,16376,40,66.32
2026/03/26 04:43:39.902,0,NVIDIA GeForce RTX 4090,65,45,2520,24564,43,317.01
2026/03/26 04:43:39.909,1,NVIDIA GeForce RTX 4080,5,3,2476,16376,39,57.95
2026/03/26 04:44:09.962,0,NVIDIA GeForce RTX 4090,51,35,2520,24564,39,171.80
2026/03/26 04:44:09.969,1,NVIDIA GeForce RTX 4080,0,0,2476,16376,38,62.70
2026/03/26 04:44:40.017,0,NVIDIA GeForce RTX 4090,59,41,2520,24564,44,324.22
2026/03/26 04:44:40.024,1,NVIDIA GeForce RTX 4080,82,55,2476,16376,52,272.23
2026/03/26 04:45:10.076,0,NVIDIA GeForce RTX 4090,0,0,2520,24564,35,67.75
2026/03/26 04:45:10.082,1,NVIDIA GeForce RTX 4080,0,0,2476,16376,39,64.24
2026/03/26 04:45:40.125,0,NVIDIA GeForce RTX 4090,69,48,2520,24564,42,166.21
2026/03/26 04:45:40.132,1,NVIDIA GeForce RTX 4080,53,36,2476,16376,45,201.14
2026/03/26 04:46:10.187,0,NVIDIA GeForce RTX 4090,0,0,2520,24564,35,69.90
2026/03/26 04:46:10.194,1,NVIDIA GeForce RTX 4080,83,56,2476,16376,55,271.66
2026/03/26 04:46:40.245,0,NVIDIA GeForce RTX 4090,0,0,2520,24564,36,74.30
2026/03/26 04:46:40.250,1,NVIDIA GeForce RTX 4080,0,0,2476,16376,38,53.96
2026/03/26 04:47:10.302,0,NVIDIA GeForce RTX 4090,0,0,2520,24564,37,104.45
2026/03/26 04:47:10.308,1,NVIDIA GeForce RTX 4080,0,0,2476,16376,39,54.22
2026/03/26 04:47:40.357,0,NVIDIA GeForce RTX 4090,69,48,2520,24564,42,307.99
2026/03/26 04:47:40.366,1,NVIDIA GeForce RTX 4080,0,0,2476,16376,39,62.21
2026/03/26 04:48:10.418,0,NVIDIA GeForce RTX 4090,67,46,2520,24564,43,327.03
2026/03/26 04:48:10.426,1,NVIDIA GeForce RTX 4080,82,54,2476,16376,58,272.15
2026/03/26 04:48:40.512,0,NVIDIA GeForce RTX 4090,0,0,2520,24564,35,69.03
2026/03/26 04:48:40.518,1,NVIDIA GeForce RTX 4080,0,0,2476,16376,39,53.99
2026/03/26 04:49:10.568,0,NVIDIA GeForce RTX 4090,0,0,2520,24564,35,78.13
2026/03/26 04:49:10.575,1,NVIDIA GeForce RTX 4080,0,0,2476,16376,39,54.46
2026/03/26 04:49:40.627,0,NVIDIA GeForce RTX 4090,66,46,2520,24564,44,343.83
2026/03/26 04:49:40.634,1,NVIDIA GeForce RTX 4080,86,57,2476,16376,55,275.87
2026/03/26 04:50:10.693,0,NVIDIA GeForce RTX 4090,71,50,2520,24564,45,328.05
2026/03/26 04:50:10.700,1,NVIDIA GeForce RTX 4080,0,0,2476,16376,41,199.63
2026/03/26 04:50:40.751,0,NVIDIA GeForce RTX 4090,67,47,2520,24564,45,334.63
2026/03/26 04:50:40.759,1,NVIDIA GeForce RTX 4080,78,52,2476,16376,54,269.86
2026/03/26 04:51:10.813,0,NVIDIA GeForce RTX 4090,0,0,2520,24564,36,118.39
2026/03/26 04:51:10.820,1,NVIDIA GeForce RTX 4080,0,0,2476,16376,40,85.71
2026/03/26 04:51:40.871,0,NVIDIA GeForce RTX 4090,0,0,2520,24564,36,110.08
2026/03/26 04:51:40.877,1,NVIDIA GeForce RTX 4080,0,0,2476,16376,38,55.37
2026/03/26 04:52:10.930,0,NVIDIA GeForce RTX 4090,59,41,2520,24564,42,325.98
2026/03/26 04:52:10.941,1,NVIDIA GeForce RTX 4080,0,0,2476,16376,40,99.02
2026/03/26 04:52:40.991,0,NVIDIA GeForce RTX 4090,0,0,2520,24564,36,101.72
2026/03/26 04:52:40.996,1,NVIDIA GeForce RTX 4080,82,55,2476,16376,55,277.11
2026/03/26 04:53:11.048,0,NVIDIA GeForce RTX 4090,0,0,2520,24564,35,70.95
2026/03/26 04:53:11.053,1,NVIDIA GeForce RTX 4080,0,0,2476,16376,40,53.89
2026/03/26 04:53:41.106,0,NVIDIA GeForce RTX 4090,73,51,2520,24564,42,267.66
2026/03/26 04:53:41.115,1,NVIDIA GeForce RTX 4080,0,0,2476,16376,42,94.42
2026/03/26 04:54:11.151,0,NVIDIA GeForce RTX 4090,50,33,2520,24564,42,238.16
2026/03/26 04:54:11.162,1,NVIDIA GeForce RTX 4080,82,55,2476,16376,54,271.39
2026/03/26 04:54:41.214,0,NVIDIA GeForce RTX 4090,69,48,2520,24564,44,321.78
2026/03/26 04:54:41.221,1,NVIDIA GeForce RTX 4080,83,56,2476,16376,55,268.43
2026/03/26 04:55:11.273,0,NVIDIA GeForce RTX 4090,70,48,2520,24564,44,352.45
2026/03/26 04:55:11.285,1,NVIDIA GeForce RTX 4080,0,0,2476,16376,43,69.25
2026/03/26 04:55:41.344,0,NVIDIA GeForce RTX 4090,0,0,2520,24564,37,182.62
2026/03/26 04:55:41.351,1,NVIDIA GeForce RTX 4080,0,0,2476,16376,41,64.85
2026/03/26 04:56:11.401,0,NVIDIA GeForce RTX 4090,59,41,2520,24564,43,324.55
2026/03/26 04:56:11.409,1,NVIDIA GeForce RTX 4080,0,0,2476,16376,40,82.34
2026/03/26 04:56:41.458,0,NVIDIA GeForce RTX 4090,74,52,2520,24564,47,338.73
2026/03/26 04:56:41.467,1,NVIDIA GeForce RTX 4080,10,7,2476,16376,41,72.43
2026/03/26 04:57:11.524,0,NVIDIA GeForce RTX 4090,50,34,2520,24564,42,200.99
2026/03/26 04:57:11.532,1,NVIDIA GeForce RTX 4080,0,0,2476,16376,41,64.86
2026/03/26 04:57:41.581,0,NVIDIA GeForce RTX 4090,0,0,2520,24564,36,67.65
2026/03/26 04:57:41.586,1,NVIDIA GeForce RTX 4080,0,0,2476,16376,40,54.06
2026/03/26 04:58:11.624,0,NVIDIA GeForce RTX 4090,55,38,2520,24564,44,293.88
2026/03/26 04:58:11.631,1,NVIDIA GeForce RTX 4080,85,56,2476,16376,55,276.48
2026/03/26 04:58:41.682,0,NVIDIA GeForce RTX 4090,36,24,2520,24564,37,231.19
2026/03/26 04:58:41.688,1,NVIDIA GeForce RTX 4080,0,0,2476,16376,42,197.72
2026/03/26 04:59:11.738,0,NVIDIA GeForce RTX 4090,0,0,2520,24564,36,75.95
2026/03/26 04:59:11.744,1,NVIDIA GeForce RTX 4080,77,52,2476,16376,54,270.35
2026/03/26 04:59:41.798,0,NVIDIA GeForce RTX 4090,0,0,2520,24564,37,79.86
2026/03/26 04:59:41.805,1,NVIDIA GeForce RTX 4080,0,0,2476,16376,42,94.34
2026/03/26 05:00:11.849,0,NVIDIA GeForce RTX 4090,82,57,2520,24564,48,349.46
2026/03/26 05:00:11.856,1,NVIDIA GeForce RTX 4080,80,53,2476,16376,55,213.98
2026/03/26 05:00:41.913,0,NVIDIA GeForce RTX 4090,75,52,2520,24564,43,169.13
2026/03/26 05:00:41.924,1,NVIDIA GeForce RTX 4080,0,0,2476,16376,40,59.18
2026/03/26 05:01:11.963,0,NVIDIA GeForce RTX 4090,0,0,2520,24564,37,119.97
2026/03/26 05:01:11.968,1,NVIDIA GeForce RTX 4080,82,55,2476,16376,57,277.74
2026/03/26 05:01:42.023,0,NVIDIA GeForce RTX 4090,0,0,2520,24564,36,68.69
2026/03/26 05:01:42.029,1,NVIDIA GeForce RTX 4080,0,0,2476,16376,38,53.27
2026/03/26 05:02:12.082,0,NVIDIA GeForce RTX 4090,65,45,2520,24564,44,122.46
2026/03/26 05:02:12.091,1,NVIDIA GeForce RTX 4080,0,0,2476,16376,43,232.80
2026/03/26 05:02:42.145,0,NVIDIA GeForce RTX 4090,0,0,2520,24564,38,111.53
2026/03/26 05:02:42.152,1,NVIDIA GeForce RTX 4080,0,0,2476,16376,42,133.15
2026/03/26 05:03:12.203,0,NVIDIA GeForce RTX 4090,0,0,2520,24564,37,105.97
2026/03/26 05:03:12.207,1,NVIDIA GeForce RTX 4080,0,0,2476,16376,41,89.54
2026/03/26 05:03:42.260,0,NVIDIA GeForce RTX 4090,0,0,2520,24564,37,77.39
2026/03/26 05:03:42.265,1,NVIDIA GeForce RTX 4080,71,48,2476,16376,57,268.72
2026/03/26 05:04:12.320,0,NVIDIA GeForce RTX 4090,0,0,2520,24564,38,216.00
2026/03/26 05:04:12.326,1,NVIDIA GeForce RTX 4080,82,54,2476,16376,57,274.86
2026/03/26 05:04:42.380,0,NVIDIA GeForce RTX 4090,0,0,2520,24564,37,80.20
2026/03/26 05:04:42.388,1,NVIDIA GeForce RTX 4080,62,44,2476,16376,49,109.90
2026/03/26 05:05:12.444,0,NVIDIA GeForce RTX 4090,0,0,2520,24564,36,68.54
2026/03/26 05:05:12.451,1,NVIDIA GeForce RTX 4080,0,0,2476,16376,40,53.58
2026/03/26 05:05:42.519,0,NVIDIA GeForce RTX 4090,0,0,2520,24564,37,118.46
2026/03/26 05:05:42.523,1,NVIDIA GeForce RTX 4080,82,55,2476,16376,57,278.28
2026/03/26 05:06:12.578,0,NVIDIA GeForce RTX 4090,0,0,2520,24564,37,78.21
2026/03/26 05:06:12.584,1,NVIDIA GeForce RTX 4080,86,58,2476,16376,57,281.54
2026/03/26 05:06:42.639,0,NVIDIA GeForce RTX 4090,7,5,2520,24564,36,73.35
2026/03/26 05:06:42.645,1,NVIDIA GeForce RTX 4080,79,52,2476,16376,55,277.57
2026/03/26 05:07:12.698,0,NVIDIA GeForce RTX 4090,0,0,2520,24564,37,69.12
2026/03/26 05:07:12.704,1,NVIDIA GeForce RTX 4080,7,4,2476,16376,39,56.88
2026/03/26 05:07:42.755,0,NVIDIA GeForce RTX 4090,0,0,2520,24564,38,221.28
2026/03/26 05:07:42.761,1,NVIDIA GeForce RTX 4080,83,56,2476,16376,57,273.15
2026/03/26 05:08:12.808,0,NVIDIA GeForce RTX 4090,65,45,2520,24564,43,239.71
2026/03/26 05:08:12.818,1,NVIDIA GeForce RTX 4080,0,0,2476,16376,39,60.22
2026/03/26 05:08:42.869,0,NVIDIA GeForce RTX 4090,0,0,2520,24564,37,122.98
2026/03/26 05:08:42.873,1,NVIDIA GeForce RTX 4080,21,14,2476,16376,40,64.74
2026/03/26 05:09:12.925,0,NVIDIA GeForce RTX 4090,69,48,2520,24564,44,330.18
2026/03/26 05:09:12.931,1,NVIDIA GeForce RTX 4080,83,55,2476,16376,55,171.25
2026/03/26 05:09:42.983,0,NVIDIA GeForce RTX 4090,0,0,2520,24564,37,109.29
2026/03/26 05:09:42.988,1,NVIDIA GeForce RTX 4080,85,56,2476,16376,53,278.87
2026/03/26 05:10:13.043,0,NVIDIA GeForce RTX 4090,0,0,2520,24564,38,162.61
2026/03/26 05:10:13.048,1,NVIDIA GeForce RTX 4080,84,56,2476,16376,57,281.62
2026/03/26 05:10:43.102,0,NVIDIA GeForce RTX 4090,48,33,2520,24564,39,280.48
2026/03/26 05:10:43.155,1,NVIDIA GeForce RTX 4080,0,0,2476,16376,40,68.77
2026/03/26 05:11:13.203,0,NVIDIA GeForce RTX 4090,78,54,2520,24564,45,351.89
2026/03/26 05:11:13.208,1,NVIDIA GeForce RTX 4080,0,0,2476,16376,40,67.40
2026/03/26 05:11:43.259,0,NVIDIA GeForce RTX 4090,0,0,2520,24564,37,79.33
2026/03/26 05:11:43.264,1,NVIDIA GeForce RTX 4080,0,0,2476,16376,39,62.08
2026/03/26 05:12:13.318,0,NVIDIA GeForce RTX 4090,75,53,2520,24564,45,327.90
2026/03/26 05:12:13.329,1,NVIDIA GeForce RTX 4080,0,0,2476,16376,40,88.66
2026/03/26 05:12:43.380,0,NVIDIA GeForce RTX 4090,0,0,2520,24564,37,115.96
2026/03/26 05:12:43.385,1,NVIDIA GeForce RTX 4080,85,57,2476,16376,57,280.33
2026/03/26 05:13:13.438,0,NVIDIA GeForce RTX 4090,0,0,2520,24564,36,69.05
2026/03/26 05:13:13.444,1,NVIDIA GeForce RTX 4080,85,56,2476,16376,53,253.46
2026/03/26 05:13:43.487,0,NVIDIA GeForce RTX 4090,0,0,2520,24564,39,77.90
2026/03/26 05:13:43.497,1,NVIDIA GeForce RTX 4080,0,0,2476,16376,40,105.79
2026/03/26 05:14:13.547,0,NVIDIA GeForce RTX 4090,73,51,2520,24564,42,224.73
2026/03/26 05:14:13.599,1,NVIDIA GeForce RTX 4080,0,0,2476,16376,42,204.45
2026/03/26 05:14:43.649,0,NVIDIA GeForce RTX 4090,73,50,2520,24564,42,99.66
2026/03/26 05:14:43.656,1,NVIDIA GeForce RTX 4080,0,0,2476,16376,40,64.80
2026/03/26 05:15:13.709,0,NVIDIA GeForce RTX 4090,0,0,2520,24564,37,118.81
2026/03/26 05:15:13.714,1,NVIDIA GeForce RTX 4080,0,0,2476,16376,40,64.65
2026/03/26 05:15:43.764,0,NVIDIA GeForce RTX 4090,0,0,2520,24564,36,69.28
2026/03/26 05:15:43.770,1,NVIDIA GeForce RTX 4080,0,0,2476,16376,39,53.67
2026/03/26 05:16:13.820,0,NVIDIA GeForce RTX 4090,0,0,2520,24564,36,115.37
2026/03/26 05:16:13.826,1,NVIDIA GeForce RTX 4080,84,56,2476,16376,57,280.49
2026/03/26 05:16:43.886,0,NVIDIA GeForce RTX 4090,0,0,2520,24564,37,125.81
2026/03/26 05:16:43.890,1,NVIDIA GeForce RTX 4080,0,0,2476,16376,39,60.54
2026/03/26 05:17:13.933,0,NVIDIA GeForce RTX 4090,0,0,2520,24564,36,77.79
2026/03/26 05:17:13.938,1,NVIDIA GeForce RTX 4080,48,32,2476,16376,43,222.76
2026/03/26 05:17:44.012,0,NVIDIA GeForce RTX 4090,69,48,2520,24564,43,273.92
2026/03/26 05:17:44.021,1,NVIDIA GeForce RTX 4080,85,57,2476,16376,56,278.78
2026/03/26 05:18:14.076,0,NVIDIA GeForce RTX 4090,82,57,2520,24564,46,354.81
2026/03/26 05:18:14.084,1,NVIDIA GeForce RTX 4080,0,0,2476,16376,41,147.18
2026/03/26 05:18:44.136,0,NVIDIA GeForce RTX 4090,69,48,2520,24564,43,336.52
2026/03/26 05:18:44.149,1,NVIDIA GeForce RTX 4080,82,55,2476,16376,51,201.18
2026/03/26 05:19:14.188,0,NVIDIA GeForce RTX 4090,58,41,2520,24564,40,171.31
2026/03/26 05:19:14.199,1,NVIDIA GeForce RTX 4080,0,0,2476,16376,41,55.48
2026/03/26 05:19:44.251,0,NVIDIA GeForce RTX 4090,73,51,2520,24564,45,329.19
2026/03/26 05:19:44.258,1,NVIDIA GeForce RTX 4080,74,49,2476,16376,44,251.46
2026/03/26 05:20:14.308,0,NVIDIA GeForce RTX 4090,0,0,2520,24564,36,80.16
2026/03/26 05:20:14.318,1,NVIDIA GeForce RTX 4080,80,53,2476,16376,54,273.41
2026/03/26 05:20:44.372,0,NVIDIA GeForce RTX 4090,0,0,2520,24564,36,69.25
2026/03/26 05:20:44.378,1,NVIDIA GeForce RTX 4080,0,0,2476,16376,39,53.63
2026/03/26 05:21:14.429,0,NVIDIA GeForce RTX 4090,0,0,2520,24564,36,69.71
2026/03/26 05:21:14.435,1,NVIDIA GeForce RTX 4080,0,0,2476,16376,39,53.52
2026/03/26 05:21:44.487,0,NVIDIA GeForce RTX 4090,74,51,2520,24564,44,327.94
2026/03/26 05:21:44.495,1,NVIDIA GeForce RTX 4080,79,52,2476,16376,52,270.77
2026/03/26 05:22:14.545,0,NVIDIA GeForce RTX 4090,0,0,2520,24564,37,103.48
2026/03/26 05:22:14.551,1,NVIDIA GeForce RTX 4080,0,0,2476,16376,45,63.12
2026/03/26 05:22:44.599,0,NVIDIA GeForce RTX 4090,72,50,2520,24564,38,306.70
2026/03/26 05:22:44.603,1,NVIDIA GeForce RTX 4080,82,55,2476,16376,57,273.47
2026/03/26 05:23:14.652,0,NVIDIA GeForce RTX 4090,0,0,2520,24564,36,107.14
2026/03/26 05:23:14.656,1,NVIDIA GeForce RTX 4080,71,48,2476,16376,52,275.01
2026/03/26 05:23:44.716,0,NVIDIA GeForce RTX 4090,0,0,2520,24564,37,123.52
2026/03/26 05:23:44.721,1,NVIDIA GeForce RTX 4080,0,0,2476,16376,38,56.33
2026/03/26 05:24:14.772,0,NVIDIA GeForce RTX 4090,29,20,2520,24564,36,223.23
2026/03/26 05:24:14.778,1,NVIDIA GeForce RTX 4080,0,0,2476,16376,41,92.66
2026/03/26 05:24:44.816,0,NVIDIA GeForce RTX 4090,77,53,2520,24564,44,330.49
2026/03/26 05:24:44.824,1,NVIDIA GeForce RTX 4080,0,0,2476,16376,39,55.83
2026/03/26 05:25:14.873,0,NVIDIA GeForce RTX 4090,0,0,2520,24564,38,260.22
2026/03/26 05:25:14.880,1,NVIDIA GeForce RTX 4080,0,0,2476,16376,39,64.66
2026/03/26 05:25:44.928,0,NVIDIA GeForce RTX 4090,65,46,2520,24564,44,298.44
2026/03/26 05:25:44.937,1,NVIDIA GeForce RTX 4080,0,0,2476,16376,41,116.11
2026/03/26 05:26:14.989,0,NVIDIA GeForce RTX 4090,59,42,2520,24564,44,327.80
2026/03/26 05:26:14.996,1,NVIDIA GeForce RTX 4080,0,0,2476,16376,38,57.24
2026/03/26 05:26:45.035,0,NVIDIA GeForce RTX 4090,0,0,2520,24564,36,73.96
2026/03/26 05:26:45.040,1,NVIDIA GeForce RTX 4080,40,27,2476,16376,43,201.57
2026/03/26 05:27:15.092,0,NVIDIA GeForce RTX 4090,0,0,2520,24564,37,80.20
2026/03/26 05:27:15.098,1,NVIDIA GeForce RTX 4080,0,0,2476,16376,39,59.61
2026/03/26 05:27:45.148,0,NVIDIA GeForce RTX 4090,0,0,2520,24564,35,69.36
2026/03/26 05:27:45.154,1,NVIDIA GeForce RTX 4080,0,0,2476,16376,42,163.52
2026/03/26 05:28:15.208,0,NVIDIA GeForce RTX 4090,0,0,2520,24564,36,78.68
2026/03/26 05:28:15.215,1,NVIDIA GeForce RTX 4080,0,0,2476,16376,39,53.44
2026/03/26 05:28:45.267,0,NVIDIA GeForce RTX 4090,0,0,2520,24564,36,69.08
2026/03/26 05:28:45.273,1,NVIDIA GeForce RTX 4080,85,57,2476,16376,57,279.73
2026/03/26 05:29:15.327,0,NVIDIA GeForce RTX 4090,0,0,2520,24564,35,73.33
2026/03/26 05:29:15.332,1,NVIDIA GeForce RTX 4080,0,0,2476,16376,39,53.35
2026/03/26 05:29:45.388,0,NVIDIA GeForce RTX 4090,73,50,2520,24564,44,329.80
2026/03/26 05:29:45.397,1,NVIDIA GeForce RTX 4080,77,51,2476,16376,57,178.73
2026/03/26 05:30:15.456,0,NVIDIA GeForce RTX 4090,0,0,2520,24564,37,78.68
2026/03/26 05:30:15.462,1,NVIDIA GeForce RTX 4080,0,0,2476,16376,41,148.24
2026/03/26 05:30:45.512,0,NVIDIA GeForce RTX 4090,0,0,2520,24564,36,69.13
2026/03/26 05:30:45.519,1,NVIDIA GeForce RTX 4080,0,0,2476,16376,39,54.24
2026/03/26 05:31:15.574,0,NVIDIA GeForce RTX 4090,0,0,2520,24564,37,77.88
2026/03/26 05:31:15.579,1,NVIDIA GeForce RTX 4080,0,0,2476,16376,41,92.19
2026/03/26 05:31:45.630,0,NVIDIA GeForce RTX 4090,0,0,2520,24564,37,73.95
2026/03/26 05:31:45.636,1,NVIDIA GeForce RTX 4080,0,0,2476,16376,39,62.79
2026/03/26 05:32:15.685,0,NVIDIA GeForce RTX 4090,0,0,2520,24564,37,112.65
2026/03/26 05:32:15.690,1,NVIDIA GeForce RTX 4080,0,0,2476,16376,38,56.27
2026/03/26 05:32:45.739,0,NVIDIA GeForce RTX 4090,0,0,2520,24564,37,111.67
2026/03/26 05:32:45.744,1,NVIDIA GeForce RTX 4080,85,57,2476,16376,58,280.60
2026/03/26 05:33:15.803,0,NVIDIA GeForce RTX 4090,0,0,2520,24564,36,72.71
2026/03/26 05:33:15.810,1,NVIDIA GeForce RTX 4080,0,0,2476,16376,39,66.86
2026/03/26 05:33:45.859,0,NVIDIA GeForce RTX 4090,72,50,2520,24564,45,183.93
2026/03/26 05:33:45.870,1,NVIDIA GeForce RTX 4080,82,55,2476,16376,52,262.94
2026/03/26 05:34:15.914,0,NVIDIA GeForce RTX 4090,69,48,2520,24564,44,335.95
2026/03/26 05:34:15.920,1,NVIDIA GeForce RTX 4080,80,53,2476,16376,52,139.79
2026/03/26 05:34:45.975,0,NVIDIA GeForce RTX 4090,0,0,2520,24564,38,258.56
2026/03/26 05:34:45.981,1,NVIDIA GeForce RTX 4080,85,57,2476,16376,45,249.70
2026/03/26 05:35:16.022,0,NVIDIA GeForce RTX 4090,73,50,2520,24564,42,176.01
2026/03/26 05:35:16.029,1,NVIDIA GeForce RTX 4080,79,52,2476,16376,55,269.27
2026/03/26 05:35:46.079,0,NVIDIA GeForce RTX 4090,0,0,2520,24564,35,69.02
2026/03/26 05:35:46.085,1,NVIDIA GeForce RTX 4080,0,0,2476,16376,41,174.23
2026/03/26 05:36:16.136,0,NVIDIA GeForce RTX 4090,0,0,2520,24564,39,69.45
2026/03/26 05:36:16.144,1,NVIDIA GeForce RTX 4080,40,26,2476,16376,46,71.45
2026/03/26 05:36:46.193,0,NVIDIA GeForce RTX 4090,74,52,2520,24564,42,347.50
2026/03/26 05:36:46.200,1,NVIDIA GeForce RTX 4080,84,56,2476,16376,55,268.61
2026/03/26 05:37:16.293,0,NVIDIA GeForce RTX 4090,0,0,2520,24564,36,69.03
2026/03/26 05:37:16.297,1,NVIDIA GeForce RTX 4080,0,0,2476,16376,40,90.09
2026/03/26 05:37:46.347,0,NVIDIA GeForce RTX 4090,0,0,2520,24564,34,68.27
2026/03/26 05:37:46.353,1,NVIDIA GeForce RTX 4080,54,37,2476,16376,46,82.31
2026/03/26 05:38:16.420,0,NVIDIA GeForce RTX 4090,76,52,2520,24564,43,337.01
2026/03/26 05:38:16.427,1,NVIDIA GeForce RTX 4080,57,37,2476,16376,44,251.08
2026/03/26 05:38:46.477,0,NVIDIA GeForce RTX 4090,68,47,2520,24564,46,334.99
2026/03/26 05:38:46.485,1,NVIDIA GeForce RTX 4080,0,0,2476,16376,41,129.19
2026/03/26 05:39:16.537,0,NVIDIA GeForce RTX 4090,67,47,2520,24564,43,333.11
2026/03/26 05:39:16.547,1,NVIDIA GeForce RTX 4080,81,54,2476,16376,54,274.33
2026/03/26 05:39:46.599,0,NVIDIA GeForce RTX 4090,74,52,2520,24564,43,158.59
2026/03/26 05:39:46.608,1,NVIDIA GeForce RTX 4080,81,54,2476,16376,53,272.20
2026/03/26 05:40:16.711,0,NVIDIA GeForce RTX 4090,72,50,2520,24564,45,341.44
2026/03/26 05:40:16.718,1,NVIDIA GeForce RTX 4080,81,53,2476,16376,56,270.29
2026/03/26 05:40:46.799,0,NVIDIA GeForce RTX 4090,0,0,2520,24564,37,78.74
2026/03/26 05:40:46.804,1,NVIDIA GeForce RTX 4080,85,57,2476,16376,53,203.29
2026/03/26 05:41:16.848,0,NVIDIA GeForce RTX 4090,75,53,2520,24564,44,328.17
2026/03/26 05:41:16.856,1,NVIDIA GeForce RTX 4080,43,29,2476,16376,46,79.91
2026/03/26 05:41:46.909,0,NVIDIA GeForce RTX 4090,0,0,2520,24564,38,79.58
2026/03/26 05:41:46.915,1,NVIDIA GeForce RTX 4080,21,14,2476,16376,45,62.15
2026/03/26 05:42:16.977,0,NVIDIA GeForce RTX 4090,75,52,2520,24564,44,133.13
2026/03/26 05:42:16.991,1,NVIDIA GeForce RTX 4080,80,53,2476,16376,57,281.03
2026/03/26 05:42:47.051,0,NVIDIA GeForce RTX 4090,0,0,2520,24564,37,74.45
2026/03/26 05:42:47.056,1,NVIDIA GeForce RTX 4080,0,0,2476,16376,40,53.78
2026/03/26 05:43:17.109,0,NVIDIA GeForce RTX 4090,83,57,2520,24564,45,179.46
2026/03/26 05:43:17.116,1,NVIDIA GeForce RTX 4080,0,0,2476,16376,39,54.40
2026/03/26 05:43:47.172,0,NVIDIA GeForce RTX 4090,0,0,2520,24564,37,194.09
2026/03/26 05:43:47.181,1,NVIDIA GeForce RTX 4080,29,19,2476,16376,49,91.78
2026/03/26 05:44:17.229,0,NVIDIA GeForce RTX 4090,62,43,2520,24564,43,302.89
2026/03/26 05:44:17.239,1,NVIDIA GeForce RTX 4080,85,56,2476,16376,55,177.62
2026/03/26 05:44:47.291,0,NVIDIA GeForce RTX 4090,41,29,2520,24564,40,322.73
2026/03/26 05:44:47.298,1,NVIDIA GeForce RTX 4080,0,0,2476,16376,40,66.06
2026/03/26 05:45:17.386,0,NVIDIA GeForce RTX 4090,0,0,2520,24564,41,75.10
2026/03/26 05:45:17.394,1,NVIDIA GeForce RTX 4080,82,55,2476,16376,52,128.97
2026/03/26 05:45:47.450,0,NVIDIA GeForce RTX 4090,74,51,2520,24564,43,338.76
2026/03/26 05:45:47.456,1,NVIDIA GeForce RTX 4080,81,54,2476,16376,55,258.72
2026/03/26 05:46:17.508,0,NVIDIA GeForce RTX 4090,74,52,2520,24564,46,339.69
2026/03/26 05:46:17.517,1,NVIDIA GeForce RTX 4080,88,57,2476,16376,57,277.55
2026/03/26 05:46:47.609,0,NVIDIA GeForce RTX 4090,0,0,2520,24564,37,105.13
2026/03/26 05:46:47.615,1,NVIDIA GeForce RTX 4080,74,50,2476,16376,55,262.59
2026/03/26 05:47:17.668,0,NVIDIA GeForce RTX 4090,66,47,2520,24564,45,312.06
2026/03/26 05:47:17.679,1,NVIDIA GeForce RTX 4080,84,56,2476,16376,54,271.69
2026/03/26 05:47:47.734,0,NVIDIA GeForce RTX 4090,0,0,2520,24564,36,73.75
2026/03/26 05:47:47.740,1,NVIDIA GeForce RTX 4080,59,40,2476,16376,46,79.44
2026/03/26 05:48:17.792,0,NVIDIA GeForce RTX 4090,0,0,2520,24564,36,73.22
2026/03/26 05:48:17.797,1,NVIDIA GeForce RTX 4080,0,0,2476,16376,40,60.15
2026/03/26 05:48:47.846,0,NVIDIA GeForce RTX 4090,68,47,2520,24564,45,313.27
2026/03/26 05:48:47.853,1,NVIDIA GeForce RTX 4080,79,53,2476,16376,57,272.39
2026/03/26 05:49:17.917,0,NVIDIA GeForce RTX 4090,0,0,2520,24564,36,69.86
2026/03/26 05:49:17.922,1,NVIDIA GeForce RTX 4080,0,0,2476,16376,40,53.58
2026/03/26 05:49:47.973,0,NVIDIA GeForce RTX 4090,69,47,2520,24564,46,341.96
2026/03/26 05:49:47.981,1,NVIDIA GeForce RTX 4080,0,0,2476,16376,39,66.77
2026/03/26 05:50:18.033,0,NVIDIA GeForce RTX 4090,0,0,2520,24564,37,72.95
2026/03/26 05:50:18.039,1,NVIDIA GeForce RTX 4080,0,0,2476,16376,42,88.34
2026/03/26 05:50:48.090,0,NVIDIA GeForce RTX 4090,0,0,2520,24564,37,83.25
2026/03/26 05:50:48.095,1,NVIDIA GeForce RTX 4080,0,0,2476,16376,42,101.46
2026/03/26 05:51:18.145,0,NVIDIA GeForce RTX 4090,0,0,2520,24564,37,72.63
2026/03/26 05:51:18.150,1,NVIDIA GeForce RTX 4080,0,0,2476,16376,41,92.18
2026/03/26 05:51:48.201,0,NVIDIA GeForce RTX 4090,0,0,2520,24564,38,137.26
2026/03/26 05:51:48.207,1,NVIDIA GeForce RTX 4080,86,58,2476,16376,58,274.82
2026/03/26 05:52:18.260,0,NVIDIA GeForce RTX 4090,0,0,2520,24564,37,78.61
2026/03/26 05:52:18.266,1,NVIDIA GeForce RTX 4080,0,0,2476,16376,40,53.56
2026/03/26 05:52:48.317,0,NVIDIA GeForce RTX 4090,0,0,2520,24564,36,68.10
2026/03/26 05:52:48.323,1,NVIDIA GeForce RTX 4080,0,0,2476,16376,42,106.77
2026/03/26 05:53:18.375,0,NVIDIA GeForce RTX 4090,51,34,2520,24564,37,227.27
2026/03/26 05:53:18.385,1,NVIDIA GeForce RTX 4080,79,53,2476,16376,55,267.03
2026/03/26 05:53:48.460,0,NVIDIA GeForce RTX 4090,0,0,2520,24564,37,103.86
2026/03/26 05:53:48.464,1,NVIDIA GeForce RTX 4080,83,56,2476,16376,56,277.91
2026/03/26 05:54:18.551,0,NVIDIA GeForce RTX 4090,28,19,2520,24564,42,89.23
2026/03/26 05:54:18.556,1,NVIDIA GeForce RTX 4080,75,49,2476,16376,50,84.00
2026/03/26 05:54:48.609,0,NVIDIA GeForce RTX 4090,0,0,2520,24564,36,68.86
2026/03/26 05:54:48.615,1,NVIDIA GeForce RTX 4080,0,0,2476,16376,43,143.09
2026/03/26 05:55:18.670,0,NVIDIA GeForce RTX 4090,72,50,2520,24564,43,109.01
2026/03/26 05:55:18.679,1,NVIDIA GeForce RTX 4080,0,0,2476,16376,40,53.83
2026/03/26 05:55:48.730,0,NVIDIA GeForce RTX 4090,66,46,2520,24564,43,171.34
2026/03/26 05:55:48.740,1,NVIDIA GeForce RTX 4080,0,0,2476,16376,40,53.67
2026/03/26 05:56:18.790,0,NVIDIA GeForce RTX 4090,0,0,2520,24564,37,128.82
2026/03/26 05:56:18.797,1,NVIDIA GeForce RTX 4080,0,0,2476,16376,40,59.65
2026/03/26 05:56:48.848,0,NVIDIA GeForce RTX 4090,0,0,2520,24564,36,74.38
2026/03/26 05:56:48.852,1,NVIDIA GeForce RTX 4080,0,0,2476,16376,42,88.35
2026/03/26 05:57:18.897,0,NVIDIA GeForce RTX 4090,64,44,2520,24564,43,175.55
2026/03/26 05:57:18.905,1,NVIDIA GeForce RTX 4080,81,54,2476,16376,53,262.80
2026/03/26 05:57:48.956,0,NVIDIA GeForce RTX 4090,0,0,2520,24564,37,123.27
2026/03/26 05:57:48.961,1,NVIDIA GeForce RTX 4080,0,0,2476,16376,40,60.19
2026/03/26 05:58:19.012,0,NVIDIA GeForce RTX 4090,0,0,2520,24564,36,69.16
2026/03/26 05:58:19.018,1,NVIDIA GeForce RTX 4080,0,0,2476,16376,42,132.39
2026/03/26 05:58:49.071,0,NVIDIA GeForce RTX 4090,0,0,2520,24564,36,68.47
2026/03/26 05:58:49.077,1,NVIDIA GeForce RTX 4080,84,56,2476,16376,55,281.39
2026/03/26 05:59:19.169,0,NVIDIA GeForce RTX 4090,74,51,2520,24564,45,323.91
2026/03/26 05:59:19.178,1,NVIDIA GeForce RTX 4080,0,0,2476,16376,39,56.48
2026/03/26 05:59:49.231,0,NVIDIA GeForce RTX 4090,0,0,2520,24564,37,70.16
2026/03/26 05:59:49.236,1,NVIDIA GeForce RTX 4080,0,0,2476,16376,39,55.70
2026/03/26 06:00:19.285,0,NVIDIA GeForce RTX 4090,78,54,2520,24564,46,342.16
2026/03/26 06:00:19.295,1,NVIDIA GeForce RTX 4080,82,54,2476,16376,55,269.45
2026/03/26 06:00:49.354,0,NVIDIA GeForce RTX 4090,0,0,2520,24564,37,73.75
2026/03/26 06:00:49.359,1,NVIDIA GeForce RTX 4080,0,0,2476,16376,39,53.94
2026/03/26 06:01:19.411,0,NVIDIA GeForce RTX 4090,65,45,2520,24564,44,313.39
2026/03/26 06:01:19.419,1,NVIDIA GeForce RTX 4080,31,20,2476,16376,46,64.27
2026/03/26 06:01:49.470,0,NVIDIA GeForce RTX 4090,78,54,2520,24564,46,327.20
2026/03/26 06:01:49.479,1,NVIDIA GeForce RTX 4080,85,56,2476,16376,55,274.41
2026/03/26 06:02:19.537,0,NVIDIA GeForce RTX 4090,0,0,2520,24564,36,72.92
2026/03/26 06:02:19.544,1,NVIDIA GeForce RTX 4080,0,0,2476,16376,40,93.99
2026/03/26 06:02:49.593,0,NVIDIA GeForce RTX 4090,0,0,2520,24564,38,116.70
2026/03/26 06:02:49.598,1,NVIDIA GeForce RTX 4080,0,0,2476,16376,42,178.88
2026/03/26 06:03:19.650,0,NVIDIA GeForce RTX 4090,0,0,2520,24564,36,78.14
2026/03/26 06:03:19.656,1,NVIDIA GeForce RTX 4080,83,56,2476,16376,56,192.77
2026/03/26 06:03:49.711,0,NVIDIA GeForce RTX 4090,0,0,2520,24564,38,245.94
2026/03/26 06:03:49.716,1,NVIDIA GeForce RTX 4080,0,0,2476,16376,40,96.43
2026/03/26 06:04:19.768,0,NVIDIA GeForce RTX 4090,0,0,2520,24564,36,68.56
2026/03/26 06:04:19.774,1,NVIDIA GeForce RTX 4080,85,57,2476,16376,57,282.13
2026/03/26 06:04:49.827,0,NVIDIA GeForce RTX 4090,0,0,2520,24564,38,118.54
2026/03/26 06:04:49.834,1,NVIDIA GeForce RTX 4080,0,0,2476,16376,39,57.65
2026/03/26 06:05:19.889,0,NVIDIA GeForce RTX 4090,0,0,2520,24564,37,78.15
2026/03/26 06:05:19.893,1,NVIDIA GeForce RTX 4080,0,0,2476,16376,40,54.11
2026/03/26 06:05:49.943,0,NVIDIA GeForce RTX 4090,0,0,2520,24564,37,78.95
2026/03/26 06:05:49.948,1,NVIDIA GeForce RTX 4080,86,57,2476,16376,52,107.91
2026/03/26 06:06:20.027,0,NVIDIA GeForce RTX 4090,0,0,2520,24564,36,68.29
2026/03/26 06:06:20.032,1,NVIDIA GeForce RTX 4080,0,0,2476,16376,39,53.97
2026/03/26 06:06:50.098,0,NVIDIA GeForce RTX 4090,43,29,2520,24564,40,227.10
2026/03/26 06:06:50.104,1,NVIDIA GeForce RTX 4080,80,53,2476,16376,54,174.67
2026/03/26 06:07:20.154,0,NVIDIA GeForce RTX 4090,0,0,2520,24564,36,69.67
2026/03/26 06:07:20.160,1,NVIDIA GeForce RTX 4080,55,37,2476,16376,47,87.18
2026/03/26 06:07:50.239,0,NVIDIA GeForce RTX 4090,0,0,2520,24564,36,72.57
2026/03/26 06:07:50.245,1,NVIDIA GeForce RTX 4080,0,0,2476,16376,39,54.18
2026/03/26 06:08:20.297,0,NVIDIA GeForce RTX 4090,0,0,2520,24564,40,69.51
2026/03/26 06:08:20.307,1,NVIDIA GeForce RTX 4080,0,0,2476,16376,42,186.21
2026/03/26 06:08:50.356,0,NVIDIA GeForce RTX 4090,0,0,2520,24564,36,77.33
2026/03/26 06:08:50.361,1,NVIDIA GeForce RTX 4080,86,57,2476,16376,57,283.52
2026/03/26 06:09:20.418,0,NVIDIA GeForce RTX 4090,0,0,2520,24564,36,69.62
2026/03/26 06:09:20.423,1,NVIDIA GeForce RTX 4080,82,55,2476,16376,53,262.56
2026/03/26 06:09:50.478,0,NVIDIA GeForce RTX 4090,0,0,2520,24564,36,73.22
2026/03/26 06:09:50.484,1,NVIDIA GeForce RTX 4080,0,0,2476,16376,40,66.23
2026/03/26 06:10:20.536,0,NVIDIA GeForce RTX 4090,53,36,2520,24564,40,117.37
2026/03/26 06:10:20.549,1,NVIDIA GeForce RTX 4080,0,0,2476,16376,39,101.70
2026/03/26 06:10:50.600,0,NVIDIA GeForce RTX 4090,0,0,2520,24564,36,68.82
2026/03/26 06:10:50.606,1,NVIDIA GeForce RTX 4080,0,0,2476,16376,41,91.65
2026/03/26 06:11:20.655,0,NVIDIA GeForce RTX 4090,74,51,2520,24564,46,322.82
2026/03/26 06:11:20.661,1,NVIDIA GeForce RTX 4080,82,54,2476,16376,53,277.87
2026/03/26 06:11:50.714,0,NVIDIA GeForce RTX 4090,0,0,2520,24564,36,77.63
2026/03/26 06:11:50.719,1,NVIDIA GeForce RTX 4080,0,0,2476,16376,40,91.02
2026/03/26 06:12:20.770,0,NVIDIA GeForce RTX 4090,0,0,2520,24564,35,68.32
2026/03/26 06:12:20.776,1,NVIDIA GeForce RTX 4080,0,0,2476,16376,38,53.97
2026/03/26 06:12:50.830,0,NVIDIA GeForce RTX 4090,0,0,2520,24564,36,123.11
2026/03/26 06:12:50.836,1,NVIDIA GeForce RTX 4080,0,0,2476,16376,40,91.40
2026/03/26 06:13:20.887,0,NVIDIA GeForce RTX 4090,0,0,2520,24564,36,73.52
2026/03/26 06:13:20.893,1,NVIDIA GeForce RTX 4080,80,54,2476,16376,52,191.50
2026/03/26 06:13:50.950,0,NVIDIA GeForce RTX 4090,0,0,2520,24564,36,68.78
2026/03/26 06:13:50.957,1,NVIDIA GeForce RTX 4080,0,0,2476,16376,39,53.73
2026/03/26 06:14:21.009,0,NVIDIA GeForce RTX 4090,0,0,2520,24564,36,73.35
2026/03/26 06:14:21.013,1,NVIDIA GeForce RTX 4080,72,49,2476,16376,53,151.80
2026/03/26 06:14:51.064,0,NVIDIA GeForce RTX 4090,64,45,2520,24564,45,306.41
2026/03/26 06:14:51.071,1,NVIDIA GeForce RTX 4080,0,0,2476,16376,39,60.25
2026/03/26 06:15:21.124,0,NVIDIA GeForce RTX 4090,0,0,2520,24564,37,77.34
2026/03/26 06:15:21.129,1,NVIDIA GeForce RTX 4080,0,0,2476,16376,39,65.34
2026/03/26 06:15:51.180,0,NVIDIA GeForce RTX 4090,75,51,2520,24564,45,342.36
2026/03/26 06:15:51.188,1,NVIDIA GeForce RTX 4080,78,53,2476,16376,47,261.89
2026/03/26 06:16:21.284,0,NVIDIA GeForce RTX 4090,0,0,2520,24564,40,68.75
2026/03/26 06:16:21.297,1,NVIDIA GeForce RTX 4080,84,56,2476,16376,52,148.16
2026/03/26 06:16:51.380,0,NVIDIA GeForce RTX 4090,0,0,2520,24564,37,73.27
2026/03/26 06:16:51.387,1,NVIDIA GeForce RTX 4080,0,0,2476,16376,39,56.37
2026/03/26 06:17:21.438,0,NVIDIA GeForce RTX 4090,45,30,2520,24564,40,108.25
2026/03/26 06:17:21.444,1,NVIDIA GeForce RTX 4080,82,55,2476,16376,55,269.98
2026/03/26 06:17:51.502,0,NVIDIA GeForce RTX 4090,0,0,2520,24564,38,225.45
2026/03/26 06:17:51.508,1,NVIDIA GeForce RTX 4080,0,0,2476,16376,39,64.53
2026/03/26 06:18:21.550,0,NVIDIA GeForce RTX 4090,0,0,2520,24564,37,122.05
2026/03/26 06:18:21.555,1,NVIDIA GeForce RTX 4080,83,55,2476,16376,57,280.26
2026/03/26 06:18:51.610,0,NVIDIA GeForce RTX 4090,0,0,2520,24564,37,120.45
2026/03/26 06:18:51.616,1,NVIDIA GeForce RTX 4080,63,44,2476,16376,49,96.06
2026/03/26 06:19:21.672,0,NVIDIA GeForce RTX 4090,66,46,2520,24564,43,324.75
2026/03/26 06:19:21.681,1,NVIDIA GeForce RTX 4080,0,0,2476,16376,41,107.30
2026/03/26 06:19:51.733,0,NVIDIA GeForce RTX 4090,0,0,2520,24564,36,68.67
2026/03/26 06:19:51.739,1,NVIDIA GeForce RTX 4080,86,58,2476,16376,56,281.86
2026/03/26 06:20:21.793,0,NVIDIA GeForce RTX 4090,0,0,2520,24564,36,68.48
2026/03/26 06:20:21.800,1,NVIDIA GeForce RTX 4080,0,0,2476,16376,39,53.98
2026/03/26 06:20:51.851,0,NVIDIA GeForce RTX 4090,0,0,2520,24564,36,74.28
2026/03/26 06:20:51.856,1,NVIDIA GeForce RTX 4080,0,0,2476,16376,38,53.67
2026/03/26 06:21:21.907,0,NVIDIA GeForce RTX 4090,0,0,2520,24564,36,68.47
2026/03/26 06:21:21.912,1,NVIDIA GeForce RTX 4080,0,0,2476,16376,38,53.47
2026/03/26 06:21:51.960,0,NVIDIA GeForce RTX 4090,70,49,2520,24564,43,323.13
2026/03/26 06:21:51.967,1,NVIDIA GeForce RTX 4080,74,48,2476,16376,54,112.78
2026/03/26 06:22:22.024,0,NVIDIA GeForce RTX 4090,0,0,2520,24564,37,69.83
2026/03/26 06:22:22.029,1,NVIDIA GeForce RTX 4080,0,0,2476,16376,40,53.96
2026/03/26 06:22:52.082,0,NVIDIA GeForce RTX 4090,0,0,2520,24564,37,199.84
2026/03/26 06:22:52.089,1,NVIDIA GeForce RTX 4080,87,58,2476,16376,54,276.48
2026/03/26 06:23:22.137,0,NVIDIA GeForce RTX 4090,0,0,2520,24564,36,69.36
2026/03/26 06:23:22.144,1,NVIDIA GeForce RTX 4080,0,0,2476,16376,39,54.56
2026/03/26 06:23:52.193,0,NVIDIA GeForce RTX 4090,78,54,2520,24564,46,320.86
2026/03/26 06:23:52.200,1,NVIDIA GeForce RTX 4080,82,55,2476,16376,55,142.74
2026/03/26 06:24:22.254,0,NVIDIA GeForce RTX 4090,0,0,2520,24564,37,128.02
2026/03/26 06:24:22.260,1,NVIDIA GeForce RTX 4080,0,0,2476,16376,39,56.37
2026/03/26 06:24:52.308,0,NVIDIA GeForce RTX 4090,58,40,2520,24564,44,347.48
2026/03/26 06:24:52.318,1,NVIDIA GeForce RTX 4080,77,50,2476,16376,49,85.43
2026/03/26 06:25:22.368,0,NVIDIA GeForce RTX 4090,0,0,2520,24564,38,219.02
2026/03/26 06:25:22.374,1,NVIDIA GeForce RTX 4080,85,57,2476,16376,57,273.68
2026/03/26 06:25:52.429,0,NVIDIA GeForce RTX 4090,0,0,2520,24564,41,77.67
2026/03/26 06:25:52.441,1,NVIDIA GeForce RTX 4080,78,51,2476,16376,54,93.21
2026/03/26 06:26:22.483,0,NVIDIA GeForce RTX 4090,0,0,2520,24564,36,77.49
2026/03/26 06:26:22.489,1,NVIDIA GeForce RTX 4080,0,0,2476,16376,38,54.08
2026/03/26 06:26:52.538,0,NVIDIA GeForce RTX 4090,75,52,2520,24564,44,331.24
2026/03/26 06:26:52.544,1,NVIDIA GeForce RTX 4080,81,54,2476,16376,54,270.74
2026/03/26 06:27:22.596,0,NVIDIA GeForce RTX 4090,0,0,2520,24564,38,109.43
2026/03/26 06:27:22.602,1,NVIDIA GeForce RTX 4080,81,54,2476,16376,56,276.20
2026/03/26 06:27:52.655,0,NVIDIA GeForce RTX 4090,52,35,2520,24564,41,247.21
2026/03/26 06:27:52.662,1,NVIDIA GeForce RTX 4080,0,0,2476,16376,41,102.32
2026/03/26 06:28:22.711,0,NVIDIA GeForce RTX 4090,0,0,2520,24564,36,70.19
2026/03/26 06:28:22.717,1,NVIDIA GeForce RTX 4080,0,0,2476,16376,39,54.49
2026/03/26 06:28:52.767,0,NVIDIA GeForce RTX 4090,0,0,2520,24564,38,119.98
2026/03/26 06:28:52.774,1,NVIDIA GeForce RTX 4080,83,55,2476,16376,55,277.88
2026/03/26 06:29:22.830,0,NVIDIA GeForce RTX 4090,0,0,2520,24564,38,221.21
2026/03/26 06:29:22.835,1,NVIDIA GeForce RTX 4080,0,0,2476,16376,40,61.46
2026/03/26 06:29:52.888,0,NVIDIA GeForce RTX 4090,63,44,2520,24564,45,303.50
2026/03/26 06:29:52.894,1,NVIDIA GeForce RTX 4080,0,0,2476,16376,39,61.06
2026/03/26 06:30:22.937,0,NVIDIA GeForce RTX 4090,0,0,2520,24564,37,81.97
2026/03/26 06:30:22.942,1,NVIDIA GeForce RTX 4080,82,55,2476,16376,57,279.87
2026/03/26 06:30:52.993,0,NVIDIA GeForce RTX 4090,70,48,2520,24564,46,335.80
2026/03/26 06:30:53.001,1,NVIDIA GeForce RTX 4080,0,0,2476,16376,41,57.63
2026/03/26 06:31:23.048,0,NVIDIA GeForce RTX 4090,0,0,2520,24564,37,193.84
2026/03/26 06:31:23.057,1,NVIDIA GeForce RTX 4080,0,0,2476,16376,42,145.95
2026/03/26 06:31:53.106,0,NVIDIA GeForce RTX 4090,0,0,2520,24564,35,69.29
2026/03/26 06:31:53.112,1,NVIDIA GeForce RTX 4080,0,0,2476,16376,39,54.07
2026/03/26 06:32:23.163,0,NVIDIA GeForce RTX 4090,0,0,2520,24564,36,69.46
2026/03/26 06:32:23.168,1,NVIDIA GeForce RTX 4080,81,54,2476,16376,54,263.41
2026/03/26 06:32:53.221,0,NVIDIA GeForce RTX 4090,35,25,2520,24564,39,291.23
2026/03/26 06:32:53.229,1,NVIDIA GeForce RTX 4080,0,0,2476,16376,40,57.44
2026/03/26 06:33:23.277,0,NVIDIA GeForce RTX 4090,0,0,2520,24564,37,114.60
2026/03/26 06:33:23.282,1,NVIDIA GeForce RTX 4080,0,0,2476,16376,43,196.51
2026/03/26 06:33:53.331,0,NVIDIA GeForce RTX 4090,0,0,2520,24564,36,69.41
2026/03/26 06:33:53.337,1,NVIDIA GeForce RTX 4080,0,0,2476,16376,38,53.88
2026/03/26 06:34:23.388,0,NVIDIA GeForce RTX 4090,0,0,2520,24564,36,68.77
2026/03/26 06:34:23.394,1,NVIDIA GeForce RTX 4080,0,0,2476,16376,40,59.52
2026/03/26 06:34:53.444,0,NVIDIA GeForce RTX 4090,0,0,2520,24564,35,68.79
2026/03/26 06:34:53.450,1,NVIDIA GeForce RTX 4080,0,0,2476,16376,39,53.94
2026/03/26 06:35:23.499,0,NVIDIA GeForce RTX 4090,0,0,2520,24564,38,163.82
2026/03/26 06:35:23.504,1,NVIDIA GeForce RTX 4080,0,0,2476,16376,39,56.99
2026/03/26 06:35:53.554,0,NVIDIA GeForce RTX 4090,0,0,2520,24564,38,139.78
2026/03/26 06:35:53.559,1,NVIDIA GeForce RTX 4080,0,0,2476,16376,40,64.70
2026/03/26 06:36:23.611,0,NVIDIA GeForce RTX 4090,0,0,2520,24564,36,69.38
2026/03/26 06:36:23.616,1,NVIDIA GeForce RTX 4080,0,0,2476,16376,39,53.82
2026/03/26 06:36:53.665,0,NVIDIA GeForce RTX 4090,0,0,2520,24564,36,69.79
2026/03/26 06:36:53.670,1,NVIDIA GeForce RTX 4080,0,0,2476,16376,40,59.24
2026/03/26 06:37:23.721,0,NVIDIA GeForce RTX 4090,0,0,2520,24564,37,69.57
2026/03/26 06:37:23.727,1,NVIDIA GeForce RTX 4080,0,0,2476,16376,39,53.95
2026/03/26 06:37:53.776,0,NVIDIA GeForce RTX 4090,64,45,2520,24564,44,324.10
2026/03/26 06:37:53.784,1,NVIDIA GeForce RTX 4080,0,0,2476,16376,39,57.46
2026/03/26 06:38:23.836,0,NVIDIA GeForce RTX 4090,0,0,2520,24564,36,78.98
2026/03/26 06:38:23.841,1,NVIDIA GeForce RTX 4080,79,53,2476,16376,54,261.92
2026/03/26 06:38:53.895,0,NVIDIA GeForce RTX 4090,0,0,2520,24564,37,73.92
2026/03/26 06:38:53.900,1,NVIDIA GeForce RTX 4080,0,0,2476,16376,39,53.80
2026/03/26 06:39:23.952,0,NVIDIA GeForce RTX 4090,0,0,2520,24564,36,69.11
2026/03/26 06:39:23.957,1,NVIDIA GeForce RTX 4080,0,0,2476,16376,39,65.46
2026/03/26 06:39:54.006,0,NVIDIA GeForce RTX 4090,50,34,2520,24564,41,178.29
2026/03/26 06:39:54.014,1,NVIDIA GeForce RTX 4080,0,0,2476,16376,41,102.36
2026/03/26 06:40:24.062,0,NVIDIA GeForce RTX 4090,68,47,2520,24564,43,325.18
2026/03/26 06:40:24.071,1,NVIDIA GeForce RTX 4080,85,57,2476,16376,54,282.51
2026/03/26 06:40:54.124,0,NVIDIA GeForce RTX 4090,65,46,2520,24564,45,332.09
2026/03/26 06:40:54.132,1,NVIDIA GeForce RTX 4080,0,0,2476,16376,41,133.07
2026/03/26 06:41:24.183,0,NVIDIA GeForce RTX 4090,0,0,2520,24564,38,112.73
2026/03/26 06:41:24.187,1,NVIDIA GeForce RTX 4080,0,0,2476,16376,41,101.40
2026/03/26 06:41:54.233,0,NVIDIA GeForce RTX 4090,47,32,2520,24564,40,232.27
2026/03/26 06:41:54.241,1,NVIDIA GeForce RTX 4080,79,51,2476,16376,54,269.83
2026/03/26 06:42:24.292,0,NVIDIA GeForce RTX 4090,69,48,2520,24564,43,318.54
2026/03/26 06:42:24.299,1,NVIDIA GeForce RTX 4080,62,41,2476,16376,50,97.13
2026/03/26 06:42:54.349,0,NVIDIA GeForce RTX 4090,71,49,2520,24564,43,208.53
2026/03/26 06:42:54.364,1,NVIDIA GeForce RTX 4080,56,40,2476,16376,49,189.85
2026/03/26 06:43:24.416,0,NVIDIA GeForce RTX 4090,0,0,2520,24564,36,69.44
2026/03/26 06:43:24.422,1,NVIDIA GeForce RTX 4080,80,53,2476,16376,54,165.55
2026/03/26 06:43:54.465,0,NVIDIA GeForce RTX 4090,74,51,2520,24564,42,145.49
2026/03/26 06:43:54.474,1,NVIDIA GeForce RTX 4080,79,53,2476,16376,54,195.42
2026/03/26 06:44:24.532,0,NVIDIA GeForce RTX 4090,35,24,2520,24564,41,81.64
2026/03/26 06:44:24.539,1,NVIDIA GeForce RTX 4080,0,0,2476,16376,40,60.24
2026/03/26 06:44:54.590,0,NVIDIA GeForce RTX 4090,74,51,2520,24564,44,132.27
2026/03/26 06:44:54.597,1,NVIDIA GeForce RTX 4080,78,53,2476,16376,54,279.22
2026/03/26 06:45:24.653,0,NVIDIA GeForce RTX 4090,0,0,2520,24564,37,242.68
2026/03/26 06:45:24.659,1,NVIDIA GeForce RTX 4080,86,56,2476,16376,57,281.61
2026/03/26 06:45:54.700,0,NVIDIA GeForce RTX 4090,66,46,2520,24564,42,304.51
2026/03/26 06:45:54.707,1,NVIDIA GeForce RTX 4080,0,0,2476,16376,40,70.82
2026/03/26 06:46:24.761,0,NVIDIA GeForce RTX 4090,0,0,2520,24564,36,69.36
2026/03/26 06:46:24.768,1,NVIDIA GeForce RTX 4080,0,0,2476,16376,39,55.65
2026/03/26 06:46:54.819,0,NVIDIA GeForce RTX 4090,0,0,2520,24564,38,211.57
2026/03/26 06:46:54.828,1,NVIDIA GeForce RTX 4080,0,0,2476,16376,39,57.37
2026/03/26 06:47:24.879,0,NVIDIA GeForce RTX 4090,0,0,2520,24564,36,73.89
2026/03/26 06:47:24.883,1,NVIDIA GeForce RTX 4080,0,0,2476,16376,38,54.14
2026/03/26 06:47:54.936,0,NVIDIA GeForce RTX 4090,0,0,2520,24564,35,68.86
2026/03/26 06:47:54.941,1,NVIDIA GeForce RTX 4080,0,0,2476,16376,38,53.79
2026/03/26 06:48:24.990,0,NVIDIA GeForce RTX 4090,59,41,2520,24564,43,173.11
2026/03/26 06:48:25.001,1,NVIDIA GeForce RTX 4080,82,54,2476,16376,53,260.42
2026/03/26 06:48:55.053,0,NVIDIA GeForce RTX 4090,0,0,2520,24564,35,69.46
2026/03/26 06:48:55.059,1,NVIDIA GeForce RTX 4080,0,0,2476,16376,38,54.38
2026/03/26 06:49:25.113,0,NVIDIA GeForce RTX 4090,60,42,2520,24564,43,193.78
2026/03/26 06:49:25.122,1,NVIDIA GeForce RTX 4080,0,0,2476,16376,37,67.39
2026/03/26 06:49:55.175,0,NVIDIA GeForce RTX 4090,78,54,2520,24564,42,173.74
2026/03/26 06:49:55.182,1,NVIDIA GeForce RTX 4080,74,49,2476,16376,54,266.32
2026/03/26 06:50:25.235,0,NVIDIA GeForce RTX 4090,0,0,2520,24564,35,69.32
2026/03/26 06:50:25.241,1,NVIDIA GeForce RTX 4080,84,56,2476,16376,53,276.34
2026/03/26 06:50:55.294,0,NVIDIA GeForce RTX 4090,57,40,2520,24564,43,303.39
2026/03/26 06:50:55.300,1,NVIDIA GeForce RTX 4080,45,30,2476,16376,49,74.29
2026/03/26 06:51:25.356,0,NVIDIA GeForce RTX 4090,0,0,2520,24564,36,78.02
2026/03/26 06:51:25.361,1,NVIDIA GeForce RTX 4080,80,55,2476,16376,52,277.46
2026/03/26 06:51:55.412,0,NVIDIA GeForce RTX 4090,0,0,2520,24564,36,72.87
2026/03/26 06:51:55.418,1,NVIDIA GeForce RTX 4080,0,0,2476,16376,38,53.86
2026/03/26 06:52:25.468,0,NVIDIA GeForce RTX 4090,0,0,2520,24564,36,69.21
2026/03/26 06:52:25.474,1,NVIDIA GeForce RTX 4080,10,7,2476,16376,38,56.43
2026/03/26 06:52:55.524,0,NVIDIA GeForce RTX 4090,0,0,2520,24564,36,70.05
2026/03/26 06:52:55.531,1,NVIDIA GeForce RTX 4080,0,0,2476,16376,41,93.01
2026/03/26 06:53:25.586,0,NVIDIA GeForce RTX 4090,0,0,2520,24564,36,70.04
2026/03/26 06:53:25.592,1,NVIDIA GeForce RTX 4080,0,0,2476,16376,39,59.88
2026/03/26 06:53:55.643,0,NVIDIA GeForce RTX 4090,70,48,2520,24564,44,138.62
2026/03/26 06:53:55.650,1,NVIDIA GeForce RTX 4080,79,53,2476,16376,55,277.04
2026/03/26 06:54:25.707,0,NVIDIA GeForce RTX 4090,75,52,2520,24564,44,324.30
2026/03/26 06:54:25.713,1,NVIDIA GeForce RTX 4080,0,0,2476,16376,41,123.96
2026/03/26 06:54:55.763,0,NVIDIA GeForce RTX 4090,48,32,2520,24564,41,230.09
2026/03/26 06:54:55.769,1,NVIDIA GeForce RTX 4080,85,56,2476,16376,57,281.83
2026/03/26 06:55:25.846,0,NVIDIA GeForce RTX 4090,70,49,2520,24564,45,340.18
2026/03/26 06:55:25.854,1,NVIDIA GeForce RTX 4080,81,54,2476,16376,53,263.11
2026/03/26 06:55:55.936,0,NVIDIA GeForce RTX 4090,74,52,2520,24564,43,257.77
2026/03/26 06:55:55.945,1,NVIDIA GeForce RTX 4080,0,0,2476,16376,43,196.35
2026/03/26 06:56:26.001,0,NVIDIA GeForce RTX 4090,0,0,2520,24564,38,128.44
2026/03/26 06:56:26.008,1,NVIDIA GeForce RTX 4080,87,58,2476,16376,59,286.15
2026/03/26 06:56:56.060,0,NVIDIA GeForce RTX 4090,47,31,2520,24564,41,102.92
2026/03/26 06:56:56.067,1,NVIDIA GeForce RTX 4080,0,0,2476,16376,42,68.53
2026/03/26 06:57:26.107,0,NVIDIA GeForce RTX 4090,66,46,2520,24564,44,328.84
2026/03/26 06:57:26.113,1,NVIDIA GeForce RTX 4080,83,55,2476,16376,54,101.41
2026/03/26 06:57:56.164,0,NVIDIA GeForce RTX 4090,0,0,2520,24564,37,115.59
2026/03/26 06:57:56.169,1,NVIDIA GeForce RTX 4080,80,54,2476,16376,57,277.86
2026/03/26 06:58:26.250,0,NVIDIA GeForce RTX 4090,0,0,2520,24564,37,70.26
2026/03/26 06:58:26.255,1,NVIDIA GeForce RTX 4080,0,0,2476,16376,40,53.42
2026/03/26 06:58:56.308,0,NVIDIA GeForce RTX 4090,0,0,2520,24564,37,111.34
2026/03/26 06:58:56.314,1,NVIDIA GeForce RTX 4080,0,0,2476,16376,39,55.18
2026/03/26 06:59:26.358,0,NVIDIA GeForce RTX 4090,0,0,2520,24564,36,69.19
2026/03/26 06:59:26.364,1,NVIDIA GeForce RTX 4080,85,57,2476,16376,55,281.84
2026/03/26 06:59:56.467,0,NVIDIA GeForce RTX 4090,67,46,2520,24564,44,331.33
2026/03/26 06:59:56.475,1,NVIDIA GeForce RTX 4080,0,0,2476,16376,40,56.96
2026/03/26 07:00:26.528,0,NVIDIA GeForce RTX 4090,0,0,2520,24564,37,158.25
2026/03/26 07:00:26.535,1,NVIDIA GeForce RTX 4080,78,52,2476,16376,56,271.90
2026/03/26 07:00:56.639,0,NVIDIA GeForce RTX 4090,0,0,2520,24564,35,70.16
2026/03/26 07:00:56.644,1,NVIDIA GeForce RTX 4080,0,0,2476,16376,39,53.80
2026/03/26 07:01:26.697,0,NVIDIA GeForce RTX 4090,57,39,2520,24564,43,307.51
2026/03/26 07:01:26.704,1,NVIDIA GeForce RTX 4080,79,52,2476,16376,55,272.09
2026/03/26 07:01:56.758,0,NVIDIA GeForce RTX 4090,0,0,2520,24564,36,70.15
2026/03/26 07:01:56.764,1,NVIDIA GeForce RTX 4080,0,0,2476,16376,39,53.59
2026/03/26 07:02:26.806,0,NVIDIA GeForce RTX 4090,68,47,2520,24564,44,188.80
2026/03/26 07:02:26.815,1,NVIDIA GeForce RTX 4080,0,0,2476,16376,48,59.94
2026/03/26 07:02:56.872,0,NVIDIA GeForce RTX 4090,0,0,2520,24564,38,112.58
2026/03/26 07:02:56.878,1,NVIDIA GeForce RTX 4080,0,0,2476,16376,40,97.52
2026/03/26 07:03:26.929,0,NVIDIA GeForce RTX 4090,0,0,2520,24564,37,69.35
2026/03/26 07:03:26.933,1,NVIDIA GeForce RTX 4080,85,56,2476,16376,59,287.07
2026/03/26 07:03:56.987,0,NVIDIA GeForce RTX 4090,13,9,2520,24564,41,305.56
2026/03/26 07:03:56.993,1,NVIDIA GeForce RTX 4080,0,0,2476,16376,42,154.18
2026/03/26 07:04:27.044,0,NVIDIA GeForce RTX 4090,61,43,2520,24564,41,192.00
2026/03/26 07:04:27.101,1,NVIDIA GeForce RTX 4080,0,0,2476,16376,39,56.35
2026/03/26 07:04:57.149,0,NVIDIA GeForce RTX 4090,18,13,2520,24564,38,303.17
2026/03/26 07:04:57.155,1,NVIDIA GeForce RTX 4080,0,0,2476,16376,39,57.54
2026/03/26 07:05:27.206,0,NVIDIA GeForce RTX 4090,0,0,2520,24564,37,112.95
2026/03/26 07:05:27.212,1,NVIDIA GeForce RTX 4080,0,0,2476,16376,39,61.21
2026/03/26 07:05:57.264,0,NVIDIA GeForce RTX 4090,0,0,2520,24564,41,83.41
2026/03/26 07:05:57.275,1,NVIDIA GeForce RTX 4080,0,0,2476,16376,41,194.69
2026/03/26 07:06:27.328,0,NVIDIA GeForce RTX 4090,0,0,2520,24564,36,106.67
2026/03/26 07:06:27.335,1,NVIDIA GeForce RTX 4080,0,0,2476,16376,39,57.76
2026/03/26 07:06:57.385,0,NVIDIA GeForce RTX 4090,0,0,2520,24564,35,70.53
2026/03/26 07:06:57.389,1,NVIDIA GeForce RTX 4080,0,0,2476,16376,38,54.26
2026/03/26 07:07:27.440,0,NVIDIA GeForce RTX 4090,0,0,2520,24564,38,240.86
2026/03/26 07:07:27.445,1,NVIDIA GeForce RTX 4080,0,0,14441,16376,38,57.52
2026/03/26 07:07:57.498,0,NVIDIA GeForce RTX 4090,0,0,2520,24564,37,85.82
2026/03/26 07:07:57.503,1,NVIDIA GeForce RTX 4080,0,0,14457,16376,39,75.59
2026/03/26 07:08:27.547,0,NVIDIA GeForce RTX 4090,0,0,2520,24564,37,158.33
2026/03/26 07:08:27.553,1,NVIDIA GeForce RTX 4080,78,52,14457,16376,54,263.10
2026/03/26 07:08:58.485,0,NVIDIA GeForce RTX 4090,0,0,2520,24564,37,80.19
2026/03/26 07:08:58.492,1,NVIDIA GeForce RTX 4080,0,0,14457,16376,40,59.94
2026/03/26 07:09:28.544,0,NVIDIA GeForce RTX 4090,0,0,2520,24564,37,118.86
2026/03/26 07:09:28.551,1,NVIDIA GeForce RTX 4080,79,53,14457,16376,55,272.49
2026/03/26 07:09:58.606,0,NVIDIA GeForce RTX 4090,0,0,2520,24564,38,103.18
2026/03/26 07:09:58.611,1,NVIDIA GeForce RTX 4080,0,0,14457,16376,40,71.61
2026/03/26 07:10:28.651,0,NVIDIA GeForce RTX 4090,0,0,2520,24564,36,69.09
2026/03/26 07:10:28.656,1,NVIDIA GeForce RTX 4080,81,54,14457,16376,55,247.26
2026/03/26 07:10:58.711,0,NVIDIA GeForce RTX 4090,0,0,2520,24564,36,69.20
2026/03/26 07:10:58.716,1,NVIDIA GeForce RTX 4080,84,55,14457,16376,55,95.22
2026/03/26 07:11:28.819,0,NVIDIA GeForce RTX 4090,67,47,2520,24564,44,321.04
2026/03/26 07:11:28.832,1,NVIDIA GeForce RTX 4080,0,0,14457,16376,41,64.03
2026/03/26 07:11:58.883,0,NVIDIA GeForce RTX 4090,0,0,2520,24564,37,69.40
2026/03/26 07:11:58.890,1,NVIDIA GeForce RTX 4080,0,0,14457,16376,41,60.33
2026/03/26 07:12:28.942,0,NVIDIA GeForce RTX 4090,0,0,2520,24564,38,110.62
2026/03/26 07:12:28.949,1,NVIDIA GeForce RTX 4080,0,0,14457,16376,41,60.55
2026/03/26 07:12:58.998,0,NVIDIA GeForce RTX 4090,78,55,2520,24564,45,198.85
2026/03/26 07:12:59.004,1,NVIDIA GeForce RTX 4080,0,0,14457,16376,40,59.17
2026/03/26 07:13:29.054,0,NVIDIA GeForce RTX 4090,0,0,2520,24564,37,73.61
2026/03/26 07:13:29.059,1,NVIDIA GeForce RTX 4080,10,9,14457,16376,43,74.82
2026/03/26 07:13:59.110,0,NVIDIA GeForce RTX 4090,0,0,2520,24564,38,198.46
2026/03/26 07:13:59.115,1,NVIDIA GeForce RTX 4080,82,54,14457,16376,57,268.19
2026/03/26 07:14:29.171,0,NVIDIA GeForce RTX 4090,55,39,2520,24564,40,317.83
2026/03/26 07:14:29.179,1,NVIDIA GeForce RTX 4080,0,0,14457,16376,45,66.31
