General MPNN + edge geom (dt,dr,s2 Z-space) + FC last, k=4 on cuda:0 | batch=48
0001 | 15:39:27 |  25.0s | 1.0e-04 | 0.1101 | 0.8053 | 0.6225 | 0.2533 | 0.0695 | 0.8517 | 0.7360 | 0.4014
0002 | 15:40:02 |  11.8s | 1.0e-04 | 0.0696 | 0.8654 | 0.7646 | 0.4506 | 0.0684 | 0.8985 | 0.7195 | 0.4546
0003 | 15:40:25 |  12.2s | 1.0e-04 | 0.0656 | 0.8743 | 0.7865 | 0.4980 | 0.0629 | 0.8792 | 0.7539 | 0.4633
0004 | 15:40:47 |  12.3s | 1.0e-04 | 0.0621 | 0.8837 | 0.7960 | 0.5279 | 0.0628 | 0.8535 | 0.7966 | 0.4340
0005 | 15:41:10 |  12.7s | 1.0e-04 | 0.0598 | 0.8845 | 0.8032 | 0.5496 | 0.0598 | 0.8518 | 0.8211 | 0.5474
0006 | 15:41:35 |  12.8s | 1.0e-04 | 0.0564 | 0.8906 | 0.8110 | 0.5645 | 0.0576 | 0.8594 | 0.8237 | 0.5379
0007 | 15:41:59 |  13.4s | 1.0e-04 | 0.0563 | 0.8914 | 0.8249 | 0.6144 | 0.0551 | 0.8989 | 0.8021 | 0.5728
0008 | 15:42:26 |  12.3s | 1.0e-04 | 0.0501 | 0.8981 | 0.8417 | 0.6649 | 0.0511 | 0.8631 | 0.8445 | 0.6143
0009 | 15:42:52 |  12.5s | 1.0e-04 | 0.0528 | 0.8939 | 0.8360 | 0.6508 | 0.0542 | 0.9322 | 0.7581 | 0.6558
0010 | 15:43:16 |  12.4s | 1.0e-04 | 0.0486 | 0.8994 | 0.8440 | 0.6751 | 0.0476 | 0.8947 | 0.8425 | 0.6842
0011 | 15:43:40 |  12.8s | 1.0e-04 | 0.0465 | 0.9012 | 0.8565 | 0.7223 | 0.0456 | 0.9082 | 0.8146 | 0.6797
0012 | 15:44:04 |  12.6s | 1.0e-04 | 0.0454 | 0.9004 | 0.8526 | 0.7222 | 0.0448 | 0.8847 | 0.8582 | 0.6858
0013 | 15:44:29 |  12.3s | 1.0e-04 | 0.0440 | 0.9042 | 0.8594 | 0.7325 | 0.0424 | 0.8795 | 0.8669 | 0.7081
0014 | 15:44:55 |  12.4s | 1.0e-04 | 0.0444 | 0.9040 | 0.8640 | 0.7440 | 0.0407 | 0.9021 | 0.8534 | 0.7501
0015 | 15:45:20 |  12.5s | 1.0e-04 | 0.0437 | 0.9063 | 0.8611 | 0.7415 | 0.0426 | 0.8912 | 0.8665 | 0.7419
0016 | 15:45:44 |  12.7s | 1.0e-04 | 0.0418 | 0.9084 | 0.8685 | 0.7691 | 0.0439 | 0.9064 | 0.8312 | 0.7000
0017 | 15:46:08 |  12.7s | 1.0e-04 | 0.0419 | 0.9103 | 0.8677 | 0.7657 | 0.0421 | 0.9121 | 0.8388 | 0.7213
0018 | 15:46:32 |  12.2s | 1.0e-04 | 0.0407 | 0.9120 | 0.8681 | 0.7640 | 0.0398 | 0.8984 | 0.8627 | 0.7357
0019 | 15:46:58 |  12.4s | 1.0e-04 | 0.0392 | 0.9137 | 0.8763 | 0.7869 | 0.0398 | 0.9143 | 0.8565 | 0.7696
0020 | 15:47:24 |  12.6s | 1.0e-04 | 0.0384 | 0.9130 | 0.8831 | 0.8054 | 0.0367 | 0.9125 | 0.8709 | 0.7894
0021 | 15:47:48 |  25.8s | 1.0e-04 | 0.0381 | 0.9153 | 0.8819 | 0.8017 | 0.0414 | 0.8968 | 0.8751 | 0.7710
0022 | 15:48:25 |  12.4s | 1.0e-04 | 0.0375 | 0.9158 | 0.8858 | 0.8117 | 0.0390 | 0.9217 | 0.8444 | 0.7719
0023 | 15:48:49 |  12.8s | 1.0e-04 | 0.0375 | 0.9161 | 0.8859 | 0.8156 | 0.0383 | 0.9203 | 0.8486 | 0.7821
0024 | 15:49:14 |  12.5s | 1.0e-04 | 0.0362 | 0.9199 | 0.8874 | 0.8187 | 0.0405 | 0.8705 | 0.8990 | 0.7659
0025 | 15:49:37 |  12.3s | 1.0e-04 | 0.0358 | 0.9185 | 0.8903 | 0.8288 | 0.0363 | 0.9026 | 0.8926 | 0.7954
0026 | 15:50:03 |  12.3s | 1.0e-04 | 0.0341 | 0.9216 | 0.8974 | 0.8438 | 0.0375 | 0.9125 | 0.8833 | 0.8078
0027 | 15:50:29 |  12.3s | 1.0e-04 | 0.0343 | 0.9222 | 0.8989 | 0.8486 | 0.0354 | 0.8870 | 0.9044 | 0.8163
0028 | 15:50:52 |  12.6s | 1.0e-04 | 0.0332 | 0.9200 | 0.8986 | 0.8457 | 0.0360 | 0.9293 | 0.8667 | 0.8302
0029 | 15:51:16 |  12.8s | 1.0e-04 | 0.0331 | 0.9231 | 0.9036 | 0.8537 | 0.0345 | 0.9111 | 0.8840 | 0.8242
0030 | 15:51:40 |  12.6s | 1.0e-04 | 0.0331 | 0.9251 | 0.9008 | 0.8521 | 0.0374 | 0.8729 | 0.9232 | 0.8185
0031 | 15:52:06 |  12.9s | 1.0e-04 | 0.0319 | 0.9268 | 0.9069 | 0.8654 | 0.0342 | 0.8936 | 0.9221 | 0.8502
0032 | 15:52:31 |  12.8s | 1.0e-04 | 0.0316 | 0.9224 | 0.9053 | 0.8608 | 0.0338 | 0.9128 | 0.9003 | 0.8484
0033 | 15:52:55 |  12.7s | 1.0e-04 | 0.0320 | 0.9259 | 0.9064 | 0.8660 | 0.0342 | 0.9413 | 0.8666 | 0.8403
0034 | 15:53:22 |  12.5s | 1.0e-04 | 0.0312 | 0.9240 | 0.9055 | 0.8647 | 0.0333 | 0.9148 | 0.8965 | 0.8415
0035 | 15:53:49 |  12.4s | 1.0e-04 | 0.0311 | 0.9265 | 0.9087 | 0.8722 | 0.0330 | 0.9313 | 0.8752 | 0.8458
0036 | 15:54:15 |  13.2s | 1.0e-04 | 0.0304 | 0.9278 | 0.9107 | 0.8760 | 0.0305 | 0.9101 | 0.9074 | 0.8539
0037 | 15:54:40 |  12.9s | 1.0e-04 | 0.0302 | 0.9264 | 0.9132 | 0.8778 | 0.0389 | 0.9526 | 0.8351 | 0.8473
0038 | 15:55:04 |  13.1s | 1.0e-04 | 0.0302 | 0.9281 | 0.9123 | 0.8779 | 0.0318 | 0.9323 | 0.8834 | 0.8555
0039 | 15:55:29 |  12.7s | 1.0e-04 | 0.0299 | 0.9285 | 0.9136 | 0.8790 | 0.0303 | 0.9163 | 0.9039 | 0.8542
0040 | 15:55:56 |  12.5s | 1.0e-04 | 0.0304 | 0.9279 | 0.9146 | 0.8822 | 0.0317 | 0.9047 | 0.9091 | 0.8490
0041 | 15:56:25 |  12.5s | 1.0e-04 | 0.0302 | 0.9287 | 0.9147 | 0.8834 | 0.0326 | 0.8959 | 0.9174 | 0.8379
0042 | 15:56:50 |  26.6s | 1.0e-04 | 0.0297 | 0.9299 | 0.9142 | 0.8825 | 0.0333 | 0.9326 | 0.8632 | 0.8335
0043 | 15:57:30 |  12.5s | 1.0e-04 | 0.0293 | 0.9286 | 0.9186 | 0.8934 | 0.0338 | 0.9211 | 0.8890 | 0.8523
0044 | 15:57:54 |  12.5s | 1.0e-04 | 0.0291 | 0.9300 | 0.9184 | 0.8880 | 0.0302 | 0.9076 | 0.9284 | 0.8733
0045 | 15:58:18 |  12.5s | 1.0e-04 | 0.0294 | 0.9300 | 0.9176 | 0.8897 | 0.0304 | 0.9198 | 0.9048 | 0.8664
0046 | 15:58:41 |  12.4s | 1.0e-04 | 0.0289 | 0.9300 | 0.9194 | 0.8930 | 0.0310 | 0.9160 | 0.9196 | 0.8670
0047 | 15:59:07 |  12.3s | 1.0e-04 | 0.0288 | 0.9319 | 0.9211 | 0.8968 | 0.0300 | 0.9247 | 0.9069 | 0.8689
0048 | 15:59:32 |  12.2s | 1.0e-04 | 0.0297 | 0.9306 | 0.9172 | 0.8885 | 0.0315 | 0.9297 | 0.8896 | 0.8553
0049 | 15:59:56 |  12.4s | 1.0e-04 | 0.0286 | 0.9308 | 0.9220 | 0.8973 | 0.0291 | 0.9314 | 0.8961 | 0.8676
0050 | 16:00:19 |  12.6s | 1.0e-04 | 0.0283 | 0.9304 | 0.9232 | 0.8974 | 0.0316 | 0.9158 | 0.8999 | 0.8516
0051 | 16:00:44 |  12.5s | 1.0e-04 | 0.0288 | 0.9315 | 0.9206 | 0.8949 | 0.0300 | 0.9341 | 0.9023 | 0.8765
0052 | 16:01:09 |  12.3s | 1.0e-04 | 0.0285 | 0.9316 | 0.9227 | 0.8982 | 0.0307 | 0.9314 | 0.8954 | 0.8738
0053 | 16:01:35 |  12.2s | 1.0e-04 | 0.0285 | 0.9326 | 0.9224 | 0.8988 | 0.0303 | 0.9316 | 0.9062 | 0.8798
0054 | 16:02:00 |  12.3s | 1.0e-04 | 0.0277 | 0.9345 | 0.9228 | 0.8996 | 0.0300 | 0.9256 | 0.8993 | 0.8568
0055 | 16:02:24 |  12.6s | 1.0e-04 | 0.0277 | 0.9342 | 0.9255 | 0.9037 | 0.0296 | 0.9363 | 0.8908 | 0.8675
0056 | 16:02:48 |  12.6s | 1.0e-04 | 0.0277 | 0.9336 | 0.9236 | 0.9025 | 0.0278 | 0.9269 | 0.9114 | 0.8768
0057 | 16:03:14 |  12.4s | 1.0e-04 | 0.0275 | 0.9341 | 0.9250 | 0.9047 | 0.0301 | 0.9213 | 0.9136 | 0.8752
0058 | 16:03:37 |  12.8s | 1.0e-04 | 0.0274 | 0.9322 | 0.9254 | 0.9039 | 0.0274 | 0.9401 | 0.8921 | 0.8833
0059 | 16:04:02 |  12.6s | 1.0e-04 | 0.0273 | 0.9336 | 0.9270 | 0.9078 | 0.0309 | 0.9317 | 0.8982 | 0.8848
0060 | 16:04:26 |  12.5s | 1.0e-04 | 0.0276 | 0.9320 | 0.9244 | 0.9018 | 0.0280 | 0.9292 | 0.9046 | 0.8763
0061 | 16:04:51 |  12.3s | 1.0e-04 | 0.0279 | 0.9336 | 0.9282 | 0.9087 | 0.0282 | 0.9381 | 0.9017 | 0.8762
0062 | 16:05:17 |  12.4s | 1.0e-04 | 0.0272 | 0.9338 | 0.9265 | 0.9069 | 0.0292 | 0.9143 | 0.9176 | 0.8664
0063 | 16:05:42 |  27.5s | 1.0e-04 | 0.0273 | 0.9333 | 0.9266 | 0.9070 | 0.0286 | 0.9211 | 0.9150 | 0.8770
0064 | 16:06:22 |  12.5s | 1.0e-04 | 0.0270 | 0.9356 | 0.9290 | 0.9115 | 0.0289 | 0.9184 | 0.9182 | 0.8810
0065 | 16:06:48 |  12.4s | 1.0e-04 | 0.0268 | 0.9365 | 0.9297 | 0.9142 | 0.0281 | 0.9139 | 0.9242 | 0.8734
0066 | 16:07:12 |  12.6s | 1.0e-04 | 0.0266 | 0.9353 | 0.9280 | 0.9097 | 0.0281 | 0.9295 | 0.9072 | 0.8732
0067 | 16:07:36 |  12.8s | 1.0e-04 | 0.0263 | 0.9366 | 0.9305 | 0.9152 | 0.0308 | 0.9488 | 0.8679 | 0.8714
0068 | 16:08:01 |  12.6s | 1.0e-04 | 0.0262 | 0.9368 | 0.9300 | 0.9146 | 0.0294 | 0.9222 | 0.9168 | 0.8762
0069 | 16:08:26 |  12.3s | 1.0e-04 | 0.0269 | 0.9351 | 0.9285 | 0.9144 | 0.0287 | 0.9436 | 0.8865 | 0.8836
0070 | 16:08:52 |  12.5s | 1.0e-04 | 0.0265 | 0.9348 | 0.9306 | 0.9144 | 0.0301 | 0.9007 | 0.9396 | 0.8830
0071 | 16:09:17 |  12.6s | 1.0e-04 | 0.0261 | 0.9361 | 0.9313 | 0.9159 | 0.0299 | 0.9202 | 0.9171 | 0.8748
0072 | 16:09:41 |  12.7s | 1.0e-04 | 0.0258 | 0.9380 | 0.9338 | 0.9211 | 0.0291 | 0.9301 | 0.9023 | 0.8759
0073 | 16:10:05 |  12.6s | 1.0e-04 | 0.0262 | 0.9368 | 0.9347 | 0.9191 | 0.0296 | 0.9263 | 0.8963 | 0.8648
0074 | 16:10:29 |  12.3s | 1.0e-04 | 0.0261 | 0.9374 | 0.9307 | 0.9163 | 0.0273 | 0.9020 | 0.9390 | 0.8861
0075 | 16:10:55 |  12.3s | 1.0e-04 | 0.0259 | 0.9376 | 0.9338 | 0.9185 | 0.0288 | 0.8899 | 0.9410 | 0.8730
0076 | 16:11:20 |  12.3s | 1.0e-04 | 0.0257 | 0.9351 | 0.9337 | 0.9192 | 0.0277 | 0.9149 | 0.9153 | 0.8679
0077 | 16:11:44 |  12.7s | 1.0e-04 | 0.0253 | 0.9381 | 0.9348 | 0.9211 | 0.0306 | 0.9027 | 0.9287 | 0.8718
0078 | 16:12:08 |  13.0s | 1.0e-04 | 0.0257 | 0.9363 | 0.9332 | 0.9180 | 0.0272 | 0.9252 | 0.9172 | 0.8814
0079 | 16:12:32 |  12.5s | 1.0e-04 | 0.0270 | 0.9360 | 0.9310 | 0.9137 | 0.0268 | 0.9300 | 0.9093 | 0.8840
0080 | 16:12:58 |  12.2s | 1.0e-04 | 0.0258 | 0.9376 | 0.9310 | 0.9166 | 0.0278 | 0.9195 | 0.9254 | 0.8841
0081 | 16:13:23 |  12.6s | 1.0e-04 | 0.0253 | 0.9371 | 0.9355 | 0.9213 | 0.0264 | 0.9357 | 0.9082 | 0.8909
0082 | 16:13:49 |  12.6s | 1.0e-04 | 0.0255 | 0.9369 | 0.9355 | 0.9222 | 0.0280 | 0.9279 | 0.9130 | 0.8805
0083 | 16:14:14 |  12.5s | 1.0e-04 | 0.0257 | 0.9365 | 0.9359 | 0.9200 | 0.0297 | 0.9417 | 0.8850 | 0.8745
0084 | 16:14:41 |  26.0s | 1.0e-04 | 0.0252 | 0.9360 | 0.9356 | 0.9215 | 0.0281 | 0.9108 | 0.9285 | 0.8798
0085 | 16:15:18 |  12.2s | 1.0e-04 | 0.0255 | 0.9364 | 0.9331 | 0.9181 | 0.0268 | 0.9307 | 0.9242 | 0.9039
0086 | 16:15:43 |  12.1s | 1.0e-04 | 0.0244 | 0.9366 | 0.9344 | 0.9204 | 0.0275 | 0.9330 | 0.9100 | 0.8811
0087 | 16:16:09 |  12.6s | 1.0e-04 | 0.0251 | 0.9355 | 0.9358 | 0.9203 | 0.0289 | 0.9480 | 0.8934 | 0.8943
0088 | 16:16:33 |  12.7s | 1.0e-04 | 0.0245 | 0.9382 | 0.9345 | 0.9219 | 0.0263 | 0.9303 | 0.9135 | 0.8791
0089 | 16:16:57 |  12.6s | 1.0e-04 | 0.0247 | 0.9376 | 0.9331 | 0.9192 | 0.0281 | 0.9439 | 0.9001 | 0.8896
0090 | 16:17:21 |  12.5s | 1.0e-04 | 0.0251 | 0.9383 | 0.9347 | 0.9199 | 0.0275 | 0.9289 | 0.9099 | 0.8812
0091 | 16:17:45 |  12.5s | 1.0e-04 | 0.0252 | 0.9387 | 0.9349 | 0.9215 | 0.0262 | 0.9188 | 0.9263 | 0.8821
0092 | 16:18:12 |  12.2s | 1.0e-04 | 0.0248 | 0.9383 | 0.9348 | 0.9207 | 0.0287 | 0.9211 | 0.9235 | 0.8862
0093 | 16:18:38 |  12.6s | 1.0e-04 | 0.0248 | 0.9367 | 0.9318 | 0.9166 | 0.0276 | 0.9137 | 0.9290 | 0.8832
0094 | 16:19:02 |  12.6s | 1.0e-04 | 0.0249 | 0.9367 | 0.9340 | 0.9207 | 0.0275 | 0.9254 | 0.9125 | 0.8764
0095 | 16:19:26 |  12.5s | 1.0e-04 | 0.0245 | 0.9376 | 0.9341 | 0.9191 | 0.0269 | 0.9173 | 0.9277 | 0.8846
0096 | 16:19:50 |  12.7s | 1.0e-04 | 0.0251 | 0.9374 | 0.9336 | 0.9187 | 0.0269 | 0.9357 | 0.9131 | 0.8919
0097 | 16:20:14 |  12.5s | 1.0e-04 | 0.0246 | 0.9401 | 0.9365 | 0.9247 | 0.0256 | 0.9316 | 0.9145 | 0.8932
0098 | 16:20:40 |  12.1s | 1.0e-04 | 0.0243 | 0.9392 | 0.9356 | 0.9243 | 0.0270 | 0.9349 | 0.9168 | 0.8922
0099 | 16:21:04 |  12.7s | 1.0e-04 | 0.0243 | 0.9378 | 0.9354 | 0.9223 | 0.0260 | 0.9290 | 0.9184 | 0.8905
0100 | 16:21:28 |  12.9s | 1.0e-04 | 0.0239 | 0.9408 | 0.9365 | 0.9260 | 0.0276 | 0.9401 | 0.9002 | 0.8879
0101 | 16:21:52 |  12.9s | 1.0e-04 | 0.0252 | 0.9376 | 0.9326 | 0.9186 | 0.0261 | 0.9180 | 0.9390 | 0.8991
0102 | 16:22:16 |  12.3s | 1.0e-04 | 0.0239 | 0.9407 | 0.9378 | 0.9275 | 0.0279 | 0.9310 | 0.9051 | 0.8806
0103 | 16:22:41 |  12.3s | 1.0e-04 | 0.0242 | 0.9381 | 0.9334 | 0.9196 | 0.0257 | 0.9206 | 0.9339 | 0.8986
0104 | 16:23:07 |  12.8s | 1.0e-04 | 0.0244 | 0.9384 | 0.9344 | 0.9221 | 0.0278 | 0.8985 | 0.9494 | 0.8977
0105 | 16:23:31 |  26.9s | 1.0e-04 | 0.0239 | 0.9380 | 0.9334 | 0.9200 | 0.0266 | 0.9283 | 0.9203 | 0.8964
0106 | 16:24:12 |  12.1s | 1.0e-04 | 0.0237 | 0.9401 | 0.9345 | 0.9232 | 0.0260 | 0.9350 | 0.9081 | 0.8933
0107 | 16:24:37 |  12.4s | 1.0e-04 | 0.0240 | 0.9396 | 0.9360 | 0.9244 | 0.0268 | 0.9130 | 0.9295 | 0.8830
0108 | 16:25:02 |  12.0s | 1.0e-04 | 0.0245 | 0.9391 | 0.9348 | 0.9227 | 0.0266 | 0.9190 | 0.9307 | 0.8913
0109 | 16:25:28 |  12.0s | 1.0e-04 | 0.0243 | 0.9387 | 0.9358 | 0.9223 | 0.0265 | 0.9315 | 0.9192 | 0.8966
0110 | 16:25:52 |  12.3s | 1.0e-04 | 0.0240 | 0.9391 | 0.9347 | 0.9226 | 0.0265 | 0.9222 | 0.9278 | 0.8884
0111 | 16:26:15 |  12.3s | 1.0e-04 | 0.0244 | 0.9398 | 0.9346 | 0.9234 | 0.0256 | 0.9271 | 0.9301 | 0.9030
0112 | 16:26:39 |  12.3s | 1.0e-04 | 0.0236 | 0.9375 | 0.9408 | 0.9282 | 0.0277 | 0.9358 | 0.9017 | 0.8896
0113 | 16:27:03 |  12.1s | 1.0e-04 | 0.0241 | 0.9402 | 0.9378 | 0.9270 | 0.0266 | 0.9314 | 0.9124 | 0.8849
0114 | 16:27:29 |  12.3s | 1.0e-04 | 0.0233 | 0.9412 | 0.9362 | 0.9251 | 0.0271 | 0.9378 | 0.9054 | 0.8843
0115 | 16:27:54 |  12.4s | 1.0e-04 | 0.0241 | 0.9415 | 0.9360 | 0.9255 | 0.0257 | 0.9253 | 0.9257 | 0.8924
0116 | 16:28:18 |  12.2s | 1.0e-04 | 0.0236 | 0.9415 | 0.9361 | 0.9253 | 0.0265 | 0.9218 | 0.9374 | 0.9067
0117 | 16:28:41 |  12.5s | 1.0e-04 | 0.0240 | 0.9389 | 0.9363 | 0.9235 | 0.0271 | 0.9344 | 0.9159 | 0.8989
0118 | 16:29:05 |  12.0s | 1.0e-04 | 0.0238 | 0.9372 | 0.9367 | 0.9246 | 0.0252 | 0.9423 | 0.9075 | 0.8997
0119 | 16:29:31 |  12.1s | 1.0e-04 | 0.0233 | 0.9402 | 0.9374 | 0.9257 | 0.0257 | 0.9255 | 0.9329 | 0.9003
0120 | 16:29:55 |  12.2s | 1.0e-04 | 0.0237 | 0.9399 | 0.9367 | 0.9266 | 0.0271 | 0.9014 | 0.9468 | 0.8963
0121 | 16:30:18 |  12.6s | 1.0e-04 | 0.0243 | 0.9385 | 0.9381 | 0.9262 | 0.0265 | 0.9173 | 0.9416 | 0.9045
0122 | 16:30:42 |  12.3s | 1.0e-04 | 0.0233 | 0.9407 | 0.9397 | 0.9303 | 0.0265 | 0.9384 | 0.9097 | 0.8944
0123 | 16:31:06 |  12.2s | 1.0e-04 | 0.0233 | 0.9425 | 0.9368 | 0.9282 | 0.0274 | 0.9138 | 0.9367 | 0.8961
0124 | 16:31:32 |  12.1s | 1.0e-04 | 0.0236 | 0.9394 | 0.9374 | 0.9261 | 0.0279 | 0.9197 | 0.9258 | 0.8901
0125 | 16:31:55 |  12.0s | 1.0e-04 | 0.0235 | 0.9396 | 0.9382 | 0.9272 | 0.0257 | 0.9370 | 0.9197 | 0.9047
0126 | 16:32:23 |  13.6s | 1.0e-04 | 0.0235 | 0.9426 | 0.9415 | 0.9341 | 0.0260 | 0.9228 | 0.9189 | 0.8842
0127 | 16:32:48 |  13.1s | 1.0e-04 | 0.0234 | 0.9414 | 0.9417 | 0.9336 | 0.0265 | 0.9205 | 0.9288 | 0.8942
0128 | 16:33:12 |  12.8s | 1.0e-04 | 0.0241 | 0.9414 | 0.9394 | 0.9295 | 0.0253 | 0.9340 | 0.9222 | 0.8998
0129 | 16:33:37 |  12.6s | 1.0e-04 | 0.0233 | 0.9419 | 0.9393 | 0.9311 | 0.0260 | 0.9301 | 0.9144 | 0.8944
0130 | 16:34:03 |  12.2s | 1.0e-04 | 0.0239 | 0.9400 | 0.9408 | 0.9319 | 0.0252 | 0.9323 | 0.9192 | 0.8979
0131 | 16:34:28 |  12.6s | 1.0e-04 | 0.0236 | 0.9390 | 0.9391 | 0.9279 | 0.0252 | 0.9289 | 0.9264 | 0.8997
0132 | 16:34:52 |  12.9s | 1.0e-04 | 0.0240 | 0.9418 | 0.9412 | 0.9338 | 0.0268 | 0.9233 | 0.9327 | 0.8998
0133 | 16:35:16 |  12.5s | 1.0e-04 | 0.0238 | 0.9400 | 0.9386 | 0.9274 | 0.0288 | 0.9369 | 0.9071 | 0.8863
0134 | 16:35:41 |  12.6s | 1.0e-04 | 0.0231 | 0.9431 | 0.9409 | 0.9351 | 0.0247 | 0.9178 | 0.9381 | 0.9008
0135 | 16:36:06 |  12.7s | 1.0e-04 | 0.0234 | 0.9411 | 0.9413 | 0.9327 | 0.0267 | 0.9370 | 0.9041 | 0.8862
0136 | 16:36:30 |  12.7s | 1.0e-04 | 0.0239 | 0.9418 | 0.9394 | 0.9315 | 0.0265 | 0.9395 | 0.9109 | 0.9018
0137 | 16:36:53 |  12.8s | 1.0e-04 | 0.0238 | 0.9416 | 0.9422 | 0.9332 | 0.0249 | 0.9301 | 0.9205 | 0.8939
0138 | 16:37:19 |  12.6s | 1.0e-04 | 0.0236 | 0.9419 | 0.9407 | 0.9326 | 0.0260 | 0.9177 | 0.9352 | 0.8994
0139 | 16:37:45 |  12.7s | 1.0e-04 | 0.0235 | 0.9422 | 0.9439 | 0.9359 | 0.0272 | 0.9266 | 0.9248 | 0.8928
0140 | 16:38:10 |  12.7s | 1.0e-04 | 0.0236 | 0.9402 | 0.9406 | 0.9311 | 0.0264 | 0.9274 | 0.9164 | 0.8858
0141 | 16:38:34 |  12.9s | 1.0e-04 | 0.0236 | 0.9411 | 0.9424 | 0.9340 | 0.0265 | 0.9246 | 0.9284 | 0.8972
0142 | 16:38:58 |  12.7s | 1.0e-04 | 0.0224 | 0.9430 | 0.9429 | 0.9362 | 0.0254 | 0.9178 | 0.9366 | 0.9000
0143 | 16:39:22 |  12.8s | 1.0e-04 | 0.0235 | 0.9421 | 0.9422 | 0.9348 | 0.0257 | 0.9281 | 0.9209 | 0.8958
0144 | 16:39:47 |  12.5s | 1.0e-04 | 0.0233 | 0.9420 | 0.9414 | 0.9322 | 0.0268 | 0.9147 | 0.9279 | 0.8797
0145 | 16:40:13 |  12.4s | 1.0e-04 | 0.0235 | 0.9404 | 0.9412 | 0.9315 | 0.0268 | 0.9262 | 0.9232 | 0.8856
0146 | 16:40:36 |  28.5s | 1.0e-04 | 0.0238 | 0.9412 | 0.9402 | 0.9306 | 0.0263 | 0.9277 | 0.9314 | 0.9007
0147 | 16:41:18 |  12.5s | 1.0e-04 | 0.0227 | 0.9421 | 0.9435 | 0.9355 | 0.0249 | 0.9159 | 0.9433 | 0.9091
0148 | 16:41:44 |  12.3s | 1.0e-04 | 0.0228 | 0.9418 | 0.9404 | 0.9325 | 0.0253 | 0.9382 | 0.9145 | 0.9062
0149 | 16:42:07 |  12.8s | 1.0e-04 | 0.0230 | 0.9412 | 0.9396 | 0.9310 | 0.0246 | 0.9357 | 0.9205 | 0.9076
0150 | 16:42:31 |  12.9s | 1.0e-04 | 0.0224 | 0.9436 | 0.9426 | 0.9361 | 0.0256 | 0.9385 | 0.9161 | 0.9045
0151 | 16:42:55 |  12.7s | 1.0e-04 | 0.0231 | 0.9419 | 0.9413 | 0.9328 | 0.0269 | 0.9464 | 0.9005 | 0.8958
0152 | 16:43:19 |  12.4s | 1.0e-04 | 0.0231 | 0.9415 | 0.9400 | 0.9313 | 0.0258 | 0.9358 | 0.9170 | 0.8972
0153 | 16:43:44 |  13.0s | 1.0e-04 | 0.0227 | 0.9438 | 0.9400 | 0.9330 | 0.0255 | 0.9262 | 0.9338 | 0.8989
0154 | 16:44:11 |  12.5s | 1.0e-04 | 0.0229 | 0.9417 | 0.9413 | 0.9338 | 0.0257 | 0.9350 | 0.9266 | 0.9110
0155 | 16:44:35 |  12.5s | 1.0e-04 | 0.0226 | 0.9423 | 0.9410 | 0.9328 | 0.0254 | 0.9252 | 0.9340 | 0.9068
0156 | 16:44:58 |  12.8s | 1.0e-04 | 0.0233 | 0.9417 | 0.9397 | 0.9299 | 0.0258 | 0.9284 | 0.9273 | 0.9037
0157 | 16:45:22 |  13.4s | 1.0e-04 | 0.0231 | 0.9417 | 0.9404 | 0.9324 | 0.0269 | 0.9201 | 0.9361 | 0.8984
0158 | 16:45:49 |  12.5s | 1.0e-04 | 0.0228 | 0.9426 | 0.9426 | 0.9348 | 0.0237 | 0.9463 | 0.9127 | 0.9093
0159 | 16:46:15 |  12.4s | 1.0e-04 | 0.0228 | 0.9430 | 0.9409 | 0.9336 | 0.0250 | 0.9420 | 0.9221 | 0.9126
0160 | 16:46:38 |  12.7s | 1.0e-04 | 0.0226 | 0.9413 | 0.9421 | 0.9336 | 0.0249 | 0.9151 | 0.9404 | 0.8993
0161 | 16:47:02 |  12.8s | 1.0e-04 | 0.0234 | 0.9417 | 0.9407 | 0.9319 | 0.0239 | 0.9319 | 0.9308 | 0.9122
0162 | 16:47:26 |  12.5s | 1.0e-04 | 0.0231 | 0.9413 | 0.9436 | 0.9347 | 0.0257 | 0.9218 | 0.9342 | 0.8999
0163 | 16:47:51 |  12.5s | 1.0e-04 | 0.0230 | 0.9439 | 0.9414 | 0.9350 | 0.0246 | 0.9290 | 0.9317 | 0.9050
0164 | 16:48:16 |  12.3s | 1.0e-04 | 0.0226 | 0.9431 | 0.9416 | 0.9341 | 0.0254 | 0.9173 | 0.9359 | 0.8971
0165 | 16:48:40 |  12.5s | 1.0e-04 | 0.0223 | 0.9442 | 0.9444 | 0.9394 | 0.0252 | 0.9252 | 0.9227 | 0.8950
0166 | 16:49:03 |  12.7s | 1.0e-04 | 0.0223 | 0.9438 | 0.9434 | 0.9371 | 0.0256 | 0.9464 | 0.9060 | 0.9003
0167 | 16:49:27 |  33.3s | 1.0e-04 | 0.0221 | 0.9447 | 0.9415 | 0.9357 | 0.0252 | 0.9413 | 0.9191 | 0.9089
0168 | 16:50:12 |  12.4s | 1.0e-04 | 0.0217 | 0.9432 | 0.9417 | 0.9348 | 0.0259 | 0.9192 | 0.9393 | 0.9048
0169 | 16:50:36 |  13.0s | 1.0e-04 | 0.0223 | 0.9428 | 0.9397 | 0.9310 | 0.0241 | 0.9378 | 0.9296 | 0.9161
0170 | 16:51:00 |  12.6s | 1.0e-04 | 0.0220 | 0.9433 | 0.9407 | 0.9337 | 0.0251 | 0.9118 | 0.9444 | 0.9032
0171 | 16:51:23 |  12.5s | 1.0e-04 | 0.0216 | 0.9431 | 0.9422 | 0.9346 | 0.0253 | 0.9332 | 0.9282 | 0.9051
0172 | 16:51:49 |  12.5s | 1.0e-04 | 0.0220 | 0.9417 | 0.9402 | 0.9303 | 0.0257 | 0.9485 | 0.9072 | 0.8961
0173 | 16:52:14 |  12.6s | 1.0e-04 | 0.0216 | 0.9428 | 0.9402 | 0.9329 | 0.0251 | 0.9354 | 0.9210 | 0.9009
0174 | 16:52:38 |  12.8s | 1.0e-04 | 0.0224 | 0.9424 | 0.9395 | 0.9313 | 0.0261 | 0.9443 | 0.9117 | 0.9112
0175 | 16:53:02 |  12.9s | 1.0e-04 | 0.0217 | 0.9423 | 0.9440 | 0.9358 | 0.0246 | 0.9267 | 0.9326 | 0.9068
0176 | 16:53:26 |  12.6s | 1.0e-04 | 0.0220 | 0.9433 | 0.9413 | 0.9347 | 0.0258 | 0.9146 | 0.9454 | 0.9094
0177 | 16:53:51 |  12.3s | 1.0e-04 | 0.0216 | 0.9453 | 0.9433 | 0.9391 | 0.0246 | 0.9266 | 0.9297 | 0.9020
0178 | 16:54:17 |  12.4s | 1.0e-04 | 0.0216 | 0.9444 | 0.9434 | 0.9386 | 0.0243 | 0.9370 | 0.9159 | 0.8982
0179 | 16:54:41 |  12.6s | 1.0e-04 | 0.0219 | 0.9433 | 0.9427 | 0.9364 | 0.0247 | 0.9368 | 0.9336 | 0.9152
0180 | 16:55:04 |  12.8s | 1.0e-04 | 0.0220 | 0.9428 | 0.9417 | 0.9345 | 0.0254 | 0.9389 | 0.9224 | 0.9103
0181 | 16:55:29 |  12.8s | 1.0e-04 | 0.0219 | 0.9420 | 0.9393 | 0.9311 | 0.0255 | 0.9215 | 0.9361 | 0.9053
0182 | 16:55:53 |  12.4s | 1.0e-04 | 0.0217 | 0.9433 | 0.9429 | 0.9357 | 0.0266 | 0.9143 | 0.9428 | 0.9045
0183 | 16:56:18 |  12.6s | 1.0e-04 | 0.0224 | 0.9423 | 0.9409 | 0.9327 | 0.0245 | 0.9196 | 0.9487 | 0.9169
0184 | 16:56:42 |  12.7s | 1.0e-04 | 0.0218 | 0.9430 | 0.9427 | 0.9357 | 0.0246 | 0.9305 | 0.9252 | 0.8975
0185 | 16:57:08 |  12.3s | 1.0e-04 | 0.0218 | 0.9427 | 0.9417 | 0.9339 | 0.0247 | 0.9395 | 0.9266 | 0.9144
0186 | 16:57:35 |  12.4s | 1.0e-04 | 0.0218 | 0.9423 | 0.9409 | 0.9335 | 0.0242 | 0.9411 | 0.9268 | 0.9165
0187 | 16:57:59 |  12.9s | 1.0e-04 | 0.0213 | 0.9444 | 0.9420 | 0.9368 | 0.0257 | 0.9420 | 0.9122 | 0.8990
0188 | 16:58:23 |  28.5s | 1.0e-04 | 0.0223 | 0.9452 | 0.9433 | 0.9381 | 0.0246 | 0.9348 | 0.9234 | 0.9098
0189 | 16:59:06 |  12.0s | 1.0e-04 | 0.0228 | 0.9445 | 0.9438 | 0.9376 | 0.0251 | 0.9416 | 0.9265 | 0.9169
0190 | 16:59:31 |  12.3s | 1.0e-04 | 0.0221 | 0.9440 | 0.9458 | 0.9394 | 0.0246 | 0.9407 | 0.9129 | 0.9029
0191 | 16:59:54 |  12.7s | 1.0e-04 | 0.0223 | 0.9458 | 0.9447 | 0.9403 | 0.0244 | 0.9316 | 0.9295 | 0.9060
0192 | 17:00:18 |  12.6s | 1.0e-04 | 0.0227 | 0.9437 | 0.9454 | 0.9398 | 0.0256 | 0.9365 | 0.9217 | 0.9033
0193 | 17:00:42 |  12.2s | 1.0e-04 | 0.0223 | 0.9453 | 0.9456 | 0.9409 | 0.0252 | 0.9321 | 0.9291 | 0.9049
0194 | 17:01:08 |  12.3s | 1.0e-04 | 0.0221 | 0.9468 | 0.9450 | 0.9418 | 0.0253 | 0.9226 | 0.9381 | 0.9066
0195 | 17:01:34 |  12.2s | 1.0e-04 | 0.0225 | 0.9429 | 0.9449 | 0.9386 | 0.0272 | 0.8978 | 0.9547 | 0.9071
0196 | 17:01:57 |  12.3s | 1.0e-04 | 0.0224 | 0.9426 | 0.9443 | 0.9370 | 0.0237 | 0.9363 | 0.9246 | 0.9107
0197 | 17:02:21 |  12.7s | 1.0e-04 | 0.0217 | 0.9455 | 0.9448 | 0.9410 | 0.0252 | 0.9384 | 0.9256 | 0.9124
0198 | 17:02:45 |  12.5s | 1.0e-04 | 0.0219 | 0.9460 | 0.9459 | 0.9419 | 0.0243 | 0.9351 | 0.9247 | 0.9002
0199 | 17:03:10 |  12.1s | 1.0e-04 | 0.0221 | 0.9438 | 0.9462 | 0.9402 | 0.0253 | 0.9202 | 0.9419 | 0.9085
0200 | 17:03:35 |  12.2s | 1.0e-04 | 0.0220 | 0.9457 | 0.9454 | 0.9406 | 0.0248 | 0.9329 | 0.9207 | 0.8946
0201 | 17:04:00 |  12.2s | 1.0e-04 | 0.0215 | 0.9468 | 0.9457 | 0.9428 | 0.0254 | 0.9468 | 0.9103 | 0.9089
0202 | 17:04:24 |  12.6s | 1.0e-04 | 0.0220 | 0.9435 | 0.9455 | 0.9392 | 0.0250 | 0.9132 | 0.9493 | 0.9119
0203 | 17:04:48 |  12.3s | 1.0e-04 | 0.0218 | 0.9453 | 0.9476 | 0.9432 | 0.0260 | 0.9171 | 0.9358 | 0.8974
0204 | 17:05:12 |  12.5s | 1.0e-04 | 0.0230 | 0.9434 | 0.9450 | 0.9386 | 0.0263 | 0.9056 | 0.9468 | 0.9018
0205 | 17:05:37 |  12.0s | 1.0e-04 | 0.0214 | 0.9467 | 0.9500 | 0.9466 | 0.0251 | 0.9298 | 0.9278 | 0.9035
0206 | 17:06:03 |  12.3s | 1.0e-04 | 0.0220 | 0.9460 | 0.9466 | 0.9421 | 0.0254 | 0.9187 | 0.9341 | 0.8973
0207 | 17:06:28 |  12.2s | 1.0e-04 | 0.0219 | 0.9457 | 0.9471 | 0.9428 | 0.0250 | 0.9247 | 0.9348 | 0.9021
0208 | 17:06:52 |  12.6s | 1.0e-04 | 0.0213 | 0.9468 | 0.9468 | 0.9436 | 0.0236 | 0.9171 | 0.9435 | 0.9090
0209 | 17:07:19 |  28.4s | 1.0e-04 | 0.0223 | 0.9431 | 0.9471 | 0.9412 | 0.0245 | 0.9365 | 0.9261 | 0.9104
0210 | 17:07:58 |  12.2s | 1.0e-04 | 0.0222 | 0.9439 | 0.9440 | 0.9386 | 0.0230 | 0.9361 | 0.9381 | 0.9222
0211 | 17:08:23 |  12.4s | 1.0e-04 | 0.0222 | 0.9432 | 0.9421 | 0.9353 | 0.0249 | 0.9352 | 0.9293 | 0.9127
0212 | 17:08:50 |  12.1s | 1.0e-04 | 0.0218 | 0.9452 | 0.9441 | 0.9394 | 0.0251 | 0.9384 | 0.9229 | 0.9097
0213 | 17:09:14 |  12.2s | 1.0e-04 | 0.0216 | 0.9450 | 0.9437 | 0.9387 | 0.0256 | 0.9265 | 0.9339 | 0.9067
0214 | 17:09:38 |  12.7s | 1.0e-04 | 0.0214 | 0.9440 | 0.9453 | 0.9401 | 0.0250 | 0.9417 | 0.9169 | 0.9074
0215 | 17:10:02 |  12.6s | 1.0e-04 | 0.0221 | 0.9442 | 0.9442 | 0.9385 | 0.0242 | 0.9411 | 0.9172 | 0.9090
0216 | 17:10:26 |  12.8s | 1.0e-04 | 0.0218 | 0.9462 | 0.9426 | 0.9389 | 0.0253 | 0.9309 | 0.9229 | 0.9011
0217 | 17:10:52 |  12.2s | 1.0e-04 | 0.0214 | 0.9450 | 0.9468 | 0.9413 | 0.0248 | 0.9297 | 0.9373 | 0.9143
0218 | 17:11:18 |  12.3s | 1.0e-04 | 0.0216 | 0.9445 | 0.9441 | 0.9393 | 0.0262 | 0.9357 | 0.9160 | 0.8993
0219 | 17:11:43 |  12.5s | 1.0e-04 | 0.0217 | 0.9446 | 0.9439 | 0.9380 | 0.0233 | 0.9434 | 0.9233 | 0.9208
0220 | 17:12:07 |  12.5s | 1.0e-04 | 0.0219 | 0.9450 | 0.9450 | 0.9394 | 0.0255 | 0.9412 | 0.9208 | 0.9118
0221 | 17:12:30 |  12.5s | 1.0e-04 | 0.0217 | 0.9466 | 0.9455 | 0.9423 | 0.0245 | 0.9303 | 0.9336 | 0.9080
0222 | 17:12:55 |  12.3s | 1.0e-04 | 0.0220 | 0.9430 | 0.9448 | 0.9385 | 0.0245 | 0.9347 | 0.9246 | 0.9062
0223 | 17:13:21 |  12.2s | 1.0e-04 | 0.0213 | 0.9453 | 0.9451 | 0.9400 | 0.0227 | 0.9442 | 0.9259 | 0.9157
0224 | 17:13:46 |  12.3s | 1.0e-04 | 0.0224 | 0.9435 | 0.9436 | 0.9380 | 0.0237 | 0.9301 | 0.9376 | 0.9132
0225 | 17:14:10 |  12.6s | 1.0e-04 | 0.0218 | 0.9440 | 0.9447 | 0.9395 | 0.0246 | 0.9336 | 0.9278 | 0.9035
0226 | 17:14:34 |  12.6s | 1.0e-04 | 0.0217 | 0.9469 | 0.9454 | 0.9428 | 0.0250 | 0.9205 | 0.9389 | 0.9074
0227 | 17:14:59 |  12.5s | 1.0e-04 | 0.0222 | 0.9450 | 0.9447 | 0.9403 | 0.0245 | 0.9390 | 0.9200 | 0.9035
0228 | 17:15:24 |  12.6s | 1.0e-04 | 0.0221 | 0.9441 | 0.9464 | 0.9401 | 0.0241 | 0.9398 | 0.9187 | 0.9061
0229 | 17:15:51 |  12.2s | 1.0e-04 | 0.0211 | 0.9460 | 0.9469 | 0.9433 | 0.0247 | 0.9499 | 0.9039 | 0.9079
0230 | 17:16:15 |  27.4s | 1.0e-04 | 0.0203 | 0.9499 | 0.9491 | 0.9491 | 0.0246 | 0.9247 | 0.9231 | 0.8914
0231 | 17:16:56 |  12.6s | 1.0e-04 | 0.0205 | 0.9478 | 0.9503 | 0.9480 | 0.0252 | 0.9296 | 0.9254 | 0.9016
0232 | 17:17:22 |  12.2s | 1.0e-04 | 0.0207 | 0.9495 | 0.9487 | 0.9483 | 0.0240 | 0.9379 | 0.9243 | 0.9148
0233 | 17:17:49 |  12.4s | 1.0e-04 | 0.0210 | 0.9470 | 0.9464 | 0.9441 | 0.0237 | 0.9379 | 0.9260 | 0.9134
0234 | 17:18:14 |  12.2s | 1.0e-04 | 0.0210 | 0.9481 | 0.9468 | 0.9443 | 0.0241 | 0.9229 | 0.9442 | 0.9157
0235 | 17:18:40 |  12.3s | 1.0e-04 | 0.0209 | 0.9473 | 0.9483 | 0.9458 | 0.0248 | 0.9339 | 0.9288 | 0.9070
0236 | 17:19:05 |  12.2s | 1.0e-04 | 0.0203 | 0.9488 | 0.9496 | 0.9483 | 0.0242 | 0.9280 | 0.9385 | 0.9138
0237 | 17:19:29 |  12.3s | 1.0e-04 | 0.0201 | 0.9486 | 0.9504 | 0.9488 | 0.0244 | 0.9436 | 0.9131 | 0.9026
0238 | 17:19:53 |  12.4s | 1.0e-04 | 0.0205 | 0.9494 | 0.9501 | 0.9495 | 0.0248 | 0.9248 | 0.9310 | 0.9041
0239 | 17:20:16 |  12.2s | 1.0e-04 | 0.0207 | 0.9474 | 0.9486 | 0.9464 | 0.0241 | 0.9314 | 0.9316 | 0.9058
0240 | 17:20:41 |  12.5s | 1.0e-04 | 0.0207 | 0.9488 | 0.9495 | 0.9484 | 0.0241 | 0.9297 | 0.9397 | 0.9152
0241 | 17:21:08 |  12.6s | 1.0e-04 | 0.0205 | 0.9494 | 0.9480 | 0.9475 | 0.0252 | 0.9102 | 0.9478 | 0.9069
0242 | 17:21:32 |  12.4s | 1.0e-04 | 0.0209 | 0.9452 | 0.9489 | 0.9442 | 0.0256 | 0.9155 | 0.9444 | 0.9031
0243 | 17:21:56 |  12.6s | 1.0e-04 | 0.0210 | 0.9485 | 0.9479 | 0.9465 | 0.0250 | 0.9156 | 0.9392 | 0.9006
0244 | 17:22:20 |  12.3s | 1.0e-04 | 0.0203 | 0.9485 | 0.9502 | 0.9486 | 0.0245 | 0.9155 | 0.9389 | 0.9009
0245 | 17:22:44 |  12.2s | 1.0e-04 | 0.0196 | 0.9493 | 0.9506 | 0.9498 | 0.0250 | 0.9244 | 0.9389 | 0.9092
0246 | 17:23:09 |  12.1s | 1.0e-04 | 0.0202 | 0.9484 | 0.9482 | 0.9468 | 0.0241 | 0.9371 | 0.9195 | 0.9034
0247 | 17:23:35 |  12.1s | 1.0e-04 | 0.0207 | 0.9465 | 0.9481 | 0.9444 | 0.0236 | 0.9346 | 0.9313 | 0.9130
0248 | 17:23:58 |  12.6s | 1.0e-04 | 0.0207 | 0.9483 | 0.9499 | 0.9483 | 0.0257 | 0.9371 | 0.9193 | 0.9009
0249 | 17:24:22 |  12.6s | 1.0e-04 | 0.0206 | 0.9490 | 0.9497 | 0.9485 | 0.0247 | 0.9218 | 0.9428 | 0.9133
0250 | 17:24:46 |  12.6s | 1.0e-04 | 0.0201 | 0.9497 | 0.9498 | 0.9495 | 0.0246 | 0.9278 | 0.9343 | 0.9060
0251 | 17:25:13 |  12.8s | 1.0e-04 | 0.0195 | 0.9480 | 0.9505 | 0.9486 | 0.0254 | 0.9235 | 0.9370 | 0.9056
0252 | 17:25:39 |  12.4s | 1.0e-04 | 0.0201 | 0.9497 | 0.9512 | 0.9511 | 0.0249 | 0.9144 | 0.9411 | 0.9007
0253 | 17:26:06 |  12.2s | 1.0e-04 | 0.0203 | 0.9485 | 0.9483 | 0.9468 | 0.0246 | 0.9235 | 0.9361 | 0.9077
0254 | 17:26:30 |  12.5s | 1.0e-04 | 0.0201 | 0.9497 | 0.9500 | 0.9497 | 0.0233 | 0.9224 | 0.9358 | 0.9074
0255 | 17:26:53 |  12.6s | 1.0e-04 | 0.0201 | 0.9482 | 0.9475 | 0.9460 | 0.0245 | 0.9285 | 0.9308 | 0.9059
0256 | 17:27:17 |  12.4s | 1.0e-04 | 0.0209 | 0.9494 | 0.9500 | 0.9495 | 0.0242 | 0.9334 | 0.9319 | 0.9171
0257 | 17:27:42 |  12.2s | 1.0e-04 | 0.0201 | 0.9487 | 0.9484 | 0.9472 | 0.0246 | 0.9352 | 0.9274 | 0.9114
0258 | 17:28:08 |  12.4s | 1.0e-04 | 0.0206 | 0.9483 | 0.9483 | 0.9469 | 0.0231 | 0.9412 | 0.9252 | 0.9163
0259 | 17:28:32 |  12.4s | 1.0e-04 | 0.0202 | 0.9478 | 0.9480 | 0.9457 | 0.0246 | 0.9307 | 0.9303 | 0.9072
0260 | 17:28:57 |  12.4s | 1.0e-04 | 0.0201 | 0.9498 | 0.9500 | 0.9498 | 0.0247 | 0.9369 | 0.9245 | 0.9098
0261 | 17:29:23 |  11.9s | 1.0e-04 | 0.0200 | 0.9490 | 0.9477 | 0.9464 | 0.0237 | 0.9351 | 0.9348 | 0.9189
0262 | 17:29:48 |  12.1s | 1.0e-04 | 0.0209 | 0.9471 | 0.9499 | 0.9470 | 0.0241 | 0.9369 | 0.9295 | 0.9124
0263 | 17:30:11 |  12.6s | 1.0e-04 | 0.0200 | 0.9502 | 0.9498 | 0.9501 | 0.0238 | 0.9198 | 0.9425 | 0.9092
0264 | 17:30:35 |  12.4s | 1.0e-04 | 0.0204 | 0.9480 | 0.9502 | 0.9482 | 0.0250 | 0.9261 | 0.9374 | 0.9111
0265 | 17:30:59 |  12.5s | 1.0e-04 | 0.0202 | 0.9486 | 0.9493 | 0.9482 | 0.0238 | 0.9237 | 0.9428 | 0.9127
0266 | 17:31:25 |  12.4s | 1.0e-04 | 0.0202 | 0.9485 | 0.9495 | 0.9481 | 0.0237 | 0.9342 | 0.9286 | 0.9095
0267 | 17:31:51 |  12.4s | 1.0e-04 | 0.0193 | 0.9497 | 0.9508 | 0.9508 | 0.0239 | 0.9261 | 0.9405 | 0.9127
0268 | 17:32:15 |  12.7s | 1.0e-04 | 0.0200 | 0.9488 | 0.9514 | 0.9502 | 0.0230 | 0.9274 | 0.9463 | 0.9226
0269 | 17:32:39 |  12.7s | 1.0e-04 | 0.0200 | 0.9507 | 0.9495 | 0.9502 | 0.0246 | 0.9155 | 0.9525 | 0.9183
0270 | 17:33:03 |  12.7s | 1.0e-04 | 0.0202 | 0.9486 | 0.9525 | 0.9506 | 0.0229 | 0.9395 | 0.9313 | 0.9196
0271 | 17:33:29 |  29.8s | 1.0e-04 | 0.0204 | 0.9475 | 0.9507 | 0.9484 | 0.0243 | 0.9317 | 0.9335 | 0.9103
0272 | 17:34:11 |  12.6s | 1.0e-04 | 0.0213 | 0.9451 | 0.9480 | 0.9428 | 0.0235 | 0.9371 | 0.9276 | 0.9112
0273 | 17:34:35 |  12.5s | 1.0e-04 | 0.0211 | 0.9458 | 0.9467 | 0.9426 | 0.0250 | 0.9369 | 0.9247 | 0.9082
0274 | 17:35:00 |  12.4s | 1.0e-04 | 0.0214 | 0.9452 | 0.9462 | 0.9412 | 0.0237 | 0.9328 | 0.9359 | 0.9157
0275 | 17:35:26 |  12.1s | 1.0e-04 | 0.0205 | 0.9486 | 0.9462 | 0.9444 | 0.0237 | 0.9335 | 0.9393 | 0.9186
0276 | 17:35:51 |  12.2s | 1.0e-04 | 0.0207 | 0.9482 | 0.9482 | 0.9464 | 0.0245 | 0.9499 | 0.9088 | 0.9133
0277 | 17:36:15 |  12.7s | 1.0e-04 | 0.0213 | 0.9441 | 0.9478 | 0.9415 | 0.0247 | 0.9230 | 0.9436 | 0.9154
0278 | 17:36:39 |  12.3s | 1.0e-04 | 0.0214 | 0.9449 | 0.9465 | 0.9414 | 0.0242 | 0.9203 | 0.9440 | 0.9138
0279 | 17:37:03 |  12.1s | 1.0e-04 | 0.0211 | 0.9472 | 0.9458 | 0.9432 | 0.0236 | 0.9380 | 0.9280 | 0.9150
0280 | 17:37:28 |  12.3s | 1.0e-04 | 0.0213 | 0.9453 | 0.9460 | 0.9411 | 0.0243 | 0.9196 | 0.9419 | 0.9100
0281 | 17:37:54 |  12.6s | 1.0e-04 | 0.0215 | 0.9463 | 0.9456 | 0.9422 | 0.0245 | 0.9345 | 0.9312 | 0.9107
0282 | 17:38:18 |  12.6s | 1.0e-04 | 0.0213 | 0.9463 | 0.9464 | 0.9429 | 0.0239 | 0.9294 | 0.9356 | 0.9105
0283 | 17:38:42 |  12.6s | 1.0e-04 | 0.0211 | 0.9482 | 0.9469 | 0.9459 | 0.0233 | 0.9415 | 0.9196 | 0.9132
0284 | 17:39:08 |  12.3s | 1.0e-04 | 0.0216 | 0.9464 | 0.9480 | 0.9445 | 0.0240 | 0.9287 | 0.9366 | 0.9151
0285 | 17:39:32 |  12.4s | 1.0e-04 | 0.0212 | 0.9472 | 0.9462 | 0.9433 | 0.0229 | 0.9278 | 0.9413 | 0.9177
0286 | 17:39:56 |  12.4s | 1.0e-04 | 0.0212 | 0.9475 | 0.9480 | 0.9455 | 0.0228 | 0.9324 | 0.9358 | 0.9165
0287 | 17:40:20 |  12.8s | 1.0e-04 | 0.0212 | 0.9452 | 0.9481 | 0.9434 | 0.0236 | 0.9429 | 0.9081 | 0.9031
0288 | 17:40:45 |  12.2s | 1.0e-04 | 0.0209 | 0.9482 | 0.9475 | 0.9461 | 0.0237 | 0.9334 | 0.9353 | 0.9202
0289 | 17:41:11 |  12.3s | 1.0e-04 | 0.0210 | 0.9472 | 0.9472 | 0.9440 | 0.0245 | 0.9330 | 0.9248 | 0.9089
0290 | 17:41:35 |  12.5s | 1.0e-04 | 0.0213 | 0.9468 | 0.9489 | 0.9460 | 0.0238 | 0.9450 | 0.9192 | 0.9179
0291 | 17:41:59 |  12.6s | 1.0e-04 | 0.0212 | 0.9451 | 0.9484 | 0.9437 | 0.0230 | 0.9284 | 0.9399 | 0.9123
0292 | 17:42:23 |  26.2s | 1.0e-04 | 0.0208 | 0.9456 | 0.9468 | 0.9425 | 0.0239 | 0.9440 | 0.9226 | 0.9175
0293 | 17:43:01 |  12.3s | 1.0e-04 | 0.0198 | 0.9476 | 0.9482 | 0.9458 | 0.0244 | 0.9466 | 0.9162 | 0.9147
0294 | 17:43:24 |  12.1s | 1.0e-04 | 0.0203 | 0.9477 | 0.9481 | 0.9459 | 0.0231 | 0.9335 | 0.9340 | 0.9160
0295 | 17:43:49 |  11.7s | 1.0e-04 | 0.0200 | 0.9486 | 0.9504 | 0.9490 | 0.0245 | 0.9118 | 0.9537 | 0.9153
0296 | 17:44:12 |  12.2s | 1.0e-04 | 0.0202 | 0.9472 | 0.9480 | 0.9449 | 0.0240 | 0.9299 | 0.9432 | 0.9216
0297 | 17:44:35 |  12.5s | 1.0e-04 | 0.0207 | 0.9476 | 0.9439 | 0.9419 | 0.0244 | 0.9298 | 0.9334 | 0.9100
0298 | 17:44:59 |  12.2s | 1.0e-04 | 0.0200 | 0.9491 | 0.9492 | 0.9485 | 0.0235 | 0.9228 | 0.9429 | 0.9152
0299 | 17:45:23 |  11.8s | 1.0e-04 | 0.0201 | 0.9479 | 0.9484 | 0.9461 | 0.0246 | 0.9414 | 0.9212 | 0.9129
0300 | 17:45:49 |  11.8s | 1.0e-04 | 0.0206 | 0.9486 | 0.9475 | 0.9460 | 0.0247 | 0.9432 | 0.9191 | 0.9154
0301 | 17:46:13 |  12.0s | 1.0e-04 | 0.0196 | 0.9475 | 0.9491 | 0.9468 | 0.0230 | 0.9378 | 0.9251 | 0.9111
0302 | 17:46:36 |  12.1s | 1.0e-04 | 0.0200 | 0.9491 | 0.9509 | 0.9499 | 0.0239 | 0.9476 | 0.9160 | 0.9142
0303 | 17:46:59 |  12.1s | 1.0e-04 | 0.0196 | 0.9491 | 0.9499 | 0.9490 | 0.0252 | 0.9386 | 0.9194 | 0.9022
0304 | 17:47:24 |  11.7s | 1.0e-04 | 0.0196 | 0.9483 | 0.9486 | 0.9470 | 0.0241 | 0.9267 | 0.9415 | 0.9167
0305 | 17:47:49 |  12.3s | 1.0e-04 | 0.0199 | 0.9497 | 0.9494 | 0.9492 | 0.0238 | 0.9392 | 0.9272 | 0.9156
0306 | 17:48:13 |  12.0s | 1.0e-04 | 0.0196 | 0.9471 | 0.9500 | 0.9471 | 0.0237 | 0.9372 | 0.9316 | 0.9143
0307 | 17:48:36 |  12.7s | 1.0e-04 | 0.0202 | 0.9472 | 0.9484 | 0.9455 | 0.0238 | 0.9318 | 0.9230 | 0.9042
0308 | 17:49:00 |  11.9s | 1.0e-04 | 0.0199 | 0.9480 | 0.9493 | 0.9474 | 0.0246 | 0.9329 | 0.9293 | 0.9071
0309 | 17:49:25 |  11.9s | 1.0e-04 | 0.0200 | 0.9477 | 0.9494 | 0.9470 | 0.0237 | 0.9285 | 0.9394 | 0.9162
0310 | 17:49:52 |  12.4s | 1.0e-04 | 0.0192 | 0.9494 | 0.9501 | 0.9494 | 0.0250 | 0.9330 | 0.9229 | 0.9033
0311 | 17:50:16 |  12.4s | 1.0e-04 | 0.0189 | 0.9515 | 0.9499 | 0.9514 | 0.0243 | 0.9344 | 0.9289 | 0.9124
0312 | 17:50:40 |  12.2s | 1.0e-04 | 0.0200 | 0.9484 | 0.9483 | 0.9466 | 0.0233 | 0.9370 | 0.9332 | 0.9173
0313 | 17:51:04 |  25.8s | 1.0e-04 | 0.0195 | 0.9494 | 0.9510 | 0.9503 | 0.0228 | 0.9469 | 0.9233 | 0.9193
0314 | 17:51:40 |  12.6s | 1.0e-04 | 0.0201 | 0.9482 | 0.9485 | 0.9471 | 0.0253 | 0.9433 | 0.9215 | 0.9145
0315 | 17:52:04 |  12.5s | 1.0e-04 | 0.0200 | 0.9455 | 0.9489 | 0.9445 | 0.0231 | 0.9501 | 0.9180 | 0.9213
0316 | 17:52:29 |  12.5s | 1.0e-04 | 0.0201 | 0.9479 | 0.9477 | 0.9460 | 0.0252 | 0.9249 | 0.9371 | 0.9105
0317 | 17:52:55 |  12.1s | 1.0e-04 | 0.0201 | 0.9471 | 0.9475 | 0.9448 | 0.0233 | 0.9334 | 0.9366 | 0.9195
0318 | 17:53:20 |  12.4s | 1.0e-04 | 0.0197 | 0.9490 | 0.9487 | 0.9479 | 0.0237 | 0.9172 | 0.9487 | 0.9153
0319 | 17:53:43 |  12.7s | 1.0e-04 | 0.0199 | 0.9476 | 0.9499 | 0.9475 | 0.0241 | 0.9248 | 0.9415 | 0.9139
0320 | 17:54:07 |  12.5s | 1.0e-04 | 0.0201 | 0.9474 | 0.9484 | 0.9457 | 0.0236 | 0.9389 | 0.9372 | 0.9248
0321 | 17:54:31 |  12.3s | 1.0e-04 | 0.0198 | 0.9465 | 0.9508 | 0.9472 | 0.0242 | 0.9514 | 0.9110 | 0.9168
0322 | 17:54:57 |  12.2s | 1.0e-04 | 0.0210 | 0.9461 | 0.9474 | 0.9437 | 0.0224 | 0.9302 | 0.9348 | 0.9158
0323 | 17:55:22 |  12.5s | 1.0e-04 | 0.0203 | 0.9474 | 0.9469 | 0.9449 | 0.0245 | 0.9428 | 0.9223 | 0.9128
0324 | 17:55:46 |  12.5s | 1.0e-04 | 0.0199 | 0.9470 | 0.9476 | 0.9448 | 0.0247 | 0.9420 | 0.9244 | 0.9129
0325 | 17:56:10 |  12.6s | 1.0e-04 | 0.0204 | 0.9471 | 0.9468 | 0.9441 | 0.0237 | 0.9376 | 0.9273 | 0.9155
0326 | 17:56:34 |  12.6s | 1.0e-04 | 0.0198 | 0.9481 | 0.9467 | 0.9451 | 0.0232 | 0.9468 | 0.9278 | 0.9260
0327 | 17:56:59 |  12.3s | 1.0e-04 | 0.0197 | 0.9478 | 0.9481 | 0.9460 | 0.0231 | 0.9374 | 0.9260 | 0.9107
0328 | 17:57:25 |  12.5s | 1.0e-04 | 0.0198 | 0.9500 | 0.9475 | 0.9475 | 0.0230 | 0.9302 | 0.9380 | 0.9168
0329 | 17:57:49 |  12.5s | 1.0e-04 | 0.0203 | 0.9475 | 0.9490 | 0.9467 | 0.0234 | 0.9295 | 0.9453 | 0.9244
0330 | 17:58:13 |  12.6s | 1.0e-04 | 0.0199 | 0.9484 | 0.9466 | 0.9451 | 0.0235 | 0.9321 | 0.9288 | 0.9136
0331 | 17:58:37 |  12.5s | 1.0e-04 | 0.0202 | 0.9476 | 0.9477 | 0.9451 | 0.0229 | 0.9321 | 0.9408 | 0.9209
0332 | 17:59:02 |  12.5s | 1.0e-04 | 0.0202 | 0.9486 | 0.9465 | 0.9451 | 0.0236 | 0.9290 | 0.9378 | 0.9164
0333 | 17:59:28 |  12.2s | 1.0e-04 | 0.0203 | 0.9468 | 0.9469 | 0.9440 | 0.0241 | 0.9474 | 0.9171 | 0.9129
0334 | 17:59:53 |  27.1s | 1.0e-04 | 0.0207 | 0.9465 | 0.9464 | 0.9431 | 0.0245 | 0.9432 | 0.9227 | 0.9145
0335 | 18:00:32 |  12.2s | 1.0e-04 | 0.0202 | 0.9474 | 0.9463 | 0.9439 | 0.0228 | 0.9332 | 0.9397 | 0.9218
0336 | 18:00:55 |  11.8s | 1.0e-04 | 0.0200 | 0.9457 | 0.9483 | 0.9446 | 0.0244 | 0.9171 | 0.9389 | 0.9014
0337 | 18:01:19 |  12.0s | 1.0e-04 | 0.0206 | 0.9456 | 0.9478 | 0.9438 | 0.0236 | 0.9326 | 0.9383 | 0.9174
0338 | 18:01:46 |  12.0s | 1.0e-04 | 0.0204 | 0.9477 | 0.9492 | 0.9466 | 0.0236 | 0.9332 | 0.9278 | 0.9060
0339 | 18:02:10 |  12.3s | 1.0e-04 | 0.0202 | 0.9488 | 0.9503 | 0.9490 | 0.0225 | 0.9361 | 0.9368 | 0.9230
0340 | 18:02:34 |  12.4s | 1.0e-04 | 0.0207 | 0.9456 | 0.9476 | 0.9434 | 0.0248 | 0.9353 | 0.9347 | 0.9174
0341 | 18:02:57 |  12.3s | 1.0e-04 | 0.0198 | 0.9481 | 0.9499 | 0.9480 | 0.0243 | 0.9417 | 0.9192 | 0.9106
0342 | 18:03:21 |  11.9s | 1.0e-04 | 0.0205 | 0.9454 | 0.9486 | 0.9441 | 0.0234 | 0.9293 | 0.9432 | 0.9216
0343 | 18:03:48 |  11.9s | 1.0e-04 | 0.0207 | 0.9474 | 0.9480 | 0.9456 | 0.0236 | 0.9363 | 0.9241 | 0.9061
0344 | 18:04:13 |  12.1s | 1.0e-04 | 0.0205 | 0.9486 | 0.9483 | 0.9470 | 0.0233 | 0.9446 | 0.9247 | 0.9185
0345 | 18:04:37 |  12.3s | 1.0e-04 | 0.0204 | 0.9488 | 0.9458 | 0.9452 | 0.0241 | 0.9349 | 0.9249 | 0.9085
0346 | 18:05:00 |  12.5s | 1.0e-04 | 0.0199 | 0.9487 | 0.9497 | 0.9485 | 0.0240 | 0.9263 | 0.9368 | 0.9083
0347 | 18:05:24 |  11.9s | 1.0e-04 | 0.0201 | 0.9470 | 0.9493 | 0.9462 | 0.0243 | 0.9170 | 0.9497 | 0.9164
0348 | 18:05:49 |  11.7s | 1.0e-04 | 0.0199 | 0.9478 | 0.9458 | 0.9433 | 0.0227 | 0.9319 | 0.9378 | 0.9185
0349 | 18:06:14 |  12.1s | 1.0e-04 | 0.0205 | 0.9470 | 0.9474 | 0.9441 | 0.0233 | 0.9448 | 0.9195 | 0.9145
0350 | 18:06:37 |  12.4s | 1.0e-04 | 0.0202 | 0.9479 | 0.9461 | 0.9439 | 0.0246 | 0.9387 | 0.9356 | 0.9230
0351 | 18:07:01 |  12.3s | 1.0e-04 | 0.0201 | 0.9475 | 0.9484 | 0.9459 | 0.0228 | 0.9452 | 0.9267 | 0.9213
0352 | 18:07:24 |  12.3s | 1.0e-04 | 0.0200 | 0.9482 | 0.9484 | 0.9467 | 0.0232 | 0.9294 | 0.9390 | 0.9138
0353 | 18:07:49 |  12.0s | 1.0e-04 | 0.0205 | 0.9481 | 0.9459 | 0.9441 | 0.0236 | 0.9255 | 0.9483 | 0.9240
0354 | 18:08:15 |  12.0s | 1.0e-04 | 0.0206 | 0.9479 | 0.9473 | 0.9453 | 0.0241 | 0.9315 | 0.9313 | 0.9078
0355 | 18:08:38 |  26.5s | 1.0e-04 | 0.0203 | 0.9492 | 0.9511 | 0.9501 | 0.0240 | 0.9242 | 0.9453 | 0.9189
0356 | 18:09:19 |  12.0s | 1.0e-04 | 0.0202 | 0.9498 | 0.9513 | 0.9507 | 0.0248 | 0.9259 | 0.9416 | 0.9117
0357 | 18:09:43 |  12.4s | 1.0e-04 | 0.0200 | 0.9505 | 0.9525 | 0.9530 | 0.0246 | 0.9340 | 0.9277 | 0.9105
0358 | 18:10:07 |  12.4s | 1.0e-04 | 0.0205 | 0.9506 | 0.9509 | 0.9514 | 0.0234 | 0.9249 | 0.9418 | 0.9174
0359 | 18:10:31 |  12.5s | 1.0e-04 | 0.0207 | 0.9498 | 0.9513 | 0.9511 | 0.0254 | 0.9081 | 0.9528 | 0.9120
0360 | 18:10:54 |  12.6s | 1.0e-04 | 0.0205 | 0.9489 | 0.9525 | 0.9508 | 0.0238 | 0.9405 | 0.9257 | 0.9124
0361 | 18:11:19 |  12.7s | 1.0e-04 | 0.0202 | 0.9506 | 0.9539 | 0.9535 | 0.0229 | 0.9373 | 0.9356 | 0.9212
0362 | 18:11:43 |  12.5s | 1.0e-04 | 0.0202 | 0.9513 | 0.9529 | 0.9538 | 0.0240 | 0.9303 | 0.9348 | 0.9134
0363 | 18:12:07 |  12.1s | 1.0e-04 | 0.0203 | 0.9499 | 0.9519 | 0.9514 | 0.0224 | 0.9378 | 0.9317 | 0.9195
0364 | 18:12:32 |  11.9s | 1.0e-04 | 0.0201 | 0.9510 | 0.9525 | 0.9529 | 0.0236 | 0.9202 | 0.9491 | 0.9191
0365 | 18:12:57 |  12.2s | 1.0e-04 | 0.0208 | 0.9476 | 0.9518 | 0.9489 | 0.0248 | 0.9251 | 0.9392 | 0.9114
0366 | 18:13:21 |  12.4s | 1.0e-04 | 0.0202 | 0.9502 | 0.9503 | 0.9506 | 0.0227 | 0.9205 | 0.9481 | 0.9178
0367 | 18:13:45 |  12.7s | 1.0e-04 | 0.0201 | 0.9497 | 0.9540 | 0.9535 | 0.0242 | 0.9210 | 0.9462 | 0.9161
0368 | 18:14:09 |  12.4s | 1.0e-04 | 0.0205 | 0.9493 | 0.9516 | 0.9507 | 0.0234 | 0.9340 | 0.9354 | 0.9167
0369 | 18:14:33 |  12.2s | 1.0e-04 | 0.0202 | 0.9510 | 0.9518 | 0.9529 | 0.0241 | 0.9212 | 0.9400 | 0.9080
0370 | 18:14:59 |  12.3s | 1.0e-04 | 0.0203 | 0.9495 | 0.9519 | 0.9511 | 0.0226 | 0.9352 | 0.9375 | 0.9218
0371 | 18:15:24 |  12.3s | 1.0e-04 | 0.0202 | 0.9507 | 0.9535 | 0.9543 | 0.0227 | 0.9426 | 0.9326 | 0.9222
0372 | 18:15:47 |  12.7s | 1.0e-04 | 0.0200 | 0.9520 | 0.9524 | 0.9544 | 0.0233 | 0.9324 | 0.9424 | 0.9227
0373 | 18:16:11 |  12.4s | 1.0e-04 | 0.0198 | 0.9512 | 0.9543 | 0.9542 | 0.0240 | 0.9334 | 0.9307 | 0.9159
0374 | 18:16:35 |  12.2s | 1.0e-04 | 0.0205 | 0.9502 | 0.9523 | 0.9522 | 0.0240 | 0.9305 | 0.9354 | 0.9134
0375 | 18:17:01 |  12.7s | 1.0e-04 | 0.0207 | 0.9498 | 0.9508 | 0.9508 | 0.0227 | 0.9308 | 0.9403 | 0.9203
0376 | 18:17:30 |  12.3s | 1.0e-04 | 0.0195 | 0.9495 | 0.9523 | 0.9517 | 0.0243 | 0.9301 | 0.9377 | 0.9169
0377 | 18:17:53 |  12.7s | 1.0e-04 | 0.0199 | 0.9477 | 0.9492 | 0.9468 | 0.0226 | 0.9359 | 0.9350 | 0.9187
0378 | 18:18:17 |  12.7s | 1.0e-04 | 0.0197 | 0.9497 | 0.9518 | 0.9517 | 0.0230 | 0.9338 | 0.9369 | 0.9148
0379 | 18:18:41 |  12.7s | 1.0e-04 | 0.0197 | 0.9498 | 0.9512 | 0.9510 | 0.0231 | 0.9338 | 0.9437 | 0.9274
0380 | 18:19:06 |  12.3s | 1.0e-04 | 0.0201 | 0.9492 | 0.9512 | 0.9501 | 0.0236 | 0.9439 | 0.9212 | 0.9137
0381 | 18:19:32 |  12.3s | 1.0e-04 | 0.0197 | 0.9505 | 0.9509 | 0.9513 | 0.0240 | 0.9168 | 0.9526 | 0.9200
0382 | 18:19:57 |  12.4s | 1.0e-04 | 0.0201 | 0.9504 | 0.9502 | 0.9506 | 0.0226 | 0.9306 | 0.9374 | 0.9163
0383 | 18:20:20 |  12.6s | 1.0e-04 | 0.0192 | 0.9514 | 0.9521 | 0.9535 | 0.0240 | 0.9406 | 0.9274 | 0.9185
0384 | 18:20:44 |  12.3s | 1.0e-04 | 0.0198 | 0.9493 | 0.9512 | 0.9504 | 0.0236 | 0.9342 | 0.9316 | 0.9126
0385 | 18:21:08 |  12.3s | 1.0e-04 | 0.0200 | 0.9494 | 0.9516 | 0.9508 | 0.0230 | 0.9297 | 0.9437 | 0.9199
0386 | 18:21:34 |  12.5s | 1.0e-04 | 0.0199 | 0.9498 | 0.9505 | 0.9503 | 0.0222 | 0.9424 | 0.9315 | 0.9243
0387 | 18:21:59 |  12.5s | 1.0e-04 | 0.0195 | 0.9523 | 0.9507 | 0.9529 | 0.0227 | 0.9476 | 0.9283 | 0.9246
0388 | 18:22:23 |  12.4s | 1.0e-04 | 0.0197 | 0.9497 | 0.9511 | 0.9507 | 0.0241 | 0.9326 | 0.9303 | 0.9092
0389 | 18:22:49 |  12.1s | 1.0e-04 | 0.0197 | 0.9511 | 0.9510 | 0.9518 | 0.0222 | 0.9365 | 0.9379 | 0.9251
0390 | 18:23:14 |  12.6s | 1.0e-04 | 0.0198 | 0.9512 | 0.9504 | 0.9515 | 0.0251 | 0.9255 | 0.9410 | 0.9142
0391 | 18:23:38 |  12.9s | 1.0e-04 | 0.0200 | 0.9501 | 0.9483 | 0.9486 | 0.0235 | 0.9283 | 0.9443 | 0.9224
0392 | 18:24:02 |  12.5s | 1.0e-04 | 0.0195 | 0.9508 | 0.9531 | 0.9533 | 0.0227 | 0.9347 | 0.9418 | 0.9241
0393 | 18:24:26 |  12.3s | 1.0e-04 | 0.0199 | 0.9491 | 0.9517 | 0.9507 | 0.0241 | 0.9450 | 0.9251 | 0.9209
0394 | 18:24:51 |  12.4s | 1.0e-04 | 0.0201 | 0.9503 | 0.9510 | 0.9511 | 0.0223 | 0.9353 | 0.9366 | 0.9213
0395 | 18:25:17 |  12.7s | 1.0e-04 | 0.0192 | 0.9529 | 0.9507 | 0.9535 | 0.0236 | 0.9385 | 0.9344 | 0.9204
0396 | 18:25:41 |  27.9s | 1.0e-04 | 0.0197 | 0.9497 | 0.9509 | 0.9506 | 0.0238 | 0.9269 | 0.9403 | 0.9178
0397 | 18:26:23 |  12.2s | 1.0e-04 | 0.0195 | 0.9507 | 0.9504 | 0.9512 | 0.0228 | 0.9396 | 0.9311 | 0.9221
0398 | 18:26:48 |  12.6s | 1.0e-04 | 0.0206 | 0.9470 | 0.9508 | 0.9478 | 0.0233 | 0.9501 | 0.9134 | 0.9188
0399 | 18:27:13 |  13.2s | 1.0e-04 | 0.0203 | 0.9490 | 0.9500 | 0.9490 | 0.0227 | 0.9386 | 0.9274 | 0.9122
0400 | 18:27:37 |  12.6s | 1.0e-04 | 0.0203 | 0.9497 | 0.9495 | 0.9492 | 0.0229 | 0.9338 | 0.9411 | 0.9262
0401 | 18:28:01 |  12.6s | 1.0e-04 | 0.0204 | 0.9481 | 0.9492 | 0.9475 | 0.0245 | 0.9326 | 0.9366 | 0.9190
0402 | 18:28:26 |  12.5s | 1.0e-04 | 0.0199 | 0.9487 | 0.9502 | 0.9489 | 0.0236 | 0.9386 | 0.9328 | 0.9197
0403 | 18:28:52 |  12.3s | 1.0e-04 | 0.0203 | 0.9497 | 0.9512 | 0.9506 | 0.0227 | 0.9336 | 0.9465 | 0.9288
0404 | 18:29:16 |  12.7s | 1.0e-04 | 0.0202 | 0.9510 | 0.9505 | 0.9517 | 0.0243 | 0.9136 | 0.9548 | 0.9201
0405 | 18:29:40 |  12.7s | 1.0e-04 | 0.0201 | 0.9489 | 0.9504 | 0.9493 | 0.0236 | 0.9408 | 0.9277 | 0.9169
0406 | 18:30:04 |  12.6s | 1.0e-04 | 0.0199 | 0.9494 | 0.9511 | 0.9504 | 0.0230 | 0.9326 | 0.9418 | 0.9242
0407 | 18:30:29 |  12.3s | 1.0e-04 | 0.0202 | 0.9484 | 0.9510 | 0.9493 | 0.0239 | 0.9229 | 0.9483 | 0.9207
0408 | 18:30:54 |  12.2s | 1.0e-04 | 0.0198 | 0.9515 | 0.9518 | 0.9533 | 0.0229 | 0.9268 | 0.9437 | 0.9196
0409 | 18:31:19 |  12.2s | 1.0e-04 | 0.0203 | 0.9480 | 0.9502 | 0.9482 | 0.0224 | 0.9347 | 0.9433 | 0.9268
0410 | 18:31:43 |  12.8s | 1.0e-04 | 0.0199 | 0.9508 | 0.9513 | 0.9520 | 0.0226 | 0.9440 | 0.9231 | 0.9222
0411 | 18:32:07 |  12.6s | 1.0e-04 | 0.0202 | 0.9511 | 0.9504 | 0.9515 | 0.0229 | 0.9387 | 0.9313 | 0.9175
0412 | 18:32:32 |  12.5s | 1.0e-04 | 0.0204 | 0.9491 | 0.9481 | 0.9472 | 0.0223 | 0.9310 | 0.9403 | 0.9190
0413 | 18:32:56 |  12.5s | 1.0e-04 | 0.0201 | 0.9498 | 0.9488 | 0.9487 | 0.0232 | 0.9416 | 0.9302 | 0.9223
0414 | 18:33:20 |  12.9s | 1.0e-04 | 0.0202 | 0.9496 | 0.9516 | 0.9511 | 0.0238 | 0.9217 | 0.9466 | 0.9185
0415 | 18:33:44 |  12.7s | 1.0e-04 | 0.0204 | 0.9495 | 0.9496 | 0.9491 | 0.0230 | 0.9295 | 0.9396 | 0.9166
0416 | 18:34:08 |  12.5s | 1.0e-04 | 0.0202 | 0.9492 | 0.9505 | 0.9498 | 0.0236 | 0.9466 | 0.9225 | 0.9193
0417 | 18:34:35 |  27.1s | 1.0e-04 | 0.0200 | 0.9493 | 0.9513 | 0.9503 | 0.0229 | 0.9347 | 0.9397 | 0.9231
0418 | 18:35:13 |  12.4s | 1.0e-04 | 0.0195 | 0.9493 | 0.9495 | 0.9490 | 0.0224 | 0.9439 | 0.9336 | 0.9257
0419 | 18:35:38 |  12.6s | 1.0e-04 | 0.0199 | 0.9490 | 0.9504 | 0.9492 | 0.0229 | 0.9371 | 0.9355 | 0.9224
0420 | 18:36:04 |  12.3s | 1.0e-04 | 0.0188 | 0.9502 | 0.9527 | 0.9528 | 0.0225 | 0.9323 | 0.9434 | 0.9244
0421 | 18:36:28 |  12.7s | 1.0e-04 | 0.0194 | 0.9508 | 0.9505 | 0.9510 | 0.0226 | 0.9416 | 0.9287 | 0.9134
0422 | 18:36:52 |  12.6s | 1.0e-04 | 0.0195 | 0.9488 | 0.9497 | 0.9482 | 0.0231 | 0.9377 | 0.9361 | 0.9235
0423 | 18:37:16 |  12.6s | 1.0e-04 | 0.0192 | 0.9486 | 0.9502 | 0.9487 | 0.0215 | 0.9267 | 0.9504 | 0.9276
0424 | 18:37:41 |  12.4s | 1.0e-04 | 0.0195 | 0.9485 | 0.9511 | 0.9498 | 0.0223 | 0.9350 | 0.9402 | 0.9266
0425 | 18:38:06 |  12.5s | 1.0e-04 | 0.0190 | 0.9500 | 0.9487 | 0.9486 | 0.0230 | 0.9406 | 0.9328 | 0.9183
0426 | 18:38:31 |  12.5s | 1.0e-04 | 0.0192 | 0.9505 | 0.9484 | 0.9487 | 0.0233 | 0.9327 | 0.9379 | 0.9158
0427 | 18:38:54 |  12.7s | 1.0e-04 | 0.0194 | 0.9494 | 0.9497 | 0.9492 | 0.0229 | 0.9401 | 0.9337 | 0.9208
0428 | 18:39:18 |  12.8s | 1.0e-04 | 0.0189 | 0.9503 | 0.9537 | 0.9535 | 0.0234 | 0.9268 | 0.9458 | 0.9199
0429 | 18:39:42 |  12.5s | 1.0e-04 | 0.0192 | 0.9508 | 0.9505 | 0.9513 | 0.0220 | 0.9323 | 0.9387 | 0.9217
0430 | 18:40:08 |  12.7s | 1.0e-04 | 0.0193 | 0.9512 | 0.9501 | 0.9513 | 0.0216 | 0.9238 | 0.9523 | 0.9263
0431 | 18:40:33 |  12.4s | 1.0e-04 | 0.0187 | 0.9521 | 0.9524 | 0.9545 | 0.0231 | 0.9401 | 0.9320 | 0.9206
0432 | 18:40:57 |  12.6s | 1.0e-04 | 0.0190 | 0.9506 | 0.9525 | 0.9524 | 0.0228 | 0.9328 | 0.9333 | 0.9135
0433 | 18:41:20 |  12.4s | 1.0e-04 | 0.0194 | 0.9492 | 0.9492 | 0.9486 | 0.0236 | 0.9207 | 0.9439 | 0.9105
0434 | 18:41:44 |  12.1s | 1.0e-04 | 0.0192 | 0.9513 | 0.9520 | 0.9526 | 0.0240 | 0.9307 | 0.9416 | 0.9195
0435 | 18:42:10 |  12.3s | 1.0e-04 | 0.0191 | 0.9516 | 0.9531 | 0.9538 | 0.0238 | 0.9328 | 0.9380 | 0.9179
0436 | 18:42:34 |  12.5s | 1.0e-04 | 0.0193 | 0.9495 | 0.9512 | 0.9504 | 0.0229 | 0.9278 | 0.9451 | 0.9235
0437 | 18:42:57 |  12.6s | 1.0e-04 | 0.0196 | 0.9491 | 0.9510 | 0.9502 | 0.0235 | 0.9414 | 0.9243 | 0.9166
0438 | 18:43:23 |  23.3s | 1.0e-04 | 0.0192 | 0.9506 | 0.9521 | 0.9528 | 0.0223 | 0.9384 | 0.9315 | 0.9216
0439 | 18:43:59 |  11.8s | 1.0e-04 | 0.0197 | 0.9506 | 0.9523 | 0.9526 | 0.0236 | 0.9332 | 0.9361 | 0.9182
0440 | 18:44:24 |  12.0s | 1.0e-04 | 0.0198 | 0.9509 | 0.9506 | 0.9514 | 0.0240 | 0.9284 | 0.9331 | 0.9085
0441 | 18:44:47 |  12.5s | 1.0e-04 | 0.0193 | 0.9509 | 0.9533 | 0.9534 | 0.0225 | 0.9348 | 0.9431 | 0.9278
0442 | 18:45:10 |  12.4s | 1.0e-04 | 0.0209 | 0.9511 | 0.9530 | 0.9536 | 0.0231 | 0.9368 | 0.9370 | 0.9209
0443 | 18:45:34 |  12.1s | 1.0e-04 | 0.0195 | 0.9515 | 0.9524 | 0.9535 | 0.0229 | 0.9319 | 0.9385 | 0.9196
0444 | 18:45:59 |  12.2s | 1.0e-04 | 0.0194 | 0.9514 | 0.9538 | 0.9547 | 0.0222 | 0.9399 | 0.9335 | 0.9230
0445 | 18:46:24 |  12.4s | 1.0e-04 | 0.0195 | 0.9500 | 0.9520 | 0.9519 | 0.0232 | 0.9308 | 0.9370 | 0.9141
0446 | 18:46:48 |  12.4s | 1.0e-04 | 0.0198 | 0.9506 | 0.9529 | 0.9527 | 0.0228 | 0.9286 | 0.9365 | 0.9153
0447 | 18:47:12 |  12.4s | 1.0e-04 | 0.0195 | 0.9505 | 0.9514 | 0.9515 | 0.0224 | 0.9335 | 0.9398 | 0.9219
0448 | 18:47:35 |  12.1s | 1.0e-04 | 0.0198 | 0.9494 | 0.9518 | 0.9510 | 0.0213 | 0.9417 | 0.9334 | 0.9270
0449 | 18:48:00 |  12.2s | 1.0e-04 | 0.0195 | 0.9516 | 0.9513 | 0.9530 | 0.0225 | 0.9309 | 0.9369 | 0.9161
0450 | 18:48:25 |  12.2s | 1.0e-04 | 0.0194 | 0.9508 | 0.9541 | 0.9538 | 0.0226 | 0.9379 | 0.9338 | 0.9201
0451 | 18:48:49 |  12.2s | 1.0e-04 | 0.0199 | 0.9499 | 0.9511 | 0.9512 | 0.0214 | 0.9447 | 0.9333 | 0.9257
0452 | 18:49:12 |  12.6s | 1.0e-04 | 0.0193 | 0.9519 | 0.9533 | 0.9546 | 0.0230 | 0.9375 | 0.9368 | 0.9252
0453 | 18:49:35 |  12.7s | 1.0e-04 | 0.0198 | 0.9502 | 0.9514 | 0.9512 | 0.0227 | 0.9333 | 0.9402 | 0.9208
0454 | 18:50:00 |  12.3s | 1.0e-04 | 0.0196 | 0.9515 | 0.9531 | 0.9540 | 0.0239 | 0.9325 | 0.9376 | 0.9194
0455 | 18:50:26 |  12.2s | 1.0e-04 | 0.0194 | 0.9517 | 0.9518 | 0.9533 | 0.0233 | 0.9269 | 0.9439 | 0.9169
0456 | 18:50:50 |  12.0s | 1.0e-04 | 0.0193 | 0.9501 | 0.9512 | 0.9513 | 0.0228 | 0.9358 | 0.9317 | 0.9181
0457 | 18:51:13 |  12.4s | 1.0e-04 | 0.0189 | 0.9524 | 0.9527 | 0.9551 | 0.0220 | 0.9342 | 0.9400 | 0.9205
0458 | 18:51:37 |  12.4s | 1.0e-04 | 0.0198 | 0.9495 | 0.9544 | 0.9532 | 0.0220 | 0.9437 | 0.9267 | 0.9194
0459 | 18:52:01 |  28.2s | 1.0e-04 | 0.0197 | 0.9494 | 0.9499 | 0.9493 | 0.0236 | 0.9225 | 0.9445 | 0.9172
0460 | 18:52:40 |  13.0s | 1.0e-04 | 0.0201 | 0.9491 | 0.9482 | 0.9467 | 0.0226 | 0.9401 | 0.9374 | 0.9262
0461 | 18:53:04 |  12.6s | 1.0e-04 | 0.0193 | 0.9491 | 0.9490 | 0.9483 | 0.0229 | 0.9395 | 0.9363 | 0.9260
0462 | 18:53:29 |  12.8s | 1.0e-04 | 0.0195 | 0.9492 | 0.9494 | 0.9486 | 0.0228 | 0.9339 | 0.9380 | 0.9179
0463 | 18:53:59 |  12.3s | 1.0e-04 | 0.0190 | 0.9513 | 0.9493 | 0.9509 | 0.0220 | 0.9393 | 0.9389 | 0.9264
0464 | 18:54:23 |  12.4s | 1.0e-04 | 0.0191 | 0.9480 | 0.9523 | 0.9501 | 0.0222 | 0.9306 | 0.9387 | 0.9172
0465 | 18:54:47 |  12.9s | 1.0e-04 | 0.0188 | 0.9494 | 0.9528 | 0.9520 | 0.0223 | 0.9421 | 0.9307 | 0.9211
0466 | 18:55:11 |  12.6s | 1.0e-04 | 0.0191 | 0.9488 | 0.9501 | 0.9488 | 0.0217 | 0.9401 | 0.9435 | 0.9323
0467 | 18:55:35 |  12.6s | 1.0e-04 | 0.0194 | 0.9492 | 0.9498 | 0.9490 | 0.0215 | 0.9346 | 0.9450 | 0.9281
0468 | 18:56:01 |  12.4s | 1.0e-04 | 0.0195 | 0.9483 | 0.9502 | 0.9485 | 0.0236 | 0.9359 | 0.9342 | 0.9179
0469 | 18:56:26 |  12.3s | 1.0e-04 | 0.0195 | 0.9463 | 0.9483 | 0.9442 | 0.0224 | 0.9271 | 0.9473 | 0.9241
0470 | 18:56:49 |  12.9s | 1.0e-04 | 0.0225 | 0.9466 | 0.9486 | 0.9451 | 0.0224 | 0.9362 | 0.9396 | 0.9218
0471 | 18:57:14 |  13.0s | 1.0e-04 | 0.0196 | 0.9477 | 0.9487 | 0.9465 | 0.0226 | 0.9420 | 0.9314 | 0.9233
0472 | 18:57:38 |  12.6s | 1.0e-04 | 0.0194 | 0.9478 | 0.9499 | 0.9477 | 0.0228 | 0.9429 | 0.9226 | 0.9136
0473 | 18:58:03 |  12.8s | 1.0e-04 | 0.0195 | 0.9510 | 0.9499 | 0.9508 | 0.0236 | 0.9219 | 0.9438 | 0.9129
0474 | 18:58:28 |  12.7s | 1.0e-04 | 0.0197 | 0.9489 | 0.9492 | 0.9481 | 0.0234 | 0.9348 | 0.9391 | 0.9211
0475 | 18:58:52 |  12.9s | 1.0e-04 | 0.0193 | 0.9496 | 0.9479 | 0.9483 | 0.0222 | 0.9318 | 0.9361 | 0.9151
0476 | 18:59:16 |  12.7s | 1.0e-04 | 0.0194 | 0.9499 | 0.9503 | 0.9502 | 0.0221 | 0.9421 | 0.9381 | 0.9310
0477 | 18:59:40 |  12.5s | 1.0e-04 | 0.0198 | 0.9484 | 0.9476 | 0.9459 | 0.0219 | 0.9430 | 0.9430 | 0.9344
0478 | 19:00:05 |  13.0s | 1.0e-04 | 0.0192 | 0.9489 | 0.9504 | 0.9492 | 0.0236 | 0.9319 | 0.9311 | 0.9112
0479 | 19:00:33 |  12.5s | 1.0e-04 | 0.0193 | 0.9495 | 0.9509 | 0.9508 | 0.0223 | 0.9445 | 0.9289 | 0.9197
0480 | 19:00:57 |  24.0s | 1.0e-04 | 0.0186 | 0.9529 | 0.9536 | 0.9559 | 0.0227 | 0.9353 | 0.9346 | 0.9189
0481 | 19:01:35 |  12.5s | 1.0e-04 | 0.0185 | 0.9513 | 0.9537 | 0.9540 | 0.0222 | 0.9346 | 0.9458 | 0.9298
0482 | 19:02:01 |  12.4s | 1.0e-04 | 0.0185 | 0.9535 | 0.9525 | 0.9557 | 0.0233 | 0.9387 | 0.9346 | 0.9229
0483 | 19:02:25 |  12.8s | 1.0e-04 | 0.0189 | 0.9515 | 0.9544 | 0.9551 | 0.0235 | 0.9362 | 0.9263 | 0.9156
0484 | 19:02:49 |  12.3s | 1.0e-04 | 0.0190 | 0.9512 | 0.9526 | 0.9538 | 0.0226 | 0.9445 | 0.9278 | 0.9225
0485 | 19:03:13 |  12.2s | 1.0e-04 | 0.0188 | 0.9514 | 0.9535 | 0.9539 | 0.0219 | 0.9401 | 0.9397 | 0.9280
0486 | 19:03:38 |  12.3s | 1.0e-04 | 0.0187 | 0.9522 | 0.9534 | 0.9547 | 0.0225 | 0.9393 | 0.9344 | 0.9207
0487 | 19:04:04 |  12.3s | 1.0e-04 | 0.0189 | 0.9515 | 0.9537 | 0.9548 | 0.0222 | 0.9426 | 0.9283 | 0.9219
0488 | 19:04:28 |  12.4s | 1.0e-04 | 0.0188 | 0.9522 | 0.9547 | 0.9559 | 0.0230 | 0.9423 | 0.9257 | 0.9189
0489 | 19:04:54 |  12.2s | 1.0e-04 | 0.0181 | 0.9531 | 0.9531 | 0.9559 | 0.0224 | 0.9499 | 0.9208 | 0.9294
0490 | 19:05:19 |  12.6s | 1.0e-04 | 0.0187 | 0.9514 | 0.9530 | 0.9540 | 0.0225 | 0.9395 | 0.9371 | 0.9259
0491 | 19:05:43 |  12.7s | 1.0e-04 | 0.0180 | 0.9536 | 0.9553 | 0.9580 | 0.0219 | 0.9371 | 0.9457 | 0.9325
0492 | 19:06:07 |  12.7s | 1.0e-04 | 0.0190 | 0.9520 | 0.9530 | 0.9549 | 0.0225 | 0.9384 | 0.9340 | 0.9214
0493 | 19:06:31 |  12.2s | 1.0e-04 | 0.0180 | 0.9541 | 0.9549 | 0.9582 | 0.0232 | 0.9248 | 0.9432 | 0.9157
0494 | 19:06:57 |  12.2s | 1.0e-04 | 0.0189 | 0.9528 | 0.9544 | 0.9559 | 0.0227 | 0.9444 | 0.9210 | 0.9113
0495 | 19:07:22 |  12.2s | 1.0e-04 | 0.0188 | 0.9514 | 0.9530 | 0.9543 | 0.0223 | 0.9435 | 0.9304 | 0.9235
0496 | 19:07:46 |  12.3s | 1.0e-04 | 0.0181 | 0.9529 | 0.9565 | 0.9579 | 0.0230 | 0.9250 | 0.9420 | 0.9149
0497 | 19:08:10 |  12.7s | 1.0e-04 | 0.0184 | 0.9533 | 0.9560 | 0.9583 | 0.0225 | 0.9343 | 0.9410 | 0.9247
0498 | 19:08:34 |  12.3s | 1.0e-04 | 0.0186 | 0.9516 | 0.9536 | 0.9556 | 0.0212 | 0.9471 | 0.9260 | 0.9217
0499 | 19:08:59 |  12.4s | 1.0e-04 | 0.0192 | 0.9495 | 0.9544 | 0.9530 | 0.0224 | 0.9357 | 0.9425 | 0.9296
0500 | 19:09:25 |  12.5s | 1.0e-04 | 0.0185 | 0.9505 | 0.9540 | 0.9537 | 0.0230 | 0.9314 | 0.9400 | 0.9212
0501 | 19:09:54 |  13.3s | 1.0e-04 | 0.0188 | 0.9496 | 0.9485 | 0.9481 | 0.0226 | 0.9256 | 0.9480 | 0.9228
0502 | 19:10:19 |  12.5s | 1.0e-04 | 0.0187 | 0.9505 | 0.9495 | 0.9499 | 0.0220 | 0.9347 | 0.9408 | 0.9231
0503 | 19:10:43 |  12.5s | 1.0e-04 | 0.0190 | 0.9515 | 0.9500 | 0.9515 | 0.0239 | 0.9406 | 0.9269 | 0.9176
0504 | 19:11:07 |  12.7s | 1.0e-04 | 0.0189 | 0.9511 | 0.9500 | 0.9511 | 0.0221 | 0.9395 | 0.9381 | 0.9240
0505 | 19:11:33 |  12.3s | 1.0e-04 | 0.0183 | 0.9507 | 0.9524 | 0.9526 | 0.0220 | 0.9342 | 0.9405 | 0.9239
0506 | 19:11:59 |  12.2s | 1.0e-04 | 0.0187 | 0.9505 | 0.9511 | 0.9514 | 0.0231 | 0.9431 | 0.9273 | 0.9233
0507 | 19:12:23 |  12.5s | 1.0e-04 | 0.0186 | 0.9517 | 0.9514 | 0.9528 | 0.0216 | 0.9411 | 0.9447 | 0.9368
0508 | 19:12:47 |  12.7s | 1.0e-04 | 0.0186 | 0.9490 | 0.9513 | 0.9500 | 0.0230 | 0.9395 | 0.9266 | 0.9154
0509 | 19:13:11 |  12.6s | 1.0e-04 | 0.0186 | 0.9512 | 0.9516 | 0.9524 | 0.0231 | 0.9352 | 0.9353 | 0.9188
0510 | 19:13:35 |  12.2s | 1.0e-04 | 0.0187 | 0.9494 | 0.9501 | 0.9494 | 0.0220 | 0.9447 | 0.9341 | 0.9320
0511 | 19:14:02 |  12.4s | 1.0e-04 | 0.0187 | 0.9499 | 0.9501 | 0.9501 | 0.0225 | 0.9388 | 0.9319 | 0.9238
0512 | 19:14:27 |  12.3s | 1.0e-04 | 0.0188 | 0.9502 | 0.9500 | 0.9502 | 0.0216 | 0.9419 | 0.9316 | 0.9232
0513 | 19:14:51 |  12.8s | 1.0e-04 | 0.0189 | 0.9496 | 0.9490 | 0.9483 | 0.0224 | 0.9310 | 0.9396 | 0.9227
0514 | 19:15:16 |  12.6s | 1.0e-04 | 0.0183 | 0.9510 | 0.9496 | 0.9506 | 0.0212 | 0.9337 | 0.9485 | 0.9317
0515 | 19:15:40 |  12.5s | 1.0e-04 | 0.0182 | 0.9502 | 0.9518 | 0.9517 | 0.0234 | 0.9363 | 0.9314 | 0.9175
0516 | 19:16:04 |  12.5s | 1.0e-04 | 0.0185 | 0.9519 | 0.9511 | 0.9526 | 0.0219 | 0.9374 | 0.9389 | 0.9268
0517 | 19:16:28 |  12.4s | 1.0e-04 | 0.0191 | 0.9498 | 0.9480 | 0.9479 | 0.0224 | 0.9317 | 0.9375 | 0.9175
0518 | 19:16:53 |  12.4s | 1.0e-04 | 0.0186 | 0.9496 | 0.9515 | 0.9508 | 0.0222 | 0.9281 | 0.9513 | 0.9292
0519 | 19:17:20 |  12.0s | 1.0e-04 | 0.0191 | 0.9502 | 0.9514 | 0.9516 | 0.0217 | 0.9416 | 0.9396 | 0.9321
0520 | 19:17:45 |  12.4s | 1.0e-04 | 0.0188 | 0.9511 | 0.9510 | 0.9521 | 0.0218 | 0.9356 | 0.9321 | 0.9166
0521 | 19:18:09 |  25.3s | 1.0e-04 | 0.0192 | 0.9495 | 0.9490 | 0.9487 | 0.0222 | 0.9340 | 0.9429 | 0.9251
0522 | 19:18:49 |  12.7s | 1.0e-04 | 0.0194 | 0.9500 | 0.9527 | 0.9521 | 0.0225 | 0.9384 | 0.9420 | 0.9316
0523 | 19:19:14 |  12.9s | 1.0e-04 | 0.0195 | 0.9489 | 0.9511 | 0.9499 | 0.0218 | 0.9447 | 0.9367 | 0.9306
0524 | 19:19:38 |  12.6s | 1.0e-04 | 0.0198 | 0.9496 | 0.9510 | 0.9506 | 0.0219 | 0.9220 | 0.9532 | 0.9264
0525 | 19:20:02 |  12.5s | 1.0e-04 | 0.0196 | 0.9510 | 0.9519 | 0.9523 | 0.0212 | 0.9407 | 0.9380 | 0.9277
0526 | 19:20:26 |  12.5s | 1.0e-04 | 0.0196 | 0.9486 | 0.9528 | 0.9513 | 0.0230 | 0.9359 | 0.9319 | 0.9141
0527 | 19:20:53 |  12.2s | 1.0e-04 | 0.0194 | 0.9511 | 0.9502 | 0.9513 | 0.0230 | 0.9368 | 0.9396 | 0.9254
0528 | 19:21:16 |  12.5s | 1.0e-04 | 0.0191 | 0.9508 | 0.9518 | 0.9524 | 0.0228 | 0.9429 | 0.9357 | 0.9302
0529 | 19:21:40 |  12.2s | 1.0e-04 | 0.0198 | 0.9496 | 0.9494 | 0.9490 | 0.0217 | 0.9429 | 0.9361 | 0.9252
0530 | 19:22:04 |  12.7s | 1.0e-04 | 0.0197 | 0.9501 | 0.9513 | 0.9512 | 0.0236 | 0.9303 | 0.9374 | 0.9129
0531 | 19:22:28 |  12.3s | 1.0e-04 | 0.0193 | 0.9515 | 0.9513 | 0.9524 | 0.0227 | 0.9395 | 0.9323 | 0.9217
0532 | 19:22:54 |  12.4s | 1.0e-04 | 0.0189 | 0.9536 | 0.9522 | 0.9554 | 0.0220 | 0.9345 | 0.9439 | 0.9271
0533 | 19:23:20 |  12.3s | 1.0e-04 | 0.0198 | 0.9505 | 0.9512 | 0.9516 | 0.0219 | 0.9492 | 0.9223 | 0.9269
0534 | 19:23:44 |  12.5s | 1.0e-04 | 0.0191 | 0.9511 | 0.9517 | 0.9523 | 0.0222 | 0.9375 | 0.9341 | 0.9216
0535 | 19:24:07 |  12.7s | 1.0e-04 | 0.0188 | 0.9505 | 0.9509 | 0.9511 | 0.0222 | 0.9353 | 0.9320 | 0.9168
0536 | 19:24:32 |  12.5s | 1.0e-04 | 0.0192 | 0.9513 | 0.9526 | 0.9538 | 0.0233 | 0.9301 | 0.9417 | 0.9173
0537 | 19:24:57 |  12.1s | 1.0e-04 | 0.0195 | 0.9492 | 0.9508 | 0.9501 | 0.0216 | 0.9366 | 0.9444 | 0.9300
0538 | 19:25:23 |  12.0s | 1.0e-04 | 0.0196 | 0.9497 | 0.9500 | 0.9497 | 0.0238 | 0.9223 | 0.9448 | 0.9175
0539 | 19:25:46 |  12.5s | 1.0e-04 | 0.0195 | 0.9491 | 0.9515 | 0.9503 | 0.0222 | 0.9416 | 0.9321 | 0.9232
0540 | 19:26:10 |  12.4s | 1.0e-04 | 0.0191 | 0.9506 | 0.9515 | 0.9519 | 0.0230 | 0.9309 | 0.9417 | 0.9202
0541 | 19:26:36 |  12.5s | 1.0e-04 | 0.0191 | 0.9510 | 0.9523 | 0.9528 | 0.0226 | 0.9425 | 0.9248 | 0.9168
0542 | 19:27:00 |  23.7s | 1.0e-04 | 0.0190 | 0.9517 | 0.9528 | 0.9537 | 0.0211 | 0.9388 | 0.9441 | 0.9304
0543 | 19:27:37 |  12.1s | 1.0e-04 | 0.0196 | 0.9478 | 0.9510 | 0.9491 | 0.0218 | 0.9185 | 0.9521 | 0.9224
0544 | 19:28:00 |  12.2s | 1.0e-04 | 0.0192 | 0.9506 | 0.9514 | 0.9519 | 0.0216 | 0.9436 | 0.9291 | 0.9210
0545 | 19:28:24 |  12.1s | 1.0e-04 | 0.0196 | 0.9505 | 0.9500 | 0.9506 | 0.0236 | 0.9130 | 0.9532 | 0.9172
0546 | 19:28:47 |  12.2s | 1.0e-04 | 0.0198 | 0.9483 | 0.9497 | 0.9481 | 0.0225 | 0.9411 | 0.9346 | 0.9255
0547 | 19:29:12 |  12.1s | 1.0e-04 | 0.0198 | 0.9495 | 0.9493 | 0.9488 | 0.0220 | 0.9407 | 0.9328 | 0.9208
0548 | 19:29:38 |  12.2s | 1.0e-04 | 0.0192 | 0.9514 | 0.9510 | 0.9522 | 0.0228 | 0.9287 | 0.9466 | 0.9225
0549 | 19:30:01 |  12.2s | 1.0e-04 | 0.0191 | 0.9510 | 0.9521 | 0.9528 | 0.0216 | 0.9394 | 0.9363 | 0.9253
0550 | 19:30:25 |  12.2s | 1.0e-04 | 0.0201 | 0.9505 | 0.9511 | 0.9513 | 0.0220 | 0.9413 | 0.9285 | 0.9182
0551 | 19:30:49 |  11.9s | 1.0e-04 | 0.0196 | 0.9507 | 0.9522 | 0.9525 | 0.0217 | 0.9455 | 0.9354 | 0.9316
0552 | 19:31:14 |  12.2s | 1.0e-04 | 0.0192 | 0.9494 | 0.9504 | 0.9497 | 0.0207 | 0.9452 | 0.9352 | 0.9297
0553 | 19:31:39 |  11.9s | 1.0e-04 | 0.0203 | 0.9471 | 0.9475 | 0.9449 | 0.0215 | 0.9227 | 0.9485 | 0.9204
0554 | 19:32:03 |  12.4s | 1.0e-04 | 0.0198 | 0.9494 | 0.9513 | 0.9506 | 0.0219 | 0.9297 | 0.9445 | 0.9211
0555 | 19:32:27 |  12.1s | 1.0e-04 | 0.0201 | 0.9487 | 0.9499 | 0.9487 | 0.0226 | 0.9407 | 0.9343 | 0.9251
0556 | 19:32:50 |  12.1s | 1.0e-04 | 0.0199 | 0.9505 | 0.9520 | 0.9527 | 0.0215 | 0.9352 | 0.9431 | 0.9288
0557 | 19:33:16 |  12.1s | 1.0e-04 | 0.0199 | 0.9515 | 0.9495 | 0.9510 | 0.0224 | 0.9336 | 0.9382 | 0.9177
0558 | 19:33:39 |  12.0s | 1.0e-04 | 0.0202 | 0.9488 | 0.9501 | 0.9489 | 0.0216 | 0.9471 | 0.9272 | 0.9243
0559 | 19:34:03 |  12.4s | 1.0e-04 | 0.0196 | 0.9507 | 0.9497 | 0.9506 | 0.0231 | 0.9378 | 0.9364 | 0.9225
0560 | 19:34:26 |  12.2s | 1.0e-04 | 0.0192 | 0.9510 | 0.9525 | 0.9532 | 0.0231 | 0.9386 | 0.9354 | 0.9225
0561 | 19:34:50 |  12.1s | 1.0e-04 | 0.0194 | 0.9504 | 0.9521 | 0.9523 | 0.0223 | 0.9390 | 0.9393 | 0.9269
0562 | 19:35:16 |  12.0s | 1.0e-04 | 0.0201 | 0.9494 | 0.9505 | 0.9498 | 0.0217 | 0.9384 | 0.9422 | 0.9303
0563 | 19:35:41 |  25.2s | 1.0e-04 | 0.0191 | 0.9523 | 0.9525 | 0.9543 | 0.0221 | 0.9429 | 0.9365 | 0.9295
0564 | 19:36:20 |  12.2s | 1.0e-04 | 0.0188 | 0.9520 | 0.9535 | 0.9550 | 0.0213 | 0.9328 | 0.9459 | 0.9274
0565 | 19:36:46 |  12.8s | 1.0e-04 | 0.0191 | 0.9514 | 0.9538 | 0.9544 | 0.0232 | 0.9365 | 0.9323 | 0.9214
0566 | 19:37:12 |  12.5s | 1.0e-04 | 0.0194 | 0.9506 | 0.9526 | 0.9529 | 0.0227 | 0.9409 | 0.9324 | 0.9263
0567 | 19:37:39 |  12.2s | 1.0e-04 | 0.0189 | 0.9518 | 0.9543 | 0.9554 | 0.0215 | 0.9346 | 0.9410 | 0.9230
0568 | 19:38:03 |  12.6s | 1.0e-04 | 0.0194 | 0.9518 | 0.9541 | 0.9553 | 0.0221 | 0.9321 | 0.9429 | 0.9231
0569 | 19:38:28 |  12.5s | 1.0e-04 | 0.0195 | 0.9492 | 0.9522 | 0.9511 | 0.0219 | 0.9424 | 0.9344 | 0.9293
0570 | 19:38:52 |  12.7s | 1.0e-04 | 0.0190 | 0.9508 | 0.9545 | 0.9547 | 0.0221 | 0.9399 | 0.9352 | 0.9259
0571 | 19:39:16 |  12.7s | 1.0e-04 | 0.0194 | 0.9514 | 0.9551 | 0.9553 | 0.0232 | 0.9341 | 0.9364 | 0.9194
0572 | 19:39:42 |  12.6s | 1.0e-04 | 0.0191 | 0.9510 | 0.9550 | 0.9549 | 0.0219 | 0.9350 | 0.9480 | 0.9340
0573 | 19:40:08 |  12.8s | 1.0e-04 | 0.0193 | 0.9517 | 0.9533 | 0.9546 | 0.0223 | 0.9362 | 0.9421 | 0.9256
0574 | 19:40:33 |  12.5s | 1.0e-04 | 0.0191 | 0.9507 | 0.9544 | 0.9548 | 0.0214 | 0.9412 | 0.9324 | 0.9236
0575 | 19:40:57 |  12.9s | 1.0e-04 | 0.0189 | 0.9518 | 0.9558 | 0.9572 | 0.0230 | 0.9416 | 0.9250 | 0.9156
0576 | 19:41:21 |  12.8s | 1.0e-04 | 0.0190 | 0.9517 | 0.9545 | 0.9552 | 0.0221 | 0.9388 | 0.9387 | 0.9259
0577 | 19:41:46 |  12.4s | 1.0e-04 | 0.0190 | 0.9521 | 0.9544 | 0.9567 | 0.0209 | 0.9440 | 0.9352 | 0.9289
0578 | 19:42:13 |  12.3s | 1.0e-04 | 0.0186 | 0.9521 | 0.9550 | 0.9561 | 0.0220 | 0.9320 | 0.9446 | 0.9259
0579 | 19:42:38 |  12.5s | 1.0e-04 | 0.0192 | 0.9509 | 0.9526 | 0.9529 | 0.0216 | 0.9344 | 0.9473 | 0.9308
0580 | 19:43:02 |  12.5s | 1.0e-04 | 0.0190 | 0.9506 | 0.9529 | 0.9536 | 0.0219 | 0.9451 | 0.9345 | 0.9314
0581 | 19:43:26 |  12.4s | 1.0e-04 | 0.0193 | 0.9524 | 0.9535 | 0.9558 | 0.0218 | 0.9372 | 0.9364 | 0.9212
0582 | 19:43:50 |  12.5s | 1.0e-04 | 0.0191 | 0.9524 | 0.9529 | 0.9548 | 0.0218 | 0.9418 | 0.9301 | 0.9198
0583 | 19:44:15 |  12.2s | 1.0e-04 | 0.0190 | 0.9529 | 0.9543 | 0.9562 | 0.0223 | 0.9355 | 0.9344 | 0.9158
0584 | 19:44:41 |  22.9s | 1.0e-04 | 0.0190 | 0.9507 | 0.9543 | 0.9541 | 0.0233 | 0.9340 | 0.9496 | 0.9337
0585 | 19:45:17 |  12.4s | 1.0e-04 | 0.0190 | 0.9513 | 0.9529 | 0.9537 | 0.0237 | 0.9290 | 0.9397 | 0.9172
0586 | 19:45:43 |  13.0s | 1.0e-04 | 0.0193 | 0.9502 | 0.9533 | 0.9528 | 0.0222 | 0.9388 | 0.9425 | 0.9322
0587 | 19:46:07 |  12.7s | 1.0e-04 | 0.0190 | 0.9508 | 0.9528 | 0.9533 | 0.0232 | 0.9206 | 0.9553 | 0.9262
0588 | 19:46:31 |  13.1s | 1.0e-04 | 0.0186 | 0.9497 | 0.9539 | 0.9529 | 0.0212 | 0.9352 | 0.9441 | 0.9278
0589 | 19:46:56 |  12.6s | 1.0e-04 | 0.0193 | 0.9491 | 0.9536 | 0.9522 | 0.0223 | 0.9424 | 0.9341 | 0.9243
0590 | 19:47:20 |  12.4s | 1.0e-04 | 0.0187 | 0.9504 | 0.9526 | 0.9523 | 0.0232 | 0.9350 | 0.9340 | 0.9124
0591 | 19:47:46 |  12.7s | 1.0e-04 | 0.0188 | 0.9521 | 0.9529 | 0.9543 | 0.0222 | 0.9374 | 0.9339 | 0.9209
0592 | 19:48:10 |  13.1s | 1.0e-04 | 0.0185 | 0.9515 | 0.9563 | 0.9567 | 0.0214 | 0.9387 | 0.9389 | 0.9280
0593 | 19:48:35 |  12.7s | 1.0e-04 | 0.0189 | 0.9503 | 0.9540 | 0.9535 | 0.0217 | 0.9327 | 0.9461 | 0.9291
0594 | 19:49:01 |  12.6s | 1.0e-04 | 0.0190 | 0.9516 | 0.9548 | 0.9557 | 0.0221 | 0.9280 | 0.9470 | 0.9219
0595 | 19:49:27 |  12.4s | 1.0e-04 | 0.0184 | 0.9507 | 0.9536 | 0.9536 | 0.0224 | 0.9401 | 0.9384 | 0.9249
0596 | 19:49:51 |  12.7s | 1.0e-04 | 0.0188 | 0.9515 | 0.9525 | 0.9537 | 0.0219 | 0.9419 | 0.9354 | 0.9264
0597 | 19:50:15 |  12.8s | 1.0e-04 | 0.0186 | 0.9506 | 0.9537 | 0.9534 | 0.0230 | 0.9271 | 0.9468 | 0.9230
0598 | 19:50:39 |  12.7s | 1.0e-04 | 0.0187 | 0.9507 | 0.9534 | 0.9538 | 0.0220 | 0.9341 | 0.9405 | 0.9245
0599 | 19:51:04 |  12.6s | 1.0e-04 | 0.0192 | 0.9498 | 0.9528 | 0.9522 | 0.0228 | 0.9495 | 0.9143 | 0.9187
0600 | 19:51:30 |  12.5s | 1.0e-04 | 0.0186 | 0.9522 | 0.9525 | 0.9545 | 0.0215 | 0.9394 | 0.9376 | 0.9256
0601 | 19:51:56 |  12.8s | 1.0e-04 | 0.0190 | 0.9510 | 0.9542 | 0.9546 | 0.0228 | 0.9375 | 0.9386 | 0.9269
0602 | 19:52:20 |  12.8s | 1.0e-04 | 0.0189 | 0.9512 | 0.9538 | 0.9548 | 0.0219 | 0.9333 | 0.9437 | 0.9244
0603 | 19:52:44 |  12.7s | 1.0e-04 | 0.0190 | 0.9518 | 0.9504 | 0.9521 | 0.0223 | 0.9439 | 0.9343 | 0.9268
0604 | 19:53:08 |  12.6s | 1.0e-04 | 0.0189 | 0.9509 | 0.9531 | 0.9539 | 0.0223 | 0.9400 | 0.9454 | 0.9357
0605 | 19:53:32 |  30.9s | 1.0e-04 | 0.0188 | 0.9500 | 0.9515 | 0.9514 | 0.0230 | 0.9191 | 0.9561 | 0.9265
0606 | 19:54:15 |  13.0s | 1.0e-04 | 0.0187 | 0.9508 | 0.9514 | 0.9517 | 0.0224 | 0.9389 | 0.9374 | 0.9254
0607 | 19:54:39 |  13.0s | 1.0e-04 | 0.0187 | 0.9499 | 0.9499 | 0.9499 | 0.0215 | 0.9429 | 0.9346 | 0.9299
0608 | 19:55:04 |  12.7s | 1.0e-04 | 0.0188 | 0.9495 | 0.9495 | 0.9490 | 0.0216 | 0.9398 | 0.9355 | 0.9243
0609 | 19:55:28 |  12.6s | 1.0e-04 | 0.0186 | 0.9506 | 0.9509 | 0.9513 | 0.0227 | 0.9396 | 0.9348 | 0.9248
0610 | 19:55:55 |  12.6s | 1.0e-04 | 0.0188 | 0.9505 | 0.9515 | 0.9519 | 0.0215 | 0.9387 | 0.9337 | 0.9180
0611 | 19:56:20 |  12.6s | 1.0e-04 | 0.0186 | 0.9509 | 0.9526 | 0.9531 | 0.0216 | 0.9446 | 0.9305 | 0.9249
0612 | 19:56:45 |  13.0s | 1.0e-04 | 0.0187 | 0.9512 | 0.9494 | 0.9509 | 0.0216 | 0.9393 | 0.9388 | 0.9294
0613 | 19:57:09 |  13.1s | 1.0e-04 | 0.0187 | 0.9505 | 0.9512 | 0.9512 | 0.0218 | 0.9405 | 0.9386 | 0.9295
0614 | 19:57:34 |  12.8s | 1.0e-04 | 0.0189 | 0.9490 | 0.9492 | 0.9483 | 0.0225 | 0.9424 | 0.9392 | 0.9296
0615 | 19:57:59 |  12.8s | 1.0e-04 | 0.0191 | 0.9509 | 0.9511 | 0.9519 | 0.0217 | 0.9455 | 0.9305 | 0.9260
0616 | 19:58:28 |  12.7s | 1.0e-04 | 0.0191 | 0.9486 | 0.9502 | 0.9488 | 0.0218 | 0.9406 | 0.9321 | 0.9194
0617 | 19:58:53 |  12.7s | 1.0e-04 | 0.0187 | 0.9492 | 0.9501 | 0.9493 | 0.0221 | 0.9325 | 0.9453 | 0.9267
0618 | 19:59:17 |  12.8s | 1.0e-04 | 0.0193 | 0.9499 | 0.9497 | 0.9495 | 0.0219 | 0.9441 | 0.9300 | 0.9228
0619 | 19:59:41 |  12.8s | 1.0e-04 | 0.0185 | 0.9496 | 0.9510 | 0.9504 | 0.0220 | 0.9363 | 0.9381 | 0.9248
0620 | 20:00:06 |  12.6s | 1.0e-04 | 0.0186 | 0.9491 | 0.9522 | 0.9512 | 0.0217 | 0.9380 | 0.9317 | 0.9226
0621 | 20:00:31 |  12.5s | 1.0e-04 | 0.0184 | 0.9507 | 0.9502 | 0.9510 | 0.0218 | 0.9431 | 0.9270 | 0.9207
0622 | 20:00:57 |  12.6s | 1.0e-04 | 0.0190 | 0.9505 | 0.9515 | 0.9519 | 0.0222 | 0.9453 | 0.9357 | 0.9332
0623 | 20:01:22 |  12.6s | 1.0e-04 | 0.0191 | 0.9477 | 0.9484 | 0.9461 | 0.0227 | 0.9475 | 0.9333 | 0.9317
0624 | 20:01:46 |  12.7s | 1.0e-04 | 0.0181 | 0.9505 | 0.9528 | 0.9531 | 0.0215 | 0.9399 | 0.9348 | 0.9239
0625 | 20:02:10 |  12.7s | 1.0e-04 | 0.0187 | 0.9499 | 0.9508 | 0.9507 | 0.0217 | 0.9424 | 0.9413 | 0.9327
0626 | 20:02:37 |  12.6s | 1.0e-04 | 0.0201 | 0.9486 | 0.9505 | 0.9492 | 0.0220 | 0.9203 | 0.9505 | 0.9206
0627 | 20:03:02 |  12.4s | 1.0e-04 | 0.0206 | 0.9487 | 0.9514 | 0.9500 | 0.0224 | 0.9394 | 0.9299 | 0.9205
0628 | 20:03:29 |  12.6s | 1.0e-04 | 0.0207 | 0.9477 | 0.9513 | 0.9486 | 0.0219 | 0.9376 | 0.9355 | 0.9224
0629 | 20:03:56 |  12.3s | 1.0e-04 | 0.0201 | 0.9507 | 0.9519 | 0.9525 | 0.0220 | 0.9332 | 0.9442 | 0.9294
0630 | 20:04:20 |  12.4s | 1.0e-04 | 0.0203 | 0.9488 | 0.9496 | 0.9485 | 0.0231 | 0.9326 | 0.9412 | 0.9221
0631 | 20:04:44 |  12.8s | 1.0e-04 | 0.0207 | 0.9497 | 0.9501 | 0.9498 | 0.0212 | 0.9431 | 0.9352 | 0.9300
0632 | 20:05:08 |  12.6s | 1.0e-04 | 0.0202 | 0.9504 | 0.9519 | 0.9521 | 0.0216 | 0.9375 | 0.9430 | 0.9303
0633 | 20:05:32 |  12.3s | 1.0e-04 | 0.0202 | 0.9509 | 0.9501 | 0.9511 | 0.0220 | 0.9401 | 0.9386 | 0.9272
0634 | 20:05:58 |  12.7s | 1.0e-04 | 0.0209 | 0.9510 | 0.9500 | 0.9510 | 0.0218 | 0.9420 | 0.9354 | 0.9264
0635 | 20:06:24 |  12.3s | 1.0e-04 | 0.0205 | 0.9498 | 0.9500 | 0.9499 | 0.0220 | 0.9515 | 0.9269 | 0.9288
0636 | 20:06:47 |  12.7s | 1.0e-04 | 0.0203 | 0.9499 | 0.9520 | 0.9512 | 0.0221 | 0.9396 | 0.9406 | 0.9306
0637 | 20:07:12 |  12.8s | 1.0e-04 | 0.0204 | 0.9492 | 0.9509 | 0.9499 | 0.0216 | 0.9311 | 0.9449 | 0.9254
0638 | 20:07:36 |  12.7s | 1.0e-04 | 0.0200 | 0.9499 | 0.9517 | 0.9512 | 0.0217 | 0.9459 | 0.9360 | 0.9325
0639 | 20:08:00 |  12.8s | 1.0e-04 | 0.0204 | 0.9498 | 0.9519 | 0.9522 | 0.0214 | 0.9282 | 0.9461 | 0.9224
0640 | 20:08:27 |  12.6s | 1.0e-04 | 0.0203 | 0.9497 | 0.9511 | 0.9507 | 0.0212 | 0.9360 | 0.9421 | 0.9278
0641 | 20:08:53 |  12.7s | 1.0e-04 | 0.0201 | 0.9503 | 0.9514 | 0.9513 | 0.0216 | 0.9323 | 0.9462 | 0.9275
0642 | 20:09:17 |  12.4s | 1.0e-04 | 0.0202 | 0.9487 | 0.9507 | 0.9493 | 0.0210 | 0.9355 | 0.9415 | 0.9261
0643 | 20:09:43 |  12.1s | 1.0e-04 | 0.0201 | 0.9500 | 0.9507 | 0.9506 | 0.0222 | 0.9446 | 0.9320 | 0.9275
0644 | 20:10:06 |  12.4s | 1.0e-04 | 0.0204 | 0.9500 | 0.9498 | 0.9497 | 0.0218 | 0.9419 | 0.9350 | 0.9281
0645 | 20:10:30 |  13.0s | 1.0e-04 | 0.0196 | 0.9490 | 0.9520 | 0.9509 | 0.0208 | 0.9367 | 0.9408 | 0.9292
0646 | 20:10:54 |  24.5s | 1.0e-04 | 0.0200 | 0.9506 | 0.9527 | 0.9531 | 0.0224 | 0.9374 | 0.9361 | 0.9245
0647 | 20:11:30 |  12.5s | 1.0e-04 | 0.0189 | 0.9525 | 0.9539 | 0.9557 | 0.0218 | 0.9408 | 0.9404 | 0.9318
0648 | 20:11:54 |  12.4s | 1.0e-04 | 0.0185 | 0.9531 | 0.9552 | 0.9582 | 0.0209 | 0.9435 | 0.9338 | 0.9252
0649 | 20:12:18 |  12.2s | 1.0e-04 | 0.0195 | 0.9522 | 0.9554 | 0.9571 | 0.0218 | 0.9366 | 0.9376 | 0.9219
0650 | 20:12:44 |  12.2s | 1.0e-04 | 0.0192 | 0.9524 | 0.9534 | 0.9549 | 0.0214 | 0.9364 | 0.9477 | 0.9321
0651 | 20:13:09 |  12.6s | 1.0e-04 | 0.0189 | 0.9529 | 0.9546 | 0.9561 | 0.0209 | 0.9459 | 0.9358 | 0.9292
0652 | 20:13:34 |  12.7s | 1.0e-04 | 0.0193 | 0.9512 | 0.9546 | 0.9556 | 0.0226 | 0.9529 | 0.9257 | 0.9312
0653 | 20:13:58 |  12.8s | 1.0e-04 | 0.0188 | 0.9539 | 0.9565 | 0.9585 | 0.0230 | 0.9357 | 0.9331 | 0.9187
0654 | 20:14:22 |  12.8s | 1.0e-04 | 0.0192 | 0.9531 | 0.9539 | 0.9565 | 0.0228 | 0.9494 | 0.9317 | 0.9311
0655 | 20:14:48 |  13.5s | 1.0e-04 | 0.0186 | 0.9522 | 0.9559 | 0.9567 | 0.0224 | 0.9403 | 0.9299 | 0.9222
0656 | 20:15:16 |  12.2s | 1.0e-04 | 0.0192 | 0.9518 | 0.9550 | 0.9556 | 0.0229 | 0.9376 | 0.9364 | 0.9239
0657 | 20:15:41 |  12.5s | 1.0e-04 | 0.0194 | 0.9509 | 0.9540 | 0.9548 | 0.0225 | 0.9384 | 0.9397 | 0.9277
0658 | 20:16:05 |  13.0s | 1.0e-04 | 0.0194 | 0.9515 | 0.9534 | 0.9550 | 0.0228 | 0.9405 | 0.9332 | 0.9241
0659 | 20:16:29 |  12.5s | 1.0e-04 | 0.0192 | 0.9527 | 0.9540 | 0.9563 | 0.0224 | 0.9367 | 0.9393 | 0.9269
0660 | 20:16:53 |  12.4s | 1.0e-04 | 0.0197 | 0.9527 | 0.9544 | 0.9562 | 0.0225 | 0.9368 | 0.9418 | 0.9271
0661 | 20:17:19 |  12.1s | 1.0e-04 | 0.0194 | 0.9523 | 0.9553 | 0.9572 | 0.0213 | 0.9408 | 0.9326 | 0.9218
0662 | 20:17:42 |  12.5s | 1.0e-04 | 0.0192 | 0.9530 | 0.9542 | 0.9567 | 0.0216 | 0.9300 | 0.9474 | 0.9275
0663 | 20:18:06 |  12.4s | 1.0e-04 | 0.0189 | 0.9536 | 0.9559 | 0.9580 | 0.0220 | 0.9312 | 0.9508 | 0.9319
0664 | 20:18:29 |  12.4s | 1.0e-04 | 0.0188 | 0.9535 | 0.9559 | 0.9587 | 0.0214 | 0.9449 | 0.9344 | 0.9300
0665 | 20:18:53 |  12.0s | 1.0e-04 | 0.0193 | 0.9522 | 0.9537 | 0.9551 | 0.0205 | 0.9416 | 0.9379 | 0.9307
0666 | 20:19:18 |  12.2s | 1.0e-04 | 0.0193 | 0.9513 | 0.9548 | 0.9549 | 0.0217 | 0.9375 | 0.9325 | 0.9175
0667 | 20:19:44 |  26.6s | 1.0e-04 | 0.0190 | 0.9534 | 0.9527 | 0.9554 | 0.0225 | 0.9396 | 0.9395 | 0.9285
0668 | 20:20:22 |  12.6s | 1.0e-04 | 0.0190 | 0.9515 | 0.9521 | 0.9534 | 0.0219 | 0.9422 | 0.9424 | 0.9332
0669 | 20:20:45 |  13.1s | 1.0e-04 | 0.0190 | 0.9522 | 0.9541 | 0.9547 | 0.0220 | 0.9423 | 0.9446 | 0.9366
0670 | 20:21:10 |  12.6s | 1.0e-04 | 0.0193 | 0.9513 | 0.9542 | 0.9544 | 0.0220 | 0.9320 | 0.9517 | 0.9333
0671 | 20:21:34 |  12.2s | 1.0e-04 | 0.0193 | 0.9511 | 0.9539 | 0.9548 | 0.0221 | 0.9283 | 0.9456 | 0.9235
0672 | 20:22:01 |  12.5s | 1.0e-04 | 0.0185 | 0.9535 | 0.9557 | 0.9581 | 0.0217 | 0.9375 | 0.9434 | 0.9322
0673 | 20:22:26 |  12.5s | 1.0e-04 | 0.0188 | 0.9525 | 0.9529 | 0.9545 | 0.0226 | 0.9274 | 0.9451 | 0.9187
0674 | 20:22:50 |  12.5s | 1.0e-04 | 0.0194 | 0.9487 | 0.9517 | 0.9502 | 0.0220 | 0.9358 | 0.9444 | 0.9290
0675 | 20:23:14 |  12.7s | 1.0e-04 | 0.0192 | 0.9504 | 0.9533 | 0.9531 | 0.0222 | 0.9430 | 0.9358 | 0.9292
0676 | 20:23:38 |  12.5s | 1.0e-04 | 0.0185 | 0.9531 | 0.9549 | 0.9565 | 0.0224 | 0.9340 | 0.9442 | 0.9262
0677 | 20:24:03 |  12.5s | 1.0e-04 | 0.0188 | 0.9506 | 0.9526 | 0.9527 | 0.0206 | 0.9363 | 0.9455 | 0.9302
0678 | 20:24:29 |  12.3s | 1.0e-04 | 0.0187 | 0.9528 | 0.9544 | 0.9563 | 0.0223 | 0.9347 | 0.9383 | 0.9200
0679 | 20:24:54 |  12.3s | 1.0e-04 | 0.0190 | 0.9508 | 0.9524 | 0.9526 | 0.0216 | 0.9398 | 0.9362 | 0.9253
0680 | 20:25:17 |  12.7s | 1.0e-04 | 0.0191 | 0.9508 | 0.9526 | 0.9534 | 0.0216 | 0.9349 | 0.9387 | 0.9228
0681 | 20:25:42 |  12.9s | 1.0e-04 | 0.0193 | 0.9514 | 0.9526 | 0.9531 | 0.0223 | 0.9392 | 0.9407 | 0.9295
0682 | 20:26:06 |  12.6s | 1.0e-04 | 0.0194 | 0.9522 | 0.9527 | 0.9543 | 0.0224 | 0.9379 | 0.9344 | 0.9241
0683 | 20:26:31 |  12.3s | 1.0e-04 | 0.0193 | 0.9484 | 0.9516 | 0.9498 | 0.0221 | 0.9378 | 0.9404 | 0.9268
0684 | 20:26:57 |  12.3s | 1.0e-04 | 0.0195 | 0.9484 | 0.9509 | 0.9493 | 0.0217 | 0.9397 | 0.9362 | 0.9281
0685 | 20:27:22 |  12.5s | 1.0e-04 | 0.0187 | 0.9519 | 0.9511 | 0.9528 | 0.0228 | 0.9250 | 0.9516 | 0.9264
0686 | 20:27:46 |  12.7s | 1.0e-04 | 0.0195 | 0.9490 | 0.9523 | 0.9512 | 0.0227 | 0.9379 | 0.9373 | 0.9251
0687 | 20:28:10 |  13.0s | 1.0e-04 | 0.0192 | 0.9505 | 0.9525 | 0.9533 | 0.0211 | 0.9401 | 0.9457 | 0.9355
0688 | 20:28:39 |  27.3s | 1.0e-04 | 0.0190 | 0.9515 | 0.9536 | 0.9545 | 0.0217 | 0.9479 | 0.9310 | 0.9287
0689 | 20:29:17 |  12.5s | 1.0e-04 | 0.0179 | 0.9531 | 0.9539 | 0.9562 | 0.0221 | 0.9427 | 0.9324 | 0.9260
0690 | 20:29:41 |  12.3s | 1.0e-04 | 0.0175 | 0.9541 | 0.9548 | 0.9577 | 0.0216 | 0.9412 | 0.9338 | 0.9224
0691 | 20:30:06 |  12.5s | 1.0e-04 | 0.0174 | 0.9548 | 0.9561 | 0.9605 | 0.0218 | 0.9354 | 0.9392 | 0.9227
0692 | 20:30:30 |  12.5s | 1.0e-04 | 0.0178 | 0.9543 | 0.9567 | 0.9598 | 0.0218 | 0.9380 | 0.9397 | 0.9292
0693 | 20:30:55 |  12.3s | 1.0e-04 | 0.0172 | 0.9556 | 0.9566 | 0.9603 | 0.0227 | 0.9320 | 0.9373 | 0.9172
0694 | 20:31:20 |  12.2s | 1.0e-04 | 0.0176 | 0.9542 | 0.9548 | 0.9577 | 0.0215 | 0.9392 | 0.9395 | 0.9275
0695 | 20:31:45 |  12.3s | 1.0e-04 | 0.0184 | 0.9520 | 0.9536 | 0.9554 | 0.0225 | 0.9398 | 0.9425 | 0.9309
0696 | 20:32:09 |  12.9s | 1.0e-04 | 0.0177 | 0.9540 | 0.9570 | 0.9591 | 0.0204 | 0.9361 | 0.9464 | 0.9332
0697 | 20:32:33 |  12.3s | 1.0e-04 | 0.0176 | 0.9535 | 0.9560 | 0.9583 | 0.0227 | 0.9404 | 0.9292 | 0.9171
0698 | 20:32:56 |  12.5s | 1.0e-04 | 0.0175 | 0.9546 | 0.9578 | 0.9606 | 0.0216 | 0.9450 | 0.9361 | 0.9306
0699 | 20:33:22 |  12.1s | 1.0e-04 | 0.0182 | 0.9529 | 0.9550 | 0.9569 | 0.0226 | 0.9444 | 0.9342 | 0.9275
0700 | 20:33:48 |  12.3s | 1.0e-04 | 0.0183 | 0.9530 | 0.9521 | 0.9547 | 0.0225 | 0.9350 | 0.9414 | 0.9269
0701 | 20:34:11 |  12.3s | 1.0e-04 | 0.0180 | 0.9539 | 0.9553 | 0.9584 | 0.0221 | 0.9316 | 0.9477 | 0.9300
0702 | 20:34:35 |  12.5s | 1.0e-04 | 0.0175 | 0.9541 | 0.9575 | 0.9602 | 0.0220 | 0.9367 | 0.9396 | 0.9285
0703 | 20:34:58 |  12.3s | 1.0e-04 | 0.0177 | 0.9522 | 0.9554 | 0.9564 | 0.0220 | 0.9245 | 0.9423 | 0.9147
0704 | 20:35:25 |  12.1s | 1.0e-04 | 0.0176 | 0.9534 | 0.9554 | 0.9581 | 0.0216 | 0.9404 | 0.9385 | 0.9292
0705 | 20:35:50 |  12.2s | 1.0e-04 | 0.0181 | 0.9540 | 0.9558 | 0.9582 | 0.0225 | 0.9494 | 0.9267 | 0.9260
0706 | 20:36:14 |  12.6s | 1.0e-04 | 0.0175 | 0.9540 | 0.9565 | 0.9598 | 0.0228 | 0.9393 | 0.9256 | 0.9135
0707 | 20:36:38 |  12.6s | 1.0e-04 | 0.0176 | 0.9534 | 0.9571 | 0.9592 | 0.0219 | 0.9370 | 0.9352 | 0.9218
0708 | 20:37:01 |  12.2s | 1.0e-04 | 0.0178 | 0.9531 | 0.9567 | 0.9587 | 0.0216 | 0.9398 | 0.9418 | 0.9311
0709 | 20:37:26 |  27.8s | 1.0e-04 | 0.0182 | 0.9514 | 0.9539 | 0.9544 | 0.0223 | 0.9325 | 0.9458 | 0.9275
0710 | 20:38:05 |  12.7s | 1.0e-04 | 0.0188 | 0.9507 | 0.9546 | 0.9547 | 0.0213 | 0.9365 | 0.9444 | 0.9299
0711 | 20:38:29 |  12.1s | 1.0e-04 | 0.0193 | 0.9522 | 0.9531 | 0.9546 | 0.0217 | 0.9341 | 0.9478 | 0.9314
0712 | 20:38:55 |  12.2s | 1.0e-04 | 0.0191 | 0.9501 | 0.9528 | 0.9525 | 0.0216 | 0.9473 | 0.9351 | 0.9303
0713 | 20:39:20 |  12.2s | 1.0e-04 | 0.0190 | 0.9512 | 0.9534 | 0.9533 | 0.0214 | 0.9384 | 0.9410 | 0.9290
0714 | 20:39:44 |  12.4s | 1.0e-04 | 0.0189 | 0.9505 | 0.9541 | 0.9539 | 0.0218 | 0.9398 | 0.9438 | 0.9333
0715 | 20:40:07 |  12.4s | 1.0e-04 | 0.0183 | 0.9522 | 0.9540 | 0.9557 | 0.0219 | 0.9388 | 0.9417 | 0.9305
0716 | 20:40:31 |  12.4s | 1.0e-04 | 0.0189 | 0.9509 | 0.9522 | 0.9524 | 0.0209 | 0.9304 | 0.9454 | 0.9255
0717 | 20:40:58 |  12.4s | 1.0e-04 | 0.0188 | 0.9525 | 0.9534 | 0.9552 | 0.0211 | 0.9327 | 0.9480 | 0.9302
0718 | 20:41:22 |  12.3s | 1.0e-04 | 0.0180 | 0.9528 | 0.9562 | 0.9578 | 0.0223 | 0.9446 | 0.9381 | 0.9303
0719 | 20:41:46 |  12.0s | 1.0e-04 | 0.0181 | 0.9519 | 0.9538 | 0.9554 | 0.0213 | 0.9427 | 0.9335 | 0.9265
0720 | 20:42:12 |  12.2s | 1.0e-04 | 0.0182 | 0.9525 | 0.9536 | 0.9552 | 0.0214 | 0.9442 | 0.9375 | 0.9306
0721 | 20:42:36 |  12.5s | 1.0e-04 | 0.0187 | 0.9515 | 0.9532 | 0.9543 | 0.0212 | 0.9340 | 0.9473 | 0.9302
0722 | 20:42:59 |  12.3s | 1.0e-04 | 0.0181 | 0.9534 | 0.9514 | 0.9546 | 0.0219 | 0.9453 | 0.9319 | 0.9257
0723 | 20:43:23 |  12.1s | 1.0e-04 | 0.0183 | 0.9526 | 0.9551 | 0.9565 | 0.0227 | 0.9293 | 0.9428 | 0.9205
0724 | 20:43:48 |  12.2s | 1.0e-04 | 0.0189 | 0.9529 | 0.9533 | 0.9558 | 0.0217 | 0.9329 | 0.9404 | 0.9236
0725 | 20:44:13 |  12.4s | 1.0e-04 | 0.0189 | 0.9520 | 0.9549 | 0.9561 | 0.0205 | 0.9490 | 0.9338 | 0.9349
0726 | 20:44:38 |  12.4s | 1.0e-04 | 0.0184 | 0.9522 | 0.9531 | 0.9549 | 0.0215 | 0.9361 | 0.9384 | 0.9237
0727 | 20:45:02 |  12.5s | 1.0e-04 | 0.0186 | 0.9520 | 0.9532 | 0.9549 | 0.0214 | 0.9318 | 0.9449 | 0.9278
0728 | 20:45:26 |  12.3s | 1.0e-04 | 0.0189 | 0.9513 | 0.9531 | 0.9539 | 0.0218 | 0.9429 | 0.9422 | 0.9354
0729 | 20:45:50 |  12.0s | 1.0e-04 | 0.0189 | 0.9512 | 0.9514 | 0.9527 | 0.0218 | 0.9412 | 0.9332 | 0.9256
0730 | 20:46:13 |  23.9s | 1.0e-04 | 0.0179 | 0.9523 | 0.9528 | 0.9549 | 0.0219 | 0.9391 | 0.9391 | 0.9310
0731 | 20:46:50 |  12.4s | 1.0e-04 | 0.0170 | 0.9541 | 0.9549 | 0.9568 | 0.0208 | 0.9420 | 0.9447 | 0.9358
0732 | 20:47:16 |  12.5s | 1.0e-04 | 0.0182 | 0.9506 | 0.9513 | 0.9527 | 0.0225 | 0.9518 | 0.9213 | 0.9274
0733 | 20:47:41 |  12.5s | 1.0e-04 | 0.0178 | 0.9540 | 0.9531 | 0.9563 | 0.0206 | 0.9363 | 0.9467 | 0.9337
0734 | 20:48:04 |  12.8s | 1.0e-04 | 0.0176 | 0.9520 | 0.9536 | 0.9550 | 0.0218 | 0.9417 | 0.9371 | 0.9261
0735 | 20:48:28 |  12.6s | 1.0e-04 | 0.0179 | 0.9518 | 0.9539 | 0.9544 | 0.0214 | 0.9452 | 0.9380 | 0.9301
0736 | 20:48:53 |  12.4s | 1.0e-04 | 0.0178 | 0.9530 | 0.9518 | 0.9548 | 0.0215 | 0.9347 | 0.9383 | 0.9240
0737 | 20:49:19 |  12.7s | 1.0e-04 | 0.0183 | 0.9500 | 0.9534 | 0.9531 | 0.0222 | 0.9352 | 0.9458 | 0.9304
0738 | 20:49:44 |  12.7s | 1.0e-04 | 0.0179 | 0.9513 | 0.9532 | 0.9542 | 0.0218 | 0.9253 | 0.9535 | 0.9293
0739 | 20:50:08 |  12.7s | 1.0e-04 | 0.0175 | 0.9522 | 0.9543 | 0.9559 | 0.0213 | 0.9444 | 0.9350 | 0.9272
0740 | 20:50:32 |  12.6s | 1.0e-04 | 0.0175 | 0.9539 | 0.9530 | 0.9563 | 0.0216 | 0.9358 | 0.9383 | 0.9231
0741 | 20:50:56 |  12.6s | 1.0e-04 | 0.0177 | 0.9526 | 0.9546 | 0.9567 | 0.0203 | 0.9375 | 0.9470 | 0.9336
0742 | 20:51:22 |  12.4s | 1.0e-04 | 0.0179 | 0.9518 | 0.9529 | 0.9547 | 0.0204 | 0.9439 | 0.9436 | 0.9379
0743 | 20:51:47 |  12.8s | 1.0e-04 | 0.0178 | 0.9531 | 0.9520 | 0.9550 | 0.0209 | 0.9451 | 0.9402 | 0.9347
0744 | 20:52:12 |  12.4s | 1.0e-04 | 0.0178 | 0.9502 | 0.9526 | 0.9525 | 0.0218 | 0.9354 | 0.9459 | 0.9300
0745 | 20:52:37 |  12.7s | 1.0e-04 | 0.0175 | 0.9517 | 0.9535 | 0.9552 | 0.0217 | 0.9393 | 0.9381 | 0.9280
0746 | 20:53:03 |  12.4s | 1.0e-04 | 0.0177 | 0.9528 | 0.9525 | 0.9549 | 0.0226 | 0.9461 | 0.9290 | 0.9265
0747 | 20:53:27 |  12.7s | 1.0e-04 | 0.0176 | 0.9531 | 0.9523 | 0.9552 | 0.0212 | 0.9392 | 0.9380 | 0.9267
0748 | 20:53:51 |  12.6s | 1.0e-04 | 0.0178 | 0.9528 | 0.9528 | 0.9553 | 0.0218 | 0.9357 | 0.9409 | 0.9266
0749 | 20:54:14 |  12.4s | 1.0e-04 | 0.0182 | 0.9519 | 0.9532 | 0.9547 | 0.0216 | 0.9436 | 0.9384 | 0.9304
0750 | 20:54:39 |  12.2s | 1.0e-04 | 0.0174 | 0.9530 | 0.9534 | 0.9564 | 0.0218 | 0.9371 | 0.9442 | 0.9299
0751 | 20:55:07 |  14.9s | 1.0e-04 | 0.0179 | 0.9527 | 0.9546 | 0.9570 | 0.0203 | 0.9371 | 0.9450 | 0.9332
0752 | 20:55:33 |  12.6s | 1.0e-04 | 0.0189 | 0.9508 | 0.9528 | 0.9533 | 0.0212 | 0.9424 | 0.9330 | 0.9247
0753 | 20:55:57 |  12.9s | 1.0e-04 | 0.0181 | 0.9530 | 0.9534 | 0.9561 | 0.0221 | 0.9227 | 0.9526 | 0.9257
0754 | 20:56:21 |  12.7s | 1.0e-04 | 0.0192 | 0.9513 | 0.9515 | 0.9524 | 0.0220 | 0.9436 | 0.9331 | 0.9277
0755 | 20:56:45 |  12.2s | 1.0e-04 | 0.0178 | 0.9535 | 0.9561 | 0.9582 | 0.0212 | 0.9422 | 0.9385 | 0.9318
0756 | 20:57:11 |  12.4s | 1.0e-04 | 0.0186 | 0.9533 | 0.9533 | 0.9563 | 0.0208 | 0.9432 | 0.9415 | 0.9311
0757 | 20:57:36 |  12.6s | 1.0e-04 | 0.0182 | 0.9538 | 0.9551 | 0.9576 | 0.0219 | 0.9406 | 0.9400 | 0.9300
0758 | 20:58:00 |  12.7s | 1.0e-04 | 0.0180 | 0.9522 | 0.9540 | 0.9554 | 0.0223 | 0.9503 | 0.9365 | 0.9372
0759 | 20:58:24 |  12.8s | 1.0e-04 | 0.0183 | 0.9522 | 0.9537 | 0.9554 | 0.0220 | 0.9370 | 0.9461 | 0.9319
0760 | 20:58:48 |  12.4s | 1.0e-04 | 0.0181 | 0.9537 | 0.9540 | 0.9575 | 0.0215 | 0.9479 | 0.9303 | 0.9277
0761 | 20:59:13 |  12.3s | 1.0e-04 | 0.0184 | 0.9536 | 0.9536 | 0.9566 | 0.0209 | 0.9411 | 0.9444 | 0.9334
0762 | 20:59:37 |  12.6s | 1.0e-04 | 0.0183 | 0.9526 | 0.9529 | 0.9549 | 0.0210 | 0.9351 | 0.9444 | 0.9283
0763 | 21:00:01 |  12.8s | 1.0e-04 | 0.0188 | 0.9534 | 0.9544 | 0.9569 | 0.0213 | 0.9392 | 0.9409 | 0.9289
0764 | 21:00:25 |  12.7s | 1.0e-04 | 0.0186 | 0.9512 | 0.9535 | 0.9546 | 0.0211 | 0.9377 | 0.9440 | 0.9307
0765 | 21:00:49 |  12.7s | 1.0e-04 | 0.0182 | 0.9545 | 0.9559 | 0.9591 | 0.0210 | 0.9451 | 0.9366 | 0.9278
0766 | 21:01:14 |  12.2s | 1.0e-04 | 0.0183 | 0.9530 | 0.9543 | 0.9567 | 0.0209 | 0.9411 | 0.9404 | 0.9300
0767 | 21:01:38 |  12.4s | 1.0e-04 | 0.0182 | 0.9527 | 0.9526 | 0.9553 | 0.0226 | 0.9397 | 0.9384 | 0.9270
0768 | 21:02:01 |  12.9s | 1.0e-04 | 0.0177 | 0.9541 | 0.9567 | 0.9592 | 0.0222 | 0.9404 | 0.9374 | 0.9263
0769 | 21:02:25 |  13.4s | 1.0e-04 | 0.0177 | 0.9525 | 0.9548 | 0.9562 | 0.0219 | 0.9301 | 0.9439 | 0.9245
0770 | 21:02:51 |  12.1s | 1.0e-04 | 0.0179 | 0.9528 | 0.9543 | 0.9565 | 0.0229 | 0.9343 | 0.9372 | 0.9187
0771 | 21:03:17 |  27.2s | 1.0e-04 | 0.0182 | 0.9521 | 0.9552 | 0.9568 | 0.0211 | 0.9388 | 0.9367 | 0.9271
0772 | 21:03:55 |  12.0s | 1.0e-04 | 0.0190 | 0.9520 | 0.9549 | 0.9564 | 0.0215 | 0.9316 | 0.9463 | 0.9274
0773 | 21:04:21 |  12.5s | 1.0e-04 | 0.0193 | 0.9506 | 0.9542 | 0.9545 | 0.0216 | 0.9343 | 0.9507 | 0.9347
0774 | 21:04:45 |  12.3s | 1.0e-04 | 0.0191 | 0.9532 | 0.9569 | 0.9585 | 0.0215 | 0.9364 | 0.9423 | 0.9275
0775 | 21:05:08 |  12.4s | 1.0e-04 | 0.0186 | 0.9535 | 0.9555 | 0.9581 | 0.0216 | 0.9380 | 0.9433 | 0.9288
0776 | 21:05:32 |  12.5s | 1.0e-04 | 0.0190 | 0.9526 | 0.9547 | 0.9566 | 0.0218 | 0.9444 | 0.9384 | 0.9344
0777 | 21:05:56 |  12.0s | 1.0e-04 | 0.0188 | 0.9526 | 0.9539 | 0.9563 | 0.0214 | 0.9390 | 0.9394 | 0.9279
0778 | 21:06:21 |  12.7s | 1.0e-04 | 0.0190 | 0.9513 | 0.9543 | 0.9547 | 0.0212 | 0.9367 | 0.9469 | 0.9330
0779 | 21:06:45 |  12.7s | 1.0e-04 | 0.0194 | 0.9504 | 0.9532 | 0.9535 | 0.0216 | 0.9494 | 0.9412 | 0.9399
0780 | 21:07:09 |  12.7s | 1.0e-04 | 0.0189 | 0.9523 | 0.9556 | 0.9566 | 0.0216 | 0.9349 | 0.9424 | 0.9266
0781 | 21:07:32 |  12.5s | 1.0e-04 | 0.0188 | 0.9535 | 0.9553 | 0.9582 | 0.0221 | 0.9363 | 0.9456 | 0.9320
0782 | 21:07:57 |  12.2s | 1.0e-04 | 0.0192 | 0.9511 | 0.9550 | 0.9554 | 0.0218 | 0.9321 | 0.9396 | 0.9206
0783 | 21:08:23 |  12.2s | 1.0e-04 | 0.0190 | 0.9528 | 0.9545 | 0.9561 | 0.0221 | 0.9252 | 0.9529 | 0.9290
0784 | 21:08:46 |  12.5s | 1.0e-04 | 0.0186 | 0.9539 | 0.9556 | 0.9590 | 0.0208 | 0.9386 | 0.9395 | 0.9272
0785 | 21:09:10 |  12.6s | 1.0e-04 | 0.0188 | 0.9511 | 0.9548 | 0.9550 | 0.0208 | 0.9358 | 0.9429 | 0.9268
0786 | 21:09:34 |  12.4s | 1.0e-04 | 0.0186 | 0.9534 | 0.9574 | 0.9598 | 0.0220 | 0.9377 | 0.9397 | 0.9274
0787 | 21:09:59 |  12.0s | 1.0e-04 | 0.0186 | 0.9527 | 0.9562 | 0.9586 | 0.0215 | 0.9293 | 0.9452 | 0.9238
0788 | 21:10:25 |  12.2s | 1.0e-04 | 0.0185 | 0.9533 | 0.9583 | 0.9596 | 0.0223 | 0.9455 | 0.9354 | 0.9313
0789 | 21:10:49 |  12.4s | 1.0e-04 | 0.0188 | 0.9533 | 0.9563 | 0.9580 | 0.0210 | 0.9324 | 0.9453 | 0.9264
0790 | 21:11:13 |  12.5s | 1.0e-04 | 0.0186 | 0.9537 | 0.9552 | 0.9574 | 0.0219 | 0.9354 | 0.9470 | 0.9307
0791 | 21:11:37 |  12.4s | 1.0e-04 | 0.0191 | 0.9532 | 0.9550 | 0.9575 | 0.0223 | 0.9393 | 0.9371 | 0.9280
0792 | 21:12:02 |  27.5s | 1.0e-04 | 0.0187 | 0.9529 | 0.9543 | 0.9570 | 0.0208 | 0.9377 | 0.9429 | 0.9292
0793 | 21:12:41 |  12.5s | 1.0e-04 | 0.0182 | 0.9545 | 0.9543 | 0.9582 | 0.0214 | 0.9346 | 0.9474 | 0.9328
0794 | 21:13:05 |  11.8s | 1.0e-04 | 0.0183 | 0.9536 | 0.9542 | 0.9572 | 0.0225 | 0.9422 | 0.9366 | 0.9292
0795 | 21:13:30 |  12.3s | 1.0e-04 | 0.0182 | 0.9518 | 0.9555 | 0.9564 | 0.0207 | 0.9301 | 0.9489 | 0.9286
0796 | 21:13:54 |  12.4s | 1.0e-04 | 0.0183 | 0.9525 | 0.9549 | 0.9567 | 0.0207 | 0.9425 | 0.9404 | 0.9340
0797 | 21:14:19 |  12.1s | 1.0e-04 | 0.0179 | 0.9536 | 0.9567 | 0.9586 | 0.0204 | 0.9354 | 0.9465 | 0.9318
0798 | 21:14:45 |  12.1s | 1.0e-04 | 0.0180 | 0.9536 | 0.9550 | 0.9573 | 0.0216 | 0.9318 | 0.9435 | 0.9229
0799 | 21:15:10 |  12.4s | 1.0e-04 | 0.0184 | 0.9528 | 0.9584 | 0.9593 | 0.0217 | 0.9291 | 0.9495 | 0.9284
0800 | 21:15:34 |  12.5s | 1.0e-04 | 0.0179 | 0.9534 | 0.9566 | 0.9595 | 0.0221 | 0.9436 | 0.9313 | 0.9256
0801 | 21:15:57 |  12.4s | 1.0e-04 | 0.0182 | 0.9533 | 0.9554 | 0.9580 | 0.0220 | 0.9444 | 0.9314 | 0.9216
0802 | 21:16:22 |  12.1s | 1.0e-04 | 0.0180 | 0.9523 | 0.9557 | 0.9570 | 0.0218 | 0.9377 | 0.9375 | 0.9238
0803 | 21:16:48 |  12.1s | 1.0e-04 | 0.0180 | 0.9546 | 0.9557 | 0.9592 | 0.0222 | 0.9360 | 0.9445 | 0.9304
0804 | 21:17:14 |  12.1s | 1.0e-04 | 0.0181 | 0.9522 | 0.9545 | 0.9561 | 0.0215 | 0.9408 | 0.9394 | 0.9292
0805 | 21:17:38 |  12.5s | 1.0e-04 | 0.0183 | 0.9535 | 0.9546 | 0.9571 | 0.0217 | 0.9393 | 0.9438 | 0.9324
0806 | 21:18:02 |  12.4s | 1.0e-04 | 0.0180 | 0.9549 | 0.9556 | 0.9598 | 0.0215 | 0.9337 | 0.9431 | 0.9249
0807 | 21:18:25 |  12.4s | 1.0e-04 | 0.0179 | 0.9528 | 0.9559 | 0.9573 | 0.0214 | 0.9435 | 0.9366 | 0.9304
0808 | 21:18:51 |  12.1s | 1.0e-04 | 0.0181 | 0.9535 | 0.9538 | 0.9569 | 0.0225 | 0.9289 | 0.9484 | 0.9265
0809 | 21:19:17 |  12.2s | 1.0e-04 | 0.0180 | 0.9525 | 0.9560 | 0.9567 | 0.0220 | 0.9460 | 0.9275 | 0.9209
0810 | 21:19:41 |  12.3s | 1.0e-04 | 0.0179 | 0.9536 | 0.9572 | 0.9593 | 0.0210 | 0.9355 | 0.9424 | 0.9272
0811 | 21:20:04 |  12.5s | 1.0e-04 | 0.0182 | 0.9531 | 0.9535 | 0.9561 | 0.0217 | 0.9406 | 0.9377 | 0.9276
0812 | 21:20:28 |  12.2s | 1.0e-04 | 0.0177 | 0.9538 | 0.9550 | 0.9579 | 0.0216 | 0.9408 | 0.9404 | 0.9318
0813 | 21:20:53 |  25.3s | 1.0e-04 | 0.0175 | 0.9559 | 0.9555 | 0.9598 | 0.0224 | 0.9369 | 0.9454 | 0.9317
0814 | 21:21:30 |  11.8s | 1.0e-04 | 0.0174 | 0.9541 | 0.9534 | 0.9567 | 0.0211 | 0.9422 | 0.9370 | 0.9300
0815 | 21:21:54 |  11.8s | 1.0e-04 | 0.0171 | 0.9544 | 0.9554 | 0.9590 | 0.0228 | 0.9508 | 0.9218 | 0.9203
0816 | 21:22:19 |  11.7s | 1.0e-04 | 0.0176 | 0.9522 | 0.9533 | 0.9552 | 0.0211 | 0.9478 | 0.9421 | 0.9394
0817 | 21:22:42 |  12.0s | 1.0e-04 | 0.0182 | 0.9524 | 0.9524 | 0.9541 | 0.0214 | 0.9423 | 0.9368 | 0.9286
0818 | 21:23:06 |  12.1s | 1.0e-04 | 0.0173 | 0.9545 | 0.9541 | 0.9578 | 0.0219 | 0.9334 | 0.9434 | 0.9252
0819 | 21:23:29 |  11.8s | 1.0e-04 | 0.0178 | 0.9536 | 0.9527 | 0.9559 | 0.0213 | 0.9320 | 0.9435 | 0.9245
0820 | 21:23:54 |  11.7s | 1.0e-04 | 0.0176 | 0.9533 | 0.9562 | 0.9582 | 0.0226 | 0.9447 | 0.9362 | 0.9284
0821 | 21:24:20 |  12.1s | 1.0e-04 | 0.0177 | 0.9528 | 0.9557 | 0.9573 | 0.0221 | 0.9414 | 0.9325 | 0.9229
0822 | 21:24:43 |  11.9s | 1.0e-04 | 0.0176 | 0.9540 | 0.9540 | 0.9573 | 0.0218 | 0.9377 | 0.9494 | 0.9376
0823 | 21:25:07 |  11.6s | 1.0e-04 | 0.0173 | 0.9538 | 0.9550 | 0.9585 | 0.0226 | 0.9452 | 0.9321 | 0.9306
0824 | 21:25:30 |  12.0s | 1.0e-04 | 0.0170 | 0.9553 | 0.9544 | 0.9589 | 0.0221 | 0.9421 | 0.9372 | 0.9313
0825 | 21:25:54 |  12.0s | 1.0e-04 | 0.0175 | 0.9532 | 0.9552 | 0.9570 | 0.0216 | 0.9388 | 0.9372 | 0.9243
0826 | 21:26:17 |  11.8s | 1.0e-04 | 0.0170 | 0.9537 | 0.9557 | 0.9588 | 0.0211 | 0.9392 | 0.9425 | 0.9305
0827 | 21:26:41 |  11.7s | 1.0e-04 | 0.0179 | 0.9526 | 0.9528 | 0.9551 | 0.0203 | 0.9411 | 0.9455 | 0.9359
0828 | 21:27:06 |  11.6s | 1.0e-04 | 0.0174 | 0.9525 | 0.9551 | 0.9565 | 0.0209 | 0.9414 | 0.9422 | 0.9314
0829 | 21:27:30 |  12.0s | 1.0e-04 | 0.0178 | 0.9510 | 0.9549 | 0.9551 | 0.0210 | 0.9381 | 0.9386 | 0.9262
0830 | 21:27:53 |  12.2s | 1.0e-04 | 0.0171 | 0.9541 | 0.9555 | 0.9581 | 0.0210 | 0.9333 | 0.9439 | 0.9235
0831 | 21:28:17 |  12.2s | 1.0e-04 | 0.0175 | 0.9531 | 0.9545 | 0.9570 | 0.0221 | 0.9362 | 0.9461 | 0.9329
0832 | 21:28:41 |  11.7s | 1.0e-04 | 0.0170 | 0.9523 | 0.9552 | 0.9566 | 0.0214 | 0.9440 | 0.9410 | 0.9342
0833 | 21:29:06 |  11.9s | 1.0e-04 | 0.0177 | 0.9539 | 0.9547 | 0.9580 | 0.0207 | 0.9475 | 0.9351 | 0.9340
0834 | 21:29:30 |  25.6s | 1.0e-04 | 0.0185 | 0.9534 | 0.9556 | 0.9582 | 0.0218 | 0.9378 | 0.9389 | 0.9260
0835 | 21:30:09 |  12.0s | 1.0e-04 | 0.0193 | 0.9534 | 0.9557 | 0.9579 | 0.0208 | 0.9400 | 0.9449 | 0.9345
0836 | 21:30:35 |  12.3s | 1.0e-04 | 0.0193 | 0.9523 | 0.9567 | 0.9572 | 0.0205 | 0.9434 | 0.9386 | 0.9343
0837 | 21:30:59 |  12.5s | 1.0e-04 | 0.0191 | 0.9551 | 0.9559 | 0.9602 | 0.0209 | 0.9353 | 0.9452 | 0.9301
0838 | 21:31:23 |  12.5s | 1.0e-04 | 0.0190 | 0.9544 | 0.9583 | 0.9612 | 0.0211 | 0.9394 | 0.9432 | 0.9316
0839 | 21:31:47 |  12.0s | 1.0e-04 | 0.0189 | 0.9538 | 0.9583 | 0.9601 | 0.0226 | 0.9242 | 0.9540 | 0.9282
0840 | 21:32:10 |  12.1s | 1.0e-04 | 0.0195 | 0.9523 | 0.9558 | 0.9571 | 0.0224 | 0.9398 | 0.9324 | 0.9216
0841 | 21:32:36 |  12.3s | 1.0e-04 | 0.0192 | 0.9530 | 0.9573 | 0.9589 | 0.0212 | 0.9365 | 0.9436 | 0.9305
0842 | 21:32:59 |  12.2s | 1.0e-04 | 0.0191 | 0.9541 | 0.9581 | 0.9607 | 0.0218 | 0.9327 | 0.9443 | 0.9262
0843 | 21:33:23 |  12.5s | 1.0e-04 | 0.0187 | 0.9533 | 0.9577 | 0.9600 | 0.0206 | 0.9453 | 0.9365 | 0.9315
0844 | 21:33:47 |  12.4s | 1.0e-04 | 0.0197 | 0.9538 | 0.9569 | 0.9600 | 0.0214 | 0.9402 | 0.9415 | 0.9306
0845 | 21:34:10 |  12.6s | 1.0e-04 | 0.0194 | 0.9531 | 0.9566 | 0.9589 | 0.0208 | 0.9391 | 0.9493 | 0.9385
0846 | 21:34:36 |  12.2s | 1.0e-04 | 0.0191 | 0.9543 | 0.9578 | 0.9602 | 0.0219 | 0.9248 | 0.9547 | 0.9302
0847 | 21:35:00 |  12.4s | 1.0e-04 | 0.0195 | 0.9533 | 0.9577 | 0.9600 | 0.0205 | 0.9410 | 0.9445 | 0.9360
0848 | 21:35:24 |  12.3s | 1.0e-04 | 0.0189 | 0.9549 | 0.9567 | 0.9606 | 0.0214 | 0.9328 | 0.9435 | 0.9256
0849 | 21:35:48 |  12.1s | 1.0e-04 | 0.0196 | 0.9517 | 0.9548 | 0.9561 | 0.0213 | 0.9422 | 0.9348 | 0.9272
0850 | 21:36:15 |  12.1s | 1.0e-04 | 0.0189 | 0.9530 | 0.9580 | 0.9594 | 0.0235 | 0.9337 | 0.9399 | 0.9222
0851 | 21:36:39 |  12.1s | 1.0e-04 | 0.0191 | 0.9531 | 0.9564 | 0.9580 | 0.0228 | 0.9420 | 0.9341 | 0.9237
0852 | 21:37:03 |  12.5s | 1.0e-04 | 0.0192 | 0.9536 | 0.9558 | 0.9587 | 0.0213 | 0.9393 | 0.9382 | 0.9253
0853 | 21:37:27 |  12.4s | 1.0e-04 | 0.0190 | 0.9536 | 0.9561 | 0.9584 | 0.0208 | 0.9410 | 0.9384 | 0.9292
0854 | 21:37:50 |  12.1s | 1.0e-04 | 0.0196 | 0.9524 | 0.9548 | 0.9563 | 0.0206 | 0.9444 | 0.9420 | 0.9379
0855 | 21:38:16 |  25.9s | 1.0e-04 | 0.0185 | 0.9527 | 0.9548 | 0.9568 | 0.0210 | 0.9424 | 0.9402 | 0.9296
0856 | 21:38:53 |  12.7s | 1.0e-04 | 0.0189 | 0.9513 | 0.9514 | 0.9524 | 0.0213 | 0.9435 | 0.9411 | 0.9323
0857 | 21:39:17 |  12.1s | 1.0e-04 | 0.0184 | 0.9531 | 0.9547 | 0.9573 | 0.0202 | 0.9460 | 0.9326 | 0.9319
0858 | 21:39:43 |  12.6s | 1.0e-04 | 0.0184 | 0.9515 | 0.9551 | 0.9555 | 0.0225 | 0.9451 | 0.9268 | 0.9250
0859 | 21:40:09 |  12.4s | 1.0e-04 | 0.0187 | 0.9511 | 0.9559 | 0.9556 | 0.0198 | 0.9436 | 0.9439 | 0.9355
0860 | 21:40:32 |  12.5s | 1.0e-04 | 0.0186 | 0.9513 | 0.9536 | 0.9545 | 0.0203 | 0.9443 | 0.9442 | 0.9389
0861 | 21:40:56 |  12.4s | 1.0e-04 | 0.0186 | 0.9504 | 0.9518 | 0.9523 | 0.0218 | 0.9420 | 0.9359 | 0.9274
0862 | 21:41:20 |  12.8s | 1.0e-04 | 0.0188 | 0.9527 | 0.9527 | 0.9552 | 0.0213 | 0.9432 | 0.9386 | 0.9314
0863 | 21:41:45 |  12.5s | 1.0e-04 | 0.0184 | 0.9533 | 0.9548 | 0.9567 | 0.0222 | 0.9444 | 0.9355 | 0.9286
0864 | 21:42:11 |  12.2s | 1.0e-04 | 0.0188 | 0.9518 | 0.9539 | 0.9556 | 0.0216 | 0.9436 | 0.9335 | 0.9261
0865 | 21:42:36 |  12.2s | 1.0e-04 | 0.0189 | 0.9523 | 0.9532 | 0.9547 | 0.0209 | 0.9425 | 0.9396 | 0.9319
0866 | 21:43:00 |  12.7s | 1.0e-04 | 0.0183 | 0.9519 | 0.9547 | 0.9560 | 0.0205 | 0.9348 | 0.9473 | 0.9321
0867 | 21:43:24 |  12.8s | 1.0e-04 | 0.0185 | 0.9525 | 0.9545 | 0.9563 | 0.0214 | 0.9451 | 0.9377 | 0.9319
0868 | 21:43:48 |  12.4s | 1.0e-04 | 0.0185 | 0.9515 | 0.9543 | 0.9553 | 0.0216 | 0.9351 | 0.9429 | 0.9253
0869 | 21:44:13 |  12.1s | 1.0e-04 | 0.0188 | 0.9518 | 0.9542 | 0.9556 | 0.0214 | 0.9302 | 0.9483 | 0.9280
0870 | 21:44:39 |  12.1s | 1.0e-04 | 0.0189 | 0.9497 | 0.9530 | 0.9527 | 0.0200 | 0.9424 | 0.9429 | 0.9354
0871 | 21:45:03 |  12.8s | 1.0e-04 | 0.0190 | 0.9520 | 0.9534 | 0.9550 | 0.0209 | 0.9390 | 0.9432 | 0.9339
0872 | 21:45:27 |  12.4s | 1.0e-04 | 0.0185 | 0.9510 | 0.9542 | 0.9547 | 0.0210 | 0.9364 | 0.9472 | 0.9330
0873 | 21:45:52 |  12.4s | 1.0e-04 | 0.0183 | 0.9521 | 0.9551 | 0.9562 | 0.0225 | 0.9334 | 0.9384 | 0.9208
0874 | 21:46:15 |  12.4s | 1.0e-04 | 0.0179 | 0.9539 | 0.9565 | 0.9586 | 0.0213 | 0.9345 | 0.9467 | 0.9316
0875 | 21:46:39 |  12.7s | 1.0e-04 | 0.0186 | 0.9525 | 0.9544 | 0.9556 | 0.0206 | 0.9362 | 0.9480 | 0.9340
0876 | 21:47:07 |  13.9s | 1.0e-04 | 0.0181 | 0.9512 | 0.9563 | 0.9570 | 0.0214 | 0.9422 | 0.9409 | 0.9325
0877 | 21:47:32 |  12.2s | 1.0e-04 | 0.0183 | 0.9519 | 0.9562 | 0.9572 | 0.0211 | 0.9391 | 0.9423 | 0.9303
0878 | 21:47:58 |  12.4s | 1.0e-04 | 0.0178 | 0.9533 | 0.9564 | 0.9586 | 0.0213 | 0.9422 | 0.9398 | 0.9300
0879 | 21:48:23 |  13.0s | 1.0e-04 | 0.0180 | 0.9519 | 0.9559 | 0.9570 | 0.0218 | 0.9312 | 0.9464 | 0.9258
0880 | 21:48:47 |  12.7s | 1.0e-04 | 0.0182 | 0.9533 | 0.9546 | 0.9578 | 0.0222 | 0.9419 | 0.9354 | 0.9272
0881 | 21:49:11 |  12.7s | 1.0e-04 | 0.0173 | 0.9540 | 0.9586 | 0.9609 | 0.0214 | 0.9392 | 0.9374 | 0.9266
0882 | 21:49:35 |  12.5s | 1.0e-04 | 0.0179 | 0.9512 | 0.9553 | 0.9557 | 0.0213 | 0.9413 | 0.9437 | 0.9341
0883 | 21:50:00 |  12.2s | 1.0e-04 | 0.0180 | 0.9520 | 0.9561 | 0.9578 | 0.0226 | 0.9333 | 0.9427 | 0.9223
0884 | 21:50:26 |  12.4s | 1.0e-04 | 0.0181 | 0.9547 | 0.9554 | 0.9593 | 0.0203 | 0.9308 | 0.9519 | 0.9337
0885 | 21:50:50 |  12.5s | 1.0e-04 | 0.0181 | 0.9521 | 0.9554 | 0.9575 | 0.0221 | 0.9442 | 0.9284 | 0.9206
0886 | 21:51:14 |  12.6s | 1.0e-04 | 0.0182 | 0.9529 | 0.9557 | 0.9571 | 0.0215 | 0.9383 | 0.9430 | 0.9280
0887 | 21:51:38 |  12.5s | 1.0e-04 | 0.0182 | 0.9527 | 0.9536 | 0.9557 | 0.0213 | 0.9447 | 0.9425 | 0.9375
0888 | 21:52:03 |  12.2s | 1.0e-04 | 0.0180 | 0.9525 | 0.9562 | 0.9579 | 0.0205 | 0.9390 | 0.9483 | 0.9378
0889 | 21:52:29 |  12.4s | 1.0e-04 | 0.0172 | 0.9552 | 0.9571 | 0.9617 | 0.0218 | 0.9386 | 0.9459 | 0.9332
0890 | 21:52:53 |  12.6s | 1.0e-04 | 0.0181 | 0.9531 | 0.9552 | 0.9574 | 0.0211 | 0.9425 | 0.9369 | 0.9294
0891 | 21:53:17 |  12.8s | 1.0e-04 | 0.0184 | 0.9530 | 0.9559 | 0.9581 | 0.0212 | 0.9344 | 0.9493 | 0.9333
0892 | 21:53:40 |  12.7s | 1.0e-04 | 0.0183 | 0.9536 | 0.9560 | 0.9587 | 0.0201 | 0.9508 | 0.9360 | 0.9383
0893 | 21:54:04 |  12.4s | 1.0e-04 | 0.0182 | 0.9533 | 0.9540 | 0.9566 | 0.0222 | 0.9417 | 0.9358 | 0.9284
0894 | 21:54:31 |  12.2s | 1.0e-04 | 0.0178 | 0.9547 | 0.9553 | 0.9587 | 0.0220 | 0.9280 | 0.9511 | 0.9300
0895 | 21:54:54 |  12.6s | 1.0e-04 | 0.0185 | 0.9510 | 0.9555 | 0.9554 | 0.0217 | 0.9429 | 0.9308 | 0.9251
0896 | 21:55:18 |  26.5s | 1.0e-04 | 0.0180 | 0.9546 | 0.9545 | 0.9584 | 0.0207 | 0.9335 | 0.9425 | 0.9243
0897 | 21:55:57 |  12.3s | 1.0e-04 | 0.0183 | 0.9522 | 0.9525 | 0.9541 | 0.0221 | 0.9397 | 0.9389 | 0.9284
0898 | 21:56:23 |  11.9s | 1.0e-04 | 0.0178 | 0.9503 | 0.9536 | 0.9539 | 0.0209 | 0.9459 | 0.9295 | 0.9276
0899 | 21:56:48 |  12.1s | 1.0e-04 | 0.0179 | 0.9527 | 0.9546 | 0.9563 | 0.0209 | 0.9404 | 0.9354 | 0.9275
0900 | 21:57:13 |  12.3s | 1.0e-04 | 0.0174 | 0.9535 | 0.9539 | 0.9570 | 0.0216 | 0.9418 | 0.9473 | 0.9390
0901 | 21:57:37 |  12.4s | 1.0e-04 | 0.0180 | 0.9513 | 0.9535 | 0.9549 | 0.0212 | 0.9383 | 0.9359 | 0.9245
0902 | 21:58:00 |  12.3s | 1.0e-04 | 0.0176 | 0.9532 | 0.9528 | 0.9559 | 0.0200 | 0.9365 | 0.9475 | 0.9342
0903 | 21:58:24 |  12.0s | 1.0e-04 | 0.0175 | 0.9526 | 0.9531 | 0.9551 | 0.0213 | 0.9345 | 0.9468 | 0.9311
0904 | 21:58:49 |  12.0s | 1.0e-04 | 0.0175 | 0.9517 | 0.9540 | 0.9548 | 0.0217 | 0.9279 | 0.9513 | 0.9290
0905 | 21:59:14 |  12.2s | 1.0e-04 | 0.0176 | 0.9532 | 0.9548 | 0.9569 | 0.0208 | 0.9374 | 0.9471 | 0.9341
0906 | 21:59:37 |  12.5s | 1.0e-04 | 0.0182 | 0.9522 | 0.9542 | 0.9557 | 0.0212 | 0.9408 | 0.9387 | 0.9289
0907 | 22:00:00 |  12.4s | 1.0e-04 | 0.0173 | 0.9532 | 0.9546 | 0.9565 | 0.0218 | 0.9415 | 0.9368 | 0.9281
0908 | 22:00:25 |  12.0s | 1.0e-04 | 0.0180 | 0.9501 | 0.9522 | 0.9517 | 0.0203 | 0.9540 | 0.9363 | 0.9413
0909 | 22:00:50 |  12.0s | 1.0e-04 | 0.0176 | 0.9523 | 0.9565 | 0.9568 | 0.0216 | 0.9396 | 0.9412 | 0.9278
0910 | 22:01:15 |  12.4s | 1.0e-04 | 0.0178 | 0.9520 | 0.9537 | 0.9548 | 0.0209 | 0.9391 | 0.9385 | 0.9283
0911 | 22:01:38 |  12.4s | 1.0e-04 | 0.0175 | 0.9512 | 0.9533 | 0.9541 | 0.0203 | 0.9417 | 0.9493 | 0.9411
0912 | 22:02:02 |  12.1s | 1.0e-04 | 0.0182 | 0.9508 | 0.9528 | 0.9528 | 0.0214 | 0.9376 | 0.9429 | 0.9288
0913 | 22:02:26 |  11.9s | 1.0e-04 | 0.0177 | 0.9531 | 0.9529 | 0.9555 | 0.0205 | 0.9464 | 0.9353 | 0.9329
0914 | 22:02:51 |  11.8s | 1.0e-04 | 0.0177 | 0.9543 | 0.9536 | 0.9574 | 0.0218 | 0.9431 | 0.9245 | 0.9187
0915 | 22:03:15 |  12.2s | 1.0e-04 | 0.0178 | 0.9515 | 0.9537 | 0.9550 | 0.0210 | 0.9330 | 0.9486 | 0.9313
0916 | 22:03:38 |  12.4s | 1.0e-04 | 0.0181 | 0.9514 | 0.9529 | 0.9543 | 0.0208 | 0.9459 | 0.9335 | 0.9303
0917 | 22:04:02 |  26.1s | 1.0e-04 | 0.0180 | 0.9524 | 0.9548 | 0.9563 | 0.0216 | 0.9436 | 0.9371 | 0.9301
0918 | 22:04:39 |  12.2s | 1.0e-04 | 0.0183 | 0.9541 | 0.9570 | 0.9593 | 0.0210 | 0.9441 | 0.9361 | 0.9314
0919 | 22:05:02 |  12.2s | 1.0e-04 | 0.0185 | 0.9541 | 0.9566 | 0.9594 | 0.0218 | 0.9321 | 0.9447 | 0.9244
0920 | 22:05:26 |  11.9s | 1.0e-04 | 0.0185 | 0.9542 | 0.9552 | 0.9581 | 0.0213 | 0.9353 | 0.9461 | 0.9319
0921 | 22:05:52 |  12.0s | 1.0e-04 | 0.0188 | 0.9529 | 0.9574 | 0.9588 | 0.0214 | 0.9375 | 0.9433 | 0.9318
0922 | 22:06:16 |  12.3s | 1.0e-04 | 0.0187 | 0.9533 | 0.9570 | 0.9597 | 0.0213 | 0.9347 | 0.9472 | 0.9317
0923 | 22:06:39 |  13.9s | 1.0e-04 | 0.0185 | 0.9545 | 0.9561 | 0.9593 | 0.0221 | 0.9422 | 0.9347 | 0.9264
0924 | 22:07:05 |  12.1s | 1.0e-04 | 0.0187 | 0.9526 | 0.9568 | 0.9590 | 0.0208 | 0.9426 | 0.9489 | 0.9416
0925 | 22:07:29 |  12.2s | 1.0e-04 | 0.0188 | 0.9534 | 0.9556 | 0.9580 | 0.0211 | 0.9513 | 0.9300 | 0.9363
0926 | 22:07:55 |  12.0s | 1.0e-04 | 0.0180 | 0.9557 | 0.9575 | 0.9615 | 0.0213 | 0.9403 | 0.9386 | 0.9308
0927 | 22:08:19 |  12.1s | 1.0e-04 | 0.0191 | 0.9527 | 0.9552 | 0.9577 | 0.0207 | 0.9434 | 0.9383 | 0.9318
0928 | 22:08:42 |  12.2s | 1.0e-04 | 0.0185 | 0.9535 | 0.9569 | 0.9585 | 0.0211 | 0.9439 | 0.9365 | 0.9283
0929 | 22:09:06 |  12.1s | 1.0e-04 | 0.0182 | 0.9541 | 0.9580 | 0.9605 | 0.0210 | 0.9484 | 0.9381 | 0.9371
0930 | 22:09:29 |  12.1s | 1.0e-04 | 0.0184 | 0.9533 | 0.9569 | 0.9586 | 0.0212 | 0.9338 | 0.9513 | 0.9347
0931 | 22:09:54 |  12.0s | 1.0e-04 | 0.0184 | 0.9534 | 0.9557 | 0.9588 | 0.0201 | 0.9347 | 0.9422 | 0.9264
0932 | 22:10:20 |  11.8s | 1.0e-04 | 0.0187 | 0.9533 | 0.9563 | 0.9583 | 0.0213 | 0.9389 | 0.9386 | 0.9215
0933 | 22:10:43 |  12.2s | 1.0e-04 | 0.0183 | 0.9550 | 0.9566 | 0.9598 | 0.0206 | 0.9363 | 0.9437 | 0.9297
0934 | 22:11:06 |  12.2s | 1.0e-04 | 0.0181 | 0.9543 | 0.9566 | 0.9601 | 0.0215 | 0.9346 | 0.9464 | 0.9305
0935 | 22:11:30 |  12.3s | 1.0e-04 | 0.0188 | 0.9524 | 0.9568 | 0.9572 | 0.0205 | 0.9459 | 0.9351 | 0.9264
0936 | 22:11:54 |  12.0s | 1.0e-04 | 0.0184 | 0.9549 | 0.9573 | 0.9606 | 0.0223 | 0.9334 | 0.9459 | 0.9298
0937 | 22:12:20 |  12.2s | 1.0e-04 | 0.0195 | 0.9509 | 0.9558 | 0.9560 | 0.0198 | 0.9436 | 0.9447 | 0.9367
0938 | 22:12:44 |  22.9s | 1.0e-04 | 0.0181 | 0.9543 | 0.9563 | 0.9596 | 0.0214 | 0.9399 | 0.9475 | 0.9383
0939 | 22:13:21 |  12.2s | 1.0e-04 | 0.0176 | 0.9538 | 0.9560 | 0.9585 | 0.0211 | 0.9421 | 0.9434 | 0.9357
0940 | 22:13:46 |  12.6s | 1.0e-04 | 0.0179 | 0.9543 | 0.9556 | 0.9591 | 0.0209 | 0.9338 | 0.9525 | 0.9371
0941 | 22:14:10 |  12.6s | 1.0e-04 | 0.0180 | 0.9544 | 0.9554 | 0.9591 | 0.0205 | 0.9382 | 0.9444 | 0.9311
0942 | 22:14:34 |  12.6s | 1.0e-04 | 0.0178 | 0.9532 | 0.9552 | 0.9578 | 0.0221 | 0.9398 | 0.9392 | 0.9286
0943 | 22:14:57 |  12.6s | 1.0e-04 | 0.0180 | 0.9538 | 0.9566 | 0.9592 | 0.0214 | 0.9393 | 0.9460 | 0.9341
0944 | 22:15:23 |  12.7s | 1.0e-04 | 0.0176 | 0.9556 | 0.9567 | 0.9615 | 0.0217 | 0.9345 | 0.9421 | 0.9259
0945 | 22:15:47 |  12.4s | 1.0e-04 | 0.0180 | 0.9548 | 0.9556 | 0.9596 | 0.0209 | 0.9424 | 0.9404 | 0.9321
0946 | 22:16:10 |  13.0s | 1.0e-04 | 0.0174 | 0.9557 | 0.9556 | 0.9606 | 0.0207 | 0.9402 | 0.9345 | 0.9278
0947 | 22:16:34 |  12.8s | 1.0e-04 | 0.0180 | 0.9550 | 0.9549 | 0.9589 | 0.0219 | 0.9384 | 0.9424 | 0.9316
0948 | 22:16:58 |  12.8s | 1.0e-04 | 0.0179 | 0.9533 | 0.9565 | 0.9591 | 0.0207 | 0.9397 | 0.9437 | 0.9341
0949 | 22:17:24 |  12.2s | 1.0e-04 | 0.0178 | 0.9537 | 0.9565 | 0.9589 | 0.0217 | 0.9435 | 0.9329 | 0.9294
0950 | 22:17:47 |  12.8s | 1.0e-04 | 0.0174 | 0.9550 | 0.9560 | 0.9598 | 0.0227 | 0.9384 | 0.9366 | 0.9214
0951 | 22:18:11 |  12.4s | 1.0e-04 | 0.0175 | 0.9552 | 0.9579 | 0.9612 | 0.0216 | 0.9422 | 0.9399 | 0.9298
0952 | 22:18:35 |  12.4s | 1.0e-04 | 0.0177 | 0.9550 | 0.9558 | 0.9599 | 0.0224 | 0.9385 | 0.9283 | 0.9164
0953 | 22:19:01 |  12.3s | 1.0e-04 | 0.0178 | 0.9547 | 0.9573 | 0.9612 | 0.0212 | 0.9427 | 0.9414 | 0.9291
0954 | 22:19:25 |  12.5s | 1.0e-04 | 0.0180 | 0.9538 | 0.9558 | 0.9585 | 0.0208 | 0.9342 | 0.9491 | 0.9325
0955 | 22:19:48 |  12.5s | 1.0e-04 | 0.0181 | 0.9522 | 0.9551 | 0.9563 | 0.0214 | 0.9352 | 0.9505 | 0.9356
0956 | 22:20:12 |  12.5s | 1.0e-04 | 0.0175 | 0.9527 | 0.9574 | 0.9589 | 0.0221 | 0.9377 | 0.9390 | 0.9277
0957 | 22:20:36 |  12.4s | 1.0e-04 | 0.0178 | 0.9538 | 0.9551 | 0.9587 | 0.0211 | 0.9402 | 0.9425 | 0.9345
0958 | 22:21:02 |  12.1s | 1.0e-04 | 0.0178 | 0.9534 | 0.9561 | 0.9591 | 0.0209 | 0.9343 | 0.9461 | 0.9310
0959 | 22:21:27 |  25.9s | 1.0e-04 | 0.0172 | 0.9539 | 0.9543 | 0.9575 | 0.0211 | 0.9396 | 0.9495 | 0.9387
0960 | 22:22:05 |  12.4s | 1.0e-04 | 0.0172 | 0.9535 | 0.9550 | 0.9571 | 0.0211 | 0.9320 | 0.9451 | 0.9251
0961 | 22:22:32 |  12.3s | 1.0e-04 | 0.0171 | 0.9530 | 0.9554 | 0.9577 | 0.0219 | 0.9407 | 0.9418 | 0.9306
0962 | 22:22:56 |  13.1s | 1.0e-04 | 0.0170 | 0.9539 | 0.9548 | 0.9576 | 0.0202 | 0.9467 | 0.9418 | 0.9392
0963 | 22:23:21 |  12.7s | 1.0e-04 | 0.0171 | 0.9542 | 0.9537 | 0.9579 | 0.0223 | 0.9366 | 0.9446 | 0.9315
0964 | 22:23:45 |  12.9s | 1.0e-04 | 0.0170 | 0.9541 | 0.9560 | 0.9589 | 0.0214 | 0.9433 | 0.9373 | 0.9322
0965 | 22:24:09 |  12.5s | 1.0e-04 | 0.0167 | 0.9537 | 0.9579 | 0.9597 | 0.0224 | 0.9418 | 0.9437 | 0.9355
0966 | 22:24:34 |  12.5s | 1.0e-04 | 0.0166 | 0.9531 | 0.9551 | 0.9577 | 0.0208 | 0.9388 | 0.9398 | 0.9289
0967 | 22:25:01 |  12.7s | 1.0e-04 | 0.0169 | 0.9535 | 0.9555 | 0.9582 | 0.0214 | 0.9364 | 0.9406 | 0.9270
0968 | 22:25:26 |  12.6s | 1.0e-04 | 0.0169 | 0.9543 | 0.9564 | 0.9598 | 0.0222 | 0.9333 | 0.9425 | 0.9253
0969 | 22:25:50 |  12.8s | 1.0e-04 | 0.0165 | 0.9536 | 0.9560 | 0.9589 | 0.0212 | 0.9391 | 0.9414 | 0.9288
0970 | 22:26:14 |  12.8s | 1.0e-04 | 0.0165 | 0.9536 | 0.9566 | 0.9590 | 0.0226 | 0.9371 | 0.9364 | 0.9189
0971 | 22:26:38 |  12.5s | 1.0e-04 | 0.0169 | 0.9528 | 0.9549 | 0.9568 | 0.0221 | 0.9392 | 0.9366 | 0.9264
0972 | 22:27:03 |  12.4s | 1.0e-04 | 0.0166 | 0.9552 | 0.9571 | 0.9614 | 0.0207 | 0.9336 | 0.9519 | 0.9360
0973 | 22:27:29 |  12.8s | 1.0e-04 | 0.0172 | 0.9541 | 0.9529 | 0.9564 | 0.0208 | 0.9333 | 0.9509 | 0.9349
0974 | 22:27:55 |  12.5s | 1.0e-04 | 0.0171 | 0.9537 | 0.9546 | 0.9576 | 0.0212 | 0.9392 | 0.9444 | 0.9338
0975 | 22:28:19 |  12.5s | 1.0e-04 | 0.0170 | 0.9535 | 0.9548 | 0.9574 | 0.0213 | 0.9401 | 0.9350 | 0.9240
0976 | 22:28:46 |  12.6s | 1.0e-04 | 0.0170 | 0.9541 | 0.9556 | 0.9591 | 0.0198 | 0.9453 | 0.9453 | 0.9419
0977 | 22:29:11 |  12.6s | 1.0e-04 | 0.0165 | 0.9547 | 0.9575 | 0.9610 | 0.0214 | 0.9389 | 0.9396 | 0.9257
0978 | 22:29:35 |  12.4s | 1.0e-04 | 0.0169 | 0.9547 | 0.9545 | 0.9585 | 0.0201 | 0.9402 | 0.9432 | 0.9326
0979 | 22:29:59 |  13.0s | 1.0e-04 | 0.0171 | 0.9548 | 0.9548 | 0.9591 | 0.0215 | 0.9441 | 0.9361 | 0.9311
0980 | 22:30:23 |  26.0s | 1.0e-04 | 0.0176 | 0.9546 | 0.9569 | 0.9602 | 0.0219 | 0.9336 | 0.9415 | 0.9266
0981 | 22:31:00 |  12.9s | 1.0e-04 | 0.0183 | 0.9541 | 0.9559 | 0.9596 | 0.0209 | 0.9337 | 0.9505 | 0.9339
0982 | 22:31:24 |  12.6s | 1.0e-04 | 0.0184 | 0.9534 | 0.9565 | 0.9587 | 0.0222 | 0.9306 | 0.9446 | 0.9230
0983 | 22:31:49 |  12.6s | 1.0e-04 | 0.0181 | 0.9548 | 0.9570 | 0.9599 | 0.0224 | 0.9307 | 0.9515 | 0.9322
0984 | 22:32:15 |  12.3s | 1.0e-04 | 0.0185 | 0.9529 | 0.9562 | 0.9580 | 0.0217 | 0.9434 | 0.9369 | 0.9300
0985 | 22:32:40 |  12.4s | 1.0e-04 | 0.0177 | 0.9547 | 0.9566 | 0.9597 | 0.0218 | 0.9303 | 0.9459 | 0.9260
0986 | 22:33:03 |  12.7s | 1.0e-04 | 0.0187 | 0.9523 | 0.9547 | 0.9562 | 0.0198 | 0.9351 | 0.9483 | 0.9327
0987 | 22:33:27 |  12.6s | 1.0e-04 | 0.0181 | 0.9538 | 0.9569 | 0.9594 | 0.0206 | 0.9424 | 0.9428 | 0.9367
0988 | 22:33:51 |  12.3s | 1.0e-04 | 0.0181 | 0.9532 | 0.9569 | 0.9583 | 0.0209 | 0.9341 | 0.9393 | 0.9231
0989 | 22:34:16 |  12.5s | 1.0e-04 | 0.0183 | 0.9535 | 0.9567 | 0.9583 | 0.0212 | 0.9426 | 0.9434 | 0.9347
0990 | 22:34:42 |  12.4s | 1.0e-04 | 0.0176 | 0.9543 | 0.9579 | 0.9605 | 0.0200 | 0.9431 | 0.9459 | 0.9407
0991 | 22:35:06 |  12.7s | 1.0e-04 | 0.0183 | 0.9543 | 0.9552 | 0.9584 | 0.0222 | 0.9390 | 0.9384 | 0.9251
0992 | 22:35:30 |  12.7s | 1.0e-04 | 0.0175 | 0.9548 | 0.9583 | 0.9615 | 0.0199 | 0.9287 | 0.9580 | 0.9349
0993 | 22:35:53 |  12.2s | 1.0e-04 | 0.0182 | 0.9540 | 0.9562 | 0.9593 | 0.0209 | 0.9426 | 0.9398 | 0.9311
0994 | 22:36:18 |  12.4s | 1.0e-04 | 0.0182 | 0.9540 | 0.9576 | 0.9599 | 0.0212 | 0.9456 | 0.9350 | 0.9314
0995 | 22:36:44 |  12.8s | 1.0e-04 | 0.0179 | 0.9540 | 0.9560 | 0.9586 | 0.0213 | 0.9320 | 0.9520 | 0.9347
0996 | 22:37:09 |  12.9s | 1.0e-04 | 0.0176 | 0.9544 | 0.9589 | 0.9611 | 0.0196 | 0.9425 | 0.9469 | 0.9390
0997 | 22:37:33 |  12.8s | 1.0e-04 | 0.0179 | 0.9540 | 0.9569 | 0.9593 | 0.0211 | 0.9395 | 0.9429 | 0.9313
0998 | 22:37:57 |  12.7s | 1.0e-04 | 0.0184 | 0.9538 | 0.9559 | 0.9587 | 0.0206 | 0.9330 | 0.9487 | 0.9314
0999 | 22:38:21 |  12.8s | 1.0e-04 | 0.0180 | 0.9542 | 0.9579 | 0.9603 | 0.0210 | 0.9310 | 0.9513 | 0.9326
1000 | 22:38:45 |  12.8s | 1.0e-04 | 0.0182 | 0.9535 | 0.9561 | 0.9582 | 0.0206 | 0.9400 | 0.9447 | 0.9348
1001 | 22:39:13 |  12.9s | 1.0e-04 | 0.0170 | 0.9560 | 0.9588 | 0.9631 | 0.0228 | 0.9382 | 0.9412 | 0.9310
1002 | 22:39:37 |  12.6s | 1.0e-04 | 0.0176 | 0.9549 | 0.9582 | 0.9607 | 0.0202 | 0.9396 | 0.9407 | 0.9304
1003 | 22:40:02 |  12.2s | 1.0e-04 | 0.0173 | 0.9553 | 0.9573 | 0.9600 | 0.0209 | 0.9360 | 0.9499 | 0.9359
1004 | 22:40:28 |  12.1s | 1.0e-04 | 0.0171 | 0.9558 | 0.9579 | 0.9619 | 0.0218 | 0.9423 | 0.9444 | 0.9356
1005 | 22:40:51 |  12.6s | 1.0e-04 | 0.0173 | 0.9546 | 0.9580 | 0.9610 | 0.0218 | 0.9315 | 0.9496 | 0.9314
1006 | 22:41:15 |  12.8s | 1.0e-04 | 0.0165 | 0.9577 | 0.9599 | 0.9647 | 0.0213 | 0.9519 | 0.9281 | 0.9324
1007 | 22:41:39 |  12.7s | 1.0e-04 | 0.0177 | 0.9552 | 0.9583 | 0.9612 | 0.0211 | 0.9402 | 0.9446 | 0.9333
1008 | 22:42:03 |  12.2s | 1.0e-04 | 0.0175 | 0.9559 | 0.9581 | 0.9625 | 0.0210 | 0.9425 | 0.9397 | 0.9325
1009 | 22:42:29 |  12.3s | 1.0e-04 | 0.0174 | 0.9566 | 0.9580 | 0.9628 | 0.0214 | 0.9350 | 0.9500 | 0.9350
1010 | 22:42:53 |  12.6s | 1.0e-04 | 0.0173 | 0.9558 | 0.9593 | 0.9624 | 0.0212 | 0.9439 | 0.9418 | 0.9366
1011 | 22:43:17 |  12.5s | 1.0e-04 | 0.0173 | 0.9557 | 0.9573 | 0.9616 | 0.0215 | 0.9409 | 0.9442 | 0.9342
1012 | 22:43:40 |  12.5s | 1.0e-04 | 0.0174 | 0.9554 | 0.9585 | 0.9616 | 0.0207 | 0.9409 | 0.9416 | 0.9341
1013 | 22:44:04 |  12.1s | 1.0e-04 | 0.0174 | 0.9557 | 0.9575 | 0.9613 | 0.0201 | 0.9376 | 0.9413 | 0.9305
1014 | 22:44:29 |  12.3s | 1.0e-04 | 0.0176 | 0.9552 | 0.9587 | 0.9619 | 0.0199 | 0.9520 | 0.9352 | 0.9411
1015 | 22:44:54 |  12.3s | 1.0e-04 | 0.0178 | 0.9557 | 0.9575 | 0.9612 | 0.0204 | 0.9380 | 0.9458 | 0.9330
1016 | 22:45:18 |  12.6s | 1.0e-04 | 0.0173 | 0.9551 | 0.9577 | 0.9622 | 0.0209 | 0.9407 | 0.9472 | 0.9372
1017 | 22:45:42 |  12.5s | 1.0e-04 | 0.0173 | 0.9555 | 0.9571 | 0.9610 | 0.0212 | 0.9434 | 0.9369 | 0.9304
1018 | 22:46:05 |  12.5s | 1.0e-04 | 0.0176 | 0.9539 | 0.9577 | 0.9597 | 0.0207 | 0.9414 | 0.9436 | 0.9326
1019 | 22:46:29 |  12.1s | 1.0e-04 | 0.0176 | 0.9547 | 0.9563 | 0.9597 | 0.0218 | 0.9395 | 0.9366 | 0.9242
1020 | 22:46:55 |  12.0s | 1.0e-04 | 0.0174 | 0.9563 | 0.9573 | 0.9618 | 0.0213 | 0.9328 | 0.9391 | 0.9203
1021 | 22:47:19 |  26.3s | 1.0e-04 | 0.0177 | 0.9540 | 0.9572 | 0.9602 | 0.0220 | 0.9480 | 0.9370 | 0.9378
1022 | 22:47:58 |  12.0s | 1.0e-04 | 0.0178 | 0.9545 | 0.9567 | 0.9594 | 0.0209 | 0.9373 | 0.9450 | 0.9327
1023 | 22:48:23 |  12.2s | 1.0e-04 | 0.0180 | 0.9542 | 0.9554 | 0.9591 | 0.0223 | 0.9249 | 0.9475 | 0.9223
1024 | 22:48:46 |  12.5s | 1.0e-04 | 0.0177 | 0.9544 | 0.9574 | 0.9597 | 0.0216 | 0.9367 | 0.9447 | 0.9322
1025 | 22:49:10 |  12.1s | 1.0e-04 | 0.0176 | 0.9536 | 0.9588 | 0.9601 | 0.0229 | 0.9317 | 0.9469 | 0.9278
1026 | 22:49:33 |  12.3s | 1.0e-04 | 0.0178 | 0.9536 | 0.9574 | 0.9600 | 0.0209 | 0.9333 | 0.9473 | 0.9306
1027 | 22:49:57 |  12.4s | 1.0e-04 | 0.0182 | 0.9529 | 0.9561 | 0.9575 | 0.0208 | 0.9386 | 0.9420 | 0.9298
1028 | 22:50:20 |  12.2s | 1.0e-04 | 0.0175 | 0.9544 | 0.9580 | 0.9600 | 0.0206 | 0.9462 | 0.9383 | 0.9354
1029 | 22:50:46 |  12.1s | 1.0e-04 | 0.0182 | 0.9529 | 0.9564 | 0.9584 | 0.0217 | 0.9414 | 0.9415 | 0.9330
1030 | 22:51:11 |  12.4s | 1.0e-04 | 0.0180 | 0.9531 | 0.9568 | 0.9585 | 0.0205 | 0.9402 | 0.9516 | 0.9423
1031 | 22:51:35 |  12.4s | 1.0e-04 | 0.0177 | 0.9553 | 0.9556 | 0.9599 | 0.0207 | 0.9418 | 0.9389 | 0.9314
1032 | 22:51:58 |  12.5s | 1.0e-04 | 0.0185 | 0.9531 | 0.9566 | 0.9590 | 0.0205 | 0.9405 | 0.9449 | 0.9351
1033 | 22:52:22 |  12.6s | 1.0e-04 | 0.0178 | 0.9544 | 0.9582 | 0.9606 | 0.0211 | 0.9433 | 0.9398 | 0.9337
1034 | 22:52:47 |  12.1s | 1.0e-04 | 0.0175 | 0.9556 | 0.9588 | 0.9625 | 0.0217 | 0.9472 | 0.9338 | 0.9294
1035 | 22:53:12 |  12.4s | 1.0e-04 | 0.0179 | 0.9539 | 0.9570 | 0.9597 | 0.0209 | 0.9435 | 0.9413 | 0.9356
1036 | 22:53:36 |  12.1s | 1.0e-04 | 0.0179 | 0.9537 | 0.9564 | 0.9585 | 0.0211 | 0.9298 | 0.9533 | 0.9345
1037 | 22:53:59 |  12.4s | 1.0e-04 | 0.0178 | 0.9538 | 0.9570 | 0.9592 | 0.0212 | 0.9358 | 0.9459 | 0.9322
1038 | 22:54:23 |  12.5s | 1.0e-04 | 0.0172 | 0.9542 | 0.9575 | 0.9602 | 0.0205 | 0.9358 | 0.9481 | 0.9339
1039 | 22:54:48 |  12.2s | 1.0e-04 | 0.0175 | 0.9535 | 0.9590 | 0.9605 | 0.0205 | 0.9385 | 0.9432 | 0.9308
1040 | 22:55:13 |  12.2s | 1.0e-04 | 0.0180 | 0.9545 | 0.9575 | 0.9603 | 0.0214 | 0.9406 | 0.9438 | 0.9333
1041 | 22:55:38 |  12.4s | 1.0e-04 | 0.0179 | 0.9528 | 0.9576 | 0.9587 | 0.0205 | 0.9401 | 0.9423 | 0.9313
1042 | 22:56:01 |  26.9s | 1.0e-04 | 0.0176 | 0.9556 | 0.9573 | 0.9622 | 0.0208 | 0.9438 | 0.9363 | 0.9283
1043 | 22:56:41 |  12.3s | 1.0e-04 | 0.0169 | 0.9564 | 0.9579 | 0.9626 | 0.0208 | 0.9430 | 0.9374 | 0.9294
1044 | 22:57:05 |  12.7s | 1.0e-04 | 0.0171 | 0.9543 | 0.9572 | 0.9604 | 0.0210 | 0.9374 | 0.9484 | 0.9351
1045 | 22:57:29 |  12.6s | 1.0e-04 | 0.0173 | 0.9543 | 0.9582 | 0.9608 | 0.0220 | 0.9322 | 0.9440 | 0.9248
1046 | 22:57:52 |  12.6s | 1.0e-04 | 0.0165 | 0.9554 | 0.9604 | 0.9622 | 0.0212 | 0.9411 | 0.9406 | 0.9305
1047 | 22:58:17 |  12.4s | 1.0e-04 | 0.0165 | 0.9555 | 0.9608 | 0.9652 | 0.0209 | 0.9373 | 0.9378 | 0.9253
1048 | 22:58:43 |  12.5s | 1.0e-04 | 0.0166 | 0.9564 | 0.9593 | 0.9635 | 0.0222 | 0.9271 | 0.9508 | 0.9279
1049 | 22:59:06 |  12.5s | 1.0e-04 | 0.0167 | 0.9570 | 0.9592 | 0.9640 | 0.0204 | 0.9449 | 0.9453 | 0.9385
1050 | 22:59:30 |  12.2s | 1.0e-04 | 0.0169 | 0.9568 | 0.9595 | 0.9635 | 0.0213 | 0.9421 | 0.9387 | 0.9300
1051 | 22:59:54 |  12.4s | 1.0e-04 | 0.0166 | 0.9575 | 0.9590 | 0.9641 | 0.0211 | 0.9356 | 0.9491 | 0.9341
1052 | 23:00:18 |  12.6s | 1.0e-04 | 0.0173 | 0.9555 | 0.9596 | 0.9634 | 0.0221 | 0.9419 | 0.9385 | 0.9301
1053 | 23:00:42 |  12.7s | 1.0e-04 | 0.0167 | 0.9562 | 0.9598 | 0.9638 | 0.0213 | 0.9453 | 0.9402 | 0.9355
1054 | 23:01:05 |  12.7s | 1.0e-04 | 0.0168 | 0.9564 | 0.9587 | 0.9632 | 0.0213 | 0.9375 | 0.9459 | 0.9329
1055 | 23:01:30 |  12.1s | 1.0e-04 | 0.0170 | 0.9564 | 0.9599 | 0.9634 | 0.0210 | 0.9416 | 0.9409 | 0.9315
1056 | 23:01:56 |  12.6s | 1.0e-04 | 0.0166 | 0.9567 | 0.9589 | 0.9635 | 0.0207 | 0.9477 | 0.9362 | 0.9369
1057 | 23:02:20 |  12.2s | 1.0e-04 | 0.0166 | 0.9554 | 0.9587 | 0.9624 | 0.0208 | 0.9463 | 0.9383 | 0.9322
1058 | 23:02:43 |  12.7s | 1.0e-04 | 0.0167 | 0.9569 | 0.9597 | 0.9636 | 0.0206 | 0.9327 | 0.9509 | 0.9343
1059 | 23:03:07 |  12.5s | 1.0e-04 | 0.0171 | 0.9555 | 0.9586 | 0.9623 | 0.0205 | 0.9453 | 0.9317 | 0.9275
1060 | 23:03:31 |  12.4s | 1.0e-04 | 0.0169 | 0.9557 | 0.9601 | 0.9632 | 0.0205 | 0.9376 | 0.9450 | 0.9342
1061 | 23:03:57 |  12.3s | 1.0e-04 | 0.0171 | 0.9563 | 0.9595 | 0.9638 | 0.0204 | 0.9470 | 0.9319 | 0.9266
1062 | 23:04:21 |  12.8s | 1.0e-04 | 0.0169 | 0.9557 | 0.9599 | 0.9635 | 0.0208 | 0.9381 | 0.9392 | 0.9278
1063 | 23:04:45 |  24.1s | 1.0e-04 | 0.0174 | 0.9552 | 0.9552 | 0.9597 | 0.0214 | 0.9406 | 0.9324 | 0.9251
1064 | 23:05:21 |  12.8s | 1.0e-04 | 0.0177 | 0.9542 | 0.9558 | 0.9586 | 0.0203 | 0.9501 | 0.9381 | 0.9371
1065 | 23:05:45 |  12.5s | 1.0e-04 | 0.0180 | 0.9541 | 0.9562 | 0.9588 | 0.0193 | 0.9370 | 0.9444 | 0.9313
1066 | 23:06:08 |  12.6s | 1.0e-04 | 0.0177 | 0.9536 | 0.9550 | 0.9578 | 0.0210 | 0.9403 | 0.9441 | 0.9325
1067 | 23:06:32 |  12.5s | 1.0e-04 | 0.0175 | 0.9534 | 0.9566 | 0.9591 | 0.0225 | 0.9390 | 0.9464 | 0.9344
1068 | 23:06:58 |  12.3s | 1.0e-04 | 0.0181 | 0.9535 | 0.9566 | 0.9591 | 0.0224 | 0.9327 | 0.9467 | 0.9300
1069 | 23:07:23 |  12.4s | 1.0e-04 | 0.0180 | 0.9528 | 0.9544 | 0.9572 | 0.0217 | 0.9310 | 0.9486 | 0.9292
1070 | 23:07:46 |  12.6s | 1.0e-04 | 0.0178 | 0.9533 | 0.9555 | 0.9577 | 0.0207 | 0.9499 | 0.9384 | 0.9409
1071 | 23:08:10 |  12.5s | 1.0e-04 | 0.0169 | 0.9561 | 0.9569 | 0.9617 | 0.0215 | 0.9394 | 0.9422 | 0.9303
1072 | 23:08:34 |  12.5s | 1.0e-04 | 0.0172 | 0.9561 | 0.9565 | 0.9616 | 0.0212 | 0.9428 | 0.9437 | 0.9357
1073 | 23:09:00 |  12.1s | 1.0e-04 | 0.0176 | 0.9551 | 0.9569 | 0.9598 | 0.0211 | 0.9398 | 0.9330 | 0.9196
1074 | 23:09:24 |  12.3s | 1.0e-04 | 0.0176 | 0.9548 | 0.9558 | 0.9594 | 0.0203 | 0.9346 | 0.9486 | 0.9338
1075 | 23:09:48 |  12.4s | 1.0e-04 | 0.0175 | 0.9540 | 0.9565 | 0.9588 | 0.0210 | 0.9458 | 0.9379 | 0.9356
1076 | 23:10:11 |  13.7s | 1.0e-04 | 0.0179 | 0.9554 | 0.9548 | 0.9590 | 0.0215 | 0.9324 | 0.9489 | 0.9312
1077 | 23:10:37 |  12.4s | 1.0e-04 | 0.0177 | 0.9538 | 0.9569 | 0.9596 | 0.0207 | 0.9457 | 0.9397 | 0.9334
1078 | 23:11:04 |  12.2s | 1.0e-04 | 0.0177 | 0.9539 | 0.9558 | 0.9585 | 0.0206 | 0.9502 | 0.9366 | 0.9382
1079 | 23:11:28 |  12.1s | 1.0e-04 | 0.0178 | 0.9541 | 0.9558 | 0.9587 | 0.0207 | 0.9492 | 0.9421 | 0.9413
1080 | 23:11:51 |  12.3s | 1.0e-04 | 0.0177 | 0.9554 | 0.9553 | 0.9598 | 0.0222 | 0.9416 | 0.9392 | 0.9288
1081 | 23:12:15 |  12.3s | 1.0e-04 | 0.0182 | 0.9523 | 0.9551 | 0.9567 | 0.0208 | 0.9401 | 0.9441 | 0.9322
1082 | 23:12:38 |  12.1s | 1.0e-04 | 0.0175 | 0.9542 | 0.9539 | 0.9576 | 0.0207 | 0.9357 | 0.9479 | 0.9337
1083 | 23:13:04 |  12.2s | 1.0e-04 | 0.0180 | 0.9527 | 0.9572 | 0.9591 | 0.0211 | 0.9340 | 0.9477 | 0.9298
1084 | 23:13:29 |  24.2s | 1.0e-04 | 0.0166 | 0.9566 | 0.9592 | 0.9635 | 0.0213 | 0.9373 | 0.9471 | 0.9337
1085 | 23:14:06 |  12.4s | 1.0e-04 | 0.0167 | 0.9558 | 0.9575 | 0.9618 | 0.0205 | 0.9414 | 0.9355 | 0.9278
1086 | 23:14:32 |  12.7s | 1.0e-04 | 0.0167 | 0.9570 | 0.9588 | 0.9637 | 0.0216 | 0.9269 | 0.9490 | 0.9257
1087 | 23:14:57 |  12.7s | 1.0e-04 | 0.0163 | 0.9582 | 0.9608 | 0.9665 | 0.0213 | 0.9409 | 0.9417 | 0.9340
1088 | 23:15:21 |  13.0s | 1.0e-04 | 0.0166 | 0.9576 | 0.9594 | 0.9651 | 0.0206 | 0.9437 | 0.9430 | 0.9363
1089 | 23:15:45 |  12.6s | 1.0e-04 | 0.0162 | 0.9585 | 0.9616 | 0.9667 | 0.0220 | 0.9374 | 0.9426 | 0.9284
1090 | 23:16:09 |  12.4s | 1.0e-04 | 0.0161 | 0.9586 | 0.9598 | 0.9662 | 0.0213 | 0.9329 | 0.9478 | 0.9316
1091 | 23:16:35 |  12.8s | 1.0e-04 | 0.0167 | 0.9558 | 0.9619 | 0.9644 | 0.0214 | 0.9388 | 0.9403 | 0.9281
1092 | 23:17:01 |  12.4s | 1.0e-04 | 0.0162 | 0.9572 | 0.9607 | 0.9651 | 0.0222 | 0.9378 | 0.9417 | 0.9291
1093 | 23:17:25 |  12.7s | 1.0e-04 | 0.0165 | 0.9571 | 0.9598 | 0.9647 | 0.0207 | 0.9323 | 0.9494 | 0.9318
1094 | 23:17:49 |  12.6s | 1.0e-04 | 0.0162 | 0.9577 | 0.9601 | 0.9657 | 0.0215 | 0.9438 | 0.9311 | 0.9258
1095 | 23:18:13 |  12.9s | 1.0e-04 | 0.0172 | 0.9541 | 0.9589 | 0.9614 | 0.0209 | 0.9443 | 0.9390 | 0.9351
1096 | 23:18:38 |  12.5s | 1.0e-04 | 0.0163 | 0.9576 | 0.9595 | 0.9649 | 0.0225 | 0.9391 | 0.9345 | 0.9212
1097 | 23:19:04 |  12.4s | 1.0e-04 | 0.0164 | 0.9571 | 0.9602 | 0.9647 | 0.0211 | 0.9483 | 0.9378 | 0.9371
1098 | 23:19:30 |  12.8s | 1.0e-04 | 0.0169 | 0.9553 | 0.9578 | 0.9619 | 0.0209 | 0.9378 | 0.9473 | 0.9349
1099 | 23:19:54 |  12.6s | 1.0e-04 | 0.0164 | 0.9569 | 0.9600 | 0.9644 | 0.0218 | 0.9434 | 0.9387 | 0.9286
1100 | 23:20:18 |  13.1s | 1.0e-04 | 0.0165 | 0.9569 | 0.9598 | 0.9651 | 0.0215 | 0.9367 | 0.9466 | 0.9338
1101 | 23:20:42 |  12.8s | 1.0e-04 | 0.0168 | 0.9561 | 0.9588 | 0.9635 | 0.0216 | 0.9434 | 0.9363 | 0.9306
1102 | 23:21:08 |  12.7s | 1.0e-04 | 0.0166 | 0.9566 | 0.9584 | 0.9632 | 0.0205 | 0.9428 | 0.9421 | 0.9357
1103 | 23:21:32 |  12.8s | 1.0e-04 | 0.0162 | 0.9577 | 0.9595 | 0.9656 | 0.0207 | 0.9411 | 0.9452 | 0.9372
1104 | 23:21:56 |  12.7s | 1.0e-04 | 0.0160 | 0.9567 | 0.9611 | 0.9645 | 0.0218 | 0.9386 | 0.9424 | 0.9302
1105 | 23:22:20 |  26.1s | 1.0e-04 | 0.0182 | 0.9529 | 0.9571 | 0.9582 | 0.0209 | 0.9390 | 0.9460 | 0.9343
1106 | 23:22:57 |  12.7s | 1.0e-04 | 0.0181 | 0.9533 | 0.9573 | 0.9591 | 0.0209 | 0.9329 | 0.9567 | 0.9393
1107 | 23:23:22 |  12.3s | 1.0e-04 | 0.0182 | 0.9523 | 0.9560 | 0.9579 | 0.0206 | 0.9429 | 0.9441 | 0.9371
1108 | 23:23:47 |  12.3s | 1.0e-04 | 0.0181 | 0.9535 | 0.9573 | 0.9587 | 0.0209 | 0.9461 | 0.9434 | 0.9404
1109 | 23:24:13 |  12.5s | 1.0e-04 | 0.0183 | 0.9536 | 0.9558 | 0.9580 | 0.0215 | 0.9395 | 0.9400 | 0.9281
1110 | 23:24:38 |  12.5s | 1.0e-04 | 0.0176 | 0.9552 | 0.9584 | 0.9623 | 0.0214 | 0.9376 | 0.9409 | 0.9283
1111 | 23:25:02 |  12.6s | 1.0e-04 | 0.0182 | 0.9529 | 0.9567 | 0.9583 | 0.0216 | 0.9383 | 0.9375 | 0.9250
1112 | 23:25:26 |  12.7s | 1.0e-04 | 0.0185 | 0.9536 | 0.9555 | 0.9582 | 0.0204 | 0.9334 | 0.9461 | 0.9295
1113 | 23:25:50 |  12.7s | 1.0e-04 | 0.0185 | 0.9526 | 0.9561 | 0.9576 | 0.0207 | 0.9402 | 0.9510 | 0.9410
1114 | 23:26:16 |  12.5s | 1.0e-04 | 0.0186 | 0.9525 | 0.9562 | 0.9577 | 0.0211 | 0.9330 | 0.9479 | 0.9297
1115 | 23:26:42 |  12.2s | 1.0e-04 | 0.0181 | 0.9527 | 0.9559 | 0.9575 | 0.0212 | 0.9382 | 0.9468 | 0.9346
1116 | 23:27:07 |  12.3s | 1.0e-04 | 0.0181 | 0.9546 | 0.9573 | 0.9599 | 0.0227 | 0.9359 | 0.9498 | 0.9353
1117 | 23:27:31 |  12.9s | 1.0e-04 | 0.0177 | 0.9556 | 0.9575 | 0.9619 | 0.0211 | 0.9433 | 0.9423 | 0.9347
1118 | 23:27:55 |  12.6s | 1.0e-04 | 0.0184 | 0.9531 | 0.9560 | 0.9578 | 0.0218 | 0.9303 | 0.9473 | 0.9273
1119 | 23:28:19 |  12.4s | 1.0e-04 | 0.0178 | 0.9532 | 0.9576 | 0.9590 | 0.0215 | 0.9291 | 0.9586 | 0.9389
1120 | 23:28:44 |  12.2s | 1.0e-04 | 0.0183 | 0.9544 | 0.9567 | 0.9594 | 0.0218 | 0.9434 | 0.9368 | 0.9287
1121 | 23:29:10 |  12.4s | 1.0e-04 | 0.0181 | 0.9545 | 0.9581 | 0.9612 | 0.0209 | 0.9277 | 0.9523 | 0.9299
1122 | 23:29:35 |  12.3s | 1.0e-04 | 0.0209 | 0.9529 | 0.9557 | 0.9572 | 0.0207 | 0.9448 | 0.9448 | 0.9406
1123 | 23:29:59 |  12.7s | 1.0e-04 | 0.0187 | 0.9520 | 0.9553 | 0.9565 | 0.0211 | 0.9430 | 0.9413 | 0.9341
1124 | 23:30:23 |  12.6s | 1.0e-04 | 0.0184 | 0.9531 | 0.9574 | 0.9590 | 0.0223 | 0.9386 | 0.9356 | 0.9236
1125 | 23:30:46 |  12.8s | 1.0e-04 | 0.0176 | 0.9536 | 0.9561 | 0.9587 | 0.0218 | 0.9380 | 0.9411 | 0.9277
1126 | 23:31:15 |  12.4s | 1.0e-04 | 0.0171 | 0.9575 | 0.9589 | 0.9643 | 0.0209 | 0.9445 | 0.9371 | 0.9335
1127 | 23:31:39 |  12.4s | 1.0e-04 | 0.0178 | 0.9552 | 0.9586 | 0.9616 | 0.0207 | 0.9439 | 0.9358 | 0.9317
1128 | 23:32:03 |  12.1s | 1.0e-04 | 0.0179 | 0.9553 | 0.9593 | 0.9618 | 0.0204 | 0.9390 | 0.9410 | 0.9288
1129 | 23:32:29 |  12.0s | 1.0e-04 | 0.0169 | 0.9566 | 0.9601 | 0.9639 | 0.0200 | 0.9471 | 0.9348 | 0.9312
1130 | 23:32:54 |  12.3s | 1.0e-04 | 0.0180 | 0.9545 | 0.9580 | 0.9618 | 0.0207 | 0.9443 | 0.9482 | 0.9424
1131 | 23:33:17 |  12.4s | 1.0e-04 | 0.0178 | 0.9559 | 0.9578 | 0.9615 | 0.0220 | 0.9411 | 0.9408 | 0.9306
1132 | 23:33:41 |  12.5s | 1.0e-04 | 0.0175 | 0.9550 | 0.9594 | 0.9627 | 0.0209 | 0.9369 | 0.9466 | 0.9330
1133 | 23:34:05 |  12.5s | 1.0e-04 | 0.0173 | 0.9571 | 0.9603 | 0.9659 | 0.0202 | 0.9433 | 0.9397 | 0.9327
1134 | 23:34:30 |  12.2s | 1.0e-04 | 0.0172 | 0.9564 | 0.9588 | 0.9638 | 0.0209 | 0.9444 | 0.9376 | 0.9292
1135 | 23:34:56 |  12.4s | 1.0e-04 | 0.0174 | 0.9559 | 0.9601 | 0.9637 | 0.0210 | 0.9370 | 0.9515 | 0.9384
1136 | 23:35:20 |  12.4s | 1.0e-04 | 0.0176 | 0.9555 | 0.9590 | 0.9623 | 0.0206 | 0.9470 | 0.9428 | 0.9402
1137 | 23:35:44 |  12.7s | 1.0e-04 | 0.0179 | 0.9548 | 0.9584 | 0.9610 | 0.0215 | 0.9383 | 0.9436 | 0.9306
1138 | 23:36:08 |  12.4s | 1.0e-04 | 0.0172 | 0.9569 | 0.9580 | 0.9635 | 0.0216 | 0.9331 | 0.9429 | 0.9242
1139 | 23:36:32 |  12.1s | 1.0e-04 | 0.0179 | 0.9544 | 0.9576 | 0.9610 | 0.0210 | 0.9358 | 0.9424 | 0.9270
1140 | 23:36:58 |  11.9s | 1.0e-04 | 0.0176 | 0.9559 | 0.9605 | 0.9635 | 0.0208 | 0.9489 | 0.9341 | 0.9352
1141 | 23:37:22 |  12.6s | 1.0e-04 | 0.0175 | 0.9568 | 0.9598 | 0.9632 | 0.0218 | 0.9306 | 0.9461 | 0.9251
1142 | 23:37:46 |  12.7s | 1.0e-04 | 0.0177 | 0.9562 | 0.9594 | 0.9634 | 0.0211 | 0.9348 | 0.9507 | 0.9353
1143 | 23:38:11 |  12.5s | 1.0e-04 | 0.0177 | 0.9557 | 0.9595 | 0.9636 | 0.0221 | 0.9350 | 0.9380 | 0.9226
1144 | 23:38:34 |  12.4s | 1.0e-04 | 0.0174 | 0.9569 | 0.9591 | 0.9639 | 0.0197 | 0.9425 | 0.9434 | 0.9356
1145 | 23:39:00 |  12.3s | 1.0e-04 | 0.0171 | 0.9562 | 0.9601 | 0.9650 | 0.0208 | 0.9365 | 0.9455 | 0.9320
1146 | 23:39:25 |  24.7s | 1.0e-04 | 0.0176 | 0.9568 | 0.9588 | 0.9639 | 0.0212 | 0.9372 | 0.9504 | 0.9380
1147 | 23:40:02 |  12.1s | 1.0e-04 | 0.0167 | 0.9556 | 0.9582 | 0.9624 | 0.0203 | 0.9333 | 0.9503 | 0.9337
1148 | 23:40:28 |  12.1s | 1.0e-04 | 0.0172 | 0.9555 | 0.9576 | 0.9610 | 0.0206 | 0.9409 | 0.9347 | 0.9274
1149 | 23:40:52 |  12.1s | 1.0e-04 | 0.0168 | 0.9551 | 0.9580 | 0.9618 | 0.0209 | 0.9430 | 0.9336 | 0.9275
1150 | 23:41:15 |  12.3s | 1.0e-04 | 0.0171 | 0.9550 | 0.9578 | 0.9612 | 0.0211 | 0.9378 | 0.9540 | 0.9409
1151 | 23:41:39 |  12.4s | 1.0e-04 | 0.0171 | 0.9547 | 0.9594 | 0.9620 | 0.0213 | 0.9365 | 0.9468 | 0.9341
1152 | 23:42:03 |  12.1s | 1.0e-04 | 0.0169 | 0.9538 | 0.9575 | 0.9598 | 0.0202 | 0.9367 | 0.9485 | 0.9346
1153 | 23:42:28 |  12.1s | 1.0e-04 | 0.0169 | 0.9567 | 0.9589 | 0.9638 | 0.0223 | 0.9354 | 0.9471 | 0.9330
1154 | 23:42:51 |  12.0s | 1.0e-04 | 0.0172 | 0.9548 | 0.9570 | 0.9601 | 0.0217 | 0.9230 | 0.9554 | 0.9297
1155 | 23:43:17 |  11.6s | 1.0e-04 | 0.0170 | 0.9544 | 0.9582 | 0.9614 | 0.0209 | 0.9465 | 0.9326 | 0.9288
1156 | 23:43:41 |  12.0s | 1.0e-04 | 0.0170 | 0.9549 | 0.9590 | 0.9621 | 0.0200 | 0.9409 | 0.9438 | 0.9347
1157 | 23:44:04 |  12.4s | 1.0e-04 | 0.0170 | 0.9556 | 0.9582 | 0.9620 | 0.0213 | 0.9432 | 0.9388 | 0.9309
1158 | 23:44:27 |  12.3s | 1.0e-04 | 0.0167 | 0.9557 | 0.9588 | 0.9622 | 0.0210 | 0.9324 | 0.9422 | 0.9233
1159 | 23:44:52 |  12.3s | 1.0e-04 | 0.0174 | 0.9552 | 0.9574 | 0.9610 | 0.0204 | 0.9450 | 0.9419 | 0.9376
1160 | 23:45:18 |  11.9s | 1.0e-04 | 0.0171 | 0.9553 | 0.9569 | 0.9603 | 0.0211 | 0.9384 | 0.9483 | 0.9359
1161 | 23:45:42 |  12.1s | 1.0e-04 | 0.0175 | 0.9540 | 0.9566 | 0.9595 | 0.0213 | 0.9402 | 0.9372 | 0.9302
1162 | 23:46:06 |  12.1s | 1.0e-04 | 0.0172 | 0.9563 | 0.9567 | 0.9614 | 0.0216 | 0.9431 | 0.9354 | 0.9274
1163 | 23:46:29 |  12.3s | 1.0e-04 | 0.0166 | 0.9571 | 0.9599 | 0.9647 | 0.0206 | 0.9428 | 0.9452 | 0.9388
1164 | 23:46:53 |  11.9s | 1.0e-04 | 0.0168 | 0.9553 | 0.9580 | 0.9619 | 0.0207 | 0.9501 | 0.9370 | 0.9385
1165 | 23:47:18 |  12.1s | 1.0e-04 | 0.0175 | 0.9542 | 0.9573 | 0.9603 | 0.0216 | 0.9536 | 0.9301 | 0.9373
1166 | 23:47:43 |  12.3s | 1.0e-04 | 0.0174 | 0.9540 | 0.9561 | 0.9585 | 0.0210 | 0.9411 | 0.9426 | 0.9338
1167 | 23:48:07 |  25.1s | 1.0e-04 | 0.0165 | 0.9555 | 0.9591 | 0.9630 | 0.0193 | 0.9454 | 0.9382 | 0.9344
1168 | 23:48:45 |  12.4s | 1.0e-04 | 0.0172 | 0.9559 | 0.9570 | 0.9615 | 0.0209 | 0.9424 | 0.9435 | 0.9347
1169 | 23:49:09 |  12.6s | 1.0e-04 | 0.0170 | 0.9552 | 0.9570 | 0.9607 | 0.0209 | 0.9410 | 0.9460 | 0.9366
1170 | 23:49:33 |  12.6s | 1.0e-04 | 0.0168 | 0.9549 | 0.9572 | 0.9602 | 0.0208 | 0.9417 | 0.9417 | 0.9336
1171 | 23:49:57 |  12.2s | 1.0e-04 | 0.0166 | 0.9552 | 0.9583 | 0.9616 | 0.0206 | 0.9364 | 0.9427 | 0.9274
1172 | 23:50:21 |  12.2s | 1.0e-04 | 0.0170 | 0.9554 | 0.9579 | 0.9614 | 0.0206 | 0.9410 | 0.9462 | 0.9376
1173 | 23:50:47 |  12.1s | 1.0e-04 | 0.0168 | 0.9551 | 0.9561 | 0.9607 | 0.0205 | 0.9388 | 0.9466 | 0.9349
1174 | 23:51:13 |  12.0s | 1.0e-04 | 0.0163 | 0.9572 | 0.9585 | 0.9638 | 0.0207 | 0.9387 | 0.9476 | 0.9355
1175 | 23:51:36 |  12.6s | 1.0e-04 | 0.0169 | 0.9558 | 0.9571 | 0.9619 | 0.0206 | 0.9442 | 0.9411 | 0.9360
1176 | 23:52:00 |  12.6s | 1.0e-04 | 0.0172 | 0.9561 | 0.9574 | 0.9615 | 0.0204 | 0.9430 | 0.9379 | 0.9282
1177 | 23:52:23 |  12.7s | 1.0e-04 | 0.0162 | 0.9559 | 0.9576 | 0.9620 | 0.0211 | 0.9339 | 0.9457 | 0.9268
1178 | 23:52:48 |  12.7s | 1.0e-04 | 0.0173 | 0.9541 | 0.9574 | 0.9597 | 0.0200 | 0.9412 | 0.9454 | 0.9354
1179 | 23:53:12 |  12.4s | 1.0e-04 | 0.0168 | 0.9547 | 0.9571 | 0.9602 | 0.0199 | 0.9409 | 0.9439 | 0.9340
1180 | 23:53:35 |  12.3s | 1.0e-04 | 0.0167 | 0.9562 | 0.9584 | 0.9627 | 0.0213 | 0.9379 | 0.9445 | 0.9316
1181 | 23:53:59 |  12.2s | 1.0e-04 | 0.0168 | 0.9569 | 0.9563 | 0.9616 | 0.0210 | 0.9309 | 0.9458 | 0.9267
1182 | 23:54:24 |  12.6s | 1.0e-04 | 0.0167 | 0.9547 | 0.9566 | 0.9598 | 0.0205 | 0.9378 | 0.9427 | 0.9275
1183 | 23:54:50 |  12.9s | 1.0e-04 | 0.0165 | 0.9568 | 0.9572 | 0.9623 | 0.0214 | 0.9391 | 0.9382 | 0.9266
1184 | 23:55:14 |  12.4s | 1.0e-04 | 0.0167 | 0.9551 | 0.9573 | 0.9617 | 0.0220 | 0.9385 | 0.9367 | 0.9263
1185 | 23:55:38 |  13.0s | 1.0e-04 | 0.0164 | 0.9572 | 0.9596 | 0.9644 | 0.0201 | 0.9362 | 0.9502 | 0.9364
1186 | 23:56:03 |  12.5s | 1.0e-04 | 0.0170 | 0.9567 | 0.9562 | 0.9616 | 0.0201 | 0.9430 | 0.9468 | 0.9376
1187 | 23:56:26 |  12.3s | 1.0e-04 | 0.0169 | 0.9554 | 0.9571 | 0.9615 | 0.0216 | 0.9423 | 0.9352 | 0.9265
1188 | 23:56:52 |  27.2s | 1.0e-04 | 0.0178 | 0.9540 | 0.9564 | 0.9593 | 0.0209 | 0.9390 | 0.9389 | 0.9274
1189 | 23:57:30 |  12.4s | 1.0e-04 | 0.0185 | 0.9537 | 0.9581 | 0.9600 | 0.0208 | 0.9340 | 0.9492 | 0.9330
1190 | 23:57:54 |  12.5s | 1.0e-04 | 0.0184 | 0.9539 | 0.9591 | 0.9607 | 0.0197 | 0.9407 | 0.9491 | 0.9397
1191 | 23:58:20 |  12.3s | 1.0e-04 | 0.0180 | 0.9563 | 0.9591 | 0.9630 | 0.0204 | 0.9446 | 0.9445 | 0.9378
1192 | 23:58:46 |  12.2s | 1.0e-04 | 0.0184 | 0.9557 | 0.9575 | 0.9613 | 0.0212 | 0.9485 | 0.9383 | 0.9380
1193 | 23:59:09 |  12.5s | 1.0e-04 | 0.0181 | 0.9563 | 0.9578 | 0.9622 | 0.0214 | 0.9442 | 0.9406 | 0.9313
1194 | 23:59:33 |  12.6s | 1.0e-04 | 0.0181 | 0.9553 | 0.9573 | 0.9612 | 0.0216 | 0.9234 | 0.9510 | 0.9255
1195 | 23:59:57 |  12.4s | 1.0e-04 | 0.0179 | 0.9551 | 0.9586 | 0.9618 | 0.0206 | 0.9451 | 0.9354 | 0.9316
1196 | 00:00:21 |  12.1s | 1.0e-04 | 0.0186 | 0.9542 | 0.9585 | 0.9605 | 0.0211 | 0.9433 | 0.9398 | 0.9333
1197 | 00:00:47 |  12.0s | 1.0e-04 | 0.0185 | 0.9548 | 0.9562 | 0.9599 | 0.0214 | 0.9346 | 0.9507 | 0.9358
1198 | 00:01:12 |  12.1s | 1.0e-04 | 0.0182 | 0.9549 | 0.9563 | 0.9600 | 0.0218 | 0.9443 | 0.9373 | 0.9313
1199 | 00:01:35 |  12.7s | 1.0e-04 | 0.0179 | 0.9565 | 0.9600 | 0.9639 | 0.0223 | 0.9282 | 0.9457 | 0.9224
1200 | 00:01:58 |  12.4s | 1.0e-04 | 0.0180 | 0.9548 | 0.9592 | 0.9624 | 0.0206 | 0.9323 | 0.9551 | 0.9382
1201 | 00:02:22 |  12.2s | 1.0e-04 | 0.0182 | 0.9559 | 0.9583 | 0.9624 | 0.0200 | 0.9436 | 0.9475 | 0.9402
1202 | 00:02:48 |  12.0s | 1.0e-04 | 0.0187 | 0.9547 | 0.9577 | 0.9612 | 0.0211 | 0.9337 | 0.9504 | 0.9341
1203 | 00:03:13 |  12.3s | 1.0e-04 | 0.0181 | 0.9549 | 0.9600 | 0.9619 | 0.0207 | 0.9433 | 0.9340 | 0.9294
1204 | 00:03:39 |  12.2s | 1.0e-04 | 0.0181 | 0.9552 | 0.9573 | 0.9613 | 0.0204 | 0.9414 | 0.9458 | 0.9366
1205 | 00:04:04 |  12.1s | 1.0e-04 | 0.0181 | 0.9559 | 0.9594 | 0.9625 | 0.0205 | 0.9442 | 0.9471 | 0.9415
1206 | 00:04:29 |  12.4s | 1.0e-04 | 0.0180 | 0.9563 | 0.9592 | 0.9635 | 0.0213 | 0.9471 | 0.9329 | 0.9316
1207 | 00:04:53 |  12.3s | 1.0e-04 | 0.0178 | 0.9553 | 0.9587 | 0.9625 | 0.0213 | 0.9381 | 0.9449 | 0.9332
1208 | 00:05:17 |  12.4s | 1.0e-04 | 0.0186 | 0.9542 | 0.9572 | 0.9601 | 0.0205 | 0.9341 | 0.9472 | 0.9303
1209 | 00:05:41 |  27.5s | 1.0e-04 | 0.0178 | 0.9534 | 0.9580 | 0.9594 | 0.0202 | 0.9414 | 0.9495 | 0.9412
1210 | 00:06:19 |  12.6s | 1.0e-04 | 0.0169 | 0.9552 | 0.9589 | 0.9626 | 0.0228 | 0.9356 | 0.9363 | 0.9212
1211 | 00:06:43 |  12.8s | 1.0e-04 | 0.0175 | 0.9539 | 0.9579 | 0.9603 | 0.0200 | 0.9350 | 0.9494 | 0.9341
1212 | 00:07:07 |  12.4s | 1.0e-04 | 0.0176 | 0.9540 | 0.9580 | 0.9600 | 0.0213 | 0.9311 | 0.9507 | 0.9323
1213 | 00:07:33 |  12.3s | 1.0e-04 | 0.0169 | 0.9560 | 0.9584 | 0.9630 | 0.0205 | 0.9329 | 0.9404 | 0.9235
1214 | 00:07:58 |  12.4s | 1.0e-04 | 0.0179 | 0.9525 | 0.9554 | 0.9573 | 0.0206 | 0.9447 | 0.9385 | 0.9337
1215 | 00:08:22 |  12.8s | 1.0e-04 | 0.0171 | 0.9554 | 0.9589 | 0.9618 | 0.0203 | 0.9432 | 0.9462 | 0.9398
1216 | 00:08:46 |  12.7s | 1.0e-04 | 0.0172 | 0.9537 | 0.9587 | 0.9610 | 0.0204 | 0.9359 | 0.9440 | 0.9300
1217 | 00:09:10 |  12.9s | 1.0e-04 | 0.0174 | 0.9540 | 0.9574 | 0.9596 | 0.0218 | 0.9508 | 0.9242 | 0.9298
1218 | 00:09:35 |  12.3s | 1.0e-04 | 0.0174 | 0.9534 | 0.9582 | 0.9602 | 0.0207 | 0.9468 | 0.9421 | 0.9394
1219 | 00:10:01 |  12.4s | 1.0e-04 | 0.0177 | 0.9554 | 0.9575 | 0.9616 | 0.0212 | 0.9391 | 0.9430 | 0.9321
1220 | 00:10:26 |  12.8s | 1.0e-04 | 0.0175 | 0.9551 | 0.9570 | 0.9602 | 0.0213 | 0.9372 | 0.9461 | 0.9337
1221 | 00:10:50 |  13.0s | 1.0e-04 | 0.0174 | 0.9558 | 0.9564 | 0.9607 | 0.0209 | 0.9370 | 0.9414 | 0.9263
1222 | 00:11:15 |  12.8s | 1.0e-04 | 0.0175 | 0.9537 | 0.9571 | 0.9595 | 0.0210 | 0.9420 | 0.9425 | 0.9350
1223 | 00:11:39 |  12.4s | 1.0e-04 | 0.0175 | 0.9549 | 0.9570 | 0.9607 | 0.0207 | 0.9352 | 0.9493 | 0.9347
1224 | 00:12:04 |  12.3s | 1.0e-04 | 0.0179 | 0.9542 | 0.9584 | 0.9603 | 0.0215 | 0.9364 | 0.9474 | 0.9317
1225 | 00:12:30 |  12.4s | 1.0e-04 | 0.0169 | 0.9541 | 0.9581 | 0.9606 | 0.0205 | 0.9417 | 0.9413 | 0.9330
1226 | 00:12:54 |  12.8s | 1.0e-04 | 0.0174 | 0.9550 | 0.9574 | 0.9609 | 0.0213 | 0.9292 | 0.9456 | 0.9218
1227 | 00:13:18 |  12.8s | 1.0e-04 | 0.0169 | 0.9554 | 0.9600 | 0.9630 | 0.0206 | 0.9438 | 0.9340 | 0.9304
1228 | 00:13:42 |  13.3s | 1.0e-04 | 0.0175 | 0.9552 | 0.9578 | 0.9618 | 0.0197 | 0.9413 | 0.9442 | 0.9346
1229 | 00:14:09 |  12.8s | 1.0e-04 | 0.0169 | 0.9554 | 0.9581 | 0.9610 | 0.0200 | 0.9429 | 0.9453 | 0.9378
1230 | 00:14:35 |  22.9s | 1.0e-04 | 0.0174 | 0.9552 | 0.9571 | 0.9608 | 0.0213 | 0.9372 | 0.9502 | 0.9372
1231 | 00:15:11 |  12.4s | 1.0e-04 | 0.0171 | 0.9565 | 0.9573 | 0.9626 | 0.0197 | 0.9394 | 0.9483 | 0.9371
1232 | 00:15:37 |  12.4s | 1.0e-04 | 0.0177 | 0.9533 | 0.9545 | 0.9569 | 0.0211 | 0.9459 | 0.9375 | 0.9354
1233 | 00:16:00 |  12.8s | 1.0e-04 | 0.0178 | 0.9531 | 0.9562 | 0.9581 | 0.0206 | 0.9415 | 0.9470 | 0.9373
1234 | 00:16:24 |  13.0s | 1.0e-04 | 0.0178 | 0.9548 | 0.9568 | 0.9602 | 0.0211 | 0.9471 | 0.9401 | 0.9388
1235 | 00:16:48 |  12.8s | 1.0e-04 | 0.0177 | 0.9554 | 0.9546 | 0.9582 | 0.0208 | 0.9339 | 0.9506 | 0.9344
1236 | 00:17:12 |  12.3s | 1.0e-04 | 0.0177 | 0.9543 | 0.9586 | 0.9601 | 0.0216 | 0.9447 | 0.9426 | 0.9381
1237 | 00:17:38 |  12.8s | 1.0e-04 | 0.0174 | 0.9554 | 0.9566 | 0.9613 | 0.0208 | 0.9448 | 0.9418 | 0.9348
1238 | 00:18:04 |  13.0s | 1.0e-04 | 0.0172 | 0.9548 | 0.9559 | 0.9595 | 0.0204 | 0.9339 | 0.9489 | 0.9328
1239 | 00:18:28 |  12.9s | 1.0e-04 | 0.0171 | 0.9551 | 0.9586 | 0.9617 | 0.0209 | 0.9393 | 0.9343 | 0.9241
1240 | 00:18:52 |  13.0s | 1.0e-04 | 0.0176 | 0.9554 | 0.9571 | 0.9608 | 0.0214 | 0.9316 | 0.9490 | 0.9309
1241 | 00:19:16 |  13.0s | 1.0e-04 | 0.0174 | 0.9540 | 0.9570 | 0.9593 | 0.0203 | 0.9403 | 0.9446 | 0.9348
1242 | 00:19:41 |  12.5s | 1.0e-04 | 0.0176 | 0.9546 | 0.9562 | 0.9599 | 0.0205 | 0.9426 | 0.9377 | 0.9309
1243 | 00:20:07 |  12.6s | 1.0e-04 | 0.0176 | 0.9536 | 0.9562 | 0.9588 | 0.0207 | 0.9439 | 0.9423 | 0.9378
1244 | 00:20:32 |  12.6s | 1.0e-04 | 0.0173 | 0.9549 | 0.9595 | 0.9623 | 0.0218 | 0.9428 | 0.9450 | 0.9370
1245 | 00:20:56 |  12.9s | 1.0e-04 | 0.0177 | 0.9530 | 0.9564 | 0.9586 | 0.0203 | 0.9423 | 0.9392 | 0.9316
1246 | 00:21:20 |  13.0s | 1.0e-04 | 0.0171 | 0.9548 | 0.9580 | 0.9616 | 0.0206 | 0.9402 | 0.9403 | 0.9298
1247 | 00:21:44 |  12.5s | 1.0e-04 | 0.0171 | 0.9553 | 0.9567 | 0.9614 | 0.0218 | 0.9414 | 0.9437 | 0.9367
1248 | 00:22:10 |  12.3s | 1.0e-04 | 0.0173 | 0.9554 | 0.9569 | 0.9608 | 0.0214 | 0.9385 | 0.9441 | 0.9340
1249 | 00:22:35 |  12.3s | 1.0e-04 | 0.0176 | 0.9552 | 0.9574 | 0.9610 | 0.0210 | 0.9404 | 0.9466 | 0.9367
1250 | 00:22:58 |  12.7s | 1.0e-04 | 0.0172 | 0.9559 | 0.9586 | 0.9633 | 0.0199 | 0.9434 | 0.9465 | 0.9405
1251 | 00:23:25 |  12.5s | 1.0e-04 | 0.0182 | 0.9542 | 0.9570 | 0.9596 | 0.0215 | 0.9469 | 0.9285 | 0.9294
1252 | 00:23:48 |  12.1s | 1.0e-04 | 0.0174 | 0.9568 | 0.9591 | 0.9632 | 0.0200 | 0.9420 | 0.9433 | 0.9346
1253 | 00:24:13 |  12.2s | 1.0e-04 | 0.0188 | 0.9526 | 0.9574 | 0.9597 | 0.0199 | 0.9398 | 0.9490 | 0.9372
1254 | 00:24:39 |  13.0s | 1.0e-04 | 0.0180 | 0.9543 | 0.9578 | 0.9600 | 0.0209 | 0.9362 | 0.9497 | 0.9362
1255 | 00:25:03 |  12.5s | 1.0e-04 | 0.0175 | 0.9550 | 0.9591 | 0.9625 | 0.0216 | 0.9376 | 0.9473 | 0.9354
1256 | 00:25:27 |  12.1s | 1.0e-04 | 0.0181 | 0.9539 | 0.9572 | 0.9600 | 0.0207 | 0.9442 | 0.9434 | 0.9381
1257 | 00:25:53 |  11.9s | 1.0e-04 | 0.0182 | 0.9563 | 0.9583 | 0.9631 | 0.0203 | 0.9416 | 0.9443 | 0.9350
1258 | 00:26:17 |  12.4s | 1.0e-04 | 0.0184 | 0.9546 | 0.9562 | 0.9606 | 0.0204 | 0.9343 | 0.9457 | 0.9295
1259 | 00:26:40 |  12.7s | 1.0e-04 | 0.0185 | 0.9539 | 0.9568 | 0.9596 | 0.0211 | 0.9348 | 0.9486 | 0.9324
1260 | 00:27:04 |  12.3s | 1.0e-04 | 0.0180 | 0.9546 | 0.9575 | 0.9605 | 0.0203 | 0.9391 | 0.9489 | 0.9385
1261 | 00:27:28 |  12.1s | 1.0e-04 | 0.0181 | 0.9543 | 0.9576 | 0.9604 | 0.0216 | 0.9373 | 0.9437 | 0.9307
1262 | 00:27:54 |  12.1s | 1.0e-04 | 0.0182 | 0.9539 | 0.9583 | 0.9598 | 0.0213 | 0.9391 | 0.9441 | 0.9322
1263 | 00:28:18 |  12.3s | 1.0e-04 | 0.0179 | 0.9539 | 0.9581 | 0.9607 | 0.0208 | 0.9405 | 0.9353 | 0.9259
1264 | 00:28:41 |  12.6s | 1.0e-04 | 0.0178 | 0.9558 | 0.9578 | 0.9622 | 0.0200 | 0.9359 | 0.9445 | 0.9301
1265 | 00:29:05 |  12.8s | 1.0e-04 | 0.0184 | 0.9533 | 0.9567 | 0.9589 | 0.0203 | 0.9396 | 0.9403 | 0.9278
1266 | 00:29:30 |  12.2s | 1.0e-04 | 0.0181 | 0.9541 | 0.9573 | 0.9604 | 0.0199 | 0.9432 | 0.9454 | 0.9368
1267 | 00:29:56 |  12.1s | 1.0e-04 | 0.0182 | 0.9555 | 0.9575 | 0.9607 | 0.0206 | 0.9372 | 0.9463 | 0.9320
1268 | 00:30:20 |  12.4s | 1.0e-04 | 0.0177 | 0.9564 | 0.9591 | 0.9632 | 0.0203 | 0.9402 | 0.9511 | 0.9420
1269 | 00:30:43 |  12.3s | 1.0e-04 | 0.0176 | 0.9550 | 0.9604 | 0.9633 | 0.0207 | 0.9419 | 0.9440 | 0.9349
1270 | 00:31:06 |  12.2s | 1.0e-04 | 0.0173 | 0.9547 | 0.9591 | 0.9620 | 0.0204 | 0.9470 | 0.9390 | 0.9364
1271 | 00:31:31 |  28.1s | 1.0e-04 | 0.0176 | 0.9557 | 0.9587 | 0.9620 | 0.0205 | 0.9391 | 0.9433 | 0.9303
1272 | 00:32:10 |  12.4s | 1.0e-04 | 0.0171 | 0.9567 | 0.9595 | 0.9644 | 0.0196 | 0.9454 | 0.9434 | 0.9403
1273 | 00:32:34 |  12.3s | 1.0e-04 | 0.0171 | 0.9557 | 0.9582 | 0.9624 | 0.0198 | 0.9468 | 0.9489 | 0.9452
1274 | 00:33:00 |  12.4s | 1.0e-04 | 0.0171 | 0.9564 | 0.9599 | 0.9639 | 0.0217 | 0.9428 | 0.9440 | 0.9360
1275 | 00:33:23 |  12.8s | 1.0e-04 | 0.0165 | 0.9556 | 0.9577 | 0.9615 | 0.0208 | 0.9370 | 0.9475 | 0.9340
1276 | 00:33:47 |  12.7s | 1.0e-04 | 0.0168 | 0.9558 | 0.9602 | 0.9647 | 0.0213 | 0.9341 | 0.9435 | 0.9262
1277 | 00:34:11 |  12.5s | 1.0e-04 | 0.0169 | 0.9557 | 0.9589 | 0.9628 | 0.0201 | 0.9443 | 0.9386 | 0.9319
1278 | 00:34:36 |  12.2s | 1.0e-04 | 0.0174 | 0.9549 | 0.9573 | 0.9608 | 0.0214 | 0.9459 | 0.9375 | 0.9320
1279 | 00:35:01 |  12.2s | 1.0e-04 | 0.0167 | 0.9567 | 0.9603 | 0.9643 | 0.0218 | 0.9431 | 0.9362 | 0.9314
1280 | 00:35:24 |  12.5s | 1.0e-04 | 0.0171 | 0.9557 | 0.9589 | 0.9631 | 0.0210 | 0.9400 | 0.9397 | 0.9268
1281 | 00:35:50 |  12.3s | 1.0e-04 | 0.0174 | 0.9558 | 0.9594 | 0.9633 | 0.0208 | 0.9474 | 0.9333 | 0.9273
1282 | 00:36:13 |  12.6s | 1.0e-04 | 0.0169 | 0.9560 | 0.9585 | 0.9635 | 0.0208 | 0.9426 | 0.9381 | 0.9327
1283 | 00:36:37 |  12.7s | 1.0e-04 | 0.0165 | 0.9567 | 0.9589 | 0.9640 | 0.0206 | 0.9440 | 0.9481 | 0.9417
1284 | 00:37:00 |  12.7s | 1.0e-04 | 0.0166 | 0.9577 | 0.9591 | 0.9652 | 0.0206 | 0.9546 | 0.9308 | 0.9361
1285 | 00:37:25 |  12.6s | 1.0e-04 | 0.0171 | 0.9574 | 0.9577 | 0.9629 | 0.0201 | 0.9446 | 0.9465 | 0.9401
1286 | 00:37:51 |  12.5s | 1.0e-04 | 0.0173 | 0.9548 | 0.9612 | 0.9632 | 0.0207 | 0.9281 | 0.9499 | 0.9280
1287 | 00:38:15 |  12.9s | 1.0e-04 | 0.0171 | 0.9544 | 0.9594 | 0.9625 | 0.0210 | 0.9433 | 0.9412 | 0.9335
1288 | 00:38:38 |  12.8s | 1.0e-04 | 0.0171 | 0.9554 | 0.9595 | 0.9624 | 0.0208 | 0.9445 | 0.9425 | 0.9355
1289 | 00:39:02 |  12.7s | 1.0e-04 | 0.0171 | 0.9565 | 0.9577 | 0.9637 | 0.0219 | 0.9432 | 0.9352 | 0.9270
1290 | 00:39:27 |  12.4s | 1.0e-04 | 0.0168 | 0.9567 | 0.9591 | 0.9637 | 0.0208 | 0.9422 | 0.9444 | 0.9366
1291 | 00:39:53 |  12.2s | 1.0e-04 | 0.0163 | 0.9578 | 0.9599 | 0.9645 | 0.0211 | 0.9293 | 0.9497 | 0.9289
1292 | 00:40:16 |  26.5s | 1.0e-04 | 0.0174 | 0.9547 | 0.9597 | 0.9625 | 0.0209 | 0.9406 | 0.9444 | 0.9348
1293 | 00:40:56 |  12.2s | 1.0e-04 | 0.0174 | 0.9525 | 0.9563 | 0.9578 | 0.0218 | 0.9479 | 0.9354 | 0.9362
1294 | 00:41:20 |  12.7s | 1.0e-04 | 0.0176 | 0.9558 | 0.9578 | 0.9616 | 0.0209 | 0.9374 | 0.9468 | 0.9354
1295 | 00:41:44 |  12.7s | 1.0e-04 | 0.0170 | 0.9551 | 0.9573 | 0.9617 | 0.0215 | 0.9380 | 0.9358 | 0.9231
1296 | 00:42:07 |  12.5s | 1.0e-04 | 0.0174 | 0.9550 | 0.9579 | 0.9609 | 0.0212 | 0.9397 | 0.9363 | 0.9244
1297 | 00:42:31 |  12.2s | 1.0e-04 | 0.0173 | 0.9557 | 0.9567 | 0.9611 | 0.0214 | 0.9385 | 0.9429 | 0.9325
1298 | 00:42:57 |  12.5s | 1.0e-04 | 0.0175 | 0.9548 | 0.9570 | 0.9607 | 0.0202 | 0.9424 | 0.9493 | 0.9420
1299 | 00:43:21 |  12.4s | 1.0e-04 | 0.0170 | 0.9565 | 0.9588 | 0.9631 | 0.0214 | 0.9474 | 0.9331 | 0.9334
1300 | 00:43:45 |  12.8s | 1.0e-04 | 0.0168 | 0.9564 | 0.9596 | 0.9627 | 0.0214 | 0.9315 | 0.9522 | 0.9347
1301 | 00:44:09 |  12.6s | 1.0e-04 | 0.0175 | 0.9553 | 0.9594 | 0.9626 | 0.0212 | 0.9339 | 0.9490 | 0.9331
1302 | 00:44:33 |  12.3s | 1.0e-04 | 0.0176 | 0.9543 | 0.9556 | 0.9589 | 0.0220 | 0.9286 | 0.9468 | 0.9243
1303 | 00:44:59 |  12.6s | 1.0e-04 | 0.0173 | 0.9550 | 0.9585 | 0.9623 | 0.0210 | 0.9407 | 0.9399 | 0.9305
1304 | 00:45:24 |  12.2s | 1.0e-04 | 0.0175 | 0.9546 | 0.9567 | 0.9603 | 0.0210 | 0.9425 | 0.9412 | 0.9348
1305 | 00:45:47 |  12.8s | 1.0e-04 | 0.0171 | 0.9563 | 0.9581 | 0.9619 | 0.0205 | 0.9341 | 0.9452 | 0.9299
1306 | 00:46:11 |  12.6s | 1.0e-04 | 0.0172 | 0.9570 | 0.9588 | 0.9639 | 0.0201 | 0.9484 | 0.9395 | 0.9380
1307 | 00:46:36 |  12.4s | 1.0e-04 | 0.0169 | 0.9550 | 0.9570 | 0.9602 | 0.0210 | 0.9463 | 0.9414 | 0.9386
1308 | 00:47:00 |  12.6s | 1.0e-04 | 0.0175 | 0.9538 | 0.9557 | 0.9582 | 0.0219 | 0.9522 | 0.9291 | 0.9319
1309 | 00:47:24 |  12.5s | 1.0e-04 | 0.0172 | 0.9554 | 0.9578 | 0.9614 | 0.0210 | 0.9364 | 0.9449 | 0.9327
1310 | 00:47:47 |  12.4s | 1.0e-04 | 0.0172 | 0.9551 | 0.9590 | 0.9616 | 0.0205 | 0.9365 | 0.9504 | 0.9370
1311 | 00:48:12 |  12.3s | 1.0e-04 | 0.0173 | 0.9550 | 0.9578 | 0.9612 | 0.0200 | 0.9374 | 0.9463 | 0.9341
1312 | 00:48:37 |  12.2s | 1.0e-04 | 0.0168 | 0.9569 | 0.9591 | 0.9639 | 0.0208 | 0.9455 | 0.9391 | 0.9350
1313 | 00:49:01 |  24.6s | 1.0e-04 | 0.0177 | 0.9548 | 0.9559 | 0.9601 | 0.0211 | 0.9407 | 0.9398 | 0.9295
1314 | 00:49:40 |  12.1s | 1.0e-04 | 0.0173 | 0.9555 | 0.9580 | 0.9622 | 0.0194 | 0.9415 | 0.9498 | 0.9414
1315 | 00:50:04 |  12.4s | 1.0e-04 | 0.0178 | 0.9547 | 0.9576 | 0.9609 | 0.0204 | 0.9428 | 0.9391 | 0.9307
1316 | 00:50:27 |  12.3s | 1.0e-04 | 0.0170 | 0.9567 | 0.9573 | 0.9626 | 0.0208 | 0.9380 | 0.9495 | 0.9371
1317 | 00:50:51 |  12.3s | 1.0e-04 | 0.0175 | 0.9540 | 0.9586 | 0.9606 | 0.0190 | 0.9396 | 0.9420 | 0.9320
1318 | 00:51:15 |  12.1s | 1.0e-04 | 0.0171 | 0.9553 | 0.9587 | 0.9628 | 0.0205 | 0.9292 | 0.9519 | 0.9328
1319 | 00:51:41 |  11.9s | 1.0e-04 | 0.0176 | 0.9547 | 0.9586 | 0.9613 | 0.0211 | 0.9375 | 0.9455 | 0.9326
1320 | 00:52:05 |  11.9s | 1.0e-04 | 0.0176 | 0.9545 | 0.9585 | 0.9616 | 0.0204 | 0.9346 | 0.9487 | 0.9328
1321 | 00:52:29 |  12.3s | 1.0e-04 | 0.0178 | 0.9544 | 0.9591 | 0.9621 | 0.0210 | 0.9273 | 0.9546 | 0.9345
1322 | 00:52:52 |  12.2s | 1.0e-04 | 0.0175 | 0.9548 | 0.9575 | 0.9603 | 0.0192 | 0.9455 | 0.9449 | 0.9405
1323 | 00:53:16 |  11.9s | 1.0e-04 | 0.0173 | 0.9558 | 0.9587 | 0.9619 | 0.0212 | 0.9472 | 0.9357 | 0.9355
1324 | 00:53:41 |  11.8s | 1.0e-04 | 0.0173 | 0.9557 | 0.9597 | 0.9630 | 0.0213 | 0.9450 | 0.9334 | 0.9285
1325 | 00:54:06 |  11.9s | 1.0e-04 | 0.0176 | 0.9552 | 0.9583 | 0.9616 | 0.0206 | 0.9390 | 0.9459 | 0.9355
1326 | 00:54:30 |  12.3s | 1.0e-04 | 0.0168 | 0.9551 | 0.9583 | 0.9621 | 0.0209 | 0.9467 | 0.9368 | 0.9341
1327 | 00:54:53 |  12.6s | 1.0e-04 | 0.0172 | 0.9544 | 0.9588 | 0.9618 | 0.0207 | 0.9433 | 0.9411 | 0.9321
1328 | 00:55:17 |  11.8s | 1.0e-04 | 0.0173 | 0.9555 | 0.9574 | 0.9615 | 0.0214 | 0.9407 | 0.9423 | 0.9344
1329 | 00:55:42 |  12.0s | 1.0e-04 | 0.0174 | 0.9559 | 0.9578 | 0.9615 | 0.0208 | 0.9454 | 0.9405 | 0.9338
1330 | 00:56:07 |  11.9s | 1.0e-04 | 0.0177 | 0.9548 | 0.9555 | 0.9591 | 0.0217 | 0.9356 | 0.9446 | 0.9273
1331 | 00:56:31 |  12.2s | 1.0e-04 | 0.0170 | 0.9568 | 0.9592 | 0.9641 | 0.0204 | 0.9457 | 0.9434 | 0.9363
1332 | 00:56:57 |  11.9s | 1.0e-04 | 0.0174 | 0.9561 | 0.9586 | 0.9627 | 0.0202 | 0.9443 | 0.9396 | 0.9374
1333 | 00:57:23 |  11.9s | 1.0e-04 | 0.0175 | 0.9550 | 0.9581 | 0.9609 | 0.0214 | 0.9394 | 0.9472 | 0.9357
1334 | 00:57:46 |  23.5s | 1.0e-04 | 0.0167 | 0.9549 | 0.9592 | 0.9617 | 0.0201 | 0.9375 | 0.9519 | 0.9388
1335 | 00:58:23 |  12.6s | 1.0e-04 | 0.0165 | 0.9572 | 0.9571 | 0.9632 | 0.0207 | 0.9326 | 0.9490 | 0.9308
1336 | 00:58:47 |  12.3s | 1.0e-04 | 0.0163 | 0.9569 | 0.9587 | 0.9638 | 0.0208 | 0.9469 | 0.9314 | 0.9307
1337 | 00:59:11 |  12.5s | 1.0e-04 | 0.0165 | 0.9556 | 0.9572 | 0.9618 | 0.0199 | 0.9420 | 0.9426 | 0.9347
1338 | 00:59:35 |  12.4s | 1.0e-04 | 0.0159 | 0.9567 | 0.9599 | 0.9640 | 0.0209 | 0.9438 | 0.9398 | 0.9328
1339 | 01:00:01 |  12.4s | 1.0e-04 | 0.0161 | 0.9556 | 0.9595 | 0.9632 | 0.0208 | 0.9433 | 0.9442 | 0.9383
1340 | 01:00:27 |  12.4s | 1.0e-04 | 0.0164 | 0.9553 | 0.9584 | 0.9624 | 0.0204 | 0.9408 | 0.9436 | 0.9330
1341 | 01:00:52 |  12.5s | 1.0e-04 | 0.0163 | 0.9562 | 0.9566 | 0.9613 | 0.0206 | 0.9487 | 0.9400 | 0.9406
1342 | 01:01:15 |  12.7s | 1.0e-04 | 0.0164 | 0.9542 | 0.9566 | 0.9594 | 0.0195 | 0.9415 | 0.9495 | 0.9412
1343 | 01:01:39 |  12.5s | 1.0e-04 | 0.0165 | 0.9555 | 0.9588 | 0.9628 | 0.0212 | 0.9370 | 0.9510 | 0.9394
1344 | 01:02:04 |  12.2s | 1.0e-04 | 0.0162 | 0.9552 | 0.9579 | 0.9624 | 0.0214 | 0.9413 | 0.9403 | 0.9329
1345 | 01:02:30 |  12.6s | 1.0e-04 | 0.0161 | 0.9574 | 0.9589 | 0.9645 | 0.0208 | 0.9417 | 0.9450 | 0.9369
1346 | 01:02:55 |  12.8s | 1.0e-04 | 0.0167 | 0.9558 | 0.9564 | 0.9609 | 0.0215 | 0.9355 | 0.9489 | 0.9341
1347 | 01:03:20 |  12.5s | 1.0e-04 | 0.0161 | 0.9562 | 0.9588 | 0.9628 | 0.0203 | 0.9467 | 0.9372 | 0.9351
1348 | 01:03:43 |  12.5s | 1.0e-04 | 0.0166 | 0.9564 | 0.9563 | 0.9617 | 0.0206 | 0.9438 | 0.9454 | 0.9397
1349 | 01:04:07 |  12.4s | 1.0e-04 | 0.0160 | 0.9569 | 0.9601 | 0.9643 | 0.0219 | 0.9370 | 0.9433 | 0.9311
1350 | 01:04:33 |  12.1s | 1.0e-04 | 0.0160 | 0.9554 | 0.9596 | 0.9629 | 0.0207 | 0.9327 | 0.9515 | 0.9347
1351 | 01:04:58 |  12.3s | 1.0e-04 | 0.0164 | 0.9559 | 0.9579 | 0.9621 | 0.0200 | 0.9409 | 0.9417 | 0.9324
1352 | 01:05:22 |  12.8s | 1.0e-04 | 0.0162 | 0.9554 | 0.9581 | 0.9619 | 0.0208 | 0.9435 | 0.9377 | 0.9328
1353 | 01:05:46 |  12.7s | 1.0e-04 | 0.0162 | 0.9570 | 0.9593 | 0.9643 | 0.0200 | 0.9428 | 0.9454 | 0.9370
1354 | 01:06:10 |  12.2s | 1.0e-04 | 0.0158 | 0.9576 | 0.9606 | 0.9658 | 0.0208 | 0.9417 | 0.9405 | 0.9315
1355 | 01:06:36 |  23.1s | 1.0e-04 | 0.0167 | 0.9573 | 0.9592 | 0.9647 | 0.0207 | 0.9432 | 0.9398 | 0.9327
1356 | 01:07:11 |  12.5s | 1.0e-04 | 0.0171 | 0.9558 | 0.9588 | 0.9629 | 0.0213 | 0.9385 | 0.9455 | 0.9352
1357 | 01:07:37 |  12.7s | 1.0e-04 | 0.0174 | 0.9545 | 0.9583 | 0.9610 | 0.0207 | 0.9382 | 0.9500 | 0.9382
1358 | 01:08:01 |  12.4s | 1.0e-04 | 0.0168 | 0.9565 | 0.9579 | 0.9623 | 0.0202 | 0.9465 | 0.9440 | 0.9412
1359 | 01:08:27 |  12.4s | 1.0e-04 | 0.0172 | 0.9568 | 0.9599 | 0.9639 | 0.0205 | 0.9420 | 0.9431 | 0.9362
1360 | 01:08:53 |  12.3s | 1.0e-04 | 0.0166 | 0.9578 | 0.9600 | 0.9648 | 0.0208 | 0.9431 | 0.9436 | 0.9365
1361 | 01:09:16 |  12.8s | 1.0e-04 | 0.0171 | 0.9563 | 0.9590 | 0.9626 | 0.0205 | 0.9398 | 0.9459 | 0.9346
1362 | 01:09:40 |  12.7s | 1.0e-04 | 0.0172 | 0.9565 | 0.9599 | 0.9638 | 0.0204 | 0.9447 | 0.9382 | 0.9320
1363 | 01:10:04 |  12.8s | 1.0e-04 | 0.0167 | 0.9564 | 0.9598 | 0.9635 | 0.0206 | 0.9391 | 0.9410 | 0.9277
1364 | 01:10:30 |  12.4s | 1.0e-04 | 0.0171 | 0.9567 | 0.9594 | 0.9632 | 0.0205 | 0.9434 | 0.9404 | 0.9354
1365 | 01:10:56 |  12.3s | 1.0e-04 | 0.0170 | 0.9568 | 0.9588 | 0.9639 | 0.0211 | 0.9338 | 0.9431 | 0.9256
1366 | 01:11:20 |  12.5s | 1.0e-04 | 0.0167 | 0.9557 | 0.9581 | 0.9626 | 0.0197 | 0.9483 | 0.9383 | 0.9393
1367 | 01:11:43 |  12.8s | 1.0e-04 | 0.0171 | 0.9552 | 0.9592 | 0.9624 | 0.0214 | 0.9432 | 0.9430 | 0.9350
1368 | 01:12:08 |  12.7s | 1.0e-04 | 0.0169 | 0.9560 | 0.9588 | 0.9631 | 0.0210 | 0.9284 | 0.9530 | 0.9330
1369 | 01:12:33 |  12.3s | 1.0e-04 | 0.0168 | 0.9562 | 0.9604 | 0.9637 | 0.0213 | 0.9437 | 0.9373 | 0.9306
1370 | 01:13:00 |  12.5s | 1.0e-04 | 0.0169 | 0.9556 | 0.9583 | 0.9621 | 0.0210 | 0.9449 | 0.9432 | 0.9377
1371 | 01:13:24 |  12.5s | 1.0e-04 | 0.0170 | 0.9569 | 0.9590 | 0.9646 | 0.0204 | 0.9416 | 0.9397 | 0.9319
1372 | 01:13:48 |  13.0s | 1.0e-04 | 0.0174 | 0.9545 | 0.9590 | 0.9618 | 0.0204 | 0.9351 | 0.9487 | 0.9331
1373 | 01:14:12 |  12.9s | 1.0e-04 | 0.0174 | 0.9560 | 0.9580 | 0.9623 | 0.0207 | 0.9442 | 0.9417 | 0.9358
1374 | 01:14:37 |  21.1s | 1.0e-04 | 0.0174 | 0.9549 | 0.9573 | 0.9607 | 0.0206 | 0.9480 | 0.9369 | 0.9352
1375 | 01:15:09 |  12.9s | 1.0e-04 | 0.0172 | 0.9547 | 0.9584 | 0.9611 | 0.0202 | 0.9320 | 0.9534 | 0.9366
1376 | 01:15:37 |  12.0s | 1.0e-04 | 0.0166 | 0.9571 | 0.9605 | 0.9651 | 0.0214 | 0.9380 | 0.9459 | 0.9343
1377 | 01:16:03 |  12.3s | 1.0e-04 | 0.0170 | 0.9567 | 0.9591 | 0.9635 | 0.0197 | 0.9475 | 0.9302 | 0.9332
1378 | 01:16:29 |  12.3s | 1.0e-04 | 0.0167 | 0.9565 | 0.9591 | 0.9635 | 0.0206 | 0.9395 | 0.9419 | 0.9315
1379 | 01:16:53 |  12.4s | 1.0e-04 | 0.0169 | 0.9549 | 0.9577 | 0.9611 | 0.0201 | 0.9373 | 0.9518 | 0.9389
1380 | 01:17:17 |  12.3s | 1.0e-04 | 0.0166 | 0.9573 | 0.9580 | 0.9638 | 0.0201 | 0.9387 | 0.9447 | 0.9335
1381 | 01:17:40 |  12.3s | 1.0e-04 | 0.0173 | 0.9554 | 0.9596 | 0.9621 | 0.0202 | 0.9316 | 0.9535 | 0.9358
1382 | 01:18:06 |  12.4s | 1.0e-04 | 0.0167 | 0.9571 | 0.9602 | 0.9644 | 0.0210 | 0.9451 | 0.9390 | 0.9333
1383 | 01:18:35 |  12.4s | 1.0e-04 | 0.0169 | 0.9559 | 0.9599 | 0.9633 | 0.0194 | 0.9513 | 0.9457 | 0.9485
1384 | 01:18:59 |  12.3s | 1.0e-04 | 0.0169 | 0.9559 | 0.9588 | 0.9627 | 0.0203 | 0.9410 | 0.9348 | 0.9286
1385 | 01:19:23 |  12.6s | 1.0e-04 | 0.0170 | 0.9562 | 0.9610 | 0.9637 | 0.0214 | 0.9358 | 0.9472 | 0.9329
1386 | 01:19:47 |  12.4s | 1.0e-04 | 0.0166 | 0.9565 | 0.9600 | 0.9645 | 0.0195 | 0.9485 | 0.9326 | 0.9273
1387 | 01:20:11 |  12.0s | 1.0e-04 | 0.0166 | 0.9563 | 0.9595 | 0.9642 | 0.0203 | 0.9356 | 0.9485 | 0.9343
1388 | 01:20:37 |  12.0s | 1.0e-04 | 0.0171 | 0.9560 | 0.9578 | 0.9623 | 0.0204 | 0.9363 | 0.9484 | 0.9348
1389 | 01:21:01 |  12.2s | 1.0e-04 | 0.0166 | 0.9564 | 0.9592 | 0.9640 | 0.0210 | 0.9372 | 0.9459 | 0.9323
1390 | 01:21:25 |  12.3s | 1.0e-04 | 0.0167 | 0.9555 | 0.9592 | 0.9626 | 0.0211 | 0.9430 | 0.9421 | 0.9363
1391 | 01:21:49 |  12.3s | 1.0e-04 | 0.0165 | 0.9563 | 0.9595 | 0.9634 | 0.0207 | 0.9424 | 0.9379 | 0.9325
1392 | 01:22:13 |  21.2s | 1.0e-04 | 0.0167 | 0.9577 | 0.9605 | 0.9653 | 0.0204 | 0.9464 | 0.9302 | 0.9308
1393 | 01:22:45 |  12.1s | 1.0e-04 | 0.0164 | 0.9567 | 0.9601 | 0.9640 | 0.0209 | 0.9441 | 0.9432 | 0.9361
1394 | 01:23:09 |  11.9s | 1.0e-04 | 0.0162 | 0.9572 | 0.9616 | 0.9652 | 0.0202 | 0.9494 | 0.9371 | 0.9352
1395 | 01:23:35 |  21.0s | 1.0e-04 | 0.0168 | 0.9568 | 0.9596 | 0.9642 | 0.0209 | 0.9428 | 0.9423 | 0.9330
1396 | 01:24:09 |  22.2s | 1.0e-04 | 0.0163 | 0.9580 | 0.9600 | 0.9660 | 0.0200 | 0.9440 | 0.9424 | 0.9351
1397 | 01:24:43 |  12.0s | 1.0e-04 | 0.0162 | 0.9575 | 0.9584 | 0.9641 | 0.0208 | 0.9351 | 0.9487 | 0.9331
1398 | 01:25:08 |  11.9s | 1.0e-04 | 0.0166 | 0.9568 | 0.9592 | 0.9633 | 0.0215 | 0.9348 | 0.9420 | 0.9255
1399 | 01:25:33 |  12.4s | 1.0e-04 | 0.0161 | 0.9579 | 0.9617 | 0.9656 | 0.0212 | 0.9402 | 0.9419 | 0.9301
1400 | 01:25:57 |  12.4s | 1.0e-04 | 0.0163 | 0.9575 | 0.9601 | 0.9651 | 0.0207 | 0.9424 | 0.9349 | 0.9256
1401 | 01:26:21 |  12.8s | 1.0e-04 | 0.0167 | 0.9550 | 0.9584 | 0.9610 | 0.0202 | 0.9413 | 0.9478 | 0.9396
1402 | 01:26:45 |  12.7s | 1.0e-04 | 0.0163 | 0.9558 | 0.9590 | 0.9633 | 0.0202 | 0.9317 | 0.9502 | 0.9320
1403 | 01:27:10 |  11.8s | 1.0e-04 | 0.0164 | 0.9559 | 0.9586 | 0.9638 | 0.0220 | 0.9423 | 0.9312 | 0.9247
1404 | 01:27:33 |  12.6s | 1.0e-04 | 0.0166 | 0.9554 | 0.9591 | 0.9629 | 0.0207 | 0.9413 | 0.9361 | 0.9290
1405 | 01:27:57 |  12.2s | 1.0e-04 | 0.0163 | 0.9556 | 0.9589 | 0.9627 | 0.0206 | 0.9395 | 0.9497 | 0.9393
1406 | 01:28:21 |  12.2s | 1.0e-04 | 0.0160 | 0.9582 | 0.9602 | 0.9659 | 0.0205 | 0.9432 | 0.9495 | 0.9428
1407 | 01:28:45 |  12.5s | 1.0e-04 | 0.0166 | 0.9564 | 0.9589 | 0.9631 | 0.0207 | 0.9435 | 0.9406 | 0.9341
1408 | 01:29:11 |  12.8s | 1.0e-04 | 0.0166 | 0.9564 | 0.9582 | 0.9633 | 0.0215 | 0.9392 | 0.9408 | 0.9299
1409 | 01:29:35 |  12.5s | 1.0e-04 | 0.0160 | 0.9583 | 0.9606 | 0.9667 | 0.0203 | 0.9418 | 0.9432 | 0.9353
1410 | 01:29:59 |  12.3s | 1.0e-04 | 0.0167 | 0.9564 | 0.9573 | 0.9623 | 0.0215 | 0.9425 | 0.9398 | 0.9299
1411 | 01:30:25 |  12.5s | 1.0e-04 | 0.0160 | 0.9570 | 0.9614 | 0.9660 | 0.0218 | 0.9364 | 0.9433 | 0.9295
1412 | 01:30:51 |  12.2s | 1.0e-04 | 0.0163 | 0.9565 | 0.9603 | 0.9643 | 0.0215 | 0.9403 | 0.9422 | 0.9322
1413 | 01:31:15 |  21.2s | 1.0e-04 | 0.0166 | 0.9581 | 0.9595 | 0.9658 | 0.0205 | 0.9399 | 0.9419 | 0.9329
1414 | 01:31:49 |  12.5s | 1.0e-04 | 0.0167 | 0.9572 | 0.9591 | 0.9647 | 0.0206 | 0.9446 | 0.9414 | 0.9358
1415 | 01:32:14 |  12.4s | 1.0e-04 | 0.0170 | 0.9554 | 0.9578 | 0.9618 | 0.0209 | 0.9556 | 0.9279 | 0.9351
1416 | 01:32:37 |  22.0s | 1.0e-04 | 0.0170 | 0.9560 | 0.9578 | 0.9622 | 0.0212 | 0.9371 | 0.9466 | 0.9335
1417 | 01:33:11 |  22.8s | 1.0e-04 | 0.0176 | 0.9551 | 0.9583 | 0.9615 | 0.0200 | 0.9441 | 0.9377 | 0.9325
1418 | 01:33:45 |  12.3s | 1.0e-04 | 0.0173 | 0.9560 | 0.9583 | 0.9622 | 0.0206 | 0.9469 | 0.9393 | 0.9360
1419 | 01:34:09 |  12.8s | 1.0e-04 | 0.0173 | 0.9559 | 0.9587 | 0.9630 | 0.0207 | 0.9479 | 0.9366 | 0.9353
1420 | 01:34:33 |  12.7s | 1.0e-04 | 0.0167 | 0.9564 | 0.9594 | 0.9632 | 0.0201 | 0.9406 | 0.9506 | 0.9416
1421 | 01:34:57 |  12.4s | 1.0e-04 | 0.0170 | 0.9558 | 0.9604 | 0.9635 | 0.0210 | 0.9400 | 0.9465 | 0.9363
1422 | 01:35:22 |  12.5s | 1.0e-04 | 0.0170 | 0.9545 | 0.9588 | 0.9619 | 0.0204 | 0.9449 | 0.9411 | 0.9361
1423 | 01:35:49 |  12.1s | 1.0e-04 | 0.0170 | 0.9572 | 0.9594 | 0.9643 | 0.0200 | 0.9485 | 0.9409 | 0.9391
1424 | 01:36:12 |  12.6s | 1.0e-04 | 0.0172 | 0.9557 | 0.9581 | 0.9619 | 0.0197 | 0.9440 | 0.9470 | 0.9412
1425 | 01:36:36 |  12.5s | 1.0e-04 | 0.0176 | 0.9531 | 0.9564 | 0.9589 | 0.0214 | 0.9426 | 0.9418 | 0.9352
1426 | 01:37:00 |  12.4s | 1.0e-04 | 0.0173 | 0.9580 | 0.9564 | 0.9633 | 0.0204 | 0.9403 | 0.9405 | 0.9322
1427 | 01:37:24 |  12.3s | 1.0e-04 | 0.0175 | 0.9561 | 0.9581 | 0.9627 | 0.0195 | 0.9462 | 0.9489 | 0.9443
1428 | 01:37:49 |  12.3s | 1.0e-04 | 0.0176 | 0.9542 | 0.9569 | 0.9602 | 0.0200 | 0.9458 | 0.9439 | 0.9400
1429 | 01:38:15 |  12.5s | 1.0e-04 | 0.0173 | 0.9555 | 0.9593 | 0.9631 | 0.0201 | 0.9441 | 0.9420 | 0.9369
1430 | 01:38:39 |  12.4s | 1.0e-04 | 0.0178 | 0.9540 | 0.9574 | 0.9606 | 0.0201 | 0.9353 | 0.9530 | 0.9397
1431 | 01:39:02 |  12.7s | 1.0e-04 | 0.0171 | 0.9565 | 0.9594 | 0.9629 | 0.0205 | 0.9389 | 0.9489 | 0.9374
1432 | 01:39:26 |  12.6s | 1.0e-04 | 0.0170 | 0.9556 | 0.9594 | 0.9627 | 0.0201 | 0.9419 | 0.9476 | 0.9395
1433 | 01:39:51 |  12.5s | 1.0e-04 | 0.0173 | 0.9550 | 0.9582 | 0.9612 | 0.0206 | 0.9412 | 0.9451 | 0.9363
1434 | 01:40:14 |  21.0s | 1.0e-04 | 0.0171 | 0.9537 | 0.9568 | 0.9596 | 0.0209 | 0.9365 | 0.9460 | 0.9315
1435 | 01:40:47 |  12.8s | 1.0e-04 | 0.0175 | 0.9546 | 0.9570 | 0.9603 | 0.0208 | 0.9418 | 0.9424 | 0.9348
1436 | 01:41:11 |  12.6s | 1.0e-04 | 0.0174 | 0.9541 | 0.9573 | 0.9595 | 0.0209 | 0.9406 | 0.9444 | 0.9352
1437 | 01:41:35 |  22.8s | 1.0e-04 | 0.0172 | 0.9543 | 0.9576 | 0.9604 | 0.0210 | 0.9376 | 0.9427 | 0.9305
1438 | 01:42:08 |  22.3s | 1.0e-04 | 0.0172 | 0.9561 | 0.9578 | 0.9630 | 0.0195 | 0.9411 | 0.9446 | 0.9364
1439 | 01:42:42 |  12.5s | 1.0e-04 | 0.0175 | 0.9553 | 0.9566 | 0.9600 | 0.0212 | 0.9384 | 0.9398 | 0.9241
1440 | 01:43:06 |  12.4s | 1.0e-04 | 0.0172 | 0.9553 | 0.9588 | 0.9631 | 0.0201 | 0.9456 | 0.9376 | 0.9347
1441 | 01:43:29 |  12.4s | 1.0e-04 | 0.0178 | 0.9544 | 0.9575 | 0.9604 | 0.0205 | 0.9381 | 0.9384 | 0.9275
1442 | 01:43:55 |  12.4s | 1.0e-04 | 0.0172 | 0.9564 | 0.9580 | 0.9626 | 0.0199 | 0.9413 | 0.9493 | 0.9410
1443 | 01:44:21 |  12.1s | 1.0e-04 | 0.0176 | 0.9546 | 0.9590 | 0.9610 | 0.0212 | 0.9460 | 0.9394 | 0.9385
1444 | 01:44:44 |  12.5s | 1.0e-04 | 0.0170 | 0.9561 | 0.9594 | 0.9627 | 0.0211 | 0.9332 | 0.9459 | 0.9274
1445 | 01:45:07 |  12.6s | 1.0e-04 | 0.0178 | 0.9550 | 0.9577 | 0.9612 | 0.0217 | 0.9450 | 0.9399 | 0.9354
1446 | 01:45:31 |  12.3s | 1.0e-04 | 0.0176 | 0.9538 | 0.9559 | 0.9587 | 0.0197 | 0.9468 | 0.9344 | 0.9332
1447 | 01:45:55 |  12.1s | 1.0e-04 | 0.0173 | 0.9553 | 0.9577 | 0.9612 | 0.0205 | 0.9420 | 0.9424 | 0.9331
1448 | 01:46:21 |  12.0s | 1.0e-04 | 0.0172 | 0.9551 | 0.9586 | 0.9626 | 0.0209 | 0.9437 | 0.9386 | 0.9312
1449 | 01:46:45 |  12.6s | 1.0e-04 | 0.0175 | 0.9543 | 0.9567 | 0.9600 | 0.0201 | 0.9412 | 0.9514 | 0.9435
1450 | 01:47:09 |  12.5s | 1.0e-04 | 0.0171 | 0.9557 | 0.9584 | 0.9626 | 0.0208 | 0.9422 | 0.9471 | 0.9376
1451 | 01:47:33 |  12.6s | 1.0e-04 | 0.0174 | 0.9565 | 0.9575 | 0.9627 | 0.0196 | 0.9452 | 0.9405 | 0.9337
1452 | 01:47:56 |  12.6s | 1.0e-04 | 0.0168 | 0.9572 | 0.9607 | 0.9649 | 0.0197 | 0.9339 | 0.9534 | 0.9397
1453 | 01:48:22 |  12.1s | 1.0e-04 | 0.0174 | 0.9546 | 0.9589 | 0.9617 | 0.0211 | 0.9376 | 0.9470 | 0.9349
1454 | 01:48:47 |  12.3s | 1.0e-04 | 0.0172 | 0.9568 | 0.9595 | 0.9637 | 0.0214 | 0.9406 | 0.9462 | 0.9381
1455 | 01:49:11 |  22.2s | 1.0e-04 | 0.0171 | 0.9564 | 0.9593 | 0.9636 | 0.0215 | 0.9376 | 0.9471 | 0.9350
1456 | 01:49:46 |  12.8s | 1.0e-04 | 0.0168 | 0.9566 | 0.9600 | 0.9636 | 0.0201 | 0.9396 | 0.9509 | 0.9402
1457 | 01:50:12 |  12.6s | 1.0e-04 | 0.0172 | 0.9557 | 0.9588 | 0.9626 | 0.0205 | 0.9426 | 0.9461 | 0.9391
1458 | 01:50:38 |  21.5s | 1.0e-04 | 0.0172 | 0.9556 | 0.9593 | 0.9629 | 0.0210 | 0.9412 | 0.9401 | 0.9322
1459 | 01:51:10 |  24.5s | 1.0e-04 | 0.0179 | 0.9538 | 0.9567 | 0.9594 | 0.0209 | 0.9357 | 0.9433 | 0.9287
1460 | 01:51:46 |  12.7s | 1.0e-04 | 0.0178 | 0.9548 | 0.9568 | 0.9604 | 0.0202 | 0.9460 | 0.9410 | 0.9383
1461 | 01:52:10 |  12.6s | 1.0e-04 | 0.0177 | 0.9555 | 0.9562 | 0.9597 | 0.0206 | 0.9437 | 0.9379 | 0.9331
1462 | 01:52:35 |  12.6s | 1.0e-04 | 0.0178 | 0.9540 | 0.9564 | 0.9596 | 0.0217 | 0.9367 | 0.9438 | 0.9302
1463 | 01:53:02 |  12.4s | 1.0e-04 | 0.0178 | 0.9549 | 0.9562 | 0.9596 | 0.0203 | 0.9462 | 0.9393 | 0.9367
1464 | 01:53:27 |  12.5s | 1.0e-04 | 0.0168 | 0.9568 | 0.9566 | 0.9618 | 0.0206 | 0.9443 | 0.9437 | 0.9379
1465 | 01:53:51 |  12.9s | 1.0e-04 | 0.0177 | 0.9535 | 0.9555 | 0.9580 | 0.0186 | 0.9451 | 0.9453 | 0.9381
1466 | 01:54:15 |  12.7s | 1.0e-04 | 0.0175 | 0.9546 | 0.9566 | 0.9600 | 0.0208 | 0.9410 | 0.9459 | 0.9378
1467 | 01:54:39 |  12.5s | 1.0e-04 | 0.0177 | 0.9535 | 0.9572 | 0.9591 | 0.0206 | 0.9475 | 0.9334 | 0.9299
1468 | 01:55:04 |  12.5s | 1.0e-04 | 0.0173 | 0.9539 | 0.9561 | 0.9590 | 0.0208 | 0.9415 | 0.9437 | 0.9336
1469 | 01:55:30 |  12.4s | 1.0e-04 | 0.0176 | 0.9542 | 0.9577 | 0.9602 | 0.0213 | 0.9450 | 0.9405 | 0.9360
1470 | 01:55:55 |  13.1s | 1.0e-04 | 0.0170 | 0.9561 | 0.9578 | 0.9628 | 0.0213 | 0.9475 | 0.9387 | 0.9356
1471 | 01:56:19 |  12.6s | 1.0e-04 | 0.0176 | 0.9560 | 0.9561 | 0.9609 | 0.0213 | 0.9372 | 0.9494 | 0.9368
1472 | 01:56:43 |  12.6s | 1.0e-04 | 0.0179 | 0.9525 | 0.9547 | 0.9561 | 0.0197 | 0.9368 | 0.9511 | 0.9379
1473 | 01:57:07 |  13.2s | 1.0e-04 | 0.0177 | 0.9541 | 0.9574 | 0.9596 | 0.0201 | 0.9417 | 0.9439 | 0.9337
1474 | 01:57:33 |  12.7s | 1.0e-04 | 0.0181 | 0.9537 | 0.9557 | 0.9584 | 0.0197 | 0.9448 | 0.9395 | 0.9344
1475 | 01:57:57 |  12.7s | 1.0e-04 | 0.0177 | 0.9537 | 0.9557 | 0.9591 | 0.0209 | 0.9417 | 0.9472 | 0.9392
1476 | 01:58:21 |  12.5s | 1.0e-04 | 0.0176 | 0.9541 | 0.9561 | 0.9584 | 0.0197 | 0.9527 | 0.9353 | 0.9412
1477 | 01:58:45 |  12.8s | 1.0e-04 | 0.0175 | 0.9545 | 0.9551 | 0.9580 | 0.0200 | 0.9375 | 0.9539 | 0.9421
1478 | 01:59:09 |  21.7s | 1.0e-04 | 0.0177 | 0.9540 | 0.9558 | 0.9588 | 0.0200 | 0.9380 | 0.9434 | 0.9315
1479 | 01:59:42 |  12.6s | 1.0e-04 | 0.0180 | 0.9537 | 0.9561 | 0.9588 | 0.0208 | 0.9414 | 0.9429 | 0.9343
1480 | 02:00:06 |  22.3s | 1.0e-04 | 0.0177 | 0.9533 | 0.9556 | 0.9575 | 0.0199 | 0.9424 | 0.9455 | 0.9394
1481 | 02:00:41 |  12.0s | 1.0e-04 | 0.0177 | 0.9535 | 0.9536 | 0.9561 | 0.0212 | 0.9331 | 0.9526 | 0.9367
1482 | 02:01:06 |  12.1s | 1.0e-04 | 0.0170 | 0.9541 | 0.9568 | 0.9604 | 0.0209 | 0.9412 | 0.9436 | 0.9345
1483 | 02:01:30 |  12.4s | 1.0e-04 | 0.0174 | 0.9546 | 0.9553 | 0.9587 | 0.0210 | 0.9373 | 0.9453 | 0.9311
1484 | 02:01:53 |  12.6s | 1.0e-04 | 0.0168 | 0.9551 | 0.9557 | 0.9600 | 0.0209 | 0.9419 | 0.9460 | 0.9388
1485 | 02:02:17 |  12.3s | 1.0e-04 | 0.0172 | 0.9524 | 0.9572 | 0.9581 | 0.0207 | 0.9403 | 0.9473 | 0.9379
1486 | 02:02:42 |  11.9s | 1.0e-04 | 0.0175 | 0.9530 | 0.9579 | 0.9581 | 0.0209 | 0.9369 | 0.9501 | 0.9372
1487 | 02:03:08 |  12.5s | 1.0e-04 | 0.0167 | 0.9532 | 0.9579 | 0.9600 | 0.0202 | 0.9452 | 0.9436 | 0.9392
1488 | 02:03:32 |  12.5s | 1.0e-04 | 0.0171 | 0.9554 | 0.9558 | 0.9602 | 0.0201 | 0.9392 | 0.9401 | 0.9289
1489 | 02:03:56 |  12.5s | 1.0e-04 | 0.0172 | 0.9555 | 0.9567 | 0.9612 | 0.0212 | 0.9483 | 0.9385 | 0.9377
1490 | 02:04:19 |  12.7s | 1.0e-04 | 0.0169 | 0.9547 | 0.9580 | 0.9605 | 0.0213 | 0.9458 | 0.9331 | 0.9266
1491 | 02:04:44 |  12.2s | 1.0e-04 | 0.0169 | 0.9545 | 0.9569 | 0.9605 | 0.0217 | 0.9298 | 0.9521 | 0.9328
1492 | 02:05:09 |  12.2s | 1.0e-04 | 0.0171 | 0.9531 | 0.9561 | 0.9589 | 0.0208 | 0.9423 | 0.9441 | 0.9368
1493 | 02:05:34 |  12.2s | 1.0e-04 | 0.0168 | 0.9558 | 0.9577 | 0.9611 | 0.0210 | 0.9392 | 0.9425 | 0.9303
1494 | 02:05:58 |  12.4s | 1.0e-04 | 0.0174 | 0.9537 | 0.9579 | 0.9602 | 0.0214 | 0.9362 | 0.9494 | 0.9355
1495 | 02:06:21 |  12.4s | 1.0e-04 | 0.0169 | 0.9560 | 0.9576 | 0.9618 | 0.0205 | 0.9343 | 0.9528 | 0.9379
1496 | 02:06:45 |  21.6s | 1.0e-04 | 0.0171 | 0.9545 | 0.9571 | 0.9598 | 0.0197 | 0.9453 | 0.9428 | 0.9378
1497 | 02:07:18 |  12.6s | 1.0e-04 | 0.0167 | 0.9545 | 0.9573 | 0.9600 | 0.0200 | 0.9460 | 0.9416 | 0.9364
1498 | 02:07:42 |  12.5s | 1.0e-04 | 0.0166 | 0.9558 | 0.9596 | 0.9633 | 0.0200 | 0.9427 | 0.9452 | 0.9391
1499 | 02:08:07 |  21.5s | 1.0e-04 | 0.0170 | 0.9557 | 0.9574 | 0.9613 | 0.0207 | 0.9400 | 0.9465 | 0.9372
1500 | 02:08:41 |  12.5s | 1.0e-04 | 0.0165 | 0.9554 | 0.9579 | 0.9617 | 0.0202 | 0.9402 | 0.9514 | 0.9415
1501 | 02:09:08 |  12.0s | 1.0e-04 | 0.0166 | 0.9575 | 0.9601 | 0.9652 | 0.0206 | 0.9458 | 0.9383 | 0.9373
1502 | 02:09:32 |  12.3s | 1.0e-04 | 0.0160 | 0.9578 | 0.9604 | 0.9651 | 0.0214 | 0.9374 | 0.9465 | 0.9332
1503 | 02:09:56 |  12.4s | 1.0e-04 | 0.0164 | 0.9567 | 0.9607 | 0.9648 | 0.0205 | 0.9439 | 0.9435 | 0.9368
1504 | 02:10:20 |  12.4s | 1.0e-04 | 0.0166 | 0.9581 | 0.9594 | 0.9656 | 0.0214 | 0.9352 | 0.9512 | 0.9370
1505 | 02:10:44 |  12.1s | 1.0e-04 | 0.0162 | 0.9577 | 0.9605 | 0.9664 | 0.0212 | 0.9445 | 0.9382 | 0.9350
1506 | 02:11:10 |  12.3s | 1.0e-04 | 0.0165 | 0.9575 | 0.9597 | 0.9643 | 0.0198 | 0.9469 | 0.9406 | 0.9378
1507 | 02:11:34 |  12.6s | 1.0e-04 | 0.0160 | 0.9583 | 0.9611 | 0.9667 | 0.0212 | 0.9368 | 0.9461 | 0.9329
1508 | 02:11:58 |  12.2s | 1.0e-04 | 0.0164 | 0.9576 | 0.9615 | 0.9660 | 0.0209 | 0.9501 | 0.9317 | 0.9362
1509 | 02:12:23 |  11.9s | 1.0e-04 | 0.0163 | 0.9588 | 0.9602 | 0.9661 | 0.0203 | 0.9417 | 0.9457 | 0.9363
1510 | 02:12:48 |  12.3s | 1.0e-04 | 0.0167 | 0.9574 | 0.9598 | 0.9649 | 0.0207 | 0.9448 | 0.9457 | 0.9412
1511 | 02:13:12 |  12.3s | 1.0e-04 | 0.0164 | 0.9568 | 0.9603 | 0.9653 | 0.0210 | 0.9481 | 0.9349 | 0.9340
1512 | 02:13:36 |  12.3s | 1.0e-04 | 0.0169 | 0.9567 | 0.9584 | 0.9634 | 0.0188 | 0.9547 | 0.9398 | 0.9450
1513 | 02:14:00 |  12.3s | 1.0e-04 | 0.0166 | 0.9567 | 0.9587 | 0.9633 | 0.0208 | 0.9370 | 0.9426 | 0.9297
1514 | 02:14:24 |  11.9s | 1.0e-04 | 0.0164 | 0.9568 | 0.9609 | 0.9657 | 0.0204 | 0.9416 | 0.9423 | 0.9324
1515 | 02:14:50 |  12.4s | 1.0e-04 | 0.0162 | 0.9576 | 0.9614 | 0.9669 | 0.0203 | 0.9503 | 0.9383 | 0.9413
1516 | 02:15:15 |  12.1s | 1.0e-04 | 0.0161 | 0.9575 | 0.9606 | 0.9649 | 0.0199 | 0.9476 | 0.9378 | 0.9375
1517 | 02:15:38 |  21.5s | 1.0e-04 | 0.0163 | 0.9566 | 0.9589 | 0.9641 | 0.0194 | 0.9456 | 0.9451 | 0.9399
1518 | 02:16:11 |  12.4s | 1.0e-04 | 0.0168 | 0.9563 | 0.9559 | 0.9613 | 0.0213 | 0.9455 | 0.9373 | 0.9338
1519 | 02:16:35 |  12.3s | 1.0e-04 | 0.0165 | 0.9571 | 0.9583 | 0.9633 | 0.0205 | 0.9441 | 0.9428 | 0.9373
1520 | 02:16:58 |  21.5s | 1.0e-04 | 0.0162 | 0.9575 | 0.9584 | 0.9643 | 0.0211 | 0.9408 | 0.9419 | 0.9355
1521 | 02:17:31 |  22.6s | 1.0e-04 | 0.0172 | 0.9542 | 0.9588 | 0.9609 | 0.0199 | 0.9393 | 0.9501 | 0.9393
1522 | 02:18:04 |  12.7s | 1.0e-04 | 0.0170 | 0.9556 | 0.9583 | 0.9618 | 0.0207 | 0.9468 | 0.9438 | 0.9403
1523 | 02:18:28 |  12.5s | 1.0e-04 | 0.0167 | 0.9555 | 0.9586 | 0.9625 | 0.0193 | 0.9496 | 0.9336 | 0.9355
1524 | 02:18:52 |  12.4s | 1.0e-04 | 0.0160 | 0.9586 | 0.9580 | 0.9642 | 0.0210 | 0.9377 | 0.9498 | 0.9377
1525 | 02:19:17 |  12.2s | 1.0e-04 | 0.0167 | 0.9562 | 0.9597 | 0.9633 | 0.0194 | 0.9521 | 0.9380 | 0.9430
1526 | 02:19:43 |  12.1s | 1.0e-04 | 0.0168 | 0.9571 | 0.9576 | 0.9629 | 0.0204 | 0.9392 | 0.9473 | 0.9368
1527 | 02:20:07 |  12.5s | 1.0e-04 | 0.0169 | 0.9553 | 0.9593 | 0.9620 | 0.0200 | 0.9463 | 0.9402 | 0.9352
1528 | 02:20:31 |  12.7s | 1.0e-04 | 0.0171 | 0.9565 | 0.9587 | 0.9630 | 0.0211 | 0.9417 | 0.9375 | 0.9267
1529 | 02:20:54 |  12.2s | 1.0e-04 | 0.0167 | 0.9565 | 0.9598 | 0.9637 | 0.0205 | 0.9490 | 0.9350 | 0.9364
1530 | 02:21:18 |  12.4s | 1.0e-04 | 0.0171 | 0.9571 | 0.9596 | 0.9641 | 0.0214 | 0.9441 | 0.9342 | 0.9285
1531 | 02:21:46 |  12.2s | 1.0e-04 | 0.0168 | 0.9573 | 0.9596 | 0.9644 | 0.0195 | 0.9411 | 0.9509 | 0.9416
1532 | 02:22:11 |  12.1s | 1.0e-04 | 0.0166 | 0.9557 | 0.9602 | 0.9639 | 0.0221 | 0.9400 | 0.9452 | 0.9351
1533 | 02:22:34 |  12.7s | 1.0e-04 | 0.0173 | 0.9544 | 0.9593 | 0.9615 | 0.0201 | 0.9401 | 0.9547 | 0.9441
1534 | 02:22:58 |  12.4s | 1.0e-04 | 0.0169 | 0.9562 | 0.9589 | 0.9628 | 0.0210 | 0.9364 | 0.9491 | 0.9354
1535 | 02:23:22 |  12.2s | 1.0e-04 | 0.0169 | 0.9547 | 0.9586 | 0.9615 | 0.0215 | 0.9366 | 0.9499 | 0.9364
1536 | 02:23:48 |  12.2s | 1.0e-04 | 0.0167 | 0.9548 | 0.9595 | 0.9625 | 0.0206 | 0.9451 | 0.9342 | 0.9314
1537 | 02:24:13 |  12.6s | 1.0e-04 | 0.0169 | 0.9569 | 0.9577 | 0.9629 | 0.0207 | 0.9422 | 0.9411 | 0.9343
1538 | 02:24:37 |  21.6s | 1.0e-04 | 0.0169 | 0.9568 | 0.9584 | 0.9636 | 0.0210 | 0.9467 | 0.9443 | 0.9415
1539 | 02:25:10 |  12.1s | 1.0e-04 | 0.0171 | 0.9568 | 0.9601 | 0.9640 | 0.0208 | 0.9364 | 0.9465 | 0.9337
1540 | 02:25:34 |  12.7s | 1.0e-04 | 0.0177 | 0.9543 | 0.9592 | 0.9615 | 0.0204 | 0.9426 | 0.9460 | 0.9390
1541 | 02:25:57 |  21.3s | 1.0e-04 | 0.0171 | 0.9561 | 0.9592 | 0.9633 | 0.0195 | 0.9471 | 0.9427 | 0.9405
1542 | 02:26:30 |  22.2s | 1.0e-04 | 0.0174 | 0.9549 | 0.9576 | 0.9609 | 0.0211 | 0.9383 | 0.9412 | 0.9291
1543 | 02:27:03 |  12.9s | 1.0e-04 | 0.0172 | 0.9557 | 0.9565 | 0.9613 | 0.0202 | 0.9448 | 0.9382 | 0.9348
1544 | 02:27:27 |  12.8s | 1.0e-04 | 0.0167 | 0.9562 | 0.9596 | 0.9636 | 0.0209 | 0.9372 | 0.9406 | 0.9289
1545 | 02:27:51 |  12.4s | 1.0e-04 | 0.0169 | 0.9554 | 0.9601 | 0.9636 | 0.0204 | 0.9430 | 0.9359 | 0.9282
1546 | 02:28:16 |  12.2s | 1.0e-04 | 0.0169 | 0.9568 | 0.9587 | 0.9632 | 0.0201 | 0.9406 | 0.9374 | 0.9311
1547 | 02:28:42 |  12.5s | 1.0e-04 | 0.0169 | 0.9564 | 0.9591 | 0.9628 | 0.0209 | 0.9369 | 0.9430 | 0.9296
1548 | 02:29:05 |  12.7s | 1.0e-04 | 0.0169 | 0.9560 | 0.9602 | 0.9638 | 0.0200 | 0.9427 | 0.9497 | 0.9422
1549 | 02:29:29 |  13.3s | 1.0e-04 | 0.0168 | 0.9556 | 0.9597 | 0.9624 | 0.0204 | 0.9482 | 0.9421 | 0.9366
1550 | 02:29:54 |  12.7s | 1.0e-04 | 0.0172 | 0.9555 | 0.9593 | 0.9627 | 0.0205 | 0.9393 | 0.9447 | 0.9322
1551 | 02:30:18 |  12.4s | 1.0e-04 | 0.0171 | 0.9541 | 0.9586 | 0.9609 | 0.0206 | 0.9475 | 0.9436 | 0.9403
1552 | 02:30:44 |  12.3s | 1.0e-04 | 0.0166 | 0.9563 | 0.9596 | 0.9635 | 0.0217 | 0.9384 | 0.9404 | 0.9270
1553 | 02:31:09 |  12.7s | 1.0e-04 | 0.0172 | 0.9549 | 0.9576 | 0.9610 | 0.0208 | 0.9429 | 0.9448 | 0.9390
1554 | 02:31:32 |  12.7s | 1.0e-04 | 0.0173 | 0.9553 | 0.9579 | 0.9618 | 0.0193 | 0.9486 | 0.9368 | 0.9371
1555 | 02:31:56 |  12.6s | 1.0e-04 | 0.0175 | 0.9546 | 0.9579 | 0.9608 | 0.0209 | 0.9371 | 0.9459 | 0.9329
1556 | 02:32:20 |  12.8s | 1.0e-04 | 0.0171 | 0.9560 | 0.9581 | 0.9625 | 0.0211 | 0.9361 | 0.9455 | 0.9308
1557 | 02:32:44 |  12.6s | 1.0e-04 | 0.0171 | 0.9550 | 0.9595 | 0.9619 | 0.0196 | 0.9413 | 0.9500 | 0.9413
1558 | 02:33:08 |  12.8s | 1.0e-04 | 0.0158 | 0.9577 | 0.9619 | 0.9673 | 0.0205 | 0.9513 | 0.9300 | 0.9344
1559 | 02:33:32 |  21.8s | 1.0e-04 | 0.0174 | 0.9548 | 0.9594 | 0.9614 | 0.0208 | 0.9352 | 0.9476 | 0.9331
1560 | 02:34:05 |  12.6s | 1.0e-04 | 0.0168 | 0.9562 | 0.9580 | 0.9623 | 0.0214 | 0.9385 | 0.9441 | 0.9316
1561 | 02:34:29 |  12.4s | 1.0e-04 | 0.0173 | 0.9559 | 0.9575 | 0.9624 | 0.0194 | 0.9504 | 0.9463 | 0.9470
1562 | 02:34:54 |  22.4s | 1.0e-04 | 0.0170 | 0.9567 | 0.9578 | 0.9630 | 0.0193 | 0.9510 | 0.9406 | 0.9409
1563 | 02:35:28 |  22.5s | 1.0e-04 | 0.0174 | 0.9551 | 0.9565 | 0.9602 | 0.0207 | 0.9424 | 0.9451 | 0.9374
1564 | 02:36:01 |  12.5s | 1.0e-04 | 0.0175 | 0.9542 | 0.9557 | 0.9585 | 0.0201 | 0.9401 | 0.9472 | 0.9362
1565 | 02:36:25 |  12.7s | 1.0e-04 | 0.0176 | 0.9553 | 0.9580 | 0.9611 | 0.0200 | 0.9423 | 0.9476 | 0.9398
1566 | 02:36:50 |  12.0s | 1.0e-04 | 0.0175 | 0.9561 | 0.9567 | 0.9607 | 0.0203 | 0.9396 | 0.9420 | 0.9282
1567 | 02:37:16 |  12.3s | 1.0e-04 | 0.0176 | 0.9554 | 0.9575 | 0.9612 | 0.0201 | 0.9415 | 0.9427 | 0.9329
1568 | 02:37:42 |  12.0s | 1.0e-04 | 0.0183 | 0.9527 | 0.9556 | 0.9576 | 0.0204 | 0.9443 | 0.9376 | 0.9306
1569 | 02:38:05 |  12.1s | 1.0e-04 | 0.0176 | 0.9551 | 0.9582 | 0.9615 | 0.0206 | 0.9412 | 0.9437 | 0.9352
1570 | 02:38:28 |  12.6s | 1.0e-04 | 0.0178 | 0.9538 | 0.9561 | 0.9592 | 0.0203 | 0.9371 | 0.9513 | 0.9390
1571 | 02:38:51 |  12.4s | 1.0e-04 | 0.0180 | 0.9550 | 0.9552 | 0.9594 | 0.0207 | 0.9497 | 0.9384 | 0.9402
1572 | 02:39:15 |  12.0s | 1.0e-04 | 0.0175 | 0.9559 | 0.9558 | 0.9604 | 0.0201 | 0.9334 | 0.9506 | 0.9338
1573 | 02:39:41 |  12.8s | 1.0e-04 | 0.0179 | 0.9529 | 0.9575 | 0.9577 | 0.0206 | 0.9344 | 0.9470 | 0.9320
1574 | 02:40:06 |  12.3s | 1.0e-04 | 0.0176 | 0.9533 | 0.9569 | 0.9587 | 0.0208 | 0.9511 | 0.9373 | 0.9384
1575 | 02:40:29 |  12.2s | 1.0e-04 | 0.0175 | 0.9545 | 0.9591 | 0.9616 | 0.0206 | 0.9394 | 0.9453 | 0.9330
1576 | 02:40:53 |  12.4s | 1.0e-04 | 0.0180 | 0.9538 | 0.9555 | 0.9584 | 0.0192 | 0.9465 | 0.9489 | 0.9456
1577 | 02:41:16 |  12.3s | 1.0e-04 | 0.0177 | 0.9559 | 0.9576 | 0.9619 | 0.0198 | 0.9412 | 0.9442 | 0.9355
1578 | 02:41:40 |  12.2s | 1.0e-04 | 0.0185 | 0.9529 | 0.9553 | 0.9572 | 0.0191 | 0.9428 | 0.9463 | 0.9378
1579 | 02:42:03 |  12.4s | 1.0e-04 | 0.0179 | 0.9539 | 0.9561 | 0.9587 | 0.0192 | 0.9467 | 0.9444 | 0.9419
1580 | 02:42:28 |  22.3s | 1.0e-04 | 0.0175 | 0.9543 | 0.9571 | 0.9601 | 0.0210 | 0.9380 | 0.9510 | 0.9395
1581 | 02:43:01 |  12.8s | 1.0e-04 | 0.0173 | 0.9550 | 0.9559 | 0.9601 | 0.0199 | 0.9458 | 0.9464 | 0.9429
1582 | 02:43:25 |  12.4s | 1.0e-04 | 0.0174 | 0.9551 | 0.9570 | 0.9607 | 0.0214 | 0.9419 | 0.9428 | 0.9353
1583 | 02:43:50 |  20.7s | 1.0e-04 | 0.0175 | 0.9557 | 0.9585 | 0.9624 | 0.0198 | 0.9499 | 0.9374 | 0.9387
1584 | 02:44:23 |  23.2s | 1.0e-04 | 0.0172 | 0.9564 | 0.9600 | 0.9632 | 0.0195 | 0.9489 | 0.9414 | 0.9423
1585 | 02:44:57 |  12.3s | 1.0e-04 | 0.0165 | 0.9569 | 0.9597 | 0.9637 | 0.0210 | 0.9398 | 0.9455 | 0.9344
1586 | 02:45:22 |  12.6s | 1.0e-04 | 0.0167 | 0.9546 | 0.9601 | 0.9621 | 0.0186 | 0.9449 | 0.9460 | 0.9417
1587 | 02:45:47 |  12.4s | 1.0e-04 | 0.0169 | 0.9554 | 0.9583 | 0.9617 | 0.0195 | 0.9486 | 0.9439 | 0.9429
1588 | 02:46:11 |  12.7s | 1.0e-04 | 0.0170 | 0.9560 | 0.9573 | 0.9623 | 0.0203 | 0.9381 | 0.9481 | 0.9356
1589 | 02:46:34 |  12.7s | 1.0e-04 | 0.0164 | 0.9561 | 0.9600 | 0.9633 | 0.0206 | 0.9390 | 0.9498 | 0.9389
1590 | 02:46:58 |  12.7s | 1.0e-04 | 0.0168 | 0.9534 | 0.9601 | 0.9616 | 0.0209 | 0.9436 | 0.9401 | 0.9331
1591 | 02:47:23 |  12.5s | 1.0e-04 | 0.0172 | 0.9546 | 0.9585 | 0.9617 | 0.0204 | 0.9351 | 0.9460 | 0.9322
1592 | 02:47:49 |  12.7s | 1.0e-04 | 0.0169 | 0.9551 | 0.9583 | 0.9614 | 0.0207 | 0.9414 | 0.9434 | 0.9334
1593 | 02:48:13 |  12.5s | 1.0e-04 | 0.0166 | 0.9569 | 0.9578 | 0.9639 | 0.0208 | 0.9409 | 0.9422 | 0.9310
1594 | 02:48:36 |  12.7s | 1.0e-04 | 0.0164 | 0.9556 | 0.9579 | 0.9617 | 0.0201 | 0.9463 | 0.9469 | 0.9420
1595 | 02:49:00 |  12.7s | 1.0e-04 | 0.0170 | 0.9563 | 0.9588 | 0.9628 | 0.0210 | 0.9389 | 0.9432 | 0.9297
1596 | 02:49:24 |  12.3s | 1.0e-04 | 0.0172 | 0.9548 | 0.9585 | 0.9619 | 0.0205 | 0.9433 | 0.9433 | 0.9365
1597 | 02:49:50 |  12.6s | 1.0e-04 | 0.0168 | 0.9550 | 0.9595 | 0.9626 | 0.0206 | 0.9443 | 0.9381 | 0.9329
1598 | 02:50:15 |  12.4s | 1.0e-04 | 0.0166 | 0.9559 | 0.9588 | 0.9631 | 0.0206 | 0.9423 | 0.9415 | 0.9344
1599 | 02:50:38 |  13.7s | 1.0e-04 | 0.0167 | 0.9556 | 0.9576 | 0.9621 | 0.0201 | 0.9411 | 0.9434 | 0.9338
1600 | 02:51:03 |  13.3s | 1.0e-04 | 0.0171 | 0.9552 | 0.9566 | 0.9605 | 0.0205 | 0.9471 | 0.9438 | 0.9422
1601 | 02:51:27 |  12.5s | 1.0e-04 | 0.0167 | 0.9570 | 0.9584 | 0.9629 | 0.0200 | 0.9343 | 0.9492 | 0.9335
1602 | 02:51:53 |  12.7s | 1.0e-04 | 0.0173 | 0.9550 | 0.9581 | 0.9616 | 0.0195 | 0.9434 | 0.9462 | 0.9387
1603 | 02:52:19 |  22.3s | 1.0e-04 | 0.0172 | 0.9553 | 0.9595 | 0.9624 | 0.0191 | 0.9439 | 0.9471 | 0.9408
1604 | 02:52:53 |  12.9s | 1.0e-04 | 0.0172 | 0.9537 | 0.9572 | 0.9601 | 0.0198 | 0.9451 | 0.9440 | 0.9385
1605 | 02:53:18 |  22.9s | 1.0e-04 | 0.0180 | 0.9527 | 0.9569 | 0.9583 | 0.0205 | 0.9384 | 0.9413 | 0.9302
1606 | 02:53:52 |  12.4s | 1.0e-04 | 0.0173 | 0.9539 | 0.9578 | 0.9603 | 0.0203 | 0.9360 | 0.9494 | 0.9347
1607 | 02:54:16 |  12.2s | 1.0e-04 | 0.0175 | 0.9542 | 0.9553 | 0.9586 | 0.0210 | 0.9338 | 0.9519 | 0.9369
1608 | 02:54:39 |  12.4s | 1.0e-04 | 0.0169 | 0.9552 | 0.9595 | 0.9627 | 0.0207 | 0.9426 | 0.9440 | 0.9363
1609 | 02:55:05 |  12.4s | 1.0e-04 | 0.0171 | 0.9553 | 0.9565 | 0.9608 | 0.0199 | 0.9426 | 0.9473 | 0.9401
1610 | 02:55:30 |  12.1s | 1.0e-04 | 0.0178 | 0.9535 | 0.9574 | 0.9597 | 0.0206 | 0.9372 | 0.9445 | 0.9312
1611 | 02:55:53 |  12.4s | 1.0e-04 | 0.0170 | 0.9562 | 0.9588 | 0.9626 | 0.0195 | 0.9362 | 0.9549 | 0.9408
1612 | 02:56:17 |  12.4s | 1.0e-04 | 0.0170 | 0.9551 | 0.9600 | 0.9628 | 0.0204 | 0.9496 | 0.9354 | 0.9372
1613 | 02:56:40 |  12.5s | 1.0e-04 | 0.0172 | 0.9543 | 0.9589 | 0.9620 | 0.0199 | 0.9449 | 0.9427 | 0.9366
1614 | 02:57:06 |  12.1s | 1.0e-04 | 0.0178 | 0.9547 | 0.9574 | 0.9608 | 0.0208 | 0.9343 | 0.9549 | 0.9396
1615 | 02:57:31 |  12.1s | 1.0e-04 | 0.0173 | 0.9547 | 0.9577 | 0.9609 | 0.0198 | 0.9500 | 0.9340 | 0.9338
1616 | 02:57:55 |  12.8s | 1.0e-04 | 0.0169 | 0.9555 | 0.9581 | 0.9620 | 0.0212 | 0.9351 | 0.9514 | 0.9366
1617 | 02:58:19 |  12.8s | 1.0e-04 | 0.0173 | 0.9544 | 0.9579 | 0.9608 | 0.0204 | 0.9294 | 0.9525 | 0.9335
1618 | 02:58:43 |  11.9s | 1.0e-04 | 0.0171 | 0.9553 | 0.9574 | 0.9610 | 0.0203 | 0.9394 | 0.9455 | 0.9368
1619 | 02:59:08 |  12.2s | 1.0e-04 | 0.0169 | 0.9563 | 0.9577 | 0.9619 | 0.0210 | 0.9309 | 0.9490 | 0.9297
1620 | 02:59:34 |  12.2s | 1.0e-04 | 0.0173 | 0.9542 | 0.9570 | 0.9594 | 0.0201 | 0.9453 | 0.9433 | 0.9383
1621 | 02:59:58 |  20.2s | 1.0e-04 | 0.0175 | 0.9555 | 0.9574 | 0.9612 | 0.0206 | 0.9365 | 0.9458 | 0.9326
1622 | 03:00:29 |  12.4s | 1.0e-04 | 0.0170 | 0.9553 | 0.9599 | 0.9634 | 0.0197 | 0.9431 | 0.9433 | 0.9366
1623 | 03:00:53 |  12.4s | 1.0e-04 | 0.0175 | 0.9545 | 0.9566 | 0.9607 | 0.0211 | 0.9401 | 0.9467 | 0.9374
1624 | 03:01:16 |  21.8s | 1.0e-04 | 0.0168 | 0.9541 | 0.9586 | 0.9604 | 0.0207 | 0.9389 | 0.9528 | 0.9419
1625 | 03:01:49 |  12.6s | 1.0e-04 | 0.0167 | 0.9549 | 0.9582 | 0.9604 | 0.0200 | 0.9365 | 0.9455 | 0.9318
1626 | 03:02:15 |  12.9s | 1.0e-04 | 0.0159 | 0.9542 | 0.9576 | 0.9601 | 0.0192 | 0.9467 | 0.9421 | 0.9406
1627 | 03:02:40 |  12.5s | 1.0e-04 | 0.0167 | 0.9527 | 0.9562 | 0.9579 | 0.0195 | 0.9405 | 0.9496 | 0.9399
1628 | 03:03:07 |  12.6s | 1.0e-04 | 0.0167 | 0.9539 | 0.9547 | 0.9586 | 0.0207 | 0.9362 | 0.9469 | 0.9329
1629 | 03:03:33 |  12.8s | 1.0e-04 | 0.0162 | 0.9540 | 0.9571 | 0.9594 | 0.0185 | 0.9506 | 0.9470 | 0.9472
1630 | 03:03:58 |  12.7s | 1.0e-04 | 0.0166 | 0.9546 | 0.9551 | 0.9585 | 0.0197 | 0.9417 | 0.9422 | 0.9355
1631 | 03:04:23 |  12.5s | 1.0e-04 | 0.0164 | 0.9543 | 0.9561 | 0.9596 | 0.0214 | 0.9459 | 0.9382 | 0.9343
1632 | 03:04:49 |  12.7s | 1.0e-04 | 0.0156 | 0.9570 | 0.9567 | 0.9623 | 0.0211 | 0.9384 | 0.9437 | 0.9341
1633 | 03:05:15 |  12.7s | 1.0e-04 | 0.0168 | 0.9536 | 0.9556 | 0.9582 | 0.0206 | 0.9440 | 0.9429 | 0.9364
1634 | 03:05:39 |  13.1s | 1.0e-04 | 0.0164 | 0.9547 | 0.9565 | 0.9605 | 0.0203 | 0.9422 | 0.9433 | 0.9360
1635 | 03:06:04 |  13.2s | 1.0e-04 | 0.0164 | 0.9544 | 0.9556 | 0.9597 | 0.0200 | 0.9434 | 0.9478 | 0.9397
1636 | 03:06:28 |  12.8s | 1.0e-04 | 0.0168 | 0.9544 | 0.9547 | 0.9581 | 0.0210 | 0.9519 | 0.9352 | 0.9401
1637 | 03:06:53 |  13.0s | 1.0e-04 | 0.0169 | 0.9546 | 0.9542 | 0.9585 | 0.0200 | 0.9401 | 0.9485 | 0.9391
1638 | 03:07:19 |  12.6s | 1.0e-04 | 0.0167 | 0.9545 | 0.9558 | 0.9596 | 0.0201 | 0.9433 | 0.9411 | 0.9340
1639 | 03:07:45 |  13.0s | 1.0e-04 | 0.0168 | 0.9546 | 0.9532 | 0.9575 | 0.0205 | 0.9451 | 0.9400 | 0.9359
1640 | 03:08:10 |  13.0s | 1.0e-04 | 0.0164 | 0.9532 | 0.9555 | 0.9582 | 0.0208 | 0.9472 | 0.9362 | 0.9337
1641 | 03:08:34 |  12.9s | 1.0e-04 | 0.0164 | 0.9543 | 0.9564 | 0.9598 | 0.0204 | 0.9467 | 0.9405 | 0.9382
1642 | 03:08:58 |  22.5s | 1.0e-04 | 0.0160 | 0.9539 | 0.9563 | 0.9593 | 0.0204 | 0.9450 | 0.9387 | 0.9347
1643 | 03:09:32 |  13.3s | 1.0e-04 | 0.0155 | 0.9561 | 0.9571 | 0.9612 | 0.0205 | 0.9366 | 0.9509 | 0.9373
1644 | 03:09:57 |  13.0s | 1.0e-04 | 0.0159 | 0.9551 | 0.9567 | 0.9602 | 0.0209 | 0.9442 | 0.9472 | 0.9417
1645 | 03:10:21 |  22.0s | 1.0e-04 | 0.0161 | 0.9539 | 0.9559 | 0.9590 | 0.0206 | 0.9440 | 0.9403 | 0.9361
1646 | 03:10:54 |  22.9s | 1.0e-04 | 0.0159 | 0.9569 | 0.9575 | 0.9629 | 0.0203 | 0.9413 | 0.9522 | 0.9435
1647 | 03:11:28 |  12.4s | 1.0e-04 | 0.0169 | 0.9558 | 0.9591 | 0.9632 | 0.0197 | 0.9375 | 0.9545 | 0.9419
1648 | 03:11:52 |  12.6s | 1.0e-04 | 0.0168 | 0.9552 | 0.9572 | 0.9619 | 0.0211 | 0.9435 | 0.9415 | 0.9343
1649 | 03:12:16 |  12.2s | 1.0e-04 | 0.0161 | 0.9580 | 0.9607 | 0.9652 | 0.0205 | 0.9340 | 0.9450 | 0.9273
1650 | 03:12:41 |  12.1s | 1.0e-04 | 0.0165 | 0.9565 | 0.9589 | 0.9632 | 0.0210 | 0.9414 | 0.9425 | 0.9342
1651 | 03:13:05 |  12.4s | 1.0e-04 | 0.0160 | 0.9553 | 0.9593 | 0.9631 | 0.0197 | 0.9440 | 0.9501 | 0.9441
1652 | 03:13:28 |  12.7s | 1.0e-04 | 0.0160 | 0.9573 | 0.9604 | 0.9655 | 0.0207 | 0.9369 | 0.9585 | 0.9466
1653 | 03:13:53 |  12.5s | 1.0e-04 | 0.0166 | 0.9576 | 0.9572 | 0.9631 | 0.0203 | 0.9439 | 0.9377 | 0.9319
1654 | 03:14:18 |  12.5s | 1.0e-04 | 0.0166 | 0.9552 | 0.9586 | 0.9620 | 0.0203 | 0.9404 | 0.9468 | 0.9375
1655 | 03:14:43 |  12.6s | 1.0e-04 | 0.0166 | 0.9568 | 0.9579 | 0.9630 | 0.0200 | 0.9422 | 0.9506 | 0.9426
1656 | 03:15:06 |  12.5s | 1.0e-04 | 0.0167 | 0.9560 | 0.9575 | 0.9622 | 0.0205 | 0.9409 | 0.9488 | 0.9398
1657 | 03:15:30 |  12.4s | 1.0e-04 | 0.0165 | 0.9560 | 0.9599 | 0.9627 | 0.0200 | 0.9413 | 0.9474 | 0.9388
1658 | 03:15:55 |  12.6s | 1.0e-04 | 0.0165 | 0.9571 | 0.9583 | 0.9635 | 0.0214 | 0.9310 | 0.9481 | 0.9300
1659 | 03:16:21 |  12.1s | 1.0e-04 | 0.0161 | 0.9551 | 0.9585 | 0.9620 | 0.0202 | 0.9391 | 0.9505 | 0.9398
1660 | 03:16:46 |  12.6s | 1.0e-04 | 0.0169 | 0.9565 | 0.9566 | 0.9621 | 0.0204 | 0.9410 | 0.9406 | 0.9311
1661 | 03:17:10 |  12.6s | 1.0e-04 | 0.0163 | 0.9568 | 0.9606 | 0.9645 | 0.0200 | 0.9451 | 0.9437 | 0.9381
1662 | 03:17:33 |  12.3s | 1.0e-04 | 0.0166 | 0.9545 | 0.9589 | 0.9616 | 0.0203 | 0.9400 | 0.9466 | 0.9375
1663 | 03:17:57 |  22.3s | 1.0e-04 | 0.0170 | 0.9558 | 0.9584 | 0.9622 | 0.0204 | 0.9446 | 0.9391 | 0.9342
1664 | 03:18:31 |  12.4s | 1.0e-04 | 0.0166 | 0.9581 | 0.9597 | 0.9645 | 0.0213 | 0.9388 | 0.9462 | 0.9357
1665 | 03:18:56 |  12.7s | 1.0e-04 | 0.0167 | 0.9536 | 0.9592 | 0.9609 | 0.0209 | 0.9340 | 0.9490 | 0.9332
1666 | 03:19:23 |  21.3s | 1.0e-04 | 0.0174 | 0.9537 | 0.9571 | 0.9598 | 0.0196 | 0.9488 | 0.9411 | 0.9416
1667 | 03:19:57 |  22.0s | 1.0e-04 | 0.0174 | 0.9551 | 0.9554 | 0.9592 | 0.0207 | 0.9383 | 0.9501 | 0.9385
1668 | 03:20:30 |  12.3s | 1.0e-04 | 0.0167 | 0.9569 | 0.9603 | 0.9642 | 0.0214 | 0.9374 | 0.9471 | 0.9330
1669 | 03:20:56 |  11.9s | 1.0e-04 | 0.0169 | 0.9557 | 0.9591 | 0.9638 | 0.0197 | 0.9479 | 0.9471 | 0.9448
1670 | 03:21:19 |  12.0s | 1.0e-04 | 0.0174 | 0.9550 | 0.9596 | 0.9620 | 0.0191 | 0.9391 | 0.9478 | 0.9370
1671 | 03:21:42 |  12.1s | 1.0e-04 | 0.0174 | 0.9536 | 0.9588 | 0.9611 | 0.0193 | 0.9434 | 0.9494 | 0.9421
1672 | 03:22:05 |  12.1s | 1.0e-04 | 0.0173 | 0.9556 | 0.9596 | 0.9627 | 0.0209 | 0.9402 | 0.9431 | 0.9321
1673 | 03:22:29 |  12.1s | 1.0e-04 | 0.0167 | 0.9570 | 0.9605 | 0.9644 | 0.0208 | 0.9445 | 0.9385 | 0.9312
1674 | 03:22:53 |  12.5s | 1.0e-04 | 0.0172 | 0.9546 | 0.9579 | 0.9607 | 0.0210 | 0.9421 | 0.9436 | 0.9366
1675 | 03:23:17 |  12.2s | 1.0e-04 | 0.0174 | 0.9556 | 0.9582 | 0.9615 | 0.0199 | 0.9435 | 0.9460 | 0.9374
1676 | 03:23:40 |  12.4s | 1.0e-04 | 0.0170 | 0.9564 | 0.9589 | 0.9628 | 0.0205 | 0.9437 | 0.9470 | 0.9413
1677 | 03:24:04 |  12.5s | 1.0e-04 | 0.0174 | 0.9559 | 0.9585 | 0.9619 | 0.0200 | 0.9392 | 0.9470 | 0.9375
1678 | 03:24:30 |  12.0s | 1.0e-04 | 0.0174 | 0.9550 | 0.9572 | 0.9606 | 0.0200 | 0.9416 | 0.9475 | 0.9394
1679 | 03:24:57 |  12.6s | 1.0e-04 | 0.0171 | 0.9549 | 0.9582 | 0.9613 | 0.0203 | 0.9444 | 0.9437 | 0.9385
1680 | 03:25:21 |  12.1s | 1.0e-04 | 0.0174 | 0.9556 | 0.9579 | 0.9612 | 0.0202 | 0.9417 | 0.9450 | 0.9357
1681 | 03:25:44 |  12.2s | 1.0e-04 | 0.0171 | 0.9560 | 0.9584 | 0.9623 | 0.0201 | 0.9431 | 0.9439 | 0.9372
1682 | 03:26:08 |  11.9s | 1.0e-04 | 0.0174 | 0.9552 | 0.9577 | 0.9611 | 0.0202 | 0.9474 | 0.9449 | 0.9400
1683 | 03:26:34 |  11.9s | 1.0e-04 | 0.0172 | 0.9551 | 0.9606 | 0.9632 | 0.0208 | 0.9388 | 0.9463 | 0.9350
1684 | 03:26:58 |  21.2s | 1.0e-04 | 0.0173 | 0.9563 | 0.9601 | 0.9645 | 0.0205 | 0.9340 | 0.9524 | 0.9374
1685 | 03:27:32 |  12.1s | 1.0e-04 | 0.0172 | 0.9554 | 0.9600 | 0.9635 | 0.0203 | 0.9428 | 0.9396 | 0.9329
1686 | 03:27:56 |  12.5s | 1.0e-04 | 0.0169 | 0.9570 | 0.9606 | 0.9654 | 0.0205 | 0.9452 | 0.9418 | 0.9373
1687 | 03:28:20 |  21.2s | 1.0e-04 | 0.0168 | 0.9565 | 0.9612 | 0.9659 | 0.0205 | 0.9443 | 0.9427 | 0.9363
1688 | 03:28:52 |  22.2s | 1.0e-04 | 0.0172 | 0.9559 | 0.9592 | 0.9633 | 0.0203 | 0.9454 | 0.9372 | 0.9326
1689 | 03:29:25 |  12.2s | 1.0e-04 | 0.0172 | 0.9559 | 0.9597 | 0.9629 | 0.0203 | 0.9459 | 0.9370 | 0.9325
1690 | 03:29:49 |  12.8s | 1.0e-04 | 0.0175 | 0.9558 | 0.9583 | 0.9620 | 0.0202 | 0.9390 | 0.9394 | 0.9293
1691 | 03:30:13 |  12.2s | 1.0e-04 | 0.0178 | 0.9537 | 0.9570 | 0.9588 | 0.0212 | 0.9448 | 0.9403 | 0.9358
1692 | 03:30:38 |  12.3s | 1.0e-04 | 0.0171 | 0.9563 | 0.9592 | 0.9633 | 0.0202 | 0.9391 | 0.9484 | 0.9378
1693 | 03:31:04 |  12.1s | 1.0e-04 | 0.0172 | 0.9581 | 0.9582 | 0.9644 | 0.0204 | 0.9487 | 0.9414 | 0.9404
1694 | 03:31:27 |  12.6s | 1.0e-04 | 0.0170 | 0.9567 | 0.9593 | 0.9634 | 0.0199 | 0.9486 | 0.9411 | 0.9392
1695 | 03:31:51 |  12.3s | 1.0e-04 | 0.0169 | 0.9578 | 0.9588 | 0.9641 | 0.0203 | 0.9440 | 0.9484 | 0.9432
1696 | 03:32:15 |  12.2s | 1.0e-04 | 0.0169 | 0.9572 | 0.9596 | 0.9643 | 0.0198 | 0.9442 | 0.9493 | 0.9433
1697 | 03:32:40 |  12.3s | 1.0e-04 | 0.0169 | 0.9562 | 0.9601 | 0.9643 | 0.0202 | 0.9387 | 0.9467 | 0.9351
1698 | 03:33:05 |  12.3s | 1.0e-04 | 0.0168 | 0.9561 | 0.9602 | 0.9643 | 0.0207 | 0.9426 | 0.9431 | 0.9365
1699 | 03:33:29 |  12.5s | 1.0e-04 | 0.0174 | 0.9557 | 0.9590 | 0.9625 | 0.0203 | 0.9347 | 0.9473 | 0.9328
1700 | 03:33:53 |  12.6s | 1.0e-04 | 0.0174 | 0.9554 | 0.9597 | 0.9629 | 0.0204 | 0.9483 | 0.9363 | 0.9324
1701 | 03:34:16 |  12.1s | 1.0e-04 | 0.0170 | 0.9557 | 0.9589 | 0.9628 | 0.0213 | 0.9314 | 0.9486 | 0.9289
1702 | 03:34:42 |  12.4s | 1.0e-04 | 0.0174 | 0.9564 | 0.9585 | 0.9629 | 0.0198 | 0.9467 | 0.9479 | 0.9447
1703 | 03:35:08 |  12.5s | 1.0e-04 | 0.0170 | 0.9551 | 0.9596 | 0.9627 | 0.0201 | 0.9351 | 0.9520 | 0.9368
1704 | 03:35:33 |  12.7s | 1.0e-04 | 0.0169 | 0.9564 | 0.9607 | 0.9645 | 0.0200 | 0.9408 | 0.9475 | 0.9381
1705 | 03:35:58 |  21.9s | 1.0e-04 | 0.0165 | 0.9572 | 0.9613 | 0.9651 | 0.0199 | 0.9454 | 0.9410 | 0.9380
1706 | 03:36:31 |  12.3s | 1.0e-04 | 0.0166 | 0.9560 | 0.9597 | 0.9634 | 0.0203 | 0.9527 | 0.9369 | 0.9414
1707 | 03:36:57 |  12.2s | 1.0e-04 | 0.0165 | 0.9565 | 0.9600 | 0.9640 | 0.0203 | 0.9452 | 0.9403 | 0.9368
1708 | 03:37:23 |  22.5s | 1.0e-04 | 0.0162 | 0.9570 | 0.9596 | 0.9641 | 0.0207 | 0.9474 | 0.9347 | 0.9361
1709 | 03:37:58 |  22.3s | 1.0e-04 | 0.0161 | 0.9559 | 0.9593 | 0.9632 | 0.0206 | 0.9454 | 0.9384 | 0.9342
1710 | 03:38:32 |  12.3s | 1.0e-04 | 0.0157 | 0.9577 | 0.9590 | 0.9651 | 0.0198 | 0.9539 | 0.9363 | 0.9423
1711 | 03:38:57 |  12.2s | 1.0e-04 | 0.0160 | 0.9576 | 0.9574 | 0.9639 | 0.0215 | 0.9472 | 0.9355 | 0.9321
1712 | 03:39:23 |  12.1s | 1.0e-04 | 0.0163 | 0.9560 | 0.9576 | 0.9620 | 0.0195 | 0.9514 | 0.9453 | 0.9470
1713 | 03:39:47 |  12.5s | 1.0e-04 | 0.0159 | 0.9569 | 0.9599 | 0.9648 | 0.0203 | 0.9448 | 0.9384 | 0.9333
1714 | 03:40:10 |  12.9s | 1.0e-04 | 0.0160 | 0.9565 | 0.9597 | 0.9644 | 0.0202 | 0.9422 | 0.9441 | 0.9355
1715 | 03:40:34 |  12.3s | 1.0e-04 | 0.0161 | 0.9561 | 0.9590 | 0.9627 | 0.0199 | 0.9392 | 0.9505 | 0.9396
1716 | 03:40:58 |  12.1s | 1.0e-04 | 0.0161 | 0.9569 | 0.9596 | 0.9637 | 0.0197 | 0.9433 | 0.9445 | 0.9366
1717 | 03:41:25 |  12.5s | 1.0e-04 | 0.0162 | 0.9565 | 0.9601 | 0.9637 | 0.0201 | 0.9409 | 0.9435 | 0.9321
1718 | 03:41:51 |  12.2s | 1.0e-04 | 0.0158 | 0.9573 | 0.9596 | 0.9641 | 0.0199 | 0.9451 | 0.9439 | 0.9373
1719 | 03:42:15 |  12.1s | 1.0e-04 | 0.0162 | 0.9554 | 0.9589 | 0.9628 | 0.0211 | 0.9409 | 0.9439 | 0.9337
1720 | 03:42:38 |  12.5s | 1.0e-04 | 0.0157 | 0.9572 | 0.9608 | 0.9654 | 0.0201 | 0.9423 | 0.9493 | 0.9415
1721 | 03:43:02 |  12.2s | 1.0e-04 | 0.0157 | 0.9572 | 0.9607 | 0.9649 | 0.0201 | 0.9490 | 0.9386 | 0.9379
1722 | 03:43:26 |  12.4s | 1.0e-04 | 0.0159 | 0.9561 | 0.9598 | 0.9638 | 0.0198 | 0.9480 | 0.9448 | 0.9437
1723 | 03:43:52 |  12.4s | 1.0e-04 | 0.0161 | 0.9558 | 0.9592 | 0.9628 | 0.0195 | 0.9410 | 0.9459 | 0.9371
1724 | 03:44:16 |  12.4s | 1.0e-04 | 0.0162 | 0.9563 | 0.9582 | 0.9630 | 0.0201 | 0.9412 | 0.9469 | 0.9371
1725 | 03:44:40 |  12.5s | 1.0e-04 | 0.0165 | 0.9564 | 0.9583 | 0.9639 | 0.0203 | 0.9382 | 0.9527 | 0.9412
1726 | 03:45:04 |  12.3s | 1.0e-04 | 0.0157 | 0.9574 | 0.9590 | 0.9640 | 0.0207 | 0.9431 | 0.9448 | 0.9381
1727 | 03:45:27 |  12.4s | 1.0e-04 | 0.0155 | 0.9571 | 0.9588 | 0.9639 | 0.0212 | 0.9437 | 0.9455 | 0.9387
1728 | 03:45:53 |  20.9s | 1.0e-04 | 0.0157 | 0.9572 | 0.9587 | 0.9632 | 0.0214 | 0.9437 | 0.9392 | 0.9315
1729 | 03:46:27 |  12.2s | 1.0e-04 | 0.0162 | 0.9575 | 0.9573 | 0.9629 | 0.0205 | 0.9372 | 0.9498 | 0.9372
1730 | 03:46:50 |  23.7s | 1.0e-04 | 0.0169 | 0.9566 | 0.9579 | 0.9618 | 0.0210 | 0.9428 | 0.9418 | 0.9354
1731 | 03:47:26 |  12.9s | 1.0e-04 | 0.0176 | 0.9553 | 0.9571 | 0.9612 | 0.0201 | 0.9411 | 0.9473 | 0.9369
1732 | 03:47:50 |  12.8s | 1.0e-04 | 0.0171 | 0.9551 | 0.9583 | 0.9619 | 0.0210 | 0.9439 | 0.9401 | 0.9361
1733 | 03:48:14 |  12.7s | 1.0e-04 | 0.0170 | 0.9553 | 0.9586 | 0.9619 | 0.0207 | 0.9407 | 0.9424 | 0.9310
1734 | 03:48:38 |  12.5s | 1.0e-04 | 0.0173 | 0.9549 | 0.9583 | 0.9618 | 0.0208 | 0.9384 | 0.9463 | 0.9354
1735 | 03:49:04 |  12.7s | 1.0e-04 | 0.0174 | 0.9544 | 0.9602 | 0.9623 | 0.0199 | 0.9445 | 0.9392 | 0.9322
1736 | 03:49:30 |  12.6s | 1.0e-04 | 0.0173 | 0.9563 | 0.9564 | 0.9612 | 0.0208 | 0.9424 | 0.9468 | 0.9390
1737 | 03:49:54 |  12.6s | 1.0e-04 | 0.0177 | 0.9533 | 0.9578 | 0.9589 | 0.0201 | 0.9416 | 0.9483 | 0.9394
1738 | 03:50:18 |  12.9s | 1.0e-04 | 0.0174 | 0.9543 | 0.9576 | 0.9598 | 0.0207 | 0.9376 | 0.9509 | 0.9387
1739 | 03:50:42 |  12.8s | 1.0e-04 | 0.0169 | 0.9567 | 0.9598 | 0.9639 | 0.0202 | 0.9444 | 0.9452 | 0.9391
1740 | 03:51:07 |  12.4s | 1.0e-04 | 0.0169 | 0.9556 | 0.9586 | 0.9619 | 0.0191 | 0.9449 | 0.9496 | 0.9441
1741 | 03:51:33 |  12.7s | 1.0e-04 | 0.0173 | 0.9546 | 0.9590 | 0.9609 | 0.0205 | 0.9467 | 0.9421 | 0.9400
1742 | 03:51:58 |  12.6s | 1.0e-04 | 0.0174 | 0.9545 | 0.9581 | 0.9607 | 0.0196 | 0.9452 | 0.9451 | 0.9400
1743 | 03:52:22 |  12.8s | 1.0e-04 | 0.0171 | 0.9562 | 0.9611 | 0.9635 | 0.0197 | 0.9479 | 0.9433 | 0.9432
1744 | 03:52:46 |  12.5s | 1.0e-04 | 0.0170 | 0.9558 | 0.9572 | 0.9616 | 0.0199 | 0.9347 | 0.9555 | 0.9395
1745 | 03:53:10 |  12.6s | 1.0e-04 | 0.0172 | 0.9553 | 0.9582 | 0.9618 | 0.0199 | 0.9435 | 0.9493 | 0.9430
1746 | 03:53:36 |  20.8s | 1.0e-04 | 0.0174 | 0.9554 | 0.9572 | 0.9615 | 0.0203 | 0.9359 | 0.9494 | 0.9351
1747 | 03:54:08 |  12.8s | 1.0e-04 | 0.0179 | 0.9545 | 0.9587 | 0.9617 | 0.0205 | 0.9435 | 0.9405 | 0.9353
1748 | 03:54:33 |  12.4s | 1.0e-04 | 0.0178 | 0.9547 | 0.9563 | 0.9599 | 0.0195 | 0.9452 | 0.9443 | 0.9400
1749 | 03:54:59 |  22.2s | 1.0e-04 | 0.0170 | 0.9569 | 0.9593 | 0.9643 | 0.0193 | 0.9485 | 0.9439 | 0.9424
1750 | 03:55:34 |  12.6s | 1.0e-04 | 0.0167 | 0.9576 | 0.9586 | 0.9642 | 0.0213 | 0.9489 | 0.9345 | 0.9337
1751 | 03:56:02 |  12.0s | 1.0e-04 | 0.0171 | 0.9556 | 0.9584 | 0.9614 | 0.0193 | 0.9416 | 0.9465 | 0.9394
1752 | 03:56:25 |  12.4s | 1.0e-04 | 0.0168 | 0.9563 | 0.9587 | 0.9628 | 0.0203 | 0.9348 | 0.9478 | 0.9332
1753 | 03:56:50 |  12.4s | 1.0e-04 | 0.0164 | 0.9575 | 0.9603 | 0.9646 | 0.0198 | 0.9373 | 0.9510 | 0.9383
1754 | 03:57:17 |  11.9s | 1.0e-04 | 0.0167 | 0.9562 | 0.9618 | 0.9648 | 0.0209 | 0.9421 | 0.9422 | 0.9332
1755 | 03:57:41 |  12.3s | 1.0e-04 | 0.0168 | 0.9572 | 0.9610 | 0.9653 | 0.0211 | 0.9456 | 0.9402 | 0.9372
1756 | 03:58:04 |  12.3s | 1.0e-04 | 0.0165 | 0.9582 | 0.9598 | 0.9658 | 0.0199 | 0.9438 | 0.9448 | 0.9384
1757 | 03:58:28 |  12.3s | 1.0e-04 | 0.0166 | 0.9577 | 0.9595 | 0.9650 | 0.0200 | 0.9447 | 0.9458 | 0.9393
1758 | 03:58:52 |  11.9s | 1.0e-04 | 0.0166 | 0.9572 | 0.9604 | 0.9653 | 0.0212 | 0.9434 | 0.9384 | 0.9304
1759 | 03:59:18 |  12.0s | 1.0e-04 | 0.0166 | 0.9573 | 0.9588 | 0.9638 | 0.0213 | 0.9358 | 0.9401 | 0.9263
1760 | 03:59:43 |  12.1s | 1.0e-04 | 0.0169 | 0.9566 | 0.9571 | 0.9626 | 0.0205 | 0.9458 | 0.9459 | 0.9412
1761 | 04:00:07 |  12.4s | 1.0e-04 | 0.0166 | 0.9567 | 0.9591 | 0.9643 | 0.0197 | 0.9465 | 0.9446 | 0.9407
1762 | 04:00:30 |  12.6s | 1.0e-04 | 0.0167 | 0.9575 | 0.9597 | 0.9652 | 0.0199 | 0.9455 | 0.9460 | 0.9418
1763 | 04:00:54 |  12.2s | 1.0e-04 | 0.0168 | 0.9571 | 0.9589 | 0.9638 | 0.0206 | 0.9405 | 0.9498 | 0.9405
1764 | 04:01:19 |  12.1s | 1.0e-04 | 0.0168 | 0.9559 | 0.9609 | 0.9644 | 0.0195 | 0.9418 | 0.9528 | 0.9448
1765 | 04:01:44 |  11.8s | 1.0e-04 | 0.0169 | 0.9569 | 0.9583 | 0.9635 | 0.0212 | 0.9376 | 0.9454 | 0.9332
1766 | 04:02:07 |  12.6s | 1.0e-04 | 0.0165 | 0.9563 | 0.9602 | 0.9643 | 0.0205 | 0.9403 | 0.9448 | 0.9337
1767 | 04:02:31 |  22.2s | 1.0e-04 | 0.0160 | 0.9582 | 0.9584 | 0.9650 | 0.0205 | 0.9442 | 0.9447 | 0.9393
1768 | 04:03:04 |  12.5s | 1.0e-04 | 0.0166 | 0.9562 | 0.9583 | 0.9624 | 0.0206 | 0.9417 | 0.9452 | 0.9369
1769 | 04:03:28 |  12.3s | 1.0e-04 | 0.0166 | 0.9561 | 0.9597 | 0.9633 | 0.0199 | 0.9502 | 0.9380 | 0.9402
1770 | 04:03:51 |  21.2s | 1.0e-04 | 0.0168 | 0.9567 | 0.9570 | 0.9624 | 0.0201 | 0.9439 | 0.9479 | 0.9422
1771 | 04:04:24 |  22.6s | 1.0e-04 | 0.0165 | 0.9565 | 0.9596 | 0.9634 | 0.0199 | 0.9446 | 0.9426 | 0.9379
1772 | 04:04:57 |  12.8s | 1.0e-04 | 0.0166 | 0.9531 | 0.9585 | 0.9601 | 0.0211 | 0.9457 | 0.9385 | 0.9336
1773 | 04:05:21 |  12.6s | 1.0e-04 | 0.0165 | 0.9537 | 0.9583 | 0.9605 | 0.0203 | 0.9281 | 0.9556 | 0.9342
1774 | 04:05:46 |  12.2s | 1.0e-04 | 0.0162 | 0.9559 | 0.9609 | 0.9636 | 0.0202 | 0.9336 | 0.9511 | 0.9345
1775 | 04:06:13 |  12.4s | 1.0e-04 | 0.0169 | 0.9549 | 0.9569 | 0.9605 | 0.0203 | 0.9482 | 0.9377 | 0.9335
1776 | 04:06:37 |  12.6s | 1.0e-04 | 0.0158 | 0.9576 | 0.9575 | 0.9633 | 0.0191 | 0.9426 | 0.9483 | 0.9416
1777 | 04:07:00 |  12.6s | 1.0e-04 | 0.0160 | 0.9560 | 0.9581 | 0.9632 | 0.0205 | 0.9391 | 0.9447 | 0.9348
1778 | 04:07:26 |  12.2s | 1.0e-04 | 0.0161 | 0.9565 | 0.9591 | 0.9638 | 0.0203 | 0.9448 | 0.9409 | 0.9357
1779 | 04:07:49 |  12.5s | 1.0e-04 | 0.0166 | 0.9551 | 0.9557 | 0.9600 | 0.0201 | 0.9434 | 0.9473 | 0.9400
1780 | 04:08:13 |  13.3s | 1.0e-04 | 0.0161 | 0.9563 | 0.9589 | 0.9631 | 0.0204 | 0.9384 | 0.9510 | 0.9394
1781 | 04:08:37 |  12.5s | 1.0e-04 | 0.0169 | 0.9533 | 0.9572 | 0.9586 | 0.0203 | 0.9422 | 0.9473 | 0.9390
1782 | 04:09:01 |  12.6s | 1.0e-04 | 0.0164 | 0.9559 | 0.9590 | 0.9628 | 0.0193 | 0.9442 | 0.9464 | 0.9412
1783 | 04:09:27 |  12.4s | 1.0e-04 | 0.0162 | 0.9559 | 0.9584 | 0.9626 | 0.0210 | 0.9490 | 0.9341 | 0.9334
1784 | 04:09:51 |  12.7s | 1.0e-04 | 0.0168 | 0.9563 | 0.9567 | 0.9613 | 0.0195 | 0.9444 | 0.9437 | 0.9379
1785 | 04:10:14 |  12.7s | 1.0e-04 | 0.0162 | 0.9567 | 0.9584 | 0.9631 | 0.0193 | 0.9466 | 0.9396 | 0.9355
1786 | 04:10:39 |  12.7s | 1.0e-04 | 0.0167 | 0.9557 | 0.9578 | 0.9617 | 0.0205 | 0.9358 | 0.9535 | 0.9407
1787 | 04:11:03 |  12.3s | 1.0e-04 | 0.0164 | 0.9553 | 0.9559 | 0.9604 | 0.0200 | 0.9494 | 0.9382 | 0.9387
1788 | 04:11:29 |  22.3s | 1.0e-04 | 0.0163 | 0.9562 | 0.9572 | 0.9625 | 0.0193 | 0.9433 | 0.9470 | 0.9403
1789 | 04:12:03 |  12.6s | 1.0e-04 | 0.0163 | 0.9552 | 0.9576 | 0.9608 | 0.0190 | 0.9495 | 0.9404 | 0.9394
1790 | 04:12:30 |  12.5s | 1.0e-04 | 0.0166 | 0.9560 | 0.9572 | 0.9621 | 0.0199 | 0.9433 | 0.9485 | 0.9414
1791 | 04:12:53 |  22.0s | 1.0e-04 | 0.0164 | 0.9560 | 0.9578 | 0.9624 | 0.0204 | 0.9367 | 0.9512 | 0.9384
1792 | 04:13:29 |  21.4s | 1.0e-04 | 0.0161 | 0.9560 | 0.9573 | 0.9623 | 0.0201 | 0.9485 | 0.9447 | 0.9438
1793 | 04:14:04 |  12.7s | 1.0e-04 | 0.0153 | 0.9576 | 0.9591 | 0.9648 | 0.0200 | 0.9402 | 0.9486 | 0.9385
1794 | 04:14:29 |  12.5s | 1.0e-04 | 0.0161 | 0.9559 | 0.9580 | 0.9630 | 0.0201 | 0.9425 | 0.9445 | 0.9375
1795 | 04:14:52 |  12.8s | 1.0e-04 | 0.0162 | 0.9579 | 0.9577 | 0.9635 | 0.0205 | 0.9495 | 0.9404 | 0.9382
1796 | 04:15:16 |  12.5s | 1.0e-04 | 0.0162 | 0.9569 | 0.9580 | 0.9628 | 0.0206 | 0.9420 | 0.9496 | 0.9417
1797 | 04:15:40 |  12.7s | 1.0e-04 | 0.0156 | 0.9569 | 0.9590 | 0.9628 | 0.0194 | 0.9410 | 0.9491 | 0.9401
1798 | 04:16:06 |  12.4s | 1.0e-04 | 0.0158 | 0.9587 | 0.9586 | 0.9661 | 0.0196 | 0.9446 | 0.9481 | 0.9423
1799 | 04:16:32 |  13.1s | 1.0e-04 | 0.0164 | 0.9563 | 0.9561 | 0.9614 | 0.0203 | 0.9439 | 0.9426 | 0.9384
1800 | 04:16:56 |  12.6s | 1.0e-04 | 0.0156 | 0.9574 | 0.9586 | 0.9647 | 0.0198 | 0.9492 | 0.9437 | 0.9430
1801 | 04:17:20 |  12.6s | 1.0e-04 | 0.0158 | 0.9570 | 0.9595 | 0.9643 | 0.0202 | 0.9369 | 0.9460 | 0.9329
1802 | 04:17:44 |  12.6s | 1.0e-04 | 0.0156 | 0.9566 | 0.9597 | 0.9641 | 0.0204 | 0.9560 | 0.9334 | 0.9421
1803 | 04:18:09 |  12.6s | 1.0e-04 | 0.0156 | 0.9574 | 0.9605 | 0.9658 | 0.0209 | 0.9428 | 0.9441 | 0.9372
1804 | 04:18:33 |  12.9s | 1.0e-04 | 0.0155 | 0.9572 | 0.9596 | 0.9641 | 0.0196 | 0.9411 | 0.9471 | 0.9381
1805 | 04:18:57 |  12.8s | 1.0e-04 | 0.0156 | 0.9580 | 0.9596 | 0.9656 | 0.0207 | 0.9366 | 0.9493 | 0.9350
1806 | 04:19:22 |  12.5s | 1.0e-04 | 0.0157 | 0.9571 | 0.9608 | 0.9651 | 0.0206 | 0.9413 | 0.9463 | 0.9383
1807 | 04:19:48 |  12.2s | 1.0e-04 | 0.0159 | 0.9564 | 0.9595 | 0.9644 | 0.0206 | 0.9386 | 0.9462 | 0.9351
1808 | 04:20:13 |  12.8s | 1.0e-04 | 0.0158 | 0.9581 | 0.9602 | 0.9661 | 0.0197 | 0.9504 | 0.9398 | 0.9430
1809 | 04:20:37 |  21.4s | 1.0e-04 | 0.0158 | 0.9577 | 0.9588 | 0.9642 | 0.0210 | 0.9383 | 0.9415 | 0.9310
1810 | 04:21:10 |  12.3s | 1.0e-04 | 0.0160 | 0.9575 | 0.9611 | 0.9662 | 0.0194 | 0.9391 | 0.9457 | 0.9339
1811 | 04:21:34 |  12.7s | 1.0e-04 | 0.0160 | 0.9593 | 0.9606 | 0.9666 | 0.0205 | 0.9530 | 0.9327 | 0.9404
1812 | 04:21:57 |  22.4s | 1.0e-04 | 0.0162 | 0.9585 | 0.9597 | 0.9657 | 0.0207 | 0.9356 | 0.9476 | 0.9328
1813 | 04:22:31 |  22.5s | 1.0e-04 | 0.0165 | 0.9569 | 0.9581 | 0.9643 | 0.0197 | 0.9402 | 0.9508 | 0.9414
1814 | 04:23:04 |  12.2s | 1.0e-04 | 0.0166 | 0.9564 | 0.9592 | 0.9632 | 0.0187 | 0.9426 | 0.9494 | 0.9421
1815 | 04:23:28 |  12.3s | 1.0e-04 | 0.0164 | 0.9559 | 0.9582 | 0.9625 | 0.0210 | 0.9360 | 0.9463 | 0.9310
1816 | 04:23:51 |  12.2s | 1.0e-04 | 0.0173 | 0.9537 | 0.9568 | 0.9589 | 0.0209 | 0.9315 | 0.9504 | 0.9315
1817 | 04:24:17 |  12.0s | 1.0e-04 | 0.0166 | 0.9566 | 0.9585 | 0.9626 | 0.0199 | 0.9481 | 0.9331 | 0.9303
1818 | 04:24:41 |  12.3s | 1.0e-04 | 0.0166 | 0.9579 | 0.9589 | 0.9646 | 0.0196 | 0.9462 | 0.9409 | 0.9382
1819 | 04:25:05 |  12.8s | 1.0e-04 | 0.0167 | 0.9560 | 0.9585 | 0.9627 | 0.0190 | 0.9482 | 0.9413 | 0.9399
1820 | 04:25:29 |  12.4s | 1.0e-04 | 0.0167 | 0.9551 | 0.9578 | 0.9608 | 0.0202 | 0.9448 | 0.9425 | 0.9373
1821 | 04:25:53 |  11.9s | 1.0e-04 | 0.0163 | 0.9579 | 0.9591 | 0.9648 | 0.0205 | 0.9485 | 0.9380 | 0.9356
1822 | 04:26:18 |  12.4s | 1.0e-04 | 0.0160 | 0.9571 | 0.9600 | 0.9652 | 0.0207 | 0.9365 | 0.9434 | 0.9295
1823 | 04:26:43 |  12.1s | 1.0e-04 | 0.0170 | 0.9552 | 0.9585 | 0.9621 | 0.0200 | 0.9390 | 0.9444 | 0.9331
1824 | 04:27:06 |  12.5s | 1.0e-04 | 0.0168 | 0.9553 | 0.9580 | 0.9626 | 0.0207 | 0.9397 | 0.9473 | 0.9382
1825 | 04:27:30 |  12.4s | 1.0e-04 | 0.0169 | 0.9559 | 0.9579 | 0.9624 | 0.0190 | 0.9415 | 0.9483 | 0.9403
1826 | 04:27:54 |  12.0s | 1.0e-04 | 0.0167 | 0.9544 | 0.9586 | 0.9614 | 0.0195 | 0.9368 | 0.9473 | 0.9328
1827 | 04:28:20 |  12.2s | 1.0e-04 | 0.0172 | 0.9570 | 0.9585 | 0.9639 | 0.0204 | 0.9360 | 0.9521 | 0.9382
1828 | 04:28:46 |  12.6s | 1.0e-04 | 0.0170 | 0.9559 | 0.9576 | 0.9616 | 0.0203 | 0.9449 | 0.9438 | 0.9399
1829 | 04:29:10 |  12.2s | 1.0e-04 | 0.0168 | 0.9555 | 0.9588 | 0.9617 | 0.0198 | 0.9424 | 0.9481 | 0.9415
1830 | 04:29:33 |  21.6s | 1.0e-04 | 0.0173 | 0.9536 | 0.9592 | 0.9616 | 0.0205 | 0.9384 | 0.9454 | 0.9334
1831 | 04:30:06 |  12.6s | 1.0e-04 | 0.0167 | 0.9578 | 0.9576 | 0.9637 | 0.0196 | 0.9404 | 0.9444 | 0.9348
1832 | 04:30:30 |  12.3s | 1.0e-04 | 0.0170 | 0.9559 | 0.9598 | 0.9632 | 0.0203 | 0.9481 | 0.9438 | 0.9441
1833 | 04:30:54 |  22.3s | 1.0e-04 | 0.0172 | 0.9549 | 0.9575 | 0.9612 | 0.0191 | 0.9410 | 0.9470 | 0.9380
1834 | 04:31:28 |  22.9s | 1.0e-04 | 0.0180 | 0.9538 | 0.9582 | 0.9597 | 0.0203 | 0.9484 | 0.9373 | 0.9361
1835 | 04:32:03 |  12.2s | 1.0e-04 | 0.0174 | 0.9558 | 0.9607 | 0.9644 | 0.0209 | 0.9440 | 0.9439 | 0.9380
1836 | 04:32:26 |  12.1s | 1.0e-04 | 0.0181 | 0.9543 | 0.9587 | 0.9603 | 0.0202 | 0.9409 | 0.9416 | 0.9320
1837 | 04:32:50 |  12.6s | 1.0e-04 | 0.0176 | 0.9555 | 0.9602 | 0.9635 | 0.0200 | 0.9386 | 0.9483 | 0.9366
1838 | 04:33:17 |  12.0s | 1.0e-04 | 0.0178 | 0.9549 | 0.9589 | 0.9621 | 0.0204 | 0.9439 | 0.9387 | 0.9308
1839 | 04:33:41 |  12.2s | 1.0e-04 | 0.0176 | 0.9557 | 0.9601 | 0.9635 | 0.0195 | 0.9433 | 0.9451 | 0.9391
1840 | 04:34:05 |  12.7s | 1.0e-04 | 0.0180 | 0.9556 | 0.9596 | 0.9630 | 0.0201 | 0.9438 | 0.9419 | 0.9347
1841 | 04:34:29 |  12.3s | 1.0e-04 | 0.0178 | 0.9554 | 0.9600 | 0.9630 | 0.0201 | 0.9462 | 0.9435 | 0.9401
1842 | 04:34:52 |  12.1s | 1.0e-04 | 0.0179 | 0.9549 | 0.9597 | 0.9625 | 0.0199 | 0.9389 | 0.9525 | 0.9413
1843 | 04:35:18 |  11.9s | 1.0e-04 | 0.0175 | 0.9567 | 0.9604 | 0.9647 | 0.0197 | 0.9529 | 0.9417 | 0.9455
1844 | 04:35:43 |  12.2s | 1.0e-04 | 0.0181 | 0.9537 | 0.9587 | 0.9608 | 0.0203 | 0.9478 | 0.9415 | 0.9397
1845 | 04:36:06 |  12.2s | 1.0e-04 | 0.0174 | 0.9570 | 0.9586 | 0.9639 | 0.0206 | 0.9440 | 0.9349 | 0.9307
1846 | 04:36:29 |  12.4s | 1.0e-04 | 0.0173 | 0.9575 | 0.9585 | 0.9646 | 0.0202 | 0.9487 | 0.9404 | 0.9390
1847 | 04:36:53 |  11.9s | 1.0e-04 | 0.0176 | 0.9564 | 0.9572 | 0.9627 | 0.0205 | 0.9384 | 0.9501 | 0.9384
1848 | 04:37:18 |  12.1s | 1.0e-04 | 0.0173 | 0.9581 | 0.9596 | 0.9648 | 0.0203 | 0.9386 | 0.9501 | 0.9386
1849 | 04:37:43 |  12.2s | 1.0e-04 | 0.0174 | 0.9565 | 0.9601 | 0.9641 | 0.0204 | 0.9405 | 0.9484 | 0.9386
1850 | 04:38:07 |  12.2s | 1.0e-04 | 0.0177 | 0.9567 | 0.9585 | 0.9640 | 0.0199 | 0.9491 | 0.9419 | 0.9411
1851 | 04:38:30 |  12.3s | 1.0e-04 | 0.0173 | 0.9558 | 0.9577 | 0.9617 | 0.0216 | 0.9473 | 0.9396 | 0.9386
1852 | 04:38:54 |  12.4s | 1.0e-04 | 0.0170 | 0.9549 | 0.9585 | 0.9616 | 0.0200 | 0.9447 | 0.9458 | 0.9410
1853 | 04:39:19 |  21.5s | 1.0e-04 | 0.0168 | 0.9581 | 0.9593 | 0.9653 | 0.0203 | 0.9391 | 0.9463 | 0.9364
1854 | 04:39:54 |  12.5s | 1.0e-04 | 0.0164 | 0.9562 | 0.9601 | 0.9632 | 0.0207 | 0.9467 | 0.9378 | 0.9342
1855 | 04:40:18 |  23.3s | 1.0e-04 | 0.0165 | 0.9537 | 0.9576 | 0.9601 | 0.0205 | 0.9377 | 0.9479 | 0.9344
1856 | 04:40:55 |  12.2s | 1.0e-04 | 0.0159 | 0.9579 | 0.9609 | 0.9658 | 0.0201 | 0.9481 | 0.9376 | 0.9359
1857 | 04:41:19 |  12.7s | 1.0e-04 | 0.0164 | 0.9564 | 0.9562 | 0.9617 | 0.0208 | 0.9443 | 0.9403 | 0.9353
1858 | 04:41:44 |  12.8s | 1.0e-04 | 0.0162 | 0.9566 | 0.9591 | 0.9633 | 0.0199 | 0.9457 | 0.9438 | 0.9394
1859 | 04:42:08 |  12.8s | 1.0e-04 | 0.0158 | 0.9561 | 0.9585 | 0.9635 | 0.0213 | 0.9501 | 0.9343 | 0.9365
1860 | 04:42:31 |  12.7s | 1.0e-04 | 0.0162 | 0.9564 | 0.9586 | 0.9633 | 0.0208 | 0.9439 | 0.9407 | 0.9334
1861 | 04:42:57 |  12.5s | 1.0e-04 | 0.0164 | 0.9544 | 0.9577 | 0.9606 | 0.0209 | 0.9441 | 0.9384 | 0.9330
1862 | 04:43:20 |  12.5s | 1.0e-04 | 0.0163 | 0.9555 | 0.9579 | 0.9623 | 0.0218 | 0.9426 | 0.9417 | 0.9344
1863 | 04:43:44 |  12.8s | 1.0e-04 | 0.0159 | 0.9577 | 0.9607 | 0.9658 | 0.0202 | 0.9432 | 0.9343 | 0.9269
1864 | 04:44:08 |  12.5s | 1.0e-04 | 0.0166 | 0.9562 | 0.9570 | 0.9616 | 0.0205 | 0.9447 | 0.9394 | 0.9340
1865 | 04:44:32 |  12.6s | 1.0e-04 | 0.0163 | 0.9565 | 0.9561 | 0.9613 | 0.0204 | 0.9394 | 0.9429 | 0.9321
1866 | 04:44:57 |  12.2s | 1.0e-04 | 0.0162 | 0.9555 | 0.9591 | 0.9626 | 0.0206 | 0.9391 | 0.9446 | 0.9332
1867 | 04:45:23 |  12.3s | 1.0e-04 | 0.0161 | 0.9560 | 0.9577 | 0.9623 | 0.0197 | 0.9382 | 0.9518 | 0.9397
1868 | 04:45:48 |  12.5s | 1.0e-04 | 0.0165 | 0.9550 | 0.9579 | 0.9609 | 0.0200 | 0.9377 | 0.9450 | 0.9318
1869 | 04:46:12 |  12.5s | 1.0e-04 | 0.0160 | 0.9573 | 0.9591 | 0.9639 | 0.0200 | 0.9409 | 0.9437 | 0.9342
1870 | 04:46:35 |  12.8s | 1.0e-04 | 0.0162 | 0.9570 | 0.9596 | 0.9643 | 0.0201 | 0.9414 | 0.9507 | 0.9421
1871 | 04:46:59 |  22.5s | 1.0e-04 | 0.0167 | 0.9560 | 0.9587 | 0.9626 | 0.0199 | 0.9372 | 0.9552 | 0.9416
1872 | 04:47:33 |  13.3s | 1.0e-04 | 0.0172 | 0.9532 | 0.9588 | 0.9600 | 0.0197 | 0.9465 | 0.9375 | 0.9375
1873 | 04:47:57 |  12.5s | 1.0e-04 | 0.0167 | 0.9562 | 0.9593 | 0.9632 | 0.0203 | 0.9437 | 0.9426 | 0.9365
1874 | 04:48:22 |  21.6s | 1.0e-04 | 0.0166 | 0.9571 | 0.9598 | 0.9639 | 0.0204 | 0.9411 | 0.9445 | 0.9355
1875 | 04:48:54 |  12.2s | 1.0e-04 | 0.0174 | 0.9541 | 0.9573 | 0.9601 | 0.0190 | 0.9433 | 0.9471 | 0.9403
1876 | 04:49:20 |  12.6s | 1.0e-04 | 0.0167 | 0.9568 | 0.9604 | 0.9648 | 0.0197 | 0.9435 | 0.9483 | 0.9424
1877 | 04:49:45 |  12.4s | 1.0e-04 | 0.0173 | 0.9573 | 0.9606 | 0.9650 | 0.0212 | 0.9399 | 0.9434 | 0.9327
1878 | 04:50:09 |  12.3s | 1.0e-04 | 0.0169 | 0.9575 | 0.9597 | 0.9648 | 0.0197 | 0.9509 | 0.9392 | 0.9407
1879 | 04:50:33 |  12.5s | 1.0e-04 | 0.0173 | 0.9578 | 0.9588 | 0.9644 | 0.0198 | 0.9427 | 0.9475 | 0.9410
1880 | 04:50:58 |  12.8s | 1.0e-04 | 0.0169 | 0.9569 | 0.9600 | 0.9648 | 0.0203 | 0.9437 | 0.9427 | 0.9368
1881 | 04:51:24 |  12.3s | 1.0e-04 | 0.0167 | 0.9571 | 0.9605 | 0.9646 | 0.0208 | 0.9499 | 0.9354 | 0.9327
1882 | 04:51:48 |  12.4s | 1.0e-04 | 0.0168 | 0.9585 | 0.9616 | 0.9664 | 0.0204 | 0.9424 | 0.9442 | 0.9377
1883 | 04:52:11 |  12.7s | 1.0e-04 | 0.0168 | 0.9581 | 0.9596 | 0.9652 | 0.0192 | 0.9425 | 0.9494 | 0.9415
1884 | 04:52:35 |  12.6s | 1.0e-04 | 0.0170 | 0.9579 | 0.9596 | 0.9642 | 0.0204 | 0.9359 | 0.9507 | 0.9368
1885 | 04:53:00 |  12.2s | 1.0e-04 | 0.0174 | 0.9558 | 0.9608 | 0.9635 | 0.0202 | 0.9434 | 0.9395 | 0.9295
1886 | 04:53:26 |  12.5s | 1.0e-04 | 0.0170 | 0.9558 | 0.9614 | 0.9636 | 0.0199 | 0.9461 | 0.9468 | 0.9439
1887 | 04:53:50 |  12.5s | 1.0e-04 | 0.0171 | 0.9564 | 0.9588 | 0.9639 | 0.0211 | 0.9450 | 0.9368 | 0.9303
1888 | 04:54:14 |  12.8s | 1.0e-04 | 0.0170 | 0.9571 | 0.9611 | 0.9655 | 0.0194 | 0.9518 | 0.9399 | 0.9417
1889 | 04:54:38 |  12.7s | 1.0e-04 | 0.0169 | 0.9555 | 0.9599 | 0.9620 | 0.0199 | 0.9384 | 0.9505 | 0.9386
1890 | 04:55:02 |  12.6s | 1.0e-04 | 0.0169 | 0.9563 | 0.9602 | 0.9640 | 0.0214 | 0.9413 | 0.9397 | 0.9298
1891 | 04:55:27 |  12.3s | 1.0e-04 | 0.0170 | 0.9563 | 0.9599 | 0.9642 | 0.0207 | 0.9469 | 0.9379 | 0.9373
1892 | 04:55:53 |  21.5s | 1.0e-04 | 0.0167 | 0.9586 | 0.9600 | 0.9658 | 0.0198 | 0.9389 | 0.9511 | 0.9405
1893 | 04:56:28 |  12.1s | 1.0e-04 | 0.0163 | 0.9576 | 0.9597 | 0.9644 | 0.0196 | 0.9459 | 0.9376 | 0.9346
1894 | 04:56:53 |  12.3s | 1.0e-04 | 0.0170 | 0.9549 | 0.9590 | 0.9611 | 0.0204 | 0.9379 | 0.9477 | 0.9367
1895 | 04:57:17 |  20.5s | 1.0e-04 | 0.0169 | 0.9542 | 0.9577 | 0.9607 | 0.0202 | 0.9456 | 0.9438 | 0.9411
1896 | 04:57:49 |  22.4s | 1.0e-04 | 0.0165 | 0.9557 | 0.9579 | 0.9619 | 0.0202 | 0.9397 | 0.9454 | 0.9350
1897 | 04:58:25 |  12.0s | 1.0e-04 | 0.0171 | 0.9541 | 0.9582 | 0.9602 | 0.0197 | 0.9345 | 0.9505 | 0.9352
1898 | 04:58:49 |  12.2s | 1.0e-04 | 0.0179 | 0.9513 | 0.9562 | 0.9562 | 0.0194 | 0.9448 | 0.9482 | 0.9441
1899 | 04:59:12 |  12.4s | 1.0e-04 | 0.0176 | 0.9529 | 0.9573 | 0.9583 | 0.0208 | 0.9362 | 0.9504 | 0.9366
1900 | 04:59:36 |  12.4s | 1.0e-04 | 0.0175 | 0.9532 | 0.9572 | 0.9588 | 0.0211 | 0.9305 | 0.9549 | 0.9361
1901 | 05:00:00 |  12.3s | 1.0e-04 | 0.0175 | 0.9530 | 0.9570 | 0.9591 | 0.0207 | 0.9336 | 0.9456 | 0.9299
1902 | 05:00:23 |  12.2s | 1.0e-04 | 0.0175 | 0.9540 | 0.9556 | 0.9585 | 0.0195 | 0.9417 | 0.9496 | 0.9412
1903 | 05:00:47 |  12.1s | 1.0e-04 | 0.0172 | 0.9539 | 0.9577 | 0.9595 | 0.0205 | 0.9436 | 0.9428 | 0.9330
1904 | 05:01:11 |  11.8s | 1.0e-04 | 0.0176 | 0.9545 | 0.9560 | 0.9595 | 0.0196 | 0.9448 | 0.9477 | 0.9428
1905 | 05:01:33 |  12.3s | 1.0e-04 | 0.0174 | 0.9548 | 0.9577 | 0.9604 | 0.0201 | 0.9397 | 0.9443 | 0.9342
1906 | 05:01:57 |  12.3s | 1.0e-04 | 0.0179 | 0.9541 | 0.9577 | 0.9604 | 0.0207 | 0.9345 | 0.9490 | 0.9337
1907 | 05:02:20 |  12.3s | 1.0e-04 | 0.0172 | 0.9533 | 0.9554 | 0.9580 | 0.0200 | 0.9390 | 0.9448 | 0.9357
1908 | 05:02:44 |  12.2s | 1.0e-04 | 0.0173 | 0.9544 | 0.9572 | 0.9608 | 0.0200 | 0.9425 | 0.9393 | 0.9320
1909 | 05:03:09 |  11.7s | 1.0e-04 | 0.0176 | 0.9530 | 0.9569 | 0.9582 | 0.0198 | 0.9499 | 0.9369 | 0.9358
1910 | 05:03:34 |  12.1s | 1.0e-04 | 0.0177 | 0.9527 | 0.9559 | 0.9573 | 0.0209 | 0.9464 | 0.9404 | 0.9378
1911 | 05:03:57 |  12.1s | 1.0e-04 | 0.0169 | 0.9557 | 0.9572 | 0.9616 | 0.0193 | 0.9438 | 0.9451 | 0.9396
1912 | 05:04:20 |  12.3s | 1.0e-04 | 0.0168 | 0.9545 | 0.9582 | 0.9624 | 0.0199 | 0.9329 | 0.9525 | 0.9356
1913 | 05:04:44 |  21.4s | 1.0e-04 | 0.0177 | 0.9535 | 0.9574 | 0.9600 | 0.0196 | 0.9434 | 0.9441 | 0.9368
1914 | 05:05:16 |  12.4s | 1.0e-04 | 0.0176 | 0.9551 | 0.9561 | 0.9605 | 0.0209 | 0.9401 | 0.9473 | 0.9371
1915 | 05:05:40 |  12.1s | 1.0e-04 | 0.0177 | 0.9549 | 0.9569 | 0.9610 | 0.0195 | 0.9354 | 0.9528 | 0.9390
1916 | 05:06:04 |  21.9s | 1.0e-04 | 0.0184 | 0.9528 | 0.9575 | 0.9587 | 0.0211 | 0.9420 | 0.9476 | 0.9402
1917 | 05:06:38 |  24.2s | 1.0e-04 | 0.0172 | 0.9568 | 0.9573 | 0.9624 | 0.0201 | 0.9432 | 0.9462 | 0.9399
1918 | 05:07:13 |  12.5s | 1.0e-04 | 0.0169 | 0.9569 | 0.9593 | 0.9636 | 0.0202 | 0.9438 | 0.9490 | 0.9429
1919 | 05:07:36 |  12.2s | 1.0e-04 | 0.0170 | 0.9551 | 0.9581 | 0.9610 | 0.0207 | 0.9393 | 0.9422 | 0.9330
1920 | 05:08:01 |  12.2s | 1.0e-04 | 0.0167 | 0.9562 | 0.9591 | 0.9629 | 0.0207 | 0.9423 | 0.9417 | 0.9362
1921 | 05:08:26 |  12.1s | 1.0e-04 | 0.0172 | 0.9541 | 0.9559 | 0.9593 | 0.0210 | 0.9340 | 0.9520 | 0.9357
1922 | 05:08:50 |  12.5s | 1.0e-04 | 0.0168 | 0.9551 | 0.9576 | 0.9615 | 0.0203 | 0.9454 | 0.9432 | 0.9386
1923 | 05:09:13 |  12.3s | 1.0e-04 | 0.0167 | 0.9561 | 0.9581 | 0.9621 | 0.0200 | 0.9434 | 0.9468 | 0.9396
1924 | 05:09:36 |  12.1s | 1.0e-04 | 0.0165 | 0.9564 | 0.9592 | 0.9634 | 0.0194 | 0.9443 | 0.9430 | 0.9363
1925 | 05:10:01 |  12.0s | 1.0e-04 | 0.0162 | 0.9569 | 0.9603 | 0.9649 | 0.0189 | 0.9417 | 0.9478 | 0.9391
1926 | 05:10:26 |  12.3s | 1.0e-04 | 0.0166 | 0.9548 | 0.9577 | 0.9608 | 0.0199 | 0.9446 | 0.9477 | 0.9425
1927 | 05:10:52 |  12.4s | 1.0e-04 | 0.0170 | 0.9562 | 0.9580 | 0.9619 | 0.0203 | 0.9426 | 0.9446 | 0.9379
1928 | 05:11:17 |  12.3s | 1.0e-04 | 0.0166 | 0.9566 | 0.9592 | 0.9640 | 0.0202 | 0.9439 | 0.9464 | 0.9387
1929 | 05:11:43 |  12.2s | 1.0e-04 | 0.0168 | 0.9553 | 0.9567 | 0.9606 | 0.0203 | 0.9386 | 0.9509 | 0.9396
1930 | 05:12:07 |  12.7s | 1.0e-04 | 0.0166 | 0.9562 | 0.9582 | 0.9631 | 0.0203 | 0.9456 | 0.9410 | 0.9376
1931 | 05:12:30 |  12.4s | 1.0e-04 | 0.0167 | 0.9568 | 0.9596 | 0.9638 | 0.0201 | 0.9391 | 0.9454 | 0.9342
1932 | 05:12:54 |  12.4s | 1.0e-04 | 0.0168 | 0.9563 | 0.9575 | 0.9622 | 0.0210 | 0.9410 | 0.9404 | 0.9319
1933 | 05:13:19 |  12.4s | 1.0e-04 | 0.0166 | 0.9560 | 0.9590 | 0.9627 | 0.0202 | 0.9371 | 0.9481 | 0.9357
1934 | 05:13:45 |  20.4s | 1.0e-04 | 0.0165 | 0.9559 | 0.9590 | 0.9635 | 0.0209 | 0.9295 | 0.9541 | 0.9334
1935 | 05:14:19 |  12.5s | 1.0e-04 | 0.0167 | 0.9553 | 0.9586 | 0.9620 | 0.0190 | 0.9501 | 0.9490 | 0.9495
1936 | 05:14:45 |  12.2s | 1.0e-04 | 0.0170 | 0.9566 | 0.9582 | 0.9623 | 0.0196 | 0.9445 | 0.9421 | 0.9387
1937 | 05:15:08 |  22.4s | 1.0e-04 | 0.0172 | 0.9543 | 0.9583 | 0.9602 | 0.0199 | 0.9440 | 0.9455 | 0.9401
1938 | 05:15:44 |  22.2s | 1.0e-04 | 0.0180 | 0.9529 | 0.9579 | 0.9586 | 0.0200 | 0.9466 | 0.9450 | 0.9415
1939 | 05:16:20 |  12.0s | 1.0e-04 | 0.0181 | 0.9532 | 0.9580 | 0.9595 | 0.0193 | 0.9394 | 0.9501 | 0.9398
1940 | 05:16:45 |  12.1s | 1.0e-04 | 0.0184 | 0.9540 | 0.9586 | 0.9610 | 0.0204 | 0.9373 | 0.9461 | 0.9331
1941 | 05:17:09 |  12.2s | 1.0e-04 | 0.0181 | 0.9538 | 0.9566 | 0.9592 | 0.0194 | 0.9450 | 0.9453 | 0.9406
1942 | 05:17:32 |  12.3s | 1.0e-04 | 0.0177 | 0.9543 | 0.9588 | 0.9612 | 0.0190 | 0.9494 | 0.9445 | 0.9435
1943 | 05:17:56 |  11.9s | 1.0e-04 | 0.0183 | 0.9524 | 0.9568 | 0.9579 | 0.0199 | 0.9403 | 0.9453 | 0.9354
1944 | 05:18:22 |  12.2s | 1.0e-04 | 0.0182 | 0.9549 | 0.9569 | 0.9602 | 0.0207 | 0.9420 | 0.9512 | 0.9434
1945 | 05:18:46 |  12.0s | 1.0e-04 | 0.0179 | 0.9537 | 0.9580 | 0.9602 | 0.0201 | 0.9351 | 0.9567 | 0.9421
1946 | 05:19:10 |  12.4s | 1.0e-04 | 0.0180 | 0.9542 | 0.9569 | 0.9589 | 0.0205 | 0.9376 | 0.9466 | 0.9334
1947 | 05:19:34 |  12.4s | 1.0e-04 | 0.0181 | 0.9535 | 0.9569 | 0.9599 | 0.0206 | 0.9405 | 0.9436 | 0.9333
1948 | 05:19:58 |  12.1s | 1.0e-04 | 0.0188 | 0.9551 | 0.9567 | 0.9599 | 0.0207 | 0.9465 | 0.9392 | 0.9357
1949 | 05:20:23 |  12.4s | 1.0e-04 | 0.0179 | 0.9556 | 0.9587 | 0.9620 | 0.0214 | 0.9430 | 0.9421 | 0.9347
1950 | 05:20:49 |  12.1s | 1.0e-04 | 0.0181 | 0.9542 | 0.9567 | 0.9595 | 0.0209 | 0.9485 | 0.9464 | 0.9456
1951 | 05:21:12 |  12.4s | 1.0e-04 | 0.0175 | 0.9563 | 0.9581 | 0.9622 | 0.0187 | 0.9470 | 0.9470 | 0.9441
1952 | 05:21:39 |  11.9s | 1.0e-04 | 0.0181 | 0.9536 | 0.9560 | 0.9584 | 0.0206 | 0.9431 | 0.9473 | 0.9411
1953 | 05:22:04 |  12.3s | 1.0e-04 | 0.0175 | 0.9552 | 0.9565 | 0.9604 | 0.0192 | 0.9496 | 0.9469 | 0.9471
1954 | 05:22:28 |  12.6s | 1.0e-04 | 0.0177 | 0.9541 | 0.9581 | 0.9607 | 0.0193 | 0.9413 | 0.9514 | 0.9421
1955 | 05:22:52 |  21.9s | 1.0e-04 | 0.0170 | 0.9551 | 0.9588 | 0.9621 | 0.0209 | 0.9442 | 0.9444 | 0.9391
1956 | 05:23:25 |  12.4s | 1.0e-04 | 0.0176 | 0.9558 | 0.9564 | 0.9608 | 0.0194 | 0.9445 | 0.9484 | 0.9434
1957 | 05:23:49 |  12.4s | 1.0e-04 | 0.0174 | 0.9543 | 0.9585 | 0.9607 | 0.0194 | 0.9418 | 0.9454 | 0.9363
1958 | 05:24:13 |  22.4s | 1.0e-04 | 0.0168 | 0.9564 | 0.9601 | 0.9633 | 0.0197 | 0.9463 | 0.9476 | 0.9442
1959 | 05:24:46 |  22.6s | 1.0e-04 | 0.0168 | 0.9577 | 0.9619 | 0.9652 | 0.0198 | 0.9435 | 0.9378 | 0.9309
1960 | 05:25:20 |  13.0s | 1.0e-04 | 0.0172 | 0.9578 | 0.9613 | 0.9663 | 0.0195 | 0.9470 | 0.9397 | 0.9386
1961 | 05:25:44 |  13.1s | 1.0e-04 | 0.0166 | 0.9569 | 0.9623 | 0.9657 | 0.0208 | 0.9394 | 0.9434 | 0.9339
1962 | 05:26:08 |  12.6s | 1.0e-04 | 0.0171 | 0.9571 | 0.9628 | 0.9665 | 0.0198 | 0.9414 | 0.9460 | 0.9365
1963 | 05:26:33 |  12.5s | 1.0e-04 | 0.0170 | 0.9571 | 0.9609 | 0.9654 | 0.0217 | 0.9410 | 0.9452 | 0.9354
1964 | 05:26:59 |  12.6s | 1.0e-04 | 0.0164 | 0.9576 | 0.9623 | 0.9660 | 0.0200 | 0.9448 | 0.9440 | 0.9403
1965 | 05:27:24 |  12.6s | 1.0e-04 | 0.0166 | 0.9555 | 0.9610 | 0.9637 | 0.0203 | 0.9358 | 0.9502 | 0.9359
1966 | 05:27:49 |  12.6s | 1.0e-04 | 0.0167 | 0.9569 | 0.9622 | 0.9656 | 0.0190 | 0.9383 | 0.9515 | 0.9405
1967 | 05:28:13 |  12.7s | 1.0e-04 | 0.0164 | 0.9588 | 0.9609 | 0.9668 | 0.0202 | 0.9391 | 0.9458 | 0.9350
1968 | 05:28:37 |  12.5s | 1.0e-04 | 0.0163 | 0.9590 | 0.9604 | 0.9670 | 0.0209 | 0.9448 | 0.9432 | 0.9394
1969 | 05:29:01 |  12.5s | 1.0e-04 | 0.0164 | 0.9582 | 0.9600 | 0.9655 | 0.0198 | 0.9395 | 0.9511 | 0.9404
1970 | 05:29:28 |  12.6s | 1.0e-04 | 0.0168 | 0.9569 | 0.9598 | 0.9649 | 0.0199 | 0.9511 | 0.9381 | 0.9406
1971 | 05:29:53 |  12.6s | 1.0e-04 | 0.0163 | 0.9590 | 0.9623 | 0.9675 | 0.0200 | 0.9473 | 0.9442 | 0.9426
1972 | 05:30:17 |  12.9s | 1.0e-04 | 0.0166 | 0.9591 | 0.9618 | 0.9680 | 0.0198 | 0.9441 | 0.9437 | 0.9392
1973 | 05:30:41 |  12.9s | 1.0e-04 | 0.0169 | 0.9583 | 0.9594 | 0.9647 | 0.0195 | 0.9392 | 0.9548 | 0.9431
1974 | 05:31:05 |  12.6s | 1.0e-04 | 0.0171 | 0.9576 | 0.9615 | 0.9656 | 0.0200 | 0.9391 | 0.9452 | 0.9334
1975 | 05:31:31 |  12.5s | 1.0e-04 | 0.0168 | 0.9598 | 0.9623 | 0.9677 | 0.0200 | 0.9376 | 0.9512 | 0.9388
1976 | 05:32:00 |  12.9s | 1.0e-04 | 0.0166 | 0.9566 | 0.9589 | 0.9636 | 0.0189 | 0.9430 | 0.9521 | 0.9466
1977 | 05:32:25 |  12.9s | 1.0e-04 | 0.0167 | 0.9575 | 0.9602 | 0.9651 | 0.0197 | 0.9394 | 0.9487 | 0.9378
1978 | 05:32:49 |  22.0s | 1.0e-04 | 0.0168 | 0.9564 | 0.9573 | 0.9624 | 0.0192 | 0.9486 | 0.9386 | 0.9379
1979 | 05:33:23 |  12.6s | 1.0e-04 | 0.0167 | 0.9574 | 0.9576 | 0.9635 | 0.0192 | 0.9502 | 0.9436 | 0.9446
1980 | 05:33:48 |  22.7s | 1.0e-04 | 0.0163 | 0.9564 | 0.9599 | 0.9633 | 0.0208 | 0.9391 | 0.9426 | 0.9320
1981 | 05:34:23 |  12.7s | 1.0e-04 | 0.0164 | 0.9571 | 0.9579 | 0.9629 | 0.0197 | 0.9456 | 0.9490 | 0.9451
1982 | 05:34:47 |  12.6s | 1.0e-04 | 0.0169 | 0.9549 | 0.9574 | 0.9611 | 0.0209 | 0.9429 | 0.9389 | 0.9330
1983 | 05:35:11 |  12.9s | 1.0e-04 | 0.0167 | 0.9558 | 0.9594 | 0.9627 | 0.0205 | 0.9456 | 0.9344 | 0.9302
1984 | 05:35:35 |  12.7s | 1.0e-04 | 0.0164 | 0.9568 | 0.9601 | 0.9640 | 0.0208 | 0.9349 | 0.9450 | 0.9284
1985 | 05:36:00 |  12.4s | 1.0e-04 | 0.0159 | 0.9577 | 0.9606 | 0.9649 | 0.0199 | 0.9446 | 0.9503 | 0.9449
1986 | 05:36:27 |  12.6s | 1.0e-04 | 0.0160 | 0.9558 | 0.9609 | 0.9636 | 0.0195 | 0.9405 | 0.9492 | 0.9396
1987 | 05:36:52 |  12.7s | 1.0e-04 | 0.0159 | 0.9551 | 0.9603 | 0.9634 | 0.0190 | 0.9487 | 0.9457 | 0.9442
1988 | 05:37:17 |  12.7s | 1.0e-04 | 0.0160 | 0.9569 | 0.9595 | 0.9641 | 0.0189 | 0.9528 | 0.9432 | 0.9464
1989 | 05:37:41 |  12.9s | 1.0e-04 | 0.0163 | 0.9571 | 0.9588 | 0.9638 | 0.0214 | 0.9364 | 0.9418 | 0.9285
1990 | 05:38:06 |  12.9s | 1.0e-04 | 0.0164 | 0.9561 | 0.9592 | 0.9629 | 0.0202 | 0.9441 | 0.9434 | 0.9382
1991 | 05:38:30 |  12.8s | 1.0e-04 | 0.0165 | 0.9547 | 0.9570 | 0.9608 | 0.0199 | 0.9448 | 0.9425 | 0.9376
1992 | 05:38:55 |  12.7s | 1.0e-04 | 0.0163 | 0.9564 | 0.9585 | 0.9631 | 0.0197 | 0.9423 | 0.9501 | 0.9425
1993 | 05:39:22 |  12.3s | 1.0e-04 | 0.0160 | 0.9566 | 0.9592 | 0.9633 | 0.0197 | 0.9486 | 0.9431 | 0.9414
1994 | 05:39:45 |  12.7s | 1.0e-04 | 0.0166 | 0.9566 | 0.9592 | 0.9635 | 0.0196 | 0.9453 | 0.9492 | 0.9448
1995 | 05:40:09 |  13.0s | 1.0e-04 | 0.0161 | 0.9560 | 0.9587 | 0.9623 | 0.0217 | 0.9433 | 0.9455 | 0.9390
1996 | 05:40:33 |  22.2s | 1.0e-04 | 0.0163 | 0.9554 | 0.9596 | 0.9633 | 0.0196 | 0.9473 | 0.9427 | 0.9405
1997 | 05:41:07 |  12.6s | 1.0e-04 | 0.0162 | 0.9569 | 0.9609 | 0.9655 | 0.0195 | 0.9457 | 0.9444 | 0.9403
1998 | 05:41:31 |  12.9s | 1.0e-04 | 0.0169 | 0.9550 | 0.9609 | 0.9628 | 0.0193 | 0.9516 | 0.9380 | 0.9417
1999 | 05:41:55 |  23.1s | 1.0e-04 | 0.0166 | 0.9574 | 0.9596 | 0.9642 | 0.0206 | 0.9378 | 0.9531 | 0.9416
2000 | 05:42:31 |  12.3s | 1.0e-04 | 0.0168 | 0.9573 | 0.9604 | 0.9646 | 0.0191 | 0.9460 | 0.9497 | 0.9455
2001 | 05:42:58 |  12.3s | 1.0e-04 | 0.0173 | 0.9560 | 0.9611 | 0.9638 | 0.0199 | 0.9390 | 0.9505 | 0.9395
2002 | 05:43:22 |  12.4s | 1.0e-04 | 0.0173 | 0.9568 | 0.9628 | 0.9667 | 0.0188 | 0.9448 | 0.9526 | 0.9467
2003 | 05:43:45 |  12.8s | 1.0e-04 | 0.0172 | 0.9580 | 0.9605 | 0.9664 | 0.0198 | 0.9384 | 0.9459 | 0.9330
2004 | 05:44:10 |  12.6s | 1.0e-04 | 0.0175 | 0.9559 | 0.9594 | 0.9629 | 0.0199 | 0.9411 | 0.9484 | 0.9392
2005 | 05:44:34 |  12.4s | 1.0e-04 | 0.0172 | 0.9566 | 0.9598 | 0.9639 | 0.0206 | 0.9489 | 0.9391 | 0.9372
2006 | 05:44:59 |  12.6s | 1.0e-04 | 0.0171 | 0.9564 | 0.9597 | 0.9650 | 0.0207 | 0.9407 | 0.9456 | 0.9350
2007 | 05:45:25 |  12.5s | 1.0e-04 | 0.0171 | 0.9568 | 0.9594 | 0.9644 | 0.0201 | 0.9447 | 0.9424 | 0.9368
2008 | 05:45:49 |  12.7s | 1.0e-04 | 0.0173 | 0.9576 | 0.9594 | 0.9643 | 0.0209 | 0.9437 | 0.9445 | 0.9382
2009 | 05:46:14 |  12.6s | 1.0e-04 | 0.0178 | 0.9559 | 0.9585 | 0.9637 | 0.0203 | 0.9506 | 0.9420 | 0.9438
2010 | 05:46:37 |  12.7s | 1.0e-04 | 0.0169 | 0.9590 | 0.9592 | 0.9655 | 0.0206 | 0.9430 | 0.9496 | 0.9431
2011 | 05:47:02 |  12.5s | 1.0e-04 | 0.0178 | 0.9547 | 0.9590 | 0.9619 | 0.0203 | 0.9374 | 0.9508 | 0.9378
2012 | 05:47:28 |  12.3s | 1.0e-04 | 0.0167 | 0.9559 | 0.9602 | 0.9635 | 0.0194 | 0.9413 | 0.9495 | 0.9406
2013 | 05:47:53 |  12.4s | 1.0e-04 | 0.0173 | 0.9566 | 0.9605 | 0.9649 | 0.0199 | 0.9450 | 0.9405 | 0.9379
2014 | 05:48:17 |  12.8s | 1.0e-04 | 0.0175 | 0.9570 | 0.9600 | 0.9645 | 0.0189 | 0.9462 | 0.9465 | 0.9430
2015 | 05:48:41 |  12.8s | 1.0e-04 | 0.0177 | 0.9562 | 0.9577 | 0.9620 | 0.0199 | 0.9427 | 0.9466 | 0.9383
2016 | 05:49:05 |  12.5s | 1.0e-04 | 0.0171 | 0.9576 | 0.9619 | 0.9668 | 0.0201 | 0.9436 | 0.9439 | 0.9388
2017 | 05:49:30 |  21.8s | 1.0e-04 | 0.0170 | 0.9556 | 0.9583 | 0.9627 | 0.0203 | 0.9404 | 0.9458 | 0.9367
2018 | 05:50:03 |  12.6s | 1.0e-04 | 0.0170 | 0.9571 | 0.9590 | 0.9642 | 0.0202 | 0.9406 | 0.9490 | 0.9399
2019 | 05:50:28 |  12.0s | 1.0e-04 | 0.0167 | 0.9569 | 0.9598 | 0.9646 | 0.0201 | 0.9453 | 0.9416 | 0.9361
2020 | 05:50:53 |  21.1s | 1.0e-04 | 0.0171 | 0.9556 | 0.9570 | 0.9604 | 0.0210 | 0.9422 | 0.9537 | 0.9463
2021 | 05:51:29 |  22.0s | 1.0e-04 | 0.0169 | 0.9571 | 0.9591 | 0.9646 | 0.0203 | 0.9423 | 0.9480 | 0.9415
2022 | 05:52:03 |  12.4s | 1.0e-04 | 0.0166 | 0.9568 | 0.9570 | 0.9624 | 0.0202 | 0.9407 | 0.9519 | 0.9438
2023 | 05:52:29 |  12.0s | 1.0e-04 | 0.0160 | 0.9568 | 0.9585 | 0.9634 | 0.0205 | 0.9328 | 0.9532 | 0.9357
2024 | 05:52:55 |  12.2s | 1.0e-04 | 0.0162 | 0.9568 | 0.9569 | 0.9630 | 0.0195 | 0.9378 | 0.9548 | 0.9420
2025 | 05:53:20 |  12.0s | 1.0e-04 | 0.0162 | 0.9571 | 0.9581 | 0.9639 | 0.0207 | 0.9399 | 0.9487 | 0.9391
2026 | 05:53:45 |  12.0s | 1.0e-04 | 0.0163 | 0.9558 | 0.9590 | 0.9633 | 0.0210 | 0.9420 | 0.9385 | 0.9276
2027 | 05:54:10 |  12.2s | 1.0e-04 | 0.0165 | 0.9574 | 0.9593 | 0.9656 | 0.0194 | 0.9407 | 0.9443 | 0.9358
2028 | 05:54:34 |  12.6s | 1.0e-04 | 0.0166 | 0.9561 | 0.9574 | 0.9628 | 0.0194 | 0.9454 | 0.9378 | 0.9332
2029 | 05:54:58 |  12.7s | 1.0e-04 | 0.0165 | 0.9563 | 0.9580 | 0.9621 | 0.0192 | 0.9474 | 0.9484 | 0.9453
2030 | 05:55:22 |  12.7s | 1.0e-04 | 0.0160 | 0.9568 | 0.9590 | 0.9639 | 0.0198 | 0.9475 | 0.9407 | 0.9393
2031 | 05:55:47 |  11.9s | 1.0e-04 | 0.0163 | 0.9577 | 0.9587 | 0.9639 | 0.0196 | 0.9406 | 0.9485 | 0.9393
2032 | 05:56:13 |  12.2s | 1.0e-04 | 0.0169 | 0.9574 | 0.9576 | 0.9632 | 0.0194 | 0.9436 | 0.9437 | 0.9365
2033 | 05:56:37 |  12.3s | 1.0e-04 | 0.0165 | 0.9563 | 0.9570 | 0.9624 | 0.0199 | 0.9521 | 0.9377 | 0.9427
2034 | 05:57:01 |  12.6s | 1.0e-04 | 0.0164 | 0.9583 | 0.9577 | 0.9648 | 0.0201 | 0.9444 | 0.9438 | 0.9384
2035 | 05:57:24 |  12.2s | 1.0e-04 | 0.0161 | 0.9582 | 0.9587 | 0.9649 | 0.0204 | 0.9415 | 0.9401 | 0.9314
2036 | 05:57:49 |  12.1s | 1.0e-04 | 0.0162 | 0.9581 | 0.9605 | 0.9663 | 0.0195 | 0.9487 | 0.9385 | 0.9379
2037 | 05:58:15 |  12.1s | 1.0e-04 | 0.0157 | 0.9582 | 0.9604 | 0.9660 | 0.0201 | 0.9357 | 0.9499 | 0.9354
2038 | 05:58:39 |  21.0s | 1.0e-04 | 0.0160 | 0.9579 | 0.9616 | 0.9654 | 0.0189 | 0.9425 | 0.9464 | 0.9391
2039 | 05:59:14 |  12.3s | 1.0e-04 | 0.0163 | 0.9575 | 0.9602 | 0.9656 | 0.0201 | 0.9447 | 0.9505 | 0.9450
2040 | 05:59:38 |  12.4s | 1.0e-04 | 0.0163 | 0.9572 | 0.9607 | 0.9649 | 0.0203 | 0.9452 | 0.9454 | 0.9418
2041 | 06:00:01 |  22.5s | 1.0e-04 | 0.0160 | 0.9588 | 0.9599 | 0.9660 | 0.0204 | 0.9299 | 0.9548 | 0.9341
2042 | 06:00:35 |  22.5s | 1.0e-04 | 0.0159 | 0.9576 | 0.9621 | 0.9654 | 0.0200 | 0.9476 | 0.9376 | 0.9353
2043 | 06:01:11 |  12.3s | 1.0e-04 | 0.0160 | 0.9591 | 0.9623 | 0.9685 | 0.0214 | 0.9356 | 0.9479 | 0.9327
2044 | 06:01:35 |  12.7s | 1.0e-04 | 0.0158 | 0.9576 | 0.9625 | 0.9670 | 0.0195 | 0.9506 | 0.9403 | 0.9435
2045 | 06:01:59 |  12.9s | 1.0e-04 | 0.0158 | 0.9592 | 0.9617 | 0.9681 | 0.0209 | 0.9428 | 0.9406 | 0.9328
2046 | 06:02:23 |  12.4s | 1.0e-04 | 0.0157 | 0.9603 | 0.9625 | 0.9688 | 0.0216 | 0.9397 | 0.9394 | 0.9314
2047 | 06:02:47 |  12.3s | 1.0e-04 | 0.0159 | 0.9582 | 0.9619 | 0.9665 | 0.0213 | 0.9488 | 0.9389 | 0.9377
2048 | 06:03:13 |  12.8s | 1.0e-04 | 0.0163 | 0.9577 | 0.9608 | 0.9658 | 0.0190 | 0.9532 | 0.9436 | 0.9466
2049 | 06:03:39 |  12.4s | 1.0e-04 | 0.0159 | 0.9584 | 0.9615 | 0.9672 | 0.0202 | 0.9459 | 0.9429 | 0.9388
2050 | 06:04:03 |  12.2s | 1.0e-04 | 0.0161 | 0.9596 | 0.9597 | 0.9668 | 0.0200 | 0.9443 | 0.9490 | 0.9433
2051 | 06:04:28 |  12.0s | 1.0e-04 | 0.0154 | 0.9587 | 0.9608 | 0.9673 | 0.0207 | 0.9510 | 0.9414 | 0.9435
2052 | 06:04:53 |  12.4s | 1.0e-04 | 0.0156 | 0.9594 | 0.9622 | 0.9682 | 0.0216 | 0.9489 | 0.9339 | 0.9326
2053 | 06:05:16 |  12.6s | 1.0e-04 | 0.0160 | 0.9591 | 0.9614 | 0.9675 | 0.0208 | 0.9403 | 0.9421 | 0.9330
2054 | 06:05:40 |  12.2s | 1.0e-04 | 0.0157 | 0.9590 | 0.9624 | 0.9689 | 0.0215 | 0.9403 | 0.9502 | 0.9405
2055 | 06:06:04 |  12.1s | 1.0e-04 | 0.0158 | 0.9586 | 0.9629 | 0.9676 | 0.0195 | 0.9501 | 0.9438 | 0.9444
2056 | 06:06:29 |  12.1s | 1.0e-04 | 0.0156 | 0.9590 | 0.9618 | 0.9687 | 0.0198 | 0.9405 | 0.9465 | 0.9369
2057 | 06:06:54 |  12.8s | 1.0e-04 | 0.0160 | 0.9572 | 0.9609 | 0.9661 | 0.0204 | 0.9418 | 0.9452 | 0.9352
2058 | 06:07:18 |  12.6s | 1.0e-04 | 0.0161 | 0.9578 | 0.9626 | 0.9665 | 0.0200 | 0.9426 | 0.9444 | 0.9382
2059 | 06:07:42 |  22.2s | 1.0e-04 | 0.0164 | 0.9579 | 0.9609 | 0.9656 | 0.0199 | 0.9359 | 0.9497 | 0.9358
2060 | 06:08:16 |  12.7s | 1.0e-04 | 0.0173 | 0.9560 | 0.9618 | 0.9647 | 0.0185 | 0.9494 | 0.9476 | 0.9459
2061 | 06:08:40 |  12.6s | 1.0e-04 | 0.0162 | 0.9577 | 0.9608 | 0.9668 | 0.0190 | 0.9500 | 0.9371 | 0.9393
2062 | 06:09:03 |  21.7s | 1.0e-04 | 0.0165 | 0.9579 | 0.9615 | 0.9668 | 0.0202 | 0.9461 | 0.9406 | 0.9387
2063 | 06:09:36 |  22.5s | 1.0e-04 | 0.0172 | 0.9553 | 0.9587 | 0.9623 | 0.0194 | 0.9461 | 0.9437 | 0.9399
2064 | 06:10:10 |  12.7s | 1.0e-04 | 0.0165 | 0.9581 | 0.9619 | 0.9663 | 0.0199 | 0.9473 | 0.9479 | 0.9456
2065 | 06:10:34 |  12.6s | 1.0e-04 | 0.0174 | 0.9559 | 0.9586 | 0.9619 | 0.0208 | 0.9392 | 0.9381 | 0.9289
2066 | 06:10:58 |  12.5s | 1.0e-04 | 0.0169 | 0.9573 | 0.9579 | 0.9639 | 0.0200 | 0.9467 | 0.9480 | 0.9455
2067 | 06:11:24 |  12.1s | 1.0e-04 | 0.0168 | 0.9563 | 0.9598 | 0.9638 | 0.0199 | 0.9450 | 0.9494 | 0.9444
2068 | 06:11:49 |  12.4s | 1.0e-04 | 0.0165 | 0.9577 | 0.9596 | 0.9654 | 0.0190 | 0.9453 | 0.9482 | 0.9433
2069 | 06:12:13 |  12.6s | 1.0e-04 | 0.0171 | 0.9544 | 0.9588 | 0.9607 | 0.0204 | 0.9432 | 0.9404 | 0.9308
2070 | 06:12:37 |  12.5s | 1.0e-04 | 0.0164 | 0.9574 | 0.9602 | 0.9648 | 0.0191 | 0.9517 | 0.9444 | 0.9472
2071 | 06:13:00 |  12.2s | 1.0e-04 | 0.0166 | 0.9567 | 0.9606 | 0.9654 | 0.0188 | 0.9439 | 0.9468 | 0.9419
2072 | 06:13:26 |  12.3s | 1.0e-04 | 0.0174 | 0.9547 | 0.9578 | 0.9613 | 0.0202 | 0.9526 | 0.9344 | 0.9405
2073 | 06:13:51 |  12.4s | 1.0e-04 | 0.0169 | 0.9573 | 0.9569 | 0.9628 | 0.0190 | 0.9397 | 0.9488 | 0.9379
2074 | 06:14:15 |  12.3s | 1.0e-04 | 0.0173 | 0.9566 | 0.9589 | 0.9633 | 0.0204 | 0.9365 | 0.9517 | 0.9384
2075 | 06:14:41 |  12.4s | 1.0e-04 | 0.0169 | 0.9567 | 0.9584 | 0.9627 | 0.0204 | 0.9454 | 0.9447 | 0.9417
2076 | 06:15:05 |  12.3s | 1.0e-04 | 0.0165 | 0.9559 | 0.9600 | 0.9636 | 0.0217 | 0.9494 | 0.9323 | 0.9324
2077 | 06:15:29 |  12.9s | 1.0e-04 | 0.0170 | 0.9554 | 0.9601 | 0.9628 | 0.0200 | 0.9380 | 0.9487 | 0.9374
2078 | 06:15:53 |  12.7s | 1.0e-04 | 0.0175 | 0.9559 | 0.9587 | 0.9634 | 0.0207 | 0.9440 | 0.9390 | 0.9345
2079 | 06:16:17 |  12.5s | 1.0e-04 | 0.0171 | 0.9565 | 0.9573 | 0.9625 | 0.0202 | 0.9319 | 0.9523 | 0.9348
2080 | 06:16:43 |  21.8s | 1.0e-04 | 0.0167 | 0.9554 | 0.9577 | 0.9615 | 0.0193 | 0.9475 | 0.9449 | 0.9421
2081 | 06:17:16 |  12.3s | 1.0e-04 | 0.0166 | 0.9565 | 0.9584 | 0.9634 | 0.0206 | 0.9492 | 0.9402 | 0.9397
2082 | 06:17:43 |  12.3s | 1.0e-04 | 0.0168 | 0.9572 | 0.9581 | 0.9633 | 0.0213 | 0.9420 | 0.9412 | 0.9342
2083 | 06:18:08 |  20.3s | 1.0e-04 | 0.0159 | 0.9586 | 0.9605 | 0.9657 | 0.0192 | 0.9434 | 0.9509 | 0.9444
2084 | 06:18:39 |  22.2s | 1.0e-04 | 0.0159 | 0.9575 | 0.9600 | 0.9648 | 0.0197 | 0.9461 | 0.9420 | 0.9382
2085 | 06:19:16 |  12.2s | 1.0e-04 | 0.0160 | 0.9551 | 0.9595 | 0.9621 | 0.0190 | 0.9381 | 0.9481 | 0.9363
2086 | 06:19:40 |  12.0s | 1.0e-04 | 0.0155 | 0.9575 | 0.9604 | 0.9648 | 0.0199 | 0.9441 | 0.9437 | 0.9374
2087 | 06:20:03 |  12.5s | 1.0e-04 | 0.0158 | 0.9571 | 0.9612 | 0.9658 | 0.0189 | 0.9388 | 0.9520 | 0.9412
2088 | 06:20:27 |  12.3s | 1.0e-04 | 0.0158 | 0.9577 | 0.9578 | 0.9637 | 0.0201 | 0.9355 | 0.9497 | 0.9354
2089 | 06:20:51 |  11.9s | 1.0e-04 | 0.0158 | 0.9563 | 0.9585 | 0.9639 | 0.0191 | 0.9438 | 0.9509 | 0.9444
2090 | 06:21:17 |  11.9s | 1.0e-04 | 0.0159 | 0.9563 | 0.9603 | 0.9649 | 0.0205 | 0.9397 | 0.9461 | 0.9346
2091 | 06:21:41 |  12.0s | 1.0e-04 | 0.0160 | 0.9554 | 0.9594 | 0.9625 | 0.0199 | 0.9402 | 0.9486 | 0.9387
2092 | 06:22:04 |  12.6s | 1.0e-04 | 0.0160 | 0.9573 | 0.9577 | 0.9632 | 0.0190 | 0.9436 | 0.9474 | 0.9418
2093 | 06:22:28 |  11.9s | 1.0e-04 | 0.0155 | 0.9588 | 0.9608 | 0.9662 | 0.0201 | 0.9481 | 0.9394 | 0.9379
2094 | 06:22:52 |  12.0s | 1.0e-04 | 0.0158 | 0.9558 | 0.9604 | 0.9627 | 0.0193 | 0.9465 | 0.9429 | 0.9412
2095 | 06:23:18 |  11.9s | 1.0e-04 | 0.0155 | 0.9576 | 0.9616 | 0.9660 | 0.0201 | 0.9402 | 0.9514 | 0.9426
2096 | 06:23:42 |  12.4s | 1.0e-04 | 0.0160 | 0.9569 | 0.9604 | 0.9642 | 0.0189 | 0.9429 | 0.9474 | 0.9392
2097 | 06:24:06 |  12.3s | 1.0e-04 | 0.0159 | 0.9586 | 0.9600 | 0.9657 | 0.0203 | 0.9430 | 0.9444 | 0.9366
2098 | 06:24:29 |  12.2s | 1.0e-04 | 0.0155 | 0.9578 | 0.9589 | 0.9647 | 0.0198 | 0.9465 | 0.9433 | 0.9396
2099 | 06:24:53 |  12.1s | 1.0e-04 | 0.0159 | 0.9577 | 0.9606 | 0.9654 | 0.0196 | 0.9452 | 0.9440 | 0.9398
2100 | 06:25:17 |  12.7s | 1.0e-04 | 0.0158 | 0.9573 | 0.9599 | 0.9646 | 0.0200 | 0.9422 | 0.9500 | 0.9422
2101 | 06:25:41 |  12.3s | 1.0e-04 | 0.0154 | 0.9576 | 0.9598 | 0.9650 | 0.0212 | 0.9442 | 0.9406 | 0.9352
2102 | 06:26:05 |  11.6s | 1.0e-04 | 0.0157 | 0.9566 | 0.9594 | 0.9640 | 0.0203 | 0.9399 | 0.9448 | 0.9355
2103 | 06:26:30 |  22.2s | 1.0e-04 | 0.0154 | 0.9582 | 0.9613 | 0.9662 | 0.0195 | 0.9485 | 0.9441 | 0.9433
2104 | 06:27:05 |  12.3s | 1.0e-04 | 0.0156 | 0.9587 | 0.9628 | 0.9678 | 0.0203 | 0.9373 | 0.9473 | 0.9345
2105 | 06:27:31 |  21.5s | 1.0e-04 | 0.0159 | 0.9568 | 0.9627 | 0.9664 | 0.0195 | 0.9428 | 0.9459 | 0.9390
2106 | 06:28:05 |  12.1s | 1.0e-04 | 0.0159 | 0.9571 | 0.9598 | 0.9646 | 0.0201 | 0.9345 | 0.9547 | 0.9382
2107 | 06:28:31 |  12.1s | 1.0e-04 | 0.0162 | 0.9560 | 0.9598 | 0.9634 | 0.0209 | 0.9389 | 0.9409 | 0.9295
2108 | 06:28:56 |  12.1s | 1.0e-04 | 0.0161 | 0.9559 | 0.9602 | 0.9635 | 0.0206 | 0.9355 | 0.9535 | 0.9394
2109 | 06:29:19 |  12.2s | 1.0e-04 | 0.0157 | 0.9576 | 0.9622 | 0.9669 | 0.0203 | 0.9464 | 0.9417 | 0.9378
2110 | 06:29:43 |  12.2s | 1.0e-04 | 0.0160 | 0.9589 | 0.9618 | 0.9675 | 0.0205 | 0.9379 | 0.9512 | 0.9393
2111 | 06:30:06 |  12.1s | 1.0e-04 | 0.0155 | 0.9584 | 0.9601 | 0.9656 | 0.0197 | 0.9507 | 0.9359 | 0.9388
2112 | 06:30:32 |  12.5s | 1.0e-04 | 0.0156 | 0.9592 | 0.9620 | 0.9675 | 0.0201 | 0.9458 | 0.9447 | 0.9425
2113 | 06:30:58 |  12.7s | 1.0e-04 | 0.0156 | 0.9584 | 0.9614 | 0.9669 | 0.0205 | 0.9454 | 0.9378 | 0.9344
2114 | 06:31:22 |  12.6s | 1.0e-04 | 0.0156 | 0.9579 | 0.9622 | 0.9667 | 0.0203 | 0.9407 | 0.9496 | 0.9404
2115 | 06:31:45 |  12.5s | 1.0e-04 | 0.0160 | 0.9577 | 0.9598 | 0.9655 | 0.0190 | 0.9491 | 0.9459 | 0.9435
2116 | 06:32:09 |  12.3s | 1.0e-04 | 0.0158 | 0.9562 | 0.9608 | 0.9651 | 0.0189 | 0.9517 | 0.9369 | 0.9388
2117 | 06:32:34 |  12.4s | 1.0e-04 | 0.0157 | 0.9572 | 0.9607 | 0.9654 | 0.0207 | 0.9355 | 0.9482 | 0.9338
2118 | 06:33:00 |  12.4s | 1.0e-04 | 0.0156 | 0.9585 | 0.9613 | 0.9666 | 0.0202 | 0.9383 | 0.9425 | 0.9303
2119 | 06:33:25 |  12.1s | 1.0e-04 | 0.0158 | 0.9561 | 0.9601 | 0.9636 | 0.0206 | 0.9419 | 0.9422 | 0.9344
2120 | 06:33:48 |  12.4s | 1.0e-04 | 0.0160 | 0.9571 | 0.9597 | 0.9639 | 0.0207 | 0.9399 | 0.9474 | 0.9369
2121 | 06:34:12 |  21.2s | 1.0e-04 | 0.0158 | 0.9582 | 0.9620 | 0.9669 | 0.0203 | 0.9376 | 0.9495 | 0.9372
2122 | 06:34:44 |  12.4s | 1.0e-04 | 0.0164 | 0.9564 | 0.9608 | 0.9647 | 0.0201 | 0.9424 | 0.9466 | 0.9383
2123 | 06:35:08 |  12.9s | 1.0e-04 | 0.0167 | 0.9565 | 0.9607 | 0.9646 | 0.0209 | 0.9500 | 0.9373 | 0.9352
2124 | 06:35:34 |  23.3s | 1.0e-04 | 0.0162 | 0.9575 | 0.9603 | 0.9650 | 0.0199 | 0.9414 | 0.9436 | 0.9334
2125 | 06:36:08 |  12.3s | 1.0e-04 | 0.0162 | 0.9571 | 0.9604 | 0.9649 | 0.0197 | 0.9466 | 0.9391 | 0.9334
2126 | 06:36:35 |  12.1s | 1.0e-04 | 0.0175 | 0.9562 | 0.9605 | 0.9638 | 0.0203 | 0.9434 | 0.9464 | 0.9402
2127 | 06:37:01 |  12.3s | 1.0e-04 | 0.0170 | 0.9564 | 0.9611 | 0.9654 | 0.0193 | 0.9445 | 0.9496 | 0.9445
2128 | 06:37:24 |  12.6s | 1.0e-04 | 0.0177 | 0.9549 | 0.9597 | 0.9623 | 0.0194 | 0.9410 | 0.9448 | 0.9356
2129 | 06:37:48 |  12.5s | 1.0e-04 | 0.0178 | 0.9559 | 0.9592 | 0.9627 | 0.0206 | 0.9446 | 0.9398 | 0.9347
2130 | 06:38:12 |  12.6s | 1.0e-04 | 0.0171 | 0.9557 | 0.9603 | 0.9636 | 0.0204 | 0.9462 | 0.9424 | 0.9400
2131 | 06:38:37 |  12.3s | 1.0e-04 | 0.0169 | 0.9572 | 0.9621 | 0.9665 | 0.0208 | 0.9424 | 0.9506 | 0.9426
2132 | 06:39:03 |  12.3s | 1.0e-04 | 0.0170 | 0.9581 | 0.9609 | 0.9657 | 0.0196 | 0.9438 | 0.9515 | 0.9452
2133 | 06:39:28 |  12.3s | 1.0e-04 | 0.0174 | 0.9547 | 0.9604 | 0.9637 | 0.0202 | 0.9417 | 0.9508 | 0.9427
2134 | 06:39:51 |  12.6s | 1.0e-04 | 0.0174 | 0.9557 | 0.9588 | 0.9626 | 0.0198 | 0.9396 | 0.9455 | 0.9344
2135 | 06:40:14 |  12.4s | 1.0e-04 | 0.0172 | 0.9548 | 0.9605 | 0.9630 | 0.0198 | 0.9452 | 0.9360 | 0.9346
2136 | 06:40:38 |  12.2s | 1.0e-04 | 0.0168 | 0.9586 | 0.9611 | 0.9666 | 0.0196 | 0.9524 | 0.9299 | 0.9329
2137 | 06:41:04 |  12.1s | 1.0e-04 | 0.0178 | 0.9564 | 0.9576 | 0.9622 | 0.0200 | 0.9429 | 0.9495 | 0.9427
2138 | 06:41:29 |  12.3s | 1.0e-04 | 0.0180 | 0.9557 | 0.9582 | 0.9623 | 0.0194 | 0.9479 | 0.9452 | 0.9416
2139 | 06:41:52 |  12.7s | 1.0e-04 | 0.0172 | 0.9576 | 0.9590 | 0.9645 | 0.0203 | 0.9459 | 0.9472 | 0.9434
2140 | 06:42:16 |  12.6s | 1.0e-04 | 0.0171 | 0.9571 | 0.9600 | 0.9644 | 0.0198 | 0.9469 | 0.9360 | 0.9332
2141 | 06:42:40 |  12.5s | 1.0e-04 | 0.0171 | 0.9567 | 0.9602 | 0.9646 | 0.0207 | 0.9447 | 0.9415 | 0.9390
2142 | 06:43:05 |  21.9s | 1.0e-04 | 0.0170 | 0.9567 | 0.9589 | 0.9632 | 0.0211 | 0.9415 | 0.9443 | 0.9355
2143 | 06:43:39 |  12.6s | 1.0e-04 | 0.0164 | 0.9581 | 0.9601 | 0.9657 | 0.0199 | 0.9476 | 0.9476 | 0.9456
2144 | 06:44:05 |  12.2s | 1.0e-04 | 0.0167 | 0.9587 | 0.9599 | 0.9667 | 0.0204 | 0.9439 | 0.9440 | 0.9390
2145 | 06:44:31 |  21.6s | 1.0e-04 | 0.0165 | 0.9582 | 0.9598 | 0.9660 | 0.0200 | 0.9416 | 0.9431 | 0.9347
2146 | 06:45:06 |  22.0s | 1.0e-04 | 0.0161 | 0.9585 | 0.9609 | 0.9672 | 0.0198 | 0.9413 | 0.9489 | 0.9408
2147 | 06:45:39 |  12.4s | 1.0e-04 | 0.0155 | 0.9596 | 0.9620 | 0.9683 | 0.0186 | 0.9412 | 0.9500 | 0.9412
2148 | 06:46:04 |  12.5s | 1.0e-04 | 0.0148 | 0.9606 | 0.9611 | 0.9698 | 0.0200 | 0.9462 | 0.9404 | 0.9374
2149 | 06:46:28 |  12.4s | 1.0e-04 | 0.0154 | 0.9594 | 0.9636 | 0.9683 | 0.0202 | 0.9410 | 0.9420 | 0.9350
2150 | 06:46:52 |  12.2s | 1.0e-04 | 0.0160 | 0.9583 | 0.9618 | 0.9677 | 0.0196 | 0.9421 | 0.9491 | 0.9407
2151 | 06:47:18 |  12.0s | 1.0e-04 | 0.0158 | 0.9584 | 0.9627 | 0.9666 | 0.0207 | 0.9451 | 0.9401 | 0.9361
2152 | 06:47:42 |  12.1s | 1.0e-04 | 0.0158 | 0.9579 | 0.9604 | 0.9658 | 0.0205 | 0.9375 | 0.9429 | 0.9298
2153 | 06:48:06 |  12.1s | 1.0e-04 | 0.0153 | 0.9589 | 0.9624 | 0.9688 | 0.0205 | 0.9405 | 0.9500 | 0.9404
2154 | 06:48:29 |  12.4s | 1.0e-04 | 0.0153 | 0.9587 | 0.9618 | 0.9667 | 0.0196 | 0.9403 | 0.9481 | 0.9377
2155 | 06:48:53 |  12.0s | 1.0e-04 | 0.0158 | 0.9588 | 0.9607 | 0.9668 | 0.0203 | 0.9491 | 0.9345 | 0.9336
2156 | 06:49:18 |  11.9s | 1.0e-04 | 0.0153 | 0.9596 | 0.9620 | 0.9682 | 0.0206 | 0.9488 | 0.9390 | 0.9400
2157 | 06:49:42 |  12.0s | 1.0e-04 | 0.0153 | 0.9594 | 0.9623 | 0.9686 | 0.0201 | 0.9362 | 0.9527 | 0.9391
2158 | 06:50:05 |  12.1s | 1.0e-04 | 0.0152 | 0.9602 | 0.9642 | 0.9701 | 0.0213 | 0.9352 | 0.9418 | 0.9227
2159 | 06:50:29 |  12.2s | 1.0e-04 | 0.0158 | 0.9580 | 0.9630 | 0.9666 | 0.0192 | 0.9441 | 0.9446 | 0.9395
2160 | 06:50:52 |  11.9s | 1.0e-04 | 0.0156 | 0.9586 | 0.9622 | 0.9682 | 0.0192 | 0.9414 | 0.9487 | 0.9398
2161 | 06:51:18 |  11.9s | 1.0e-04 | 0.0154 | 0.9590 | 0.9629 | 0.9679 | 0.0210 | 0.9379 | 0.9525 | 0.9403
2162 | 06:51:42 |  12.3s | 1.0e-04 | 0.0152 | 0.9601 | 0.9645 | 0.9692 | 0.0203 | 0.9406 | 0.9476 | 0.9390
2163 | 06:52:05 |  22.1s | 1.0e-04 | 0.0154 | 0.9578 | 0.9610 | 0.9660 | 0.0203 | 0.9408 | 0.9500 | 0.9408
2164 | 06:52:38 |  12.7s | 1.0e-04 | 0.0157 | 0.9586 | 0.9610 | 0.9667 | 0.0206 | 0.9493 | 0.9370 | 0.9344
2165 | 06:53:02 |  12.4s | 1.0e-04 | 0.0156 | 0.9583 | 0.9607 | 0.9659 | 0.0206 | 0.9425 | 0.9473 | 0.9402
2166 | 06:53:26 |  21.4s | 1.0e-04 | 0.0157 | 0.9585 | 0.9600 | 0.9656 | 0.0200 | 0.9377 | 0.9509 | 0.9383
2167 | 06:53:58 |  25.0s | 1.0e-04 | 0.0160 | 0.9571 | 0.9609 | 0.9651 | 0.0206 | 0.9450 | 0.9434 | 0.9384
2168 | 06:54:34 |  12.6s | 1.0e-04 | 0.0163 | 0.9549 | 0.9572 | 0.9617 | 0.0209 | 0.9405 | 0.9474 | 0.9382
2169 | 06:54:58 |  12.7s | 1.0e-04 | 0.0160 | 0.9573 | 0.9588 | 0.9634 | 0.0198 | 0.9430 | 0.9460 | 0.9394
2170 | 06:55:22 |  12.7s | 1.0e-04 | 0.0157 | 0.9561 | 0.9595 | 0.9635 | 0.0214 | 0.9341 | 0.9507 | 0.9346
2171 | 06:55:47 |  12.5s | 1.0e-04 | 0.0159 | 0.9569 | 0.9592 | 0.9644 | 0.0212 | 0.9359 | 0.9467 | 0.9320
2172 | 06:56:13 |  12.7s | 1.0e-04 | 0.0162 | 0.9557 | 0.9566 | 0.9613 | 0.0198 | 0.9495 | 0.9402 | 0.9419
2173 | 06:56:38 |  12.8s | 1.0e-04 | 0.0158 | 0.9584 | 0.9589 | 0.9656 | 0.0199 | 0.9403 | 0.9504 | 0.9406
2174 | 06:57:03 |  12.5s | 1.0e-04 | 0.0162 | 0.9562 | 0.9586 | 0.9622 | 0.0192 | 0.9452 | 0.9432 | 0.9388
2175 | 06:57:29 |  12.6s | 1.0e-04 | 0.0161 | 0.9553 | 0.9569 | 0.9605 | 0.0217 | 0.9382 | 0.9461 | 0.9318
2176 | 06:57:54 |  12.2s | 1.0e-04 | 0.0165 | 0.9550 | 0.9567 | 0.9608 | 0.0203 | 0.9424 | 0.9490 | 0.9413
2177 | 06:58:17 |  12.5s | 1.0e-04 | 0.0158 | 0.9575 | 0.9595 | 0.9652 | 0.0191 | 0.9457 | 0.9521 | 0.9478
2178 | 06:58:41 |  12.5s | 1.0e-04 | 0.0159 | 0.9563 | 0.9582 | 0.9620 | 0.0195 | 0.9426 | 0.9534 | 0.9446
2179 | 06:59:04 |  12.6s | 1.0e-04 | 0.0166 | 0.9544 | 0.9573 | 0.9607 | 0.0199 | 0.9405 | 0.9414 | 0.9297
2180 | 06:59:30 |  12.1s | 1.0e-04 | 0.0161 | 0.9569 | 0.9604 | 0.9642 | 0.0195 | 0.9462 | 0.9473 | 0.9428
2181 | 06:59:55 |  12.7s | 1.0e-04 | 0.0165 | 0.9541 | 0.9567 | 0.9597 | 0.0193 | 0.9421 | 0.9507 | 0.9427
2182 | 07:00:19 |  12.7s | 1.0e-04 | 0.0163 | 0.9549 | 0.9589 | 0.9622 | 0.0206 | 0.9440 | 0.9459 | 0.9400
2183 | 07:00:43 |  12.8s | 1.0e-04 | 0.0161 | 0.9566 | 0.9600 | 0.9644 | 0.0201 | 0.9463 | 0.9411 | 0.9358
2184 | 07:01:07 |  21.8s | 1.0e-04 | 0.0161 | 0.9562 | 0.9594 | 0.9633 | 0.0204 | 0.9411 | 0.9463 | 0.9368
2185 | 07:01:40 |  12.2s | 1.0e-04 | 0.0163 | 0.9552 | 0.9599 | 0.9626 | 0.0207 | 0.9460 | 0.9453 | 0.9417
2186 | 07:02:03 |  12.1s | 1.0e-04 | 0.0161 | 0.9575 | 0.9588 | 0.9648 | 0.0197 | 0.9471 | 0.9415 | 0.9378
2187 | 07:02:28 |  21.7s | 1.0e-04 | 0.0173 | 0.9545 | 0.9568 | 0.9594 | 0.0202 | 0.9414 | 0.9496 | 0.9410
2188 | 07:03:01 |  21.9s | 1.0e-04 | 0.0176 | 0.9547 | 0.9549 | 0.9591 | 0.0196 | 0.9420 | 0.9473 | 0.9381
2189 | 07:03:34 |  12.1s | 1.0e-04 | 0.0168 | 0.9563 | 0.9575 | 0.9630 | 0.0197 | 0.9475 | 0.9433 | 0.9410
2190 | 07:03:58 |  12.3s | 1.0e-04 | 0.0177 | 0.9559 | 0.9568 | 0.9610 | 0.0203 | 0.9428 | 0.9385 | 0.9345
2191 | 07:04:24 |  12.1s | 1.0e-04 | 0.0172 | 0.9555 | 0.9573 | 0.9602 | 0.0194 | 0.9499 | 0.9397 | 0.9417
2192 | 07:04:48 |  12.3s | 1.0e-04 | 0.0173 | 0.9548 | 0.9572 | 0.9609 | 0.0191 | 0.9458 | 0.9502 | 0.9460
2193 | 07:05:12 |  12.5s | 1.0e-04 | 0.0171 | 0.9554 | 0.9571 | 0.9610 | 0.0196 | 0.9462 | 0.9465 | 0.9426
2194 | 07:05:35 |  12.3s | 1.0e-04 | 0.0170 | 0.9569 | 0.9577 | 0.9625 | 0.0191 | 0.9434 | 0.9483 | 0.9424
2195 | 07:05:59 |  12.1s | 1.0e-04 | 0.0176 | 0.9538 | 0.9585 | 0.9605 | 0.0199 | 0.9462 | 0.9476 | 0.9434
2196 | 07:06:25 |  12.0s | 1.0e-04 | 0.0175 | 0.9555 | 0.9565 | 0.9603 | 0.0206 | 0.9411 | 0.9457 | 0.9375
2197 | 07:06:49 |  12.4s | 1.0e-04 | 0.0172 | 0.9561 | 0.9578 | 0.9613 | 0.0195 | 0.9389 | 0.9465 | 0.9359
2198 | 07:07:14 |  12.2s | 1.0e-04 | 0.0177 | 0.9540 | 0.9589 | 0.9603 | 0.0192 | 0.9418 | 0.9527 | 0.9449
2199 | 07:07:40 |  12.2s | 1.0e-04 | 0.0176 | 0.9545 | 0.9574 | 0.9610 | 0.0194 | 0.9476 | 0.9445 | 0.9417
2200 | 07:08:03 |  12.4s | 1.0e-04 | 0.0173 | 0.9544 | 0.9582 | 0.9601 | 0.0197 | 0.9455 | 0.9490 | 0.9453
2201 | 07:08:26 |  12.6s | 1.0e-04 | 0.0178 | 0.9543 | 0.9572 | 0.9602 | 0.0198 | 0.9352 | 0.9521 | 0.9371
2202 | 07:08:50 |  12.3s | 1.0e-04 | 0.0171 | 0.9547 | 0.9592 | 0.9617 | 0.0209 | 0.9367 | 0.9466 | 0.9328
2203 | 07:09:14 |  12.2s | 1.0e-04 | 0.0175 | 0.9545 | 0.9593 | 0.9616 | 0.0202 | 0.9446 | 0.9407 | 0.9347
2204 | 07:09:39 |  12.1s | 1.0e-04 | 0.0175 | 0.9545 | 0.9568 | 0.9606 | 0.0199 | 0.9432 | 0.9450 | 0.9388
2205 | 07:10:03 |  21.5s | 1.0e-04 | 0.0170 | 0.9535 | 0.9570 | 0.9593 | 0.0208 | 0.9441 | 0.9465 | 0.9393
2206 | 07:10:38 |  12.1s | 1.0e-04 | 0.0168 | 0.9567 | 0.9576 | 0.9628 | 0.0195 | 0.9346 | 0.9508 | 0.9352
2207 | 07:11:01 |  12.8s | 1.0e-04 | 0.0169 | 0.9549 | 0.9579 | 0.9613 | 0.0199 | 0.9453 | 0.9443 | 0.9388
2208 | 07:11:24 |  20.9s | 1.0e-04 | 0.0162 | 0.9581 | 0.9593 | 0.9649 | 0.0209 | 0.9357 | 0.9538 | 0.9386
2209 | 07:11:57 |  23.3s | 1.0e-04 | 0.0164 | 0.9566 | 0.9597 | 0.9638 | 0.0212 | 0.9439 | 0.9422 | 0.9364
2210 | 07:12:33 |  12.4s | 1.0e-04 | 0.0166 | 0.9580 | 0.9603 | 0.9653 | 0.0208 | 0.9316 | 0.9467 | 0.9265
2211 | 07:12:56 |  12.6s | 1.0e-04 | 0.0161 | 0.9582 | 0.9622 | 0.9673 | 0.0194 | 0.9470 | 0.9473 | 0.9434
2212 | 07:13:20 |  12.8s | 1.0e-04 | 0.0166 | 0.9563 | 0.9593 | 0.9634 | 0.0205 | 0.9371 | 0.9478 | 0.9343
2213 | 07:13:43 |  12.6s | 1.0e-04 | 0.0164 | 0.9568 | 0.9594 | 0.9636 | 0.0197 | 0.9476 | 0.9409 | 0.9392
2214 | 07:14:09 |  12.6s | 1.0e-04 | 0.0163 | 0.9589 | 0.9609 | 0.9667 | 0.0194 | 0.9419 | 0.9474 | 0.9404
2215 | 07:14:35 |  12.5s | 1.0e-04 | 0.0164 | 0.9573 | 0.9606 | 0.9651 | 0.0207 | 0.9430 | 0.9356 | 0.9304
2216 | 07:14:58 |  12.8s | 1.0e-04 | 0.0160 | 0.9584 | 0.9607 | 0.9662 | 0.0196 | 0.9424 | 0.9439 | 0.9369
2217 | 07:15:22 |  13.0s | 1.0e-04 | 0.0164 | 0.9570 | 0.9596 | 0.9649 | 0.0197 | 0.9435 | 0.9486 | 0.9418
2218 | 07:15:46 |  12.9s | 1.0e-04 | 0.0165 | 0.9572 | 0.9605 | 0.9650 | 0.0198 | 0.9436 | 0.9471 | 0.9411
2219 | 07:16:10 |  12.5s | 1.0e-04 | 0.0161 | 0.9562 | 0.9599 | 0.9642 | 0.0191 | 0.9438 | 0.9449 | 0.9402
2220 | 07:16:36 |  12.6s | 1.0e-04 | 0.0160 | 0.9578 | 0.9618 | 0.9667 | 0.0206 | 0.9434 | 0.9403 | 0.9328
2221 | 07:17:01 |  12.4s | 1.0e-04 | 0.0164 | 0.9575 | 0.9595 | 0.9653 | 0.0194 | 0.9380 | 0.9571 | 0.9448
2222 | 07:17:25 |  13.2s | 1.0e-04 | 0.0166 | 0.9569 | 0.9599 | 0.9646 | 0.0200 | 0.9467 | 0.9374 | 0.9350
2223 | 07:17:52 |  12.5s | 1.0e-04 | 0.0163 | 0.9573 | 0.9593 | 0.9641 | 0.0203 | 0.9458 | 0.9426 | 0.9400
2224 | 07:18:17 |  12.4s | 1.0e-04 | 0.0167 | 0.9561 | 0.9597 | 0.9641 | 0.0196 | 0.9420 | 0.9429 | 0.9333
2225 | 07:18:41 |  12.8s | 1.0e-04 | 0.0164 | 0.9571 | 0.9616 | 0.9662 | 0.0195 | 0.9430 | 0.9458 | 0.9394
2226 | 07:19:05 |  12.7s | 1.0e-04 | 0.0171 | 0.9561 | 0.9597 | 0.9640 | 0.0196 | 0.9448 | 0.9435 | 0.9377
2227 | 07:19:29 |  12.6s | 1.0e-04 | 0.0174 | 0.9566 | 0.9593 | 0.9637 | 0.0201 | 0.9458 | 0.9365 | 0.9344
2228 | 07:19:53 |  22.0s | 1.0e-04 | 0.0170 | 0.9570 | 0.9600 | 0.9648 | 0.0207 | 0.9505 | 0.9385 | 0.9396
2229 | 07:20:26 |  12.4s | 1.0e-04 | 0.0180 | 0.9557 | 0.9580 | 0.9622 | 0.0190 | 0.9448 | 0.9412 | 0.9370
2230 | 07:20:50 |  22.2s | 1.0e-04 | 0.0171 | 0.9542 | 0.9567 | 0.9603 | 0.0189 | 0.9511 | 0.9438 | 0.9434
2231 | 07:21:24 |  12.3s | 1.0e-04 | 0.0170 | 0.9557 | 0.9581 | 0.9623 | 0.0208 | 0.9464 | 0.9460 | 0.9421
2232 | 07:21:48 |  12.2s | 1.0e-04 | 0.0170 | 0.9571 | 0.9567 | 0.9617 | 0.0193 | 0.9449 | 0.9500 | 0.9449
2233 | 07:22:14 |  11.9s | 1.0e-04 | 0.0169 | 0.9559 | 0.9570 | 0.9612 | 0.0198 | 0.9492 | 0.9422 | 0.9421
2234 | 07:22:37 |  12.3s | 1.0e-04 | 0.0167 | 0.9554 | 0.9576 | 0.9624 | 0.0186 | 0.9452 | 0.9462 | 0.9420
2235 | 07:23:00 |  12.6s | 1.0e-04 | 0.0170 | 0.9542 | 0.9557 | 0.9586 | 0.0212 | 0.9401 | 0.9453 | 0.9356
2236 | 07:23:24 |  12.2s | 1.0e-04 | 0.0171 | 0.9561 | 0.9577 | 0.9621 | 0.0208 | 0.9484 | 0.9409 | 0.9399
2237 | 07:23:48 |  12.2s | 1.0e-04 | 0.0175 | 0.9555 | 0.9563 | 0.9610 | 0.0196 | 0.9404 | 0.9461 | 0.9357
2238 | 07:24:14 |  12.0s | 1.0e-04 | 0.0174 | 0.9556 | 0.9579 | 0.9619 | 0.0203 | 0.9469 | 0.9371 | 0.9356
2239 | 07:24:38 |  12.0s | 1.0e-04 | 0.0168 | 0.9557 | 0.9564 | 0.9614 | 0.0198 | 0.9434 | 0.9426 | 0.9350
2240 | 07:25:02 |  12.5s | 1.0e-04 | 0.0172 | 0.9571 | 0.9581 | 0.9632 | 0.0198 | 0.9413 | 0.9487 | 0.9401
2241 | 07:25:26 |  12.8s | 1.0e-04 | 0.0172 | 0.9546 | 0.9561 | 0.9596 | 0.0196 | 0.9444 | 0.9478 | 0.9423
2242 | 07:25:50 |  13.0s | 1.0e-04 | 0.0169 | 0.9564 | 0.9583 | 0.9623 | 0.0201 | 0.9416 | 0.9458 | 0.9370
2243 | 07:26:18 |  12.1s | 1.0e-04 | 0.0167 | 0.9561 | 0.9583 | 0.9626 | 0.0198 | 0.9386 | 0.9458 | 0.9349
2244 | 07:26:44 |  12.5s | 1.0e-04 | 0.0170 | 0.9559 | 0.9592 | 0.9639 | 0.0204 | 0.9415 | 0.9475 | 0.9387
2245 | 07:27:09 |  12.4s | 1.0e-04 | 0.0174 | 0.9537 | 0.9590 | 0.9618 | 0.0192 | 0.9390 | 0.9483 | 0.9382
2246 | 07:27:33 |  23.2s | 1.0e-04 | 0.0168 | 0.9554 | 0.9582 | 0.9622 | 0.0195 | 0.9388 | 0.9499 | 0.9385
2247 | 07:28:10 |  12.5s | 1.0e-04 | 0.0164 | 0.9567 | 0.9605 | 0.9642 | 0.0196 | 0.9453 | 0.9423 | 0.9388
2248 | 07:28:35 |  12.5s | 1.0e-04 | 0.0164 | 0.9565 | 0.9591 | 0.9637 | 0.0199 | 0.9419 | 0.9487 | 0.9410
2249 | 07:29:00 |  22.3s | 1.0e-04 | 0.0166 | 0.9567 | 0.9590 | 0.9641 | 0.0197 | 0.9394 | 0.9510 | 0.9399
2250 | 07:29:33 |  12.3s | 1.0e-04 | 0.0168 | 0.9557 | 0.9589 | 0.9624 | 0.0199 | 0.9445 | 0.9436 | 0.9365
2251 | 07:30:00 |  12.1s | 1.0e-04 | 0.0167 | 0.9557 | 0.9593 | 0.9633 | 0.0196 | 0.9418 | 0.9508 | 0.9423
2252 | 07:30:26 |  12.1s | 1.0e-04 | 0.0167 | 0.9580 | 0.9577 | 0.9640 | 0.0193 | 0.9427 | 0.9504 | 0.9432
2253 | 07:30:51 |  12.4s | 1.0e-04 | 0.0165 | 0.9571 | 0.9609 | 0.9648 | 0.0199 | 0.9425 | 0.9550 | 0.9461
2254 | 07:31:15 |  12.5s | 1.0e-04 | 0.0165 | 0.9576 | 0.9592 | 0.9643 | 0.0214 | 0.9402 | 0.9463 | 0.9368
2255 | 07:31:39 |  12.8s | 1.0e-04 | 0.0165 | 0.9565 | 0.9598 | 0.9638 | 0.0205 | 0.9444 | 0.9415 | 0.9332
2256 | 07:32:04 |  12.5s | 1.0e-04 | 0.0162 | 0.9562 | 0.9600 | 0.9625 | 0.0210 | 0.9328 | 0.9476 | 0.9313
2257 | 07:32:28 |  12.2s | 1.0e-04 | 0.0167 | 0.9560 | 0.9594 | 0.9633 | 0.0185 | 0.9477 | 0.9500 | 0.9473
2258 | 07:32:55 |  12.4s | 1.0e-04 | 0.0169 | 0.9540 | 0.9585 | 0.9603 | 0.0211 | 0.9310 | 0.9530 | 0.9343
2259 | 07:33:20 |  12.6s | 1.0e-04 | 0.0171 | 0.9552 | 0.9583 | 0.9618 | 0.0192 | 0.9437 | 0.9436 | 0.9370
2260 | 07:33:44 |  12.5s | 1.0e-04 | 0.0163 | 0.9567 | 0.9597 | 0.9644 | 0.0199 | 0.9443 | 0.9489 | 0.9432
2261 | 07:34:08 |  12.6s | 1.0e-04 | 0.0162 | 0.9573 | 0.9598 | 0.9651 | 0.0199 | 0.9369 | 0.9555 | 0.9428
2262 | 07:34:32 |  12.3s | 1.0e-04 | 0.0167 | 0.9566 | 0.9588 | 0.9635 | 0.0201 | 0.9392 | 0.9526 | 0.9430
2263 | 07:34:57 |  12.0s | 1.0e-04 | 0.0161 | 0.9568 | 0.9596 | 0.9644 | 0.0201 | 0.9425 | 0.9467 | 0.9388
2264 | 07:35:23 |  12.4s | 1.0e-04 | 0.0167 | 0.9556 | 0.9593 | 0.9640 | 0.0199 | 0.9492 | 0.9440 | 0.9440
2265 | 07:35:48 |  12.3s | 1.0e-04 | 0.0165 | 0.9565 | 0.9595 | 0.9633 | 0.0202 | 0.9397 | 0.9534 | 0.9438
2266 | 07:36:12 |  12.5s | 1.0e-04 | 0.0169 | 0.9556 | 0.9586 | 0.9620 | 0.0204 | 0.9472 | 0.9424 | 0.9400
2267 | 07:36:36 |  21.8s | 1.0e-04 | 0.0167 | 0.9562 | 0.9589 | 0.9631 | 0.0201 | 0.9412 | 0.9483 | 0.9401
2268 | 07:37:09 |  12.4s | 1.0e-04 | 0.0170 | 0.9565 | 0.9600 | 0.9640 | 0.0200 | 0.9429 | 0.9466 | 0.9391
2269 | 07:37:33 |  12.3s | 1.0e-04 | 0.0174 | 0.9562 | 0.9590 | 0.9632 | 0.0203 | 0.9483 | 0.9428 | 0.9410
2270 | 07:37:57 |  21.7s | 1.0e-04 | 0.0163 | 0.9585 | 0.9600 | 0.9659 | 0.0206 | 0.9432 | 0.9447 | 0.9376
2271 | 07:38:31 |  27.9s | 1.0e-04 | 0.0167 | 0.9568 | 0.9601 | 0.9646 | 0.0200 | 0.9385 | 0.9493 | 0.9378
2272 | 07:39:10 |  12.7s | 1.0e-04 | 0.0177 | 0.9559 | 0.9588 | 0.9631 | 0.0203 | 0.9425 | 0.9515 | 0.9434
2273 | 07:39:34 |  12.3s | 1.0e-04 | 0.0172 | 0.9569 | 0.9600 | 0.9645 | 0.0203 | 0.9460 | 0.9445 | 0.9408
2274 | 07:40:00 |  12.1s | 1.0e-04 | 0.0168 | 0.9586 | 0.9599 | 0.9659 | 0.0202 | 0.9478 | 0.9387 | 0.9356
2275 | 07:40:25 |  12.3s | 1.0e-04 | 0.0168 | 0.9583 | 0.9608 | 0.9660 | 0.0199 | 0.9426 | 0.9490 | 0.9416
2276 | 07:40:49 |  12.7s | 1.0e-04 | 0.0170 | 0.9565 | 0.9618 | 0.9656 | 0.0191 | 0.9522 | 0.9405 | 0.9452
2277 | 07:41:14 |  12.8s | 1.0e-04 | 0.0174 | 0.9562 | 0.9595 | 0.9642 | 0.0196 | 0.9427 | 0.9485 | 0.9404
2278 | 07:41:38 |  12.6s | 1.0e-04 | 0.0170 | 0.9560 | 0.9584 | 0.9626 | 0.0200 | 0.9398 | 0.9541 | 0.9448
2279 | 07:42:03 |  12.5s | 1.0e-04 | 0.0174 | 0.9555 | 0.9591 | 0.9625 | 0.0192 | 0.9421 | 0.9486 | 0.9413
2280 | 07:42:30 |  12.6s | 1.0e-04 | 0.0178 | 0.9555 | 0.9599 | 0.9635 | 0.0187 | 0.9496 | 0.9477 | 0.9461
2281 | 07:42:54 |  12.5s | 1.0e-04 | 0.0169 | 0.9563 | 0.9615 | 0.9652 | 0.0206 | 0.9480 | 0.9362 | 0.9325
2282 | 07:43:18 |  12.7s | 1.0e-04 | 0.0171 | 0.9568 | 0.9601 | 0.9643 | 0.0202 | 0.9408 | 0.9499 | 0.9406
2283 | 07:43:42 |  12.5s | 1.0e-04 | 0.0174 | 0.9555 | 0.9589 | 0.9621 | 0.0190 | 0.9435 | 0.9433 | 0.9369
2284 | 07:44:07 |  12.5s | 1.0e-04 | 0.0173 | 0.9546 | 0.9585 | 0.9610 | 0.0197 | 0.9404 | 0.9435 | 0.9338
2285 | 07:44:33 |  12.2s | 1.0e-04 | 0.0175 | 0.9556 | 0.9595 | 0.9626 | 0.0197 | 0.9436 | 0.9434 | 0.9367
2286 | 07:44:57 |  12.5s | 1.0e-04 | 0.0171 | 0.9569 | 0.9607 | 0.9650 | 0.0197 | 0.9453 | 0.9415 | 0.9383
2287 | 07:45:20 |  12.5s | 1.0e-04 | 0.0171 | 0.9572 | 0.9589 | 0.9638 | 0.0193 | 0.9403 | 0.9455 | 0.9372
2288 | 07:45:44 |  21.8s | 1.0e-04 | 0.0173 | 0.9560 | 0.9598 | 0.9625 | 0.0196 | 0.9408 | 0.9511 | 0.9418
2289 | 07:46:17 |  12.7s | 1.0e-04 | 0.0166 | 0.9580 | 0.9623 | 0.9668 | 0.0204 | 0.9421 | 0.9469 | 0.9386
2290 | 07:46:41 |  12.3s | 1.0e-04 | 0.0170 | 0.9563 | 0.9592 | 0.9639 | 0.0199 | 0.9386 | 0.9519 | 0.9406
2291 | 07:47:06 |  21.8s | 1.0e-04 | 0.0175 | 0.9563 | 0.9590 | 0.9626 | 0.0189 | 0.9464 | 0.9515 | 0.9479
2292 | 07:47:40 |  22.8s | 1.0e-04 | 0.0168 | 0.9560 | 0.9600 | 0.9647 | 0.0194 | 0.9462 | 0.9450 | 0.9409
2293 | 07:48:14 |  12.5s | 1.0e-04 | 0.0167 | 0.9565 | 0.9590 | 0.9630 | 0.0201 | 0.9380 | 0.9510 | 0.9386
2294 | 07:48:38 |  12.3s | 1.0e-04 | 0.0167 | 0.9545 | 0.9590 | 0.9619 | 0.0190 | 0.9473 | 0.9424 | 0.9405
2295 | 07:49:02 |  12.5s | 1.0e-04 | 0.0171 | 0.9548 | 0.9595 | 0.9613 | 0.0192 | 0.9434 | 0.9491 | 0.9422
2296 | 07:49:27 |  12.7s | 1.0e-04 | 0.0167 | 0.9563 | 0.9587 | 0.9632 | 0.0193 | 0.9395 | 0.9543 | 0.9438
2297 | 07:49:53 |  12.5s | 1.0e-04 | 0.0174 | 0.9549 | 0.9591 | 0.9618 | 0.0197 | 0.9442 | 0.9418 | 0.9354
2298 | 07:50:19 |  12.2s | 1.0e-04 | 0.0167 | 0.9552 | 0.9586 | 0.9610 | 0.0189 | 0.9460 | 0.9457 | 0.9431
2299 | 07:50:43 |  12.6s | 1.0e-04 | 0.0174 | 0.9554 | 0.9564 | 0.9615 | 0.0194 | 0.9457 | 0.9485 | 0.9443
2300 | 07:51:07 |  12.8s | 1.0e-04 | 0.0174 | 0.9563 | 0.9579 | 0.9624 | 0.0201 | 0.9372 | 0.9479 | 0.9358
2301 | 07:51:32 |  12.4s | 1.0e-04 | 0.0172 | 0.9557 | 0.9596 | 0.9632 | 0.0195 | 0.9385 | 0.9476 | 0.9360
2302 | 07:51:57 |  12.3s | 1.0e-04 | 0.0173 | 0.9560 | 0.9600 | 0.9636 | 0.0195 | 0.9419 | 0.9473 | 0.9398
2303 | 07:52:23 |  12.3s | 1.0e-04 | 0.0174 | 0.9551 | 0.9569 | 0.9605 | 0.0198 | 0.9387 | 0.9488 | 0.9380
2304 | 07:52:48 |  12.3s | 1.0e-04 | 0.0171 | 0.9565 | 0.9584 | 0.9635 | 0.0187 | 0.9479 | 0.9445 | 0.9408
2305 | 07:53:12 |  12.5s | 1.0e-04 | 0.0171 | 0.9567 | 0.9587 | 0.9627 | 0.0206 | 0.9468 | 0.9484 | 0.9450
2306 | 07:53:36 |  12.4s | 1.0e-04 | 0.0173 | 0.9557 | 0.9558 | 0.9608 | 0.0192 | 0.9475 | 0.9433 | 0.9408
2307 | 07:54:00 |  12.4s | 1.0e-04 | 0.0170 | 0.9579 | 0.9582 | 0.9642 | 0.0192 | 0.9478 | 0.9425 | 0.9417
2308 | 07:54:26 |  12.4s | 1.0e-04 | 0.0170 | 0.9563 | 0.9594 | 0.9632 | 0.0197 | 0.9461 | 0.9442 | 0.9411
2309 | 07:54:51 |  20.8s | 1.0e-04 | 0.0168 | 0.9570 | 0.9585 | 0.9639 | 0.0193 | 0.9455 | 0.9438 | 0.9397
2310 | 07:55:26 |  12.1s | 1.0e-04 | 0.0168 | 0.9572 | 0.9602 | 0.9648 | 0.0197 | 0.9396 | 0.9447 | 0.9341
2311 | 07:55:50 |  12.6s | 1.0e-04 | 0.0171 | 0.9559 | 0.9589 | 0.9629 | 0.0189 | 0.9451 | 0.9442 | 0.9406
2312 | 07:56:14 |  21.8s | 1.0e-04 | 0.0175 | 0.9551 | 0.9580 | 0.9617 | 0.0193 | 0.9498 | 0.9467 | 0.9465
2313 | 07:56:47 |  22.7s | 1.0e-04 | 0.0168 | 0.9570 | 0.9607 | 0.9647 | 0.0201 | 0.9338 | 0.9525 | 0.9375
2314 | 07:57:23 |  12.4s | 1.0e-04 | 0.0174 | 0.9565 | 0.9588 | 0.9635 | 0.0200 | 0.9494 | 0.9423 | 0.9427
2315 | 07:57:47 |  12.5s | 1.0e-04 | 0.0171 | 0.9571 | 0.9604 | 0.9645 | 0.0193 | 0.9520 | 0.9417 | 0.9446
2316 | 07:58:10 |  12.8s | 1.0e-04 | 0.0172 | 0.9574 | 0.9608 | 0.9650 | 0.0197 | 0.9439 | 0.9492 | 0.9433
2317 | 07:58:35 |  12.3s | 1.0e-04 | 0.0174 | 0.9563 | 0.9595 | 0.9631 | 0.0192 | 0.9437 | 0.9512 | 0.9453
2318 | 07:59:00 |  12.2s | 1.0e-04 | 0.0175 | 0.9571 | 0.9594 | 0.9644 | 0.0199 | 0.9458 | 0.9418 | 0.9368
2319 | 07:59:26 |  12.2s | 1.0e-04 | 0.0170 | 0.9593 | 0.9598 | 0.9666 | 0.0181 | 0.9453 | 0.9498 | 0.9452
2320 | 07:59:49 |  12.4s | 1.0e-04 | 0.0173 | 0.9587 | 0.9601 | 0.9664 | 0.0200 | 0.9455 | 0.9410 | 0.9368
2321 | 08:00:13 |  12.3s | 1.0e-04 | 0.0176 | 0.9571 | 0.9601 | 0.9644 | 0.0205 | 0.9442 | 0.9396 | 0.9345
2322 | 08:00:37 |  12.6s | 1.0e-04 | 0.0172 | 0.9571 | 0.9601 | 0.9643 | 0.0194 | 0.9434 | 0.9552 | 0.9502
2323 | 08:01:00 |  12.8s | 1.0e-04 | 0.0165 | 0.9576 | 0.9633 | 0.9670 | 0.0200 | 0.9470 | 0.9452 | 0.9432
2324 | 08:01:26 |  12.5s | 1.0e-04 | 0.0172 | 0.9562 | 0.9604 | 0.9636 | 0.0191 | 0.9455 | 0.9431 | 0.9376
2325 | 08:01:52 |  12.2s | 1.0e-04 | 0.0173 | 0.9551 | 0.9604 | 0.9633 | 0.0205 | 0.9393 | 0.9436 | 0.9312
2326 | 08:02:17 |  12.6s | 1.0e-04 | 0.0173 | 0.9560 | 0.9609 | 0.9643 | 0.0201 | 0.9420 | 0.9451 | 0.9360
2327 | 08:02:41 |  12.9s | 1.0e-04 | 0.0169 | 0.9580 | 0.9587 | 0.9656 | 0.0197 | 0.9397 | 0.9511 | 0.9409
2328 | 08:03:06 |  12.5s | 1.0e-04 | 0.0177 | 0.9549 | 0.9592 | 0.9627 | 0.0206 | 0.9485 | 0.9376 | 0.9389
2329 | 08:03:30 |  12.4s | 1.0e-04 | 0.0172 | 0.9574 | 0.9612 | 0.9652 | 0.0193 | 0.9429 | 0.9485 | 0.9417
2330 | 08:03:56 |  25.3s | 1.0e-04 | 0.0173 | 0.9567 | 0.9617 | 0.9662 | 0.0203 | 0.9426 | 0.9434 | 0.9341
2331 | 08:04:38 |  15.0s | 1.0e-04 | 0.0175 | 0.9558 | 0.9603 | 0.9640 | 0.0200 | 0.9466 | 0.9449 | 0.9415
2332 | 08:05:09 |  12.1s | 1.0e-04 | 0.0175 | 0.9570 | 0.9588 | 0.9652 | 0.0196 | 0.9400 | 0.9496 | 0.9398
2333 | 08:05:35 |  21.8s | 1.0e-04 | 0.0170 | 0.9585 | 0.9610 | 0.9658 | 0.0193 | 0.9479 | 0.9467 | 0.9452
2334 | 08:06:11 |  30.6s | 1.0e-04 | 0.0168 | 0.9569 | 0.9611 | 0.9655 | 0.0201 | 0.9458 | 0.9440 | 0.9393
2335 | 08:06:59 |  14.5s | 1.0e-04 | 0.0164 | 0.9574 | 0.9607 | 0.9660 | 0.0203 | 0.9420 | 0.9432 | 0.9340
2336 | 08:07:30 |  14.2s | 1.0e-04 | 0.0164 | 0.9593 | 0.9620 | 0.9679 | 0.0187 | 0.9526 | 0.9359 | 0.9373
2337 | 08:08:03 |  12.4s | 1.0e-04 | 0.0165 | 0.9587 | 0.9607 | 0.9665 | 0.0192 | 0.9436 | 0.9467 | 0.9405
2338 | 08:08:32 |  14.2s | 1.0e-04 | 0.0163 | 0.9564 | 0.9594 | 0.9637 | 0.0210 | 0.9513 | 0.9323 | 0.9344
2339 | 08:09:04 |  14.4s | 1.0e-04 | 0.0161 | 0.9586 | 0.9611 | 0.9668 | 0.0197 | 0.9477 | 0.9499 | 0.9474
2340 | 08:09:35 |  12.2s | 1.0e-04 | 0.0164 | 0.9573 | 0.9613 | 0.9662 | 0.0195 | 0.9499 | 0.9412 | 0.9435
2341 | 08:09:58 |  12.5s | 1.0e-04 | 0.0168 | 0.9560 | 0.9613 | 0.9638 | 0.0208 | 0.9388 | 0.9519 | 0.9406
2342 | 08:10:22 |  12.2s | 1.0e-04 | 0.0165 | 0.9578 | 0.9629 | 0.9670 | 0.0190 | 0.9428 | 0.9448 | 0.9385
2343 | 08:10:47 |  12.0s | 1.0e-04 | 0.0164 | 0.9588 | 0.9615 | 0.9667 | 0.0197 | 0.9446 | 0.9479 | 0.9425
2344 | 08:11:12 |  12.3s | 1.0e-04 | 0.0161 | 0.9584 | 0.9617 | 0.9661 | 0.0191 | 0.9483 | 0.9445 | 0.9424
2345 | 08:11:36 |  12.5s | 1.0e-04 | 0.0165 | 0.9564 | 0.9601 | 0.9640 | 0.0196 | 0.9486 | 0.9423 | 0.9424
2346 | 08:12:00 |  12.5s | 1.0e-04 | 0.0165 | 0.9573 | 0.9598 | 0.9651 | 0.0204 | 0.9409 | 0.9460 | 0.9379
2347 | 08:12:25 |  12.6s | 1.0e-04 | 0.0166 | 0.9577 | 0.9597 | 0.9649 | 0.0196 | 0.9429 | 0.9475 | 0.9413
2348 | 08:12:48 |  12.3s | 1.0e-04 | 0.0160 | 0.9595 | 0.9628 | 0.9684 | 0.0196 | 0.9394 | 0.9509 | 0.9401
2349 | 08:13:13 |  12.2s | 1.0e-04 | 0.0163 | 0.9584 | 0.9619 | 0.9674 | 0.0199 | 0.9405 | 0.9467 | 0.9358
2350 | 08:13:39 |  12.6s | 1.0e-04 | 0.0161 | 0.9581 | 0.9625 | 0.9670 | 0.0192 | 0.9496 | 0.9394 | 0.9394
2351 | 08:14:05 |  12.5s | 1.0e-04 | 0.0165 | 0.9565 | 0.9595 | 0.9640 | 0.0194 | 0.9436 | 0.9498 | 0.9433
2352 | 08:14:29 |  12.7s | 1.0e-04 | 0.0162 | 0.9587 | 0.9617 | 0.9681 | 0.0200 | 0.9437 | 0.9490 | 0.9429
2353 | 08:14:53 |  22.5s | 1.0e-04 | 0.0162 | 0.9586 | 0.9603 | 0.9663 | 0.0210 | 0.9479 | 0.9396 | 0.9394
2354 | 08:15:27 |  12.8s | 1.0e-04 | 0.0161 | 0.9582 | 0.9594 | 0.9657 | 0.0195 | 0.9461 | 0.9453 | 0.9410
2355 | 08:15:51 |  22.8s | 1.0e-04 | 0.0172 | 0.9569 | 0.9598 | 0.9645 | 0.0188 | 0.9489 | 0.9473 | 0.9470
2356 | 08:16:25 |  12.5s | 1.0e-04 | 0.0169 | 0.9568 | 0.9601 | 0.9647 | 0.0195 | 0.9428 | 0.9474 | 0.9401
2357 | 08:16:49 |  12.5s | 1.0e-04 | 0.0170 | 0.9570 | 0.9589 | 0.9635 | 0.0197 | 0.9453 | 0.9472 | 0.9416
2358 | 08:17:12 |  12.6s | 1.0e-04 | 0.0174 | 0.9555 | 0.9592 | 0.9626 | 0.0201 | 0.9430 | 0.9458 | 0.9385
2359 | 08:17:38 |  12.3s | 1.0e-04 | 0.0170 | 0.9567 | 0.9603 | 0.9633 | 0.0203 | 0.9430 | 0.9457 | 0.9388
2360 | 08:18:04 |  12.5s | 1.0e-04 | 0.0171 | 0.9561 | 0.9606 | 0.9633 | 0.0203 | 0.9329 | 0.9471 | 0.9299
2361 | 08:18:27 |  12.8s | 1.0e-04 | 0.0176 | 0.9557 | 0.9593 | 0.9630 | 0.0200 | 0.9474 | 0.9399 | 0.9398
2362 | 08:18:52 |  12.7s | 1.0e-04 | 0.0166 | 0.9573 | 0.9612 | 0.9661 | 0.0200 | 0.9461 | 0.9387 | 0.9362
2363 | 08:19:16 |  12.9s | 1.0e-04 | 0.0165 | 0.9592 | 0.9598 | 0.9664 | 0.0192 | 0.9420 | 0.9470 | 0.9395
2364 | 08:19:41 |  12.5s | 1.0e-04 | 0.0170 | 0.9562 | 0.9593 | 0.9634 | 0.0195 | 0.9508 | 0.9453 | 0.9460
2365 | 08:20:05 |  12.6s | 1.0e-04 | 0.0169 | 0.9570 | 0.9589 | 0.9636 | 0.0196 | 0.9478 | 0.9467 | 0.9439
2366 | 08:20:29 |  12.6s | 1.0e-04 | 0.0177 | 0.9555 | 0.9589 | 0.9628 | 0.0195 | 0.9431 | 0.9438 | 0.9366
2367 | 08:20:53 |  13.0s | 1.0e-04 | 0.0166 | 0.9582 | 0.9603 | 0.9655 | 0.0200 | 0.9390 | 0.9498 | 0.9387
2368 | 08:21:17 |  12.7s | 1.0e-04 | 0.0169 | 0.9584 | 0.9607 | 0.9664 | 0.0205 | 0.9354 | 0.9435 | 0.9292
2369 | 08:21:42 |  12.4s | 1.0e-04 | 0.0174 | 0.9563 | 0.9589 | 0.9636 | 0.0197 | 0.9528 | 0.9364 | 0.9407
2370 | 08:22:08 |  12.4s | 1.0e-04 | 0.0166 | 0.9587 | 0.9599 | 0.9664 | 0.0204 | 0.9438 | 0.9361 | 0.9336
2371 | 08:22:32 |  22.1s | 1.0e-04 | 0.0169 | 0.9573 | 0.9594 | 0.9652 | 0.0189 | 0.9509 | 0.9446 | 0.9461
2372 | 08:23:08 |  12.3s | 1.0e-04 | 0.0170 | 0.9568 | 0.9592 | 0.9632 | 0.0186 | 0.9453 | 0.9447 | 0.9405
2373 | 08:23:33 |  12.2s | 1.0e-04 | 0.0167 | 0.9563 | 0.9606 | 0.9647 | 0.0202 | 0.9482 | 0.9417 | 0.9416
2374 | 08:23:58 |  21.9s | 1.0e-04 | 0.0169 | 0.9574 | 0.9596 | 0.9651 | 0.0202 | 0.9462 | 0.9426 | 0.9371
2375 | 08:24:34 |  12.3s | 1.0e-04 | 0.0169 | 0.9559 | 0.9575 | 0.9616 | 0.0191 | 0.9492 | 0.9409 | 0.9400
2376 | 08:25:01 |  11.9s | 1.0e-04 | 0.0161 | 0.9580 | 0.9628 | 0.9671 | 0.0197 | 0.9475 | 0.9473 | 0.9446
2377 | 08:25:24 |  12.2s | 1.0e-04 | 0.0163 | 0.9574 | 0.9617 | 0.9658 | 0.0200 | 0.9430 | 0.9440 | 0.9365
2378 | 08:25:48 |  12.3s | 1.0e-04 | 0.0160 | 0.9588 | 0.9617 | 0.9674 | 0.0194 | 0.9457 | 0.9450 | 0.9425
2379 | 08:26:11 |  12.6s | 1.0e-04 | 0.0161 | 0.9582 | 0.9610 | 0.9665 | 0.0200 | 0.9351 | 0.9583 | 0.9436
2380 | 08:26:37 |  11.9s | 1.0e-04 | 0.0157 | 0.9591 | 0.9617 | 0.9684 | 0.0199 | 0.9413 | 0.9481 | 0.9392
2381 | 08:27:02 |  11.7s | 1.0e-04 | 0.0158 | 0.9583 | 0.9603 | 0.9666 | 0.0213 | 0.9367 | 0.9477 | 0.9348
2382 | 08:27:25 |  12.5s | 1.0e-04 | 0.0156 | 0.9594 | 0.9619 | 0.9682 | 0.0203 | 0.9376 | 0.9452 | 0.9334
2383 | 08:27:49 |  12.5s | 1.0e-04 | 0.0155 | 0.9597 | 0.9626 | 0.9691 | 0.0204 | 0.9432 | 0.9440 | 0.9373
2384 | 08:28:13 |  12.1s | 1.0e-04 | 0.0162 | 0.9575 | 0.9610 | 0.9662 | 0.0206 | 0.9448 | 0.9381 | 0.9336
2385 | 08:28:38 |  11.9s | 1.0e-04 | 0.0162 | 0.9585 | 0.9605 | 0.9665 | 0.0204 | 0.9397 | 0.9426 | 0.9318
2386 | 08:29:04 |  12.2s | 1.0e-04 | 0.0158 | 0.9596 | 0.9620 | 0.9679 | 0.0195 | 0.9391 | 0.9524 | 0.9421
2387 | 08:29:27 |  12.3s | 1.0e-04 | 0.0161 | 0.9581 | 0.9612 | 0.9664 | 0.0206 | 0.9327 | 0.9524 | 0.9353
2388 | 08:29:51 |  12.4s | 1.0e-04 | 0.0161 | 0.9572 | 0.9616 | 0.9668 | 0.0204 | 0.9424 | 0.9448 | 0.9377
2389 | 08:30:15 |  12.2s | 1.0e-04 | 0.0157 | 0.9581 | 0.9592 | 0.9658 | 0.0196 | 0.9430 | 0.9474 | 0.9398
2390 | 08:30:40 |  11.9s | 1.0e-04 | 0.0162 | 0.9583 | 0.9604 | 0.9665 | 0.0194 | 0.9427 | 0.9532 | 0.9456
2391 | 08:31:05 |  12.2s | 1.0e-04 | 0.0160 | 0.9570 | 0.9622 | 0.9655 | 0.0203 | 0.9471 | 0.9384 | 0.9369
2392 | 08:31:29 |  21.2s | 1.0e-04 | 0.0157 | 0.9590 | 0.9645 | 0.9685 | 0.0200 | 0.9420 | 0.9493 | 0.9413
2393 | 08:32:02 |  12.4s | 1.0e-04 | 0.0163 | 0.9593 | 0.9607 | 0.9682 | 0.0199 | 0.9416 | 0.9531 | 0.9449
2394 | 08:32:26 |  12.2s | 1.0e-04 | 0.0161 | 0.9575 | 0.9621 | 0.9670 | 0.0197 | 0.9475 | 0.9397 | 0.9396
2395 | 08:32:49 |  20.8s | 1.0e-04 | 0.0157 | 0.9598 | 0.9633 | 0.9697 | 0.0201 | 0.9441 | 0.9434 | 0.9364
2396 | 08:33:22 |  22.6s | 1.0e-04 | 0.0158 | 0.9593 | 0.9633 | 0.9686 | 0.0195 | 0.9464 | 0.9426 | 0.9385
2397 | 08:33:58 |  12.0s | 1.0e-04 | 0.0157 | 0.9605 | 0.9630 | 0.9695 | 0.0205 | 0.9437 | 0.9412 | 0.9348
2398 | 08:34:23 |  12.1s | 1.0e-04 | 0.0166 | 0.9569 | 0.9602 | 0.9651 | 0.0200 | 0.9432 | 0.9481 | 0.9417
2399 | 08:34:46 |  12.3s | 1.0e-04 | 0.0161 | 0.9581 | 0.9624 | 0.9670 | 0.0194 | 0.9471 | 0.9460 | 0.9431
2400 | 08:35:10 |  12.3s | 1.0e-04 | 0.0165 | 0.9566 | 0.9631 | 0.9664 | 0.0195 | 0.9470 | 0.9433 | 0.9385
2401 | 08:35:33 |  12.0s | 1.0e-04 | 0.0161 | 0.9577 | 0.9617 | 0.9670 | 0.0188 | 0.9426 | 0.9495 | 0.9417
2402 | 08:35:58 |  12.6s | 1.0e-04 | 0.0156 | 0.9599 | 0.9622 | 0.9686 | 0.0199 | 0.9358 | 0.9530 | 0.9390
2403 | 08:36:22 |  12.2s | 1.0e-04 | 0.0158 | 0.9585 | 0.9630 | 0.9681 | 0.0202 | 0.9463 | 0.9396 | 0.9382
2404 | 08:36:46 |  12.4s | 1.0e-04 | 0.0156 | 0.9574 | 0.9617 | 0.9658 | 0.0190 | 0.9437 | 0.9476 | 0.9409
2405 | 08:37:09 |  12.1s | 1.0e-04 | 0.0160 | 0.9585 | 0.9620 | 0.9671 | 0.0201 | 0.9418 | 0.9445 | 0.9363
2406 | 08:37:33 |  12.1s | 1.0e-04 | 0.0161 | 0.9577 | 0.9602 | 0.9658 | 0.0206 | 0.9459 | 0.9421 | 0.9364
2407 | 08:37:58 |  12.0s | 1.0e-04 | 0.0160 | 0.9587 | 0.9617 | 0.9675 | 0.0192 | 0.9468 | 0.9480 | 0.9446
2408 | 08:38:23 |  11.9s | 1.0e-04 | 0.0157 | 0.9595 | 0.9623 | 0.9681 | 0.0198 | 0.9436 | 0.9493 | 0.9424
2409 | 08:38:46 |  12.5s | 1.0e-04 | 0.0161 | 0.9589 | 0.9604 | 0.9665 | 0.0188 | 0.9485 | 0.9451 | 0.9438
2410 | 08:39:10 |  12.2s | 1.0e-04 | 0.0161 | 0.9580 | 0.9623 | 0.9668 | 0.0197 | 0.9455 | 0.9476 | 0.9423
2411 | 08:39:33 |  12.3s | 1.0e-04 | 0.0157 | 0.9584 | 0.9635 | 0.9683 | 0.0198 | 0.9428 | 0.9477 | 0.9407
2412 | 08:39:59 |  12.1s | 1.0e-04 | 0.0164 | 0.9569 | 0.9600 | 0.9645 | 0.0202 | 0.9457 | 0.9420 | 0.9383
2413 | 08:40:24 |  21.2s | 1.0e-04 | 0.0154 | 0.9596 | 0.9619 | 0.9675 | 0.0197 | 0.9423 | 0.9461 | 0.9379
2414 | 08:40:59 |  12.4s | 1.0e-04 | 0.0154 | 0.9583 | 0.9614 | 0.9672 | 0.0191 | 0.9456 | 0.9465 | 0.9433
2415 | 08:41:22 |  12.4s | 1.0e-04 | 0.0152 | 0.9590 | 0.9608 | 0.9682 | 0.0198 | 0.9414 | 0.9491 | 0.9406
2416 | 08:41:45 |  22.1s | 1.0e-04 | 0.0156 | 0.9567 | 0.9610 | 0.9651 | 0.0195 | 0.9378 | 0.9481 | 0.9358
2417 | 08:42:19 |  22.0s | 1.0e-04 | 0.0166 | 0.9566 | 0.9598 | 0.9646 | 0.0196 | 0.9401 | 0.9477 | 0.9373
2418 | 08:42:53 |  12.7s | 1.0e-04 | 0.0168 | 0.9577 | 0.9597 | 0.9658 | 0.0205 | 0.9485 | 0.9350 | 0.9323
2419 | 08:43:17 |  12.7s | 1.0e-04 | 0.0168 | 0.9560 | 0.9596 | 0.9635 | 0.0186 | 0.9414 | 0.9516 | 0.9435
2420 | 08:43:41 |  12.3s | 1.0e-04 | 0.0169 | 0.9564 | 0.9600 | 0.9643 | 0.0190 | 0.9394 | 0.9481 | 0.9367
2421 | 08:44:07 |  12.3s | 1.0e-04 | 0.0169 | 0.9570 | 0.9585 | 0.9639 | 0.0200 | 0.9414 | 0.9503 | 0.9416
2422 | 08:44:32 |  13.1s | 1.0e-04 | 0.0170 | 0.9559 | 0.9588 | 0.9630 | 0.0197 | 0.9420 | 0.9454 | 0.9375
2423 | 08:44:57 |  12.7s | 1.0e-04 | 0.0168 | 0.9573 | 0.9580 | 0.9633 | 0.0208 | 0.9441 | 0.9402 | 0.9357
2424 | 08:45:21 |  12.8s | 1.0e-04 | 0.0167 | 0.9557 | 0.9605 | 0.9645 | 0.0194 | 0.9385 | 0.9500 | 0.9380
2425 | 08:45:45 |  12.4s | 1.0e-04 | 0.0163 | 0.9550 | 0.9611 | 0.9637 | 0.0201 | 0.9424 | 0.9433 | 0.9370
2426 | 08:46:10 |  12.5s | 1.0e-04 | 0.0167 | 0.9564 | 0.9596 | 0.9647 | 0.0199 | 0.9442 | 0.9439 | 0.9383
2427 | 08:46:35 |  12.4s | 1.0e-04 | 0.0166 | 0.9569 | 0.9600 | 0.9644 | 0.0202 | 0.9445 | 0.9401 | 0.9353
2428 | 08:46:59 |  12.6s | 1.0e-04 | 0.0170 | 0.9554 | 0.9586 | 0.9619 | 0.0198 | 0.9445 | 0.9486 | 0.9432
2429 | 08:47:22 |  13.0s | 1.0e-04 | 0.0173 | 0.9548 | 0.9589 | 0.9616 | 0.0202 | 0.9442 | 0.9392 | 0.9366
2430 | 08:47:46 |  12.8s | 1.0e-04 | 0.0165 | 0.9578 | 0.9618 | 0.9664 | 0.0202 | 0.9491 | 0.9434 | 0.9440
2431 | 08:48:11 |  12.6s | 1.0e-04 | 0.0165 | 0.9585 | 0.9594 | 0.9658 | 0.0208 | 0.9510 | 0.9320 | 0.9328
2432 | 08:48:37 |  12.4s | 1.0e-04 | 0.0171 | 0.9567 | 0.9571 | 0.9617 | 0.0193 | 0.9504 | 0.9445 | 0.9469
2433 | 08:49:02 |  12.5s | 1.0e-04 | 0.0169 | 0.9581 | 0.9595 | 0.9648 | 0.0198 | 0.9457 | 0.9422 | 0.9377
2434 | 08:49:25 |  23.0s | 1.0e-04 | 0.0163 | 0.9592 | 0.9627 | 0.9684 | 0.0196 | 0.9419 | 0.9512 | 0.9444
2435 | 08:50:00 |  12.5s | 1.0e-04 | 0.0170 | 0.9570 | 0.9615 | 0.9653 | 0.0187 | 0.9491 | 0.9491 | 0.9485
2436 | 08:50:24 |  12.7s | 1.0e-04 | 0.0175 | 0.9572 | 0.9601 | 0.9642 | 0.0196 | 0.9440 | 0.9479 | 0.9421
2437 | 08:50:47 |  22.7s | 1.0e-04 | 0.0167 | 0.9579 | 0.9599 | 0.9650 | 0.0202 | 0.9467 | 0.9410 | 0.9372
2438 | 08:51:21 |  22.1s | 1.0e-04 | 0.0160 | 0.9589 | 0.9622 | 0.9680 | 0.0202 | 0.9409 | 0.9427 | 0.9335
2439 | 08:51:55 |  12.6s | 1.0e-04 | 0.0160 | 0.9588 | 0.9623 | 0.9680 | 0.0198 | 0.9472 | 0.9359 | 0.9355
2440 | 08:52:19 |  12.8s | 1.0e-04 | 0.0159 | 0.9577 | 0.9627 | 0.9673 | 0.0189 | 0.9449 | 0.9454 | 0.9406
2441 | 08:52:43 |  12.8s | 1.0e-04 | 0.0158 | 0.9592 | 0.9608 | 0.9676 | 0.0188 | 0.9431 | 0.9495 | 0.9427
2442 | 08:53:06 |  12.6s | 1.0e-04 | 0.0158 | 0.9597 | 0.9625 | 0.9691 | 0.0194 | 0.9433 | 0.9436 | 0.9371
2443 | 08:53:32 |  12.4s | 1.0e-04 | 0.0161 | 0.9586 | 0.9624 | 0.9665 | 0.0190 | 0.9398 | 0.9519 | 0.9416
2444 | 08:53:57 |  12.4s | 1.0e-04 | 0.0160 | 0.9584 | 0.9628 | 0.9679 | 0.0201 | 0.9393 | 0.9554 | 0.9442
2445 | 08:54:20 |  12.6s | 1.0e-04 | 0.0163 | 0.9587 | 0.9609 | 0.9665 | 0.0194 | 0.9481 | 0.9422 | 0.9394
2446 | 08:54:44 |  12.6s | 1.0e-04 | 0.0159 | 0.9598 | 0.9610 | 0.9677 | 0.0195 | 0.9393 | 0.9535 | 0.9426
2447 | 08:55:08 |  12.6s | 1.0e-04 | 0.0157 | 0.9600 | 0.9616 | 0.9686 | 0.0208 | 0.9447 | 0.9445 | 0.9402
2448 | 08:55:32 |  12.4s | 1.0e-04 | 0.0159 | 0.9598 | 0.9601 | 0.9675 | 0.0194 | 0.9483 | 0.9457 | 0.9446
2449 | 08:55:56 |  12.3s | 1.0e-04 | 0.0158 | 0.9601 | 0.9623 | 0.9688 | 0.0192 | 0.9439 | 0.9451 | 0.9371
2450 | 08:56:22 |  12.5s | 1.0e-04 | 0.0157 | 0.9587 | 0.9633 | 0.9691 | 0.0195 | 0.9424 | 0.9456 | 0.9368
2451 | 08:56:47 |  12.5s | 1.0e-04 | 0.0162 | 0.9577 | 0.9624 | 0.9667 | 0.0197 | 0.9448 | 0.9468 | 0.9413
2452 | 08:57:11 |  12.5s | 1.0e-04 | 0.0157 | 0.9592 | 0.9630 | 0.9682 | 0.0208 | 0.9421 | 0.9433 | 0.9352
2453 | 08:57:35 |  12.3s | 1.0e-04 | 0.0158 | 0.9586 | 0.9633 | 0.9675 | 0.0197 | 0.9424 | 0.9451 | 0.9373
2454 | 08:57:58 |  12.4s | 1.0e-04 | 0.0153 | 0.9594 | 0.9634 | 0.9695 | 0.0198 | 0.9424 | 0.9483 | 0.9410
2455 | 08:58:23 |  22.5s | 1.0e-04 | 0.0158 | 0.9572 | 0.9621 | 0.9668 | 0.0204 | 0.9433 | 0.9423 | 0.9342
2456 | 08:58:57 |  12.7s | 1.0e-04 | 0.0159 | 0.9583 | 0.9612 | 0.9668 | 0.0200 | 0.9431 | 0.9482 | 0.9415
2457 | 08:59:23 |  12.6s | 1.0e-04 | 0.0157 | 0.9591 | 0.9607 | 0.9672 | 0.0192 | 0.9478 | 0.9421 | 0.9415
2458 | 08:59:49 |  22.3s | 1.0e-04 | 0.0152 | 0.9590 | 0.9622 | 0.9671 | 0.0199 | 0.9419 | 0.9483 | 0.9394
2459 | 09:00:24 |  23.1s | 1.0e-04 | 0.0168 | 0.9565 | 0.9596 | 0.9634 | 0.0204 | 0.9358 | 0.9590 | 0.9441
2460 | 09:00:59 |  12.6s | 1.0e-04 | 0.0166 | 0.9553 | 0.9588 | 0.9630 | 0.0197 | 0.9451 | 0.9427 | 0.9395
2461 | 09:01:24 |  12.5s | 1.0e-04 | 0.0167 | 0.9569 | 0.9583 | 0.9633 | 0.0188 | 0.9462 | 0.9429 | 0.9396
2462 | 09:01:50 |  12.6s | 1.0e-04 | 0.0167 | 0.9557 | 0.9574 | 0.9615 | 0.0196 | 0.9376 | 0.9551 | 0.9418
2463 | 09:02:14 |  12.7s | 1.0e-04 | 0.0165 | 0.9552 | 0.9587 | 0.9622 | 0.0197 | 0.9406 | 0.9507 | 0.9415
2464 | 09:02:38 |  12.7s | 1.0e-04 | 0.0169 | 0.9558 | 0.9598 | 0.9628 | 0.0195 | 0.9502 | 0.9429 | 0.9445
2465 | 09:03:02 |  12.7s | 1.0e-04 | 0.0165 | 0.9567 | 0.9570 | 0.9633 | 0.0201 | 0.9444 | 0.9401 | 0.9370
2466 | 09:03:27 |  12.3s | 1.0e-04 | 0.0167 | 0.9564 | 0.9591 | 0.9626 | 0.0194 | 0.9420 | 0.9478 | 0.9403
2467 | 09:03:54 |  12.4s | 1.0e-04 | 0.0168 | 0.9539 | 0.9593 | 0.9610 | 0.0193 | 0.9378 | 0.9504 | 0.9380
2468 | 09:04:20 |  12.7s | 1.0e-04 | 0.0164 | 0.9556 | 0.9605 | 0.9637 | 0.0199 | 0.9459 | 0.9413 | 0.9383
2469 | 09:04:45 |  12.7s | 1.0e-04 | 0.0169 | 0.9564 | 0.9590 | 0.9634 | 0.0188 | 0.9404 | 0.9475 | 0.9380
2470 | 09:05:09 |  12.4s | 1.0e-04 | 0.0168 | 0.9567 | 0.9577 | 0.9629 | 0.0198 | 0.9432 | 0.9417 | 0.9341
2471 | 09:05:35 |  12.8s | 1.0e-04 | 0.0166 | 0.9570 | 0.9590 | 0.9638 | 0.0200 | 0.9390 | 0.9439 | 0.9314
2472 | 09:06:01 |  12.8s | 1.0e-04 | 0.0163 | 0.9570 | 0.9596 | 0.9647 | 0.0199 | 0.9437 | 0.9510 | 0.9444
2473 | 09:06:25 |  12.8s | 1.0e-04 | 0.0165 | 0.9563 | 0.9600 | 0.9638 | 0.0194 | 0.9396 | 0.9451 | 0.9348
2474 | 09:06:49 |  12.7s | 1.0e-04 | 0.0163 | 0.9554 | 0.9587 | 0.9623 | 0.0196 | 0.9508 | 0.9397 | 0.9420
2475 | 09:07:15 |  12.6s | 1.0e-04 | 0.0164 | 0.9564 | 0.9592 | 0.9632 | 0.0202 | 0.9435 | 0.9462 | 0.9408
2476 | 09:07:42 |  12.5s | 1.0e-04 | 0.0161 | 0.9571 | 0.9591 | 0.9646 | 0.0191 | 0.9466 | 0.9428 | 0.9397
2477 | 09:08:06 |  12.9s | 1.0e-04 | 0.0163 | 0.9568 | 0.9612 | 0.9650 | 0.0193 | 0.9468 | 0.9461 | 0.9424
2478 | 09:08:30 |  22.4s | 1.0e-04 | 0.0165 | 0.9558 | 0.9596 | 0.9638 | 0.0205 | 0.9474 | 0.9441 | 0.9419
2479 | 09:09:04 |  12.6s | 1.0e-04 | 0.0162 | 0.9572 | 0.9591 | 0.9645 | 0.0198 | 0.9466 | 0.9496 | 0.9465
2480 | 09:09:28 |  22.1s | 1.0e-04 | 0.0162 | 0.9564 | 0.9607 | 0.9642 | 0.0204 | 0.9431 | 0.9462 | 0.9399
2481 | 09:10:02 |  12.3s | 1.0e-04 | 0.0159 | 0.9582 | 0.9589 | 0.9657 | 0.0209 | 0.9474 | 0.9428 | 0.9415
2482 | 09:10:26 |  12.8s | 1.0e-04 | 0.0156 | 0.9587 | 0.9605 | 0.9660 | 0.0202 | 0.9460 | 0.9477 | 0.9433
2483 | 09:10:51 |  12.6s | 1.0e-04 | 0.0164 | 0.9569 | 0.9578 | 0.9632 | 0.0200 | 0.9385 | 0.9517 | 0.9401
2484 | 09:11:16 |  12.6s | 1.0e-04 | 0.0157 | 0.9578 | 0.9611 | 0.9661 | 0.0199 | 0.9469 | 0.9447 | 0.9406
2485 | 09:11:42 |  12.4s | 1.0e-04 | 0.0160 | 0.9581 | 0.9594 | 0.9657 | 0.0195 | 0.9517 | 0.9357 | 0.9394
2486 | 09:12:07 |  12.5s | 1.0e-04 | 0.0158 | 0.9575 | 0.9598 | 0.9649 | 0.0198 | 0.9420 | 0.9496 | 0.9412
2487 | 09:12:31 |  12.6s | 1.0e-04 | 0.0164 | 0.9566 | 0.9602 | 0.9654 | 0.0202 | 0.9480 | 0.9407 | 0.9388
2488 | 09:12:55 |  12.5s | 1.0e-04 | 0.0158 | 0.9574 | 0.9598 | 0.9647 | 0.0191 | 0.9446 | 0.9505 | 0.9450
2489 | 09:13:19 |  12.2s | 1.0e-04 | 0.0162 | 0.9554 | 0.9597 | 0.9632 | 0.0197 | 0.9412 | 0.9503 | 0.9416
2490 | 09:13:45 |  12.6s | 1.0e-04 | 0.0158 | 0.9570 | 0.9626 | 0.9663 | 0.0201 | 0.9502 | 0.9360 | 0.9369
2491 | 09:14:12 |  12.4s | 1.0e-04 | 0.0159 | 0.9575 | 0.9611 | 0.9650 | 0.0202 | 0.9434 | 0.9495 | 0.9431
2492 | 09:14:36 |  12.7s | 1.0e-04 | 0.0162 | 0.9575 | 0.9614 | 0.9668 | 0.0203 | 0.9432 | 0.9426 | 0.9339
2493 | 09:15:00 |  12.5s | 1.0e-04 | 0.0161 | 0.9567 | 0.9612 | 0.9645 | 0.0200 | 0.9518 | 0.9390 | 0.9395
2494 | 09:15:24 |  12.7s | 1.0e-04 | 0.0158 | 0.9593 | 0.9617 | 0.9669 | 0.0192 | 0.9491 | 0.9456 | 0.9449
2495 | 09:15:48 |  12.2s | 1.0e-04 | 0.0157 | 0.9576 | 0.9608 | 0.9661 | 0.0205 | 0.9397 | 0.9483 | 0.9373
2496 | 09:16:13 |  24.3s | 1.0e-04 | 0.0158 | 0.9571 | 0.9595 | 0.9648 | 0.0194 | 0.9498 | 0.9448 | 0.9450
2497 | 09:16:49 |  12.7s | 1.0e-04 | 0.0162 | 0.9572 | 0.9595 | 0.9641 | 0.0193 | 0.9438 | 0.9494 | 0.9436
2498 | 09:17:13 |  12.4s | 1.0e-04 | 0.0160 | 0.9557 | 0.9593 | 0.9626 | 0.0203 | 0.9455 | 0.9417 | 0.9378
2499 | 09:17:37 |  21.7s | 1.0e-04 | 0.0160 | 0.9560 | 0.9599 | 0.9632 | 0.0200 | 0.9434 | 0.9429 | 0.9369
2500 | 09:18:11 |  12.7s | 1.0e-04 | 0.0164 | 0.9562 | 0.9593 | 0.9638 | 0.0200 | 0.9410 | 0.9489 | 0.9400
2501 | 09:18:37 |  12.1s | 1.0e-04 | 0.0166 | 0.9553 | 0.9586 | 0.9619 | 0.0201 | 0.9366 | 0.9516 | 0.9388
2502 | 09:19:03 |  12.1s | 1.0e-04 | 0.0169 | 0.9552 | 0.9589 | 0.9625 | 0.0192 | 0.9435 | 0.9490 | 0.9431
2503 | 09:19:27 |  12.6s | 1.0e-04 | 0.0163 | 0.9566 | 0.9610 | 0.9643 | 0.0194 | 0.9400 | 0.9549 | 0.9464
2504 | 09:19:51 |  12.6s | 1.0e-04 | 0.0167 | 0.9552 | 0.9586 | 0.9625 | 0.0199 | 0.9369 | 0.9566 | 0.9431
2505 | 09:20:15 |  12.4s | 1.0e-04 | 0.0169 | 0.9553 | 0.9590 | 0.9623 | 0.0197 | 0.9419 | 0.9485 | 0.9412
2506 | 09:20:40 |  12.0s | 1.0e-04 | 0.0167 | 0.9551 | 0.9602 | 0.9626 | 0.0204 | 0.9355 | 0.9519 | 0.9369
2507 | 09:21:06 |  12.2s | 1.0e-04 | 0.0165 | 0.9560 | 0.9600 | 0.9631 | 0.0200 | 0.9459 | 0.9460 | 0.9429
2508 | 09:21:31 |  12.6s | 1.0e-04 | 0.0169 | 0.9551 | 0.9588 | 0.9616 | 0.0194 | 0.9423 | 0.9491 | 0.9408
2509 | 09:21:55 |  12.7s | 1.0e-04 | 0.0169 | 0.9556 | 0.9576 | 0.9618 | 0.0201 | 0.9461 | 0.9403 | 0.9362
2510 | 09:22:19 |  12.6s | 1.0e-04 | 0.0165 | 0.9578 | 0.9576 | 0.9639 | 0.0195 | 0.9452 | 0.9419 | 0.9378
2511 | 09:22:43 |  12.1s | 1.0e-04 | 0.0169 | 0.9564 | 0.9559 | 0.9622 | 0.0207 | 0.9403 | 0.9513 | 0.9413
2512 | 09:23:08 |  12.1s | 1.0e-04 | 0.0163 | 0.9563 | 0.9584 | 0.9633 | 0.0192 | 0.9432 | 0.9472 | 0.9402
2513 | 09:23:34 |  12.3s | 1.0e-04 | 0.0167 | 0.9573 | 0.9593 | 0.9643 | 0.0193 | 0.9431 | 0.9462 | 0.9395
2514 | 09:23:57 |  12.5s | 1.0e-04 | 0.0170 | 0.9565 | 0.9580 | 0.9628 | 0.0199 | 0.9422 | 0.9491 | 0.9412
2515 | 09:24:21 |  12.5s | 1.0e-04 | 0.0165 | 0.9569 | 0.9594 | 0.9644 | 0.0204 | 0.9426 | 0.9478 | 0.9399
2516 | 09:24:45 |  12.4s | 1.0e-04 | 0.0163 | 0.9569 | 0.9597 | 0.9638 | 0.0193 | 0.9358 | 0.9512 | 0.9362
2517 | 09:25:10 |  22.4s | 1.0e-04 | 0.0168 | 0.9570 | 0.9600 | 0.9645 | 0.0199 | 0.9377 | 0.9535 | 0.9416
2518 | 09:25:44 |  12.3s | 1.0e-04 | 0.0172 | 0.9554 | 0.9578 | 0.9620 | 0.0194 | 0.9471 | 0.9449 | 0.9420
2519 | 09:26:09 |  11.8s | 1.0e-04 | 0.0172 | 0.9564 | 0.9585 | 0.9633 | 0.0193 | 0.9487 | 0.9449 | 0.9437
2520 | 09:26:35 |  20.5s | 1.0e-04 | 0.0173 | 0.9570 | 0.9588 | 0.9638 | 0.0191 | 0.9464 | 0.9451 | 0.9423
2521 | 09:27:07 |  23.7s | 1.0e-04 | 0.0170 | 0.9565 | 0.9561 | 0.9614 | 0.0205 | 0.9410 | 0.9450 | 0.9336
2522 | 09:27:42 |  12.5s | 1.0e-04 | 0.0177 | 0.9539 | 0.9576 | 0.9606 | 0.0195 | 0.9414 | 0.9480 | 0.9391
2523 | 09:28:06 |  12.2s | 1.0e-04 | 0.0172 | 0.9551 | 0.9586 | 0.9623 | 0.0187 | 0.9458 | 0.9529 | 0.9498
2524 | 09:28:31 |  12.4s | 1.0e-04 | 0.0173 | 0.9570 | 0.9582 | 0.9638 | 0.0196 | 0.9465 | 0.9436 | 0.9398
2525 | 09:28:57 |  12.4s | 1.0e-04 | 0.0178 | 0.9537 | 0.9569 | 0.9589 | 0.0188 | 0.9446 | 0.9542 | 0.9486
2526 | 09:29:21 |  12.4s | 1.0e-04 | 0.0177 | 0.9535 | 0.9560 | 0.9594 | 0.0206 | 0.9393 | 0.9448 | 0.9326
2527 | 09:29:45 |  12.5s | 1.0e-04 | 0.0171 | 0.9552 | 0.9587 | 0.9618 | 0.0196 | 0.9413 | 0.9535 | 0.9452
2528 | 09:30:08 |  12.5s | 1.0e-04 | 0.0172 | 0.9550 | 0.9593 | 0.9625 | 0.0192 | 0.9383 | 0.9492 | 0.9370
2529 | 09:30:33 |  12.1s | 1.0e-04 | 0.0177 | 0.9550 | 0.9584 | 0.9610 | 0.0191 | 0.9494 | 0.9394 | 0.9402
2530 | 09:30:59 |  12.3s | 1.0e-04 | 0.0171 | 0.9552 | 0.9594 | 0.9622 | 0.0195 | 0.9441 | 0.9401 | 0.9337
2531 | 09:31:24 |  12.2s | 1.0e-04 | 0.0173 | 0.9554 | 0.9575 | 0.9610 | 0.0201 | 0.9410 | 0.9467 | 0.9365
2532 | 09:31:48 |  12.6s | 1.0e-04 | 0.0170 | 0.9567 | 0.9584 | 0.9638 | 0.0193 | 0.9458 | 0.9498 | 0.9457
2533 | 09:32:11 |  12.5s | 1.0e-04 | 0.0179 | 0.9539 | 0.9580 | 0.9591 | 0.0191 | 0.9445 | 0.9462 | 0.9422
2534 | 09:32:35 |  12.2s | 1.0e-04 | 0.0174 | 0.9561 | 0.9579 | 0.9616 | 0.0194 | 0.9466 | 0.9499 | 0.9464
2535 | 09:33:01 |  13.3s | 1.0e-04 | 0.0179 | 0.9551 | 0.9589 | 0.9624 | 0.0205 | 0.9454 | 0.9417 | 0.9384
2536 | 09:33:28 |  12.1s | 1.0e-04 | 0.0176 | 0.9558 | 0.9580 | 0.9623 | 0.0196 | 0.9479 | 0.9397 | 0.9370
2537 | 09:33:51 |  12.2s | 1.0e-04 | 0.0178 | 0.9553 | 0.9567 | 0.9611 | 0.0191 | 0.9428 | 0.9513 | 0.9436
2538 | 09:34:15 |  21.7s | 1.0e-04 | 0.0175 | 0.9545 | 0.9572 | 0.9610 | 0.0192 | 0.9494 | 0.9456 | 0.9453
2539 | 09:34:48 |  12.4s | 1.0e-04 | 0.0179 | 0.9547 | 0.9577 | 0.9612 | 0.0198 | 0.9457 | 0.9449 | 0.9410
2540 | 09:35:12 |  12.5s | 1.0e-04 | 0.0172 | 0.9563 | 0.9602 | 0.9643 | 0.0190 | 0.9467 | 0.9492 | 0.9461
2541 | 09:35:35 |  22.3s | 1.0e-04 | 0.0177 | 0.9558 | 0.9586 | 0.9621 | 0.0201 | 0.9441 | 0.9469 | 0.9400
2542 | 09:36:09 |  22.8s | 1.0e-04 | 0.0170 | 0.9569 | 0.9604 | 0.9641 | 0.0188 | 0.9519 | 0.9458 | 0.9482
2543 | 09:36:43 |  12.6s | 1.0e-04 | 0.0161 | 0.9579 | 0.9619 | 0.9667 | 0.0185 | 0.9437 | 0.9474 | 0.9407
2544 | 09:37:07 |  12.4s | 1.0e-04 | 0.0161 | 0.9595 | 0.9614 | 0.9672 | 0.0198 | 0.9482 | 0.9442 | 0.9425
2545 | 09:37:33 |  12.4s | 1.0e-04 | 0.0158 | 0.9589 | 0.9628 | 0.9674 | 0.0190 | 0.9484 | 0.9474 | 0.9455
2546 | 09:37:57 |  12.8s | 1.0e-04 | 0.0154 | 0.9592 | 0.9639 | 0.9687 | 0.0203 | 0.9460 | 0.9383 | 0.9354
2547 | 09:38:23 |  12.4s | 1.0e-04 | 0.0160 | 0.9578 | 0.9610 | 0.9659 | 0.0192 | 0.9416 | 0.9496 | 0.9412
2548 | 09:38:49 |  12.2s | 1.0e-04 | 0.0161 | 0.9585 | 0.9612 | 0.9665 | 0.0196 | 0.9394 | 0.9496 | 0.9389
2549 | 09:39:15 |  12.5s | 1.0e-04 | 0.0162 | 0.9589 | 0.9612 | 0.9671 | 0.0203 | 0.9427 | 0.9445 | 0.9380
2550 | 09:39:40 |  12.7s | 1.0e-04 | 0.0163 | 0.9574 | 0.9596 | 0.9643 | 0.0196 | 0.9372 | 0.9476 | 0.9345
2551 | 09:40:05 |  12.4s | 1.0e-04 | 0.0163 | 0.9588 | 0.9617 | 0.9677 | 0.0204 | 0.9422 | 0.9505 | 0.9430
2552 | 09:40:28 |  12.8s | 1.0e-04 | 0.0159 | 0.9597 | 0.9607 | 0.9674 | 0.0195 | 0.9460 | 0.9477 | 0.9437
2553 | 09:40:52 |  12.5s | 1.0e-04 | 0.0161 | 0.9582 | 0.9616 | 0.9667 | 0.0192 | 0.9471 | 0.9475 | 0.9455
2554 | 09:41:17 |  12.1s | 1.0e-04 | 0.0159 | 0.9589 | 0.9629 | 0.9681 | 0.0202 | 0.9441 | 0.9417 | 0.9363
2555 | 09:41:43 |  12.5s | 1.0e-04 | 0.0159 | 0.9586 | 0.9623 | 0.9672 | 0.0192 | 0.9496 | 0.9417 | 0.9438
2556 | 09:42:08 |  12.6s | 1.0e-04 | 0.0157 | 0.9588 | 0.9617 | 0.9680 | 0.0195 | 0.9441 | 0.9485 | 0.9418
2557 | 09:42:33 |  12.4s | 1.0e-04 | 0.0160 | 0.9594 | 0.9611 | 0.9671 | 0.0194 | 0.9320 | 0.9576 | 0.9407
2558 | 09:42:57 |  12.6s | 1.0e-04 | 0.0163 | 0.9590 | 0.9609 | 0.9671 | 0.0196 | 0.9491 | 0.9413 | 0.9404
2559 | 09:43:20 |  21.5s | 1.0e-04 | 0.0161 | 0.9582 | 0.9603 | 0.9663 | 0.0194 | 0.9457 | 0.9458 | 0.9425
2560 | 09:43:53 |  12.6s | 1.0e-04 | 0.0165 | 0.9568 | 0.9589 | 0.9638 | 0.0199 | 0.9506 | 0.9444 | 0.9452
2561 | 09:44:17 |  12.9s | 1.0e-04 | 0.0161 | 0.9587 | 0.9621 | 0.9673 | 0.0189 | 0.9488 | 0.9419 | 0.9419
2562 | 09:44:42 |  22.3s | 1.0e-04 | 0.0163 | 0.9583 | 0.9632 | 0.9683 | 0.0195 | 0.9447 | 0.9462 | 0.9416
2563 | 09:45:15 |  22.4s | 1.0e-04 | 0.0170 | 0.9579 | 0.9599 | 0.9653 | 0.0194 | 0.9448 | 0.9499 | 0.9446
2564 | 09:45:50 |  12.6s | 1.0e-04 | 0.0176 | 0.9564 | 0.9584 | 0.9630 | 0.0195 | 0.9384 | 0.9466 | 0.9340
2565 | 09:46:13 |  12.4s | 1.0e-04 | 0.0173 | 0.9573 | 0.9603 | 0.9647 | 0.0193 | 0.9515 | 0.9409 | 0.9441
2566 | 09:46:37 |  12.6s | 1.0e-04 | 0.0177 | 0.9563 | 0.9572 | 0.9627 | 0.0197 | 0.9456 | 0.9477 | 0.9431
2567 | 09:47:03 |  12.1s | 1.0e-04 | 0.0176 | 0.9551 | 0.9597 | 0.9619 | 0.0196 | 0.9482 | 0.9451 | 0.9426
2568 | 09:47:27 |  12.4s | 1.0e-04 | 0.0176 | 0.9563 | 0.9594 | 0.9631 | 0.0182 | 0.9451 | 0.9466 | 0.9405
2569 | 09:47:50 |  12.2s | 1.0e-04 | 0.0176 | 0.9552 | 0.9599 | 0.9632 | 0.0193 | 0.9373 | 0.9501 | 0.9373
2570 | 09:48:15 |  12.3s | 1.0e-04 | 0.0177 | 0.9555 | 0.9600 | 0.9634 | 0.0203 | 0.9500 | 0.9448 | 0.9462
2571 | 09:48:43 |  12.1s | 1.0e-04 | 0.0175 | 0.9555 | 0.9605 | 0.9639 | 0.0197 | 0.9353 | 0.9509 | 0.9371
2572 | 09:49:07 |  12.4s | 1.0e-04 | 0.0174 | 0.9563 | 0.9582 | 0.9628 | 0.0200 | 0.9426 | 0.9474 | 0.9408
2573 | 09:49:31 |  12.5s | 1.0e-04 | 0.0177 | 0.9563 | 0.9579 | 0.9616 | 0.0202 | 0.9455 | 0.9404 | 0.9355
2574 | 09:49:54 |  12.3s | 1.0e-04 | 0.0177 | 0.9566 | 0.9598 | 0.9649 | 0.0192 | 0.9445 | 0.9524 | 0.9465
2575 | 09:50:19 |  12.3s | 1.0e-04 | 0.0178 | 0.9554 | 0.9570 | 0.9613 | 0.0186 | 0.9447 | 0.9461 | 0.9399
2576 | 09:50:45 |  12.1s | 1.0e-04 | 0.0175 | 0.9555 | 0.9587 | 0.9626 | 0.0192 | 0.9442 | 0.9486 | 0.9430
2577 | 09:51:11 |  12.3s | 1.0e-04 | 0.0177 | 0.9561 | 0.9583 | 0.9629 | 0.0192 | 0.9440 | 0.9469 | 0.9406
2578 | 09:51:35 |  12.3s | 1.0e-04 | 0.0174 | 0.9561 | 0.9603 | 0.9646 | 0.0206 | 0.9463 | 0.9415 | 0.9389
2579 | 09:51:58 |  12.4s | 1.0e-04 | 0.0177 | 0.9568 | 0.9593 | 0.9640 | 0.0191 | 0.9497 | 0.9490 | 0.9487
2580 | 09:52:22 |  21.5s | 1.0e-04 | 0.0173 | 0.9570 | 0.9604 | 0.9650 | 0.0196 | 0.9462 | 0.9517 | 0.9481
2581 | 09:52:54 |  12.5s | 1.0e-04 | 0.0175 | 0.9586 | 0.9594 | 0.9666 | 0.0203 | 0.9428 | 0.9469 | 0.9384
2582 | 09:53:18 |  12.6s | 1.0e-04 | 0.0174 | 0.9565 | 0.9582 | 0.9627 | 0.0188 | 0.9425 | 0.9499 | 0.9425
2583 | 09:53:44 |  21.4s | 1.0e-04 | 0.0169 | 0.9559 | 0.9592 | 0.9628 | 0.0199 | 0.9415 | 0.9472 | 0.9396
2584 | 09:54:16 |  22.2s | 1.0e-04 | 0.0166 | 0.9577 | 0.9610 | 0.9653 | 0.0186 | 0.9428 | 0.9446 | 0.9375
2585 | 09:54:50 |  12.3s | 1.0e-04 | 0.0165 | 0.9578 | 0.9608 | 0.9656 | 0.0194 | 0.9388 | 0.9484 | 0.9374
2586 | 09:55:13 |  12.4s | 1.0e-04 | 0.0164 | 0.9565 | 0.9599 | 0.9641 | 0.0199 | 0.9458 | 0.9437 | 0.9399
2587 | 09:55:39 |  11.9s | 1.0e-04 | 0.0166 | 0.9576 | 0.9620 | 0.9656 | 0.0197 | 0.9440 | 0.9421 | 0.9359
2588 | 09:56:04 |  12.4s | 1.0e-04 | 0.0161 | 0.9584 | 0.9613 | 0.9673 | 0.0198 | 0.9410 | 0.9438 | 0.9350
2589 | 09:56:28 |  12.2s | 1.0e-04 | 0.0162 | 0.9571 | 0.9602 | 0.9642 | 0.0191 | 0.9483 | 0.9451 | 0.9453
2590 | 09:56:52 |  12.4s | 1.0e-04 | 0.0167 | 0.9565 | 0.9602 | 0.9641 | 0.0202 | 0.9435 | 0.9416 | 0.9346
2591 | 09:57:16 |  12.0s | 1.0e-04 | 0.0168 | 0.9565 | 0.9602 | 0.9645 | 0.0199 | 0.9391 | 0.9527 | 0.9426
2592 | 09:57:40 |  12.1s | 1.0e-04 | 0.0168 | 0.9554 | 0.9593 | 0.9631 | 0.0191 | 0.9431 | 0.9486 | 0.9417
2593 | 09:58:06 |  12.4s | 1.0e-04 | 0.0163 | 0.9572 | 0.9609 | 0.9655 | 0.0194 | 0.9423 | 0.9477 | 0.9403
2594 | 09:58:29 |  12.5s | 1.0e-04 | 0.0168 | 0.9576 | 0.9597 | 0.9656 | 0.0188 | 0.9509 | 0.9435 | 0.9466
2595 | 09:58:53 |  12.4s | 1.0e-04 | 0.0167 | 0.9571 | 0.9608 | 0.9654 | 0.0202 | 0.9445 | 0.9395 | 0.9361
2596 | 09:59:18 |  12.6s | 1.0e-04 | 0.0165 | 0.9559 | 0.9622 | 0.9637 | 0.0201 | 0.9365 | 0.9482 | 0.9347
2597 | 09:59:42 |  12.3s | 1.0e-04 | 0.0165 | 0.9574 | 0.9606 | 0.9653 | 0.0197 | 0.9414 | 0.9495 | 0.9412
2598 | 10:00:06 |  12.2s | 1.0e-04 | 0.0167 | 0.9552 | 0.9600 | 0.9629 | 0.0210 | 0.9400 | 0.9428 | 0.9337
2599 | 10:00:31 |  12.2s | 1.0e-04 | 0.0166 | 0.9563 | 0.9599 | 0.9640 | 0.0200 | 0.9442 | 0.9467 | 0.9420
2600 | 10:00:57 |  12.1s | 1.0e-04 | 0.0164 | 0.9563 | 0.9607 | 0.9647 | 0.0187 | 0.9433 | 0.9531 | 0.9455
2601 | 10:01:20 |  12.6s | 1.0e-04 | 0.0168 | 0.9562 | 0.9603 | 0.9644 | 0.0197 | 0.9429 | 0.9479 | 0.9416
2602 | 10:01:44 |  12.5s | 1.0e-04 | 0.0168 | 0.9564 | 0.9607 | 0.9648 | 0.0209 | 0.9411 | 0.9424 | 0.9340
2603 | 10:02:08 |  21.5s | 1.0e-04 | 0.0164 | 0.9570 | 0.9600 | 0.9641 | 0.0194 | 0.9393 | 0.9539 | 0.9446
2604 | 10:02:41 |  12.4s | 1.0e-04 | 0.0168 | 0.9553 | 0.9583 | 0.9613 | 0.0205 | 0.9325 | 0.9540 | 0.9373
2605 | 10:03:05 |  22.6s | 1.0e-04 | 0.0162 | 0.9573 | 0.9622 | 0.9652 | 0.0194 | 0.9450 | 0.9463 | 0.9411
2606 | 10:03:39 |  12.6s | 1.0e-04 | 0.0163 | 0.9568 | 0.9614 | 0.9653 | 0.0202 | 0.9370 | 0.9417 | 0.9274
2607 | 10:04:03 |  12.5s | 1.0e-04 | 0.0160 | 0.9573 | 0.9621 | 0.9659 | 0.0186 | 0.9475 | 0.9512 | 0.9490
2608 | 10:04:30 |  12.1s | 1.0e-04 | 0.0162 | 0.9572 | 0.9617 | 0.9657 | 0.0204 | 0.9430 | 0.9484 | 0.9409
2609 | 10:04:54 |  12.6s | 1.0e-04 | 0.0165 | 0.9582 | 0.9599 | 0.9653 | 0.0197 | 0.9358 | 0.9546 | 0.9411
2610 | 10:05:18 |  13.0s | 1.0e-04 | 0.0159 | 0.9575 | 0.9625 | 0.9668 | 0.0189 | 0.9485 | 0.9485 | 0.9473
2611 | 10:05:43 |  12.9s | 1.0e-04 | 0.0160 | 0.9581 | 0.9631 | 0.9676 | 0.0196 | 0.9394 | 0.9495 | 0.9388
2612 | 10:06:07 |  12.4s | 1.0e-04 | 0.0162 | 0.9586 | 0.9612 | 0.9669 | 0.0199 | 0.9419 | 0.9475 | 0.9405
2613 | 10:06:32 |  12.5s | 1.0e-04 | 0.0158 | 0.9602 | 0.9630 | 0.9691 | 0.0198 | 0.9508 | 0.9440 | 0.9452
2614 | 10:06:58 |  12.5s | 1.0e-04 | 0.0158 | 0.9603 | 0.9636 | 0.9698 | 0.0192 | 0.9394 | 0.9476 | 0.9380
2615 | 10:07:22 |  12.5s | 1.0e-04 | 0.0159 | 0.9595 | 0.9623 | 0.9682 | 0.0194 | 0.9434 | 0.9478 | 0.9412
2616 | 10:07:46 |  12.6s | 1.0e-04 | 0.0161 | 0.9589 | 0.9614 | 0.9665 | 0.0192 | 0.9403 | 0.9447 | 0.9358
2617 | 10:08:10 |  12.6s | 1.0e-04 | 0.0160 | 0.9592 | 0.9627 | 0.9691 | 0.0202 | 0.9461 | 0.9443 | 0.9379
2618 | 10:08:35 |  12.4s | 1.0e-04 | 0.0155 | 0.9607 | 0.9636 | 0.9706 | 0.0203 | 0.9404 | 0.9478 | 0.9388
2619 | 10:09:01 |  12.5s | 1.0e-04 | 0.0162 | 0.9580 | 0.9615 | 0.9671 | 0.0195 | 0.9396 | 0.9442 | 0.9334
2620 | 10:09:24 |  12.7s | 1.0e-04 | 0.0164 | 0.9588 | 0.9612 | 0.9674 | 0.0206 | 0.9403 | 0.9538 | 0.9429
2621 | 10:09:48 |  23.7s | 1.0e-04 | 0.0161 | 0.9595 | 0.9620 | 0.9674 | 0.0201 | 0.9361 | 0.9539 | 0.9390
2622 | 10:10:26 |  12.5s | 1.0e-04 | 0.0168 | 0.9568 | 0.9606 | 0.9652 | 0.0197 | 0.9446 | 0.9430 | 0.9354
2623 | 10:10:51 |  12.6s | 1.0e-04 | 0.0166 | 0.9590 | 0.9596 | 0.9661 | 0.0199 | 0.9436 | 0.9440 | 0.9393
2624 | 10:11:15 |  22.0s | 1.0e-04 | 0.0165 | 0.9568 | 0.9595 | 0.9643 | 0.0189 | 0.9449 | 0.9486 | 0.9438
2625 | 10:11:50 |  12.5s | 1.0e-04 | 0.0166 | 0.9582 | 0.9593 | 0.9654 | 0.0199 | 0.9394 | 0.9483 | 0.9372
2626 | 10:12:14 |  12.4s | 1.0e-04 | 0.0169 | 0.9563 | 0.9589 | 0.9636 | 0.0200 | 0.9490 | 0.9427 | 0.9412
2627 | 10:12:38 |  12.3s | 1.0e-04 | 0.0171 | 0.9563 | 0.9583 | 0.9622 | 0.0194 | 0.9443 | 0.9494 | 0.9436
2628 | 10:13:01 |  12.0s | 1.0e-04 | 0.0167 | 0.9562 | 0.9592 | 0.9640 | 0.0189 | 0.9486 | 0.9484 | 0.9463
2629 | 10:13:26 |  12.0s | 1.0e-04 | 0.0171 | 0.9559 | 0.9571 | 0.9619 | 0.0185 | 0.9503 | 0.9453 | 0.9450
2630 | 10:13:52 |  11.8s | 1.0e-04 | 0.0174 | 0.9561 | 0.9589 | 0.9626 | 0.0196 | 0.9518 | 0.9382 | 0.9427
2631 | 10:14:15 |  12.2s | 1.0e-04 | 0.0171 | 0.9566 | 0.9576 | 0.9634 | 0.0186 | 0.9405 | 0.9549 | 0.9460
2632 | 10:14:39 |  12.2s | 1.0e-04 | 0.0169 | 0.9557 | 0.9594 | 0.9624 | 0.0189 | 0.9424 | 0.9501 | 0.9425
2633 | 10:15:02 |  12.3s | 1.0e-04 | 0.0174 | 0.9547 | 0.9576 | 0.9611 | 0.0194 | 0.9422 | 0.9460 | 0.9373
2634 | 10:15:27 |  11.8s | 1.0e-04 | 0.0173 | 0.9562 | 0.9586 | 0.9629 | 0.0200 | 0.9468 | 0.9399 | 0.9376
2635 | 10:15:52 |  12.0s | 1.0e-04 | 0.0171 | 0.9568 | 0.9591 | 0.9639 | 0.0186 | 0.9511 | 0.9459 | 0.9481
2636 | 10:16:17 |  12.4s | 1.0e-04 | 0.0172 | 0.9548 | 0.9590 | 0.9612 | 0.0198 | 0.9491 | 0.9432 | 0.9450
2637 | 10:16:40 |  12.3s | 1.0e-04 | 0.0169 | 0.9557 | 0.9592 | 0.9629 | 0.0197 | 0.9472 | 0.9399 | 0.9381
2638 | 10:17:04 |  12.1s | 1.0e-04 | 0.0169 | 0.9564 | 0.9573 | 0.9624 | 0.0192 | 0.9425 | 0.9470 | 0.9396
2639 | 10:17:27 |  12.0s | 1.0e-04 | 0.0171 | 0.9561 | 0.9588 | 0.9631 | 0.0189 | 0.9392 | 0.9536 | 0.9433
2640 | 10:17:53 |  12.0s | 1.0e-04 | 0.0167 | 0.9566 | 0.9610 | 0.9649 | 0.0198 | 0.9378 | 0.9515 | 0.9410
2641 | 10:18:18 |  12.1s | 1.0e-04 | 0.0167 | 0.9560 | 0.9602 | 0.9638 | 0.0192 | 0.9435 | 0.9499 | 0.9435
2642 | 10:18:41 |  21.7s | 1.0e-04 | 0.0167 | 0.9576 | 0.9608 | 0.9658 | 0.0192 | 0.9459 | 0.9492 | 0.9456
2643 | 10:19:16 |  11.8s | 1.0e-04 | 0.0164 | 0.9588 | 0.9620 | 0.9670 | 0.0197 | 0.9466 | 0.9526 | 0.9485
2644 | 10:19:39 |  12.5s | 1.0e-04 | 0.0169 | 0.9568 | 0.9602 | 0.9653 | 0.0201 | 0.9428 | 0.9439 | 0.9384
2645 | 10:20:02 |  23.5s | 1.0e-04 | 0.0165 | 0.9599 | 0.9600 | 0.9677 | 0.0202 | 0.9358 | 0.9432 | 0.9313
2646 | 10:20:37 |  23.9s | 1.0e-04 | 0.0162 | 0.9580 | 0.9597 | 0.9652 | 0.0203 | 0.9343 | 0.9470 | 0.9302
2647 | 10:21:15 |  12.9s | 1.0e-04 | 0.0164 | 0.9567 | 0.9614 | 0.9650 | 0.0197 | 0.9432 | 0.9496 | 0.9428
2648 | 10:21:42 |  12.6s | 1.0e-04 | 0.0157 | 0.9586 | 0.9619 | 0.9675 | 0.0193 | 0.9411 | 0.9485 | 0.9383
2649 | 10:22:07 |  12.9s | 1.0e-04 | 0.0163 | 0.9563 | 0.9614 | 0.9646 | 0.0194 | 0.9402 | 0.9470 | 0.9369
2650 | 10:22:31 |  12.8s | 1.0e-04 | 0.0158 | 0.9577 | 0.9616 | 0.9659 | 0.0194 | 0.9476 | 0.9477 | 0.9459
2651 | 10:22:56 |  12.7s | 1.0e-04 | 0.0161 | 0.9584 | 0.9625 | 0.9676 | 0.0203 | 0.9455 | 0.9425 | 0.9385
2652 | 10:23:19 |  13.0s | 1.0e-04 | 0.0161 | 0.9577 | 0.9610 | 0.9661 | 0.0185 | 0.9464 | 0.9458 | 0.9430
2653 | 10:23:45 |  12.4s | 1.0e-04 | 0.0156 | 0.9574 | 0.9619 | 0.9657 | 0.0196 | 0.9460 | 0.9474 | 0.9428
2654 | 10:24:12 |  12.4s | 1.0e-04 | 0.0165 | 0.9574 | 0.9600 | 0.9650 | 0.0205 | 0.9426 | 0.9487 | 0.9410
2655 | 10:24:36 |  12.5s | 1.0e-04 | 0.0156 | 0.9585 | 0.9601 | 0.9663 | 0.0198 | 0.9473 | 0.9412 | 0.9394
2656 | 10:25:00 |  13.0s | 1.0e-04 | 0.0160 | 0.9580 | 0.9625 | 0.9671 | 0.0194 | 0.9465 | 0.9445 | 0.9394
2657 | 10:25:25 |  12.4s | 1.0e-04 | 0.0158 | 0.9598 | 0.9612 | 0.9673 | 0.0200 | 0.9479 | 0.9361 | 0.9350
2658 | 10:25:49 |  12.6s | 1.0e-04 | 0.0163 | 0.9579 | 0.9599 | 0.9652 | 0.0197 | 0.9400 | 0.9466 | 0.9358
2659 | 10:26:14 |  12.7s | 1.0e-04 | 0.0160 | 0.9587 | 0.9614 | 0.9674 | 0.0203 | 0.9434 | 0.9485 | 0.9413
2660 | 10:26:40 |  12.6s | 1.0e-04 | 0.0155 | 0.9594 | 0.9621 | 0.9683 | 0.0195 | 0.9443 | 0.9483 | 0.9421
2661 | 10:27:05 |  12.5s | 1.0e-04 | 0.0163 | 0.9577 | 0.9617 | 0.9661 | 0.0198 | 0.9385 | 0.9521 | 0.9410
2662 | 10:27:28 |  12.5s | 1.0e-04 | 0.0158 | 0.9581 | 0.9614 | 0.9664 | 0.0195 | 0.9395 | 0.9572 | 0.9479
2663 | 10:27:52 |  21.0s | 1.0e-04 | 0.0161 | 0.9575 | 0.9607 | 0.9661 | 0.0194 | 0.9511 | 0.9432 | 0.9438
2664 | 10:28:24 |  13.0s | 1.0e-04 | 0.0159 | 0.9584 | 0.9602 | 0.9664 | 0.0194 | 0.9454 | 0.9468 | 0.9427
2665 | 10:28:49 |  12.9s | 1.0e-04 | 0.0155 | 0.9602 | 0.9608 | 0.9683 | 0.0203 | 0.9388 | 0.9554 | 0.9448
2666 | 10:29:14 |  21.7s | 1.0e-04 | 0.0162 | 0.9587 | 0.9612 | 0.9665 | 0.0194 | 0.9444 | 0.9500 | 0.9441
2667 | 10:29:47 |  23.4s | 1.0e-04 | 0.0167 | 0.9588 | 0.9611 | 0.9664 | 0.0196 | 0.9434 | 0.9492 | 0.9426
