Starting Auxiliary Task Rewiring Experiment on cuda:0
0001 | 19:35:16 |  36.5s | 1.0e-04 | 4.0904 | 0.2567 | 0.0834 | 0.1050 | 0.1432 | 0.8228 | 0.2488 | 0.1816
0002 | 19:36:08 |  21.4s | 1.0e-04 | 1.6409 | 0.7636 | 0.4363 | 0.2665 | 0.1161 | 0.7606 | 0.5077 | 0.3177
0003 | 19:36:44 |  21.1s | 1.0e-04 | 1.5933 | 0.7797 | 0.5570 | 0.3684 | 0.1031 | 0.8001 | 0.5583 | 0.3720
0004 | 19:37:20 |  21.1s | 1.0e-04 | 0.8516 | 0.8002 | 0.5993 | 0.4019 | 0.1008 | 0.7962 | 0.5895 | 0.3822
0005 | 19:37:56 |  21.3s | 1.0e-04 | 0.7468 | 0.8011 | 0.6228 | 0.4199 | 0.0953 | 0.7844 | 0.6194 | 0.3787
0006 | 19:38:33 |  21.4s | 1.0e-04 | 0.5757 | 0.8133 | 0.6363 | 0.4329 | 0.0984 | 0.7723 | 0.6938 | 0.4394
0007 | 19:39:10 |  22.1s | 1.0e-04 | 0.4066 | 0.8184 | 0.6526 | 0.4549 | 0.0911 | 0.7990 | 0.6652 | 0.4258
0008 | 19:39:47 |  30.8s | 1.0e-04 | 0.3541 | 0.8282 | 0.6645 | 0.4715 | 0.0887 | 0.8210 | 0.6423 | 0.4243
0009 | 19:40:33 |  21.6s | 1.0e-04 | 2.8103 | 0.8277 | 0.6678 | 0.4672 | 0.0872 | 0.8447 | 0.6146 | 0.4535
0010 | 19:41:10 |  21.9s | 1.0e-04 | 0.4084 | 0.8273 | 0.6770 | 0.4785 | 0.0849 | 0.8171 | 0.6767 | 0.4532
0011 | 19:41:47 |  21.8s | 1.0e-04 | 0.2514 | 0.8381 | 0.6918 | 0.5097 | 0.0831 | 0.8132 | 0.6875 | 0.4611
0012 | 19:42:24 |  21.4s | 1.0e-04 | 0.3252 | 0.8439 | 0.6995 | 0.5215 | 0.0813 | 0.8142 | 0.7195 | 0.4960
0013 | 19:43:01 |  21.6s | 1.0e-04 | 0.2703 | 0.8433 | 0.7080 | 0.5349 | 0.0822 | 0.8608 | 0.6684 | 0.5172
0014 | 19:43:38 |  21.6s | 1.0e-04 | 0.2181 | 0.8451 | 0.7141 | 0.5471 | 0.0783 | 0.8634 | 0.6638 | 0.5196
0015 | 19:44:15 |  21.8s | 1.0e-04 | 0.2022 | 0.8465 | 0.7192 | 0.5590 | 0.0772 | 0.8196 | 0.7370 | 0.5329
0016 | 19:44:52 |  35.2s | 1.0e-04 | 0.2051 | 0.8482 | 0.7245 | 0.5687 | 0.0740 | 0.8349 | 0.7270 | 0.5486
0017 | 19:45:42 |  21.5s | 1.0e-04 | 0.2430 | 0.8521 | 0.7361 | 0.5878 | 0.0730 | 0.8408 | 0.7328 | 0.5670
0018 | 19:46:19 |  21.6s | 1.0e-04 | 0.2038 | 0.8516 | 0.7398 | 0.5974 | 0.0726 | 0.8507 | 0.7236 | 0.5812
0019 | 19:46:56 |  21.7s | 1.0e-04 | 0.1728 | 0.8545 | 0.7466 | 0.6103 | 0.0698 | 0.8506 | 0.7210 | 0.5707
0020 | 19:47:32 |  21.7s | 1.0e-04 | 0.2101 | 0.8515 | 0.7535 | 0.6307 | 0.0717 | 0.8418 | 0.7400 | 0.5946
0021 | 19:48:09 |  21.5s | 1.0e-04 | 0.1926 | 0.8566 | 0.7570 | 0.6331 | 0.0693 | 0.8633 | 0.7497 | 0.6314
0022 | 19:48:46 |  21.6s | 1.0e-04 | 0.1802 | 0.8582 | 0.7630 | 0.6468 | 0.0682 | 0.8466 | 0.7491 | 0.6106
0023 | 19:49:23 |  21.5s | 1.0e-04 | 0.3700 | 0.8619 | 0.7695 | 0.6642 | 0.0671 | 0.8340 | 0.7872 | 0.6448
0024 | 19:49:59 |  32.6s | 1.0e-04 | 0.2440 | 0.8633 | 0.7733 | 0.6746 | 0.0670 | 0.8550 | 0.7626 | 0.6405
0025 | 19:50:47 |  21.6s | 1.0e-04 | 0.4543 | 0.8634 | 0.7744 | 0.6769 | 0.0674 | 0.8622 | 0.7514 | 0.6424
0026 | 19:51:24 |  21.4s | 1.0e-04 | 0.1433 | 0.8662 | 0.7837 | 0.6971 | 0.0649 | 0.8533 | 0.7496 | 0.6187
0027 | 19:52:01 |  21.2s | 1.0e-04 | 0.1761 | 0.8678 | 0.7895 | 0.7076 | 0.0650 | 0.8347 | 0.8016 | 0.6564
0028 | 19:52:37 |  21.8s | 1.0e-04 | 0.6731 | 0.8688 | 0.7921 | 0.7121 | 0.0641 | 0.8496 | 0.7907 | 0.6718
0029 | 19:53:15 |  21.5s | 1.0e-04 | 0.1613 | 0.8724 | 0.7938 | 0.7174 | 0.0648 | 0.8315 | 0.8084 | 0.6808
0030 | 19:53:51 |  21.8s | 1.0e-04 | 0.1771 | 0.8707 | 0.7934 | 0.7195 | 0.0606 | 0.8687 | 0.7695 | 0.6769
0031 | 19:54:28 |  21.2s | 1.0e-04 | 0.1366 | 0.8729 | 0.7977 | 0.7263 | 0.0609 | 0.8547 | 0.7995 | 0.6976
0032 | 19:55:05 |  34.3s | 1.0e-04 | 0.1215 | 0.8732 | 0.7967 | 0.7282 | 0.0625 | 0.8299 | 0.8237 | 0.6987
0033 | 19:55:54 |  21.4s | 1.0e-04 | 0.1199 | 0.8754 | 0.8005 | 0.7344 | 0.0602 | 0.8491 | 0.7886 | 0.6759
0034 | 19:56:31 |  21.5s | 1.0e-04 | 0.1147 | 0.8751 | 0.8020 | 0.7377 | 0.0593 | 0.8447 | 0.8045 | 0.6904
0035 | 19:57:08 |  21.5s | 1.0e-04 | 0.1197 | 0.8747 | 0.8028 | 0.7412 | 0.0598 | 0.8976 | 0.7507 | 0.7175
0036 | 19:57:45 |  21.6s | 1.0e-04 | 0.1424 | 0.8781 | 0.8059 | 0.7476 | 0.0581 | 0.8361 | 0.8222 | 0.7064
0037 | 19:58:22 |  21.7s | 1.0e-04 | 0.2953 | 0.8789 | 0.8093 | 0.7529 | 0.0582 | 0.8761 | 0.8002 | 0.7365
0038 | 19:58:59 |  21.4s | 1.0e-04 | 0.1107 | 0.8777 | 0.8102 | 0.7552 | 0.0563 | 0.8698 | 0.8000 | 0.7284
0039 | 19:59:36 |  21.7s | 1.0e-04 | 0.1092 | 0.8789 | 0.8134 | 0.7618 | 0.0587 | 0.8376 | 0.8368 | 0.7383
0040 | 20:00:12 |  37.1s | 1.0e-04 | 0.1096 | 0.8788 | 0.8125 | 0.7596 | 0.0558 | 0.8607 | 0.8224 | 0.7489
0041 | 20:01:04 |  21.6s | 1.0e-04 | 0.1024 | 0.8806 | 0.8149 | 0.7662 | 0.0554 | 0.8498 | 0.8358 | 0.7448
0042 | 20:01:41 |  21.4s | 1.0e-04 | 0.1091 | 0.8798 | 0.8154 | 0.7678 | 0.0551 | 0.8888 | 0.8071 | 0.7756
0043 | 20:02:18 |  21.6s | 1.0e-04 | 0.1199 | 0.8816 | 0.8207 | 0.7766 | 0.0553 | 0.8566 | 0.8250 | 0.7453
0044 | 20:02:55 |  21.3s | 1.0e-04 | 0.1302 | 0.8802 | 0.8205 | 0.7754 | 0.0548 | 0.8399 | 0.8367 | 0.7471
0045 | 20:03:32 |  21.6s | 1.0e-04 | 0.0955 | 0.8832 | 0.8227 | 0.7838 | 0.0527 | 0.8717 | 0.8220 | 0.7659
0046 | 20:04:09 |  21.3s | 1.0e-04 | 0.7480 | 0.8833 | 0.8239 | 0.7845 | 0.0562 | 0.8368 | 0.8618 | 0.7738
0047 | 20:04:46 |  33.0s | 1.0e-04 | 0.1204 | 0.8821 | 0.8243 | 0.7833 | 0.0531 | 0.8859 | 0.8004 | 0.7637
0048 | 20:05:34 |  21.8s | 1.0e-04 | 0.1545 | 0.8860 | 0.8335 | 0.8042 | 0.0535 | 0.8527 | 0.8318 | 0.7555
0049 | 20:06:12 |  21.6s | 1.0e-04 | 0.1194 | 0.8866 | 0.8362 | 0.8072 | 0.0529 | 0.8907 | 0.7988 | 0.7657
0050 | 20:06:49 |  21.8s | 1.0e-04 | 0.1105 | 0.8867 | 0.8351 | 0.8076 | 0.0529 | 0.9021 | 0.7838 | 0.7779
0051 | 20:07:26 |  21.6s | 1.0e-04 | 0.1117 | 0.8874 | 0.8394 | 0.8131 | 0.0526 | 0.8649 | 0.8295 | 0.7739
0052 | 20:08:03 |  22.0s | 1.0e-04 | 0.1337 | 0.8888 | 0.8413 | 0.8181 | 0.0508 | 0.8814 | 0.8250 | 0.7873
0053 | 20:08:40 |  21.7s | 1.0e-04 | 0.1033 | 0.8874 | 0.8409 | 0.8182 | 0.0514 | 0.8662 | 0.8285 | 0.7747
0054 | 20:09:18 |  21.6s | 1.0e-04 | 0.1057 | 0.8888 | 0.8416 | 0.8179 | 0.0510 | 0.8781 | 0.8385 | 0.8018
0055 | 20:09:55 |  35.2s | 1.0e-04 | 0.1518 | 0.8897 | 0.8404 | 0.8177 | 0.0512 | 0.8788 | 0.8268 | 0.7846
0056 | 20:10:46 |  21.5s | 1.0e-04 | 4.8683 | 0.8888 | 0.8417 | 0.8176 | 0.0519 | 0.8803 | 0.8172 | 0.7800
0057 | 20:11:23 |  21.4s | 1.0e-04 | 0.2604 | 0.8878 | 0.8414 | 0.8175 | 0.0506 | 0.8463 | 0.8632 | 0.7934
0058 | 20:12:00 |  21.6s | 1.0e-04 | 0.3319 | 0.8886 | 0.8439 | 0.8225 | 0.0509 | 0.8755 | 0.8314 | 0.7893
0059 | 20:12:38 |  21.4s | 1.0e-04 | 0.1291 | 0.8899 | 0.8461 | 0.8286 | 0.0507 | 0.8963 | 0.8211 | 0.8065
0060 | 20:13:15 |  21.6s | 1.0e-04 | 0.1432 | 0.8922 | 0.8492 | 0.8325 | 0.0501 | 0.8780 | 0.8225 | 0.7867
0061 | 20:13:53 |  21.6s | 1.0e-04 | 0.1761 | 0.8918 | 0.8485 | 0.8324 | 0.0489 | 0.8864 | 0.8305 | 0.8074
0062 | 20:14:30 |  21.6s | 1.0e-04 | 0.3061 | 0.8913 | 0.8518 | 0.8377 | 0.0493 | 0.8685 | 0.8354 | 0.7864
0063 | 20:15:08 |  34.6s | 1.0e-04 | 0.6071 | 0.8925 | 0.8517 | 0.8379 | 0.0492 | 0.8659 | 0.8497 | 0.7984
0064 | 20:15:58 |  21.4s | 1.0e-04 | 0.1090 | 0.8927 | 0.8549 | 0.8430 | 0.0507 | 0.8840 | 0.8322 | 0.8028
0065 | 20:16:35 |  21.0s | 1.0e-04 | 0.1286 | 0.8926 | 0.8539 | 0.8423 | 0.0484 | 0.8648 | 0.8561 | 0.8083
0066 | 20:17:11 |  21.3s | 1.0e-04 | 0.0885 | 0.8935 | 0.8555 | 0.8450 | 0.0484 | 0.8907 | 0.8097 | 0.7930
0067 | 20:17:48 |  21.3s | 1.0e-04 | 0.0918 | 0.8937 | 0.8551 | 0.8431 | 0.0478 | 0.8789 | 0.8343 | 0.8047
0068 | 20:18:25 |  21.5s | 1.0e-04 | 0.1067 | 0.8945 | 0.8612 | 0.8534 | 0.0484 | 0.8631 | 0.8471 | 0.7923
0069 | 20:19:02 |  21.3s | 1.0e-04 | 0.1046 | 0.8944 | 0.8592 | 0.8519 | 0.0483 | 0.8861 | 0.8271 | 0.8068
0070 | 20:19:39 |  21.5s | 1.0e-04 | 0.1176 | 0.8942 | 0.8622 | 0.8542 | 0.0483 | 0.8983 | 0.8158 | 0.8155
0071 | 20:20:17 |  32.2s | 1.0e-04 | 0.1254 | 0.8950 | 0.8630 | 0.8559 | 0.0468 | 0.8849 | 0.8392 | 0.8156
0072 | 20:21:05 |  21.3s | 1.0e-04 | 0.4189 | 0.8942 | 0.8639 | 0.8568 | 0.0468 | 0.8689 | 0.8730 | 0.8358
0073 | 20:21:42 |  21.2s | 1.0e-04 | 0.3071 | 0.8943 | 0.8630 | 0.8549 | 0.0482 | 0.8418 | 0.8825 | 0.8173
0074 | 20:22:18 |  21.4s | 1.0e-04 | 0.1936 | 0.8944 | 0.8655 | 0.8575 | 0.0462 | 0.8538 | 0.8742 | 0.8200
0075 | 20:22:55 |  21.4s | 1.0e-04 | 0.1092 | 0.8968 | 0.8677 | 0.8632 | 0.0456 | 0.8626 | 0.8737 | 0.8294
0076 | 20:23:33 |  21.4s | 1.0e-04 | 0.1517 | 0.8960 | 0.8702 | 0.8665 | 0.0444 | 0.8801 | 0.8569 | 0.8341
0077 | 20:24:10 |  21.4s | 1.0e-04 | 0.1016 | 0.8963 | 0.8690 | 0.8645 | 0.0459 | 0.8760 | 0.8644 | 0.8350
0078 | 20:24:46 |  21.5s | 1.0e-04 | 0.0909 | 0.8968 | 0.8711 | 0.8678 | 0.0456 | 0.8649 | 0.8766 | 0.8358
0079 | 20:25:23 |  34.5s | 1.0e-04 | 0.1344 | 0.8972 | 0.8727 | 0.8693 | 0.0445 | 0.8922 | 0.8419 | 0.8359
0080 | 20:26:14 |  21.6s | 1.0e-04 | 0.1132 | 0.8974 | 0.8713 | 0.8685 | 0.0437 | 0.8815 | 0.8547 | 0.8283
0081 | 20:26:51 |  21.4s | 1.0e-04 | 0.3103 | 0.8982 | 0.8740 | 0.8715 | 0.0448 | 0.8970 | 0.8412 | 0.8401
0082 | 20:27:28 |  21.6s | 1.0e-04 | 0.1417 | 0.8974 | 0.8738 | 0.8712 | 0.0442 | 0.8698 | 0.8779 | 0.8445
0083 | 20:28:05 |  21.6s | 1.0e-04 | 0.1052 | 0.8976 | 0.8732 | 0.8722 | 0.0440 | 0.8919 | 0.8529 | 0.8466
0084 | 20:28:43 |  21.4s | 1.0e-04 | 0.0942 | 0.8988 | 0.8762 | 0.8751 | 0.0460 | 0.9094 | 0.8185 | 0.8371
0085 | 20:29:19 |  21.5s | 1.0e-04 | 0.1041 | 0.8971 | 0.8756 | 0.8730 | 0.0436 | 0.8762 | 0.8663 | 0.8364
0086 | 20:29:57 |  35.0s | 1.0e-04 | 0.1656 | 0.8995 | 0.8803 | 0.8812 | 0.0434 | 0.8932 | 0.8445 | 0.8372
0087 | 20:30:47 |  21.3s | 1.0e-04 | 0.0863 | 0.8969 | 0.8720 | 0.8686 | 0.0452 | 0.8409 | 0.9067 | 0.8505
0088 | 20:31:23 |  21.4s | 1.0e-04 | 0.0806 | 0.8969 | 0.8725 | 0.8706 | 0.0433 | 0.8974 | 0.8443 | 0.8459
0089 | 20:32:00 |  21.1s | 1.0e-04 | 0.2057 | 0.8981 | 0.8754 | 0.8728 | 0.0416 | 0.8983 | 0.8396 | 0.8421
0090 | 20:32:37 |  21.5s | 1.0e-04 | 0.0807 | 0.8983 | 0.8743 | 0.8737 | 0.0414 | 0.9054 | 0.8456 | 0.8570
0091 | 20:33:14 |  21.0s | 1.0e-04 | 0.1007 | 0.8989 | 0.8782 | 0.8775 | 0.0413 | 0.8719 | 0.8810 | 0.8522
0092 | 20:33:51 |  21.4s | 1.0e-04 | 0.0757 | 0.8996 | 0.8790 | 0.8794 | 0.0416 | 0.8820 | 0.8764 | 0.8577
0093 | 20:34:27 |  21.4s | 1.0e-04 | 0.0737 | 0.8983 | 0.8784 | 0.8779 | 0.0431 | 0.9054 | 0.8407 | 0.8496
0094 | 20:35:04 |  34.6s | 1.0e-04 | 0.3043 | 0.8980 | 0.8792 | 0.8784 | 0.0421 | 0.8778 | 0.8789 | 0.8550
0095 | 20:35:54 |  21.5s | 1.0e-04 | 0.1271 | 0.9004 | 0.8822 | 0.8839 | 0.0412 | 0.8860 | 0.8667 | 0.8503
0096 | 20:36:31 |  21.4s | 1.0e-04 | 0.0786 | 0.8998 | 0.8801 | 0.8813 | 0.0413 | 0.8933 | 0.8554 | 0.8523
0097 | 20:37:07 |  21.6s | 1.0e-04 | 0.0778 | 0.9009 | 0.8816 | 0.8831 | 0.0414 | 0.8888 | 0.8737 | 0.8609
0098 | 20:37:44 |  21.5s | 1.0e-04 | 0.0861 | 0.9015 | 0.8869 | 0.8896 | 0.0416 | 0.8844 | 0.8819 | 0.8662
0099 | 20:38:20 |  21.3s | 1.0e-04 | 0.1225 | 0.9016 | 0.8849 | 0.8878 | 0.0406 | 0.9000 | 0.8570 | 0.8618
0100 | 20:38:58 |  21.4s | 1.0e-04 | 0.1110 | 0.9022 | 0.8843 | 0.8880 | 0.0419 | 0.8846 | 0.8850 | 0.8683
0101 | 20:39:34 |  21.5s | 1.0e-04 | 0.1527 | 0.9038 | 0.8905 | 0.8956 | 0.0400 | 0.8756 | 0.8902 | 0.8650
0102 | 20:40:10 |  32.1s | 1.0e-04 | 0.0918 | 0.9037 | 0.8908 | 0.8957 | 0.0403 | 0.8964 | 0.8699 | 0.8680
0103 | 20:40:58 |  21.3s | 1.0e-04 | 0.1308 | 0.9043 | 0.8932 | 0.8981 | 0.0407 | 0.8923 | 0.8637 | 0.8561
0104 | 20:41:35 |  21.3s | 1.0e-04 | 0.1722 | 0.9041 | 0.8929 | 0.8978 | 0.0390 | 0.8798 | 0.8877 | 0.8665
0105 | 20:42:11 |  20.9s | 1.0e-04 | 0.0772 | 0.9038 | 0.8937 | 0.8992 | 0.0400 | 0.8881 | 0.8819 | 0.8711
0106 | 20:42:48 |  21.3s | 1.0e-04 | 0.0814 | 0.9063 | 0.8954 | 0.9024 | 0.0398 | 0.8927 | 0.8830 | 0.8761
0107 | 20:43:24 |  21.6s | 1.0e-04 | 0.0966 | 0.9054 | 0.8960 | 0.9018 | 0.0404 | 0.8861 | 0.8714 | 0.8592
0108 | 20:44:02 |  21.3s | 1.0e-04 | 0.8502 | 0.9012 | 0.8939 | 0.8963 | 0.0398 | 0.8723 | 0.8867 | 0.8568
0109 | 20:44:38 |  21.1s | 1.0e-04 | 0.1095 | 0.9059 | 0.8964 | 0.9028 | 0.0388 | 0.9123 | 0.8541 | 0.8729
0110 | 20:45:15 |  33.5s | 1.0e-04 | 0.0844 | 0.9052 | 0.8963 | 0.9025 | 0.0394 | 0.8909 | 0.8708 | 0.8638
0111 | 20:46:04 |  21.7s | 1.0e-04 | 0.1903 | 0.9073 | 0.8993 | 0.9067 | 0.0386 | 0.8868 | 0.8904 | 0.8770
0112 | 20:46:40 |  21.1s | 1.0e-04 | 0.1208 | 0.9056 | 0.8976 | 0.9038 | 0.0385 | 0.8990 | 0.8791 | 0.8802
0113 | 20:47:17 |  21.2s | 1.0e-04 | 0.1535 | 0.9082 | 0.9003 | 0.9086 | 0.0392 | 0.8932 | 0.8812 | 0.8759
0114 | 20:47:53 |  21.5s | 1.0e-04 | 0.0993 | 0.9065 | 0.9006 | 0.9070 | 0.0379 | 0.9002 | 0.8733 | 0.8773
0115 | 20:48:30 |  21.4s | 1.0e-04 | 0.0957 | 0.9088 | 0.9024 | 0.9107 | 0.0385 | 0.9138 | 0.8566 | 0.8795
0116 | 20:49:08 |  21.4s | 1.0e-04 | 0.1139 | 0.9088 | 0.9022 | 0.9107 | 0.0380 | 0.8789 | 0.9064 | 0.8856
0117 | 20:49:44 |  21.6s | 1.0e-04 | 0.0818 | 0.9088 | 0.9018 | 0.9103 | 0.0381 | 0.9046 | 0.8647 | 0.8766
0118 | 20:50:21 |  33.0s | 1.0e-04 | 0.0961 | 0.9088 | 0.9019 | 0.9104 | 0.0393 | 0.8718 | 0.8970 | 0.8684
0119 | 20:51:09 |  21.4s | 1.0e-04 | 0.1434 | 0.9082 | 0.9009 | 0.9089 | 0.0389 | 0.8811 | 0.8899 | 0.8700
0120 | 20:51:45 |  21.4s | 1.0e-04 | 0.0782 | 0.9099 | 0.9039 | 0.9134 | 0.0377 | 0.9105 | 0.8766 | 0.8894
0121 | 20:52:22 |  21.5s | 1.0e-04 | 0.0826 | 0.9109 | 0.9045 | 0.9145 | 0.0389 | 0.8779 | 0.9029 | 0.8804
0122 | 20:52:58 |  21.6s | 1.0e-04 | 0.0952 | 0.9096 | 0.9040 | 0.9130 | 0.0378 | 0.8999 | 0.8781 | 0.8810
0123 | 20:53:35 |  21.5s | 1.0e-04 | 0.0742 | 0.9116 | 0.9054 | 0.9158 | 0.0396 | 0.8823 | 0.8990 | 0.8817
0124 | 20:54:12 |  21.5s | 1.0e-04 | 0.1494 | 0.9066 | 0.9003 | 0.9068 | 0.0418 | 0.9281 | 0.8224 | 0.8730
0125 | 20:54:49 |  21.3s | 1.0e-04 | 0.0949 | 0.9104 | 0.9040 | 0.9136 | 0.0401 | 0.8532 | 0.9130 | 0.8693
0126 | 20:55:27 |  21.6s | 1.0e-04 | 0.0948 | 0.9087 | 0.9020 | 0.9102 | 0.0373 | 0.9022 | 0.8775 | 0.8827
0127 | 20:56:05 |  21.6s | 1.0e-04 | 0.0781 | 0.9101 | 0.9049 | 0.9140 | 0.0368 | 0.9144 | 0.8725 | 0.8932
0128 | 20:56:41 |  21.8s | 1.0e-04 | 0.0785 | 0.9107 | 0.9031 | 0.9133 | 0.0363 | 0.8939 | 0.8793 | 0.8742
0129 | 20:57:18 |  21.4s | 1.0e-04 | 0.0729 | 0.9114 | 0.9039 | 0.9145 | 0.0369 | 0.9030 | 0.8777 | 0.8814
0130 | 20:57:55 |  21.7s | 1.0e-04 | 0.0682 | 0.9107 | 0.9060 | 0.9155 | 0.0379 | 0.9203 | 0.8608 | 0.8892
0131 | 20:58:32 |  22.0s | 1.0e-04 | 0.1203 | 0.9101 | 0.9051 | 0.9143 | 0.0372 | 0.9119 | 0.8645 | 0.8851
0132 | 20:59:09 |  21.5s | 1.0e-04 | 0.1231 | 0.9119 | 0.9061 | 0.9170 | 0.0384 | 0.8709 | 0.9065 | 0.8773
0133 | 20:59:46 |  34.7s | 1.0e-04 | 0.1412 | 0.9104 | 0.9058 | 0.9157 | 0.0360 | 0.8893 | 0.9006 | 0.8901
0134 | 21:00:36 |  21.5s | 1.0e-04 | 0.2267 | 0.9113 | 0.9065 | 0.9168 | 0.0358 | 0.8971 | 0.8987 | 0.8960
0135 | 21:01:13 |  21.7s | 1.0e-04 | 0.1499 | 0.9120 | 0.9054 | 0.9165 | 0.0377 | 0.9003 | 0.8979 | 0.8983
0136 | 21:01:50 |  21.6s | 1.0e-04 | 0.0838 | 0.9113 | 0.9064 | 0.9163 | 0.0362 | 0.9009 | 0.9007 | 0.9016
0137 | 21:02:26 |  21.3s | 1.0e-04 | 0.1190 | 0.9125 | 0.9077 | 0.9181 | 0.0353 | 0.9059 | 0.8880 | 0.8945
0138 | 21:03:03 |  21.2s | 1.0e-04 | 0.1004 | 0.9115 | 0.9056 | 0.9162 | 0.0361 | 0.9093 | 0.8682 | 0.8844
0139 | 21:03:40 |  21.7s | 1.0e-04 | 0.0908 | 0.9122 | 0.9071 | 0.9177 | 0.0361 | 0.9060 | 0.8877 | 0.8950
0140 | 21:04:17 |  21.6s | 1.0e-04 | 0.0786 | 0.9135 | 0.9093 | 0.9210 | 0.0370 | 0.8794 | 0.9164 | 0.8969
0141 | 21:04:54 |  36.5s | 1.0e-04 | 0.0792 | 0.9135 | 0.9098 | 0.9209 | 0.0361 | 0.9104 | 0.8658 | 0.8818
0142 | 21:05:47 |  21.5s | 1.0e-04 | 0.2988 | 0.9143 | 0.9105 | 0.9222 | 0.0349 | 0.8928 | 0.9005 | 0.8933
0143 | 21:06:24 |  21.7s | 1.0e-04 | 0.1244 | 0.9152 | 0.9098 | 0.9226 | 0.0361 | 0.8843 | 0.9058 | 0.8897
0144 | 21:07:01 |  21.6s | 1.0e-04 | 0.0898 | 0.9135 | 0.9113 | 0.9228 | 0.0360 | 0.8906 | 0.9108 | 0.9004
0145 | 21:07:38 |  21.6s | 1.0e-04 | 0.1263 | 0.9160 | 0.9134 | 0.9260 | 0.0351 | 0.8884 | 0.9036 | 0.8917
0146 | 21:08:15 |  21.6s | 1.0e-04 | 0.1503 | 0.9154 | 0.9130 | 0.9257 | 0.0356 | 0.8921 | 0.9061 | 0.8973
0147 | 21:08:52 |  21.5s | 1.0e-04 | 0.1109 | 0.9140 | 0.9118 | 0.9221 | 0.0361 | 0.8915 | 0.9075 | 0.8979
0148 | 21:09:30 |  21.4s | 1.0e-04 | 0.1516 | 0.9143 | 0.9110 | 0.9230 | 0.0365 | 0.8845 | 0.9055 | 0.8902
0149 | 21:10:06 |  32.9s | 1.0e-04 | 0.2225 | 0.9155 | 0.9135 | 0.9250 | 0.0368 | 0.9204 | 0.8755 | 0.9005
0150 | 21:10:55 |  21.3s | 1.0e-04 | 0.1319 | 0.9165 | 0.9127 | 0.9263 | 0.0347 | 0.8964 | 0.9003 | 0.8966
0151 | 21:11:31 |  21.2s | 1.0e-04 | 0.1565 | 0.9132 | 0.9091 | 0.9205 | 0.0358 | 0.8915 | 0.8983 | 0.8902
0152 | 21:12:08 |  21.0s | 1.0e-04 | 0.1209 | 0.9158 | 0.9124 | 0.9243 | 0.0338 | 0.9076 | 0.8954 | 0.9038
0153 | 21:12:44 |  21.2s | 1.0e-04 | 0.0790 | 0.9162 | 0.9120 | 0.9251 | 0.0349 | 0.9024 | 0.9023 | 0.9042
0154 | 21:13:20 |  21.2s | 1.0e-04 | 0.0951 | 0.9170 | 0.9131 | 0.9269 | 0.0363 | 0.8961 | 0.9011 | 0.8968
0155 | 21:13:56 |  21.4s | 1.0e-04 | 0.0727 | 0.9158 | 0.9123 | 0.9248 | 0.0351 | 0.8936 | 0.9102 | 0.9025
0156 | 21:14:33 |  21.8s | 1.0e-04 | 0.0700 | 0.9155 | 0.9119 | 0.9245 | 0.0347 | 0.8988 | 0.9010 | 0.8994
0157 | 21:15:11 |  33.5s | 1.0e-04 | 0.0735 | 0.9156 | 0.9134 | 0.9259 | 0.0336 | 0.8900 | 0.9096 | 0.8993
0158 | 21:15:59 |  21.8s | 1.0e-04 | 0.0697 | 0.9179 | 0.9132 | 0.9280 | 0.0339 | 0.9252 | 0.8694 | 0.9031
0159 | 21:16:36 |  21.9s | 1.0e-04 | 0.0810 | 0.9178 | 0.9136 | 0.9288 | 0.0346 | 0.8844 | 0.9093 | 0.8941
0160 | 21:17:14 |  21.9s | 1.0e-04 | 0.0681 | 0.9178 | 0.9145 | 0.9280 | 0.0360 | 0.9102 | 0.8895 | 0.9019
0161 | 21:17:53 |  21.7s | 1.0e-04 | 0.0686 | 0.9178 | 0.9152 | 0.9292 | 0.0349 | 0.9049 | 0.8904 | 0.8971
0162 | 21:18:32 |  22.1s | 1.0e-04 | 0.1058 | 0.9187 | 0.9160 | 0.9307 | 0.0346 | 0.8820 | 0.9152 | 0.8972
0163 | 21:19:11 |  22.2s | 1.0e-04 | 0.0763 | 0.9178 | 0.9150 | 0.9287 | 0.0346 | 0.9137 | 0.8862 | 0.9018
0164 | 21:19:49 |  22.2s | 1.0e-04 | 0.1102 | 0.9164 | 0.9145 | 0.9266 | 0.0344 | 0.9093 | 0.8879 | 0.8984
0165 | 21:20:28 |  39.6s | 1.0e-04 | 0.1176 | 0.9163 | 0.9137 | 0.9266 | 0.0341 | 0.9143 | 0.8896 | 0.9065
0166 | 21:21:25 |  22.1s | 1.0e-04 | 0.1460 | 0.9179 | 0.9155 | 0.9293 | 0.0339 | 0.9098 | 0.8968 | 0.9079
0167 | 21:22:04 |  22.3s | 1.0e-04 | 0.0867 | 0.9174 | 0.9146 | 0.9283 | 0.0341 | 0.9064 | 0.8877 | 0.8965
0168 | 21:22:42 |  23.3s | 1.0e-04 | 0.0769 | 0.9171 | 0.9152 | 0.9285 | 0.0343 | 0.8947 | 0.9015 | 0.8958
0169 | 21:23:22 |  24.4s | 1.0e-04 | 0.0846 | 0.9182 | 0.9143 | 0.9293 | 0.0344 | 0.9137 | 0.8807 | 0.8990
0170 | 21:24:02 |  23.3s | 1.0e-04 | 0.0866 | 0.9178 | 0.9160 | 0.9297 | 0.0345 | 0.9237 | 0.8752 | 0.9046
0171 | 21:24:42 |  21.9s | 1.0e-04 | 0.0935 | 0.9189 | 0.9141 | 0.9299 | 0.0342 | 0.9044 | 0.9023 | 0.9061
0172 | 21:25:20 |  37.2s | 1.0e-04 | 0.3813 | 0.9182 | 0.9128 | 0.9274 | 0.0352 | 0.8782 | 0.9215 | 0.8996
0173 | 21:26:13 |  23.0s | 1.0e-04 | 0.1981 | 0.9203 | 0.9176 | 0.9328 | 0.0337 | 0.9021 | 0.8985 | 0.9012
0174 | 21:26:53 |  22.2s | 1.0e-04 | 0.1156 | 0.9195 | 0.9170 | 0.9319 | 0.0341 | 0.9017 | 0.8989 | 0.9007
0175 | 21:27:31 |  21.5s | 1.0e-04 | 0.1039 | 0.9205 | 0.9159 | 0.9319 | 0.0327 | 0.8968 | 0.9084 | 0.9043
0176 | 21:28:10 |  21.5s | 1.0e-04 | 0.0814 | 0.9191 | 0.9167 | 0.9310 | 0.0345 | 0.8840 | 0.9196 | 0.9038
0177 | 21:28:49 |  21.6s | 1.0e-04 | 0.0677 | 0.9202 | 0.9184 | 0.9336 | 0.0347 | 0.8840 | 0.9210 | 0.9040
0178 | 21:29:27 |  21.3s | 1.0e-04 | 0.0660 | 0.9204 | 0.9172 | 0.9327 | 0.0333 | 0.9100 | 0.8951 | 0.9051
0179 | 21:30:04 |  22.3s | 1.0e-04 | 0.0674 | 0.9212 | 0.9183 | 0.9344 | 0.0347 | 0.8952 | 0.9153 | 0.9102
0180 | 21:30:43 |  34.2s | 1.0e-04 | 0.0711 | 0.9191 | 0.9164 | 0.9306 | 0.0321 | 0.9054 | 0.9092 | 0.9125
0181 | 21:31:33 |  22.5s | 1.0e-04 | 0.0655 | 0.9173 | 0.9138 | 0.9276 | 0.0327 | 0.9087 | 0.8973 | 0.9060
0182 | 21:32:11 |  21.8s | 1.0e-04 | 0.0713 | 0.9188 | 0.9142 | 0.9294 | 0.0337 | 0.9284 | 0.8686 | 0.9075
0183 | 21:32:50 |  21.6s | 1.0e-04 | 0.0739 | 0.9190 | 0.9147 | 0.9301 | 0.0335 | 0.9175 | 0.8937 | 0.9129
0184 | 21:33:29 |  21.5s | 1.0e-04 | 0.0778 | 0.9185 | 0.9150 | 0.9292 | 0.0326 | 0.9192 | 0.8895 | 0.9114
0185 | 21:34:10 |  21.5s | 1.0e-04 | 0.0629 | 0.9191 | 0.9151 | 0.9299 | 0.0331 | 0.8881 | 0.9132 | 0.9007
0186 | 21:34:47 |  22.3s | 1.0e-04 | 0.0644 | 0.9190 | 0.9139 | 0.9299 | 0.0345 | 0.9298 | 0.8618 | 0.9040
0187 | 21:35:26 |  23.1s | 1.0e-04 | 0.0965 | 0.9182 | 0.9163 | 0.9299 | 0.0324 | 0.8937 | 0.9180 | 0.9129
0188 | 21:36:05 |  35.1s | 1.0e-04 | 0.1118 | 0.9200 | 0.9172 | 0.9324 | 0.0333 | 0.9150 | 0.8893 | 0.9065
0189 | 21:36:57 |  23.4s | 1.0e-04 | 0.0933 | 0.9216 | 0.9170 | 0.9345 | 0.0328 | 0.9235 | 0.8843 | 0.9113
0190 | 21:37:37 |  22.7s | 1.0e-04 | 0.1236 | 0.9215 | 0.9183 | 0.9350 | 0.0331 | 0.9159 | 0.8964 | 0.9134
0191 | 21:38:15 |  21.2s | 1.0e-04 | 0.3496 | 0.9218 | 0.9189 | 0.9356 | 0.0335 | 0.8992 | 0.9183 | 0.9159
0192 | 21:38:53 |  21.3s | 1.0e-04 | 0.0859 | 0.9211 | 0.9196 | 0.9347 | 0.0335 | 0.9110 | 0.8986 | 0.9096
0193 | 21:39:32 |  21.6s | 1.0e-04 | 0.0705 | 0.9202 | 0.9176 | 0.9331 | 0.0332 | 0.9130 | 0.8963 | 0.9092
0194 | 21:40:11 |  21.3s | 1.0e-04 | 0.0686 | 0.9223 | 0.9196 | 0.9362 | 0.0328 | 0.9134 | 0.8965 | 0.9110
0195 | 21:40:50 |  21.6s | 1.0e-04 | 0.0750 | 0.9219 | 0.9191 | 0.9355 | 0.0336 | 0.8988 | 0.9053 | 0.9034
0196 | 21:41:28 |  35.0s | 1.0e-04 | 0.2869 | 0.9216 | 0.9171 | 0.9341 | 0.0334 | 0.9068 | 0.9035 | 0.9098
0197 | 21:42:19 |  22.0s | 1.0e-04 | 0.3138 | 0.9212 | 0.9176 | 0.9339 | 0.0324 | 0.9097 | 0.9103 | 0.9185
0198 | 21:42:56 |  22.3s | 1.0e-04 | 0.1539 | 0.9210 | 0.9183 | 0.9340 | 0.0329 | 0.9043 | 0.9095 | 0.9134
0199 | 21:43:34 |  22.9s | 1.0e-04 | 0.1446 | 0.9206 | 0.9174 | 0.9339 | 0.0331 | 0.9309 | 0.8695 | 0.9123
0200 | 21:44:13 |  22.2s | 1.0e-04 | 0.0760 | 0.9214 | 0.9175 | 0.9349 | 0.0328 | 0.9010 | 0.9087 | 0.9108
0201 | 21:44:51 |  21.5s | 1.0e-04 | 0.0681 | 0.9216 | 0.9194 | 0.9356 | 0.0331 | 0.9062 | 0.8986 | 0.9051
0202 | 21:45:30 |  21.7s | 1.0e-04 | 0.1166 | 0.9231 | 0.9210 | 0.9377 | 0.0328 | 0.8956 | 0.9155 | 0.9100
0203 | 21:46:09 |  21.5s | 1.0e-04 | 1.7208 | 0.9212 | 0.9193 | 0.9352 | 0.0330 | 0.9145 | 0.8958 | 0.9109
0204 | 21:46:47 |  37.0s | 1.0e-04 | 0.0786 | 0.9234 | 0.9199 | 0.9380 | 0.0330 | 0.9136 | 0.8991 | 0.9125
0205 | 21:47:39 |  22.5s | 1.0e-04 | 0.0869 | 0.9239 | 0.9220 | 0.9396 | 0.0335 | 0.8937 | 0.9233 | 0.9168
0206 | 21:48:17 |  22.2s | 1.0e-04 | 0.0666 | 0.9235 | 0.9205 | 0.9387 | 0.0326 | 0.8967 | 0.9194 | 0.9159
0207 | 21:48:55 |  22.7s | 1.0e-04 | 0.0991 | 0.9223 | 0.9208 | 0.9368 | 0.0329 | 0.9118 | 0.9010 | 0.9128
0208 | 21:49:34 |  22.4s | 1.0e-04 | 0.2068 | 0.9244 | 0.9204 | 0.9389 | 0.0328 | 0.8921 | 0.9239 | 0.9152
0209 | 21:50:14 |  21.4s | 1.0e-04 | 1.1559 | 0.9229 | 0.9189 | 0.9358 | 0.0320 | 0.9166 | 0.9021 | 0.9180
0210 | 21:50:52 |  21.2s | 1.0e-04 | 0.0613 | 0.9236 | 0.9194 | 0.9371 | 0.0318 | 0.9035 | 0.9155 | 0.9168
0211 | 21:51:32 |  36.9s | 1.0e-04 | 0.0676 | 0.9221 | 0.9199 | 0.9370 | 0.0324 | 0.9045 | 0.9139 | 0.9172
0212 | 21:52:24 |  22.1s | 1.0e-04 | 0.0630 | 0.9223 | 0.9179 | 0.9346 | 0.0315 | 0.9106 | 0.9090 | 0.9182
0213 | 21:53:03 |  22.6s | 1.0e-04 | 0.1167 | 0.9229 | 0.9201 | 0.9378 | 0.0320 | 0.9236 | 0.8833 | 0.9122
0214 | 21:53:41 |  22.3s | 1.0e-04 | 0.0616 | 0.9224 | 0.9184 | 0.9360 | 0.0311 | 0.9159 | 0.8985 | 0.9143
0215 | 21:54:19 |  21.2s | 1.0e-04 | 0.0650 | 0.9235 | 0.9186 | 0.9374 | 0.0323 | 0.9191 | 0.9033 | 0.9212
0216 | 21:54:56 |  21.9s | 1.0e-04 | 0.0966 | 0.9226 | 0.9194 | 0.9371 | 0.0324 | 0.9116 | 0.9086 | 0.9186
0217 | 21:55:34 |  21.4s | 1.0e-04 | 0.2195 | 0.9233 | 0.9189 | 0.9369 | 0.0332 | 0.8902 | 0.9182 | 0.9081
0218 | 21:56:13 |  21.6s | 1.0e-04 | 0.1332 | 0.9216 | 0.9190 | 0.9354 | 0.0323 | 0.9142 | 0.9044 | 0.9179
0219 | 21:56:52 |  37.0s | 1.0e-04 | 0.0713 | 0.9234 | 0.9185 | 0.9363 | 0.0316 | 0.9085 | 0.9129 | 0.9197
0220 | 21:57:45 |  21.4s | 1.0e-04 | 0.0769 | 0.9227 | 0.9192 | 0.9365 | 0.0319 | 0.9027 | 0.9209 | 0.9219
0221 | 21:58:24 |  22.0s | 1.0e-04 | 0.0810 | 0.9211 | 0.9202 | 0.9358 | 0.0318 | 0.9170 | 0.9036 | 0.9190
0222 | 21:59:03 |  22.5s | 1.0e-04 | 0.0735 | 0.9224 | 0.9196 | 0.9364 | 0.0317 | 0.9086 | 0.9131 | 0.9204
0223 | 21:59:42 |  21.9s | 1.0e-04 | 0.0675 | 0.9227 | 0.9203 | 0.9373 | 0.0323 | 0.8918 | 0.9257 | 0.9176
0224 | 22:00:20 |  22.1s | 1.0e-04 | 0.0835 | 0.9237 | 0.9217 | 0.9387 | 0.0318 | 0.9213 | 0.8954 | 0.9185
0225 | 22:00:58 |  22.6s | 1.0e-04 | 0.1353 | 0.9237 | 0.9205 | 0.9391 | 0.0316 | 0.9222 | 0.8918 | 0.9159
0226 | 22:01:36 |  21.3s | 1.0e-04 | 0.4600 | 0.9236 | 0.9205 | 0.9377 | 0.0313 | 0.9012 | 0.9172 | 0.9161
0227 | 22:02:15 |  32.7s | 1.0e-04 | 0.1346 | 0.9257 | 0.9251 | 0.9426 | 0.0315 | 0.9043 | 0.9095 | 0.9125
0228 | 22:03:04 |  21.9s | 1.0e-04 | 0.1246 | 0.9253 | 0.9238 | 0.9414 | 0.0316 | 0.9112 | 0.9068 | 0.9160
0229 | 22:03:44 |  21.8s | 1.0e-04 | 0.0850 | 0.9257 | 0.9236 | 0.9420 | 0.0325 | 0.9375 | 0.8654 | 0.9159
0230 | 22:04:24 |  22.0s | 1.0e-04 | 0.0864 | 0.9255 | 0.9232 | 0.9422 | 0.0320 | 0.9199 | 0.9024 | 0.9224
0231 | 22:05:02 |  22.5s | 1.0e-04 | 0.0688 | 0.9254 | 0.9245 | 0.9430 | 0.0313 | 0.9081 | 0.9176 | 0.9229
0232 | 22:05:40 |  22.5s | 1.0e-04 | 0.0859 | 0.9248 | 0.9232 | 0.9415 | 0.0305 | 0.9041 | 0.9078 | 0.9109
0233 | 22:06:18 |  22.8s | 1.0e-04 | 0.0694 | 0.9250 | 0.9239 | 0.9422 | 0.0317 | 0.9189 | 0.9026 | 0.9205
0234 | 22:06:57 |  21.8s | 1.0e-04 | 0.0857 | 0.9266 | 0.9239 | 0.9431 | 0.0303 | 0.9192 | 0.9015 | 0.9205
0235 | 22:07:36 |  35.5s | 1.0e-04 | 0.0750 | 0.9253 | 0.9228 | 0.9412 | 0.0333 | 0.9269 | 0.8830 | 0.9139
0236 | 22:08:28 |  22.3s | 1.0e-04 | 0.0705 | 0.9256 | 0.9221 | 0.9411 | 0.0313 | 0.9093 | 0.9097 | 0.9167
0237 | 22:09:07 |  21.6s | 1.0e-04 | 0.0765 | 0.9247 | 0.9225 | 0.9397 | 0.0313 | 0.9289 | 0.8853 | 0.9190
0238 | 22:09:45 |  21.7s | 1.0e-04 | 0.0991 | 0.9237 | 0.9207 | 0.9375 | 0.0313 | 0.9205 | 0.8970 | 0.9183
0239 | 22:10:24 |  23.1s | 1.0e-04 | 0.0918 | 0.9241 | 0.9212 | 0.9388 | 0.0318 | 0.9143 | 0.9035 | 0.9170
0240 | 22:11:03 |  23.6s | 1.0e-04 | 0.0751 | 0.9237 | 0.9212 | 0.9388 | 0.0319 | 0.9219 | 0.9032 | 0.9243
0241 | 22:11:43 |  23.5s | 1.0e-04 | 0.0702 | 0.9263 | 0.9238 | 0.9427 | 0.0319 | 0.9115 | 0.9115 | 0.9205
0242 | 22:12:23 |  22.4s | 1.0e-04 | 0.0614 | 0.9252 | 0.9221 | 0.9405 | 0.0317 | 0.9027 | 0.9149 | 0.9164
0243 | 22:13:02 |  36.7s | 1.0e-04 | 0.0655 | 0.9245 | 0.9236 | 0.9415 | 0.0299 | 0.9173 | 0.9133 | 0.9291
0244 | 22:13:56 |  22.7s | 1.0e-04 | 0.0709 | 0.9241 | 0.9206 | 0.9384 | 0.0309 | 0.9118 | 0.9161 | 0.9256
0245 | 22:14:34 |  23.6s | 1.0e-04 | 0.0797 | 0.9234 | 0.9208 | 0.9385 | 0.0304 | 0.9183 | 0.8973 | 0.9169
0246 | 22:15:14 |  22.1s | 1.0e-04 | 0.0673 | 0.9210 | 0.9197 | 0.9355 | 0.0316 | 0.9277 | 0.8877 | 0.9195
0247 | 22:15:53 |  21.3s | 1.0e-04 | 0.0893 | 0.9250 | 0.9219 | 0.9404 | 0.0307 | 0.9069 | 0.9188 | 0.9224
0248 | 22:16:33 |  23.1s | 1.0e-04 | 6.5308 | 0.9228 | 0.9198 | 0.9373 | 0.0311 | 0.9274 | 0.8993 | 0.9269
0249 | 22:17:12 |  22.0s | 1.0e-04 | 0.0656 | 0.9242 | 0.9217 | 0.9399 | 0.0309 | 0.9220 | 0.9000 | 0.9219
0250 | 22:17:49 |  23.2s | 1.0e-04 | 0.0668 | 0.9241 | 0.9212 | 0.9386 | 0.0310 | 0.9018 | 0.9214 | 0.9225
0251 | 22:18:31 |  22.0s | 1.0e-04 | 0.0670 | 0.9242 | 0.9224 | 0.9395 | 0.0311 | 0.9299 | 0.8918 | 0.9247
0252 | 22:19:10 |  21.4s | 1.0e-04 | 0.0846 | 0.9244 | 0.9232 | 0.9403 | 0.0301 | 0.9122 | 0.9121 | 0.9214
0253 | 22:19:47 |  22.6s | 1.0e-04 | 0.0704 | 0.9247 | 0.9219 | 0.9404 | 0.0309 | 0.9070 | 0.9197 | 0.9233
0254 | 22:20:26 |  21.2s | 1.0e-04 | 0.0661 | 0.9246 | 0.9224 | 0.9410 | 0.0308 | 0.9058 | 0.9229 | 0.9260
0255 | 22:21:05 |  21.5s | 1.0e-04 | 0.1014 | 0.9255 | 0.9233 | 0.9415 | 0.0306 | 0.9008 | 0.9217 | 0.9201
0256 | 22:21:45 |  21.5s | 1.0e-04 | 0.0734 | 0.9257 | 0.9218 | 0.9405 | 0.0297 | 0.9147 | 0.9125 | 0.9242
0257 | 22:22:24 |  21.8s | 1.0e-04 | 0.0848 | 0.9256 | 0.9227 | 0.9409 | 0.0304 | 0.9287 | 0.9007 | 0.9293
0258 | 22:23:01 |  36.3s | 1.0e-04 | 0.3755 | 0.9259 | 0.9236 | 0.9427 | 0.0311 | 0.9234 | 0.9047 | 0.9259
0259 | 22:23:53 |  22.3s | 1.0e-04 | 0.1303 | 0.9258 | 0.9236 | 0.9417 | 0.0309 | 0.9048 | 0.9131 | 0.9162
0260 | 22:24:32 |  22.5s | 1.0e-04 | 0.1002 | 0.9260 | 0.9231 | 0.9415 | 0.0307 | 0.9093 | 0.9141 | 0.9203
0261 | 22:25:10 |  22.0s | 1.0e-04 | 0.0797 | 0.9249 | 0.9216 | 0.9403 | 0.0345 | 0.8561 | 0.9487 | 0.9188
0262 | 22:25:49 |  21.3s | 1.0e-04 | 0.0661 | 0.9249 | 0.9238 | 0.9409 | 0.0294 | 0.9110 | 0.9168 | 0.9249
0263 | 22:26:28 |  21.3s | 1.0e-04 | 0.0640 | 0.9244 | 0.9227 | 0.9406 | 0.0299 | 0.9171 | 0.9170 | 0.9314
0264 | 22:27:06 |  21.3s | 1.0e-04 | 0.0684 | 0.9259 | 0.9242 | 0.9429 | 0.0307 | 0.9122 | 0.9144 | 0.9235
0265 | 22:27:46 |  21.3s | 1.0e-04 | 0.2217 | 0.9256 | 0.9210 | 0.9402 | 0.0324 | 0.8828 | 0.9318 | 0.9157
0266 | 22:28:25 |  35.1s | 1.0e-04 | 0.1670 | 0.9261 | 0.9240 | 0.9431 | 0.0315 | 0.9195 | 0.9052 | 0.9240
0267 | 22:29:15 |  22.4s | 1.0e-04 | 0.1184 | 0.9296 | 0.9275 | 0.9478 | 0.0302 | 0.9122 | 0.9180 | 0.9265
0268 | 22:29:54 |  22.7s | 1.0e-04 | 0.1118 | 0.9276 | 0.9268 | 0.9454 | 0.0312 | 0.9232 | 0.8989 | 0.9225
0269 | 22:30:34 |  23.4s | 1.0e-04 | 0.0675 | 0.9284 | 0.9252 | 0.9457 | 0.0317 | 0.9052 | 0.9200 | 0.9243
0270 | 22:31:14 |  21.6s | 1.0e-04 | 0.0780 | 0.9289 | 0.9274 | 0.9479 | 0.0310 | 0.9079 | 0.9153 | 0.9222
0271 | 22:31:52 |  23.2s | 1.0e-04 | 0.0801 | 0.9269 | 0.9269 | 0.9452 | 0.0310 | 0.9347 | 0.8887 | 0.9264
0272 | 22:32:32 |  22.5s | 1.0e-04 | 0.0629 | 0.9300 | 0.9275 | 0.9480 | 0.0304 | 0.9115 | 0.9092 | 0.9201
0273 | 22:33:12 |  21.9s | 1.0e-04 | 0.0642 | 0.9280 | 0.9280 | 0.9464 | 0.0313 | 0.9079 | 0.9213 | 0.9282
0274 | 22:33:51 |  38.6s | 1.0e-04 | 0.0886 | 0.9294 | 0.9286 | 0.9477 | 0.0316 | 0.8966 | 0.9290 | 0.9250
0275 | 22:34:48 |  22.3s | 1.0e-04 | 0.1527 | 0.9288 | 0.9280 | 0.9477 | 0.0312 | 0.9082 | 0.9218 | 0.9262
0276 | 22:35:29 |  21.9s | 1.0e-04 | 0.1547 | 0.9284 | 0.9279 | 0.9478 | 0.0314 | 0.9290 | 0.8980 | 0.9273
0277 | 22:36:07 |  22.3s | 1.0e-04 | 0.0683 | 0.9290 | 0.9280 | 0.9481 | 0.0312 | 0.9235 | 0.8989 | 0.9225
0278 | 22:36:47 |  22.8s | 1.0e-04 | 0.0872 | 0.9291 | 0.9277 | 0.9465 | 0.0313 | 0.9282 | 0.8895 | 0.9204
0279 | 22:37:27 |  23.0s | 1.0e-04 | 0.1060 | 0.9281 | 0.9272 | 0.9466 | 0.0310 | 0.9099 | 0.9103 | 0.9182
0280 | 22:38:07 |  22.9s | 1.0e-04 | 0.0740 | 0.9279 | 0.9272 | 0.9467 | 0.0303 | 0.9150 | 0.9129 | 0.9264
0281 | 22:38:46 |  22.5s | 1.0e-04 | 0.0749 | 0.9288 | 0.9270 | 0.9478 | 0.0307 | 0.9162 | 0.9142 | 0.9269
0282 | 22:39:25 |  37.6s | 1.0e-04 | 0.0925 | 0.9250 | 0.9222 | 0.9403 | 0.0307 | 0.9195 | 0.9064 | 0.9236
0283 | 22:40:19 |  24.0s | 1.0e-04 | 0.0602 | 0.9261 | 0.9231 | 0.9422 | 0.0296 | 0.9068 | 0.9139 | 0.9192
0284 | 22:40:59 |  22.8s | 1.0e-04 | 0.0677 | 0.9253 | 0.9224 | 0.9413 | 0.0306 | 0.9287 | 0.8977 | 0.9272
0285 | 22:41:39 |  22.3s | 1.0e-04 | 0.1235 | 0.9252 | 0.9219 | 0.9408 | 0.0307 | 0.9021 | 0.9169 | 0.9162
0286 | 22:42:18 |  22.0s | 1.0e-04 | 0.2354 | 0.9250 | 0.9202 | 0.9389 | 0.0308 | 0.9029 | 0.9196 | 0.9204
0287 | 22:42:57 |  22.0s | 1.0e-04 | 0.1056 | 0.9274 | 0.9231 | 0.9433 | 0.0305 | 0.9249 | 0.8978 | 0.9233
0288 | 22:43:35 |  21.8s | 1.0e-04 | 0.0813 | 0.9258 | 0.9237 | 0.9417 | 0.0301 | 0.9103 | 0.9179 | 0.9256
0289 | 22:44:13 |  22.7s | 1.0e-04 | 0.0713 | 0.9264 | 0.9216 | 0.9416 | 0.0307 | 0.9245 | 0.9073 | 0.9292
0290 | 22:44:51 |  36.3s | 1.0e-04 | 0.0634 | 0.9287 | 0.9274 | 0.9468 | 0.0304 | 0.9084 | 0.9206 | 0.9253
0291 | 22:45:43 |  21.9s | 1.0e-04 | 0.0661 | 0.9281 | 0.9261 | 0.9461 | 0.0310 | 0.9338 | 0.8836 | 0.9222
0292 | 22:46:23 |  22.7s | 1.0e-04 | 0.0631 | 0.9283 | 0.9258 | 0.9456 | 0.0299 | 0.9200 | 0.9099 | 0.9282
0293 | 22:47:02 |  21.9s | 1.0e-04 | 0.0783 | 0.9286 | 0.9257 | 0.9462 | 0.0310 | 0.9251 | 0.9038 | 0.9278
0294 | 22:47:41 |  21.9s | 1.0e-04 | 0.0622 | 0.9292 | 0.9261 | 0.9467 | 0.0308 | 0.9029 | 0.9280 | 0.9283
0295 | 22:48:21 |  22.0s | 1.0e-04 | 0.0641 | 0.9285 | 0.9262 | 0.9461 | 0.0300 | 0.9095 | 0.9172 | 0.9236
0296 | 22:49:02 |  21.9s | 1.0e-04 | 0.0902 | 0.9293 | 0.9270 | 0.9476 | 0.0309 | 0.9335 | 0.8848 | 0.9242
0297 | 22:49:41 |  34.7s | 1.0e-04 | 0.0891 | 0.9302 | 0.9263 | 0.9479 | 0.0302 | 0.9250 | 0.9110 | 0.9324
0298 | 22:50:33 |  21.8s | 1.0e-04 | 0.0823 | 0.9278 | 0.9236 | 0.9442 | 0.0310 | 0.9236 | 0.9080 | 0.9281
0299 | 22:51:11 |  23.0s | 1.0e-04 | 0.0537 | 0.9269 | 0.9230 | 0.9430 | 0.0308 | 0.9057 | 0.9240 | 0.9244
0300 | 22:51:50 |  23.6s | 1.0e-04 | 0.0549 | 0.9283 | 0.9233 | 0.9441 | 0.0325 | 0.9059 | 0.9202 | 0.9251
0301 | 22:52:30 |  23.8s | 1.0e-04 | 0.0883 | 0.9268 | 0.9223 | 0.9420 | 0.0297 | 0.9137 | 0.9192 | 0.9286
0302 | 22:53:10 |  23.1s | 1.0e-04 | 0.1050 | 0.9268 | 0.9221 | 0.9433 | 0.0296 | 0.9262 | 0.8998 | 0.9259
0303 | 22:53:48 |  22.8s | 1.0e-04 | 0.2132 | 0.9274 | 0.9223 | 0.9434 | 0.0300 | 0.9237 | 0.9067 | 0.9284
0304 | 22:54:28 |  21.4s | 1.0e-04 | 0.1691 | 0.9291 | 0.9243 | 0.9458 | 0.0297 | 0.9241 | 0.9085 | 0.9310
0305 | 22:55:06 |  35.2s | 1.0e-04 | 0.0777 | 0.9298 | 0.9256 | 0.9474 | 0.0307 | 0.9092 | 0.9269 | 0.9323
0306 | 22:55:58 |  21.8s | 1.0e-04 | 0.3034 | 0.9299 | 0.9293 | 0.9484 | 0.0308 | 0.9163 | 0.9097 | 0.9235
0307 | 22:56:36 |  21.6s | 1.0e-04 | 0.2407 | 0.9331 | 0.9324 | 0.9530 | 0.0297 | 0.9288 | 0.8974 | 0.9275
0308 | 22:57:14 |  22.3s | 1.0e-04 | 0.2609 | 0.9316 | 0.9294 | 0.9501 | 0.0306 | 0.9056 | 0.9222 | 0.9252
0309 | 22:57:52 |  24.2s | 1.0e-04 | 0.2145 | 0.9313 | 0.9303 | 0.9508 | 0.0302 | 0.9139 | 0.9151 | 0.9258
0310 | 22:58:33 |  23.9s | 1.0e-04 | 0.1189 | 0.9312 | 0.9287 | 0.9505 | 0.0295 | 0.9052 | 0.9214 | 0.9256
0311 | 22:59:13 |  21.8s | 1.0e-04 | 0.4031 | 0.9307 | 0.9296 | 0.9505 | 0.0308 | 0.9027 | 0.9244 | 0.9232
0312 | 22:59:51 |  22.0s | 1.0e-04 | 0.0876 | 0.9313 | 0.9297 | 0.9502 | 0.0295 | 0.9267 | 0.9109 | 0.9339
0313 | 23:00:31 |  39.6s | 1.0e-04 | 0.0699 | 0.9316 | 0.9305 | 0.9517 | 0.0305 | 0.8978 | 0.9308 | 0.9277
0314 | 23:01:26 |  22.8s | 1.0e-04 | 0.0739 | 0.9327 | 0.9307 | 0.9523 | 0.0309 | 0.9093 | 0.9090 | 0.9171
0315 | 23:02:06 |  22.0s | 1.0e-04 | 0.0594 | 0.9310 | 0.9309 | 0.9514 | 0.0329 | 0.9293 | 0.8786 | 0.9142
0316 | 23:02:45 |  21.7s | 1.0e-04 | 0.0712 | 0.9308 | 0.9291 | 0.9501 | 0.0290 | 0.9253 | 0.8970 | 0.9230
0317 | 23:03:24 |  22.6s | 1.0e-04 | 0.1827 | 0.9323 | 0.9303 | 0.9517 | 0.0304 | 0.9166 | 0.9121 | 0.9263
0318 | 23:04:04 |  22.4s | 1.0e-04 | 0.6925 | 0.9325 | 0.9315 | 0.9525 | 0.0306 | 0.9006 | 0.9223 | 0.9207
0319 | 23:04:42 |  23.2s | 1.0e-04 | 0.0831 | 0.9320 | 0.9309 | 0.9521 | 0.0298 | 0.9107 | 0.9232 | 0.9305
0320 | 23:05:21 |  21.9s | 1.0e-04 | 0.0905 | 0.9324 | 0.9316 | 0.9527 | 0.0316 | 0.9165 | 0.9055 | 0.9217
0321 | 23:06:00 |  33.2s | 1.0e-04 | 0.0707 | 0.9314 | 0.9302 | 0.9504 | 0.0294 | 0.9142 | 0.9108 | 0.9236
0322 | 23:06:49 |  21.7s | 1.0e-04 | 0.1236 | 0.9310 | 0.9290 | 0.9503 | 0.0299 | 0.9193 | 0.9102 | 0.9269
0323 | 23:07:28 |  21.5s | 1.0e-04 | 0.0629 | 0.9328 | 0.9308 | 0.9521 | 0.0302 | 0.9136 | 0.9140 | 0.9246
0324 | 23:08:07 |  21.4s | 1.0e-04 | 0.0669 | 0.9302 | 0.9288 | 0.9491 | 0.0301 | 0.9105 | 0.9113 | 0.9203
0325 | 23:08:45 |  21.2s | 1.0e-04 | 0.0706 | 0.9321 | 0.9295 | 0.9513 | 0.0297 | 0.9133 | 0.9135 | 0.9248
0326 | 23:09:22 |  23.1s | 1.0e-04 | 0.0682 | 0.9322 | 0.9311 | 0.9516 | 0.0313 | 0.9077 | 0.9168 | 0.9223
0327 | 23:10:02 |  21.4s | 1.0e-04 | 0.0982 | 0.9320 | 0.9302 | 0.9517 | 0.0305 | 0.9232 | 0.9005 | 0.9237
0328 | 23:10:40 |  21.2s | 1.0e-04 | 0.1503 | 0.9319 | 0.9296 | 0.9514 | 0.0288 | 0.9212 | 0.9149 | 0.9328
0329 | 23:11:20 |  38.0s | 1.0e-04 | 0.0667 | 0.9310 | 0.9294 | 0.9513 | 0.0317 | 0.9360 | 0.8774 | 0.9225
0330 | 23:12:14 |  22.2s | 1.0e-04 | 0.0675 | 0.9315 | 0.9313 | 0.9509 | 0.0292 | 0.9271 | 0.9088 | 0.9332
0331 | 23:12:52 |  21.6s | 1.0e-04 | 0.0962 | 0.9312 | 0.9296 | 0.9502 | 0.0290 | 0.9255 | 0.9047 | 0.9291
0332 | 23:13:32 |  21.9s | 1.0e-04 | 0.0647 | 0.9329 | 0.9315 | 0.9536 | 0.0306 | 0.8968 | 0.9334 | 0.9274
0333 | 23:14:12 |  21.9s | 1.0e-04 | 0.0729 | 0.9322 | 0.9319 | 0.9525 | 0.0292 | 0.9185 | 0.9194 | 0.9334
0334 | 23:14:49 |  23.0s | 1.0e-04 | 0.0881 | 0.9324 | 0.9326 | 0.9530 | 0.0287 | 0.9130 | 0.9213 | 0.9312
0335 | 23:15:28 |  23.4s | 1.0e-04 | 0.0667 | 0.9321 | 0.9308 | 0.9512 | 0.0299 | 0.9203 | 0.9125 | 0.9310
0336 | 23:16:09 |  34.5s | 1.0e-04 | 0.0672 | 0.9316 | 0.9317 | 0.9515 | 0.0291 | 0.9140 | 0.9183 | 0.9281
0337 | 23:17:00 |  21.4s | 1.0e-04 | 0.3697 | 0.9336 | 0.9335 | 0.9549 | 0.0302 | 0.9233 | 0.9049 | 0.9273
0338 | 23:17:37 |  21.7s | 1.0e-04 | 0.0907 | 0.9330 | 0.9331 | 0.9535 | 0.0306 | 0.9027 | 0.9181 | 0.9206
0339 | 23:18:16 |  21.6s | 1.0e-04 | 0.0826 | 0.9349 | 0.9350 | 0.9564 | 0.0301 | 0.9227 | 0.9013 | 0.9237
0340 | 23:18:54 |  21.4s | 1.0e-04 | 0.1010 | 0.9335 | 0.9335 | 0.9539 | 0.0291 | 0.9064 | 0.9227 | 0.9270
0341 | 23:19:33 |  21.6s | 1.0e-04 | 0.0987 | 0.9339 | 0.9339 | 0.9551 | 0.0299 | 0.9162 | 0.9140 | 0.9276
0342 | 23:20:12 |  22.3s | 1.0e-04 | 0.0846 | 0.9350 | 0.9355 | 0.9561 | 0.0292 | 0.9192 | 0.9085 | 0.9245
0343 | 23:20:50 |  22.4s | 1.0e-04 | 0.0625 | 0.9344 | 0.9342 | 0.9548 | 0.0300 | 0.9177 | 0.9094 | 0.9263
0344 | 23:21:28 |  33.9s | 1.0e-04 | 0.0679 | 0.9346 | 0.9331 | 0.9555 | 0.0316 | 0.8955 | 0.9241 | 0.9189
0345 | 23:22:20 |  21.9s | 1.0e-04 | 0.0699 | 0.9311 | 0.9307 | 0.9509 | 0.0288 | 0.9231 | 0.9140 | 0.9337
0346 | 23:22:58 |  21.6s | 1.0e-04 | 0.0746 | 0.9324 | 0.9311 | 0.9522 | 0.0303 | 0.9150 | 0.9169 | 0.9269
0347 | 23:23:38 |  21.7s | 1.0e-04 | 0.0844 | 0.9324 | 0.9318 | 0.9523 | 0.0314 | 0.8947 | 0.9357 | 0.9289
0348 | 23:24:17 |  21.7s | 1.0e-04 | 0.0922 | 0.9326 | 0.9300 | 0.9516 | 0.0289 | 0.9181 | 0.9225 | 0.9365
0349 | 23:24:55 |  22.4s | 1.0e-04 | 0.0733 | 0.9327 | 0.9314 | 0.9520 | 0.0299 | 0.9318 | 0.8888 | 0.9249
0350 | 23:25:33 |  23.4s | 1.0e-04 | 0.1189 | 0.9324 | 0.9317 | 0.9521 | 0.0289 | 0.9325 | 0.9025 | 0.9341
0351 | 23:26:12 |  23.1s | 1.0e-04 | 0.0762 | 0.9321 | 0.9310 | 0.9513 | 0.0291 | 0.9064 | 0.9294 | 0.9323
0352 | 23:26:51 |  36.2s | 1.0e-04 | 0.0654 | 0.9316 | 0.9296 | 0.9517 | 0.0289 | 0.9094 | 0.9195 | 0.9251
0353 | 23:27:43 |  23.4s | 1.0e-04 | 0.0667 | 0.9322 | 0.9293 | 0.9518 | 0.0301 | 0.9117 | 0.9191 | 0.9281
0354 | 23:28:22 |  22.1s | 1.0e-04 | 0.1142 | 0.9324 | 0.9286 | 0.9514 | 0.0300 | 0.9116 | 0.9203 | 0.9281
0355 | 23:29:02 |  21.7s | 1.0e-04 | 0.1511 | 0.9308 | 0.9279 | 0.9496 | 0.0293 | 0.9225 | 0.9120 | 0.9309
0356 | 23:29:40 |  22.4s | 1.0e-04 | 0.1677 | 0.9333 | 0.9299 | 0.9523 | 0.0301 | 0.9093 | 0.9215 | 0.9276
0357 | 23:30:19 |  22.3s | 1.0e-04 | 0.0807 | 0.9311 | 0.9288 | 0.9499 | 0.0288 | 0.9198 | 0.9176 | 0.9340
0358 | 23:30:57 |  23.3s | 1.0e-04 | 0.0586 | 0.9329 | 0.9310 | 0.9527 | 0.0301 | 0.9066 | 0.9242 | 0.9261
0359 | 23:31:36 |  22.7s | 1.0e-04 | 0.0722 | 0.9321 | 0.9302 | 0.9516 | 0.0290 | 0.9191 | 0.9187 | 0.9346
0360 | 23:32:15 |  35.5s | 1.0e-04 | 0.1079 | 0.9328 | 0.9297 | 0.9517 | 0.0285 | 0.9100 | 0.9267 | 0.9343
0361 | 23:33:06 |  23.5s | 1.0e-04 | 0.0821 | 0.9320 | 0.9307 | 0.9518 | 0.0287 | 0.9193 | 0.9154 | 0.9313
0362 | 23:33:45 |  22.6s | 1.0e-04 | 0.1384 | 0.9327 | 0.9311 | 0.9531 | 0.0312 | 0.9337 | 0.8911 | 0.9281
0363 | 23:34:24 |  21.9s | 1.0e-04 | 0.2191 | 0.9327 | 0.9324 | 0.9534 | 0.0296 | 0.9305 | 0.9057 | 0.9334
0364 | 23:35:03 |  21.5s | 1.0e-04 | 0.2390 | 0.9320 | 0.9300 | 0.9526 | 0.0298 | 0.9135 | 0.9156 | 0.9254
0365 | 23:35:42 |  21.8s | 1.0e-04 | 0.2065 | 0.9326 | 0.9307 | 0.9525 | 0.0291 | 0.9184 | 0.9179 | 0.9317
0366 | 23:36:22 |  22.1s | 1.0e-04 | 0.1281 | 0.9326 | 0.9309 | 0.9525 | 0.0309 | 0.9084 | 0.9179 | 0.9238
0367 | 23:37:00 |  22.9s | 1.0e-04 | 0.1129 | 0.9330 | 0.9317 | 0.9530 | 0.0292 | 0.9105 | 0.9293 | 0.9335
0368 | 23:37:38 |  34.5s | 1.0e-04 | 0.1149 | 0.9345 | 0.9340 | 0.9553 | 0.0292 | 0.9084 | 0.9228 | 0.9265
0369 | 23:38:29 |  22.2s | 1.0e-04 | 0.0761 | 0.9336 | 0.9341 | 0.9550 | 0.0293 | 0.9318 | 0.8973 | 0.9303
0370 | 23:39:07 |  22.1s | 1.0e-04 | 0.0716 | 0.9336 | 0.9317 | 0.9549 | 0.0292 | 0.9281 | 0.9034 | 0.9305
0371 | 23:39:46 |  22.1s | 1.0e-04 | 0.0996 | 0.9339 | 0.9328 | 0.9540 | 0.0292 | 0.9146 | 0.9191 | 0.9304
0372 | 23:40:25 |  21.8s | 1.0e-04 | 0.0769 | 0.9353 | 0.9347 | 0.9559 | 0.0297 | 0.9073 | 0.9266 | 0.9313
0373 | 23:41:04 |  21.8s | 1.0e-04 | 0.0628 | 0.9342 | 0.9345 | 0.9552 | 0.0294 | 0.9090 | 0.9240 | 0.9311
0374 | 23:41:42 |  22.6s | 1.0e-04 | 0.1547 | 0.9345 | 0.9343 | 0.9554 | 0.0300 | 0.9218 | 0.9178 | 0.9361
0375 | 23:42:21 |  23.1s | 1.0e-04 | 0.1174 | 0.9327 | 0.9338 | 0.9541 | 0.0289 | 0.9287 | 0.9112 | 0.9359
0376 | 23:43:01 |  22.6s | 1.0e-04 | 0.1080 | 0.9342 | 0.9335 | 0.9546 | 0.0298 | 0.9306 | 0.9031 | 0.9328
0377 | 23:43:40 |  23.2s | 1.0e-04 | 0.0704 | 0.9337 | 0.9321 | 0.9544 | 0.0285 | 0.9200 | 0.9172 | 0.9329
0378 | 23:44:19 |  21.6s | 1.0e-04 | 0.0920 | 0.9344 | 0.9325 | 0.9551 | 0.0295 | 0.9290 | 0.9017 | 0.9304
0379 | 23:44:58 |  21.7s | 1.0e-04 | 0.0633 | 0.9346 | 0.9335 | 0.9560 | 0.0309 | 0.9072 | 0.9239 | 0.9278
0380 | 23:45:36 |  21.8s | 1.0e-04 | 0.0788 | 0.9341 | 0.9336 | 0.9549 | 0.0289 | 0.9158 | 0.9202 | 0.9314
0381 | 23:46:14 |  22.5s | 1.0e-04 | 0.0963 | 0.9347 | 0.9320 | 0.9548 | 0.0297 | 0.9305 | 0.8974 | 0.9284
0382 | 23:46:52 |  23.5s | 1.0e-04 | 0.1348 | 0.9353 | 0.9340 | 0.9562 | 0.0300 | 0.9012 | 0.9289 | 0.9281
0383 | 23:47:31 |  34.4s | 1.0e-04 | 0.1117 | 0.9347 | 0.9323 | 0.9554 | 0.0277 | 0.9254 | 0.9154 | 0.9369
0384 | 23:48:21 |  23.9s | 1.0e-04 | 0.0894 | 0.9327 | 0.9301 | 0.9526 | 0.0287 | 0.9088 | 0.9302 | 0.9345
0385 | 23:49:01 |  23.1s | 1.0e-04 | 0.0852 | 0.9303 | 0.9287 | 0.9493 | 0.0285 | 0.9317 | 0.9011 | 0.9328
0386 | 23:49:40 |  22.2s | 1.0e-04 | 0.3500 | 0.9340 | 0.9318 | 0.9537 | 0.0284 | 0.9306 | 0.9112 | 0.9372
0387 | 23:50:18 |  21.3s | 1.0e-04 | 0.0949 | 0.9320 | 0.9304 | 0.9522 | 0.0282 | 0.9204 | 0.9177 | 0.9335
0388 | 23:50:57 |  21.7s | 1.0e-04 | 0.1223 | 0.9324 | 0.9314 | 0.9523 | 0.0299 | 0.9042 | 0.9303 | 0.9331
0389 | 23:51:36 |  22.8s | 1.0e-04 | 0.1195 | 0.9319 | 0.9318 | 0.9520 | 0.0282 | 0.9207 | 0.9183 | 0.9349
0390 | 23:52:15 |  22.3s | 1.0e-04 | 0.0951 | 0.9317 | 0.9300 | 0.9509 | 0.0280 | 0.9248 | 0.9101 | 0.9320
0391 | 23:52:54 |  35.6s | 1.0e-04 | 0.0788 | 0.9327 | 0.9320 | 0.9530 | 0.0281 | 0.9179 | 0.9172 | 0.9321
0392 | 23:53:45 |  21.8s | 1.0e-04 | 0.0613 | 0.9335 | 0.9329 | 0.9551 | 0.0286 | 0.9142 | 0.9171 | 0.9286
0393 | 23:54:22 |  22.3s | 1.0e-04 | 0.0681 | 0.9336 | 0.9319 | 0.9536 | 0.0292 | 0.9013 | 0.9281 | 0.9259
0394 | 23:55:02 |  21.7s | 1.0e-04 | 0.0705 | 0.9336 | 0.9329 | 0.9543 | 0.0291 | 0.9200 | 0.9124 | 0.9306
0395 | 23:55:41 |  21.5s | 1.0e-04 | 0.0803 | 0.9339 | 0.9322 | 0.9538 | 0.0285 | 0.9209 | 0.9140 | 0.9311
0396 | 23:56:19 |  21.6s | 1.0e-04 | 0.1017 | 0.9312 | 0.9313 | 0.9515 | 0.0280 | 0.9080 | 0.9355 | 0.9364
0397 | 23:56:56 |  22.9s | 1.0e-04 | 0.0881 | 0.9335 | 0.9336 | 0.9543 | 0.0292 | 0.9200 | 0.9149 | 0.9319
0398 | 23:57:35 |  21.5s | 1.0e-04 | 0.0878 | 0.9338 | 0.9329 | 0.9543 | 0.0280 | 0.9135 | 0.9238 | 0.9343
0399 | 23:58:13 |  34.7s | 1.0e-04 | 0.0840 | 0.9340 | 0.9327 | 0.9545 | 0.0289 | 0.9090 | 0.9302 | 0.9378
0400 | 23:59:04 |  21.6s | 1.0e-04 | 0.0912 | 0.9334 | 0.9322 | 0.9540 | 0.0285 | 0.9079 | 0.9296 | 0.9340
0401 | 23:59:43 |  21.6s | 1.0e-04 | 0.0721 | 0.9320 | 0.9309 | 0.9515 | 0.0290 | 0.9167 | 0.9225 | 0.9348
0402 | 00:00:23 |  21.9s | 1.0e-04 | 0.0709 | 0.9334 | 0.9324 | 0.9537 | 0.0287 | 0.9134 | 0.9238 | 0.9320
0403 | 00:01:02 |  21.8s | 1.0e-04 | 0.0648 | 0.9338 | 0.9330 | 0.9549 | 0.0291 | 0.9215 | 0.9155 | 0.9320
0404 | 00:01:40 |  22.5s | 1.0e-04 | 0.0611 | 0.9348 | 0.9325 | 0.9546 | 0.0282 | 0.9070 | 0.9292 | 0.9331
0405 | 00:02:18 |  22.9s | 1.0e-04 | 0.0787 | 0.9331 | 0.9321 | 0.9532 | 0.0289 | 0.9022 | 0.9368 | 0.9359
0406 | 00:02:57 |  23.1s | 1.0e-04 | 0.0707 | 0.9340 | 0.9339 | 0.9553 | 0.0289 | 0.9269 | 0.9124 | 0.9364
0407 | 00:03:36 |  40.6s | 1.0e-04 | 0.1715 | 0.9338 | 0.9328 | 0.9548 | 0.0277 | 0.9204 | 0.9185 | 0.9331
0408 | 00:04:33 |  22.7s | 1.0e-04 | 0.1678 | 0.9337 | 0.9332 | 0.9544 | 0.0285 | 0.9129 | 0.9327 | 0.9394
0409 | 00:05:12 |  22.4s | 1.0e-04 | 0.4452 | 0.9344 | 0.9331 | 0.9557 | 0.0284 | 0.9168 | 0.9217 | 0.9337
0410 | 00:05:52 |  22.3s | 1.0e-04 | 0.2721 | 0.9345 | 0.9335 | 0.9551 | 0.0282 | 0.9113 | 0.9267 | 0.9341
0411 | 00:06:33 |  22.2s | 1.0e-04 | 0.2491 | 0.9342 | 0.9331 | 0.9547 | 0.0287 | 0.9174 | 0.9255 | 0.9363
0412 | 00:07:13 |  21.9s | 1.0e-04 | 0.2388 | 0.9344 | 0.9341 | 0.9544 | 0.0306 | 0.8906 | 0.9367 | 0.9274
0413 | 00:07:52 |  22.4s | 1.0e-04 | 0.1674 | 0.9352 | 0.9328 | 0.9565 | 0.0283 | 0.9198 | 0.9188 | 0.9348
0414 | 00:08:32 |  23.0s | 1.0e-04 | 0.1630 | 0.9343 | 0.9325 | 0.9547 | 0.0288 | 0.9316 | 0.8978 | 0.9296
0415 | 00:09:11 |  34.0s | 1.0e-04 | 0.0891 | 0.9359 | 0.9359 | 0.9575 | 0.0280 | 0.9101 | 0.9244 | 0.9329
0416 | 00:10:02 |  22.6s | 1.0e-04 | 0.0717 | 0.9355 | 0.9355 | 0.9575 | 0.0295 | 0.9106 | 0.9232 | 0.9301
0417 | 00:10:41 |  23.4s | 1.0e-04 | 0.0949 | 0.9362 | 0.9352 | 0.9573 | 0.0283 | 0.9240 | 0.9195 | 0.9372
0418 | 00:11:20 |  23.0s | 1.0e-04 | 0.0993 | 0.9348 | 0.9349 | 0.9567 | 0.0281 | 0.9196 | 0.9194 | 0.9344
0419 | 00:12:00 |  21.9s | 1.0e-04 | 0.0711 | 0.9370 | 0.9363 | 0.9592 | 0.0291 | 0.9118 | 0.9230 | 0.9297
0420 | 00:12:40 |  22.0s | 1.0e-04 | 0.2140 | 0.9366 | 0.9364 | 0.9583 | 0.0281 | 0.9213 | 0.9155 | 0.9332
0421 | 00:13:20 |  21.9s | 1.0e-04 | 0.0793 | 0.9357 | 0.9354 | 0.9572 | 0.0288 | 0.9238 | 0.9156 | 0.9351
0422 | 00:13:59 |  34.2s | 1.0e-04 | 0.0883 | 0.9353 | 0.9344 | 0.9565 | 0.0288 | 0.9163 | 0.9158 | 0.9292
0423 | 00:14:51 |  22.1s | 1.0e-04 | 0.0941 | 0.9361 | 0.9355 | 0.9567 | 0.0286 | 0.9158 | 0.9195 | 0.9321
0424 | 00:15:29 |  23.5s | 1.0e-04 | 0.0849 | 0.9368 | 0.9365 | 0.9587 | 0.0283 | 0.9201 | 0.9161 | 0.9331
0425 | 00:16:11 |  23.4s | 1.0e-04 | 0.0585 | 0.9370 | 0.9358 | 0.9589 | 0.0275 | 0.9180 | 0.9233 | 0.9356
0426 | 00:16:52 |  23.4s | 1.0e-04 | 0.0571 | 0.9364 | 0.9363 | 0.9581 | 0.0280 | 0.9297 | 0.9091 | 0.9353
0427 | 00:17:32 |  21.9s | 1.0e-04 | 0.0838 | 0.9344 | 0.9342 | 0.9568 | 0.0289 | 0.9214 | 0.9182 | 0.9350
0428 | 00:18:12 |  22.1s | 1.0e-04 | 0.0676 | 0.9363 | 0.9354 | 0.9574 | 0.0289 | 0.9264 | 0.9144 | 0.9365
0429 | 00:18:52 |  22.1s | 1.0e-04 | 0.1450 | 0.9363 | 0.9358 | 0.9588 | 0.0297 | 0.9323 | 0.9069 | 0.9370
0430 | 00:19:33 |  33.7s | 1.0e-04 | 0.1229 | 0.9342 | 0.9331 | 0.9555 | 0.0284 | 0.9100 | 0.9333 | 0.9371
0431 | 00:20:24 |  21.7s | 1.0e-04 | 0.0574 | 0.9334 | 0.9312 | 0.9526 | 0.0291 | 0.9202 | 0.9166 | 0.9311
0432 | 00:21:02 |  22.2s | 1.0e-04 | 0.0792 | 0.9326 | 0.9318 | 0.9520 | 0.0284 | 0.9093 | 0.9281 | 0.9332
0433 | 00:21:41 |  23.1s | 1.0e-04 | 0.0909 | 0.9337 | 0.9319 | 0.9538 | 0.0294 | 0.9392 | 0.8886 | 0.9328
0434 | 00:22:22 |  21.6s | 1.0e-04 | 0.0758 | 0.9329 | 0.9313 | 0.9528 | 0.0289 | 0.9206 | 0.9227 | 0.9357
0435 | 00:23:01 |  21.5s | 1.0e-04 | 0.0593 | 0.9340 | 0.9323 | 0.9533 | 0.0277 | 0.9157 | 0.9282 | 0.9394
0436 | 00:23:40 |  21.6s | 1.0e-04 | 17.4485 | 0.9321 | 0.9318 | 0.9520 | 0.0284 | 0.9239 | 0.9073 | 0.9290
0437 | 00:24:20 |  21.8s | 1.0e-04 | 0.0586 | 0.9331 | 0.9313 | 0.9528 | 0.0296 | 0.9015 | 0.9382 | 0.9383
0438 | 00:24:59 |  34.4s | 1.0e-04 | 0.0562 | 0.9351 | 0.9338 | 0.9557 | 0.0291 | 0.9133 | 0.9264 | 0.9348
0439 | 00:25:51 |  21.7s | 1.0e-04 | 0.0947 | 0.9366 | 0.9350 | 0.9586 | 0.0279 | 0.9227 | 0.9236 | 0.9400
0440 | 00:26:32 |  21.9s | 1.0e-04 | 0.0703 | 0.9373 | 0.9362 | 0.9588 | 0.0281 | 0.9343 | 0.8973 | 0.9322
0441 | 00:27:10 |  22.7s | 1.0e-04 | 22.6808 | 0.9349 | 0.9338 | 0.9556 | 0.0288 | 0.9203 | 0.9181 | 0.9350
0442 | 00:27:49 |  22.2s | 1.0e-04 | 0.0606 | 0.9362 | 0.9347 | 0.9575 | 0.0289 | 0.9285 | 0.9028 | 0.9303
0443 | 00:28:28 |  21.7s | 1.0e-04 | 0.0826 | 0.9371 | 0.9354 | 0.9589 | 0.0279 | 0.9252 | 0.9128 | 0.9341
0444 | 00:29:07 |  21.8s | 1.0e-04 | 0.2586 | 0.9359 | 0.9353 | 0.9579 | 0.0288 | 0.9239 | 0.9144 | 0.9351
0445 | 00:29:46 |  21.7s | 1.0e-04 | 0.2820 | 0.9353 | 0.9345 | 0.9571 | 0.0278 | 0.9189 | 0.9245 | 0.9372
0446 | 00:30:27 |  32.7s | 1.0e-04 | 0.1273 | 0.9365 | 0.9352 | 0.9582 | 0.0280 | 0.9298 | 0.9148 | 0.9398
0447 | 00:31:17 |  21.3s | 1.0e-04 | 0.2713 | 0.9367 | 0.9349 | 0.9591 | 0.0281 | 0.9304 | 0.9128 | 0.9391
0448 | 00:31:56 |  21.1s | 1.0e-04 | 0.0785 | 0.9375 | 0.9354 | 0.9591 | 0.0288 | 0.9034 | 0.9356 | 0.9332
0449 | 00:32:35 |  21.5s | 1.0e-04 | 0.0748 | 0.9380 | 0.9373 | 0.9600 | 0.0280 | 0.9132 | 0.9261 | 0.9345
0450 | 00:33:12 |  21.0s | 1.0e-04 | 0.1149 | 0.9374 | 0.9365 | 0.9594 | 0.0281 | 0.9184 | 0.9177 | 0.9337
0451 | 00:33:50 |  21.2s | 1.0e-04 | 0.0872 | 0.9369 | 0.9365 | 0.9592 | 0.0288 | 0.9142 | 0.9227 | 0.9329
0452 | 00:34:30 |  21.0s | 1.0e-04 | 0.0779 | 0.9368 | 0.9356 | 0.9588 | 0.0280 | 0.9146 | 0.9277 | 0.9363
0453 | 00:35:08 |  21.9s | 1.0e-04 | 0.0686 | 0.9377 | 0.9374 | 0.9600 | 0.0290 | 0.9208 | 0.9176 | 0.9340
0454 | 00:35:46 |  38.0s | 1.0e-04 | 0.0648 | 0.9361 | 0.9350 | 0.9575 | 0.0283 | 0.9178 | 0.9251 | 0.9369
0455 | 00:36:41 |  21.7s | 1.0e-04 | 0.0796 | 0.9359 | 0.9353 | 0.9577 | 0.0275 | 0.9213 | 0.9247 | 0.9410
0456 | 00:37:19 |  22.9s | 1.0e-04 | 0.0728 | 0.9355 | 0.9350 | 0.9569 | 0.0285 | 0.9317 | 0.9101 | 0.9382
0457 | 00:37:58 |  23.4s | 1.0e-04 | 0.0612 | 0.9359 | 0.9358 | 0.9576 | 0.0274 | 0.9244 | 0.9143 | 0.9369
0458 | 00:38:37 |  23.5s | 1.0e-04 | 0.2825 | 0.9363 | 0.9362 | 0.9581 | 0.0282 | 0.9096 | 0.9283 | 0.9341
0459 | 00:39:16 |  22.8s | 1.0e-04 | 0.1166 | 0.9369 | 0.9362 | 0.9588 | 0.0280 | 0.9217 | 0.9275 | 0.9418
0460 | 00:39:54 |  21.7s | 1.0e-04 | 0.0995 | 0.9360 | 0.9373 | 0.9588 | 0.0275 | 0.9303 | 0.9070 | 0.9346
0461 | 00:40:32 |  36.2s | 1.0e-04 | 0.0789 | 0.9358 | 0.9370 | 0.9568 | 0.0283 | 0.9067 | 0.9338 | 0.9369
0462 | 00:41:25 |  21.7s | 1.0e-04 | 0.0633 | 0.9349 | 0.9340 | 0.9558 | 0.0266 | 0.9256 | 0.9132 | 0.9348
0463 | 00:42:03 |  22.6s | 1.0e-04 | 0.0641 | 0.9360 | 0.9358 | 0.9573 | 0.0285 | 0.9355 | 0.8947 | 0.9327
0464 | 00:42:42 |  22.6s | 1.0e-04 | 0.0666 | 0.9366 | 0.9363 | 0.9585 | 0.0287 | 0.9128 | 0.9260 | 0.9343
0465 | 00:43:21 |  23.1s | 1.0e-04 | 0.1314 | 0.9359 | 0.9361 | 0.9574 | 0.0281 | 0.9184 | 0.9329 | 0.9454
0466 | 00:44:01 |  22.1s | 1.0e-04 | 0.1752 | 0.9352 | 0.9360 | 0.9571 | 0.0274 | 0.9268 | 0.9193 | 0.9399
0467 | 00:44:39 |  21.1s | 1.0e-04 | 0.0872 | 0.9345 | 0.9344 | 0.9554 | 0.0283 | 0.9222 | 0.9188 | 0.9368
0468 | 00:45:18 |  21.6s | 1.0e-04 | 0.2478 | 0.9353 | 0.9349 | 0.9560 | 0.0271 | 0.9272 | 0.9162 | 0.9386
0469 | 00:45:56 |  35.4s | 1.0e-04 | 0.0732 | 0.9352 | 0.9365 | 0.9568 | 0.0279 | 0.9208 | 0.9280 | 0.9428
0470 | 00:46:47 |  22.7s | 1.0e-04 | 0.3695 | 0.9364 | 0.9362 | 0.9578 | 0.0277 | 0.9204 | 0.9203 | 0.9355
0471 | 00:47:25 |  22.9s | 1.0e-04 | 0.0592 | 0.9352 | 0.9368 | 0.9578 | 0.0279 | 0.9183 | 0.9298 | 0.9422
0472 | 00:48:03 |  22.6s | 1.0e-04 | 0.0622 | 0.9361 | 0.9361 | 0.9573 | 0.0275 | 0.9248 | 0.9115 | 0.9338
0473 | 00:48:42 |  21.7s | 1.0e-04 | 0.0575 | 0.9345 | 0.9347 | 0.9557 | 0.0282 | 0.9125 | 0.9291 | 0.9367
0474 | 00:49:21 |  21.6s | 1.0e-04 | 0.0750 | 0.9367 | 0.9365 | 0.9582 | 0.0294 | 0.9049 | 0.9306 | 0.9336
0475 | 00:50:01 |  21.3s | 1.0e-04 | 0.0605 | 0.9349 | 0.9344 | 0.9565 | 0.0275 | 0.9211 | 0.9234 | 0.9390
0476 | 00:50:39 |  22.2s | 1.0e-04 | 0.0588 | 0.9356 | 0.9360 | 0.9572 | 0.0280 | 0.9265 | 0.9191 | 0.9405
0477 | 00:51:17 |  35.4s | 1.0e-04 | 0.0625 | 0.9372 | 0.9367 | 0.9589 | 0.0272 | 0.9229 | 0.9205 | 0.9376
0478 | 00:52:09 |  21.6s | 1.0e-04 | 0.0831 | 0.9368 | 0.9355 | 0.9580 | 0.0269 | 0.9384 | 0.9070 | 0.9432
0479 | 00:52:46 |  21.7s | 1.0e-04 | 0.0802 | 0.9378 | 0.9377 | 0.9593 | 0.0269 | 0.9294 | 0.9182 | 0.9409
0480 | 00:53:26 |  22.2s | 1.0e-04 | 0.1436 | 0.9352 | 0.9353 | 0.9573 | 0.0293 | 0.9320 | 0.9039 | 0.9346
0481 | 00:54:07 |  22.1s | 1.0e-04 | 0.1202 | 0.9381 | 0.9366 | 0.9597 | 0.0273 | 0.9254 | 0.9202 | 0.9387
0482 | 00:54:46 |  22.2s | 1.0e-04 | 0.1485 | 0.9359 | 0.9359 | 0.9576 | 0.0284 | 0.9154 | 0.9285 | 0.9374
0483 | 00:55:24 |  22.5s | 1.0e-04 | 0.8848 | 0.9367 | 0.9378 | 0.9590 | 0.0277 | 0.9208 | 0.9233 | 0.9374
0484 | 00:56:03 |  22.8s | 1.0e-04 | 0.0945 | 0.9370 | 0.9366 | 0.9599 | 0.0282 | 0.9249 | 0.9123 | 0.9345
0485 | 00:56:42 |  34.7s | 1.0e-04 | 0.0636 | 0.9346 | 0.9342 | 0.9551 | 0.0279 | 0.9183 | 0.9190 | 0.9328
0486 | 00:57:33 |  23.1s | 1.0e-04 | 0.0581 | 0.9350 | 0.9331 | 0.9557 | 0.0281 | 0.9138 | 0.9281 | 0.9376
0487 | 00:58:12 |  21.4s | 1.0e-04 | 0.0763 | 0.9335 | 0.9342 | 0.9547 | 0.0282 | 0.9053 | 0.9324 | 0.9327
0488 | 00:58:50 |  21.2s | 1.0e-04 | 0.0609 | 0.9350 | 0.9338 | 0.9556 | 0.0279 | 0.9162 | 0.9305 | 0.9415
0489 | 00:59:27 |  21.4s | 1.0e-04 | 2.0325 | 0.9351 | 0.9337 | 0.9561 | 0.0279 | 0.9134 | 0.9279 | 0.9355
0490 | 01:00:04 |  22.2s | 1.0e-04 | 0.0654 | 0.9348 | 0.9340 | 0.9560 | 0.0284 | 0.8993 | 0.9391 | 0.9360
0491 | 01:00:42 |  22.1s | 1.0e-04 | 0.0667 | 0.9341 | 0.9348 | 0.9550 | 0.0279 | 0.9175 | 0.9246 | 0.9370
0492 | 01:01:20 |  22.3s | 1.0e-04 | 0.0740 | 0.9338 | 0.9339 | 0.9550 | 0.0270 | 0.9114 | 0.9337 | 0.9381
0493 | 01:01:59 |  35.8s | 1.0e-04 | 0.0848 | 0.9339 | 0.9337 | 0.9548 | 0.0274 | 0.9245 | 0.9223 | 0.9411
0494 | 01:02:50 |  22.4s | 1.0e-04 | 0.0867 | 0.9347 | 0.9341 | 0.9552 | 0.0272 | 0.9353 | 0.9149 | 0.9448
0495 | 01:03:28 |  21.9s | 1.0e-04 | 0.0749 | 0.9349 | 0.9338 | 0.9561 | 0.0273 | 0.9308 | 0.9176 | 0.9433
0496 | 01:04:07 |  21.7s | 1.0e-04 | 0.0727 | 0.9344 | 0.9345 | 0.9558 | 0.0282 | 0.9064 | 0.9402 | 0.9366
0497 | 01:04:44 |  22.2s | 1.0e-04 | 0.0598 | 0.9355 | 0.9340 | 0.9571 | 0.0280 | 0.9279 | 0.9144 | 0.9380
0498 | 01:05:23 |  22.8s | 1.0e-04 | 0.0710 | 0.9336 | 0.9328 | 0.9539 | 0.0278 | 0.9169 | 0.9281 | 0.9399
0499 | 01:06:02 |  21.7s | 1.0e-04 | 0.0989 | 0.9341 | 0.9335 | 0.9548 | 0.0274 | 0.9289 | 0.9210 | 0.9444
0500 | 01:06:42 |  21.9s | 1.0e-04 | 0.1287 | 0.9352 | 0.9344 | 0.9559 | 0.0279 | 0.9366 | 0.9048 | 0.9401
0501 | 01:07:24 |  22.2s | 1.0e-04 | 0.0656 | 0.9348 | 0.9321 | 0.9546 | 0.0271 | 0.9228 | 0.9164 | 0.9363
0502 | 01:08:04 |  22.0s | 1.0e-04 | 0.0574 | 0.9347 | 0.9331 | 0.9550 | 0.0284 | 0.9143 | 0.9335 | 0.9384
0503 | 01:08:43 |  23.0s | 1.0e-04 | 0.1119 | 0.9342 | 0.9328 | 0.9555 | 0.0274 | 0.9195 | 0.9277 | 0.9404
0504 | 01:09:22 |  23.3s | 1.0e-04 | 0.4358 | 0.9342 | 0.9318 | 0.9547 | 0.0274 | 0.9306 | 0.9167 | 0.9416
0505 | 01:10:01 |  22.9s | 1.0e-04 | 0.0527 | 0.9343 | 0.9320 | 0.9548 | 0.0276 | 0.9164 | 0.9282 | 0.9394
0506 | 01:10:39 |  21.8s | 1.0e-04 | 0.0522 | 0.9343 | 0.9319 | 0.9551 | 0.0279 | 0.9204 | 0.9278 | 0.9432
0507 | 01:11:17 |  23.7s | 1.0e-04 | 0.0523 | 0.9342 | 0.9315 | 0.9538 | 0.0281 | 0.9106 | 0.9379 | 0.9411
0508 | 01:11:57 |  35.6s | 1.0e-04 | 0.0552 | 0.9352 | 0.9331 | 0.9566 | 0.0280 | 0.9390 | 0.8968 | 0.9371
0509 | 01:12:50 |  23.3s | 1.0e-04 | 0.0735 | 0.9404 | 0.9410 | 0.9632 | 0.0281 | 0.9152 | 0.9282 | 0.9354
0510 | 01:13:30 |  24.2s | 1.0e-04 | 2.2476 | 0.9368 | 0.9390 | 0.9600 | 0.0279 | 0.9123 | 0.9325 | 0.9392
0511 | 01:14:11 |  23.1s | 1.0e-04 | 0.0786 | 0.9383 | 0.9388 | 0.9607 | 0.0274 | 0.9335 | 0.9141 | 0.9424
0512 | 01:14:50 |  22.9s | 1.0e-04 | 0.0642 | 0.9383 | 0.9396 | 0.9610 | 0.0266 | 0.9307 | 0.9142 | 0.9404
0513 | 01:15:29 |  21.7s | 1.0e-04 | 0.0807 | 0.9382 | 0.9392 | 0.9614 | 0.0281 | 0.9212 | 0.9207 | 0.9362
0514 | 01:16:08 |  21.7s | 1.0e-04 | 0.0646 | 0.9381 | 0.9393 | 0.9612 | 0.0282 | 0.9089 | 0.9314 | 0.9369
0515 | 01:16:48 |  21.8s | 1.0e-04 | 0.1032 | 0.9387 | 0.9407 | 0.9622 | 0.0289 | 0.9025 | 0.9408 | 0.9399
0516 | 01:17:27 |  37.0s | 1.0e-04 | 0.0752 | 0.9380 | 0.9379 | 0.9604 | 0.0278 | 0.9187 | 0.9253 | 0.9399
0517 | 01:18:20 |  23.7s | 1.0e-04 | 0.0972 | 0.9378 | 0.9377 | 0.9595 | 0.0278 | 0.9186 | 0.9264 | 0.9376
0518 | 01:18:59 |  22.6s | 1.0e-04 | 0.0817 | 0.9364 | 0.9361 | 0.9583 | 0.0275 | 0.9159 | 0.9265 | 0.9381
0519 | 01:19:37 |  21.2s | 1.0e-04 | 0.0609 | 0.9359 | 0.9367 | 0.9578 | 0.0268 | 0.9199 | 0.9307 | 0.9450
0520 | 01:20:15 |  21.5s | 1.0e-04 | 0.0685 | 0.9371 | 0.9373 | 0.9594 | 0.0269 | 0.9217 | 0.9278 | 0.9435
0521 | 01:20:54 |  21.5s | 1.0e-04 | 0.1427 | 0.9378 | 0.9376 | 0.9598 | 0.0282 | 0.9072 | 0.9376 | 0.9391
0522 | 01:21:34 |  21.4s | 1.0e-04 | 0.0592 | 0.9365 | 0.9367 | 0.9584 | 0.0269 | 0.9384 | 0.9029 | 0.9402
0523 | 01:22:10 |  23.0s | 1.0e-04 | 0.1583 | 0.9370 | 0.9369 | 0.9586 | 0.0268 | 0.9145 | 0.9353 | 0.9431
0524 | 01:22:50 |  35.6s | 1.0e-04 | 0.0616 | 0.9370 | 0.9374 | 0.9599 | 0.0269 | 0.9323 | 0.9199 | 0.9444
0525 | 01:23:41 |  21.7s | 1.0e-04 | 0.0638 | 0.9366 | 0.9363 | 0.9582 | 0.0274 | 0.9192 | 0.9305 | 0.9430
0526 | 01:24:21 |  21.8s | 1.0e-04 | 0.0557 | 0.9368 | 0.9364 | 0.9589 | 0.0271 | 0.9305 | 0.9151 | 0.9410
0527 | 01:25:01 |  21.6s | 1.0e-04 | 0.0917 | 0.9370 | 0.9370 | 0.9592 | 0.0267 | 0.9345 | 0.9190 | 0.9464
0528 | 01:25:40 |  22.0s | 1.0e-04 | 0.0948 | 0.9365 | 0.9360 | 0.9585 | 0.0295 | 0.9373 | 0.8998 | 0.9372
0529 | 01:26:19 |  23.0s | 1.0e-04 | 1.2461 | 0.9366 | 0.9372 | 0.9588 | 0.0271 | 0.9117 | 0.9340 | 0.9401
0530 | 01:26:59 |  23.2s | 1.0e-04 | 0.1726 | 0.9371 | 0.9357 | 0.9601 | 0.0282 | 0.9206 | 0.9220 | 0.9391
0531 | 01:27:39 |  23.1s | 1.0e-04 | 0.0568 | 0.9369 | 0.9362 | 0.9590 | 0.0274 | 0.9104 | 0.9341 | 0.9386
0532 | 01:28:18 |  34.4s | 1.0e-04 | 0.0869 | 0.9357 | 0.9349 | 0.9575 | 0.0270 | 0.9300 | 0.9225 | 0.9460
0533 | 01:29:08 |  23.1s | 1.0e-04 | 0.3262 | 0.9364 | 0.9350 | 0.9579 | 0.0276 | 0.9110 | 0.9348 | 0.9415
0534 | 01:29:48 |  21.9s | 1.0e-04 | 0.1374 | 0.9358 | 0.9360 | 0.9567 | 0.0274 | 0.9198 | 0.9268 | 0.9410
0535 | 01:30:28 |  21.9s | 1.0e-04 | 0.1288 | 0.9357 | 0.9341 | 0.9569 | 0.0279 | 0.9269 | 0.9234 | 0.9422
0536 | 01:31:06 |  22.7s | 1.0e-04 | 0.0893 | 0.9360 | 0.9351 | 0.9574 | 0.0274 | 0.9255 | 0.9273 | 0.9445
0537 | 01:31:45 |  23.1s | 1.0e-04 | 0.0876 | 0.9350 | 0.9355 | 0.9573 | 0.0269 | 0.9301 | 0.9053 | 0.9345
0538 | 01:32:24 |  22.8s | 1.0e-04 | 0.0764 | 0.9375 | 0.9365 | 0.9585 | 0.0263 | 0.9229 | 0.9221 | 0.9381
0539 | 01:33:03 |  22.6s | 1.0e-04 | 0.2091 | 0.9355 | 0.9356 | 0.9573 | 0.0264 | 0.9282 | 0.9202 | 0.9416
0540 | 01:33:42 |  34.0s | 1.0e-04 | 0.1006 | 0.9388 | 0.9385 | 0.9610 | 0.0281 | 0.9271 | 0.9164 | 0.9381
0541 | 01:34:32 |  22.0s | 1.0e-04 | 0.1295 | 0.9398 | 0.9402 | 0.9634 | 0.0271 | 0.9312 | 0.9211 | 0.9448
0542 | 01:35:10 |  21.6s | 1.0e-04 | 0.0645 | 0.9388 | 0.9395 | 0.9616 | 0.0270 | 0.9348 | 0.9066 | 0.9387
0543 | 01:35:48 |  23.2s | 1.0e-04 | 0.0722 | 0.9392 | 0.9402 | 0.9623 | 0.0275 | 0.9160 | 0.9321 | 0.9431
0544 | 01:36:26 |  22.6s | 1.0e-04 | 0.0556 | 0.9396 | 0.9398 | 0.9624 | 0.0280 | 0.9190 | 0.9170 | 0.9332
0545 | 01:37:05 |  23.0s | 1.0e-04 | 0.0579 | 0.9398 | 0.9390 | 0.9628 | 0.0280 | 0.9169 | 0.9283 | 0.9398
0546 | 01:37:44 |  22.4s | 1.0e-04 | 0.2418 | 0.9401 | 0.9394 | 0.9625 | 0.0282 | 0.9457 | 0.8872 | 0.9391
0547 | 01:38:22 |  33.8s | 1.0e-04 | 0.0792 | 0.9401 | 0.9402 | 0.9630 | 0.0273 | 0.9272 | 0.9131 | 0.9362
0548 | 01:39:12 |  22.6s | 1.0e-04 | 0.1082 | 0.9393 | 0.9405 | 0.9617 | 0.0266 | 0.9227 | 0.9263 | 0.9422
0549 | 01:39:51 |  21.9s | 1.0e-04 | 0.0962 | 0.9377 | 0.9397 | 0.9612 | 0.0271 | 0.9343 | 0.9038 | 0.9366
0550 | 01:40:30 |  21.6s | 1.0e-04 | 0.0637 | 0.9402 | 0.9412 | 0.9638 | 0.0268 | 0.9130 | 0.9328 | 0.9410
0551 | 01:41:08 |  22.7s | 1.0e-04 | 0.0582 | 0.9394 | 0.9392 | 0.9620 | 0.0273 | 0.9251 | 0.9244 | 0.9427
0552 | 01:41:48 |  21.8s | 1.0e-04 | 1.0441 | 0.9385 | 0.9395 | 0.9617 | 0.0268 | 0.9296 | 0.9186 | 0.9430
0553 | 01:42:25 |  21.9s | 1.0e-04 | 0.1855 | 0.9393 | 0.9399 | 0.9617 | 0.0269 | 0.9167 | 0.9248 | 0.9365
0554 | 01:43:06 |  28.9s | 1.0e-04 | 0.0597 | 0.9404 | 0.9418 | 0.9635 | 0.0276 | 0.9145 | 0.9274 | 0.9361
0555 | 01:43:53 |  35.4s | 1.0e-04 | 0.4403 | 0.9396 | 0.9404 | 0.9628 | 0.0275 | 0.9259 | 0.9219 | 0.9426
0556 | 01:44:45 |  22.0s | 1.0e-04 | 0.1004 | 0.9399 | 0.9423 | 0.9639 | 0.0277 | 0.9265 | 0.9242 | 0.9440
0557 | 01:45:24 |  22.0s | 1.0e-04 | 28.9210 | 0.9320 | 0.9328 | 0.9522 | 0.0294 | 0.9251 | 0.9042 | 0.9289
0558 | 01:46:04 |  22.0s | 1.0e-04 | 0.5802 | 0.9334 | 0.9330 | 0.9552 | 0.0282 | 0.8998 | 0.9405 | 0.9353
0559 | 01:46:43 |  22.8s | 1.0e-04 | 0.4504 | 0.9365 | 0.9393 | 0.9592 | 0.0290 | 0.9306 | 0.9103 | 0.9366
0560 | 01:47:21 |  22.8s | 1.0e-04 | 0.1145 | 0.9400 | 0.9413 | 0.9639 | 0.0277 | 0.9320 | 0.9124 | 0.9390
0561 | 01:48:01 |  31.8s | 1.0e-04 | 0.0825 | 0.9408 | 0.9413 | 0.9637 | 0.0275 | 0.9314 | 0.9211 | 0.9461
0562 | 01:48:48 |  22.4s | 1.0e-04 | 7.6050 | 0.9409 | 0.9431 | 0.9646 | 0.0277 | 0.9130 | 0.9271 | 0.9350
0563 | 01:49:27 |  35.4s | 1.0e-04 | 0.0907 | 0.9395 | 0.9411 | 0.9636 | 0.0281 | 0.9109 | 0.9343 | 0.9403
0564 | 01:50:19 |  22.0s | 1.0e-04 | 0.0830 | 0.9395 | 0.9424 | 0.9630 | 0.0279 | 0.9195 | 0.9275 | 0.9395
0565 | 01:50:57 |  22.9s | 1.0e-04 | 0.1009 | 0.9387 | 0.9406 | 0.9616 | 0.0281 | 0.9309 | 0.9151 | 0.9405
0566 | 01:51:37 |  21.9s | 1.0e-04 | 0.0659 | 0.9393 | 0.9408 | 0.9620 | 0.0274 | 0.9079 | 0.9367 | 0.9392
0567 | 01:52:16 |  21.4s | 1.0e-04 | 0.0771 | 0.9399 | 0.9422 | 0.9632 | 0.0269 | 0.9272 | 0.9197 | 0.9395
0568 | 01:52:52 |  22.5s | 1.0e-04 | 0.0866 | 0.9403 | 0.9416 | 0.9633 | 0.0274 | 0.9258 | 0.9207 | 0.9388
0569 | 01:53:30 |  32.2s | 1.0e-04 | 0.1418 | 0.9398 | 0.9420 | 0.9628 | 0.0274 | 0.9355 | 0.9085 | 0.9413
0570 | 01:54:20 |  22.2s | 1.0e-04 | 0.5968 | 0.9390 | 0.9400 | 0.9615 | 0.0277 | 0.9119 | 0.9365 | 0.9434
0571 | 01:54:58 |  34.6s | 1.0e-04 | 0.1594 | 0.9377 | 0.9384 | 0.9604 | 0.0267 | 0.9237 | 0.9259 | 0.9418
0572 | 01:55:49 |  23.7s | 1.0e-04 | 0.1119 | 0.9374 | 0.9381 | 0.9602 | 0.0268 | 0.9153 | 0.9321 | 0.9392
0573 | 01:56:29 |  22.4s | 1.0e-04 | 0.1179 | 0.9371 | 0.9369 | 0.9593 | 0.0270 | 0.9214 | 0.9289 | 0.9431
0574 | 01:57:08 |  21.7s | 1.0e-04 | 0.0810 | 0.9372 | 0.9380 | 0.9589 | 0.0270 | 0.9328 | 0.9202 | 0.9457
0575 | 01:57:48 |  21.7s | 1.0e-04 | 0.0786 | 0.9366 | 0.9367 | 0.9587 | 0.0269 | 0.9213 | 0.9247 | 0.9391
0576 | 01:58:27 |  21.7s | 1.0e-04 | 0.0843 | 0.9358 | 0.9368 | 0.9584 | 0.0273 | 0.9223 | 0.9247 | 0.9405
0577 | 01:59:04 |  30.9s | 1.0e-04 | 0.0802 | 0.9361 | 0.9363 | 0.9579 | 0.0278 | 0.9127 | 0.9283 | 0.9365
0578 | 01:59:50 |  23.4s | 1.0e-04 | 0.0891 | 0.9378 | 0.9390 | 0.9603 | 0.0274 | 0.9133 | 0.9383 | 0.9426
0579 | 02:00:29 |  33.5s | 1.0e-04 | 0.2078 | 0.9393 | 0.9411 | 0.9625 | 0.0268 | 0.9284 | 0.9198 | 0.9433
0580 | 02:01:18 |  21.8s | 1.0e-04 | 0.0937 | 0.9404 | 0.9421 | 0.9636 | 0.0271 | 0.9276 | 0.9188 | 0.9414
0581 | 02:01:56 |  21.9s | 1.0e-04 | 0.0696 | 0.9410 | 0.9424 | 0.9643 | 0.0263 | 0.9298 | 0.9178 | 0.9409
0582 | 02:02:36 |  22.0s | 1.0e-04 | 0.1372 | 0.9406 | 0.9419 | 0.9642 | 0.0265 | 0.9300 | 0.9165 | 0.9401
0583 | 02:03:16 |  21.9s | 1.0e-04 | 0.0660 | 0.9402 | 0.9420 | 0.9637 | 0.0277 | 0.9428 | 0.9012 | 0.9436
0584 | 02:03:53 |  23.0s | 1.0e-04 | 0.1027 | 0.9402 | 0.9420 | 0.9639 | 0.0283 | 0.9197 | 0.9261 | 0.9392
0585 | 02:04:33 |  32.1s | 1.0e-04 | 0.0708 | 0.9381 | 0.9401 | 0.9613 | 0.0272 | 0.9250 | 0.9187 | 0.9380
0586 | 02:05:21 |  35.6s | 1.0e-04 | 0.1281 | 0.9403 | 0.9417 | 0.9643 | 0.0271 | 0.9356 | 0.9049 | 0.9382
0587 | 02:06:11 |  23.2s | 1.0e-04 | 0.1281 | 0.9410 | 0.9411 | 0.9646 | 0.0274 | 0.9239 | 0.9214 | 0.9386
0588 | 02:06:51 |  23.2s | 1.0e-04 | 0.0748 | 0.9395 | 0.9404 | 0.9625 | 0.0277 | 0.9215 | 0.9258 | 0.9400
0589 | 02:07:30 |  22.5s | 1.0e-04 | 0.0585 | 0.9400 | 0.9395 | 0.9630 | 0.0265 | 0.9169 | 0.9342 | 0.9424
0590 | 02:08:08 |  23.3s | 1.0e-04 | 0.0556 | 0.9393 | 0.9393 | 0.9625 | 0.0281 | 0.9067 | 0.9408 | 0.9411
0591 | 02:08:47 |  21.8s | 1.0e-04 | 0.0538 | 0.9407 | 0.9407 | 0.9638 | 0.0270 | 0.9198 | 0.9268 | 0.9422
0592 | 02:09:26 |  21.9s | 1.0e-04 | 0.2109 | 0.9401 | 0.9417 | 0.9645 | 0.0276 | 0.9229 | 0.9229 | 0.9394
0593 | 02:10:04 |  30.0s | 1.0e-04 | 0.1736 | 0.9386 | 0.9394 | 0.9616 | 0.0266 | 0.9376 | 0.9098 | 0.9430
0594 | 02:10:52 |  32.8s | 1.0e-04 | 2.9293 | 0.9378 | 0.9388 | 0.9609 | 0.0263 | 0.9269 | 0.9195 | 0.9402
0595 | 02:11:43 |  21.9s | 1.0e-04 | 0.1296 | 0.9376 | 0.9371 | 0.9594 | 0.0261 | 0.9197 | 0.9311 | 0.9430
0596 | 02:12:22 |  22.4s | 1.0e-04 | 0.0597 | 0.9383 | 0.9387 | 0.9612 | 0.0267 | 0.9344 | 0.9165 | 0.9443
0597 | 02:12:59 |  22.4s | 1.0e-04 | 0.0643 | 0.9378 | 0.9379 | 0.9598 | 0.0264 | 0.9246 | 0.9274 | 0.9451
0598 | 02:13:38 |  21.4s | 1.0e-04 | 0.0624 | 0.9386 | 0.9391 | 0.9618 | 0.0270 | 0.9217 | 0.9313 | 0.9440
0599 | 02:14:16 |  21.3s | 1.0e-04 | 0.1269 | 0.9378 | 0.9377 | 0.9596 | 0.0269 | 0.9279 | 0.9202 | 0.9416
0600 | 02:14:56 |  21.4s | 1.0e-04 | 0.0609 | 0.9357 | 0.9369 | 0.9581 | 0.0273 | 0.9392 | 0.9023 | 0.9405
0601 | 02:15:35 |  21.6s | 1.0e-04 | 0.0776 | 0.9384 | 0.9390 | 0.9612 | 0.0267 | 0.9352 | 0.9177 | 0.9457
0602 | 02:16:14 |  32.6s | 1.0e-04 | 0.0674 | 0.9391 | 0.9389 | 0.9618 | 0.0265 | 0.9269 | 0.9306 | 0.9476
0603 | 02:17:03 |  21.3s | 1.0e-04 | 0.1641 | 0.9392 | 0.9405 | 0.9616 | 0.0264 | 0.9295 | 0.9196 | 0.9410
0604 | 02:17:40 |  23.2s | 1.0e-04 | 0.0761 | 0.9390 | 0.9392 | 0.9619 | 0.0266 | 0.9237 | 0.9277 | 0.9446
0605 | 02:18:20 |  21.3s | 1.0e-04 | 0.0624 | 0.9401 | 0.9397 | 0.9628 | 0.0270 | 0.9330 | 0.9131 | 0.9414
0606 | 02:18:58 |  21.6s | 1.0e-04 | 0.0592 | 0.9388 | 0.9402 | 0.9622 | 0.0276 | 0.9165 | 0.9332 | 0.9412
0607 | 02:19:36 |  23.3s | 1.0e-04 | 102.4331 | 0.9381 | 0.9392 | 0.9611 | 0.0259 | 0.9269 | 0.9312 | 0.9482
0608 | 02:20:16 |  31.1s | 1.0e-04 | 0.0791 | 0.9381 | 0.9396 | 0.9620 | 0.0264 | 0.9283 | 0.9221 | 0.9438
0609 | 02:21:02 |  23.2s | 1.0e-04 | 0.0698 | 0.9399 | 0.9394 | 0.9623 | 0.0272 | 0.9365 | 0.9101 | 0.9425
0610 | 02:21:41 |  34.1s | 1.0e-04 | 0.0627 | 0.9396 | 0.9399 | 0.9628 | 0.0273 | 0.9185 | 0.9300 | 0.9412
0611 | 02:22:32 |  23.1s | 1.0e-04 | 0.3042 | 0.9389 | 0.9391 | 0.9624 | 0.0275 | 0.9176 | 0.9307 | 0.9415
0612 | 02:23:11 |  21.9s | 1.0e-04 | 0.0767 | 0.9393 | 0.9405 | 0.9623 | 0.0272 | 0.9299 | 0.9209 | 0.9454
0613 | 02:23:49 |  21.8s | 1.0e-04 | 0.1131 | 0.9388 | 0.9391 | 0.9611 | 0.0270 | 0.9247 | 0.9235 | 0.9421
0614 | 02:24:29 |  22.0s | 1.0e-04 | 0.2162 | 0.9387 | 0.9395 | 0.9617 | 0.0275 | 0.9269 | 0.9207 | 0.9392
0615 | 02:25:07 |  22.5s | 1.0e-04 | 0.0900 | 0.9389 | 0.9392 | 0.9620 | 0.0271 | 0.9118 | 0.9380 | 0.9431
0616 | 02:25:46 |  32.0s | 1.0e-04 | 0.1018 | 0.9397 | 0.9402 | 0.9627 | 0.0260 | 0.9263 | 0.9229 | 0.9434
0617 | 02:26:34 |  23.1s | 1.0e-04 | 0.1312 | 0.9394 | 0.9409 | 0.9627 | 0.0261 | 0.9273 | 0.9242 | 0.9437
0618 | 02:27:13 |  35.3s | 1.0e-04 | 0.2271 | 0.9404 | 0.9414 | 0.9636 | 0.0266 | 0.9298 | 0.9172 | 0.9432
0619 | 02:28:06 |  22.4s | 1.0e-04 | 0.0936 | 0.9398 | 0.9407 | 0.9630 | 0.0281 | 0.9102 | 0.9329 | 0.9405
0620 | 02:28:45 |  21.9s | 1.0e-04 | 0.1077 | 0.9401 | 0.9415 | 0.9641 | 0.0264 | 0.9160 | 0.9325 | 0.9423
0621 | 02:29:23 |  22.5s | 1.0e-04 | 0.1170 | 0.9387 | 0.9399 | 0.9626 | 0.0273 | 0.9237 | 0.9296 | 0.9446
0622 | 02:30:00 |  21.9s | 1.0e-04 | 0.0612 | 0.9406 | 0.9412 | 0.9639 | 0.0261 | 0.9205 | 0.9295 | 0.9429
0623 | 02:30:40 |  22.2s | 1.0e-04 | 0.0620 | 0.9408 | 0.9412 | 0.9650 | 0.0273 | 0.9382 | 0.9148 | 0.9465
0624 | 02:31:18 |  31.5s | 1.0e-04 | 0.0958 | 0.9404 | 0.9405 | 0.9630 | 0.0260 | 0.9240 | 0.9323 | 0.9482
0625 | 02:32:07 |  22.7s | 1.0e-04 | 0.0925 | 0.9398 | 0.9400 | 0.9629 | 0.0271 | 0.9239 | 0.9185 | 0.9366
0626 | 02:32:49 |  22.1s | 1.0e-04 | 0.0648 | 0.9401 | 0.9405 | 0.9628 | 0.0264 | 0.9207 | 0.9350 | 0.9465
0627 | 02:33:27 |  22.5s | 1.0e-04 | 0.0694 | 0.9400 | 0.9398 | 0.9633 | 0.0266 | 0.9339 | 0.9178 | 0.9457
0628 | 02:34:06 |  23.2s | 1.0e-04 | 0.0931 | 0.9409 | 0.9403 | 0.9645 | 0.0261 | 0.9169 | 0.9340 | 0.9418
0629 | 02:34:46 |  23.2s | 1.0e-04 | 0.0680 | 0.9392 | 0.9400 | 0.9624 | 0.0257 | 0.9307 | 0.9160 | 0.9424
0630 | 02:35:25 |  21.6s | 1.0e-04 | 0.0959 | 0.9401 | 0.9406 | 0.9629 | 0.0272 | 0.9199 | 0.9256 | 0.9397
0631 | 02:36:05 |  21.9s | 1.0e-04 | 0.0854 | 0.9395 | 0.9401 | 0.9623 | 0.0270 | 0.9106 | 0.9333 | 0.9396
0632 | 02:36:44 |  30.3s | 1.0e-04 | 0.0558 | 0.9390 | 0.9390 | 0.9622 | 0.0261 | 0.9228 | 0.9303 | 0.9452
0633 | 02:37:32 |  31.4s | 1.0e-04 | 0.1349 | 0.9390 | 0.9405 | 0.9625 | 0.0274 | 0.9256 | 0.9249 | 0.9429
0634 | 02:38:20 |  23.5s | 1.0e-04 | 0.1070 | 0.9403 | 0.9403 | 0.9631 | 0.0258 | 0.9145 | 0.9362 | 0.9425
0635 | 02:39:00 |  23.2s | 1.0e-04 | 0.3719 | 0.9390 | 0.9411 | 0.9623 | 0.0272 | 0.9270 | 0.9185 | 0.9399
0636 | 02:39:40 |  22.9s | 1.0e-04 | 0.6075 | 0.9391 | 0.9399 | 0.9627 | 0.0269 | 0.9246 | 0.9248 | 0.9443
0637 | 02:40:19 |  22.1s | 1.0e-04 | 0.1312 | 0.9396 | 0.9390 | 0.9629 | 0.0272 | 0.9252 | 0.9218 | 0.9403
0638 | 02:40:58 |  23.2s | 1.0e-04 | 0.0924 | 0.9399 | 0.9404 | 0.9626 | 0.0262 | 0.9248 | 0.9237 | 0.9409
0639 | 02:41:38 |  21.8s | 1.0e-04 | 0.0618 | 0.9394 | 0.9401 | 0.9634 | 0.0266 | 0.9375 | 0.9153 | 0.9469
0640 | 02:42:18 |  31.0s | 1.0e-04 | 0.2335 | 0.9401 | 0.9416 | 0.9630 | 0.0274 | 0.9106 | 0.9388 | 0.9411
0641 | 02:43:07 |  34.1s | 1.0e-04 | 0.0762 | 0.9400 | 0.9413 | 0.9632 | 0.0266 | 0.9332 | 0.9234 | 0.9476
0642 | 02:43:58 |  21.6s | 1.0e-04 | 0.0577 | 0.9395 | 0.9406 | 0.9631 | 0.0270 | 0.9098 | 0.9376 | 0.9435
0643 | 02:44:35 |  22.7s | 1.0e-04 | 0.0579 | 0.9400 | 0.9395 | 0.9622 | 0.0263 | 0.9233 | 0.9247 | 0.9420
0644 | 02:45:13 |  22.3s | 1.0e-04 | 0.0971 | 0.9389 | 0.9404 | 0.9616 | 0.0266 | 0.9335 | 0.9225 | 0.9491
0645 | 02:45:50 |  23.0s | 1.0e-04 | 0.0679 | 0.9398 | 0.9416 | 0.9634 | 0.0260 | 0.9225 | 0.9313 | 0.9450
0646 | 02:46:29 |  23.2s | 1.0e-04 | 0.0918 | 0.9393 | 0.9397 | 0.9622 | 0.0268 | 0.9291 | 0.9165 | 0.9388
0647 | 02:47:06 |  30.1s | 1.0e-04 | 0.0637 | 0.9394 | 0.9394 | 0.9626 | 0.0266 | 0.9262 | 0.9302 | 0.9474
0648 | 02:47:51 |  21.7s | 1.0e-04 | 0.0631 | 0.9393 | 0.9398 | 0.9619 | 0.0282 | 0.9134 | 0.9347 | 0.9412
0649 | 02:48:31 |  33.1s | 1.0e-04 | 0.0793 | 0.9386 | 0.9395 | 0.9614 | 0.0259 | 0.9279 | 0.9322 | 0.9479
0650 | 02:49:20 |  22.0s | 1.0e-04 | 0.1331 | 0.9395 | 0.9395 | 0.9626 | 0.0264 | 0.9243 | 0.9254 | 0.9442
0651 | 02:49:56 |  21.2s | 1.0e-04 | 0.1049 | 0.9381 | 0.9386 | 0.9605 | 0.0267 | 0.9417 | 0.9083 | 0.9479
0652 | 02:50:30 |  22.2s | 1.0e-04 | 0.1121 | 0.9383 | 0.9391 | 0.9610 | 0.0260 | 0.9251 | 0.9216 | 0.9403
0653 | 02:51:07 |  22.4s | 1.0e-04 | 0.1536 | 0.9386 | 0.9391 | 0.9619 | 0.0263 | 0.9182 | 0.9342 | 0.9446
0654 | 02:51:46 |  21.3s | 1.0e-04 | 0.1230 | 0.9399 | 0.9404 | 0.9628 | 0.0266 | 0.9326 | 0.9181 | 0.9442
0655 | 02:52:25 |  30.1s | 1.0e-04 | 0.0710 | 0.9383 | 0.9388 | 0.9607 | 0.0260 | 0.9338 | 0.9195 | 0.9462
0656 | 02:53:11 |  21.5s | 1.0e-04 | 0.0677 | 0.9406 | 0.9409 | 0.9632 | 0.0259 | 0.9321 | 0.9203 | 0.9450
0657 | 02:53:50 |  31.7s | 1.0e-04 | 0.0631 | 0.9399 | 0.9403 | 0.9632 | 0.0262 | 0.9109 | 0.9421 | 0.9455
0658 | 02:54:39 |  21.4s | 1.0e-04 | 0.0613 | 0.9403 | 0.9423 | 0.9641 | 0.0268 | 0.9183 | 0.9282 | 0.9394
0659 | 02:55:17 |  22.3s | 1.0e-04 | 0.0588 | 0.9408 | 0.9424 | 0.9648 | 0.0262 | 0.9231 | 0.9294 | 0.9450
0660 | 02:55:54 |  21.6s | 1.0e-04 | 0.0623 | 0.9408 | 0.9423 | 0.9640 | 0.0271 | 0.9226 | 0.9200 | 0.9374
0661 | 02:56:32 |  21.4s | 1.0e-04 | 0.0728 | 0.9404 | 0.9422 | 0.9643 | 0.0266 | 0.9257 | 0.9280 | 0.9453
0662 | 02:57:09 |  21.4s | 1.0e-04 | 0.0659 | 0.9412 | 0.9424 | 0.9649 | 0.0263 | 0.9282 | 0.9264 | 0.9457
0663 | 02:57:48 |  29.2s | 1.0e-04 | 0.0653 | 0.9408 | 0.9414 | 0.9642 | 0.0265 | 0.9195 | 0.9350 | 0.9454
0664 | 02:58:34 |  21.2s | 1.0e-04 | 0.0648 | 0.9417 | 0.9436 | 0.9662 | 0.0259 | 0.9252 | 0.9244 | 0.9430
0665 | 02:59:11 |  31.0s | 1.0e-04 | 0.0786 | 0.9413 | 0.9430 | 0.9657 | 0.0268 | 0.9311 | 0.9208 | 0.9452
0666 | 03:00:00 |  21.4s | 1.0e-04 | 0.0859 | 0.9407 | 0.9426 | 0.9642 | 0.0264 | 0.9278 | 0.9250 | 0.9462
0667 | 03:00:38 |  22.5s | 1.0e-04 | 0.0701 | 0.9426 | 0.9434 | 0.9665 | 0.0263 | 0.9199 | 0.9245 | 0.9386
0668 | 03:01:16 |  21.9s | 1.0e-04 | 0.1511 | 0.9414 | 0.9444 | 0.9655 | 0.0263 | 0.9199 | 0.9327 | 0.9448
0669 | 03:01:53 |  21.3s | 1.0e-04 | 0.0618 | 0.9419 | 0.9421 | 0.9655 | 0.0266 | 0.9210 | 0.9335 | 0.9465
0670 | 03:02:31 |  21.3s | 1.0e-04 | 0.0562 | 0.9401 | 0.9412 | 0.9637 | 0.0254 | 0.9205 | 0.9314 | 0.9430
0671 | 03:03:09 |  30.3s | 1.0e-04 | 0.0696 | 0.9410 | 0.9435 | 0.9639 | 0.0260 | 0.9234 | 0.9344 | 0.9494
0672 | 03:03:56 |  31.7s | 1.0e-04 | 0.0570 | 0.9401 | 0.9413 | 0.9640 | 0.0256 | 0.9378 | 0.9086 | 0.9431
0673 | 03:04:44 |  22.1s | 1.0e-04 | 0.2737 | 0.9403 | 0.9418 | 0.9643 | 0.0260 | 0.9362 | 0.9175 | 0.9477
0674 | 03:05:22 |  22.0s | 1.0e-04 | 0.1261 | 0.9404 | 0.9424 | 0.9645 | 0.0259 | 0.9301 | 0.9217 | 0.9434
0675 | 03:05:58 |  22.6s | 1.0e-04 | 0.1956 | 0.9403 | 0.9415 | 0.9636 | 0.0257 | 0.9369 | 0.9147 | 0.9459
0676 | 03:06:35 |  23.4s | 1.0e-04 | 0.2639 | 0.9402 | 0.9413 | 0.9639 | 0.0269 | 0.9350 | 0.9165 | 0.9450
0677 | 03:07:14 |  21.7s | 1.0e-04 | 2.1754 | 0.9405 | 0.9424 | 0.9641 | 0.0263 | 0.9223 | 0.9351 | 0.9502
0678 | 03:07:52 |  21.6s | 1.0e-04 | 0.0838 | 0.9404 | 0.9418 | 0.9634 | 0.0268 | 0.9314 | 0.9122 | 0.9392
0679 | 03:08:30 |  29.5s | 1.0e-04 | 0.0591 | 0.9405 | 0.9412 | 0.9641 | 0.0273 | 0.9350 | 0.9119 | 0.9424
0680 | 03:09:17 |  33.3s | 1.0e-04 | 0.0999 | 0.9378 | 0.9388 | 0.9607 | 0.0273 | 0.9438 | 0.9067 | 0.9479
0681 | 03:10:06 |  21.7s | 1.0e-04 | 0.0558 | 0.9397 | 0.9389 | 0.9625 | 0.0266 | 0.9210 | 0.9299 | 0.9418
0682 | 03:10:44 |  22.0s | 1.0e-04 | 0.0998 | 0.9382 | 0.9380 | 0.9607 | 0.0259 | 0.9253 | 0.9311 | 0.9480
0683 | 03:11:24 |  21.7s | 1.0e-04 | 0.0749 | 0.9394 | 0.9390 | 0.9617 | 0.0265 | 0.9091 | 0.9455 | 0.9470
0684 | 03:12:01 |  21.5s | 1.0e-04 | 0.0889 | 0.9386 | 0.9395 | 0.9608 | 0.0266 | 0.9336 | 0.9196 | 0.9445
0685 | 03:12:38 |  22.1s | 1.0e-04 | 0.0633 | 0.9388 | 0.9392 | 0.9616 | 0.0254 | 0.9263 | 0.9236 | 0.9443
0686 | 03:13:18 |  30.7s | 1.0e-04 | 0.0566 | 0.9397 | 0.9403 | 0.9627 | 0.0265 | 0.9328 | 0.9164 | 0.9429
0687 | 03:14:05 |  21.9s | 1.0e-04 | 0.0876 | 0.9400 | 0.9413 | 0.9636 | 0.0266 | 0.9331 | 0.9226 | 0.9467
0688 | 03:14:43 |  34.8s | 1.0e-04 | 0.0737 | 0.9403 | 0.9413 | 0.9640 | 0.0259 | 0.9269 | 0.9238 | 0.9421
0689 | 03:15:34 |  21.9s | 1.0e-04 | 0.0581 | 0.9407 | 0.9421 | 0.9648 | 0.0278 | 0.9023 | 0.9449 | 0.9424
0690 | 03:16:13 |  22.0s | 1.0e-04 | 0.1057 | 0.9402 | 0.9431 | 0.9648 | 0.0256 | 0.9284 | 0.9247 | 0.9444
0691 | 03:16:52 |  22.0s | 1.0e-04 | 0.1018 | 0.9414 | 0.9444 | 0.9656 | 0.0255 | 0.9314 | 0.9228 | 0.9450
0692 | 03:17:30 |  21.5s | 1.0e-04 | 0.0784 | 0.9413 | 0.9427 | 0.9642 | 0.0257 | 0.9302 | 0.9252 | 0.9472
0693 | 03:18:08 |  22.8s | 1.0e-04 | 0.0597 | 0.9411 | 0.9436 | 0.9658 | 0.0264 | 0.9249 | 0.9288 | 0.9449
0694 | 03:18:46 |  30.2s | 1.0e-04 | 0.0664 | 0.9410 | 0.9435 | 0.9653 | 0.0262 | 0.9277 | 0.9290 | 0.9468
0695 | 03:19:30 |  21.8s | 1.0e-04 | 0.0606 | 0.9409 | 0.9427 | 0.9657 | 0.0273 | 0.9173 | 0.9303 | 0.9411
0696 | 03:20:10 |  31.6s | 1.0e-04 | 0.0857 | 0.9408 | 0.9412 | 0.9644 | 0.0264 | 0.9350 | 0.9150 | 0.9441
0697 | 03:20:58 |  21.8s | 1.0e-04 | 0.0793 | 0.9402 | 0.9406 | 0.9632 | 0.0267 | 0.9228 | 0.9359 | 0.9489
0698 | 03:21:36 |  21.5s | 1.0e-04 | 0.0547 | 0.9408 | 0.9421 | 0.9644 | 0.0265 | 0.9162 | 0.9399 | 0.9481
0699 | 03:22:14 |  21.1s | 1.0e-04 | 0.3969 | 0.9389 | 0.9417 | 0.9626 | 0.0265 | 0.9322 | 0.9210 | 0.9462
0700 | 03:22:48 |  21.9s | 1.0e-04 | 0.0942 | 0.9406 | 0.9412 | 0.9647 | 0.0262 | 0.9214 | 0.9313 | 0.9443
0701 | 03:23:26 |  22.8s | 1.0e-04 | 0.0604 | 0.9414 | 0.9430 | 0.9647 | 0.0263 | 0.9312 | 0.9169 | 0.9428
0702 | 03:24:02 |  30.3s | 1.0e-04 | 0.0682 | 0.9408 | 0.9418 | 0.9645 | 0.0263 | 0.9355 | 0.9213 | 0.9480
0703 | 03:24:48 |  21.2s | 1.0e-04 | 0.1482 | 0.9419 | 0.9427 | 0.9658 | 0.0258 | 0.9304 | 0.9220 | 0.9474
0704 | 03:25:26 |  34.0s | 1.0e-04 | 0.2468 | 0.9417 | 0.9437 | 0.9656 | 0.0266 | 0.9147 | 0.9405 | 0.9487
0705 | 03:26:14 |  21.7s | 1.0e-04 | 0.1021 | 0.9419 | 0.9439 | 0.9660 | 0.0263 | 0.9355 | 0.9158 | 0.9462
0706 | 03:26:52 |  21.6s | 1.0e-04 | 0.0676 | 0.9409 | 0.9419 | 0.9643 | 0.0263 | 0.9198 | 0.9303 | 0.9440
0707 | 03:27:30 |  21.5s | 1.0e-04 | 0.0780 | 0.9416 | 0.9446 | 0.9657 | 0.0259 | 0.9347 | 0.9177 | 0.9459
0708 | 03:28:07 |  21.5s | 1.0e-04 | 0.1913 | 0.9429 | 0.9443 | 0.9669 | 0.0277 | 0.9206 | 0.9274 | 0.9419
0709 | 03:28:44 |  22.9s | 1.0e-04 | 0.1934 | 0.9421 | 0.9448 | 0.9667 | 0.0260 | 0.9268 | 0.9230 | 0.9427
0710 | 03:29:22 |  31.3s | 1.0e-04 | 0.2561 | 0.9420 | 0.9430 | 0.9654 | 0.0258 | 0.9292 | 0.9267 | 0.9479
0711 | 03:30:06 |  33.0s | 1.0e-04 | 0.1226 | 0.9414 | 0.9428 | 0.9658 | 0.0257 | 0.9254 | 0.9334 | 0.9489
0712 | 03:30:55 |  22.1s | 1.0e-04 | 0.1049 | 0.9407 | 0.9414 | 0.9635 | 0.0256 | 0.9333 | 0.9270 | 0.9503
0713 | 03:31:34 |  21.9s | 1.0e-04 | 0.1068 | 0.9407 | 0.9418 | 0.9647 | 0.0261 | 0.9196 | 0.9277 | 0.9424
0714 | 03:32:14 |  21.6s | 1.0e-04 | 0.0769 | 0.9412 | 0.9434 | 0.9649 | 0.0260 | 0.9228 | 0.9293 | 0.9442
0715 | 03:32:53 |  21.9s | 1.0e-04 | 0.0596 | 0.9413 | 0.9414 | 0.9646 | 0.0266 | 0.9402 | 0.9087 | 0.9452
0716 | 03:33:29 |  22.1s | 1.0e-04 | 0.0623 | 0.9404 | 0.9417 | 0.9639 | 0.0284 | 0.9029 | 0.9507 | 0.9467
0717 | 03:34:06 |  21.8s | 1.0e-04 | 0.0640 | 0.9408 | 0.9421 | 0.9645 | 0.0262 | 0.9309 | 0.9199 | 0.9453
0718 | 03:34:43 |  28.6s | 1.0e-04 | 0.1161 | 0.9407 | 0.9419 | 0.9644 | 0.0247 | 0.9238 | 0.9310 | 0.9458
0719 | 03:35:27 |  33.4s | 1.0e-04 | 0.0644 | 0.9424 | 0.9446 | 0.9667 | 0.0265 | 0.9102 | 0.9416 | 0.9453
0720 | 03:36:16 |  21.6s | 1.0e-04 | 0.0871 | 0.9401 | 0.9425 | 0.9641 | 0.0261 | 0.9180 | 0.9341 | 0.9463
0721 | 03:36:51 |  21.6s | 1.0e-04 | 0.1201 | 0.9405 | 0.9436 | 0.9640 | 0.0266 | 0.9317 | 0.9163 | 0.9422
0722 | 03:37:28 |  21.2s | 1.0e-04 | 0.0764 | 0.9412 | 0.9431 | 0.9655 | 0.0257 | 0.9154 | 0.9378 | 0.9477
0723 | 03:38:06 |  21.3s | 1.0e-04 | 0.0576 | 0.9427 | 0.9430 | 0.9672 | 0.0263 | 0.9249 | 0.9267 | 0.9435
0724 | 03:38:43 |  22.0s | 1.0e-04 | 0.0997 | 0.9415 | 0.9429 | 0.9657 | 0.0255 | 0.9173 | 0.9435 | 0.9482
0725 | 03:39:20 |  22.8s | 1.0e-04 | 0.2210 | 0.9409 | 0.9428 | 0.9652 | 0.0268 | 0.9257 | 0.9295 | 0.9469
0726 | 03:39:58 |  22.1s | 1.0e-04 | 0.0862 | 0.9408 | 0.9422 | 0.9640 | 0.0254 | 0.9234 | 0.9329 | 0.9475
0727 | 03:40:36 |  33.0s | 1.0e-04 | 0.3206 | 0.9423 | 0.9434 | 0.9656 | 0.0271 | 0.9322 | 0.9211 | 0.9477
0728 | 03:41:23 |  23.2s | 1.0e-04 | 0.1576 | 0.9411 | 0.9442 | 0.9646 | 0.0263 | 0.9092 | 0.9419 | 0.9440
0729 | 03:42:01 |  21.3s | 1.0e-04 | 0.0739 | 0.9425 | 0.9444 | 0.9658 | 0.0263 | 0.9237 | 0.9251 | 0.9415
0730 | 03:42:38 |  22.0s | 1.0e-04 | 0.0633 | 0.9434 | 0.9453 | 0.9680 | 0.0254 | 0.9160 | 0.9395 | 0.9473
0731 | 03:43:15 |  22.4s | 1.0e-04 | 0.0633 | 0.9421 | 0.9441 | 0.9654 | 0.0262 | 0.9434 | 0.9060 | 0.9465
0732 | 03:43:51 |  23.1s | 1.0e-04 | 0.0578 | 0.9423 | 0.9431 | 0.9664 | 0.0255 | 0.9340 | 0.9179 | 0.9446
0733 | 03:44:29 |  30.6s | 1.0e-04 | 0.0748 | 0.9416 | 0.9451 | 0.9653 | 0.0268 | 0.9262 | 0.9278 | 0.9467
0734 | 03:45:14 |  23.2s | 1.0e-04 | 0.0844 | 0.9418 | 0.9448 | 0.9668 | 0.0255 | 0.9259 | 0.9306 | 0.9457
0735 | 03:45:53 |  32.6s | 1.0e-04 | 0.0715 | 0.9418 | 0.9448 | 0.9665 | 0.0265 | 0.9186 | 0.9377 | 0.9468
0736 | 03:46:41 |  23.1s | 1.0e-04 | 0.0647 | 0.9412 | 0.9425 | 0.9653 | 0.0266 | 0.9190 | 0.9282 | 0.9400
0737 | 03:47:19 |  21.9s | 1.0e-04 | 0.1119 | 0.9425 | 0.9435 | 0.9668 | 0.0258 | 0.9242 | 0.9306 | 0.9475
0738 | 03:47:57 |  21.6s | 1.0e-04 | 0.0726 | 0.9422 | 0.9438 | 0.9661 | 0.0254 | 0.9314 | 0.9251 | 0.9491
0739 | 03:48:33 |  23.2s | 1.0e-04 | 0.0701 | 0.9420 | 0.9443 | 0.9662 | 0.0259 | 0.9237 | 0.9317 | 0.9472
0740 | 03:49:12 |  22.8s | 1.0e-04 | 0.0887 | 0.9421 | 0.9435 | 0.9661 | 0.0265 | 0.9165 | 0.9360 | 0.9440
0741 | 03:49:49 |  30.9s | 1.0e-04 | 0.0901 | 0.9404 | 0.9428 | 0.9649 | 0.0261 | 0.9197 | 0.9324 | 0.9458
0742 | 03:50:35 |  22.7s | 1.0e-04 | 0.0826 | 0.9417 | 0.9441 | 0.9654 | 0.0265 | 0.9415 | 0.9067 | 0.9463
0743 | 03:51:13 |  32.3s | 1.0e-04 | 0.1064 | 0.9411 | 0.9419 | 0.9642 | 0.0269 | 0.9011 | 0.9430 | 0.9395
0744 | 03:52:00 |  21.6s | 1.0e-04 | 0.1684 | 0.9402 | 0.9416 | 0.9641 | 0.0257 | 0.9225 | 0.9324 | 0.9478
0745 | 03:52:38 |  22.8s | 1.0e-04 | 0.0580 | 0.9410 | 0.9423 | 0.9646 | 0.0257 | 0.9317 | 0.9253 | 0.9472
0746 | 03:53:14 |  21.8s | 1.0e-04 | 0.0815 | 0.9401 | 0.9409 | 0.9640 | 0.0261 | 0.9192 | 0.9361 | 0.9456
0747 | 03:53:53 |  21.8s | 1.0e-04 | 0.0663 | 0.9409 | 0.9420 | 0.9644 | 0.0249 | 0.9291 | 0.9299 | 0.9500
0748 | 03:54:30 |  23.2s | 1.0e-04 | 0.0705 | 0.9410 | 0.9420 | 0.9645 | 0.0261 | 0.9208 | 0.9379 | 0.9485
0749 | 03:55:08 |  31.3s | 1.0e-04 | 5.3582 | 0.9401 | 0.9409 | 0.9641 | 0.0267 | 0.9198 | 0.9315 | 0.9436
0750 | 03:55:55 |  23.3s | 1.0e-04 | 0.1670 | 0.9395 | 0.9391 | 0.9620 | 0.0253 | 0.9293 | 0.9313 | 0.9494
0751 | 03:56:35 |  23.1s | 1.0e-04 | 39.3857 | 0.9378 | 0.9393 | 0.9611 | 0.0267 | 0.9201 | 0.9364 | 0.9456
0752 | 03:57:13 |  23.0s | 1.0e-04 | 0.0625 | 0.9402 | 0.9397 | 0.9633 | 0.0258 | 0.9217 | 0.9362 | 0.9482
0753 | 03:57:50 |  22.2s | 1.0e-04 | 0.0516 | 0.9397 | 0.9393 | 0.9629 | 0.0257 | 0.9321 | 0.9282 | 0.9502
0754 | 03:58:28 |  21.9s | 1.0e-04 | 0.0523 | 0.9397 | 0.9404 | 0.9626 | 0.0259 | 0.9407 | 0.9115 | 0.9479
0755 | 03:59:06 |  22.0s | 1.0e-04 | 0.0580 | 0.9414 | 0.9419 | 0.9648 | 0.0254 | 0.9336 | 0.9147 | 0.9420
0756 | 03:59:42 |  22.6s | 1.0e-04 | 0.0516 | 0.9403 | 0.9402 | 0.9639 | 0.0255 | 0.9280 | 0.9297 | 0.9482
0757 | 04:00:20 |  30.4s | 1.0e-04 | 0.0898 | 0.9404 | 0.9416 | 0.9637 | 0.0259 | 0.9392 | 0.9142 | 0.9487
0758 | 04:01:05 |  33.6s | 1.0e-04 | 0.0957 | 0.9408 | 0.9417 | 0.9638 | 0.0263 | 0.9310 | 0.9264 | 0.9487
0759 | 04:01:54 |  21.8s | 1.0e-04 | 0.0681 | 0.9418 | 0.9436 | 0.9657 | 0.0260 | 0.9245 | 0.9334 | 0.9475
0760 | 04:02:31 |  23.0s | 1.0e-04 | 0.0619 | 0.9410 | 0.9422 | 0.9646 | 0.0265 | 0.9195 | 0.9404 | 0.9512
0761 | 04:03:10 |  22.3s | 1.0e-04 | 0.0625 | 0.9412 | 0.9439 | 0.9659 | 0.0257 | 0.9312 | 0.9273 | 0.9487
0762 | 04:03:48 |  21.6s | 1.0e-04 | 0.0901 | 0.9409 | 0.9422 | 0.9647 | 0.0250 | 0.9257 | 0.9327 | 0.9497
0763 | 04:04:27 |  21.8s | 1.0e-04 | 0.0654 | 0.9412 | 0.9423 | 0.9647 | 0.0255 | 0.9260 | 0.9285 | 0.9476
0764 | 04:05:03 |  23.2s | 1.0e-04 | 0.0696 | 0.9412 | 0.9434 | 0.9647 | 0.0261 | 0.9327 | 0.9160 | 0.9434
0765 | 04:05:40 |  30.5s | 1.0e-04 | 0.0632 | 0.9420 | 0.9446 | 0.9659 | 0.0259 | 0.9399 | 0.9101 | 0.9457
0766 | 04:06:26 |  32.6s | 1.0e-04 | 0.0597 | 0.9420 | 0.9436 | 0.9661 | 0.0249 | 0.9287 | 0.9266 | 0.9467
0767 | 04:07:12 |  23.3s | 1.0e-04 | 0.0922 | 0.9395 | 0.9391 | 0.9625 | 0.0258 | 0.9213 | 0.9372 | 0.9503
0768 | 04:07:51 |  21.7s | 1.0e-04 | 0.0576 | 0.9394 | 0.9406 | 0.9626 | 0.0259 | 0.9299 | 0.9228 | 0.9467
0769 | 04:08:29 |  21.9s | 1.0e-04 | 0.1017 | 0.9396 | 0.9412 | 0.9632 | 0.0257 | 0.9247 | 0.9278 | 0.9461
0770 | 04:09:08 |  21.8s | 1.0e-04 | 0.1320 | 0.9402 | 0.9427 | 0.9638 | 0.0253 | 0.9215 | 0.9344 | 0.9463
0771 | 04:09:46 |  21.8s | 1.0e-04 | 0.1486 | 0.9388 | 0.9405 | 0.9621 | 0.0250 | 0.9365 | 0.9137 | 0.9449
0772 | 04:10:25 |  30.3s | 1.0e-04 | 0.0641 | 0.9389 | 0.9394 | 0.9617 | 0.0256 | 0.9196 | 0.9346 | 0.9459
0773 | 04:11:10 |  22.2s | 1.0e-04 | 0.1566 | 0.9383 | 0.9389 | 0.9618 | 0.0260 | 0.9350 | 0.9219 | 0.9480
0774 | 04:11:46 |  33.9s | 1.0e-04 | 0.2227 | 0.9407 | 0.9412 | 0.9641 | 0.0253 | 0.9324 | 0.9265 | 0.9490
0775 | 04:12:35 |  22.6s | 1.0e-04 | 0.0641 | 0.9424 | 0.9433 | 0.9659 | 0.0261 | 0.9160 | 0.9360 | 0.9452
0776 | 04:13:13 |  21.5s | 1.0e-04 | 0.0553 | 0.9411 | 0.9429 | 0.9655 | 0.0260 | 0.9365 | 0.9181 | 0.9469
0777 | 04:13:52 |  21.6s | 1.0e-04 | 0.0595 | 0.9416 | 0.9436 | 0.9652 | 0.0255 | 0.9319 | 0.9242 | 0.9467
0778 | 04:14:31 |  21.6s | 1.0e-04 | 0.0811 | 0.9418 | 0.9451 | 0.9660 | 0.0253 | 0.9270 | 0.9302 | 0.9488
0779 | 04:15:07 |  22.0s | 1.0e-04 | 0.0535 | 0.9435 | 0.9443 | 0.9670 | 0.0264 | 0.9156 | 0.9372 | 0.9453
0780 | 04:15:45 |  31.0s | 1.0e-04 | 0.0531 | 0.9424 | 0.9436 | 0.9665 | 0.0255 | 0.9378 | 0.9162 | 0.9477
0781 | 04:16:32 |  22.2s | 1.0e-04 | 0.0580 | 0.9401 | 0.9420 | 0.9643 | 0.0257 | 0.9284 | 0.9282 | 0.9484
0782 | 04:17:09 |  34.7s | 1.0e-04 | 0.0958 | 0.9399 | 0.9401 | 0.9631 | 0.0254 | 0.9240 | 0.9317 | 0.9476
0783 | 04:17:59 |  22.5s | 1.0e-04 | 0.0640 | 0.9391 | 0.9400 | 0.9619 | 0.0252 | 0.9233 | 0.9397 | 0.9512
0784 | 04:18:38 |  21.7s | 1.0e-04 | 0.1413 | 0.9411 | 0.9412 | 0.9637 | 0.0259 | 0.9247 | 0.9347 | 0.9505
0785 | 04:19:17 |  21.7s | 1.0e-04 | 0.1451 | 0.9406 | 0.9416 | 0.9641 | 0.0260 | 0.9173 | 0.9415 | 0.9499
0786 | 04:19:55 |  22.0s | 1.0e-04 | 0.0868 | 0.9394 | 0.9399 | 0.9623 | 0.0252 | 0.9350 | 0.9167 | 0.9454
0787 | 04:20:33 |  22.0s | 1.0e-04 | 0.0597 | 0.9403 | 0.9411 | 0.9638 | 0.0253 | 0.9192 | 0.9359 | 0.9489
0788 | 04:21:11 |  30.6s | 1.0e-04 | 0.1662 | 0.9405 | 0.9417 | 0.9642 | 0.0259 | 0.9307 | 0.9309 | 0.9543
0789 | 04:22:00 |  22.3s | 1.0e-04 | 1.8984 | 0.9424 | 0.9445 | 0.9660 | 0.0260 | 0.9232 | 0.9342 | 0.9468
0790 | 04:22:36 |  32.8s | 1.0e-04 | 0.0679 | 0.9423 | 0.9433 | 0.9656 | 0.0255 | 0.9249 | 0.9325 | 0.9496
0791 | 04:23:25 |  22.4s | 1.0e-04 | 0.0685 | 0.9429 | 0.9447 | 0.9668 | 0.0255 | 0.9247 | 0.9310 | 0.9466
0792 | 04:24:03 |  21.6s | 1.0e-04 | 0.0703 | 0.9419 | 0.9451 | 0.9664 | 0.0250 | 0.9292 | 0.9285 | 0.9498
0793 | 04:24:39 |  21.6s | 1.0e-04 | 0.0954 | 0.9423 | 0.9446 | 0.9663 | 0.0254 | 0.9333 | 0.9186 | 0.9455
0794 | 04:25:18 |  21.7s | 1.0e-04 | 0.0732 | 0.9420 | 0.9441 | 0.9657 | 0.0250 | 0.9365 | 0.9185 | 0.9481
0795 | 04:25:57 |  21.5s | 1.0e-04 | 0.0773 | 0.9426 | 0.9441 | 0.9669 | 0.0243 | 0.9298 | 0.9296 | 0.9521
0796 | 04:26:34 |  30.3s | 1.0e-04 | 0.0695 | 0.9415 | 0.9429 | 0.9651 | 0.0255 | 0.9158 | 0.9370 | 0.9447
0797 | 04:27:21 |  31.3s | 1.0e-04 | 0.0836 | 0.9424 | 0.9453 | 0.9668 | 0.0249 | 0.9269 | 0.9317 | 0.9496
0798 | 04:28:10 |  21.2s | 1.0e-04 | 0.0711 | 0.9429 | 0.9445 | 0.9670 | 0.0259 | 0.9318 | 0.9193 | 0.9431
0799 | 04:28:47 |  21.5s | 1.0e-04 | 0.0691 | 0.9419 | 0.9426 | 0.9655 | 0.0260 | 0.9232 | 0.9326 | 0.9466
0800 | 04:29:22 |  21.2s | 1.0e-04 | 0.0848 | 0.9422 | 0.9437 | 0.9670 | 0.0262 | 0.9259 | 0.9256 | 0.9432
0801 | 04:29:58 |  21.0s | 1.0e-04 | 0.0733 | 0.9416 | 0.9426 | 0.9660 | 0.0249 | 0.9284 | 0.9324 | 0.9503
0802 | 04:30:34 |  21.1s | 1.0e-04 | 0.0558 | 0.9425 | 0.9431 | 0.9670 | 0.0249 | 0.9253 | 0.9344 | 0.9493
0803 | 04:31:10 |  21.9s | 1.0e-04 | 0.0525 | 0.9433 | 0.9444 | 0.9675 | 0.0256 | 0.9288 | 0.9246 | 0.9459
0804 | 04:31:47 |  31.8s | 1.0e-04 | 0.0595 | 0.9435 | 0.9457 | 0.9673 | 0.0256 | 0.9326 | 0.9242 | 0.9483
0805 | 04:32:36 |  33.2s | 1.0e-04 | 0.3945 | 0.9423 | 0.9443 | 0.9671 | 0.0254 | 0.9266 | 0.9346 | 0.9500
0806 | 04:33:25 |  21.8s | 1.0e-04 | 0.1007 | 0.9424 | 0.9445 | 0.9667 | 0.0258 | 0.9304 | 0.9220 | 0.9453
0807 | 04:34:04 |  21.7s | 1.0e-04 | 0.0808 | 0.9420 | 0.9446 | 0.9661 | 0.0256 | 0.9265 | 0.9349 | 0.9514
0808 | 04:34:41 |  21.3s | 1.0e-04 | 0.0685 | 0.9433 | 0.9463 | 0.9674 | 0.0263 | 0.9361 | 0.9266 | 0.9511
0809 | 04:35:18 |  23.0s | 1.0e-04 | 0.0686 | 0.9418 | 0.9454 | 0.9669 | 0.0261 | 0.9318 | 0.9174 | 0.9443
0810 | 04:35:56 |  21.3s | 1.0e-04 | 0.0835 | 0.9429 | 0.9446 | 0.9673 | 0.0257 | 0.9301 | 0.9201 | 0.9436
0811 | 04:36:34 |  29.7s | 1.0e-04 | 0.3682 | 0.9424 | 0.9446 | 0.9664 | 0.0253 | 0.9373 | 0.9173 | 0.9489
0812 | 04:37:21 |  21.4s | 1.0e-04 | 0.4248 | 0.9420 | 0.9449 | 0.9666 | 0.0257 | 0.9087 | 0.9434 | 0.9452
0813 | 04:37:58 |  33.1s | 1.0e-04 | 0.3076 | 0.9424 | 0.9440 | 0.9663 | 0.0264 | 0.9113 | 0.9445 | 0.9477
0814 | 04:38:49 |  21.7s | 1.0e-04 | 0.1482 | 0.9423 | 0.9432 | 0.9664 | 0.0255 | 0.9226 | 0.9381 | 0.9504
0815 | 04:39:28 |  21.9s | 1.0e-04 | 0.1213 | 0.9436 | 0.9442 | 0.9678 | 0.0252 | 0.9275 | 0.9347 | 0.9500
0816 | 04:40:05 |  22.4s | 1.0e-04 | 0.0895 | 0.9420 | 0.9434 | 0.9661 | 0.0249 | 0.9325 | 0.9247 | 0.9473
0817 | 04:40:43 |  23.1s | 1.0e-04 | 0.1189 | 0.9429 | 0.9446 | 0.9669 | 0.0266 | 0.9189 | 0.9349 | 0.9461
0818 | 04:41:21 |  21.7s | 1.0e-04 | 0.1572 | 0.9430 | 0.9436 | 0.9675 | 0.0260 | 0.9181 | 0.9416 | 0.9495
0819 | 04:41:59 |  29.9s | 1.0e-04 | 0.1060 | 0.9420 | 0.9441 | 0.9667 | 0.0262 | 0.9367 | 0.9186 | 0.9482
0820 | 04:42:47 |  22.0s | 1.0e-04 | 0.1054 | 0.9413 | 0.9425 | 0.9654 | 0.0252 | 0.9390 | 0.9249 | 0.9534
0821 | 04:43:27 |  32.2s | 1.0e-04 | 0.1133 | 0.9408 | 0.9427 | 0.9648 | 0.0248 | 0.9307 | 0.9303 | 0.9517
0822 | 04:44:16 |  21.7s | 1.0e-04 | 0.0761 | 0.9413 | 0.9422 | 0.9650 | 0.0259 | 0.9187 | 0.9395 | 0.9485
0823 | 04:44:54 |  21.9s | 1.0e-04 | 0.0973 | 0.9420 | 0.9438 | 0.9654 | 0.0256 | 0.9287 | 0.9283 | 0.9468
0824 | 04:45:32 |  22.1s | 1.0e-04 | 0.0921 | 0.9413 | 0.9428 | 0.9649 | 0.0253 | 0.9261 | 0.9327 | 0.9491
0825 | 04:46:08 |  21.7s | 1.0e-04 | 0.0914 | 0.9411 | 0.9419 | 0.9649 | 0.0260 | 0.9237 | 0.9268 | 0.9423
0826 | 04:46:46 |  23.2s | 1.0e-04 | 0.0807 | 0.9422 | 0.9430 | 0.9661 | 0.0254 | 0.9243 | 0.9337 | 0.9481
0827 | 04:47:24 |  28.7s | 1.0e-04 | 0.0682 | 0.9431 | 0.9446 | 0.9679 | 0.0254 | 0.9315 | 0.9333 | 0.9536
0828 | 04:48:09 |  21.7s | 1.0e-04 | 0.1276 | 0.9423 | 0.9442 | 0.9664 | 0.0258 | 0.9352 | 0.9228 | 0.9486
0829 | 04:48:45 |  33.3s | 1.0e-04 | 0.0613 | 0.9428 | 0.9439 | 0.9666 | 0.0249 | 0.9358 | 0.9155 | 0.9455
0830 | 04:49:33 |  22.0s | 1.0e-04 | 0.0613 | 0.9424 | 0.9435 | 0.9667 | 0.0251 | 0.9164 | 0.9455 | 0.9512
0831 | 04:50:11 |  23.2s | 1.0e-04 | 0.0747 | 0.9421 | 0.9433 | 0.9659 | 0.0264 | 0.9354 | 0.9239 | 0.9501
0832 | 04:50:48 |  23.2s | 1.0e-04 | 0.0677 | 0.9426 | 0.9430 | 0.9663 | 0.0252 | 0.9230 | 0.9342 | 0.9488
0833 | 04:51:26 |  23.1s | 1.0e-04 | 0.0567 | 0.9416 | 0.9423 | 0.9661 | 0.0254 | 0.9211 | 0.9354 | 0.9473
0834 | 04:52:04 |  23.1s | 1.0e-04 | 0.0720 | 0.9423 | 0.9442 | 0.9671 | 0.0256 | 0.9339 | 0.9200 | 0.9468
0835 | 04:52:43 |  30.5s | 1.0e-04 | 0.0635 | 0.9424 | 0.9434 | 0.9659 | 0.0258 | 0.9330 | 0.9200 | 0.9449
0836 | 04:53:29 |  34.1s | 1.0e-04 | 0.0550 | 0.9424 | 0.9437 | 0.9663 | 0.0264 | 0.9273 | 0.9252 | 0.9464
0837 | 04:54:20 |  21.9s | 1.0e-04 | 0.0565 | 0.9408 | 0.9420 | 0.9643 | 0.0254 | 0.9185 | 0.9367 | 0.9458
0838 | 04:54:57 |  23.0s | 1.0e-04 | 0.0586 | 0.9413 | 0.9432 | 0.9656 | 0.0251 | 0.9276 | 0.9293 | 0.9467
0839 | 04:55:35 |  23.3s | 1.0e-04 | 0.0585 | 0.9418 | 0.9424 | 0.9650 | 0.0261 | 0.9226 | 0.9339 | 0.9481
0840 | 04:56:13 |  21.7s | 1.0e-04 | 0.1379 | 0.9419 | 0.9439 | 0.9652 | 0.0258 | 0.9361 | 0.9183 | 0.9477
0841 | 04:56:50 |  22.6s | 1.0e-04 | 0.1117 | 0.9418 | 0.9433 | 0.9656 | 0.0251 | 0.9236 | 0.9306 | 0.9464
0842 | 04:57:27 |  22.7s | 1.0e-04 | 0.1329 | 0.9414 | 0.9419 | 0.9646 | 0.0253 | 0.9368 | 0.9239 | 0.9525
0843 | 04:58:06 |  31.2s | 1.0e-04 | 0.1377 | 0.9430 | 0.9432 | 0.9663 | 0.0263 | 0.9350 | 0.9175 | 0.9463
0844 | 04:58:52 |  32.2s | 1.0e-04 | 0.1146 | 0.9415 | 0.9435 | 0.9652 | 0.0252 | 0.9309 | 0.9337 | 0.9527
0845 | 04:59:39 |  21.3s | 1.0e-04 | 0.0574 | 0.9411 | 0.9415 | 0.9649 | 0.0249 | 0.9296 | 0.9260 | 0.9459
0846 | 05:00:16 |  22.3s | 1.0e-04 | 0.0576 | 0.9407 | 0.9407 | 0.9640 | 0.0253 | 0.9372 | 0.9231 | 0.9512
0847 | 05:00:54 |  21.7s | 1.0e-04 | 0.0580 | 0.9401 | 0.9402 | 0.9636 | 0.0255 | 0.9208 | 0.9339 | 0.9471
0848 | 05:01:30 |  22.7s | 1.0e-04 | 0.0567 | 0.9408 | 0.9413 | 0.9645 | 0.0246 | 0.9333 | 0.9237 | 0.9498
0849 | 05:02:08 |  21.4s | 1.0e-04 | 0.0548 | 0.9405 | 0.9401 | 0.9638 | 0.0255 | 0.9196 | 0.9418 | 0.9525
0850 | 05:02:44 |  21.6s | 1.0e-04 | 0.0625 | 0.9406 | 0.9401 | 0.9635 | 0.0246 | 0.9348 | 0.9261 | 0.9520
0851 | 05:03:22 |  21.7s | 1.0e-04 | 0.0645 | 0.9399 | 0.9404 | 0.9639 | 0.0254 | 0.9184 | 0.9385 | 0.9483
0852 | 05:04:00 |  32.3s | 1.0e-04 | 0.1921 | 0.9426 | 0.9425 | 0.9663 | 0.0257 | 0.9189 | 0.9349 | 0.9480
0853 | 05:04:47 |  21.6s | 1.0e-04 | 0.1139 | 0.9429 | 0.9451 | 0.9674 | 0.0255 | 0.9179 | 0.9360 | 0.9460
0854 | 05:05:23 |  22.7s | 1.0e-04 | 0.1172 | 0.9439 | 0.9460 | 0.9690 | 0.0258 | 0.9298 | 0.9250 | 0.9467
0855 | 05:06:01 |  21.2s | 1.0e-04 | 0.1108 | 0.9436 | 0.9470 | 0.9686 | 0.0260 | 0.9183 | 0.9386 | 0.9492
0856 | 05:06:39 |  21.4s | 1.0e-04 | 0.1536 | 0.9453 | 0.9469 | 0.9698 | 0.0251 | 0.9276 | 0.9272 | 0.9484
0857 | 05:07:16 |  21.7s | 1.0e-04 | 0.0716 | 0.9440 | 0.9470 | 0.9682 | 0.0261 | 0.9239 | 0.9303 | 0.9458
0858 | 05:07:54 |  29.8s | 1.0e-04 | 0.0586 | 0.9431 | 0.9454 | 0.9676 | 0.0263 | 0.9325 | 0.9229 | 0.9471
0859 | 05:08:40 |  21.4s | 1.0e-04 | 0.1407 | 0.9450 | 0.9468 | 0.9694 | 0.0253 | 0.9240 | 0.9324 | 0.9471
0860 | 05:09:15 |  32.0s | 1.0e-04 | 0.2248 | 0.9425 | 0.9434 | 0.9670 | 0.0258 | 0.9260 | 0.9260 | 0.9428
0861 | 05:10:02 |  22.4s | 1.0e-04 | 0.0522 | 0.9412 | 0.9428 | 0.9651 | 0.0256 | 0.9272 | 0.9312 | 0.9488
0862 | 05:10:39 |  23.3s | 1.0e-04 | 1.5806 | 0.9418 | 0.9422 | 0.9651 | 0.0261 | 0.9281 | 0.9246 | 0.9461
0863 | 05:11:18 |  21.9s | 1.0e-04 | 0.0603 | 0.9414 | 0.9435 | 0.9664 | 0.0248 | 0.9271 | 0.9385 | 0.9535
0864 | 05:11:57 |  21.9s | 1.0e-04 | 0.0584 | 0.9419 | 0.9419 | 0.9648 | 0.0261 | 0.9212 | 0.9401 | 0.9515
0865 | 05:12:32 |  22.2s | 1.0e-04 | 0.0552 | 0.9409 | 0.9413 | 0.9646 | 0.0256 | 0.9202 | 0.9418 | 0.9528
0866 | 05:13:10 |  32.2s | 1.0e-04 | 0.0553 | 0.9429 | 0.9435 | 0.9666 | 0.0261 | 0.9350 | 0.9156 | 0.9447
0867 | 05:13:58 |  23.2s | 1.0e-04 | 0.2625 | 0.9427 | 0.9444 | 0.9667 | 0.0253 | 0.9360 | 0.9214 | 0.9479
0868 | 05:14:36 |  33.9s | 1.0e-04 | 0.0607 | 0.9447 | 0.9464 | 0.9689 | 0.0252 | 0.9200 | 0.9360 | 0.9462
0869 | 05:15:25 |  22.3s | 1.0e-04 | 0.4778 | 0.9427 | 0.9458 | 0.9673 | 0.0248 | 0.9273 | 0.9313 | 0.9497
0870 | 05:16:03 |  21.7s | 1.0e-04 | 0.0722 | 0.9438 | 0.9451 | 0.9680 | 0.0259 | 0.9145 | 0.9422 | 0.9474
0871 | 05:16:38 |  22.2s | 1.0e-04 | 0.1427 | 0.9426 | 0.9448 | 0.9671 | 0.0254 | 0.9275 | 0.9336 | 0.9486
0872 | 05:17:16 |  21.4s | 1.0e-04 | 0.0835 | 0.9426 | 0.9444 | 0.9666 | 0.0262 | 0.9210 | 0.9330 | 0.9452
0873 | 05:17:55 |  21.7s | 1.0e-04 | 0.0601 | 0.9434 | 0.9443 | 0.9681 | 0.0255 | 0.9244 | 0.9316 | 0.9480
0874 | 05:18:31 |  30.6s | 1.0e-04 | 0.0583 | 0.9439 | 0.9461 | 0.9687 | 0.0251 | 0.9254 | 0.9332 | 0.9498
0875 | 05:19:19 |  21.6s | 1.0e-04 | 0.0570 | 0.9436 | 0.9444 | 0.9683 | 0.0250 | 0.9327 | 0.9270 | 0.9501
0876 | 05:20:00 |  21.9s | 1.0e-04 | 0.0998 | 0.9436 | 0.9451 | 0.9675 | 0.0267 | 0.9238 | 0.9319 | 0.9468
0877 | 05:20:37 |  22.2s | 1.0e-04 | 0.0548 | 0.9432 | 0.9444 | 0.9673 | 0.0256 | 0.9238 | 0.9339 | 0.9478
0878 | 05:21:15 |  22.9s | 1.0e-04 | 0.0720 | 0.9453 | 0.9474 | 0.9695 | 0.0252 | 0.9140 | 0.9428 | 0.9489
0879 | 05:21:51 |  22.8s | 1.0e-04 | 0.1209 | 0.9435 | 0.9450 | 0.9682 | 0.0253 | 0.9214 | 0.9353 | 0.9473
0880 | 05:22:29 |  21.5s | 1.0e-04 | 0.1205 | 0.9433 | 0.9453 | 0.9671 | 0.0258 | 0.9350 | 0.9240 | 0.9493
0881 | 05:23:07 |  21.7s | 1.0e-04 | 0.0853 | 0.9442 | 0.9448 | 0.9682 | 0.0250 | 0.9311 | 0.9276 | 0.9481
0882 | 05:23:43 |  33.1s | 1.0e-04 | 0.0560 | 0.9432 | 0.9431 | 0.9662 | 0.0257 | 0.9382 | 0.9151 | 0.9467
0883 | 05:24:31 |  33.0s | 1.0e-04 | 0.0638 | 0.9432 | 0.9429 | 0.9669 | 0.0247 | 0.9382 | 0.9219 | 0.9503
0884 | 05:25:19 |  21.9s | 1.0e-04 | 0.0629 | 0.9410 | 0.9417 | 0.9642 | 0.0248 | 0.9343 | 0.9295 | 0.9520
0885 | 05:25:57 |  22.7s | 1.0e-04 | 0.0575 | 0.9403 | 0.9406 | 0.9638 | 0.0255 | 0.9409 | 0.9154 | 0.9494
0886 | 05:26:36 |  23.1s | 1.0e-04 | 0.0724 | 0.9405 | 0.9420 | 0.9648 | 0.0248 | 0.9348 | 0.9238 | 0.9501
0887 | 05:27:13 |  22.9s | 1.0e-04 | 0.1492 | 0.9406 | 0.9422 | 0.9641 | 0.0249 | 0.9265 | 0.9365 | 0.9518
0888 | 05:27:51 |  22.6s | 1.0e-04 | 0.0794 | 0.9382 | 0.9393 | 0.9610 | 0.0252 | 0.9221 | 0.9322 | 0.9459
0889 | 05:28:28 |  21.5s | 1.0e-04 | 0.5541 | 0.9409 | 0.9421 | 0.9646 | 0.0248 | 0.9324 | 0.9224 | 0.9465
0890 | 05:29:07 |  30.2s | 1.0e-04 | 0.1222 | 0.9401 | 0.9417 | 0.9639 | 0.0254 | 0.9385 | 0.9162 | 0.9481
0891 | 05:29:53 |  31.2s | 1.0e-04 | 0.0717 | 0.9421 | 0.9443 | 0.9666 | 0.0255 | 0.9290 | 0.9287 | 0.9479
0892 | 05:30:40 |  22.9s | 1.0e-04 | 0.0621 | 0.9434 | 0.9451 | 0.9670 | 0.0259 | 0.9228 | 0.9339 | 0.9477
0893 | 05:31:19 |  23.4s | 1.0e-04 | 0.0628 | 0.9422 | 0.9455 | 0.9672 | 0.0255 | 0.9313 | 0.9265 | 0.9481
0894 | 05:31:57 |  23.1s | 1.0e-04 | 0.0931 | 0.9432 | 0.9433 | 0.9672 | 0.0256 | 0.9279 | 0.9313 | 0.9482
0895 | 05:32:36 |  23.3s | 1.0e-04 | 0.1300 | 0.9427 | 0.9453 | 0.9672 | 0.0250 | 0.9325 | 0.9199 | 0.9452
0896 | 05:33:15 |  23.0s | 1.0e-04 | 0.0809 | 0.9432 | 0.9448 | 0.9673 | 0.0251 | 0.9226 | 0.9312 | 0.9450
0897 | 05:33:53 |  30.5s | 1.0e-04 | 0.2057 | 0.9432 | 0.9449 | 0.9676 | 0.0256 | 0.9336 | 0.9175 | 0.9453
0898 | 05:34:39 |  21.9s | 1.0e-04 | 0.2394 | 0.9434 | 0.9458 | 0.9681 | 0.0256 | 0.9237 | 0.9367 | 0.9515
0899 | 05:35:19 |  33.6s | 1.0e-04 | 1.6492 | 0.9445 | 0.9471 | 0.9696 | 0.0260 | 0.9167 | 0.9384 | 0.9489
0900 | 05:36:11 |  21.6s | 1.0e-04 | 0.0725 | 0.9450 | 0.9482 | 0.9706 | 0.0252 | 0.9299 | 0.9294 | 0.9498
0901 | 05:36:46 |  22.0s | 1.0e-04 | 0.0669 | 0.9460 | 0.9486 | 0.9705 | 0.0262 | 0.9211 | 0.9363 | 0.9495
0902 | 05:37:24 |  22.9s | 1.0e-04 | 0.0711 | 0.9459 | 0.9482 | 0.9703 | 0.0253 | 0.9195 | 0.9339 | 0.9446
0903 | 05:38:03 |  21.9s | 1.0e-04 | 0.1619 | 0.9451 | 0.9481 | 0.9702 | 0.0251 | 0.9235 | 0.9288 | 0.9463
0904 | 05:38:41 |  22.7s | 1.0e-04 | 0.0695 | 0.9467 | 0.9492 | 0.9717 | 0.0253 | 0.9289 | 0.9309 | 0.9503
0905 | 05:39:17 |  31.9s | 1.0e-04 | 0.2890 | 0.9446 | 0.9479 | 0.9695 | 0.0254 | 0.9281 | 0.9304 | 0.9476
0906 | 05:40:05 |  22.4s | 1.0e-04 | 0.0784 | 0.9454 | 0.9488 | 0.9709 | 0.0267 | 0.9288 | 0.9196 | 0.9424
0907 | 05:40:42 |  39.6s | 1.0e-04 | 0.0561 | 0.9420 | 0.9434 | 0.9658 | 0.0253 | 0.9334 | 0.9221 | 0.9480
0908 | 05:41:37 |  21.7s | 1.0e-04 | 0.0585 | 0.9415 | 0.9422 | 0.9650 | 0.0251 | 0.9301 | 0.9300 | 0.9499
0909 | 05:42:14 |  22.0s | 1.0e-04 | 0.0729 | 0.9397 | 0.9411 | 0.9633 | 0.0255 | 0.9312 | 0.9218 | 0.9461
0910 | 05:42:53 |  22.0s | 1.0e-04 | 0.0791 | 0.9421 | 0.9424 | 0.9656 | 0.0255 | 0.9333 | 0.9215 | 0.9457
0911 | 05:43:30 |  23.2s | 1.0e-04 | 0.0759 | 0.9401 | 0.9415 | 0.9633 | 0.0258 | 0.9295 | 0.9281 | 0.9497
0912 | 05:44:08 |  22.7s | 1.0e-04 | 0.0640 | 0.9408 | 0.9419 | 0.9646 | 0.0248 | 0.9412 | 0.9177 | 0.9503
0913 | 05:44:47 |  29.1s | 1.0e-04 | 0.0962 | 0.9414 | 0.9417 | 0.9646 | 0.0248 | 0.9385 | 0.9139 | 0.9454
0914 | 05:45:31 |  23.3s | 1.0e-04 | 0.1040 | 0.9430 | 0.9437 | 0.9669 | 0.0249 | 0.9400 | 0.9207 | 0.9528
0915 | 05:46:08 |  34.0s | 1.0e-04 | 0.0585 | 0.9453 | 0.9480 | 0.9707 | 0.0251 | 0.9228 | 0.9377 | 0.9508
0916 | 05:46:58 |  21.3s | 1.0e-04 | 0.0709 | 0.9439 | 0.9460 | 0.9690 | 0.0248 | 0.9345 | 0.9285 | 0.9529
0917 | 05:47:37 |  21.5s | 1.0e-04 | 0.0900 | 0.9450 | 0.9468 | 0.9696 | 0.0259 | 0.9167 | 0.9417 | 0.9514
0918 | 05:48:14 |  22.7s | 1.0e-04 | 0.0787 | 0.9453 | 0.9469 | 0.9710 | 0.0247 | 0.9372 | 0.9154 | 0.9462
0919 | 05:48:52 |  22.3s | 1.0e-04 | 0.1168 | 0.9444 | 0.9468 | 0.9690 | 0.0243 | 0.9401 | 0.9228 | 0.9542
0920 | 05:49:30 |  21.4s | 1.0e-04 | 0.0689 | 0.9450 | 0.9473 | 0.9696 | 0.0250 | 0.9269 | 0.9340 | 0.9507
0921 | 05:50:07 |  30.4s | 1.0e-04 | 0.0552 | 0.9442 | 0.9470 | 0.9684 | 0.0257 | 0.9197 | 0.9414 | 0.9518
0922 | 05:50:52 |  32.5s | 1.0e-04 | 0.0694 | 0.9436 | 0.9464 | 0.9680 | 0.0246 | 0.9278 | 0.9313 | 0.9507
0923 | 05:51:40 |  23.7s | 1.0e-04 | 0.4486 | 0.9428 | 0.9455 | 0.9669 | 0.0257 | 0.9232 | 0.9355 | 0.9492
0924 | 05:52:19 |  21.8s | 1.0e-04 | 0.2370 | 0.9438 | 0.9451 | 0.9680 | 0.0246 | 0.9302 | 0.9238 | 0.9463
0925 | 05:52:58 |  21.9s | 1.0e-04 | 3.7568 | 0.9437 | 0.9461 | 0.9680 | 0.0250 | 0.9259 | 0.9299 | 0.9473
0926 | 05:53:36 |  22.9s | 1.0e-04 | 0.0868 | 0.9437 | 0.9438 | 0.9683 | 0.0247 | 0.9262 | 0.9281 | 0.9448
0927 | 05:54:14 |  22.0s | 1.0e-04 | 0.0678 | 0.9436 | 0.9461 | 0.9673 | 0.0249 | 0.9292 | 0.9328 | 0.9504
0928 | 05:54:52 |  23.1s | 1.0e-04 | 0.0658 | 0.9440 | 0.9451 | 0.9679 | 0.0249 | 0.9381 | 0.9191 | 0.9514
0929 | 05:55:30 |  31.5s | 1.0e-04 | 0.0602 | 0.9433 | 0.9455 | 0.9681 | 0.0253 | 0.9297 | 0.9335 | 0.9530
0930 | 05:56:16 |  34.3s | 1.0e-04 | 0.0845 | 0.9440 | 0.9456 | 0.9680 | 0.0245 | 0.9213 | 0.9413 | 0.9528
0931 | 05:57:05 |  23.1s | 1.0e-04 | 0.0698 | 0.9451 | 0.9458 | 0.9686 | 0.0248 | 0.9425 | 0.9144 | 0.9513
0932 | 05:57:44 |  21.9s | 1.0e-04 | 0.0796 | 0.9433 | 0.9449 | 0.9683 | 0.0258 | 0.9231 | 0.9342 | 0.9480
0933 | 05:58:23 |  22.0s | 1.0e-04 | 0.0523 | 0.9438 | 0.9449 | 0.9680 | 0.0251 | 0.9366 | 0.9214 | 0.9497
0934 | 05:58:59 |  22.9s | 1.0e-04 | 0.0579 | 0.9430 | 0.9438 | 0.9675 | 0.0262 | 0.9220 | 0.9375 | 0.9485
0935 | 05:59:38 |  22.8s | 1.0e-04 | 0.0583 | 0.9439 | 0.9451 | 0.9680 | 0.0245 | 0.9226 | 0.9382 | 0.9524
0936 | 06:00:16 |  30.3s | 1.0e-04 | 0.0565 | 0.9433 | 0.9432 | 0.9678 | 0.0248 | 0.9307 | 0.9288 | 0.9482
0937 | 06:01:02 |  22.0s | 1.0e-04 | 0.0531 | 0.9431 | 0.9438 | 0.9673 | 0.0253 | 0.9240 | 0.9335 | 0.9482
0938 | 06:01:39 |  34.2s | 1.0e-04 | 0.0556 | 0.9431 | 0.9448 | 0.9677 | 0.0247 | 0.9377 | 0.9169 | 0.9492
0939 | 06:02:29 |  23.2s | 1.0e-04 | 0.1654 | 0.9430 | 0.9443 | 0.9673 | 0.0255 | 0.9139 | 0.9445 | 0.9519
0940 | 06:03:08 |  22.7s | 1.0e-04 | 0.0581 | 0.9440 | 0.9463 | 0.9689 | 0.0263 | 0.9393 | 0.9201 | 0.9510
0941 | 06:03:46 |  21.9s | 1.0e-04 | 0.0761 | 0.9438 | 0.9443 | 0.9675 | 0.0251 | 0.9216 | 0.9391 | 0.9484
0942 | 06:04:24 |  21.9s | 1.0e-04 | 0.0665 | 0.9435 | 0.9446 | 0.9679 | 0.0245 | 0.9280 | 0.9344 | 0.9496
0943 | 06:05:02 |  22.2s | 1.0e-04 | 0.0579 | 0.9430 | 0.9440 | 0.9675 | 0.0251 | 0.9372 | 0.9230 | 0.9518
0944 | 06:05:40 |  29.9s | 1.0e-04 | 0.0688 | 0.9434 | 0.9448 | 0.9674 | 0.0250 | 0.9321 | 0.9294 | 0.9532
0945 | 06:06:24 |  22.0s | 1.0e-04 | 0.0602 | 0.9436 | 0.9441 | 0.9681 | 0.0248 | 0.9374 | 0.9278 | 0.9535
0946 | 06:07:02 |  32.8s | 1.0e-04 | 0.0590 | 0.9430 | 0.9432 | 0.9675 | 0.0256 | 0.9266 | 0.9376 | 0.9518
0947 | 06:07:50 |  22.4s | 1.0e-04 | 0.0618 | 0.9411 | 0.9427 | 0.9648 | 0.0254 | 0.9202 | 0.9402 | 0.9496
0948 | 06:08:29 |  22.2s | 1.0e-04 | 0.0666 | 0.9422 | 0.9426 | 0.9659 | 0.0250 | 0.9237 | 0.9330 | 0.9466
0949 | 06:09:06 |  22.2s | 1.0e-04 | 0.0540 | 0.9425 | 0.9418 | 0.9660 | 0.0240 | 0.9304 | 0.9368 | 0.9532
0950 | 06:09:43 |  21.4s | 1.0e-04 | 0.0968 | 0.9425 | 0.9422 | 0.9658 | 0.0263 | 0.9346 | 0.9150 | 0.9440
0951 | 06:10:21 |  22.0s | 1.0e-04 | 0.0550 | 0.9424 | 0.9428 | 0.9669 | 0.0248 | 0.9200 | 0.9353 | 0.9477
0952 | 06:10:59 |  32.1s | 1.0e-04 | 0.0533 | 0.9416 | 0.9419 | 0.9649 | 0.0261 | 0.9405 | 0.9154 | 0.9502
0953 | 06:11:46 |  22.4s | 1.0e-04 | 0.1453 | 0.9413 | 0.9406 | 0.9644 | 0.0249 | 0.9273 | 0.9342 | 0.9516
0954 | 06:12:24 |  34.5s | 1.0e-04 | 0.1769 | 0.9409 | 0.9433 | 0.9655 | 0.0247 | 0.9352 | 0.9273 | 0.9524
0955 | 06:13:14 |  21.7s | 1.0e-04 | 0.0624 | 0.9425 | 0.9434 | 0.9663 | 0.0252 | 0.9344 | 0.9226 | 0.9486
0956 | 06:13:51 |  22.1s | 1.0e-04 | 0.0842 | 0.9414 | 0.9426 | 0.9649 | 0.0264 | 0.9201 | 0.9274 | 0.9411
0957 | 06:14:29 |  22.4s | 1.0e-04 | 0.0841 | 0.9401 | 0.9432 | 0.9644 | 0.0255 | 0.9208 | 0.9399 | 0.9524
0958 | 06:15:06 |  23.0s | 1.0e-04 | 0.0971 | 0.9421 | 0.9433 | 0.9662 | 0.0246 | 0.9342 | 0.9288 | 0.9515
0959 | 06:15:45 |  21.7s | 1.0e-04 | 0.0997 | 0.9418 | 0.9434 | 0.9658 | 0.0258 | 0.9193 | 0.9353 | 0.9445
0960 | 06:16:23 |  30.0s | 1.0e-04 | 0.0732 | 0.9436 | 0.9455 | 0.9679 | 0.0249 | 0.9193 | 0.9409 | 0.9487
0961 | 06:17:08 |  32.6s | 1.0e-04 | 0.1059 | 0.9428 | 0.9458 | 0.9673 | 0.0249 | 0.9342 | 0.9221 | 0.9486
0962 | 06:17:57 |  22.5s | 1.0e-04 | 0.0732 | 0.9430 | 0.9448 | 0.9667 | 0.0249 | 0.9227 | 0.9379 | 0.9487
0963 | 06:18:34 |  23.2s | 1.0e-04 | 0.0630 | 0.9429 | 0.9437 | 0.9670 | 0.0255 | 0.9403 | 0.9250 | 0.9541
0964 | 06:19:13 |  23.3s | 1.0e-04 | 0.0616 | 0.9441 | 0.9465 | 0.9686 | 0.0250 | 0.9299 | 0.9338 | 0.9541
0965 | 06:19:51 |  23.4s | 1.0e-04 | 0.0611 | 0.9438 | 0.9462 | 0.9682 | 0.0248 | 0.9308 | 0.9370 | 0.9546
0966 | 06:20:30 |  22.2s | 1.0e-04 | 0.0764 | 0.9425 | 0.9443 | 0.9662 | 0.0251 | 0.9157 | 0.9477 | 0.9523
0967 | 06:21:09 |  21.8s | 1.0e-04 | 0.0631 | 0.9430 | 0.9444 | 0.9675 | 0.0264 | 0.9101 | 0.9451 | 0.9468
0968 | 06:21:46 |  30.8s | 1.0e-04 | 0.2063 | 0.9424 | 0.9454 | 0.9676 | 0.0242 | 0.9391 | 0.9190 | 0.9491
0969 | 06:22:33 |  32.0s | 1.0e-04 | 0.0970 | 0.9437 | 0.9447 | 0.9675 | 0.0240 | 0.9249 | 0.9354 | 0.9516
0970 | 06:23:20 |  23.0s | 1.0e-04 | 0.0712 | 0.9427 | 0.9434 | 0.9668 | 0.0246 | 0.9355 | 0.9261 | 0.9515
0971 | 06:23:57 |  22.5s | 1.0e-04 | 0.0573 | 0.9423 | 0.9437 | 0.9668 | 0.0250 | 0.9342 | 0.9235 | 0.9516
0972 | 06:24:34 |  22.2s | 1.0e-04 | 0.0810 | 0.9435 | 0.9450 | 0.9671 | 0.0257 | 0.9244 | 0.9307 | 0.9463
0973 | 06:25:10 |  21.5s | 1.0e-04 | 0.0600 | 0.9421 | 0.9428 | 0.9662 | 0.0254 | 0.9331 | 0.9212 | 0.9472
0974 | 06:25:49 |  21.3s | 1.0e-04 | 0.0811 | 0.9420 | 0.9439 | 0.9655 | 0.0241 | 0.9358 | 0.9225 | 0.9486
0975 | 06:26:26 |  21.3s | 1.0e-04 | 0.0619 | 0.9421 | 0.9434 | 0.9655 | 0.0247 | 0.9250 | 0.9415 | 0.9540
0976 | 06:27:04 |  22.0s | 1.0e-04 | 0.0625 | 0.9417 | 0.9419 | 0.9657 | 0.0240 | 0.9368 | 0.9263 | 0.9535
0977 | 06:27:40 |  32.1s | 1.0e-04 | 0.0544 | 0.9424 | 0.9431 | 0.9661 | 0.0236 | 0.9400 | 0.9159 | 0.9498
0978 | 06:28:27 |  21.8s | 1.0e-04 | 0.1076 | 0.9407 | 0.9416 | 0.9645 | 0.0254 | 0.9221 | 0.9377 | 0.9494
0979 | 06:29:03 |  21.8s | 1.0e-04 | 0.0706 | 0.9423 | 0.9425 | 0.9668 | 0.0245 | 0.9266 | 0.9342 | 0.9507
0980 | 06:29:42 |  22.1s | 1.0e-04 | 0.1124 | 0.9430 | 0.9433 | 0.9662 | 0.0253 | 0.9292 | 0.9256 | 0.9461
0981 | 06:30:18 |  22.4s | 1.0e-04 | 0.0636 | 0.9417 | 0.9425 | 0.9660 | 0.0249 | 0.9284 | 0.9310 | 0.9489
0982 | 06:30:55 |  23.0s | 1.0e-04 | 0.0731 | 0.9417 | 0.9432 | 0.9656 | 0.0253 | 0.9317 | 0.9292 | 0.9498
0983 | 06:31:33 |  29.1s | 1.0e-04 | 0.0719 | 0.9421 | 0.9419 | 0.9650 | 0.0250 | 0.9346 | 0.9268 | 0.9521
0984 | 06:32:16 |  23.3s | 1.0e-04 | 0.0844 | 0.9413 | 0.9423 | 0.9653 | 0.0248 | 0.9258 | 0.9376 | 0.9504
0985 | 06:32:54 |  32.8s | 1.0e-04 | 0.1124 | 0.9427 | 0.9442 | 0.9673 | 0.0250 | 0.9300 | 0.9288 | 0.9513
0986 | 06:33:42 |  22.6s | 1.0e-04 | 0.1259 | 0.9443 | 0.9463 | 0.9687 | 0.0245 | 0.9323 | 0.9317 | 0.9533
0987 | 06:34:21 |  21.8s | 1.0e-04 | 0.1076 | 0.9443 | 0.9453 | 0.9681 | 0.0266 | 0.9401 | 0.9150 | 0.9475
0988 | 06:34:59 |  22.0s | 1.0e-04 | 0.1070 | 0.9441 | 0.9460 | 0.9685 | 0.0257 | 0.9229 | 0.9381 | 0.9517
0989 | 06:35:36 |  22.5s | 1.0e-04 | 0.1596 | 0.9438 | 0.9465 | 0.9692 | 0.0249 | 0.9168 | 0.9397 | 0.9491
0990 | 06:36:14 |  22.9s | 1.0e-04 | 0.0851 | 0.9444 | 0.9457 | 0.9691 | 0.0251 | 0.9239 | 0.9371 | 0.9500
0991 | 06:36:52 |  32.6s | 1.0e-04 | 0.0609 | 0.9452 | 0.9467 | 0.9700 | 0.0261 | 0.9400 | 0.9179 | 0.9499
0992 | 06:37:38 |  22.4s | 1.0e-04 | 0.0881 | 0.9448 | 0.9461 | 0.9692 | 0.0247 | 0.9334 | 0.9279 | 0.9511
0993 | 06:38:14 |  33.3s | 1.0e-04 | 0.0696 | 0.9428 | 0.9435 | 0.9666 | 0.0247 | 0.9372 | 0.9212 | 0.9507
0994 | 06:39:02 |  21.6s | 1.0e-04 | 0.1928 | 0.9421 | 0.9435 | 0.9658 | 0.0254 | 0.9255 | 0.9299 | 0.9477
0995 | 06:39:39 |  21.6s | 1.0e-04 | 0.1218 | 0.9422 | 0.9439 | 0.9662 | 0.0252 | 0.9346 | 0.9251 | 0.9517
0996 | 06:40:15 |  21.5s | 1.0e-04 | 0.0752 | 0.9420 | 0.9426 | 0.9660 | 0.0243 | 0.9179 | 0.9414 | 0.9495
0997 | 06:40:51 |  22.6s | 1.0e-04 | 0.0597 | 0.9420 | 0.9435 | 0.9659 | 0.0237 | 0.9288 | 0.9387 | 0.9547
0998 | 06:41:29 |  22.6s | 1.0e-04 | 0.0583 | 0.9420 | 0.9434 | 0.9662 | 0.0254 | 0.9301 | 0.9240 | 0.9455
0999 | 06:42:07 |  29.5s | 1.0e-04 | 0.1524 | 0.9419 | 0.9427 | 0.9653 | 0.0245 | 0.9316 | 0.9317 | 0.9519
1000 | 06:42:53 |  22.8s | 1.0e-04 | 0.0894 | 0.9408 | 0.9427 | 0.9652 | 0.0256 | 0.9239 | 0.9362 | 0.9503
