Starting Custom GATv2 Diff-Weights Rewiring Experiment on cuda:0
0001 | 07:07:49 |  25.0s | 1.0e-04 | 0.2791 | 0.3251 | 0.0965 | 0.1118 | 0.1348 | 0.7296 | 0.4004 | 0.2433
0002 | 07:08:27 |  26.0s | 1.0e-04 | 0.1773 | 0.7289 | 0.3324 | 0.2067 | 0.1291 | 0.7519 | 0.4383 | 0.2520
0003 | 07:09:10 |  25.4s | 1.0e-04 | 0.1313 | 0.7698 | 0.4953 | 0.3086 | 0.1134 | 0.7750 | 0.5284 | 0.3028
0004 | 07:09:52 |  25.0s | 1.0e-04 | 0.1207 | 0.7877 | 0.5529 | 0.3462 | 0.1065 | 0.7505 | 0.5980 | 0.3301
0005 | 07:10:36 |  25.0s | 1.0e-04 | 0.1135 | 0.7998 | 0.5893 | 0.3777 | 0.1035 | 0.8195 | 0.5569 | 0.3745
0006 | 07:11:18 |  24.9s | 1.0e-04 | 0.1096 | 0.8075 | 0.6094 | 0.3998 | 0.1007 | 0.7887 | 0.6135 | 0.3719
0007 | 07:12:00 |  24.8s | 1.0e-04 | 0.1025 | 0.8143 | 0.6275 | 0.4180 | 0.0960 | 0.8160 | 0.6101 | 0.3921
0008 | 07:12:43 |  39.0s | 1.0e-04 | 0.0979 | 0.8222 | 0.6486 | 0.4429 | 0.0928 | 0.8015 | 0.6369 | 0.4034
0009 | 07:13:38 |  24.9s | 1.0e-04 | 0.0936 | 0.8278 | 0.6586 | 0.4502 | 0.0891 | 0.8269 | 0.6410 | 0.4253
0010 | 07:14:18 |  25.3s | 1.0e-04 | 0.0911 | 0.8315 | 0.6672 | 0.4629 | 0.0891 | 0.7894 | 0.7084 | 0.4514
0011 | 07:14:59 |  25.8s | 1.0e-04 | 0.0888 | 0.8380 | 0.6832 | 0.4888 | 0.0876 | 0.8303 | 0.6794 | 0.4751
0012 | 07:15:42 |  25.3s | 1.0e-04 | 0.0893 | 0.8396 | 0.6926 | 0.4996 | 0.0826 | 0.8394 | 0.6723 | 0.4794
0013 | 07:16:25 |  25.6s | 1.0e-04 | 0.0865 | 0.8433 | 0.7060 | 0.5251 | 0.0804 | 0.8237 | 0.6980 | 0.4849
0014 | 07:17:08 |  25.5s | 1.0e-04 | 0.0819 | 0.8447 | 0.7101 | 0.5385 | 0.0810 | 0.8497 | 0.6779 | 0.5190
0015 | 07:17:49 |  25.6s | 1.0e-04 | 0.0805 | 0.8475 | 0.7166 | 0.5540 | 0.0773 | 0.8429 | 0.7027 | 0.5297
0016 | 07:18:32 |  39.6s | 1.0e-04 | 0.0796 | 0.8488 | 0.7247 | 0.5691 | 0.0761 | 0.8307 | 0.7332 | 0.5499
0017 | 07:19:28 |  25.4s | 1.0e-04 | 0.0785 | 0.8539 | 0.7354 | 0.5904 | 0.0787 | 0.7938 | 0.7732 | 0.5551
0018 | 07:20:10 |  26.4s | 1.0e-04 | 0.0756 | 0.8558 | 0.7402 | 0.6019 | 0.0742 | 0.8226 | 0.7588 | 0.5783
0019 | 07:20:52 |  25.3s | 1.0e-04 | 0.0750 | 0.8572 | 0.7497 | 0.6217 | 0.0719 | 0.8304 | 0.7604 | 0.5934
0020 | 07:21:33 |  26.0s | 1.0e-04 | 0.0748 | 0.8573 | 0.7530 | 0.6275 | 0.0691 | 0.8377 | 0.7547 | 0.5887
0021 | 07:22:17 |  25.3s | 1.0e-04 | 0.0732 | 0.8584 | 0.7586 | 0.6441 | 0.0691 | 0.8312 | 0.7461 | 0.5735
0022 | 07:22:59 |  26.3s | 1.0e-04 | 0.0716 | 0.8618 | 0.7640 | 0.6496 | 0.0694 | 0.8604 | 0.7350 | 0.6262
0023 | 07:23:43 |  25.7s | 1.0e-04 | 0.0698 | 0.8623 | 0.7661 | 0.6585 | 0.0671 | 0.8665 | 0.7277 | 0.6069
0024 | 07:24:26 |  36.3s | 1.0e-04 | 0.0685 | 0.8631 | 0.7683 | 0.6642 | 0.0655 | 0.8425 | 0.7698 | 0.6319
0025 | 07:25:19 |  25.5s | 1.0e-04 | 0.0671 | 0.8653 | 0.7721 | 0.6698 | 0.0665 | 0.8354 | 0.7715 | 0.6301
0026 | 07:26:01 |  25.5s | 1.0e-04 | 0.0659 | 0.8652 | 0.7732 | 0.6775 | 0.0649 | 0.8683 | 0.7624 | 0.6690
0027 | 07:26:43 |  25.2s | 1.0e-04 | 0.0655 | 0.8685 | 0.7804 | 0.6875 | 0.0636 | 0.8700 | 0.7507 | 0.6650
0028 | 07:27:25 |  25.5s | 1.0e-04 | 0.0642 | 0.8692 | 0.7811 | 0.6935 | 0.0630 | 0.8657 | 0.7600 | 0.6581
0029 | 07:28:08 |  26.2s | 1.0e-04 | 0.0641 | 0.8713 | 0.7834 | 0.6991 | 0.0632 | 0.8480 | 0.7992 | 0.6868
0030 | 07:28:51 |  26.2s | 1.0e-04 | 0.0624 | 0.8725 | 0.7897 | 0.7097 | 0.0645 | 0.8237 | 0.8147 | 0.6761
0031 | 07:29:34 |  26.0s | 1.0e-04 | 0.0628 | 0.8715 | 0.7866 | 0.7056 | 0.0613 | 0.8595 | 0.7858 | 0.6882
0032 | 07:30:16 |  39.5s | 1.0e-04 | 0.0618 | 0.8728 | 0.7919 | 0.7162 | 0.0596 | 0.8660 | 0.7827 | 0.6902
0033 | 07:31:13 |  24.8s | 1.0e-04 | 0.0607 | 0.8735 | 0.7940 | 0.7193 | 0.0589 | 0.8579 | 0.7996 | 0.7090
0034 | 07:31:55 |  25.1s | 1.0e-04 | 0.0610 | 0.8731 | 0.7970 | 0.7291 | 0.0607 | 0.8407 | 0.8198 | 0.7160
0035 | 07:32:38 |  25.6s | 1.0e-04 | 0.0599 | 0.8752 | 0.7983 | 0.7319 | 0.0591 | 0.8932 | 0.7608 | 0.7282
0036 | 07:33:21 |  25.1s | 1.0e-04 | 0.0605 | 0.8746 | 0.7978 | 0.7272 | 0.0585 | 0.8956 | 0.7476 | 0.7090
0037 | 07:34:04 |  24.9s | 1.0e-04 | 0.0588 | 0.8764 | 0.8038 | 0.7423 | 0.0575 | 0.8853 | 0.7771 | 0.7273
0038 | 07:34:47 |  25.4s | 1.0e-04 | 0.0579 | 0.8786 | 0.8056 | 0.7487 | 0.0594 | 0.8983 | 0.7333 | 0.7012
0039 | 07:35:29 |  26.2s | 1.0e-04 | 0.0577 | 0.8784 | 0.8057 | 0.7464 | 0.0576 | 0.8887 | 0.7577 | 0.7111
0040 | 07:36:12 |  37.1s | 1.0e-04 | 0.0613 | 0.8812 | 0.8190 | 0.7752 | 0.0577 | 0.8476 | 0.8266 | 0.7290
0041 | 07:37:04 |  25.4s | 1.0e-04 | 0.0603 | 0.8832 | 0.8221 | 0.7803 | 0.0574 | 0.8579 | 0.8284 | 0.7459
0042 | 07:37:48 |  26.0s | 1.0e-04 | 0.0594 | 0.8832 | 0.8230 | 0.7835 | 0.0570 | 0.8577 | 0.8216 | 0.7403
0043 | 07:38:31 |  25.2s | 1.0e-04 | 0.0591 | 0.8838 | 0.8215 | 0.7792 | 0.0566 | 0.8573 | 0.8216 | 0.7357
0044 | 07:39:13 |  25.2s | 1.0e-04 | 0.0583 | 0.8856 | 0.8264 | 0.7921 | 0.0557 | 0.8631 | 0.8249 | 0.7538
0045 | 07:39:57 |  24.8s | 1.0e-04 | 0.0572 | 0.8858 | 0.8299 | 0.8009 | 0.0566 | 0.8528 | 0.8227 | 0.7369
0046 | 07:40:41 |  24.8s | 1.0e-04 | 0.0579 | 0.8858 | 0.8300 | 0.7986 | 0.0569 | 0.8694 | 0.8011 | 0.7380
0047 | 07:41:23 |  42.3s | 1.0e-04 | 0.0566 | 0.8835 | 0.8284 | 0.7943 | 0.0555 | 0.8964 | 0.7848 | 0.7632
0048 | 07:42:22 |  25.0s | 1.0e-04 | 0.0557 | 0.8832 | 0.8236 | 0.7846 | 0.0536 | 0.8775 | 0.7986 | 0.7469
0049 | 07:43:05 |  25.2s | 1.0e-04 | 0.0548 | 0.8853 | 0.8253 | 0.7897 | 0.0533 | 0.8618 | 0.8408 | 0.7792
0050 | 07:43:48 |  25.9s | 1.0e-04 | 0.0545 | 0.8845 | 0.8278 | 0.7923 | 0.0528 | 0.8652 | 0.8298 | 0.7698
0051 | 07:44:32 |  24.7s | 1.0e-04 | 0.0542 | 0.8850 | 0.8244 | 0.7847 | 0.0527 | 0.8814 | 0.8041 | 0.7562
0052 | 07:45:15 |  24.7s | 1.0e-04 | 0.0543 | 0.8859 | 0.8285 | 0.7964 | 0.0530 | 0.8802 | 0.8109 | 0.7678
0053 | 07:45:57 |  25.1s | 1.0e-04 | 0.0534 | 0.8865 | 0.8312 | 0.7999 | 0.0535 | 0.9122 | 0.7778 | 0.7774
0054 | 07:46:40 |  25.7s | 1.0e-04 | 0.0531 | 0.8871 | 0.8326 | 0.8019 | 0.0516 | 0.8840 | 0.8031 | 0.7666
0055 | 07:47:22 |  37.8s | 1.0e-04 | 0.0523 | 0.8872 | 0.8320 | 0.8023 | 0.0524 | 0.8936 | 0.8048 | 0.7864
0056 | 07:48:17 |  25.9s | 1.0e-04 | 0.0512 | 0.8898 | 0.8329 | 0.8054 | 0.0527 | 0.8956 | 0.7806 | 0.7560
0057 | 07:49:00 |  24.6s | 1.0e-04 | 0.0511 | 0.8885 | 0.8335 | 0.8067 | 0.0538 | 0.9160 | 0.7610 | 0.7764
0058 | 07:49:40 |  25.5s | 1.0e-04 | 0.0509 | 0.8907 | 0.8350 | 0.8096 | 0.0526 | 0.8458 | 0.8542 | 0.7751
0059 | 07:50:22 |  26.2s | 1.0e-04 | 0.0505 | 0.8892 | 0.8361 | 0.8095 | 0.0516 | 0.8758 | 0.8234 | 0.7724
0060 | 07:51:05 |  25.3s | 1.0e-04 | 0.0509 | 0.8896 | 0.8357 | 0.8102 | 0.0514 | 0.8794 | 0.8146 | 0.7686
0061 | 07:51:49 |  24.5s | 1.0e-04 | 0.0504 | 0.8905 | 0.8364 | 0.8102 | 0.0512 | 0.8880 | 0.8082 | 0.7761
0062 | 07:52:31 |  24.5s | 1.0e-04 | 0.0499 | 0.8914 | 0.8389 | 0.8170 | 0.0513 | 0.8896 | 0.8046 | 0.7722
0063 | 07:53:14 |  43.1s | 1.0e-04 | 0.0498 | 0.8905 | 0.8407 | 0.8204 | 0.0511 | 0.8473 | 0.8548 | 0.7804
0064 | 07:54:15 |  25.8s | 1.0e-04 | 0.0510 | 0.8915 | 0.8418 | 0.8210 | 0.0521 | 0.8840 | 0.8190 | 0.7927
0065 | 07:54:58 |  25.8s | 1.0e-04 | 0.0501 | 0.8920 | 0.8438 | 0.8214 | 0.0492 | 0.8869 | 0.8166 | 0.7884
0066 | 07:55:41 |  26.1s | 1.0e-04 | 0.0495 | 0.8917 | 0.8446 | 0.8254 | 0.0498 | 0.8998 | 0.7965 | 0.7799
0067 | 07:56:24 |  25.9s | 1.0e-04 | 0.0494 | 0.8923 | 0.8429 | 0.8222 | 0.0496 | 0.8786 | 0.8358 | 0.8031
0068 | 07:57:06 |  26.1s | 1.0e-04 | 0.0499 | 0.8911 | 0.8460 | 0.8266 | 0.0513 | 0.8995 | 0.7905 | 0.7821
0069 | 07:57:49 |  25.8s | 1.0e-04 | 0.0493 | 0.8932 | 0.8457 | 0.8280 | 0.0483 | 0.8940 | 0.8109 | 0.7846
0070 | 07:58:34 |  26.2s | 1.0e-04 | 0.0496 | 0.8920 | 0.8446 | 0.8278 | 0.0478 | 0.8866 | 0.8258 | 0.8023
0071 | 07:59:16 |  37.2s | 1.0e-04 | 0.0490 | 0.8926 | 0.8470 | 0.8301 | 0.0501 | 0.8888 | 0.8261 | 0.8029
0072 | 08:00:12 |  25.2s | 1.0e-04 | 0.0491 | 0.8908 | 0.8449 | 0.8256 | 0.0488 | 0.8914 | 0.8098 | 0.7959
0073 | 08:00:55 |  26.1s | 1.0e-04 | 0.0483 | 0.8932 | 0.8485 | 0.8324 | 0.0478 | 0.8748 | 0.8447 | 0.8053
0074 | 08:01:38 |  25.6s | 1.0e-04 | 0.0480 | 0.8949 | 0.8501 | 0.8368 | 0.0500 | 0.8887 | 0.8231 | 0.7985
0075 | 08:02:20 |  25.3s | 1.0e-04 | 0.0476 | 0.8941 | 0.8523 | 0.8409 | 0.0491 | 0.8721 | 0.8451 | 0.8008
0076 | 08:03:01 |  25.4s | 1.0e-04 | 0.0472 | 0.8948 | 0.8491 | 0.8347 | 0.0483 | 0.8886 | 0.8228 | 0.7977
0077 | 08:03:43 |  27.0s | 1.0e-04 | 0.0472 | 0.8955 | 0.8525 | 0.8417 | 0.0492 | 0.8492 | 0.8666 | 0.7978
0078 | 08:04:27 |  25.6s | 1.0e-04 | 0.0469 | 0.8945 | 0.8518 | 0.8389 | 0.0520 | 0.9163 | 0.7859 | 0.8099
0079 | 08:05:09 |  39.2s | 1.0e-04 | 0.0472 | 0.8922 | 0.8476 | 0.8315 | 0.0484 | 0.8978 | 0.8177 | 0.8085
0080 | 08:06:08 |  24.8s | 1.0e-04 | 0.0471 | 0.8939 | 0.8519 | 0.8384 | 0.0473 | 0.8740 | 0.8474 | 0.8095
0081 | 08:06:51 |  24.8s | 1.0e-04 | 0.0470 | 0.8923 | 0.8498 | 0.8356 | 0.0458 | 0.9087 | 0.8085 | 0.8236
0082 | 08:07:33 |  25.3s | 1.0e-04 | 0.0463 | 0.8929 | 0.8508 | 0.8371 | 0.0465 | 0.9117 | 0.8062 | 0.8231
0083 | 08:08:16 |  25.1s | 1.0e-04 | 0.0460 | 0.8943 | 0.8514 | 0.8388 | 0.0467 | 0.8860 | 0.8395 | 0.8213
0084 | 08:08:58 |  25.6s | 1.0e-04 | 0.0464 | 0.8946 | 0.8558 | 0.8444 | 0.0464 | 0.8726 | 0.8559 | 0.8176
0085 | 08:09:41 |  26.2s | 1.0e-04 | 0.0457 | 0.8945 | 0.8540 | 0.8411 | 0.0464 | 0.8928 | 0.8269 | 0.8072
0086 | 08:10:24 |  36.6s | 1.0e-04 | 0.0461 | 0.8930 | 0.8535 | 0.8417 | 0.0465 | 0.8857 | 0.8478 | 0.8262
0087 | 08:11:18 |  25.2s | 1.0e-04 | 0.0456 | 0.8947 | 0.8559 | 0.8453 | 0.0456 | 0.8785 | 0.8565 | 0.8263
0088 | 08:12:02 |  24.9s | 1.0e-04 | 0.0461 | 0.8928 | 0.8554 | 0.8427 | 0.0452 | 0.8749 | 0.8487 | 0.8167
0089 | 08:12:45 |  25.0s | 1.0e-04 | 0.0456 | 0.8927 | 0.8535 | 0.8425 | 0.0465 | 0.8617 | 0.8681 | 0.8208
0090 | 08:13:28 |  26.0s | 1.0e-04 | 0.0457 | 0.8947 | 0.8538 | 0.8441 | 0.0454 | 0.8703 | 0.8598 | 0.8236
0091 | 08:14:11 |  26.1s | 1.0e-04 | 0.0447 | 0.8960 | 0.8572 | 0.8485 | 0.0448 | 0.8595 | 0.8724 | 0.8256
0092 | 08:14:55 |  25.8s | 1.0e-04 | 0.0448 | 0.8954 | 0.8582 | 0.8502 | 0.0450 | 0.8975 | 0.8326 | 0.8269
0093 | 08:15:38 |  26.1s | 1.0e-04 | 0.0448 | 0.8950 | 0.8557 | 0.8446 | 0.0439 | 0.8782 | 0.8577 | 0.8283
0094 | 08:16:21 |  38.0s | 1.0e-04 | 0.0450 | 0.8951 | 0.8591 | 0.8507 | 0.0451 | 0.9004 | 0.8171 | 0.8173
0095 | 08:17:15 |  24.9s | 1.0e-04 | 0.0450 | 0.8966 | 0.8607 | 0.8560 | 0.0451 | 0.9001 | 0.8311 | 0.8305
0096 | 08:17:59 |  24.3s | 1.0e-04 | 0.0446 | 0.8962 | 0.8621 | 0.8554 | 0.0444 | 0.8881 | 0.8538 | 0.8372
0097 | 08:18:41 |  25.0s | 1.0e-04 | 0.0449 | 0.8966 | 0.8631 | 0.8589 | 0.0440 | 0.8789 | 0.8567 | 0.8297
0098 | 08:19:24 |  26.1s | 1.0e-04 | 0.0446 | 0.8955 | 0.8636 | 0.8580 | 0.0454 | 0.9015 | 0.8299 | 0.8325
0099 | 08:20:08 |  24.7s | 1.0e-04 | 0.0437 | 0.8970 | 0.8632 | 0.8570 | 0.0453 | 0.8948 | 0.8332 | 0.8301
0100 | 08:20:51 |  25.8s | 1.0e-04 | 0.0443 | 0.8982 | 0.8666 | 0.8621 | 0.0444 | 0.8878 | 0.8568 | 0.8350
0101 | 08:21:34 |  25.9s | 1.0e-04 | 0.0437 | 0.8984 | 0.8657 | 0.8626 | 0.0463 | 0.8481 | 0.8850 | 0.8276
0102 | 08:22:16 |  35.6s | 1.0e-04 | 0.0443 | 0.8990 | 0.8681 | 0.8653 | 0.0458 | 0.8572 | 0.8848 | 0.8377
0103 | 08:23:11 |  24.7s | 1.0e-04 | 0.0452 | 0.8985 | 0.8684 | 0.8664 | 0.0444 | 0.8736 | 0.8530 | 0.8214
0104 | 08:23:54 |  25.1s | 1.0e-04 | 0.0443 | 0.9009 | 0.8713 | 0.8718 | 0.0439 | 0.8911 | 0.8421 | 0.8316
0105 | 08:24:37 |  26.1s | 1.0e-04 | 0.0439 | 0.9014 | 0.8743 | 0.8763 | 0.0448 | 0.9095 | 0.8249 | 0.8402
0106 | 08:25:22 |  24.8s | 1.0e-04 | 0.0493 | 0.8962 | 0.8654 | 0.8613 | 0.0444 | 0.8844 | 0.8654 | 0.8433
0107 | 08:26:05 |  24.7s | 1.0e-04 | 0.0439 | 0.9015 | 0.8714 | 0.8711 | 0.0445 | 0.8857 | 0.8488 | 0.8270
0108 | 08:26:47 |  25.5s | 1.0e-04 | 0.0432 | 0.8996 | 0.8725 | 0.8720 | 0.0463 | 0.8435 | 0.8856 | 0.8220
0109 | 08:27:30 |  25.4s | 1.0e-04 | 0.0434 | 0.9012 | 0.8755 | 0.8766 | 0.0460 | 0.9103 | 0.8321 | 0.8458
0110 | 08:28:12 |  37.8s | 1.0e-04 | 0.0433 | 0.9007 | 0.8738 | 0.8747 | 0.0446 | 0.9079 | 0.8348 | 0.8408
0111 | 08:29:07 |  25.9s | 1.0e-04 | 0.0434 | 0.9006 | 0.8731 | 0.8735 | 0.0434 | 0.8777 | 0.8650 | 0.8369
0112 | 08:29:55 |  25.0s | 1.0e-04 | 0.0431 | 0.9009 | 0.8751 | 0.8773 | 0.0436 | 0.8939 | 0.8482 | 0.8401
0113 | 08:30:38 |  25.3s | 1.0e-04 | 0.0427 | 0.9014 | 0.8756 | 0.8770 | 0.0453 | 0.8573 | 0.8822 | 0.8351
0114 | 08:31:20 |  26.2s | 1.0e-04 | 0.0424 | 0.9011 | 0.8738 | 0.8734 | 0.0453 | 0.8627 | 0.8711 | 0.8263
0115 | 08:32:05 |  24.9s | 1.0e-04 | 0.0423 | 0.9023 | 0.8773 | 0.8799 | 0.0442 | 0.9059 | 0.8323 | 0.8387
0116 | 08:32:47 |  26.0s | 1.0e-04 | 0.0424 | 0.9021 | 0.8758 | 0.8785 | 0.0435 | 0.8956 | 0.8365 | 0.8280
0117 | 08:33:31 |  25.6s | 1.0e-04 | 0.0424 | 0.9020 | 0.8774 | 0.8803 | 0.0434 | 0.8701 | 0.8707 | 0.8288
0118 | 08:34:13 |  38.6s | 1.0e-04 | 0.0424 | 0.8994 | 0.8748 | 0.8734 | 0.0428 | 0.8759 | 0.8694 | 0.8407
0119 | 08:35:09 |  25.8s | 1.0e-04 | 0.0416 | 0.9007 | 0.8753 | 0.8761 | 0.0418 | 0.8937 | 0.8489 | 0.8380
0120 | 08:35:53 |  24.9s | 1.0e-04 | 0.0419 | 0.8995 | 0.8733 | 0.8732 | 0.0425 | 0.8861 | 0.8604 | 0.8470
0121 | 08:36:36 |  24.9s | 1.0e-04 | 0.0428 | 0.8985 | 0.8704 | 0.8684 | 0.0423 | 0.8715 | 0.8790 | 0.8458
0122 | 08:37:18 |  25.0s | 1.0e-04 | 0.0417 | 0.8995 | 0.8733 | 0.8717 | 0.0416 | 0.8876 | 0.8653 | 0.8480
0123 | 08:38:00 |  25.7s | 1.0e-04 | 0.0418 | 0.9001 | 0.8759 | 0.8759 | 0.0412 | 0.8983 | 0.8507 | 0.8511
0124 | 08:38:42 |  26.5s | 1.0e-04 | 0.0410 | 0.9018 | 0.8758 | 0.8782 | 0.0435 | 0.8561 | 0.8867 | 0.8411
0125 | 08:39:25 |  25.4s | 1.0e-04 | 0.0412 | 0.9021 | 0.8761 | 0.8781 | 0.0430 | 0.8646 | 0.8882 | 0.8489
0126 | 08:40:10 |  26.6s | 1.0e-04 | 0.0422 | 0.9025 | 0.8802 | 0.8835 | 0.0415 | 0.8672 | 0.8779 | 0.8428
0127 | 08:40:54 |  25.8s | 1.0e-04 | 0.0426 | 0.9011 | 0.8795 | 0.8816 | 0.0438 | 0.9086 | 0.8293 | 0.8374
0128 | 08:41:36 |  26.2s | 1.0e-04 | 0.0423 | 0.9035 | 0.8818 | 0.8860 | 0.0417 | 0.8861 | 0.8712 | 0.8559
0129 | 08:42:19 |  26.1s | 1.0e-04 | 0.0419 | 0.9044 | 0.8825 | 0.8873 | 0.0429 | 0.8737 | 0.8865 | 0.8573
0130 | 08:43:01 |  25.4s | 1.0e-04 | 0.0418 | 0.9028 | 0.8821 | 0.8857 | 0.0418 | 0.8840 | 0.8776 | 0.8602
0131 | 08:43:42 |  25.4s | 1.0e-04 | 0.0416 | 0.9027 | 0.8821 | 0.8857 | 0.0417 | 0.8854 | 0.8669 | 0.8511
0132 | 08:44:24 |  25.0s | 1.0e-04 | 0.0414 | 0.9040 | 0.8821 | 0.8873 | 0.0426 | 0.8650 | 0.8990 | 0.8634
0133 | 08:45:06 |  42.0s | 1.0e-04 | 0.0413 | 0.9033 | 0.8839 | 0.8879 | 0.0406 | 0.8946 | 0.8606 | 0.8567
0134 | 08:46:05 |  24.9s | 1.0e-04 | 0.0400 | 0.9025 | 0.8806 | 0.8845 | 0.0411 | 0.8779 | 0.8716 | 0.8468
0135 | 08:46:48 |  25.0s | 1.0e-04 | 0.0397 | 0.9044 | 0.8823 | 0.8882 | 0.0413 | 0.8746 | 0.8794 | 0.8525
0136 | 08:47:30 |  25.6s | 1.0e-04 | 0.0402 | 0.9039 | 0.8818 | 0.8860 | 0.0410 | 0.8980 | 0.8522 | 0.8533
0137 | 08:48:13 |  25.3s | 1.0e-04 | 0.0397 | 0.9028 | 0.8821 | 0.8857 | 0.0416 | 0.8997 | 0.8510 | 0.8515
0138 | 08:48:55 |  25.9s | 1.0e-04 | 0.0398 | 0.9042 | 0.8817 | 0.8876 | 0.0399 | 0.8858 | 0.8673 | 0.8507
0139 | 08:49:36 |  25.5s | 1.0e-04 | 0.0390 | 0.9040 | 0.8825 | 0.8879 | 0.0429 | 0.8758 | 0.8809 | 0.8562
0140 | 08:50:18 |  26.0s | 1.0e-04 | 0.0392 | 0.9051 | 0.8845 | 0.8905 | 0.0407 | 0.9052 | 0.8485 | 0.8609
0141 | 08:51:01 |  36.2s | 1.0e-04 | 0.0395 | 0.9031 | 0.8855 | 0.8897 | 0.0391 | 0.9080 | 0.8525 | 0.8654
0142 | 08:51:53 |  25.7s | 1.0e-04 | 0.0404 | 0.9020 | 0.8804 | 0.8841 | 0.0425 | 0.8749 | 0.8792 | 0.8530
0143 | 08:52:36 |  24.5s | 1.0e-04 | 0.0405 | 0.9033 | 0.8813 | 0.8867 | 0.0393 | 0.8842 | 0.8683 | 0.8527
0144 | 08:53:18 |  24.6s | 1.0e-04 | 0.0396 | 0.9039 | 0.8834 | 0.8885 | 0.0411 | 0.8654 | 0.8980 | 0.8634
0145 | 08:54:01 |  25.0s | 1.0e-04 | 0.0398 | 0.9042 | 0.8845 | 0.8900 | 0.0391 | 0.9035 | 0.8654 | 0.8709
0146 | 08:54:43 |  24.5s | 1.0e-04 | 0.0396 | 0.9038 | 0.8852 | 0.8901 | 0.0402 | 0.9144 | 0.8580 | 0.8780
0147 | 08:55:24 |  25.0s | 1.0e-04 | 0.0393 | 0.9054 | 0.8862 | 0.8922 | 0.0394 | 0.8806 | 0.8914 | 0.8724
0148 | 08:56:06 |  24.6s | 1.0e-04 | 0.0388 | 0.9053 | 0.8843 | 0.8910 | 0.0396 | 0.8963 | 0.8736 | 0.8709
0149 | 08:56:48 |  37.6s | 1.0e-04 | 0.0387 | 0.9040 | 0.8845 | 0.8891 | 0.0391 | 0.8932 | 0.8765 | 0.8711
0150 | 08:57:43 |  25.5s | 1.0e-04 | 0.0383 | 0.9058 | 0.8888 | 0.8958 | 0.0398 | 0.8777 | 0.8983 | 0.8755
0151 | 08:58:25 |  25.4s | 1.0e-04 | 0.0383 | 0.9048 | 0.8850 | 0.8911 | 0.0402 | 0.9068 | 0.8555 | 0.8660
0152 | 08:59:07 |  25.3s | 1.0e-04 | 0.0379 | 0.9057 | 0.8887 | 0.8952 | 0.0393 | 0.8934 | 0.8795 | 0.8724
0153 | 08:59:49 |  24.6s | 1.0e-04 | 0.0379 | 0.9070 | 0.8874 | 0.8956 | 0.0385 | 0.8967 | 0.8690 | 0.8678
0154 | 09:00:32 |  25.0s | 1.0e-04 | 0.0380 | 0.9054 | 0.8875 | 0.8941 | 0.0379 | 0.8999 | 0.8768 | 0.8776
0155 | 09:01:15 |  25.6s | 1.0e-04 | 0.0377 | 0.9067 | 0.8897 | 0.8977 | 0.0399 | 0.8765 | 0.8985 | 0.8754
0156 | 09:01:57 |  25.2s | 1.0e-04 | 0.0380 | 0.9060 | 0.8892 | 0.8966 | 0.0394 | 0.8796 | 0.8935 | 0.8721
0157 | 09:02:42 |  42.0s | 1.0e-04 | 0.0375 | 0.9065 | 0.8898 | 0.8975 | 0.0392 | 0.8942 | 0.8822 | 0.8772
0158 | 09:03:41 |  26.6s | 1.0e-04 | 0.0376 | 0.9073 | 0.8918 | 0.9002 | 0.0400 | 0.8672 | 0.9017 | 0.8689
0159 | 09:04:24 |  25.8s | 1.0e-04 | 0.0376 | 0.9064 | 0.8925 | 0.8993 | 0.0391 | 0.8880 | 0.8903 | 0.8782
0160 | 09:05:06 |  26.0s | 1.0e-04 | 0.0384 | 0.9036 | 0.8887 | 0.8935 | 0.0401 | 0.8699 | 0.8948 | 0.8631
0161 | 09:05:50 |  25.7s | 1.0e-04 | 0.0382 | 0.9043 | 0.8892 | 0.8944 | 0.0370 | 0.8973 | 0.8785 | 0.8754
0162 | 09:06:32 |  26.5s | 1.0e-04 | 0.0373 | 0.9066 | 0.8927 | 0.9000 | 0.0379 | 0.8962 | 0.8763 | 0.8746
0163 | 09:07:16 |  25.7s | 1.0e-04 | 0.0380 | 0.9041 | 0.8927 | 0.8979 | 0.0398 | 0.9038 | 0.8650 | 0.8709
0164 | 09:08:00 |  25.3s | 1.0e-04 | 0.0380 | 0.9055 | 0.8904 | 0.8968 | 0.0394 | 0.9200 | 0.8465 | 0.8772
0165 | 09:08:44 |  38.4s | 1.0e-04 | 0.0385 | 0.9071 | 0.8942 | 0.9018 | 0.0399 | 0.9138 | 0.8513 | 0.8726
0166 | 09:09:39 |  25.6s | 1.0e-04 | 0.0379 | 0.9081 | 0.8947 | 0.9035 | 0.0389 | 0.8964 | 0.8607 | 0.8580
0167 | 09:10:22 |  26.3s | 1.0e-04 | 0.0378 | 0.9096 | 0.8972 | 0.9075 | 0.0388 | 0.8963 | 0.8664 | 0.8642
0168 | 09:11:04 |  26.1s | 1.0e-04 | 0.0380 | 0.9075 | 0.8945 | 0.9026 | 0.0392 | 0.9062 | 0.8764 | 0.8847
0169 | 09:11:48 |  26.0s | 1.0e-04 | 0.0383 | 0.9076 | 0.8962 | 0.9044 | 0.0373 | 0.8854 | 0.8907 | 0.8766
0170 | 09:12:31 |  25.8s | 1.0e-04 | 0.0379 | 0.9078 | 0.8981 | 0.9062 | 0.0388 | 0.9005 | 0.8757 | 0.8765
0171 | 09:13:15 |  24.7s | 1.0e-04 | 0.0380 | 0.9079 | 0.8979 | 0.9059 | 0.0407 | 0.8970 | 0.8630 | 0.8594
0172 | 09:13:59 |  36.5s | 1.0e-04 | 0.0376 | 0.9090 | 0.8971 | 0.9067 | 0.0381 | 0.9084 | 0.8637 | 0.8771
0173 | 09:14:52 |  25.7s | 1.0e-04 | 0.0362 | 0.9087 | 0.8954 | 0.9048 | 0.0375 | 0.8947 | 0.8921 | 0.8877
0174 | 09:15:35 |  25.9s | 1.0e-04 | 0.0370 | 0.9059 | 0.8944 | 0.9011 | 0.0373 | 0.8851 | 0.8979 | 0.8827
0175 | 09:16:18 |  25.5s | 1.0e-04 | 0.0358 | 0.9082 | 0.8934 | 0.9025 | 0.0380 | 0.8769 | 0.8945 | 0.8711
0176 | 09:17:01 |  25.5s | 1.0e-04 | 0.0364 | 0.9079 | 0.8949 | 0.9038 | 0.0375 | 0.8942 | 0.8776 | 0.8728
0177 | 09:17:43 |  26.0s | 1.0e-04 | 0.0363 | 0.9100 | 0.8962 | 0.9068 | 0.0382 | 0.8977 | 0.8929 | 0.8906
0178 | 09:18:26 |  25.1s | 1.0e-04 | 0.0362 | 0.9096 | 0.8974 | 0.9074 | 0.0381 | 0.8980 | 0.8823 | 0.8795
0179 | 09:19:09 |  24.9s | 1.0e-04 | 0.0361 | 0.9089 | 0.8963 | 0.9056 | 0.0385 | 0.9215 | 0.8600 | 0.8869
0180 | 09:19:53 |  39.3s | 1.0e-04 | 0.0356 | 0.9089 | 0.8975 | 0.9066 | 0.0364 | 0.8992 | 0.8743 | 0.8770
0181 | 09:20:49 |  25.7s | 1.0e-04 | 0.0357 | 0.9088 | 0.8973 | 0.9068 | 0.0378 | 0.8927 | 0.8810 | 0.8754
0182 | 09:21:31 |  26.5s | 1.0e-04 | 0.0363 | 0.9059 | 0.8929 | 0.9001 | 0.0380 | 0.8897 | 0.8880 | 0.8753
0183 | 09:22:15 |  26.8s | 1.0e-04 | 0.0353 | 0.9082 | 0.8968 | 0.9051 | 0.0378 | 0.9055 | 0.8682 | 0.8783
0184 | 09:22:58 |  26.8s | 1.0e-04 | 0.0350 | 0.9098 | 0.8974 | 0.9072 | 0.0363 | 0.9057 | 0.8783 | 0.8852
0185 | 09:23:41 |  25.6s | 1.0e-04 | 0.0351 | 0.9081 | 0.8963 | 0.9050 | 0.0375 | 0.8975 | 0.8876 | 0.8847
0186 | 09:24:23 |  26.1s | 1.0e-04 | 0.0357 | 0.9096 | 0.8976 | 0.9075 | 0.0368 | 0.8985 | 0.8783 | 0.8774
0187 | 09:25:05 |  26.4s | 1.0e-04 | 0.0354 | 0.9087 | 0.8989 | 0.9078 | 0.0365 | 0.9007 | 0.8894 | 0.8899
0188 | 09:25:49 |  36.3s | 1.0e-04 | 0.0358 | 0.9091 | 0.8971 | 0.9066 | 0.0367 | 0.8904 | 0.9015 | 0.8920
0189 | 09:26:42 |  26.0s | 1.0e-04 | 0.0359 | 0.9101 | 0.9002 | 0.9103 | 0.0370 | 0.9009 | 0.8875 | 0.8884
0190 | 09:27:26 |  25.0s | 1.0e-04 | 0.0362 | 0.9102 | 0.9025 | 0.9121 | 0.0382 | 0.8668 | 0.9141 | 0.8825
0191 | 09:28:08 |  24.9s | 1.0e-04 | 0.0362 | 0.9116 | 0.9034 | 0.9143 | 0.0364 | 0.8955 | 0.8978 | 0.8927
0192 | 09:28:50 |  24.7s | 1.0e-04 | 0.0359 | 0.9112 | 0.9015 | 0.9126 | 0.0366 | 0.9159 | 0.8651 | 0.8863
0193 | 09:29:31 |  25.3s | 1.0e-04 | 0.0357 | 0.9117 | 0.9027 | 0.9138 | 0.0353 | 0.8933 | 0.8889 | 0.8837
0194 | 09:30:13 |  25.6s | 1.0e-04 | 0.0352 | 0.9119 | 0.9034 | 0.9150 | 0.0362 | 0.8884 | 0.9059 | 0.8949
0195 | 09:30:55 |  26.7s | 1.0e-04 | 0.0353 | 0.9137 | 0.9029 | 0.9160 | 0.0366 | 0.8992 | 0.8939 | 0.8937
0196 | 09:31:39 |  39.9s | 1.0e-04 | 0.0348 | 0.9112 | 0.9014 | 0.9123 | 0.0367 | 0.8977 | 0.8931 | 0.8916
0197 | 09:32:36 |  24.9s | 1.0e-04 | 0.0339 | 0.9119 | 0.9028 | 0.9144 | 0.0364 | 0.8935 | 0.8920 | 0.8857
0198 | 09:33:18 |  25.1s | 1.0e-04 | 0.0343 | 0.9122 | 0.9015 | 0.9137 | 0.0369 | 0.8972 | 0.8914 | 0.8892
0199 | 09:34:00 |  24.4s | 1.0e-04 | 0.0338 | 0.9122 | 0.9028 | 0.9145 | 0.0352 | 0.8998 | 0.8832 | 0.8848
0200 | 09:34:43 |  24.2s | 1.0e-04 | 0.0345 | 0.9116 | 0.9012 | 0.9126 | 0.0368 | 0.9120 | 0.8660 | 0.8867
0201 | 09:35:25 |  25.3s | 1.0e-04 | 0.0340 | 0.9137 | 0.9048 | 0.9178 | 0.0369 | 0.8867 | 0.9037 | 0.8907
0202 | 09:36:07 |  25.6s | 1.0e-04 | 0.0341 | 0.9126 | 0.9017 | 0.9143 | 0.0365 | 0.9044 | 0.8838 | 0.8909
0203 | 09:36:50 |  25.5s | 1.0e-04 | 0.0340 | 0.9111 | 0.9017 | 0.9124 | 0.0362 | 0.8969 | 0.8893 | 0.8860
0204 | 09:37:33 |  44.5s | 1.0e-04 | 0.0361 | 0.9111 | 0.9019 | 0.9128 | 0.0357 | 0.9058 | 0.8824 | 0.8907
0205 | 09:38:34 |  26.2s | 1.0e-04 | 0.0357 | 0.9138 | 0.9047 | 0.9175 | 0.0370 | 0.8963 | 0.8895 | 0.8863
0206 | 09:39:17 |  25.4s | 1.0e-04 | 0.0354 | 0.9130 | 0.9046 | 0.9168 | 0.0360 | 0.9025 | 0.8986 | 0.9011
0207 | 09:40:00 |  24.9s | 1.0e-04 | 0.0357 | 0.9138 | 0.9075 | 0.9197 | 0.0353 | 0.9001 | 0.8902 | 0.8923
0208 | 09:40:44 |  25.3s | 1.0e-04 | 0.0356 | 0.9138 | 0.9056 | 0.9185 | 0.0367 | 0.8843 | 0.9107 | 0.8955
0209 | 09:41:26 |  24.9s | 1.0e-04 | 0.0356 | 0.9147 | 0.9073 | 0.9209 | 0.0343 | 0.9075 | 0.8945 | 0.9018
0210 | 09:42:08 |  24.6s | 1.0e-04 | 0.0354 | 0.9127 | 0.9051 | 0.9165 | 0.0364 | 0.9226 | 0.8628 | 0.8917
0211 | 09:42:49 |  39.3s | 1.0e-04 | 0.0361 | 0.9136 | 0.9055 | 0.9187 | 0.0363 | 0.9003 | 0.8989 | 0.8995
0212 | 09:43:45 |  26.2s | 1.0e-04 | 0.0345 | 0.9148 | 0.9090 | 0.9220 | 0.0347 | 0.8956 | 0.8970 | 0.8929
0213 | 09:44:28 |  26.1s | 1.0e-04 | 0.0344 | 0.9158 | 0.9099 | 0.9236 | 0.0356 | 0.8980 | 0.9020 | 0.9002
0214 | 09:45:11 |  25.5s | 1.0e-04 | 0.0341 | 0.9155 | 0.9087 | 0.9224 | 0.0358 | 0.8900 | 0.9002 | 0.8903
0215 | 09:45:55 |  24.7s | 1.0e-04 | 0.0344 | 0.9156 | 0.9081 | 0.9220 | 0.0357 | 0.9274 | 0.8663 | 0.9010
0216 | 09:46:38 |  25.6s | 1.0e-04 | 0.0343 | 0.9165 | 0.9089 | 0.9235 | 0.0345 | 0.9059 | 0.8865 | 0.8947
0217 | 09:47:21 |  25.4s | 1.0e-04 | 0.0344 | 0.9146 | 0.9081 | 0.9213 | 0.0363 | 0.9188 | 0.8745 | 0.8983
0218 | 09:48:03 |  25.3s | 1.0e-04 | 0.0339 | 0.9148 | 0.9084 | 0.9217 | 0.0350 | 0.9051 | 0.8880 | 0.8939
0219 | 09:48:46 |  39.2s | 1.0e-04 | 0.0341 | 0.9153 | 0.9092 | 0.9222 | 0.0353 | 0.9107 | 0.8891 | 0.9016
0220 | 09:49:41 |  25.7s | 1.0e-04 | 0.0338 | 0.9166 | 0.9080 | 0.9228 | 0.0356 | 0.8840 | 0.9190 | 0.9028
0221 | 09:50:24 |  25.8s | 1.0e-04 | 0.0345 | 0.9164 | 0.9079 | 0.9228 | 0.0355 | 0.9015 | 0.8998 | 0.9014
0222 | 09:51:06 |  25.1s | 1.0e-04 | 0.0342 | 0.9162 | 0.9086 | 0.9228 | 0.0353 | 0.8957 | 0.8981 | 0.8942
0223 | 09:51:50 |  25.1s | 1.0e-04 | 0.0341 | 0.9179 | 0.9099 | 0.9255 | 0.0347 | 0.9021 | 0.8996 | 0.9016
0224 | 09:52:33 |  25.7s | 1.0e-04 | 0.0340 | 0.9163 | 0.9100 | 0.9245 | 0.0353 | 0.9059 | 0.8853 | 0.8935
0225 | 09:53:19 |  25.4s | 1.0e-04 | 0.0338 | 0.9160 | 0.9097 | 0.9235 | 0.0350 | 0.9140 | 0.8922 | 0.9080
0226 | 09:54:01 |  25.4s | 1.0e-04 | 0.0338 | 0.9169 | 0.9085 | 0.9235 | 0.0355 | 0.9159 | 0.8708 | 0.8916
0227 | 09:54:42 |  36.2s | 1.0e-04 | 0.0340 | 0.9146 | 0.9081 | 0.9209 | 0.0356 | 0.8974 | 0.9029 | 0.9001
0228 | 09:55:35 |  25.7s | 1.0e-04 | 0.0325 | 0.9146 | 0.9074 | 0.9205 | 0.0344 | 0.9152 | 0.8803 | 0.9009
0229 | 09:56:18 |  25.3s | 1.0e-04 | 0.0327 | 0.9157 | 0.9082 | 0.9220 | 0.0342 | 0.9181 | 0.8732 | 0.8985
0230 | 09:57:02 |  25.6s | 1.0e-04 | 0.0323 | 0.9159 | 0.9089 | 0.9226 | 0.0351 | 0.8962 | 0.8954 | 0.8922
0231 | 09:57:45 |  26.4s | 1.0e-04 | 0.0326 | 0.9163 | 0.9082 | 0.9234 | 0.0350 | 0.9015 | 0.9010 | 0.9021
0232 | 09:58:30 |  25.1s | 1.0e-04 | 0.0323 | 0.9159 | 0.9096 | 0.9232 | 0.0361 | 0.8934 | 0.9028 | 0.8970
0233 | 09:59:12 |  25.3s | 1.0e-04 | 0.0326 | 0.9160 | 0.9071 | 0.9220 | 0.0349 | 0.9035 | 0.8973 | 0.9010
0234 | 09:59:54 |  26.0s | 1.0e-04 | 0.0323 | 0.9164 | 0.9085 | 0.9235 | 0.0342 | 0.9060 | 0.8858 | 0.8933
0235 | 10:00:37 |  38.9s | 1.0e-04 | 0.0323 | 0.9174 | 0.9104 | 0.9255 | 0.0362 | 0.9096 | 0.8733 | 0.8872
0236 | 10:01:33 |  25.4s | 1.0e-04 | 0.0326 | 0.9183 | 0.9123 | 0.9275 | 0.0348 | 0.9045 | 0.9016 | 0.9060
0237 | 10:02:16 |  24.7s | 1.0e-04 | 0.0323 | 0.9179 | 0.9123 | 0.9272 | 0.0349 | 0.9015 | 0.8949 | 0.8970
0238 | 10:02:58 |  25.7s | 1.0e-04 | 0.0328 | 0.9182 | 0.9124 | 0.9280 | 0.0347 | 0.9169 | 0.8779 | 0.8985
0239 | 10:03:42 |  24.8s | 1.0e-04 | 0.0329 | 0.9178 | 0.9110 | 0.9259 | 0.0349 | 0.8790 | 0.9115 | 0.8925
0240 | 10:04:26 |  24.7s | 1.0e-04 | 0.0320 | 0.9182 | 0.9131 | 0.9282 | 0.0342 | 0.8963 | 0.9047 | 0.9011
0241 | 10:05:08 |  26.0s | 1.0e-04 | 0.0322 | 0.9186 | 0.9125 | 0.9285 | 0.0346 | 0.9068 | 0.8907 | 0.8989
0242 | 10:05:51 |  25.6s | 1.0e-04 | 0.0321 | 0.9190 | 0.9127 | 0.9283 | 0.0353 | 0.8944 | 0.8982 | 0.8926
0243 | 10:06:33 |  40.0s | 1.0e-04 | 0.0344 | 0.9134 | 0.9051 | 0.9180 | 0.0344 | 0.8920 | 0.9061 | 0.8982
0244 | 10:07:30 |  25.0s | 1.0e-04 | 0.0335 | 0.9153 | 0.9076 | 0.9209 | 0.0344 | 0.9098 | 0.8924 | 0.9031
0245 | 10:08:13 |  25.5s | 1.0e-04 | 0.0331 | 0.9178 | 0.9102 | 0.9255 | 0.0338 | 0.9055 | 0.8933 | 0.8995
0246 | 10:08:55 |  25.8s | 1.0e-04 | 0.0328 | 0.9171 | 0.9130 | 0.9271 | 0.0344 | 0.9011 | 0.8984 | 0.9000
0247 | 10:09:38 |  25.0s | 1.0e-04 | 0.0332 | 0.9182 | 0.9122 | 0.9266 | 0.0340 | 0.9201 | 0.8770 | 0.9016
0248 | 10:10:21 |  25.0s | 1.0e-04 | 0.0334 | 0.9165 | 0.9109 | 0.9250 | 0.0340 | 0.8873 | 0.9103 | 0.8980
0249 | 10:11:04 |  24.8s | 1.0e-04 | 0.0327 | 0.9170 | 0.9125 | 0.9266 | 0.0339 | 0.9050 | 0.8931 | 0.8998
0250 | 10:11:46 |  25.3s | 1.0e-04 | 0.0326 | 0.9180 | 0.9125 | 0.9276 | 0.0338 | 0.9026 | 0.8999 | 0.9026
0251 | 10:12:30 |  25.3s | 1.0e-04 | 0.0306 | 0.9169 | 0.9063 | 0.9218 | 0.0333 | 0.9065 | 0.9064 | 0.9119
0252 | 10:13:12 |  25.2s | 1.0e-04 | 0.0303 | 0.9176 | 0.9090 | 0.9243 | 0.0339 | 0.9171 | 0.8884 | 0.9079
0253 | 10:13:56 |  26.0s | 1.0e-04 | 0.0302 | 0.9189 | 0.9093 | 0.9260 | 0.0337 | 0.9090 | 0.8973 | 0.9070
0254 | 10:14:39 |  26.3s | 1.0e-04 | 0.0306 | 0.9162 | 0.9071 | 0.9216 | 0.0341 | 0.9083 | 0.8964 | 0.9052
0255 | 10:15:22 |  25.6s | 1.0e-04 | 0.0301 | 0.9182 | 0.9087 | 0.9250 | 0.0336 | 0.8953 | 0.9099 | 0.9050
0256 | 10:16:04 |  25.2s | 1.0e-04 | 0.0301 | 0.9177 | 0.9074 | 0.9237 | 0.0330 | 0.9040 | 0.9015 | 0.9054
0257 | 10:16:45 |  25.9s | 1.0e-04 | 0.0303 | 0.9175 | 0.9076 | 0.9233 | 0.0337 | 0.8977 | 0.9099 | 0.9075
0258 | 10:17:29 |  39.9s | 1.0e-04 | 0.0305 | 0.9173 | 0.9085 | 0.9243 | 0.0343 | 0.9026 | 0.9005 | 0.9032
0259 | 10:18:26 |  25.2s | 1.0e-04 | 0.0318 | 0.9193 | 0.9130 | 0.9291 | 0.0341 | 0.8950 | 0.9163 | 0.9109
0260 | 10:19:08 |  25.3s | 1.0e-04 | 0.0315 | 0.9189 | 0.9151 | 0.9305 | 0.0334 | 0.9023 | 0.8981 | 0.9004
0261 | 10:19:51 |  25.8s | 1.0e-04 | 0.0312 | 0.9209 | 0.9161 | 0.9326 | 0.0344 | 0.9018 | 0.8981 | 0.8996
0262 | 10:20:33 |  25.2s | 1.0e-04 | 0.0313 | 0.9194 | 0.9136 | 0.9303 | 0.0335 | 0.9209 | 0.8754 | 0.9031
0263 | 10:21:15 |  25.5s | 1.0e-04 | 0.0311 | 0.9201 | 0.9151 | 0.9307 | 0.0333 | 0.9037 | 0.9018 | 0.9048
0264 | 10:21:56 |  25.5s | 1.0e-04 | 0.0314 | 0.9195 | 0.9138 | 0.9302 | 0.0355 | 0.8868 | 0.9096 | 0.8964
0265 | 10:22:37 |  26.2s | 1.0e-04 | 0.0316 | 0.9182 | 0.9121 | 0.9278 | 0.0335 | 0.9068 | 0.9009 | 0.9078
0266 | 10:23:21 |  38.0s | 1.0e-04 | 0.0319 | 0.9199 | 0.9143 | 0.9299 | 0.0336 | 0.9045 | 0.8929 | 0.8986
0267 | 10:24:16 |  25.1s | 1.0e-04 | 0.0323 | 0.9204 | 0.9154 | 0.9314 | 0.0325 | 0.9101 | 0.8972 | 0.9072
0268 | 10:24:58 |  24.5s | 1.0e-04 | 0.0323 | 0.9200 | 0.9139 | 0.9310 | 0.0344 | 0.9047 | 0.9022 | 0.9062
0269 | 10:25:41 |  24.3s | 1.0e-04 | 0.0329 | 0.9197 | 0.9126 | 0.9293 | 0.0328 | 0.9113 | 0.8959 | 0.9086
0270 | 10:26:24 |  24.6s | 1.0e-04 | 0.0325 | 0.9190 | 0.9113 | 0.9286 | 0.0328 | 0.9077 | 0.8932 | 0.9020
0271 | 10:27:05 |  25.0s | 1.0e-04 | 0.0324 | 0.9196 | 0.9132 | 0.9289 | 0.0330 | 0.9159 | 0.8924 | 0.9104
0272 | 10:27:47 |  25.6s | 1.0e-04 | 0.0326 | 0.9195 | 0.9134 | 0.9296 | 0.0327 | 0.9098 | 0.8988 | 0.9089
0273 | 10:28:29 |  25.1s | 1.0e-04 | 0.0327 | 0.9194 | 0.9147 | 0.9295 | 0.0325 | 0.9162 | 0.8830 | 0.9022
0274 | 10:29:11 |  40.3s | 1.0e-04 | 0.0322 | 0.9213 | 0.9152 | 0.9323 | 0.0326 | 0.9087 | 0.8957 | 0.9045
0275 | 10:30:07 |  25.4s | 1.0e-04 | 0.0322 | 0.9201 | 0.9148 | 0.9305 | 0.0335 | 0.9225 | 0.8872 | 0.9135
0276 | 10:30:50 |  25.5s | 1.0e-04 | 0.0316 | 0.9220 | 0.9155 | 0.9333 | 0.0330 | 0.9110 | 0.8931 | 0.9048
0277 | 10:31:33 |  25.7s | 1.0e-04 | 0.0315 | 0.9221 | 0.9164 | 0.9340 | 0.0326 | 0.9085 | 0.9067 | 0.9135
0278 | 10:32:17 |  24.7s | 1.0e-04 | 0.0314 | 0.9217 | 0.9163 | 0.9332 | 0.0327 | 0.9140 | 0.8991 | 0.9130
0279 | 10:33:00 |  24.6s | 1.0e-04 | 0.0313 | 0.9231 | 0.9171 | 0.9351 | 0.0328 | 0.9039 | 0.9108 | 0.9139
0280 | 10:33:42 |  25.3s | 1.0e-04 | 0.0317 | 0.9220 | 0.9168 | 0.9347 | 0.0330 | 0.8990 | 0.9162 | 0.9147
0281 | 10:34:25 |  25.5s | 1.0e-04 | 0.0310 | 0.9244 | 0.9193 | 0.9374 | 0.0336 | 0.8902 | 0.9168 | 0.9071
0282 | 10:35:09 |  38.8s | 1.0e-04 | 0.0305 | 0.9228 | 0.9177 | 0.9364 | 0.0327 | 0.9213 | 0.8847 | 0.9093
0283 | 10:36:04 |  25.2s | 1.0e-04 | 0.0301 | 0.9234 | 0.9185 | 0.9376 | 0.0327 | 0.8933 | 0.9082 | 0.9022
0284 | 10:36:45 |  25.7s | 1.0e-04 | 0.0301 | 0.9229 | 0.9170 | 0.9352 | 0.0323 | 0.9035 | 0.8976 | 0.9015
0285 | 10:37:27 |  25.2s | 1.0e-04 | 0.0300 | 0.9242 | 0.9174 | 0.9371 | 0.0326 | 0.9000 | 0.9139 | 0.9132
0286 | 10:38:10 |  25.3s | 1.0e-04 | 0.0298 | 0.9231 | 0.9175 | 0.9358 | 0.0339 | 0.8996 | 0.9186 | 0.9168
0287 | 10:38:53 |  25.3s | 1.0e-04 | 0.0301 | 0.9236 | 0.9170 | 0.9363 | 0.0334 | 0.9096 | 0.9026 | 0.9120
0288 | 10:39:37 |  25.1s | 1.0e-04 | 0.0299 | 0.9249 | 0.9198 | 0.9386 | 0.0334 | 0.9054 | 0.9042 | 0.9097
0289 | 10:40:19 |  25.8s | 1.0e-04 | 0.0302 | 0.9244 | 0.9180 | 0.9374 | 0.0333 | 0.8922 | 0.9212 | 0.9131
0290 | 10:41:00 |  37.0s | 1.0e-04 | 0.0300 | 0.9218 | 0.9150 | 0.9327 | 0.0327 | 0.8971 | 0.9160 | 0.9124
0291 | 10:41:55 |  24.8s | 1.0e-04 | 0.0308 | 0.9198 | 0.9131 | 0.9301 | 0.0330 | 0.9132 | 0.9030 | 0.9154
0292 | 10:42:37 |  25.5s | 1.0e-04 | 0.0307 | 0.9210 | 0.9126 | 0.9308 | 0.0332 | 0.9050 | 0.9115 | 0.9133
0293 | 10:43:18 |  25.2s | 1.0e-04 | 0.0300 | 0.9230 | 0.9147 | 0.9333 | 0.0324 | 0.9119 | 0.8935 | 0.9070
0294 | 10:44:00 |  24.9s | 1.0e-04 | 0.0302 | 0.9226 | 0.9152 | 0.9340 | 0.0324 | 0.9125 | 0.9123 | 0.9224
0295 | 10:44:41 |  25.8s | 1.0e-04 | 0.0298 | 0.9228 | 0.9157 | 0.9346 | 0.0321 | 0.9027 | 0.9057 | 0.9089
0296 | 10:45:25 |  25.0s | 1.0e-04 | 0.0301 | 0.9212 | 0.9138 | 0.9314 | 0.0320 | 0.9010 | 0.9139 | 0.9137
0297 | 10:46:07 |  36.8s | 1.0e-04 | 0.0322 | 0.9215 | 0.9132 | 0.9310 | 0.0322 | 0.9171 | 0.9012 | 0.9182
0298 | 10:47:00 |  24.8s | 1.0e-04 | 0.0309 | 0.9220 | 0.9166 | 0.9347 | 0.0329 | 0.9004 | 0.9156 | 0.9140
0299 | 10:47:41 |  25.3s | 1.0e-04 | 0.0311 | 0.9229 | 0.9172 | 0.9353 | 0.0313 | 0.9090 | 0.8999 | 0.9087
0300 | 10:48:22 |  25.4s | 1.0e-04 | 0.0315 | 0.9234 | 0.9170 | 0.9356 | 0.0327 | 0.9023 | 0.9159 | 0.9166
0301 | 10:49:04 |  25.5s | 1.0e-04 | 0.0315 | 0.9230 | 0.9181 | 0.9360 | 0.0328 | 0.8956 | 0.9107 | 0.9070
0302 | 10:49:47 |  25.5s | 1.0e-04 | 0.0312 | 0.9228 | 0.9167 | 0.9352 | 0.0316 | 0.9108 | 0.8991 | 0.9099
0303 | 10:50:31 |  25.1s | 1.0e-04 | 0.0312 | 0.9226 | 0.9182 | 0.9357 | 0.0323 | 0.9121 | 0.9072 | 0.9180
0304 | 10:51:13 |  26.3s | 1.0e-04 | 0.0314 | 0.9220 | 0.9170 | 0.9350 | 0.0327 | 0.9050 | 0.9146 | 0.9182
0305 | 10:51:56 |  42.3s | 1.0e-04 | 0.0309 | 0.9239 | 0.9198 | 0.9380 | 0.0329 | 0.9138 | 0.9029 | 0.9170
0306 | 10:52:55 |  25.7s | 1.0e-04 | 0.0304 | 0.9255 | 0.9214 | 0.9405 | 0.0328 | 0.9068 | 0.9034 | 0.9099
0307 | 10:53:37 |  25.2s | 1.0e-04 | 0.0306 | 0.9253 | 0.9222 | 0.9405 | 0.0324 | 0.9003 | 0.9106 | 0.9103
0308 | 10:54:18 |  25.8s | 1.0e-04 | 0.0306 | 0.9261 | 0.9231 | 0.9419 | 0.0333 | 0.8927 | 0.9222 | 0.9157
0309 | 10:55:01 |  25.7s | 1.0e-04 | 0.0308 | 0.9239 | 0.9209 | 0.9389 | 0.0317 | 0.9074 | 0.9059 | 0.9131
0310 | 10:55:45 |  25.6s | 1.0e-04 | 0.0309 | 0.9244 | 0.9195 | 0.9385 | 0.0336 | 0.8830 | 0.9258 | 0.9104
0311 | 10:56:26 |  25.9s | 1.0e-04 | 0.0304 | 0.9246 | 0.9204 | 0.9396 | 0.0317 | 0.8988 | 0.9107 | 0.9091
0312 | 10:57:09 |  26.6s | 1.0e-04 | 0.0301 | 0.9263 | 0.9231 | 0.9420 | 0.0326 | 0.9096 | 0.9022 | 0.9112
0313 | 10:57:54 |  37.7s | 1.0e-04 | 0.0309 | 0.9257 | 0.9214 | 0.9411 | 0.0327 | 0.8855 | 0.9259 | 0.9128
0314 | 10:58:48 |  26.4s | 1.0e-04 | 0.0315 | 0.9238 | 0.9206 | 0.9386 | 0.0316 | 0.9084 | 0.9142 | 0.9212
0315 | 10:59:31 |  25.3s | 1.0e-04 | 0.0321 | 0.9243 | 0.9201 | 0.9386 | 0.0317 | 0.9210 | 0.8819 | 0.9078
0316 | 11:00:13 |  25.8s | 1.0e-04 | 0.0312 | 0.9250 | 0.9196 | 0.9392 | 0.0322 | 0.9102 | 0.9010 | 0.9110
0317 | 11:00:55 |  26.7s | 1.0e-04 | 0.0310 | 0.9264 | 0.9213 | 0.9417 | 0.0314 | 0.9137 | 0.9028 | 0.9168
0318 | 11:01:38 |  26.0s | 1.0e-04 | 0.0309 | 0.9259 | 0.9218 | 0.9410 | 0.0314 | 0.9027 | 0.9154 | 0.9177
0319 | 11:02:20 |  26.5s | 1.0e-04 | 0.0308 | 0.9252 | 0.9223 | 0.9410 | 0.0316 | 0.9101 | 0.9105 | 0.9198
0320 | 11:03:03 |  25.6s | 1.0e-04 | 0.0306 | 0.9260 | 0.9220 | 0.9417 | 0.0323 | 0.8948 | 0.9210 | 0.9159
0321 | 11:03:45 |  39.0s | 1.0e-04 | 0.0298 | 0.9263 | 0.9223 | 0.9419 | 0.0314 | 0.9247 | 0.8982 | 0.9232
0322 | 11:04:41 |  25.5s | 1.0e-04 | 0.0288 | 0.9267 | 0.9220 | 0.9425 | 0.0305 | 0.9136 | 0.9091 | 0.9217
0323 | 11:05:24 |  25.8s | 1.0e-04 | 0.0292 | 0.9257 | 0.9201 | 0.9402 | 0.0313 | 0.9147 | 0.9066 | 0.9215
0324 | 11:06:08 |  25.8s | 1.0e-04 | 0.0289 | 0.9265 | 0.9227 | 0.9419 | 0.0322 | 0.9102 | 0.9002 | 0.9105
0325 | 11:06:51 |  25.7s | 1.0e-04 | 0.0287 | 0.9272 | 0.9222 | 0.9436 | 0.0317 | 0.9282 | 0.8908 | 0.9211
0326 | 11:07:34 |  25.9s | 1.0e-04 | 0.0288 | 0.9264 | 0.9215 | 0.9416 | 0.0318 | 0.9092 | 0.9086 | 0.9166
0327 | 11:08:16 |  25.7s | 1.0e-04 | 0.0288 | 0.9270 | 0.9231 | 0.9429 | 0.0316 | 0.9009 | 0.9163 | 0.9147
0328 | 11:08:59 |  25.7s | 1.0e-04 | 0.0288 | 0.9278 | 0.9225 | 0.9447 | 0.0315 | 0.9013 | 0.9204 | 0.9184
0329 | 11:09:41 |  41.9s | 1.0e-04 | 0.0291 | 0.9265 | 0.9221 | 0.9427 | 0.0320 | 0.9018 | 0.9177 | 0.9184
0330 | 11:10:41 |  24.9s | 1.0e-04 | 0.0294 | 0.9260 | 0.9210 | 0.9409 | 0.0319 | 0.9212 | 0.8884 | 0.9124
0331 | 11:11:24 |  25.7s | 1.0e-04 | 0.0291 | 0.9265 | 0.9206 | 0.9413 | 0.0306 | 0.9104 | 0.9055 | 0.9156
0332 | 11:12:08 |  25.1s | 1.0e-04 | 0.0293 | 0.9267 | 0.9206 | 0.9410 | 0.0309 | 0.9073 | 0.9166 | 0.9231
0333 | 11:12:50 |  25.3s | 1.0e-04 | 0.0287 | 0.9271 | 0.9228 | 0.9425 | 0.0319 | 0.8977 | 0.9240 | 0.9218
0334 | 11:13:33 |  25.7s | 1.0e-04 | 0.0293 | 0.9250 | 0.9213 | 0.9403 | 0.0311 | 0.9027 | 0.9154 | 0.9165
0335 | 11:14:16 |  26.0s | 1.0e-04 | 0.0289 | 0.9267 | 0.9246 | 0.9435 | 0.0307 | 0.8955 | 0.9255 | 0.9220
0336 | 11:14:59 |  36.3s | 1.0e-04 | 0.0291 | 0.9263 | 0.9226 | 0.9420 | 0.0316 | 0.9131 | 0.9062 | 0.9188
0337 | 11:15:52 |  25.1s | 1.0e-04 | 0.0284 | 0.9256 | 0.9202 | 0.9398 | 0.0316 | 0.8907 | 0.9279 | 0.9183
0338 | 11:16:38 |  25.1s | 1.0e-04 | 0.0287 | 0.9259 | 0.9212 | 0.9408 | 0.0321 | 0.9132 | 0.9040 | 0.9176
0339 | 11:17:21 |  25.1s | 1.0e-04 | 0.0283 | 0.9269 | 0.9224 | 0.9426 | 0.0311 | 0.9096 | 0.9107 | 0.9191
0340 | 11:18:05 |  25.7s | 1.0e-04 | 0.0279 | 0.9261 | 0.9226 | 0.9417 | 0.0315 | 0.9153 | 0.9047 | 0.9188
0341 | 11:18:47 |  26.4s | 1.0e-04 | 0.0285 | 0.9259 | 0.9219 | 0.9403 | 0.0318 | 0.9184 | 0.9041 | 0.9221
0342 | 11:19:30 |  25.7s | 1.0e-04 | 0.0282 | 0.9270 | 0.9216 | 0.9414 | 0.0306 | 0.9062 | 0.9095 | 0.9141
0343 | 11:20:12 |  25.1s | 1.0e-04 | 0.0282 | 0.9271 | 0.9222 | 0.9424 | 0.0314 | 0.9062 | 0.9123 | 0.9175
0344 | 11:20:54 |  37.4s | 1.0e-04 | 0.0281 | 0.9277 | 0.9246 | 0.9449 | 0.0299 | 0.9211 | 0.9003 | 0.9213
0345 | 11:21:50 |  25.0s | 1.0e-04 | 0.0299 | 0.9280 | 0.9259 | 0.9456 | 0.0310 | 0.9127 | 0.9173 | 0.9262
0346 | 11:22:34 |  24.6s | 1.0e-04 | 0.0302 | 0.9280 | 0.9247 | 0.9453 | 0.0311 | 0.9103 | 0.9224 | 0.9291
0347 | 11:23:16 |  24.7s | 1.0e-04 | 0.0304 | 0.9272 | 0.9245 | 0.9441 | 0.0303 | 0.9148 | 0.9074 | 0.9207
0348 | 11:23:59 |  24.5s | 1.0e-04 | 0.0303 | 0.9272 | 0.9244 | 0.9439 | 0.0315 | 0.8951 | 0.9221 | 0.9174
0349 | 11:24:41 |  25.2s | 1.0e-04 | 0.0295 | 0.9292 | 0.9271 | 0.9472 | 0.0308 | 0.9177 | 0.9076 | 0.9228
0350 | 11:25:23 |  25.4s | 1.0e-04 | 0.0299 | 0.9278 | 0.9247 | 0.9448 | 0.0312 | 0.9078 | 0.9116 | 0.9174
0351 | 11:26:06 |  25.8s | 1.0e-04 | 0.0295 | 0.9291 | 0.9264 | 0.9471 | 0.0309 | 0.9081 | 0.9159 | 0.9214
0352 | 11:26:50 |  39.2s | 1.0e-04 | 0.0288 | 0.9285 | 0.9262 | 0.9459 | 0.0308 | 0.9040 | 0.9278 | 0.9286
0353 | 11:27:46 |  25.8s | 1.0e-04 | 0.0281 | 0.9286 | 0.9245 | 0.9463 | 0.0309 | 0.9173 | 0.9003 | 0.9177
0354 | 11:28:29 |  25.0s | 1.0e-04 | 0.0278 | 0.9278 | 0.9235 | 0.9446 | 0.0315 | 0.9224 | 0.8981 | 0.9209
0355 | 11:29:13 |  25.3s | 1.0e-04 | 0.0280 | 0.9285 | 0.9235 | 0.9448 | 0.0305 | 0.9073 | 0.9107 | 0.9171
0356 | 11:29:56 |  25.3s | 1.0e-04 | 0.0281 | 0.9280 | 0.9233 | 0.9447 | 0.0316 | 0.9268 | 0.8951 | 0.9233
0357 | 11:30:39 |  25.7s | 1.0e-04 | 0.0291 | 0.9252 | 0.9217 | 0.9409 | 0.0306 | 0.9235 | 0.8986 | 0.9228
0358 | 11:31:22 |  25.5s | 1.0e-04 | 0.0280 | 0.9276 | 0.9229 | 0.9436 | 0.0301 | 0.9134 | 0.9146 | 0.9272
0359 | 11:32:04 |  25.3s | 1.0e-04 | 0.0278 | 0.9288 | 0.9244 | 0.9451 | 0.0316 | 0.9118 | 0.9057 | 0.9174
0360 | 11:32:48 |  37.6s | 1.0e-04 | 0.0281 | 0.9284 | 0.9266 | 0.9459 | 0.0305 | 0.9121 | 0.9178 | 0.9263
0361 | 11:33:42 |  25.1s | 1.0e-04 | 0.0280 | 0.9294 | 0.9268 | 0.9473 | 0.0314 | 0.9167 | 0.9097 | 0.9243
0362 | 11:34:25 |  25.9s | 1.0e-04 | 0.0286 | 0.9288 | 0.9258 | 0.9461 | 0.0309 | 0.9063 | 0.9176 | 0.9221
0363 | 11:35:09 |  25.1s | 1.0e-04 | 0.0283 | 0.9291 | 0.9263 | 0.9465 | 0.0317 | 0.9134 | 0.9161 | 0.9272
0364 | 11:35:53 |  24.7s | 1.0e-04 | 0.0279 | 0.9301 | 0.9282 | 0.9485 | 0.0317 | 0.8993 | 0.9169 | 0.9160
0365 | 11:36:36 |  25.4s | 1.0e-04 | 0.0279 | 0.9296 | 0.9276 | 0.9484 | 0.0324 | 0.9156 | 0.9083 | 0.9222
0366 | 11:37:19 |  26.2s | 1.0e-04 | 0.0284 | 0.9299 | 0.9284 | 0.9488 | 0.0312 | 0.9091 | 0.9128 | 0.9203
0367 | 11:38:04 |  24.9s | 1.0e-04 | 0.0282 | 0.9299 | 0.9278 | 0.9481 | 0.0313 | 0.8966 | 0.9279 | 0.9239
0368 | 11:38:46 |  39.8s | 1.0e-04 | 0.0275 | 0.9291 | 0.9257 | 0.9465 | 0.0303 | 0.9229 | 0.8997 | 0.9226
0369 | 11:39:42 |  25.6s | 1.0e-04 | 0.0275 | 0.9294 | 0.9271 | 0.9476 | 0.0314 | 0.9280 | 0.8932 | 0.9228
0370 | 11:40:24 |  25.4s | 1.0e-04 | 0.0280 | 0.9295 | 0.9273 | 0.9479 | 0.0314 | 0.9003 | 0.9193 | 0.9175
0371 | 11:41:06 |  25.3s | 1.0e-04 | 0.0274 | 0.9305 | 0.9280 | 0.9495 | 0.0306 | 0.9176 | 0.9083 | 0.9241
0372 | 11:41:49 |  24.5s | 1.0e-04 | 0.0274 | 0.9301 | 0.9275 | 0.9482 | 0.0321 | 0.9129 | 0.9063 | 0.9191
0373 | 11:42:32 |  26.1s | 1.0e-04 | 0.0275 | 0.9303 | 0.9281 | 0.9490 | 0.0308 | 0.9229 | 0.9014 | 0.9237
0374 | 11:43:16 |  24.7s | 1.0e-04 | 0.0274 | 0.9297 | 0.9269 | 0.9483 | 0.0311 | 0.9069 | 0.9106 | 0.9162
0375 | 11:43:58 |  24.4s | 1.0e-04 | 0.0288 | 0.9297 | 0.9250 | 0.9467 | 0.0323 | 0.8992 | 0.9124 | 0.9106
0376 | 11:44:44 |  25.2s | 1.0e-04 | 0.0280 | 0.9296 | 0.9276 | 0.9478 | 0.0318 | 0.9291 | 0.8926 | 0.9238
0377 | 11:45:27 |  25.2s | 1.0e-04 | 0.0272 | 0.9316 | 0.9284 | 0.9504 | 0.0320 | 0.9075 | 0.9127 | 0.9190
0378 | 11:46:09 |  26.3s | 1.0e-04 | 0.0272 | 0.9322 | 0.9291 | 0.9511 | 0.0305 | 0.9106 | 0.9081 | 0.9180
0379 | 11:46:51 |  26.0s | 1.0e-04 | 0.0272 | 0.9305 | 0.9281 | 0.9497 | 0.0311 | 0.9051 | 0.9222 | 0.9241
0380 | 11:47:35 |  26.1s | 1.0e-04 | 0.0272 | 0.9314 | 0.9286 | 0.9503 | 0.0299 | 0.9116 | 0.9147 | 0.9249
0381 | 11:48:18 |  26.7s | 1.0e-04 | 0.0268 | 0.9317 | 0.9294 | 0.9511 | 0.0305 | 0.9074 | 0.9144 | 0.9212
0382 | 11:49:02 |  26.1s | 1.0e-04 | 0.0272 | 0.9316 | 0.9302 | 0.9508 | 0.0308 | 0.9139 | 0.9093 | 0.9219
0383 | 11:49:45 |  37.5s | 1.0e-04 | 0.0269 | 0.9316 | 0.9292 | 0.9509 | 0.0304 | 0.9057 | 0.9193 | 0.9221
0384 | 11:50:41 |  25.0s | 1.0e-04 | 0.0280 | 0.9311 | 0.9293 | 0.9499 | 0.0317 | 0.9058 | 0.9175 | 0.9212
0385 | 11:51:24 |  25.4s | 1.0e-04 | 0.0266 | 0.9311 | 0.9286 | 0.9503 | 0.0312 | 0.9084 | 0.9083 | 0.9155
0386 | 11:52:07 |  24.9s | 1.0e-04 | 0.0268 | 0.9309 | 0.9282 | 0.9495 | 0.0309 | 0.9256 | 0.8935 | 0.9208
0387 | 11:52:50 |  25.3s | 1.0e-04 | 0.0269 | 0.9305 | 0.9290 | 0.9499 | 0.0313 | 0.8940 | 0.9272 | 0.9203
0388 | 11:53:35 |  24.9s | 1.0e-04 | 0.0265 | 0.9312 | 0.9284 | 0.9504 | 0.0310 | 0.9074 | 0.9151 | 0.9213
0389 | 11:54:18 |  25.3s | 1.0e-04 | 0.0267 | 0.9307 | 0.9281 | 0.9494 | 0.0306 | 0.9144 | 0.9109 | 0.9227
0390 | 11:55:01 |  25.7s | 1.0e-04 | 0.0266 | 0.9308 | 0.9286 | 0.9501 | 0.0297 | 0.9151 | 0.9105 | 0.9234
0391 | 11:55:44 |  39.7s | 1.0e-04 | 0.0265 | 0.9304 | 0.9293 | 0.9496 | 0.0298 | 0.9225 | 0.8976 | 0.9204
0392 | 11:56:41 |  24.9s | 1.0e-04 | 0.0273 | 0.9289 | 0.9235 | 0.9453 | 0.0301 | 0.9203 | 0.9053 | 0.9253
0393 | 11:57:22 |  24.7s | 1.0e-04 | 0.0271 | 0.9287 | 0.9263 | 0.9461 | 0.0303 | 0.9198 | 0.9075 | 0.9261
0394 | 11:58:04 |  25.5s | 1.0e-04 | 0.0268 | 0.9304 | 0.9255 | 0.9481 | 0.0292 | 0.9148 | 0.9165 | 0.9257
0395 | 11:58:46 |  25.1s | 1.0e-04 | 0.0274 | 0.9287 | 0.9264 | 0.9468 | 0.0310 | 0.9239 | 0.8966 | 0.9213
0396 | 11:59:28 |  25.7s | 1.0e-04 | 0.0280 | 0.9275 | 0.9241 | 0.9444 | 0.0295 | 0.9198 | 0.9067 | 0.9252
0397 | 12:00:10 |  25.4s | 1.0e-04 | 0.0269 | 0.9277 | 0.9244 | 0.9443 | 0.0312 | 0.9256 | 0.8954 | 0.9231
0398 | 12:00:53 |  24.8s | 1.0e-04 | 0.0270 | 0.9295 | 0.9260 | 0.9473 | 0.0306 | 0.9195 | 0.9144 | 0.9305
0399 | 12:01:36 |  41.1s | 1.0e-04 | 0.0266 | 0.9300 | 0.9265 | 0.9474 | 0.0303 | 0.9191 | 0.9104 | 0.9276
0400 | 12:02:33 |  24.4s | 1.0e-04 | 0.0270 | 0.9300 | 0.9270 | 0.9475 | 0.0297 | 0.9033 | 0.9264 | 0.9274
0401 | 12:03:14 |  26.0s | 1.0e-04 | 0.0270 | 0.9295 | 0.9267 | 0.9477 | 0.0305 | 0.9028 | 0.9213 | 0.9223
0402 | 12:03:58 |  25.7s | 1.0e-04 | 0.0270 | 0.9286 | 0.9254 | 0.9459 | 0.0289 | 0.9236 | 0.9112 | 0.9322
0403 | 12:04:40 |  26.0s | 1.0e-04 | 0.0266 | 0.9295 | 0.9265 | 0.9475 | 0.0298 | 0.9248 | 0.8986 | 0.9234
0404 | 12:05:23 |  25.9s | 1.0e-04 | 0.0269 | 0.9293 | 0.9270 | 0.9471 | 0.0295 | 0.9142 | 0.9144 | 0.9267
0405 | 12:06:06 |  25.4s | 1.0e-04 | 0.0270 | 0.9297 | 0.9271 | 0.9475 | 0.0294 | 0.9190 | 0.9095 | 0.9271
0406 | 12:06:48 |  26.0s | 1.0e-04 | 0.0264 | 0.9302 | 0.9269 | 0.9488 | 0.0300 | 0.9036 | 0.9207 | 0.9215
0407 | 12:07:31 |  37.9s | 1.0e-04 | 0.0268 | 0.9284 | 0.9238 | 0.9443 | 0.0307 | 0.9074 | 0.9230 | 0.9264
0408 | 12:08:27 |  25.5s | 1.0e-04 | 0.0264 | 0.9283 | 0.9237 | 0.9453 | 0.0305 | 0.9144 | 0.9053 | 0.9180
0409 | 12:09:11 |  25.2s | 1.0e-04 | 0.0266 | 0.9281 | 0.9229 | 0.9444 | 0.0298 | 0.9142 | 0.9165 | 0.9268
0410 | 12:09:54 |  25.3s | 1.0e-04 | 0.0261 | 0.9291 | 0.9253 | 0.9456 | 0.0288 | 0.9211 | 0.9102 | 0.9292
0411 | 12:10:38 |  25.4s | 1.0e-04 | 0.0264 | 0.9282 | 0.9234 | 0.9444 | 0.0298 | 0.9193 | 0.9150 | 0.9312
0412 | 12:11:21 |  26.1s | 1.0e-04 | 0.0261 | 0.9290 | 0.9255 | 0.9457 | 0.0291 | 0.9204 | 0.9075 | 0.9263
0413 | 12:12:05 |  26.6s | 1.0e-04 | 0.0267 | 0.9283 | 0.9227 | 0.9439 | 0.0300 | 0.9265 | 0.9046 | 0.9294
0414 | 12:12:49 |  25.5s | 1.0e-04 | 0.0263 | 0.9275 | 0.9234 | 0.9435 | 0.0300 | 0.9167 | 0.9079 | 0.9236
0415 | 12:13:31 |  44.3s | 1.0e-04 | 0.0274 | 0.9265 | 0.9231 | 0.9428 | 0.0296 | 0.9244 | 0.9045 | 0.9273
0416 | 12:14:34 |  26.3s | 1.0e-04 | 0.0269 | 0.9278 | 0.9235 | 0.9435 | 0.0297 | 0.9243 | 0.9119 | 0.9317
0417 | 12:15:17 |  26.4s | 1.0e-04 | 0.0271 | 0.9273 | 0.9237 | 0.9448 | 0.0289 | 0.9162 | 0.9160 | 0.9297
0418 | 12:16:02 |  25.3s | 1.0e-04 | 0.0281 | 0.9265 | 0.9217 | 0.9418 | 0.0299 | 0.9209 | 0.9066 | 0.9262
0419 | 12:16:46 |  25.4s | 1.0e-04 | 0.0268 | 0.9282 | 0.9240 | 0.9450 | 0.0291 | 0.9125 | 0.9169 | 0.9266
0420 | 12:17:28 |  26.0s | 1.0e-04 | 0.0270 | 0.9278 | 0.9231 | 0.9439 | 0.0305 | 0.9334 | 0.8906 | 0.9272
0421 | 12:18:10 |  26.3s | 1.0e-04 | 0.0273 | 0.9274 | 0.9216 | 0.9425 | 0.0294 | 0.9116 | 0.9123 | 0.9230
0422 | 12:18:53 |  38.0s | 1.0e-04 | 0.0269 | 0.9285 | 0.9242 | 0.9450 | 0.0288 | 0.9208 | 0.9147 | 0.9334
0423 | 12:19:47 |  26.6s | 1.0e-04 | 0.0270 | 0.9310 | 0.9284 | 0.9495 | 0.0294 | 0.9247 | 0.9086 | 0.9317
0424 | 12:20:31 |  25.2s | 1.0e-04 | 0.0270 | 0.9312 | 0.9289 | 0.9503 | 0.0289 | 0.9225 | 0.9085 | 0.9289
0425 | 12:21:12 |  26.1s | 1.0e-04 | 0.0274 | 0.9304 | 0.9286 | 0.9491 | 0.0293 | 0.9162 | 0.9193 | 0.9312
0426 | 12:21:55 |  24.9s | 1.0e-04 | 0.0271 | 0.9307 | 0.9284 | 0.9495 | 0.0288 | 0.9224 | 0.9111 | 0.9301
0427 | 12:22:38 |  25.3s | 1.0e-04 | 0.0269 | 0.9303 | 0.9293 | 0.9499 | 0.0291 | 0.9128 | 0.9203 | 0.9298
0428 | 12:23:23 |  25.0s | 1.0e-04 | 0.0269 | 0.9317 | 0.9294 | 0.9509 | 0.0305 | 0.9092 | 0.9206 | 0.9270
0429 | 12:24:06 |  25.3s | 1.0e-04 | 0.0271 | 0.9319 | 0.9293 | 0.9508 | 0.0298 | 0.9152 | 0.9175 | 0.9293
0430 | 12:24:48 |  39.2s | 1.0e-04 | 0.0269 | 0.9319 | 0.9293 | 0.9512 | 0.0301 | 0.9321 | 0.8978 | 0.9307
0431 | 12:25:44 |  26.2s | 1.0e-04 | 0.0273 | 0.9308 | 0.9288 | 0.9496 | 0.0294 | 0.9263 | 0.8996 | 0.9259
0432 | 12:26:27 |  25.2s | 1.0e-04 | 0.0272 | 0.9296 | 0.9282 | 0.9486 | 0.0304 | 0.9306 | 0.8960 | 0.9272
0433 | 12:27:08 |  25.8s | 1.0e-04 | 0.0275 | 0.9303 | 0.9274 | 0.9492 | 0.0302 | 0.9098 | 0.9248 | 0.9323
0434 | 12:27:50 |  25.3s | 1.0e-04 | 0.0272 | 0.9310 | 0.9287 | 0.9503 | 0.0293 | 0.9216 | 0.9141 | 0.9305
0435 | 12:28:32 |  25.6s | 1.0e-04 | 0.0271 | 0.9300 | 0.9284 | 0.9493 | 0.0284 | 0.9208 | 0.9144 | 0.9322
0436 | 12:29:13 |  26.6s | 1.0e-04 | 0.0273 | 0.9297 | 0.9276 | 0.9480 | 0.0291 | 0.9158 | 0.9111 | 0.9248
0437 | 12:29:56 |  26.1s | 1.0e-04 | 0.0273 | 0.9295 | 0.9276 | 0.9473 | 0.0293 | 0.9097 | 0.9137 | 0.9221
0438 | 12:30:39 |  39.3s | 1.0e-04 | 0.0271 | 0.9310 | 0.9296 | 0.9506 | 0.0292 | 0.9110 | 0.9193 | 0.9271
0439 | 12:31:37 |  24.6s | 1.0e-04 | 0.0268 | 0.9316 | 0.9307 | 0.9517 | 0.0296 | 0.9087 | 0.9230 | 0.9272
0440 | 12:32:20 |  24.6s | 1.0e-04 | 0.0268 | 0.9320 | 0.9307 | 0.9514 | 0.0293 | 0.9018 | 0.9279 | 0.9258
0441 | 12:33:02 |  25.7s | 1.0e-04 | 0.0268 | 0.9324 | 0.9322 | 0.9527 | 0.0300 | 0.9053 | 0.9317 | 0.9347
0442 | 12:33:44 |  26.1s | 1.0e-04 | 0.0267 | 0.9326 | 0.9303 | 0.9512 | 0.0291 | 0.9120 | 0.9239 | 0.9314
0443 | 12:34:26 |  25.1s | 1.0e-04 | 0.0266 | 0.9318 | 0.9307 | 0.9526 | 0.0296 | 0.9003 | 0.9310 | 0.9303
0444 | 12:35:08 |  26.2s | 1.0e-04 | 0.0266 | 0.9329 | 0.9325 | 0.9534 | 0.0301 | 0.9071 | 0.9188 | 0.9230
0445 | 12:35:52 |  25.0s | 1.0e-04 | 0.0273 | 0.9313 | 0.9307 | 0.9514 | 0.0300 | 0.9054 | 0.9236 | 0.9258
0446 | 12:36:34 |  37.5s | 1.0e-04 | 0.0265 | 0.9326 | 0.9313 | 0.9527 | 0.0296 | 0.9053 | 0.9179 | 0.9196
0447 | 12:37:27 |  25.0s | 1.0e-04 | 0.0266 | 0.9320 | 0.9296 | 0.9514 | 0.0293 | 0.9169 | 0.9185 | 0.9323
0448 | 12:38:09 |  25.7s | 1.0e-04 | 0.0267 | 0.9320 | 0.9312 | 0.9521 | 0.0296 | 0.9263 | 0.9017 | 0.9278
0449 | 12:38:52 |  24.8s | 1.0e-04 | 0.0266 | 0.9316 | 0.9302 | 0.9515 | 0.0289 | 0.9245 | 0.9104 | 0.9310
0450 | 12:39:35 |  24.5s | 1.0e-04 | 0.0267 | 0.9323 | 0.9296 | 0.9520 | 0.0304 | 0.9074 | 0.9237 | 0.9288
0451 | 12:40:17 |  25.0s | 1.0e-04 | 0.0266 | 0.9327 | 0.9310 | 0.9531 | 0.0300 | 0.9185 | 0.9072 | 0.9240
0452 | 12:41:01 |  24.7s | 1.0e-04 | 0.0267 | 0.9308 | 0.9286 | 0.9500 | 0.0292 | 0.9146 | 0.9090 | 0.9221
0453 | 12:41:44 |  24.9s | 1.0e-04 | 0.0266 | 0.9317 | 0.9303 | 0.9516 | 0.0297 | 0.9003 | 0.9292 | 0.9283
0454 | 12:42:26 |  39.6s | 1.0e-04 | 0.0270 | 0.9307 | 0.9290 | 0.9491 | 0.0287 | 0.9278 | 0.9043 | 0.9310
0455 | 12:43:22 |  24.4s | 1.0e-04 | 0.0267 | 0.9314 | 0.9285 | 0.9504 | 0.0300 | 0.9192 | 0.9043 | 0.9222
0456 | 12:44:03 |  25.1s | 1.0e-04 | 0.0265 | 0.9317 | 0.9294 | 0.9513 | 0.0299 | 0.9347 | 0.8992 | 0.9340
0457 | 12:44:46 |  24.8s | 1.0e-04 | 0.0269 | 0.9307 | 0.9293 | 0.9508 | 0.0294 | 0.9257 | 0.9066 | 0.9304
0458 | 12:45:27 |  25.3s | 1.0e-04 | 0.0268 | 0.9307 | 0.9281 | 0.9498 | 0.0284 | 0.9098 | 0.9195 | 0.9262
0459 | 12:46:11 |  24.9s | 1.0e-04 | 0.0267 | 0.9323 | 0.9305 | 0.9514 | 0.0295 | 0.9195 | 0.9186 | 0.9330
0460 | 12:46:53 |  24.8s | 1.0e-04 | 0.0266 | 0.9319 | 0.9310 | 0.9525 | 0.0312 | 0.9402 | 0.8870 | 0.9328
0461 | 12:47:34 |  38.6s | 1.0e-04 | 0.0267 | 0.9310 | 0.9281 | 0.9497 | 0.0306 | 0.8851 | 0.9435 | 0.9302
0462 | 12:48:30 |  25.8s | 1.0e-04 | 0.0261 | 0.9306 | 0.9294 | 0.9510 | 0.0294 | 0.9183 | 0.9130 | 0.9284
0463 | 12:49:12 |  25.8s | 1.0e-04 | 0.0262 | 0.9329 | 0.9313 | 0.9526 | 0.0283 | 0.9197 | 0.9141 | 0.9306
0464 | 12:49:54 |  25.1s | 1.0e-04 | 0.0261 | 0.9308 | 0.9295 | 0.9503 | 0.0291 | 0.9143 | 0.9228 | 0.9330
0465 | 12:50:35 |  26.3s | 1.0e-04 | 0.0261 | 0.9321 | 0.9280 | 0.9514 | 0.0298 | 0.9029 | 0.9305 | 0.9276
0466 | 12:51:18 |  26.3s | 1.0e-04 | 0.0260 | 0.9308 | 0.9284 | 0.9494 | 0.0292 | 0.9300 | 0.9044 | 0.9332
0467 | 12:52:01 |  24.6s | 1.0e-04 | 0.0260 | 0.9318 | 0.9313 | 0.9515 | 0.0290 | 0.9090 | 0.9182 | 0.9255
0468 | 12:52:42 |  24.7s | 1.0e-04 | 0.0259 | 0.9339 | 0.9298 | 0.9528 | 0.0295 | 0.9126 | 0.9182 | 0.9277
0469 | 12:53:24 |  37.7s | 1.0e-04 | 0.0255 | 0.9324 | 0.9313 | 0.9530 | 0.0290 | 0.9072 | 0.9240 | 0.9271
0470 | 12:54:21 |  24.2s | 1.0e-04 | 0.0256 | 0.9339 | 0.9330 | 0.9544 | 0.0297 | 0.9105 | 0.9286 | 0.9348
0471 | 12:55:02 |  24.1s | 1.0e-04 | 0.0257 | 0.9326 | 0.9309 | 0.9524 | 0.0289 | 0.9252 | 0.9043 | 0.9287
0472 | 12:55:45 |  24.5s | 1.0e-04 | 0.0255 | 0.9339 | 0.9323 | 0.9548 | 0.0289 | 0.9057 | 0.9272 | 0.9285
0473 | 12:56:27 |  24.3s | 1.0e-04 | 0.0256 | 0.9333 | 0.9330 | 0.9539 | 0.0297 | 0.9060 | 0.9241 | 0.9264
0474 | 12:57:09 |  24.2s | 1.0e-04 | 0.0256 | 0.9331 | 0.9327 | 0.9535 | 0.0286 | 0.9236 | 0.9108 | 0.9336
0475 | 12:57:52 |  24.1s | 1.0e-04 | 0.0253 | 0.9344 | 0.9344 | 0.9560 | 0.0277 | 0.9246 | 0.9134 | 0.9345
0476 | 12:58:34 |  24.4s | 1.0e-04 | 0.0255 | 0.9339 | 0.9320 | 0.9539 | 0.0290 | 0.9066 | 0.9205 | 0.9238
0477 | 12:59:15 |  40.8s | 1.0e-04 | 0.0260 | 0.9328 | 0.9317 | 0.9535 | 0.0286 | 0.9063 | 0.9251 | 0.9294
0478 | 13:00:12 |  25.4s | 1.0e-04 | 0.0263 | 0.9335 | 0.9333 | 0.9543 | 0.0287 | 0.9209 | 0.9141 | 0.9311
0479 | 13:00:54 |  26.6s | 1.0e-04 | 0.0261 | 0.9337 | 0.9324 | 0.9545 | 0.0290 | 0.9258 | 0.9015 | 0.9267
0480 | 13:01:37 |  25.8s | 1.0e-04 | 0.0266 | 0.9319 | 0.9326 | 0.9533 | 0.0289 | 0.9141 | 0.9139 | 0.9268
0481 | 13:02:20 |  25.5s | 1.0e-04 | 0.0262 | 0.9337 | 0.9322 | 0.9533 | 0.0293 | 0.9056 | 0.9237 | 0.9259
0482 | 13:03:02 |  25.7s | 1.0e-04 | 0.0262 | 0.9341 | 0.9345 | 0.9546 | 0.0284 | 0.9109 | 0.9220 | 0.9302
0483 | 13:03:45 |  25.9s | 1.0e-04 | 0.0267 | 0.9324 | 0.9326 | 0.9526 | 0.0288 | 0.9040 | 0.9266 | 0.9286
0484 | 13:04:27 |  25.3s | 1.0e-04 | 0.0264 | 0.9328 | 0.9324 | 0.9532 | 0.0298 | 0.8984 | 0.9302 | 0.9293
0485 | 13:05:12 |  39.1s | 1.0e-04 | 0.0261 | 0.9329 | 0.9322 | 0.9538 | 0.0290 | 0.9106 | 0.9253 | 0.9318
0486 | 13:06:06 |  25.8s | 1.0e-04 | 0.0256 | 0.9324 | 0.9330 | 0.9537 | 0.0299 | 0.9108 | 0.9192 | 0.9268
0487 | 13:06:49 |  26.1s | 1.0e-04 | 0.0256 | 0.9335 | 0.9322 | 0.9535 | 0.0285 | 0.9095 | 0.9292 | 0.9341
0488 | 13:07:32 |  25.1s | 1.0e-04 | 0.0259 | 0.9335 | 0.9330 | 0.9538 | 0.0288 | 0.9120 | 0.9232 | 0.9323
0489 | 13:08:14 |  26.0s | 1.0e-04 | 0.0258 | 0.9330 | 0.9314 | 0.9528 | 0.0290 | 0.9207 | 0.9206 | 0.9368
0490 | 13:08:57 |  25.3s | 1.0e-04 | 0.0258 | 0.9326 | 0.9323 | 0.9531 | 0.0292 | 0.9283 | 0.9119 | 0.9360
0491 | 13:09:39 |  25.8s | 1.0e-04 | 0.0259 | 0.9328 | 0.9328 | 0.9532 | 0.0286 | 0.9122 | 0.9217 | 0.9301
0492 | 13:10:21 |  25.6s | 1.0e-04 | 0.0253 | 0.9337 | 0.9340 | 0.9548 | 0.0291 | 0.9144 | 0.9208 | 0.9304
0493 | 13:11:04 |  39.9s | 1.0e-04 | 0.0263 | 0.9333 | 0.9336 | 0.9542 | 0.0296 | 0.9048 | 0.9264 | 0.9266
0494 | 13:12:01 |  25.5s | 1.0e-04 | 0.0261 | 0.9327 | 0.9331 | 0.9538 | 0.0288 | 0.9141 | 0.9243 | 0.9354
0495 | 13:12:45 |  26.5s | 1.0e-04 | 0.0263 | 0.9334 | 0.9320 | 0.9540 | 0.0284 | 0.9355 | 0.8986 | 0.9349
0496 | 13:13:28 |  25.8s | 1.0e-04 | 0.0264 | 0.9324 | 0.9313 | 0.9529 | 0.0287 | 0.9084 | 0.9260 | 0.9326
0497 | 13:14:12 |  24.7s | 1.0e-04 | 0.0266 | 0.9330 | 0.9318 | 0.9532 | 0.0284 | 0.9253 | 0.9143 | 0.9358
0498 | 13:14:54 |  24.9s | 1.0e-04 | 0.0257 | 0.9336 | 0.9332 | 0.9541 | 0.0279 | 0.9236 | 0.9071 | 0.9289
0499 | 13:15:37 |  25.1s | 1.0e-04 | 0.0263 | 0.9331 | 0.9331 | 0.9542 | 0.0298 | 0.9258 | 0.9098 | 0.9329
0500 | 13:16:20 |  26.1s | 1.0e-04 | 0.0261 | 0.9338 | 0.9324 | 0.9543 | 0.0281 | 0.9286 | 0.9096 | 0.9349
0501 | 13:17:05 |  25.0s | 1.0e-04 | 0.0268 | 0.9338 | 0.9325 | 0.9542 | 0.0290 | 0.9330 | 0.9078 | 0.9375
0502 | 13:17:48 |  25.5s | 1.0e-04 | 0.0264 | 0.9333 | 0.9333 | 0.9542 | 0.0291 | 0.9164 | 0.9236 | 0.9358
0503 | 13:18:32 |  24.4s | 1.0e-04 | 0.0264 | 0.9338 | 0.9336 | 0.9548 | 0.0290 | 0.9110 | 0.9236 | 0.9318
0504 | 13:19:14 |  24.9s | 1.0e-04 | 0.0263 | 0.9338 | 0.9328 | 0.9551 | 0.0282 | 0.9276 | 0.9049 | 0.9309
0505 | 13:19:56 |  24.4s | 1.0e-04 | 0.0260 | 0.9346 | 0.9344 | 0.9554 | 0.0282 | 0.9184 | 0.9161 | 0.9306
0506 | 13:20:38 |  25.8s | 1.0e-04 | 0.0262 | 0.9355 | 0.9348 | 0.9565 | 0.0283 | 0.9252 | 0.9115 | 0.9339
0507 | 13:21:20 |  25.8s | 1.0e-04 | 0.0262 | 0.9337 | 0.9346 | 0.9553 | 0.0290 | 0.9112 | 0.9255 | 0.9329
0508 | 13:22:03 |  40.6s | 1.0e-04 | 0.0264 | 0.9344 | 0.9342 | 0.9549 | 0.0286 | 0.9208 | 0.9154 | 0.9322
0509 | 13:23:03 |  25.4s | 1.0e-04 | 0.0261 | 0.9330 | 0.9323 | 0.9536 | 0.0289 | 0.9192 | 0.9190 | 0.9335
0510 | 13:23:45 |  25.3s | 1.0e-04 | 0.0261 | 0.9329 | 0.9314 | 0.9535 | 0.0298 | 0.9078 | 0.9245 | 0.9282
0511 | 13:24:27 |  24.8s | 1.0e-04 | 0.0262 | 0.9320 | 0.9314 | 0.9529 | 0.0284 | 0.9169 | 0.9261 | 0.9358
0512 | 13:25:10 |  24.8s | 1.0e-04 | 0.0257 | 0.9334 | 0.9332 | 0.9540 | 0.0290 | 0.9374 | 0.8994 | 0.9371
0513 | 13:25:53 |  24.7s | 1.0e-04 | 0.0259 | 0.9327 | 0.9319 | 0.9537 | 0.0280 | 0.9234 | 0.9179 | 0.9365
0514 | 13:26:35 |  24.6s | 1.0e-04 | 0.0258 | 0.9333 | 0.9315 | 0.9534 | 0.0281 | 0.9130 | 0.9255 | 0.9340
0515 | 13:27:17 |  24.6s | 1.0e-04 | 0.0256 | 0.9339 | 0.9322 | 0.9545 | 0.0286 | 0.9296 | 0.9171 | 0.9407
0516 | 13:27:59 |  40.1s | 1.0e-04 | 0.0252 | 0.9345 | 0.9320 | 0.9553 | 0.0279 | 0.9238 | 0.9178 | 0.9364
0517 | 13:28:57 |  27.0s | 1.0e-04 | 0.0250 | 0.9346 | 0.9336 | 0.9553 | 0.0289 | 0.9306 | 0.9031 | 0.9330
0518 | 13:29:39 |  26.3s | 1.0e-04 | 0.0253 | 0.9339 | 0.9327 | 0.9549 | 0.0282 | 0.9099 | 0.9290 | 0.9347
0519 | 13:30:22 |  26.0s | 1.0e-04 | 0.0251 | 0.9341 | 0.9327 | 0.9546 | 0.0279 | 0.9171 | 0.9211 | 0.9339
0520 | 13:31:03 |  26.6s | 1.0e-04 | 0.0249 | 0.9344 | 0.9337 | 0.9548 | 0.0284 | 0.9155 | 0.9268 | 0.9369
0521 | 13:31:47 |  25.7s | 1.0e-04 | 0.0248 | 0.9333 | 0.9318 | 0.9541 | 0.0292 | 0.9234 | 0.9086 | 0.9292
0522 | 13:32:31 |  25.0s | 1.0e-04 | 0.0248 | 0.9337 | 0.9338 | 0.9549 | 0.0287 | 0.9166 | 0.9276 | 0.9377
0523 | 13:33:14 |  25.0s | 1.0e-04 | 0.0251 | 0.9336 | 0.9337 | 0.9542 | 0.0282 | 0.9311 | 0.9068 | 0.9357
0524 | 13:33:58 |  41.6s | 1.0e-04 | 0.0254 | 0.9340 | 0.9335 | 0.9549 | 0.0293 | 0.9012 | 0.9287 | 0.9282
0525 | 13:34:57 |  24.6s | 1.0e-04 | 0.0263 | 0.9342 | 0.9333 | 0.9544 | 0.0287 | 0.9267 | 0.9100 | 0.9335
0526 | 13:35:39 |  25.2s | 1.0e-04 | 0.0262 | 0.9352 | 0.9335 | 0.9563 | 0.0287 | 0.9133 | 0.9234 | 0.9332
0527 | 13:36:21 |  25.8s | 1.0e-04 | 0.0261 | 0.9349 | 0.9340 | 0.9561 | 0.0287 | 0.9259 | 0.9126 | 0.9341
0528 | 13:37:03 |  26.3s | 1.0e-04 | 0.0259 | 0.9362 | 0.9361 | 0.9573 | 0.0286 | 0.9341 | 0.9053 | 0.9371
0529 | 13:37:45 |  25.3s | 1.0e-04 | 0.0263 | 0.9327 | 0.9338 | 0.9545 | 0.0276 | 0.9217 | 0.9147 | 0.9318
0530 | 13:38:29 |  25.9s | 1.0e-04 | 0.0263 | 0.9344 | 0.9346 | 0.9558 | 0.0281 | 0.9160 | 0.9184 | 0.9306
0531 | 13:39:11 |  25.0s | 1.0e-04 | 0.0261 | 0.9356 | 0.9351 | 0.9575 | 0.0292 | 0.9133 | 0.9279 | 0.9371
0532 | 13:39:53 |  39.9s | 1.0e-04 | 0.0259 | 0.9342 | 0.9344 | 0.9551 | 0.0274 | 0.9222 | 0.9223 | 0.9395
0533 | 13:40:50 |  25.2s | 1.0e-04 | 0.0257 | 0.9355 | 0.9346 | 0.9560 | 0.0276 | 0.9305 | 0.9052 | 0.9342
0534 | 13:41:33 |  24.7s | 1.0e-04 | 0.0258 | 0.9349 | 0.9347 | 0.9567 | 0.0284 | 0.9164 | 0.9227 | 0.9356
0535 | 13:42:15 |  24.8s | 1.0e-04 | 0.0253 | 0.9359 | 0.9359 | 0.9573 | 0.0274 | 0.9200 | 0.9172 | 0.9336
0536 | 13:42:57 |  25.6s | 1.0e-04 | 0.0253 | 0.9370 | 0.9370 | 0.9591 | 0.0285 | 0.9168 | 0.9262 | 0.9378
0537 | 13:43:39 |  24.7s | 1.0e-04 | 0.0258 | 0.9347 | 0.9356 | 0.9561 | 0.0284 | 0.9149 | 0.9173 | 0.9294
0538 | 13:44:22 |  25.9s | 1.0e-04 | 0.0258 | 0.9352 | 0.9342 | 0.9559 | 0.0275 | 0.9185 | 0.9202 | 0.9353
0539 | 13:45:07 |  24.6s | 1.0e-04 | 0.0264 | 0.9331 | 0.9340 | 0.9547 | 0.0280 | 0.9157 | 0.9249 | 0.9341
0540 | 13:45:50 |  39.2s | 1.0e-04 | 0.0252 | 0.9354 | 0.9338 | 0.9577 | 0.0279 | 0.9144 | 0.9256 | 0.9358
0541 | 13:46:46 |  25.1s | 1.0e-04 | 0.0247 | 0.9339 | 0.9336 | 0.9544 | 0.0281 | 0.9096 | 0.9336 | 0.9359
0542 | 13:47:27 |  24.6s | 1.0e-04 | 0.0248 | 0.9350 | 0.9342 | 0.9566 | 0.0282 | 0.9306 | 0.9133 | 0.9403
0543 | 13:48:08 |  26.2s | 1.0e-04 | 0.0245 | 0.9351 | 0.9345 | 0.9565 | 0.0284 | 0.9192 | 0.9182 | 0.9328
0544 | 13:48:52 |  25.1s | 1.0e-04 | 0.0247 | 0.9349 | 0.9339 | 0.9565 | 0.0288 | 0.9101 | 0.9316 | 0.9354
0545 | 13:49:35 |  25.3s | 1.0e-04 | 0.0249 | 0.9357 | 0.9356 | 0.9571 | 0.0279 | 0.9208 | 0.9233 | 0.9382
0546 | 13:50:16 |  26.2s | 1.0e-04 | 0.0248 | 0.9355 | 0.9346 | 0.9563 | 0.0279 | 0.9178 | 0.9271 | 0.9387
0547 | 13:50:59 |  40.5s | 1.0e-04 | 0.0253 | 0.9350 | 0.9351 | 0.9563 | 0.0285 | 0.9256 | 0.9072 | 0.9305
0548 | 13:51:56 |  25.8s | 1.0e-04 | 0.0243 | 0.9342 | 0.9335 | 0.9552 | 0.0284 | 0.9194 | 0.9195 | 0.9344
0549 | 13:52:39 |  25.6s | 1.0e-04 | 0.0243 | 0.9351 | 0.9333 | 0.9563 | 0.0282 | 0.9222 | 0.9127 | 0.9318
0550 | 13:53:21 |  25.1s | 1.0e-04 | 0.0243 | 0.9354 | 0.9339 | 0.9574 | 0.0284 | 0.9165 | 0.9183 | 0.9300
0551 | 13:54:03 |  25.5s | 1.0e-04 | 0.0240 | 0.9355 | 0.9350 | 0.9567 | 0.0279 | 0.9169 | 0.9271 | 0.9384
0552 | 13:54:45 |  25.7s | 1.0e-04 | 0.0238 | 0.9369 | 0.9358 | 0.9591 | 0.0283 | 0.9192 | 0.9203 | 0.9351
0553 | 13:55:28 |  25.3s | 1.0e-04 | 0.0240 | 0.9364 | 0.9351 | 0.9585 | 0.0292 | 0.9126 | 0.9278 | 0.9350
0554 | 13:56:10 |  25.5s | 1.0e-04 | 0.0244 | 0.9344 | 0.9322 | 0.9548 | 0.0282 | 0.9141 | 0.9222 | 0.9312
0555 | 13:56:51 |  41.0s | 1.0e-04 | 0.0253 | 0.9311 | 0.9315 | 0.9513 | 0.0286 | 0.9314 | 0.9101 | 0.9389
0556 | 13:57:50 |  25.3s | 1.0e-04 | 0.0258 | 0.9311 | 0.9280 | 0.9498 | 0.0284 | 0.9261 | 0.9183 | 0.9389
0557 | 13:58:32 |  25.5s | 1.0e-04 | 0.0262 | 0.9302 | 0.9289 | 0.9486 | 0.0281 | 0.9177 | 0.9246 | 0.9366
0558 | 13:59:16 |  24.8s | 1.0e-04 | 0.0255 | 0.9311 | 0.9287 | 0.9505 | 0.0279 | 0.9253 | 0.9205 | 0.9403
0559 | 13:59:59 |  24.6s | 1.0e-04 | 0.0253 | 0.9304 | 0.9298 | 0.9499 | 0.0288 | 0.9260 | 0.9066 | 0.9310
0560 | 14:00:41 |  25.3s | 1.0e-04 | 0.0252 | 0.9321 | 0.9309 | 0.9511 | 0.0276 | 0.9236 | 0.9196 | 0.9361
0561 | 14:01:24 |  25.1s | 1.0e-04 | 0.0251 | 0.9320 | 0.9295 | 0.9518 | 0.0284 | 0.9147 | 0.9317 | 0.9409
0562 | 14:02:07 |  26.0s | 1.0e-04 | 0.0249 | 0.9311 | 0.9295 | 0.9502 | 0.0284 | 0.9156 | 0.9218 | 0.9345
0563 | 14:02:50 |  38.2s | 1.0e-04 | 0.0257 | 0.9336 | 0.9335 | 0.9548 | 0.0280 | 0.9166 | 0.9227 | 0.9343
0564 | 14:03:44 |  24.8s | 1.0e-04 | 0.0266 | 0.9320 | 0.9340 | 0.9533 | 0.0285 | 0.9186 | 0.9191 | 0.9352
0565 | 14:04:26 |  24.7s | 1.0e-04 | 0.0265 | 0.9335 | 0.9348 | 0.9551 | 0.0287 | 0.9221 | 0.9180 | 0.9342
0566 | 14:05:06 |  25.9s | 1.0e-04 | 0.0255 | 0.9367 | 0.9373 | 0.9583 | 0.0275 | 0.9244 | 0.9079 | 0.9306
0567 | 14:05:50 |  25.5s | 1.0e-04 | 0.0254 | 0.9356 | 0.9369 | 0.9582 | 0.0279 | 0.9167 | 0.9253 | 0.9366
0568 | 14:06:33 |  24.6s | 1.0e-04 | 0.0252 | 0.9377 | 0.9367 | 0.9594 | 0.0280 | 0.9167 | 0.9213 | 0.9350
0569 | 14:07:15 |  24.6s | 1.0e-04 | 0.0256 | 0.9359 | 0.9363 | 0.9576 | 0.0279 | 0.9156 | 0.9186 | 0.9304
0570 | 14:07:58 |  24.7s | 1.0e-04 | 0.0258 | 0.9350 | 0.9363 | 0.9567 | 0.0290 | 0.9221 | 0.9195 | 0.9371
0571 | 14:08:40 |  38.3s | 1.0e-04 | 0.0254 | 0.9341 | 0.9341 | 0.9555 | 0.0285 | 0.9043 | 0.9301 | 0.9315
0572 | 14:09:34 |  25.3s | 1.0e-04 | 0.0251 | 0.9341 | 0.9335 | 0.9553 | 0.0280 | 0.9168 | 0.9204 | 0.9323
0573 | 14:10:16 |  25.9s | 1.0e-04 | 0.0250 | 0.9347 | 0.9341 | 0.9557 | 0.0277 | 0.9202 | 0.9251 | 0.9406
0574 | 14:10:58 |  25.2s | 1.0e-04 | 0.0254 | 0.9338 | 0.9333 | 0.9549 | 0.0285 | 0.9364 | 0.9002 | 0.9364
0575 | 14:11:40 |  25.9s | 1.0e-04 | 0.0254 | 0.9349 | 0.9340 | 0.9550 | 0.0288 | 0.9117 | 0.9222 | 0.9290
0576 | 14:12:22 |  26.4s | 1.0e-04 | 0.0257 | 0.9337 | 0.9313 | 0.9535 | 0.0288 | 0.9075 | 0.9340 | 0.9382
0577 | 14:13:05 |  25.4s | 1.0e-04 | 0.0255 | 0.9329 | 0.9336 | 0.9542 | 0.0280 | 0.9188 | 0.9272 | 0.9395
0578 | 14:13:46 |  26.0s | 1.0e-04 | 0.0250 | 0.9349 | 0.9338 | 0.9565 | 0.0273 | 0.9238 | 0.9210 | 0.9378
0579 | 14:14:28 |  38.1s | 1.0e-04 | 0.0250 | 0.9359 | 0.9356 | 0.9571 | 0.0287 | 0.9093 | 0.9326 | 0.9366
0580 | 14:15:24 |  24.5s | 1.0e-04 | 0.0250 | 0.9362 | 0.9371 | 0.9587 | 0.0280 | 0.9153 | 0.9217 | 0.9316
0581 | 14:16:06 |  25.1s | 1.0e-04 | 0.0252 | 0.9351 | 0.9357 | 0.9573 | 0.0285 | 0.9195 | 0.9191 | 0.9352
0582 | 14:16:48 |  24.9s | 1.0e-04 | 0.0251 | 0.9350 | 0.9350 | 0.9561 | 0.0277 | 0.9190 | 0.9155 | 0.9313
0583 | 14:17:31 |  24.8s | 1.0e-04 | 0.0270 | 0.9320 | 0.9309 | 0.9514 | 0.0295 | 0.9075 | 0.9286 | 0.9321
0584 | 14:18:13 |  24.6s | 1.0e-04 | 0.0254 | 0.9347 | 0.9355 | 0.9567 | 0.0287 | 0.9155 | 0.9259 | 0.9377
0585 | 14:18:55 |  26.0s | 1.0e-04 | 0.0253 | 0.9348 | 0.9354 | 0.9575 | 0.0286 | 0.9191 | 0.9198 | 0.9363
0586 | 14:19:37 |  35.8s | 1.0e-04 | 0.0248 | 0.9368 | 0.9383 | 0.9600 | 0.0279 | 0.9199 | 0.9162 | 0.9320
0587 | 14:20:29 |  25.2s | 1.0e-04 | 0.0241 | 0.9371 | 0.9371 | 0.9602 | 0.0279 | 0.9320 | 0.9038 | 0.9343
0588 | 14:21:11 |  24.3s | 1.0e-04 | 0.0244 | 0.9364 | 0.9356 | 0.9582 | 0.0288 | 0.9125 | 0.9260 | 0.9337
0589 | 14:21:52 |  24.7s | 1.0e-04 | 0.0241 | 0.9379 | 0.9370 | 0.9598 | 0.0278 | 0.9148 | 0.9244 | 0.9351
0590 | 14:22:33 |  24.9s | 1.0e-04 | 0.0243 | 0.9366 | 0.9365 | 0.9587 | 0.0279 | 0.9084 | 0.9339 | 0.9367
0591 | 14:23:14 |  25.1s | 1.0e-04 | 0.0238 | 0.9378 | 0.9387 | 0.9608 | 0.0274 | 0.9154 | 0.9198 | 0.9332
0592 | 14:23:55 |  25.1s | 1.0e-04 | 0.0236 | 0.9377 | 0.9371 | 0.9599 | 0.0281 | 0.9122 | 0.9282 | 0.9364
0593 | 14:24:36 |  25.3s | 1.0e-04 | 0.0240 | 0.9370 | 0.9376 | 0.9596 | 0.0278 | 0.9086 | 0.9259 | 0.9311
0594 | 14:25:19 |  35.7s | 1.0e-04 | 0.0247 | 0.9361 | 0.9354 | 0.9578 | 0.0282 | 0.9243 | 0.9194 | 0.9377
0595 | 14:26:11 |  25.3s | 1.0e-04 | 0.0247 | 0.9373 | 0.9379 | 0.9599 | 0.0287 | 0.9168 | 0.9230 | 0.9339
0596 | 14:26:53 |  25.1s | 1.0e-04 | 0.0255 | 0.9358 | 0.9359 | 0.9582 | 0.0284 | 0.9211 | 0.9098 | 0.9295
0597 | 14:27:35 |  26.4s | 1.0e-04 | 0.0248 | 0.9374 | 0.9383 | 0.9597 | 0.0278 | 0.9269 | 0.9127 | 0.9372
0598 | 14:28:18 |  25.0s | 1.0e-04 | 0.0252 | 0.9366 | 0.9386 | 0.9591 | 0.0283 | 0.9285 | 0.9167 | 0.9403
0599 | 14:29:01 |  24.9s | 1.0e-04 | 0.0245 | 0.9376 | 0.9392 | 0.9604 | 0.0273 | 0.9275 | 0.9161 | 0.9404
0600 | 14:29:44 |  24.4s | 1.0e-04 | 0.0249 | 0.9375 | 0.9380 | 0.9596 | 0.0270 | 0.9194 | 0.9189 | 0.9347
0601 | 14:30:26 |  25.2s | 1.0e-04 | 0.0248 | 0.9371 | 0.9369 | 0.9594 | 0.0275 | 0.9194 | 0.9253 | 0.9391
0602 | 14:31:08 |  39.4s | 1.0e-04 | 0.0251 | 0.9355 | 0.9360 | 0.9563 | 0.0274 | 0.9281 | 0.9187 | 0.9394
0603 | 14:32:05 |  24.2s | 1.0e-04 | 0.0255 | 0.9329 | 0.9329 | 0.9540 | 0.0273 | 0.9180 | 0.9273 | 0.9397
0604 | 14:32:45 |  24.6s | 1.0e-04 | 0.0251 | 0.9339 | 0.9333 | 0.9550 | 0.0271 | 0.9299 | 0.9165 | 0.9404
0605 | 14:33:28 |  25.1s | 1.0e-04 | 0.0253 | 0.9346 | 0.9346 | 0.9564 | 0.0267 | 0.9137 | 0.9245 | 0.9337
0606 | 14:34:10 |  25.2s | 1.0e-04 | 0.0256 | 0.9337 | 0.9333 | 0.9548 | 0.0271 | 0.9261 | 0.9176 | 0.9397
0607 | 14:34:52 |  24.1s | 1.0e-04 | 0.0253 | 0.9342 | 0.9331 | 0.9548 | 0.0282 | 0.9119 | 0.9342 | 0.9404
0608 | 14:35:32 |  25.1s | 1.0e-04 | 0.0251 | 0.9340 | 0.9338 | 0.9554 | 0.0283 | 0.9164 | 0.9258 | 0.9384
0609 | 14:36:14 |  24.7s | 1.0e-04 | 0.0257 | 0.9332 | 0.9332 | 0.9547 | 0.0272 | 0.9227 | 0.9295 | 0.9445
0610 | 14:36:54 |  37.8s | 1.0e-04 | 0.0250 | 0.9359 | 0.9353 | 0.9570 | 0.0268 | 0.9226 | 0.9214 | 0.9399
0611 | 14:37:49 |  25.3s | 1.0e-04 | 0.0253 | 0.9354 | 0.9349 | 0.9575 | 0.0274 | 0.9228 | 0.9211 | 0.9386
0612 | 14:38:31 |  24.6s | 1.0e-04 | 0.0257 | 0.9341 | 0.9328 | 0.9557 | 0.0279 | 0.9086 | 0.9377 | 0.9411
0613 | 14:39:13 |  25.5s | 1.0e-04 | 0.0250 | 0.9348 | 0.9359 | 0.9565 | 0.0267 | 0.9242 | 0.9231 | 0.9433
0614 | 14:39:55 |  24.6s | 1.0e-04 | 0.0252 | 0.9351 | 0.9335 | 0.9562 | 0.0267 | 0.9278 | 0.9180 | 0.9406
0615 | 14:40:37 |  24.5s | 1.0e-04 | 0.0255 | 0.9351 | 0.9348 | 0.9570 | 0.0272 | 0.9161 | 0.9275 | 0.9378
0616 | 14:41:21 |  24.4s | 1.0e-04 | 0.0255 | 0.9346 | 0.9334 | 0.9561 | 0.0264 | 0.9236 | 0.9231 | 0.9413
0617 | 14:42:02 |  24.3s | 1.0e-04 | 0.0252 | 0.9351 | 0.9346 | 0.9569 | 0.0271 | 0.9163 | 0.9322 | 0.9399
0618 | 14:42:44 |  40.6s | 1.0e-04 | 0.0253 | 0.9372 | 0.9371 | 0.9601 | 0.0272 | 0.9254 | 0.9136 | 0.9360
0619 | 14:43:42 |  23.8s | 1.0e-04 | 0.0258 | 0.9363 | 0.9370 | 0.9583 | 0.0277 | 0.9256 | 0.9142 | 0.9353
0620 | 14:44:23 |  25.5s | 1.0e-04 | 0.0260 | 0.9360 | 0.9361 | 0.9582 | 0.0272 | 0.9298 | 0.9158 | 0.9408
0621 | 14:45:05 |  25.0s | 1.0e-04 | 0.0259 | 0.9363 | 0.9381 | 0.9588 | 0.0268 | 0.9272 | 0.9162 | 0.9388
0622 | 14:45:47 |  25.3s | 1.0e-04 | 0.0260 | 0.9363 | 0.9366 | 0.9583 | 0.0278 | 0.9270 | 0.9131 | 0.9370
0623 | 14:46:29 |  25.0s | 1.0e-04 | 0.0256 | 0.9366 | 0.9384 | 0.9589 | 0.0267 | 0.9274 | 0.9219 | 0.9419
0624 | 14:47:10 |  24.5s | 1.0e-04 | 0.0258 | 0.9373 | 0.9376 | 0.9603 | 0.0278 | 0.9244 | 0.9197 | 0.9398
0625 | 14:47:51 |  24.8s | 1.0e-04 | 0.0259 | 0.9353 | 0.9369 | 0.9577 | 0.0283 | 0.9163 | 0.9272 | 0.9376
0626 | 14:48:36 |  25.5s | 1.0e-04 | 0.0246 | 0.9362 | 0.9372 | 0.9590 | 0.0279 | 0.9221 | 0.9282 | 0.9422
0627 | 14:49:19 |  25.7s | 1.0e-04 | 0.0248 | 0.9351 | 0.9359 | 0.9580 | 0.0275 | 0.9326 | 0.9031 | 0.9346
0628 | 14:50:01 |  25.6s | 1.0e-04 | 0.0247 | 0.9375 | 0.9368 | 0.9601 | 0.0274 | 0.9238 | 0.9247 | 0.9420
0629 | 14:50:44 |  25.8s | 1.0e-04 | 0.0246 | 0.9367 | 0.9382 | 0.9589 | 0.0276 | 0.9268 | 0.9135 | 0.9364
0630 | 14:51:28 |  25.2s | 1.0e-04 | 0.0247 | 0.9363 | 0.9379 | 0.9592 | 0.0273 | 0.9159 | 0.9303 | 0.9422
0631 | 14:52:12 |  24.8s | 1.0e-04 | 0.0249 | 0.9362 | 0.9353 | 0.9576 | 0.0271 | 0.9306 | 0.9188 | 0.9418
0632 | 14:52:55 |  24.7s | 1.0e-04 | 0.0252 | 0.9349 | 0.9350 | 0.9565 | 0.0274 | 0.9298 | 0.9143 | 0.9395
0633 | 14:53:38 |  37.2s | 1.0e-04 | 0.0247 | 0.9367 | 0.9371 | 0.9592 | 0.0270 | 0.9266 | 0.9214 | 0.9400
0634 | 14:54:33 |  24.7s | 1.0e-04 | 0.0256 | 0.9368 | 0.9372 | 0.9589 | 0.0271 | 0.9147 | 0.9246 | 0.9349
0635 | 14:55:15 |  25.3s | 1.0e-04 | 0.0254 | 0.9374 | 0.9368 | 0.9597 | 0.0272 | 0.9233 | 0.9277 | 0.9447
0636 | 14:55:57 |  25.5s | 1.0e-04 | 0.0246 | 0.9383 | 0.9395 | 0.9612 | 0.0277 | 0.9144 | 0.9329 | 0.9423
0637 | 14:56:39 |  25.2s | 1.0e-04 | 0.0251 | 0.9380 | 0.9402 | 0.9618 | 0.0277 | 0.9240 | 0.9155 | 0.9350
0638 | 14:57:21 |  25.6s | 1.0e-04 | 0.0250 | 0.9390 | 0.9387 | 0.9622 | 0.0274 | 0.9205 | 0.9187 | 0.9342
0639 | 14:58:03 |  24.7s | 1.0e-04 | 0.0248 | 0.9386 | 0.9384 | 0.9615 | 0.0277 | 0.9269 | 0.9144 | 0.9368
0640 | 14:58:45 |  24.3s | 1.0e-04 | 0.0252 | 0.9373 | 0.9377 | 0.9602 | 0.0277 | 0.9093 | 0.9252 | 0.9325
0641 | 14:59:28 |  39.6s | 1.0e-04 | 0.0247 | 0.9384 | 0.9394 | 0.9610 | 0.0273 | 0.9139 | 0.9322 | 0.9395
0642 | 15:00:24 |  25.4s | 1.0e-04 | 0.0246 | 0.9362 | 0.9362 | 0.9581 | 0.0266 | 0.9279 | 0.9216 | 0.9426
0643 | 15:01:08 |  24.8s | 1.0e-04 | 0.0247 | 0.9363 | 0.9368 | 0.9581 | 0.0269 | 0.9206 | 0.9316 | 0.9437
0644 | 15:01:52 |  25.5s | 1.0e-04 | 0.0246 | 0.9365 | 0.9367 | 0.9585 | 0.0279 | 0.9251 | 0.9181 | 0.9385
0645 | 15:02:34 |  25.6s | 1.0e-04 | 0.0245 | 0.9362 | 0.9363 | 0.9589 | 0.0270 | 0.9346 | 0.9124 | 0.9433
0646 | 15:03:17 |  25.4s | 1.0e-04 | 0.0249 | 0.9372 | 0.9370 | 0.9587 | 0.0271 | 0.9135 | 0.9313 | 0.9421
0647 | 15:03:59 |  25.5s | 1.0e-04 | 0.0245 | 0.9368 | 0.9359 | 0.9587 | 0.0272 | 0.9134 | 0.9243 | 0.9325
0648 | 15:04:43 |  24.8s | 1.0e-04 | 0.0250 | 0.9360 | 0.9356 | 0.9575 | 0.0266 | 0.9113 | 0.9315 | 0.9385
0649 | 15:05:26 |  39.4s | 1.0e-04 | 0.0246 | 0.9372 | 0.9370 | 0.9597 | 0.0276 | 0.9145 | 0.9322 | 0.9416
0650 | 15:06:23 |  26.0s | 1.0e-04 | 0.0242 | 0.9370 | 0.9372 | 0.9596 | 0.0274 | 0.9206 | 0.9206 | 0.9355
0651 | 15:07:06 |  25.0s | 1.0e-04 | 0.0241 | 0.9370 | 0.9373 | 0.9602 | 0.0268 | 0.9236 | 0.9221 | 0.9404
0652 | 15:07:49 |  25.0s | 1.0e-04 | 0.0244 | 0.9368 | 0.9365 | 0.9579 | 0.0269 | 0.9306 | 0.9104 | 0.9369
0653 | 15:08:32 |  24.7s | 1.0e-04 | 0.0244 | 0.9365 | 0.9357 | 0.9584 | 0.0272 | 0.9211 | 0.9340 | 0.9455
0654 | 15:09:16 |  24.8s | 1.0e-04 | 0.0246 | 0.9347 | 0.9352 | 0.9566 | 0.0275 | 0.9214 | 0.9195 | 0.9368
0655 | 15:09:58 |  25.2s | 1.0e-04 | 0.0247 | 0.9352 | 0.9356 | 0.9573 | 0.0274 | 0.9109 | 0.9345 | 0.9385
0656 | 15:10:42 |  25.0s | 1.0e-04 | 0.0251 | 0.9358 | 0.9366 | 0.9579 | 0.0271 | 0.9243 | 0.9214 | 0.9404
0657 | 15:11:26 |  38.4s | 1.0e-04 | 0.0253 | 0.9352 | 0.9348 | 0.9555 | 0.0266 | 0.9325 | 0.9180 | 0.9426
0658 | 15:12:21 |  24.6s | 1.0e-04 | 0.0262 | 0.9329 | 0.9313 | 0.9528 | 0.0269 | 0.9295 | 0.9174 | 0.9415
0659 | 15:13:02 |  24.2s | 1.0e-04 | 0.0256 | 0.9339 | 0.9335 | 0.9553 | 0.0272 | 0.9213 | 0.9275 | 0.9420
0660 | 15:13:44 |  25.6s | 1.0e-04 | 0.0260 | 0.9340 | 0.9324 | 0.9537 | 0.0271 | 0.9202 | 0.9291 | 0.9414
0661 | 15:14:28 |  25.0s | 1.0e-04 | 0.0258 | 0.9334 | 0.9326 | 0.9541 | 0.0273 | 0.9308 | 0.9176 | 0.9428
0662 | 15:15:10 |  25.9s | 1.0e-04 | 0.0256 | 0.9344 | 0.9353 | 0.9560 | 0.0263 | 0.9171 | 0.9287 | 0.9402
0663 | 15:15:54 |  24.6s | 1.0e-04 | 0.0255 | 0.9335 | 0.9332 | 0.9545 | 0.0272 | 0.9145 | 0.9340 | 0.9411
0664 | 15:16:36 |  24.1s | 1.0e-04 | 0.0256 | 0.9324 | 0.9308 | 0.9530 | 0.0271 | 0.9226 | 0.9203 | 0.9390
0665 | 15:17:19 |  37.3s | 1.0e-04 | 0.0250 | 0.9369 | 0.9363 | 0.9588 | 0.0272 | 0.9302 | 0.9168 | 0.9416
0666 | 15:18:13 |  26.3s | 1.0e-04 | 0.0245 | 0.9374 | 0.9383 | 0.9600 | 0.0277 | 0.9318 | 0.9081 | 0.9375
0667 | 15:18:55 |  26.5s | 1.0e-04 | 0.0247 | 0.9377 | 0.9378 | 0.9599 | 0.0269 | 0.9256 | 0.9256 | 0.9449
0668 | 15:19:39 |  26.1s | 1.0e-04 | 0.0243 | 0.9366 | 0.9376 | 0.9593 | 0.0276 | 0.9222 | 0.9254 | 0.9420
0669 | 15:20:23 |  26.7s | 1.0e-04 | 0.0244 | 0.9369 | 0.9377 | 0.9591 | 0.0277 | 0.9233 | 0.9216 | 0.9398
0670 | 15:21:06 |  24.9s | 1.0e-04 | 0.0246 | 0.9364 | 0.9363 | 0.9584 | 0.0279 | 0.9125 | 0.9358 | 0.9414
0671 | 15:21:47 |  25.6s | 1.0e-04 | 0.0246 | 0.9374 | 0.9389 | 0.9593 | 0.0274 | 0.9252 | 0.9136 | 0.9348
0672 | 15:22:29 |  40.0s | 1.0e-04 | 0.0246 | 0.9364 | 0.9373 | 0.9581 | 0.0279 | 0.9114 | 0.9353 | 0.9421
0673 | 15:23:27 |  25.5s | 1.0e-04 | 0.0250 | 0.9362 | 0.9379 | 0.9593 | 0.0271 | 0.9216 | 0.9226 | 0.9395
0674 | 15:24:10 |  25.3s | 1.0e-04 | 0.0250 | 0.9367 | 0.9367 | 0.9592 | 0.0268 | 0.9238 | 0.9208 | 0.9392
0675 | 15:24:52 |  26.1s | 1.0e-04 | 0.0250 | 0.9372 | 0.9390 | 0.9598 | 0.0276 | 0.9223 | 0.9288 | 0.9427
0676 | 15:25:36 |  25.1s | 1.0e-04 | 0.0255 | 0.9366 | 0.9362 | 0.9588 | 0.0274 | 0.9176 | 0.9233 | 0.9352
0677 | 15:26:19 |  24.6s | 1.0e-04 | 0.0249 | 0.9364 | 0.9365 | 0.9586 | 0.0267 | 0.9174 | 0.9297 | 0.9403
0678 | 15:27:01 |  25.3s | 1.0e-04 | 0.0254 | 0.9367 | 0.9372 | 0.9588 | 0.0276 | 0.9098 | 0.9319 | 0.9377
0679 | 15:27:43 |  25.6s | 1.0e-04 | 0.0253 | 0.9359 | 0.9363 | 0.9580 | 0.0271 | 0.9162 | 0.9281 | 0.9402
0680 | 15:28:25 |  37.3s | 1.0e-04 | 0.0247 | 0.9368 | 0.9367 | 0.9589 | 0.0266 | 0.9134 | 0.9335 | 0.9414
0681 | 15:29:19 |  25.4s | 1.0e-04 | 0.0243 | 0.9367 | 0.9363 | 0.9592 | 0.0272 | 0.9251 | 0.9200 | 0.9386
0682 | 15:30:01 |  25.0s | 1.0e-04 | 0.0245 | 0.9370 | 0.9374 | 0.9598 | 0.0272 | 0.9225 | 0.9207 | 0.9374
0683 | 15:30:45 |  25.8s | 1.0e-04 | 0.0238 | 0.9377 | 0.9361 | 0.9599 | 0.0267 | 0.9244 | 0.9222 | 0.9397
0684 | 15:31:28 |  24.2s | 1.0e-04 | 0.0242 | 0.9363 | 0.9365 | 0.9588 | 0.0273 | 0.9272 | 0.9231 | 0.9439
0685 | 15:32:10 |  24.4s | 1.0e-04 | 0.0247 | 0.9354 | 0.9352 | 0.9572 | 0.0265 | 0.9240 | 0.9178 | 0.9357
0686 | 15:32:53 |  25.0s | 1.0e-04 | 0.0242 | 0.9365 | 0.9364 | 0.9588 | 0.0273 | 0.9157 | 0.9324 | 0.9405
0687 | 15:33:35 |  26.0s | 1.0e-04 | 0.0246 | 0.9356 | 0.9344 | 0.9575 | 0.0257 | 0.9367 | 0.9144 | 0.9460
0688 | 15:34:17 |  38.3s | 1.0e-04 | 0.0247 | 0.9355 | 0.9349 | 0.9577 | 0.0270 | 0.9227 | 0.9319 | 0.9465
0689 | 15:35:12 |  26.5s | 1.0e-04 | 0.0247 | 0.9357 | 0.9347 | 0.9575 | 0.0264 | 0.9206 | 0.9346 | 0.9455
0690 | 15:35:55 |  24.5s | 1.0e-04 | 0.0245 | 0.9356 | 0.9374 | 0.9586 | 0.0271 | 0.9273 | 0.9175 | 0.9383
0691 | 15:36:37 |  25.1s | 1.0e-04 | 0.0244 | 0.9371 | 0.9366 | 0.9591 | 0.0270 | 0.9145 | 0.9323 | 0.9399
0692 | 15:37:19 |  25.8s | 1.0e-04 | 0.0245 | 0.9363 | 0.9359 | 0.9579 | 0.0274 | 0.9128 | 0.9306 | 0.9386
0693 | 15:38:02 |  24.9s | 1.0e-04 | 0.0246 | 0.9352 | 0.9352 | 0.9570 | 0.0264 | 0.9316 | 0.9169 | 0.9434
0694 | 15:38:44 |  24.8s | 1.0e-04 | 0.0246 | 0.9365 | 0.9368 | 0.9584 | 0.0272 | 0.9145 | 0.9393 | 0.9450
0695 | 15:39:27 |  24.7s | 1.0e-04 | 0.0243 | 0.9368 | 0.9362 | 0.9586 | 0.0272 | 0.9196 | 0.9309 | 0.9443
0696 | 15:40:09 |  37.5s | 1.0e-04 | 0.0248 | 0.9374 | 0.9380 | 0.9605 | 0.0273 | 0.9342 | 0.9075 | 0.9389
0697 | 15:41:03 |  25.1s | 1.0e-04 | 0.0251 | 0.9385 | 0.9402 | 0.9611 | 0.0255 | 0.9257 | 0.9237 | 0.9426
0698 | 15:41:46 |  24.7s | 1.0e-04 | 0.0246 | 0.9387 | 0.9395 | 0.9615 | 0.0268 | 0.9195 | 0.9195 | 0.9348
0699 | 15:42:27 |  26.0s | 1.0e-04 | 0.0251 | 0.9376 | 0.9389 | 0.9605 | 0.0270 | 0.9209 | 0.9218 | 0.9379
0700 | 15:43:10 |  26.1s | 1.0e-04 | 0.0247 | 0.9385 | 0.9381 | 0.9615 | 0.0279 | 0.9292 | 0.9137 | 0.9387
0701 | 15:43:53 |  25.2s | 1.0e-04 | 0.0247 | 0.9377 | 0.9386 | 0.9606 | 0.0275 | 0.9225 | 0.9270 | 0.9421
0702 | 15:44:34 |  25.0s | 1.0e-04 | 0.0259 | 0.9378 | 0.9386 | 0.9606 | 0.0273 | 0.9196 | 0.9262 | 0.9394
0703 | 15:45:15 |  25.2s | 1.0e-04 | 0.0250 | 0.9376 | 0.9385 | 0.9602 | 0.0271 | 0.9203 | 0.9264 | 0.9395
0704 | 15:45:56 |  40.2s | 1.0e-04 | 0.0245 | 0.9375 | 0.9393 | 0.9611 | 0.0278 | 0.9143 | 0.9223 | 0.9325
0705 | 15:46:53 |  26.1s | 1.0e-04 | 0.0243 | 0.9390 | 0.9401 | 0.9619 | 0.0283 | 0.9060 | 0.9356 | 0.9359
0706 | 15:47:35 |  24.7s | 1.0e-04 | 0.0242 | 0.9386 | 0.9399 | 0.9623 | 0.0298 | 0.8926 | 0.9423 | 0.9338
0707 | 15:48:18 |  24.6s | 1.0e-04 | 0.0243 | 0.9385 | 0.9399 | 0.9621 | 0.0275 | 0.9258 | 0.9202 | 0.9410
0708 | 15:48:59 |  24.3s | 1.0e-04 | 0.0238 | 0.9386 | 0.9410 | 0.9622 | 0.0270 | 0.9319 | 0.9151 | 0.9407
0709 | 15:49:42 |  24.0s | 1.0e-04 | 0.0238 | 0.9395 | 0.9414 | 0.9635 | 0.0271 | 0.9221 | 0.9197 | 0.9379
0710 | 15:50:23 |  23.9s | 1.0e-04 | 0.0241 | 0.9393 | 0.9403 | 0.9617 | 0.0269 | 0.9261 | 0.9243 | 0.9430
0711 | 15:51:05 |  40.3s | 1.0e-04 | 0.0241 | 0.9389 | 0.9415 | 0.9633 | 0.0290 | 0.9084 | 0.9386 | 0.9376
0712 | 15:52:01 |  25.5s | 1.0e-04 | 0.0241 | 0.9388 | 0.9407 | 0.9626 | 0.0267 | 0.9282 | 0.9245 | 0.9456
0713 | 15:52:43 |  24.4s | 1.0e-04 | 0.0242 | 0.9386 | 0.9397 | 0.9623 | 0.0268 | 0.9136 | 0.9278 | 0.9350
0714 | 15:53:25 |  25.4s | 1.0e-04 | 0.0241 | 0.9384 | 0.9393 | 0.9613 | 0.0278 | 0.9299 | 0.9140 | 0.9389
0715 | 15:54:07 |  25.7s | 1.0e-04 | 0.0240 | 0.9393 | 0.9405 | 0.9622 | 0.0268 | 0.9224 | 0.9259 | 0.9412
0716 | 15:54:50 |  25.5s | 1.0e-04 | 0.0239 | 0.9390 | 0.9409 | 0.9625 | 0.0273 | 0.9322 | 0.9076 | 0.9370
0717 | 15:55:32 |  24.7s | 1.0e-04 | 0.0238 | 0.9396 | 0.9411 | 0.9633 | 0.0273 | 0.9048 | 0.9418 | 0.9429
0718 | 15:56:12 |  24.3s | 1.0e-04 | 0.0241 | 0.9385 | 0.9409 | 0.9618 | 0.0261 | 0.9338 | 0.9152 | 0.9439
0719 | 15:56:54 |  45.8s | 1.0e-04 | 0.0236 | 0.9392 | 0.9394 | 0.9623 | 0.0262 | 0.9186 | 0.9321 | 0.9437
0720 | 15:57:57 |  25.4s | 1.0e-04 | 0.0232 | 0.9377 | 0.9380 | 0.9609 | 0.0264 | 0.9254 | 0.9226 | 0.9399
0721 | 15:58:40 |  25.0s | 1.0e-04 | 0.0230 | 0.9378 | 0.9373 | 0.9595 | 0.0283 | 0.8983 | 0.9389 | 0.9353
0722 | 15:59:23 |  25.1s | 1.0e-04 | 0.0232 | 0.9376 | 0.9365 | 0.9598 | 0.0271 | 0.9119 | 0.9338 | 0.9390
0723 | 16:00:06 |  24.8s | 1.0e-04 | 0.0233 | 0.9378 | 0.9383 | 0.9606 | 0.0268 | 0.9225 | 0.9220 | 0.9380
0724 | 16:00:48 |  26.0s | 1.0e-04 | 0.0233 | 0.9376 | 0.9367 | 0.9599 | 0.0274 | 0.9187 | 0.9253 | 0.9362
0725 | 16:01:30 |  26.1s | 1.0e-04 | 0.0231 | 0.9377 | 0.9368 | 0.9606 | 0.0275 | 0.9282 | 0.9196 | 0.9419
0726 | 16:02:13 |  24.7s | 1.0e-04 | 0.0229 | 0.9382 | 0.9379 | 0.9614 | 0.0274 | 0.9063 | 0.9365 | 0.9381
0727 | 16:02:56 |  39.1s | 1.0e-04 | 0.0233 | 0.9382 | 0.9391 | 0.9625 | 0.0274 | 0.9166 | 0.9329 | 0.9438
0728 | 16:03:52 |  26.5s | 1.0e-04 | 0.0237 | 0.9389 | 0.9392 | 0.9621 | 0.0273 | 0.9218 | 0.9271 | 0.9421
0729 | 16:04:35 |  24.8s | 1.0e-04 | 0.0237 | 0.9394 | 0.9399 | 0.9628 | 0.0270 | 0.9172 | 0.9324 | 0.9437
0730 | 16:05:16 |  25.5s | 1.0e-04 | 0.0238 | 0.9387 | 0.9390 | 0.9623 | 0.0268 | 0.9128 | 0.9302 | 0.9390
0731 | 16:05:58 |  25.1s | 1.0e-04 | 0.0242 | 0.9378 | 0.9386 | 0.9613 | 0.0276 | 0.9246 | 0.9247 | 0.9450
0732 | 16:06:42 |  24.9s | 1.0e-04 | 0.0240 | 0.9380 | 0.9397 | 0.9623 | 0.0271 | 0.9254 | 0.9286 | 0.9456
0733 | 16:07:25 |  34.6s | 1.0e-04 | 0.0240 | 0.9390 | 0.9386 | 0.9615 | 0.0265 | 0.9241 | 0.9238 | 0.9416
0734 | 16:08:16 |  24.8s | 1.0e-04 | 0.0242 | 0.9382 | 0.9397 | 0.9612 | 0.0274 | 0.9118 | 0.9295 | 0.9357
0735 | 16:09:00 |  34.8s | 1.0e-04 | 0.0241 | 0.9385 | 0.9399 | 0.9617 | 0.0270 | 0.9213 | 0.9243 | 0.9392
0736 | 16:09:51 |  25.9s | 1.0e-04 | 0.0237 | 0.9392 | 0.9404 | 0.9626 | 0.0272 | 0.9148 | 0.9274 | 0.9347
0737 | 16:10:33 |  25.2s | 1.0e-04 | 0.0236 | 0.9387 | 0.9399 | 0.9617 | 0.0272 | 0.9339 | 0.9110 | 0.9412
0738 | 16:11:15 |  24.7s | 1.0e-04 | 0.0235 | 0.9400 | 0.9394 | 0.9629 | 0.0276 | 0.9181 | 0.9301 | 0.9403
0739 | 16:11:56 |  24.4s | 1.0e-04 | 0.0236 | 0.9386 | 0.9400 | 0.9620 | 0.0264 | 0.9286 | 0.9177 | 0.9417
0740 | 16:12:37 |  25.7s | 1.0e-04 | 0.0238 | 0.9385 | 0.9389 | 0.9617 | 0.0270 | 0.9331 | 0.9187 | 0.9445
0741 | 16:13:19 |  33.9s | 1.0e-04 | 0.0233 | 0.9395 | 0.9411 | 0.9625 | 0.0262 | 0.9200 | 0.9308 | 0.9435
0742 | 16:14:09 |  25.6s | 1.0e-04 | 0.0229 | 0.9396 | 0.9405 | 0.9637 | 0.0269 | 0.9137 | 0.9340 | 0.9416
0743 | 16:14:51 |  36.9s | 1.0e-04 | 0.0227 | 0.9409 | 0.9429 | 0.9650 | 0.0272 | 0.9307 | 0.9165 | 0.9429
0744 | 16:15:46 |  25.2s | 1.0e-04 | 0.0226 | 0.9403 | 0.9418 | 0.9646 | 0.0271 | 0.9113 | 0.9351 | 0.9412
0745 | 16:16:28 |  25.2s | 1.0e-04 | 0.0225 | 0.9414 | 0.9434 | 0.9654 | 0.0277 | 0.9287 | 0.9187 | 0.9406
0746 | 16:17:11 |  25.3s | 1.0e-04 | 0.0231 | 0.9397 | 0.9422 | 0.9633 | 0.0269 | 0.9232 | 0.9252 | 0.9416
0747 | 16:17:54 |  25.1s | 1.0e-04 | 0.0231 | 0.9410 | 0.9417 | 0.9641 | 0.0275 | 0.9268 | 0.9236 | 0.9416
0748 | 16:18:36 |  25.5s | 1.0e-04 | 0.0229 | 0.9397 | 0.9412 | 0.9641 | 0.0279 | 0.9291 | 0.9154 | 0.9398
0749 | 16:19:21 |  33.5s | 1.0e-04 | 0.0223 | 0.9411 | 0.9430 | 0.9652 | 0.0275 | 0.9272 | 0.9214 | 0.9408
0750 | 16:20:10 |  25.8s | 1.0e-04 | 0.0226 | 0.9409 | 0.9423 | 0.9644 | 0.0273 | 0.9305 | 0.9138 | 0.9396
0751 | 16:20:54 |  25.5s | 1.0e-04 | 0.0227 | 0.9371 | 0.9367 | 0.9593 | 0.0263 | 0.9175 | 0.9379 | 0.9453
0752 | 16:21:37 |  26.8s | 1.0e-04 | 0.0230 | 0.9373 | 0.9365 | 0.9600 | 0.0272 | 0.9274 | 0.9133 | 0.9376
0753 | 16:22:20 |  26.8s | 1.0e-04 | 0.0232 | 0.9366 | 0.9376 | 0.9588 | 0.0267 | 0.9166 | 0.9316 | 0.9408
0754 | 16:23:04 |  26.8s | 1.0e-04 | 0.0236 | 0.9356 | 0.9362 | 0.9581 | 0.0270 | 0.9190 | 0.9259 | 0.9405
0755 | 16:23:50 |  25.3s | 1.0e-04 | 0.0232 | 0.9360 | 0.9352 | 0.9580 | 0.0265 | 0.9118 | 0.9360 | 0.9417
0756 | 16:24:31 |  26.1s | 1.0e-04 | 0.0236 | 0.9348 | 0.9347 | 0.9578 | 0.0278 | 0.9183 | 0.9294 | 0.9406
0757 | 16:25:13 |  35.8s | 1.0e-04 | 0.0231 | 0.9362 | 0.9370 | 0.9588 | 0.0277 | 0.9279 | 0.9197 | 0.9408
0758 | 16:26:06 |  39.8s | 1.0e-04 | 0.0231 | 0.9383 | 0.9387 | 0.9611 | 0.0265 | 0.9225 | 0.9266 | 0.9430
0759 | 16:27:03 |  26.4s | 1.0e-04 | 0.0240 | 0.9395 | 0.9406 | 0.9637 | 0.0276 | 0.9352 | 0.9112 | 0.9416
0760 | 16:27:46 |  25.8s | 1.0e-04 | 0.0244 | 0.9391 | 0.9387 | 0.9613 | 0.0265 | 0.9308 | 0.9135 | 0.9402
0761 | 16:28:29 |  26.5s | 1.0e-04 | 0.0247 | 0.9395 | 0.9406 | 0.9629 | 0.0273 | 0.9200 | 0.9248 | 0.9405
0762 | 16:29:12 |  27.3s | 1.0e-04 | 0.0242 | 0.9386 | 0.9407 | 0.9624 | 0.0261 | 0.9235 | 0.9293 | 0.9451
0763 | 16:29:56 |  26.0s | 1.0e-04 | 0.0242 | 0.9394 | 0.9417 | 0.9634 | 0.0264 | 0.9220 | 0.9267 | 0.9425
0764 | 16:30:38 |  26.0s | 1.0e-04 | 0.0247 | 0.9381 | 0.9402 | 0.9611 | 0.0259 | 0.9284 | 0.9248 | 0.9457
0765 | 16:31:21 |  33.8s | 1.0e-04 | 0.0242 | 0.9387 | 0.9418 | 0.9630 | 0.0270 | 0.9249 | 0.9271 | 0.9438
0766 | 16:32:12 |  37.5s | 1.0e-04 | 0.0237 | 0.9384 | 0.9401 | 0.9621 | 0.0278 | 0.9084 | 0.9392 | 0.9405
0767 | 16:33:07 |  25.3s | 1.0e-04 | 0.0223 | 0.9409 | 0.9422 | 0.9649 | 0.0259 | 0.9283 | 0.9256 | 0.9452
0768 | 16:33:49 |  24.7s | 1.0e-04 | 0.0228 | 0.9397 | 0.9415 | 0.9643 | 0.0264 | 0.9350 | 0.9191 | 0.9472
0769 | 16:34:31 |  24.8s | 1.0e-04 | 0.0227 | 0.9403 | 0.9422 | 0.9646 | 0.0265 | 0.9226 | 0.9293 | 0.9451
0770 | 16:35:12 |  25.4s | 1.0e-04 | 0.0225 | 0.9409 | 0.9417 | 0.9649 | 0.0270 | 0.9274 | 0.9233 | 0.9426
0771 | 16:35:54 |  25.9s | 1.0e-04 | 0.0226 | 0.9401 | 0.9412 | 0.9636 | 0.0272 | 0.9302 | 0.9168 | 0.9423
0772 | 16:36:36 |  34.8s | 1.0e-04 | 0.0226 | 0.9403 | 0.9417 | 0.9645 | 0.0274 | 0.9193 | 0.9344 | 0.9456
0773 | 16:37:29 |  24.5s | 1.0e-04 | 0.0231 | 0.9398 | 0.9394 | 0.9630 | 0.0263 | 0.9314 | 0.9211 | 0.9443
0774 | 16:38:11 |  37.0s | 1.0e-04 | 0.0234 | 0.9386 | 0.9386 | 0.9614 | 0.0260 | 0.9276 | 0.9265 | 0.9473
0775 | 16:39:05 |  26.0s | 1.0e-04 | 0.0240 | 0.9377 | 0.9380 | 0.9605 | 0.0267 | 0.9138 | 0.9283 | 0.9387
0776 | 16:39:48 |  25.9s | 1.0e-04 | 0.0238 | 0.9381 | 0.9381 | 0.9604 | 0.0277 | 0.9171 | 0.9279 | 0.9369
0777 | 16:40:30 |  24.5s | 1.0e-04 | 0.0234 | 0.9389 | 0.9398 | 0.9619 | 0.0275 | 0.9074 | 0.9398 | 0.9415
0778 | 16:41:10 |  26.3s | 1.0e-04 | 0.0234 | 0.9379 | 0.9378 | 0.9611 | 0.0262 | 0.9258 | 0.9255 | 0.9453
0779 | 16:41:53 |  25.3s | 1.0e-04 | 0.0232 | 0.9388 | 0.9398 | 0.9625 | 0.0271 | 0.9334 | 0.9116 | 0.9413
0780 | 16:42:35 |  33.7s | 1.0e-04 | 0.0234 | 0.9382 | 0.9388 | 0.9604 | 0.0257 | 0.9320 | 0.9164 | 0.9418
0781 | 16:43:27 |  24.5s | 1.0e-04 | 0.0231 | 0.9396 | 0.9393 | 0.9618 | 0.0266 | 0.9254 | 0.9248 | 0.9434
0782 | 16:44:08 |  40.4s | 1.0e-04 | 0.0237 | 0.9367 | 0.9379 | 0.9600 | 0.0262 | 0.9363 | 0.9142 | 0.9453
0783 | 16:45:06 |  25.2s | 1.0e-04 | 0.0238 | 0.9374 | 0.9372 | 0.9595 | 0.0276 | 0.9140 | 0.9323 | 0.9422
0784 | 16:45:49 |  26.0s | 1.0e-04 | 0.0236 | 0.9383 | 0.9373 | 0.9609 | 0.0267 | 0.9227 | 0.9299 | 0.9438
0785 | 16:46:32 |  26.1s | 1.0e-04 | 0.0237 | 0.9379 | 0.9379 | 0.9601 | 0.0270 | 0.9179 | 0.9290 | 0.9405
0786 | 16:47:14 |  26.7s | 1.0e-04 | 0.0238 | 0.9376 | 0.9384 | 0.9612 | 0.0256 | 0.9326 | 0.9145 | 0.9431
0787 | 16:47:56 |  25.2s | 1.0e-04 | 0.0238 | 0.9380 | 0.9387 | 0.9616 | 0.0269 | 0.9225 | 0.9310 | 0.9448
0788 | 16:48:38 |  33.8s | 1.0e-04 | 0.0233 | 0.9380 | 0.9383 | 0.9613 | 0.0262 | 0.9276 | 0.9232 | 0.9437
0789 | 16:49:28 |  26.1s | 1.0e-04 | 0.0235 | 0.9379 | 0.9366 | 0.9597 | 0.0261 | 0.9240 | 0.9291 | 0.9458
0790 | 16:50:11 |  35.8s | 1.0e-04 | 0.0238 | 0.9393 | 0.9392 | 0.9617 | 0.0278 | 0.9208 | 0.9303 | 0.9424
0791 | 16:51:04 |  24.8s | 1.0e-04 | 0.0241 | 0.9382 | 0.9386 | 0.9617 | 0.0281 | 0.9088 | 0.9367 | 0.9390
0792 | 16:51:46 |  25.1s | 1.0e-04 | 0.0236 | 0.9393 | 0.9396 | 0.9626 | 0.0266 | 0.9184 | 0.9354 | 0.9477
0793 | 16:52:29 |  25.7s | 1.0e-04 | 0.0241 | 0.9382 | 0.9402 | 0.9617 | 0.0268 | 0.9181 | 0.9272 | 0.9376
0794 | 16:53:11 |  24.7s | 1.0e-04 | 0.0238 | 0.9382 | 0.9390 | 0.9608 | 0.0258 | 0.9303 | 0.9200 | 0.9455
0795 | 16:53:52 |  26.0s | 1.0e-04 | 0.0237 | 0.9392 | 0.9414 | 0.9627 | 0.0262 | 0.9212 | 0.9306 | 0.9439
0796 | 16:54:34 |  33.3s | 1.0e-04 | 0.0239 | 0.9394 | 0.9407 | 0.9638 | 0.0266 | 0.9223 | 0.9282 | 0.9431
0797 | 16:55:24 |  38.0s | 1.0e-04 | 0.0239 | 0.9394 | 0.9412 | 0.9638 | 0.0267 | 0.9250 | 0.9220 | 0.9416
0798 | 16:56:19 |  24.4s | 1.0e-04 | 0.0227 | 0.9402 | 0.9412 | 0.9636 | 0.0262 | 0.9307 | 0.9202 | 0.9447
0799 | 16:57:00 |  24.1s | 1.0e-04 | 0.0229 | 0.9393 | 0.9411 | 0.9629 | 0.0264 | 0.9307 | 0.9181 | 0.9434
0800 | 16:57:41 |  24.0s | 1.0e-04 | 0.0228 | 0.9397 | 0.9411 | 0.9630 | 0.0264 | 0.9264 | 0.9253 | 0.9451
0801 | 16:58:24 |  24.9s | 1.0e-04 | 0.0231 | 0.9406 | 0.9396 | 0.9633 | 0.0264 | 0.9136 | 0.9386 | 0.9454
0802 | 16:59:05 |  24.7s | 1.0e-04 | 0.0231 | 0.9396 | 0.9398 | 0.9630 | 0.0261 | 0.9230 | 0.9241 | 0.9404
0803 | 16:59:47 |  23.9s | 1.0e-04 | 0.0226 | 0.9407 | 0.9423 | 0.9638 | 0.0268 | 0.9181 | 0.9264 | 0.9380
0804 | 17:00:29 |  32.0s | 1.0e-04 | 0.0229 | 0.9394 | 0.9393 | 0.9628 | 0.0263 | 0.9311 | 0.9242 | 0.9472
0805 | 17:01:19 |  44.1s | 1.0e-04 | 0.0235 | 0.9386 | 0.9389 | 0.9616 | 0.0277 | 0.9162 | 0.9313 | 0.9414
0806 | 17:02:20 |  25.9s | 1.0e-04 | 0.0235 | 0.9391 | 0.9387 | 0.9619 | 0.0267 | 0.9193 | 0.9322 | 0.9435
0807 | 17:03:03 |  25.5s | 1.0e-04 | 0.0237 | 0.9387 | 0.9393 | 0.9617 | 0.0260 | 0.9277 | 0.9310 | 0.9485
0808 | 17:03:45 |  24.9s | 1.0e-04 | 0.0239 | 0.9384 | 0.9382 | 0.9612 | 0.0260 | 0.9237 | 0.9307 | 0.9458
0809 | 17:04:29 |  24.8s | 1.0e-04 | 0.0234 | 0.9384 | 0.9395 | 0.9616 | 0.0262 | 0.9230 | 0.9289 | 0.9439
0810 | 17:05:11 |  24.5s | 1.0e-04 | 0.0235 | 0.9383 | 0.9396 | 0.9607 | 0.0258 | 0.9206 | 0.9298 | 0.9415
0811 | 17:05:53 |  34.1s | 1.0e-04 | 0.0237 | 0.9391 | 0.9404 | 0.9621 | 0.0269 | 0.9167 | 0.9331 | 0.9437
0812 | 17:06:45 |  25.6s | 1.0e-04 | 0.0243 | 0.9385 | 0.9403 | 0.9617 | 0.0275 | 0.9363 | 0.9104 | 0.9437
0813 | 17:07:27 |  42.2s | 1.0e-04 | 0.0240 | 0.9395 | 0.9405 | 0.9629 | 0.0261 | 0.9248 | 0.9266 | 0.9437
0814 | 17:08:26 |  25.6s | 1.0e-04 | 0.0246 | 0.9385 | 0.9408 | 0.9626 | 0.0263 | 0.9311 | 0.9195 | 0.9432
0815 | 17:09:10 |  24.5s | 1.0e-04 | 0.0240 | 0.9401 | 0.9412 | 0.9632 | 0.0259 | 0.9193 | 0.9338 | 0.9453
0816 | 17:09:52 |  24.5s | 1.0e-04 | 0.0246 | 0.9379 | 0.9400 | 0.9619 | 0.0266 | 0.9192 | 0.9291 | 0.9430
0817 | 17:10:33 |  24.8s | 1.0e-04 | 0.0241 | 0.9409 | 0.9415 | 0.9634 | 0.0269 | 0.9240 | 0.9214 | 0.9403
0818 | 17:11:15 |  25.8s | 1.0e-04 | 0.0244 | 0.9383 | 0.9398 | 0.9611 | 0.0261 | 0.9335 | 0.9200 | 0.9467
0819 | 17:11:58 |  32.9s | 1.0e-04 | 0.0242 | 0.9380 | 0.9410 | 0.9628 | 0.0264 | 0.9230 | 0.9286 | 0.9439
0820 | 17:12:48 |  36.3s | 1.0e-04 | 0.0236 | 0.9388 | 0.9395 | 0.9623 | 0.0267 | 0.9219 | 0.9234 | 0.9394
0821 | 17:13:41 |  36.6s | 1.0e-04 | 0.0240 | 0.9374 | 0.9378 | 0.9604 | 0.0263 | 0.9212 | 0.9333 | 0.9469
0822 | 17:14:35 |  25.1s | 1.0e-04 | 0.0239 | 0.9366 | 0.9379 | 0.9600 | 0.0265 | 0.9335 | 0.9168 | 0.9442
0823 | 17:15:18 |  24.8s | 1.0e-04 | 0.0242 | 0.9376 | 0.9373 | 0.9601 | 0.0276 | 0.9388 | 0.9069 | 0.9435
0824 | 17:16:01 |  24.9s | 1.0e-04 | 0.0241 | 0.9380 | 0.9381 | 0.9606 | 0.0261 | 0.9356 | 0.9187 | 0.9483
0825 | 17:16:43 |  25.0s | 1.0e-04 | 0.0239 | 0.9370 | 0.9383 | 0.9603 | 0.0270 | 0.9171 | 0.9383 | 0.9450
0826 | 17:17:26 |  25.1s | 1.0e-04 | 0.0242 | 0.9361 | 0.9377 | 0.9588 | 0.0260 | 0.9231 | 0.9358 | 0.9503
0827 | 17:18:09 |  35.3s | 1.0e-04 | 0.0239 | 0.9374 | 0.9389 | 0.9608 | 0.0257 | 0.9300 | 0.9185 | 0.9435
0828 | 17:19:00 |  34.1s | 1.0e-04 | 0.0263 | 0.9362 | 0.9371 | 0.9584 | 0.0272 | 0.9204 | 0.9239 | 0.9396
0829 | 17:19:51 |  35.2s | 1.0e-04 | 0.0241 | 0.9381 | 0.9403 | 0.9623 | 0.0268 | 0.9301 | 0.9169 | 0.9429
0830 | 17:20:43 |  24.6s | 1.0e-04 | 0.0236 | 0.9383 | 0.9396 | 0.9624 | 0.0273 | 0.9329 | 0.9181 | 0.9445
0831 | 17:21:26 |  25.3s | 1.0e-04 | 0.0237 | 0.9393 | 0.9408 | 0.9631 | 0.0262 | 0.9208 | 0.9316 | 0.9437
0832 | 17:22:08 |  25.3s | 1.0e-04 | 0.0236 | 0.9395 | 0.9409 | 0.9636 | 0.0274 | 0.9352 | 0.9142 | 0.9442
0833 | 17:22:50 |  24.9s | 1.0e-04 | 0.0238 | 0.9394 | 0.9400 | 0.9623 | 0.0265 | 0.9145 | 0.9363 | 0.9443
0834 | 17:23:33 |  25.9s | 1.0e-04 | 0.0235 | 0.9393 | 0.9406 | 0.9630 | 0.0257 | 0.9294 | 0.9247 | 0.9452
0835 | 17:24:16 |  35.0s | 1.0e-04 | 0.0236 | 0.9388 | 0.9404 | 0.9624 | 0.0271 | 0.9280 | 0.9149 | 0.9375
0836 | 17:25:07 |  45.8s | 1.0e-04 | 0.0235 | 0.9384 | 0.9405 | 0.9620 | 0.0268 | 0.9142 | 0.9368 | 0.9459
0837 | 17:26:09 |  25.0s | 1.0e-04 | 0.0233 | 0.9382 | 0.9392 | 0.9621 | 0.0264 | 0.9275 | 0.9244 | 0.9438
0838 | 17:26:50 |  24.9s | 1.0e-04 | 0.0235 | 0.9390 | 0.9393 | 0.9622 | 0.0261 | 0.9210 | 0.9301 | 0.9431
0839 | 17:27:34 |  25.2s | 1.0e-04 | 0.0235 | 0.9386 | 0.9396 | 0.9620 | 0.0263 | 0.9281 | 0.9300 | 0.9482
0840 | 17:28:16 |  25.4s | 1.0e-04 | 0.0231 | 0.9398 | 0.9397 | 0.9632 | 0.0257 | 0.9275 | 0.9235 | 0.9444
0841 | 17:28:58 |  26.0s | 1.0e-04 | 0.0239 | 0.9371 | 0.9385 | 0.9601 | 0.0272 | 0.9390 | 0.9104 | 0.9446
0842 | 17:29:40 |  25.6s | 1.0e-04 | 0.0239 | 0.9384 | 0.9373 | 0.9607 | 0.0278 | 0.9181 | 0.9247 | 0.9355
0843 | 17:30:22 |  35.3s | 1.0e-04 | 0.0245 | 0.9373 | 0.9370 | 0.9597 | 0.0269 | 0.9197 | 0.9359 | 0.9457
0844 | 17:31:13 |  42.3s | 1.0e-04 | 0.0244 | 0.9379 | 0.9385 | 0.9612 | 0.0263 | 0.9289 | 0.9245 | 0.9438
0845 | 17:32:13 |  26.0s | 1.0e-04 | 0.0250 | 0.9373 | 0.9374 | 0.9599 | 0.0270 | 0.9184 | 0.9307 | 0.9434
0846 | 17:32:57 |  24.9s | 1.0e-04 | 0.0247 | 0.9377 | 0.9379 | 0.9601 | 0.0261 | 0.9181 | 0.9368 | 0.9459
0847 | 17:33:40 |  24.7s | 1.0e-04 | 0.0248 | 0.9379 | 0.9387 | 0.9611 | 0.0268 | 0.9281 | 0.9255 | 0.9473
0848 | 17:34:21 |  26.1s | 1.0e-04 | 0.0245 | 0.9383 | 0.9384 | 0.9615 | 0.0257 | 0.9290 | 0.9250 | 0.9453
0849 | 17:35:03 |  25.3s | 1.0e-04 | 0.0245 | 0.9386 | 0.9386 | 0.9616 | 0.0265 | 0.9125 | 0.9427 | 0.9473
0850 | 17:35:44 |  25.8s | 1.0e-04 | 0.0248 | 0.9373 | 0.9378 | 0.9601 | 0.0253 | 0.9230 | 0.9311 | 0.9459
0851 | 17:36:27 |  26.1s | 1.0e-04 | 0.0241 | 0.9392 | 0.9402 | 0.9623 | 0.0253 | 0.9275 | 0.9290 | 0.9479
0852 | 17:37:09 |  44.3s | 1.0e-04 | 0.0239 | 0.9407 | 0.9419 | 0.9639 | 0.0256 | 0.9262 | 0.9342 | 0.9499
0853 | 17:38:10 |  25.9s | 1.0e-04 | 0.0238 | 0.9398 | 0.9424 | 0.9637 | 0.0268 | 0.9291 | 0.9236 | 0.9450
0854 | 17:38:52 |  25.0s | 1.0e-04 | 0.0237 | 0.9408 | 0.9424 | 0.9654 | 0.0262 | 0.9224 | 0.9246 | 0.9403
0855 | 17:39:36 |  24.5s | 1.0e-04 | 0.0239 | 0.9411 | 0.9427 | 0.9651 | 0.0270 | 0.9219 | 0.9307 | 0.9440
0856 | 17:40:17 |  25.3s | 1.0e-04 | 0.0236 | 0.9415 | 0.9439 | 0.9658 | 0.0254 | 0.9314 | 0.9190 | 0.9442
0857 | 17:40:59 |  25.9s | 1.0e-04 | 0.0234 | 0.9407 | 0.9439 | 0.9659 | 0.0267 | 0.9284 | 0.9298 | 0.9492
0858 | 17:41:42 |  31.8s | 1.0e-04 | 0.0235 | 0.9426 | 0.9445 | 0.9660 | 0.0267 | 0.9136 | 0.9358 | 0.9428
0859 | 17:42:29 |  34.5s | 1.0e-04 | 0.0243 | 0.9415 | 0.9425 | 0.9654 | 0.0264 | 0.9092 | 0.9406 | 0.9427
0860 | 17:43:22 |  36.5s | 1.0e-04 | 0.0240 | 0.9402 | 0.9429 | 0.9644 | 0.0265 | 0.9345 | 0.9171 | 0.9449
0861 | 17:44:17 |  24.9s | 1.0e-04 | 0.0244 | 0.9390 | 0.9409 | 0.9628 | 0.0251 | 0.9404 | 0.9193 | 0.9517
0862 | 17:45:00 |  24.3s | 1.0e-04 | 0.0236 | 0.9407 | 0.9420 | 0.9644 | 0.0273 | 0.9241 | 0.9240 | 0.9415
0863 | 17:45:42 |  24.8s | 1.0e-04 | 0.0242 | 0.9404 | 0.9416 | 0.9644 | 0.0264 | 0.9173 | 0.9372 | 0.9466
0864 | 17:46:24 |  26.4s | 1.0e-04 | 0.0240 | 0.9396 | 0.9416 | 0.9632 | 0.0263 | 0.9257 | 0.9214 | 0.9404
0865 | 17:47:07 |  25.1s | 1.0e-04 | 0.0240 | 0.9400 | 0.9407 | 0.9629 | 0.0263 | 0.9249 | 0.9299 | 0.9454
0866 | 17:47:48 |  33.4s | 1.0e-04 | 0.0237 | 0.9406 | 0.9416 | 0.9643 | 0.0270 | 0.9100 | 0.9381 | 0.9437
0867 | 17:48:39 |  32.8s | 1.0e-04 | 0.0236 | 0.9396 | 0.9411 | 0.9632 | 0.0259 | 0.9347 | 0.9155 | 0.9438
0868 | 17:49:28 |  35.5s | 1.0e-04 | 0.0245 | 0.9397 | 0.9402 | 0.9632 | 0.0258 | 0.9210 | 0.9269 | 0.9431
0869 | 17:50:20 |  25.0s | 1.0e-04 | 0.0245 | 0.9381 | 0.9406 | 0.9620 | 0.0255 | 0.9218 | 0.9253 | 0.9408
0870 | 17:51:03 |  24.5s | 1.0e-04 | 0.0247 | 0.9384 | 0.9394 | 0.9620 | 0.0253 | 0.9334 | 0.9198 | 0.9459
0871 | 17:51:46 |  25.2s | 1.0e-04 | 0.0247 | 0.9371 | 0.9398 | 0.9607 | 0.0261 | 0.9243 | 0.9333 | 0.9477
0872 | 17:52:28 |  24.5s | 1.0e-04 | 0.0248 | 0.9372 | 0.9390 | 0.9608 | 0.0257 | 0.9306 | 0.9230 | 0.9465
0873 | 17:53:09 |  25.6s | 1.0e-04 | 0.0247 | 0.9377 | 0.9393 | 0.9611 | 0.0252 | 0.9216 | 0.9324 | 0.9474
0874 | 17:53:52 |  32.7s | 1.0e-04 | 0.0240 | 0.9388 | 0.9406 | 0.9621 | 0.0262 | 0.9317 | 0.9225 | 0.9455
0875 | 17:54:41 |  32.6s | 1.0e-04 | 0.0238 | 0.9386 | 0.9397 | 0.9626 | 0.0260 | 0.9262 | 0.9331 | 0.9481
0876 | 17:55:32 |  26.0s | 1.0e-04 | 0.0226 | 0.9386 | 0.9405 | 0.9631 | 0.0262 | 0.9303 | 0.9219 | 0.9448
0877 | 17:56:14 |  25.7s | 1.0e-04 | 0.0224 | 0.9390 | 0.9388 | 0.9621 | 0.0277 | 0.9308 | 0.9128 | 0.9400
0878 | 17:56:56 |  25.6s | 1.0e-04 | 0.0224 | 0.9391 | 0.9402 | 0.9634 | 0.0267 | 0.9323 | 0.9134 | 0.9400
0879 | 17:57:38 |  25.0s | 1.0e-04 | 0.0222 | 0.9409 | 0.9413 | 0.9659 | 0.0267 | 0.9387 | 0.9140 | 0.9470
0880 | 17:58:19 |  25.0s | 1.0e-04 | 0.0225 | 0.9384 | 0.9402 | 0.9624 | 0.0250 | 0.9295 | 0.9247 | 0.9467
0881 | 17:59:00 |  25.1s | 1.0e-04 | 0.0222 | 0.9404 | 0.9408 | 0.9637 | 0.0263 | 0.9327 | 0.9175 | 0.9450
0882 | 17:59:41 |  33.7s | 1.0e-04 | 0.0226 | 0.9398 | 0.9402 | 0.9632 | 0.0260 | 0.9291 | 0.9167 | 0.9401
0883 | 18:00:32 |  44.0s | 1.0e-04 | 0.0225 | 0.9396 | 0.9412 | 0.9638 | 0.0263 | 0.9265 | 0.9293 | 0.9470
0884 | 18:01:33 |  25.5s | 1.0e-04 | 0.0230 | 0.9399 | 0.9423 | 0.9641 | 0.0272 | 0.9191 | 0.9337 | 0.9462
0885 | 18:02:14 |  26.3s | 1.0e-04 | 0.0232 | 0.9414 | 0.9425 | 0.9662 | 0.0258 | 0.9094 | 0.9414 | 0.9457
0886 | 18:02:56 |  24.8s | 1.0e-04 | 0.0229 | 0.9410 | 0.9432 | 0.9651 | 0.0274 | 0.9294 | 0.9190 | 0.9436
0887 | 18:03:38 |  25.0s | 1.0e-04 | 0.0236 | 0.9400 | 0.9409 | 0.9637 | 0.0266 | 0.9123 | 0.9383 | 0.9426
0888 | 18:04:19 |  26.3s | 1.0e-04 | 0.0234 | 0.9396 | 0.9412 | 0.9636 | 0.0268 | 0.9327 | 0.9218 | 0.9461
0889 | 18:05:03 |  24.4s | 1.0e-04 | 0.0231 | 0.9416 | 0.9428 | 0.9661 | 0.0258 | 0.9285 | 0.9284 | 0.9478
0890 | 18:05:45 |  32.5s | 1.0e-04 | 0.0236 | 0.9405 | 0.9420 | 0.9646 | 0.0259 | 0.9151 | 0.9364 | 0.9435
0891 | 18:06:36 |  45.4s | 1.0e-04 | 0.0240 | 0.9399 | 0.9407 | 0.9635 | 0.0266 | 0.9296 | 0.9233 | 0.9447
0892 | 18:07:39 |  25.2s | 1.0e-04 | 0.0237 | 0.9398 | 0.9415 | 0.9638 | 0.0264 | 0.9261 | 0.9339 | 0.9518
0893 | 18:08:20 |  26.0s | 1.0e-04 | 0.0238 | 0.9389 | 0.9402 | 0.9624 | 0.0261 | 0.9263 | 0.9272 | 0.9478
0894 | 18:09:03 |  25.8s | 1.0e-04 | 0.0238 | 0.9403 | 0.9406 | 0.9637 | 0.0257 | 0.9279 | 0.9276 | 0.9474
0895 | 18:09:47 |  26.5s | 1.0e-04 | 0.0237 | 0.9394 | 0.9417 | 0.9635 | 0.0262 | 0.9261 | 0.9254 | 0.9440
0896 | 18:10:29 |  26.3s | 1.0e-04 | 0.0236 | 0.9395 | 0.9411 | 0.9634 | 0.0259 | 0.9196 | 0.9374 | 0.9491
0897 | 18:11:14 |  34.0s | 1.0e-04 | 0.0243 | 0.9383 | 0.9389 | 0.9608 | 0.0249 | 0.9209 | 0.9370 | 0.9491
0898 | 18:12:06 |  35.8s | 1.0e-04 | 0.0237 | 0.9399 | 0.9419 | 0.9642 | 0.0256 | 0.9214 | 0.9287 | 0.9432
0899 | 18:12:58 |  35.5s | 1.0e-04 | 0.0239 | 0.9410 | 0.9429 | 0.9648 | 0.0260 | 0.9152 | 0.9294 | 0.9399
0900 | 18:13:51 |  25.9s | 1.0e-04 | 0.0233 | 0.9409 | 0.9415 | 0.9645 | 0.0265 | 0.9192 | 0.9304 | 0.9410
0901 | 18:14:34 |  25.8s | 1.0e-04 | 0.0230 | 0.9408 | 0.9420 | 0.9647 | 0.0255 | 0.9245 | 0.9290 | 0.9461
0902 | 18:15:17 |  25.7s | 1.0e-04 | 0.0231 | 0.9396 | 0.9411 | 0.9641 | 0.0266 | 0.9212 | 0.9334 | 0.9449
0903 | 18:15:59 |  24.8s | 1.0e-04 | 0.0229 | 0.9410 | 0.9426 | 0.9646 | 0.0267 | 0.9220 | 0.9298 | 0.9458
0904 | 18:16:40 |  25.1s | 1.0e-04 | 0.0230 | 0.9406 | 0.9423 | 0.9644 | 0.0254 | 0.9246 | 0.9276 | 0.9435
0905 | 18:17:22 |  33.4s | 1.0e-04 | 0.0230 | 0.9401 | 0.9411 | 0.9639 | 0.0268 | 0.9193 | 0.9361 | 0.9467
0906 | 18:18:13 |  33.9s | 1.0e-04 | 0.0223 | 0.9400 | 0.9409 | 0.9646 | 0.0258 | 0.9262 | 0.9278 | 0.9472
0907 | 18:19:04 |  35.7s | 1.0e-04 | 0.0227 | 0.9399 | 0.9407 | 0.9631 | 0.0261 | 0.9319 | 0.9216 | 0.9442
0908 | 18:19:55 |  26.5s | 1.0e-04 | 0.0230 | 0.9398 | 0.9399 | 0.9628 | 0.0256 | 0.9250 | 0.9245 | 0.9420
0909 | 18:20:38 |  24.1s | 1.0e-04 | 0.0233 | 0.9394 | 0.9407 | 0.9626 | 0.0261 | 0.9231 | 0.9338 | 0.9472
0910 | 18:21:18 |  24.0s | 1.0e-04 | 0.0227 | 0.9395 | 0.9400 | 0.9637 | 0.0267 | 0.9186 | 0.9298 | 0.9425
0911 | 18:21:58 |  24.0s | 1.0e-04 | 0.0234 | 0.9389 | 0.9385 | 0.9610 | 0.0263 | 0.9192 | 0.9341 | 0.9460
0912 | 18:22:38 |  24.2s | 1.0e-04 | 0.0229 | 0.9402 | 0.9414 | 0.9639 | 0.0262 | 0.9196 | 0.9283 | 0.9417
0913 | 18:23:18 |  32.3s | 1.0e-04 | 0.0237 | 0.9383 | 0.9392 | 0.9611 | 0.0260 | 0.9234 | 0.9308 | 0.9446
0914 | 18:24:05 |  31.9s | 1.0e-04 | 0.0243 | 0.9370 | 0.9380 | 0.9596 | 0.0259 | 0.9249 | 0.9315 | 0.9467
0915 | 18:24:53 |  33.1s | 1.0e-04 | 0.0235 | 0.9388 | 0.9401 | 0.9616 | 0.0263 | 0.9343 | 0.9192 | 0.9473
0916 | 18:25:42 |  24.5s | 1.0e-04 | 0.0237 | 0.9378 | 0.9403 | 0.9612 | 0.0261 | 0.9241 | 0.9288 | 0.9462
0917 | 18:26:22 |  24.7s | 1.0e-04 | 0.0242 | 0.9375 | 0.9388 | 0.9610 | 0.0275 | 0.9476 | 0.8937 | 0.9435
0918 | 18:27:02 |  24.6s | 1.0e-04 | 0.0241 | 0.9378 | 0.9383 | 0.9606 | 0.0256 | 0.9176 | 0.9338 | 0.9436
0919 | 18:27:43 |  24.7s | 1.0e-04 | 0.0237 | 0.9391 | 0.9403 | 0.9621 | 0.0259 | 0.9302 | 0.9224 | 0.9451
0920 | 18:28:24 |  24.6s | 1.0e-04 | 0.0239 | 0.9389 | 0.9393 | 0.9619 | 0.0258 | 0.9264 | 0.9306 | 0.9468
0921 | 18:29:05 |  32.6s | 1.0e-04 | 0.0234 | 0.9402 | 0.9417 | 0.9643 | 0.0266 | 0.9302 | 0.9160 | 0.9413
0922 | 18:29:53 |  40.7s | 1.0e-04 | 0.0236 | 0.9413 | 0.9431 | 0.9654 | 0.0257 | 0.9215 | 0.9279 | 0.9426
0923 | 18:30:50 |  24.4s | 1.0e-04 | 0.0236 | 0.9410 | 0.9422 | 0.9649 | 0.0264 | 0.9203 | 0.9300 | 0.9426
0924 | 18:31:30 |  24.2s | 1.0e-04 | 0.0234 | 0.9409 | 0.9423 | 0.9647 | 0.0259 | 0.9212 | 0.9292 | 0.9449
0925 | 18:32:11 |  24.5s | 1.0e-04 | 0.0234 | 0.9413 | 0.9434 | 0.9651 | 0.0268 | 0.9157 | 0.9377 | 0.9471
0926 | 18:32:51 |  24.9s | 1.0e-04 | 0.0240 | 0.9395 | 0.9412 | 0.9630 | 0.0257 | 0.9262 | 0.9271 | 0.9450
0927 | 18:33:32 |  24.5s | 1.0e-04 | 0.0235 | 0.9413 | 0.9422 | 0.9651 | 0.0250 | 0.9217 | 0.9324 | 0.9453
0928 | 18:34:13 |  24.6s | 1.0e-04 | 0.0236 | 0.9410 | 0.9415 | 0.9645 | 0.0261 | 0.9258 | 0.9243 | 0.9422
0929 | 18:34:53 |  32.3s | 1.0e-04 | 0.0230 | 0.9408 | 0.9410 | 0.9643 | 0.0271 | 0.9279 | 0.9237 | 0.9436
0930 | 18:35:41 |  41.4s | 1.0e-04 | 0.0230 | 0.9405 | 0.9419 | 0.9643 | 0.0260 | 0.9333 | 0.9250 | 0.9486
0931 | 18:36:39 |  24.4s | 1.0e-04 | 0.0234 | 0.9397 | 0.9401 | 0.9627 | 0.0262 | 0.9207 | 0.9340 | 0.9463
0932 | 18:37:19 |  24.3s | 1.0e-04 | 0.0230 | 0.9397 | 0.9416 | 0.9633 | 0.0259 | 0.9234 | 0.9278 | 0.9441
0933 | 18:38:00 |  24.5s | 1.0e-04 | 0.0233 | 0.9397 | 0.9390 | 0.9629 | 0.0260 | 0.9279 | 0.9255 | 0.9451
0934 | 18:38:41 |  24.5s | 1.0e-04 | 0.0231 | 0.9396 | 0.9401 | 0.9635 | 0.0261 | 0.9316 | 0.9220 | 0.9458
0935 | 18:39:22 |  24.1s | 1.0e-04 | 0.0230 | 0.9405 | 0.9421 | 0.9648 | 0.0255 | 0.9245 | 0.9290 | 0.9461
0936 | 18:40:02 |  32.3s | 1.0e-04 | 0.0233 | 0.9405 | 0.9414 | 0.9644 | 0.0261 | 0.9283 | 0.9251 | 0.9439
0937 | 18:40:51 |  24.3s | 1.0e-04 | 0.0234 | 0.9402 | 0.9422 | 0.9647 | 0.0254 | 0.9156 | 0.9332 | 0.9440
0938 | 18:41:31 |  40.1s | 1.0e-04 | 0.0228 | 0.9412 | 0.9415 | 0.9649 | 0.0268 | 0.9161 | 0.9269 | 0.9389
0939 | 18:42:27 |  23.7s | 1.0e-04 | 0.0228 | 0.9400 | 0.9405 | 0.9635 | 0.0262 | 0.9220 | 0.9269 | 0.9423
0940 | 18:43:07 |  23.8s | 1.0e-04 | 0.0226 | 0.9408 | 0.9412 | 0.9648 | 0.0256 | 0.9297 | 0.9230 | 0.9461
0941 | 18:43:47 |  23.7s | 1.0e-04 | 0.0228 | 0.9411 | 0.9408 | 0.9639 | 0.0255 | 0.9336 | 0.9216 | 0.9479
0942 | 18:44:27 |  23.9s | 1.0e-04 | 0.0223 | 0.9409 | 0.9415 | 0.9643 | 0.0270 | 0.9191 | 0.9284 | 0.9422
0943 | 18:45:07 |  24.2s | 1.0e-04 | 0.0225 | 0.9410 | 0.9413 | 0.9649 | 0.0249 | 0.9313 | 0.9260 | 0.9490
0944 | 18:45:47 |  30.7s | 1.0e-04 | 0.0222 | 0.9413 | 0.9404 | 0.9639 | 0.0263 | 0.9229 | 0.9305 | 0.9479
0945 | 18:46:34 |  31.2s | 1.0e-04 | 0.0230 | 0.9406 | 0.9411 | 0.9639 | 0.0267 | 0.9228 | 0.9338 | 0.9455
0946 | 18:47:21 |  33.0s | 1.0e-04 | 0.0231 | 0.9407 | 0.9405 | 0.9650 | 0.0253 | 0.9358 | 0.9221 | 0.9482
0947 | 18:48:10 |  24.6s | 1.0e-04 | 0.0227 | 0.9409 | 0.9419 | 0.9648 | 0.0261 | 0.9323 | 0.9164 | 0.9447
0948 | 18:48:50 |  24.7s | 1.0e-04 | 0.0231 | 0.9406 | 0.9419 | 0.9641 | 0.0250 | 0.9267 | 0.9271 | 0.9452
0949 | 18:49:32 |  24.6s | 1.0e-04 | 0.0233 | 0.9410 | 0.9419 | 0.9644 | 0.0252 | 0.9268 | 0.9305 | 0.9484
0950 | 18:50:12 |  24.5s | 1.0e-04 | 0.0228 | 0.9413 | 0.9423 | 0.9657 | 0.0254 | 0.9237 | 0.9307 | 0.9461
0951 | 18:50:53 |  24.8s | 1.0e-04 | 0.0232 | 0.9404 | 0.9410 | 0.9640 | 0.0260 | 0.9302 | 0.9253 | 0.9468
0952 | 18:51:34 |  32.8s | 1.0e-04 | 0.0227 | 0.9415 | 0.9417 | 0.9654 | 0.0262 | 0.9235 | 0.9272 | 0.9449
0953 | 18:52:22 |  33.0s | 1.0e-04 | 0.0227 | 0.9414 | 0.9426 | 0.9651 | 0.0260 | 0.9287 | 0.9223 | 0.9438
0954 | 18:53:11 |  33.9s | 1.0e-04 | 0.0221 | 0.9415 | 0.9432 | 0.9654 | 0.0264 | 0.9296 | 0.9291 | 0.9489
0955 | 18:54:01 |  23.8s | 1.0e-04 | 0.0219 | 0.9427 | 0.9431 | 0.9666 | 0.0259 | 0.9292 | 0.9224 | 0.9453
0956 | 18:54:41 |  24.1s | 1.0e-04 | 0.0222 | 0.9420 | 0.9438 | 0.9661 | 0.0263 | 0.9250 | 0.9216 | 0.9414
0957 | 18:55:22 |  24.2s | 1.0e-04 | 0.0220 | 0.9415 | 0.9429 | 0.9657 | 0.0267 | 0.9301 | 0.9216 | 0.9444
0958 | 18:56:02 |  24.3s | 1.0e-04 | 0.0222 | 0.9413 | 0.9435 | 0.9656 | 0.0266 | 0.9265 | 0.9275 | 0.9447
0959 | 18:56:43 |  24.2s | 1.0e-04 | 0.0219 | 0.9421 | 0.9432 | 0.9660 | 0.0260 | 0.9223 | 0.9304 | 0.9434
0960 | 18:57:24 |  31.6s | 1.0e-04 | 0.0224 | 0.9420 | 0.9440 | 0.9663 | 0.0255 | 0.9262 | 0.9316 | 0.9485
0961 | 18:58:11 |  39.8s | 1.0e-04 | 0.0233 | 0.9413 | 0.9433 | 0.9654 | 0.0262 | 0.9281 | 0.9275 | 0.9461
0962 | 18:59:07 |  23.6s | 1.0e-04 | 0.0234 | 0.9415 | 0.9422 | 0.9652 | 0.0265 | 0.9130 | 0.9368 | 0.9434
0963 | 18:59:47 |  23.5s | 1.0e-04 | 0.0232 | 0.9413 | 0.9426 | 0.9652 | 0.0270 | 0.9150 | 0.9311 | 0.9394
0964 | 19:00:26 |  23.8s | 1.0e-04 | 0.0234 | 0.9421 | 0.9427 | 0.9663 | 0.0250 | 0.9295 | 0.9271 | 0.9485
0965 | 19:01:06 |  23.6s | 1.0e-04 | 0.0233 | 0.9421 | 0.9432 | 0.9661 | 0.0270 | 0.9153 | 0.9350 | 0.9452
0966 | 19:01:45 |  23.5s | 1.0e-04 | 0.0234 | 0.9412 | 0.9432 | 0.9660 | 0.0262 | 0.9192 | 0.9377 | 0.9492
0967 | 19:02:25 |  23.5s | 1.0e-04 | 0.0230 | 0.9423 | 0.9441 | 0.9657 | 0.0267 | 0.9156 | 0.9404 | 0.9479
0968 | 19:03:04 |  31.5s | 1.0e-04 | 0.0229 | 0.9422 | 0.9438 | 0.9669 | 0.0258 | 0.9225 | 0.9369 | 0.9495
0969 | 19:03:52 |  39.3s | 1.0e-04 | 0.0229 | 0.9407 | 0.9422 | 0.9649 | 0.0255 | 0.9245 | 0.9320 | 0.9476
0970 | 19:04:47 |  24.3s | 1.0e-04 | 0.0237 | 0.9407 | 0.9416 | 0.9643 | 0.0259 | 0.9245 | 0.9340 | 0.9474
0971 | 19:05:27 |  24.3s | 1.0e-04 | 0.0235 | 0.9406 | 0.9430 | 0.9652 | 0.0267 | 0.9240 | 0.9249 | 0.9432
0972 | 19:06:08 |  24.2s | 1.0e-04 | 0.0238 | 0.9402 | 0.9429 | 0.9649 | 0.0249 | 0.9250 | 0.9331 | 0.9502
0973 | 19:06:48 |  24.5s | 1.0e-04 | 0.0232 | 0.9412 | 0.9437 | 0.9654 | 0.0261 | 0.9301 | 0.9237 | 0.9461
0974 | 19:07:29 |  24.2s | 1.0e-04 | 0.0237 | 0.9412 | 0.9423 | 0.9648 | 0.0261 | 0.9267 | 0.9175 | 0.9408
0975 | 19:08:10 |  24.1s | 1.0e-04 | 0.0237 | 0.9408 | 0.9422 | 0.9644 | 0.0255 | 0.9263 | 0.9315 | 0.9471
0976 | 19:08:50 |  24.3s | 1.0e-04 | 0.0238 | 0.9394 | 0.9401 | 0.9618 | 0.0265 | 0.9289 | 0.9305 | 0.9513
0977 | 19:09:31 |  41.1s | 1.0e-04 | 0.0234 | 0.9407 | 0.9423 | 0.9649 | 0.0258 | 0.9249 | 0.9312 | 0.9475
0978 | 19:10:28 |  24.0s | 1.0e-04 | 0.0235 | 0.9418 | 0.9432 | 0.9662 | 0.0254 | 0.9220 | 0.9340 | 0.9463
0979 | 19:11:09 |  24.2s | 1.0e-04 | 0.0240 | 0.9405 | 0.9418 | 0.9643 | 0.0259 | 0.9234 | 0.9326 | 0.9475
0980 | 19:11:49 |  24.2s | 1.0e-04 | 0.0236 | 0.9402 | 0.9429 | 0.9649 | 0.0260 | 0.9308 | 0.9226 | 0.9453
0981 | 19:12:29 |  24.4s | 1.0e-04 | 0.0238 | 0.9409 | 0.9431 | 0.9650 | 0.0250 | 0.9244 | 0.9289 | 0.9447
0982 | 19:13:09 |  24.1s | 1.0e-04 | 0.0237 | 0.9402 | 0.9426 | 0.9644 | 0.0256 | 0.9165 | 0.9388 | 0.9466
0983 | 19:13:49 |  32.4s | 1.0e-04 | 0.0235 | 0.9403 | 0.9425 | 0.9640 | 0.0256 | 0.9222 | 0.9335 | 0.9479
0984 | 19:14:38 |  32.5s | 1.0e-04 | 0.0238 | 0.9409 | 0.9425 | 0.9655 | 0.0263 | 0.9267 | 0.9202 | 0.9424
0985 | 19:15:27 |  34.5s | 1.0e-04 | 0.0234 | 0.9403 | 0.9417 | 0.9640 | 0.0257 | 0.9222 | 0.9337 | 0.9457
0986 | 19:16:17 |  24.6s | 1.0e-04 | 0.0226 | 0.9424 | 0.9427 | 0.9659 | 0.0266 | 0.9140 | 0.9368 | 0.9422
0987 | 19:16:58 |  24.5s | 1.0e-04 | 0.0224 | 0.9421 | 0.9428 | 0.9654 | 0.0268 | 0.9104 | 0.9393 | 0.9419
0988 | 19:17:39 |  24.6s | 1.0e-04 | 0.0228 | 0.9410 | 0.9421 | 0.9651 | 0.0257 | 0.9286 | 0.9296 | 0.9475
0989 | 19:18:19 |  24.7s | 1.0e-04 | 0.0226 | 0.9409 | 0.9428 | 0.9652 | 0.0258 | 0.9243 | 0.9332 | 0.9489
0990 | 19:18:59 |  24.7s | 1.0e-04 | 0.0223 | 0.9416 | 0.9442 | 0.9660 | 0.0270 | 0.9175 | 0.9292 | 0.9389
0991 | 19:19:40 |  34.1s | 1.0e-04 | 0.0228 | 0.9399 | 0.9415 | 0.9640 | 0.0260 | 0.9268 | 0.9247 | 0.9448
0992 | 19:20:30 |  32.9s | 1.0e-04 | 0.0232 | 0.9400 | 0.9414 | 0.9634 | 0.0253 | 0.9321 | 0.9238 | 0.9468
0993 | 19:21:19 |  33.4s | 1.0e-04 | 0.0229 | 0.9414 | 0.9427 | 0.9660 | 0.0257 | 0.9297 | 0.9261 | 0.9459
0994 | 19:22:09 |  24.7s | 1.0e-04 | 0.0230 | 0.9405 | 0.9417 | 0.9645 | 0.0257 | 0.9294 | 0.9298 | 0.9495
0995 | 19:22:49 |  24.9s | 1.0e-04 | 0.0233 | 0.9407 | 0.9418 | 0.9633 | 0.0260 | 0.9207 | 0.9310 | 0.9450
0996 | 19:23:30 |  24.6s | 1.0e-04 | 0.0228 | 0.9403 | 0.9423 | 0.9646 | 0.0254 | 0.9263 | 0.9312 | 0.9482
0997 | 19:24:11 |  24.8s | 1.0e-04 | 0.0229 | 0.9403 | 0.9422 | 0.9645 | 0.0262 | 0.9130 | 0.9431 | 0.9495
0998 | 19:24:52 |  24.9s | 1.0e-04 | 0.0234 | 0.9395 | 0.9411 | 0.9639 | 0.0261 | 0.9211 | 0.9323 | 0.9448
0999 | 19:25:33 |  33.1s | 1.0e-04 | 0.0230 | 0.9409 | 0.9432 | 0.9652 | 0.0252 | 0.9295 | 0.9293 | 0.9488
1000 | 19:26:22 |  32.9s | 1.0e-04 | 0.0226 | 0.9405 | 0.9424 | 0.9644 | 0.0261 | 0.9268 | 0.9289 | 0.9476
