Starting GATv2 RES (No JK) on cuda:0
Epoch 0001 | 23:46:17 |  25.3s | 1.0e-04 | 0.2025 | 0.7638 | 0.2749 | 0.1624 | 0.1271 | 0.6497 | 0.6193 | 0.3100
Epoch 0002 | 23:46:58 |  25.5s | 1.0e-04 | 0.1132 | 0.7927 | 0.5416 | 0.3730 | 0.1022 | 0.7954 | 0.5746 | 0.3730
Epoch 0003 | 23:47:42 |  11.0s | 1.0e-04 | 0.1045 | 0.8171 | 0.6054 | 0.4150 | 0.0950 | 0.8079 | 0.6142 | 0.3932
Epoch 0004 | 23:48:09 |  25.6s | 1.0e-04 | 0.0978 | 0.8307 | 0.6398 | 0.4468 | 0.0917 | 0.8045 | 0.6481 | 0.4128
Epoch 0005 | 23:48:53 |  10.9s | 1.0e-04 | 0.0929 | 0.8401 | 0.6597 | 0.4645 | 0.0872 | 0.8184 | 0.6553 | 0.4219
Epoch 0006 | 23:49:20 |  22.7s | 1.0e-04 | 0.0900 | 0.8466 | 0.6776 | 0.4877 | 0.0842 | 0.8192 | 0.6796 | 0.4419
Epoch 0007 | 23:49:58 |  11.0s | 1.0e-04 | 0.0878 | 0.8512 | 0.6902 | 0.5060 | 0.0833 | 0.8291 | 0.6932 | 0.4771
Epoch 0008 | 23:50:25 |  23.6s | 1.0e-04 | 0.0851 | 0.8548 | 0.7034 | 0.5273 | 0.0802 | 0.8392 | 0.6934 | 0.4879
Epoch 0009 | 23:51:04 |  10.8s | 1.0e-04 | 0.0848 | 0.8550 | 0.7050 | 0.5284 | 0.0795 | 0.8416 | 0.6999 | 0.4916
Epoch 0010 | 23:51:29 |  22.3s | 1.0e-04 | 0.0811 | 0.8611 | 0.7162 | 0.5460 | 0.0773 | 0.8454 | 0.7140 | 0.5186
Epoch 0011 | 23:52:07 |  11.0s | 1.0e-04 | 0.0784 | 0.8645 | 0.7281 | 0.5729 | 0.0764 | 0.8321 | 0.7339 | 0.5252
Epoch 0012 | 23:52:37 |  23.0s | 1.0e-04 | 0.0770 | 0.8673 | 0.7370 | 0.5862 | 0.0744 | 0.8682 | 0.7087 | 0.5423
Epoch 0013 | 23:53:18 |  11.6s | 1.0e-04 | 0.0773 | 0.8685 | 0.7433 | 0.6014 | 0.0733 | 0.8646 | 0.7212 | 0.5509
Epoch 0014 | 23:53:48 |  24.2s | 1.0e-04 | 0.0747 | 0.8713 | 0.7514 | 0.6167 | 0.0725 | 0.8288 | 0.7535 | 0.5386
Epoch 0015 | 23:54:30 |  11.2s | 1.0e-04 | 0.0807 | 0.8722 | 0.7560 | 0.6282 | 0.2392 | 0.3910 | 0.9400 | 0.5080
Epoch 0016 | 23:55:01 |  25.7s | 1.0e-04 | 0.0826 | 0.8518 | 0.7316 | 0.5660 | 0.0727 | 0.8568 | 0.7329 | 0.5563
Epoch 0017 | 23:55:44 |  11.2s | 1.0e-04 | 0.0815 | 0.8666 | 0.7418 | 0.6010 | 0.0727 | 0.8487 | 0.7481 | 0.5667
Epoch 0018 | 23:56:16 |  28.6s | 1.0e-04 | 0.0716 | 0.8741 | 0.7525 | 0.6190 | 0.0702 | 0.8698 | 0.7189 | 0.5562
Epoch 0019 | 23:57:04 |  11.5s | 1.0e-04 | 0.0701 | 0.8745 | 0.7565 | 0.6296 | 0.0705 | 0.8514 | 0.7513 | 0.5690
Epoch 0020 | 23:57:32 |  27.0s | 1.0e-04 | 0.0701 | 0.8769 | 0.7640 | 0.6455 | 0.0693 | 0.8558 | 0.7420 | 0.5607
Epoch 0021 | 23:58:18 |  11.4s | 1.0e-04 | 0.0707 | 0.8769 | 0.7671 | 0.6531 | 0.0691 | 0.8570 | 0.7505 | 0.5780
Epoch 0022 | 23:58:48 |  24.3s | 1.0e-04 | 0.0688 | 0.8763 | 0.7658 | 0.6486 | 0.0687 | 0.8737 | 0.7344 | 0.5882
Epoch 0023 | 23:59:29 |  11.1s | 1.0e-04 | 0.0678 | 0.8768 | 0.7654 | 0.6463 | 0.0675 | 0.8783 | 0.7316 | 0.5938
Epoch 0024 | 23:59:56 |  25.7s | 1.0e-04 | 0.0764 | 0.8753 | 0.7639 | 0.6453 | 0.0675 | 0.8616 | 0.7538 | 0.5994
Epoch 0025 | 00:00:37 |  11.2s | 1.0e-04 | 0.0677 | 0.8776 | 0.7698 | 0.6577 | 0.0663 | 0.8701 | 0.7428 | 0.5956
Epoch 0026 | 00:01:08 |  22.3s | 1.0e-04 | 0.0668 | 0.8798 | 0.7755 | 0.6736 | 0.0674 | 0.8653 | 0.7592 | 0.6101
Epoch 0027 | 00:01:48 |  11.4s | 1.0e-04 | 0.0659 | 0.8816 | 0.7793 | 0.6808 | 0.0681 | 0.8478 | 0.7773 | 0.6161
Epoch 0028 | 00:02:15 |  26.7s | 1.0e-04 | 0.0665 | 0.8824 | 0.7837 | 0.6913 | 0.0660 | 0.8719 | 0.7556 | 0.6174
Epoch 0029 | 00:02:59 |  11.0s | 1.0e-04 | 0.0668 | 0.8816 | 0.7839 | 0.6925 | 0.0651 | 0.8463 | 0.7824 | 0.6164
Epoch 0030 | 00:03:30 |  26.5s | 1.0e-04 | 0.0664 | 0.8837 | 0.7902 | 0.7088 | 0.0655 | 0.8546 | 0.7812 | 0.6291
Epoch 0031 | 00:04:14 |  11.2s | 1.0e-04 | 0.0658 | 0.8838 | 0.7923 | 0.7130 | 0.0641 | 0.8767 | 0.7555 | 0.6283
Epoch 0032 | 00:04:43 |  26.7s | 1.0e-04 | 0.0638 | 0.8825 | 0.7865 | 0.6959 | 0.0643 | 0.8749 | 0.7642 | 0.6407
Epoch 0033 | 00:05:26 |  11.4s | 1.0e-04 | 0.0624 | 0.8849 | 0.7876 | 0.6997 | 0.0632 | 0.8620 | 0.7782 | 0.6392
Epoch 0034 | 00:05:55 |  34.5s | 1.0e-04 | 0.0621 | 0.8854 | 0.7910 | 0.7094 | 0.0632 | 0.8595 | 0.7861 | 0.6467
Epoch 0035 | 00:06:45 |  11.3s | 1.0e-04 | 0.0613 | 0.8867 | 0.7942 | 0.7163 | 0.0621 | 0.8815 | 0.7670 | 0.6595
Epoch 0036 | 00:07:16 |  35.6s | 1.0e-04 | 0.0617 | 0.8861 | 0.7959 | 0.7216 | 0.0624 | 0.8782 | 0.7596 | 0.6436
Epoch 0037 | 00:08:11 |  11.0s | 1.0e-04 | 0.0615 | 0.8874 | 0.7967 | 0.7232 | 0.0615 | 0.8634 | 0.7919 | 0.6646
Epoch 0038 | 00:08:40 |  27.1s | 1.0e-04 | 0.0625 | 0.8872 | 0.8001 | 0.7325 | 0.0605 | 0.8782 | 0.7706 | 0.6598
Epoch 0039 | 00:09:22 |  11.2s | 1.0e-04 | 0.0619 | 0.8880 | 0.8027 | 0.7391 | 0.0620 | 0.8656 | 0.7971 | 0.6874
Epoch 0040 | 00:09:52 |  25.0s | 1.0e-04 | 0.0606 | 0.8888 | 0.8050 | 0.7441 | 0.0610 | 0.8803 | 0.7728 | 0.6714
Epoch 0041 | 00:10:33 |  11.3s | 1.0e-04 | 0.0599 | 0.8903 | 0.8058 | 0.7467 | 0.0601 | 0.8833 | 0.7778 | 0.6841
Epoch 0042 | 00:11:03 |  11.0s | 1.0e-04 | 0.0580 | 0.8908 | 0.8055 | 0.7440 | 0.0610 | 0.8660 | 0.7996 | 0.6916
Epoch 0043 | 00:11:34 |  26.9s | 1.0e-04 | 0.0575 | 0.8908 | 0.8073 | 0.7485 | 0.0596 | 0.8870 | 0.7765 | 0.6855
Epoch 0044 | 00:12:19 |  11.2s | 1.0e-04 | 0.0588 | 0.8912 | 0.8093 | 0.7540 | 0.0594 | 0.8898 | 0.7749 | 0.6916
Epoch 0045 | 00:12:49 |  27.2s | 1.0e-04 | 0.0586 | 0.8915 | 0.8096 | 0.7540 | 0.0594 | 0.8690 | 0.7985 | 0.6950
Epoch 0046 | 00:13:32 |  11.3s | 1.0e-04 | 0.0577 | 0.8921 | 0.8142 | 0.7657 | 0.0602 | 0.8429 | 0.8260 | 0.6989
Epoch 0047 | 00:13:59 |  28.2s | 1.0e-04 | 0.0592 | 0.8909 | 0.8098 | 0.7567 | 0.0582 | 0.8760 | 0.7849 | 0.6787
Epoch 0048 | 00:14:44 |  11.1s | 1.0e-04 | 0.0580 | 0.8929 | 0.8176 | 0.7731 | 0.0603 | 0.8590 | 0.8139 | 0.7025
Epoch 0049 | 00:15:14 |  36.4s | 1.0e-04 | 0.0579 | 0.8924 | 0.8179 | 0.7733 | 0.0581 | 0.8513 | 0.8198 | 0.7032
Epoch 0050 | 00:16:06 |  11.8s | 1.0e-04 | 0.0587 | 0.8925 | 0.8202 | 0.7775 | 0.0581 | 0.8662 | 0.8143 | 0.7115
Epoch 0051 | 00:16:34 |  24.1s | 1.0e-04 | 0.0581 | 0.8932 | 0.8221 | 0.7811 | 0.0585 | 0.8754 | 0.7997 | 0.7078
Epoch 0052 | 00:17:17 |  11.0s | 1.0e-04 | 0.0573 | 0.8947 | 0.8256 | 0.7897 | 0.0581 | 0.8605 | 0.8219 | 0.7206
Epoch 0053 | 00:17:44 |  27.7s | 1.0e-04 | 0.0570 | 0.8946 | 0.8230 | 0.7832 | 0.0571 | 0.8804 | 0.8009 | 0.7161
Epoch 0054 | 00:18:27 |  11.2s | 1.0e-04 | 0.0560 | 0.8931 | 0.8179 | 0.7715 | 0.0587 | 0.8456 | 0.8351 | 0.7249
Epoch 0055 | 00:18:55 |  26.9s | 1.0e-04 | 0.0569 | 0.8935 | 0.8202 | 0.7783 | 0.0569 | 0.8955 | 0.7899 | 0.7286
Epoch 0056 | 00:19:40 |  11.2s | 1.0e-04 | 0.0575 | 0.8957 | 0.8266 | 0.7928 | 0.0564 | 0.8835 | 0.7985 | 0.7254
Epoch 0057 | 00:20:09 |  34.2s | 1.0e-04 | 0.0562 | 0.8950 | 0.8258 | 0.7896 | 0.0566 | 0.8694 | 0.8136 | 0.7188
Epoch 0058 | 00:21:02 |  11.7s | 1.0e-04 | 0.0538 | 0.8956 | 0.8249 | 0.7878 | 0.0574 | 0.8588 | 0.8279 | 0.7281
Epoch 0059 | 00:21:30 |  28.6s | 1.0e-04 | 0.0553 | 0.8933 | 0.8234 | 0.7825 | 0.0564 | 0.8837 | 0.8000 | 0.7267
Epoch 0060 | 00:22:17 |  11.4s | 1.0e-04 | 0.0551 | 0.8955 | 0.8273 | 0.7941 | 0.0558 | 0.8736 | 0.8155 | 0.7292
Epoch 0061 | 00:22:46 |  31.6s | 1.0e-04 | 0.0542 | 0.8967 | 0.8281 | 0.7947 | 0.0560 | 0.8684 | 0.8226 | 0.7309
Epoch 0062 | 00:23:34 |  11.0s | 1.0e-04 | 0.0538 | 0.8965 | 0.8259 | 0.7901 | 0.0561 | 0.8631 | 0.8263 | 0.7349
Epoch 0063 | 00:24:01 |  55.5s | 1.0e-04 | 0.0534 | 0.8962 | 0.8266 | 0.7907 | 0.0558 | 0.8857 | 0.8112 | 0.7473
Epoch 0064 | 00:25:15 |  11.2s | 1.0e-04 | 0.0531 | 0.8961 | 0.8253 | 0.7871 | 0.0544 | 0.8768 | 0.8068 | 0.7226
Epoch 0065 | 00:25:42 |  39.2s | 1.0e-04 | 0.0541 | 0.8970 | 0.8311 | 0.7997 | 0.0568 | 0.8584 | 0.8355 | 0.7413
Epoch 0066 | 00:26:37 |  11.2s | 1.0e-04 | 0.0538 | 0.8990 | 0.8354 | 0.8103 | 0.0556 | 0.8777 | 0.8146 | 0.7338
Epoch 0067 | 00:27:08 |  43.6s | 1.0e-04 | 0.0540 | 0.8974 | 0.8329 | 0.8051 | 0.0554 | 0.8801 | 0.8184 | 0.7437
Epoch 0068 | 00:28:11 |  11.4s | 1.0e-04 | 0.0541 | 0.8964 | 0.8315 | 0.8018 | 0.0559 | 0.8566 | 0.8332 | 0.7331
Epoch 0069 | 00:28:38 |  36.6s | 1.0e-04 | 0.0549 | 0.8971 | 0.8330 | 0.8050 | 0.0546 | 0.8699 | 0.8267 | 0.7447
Epoch 0070 | 00:29:36 |  11.0s | 1.0e-04 | 0.0546 | 0.8982 | 0.8351 | 0.8073 | 0.0549 | 0.8761 | 0.8211 | 0.7412
Epoch 0071 | 00:30:02 |  32.5s | 1.0e-04 | 0.0531 | 0.8981 | 0.8329 | 0.8041 | 0.0545 | 0.8978 | 0.8053 | 0.7593
Epoch 0072 | 00:30:53 |  11.3s | 1.0e-04 | 0.0531 | 0.8968 | 0.8299 | 0.7984 | 0.0537 | 0.8740 | 0.8259 | 0.7502
Epoch 0073 | 00:31:24 |  30.3s | 1.0e-04 | 0.0534 | 0.8992 | 0.8362 | 0.8121 | 0.0541 | 0.8777 | 0.8230 | 0.7514
Epoch 0074 | 00:32:15 |  10.9s | 1.0e-04 | 0.0535 | 0.9004 | 0.8376 | 0.8145 | 0.0545 | 0.8805 | 0.8289 | 0.7661
Epoch 0075 | 00:32:42 |  40.2s | 1.0e-04 | 0.0532 | 0.8981 | 0.8340 | 0.8079 | 0.0534 | 0.8693 | 0.8322 | 0.7547
Epoch 0076 | 00:33:40 |  11.5s | 1.0e-04 | 0.0530 | 0.8980 | 0.8321 | 0.8034 | 0.0530 | 0.8903 | 0.8169 | 0.7617
Epoch 0077 | 00:34:09 |  38.9s | 1.0e-04 | 0.0540 | 0.9011 | 0.8407 | 0.8227 | 0.0531 | 0.8778 | 0.8260 | 0.7586
Epoch 0078 | 00:35:06 |  11.1s | 1.0e-04 | 0.0522 | 0.9012 | 0.8410 | 0.8222 | 0.0538 | 0.8802 | 0.8273 | 0.7640
Epoch 0079 | 00:35:33 |  30.3s | 1.0e-04 | 0.0514 | 0.9012 | 0.8399 | 0.8198 | 0.0538 | 0.8907 | 0.8222 | 0.7731
Epoch 0080 | 00:36:22 |  20.2s | 1.0e-04 | 0.0506 | 0.9016 | 0.8400 | 0.8209 | 0.0545 | 0.8848 | 0.8138 | 0.7475
Epoch 0081 | 00:37:03 |  22.2s | 1.0e-04 | 0.0503 | 0.8987 | 0.8321 | 0.8035 | 0.0519 | 0.8927 | 0.8117 | 0.7586
Epoch 0082 | 00:37:45 |  20.1s | 1.0e-04 | 0.0500 | 0.8987 | 0.8328 | 0.8039 | 0.0521 | 0.8875 | 0.8160 | 0.7600
Epoch 0083 | 00:38:23 |  12.9s | 1.0e-04 | 0.0517 | 0.9016 | 0.8404 | 0.8208 | 0.0538 | 0.8569 | 0.8392 | 0.7452
Epoch 0084 | 00:38:54 |  34.8s | 1.0e-04 | 0.0514 | 0.9019 | 0.8415 | 0.8223 | 0.0529 | 0.8908 | 0.8162 | 0.7630
Epoch 0085 | 00:39:45 |  11.3s | 1.0e-04 | 0.0518 | 0.9010 | 0.8414 | 0.8228 | 0.0534 | 0.8642 | 0.8421 | 0.7631
Epoch 0086 | 00:40:15 |  31.5s | 1.0e-04 | 0.0513 | 0.9013 | 0.8428 | 0.8257 | 0.0523 | 0.8862 | 0.8233 | 0.7651
Epoch 0087 | 00:41:06 |  11.3s | 1.0e-04 | 0.0506 | 0.9009 | 0.8395 | 0.8189 | 0.0528 | 0.8979 | 0.8164 | 0.7805
Epoch 0088 | 00:41:34 |  35.3s | 1.0e-04 | 0.0510 | 0.9008 | 0.8413 | 0.8213 | 0.0522 | 0.8963 | 0.8139 | 0.7688
Epoch 0089 | 00:42:25 |  11.6s | 1.0e-04 | 0.0516 | 0.9037 | 0.8487 | 0.8385 | 0.0533 | 0.8790 | 0.8347 | 0.7742
Epoch 0090 | 00:42:53 |  34.2s | 1.0e-04 | 0.0512 | 0.9041 | 0.8483 | 0.8381 | 0.0512 | 0.8875 | 0.8254 | 0.7728
Epoch 0091 | 00:43:47 |  11.1s | 1.0e-04 | 0.0518 | 0.9006 | 0.8410 | 0.8225 | 0.0512 | 0.8861 | 0.8313 | 0.7840
Epoch 0092 | 00:44:15 |  31.2s | 1.0e-04 | 0.0512 | 0.9023 | 0.8448 | 0.8301 | 0.0523 | 0.8652 | 0.8429 | 0.7672
Epoch 0093 | 00:45:05 |  11.1s | 1.0e-04 | 0.0511 | 0.9040 | 0.8488 | 0.8389 | 0.0528 | 0.8694 | 0.8534 | 0.7907
Epoch 0094 | 00:45:35 |  33.9s | 1.0e-04 | 0.0507 | 0.9037 | 0.8482 | 0.8377 | 0.0509 | 0.8919 | 0.8236 | 0.7800
Epoch 0095 | 00:46:27 |  11.1s | 1.0e-04 | 0.0503 | 0.9026 | 0.8450 | 0.8304 | 0.0508 | 0.8786 | 0.8303 | 0.7679
Epoch 0096 | 00:46:55 |  33.9s | 1.0e-04 | 0.0506 | 0.9028 | 0.8470 | 0.8350 | 0.0502 | 0.8773 | 0.8297 | 0.7663
Epoch 0097 | 00:47:44 |  11.2s | 1.0e-04 | 0.0513 | 0.9032 | 0.8497 | 0.8394 | 0.0512 | 0.8685 | 0.8505 | 0.7836
Epoch 0098 | 00:48:14 |  38.4s | 1.0e-04 | 0.0516 | 0.9028 | 0.8479 | 0.8370 | 0.0525 | 0.8596 | 0.8516 | 0.7765
Epoch 0099 | 00:49:13 |  11.1s | 1.0e-04 | 0.0501 | 0.9031 | 0.8475 | 0.8365 | 0.0512 | 0.8747 | 0.8370 | 0.7718
Epoch 0100 | 00:49:39 |  45.1s | 1.0e-04 | 0.0493 | 0.9040 | 0.8485 | 0.8388 | 0.0521 | 0.8717 | 0.8444 | 0.7799
Epoch 0101 | 00:50:40 |  11.3s | 1.0e-04 | 0.0484 | 0.9044 | 0.8497 | 0.8404 | 0.0512 | 0.8964 | 0.8178 | 0.7783
Epoch 0102 | 00:51:09 |  30.4s | 1.0e-04 | 0.0485 | 0.9043 | 0.8475 | 0.8351 | 0.0504 | 0.9021 | 0.8160 | 0.7887
Epoch 0103 | 00:51:59 |  10.9s | 1.0e-04 | 0.0488 | 0.9035 | 0.8465 | 0.8347 | 0.0495 | 0.8919 | 0.8289 | 0.7886
Epoch 0104 | 00:52:27 |  35.4s | 1.0e-04 | 0.0491 | 0.9037 | 0.8464 | 0.8328 | 0.0511 | 0.8886 | 0.8343 | 0.7926
Epoch 0105 | 00:53:20 |  11.4s | 1.0e-04 | 0.0487 | 0.9037 | 0.8489 | 0.8391 | 0.0509 | 0.8873 | 0.8366 | 0.7914
Epoch 0106 | 00:53:49 |  30.3s | 1.0e-04 | 0.0487 | 0.9034 | 0.8465 | 0.8328 | 0.0511 | 0.9109 | 0.8091 | 0.7984
Epoch 0107 | 00:54:38 |  25.1s | 1.0e-04 | 0.0486 | 0.9008 | 0.8433 | 0.8266 | 0.0492 | 0.8930 | 0.8267 | 0.7890
Epoch 0108 | 00:55:22 |  24.4s | 1.0e-04 | 0.0491 | 0.9018 | 0.8459 | 0.8321 | 0.0495 | 0.8968 | 0.8227 | 0.7911
Epoch 0109 | 00:56:01 |  23.1s | 1.0e-04 | 0.0493 | 0.9034 | 0.8496 | 0.8393 | 0.0496 | 0.8928 | 0.8366 | 0.8028
Epoch 0110 | 00:56:42 |  33.0s | 1.0e-04 | 0.0488 | 0.9036 | 0.8486 | 0.8374 | 0.0502 | 0.8975 | 0.8285 | 0.7989
Epoch 0111 | 00:57:33 |  22.2s | 1.0e-04 | 0.0485 | 0.9036 | 0.8482 | 0.8373 | 0.0499 | 0.9028 | 0.8152 | 0.7877
Epoch 0112 | 00:58:15 |  29.5s | 1.0e-04 | 0.0472 | 0.9039 | 0.8475 | 0.8358 | 0.0491 | 0.8844 | 0.8371 | 0.7896
Epoch 0113 | 00:59:02 |  24.2s | 1.0e-04 | 0.0471 | 0.9051 | 0.8494 | 0.8410 | 0.0512 | 0.8658 | 0.8589 | 0.7979
Epoch 0114 | 00:59:45 |  31.8s | 1.0e-04 | 0.0483 | 0.9047 | 0.8527 | 0.8468 | 0.0494 | 0.8863 | 0.8346 | 0.7874
Epoch 0115 | 01:00:33 |  28.9s | 1.0e-04 | 0.0480 | 0.9059 | 0.8539 | 0.8493 | 0.0498 | 0.8754 | 0.8446 | 0.7857
Epoch 0116 | 01:01:18 |  30.6s | 1.0e-04 | 0.0472 | 0.9045 | 0.8490 | 0.8380 | 0.0495 | 0.8877 | 0.8419 | 0.8022
Epoch 0117 | 01:02:08 |  21.7s | 1.0e-04 | 0.0465 | 0.9043 | 0.8474 | 0.8351 | 0.0499 | 0.8935 | 0.8335 | 0.7995
Epoch 0118 | 01:02:47 |  31.9s | 1.0e-04 | 0.0471 | 0.9032 | 0.8455 | 0.8325 | 0.0496 | 0.8842 | 0.8432 | 0.8000
Epoch 0119 | 01:03:34 |  21.5s | 1.0e-04 | 0.0478 | 0.9038 | 0.8500 | 0.8397 | 0.0490 | 0.8796 | 0.8349 | 0.7840
Epoch 0120 | 01:04:16 |  23.6s | 1.0e-04 | 0.0482 | 0.9071 | 0.8575 | 0.8563 | 0.0491 | 0.8816 | 0.8408 | 0.7908
Epoch 0121 | 01:05:00 |  31.8s | 1.0e-04 | 0.0484 | 0.9069 | 0.8585 | 0.8575 | 0.0496 | 0.8862 | 0.8417 | 0.8008
Epoch 0122 | 01:05:50 |  23.2s | 1.0e-04 | 0.0469 | 0.9062 | 0.8549 | 0.8507 | 0.0504 | 0.9092 | 0.8173 | 0.8040
Epoch 0123 | 01:06:28 |  31.3s | 1.0e-04 | 0.0469 | 0.9057 | 0.8530 | 0.8480 | 0.0485 | 0.8902 | 0.8325 | 0.7912
Epoch 0124 | 01:07:15 |  27.5s | 1.0e-04 | 0.0475 | 0.9058 | 0.8545 | 0.8507 | 0.0488 | 0.8901 | 0.8385 | 0.8004
Epoch 0125 | 01:08:04 |  29.4s | 1.0e-04 | 0.0474 | 0.9065 | 0.8567 | 0.8545 | 0.0489 | 0.8861 | 0.8440 | 0.8022
Epoch 0126 | 01:08:54 |  11.1s | 1.0e-04 | 0.0463 | 0.9062 | 0.8547 | 0.8504 | 0.0485 | 0.8849 | 0.8413 | 0.7976
Epoch 0127 | 01:09:23 |  38.9s | 1.0e-04 | 0.0460 | 0.9053 | 0.8522 | 0.8459 | 0.0491 | 0.8837 | 0.8531 | 0.8157
Epoch 0128 | 01:10:19 |  11.2s | 1.0e-04 | 0.0477 | 0.9065 | 0.8561 | 0.8534 | 0.0485 | 0.8950 | 0.8430 | 0.8156
Epoch 0129 | 01:10:47 |  43.8s | 1.0e-04 | 0.0475 | 0.9060 | 0.8551 | 0.8514 | 0.0486 | 0.8714 | 0.8533 | 0.7999
Epoch 0130 | 01:11:50 |  11.2s | 1.0e-04 | 0.0469 | 0.9048 | 0.8527 | 0.8465 | 0.0488 | 0.8960 | 0.8409 | 0.8158
Epoch 0131 | 01:12:21 |  40.4s | 1.0e-04 | 0.0471 | 0.9056 | 0.8537 | 0.8492 | 0.0484 | 0.8987 | 0.8347 | 0.8141
Epoch 0132 | 01:13:20 |  11.2s | 1.0e-04 | 0.0469 | 0.9060 | 0.8566 | 0.8534 | 0.0481 | 0.8897 | 0.8419 | 0.8047
Epoch 0133 | 01:13:52 |  39.9s | 1.0e-04 | 0.0468 | 0.9072 | 0.8591 | 0.8577 | 0.0487 | 0.8861 | 0.8468 | 0.8110
Epoch 0134 | 01:14:52 |  11.0s | 1.0e-04 | 0.0472 | 0.9084 | 0.8613 | 0.8631 | 0.0493 | 0.8805 | 0.8520 | 0.8105
Epoch 0135 | 01:15:19 |  43.7s | 1.0e-04 | 0.0469 | 0.9072 | 0.8589 | 0.8584 | 0.0489 | 0.8915 | 0.8384 | 0.8065
Epoch 0136 | 01:16:19 |  11.6s | 1.0e-04 | 0.0463 | 0.9075 | 0.8607 | 0.8609 | 0.0483 | 0.9035 | 0.8376 | 0.8250
Epoch 0137 | 01:16:49 |  43.8s | 1.0e-04 | 0.0462 | 0.9076 | 0.8593 | 0.8594 | 0.0484 | 0.9029 | 0.8325 | 0.8155
Epoch 0138 | 01:17:48 |  11.0s | 1.0e-04 | 0.0465 | 0.9090 | 0.8611 | 0.8632 | 0.0481 | 0.8912 | 0.8427 | 0.8084
Epoch 0139 | 01:18:18 |  46.6s | 1.0e-04 | 0.0470 | 0.9095 | 0.8634 | 0.8674 | 0.0487 | 0.8895 | 0.8448 | 0.8111
Epoch 0140 | 01:19:20 |  11.1s | 1.0e-04 | 0.0472 | 0.9096 | 0.8655 | 0.8698 | 0.0481 | 0.8913 | 0.8370 | 0.8026
Epoch 0141 | 01:19:48 |  39.8s | 1.0e-04 | 0.0472 | 0.9088 | 0.8642 | 0.8683 | 0.0479 | 0.8960 | 0.8414 | 0.8174
Epoch 0142 | 01:20:48 |  11.0s | 1.0e-04 | 0.0471 | 0.9082 | 0.8606 | 0.8614 | 0.0474 | 0.8919 | 0.8387 | 0.8039
Epoch 0143 | 01:21:15 |  48.5s | 1.0e-04 | 0.0454 | 0.9070 | 0.8587 | 0.8570 | 0.0478 | 0.9015 | 0.8263 | 0.8014
Epoch 0144 | 01:22:21 |  11.6s | 1.0e-04 | 0.0444 | 0.9088 | 0.8594 | 0.8610 | 0.0477 | 0.8983 | 0.8383 | 0.8148
Epoch 0145 | 01:22:50 |  40.2s | 1.0e-04 | 0.0456 | 0.9084 | 0.8609 | 0.8616 | 0.0473 | 0.8882 | 0.8444 | 0.8100
Epoch 0146 | 01:23:49 |  20.1s | 1.0e-04 | 0.0463 | 0.9086 | 0.8622 | 0.8645 | 0.0481 | 0.8912 | 0.8483 | 0.8199
Epoch 0147 | 01:24:27 |  40.2s | 1.0e-04 | 0.0452 | 0.9097 | 0.8639 | 0.8680 | 0.0485 | 0.8774 | 0.8594 | 0.8151
Epoch 0148 | 01:25:25 |  20.9s | 1.0e-04 | 0.0450 | 0.9099 | 0.8638 | 0.8679 | 0.0474 | 0.8959 | 0.8361 | 0.8065
Epoch 0149 | 01:26:05 |  36.7s | 1.0e-04 | 0.0452 | 0.9087 | 0.8616 | 0.8632 | 0.0474 | 0.8883 | 0.8536 | 0.8245
Epoch 0150 | 01:26:58 |  21.0s | 1.0e-04 | 0.0458 | 0.9080 | 0.8614 | 0.8626 | 0.0460 | 0.8930 | 0.8412 | 0.8094
Epoch 0151 | 01:27:36 |  32.5s | 1.0e-04 | 0.0456 | 0.9084 | 0.8633 | 0.8661 | 0.0475 | 0.8902 | 0.8529 | 0.8241
Epoch 0152 | 01:28:25 |  21.3s | 1.0e-04 | 0.0457 | 0.9091 | 0.8642 | 0.8683 | 0.0470 | 0.8925 | 0.8442 | 0.8101
Epoch 0153 | 01:29:04 |  31.9s | 1.0e-04 | 0.0449 | 0.9108 | 0.8668 | 0.8728 | 0.0480 | 0.9032 | 0.8357 | 0.8215
Epoch 0154 | 01:29:54 |  21.3s | 1.0e-04 | 0.0443 | 0.9109 | 0.8645 | 0.8695 | 0.0478 | 0.8864 | 0.8536 | 0.8182
Epoch 0155 | 01:30:32 |  31.3s | 1.0e-04 | 0.0455 | 0.9106 | 0.8671 | 0.8735 | 0.0474 | 0.8868 | 0.8538 | 0.8217
Epoch 0156 | 01:31:21 |  27.6s | 1.0e-04 | 0.0453 | 0.9107 | 0.8676 | 0.8742 | 0.0481 | 0.9040 | 0.8305 | 0.8129
Epoch 0157 | 01:32:05 |  33.4s | 1.0e-04 | 0.0444 | 0.9105 | 0.8641 | 0.8692 | 0.0480 | 0.8883 | 0.8521 | 0.8204
Epoch 0158 | 01:32:58 |  20.7s | 1.0e-04 | 0.0440 | 0.9103 | 0.8644 | 0.8688 | 0.0473 | 0.8884 | 0.8540 | 0.8243
Epoch 0159 | 01:33:36 |  38.3s | 1.0e-04 | 0.0451 | 0.9093 | 0.8641 | 0.8675 | 0.0473 | 0.8967 | 0.8490 | 0.8294
Epoch 0160 | 01:34:31 |  31.9s | 1.0e-04 | 0.0454 | 0.9096 | 0.8653 | 0.8700 | 0.0465 | 0.8922 | 0.8455 | 0.8173
Epoch 0161 | 01:35:20 |  35.6s | 1.0e-04 | 0.0464 | 0.9097 | 0.8675 | 0.8739 | 0.0460 | 0.8830 | 0.8544 | 0.8161
Epoch 0162 | 01:36:14 |  49.9s | 1.0e-04 | 0.0455 | 0.9097 | 0.8662 | 0.8705 | 0.0467 | 0.9047 | 0.8438 | 0.8361
Epoch 0163 | 01:37:21 |  19.0s | 1.0e-04 | 0.0449 | 0.9100 | 0.8658 | 0.8712 | 0.0472 | 0.8901 | 0.8480 | 0.8165
Epoch 0164 | 01:38:00 |  41.8s | 1.0e-04 | 0.0449 | 0.9106 | 0.8680 | 0.8744 | 0.0464 | 0.8994 | 0.8386 | 0.8182
Epoch 0165 | 01:39:02 |  21.0s | 1.0e-04 | 0.0438 | 0.9098 | 0.8646 | 0.8696 | 0.0465 | 0.8921 | 0.8541 | 0.8289
Epoch 0166 | 01:39:43 |  43.0s | 1.0e-04 | 0.0440 | 0.9104 | 0.8648 | 0.8693 | 0.0467 | 0.9030 | 0.8389 | 0.8248
Epoch 0167 | 01:40:44 |  11.5s | 1.0e-04 | 0.0443 | 0.9129 | 0.8711 | 0.8814 | 0.0474 | 0.8989 | 0.8334 | 0.8104
Epoch 0168 | 01:41:13 |  55.0s | 1.0e-04 | 0.0438 | 0.9121 | 0.8696 | 0.8780 | 0.0467 | 0.8910 | 0.8504 | 0.8210
Epoch 0169 | 01:42:26 |  11.1s | 1.0e-04 | 0.0429 | 0.9087 | 0.8610 | 0.8625 | 0.0464 | 0.8990 | 0.8443 | 0.8273
Epoch 0170 | 01:42:59 |  51.9s | 1.0e-04 | 0.0429 | 0.9103 | 0.8629 | 0.8660 | 0.0462 | 0.9001 | 0.8494 | 0.8326
Epoch 0171 | 01:44:09 |  10.8s | 1.0e-04 | 0.0441 | 0.9115 | 0.8688 | 0.8764 | 0.0462 | 0.8869 | 0.8514 | 0.8181
Epoch 0172 | 01:44:37 |  54.7s | 1.0e-04 | 0.0440 | 0.9107 | 0.8667 | 0.8728 | 0.0464 | 0.8795 | 0.8625 | 0.8259
Epoch 0173 | 01:45:49 |  11.2s | 1.0e-04 | 0.0433 | 0.9111 | 0.8677 | 0.8741 | 0.0465 | 0.8978 | 0.8433 | 0.8223
Epoch 0174 | 01:46:17 |  56.3s | 1.0e-04 | 0.0435 | 0.9112 | 0.8666 | 0.8721 | 0.0464 | 0.8915 | 0.8586 | 0.8349
Epoch 0175 | 01:47:31 |  11.2s | 1.0e-04 | 0.0436 | 0.9111 | 0.8676 | 0.8745 | 0.0459 | 0.8939 | 0.8467 | 0.8217
Epoch 0176 | 01:47:58 |  54.0s | 1.0e-04 | 0.0438 | 0.9119 | 0.8680 | 0.8761 | 0.0464 | 0.9079 | 0.8441 | 0.8406
Epoch 0177 | 01:49:10 |  11.8s | 1.0e-04 | 0.0447 | 0.9121 | 0.8696 | 0.8778 | 0.0472 | 0.8726 | 0.8646 | 0.8179
Epoch 0178 | 01:49:37 |  49.9s | 1.0e-04 | 0.0442 | 0.9133 | 0.8709 | 0.8806 | 0.0463 | 0.8960 | 0.8526 | 0.8334
Epoch 0179 | 01:50:44 |  11.3s | 1.0e-04 | 0.0437 | 0.9127 | 0.8719 | 0.8816 | 0.0460 | 0.8902 | 0.8464 | 0.8143
Epoch 0180 | 01:51:14 |  50.0s | 1.0e-04 | 0.0436 | 0.9118 | 0.8691 | 0.8765 | 0.0462 | 0.8888 | 0.8563 | 0.8272
Epoch 0181 | 01:52:25 |  11.0s | 1.0e-04 | 0.0433 | 0.9110 | 0.8659 | 0.8715 | 0.0454 | 0.8826 | 0.8573 | 0.8199
Epoch 0182 | 01:52:57 |  49.1s | 1.0e-04 | 0.0440 | 0.9121 | 0.8701 | 0.8787 | 0.0462 | 0.8913 | 0.8638 | 0.8436
Epoch 0183 | 01:54:04 |  11.3s | 1.0e-04 | 0.0448 | 0.9114 | 0.8711 | 0.8793 | 0.0455 | 0.8934 | 0.8593 | 0.8407
Epoch 0184 | 01:54:32 |  50.0s | 1.0e-04 | 0.0434 | 0.9106 | 0.8670 | 0.8726 | 0.0461 | 0.8969 | 0.8480 | 0.8265
Epoch 0185 | 01:55:39 |  11.2s | 1.0e-04 | 0.0426 | 0.9106 | 0.8668 | 0.8726 | 0.0454 | 0.8938 | 0.8558 | 0.8355
Epoch 0186 | 01:56:06 |  51.2s | 1.0e-04 | 0.0440 | 0.9108 | 0.8675 | 0.8732 | 0.0455 | 0.8986 | 0.8454 | 0.8270
Epoch 0187 | 01:57:17 |  21.4s | 1.0e-04 | 0.0445 | 0.9114 | 0.8692 | 0.8772 | 0.0449 | 0.8990 | 0.8554 | 0.8399
Epoch 0188 | 01:57:56 |  41.1s | 1.0e-04 | 0.0437 | 0.9122 | 0.8707 | 0.8804 | 0.0455 | 0.8968 | 0.8515 | 0.8361
Epoch 0189 | 01:58:57 |  23.2s | 1.0e-04 | 0.0431 | 0.9128 | 0.8711 | 0.8804 | 0.0463 | 0.8936 | 0.8539 | 0.8300
Epoch 0190 | 01:59:36 |  44.5s | 1.0e-04 | 0.0441 | 0.9111 | 0.8690 | 0.8766 | 0.0454 | 0.8959 | 0.8550 | 0.8366
Epoch 0191 | 02:00:37 |  24.6s | 1.0e-04 | 0.0439 | 0.9109 | 0.8683 | 0.8756 | 0.0448 | 0.8988 | 0.8539 | 0.8402
Epoch 0192 | 02:01:18 |  27.4s | 1.0e-04 | 0.0439 | 0.9123 | 0.8722 | 0.8818 | 0.0454 | 0.8922 | 0.8521 | 0.8283
Epoch 0193 | 02:02:06 |  30.2s | 1.0e-04 | 0.0437 | 0.9143 | 0.8757 | 0.8886 | 0.0455 | 0.8923 | 0.8592 | 0.8357
Epoch 0194 | 02:02:54 |  33.6s | 1.0e-04 | 0.0424 | 0.9123 | 0.8709 | 0.8802 | 0.0462 | 0.8868 | 0.8649 | 0.8358
Epoch 0195 | 02:03:44 |  29.8s | 1.0e-04 | 0.0425 | 0.9113 | 0.8686 | 0.8754 | 0.0465 | 0.8899 | 0.8643 | 0.8413
Epoch 0196 | 02:04:30 |  37.1s | 1.0e-04 | 0.0442 | 0.9122 | 0.8726 | 0.8829 | 0.0448 | 0.8998 | 0.8529 | 0.8393
Epoch 0197 | 02:05:25 |  32.3s | 1.0e-04 | 0.0441 | 0.9125 | 0.8734 | 0.8831 | 0.0450 | 0.8969 | 0.8533 | 0.8364
Epoch 0198 | 02:06:16 |  31.7s | 1.0e-04 | 0.0429 | 0.9119 | 0.8709 | 0.8792 | 0.0454 | 0.9026 | 0.8421 | 0.8320
Epoch 0199 | 02:07:10 |  33.1s | 1.0e-04 | 0.0429 | 0.9129 | 0.8730 | 0.8829 | 0.0446 | 0.8865 | 0.8585 | 0.8271
Epoch 0200 | 02:08:03 |  28.6s | 1.0e-04 | 0.0430 | 0.9130 | 0.8727 | 0.8828 | 0.0452 | 0.9039 | 0.8461 | 0.8351
Epoch 0201 | 02:08:52 |  35.6s | 1.0e-04 | 0.0431 | 0.9139 | 0.8737 | 0.8854 | 0.0448 | 0.8925 | 0.8557 | 0.8304
Epoch 0202 | 02:09:48 |  29.9s | 1.0e-04 | 0.0430 | 0.9137 | 0.8731 | 0.8841 | 0.0449 | 0.8925 | 0.8570 | 0.8318
Epoch 0203 | 02:10:35 |  33.0s | 1.0e-04 | 0.0429 | 0.9127 | 0.8709 | 0.8798 | 0.0450 | 0.9117 | 0.8399 | 0.8410
Epoch 0204 | 02:11:24 |  19.7s | 1.0e-04 | 0.0414 | 0.9132 | 0.8712 | 0.8812 | 0.0458 | 0.9070 | 0.8433 | 0.8379
Epoch 0205 | 02:12:03 |  49.1s | 1.0e-04 | 0.0411 | 0.9147 | 0.8729 | 0.8845 | 0.0468 | 0.9002 | 0.8461 | 0.8311
Epoch 0206 | 02:13:11 |  20.8s | 1.0e-04 | 0.0412 | 0.9162 | 0.8762 | 0.8902 | 0.0461 | 0.8928 | 0.8533 | 0.8289
Epoch 0207 | 02:13:51 |  40.8s | 1.0e-04 | 0.0410 | 0.9168 | 0.8777 | 0.8923 | 0.0467 | 0.8984 | 0.8504 | 0.8334
Epoch 0208 | 02:14:51 |  11.2s | 1.0e-04 | 0.0425 | 0.9146 | 0.8764 | 0.8897 | 0.0449 | 0.8965 | 0.8472 | 0.8250
Epoch 0209 | 02:15:18 |  53.4s | 1.0e-04 | 0.0427 | 0.9146 | 0.8754 | 0.8879 | 0.0448 | 0.8960 | 0.8635 | 0.8485
Epoch 0210 | 02:16:33 |  11.0s | 1.0e-04 | 0.0429 | 0.9133 | 0.8719 | 0.8815 | 0.0444 | 0.8919 | 0.8707 | 0.8510
Epoch 0211 | 02:17:03 |  51.1s | 1.0e-04 | 0.0434 | 0.9133 | 0.8729 | 0.8831 | 0.0447 | 0.8860 | 0.8699 | 0.8428
Epoch 0212 | 02:18:13 |  11.3s | 1.0e-04 | 0.0437 | 0.9137 | 0.8754 | 0.8873 | 0.0442 | 0.9128 | 0.8347 | 0.8361
Epoch 0213 | 02:18:43 |  47.4s | 1.0e-04 | 0.0434 | 0.9142 | 0.8751 | 0.8874 | 0.0454 | 0.9053 | 0.8542 | 0.8489
Epoch 0214 | 02:19:47 |  11.4s | 1.0e-04 | 0.0425 | 0.9149 | 0.8754 | 0.8877 | 0.0449 | 0.9028 | 0.8559 | 0.8466
Epoch 0215 | 02:20:19 |  54.2s | 1.0e-04 | 0.0426 | 0.9147 | 0.8766 | 0.8900 | 0.0448 | 0.9056 | 0.8489 | 0.8414
Epoch 0216 | 02:21:30 |  11.3s | 1.0e-04 | 0.0431 | 0.9148 | 0.8760 | 0.8895 | 0.0443 | 0.8923 | 0.8594 | 0.8354
Epoch 0217 | 02:21:58 |  51.0s | 1.0e-04 | 0.0427 | 0.9143 | 0.8772 | 0.8904 | 0.0447 | 0.8917 | 0.8640 | 0.8433
Epoch 0218 | 02:23:09 |  11.1s | 1.0e-04 | 0.0424 | 0.9150 | 0.8772 | 0.8909 | 0.0447 | 0.8882 | 0.8663 | 0.8395
Epoch 0219 | 02:23:40 |  48.8s | 1.0e-04 | 0.0416 | 0.9152 | 0.8746 | 0.8875 | 0.0444 | 0.9075 | 0.8520 | 0.8487
Epoch 0220 | 02:24:49 |  11.3s | 1.0e-04 | 0.0404 | 0.9145 | 0.8718 | 0.8827 | 0.0447 | 0.9001 | 0.8543 | 0.8429
Epoch 0221 | 02:25:20 |  56.7s | 1.0e-04 | 0.0413 | 0.9158 | 0.8755 | 0.8894 | 0.0444 | 0.9037 | 0.8403 | 0.8246
Epoch 0222 | 02:26:32 |  11.8s | 1.0e-04 | 0.0420 | 0.9161 | 0.8767 | 0.8911 | 0.0445 | 0.9004 | 0.8655 | 0.8557
Epoch 0223 | 02:27:01 |  55.3s | 1.0e-04 | 0.0422 | 0.9156 | 0.8764 | 0.8903 | 0.0442 | 0.8982 | 0.8590 | 0.8448
Epoch 0224 | 02:28:15 |  11.4s | 1.0e-04 | 0.0418 | 0.9158 | 0.8762 | 0.8898 | 0.0440 | 0.9027 | 0.8536 | 0.8446
Epoch 0225 | 02:28:42 |  53.0s | 1.0e-04 | 0.0402 | 0.9174 | 0.8783 | 0.8944 | 0.0443 | 0.8985 | 0.8544 | 0.8359
Epoch 0226 | 02:29:56 |  11.0s | 1.0e-04 | 0.0398 | 0.9177 | 0.8778 | 0.8938 | 0.0458 | 0.9028 | 0.8561 | 0.8480
Epoch 0227 | 02:30:25 |  50.8s | 1.0e-04 | 0.0422 | 0.9164 | 0.8796 | 0.8948 | 0.0446 | 0.8858 | 0.8681 | 0.8401
Epoch 0228 | 02:31:35 |  11.1s | 1.0e-04 | 0.0426 | 0.9165 | 0.8801 | 0.8958 | 0.0446 | 0.9011 | 0.8526 | 0.8419
Epoch 0229 | 02:32:06 |  43.9s | 1.0e-04 | 0.0424 | 0.9167 | 0.8811 | 0.8973 | 0.0447 | 0.9049 | 0.8452 | 0.8353
Epoch 0230 | 02:33:07 |  20.6s | 1.0e-04 | 0.0424 | 0.9172 | 0.8826 | 0.8993 | 0.0449 | 0.9115 | 0.8494 | 0.8521
Epoch 0231 | 02:33:44 |  44.0s | 1.0e-04 | 0.0415 | 0.9185 | 0.8804 | 0.8982 | 0.0449 | 0.8877 | 0.8618 | 0.8346
Epoch 0232 | 02:34:44 |  21.5s | 1.0e-04 | 0.0410 | 0.9188 | 0.8813 | 0.8992 | 0.0443 | 0.8974 | 0.8546 | 0.8349
Epoch 0233 | 02:35:27 |  31.0s | 1.0e-04 | 0.0403 | 0.9166 | 0.8777 | 0.8924 | 0.0440 | 0.9104 | 0.8355 | 0.8314
Epoch 0234 | 02:36:18 |  36.4s | 1.0e-04 | 0.0402 | 0.9163 | 0.8747 | 0.8883 | 0.0446 | 0.9080 | 0.8500 | 0.8453
Epoch 0235 | 02:37:11 |  31.0s | 1.0e-04 | 0.0423 | 0.9175 | 0.8823 | 0.8992 | 0.0439 | 0.8947 | 0.8602 | 0.8389
Epoch 0236 | 02:37:58 |  35.0s | 1.0e-04 | 0.0425 | 0.9184 | 0.8846 | 0.9030 | 0.0448 | 0.8947 | 0.8665 | 0.8492
Epoch 0237 | 02:38:48 |  31.3s | 1.0e-04 | 0.0415 | 0.9161 | 0.8784 | 0.8935 | 0.0445 | 0.8847 | 0.8743 | 0.8472
Epoch 0238 | 02:39:39 |  34.1s | 1.0e-04 | 0.0415 | 0.9158 | 0.8776 | 0.8918 | 0.0449 | 0.8949 | 0.8705 | 0.8554
Epoch 0239 | 02:40:31 |  28.0s | 1.0e-04 | 0.0402 | 0.9177 | 0.8785 | 0.8945 | 0.0439 | 0.9036 | 0.8543 | 0.8457
Epoch 0240 | 02:41:19 |  32.0s | 1.0e-04 | 0.0402 | 0.9171 | 0.8781 | 0.8934 | 0.0450 | 0.8922 | 0.8681 | 0.8495
Epoch 0241 | 02:42:12 |  29.9s | 1.0e-04 | 0.0403 | 0.9169 | 0.8770 | 0.8920 | 0.0436 | 0.8987 | 0.8617 | 0.8479
Epoch 0242 | 02:43:00 |  29.7s | 1.0e-04 | 0.0407 | 0.9164 | 0.8757 | 0.8898 | 0.0439 | 0.9123 | 0.8419 | 0.8409
Epoch 0243 | 02:43:48 |  31.0s | 1.0e-04 | 0.0418 | 0.9175 | 0.8803 | 0.8968 | 0.0432 | 0.8915 | 0.8651 | 0.8414
Epoch 0244 | 02:44:35 |  30.3s | 1.0e-04 | 0.0417 | 0.9164 | 0.8788 | 0.8939 | 0.0433 | 0.9100 | 0.8527 | 0.8534
Epoch 0245 | 02:45:26 |  20.8s | 1.0e-04 | 0.0400 | 0.9151 | 0.8730 | 0.8850 | 0.0434 | 0.9082 | 0.8547 | 0.8524
Epoch 0246 | 02:46:08 |  37.4s | 1.0e-04 | 0.0400 | 0.9159 | 0.8750 | 0.8888 | 0.0437 | 0.9031 | 0.8650 | 0.8593
Epoch 0247 | 02:47:07 |  19.6s | 1.0e-04 | 0.0408 | 0.9171 | 0.8786 | 0.8947 | 0.0442 | 0.8993 | 0.8677 | 0.8561
Epoch 0248 | 02:47:44 |  41.3s | 1.0e-04 | 0.0405 | 0.9184 | 0.8807 | 0.8979 | 0.0436 | 0.8965 | 0.8610 | 0.8451
Epoch 0249 | 02:48:45 |  19.7s | 1.0e-04 | 0.0400 | 0.9195 | 0.8823 | 0.9009 | 0.0441 | 0.8994 | 0.8501 | 0.8310
Epoch 0250 | 02:49:22 |  39.7s | 1.0e-04 | 0.0399 | 0.9189 | 0.8813 | 0.8990 | 0.0452 | 0.9043 | 0.8546 | 0.8477
Epoch 0251 | 02:50:19 |  11.4s | 1.0e-04 | 0.0403 | 0.9177 | 0.8793 | 0.8957 | 0.0437 | 0.8984 | 0.8632 | 0.8502
Epoch 0252 | 02:50:50 |  51.7s | 1.0e-04 | 0.0403 | 0.9173 | 0.8774 | 0.8928 | 0.0436 | 0.9090 | 0.8547 | 0.8535
Epoch 0253 | 02:51:59 |  10.9s | 1.0e-04 | 0.0412 | 0.9166 | 0.8783 | 0.8941 | 0.0434 | 0.8975 | 0.8664 | 0.8523
Epoch 0254 | 02:52:30 |  55.1s | 1.0e-04 | 0.0407 | 0.9179 | 0.8809 | 0.8981 | 0.0437 | 0.9007 | 0.8663 | 0.8572
Epoch 0255 | 02:53:46 |  11.2s | 1.0e-04 | 0.0404 | 0.9183 | 0.8809 | 0.8982 | 0.0435 | 0.8951 | 0.8618 | 0.8415
Epoch 0256 | 02:54:13 |  51.6s | 1.0e-04 | 0.0404 | 0.9191 | 0.8805 | 0.8983 | 0.0444 | 0.9043 | 0.8597 | 0.8539
Epoch 0257 | 02:55:22 |  11.1s | 1.0e-04 | 0.0401 | 0.9190 | 0.8813 | 0.8997 | 0.0441 | 0.9112 | 0.8470 | 0.8484
Epoch 0258 | 02:55:52 |  52.5s | 1.0e-04 | 0.0396 | 0.9181 | 0.8792 | 0.8964 | 0.0427 | 0.9011 | 0.8629 | 0.8540
Epoch 0259 | 02:57:01 |  11.0s | 1.0e-04 | 0.0400 | 0.9185 | 0.8793 | 0.8962 | 0.0428 | 0.8996 | 0.8602 | 0.8489
Epoch 0260 | 02:57:31 |  46.2s | 1.0e-04 | 0.0406 | 0.9177 | 0.8801 | 0.8974 | 0.0438 | 0.8992 | 0.8618 | 0.8463
Epoch 0261 | 02:58:36 |  10.9s | 1.0e-04 | 0.0414 | 0.9181 | 0.8821 | 0.8997 | 0.0436 | 0.8833 | 0.8808 | 0.8553
Epoch 0262 | 02:59:03 |  52.3s | 1.0e-04 | 0.0407 | 0.9186 | 0.8822 | 0.8998 | 0.0431 | 0.9023 | 0.8632 | 0.8564
Epoch 0263 | 03:00:17 |  11.1s | 1.0e-04 | 0.0404 | 0.9192 | 0.8804 | 0.8985 | 0.0430 | 0.8983 | 0.8645 | 0.8514
Epoch 0264 | 03:00:44 |  58.3s | 1.0e-04 | 0.0407 | 0.9177 | 0.8793 | 0.8956 | 0.0428 | 0.9046 | 0.8623 | 0.8591
Epoch 0265 | 03:02:03 |  11.1s | 1.0e-04 | 0.0407 | 0.9179 | 0.8788 | 0.8947 | 0.0426 | 0.9118 | 0.8651 | 0.8708
Epoch 0266 | 03:02:32 |  56.3s | 1.0e-04 | 0.0402 | 0.9195 | 0.8827 | 0.9012 | 0.0431 | 0.8989 | 0.8678 | 0.8554
Epoch 0267 | 03:03:45 |  11.3s | 1.0e-04 | 0.0396 | 0.9203 | 0.8846 | 0.9048 | 0.0435 | 0.8912 | 0.8680 | 0.8456
Epoch 0268 | 03:04:15 |  55.7s | 1.0e-04 | 0.0398 | 0.9193 | 0.8817 | 0.9003 | 0.0433 | 0.9044 | 0.8688 | 0.8643
Epoch 0269 | 03:05:27 |  11.2s | 1.0e-04 | 0.0396 | 0.9188 | 0.8803 | 0.8980 | 0.0428 | 0.8973 | 0.8672 | 0.8534
Epoch 0270 | 03:06:00 |  39.6s | 1.0e-04 | 0.0400 | 0.9192 | 0.8811 | 0.8992 | 0.0428 | 0.9034 | 0.8598 | 0.8524
Epoch 0271 | 03:06:57 |  21.4s | 1.0e-04 | 0.0403 | 0.9185 | 0.8810 | 0.8990 | 0.0427 | 0.9027 | 0.8657 | 0.8571
Epoch 0272 | 03:07:38 |  41.8s | 1.0e-04 | 0.0405 | 0.9190 | 0.8810 | 0.8990 | 0.0430 | 0.9052 | 0.8680 | 0.8648
Epoch 0273 | 03:08:36 |  21.6s | 1.0e-04 | 0.0403 | 0.9197 | 0.8819 | 0.9012 | 0.0431 | 0.8871 | 0.8723 | 0.8470
Epoch 0274 | 03:09:14 |  39.1s | 1.0e-04 | 0.0402 | 0.9191 | 0.8825 | 0.9012 | 0.0420 | 0.9098 | 0.8568 | 0.8551
Epoch 0275 | 03:10:11 |  20.1s | 1.0e-04 | 0.0398 | 0.9200 | 0.8826 | 0.9016 | 0.0425 | 0.8945 | 0.8704 | 0.8527
Epoch 0276 | 03:10:50 |  30.5s | 1.0e-04 | 0.0390 | 0.9203 | 0.8823 | 0.9012 | 0.0435 | 0.8953 | 0.8610 | 0.8417
Epoch 0277 | 03:11:40 |  31.7s | 1.0e-04 | 0.0392 | 0.9203 | 0.8820 | 0.9013 | 0.0433 | 0.8988 | 0.8683 | 0.8547
Epoch 0278 | 03:12:29 |  31.1s | 1.0e-04 | 0.0393 | 0.9200 | 0.8815 | 0.9002 | 0.0429 | 0.8986 | 0.8725 | 0.8619
Epoch 0279 | 03:13:18 |  30.3s | 1.0e-04 | 0.0390 | 0.9205 | 0.8809 | 0.8998 | 0.0427 | 0.8983 | 0.8712 | 0.8597
Epoch 0280 | 03:14:07 |  28.0s | 1.0e-04 | 0.0394 | 0.9205 | 0.8815 | 0.9010 | 0.0423 | 0.8951 | 0.8763 | 0.8622
Epoch 0281 | 03:14:52 |  31.4s | 1.0e-04 | 0.0398 | 0.9198 | 0.8831 | 0.9019 | 0.0434 | 0.8966 | 0.8733 | 0.8604
Epoch 0282 | 03:15:42 |  34.3s | 1.0e-04 | 0.0409 | 0.9207 | 0.8861 | 0.9068 | 0.0434 | 0.9160 | 0.8421 | 0.8471
Epoch 0283 | 03:16:37 |  22.1s | 1.0e-04 | 0.0405 | 0.9213 | 0.8873 | 0.9089 | 0.0427 | 0.9012 | 0.8650 | 0.8562
Epoch 0284 | 03:17:18 |  33.0s | 1.0e-04 | 0.0393 | 0.9214 | 0.8847 | 0.9053 | 0.0423 | 0.9096 | 0.8529 | 0.8531
Epoch 0285 | 03:18:09 |  21.3s | 1.0e-04 | 0.0392 | 0.9218 | 0.8848 | 0.9062 | 0.0427 | 0.9070 | 0.8582 | 0.8540
Epoch 0286 | 03:18:46 |  33.5s | 1.0e-04 | 0.0404 | 0.9192 | 0.8813 | 0.8997 | 0.0411 | 0.9119 | 0.8527 | 0.8521
Epoch 0287 | 03:19:36 |  32.0s | 1.0e-04 | 0.0403 | 0.9193 | 0.8815 | 0.8998 | 0.0417 | 0.9203 | 0.8472 | 0.8592
Epoch 0288 | 03:20:27 |  20.2s | 1.0e-04 | 0.0389 | 0.9202 | 0.8805 | 0.8998 | 0.0426 | 0.9057 | 0.8630 | 0.8575
Epoch 0289 | 03:21:05 |  34.5s | 1.0e-04 | 0.0386 | 0.9195 | 0.8794 | 0.8972 | 0.0428 | 0.9071 | 0.8556 | 0.8483
Epoch 0290 | 03:21:55 |  20.5s | 1.0e-04 | 0.0385 | 0.9203 | 0.8798 | 0.8988 | 0.0416 | 0.9059 | 0.8638 | 0.8583
Epoch 0291 | 03:22:34 |  33.1s | 1.0e-04 | 0.0389 | 0.9188 | 0.8799 | 0.8970 | 0.0430 | 0.9118 | 0.8528 | 0.8536
Epoch 0292 | 03:23:28 |  11.1s | 1.0e-04 | 0.0376 | 0.9190 | 0.8772 | 0.8937 | 0.0428 | 0.9154 | 0.8535 | 0.8601
Epoch 0293 | 03:23:56 |  45.4s | 1.0e-04 | 0.0383 | 0.9196 | 0.8784 | 0.8958 | 0.0424 | 0.9029 | 0.8690 | 0.8635
Epoch 0294 | 03:25:02 |  11.5s | 1.0e-04 | 0.0394 | 0.9206 | 0.8823 | 0.9017 | 0.0423 | 0.9080 | 0.8664 | 0.8642
Epoch 0295 | 03:25:30 |  43.4s | 1.0e-04 | 0.0393 | 0.9215 | 0.8854 | 0.9065 | 0.0427 | 0.8989 | 0.8740 | 0.8634
Epoch 0296 | 03:26:32 |  11.0s | 1.0e-04 | 0.0391 | 0.9217 | 0.8848 | 0.9057 | 0.0422 | 0.9140 | 0.8546 | 0.8578
Epoch 0297 | 03:27:00 |  45.8s | 1.0e-04 | 0.0391 | 0.9207 | 0.8833 | 0.9035 | 0.0419 | 0.9010 | 0.8704 | 0.8611
Epoch 0298 | 03:28:06 |  11.1s | 1.0e-04 | 0.0396 | 0.9202 | 0.8822 | 0.9015 | 0.0427 | 0.8930 | 0.8750 | 0.8563
Epoch 0299 | 03:28:34 |  45.3s | 1.0e-04 | 0.0388 | 0.9214 | 0.8836 | 0.9042 | 0.0427 | 0.9113 | 0.8607 | 0.8649
Epoch 0300 | 03:29:39 |  11.6s | 1.0e-04 | 0.0394 | 0.9205 | 0.8846 | 0.9047 | 0.0420 | 0.9056 | 0.8623 | 0.8551
Epoch 0301 | 03:30:09 |  46.4s | 1.0e-04 | 0.0397 | 0.9213 | 0.8870 | 0.9085 | 0.0421 | 0.9100 | 0.8542 | 0.8516
Epoch 0302 | 03:31:12 |  11.2s | 1.0e-04 | 0.0395 | 0.9216 | 0.8852 | 0.9069 | 0.0432 | 0.9004 | 0.8728 | 0.8635
Epoch 0303 | 03:31:41 |  50.1s | 1.0e-04 | 0.0395 | 0.9223 | 0.8872 | 0.9090 | 0.0424 | 0.9124 | 0.8555 | 0.8579
Epoch 0304 | 03:32:51 |  11.1s | 1.0e-04 | 0.0396 | 0.9218 | 0.8870 | 0.9085 | 0.0426 | 0.9000 | 0.8691 | 0.8581
Epoch 0305 | 03:33:18 |  47.9s | 1.0e-04 | 0.0395 | 0.9211 | 0.8839 | 0.9046 | 0.0412 | 0.9049 | 0.8766 | 0.8744
Epoch 0306 | 03:34:25 |  11.3s | 1.0e-04 | 0.0395 | 0.9198 | 0.8809 | 0.9002 | 0.0422 | 0.9048 | 0.8742 | 0.8732
Epoch 0307 | 03:34:53 |  45.2s | 1.0e-04 | 0.0385 | 0.9219 | 0.8842 | 0.9055 | 0.0423 | 0.9027 | 0.8630 | 0.8539
Epoch 0308 | 03:35:59 |  10.9s | 1.0e-04 | 0.0381 | 0.9238 | 0.8870 | 0.9103 | 0.0427 | 0.9014 | 0.8719 | 0.8646
Epoch 0309 | 03:36:27 |  45.4s | 1.0e-04 | 0.0393 | 0.9220 | 0.8856 | 0.9076 | 0.0423 | 0.8957 | 0.8725 | 0.8592
Epoch 0310 | 03:37:31 |  11.2s | 1.0e-04 | 0.0393 | 0.9226 | 0.8854 | 0.9073 | 0.0421 | 0.8935 | 0.8755 | 0.8600
Epoch 0311 | 03:37:58 |  45.9s | 1.0e-04 | 0.0386 | 0.9213 | 0.8824 | 0.9028 | 0.0427 | 0.8901 | 0.8808 | 0.8624
Epoch 0312 | 03:39:00 |  21.2s | 1.0e-04 | 0.0391 | 0.9200 | 0.8806 | 0.8996 | 0.0421 | 0.9150 | 0.8571 | 0.8654
Epoch 0313 | 03:39:39 |  35.1s | 1.0e-04 | 0.0390 | 0.9215 | 0.8852 | 0.9067 | 0.0418 | 0.9012 | 0.8704 | 0.8621
Epoch 0314 | 03:40:33 |  20.7s | 1.0e-04 | 0.0391 | 0.9218 | 0.8847 | 0.9064 | 0.0429 | 0.9066 | 0.8642 | 0.8623
Epoch 0315 | 03:41:09 |  30.8s | 1.0e-04 | 0.0387 | 0.9220 | 0.8849 | 0.9069 | 0.0417 | 0.9032 | 0.8687 | 0.8636
Epoch 0316 | 03:41:57 |  21.3s | 1.0e-04 | 0.0388 | 0.9211 | 0.8842 | 0.9052 | 0.0421 | 0.8930 | 0.8762 | 0.8601
Epoch 0317 | 03:42:39 |  28.0s | 1.0e-04 | 0.0393 | 0.9226 | 0.8874 | 0.9102 | 0.0421 | 0.9097 | 0.8662 | 0.8664
Epoch 0318 | 03:43:30 |  23.0s | 1.0e-04 | 0.0392 | 0.9237 | 0.8888 | 0.9129 | 0.0427 | 0.8978 | 0.8646 | 0.8487
Epoch 0319 | 03:44:11 |  30.2s | 1.0e-04 | 0.0381 | 0.9241 | 0.8887 | 0.9127 | 0.0416 | 0.9015 | 0.8668 | 0.8591
Epoch 0320 | 03:45:00 |  21.8s | 1.0e-04 | 0.0380 | 0.9238 | 0.8872 | 0.9110 | 0.0422 | 0.9023 | 0.8693 | 0.8636
Epoch 0321 | 03:45:41 |  34.1s | 1.0e-04 | 0.0393 | 0.9235 | 0.8885 | 0.9120 | 0.0421 | 0.9010 | 0.8713 | 0.8630
Epoch 0322 | 03:46:36 |  20.1s | 1.0e-04 | 0.0393 | 0.9235 | 0.8889 | 0.9126 | 0.0417 | 0.9062 | 0.8726 | 0.8717
Epoch 0323 | 03:47:12 |  30.6s | 1.0e-04 | 0.0393 | 0.9216 | 0.8840 | 0.9047 | 0.0413 | 0.9056 | 0.8684 | 0.8655
Epoch 0324 | 03:48:00 |  26.8s | 1.0e-04 | 0.0390 | 0.9220 | 0.8856 | 0.9072 | 0.0421 | 0.9128 | 0.8646 | 0.8699
Epoch 0325 | 03:48:46 |  29.5s | 1.0e-04 | 0.0384 | 0.9217 | 0.8835 | 0.9048 | 0.0418 | 0.9003 | 0.8672 | 0.8550
Epoch 0326 | 03:49:36 |  25.0s | 1.0e-04 | 0.0381 | 0.9225 | 0.8846 | 0.9067 | 0.0420 | 0.9121 | 0.8605 | 0.8638
Epoch 0327 | 03:50:17 |  31.8s | 1.0e-04 | 0.0391 | 0.9229 | 0.8860 | 0.9084 | 0.0418 | 0.9162 | 0.8511 | 0.8586
Epoch 0328 | 03:51:05 |  23.7s | 1.0e-04 | 0.0390 | 0.9229 | 0.8874 | 0.9104 | 0.0414 | 0.9096 | 0.8622 | 0.8617
Epoch 0329 | 03:51:47 |  20.7s | 1.0e-04 | 0.0379 | 0.9237 | 0.8863 | 0.9096 | 0.0426 | 0.9109 | 0.8619 | 0.8650
Epoch 0330 | 03:52:26 |  32.8s | 1.0e-04 | 0.0379 | 0.9224 | 0.8842 | 0.9062 | 0.0409 | 0.9048 | 0.8718 | 0.8669
Epoch 0331 | 03:53:17 |  22.0s | 1.0e-04 | 0.0397 | 0.9210 | 0.8843 | 0.9046 | 0.0410 | 0.8994 | 0.8734 | 0.8638
Epoch 0332 | 03:53:57 |  32.6s | 1.0e-04 | 0.0396 | 0.9225 | 0.8867 | 0.9091 | 0.0420 | 0.9052 | 0.8676 | 0.8622
Epoch 0333 | 03:54:47 |  11.4s | 1.0e-04 | 0.0386 | 0.9253 | 0.8926 | 0.9180 | 0.0420 | 0.9128 | 0.8576 | 0.8602
Epoch 0334 | 03:55:17 |  42.7s | 1.0e-04 | 0.0386 | 0.9253 | 0.8920 | 0.9179 | 0.0425 | 0.9008 | 0.8661 | 0.8557
Epoch 0335 | 03:56:20 |  11.1s | 1.0e-04 | 0.0381 | 0.9243 | 0.8894 | 0.9136 | 0.0430 | 0.9191 | 0.8465 | 0.8569
Epoch 0336 | 03:56:48 |  41.6s | 1.0e-04 | 0.0388 | 0.9232 | 0.8874 | 0.9108 | 0.0417 | 0.9086 | 0.8679 | 0.8700
Epoch 0337 | 03:57:46 |  11.1s | 1.0e-04 | 0.0390 | 0.9221 | 0.8850 | 0.9068 | 0.0413 | 0.9068 | 0.8712 | 0.8706
Epoch 0338 | 03:58:18 |  38.9s | 1.0e-04 | 0.0384 | 0.9236 | 0.8866 | 0.9098 | 0.0417 | 0.9048 | 0.8591 | 0.8490
Epoch 0339 | 03:59:13 |  11.0s | 1.0e-04 | 0.0376 | 0.9250 | 0.8885 | 0.9141 | 0.0419 | 0.9096 | 0.8724 | 0.8764
Epoch 0340 | 03:59:40 |  47.5s | 1.0e-04 | 0.0375 | 0.9247 | 0.8891 | 0.9135 | 0.0418 | 0.8989 | 0.8755 | 0.8662
Epoch 0341 | 04:00:44 |  11.6s | 1.0e-04 | 0.0379 | 0.9245 | 0.8869 | 0.9111 | 0.0416 | 0.9124 | 0.8616 | 0.8667
Epoch 0342 | 04:01:12 |  52.1s | 1.0e-04 | 0.0376 | 0.9249 | 0.8900 | 0.9152 | 0.0416 | 0.9142 | 0.8518 | 0.8583
Epoch 0343 | 04:02:20 |  10.8s | 1.0e-04 | 0.0390 | 0.9243 | 0.8907 | 0.9152 | 0.0421 | 0.9022 | 0.8694 | 0.8609
Epoch 0344 | 04:02:49 |  50.1s | 1.0e-04 | 0.0386 | 0.9237 | 0.8884 | 0.9121 | 0.0410 | 0.9104 | 0.8715 | 0.8754
Epoch 0345 | 04:03:55 |  11.1s | 1.0e-04 | 0.0386 | 0.9222 | 0.8855 | 0.9077 | 0.0413 | 0.9166 | 0.8585 | 0.8680
Epoch 0346 | 04:04:24 |  43.2s | 1.0e-04 | 0.0382 | 0.9233 | 0.8873 | 0.9107 | 0.0412 | 0.9073 | 0.8670 | 0.8667
Epoch 0347 | 04:05:23 |  11.0s | 1.0e-04 | 0.0375 | 0.9236 | 0.8859 | 0.9088 | 0.0415 | 0.9079 | 0.8671 | 0.8656
Epoch 0348 | 04:05:54 |  46.7s | 1.0e-04 | 0.0384 | 0.9234 | 0.8860 | 0.9091 | 0.0413 | 0.9079 | 0.8766 | 0.8809
Epoch 0349 | 04:06:59 |  10.8s | 1.0e-04 | 0.0386 | 0.9238 | 0.8888 | 0.9125 | 0.0413 | 0.9030 | 0.8775 | 0.8741
Epoch 0350 | 04:07:28 |  47.7s | 1.0e-04 | 0.0390 | 0.9247 | 0.8903 | 0.9150 | 0.0414 | 0.9126 | 0.8609 | 0.8660
Epoch 0351 | 04:08:34 |  11.3s | 1.0e-04 | 0.0392 | 0.9250 | 0.8915 | 0.9170 | 0.0417 | 0.9059 | 0.8644 | 0.8620
Epoch 0352 | 04:09:01 |  44.9s | 1.0e-04 | 0.0379 | 0.9244 | 0.8884 | 0.9126 | 0.0413 | 0.9152 | 0.8641 | 0.8736
Epoch 0353 | 04:10:02 |  11.8s | 1.0e-04 | 0.0374 | 0.9251 | 0.8871 | 0.9119 | 0.0416 | 0.9054 | 0.8704 | 0.8668
Epoch 0354 | 04:10:33 |  29.4s | 1.0e-04 | 0.0377 | 0.9251 | 0.8894 | 0.9144 | 0.0416 | 0.9169 | 0.8644 | 0.8766
Epoch 0355 | 04:11:23 |  21.4s | 1.0e-04 | 0.0375 | 0.9254 | 0.8901 | 0.9158 | 0.0409 | 0.9076 | 0.8627 | 0.8614
Epoch 0356 | 04:12:02 |  34.2s | 1.0e-04 | 0.0394 | 0.9245 | 0.8911 | 0.9156 | 0.0416 | 0.8939 | 0.8819 | 0.8691
Epoch 0357 | 04:12:52 |  21.4s | 1.0e-04 | 0.0394 | 0.9250 | 0.8935 | 0.9187 | 0.0406 | 0.9071 | 0.8643 | 0.8624
Epoch 0358 | 04:13:31 |  32.7s | 1.0e-04 | 0.0380 | 0.9249 | 0.8903 | 0.9153 | 0.0408 | 0.9093 | 0.8633 | 0.8629
Epoch 0359 | 04:14:23 |  20.5s | 1.0e-04 | 0.0378 | 0.9255 | 0.8910 | 0.9170 | 0.0414 | 0.9148 | 0.8645 | 0.8742
Epoch 0360 | 04:14:59 |  39.1s | 1.0e-04 | 0.0384 | 0.9249 | 0.8903 | 0.9156 | 0.0413 | 0.9102 | 0.8727 | 0.8765
Epoch 0361 | 04:15:54 |  21.5s | 1.0e-04 | 0.0381 | 0.9257 | 0.8916 | 0.9177 | 0.0420 | 0.9097 | 0.8676 | 0.8690
Epoch 0362 | 04:16:36 |  29.3s | 1.0e-04 | 0.0375 | 0.9258 | 0.8910 | 0.9171 | 0.0415 | 0.9112 | 0.8644 | 0.8685
Epoch 0363 | 04:17:25 |  24.0s | 1.0e-04 | 0.0370 | 0.9264 | 0.8915 | 0.9179 | 0.0409 | 0.9062 | 0.8631 | 0.8594
Epoch 0364 | 04:18:04 |  35.3s | 1.0e-04 | 0.0364 | 0.9263 | 0.8906 | 0.9169 | 0.0410 | 0.9028 | 0.8732 | 0.8671
Epoch 0365 | 04:18:55 |  23.7s | 1.0e-04 | 0.0366 | 0.9263 | 0.8910 | 0.9174 | 0.0415 | 0.9092 | 0.8745 | 0.8779
Epoch 0366 | 04:19:35 |  33.1s | 1.0e-04 | 0.0369 | 0.9272 | 0.8924 | 0.9198 | 0.0417 | 0.9130 | 0.8589 | 0.8638
Epoch 0367 | 04:20:25 |  21.9s | 1.0e-04 | 0.0372 | 0.9263 | 0.8921 | 0.9185 | 0.0418 | 0.9129 | 0.8646 | 0.8700
Epoch 0368 | 04:21:05 |  31.8s | 1.0e-04 | 0.0387 | 0.9253 | 0.8906 | 0.9160 | 0.0406 | 0.9039 | 0.8681 | 0.8626
Epoch 0369 | 04:21:55 |  21.8s | 1.0e-04 | 0.0385 | 0.9248 | 0.8906 | 0.9155 | 0.0406 | 0.9138 | 0.8638 | 0.8701
Epoch 0370 | 04:22:38 |  20.3s | 1.0e-04 | 0.0375 | 0.9247 | 0.8871 | 0.9117 | 0.0410 | 0.8958 | 0.8779 | 0.8654
Epoch 0371 | 04:23:16 |  34.1s | 1.0e-04 | 0.0378 | 0.9243 | 0.8874 | 0.9120 | 0.0406 | 0.9018 | 0.8755 | 0.8679
Epoch 0372 | 04:24:06 |  21.6s | 1.0e-04 | 0.0382 | 0.9250 | 0.8884 | 0.9135 | 0.0420 | 0.8948 | 0.8653 | 0.8475
Epoch 0373 | 04:24:44 |  35.4s | 1.0e-04 | 0.0379 | 0.9244 | 0.8885 | 0.9126 | 0.0407 | 0.9170 | 0.8589 | 0.8679
Epoch 0374 | 04:25:35 |  20.6s | 1.0e-04 | 0.0381 | 0.9248 | 0.8882 | 0.9130 | 0.0404 | 0.9084 | 0.8755 | 0.8789
Epoch 0375 | 04:26:13 |  37.6s | 1.0e-04 | 0.0374 | 0.9258 | 0.8901 | 0.9160 | 0.0412 | 0.9133 | 0.8708 | 0.8794
Epoch 0376 | 04:27:08 |  11.1s | 1.0e-04 | 0.0363 | 0.9265 | 0.8889 | 0.9152 | 0.0415 | 0.9048 | 0.8709 | 0.8673
Epoch 0377 | 04:27:37 |  45.8s | 1.0e-04 | 0.0361 | 0.9260 | 0.8870 | 0.9126 | 0.0408 | 0.9115 | 0.8635 | 0.8665
Epoch 0378 | 04:28:42 |  11.2s | 1.0e-04 | 0.0364 | 0.9269 | 0.8892 | 0.9156 | 0.0419 | 0.9111 | 0.8634 | 0.8673
Epoch 0379 | 04:29:10 |  45.0s | 1.0e-04 | 0.0369 | 0.9254 | 0.8882 | 0.9136 | 0.0404 | 0.9075 | 0.8679 | 0.8687
Epoch 0380 | 04:30:12 |  11.6s | 1.0e-04 | 0.0377 | 0.9243 | 0.8873 | 0.9114 | 0.0406 | 0.9109 | 0.8731 | 0.8768
Epoch 0381 | 04:30:41 |  43.2s | 1.0e-04 | 0.0380 | 0.9255 | 0.8901 | 0.9156 | 0.0409 | 0.9103 | 0.8676 | 0.8707
Epoch 0382 | 04:31:43 |  10.9s | 1.0e-04 | 0.0375 | 0.9261 | 0.8915 | 0.9178 | 0.0407 | 0.9032 | 0.8714 | 0.8662
Epoch 0383 | 04:32:13 |  43.0s | 1.0e-04 | 0.0381 | 0.9251 | 0.8904 | 0.9157 | 0.0401 | 0.9128 | 0.8626 | 0.8672
Epoch 0384 | 04:33:11 |  11.3s | 1.0e-04 | 0.0389 | 0.9254 | 0.8911 | 0.9170 | 0.0402 | 0.9104 | 0.8712 | 0.8746
Epoch 0385 | 04:33:39 |  41.3s | 1.0e-04 | 0.0385 | 0.9252 | 0.8897 | 0.9152 | 0.0397 | 0.9047 | 0.8759 | 0.8737
Epoch 0386 | 04:34:40 |  10.8s | 1.0e-04 | 0.0379 | 0.9242 | 0.8874 | 0.9117 | 0.0398 | 0.9051 | 0.8794 | 0.8798
Epoch 0387 | 04:35:07 |  43.7s | 1.0e-04 | 0.0374 | 0.9254 | 0.8907 | 0.9164 | 0.0404 | 0.9062 | 0.8678 | 0.8647
Epoch 0388 | 04:36:08 |  11.3s | 1.0e-04 | 0.0370 | 0.9271 | 0.8915 | 0.9189 | 0.0405 | 0.9118 | 0.8603 | 0.8616
Epoch 0389 | 04:36:35 |  40.7s | 1.0e-04 | 0.0367 | 0.9257 | 0.8889 | 0.9144 | 0.0401 | 0.9089 | 0.8747 | 0.8772
Epoch 0390 | 04:37:34 |  11.2s | 1.0e-04 | 0.0364 | 0.9252 | 0.8857 | 0.9106 | 0.0402 | 0.9117 | 0.8702 | 0.8754
Epoch 0391 | 04:38:04 |  42.8s | 1.0e-04 | 0.0369 | 0.9257 | 0.8885 | 0.9143 | 0.0402 | 0.9127 | 0.8634 | 0.8693
Epoch 0392 | 04:39:03 |  11.3s | 1.0e-04 | 0.0370 | 0.9265 | 0.8908 | 0.9174 | 0.0414 | 0.9128 | 0.8672 | 0.8727
Epoch 0393 | 04:39:31 |  42.6s | 1.0e-04 | 0.0362 | 0.9275 | 0.8910 | 0.9187 | 0.0408 | 0.9127 | 0.8671 | 0.8722
Epoch 0394 | 04:40:31 |  11.2s | 1.0e-04 | 0.0361 | 0.9275 | 0.8908 | 0.9185 | 0.0405 | 0.9111 | 0.8694 | 0.8721
Epoch 0395 | 04:41:01 |  32.2s | 1.0e-04 | 0.0366 | 0.9280 | 0.8938 | 0.9220 | 0.0412 | 0.9025 | 0.8687 | 0.8618
Epoch 0396 | 04:41:48 |  22.3s | 1.0e-04 | 0.0363 | 0.9290 | 0.8958 | 0.9251 | 0.0412 | 0.9133 | 0.8650 | 0.8727
Epoch 0397 | 04:42:29 |  30.1s | 1.0e-04 | 0.0368 | 0.9257 | 0.8901 | 0.9160 | 0.0395 | 0.9215 | 0.8613 | 0.8777
Epoch 0398 | 04:43:18 |  20.9s | 1.0e-04 | 0.0373 | 0.9248 | 0.8874 | 0.9118 | 0.0404 | 0.9048 | 0.8759 | 0.8737
Epoch 0399 | 04:43:56 |  31.8s | 1.0e-04 | 0.0382 | 0.9244 | 0.8880 | 0.9128 | 0.0397 | 0.9124 | 0.8731 | 0.8811
Epoch 0400 | 04:44:46 |  24.0s | 1.0e-04 | 0.0382 | 0.9245 | 0.8883 | 0.9127 | 0.0403 | 0.9154 | 0.8651 | 0.8731
Epoch 0401 | 04:45:30 |  29.4s | 1.0e-04 | 0.0374 | 0.9251 | 0.8875 | 0.9125 | 0.0400 | 0.9104 | 0.8716 | 0.8768
Epoch 0402 | 04:46:15 |  22.2s | 1.0e-04 | 0.0376 | 0.9246 | 0.8863 | 0.9107 | 0.0396 | 0.9071 | 0.8776 | 0.8799
Epoch 0403 | 04:46:54 |  29.8s | 1.0e-04 | 0.0367 | 0.9260 | 0.8882 | 0.9142 | 0.0401 | 0.9025 | 0.8736 | 0.8665
Epoch 0404 | 04:47:41 |  23.8s | 1.0e-04 | 0.0367 | 0.9261 | 0.8889 | 0.9151 | 0.0398 | 0.9146 | 0.8623 | 0.8694
Epoch 0405 | 04:48:25 |  31.0s | 1.0e-04 | 0.0363 | 0.9275 | 0.8904 | 0.9180 | 0.0398 | 0.9146 | 0.8630 | 0.8705
Epoch 0406 | 04:49:15 |  21.3s | 1.0e-04 | 0.0364 | 0.9270 | 0.8918 | 0.9192 | 0.0410 | 0.9088 | 0.8764 | 0.8792
Epoch 0407 | 04:49:55 |  34.7s | 1.0e-04 | 0.0381 | 0.9256 | 0.8915 | 0.9174 | 0.0402 | 0.9113 | 0.8711 | 0.8754
Epoch 0408 | 04:50:47 |  22.9s | 1.0e-04 | 0.0381 | 0.9254 | 0.8893 | 0.9152 | 0.0392 | 0.9116 | 0.8726 | 0.8789
Epoch 0409 | 04:51:26 |  35.2s | 1.0e-04 | 0.0369 | 0.9251 | 0.8870 | 0.9123 | 0.0398 | 0.9168 | 0.8555 | 0.8645
Epoch 0410 | 04:52:17 |  21.4s | 1.0e-04 | 0.0365 | 0.9255 | 0.8884 | 0.9142 | 0.0406 | 0.9038 | 0.8773 | 0.8734
Epoch 0411 | 04:52:54 |  31.9s | 1.0e-04 | 0.0360 | 0.9273 | 0.8913 | 0.9188 | 0.0400 | 0.9040 | 0.8690 | 0.8626
Epoch 0412 | 04:53:45 |  32.3s | 1.0e-04 | 0.0363 | 0.9263 | 0.8896 | 0.9163 | 0.0399 | 0.9116 | 0.8644 | 0.8698
Epoch 0413 | 04:54:34 |  19.5s | 1.0e-04 | 0.0369 | 0.9257 | 0.8893 | 0.9153 | 0.0398 | 0.9127 | 0.8661 | 0.8702
Epoch 0414 | 04:55:12 |  33.8s | 1.0e-04 | 0.0365 | 0.9271 | 0.8909 | 0.9184 | 0.0405 | 0.9102 | 0.8772 | 0.8832
Epoch 0415 | 04:56:02 |  21.6s | 1.0e-04 | 0.0356 | 0.9286 | 0.8928 | 0.9215 | 0.0409 | 0.9134 | 0.8710 | 0.8788
Epoch 0416 | 04:56:39 |  32.4s | 1.0e-04 | 0.0359 | 0.9273 | 0.8911 | 0.9188 | 0.0403 | 0.9106 | 0.8782 | 0.8850
Epoch 0417 | 04:57:33 |  11.0s | 1.0e-04 | 0.0368 | 0.9260 | 0.8901 | 0.9166 | 0.0398 | 0.9153 | 0.8646 | 0.8735
Epoch 0418 | 04:58:00 |  45.7s | 1.0e-04 | 0.0372 | 0.9276 | 0.8933 | 0.9214 | 0.0405 | 0.9021 | 0.8822 | 0.8788
Epoch 0419 | 04:59:03 |  11.1s | 1.0e-04 | 0.0375 | 0.9282 | 0.8966 | 0.9252 | 0.0404 | 0.9110 | 0.8673 | 0.8707
Epoch 0420 | 04:59:33 |  41.9s | 1.0e-04 | 0.0365 | 0.9282 | 0.8956 | 0.9243 | 0.0398 | 0.9122 | 0.8668 | 0.8687
Epoch 0421 | 05:00:32 |  11.3s | 1.0e-04 | 0.0355 | 0.9270 | 0.8907 | 0.9180 | 0.0399 | 0.9130 | 0.8580 | 0.8596
Epoch 0422 | 05:01:03 |  38.3s | 1.0e-04 | 0.0356 | 0.9261 | 0.8875 | 0.9134 | 0.0399 | 0.9093 | 0.8795 | 0.8843
Epoch 0423 | 05:01:56 |  11.2s | 1.0e-04 | 0.0362 | 0.9269 | 0.8898 | 0.9167 | 0.0403 | 0.9156 | 0.8648 | 0.8737
Epoch 0424 | 05:02:27 |  41.2s | 1.0e-04 | 0.0357 | 0.9282 | 0.8919 | 0.9200 | 0.0404 | 0.9094 | 0.8752 | 0.8791
Epoch 0425 | 05:03:23 |  10.7s | 1.0e-04 | 0.0356 | 0.9293 | 0.8944 | 0.9240 | 0.0412 | 0.8963 | 0.8809 | 0.8698
Epoch 0426 | 05:03:53 |  41.2s | 1.0e-04 | 0.0362 | 0.9283 | 0.8928 | 0.9212 | 0.0405 | 0.9132 | 0.8690 | 0.8773
Epoch 0427 | 05:04:52 |  10.9s | 1.0e-04 | 0.0367 | 0.9280 | 0.8930 | 0.9210 | 0.0397 | 0.9080 | 0.8762 | 0.8775
Epoch 0428 | 05:05:18 |  42.4s | 1.0e-04 | 0.0366 | 0.9276 | 0.8920 | 0.9197 | 0.0398 | 0.9134 | 0.8726 | 0.8818
Epoch 0429 | 05:06:19 |  11.1s | 1.0e-04 | 0.0371 | 0.9265 | 0.8908 | 0.9174 | 0.0399 | 0.9076 | 0.8766 | 0.8791
Epoch 0430 | 05:06:45 |  46.9s | 1.0e-04 | 0.0371 | 0.9271 | 0.8912 | 0.9185 | 0.0409 | 0.9191 | 0.8580 | 0.8709
Epoch 0431 | 05:07:48 |  11.0s | 1.0e-04 | 0.0367 | 0.9274 | 0.8912 | 0.9186 | 0.0400 | 0.9172 | 0.8646 | 0.8756
Epoch 0432 | 05:08:20 |  47.3s | 1.0e-04 | 0.0362 | 0.9277 | 0.8915 | 0.9193 | 0.0397 | 0.9091 | 0.8734 | 0.8750
Epoch 0433 | 05:09:24 |  11.2s | 1.0e-04 | 0.0361 | 0.9275 | 0.8913 | 0.9188 | 0.0406 | 0.9048 | 0.8804 | 0.8807
Epoch 0434 | 05:09:51 |  41.4s | 1.0e-04 | 0.0362 | 0.9276 | 0.8922 | 0.9201 | 0.0400 | 0.9097 | 0.8749 | 0.8778
Epoch 0435 | 05:10:48 |  11.0s | 1.0e-04 | 0.0361 | 0.9285 | 0.8929 | 0.9217 | 0.0400 | 0.9018 | 0.8777 | 0.8730
Epoch 0436 | 05:11:15 |  43.4s | 1.0e-04 | 0.0358 | 0.9273 | 0.8907 | 0.9180 | 0.0398 | 0.9110 | 0.8700 | 0.8729
Epoch 0437 | 05:12:19 |  22.6s | 1.0e-04 | 0.0362 | 0.9270 | 0.8899 | 0.9171 | 0.0397 | 0.9050 | 0.8825 | 0.8834
Epoch 0438 | 05:13:00 |  30.4s | 1.0e-04 | 0.0374 | 0.9280 | 0.8945 | 0.9228 | 0.0398 | 0.9196 | 0.8668 | 0.8829
Epoch 0439 | 05:13:46 |  24.8s | 1.0e-04 | 0.0376 | 0.9276 | 0.8953 | 0.9233 | 0.0399 | 0.9047 | 0.8689 | 0.8634
Epoch 0440 | 05:14:29 |  31.1s | 1.0e-04 | 0.0361 | 0.9292 | 0.8949 | 0.9247 | 0.0408 | 0.9133 | 0.8675 | 0.8752
Epoch 0441 | 05:15:20 |  20.7s | 1.0e-04 | 0.0362 | 0.9287 | 0.8928 | 0.9219 | 0.0398 | 0.9084 | 0.8803 | 0.8838
Epoch 0442 | 05:15:56 |  30.1s | 1.0e-04 | 0.0375 | 0.9278 | 0.8949 | 0.9227 | 0.0394 | 0.9113 | 0.8688 | 0.8728
Epoch 0443 | 05:16:43 |  21.7s | 1.0e-04 | 0.0373 | 0.9290 | 0.8961 | 0.9254 | 0.0397 | 0.9129 | 0.8719 | 0.8773
Epoch 0444 | 05:17:24 |  27.8s | 1.0e-04 | 0.0365 | 0.9291 | 0.8960 | 0.9256 | 0.0399 | 0.9149 | 0.8699 | 0.8787
Epoch 0445 | 05:18:13 |  21.8s | 1.0e-04 | 0.0363 | 0.9292 | 0.8951 | 0.9249 | 0.0396 | 0.9127 | 0.8663 | 0.8694
Epoch 0446 | 05:18:51 |  30.9s | 1.0e-04 | 0.0366 | 0.9290 | 0.8953 | 0.9245 | 0.0401 | 0.9100 | 0.8759 | 0.8820
Epoch 0447 | 05:19:37 |  22.5s | 1.0e-04 | 0.0366 | 0.9289 | 0.8945 | 0.9236 | 0.0405 | 0.9053 | 0.8770 | 0.8764
Epoch 0448 | 05:20:16 |  29.3s | 1.0e-04 | 0.0357 | 0.9301 | 0.8968 | 0.9271 | 0.0411 | 0.8969 | 0.8826 | 0.8731
Epoch 0449 | 05:21:05 |  22.2s | 1.0e-04 | 0.0360 | 0.9299 | 0.8974 | 0.9273 | 0.0403 | 0.9118 | 0.8637 | 0.8663
Epoch 0450 | 05:21:48 |  32.9s | 1.0e-04 | 0.0362 | 0.9285 | 0.8921 | 0.9207 | 0.0402 | 0.9252 | 0.8580 | 0.8797
Epoch 0451 | 05:22:37 |  24.8s | 1.0e-04 | 0.0357 | 0.9281 | 0.8913 | 0.9194 | 0.0404 | 0.9113 | 0.8708 | 0.8777
Epoch 0452 | 05:23:18 |  32.0s | 1.0e-04 | 0.0354 | 0.9292 | 0.8936 | 0.9231 | 0.0397 | 0.9150 | 0.8635 | 0.8710
Epoch 0453 | 05:24:08 |  21.6s | 1.0e-04 | 0.0358 | 0.9288 | 0.8942 | 0.9233 | 0.0401 | 0.9109 | 0.8704 | 0.8734
Epoch 0454 | 05:24:47 |  20.1s | 1.0e-04 | 0.0360 | 0.9301 | 0.8954 | 0.9258 | 0.0400 | 0.9114 | 0.8769 | 0.8823
Epoch 0455 | 05:25:26 |  30.5s | 1.0e-04 | 0.0360 | 0.9297 | 0.8948 | 0.9248 | 0.0407 | 0.9187 | 0.8615 | 0.8751
Epoch 0456 | 05:26:12 |  23.8s | 1.0e-04 | 0.0357 | 0.9290 | 0.8939 | 0.9231 | 0.0398 | 0.9063 | 0.8726 | 0.8710
Epoch 0457 | 05:26:55 |  33.0s | 1.0e-04 | 0.0355 | 0.9299 | 0.8955 | 0.9257 | 0.0403 | 0.9098 | 0.8734 | 0.8771
Epoch 0458 | 05:27:48 |  11.1s | 1.0e-04 | 0.0351 | 0.9301 | 0.8961 | 0.9263 | 0.0402 | 0.9078 | 0.8704 | 0.8689
Epoch 0459 | 05:28:16 |  45.2s | 1.0e-04 | 0.0350 | 0.9288 | 0.8927 | 0.9217 | 0.0394 | 0.9137 | 0.8656 | 0.8719
Epoch 0460 | 05:29:17 |  11.4s | 1.0e-04 | 0.0346 | 0.9279 | 0.8884 | 0.9161 | 0.0397 | 0.9138 | 0.8679 | 0.8757
Epoch 0461 | 05:29:48 |  43.9s | 1.0e-04 | 0.0351 | 0.9277 | 0.8891 | 0.9167 | 0.0400 | 0.9192 | 0.8674 | 0.8818
Epoch 0462 | 05:30:52 |  11.0s | 1.0e-04 | 0.0358 | 0.9277 | 0.8900 | 0.9177 | 0.0390 | 0.9110 | 0.8748 | 0.8797
Epoch 0463 | 05:31:19 |  42.6s | 1.0e-04 | 0.0362 | 0.9278 | 0.8924 | 0.9205 | 0.0399 | 0.9157 | 0.8709 | 0.8821
Epoch 0464 | 05:32:18 |  10.6s | 1.0e-04 | 0.0361 | 0.9296 | 0.8954 | 0.9252 | 0.0392 | 0.9072 | 0.8759 | 0.8744
Epoch 0465 | 05:32:47 |  40.1s | 1.0e-04 | 0.0369 | 0.9289 | 0.8947 | 0.9238 | 0.0395 | 0.9144 | 0.8748 | 0.8844
Epoch 0466 | 05:33:46 |  11.0s | 1.0e-04 | 0.0376 | 0.9283 | 0.8962 | 0.9247 | 0.0399 | 0.9149 | 0.8730 | 0.8815
Epoch 0467 | 05:34:12 |  41.9s | 1.0e-04 | 0.0366 | 0.9296 | 0.8966 | 0.9264 | 0.0396 | 0.9170 | 0.8666 | 0.8767
Epoch 0468 | 05:35:11 |  11.5s | 1.0e-04 | 0.0355 | 0.9300 | 0.8959 | 0.9260 | 0.0404 | 0.9048 | 0.8755 | 0.8732
Epoch 0469 | 05:35:39 |  47.7s | 1.0e-04 | 0.0358 | 0.9300 | 0.8952 | 0.9254 | 0.0397 | 0.9029 | 0.8807 | 0.8782
Epoch 0470 | 05:36:44 |  11.5s | 1.0e-04 | 0.0365 | 0.9285 | 0.8957 | 0.9244 | 0.0399 | 0.9106 | 0.8739 | 0.8771
Epoch 0471 | 05:37:15 |  43.9s | 1.0e-04 | 0.0366 | 0.9280 | 0.8942 | 0.9225 | 0.0395 | 0.9072 | 0.8729 | 0.8732
Epoch 0472 | 05:38:16 |  11.3s | 1.0e-04 | 0.0371 | 0.9265 | 0.8903 | 0.9173 | 0.0394 | 0.9110 | 0.8756 | 0.8826
Epoch 0473 | 05:38:46 |  42.2s | 1.0e-04 | 0.0361 | 0.9288 | 0.8934 | 0.9225 | 0.0400 | 0.9143 | 0.8713 | 0.8799
Epoch 0474 | 05:39:48 |  11.3s | 1.0e-04 | 0.0355 | 0.9300 | 0.8956 | 0.9257 | 0.0395 | 0.9158 | 0.8643 | 0.8730
Epoch 0475 | 05:40:15 |  43.7s | 1.0e-04 | 0.0352 | 0.9293 | 0.8929 | 0.9223 | 0.0394 | 0.9100 | 0.8764 | 0.8823
Epoch 0476 | 05:41:15 |  11.2s | 1.0e-04 | 0.0355 | 0.9276 | 0.8903 | 0.9180 | 0.0396 | 0.9038 | 0.8863 | 0.8867
Epoch 0477 | 05:41:45 |  41.7s | 1.0e-04 | 0.0360 | 0.9271 | 0.8892 | 0.9161 | 0.0387 | 0.9072 | 0.8813 | 0.8840
Epoch 0478 | 05:42:42 |  10.9s | 1.0e-04 | 0.0365 | 0.9268 | 0.8911 | 0.9180 | 0.0389 | 0.9087 | 0.8808 | 0.8855
Epoch 0479 | 05:43:12 |  31.0s | 1.0e-04 | 0.0353 | 0.9286 | 0.8921 | 0.9206 | 0.0398 | 0.9206 | 0.8666 | 0.8816
Epoch 0480 | 05:44:03 |  20.6s | 1.0e-04 | 0.0349 | 0.9297 | 0.8930 | 0.9230 | 0.0400 | 0.9079 | 0.8731 | 0.8738
Epoch 0481 | 05:44:39 |  30.1s | 1.0e-04 | 0.0360 | 0.9288 | 0.8942 | 0.9234 | 0.0401 | 0.9070 | 0.8722 | 0.8699
Epoch 0482 | 05:45:26 |  22.7s | 1.0e-04 | 0.0360 | 0.9289 | 0.8939 | 0.9231 | 0.0391 | 0.9085 | 0.8718 | 0.8732
Epoch 0483 | 05:46:04 |  30.8s | 1.0e-04 | 0.0362 | 0.9280 | 0.8923 | 0.9205 | 0.0399 | 0.9207 | 0.8704 | 0.8886
Epoch 0484 | 05:46:55 |  22.5s | 1.0e-04 | 0.0365 | 0.9281 | 0.8942 | 0.9223 | 0.0395 | 0.9203 | 0.8693 | 0.8864
Epoch 0485 | 05:47:35 |  33.2s | 1.0e-04 | 0.0360 | 0.9290 | 0.8933 | 0.9226 | 0.0393 | 0.9257 | 0.8669 | 0.8903
Epoch 0486 | 05:48:24 |  22.3s | 1.0e-04 | 0.0355 | 0.9285 | 0.8925 | 0.9212 | 0.0390 | 0.9106 | 0.8727 | 0.8763
Epoch 0487 | 05:49:05 |  35.2s | 1.0e-04 | 0.0356 | 0.9296 | 0.8940 | 0.9238 | 0.0400 | 0.9034 | 0.8796 | 0.8765
Epoch 0488 | 05:49:56 |  22.3s | 1.0e-04 | 0.0359 | 0.9300 | 0.8949 | 0.9253 | 0.0397 | 0.9189 | 0.8703 | 0.8826
Epoch 0489 | 05:50:34 |  35.6s | 1.0e-04 | 0.0363 | 0.9298 | 0.8957 | 0.9258 | 0.0395 | 0.9141 | 0.8733 | 0.8817
Epoch 0490 | 05:51:25 |  21.4s | 1.0e-04 | 0.0363 | 0.9290 | 0.8944 | 0.9235 | 0.0397 | 0.9058 | 0.8785 | 0.8786
Epoch 0491 | 05:52:08 |  28.3s | 1.0e-04 | 0.0365 | 0.9275 | 0.8906 | 0.9181 | 0.0390 | 0.9066 | 0.8779 | 0.8777
Epoch 0492 | 05:52:55 |  24.5s | 1.0e-04 | 0.0363 | 0.9276 | 0.8914 | 0.9194 | 0.0386 | 0.9120 | 0.8732 | 0.8808
Epoch 0493 | 05:53:35 |  32.2s | 1.0e-04 | 0.0350 | 0.9281 | 0.8910 | 0.9193 | 0.0387 | 0.9168 | 0.8674 | 0.8770
Epoch 0494 | 05:54:23 |  23.9s | 1.0e-04 | 0.0354 | 0.9283 | 0.8907 | 0.9192 | 0.0394 | 0.9138 | 0.8742 | 0.8821
Epoch 0495 | 05:55:04 |  20.4s | 1.0e-04 | 0.0355 | 0.9299 | 0.8957 | 0.9256 | 0.0397 | 0.9019 | 0.8875 | 0.8843
Epoch 0496 | 05:55:44 |  28.8s | 1.0e-04 | 0.0345 | 0.9311 | 0.8961 | 0.9275 | 0.0394 | 0.9104 | 0.8805 | 0.8873
Epoch 0497 | 05:56:31 |  21.4s | 1.0e-04 | 0.0346 | 0.9308 | 0.8952 | 0.9262 | 0.0394 | 0.9186 | 0.8685 | 0.8843
Epoch 0498 | 05:57:08 |  32.0s | 1.0e-04 | 0.0349 | 0.9299 | 0.8956 | 0.9258 | 0.0398 | 0.9233 | 0.8649 | 0.8855
Epoch 0499 | 05:57:56 |  20.5s | 1.0e-04 | 0.0343 | 0.9307 | 0.8953 | 0.9262 | 0.0392 | 0.9179 | 0.8615 | 0.8737
Epoch 0500 | 05:58:35 |  31.0s | 1.0e-04 | 0.0346 | 0.9314 | 0.8972 | 0.9286 | 0.0388 | 0.9102 | 0.8751 | 0.8779
Epoch 0501 | 05:59:24 |  11.1s | 1.0e-04 | 0.0373 | 0.9282 | 0.8942 | 0.9226 | 0.0389 | 0.9150 | 0.8772 | 0.8882
Epoch 0502 | 05:59:55 |  42.2s | 1.0e-04 | 0.0372 | 0.9287 | 0.8949 | 0.9238 | 0.0386 | 0.9077 | 0.8793 | 0.8816
Epoch 0503 | 06:00:52 |  11.0s | 1.0e-04 | 0.0371 | 0.9292 | 0.8975 | 0.9267 | 0.0392 | 0.9074 | 0.8787 | 0.8808
Epoch 0504 | 06:01:20 |  39.0s | 1.0e-04 | 0.0371 | 0.9295 | 0.8964 | 0.9261 | 0.0391 | 0.9203 | 0.8726 | 0.8905
Epoch 0505 | 06:02:18 |  11.2s | 1.0e-04 | 0.0367 | 0.9289 | 0.8953 | 0.9244 | 0.0387 | 0.9103 | 0.8833 | 0.8895
Epoch 0506 | 06:02:45 |  45.6s | 1.0e-04 | 0.0360 | 0.9287 | 0.8949 | 0.9241 | 0.0391 | 0.9068 | 0.8820 | 0.8846
Epoch 0507 | 06:03:47 |  11.2s | 1.0e-04 | 0.0353 | 0.9303 | 0.8967 | 0.9273 | 0.0398 | 0.9122 | 0.8754 | 0.8815
Epoch 0508 | 06:04:17 |  38.7s | 1.0e-04 | 0.0358 | 0.9308 | 0.8977 | 0.9287 | 0.0391 | 0.9060 | 0.8804 | 0.8797
Epoch 0509 | 06:05:12 |  11.0s | 1.0e-04 | 0.0365 | 0.9291 | 0.8965 | 0.9259 | 0.0393 | 0.9028 | 0.8813 | 0.8782
Epoch 0510 | 06:05:39 |  34.5s | 1.0e-04 | 0.0358 | 0.9288 | 0.8943 | 0.9230 | 0.0391 | 0.9208 | 0.8620 | 0.8774
Epoch 0511 | 06:06:33 |  11.2s | 1.0e-04 | 0.0356 | 0.9289 | 0.8927 | 0.9218 | 0.0391 | 0.9220 | 0.8675 | 0.8873
Epoch 0512 | 06:07:02 |  30.9s | 1.0e-04 | 0.0352 | 0.9297 | 0.8935 | 0.9233 | 0.0394 | 0.9104 | 0.8754 | 0.8787
Epoch 0513 | 06:07:52 |  11.0s | 1.0e-04 | 0.0340 | 0.9302 | 0.8932 | 0.9235 | 0.0392 | 0.9181 | 0.8709 | 0.8848
Epoch 0514 | 06:08:22 |  36.7s | 1.0e-04 | 0.0360 | 0.9299 | 0.8965 | 0.9266 | 0.0392 | 0.9227 | 0.8650 | 0.8845
Epoch 0515 | 06:09:14 |  11.4s | 1.0e-04 | 0.0370 | 0.9294 | 0.8962 | 0.9259 | 0.0396 | 0.9112 | 0.8811 | 0.8877
Epoch 0516 | 06:09:44 |  33.1s | 1.0e-04 | 0.0359 | 0.9299 | 0.8955 | 0.9256 | 0.0385 | 0.9105 | 0.8730 | 0.8766
Epoch 0517 | 06:10:32 |  11.1s | 1.0e-04 | 0.0348 | 0.9308 | 0.8969 | 0.9280 | 0.0392 | 0.9145 | 0.8774 | 0.8862
Epoch 0518 | 06:10:59 |  33.1s | 1.0e-04 | 0.0360 | 0.9303 | 0.8961 | 0.9269 | 0.0392 | 0.9088 | 0.8767 | 0.8809
Epoch 0519 | 06:11:50 |  11.2s | 1.0e-04 | 0.0357 | 0.9307 | 0.8977 | 0.9285 | 0.0395 | 0.9109 | 0.8786 | 0.8843
Epoch 0520 | 06:12:18 |  20.9s | 1.0e-04 | 0.0359 | 0.9308 | 0.9001 | 0.9309 | 0.0403 | 0.9184 | 0.8672 | 0.8813
Epoch 0521 | 06:12:54 |  26.2s | 1.0e-04 | 0.0360 | 0.9309 | 0.8997 | 0.9305 | 0.0391 | 0.9175 | 0.8744 | 0.8885
Epoch 0522 | 06:13:37 |  20.5s | 1.0e-04 | 0.0357 | 0.9307 | 0.8981 | 0.9289 | 0.0399 | 0.9090 | 0.8828 | 0.8873
Epoch 0523 | 06:14:13 |  24.2s | 1.0e-04 | 0.0352 | 0.9318 | 0.8989 | 0.9308 | 0.0399 | 0.9195 | 0.8682 | 0.8833
Epoch 0524 | 06:14:52 |  21.1s | 1.0e-04 | 0.0336 | 0.9315 | 0.8964 | 0.9281 | 0.0394 | 0.9133 | 0.8726 | 0.8782
Epoch 0525 | 06:15:29 |  23.4s | 1.0e-04 | 0.0338 | 0.9313 | 0.8946 | 0.9260 | 0.0390 | 0.9093 | 0.8759 | 0.8797
Epoch 0526 | 06:16:08 |  21.8s | 1.0e-04 | 0.0346 | 0.9321 | 0.8985 | 0.9307 | 0.0392 | 0.9202 | 0.8739 | 0.8919
Epoch 0527 | 06:16:45 |  23.9s | 1.0e-04 | 0.0349 | 0.9318 | 0.8987 | 0.9306 | 0.0393 | 0.8973 | 0.8833 | 0.8731
Epoch 0528 | 06:17:25 |  20.9s | 1.0e-04 | 0.0356 | 0.9309 | 0.8962 | 0.9275 | 0.0387 | 0.9011 | 0.8828 | 0.8764
Epoch 0529 | 06:18:02 |  21.2s | 1.0e-04 | 0.0359 | 0.9290 | 0.8953 | 0.9245 | 0.0388 | 0.9073 | 0.8793 | 0.8815
Epoch 0530 | 06:18:38 |  22.9s | 1.0e-04 | 0.0363 | 0.9296 | 0.8967 | 0.9265 | 0.0388 | 0.9069 | 0.8765 | 0.8763
Epoch 0531 | 06:19:17 |  23.8s | 1.0e-04 | 0.0366 | 0.9302 | 0.8974 | 0.9280 | 0.0392 | 0.9093 | 0.8793 | 0.8836
Epoch 0532 | 06:19:59 |  20.6s | 1.0e-04 | 0.0363 | 0.9305 | 0.8988 | 0.9295 | 0.0394 | 0.9085 | 0.8817 | 0.8851
Epoch 0533 | 06:20:36 |  22.4s | 1.0e-04 | 0.0364 | 0.9309 | 0.8982 | 0.9291 | 0.0389 | 0.9162 | 0.8682 | 0.8778
Epoch 0534 | 06:21:16 |  20.6s | 1.0e-04 | 0.0352 | 0.9304 | 0.8956 | 0.9261 | 0.0397 | 0.9187 | 0.8701 | 0.8867
Epoch 0535 | 06:21:55 |  24.3s | 1.0e-04 | 0.0349 | 0.9309 | 0.8969 | 0.9279 | 0.0386 | 0.9099 | 0.8799 | 0.8852
Epoch 0536 | 06:22:40 |  22.1s | 1.0e-04 | 0.0357 | 0.9304 | 0.8963 | 0.9268 | 0.0391 | 0.9082 | 0.8788 | 0.8811
Epoch 0537 | 06:23:20 |  25.8s | 1.0e-04 | 0.0357 | 0.9302 | 0.8970 | 0.9275 | 0.0387 | 0.9189 | 0.8696 | 0.8838
Epoch 0538 | 06:24:01 |  21.6s | 1.0e-04 | 0.0357 | 0.9297 | 0.8951 | 0.9249 | 0.0391 | 0.9168 | 0.8786 | 0.8931
Epoch 0539 | 06:24:40 |  26.4s | 1.0e-04 | 0.0353 | 0.9303 | 0.8967 | 0.9271 | 0.0390 | 0.9187 | 0.8637 | 0.8775
Epoch 0540 | 06:25:23 |  20.0s | 1.0e-04 | 0.0351 | 0.9306 | 0.8971 | 0.9278 | 0.0383 | 0.9136 | 0.8738 | 0.8815
Epoch 0541 | 06:26:02 |  23.0s | 1.0e-04 | 0.0348 | 0.9311 | 0.8978 | 0.9292 | 0.0386 | 0.9133 | 0.8837 | 0.8944
Epoch 0542 | 06:26:42 |  11.1s | 1.0e-04 | 0.0343 | 0.9311 | 0.8947 | 0.9260 | 0.0385 | 0.9162 | 0.8653 | 0.8734
Epoch 0543 | 06:27:10 |  31.3s | 1.0e-04 | 0.0351 | 0.9296 | 0.8937 | 0.9234 | 0.0383 | 0.9078 | 0.8774 | 0.8788
Epoch 0544 | 06:28:03 |  11.1s | 1.0e-04 | 0.0364 | 0.9301 | 0.8965 | 0.9268 | 0.0385 | 0.9157 | 0.8799 | 0.8919
Epoch 0545 | 06:28:28 |  36.1s | 1.0e-04 | 0.0362 | 0.9300 | 0.8975 | 0.9277 | 0.0393 | 0.9145 | 0.8796 | 0.8925
Epoch 0546 | 06:29:21 |  11.2s | 1.0e-04 | 0.0360 | 0.9301 | 0.8970 | 0.9274 | 0.0381 | 0.9153 | 0.8787 | 0.8925
Epoch 0547 | 06:29:51 |  35.4s | 1.0e-04 | 0.0353 | 0.9307 | 0.8982 | 0.9291 | 0.0394 | 0.9113 | 0.8852 | 0.8931
Epoch 0548 | 06:30:44 |  11.2s | 1.0e-04 | 0.0348 | 0.9310 | 0.8972 | 0.9283 | 0.0394 | 0.9155 | 0.8750 | 0.8857
Epoch 0549 | 06:31:11 |  32.3s | 1.0e-04 | 0.0352 | 0.9301 | 0.8972 | 0.9277 | 0.0390 | 0.9130 | 0.8735 | 0.8815
Epoch 0550 | 06:32:00 |  10.9s | 1.0e-04 | 0.0353 | 0.9307 | 0.8970 | 0.9281 | 0.0387 | 0.9149 | 0.8750 | 0.8857
Epoch 0551 | 06:32:28 |  32.3s | 1.0e-04 | 0.0349 | 0.9304 | 0.8952 | 0.9259 | 0.0393 | 0.9169 | 0.8772 | 0.8913
Epoch 0552 | 06:33:18 |  11.4s | 1.0e-04 | 0.0352 | 0.9292 | 0.8940 | 0.9236 | 0.0384 | 0.9193 | 0.8678 | 0.8828
Epoch 0553 | 06:33:45 |  32.2s | 1.0e-04 | 0.0351 | 0.9303 | 0.8962 | 0.9266 | 0.0385 | 0.9176 | 0.8764 | 0.8907
Epoch 0554 | 06:34:34 |  11.0s | 1.0e-04 | 0.0353 | 0.9313 | 0.8973 | 0.9287 | 0.0392 | 0.9095 | 0.8859 | 0.8934
Epoch 0555 | 06:35:03 |  35.3s | 1.0e-04 | 0.0353 | 0.9308 | 0.8979 | 0.9290 | 0.0388 | 0.9172 | 0.8676 | 0.8772
Epoch 0556 | 06:35:57 |  11.2s | 1.0e-04 | 0.0349 | 0.9312 | 0.8972 | 0.9286 | 0.0385 | 0.9204 | 0.8627 | 0.8763
Epoch 0557 | 06:36:26 |  35.7s | 1.0e-04 | 0.0350 | 0.9308 | 0.8961 | 0.9271 | 0.0383 | 0.9076 | 0.8790 | 0.8813
Epoch 0558 | 06:37:18 |  10.8s | 1.0e-04 | 0.0356 | 0.9300 | 0.8954 | 0.9258 | 0.0379 | 0.9200 | 0.8745 | 0.8926
Epoch 0559 | 06:37:47 |  35.1s | 1.0e-04 | 0.0351 | 0.9304 | 0.8965 | 0.9271 | 0.0393 | 0.9223 | 0.8661 | 0.8831
Epoch 0560 | 06:38:40 |  10.9s | 1.0e-04 | 0.0346 | 0.9323 | 0.8997 | 0.9321 | 0.0386 | 0.9018 | 0.8851 | 0.8825
Epoch 0561 | 06:39:08 |  32.9s | 1.0e-04 | 0.0346 | 0.9335 | 0.9023 | 0.9354 | 0.0395 | 0.9049 | 0.8807 | 0.8809
Epoch 0562 | 06:40:00 |  24.2s | 1.0e-04 | 0.0343 | 0.9334 | 0.9034 | 0.9364 | 0.0394 | 0.9172 | 0.8696 | 0.8814
Epoch 0563 | 06:40:40 |  21.2s | 1.0e-04 | 0.0348 | 0.9306 | 0.8969 | 0.9278 | 0.0395 | 0.9142 | 0.8699 | 0.8789
Epoch 0564 | 06:41:17 |  23.0s | 1.0e-04 | 0.0342 | 0.9310 | 0.8957 | 0.9268 | 0.0387 | 0.9127 | 0.8740 | 0.8800
Epoch 0565 | 06:41:59 |  19.7s | 1.0e-04 | 0.0351 | 0.9311 | 0.8973 | 0.9287 | 0.0387 | 0.9183 | 0.8716 | 0.8854
Epoch 0566 | 06:42:34 |  23.8s | 1.0e-04 | 0.0357 | 0.9306 | 0.8980 | 0.9289 | 0.0378 | 0.9208 | 0.8766 | 0.8954
Epoch 0567 | 06:43:15 |  22.3s | 1.0e-04 | 0.0366 | 0.9269 | 0.8908 | 0.9178 | 0.0385 | 0.9119 | 0.8886 | 0.8989
Epoch 0568 | 06:43:56 |  24.2s | 1.0e-04 | 0.0361 | 0.9280 | 0.8912 | 0.9197 | 0.0381 | 0.9054 | 0.8807 | 0.8806
Epoch 0569 | 06:44:40 |  20.9s | 1.0e-04 | 0.0355 | 0.9300 | 0.8955 | 0.9257 | 0.0388 | 0.9282 | 0.8599 | 0.8858
Epoch 0570 | 06:45:17 |  26.5s | 1.0e-04 | 0.0350 | 0.9306 | 0.8952 | 0.9260 | 0.0391 | 0.9142 | 0.8758 | 0.8854
Epoch 0571 | 06:45:59 |  18.6s | 1.0e-04 | 0.0352 | 0.9321 | 0.8992 | 0.9313 | 0.0389 | 0.9081 | 0.8772 | 0.8794
Epoch 0572 | 06:46:38 |  25.2s | 1.0e-04 | 0.0356 | 0.9308 | 0.8984 | 0.9294 | 0.0380 | 0.9076 | 0.8769 | 0.8791
Epoch 0573 | 06:47:21 |  21.3s | 1.0e-04 | 0.0361 | 0.9306 | 0.8982 | 0.9287 | 0.0384 | 0.9174 | 0.8744 | 0.8879
Epoch 0574 | 06:48:01 |  25.3s | 1.0e-04 | 0.0358 | 0.9307 | 0.8977 | 0.9286 | 0.0383 | 0.9205 | 0.8685 | 0.8850
Epoch 0575 | 06:48:42 |  22.6s | 1.0e-04 | 0.0351 | 0.9302 | 0.8951 | 0.9259 | 0.0383 | 0.9197 | 0.8665 | 0.8820
Epoch 0576 | 06:49:20 |  27.5s | 1.0e-04 | 0.0351 | 0.9299 | 0.8951 | 0.9254 | 0.0384 | 0.9177 | 0.8807 | 0.8956
Epoch 0577 | 06:50:03 |  25.1s | 1.0e-04 | 0.0359 | 0.9294 | 0.8945 | 0.9242 | 0.0388 | 0.9035 | 0.8837 | 0.8836
Epoch 0578 | 06:50:47 |  23.6s | 1.0e-04 | 0.0351 | 0.9304 | 0.8961 | 0.9268 | 0.0394 | 0.9199 | 0.8705 | 0.8860
Epoch 0579 | 06:51:31 |  20.1s | 1.0e-04 | 0.0340 | 0.9310 | 0.8947 | 0.9260 | 0.0386 | 0.9122 | 0.8745 | 0.8829
Epoch 0580 | 06:52:09 |  23.9s | 1.0e-04 | 0.0343 | 0.9306 | 0.8949 | 0.9257 | 0.0379 | 0.9193 | 0.8695 | 0.8833
Epoch 0581 | 06:52:49 |  21.4s | 1.0e-04 | 0.0347 | 0.9296 | 0.8937 | 0.9236 | 0.0389 | 0.9076 | 0.8825 | 0.8860
Epoch 0582 | 06:53:30 |  22.6s | 1.0e-04 | 0.0348 | 0.9306 | 0.8950 | 0.9255 | 0.0383 | 0.9153 | 0.8781 | 0.8899
Epoch 0583 | 06:54:15 |  11.0s | 1.0e-04 | 0.0351 | 0.9307 | 0.8966 | 0.9275 | 0.0388 | 0.9198 | 0.8733 | 0.8903
Epoch 0584 | 06:54:43 |  34.0s | 1.0e-04 | 0.0348 | 0.9302 | 0.8963 | 0.9268 | 0.0388 | 0.9189 | 0.8754 | 0.8912
Epoch 0585 | 06:55:33 |  11.3s | 1.0e-04 | 0.0346 | 0.9308 | 0.8953 | 0.9265 | 0.0379 | 0.9069 | 0.8840 | 0.8864
Epoch 0586 | 06:56:03 |  40.3s | 1.0e-04 | 0.0347 | 0.9310 | 0.8969 | 0.9280 | 0.0395 | 0.9193 | 0.8741 | 0.8898
Epoch 0587 | 06:56:58 |  11.1s | 1.0e-04 | 0.0345 | 0.9317 | 0.8984 | 0.9302 | 0.0394 | 0.9040 | 0.8834 | 0.8840
Epoch 0588 | 06:57:28 |  33.2s | 1.0e-04 | 0.0346 | 0.9322 | 0.8999 | 0.9321 | 0.0379 | 0.9193 | 0.8643 | 0.8773
Epoch 0589 | 06:58:18 |  11.1s | 1.0e-04 | 0.0351 | 0.9309 | 0.8970 | 0.9280 | 0.0390 | 0.9188 | 0.8742 | 0.8898
Epoch 0590 | 06:58:44 |  35.5s | 1.0e-04 | 0.0346 | 0.9314 | 0.8975 | 0.9291 | 0.0385 | 0.9180 | 0.8734 | 0.8866
Epoch 0591 | 06:59:35 |  11.6s | 1.0e-04 | 0.0345 | 0.9305 | 0.8964 | 0.9272 | 0.0379 | 0.9132 | 0.8738 | 0.8819
Epoch 0592 | 07:00:02 |  36.2s | 1.0e-04 | 0.0352 | 0.9311 | 0.8983 | 0.9296 | 0.0386 | 0.9024 | 0.8860 | 0.8839
Epoch 0593 | 07:00:57 |  10.9s | 1.0e-04 | 0.0357 | 0.9313 | 0.8987 | 0.9301 | 0.0384 | 0.9075 | 0.8850 | 0.8882
Epoch 0594 | 07:01:27 |  36.5s | 1.0e-04 | 0.0343 | 0.9313 | 0.8967 | 0.9283 | 0.0383 | 0.9106 | 0.8774 | 0.8832
Epoch 0595 | 07:02:20 |  11.2s | 1.0e-04 | 0.0332 | 0.9313 | 0.8930 | 0.9244 | 0.0382 | 0.9087 | 0.8782 | 0.8834
Epoch 0596 | 07:02:50 |  35.9s | 1.0e-04 | 0.0338 | 0.9321 | 0.8964 | 0.9288 | 0.0383 | 0.9182 | 0.8720 | 0.8863
Epoch 0597 | 07:03:42 |  11.0s | 1.0e-04 | 0.0335 | 0.9338 | 0.8996 | 0.9334 | 0.0385 | 0.9185 | 0.8663 | 0.8819
Epoch 0598 | 07:04:11 |  31.7s | 1.0e-04 | 0.0349 | 0.9311 | 0.8971 | 0.9284 | 0.0385 | 0.9117 | 0.8795 | 0.8871
Epoch 0599 | 07:04:59 |  11.2s | 1.0e-04 | 0.0353 | 0.9309 | 0.8970 | 0.9280 | 0.0385 | 0.9115 | 0.8799 | 0.8870
Epoch 0600 | 07:05:26 |  34.5s | 1.0e-04 | 0.0349 | 0.9325 | 0.8987 | 0.9313 | 0.0391 | 0.9146 | 0.8741 | 0.8861
Epoch 0601 | 07:06:21 |  10.9s | 1.0e-04 | 0.0348 | 0.9317 | 0.9000 | 0.9317 | 0.0385 | 0.9221 | 0.8682 | 0.8875
Epoch 0602 | 07:06:49 |  34.5s | 1.0e-04 | 0.0345 | 0.9325 | 0.9003 | 0.9328 | 0.0389 | 0.9232 | 0.8653 | 0.8832
Epoch 0603 | 07:07:39 |  11.0s | 1.0e-04 | 0.0346 | 0.9328 | 0.9009 | 0.9336 | 0.0384 | 0.9105 | 0.8723 | 0.8753
Epoch 0604 | 07:08:14 |  19.9s | 1.0e-04 | 0.0340 | 0.9330 | 0.9000 | 0.9330 | 0.0389 | 0.9164 | 0.8746 | 0.8878
Epoch 0605 | 07:08:50 |  27.2s | 1.0e-04 | 0.0337 | 0.9328 | 0.8990 | 0.9319 | 0.0378 | 0.9095 | 0.8825 | 0.8881
Epoch 0606 | 07:09:33 |  21.2s | 1.0e-04 | 0.0349 | 0.9308 | 0.8965 | 0.9274 | 0.0385 | 0.9109 | 0.8861 | 0.8943
Epoch 0607 | 07:10:10 |  24.5s | 1.0e-04 | 0.0350 | 0.9312 | 0.8984 | 0.9297 | 0.0379 | 0.9161 | 0.8764 | 0.8894
Epoch 0608 | 07:10:54 |  21.1s | 1.0e-04 | 0.0343 | 0.9310 | 0.8966 | 0.9277 | 0.0382 | 0.9197 | 0.8726 | 0.8890
Epoch 0609 | 07:11:34 |  22.1s | 1.0e-04 | 0.0343 | 0.9309 | 0.8949 | 0.9262 | 0.0380 | 0.9240 | 0.8695 | 0.8923
Epoch 0610 | 07:12:11 |  24.1s | 1.0e-04 | 0.0351 | 0.9300 | 0.8955 | 0.9259 | 0.0379 | 0.9096 | 0.8770 | 0.8800
Epoch 0611 | 07:12:53 |  25.9s | 1.0e-04 | 0.0350 | 0.9307 | 0.8962 | 0.9269 | 0.0383 | 0.9128 | 0.8775 | 0.8854
Epoch 0612 | 07:13:35 |  20.7s | 1.0e-04 | 0.0357 | 0.9311 | 0.8988 | 0.9297 | 0.0373 | 0.9264 | 0.8600 | 0.8830
Epoch 0613 | 07:14:15 |  25.5s | 1.0e-04 | 0.0352 | 0.9311 | 0.8982 | 0.9295 | 0.0382 | 0.9150 | 0.8809 | 0.8923
Epoch 0614 | 07:15:01 |  19.7s | 1.0e-04 | 0.0354 | 0.9305 | 0.8971 | 0.9279 | 0.0382 | 0.9196 | 0.8665 | 0.8829
Epoch 0615 | 07:15:39 |  22.7s | 1.0e-04 | 0.0353 | 0.9313 | 0.8983 | 0.9298 | 0.0386 | 0.9086 | 0.8833 | 0.8872
Epoch 0616 | 07:16:18 |  19.7s | 1.0e-04 | 0.0342 | 0.9339 | 0.9012 | 0.9350 | 0.0387 | 0.9138 | 0.8784 | 0.8892
Epoch 0617 | 07:16:53 |  29.5s | 1.0e-04 | 0.0344 | 0.9322 | 0.9005 | 0.9326 | 0.0381 | 0.9138 | 0.8780 | 0.8878
Epoch 0618 | 07:17:43 |  20.8s | 1.0e-04 | 0.0357 | 0.9303 | 0.8964 | 0.9269 | 0.0382 | 0.9117 | 0.8874 | 0.8971
Epoch 0619 | 07:18:23 |  22.0s | 1.0e-04 | 0.0356 | 0.9307 | 0.8969 | 0.9276 | 0.0385 | 0.9146 | 0.8717 | 0.8827
Epoch 0620 | 07:19:03 |  21.7s | 1.0e-04 | 0.0353 | 0.9318 | 0.8995 | 0.9314 | 0.0381 | 0.9230 | 0.8773 | 0.9003
Epoch 0621 | 07:19:41 |  24.8s | 1.0e-04 | 0.0352 | 0.9318 | 0.8990 | 0.9310 | 0.0385 | 0.9217 | 0.8761 | 0.8964
Epoch 0622 | 07:20:21 |  26.3s | 1.0e-04 | 0.0349 | 0.9319 | 0.8998 | 0.9317 | 0.0384 | 0.9150 | 0.8813 | 0.8947
Epoch 0623 | 07:21:06 |  25.0s | 1.0e-04 | 0.0354 | 0.9313 | 0.8995 | 0.9308 | 0.0383 | 0.9268 | 0.8591 | 0.8836
Epoch 0624 | 07:21:47 |  20.1s | 1.0e-04 | 0.0350 | 0.9320 | 0.8986 | 0.9308 | 0.0385 | 0.9161 | 0.8844 | 0.8980
Epoch 0625 | 07:22:25 |  27.7s | 1.0e-04 | 0.0349 | 0.9310 | 0.8978 | 0.9290 | 0.0382 | 0.9181 | 0.8788 | 0.8936
Epoch 0626 | 07:23:10 |  11.9s | 1.0e-04 | 0.0341 | 0.9306 | 0.8947 | 0.9255 | 0.0378 | 0.9184 | 0.8694 | 0.8820
Epoch 0627 | 07:23:39 |  39.7s | 1.0e-04 | 0.0343 | 0.9310 | 0.8958 | 0.9271 | 0.0376 | 0.9177 | 0.8770 | 0.8892
Epoch 0628 | 07:24:35 |  11.2s | 1.0e-04 | 0.0345 | 0.9316 | 0.8985 | 0.9302 | 0.0387 | 0.9022 | 0.8813 | 0.8774
Epoch 0629 | 07:25:06 |  31.8s | 1.0e-04 | 0.0343 | 0.9320 | 0.8983 | 0.9305 | 0.0376 | 0.9124 | 0.8761 | 0.8849
Epoch 0630 | 07:25:56 |  11.2s | 1.0e-04 | 0.0346 | 0.9315 | 0.8977 | 0.9294 | 0.0381 | 0.9179 | 0.8772 | 0.8931
Epoch 0631 | 07:26:26 |  33.5s | 1.0e-04 | 0.0346 | 0.9333 | 0.9011 | 0.9343 | 0.0387 | 0.9159 | 0.8769 | 0.8876
Epoch 0632 | 07:27:18 |  11.1s | 1.0e-04 | 0.0352 | 0.9329 | 0.9026 | 0.9353 | 0.0387 | 0.9137 | 0.8795 | 0.8890
Epoch 0633 | 07:27:46 |  33.3s | 1.0e-04 | 0.0356 | 0.9315 | 0.8998 | 0.9313 | 0.0380 | 0.9141 | 0.8832 | 0.8935
Epoch 0634 | 07:28:36 |  11.2s | 1.0e-04 | 0.0347 | 0.9324 | 0.8993 | 0.9318 | 0.0385 | 0.9140 | 0.8782 | 0.8878
Epoch 0635 | 07:29:05 |  30.7s | 1.0e-04 | 0.0348 | 0.9313 | 0.8978 | 0.9293 | 0.0375 | 0.9166 | 0.8711 | 0.8826
Epoch 0636 | 07:29:54 |  11.0s | 1.0e-04 | 0.0353 | 0.9312 | 0.8992 | 0.9303 | 0.0380 | 0.9197 | 0.8757 | 0.8937
Epoch 0637 | 07:30:22 |  40.5s | 1.0e-04 | 0.0354 | 0.9292 | 0.8943 | 0.9240 | 0.0377 | 0.9170 | 0.8783 | 0.8935
Epoch 0638 | 07:31:19 |  11.4s | 1.0e-04 | 0.0356 | 0.9290 | 0.8951 | 0.9247 | 0.0378 | 0.9183 | 0.8806 | 0.8965
Epoch 0639 | 07:31:47 |  40.7s | 1.0e-04 | 0.0350 | 0.9324 | 0.8999 | 0.9323 | 0.0378 | 0.9060 | 0.8860 | 0.8881
Epoch 0640 | 07:32:43 |  11.6s | 1.0e-04 | 0.0344 | 0.9327 | 0.9015 | 0.9341 | 0.0388 | 0.9056 | 0.8770 | 0.8767
Epoch 0641 | 07:33:12 |  35.3s | 1.0e-04 | 0.0350 | 0.9325 | 0.9019 | 0.9341 | 0.0382 | 0.9226 | 0.8750 | 0.8938
Epoch 0642 | 07:34:06 |  10.8s | 1.0e-04 | 0.0349 | 0.9326 | 0.9008 | 0.9333 | 0.0382 | 0.9136 | 0.8764 | 0.8856
Epoch 0643 | 07:34:36 |  31.2s | 1.0e-04 | 0.0334 | 0.9321 | 0.8985 | 0.9309 | 0.0378 | 0.9078 | 0.8862 | 0.8902
Epoch 0644 | 07:35:26 |  11.1s | 1.0e-04 | 0.0334 | 0.9319 | 0.8960 | 0.9281 | 0.0385 | 0.9153 | 0.8719 | 0.8811
Epoch 0645 | 07:35:56 |  20.9s | 1.0e-04 | 0.0347 | 0.9326 | 0.8999 | 0.9325 | 0.0381 | 0.9129 | 0.8869 | 0.8976
Epoch 0646 | 07:36:35 |  23.1s | 1.0e-04 | 0.0346 | 0.9327 | 0.9017 | 0.9342 | 0.0382 | 0.9156 | 0.8809 | 0.8934
Epoch 0647 | 07:37:17 |  19.7s | 1.0e-04 | 0.0354 | 0.9319 | 0.9003 | 0.9321 | 0.0384 | 0.9178 | 0.8750 | 0.8891
Epoch 0648 | 07:37:55 |  24.2s | 1.0e-04 | 0.0354 | 0.9312 | 0.8995 | 0.9308 | 0.0381 | 0.9231 | 0.8729 | 0.8935
Epoch 0649 | 07:38:36 |  21.9s | 1.0e-04 | 0.0345 | 0.9324 | 0.8987 | 0.9312 | 0.0377 | 0.9127 | 0.8859 | 0.8962
Epoch 0650 | 07:39:15 |  26.1s | 1.0e-04 | 0.0347 | 0.9314 | 0.8984 | 0.9300 | 0.0377 | 0.9143 | 0.8801 | 0.8909
Epoch 0651 | 07:39:59 |  11.4s | 1.0e-04 | 0.0346 | 0.9316 | 0.8978 | 0.9295 | 0.0380 | 0.9085 | 0.8897 | 0.8959
Epoch 0652 | 07:40:30 |  29.1s | 1.0e-04 | 0.0348 | 0.9314 | 0.8971 | 0.9288 | 0.0378 | 0.9128 | 0.8810 | 0.8901
Epoch 0653 | 07:41:15 |  11.2s | 1.0e-04 | 0.0343 | 0.9319 | 0.8976 | 0.9295 | 0.0381 | 0.9101 | 0.8807 | 0.8862
Epoch 0654 | 07:41:42 |  38.4s | 1.0e-04 | 0.0341 | 0.9319 | 0.8993 | 0.9313 | 0.0383 | 0.9088 | 0.8860 | 0.8930
Epoch 0655 | 07:42:36 |  11.4s | 1.0e-04 | 0.0342 | 0.9322 | 0.8986 | 0.9308 | 0.0380 | 0.9116 | 0.8850 | 0.8933
Epoch 0656 | 07:43:05 |  38.9s | 1.0e-04 | 0.0343 | 0.9320 | 0.8984 | 0.9305 | 0.0377 | 0.9217 | 0.8740 | 0.8947
Epoch 0657 | 07:44:01 |  11.0s | 1.0e-04 | 0.0345 | 0.9308 | 0.8963 | 0.9275 | 0.0375 | 0.9092 | 0.8824 | 0.8871
Epoch 0658 | 07:44:31 |  32.2s | 1.0e-04 | 0.0341 | 0.9321 | 0.8984 | 0.9307 | 0.0383 | 0.9207 | 0.8786 | 0.8981
Epoch 0659 | 07:45:21 |  12.0s | 1.0e-04 | 0.0342 | 0.9315 | 0.8970 | 0.9287 | 0.0383 | 0.9118 | 0.8900 | 0.9002
Epoch 0660 | 07:45:49 |  34.0s | 1.0e-04 | 0.0339 | 0.9326 | 0.8986 | 0.9314 | 0.0375 | 0.9114 | 0.8798 | 0.8867
Epoch 0661 | 07:46:39 |  11.0s | 1.0e-04 | 0.0330 | 0.9344 | 0.9014 | 0.9357 | 0.0385 | 0.9217 | 0.8712 | 0.8913
Epoch 0662 | 07:47:08 |  32.3s | 1.0e-04 | 0.0332 | 0.9339 | 0.9014 | 0.9352 | 0.0377 | 0.9198 | 0.8722 | 0.8898
Epoch 0663 | 07:47:57 |  11.3s | 1.0e-04 | 0.0339 | 0.9340 | 0.9018 | 0.9357 | 0.0384 | 0.9183 | 0.8765 | 0.8919
Epoch 0664 | 07:48:24 |  37.6s | 1.0e-04 | 0.0337 | 0.9326 | 0.8984 | 0.9312 | 0.0378 | 0.9205 | 0.8762 | 0.8940
Epoch 0665 | 07:49:18 |  11.3s | 1.0e-04 | 0.0338 | 0.9310 | 0.8947 | 0.9259 | 0.0375 | 0.9232 | 0.8736 | 0.8937
Epoch 0666 | 07:49:45 |  36.1s | 1.0e-04 | 0.0337 | 0.9315 | 0.8949 | 0.9267 | 0.0383 | 0.9141 | 0.8858 | 0.8979
Epoch 0667 | 07:50:40 |  10.9s | 1.0e-04 | 0.0338 | 0.9317 | 0.8971 | 0.9291 | 0.0379 | 0.9123 | 0.8835 | 0.8942
Epoch 0668 | 07:51:09 |  35.3s | 1.0e-04 | 0.0342 | 0.9315 | 0.8974 | 0.9291 | 0.0381 | 0.9129 | 0.8805 | 0.8904
Epoch 0669 | 07:52:01 |  11.1s | 1.0e-04 | 0.0344 | 0.9324 | 0.9003 | 0.9326 | 0.0378 | 0.9185 | 0.8729 | 0.8873
Epoch 0670 | 07:52:31 |  33.6s | 1.0e-04 | 0.0346 | 0.9314 | 0.8971 | 0.9286 | 0.0383 | 0.9126 | 0.8856 | 0.8964
Epoch 0671 | 07:53:21 |  11.3s | 1.0e-04 | 0.0339 | 0.9318 | 0.8966 | 0.9285 | 0.0377 | 0.9115 | 0.8822 | 0.8908
Epoch 0672 | 07:53:48 |  35.0s | 1.0e-04 | 0.0351 | 0.9324 | 0.9008 | 0.9331 | 0.0374 | 0.9145 | 0.8853 | 0.8976
Epoch 0673 | 07:54:42 |  10.9s | 1.0e-04 | 0.0360 | 0.9334 | 0.9043 | 0.9370 | 0.0381 | 0.9087 | 0.8900 | 0.8965
Epoch 0674 | 07:55:10 |  37.2s | 1.0e-04 | 0.0347 | 0.9322 | 0.8991 | 0.9315 | 0.0377 | 0.9205 | 0.8725 | 0.8907
Epoch 0675 | 07:56:07 |  11.1s | 1.0e-04 | 0.0339 | 0.9317 | 0.8966 | 0.9286 | 0.0375 | 0.9161 | 0.8786 | 0.8918
Epoch 0676 | 07:56:34 |  38.3s | 1.0e-04 | 0.0354 | 0.9314 | 0.8989 | 0.9304 | 0.0377 | 0.9181 | 0.8806 | 0.8969
Epoch 0677 | 07:57:31 |  11.1s | 1.0e-04 | 0.0361 | 0.9308 | 0.8986 | 0.9295 | 0.0373 | 0.9143 | 0.8820 | 0.8933
Epoch 0678 | 07:58:02 |  35.6s | 1.0e-04 | 0.0351 | 0.9318 | 0.8994 | 0.9313 | 0.0379 | 0.9161 | 0.8801 | 0.8933
Epoch 0679 | 07:58:55 |  11.3s | 1.0e-04 | 0.0349 | 0.9317 | 0.9006 | 0.9323 | 0.0376 | 0.9185 | 0.8740 | 0.8888
Epoch 0680 | 07:59:22 |  33.3s | 1.0e-04 | 0.0334 | 0.9348 | 0.9032 | 0.9375 | 0.0381 | 0.9009 | 0.8915 | 0.8903
Epoch 0681 | 08:00:14 |  10.8s | 1.0e-04 | 0.0327 | 0.9348 | 0.9031 | 0.9376 | 0.0385 | 0.9169 | 0.8792 | 0.8931
Epoch 0682 | 08:00:43 |  32.2s | 1.0e-04 | 0.0338 | 0.9332 | 0.8994 | 0.9325 | 0.0378 | 0.9199 | 0.8750 | 0.8921
Epoch 0683 | 08:01:33 |  11.1s | 1.0e-04 | 0.0337 | 0.9327 | 0.8993 | 0.9321 | 0.0376 | 0.9192 | 0.8744 | 0.8905
Epoch 0684 | 08:02:03 |  31.6s | 1.0e-04 | 0.0338 | 0.9330 | 0.9000 | 0.9330 | 0.0377 | 0.9192 | 0.8779 | 0.8939
Epoch 0685 | 08:02:51 |  11.1s | 1.0e-04 | 0.0338 | 0.9334 | 0.9001 | 0.9334 | 0.0378 | 0.9052 | 0.8892 | 0.8907
Epoch 0686 | 08:03:22 |  28.3s | 1.0e-04 | 0.0349 | 0.9318 | 0.8984 | 0.9301 | 0.0375 | 0.9181 | 0.8761 | 0.8923
Epoch 0687 | 08:04:08 |  25.8s | 1.0e-04 | 0.0351 | 0.9318 | 0.8999 | 0.9317 | 0.0369 | 0.9215 | 0.8769 | 0.8965
Epoch 0688 | 08:04:56 |  10.9s | 1.0e-04 | 0.0340 | 0.9339 | 0.9029 | 0.9363 | 0.0380 | 0.9138 | 0.8743 | 0.8830
Epoch 0689 | 08:05:23 |  31.4s | 1.0e-04 | 0.0339 | 0.9340 | 0.9028 | 0.9364 | 0.0385 | 0.9100 | 0.8811 | 0.8868
Epoch 0690 | 08:06:13 |  11.1s | 1.0e-04 | 0.0336 | 0.9337 | 0.9015 | 0.9350 | 0.0381 | 0.9081 | 0.8809 | 0.8837
Epoch 0691 | 08:06:45 |  34.4s | 1.0e-04 | 0.0338 | 0.9326 | 0.9008 | 0.9334 | 0.0375 | 0.9193 | 0.8722 | 0.8882
Epoch 0692 | 08:07:38 |  10.9s | 1.0e-04 | 0.0334 | 0.9331 | 0.8995 | 0.9327 | 0.0384 | 0.9180 | 0.8776 | 0.8922
Epoch 0693 | 08:08:09 |  31.2s | 1.0e-04 | 0.0332 | 0.9331 | 0.9002 | 0.9333 | 0.0378 | 0.9163 | 0.8789 | 0.8920
Epoch 0694 | 08:09:00 |  11.0s | 1.0e-04 | 0.0327 | 0.9347 | 0.9045 | 0.9387 | 0.0382 | 0.9160 | 0.8810 | 0.8942
Epoch 0695 | 08:09:27 |  32.3s | 1.0e-04 | 0.0332 | 0.9341 | 0.9022 | 0.9360 | 0.0382 | 0.9172 | 0.8763 | 0.8899
Epoch 0696 | 08:10:16 |  11.5s | 1.0e-04 | 0.0342 | 0.9318 | 0.8991 | 0.9311 | 0.0369 | 0.9216 | 0.8742 | 0.8901
Epoch 0697 | 08:10:46 |  24.1s | 1.0e-04 | 0.0343 | 0.9309 | 0.8971 | 0.9282 | 0.0376 | 0.9228 | 0.8688 | 0.8888
Epoch 0698 | 08:11:28 |  11.5s | 1.0e-04 | 0.0330 | 0.9327 | 0.8962 | 0.9291 | 0.0378 | 0.9205 | 0.8705 | 0.8880
Epoch 0699 | 08:11:56 |  26.3s | 1.0e-04 | 0.0333 | 0.9328 | 0.8980 | 0.9310 | 0.0379 | 0.9066 | 0.8831 | 0.8850
Epoch 0700 | 08:12:41 |  10.9s | 1.0e-04 | 0.0339 | 0.9340 | 0.9032 | 0.9368 | 0.0377 | 0.9195 | 0.8807 | 0.8980
Epoch 0701 | 08:13:09 |  27.8s | 1.0e-04 | 0.0342 | 0.9326 | 0.8998 | 0.9324 | 0.0372 | 0.9187 | 0.8767 | 0.8938
Epoch 0702 | 08:13:55 |  11.7s | 1.0e-04 | 0.0343 | 0.9315 | 0.8960 | 0.9277 | 0.0373 | 0.9251 | 0.8769 | 0.9016
Epoch 0703 | 08:14:23 |  25.3s | 1.0e-04 | 0.0343 | 0.9317 | 0.8963 | 0.9282 | 0.0365 | 0.9269 | 0.8688 | 0.8941
Epoch 0704 | 08:15:09 |  11.1s | 1.0e-04 | 0.0346 | 0.9307 | 0.8956 | 0.9264 | 0.0382 | 0.9103 | 0.8918 | 0.9003
Epoch 0705 | 08:15:41 |  31.0s | 1.0e-04 | 0.0336 | 0.9318 | 0.8968 | 0.9288 | 0.0380 | 0.9168 | 0.8794 | 0.8919
Epoch 0706 | 08:16:28 |  11.1s | 1.0e-04 | 0.0331 | 0.9327 | 0.8980 | 0.9309 | 0.0374 | 0.9142 | 0.8796 | 0.8902
Epoch 0707 | 08:16:57 |  27.5s | 1.0e-04 | 0.0334 | 0.9329 | 0.8990 | 0.9321 | 0.0380 | 0.9119 | 0.8812 | 0.8883
Epoch 0708 | 08:17:44 |  10.8s | 1.0e-04 | 0.0335 | 0.9335 | 0.9000 | 0.9336 | 0.0374 | 0.9113 | 0.8881 | 0.8976
Epoch 0709 | 08:18:10 |  31.5s | 1.0e-04 | 0.0336 | 0.9336 | 0.9006 | 0.9340 | 0.0382 | 0.9043 | 0.8869 | 0.8884
Epoch 0710 | 08:18:59 |  11.7s | 1.0e-04 | 0.0334 | 0.9335 | 0.9012 | 0.9346 | 0.0385 | 0.9216 | 0.8774 | 0.8974
Epoch 0711 | 08:19:31 |  26.7s | 1.0e-04 | 0.0330 | 0.9338 | 0.9001 | 0.9340 | 0.0382 | 0.9173 | 0.8747 | 0.8888
Epoch 0712 | 08:20:14 |  11.4s | 1.0e-04 | 0.0331 | 0.9335 | 0.8998 | 0.9333 | 0.0379 | 0.9206 | 0.8738 | 0.8919
Epoch 0713 | 08:20:42 |  32.0s | 1.0e-04 | 0.0337 | 0.9327 | 0.9000 | 0.9327 | 0.0374 | 0.9181 | 0.8833 | 0.8988
Epoch 0714 | 08:21:36 |  11.0s | 1.0e-04 | 0.0343 | 0.9329 | 0.8994 | 0.9324 | 0.0379 | 0.9160 | 0.8795 | 0.8923
Epoch 0715 | 08:22:03 |  29.7s | 1.0e-04 | 0.0340 | 0.9327 | 0.9006 | 0.9332 | 0.0371 | 0.9182 | 0.8811 | 0.8971
Epoch 0716 | 08:22:53 |  11.3s | 1.0e-04 | 0.0341 | 0.9324 | 0.8991 | 0.9317 | 0.0377 | 0.9207 | 0.8823 | 0.9011
Epoch 0717 | 08:23:23 |  23.7s | 1.0e-04 | 0.0336 | 0.9344 | 0.9033 | 0.9373 | 0.0388 | 0.9152 | 0.8828 | 0.8963
Epoch 0718 | 08:24:07 |  10.8s | 1.0e-04 | 0.0332 | 0.9353 | 0.9053 | 0.9398 | 0.0383 | 0.9065 | 0.8835 | 0.8853
Epoch 0719 | 08:24:37 |  25.4s | 1.0e-04 | 0.0332 | 0.9335 | 0.9007 | 0.9343 | 0.0376 | 0.9167 | 0.8761 | 0.8893
Epoch 0720 | 08:25:20 |  11.1s | 1.0e-04 | 0.0332 | 0.9336 | 0.8993 | 0.9329 | 0.0371 | 0.9230 | 0.8759 | 0.8964
Epoch 0721 | 08:25:51 |  27.2s | 1.0e-04 | 0.0337 | 0.9333 | 0.9021 | 0.9353 | 0.0381 | 0.9144 | 0.8794 | 0.8900
Epoch 0722 | 08:26:37 |  11.3s | 1.0e-04 | 0.0339 | 0.9343 | 0.9035 | 0.9372 | 0.0382 | 0.9113 | 0.8818 | 0.8888
Epoch 0723 | 08:27:06 |  26.7s | 1.0e-04 | 0.0339 | 0.9329 | 0.9017 | 0.9345 | 0.0367 | 0.9161 | 0.8777 | 0.8900
Epoch 0724 | 08:27:49 |  11.5s | 1.0e-04 | 0.0342 | 0.9330 | 0.9014 | 0.9341 | 0.0377 | 0.9202 | 0.8746 | 0.8929
Epoch 0725 | 08:28:19 |  26.2s | 1.0e-04 | 0.0341 | 0.9324 | 0.8993 | 0.9318 | 0.0378 | 0.9136 | 0.8858 | 0.8972
Epoch 0726 | 08:29:02 |  11.3s | 1.0e-04 | 0.0339 | 0.9326 | 0.8994 | 0.9321 | 0.0368 | 0.9176 | 0.8789 | 0.8923
Epoch 0727 | 08:29:30 |  27.9s | 1.0e-04 | 0.0338 | 0.9332 | 0.9020 | 0.9349 | 0.0374 | 0.9245 | 0.8749 | 0.8972
Epoch 0728 | 08:30:14 |  11.7s | 1.0e-04 | 0.0337 | 0.9341 | 0.9023 | 0.9360 | 0.0374 | 0.9156 | 0.8785 | 0.8898
Epoch 0729 | 08:30:46 |  10.9s | 1.0e-04 | 0.0328 | 0.9333 | 0.9007 | 0.9340 | 0.0370 | 0.9118 | 0.8783 | 0.8849
Epoch 0730 | 08:31:17 |  26.4s | 1.0e-04 | 0.0333 | 0.9328 | 0.8997 | 0.9325 | 0.0380 | 0.9136 | 0.8853 | 0.8965
Epoch 0731 | 08:32:03 |  11.2s | 1.0e-04 | 0.0336 | 0.9344 | 0.9037 | 0.9376 | 0.0380 | 0.9127 | 0.8832 | 0.8931
Epoch 0732 | 08:32:31 |  26.6s | 1.0e-04 | 0.0334 | 0.9345 | 0.9029 | 0.9372 | 0.0378 | 0.9209 | 0.8802 | 0.8986
Epoch 0733 | 08:33:15 |  11.0s | 1.0e-04 | 0.0331 | 0.9332 | 0.8989 | 0.9322 | 0.0378 | 0.9147 | 0.8860 | 0.8979
Epoch 0734 | 08:33:48 |  25.1s | 1.0e-04 | 0.0329 | 0.9345 | 0.9001 | 0.9345 | 0.0380 | 0.9174 | 0.8812 | 0.8946
Epoch 0735 | 08:34:31 |  11.1s | 1.0e-04 | 0.0325 | 0.9355 | 0.9026 | 0.9380 | 0.0379 | 0.9159 | 0.8833 | 0.8966
Epoch 0736 | 08:35:02 |  24.2s | 1.0e-04 | 0.0327 | 0.9345 | 0.9024 | 0.9367 | 0.0378 | 0.9190 | 0.8707 | 0.8851
Epoch 0737 | 08:35:43 |  11.4s | 1.0e-04 | 0.0327 | 0.9345 | 0.9008 | 0.9353 | 0.0382 | 0.9218 | 0.8765 | 0.8959
Epoch 0738 | 08:36:13 |  29.7s | 1.0e-04 | 0.0328 | 0.9342 | 0.9007 | 0.9348 | 0.0380 | 0.9270 | 0.8752 | 0.9023
Epoch 0739 | 08:37:00 |  11.3s | 1.0e-04 | 0.0340 | 0.9323 | 0.8991 | 0.9315 | 0.0373 | 0.9135 | 0.8865 | 0.8974
Epoch 0740 | 08:37:28 |  29.9s | 1.0e-04 | 0.0344 | 0.9327 | 0.9004 | 0.9331 | 0.0378 | 0.9124 | 0.8885 | 0.8991
Epoch 0741 | 08:38:16 |  11.0s | 1.0e-04 | 0.0347 | 0.9338 | 0.9034 | 0.9368 | 0.0372 | 0.9248 | 0.8753 | 0.8982
Epoch 0742 | 08:38:45 |  24.2s | 1.0e-04 | 0.0342 | 0.9337 | 0.9012 | 0.9348 | 0.0375 | 0.9244 | 0.8731 | 0.8950
Epoch 0743 | 08:39:30 |  11.2s | 1.0e-04 | 0.0332 | 0.9332 | 0.8987 | 0.9319 | 0.0382 | 0.9080 | 0.8867 | 0.8914
Epoch 0744 | 08:39:59 |  26.6s | 1.0e-04 | 0.0334 | 0.9334 | 0.9009 | 0.9342 | 0.0379 | 0.9234 | 0.8771 | 0.8999
Epoch 0745 | 08:40:45 |  11.4s | 1.0e-04 | 0.0344 | 0.9332 | 0.9025 | 0.9353 | 0.0372 | 0.9184 | 0.8733 | 0.8865
Epoch 0746 | 08:41:14 |  24.1s | 1.0e-04 | 0.0340 | 0.9341 | 0.9029 | 0.9367 | 0.0372 | 0.9173 | 0.8817 | 0.8957
Epoch 0747 | 08:41:56 |  11.1s | 1.0e-04 | 0.0338 | 0.9342 | 0.9026 | 0.9364 | 0.0379 | 0.9225 | 0.8716 | 0.8927
Epoch 0748 | 08:42:26 |  29.1s | 1.0e-04 | 0.0340 | 0.9329 | 0.9013 | 0.9340 | 0.0374 | 0.9252 | 0.8734 | 0.8969
Epoch 0749 | 08:43:11 |  11.4s | 1.0e-04 | 0.0339 | 0.9330 | 0.9004 | 0.9334 | 0.0376 | 0.9162 | 0.8791 | 0.8915
Epoch 0750 | 08:43:42 |  22.2s | 1.0e-04 | 0.0342 | 0.9338 | 0.9023 | 0.9358 | 0.0372 | 0.9180 | 0.8765 | 0.8913
Epoch 0751 | 08:44:25 |  11.2s | 1.0e-04 | 0.0347 | 0.9331 | 0.9012 | 0.9341 | 0.0376 | 0.9189 | 0.8793 | 0.8959
Epoch 0752 | 08:44:52 |  26.2s | 1.0e-04 | 0.0350 | 0.9326 | 0.9019 | 0.9343 | 0.0374 | 0.9138 | 0.8811 | 0.8922
Epoch 0753 | 08:45:34 |  11.2s | 1.0e-04 | 0.0353 | 0.9326 | 0.9027 | 0.9351 | 0.0371 | 0.9144 | 0.8853 | 0.8983
Epoch 0754 | 08:46:06 |  37.9s | 1.0e-04 | 0.0345 | 0.9325 | 0.8997 | 0.9322 | 0.0366 | 0.9239 | 0.8724 | 0.8921
Epoch 0755 | 08:47:03 |  11.3s | 1.0e-04 | 0.0338 | 0.9324 | 0.8982 | 0.9309 | 0.0372 | 0.9239 | 0.8728 | 0.8957
Epoch 0756 | 08:47:31 |  33.3s | 1.0e-04 | 0.0331 | 0.9341 | 0.9006 | 0.9345 | 0.0374 | 0.9160 | 0.8793 | 0.8923
Epoch 0757 | 08:48:21 |  12.9s | 1.0e-04 | 0.0325 | 0.9346 | 0.9022 | 0.9366 | 0.0383 | 0.9199 | 0.8734 | 0.8898
Epoch 0758 | 08:48:55 |  27.0s | 1.0e-04 | 0.0336 | 0.9343 | 0.9006 | 0.9348 | 0.0382 | 0.9099 | 0.8910 | 0.8992
Epoch 0759 | 08:49:44 |  12.9s | 1.0e-04 | 0.0340 | 0.9334 | 0.9008 | 0.9342 | 0.0376 | 0.9144 | 0.8887 | 0.9016
Epoch 0760 | 08:50:14 |  30.3s | 1.0e-04 | 0.0337 | 0.9330 | 0.8999 | 0.9329 | 0.0373 | 0.9188 | 0.8837 | 0.9009
Epoch 0761 | 08:51:02 |  13.6s | 1.0e-04 | 0.0336 | 0.9327 | 0.8998 | 0.9325 | 0.0373 | 0.9218 | 0.8793 | 0.8999
Epoch 0762 | 08:51:36 |  29.1s | 1.0e-04 | 0.0327 | 0.9350 | 0.9013 | 0.9361 | 0.0382 | 0.9153 | 0.8797 | 0.8919
Epoch 0763 | 08:52:23 |  12.5s | 1.0e-04 | 0.0323 | 0.9350 | 0.9039 | 0.9383 | 0.0377 | 0.9145 | 0.8790 | 0.8894
Epoch 0764 | 08:52:57 |  28.4s | 1.0e-04 | 0.0338 | 0.9335 | 0.9010 | 0.9343 | 0.0372 | 0.9211 | 0.8761 | 0.8947
Epoch 0765 | 08:53:43 |  11.1s | 1.0e-04 | 0.0339 | 0.9339 | 0.9012 | 0.9350 | 0.0376 | 0.9217 | 0.8777 | 0.8974
Epoch 0766 | 08:54:13 |  26.0s | 1.0e-04 | 0.0328 | 0.9343 | 0.9018 | 0.9358 | 0.0379 | 0.9106 | 0.8905 | 0.9002
Epoch 0767 | 08:54:57 |  11.9s | 1.0e-04 | 0.0330 | 0.9344 | 0.9006 | 0.9348 | 0.0374 | 0.9093 | 0.8867 | 0.8920
Epoch 0768 | 08:55:26 |  36.9s | 1.0e-04 | 0.0328 | 0.9349 | 0.9025 | 0.9371 | 0.0374 | 0.9237 | 0.8713 | 0.8936
Epoch 0769 | 08:56:25 |  10.7s | 1.0e-04 | 0.0327 | 0.9343 | 0.9022 | 0.9362 | 0.0375 | 0.9147 | 0.8832 | 0.8946
Epoch 0770 | 08:56:57 |  12.4s | 1.0e-04 | 0.0333 | 0.9335 | 0.9013 | 0.9347 | 0.0371 | 0.9177 | 0.8828 | 0.8984
Epoch 0771 | 08:57:28 |  26.1s | 1.0e-04 | 0.0335 | 0.9337 | 0.9007 | 0.9342 | 0.0375 | 0.9149 | 0.8836 | 0.8961
Epoch 0772 | 08:58:11 |  11.4s | 1.0e-04 | 0.0340 | 0.9330 | 0.9009 | 0.9339 | 0.0375 | 0.9101 | 0.8874 | 0.8955
Epoch 0773 | 08:58:40 |  34.0s | 1.0e-04 | 0.0341 | 0.9331 | 0.9013 | 0.9343 | 0.0378 | 0.9062 | 0.8916 | 0.8962
Epoch 0774 | 08:59:31 |  11.4s | 1.0e-04 | 0.0330 | 0.9354 | 0.9051 | 0.9399 | 0.0374 | 0.9113 | 0.8888 | 0.8986
Epoch 0775 | 09:00:01 |  37.7s | 1.0e-04 | 0.0336 | 0.9350 | 0.9038 | 0.9384 | 0.0367 | 0.9090 | 0.8846 | 0.8901
Epoch 0776 | 09:00:56 |  10.9s | 1.0e-04 | 0.0343 | 0.9329 | 0.8998 | 0.9327 | 0.0369 | 0.9082 | 0.8875 | 0.8915
Epoch 0777 | 09:01:26 |  32.9s | 1.0e-04 | 0.0337 | 0.9336 | 0.9018 | 0.9351 | 0.0377 | 0.9208 | 0.8757 | 0.8942
Epoch 0778 | 09:02:16 |  11.1s | 1.0e-04 | 0.0337 | 0.9342 | 0.9027 | 0.9367 | 0.0369 | 0.9199 | 0.8739 | 0.8916
Epoch 0779 | 09:02:48 |  32.5s | 1.0e-04 | 0.0337 | 0.9335 | 0.9017 | 0.9350 | 0.0377 | 0.9118 | 0.8879 | 0.8986
Epoch 0780 | 09:03:38 |  11.2s | 1.0e-04 | 0.0329 | 0.9346 | 0.9015 | 0.9359 | 0.0374 | 0.9164 | 0.8762 | 0.8890
Epoch 0781 | 09:04:08 |  31.2s | 1.0e-04 | 0.0331 | 0.9339 | 0.9011 | 0.9349 | 0.0368 | 0.9189 | 0.8776 | 0.8956
Epoch 0782 | 09:05:00 |  11.3s | 1.0e-04 | 0.0337 | 0.9328 | 0.8986 | 0.9315 | 0.0366 | 0.9189 | 0.8828 | 0.9013
Epoch 0783 | 09:05:31 |  33.4s | 1.0e-04 | 0.0341 | 0.9325 | 0.9005 | 0.9329 | 0.0365 | 0.9208 | 0.8800 | 0.8997
Epoch 0784 | 09:06:24 |  11.3s | 1.0e-04 | 0.0345 | 0.9326 | 0.9015 | 0.9338 | 0.0371 | 0.9166 | 0.8790 | 0.8915
Epoch 0785 | 09:06:54 |  32.6s | 1.0e-04 | 0.0343 | 0.9329 | 0.9008 | 0.9336 | 0.0377 | 0.9219 | 0.8688 | 0.8879
Epoch 0786 | 09:07:45 |  11.5s | 1.0e-04 | 0.0341 | 0.9347 | 0.9042 | 0.9383 | 0.0373 | 0.9181 | 0.8843 | 0.9007
Epoch 0787 | 09:08:13 |  35.7s | 1.0e-04 | 0.0337 | 0.9346 | 0.9028 | 0.9371 | 0.0373 | 0.9184 | 0.8819 | 0.8969
Epoch 0788 | 09:09:10 |  10.9s | 1.0e-04 | 0.0345 | 0.9333 | 0.9010 | 0.9342 | 0.0373 | 0.9214 | 0.8788 | 0.8982
Epoch 0789 | 09:09:38 |  55.3s | 1.0e-04 | 0.0332 | 0.9358 | 0.9059 | 0.9410 | 0.0377 | 0.9098 | 0.8837 | 0.8886
Epoch 0790 | 09:10:51 |  11.3s | 1.0e-04 | 0.0326 | 0.9361 | 0.9063 | 0.9415 | 0.0379 | 0.9061 | 0.8837 | 0.8856
Epoch 0791 | 09:11:18 |  35.2s | 1.0e-04 | 0.0319 | 0.9372 | 0.9062 | 0.9426 | 0.0379 | 0.9198 | 0.8781 | 0.8961
Epoch 0792 | 09:12:11 |  10.9s | 1.0e-04 | 0.0313 | 0.9372 | 0.9056 | 0.9421 | 0.0383 | 0.9138 | 0.8830 | 0.8947
Epoch 0793 | 09:12:39 |  31.3s | 1.0e-04 | 0.0332 | 0.9355 | 0.9047 | 0.9396 | 0.0371 | 0.9177 | 0.8872 | 0.9051
Epoch 0794 | 09:13:29 |  11.6s | 1.0e-04 | 0.0343 | 0.9342 | 0.9034 | 0.9370 | 0.0369 | 0.9132 | 0.8818 | 0.8922
Epoch 0795 | 09:13:59 |  22.4s | 1.0e-04 | 0.0336 | 0.9343 | 0.9022 | 0.9362 | 0.0377 | 0.9132 | 0.8765 | 0.8837
Epoch 0796 | 09:14:43 |  20.4s | 1.0e-04 | 0.0327 | 0.9357 | 0.9036 | 0.9388 | 0.0383 | 0.9207 | 0.8823 | 0.9020
Epoch 0797 | 09:15:19 |  24.5s | 1.0e-04 | 0.0333 | 0.9326 | 0.8992 | 0.9320 | 0.0372 | 0.9160 | 0.8823 | 0.8963
Epoch 0798 | 09:16:02 |  20.2s | 1.0e-04 | 0.0335 | 0.9331 | 0.9004 | 0.9334 | 0.0377 | 0.9143 | 0.8850 | 0.8967
Epoch 0799 | 09:16:43 |  22.3s | 1.0e-04 | 0.0344 | 0.9327 | 0.9018 | 0.9344 | 0.0369 | 0.9244 | 0.8758 | 0.8991
Epoch 0800 | 09:17:23 |  20.4s | 1.0e-04 | 0.0346 | 0.9334 | 0.9039 | 0.9368 | 0.0366 | 0.9180 | 0.8854 | 0.9019
Epoch 0801 | 09:18:01 |  24.3s | 1.0e-04 | 0.0338 | 0.9354 | 0.9059 | 0.9403 | 0.0371 | 0.9200 | 0.8792 | 0.8966
Epoch 0802 | 09:18:43 |  21.2s | 1.0e-04 | 0.0333 | 0.9355 | 0.9068 | 0.9414 | 0.0385 | 0.9094 | 0.8905 | 0.8985
Epoch 0803 | 09:19:24 |  23.4s | 1.0e-04 | 0.0330 | 0.9352 | 0.9043 | 0.9389 | 0.0380 | 0.9181 | 0.8773 | 0.8926
Epoch 0804 | 09:20:06 |  19.4s | 1.0e-04 | 0.0331 | 0.9349 | 0.9039 | 0.9382 | 0.0370 | 0.9123 | 0.8878 | 0.8983
Epoch 0805 | 09:20:45 |  31.8s | 1.0e-04 | 0.0340 | 0.9348 | 0.9048 | 0.9387 | 0.0369 | 0.9175 | 0.8781 | 0.8918
Epoch 0806 | 09:21:33 |  21.6s | 1.0e-04 | 0.0347 | 0.9340 | 0.9049 | 0.9381 | 0.0374 | 0.9164 | 0.8841 | 0.8979
Epoch 0807 | 09:22:10 |  26.3s | 1.0e-04 | 0.0334 | 0.9346 | 0.9033 | 0.9374 | 0.0369 | 0.9138 | 0.8842 | 0.8959
Epoch 0808 | 09:22:56 |  21.1s | 1.0e-04 | 0.0329 | 0.9344 | 0.9037 | 0.9376 | 0.0375 | 0.9208 | 0.8757 | 0.8938
Epoch 0809 | 09:23:38 |  21.3s | 1.0e-04 | 0.0322 | 0.9343 | 0.8990 | 0.9335 | 0.0373 | 0.9102 | 0.8855 | 0.8931
Epoch 0810 | 09:24:20 |  19.4s | 1.0e-04 | 0.0325 | 0.9345 | 0.9000 | 0.9345 | 0.0369 | 0.9235 | 0.8804 | 0.9024
Epoch 0811 | 09:24:57 |  25.1s | 1.0e-04 | 0.0341 | 0.9337 | 0.9031 | 0.9364 | 0.0370 | 0.9201 | 0.8794 | 0.8973
Epoch 0812 | 09:25:42 |  47.1s | 1.0e-04 | 0.0337 | 0.9340 | 0.9036 | 0.9371 | 0.0373 | 0.9120 | 0.8811 | 0.8888
Epoch 0813 | 09:26:47 |  11.2s | 1.0e-04 | 0.0320 | 0.9345 | 0.9004 | 0.9348 | 0.0373 | 0.9172 | 0.8763 | 0.8908
Epoch 0814 | 09:27:15 |  34.1s | 1.0e-04 | 0.0322 | 0.9346 | 0.9020 | 0.9363 | 0.0376 | 0.9180 | 0.8766 | 0.8902
Epoch 0815 | 09:28:07 |  11.3s | 1.0e-04 | 0.0337 | 0.9355 | 0.9062 | 0.9408 | 0.0382 | 0.9085 | 0.8900 | 0.8953
Epoch 0816 | 09:28:37 |  37.5s | 1.0e-04 | 0.0333 | 0.9355 | 0.9059 | 0.9407 | 0.0369 | 0.9095 | 0.8829 | 0.8875
Epoch 0817 | 09:29:34 |  11.5s | 1.0e-04 | 0.0322 | 0.9358 | 0.9039 | 0.9390 | 0.0373 | 0.9179 | 0.8844 | 0.9000
Epoch 0818 | 09:30:05 |  43.4s | 1.0e-04 | 0.0321 | 0.9355 | 0.9020 | 0.9373 | 0.0375 | 0.9163 | 0.8850 | 0.9002
Epoch 0819 | 09:31:04 |  11.2s | 1.0e-04 | 0.0328 | 0.9327 | 0.8973 | 0.9301 | 0.0368 | 0.9194 | 0.8807 | 0.8963
Epoch 0820 | 09:31:37 |  45.3s | 1.0e-04 | 0.0326 | 0.9340 | 0.9013 | 0.9351 | 0.0374 | 0.9176 | 0.8769 | 0.8919
Epoch 0821 | 09:32:41 |  11.2s | 1.0e-04 | 0.0329 | 0.9358 | 0.9071 | 0.9418 | 0.0373 | 0.9150 | 0.8834 | 0.8964
Epoch 0822 | 09:33:08 |  33.7s | 1.0e-04 | 0.0334 | 0.9354 | 0.9057 | 0.9403 | 0.0372 | 0.9109 | 0.8934 | 0.9035
Epoch 0823 | 09:33:57 |  11.0s | 1.0e-04 | 0.0341 | 0.9341 | 0.9037 | 0.9374 | 0.0369 | 0.9166 | 0.8853 | 0.9001
Epoch 0824 | 09:34:26 |  34.7s | 1.0e-04 | 0.0344 | 0.9332 | 0.9025 | 0.9355 | 0.0368 | 0.9272 | 0.8770 | 0.9032
Epoch 0825 | 09:35:18 |  11.6s | 1.0e-04 | 0.0344 | 0.9326 | 0.9011 | 0.9336 | 0.0366 | 0.9186 | 0.8781 | 0.8945
Epoch 0826 | 09:35:45 |  47.7s | 1.0e-04 | 0.0345 | 0.9333 | 0.9022 | 0.9351 | 0.0371 | 0.9202 | 0.8799 | 0.8966
Epoch 0827 | 09:36:50 |  11.2s | 1.0e-04 | 0.0339 | 0.9339 | 0.9033 | 0.9368 | 0.0369 | 0.9209 | 0.8805 | 0.8975
Epoch 0828 | 09:37:21 |  42.1s | 1.0e-04 | 0.0336 | 0.9346 | 0.9019 | 0.9364 | 0.0371 | 0.9164 | 0.8879 | 0.9027
Epoch 0829 | 09:38:23 |  11.1s | 1.0e-04 | 0.0342 | 0.9340 | 0.9041 | 0.9376 | 0.0363 | 0.9204 | 0.8859 | 0.9045
Epoch 0830 | 09:38:54 |  44.6s | 1.0e-04 | 0.0339 | 0.9341 | 0.9030 | 0.9368 | 0.0371 | 0.9186 | 0.8867 | 0.9030
Epoch 0831 | 09:40:00 |  11.0s | 1.0e-04 | 0.0341 | 0.9338 | 0.9032 | 0.9365 | 0.0372 | 0.9170 | 0.8843 | 0.9003
Epoch 0832 | 09:40:27 |  36.8s | 1.0e-04 | 0.0337 | 0.9341 | 0.9026 | 0.9364 | 0.0375 | 0.9252 | 0.8794 | 0.9040
Epoch 0833 | 09:41:23 |  11.2s | 1.0e-04 | 0.0332 | 0.9347 | 0.9036 | 0.9377 | 0.0365 | 0.9205 | 0.8766 | 0.8939
Epoch 0834 | 09:41:53 |  32.4s | 1.0e-04 | 0.0332 | 0.9348 | 0.9039 | 0.9381 | 0.0368 | 0.9147 | 0.8882 | 0.9008
Epoch 0835 | 09:42:42 |  11.2s | 1.0e-04 | 0.0328 | 0.9355 | 0.9052 | 0.9401 | 0.0377 | 0.9120 | 0.8894 | 0.8997
Epoch 0836 | 09:43:11 |  32.7s | 1.0e-04 | 0.0326 | 0.9360 | 0.9057 | 0.9408 | 0.0372 | 0.9076 | 0.8911 | 0.8968
Epoch 0837 | 09:44:04 |  27.6s | 1.0e-04 | 0.0329 | 0.9352 | 0.9050 | 0.9395 | 0.0372 | 0.9141 | 0.8823 | 0.8942
Epoch 0838 | 09:44:47 |  25.9s | 1.0e-04 | 0.0338 | 0.9319 | 0.8983 | 0.9303 | 0.0369 | 0.9057 | 0.8928 | 0.8965
Epoch 0839 | 09:45:29 |  22.7s | 1.0e-04 | 0.0340 | 0.9315 | 0.8971 | 0.9290 | 0.0362 | 0.9167 | 0.8928 | 0.9085
Epoch 0840 | 09:46:09 |  28.2s | 1.0e-04 | 0.0343 | 0.9329 | 0.9002 | 0.9330 | 0.0370 | 0.9229 | 0.8818 | 0.9035
Epoch 0841 | 09:46:58 |  20.9s | 1.0e-04 | 0.0335 | 0.9339 | 0.9031 | 0.9366 | 0.0370 | 0.9237 | 0.8786 | 0.9026
Epoch 0842 | 09:47:39 |  29.5s | 1.0e-04 | 0.0341 | 0.9334 | 0.9022 | 0.9356 | 0.0367 | 0.9244 | 0.8812 | 0.9045
Epoch 0843 | 09:48:27 |  20.3s | 1.0e-04 | 0.0342 | 0.9334 | 0.9028 | 0.9360 | 0.0369 | 0.9210 | 0.8785 | 0.8979
Epoch 0844 | 09:49:08 |  23.9s | 1.0e-04 | 0.0329 | 0.9360 | 0.9061 | 0.9413 | 0.0374 | 0.9024 | 0.8927 | 0.8936
Epoch 0845 | 09:49:49 |  21.4s | 1.0e-04 | 0.0330 | 0.9357 | 0.9057 | 0.9403 | 0.0369 | 0.9206 | 0.8746 | 0.8911
Epoch 0846 | 09:50:28 |  35.1s | 1.0e-04 | 0.0324 | 0.9348 | 0.9009 | 0.9355 | 0.0375 | 0.9233 | 0.8771 | 0.8994
Epoch 0847 | 09:51:22 |  20.6s | 1.0e-04 | 0.0324 | 0.9338 | 0.8997 | 0.9334 | 0.0374 | 0.9183 | 0.8769 | 0.8918
Epoch 0848 | 09:52:00 |  29.7s | 1.0e-04 | 0.0326 | 0.9359 | 0.9048 | 0.9398 | 0.0367 | 0.9203 | 0.8805 | 0.8990
Epoch 0849 | 09:52:50 |  20.5s | 1.0e-04 | 0.0325 | 0.9364 | 0.9065 | 0.9417 | 0.0371 | 0.9121 | 0.8806 | 0.8886
Epoch 0850 | 09:53:30 |  25.0s | 1.0e-04 | 0.0325 | 0.9361 | 0.9046 | 0.9401 | 0.0370 | 0.9164 | 0.8850 | 0.8981
Epoch 0851 | 09:54:13 |  20.1s | 1.0e-04 | 0.0322 | 0.9360 | 0.9041 | 0.9395 | 0.0370 | 0.9236 | 0.8770 | 0.8982
Epoch 0852 | 09:54:48 |  24.6s | 1.0e-04 | 0.0330 | 0.9345 | 0.9022 | 0.9364 | 0.0369 | 0.9198 | 0.8889 | 0.9067
Epoch 0853 | 09:55:31 |  21.8s | 1.0e-04 | 0.0333 | 0.9342 | 0.9005 | 0.9346 | 0.0368 | 0.9213 | 0.8871 | 0.9076
Epoch 0854 | 09:56:13 |  11.5s | 1.0e-04 | 0.0332 | 0.9336 | 0.9003 | 0.9339 | 0.0370 | 0.9180 | 0.8858 | 0.9032
Epoch 0855 | 09:56:45 |  35.9s | 1.0e-04 | 0.0330 | 0.9326 | 0.8995 | 0.9321 | 0.0370 | 0.9128 | 0.8882 | 0.8990
Epoch 0856 | 09:57:40 |  11.3s | 1.0e-04 | 0.0320 | 0.9352 | 0.9031 | 0.9379 | 0.0370 | 0.9119 | 0.8860 | 0.8955
Epoch 0857 | 09:58:10 |  37.6s | 1.0e-04 | 0.0332 | 0.9344 | 0.9022 | 0.9362 | 0.0364 | 0.9292 | 0.8742 | 0.9019
Epoch 0858 | 09:59:08 |  11.3s | 1.0e-04 | 0.0346 | 0.9324 | 0.9011 | 0.9333 | 0.0365 | 0.9134 | 0.8889 | 0.9006
Epoch 0859 | 09:59:38 |  33.7s | 1.0e-04 | 0.0344 | 0.9329 | 0.9006 | 0.9334 | 0.0371 | 0.9193 | 0.8830 | 0.9013
Epoch 0860 | 10:00:28 |  11.0s | 1.0e-04 | 0.0323 | 0.9352 | 0.9031 | 0.9381 | 0.0375 | 0.9166 | 0.8900 | 0.9057
Epoch 0861 | 10:01:01 |  37.6s | 1.0e-04 | 0.0320 | 0.9350 | 0.9029 | 0.9374 | 0.0364 | 0.9178 | 0.8833 | 0.8996
Epoch 0862 | 10:01:54 |  11.0s | 1.0e-04 | 0.0327 | 0.9331 | 0.8982 | 0.9315 | 0.0364 | 0.9118 | 0.8917 | 0.9018
Epoch 0863 | 10:02:25 |  33.9s | 1.0e-04 | 0.0327 | 0.9339 | 0.8999 | 0.9338 | 0.0379 | 0.9146 | 0.8847 | 0.8970
Epoch 0864 | 10:03:19 |  10.7s | 1.0e-04 | 0.0330 | 0.9350 | 0.9052 | 0.9394 | 0.0370 | 0.9170 | 0.8820 | 0.8966
Epoch 0865 | 10:03:46 |  35.8s | 1.0e-04 | 0.0339 | 0.9338 | 0.9034 | 0.9368 | 0.0362 | 0.9200 | 0.8865 | 0.9046
Epoch 0866 | 10:04:38 |  11.5s | 1.0e-04 | 0.0342 | 0.9324 | 0.9007 | 0.9332 | 0.0371 | 0.9088 | 0.8869 | 0.8926
Epoch 0867 | 10:05:06 |  42.5s | 1.0e-04 | 0.0337 | 0.9336 | 0.9013 | 0.9348 | 0.0371 | 0.9161 | 0.8847 | 0.8981
Epoch 0868 | 10:06:08 |  11.6s | 1.0e-04 | 0.0323 | 0.9350 | 0.9027 | 0.9374 | 0.0366 | 0.9212 | 0.8821 | 0.9030
Epoch 0869 | 10:06:37 |  40.7s | 1.0e-04 | 0.0328 | 0.9350 | 0.9046 | 0.9388 | 0.0370 | 0.9144 | 0.8845 | 0.8973
Epoch 0870 | 10:07:38 |  11.2s | 1.0e-04 | 0.0334 | 0.9353 | 0.9060 | 0.9403 | 0.0364 | 0.9234 | 0.8791 | 0.9006
Epoch 0871 | 10:08:08 |  37.4s | 1.0e-04 | 0.0331 | 0.9352 | 0.9061 | 0.9403 | 0.0375 | 0.9221 | 0.8787 | 0.8994
Epoch 0872 | 10:09:05 |  11.5s | 1.0e-04 | 0.0331 | 0.9359 | 0.9058 | 0.9407 | 0.0365 | 0.9210 | 0.8720 | 0.8901
Epoch 0873 | 10:09:33 |  40.6s | 1.0e-04 | 0.0330 | 0.9352 | 0.9044 | 0.9390 | 0.0366 | 0.9094 | 0.8895 | 0.8971
Epoch 0874 | 10:10:33 |  11.3s | 1.0e-04 | 0.0330 | 0.9349 | 0.9037 | 0.9383 | 0.0370 | 0.9199 | 0.8854 | 0.9037
Epoch 0875 | 10:11:00 |  35.9s | 1.0e-04 | 0.0328 | 0.9353 | 0.9045 | 0.9391 | 0.0371 | 0.9118 | 0.8879 | 0.8964
Epoch 0876 | 10:11:52 |  11.2s | 1.0e-04 | 0.0323 | 0.9357 | 0.9048 | 0.9397 | 0.0369 | 0.9179 | 0.8808 | 0.8950
Epoch 0877 | 10:12:24 |  33.8s | 1.0e-04 | 0.0334 | 0.9344 | 0.9045 | 0.9382 | 0.0368 | 0.9251 | 0.8832 | 0.9069
Epoch 0878 | 10:13:16 |  11.0s | 1.0e-04 | 0.0344 | 0.9340 | 0.9045 | 0.9380 | 0.0369 | 0.9233 | 0.8826 | 0.9040
Epoch 0879 | 10:13:45 |  24.1s | 1.0e-04 | 0.0336 | 0.9339 | 0.9038 | 0.9373 | 0.0364 | 0.9250 | 0.8828 | 0.9073
Epoch 0880 | 10:14:25 |  21.0s | 1.0e-04 | 0.0332 | 0.9348 | 0.9028 | 0.9372 | 0.0368 | 0.9187 | 0.8864 | 0.9040
Epoch 0881 | 10:15:04 |  29.5s | 1.0e-04 | 0.0324 | 0.9343 | 0.9032 | 0.9369 | 0.0371 | 0.9215 | 0.8771 | 0.8967
Epoch 0882 | 10:15:53 |  22.0s | 1.0e-04 | 0.0324 | 0.9354 | 0.9023 | 0.9374 | 0.0377 | 0.9099 | 0.8875 | 0.8947
Epoch 0883 | 10:16:35 |  23.9s | 1.0e-04 | 0.0323 | 0.9365 | 0.9066 | 0.9421 | 0.0365 | 0.9233 | 0.8781 | 0.8977
Epoch 0884 | 10:17:16 |  19.9s | 1.0e-04 | 0.0325 | 0.9358 | 0.9063 | 0.9412 | 0.0375 | 0.9226 | 0.8720 | 0.8921
Epoch 0885 | 10:17:53 |  26.5s | 1.0e-04 | 0.0324 | 0.9352 | 0.9033 | 0.9380 | 0.0377 | 0.9270 | 0.8692 | 0.8946
Epoch 0886 | 10:18:39 |  20.7s | 1.0e-04 | 0.0330 | 0.9348 | 0.9024 | 0.9370 | 0.0367 | 0.9212 | 0.8784 | 0.8980
Epoch 0887 | 10:19:19 |  21.2s | 1.0e-04 | 0.0331 | 0.9342 | 0.9025 | 0.9363 | 0.0364 | 0.9165 | 0.8921 | 0.9087
Epoch 0888 | 10:19:59 |  24.3s | 1.0e-04 | 0.0324 | 0.9349 | 0.9021 | 0.9369 | 0.0366 | 0.9246 | 0.8756 | 0.8991
Epoch 0889 | 10:20:40 |  22.8s | 1.0e-04 | 0.0334 | 0.9343 | 0.9021 | 0.9361 | 0.0364 | 0.9194 | 0.8837 | 0.9022
Epoch 0890 | 10:21:21 |  21.0s | 1.0e-04 | 0.0336 | 0.9339 | 0.9030 | 0.9363 | 0.0362 | 0.9179 | 0.8820 | 0.8973
Epoch 0891 | 10:22:02 |  23.5s | 1.0e-04 | 0.0327 | 0.9349 | 0.9046 | 0.9389 | 0.0375 | 0.9107 | 0.8943 | 0.9041
Epoch 0892 | 10:22:43 |  23.7s | 1.0e-04 | 0.0323 | 0.9364 | 0.9059 | 0.9415 | 0.0378 | 0.9101 | 0.8870 | 0.8937
Epoch 0893 | 10:23:25 |  23.2s | 1.0e-04 | 0.0327 | 0.9347 | 0.9023 | 0.9367 | 0.0372 | 0.9165 | 0.8859 | 0.9003
Epoch 0894 | 10:24:06 |  24.2s | 1.0e-04 | 0.0329 | 0.9343 | 0.9025 | 0.9364 | 0.0374 | 0.9253 | 0.8777 | 0.9026
Epoch 0895 | 10:24:51 |  11.2s | 1.0e-04 | 0.0332 | 0.9352 | 0.9043 | 0.9391 | 0.0375 | 0.9148 | 0.8819 | 0.8926
Epoch 0896 | 10:25:21 |  41.4s | 1.0e-04 | 0.0328 | 0.9355 | 0.9042 | 0.9391 | 0.0364 | 0.9186 | 0.8828 | 0.8989
Epoch 0897 | 10:26:21 |  11.1s | 1.0e-04 | 0.0316 | 0.9372 | 0.9063 | 0.9424 | 0.0375 | 0.9138 | 0.8865 | 0.8987
Epoch 0898 | 10:26:51 |  38.6s | 1.0e-04 | 0.0321 | 0.9362 | 0.9065 | 0.9417 | 0.0373 | 0.9196 | 0.8798 | 0.8981
Epoch 0899 | 10:27:48 |  11.1s | 1.0e-04 | 0.0329 | 0.9363 | 0.9074 | 0.9427 | 0.0375 | 0.9047 | 0.8959 | 0.9000
Epoch 0900 | 10:28:18 |  35.4s | 1.0e-04 | 0.0328 | 0.9368 | 0.9079 | 0.9435 | 0.0362 | 0.9169 | 0.8844 | 0.8981
Epoch 0901 | 10:29:13 |  11.4s | 1.0e-04 | 0.0325 | 0.9353 | 0.9048 | 0.9394 | 0.0366 | 0.9214 | 0.8761 | 0.8947
Epoch 0902 | 10:29:41 |  37.3s | 1.0e-04 | 0.0325 | 0.9352 | 0.9042 | 0.9388 | 0.0370 | 0.9189 | 0.8904 | 0.9075
Epoch 0903 | 10:30:36 |  11.5s | 1.0e-04 | 0.0329 | 0.9350 | 0.9047 | 0.9390 | 0.0367 | 0.9180 | 0.8863 | 0.9026
Epoch 0904 | 10:31:06 |  36.8s | 1.0e-04 | 0.0330 | 0.9354 | 0.9052 | 0.9400 | 0.0367 | 0.9201 | 0.8884 | 0.9080
Epoch 0905 | 10:32:02 |  11.3s | 1.0e-04 | 0.0332 | 0.9355 | 0.9054 | 0.9402 | 0.0368 | 0.9166 | 0.8886 | 0.9041
Epoch 0906 | 10:32:33 |  38.3s | 1.0e-04 | 0.0326 | 0.9358 | 0.9060 | 0.9409 | 0.0368 | 0.9183 | 0.8790 | 0.8951
Epoch 0907 | 10:33:30 |  10.8s | 1.0e-04 | 0.0321 | 0.9365 | 0.9053 | 0.9410 | 0.0374 | 0.9184 | 0.8845 | 0.9002
Epoch 0908 | 10:33:59 |  31.2s | 1.0e-04 | 0.0325 | 0.9346 | 0.9033 | 0.9375 | 0.0368 | 0.9253 | 0.8772 | 0.9012
Epoch 0909 | 10:34:49 |  11.7s | 1.0e-04 | 0.0328 | 0.9347 | 0.9028 | 0.9372 | 0.0368 | 0.9179 | 0.8770 | 0.8910
Epoch 0910 | 10:35:20 |  35.1s | 1.0e-04 | 0.0336 | 0.9344 | 0.9038 | 0.9378 | 0.0364 | 0.9183 | 0.8858 | 0.9017
Epoch 0911 | 10:36:12 |  10.9s | 1.0e-04 | 0.0336 | 0.9346 | 0.9044 | 0.9384 | 0.0363 | 0.9197 | 0.8863 | 0.9047
Epoch 0912 | 10:36:41 |  35.9s | 1.0e-04 | 0.0336 | 0.9355 | 0.9058 | 0.9404 | 0.0367 | 0.9210 | 0.8844 | 0.9044
Epoch 0913 | 10:37:32 |  11.7s | 1.0e-04 | 0.0334 | 0.9362 | 0.9087 | 0.9433 | 0.0362 | 0.9143 | 0.8857 | 0.8968
Epoch 0914 | 10:38:00 |  43.9s | 1.0e-04 | 0.0330 | 0.9360 | 0.9054 | 0.9406 | 0.0368 | 0.9117 | 0.8895 | 0.8986
Epoch 0915 | 10:39:01 |  11.1s | 1.0e-04 | 0.0326 | 0.9353 | 0.9040 | 0.9390 | 0.0364 | 0.9125 | 0.8901 | 0.9007
Epoch 0916 | 10:39:31 |  49.7s | 1.0e-04 | 0.0335 | 0.9349 | 0.9045 | 0.9385 | 0.0367 | 0.9123 | 0.8924 | 0.9034
Epoch 0917 | 10:40:40 |  11.5s | 1.0e-04 | 0.0337 | 0.9341 | 0.9039 | 0.9376 | 0.0367 | 0.9188 | 0.8818 | 0.8996
Epoch 0918 | 10:41:09 |  47.7s | 1.0e-04 | 0.0325 | 0.9358 | 0.9050 | 0.9402 | 0.0370 | 0.9141 | 0.8816 | 0.8929
Epoch 0919 | 10:42:15 |  11.0s | 1.0e-04 | 0.0322 | 0.9364 | 0.9072 | 0.9423 | 0.0368 | 0.9250 | 0.8752 | 0.8982
Epoch 0920 | 10:42:46 |  35.0s | 1.0e-04 | 0.0318 | 0.9344 | 0.9005 | 0.9348 | 0.0366 | 0.9154 | 0.8887 | 0.9028
Epoch 0921 | 10:43:41 |  21.4s | 1.0e-04 | 0.0319 | 0.9335 | 0.8975 | 0.9311 | 0.0362 | 0.9177 | 0.8806 | 0.8960
Epoch 0922 | 10:44:19 |  37.9s | 1.0e-04 | 0.0315 | 0.9356 | 0.9003 | 0.9359 | 0.0365 | 0.9196 | 0.8821 | 0.8981
Epoch 0923 | 10:45:13 |  21.4s | 1.0e-04 | 0.0313 | 0.9354 | 0.9007 | 0.9360 | 0.0358 | 0.9243 | 0.8831 | 0.9072
Epoch 0924 | 10:45:51 |  42.1s | 1.0e-04 | 0.0326 | 0.9339 | 0.9000 | 0.9340 | 0.0359 | 0.9190 | 0.8863 | 0.9039
Epoch 0925 | 10:46:50 |  21.4s | 1.0e-04 | 0.0330 | 0.9329 | 0.8986 | 0.9316 | 0.0362 | 0.9132 | 0.8913 | 0.9031
Epoch 0926 | 10:47:28 |  39.0s | 1.0e-04 | 0.0335 | 0.9339 | 0.9020 | 0.9355 | 0.0363 | 0.9215 | 0.8872 | 0.9084
Epoch 0927 | 10:48:27 |  19.6s | 1.0e-04 | 0.0335 | 0.9334 | 0.9021 | 0.9351 | 0.0365 | 0.9250 | 0.8785 | 0.9037
Epoch 0928 | 10:49:06 |  32.5s | 1.0e-04 | 0.0331 | 0.9354 | 0.9023 | 0.9375 | 0.0360 | 0.9185 | 0.8864 | 0.9024
Epoch 0929 | 10:49:54 |  22.5s | 1.0e-04 | 0.0329 | 0.9348 | 0.9029 | 0.9375 | 0.0365 | 0.9145 | 0.8804 | 0.8914
Epoch 0930 | 10:50:33 |  30.6s | 1.0e-04 | 0.0322 | 0.9353 | 0.9033 | 0.9380 | 0.0369 | 0.9145 | 0.8867 | 0.8987
Epoch 0931 | 10:51:19 |  22.9s | 1.0e-04 | 0.0320 | 0.9355 | 0.9033 | 0.9383 | 0.0366 | 0.9206 | 0.8805 | 0.9000
Epoch 0932 | 10:51:59 |  22.6s | 1.0e-04 | 0.0323 | 0.9362 | 0.9058 | 0.9411 | 0.0364 | 0.9230 | 0.8810 | 0.9029
Epoch 0933 | 10:52:41 |  34.6s | 1.0e-04 | 0.0321 | 0.9366 | 0.9061 | 0.9418 | 0.0373 | 0.9258 | 0.8699 | 0.8927
Epoch 0934 | 10:53:32 |  24.4s | 1.0e-04 | 0.0327 | 0.9344 | 0.9020 | 0.9362 | 0.0367 | 0.9164 | 0.8852 | 0.8998
Epoch 0935 | 10:54:12 |  33.1s | 1.0e-04 | 0.0328 | 0.9346 | 0.9015 | 0.9360 | 0.0364 | 0.9164 | 0.8899 | 0.9053
Epoch 0936 | 10:55:03 |  23.8s | 1.0e-04 | 0.0318 | 0.9354 | 0.9028 | 0.9379 | 0.0374 | 0.9258 | 0.8715 | 0.8956
Epoch 0937 | 10:55:46 |  39.3s | 1.0e-04 | 0.0321 | 0.9350 | 0.9022 | 0.9369 | 0.0367 | 0.9226 | 0.8779 | 0.9001
Epoch 0938 | 10:56:41 |  11.2s | 1.0e-04 | 0.0318 | 0.9349 | 0.9016 | 0.9364 | 0.0367 | 0.9186 | 0.8811 | 0.8980
Epoch 0939 | 10:57:10 |  46.4s | 1.0e-04 | 0.0323 | 0.9348 | 0.9019 | 0.9365 | 0.0365 | 0.9167 | 0.8882 | 0.9038
Epoch 0940 | 10:58:14 |  11.1s | 1.0e-04 | 0.0329 | 0.9353 | 0.9046 | 0.9392 | 0.0366 | 0.9188 | 0.8839 | 0.9008
Epoch 0941 | 10:58:41 |  48.8s | 1.0e-04 | 0.0327 | 0.9361 | 0.9069 | 0.9420 | 0.0373 | 0.9235 | 0.8782 | 0.9003
Epoch 0942 | 10:59:49 |  11.0s | 1.0e-04 | 0.0332 | 0.9362 | 0.9081 | 0.9428 | 0.0369 | 0.9144 | 0.8855 | 0.8970
Epoch 0943 | 11:00:16 |  42.8s | 1.0e-04 | 0.0333 | 0.9353 | 0.9064 | 0.9407 | 0.0367 | 0.9231 | 0.8791 | 0.9008
Epoch 0944 | 11:01:15 |  11.0s | 1.0e-04 | 0.0329 | 0.9350 | 0.9032 | 0.9377 | 0.0363 | 0.9158 | 0.8913 | 0.9061
Epoch 0945 | 11:01:42 |  49.4s | 1.0e-04 | 0.0331 | 0.9348 | 0.9042 | 0.9382 | 0.0367 | 0.9204 | 0.8817 | 0.8999
Epoch 0946 | 11:02:48 |  10.9s | 1.0e-04 | 0.0333 | 0.9357 | 0.9068 | 0.9414 | 0.0364 | 0.9287 | 0.8741 | 0.9008
Epoch 0947 | 11:03:16 |  45.0s | 1.0e-04 | 0.0328 | 0.9366 | 0.9078 | 0.9429 | 0.0365 | 0.9199 | 0.8775 | 0.8948
Epoch 0948 | 11:04:20 |  11.2s | 1.0e-04 | 0.0317 | 0.9374 | 0.9087 | 0.9446 | 0.0369 | 0.9160 | 0.8849 | 0.8985
Epoch 0949 | 11:04:48 |  43.5s | 1.0e-04 | 0.0317 | 0.9379 | 0.9069 | 0.9438 | 0.0366 | 0.9203 | 0.8804 | 0.8995
Epoch 0950 | 11:05:49 |  11.1s | 1.0e-04 | 0.0322 | 0.9362 | 0.9053 | 0.9409 | 0.0367 | 0.9253 | 0.8776 | 0.9016
Epoch 0951 | 11:06:17 |  42.2s | 1.0e-04 | 0.0324 | 0.9353 | 0.9041 | 0.9388 | 0.0369 | 0.9184 | 0.8893 | 0.9071
Epoch 0952 | 11:07:17 |  11.1s | 1.0e-04 | 0.0329 | 0.9352 | 0.9051 | 0.9396 | 0.0369 | 0.9140 | 0.8836 | 0.8941
Epoch 0953 | 11:07:47 |  39.2s | 1.0e-04 | 0.0329 | 0.9364 | 0.9063 | 0.9417 | 0.0358 | 0.9212 | 0.8858 | 0.9061
Epoch 0954 | 11:08:46 |  11.1s | 1.0e-04 | 0.0330 | 0.9357 | 0.9065 | 0.9413 | 0.0371 | 0.9200 | 0.8768 | 0.8934
Epoch 0955 | 11:09:14 |  46.2s | 1.0e-04 | 0.0324 | 0.9355 | 0.9037 | 0.9387 | 0.0370 | 0.9149 | 0.8834 | 0.8960
Epoch 0956 | 11:10:19 |  11.4s | 1.0e-04 | 0.0322 | 0.9351 | 0.9020 | 0.9369 | 0.0362 | 0.9137 | 0.8855 | 0.8975
Epoch 0957 | 11:10:46 |  43.8s | 1.0e-04 | 0.0324 | 0.9360 | 0.9045 | 0.9398 | 0.0364 | 0.9152 | 0.8894 | 0.9026
Epoch 0958 | 11:11:49 |  11.2s | 1.0e-04 | 0.0327 | 0.9356 | 0.9066 | 0.9412 | 0.0363 | 0.9173 | 0.8772 | 0.8909
Epoch 0959 | 11:12:17 |  44.7s | 1.0e-04 | 0.0318 | 0.9367 | 0.9031 | 0.9395 | 0.0371 | 0.9186 | 0.8831 | 0.8999
Epoch 0960 | 11:13:21 |  11.0s | 1.0e-04 | 0.0310 | 0.9364 | 0.9049 | 0.9406 | 0.0364 | 0.9175 | 0.8789 | 0.8933
Epoch 0961 | 11:13:49 |  49.5s | 1.0e-04 | 0.0317 | 0.9369 | 0.9051 | 0.9413 | 0.0366 | 0.9292 | 0.8793 | 0.9082
Epoch 0962 | 11:14:54 |  22.4s | 1.0e-04 | 0.0322 | 0.9356 | 0.9041 | 0.9392 | 0.0369 | 0.9163 | 0.8901 | 0.9053
Epoch 0963 | 11:15:34 |  30.4s | 1.0e-04 | 0.0322 | 0.9357 | 0.9045 | 0.9395 | 0.0361 | 0.9205 | 0.8854 | 0.9044
Epoch 0964 | 11:16:22 |  23.8s | 1.0e-04 | 0.0326 | 0.9356 | 0.9047 | 0.9398 | 0.0367 | 0.9129 | 0.8880 | 0.8984
Epoch 0965 | 11:17:02 |  31.4s | 1.0e-04 | 0.0328 | 0.9354 | 0.9046 | 0.9393 | 0.0359 | 0.9178 | 0.8804 | 0.8942
Epoch 0966 | 11:17:54 |  21.8s | 1.0e-04 | 0.0324 | 0.9358 | 0.9052 | 0.9401 | 0.0367 | 0.9191 | 0.8766 | 0.8924
Epoch 0967 | 11:18:36 |  30.5s | 1.0e-04 | 0.0336 | 0.9343 | 0.9030 | 0.9370 | 0.0367 | 0.9200 | 0.8844 | 0.9029
Epoch 0968 | 11:19:23 |  21.9s | 1.0e-04 | 0.0338 | 0.9339 | 0.9037 | 0.9373 | 0.0363 | 0.9147 | 0.8840 | 0.8956
Epoch 0969 | 11:20:01 |  33.4s | 1.0e-04 | 0.0335 | 0.9358 | 0.9066 | 0.9415 | 0.0361 | 0.9134 | 0.8862 | 0.8975
Epoch 0970 | 11:20:52 |  23.5s | 1.0e-04 | 0.0331 | 0.9352 | 0.9068 | 0.9410 | 0.0368 | 0.9226 | 0.8787 | 0.8994
Epoch 0971 | 11:21:32 |  33.6s | 1.0e-04 | 0.0328 | 0.9345 | 0.9028 | 0.9370 | 0.0364 | 0.9203 | 0.8875 | 0.9060
Epoch 0972 | 11:22:24 |  21.1s | 1.0e-04 | 0.0330 | 0.9346 | 0.9026 | 0.9369 | 0.0369 | 0.9133 | 0.8941 | 0.9064
Epoch 0973 | 11:23:07 |  21.2s | 1.0e-04 | 0.0338 | 0.9324 | 0.8992 | 0.9317 | 0.0358 | 0.9176 | 0.8893 | 0.9056
Epoch 0974 | 11:23:47 |  35.2s | 1.0e-04 | 0.0338 | 0.9327 | 0.9004 | 0.9331 | 0.0361 | 0.9136 | 0.8909 | 0.9036
Epoch 0975 | 11:24:40 |  20.7s | 1.0e-04 | 0.0320 | 0.9369 | 0.9072 | 0.9430 | 0.0364 | 0.9230 | 0.8738 | 0.8941
Epoch 0976 | 11:25:19 |  28.8s | 1.0e-04 | 0.0318 | 0.9362 | 0.9055 | 0.9408 | 0.0368 | 0.9224 | 0.8858 | 0.9073
Epoch 0977 | 11:26:05 |  21.3s | 1.0e-04 | 0.0318 | 0.9361 | 0.9052 | 0.9407 | 0.0364 | 0.9174 | 0.8913 | 0.9078
Epoch 0978 | 11:26:46 |  34.5s | 1.0e-04 | 0.0325 | 0.9360 | 0.9053 | 0.9404 | 0.0361 | 0.9193 | 0.8775 | 0.8916
Epoch 0979 | 11:27:38 |  11.2s | 1.0e-04 | 0.0331 | 0.9368 | 0.9090 | 0.9440 | 0.0370 | 0.9171 | 0.8865 | 0.9027
Epoch 0980 | 11:28:05 |  46.0s | 1.0e-04 | 0.0330 | 0.9356 | 0.9057 | 0.9404 | 0.0361 | 0.9153 | 0.8937 | 0.9074
Epoch 0981 | 11:29:07 |  11.4s | 1.0e-04 | 0.0333 | 0.9338 | 0.9022 | 0.9357 | 0.0359 | 0.9130 | 0.8836 | 0.8927
Epoch 0982 | 11:29:37 |  41.5s | 1.0e-04 | 0.0330 | 0.9347 | 0.9023 | 0.9368 | 0.0367 | 0.9131 | 0.8838 | 0.8941
Epoch 0983 | 11:30:38 |  11.0s | 1.0e-04 | 0.0325 | 0.9355 | 0.9045 | 0.9393 | 0.0360 | 0.9182 | 0.8846 | 0.9015
Epoch 0984 | 11:31:05 |  41.7s | 1.0e-04 | 0.0326 | 0.9357 | 0.9055 | 0.9405 | 0.0365 | 0.9148 | 0.8876 | 0.9005
Epoch 0985 | 11:32:06 |  11.1s | 1.0e-04 | 0.0327 | 0.9358 | 0.9062 | 0.9408 | 0.0363 | 0.9114 | 0.8875 | 0.8966
Epoch 0986 | 11:32:33 |  46.4s | 1.0e-04 | 0.0328 | 0.9352 | 0.9048 | 0.9393 | 0.0365 | 0.9187 | 0.8860 | 0.9030
Epoch 0987 | 11:33:38 |  11.2s | 1.0e-04 | 0.0328 | 0.9346 | 0.9033 | 0.9374 | 0.0359 | 0.9203 | 0.8844 | 0.9041
Epoch 0988 | 11:34:08 |  42.4s | 1.0e-04 | 0.0321 | 0.9367 | 0.9061 | 0.9420 | 0.0366 | 0.9219 | 0.8756 | 0.8960
Epoch 0989 | 11:35:06 |  11.1s | 1.0e-04 | 0.0320 | 0.9370 | 0.9084 | 0.9439 | 0.0365 | 0.9017 | 0.8972 | 0.8978
Epoch 0990 | 11:35:36 |  44.1s | 1.0e-04 | 0.0320 | 0.9364 | 0.9064 | 0.9417 | 0.0367 | 0.9246 | 0.8796 | 0.9019
Epoch 0991 | 11:36:38 |  11.1s | 1.0e-04 | 0.0321 | 0.9358 | 0.9038 | 0.9391 | 0.0368 | 0.9215 | 0.8848 | 0.9049
Epoch 0992 | 11:37:07 |  46.9s | 1.0e-04 | 0.0326 | 0.9354 | 0.9050 | 0.9396 | 0.0363 | 0.9124 | 0.8906 | 0.9017
Epoch 0993 | 11:38:13 |  11.2s | 1.0e-04 | 0.0328 | 0.9354 | 0.9049 | 0.9395 | 0.0355 | 0.9188 | 0.8911 | 0.9091
Epoch 0994 | 11:38:39 |  40.5s | 1.0e-04 | 0.0335 | 0.9356 | 0.9063 | 0.9410 | 0.0365 | 0.9269 | 0.8787 | 0.9054
Epoch 0995 | 11:39:37 |  11.5s | 1.0e-04 | 0.0333 | 0.9362 | 0.9070 | 0.9421 | 0.0361 | 0.9166 | 0.8872 | 0.9014
Epoch 0996 | 11:40:08 |  42.3s | 1.0e-04 | 0.0332 | 0.9353 | 0.9066 | 0.9409 | 0.0359 | 0.9191 | 0.8830 | 0.9003
Epoch 0997 | 11:41:08 |  11.1s | 1.0e-04 | 0.0337 | 0.9346 | 0.9057 | 0.9393 | 0.0365 | 0.9199 | 0.8841 | 0.9027
Epoch 0998 | 11:41:38 |  41.2s | 1.0e-04 | 0.0328 | 0.9347 | 0.9043 | 0.9383 | 0.0362 | 0.9248 | 0.8749 | 0.8979
Epoch 0999 | 11:42:40 |  11.0s | 1.0e-04 | 0.0321 | 0.9356 | 0.9038 | 0.9387 | 0.0367 | 0.9225 | 0.8848 | 0.9066
Epoch 1000 | 11:43:08 |  43.0s | 1.0e-04 | 0.0323 | 0.9341 | 0.9006 | 0.9346 | 0.0362 | 0.9170 | 0.8899 | 0.9049
