0001 | 23:46:50 |  28.2s | 1.0e-04 | 0.2549 | 0.4537 | 0.1675 | 0.1249 | 0.1408 | 0.6629 | 0.3473 | 0.2367
0002 | 23:47:36 |  26.9s | 1.0e-04 | 0.1369 | 0.6723 | 0.3985 | 0.3178 | 0.1256 | 0.6630 | 0.4016 | 0.3185
0003 | 23:48:19 |  14.4s | 1.0e-04 | 0.1347 | 0.6836 | 0.4609 | 0.3698 | 0.1233 | 0.6737 | 0.4357 | 0.3396
0004 | 23:48:52 |  26.6s | 1.0e-04 | 0.1309 | 0.6862 | 0.4745 | 0.3777 | 0.1192 | 0.6749 | 0.4225 | 0.3328
0005 | 23:49:35 |  14.6s | 1.0e-04 | 0.1248 | 0.6828 | 0.4735 | 0.3739 | 0.1192 | 0.6719 | 0.4680 | 0.3473
0006 | 23:50:06 |  28.4s | 1.0e-04 | 0.1231 | 0.6865 | 0.4891 | 0.3802 | 0.1152 | 0.6709 | 0.4760 | 0.3436
0001 | 23:51:49 |  28.6s | 1.0e-04 | 0.2573 | 0.4007 | 0.1478 | 0.1213 | 0.1446 | 0.6696 | 0.3057 | 0.2127
0001 | 23:52:16 |  31.9s | 1.0e-04 | 0.2532 | 0.6918 | 0.1546 | 0.1252 | 0.1436 | 0.6729 | 0.3476 | 0.2361
0002 | 23:52:39 |  35.1s | 1.0e-04 | 0.1398 | 0.6721 | 0.3902 | 0.3074 | 0.1271 | 0.6589 | 0.3862 | 0.3070
0002 | 23:53:06 |  31.1s | 1.0e-04 | 0.1398 | 0.6805 | 0.4192 | 0.3267 | 0.1259 | 0.6757 | 0.3968 | 0.3237
0003 | 23:53:33 |  15.9s | 1.0e-04 | 0.1285 | 0.6678 | 0.4131 | 0.3413 | 0.1246 | 0.6614 | 0.4282 | 0.3269
0003 | 23:53:56 |  19.7s | 1.0e-04 | 0.1299 | 0.6778 | 0.4425 | 0.3599 | 0.1202 | 0.6558 | 0.4322 | 0.3232
0004 | 23:54:09 |  33.8s | 1.0e-04 | 0.1263 | 0.6702 | 0.4257 | 0.3483 | 0.1200 | 0.6556 | 0.4401 | 0.3209
0004 | 23:54:35 |  31.3s | 1.0e-04 | 0.1263 | 0.6823 | 0.4655 | 0.3725 | 0.1198 | 0.6664 | 0.4517 | 0.3407
0005 | 23:55:04 |  15.8s | 1.0e-04 | 0.1258 | 0.6798 | 0.4612 | 0.3688 | 0.1190 | 0.6837 | 0.4259 | 0.3395
0005 | 23:55:30 |  22.8s | 1.0e-04 | 0.1236 | 0.6840 | 0.4828 | 0.3811 | 0.1191 | 0.6769 | 0.4652 | 0.3504
0006 | 23:55:41 |  38.3s | 1.0e-04 | 0.1239 | 0.6847 | 0.4770 | 0.3761 | 0.1171 | 0.6749 | 0.4649 | 0.3446
0006 | 23:56:12 |  33.1s | 1.0e-04 | 0.1225 | 0.6850 | 0.4926 | 0.3835 | 0.1157 | 0.6744 | 0.4641 | 0.3404
0007 | 23:56:45 |  15.7s | 1.0e-04 | 0.1228 | 0.6923 | 0.4952 | 0.3823 | 0.1144 | 0.6819 | 0.4651 | 0.3418
0007 | 23:57:05 |  18.4s | 1.0e-04 | 0.1216 | 0.6881 | 0.5007 | 0.3828 | 0.1155 | 0.6741 | 0.4984 | 0.3517
0008 | 23:57:20 |  35.9s | 1.0e-04 | 0.1210 | 0.6955 | 0.5055 | 0.3840 | 0.1144 | 0.6952 | 0.4870 | 0.3536
0008 | 23:57:41 |  33.1s | 1.0e-04 | 0.1214 | 0.6954 | 0.5165 | 0.3895 | 0.1137 | 0.6846 | 0.4788 | 0.3492
0009 | 23:58:17 |  16.9s | 1.0e-04 | 0.1195 | 0.7054 | 0.5210 | 0.3887 | 0.1128 | 0.7081 | 0.4794 | 0.3542
0009 | 23:58:34 |  16.0s | 1.0e-04 | 0.1218 | 0.7008 | 0.5241 | 0.3942 | 0.1164 | 0.6941 | 0.5140 | 0.3637
0010 | 23:58:54 |  57.8s | 1.0e-04 | 0.1167 | 0.7183 | 0.5319 | 0.3938 | 0.1098 | 0.7045 | 0.5200 | 0.3483
0010 | 23:59:08 |  41.9s | 1.0e-04 | 0.1196 | 0.7060 | 0.5286 | 0.3938 | 0.1124 | 0.6953 | 0.4905 | 0.3467
0011 | 00:00:14 |  29.1s | 1.0e-04 | 0.1135 | 0.7424 | 0.5462 | 0.4001 | 0.1093 | 0.7573 | 0.5158 | 0.3647
0011 | 00:00:14 |  29.1s | 1.0e-04 | 0.1161 | 0.7094 | 0.5229 | 0.3878 | 0.1125 | 0.7136 | 0.5000 | 0.3593
0012 | 00:01:05 |  34.7s | 1.0e-04 | 0.1136 | 0.7175 | 0.5262 | 0.3857 | 0.1087 | 0.6932 | 0.5402 | 0.3522
0012 | 00:01:04 |  44.6s | 1.0e-04 | 0.1106 | 0.7635 | 0.5694 | 0.4060 | 0.1034 | 0.7362 | 0.5778 | 0.3626
0013 | 00:01:57 |  22.0s | 1.0e-04 | 0.1113 | 0.7234 | 0.5284 | 0.3780 | 0.1071 | 0.7264 | 0.5191 | 0.3564
0013 | 00:02:08 |  20.2s | 1.0e-04 | 0.1072 | 0.7756 | 0.5945 | 0.4178 | 0.1026 | 0.7620 | 0.5905 | 0.3791
0014 | 00:02:38 |  33.1s | 1.0e-04 | 0.1101 | 0.7373 | 0.5482 | 0.3916 | 0.1057 | 0.7222 | 0.5715 | 0.3649
0014 | 00:02:49 |  46.8s | 1.0e-04 | 0.1028 | 0.7853 | 0.6114 | 0.4212 | 0.0993 | 0.7556 | 0.6219 | 0.3830
0015 | 00:03:34 |  16.2s | 1.0e-04 | 0.1077 | 0.7595 | 0.5877 | 0.4163 | 0.1044 | 0.7205 | 0.6316 | 0.3760
0015 | 00:03:57 |  21.0s | 1.0e-04 | 0.0966 | 0.7938 | 0.6254 | 0.4238 | 0.0963 | 0.7956 | 0.6098 | 0.4031
0016 | 00:04:10 |  35.9s | 1.0e-04 | 0.1034 | 0.7770 | 0.6169 | 0.4268 | 0.0998 | 0.7699 | 0.6090 | 0.3900
0017 | 00:05:05 |  17.4s | 1.0e-04 | 0.0999 | 0.7878 | 0.6377 | 0.4446 | 0.0964 | 0.7452 | 0.6526 | 0.3946
0016 | 00:04:38 |  47.7s | 1.0e-04 | 0.0953 | 0.8015 | 0.6381 | 0.4339 | 0.0950 | 0.7451 | 0.6808 | 0.4093
0017 | 00:05:47 |  18.8s | 1.0e-04 | 0.0947 | 0.8085 | 0.6536 | 0.4523 | 0.0927 | 0.8010 | 0.6454 | 0.4300
0018 | 00:05:41 |  38.9s | 1.0e-04 | 0.0980 | 0.7973 | 0.6532 | 0.4579 | 0.0929 | 0.7794 | 0.6333 | 0.4073
0019 | 00:06:37 |  20.0s | 1.0e-04 | 0.0965 | 0.8037 | 0.6687 | 0.4748 | 0.0923 | 0.7738 | 0.6613 | 0.4171
0018 | 00:06:24 |  38.7s | 1.0e-04 | 0.0935 | 0.8149 | 0.6686 | 0.4690 | 0.0910 | 0.8056 | 0.6518 | 0.4281
0019 | 00:07:27 |  18.0s | 1.0e-04 | 0.0925 | 0.8199 | 0.6833 | 0.4944 | 0.0897 | 0.7904 | 0.6795 | 0.4319
0020 | 00:07:18 |  31.5s | 1.0e-04 | 0.0920 | 0.8088 | 0.6694 | 0.4712 | 0.0902 | 0.8067 | 0.6433 | 0.4293
0021 | 00:08:10 |  20.1s | 1.0e-04 | 0.0879 | 0.8166 | 0.6718 | 0.4687 | 0.0870 | 0.7935 | 0.6586 | 0.4226
0020 | 00:08:04 |  42.9s | 1.0e-04 | 0.0906 | 0.8249 | 0.6850 | 0.4932 | 0.0872 | 0.8078 | 0.6536 | 0.4267
0022 | 00:08:50 |  34.5s | 1.0e-04 | 0.0888 | 0.8179 | 0.6821 | 0.4876 | 0.0880 | 0.8224 | 0.6484 | 0.4452
0021 | 00:09:06 |  22.4s | 1.0e-04 | 0.0889 | 0.8290 | 0.6850 | 0.4913 | 0.0866 | 0.8076 | 0.6695 | 0.4441
0023 | 00:09:44 |  18.8s | 1.0e-04 | 0.0886 | 0.8229 | 0.6930 | 0.5018 | 0.0864 | 0.8041 | 0.6831 | 0.4535
0022 | 00:09:51 |  42.1s | 1.0e-04 | 0.0870 | 0.8303 | 0.6875 | 0.4937 | 0.0870 | 0.8067 | 0.6822 | 0.4508
0024 | 00:10:22 |  52.8s | 1.0e-04 | 0.0881 | 0.8264 | 0.6953 | 0.5089 | 0.0849 | 0.7978 | 0.7010 | 0.4614
0023 | 00:10:53 |  23.1s | 1.0e-04 | 0.0853 | 0.8329 | 0.6889 | 0.4928 | 0.0861 | 0.8341 | 0.6532 | 0.4540
0025 | 00:11:36 |  20.2s | 1.0e-04 | 0.0862 | 0.8321 | 0.7021 | 0.5168 | 0.0847 | 0.7747 | 0.7275 | 0.4663
0024 | 00:11:37 |  47.4s | 1.0e-04 | 0.0867 | 0.8347 | 0.6970 | 0.5123 | 0.0842 | 0.8326 | 0.6600 | 0.4582
0026 | 00:12:18 |  36.7s | 1.0e-04 | 0.0852 | 0.8349 | 0.7059 | 0.5231 | 0.0824 | 0.8118 | 0.6909 | 0.4658
0025 | 00:12:47 |  18.8s | 1.0e-04 | 0.0874 | 0.8361 | 0.7035 | 0.5266 | 0.0827 | 0.8174 | 0.6725 | 0.4432
0027 | 00:13:13 |  19.4s | 1.0e-04 | 0.0839 | 0.8381 | 0.7091 | 0.5285 | 0.0812 | 0.8071 | 0.7009 | 0.4664
0026 | 00:13:28 |  35.2s | 1.0e-04 | 0.0858 | 0.8373 | 0.7036 | 0.5235 | 0.0828 | 0.8395 | 0.6593 | 0.4571
0028 | 00:13:52 |  42.4s | 1.0e-04 | 0.0831 | 0.8403 | 0.7118 | 0.5361 | 0.0819 | 0.8517 | 0.6672 | 0.4935
0027 | 00:14:22 |  31.0s | 1.0e-04 | 0.0852 | 0.8398 | 0.7059 | 0.5252 | 0.0829 | 0.8123 | 0.7021 | 0.4716
0029 | 00:14:51 |  16.2s | 1.0e-04 | 0.0826 | 0.8438 | 0.7161 | 0.5451 | 0.0803 | 0.8486 | 0.6712 | 0.4818
0028 | 00:15:12 |  48.5s | 1.0e-04 | 0.0843 | 0.8433 | 0.7117 | 0.5394 | 0.0820 | 0.8300 | 0.6768 | 0.4675
0030 | 00:15:26 |  39.1s | 1.0e-04 | 0.0802 | 0.8474 | 0.7198 | 0.5497 | 0.0797 | 0.8234 | 0.7018 | 0.4815
0031 | 00:16:27 |  23.3s | 1.0e-04 | 0.0790 | 0.8503 | 0.7234 | 0.5580 | 0.0805 | 0.8324 | 0.7109 | 0.5102
0029 | 00:16:20 |  34.2s | 1.0e-04 | 0.0837 | 0.8442 | 0.7146 | 0.5445 | 0.0815 | 0.8310 | 0.6859 | 0.4768
0032 | 00:17:10 |  34.9s | 1.0e-04 | 0.0771 | 0.8532 | 0.7219 | 0.5551 | 0.0770 | 0.8370 | 0.6920 | 0.4823
0030 | 00:17:17 |  33.3s | 1.0e-04 | 0.0851 | 0.8452 | 0.7171 | 0.5515 | 0.0799 | 0.8225 | 0.6966 | 0.4749
0033 | 00:18:03 |  24.0s | 1.0e-04 | 0.0761 | 0.8552 | 0.7251 | 0.5620 | 0.0780 | 0.8341 | 0.7042 | 0.4902
0031 | 00:18:12 |  31.6s | 1.0e-04 | 0.0847 | 0.8449 | 0.7155 | 0.5498 | 0.0798 | 0.8109 | 0.7111 | 0.4749
0034 | 00:18:44 |  34.4s | 1.0e-04 | 0.0775 | 0.8553 | 0.7293 | 0.5734 | 0.0781 | 0.8497 | 0.6935 | 0.5028
0032 | 00:19:04 |  32.5s | 1.0e-04 | 0.0833 | 0.8485 | 0.7242 | 0.5664 | 0.0811 | 0.8105 | 0.7195 | 0.4906
0035 | 00:19:39 |  16.8s | 1.0e-04 | 0.0781 | 0.8562 | 0.7329 | 0.5804 | 0.0759 | 0.8411 | 0.7033 | 0.5040
0033 | 00:19:56 |  25.2s | 1.0e-04 | 0.0830 | 0.8492 | 0.7279 | 0.5762 | 0.0797 | 0.8318 | 0.7023 | 0.4942
0036 | 00:20:14 |  38.9s | 1.0e-04 | 0.0776 | 0.8577 | 0.7357 | 0.5864 | 0.0775 | 0.8296 | 0.7306 | 0.5354
0034 | 00:20:39 |  27.4s | 1.0e-04 | 0.0810 | 0.8500 | 0.7295 | 0.5785 | 0.0793 | 0.8364 | 0.7021 | 0.5082
0037 | 00:21:10 |  17.5s | 1.0e-04 | 0.0773 | 0.8590 | 0.7386 | 0.5937 | 0.0753 | 0.8391 | 0.7142 | 0.5176
0035 | 00:21:26 |  35.3s | 1.0e-04 | 0.0804 | 0.8521 | 0.7273 | 0.5728 | 0.0788 | 0.8422 | 0.7020 | 0.5081
0038 | 00:21:45 |  35.2s | 1.0e-04 | 0.0751 | 0.8607 | 0.7359 | 0.5876 | 0.0751 | 0.8377 | 0.7192 | 0.5216
0036 | 00:22:22 |  37.6s | 1.0e-04 | 0.0793 | 0.8535 | 0.7300 | 0.5789 | 0.0768 | 0.8429 | 0.6958 | 0.4979
0039 | 00:22:38 |  25.3s | 1.0e-04 | 0.0749 | 0.8615 | 0.7370 | 0.5899 | 0.0752 | 0.8442 | 0.7191 | 0.5326
0037 | 00:23:19 |  34.6s | 1.0e-04 | 0.0787 | 0.8539 | 0.7338 | 0.5862 | 0.0785 | 0.8570 | 0.6862 | 0.5211
0040 | 00:23:25 |  34.3s | 1.0e-04 | 0.0762 | 0.8597 | 0.7378 | 0.5930 | 0.0750 | 0.8119 | 0.7494 | 0.5245
0041 | 00:24:17 |  17.0s | 1.0e-04 | 0.0748 | 0.8615 | 0.7429 | 0.6001 | 0.0741 | 0.8347 | 0.7395 | 0.5454
0038 | 00:24:12 |  33.9s | 1.0e-04 | 0.0777 | 0.8551 | 0.7325 | 0.5836 | 0.0779 | 0.8514 | 0.6988 | 0.5219
0042 | 00:24:52 |  18.4s | 1.0e-04 | 0.0739 | 0.8613 | 0.7454 | 0.6098 | 0.0750 | 0.8336 | 0.7496 | 0.5568
0039 | 00:25:08 |  30.9s | 1.0e-04 | 0.0756 | 0.8576 | 0.7340 | 0.5849 | 0.0755 | 0.8516 | 0.6990 | 0.5207
0043 | 00:25:28 |  34.7s | 1.0e-04 | 0.0737 | 0.8626 | 0.7479 | 0.6137 | 0.0741 | 0.8489 | 0.7236 | 0.5479
0040 | 00:25:57 |  42.6s | 1.0e-04 | 0.0742 | 0.8588 | 0.7349 | 0.5889 | 0.0749 | 0.8373 | 0.7087 | 0.5058
0044 | 00:26:22 |  23.0s | 1.0e-04 | 0.0735 | 0.8644 | 0.7493 | 0.6159 | 0.0730 | 0.8449 | 0.7338 | 0.5532
0041 | 00:26:58 |  30.0s | 1.0e-04 | 0.0740 | 0.8599 | 0.7396 | 0.5999 | 0.0750 | 0.8399 | 0.7128 | 0.5185
0045 | 00:27:08 |  44.9s | 1.0e-04 | 0.0732 | 0.8664 | 0.7512 | 0.6200 | 0.0728 | 0.8420 | 0.7372 | 0.5559
0042 | 00:27:46 |  26.9s | 1.0e-04 | 0.0761 | 0.8597 | 0.7425 | 0.6072 | 0.0753 | 0.8313 | 0.7288 | 0.5350
0046 | 00:28:14 |  16.9s | 1.0e-04 | 0.0727 | 0.8666 | 0.7593 | 0.6419 | 0.0733 | 0.8418 | 0.7425 | 0.5618
0043 | 00:28:33 |  40.6s | 1.0e-04 | 0.0763 | 0.8599 | 0.7430 | 0.6086 | 0.0751 | 0.8361 | 0.7264 | 0.5351
0047 | 00:28:48 |  30.4s | 1.0e-04 | 0.0720 | 0.8673 | 0.7597 | 0.6417 | 0.0726 | 0.8525 | 0.7344 | 0.5657
0044 | 00:29:34 |  25.5s | 1.0e-04 | 0.0759 | 0.8606 | 0.7477 | 0.6207 | 0.0746 | 0.8251 | 0.7390 | 0.5389
0048 | 00:29:41 |  23.9s | 1.0e-04 | 0.0714 | 0.8681 | 0.7592 | 0.6383 | 0.0710 | 0.8337 | 0.7534 | 0.5657
0045 | 00:30:17 |  42.9s | 1.0e-04 | 0.0755 | 0.8610 | 0.7502 | 0.6249 | 0.0720 | 0.8412 | 0.7207 | 0.5289
0049 | 00:30:26 |  34.8s | 1.0e-04 | 0.0710 | 0.8685 | 0.7626 | 0.6482 | 0.0706 | 0.8376 | 0.7524 | 0.5634
0046 | 00:31:21 |  28.6s | 1.0e-04 | 0.0753 | 0.8603 | 0.7457 | 0.6128 | 0.0750 | 0.8400 | 0.7291 | 0.5486
0050 | 00:31:22 |  28.6s | 1.0e-04 | 0.0725 | 0.8687 | 0.7663 | 0.6572 | 0.0709 | 0.8639 | 0.7272 | 0.5777
0051 | 00:32:12 |  36.8s | 1.0e-04 | 0.0725 | 0.8683 | 0.7665 | 0.6592 | 0.0707 | 0.8618 | 0.7313 | 0.5778
0047 | 00:32:11 |  45.8s | 1.0e-04 | 0.0750 | 0.8624 | 0.7498 | 0.6230 | 0.0733 | 0.8338 | 0.7393 | 0.5531
0052 | 00:33:06 |  22.3s | 1.0e-04 | 0.0723 | 0.8696 | 0.7691 | 0.6620 | 0.0722 | 0.8264 | 0.7692 | 0.5762
0048 | 00:33:17 |  20.8s | 1.0e-04 | 0.0734 | 0.8636 | 0.7522 | 0.6253 | 0.0731 | 0.8451 | 0.7306 | 0.5522
0053 | 00:33:47 |  31.2s | 1.0e-04 | 0.0712 | 0.8702 | 0.7685 | 0.6619 | 0.0702 | 0.8539 | 0.7441 | 0.5784
0049 | 00:33:58 |  53.5s | 1.0e-04 | 0.0724 | 0.8646 | 0.7538 | 0.6320 | 0.0734 | 0.8141 | 0.7490 | 0.5285
0054 | 00:34:35 |  17.2s | 1.0e-04 | 0.0690 | 0.8717 | 0.7692 | 0.6604 | 0.0705 | 0.8681 | 0.7317 | 0.5915
0050 | 00:35:15 |  24.8s | 1.0e-04 | 0.0717 | 0.8673 | 0.7581 | 0.6392 | 0.0718 | 0.8679 | 0.7015 | 0.5526
0055 | 00:35:15 |  50.2s | 1.0e-04 | 0.0689 | 0.8724 | 0.7707 | 0.6641 | 0.0716 | 0.8318 | 0.7718 | 0.5887
0051 | 00:35:57 |  41.7s | 1.0e-04 | 0.0715 | 0.8665 | 0.7539 | 0.6313 | 0.0745 | 0.8173 | 0.7674 | 0.5668
0056 | 00:36:25 |  18.0s | 1.0e-04 | 0.0688 | 0.8738 | 0.7751 | 0.6767 | 0.0695 | 0.8481 | 0.7537 | 0.5926
0052 | 00:36:58 |  25.0s | 1.0e-04 | 0.0715 | 0.8651 | 0.7501 | 0.6205 | 0.0713 | 0.8452 | 0.7420 | 0.5711
0057 | 00:37:06 |  41.4s | 1.0e-04 | 0.0691 | 0.8735 | 0.7755 | 0.6761 | 0.0690 | 0.8638 | 0.7431 | 0.5972
0058 | 00:38:03 |  19.0s | 1.0e-04 | 0.0695 | 0.8738 | 0.7747 | 0.6772 | 0.0682 | 0.8646 | 0.7379 | 0.5918
0053 | 00:37:46 |  43.2s | 1.0e-04 | 0.0724 | 0.8648 | 0.7524 | 0.6256 | 0.0727 | 0.8750 | 0.7075 | 0.5777
0054 | 00:38:50 |  15.5s | 1.0e-04 | 0.0726 | 0.8670 | 0.7603 | 0.6446 | 0.0710 | 0.8474 | 0.7441 | 0.5737
0059 | 00:38:40 |  32.1s | 1.0e-04 | 0.0679 | 0.8747 | 0.7731 | 0.6699 | 0.0674 | 0.8623 | 0.7470 | 0.5987
0060 | 00:39:31 |  20.6s | 1.0e-04 | 0.0661 | 0.8751 | 0.7708 | 0.6619 | 0.0690 | 0.8538 | 0.7590 | 0.6106
0055 | 00:39:23 |  39.1s | 1.0e-04 | 0.0717 | 0.8686 | 0.7638 | 0.6523 | 0.0720 | 0.8466 | 0.7463 | 0.5844
0056 | 00:40:22 |  20.0s | 1.0e-04 | 0.0715 | 0.8682 | 0.7642 | 0.6545 | 0.0708 | 0.8349 | 0.7552 | 0.5754
0061 | 00:40:10 |  33.2s | 1.0e-04 | 0.0664 | 0.8748 | 0.7749 | 0.6752 | 0.0680 | 0.8748 | 0.7401 | 0.6154
0062 | 00:41:05 |  21.8s | 1.0e-04 | 0.0673 | 0.8761 | 0.7798 | 0.6866 | 0.0663 | 0.8575 | 0.7489 | 0.5961
0057 | 00:41:03 |  43.8s | 1.0e-04 | 0.0712 | 0.8679 | 0.7619 | 0.6491 | 0.0715 | 0.8525 | 0.7433 | 0.5810
0058 | 00:42:05 |  20.3s | 1.0e-04 | 0.0698 | 0.8699 | 0.7635 | 0.6491 | 0.0698 | 0.8581 | 0.7389 | 0.5874
0063 | 00:41:48 |  39.2s | 1.0e-04 | 0.0664 | 0.8759 | 0.7773 | 0.6800 | 0.0669 | 0.8557 | 0.7642 | 0.6232
0064 | 00:42:48 |  20.1s | 1.0e-04 | 0.0655 | 0.8766 | 0.7764 | 0.6747 | 0.0669 | 0.8492 | 0.7736 | 0.6222
0059 | 00:42:43 |  43.9s | 1.0e-04 | 0.0704 | 0.8700 | 0.7674 | 0.6582 | 0.0704 | 0.8483 | 0.7468 | 0.5827
0065 | 00:43:28 |  36.6s | 1.0e-04 | 0.0668 | 0.8768 | 0.7842 | 0.6950 | 0.0669 | 0.8694 | 0.7273 | 0.5865
0060 | 00:43:48 |  23.2s | 1.0e-04 | 0.0702 | 0.8675 | 0.7714 | 0.6671 | 0.0703 | 0.8448 | 0.7451 | 0.5751
0066 | 00:44:23 |  18.8s | 1.0e-04 | 0.0678 | 0.8775 | 0.7891 | 0.7069 | 0.0663 | 0.8690 | 0.7507 | 0.6210
0061 | 00:44:32 |  40.8s | 1.0e-04 | 0.0689 | 0.8685 | 0.7679 | 0.6555 | 0.0692 | 0.8579 | 0.7428 | 0.5921
0067 | 00:45:00 |  31.2s | 1.0e-04 | 0.0666 | 0.8780 | 0.7871 | 0.7017 | 0.0659 | 0.8664 | 0.7548 | 0.6210
0062 | 00:45:34 |  16.8s | 1.0e-04 | 0.0683 | 0.8695 | 0.7652 | 0.6532 | 0.0698 | 0.8491 | 0.7592 | 0.5985
0068 | 00:45:51 |  16.3s | 1.0e-04 | 0.0663 | 0.8788 | 0.7843 | 0.6960 | 0.0661 | 0.8495 | 0.7808 | 0.6266
0063 | 00:46:09 |  53.4s | 1.0e-04 | 0.0679 | 0.8715 | 0.7697 | 0.6623 | 0.0693 | 0.8605 | 0.7426 | 0.5973
0069 | 00:46:27 |  42.0s | 1.0e-04 | 0.0661 | 0.8792 | 0.7896 | 0.7055 | 0.0661 | 0.8776 | 0.7504 | 0.6306
0064 | 00:47:21 |  23.0s | 1.0e-04 | 0.0669 | 0.8713 | 0.7693 | 0.6626 | 0.0690 | 0.8738 | 0.7300 | 0.5967
0070 | 00:47:31 |  21.4s | 1.0e-04 | 0.0660 | 0.8801 | 0.7924 | 0.7151 | 0.0667 | 0.8800 | 0.7495 | 0.6410
0071 | 00:48:11 |  39.2s | 1.0e-04 | 0.0642 | 0.8799 | 0.7850 | 0.6951 | 0.0655 | 0.8760 | 0.7586 | 0.6440
0065 | 00:48:01 |  53.4s | 1.0e-04 | 0.0682 | 0.8716 | 0.7721 | 0.6697 | 0.0691 | 0.8546 | 0.7590 | 0.6161
0072 | 00:49:11 |  26.4s | 1.0e-04 | 0.0633 | 0.8798 | 0.7858 | 0.6977 | 0.0651 | 0.8672 | 0.7657 | 0.6349
0066 | 00:49:18 |  24.7s | 1.0e-04 | 0.0688 | 0.8715 | 0.7736 | 0.6742 | 0.0683 | 0.8444 | 0.7569 | 0.5876
0073 | 00:49:56 |  41.3s | 1.0e-04 | 0.0644 | 0.8823 | 0.7956 | 0.7207 | 0.0669 | 0.8554 | 0.7834 | 0.6383
0067 | 00:50:04 |  36.2s | 1.0e-04 | 0.0695 | 0.8734 | 0.7789 | 0.6863 | 0.0680 | 0.8379 | 0.7648 | 0.5892
0074 | 00:50:56 |  26.6s | 1.0e-04 | 0.0646 | 0.8825 | 0.7978 | 0.7257 | 0.0647 | 0.8897 | 0.7455 | 0.6525
0068 | 00:51:00 |  38.3s | 1.0e-04 | 0.0688 | 0.8739 | 0.7826 | 0.6963 | 0.0687 | 0.8585 | 0.7499 | 0.6022
0075 | 00:51:40 |  35.5s | 1.0e-04 | 0.0649 | 0.8828 | 0.7984 | 0.7294 | 0.0638 | 0.8545 | 0.7818 | 0.6322
0069 | 00:52:00 |  30.7s | 1.0e-04 | 0.0664 | 0.8750 | 0.7785 | 0.6857 | 0.0669 | 0.8414 | 0.7657 | 0.5915
0076 | 00:52:34 |  17.9s | 1.0e-04 | 0.0652 | 0.8824 | 0.8002 | 0.7300 | 0.0636 | 0.8668 | 0.7716 | 0.6490
0070 | 00:52:49 |  29.7s | 1.0e-04 | 0.0661 | 0.8754 | 0.7765 | 0.6810 | 0.0668 | 0.8501 | 0.7632 | 0.6048
0077 | 00:53:09 |  38.6s | 1.0e-04 | 0.0627 | 0.8828 | 0.7956 | 0.7202 | 0.0646 | 0.8421 | 0.8009 | 0.6529
0071 | 00:53:38 |  35.8s | 1.0e-04 | 0.0653 | 0.8747 | 0.7751 | 0.6750 | 0.0677 | 0.8711 | 0.7490 | 0.6260
0078 | 00:54:06 |  19.1s | 1.0e-04 | 0.0621 | 0.8826 | 0.7950 | 0.7180 | 0.0651 | 0.8641 | 0.7865 | 0.6730
0072 | 00:54:32 |  30.2s | 1.0e-04 | 0.0657 | 0.8755 | 0.7791 | 0.6832 | 0.0674 | 0.8446 | 0.7661 | 0.6064
0079 | 00:54:48 |  41.6s | 1.0e-04 | 0.0620 | 0.8832 | 0.7959 | 0.7186 | 0.0629 | 0.8604 | 0.7863 | 0.6607
0073 | 00:55:24 |  41.0s | 1.0e-04 | 0.0649 | 0.8746 | 0.7728 | 0.6703 | 0.0657 | 0.8689 | 0.7437 | 0.6071
0080 | 00:55:46 |  24.2s | 1.0e-04 | 0.0618 | 0.8835 | 0.7963 | 0.7196 | 0.0633 | 0.8655 | 0.7814 | 0.6578
0074 | 00:56:23 |  34.1s | 1.0e-04 | 0.0638 | 0.8767 | 0.7771 | 0.6793 | 0.0658 | 0.8527 | 0.7630 | 0.6088
0081 | 00:56:31 |  33.6s | 1.0e-04 | 0.0623 | 0.8843 | 0.8004 | 0.7296 | 0.0628 | 0.8644 | 0.7835 | 0.6578
0082 | 00:57:22 |  23.8s | 1.0e-04 | 0.0621 | 0.8855 | 0.8014 | 0.7326 | 0.0626 | 0.8620 | 0.7861 | 0.6565
0075 | 00:57:14 |  34.8s | 1.0e-04 | 0.0669 | 0.8750 | 0.7812 | 0.6909 | 0.0687 | 0.8366 | 0.7893 | 0.6297
0083 | 00:58:09 |  26.8s | 1.0e-04 | 0.0609 | 0.8854 | 0.8014 | 0.7328 | 0.0630 | 0.8597 | 0.7953 | 0.6720
0076 | 00:58:12 |  39.4s | 1.0e-04 | 0.0664 | 0.8764 | 0.7844 | 0.6961 | 0.0663 | 0.8631 | 0.7576 | 0.6191
0084 | 00:58:54 |  34.0s | 1.0e-04 | 0.0604 | 0.8866 | 0.8028 | 0.7365 | 0.0614 | 0.8588 | 0.7950 | 0.6716
0077 | 00:59:12 |  29.7s | 1.0e-04 | 0.0661 | 0.8774 | 0.7856 | 0.6989 | 0.0659 | 0.8528 | 0.7681 | 0.6193
0085 | 00:59:47 |  19.2s | 1.0e-04 | 0.0595 | 0.8872 | 0.8040 | 0.7390 | 0.0625 | 0.8776 | 0.7779 | 0.6737
0078 | 01:00:01 |  32.8s | 1.0e-04 | 0.0655 | 0.8791 | 0.7896 | 0.7092 | 0.0652 | 0.8651 | 0.7522 | 0.6126
0086 | 01:00:24 |  45.2s | 1.0e-04 | 0.0594 | 0.8868 | 0.8036 | 0.7367 | 0.0624 | 0.8573 | 0.7956 | 0.6659
0079 | 01:00:51 |  29.0s | 1.0e-04 | 0.0642 | 0.8794 | 0.7899 | 0.7091 | 0.0656 | 0.8612 | 0.7642 | 0.6313
0087 | 01:01:26 |  20.7s | 1.0e-04 | 0.0602 | 0.8871 | 0.8058 | 0.7415 | 0.0624 | 0.8585 | 0.7938 | 0.6663
0080 | 01:01:39 |  36.3s | 1.0e-04 | 0.0637 | 0.8798 | 0.7900 | 0.7112 | 0.0653 | 0.8487 | 0.7716 | 0.6087
0088 | 01:02:06 |  47.8s | 1.0e-04 | 0.0599 | 0.8862 | 0.8067 | 0.7439 | 0.0615 | 0.8651 | 0.7909 | 0.6715
0081 | 01:02:31 |  31.6s | 1.0e-04 | 0.0662 | 0.8790 | 0.7931 | 0.7158 | 0.0652 | 0.8388 | 0.7918 | 0.6321
0089 | 01:03:12 |  21.4s | 1.0e-04 | 0.0596 | 0.8855 | 0.8025 | 0.7331 | 0.0612 | 0.8780 | 0.7777 | 0.6801
0082 | 01:03:23 |  40.2s | 1.0e-04 | 0.0659 | 0.8796 | 0.7947 | 0.7218 | 0.0658 | 0.8585 | 0.7787 | 0.6470
0090 | 01:03:49 |  39.8s | 1.0e-04 | 0.0597 | 0.8863 | 0.8037 | 0.7359 | 0.0606 | 0.8823 | 0.7698 | 0.6665
0083 | 01:04:25 |  16.7s | 1.0e-04 | 0.0636 | 0.8804 | 0.7903 | 0.7104 | 0.0652 | 0.8564 | 0.7757 | 0.6329
0091 | 01:04:46 |  16.5s | 1.0e-04 | 0.0605 | 0.8887 | 0.8125 | 0.7578 | 0.0616 | 0.8601 | 0.8038 | 0.6893
0084 | 01:05:04 |  46.4s | 1.0e-04 | 0.0628 | 0.8807 | 0.7908 | 0.7112 | 0.0639 | 0.8654 | 0.7632 | 0.6340
0092 | 01:05:19 |  33.4s | 1.0e-04 | 0.0605 | 0.8865 | 0.8103 | 0.7537 | 0.0610 | 0.8506 | 0.8066 | 0.6749
0085 | 01:06:10 |  27.6s | 1.0e-04 | 0.0625 | 0.8797 | 0.7907 | 0.7094 | 0.0644 | 0.8696 | 0.7580 | 0.6379
0093 | 01:06:12 |  27.7s | 1.0e-04 | 0.0596 | 0.8865 | 0.8065 | 0.7418 | 0.0604 | 0.8772 | 0.7789 | 0.6692
0086 | 01:06:56 |  44.9s | 1.0e-04 | 0.0631 | 0.8806 | 0.7908 | 0.7108 | 0.0645 | 0.8465 | 0.7816 | 0.6292
0094 | 01:06:59 |  45.7s | 1.0e-04 | 0.0595 | 0.8875 | 0.8080 | 0.7467 | 0.0610 | 0.8512 | 0.8043 | 0.6730
0087 | 01:08:01 |  26.0s | 1.0e-04 | 0.0646 | 0.8807 | 0.7976 | 0.7255 | 0.0651 | 0.8766 | 0.7656 | 0.6636
0095 | 01:08:08 |  24.2s | 1.0e-04 | 0.0607 | 0.8863 | 0.8094 | 0.7506 | 0.0610 | 0.8602 | 0.8003 | 0.6810
0096 | 01:08:57 |  30.7s | 1.0e-04 | 0.0605 | 0.8856 | 0.8083 | 0.7476 | 0.0599 | 0.8542 | 0.8011 | 0.6723
0088 | 01:08:49 |  48.4s | 1.0e-04 | 0.0641 | 0.8807 | 0.7947 | 0.7192 | 0.0636 | 0.8742 | 0.7639 | 0.6568
0097 | 01:09:44 |  21.2s | 1.0e-04 | 0.0593 | 0.8875 | 0.8097 | 0.7503 | 0.0602 | 0.8687 | 0.7998 | 0.6972
0089 | 01:09:56 |  19.7s | 1.0e-04 | 0.0625 | 0.8816 | 0.7957 | 0.7212 | 0.0642 | 0.8805 | 0.7528 | 0.6422
0098 | 01:10:24 |  36.2s | 1.0e-04 | 0.0597 | 0.8873 | 0.8102 | 0.7519 | 0.0601 | 0.8688 | 0.8011 | 0.6942
0090 | 01:10:36 |  44.8s | 1.0e-04 | 0.0627 | 0.8823 | 0.7969 | 0.7211 | 0.0640 | 0.8537 | 0.7798 | 0.6369
0099 | 01:11:17 |  17.1s | 1.0e-04 | 0.0589 | 0.8893 | 0.8159 | 0.7647 | 0.0597 | 0.8766 | 0.7910 | 0.6956
0091 | 01:11:38 |  17.0s | 1.0e-04 | 0.0633 | 0.8820 | 0.7965 | 0.7217 | 0.0638 | 0.8733 | 0.7603 | 0.6536
0100 | 01:11:56 |  30.7s | 1.0e-04 | 0.0590 | 0.8894 | 0.8157 | 0.7659 | 0.0597 | 0.8758 | 0.7915 | 0.6944
0092 | 01:12:14 |  37.9s | 1.0e-04 | 0.0636 | 0.8819 | 0.7988 | 0.7278 | 0.0631 | 0.8618 | 0.7781 | 0.6512
0101 | 01:12:43 |  18.1s | 1.0e-04 | 0.0588 | 0.8889 | 0.8172 | 0.7662 | 0.0601 | 0.8582 | 0.8114 | 0.6986
0093 | 01:13:10 |  20.1s | 1.0e-04 | 0.0626 | 0.8828 | 0.8031 | 0.7364 | 0.0629 | 0.8724 | 0.7704 | 0.6617
0102 | 01:13:23 |  38.0s | 1.0e-04 | 0.0580 | 0.8889 | 0.8136 | 0.7584 | 0.0596 | 0.8671 | 0.8112 | 0.7157
0094 | 01:13:50 |  43.1s | 1.0e-04 | 0.0612 | 0.8845 | 0.8007 | 0.7317 | 0.0624 | 0.8596 | 0.7793 | 0.6451
0103 | 01:14:18 |  18.7s | 1.0e-04 | 0.0568 | 0.8884 | 0.8102 | 0.7494 | 0.0598 | 0.8796 | 0.7847 | 0.6997
0095 | 01:14:54 |  23.5s | 1.0e-04 | 0.0615 | 0.8834 | 0.7993 | 0.7293 | 0.0691 | 0.8127 | 0.8115 | 0.6497
0104 | 01:14:59 |  38.4s | 1.0e-04 | 0.0573 | 0.8900 | 0.8139 | 0.7581 | 0.0601 | 0.8697 | 0.8076 | 0.7089
0105 | 01:15:53 |  21.1s | 1.0e-04 | 0.0577 | 0.8901 | 0.8155 | 0.7633 | 0.0588 | 0.8856 | 0.7852 | 0.7058
0096 | 01:15:38 |  45.7s | 1.0e-04 | 0.0628 | 0.8773 | 0.7987 | 0.7226 | 0.0628 | 0.8536 | 0.7871 | 0.6460
0097 | 01:16:43 |  19.5s | 1.0e-04 | 0.0627 | 0.8808 | 0.7972 | 0.7240 | 0.0628 | 0.8781 | 0.7649 | 0.6633
0106 | 01:16:32 |  34.4s | 1.0e-04 | 0.0573 | 0.8900 | 0.8167 | 0.7657 | 0.0585 | 0.8797 | 0.7850 | 0.6913
0107 | 01:17:27 |  20.4s | 1.0e-04 | 0.0573 | 0.8888 | 0.8156 | 0.7644 | 0.0595 | 0.8792 | 0.7928 | 0.7043
0098 | 01:17:20 |  42.3s | 1.0e-04 | 0.0614 | 0.8835 | 0.8015 | 0.7339 | 0.0619 | 0.8640 | 0.7875 | 0.6666
0108 | 01:18:06 |  39.6s | 1.0e-04 | 0.0570 | 0.8908 | 0.8168 | 0.7673 | 0.0584 | 0.8685 | 0.7991 | 0.6943
0099 | 01:18:23 |  22.6s | 1.0e-04 | 0.0603 | 0.8840 | 0.8019 | 0.7317 | 0.0627 | 0.8657 | 0.7838 | 0.6656
0109 | 01:19:05 |  18.5s | 1.0e-04 | 0.0574 | 0.8898 | 0.8187 | 0.7723 | 0.0584 | 0.8721 | 0.7952 | 0.6982
0100 | 01:19:06 |  44.0s | 1.0e-04 | 0.0614 | 0.8840 | 0.8013 | 0.7316 | 0.0615 | 0.8789 | 0.7695 | 0.6741
0110 | 01:19:47 |  41.8s | 1.0e-04 | 0.0570 | 0.8895 | 0.8169 | 0.7673 | 0.0587 | 0.8856 | 0.7907 | 0.7136
0101 | 01:20:08 |  24.0s | 1.0e-04 | 0.0619 | 0.8838 | 0.8026 | 0.7362 | 0.0619 | 0.8848 | 0.7626 | 0.6713
0111 | 01:20:50 |  18.7s | 1.0e-04 | 0.0566 | 0.8890 | 0.8163 | 0.7653 | 0.0590 | 0.8724 | 0.8073 | 0.7188
0102 | 01:20:52 |  42.8s | 1.0e-04 | 0.0622 | 0.8835 | 0.8069 | 0.7452 | 0.0615 | 0.8741 | 0.7773 | 0.6676
0112 | 01:21:26 |  43.9s | 1.0e-04 | 0.0575 | 0.8899 | 0.8194 | 0.7739 | 0.0597 | 0.8736 | 0.8070 | 0.7226
0103 | 01:21:53 |  23.4s | 1.0e-04 | 0.0623 | 0.8843 | 0.8057 | 0.7412 | 0.0611 | 0.8693 | 0.7922 | 0.6812
0113 | 01:22:28 |  18.7s | 1.0e-04 | 0.0576 | 0.8903 | 0.8202 | 0.7751 | 0.0584 | 0.8767 | 0.7971 | 0.7079
0104 | 01:22:38 |  41.5s | 1.0e-04 | 0.0611 | 0.8842 | 0.8051 | 0.7389 | 0.0618 | 0.8775 | 0.7746 | 0.6719
0114 | 01:23:03 |  34.2s | 1.0e-04 | 0.0574 | 0.8898 | 0.8199 | 0.7733 | 0.0591 | 0.8918 | 0.7914 | 0.7270
0105 | 01:23:38 |  16.7s | 1.0e-04 | 0.0605 | 0.8854 | 0.8085 | 0.7471 | 0.0617 | 0.8598 | 0.7997 | 0.6779
0115 | 01:23:57 |  16.6s | 1.0e-04 | 0.0573 | 0.8899 | 0.8177 | 0.7695 | 0.0586 | 0.8796 | 0.8002 | 0.7227
0106 | 01:24:14 |  58.1s | 1.0e-04 | 0.0606 | 0.8847 | 0.8076 | 0.7468 | 0.0606 | 0.8772 | 0.7803 | 0.6815
0116 | 01:24:34 |  45.2s | 1.0e-04 | 0.0579 | 0.8918 | 0.8257 | 0.7874 | 0.0585 | 0.8671 | 0.8099 | 0.7117
0107 | 01:25:31 |  22.9s | 1.0e-04 | 0.0598 | 0.8855 | 0.8064 | 0.7433 | 0.0615 | 0.8591 | 0.8010 | 0.6877
0117 | 01:25:41 |  21.6s | 1.0e-04 | 0.0586 | 0.8914 | 0.8267 | 0.7892 | 0.0585 | 0.8760 | 0.8054 | 0.7220
0108 | 01:26:15 |  33.6s | 1.0e-04 | 0.0592 | 0.8860 | 0.8057 | 0.7420 | 0.0605 | 0.8460 | 0.8113 | 0.6733
0118 | 01:26:23 |  35.1s | 1.0e-04 | 0.0577 | 0.8934 | 0.8292 | 0.7950 | 0.0580 | 0.8878 | 0.7944 | 0.7250
0109 | 01:27:06 |  31.7s | 1.0e-04 | 0.0588 | 0.8859 | 0.8061 | 0.7414 | 0.0604 | 0.8557 | 0.8048 | 0.6776
0119 | 01:27:18 |  19.6s | 1.0e-04 | 0.0579 | 0.8914 | 0.8256 | 0.7875 | 0.0585 | 0.8612 | 0.8057 | 0.6965
0110 | 01:27:58 |  37.3s | 1.0e-04 | 0.0588 | 0.8883 | 0.8124 | 0.7579 | 0.0606 | 0.8624 | 0.7905 | 0.6580
0120 | 01:27:58 |  43.7s | 1.0e-04 | 0.0568 | 0.8891 | 0.8193 | 0.7715 | 0.0580 | 0.8701 | 0.8058 | 0.7065
0121 | 01:29:04 |  19.7s | 1.0e-04 | 0.0557 | 0.8915 | 0.8184 | 0.7709 | 0.0568 | 0.8721 | 0.8117 | 0.7239
0111 | 01:28:53 |  31.4s | 1.0e-04 | 0.0587 | 0.8894 | 0.8149 | 0.7628 | 0.0607 | 0.8749 | 0.7814 | 0.6731
0112 | 01:29:45 |  36.6s | 1.0e-04 | 0.0583 | 0.8894 | 0.8150 | 0.7631 | 0.0614 | 0.8735 | 0.7865 | 0.6854
0122 | 01:29:45 |  42.6s | 1.0e-04 | 0.0567 | 0.8903 | 0.8226 | 0.7808 | 0.0577 | 0.8922 | 0.7810 | 0.7152
0123 | 01:30:48 |  21.9s | 1.0e-04 | 0.0564 | 0.8910 | 0.8227 | 0.7809 | 0.0570 | 0.8807 | 0.8024 | 0.7225
0113 | 01:30:40 |  33.1s | 1.0e-04 | 0.0582 | 0.8897 | 0.8157 | 0.7633 | 0.0609 | 0.8563 | 0.8084 | 0.6862
0124 | 01:31:30 |  31.4s | 1.0e-04 | 0.0562 | 0.8925 | 0.8243 | 0.7840 | 0.0583 | 0.8755 | 0.8109 | 0.7325
0114 | 01:31:33 |  40.1s | 1.0e-04 | 0.0585 | 0.8868 | 0.8084 | 0.7455 | 0.0607 | 0.8728 | 0.7910 | 0.6853
0125 | 01:32:18 |  17.2s | 1.0e-04 | 0.0562 | 0.8922 | 0.8244 | 0.7854 | 0.0575 | 0.8710 | 0.8128 | 0.7218
0115 | 01:32:34 |  32.1s | 1.0e-04 | 0.0582 | 0.8868 | 0.8091 | 0.7478 | 0.0616 | 0.8626 | 0.8057 | 0.6978
0126 | 01:32:57 |  17.1s | 1.0e-04 | 0.0554 | 0.8929 | 0.8237 | 0.7823 | 0.0579 | 0.8910 | 0.7922 | 0.7300
0116 | 01:33:23 |  37.7s | 1.0e-04 | 0.0580 | 0.8893 | 0.8143 | 0.7597 | 0.0607 | 0.8428 | 0.8178 | 0.6858
0127 | 01:33:32 |  29.8s | 1.0e-04 | 0.0556 | 0.8921 | 0.8233 | 0.7826 | 0.0569 | 0.8728 | 0.8057 | 0.7153
0128 | 01:34:22 |  24.7s | 1.0e-04 | 0.0557 | 0.8921 | 0.8267 | 0.7900 | 0.0569 | 0.8755 | 0.8086 | 0.7221
0117 | 01:34:21 |  36.0s | 1.0e-04 | 0.0578 | 0.8898 | 0.8156 | 0.7618 | 0.0606 | 0.8709 | 0.7964 | 0.6967
0129 | 01:35:03 |  37.0s | 1.0e-04 | 0.0555 | 0.8941 | 0.8287 | 0.7937 | 0.0573 | 0.8679 | 0.8169 | 0.7191
0118 | 01:35:16 |  39.6s | 1.0e-04 | 0.0593 | 0.8892 | 0.8193 | 0.7724 | 0.0594 | 0.8587 | 0.8025 | 0.6780
0130 | 01:35:59 |  16.3s | 1.0e-04 | 0.0552 | 0.8930 | 0.8274 | 0.7909 | 0.0571 | 0.8629 | 0.8162 | 0.7205
0119 | 01:36:17 |  29.8s | 1.0e-04 | 0.0592 | 0.8899 | 0.8206 | 0.7742 | 0.0605 | 0.8550 | 0.8105 | 0.6922
0131 | 01:36:32 |  37.0s | 1.0e-04 | 0.0554 | 0.8925 | 0.8270 | 0.7909 | 0.0571 | 0.8810 | 0.8109 | 0.7374
0120 | 01:37:04 |  30.8s | 1.0e-04 | 0.0571 | 0.8880 | 0.8124 | 0.7538 | 0.0603 | 0.8825 | 0.7840 | 0.6954
0132 | 01:37:30 |  17.5s | 1.0e-04 | 0.0566 | 0.8928 | 0.8261 | 0.7887 | 0.0561 | 0.8757 | 0.8128 | 0.7382
0121 | 01:37:54 |  43.7s | 1.0e-04 | 0.0569 | 0.8893 | 0.8129 | 0.7562 | 0.0591 | 0.8759 | 0.7916 | 0.6943
0133 | 01:38:08 |  32.6s | 1.0e-04 | 0.0564 | 0.8917 | 0.8268 | 0.7893 | 0.0557 | 0.8814 | 0.8040 | 0.7310
0134 | 01:39:02 |  22.6s | 1.0e-04 | 0.0552 | 0.8945 | 0.8304 | 0.7980 | 0.0569 | 0.8727 | 0.8113 | 0.7320
0122 | 01:38:58 |  33.0s | 1.0e-04 | 0.0586 | 0.8893 | 0.8186 | 0.7704 | 0.0592 | 0.8739 | 0.8048 | 0.7146
0135 | 01:39:46 |  41.3s | 1.0e-04 | 0.0555 | 0.8939 | 0.8302 | 0.7981 | 0.0563 | 0.8727 | 0.8090 | 0.7254
0123 | 01:39:53 |  51.8s | 1.0e-04 | 0.0581 | 0.8899 | 0.8171 | 0.7667 | 0.0584 | 0.8794 | 0.7900 | 0.6959
0136 | 01:40:46 |  16.6s | 1.0e-04 | 0.0567 | 0.8941 | 0.8331 | 0.8033 | 0.0562 | 0.8756 | 0.8207 | 0.7428
0124 | 01:41:04 |  32.7s | 1.0e-04 | 0.0573 | 0.8904 | 0.8178 | 0.7675 | 0.0580 | 0.8652 | 0.7982 | 0.6859
0137 | 01:41:23 |  38.4s | 1.0e-04 | 0.0560 | 0.8943 | 0.8327 | 0.8036 | 0.0557 | 0.8719 | 0.8119 | 0.7260
0125 | 01:41:55 |  44.3s | 1.0e-04 | 0.0574 | 0.8911 | 0.8188 | 0.7700 | 0.0584 | 0.8682 | 0.8109 | 0.7145
0138 | 01:42:19 |  20.5s | 1.0e-04 | 0.0545 | 0.8953 | 0.8310 | 0.8009 | 0.0556 | 0.8757 | 0.8085 | 0.7228
0126 | 01:43:03 |  24.4s | 1.0e-04 | 0.0577 | 0.8906 | 0.8209 | 0.7745 | 0.0587 | 0.8884 | 0.7786 | 0.6962
0139 | 01:43:03 |  42.5s | 1.0e-04 | 0.0552 | 0.8944 | 0.8316 | 0.8005 | 0.0557 | 0.8663 | 0.8153 | 0.7162
0140 | 01:44:04 |  19.0s | 1.0e-04 | 0.0565 | 0.8940 | 0.8334 | 0.8035 | 0.0555 | 0.8933 | 0.7993 | 0.7394
0127 | 01:43:47 |  48.4s | 1.0e-04 | 0.0581 | 0.8900 | 0.8224 | 0.7774 | 0.0592 | 0.8891 | 0.7913 | 0.7262
0128 | 01:44:54 |  16.9s | 1.0e-04 | 0.0589 | 0.8904 | 0.8225 | 0.7779 | 0.0582 | 0.8639 | 0.8086 | 0.7017
0141 | 01:44:42 |  32.5s | 1.0e-04 | 0.0558 | 0.8933 | 0.8308 | 0.7977 | 0.0565 | 0.8860 | 0.8033 | 0.7407
0142 | 01:45:35 |  19.4s | 1.0e-04 | 0.0537 | 0.8936 | 0.8267 | 0.7898 | 0.0552 | 0.8805 | 0.8086 | 0.7365
0129 | 01:45:29 |  53.7s | 1.0e-04 | 0.0585 | 0.8901 | 0.8205 | 0.7733 | 0.0585 | 0.8635 | 0.8129 | 0.7122
0143 | 01:46:13 |  35.6s | 1.0e-04 | 0.0544 | 0.8941 | 0.8295 | 0.7956 | 0.0564 | 0.8793 | 0.8151 | 0.7455
0130 | 01:46:42 |  17.9s | 1.0e-04 | 0.0580 | 0.8895 | 0.8200 | 0.7726 | 0.0598 | 0.8510 | 0.8288 | 0.7177
0144 | 01:47:05 |  18.3s | 1.0e-04 | 0.0552 | 0.8946 | 0.8339 | 0.8050 | 0.0552 | 0.8811 | 0.8065 | 0.7313
0131 | 01:47:20 |  55.4s | 1.0e-04 | 0.0580 | 0.8912 | 0.8214 | 0.7756 | 0.0578 | 0.8839 | 0.7826 | 0.6994
0145 | 01:47:41 |  37.1s | 1.0e-04 | 0.0550 | 0.8947 | 0.8331 | 0.8031 | 0.0558 | 0.8613 | 0.8305 | 0.7380
0132 | 01:48:35 |  27.6s | 1.0e-04 | 0.0577 | 0.8915 | 0.8225 | 0.7781 | 0.0581 | 0.8719 | 0.8006 | 0.7019
0146 | 01:48:37 |  27.5s | 1.0e-04 | 0.0552 | 0.8941 | 0.8323 | 0.8008 | 0.0554 | 0.8731 | 0.8202 | 0.7373
0147 | 01:49:25 |  37.9s | 1.0e-04 | 0.0542 | 0.8947 | 0.8299 | 0.7974 | 0.0546 | 0.8884 | 0.7986 | 0.7327
0133 | 01:49:22 |  52.4s | 1.0e-04 | 0.0572 | 0.8913 | 0.8226 | 0.7775 | 0.0576 | 0.8787 | 0.8024 | 0.7140
0148 | 01:50:18 |  18.1s | 1.0e-04 | 0.0531 | 0.8969 | 0.8321 | 0.8019 | 0.0563 | 0.8798 | 0.8135 | 0.7419
0134 | 01:50:33 |  16.4s | 1.0e-04 | 0.0567 | 0.8924 | 0.8233 | 0.7816 | 0.0588 | 0.8696 | 0.8163 | 0.7262
0149 | 01:50:54 |  31.2s | 1.0e-04 | 0.0539 | 0.8958 | 0.8340 | 0.8058 | 0.0561 | 0.8758 | 0.8269 | 0.7553
0135 | 01:51:08 |  50.4s | 1.0e-04 | 0.0566 | 0.8924 | 0.8253 | 0.7854 | 0.0592 | 0.8904 | 0.7927 | 0.7283
0150 | 01:51:41 |  17.9s | 1.0e-04 | 0.0547 | 0.8949 | 0.8332 | 0.8043 | 0.0556 | 0.8844 | 0.8066 | 0.7399
0136 | 01:52:17 |  21.3s | 1.0e-04 | 0.0575 | 0.8922 | 0.8270 | 0.7895 | 0.0585 | 0.8748 | 0.8092 | 0.7246
0151 | 01:52:21 |  32.8s | 1.0e-04 | 0.0550 | 0.8949 | 0.8343 | 0.8063 | 0.0570 | 0.9001 | 0.7954 | 0.7537
0152 | 01:53:11 |  20.5s | 1.0e-04 | 0.0552 | 0.8942 | 0.8337 | 0.8041 | 0.0547 | 0.8901 | 0.7970 | 0.7352
0137 | 01:52:58 |  58.9s | 1.0e-04 | 0.0572 | 0.8920 | 0.8249 | 0.7828 | 0.0579 | 0.8772 | 0.8078 | 0.7245
0153 | 01:53:47 |  41.2s | 1.0e-04 | 0.0536 | 0.8955 | 0.8315 | 0.8021 | 0.0549 | 0.8808 | 0.8121 | 0.7411
0138 | 01:54:17 |  20.9s | 1.0e-04 | 0.0567 | 0.8917 | 0.8209 | 0.7741 | 0.0564 | 0.8743 | 0.8071 | 0.7168
0154 | 01:54:45 |  19.2s | 1.0e-04 | 0.0529 | 0.8960 | 0.8332 | 0.8037 | 0.0546 | 0.8884 | 0.7990 | 0.7376
0155 | 01:55:20 |  36.5s | 1.0e-04 | 0.0531 | 0.8967 | 0.8351 | 0.8082 | 0.0557 | 0.8750 | 0.8187 | 0.7424
0139 | 01:54:57 |  62.4s | 1.0e-04 | 0.0570 | 0.8900 | 0.8212 | 0.7743 | 0.0568 | 0.8713 | 0.8101 | 0.7193
0156 | 01:56:17 |  27.3s | 1.0e-04 | 0.0531 | 0.8973 | 0.8367 | 0.8111 | 0.0559 | 0.8816 | 0.8144 | 0.7521
0140 | 01:56:20 |  27.0s | 1.0e-04 | 0.0559 | 0.8920 | 0.8217 | 0.7760 | 0.0562 | 0.8679 | 0.8052 | 0.7051
0157 | 01:57:03 |  29.6s | 1.0e-04 | 0.0542 | 0.8969 | 0.8392 | 0.8172 | 0.0550 | 0.8776 | 0.8115 | 0.7402
0141 | 01:57:09 |  60.8s | 1.0e-04 | 0.0559 | 0.8923 | 0.8240 | 0.7819 | 0.0565 | 0.8810 | 0.7972 | 0.7147
0158 | 01:57:51 |  19.9s | 1.0e-04 | 0.0543 | 0.8969 | 0.8387 | 0.8154 | 0.0544 | 0.8735 | 0.8233 | 0.7502
0142 | 01:58:28 |  19.5s | 1.0e-04 | 0.0567 | 0.8929 | 0.8261 | 0.7869 | 0.0576 | 0.8807 | 0.8051 | 0.7310
0159 | 01:58:33 |  35.4s | 1.0e-04 | 0.0543 | 0.8956 | 0.8371 | 0.8120 | 0.0548 | 0.8807 | 0.8141 | 0.7486
0160 | 01:59:27 |  20.3s | 1.0e-04 | 0.0541 | 0.8964 | 0.8370 | 0.8122 | 0.0543 | 0.8849 | 0.8176 | 0.7586
0143 | 01:59:07 |  51.9s | 1.0e-04 | 0.0552 | 0.8924 | 0.8233 | 0.7800 | 0.0573 | 0.8856 | 0.7994 | 0.7245
0144 | 02:00:17 |  25.6s | 1.0e-04 | 0.0548 | 0.8919 | 0.8234 | 0.7786 | 0.0570 | 0.8586 | 0.8180 | 0.7058
0161 | 02:00:03 |  41.3s | 1.0e-04 | 0.0530 | 0.8960 | 0.8326 | 0.8035 | 0.0552 | 0.8676 | 0.8276 | 0.7494
0162 | 02:01:05 |  19.7s | 1.0e-04 | 0.0527 | 0.8963 | 0.8325 | 0.8033 | 0.0538 | 0.8927 | 0.8004 | 0.7483
0145 | 02:01:03 |  43.1s | 1.0e-04 | 0.0552 | 0.8924 | 0.8251 | 0.7835 | 0.0585 | 0.8524 | 0.8285 | 0.7185
0163 | 02:01:43 |  40.2s | 1.0e-04 | 0.0526 | 0.8987 | 0.8397 | 0.8182 | 0.0535 | 0.8782 | 0.8095 | 0.7351
0146 | 02:02:10 |  33.1s | 1.0e-04 | 0.0552 | 0.8933 | 0.8269 | 0.7875 | 0.0565 | 0.8813 | 0.8056 | 0.7267
0164 | 02:02:41 |  15.2s | 1.0e-04 | 0.0524 | 0.8992 | 0.8413 | 0.8219 | 0.0557 | 0.8696 | 0.8269 | 0.7493
0165 | 02:03:12 |  34.1s | 1.0e-04 | 0.0537 | 0.8946 | 0.8315 | 0.8008 | 0.0534 | 0.8766 | 0.8190 | 0.7526
0147 | 02:03:01 |  45.0s | 1.0e-04 | 0.0557 | 0.8930 | 0.8282 | 0.7912 | 0.0567 | 0.8797 | 0.8131 | 0.7346
0166 | 02:04:07 |  28.5s | 1.0e-04 | 0.0534 | 0.8943 | 0.8304 | 0.7982 | 0.0543 | 0.8787 | 0.8235 | 0.7571
0148 | 02:04:08 |  45.8s | 1.0e-04 | 0.0559 | 0.8937 | 0.8296 | 0.7948 | 0.0571 | 0.8895 | 0.7908 | 0.7217
0167 | 02:04:55 |  17.7s | 1.0e-04 | 0.0524 | 0.8957 | 0.8320 | 0.8007 | 0.0546 | 0.8839 | 0.8251 | 0.7709
0149 | 02:05:13 |  43.3s | 1.0e-04 | 0.0547 | 0.8927 | 0.8236 | 0.7817 | 0.0570 | 0.8860 | 0.8078 | 0.7441
0168 | 02:05:33 |  32.5s | 1.0e-04 | 0.0526 | 0.8945 | 0.8315 | 0.7994 | 0.0542 | 0.8781 | 0.8254 | 0.7600
0150 | 02:06:16 |  31.2s | 1.0e-04 | 0.0547 | 0.8927 | 0.8248 | 0.7817 | 0.0558 | 0.8751 | 0.8058 | 0.7186
0169 | 02:06:28 |  18.8s | 1.0e-04 | 0.0529 | 0.8965 | 0.8361 | 0.8106 | 0.0538 | 0.8836 | 0.8121 | 0.7491
0151 | 02:07:11 |  28.9s | 1.0e-04 | 0.0571 | 0.8920 | 0.8266 | 0.7872 | 0.0558 | 0.8776 | 0.8024 | 0.7177
0170 | 02:07:11 |  37.5s | 1.0e-04 | 0.0526 | 0.8975 | 0.8364 | 0.8120 | 0.0539 | 0.8871 | 0.8139 | 0.7603
0171 | 02:08:11 |  17.6s | 1.0e-04 | 0.0519 | 0.8976 | 0.8386 | 0.8146 | 0.0541 | 0.8817 | 0.8177 | 0.7506
0152 | 02:07:58 |  38.5s | 1.0e-04 | 0.0575 | 0.8899 | 0.8234 | 0.7796 | 0.0567 | 0.8857 | 0.8046 | 0.7384
0172 | 02:08:49 |  34.7s | 1.0e-04 | 0.0519 | 0.8985 | 0.8380 | 0.8145 | 0.0544 | 0.8950 | 0.8065 | 0.7612
0153 | 02:09:00 |  33.2s | 1.0e-04 | 0.0543 | 0.8945 | 0.8276 | 0.7892 | 0.0561 | 0.8820 | 0.8049 | 0.7225
0173 | 02:09:43 |  20.2s | 1.0e-04 | 0.0523 | 0.8977 | 0.8372 | 0.8120 | 0.0548 | 0.8923 | 0.8063 | 0.7614
0154 | 02:09:56 |  40.3s | 1.0e-04 | 0.0535 | 0.8950 | 0.8309 | 0.7975 | 0.0570 | 0.8816 | 0.8076 | 0.7266
0174 | 02:10:21 |  33.6s | 1.0e-04 | 0.0526 | 0.8961 | 0.8374 | 0.8120 | 0.0541 | 0.8761 | 0.8292 | 0.7649
0155 | 02:10:56 |  35.9s | 1.0e-04 | 0.0545 | 0.8926 | 0.8272 | 0.7875 | 0.0568 | 0.8860 | 0.7952 | 0.7158
0175 | 02:11:11 |  25.6s | 1.0e-04 | 0.0524 | 0.8974 | 0.8390 | 0.8170 | 0.0535 | 0.8800 | 0.8151 | 0.7481
0176 | 02:11:58 |  41.0s | 1.0e-04 | 0.0528 | 0.8965 | 0.8396 | 0.8178 | 0.0538 | 0.8864 | 0.8164 | 0.7592
0156 | 02:11:51 |  51.1s | 1.0e-04 | 0.0543 | 0.8927 | 0.8239 | 0.7808 | 0.0568 | 0.8951 | 0.7876 | 0.7279
0177 | 02:12:58 |  19.9s | 1.0e-04 | 0.0522 | 0.8988 | 0.8426 | 0.8225 | 0.0538 | 0.8799 | 0.8268 | 0.7665
0157 | 02:13:01 |  27.1s | 1.0e-04 | 0.0548 | 0.8932 | 0.8256 | 0.7862 | 0.0560 | 0.8681 | 0.8150 | 0.7177
0178 | 02:13:36 |  32.9s | 1.0e-04 | 0.0519 | 0.8982 | 0.8394 | 0.8182 | 0.0527 | 0.8900 | 0.8043 | 0.7422
0158 | 02:13:50 |  37.5s | 1.0e-04 | 0.0546 | 0.8939 | 0.8295 | 0.7929 | 0.0559 | 0.8825 | 0.8057 | 0.7282
0179 | 02:14:25 |  16.3s | 1.0e-04 | 0.0503 | 0.8975 | 0.8358 | 0.8106 | 0.0536 | 0.8756 | 0.8191 | 0.7474
0159 | 02:14:47 |  35.0s | 1.0e-04 | 0.0538 | 0.8958 | 0.8336 | 0.8035 | 0.0549 | 0.8856 | 0.7937 | 0.7140
0180 | 02:15:01 |  38.4s | 1.0e-04 | 0.0515 | 0.8970 | 0.8361 | 0.8101 | 0.0542 | 0.8762 | 0.8362 | 0.7771
0181 | 02:15:56 |  16.3s | 1.0e-04 | 0.0533 | 0.8970 | 0.8371 | 0.8134 | 0.0536 | 0.8814 | 0.8310 | 0.7738
0160 | 02:15:42 |  35.8s | 1.0e-04 | 0.0540 | 0.8948 | 0.8309 | 0.7968 | 0.0561 | 0.8716 | 0.8129 | 0.7207
0161 | 02:16:41 |  30.2s | 1.0e-04 | 0.0535 | 0.8942 | 0.8231 | 0.7791 | 0.0563 | 0.8725 | 0.8197 | 0.7410
0182 | 02:16:34 |  38.5s | 1.0e-04 | 0.0528 | 0.8972 | 0.8396 | 0.8172 | 0.0531 | 0.8869 | 0.8179 | 0.7662
0183 | 02:17:32 |  22.7s | 1.0e-04 | 0.0523 | 0.8971 | 0.8376 | 0.8133 | 0.0527 | 0.8871 | 0.8129 | 0.7586
0162 | 02:17:31 |  44.3s | 1.0e-04 | 0.0532 | 0.8945 | 0.8246 | 0.7828 | 0.0562 | 0.8831 | 0.8133 | 0.7429
0184 | 02:18:17 |  29.7s | 1.0e-04 | 0.0514 | 0.8984 | 0.8422 | 0.8221 | 0.0531 | 0.8827 | 0.8156 | 0.7529
0163 | 02:18:33 |  27.2s | 1.0e-04 | 0.0538 | 0.8954 | 0.8306 | 0.7956 | 0.0560 | 0.8676 | 0.8155 | 0.7210
0185 | 02:19:04 |  17.2s | 1.0e-04 | 0.0513 | 0.9009 | 0.8455 | 0.8310 | 0.0539 | 0.8934 | 0.8056 | 0.7603
0164 | 02:19:19 |  40.2s | 1.0e-04 | 0.0541 | 0.8951 | 0.8300 | 0.7958 | 0.0569 | 0.8728 | 0.8284 | 0.7497
0186 | 02:19:38 |  31.9s | 1.0e-04 | 0.0529 | 0.8997 | 0.8477 | 0.8332 | 0.0530 | 0.8820 | 0.8197 | 0.7605
0187 | 02:20:30 |  27.5s | 1.0e-04 | 0.0538 | 0.8998 | 0.8480 | 0.8346 | 0.0530 | 0.8903 | 0.8124 | 0.7588
0165 | 02:20:20 |  38.3s | 1.0e-04 | 0.0551 | 0.8940 | 0.8288 | 0.7920 | 0.0555 | 0.8938 | 0.8004 | 0.7409
0188 | 02:21:17 |  39.0s | 1.0e-04 | 0.0535 | 0.8996 | 0.8474 | 0.8335 | 0.0546 | 0.8823 | 0.8265 | 0.7731
0166 | 02:21:19 |  47.3s | 1.0e-04 | 0.0555 | 0.8944 | 0.8289 | 0.7927 | 0.0559 | 0.8903 | 0.8064 | 0.7474
0189 | 02:22:13 |  19.3s | 1.0e-04 | 0.0524 | 0.9000 | 0.8454 | 0.8306 | 0.0532 | 0.8747 | 0.8175 | 0.7388
0167 | 02:22:27 |  17.9s | 1.0e-04 | 0.0546 | 0.8925 | 0.8260 | 0.7852 | 0.0554 | 0.8725 | 0.8238 | 0.7433
0190 | 02:22:49 |  30.5s | 1.0e-04 | 0.0518 | 0.8987 | 0.8406 | 0.8205 | 0.0538 | 0.8885 | 0.8160 | 0.7644
0168 | 02:23:04 |  45.7s | 1.0e-04 | 0.0541 | 0.8943 | 0.8288 | 0.7921 | 0.0548 | 0.8837 | 0.8076 | 0.7380
0191 | 02:23:41 |  15.2s | 1.0e-04 | 0.0506 | 0.8979 | 0.8389 | 0.8155 | 0.0532 | 0.8863 | 0.8124 | 0.7590
0169 | 02:24:06 |  22.3s | 1.0e-04 | 0.0544 | 0.8960 | 0.8345 | 0.8047 | 0.0553 | 0.8682 | 0.8210 | 0.7321
0192 | 02:24:16 |  41.8s | 1.0e-04 | 0.0508 | 0.8983 | 0.8383 | 0.8166 | 0.0524 | 0.8728 | 0.8270 | 0.7519
0193 | 02:25:17 |  19.6s | 1.0e-04 | 0.0511 | 0.8984 | 0.8391 | 0.8171 | 0.0530 | 0.8702 | 0.8359 | 0.7689
0170 | 02:24:52 |  56.5s | 1.0e-04 | 0.0540 | 0.8964 | 0.8341 | 0.8052 | 0.0557 | 0.8744 | 0.8156 | 0.7311
0171 | 02:26:05 |  21.8s | 1.0e-04 | 0.0544 | 0.8924 | 0.8300 | 0.7932 | 0.0555 | 0.8840 | 0.8105 | 0.7378
0194 | 02:25:53 |  37.4s | 1.0e-04 | 0.0501 | 0.8982 | 0.8376 | 0.8142 | 0.0527 | 0.8933 | 0.8152 | 0.7727
0195 | 02:26:51 |  19.4s | 1.0e-04 | 0.0498 | 0.8986 | 0.8382 | 0.8158 | 0.0528 | 0.8836 | 0.8173 | 0.7541
0172 | 02:26:48 |  49.7s | 1.0e-04 | 0.0540 | 0.8948 | 0.8340 | 0.8037 | 0.0561 | 0.8940 | 0.7963 | 0.7409
0196 | 02:27:28 |  35.2s | 1.0e-04 | 0.0513 | 0.8990 | 0.8414 | 0.8213 | 0.0528 | 0.8971 | 0.8077 | 0.7679
0173 | 02:27:58 |  17.6s | 1.0e-04 | 0.0544 | 0.8965 | 0.8376 | 0.8115 | 0.0559 | 0.8829 | 0.8091 | 0.7325
0197 | 02:28:22 |  19.2s | 1.0e-04 | 0.0519 | 0.8986 | 0.8422 | 0.8237 | 0.0526 | 0.8834 | 0.8221 | 0.7699
0174 | 02:28:36 |  55.9s | 1.0e-04 | 0.0544 | 0.8957 | 0.8321 | 0.8000 | 0.0541 | 0.8812 | 0.8132 | 0.7404
0198 | 02:28:57 |  42.5s | 1.0e-04 | 0.0511 | 0.8991 | 0.8404 | 0.8194 | 0.0528 | 0.8928 | 0.8129 | 0.7710
0175 | 02:29:51 |  20.2s | 1.0e-04 | 0.0552 | 0.8933 | 0.8279 | 0.7907 | 0.0549 | 0.8649 | 0.8252 | 0.7341
0199 | 02:30:04 |  18.7s | 1.0e-04 | 0.0508 | 0.8994 | 0.8426 | 0.8236 | 0.0526 | 0.8783 | 0.8318 | 0.7694
0200 | 02:30:39 |  33.5s | 1.0e-04 | 0.0523 | 0.8989 | 0.8426 | 0.8241 | 0.0526 | 0.8750 | 0.8339 | 0.7710
0176 | 02:30:30 |  53.0s | 1.0e-04 | 0.0538 | 0.8949 | 0.8282 | 0.7926 | 0.0542 | 0.8918 | 0.7948 | 0.7296
0201 | 02:31:31 |  17.5s | 1.0e-04 | 0.0523 | 0.8990 | 0.8451 | 0.8298 | 0.0522 | 0.8819 | 0.8267 | 0.7719
0177 | 02:31:47 |  16.4s | 1.0e-04 | 0.0527 | 0.8955 | 0.8298 | 0.7951 | 0.0549 | 0.8914 | 0.7985 | 0.7397
0202 | 02:32:09 |  30.3s | 1.0e-04 | 0.0515 | 0.8996 | 0.8431 | 0.8257 | 0.0528 | 0.8877 | 0.8265 | 0.7832
0178 | 02:32:22 |  49.7s | 1.0e-04 | 0.0517 | 0.8949 | 0.8250 | 0.7825 | 0.0544 | 0.8872 | 0.8088 | 0.7472
0203 | 02:32:57 |  18.8s | 1.0e-04 | 0.0513 | 0.8994 | 0.8438 | 0.8274 | 0.0522 | 0.8932 | 0.8159 | 0.7754
0179 | 02:33:30 |  18.5s | 1.0e-04 | 0.0518 | 0.8943 | 0.8259 | 0.7861 | 0.0548 | 0.8839 | 0.8157 | 0.7454
0204 | 02:33:37 |  36.5s | 1.0e-04 | 0.0508 | 0.8989 | 0.8413 | 0.8215 | 0.0528 | 0.8888 | 0.8186 | 0.7659
0205 | 02:34:31 |  20.6s | 1.0e-04 | 0.0509 | 0.8985 | 0.8419 | 0.8225 | 0.0521 | 0.8956 | 0.8079 | 0.7689
0180 | 02:34:08 |  51.5s | 1.0e-04 | 0.0537 | 0.8961 | 0.8328 | 0.8016 | 0.0549 | 0.8786 | 0.8162 | 0.7430
0181 | 02:35:21 |  24.1s | 1.0e-04 | 0.0537 | 0.8955 | 0.8330 | 0.8031 | 0.0550 | 0.8899 | 0.8033 | 0.7380
0206 | 02:35:09 |  41.1s | 1.0e-04 | 0.0491 | 0.9001 | 0.8389 | 0.8180 | 0.0518 | 0.8804 | 0.8289 | 0.7745
0207 | 02:36:10 |  16.2s | 1.0e-04 | 0.0494 | 0.8995 | 0.8383 | 0.8169 | 0.0522 | 0.8820 | 0.8321 | 0.7812
0208 | 02:36:47 |  19.5s | 1.0e-04 | 0.0505 | 0.8977 | 0.8401 | 0.8186 | 0.0519 | 0.8909 | 0.8196 | 0.7733
0182 | 02:36:04 |  62.4s | 1.0e-04 | 0.0533 | 0.8966 | 0.8365 | 0.8096 | 0.0546 | 0.8805 | 0.8105 | 0.7332
0183 | 02:37:29 |  29.0s | 1.0e-04 | 0.0536 | 0.8973 | 0.8367 | 0.8101 | 0.0558 | 0.8768 | 0.8192 | 0.7459
0209 | 02:37:28 |  45.4s | 1.0e-04 | 0.0502 | 0.8983 | 0.8401 | 0.8192 | 0.0520 | 0.8815 | 0.8334 | 0.7791
0210 | 02:38:32 |  20.1s | 1.0e-04 | 0.0508 | 0.9019 | 0.8484 | 0.8366 | 0.0516 | 0.8897 | 0.8171 | 0.7695
0184 | 02:38:16 |  50.4s | 1.0e-04 | 0.0542 | 0.8954 | 0.8344 | 0.8044 | 0.0551 | 0.8865 | 0.8029 | 0.7375
0211 | 02:39:10 |  31.3s | 1.0e-04 | 0.0509 | 0.9009 | 0.8478 | 0.8345 | 0.0521 | 0.8836 | 0.8254 | 0.7695
0185 | 02:39:27 |  16.3s | 1.0e-04 | 0.0532 | 0.8957 | 0.8346 | 0.8061 | 0.0541 | 0.8896 | 0.8068 | 0.7454
0212 | 02:40:01 |  17.5s | 1.0e-04 | 0.0496 | 0.8993 | 0.8415 | 0.8222 | 0.0520 | 0.8928 | 0.8113 | 0.7612
0186 | 02:40:04 |  53.4s | 1.0e-04 | 0.0533 | 0.8970 | 0.8357 | 0.8084 | 0.0542 | 0.8688 | 0.8304 | 0.7516
0213 | 02:40:38 |  37.5s | 1.0e-04 | 0.0495 | 0.8991 | 0.8406 | 0.8206 | 0.0519 | 0.8976 | 0.8037 | 0.7627
0187 | 02:41:18 |  27.6s | 1.0e-04 | 0.0528 | 0.8965 | 0.8335 | 0.8032 | 0.0545 | 0.8803 | 0.8242 | 0.7589
0214 | 02:41:35 |  15.1s | 1.0e-04 | 0.0488 | 0.8999 | 0.8411 | 0.8217 | 0.0516 | 0.8755 | 0.8359 | 0.7756
0188 | 02:42:06 |  41.6s | 1.0e-04 | 0.0534 | 0.8963 | 0.8340 | 0.8046 | 0.0543 | 0.8930 | 0.8080 | 0.7588
0215 | 02:42:11 |  37.6s | 1.0e-04 | 0.0493 | 0.8994 | 0.8425 | 0.8245 | 0.0520 | 0.8821 | 0.8299 | 0.7779
0216 | 02:43:10 |  28.0s | 1.0e-04 | 0.0513 | 0.9016 | 0.8511 | 0.8415 | 0.0518 | 0.8974 | 0.8125 | 0.7775
0189 | 02:43:10 |  41.1s | 1.0e-04 | 0.0537 | 0.8963 | 0.8368 | 0.8098 | 0.0548 | 0.8915 | 0.8028 | 0.7409
0217 | 02:43:56 |  34.4s | 1.0e-04 | 0.0509 | 0.9006 | 0.8495 | 0.8394 | 0.0513 | 0.8875 | 0.8238 | 0.7756
0190 | 02:44:10 |  48.6s | 1.0e-04 | 0.0541 | 0.8974 | 0.8382 | 0.8153 | 0.0538 | 0.8756 | 0.8199 | 0.7397
0218 | 02:44:48 |  20.0s | 1.0e-04 | 0.0494 | 0.9007 | 0.8422 | 0.8243 | 0.0521 | 0.8948 | 0.8263 | 0.7923
0191 | 02:45:18 |  27.3s | 1.0e-04 | 0.0530 | 0.8987 | 0.8391 | 0.8153 | 0.0544 | 0.8833 | 0.8162 | 0.7515
0219 | 02:45:33 |  31.5s | 1.0e-04 | 0.0496 | 0.9006 | 0.8434 | 0.8270 | 0.0513 | 0.8878 | 0.8204 | 0.7716
0192 | 02:46:08 |  33.1s | 1.0e-04 | 0.0520 | 0.8967 | 0.8307 | 0.7977 | 0.0540 | 0.8878 | 0.8065 | 0.7397
0220 | 02:46:21 |  23.4s | 1.0e-04 | 0.0508 | 0.9002 | 0.8480 | 0.8354 | 0.0513 | 0.8822 | 0.8232 | 0.7641
0221 | 02:47:09 |  36.2s | 1.0e-04 | 0.0504 | 0.9011 | 0.8485 | 0.8366 | 0.0518 | 0.8778 | 0.8317 | 0.7737
0193 | 02:47:01 |  47.1s | 1.0e-04 | 0.0522 | 0.8966 | 0.8316 | 0.7997 | 0.0543 | 0.8923 | 0.8101 | 0.7594
0222 | 02:48:04 |  20.9s | 1.0e-04 | 0.0497 | 0.9018 | 0.8455 | 0.8313 | 0.0530 | 0.8668 | 0.8537 | 0.7934
0194 | 02:48:10 |  28.5s | 1.0e-04 | 0.0518 | 0.8988 | 0.8368 | 0.8105 | 0.0538 | 0.8946 | 0.7960 | 0.7407
0223 | 02:48:45 |  30.5s | 1.0e-04 | 0.0496 | 0.9002 | 0.8449 | 0.8303 | 0.0520 | 0.8802 | 0.8445 | 0.7956
0195 | 02:48:58 |  38.9s | 1.0e-04 | 0.0516 | 0.8998 | 0.8382 | 0.8148 | 0.0536 | 0.8895 | 0.8025 | 0.7418
0224 | 02:49:33 |  15.9s | 1.0e-04 | 0.0510 | 0.8991 | 0.8434 | 0.8255 | 0.0512 | 0.8874 | 0.8270 | 0.7846
0196 | 02:49:54 |  31.1s | 1.0e-04 | 0.0517 | 0.8983 | 0.8355 | 0.8081 | 0.0541 | 0.9031 | 0.7830 | 0.7319
0225 | 02:50:06 |  34.3s | 1.0e-04 | 0.0511 | 0.8983 | 0.8451 | 0.8296 | 0.0514 | 0.8894 | 0.8331 | 0.7928
0226 | 02:50:59 |  16.0s | 1.0e-04 | 0.0508 | 0.9004 | 0.8477 | 0.8340 | 0.0514 | 0.8783 | 0.8364 | 0.7809
0197 | 02:50:44 |  37.7s | 1.0e-04 | 0.0524 | 0.8985 | 0.8350 | 0.8071 | 0.0544 | 0.8882 | 0.8145 | 0.7591
0227 | 02:51:33 |  37.9s | 1.0e-04 | 0.0510 | 0.9001 | 0.8470 | 0.8342 | 0.0501 | 0.8765 | 0.8319 | 0.7733
0198 | 02:51:43 |  33.6s | 1.0e-04 | 0.0522 | 0.8988 | 0.8380 | 0.8135 | 0.0538 | 0.8770 | 0.8246 | 0.7570
0228 | 02:52:31 |  23.4s | 1.0e-04 | 0.0511 | 0.9006 | 0.8467 | 0.8326 | 0.0513 | 0.8867 | 0.8301 | 0.7886
0199 | 02:52:40 |  46.9s | 1.0e-04 | 0.0525 | 0.8979 | 0.8368 | 0.8108 | 0.0529 | 0.8800 | 0.8150 | 0.7389
0229 | 02:53:10 |  33.6s | 1.0e-04 | 0.0500 | 0.9005 | 0.8468 | 0.8329 | 0.0506 | 0.8808 | 0.8380 | 0.7886
0200 | 02:53:48 |  37.1s | 1.0e-04 | 0.0533 | 0.8970 | 0.8388 | 0.8137 | 0.0546 | 0.8772 | 0.8171 | 0.7522
0230 | 02:54:01 |  26.3s | 1.0e-04 | 0.0491 | 0.9010 | 0.8456 | 0.8311 | 0.0508 | 0.8818 | 0.8380 | 0.7885
0231 | 02:54:49 |  36.3s | 1.0e-04 | 0.0490 | 0.9016 | 0.8466 | 0.8348 | 0.0513 | 0.8750 | 0.8424 | 0.7847
0201 | 02:54:43 |  45.1s | 1.0e-04 | 0.0534 | 0.8951 | 0.8373 | 0.8096 | 0.0549 | 0.8635 | 0.8390 | 0.7593
0232 | 02:55:46 |  19.3s | 1.0e-04 | 0.0505 | 0.8994 | 0.8468 | 0.8307 | 0.0509 | 0.8887 | 0.8193 | 0.7706
0202 | 02:55:52 |  25.1s | 1.0e-04 | 0.0524 | 0.8960 | 0.8338 | 0.8039 | 0.0533 | 0.8788 | 0.8233 | 0.7566
0233 | 02:56:23 |  33.1s | 1.0e-04 | 0.0501 | 0.9003 | 0.8497 | 0.8373 | 0.0514 | 0.8963 | 0.8222 | 0.7898
0203 | 02:56:35 |  39.7s | 1.0e-04 | 0.0522 | 0.8966 | 0.8353 | 0.8074 | 0.0530 | 0.8778 | 0.8160 | 0.7391
0234 | 02:57:15 |  15.3s | 1.0e-04 | 0.0508 | 0.9000 | 0.8482 | 0.8355 | 0.0512 | 0.8835 | 0.8321 | 0.7830
0204 | 02:57:34 |  30.3s | 1.0e-04 | 0.0510 | 0.8968 | 0.8314 | 0.7998 | 0.0539 | 0.8957 | 0.8071 | 0.7548
0235 | 02:57:46 |  32.7s | 1.0e-04 | 0.0504 | 0.8998 | 0.8478 | 0.8349 | 0.0504 | 0.8881 | 0.8243 | 0.7786
0236 | 02:58:39 |  17.1s | 1.0e-04 | 0.0501 | 0.8998 | 0.8448 | 0.8296 | 0.0517 | 0.8769 | 0.8443 | 0.7914
0205 | 02:58:23 |  37.7s | 1.0e-04 | 0.0514 | 0.8968 | 0.8333 | 0.8032 | 0.0531 | 0.8926 | 0.8088 | 0.7574
0237 | 02:59:15 |  38.6s | 1.0e-04 | 0.0493 | 0.9019 | 0.8479 | 0.8356 | 0.0521 | 0.8705 | 0.8501 | 0.7918
0206 | 02:59:22 |  36.1s | 1.0e-04 | 0.0530 | 0.8973 | 0.8374 | 0.8127 | 0.0545 | 0.8735 | 0.8331 | 0.7640
0238 | 03:00:15 |  24.4s | 1.0e-04 | 0.0486 | 0.9018 | 0.8486 | 0.8378 | 0.0506 | 0.8844 | 0.8251 | 0.7720
0207 | 03:00:22 |  43.7s | 1.0e-04 | 0.0535 | 0.8984 | 0.8406 | 0.8188 | 0.0535 | 0.8893 | 0.8109 | 0.7530
0239 | 03:00:56 |  41.8s | 1.0e-04 | 0.0498 | 0.8989 | 0.8434 | 0.8271 | 0.0502 | 0.8839 | 0.8338 | 0.7858
0208 | 03:01:26 |  20.7s | 1.0e-04 | 0.0535 | 0.8982 | 0.8400 | 0.8171 | 0.0531 | 0.8919 | 0.8221 | 0.7742
0240 | 03:01:58 |  22.3s | 1.0e-04 | 0.0500 | 0.8986 | 0.8438 | 0.8262 | 0.0511 | 0.9047 | 0.8070 | 0.7872
0209 | 03:02:09 |  55.3s | 1.0e-04 | 0.0528 | 0.8981 | 0.8380 | 0.8143 | 0.0536 | 0.8700 | 0.8391 | 0.7662
0241 | 03:02:39 |  37.1s | 1.0e-04 | 0.0487 | 0.8995 | 0.8428 | 0.8249 | 0.0504 | 0.8973 | 0.8199 | 0.7894
0210 | 03:03:21 |  18.5s | 1.0e-04 | 0.0517 | 0.8983 | 0.8359 | 0.8099 | 0.0534 | 0.8663 | 0.8307 | 0.7473
0242 | 03:03:36 |  16.9s | 1.0e-04 | 0.0481 | 0.9000 | 0.8427 | 0.8256 | 0.0503 | 0.8879 | 0.8362 | 0.7979
0243 | 03:04:12 |  34.9s | 1.0e-04 | 0.0486 | 0.9012 | 0.8459 | 0.8318 | 0.0512 | 0.8787 | 0.8401 | 0.7855
0211 | 03:03:58 |  56.2s | 1.0e-04 | 0.0517 | 0.8991 | 0.8391 | 0.8157 | 0.0535 | 0.8855 | 0.8242 | 0.7632
0244 | 03:05:05 |  22.6s | 1.0e-04 | 0.0485 | 0.9023 | 0.8484 | 0.8364 | 0.0508 | 0.8859 | 0.8367 | 0.7948
0212 | 03:05:15 |  20.9s | 1.0e-04 | 0.0517 | 0.9005 | 0.8431 | 0.8262 | 0.0544 | 0.8792 | 0.8316 | 0.7623
0245 | 03:05:45 |  31.4s | 1.0e-04 | 0.0491 | 0.9025 | 0.8530 | 0.8449 | 0.0511 | 0.8925 | 0.8251 | 0.7899
0213 | 03:05:57 |  50.6s | 1.0e-04 | 0.0519 | 0.8999 | 0.8413 | 0.8225 | 0.0521 | 0.8791 | 0.8201 | 0.7493
0246 | 03:06:35 |  16.5s | 1.0e-04 | 0.0493 | 0.9023 | 0.8530 | 0.8457 | 0.0506 | 0.8780 | 0.8382 | 0.7865
0214 | 03:07:06 |  17.7s | 1.0e-04 | 0.0530 | 0.8979 | 0.8394 | 0.8171 | 0.0527 | 0.8808 | 0.8229 | 0.7576
0247 | 03:07:14 |  37.5s | 1.0e-04 | 0.0479 | 0.9010 | 0.8460 | 0.8331 | 0.0509 | 0.8866 | 0.8332 | 0.7896
0248 | 03:08:09 |  20.4s | 1.0e-04 | 0.0476 | 0.9018 | 0.8466 | 0.8339 | 0.0510 | 0.8849 | 0.8301 | 0.7833
0215 | 03:07:46 |  52.7s | 1.0e-04 | 0.0522 | 0.8997 | 0.8406 | 0.8194 | 0.0541 | 0.9037 | 0.7915 | 0.7514
0216 | 03:08:57 |  23.7s | 1.0e-04 | 0.0517 | 0.8977 | 0.8374 | 0.8124 | 0.0536 | 0.8801 | 0.8235 | 0.7583
0249 | 03:08:48 |  38.2s | 1.0e-04 | 0.0491 | 0.9011 | 0.8471 | 0.8337 | 0.0502 | 0.8746 | 0.8400 | 0.7838
0250 | 03:09:46 |  16.6s | 1.0e-04 | 0.0492 | 0.9004 | 0.8479 | 0.8355 | 0.0508 | 0.8778 | 0.8401 | 0.7852
0217 | 03:09:39 |  55.5s | 1.0e-04 | 0.0519 | 0.8981 | 0.8383 | 0.8145 | 0.0534 | 0.8923 | 0.8134 | 0.7684
0251 | 03:10:23 |  18.8s | 1.0e-04 | 0.0493 | 0.9017 | 0.8509 | 0.8418 | 0.0507 | 0.8914 | 0.8314 | 0.7966
0218 | 03:10:54 |  23.3s | 1.0e-04 | 0.0522 | 0.8983 | 0.8376 | 0.8125 | 0.0522 | 0.8804 | 0.8278 | 0.7639
0252 | 03:11:04 |  39.1s | 1.0e-04 | 0.0490 | 0.9028 | 0.8509 | 0.8421 | 0.0499 | 0.8901 | 0.8307 | 0.7951
0253 | 03:11:59 |  20.5s | 1.0e-04 | 0.0494 | 0.9031 | 0.8541 | 0.8473 | 0.0502 | 0.8878 | 0.8375 | 0.8019
0219 | 03:11:38 |  51.1s | 1.0e-04 | 0.0511 | 0.8993 | 0.8398 | 0.8171 | 0.0539 | 0.8828 | 0.8161 | 0.7493
0220 | 03:12:49 |  19.0s | 1.0e-04 | 0.0508 | 0.8997 | 0.8385 | 0.8167 | 0.0529 | 0.8918 | 0.8177 | 0.7687
0254 | 03:12:38 |  34.7s | 1.0e-04 | 0.0491 | 0.9023 | 0.8526 | 0.8447 | 0.0502 | 0.8896 | 0.8274 | 0.7882
0255 | 03:13:33 |  16.5s | 1.0e-04 | 0.0491 | 0.9024 | 0.8524 | 0.8444 | 0.0504 | 0.8894 | 0.8329 | 0.7929
0221 | 03:13:27 |  53.6s | 1.0e-04 | 0.0509 | 0.9000 | 0.8407 | 0.8204 | 0.0533 | 0.8868 | 0.8236 | 0.7669
0256 | 03:14:10 |  36.8s | 1.0e-04 | 0.0488 | 0.9023 | 0.8517 | 0.8431 | 0.0507 | 0.8988 | 0.8122 | 0.7822
0222 | 03:14:39 |  17.6s | 1.0e-04 | 0.0504 | 0.9011 | 0.8420 | 0.8230 | 0.0540 | 0.8739 | 0.8309 | 0.7630
0257 | 03:15:04 |  18.8s | 1.0e-04 | 0.0483 | 0.9017 | 0.8486 | 0.8371 | 0.0499 | 0.8809 | 0.8304 | 0.7772
0223 | 03:15:16 |  52.8s | 1.0e-04 | 0.0508 | 0.9010 | 0.8391 | 0.8184 | 0.0537 | 0.8921 | 0.8132 | 0.7640
0258 | 03:15:43 |  36.3s | 1.0e-04 | 0.0479 | 0.9029 | 0.8511 | 0.8415 | 0.0514 | 0.8832 | 0.8389 | 0.7983
0224 | 03:16:28 |  19.8s | 1.0e-04 | 0.0510 | 0.9000 | 0.8364 | 0.8122 | 0.0522 | 0.8853 | 0.8148 | 0.7540
0259 | 03:16:42 |  17.7s | 1.0e-04 | 0.0474 | 0.9020 | 0.8499 | 0.8398 | 0.0510 | 0.8954 | 0.8204 | 0.7839
0260 | 03:17:20 |  37.9s | 1.0e-04 | 0.0474 | 0.9039 | 0.8503 | 0.8422 | 0.0512 | 0.8768 | 0.8488 | 0.7974
0225 | 03:17:06 |  54.9s | 1.0e-04 | 0.0510 | 0.9007 | 0.8440 | 0.8282 | 0.0528 | 0.8763 | 0.8226 | 0.7489
0261 | 03:18:19 |  27.1s | 1.0e-04 | 0.0489 | 0.9034 | 0.8553 | 0.8493 | 0.0512 | 0.8936 | 0.8325 | 0.8049
0226 | 03:18:23 |  26.5s | 1.0e-04 | 0.0514 | 0.9016 | 0.8467 | 0.8327 | 0.0523 | 0.8872 | 0.8194 | 0.7631
0262 | 03:19:04 |  33.5s | 1.0e-04 | 0.0485 | 0.9025 | 0.8547 | 0.8479 | 0.0505 | 0.8889 | 0.8276 | 0.7870
0227 | 03:19:10 |  61.7s | 1.0e-04 | 0.0510 | 0.9008 | 0.8423 | 0.8239 | 0.0526 | 0.8749 | 0.8346 | 0.7711
0263 | 03:19:54 |  21.3s | 1.0e-04 | 0.0478 | 0.9015 | 0.8480 | 0.8347 | 0.0510 | 0.9041 | 0.8202 | 0.8037
0228 | 03:20:32 |  25.2s | 1.0e-04 | 0.0515 | 0.9008 | 0.8425 | 0.8247 | 0.0523 | 0.8826 | 0.8209 | 0.7580
0264 | 03:20:40 |  42.7s | 1.0e-04 | 0.0482 | 0.9026 | 0.8500 | 0.8404 | 0.0500 | 0.8790 | 0.8431 | 0.7911
0229 | 03:21:19 |  43.4s | 1.0e-04 | 0.0519 | 0.9009 | 0.8450 | 0.8299 | 0.0525 | 0.8784 | 0.8282 | 0.7624
0265 | 03:21:41 |  22.0s | 1.0e-04 | 0.0493 | 0.9025 | 0.8541 | 0.8477 | 0.0491 | 0.8915 | 0.8252 | 0.7862
0230 | 03:22:23 |  37.8s | 1.0e-04 | 0.0521 | 0.9012 | 0.8453 | 0.8308 | 0.0520 | 0.8921 | 0.8159 | 0.7645
0266 | 03:22:24 |  38.4s | 1.0e-04 | 0.0489 | 0.9026 | 0.8534 | 0.8465 | 0.0497 | 0.8823 | 0.8341 | 0.7863
0267 | 03:23:26 |  20.5s | 1.0e-04 | 0.0476 | 0.9026 | 0.8512 | 0.8424 | 0.0512 | 0.8986 | 0.8195 | 0.7956
0231 | 03:23:21 |  42.8s | 1.0e-04 | 0.0505 | 0.8989 | 0.8370 | 0.8128 | 0.0522 | 0.8811 | 0.8273 | 0.7640
0268 | 03:24:06 |  34.4s | 1.0e-04 | 0.0479 | 0.9029 | 0.8518 | 0.8439 | 0.0504 | 0.8791 | 0.8437 | 0.7930
0232 | 03:24:22 |  32.5s | 1.0e-04 | 0.0498 | 0.8994 | 0.8366 | 0.8128 | 0.0527 | 0.8836 | 0.8319 | 0.7753
0269 | 03:25:02 |  17.7s | 1.0e-04 | 0.0481 | 0.9028 | 0.8503 | 0.8408 | 0.0499 | 0.8802 | 0.8427 | 0.7972
0233 | 03:25:18 |  29.9s | 1.0e-04 | 0.0494 | 0.9016 | 0.8430 | 0.8252 | 0.0530 | 0.8912 | 0.8145 | 0.7626
0270 | 03:25:40 |  40.4s | 1.0e-04 | 0.0484 | 0.9023 | 0.8513 | 0.8419 | 0.0494 | 0.8797 | 0.8404 | 0.7912
0234 | 03:26:06 |  44.1s | 1.0e-04 | 0.0497 | 0.9012 | 0.8424 | 0.8240 | 0.0533 | 0.8892 | 0.8233 | 0.7704
0271 | 03:26:39 |  15.7s | 1.0e-04 | 0.0486 | 0.9015 | 0.8515 | 0.8430 | 0.0494 | 0.8935 | 0.8280 | 0.7963
0235 | 03:27:10 |  27.1s | 1.0e-04 | 0.0508 | 0.9011 | 0.8415 | 0.8227 | 0.0522 | 0.8818 | 0.8190 | 0.7532
0272 | 03:27:17 |  28.7s | 1.0e-04 | 0.0476 | 0.9023 | 0.8504 | 0.8412 | 0.0494 | 0.8831 | 0.8355 | 0.7872
0273 | 03:28:10 |  16.3s | 1.0e-04 | 0.0466 | 0.9027 | 0.8510 | 0.8415 | 0.0500 | 0.8879 | 0.8367 | 0.7964
0236 | 03:27:55 |  36.2s | 1.0e-04 | 0.0506 | 0.9013 | 0.8419 | 0.8235 | 0.0522 | 0.8883 | 0.8144 | 0.7553
0237 | 03:28:53 |  32.4s | 1.0e-04 | 0.0503 | 0.9012 | 0.8438 | 0.8271 | 0.0524 | 0.8991 | 0.8091 | 0.7723
0274 | 03:28:46 |  40.5s | 1.0e-04 | 0.0470 | 0.9030 | 0.8519 | 0.8440 | 0.0499 | 0.8920 | 0.8263 | 0.7859
0275 | 03:29:55 |  20.8s | 1.0e-04 | 0.0474 | 0.9033 | 0.8528 | 0.8459 | 0.0491 | 0.8863 | 0.8335 | 0.7915
0238 | 03:29:47 |  44.0s | 1.0e-04 | 0.0500 | 0.9010 | 0.8424 | 0.8233 | 0.0522 | 0.8761 | 0.8284 | 0.7605
0276 | 03:30:33 |  31.6s | 1.0e-04 | 0.0478 | 0.9038 | 0.8546 | 0.8484 | 0.0500 | 0.8907 | 0.8287 | 0.7946
0239 | 03:30:52 |  25.1s | 1.0e-04 | 0.0498 | 0.8993 | 0.8367 | 0.8123 | 0.0524 | 0.8788 | 0.8316 | 0.7705
0277 | 03:31:25 |  20.2s | 1.0e-04 | 0.0480 | 0.9045 | 0.8563 | 0.8514 | 0.0498 | 0.8909 | 0.8361 | 0.8056
0278 | 03:32:02 |  31.3s | 1.0e-04 | 0.0477 | 0.9036 | 0.8556 | 0.8498 | 0.0513 | 0.8735 | 0.8548 | 0.8064
0240 | 03:31:38 |  58.8s | 1.0e-04 | 0.0501 | 0.9005 | 0.8383 | 0.8150 | 0.0512 | 0.8903 | 0.8150 | 0.7617
0279 | 03:32:55 |  19.6s | 1.0e-04 | 0.0474 | 0.9036 | 0.8530 | 0.8465 | 0.0500 | 0.8773 | 0.8473 | 0.7961
0241 | 03:33:00 |  27.3s | 1.0e-04 | 0.0509 | 0.9006 | 0.8439 | 0.8265 | 0.0522 | 0.8846 | 0.8161 | 0.7536
0280 | 03:33:32 |  34.3s | 1.0e-04 | 0.0465 | 0.9032 | 0.8506 | 0.8420 | 0.0492 | 0.8795 | 0.8439 | 0.7963
0242 | 03:33:46 |  37.8s | 1.0e-04 | 0.0515 | 0.8989 | 0.8407 | 0.8204 | 0.0522 | 0.8879 | 0.8135 | 0.7579
0281 | 03:34:26 |  16.5s | 1.0e-04 | 0.0454 | 0.9028 | 0.8502 | 0.8411 | 0.0493 | 0.8831 | 0.8403 | 0.7977
0243 | 03:34:43 |  30.6s | 1.0e-04 | 0.0505 | 0.8997 | 0.8407 | 0.8197 | 0.0521 | 0.8860 | 0.8288 | 0.7751
0282 | 03:35:00 |  38.6s | 1.0e-04 | 0.0481 | 0.9043 | 0.8565 | 0.8520 | 0.0495 | 0.8807 | 0.8452 | 0.7983
0244 | 03:35:33 |  43.5s | 1.0e-04 | 0.0508 | 0.8985 | 0.8396 | 0.8182 | 0.0529 | 0.8803 | 0.8212 | 0.7537
0283 | 03:35:59 |  19.3s | 1.0e-04 | 0.0490 | 0.9042 | 0.8582 | 0.8551 | 0.0499 | 0.8857 | 0.8400 | 0.7988
0245 | 03:36:38 |  38.7s | 1.0e-04 | 0.0517 | 0.8989 | 0.8424 | 0.8237 | 0.0520 | 0.8867 | 0.8228 | 0.7721
0284 | 03:36:39 |  40.0s | 1.0e-04 | 0.0484 | 0.9026 | 0.8529 | 0.8453 | 0.0491 | 0.8843 | 0.8388 | 0.7973
0285 | 03:37:39 |  22.5s | 1.0e-04 | 0.0480 | 0.9016 | 0.8517 | 0.8411 | 0.0497 | 0.8844 | 0.8383 | 0.7972
0246 | 03:37:39 |  46.1s | 1.0e-04 | 0.0513 | 0.8995 | 0.8427 | 0.8237 | 0.0517 | 0.8921 | 0.8196 | 0.7730
0286 | 03:38:18 |  32.2s | 1.0e-04 | 0.0472 | 0.9041 | 0.8565 | 0.8520 | 0.0496 | 0.8833 | 0.8364 | 0.7908
0247 | 03:38:44 |  28.0s | 1.0e-04 | 0.0499 | 0.9004 | 0.8426 | 0.8245 | 0.0517 | 0.8894 | 0.8211 | 0.7704
0287 | 03:39:10 |  16.1s | 1.0e-04 | 0.0466 | 0.9049 | 0.8564 | 0.8525 | 0.0498 | 0.8909 | 0.8356 | 0.8027
0248 | 03:39:31 |  40.6s | 1.0e-04 | 0.0508 | 0.8996 | 0.8434 | 0.8257 | 0.0522 | 0.8863 | 0.8216 | 0.7672
0288 | 03:39:46 |  36.4s | 1.0e-04 | 0.0474 | 0.9030 | 0.8551 | 0.8500 | 0.0494 | 0.8873 | 0.8318 | 0.7894
0249 | 03:40:30 |  38.2s | 1.0e-04 | 0.0504 | 0.9021 | 0.8483 | 0.8353 | 0.0524 | 0.8854 | 0.8204 | 0.7615
0289 | 03:40:42 |  27.4s | 1.0e-04 | 0.0473 | 0.9038 | 0.8551 | 0.8506 | 0.0484 | 0.8884 | 0.8334 | 0.7917
0290 | 03:41:31 |  43.3s | 1.0e-04 | 0.0469 | 0.9043 | 0.8552 | 0.8497 | 0.0501 | 0.8694 | 0.8472 | 0.7888
0250 | 03:41:27 |  48.3s | 1.0e-04 | 0.0505 | 0.9025 | 0.8494 | 0.8386 | 0.0520 | 0.8769 | 0.8299 | 0.7653
0291 | 03:42:36 |  27.5s | 1.0e-04 | 0.0466 | 0.9046 | 0.8561 | 0.8518 | 0.0508 | 0.8716 | 0.8557 | 0.8054
0251 | 03:42:38 |  27.6s | 1.0e-04 | 0.0512 | 0.9025 | 0.8490 | 0.8383 | 0.0521 | 0.8753 | 0.8410 | 0.7809
0292 | 03:43:29 |  21.3s | 1.0e-04 | 0.0459 | 0.9038 | 0.8530 | 0.8461 | 0.0492 | 0.8823 | 0.8402 | 0.7964
0252 | 03:43:30 |  52.5s | 1.0e-04 | 0.0514 | 0.9002 | 0.8443 | 0.8274 | 0.0523 | 0.8757 | 0.8365 | 0.7691
0293 | 03:44:11 |  31.4s | 1.0e-04 | 0.0459 | 0.9036 | 0.8538 | 0.8474 | 0.0491 | 0.8910 | 0.8339 | 0.7993
0253 | 03:44:42 |  15.6s | 1.0e-04 | 0.0500 | 0.8993 | 0.8386 | 0.8170 | 0.0516 | 0.8858 | 0.8270 | 0.7736
0294 | 03:45:02 |  18.0s | 1.0e-04 | 0.0479 | 0.9029 | 0.8550 | 0.8489 | 0.0505 | 0.8830 | 0.8416 | 0.7986
0295 | 03:45:40 |  36.0s | 1.0e-04 | 0.0483 | 0.9030 | 0.8555 | 0.8489 | 0.0506 | 0.8806 | 0.8474 | 0.8053
0254 | 03:45:17 |  59.2s | 1.0e-04 | 0.0508 | 0.9006 | 0.8413 | 0.8223 | 0.0524 | 0.8787 | 0.8351 | 0.7766
0296 | 03:46:37 |  27.6s | 1.0e-04 | 0.0480 | 0.9038 | 0.8557 | 0.8509 | 0.0486 | 0.8880 | 0.8322 | 0.7936
0255 | 03:46:39 |  27.7s | 1.0e-04 | 0.0503 | 0.9010 | 0.8461 | 0.8315 | 0.0526 | 0.8855 | 0.8185 | 0.7599
0297 | 03:47:24 |  35.5s | 1.0e-04 | 0.0483 | 0.9027 | 0.8556 | 0.8493 | 0.0490 | 0.8867 | 0.8276 | 0.7852
0256 | 03:47:29 |  60.5s | 1.0e-04 | 0.0493 | 0.9001 | 0.8416 | 0.8216 | 0.0511 | 0.8833 | 0.8179 | 0.7553
0298 | 03:48:16 |  17.1s | 1.0e-04 | 0.0478 | 0.9023 | 0.8541 | 0.8471 | 0.0488 | 0.8854 | 0.8346 | 0.7935
0257 | 03:48:50 |  27.0s | 1.0e-04 | 0.0479 | 0.9001 | 0.8366 | 0.8118 | 0.0521 | 0.8935 | 0.8215 | 0.7832
0299 | 03:48:55 |  42.8s | 1.0e-04 | 0.0479 | 0.9021 | 0.8548 | 0.8476 | 0.0494 | 0.8917 | 0.8394 | 0.8077
0300 | 03:49:55 |  17.0s | 1.0e-04 | 0.0479 | 0.9040 | 0.8587 | 0.8550 | 0.0492 | 0.8927 | 0.8349 | 0.8037
0258 | 03:49:40 |  49.1s | 1.0e-04 | 0.0479 | 0.9004 | 0.8391 | 0.8176 | 0.0522 | 0.8772 | 0.8355 | 0.7738
0301 | 03:50:30 |  33.4s | 1.0e-04 | 0.0480 | 0.9031 | 0.8570 | 0.8526 | 0.0488 | 0.8819 | 0.8389 | 0.7949
0259 | 03:50:46 |  18.1s | 1.0e-04 | 0.0487 | 0.9020 | 0.8435 | 0.8288 | 0.0519 | 0.8749 | 0.8392 | 0.7752
0302 | 03:51:23 |  19.2s | 1.0e-04 | 0.0469 | 0.9047 | 0.8586 | 0.8563 | 0.0493 | 0.8844 | 0.8389 | 0.7976
0260 | 03:51:25 |  56.7s | 1.0e-04 | 0.0495 | 0.9028 | 0.8480 | 0.8369 | 0.0517 | 0.8807 | 0.8277 | 0.7635
0303 | 03:51:58 |  32.8s | 1.0e-04 | 0.0472 | 0.9040 | 0.8584 | 0.8547 | 0.0489 | 0.8898 | 0.8355 | 0.7991
0261 | 03:52:41 |  22.8s | 1.0e-04 | 0.0496 | 0.9026 | 0.8487 | 0.8377 | 0.0513 | 0.8906 | 0.8251 | 0.7789
0304 | 03:52:51 |  21.3s | 1.0e-04 | 0.0475 | 0.9038 | 0.8582 | 0.8552 | 0.0487 | 0.8917 | 0.8443 | 0.8145
0305 | 03:53:30 |  30.4s | 1.0e-04 | 0.0472 | 0.9046 | 0.8578 | 0.8541 | 0.0483 | 0.8943 | 0.8289 | 0.8002
0262 | 03:53:23 |  48.7s | 1.0e-04 | 0.0501 | 0.9023 | 0.8456 | 0.8311 | 0.0515 | 0.8888 | 0.8206 | 0.7681
0306 | 03:54:18 |  19.3s | 1.0e-04 | 0.0465 | 0.9036 | 0.8580 | 0.8540 | 0.0495 | 0.8879 | 0.8383 | 0.7999
0263 | 03:54:32 |  18.0s | 1.0e-04 | 0.0501 | 0.9012 | 0.8431 | 0.8263 | 0.0513 | 0.8789 | 0.8299 | 0.7706
0307 | 03:54:55 |  30.9s | 1.0e-04 | 0.0464 | 0.9037 | 0.8563 | 0.8518 | 0.0490 | 0.8814 | 0.8399 | 0.7938
0264 | 03:55:10 |  52.1s | 1.0e-04 | 0.0490 | 0.9023 | 0.8459 | 0.8313 | 0.0516 | 0.8795 | 0.8305 | 0.7694
0308 | 03:55:42 |  21.2s | 1.0e-04 | 0.0467 | 0.9026 | 0.8539 | 0.8479 | 0.0485 | 0.8907 | 0.8311 | 0.7994
0265 | 03:56:24 |  23.3s | 1.0e-04 | 0.0487 | 0.9028 | 0.8448 | 0.8304 | 0.0526 | 0.8820 | 0.8341 | 0.7814
0309 | 03:56:25 |  37.1s | 1.0e-04 | 0.0468 | 0.9040 | 0.8569 | 0.8532 | 0.0489 | 0.8978 | 0.8281 | 0.7998
0310 | 03:57:19 |  17.2s | 1.0e-04 | 0.0476 | 0.9056 | 0.8620 | 0.8620 | 0.0491 | 0.8848 | 0.8395 | 0.7979
0266 | 03:57:06 |  52.4s | 1.0e-04 | 0.0498 | 0.9022 | 0.8449 | 0.8303 | 0.0516 | 0.8891 | 0.8300 | 0.7847
0311 | 03:57:56 |  38.0s | 1.0e-04 | 0.0483 | 0.9036 | 0.8587 | 0.8564 | 0.0483 | 0.8838 | 0.8409 | 0.8010
0267 | 03:58:20 |  21.5s | 1.0e-04 | 0.0498 | 0.9017 | 0.8449 | 0.8305 | 0.0511 | 0.8875 | 0.8275 | 0.7762
0312 | 03:58:51 |  17.9s | 1.0e-04 | 0.0481 | 0.9029 | 0.8564 | 0.8513 | 0.0490 | 0.8862 | 0.8451 | 0.8119
0268 | 03:59:02 |  56.7s | 1.0e-04 | 0.0502 | 0.9002 | 0.8425 | 0.8254 | 0.0514 | 0.8931 | 0.8209 | 0.7775
0313 | 03:59:26 |  39.6s | 1.0e-04 | 0.0477 | 0.9033 | 0.8559 | 0.8505 | 0.0489 | 0.8806 | 0.8429 | 0.7950
0269 | 04:00:16 |  22.0s | 1.0e-04 | 0.0508 | 0.9004 | 0.8444 | 0.8277 | 0.0509 | 0.8935 | 0.8209 | 0.7777
0314 | 04:00:27 |  20.6s | 1.0e-04 | 0.0470 | 0.9041 | 0.8590 | 0.8549 | 0.0484 | 0.8964 | 0.8337 | 0.8084
0315 | 04:01:07 |  39.2s | 1.0e-04 | 0.0474 | 0.9044 | 0.8575 | 0.8538 | 0.0494 | 0.8792 | 0.8544 | 0.8123
0270 | 04:00:57 |  53.1s | 1.0e-04 | 0.0496 | 0.9006 | 0.8444 | 0.8281 | 0.0513 | 0.8853 | 0.8357 | 0.7883
0316 | 04:02:03 |  24.8s | 1.0e-04 | 0.0474 | 0.9045 | 0.8590 | 0.8570 | 0.0475 | 0.8901 | 0.8311 | 0.7953
0271 | 04:02:11 |  36.5s | 1.0e-04 | 0.0493 | 0.9008 | 0.8440 | 0.8286 | 0.0510 | 0.8932 | 0.8215 | 0.7816
0317 | 04:02:47 |  37.4s | 1.0e-04 | 0.0471 | 0.9052 | 0.8582 | 0.8558 | 0.0480 | 0.8862 | 0.8452 | 0.8075
0272 | 04:03:05 |  45.1s | 1.0e-04 | 0.0498 | 0.9017 | 0.8431 | 0.8266 | 0.0513 | 0.8888 | 0.8313 | 0.7883
0318 | 04:03:43 |  18.5s | 1.0e-04 | 0.0473 | 0.9026 | 0.8543 | 0.8482 | 0.0483 | 0.8872 | 0.8455 | 0.8122
0273 | 04:04:08 |  37.1s | 1.0e-04 | 0.0498 | 0.9015 | 0.8446 | 0.8303 | 0.0499 | 0.8823 | 0.8259 | 0.7676
0319 | 04:04:22 |  34.8s | 1.0e-04 | 0.0465 | 0.9042 | 0.8569 | 0.8528 | 0.0488 | 0.9002 | 0.8280 | 0.8034
0320 | 04:05:13 |  20.3s | 1.0e-04 | 0.0463 | 0.9043 | 0.8583 | 0.8555 | 0.0490 | 0.8860 | 0.8390 | 0.7998
0274 | 04:05:02 |  39.2s | 1.0e-04 | 0.0497 | 0.9024 | 0.8468 | 0.8335 | 0.0517 | 0.8894 | 0.8313 | 0.7915
0321 | 04:05:53 |  36.8s | 1.0e-04 | 0.0469 | 0.9048 | 0.8605 | 0.8589 | 0.0490 | 0.8858 | 0.8458 | 0.8081
0275 | 04:06:02 |  28.3s | 1.0e-04 | 0.0498 | 0.9023 | 0.8478 | 0.8348 | 0.0504 | 0.8886 | 0.8159 | 0.7639
0322 | 04:06:51 |  21.2s | 1.0e-04 | 0.0469 | 0.9055 | 0.8620 | 0.8618 | 0.0490 | 0.8976 | 0.8280 | 0.8023
0276 | 04:06:52 |  29.6s | 1.0e-04 | 0.0500 | 0.9024 | 0.8473 | 0.8345 | 0.0512 | 0.8946 | 0.8186 | 0.7770
0323 | 04:07:32 |  31.9s | 1.0e-04 | 0.0469 | 0.9044 | 0.8590 | 0.8570 | 0.0478 | 0.8951 | 0.8290 | 0.7982
0277 | 04:07:41 |  37.8s | 1.0e-04 | 0.0501 | 0.9025 | 0.8483 | 0.8366 | 0.0506 | 0.8839 | 0.8314 | 0.7815
0324 | 04:08:20 |  15.0s | 1.0e-04 | 0.0465 | 0.9056 | 0.8585 | 0.8561 | 0.0482 | 0.8839 | 0.8408 | 0.7986
0278 | 04:08:39 |  28.2s | 1.0e-04 | 0.0494 | 0.9023 | 0.8446 | 0.8293 | 0.0503 | 0.8860 | 0.8297 | 0.7791
0325 | 04:08:52 |  33.7s | 1.0e-04 | 0.0462 | 0.9050 | 0.8576 | 0.8551 | 0.0492 | 0.8822 | 0.8534 | 0.8145
0326 | 04:09:42 |  16.4s | 1.0e-04 | 0.0462 | 0.9044 | 0.8581 | 0.8546 | 0.0495 | 0.8839 | 0.8445 | 0.8033
0279 | 04:09:26 |  34.0s | 1.0e-04 | 0.0490 | 0.9023 | 0.8466 | 0.8340 | 0.0512 | 0.8893 | 0.8323 | 0.7923
0280 | 04:10:21 |  41.6s | 1.0e-04 | 0.0491 | 0.9018 | 0.8449 | 0.8306 | 0.0507 | 0.8901 | 0.8228 | 0.7795
0327 | 04:10:18 |  45.0s | 1.0e-04 | 0.0460 | 0.9056 | 0.8614 | 0.8610 | 0.0484 | 0.8884 | 0.8364 | 0.8018
0328 | 04:11:27 |  26.1s | 1.0e-04 | 0.0462 | 0.9064 | 0.8614 | 0.8614 | 0.0491 | 0.8935 | 0.8315 | 0.8027
0281 | 04:11:27 |  48.0s | 1.0e-04 | 0.0489 | 0.9018 | 0.8449 | 0.8300 | 0.0507 | 0.8828 | 0.8338 | 0.7791
0329 | 04:12:10 |  34.9s | 1.0e-04 | 0.0462 | 0.9061 | 0.8614 | 0.8617 | 0.0482 | 0.8920 | 0.8339 | 0.8005
0282 | 04:12:35 |  28.9s | 1.0e-04 | 0.0486 | 0.9026 | 0.8474 | 0.8349 | 0.0514 | 0.8928 | 0.8260 | 0.7884
0330 | 04:13:04 |  16.1s | 1.0e-04 | 0.0461 | 0.9063 | 0.8623 | 0.8621 | 0.0487 | 0.8910 | 0.8376 | 0.8066
0283 | 04:13:23 |  42.6s | 1.0e-04 | 0.0492 | 0.9024 | 0.8491 | 0.8376 | 0.0510 | 0.8862 | 0.8258 | 0.7721
0331 | 04:13:38 |  38.3s | 1.0e-04 | 0.0474 | 0.9047 | 0.8602 | 0.8585 | 0.0476 | 0.8900 | 0.8376 | 0.8045
0332 | 04:14:35 |  28.1s | 1.0e-04 | 0.0475 | 0.9047 | 0.8597 | 0.8568 | 0.0479 | 0.8931 | 0.8346 | 0.8055
0284 | 04:14:26 |  37.7s | 1.0e-04 | 0.0495 | 0.9024 | 0.8488 | 0.8373 | 0.0519 | 0.8977 | 0.8222 | 0.7931
0333 | 04:15:25 |  24.4s | 1.0e-04 | 0.0459 | 0.9048 | 0.8598 | 0.8584 | 0.0481 | 0.8850 | 0.8378 | 0.7964
0285 | 04:15:26 |  48.8s | 1.0e-04 | 0.0491 | 0.9030 | 0.8487 | 0.8395 | 0.0512 | 0.8912 | 0.8329 | 0.7934
0334 | 04:16:06 |  31.4s | 1.0e-04 | 0.0457 | 0.9053 | 0.8599 | 0.8578 | 0.0484 | 0.8885 | 0.8402 | 0.8064
0286 | 04:16:35 |  28.9s | 1.0e-04 | 0.0496 | 0.9019 | 0.8463 | 0.8326 | 0.0509 | 0.8920 | 0.8283 | 0.7919
0335 | 04:16:56 |  19.2s | 1.0e-04 | 0.0462 | 0.9062 | 0.8636 | 0.8646 | 0.0495 | 0.8899 | 0.8424 | 0.8135
0336 | 04:17:36 |  40.4s | 1.0e-04 | 0.0464 | 0.9065 | 0.8619 | 0.8627 | 0.0482 | 0.8847 | 0.8406 | 0.8001
0287 | 04:17:25 |  56.1s | 1.0e-04 | 0.0495 | 0.9028 | 0.8488 | 0.8378 | 0.0507 | 0.8934 | 0.8288 | 0.7932
0337 | 04:18:34 |  25.0s | 1.0e-04 | 0.0460 | 0.9021 | 0.8536 | 0.8451 | 0.0468 | 0.8957 | 0.8322 | 0.8042
0288 | 04:18:42 |  23.3s | 1.0e-04 | 0.0495 | 0.9018 | 0.8475 | 0.8359 | 0.0505 | 0.8959 | 0.8154 | 0.7763
0338 | 04:19:18 |  43.9s | 1.0e-04 | 0.0459 | 0.9035 | 0.8539 | 0.8473 | 0.0470 | 0.8771 | 0.8487 | 0.8018
0289 | 04:19:26 |  51.5s | 1.0e-04 | 0.0492 | 0.9035 | 0.8473 | 0.8360 | 0.0503 | 0.8905 | 0.8252 | 0.7803
0339 | 04:20:21 |  16.6s | 1.0e-04 | 0.0472 | 0.9041 | 0.8587 | 0.8563 | 0.0479 | 0.8963 | 0.8396 | 0.8202
0290 | 04:20:38 |  16.6s | 1.0e-04 | 0.0487 | 0.9031 | 0.8475 | 0.8373 | 0.0502 | 0.8819 | 0.8308 | 0.7738
0340 | 04:20:57 |  40.1s | 1.0e-04 | 0.0473 | 0.9039 | 0.8586 | 0.8551 | 0.0476 | 0.8835 | 0.8447 | 0.8038
0291 | 04:21:13 |  59.4s | 1.0e-04 | 0.0483 | 0.9034 | 0.8483 | 0.8379 | 0.0509 | 0.8846 | 0.8270 | 0.7769
0341 | 04:21:58 |  16.2s | 1.0e-04 | 0.0469 | 0.9053 | 0.8609 | 0.8599 | 0.0484 | 0.8812 | 0.8549 | 0.8178
0292 | 04:22:33 |  26.0s | 1.0e-04 | 0.0481 | 0.9030 | 0.8471 | 0.8350 | 0.0499 | 0.8957 | 0.8151 | 0.7721
0342 | 04:22:37 |  50.1s | 1.0e-04 | 0.0472 | 0.9040 | 0.8591 | 0.8567 | 0.0470 | 0.8818 | 0.8513 | 0.8110
0343 | 04:23:45 |  18.7s | 1.0e-04 | 0.0473 | 0.9033 | 0.8585 | 0.8559 | 0.0477 | 0.8762 | 0.8514 | 0.8037
0293 | 04:23:19 |  52.0s | 1.0e-04 | 0.0492 | 0.9023 | 0.8471 | 0.8343 | 0.0502 | 0.8911 | 0.8273 | 0.7895
0294 | 04:24:31 |  16.6s | 1.0e-04 | 0.0498 | 0.9022 | 0.8470 | 0.8350 | 0.0501 | 0.8910 | 0.8298 | 0.7912
0344 | 04:24:21 |  42.9s | 1.0e-04 | 0.0471 | 0.9041 | 0.8589 | 0.8554 | 0.0478 | 0.8844 | 0.8446 | 0.8074
0345 | 04:25:20 |  16.3s | 1.0e-04 | 0.0461 | 0.9061 | 0.8608 | 0.8594 | 0.0480 | 0.8871 | 0.8510 | 0.8223
0295 | 04:25:07 |  51.6s | 1.0e-04 | 0.0487 | 0.9033 | 0.8481 | 0.8370 | 0.0501 | 0.8930 | 0.8234 | 0.7840
0296 | 04:26:17 |  14.8s | 1.0e-04 | 0.0495 | 0.9037 | 0.8505 | 0.8418 | 0.0507 | 0.8871 | 0.8314 | 0.7873
0346 | 04:25:52 |  47.5s | 1.0e-04 | 0.0462 | 0.9066 | 0.8618 | 0.8624 | 0.0484 | 0.8723 | 0.8553 | 0.8037
0347 | 04:26:58 |  16.5s | 1.0e-04 | 0.0470 | 0.9060 | 0.8642 | 0.8653 | 0.0472 | 0.8970 | 0.8324 | 0.8084
0297 | 04:26:48 |  54.5s | 1.0e-04 | 0.0493 | 0.9037 | 0.8500 | 0.8416 | 0.0506 | 0.8952 | 0.8276 | 0.7957
0298 | 04:27:59 |  18.4s | 1.0e-04 | 0.0486 | 0.9033 | 0.8497 | 0.8400 | 0.0505 | 0.8889 | 0.8363 | 0.7950
0348 | 04:27:31 |  47.2s | 1.0e-04 | 0.0473 | 0.9058 | 0.8642 | 0.8660 | 0.0477 | 0.8961 | 0.8363 | 0.8150
0349 | 04:28:40 |  18.8s | 1.0e-04 | 0.0468 | 0.9054 | 0.8620 | 0.8623 | 0.0477 | 0.8844 | 0.8485 | 0.8158
0299 | 04:28:38 |  50.1s | 1.0e-04 | 0.0477 | 0.9034 | 0.8474 | 0.8353 | 0.0510 | 0.9022 | 0.8178 | 0.7943
0300 | 04:29:43 |  19.6s | 1.0e-04 | 0.0481 | 0.9027 | 0.8465 | 0.8337 | 0.0498 | 0.8936 | 0.8272 | 0.7921
0350 | 04:29:16 |  48.3s | 1.0e-04 | 0.0462 | 0.9053 | 0.8610 | 0.8597 | 0.0472 | 0.8948 | 0.8395 | 0.8164
0351 | 04:30:25 |  17.8s | 1.0e-04 | 0.0453 | 0.9051 | 0.8588 | 0.8559 | 0.0480 | 0.9061 | 0.8298 | 0.8210
0301 | 04:30:24 |  58.1s | 1.0e-04 | 0.0484 | 0.9041 | 0.8495 | 0.8407 | 0.0501 | 0.8864 | 0.8347 | 0.7894
0352 | 04:30:58 |  58.1s | 1.0e-04 | 0.0449 | 0.9047 | 0.8582 | 0.8557 | 0.0471 | 0.8893 | 0.8390 | 0.8044
0302 | 04:31:42 |  21.6s | 1.0e-04 | 0.0493 | 0.9032 | 0.8492 | 0.8393 | 0.0500 | 0.8861 | 0.8212 | 0.7680
0353 | 04:32:16 |  20.0s | 1.0e-04 | 0.0451 | 0.9057 | 0.8604 | 0.8595 | 0.0479 | 0.8997 | 0.8350 | 0.8168
0303 | 04:32:25 |  48.3s | 1.0e-04 | 0.0482 | 0.9037 | 0.8495 | 0.8402 | 0.0507 | 0.9112 | 0.7949 | 0.7739
0354 | 04:32:52 |  50.9s | 1.0e-04 | 0.0450 | 0.9068 | 0.8620 | 0.8627 | 0.0474 | 0.9020 | 0.8314 | 0.8167
0304 | 04:33:31 |  20.5s | 1.0e-04 | 0.0482 | 0.9051 | 0.8506 | 0.8421 | 0.0512 | 0.8853 | 0.8387 | 0.7937
0355 | 04:34:00 |  18.9s | 1.0e-04 | 0.0447 | 0.9062 | 0.8609 | 0.8608 | 0.0478 | 0.8890 | 0.8451 | 0.8136
0305 | 04:34:11 |  48.2s | 1.0e-04 | 0.0489 | 0.9030 | 0.8517 | 0.8425 | 0.0507 | 0.8736 | 0.8406 | 0.7789
0356 | 04:34:38 |  49.6s | 1.0e-04 | 0.0453 | 0.9079 | 0.8659 | 0.8689 | 0.0494 | 0.8818 | 0.8496 | 0.8103
0306 | 04:35:17 |  19.9s | 1.0e-04 | 0.0484 | 0.9043 | 0.8532 | 0.8458 | 0.0502 | 0.8904 | 0.8243 | 0.7776
0357 | 04:35:44 |  18.4s | 1.0e-04 | 0.0460 | 0.9078 | 0.8676 | 0.8718 | 0.0483 | 0.8835 | 0.8433 | 0.8043
0307 | 04:35:57 |  49.4s | 1.0e-04 | 0.0487 | 0.9033 | 0.8513 | 0.8428 | 0.0500 | 0.8751 | 0.8391 | 0.7785
0358 | 04:36:21 |  36.3s | 1.0e-04 | 0.0457 | 0.9065 | 0.8633 | 0.8641 | 0.0479 | 0.8977 | 0.8289 | 0.8040
0308 | 04:37:02 |  18.4s | 1.0e-04 | 0.0492 | 0.9028 | 0.8496 | 0.8395 | 0.0501 | 0.8947 | 0.8285 | 0.7972
0359 | 04:37:17 |  27.1s | 1.0e-04 | 0.0457 | 0.9064 | 0.8609 | 0.8606 | 0.0481 | 0.8836 | 0.8482 | 0.8100
0309 | 04:37:39 |  50.7s | 1.0e-04 | 0.0481 | 0.9025 | 0.8448 | 0.8296 | 0.0500 | 0.8797 | 0.8393 | 0.7875
0360 | 04:38:04 |  35.5s | 1.0e-04 | 0.0464 | 0.9064 | 0.8643 | 0.8653 | 0.0481 | 0.8949 | 0.8372 | 0.8118
0310 | 04:38:46 |  19.5s | 1.0e-04 | 0.0477 | 0.9021 | 0.8447 | 0.8303 | 0.0499 | 0.8901 | 0.8313 | 0.7895
0361 | 04:39:00 |  29.0s | 1.0e-04 | 0.0460 | 0.9069 | 0.8648 | 0.8675 | 0.0477 | 0.9050 | 0.8337 | 0.8233
0311 | 04:39:22 |  47.3s | 1.0e-04 | 0.0497 | 0.9003 | 0.8493 | 0.8370 | 0.0502 | 0.8866 | 0.8378 | 0.7975
0362 | 04:39:47 |  41.7s | 1.0e-04 | 0.0450 | 0.9059 | 0.8612 | 0.8619 | 0.0477 | 0.8962 | 0.8338 | 0.8118
0312 | 04:40:30 |  29.6s | 1.0e-04 | 0.0501 | 0.9009 | 0.8486 | 0.8365 | 0.0505 | 0.8813 | 0.8404 | 0.7911
0363 | 04:40:49 |  25.5s | 1.0e-04 | 0.0454 | 0.9055 | 0.8626 | 0.8629 | 0.0478 | 0.9016 | 0.8318 | 0.8150
0313 | 04:41:17 |  36.0s | 1.0e-04 | 0.0486 | 0.9026 | 0.8487 | 0.8383 | 0.0500 | 0.8781 | 0.8414 | 0.7884
0364 | 04:41:32 |  36.7s | 1.0e-04 | 0.0453 | 0.9058 | 0.8604 | 0.8597 | 0.0472 | 0.8910 | 0.8367 | 0.8077
0314 | 04:42:11 |  28.7s | 1.0e-04 | 0.0490 | 0.9022 | 0.8496 | 0.8388 | 0.0502 | 0.8885 | 0.8248 | 0.7800
0365 | 04:42:29 |  27.0s | 1.0e-04 | 0.0446 | 0.9054 | 0.8575 | 0.8548 | 0.0474 | 0.9077 | 0.8265 | 0.8191
0315 | 04:42:58 |  37.0s | 1.0e-04 | 0.0503 | 0.9033 | 0.8518 | 0.8432 | 0.0498 | 0.8874 | 0.8291 | 0.7823
0366 | 04:43:16 |  36.5s | 1.0e-04 | 0.0459 | 0.9054 | 0.8595 | 0.8581 | 0.0466 | 0.8906 | 0.8408 | 0.8104
0316 | 04:43:55 |  28.3s | 1.0e-04 | 0.0496 | 0.9033 | 0.8518 | 0.8438 | 0.0497 | 0.8887 | 0.8302 | 0.7869
0367 | 04:44:12 |  28.9s | 1.0e-04 | 0.0460 | 0.9062 | 0.8640 | 0.8648 | 0.0475 | 0.8944 | 0.8454 | 0.8213
0317 | 04:44:43 |  26.7s | 1.0e-04 | 0.0488 | 0.9033 | 0.8516 | 0.8434 | 0.0499 | 0.8972 | 0.8201 | 0.7898
0368 | 04:44:58 |  48.5s | 1.0e-04 | 0.0456 | 0.9069 | 0.8642 | 0.8664 | 0.0480 | 0.8908 | 0.8477 | 0.8208
0318 | 04:45:32 |  44.5s | 1.0e-04 | 0.0486 | 0.9032 | 0.8507 | 0.8417 | 0.0500 | 0.8869 | 0.8319 | 0.7859
0369 | 04:46:03 |  25.8s | 1.0e-04 | 0.0461 | 0.9069 | 0.8656 | 0.8686 | 0.0478 | 0.8857 | 0.8471 | 0.8129
0319 | 04:46:35 |  26.5s | 1.0e-04 | 0.0484 | 0.9036 | 0.8483 | 0.8377 | 0.0496 | 0.8799 | 0.8383 | 0.7839
0370 | 04:46:46 |  26.9s | 1.0e-04 | 0.0458 | 0.9091 | 0.8703 | 0.8767 | 0.0475 | 0.8850 | 0.8485 | 0.8140
0320 | 04:47:18 |  40.6s | 1.0e-04 | 0.0483 | 0.9033 | 0.8489 | 0.8383 | 0.0500 | 0.8998 | 0.8192 | 0.7942
0371 | 04:47:33 |  34.9s | 1.0e-04 | 0.0457 | 0.9083 | 0.8687 | 0.8743 | 0.0470 | 0.8848 | 0.8512 | 0.8167
0321 | 04:48:15 |  28.2s | 1.0e-04 | 0.0480 | 0.9046 | 0.8525 | 0.8461 | 0.0500 | 0.8917 | 0.8294 | 0.7880
0372 | 04:48:28 |  27.2s | 1.0e-04 | 0.0449 | 0.9072 | 0.8650 | 0.8681 | 0.0471 | 0.8822 | 0.8530 | 0.8146
0322 | 04:49:00 |  38.2s | 1.0e-04 | 0.0476 | 0.9054 | 0.8526 | 0.8463 | 0.0501 | 0.8910 | 0.8388 | 0.8037
0373 | 04:49:15 |  39.8s | 1.0e-04 | 0.0446 | 0.9072 | 0.8650 | 0.8674 | 0.0468 | 0.8831 | 0.8433 | 0.8040
0323 | 04:49:58 |  25.4s | 1.0e-04 | 0.0479 | 0.9039 | 0.8480 | 0.8379 | 0.0502 | 0.8824 | 0.8388 | 0.7930
0374 | 04:50:11 |  26.9s | 1.0e-04 | 0.0442 | 0.9075 | 0.8648 | 0.8678 | 0.0476 | 0.8919 | 0.8490 | 0.8248
0324 | 04:50:41 |  36.2s | 1.0e-04 | 0.0479 | 0.9042 | 0.8507 | 0.8423 | 0.0498 | 0.8858 | 0.8378 | 0.7923
0375 | 04:50:56 |  39.3s | 1.0e-04 | 0.0443 | 0.9078 | 0.8645 | 0.8671 | 0.0473 | 0.8855 | 0.8447 | 0.8055
0325 | 04:51:34 |  35.9s | 1.0e-04 | 0.0485 | 0.9043 | 0.8518 | 0.8450 | 0.0501 | 0.8877 | 0.8392 | 0.8006
0376 | 04:51:55 |  22.4s | 1.0e-04 | 0.0444 | 0.9057 | 0.8594 | 0.8578 | 0.0471 | 0.8989 | 0.8362 | 0.8182
0326 | 04:52:30 |  37.9s | 1.0e-04 | 0.0485 | 0.9049 | 0.8540 | 0.8494 | 0.0507 | 0.8904 | 0.8291 | 0.7880
0377 | 04:52:39 |  46.8s | 1.0e-04 | 0.0441 | 0.9066 | 0.8597 | 0.8592 | 0.0466 | 0.8861 | 0.8508 | 0.8176
0327 | 04:53:24 |  29.4s | 1.0e-04 | 0.0492 | 0.9030 | 0.8513 | 0.8428 | 0.0495 | 0.8837 | 0.8345 | 0.7870
0378 | 04:53:48 |  17.3s | 1.0e-04 | 0.0447 | 0.9078 | 0.8645 | 0.8663 | 0.0478 | 0.8955 | 0.8371 | 0.8150
0328 | 04:54:11 |  37.0s | 1.0e-04 | 0.0482 | 0.9045 | 0.8530 | 0.8467 | 0.0511 | 0.8730 | 0.8477 | 0.7902
0379 | 04:54:24 |  49.7s | 1.0e-04 | 0.0448 | 0.9071 | 0.8638 | 0.8661 | 0.0465 | 0.8936 | 0.8388 | 0.8129
0329 | 04:55:06 |  16.5s | 1.0e-04 | 0.0474 | 0.9056 | 0.8556 | 0.8512 | 0.0507 | 0.8978 | 0.8270 | 0.7963
0380 | 04:55:32 |  23.0s | 1.0e-04 | 0.0450 | 0.9047 | 0.8587 | 0.8561 | 0.0480 | 0.8719 | 0.8683 | 0.8278
0330 | 04:55:42 |  54.1s | 1.0e-04 | 0.0478 | 0.9060 | 0.8548 | 0.8508 | 0.0507 | 0.9085 | 0.8187 | 0.8055
0381 | 04:56:12 |  47.9s | 1.0e-04 | 0.0446 | 0.9045 | 0.8583 | 0.8554 | 0.0474 | 0.8992 | 0.8400 | 0.8209
0331 | 04:56:54 |  17.2s | 1.0e-04 | 0.0488 | 0.9043 | 0.8549 | 0.8496 | 0.0505 | 0.8948 | 0.8309 | 0.8007
0382 | 04:57:17 |  16.5s | 1.0e-04 | 0.0438 | 0.9060 | 0.8599 | 0.8604 | 0.0475 | 0.8915 | 0.8433 | 0.8168
0332 | 04:57:35 |  47.9s | 1.0e-04 | 0.0489 | 0.9045 | 0.8547 | 0.8495 | 0.0497 | 0.8901 | 0.8306 | 0.7922
0383 | 04:57:51 |  48.9s | 1.0e-04 | 0.0447 | 0.9051 | 0.8596 | 0.8577 | 0.0470 | 0.8888 | 0.8536 | 0.8240
0333 | 04:58:40 |  16.6s | 1.0e-04 | 0.0483 | 0.9053 | 0.8527 | 0.8464 | 0.0496 | 0.8932 | 0.8246 | 0.7850
0384 | 04:58:59 |  16.6s | 1.0e-04 | 0.0451 | 0.9057 | 0.8632 | 0.8639 | 0.0465 | 0.9032 | 0.8315 | 0.8167
0334 | 04:59:17 |  49.8s | 1.0e-04 | 0.0477 | 0.9051 | 0.8527 | 0.8464 | 0.0500 | 0.8685 | 0.8448 | 0.7805
0385 | 04:59:35 |  50.0s | 1.0e-04 | 0.0453 | 0.9063 | 0.8621 | 0.8621 | 0.0469 | 0.8953 | 0.8408 | 0.8168
0335 | 05:00:25 |  16.5s | 1.0e-04 | 0.0468 | 0.9050 | 0.8505 | 0.8433 | 0.0503 | 0.8902 | 0.8373 | 0.8023
0386 | 05:00:44 |  16.6s | 1.0e-04 | 0.0456 | 0.9068 | 0.8648 | 0.8669 | 0.0466 | 0.8964 | 0.8319 | 0.8073
0336 | 05:01:03 |  51.5s | 1.0e-04 | 0.0473 | 0.9046 | 0.8516 | 0.8435 | 0.0498 | 0.8908 | 0.8345 | 0.7984
0387 | 05:01:19 |  48.9s | 1.0e-04 | 0.0453 | 0.9062 | 0.8624 | 0.8633 | 0.0473 | 0.8988 | 0.8468 | 0.8342
0337 | 05:02:12 |  17.0s | 1.0e-04 | 0.0478 | 0.9056 | 0.8544 | 0.8494 | 0.0497 | 0.8955 | 0.8298 | 0.7963
0388 | 05:02:29 |  16.3s | 1.0e-04 | 0.0447 | 0.9058 | 0.8607 | 0.8596 | 0.0467 | 0.8901 | 0.8475 | 0.8193
0338 | 05:02:47 |  47.8s | 1.0e-04 | 0.0488 | 0.9045 | 0.8545 | 0.8495 | 0.0492 | 0.8803 | 0.8369 | 0.7871
0389 | 05:03:02 |  47.3s | 1.0e-04 | 0.0448 | 0.9065 | 0.8628 | 0.8636 | 0.0468 | 0.8913 | 0.8509 | 0.8277
0339 | 05:03:55 |  19.8s | 1.0e-04 | 0.0486 | 0.9036 | 0.8547 | 0.8488 | 0.0496 | 0.8880 | 0.8408 | 0.8020
0390 | 05:04:09 |  17.8s | 1.0e-04 | 0.0451 | 0.9069 | 0.8648 | 0.8668 | 0.0469 | 0.8923 | 0.8538 | 0.8291
0340 | 05:04:31 |  48.7s | 1.0e-04 | 0.0472 | 0.9042 | 0.8515 | 0.8443 | 0.0494 | 0.8948 | 0.8331 | 0.8023
0391 | 05:04:44 |  46.2s | 1.0e-04 | 0.0454 | 0.9068 | 0.8637 | 0.8653 | 0.0461 | 0.8814 | 0.8560 | 0.8186
0341 | 05:05:37 |  20.5s | 1.0e-04 | 0.0466 | 0.9039 | 0.8488 | 0.8398 | 0.0493 | 0.8937 | 0.8272 | 0.7912
0392 | 05:05:50 |  19.0s | 1.0e-04 | 0.0457 | 0.9069 | 0.8644 | 0.8669 | 0.0470 | 0.8895 | 0.8451 | 0.8162
0342 | 05:06:17 |  56.2s | 1.0e-04 | 0.0469 | 0.9037 | 0.8489 | 0.8395 | 0.0496 | 0.8947 | 0.8316 | 0.7999
0393 | 05:06:29 |  50.2s | 1.0e-04 | 0.0461 | 0.9074 | 0.8656 | 0.8690 | 0.0468 | 0.8815 | 0.8538 | 0.8165
0343 | 05:07:30 |  23.8s | 1.0e-04 | 0.0475 | 0.9033 | 0.8500 | 0.8414 | 0.0487 | 0.8847 | 0.8381 | 0.7927
0394 | 05:07:40 |  22.0s | 1.0e-04 | 0.0461 | 0.9063 | 0.8654 | 0.8678 | 0.0464 | 0.8860 | 0.8560 | 0.8265
0344 | 05:08:14 |  60.3s | 1.0e-04 | 0.0474 | 0.9036 | 0.8493 | 0.8398 | 0.0509 | 0.8931 | 0.8354 | 0.8024
0395 | 05:08:22 |  52.8s | 1.0e-04 | 0.0455 | 0.9059 | 0.8634 | 0.8648 | 0.0468 | 0.8940 | 0.8433 | 0.8223
0345 | 05:09:36 |  28.6s | 1.0e-04 | 0.0476 | 0.9032 | 0.8495 | 0.8402 | 0.0492 | 0.8889 | 0.8323 | 0.7908
0396 | 05:09:36 |  28.8s | 1.0e-04 | 0.0449 | 0.9064 | 0.8642 | 0.8661 | 0.0463 | 0.8857 | 0.8455 | 0.8083
0346 | 05:10:24 |  48.1s | 1.0e-04 | 0.0476 | 0.9055 | 0.8537 | 0.8487 | 0.0493 | 0.8955 | 0.8290 | 0.7997
0397 | 05:10:25 |  52.9s | 1.0e-04 | 0.0459 | 0.9075 | 0.8665 | 0.8702 | 0.0471 | 0.8974 | 0.8389 | 0.8203
0347 | 05:11:33 |  26.4s | 1.0e-04 | 0.0478 | 0.9061 | 0.8567 | 0.8544 | 0.0503 | 0.8788 | 0.8482 | 0.7996
0398 | 05:11:38 |  25.2s | 1.0e-04 | 0.0457 | 0.9083 | 0.8692 | 0.8745 | 0.0470 | 0.8870 | 0.8457 | 0.8145
0348 | 05:12:20 |  54.0s | 1.0e-04 | 0.0467 | 0.9065 | 0.8546 | 0.8513 | 0.0501 | 0.8911 | 0.8356 | 0.8003
0399 | 05:12:26 |  54.2s | 1.0e-04 | 0.0459 | 0.9081 | 0.8678 | 0.8728 | 0.0465 | 0.8913 | 0.8425 | 0.8139
0349 | 05:13:31 |  24.5s | 1.0e-04 | 0.0463 | 0.9069 | 0.8537 | 0.8503 | 0.0500 | 0.8880 | 0.8388 | 0.8010
0400 | 05:13:40 |  22.7s | 1.0e-04 | 0.0458 | 0.9073 | 0.8663 | 0.8697 | 0.0465 | 0.8985 | 0.8333 | 0.8113
0401 | 05:14:23 |  39.8s | 1.0e-04 | 0.0451 | 0.9082 | 0.8684 | 0.8736 | 0.0468 | 0.8929 | 0.8442 | 0.8221
0350 | 05:14:13 |  54.2s | 1.0e-04 | 0.0473 | 0.9052 | 0.8537 | 0.8479 | 0.0496 | 0.8948 | 0.8367 | 0.8074
0351 | 05:15:31 |  24.0s | 1.0e-04 | 0.0474 | 0.9045 | 0.8514 | 0.8441 | 0.0498 | 0.8956 | 0.8311 | 0.8045
0402 | 05:15:24 |  35.7s | 1.0e-04 | 0.0446 | 0.9091 | 0.8702 | 0.8763 | 0.0475 | 0.8843 | 0.8625 | 0.8321
0403 | 05:16:17 |  42.1s | 1.0e-04 | 0.0452 | 0.9066 | 0.8657 | 0.8682 | 0.0469 | 0.8818 | 0.8637 | 0.8314
0352 | 05:16:12 |  48.8s | 1.0e-04 | 0.0467 | 0.9057 | 0.8558 | 0.8520 | 0.0490 | 0.8874 | 0.8341 | 0.7891
0353 | 05:17:24 |  24.7s | 1.0e-04 | 0.0467 | 0.9063 | 0.8532 | 0.8480 | 0.0498 | 0.8934 | 0.8373 | 0.8057
0404 | 05:17:19 |  35.3s | 1.0e-04 | 0.0447 | 0.9068 | 0.8650 | 0.8671 | 0.0458 | 0.8926 | 0.8489 | 0.8251
0354 | 05:18:09 |  40.9s | 1.0e-04 | 0.0478 | 0.9059 | 0.8571 | 0.8545 | 0.0493 | 0.8900 | 0.8298 | 0.7887
0405 | 05:18:16 |  40.5s | 1.0e-04 | 0.0441 | 0.9074 | 0.8633 | 0.8645 | 0.0474 | 0.8990 | 0.8460 | 0.8302
0355 | 05:19:08 |  35.5s | 1.0e-04 | 0.0482 | 0.9053 | 0.8572 | 0.8549 | 0.0506 | 0.8983 | 0.8316 | 0.8029
0406 | 05:19:16 |  36.7s | 1.0e-04 | 0.0440 | 0.9086 | 0.8660 | 0.8707 | 0.0469 | 0.8919 | 0.8471 | 0.8226
0356 | 05:20:01 |  37.2s | 1.0e-04 | 0.0479 | 0.9042 | 0.8547 | 0.8495 | 0.0495 | 0.8922 | 0.8357 | 0.7986
0407 | 05:20:10 |  37.3s | 1.0e-04 | 0.0443 | 0.9083 | 0.8675 | 0.8715 | 0.0466 | 0.8945 | 0.8346 | 0.8072
0357 | 05:20:56 |  30.2s | 1.0e-04 | 0.0482 | 0.9053 | 0.8565 | 0.8534 | 0.0489 | 0.8894 | 0.8356 | 0.7970
0408 | 05:21:10 |  25.7s | 1.0e-04 | 0.0443 | 0.9087 | 0.8675 | 0.8724 | 0.0467 | 0.8932 | 0.8465 | 0.8223
0358 | 05:21:46 |  25.7s | 1.0e-04 | 0.0481 | 0.9055 | 0.8560 | 0.8521 | 0.0502 | 0.8735 | 0.8428 | 0.7846
0409 | 05:21:54 |  38.9s | 1.0e-04 | 0.0439 | 0.9087 | 0.8673 | 0.8725 | 0.0465 | 0.8862 | 0.8519 | 0.8241
0359 | 05:22:32 |  38.8s | 1.0e-04 | 0.0479 | 0.9058 | 0.8565 | 0.8540 | 0.0493 | 0.8768 | 0.8456 | 0.7919
0410 | 05:22:50 |  26.8s | 1.0e-04 | 0.0437 | 0.9088 | 0.8671 | 0.8718 | 0.0478 | 0.8845 | 0.8591 | 0.8300
0360 | 05:23:28 |  25.7s | 1.0e-04 | 0.0480 | 0.9063 | 0.8595 | 0.8588 | 0.0493 | 0.8910 | 0.8216 | 0.7818
0411 | 05:23:36 |  38.5s | 1.0e-04 | 0.0451 | 0.9083 | 0.8681 | 0.8732 | 0.0467 | 0.8790 | 0.8609 | 0.8238
0361 | 05:24:15 |  35.3s | 1.0e-04 | 0.0481 | 0.9060 | 0.8581 | 0.8572 | 0.0487 | 0.8865 | 0.8338 | 0.7846
0412 | 05:24:32 |  36.1s | 1.0e-04 | 0.0451 | 0.9085 | 0.8684 | 0.8740 | 0.0467 | 0.8989 | 0.8438 | 0.8278
0362 | 05:25:07 |  28.9s | 1.0e-04 | 0.0473 | 0.9042 | 0.8548 | 0.8491 | 0.0489 | 0.8943 | 0.8277 | 0.7934
0413 | 05:25:30 |  33.8s | 1.0e-04 | 0.0444 | 0.9070 | 0.8645 | 0.8675 | 0.0468 | 0.8820 | 0.8529 | 0.8187
0363 | 05:25:55 |  41.8s | 1.0e-04 | 0.0473 | 0.9054 | 0.8542 | 0.8480 | 0.0492 | 0.8972 | 0.8306 | 0.8046
0414 | 05:26:21 |  38.1s | 1.0e-04 | 0.0449 | 0.9060 | 0.8646 | 0.8663 | 0.0463 | 0.8877 | 0.8599 | 0.8339
0364 | 05:26:56 |  31.4s | 1.0e-04 | 0.0471 | 0.9057 | 0.8553 | 0.8515 | 0.0482 | 0.8913 | 0.8304 | 0.7889
0415 | 05:27:14 |  26.5s | 1.0e-04 | 0.0437 | 0.9076 | 0.8637 | 0.8660 | 0.0470 | 0.8948 | 0.8374 | 0.8120
0365 | 05:27:49 |  38.1s | 1.0e-04 | 0.0470 | 0.9056 | 0.8565 | 0.8535 | 0.0489 | 0.8844 | 0.8340 | 0.7861
0416 | 05:28:02 |  35.7s | 1.0e-04 | 0.0434 | 0.9077 | 0.8646 | 0.8684 | 0.0472 | 0.8830 | 0.8561 | 0.8237
0417 | 05:28:55 |  27.0s | 1.0e-04 | 0.0426 | 0.9067 | 0.8606 | 0.8601 | 0.0464 | 0.8956 | 0.8444 | 0.8256
0366 | 05:28:44 |  39.1s | 1.0e-04 | 0.0474 | 0.9057 | 0.8572 | 0.8543 | 0.0493 | 0.8937 | 0.8401 | 0.8112
0367 | 05:29:44 |  47.2s | 1.0e-04 | 0.0478 | 0.9050 | 0.8563 | 0.8522 | 0.0491 | 0.8894 | 0.8357 | 0.7965
0418 | 05:29:43 |  58.0s | 1.0e-04 | 0.0425 | 0.9083 | 0.8631 | 0.8649 | 0.0468 | 0.8867 | 0.8607 | 0.8331
0368 | 05:30:50 |  37.7s | 1.0e-04 | 0.0481 | 0.9054 | 0.8561 | 0.8521 | 0.0493 | 0.8856 | 0.8421 | 0.7983
0419 | 05:31:00 |  28.4s | 1.0e-04 | 0.0438 | 0.9069 | 0.8631 | 0.8640 | 0.0458 | 0.8892 | 0.8498 | 0.8189
0369 | 05:31:49 |  44.6s | 1.0e-04 | 0.0479 | 0.9047 | 0.8553 | 0.8513 | 0.0487 | 0.8906 | 0.8366 | 0.8016
0420 | 05:31:49 |  54.3s | 1.0e-04 | 0.0439 | 0.9075 | 0.8647 | 0.8673 | 0.0468 | 0.8880 | 0.8533 | 0.8278
0370 | 05:32:53 |  23.0s | 1.0e-04 | 0.0472 | 0.9042 | 0.8515 | 0.8437 | 0.0482 | 0.8795 | 0.8409 | 0.7861
0421 | 05:33:04 |  21.3s | 1.0e-04 | 0.0438 | 0.9085 | 0.8676 | 0.8722 | 0.0468 | 0.8849 | 0.8560 | 0.8261
0371 | 05:33:33 |  47.4s | 1.0e-04 | 0.0473 | 0.9044 | 0.8514 | 0.8439 | 0.0494 | 0.8783 | 0.8479 | 0.7991
0422 | 05:33:46 |  46.6s | 1.0e-04 | 0.0434 | 0.9087 | 0.8661 | 0.8703 | 0.0461 | 0.8855 | 0.8505 | 0.8175
0372 | 05:34:38 |  20.0s | 1.0e-04 | 0.0475 | 0.9053 | 0.8564 | 0.8537 | 0.0488 | 0.8892 | 0.8334 | 0.7921
0423 | 05:34:51 |  18.3s | 1.0e-04 | 0.0446 | 0.9075 | 0.8652 | 0.8677 | 0.0463 | 0.8879 | 0.8616 | 0.8366
0373 | 05:35:17 |  51.4s | 1.0e-04 | 0.0474 | 0.9046 | 0.8534 | 0.8476 | 0.0488 | 0.8945 | 0.8386 | 0.8075
0424 | 05:35:29 |  50.3s | 1.0e-04 | 0.0448 | 0.9074 | 0.8653 | 0.8682 | 0.0460 | 0.8959 | 0.8394 | 0.8178
0374 | 05:36:25 |  17.5s | 1.0e-04 | 0.0463 | 0.9054 | 0.8531 | 0.8471 | 0.0493 | 0.8771 | 0.8462 | 0.7920
0425 | 05:36:41 |  16.0s | 1.0e-04 | 0.0446 | 0.9062 | 0.8643 | 0.8653 | 0.0462 | 0.9019 | 0.8455 | 0.8352
0375 | 05:37:00 |  51.7s | 1.0e-04 | 0.0464 | 0.9050 | 0.8528 | 0.8469 | 0.0490 | 0.8993 | 0.8188 | 0.7875
0426 | 05:37:16 |  50.1s | 1.0e-04 | 0.0450 | 0.9070 | 0.8661 | 0.8683 | 0.0462 | 0.8871 | 0.8608 | 0.8336
0376 | 05:38:10 |  17.6s | 1.0e-04 | 0.0463 | 0.9054 | 0.8544 | 0.8492 | 0.0488 | 0.8899 | 0.8358 | 0.7950
0427 | 05:38:27 |  16.0s | 1.0e-04 | 0.0450 | 0.9085 | 0.8692 | 0.8747 | 0.0470 | 0.8880 | 0.8558 | 0.8263
0377 | 05:38:48 |  44.1s | 1.0e-04 | 0.0458 | 0.9068 | 0.8546 | 0.8509 | 0.0493 | 0.8809 | 0.8486 | 0.8055
0428 | 05:39:00 |  46.6s | 1.0e-04 | 0.0437 | 0.9087 | 0.8694 | 0.8747 | 0.0466 | 0.8868 | 0.8549 | 0.8247
0378 | 05:39:50 |  18.0s | 1.0e-04 | 0.0458 | 0.9059 | 0.8545 | 0.8503 | 0.0492 | 0.8966 | 0.8353 | 0.8104
0429 | 05:40:06 |  16.3s | 1.0e-04 | 0.0438 | 0.9091 | 0.8681 | 0.8738 | 0.0458 | 0.8949 | 0.8430 | 0.8201
0379 | 05:40:26 |  46.8s | 1.0e-04 | 0.0467 | 0.9066 | 0.8577 | 0.8553 | 0.0489 | 0.8949 | 0.8301 | 0.7989
0430 | 05:40:39 |  44.6s | 1.0e-04 | 0.0431 | 0.9095 | 0.8687 | 0.8748 | 0.0468 | 0.8844 | 0.8575 | 0.8239
0380 | 05:41:31 |  19.8s | 1.0e-04 | 0.0464 | 0.9073 | 0.8588 | 0.8589 | 0.0490 | 0.8816 | 0.8462 | 0.8018
0431 | 05:41:45 |  17.8s | 1.0e-04 | 0.0434 | 0.9097 | 0.8692 | 0.8760 | 0.0466 | 0.8833 | 0.8508 | 0.8143
0381 | 05:42:07 |  46.9s | 1.0e-04 | 0.0472 | 0.9046 | 0.8546 | 0.8486 | 0.0481 | 0.8844 | 0.8424 | 0.8011
0432 | 05:42:19 |  48.4s | 1.0e-04 | 0.0429 | 0.9105 | 0.8699 | 0.8778 | 0.0470 | 0.8949 | 0.8395 | 0.8139
0382 | 05:43:14 |  18.8s | 1.0e-04 | 0.0474 | 0.9049 | 0.8536 | 0.8491 | 0.0481 | 0.8971 | 0.8285 | 0.7965
0433 | 05:43:28 |  17.1s | 1.0e-04 | 0.0432 | 0.9107 | 0.8729 | 0.8810 | 0.0471 | 0.8946 | 0.8447 | 0.8201
0383 | 05:43:50 |  49.8s | 1.0e-04 | 0.0473 | 0.9057 | 0.8567 | 0.8541 | 0.0487 | 0.8932 | 0.8376 | 0.8082
0434 | 05:44:06 |  50.5s | 1.0e-04 | 0.0435 | 0.9095 | 0.8694 | 0.8747 | 0.0463 | 0.8932 | 0.8524 | 0.8307
0384 | 05:44:59 |  16.5s | 1.0e-04 | 0.0476 | 0.9062 | 0.8576 | 0.8564 | 0.0487 | 0.8862 | 0.8496 | 0.8140
0435 | 05:45:15 |  15.7s | 1.0e-04 | 0.0437 | 0.9093 | 0.8702 | 0.8766 | 0.0463 | 0.9003 | 0.8393 | 0.8198
0385 | 05:45:34 |  51.1s | 1.0e-04 | 0.0475 | 0.9053 | 0.8576 | 0.8556 | 0.0488 | 0.8900 | 0.8441 | 0.8134
0436 | 05:45:49 |  51.2s | 1.0e-04 | 0.0426 | 0.9092 | 0.8666 | 0.8712 | 0.0468 | 0.8802 | 0.8616 | 0.8265
0386 | 05:46:43 |  17.3s | 1.0e-04 | 0.0475 | 0.9054 | 0.8556 | 0.8519 | 0.0486 | 0.8911 | 0.8354 | 0.8014
0437 | 05:47:02 |  26.6s | 1.0e-04 | 0.0431 | 0.9085 | 0.8674 | 0.8723 | 0.0471 | 0.8731 | 0.8672 | 0.8260
0387 | 05:47:20 |  50.5s | 1.0e-04 | 0.0454 | 0.9047 | 0.8525 | 0.8460 | 0.0481 | 0.9093 | 0.8176 | 0.8037
0438 | 05:47:45 |  44.3s | 1.0e-04 | 0.0447 | 0.9078 | 0.8673 | 0.8715 | 0.0459 | 0.8959 | 0.8457 | 0.8261
0388 | 05:48:32 |  17.2s | 1.0e-04 | 0.0448 | 0.9055 | 0.8497 | 0.8419 | 0.0485 | 0.8901 | 0.8441 | 0.8103
0439 | 05:48:48 |  27.0s | 1.0e-04 | 0.0443 | 0.9082 | 0.8667 | 0.8711 | 0.0457 | 0.8997 | 0.8376 | 0.8230
0389 | 05:49:08 |  47.7s | 1.0e-04 | 0.0461 | 0.9062 | 0.8555 | 0.8536 | 0.0491 | 0.8867 | 0.8455 | 0.8082
0440 | 05:49:31 |  34.8s | 1.0e-04 | 0.0441 | 0.9096 | 0.8707 | 0.8777 | 0.0458 | 0.8951 | 0.8411 | 0.8215
0390 | 05:50:14 |  20.5s | 1.0e-04 | 0.0463 | 0.9061 | 0.8576 | 0.8552 | 0.0495 | 0.8870 | 0.8454 | 0.8078
0441 | 05:50:27 |  28.2s | 1.0e-04 | 0.0444 | 0.9097 | 0.8715 | 0.8786 | 0.0457 | 0.8942 | 0.8451 | 0.8206
0442 | 05:51:14 |  28.7s | 1.0e-04 | 0.0429 | 0.9087 | 0.8669 | 0.8716 | 0.0463 | 0.8955 | 0.8467 | 0.8272
0391 | 05:50:50 |  56.0s | 1.0e-04 | 0.0469 | 0.9062 | 0.8565 | 0.8534 | 0.0485 | 0.8937 | 0.8431 | 0.8175
0392 | 05:52:10 |  20.6s | 1.0e-04 | 0.0467 | 0.9069 | 0.8574 | 0.8552 | 0.0487 | 0.8772 | 0.8476 | 0.7956
0443 | 05:52:02 |  45.5s | 1.0e-04 | 0.0429 | 0.9085 | 0.8667 | 0.8711 | 0.0465 | 0.8987 | 0.8453 | 0.8304
0444 | 05:53:06 |  28.8s | 1.0e-04 | 0.0437 | 0.9099 | 0.8692 | 0.8756 | 0.0452 | 0.8911 | 0.8492 | 0.8217
0393 | 05:52:51 |  49.7s | 1.0e-04 | 0.0456 | 0.9051 | 0.8537 | 0.8490 | 0.0480 | 0.8942 | 0.8306 | 0.7993
0394 | 05:54:01 |  20.7s | 1.0e-04 | 0.0455 | 0.9058 | 0.8544 | 0.8505 | 0.0487 | 0.8937 | 0.8347 | 0.8012
0445 | 05:53:53 |  47.1s | 1.0e-04 | 0.0442 | 0.9089 | 0.8696 | 0.8755 | 0.0458 | 0.8994 | 0.8451 | 0.8293
0395 | 05:54:42 |  38.3s | 1.0e-04 | 0.0465 | 0.9051 | 0.8537 | 0.8496 | 0.0485 | 0.9064 | 0.8317 | 0.8214
0446 | 05:55:01 |  27.9s | 1.0e-04 | 0.0433 | 0.9080 | 0.8657 | 0.8698 | 0.0460 | 0.8939 | 0.8454 | 0.8231
0396 | 05:55:39 |  31.6s | 1.0e-04 | 0.0470 | 0.9049 | 0.8534 | 0.8476 | 0.0479 | 0.8879 | 0.8418 | 0.8051
0447 | 05:55:51 |  40.1s | 1.0e-04 | 0.0434 | 0.9082 | 0.8669 | 0.8713 | 0.0460 | 0.8950 | 0.8444 | 0.8227
0397 | 05:56:29 |  35.2s | 1.0e-04 | 0.0468 | 0.9063 | 0.8586 | 0.8576 | 0.0480 | 0.8862 | 0.8409 | 0.8029
0448 | 05:56:48 |  25.8s | 1.0e-04 | 0.0433 | 0.9089 | 0.8693 | 0.8762 | 0.0462 | 0.8879 | 0.8544 | 0.8266
0398 | 05:57:23 |  32.6s | 1.0e-04 | 0.0469 | 0.9066 | 0.8598 | 0.8594 | 0.0483 | 0.8877 | 0.8443 | 0.8126
0449 | 05:57:34 |  41.7s | 1.0e-04 | 0.0435 | 0.9092 | 0.8689 | 0.8750 | 0.0463 | 0.8947 | 0.8525 | 0.8317
0399 | 05:58:13 |  37.6s | 1.0e-04 | 0.0459 | 0.9047 | 0.8549 | 0.8498 | 0.0488 | 0.8771 | 0.8444 | 0.7937
0450 | 05:58:35 |  25.3s | 1.0e-04 | 0.0431 | 0.9084 | 0.8688 | 0.8736 | 0.0455 | 0.8976 | 0.8435 | 0.8273
0400 | 05:59:07 |  27.3s | 1.0e-04 | 0.0460 | 0.9046 | 0.8539 | 0.8486 | 0.0490 | 0.8944 | 0.8324 | 0.8019
0451 | 05:59:22 |  39.2s | 1.0e-04 | 0.0433 | 0.9092 | 0.8696 | 0.8757 | 0.0457 | 0.8915 | 0.8475 | 0.8209
0401 | 05:59:54 |  25.1s | 1.0e-04 | 0.0489 | 0.9059 | 0.8621 | 0.8619 | 0.0482 | 0.9018 | 0.8285 | 0.8072
0452 | 06:00:21 |  37.8s | 1.0e-04 | 0.0431 | 0.9099 | 0.8714 | 0.8785 | 0.0465 | 0.8910 | 0.8545 | 0.8307
0402 | 06:00:35 |  49.8s | 1.0e-04 | 0.0484 | 0.9051 | 0.8620 | 0.8617 | 0.0482 | 0.8821 | 0.8439 | 0.8024
0453 | 06:01:18 |  38.9s | 1.0e-04 | 0.0431 | 0.9092 | 0.8683 | 0.8738 | 0.0452 | 0.8972 | 0.8367 | 0.8171
0403 | 06:01:41 |  26.7s | 1.0e-04 | 0.0456 | 0.9059 | 0.8549 | 0.8508 | 0.0488 | 0.8869 | 0.8546 | 0.8246
0454 | 06:02:16 |  35.6s | 1.0e-04 | 0.0432 | 0.9099 | 0.8678 | 0.8737 | 0.0461 | 0.8936 | 0.8522 | 0.8299
0404 | 06:02:27 |  52.0s | 1.0e-04 | 0.0460 | 0.9053 | 0.8544 | 0.8503 | 0.0479 | 0.8826 | 0.8456 | 0.7990
0455 | 06:03:10 |  37.3s | 1.0e-04 | 0.0434 | 0.9100 | 0.8701 | 0.8775 | 0.0453 | 0.8922 | 0.8525 | 0.8295
0405 | 06:03:35 |  25.3s | 1.0e-04 | 0.0469 | 0.9058 | 0.8591 | 0.8577 | 0.0486 | 0.8885 | 0.8397 | 0.8031
0456 | 06:04:04 |  38.5s | 1.0e-04 | 0.0441 | 0.9086 | 0.8671 | 0.8718 | 0.0464 | 0.8875 | 0.8624 | 0.8365
0406 | 06:04:19 |  46.9s | 1.0e-04 | 0.0465 | 0.9065 | 0.8584 | 0.8569 | 0.0485 | 0.8877 | 0.8292 | 0.7847
0457 | 06:04:59 |  37.6s | 1.0e-04 | 0.0440 | 0.9083 | 0.8662 | 0.8700 | 0.0454 | 0.9057 | 0.8418 | 0.8397
0407 | 06:05:23 |  26.0s | 1.0e-04 | 0.0449 | 0.9063 | 0.8557 | 0.8530 | 0.0483 | 0.8878 | 0.8354 | 0.7943
0458 | 06:05:55 |  18.8s | 1.0e-04 | 0.0442 | 0.9073 | 0.8644 | 0.8665 | 0.0458 | 0.8945 | 0.8518 | 0.8306
0408 | 06:06:09 |  39.9s | 1.0e-04 | 0.0459 | 0.9058 | 0.8542 | 0.8498 | 0.0482 | 0.8834 | 0.8397 | 0.7941
0459 | 06:06:34 |  50.8s | 1.0e-04 | 0.0439 | 0.9073 | 0.8660 | 0.8689 | 0.0454 | 0.8992 | 0.8441 | 0.8297
0409 | 06:07:08 |  25.1s | 1.0e-04 | 0.0481 | 0.9039 | 0.8563 | 0.8515 | 0.0479 | 0.8913 | 0.8411 | 0.8087
0460 | 06:07:42 |  19.7s | 1.0e-04 | 0.0425 | 0.9099 | 0.8697 | 0.8760 | 0.0456 | 0.8936 | 0.8532 | 0.8319
0410 | 06:07:56 |  44.1s | 1.0e-04 | 0.0475 | 0.9045 | 0.8560 | 0.8522 | 0.0483 | 0.8872 | 0.8394 | 0.7999
0461 | 06:08:22 |  51.3s | 1.0e-04 | 0.0424 | 0.9094 | 0.8681 | 0.8736 | 0.0456 | 0.8852 | 0.8586 | 0.8291
0411 | 06:08:56 |  24.1s | 1.0e-04 | 0.0454 | 0.9057 | 0.8536 | 0.8486 | 0.0480 | 0.8953 | 0.8358 | 0.8067
0462 | 06:09:31 |  22.9s | 1.0e-04 | 0.0422 | 0.9091 | 0.8663 | 0.8707 | 0.0464 | 0.9034 | 0.8486 | 0.8406
0412 | 06:09:41 |  53.2s | 1.0e-04 | 0.0451 | 0.9058 | 0.8551 | 0.8509 | 0.0477 | 0.9047 | 0.8278 | 0.8136
0463 | 06:10:09 |  48.7s | 1.0e-04 | 0.0420 | 0.9094 | 0.8676 | 0.8735 | 0.0463 | 0.8833 | 0.8640 | 0.8320
0413 | 06:10:52 |  16.9s | 1.0e-04 | 0.0455 | 0.9056 | 0.8552 | 0.8511 | 0.0480 | 0.8875 | 0.8435 | 0.8066
0464 | 06:11:16 |  21.4s | 1.0e-04 | 0.0417 | 0.9099 | 0.8665 | 0.8716 | 0.0459 | 0.8881 | 0.8489 | 0.8209
0414 | 06:11:28 |  53.6s | 1.0e-04 | 0.0460 | 0.9058 | 0.8542 | 0.8494 | 0.0482 | 0.9006 | 0.8323 | 0.8114
0415 | 06:12:41 |  20.8s | 1.0e-04 | 0.0463 | 0.9047 | 0.8559 | 0.8521 | 0.0480 | 0.8913 | 0.8409 | 0.8094
0465 | 06:11:57 |  64.2s | 1.0e-04 | 0.0424 | 0.9095 | 0.8676 | 0.8735 | 0.0456 | 0.8926 | 0.8461 | 0.8209
0466 | 06:13:23 |  22.3s | 1.0e-04 | 0.0429 | 0.9100 | 0.8705 | 0.8773 | 0.0458 | 0.8950 | 0.8484 | 0.8284
0416 | 06:13:23 |  53.4s | 1.0e-04 | 0.0470 | 0.9049 | 0.8562 | 0.8517 | 0.0475 | 0.8878 | 0.8431 | 0.8051
0467 | 06:14:04 |  51.1s | 1.0e-04 | 0.0426 | 0.9097 | 0.8698 | 0.8761 | 0.0455 | 0.9025 | 0.8425 | 0.8326
0417 | 06:14:36 |  19.1s | 1.0e-04 | 0.0479 | 0.9054 | 0.8588 | 0.8568 | 0.0468 | 0.8848 | 0.8422 | 0.8000
0468 | 06:15:15 |  21.4s | 1.0e-04 | 0.0426 | 0.9108 | 0.8707 | 0.8791 | 0.0460 | 0.8944 | 0.8557 | 0.8356
0418 | 06:15:16 |  49.3s | 1.0e-04 | 0.0469 | 0.9049 | 0.8559 | 0.8518 | 0.0476 | 0.8846 | 0.8469 | 0.8056
0419 | 06:16:23 |  20.1s | 1.0e-04 | 0.0446 | 0.9052 | 0.8514 | 0.8429 | 0.0479 | 0.8882 | 0.8442 | 0.8110
0469 | 06:15:56 |  49.2s | 1.0e-04 | 0.0441 | 0.9095 | 0.8713 | 0.8790 | 0.0452 | 0.8948 | 0.8555 | 0.8356
0470 | 06:17:06 |  17.4s | 1.0e-04 | 0.0452 | 0.9099 | 0.8737 | 0.8823 | 0.0456 | 0.9009 | 0.8415 | 0.8292
0420 | 06:17:02 |  53.3s | 1.0e-04 | 0.0457 | 0.9066 | 0.8558 | 0.8529 | 0.0473 | 0.8855 | 0.8463 | 0.8051
0421 | 06:18:15 |  20.3s | 1.0e-04 | 0.0469 | 0.9070 | 0.8618 | 0.8622 | 0.0475 | 0.8889 | 0.8456 | 0.8110
0471 | 06:17:42 |  54.4s | 1.0e-04 | 0.0446 | 0.9100 | 0.8736 | 0.8821 | 0.0456 | 0.8940 | 0.8510 | 0.8302
0472 | 06:18:56 |  19.6s | 1.0e-04 | 0.0444 | 0.9103 | 0.8737 | 0.8823 | 0.0457 | 0.8696 | 0.8668 | 0.8210
0422 | 06:18:55 |  52.2s | 1.0e-04 | 0.0459 | 0.9077 | 0.8612 | 0.8618 | 0.0481 | 0.8926 | 0.8459 | 0.8194
0423 | 06:20:06 |  21.8s | 1.0e-04 | 0.0456 | 0.9067 | 0.8598 | 0.8591 | 0.0487 | 0.8877 | 0.8483 | 0.8145
0473 | 06:19:36 |  52.8s | 1.0e-04 | 0.0430 | 0.9095 | 0.8702 | 0.8772 | 0.0457 | 0.8985 | 0.8497 | 0.8355
0474 | 06:20:49 |  19.7s | 1.0e-04 | 0.0423 | 0.9096 | 0.8694 | 0.8755 | 0.0448 | 0.8876 | 0.8517 | 0.8228
0424 | 06:20:48 |  48.1s | 1.0e-04 | 0.0462 | 0.9074 | 0.8606 | 0.8610 | 0.0484 | 0.8923 | 0.8437 | 0.8138
0425 | 06:21:59 |  18.2s | 1.0e-04 | 0.0463 | 0.9079 | 0.8620 | 0.8635 | 0.0483 | 0.8820 | 0.8515 | 0.8110
0475 | 06:21:26 |  54.0s | 1.0e-04 | 0.0427 | 0.9107 | 0.8720 | 0.8801 | 0.0458 | 0.8907 | 0.8576 | 0.8354
0476 | 06:22:43 |  16.3s | 1.0e-04 | 0.0427 | 0.9111 | 0.8725 | 0.8817 | 0.0457 | 0.8927 | 0.8539 | 0.8331
0426 | 06:22:37 |  49.1s | 1.0e-04 | 0.0455 | 0.9076 | 0.8603 | 0.8621 | 0.0478 | 0.8820 | 0.8462 | 0.8018
0427 | 06:23:44 |  20.2s | 1.0e-04 | 0.0454 | 0.9062 | 0.8572 | 0.8551 | 0.0483 | 0.8982 | 0.8401 | 0.8215
0477 | 06:23:18 |  52.4s | 1.0e-04 | 0.0427 | 0.9099 | 0.8681 | 0.8748 | 0.0456 | 0.8862 | 0.8599 | 0.8322
0478 | 06:24:28 |  16.5s | 1.0e-04 | 0.0427 | 0.9097 | 0.8689 | 0.8751 | 0.0456 | 0.8939 | 0.8594 | 0.8416
0428 | 06:24:21 |  49.6s | 1.0e-04 | 0.0450 | 0.9071 | 0.8589 | 0.8584 | 0.0486 | 0.8972 | 0.8383 | 0.8171
0479 | 06:25:03 |  43.5s | 1.0e-04 | 0.0437 | 0.9104 | 0.8729 | 0.8808 | 0.0459 | 0.8941 | 0.8553 | 0.8385
0429 | 06:25:29 |  22.2s | 1.0e-04 | 0.0448 | 0.9088 | 0.8595 | 0.8610 | 0.0482 | 0.8900 | 0.8381 | 0.8039
0480 | 06:26:06 |  31.1s | 1.0e-04 | 0.0440 | 0.9098 | 0.8739 | 0.8825 | 0.0456 | 0.8879 | 0.8555 | 0.8278
0430 | 06:26:15 |  47.0s | 1.0e-04 | 0.0445 | 0.9086 | 0.8604 | 0.8607 | 0.0475 | 0.8877 | 0.8432 | 0.8027
0481 | 06:26:54 |  45.7s | 1.0e-04 | 0.0452 | 0.9092 | 0.8712 | 0.8781 | 0.0450 | 0.8928 | 0.8571 | 0.8366
0431 | 06:27:19 |  22.3s | 1.0e-04 | 0.0447 | 0.9085 | 0.8606 | 0.8614 | 0.0472 | 0.8905 | 0.8427 | 0.8107
0482 | 06:28:02 |  27.5s | 1.0e-04 | 0.0452 | 0.9087 | 0.8706 | 0.8774 | 0.0446 | 0.8886 | 0.8550 | 0.8298
0432 | 06:28:03 |  53.9s | 1.0e-04 | 0.0453 | 0.9092 | 0.8623 | 0.8643 | 0.0479 | 0.8991 | 0.8264 | 0.7995
0483 | 06:28:49 |  33.8s | 1.0e-04 | 0.0440 | 0.9084 | 0.8683 | 0.8736 | 0.0447 | 0.8927 | 0.8512 | 0.8296
0433 | 06:29:16 |  18.8s | 1.0e-04 | 0.0457 | 0.9087 | 0.8624 | 0.8650 | 0.0487 | 0.8931 | 0.8395 | 0.8132
0484 | 06:29:41 |  46.3s | 1.0e-04 | 0.0438 | 0.9096 | 0.8686 | 0.8752 | 0.0452 | 0.8876 | 0.8588 | 0.8326
0434 | 06:29:56 |  40.1s | 1.0e-04 | 0.0458 | 0.9082 | 0.8623 | 0.8643 | 0.0482 | 0.8915 | 0.8459 | 0.8147
0435 | 06:30:56 |  23.9s | 1.0e-04 | 0.0452 | 0.9082 | 0.8624 | 0.8645 | 0.0479 | 0.8725 | 0.8579 | 0.8045
0485 | 06:30:47 |  33.4s | 1.0e-04 | 0.0431 | 0.9112 | 0.8731 | 0.8828 | 0.0449 | 0.8874 | 0.8593 | 0.8314
0486 | 06:31:41 |  37.0s | 1.0e-04 | 0.0429 | 0.9110 | 0.8725 | 0.8818 | 0.0454 | 0.8951 | 0.8594 | 0.8430
0436 | 06:31:41 |  36.4s | 1.0e-04 | 0.0452 | 0.9093 | 0.8645 | 0.8684 | 0.0484 | 0.8828 | 0.8448 | 0.8042
0487 | 06:32:39 |  29.3s | 1.0e-04 | 0.0430 | 0.9093 | 0.8691 | 0.8743 | 0.0454 | 0.8915 | 0.8627 | 0.8440
0437 | 06:32:39 |  31.7s | 1.0e-04 | 0.0452 | 0.9088 | 0.8640 | 0.8671 | 0.0484 | 0.9041 | 0.8361 | 0.8230
0438 | 06:33:32 |  30.8s | 1.0e-04 | 0.0461 | 0.9070 | 0.8611 | 0.8612 | 0.0473 | 0.8878 | 0.8421 | 0.8046
0488 | 06:33:28 |  43.3s | 1.0e-04 | 0.0430 | 0.9098 | 0.8693 | 0.8750 | 0.0447 | 0.8955 | 0.8509 | 0.8327
0439 | 06:34:19 |  31.0s | 1.0e-04 | 0.0461 | 0.9073 | 0.8611 | 0.8619 | 0.0479 | 0.8926 | 0.8342 | 0.7983
0489 | 06:34:32 |  28.2s | 1.0e-04 | 0.0430 | 0.9088 | 0.8674 | 0.8728 | 0.0447 | 0.8949 | 0.8527 | 0.8329
0440 | 06:35:09 |  30.6s | 1.0e-04 | 0.0460 | 0.9079 | 0.8611 | 0.8625 | 0.0480 | 0.8947 | 0.8409 | 0.8155
0490 | 06:35:19 |  43.8s | 1.0e-04 | 0.0432 | 0.9091 | 0.8681 | 0.8738 | 0.0447 | 0.8875 | 0.8558 | 0.8292
0441 | 06:35:59 |  35.5s | 1.0e-04 | 0.0459 | 0.9078 | 0.8623 | 0.8643 | 0.0477 | 0.8801 | 0.8499 | 0.8038
0491 | 06:36:21 |  29.7s | 1.0e-04 | 0.0423 | 0.9103 | 0.8714 | 0.8791 | 0.0447 | 0.8999 | 0.8457 | 0.8300
0442 | 06:36:53 |  34.7s | 1.0e-04 | 0.0449 | 0.9069 | 0.8576 | 0.8568 | 0.0483 | 0.8881 | 0.8513 | 0.8209
0492 | 06:37:07 |  51.0s | 1.0e-04 | 0.0427 | 0.9108 | 0.8717 | 0.8799 | 0.0458 | 0.8863 | 0.8595 | 0.8330
0443 | 06:37:47 |  33.5s | 1.0e-04 | 0.0454 | 0.9073 | 0.8589 | 0.8571 | 0.0481 | 0.8978 | 0.8382 | 0.8144
0493 | 06:38:15 |  29.7s | 1.0e-04 | 0.0443 | 0.9114 | 0.8762 | 0.8866 | 0.0451 | 0.8987 | 0.8483 | 0.8326
0444 | 06:38:41 |  30.7s | 1.0e-04 | 0.0443 | 0.9080 | 0.8602 | 0.8608 | 0.0475 | 0.8887 | 0.8434 | 0.8088
0494 | 06:39:05 |  40.7s | 1.0e-04 | 0.0442 | 0.9117 | 0.8784 | 0.8895 | 0.0447 | 0.8948 | 0.8576 | 0.8411
0445 | 06:39:28 |  30.1s | 1.0e-04 | 0.0446 | 0.9078 | 0.8601 | 0.8609 | 0.0476 | 0.8859 | 0.8445 | 0.8059
0495 | 06:40:05 |  29.6s | 1.0e-04 | 0.0439 | 0.9105 | 0.8726 | 0.8810 | 0.0447 | 0.8981 | 0.8398 | 0.8230
0446 | 06:40:15 |  28.9s | 1.0e-04 | 0.0459 | 0.9076 | 0.8626 | 0.8638 | 0.0471 | 0.9025 | 0.8293 | 0.8088
0496 | 06:40:51 |  39.8s | 1.0e-04 | 0.0433 | 0.9114 | 0.8744 | 0.8837 | 0.0451 | 0.8927 | 0.8514 | 0.8306
0447 | 06:41:03 |  30.7s | 1.0e-04 | 0.0453 | 0.9082 | 0.8615 | 0.8635 | 0.0475 | 0.8966 | 0.8339 | 0.8058
0497 | 06:41:52 |  35.0s | 1.0e-04 | 0.0429 | 0.9109 | 0.8730 | 0.8815 | 0.0452 | 0.8992 | 0.8521 | 0.8400
0448 | 06:41:55 |  34.6s | 1.0e-04 | 0.0449 | 0.9059 | 0.8556 | 0.8530 | 0.0467 | 0.8936 | 0.8421 | 0.8122
0449 | 06:42:50 |  37.0s | 1.0e-04 | 0.0454 | 0.9060 | 0.8579 | 0.8559 | 0.0470 | 0.8903 | 0.8477 | 0.8144
0498 | 06:42:47 |  44.4s | 1.0e-04 | 0.0423 | 0.9105 | 0.8708 | 0.8790 | 0.0450 | 0.8993 | 0.8456 | 0.8309
0450 | 06:43:45 |  36.6s | 1.0e-04 | 0.0459 | 0.9084 | 0.8618 | 0.8639 | 0.0470 | 0.8862 | 0.8433 | 0.8056
0499 | 06:43:50 |  34.0s | 1.0e-04 | 0.0421 | 0.9104 | 0.8700 | 0.8777 | 0.0453 | 0.8909 | 0.8623 | 0.8426
0451 | 06:44:43 |  37.3s | 1.0e-04 | 0.0456 | 0.9083 | 0.8627 | 0.8653 | 0.0472 | 0.8941 | 0.8386 | 0.8093
0500 | 06:44:45 |  45.8s | 1.0e-04 | 0.0425 | 0.9101 | 0.8708 | 0.8777 | 0.0442 | 0.8943 | 0.8565 | 0.8396
0501 | 06:45:48 |  27.2s | 1.0e-04 | 0.0433 | 0.9096 | 0.8705 | 0.8777 | 0.0454 | 0.8926 | 0.8543 | 0.8349
0452 | 06:45:39 |  39.2s | 1.0e-04 | 0.0447 | 0.9081 | 0.8619 | 0.8634 | 0.0480 | 0.8922 | 0.8479 | 0.8208
0453 | 06:46:41 |  29.8s | 1.0e-04 | 0.0451 | 0.9087 | 0.8625 | 0.8650 | 0.0473 | 0.8903 | 0.8417 | 0.8076
0502 | 06:46:36 |  56.1s | 1.0e-04 | 0.0433 | 0.9098 | 0.8716 | 0.8795 | 0.0452 | 0.8941 | 0.8542 | 0.8346
0454 | 06:47:28 |  15.5s | 1.0e-04 | 0.0450 | 0.9084 | 0.8632 | 0.8659 | 0.0484 | 0.8818 | 0.8563 | 0.8159
0503 | 06:47:50 |  18.4s | 1.0e-04 | 0.0432 | 0.9110 | 0.8753 | 0.8849 | 0.0450 | 0.8897 | 0.8561 | 0.8310
0455 | 06:48:06 |  44.0s | 1.0e-04 | 0.0451 | 0.9090 | 0.8636 | 0.8672 | 0.0469 | 0.8994 | 0.8310 | 0.8066
0456 | 06:49:07 |  19.3s | 1.0e-04 | 0.0458 | 0.9077 | 0.8610 | 0.8621 | 0.0468 | 0.9007 | 0.8337 | 0.8129
0504 | 06:48:27 |  59.5s | 1.0e-04 | 0.0433 | 0.9101 | 0.8737 | 0.8825 | 0.0444 | 0.8982 | 0.8549 | 0.8416
0505 | 06:49:48 |  21.2s | 1.0e-04 | 0.0433 | 0.9101 | 0.8718 | 0.8801 | 0.0447 | 0.8920 | 0.8595 | 0.8395
0457 | 06:49:46 |  45.2s | 1.0e-04 | 0.0456 | 0.9062 | 0.8607 | 0.8609 | 0.0467 | 0.8981 | 0.8330 | 0.8089
0458 | 06:50:50 |  20.2s | 1.0e-04 | 0.0449 | 0.9076 | 0.8595 | 0.8597 | 0.0469 | 0.9008 | 0.8320 | 0.8154
0506 | 06:50:25 |  50.6s | 1.0e-04 | 0.0426 | 0.9108 | 0.8708 | 0.8787 | 0.0449 | 0.8957 | 0.8567 | 0.8414
0507 | 06:51:38 |  18.4s | 1.0e-04 | 0.0416 | 0.9105 | 0.8698 | 0.8772 | 0.0448 | 0.8828 | 0.8629 | 0.8311
0459 | 06:51:32 |  42.0s | 1.0e-04 | 0.0440 | 0.9070 | 0.8581 | 0.8565 | 0.0468 | 0.9056 | 0.8361 | 0.8266
0460 | 06:52:32 |  18.9s | 1.0e-04 | 0.0433 | 0.9065 | 0.8552 | 0.8516 | 0.0472 | 0.9007 | 0.8355 | 0.8191
0508 | 06:52:16 |  54.3s | 1.0e-04 | 0.0417 | 0.9107 | 0.8707 | 0.8784 | 0.0452 | 0.8900 | 0.8562 | 0.8284
0509 | 06:53:32 |  19.3s | 1.0e-04 | 0.0418 | 0.9125 | 0.8745 | 0.8853 | 0.0454 | 0.8952 | 0.8592 | 0.8438
0461 | 06:53:06 |  45.9s | 1.0e-04 | 0.0445 | 0.9072 | 0.8576 | 0.8556 | 0.0460 | 0.8932 | 0.8441 | 0.8135
0462 | 06:54:14 |  18.6s | 1.0e-04 | 0.0456 | 0.9076 | 0.8621 | 0.8634 | 0.0470 | 0.8836 | 0.8531 | 0.8170
0510 | 06:54:12 |  52.8s | 1.0e-04 | 0.0425 | 0.9115 | 0.8737 | 0.8830 | 0.0451 | 0.8899 | 0.8549 | 0.8301
0463 | 06:54:54 |  41.5s | 1.0e-04 | 0.0460 | 0.9077 | 0.8627 | 0.8652 | 0.0479 | 0.8773 | 0.8613 | 0.8199
0511 | 06:55:22 |  18.4s | 1.0e-04 | 0.0433 | 0.9103 | 0.8719 | 0.8800 | 0.0452 | 0.8969 | 0.8565 | 0.8406
0464 | 06:55:55 |  19.7s | 1.0e-04 | 0.0463 | 0.9063 | 0.8625 | 0.8629 | 0.0469 | 0.8872 | 0.8573 | 0.8281
0512 | 06:56:03 |  58.9s | 1.0e-04 | 0.0434 | 0.9113 | 0.8741 | 0.8835 | 0.0450 | 0.8905 | 0.8530 | 0.8287
0465 | 06:56:31 |  38.2s | 1.0e-04 | 0.0462 | 0.9074 | 0.8645 | 0.8675 | 0.0478 | 0.8935 | 0.8506 | 0.8256
0513 | 06:57:20 |  21.8s | 1.0e-04 | 0.0433 | 0.9110 | 0.8734 | 0.8831 | 0.0455 | 0.9000 | 0.8519 | 0.8400
0466 | 06:57:32 |  19.9s | 1.0e-04 | 0.0453 | 0.9092 | 0.8687 | 0.8750 | 0.0472 | 0.8962 | 0.8400 | 0.8162
0514 | 06:57:58 |  47.3s | 1.0e-04 | 0.0423 | 0.9103 | 0.8714 | 0.8797 | 0.0445 | 0.8979 | 0.8509 | 0.8365
0467 | 06:58:08 |  43.0s | 1.0e-04 | 0.0451 | 0.9081 | 0.8641 | 0.8671 | 0.0468 | 0.8945 | 0.8439 | 0.8187
0515 | 06:59:05 |  26.5s | 1.0e-04 | 0.0425 | 0.9105 | 0.8708 | 0.8783 | 0.0449 | 0.8990 | 0.8619 | 0.8498
0468 | 06:59:12 |  24.9s | 1.0e-04 | 0.0455 | 0.9072 | 0.8625 | 0.8646 | 0.0467 | 0.9018 | 0.8274 | 0.8088
0469 | 06:59:56 |  37.0s | 1.0e-04 | 0.0465 | 0.9074 | 0.8637 | 0.8663 | 0.0467 | 0.8927 | 0.8449 | 0.8171
0516 | 06:59:50 |  53.2s | 1.0e-04 | 0.0427 | 0.9117 | 0.8735 | 0.8838 | 0.0444 | 0.8968 | 0.8465 | 0.8273
0470 | 07:00:51 |  18.3s | 1.0e-04 | 0.0467 | 0.9077 | 0.8653 | 0.8684 | 0.0473 | 0.8869 | 0.8518 | 0.8171
0517 | 07:01:06 |  16.8s | 1.0e-04 | 0.0424 | 0.9123 | 0.8755 | 0.8864 | 0.0455 | 0.8852 | 0.8628 | 0.8352
0471 | 07:01:29 |  41.0s | 1.0e-04 | 0.0457 | 0.9083 | 0.8648 | 0.8685 | 0.0477 | 0.8832 | 0.8570 | 0.8219
0518 | 07:01:41 |  50.8s | 1.0e-04 | 0.0424 | 0.9125 | 0.8752 | 0.8869 | 0.0451 | 0.8967 | 0.8580 | 0.8446
0472 | 07:02:29 |  16.2s | 1.0e-04 | 0.0453 | 0.9081 | 0.8635 | 0.8664 | 0.0468 | 0.9010 | 0.8328 | 0.8122
0519 | 07:02:52 |  18.8s | 1.0e-04 | 0.0426 | 0.9114 | 0.8761 | 0.8864 | 0.0451 | 0.8952 | 0.8527 | 0.8329
0473 | 07:03:06 |  42.5s | 1.0e-04 | 0.0451 | 0.9080 | 0.8628 | 0.8657 | 0.0462 | 0.9030 | 0.8366 | 0.8249
0520 | 07:03:31 |  43.5s | 1.0e-04 | 0.0426 | 0.9113 | 0.8732 | 0.8826 | 0.0455 | 0.8877 | 0.8676 | 0.8444
0474 | 07:04:08 |  18.2s | 1.0e-04 | 0.0454 | 0.9080 | 0.8636 | 0.8664 | 0.0475 | 0.9025 | 0.8400 | 0.8279
0521 | 07:04:32 |  30.6s | 1.0e-04 | 0.0433 | 0.9101 | 0.8714 | 0.8793 | 0.0452 | 0.8902 | 0.8646 | 0.8432
0475 | 07:04:44 |  43.0s | 1.0e-04 | 0.0451 | 0.9076 | 0.8639 | 0.8667 | 0.0474 | 0.8970 | 0.8374 | 0.8155
0522 | 07:05:19 |  43.3s | 1.0e-04 | 0.0426 | 0.9120 | 0.8755 | 0.8861 | 0.0446 | 0.8994 | 0.8469 | 0.8331
0476 | 07:05:45 |  22.6s | 1.0e-04 | 0.0452 | 0.9078 | 0.8639 | 0.8666 | 0.0468 | 0.8967 | 0.8355 | 0.8098
0523 | 07:06:24 |  26.5s | 1.0e-04 | 0.0428 | 0.9125 | 0.8760 | 0.8879 | 0.0447 | 0.8996 | 0.8441 | 0.8287
0477 | 07:06:30 |  37.8s | 1.0e-04 | 0.0444 | 0.9075 | 0.8622 | 0.8643 | 0.0467 | 0.8906 | 0.8442 | 0.8105
0478 | 07:07:27 |  22.6s | 1.0e-04 | 0.0444 | 0.9077 | 0.8619 | 0.8638 | 0.0474 | 0.8874 | 0.8548 | 0.8234
0524 | 07:07:10 |  43.3s | 1.0e-04 | 0.0421 | 0.9123 | 0.8748 | 0.8855 | 0.0449 | 0.8999 | 0.8501 | 0.8375
0479 | 07:08:17 |  28.6s | 1.0e-04 | 0.0466 | 0.9078 | 0.8665 | 0.8700 | 0.0466 | 0.8965 | 0.8358 | 0.8105
0525 | 07:08:20 |  31.4s | 1.0e-04 | 0.0425 | 0.9115 | 0.8745 | 0.8841 | 0.0451 | 0.8898 | 0.8663 | 0.8460
0526 | 07:09:15 |  20.8s | 1.0e-04 | 0.0425 | 0.9108 | 0.8713 | 0.8797 | 0.0449 | 0.9047 | 0.8481 | 0.8417
0480 | 07:09:05 |  35.2s | 1.0e-04 | 0.0465 | 0.9081 | 0.8659 | 0.8701 | 0.0471 | 0.8970 | 0.8437 | 0.8240
0481 | 07:10:01 |  29.9s | 1.0e-04 | 0.0446 | 0.9083 | 0.8623 | 0.8648 | 0.0469 | 0.8917 | 0.8443 | 0.8115
0527 | 07:09:54 |  49.0s | 1.0e-04 | 0.0422 | 0.9111 | 0.8723 | 0.8806 | 0.0447 | 0.9006 | 0.8536 | 0.8450
0482 | 07:10:50 |  31.3s | 1.0e-04 | 0.0440 | 0.9083 | 0.8618 | 0.8634 | 0.0476 | 0.8915 | 0.8447 | 0.8166
0528 | 07:11:04 |  16.9s | 1.0e-04 | 0.0424 | 0.9109 | 0.8711 | 0.8798 | 0.0440 | 0.9012 | 0.8511 | 0.8414
0483 | 07:11:43 |  29.5s | 1.0e-04 | 0.0451 | 0.9088 | 0.8659 | 0.8699 | 0.0466 | 0.8948 | 0.8336 | 0.8043
0529 | 07:11:43 |  42.9s | 1.0e-04 | 0.0427 | 0.9101 | 0.8714 | 0.8794 | 0.0445 | 0.8781 | 0.8672 | 0.8303
0484 | 07:12:30 |  31.2s | 1.0e-04 | 0.0448 | 0.9088 | 0.8657 | 0.8702 | 0.0473 | 0.8937 | 0.8462 | 0.8195
0530 | 07:12:46 |  16.7s | 1.0e-04 | 0.0435 | 0.9114 | 0.8747 | 0.8844 | 0.0447 | 0.8989 | 0.8573 | 0.8466
0485 | 07:13:22 |  29.1s | 1.0e-04 | 0.0450 | 0.9076 | 0.8627 | 0.8645 | 0.0472 | 0.8974 | 0.8411 | 0.8219
0531 | 07:13:23 |  39.3s | 1.0e-04 | 0.0431 | 0.9113 | 0.8742 | 0.8837 | 0.0448 | 0.8983 | 0.8575 | 0.8458
0532 | 07:14:24 |  16.5s | 1.0e-04 | 0.0410 | 0.9111 | 0.8716 | 0.8801 | 0.0447 | 0.9026 | 0.8433 | 0.8343
0486 | 07:14:10 |  31.5s | 1.0e-04 | 0.0450 | 0.9081 | 0.8633 | 0.8662 | 0.0466 | 0.8973 | 0.8352 | 0.8088
0487 | 07:15:03 |  27.5s | 1.0e-04 | 0.0459 | 0.9075 | 0.8631 | 0.8657 | 0.0464 | 0.8932 | 0.8483 | 0.8209
0533 | 07:15:01 |  42.1s | 1.0e-04 | 0.0413 | 0.9121 | 0.8729 | 0.8829 | 0.0448 | 0.8966 | 0.8548 | 0.8381
0488 | 07:15:48 |  30.0s | 1.0e-04 | 0.0456 | 0.9075 | 0.8644 | 0.8671 | 0.0468 | 0.8946 | 0.8412 | 0.8192
0534 | 07:16:03 |  18.3s | 1.0e-04 | 0.0428 | 0.9136 | 0.8779 | 0.8905 | 0.0447 | 0.8886 | 0.8599 | 0.8339
0489 | 07:16:35 |  28.2s | 1.0e-04 | 0.0452 | 0.9098 | 0.8687 | 0.8751 | 0.0470 | 0.8964 | 0.8461 | 0.8260
0535 | 07:16:41 |  42.0s | 1.0e-04 | 0.0425 | 0.9132 | 0.8778 | 0.8903 | 0.0448 | 0.8915 | 0.8584 | 0.8385
0490 | 07:17:23 |  31.3s | 1.0e-04 | 0.0456 | 0.9091 | 0.8681 | 0.8739 | 0.0464 | 0.8919 | 0.8485 | 0.8211
0536 | 07:17:42 |  18.9s | 1.0e-04 | 0.0429 | 0.9110 | 0.8737 | 0.8830 | 0.0450 | 0.8847 | 0.8656 | 0.8375
0491 | 07:18:13 |  28.5s | 1.0e-04 | 0.0454 | 0.9096 | 0.8659 | 0.8709 | 0.0467 | 0.8885 | 0.8523 | 0.8227
0537 | 07:18:20 |  44.8s | 1.0e-04 | 0.0432 | 0.9113 | 0.8742 | 0.8831 | 0.0441 | 0.9042 | 0.8458 | 0.8363
0492 | 07:19:03 |  31.4s | 1.0e-04 | 0.0451 | 0.9088 | 0.8666 | 0.8719 | 0.0462 | 0.8983 | 0.8434 | 0.8229
0538 | 07:19:21 |  19.5s | 1.0e-04 | 0.0433 | 0.9123 | 0.8768 | 0.8881 | 0.0445 | 0.8993 | 0.8518 | 0.8403
0493 | 07:19:53 |  29.4s | 1.0e-04 | 0.0452 | 0.9087 | 0.8664 | 0.8712 | 0.0467 | 0.8797 | 0.8565 | 0.8121
0539 | 07:19:59 |  43.4s | 1.0e-04 | 0.0429 | 0.9118 | 0.8776 | 0.8889 | 0.0440 | 0.8908 | 0.8555 | 0.8335
0494 | 07:20:42 |  34.1s | 1.0e-04 | 0.0453 | 0.9086 | 0.8664 | 0.8714 | 0.0473 | 0.9011 | 0.8279 | 0.8092
0540 | 07:21:01 |  20.1s | 1.0e-04 | 0.0424 | 0.9111 | 0.8756 | 0.8855 | 0.0455 | 0.9074 | 0.8473 | 0.8459
0495 | 07:21:35 |  24.1s | 1.0e-04 | 0.0452 | 0.9090 | 0.8656 | 0.8695 | 0.0466 | 0.8892 | 0.8441 | 0.8121
0541 | 07:21:42 |  50.3s | 1.0e-04 | 0.0426 | 0.9110 | 0.8737 | 0.8827 | 0.0442 | 0.8948 | 0.8611 | 0.8458
0496 | 07:22:18 |  50.2s | 1.0e-04 | 0.0441 | 0.9089 | 0.8641 | 0.8678 | 0.0468 | 0.9001 | 0.8310 | 0.8110
0542 | 07:22:50 |  20.3s | 1.0e-04 | 0.0426 | 0.9120 | 0.8755 | 0.8860 | 0.0443 | 0.9014 | 0.8468 | 0.8367
0497 | 07:23:27 |  22.1s | 1.0e-04 | 0.0444 | 0.9064 | 0.8602 | 0.8593 | 0.0470 | 0.8985 | 0.8441 | 0.8292
0543 | 07:23:30 |  57.6s | 1.0e-04 | 0.0424 | 0.9117 | 0.8734 | 0.8832 | 0.0447 | 0.8984 | 0.8531 | 0.8409
0498 | 07:24:06 |  39.5s | 1.0e-04 | 0.0450 | 0.9073 | 0.8616 | 0.8625 | 0.0461 | 0.8954 | 0.8417 | 0.8177
0544 | 07:24:45 |  15.2s | 1.0e-04 | 0.0413 | 0.9121 | 0.8728 | 0.8826 | 0.0443 | 0.9028 | 0.8498 | 0.8426
0499 | 07:25:04 |  17.3s | 1.0e-04 | 0.0457 | 0.9077 | 0.8635 | 0.8653 | 0.0466 | 0.9024 | 0.8413 | 0.8281
0545 | 07:25:21 |  44.2s | 1.0e-04 | 0.0419 | 0.9118 | 0.8739 | 0.8838 | 0.0447 | 0.9051 | 0.8426 | 0.8385
0500 | 07:25:37 |  42.0s | 1.0e-04 | 0.0446 | 0.9075 | 0.8631 | 0.8656 | 0.0458 | 0.9037 | 0.8430 | 0.8304
0546 | 07:26:24 |  17.5s | 1.0e-04 | 0.0423 | 0.9112 | 0.8739 | 0.8835 | 0.0445 | 0.8945 | 0.8595 | 0.8425
0501 | 07:26:40 |  16.9s | 1.0e-04 | 0.0446 | 0.9081 | 0.8636 | 0.8664 | 0.0469 | 0.9041 | 0.8421 | 0.8346
0547 | 07:26:59 |  37.9s | 1.0e-04 | 0.0416 | 0.9128 | 0.8761 | 0.8873 | 0.0448 | 0.8895 | 0.8558 | 0.8321
0502 | 07:27:15 |  44.2s | 1.0e-04 | 0.0445 | 0.9076 | 0.8637 | 0.8662 | 0.0473 | 0.8930 | 0.8466 | 0.8220
0548 | 07:27:54 |  17.5s | 1.0e-04 | 0.0410 | 0.9139 | 0.8773 | 0.8902 | 0.0444 | 0.8896 | 0.8540 | 0.8285
0503 | 07:28:16 |  18.3s | 1.0e-04 | 0.0428 | 0.9090 | 0.8629 | 0.8662 | 0.0465 | 0.9046 | 0.8275 | 0.8108
0549 | 07:28:32 |  40.1s | 1.0e-04 | 0.0413 | 0.9117 | 0.8731 | 0.8822 | 0.0437 | 0.8953 | 0.8544 | 0.8376
0504 | 07:28:53 |  39.6s | 1.0e-04 | 0.0444 | 0.9079 | 0.8618 | 0.8624 | 0.0466 | 0.8909 | 0.8540 | 0.8291
0550 | 07:29:28 |  17.1s | 1.0e-04 | 0.0414 | 0.9116 | 0.8737 | 0.8835 | 0.0435 | 0.8901 | 0.8581 | 0.8367
0505 | 07:29:51 |  19.0s | 1.0e-04 | 0.0450 | 0.9087 | 0.8644 | 0.8681 | 0.0465 | 0.8882 | 0.8570 | 0.8295
0551 | 07:30:06 |  41.8s | 1.0e-04 | 0.0410 | 0.9113 | 0.8727 | 0.8823 | 0.0440 | 0.9025 | 0.8519 | 0.8401
0506 | 07:30:28 |  42.1s | 1.0e-04 | 0.0449 | 0.9088 | 0.8673 | 0.8727 | 0.0464 | 0.8968 | 0.8376 | 0.8114
0552 | 07:31:03 |  18.7s | 1.0e-04 | 0.0414 | 0.9118 | 0.8724 | 0.8820 | 0.0445 | 0.8911 | 0.8639 | 0.8442
0507 | 07:31:27 |  19.0s | 1.0e-04 | 0.0454 | 0.9092 | 0.8676 | 0.8732 | 0.0467 | 0.9081 | 0.8322 | 0.8277
0553 | 07:31:43 |  57.0s | 1.0e-04 | 0.0428 | 0.9121 | 0.8762 | 0.8868 | 0.0447 | 0.8943 | 0.8582 | 0.8422
0508 | 07:32:03 |  45.9s | 1.0e-04 | 0.0443 | 0.9109 | 0.8702 | 0.8781 | 0.0469 | 0.8879 | 0.8525 | 0.8225
0554 | 07:32:57 |  20.4s | 1.0e-04 | 0.0433 | 0.9121 | 0.8765 | 0.8872 | 0.0448 | 0.8928 | 0.8589 | 0.8391
0509 | 07:33:09 |  19.0s | 1.0e-04 | 0.0441 | 0.9099 | 0.8677 | 0.8740 | 0.0470 | 0.9049 | 0.8362 | 0.8268
0555 | 07:33:35 |  44.4s | 1.0e-04 | 0.0422 | 0.9123 | 0.8771 | 0.8887 | 0.0448 | 0.9041 | 0.8517 | 0.8467
0510 | 07:33:44 |  41.4s | 1.0e-04 | 0.0442 | 0.9089 | 0.8647 | 0.8685 | 0.0466 | 0.8991 | 0.8407 | 0.8215
0556 | 07:34:38 |  20.3s | 1.0e-04 | 0.0416 | 0.9130 | 0.8769 | 0.8891 | 0.0442 | 0.8916 | 0.8541 | 0.8299
0511 | 07:34:51 |  18.8s | 1.0e-04 | 0.0447 | 0.9090 | 0.8646 | 0.8688 | 0.0467 | 0.9026 | 0.8356 | 0.8230
0557 | 07:35:16 |  38.4s | 1.0e-04 | 0.0433 | 0.9121 | 0.8773 | 0.8885 | 0.0439 | 0.8888 | 0.8676 | 0.8454
0512 | 07:35:29 |  48.8s | 1.0e-04 | 0.0451 | 0.9097 | 0.8683 | 0.8743 | 0.0467 | 0.8928 | 0.8447 | 0.8177
0558 | 07:36:10 |  19.0s | 1.0e-04 | 0.0433 | 0.9125 | 0.8777 | 0.8891 | 0.0441 | 0.8950 | 0.8591 | 0.8433
0513 | 07:36:37 |  17.9s | 1.0e-04 | 0.0445 | 0.9105 | 0.8695 | 0.8767 | 0.0470 | 0.8868 | 0.8500 | 0.8155
0559 | 07:36:50 |  44.6s | 1.0e-04 | 0.0416 | 0.9127 | 0.8749 | 0.8861 | 0.0448 | 0.9037 | 0.8517 | 0.8445
0514 | 07:37:14 |  46.4s | 1.0e-04 | 0.0446 | 0.9100 | 0.8709 | 0.8783 | 0.0466 | 0.8823 | 0.8505 | 0.8105
0560 | 07:37:54 |  18.5s | 1.0e-04 | 0.0412 | 0.9126 | 0.8739 | 0.8841 | 0.0443 | 0.8917 | 0.8631 | 0.8453
0515 | 07:38:19 |  17.5s | 1.0e-04 | 0.0446 | 0.9102 | 0.8697 | 0.8769 | 0.0463 | 0.8900 | 0.8474 | 0.8174
0561 | 07:38:33 |  39.3s | 1.0e-04 | 0.0410 | 0.9137 | 0.8771 | 0.8893 | 0.0448 | 0.9056 | 0.8448 | 0.8401
0516 | 07:38:53 |  41.6s | 1.0e-04 | 0.0440 | 0.9093 | 0.8683 | 0.8746 | 0.0468 | 0.8766 | 0.8579 | 0.8130
0562 | 07:39:31 |  28.2s | 1.0e-04 | 0.0414 | 0.9134 | 0.8777 | 0.8900 | 0.0449 | 0.9061 | 0.8488 | 0.8434
0517 | 07:39:53 |  15.1s | 1.0e-04 | 0.0438 | 0.9104 | 0.8683 | 0.8760 | 0.0459 | 0.8839 | 0.8472 | 0.8066
0563 | 07:40:17 |  33.7s | 1.0e-04 | 0.0417 | 0.9121 | 0.8743 | 0.8848 | 0.0443 | 0.8948 | 0.8549 | 0.8355
0518 | 07:40:27 |  44.0s | 1.0e-04 | 0.0450 | 0.9101 | 0.8698 | 0.8771 | 0.0459 | 0.8952 | 0.8432 | 0.8192
0564 | 07:41:09 |  27.3s | 1.0e-04 | 0.0419 | 0.9119 | 0.8726 | 0.8820 | 0.0439 | 0.8959 | 0.8539 | 0.8381
0519 | 07:41:29 |  15.4s | 1.0e-04 | 0.0447 | 0.9101 | 0.8698 | 0.8770 | 0.0468 | 0.8831 | 0.8581 | 0.8214
0565 | 07:41:57 |  36.8s | 1.0e-04 | 0.0411 | 0.9123 | 0.8743 | 0.8846 | 0.0445 | 0.8961 | 0.8556 | 0.8423
0520 | 07:42:05 |  30.2s | 1.0e-04 | 0.0451 | 0.9090 | 0.8701 | 0.8765 | 0.0466 | 0.8841 | 0.8547 | 0.8206
0566 | 07:42:54 |  37.1s | 1.0e-04 | 0.0414 | 0.9123 | 0.8741 | 0.8845 | 0.0446 | 0.8965 | 0.8488 | 0.8317
0521 | 07:42:55 |  43.3s | 1.0e-04 | 0.0454 | 0.9095 | 0.8693 | 0.8759 | 0.0464 | 0.8929 | 0.8487 | 0.8254
0567 | 07:43:53 |  21.6s | 1.0e-04 | 0.0420 | 0.9131 | 0.8758 | 0.8874 | 0.0436 | 0.8894 | 0.8645 | 0.8410
0522 | 07:44:01 |  31.4s | 1.0e-04 | 0.0442 | 0.9076 | 0.8635 | 0.8657 | 0.0456 | 0.8956 | 0.8365 | 0.8068
0568 | 07:44:35 |  44.0s | 1.0e-04 | 0.0418 | 0.9129 | 0.8759 | 0.8868 | 0.0442 | 0.8989 | 0.8507 | 0.8388
0523 | 07:44:51 |  30.2s | 1.0e-04 | 0.0441 | 0.9076 | 0.8651 | 0.8678 | 0.0465 | 0.8838 | 0.8568 | 0.8200
0569 | 07:45:38 |  19.7s | 1.0e-04 | 0.0403 | 0.9139 | 0.8784 | 0.8915 | 0.0443 | 0.8898 | 0.8572 | 0.8326
0524 | 07:45:41 |  29.7s | 1.0e-04 | 0.0453 | 0.9087 | 0.8674 | 0.8729 | 0.0457 | 0.8958 | 0.8425 | 0.8191
0570 | 07:46:15 |  41.4s | 1.0e-04 | 0.0405 | 0.9148 | 0.8778 | 0.8910 | 0.0448 | 0.8874 | 0.8596 | 0.8327
0525 | 07:46:30 |  35.5s | 1.0e-04 | 0.0454 | 0.9087 | 0.8682 | 0.8736 | 0.0466 | 0.8857 | 0.8580 | 0.8286
0571 | 07:47:14 |  20.5s | 1.0e-04 | 0.0408 | 0.9129 | 0.8753 | 0.8869 | 0.0453 | 0.8865 | 0.8692 | 0.8445
0526 | 07:47:26 |  30.3s | 1.0e-04 | 0.0457 | 0.9092 | 0.8696 | 0.8758 | 0.0464 | 0.8988 | 0.8425 | 0.8237
0572 | 07:47:55 |  39.5s | 1.0e-04 | 0.0409 | 0.9130 | 0.8755 | 0.8863 | 0.0443 | 0.9038 | 0.8463 | 0.8382
0527 | 07:48:14 |  34.1s | 1.0e-04 | 0.0451 | 0.9103 | 0.8690 | 0.8763 | 0.0461 | 0.8964 | 0.8437 | 0.8186
0573 | 07:48:51 |  17.7s | 1.0e-04 | 0.0422 | 0.9116 | 0.8738 | 0.8831 | 0.0435 | 0.8941 | 0.8529 | 0.8367
0528 | 07:49:07 |  33.7s | 1.0e-04 | 0.0425 | 0.9102 | 0.8663 | 0.8720 | 0.0463 | 0.8937 | 0.8431 | 0.8168
0574 | 07:49:29 |  45.5s | 1.0e-04 | 0.0419 | 0.9117 | 0.8738 | 0.8839 | 0.0441 | 0.8891 | 0.8707 | 0.8501
0529 | 07:49:59 |  31.4s | 1.0e-04 | 0.0427 | 0.9098 | 0.8664 | 0.8717 | 0.0462 | 0.9017 | 0.8388 | 0.8245
0575 | 07:50:33 |  16.8s | 1.0e-04 | 0.0412 | 0.9118 | 0.8744 | 0.8842 | 0.0441 | 0.8945 | 0.8653 | 0.8498
0530 | 07:50:51 |  38.1s | 1.0e-04 | 0.0456 | 0.9080 | 0.8664 | 0.8699 | 0.0460 | 0.8999 | 0.8422 | 0.8243
0576 | 07:51:08 |  51.3s | 1.0e-04 | 0.0410 | 0.9130 | 0.8737 | 0.8844 | 0.0442 | 0.9026 | 0.8446 | 0.8337
0531 | 07:51:45 |  33.9s | 1.0e-04 | 0.0450 | 0.9086 | 0.8675 | 0.8724 | 0.0460 | 0.8892 | 0.8527 | 0.8234
0577 | 07:52:20 |  16.0s | 1.0e-04 | 0.0406 | 0.9132 | 0.8753 | 0.8866 | 0.0444 | 0.8971 | 0.8561 | 0.8416
0532 | 07:52:39 |  35.5s | 1.0e-04 | 0.0441 | 0.9085 | 0.8643 | 0.8679 | 0.0463 | 0.8994 | 0.8430 | 0.8254
0578 | 07:52:54 |  50.3s | 1.0e-04 | 0.0409 | 0.9133 | 0.8757 | 0.8872 | 0.0443 | 0.8856 | 0.8637 | 0.8354
0533 | 07:53:31 |  37.9s | 1.0e-04 | 0.0437 | 0.9086 | 0.8644 | 0.8681 | 0.0463 | 0.8937 | 0.8514 | 0.8299
0579 | 07:54:04 |  17.2s | 1.0e-04 | 0.0423 | 0.9133 | 0.8766 | 0.8890 | 0.0436 | 0.8892 | 0.8590 | 0.8329
0534 | 07:54:25 |  34.8s | 1.0e-04 | 0.0438 | 0.9094 | 0.8665 | 0.8718 | 0.0462 | 0.8923 | 0.8511 | 0.8275
0580 | 07:54:44 |  50.1s | 1.0e-04 | 0.0417 | 0.9137 | 0.8785 | 0.8917 | 0.0446 | 0.8967 | 0.8607 | 0.8462
0535 | 07:55:18 |  26.8s | 1.0e-04 | 0.0440 | 0.9100 | 0.8680 | 0.8745 | 0.0465 | 0.8844 | 0.8614 | 0.8304
0581 | 07:55:51 |  17.6s | 1.0e-04 | 0.0409 | 0.9151 | 0.8809 | 0.8952 | 0.0447 | 0.9009 | 0.8508 | 0.8404
0536 | 07:56:06 |  31.0s | 1.0e-04 | 0.0442 | 0.9100 | 0.8696 | 0.8770 | 0.0458 | 0.8937 | 0.8398 | 0.8130
0582 | 07:56:27 |  47.8s | 1.0e-04 | 0.0408 | 0.9142 | 0.8794 | 0.8928 | 0.0445 | 0.8938 | 0.8576 | 0.8413
0537 | 07:56:55 |  43.7s | 1.0e-04 | 0.0439 | 0.9101 | 0.8681 | 0.8743 | 0.0461 | 0.9038 | 0.8465 | 0.8372
0583 | 07:57:33 |  15.3s | 1.0e-04 | 0.0408 | 0.9135 | 0.8754 | 0.8874 | 0.0444 | 0.8997 | 0.8498 | 0.8367
0538 | 07:57:58 |  21.7s | 1.0e-04 | 0.0446 | 0.9084 | 0.8679 | 0.8727 | 0.0455 | 0.8878 | 0.8522 | 0.8214
0584 | 07:58:10 |  43.3s | 1.0e-04 | 0.0401 | 0.9142 | 0.8763 | 0.8892 | 0.0449 | 0.9024 | 0.8558 | 0.8495
0539 | 07:58:38 |  39.9s | 1.0e-04 | 0.0449 | 0.9096 | 0.8686 | 0.8746 | 0.0463 | 0.8972 | 0.8484 | 0.8313
0585 | 07:59:10 |  16.0s | 1.0e-04 | 0.0400 | 0.9130 | 0.8747 | 0.8856 | 0.0441 | 0.8990 | 0.8551 | 0.8447
0540 | 07:59:38 |  22.8s | 1.0e-04 | 0.0443 | 0.9094 | 0.8687 | 0.8744 | 0.0457 | 0.8888 | 0.8520 | 0.8219
0586 | 07:59:47 |  46.3s | 1.0e-04 | 0.0415 | 0.9127 | 0.8755 | 0.8868 | 0.0441 | 0.8868 | 0.8685 | 0.8444
0541 | 08:00:19 |  45.5s | 1.0e-04 | 0.0438 | 0.9095 | 0.8674 | 0.8743 | 0.0460 | 0.9038 | 0.8366 | 0.8229
0587 | 08:00:52 |  16.0s | 1.0e-04 | 0.0431 | 0.9120 | 0.8775 | 0.8883 | 0.0437 | 0.8949 | 0.8683 | 0.8553
0542 | 08:01:24 |  22.2s | 1.0e-04 | 0.0442 | 0.9098 | 0.8689 | 0.8757 | 0.0467 | 0.8920 | 0.8584 | 0.8353
0588 | 08:01:30 |  50.5s | 1.0e-04 | 0.0424 | 0.9132 | 0.8785 | 0.8910 | 0.0437 | 0.8948 | 0.8605 | 0.8453
0543 | 08:02:06 |  46.5s | 1.0e-04 | 0.0442 | 0.9083 | 0.8662 | 0.8701 | 0.0456 | 0.9024 | 0.8411 | 0.8292
0589 | 08:02:40 |  17.3s | 1.0e-04 | 0.0421 | 0.9136 | 0.8793 | 0.8920 | 0.0438 | 0.8952 | 0.8613 | 0.8444
0544 | 08:03:12 |  21.9s | 1.0e-04 | 0.0433 | 0.9072 | 0.8605 | 0.8612 | 0.0451 | 0.9037 | 0.8319 | 0.8158
0590 | 08:03:20 |  46.8s | 1.0e-04 | 0.0416 | 0.9140 | 0.8797 | 0.8933 | 0.0438 | 0.8875 | 0.8604 | 0.8325
0545 | 08:03:51 |  43.7s | 1.0e-04 | 0.0442 | 0.9070 | 0.8616 | 0.8623 | 0.0456 | 0.8969 | 0.8538 | 0.8389
0591 | 08:04:24 |  17.7s | 1.0e-04 | 0.0409 | 0.9153 | 0.8803 | 0.8956 | 0.0443 | 0.8955 | 0.8609 | 0.8463
0546 | 08:04:56 |  21.0s | 1.0e-04 | 0.0452 | 0.9080 | 0.8665 | 0.8706 | 0.0446 | 0.8961 | 0.8449 | 0.8244
0592 | 08:05:05 |  47.5s | 1.0e-04 | 0.0411 | 0.9142 | 0.8781 | 0.8912 | 0.0435 | 0.9035 | 0.8504 | 0.8439
0547 | 08:05:35 |  46.7s | 1.0e-04 | 0.0435 | 0.9089 | 0.8650 | 0.8686 | 0.0463 | 0.8963 | 0.8515 | 0.8337
0593 | 08:06:10 |  18.5s | 1.0e-04 | 0.0412 | 0.9135 | 0.8777 | 0.8902 | 0.0432 | 0.8921 | 0.8600 | 0.8380
0548 | 08:06:41 |  20.4s | 1.0e-04 | 0.0427 | 0.9093 | 0.8631 | 0.8667 | 0.0462 | 0.8922 | 0.8550 | 0.8299
0594 | 08:06:52 |  56.3s | 1.0e-04 | 0.0412 | 0.9133 | 0.8776 | 0.8901 | 0.0436 | 0.8990 | 0.8561 | 0.8447
0549 | 08:07:18 |  41.6s | 1.0e-04 | 0.0437 | 0.9105 | 0.8698 | 0.8770 | 0.0461 | 0.8928 | 0.8546 | 0.8337
0595 | 08:08:08 |  21.1s | 1.0e-04 | 0.0417 | 0.9123 | 0.8757 | 0.8866 | 0.0440 | 0.9022 | 0.8603 | 0.8578
0550 | 08:08:21 |  19.1s | 1.0e-04 | 0.0439 | 0.9107 | 0.8721 | 0.8811 | 0.0467 | 0.8918 | 0.8495 | 0.8235
0596 | 08:08:47 |  45.9s | 1.0e-04 | 0.0422 | 0.9138 | 0.8797 | 0.8929 | 0.0440 | 0.8995 | 0.8557 | 0.8428
0551 | 08:08:59 |  45.7s | 1.0e-04 | 0.0449 | 0.9082 | 0.8688 | 0.8749 | 0.0452 | 0.9009 | 0.8391 | 0.8241
0597 | 08:09:50 |  18.6s | 1.0e-04 | 0.0424 | 0.9144 | 0.8802 | 0.8940 | 0.0443 | 0.9006 | 0.8586 | 0.8511
0552 | 08:10:05 |  17.2s | 1.0e-04 | 0.0455 | 0.9078 | 0.8685 | 0.8735 | 0.0453 | 0.8873 | 0.8567 | 0.8302
0598 | 08:10:26 |  48.9s | 1.0e-04 | 0.0414 | 0.9136 | 0.8771 | 0.8894 | 0.0435 | 0.8886 | 0.8652 | 0.8429
0553 | 08:10:40 |  44.9s | 1.0e-04 | 0.0438 | 0.9091 | 0.8681 | 0.8742 | 0.0454 | 0.8970 | 0.8451 | 0.8251
0599 | 08:11:34 |  21.6s | 1.0e-04 | 0.0410 | 0.9131 | 0.8777 | 0.8894 | 0.0434 | 0.8928 | 0.8607 | 0.8423
0554 | 08:11:46 |  20.0s | 1.0e-04 | 0.0435 | 0.9095 | 0.8679 | 0.8741 | 0.0460 | 0.8959 | 0.8535 | 0.8387
0600 | 08:12:14 |  45.9s | 1.0e-04 | 0.0406 | 0.9153 | 0.8814 | 0.8964 | 0.0442 | 0.8961 | 0.8606 | 0.8461
0555 | 08:12:24 |  44.3s | 1.0e-04 | 0.0427 | 0.9118 | 0.8712 | 0.8799 | 0.0464 | 0.8988 | 0.8358 | 0.8146
0601 | 08:13:19 |  22.0s | 1.0e-04 | 0.0407 | 0.9154 | 0.8832 | 0.8984 | 0.0437 | 0.8918 | 0.8646 | 0.8444
0556 | 08:13:30 |  20.3s | 1.0e-04 | 0.0422 | 0.9124 | 0.8731 | 0.8837 | 0.0457 | 0.9031 | 0.8317 | 0.8156
0602 | 08:13:59 |  47.8s | 1.0e-04 | 0.0421 | 0.9125 | 0.8764 | 0.8882 | 0.0434 | 0.9014 | 0.8622 | 0.8551
0557 | 08:14:08 |  48.4s | 1.0e-04 | 0.0433 | 0.9098 | 0.8693 | 0.8763 | 0.0457 | 0.8989 | 0.8521 | 0.8356
0603 | 08:15:06 |  20.3s | 1.0e-04 | 0.0425 | 0.9127 | 0.8772 | 0.8891 | 0.0442 | 0.8956 | 0.8688 | 0.8579
0558 | 08:15:19 |  19.5s | 1.0e-04 | 0.0438 | 0.9107 | 0.8686 | 0.8765 | 0.0455 | 0.8958 | 0.8456 | 0.8232
0604 | 08:15:48 |  35.4s | 1.0e-04 | 0.0400 | 0.9164 | 0.8831 | 0.8992 | 0.0448 | 0.8830 | 0.8700 | 0.8406
0559 | 08:15:57 |  47.8s | 1.0e-04 | 0.0427 | 0.9105 | 0.8694 | 0.8762 | 0.0459 | 0.8987 | 0.8417 | 0.8250
0605 | 08:16:42 |  35.0s | 1.0e-04 | 0.0400 | 0.9166 | 0.8828 | 0.8994 | 0.0441 | 0.8927 | 0.8649 | 0.8465
0560 | 08:17:03 |  15.5s | 1.0e-04 | 0.0427 | 0.9095 | 0.8674 | 0.8723 | 0.0458 | 0.8857 | 0.8557 | 0.8257
0606 | 08:17:37 |  31.3s | 1.0e-04 | 0.0414 | 0.9137 | 0.8772 | 0.8902 | 0.0432 | 0.9115 | 0.8400 | 0.8429
0561 | 08:17:40 |  41.3s | 1.0e-04 | 0.0421 | 0.9086 | 0.8632 | 0.8669 | 0.0458 | 0.8874 | 0.8548 | 0.8248
0607 | 08:18:26 |  32.3s | 1.0e-04 | 0.0416 | 0.9132 | 0.8767 | 0.8890 | 0.0437 | 0.9035 | 0.8568 | 0.8523
0562 | 08:18:42 |  30.2s | 1.0e-04 | 0.0419 | 0.9092 | 0.8631 | 0.8657 | 0.0459 | 0.8917 | 0.8528 | 0.8291
0608 | 08:19:16 |  17.1s | 1.0e-04 | 0.0416 | 0.9123 | 0.8763 | 0.8872 | 0.0439 | 0.8887 | 0.8667 | 0.8459
0563 | 08:19:34 |  36.6s | 1.0e-04 | 0.0447 | 0.9101 | 0.8715 | 0.8795 | 0.0455 | 0.8846 | 0.8543 | 0.8211
0609 | 08:19:51 |  48.8s | 1.0e-04 | 0.0416 | 0.9130 | 0.8764 | 0.8881 | 0.0439 | 0.9040 | 0.8549 | 0.8529
0564 | 08:20:32 |  32.6s | 1.0e-04 | 0.0451 | 0.9105 | 0.8738 | 0.8826 | 0.0455 | 0.8912 | 0.8534 | 0.8293
0610 | 08:21:00 |  15.7s | 1.0e-04 | 0.0424 | 0.9147 | 0.8809 | 0.8952 | 0.0435 | 0.9000 | 0.8578 | 0.8482
0565 | 08:21:23 |  34.4s | 1.0e-04 | 0.0440 | 0.9098 | 0.8682 | 0.8750 | 0.0450 | 0.8866 | 0.8596 | 0.8290
0611 | 08:21:35 |  55.0s | 1.0e-04 | 0.0422 | 0.9143 | 0.8803 | 0.8942 | 0.0431 | 0.8943 | 0.8645 | 0.8503
0566 | 08:22:16 |  31.5s | 1.0e-04 | 0.0439 | 0.9100 | 0.8701 | 0.8770 | 0.0457 | 0.8870 | 0.8536 | 0.8242
0612 | 08:22:51 |  16.6s | 1.0e-04 | 0.0418 | 0.9133 | 0.8774 | 0.8893 | 0.0435 | 0.8973 | 0.8595 | 0.8469
0567 | 08:23:08 |  36.7s | 1.0e-04 | 0.0439 | 0.9104 | 0.8720 | 0.8799 | 0.0460 | 0.8864 | 0.8624 | 0.8358
0613 | 08:23:26 |  50.8s | 1.0e-04 | 0.0415 | 0.9135 | 0.8782 | 0.8903 | 0.0440 | 0.8915 | 0.8703 | 0.8520
0568 | 08:24:04 |  32.3s | 1.0e-04 | 0.0436 | 0.9110 | 0.8706 | 0.8788 | 0.0453 | 0.8941 | 0.8454 | 0.8189
0614 | 08:24:39 |  15.9s | 1.0e-04 | 0.0416 | 0.9149 | 0.8815 | 0.8963 | 0.0435 | 0.8946 | 0.8650 | 0.8488
0569 | 08:24:57 |  33.5s | 1.0e-04 | 0.0431 | 0.9102 | 0.8697 | 0.8770 | 0.0450 | 0.8981 | 0.8464 | 0.8311
0615 | 08:25:12 |  54.0s | 1.0e-04 | 0.0417 | 0.9151 | 0.8817 | 0.8967 | 0.0437 | 0.8964 | 0.8577 | 0.8414
0570 | 08:25:52 |  31.8s | 1.0e-04 | 0.0432 | 0.9104 | 0.8703 | 0.8785 | 0.0454 | 0.8941 | 0.8470 | 0.8237
0616 | 08:26:26 |  16.6s | 1.0e-04 | 0.0415 | 0.9152 | 0.8840 | 0.9000 | 0.0436 | 0.8920 | 0.8614 | 0.8412
0571 | 08:26:45 |  35.6s | 1.0e-04 | 0.0421 | 0.9113 | 0.8710 | 0.8793 | 0.0453 | 0.8949 | 0.8438 | 0.8177
0617 | 08:27:00 |  49.9s | 1.0e-04 | 0.0415 | 0.9141 | 0.8796 | 0.8936 | 0.0429 | 0.9012 | 0.8554 | 0.8446
0572 | 08:27:39 |  32.9s | 1.0e-04 | 0.0423 | 0.9106 | 0.8711 | 0.8795 | 0.0454 | 0.8886 | 0.8492 | 0.8177
0618 | 08:28:09 |  16.5s | 1.0e-04 | 0.0402 | 0.9121 | 0.8725 | 0.8825 | 0.0434 | 0.8904 | 0.8656 | 0.8447
0573 | 08:28:31 |  33.7s | 1.0e-04 | 0.0430 | 0.9119 | 0.8712 | 0.8801 | 0.0464 | 0.8872 | 0.8636 | 0.8364
0619 | 08:28:43 |  50.6s | 1.0e-04 | 0.0407 | 0.9124 | 0.8732 | 0.8827 | 0.0436 | 0.9044 | 0.8470 | 0.8403
0574 | 08:29:22 |  43.5s | 1.0e-04 | 0.0422 | 0.9114 | 0.8727 | 0.8818 | 0.0458 | 0.8965 | 0.8478 | 0.8272
0620 | 08:29:52 |  19.4s | 1.0e-04 | 0.0402 | 0.9143 | 0.8766 | 0.8893 | 0.0439 | 0.8982 | 0.8650 | 0.8556
0575 | 08:30:25 |  31.3s | 1.0e-04 | 0.0425 | 0.9123 | 0.8708 | 0.8796 | 0.0457 | 0.9023 | 0.8420 | 0.8293
0621 | 08:30:31 |  40.1s | 1.0e-04 | 0.0405 | 0.9137 | 0.8777 | 0.8905 | 0.0427 | 0.8882 | 0.8659 | 0.8418
0622 | 08:31:29 |  18.1s | 1.0e-04 | 0.0415 | 0.9139 | 0.8772 | 0.8896 | 0.0432 | 0.8932 | 0.8661 | 0.8494
0576 | 08:31:15 |  33.2s | 1.0e-04 | 0.0430 | 0.9110 | 0.8711 | 0.8792 | 0.0453 | 0.8966 | 0.8499 | 0.8327
0577 | 08:32:09 |  27.4s | 1.0e-04 | 0.0432 | 0.9096 | 0.8692 | 0.8756 | 0.0454 | 0.8919 | 0.8500 | 0.8227
0623 | 08:32:08 |  37.9s | 1.0e-04 | 0.0413 | 0.9134 | 0.8775 | 0.8900 | 0.0435 | 0.9116 | 0.8524 | 0.8594
0624 | 08:33:07 |  18.4s | 1.0e-04 | 0.0410 | 0.9135 | 0.8773 | 0.8900 | 0.0434 | 0.8986 | 0.8659 | 0.8571
0578 | 08:32:55 |  32.4s | 1.0e-04 | 0.0431 | 0.9102 | 0.8698 | 0.8772 | 0.0454 | 0.8855 | 0.8620 | 0.8322
0579 | 08:33:50 |  19.7s | 1.0e-04 | 0.0430 | 0.9106 | 0.8727 | 0.8819 | 0.0466 | 0.8933 | 0.8531 | 0.8328
0625 | 08:33:48 |  54.7s | 1.0e-04 | 0.0418 | 0.9137 | 0.8782 | 0.8913 | 0.0440 | 0.9026 | 0.8577 | 0.8509
0580 | 08:34:28 |  39.0s | 1.0e-04 | 0.0439 | 0.9087 | 0.8671 | 0.8721 | 0.0452 | 0.9000 | 0.8544 | 0.8449
0626 | 08:35:02 |  15.7s | 1.0e-04 | 0.0417 | 0.9149 | 0.8813 | 0.8956 | 0.0430 | 0.8937 | 0.8597 | 0.8404
0581 | 08:35:27 |  22.2s | 1.0e-04 | 0.0432 | 0.9072 | 0.8618 | 0.8626 | 0.0446 | 0.9029 | 0.8423 | 0.8307
0627 | 08:35:38 |  46.0s | 1.0e-04 | 0.0407 | 0.9152 | 0.8804 | 0.8949 | 0.0434 | 0.8972 | 0.8570 | 0.8445
0582 | 08:36:10 |  42.9s | 1.0e-04 | 0.0429 | 0.9097 | 0.8661 | 0.8711 | 0.0454 | 0.8951 | 0.8492 | 0.8296
0628 | 08:36:43 |  16.4s | 1.0e-04 | 0.0402 | 0.9155 | 0.8802 | 0.8947 | 0.0437 | 0.9001 | 0.8587 | 0.8489
0583 | 08:37:11 |  22.3s | 1.0e-04 | 0.0427 | 0.9103 | 0.8704 | 0.8779 | 0.0455 | 0.9028 | 0.8456 | 0.8367
0629 | 08:37:21 |  48.8s | 1.0e-04 | 0.0403 | 0.9145 | 0.8764 | 0.8890 | 0.0437 | 0.9059 | 0.8563 | 0.8553
0584 | 08:37:52 |  40.2s | 1.0e-04 | 0.0425 | 0.9110 | 0.8716 | 0.8797 | 0.0453 | 0.8936 | 0.8494 | 0.8258
0630 | 08:38:28 |  17.2s | 1.0e-04 | 0.0400 | 0.9136 | 0.8748 | 0.8863 | 0.0437 | 0.9063 | 0.8598 | 0.8622
0585 | 08:38:51 |  18.4s | 1.0e-04 | 0.0426 | 0.9124 | 0.8751 | 0.8858 | 0.0460 | 0.8931 | 0.8511 | 0.8292
0631 | 08:39:06 |  41.3s | 1.0e-04 | 0.0397 | 0.9156 | 0.8789 | 0.8936 | 0.0435 | 0.8923 | 0.8673 | 0.8503
0586 | 08:39:31 |  39.0s | 1.0e-04 | 0.0427 | 0.9091 | 0.8699 | 0.8766 | 0.0454 | 0.8781 | 0.8674 | 0.8315
0632 | 08:40:05 |  17.3s | 1.0e-04 | 0.0403 | 0.9155 | 0.8807 | 0.8952 | 0.0433 | 0.8905 | 0.8608 | 0.8379
0587 | 08:40:29 |  19.5s | 1.0e-04 | 0.0427 | 0.9088 | 0.8653 | 0.8688 | 0.0445 | 0.8976 | 0.8458 | 0.8271
0633 | 08:40:43 |  45.8s | 1.0e-04 | 0.0398 | 0.9146 | 0.8764 | 0.8891 | 0.0432 | 0.9044 | 0.8565 | 0.8538
0588 | 08:41:06 |  41.8s | 1.0e-04 | 0.0425 | 0.9088 | 0.8654 | 0.8692 | 0.0444 | 0.8912 | 0.8545 | 0.8335
0634 | 08:41:48 |  16.8s | 1.0e-04 | 0.0394 | 0.9125 | 0.8728 | 0.8829 | 0.0441 | 0.9128 | 0.8485 | 0.8569
0589 | 08:42:07 |  16.8s | 1.0e-04 | 0.0424 | 0.9081 | 0.8646 | 0.8681 | 0.0452 | 0.8952 | 0.8532 | 0.8358
0635 | 08:42:25 |  48.1s | 1.0e-04 | 0.0404 | 0.9150 | 0.8790 | 0.8930 | 0.0435 | 0.9032 | 0.8501 | 0.8401
0590 | 08:42:42 |  37.1s | 1.0e-04 | 0.0430 | 0.9102 | 0.8692 | 0.8762 | 0.0460 | 0.9002 | 0.8524 | 0.8405
0636 | 08:43:31 |  23.3s | 1.0e-04 | 0.0410 | 0.9158 | 0.8807 | 0.8958 | 0.0431 | 0.9003 | 0.8602 | 0.8500
0591 | 08:43:41 |  21.7s | 1.0e-04 | 0.0435 | 0.9111 | 0.8733 | 0.8823 | 0.0457 | 0.9090 | 0.8375 | 0.8367
0637 | 08:44:12 |  41.2s | 1.0e-04 | 0.0407 | 0.9149 | 0.8797 | 0.8937 | 0.0432 | 0.9075 | 0.8460 | 0.8456
0592 | 08:44:23 |  41.3s | 1.0e-04 | 0.0429 | 0.9113 | 0.8709 | 0.8800 | 0.0450 | 0.9038 | 0.8485 | 0.8431
0638 | 08:45:12 |  20.9s | 1.0e-04 | 0.0407 | 0.9142 | 0.8782 | 0.8918 | 0.0437 | 0.8950 | 0.8620 | 0.8474
0593 | 08:45:25 |  19.1s | 1.0e-04 | 0.0433 | 0.9105 | 0.8703 | 0.8778 | 0.0454 | 0.9008 | 0.8475 | 0.8361
0639 | 08:45:51 |  53.9s | 1.0e-04 | 0.0403 | 0.9161 | 0.8822 | 0.8980 | 0.0436 | 0.8975 | 0.8607 | 0.8462
0594 | 08:46:04 |  50.4s | 1.0e-04 | 0.0442 | 0.9090 | 0.8711 | 0.8779 | 0.0445 | 0.8956 | 0.8479 | 0.8275
0640 | 08:47:05 |  20.4s | 1.0e-04 | 0.0406 | 0.9160 | 0.8826 | 0.8989 | 0.0436 | 0.9047 | 0.8548 | 0.8509
0595 | 08:47:18 |  19.1s | 1.0e-04 | 0.0437 | 0.9096 | 0.8703 | 0.8773 | 0.0446 | 0.8979 | 0.8555 | 0.8429
0641 | 08:47:44 |  44.0s | 1.0e-04 | 0.0408 | 0.9154 | 0.8805 | 0.8954 | 0.0433 | 0.8956 | 0.8673 | 0.8532
0596 | 08:47:55 |  42.6s | 1.0e-04 | 0.0441 | 0.9104 | 0.8710 | 0.8789 | 0.0455 | 0.8889 | 0.8623 | 0.8403
0642 | 08:48:47 |  16.7s | 1.0e-04 | 0.0410 | 0.9149 | 0.8802 | 0.8948 | 0.0429 | 0.8940 | 0.8625 | 0.8450
0597 | 08:49:04 |  15.2s | 1.0e-04 | 0.0442 | 0.9098 | 0.8717 | 0.8798 | 0.0452 | 0.9022 | 0.8458 | 0.8328
0643 | 08:49:23 |  50.3s | 1.0e-04 | 0.0407 | 0.9161 | 0.8826 | 0.8987 | 0.0433 | 0.9041 | 0.8614 | 0.8586
0598 | 08:49:40 |  42.6s | 1.0e-04 | 0.0420 | 0.9115 | 0.8721 | 0.8802 | 0.0463 | 0.8824 | 0.8649 | 0.8330
0644 | 08:50:34 |  22.7s | 1.0e-04 | 0.0406 | 0.9159 | 0.8828 | 0.8979 | 0.0433 | 0.9009 | 0.8506 | 0.8402
0599 | 08:50:45 |  21.6s | 1.0e-04 | 0.0414 | 0.9118 | 0.8730 | 0.8818 | 0.0459 | 0.8900 | 0.8607 | 0.8384
0645 | 08:51:20 |  18.6s | 1.0e-04 | 0.0408 | 0.9154 | 0.8800 | 0.8949 | 0.0428 | 0.9041 | 0.8536 | 0.8480
0600 | 08:51:30 |  50.9s | 1.0e-04 | 0.0436 | 0.9116 | 0.8744 | 0.8840 | 0.0448 | 0.8915 | 0.8602 | 0.8368
0646 | 08:51:59 |  38.8s | 1.0e-04 | 0.0409 | 0.9144 | 0.8802 | 0.8940 | 0.0428 | 0.8926 | 0.8713 | 0.8568
0601 | 08:52:41 |  15.7s | 1.0e-04 | 0.0439 | 0.9109 | 0.8731 | 0.8821 | 0.0449 | 0.8882 | 0.8526 | 0.8209
0647 | 08:53:00 |  17.0s | 1.0e-04 | 0.0414 | 0.9168 | 0.8843 | 0.9009 | 0.0441 | 0.8994 | 0.8683 | 0.8630
0602 | 08:53:19 |  46.5s | 1.0e-04 | 0.0430 | 0.9093 | 0.8682 | 0.8743 | 0.0448 | 0.8960 | 0.8493 | 0.8278
0648 | 08:53:36 |  36.0s | 1.0e-04 | 0.0415 | 0.9155 | 0.8838 | 0.8994 | 0.0434 | 0.8960 | 0.8559 | 0.8432
0603 | 08:54:25 |  23.8s | 1.0e-04 | 0.0422 | 0.9109 | 0.8704 | 0.8781 | 0.0451 | 0.8992 | 0.8490 | 0.8341
0649 | 08:54:35 |  22.4s | 1.0e-04 | 0.0407 | 0.9161 | 0.8836 | 0.8994 | 0.0430 | 0.9036 | 0.8510 | 0.8439
0604 | 08:55:10 |  31.3s | 1.0e-04 | 0.0425 | 0.9114 | 0.8723 | 0.8814 | 0.0453 | 0.8887 | 0.8583 | 0.8345
0650 | 08:55:19 |  39.0s | 1.0e-04 | 0.0404 | 0.9158 | 0.8825 | 0.8982 | 0.0428 | 0.8987 | 0.8575 | 0.8464
0651 | 08:56:21 |  14.7s | 1.0e-04 | 0.0407 | 0.9152 | 0.8807 | 0.8952 | 0.0432 | 0.8952 | 0.8650 | 0.8526
0605 | 08:56:00 |  49.0s | 1.0e-04 | 0.0429 | 0.9106 | 0.8719 | 0.8801 | 0.0451 | 0.8921 | 0.8558 | 0.8341
0652 | 08:56:57 |  30.6s | 1.0e-04 | 0.0409 | 0.9158 | 0.8805 | 0.8960 | 0.0433 | 0.9099 | 0.8548 | 0.8579
0606 | 08:57:12 |  26.5s | 1.0e-04 | 0.0432 | 0.9092 | 0.8689 | 0.8756 | 0.0445 | 0.8953 | 0.8606 | 0.8464
0653 | 08:57:45 |  18.3s | 1.0e-04 | 0.0410 | 0.9164 | 0.8835 | 0.9003 | 0.0437 | 0.8902 | 0.8719 | 0.8533
0607 | 08:58:00 |  32.6s | 1.0e-04 | 0.0427 | 0.9101 | 0.8691 | 0.8757 | 0.0450 | 0.8917 | 0.8620 | 0.8423
0654 | 08:58:21 |  33.9s | 1.0e-04 | 0.0407 | 0.9164 | 0.8833 | 0.9000 | 0.0433 | 0.8873 | 0.8691 | 0.8460
0608 | 08:58:53 |  35.6s | 1.0e-04 | 0.0419 | 0.9098 | 0.8672 | 0.8734 | 0.0454 | 0.8883 | 0.8620 | 0.8367
0655 | 08:59:13 |  22.7s | 1.0e-04 | 0.0404 | 0.9153 | 0.8791 | 0.8931 | 0.0430 | 0.8992 | 0.8564 | 0.8465
0609 | 08:59:47 |  31.9s | 1.0e-04 | 0.0420 | 0.9098 | 0.8681 | 0.8744 | 0.0441 | 0.8933 | 0.8523 | 0.8307
0656 | 08:59:58 |  33.9s | 1.0e-04 | 0.0402 | 0.9154 | 0.8809 | 0.8959 | 0.0431 | 0.8940 | 0.8604 | 0.8419
0610 | 09:00:36 |  35.3s | 1.0e-04 | 0.0426 | 0.9097 | 0.8689 | 0.8753 | 0.0450 | 0.8929 | 0.8508 | 0.8283
0657 | 09:00:51 |  25.3s | 1.0e-04 | 0.0401 | 0.9166 | 0.8831 | 0.8996 | 0.0436 | 0.8971 | 0.8659 | 0.8561
0658 | 09:01:39 |  43.5s | 1.0e-04 | 0.0400 | 0.9166 | 0.8834 | 0.9001 | 0.0428 | 0.9059 | 0.8567 | 0.8565
0611 | 09:01:31 |  51.5s | 1.0e-04 | 0.0424 | 0.9103 | 0.8701 | 0.8773 | 0.0448 | 0.9029 | 0.8410 | 0.8305
0659 | 09:02:44 |  22.3s | 1.0e-04 | 0.0412 | 0.9138 | 0.8770 | 0.8895 | 0.0431 | 0.8962 | 0.8615 | 0.8502
0612 | 09:02:45 |  29.3s | 1.0e-04 | 0.0419 | 0.9095 | 0.8680 | 0.8745 | 0.0447 | 0.8963 | 0.8513 | 0.8333
0660 | 09:03:24 |  30.4s | 1.0e-04 | 0.0406 | 0.9152 | 0.8803 | 0.8952 | 0.0433 | 0.8953 | 0.8686 | 0.8573
0613 | 09:03:35 |  30.9s | 1.0e-04 | 0.0427 | 0.9095 | 0.8685 | 0.8745 | 0.0447 | 0.8934 | 0.8537 | 0.8315
0661 | 09:04:13 |  20.4s | 1.0e-04 | 0.0405 | 0.9156 | 0.8811 | 0.8959 | 0.0429 | 0.9128 | 0.8469 | 0.8528
0614 | 09:04:25 |  18.9s | 1.0e-04 | 0.0438 | 0.9108 | 0.8744 | 0.8838 | 0.0449 | 0.9071 | 0.8414 | 0.8366
0662 | 09:04:52 |  30.5s | 1.0e-04 | 0.0402 | 0.9160 | 0.8814 | 0.8970 | 0.0430 | 0.8864 | 0.8703 | 0.8463
0615 | 09:05:05 |  30.3s | 1.0e-04 | 0.0439 | 0.9111 | 0.8749 | 0.8844 | 0.0447 | 0.8907 | 0.8626 | 0.8432
0663 | 09:05:41 |  20.1s | 1.0e-04 | 0.0400 | 0.9156 | 0.8809 | 0.8957 | 0.0430 | 0.8904 | 0.8704 | 0.8524
0616 | 09:05:54 |  18.6s | 1.0e-04 | 0.0440 | 0.9114 | 0.8755 | 0.8849 | 0.0452 | 0.9077 | 0.8489 | 0.8487
0664 | 09:06:20 |  32.2s | 1.0e-04 | 0.0394 | 0.9156 | 0.8796 | 0.8945 | 0.0434 | 0.8958 | 0.8714 | 0.8576
0617 | 09:06:32 |  28.9s | 1.0e-04 | 0.0439 | 0.9107 | 0.8742 | 0.8833 | 0.0448 | 0.9099 | 0.8357 | 0.8334
0665 | 09:07:10 |  21.4s | 1.0e-04 | 0.0393 | 0.9158 | 0.8783 | 0.8928 | 0.0438 | 0.8915 | 0.8655 | 0.8463
0618 | 09:07:22 |  20.0s | 1.0e-04 | 0.0430 | 0.9109 | 0.8733 | 0.8823 | 0.0448 | 0.9013 | 0.8460 | 0.8349
0619 | 09:08:02 |  41.4s | 1.0e-04 | 0.0428 | 0.9108 | 0.8727 | 0.8824 | 0.0456 | 0.8924 | 0.8648 | 0.8479
0666 | 09:07:51 |  53.6s | 1.0e-04 | 0.0393 | 0.9155 | 0.8783 | 0.8924 | 0.0425 | 0.9071 | 0.8508 | 0.8484
0620 | 09:09:05 |  27.9s | 1.0e-04 | 0.0427 | 0.9108 | 0.8719 | 0.8798 | 0.0454 | 0.8993 | 0.8590 | 0.8465
0667 | 09:09:06 |  28.1s | 1.0e-04 | 0.0400 | 0.9146 | 0.8787 | 0.8927 | 0.0427 | 0.9012 | 0.8618 | 0.8524
0621 | 09:09:51 |  48.9s | 1.0e-04 | 0.0430 | 0.9105 | 0.8724 | 0.8803 | 0.0437 | 0.8980 | 0.8547 | 0.8395
0668 | 09:09:55 |  47.5s | 1.0e-04 | 0.0411 | 0.9150 | 0.8798 | 0.8941 | 0.0421 | 0.9085 | 0.8496 | 0.8486
0622 | 09:11:00 |  27.3s | 1.0e-04 | 0.0437 | 0.9103 | 0.8721 | 0.8797 | 0.0446 | 0.8930 | 0.8635 | 0.8463
0669 | 09:11:04 |  26.3s | 1.0e-04 | 0.0421 | 0.9146 | 0.8809 | 0.8951 | 0.0425 | 0.8993 | 0.8619 | 0.8510
0623 | 09:11:47 |  42.1s | 1.0e-04 | 0.0429 | 0.9107 | 0.8725 | 0.8812 | 0.0444 | 0.8824 | 0.8644 | 0.8325
0670 | 09:11:53 |  41.3s | 1.0e-04 | 0.0406 | 0.9156 | 0.8828 | 0.8980 | 0.0430 | 0.9071 | 0.8518 | 0.8507
0624 | 09:12:48 |  25.4s | 1.0e-04 | 0.0419 | 0.9115 | 0.8727 | 0.8821 | 0.0442 | 0.8928 | 0.8514 | 0.8304
0671 | 09:12:56 |  23.9s | 1.0e-04 | 0.0394 | 0.9184 | 0.8857 | 0.9041 | 0.0440 | 0.8902 | 0.8698 | 0.8509
0625 | 09:13:33 |  50.4s | 1.0e-04 | 0.0420 | 0.9109 | 0.8716 | 0.8795 | 0.0447 | 0.8908 | 0.8568 | 0.8332
0672 | 09:13:43 |  40.7s | 1.0e-04 | 0.0398 | 0.9171 | 0.8831 | 0.9002 | 0.0435 | 0.9016 | 0.8590 | 0.8526
0626 | 09:14:46 |  29.6s | 1.0e-04 | 0.0419 | 0.9103 | 0.8715 | 0.8791 | 0.0443 | 0.9007 | 0.8483 | 0.8368
0673 | 09:14:46 |  29.5s | 1.0e-04 | 0.0399 | 0.9174 | 0.8834 | 0.9005 | 0.0434 | 0.8986 | 0.8678 | 0.8595
0627 | 09:15:37 |  46.0s | 1.0e-04 | 0.0425 | 0.9116 | 0.8741 | 0.8844 | 0.0444 | 0.8973 | 0.8518 | 0.8364
0674 | 09:15:38 |  48.1s | 1.0e-04 | 0.0390 | 0.9168 | 0.8805 | 0.8968 | 0.0431 | 0.9053 | 0.8551 | 0.8513
0628 | 09:16:45 |  27.1s | 1.0e-04 | 0.0429 | 0.9121 | 0.8766 | 0.8879 | 0.0442 | 0.9005 | 0.8536 | 0.8436
0675 | 09:16:49 |  26.3s | 1.0e-04 | 0.0385 | 0.9167 | 0.8804 | 0.8964 | 0.0429 | 0.9042 | 0.8558 | 0.8516
0629 | 09:17:33 |  43.4s | 1.0e-04 | 0.0416 | 0.9127 | 0.8762 | 0.8879 | 0.0447 | 0.9025 | 0.8464 | 0.8368
0676 | 09:17:35 |  57.1s | 1.0e-04 | 0.0401 | 0.9158 | 0.8806 | 0.8960 | 0.0428 | 0.8977 | 0.8655 | 0.8561
0630 | 09:18:35 |  16.9s | 1.0e-04 | 0.0408 | 0.9130 | 0.8747 | 0.8857 | 0.0455 | 0.8950 | 0.8567 | 0.8402
0677 | 09:18:53 |  16.7s | 1.0e-04 | 0.0409 | 0.9153 | 0.8816 | 0.8966 | 0.0432 | 0.9013 | 0.8603 | 0.8531
0631 | 09:19:11 |  33.5s | 1.0e-04 | 0.0426 | 0.9124 | 0.8763 | 0.8874 | 0.0440 | 0.9014 | 0.8435 | 0.8312
0678 | 09:19:31 |  35.2s | 1.0e-04 | 0.0409 | 0.9162 | 0.8835 | 0.9000 | 0.0432 | 0.8939 | 0.8659 | 0.8503
0632 | 09:20:07 |  16.8s | 1.0e-04 | 0.0434 | 0.9118 | 0.8767 | 0.8875 | 0.0457 | 0.9040 | 0.8495 | 0.8454
0679 | 09:20:25 |  16.5s | 1.0e-04 | 0.0410 | 0.9168 | 0.8842 | 0.9007 | 0.0422 | 0.9016 | 0.8582 | 0.8504
0633 | 09:20:45 |  42.2s | 1.0e-04 | 0.0433 | 0.9102 | 0.8737 | 0.8823 | 0.0448 | 0.8875 | 0.8617 | 0.8357
0680 | 09:21:00 |  33.9s | 1.0e-04 | 0.0399 | 0.9180 | 0.8839 | 0.9019 | 0.0428 | 0.9011 | 0.8559 | 0.8458
0634 | 09:21:45 |  23.2s | 1.0e-04 | 0.0438 | 0.9095 | 0.8717 | 0.8791 | 0.0433 | 0.9052 | 0.8400 | 0.8323
0681 | 09:21:55 |  21.8s | 1.0e-04 | 0.0390 | 0.9175 | 0.8845 | 0.9019 | 0.0431 | 0.8982 | 0.8629 | 0.8524
0635 | 09:22:27 |  41.1s | 1.0e-04 | 0.0437 | 0.9114 | 0.8751 | 0.8846 | 0.0448 | 0.8933 | 0.8610 | 0.8417
0682 | 09:22:35 |  38.4s | 1.0e-04 | 0.0409 | 0.9161 | 0.8840 | 0.8998 | 0.0431 | 0.9016 | 0.8639 | 0.8577
0636 | 09:23:27 |  24.3s | 1.0e-04 | 0.0438 | 0.9112 | 0.8763 | 0.8869 | 0.0445 | 0.8931 | 0.8591 | 0.8386
0683 | 09:23:36 |  22.5s | 1.0e-04 | 0.0407 | 0.9163 | 0.8854 | 0.9024 | 0.0428 | 0.8996 | 0.8664 | 0.8592
0637 | 09:24:09 |  34.9s | 1.0e-04 | 0.0434 | 0.9106 | 0.8755 | 0.8850 | 0.0449 | 0.8969 | 0.8536 | 0.8392
0684 | 09:24:20 |  33.8s | 1.0e-04 | 0.0404 | 0.9167 | 0.8826 | 0.8989 | 0.0429 | 0.9006 | 0.8668 | 0.8608
0638 | 09:25:03 |  21.4s | 1.0e-04 | 0.0432 | 0.9120 | 0.8764 | 0.8874 | 0.0444 | 0.8958 | 0.8562 | 0.8401
0685 | 09:25:16 |  19.7s | 1.0e-04 | 0.0401 | 0.9164 | 0.8821 | 0.8981 | 0.0425 | 0.9009 | 0.8708 | 0.8660
0686 | 09:25:53 |  39.3s | 1.0e-04 | 0.0383 | 0.9181 | 0.8835 | 0.9015 | 0.0434 | 0.9120 | 0.8523 | 0.8585
0639 | 09:25:44 |  58.3s | 1.0e-04 | 0.0419 | 0.9120 | 0.8747 | 0.8856 | 0.0442 | 0.9014 | 0.8442 | 0.8348
0640 | 09:27:03 |  20.0s | 1.0e-04 | 0.0416 | 0.9127 | 0.8765 | 0.8880 | 0.0442 | 0.9004 | 0.8520 | 0.8398
0687 | 09:26:52 |  32.7s | 1.0e-04 | 0.0383 | 0.9182 | 0.8832 | 0.9011 | 0.0437 | 0.8915 | 0.8685 | 0.8495
0688 | 09:27:45 |  14.8s | 1.0e-04 | 0.0391 | 0.9154 | 0.8796 | 0.8942 | 0.0429 | 0.8942 | 0.8634 | 0.8453
0641 | 09:27:43 |  32.6s | 1.0e-04 | 0.0421 | 0.9115 | 0.8731 | 0.8827 | 0.0442 | 0.8833 | 0.8611 | 0.8298
0689 | 09:28:19 |  33.0s | 1.0e-04 | 0.0392 | 0.9157 | 0.8816 | 0.8967 | 0.0427 | 0.9040 | 0.8634 | 0.8611
0642 | 09:28:37 |  15.6s | 1.0e-04 | 0.0424 | 0.9113 | 0.8721 | 0.8811 | 0.0448 | 0.8819 | 0.8644 | 0.8316
0690 | 09:29:13 |  18.5s | 1.0e-04 | 0.0390 | 0.9165 | 0.8805 | 0.8962 | 0.0427 | 0.9070 | 0.8555 | 0.8545
0643 | 09:29:14 |  30.1s | 1.0e-04 | 0.0424 | 0.9130 | 0.8767 | 0.8888 | 0.0444 | 0.8996 | 0.8520 | 0.8399
0691 | 09:29:50 |  31.6s | 1.0e-04 | 0.0394 | 0.9158 | 0.8808 | 0.8958 | 0.0427 | 0.9060 | 0.8542 | 0.8482
0644 | 09:30:06 |  16.3s | 1.0e-04 | 0.0425 | 0.9132 | 0.8767 | 0.8890 | 0.0449 | 0.8934 | 0.8550 | 0.8360
0692 | 09:30:46 |  28.7s | 1.0e-04 | 0.0410 | 0.9157 | 0.8827 | 0.8979 | 0.0425 | 0.8950 | 0.8639 | 0.8479
0645 | 09:30:46 |  28.8s | 1.0e-04 | 0.0429 | 0.9132 | 0.8798 | 0.8926 | 0.0445 | 0.8879 | 0.8681 | 0.8471
0646 | 09:31:38 |  50.3s | 1.0e-04 | 0.0430 | 0.9130 | 0.8790 | 0.8916 | 0.0448 | 0.8977 | 0.8520 | 0.8347
0693 | 09:31:37 |  52.4s | 1.0e-04 | 0.0405 | 0.9159 | 0.8827 | 0.8984 | 0.0422 | 0.8886 | 0.8740 | 0.8549
0647 | 09:32:50 |  28.4s | 1.0e-04 | 0.0431 | 0.9126 | 0.8798 | 0.8922 | 0.0450 | 0.8920 | 0.8566 | 0.8342
0694 | 09:32:51 |  28.4s | 1.0e-04 | 0.0387 | 0.9164 | 0.8787 | 0.8940 | 0.0423 | 0.9104 | 0.8546 | 0.8587
0695 | 09:33:40 |  42.7s | 1.0e-04 | 0.0393 | 0.9153 | 0.8796 | 0.8940 | 0.0422 | 0.9078 | 0.8588 | 0.8581
0648 | 09:33:38 |  46.8s | 1.0e-04 | 0.0435 | 0.9120 | 0.8791 | 0.8908 | 0.0444 | 0.8810 | 0.8739 | 0.8434
0696 | 09:34:42 |  27.4s | 1.0e-04 | 0.0405 | 0.9168 | 0.8850 | 0.9017 | 0.0421 | 0.9073 | 0.8618 | 0.8619
0649 | 09:34:44 |  27.1s | 1.0e-04 | 0.0436 | 0.9092 | 0.8710 | 0.8781 | 0.0443 | 0.8866 | 0.8731 | 0.8501
0650 | 09:35:32 |  45.4s | 1.0e-04 | 0.0433 | 0.9100 | 0.8722 | 0.8798 | 0.0435 | 0.8945 | 0.8570 | 0.8378
0697 | 09:35:29 |  54.2s | 1.0e-04 | 0.0401 | 0.9171 | 0.8834 | 0.9004 | 0.0428 | 0.9029 | 0.8656 | 0.8614
0651 | 09:36:34 |  23.7s | 1.0e-04 | 0.0413 | 0.9119 | 0.8749 | 0.8857 | 0.0447 | 0.8893 | 0.8612 | 0.8382
0698 | 09:36:44 |  22.1s | 1.0e-04 | 0.0393 | 0.9162 | 0.8798 | 0.8952 | 0.0427 | 0.9054 | 0.8592 | 0.8567
0652 | 09:37:17 |  38.0s | 1.0e-04 | 0.0417 | 0.9102 | 0.8737 | 0.8826 | 0.0445 | 0.8884 | 0.8628 | 0.8372
0699 | 09:37:29 |  35.0s | 1.0e-04 | 0.0395 | 0.9168 | 0.8823 | 0.8991 | 0.0427 | 0.9061 | 0.8609 | 0.8615
0653 | 09:38:13 |  20.4s | 1.0e-04 | 0.0417 | 0.9114 | 0.8747 | 0.8843 | 0.0449 | 0.8927 | 0.8568 | 0.8350
0700 | 09:38:26 |  18.6s | 1.0e-04 | 0.0397 | 0.9180 | 0.8864 | 0.9049 | 0.0431 | 0.8904 | 0.8717 | 0.8538
0654 | 09:38:52 |  45.9s | 1.0e-04 | 0.0418 | 0.9116 | 0.8752 | 0.8850 | 0.0442 | 0.8826 | 0.8613 | 0.8279
0701 | 09:39:06 |  38.1s | 1.0e-04 | 0.0395 | 0.9177 | 0.8862 | 0.9039 | 0.0431 | 0.8861 | 0.8725 | 0.8476
0655 | 09:39:59 |  25.4s | 1.0e-04 | 0.0430 | 0.9111 | 0.8756 | 0.8859 | 0.0447 | 0.8879 | 0.8628 | 0.8390
0702 | 09:40:07 |  23.5s | 1.0e-04 | 0.0399 | 0.9178 | 0.8857 | 0.9040 | 0.0429 | 0.8968 | 0.8650 | 0.8517
0656 | 09:40:43 |  41.0s | 1.0e-04 | 0.0429 | 0.9114 | 0.8759 | 0.8863 | 0.0442 | 0.9060 | 0.8537 | 0.8497
0703 | 09:40:51 |  37.5s | 1.0e-04 | 0.0397 | 0.9182 | 0.8869 | 0.9057 | 0.0433 | 0.9043 | 0.8515 | 0.8461
0657 | 09:41:43 |  24.2s | 1.0e-04 | 0.0428 | 0.9117 | 0.8761 | 0.8865 | 0.0443 | 0.8949 | 0.8593 | 0.8443
0704 | 09:41:52 |  22.5s | 1.0e-04 | 0.0391 | 0.9173 | 0.8844 | 0.9016 | 0.0435 | 0.9031 | 0.8630 | 0.8569
0658 | 09:42:26 |  33.8s | 1.0e-04 | 0.0426 | 0.9122 | 0.8760 | 0.8867 | 0.0440 | 0.8965 | 0.8524 | 0.8334
0705 | 09:42:36 |  32.4s | 1.0e-04 | 0.0395 | 0.9176 | 0.8845 | 0.9019 | 0.0426 | 0.8916 | 0.8722 | 0.8556
0659 | 09:43:19 |  23.0s | 1.0e-04 | 0.0423 | 0.9128 | 0.8771 | 0.8896 | 0.0445 | 0.8922 | 0.8614 | 0.8424
0706 | 09:43:29 |  21.5s | 1.0e-04 | 0.0400 | 0.9165 | 0.8836 | 0.9001 | 0.0427 | 0.9010 | 0.8660 | 0.8587
0707 | 09:44:13 |  32.7s | 1.0e-04 | 0.0401 | 0.9168 | 0.8837 | 0.9006 | 0.0424 | 0.9042 | 0.8566 | 0.8521
0660 | 09:44:02 |  48.6s | 1.0e-04 | 0.0423 | 0.9117 | 0.8765 | 0.8876 | 0.0441 | 0.9049 | 0.8416 | 0.8356
0708 | 09:45:06 |  25.5s | 1.0e-04 | 0.0404 | 0.9164 | 0.8836 | 0.8997 | 0.0418 | 0.9003 | 0.8623 | 0.8541
0661 | 09:45:13 |  24.0s | 1.0e-04 | 0.0425 | 0.9114 | 0.8753 | 0.8858 | 0.0444 | 0.8938 | 0.8630 | 0.8453
0709 | 09:45:49 |  36.4s | 1.0e-04 | 0.0392 | 0.9180 | 0.8853 | 0.9036 | 0.0426 | 0.8974 | 0.8696 | 0.8568
0662 | 09:45:59 |  35.6s | 1.0e-04 | 0.0428 | 0.9117 | 0.8759 | 0.8864 | 0.0440 | 0.8956 | 0.8494 | 0.8325
0710 | 09:46:43 |  20.1s | 1.0e-04 | 0.0386 | 0.9187 | 0.8864 | 0.9049 | 0.0435 | 0.8967 | 0.8634 | 0.8501
0663 | 09:46:57 |  18.2s | 1.0e-04 | 0.0424 | 0.9140 | 0.8795 | 0.8928 | 0.0442 | 0.8824 | 0.8606 | 0.8255
0711 | 09:47:21 |  30.9s | 1.0e-04 | 0.0386 | 0.9179 | 0.8832 | 0.9005 | 0.0428 | 0.8950 | 0.8665 | 0.8523
0664 | 09:47:34 |  35.5s | 1.0e-04 | 0.0420 | 0.9127 | 0.8783 | 0.8900 | 0.0444 | 0.8817 | 0.8659 | 0.8330
0712 | 09:48:12 |  16.8s | 1.0e-04 | 0.0389 | 0.9174 | 0.8806 | 0.8976 | 0.0420 | 0.8988 | 0.8673 | 0.8581
0665 | 09:48:31 |  16.5s | 1.0e-04 | 0.0418 | 0.9116 | 0.8753 | 0.8853 | 0.0437 | 0.8861 | 0.8630 | 0.8367
0713 | 09:48:48 |  36.0s | 1.0e-04 | 0.0380 | 0.9183 | 0.8828 | 0.9009 | 0.0429 | 0.9072 | 0.8553 | 0.8553
0666 | 09:49:08 |  39.6s | 1.0e-04 | 0.0412 | 0.9126 | 0.8751 | 0.8859 | 0.0445 | 0.8947 | 0.8611 | 0.8449
0714 | 09:49:46 |  16.3s | 1.0e-04 | 0.0375 | 0.9191 | 0.8838 | 0.9027 | 0.0435 | 0.9081 | 0.8516 | 0.8513
0667 | 09:50:05 |  16.9s | 1.0e-04 | 0.0407 | 0.9117 | 0.8724 | 0.8819 | 0.0440 | 0.8874 | 0.8620 | 0.8366
0715 | 09:50:22 |  36.3s | 1.0e-04 | 0.0384 | 0.9181 | 0.8823 | 0.9001 | 0.0430 | 0.8954 | 0.8652 | 0.8511
0668 | 09:50:41 |  31.9s | 1.0e-04 | 0.0418 | 0.9123 | 0.8750 | 0.8862 | 0.0439 | 0.9062 | 0.8488 | 0.8457
0716 | 09:51:17 |  16.9s | 1.0e-04 | 0.0386 | 0.9173 | 0.8827 | 0.9000 | 0.0425 | 0.8974 | 0.8705 | 0.8618
0669 | 09:51:34 |  16.5s | 1.0e-04 | 0.0427 | 0.9119 | 0.8772 | 0.8882 | 0.0440 | 0.9069 | 0.8480 | 0.8458
0717 | 09:51:53 |  34.0s | 1.0e-04 | 0.0400 | 0.9168 | 0.8826 | 0.8992 | 0.0420 | 0.9007 | 0.8648 | 0.8570
0670 | 09:52:10 |  27.5s | 1.0e-04 | 0.0415 | 0.9127 | 0.8767 | 0.8885 | 0.0444 | 0.9012 | 0.8563 | 0.8494
0718 | 09:52:47 |  20.5s | 1.0e-04 | 0.0404 | 0.9164 | 0.8840 | 0.9003 | 0.0419 | 0.8932 | 0.8695 | 0.8548
0671 | 09:52:59 |  18.9s | 1.0e-04 | 0.0402 | 0.9136 | 0.8774 | 0.8900 | 0.0442 | 0.9054 | 0.8519 | 0.8490
0719 | 09:53:27 |  33.8s | 1.0e-04 | 0.0389 | 0.9169 | 0.8827 | 0.8996 | 0.0422 | 0.9032 | 0.8555 | 0.8489
0672 | 09:53:37 |  30.3s | 1.0e-04 | 0.0415 | 0.9136 | 0.8788 | 0.8915 | 0.0443 | 0.8862 | 0.8656 | 0.8398
0720 | 09:54:20 |  24.0s | 1.0e-04 | 0.0384 | 0.9176 | 0.8822 | 0.8995 | 0.0424 | 0.8994 | 0.8650 | 0.8550
0673 | 09:54:29 |  22.4s | 1.0e-04 | 0.0423 | 0.9122 | 0.8797 | 0.8916 | 0.0442 | 0.9033 | 0.8426 | 0.8338
0721 | 09:55:04 |  31.3s | 1.0e-04 | 0.0395 | 0.9162 | 0.8809 | 0.8967 | 0.0416 | 0.9022 | 0.8678 | 0.8629
0674 | 09:55:11 |  32.6s | 1.0e-04 | 0.0423 | 0.9119 | 0.8762 | 0.8876 | 0.0437 | 0.8988 | 0.8527 | 0.8380
0722 | 09:55:51 |  19.1s | 1.0e-04 | 0.0400 | 0.9155 | 0.8805 | 0.8958 | 0.0414 | 0.9005 | 0.8706 | 0.8652
0675 | 09:56:07 |  16.9s | 1.0e-04 | 0.0422 | 0.9112 | 0.8754 | 0.8850 | 0.0445 | 0.9016 | 0.8560 | 0.8479
0723 | 09:56:29 |  33.2s | 1.0e-04 | 0.0393 | 0.9173 | 0.8836 | 0.9013 | 0.0426 | 0.8902 | 0.8756 | 0.8580
0676 | 09:56:45 |  34.7s | 1.0e-04 | 0.0402 | 0.9129 | 0.8770 | 0.8888 | 0.0448 | 0.8958 | 0.8616 | 0.8467
0724 | 09:57:22 |  17.0s | 1.0e-04 | 0.0392 | 0.9172 | 0.8839 | 0.9013 | 0.0422 | 0.8940 | 0.8722 | 0.8578
0677 | 09:57:40 |  16.6s | 1.0e-04 | 0.0400 | 0.9137 | 0.8782 | 0.8910 | 0.0449 | 0.9053 | 0.8507 | 0.8452
0725 | 09:57:59 |  33.8s | 1.0e-04 | 0.0383 | 0.9177 | 0.8831 | 0.9002 | 0.0418 | 0.9074 | 0.8541 | 0.8545
0678 | 09:58:17 |  34.2s | 1.0e-04 | 0.0395 | 0.9151 | 0.8802 | 0.8947 | 0.0447 | 0.8983 | 0.8523 | 0.8375
0726 | 09:58:54 |  15.5s | 1.0e-04 | 0.0381 | 0.9179 | 0.8827 | 0.9006 | 0.0424 | 0.9069 | 0.8639 | 0.8662
0679 | 09:59:12 |  16.5s | 1.0e-04 | 0.0396 | 0.9150 | 0.8796 | 0.8939 | 0.0447 | 0.8780 | 0.8696 | 0.8353
0727 | 09:59:29 |  33.9s | 1.0e-04 | 0.0385 | 0.9199 | 0.8878 | 0.9078 | 0.0430 | 0.8987 | 0.8730 | 0.8648
0680 | 09:59:51 |  31.3s | 1.0e-04 | 0.0404 | 0.9132 | 0.8798 | 0.8919 | 0.0453 | 0.8928 | 0.8610 | 0.8424
0728 | 10:00:23 |  15.5s | 1.0e-04 | 0.0383 | 0.9202 | 0.8886 | 0.9087 | 0.0425 | 0.8951 | 0.8619 | 0.8455
0681 | 10:00:42 |  17.2s | 1.0e-04 | 0.0403 | 0.9138 | 0.8781 | 0.8911 | 0.0441 | 0.9000 | 0.8504 | 0.8382
0729 | 10:01:01 |  16.9s | 1.0e-04 | 0.0397 | 0.9169 | 0.8819 | 0.8985 | 0.0419 | 0.8992 | 0.8679 | 0.8616
0682 | 10:01:18 |  41.8s | 1.0e-04 | 0.0424 | 0.9117 | 0.8783 | 0.8894 | 0.0441 | 0.8896 | 0.8656 | 0.8446
0730 | 10:01:39 |  40.8s | 1.0e-04 | 0.0399 | 0.9163 | 0.8821 | 0.8981 | 0.0419 | 0.9022 | 0.8594 | 0.8537
0683 | 10:02:22 |  16.9s | 1.0e-04 | 0.0429 | 0.9113 | 0.8788 | 0.8891 | 0.0439 | 0.8955 | 0.8610 | 0.8455
0731 | 10:02:39 |  15.6s | 1.0e-04 | 0.0405 | 0.9177 | 0.8882 | 0.9066 | 0.0420 | 0.8931 | 0.8709 | 0.8553
0684 | 10:02:58 |  42.6s | 1.0e-04 | 0.0416 | 0.9123 | 0.8784 | 0.8900 | 0.0443 | 0.8967 | 0.8621 | 0.8504
0732 | 10:03:17 |  42.3s | 1.0e-04 | 0.0408 | 0.9179 | 0.8865 | 0.9049 | 0.0416 | 0.9095 | 0.8599 | 0.8619
0685 | 10:03:59 |  15.1s | 1.0e-04 | 0.0415 | 0.9120 | 0.8769 | 0.8880 | 0.0445 | 0.9075 | 0.8462 | 0.8429
0733 | 10:04:18 |  17.4s | 1.0e-04 | 0.0394 | 0.9169 | 0.8831 | 0.9000 | 0.0411 | 0.9061 | 0.8575 | 0.8569
0686 | 10:04:34 |  38.3s | 1.0e-04 | 0.0422 | 0.9119 | 0.8763 | 0.8872 | 0.0432 | 0.8899 | 0.8601 | 0.8374
0734 | 10:04:57 |  42.2s | 1.0e-04 | 0.0397 | 0.9164 | 0.8830 | 0.8992 | 0.0420 | 0.8998 | 0.8659 | 0.8573
0687 | 10:05:31 |  33.2s | 1.0e-04 | 0.0426 | 0.9114 | 0.8749 | 0.8854 | 0.0434 | 0.9000 | 0.8511 | 0.8371
0735 | 10:05:58 |  15.2s | 1.0e-04 | 0.0409 | 0.9174 | 0.8871 | 0.9050 | 0.0424 | 0.8917 | 0.8748 | 0.8602
0688 | 10:06:22 |  22.1s | 1.0e-04 | 0.0403 | 0.9114 | 0.8725 | 0.8816 | 0.0437 | 0.8916 | 0.8604 | 0.8394
0736 | 10:06:34 |  40.8s | 1.0e-04 | 0.0408 | 0.9177 | 0.8869 | 0.9049 | 0.0418 | 0.9047 | 0.8605 | 0.8588
0689 | 10:07:03 |  35.6s | 1.0e-04 | 0.0402 | 0.9119 | 0.8732 | 0.8836 | 0.0438 | 0.8983 | 0.8569 | 0.8436
0737 | 10:07:36 |  16.1s | 1.0e-04 | 0.0399 | 0.9178 | 0.8859 | 0.9041 | 0.0421 | 0.8934 | 0.8688 | 0.8518
0690 | 10:07:56 |  17.2s | 1.0e-04 | 0.0398 | 0.9118 | 0.8716 | 0.8809 | 0.0441 | 0.9014 | 0.8534 | 0.8432
0738 | 10:08:13 |  34.6s | 1.0e-04 | 0.0399 | 0.9183 | 0.8853 | 0.9035 | 0.0429 | 0.8966 | 0.8719 | 0.8621
0691 | 10:08:31 |  30.7s | 1.0e-04 | 0.0396 | 0.9120 | 0.8724 | 0.8822 | 0.0443 | 0.8987 | 0.8585 | 0.8469
0739 | 10:09:08 |  19.4s | 1.0e-04 | 0.0392 | 0.9181 | 0.8848 | 0.9027 | 0.0429 | 0.8994 | 0.8672 | 0.8597
0692 | 10:09:22 |  17.8s | 1.0e-04 | 0.0400 | 0.9123 | 0.8752 | 0.8863 | 0.0435 | 0.8971 | 0.8512 | 0.8356
0740 | 10:09:45 |  31.1s | 1.0e-04 | 0.0394 | 0.9176 | 0.8848 | 0.9024 | 0.0421 | 0.8946 | 0.8656 | 0.8496
0693 | 10:09:59 |  31.2s | 1.0e-04 | 0.0402 | 0.9124 | 0.8761 | 0.8875 | 0.0435 | 0.8864 | 0.8609 | 0.8325
0741 | 10:10:36 |  18.3s | 1.0e-04 | 0.0396 | 0.9187 | 0.8853 | 0.9040 | 0.0419 | 0.8956 | 0.8745 | 0.8636
0694 | 10:10:51 |  16.5s | 1.0e-04 | 0.0415 | 0.9140 | 0.8818 | 0.8959 | 0.0442 | 0.8918 | 0.8542 | 0.8323
0695 | 10:11:26 |  33.8s | 1.0e-04 | 0.0417 | 0.9134 | 0.8800 | 0.8928 | 0.0438 | 0.9072 | 0.8527 | 0.8536
0742 | 10:11:12 |  50.4s | 1.0e-04 | 0.0395 | 0.9184 | 0.8849 | 0.9037 | 0.0416 | 0.8984 | 0.8727 | 0.8646
0696 | 10:12:20 |  26.3s | 1.0e-04 | 0.0421 | 0.9115 | 0.8758 | 0.8863 | 0.0433 | 0.8872 | 0.8597 | 0.8357
0743 | 10:12:27 |  24.7s | 1.0e-04 | 0.0385 | 0.9191 | 0.8866 | 0.9058 | 0.0425 | 0.8959 | 0.8739 | 0.8628
0697 | 10:13:06 |  44.2s | 1.0e-04 | 0.0422 | 0.9120 | 0.8751 | 0.8856 | 0.0441 | 0.9103 | 0.8508 | 0.8556
0744 | 10:13:14 |  42.4s | 1.0e-04 | 0.0385 | 0.9181 | 0.8835 | 0.9014 | 0.0427 | 0.9041 | 0.8639 | 0.8594
0698 | 10:14:10 |  24.1s | 1.0e-04 | 0.0416 | 0.9112 | 0.8754 | 0.8862 | 0.0438 | 0.8908 | 0.8657 | 0.8484
0745 | 10:14:19 |  22.3s | 1.0e-04 | 0.0378 | 0.9180 | 0.8824 | 0.8997 | 0.0415 | 0.8961 | 0.8621 | 0.8468
0699 | 10:14:52 |  34.3s | 1.0e-04 | 0.0417 | 0.9119 | 0.8760 | 0.8862 | 0.0438 | 0.9010 | 0.8559 | 0.8472
0746 | 10:15:04 |  33.3s | 1.0e-04 | 0.0380 | 0.9178 | 0.8818 | 0.8990 | 0.0418 | 0.9049 | 0.8568 | 0.8532
0700 | 10:15:44 |  16.9s | 1.0e-04 | 0.0415 | 0.9126 | 0.8777 | 0.8899 | 0.0438 | 0.9019 | 0.8575 | 0.8508
0747 | 10:16:00 |  16.6s | 1.0e-04 | 0.0377 | 0.9171 | 0.8802 | 0.8966 | 0.0426 | 0.9025 | 0.8724 | 0.8690
0701 | 10:16:20 |  31.2s | 1.0e-04 | 0.0413 | 0.9137 | 0.8783 | 0.8909 | 0.0434 | 0.9032 | 0.8492 | 0.8410
0748 | 10:16:38 |  40.0s | 1.0e-04 | 0.0381 | 0.9178 | 0.8813 | 0.8992 | 0.0424 | 0.8954 | 0.8833 | 0.8753
0702 | 10:17:11 |  18.3s | 1.0e-04 | 0.0403 | 0.9153 | 0.8817 | 0.8962 | 0.0445 | 0.8937 | 0.8638 | 0.8479
0749 | 10:17:35 |  19.1s | 1.0e-04 | 0.0381 | 0.9188 | 0.8848 | 0.9040 | 0.0422 | 0.8999 | 0.8666 | 0.8594
0703 | 10:17:49 |  36.8s | 1.0e-04 | 0.0403 | 0.9154 | 0.8793 | 0.8941 | 0.0437 | 0.8890 | 0.8662 | 0.8434
0750 | 10:18:13 |  40.1s | 1.0e-04 | 0.0386 | 0.9190 | 0.8854 | 0.9046 | 0.0420 | 0.9065 | 0.8578 | 0.8574
0704 | 10:18:49 |  17.5s | 1.0e-04 | 0.0405 | 0.9130 | 0.8775 | 0.8898 | 0.0439 | 0.8972 | 0.8594 | 0.8460
0751 | 10:19:12 |  18.4s | 1.0e-04 | 0.0385 | 0.9191 | 0.8876 | 0.9071 | 0.0421 | 0.8946 | 0.8734 | 0.8594
0705 | 10:19:28 |  36.5s | 1.0e-04 | 0.0412 | 0.9124 | 0.8766 | 0.8878 | 0.0434 | 0.8990 | 0.8604 | 0.8498
0752 | 10:19:51 |  39.2s | 1.0e-04 | 0.0391 | 0.9195 | 0.8869 | 0.9065 | 0.0424 | 0.9050 | 0.8620 | 0.8600
0706 | 10:20:25 |  17.7s | 1.0e-04 | 0.0417 | 0.9118 | 0.8756 | 0.8859 | 0.0428 | 0.9017 | 0.8552 | 0.8445
0753 | 10:20:49 |  17.9s | 1.0e-04 | 0.0396 | 0.9189 | 0.8882 | 0.9071 | 0.0419 | 0.9023 | 0.8630 | 0.8573
0707 | 10:21:04 |  36.2s | 1.0e-04 | 0.0417 | 0.9129 | 0.8780 | 0.8897 | 0.0438 | 0.8949 | 0.8605 | 0.8446
0754 | 10:21:27 |  39.4s | 1.0e-04 | 0.0404 | 0.9176 | 0.8861 | 0.9040 | 0.0422 | 0.8999 | 0.8741 | 0.8685
0708 | 10:22:04 |  16.8s | 1.0e-04 | 0.0411 | 0.9138 | 0.8797 | 0.8931 | 0.0445 | 0.8990 | 0.8593 | 0.8483
0755 | 10:22:25 |  17.6s | 1.0e-04 | 0.0406 | 0.9174 | 0.8858 | 0.9035 | 0.0410 | 0.8983 | 0.8652 | 0.8545
0709 | 10:22:42 |  32.8s | 1.0e-04 | 0.0402 | 0.9147 | 0.8794 | 0.8934 | 0.0438 | 0.9016 | 0.8470 | 0.8378
0756 | 10:23:02 |  35.3s | 1.0e-04 | 0.0403 | 0.9174 | 0.8864 | 0.9044 | 0.0419 | 0.9064 | 0.8577 | 0.8553
0710 | 10:23:36 |  16.4s | 1.0e-04 | 0.0398 | 0.9146 | 0.8792 | 0.8933 | 0.0446 | 0.8912 | 0.8578 | 0.8347
0757 | 10:23:56 |  17.1s | 1.0e-04 | 0.0398 | 0.9175 | 0.8852 | 0.9029 | 0.0411 | 0.9010 | 0.8648 | 0.8589
0711 | 10:24:14 |  30.9s | 1.0e-04 | 0.0406 | 0.9126 | 0.8759 | 0.8869 | 0.0435 | 0.8928 | 0.8660 | 0.8492
0758 | 10:24:31 |  32.8s | 1.0e-04 | 0.0395 | 0.9173 | 0.8837 | 0.9012 | 0.0416 | 0.9011 | 0.8641 | 0.8577
0712 | 10:25:06 |  16.6s | 1.0e-04 | 0.0413 | 0.9114 | 0.8750 | 0.8850 | 0.0431 | 0.8994 | 0.8635 | 0.8560
0759 | 10:25:25 |  16.5s | 1.0e-04 | 0.0395 | 0.9166 | 0.8811 | 0.8972 | 0.0413 | 0.8944 | 0.8791 | 0.8688
0713 | 10:25:42 |  33.3s | 1.0e-04 | 0.0412 | 0.9130 | 0.8770 | 0.8888 | 0.0432 | 0.9028 | 0.8601 | 0.8537
0760 | 10:25:59 |  34.3s | 1.0e-04 | 0.0393 | 0.9176 | 0.8842 | 0.9012 | 0.0419 | 0.9071 | 0.8697 | 0.8728
0714 | 10:26:35 |  16.6s | 1.0e-04 | 0.0416 | 0.9122 | 0.8773 | 0.8888 | 0.0432 | 0.8915 | 0.8629 | 0.8433
0761 | 10:26:54 |  16.7s | 1.0e-04 | 0.0393 | 0.9173 | 0.8839 | 0.9014 | 0.0416 | 0.9159 | 0.8515 | 0.8631
0715 | 10:27:12 |  32.9s | 1.0e-04 | 0.0407 | 0.9141 | 0.8786 | 0.8917 | 0.0436 | 0.9030 | 0.8596 | 0.8553
0762 | 10:27:29 |  30.9s | 1.0e-04 | 0.0388 | 0.9192 | 0.8874 | 0.9071 | 0.0423 | 0.9020 | 0.8695 | 0.8683
0716 | 10:28:03 |  16.0s | 1.0e-04 | 0.0404 | 0.9138 | 0.8773 | 0.8901 | 0.0432 | 0.8964 | 0.8565 | 0.8415
0763 | 10:28:21 |  16.6s | 1.0e-04 | 0.0389 | 0.9190 | 0.8883 | 0.9074 | 0.0422 | 0.9059 | 0.8628 | 0.8619
0717 | 10:28:38 |  31.4s | 1.0e-04 | 0.0407 | 0.9146 | 0.8825 | 0.8969 | 0.0440 | 0.8950 | 0.8604 | 0.8450
0764 | 10:28:57 |  29.1s | 1.0e-04 | 0.0383 | 0.9189 | 0.8859 | 0.9052 | 0.0415 | 0.8977 | 0.8705 | 0.8604
0718 | 10:29:29 |  16.4s | 1.0e-04 | 0.0414 | 0.9152 | 0.8830 | 0.8982 | 0.0438 | 0.8884 | 0.8692 | 0.8460
0765 | 10:29:48 |  16.4s | 1.0e-04 | 0.0382 | 0.9199 | 0.8868 | 0.9068 | 0.0420 | 0.9033 | 0.8603 | 0.8555
0719 | 10:30:05 |  31.6s | 1.0e-04 | 0.0410 | 0.9140 | 0.8806 | 0.8944 | 0.0439 | 0.8974 | 0.8672 | 0.8577
0766 | 10:30:23 |  31.4s | 1.0e-04 | 0.0394 | 0.9190 | 0.8882 | 0.9078 | 0.0419 | 0.9060 | 0.8685 | 0.8707
0720 | 10:30:56 |  16.9s | 1.0e-04 | 0.0408 | 0.9139 | 0.8795 | 0.8932 | 0.0437 | 0.8940 | 0.8650 | 0.8481
0767 | 10:31:14 |  16.6s | 1.0e-04 | 0.0395 | 0.9192 | 0.8888 | 0.9082 | 0.0421 | 0.8988 | 0.8698 | 0.8627
0721 | 10:31:33 |  29.9s | 1.0e-04 | 0.0410 | 0.9149 | 0.8833 | 0.8980 | 0.0443 | 0.8876 | 0.8702 | 0.8462
0768 | 10:31:50 |  29.2s | 1.0e-04 | 0.0397 | 0.9188 | 0.8890 | 0.9083 | 0.0418 | 0.9098 | 0.8632 | 0.8664
0722 | 10:32:22 |  16.3s | 1.0e-04 | 0.0410 | 0.9153 | 0.8836 | 0.8990 | 0.0435 | 0.9039 | 0.8507 | 0.8433
0769 | 10:32:40 |  16.4s | 1.0e-04 | 0.0398 | 0.9186 | 0.8885 | 0.9075 | 0.0418 | 0.8905 | 0.8786 | 0.8632
0770 | 10:33:18 |  27.2s | 1.0e-04 | 0.0375 | 0.9191 | 0.8853 | 0.9045 | 0.0420 | 0.8956 | 0.8685 | 0.8552
0723 | 10:32:58 |  47.3s | 1.0e-04 | 0.0414 | 0.9151 | 0.8825 | 0.8977 | 0.0431 | 0.8954 | 0.8585 | 0.8433
0724 | 10:34:08 |  29.1s | 1.0e-04 | 0.0413 | 0.9145 | 0.8822 | 0.8969 | 0.0438 | 0.8978 | 0.8620 | 0.8519
0771 | 10:34:08 |  44.7s | 1.0e-04 | 0.0376 | 0.9196 | 0.8852 | 0.9044 | 0.0422 | 0.9057 | 0.8605 | 0.8587
0725 | 10:34:57 |  42.2s | 1.0e-04 | 0.0421 | 0.9146 | 0.8841 | 0.8991 | 0.0435 | 0.8990 | 0.8664 | 0.8587
0772 | 10:35:12 |  27.8s | 1.0e-04 | 0.0384 | 0.9203 | 0.8877 | 0.9084 | 0.0420 | 0.9087 | 0.8541 | 0.8539
0726 | 10:36:01 |  28.2s | 1.0e-04 | 0.0416 | 0.9154 | 0.8848 | 0.9002 | 0.0437 | 0.8993 | 0.8596 | 0.8489
0773 | 10:36:01 |  43.8s | 1.0e-04 | 0.0381 | 0.9200 | 0.8889 | 0.9092 | 0.0419 | 0.8965 | 0.8670 | 0.8545
0774 | 10:37:03 |  25.4s | 1.0e-04 | 0.0374 | 0.9179 | 0.8824 | 0.8996 | 0.0418 | 0.9037 | 0.8665 | 0.8642
0727 | 10:36:49 |  42.9s | 1.0e-04 | 0.0416 | 0.9131 | 0.8790 | 0.8915 | 0.0432 | 0.9025 | 0.8540 | 0.8462
0728 | 10:37:53 |  23.9s | 1.0e-04 | 0.0417 | 0.9126 | 0.8773 | 0.8895 | 0.0428 | 0.9049 | 0.8523 | 0.8463
0775 | 10:37:48 |  46.8s | 1.0e-04 | 0.0373 | 0.9186 | 0.8816 | 0.8992 | 0.0422 | 0.9064 | 0.8653 | 0.8662
0729 | 10:38:37 |  29.8s | 1.0e-04 | 0.0416 | 0.9133 | 0.8792 | 0.8922 | 0.0427 | 0.9020 | 0.8559 | 0.8476
0776 | 10:38:55 |  21.2s | 1.0e-04 | 0.0374 | 0.9188 | 0.8830 | 0.9020 | 0.0422 | 0.8977 | 0.8658 | 0.8552
0730 | 10:39:26 |  38.3s | 1.0e-04 | 0.0415 | 0.9136 | 0.8795 | 0.8928 | 0.0436 | 0.8992 | 0.8645 | 0.8551
0777 | 10:39:39 |  40.4s | 1.0e-04 | 0.0375 | 0.9191 | 0.8851 | 0.9045 | 0.0423 | 0.9064 | 0.8645 | 0.8629
0731 | 10:40:22 |  17.1s | 1.0e-04 | 0.0410 | 0.9151 | 0.8827 | 0.8981 | 0.0436 | 0.8785 | 0.8735 | 0.8390
0778 | 10:40:41 |  16.8s | 1.0e-04 | 0.0377 | 0.9203 | 0.8878 | 0.9086 | 0.0421 | 0.9075 | 0.8538 | 0.8530
0732 | 10:41:00 |  30.3s | 1.0e-04 | 0.0410 | 0.9145 | 0.8813 | 0.8961 | 0.0437 | 0.9063 | 0.8515 | 0.8498
0779 | 10:41:17 |  34.1s | 1.0e-04 | 0.0384 | 0.9204 | 0.8879 | 0.9085 | 0.0413 | 0.9050 | 0.8607 | 0.8580
0733 | 10:41:48 |  16.6s | 1.0e-04 | 0.0406 | 0.9152 | 0.8812 | 0.8961 | 0.0438 | 0.8975 | 0.8657 | 0.8549
0780 | 10:42:09 |  16.5s | 1.0e-04 | 0.0404 | 0.9195 | 0.8903 | 0.9102 | 0.0420 | 0.9064 | 0.8698 | 0.8709
0734 | 10:42:26 |  31.9s | 1.0e-04 | 0.0405 | 0.9146 | 0.8815 | 0.8955 | 0.0438 | 0.8861 | 0.8680 | 0.8426
0781 | 10:42:46 |  34.6s | 1.0e-04 | 0.0396 | 0.9199 | 0.8893 | 0.9096 | 0.0421 | 0.9055 | 0.8673 | 0.8674
0735 | 10:43:18 |  16.7s | 1.0e-04 | 0.0407 | 0.9143 | 0.8794 | 0.8932 | 0.0425 | 0.8960 | 0.8650 | 0.8526
0782 | 10:43:39 |  17.1s | 1.0e-04 | 0.0384 | 0.9195 | 0.8856 | 0.9051 | 0.0426 | 0.9108 | 0.8618 | 0.8674
0736 | 10:43:56 |  39.5s | 1.0e-04 | 0.0406 | 0.9142 | 0.8804 | 0.8944 | 0.0431 | 0.9008 | 0.8562 | 0.8449
0783 | 10:44:13 |  34.4s | 1.0e-04 | 0.0386 | 0.9189 | 0.8859 | 0.9055 | 0.0413 | 0.9093 | 0.8547 | 0.8551
0737 | 10:44:53 |  19.3s | 1.0e-04 | 0.0410 | 0.9138 | 0.8804 | 0.8939 | 0.0431 | 0.8915 | 0.8642 | 0.8440
0784 | 10:45:08 |  17.4s | 1.0e-04 | 0.0392 | 0.9190 | 0.8858 | 0.9053 | 0.0413 | 0.9020 | 0.8649 | 0.8590
0738 | 10:45:30 |  45.0s | 1.0e-04 | 0.0415 | 0.9143 | 0.8805 | 0.8938 | 0.0435 | 0.8994 | 0.8640 | 0.8542
0785 | 10:45:44 |  36.2s | 1.0e-04 | 0.0393 | 0.9182 | 0.8867 | 0.9050 | 0.0421 | 0.9031 | 0.8716 | 0.8697
0739 | 10:46:33 |  24.9s | 1.0e-04 | 0.0415 | 0.9126 | 0.8777 | 0.8898 | 0.0430 | 0.8977 | 0.8597 | 0.8468
0786 | 10:46:41 |  23.1s | 1.0e-04 | 0.0396 | 0.9201 | 0.8897 | 0.9103 | 0.0420 | 0.8890 | 0.8806 | 0.8640
0787 | 10:47:25 |  36.4s | 1.0e-04 | 0.0389 | 0.9193 | 0.8876 | 0.9072 | 0.0414 | 0.9003 | 0.8710 | 0.8641
0740 | 10:47:16 |  45.5s | 1.0e-04 | 0.0412 | 0.9135 | 0.8794 | 0.8925 | 0.0432 | 0.9016 | 0.8619 | 0.8556
0788 | 10:48:22 |  28.2s | 1.0e-04 | 0.0381 | 0.9183 | 0.8832 | 0.9016 | 0.0412 | 0.8979 | 0.8689 | 0.8588
0741 | 10:48:23 |  28.2s | 1.0e-04 | 0.0403 | 0.9151 | 0.8825 | 0.8977 | 0.0434 | 0.8999 | 0.8545 | 0.8424
0789 | 10:49:12 |  43.9s | 1.0e-04 | 0.0384 | 0.9188 | 0.8842 | 0.9022 | 0.0415 | 0.8941 | 0.8719 | 0.8575
0742 | 10:49:13 |  51.4s | 1.0e-04 | 0.0405 | 0.9152 | 0.8816 | 0.8967 | 0.0433 | 0.8897 | 0.8706 | 0.8511
0790 | 10:50:13 |  21.7s | 1.0e-04 | 0.0388 | 0.9186 | 0.8845 | 0.9036 | 0.0414 | 0.9032 | 0.8652 | 0.8605
0743 | 10:50:25 |  20.2s | 1.0e-04 | 0.0410 | 0.9135 | 0.8799 | 0.8928 | 0.0433 | 0.8990 | 0.8632 | 0.8527
0791 | 10:50:51 |  28.6s | 1.0e-04 | 0.0390 | 0.9185 | 0.8861 | 0.9047 | 0.0418 | 0.9066 | 0.8678 | 0.8692
0744 | 10:51:04 |  46.1s | 1.0e-04 | 0.0405 | 0.9141 | 0.8810 | 0.8953 | 0.0431 | 0.9038 | 0.8505 | 0.8436
0792 | 10:51:37 |  20.6s | 1.0e-04 | 0.0398 | 0.9185 | 0.8872 | 0.9060 | 0.0414 | 0.9013 | 0.8683 | 0.8622
0745 | 10:52:10 |  17.7s | 1.0e-04 | 0.0403 | 0.9152 | 0.8804 | 0.8950 | 0.0428 | 0.8957 | 0.8596 | 0.8454
0793 | 10:52:19 |  43.7s | 1.0e-04 | 0.0390 | 0.9193 | 0.8872 | 0.9067 | 0.0415 | 0.9015 | 0.8660 | 0.8620
0746 | 10:52:48 |  48.5s | 1.0e-04 | 0.0406 | 0.9146 | 0.8814 | 0.8958 | 0.0429 | 0.8959 | 0.8708 | 0.8596
0794 | 10:53:19 |  21.2s | 1.0e-04 | 0.0387 | 0.9195 | 0.8868 | 0.9069 | 0.0422 | 0.8976 | 0.8797 | 0.8720
0747 | 10:53:56 |  22.3s | 1.0e-04 | 0.0411 | 0.9142 | 0.8799 | 0.8934 | 0.0428 | 0.8943 | 0.8724 | 0.8598
0795 | 10:54:02 |  36.3s | 1.0e-04 | 0.0379 | 0.9200 | 0.8865 | 0.9066 | 0.0415 | 0.9120 | 0.8560 | 0.8635
0748 | 10:54:37 |  40.2s | 1.0e-04 | 0.0403 | 0.9150 | 0.8812 | 0.8955 | 0.0431 | 0.8905 | 0.8655 | 0.8438
0796 | 10:54:56 |  26.4s | 1.0e-04 | 0.0374 | 0.9198 | 0.8865 | 0.9062 | 0.0425 | 0.9083 | 0.8549 | 0.8544
0749 | 10:55:37 |  22.0s | 1.0e-04 | 0.0398 | 0.9163 | 0.8825 | 0.8982 | 0.0434 | 0.9012 | 0.8530 | 0.8462
0797 | 10:55:44 |  31.8s | 1.0e-04 | 0.0377 | 0.9206 | 0.8876 | 0.9080 | 0.0416 | 0.9039 | 0.8603 | 0.8547
0750 | 10:56:18 |  41.3s | 1.0e-04 | 0.0396 | 0.9151 | 0.8799 | 0.8945 | 0.0422 | 0.9027 | 0.8512 | 0.8438
0798 | 10:56:32 |  27.6s | 1.0e-04 | 0.0376 | 0.9199 | 0.8863 | 0.9066 | 0.0420 | 0.9024 | 0.8682 | 0.8630
0751 | 10:57:21 |  19.5s | 1.0e-04 | 0.0397 | 0.9139 | 0.8777 | 0.8911 | 0.0432 | 0.9009 | 0.8597 | 0.8518
0799 | 10:57:21 |  31.3s | 1.0e-04 | 0.0387 | 0.9195 | 0.8870 | 0.9071 | 0.0411 | 0.8975 | 0.8635 | 0.8517
0800 | 10:58:11 |  29.0s | 1.0e-04 | 0.0391 | 0.9191 | 0.8870 | 0.9062 | 0.0411 | 0.9032 | 0.8587 | 0.8511
0752 | 10:57:58 |  43.6s | 1.0e-04 | 0.0396 | 0.9150 | 0.8792 | 0.8932 | 0.0433 | 0.9054 | 0.8585 | 0.8571
0753 | 10:59:02 |  16.7s | 1.0e-04 | 0.0394 | 0.9156 | 0.8795 | 0.8945 | 0.0426 | 0.9033 | 0.8592 | 0.8539
0801 | 10:58:58 |  30.1s | 1.0e-04 | 0.0377 | 0.9199 | 0.8872 | 0.9076 | 0.0418 | 0.9119 | 0.8505 | 0.8537
0754 | 10:59:36 |  35.2s | 1.0e-04 | 0.0396 | 0.9157 | 0.8806 | 0.8957 | 0.0433 | 0.9025 | 0.8597 | 0.8569
0802 | 10:59:48 |  26.2s | 1.0e-04 | 0.0372 | 0.9200 | 0.8870 | 0.9072 | 0.0423 | 0.9156 | 0.8469 | 0.8589
0755 | 11:00:30 |  19.4s | 1.0e-04 | 0.0395 | 0.9149 | 0.8791 | 0.8930 | 0.0427 | 0.8931 | 0.8710 | 0.8552
0803 | 11:00:35 |  29.4s | 1.0e-04 | 0.0373 | 0.9217 | 0.8911 | 0.9136 | 0.0416 | 0.8977 | 0.8602 | 0.8470
0756 | 11:01:08 |  36.8s | 1.0e-04 | 0.0400 | 0.9158 | 0.8823 | 0.8979 | 0.0429 | 0.8944 | 0.8618 | 0.8451
0804 | 11:01:23 |  25.3s | 1.0e-04 | 0.0374 | 0.9225 | 0.8930 | 0.9160 | 0.0426 | 0.9107 | 0.8577 | 0.8641
0757 | 11:02:02 |  19.0s | 1.0e-04 | 0.0398 | 0.9161 | 0.8835 | 0.8996 | 0.0433 | 0.9031 | 0.8644 | 0.8620
0805 | 11:02:09 |  35.5s | 1.0e-04 | 0.0383 | 0.9210 | 0.8915 | 0.9130 | 0.0421 | 0.9058 | 0.8653 | 0.8640
0758 | 11:02:42 |  42.3s | 1.0e-04 | 0.0404 | 0.9144 | 0.8790 | 0.8929 | 0.0434 | 0.8952 | 0.8709 | 0.8607
0806 | 11:03:02 |  25.5s | 1.0e-04 | 0.0384 | 0.9207 | 0.8899 | 0.9107 | 0.0423 | 0.9106 | 0.8537 | 0.8585
0759 | 11:03:43 |  18.1s | 1.0e-04 | 0.0405 | 0.9132 | 0.8766 | 0.8884 | 0.0428 | 0.8965 | 0.8679 | 0.8587
0807 | 11:03:48 |  29.5s | 1.0e-04 | 0.0370 | 0.9197 | 0.8861 | 0.9056 | 0.0417 | 0.8993 | 0.8671 | 0.8581
0760 | 11:04:21 |  39.6s | 1.0e-04 | 0.0406 | 0.9154 | 0.8830 | 0.8982 | 0.0435 | 0.8920 | 0.8744 | 0.8599
0808 | 11:04:36 |  26.7s | 1.0e-04 | 0.0370 | 0.9202 | 0.8848 | 0.9050 | 0.0413 | 0.8944 | 0.8661 | 0.8508
0761 | 11:05:20 |  16.5s | 1.0e-04 | 0.0410 | 0.9152 | 0.8829 | 0.8983 | 0.0427 | 0.8935 | 0.8608 | 0.8435
0809 | 11:05:23 |  29.9s | 1.0e-04 | 0.0386 | 0.9195 | 0.8866 | 0.9063 | 0.0412 | 0.9081 | 0.8689 | 0.8733
0810 | 11:06:10 |  32.1s | 1.0e-04 | 0.0382 | 0.9195 | 0.8869 | 0.9068 | 0.0419 | 0.9054 | 0.8698 | 0.8694
0762 | 11:05:56 |  47.9s | 1.0e-04 | 0.0411 | 0.9149 | 0.8820 | 0.8963 | 0.0430 | 0.8889 | 0.8726 | 0.8532
0763 | 11:07:04 |  18.6s | 1.0e-04 | 0.0410 | 0.9155 | 0.8832 | 0.8986 | 0.0427 | 0.8912 | 0.8642 | 0.8449
0811 | 11:07:01 |  32.0s | 1.0e-04 | 0.0376 | 0.9186 | 0.8833 | 0.9016 | 0.0414 | 0.8965 | 0.8693 | 0.8586
0764 | 11:07:42 |  42.0s | 1.0e-04 | 0.0410 | 0.9154 | 0.8818 | 0.8969 | 0.0427 | 0.9042 | 0.8627 | 0.8622
0812 | 11:07:52 |  41.0s | 1.0e-04 | 0.0376 | 0.9189 | 0.8850 | 0.9032 | 0.0417 | 0.9132 | 0.8591 | 0.8675
0765 | 11:08:45 |  22.3s | 1.0e-04 | 0.0406 | 0.9147 | 0.8828 | 0.8977 | 0.0428 | 0.8924 | 0.8678 | 0.8510
0813 | 11:08:55 |  20.9s | 1.0e-04 | 0.0371 | 0.9226 | 0.8921 | 0.9149 | 0.0419 | 0.8951 | 0.8724 | 0.8604
0766 | 11:09:27 |  31.0s | 1.0e-04 | 0.0409 | 0.9153 | 0.8832 | 0.8981 | 0.0428 | 0.8914 | 0.8649 | 0.8451
0814 | 11:09:33 |  43.0s | 1.0e-04 | 0.0374 | 0.9222 | 0.8910 | 0.9140 | 0.0417 | 0.8950 | 0.8753 | 0.8621
0767 | 11:10:19 |  27.7s | 1.0e-04 | 0.0409 | 0.9153 | 0.8832 | 0.8982 | 0.0427 | 0.8933 | 0.8687 | 0.8519
0815 | 11:10:36 |  15.6s | 1.0e-04 | 0.0394 | 0.9165 | 0.8825 | 0.8992 | 0.0410 | 0.9078 | 0.8719 | 0.8758
0768 | 11:11:05 |  28.5s | 1.0e-04 | 0.0408 | 0.9154 | 0.8839 | 0.8994 | 0.0423 | 0.9007 | 0.8588 | 0.8502
0816 | 11:11:11 |  43.9s | 1.0e-04 | 0.0387 | 0.9176 | 0.8835 | 0.9011 | 0.0409 | 0.9073 | 0.8611 | 0.8615
0769 | 11:11:54 |  25.9s | 1.0e-04 | 0.0406 | 0.9155 | 0.8837 | 0.8990 | 0.0432 | 0.9018 | 0.8641 | 0.8601
0817 | 11:12:13 |  16.5s | 1.0e-04 | 0.0378 | 0.9212 | 0.8898 | 0.9116 | 0.0415 | 0.8989 | 0.8618 | 0.8505
0770 | 11:12:40 |  23.5s | 1.0e-04 | 0.0396 | 0.9133 | 0.8777 | 0.8900 | 0.0429 | 0.8926 | 0.8743 | 0.8593
0818 | 11:12:49 |  46.9s | 1.0e-04 | 0.0375 | 0.9205 | 0.8883 | 0.9087 | 0.0412 | 0.9023 | 0.8694 | 0.8666
0771 | 11:13:23 |  45.1s | 1.0e-04 | 0.0398 | 0.9131 | 0.8768 | 0.8891 | 0.0426 | 0.8906 | 0.8670 | 0.8465
0819 | 11:13:56 |  15.1s | 1.0e-04 | 0.0383 | 0.9193 | 0.8860 | 0.9055 | 0.0413 | 0.9145 | 0.8628 | 0.8761
0772 | 11:14:27 |  21.1s | 1.0e-04 | 0.0417 | 0.9150 | 0.8848 | 0.9000 | 0.0423 | 0.8969 | 0.8666 | 0.8544
0820 | 11:14:29 |  46.0s | 1.0e-04 | 0.0383 | 0.9203 | 0.8879 | 0.9088 | 0.0410 | 0.9066 | 0.8579 | 0.8555
0773 | 11:15:07 |  43.0s | 1.0e-04 | 0.0414 | 0.9153 | 0.8847 | 0.9002 | 0.0418 | 0.8943 | 0.8662 | 0.8512
0821 | 11:15:34 |  17.2s | 1.0e-04 | 0.0374 | 0.9207 | 0.8877 | 0.9089 | 0.0406 | 0.9042 | 0.8633 | 0.8598
0774 | 11:16:10 |  21.4s | 1.0e-04 | 0.0404 | 0.9143 | 0.8814 | 0.8959 | 0.0421 | 0.9000 | 0.8612 | 0.8547
0822 | 11:16:11 |  48.7s | 1.0e-04 | 0.0375 | 0.9198 | 0.8878 | 0.9080 | 0.0416 | 0.9013 | 0.8663 | 0.8604
0775 | 11:16:49 |  43.1s | 1.0e-04 | 0.0403 | 0.9146 | 0.8830 | 0.8981 | 0.0420 | 0.9008 | 0.8546 | 0.8440
0823 | 11:17:15 |  17.1s | 1.0e-04 | 0.0371 | 0.9205 | 0.8869 | 0.9077 | 0.0417 | 0.9043 | 0.8687 | 0.8674
0776 | 11:17:55 |  19.7s | 1.0e-04 | 0.0393 | 0.9157 | 0.8828 | 0.8985 | 0.0424 | 0.8976 | 0.8637 | 0.8536
0824 | 11:17:55 |  47.1s | 1.0e-04 | 0.0371 | 0.9213 | 0.8896 | 0.9113 | 0.0417 | 0.9010 | 0.8671 | 0.8610
0825 | 11:18:58 |  17.6s | 1.0e-04 | 0.0369 | 0.9234 | 0.8935 | 0.9173 | 0.0422 | 0.9002 | 0.8714 | 0.8650
0777 | 11:18:35 |  42.4s | 1.0e-04 | 0.0397 | 0.9159 | 0.8823 | 0.8981 | 0.0424 | 0.8969 | 0.8632 | 0.8503
0778 | 11:19:38 |  19.5s | 1.0e-04 | 0.0408 | 0.9158 | 0.8844 | 0.9001 | 0.0433 | 0.9022 | 0.8689 | 0.8667
0826 | 11:19:35 |  47.3s | 1.0e-04 | 0.0376 | 0.9207 | 0.8885 | 0.9097 | 0.0407 | 0.9021 | 0.8667 | 0.8617
0827 | 11:20:39 |  17.5s | 1.0e-04 | 0.0375 | 0.9182 | 0.8824 | 0.9005 | 0.0413 | 0.8966 | 0.8640 | 0.8507
0779 | 11:20:15 |  42.9s | 1.0e-04 | 0.0407 | 0.9162 | 0.8849 | 0.9012 | 0.0424 | 0.8915 | 0.8658 | 0.8455
0780 | 11:21:20 |  19.9s | 1.0e-04 | 0.0411 | 0.9162 | 0.8862 | 0.9025 | 0.0428 | 0.8980 | 0.8674 | 0.8579
0828 | 11:21:16 |  51.7s | 1.0e-04 | 0.0380 | 0.9197 | 0.8857 | 0.9051 | 0.0404 | 0.9015 | 0.8644 | 0.8592
0781 | 11:21:56 |  45.1s | 1.0e-04 | 0.0406 | 0.9169 | 0.8856 | 0.9032 | 0.0427 | 0.9016 | 0.8636 | 0.8567
0829 | 11:22:27 |  18.6s | 1.0e-04 | 0.0385 | 0.9200 | 0.8881 | 0.9082 | 0.0410 | 0.9003 | 0.8672 | 0.8607
0782 | 11:23:01 |  19.6s | 1.0e-04 | 0.0403 | 0.9165 | 0.8864 | 0.9028 | 0.0425 | 0.8953 | 0.8660 | 0.8500
0830 | 11:23:10 |  46.0s | 1.0e-04 | 0.0386 | 0.9203 | 0.8883 | 0.9091 | 0.0413 | 0.9038 | 0.8694 | 0.8664
0783 | 11:23:41 |  46.8s | 1.0e-04 | 0.0403 | 0.9166 | 0.8845 | 0.9015 | 0.0421 | 0.8978 | 0.8641 | 0.8519
0831 | 11:24:13 |  19.4s | 1.0e-04 | 0.0388 | 0.9207 | 0.8889 | 0.9104 | 0.0416 | 0.9016 | 0.8670 | 0.8625
0784 | 11:24:47 |  18.2s | 1.0e-04 | 0.0399 | 0.9164 | 0.8831 | 0.8990 | 0.0423 | 0.9035 | 0.8540 | 0.8470
0832 | 11:24:54 |  45.4s | 1.0e-04 | 0.0376 | 0.9214 | 0.8911 | 0.9129 | 0.0419 | 0.9032 | 0.8616 | 0.8571
0833 | 11:25:56 |  19.8s | 1.0e-04 | 0.0369 | 0.9232 | 0.8932 | 0.9169 | 0.0421 | 0.9093 | 0.8622 | 0.8660
0785 | 11:25:26 |  50.5s | 1.0e-04 | 0.0390 | 0.9163 | 0.8829 | 0.8988 | 0.0435 | 0.8810 | 0.8811 | 0.8561
0786 | 11:26:37 |  20.8s | 1.0e-04 | 0.0385 | 0.9165 | 0.8812 | 0.8976 | 0.0424 | 0.9063 | 0.8481 | 0.8448
0834 | 11:26:37 |  52.8s | 1.0e-04 | 0.0373 | 0.9221 | 0.8900 | 0.9124 | 0.0418 | 0.9139 | 0.8526 | 0.8618
0787 | 11:27:15 |  48.6s | 1.0e-04 | 0.0392 | 0.9166 | 0.8830 | 0.8991 | 0.0432 | 0.9028 | 0.8631 | 0.8591
0835 | 11:27:47 |  20.6s | 1.0e-04 | 0.0377 | 0.9204 | 0.8870 | 0.9073 | 0.0412 | 0.9051 | 0.8719 | 0.8716
0788 | 11:28:23 |  16.8s | 1.0e-04 | 0.0394 | 0.9179 | 0.8860 | 0.9043 | 0.0430 | 0.8973 | 0.8674 | 0.8568
0836 | 11:28:29 |  44.1s | 1.0e-04 | 0.0390 | 0.9190 | 0.8881 | 0.9077 | 0.0406 | 0.9059 | 0.8624 | 0.8622
0789 | 11:28:58 |  49.7s | 1.0e-04 | 0.0395 | 0.9159 | 0.8827 | 0.8991 | 0.0423 | 0.9033 | 0.8628 | 0.8599
0837 | 11:29:32 |  31.4s | 1.0e-04 | 0.0393 | 0.9199 | 0.8889 | 0.9094 | 0.0412 | 0.9012 | 0.8709 | 0.8656
0790 | 11:30:04 |  16.8s | 1.0e-04 | 0.0393 | 0.9151 | 0.8810 | 0.8956 | 0.0423 | 0.8973 | 0.8657 | 0.8538
0838 | 11:30:21 |  34.1s | 1.0e-04 | 0.0384 | 0.9193 | 0.8866 | 0.9064 | 0.0408 | 0.9048 | 0.8745 | 0.8738
0791 | 11:30:41 |  51.9s | 1.0e-04 | 0.0384 | 0.9170 | 0.8843 | 0.9009 | 0.0433 | 0.9004 | 0.8577 | 0.8493
0839 | 11:31:13 |  32.4s | 1.0e-04 | 0.0381 | 0.9187 | 0.8833 | 0.9015 | 0.0408 | 0.8955 | 0.8750 | 0.8626
0792 | 11:31:49 |  17.2s | 1.0e-04 | 0.0380 | 0.9189 | 0.8877 | 0.9070 | 0.0440 | 0.9027 | 0.8633 | 0.8593
0840 | 11:32:07 |  33.9s | 1.0e-04 | 0.0387 | 0.9177 | 0.8827 | 0.9003 | 0.0404 | 0.9039 | 0.8726 | 0.8712
0793 | 11:32:26 |  49.6s | 1.0e-04 | 0.0388 | 0.9166 | 0.8835 | 0.9001 | 0.0422 | 0.8868 | 0.8692 | 0.8440
0841 | 11:32:58 |  34.2s | 1.0e-04 | 0.0387 | 0.9172 | 0.8834 | 0.9009 | 0.0409 | 0.9005 | 0.8796 | 0.8738
0794 | 11:33:36 |  16.9s | 1.0e-04 | 0.0391 | 0.9154 | 0.8797 | 0.8947 | 0.0425 | 0.8959 | 0.8685 | 0.8563
0842 | 11:33:52 |  33.1s | 1.0e-04 | 0.0377 | 0.9204 | 0.8869 | 0.9073 | 0.0408 | 0.9121 | 0.8595 | 0.8654
0795 | 11:34:14 |  49.3s | 1.0e-04 | 0.0398 | 0.9150 | 0.8809 | 0.8957 | 0.0424 | 0.8861 | 0.8768 | 0.8527
0843 | 11:34:42 |  31.1s | 1.0e-04 | 0.0376 | 0.9206 | 0.8877 | 0.9083 | 0.0410 | 0.9084 | 0.8678 | 0.8698
0796 | 11:35:22 |  20.4s | 1.0e-04 | 0.0400 | 0.9157 | 0.8824 | 0.8982 | 0.0424 | 0.8944 | 0.8666 | 0.8507
0844 | 11:35:34 |  39.1s | 1.0e-04 | 0.0386 | 0.9214 | 0.8908 | 0.9125 | 0.0408 | 0.9081 | 0.8624 | 0.8647
0797 | 11:36:01 |  49.3s | 1.0e-04 | 0.0401 | 0.9171 | 0.8850 | 0.9022 | 0.0423 | 0.8879 | 0.8722 | 0.8508
0845 | 11:36:31 |  34.7s | 1.0e-04 | 0.0386 | 0.9210 | 0.8919 | 0.9132 | 0.0413 | 0.8986 | 0.8689 | 0.8601
0798 | 11:37:10 |  18.6s | 1.0e-04 | 0.0405 | 0.9166 | 0.8860 | 0.9032 | 0.0420 | 0.9067 | 0.8615 | 0.8607
0846 | 11:37:25 |  36.5s | 1.0e-04 | 0.0380 | 0.9196 | 0.8865 | 0.9065 | 0.0409 | 0.8984 | 0.8678 | 0.8589
0799 | 11:37:46 |  48.9s | 1.0e-04 | 0.0408 | 0.9167 | 0.8869 | 0.9038 | 0.0430 | 0.9017 | 0.8563 | 0.8464
0847 | 11:38:23 |  37.1s | 1.0e-04 | 0.0382 | 0.9198 | 0.8867 | 0.9068 | 0.0408 | 0.8925 | 0.8715 | 0.8564
0800 | 11:38:51 |  18.1s | 1.0e-04 | 0.0408 | 0.9161 | 0.8864 | 0.9028 | 0.0421 | 0.8987 | 0.8664 | 0.8579
0848 | 11:39:17 |  30.1s | 1.0e-04 | 0.0371 | 0.9217 | 0.8904 | 0.9124 | 0.0414 | 0.9085 | 0.8567 | 0.8571
0801 | 11:39:28 |  36.6s | 1.0e-04 | 0.0414 | 0.9154 | 0.8831 | 0.8983 | 0.0424 | 0.8965 | 0.8682 | 0.8574
0849 | 11:40:07 |  27.4s | 1.0e-04 | 0.0374 | 0.9220 | 0.8905 | 0.9131 | 0.0415 | 0.8952 | 0.8731 | 0.8609
0802 | 11:40:23 |  19.2s | 1.0e-04 | 0.0416 | 0.9149 | 0.8819 | 0.8967 | 0.0408 | 0.8965 | 0.8712 | 0.8601
0850 | 11:40:52 |  29.4s | 1.0e-04 | 0.0396 | 0.9197 | 0.8899 | 0.9098 | 0.0409 | 0.9046 | 0.8712 | 0.8704
0803 | 11:41:02 |  41.5s | 1.0e-04 | 0.0396 | 0.9172 | 0.8856 | 0.9028 | 0.0428 | 0.8881 | 0.8754 | 0.8536
0851 | 11:41:43 |  30.2s | 1.0e-04 | 0.0394 | 0.9206 | 0.8911 | 0.9126 | 0.0413 | 0.9138 | 0.8595 | 0.8690
0804 | 11:42:00 |  19.6s | 1.0e-04 | 0.0390 | 0.9181 | 0.8866 | 0.9051 | 0.0432 | 0.8989 | 0.8638 | 0.8544
0852 | 11:42:31 |  30.5s | 1.0e-04 | 0.0378 | 0.9199 | 0.8868 | 0.9068 | 0.0415 | 0.8978 | 0.8817 | 0.8758
0805 | 11:42:41 |  40.8s | 1.0e-04 | 0.0389 | 0.9172 | 0.8843 | 0.9015 | 0.0427 | 0.8914 | 0.8743 | 0.8586
0853 | 11:43:22 |  30.1s | 1.0e-04 | 0.0380 | 0.9196 | 0.8871 | 0.9070 | 0.0408 | 0.9055 | 0.8698 | 0.8694
0806 | 11:43:38 |  21.3s | 1.0e-04 | 0.0388 | 0.9166 | 0.8843 | 0.9005 | 0.0424 | 0.8976 | 0.8661 | 0.8545
0854 | 11:44:14 |  18.1s | 1.0e-04 | 0.0381 | 0.9225 | 0.8925 | 0.9151 | 0.0414 | 0.9060 | 0.8682 | 0.8708
0807 | 11:44:26 |  33.3s | 1.0e-04 | 0.0390 | 0.9157 | 0.8815 | 0.8973 | 0.0422 | 0.8925 | 0.8721 | 0.8555
0855 | 11:44:52 |  45.3s | 1.0e-04 | 0.0380 | 0.9218 | 0.8918 | 0.9144 | 0.0414 | 0.9059 | 0.8643 | 0.8643
0808 | 11:45:15 |  28.3s | 1.0e-04 | 0.0396 | 0.9148 | 0.8804 | 0.8942 | 0.0423 | 0.9015 | 0.8658 | 0.8613
0856 | 11:45:53 |  17.6s | 1.0e-04 | 0.0376 | 0.9213 | 0.8900 | 0.9120 | 0.0410 | 0.8977 | 0.8729 | 0.8658
0809 | 11:46:02 |  39.1s | 1.0e-04 | 0.0392 | 0.9161 | 0.8819 | 0.8978 | 0.0418 | 0.9082 | 0.8537 | 0.8555
0857 | 11:46:29 |  45.2s | 1.0e-04 | 0.0372 | 0.9215 | 0.8899 | 0.9119 | 0.0412 | 0.8918 | 0.8749 | 0.8559
0810 | 11:47:00 |  25.5s | 1.0e-04 | 0.0392 | 0.9164 | 0.8825 | 0.8987 | 0.0430 | 0.8903 | 0.8743 | 0.8569
0858 | 11:47:29 |  17.2s | 1.0e-04 | 0.0377 | 0.9212 | 0.8905 | 0.9121 | 0.0412 | 0.9017 | 0.8716 | 0.8666
0811 | 11:47:44 |  32.2s | 1.0e-04 | 0.0394 | 0.9164 | 0.8854 | 0.9022 | 0.0421 | 0.9044 | 0.8535 | 0.8494
0859 | 11:48:06 |  44.7s | 1.0e-04 | 0.0378 | 0.9224 | 0.8920 | 0.9145 | 0.0408 | 0.9040 | 0.8568 | 0.8505
0812 | 11:48:34 |  38.3s | 1.0e-04 | 0.0393 | 0.9166 | 0.8854 | 0.9021 | 0.0428 | 0.9065 | 0.8650 | 0.8664
0860 | 11:49:06 |  14.8s | 1.0e-04 | 0.0375 | 0.9229 | 0.8929 | 0.9158 | 0.0417 | 0.8936 | 0.8714 | 0.8551
0813 | 11:49:28 |  21.9s | 1.0e-04 | 0.0382 | 0.9160 | 0.8814 | 0.8971 | 0.0417 | 0.8985 | 0.8596 | 0.8490
0861 | 11:49:39 |  45.1s | 1.0e-04 | 0.0379 | 0.9213 | 0.8906 | 0.9119 | 0.0406 | 0.9083 | 0.8659 | 0.8696
0814 | 11:50:08 |  34.9s | 1.0e-04 | 0.0384 | 0.9171 | 0.8830 | 0.8995 | 0.0423 | 0.8998 | 0.8705 | 0.8632
0862 | 11:50:41 |  17.0s | 1.0e-04 | 0.0383 | 0.9202 | 0.8876 | 0.9077 | 0.0406 | 0.9070 | 0.8637 | 0.8641
0815 | 11:51:00 |  16.8s | 1.0e-04 | 0.0399 | 0.9174 | 0.8871 | 0.9046 | 0.0423 | 0.8970 | 0.8698 | 0.8596
0863 | 11:51:16 |  36.5s | 1.0e-04 | 0.0374 | 0.9208 | 0.8872 | 0.9082 | 0.0405 | 0.9131 | 0.8604 | 0.8705
0816 | 11:51:32 |  42.0s | 1.0e-04 | 0.0397 | 0.9166 | 0.8863 | 0.9030 | 0.0418 | 0.9009 | 0.8623 | 0.8559
0864 | 11:52:09 |  16.0s | 1.0e-04 | 0.0374 | 0.9205 | 0.8874 | 0.9084 | 0.0405 | 0.9010 | 0.8687 | 0.8621
0817 | 11:52:29 |  18.2s | 1.0e-04 | 0.0388 | 0.9160 | 0.8814 | 0.8974 | 0.0423 | 0.9005 | 0.8684 | 0.8622
0865 | 11:52:44 |  40.4s | 1.0e-04 | 0.0375 | 0.9217 | 0.8890 | 0.9107 | 0.0414 | 0.8984 | 0.8747 | 0.8670
0818 | 11:53:04 |  41.4s | 1.0e-04 | 0.0393 | 0.9159 | 0.8808 | 0.8959 | 0.0419 | 0.8999 | 0.8659 | 0.8579
0866 | 11:53:40 |  17.2s | 1.0e-04 | 0.0380 | 0.9202 | 0.8879 | 0.9082 | 0.0410 | 0.9036 | 0.8671 | 0.8633
0819 | 11:54:01 |  18.1s | 1.0e-04 | 0.0405 | 0.9163 | 0.8842 | 0.9003 | 0.0421 | 0.9014 | 0.8563 | 0.8490
0867 | 11:54:16 |  39.1s | 1.0e-04 | 0.0387 | 0.9192 | 0.8880 | 0.9082 | 0.0405 | 0.9066 | 0.8639 | 0.8648
0820 | 11:54:37 |  39.8s | 1.0e-04 | 0.0405 | 0.9168 | 0.8847 | 0.9017 | 0.0424 | 0.9045 | 0.8601 | 0.8574
0868 | 11:55:11 |  17.6s | 1.0e-04 | 0.0389 | 0.9204 | 0.8901 | 0.9109 | 0.0409 | 0.9018 | 0.8774 | 0.8741
0821 | 11:55:33 |  18.8s | 1.0e-04 | 0.0397 | 0.9183 | 0.8891 | 0.9083 | 0.0426 | 0.9074 | 0.8594 | 0.8589
0869 | 11:55:47 |  39.4s | 1.0e-04 | 0.0383 | 0.9212 | 0.8909 | 0.9122 | 0.0410 | 0.9010 | 0.8715 | 0.8676
0822 | 11:56:10 |  38.6s | 1.0e-04 | 0.0397 | 0.9178 | 0.8864 | 0.9042 | 0.0420 | 0.9099 | 0.8572 | 0.8589
0870 | 11:56:42 |  18.3s | 1.0e-04 | 0.0375 | 0.9225 | 0.8915 | 0.9145 | 0.0411 | 0.8987 | 0.8747 | 0.8682
0823 | 11:57:04 |  17.3s | 1.0e-04 | 0.0393 | 0.9155 | 0.8795 | 0.8946 | 0.0426 | 0.8985 | 0.8747 | 0.8693
0871 | 11:57:19 |  37.1s | 1.0e-04 | 0.0378 | 0.9217 | 0.8912 | 0.9137 | 0.0415 | 0.9024 | 0.8677 | 0.8636
0824 | 11:57:40 |  37.1s | 1.0e-04 | 0.0394 | 0.9153 | 0.8811 | 0.8957 | 0.0412 | 0.9129 | 0.8485 | 0.8559
0872 | 11:58:16 |  15.8s | 1.0e-04 | 0.0384 | 0.9220 | 0.8940 | 0.9163 | 0.0413 | 0.9071 | 0.8688 | 0.8708
0825 | 11:58:34 |  17.1s | 1.0e-04 | 0.0396 | 0.9168 | 0.8834 | 0.9002 | 0.0415 | 0.9019 | 0.8601 | 0.8544
0873 | 11:58:50 |  35.8s | 1.0e-04 | 0.0369 | 0.9204 | 0.8884 | 0.9092 | 0.0412 | 0.9114 | 0.8628 | 0.8717
0826 | 11:59:10 |  37.4s | 1.0e-04 | 0.0394 | 0.9171 | 0.8833 | 0.9006 | 0.0420 | 0.8958 | 0.8672 | 0.8538
0874 | 11:59:44 |  17.2s | 1.0e-04 | 0.0358 | 0.9210 | 0.8835 | 0.9039 | 0.0411 | 0.9075 | 0.8619 | 0.8614
0827 | 12:00:04 |  16.2s | 1.0e-04 | 0.0396 | 0.9170 | 0.8851 | 0.9022 | 0.0423 | 0.8992 | 0.8692 | 0.8600
0875 | 12:00:20 |  40.0s | 1.0e-04 | 0.0373 | 0.9217 | 0.8898 | 0.9117 | 0.0408 | 0.9030 | 0.8709 | 0.8686
0828 | 12:00:38 |  36.0s | 1.0e-04 | 0.0390 | 0.9171 | 0.8837 | 0.9013 | 0.0417 | 0.9013 | 0.8559 | 0.8482
0876 | 12:01:17 |  17.1s | 1.0e-04 | 0.0382 | 0.9213 | 0.8918 | 0.9134 | 0.0409 | 0.9012 | 0.8674 | 0.8605
0829 | 12:01:33 |  17.1s | 1.0e-04 | 0.0387 | 0.9160 | 0.8822 | 0.8979 | 0.0426 | 0.9011 | 0.8680 | 0.8636
0877 | 12:01:52 |  44.0s | 1.0e-04 | 0.0370 | 0.9205 | 0.8861 | 0.9065 | 0.0409 | 0.9079 | 0.8708 | 0.8754
0830 | 12:02:07 |  44.1s | 1.0e-04 | 0.0390 | 0.9168 | 0.8835 | 0.9000 | 0.0419 | 0.8991 | 0.8669 | 0.8578
0878 | 12:02:53 |  17.5s | 1.0e-04 | 0.0364 | 0.9204 | 0.8846 | 0.9054 | 0.0406 | 0.9072 | 0.8677 | 0.8699
0831 | 12:03:09 |  16.8s | 1.0e-04 | 0.0395 | 0.9169 | 0.8842 | 0.9010 | 0.0415 | 0.9047 | 0.8614 | 0.8566
0879 | 12:03:29 |  28.5s | 1.0e-04 | 0.0370 | 0.9210 | 0.8888 | 0.9100 | 0.0410 | 0.9115 | 0.8673 | 0.8744
0832 | 12:03:43 |  46.4s | 1.0e-04 | 0.0398 | 0.9164 | 0.8855 | 0.9021 | 0.0418 | 0.9046 | 0.8582 | 0.8524
0880 | 12:04:13 |  31.6s | 1.0e-04 | 0.0370 | 0.9212 | 0.8880 | 0.9095 | 0.0409 | 0.9120 | 0.8642 | 0.8723
0833 | 12:04:44 |  16.4s | 1.0e-04 | 0.0398 | 0.9177 | 0.8858 | 0.9039 | 0.0414 | 0.9058 | 0.8637 | 0.8634
0881 | 12:05:03 |  30.0s | 1.0e-04 | 0.0379 | 0.9200 | 0.8878 | 0.9084 | 0.0411 | 0.8909 | 0.8858 | 0.8723
0834 | 12:05:18 |  47.0s | 1.0e-04 | 0.0383 | 0.9182 | 0.8840 | 0.9021 | 0.0422 | 0.9041 | 0.8605 | 0.8575
0882 | 12:05:48 |  31.6s | 1.0e-04 | 0.0373 | 0.9209 | 0.8891 | 0.9104 | 0.0407 | 0.8981 | 0.8743 | 0.8668
0835 | 12:06:21 |  16.6s | 1.0e-04 | 0.0375 | 0.9169 | 0.8833 | 0.9000 | 0.0427 | 0.9159 | 0.8449 | 0.8591
0883 | 12:06:38 |  30.1s | 1.0e-04 | 0.0367 | 0.9212 | 0.8895 | 0.9111 | 0.0404 | 0.9040 | 0.8683 | 0.8650
0836 | 12:06:54 |  48.2s | 1.0e-04 | 0.0384 | 0.9164 | 0.8832 | 0.8991 | 0.0425 | 0.9100 | 0.8594 | 0.8634
0884 | 12:07:26 |  33.6s | 1.0e-04 | 0.0372 | 0.9218 | 0.8895 | 0.9113 | 0.0410 | 0.9102 | 0.8704 | 0.8760
0837 | 12:07:58 |  16.7s | 1.0e-04 | 0.0392 | 0.9165 | 0.8829 | 0.8993 | 0.0422 | 0.9054 | 0.8604 | 0.8578
0885 | 12:08:17 |  29.4s | 1.0e-04 | 0.0375 | 0.9215 | 0.8909 | 0.9128 | 0.0406 | 0.8985 | 0.8719 | 0.8625
0838 | 12:08:31 |  39.4s | 1.0e-04 | 0.0395 | 0.9166 | 0.8853 | 0.9024 | 0.0428 | 0.9030 | 0.8700 | 0.8706
0886 | 12:09:07 |  27.8s | 1.0e-04 | 0.0373 | 0.9223 | 0.8919 | 0.9147 | 0.0407 | 0.9042 | 0.8636 | 0.8612
0839 | 12:09:26 |  17.4s | 1.0e-04 | 0.0396 | 0.9175 | 0.8866 | 0.9042 | 0.0424 | 0.9000 | 0.8618 | 0.8543
0887 | 12:09:50 |  26.1s | 1.0e-04 | 0.0376 | 0.9220 | 0.8921 | 0.9148 | 0.0405 | 0.9143 | 0.8620 | 0.8736
0840 | 12:10:00 |  36.8s | 1.0e-04 | 0.0389 | 0.9185 | 0.8868 | 0.9052 | 0.0421 | 0.8989 | 0.8673 | 0.8576
0888 | 12:10:35 |  28.7s | 1.0e-04 | 0.0377 | 0.9218 | 0.8918 | 0.9142 | 0.0406 | 0.9012 | 0.8715 | 0.8657
0841 | 12:10:52 |  18.0s | 1.0e-04 | 0.0390 | 0.9179 | 0.8859 | 0.9040 | 0.0421 | 0.8922 | 0.8691 | 0.8501
0889 | 12:11:20 |  29.0s | 1.0e-04 | 0.0372 | 0.9222 | 0.8922 | 0.9148 | 0.0413 | 0.9084 | 0.8680 | 0.8731
0842 | 12:11:27 |  38.7s | 1.0e-04 | 0.0402 | 0.9170 | 0.8861 | 0.9035 | 0.0417 | 0.9004 | 0.8673 | 0.8625
0890 | 12:12:07 |  27.8s | 1.0e-04 | 0.0369 | 0.9220 | 0.8908 | 0.9131 | 0.0410 | 0.9129 | 0.8590 | 0.8660
0843 | 12:12:21 |  18.6s | 1.0e-04 | 0.0408 | 0.9165 | 0.8853 | 0.9024 | 0.0420 | 0.9015 | 0.8716 | 0.8669
0891 | 12:12:52 |  26.5s | 1.0e-04 | 0.0367 | 0.9207 | 0.8889 | 0.9100 | 0.0409 | 0.9027 | 0.8659 | 0.8614
0844 | 12:12:57 |  37.4s | 1.0e-04 | 0.0405 | 0.9173 | 0.8864 | 0.9039 | 0.0423 | 0.9019 | 0.8711 | 0.8665
0892 | 12:13:36 |  27.0s | 1.0e-04 | 0.0370 | 0.9206 | 0.8873 | 0.9080 | 0.0408 | 0.9086 | 0.8665 | 0.8692
0845 | 12:13:50 |  19.2s | 1.0e-04 | 0.0401 | 0.9168 | 0.8856 | 0.9027 | 0.0419 | 0.8990 | 0.8672 | 0.8583
0893 | 12:14:20 |  27.4s | 1.0e-04 | 0.0377 | 0.9221 | 0.8912 | 0.9137 | 0.0404 | 0.9014 | 0.8701 | 0.8657
0846 | 12:14:26 |  44.9s | 1.0e-04 | 0.0390 | 0.9173 | 0.8852 | 0.9028 | 0.0423 | 0.9044 | 0.8691 | 0.8698
0894 | 12:15:05 |  32.1s | 1.0e-04 | 0.0380 | 0.9219 | 0.8924 | 0.9147 | 0.0412 | 0.8980 | 0.8757 | 0.8678
0847 | 12:15:26 |  20.2s | 1.0e-04 | 0.0390 | 0.9181 | 0.8846 | 0.9028 | 0.0414 | 0.8958 | 0.8652 | 0.8517
0895 | 12:15:56 |  18.3s | 1.0e-04 | 0.0388 | 0.9228 | 0.8950 | 0.9184 | 0.0406 | 0.9015 | 0.8730 | 0.8679
0848 | 12:16:07 |  34.9s | 1.0e-04 | 0.0385 | 0.9185 | 0.8872 | 0.9061 | 0.0413 | 0.8943 | 0.8723 | 0.8594
0896 | 12:16:32 |  41.5s | 1.0e-04 | 0.0391 | 0.9213 | 0.8936 | 0.9154 | 0.0410 | 0.9129 | 0.8592 | 0.8695
0849 | 12:16:59 |  25.8s | 1.0e-04 | 0.0387 | 0.9180 | 0.8867 | 0.9047 | 0.0411 | 0.9074 | 0.8577 | 0.8564
0897 | 12:17:29 |  17.4s | 1.0e-04 | 0.0375 | 0.9210 | 0.8900 | 0.9114 | 0.0406 | 0.9016 | 0.8730 | 0.8683
0850 | 12:17:44 |  31.9s | 1.0e-04 | 0.0386 | 0.9198 | 0.8911 | 0.9114 | 0.0424 | 0.8990 | 0.8663 | 0.8569
0898 | 12:18:07 |  42.3s | 1.0e-04 | 0.0371 | 0.9214 | 0.8893 | 0.9109 | 0.0412 | 0.9060 | 0.8663 | 0.8676
0851 | 12:18:32 |  27.3s | 1.0e-04 | 0.0380 | 0.9210 | 0.8930 | 0.9145 | 0.0429 | 0.9092 | 0.8577 | 0.8617
0899 | 12:19:05 |  17.2s | 1.0e-04 | 0.0376 | 0.9214 | 0.8902 | 0.9118 | 0.0410 | 0.9087 | 0.8671 | 0.8716
0852 | 12:19:19 |  30.7s | 1.0e-04 | 0.0386 | 0.9183 | 0.8873 | 0.9058 | 0.0424 | 0.9081 | 0.8597 | 0.8630
0900 | 12:19:40 |  42.0s | 1.0e-04 | 0.0371 | 0.9225 | 0.8904 | 0.9131 | 0.0410 | 0.9098 | 0.8630 | 0.8696
0853 | 12:20:07 |  26.6s | 1.0e-04 | 0.0388 | 0.9183 | 0.8860 | 0.9048 | 0.0427 | 0.8974 | 0.8766 | 0.8697
0901 | 12:20:38 |  16.2s | 1.0e-04 | 0.0364 | 0.9217 | 0.8873 | 0.9088 | 0.0409 | 0.8983 | 0.8807 | 0.8751
0854 | 12:20:55 |  16.2s | 1.0e-04 | 0.0384 | 0.9183 | 0.8876 | 0.9064 | 0.0424 | 0.9090 | 0.8544 | 0.8548
0902 | 12:21:12 |  39.4s | 1.0e-04 | 0.0372 | 0.9219 | 0.8889 | 0.9108 | 0.0406 | 0.9030 | 0.8677 | 0.8639
0855 | 12:21:26 |  38.9s | 1.0e-04 | 0.0385 | 0.9185 | 0.8873 | 0.9059 | 0.0428 | 0.9004 | 0.8656 | 0.8594
0903 | 12:22:10 |  18.2s | 1.0e-04 | 0.0386 | 0.9209 | 0.8906 | 0.9120 | 0.0405 | 0.8991 | 0.8774 | 0.8726
0856 | 12:22:25 |  17.6s | 1.0e-04 | 0.0392 | 0.9175 | 0.8855 | 0.9032 | 0.0418 | 0.9068 | 0.8546 | 0.8538
0904 | 12:22:45 |  43.1s | 1.0e-04 | 0.0381 | 0.9207 | 0.8893 | 0.9103 | 0.0411 | 0.9141 | 0.8629 | 0.8733
0857 | 12:22:58 |  38.9s | 1.0e-04 | 0.0389 | 0.9178 | 0.8859 | 0.9041 | 0.0422 | 0.8930 | 0.8706 | 0.8560
0905 | 12:23:45 |  20.8s | 1.0e-04 | 0.0367 | 0.9225 | 0.8913 | 0.9142 | 0.0407 | 0.9084 | 0.8712 | 0.8763
0858 | 12:23:57 |  19.1s | 1.0e-04 | 0.0391 | 0.9187 | 0.8887 | 0.9075 | 0.0427 | 0.9083 | 0.8656 | 0.8694
0906 | 12:24:21 |  41.2s | 1.0e-04 | 0.0373 | 0.9226 | 0.8919 | 0.9148 | 0.0410 | 0.9058 | 0.8623 | 0.8606
0859 | 12:24:31 |  44.1s | 1.0e-04 | 0.0390 | 0.9187 | 0.8885 | 0.9074 | 0.0424 | 0.8903 | 0.8751 | 0.8593
0907 | 12:25:19 |  17.8s | 1.0e-04 | 0.0379 | 0.9218 | 0.8912 | 0.9133 | 0.0408 | 0.8973 | 0.8812 | 0.8749
0860 | 12:25:34 |  16.8s | 1.0e-04 | 0.0386 | 0.9194 | 0.8884 | 0.9085 | 0.0419 | 0.8981 | 0.8640 | 0.8525
0908 | 12:25:54 |  42.4s | 1.0e-04 | 0.0367 | 0.9225 | 0.8923 | 0.9148 | 0.0412 | 0.9020 | 0.8769 | 0.8731
0861 | 12:26:06 |  41.4s | 1.0e-04 | 0.0387 | 0.9191 | 0.8879 | 0.9071 | 0.0419 | 0.9028 | 0.8689 | 0.8646
0909 | 12:26:53 |  18.8s | 1.0e-04 | 0.0356 | 0.9231 | 0.8913 | 0.9144 | 0.0412 | 0.9027 | 0.8744 | 0.8721
0862 | 12:27:07 |  17.2s | 1.0e-04 | 0.0385 | 0.9183 | 0.8860 | 0.9048 | 0.0416 | 0.8996 | 0.8605 | 0.8491
0910 | 12:27:28 |  41.9s | 1.0e-04 | 0.0358 | 0.9238 | 0.8918 | 0.9155 | 0.0414 | 0.9103 | 0.8687 | 0.8758
0863 | 12:27:40 |  47.1s | 1.0e-04 | 0.0386 | 0.9173 | 0.8829 | 0.8998 | 0.0416 | 0.8967 | 0.8689 | 0.8576
0911 | 12:28:27 |  15.8s | 1.0e-04 | 0.0369 | 0.9230 | 0.8934 | 0.9170 | 0.0414 | 0.9015 | 0.8782 | 0.8749
0864 | 12:28:45 |  17.0s | 1.0e-04 | 0.0384 | 0.9152 | 0.8787 | 0.8932 | 0.0412 | 0.8996 | 0.8693 | 0.8622
0912 | 12:29:01 |  40.4s | 1.0e-04 | 0.0372 | 0.9231 | 0.8933 | 0.9169 | 0.0399 | 0.9060 | 0.8668 | 0.8661
0865 | 12:29:19 |  37.6s | 1.0e-04 | 0.0385 | 0.9168 | 0.8809 | 0.8971 | 0.0422 | 0.9089 | 0.8653 | 0.8709
0913 | 12:29:59 |  17.0s | 1.0e-04 | 0.0374 | 0.9229 | 0.8930 | 0.9162 | 0.0403 | 0.8996 | 0.8683 | 0.8588
0866 | 12:30:15 |  15.9s | 1.0e-04 | 0.0385 | 0.9189 | 0.8873 | 0.9067 | 0.0419 | 0.9013 | 0.8711 | 0.8661
0914 | 12:30:34 |  42.4s | 1.0e-04 | 0.0382 | 0.9200 | 0.8882 | 0.9087 | 0.0403 | 0.9046 | 0.8621 | 0.8586
0867 | 12:30:46 |  41.3s | 1.0e-04 | 0.0386 | 0.9185 | 0.8864 | 0.9053 | 0.0416 | 0.8979 | 0.8660 | 0.8555
0915 | 12:31:32 |  18.2s | 1.0e-04 | 0.0373 | 0.9200 | 0.8870 | 0.9075 | 0.0404 | 0.9059 | 0.8720 | 0.8723
0868 | 12:31:47 |  17.1s | 1.0e-04 | 0.0384 | 0.9190 | 0.8875 | 0.9065 | 0.0421 | 0.8983 | 0.8657 | 0.8530
0916 | 12:32:07 |  39.2s | 1.0e-04 | 0.0370 | 0.9220 | 0.8889 | 0.9112 | 0.0402 | 0.9012 | 0.8700 | 0.8634
0869 | 12:32:19 |  41.5s | 1.0e-04 | 0.0388 | 0.9188 | 0.8886 | 0.9076 | 0.0423 | 0.8999 | 0.8755 | 0.8720
0917 | 12:33:04 |  16.4s | 1.0e-04 | 0.0368 | 0.9221 | 0.8896 | 0.9119 | 0.0409 | 0.9045 | 0.8751 | 0.8755
0870 | 12:33:19 |  16.1s | 1.0e-04 | 0.0398 | 0.9176 | 0.8883 | 0.9061 | 0.0412 | 0.9088 | 0.8568 | 0.8587
0918 | 12:33:38 |  44.4s | 1.0e-04 | 0.0366 | 0.9209 | 0.8885 | 0.9095 | 0.0404 | 0.9057 | 0.8702 | 0.8722
0871 | 12:33:52 |  44.0s | 1.0e-04 | 0.0402 | 0.9174 | 0.8869 | 0.9044 | 0.0420 | 0.8932 | 0.8732 | 0.8584
0919 | 12:34:39 |  17.1s | 1.0e-04 | 0.0364 | 0.9218 | 0.8897 | 0.9121 | 0.0408 | 0.9080 | 0.8591 | 0.8630
0872 | 12:34:55 |  16.3s | 1.0e-04 | 0.0404 | 0.9160 | 0.8856 | 0.9019 | 0.0421 | 0.9031 | 0.8759 | 0.8749
0920 | 12:35:14 |  28.9s | 1.0e-04 | 0.0374 | 0.9226 | 0.8931 | 0.9162 | 0.0408 | 0.9136 | 0.8634 | 0.8750
0873 | 12:35:28 |  45.8s | 1.0e-04 | 0.0393 | 0.9168 | 0.8852 | 0.9023 | 0.0416 | 0.9002 | 0.8651 | 0.8579
0921 | 12:36:00 |  30.8s | 1.0e-04 | 0.0379 | 0.9228 | 0.8934 | 0.9166 | 0.0407 | 0.9063 | 0.8592 | 0.8589
0874 | 12:36:29 |  15.8s | 1.0e-04 | 0.0388 | 0.9153 | 0.8813 | 0.8961 | 0.0417 | 0.9038 | 0.8651 | 0.8613
0922 | 12:36:48 |  29.0s | 1.0e-04 | 0.0366 | 0.9217 | 0.8886 | 0.9102 | 0.0409 | 0.9098 | 0.8688 | 0.8752
0875 | 12:37:02 |  41.4s | 1.0e-04 | 0.0383 | 0.9176 | 0.8850 | 0.9029 | 0.0420 | 0.8983 | 0.8725 | 0.8659
0923 | 12:37:37 |  27.9s | 1.0e-04 | 0.0365 | 0.9213 | 0.8866 | 0.9077 | 0.0409 | 0.8997 | 0.8791 | 0.8738
0876 | 12:37:59 |  15.8s | 1.0e-04 | 0.0381 | 0.9195 | 0.8900 | 0.9099 | 0.0424 | 0.8915 | 0.8759 | 0.8606
0924 | 12:38:20 |  26.3s | 1.0e-04 | 0.0378 | 0.9202 | 0.8894 | 0.9100 | 0.0401 | 0.9071 | 0.8706 | 0.8729
0877 | 12:38:31 |  42.8s | 1.0e-04 | 0.0381 | 0.9185 | 0.8878 | 0.9064 | 0.0423 | 0.9062 | 0.8612 | 0.8614
0925 | 12:39:04 |  30.8s | 1.0e-04 | 0.0379 | 0.9212 | 0.8904 | 0.9119 | 0.0409 | 0.9161 | 0.8595 | 0.8722
0878 | 12:39:30 |  16.5s | 1.0e-04 | 0.0385 | 0.9177 | 0.8847 | 0.9022 | 0.0422 | 0.8989 | 0.8684 | 0.8602
0926 | 12:39:51 |  28.9s | 1.0e-04 | 0.0360 | 0.9219 | 0.8892 | 0.9117 | 0.0405 | 0.9045 | 0.8712 | 0.8726
0879 | 12:40:03 |  41.9s | 1.0e-04 | 0.0376 | 0.9194 | 0.8864 | 0.9056 | 0.0419 | 0.9098 | 0.8532 | 0.8559
0927 | 12:40:38 |  28.8s | 1.0e-04 | 0.0358 | 0.9221 | 0.8876 | 0.9094 | 0.0404 | 0.9142 | 0.8620 | 0.8735
0880 | 12:41:00 |  17.1s | 1.0e-04 | 0.0376 | 0.9206 | 0.8887 | 0.9103 | 0.0415 | 0.9049 | 0.8606 | 0.8584
0928 | 12:41:23 |  27.5s | 1.0e-04 | 0.0377 | 0.9198 | 0.8877 | 0.9078 | 0.0402 | 0.9088 | 0.8729 | 0.8798
0881 | 12:41:34 |  39.7s | 1.0e-04 | 0.0383 | 0.9184 | 0.8868 | 0.9053 | 0.0413 | 0.9030 | 0.8634 | 0.8587
0929 | 12:42:10 |  28.5s | 1.0e-04 | 0.0383 | 0.9195 | 0.8882 | 0.9082 | 0.0408 | 0.8927 | 0.8928 | 0.8829
0882 | 12:42:29 |  17.8s | 1.0e-04 | 0.0384 | 0.9190 | 0.8872 | 0.9066 | 0.0416 | 0.9014 | 0.8731 | 0.8694
0930 | 12:42:54 |  30.1s | 1.0e-04 | 0.0374 | 0.9198 | 0.8851 | 0.9053 | 0.0403 | 0.8987 | 0.8853 | 0.8812
0883 | 12:43:03 |  36.3s | 1.0e-04 | 0.0392 | 0.9173 | 0.8854 | 0.9029 | 0.0419 | 0.8958 | 0.8719 | 0.8603
0931 | 12:43:42 |  26.4s | 1.0e-04 | 0.0367 | 0.9203 | 0.8861 | 0.9065 | 0.0399 | 0.9070 | 0.8755 | 0.8787
0884 | 12:43:56 |  18.5s | 1.0e-04 | 0.0390 | 0.9171 | 0.8850 | 0.9021 | 0.0413 | 0.8971 | 0.8732 | 0.8654
0932 | 12:44:25 |  29.0s | 1.0e-04 | 0.0379 | 0.9218 | 0.8900 | 0.9122 | 0.0401 | 0.8999 | 0.8721 | 0.8651
0885 | 12:44:31 |  36.2s | 1.0e-04 | 0.0391 | 0.9182 | 0.8856 | 0.9043 | 0.0419 | 0.8919 | 0.8771 | 0.8627
0933 | 12:45:10 |  28.9s | 1.0e-04 | 0.0380 | 0.9222 | 0.8924 | 0.9151 | 0.0408 | 0.9050 | 0.8670 | 0.8647
0886 | 12:45:24 |  19.1s | 1.0e-04 | 0.0391 | 0.9176 | 0.8852 | 0.9031 | 0.0413 | 0.9000 | 0.8664 | 0.8592
0934 | 12:45:56 |  28.7s | 1.0e-04 | 0.0384 | 0.9213 | 0.8921 | 0.9139 | 0.0400 | 0.9099 | 0.8699 | 0.8757
0887 | 12:46:01 |  38.6s | 1.0e-04 | 0.0390 | 0.9178 | 0.8871 | 0.9052 | 0.0411 | 0.9051 | 0.8601 | 0.8575
0935 | 12:46:42 |  28.4s | 1.0e-04 | 0.0383 | 0.9211 | 0.8905 | 0.9119 | 0.0401 | 0.9016 | 0.8753 | 0.8746
0888 | 12:46:55 |  19.9s | 1.0e-04 | 0.0390 | 0.9185 | 0.8869 | 0.9059 | 0.0420 | 0.9033 | 0.8592 | 0.8523
0936 | 12:47:27 |  28.8s | 1.0e-04 | 0.0370 | 0.9227 | 0.8931 | 0.9163 | 0.0406 | 0.9121 | 0.8660 | 0.8744
0889 | 12:47:32 |  37.4s | 1.0e-04 | 0.0380 | 0.9187 | 0.8862 | 0.9048 | 0.0415 | 0.9087 | 0.8624 | 0.8661
0890 | 12:48:25 |  20.0s | 1.0e-04 | 0.0380 | 0.9186 | 0.8852 | 0.9041 | 0.0419 | 0.8924 | 0.8747 | 0.8602
0937 | 12:48:13 |  42.6s | 1.0e-04 | 0.0373 | 0.9226 | 0.8922 | 0.9154 | 0.0412 | 0.9000 | 0.8786 | 0.8740
0938 | 12:49:12 |  25.5s | 1.0e-04 | 0.0384 | 0.9217 | 0.8923 | 0.9145 | 0.0401 | 0.9036 | 0.8699 | 0.8661
0891 | 12:49:02 |  37.3s | 1.0e-04 | 0.0379 | 0.9182 | 0.8853 | 0.9034 | 0.0419 | 0.9020 | 0.8667 | 0.8628
0892 | 12:49:59 |  31.0s | 1.0e-04 | 0.0377 | 0.9186 | 0.8868 | 0.9052 | 0.0416 | 0.9051 | 0.8622 | 0.8600
0939 | 12:49:56 |  41.1s | 1.0e-04 | 0.0386 | 0.9215 | 0.8919 | 0.9139 | 0.0406 | 0.9037 | 0.8773 | 0.8768
0940 | 12:50:53 |  24.4s | 1.0e-04 | 0.0387 | 0.9218 | 0.8927 | 0.9151 | 0.0408 | 0.8958 | 0.8763 | 0.8636
0893 | 12:50:46 |  35.5s | 1.0e-04 | 0.0383 | 0.9189 | 0.8881 | 0.9070 | 0.0417 | 0.9082 | 0.8609 | 0.8618
0894 | 12:51:41 |  31.2s | 1.0e-04 | 0.0384 | 0.9196 | 0.8884 | 0.9084 | 0.0418 | 0.8990 | 0.8751 | 0.8676
0941 | 12:51:35 |  45.7s | 1.0e-04 | 0.0382 | 0.9217 | 0.8912 | 0.9135 | 0.0404 | 0.9111 | 0.8666 | 0.8738
0895 | 12:52:30 |  23.5s | 1.0e-04 | 0.0397 | 0.9168 | 0.8837 | 0.9010 | 0.0414 | 0.9018 | 0.8705 | 0.8656
0942 | 12:52:40 |  21.7s | 1.0e-04 | 0.0366 | 0.9207 | 0.8879 | 0.9090 | 0.0401 | 0.9026 | 0.8729 | 0.8685
0896 | 12:53:10 |  41.8s | 1.0e-04 | 0.0396 | 0.9167 | 0.8842 | 0.9008 | 0.0415 | 0.9062 | 0.8681 | 0.8679
0943 | 12:53:20 |  38.2s | 1.0e-04 | 0.0369 | 0.9215 | 0.8889 | 0.9103 | 0.0405 | 0.8990 | 0.8783 | 0.8728
0897 | 12:54:07 |  23.5s | 1.0e-04 | 0.0372 | 0.9174 | 0.8823 | 0.8992 | 0.0408 | 0.9108 | 0.8572 | 0.8623
0944 | 12:54:17 |  21.7s | 1.0e-04 | 0.0380 | 0.9227 | 0.8931 | 0.9164 | 0.0406 | 0.9112 | 0.8574 | 0.8639
0898 | 12:54:47 |  39.6s | 1.0e-04 | 0.0374 | 0.9183 | 0.8836 | 0.9012 | 0.0421 | 0.9040 | 0.8634 | 0.8608
0945 | 12:54:58 |  42.4s | 1.0e-04 | 0.0370 | 0.9229 | 0.8930 | 0.9164 | 0.0405 | 0.9111 | 0.8634 | 0.8693
0899 | 12:55:43 |  17.8s | 1.0e-04 | 0.0377 | 0.9206 | 0.8901 | 0.9114 | 0.0417 | 0.9001 | 0.8698 | 0.8644
0946 | 12:55:58 |  17.0s | 1.0e-04 | 0.0374 | 0.9226 | 0.8917 | 0.9150 | 0.0403 | 0.9015 | 0.8700 | 0.8644
0900 | 12:56:18 |  35.6s | 1.0e-04 | 0.0379 | 0.9208 | 0.8904 | 0.9119 | 0.0416 | 0.8955 | 0.8747 | 0.8627
0947 | 12:56:33 |  48.4s | 1.0e-04 | 0.0371 | 0.9221 | 0.8911 | 0.9139 | 0.0400 | 0.9083 | 0.8616 | 0.8599
0901 | 12:57:09 |  18.1s | 1.0e-04 | 0.0394 | 0.9199 | 0.8905 | 0.9112 | 0.0417 | 0.8970 | 0.8742 | 0.8658
0948 | 12:57:37 |  23.2s | 1.0e-04 | 0.0371 | 0.9213 | 0.8902 | 0.9122 | 0.0396 | 0.8990 | 0.8722 | 0.8634
0902 | 12:57:46 |  41.5s | 1.0e-04 | 0.0390 | 0.9197 | 0.8911 | 0.9115 | 0.0413 | 0.8953 | 0.8687 | 0.8557
0949 | 12:58:17 |  46.2s | 1.0e-04 | 0.0370 | 0.9229 | 0.8936 | 0.9170 | 0.0407 | 0.9028 | 0.8660 | 0.8625
0903 | 12:58:43 |  20.2s | 1.0e-04 | 0.0391 | 0.9196 | 0.8900 | 0.9101 | 0.0419 | 0.9073 | 0.8619 | 0.8625
0950 | 12:59:22 |  24.3s | 1.0e-04 | 0.0367 | 0.9245 | 0.8961 | 0.9205 | 0.0404 | 0.9025 | 0.8781 | 0.8774
0904 | 12:59:23 |  46.6s | 1.0e-04 | 0.0397 | 0.9197 | 0.8898 | 0.9101 | 0.0409 | 0.9029 | 0.8630 | 0.8583
0905 | 13:00:24 |  16.1s | 1.0e-04 | 0.0402 | 0.9200 | 0.8920 | 0.9124 | 0.0418 | 0.8999 | 0.8665 | 0.8573
0951 | 13:00:02 |  45.9s | 1.0e-04 | 0.0373 | 0.9227 | 0.8946 | 0.9179 | 0.0416 | 0.8973 | 0.8739 | 0.8640
0952 | 13:01:07 |  16.6s | 1.0e-04 | 0.0369 | 0.9223 | 0.8924 | 0.9150 | 0.0405 | 0.9047 | 0.8712 | 0.8701
0906 | 13:00:56 |  38.2s | 1.0e-04 | 0.0397 | 0.9204 | 0.8913 | 0.9118 | 0.0422 | 0.9042 | 0.8673 | 0.8644
0907 | 13:01:50 |  18.6s | 1.0e-04 | 0.0377 | 0.9215 | 0.8920 | 0.9142 | 0.0418 | 0.9095 | 0.8600 | 0.8630
0953 | 13:01:40 |  48.8s | 1.0e-04 | 0.0372 | 0.9227 | 0.8931 | 0.9164 | 0.0401 | 0.8973 | 0.8788 | 0.8696
0954 | 13:02:44 |  18.7s | 1.0e-04 | 0.0380 | 0.9219 | 0.8911 | 0.9134 | 0.0400 | 0.9040 | 0.8700 | 0.8690
0908 | 13:02:26 |  39.3s | 1.0e-04 | 0.0382 | 0.9201 | 0.8898 | 0.9103 | 0.0419 | 0.8904 | 0.8832 | 0.8698
0909 | 13:03:24 |  18.8s | 1.0e-04 | 0.0392 | 0.9168 | 0.8851 | 0.9022 | 0.0414 | 0.8992 | 0.8754 | 0.8700
0955 | 13:03:21 |  51.5s | 1.0e-04 | 0.0375 | 0.9219 | 0.8922 | 0.9148 | 0.0403 | 0.9161 | 0.8589 | 0.8736
0910 | 13:03:58 |  42.8s | 1.0e-04 | 0.0388 | 0.9188 | 0.8869 | 0.9059 | 0.0411 | 0.9065 | 0.8624 | 0.8613
0956 | 13:04:28 |  19.9s | 1.0e-04 | 0.0369 | 0.9231 | 0.8918 | 0.9155 | 0.0400 | 0.9048 | 0.8654 | 0.8615
0911 | 13:04:57 |  18.3s | 1.0e-04 | 0.0384 | 0.9206 | 0.8914 | 0.9125 | 0.0416 | 0.9009 | 0.8670 | 0.8601
0957 | 13:05:07 |  46.9s | 1.0e-04 | 0.0369 | 0.9231 | 0.8934 | 0.9168 | 0.0402 | 0.9010 | 0.8768 | 0.8731
0912 | 13:05:30 |  37.7s | 1.0e-04 | 0.0390 | 0.9193 | 0.8889 | 0.9087 | 0.0412 | 0.8979 | 0.8650 | 0.8538
0958 | 13:06:11 |  17.1s | 1.0e-04 | 0.0374 | 0.9233 | 0.8953 | 0.9189 | 0.0400 | 0.9140 | 0.8623 | 0.8720
0913 | 13:06:27 |  16.6s | 1.0e-04 | 0.0388 | 0.9186 | 0.8869 | 0.9060 | 0.0415 | 0.9067 | 0.8621 | 0.8637
0959 | 13:06:46 |  44.5s | 1.0e-04 | 0.0382 | 0.9228 | 0.8934 | 0.9166 | 0.0401 | 0.8987 | 0.8801 | 0.8736
0914 | 13:06:59 |  47.1s | 1.0e-04 | 0.0380 | 0.9196 | 0.8886 | 0.9090 | 0.0417 | 0.9026 | 0.8687 | 0.8650
0960 | 13:07:48 |  16.9s | 1.0e-04 | 0.0381 | 0.9222 | 0.8930 | 0.9157 | 0.0398 | 0.8998 | 0.8826 | 0.8788
0915 | 13:08:04 |  16.2s | 1.0e-04 | 0.0374 | 0.9205 | 0.8894 | 0.9102 | 0.0415 | 0.9086 | 0.8596 | 0.8634
0961 | 13:08:23 |  47.5s | 1.0e-04 | 0.0371 | 0.9230 | 0.8936 | 0.9172 | 0.0410 | 0.9121 | 0.8663 | 0.8756
0916 | 13:08:38 |  43.0s | 1.0e-04 | 0.0382 | 0.9190 | 0.8874 | 0.9066 | 0.0405 | 0.9022 | 0.8646 | 0.8582
0962 | 13:09:26 |  25.8s | 1.0e-04 | 0.0370 | 0.9241 | 0.8951 | 0.9196 | 0.0404 | 0.8951 | 0.8773 | 0.8637
0917 | 13:09:40 |  15.9s | 1.0e-04 | 0.0385 | 0.9197 | 0.8886 | 0.9088 | 0.0416 | 0.9001 | 0.8723 | 0.8668
0963 | 13:10:08 |  38.4s | 1.0e-04 | 0.0366 | 0.9235 | 0.8942 | 0.9181 | 0.0409 | 0.9063 | 0.8723 | 0.8741
0918 | 13:10:15 |  46.4s | 1.0e-04 | 0.0372 | 0.9192 | 0.8850 | 0.9040 | 0.0415 | 0.8959 | 0.8737 | 0.8641
0964 | 13:11:04 |  25.5s | 1.0e-04 | 0.0368 | 0.9229 | 0.8929 | 0.9163 | 0.0404 | 0.9116 | 0.8645 | 0.8730
0919 | 13:11:20 |  15.3s | 1.0e-04 | 0.0371 | 0.9187 | 0.8827 | 0.9013 | 0.0419 | 0.9040 | 0.8655 | 0.8633
0965 | 13:11:46 |  36.8s | 1.0e-04 | 0.0368 | 0.9226 | 0.8926 | 0.9153 | 0.0397 | 0.9045 | 0.8694 | 0.8687
0920 | 13:11:55 |  34.7s | 1.0e-04 | 0.0372 | 0.9184 | 0.8831 | 0.9010 | 0.0414 | 0.9095 | 0.8637 | 0.8691
0966 | 13:12:38 |  30.8s | 1.0e-04 | 0.0367 | 0.9227 | 0.8908 | 0.9137 | 0.0402 | 0.9019 | 0.8740 | 0.8709
0921 | 13:12:49 |  30.2s | 1.0e-04 | 0.0379 | 0.9185 | 0.8832 | 0.9012 | 0.0413 | 0.8983 | 0.8730 | 0.8654
0967 | 13:13:25 |  34.8s | 1.0e-04 | 0.0369 | 0.9230 | 0.8922 | 0.9155 | 0.0407 | 0.9034 | 0.8768 | 0.8747
0922 | 13:13:35 |  35.9s | 1.0e-04 | 0.0383 | 0.9198 | 0.8896 | 0.9100 | 0.0411 | 0.8965 | 0.8647 | 0.8495
0968 | 13:14:15 |  26.9s | 1.0e-04 | 0.0368 | 0.9231 | 0.8928 | 0.9165 | 0.0405 | 0.9155 | 0.8683 | 0.8813
0923 | 13:14:29 |  27.0s | 1.0e-04 | 0.0383 | 0.9202 | 0.8894 | 0.9102 | 0.0416 | 0.8968 | 0.8725 | 0.8604
0969 | 13:14:58 |  35.4s | 1.0e-04 | 0.0371 | 0.9226 | 0.8924 | 0.9151 | 0.0407 | 0.8982 | 0.8772 | 0.8709
0924 | 13:15:13 |  33.9s | 1.0e-04 | 0.0386 | 0.9191 | 0.8875 | 0.9070 | 0.0413 | 0.8974 | 0.8690 | 0.8586
0970 | 13:15:50 |  27.8s | 1.0e-04 | 0.0371 | 0.9227 | 0.8926 | 0.9157 | 0.0399 | 0.9091 | 0.8688 | 0.8730
0925 | 13:16:05 |  27.8s | 1.0e-04 | 0.0388 | 0.9191 | 0.8885 | 0.9079 | 0.0419 | 0.9043 | 0.8644 | 0.8651
0971 | 13:16:33 |  34.2s | 1.0e-04 | 0.0367 | 0.9230 | 0.8909 | 0.9145 | 0.0405 | 0.9224 | 0.8527 | 0.8729
0926 | 13:16:48 |  33.1s | 1.0e-04 | 0.0379 | 0.9190 | 0.8864 | 0.9059 | 0.0406 | 0.9078 | 0.8600 | 0.8586
0972 | 13:17:24 |  27.3s | 1.0e-04 | 0.0370 | 0.9226 | 0.8902 | 0.9131 | 0.0407 | 0.9065 | 0.8733 | 0.8762
0927 | 13:17:39 |  31.5s | 1.0e-04 | 0.0375 | 0.9199 | 0.8870 | 0.9074 | 0.0414 | 0.9033 | 0.8710 | 0.8672
0973 | 13:18:08 |  29.8s | 1.0e-04 | 0.0373 | 0.9218 | 0.8895 | 0.9117 | 0.0398 | 0.9057 | 0.8724 | 0.8722
0928 | 13:18:29 |  45.1s | 1.0e-04 | 0.0378 | 0.9185 | 0.8841 | 0.9023 | 0.0410 | 0.9060 | 0.8660 | 0.8680
0974 | 13:18:53 |  42.3s | 1.0e-04 | 0.0369 | 0.9218 | 0.8906 | 0.9128 | 0.0397 | 0.9023 | 0.8720 | 0.8688
0929 | 13:19:30 |  25.6s | 1.0e-04 | 0.0377 | 0.9197 | 0.8864 | 0.9060 | 0.0422 | 0.8956 | 0.8766 | 0.8675
0975 | 13:19:51 |  28.2s | 1.0e-04 | 0.0361 | 0.9240 | 0.8921 | 0.9164 | 0.0405 | 0.9052 | 0.8774 | 0.8792
0930 | 13:20:14 |  41.8s | 1.0e-04 | 0.0378 | 0.9200 | 0.8874 | 0.9071 | 0.0407 | 0.8986 | 0.8695 | 0.8607
0976 | 13:20:34 |  42.2s | 1.0e-04 | 0.0360 | 0.9246 | 0.8938 | 0.9185 | 0.0408 | 0.9023 | 0.8698 | 0.8658
0931 | 13:21:11 |  25.6s | 1.0e-04 | 0.0378 | 0.9193 | 0.8856 | 0.9052 | 0.0408 | 0.9025 | 0.8659 | 0.8614
0977 | 13:21:32 |  30.5s | 1.0e-04 | 0.0360 | 0.9233 | 0.8934 | 0.9173 | 0.0404 | 0.9027 | 0.8751 | 0.8732
0932 | 13:21:55 |  25.4s | 1.0e-04 | 0.0377 | 0.9191 | 0.8855 | 0.9049 | 0.0411 | 0.9045 | 0.8672 | 0.8656
0978 | 13:22:20 |  36.7s | 1.0e-04 | 0.0364 | 0.9238 | 0.8929 | 0.9170 | 0.0403 | 0.9057 | 0.8791 | 0.8823
0933 | 13:22:36 |  38.8s | 1.0e-04 | 0.0376 | 0.9195 | 0.8867 | 0.9060 | 0.0404 | 0.9045 | 0.8669 | 0.8643
0979 | 13:23:13 |  16.0s | 1.0e-04 | 0.0366 | 0.9224 | 0.8914 | 0.9142 | 0.0405 | 0.9011 | 0.8740 | 0.8696
0934 | 13:23:32 |  32.7s | 1.0e-04 | 0.0397 | 0.9190 | 0.8884 | 0.9078 | 0.0415 | 0.9072 | 0.8675 | 0.8694
0980 | 13:23:45 |  53.1s | 1.0e-04 | 0.0362 | 0.9238 | 0.8930 | 0.9172 | 0.0408 | 0.9019 | 0.8813 | 0.8800
0935 | 13:24:20 |  37.4s | 1.0e-04 | 0.0398 | 0.9195 | 0.8898 | 0.9098 | 0.0409 | 0.9063 | 0.8674 | 0.8692
0981 | 13:24:53 |  16.0s | 1.0e-04 | 0.0359 | 0.9237 | 0.8928 | 0.9172 | 0.0407 | 0.9110 | 0.8639 | 0.8694
0936 | 13:25:14 |  31.4s | 1.0e-04 | 0.0394 | 0.9203 | 0.8911 | 0.9118 | 0.0415 | 0.9132 | 0.8579 | 0.8680
0982 | 13:25:25 |  48.7s | 1.0e-04 | 0.0365 | 0.9225 | 0.8918 | 0.9146 | 0.0402 | 0.9037 | 0.8777 | 0.8783
0983 | 13:26:29 |  15.9s | 1.0e-04 | 0.0380 | 0.9225 | 0.8925 | 0.9156 | 0.0396 | 0.8990 | 0.8720 | 0.8654
0937 | 13:26:00 |  45.6s | 1.0e-04 | 0.0395 | 0.9198 | 0.8907 | 0.9113 | 0.0402 | 0.9046 | 0.8663 | 0.8642
0938 | 13:27:05 |  20.6s | 1.0e-04 | 0.0397 | 0.9193 | 0.8904 | 0.9101 | 0.0406 | 0.9059 | 0.8638 | 0.8624
0984 | 13:27:04 |  49.0s | 1.0e-04 | 0.0374 | 0.9234 | 0.8942 | 0.9181 | 0.0406 | 0.9127 | 0.8654 | 0.8751
0985 | 13:28:08 |  17.0s | 1.0e-04 | 0.0368 | 0.9242 | 0.8949 | 0.9197 | 0.0404 | 0.9114 | 0.8656 | 0.8712
0939 | 13:27:41 |  44.3s | 1.0e-04 | 0.0394 | 0.9194 | 0.8915 | 0.9116 | 0.0415 | 0.8984 | 0.8686 | 0.8588
0940 | 13:28:44 |  21.5s | 1.0e-04 | 0.0398 | 0.9205 | 0.8931 | 0.9141 | 0.0411 | 0.9071 | 0.8648 | 0.8665
0986 | 13:28:43 |  49.2s | 1.0e-04 | 0.0370 | 0.9247 | 0.8958 | 0.9210 | 0.0410 | 0.9068 | 0.8672 | 0.8670
0987 | 13:29:48 |  16.6s | 1.0e-04 | 0.0376 | 0.9239 | 0.8958 | 0.9201 | 0.0398 | 0.9114 | 0.8600 | 0.8655
0941 | 13:29:23 |  43.1s | 1.0e-04 | 0.0398 | 0.9200 | 0.8926 | 0.9130 | 0.0406 | 0.9008 | 0.8688 | 0.8618
0942 | 13:30:25 |  20.0s | 1.0e-04 | 0.0382 | 0.9196 | 0.8879 | 0.9074 | 0.0409 | 0.9005 | 0.8681 | 0.8615
0988 | 13:30:23 |  47.7s | 1.0e-04 | 0.0381 | 0.9227 | 0.8934 | 0.9167 | 0.0392 | 0.9000 | 0.8754 | 0.8706
0989 | 13:31:26 |  16.0s | 1.0e-04 | 0.0379 | 0.9216 | 0.8913 | 0.9135 | 0.0396 | 0.9122 | 0.8715 | 0.8824
0943 | 13:31:01 |  44.3s | 1.0e-04 | 0.0382 | 0.9195 | 0.8880 | 0.9078 | 0.0417 | 0.9007 | 0.8741 | 0.8698
0944 | 13:32:04 |  20.1s | 1.0e-04 | 0.0385 | 0.9191 | 0.8881 | 0.9077 | 0.0407 | 0.9013 | 0.8705 | 0.8671
0990 | 13:32:00 |  49.5s | 1.0e-04 | 0.0368 | 0.9232 | 0.8924 | 0.9160 | 0.0395 | 0.9085 | 0.8692 | 0.8737
0991 | 13:33:05 |  16.3s | 1.0e-04 | 0.0365 | 0.9233 | 0.8933 | 0.9173 | 0.0402 | 0.9062 | 0.8736 | 0.8746
0945 | 13:32:39 |  44.2s | 1.0e-04 | 0.0379 | 0.9206 | 0.8906 | 0.9115 | 0.0410 | 0.9067 | 0.8623 | 0.8626
0946 | 13:33:44 |  18.4s | 1.0e-04 | 0.0375 | 0.9231 | 0.8950 | 0.9189 | 0.0417 | 0.9043 | 0.8618 | 0.8584
0992 | 13:33:38 |  48.8s | 1.0e-04 | 0.0374 | 0.9222 | 0.8936 | 0.9163 | 0.0405 | 0.9128 | 0.8704 | 0.8809
0993 | 13:34:43 |  16.4s | 1.0e-04 | 0.0376 | 0.9217 | 0.8917 | 0.9137 | 0.0396 | 0.9105 | 0.8750 | 0.8824
0947 | 13:34:17 |  47.6s | 1.0e-04 | 0.0377 | 0.9210 | 0.8908 | 0.9120 | 0.0409 | 0.9055 | 0.8669 | 0.8662
0948 | 13:35:23 |  18.7s | 1.0e-04 | 0.0373 | 0.9207 | 0.8889 | 0.9101 | 0.0414 | 0.9009 | 0.8730 | 0.8685
0994 | 13:35:16 |  38.8s | 1.0e-04 | 0.0367 | 0.9232 | 0.8938 | 0.9176 | 0.0398 | 0.9031 | 0.8721 | 0.8693
0995 | 13:36:11 |  18.7s | 1.0e-04 | 0.0363 | 0.9240 | 0.8945 | 0.9190 | 0.0408 | 0.9063 | 0.8698 | 0.8713
0949 | 13:35:58 |  48.2s | 1.0e-04 | 0.0371 | 0.9196 | 0.8876 | 0.9076 | 0.0411 | 0.9112 | 0.8658 | 0.8729
0950 | 13:37:02 |  21.2s | 1.0e-04 | 0.0375 | 0.9190 | 0.8839 | 0.9029 | 0.0410 | 0.8941 | 0.8762 | 0.8638
0996 | 13:36:47 |  41.5s | 1.0e-04 | 0.0362 | 0.9224 | 0.8908 | 0.9134 | 0.0399 | 0.9164 | 0.8636 | 0.8781
0997 | 13:37:47 |  18.5s | 1.0e-04 | 0.0361 | 0.9223 | 0.8889 | 0.9114 | 0.0406 | 0.9130 | 0.8655 | 0.8767
0951 | 13:37:40 |  46.9s | 1.0e-04 | 0.0384 | 0.9192 | 0.8876 | 0.9071 | 0.0411 | 0.9007 | 0.8744 | 0.8701
0952 | 13:38:45 |  22.0s | 1.0e-04 | 0.0393 | 0.9189 | 0.8875 | 0.9068 | 0.0413 | 0.8995 | 0.8778 | 0.8728
0998 | 13:38:21 |  46.6s | 1.0e-04 | 0.0367 | 0.9232 | 0.8910 | 0.9145 | 0.0399 | 0.9127 | 0.8693 | 0.8789
0999 | 13:39:26 |  19.9s | 1.0e-04 | 0.0371 | 0.9229 | 0.8918 | 0.9155 | 0.0396 | 0.9146 | 0.8572 | 0.8671
0953 | 13:39:25 |  47.8s | 1.0e-04 | 0.0382 | 0.9195 | 0.8887 | 0.9090 | 0.0414 | 0.8987 | 0.8787 | 0.8724
1000 | 13:40:02 |  41.5s | 1.0e-04 | 0.0363 | 0.9227 | 0.8908 | 0.9140 | 0.0402 | 0.9080 | 0.8742 | 0.8796
0954 | 13:40:28 |  22.3s | 1.0e-04 | 0.0370 | 0.9200 | 0.8873 | 0.9078 | 0.0407 | 0.9031 | 0.8628 | 0.8576
0955 | 13:41:07 |  40.1s | 1.0e-04 | 0.0375 | 0.9201 | 0.8880 | 0.9080 | 0.0416 | 0.9008 | 0.8733 | 0.8685
0956 | 13:42:02 |  14.5s | 1.0e-04 | 0.0382 | 0.9197 | 0.8870 | 0.9072 | 0.0406 | 0.8998 | 0.8710 | 0.8636
0957 | 13:42:31 |  41.4s | 1.0e-04 | 0.0375 | 0.9202 | 0.8895 | 0.9102 | 0.0411 | 0.9037 | 0.8634 | 0.8595
0958 | 13:43:27 |  14.4s | 1.0e-04 | 0.0372 | 0.9211 | 0.8899 | 0.9114 | 0.0413 | 0.8984 | 0.8695 | 0.8604
0959 | 13:43:57 |  39.5s | 1.0e-04 | 0.0379 | 0.9201 | 0.8881 | 0.9081 | 0.0412 | 0.9135 | 0.8611 | 0.8718
0960 | 13:44:51 |  14.6s | 1.0e-04 | 0.0381 | 0.9206 | 0.8901 | 0.9114 | 0.0413 | 0.9051 | 0.8606 | 0.8579
0961 | 13:45:20 |  41.1s | 1.0e-04 | 0.0383 | 0.9217 | 0.8938 | 0.9161 | 0.0410 | 0.9063 | 0.8653 | 0.8658
0962 | 13:46:16 |  23.0s | 1.0e-04 | 0.0387 | 0.9212 | 0.8931 | 0.9148 | 0.0411 | 0.8933 | 0.8731 | 0.8594
0963 | 13:46:54 |  30.4s | 1.0e-04 | 0.0384 | 0.9210 | 0.8916 | 0.9131 | 0.0409 | 0.9084 | 0.8611 | 0.8622
0964 | 13:47:39 |  25.5s | 1.0e-04 | 0.0383 | 0.9213 | 0.8926 | 0.9142 | 0.0408 | 0.8936 | 0.8787 | 0.8673
0965 | 13:48:19 |  30.7s | 1.0e-04 | 0.0386 | 0.9207 | 0.8916 | 0.9130 | 0.0406 | 0.9111 | 0.8573 | 0.8635
0966 | 13:49:05 |  23.8s | 1.0e-04 | 0.0384 | 0.9201 | 0.8896 | 0.9101 | 0.0403 | 0.9019 | 0.8700 | 0.8658
0967 | 13:49:44 |  31.2s | 1.0e-04 | 0.0376 | 0.9206 | 0.8891 | 0.9100 | 0.0408 | 0.9000 | 0.8760 | 0.8712
0968 | 13:50:30 |  24.6s | 1.0e-04 | 0.0377 | 0.9205 | 0.8884 | 0.9096 | 0.0411 | 0.8996 | 0.8727 | 0.8672
0969 | 13:51:09 |  30.6s | 1.0e-04 | 0.0379 | 0.9184 | 0.8846 | 0.9032 | 0.0410 | 0.9050 | 0.8606 | 0.8564
0970 | 13:51:54 |  24.2s | 1.0e-04 | 0.0378 | 0.9200 | 0.8877 | 0.9077 | 0.0408 | 0.9055 | 0.8644 | 0.8621
0971 | 13:52:34 |  31.6s | 1.0e-04 | 0.0383 | 0.9197 | 0.8883 | 0.9081 | 0.0407 | 0.8942 | 0.8732 | 0.8597
0972 | 13:53:20 |  23.9s | 1.0e-04 | 0.0382 | 0.9198 | 0.8892 | 0.9095 | 0.0407 | 0.9036 | 0.8802 | 0.8784
0973 | 13:53:59 |  23.3s | 1.0e-04 | 0.0377 | 0.9200 | 0.8875 | 0.9080 | 0.0414 | 0.8949 | 0.8814 | 0.8717
0974 | 13:54:37 |  31.1s | 1.0e-04 | 0.0378 | 0.9198 | 0.8874 | 0.9077 | 0.0407 | 0.9139 | 0.8647 | 0.8746
0975 | 13:55:23 |  22.3s | 1.0e-04 | 0.0378 | 0.9208 | 0.8903 | 0.9118 | 0.0415 | 0.9051 | 0.8703 | 0.8706
0976 | 13:56:00 |  29.8s | 1.0e-04 | 0.0379 | 0.9215 | 0.8917 | 0.9138 | 0.0416 | 0.9079 | 0.8659 | 0.8694
0977 | 13:56:45 |  23.3s | 1.0e-04 | 0.0374 | 0.9227 | 0.8934 | 0.9166 | 0.0407 | 0.9018 | 0.8671 | 0.8613
0978 | 13:57:23 |  33.5s | 1.0e-04 | 0.0373 | 0.9220 | 0.8928 | 0.9155 | 0.0413 | 0.8992 | 0.8739 | 0.8655
0979 | 13:58:11 |  14.2s | 1.0e-04 | 0.0378 | 0.9191 | 0.8871 | 0.9066 | 0.0403 | 0.8962 | 0.8707 | 0.8598
0980 | 13:58:41 |  40.1s | 1.0e-04 | 0.0378 | 0.9195 | 0.8863 | 0.9060 | 0.0405 | 0.9095 | 0.8649 | 0.8685
0981 | 13:59:36 |  14.6s | 1.0e-04 | 0.0375 | 0.9199 | 0.8882 | 0.9087 | 0.0412 | 0.9045 | 0.8671 | 0.8653
0982 | 14:00:05 |  40.6s | 1.0e-04 | 0.0373 | 0.9200 | 0.8884 | 0.9088 | 0.0411 | 0.9011 | 0.8659 | 0.8607
0983 | 14:01:01 |  14.4s | 1.0e-04 | 0.0383 | 0.9200 | 0.8889 | 0.9093 | 0.0410 | 0.8975 | 0.8705 | 0.8600
0984 | 14:01:30 |  39.0s | 1.0e-04 | 0.0377 | 0.9203 | 0.8887 | 0.9093 | 0.0410 | 0.9029 | 0.8680 | 0.8633
0985 | 14:02:24 |  14.4s | 1.0e-04 | 0.0360 | 0.9204 | 0.8841 | 0.9045 | 0.0410 | 0.9122 | 0.8656 | 0.8744
0986 | 14:02:53 |  41.1s | 1.0e-04 | 0.0371 | 0.9204 | 0.8877 | 0.9085 | 0.0411 | 0.9002 | 0.8784 | 0.8756
0987 | 14:03:49 |  14.3s | 1.0e-04 | 0.0390 | 0.9219 | 0.8945 | 0.9168 | 0.0409 | 0.9039 | 0.8728 | 0.8722
0988 | 14:04:18 |  40.9s | 1.0e-04 | 0.0386 | 0.9210 | 0.8925 | 0.9138 | 0.0413 | 0.9018 | 0.8728 | 0.8699
0989 | 14:05:14 |  14.4s | 1.0e-04 | 0.0383 | 0.9206 | 0.8912 | 0.9123 | 0.0407 | 0.9051 | 0.8710 | 0.8713
0990 | 14:05:43 |  38.5s | 1.0e-04 | 0.0382 | 0.9211 | 0.8916 | 0.9132 | 0.0412 | 0.9036 | 0.8654 | 0.8617
0991 | 14:06:36 |  14.4s | 1.0e-04 | 0.0382 | 0.9221 | 0.8942 | 0.9167 | 0.0411 | 0.9024 | 0.8713 | 0.8671
0992 | 14:07:05 |  42.6s | 1.0e-04 | 0.0378 | 0.9214 | 0.8918 | 0.9135 | 0.0414 | 0.9038 | 0.8693 | 0.8692
0993 | 14:08:03 |  14.3s | 1.0e-04 | 0.0374 | 0.9208 | 0.8892 | 0.9102 | 0.0406 | 0.8981 | 0.8733 | 0.8637
0994 | 14:08:32 |  39.2s | 1.0e-04 | 0.0383 | 0.9211 | 0.8919 | 0.9133 | 0.0416 | 0.8933 | 0.8776 | 0.8643
0995 | 14:09:26 |  14.4s | 1.0e-04 | 0.0387 | 0.9214 | 0.8928 | 0.9149 | 0.0409 | 0.9030 | 0.8757 | 0.8753
0996 | 14:09:55 |  41.3s | 1.0e-04 | 0.0385 | 0.9207 | 0.8902 | 0.9113 | 0.0408 | 0.9001 | 0.8710 | 0.8646
0997 | 14:10:52 |  14.1s | 1.0e-04 | 0.0378 | 0.9208 | 0.8885 | 0.9097 | 0.0412 | 0.9136 | 0.8539 | 0.8619
0998 | 14:11:21 |  39.7s | 1.0e-04 | 0.0369 | 0.9211 | 0.8884 | 0.9100 | 0.0408 | 0.9044 | 0.8673 | 0.8635
0999 | 14:12:15 |  14.6s | 1.0e-04 | 0.0371 | 0.9200 | 0.8882 | 0.9081 | 0.0405 | 0.9001 | 0.8713 | 0.8656
1000 | 14:12:45 |  41.4s | 1.0e-04 | 0.0373 | 0.9206 | 0.8891 | 0.9101 | 0.0402 | 0.9044 | 0.8643 | 0.8622
