Starting Wide-Last-Layer (1536) Experiment on cuda:0
0001 | 11:35:06 |  20.0s | 1.0e-04 | 0.1847 | 0.6792 | 0.3504 | 0.1785 | 0.1041 | 0.7874 | 0.5816 | 0.3628
0002 | 11:35:37 |  10.9s | 1.0e-04 | 0.1009 | 0.8230 | 0.6275 | 0.4327 | 0.0925 | 0.8270 | 0.6017 | 0.4009
0003 | 11:35:59 |  10.8s | 1.0e-04 | 0.0947 | 0.8357 | 0.6601 | 0.4673 | 0.0886 | 0.8428 | 0.6445 | 0.4432
0004 | 11:36:21 |  19.1s | 1.0e-04 | 0.0882 | 0.8506 | 0.6872 | 0.5026 | 0.0830 | 0.8156 | 0.6885 | 0.4469
0005 | 11:36:52 |  11.0s | 1.0e-04 | 0.0846 | 0.8557 | 0.7085 | 0.5363 | 0.0785 | 0.8546 | 0.6977 | 0.5081
0006 | 11:37:14 |  11.0s | 1.0e-04 | 0.0813 | 0.8607 | 0.7250 | 0.5613 | 0.0772 | 0.8456 | 0.7110 | 0.5140
0007 | 11:37:37 |  10.9s | 1.0e-04 | 0.0781 | 0.8648 | 0.7376 | 0.5836 | 0.0745 | 0.8661 | 0.6984 | 0.5330
0008 | 11:37:59 |  20.9s | 1.0e-04 | 0.0758 | 0.8677 | 0.7447 | 0.6007 | 0.0728 | 0.8546 | 0.7348 | 0.5483
0009 | 11:38:31 |  10.9s | 1.0e-04 | 0.0737 | 0.8703 | 0.7508 | 0.6101 | 0.0710 | 0.8601 | 0.7250 | 0.5431
0010 | 11:38:53 |  10.9s | 1.0e-04 | 0.0722 | 0.8716 | 0.7554 | 0.6207 | 0.0704 | 0.8587 | 0.7437 | 0.5789
0011 | 11:39:16 |  10.8s | 1.0e-04 | 0.0711 | 0.8741 | 0.7592 | 0.6276 | 0.0716 | 0.8108 | 0.7962 | 0.5898
0012 | 11:39:38 |  23.3s | 1.0e-04 | 0.0705 | 0.8755 | 0.7653 | 0.6413 | 0.0701 | 0.8547 | 0.7660 | 0.6101
0013 | 11:40:12 |  11.0s | 1.0e-04 | 0.0698 | 0.8784 | 0.7746 | 0.6683 | 0.0696 | 0.8647 | 0.7472 | 0.5910
0014 | 11:40:35 |  11.0s | 1.0e-04 | 0.0691 | 0.8794 | 0.7782 | 0.6768 | 0.0676 | 0.8683 | 0.7431 | 0.5908
0015 | 11:40:57 |  11.0s | 1.0e-04 | 0.0684 | 0.8805 | 0.7803 | 0.6818 | 0.0676 | 0.8377 | 0.7805 | 0.5983
0016 | 11:41:20 |  23.1s | 1.0e-04 | 0.0670 | 0.8819 | 0.7863 | 0.6956 | 0.0658 | 0.8722 | 0.7459 | 0.6032
0017 | 11:41:54 |  11.1s | 1.0e-04 | 0.0668 | 0.8816 | 0.7868 | 0.6982 | 0.0654 | 0.8610 | 0.7707 | 0.6341
0018 | 11:42:17 |  11.1s | 1.0e-04 | 0.0664 | 0.8808 | 0.7868 | 0.6968 | 0.0658 | 0.8442 | 0.7938 | 0.6416
0019 | 11:42:39 |  11.1s | 1.0e-04 | 0.0654 | 0.8840 | 0.7919 | 0.7103 | 0.0637 | 0.8664 | 0.7724 | 0.6374
0020 | 11:43:02 |  21.1s | 1.0e-04 | 0.0636 | 0.8858 | 0.7945 | 0.7148 | 0.0636 | 0.8466 | 0.7883 | 0.6336
0021 | 11:43:34 |  11.0s | 1.0e-04 | 0.0622 | 0.8863 | 0.7963 | 0.7218 | 0.0633 | 0.8660 | 0.7887 | 0.6697
0022 | 11:43:57 |  10.9s | 1.0e-04 | 0.0616 | 0.8868 | 0.7966 | 0.7204 | 0.0615 | 0.8592 | 0.7816 | 0.6404
0023 | 11:44:19 |  10.9s | 1.0e-04 | 0.0608 | 0.8869 | 0.7982 | 0.7283 | 0.0617 | 0.8594 | 0.7918 | 0.6594
0024 | 11:44:41 |  22.8s | 1.0e-04 | 0.0613 | 0.8882 | 0.8038 | 0.7405 | 0.0630 | 0.8702 | 0.7902 | 0.6783
0025 | 11:45:16 |  11.1s | 1.0e-04 | 0.0606 | 0.8892 | 0.8083 | 0.7512 | 0.0628 | 0.8893 | 0.7705 | 0.6793
0026 | 11:45:38 |  11.2s | 1.0e-04 | 0.0604 | 0.8901 | 0.8120 | 0.7606 | 0.0607 | 0.8658 | 0.7969 | 0.6857
0027 | 11:46:01 |  11.1s | 1.0e-04 | 0.0595 | 0.8911 | 0.8145 | 0.7649 | 0.0615 | 0.8641 | 0.7883 | 0.6730
0028 | 11:46:23 |  24.4s | 1.0e-04 | 0.0597 | 0.8900 | 0.8122 | 0.7599 | 0.0594 | 0.8757 | 0.7897 | 0.6934
0029 | 11:46:59 |  11.1s | 1.0e-04 | 0.0590 | 0.8900 | 0.8124 | 0.7603 | 0.0597 | 0.8820 | 0.7825 | 0.6901
0030 | 11:47:22 |  11.1s | 1.0e-04 | 0.0588 | 0.8899 | 0.8146 | 0.7653 | 0.0597 | 0.8641 | 0.8092 | 0.7022
0031 | 11:47:44 |  11.2s | 1.0e-04 | 0.0583 | 0.8920 | 0.8177 | 0.7740 | 0.0592 | 0.8429 | 0.8274 | 0.6997
0032 | 11:48:07 |  22.3s | 1.0e-04 | 0.0586 | 0.8904 | 0.8163 | 0.7690 | 0.0575 | 0.8806 | 0.8014 | 0.7187
0033 | 11:48:41 |  11.2s | 1.0e-04 | 0.0578 | 0.8931 | 0.8217 | 0.7812 | 0.0577 | 0.8676 | 0.8145 | 0.7254
0034 | 11:49:03 |  11.1s | 1.0e-04 | 0.0575 | 0.8937 | 0.8240 | 0.7831 | 0.0559 | 0.8703 | 0.8127 | 0.7237
0035 | 11:49:26 |  11.1s | 1.0e-04 | 0.0573 | 0.8938 | 0.8258 | 0.7893 | 0.0581 | 0.9018 | 0.7806 | 0.7332
0036 | 11:49:49 |  22.6s | 1.0e-04 | 0.0564 | 0.8926 | 0.8227 | 0.7823 | 0.0569 | 0.8823 | 0.8082 | 0.7352
0037 | 11:50:23 |  11.2s | 1.0e-04 | 0.0559 | 0.8946 | 0.8238 | 0.7839 | 0.0560 | 0.8713 | 0.8105 | 0.7190
0038 | 11:50:45 |  11.1s | 1.0e-04 | 0.0556 | 0.8944 | 0.8253 | 0.7865 | 0.0551 | 0.8782 | 0.8082 | 0.7261
0039 | 11:51:08 |  11.1s | 1.0e-04 | 0.0555 | 0.8936 | 0.8274 | 0.7891 | 0.0568 | 0.8433 | 0.8447 | 0.7313
0040 | 11:51:31 |  19.4s | 1.0e-04 | 0.0546 | 0.8968 | 0.8294 | 0.7974 | 0.0550 | 0.8882 | 0.8026 | 0.7325
0041 | 11:52:02 |  11.3s | 1.0e-04 | 0.0546 | 0.8956 | 0.8295 | 0.7961 | 0.0550 | 0.8916 | 0.8022 | 0.7424
0042 | 11:52:24 |  11.3s | 1.0e-04 | 0.0541 | 0.8963 | 0.8313 | 0.7986 | 0.0548 | 0.8736 | 0.8135 | 0.7273
0043 | 11:52:47 |  25.2s | 1.0e-04 | 0.0539 | 0.8967 | 0.8323 | 0.8010 | 0.0555 | 0.8944 | 0.8039 | 0.7508
0044 | 11:53:24 |  11.2s | 1.0e-04 | 0.0525 | 0.8975 | 0.8321 | 0.7991 | 0.0557 | 0.8880 | 0.8129 | 0.7543
0045 | 11:53:47 |  11.2s | 1.0e-04 | 0.0523 | 0.8962 | 0.8320 | 0.8008 | 0.0552 | 0.8798 | 0.8128 | 0.7412
0046 | 11:54:09 |  11.3s | 1.0e-04 | 0.0521 | 0.8984 | 0.8346 | 0.8071 | 0.0558 | 0.8578 | 0.8346 | 0.7399
0047 | 11:54:32 |  27.3s | 1.0e-04 | 0.0524 | 0.8971 | 0.8341 | 0.8042 | 0.0550 | 0.8748 | 0.8258 | 0.7521
0048 | 11:55:11 |  11.1s | 1.0e-04 | 0.0541 | 0.8973 | 0.8352 | 0.8072 | 0.0546 | 0.8996 | 0.8049 | 0.7687
0049 | 11:55:33 |  11.2s | 1.0e-04 | 0.0536 | 0.8973 | 0.8357 | 0.8088 | 0.0539 | 0.9053 | 0.7967 | 0.7629
0050 | 11:55:56 |  11.1s | 1.0e-04 | 0.0540 | 0.8965 | 0.8344 | 0.8053 | 0.0536 | 0.9108 | 0.7879 | 0.7681
0051 | 11:56:18 |  23.8s | 1.0e-04 | 0.0531 | 0.8971 | 0.8342 | 0.8070 | 0.0535 | 0.8932 | 0.8118 | 0.7584
0052 | 11:56:54 |  11.3s | 1.0e-04 | 0.0516 | 0.8979 | 0.8341 | 0.8053 | 0.0531 | 0.8888 | 0.8257 | 0.7778
0053 | 11:57:17 |  11.3s | 1.0e-04 | 0.0513 | 0.8972 | 0.8351 | 0.8051 | 0.0528 | 0.8866 | 0.8198 | 0.7606
0054 | 11:57:39 |  11.4s | 1.0e-04 | 0.0516 | 0.8975 | 0.8334 | 0.8031 | 0.0532 | 0.9011 | 0.7990 | 0.7578
0055 | 11:58:02 |  21.9s | 1.0e-04 | 0.0512 | 0.8981 | 0.8356 | 0.8084 | 0.0525 | 0.8948 | 0.8124 | 0.7643
0056 | 11:58:35 |  11.2s | 1.0e-04 | 0.0508 | 0.8993 | 0.8359 | 0.8084 | 0.0522 | 0.8956 | 0.8127 | 0.7639
0057 | 11:58:58 |  11.2s | 1.0e-04 | 0.0508 | 0.8993 | 0.8350 | 0.8070 | 0.0529 | 0.8651 | 0.8347 | 0.7598
0058 | 11:59:21 |  11.3s | 1.0e-04 | 0.0504 | 0.8996 | 0.8371 | 0.8104 | 0.0530 | 0.8837 | 0.8265 | 0.7705
0059 | 11:59:43 |  22.6s | 1.0e-04 | 0.0507 | 0.8996 | 0.8375 | 0.8147 | 0.0520 | 0.8850 | 0.8180 | 0.7569
0060 | 12:00:18 |  11.1s | 1.0e-04 | 0.0507 | 0.9005 | 0.8399 | 0.8179 | 0.0526 | 0.8685 | 0.8267 | 0.7436
0061 | 12:00:40 |  11.1s | 1.0e-04 | 0.0498 | 0.9021 | 0.8454 | 0.8294 | 0.0541 | 0.8545 | 0.8434 | 0.7534
0062 | 12:01:03 |  11.2s | 1.0e-04 | 0.0501 | 0.9013 | 0.8427 | 0.8240 | 0.0526 | 0.8824 | 0.8334 | 0.7801
0063 | 12:01:25 |  24.5s | 1.0e-04 | 0.0511 | 0.9017 | 0.8432 | 0.8262 | 0.0526 | 0.8672 | 0.8465 | 0.7772
0064 | 12:02:01 |  10.8s | 1.0e-04 | 0.0514 | 0.9018 | 0.8456 | 0.8289 | 0.0521 | 0.8884 | 0.8247 | 0.7779
0065 | 12:02:23 |  10.9s | 1.0e-04 | 0.0514 | 0.9033 | 0.8483 | 0.8365 | 0.0523 | 0.8800 | 0.8345 | 0.7784
0066 | 12:02:46 |  10.9s | 1.0e-04 | 0.0513 | 0.9039 | 0.8469 | 0.8341 | 0.0516 | 0.8661 | 0.8427 | 0.7674
0067 | 12:03:08 |  22.3s | 1.0e-04 | 0.0498 | 0.9034 | 0.8472 | 0.8346 | 0.0520 | 0.8853 | 0.8291 | 0.7817
0068 | 12:03:42 |  11.3s | 1.0e-04 | 0.0496 | 0.9027 | 0.8464 | 0.8321 | 0.0504 | 0.8931 | 0.8158 | 0.7683
0069 | 12:04:05 |  11.3s | 1.0e-04 | 0.0495 | 0.9032 | 0.8466 | 0.8326 | 0.0511 | 0.8742 | 0.8357 | 0.7724
0070 | 12:04:27 |  11.2s | 1.0e-04 | 0.0494 | 0.9028 | 0.8476 | 0.8351 | 0.0513 | 0.8804 | 0.8360 | 0.7835
0071 | 12:04:50 |  22.3s | 1.0e-04 | 0.0489 | 0.9028 | 0.8452 | 0.8303 | 0.0515 | 0.9077 | 0.7992 | 0.7759
0072 | 12:05:24 |  11.3s | 1.0e-04 | 0.0487 | 0.9024 | 0.8445 | 0.8296 | 0.0506 | 0.8896 | 0.8269 | 0.7825
0073 | 12:05:47 |  11.3s | 1.0e-04 | 0.0484 | 0.9021 | 0.8453 | 0.8309 | 0.0498 | 0.8816 | 0.8377 | 0.7853
0074 | 12:06:10 |  11.3s | 1.0e-04 | 0.0485 | 0.9016 | 0.8423 | 0.8259 | 0.0514 | 0.8758 | 0.8417 | 0.7832
0075 | 12:06:32 |  24.8s | 1.0e-04 | 0.0492 | 0.9025 | 0.8484 | 0.8372 | 0.0501 | 0.8901 | 0.8275 | 0.7820
0076 | 12:07:09 |  11.1s | 1.0e-04 | 0.0497 | 0.9032 | 0.8503 | 0.8400 | 0.0504 | 0.8873 | 0.8301 | 0.7847
0077 | 12:07:31 |  11.1s | 1.0e-04 | 0.0495 | 0.9034 | 0.8497 | 0.8391 | 0.0506 | 0.8878 | 0.8320 | 0.7855
0078 | 12:07:54 |  11.2s | 1.0e-04 | 0.0495 | 0.9033 | 0.8511 | 0.8425 | 0.0500 | 0.9012 | 0.8324 | 0.8113
0079 | 12:08:16 |  21.5s | 1.0e-04 | 0.0496 | 0.9028 | 0.8505 | 0.8409 | 0.0490 | 0.8951 | 0.8222 | 0.7868
0080 | 12:08:49 |  11.1s | 1.0e-04 | 0.0493 | 0.9038 | 0.8497 | 0.8396 | 0.0493 | 0.8869 | 0.8335 | 0.7887
0081 | 12:09:12 |  11.1s | 1.0e-04 | 0.0493 | 0.9036 | 0.8501 | 0.8398 | 0.0504 | 0.8851 | 0.8363 | 0.7922
0082 | 12:09:35 |  11.2s | 1.0e-04 | 0.0493 | 0.9033 | 0.8491 | 0.8388 | 0.0501 | 0.8647 | 0.8521 | 0.7879
0083 | 12:10:00 |  11.1s | 1.0e-04 | 0.0468 | 0.9045 | 0.8495 | 0.8394 | 0.0507 | 0.8875 | 0.8346 | 0.7939
0084 | 12:10:22 |  11.1s | 1.0e-04 | 0.0468 | 0.9049 | 0.8483 | 0.8373 | 0.0503 | 0.8907 | 0.8284 | 0.7867
0085 | 12:10:45 |  11.1s | 1.0e-04 | 0.0464 | 0.9046 | 0.8494 | 0.8405 | 0.0502 | 0.8939 | 0.8307 | 0.7995
0086 | 12:11:07 |  21.8s | 1.0e-04 | 0.0465 | 0.9047 | 0.8482 | 0.8383 | 0.0511 | 0.8705 | 0.8531 | 0.7954
0087 | 12:11:40 |  11.2s | 1.0e-04 | 0.0476 | 0.9042 | 0.8513 | 0.8439 | 0.0500 | 0.9025 | 0.8186 | 0.7956
0088 | 12:12:03 |  11.2s | 1.0e-04 | 0.0473 | 0.9052 | 0.8527 | 0.8466 | 0.0500 | 0.8971 | 0.8278 | 0.7993
0089 | 12:12:26 |  11.2s | 1.0e-04 | 0.0470 | 0.9052 | 0.8533 | 0.8468 | 0.0495 | 0.8894 | 0.8356 | 0.7946
0090 | 12:12:48 |  24.6s | 1.0e-04 | 0.0474 | 0.9062 | 0.8539 | 0.8485 | 0.0505 | 0.8993 | 0.8248 | 0.7945
0091 | 12:13:24 |  10.9s | 1.0e-04 | 0.0472 | 0.9077 | 0.8589 | 0.8578 | 0.0500 | 0.8967 | 0.8251 | 0.7987
0092 | 12:13:47 |  10.8s | 1.0e-04 | 0.0469 | 0.9079 | 0.8589 | 0.8590 | 0.0505 | 0.8955 | 0.8285 | 0.7940
0093 | 12:14:09 |  10.9s | 1.0e-04 | 0.0472 | 0.9079 | 0.8602 | 0.8604 | 0.0493 | 0.8988 | 0.8157 | 0.7920
0094 | 12:14:31 |  20.0s | 1.0e-04 | 0.0474 | 0.9078 | 0.8588 | 0.8583 | 0.0505 | 0.8909 | 0.8423 | 0.8076
0095 | 12:15:02 |  11.1s | 1.0e-04 | 0.0467 | 0.9091 | 0.8610 | 0.8631 | 0.0500 | 0.8805 | 0.8439 | 0.7970
0096 | 12:15:25 |  11.1s | 1.0e-04 | 0.0468 | 0.9071 | 0.8599 | 0.8598 | 0.0499 | 0.9019 | 0.8242 | 0.8023
0097 | 12:15:47 |  11.1s | 1.0e-04 | 0.0465 | 0.9090 | 0.8621 | 0.8649 | 0.0494 | 0.8804 | 0.8434 | 0.7983
0098 | 12:16:10 |  21.4s | 1.0e-04 | 0.0461 | 0.9085 | 0.8581 | 0.8580 | 0.0485 | 0.9025 | 0.8230 | 0.8062
0099 | 12:16:43 |  11.2s | 1.0e-04 | 0.0451 | 0.9074 | 0.8568 | 0.8540 | 0.0491 | 0.8933 | 0.8382 | 0.8067
0100 | 12:17:06 |  11.1s | 1.0e-04 | 0.0450 | 0.9072 | 0.8554 | 0.8509 | 0.0491 | 0.9040 | 0.8218 | 0.7993
0101 | 12:17:28 |  11.2s | 1.0e-04 | 0.0455 | 0.9059 | 0.8552 | 0.8516 | 0.0490 | 0.8956 | 0.8327 | 0.8000
0102 | 12:17:51 |  22.5s | 1.0e-04 | 0.0459 | 0.9059 | 0.8551 | 0.8507 | 0.0486 | 0.8863 | 0.8531 | 0.8198
0103 | 12:18:25 |  11.3s | 1.0e-04 | 0.0469 | 0.9062 | 0.8544 | 0.8502 | 0.0489 | 0.9009 | 0.8345 | 0.8138
0104 | 12:18:48 |  11.3s | 1.0e-04 | 0.0462 | 0.9067 | 0.8566 | 0.8528 | 0.0487 | 0.9009 | 0.8317 | 0.8108
0105 | 12:19:10 |  11.2s | 1.0e-04 | 0.0467 | 0.9065 | 0.8559 | 0.8531 | 0.0468 | 0.8986 | 0.8376 | 0.8143
0106 | 12:19:33 |  22.2s | 1.0e-04 | 0.0458 | 0.9068 | 0.8582 | 0.8567 | 0.0495 | 0.8957 | 0.8416 | 0.8159
0107 | 12:20:07 |  10.9s | 1.0e-04 | 0.0454 | 0.9089 | 0.8611 | 0.8627 | 0.0488 | 0.8908 | 0.8374 | 0.8005
0108 | 12:20:29 |  10.9s | 1.0e-04 | 0.0453 | 0.9103 | 0.8610 | 0.8636 | 0.0493 | 0.8824 | 0.8465 | 0.8023
0109 | 12:20:51 |  10.9s | 1.0e-04 | 0.0454 | 0.9090 | 0.8602 | 0.8630 | 0.0480 | 0.8967 | 0.8379 | 0.8051
0110 | 12:21:14 |  24.6s | 1.0e-04 | 0.0456 | 0.9083 | 0.8617 | 0.8630 | 0.0480 | 0.9103 | 0.8165 | 0.8105
0111 | 12:21:49 |  11.1s | 1.0e-04 | 0.0466 | 0.9088 | 0.8627 | 0.8646 | 0.0478 | 0.8865 | 0.8402 | 0.8001
0112 | 12:22:12 |  11.0s | 1.0e-04 | 0.0472 | 0.9067 | 0.8619 | 0.8630 | 0.0480 | 0.8885 | 0.8395 | 0.8026
0113 | 12:22:34 |  11.1s | 1.0e-04 | 0.0472 | 0.9067 | 0.8596 | 0.8605 | 0.0476 | 0.8912 | 0.8475 | 0.8158
0114 | 12:22:57 |  27.3s | 1.0e-04 | 0.0463 | 0.9063 | 0.8588 | 0.8577 | 0.0480 | 0.8789 | 0.8552 | 0.8135
0115 | 12:23:36 |  11.0s | 1.0e-04 | 0.0460 | 0.9053 | 0.8579 | 0.8547 | 0.0472 | 0.8628 | 0.8648 | 0.8076
0116 | 12:23:58 |  10.9s | 1.0e-04 | 0.0454 | 0.9070 | 0.8587 | 0.8563 | 0.0466 | 0.9085 | 0.8371 | 0.8284
0117 | 12:24:20 |  11.0s | 1.0e-04 | 0.0454 | 0.9069 | 0.8589 | 0.8572 | 0.0468 | 0.8944 | 0.8488 | 0.8267
0118 | 12:24:43 |  23.9s | 1.0e-04 | 0.0447 | 0.9084 | 0.8640 | 0.8673 | 0.0472 | 0.8901 | 0.8528 | 0.8231
0119 | 12:25:18 |  11.0s | 1.0e-04 | 0.0442 | 0.9096 | 0.8654 | 0.8697 | 0.0477 | 0.8885 | 0.8490 | 0.8187
0120 | 12:25:40 |  11.0s | 1.0e-04 | 0.0442 | 0.9111 | 0.8648 | 0.8691 | 0.0479 | 0.8986 | 0.8404 | 0.8175
0121 | 12:26:03 |  10.9s | 1.0e-04 | 0.0439 | 0.9110 | 0.8647 | 0.8684 | 0.0475 | 0.8876 | 0.8533 | 0.8242
0122 | 12:26:25 |  24.5s | 1.0e-04 | 0.0455 | 0.9078 | 0.8641 | 0.8666 | 0.0460 | 0.8929 | 0.8494 | 0.8268
0123 | 12:27:01 |  11.0s | 1.0e-04 | 0.0460 | 0.9068 | 0.8609 | 0.8602 | 0.0462 | 0.8853 | 0.8635 | 0.8327
0124 | 12:27:23 |  11.2s | 1.0e-04 | 0.0459 | 0.9082 | 0.8616 | 0.8627 | 0.0452 | 0.9137 | 0.8310 | 0.8285
0125 | 12:27:46 |  11.0s | 1.0e-04 | 0.0459 | 0.9078 | 0.8612 | 0.8619 | 0.0461 | 0.8983 | 0.8393 | 0.8190
0126 | 12:28:10 |  12.4s | 1.0e-04 | 0.0457 | 0.9095 | 0.8666 | 0.8723 | 0.0455 | 0.8952 | 0.8628 | 0.8443
0127 | 12:28:34 |  11.0s | 1.0e-04 | 0.0461 | 0.9098 | 0.8665 | 0.8711 | 0.0466 | 0.8812 | 0.8652 | 0.8326
0128 | 12:28:57 |  11.1s | 1.0e-04 | 0.0460 | 0.9092 | 0.8657 | 0.8701 | 0.0454 | 0.8929 | 0.8489 | 0.8234
0129 | 12:29:19 |  21.2s | 1.0e-04 | 0.0455 | 0.9104 | 0.8660 | 0.8711 | 0.0459 | 0.9048 | 0.8404 | 0.8238
0130 | 12:29:52 |  11.0s | 1.0e-04 | 0.0432 | 0.9118 | 0.8666 | 0.8721 | 0.0466 | 0.8880 | 0.8606 | 0.8313
0131 | 12:30:14 |  11.0s | 1.0e-04 | 0.0430 | 0.9108 | 0.8679 | 0.8734 | 0.0464 | 0.9064 | 0.8380 | 0.8273
0132 | 12:30:37 |  11.0s | 1.0e-04 | 0.0431 | 0.9110 | 0.8661 | 0.8708 | 0.0460 | 0.8902 | 0.8536 | 0.8289
0133 | 12:31:00 |  20.5s | 1.0e-04 | 0.0430 | 0.9100 | 0.8668 | 0.8717 | 0.0456 | 0.9081 | 0.8311 | 0.8237
0134 | 12:31:32 |  10.9s | 1.0e-04 | 0.0429 | 0.9123 | 0.8670 | 0.8745 | 0.0470 | 0.8753 | 0.8641 | 0.8207
0135 | 12:31:54 |  10.8s | 1.0e-04 | 0.0429 | 0.9113 | 0.8658 | 0.8712 | 0.0456 | 0.8921 | 0.8428 | 0.8080
0136 | 12:32:16 |  10.9s | 1.0e-04 | 0.0429 | 0.9114 | 0.8676 | 0.8742 | 0.0459 | 0.8874 | 0.8526 | 0.8213
0137 | 12:32:38 |  25.7s | 1.0e-04 | 0.0433 | 0.9123 | 0.8703 | 0.8790 | 0.0461 | 0.9005 | 0.8455 | 0.8289
0138 | 12:33:15 |  10.9s | 1.0e-04 | 0.0448 | 0.9116 | 0.8702 | 0.8787 | 0.0445 | 0.8948 | 0.8513 | 0.8301
0139 | 12:33:38 |  11.0s | 1.0e-04 | 0.0447 | 0.9109 | 0.8711 | 0.8785 | 0.0467 | 0.8908 | 0.8586 | 0.8341
0140 | 12:34:00 |  10.8s | 1.0e-04 | 0.0444 | 0.9113 | 0.8701 | 0.8776 | 0.0453 | 0.8938 | 0.8554 | 0.8315
0141 | 12:34:22 |  22.4s | 1.0e-04 | 0.0443 | 0.9116 | 0.8716 | 0.8807 | 0.0451 | 0.8947 | 0.8548 | 0.8314
0142 | 12:34:56 |  11.0s | 1.0e-04 | 0.0442 | 0.9119 | 0.8714 | 0.8789 | 0.0458 | 0.9036 | 0.8463 | 0.8336
0143 | 12:35:19 |  11.1s | 1.0e-04 | 0.0444 | 0.9112 | 0.8714 | 0.8791 | 0.0464 | 0.8844 | 0.8656 | 0.8346
0144 | 12:35:41 |  11.1s | 1.0e-04 | 0.0442 | 0.9130 | 0.8717 | 0.8814 | 0.0460 | 0.8875 | 0.8582 | 0.8277
0145 | 12:36:04 |  25.1s | 1.0e-04 | 0.0430 | 0.9132 | 0.8697 | 0.8786 | 0.0464 | 0.8980 | 0.8575 | 0.8407
0146 | 12:36:41 |  11.1s | 1.0e-04 | 0.0420 | 0.9124 | 0.8674 | 0.8745 | 0.0456 | 0.9059 | 0.8485 | 0.8401
0147 | 12:37:04 |  11.0s | 1.0e-04 | 0.0417 | 0.9116 | 0.8665 | 0.8713 | 0.0457 | 0.9017 | 0.8499 | 0.8344
0148 | 12:37:26 |  11.1s | 1.0e-04 | 0.0414 | 0.9123 | 0.8684 | 0.8755 | 0.0451 | 0.9023 | 0.8596 | 0.8500
0149 | 12:37:49 |  24.8s | 1.0e-04 | 0.0418 | 0.9137 | 0.8696 | 0.8786 | 0.0449 | 0.9031 | 0.8556 | 0.8476
0150 | 12:38:25 |  11.0s | 1.0e-04 | 0.0421 | 0.9136 | 0.8713 | 0.8805 | 0.0444 | 0.9044 | 0.8413 | 0.8300
0151 | 12:38:48 |  11.0s | 1.0e-04 | 0.0422 | 0.9144 | 0.8709 | 0.8820 | 0.0454 | 0.8924 | 0.8643 | 0.8425
0152 | 12:39:10 |  10.9s | 1.0e-04 | 0.0424 | 0.9137 | 0.8715 | 0.8813 | 0.0459 | 0.8780 | 0.8645 | 0.8210
0153 | 12:39:33 |  23.8s | 1.0e-04 | 0.0421 | 0.9149 | 0.8742 | 0.8867 | 0.0456 | 0.9016 | 0.8519 | 0.8354
0154 | 12:40:08 |  11.0s | 1.0e-04 | 0.0427 | 0.9148 | 0.8728 | 0.8846 | 0.0445 | 0.8930 | 0.8455 | 0.8171
0155 | 12:40:31 |  11.1s | 1.0e-04 | 0.0418 | 0.9157 | 0.8754 | 0.8888 | 0.0456 | 0.9039 | 0.8450 | 0.8336
0156 | 12:40:53 |  11.0s | 1.0e-04 | 0.0421 | 0.9154 | 0.8759 | 0.8886 | 0.0456 | 0.9100 | 0.8492 | 0.8456
0157 | 12:41:16 |  23.6s | 1.0e-04 | 0.0423 | 0.9150 | 0.8738 | 0.8862 | 0.0448 | 0.8953 | 0.8564 | 0.8370
0158 | 12:41:52 |  11.2s | 1.0e-04 | 0.0424 | 0.9147 | 0.8742 | 0.8867 | 0.0452 | 0.9107 | 0.8450 | 0.8445
0159 | 12:42:15 |  11.1s | 1.0e-04 | 0.0427 | 0.9142 | 0.8734 | 0.8850 | 0.0445 | 0.9023 | 0.8501 | 0.8362
0160 | 12:42:37 |  11.2s | 1.0e-04 | 0.0424 | 0.9145 | 0.8738 | 0.8859 | 0.0447 | 0.8920 | 0.8612 | 0.8355
0161 | 12:43:00 |  24.0s | 1.0e-04 | 0.0420 | 0.9162 | 0.8768 | 0.8911 | 0.0449 | 0.8901 | 0.8547 | 0.8256
0162 | 12:43:36 |  11.1s | 1.0e-04 | 0.0425 | 0.9154 | 0.8763 | 0.8892 | 0.0461 | 0.9008 | 0.8556 | 0.8445
0163 | 12:43:58 |  11.1s | 1.0e-04 | 0.0419 | 0.9165 | 0.8762 | 0.8909 | 0.0455 | 0.8916 | 0.8576 | 0.8307
0164 | 12:44:21 |  11.2s | 1.0e-04 | 0.0413 | 0.9178 | 0.8782 | 0.8935 | 0.0454 | 0.8806 | 0.8651 | 0.8295
0165 | 12:44:44 |  22.3s | 1.0e-04 | 0.0426 | 0.9165 | 0.8778 | 0.8931 | 0.0445 | 0.8991 | 0.8645 | 0.8540
0166 | 12:45:19 |  11.0s | 1.0e-04 | 0.0428 | 0.9161 | 0.8765 | 0.8904 | 0.0446 | 0.8968 | 0.8593 | 0.8431
0167 | 12:45:41 |  11.0s | 1.0e-04 | 0.0434 | 0.9150 | 0.8773 | 0.8904 | 0.0441 | 0.9047 | 0.8481 | 0.8376
0168 | 12:46:04 |  24.2s | 1.0e-04 | 0.0431 | 0.9157 | 0.8777 | 0.8919 | 0.0443 | 0.9028 | 0.8627 | 0.8518
0169 | 12:46:40 |  11.1s | 1.0e-04 | 0.0416 | 0.9155 | 0.8737 | 0.8857 | 0.0443 | 0.9057 | 0.8556 | 0.8494
0170 | 12:47:02 |  11.1s | 1.0e-04 | 0.0415 | 0.9152 | 0.8732 | 0.8859 | 0.0450 | 0.8913 | 0.8719 | 0.8523
0171 | 12:47:25 |  11.1s | 1.0e-04 | 0.0416 | 0.9156 | 0.8735 | 0.8859 | 0.0440 | 0.9080 | 0.8574 | 0.8561
0172 | 12:47:48 |  24.6s | 1.0e-04 | 0.0416 | 0.9158 | 0.8752 | 0.8886 | 0.0449 | 0.9015 | 0.8493 | 0.8342
0173 | 12:48:25 |  11.1s | 1.0e-04 | 0.0418 | 0.9171 | 0.8792 | 0.8949 | 0.0452 | 0.8922 | 0.8568 | 0.8311
0174 | 12:48:48 |  11.1s | 1.0e-04 | 0.0420 | 0.9178 | 0.8797 | 0.8965 | 0.0449 | 0.8899 | 0.8613 | 0.8363
0175 | 12:49:11 |  11.0s | 1.0e-04 | 0.0416 | 0.9183 | 0.8810 | 0.8986 | 0.0445 | 0.9008 | 0.8605 | 0.8487
0176 | 12:49:34 |  24.3s | 1.0e-04 | 0.0414 | 0.9183 | 0.8810 | 0.8988 | 0.0439 | 0.9071 | 0.8544 | 0.8490
0177 | 12:50:10 |  11.0s | 1.0e-04 | 0.0426 | 0.9173 | 0.8807 | 0.8972 | 0.0446 | 0.9121 | 0.8530 | 0.8557
0178 | 12:50:33 |  10.9s | 1.0e-04 | 0.0422 | 0.9190 | 0.8822 | 0.9010 | 0.0441 | 0.8924 | 0.8627 | 0.8395
0179 | 12:50:55 |  11.0s | 1.0e-04 | 0.0431 | 0.9166 | 0.8806 | 0.8958 | 0.0442 | 0.9059 | 0.8531 | 0.8492
0180 | 12:51:18 |  22.5s | 1.0e-04 | 0.0415 | 0.9180 | 0.8779 | 0.8940 | 0.0438 | 0.8997 | 0.8575 | 0.8407
0181 | 12:51:53 |  11.2s | 1.0e-04 | 0.0392 | 0.9163 | 0.8702 | 0.8815 | 0.0440 | 0.8891 | 0.8687 | 0.8423
0182 | 12:52:16 |  11.1s | 1.0e-04 | 0.0409 | 0.9146 | 0.8686 | 0.8787 | 0.0446 | 0.8916 | 0.8645 | 0.8436
0183 | 12:52:39 |  11.1s | 1.0e-04 | 0.0391 | 0.9164 | 0.8720 | 0.8855 | 0.0437 | 0.9083 | 0.8511 | 0.8458
0184 | 12:53:02 |  20.1s | 1.0e-04 | 0.0403 | 0.9183 | 0.8771 | 0.8929 | 0.0438 | 0.9033 | 0.8577 | 0.8476
0185 | 12:53:34 |  11.0s | 1.0e-04 | 0.0419 | 0.9185 | 0.8809 | 0.8990 | 0.0436 | 0.9010 | 0.8634 | 0.8532
0186 | 12:53:56 |  10.8s | 1.0e-04 | 0.0418 | 0.9195 | 0.8824 | 0.9017 | 0.0438 | 0.9018 | 0.8586 | 0.8489
0187 | 12:54:19 |  10.9s | 1.0e-04 | 0.0420 | 0.9190 | 0.8814 | 0.8993 | 0.0435 | 0.8964 | 0.8607 | 0.8416
0188 | 12:54:42 |  25.3s | 1.0e-04 | 0.0418 | 0.9180 | 0.8782 | 0.8948 | 0.0439 | 0.9048 | 0.8622 | 0.8560
0189 | 12:55:19 |  11.0s | 1.0e-04 | 0.0423 | 0.9166 | 0.8769 | 0.8918 | 0.0427 | 0.9047 | 0.8538 | 0.8453
0190 | 12:55:42 |  11.0s | 1.0e-04 | 0.0422 | 0.9159 | 0.8770 | 0.8914 | 0.0424 | 0.9005 | 0.8596 | 0.8465
0191 | 12:56:05 |  10.9s | 1.0e-04 | 0.0420 | 0.9163 | 0.8769 | 0.8917 | 0.0424 | 0.9083 | 0.8654 | 0.8665
0192 | 12:56:27 |  24.0s | 1.0e-04 | 0.0406 | 0.9180 | 0.8785 | 0.8949 | 0.0437 | 0.8956 | 0.8632 | 0.8445
0193 | 12:57:03 |  10.9s | 1.0e-04 | 0.0399 | 0.9189 | 0.8773 | 0.8940 | 0.0441 | 0.8886 | 0.8709 | 0.8490
0194 | 12:57:26 |  11.0s | 1.0e-04 | 0.0398 | 0.9194 | 0.8790 | 0.8963 | 0.0440 | 0.9064 | 0.8535 | 0.8484
0195 | 12:57:48 |  11.0s | 1.0e-04 | 0.0399 | 0.9192 | 0.8786 | 0.8957 | 0.0437 | 0.8998 | 0.8655 | 0.8551
0196 | 12:58:11 |  24.6s | 1.0e-04 | 0.0403 | 0.9204 | 0.8804 | 0.8997 | 0.0440 | 0.9036 | 0.8639 | 0.8581
0197 | 12:58:48 |  11.0s | 1.0e-04 | 0.0402 | 0.9197 | 0.8820 | 0.9001 | 0.0438 | 0.8964 | 0.8630 | 0.8473
0198 | 12:59:10 |  11.1s | 1.0e-04 | 0.0406 | 0.9200 | 0.8795 | 0.8978 | 0.0433 | 0.9084 | 0.8542 | 0.8525
0199 | 12:59:33 |  11.0s | 1.0e-04 | 0.0404 | 0.9206 | 0.8819 | 0.9010 | 0.0438 | 0.8953 | 0.8708 | 0.8573
0200 | 12:59:56 |  28.6s | 1.0e-04 | 0.0410 | 0.9200 | 0.8807 | 0.9001 | 0.0448 | 0.8859 | 0.8664 | 0.8387
0201 | 13:00:42 |  11.2s | 1.0e-04 | 0.0405 | 0.9211 | 0.8821 | 0.9018 | 0.0442 | 0.9108 | 0.8606 | 0.8608
0202 | 13:01:06 |  11.1s | 1.0e-04 | 0.0402 | 0.9205 | 0.8835 | 0.9039 | 0.0437 | 0.8914 | 0.8639 | 0.8402
0203 | 13:01:29 |  11.1s | 1.0e-04 | 0.0406 | 0.9198 | 0.8837 | 0.9030 | 0.0436 | 0.9002 | 0.8650 | 0.8562
0204 | 13:01:52 |  21.8s | 1.0e-04 | 0.0398 | 0.9212 | 0.8852 | 0.9063 | 0.0429 | 0.8992 | 0.8601 | 0.8424
0205 | 13:02:26 |  11.0s | 1.0e-04 | 0.0396 | 0.9213 | 0.8837 | 0.9049 | 0.0440 | 0.8913 | 0.8728 | 0.8518
0206 | 13:02:49 |  10.9s | 1.0e-04 | 0.0397 | 0.9207 | 0.8836 | 0.9038 | 0.0435 | 0.8958 | 0.8764 | 0.8641
0207 | 13:03:12 |  11.0s | 1.0e-04 | 0.0395 | 0.9215 | 0.8854 | 0.9068 | 0.0441 | 0.9075 | 0.8499 | 0.8425
0208 | 13:03:37 |  11.2s | 1.0e-04 | 0.0407 | 0.9183 | 0.8762 | 0.8920 | 0.0421 | 0.9030 | 0.8708 | 0.8660
0209 | 13:04:00 |  11.3s | 1.0e-04 | 0.0406 | 0.9180 | 0.8766 | 0.8924 | 0.0429 | 0.8983 | 0.8704 | 0.8590
0210 | 13:04:23 |  11.2s | 1.0e-04 | 0.0405 | 0.9179 | 0.8761 | 0.8920 | 0.0420 | 0.9091 | 0.8550 | 0.8505
0211 | 13:04:46 |  24.6s | 1.0e-04 | 0.0405 | 0.9182 | 0.8774 | 0.8938 | 0.0430 | 0.8950 | 0.8638 | 0.8427
0212 | 13:05:22 |  10.9s | 1.0e-04 | 0.0389 | 0.9199 | 0.8787 | 0.8971 | 0.0428 | 0.9037 | 0.8556 | 0.8467
0213 | 13:05:45 |  10.8s | 1.0e-04 | 0.0390 | 0.9206 | 0.8795 | 0.8981 | 0.0438 | 0.9077 | 0.8483 | 0.8451
0214 | 13:06:08 |  10.9s | 1.0e-04 | 0.0390 | 0.9209 | 0.8786 | 0.8982 | 0.0433 | 0.9012 | 0.8530 | 0.8375
0215 | 13:06:30 |  24.3s | 1.0e-04 | 0.0386 | 0.9209 | 0.8806 | 0.9017 | 0.0445 | 0.8911 | 0.8706 | 0.8499
0216 | 13:07:06 |  11.2s | 1.0e-04 | 0.0391 | 0.9220 | 0.8841 | 0.9058 | 0.0434 | 0.9043 | 0.8525 | 0.8411
0217 | 13:07:29 |  11.1s | 1.0e-04 | 0.0392 | 0.9227 | 0.8842 | 0.9052 | 0.0429 | 0.9117 | 0.8489 | 0.8480
0218 | 13:07:52 |  11.1s | 1.0e-04 | 0.0390 | 0.9228 | 0.8861 | 0.9090 | 0.0439 | 0.9042 | 0.8618 | 0.8538
0219 | 13:08:15 |  21.6s | 1.0e-04 | 0.0395 | 0.9228 | 0.8856 | 0.9075 | 0.0424 | 0.8931 | 0.8641 | 0.8417
0220 | 13:08:48 |  11.0s | 1.0e-04 | 0.0409 | 0.9213 | 0.8853 | 0.9061 | 0.0434 | 0.8933 | 0.8700 | 0.8487
0221 | 13:09:11 |  10.9s | 1.0e-04 | 0.0410 | 0.9203 | 0.8851 | 0.9051 | 0.0434 | 0.9047 | 0.8694 | 0.8671
0222 | 13:09:34 |  11.0s | 1.0e-04 | 0.0412 | 0.9201 | 0.8840 | 0.9039 | 0.0436 | 0.9096 | 0.8488 | 0.8434
0223 | 13:09:56 |  20.6s | 1.0e-04 | 0.0417 | 0.9224 | 0.8859 | 0.9082 | 0.0430 | 0.9046 | 0.8642 | 0.8595
0224 | 13:10:29 |  11.2s | 1.0e-04 | 0.0397 | 0.9216 | 0.8828 | 0.9032 | 0.0432 | 0.9044 | 0.8652 | 0.8603
0225 | 13:10:52 |  11.2s | 1.0e-04 | 0.0394 | 0.9211 | 0.8823 | 0.9026 | 0.0429 | 0.8950 | 0.8726 | 0.8559
0226 | 13:11:15 |  11.1s | 1.0e-04 | 0.0394 | 0.9222 | 0.8846 | 0.9069 | 0.0421 | 0.9072 | 0.8610 | 0.8568
0227 | 13:11:38 |  20.1s | 1.0e-04 | 0.0392 | 0.9222 | 0.8848 | 0.9064 | 0.0436 | 0.8984 | 0.8697 | 0.8567
0228 | 13:12:10 |  11.1s | 1.0e-04 | 0.0395 | 0.9215 | 0.8837 | 0.9044 | 0.0424 | 0.9002 | 0.8648 | 0.8529
0229 | 13:12:32 |  11.1s | 1.0e-04 | 0.0397 | 0.9220 | 0.8831 | 0.9043 | 0.0429 | 0.8896 | 0.8822 | 0.8638
0230 | 13:12:55 |  11.1s | 1.0e-04 | 0.0398 | 0.9217 | 0.8842 | 0.9050 | 0.0427 | 0.9074 | 0.8676 | 0.8685
0231 | 13:13:18 |  20.9s | 1.0e-04 | 0.0391 | 0.9215 | 0.8829 | 0.9032 | 0.0428 | 0.9076 | 0.8696 | 0.8676
0232 | 13:13:51 |  11.0s | 1.0e-04 | 0.0385 | 0.9212 | 0.8811 | 0.9012 | 0.0434 | 0.9017 | 0.8688 | 0.8635
0233 | 13:14:14 |  10.9s | 1.0e-04 | 0.0388 | 0.9206 | 0.8810 | 0.9001 | 0.0421 | 0.9036 | 0.8586 | 0.8473
0234 | 13:14:37 |  11.0s | 1.0e-04 | 0.0389 | 0.9204 | 0.8805 | 0.8992 | 0.0427 | 0.9106 | 0.8581 | 0.8584
0235 | 13:14:59 |  24.6s | 1.0e-04 | 0.0391 | 0.9222 | 0.8854 | 0.9073 | 0.0427 | 0.9024 | 0.8613 | 0.8485
0236 | 13:15:36 |  11.0s | 1.0e-04 | 0.0396 | 0.9233 | 0.8887 | 0.9120 | 0.0432 | 0.9024 | 0.8698 | 0.8629
0237 | 13:15:58 |  10.9s | 1.0e-04 | 0.0392 | 0.9235 | 0.8873 | 0.9113 | 0.0423 | 0.8967 | 0.8734 | 0.8603
0238 | 13:16:21 |  11.0s | 1.0e-04 | 0.0391 | 0.9232 | 0.8890 | 0.9123 | 0.0428 | 0.9107 | 0.8538 | 0.8559
0239 | 13:16:44 |  22.2s | 1.0e-04 | 0.0390 | 0.9234 | 0.8856 | 0.9096 | 0.0426 | 0.9023 | 0.8621 | 0.8526
0240 | 13:17:18 |  11.0s | 1.0e-04 | 0.0389 | 0.9223 | 0.8856 | 0.9079 | 0.0435 | 0.9056 | 0.8594 | 0.8545
0241 | 13:17:41 |  11.0s | 1.0e-04 | 0.0390 | 0.9236 | 0.8866 | 0.9105 | 0.0418 | 0.9024 | 0.8706 | 0.8626
0242 | 13:18:03 |  11.0s | 1.0e-04 | 0.0392 | 0.9228 | 0.8861 | 0.9083 | 0.0421 | 0.9005 | 0.8693 | 0.8591
0243 | 13:18:26 |  21.8s | 1.0e-04 | 0.0382 | 0.9218 | 0.8810 | 0.9015 | 0.0417 | 0.9097 | 0.8605 | 0.8629
0244 | 13:19:00 |  11.1s | 1.0e-04 | 0.0378 | 0.9220 | 0.8808 | 0.9012 | 0.0429 | 0.8993 | 0.8722 | 0.8639
0245 | 13:19:22 |  11.2s | 1.0e-04 | 0.0377 | 0.9213 | 0.8812 | 0.9008 | 0.0422 | 0.8965 | 0.8713 | 0.8569
0246 | 13:19:45 |  11.1s | 1.0e-04 | 0.0377 | 0.9218 | 0.8798 | 0.9000 | 0.0424 | 0.9106 | 0.8614 | 0.8600
0247 | 13:20:08 |  23.7s | 1.0e-04 | 0.0382 | 0.9212 | 0.8807 | 0.9005 | 0.0422 | 0.8975 | 0.8758 | 0.8648
0248 | 13:20:44 |  11.0s | 1.0e-04 | 0.0381 | 0.9212 | 0.8795 | 0.8991 | 0.0422 | 0.9169 | 0.8542 | 0.8636
0249 | 13:21:06 |  10.9s | 1.0e-04 | 0.0379 | 0.9221 | 0.8793 | 0.9000 | 0.0423 | 0.9028 | 0.8737 | 0.8694
0250 | 13:21:29 |  11.0s | 1.0e-04 | 0.0383 | 0.9204 | 0.8793 | 0.8982 | 0.0425 | 0.9182 | 0.8535 | 0.8645
0251 | 13:21:54 |  10.9s | 1.0e-04 | 0.0395 | 0.9228 | 0.8830 | 0.9047 | 0.0415 | 0.9079 | 0.8620 | 0.8620
0252 | 13:22:17 |  10.9s | 1.0e-04 | 0.0396 | 0.9222 | 0.8836 | 0.9054 | 0.0420 | 0.9082 | 0.8639 | 0.8635
0253 | 13:22:40 |  10.8s | 1.0e-04 | 0.0397 | 0.9223 | 0.8858 | 0.9077 | 0.0413 | 0.9063 | 0.8603 | 0.8553
0254 | 13:23:02 |  23.6s | 1.0e-04 | 0.0395 | 0.9220 | 0.8836 | 0.9054 | 0.0410 | 0.9079 | 0.8737 | 0.8792
0255 | 13:23:38 |  11.0s | 1.0e-04 | 0.0391 | 0.9216 | 0.8839 | 0.9051 | 0.0413 | 0.9076 | 0.8573 | 0.8490
0256 | 13:24:00 |  11.0s | 1.0e-04 | 0.0390 | 0.9216 | 0.8827 | 0.9032 | 0.0420 | 0.9114 | 0.8594 | 0.8639
0257 | 13:24:23 |  11.0s | 1.0e-04 | 0.0389 | 0.9216 | 0.8832 | 0.9043 | 0.0421 | 0.9130 | 0.8604 | 0.8647
0258 | 13:24:46 |  27.9s | 1.0e-04 | 0.0390 | 0.9224 | 0.8849 | 0.9072 | 0.0418 | 0.8948 | 0.8715 | 0.8558
0259 | 13:25:26 |  11.2s | 1.0e-04 | 0.0387 | 0.9240 | 0.8851 | 0.9086 | 0.0421 | 0.9093 | 0.8592 | 0.8591
0260 | 13:25:49 |  11.2s | 1.0e-04 | 0.0390 | 0.9229 | 0.8852 | 0.9082 | 0.0418 | 0.8999 | 0.8656 | 0.8533
0261 | 13:26:12 |  11.3s | 1.0e-04 | 0.0383 | 0.9237 | 0.8868 | 0.9106 | 0.0413 | 0.9091 | 0.8641 | 0.8612
0262 | 13:26:35 |  23.6s | 1.0e-04 | 0.0388 | 0.9230 | 0.8847 | 0.9076 | 0.0416 | 0.9061 | 0.8639 | 0.8587
0263 | 13:27:11 |  11.0s | 1.0e-04 | 0.0381 | 0.9240 | 0.8872 | 0.9114 | 0.0426 | 0.9091 | 0.8617 | 0.8589
0264 | 13:27:33 |  10.9s | 1.0e-04 | 0.0383 | 0.9243 | 0.8860 | 0.9097 | 0.0431 | 0.8976 | 0.8671 | 0.8510
0265 | 13:27:56 |  11.0s | 1.0e-04 | 0.0385 | 0.9226 | 0.8849 | 0.9070 | 0.0418 | 0.9132 | 0.8580 | 0.8605
0266 | 13:28:19 |  22.9s | 1.0e-04 | 0.0378 | 0.9248 | 0.8867 | 0.9113 | 0.0413 | 0.9154 | 0.8633 | 0.8721
0267 | 13:28:54 |  11.0s | 1.0e-04 | 0.0385 | 0.9233 | 0.8861 | 0.9094 | 0.0419 | 0.9045 | 0.8704 | 0.8660
0268 | 13:29:16 |  11.0s | 1.0e-04 | 0.0380 | 0.9240 | 0.8863 | 0.9102 | 0.0415 | 0.9175 | 0.8646 | 0.8762
0269 | 13:29:39 |  11.0s | 1.0e-04 | 0.0382 | 0.9243 | 0.8867 | 0.9106 | 0.0414 | 0.8991 | 0.8706 | 0.8588
0270 | 13:30:02 |  23.5s | 1.0e-04 | 0.0385 | 0.9242 | 0.8861 | 0.9109 | 0.0411 | 0.8988 | 0.8742 | 0.8640
0271 | 13:30:37 |  11.3s | 1.0e-04 | 0.0396 | 0.9219 | 0.8840 | 0.9065 | 0.0414 | 0.9079 | 0.8676 | 0.8687
0272 | 13:31:00 |  11.3s | 1.0e-04 | 0.0393 | 0.9221 | 0.8846 | 0.9066 | 0.0420 | 0.9013 | 0.8669 | 0.8536
0273 | 13:31:23 |  11.2s | 1.0e-04 | 0.0391 | 0.9221 | 0.8845 | 0.9067 | 0.0414 | 0.9084 | 0.8708 | 0.8714
0274 | 13:31:46 |  25.2s | 1.0e-04 | 0.0382 | 0.9229 | 0.8847 | 0.9074 | 0.0418 | 0.9061 | 0.8628 | 0.8583
0275 | 13:32:23 |  11.2s | 1.0e-04 | 0.0377 | 0.9244 | 0.8858 | 0.9094 | 0.0419 | 0.9076 | 0.8610 | 0.8579
0276 | 13:32:46 |  11.2s | 1.0e-04 | 0.0377 | 0.9231 | 0.8839 | 0.9064 | 0.0420 | 0.9045 | 0.8728 | 0.8707
0277 | 13:33:09 |  11.2s | 1.0e-04 | 0.0379 | 0.9223 | 0.8830 | 0.9043 | 0.0413 | 0.9033 | 0.8749 | 0.8688
0278 | 13:33:32 |  23.2s | 1.0e-04 | 0.0384 | 0.9242 | 0.8872 | 0.9117 | 0.0416 | 0.9120 | 0.8566 | 0.8574
0279 | 13:34:07 |  11.1s | 1.0e-04 | 0.0385 | 0.9256 | 0.8903 | 0.9168 | 0.0411 | 0.9154 | 0.8554 | 0.8636
0280 | 13:34:30 |  11.1s | 1.0e-04 | 0.0393 | 0.9246 | 0.8882 | 0.9126 | 0.0411 | 0.9237 | 0.8540 | 0.8743
0281 | 13:34:53 |  11.1s | 1.0e-04 | 0.0387 | 0.9246 | 0.8881 | 0.9131 | 0.0414 | 0.9041 | 0.8678 | 0.8599
0282 | 13:35:16 |  22.0s | 1.0e-04 | 0.0376 | 0.9237 | 0.8857 | 0.9086 | 0.0416 | 0.9167 | 0.8605 | 0.8711
0283 | 13:35:50 |  11.0s | 1.0e-04 | 0.0373 | 0.9245 | 0.8850 | 0.9092 | 0.0426 | 0.9088 | 0.8625 | 0.8662
0284 | 13:36:13 |  10.9s | 1.0e-04 | 0.0376 | 0.9238 | 0.8844 | 0.9077 | 0.0415 | 0.9014 | 0.8744 | 0.8685
0285 | 13:36:35 |  10.9s | 1.0e-04 | 0.0370 | 0.9245 | 0.8863 | 0.9110 | 0.0425 | 0.8941 | 0.8833 | 0.8727
0286 | 13:36:58 |  25.3s | 1.0e-04 | 0.0378 | 0.9246 | 0.8892 | 0.9135 | 0.0418 | 0.9043 | 0.8662 | 0.8632
0287 | 13:37:35 |  11.2s | 1.0e-04 | 0.0379 | 0.9250 | 0.8892 | 0.9141 | 0.0417 | 0.9166 | 0.8580 | 0.8682
0288 | 13:37:58 |  11.1s | 1.0e-04 | 0.0376 | 0.9259 | 0.8885 | 0.9151 | 0.0419 | 0.9123 | 0.8606 | 0.8627
0289 | 13:38:20 |  11.1s | 1.0e-04 | 0.0380 | 0.9245 | 0.8886 | 0.9132 | 0.0418 | 0.9128 | 0.8703 | 0.8775
0290 | 13:38:43 |  25.2s | 1.0e-04 | 0.0395 | 0.9238 | 0.8878 | 0.9114 | 0.0410 | 0.9103 | 0.8631 | 0.8644
0291 | 13:39:20 |  10.9s | 1.0e-04 | 0.0394 | 0.9241 | 0.8889 | 0.9128 | 0.0404 | 0.9141 | 0.8740 | 0.8841
0292 | 13:39:42 |  11.0s | 1.0e-04 | 0.0395 | 0.9245 | 0.8887 | 0.9134 | 0.0403 | 0.9113 | 0.8779 | 0.8833
0293 | 13:40:05 |  25.3s | 1.0e-04 | 0.0391 | 0.9252 | 0.8895 | 0.9147 | 0.0403 | 0.9136 | 0.8617 | 0.8668
0294 | 13:40:42 |  11.1s | 1.0e-04 | 0.0386 | 0.9257 | 0.8911 | 0.9171 | 0.0415 | 0.9006 | 0.8715 | 0.8640
0295 | 13:41:04 |  11.1s | 1.0e-04 | 0.0384 | 0.9251 | 0.8902 | 0.9153 | 0.0416 | 0.9118 | 0.8494 | 0.8526
0296 | 13:41:27 |  11.1s | 1.0e-04 | 0.0386 | 0.9253 | 0.8906 | 0.9163 | 0.0420 | 0.9164 | 0.8577 | 0.8645
0297 | 13:41:50 |  22.5s | 1.0e-04 | 0.0384 | 0.9250 | 0.8899 | 0.9149 | 0.0403 | 0.9059 | 0.8699 | 0.8684
0298 | 13:42:24 |  11.0s | 1.0e-04 | 0.0385 | 0.9244 | 0.8879 | 0.9124 | 0.0406 | 0.9064 | 0.8728 | 0.8712
0299 | 13:42:46 |  11.0s | 1.0e-04 | 0.0384 | 0.9238 | 0.8897 | 0.9141 | 0.0399 | 0.8987 | 0.8742 | 0.8651
0300 | 13:43:09 |  10.9s | 1.0e-04 | 0.0384 | 0.9241 | 0.8864 | 0.9106 | 0.0411 | 0.9074 | 0.8730 | 0.8742
0301 | 13:43:31 |  21.1s | 1.0e-04 | 0.0382 | 0.9251 | 0.8886 | 0.9138 | 0.0418 | 0.9056 | 0.8665 | 0.8624
0302 | 13:44:04 |  10.9s | 1.0e-04 | 0.0374 | 0.9265 | 0.8886 | 0.9154 | 0.0413 | 0.9116 | 0.8613 | 0.8652
0303 | 13:44:26 |  10.9s | 1.0e-04 | 0.0370 | 0.9257 | 0.8883 | 0.9137 | 0.0405 | 0.9078 | 0.8656 | 0.8653
0304 | 13:44:48 |  10.9s | 1.0e-04 | 0.0372 | 0.9261 | 0.8883 | 0.9141 | 0.0413 | 0.9130 | 0.8671 | 0.8749
0305 | 13:45:11 |  23.4s | 1.0e-04 | 0.0374 | 0.9251 | 0.8888 | 0.9141 | 0.0415 | 0.9012 | 0.8717 | 0.8645
0306 | 13:45:46 |  10.9s | 1.0e-04 | 0.0382 | 0.9252 | 0.8890 | 0.9141 | 0.0406 | 0.9117 | 0.8697 | 0.8742
0307 | 13:46:08 |  10.8s | 1.0e-04 | 0.0382 | 0.9255 | 0.8906 | 0.9166 | 0.0408 | 0.9121 | 0.8641 | 0.8705
0308 | 13:46:30 |  10.9s | 1.0e-04 | 0.0376 | 0.9266 | 0.8926 | 0.9195 | 0.0411 | 0.9091 | 0.8707 | 0.8744
0309 | 13:46:53 |  19.9s | 1.0e-04 | 0.0375 | 0.9272 | 0.8904 | 0.9178 | 0.0411 | 0.9120 | 0.8750 | 0.8816
0310 | 13:47:24 |  10.9s | 1.0e-04 | 0.0372 | 0.9261 | 0.8900 | 0.9163 | 0.0413 | 0.9095 | 0.8698 | 0.8729
0311 | 13:47:47 |  10.8s | 1.0e-04 | 0.0372 | 0.9260 | 0.8894 | 0.9153 | 0.0409 | 0.9046 | 0.8746 | 0.8709
0312 | 13:48:09 |  11.0s | 1.0e-04 | 0.0372 | 0.9265 | 0.8894 | 0.9159 | 0.0400 | 0.9159 | 0.8614 | 0.8704
0313 | 13:48:31 |  23.7s | 1.0e-04 | 0.0368 | 0.9270 | 0.8892 | 0.9160 | 0.0414 | 0.9047 | 0.8687 | 0.8653
0314 | 13:49:07 |  11.2s | 1.0e-04 | 0.0371 | 0.9261 | 0.8874 | 0.9135 | 0.0404 | 0.9018 | 0.8774 | 0.8708
0315 | 13:49:29 |  11.2s | 1.0e-04 | 0.0365 | 0.9257 | 0.8873 | 0.9131 | 0.0403 | 0.9085 | 0.8659 | 0.8658
0316 | 13:49:52 |  11.2s | 1.0e-04 | 0.0365 | 0.9261 | 0.8883 | 0.9138 | 0.0406 | 0.9079 | 0.8785 | 0.8830
0317 | 13:50:15 |  26.1s | 1.0e-04 | 0.0375 | 0.9256 | 0.8888 | 0.9137 | 0.0406 | 0.9147 | 0.8608 | 0.8650
0318 | 13:50:52 |  11.0s | 1.0e-04 | 0.0381 | 0.9262 | 0.8886 | 0.9154 | 0.0407 | 0.8991 | 0.8839 | 0.8775
0319 | 13:51:15 |  11.0s | 1.0e-04 | 0.0377 | 0.9265 | 0.8905 | 0.9172 | 0.0400 | 0.9076 | 0.8683 | 0.8704
0320 | 13:51:37 |  11.0s | 1.0e-04 | 0.0377 | 0.9268 | 0.8896 | 0.9168 | 0.0407 | 0.9027 | 0.8783 | 0.8737
0321 | 13:52:00 |  22.1s | 1.0e-04 | 0.0378 | 0.9271 | 0.8919 | 0.9197 | 0.0417 | 0.9092 | 0.8716 | 0.8741
0322 | 13:52:33 |  11.1s | 1.0e-04 | 0.0379 | 0.9271 | 0.8929 | 0.9201 | 0.0401 | 0.9099 | 0.8743 | 0.8780
0323 | 13:52:56 |  11.1s | 1.0e-04 | 0.0375 | 0.9266 | 0.8917 | 0.9184 | 0.0411 | 0.9114 | 0.8629 | 0.8648
0324 | 13:53:19 |  11.1s | 1.0e-04 | 0.0389 | 0.9265 | 0.8922 | 0.9187 | 0.0419 | 0.9178 | 0.8553 | 0.8645
0325 | 13:53:42 |  23.1s | 1.0e-04 | 0.0368 | 0.9273 | 0.8923 | 0.9196 | 0.0401 | 0.9111 | 0.8636 | 0.8656
0326 | 13:54:16 |  11.0s | 1.0e-04 | 0.0365 | 0.9284 | 0.8916 | 0.9204 | 0.0414 | 0.9048 | 0.8643 | 0.8570
0327 | 13:54:39 |  11.0s | 1.0e-04 | 0.0365 | 0.9280 | 0.8908 | 0.9189 | 0.0407 | 0.9008 | 0.8749 | 0.8660
0328 | 13:55:01 |  11.0s | 1.0e-04 | 0.0365 | 0.9280 | 0.8907 | 0.9185 | 0.0409 | 0.9052 | 0.8715 | 0.8686
0329 | 13:55:24 |  21.9s | 1.0e-04 | 0.0378 | 0.9280 | 0.8939 | 0.9224 | 0.0405 | 0.9011 | 0.8729 | 0.8642
0330 | 13:55:57 |  11.2s | 1.0e-04 | 0.0384 | 0.9272 | 0.8936 | 0.9213 | 0.0408 | 0.9036 | 0.8803 | 0.8769
0331 | 13:56:20 |  11.0s | 1.0e-04 | 0.0386 | 0.9262 | 0.8934 | 0.9199 | 0.0405 | 0.9110 | 0.8753 | 0.8822
0332 | 13:56:42 |  11.1s | 1.0e-04 | 0.0386 | 0.9262 | 0.8933 | 0.9201 | 0.0414 | 0.9116 | 0.8634 | 0.8684
0333 | 13:57:08 |  10.9s | 1.0e-04 | 0.0368 | 0.9280 | 0.8923 | 0.9207 | 0.0401 | 0.9122 | 0.8552 | 0.8542
0334 | 13:57:30 |  11.0s | 1.0e-04 | 0.0366 | 0.9282 | 0.8933 | 0.9215 | 0.0417 | 0.9143 | 0.8587 | 0.8616
0335 | 13:57:52 |  11.0s | 1.0e-04 | 0.0367 | 0.9280 | 0.8933 | 0.9214 | 0.0411 | 0.9154 | 0.8587 | 0.8653
0336 | 13:58:15 |  24.8s | 1.0e-04 | 0.0367 | 0.9279 | 0.8925 | 0.9207 | 0.0408 | 0.9088 | 0.8671 | 0.8686
0337 | 13:58:51 |  11.1s | 1.0e-04 | 0.0373 | 0.9264 | 0.8898 | 0.9164 | 0.0406 | 0.9162 | 0.8646 | 0.8734
0338 | 13:59:14 |  11.2s | 1.0e-04 | 0.0373 | 0.9270 | 0.8914 | 0.9189 | 0.0406 | 0.9116 | 0.8738 | 0.8797
0339 | 13:59:37 |  11.1s | 1.0e-04 | 0.0372 | 0.9273 | 0.8917 | 0.9191 | 0.0410 | 0.9207 | 0.8600 | 0.8778
0340 | 13:59:59 |  22.5s | 1.0e-04 | 0.0375 | 0.9276 | 0.8921 | 0.9202 | 0.0414 | 0.9122 | 0.8755 | 0.8812
0341 | 14:00:33 |  11.0s | 1.0e-04 | 0.0386 | 0.9264 | 0.8921 | 0.9189 | 0.0410 | 0.9044 | 0.8818 | 0.8819
0342 | 14:00:55 |  11.0s | 1.0e-04 | 0.0382 | 0.9260 | 0.8934 | 0.9198 | 0.0409 | 0.8982 | 0.8791 | 0.8690
0343 | 14:01:18 |  11.0s | 1.0e-04 | 0.0380 | 0.9270 | 0.8935 | 0.9209 | 0.0411 | 0.9090 | 0.8673 | 0.8704
0344 | 14:01:40 |  21.9s | 1.0e-04 | 0.0369 | 0.9282 | 0.8924 | 0.9205 | 0.0406 | 0.9107 | 0.8679 | 0.8699
0345 | 14:02:14 |  11.3s | 1.0e-04 | 0.0359 | 0.9269 | 0.8890 | 0.9162 | 0.0404 | 0.9102 | 0.8605 | 0.8601
0346 | 14:02:37 |  11.3s | 1.0e-04 | 0.0360 | 0.9261 | 0.8875 | 0.9134 | 0.0406 | 0.9091 | 0.8747 | 0.8770
0347 | 14:02:59 |  11.3s | 1.0e-04 | 0.0359 | 0.9266 | 0.8871 | 0.9135 | 0.0408 | 0.9160 | 0.8496 | 0.8589
0348 | 14:03:22 |  21.9s | 1.0e-04 | 0.0364 | 0.9284 | 0.8889 | 0.9165 | 0.0406 | 0.9223 | 0.8602 | 0.8789
0349 | 14:03:56 |  11.0s | 1.0e-04 | 0.0377 | 0.9268 | 0.8915 | 0.9188 | 0.0403 | 0.9054 | 0.8727 | 0.8679
0350 | 14:04:18 |  11.1s | 1.0e-04 | 0.0372 | 0.9275 | 0.8917 | 0.9194 | 0.0403 | 0.9102 | 0.8777 | 0.8822
0351 | 14:04:41 |  11.2s | 1.0e-04 | 0.0373 | 0.9274 | 0.8916 | 0.9194 | 0.0397 | 0.9128 | 0.8675 | 0.8706
0352 | 14:05:03 |  22.4s | 1.0e-04 | 0.0366 | 0.9272 | 0.8918 | 0.9192 | 0.0415 | 0.9124 | 0.8600 | 0.8651
0353 | 14:05:37 |  10.9s | 1.0e-04 | 0.0353 | 0.9289 | 0.8924 | 0.9216 | 0.0409 | 0.9146 | 0.8572 | 0.8628
0354 | 14:06:00 |  11.0s | 1.0e-04 | 0.0357 | 0.9294 | 0.8928 | 0.9228 | 0.0411 | 0.9017 | 0.8760 | 0.8690
0355 | 14:06:22 |  11.0s | 1.0e-04 | 0.0355 | 0.9289 | 0.8925 | 0.9217 | 0.0409 | 0.9054 | 0.8743 | 0.8721
0356 | 14:06:45 |  23.8s | 1.0e-04 | 0.0361 | 0.9283 | 0.8941 | 0.9227 | 0.0411 | 0.9129 | 0.8714 | 0.8760
0357 | 14:07:20 |  11.0s | 1.0e-04 | 0.0362 | 0.9286 | 0.8914 | 0.9202 | 0.0402 | 0.9075 | 0.8705 | 0.8710
0358 | 14:07:42 |  11.0s | 1.0e-04 | 0.0365 | 0.9283 | 0.8928 | 0.9214 | 0.0407 | 0.9036 | 0.8809 | 0.8785
0359 | 14:08:05 |  19.9s | 1.0e-04 | 0.0360 | 0.9287 | 0.8945 | 0.9238 | 0.0405 | 0.9206 | 0.8583 | 0.8732
0360 | 14:08:36 |  23.2s | 1.0e-04 | 0.0367 | 0.9284 | 0.8921 | 0.9210 | 0.0403 | 0.9094 | 0.8646 | 0.8654
0361 | 14:09:11 |  11.1s | 1.0e-04 | 0.0367 | 0.9290 | 0.8931 | 0.9221 | 0.0402 | 0.9066 | 0.8703 | 0.8679
0362 | 14:09:34 |  11.1s | 1.0e-04 | 0.0366 | 0.9281 | 0.8930 | 0.9214 | 0.0403 | 0.9030 | 0.8679 | 0.8621
0363 | 14:09:56 |  19.4s | 1.0e-04 | 0.0372 | 0.9275 | 0.8931 | 0.9210 | 0.0407 | 0.9165 | 0.8681 | 0.8784
0364 | 14:10:27 |  22.9s | 1.0e-04 | 0.0372 | 0.9266 | 0.8924 | 0.9190 | 0.0407 | 0.9139 | 0.8667 | 0.8749
0365 | 14:11:02 |  11.1s | 1.0e-04 | 0.0375 | 0.9270 | 0.8917 | 0.9196 | 0.0394 | 0.9089 | 0.8686 | 0.8661
0366 | 14:11:24 |  11.2s | 1.0e-04 | 0.0378 | 0.9267 | 0.8905 | 0.9172 | 0.0388 | 0.9170 | 0.8642 | 0.8754
0367 | 14:11:47 |  18.4s | 1.0e-04 | 0.0371 | 0.9279 | 0.8920 | 0.9195 | 0.0396 | 0.9187 | 0.8588 | 0.8702
0368 | 14:12:17 |  20.3s | 1.0e-04 | 0.0371 | 0.9290 | 0.8953 | 0.9244 | 0.0401 | 0.9066 | 0.8804 | 0.8825
0369 | 14:12:48 |  11.0s | 1.0e-04 | 0.0373 | 0.9291 | 0.8961 | 0.9255 | 0.0399 | 0.9135 | 0.8689 | 0.8760
0370 | 14:13:11 |  11.0s | 1.0e-04 | 0.0373 | 0.9291 | 0.8957 | 0.9251 | 0.0403 | 0.9113 | 0.8666 | 0.8723
0371 | 14:13:33 |  20.1s | 1.0e-04 | 0.0371 | 0.9283 | 0.8931 | 0.9212 | 0.0395 | 0.9196 | 0.8685 | 0.8848
0372 | 14:14:05 |  20.1s | 1.0e-04 | 0.0365 | 0.9268 | 0.8907 | 0.9175 | 0.0407 | 0.9110 | 0.8704 | 0.8741
0373 | 14:14:37 |  11.1s | 1.0e-04 | 0.0363 | 0.9275 | 0.8901 | 0.9182 | 0.0400 | 0.9137 | 0.8712 | 0.8793
0374 | 14:14:59 |  11.0s | 1.0e-04 | 0.0362 | 0.9278 | 0.8909 | 0.9192 | 0.0390 | 0.9102 | 0.8669 | 0.8694
0375 | 14:15:22 |  19.4s | 1.0e-04 | 0.0364 | 0.9279 | 0.8920 | 0.9205 | 0.0394 | 0.9146 | 0.8698 | 0.8809
0376 | 14:15:53 |  11.0s | 1.0e-04 | 0.0358 | 0.9299 | 0.8955 | 0.9258 | 0.0405 | 0.9220 | 0.8530 | 0.8703
0377 | 14:16:16 |  11.0s | 1.0e-04 | 0.0361 | 0.9303 | 0.8944 | 0.9253 | 0.0407 | 0.9089 | 0.8654 | 0.8669
0378 | 14:16:38 |  11.0s | 1.0e-04 | 0.0358 | 0.9307 | 0.8962 | 0.9268 | 0.0401 | 0.9132 | 0.8742 | 0.8826
0379 | 14:17:01 |  27.3s | 1.0e-04 | 0.0365 | 0.9303 | 0.8965 | 0.9271 | 0.0394 | 0.9093 | 0.8641 | 0.8621
0380 | 14:17:40 |  11.1s | 1.0e-04 | 0.0360 | 0.9298 | 0.8945 | 0.9245 | 0.0392 | 0.9083 | 0.8723 | 0.8726
0381 | 14:18:02 |  10.9s | 1.0e-04 | 0.0358 | 0.9290 | 0.8944 | 0.9232 | 0.0399 | 0.9105 | 0.8779 | 0.8838
0382 | 14:18:25 |  11.1s | 1.0e-04 | 0.0351 | 0.9303 | 0.8966 | 0.9270 | 0.0404 | 0.9095 | 0.8699 | 0.8711
0383 | 14:18:47 |  22.8s | 1.0e-04 | 0.0353 | 0.9299 | 0.8935 | 0.9238 | 0.0398 | 0.9198 | 0.8673 | 0.8831
0384 | 14:19:21 |  11.1s | 1.0e-04 | 0.0374 | 0.9289 | 0.8955 | 0.9247 | 0.0403 | 0.9153 | 0.8605 | 0.8662
0385 | 14:19:44 |  11.0s | 1.0e-04 | 0.0373 | 0.9292 | 0.8964 | 0.9260 | 0.0407 | 0.9200 | 0.8662 | 0.8809
0386 | 14:20:07 |  19.2s | 1.0e-04 | 0.0372 | 0.9280 | 0.8952 | 0.9236 | 0.0405 | 0.9137 | 0.8651 | 0.8711
0387 | 14:20:37 |  20.2s | 1.0e-04 | 0.0367 | 0.9279 | 0.8932 | 0.9214 | 0.0408 | 0.9252 | 0.8549 | 0.8772
0388 | 14:21:09 |  11.2s | 1.0e-04 | 0.0370 | 0.9268 | 0.8911 | 0.9180 | 0.0397 | 0.9223 | 0.8668 | 0.8846
0389 | 14:21:32 |  11.2s | 1.0e-04 | 0.0368 | 0.9278 | 0.8902 | 0.9180 | 0.0392 | 0.9041 | 0.8770 | 0.8739
0390 | 14:21:55 |  20.0s | 1.0e-04 | 0.0369 | 0.9271 | 0.8912 | 0.9190 | 0.0393 | 0.9131 | 0.8776 | 0.8873
0391 | 14:22:26 |  21.0s | 1.0e-04 | 0.0374 | 0.9267 | 0.8908 | 0.9178 | 0.0399 | 0.9126 | 0.8750 | 0.8818
0392 | 14:22:58 |  11.0s | 1.0e-04 | 0.0356 | 0.9295 | 0.8931 | 0.9228 | 0.0399 | 0.9058 | 0.8781 | 0.8780
0393 | 14:23:21 |  11.0s | 1.0e-04 | 0.0357 | 0.9293 | 0.8933 | 0.9230 | 0.0397 | 0.9125 | 0.8670 | 0.8750
0394 | 14:23:43 |  20.0s | 1.0e-04 | 0.0360 | 0.9283 | 0.8918 | 0.9202 | 0.0396 | 0.9092 | 0.8776 | 0.8800
0395 | 14:24:15 |  19.8s | 1.0e-04 | 0.0360 | 0.9293 | 0.8944 | 0.9237 | 0.0399 | 0.9118 | 0.8749 | 0.8817
0396 | 14:24:46 |  11.0s | 1.0e-04 | 0.0357 | 0.9289 | 0.8949 | 0.9241 | 0.0397 | 0.9038 | 0.8818 | 0.8795
0397 | 14:25:08 |  11.0s | 1.0e-04 | 0.0359 | 0.9293 | 0.8939 | 0.9237 | 0.0396 | 0.9090 | 0.8772 | 0.8800
0398 | 14:25:31 |  18.4s | 1.0e-04 | 0.0354 | 0.9298 | 0.8948 | 0.9248 | 0.0402 | 0.9188 | 0.8732 | 0.8884
0399 | 14:26:01 |  25.5s | 1.0e-04 | 0.0348 | 0.9309 | 0.8953 | 0.9266 | 0.0404 | 0.9111 | 0.8653 | 0.8694
0400 | 14:26:38 |  11.0s | 1.0e-04 | 0.0352 | 0.9293 | 0.8951 | 0.9247 | 0.0401 | 0.8995 | 0.8821 | 0.8768
0401 | 14:27:00 |  10.9s | 1.0e-04 | 0.0351 | 0.9306 | 0.8956 | 0.9263 | 0.0400 | 0.9120 | 0.8630 | 0.8676
0402 | 14:27:22 |  19.9s | 1.0e-04 | 0.0354 | 0.9302 | 0.8945 | 0.9245 | 0.0392 | 0.9171 | 0.8653 | 0.8728
0403 | 14:27:54 |  22.3s | 1.0e-04 | 0.0356 | 0.9295 | 0.8928 | 0.9224 | 0.0401 | 0.9178 | 0.8603 | 0.8681
0404 | 14:28:27 |  11.0s | 1.0e-04 | 0.0359 | 0.9291 | 0.8910 | 0.9199 | 0.0397 | 0.9094 | 0.8790 | 0.8858
0405 | 14:28:50 |  10.9s | 1.0e-04 | 0.0358 | 0.9286 | 0.8914 | 0.9203 | 0.0392 | 0.9231 | 0.8664 | 0.8865
0406 | 14:29:12 |  19.1s | 1.0e-04 | 0.0356 | 0.9293 | 0.8940 | 0.9237 | 0.0398 | 0.9216 | 0.8666 | 0.8849
0407 | 14:29:43 |  22.9s | 1.0e-04 | 0.0358 | 0.9311 | 0.8965 | 0.9276 | 0.0408 | 0.9064 | 0.8810 | 0.8816
0408 | 14:30:17 |  11.1s | 1.0e-04 | 0.0364 | 0.9296 | 0.8967 | 0.9262 | 0.0395 | 0.9181 | 0.8598 | 0.8707
0409 | 14:30:40 |  11.0s | 1.0e-04 | 0.0365 | 0.9298 | 0.8973 | 0.9275 | 0.0406 | 0.9034 | 0.8748 | 0.8696
0410 | 14:31:02 |  18.7s | 1.0e-04 | 0.0362 | 0.9298 | 0.8956 | 0.9257 | 0.0403 | 0.9194 | 0.8602 | 0.8724
0411 | 14:31:32 |  19.9s | 1.0e-04 | 0.0366 | 0.9282 | 0.8946 | 0.9231 | 0.0394 | 0.9202 | 0.8697 | 0.8863
0412 | 14:32:04 |  11.0s | 1.0e-04 | 0.0365 | 0.9281 | 0.8930 | 0.9215 | 0.0390 | 0.9156 | 0.8703 | 0.8807
0413 | 14:32:26 |  11.0s | 1.0e-04 | 0.0364 | 0.9292 | 0.8938 | 0.9233 | 0.0400 | 0.9153 | 0.8753 | 0.8872
0414 | 14:32:48 |  19.8s | 1.0e-04 | 0.0368 | 0.9293 | 0.8957 | 0.9253 | 0.0394 | 0.9157 | 0.8710 | 0.8793
0415 | 14:33:20 |  21.8s | 1.0e-04 | 0.0366 | 0.9292 | 0.8943 | 0.9239 | 0.0390 | 0.9155 | 0.8662 | 0.8749
0416 | 14:33:53 |  11.0s | 1.0e-04 | 0.0362 | 0.9294 | 0.8940 | 0.9237 | 0.0392 | 0.9119 | 0.8731 | 0.8777
0417 | 14:34:15 |  11.1s | 1.0e-04 | 0.0359 | 0.9304 | 0.8942 | 0.9251 | 0.0387 | 0.9214 | 0.8645 | 0.8796
0418 | 14:34:38 |  31.0s | 1.0e-04 | 0.0354 | 0.9313 | 0.8976 | 0.9291 | 0.0397 | 0.9167 | 0.8643 | 0.8750
0419 | 14:35:21 |  11.1s | 1.0e-04 | 0.0347 | 0.9303 | 0.8941 | 0.9245 | 0.0400 | 0.9164 | 0.8631 | 0.8724
0420 | 14:35:43 |  11.1s | 1.0e-04 | 0.0348 | 0.9303 | 0.8942 | 0.9248 | 0.0395 | 0.9201 | 0.8647 | 0.8808
0421 | 14:36:06 |  11.2s | 1.0e-04 | 0.0348 | 0.9305 | 0.8944 | 0.9253 | 0.0393 | 0.9029 | 0.8780 | 0.8757
0422 | 14:36:29 |  28.3s | 1.0e-04 | 0.0355 | 0.9286 | 0.8908 | 0.9195 | 0.0393 | 0.9115 | 0.8673 | 0.8712
0423 | 14:37:08 |  11.1s | 1.0e-04 | 0.0352 | 0.9290 | 0.8913 | 0.9211 | 0.0389 | 0.9026 | 0.8818 | 0.8806
0424 | 14:37:31 |  11.0s | 1.0e-04 | 0.0348 | 0.9294 | 0.8932 | 0.9226 | 0.0394 | 0.9044 | 0.8830 | 0.8826
0425 | 14:37:53 |  11.0s | 1.0e-04 | 0.0348 | 0.9293 | 0.8923 | 0.9220 | 0.0384 | 0.9177 | 0.8693 | 0.8820
0426 | 14:38:16 |  23.2s | 1.0e-04 | 0.0365 | 0.9274 | 0.8899 | 0.9174 | 0.0382 | 0.9186 | 0.8730 | 0.8912
0427 | 14:38:50 |  11.2s | 1.0e-04 | 0.0364 | 0.9282 | 0.8918 | 0.9200 | 0.0387 | 0.9118 | 0.8754 | 0.8798
0428 | 14:39:13 |  11.2s | 1.0e-04 | 0.0362 | 0.9283 | 0.8917 | 0.9203 | 0.0398 | 0.8941 | 0.8925 | 0.8849
0429 | 14:39:36 |  19.5s | 1.0e-04 | 0.0365 | 0.9281 | 0.8917 | 0.9203 | 0.0387 | 0.9026 | 0.8762 | 0.8707
0430 | 14:40:07 |  20.8s | 1.0e-04 | 0.0364 | 0.9298 | 0.8972 | 0.9274 | 0.0387 | 0.9113 | 0.8804 | 0.8877
0431 | 14:40:39 |  11.0s | 1.0e-04 | 0.0362 | 0.9304 | 0.8978 | 0.9283 | 0.0393 | 0.9210 | 0.8675 | 0.8840
0432 | 14:41:01 |  10.8s | 1.0e-04 | 0.0364 | 0.9300 | 0.8957 | 0.9259 | 0.0399 | 0.9164 | 0.8738 | 0.8868
0433 | 14:41:24 |  19.1s | 1.0e-04 | 0.0359 | 0.9304 | 0.8984 | 0.9290 | 0.0395 | 0.9162 | 0.8685 | 0.8783
0434 | 14:41:54 |  21.7s | 1.0e-04 | 0.0357 | 0.9296 | 0.8955 | 0.9256 | 0.0391 | 0.9132 | 0.8684 | 0.8730
0435 | 14:42:27 |  10.9s | 1.0e-04 | 0.0354 | 0.9311 | 0.8973 | 0.9286 | 0.0397 | 0.9108 | 0.8764 | 0.8793
0436 | 14:42:50 |  10.9s | 1.0e-04 | 0.0354 | 0.9315 | 0.8970 | 0.9287 | 0.0394 | 0.9095 | 0.8832 | 0.8880
0437 | 14:43:12 |  19.1s | 1.0e-04 | 0.0357 | 0.9304 | 0.8962 | 0.9269 | 0.0391 | 0.9083 | 0.8788 | 0.8829
0438 | 14:43:42 |  23.0s | 1.0e-04 | 0.0362 | 0.9289 | 0.8948 | 0.9239 | 0.0392 | 0.9142 | 0.8745 | 0.8817
0439 | 14:44:17 |  11.3s | 1.0e-04 | 0.0360 | 0.9285 | 0.8926 | 0.9213 | 0.0391 | 0.9238 | 0.8606 | 0.8826
0440 | 14:44:40 |  11.3s | 1.0e-04 | 0.0358 | 0.9295 | 0.8930 | 0.9228 | 0.0389 | 0.9173 | 0.8676 | 0.8792
0441 | 14:45:02 |  19.8s | 1.0e-04 | 0.0353 | 0.9303 | 0.8943 | 0.9245 | 0.0381 | 0.9120 | 0.8783 | 0.8851
0442 | 14:45:34 |  24.5s | 1.0e-04 | 0.0364 | 0.9303 | 0.8947 | 0.9253 | 0.0395 | 0.9209 | 0.8698 | 0.8885
0443 | 14:46:10 |  11.1s | 1.0e-04 | 0.0367 | 0.9312 | 0.8985 | 0.9297 | 0.0397 | 0.9097 | 0.8763 | 0.8795
0444 | 14:46:32 |  11.1s | 1.0e-04 | 0.0368 | 0.9296 | 0.8973 | 0.9269 | 0.0393 | 0.9151 | 0.8779 | 0.8900
0445 | 14:46:55 |  19.3s | 1.0e-04 | 0.0367 | 0.9299 | 0.8958 | 0.9258 | 0.0391 | 0.9199 | 0.8757 | 0.8929
0446 | 14:47:26 |  20.8s | 1.0e-04 | 0.0357 | 0.9300 | 0.8942 | 0.9246 | 0.0388 | 0.9147 | 0.8717 | 0.8789
0447 | 14:47:58 |  11.1s | 1.0e-04 | 0.0356 | 0.9298 | 0.8942 | 0.9246 | 0.0394 | 0.9156 | 0.8746 | 0.8860
0448 | 14:48:20 |  11.1s | 1.0e-04 | 0.0355 | 0.9299 | 0.8941 | 0.9245 | 0.0396 | 0.9064 | 0.8780 | 0.8791
0449 | 14:48:43 |  20.0s | 1.0e-04 | 0.0353 | 0.9301 | 0.8955 | 0.9259 | 0.0399 | 0.9131 | 0.8782 | 0.8862
0450 | 14:49:14 |  21.4s | 1.0e-04 | 0.0353 | 0.9310 | 0.8982 | 0.9291 | 0.0392 | 0.9127 | 0.8804 | 0.8893
0451 | 14:49:47 |  10.7s | 1.0e-04 | 0.0357 | 0.9314 | 0.8975 | 0.9289 | 0.0396 | 0.9159 | 0.8755 | 0.8877
0452 | 14:50:09 |  10.8s | 1.0e-04 | 0.0350 | 0.9317 | 0.8981 | 0.9300 | 0.0389 | 0.9130 | 0.8776 | 0.8873
0453 | 14:50:32 |  18.7s | 1.0e-04 | 0.0349 | 0.9321 | 0.8988 | 0.9309 | 0.0390 | 0.9137 | 0.8703 | 0.8756
0454 | 14:51:02 |  20.2s | 1.0e-04 | 0.0354 | 0.9305 | 0.8951 | 0.9259 | 0.0392 | 0.9158 | 0.8709 | 0.8805
0455 | 14:51:33 |  11.0s | 1.0e-04 | 0.0352 | 0.9303 | 0.8969 | 0.9276 | 0.0392 | 0.9191 | 0.8758 | 0.8898
0456 | 14:51:56 |  10.9s | 1.0e-04 | 0.0350 | 0.9306 | 0.8969 | 0.9278 | 0.0396 | 0.9121 | 0.8801 | 0.8878
0457 | 14:52:18 |  18.2s | 1.0e-04 | 0.0349 | 0.9313 | 0.8957 | 0.9272 | 0.0389 | 0.9161 | 0.8764 | 0.8901
0458 | 14:52:49 |  10.9s | 1.0e-04 | 0.0339 | 0.9316 | 0.8949 | 0.9267 | 0.0393 | 0.9219 | 0.8675 | 0.8885
0459 | 14:53:11 |  10.9s | 1.0e-04 | 0.0340 | 0.9317 | 0.8961 | 0.9279 | 0.0396 | 0.9062 | 0.8788 | 0.8801
0460 | 14:53:33 |  10.9s | 1.0e-04 | 0.0336 | 0.9318 | 0.8959 | 0.9280 | 0.0400 | 0.9144 | 0.8778 | 0.8886
0461 | 14:53:55 |  31.0s | 1.0e-04 | 0.0346 | 0.9312 | 0.8950 | 0.9266 | 0.0393 | 0.9113 | 0.8767 | 0.8828
0462 | 14:54:38 |  11.0s | 1.0e-04 | 0.0348 | 0.9310 | 0.8966 | 0.9280 | 0.0400 | 0.9084 | 0.8767 | 0.8793
0463 | 14:55:00 |  11.0s | 1.0e-04 | 0.0348 | 0.9326 | 0.8965 | 0.9293 | 0.0393 | 0.9148 | 0.8796 | 0.8915
0464 | 14:55:23 |  10.9s | 1.0e-04 | 0.0349 | 0.9302 | 0.8975 | 0.9279 | 0.0396 | 0.9056 | 0.8824 | 0.8828
0465 | 14:55:45 |  30.9s | 1.0e-04 | 0.0343 | 0.9325 | 0.8987 | 0.9314 | 0.0387 | 0.9161 | 0.8667 | 0.8774
0466 | 14:56:27 |  11.0s | 1.0e-04 | 0.0364 | 0.9309 | 0.8956 | 0.9268 | 0.0399 | 0.9215 | 0.8654 | 0.8842
0467 | 14:56:50 |  10.9s | 1.0e-04 | 0.0361 | 0.9300 | 0.8964 | 0.9268 | 0.0391 | 0.9145 | 0.8706 | 0.8795
0468 | 14:57:12 |  20.0s | 1.0e-04 | 0.0359 | 0.9314 | 0.8993 | 0.9307 | 0.0395 | 0.9011 | 0.8825 | 0.8768
0469 | 14:57:43 |  22.6s | 1.0e-04 | 0.0361 | 0.9301 | 0.8958 | 0.9260 | 0.0389 | 0.9168 | 0.8749 | 0.8863
0470 | 14:58:18 |  11.2s | 1.0e-04 | 0.0347 | 0.9318 | 0.8949 | 0.9264 | 0.0390 | 0.9147 | 0.8708 | 0.8795
0471 | 14:58:40 |  11.2s | 1.0e-04 | 0.0350 | 0.9303 | 0.8950 | 0.9257 | 0.0394 | 0.9180 | 0.8693 | 0.8821
0472 | 14:59:03 |  19.5s | 1.0e-04 | 0.0348 | 0.9313 | 0.8941 | 0.9257 | 0.0397 | 0.9126 | 0.8765 | 0.8836
0473 | 14:59:34 |  21.2s | 1.0e-04 | 0.0351 | 0.9297 | 0.8909 | 0.9208 | 0.0384 | 0.9066 | 0.8782 | 0.8783
0474 | 15:00:07 |  11.0s | 1.0e-04 | 0.0353 | 0.9279 | 0.8890 | 0.9166 | 0.0380 | 0.9104 | 0.8832 | 0.8889
0475 | 15:00:29 |  10.9s | 1.0e-04 | 0.0351 | 0.9284 | 0.8887 | 0.9169 | 0.0378 | 0.9148 | 0.8826 | 0.8935
0476 | 15:00:51 |  18.3s | 1.0e-04 | 0.0352 | 0.9288 | 0.8892 | 0.9181 | 0.0384 | 0.9127 | 0.8770 | 0.8834
0477 | 15:01:21 |  25.1s | 1.0e-04 | 0.0350 | 0.9305 | 0.8953 | 0.9262 | 0.0395 | 0.9117 | 0.8797 | 0.8874
0478 | 15:01:58 |  11.1s | 1.0e-04 | 0.0349 | 0.9313 | 0.8979 | 0.9295 | 0.0383 | 0.9090 | 0.8747 | 0.8768
0479 | 15:02:20 |  11.2s | 1.0e-04 | 0.0355 | 0.9305 | 0.8969 | 0.9277 | 0.0395 | 0.8970 | 0.8851 | 0.8787
0480 | 15:02:43 |  20.1s | 1.0e-04 | 0.0360 | 0.9296 | 0.8953 | 0.9251 | 0.0396 | 0.9169 | 0.8773 | 0.8910
0481 | 15:03:14 |  25.3s | 1.0e-04 | 0.0351 | 0.9299 | 0.8948 | 0.9250 | 0.0393 | 0.9061 | 0.8790 | 0.8817
0482 | 15:03:51 |  11.1s | 1.0e-04 | 0.0351 | 0.9299 | 0.8962 | 0.9261 | 0.0384 | 0.9141 | 0.8714 | 0.8802
0483 | 15:04:14 |  11.1s | 1.0e-04 | 0.0357 | 0.9305 | 0.8946 | 0.9253 | 0.0387 | 0.9132 | 0.8718 | 0.8826
0484 | 15:04:36 |  19.3s | 1.0e-04 | 0.0356 | 0.9292 | 0.8943 | 0.9235 | 0.0384 | 0.9094 | 0.8712 | 0.8707
0485 | 15:05:07 |  19.5s | 1.0e-04 | 0.0361 | 0.9282 | 0.8927 | 0.9210 | 0.0386 | 0.9206 | 0.8721 | 0.8895
0486 | 15:05:38 |  10.9s | 1.0e-04 | 0.0360 | 0.9291 | 0.8943 | 0.9236 | 0.0386 | 0.9134 | 0.8782 | 0.8884
0487 | 15:06:00 |  11.1s | 1.0e-04 | 0.0360 | 0.9294 | 0.8947 | 0.9242 | 0.0389 | 0.9147 | 0.8811 | 0.8917
0488 | 15:06:23 |  19.1s | 1.0e-04 | 0.0360 | 0.9301 | 0.8951 | 0.9253 | 0.0381 | 0.9214 | 0.8682 | 0.8843
0489 | 15:06:53 |  20.3s | 1.0e-04 | 0.0357 | 0.9312 | 0.8975 | 0.9289 | 0.0387 | 0.9147 | 0.8764 | 0.8870
0490 | 15:07:25 |  10.9s | 1.0e-04 | 0.0356 | 0.9317 | 0.8973 | 0.9290 | 0.0391 | 0.9088 | 0.8794 | 0.8829
0491 | 15:07:47 |  10.9s | 1.0e-04 | 0.0358 | 0.9321 | 0.8985 | 0.9306 | 0.0394 | 0.9069 | 0.8907 | 0.8962
0492 | 15:08:09 |  19.1s | 1.0e-04 | 0.0354 | 0.9308 | 0.8965 | 0.9279 | 0.0395 | 0.9089 | 0.8874 | 0.8934
0493 | 15:08:40 |  20.9s | 1.0e-04 | 0.0340 | 0.9325 | 0.8977 | 0.9302 | 0.0388 | 0.9126 | 0.8786 | 0.8874
0494 | 15:09:12 |  11.0s | 1.0e-04 | 0.0341 | 0.9323 | 0.8981 | 0.9304 | 0.0385 | 0.9105 | 0.8837 | 0.8912
0495 | 15:09:35 |  10.9s | 1.0e-04 | 0.0339 | 0.9337 | 0.8974 | 0.9311 | 0.0389 | 0.9095 | 0.8801 | 0.8850
0496 | 15:09:57 |  19.8s | 1.0e-04 | 0.0348 | 0.9322 | 0.8983 | 0.9306 | 0.0385 | 0.9070 | 0.8838 | 0.8866
0497 | 15:10:28 |  23.2s | 1.0e-04 | 0.0351 | 0.9322 | 0.8990 | 0.9314 | 0.0390 | 0.9189 | 0.8691 | 0.8843
0498 | 15:11:03 |  11.0s | 1.0e-04 | 0.0350 | 0.9313 | 0.8985 | 0.9300 | 0.0388 | 0.9224 | 0.8658 | 0.8846
0499 | 15:11:25 |  11.0s | 1.0e-04 | 0.0354 | 0.9317 | 0.8974 | 0.9294 | 0.0386 | 0.9182 | 0.8759 | 0.8894
0500 | 15:11:47 |  19.1s | 1.0e-04 | 0.0350 | 0.9319 | 0.8985 | 0.9303 | 0.0384 | 0.9112 | 0.8811 | 0.8880
0501 | 15:12:21 |  11.0s | 1.0e-04 | 0.0348 | 0.9322 | 0.8979 | 0.9302 | 0.0388 | 0.9155 | 0.8740 | 0.8871
0502 | 15:12:43 |  10.9s | 1.0e-04 | 0.0345 | 0.9331 | 0.8984 | 0.9318 | 0.0390 | 0.9202 | 0.8672 | 0.8802
0503 | 15:13:05 |  11.0s | 1.0e-04 | 0.0350 | 0.9319 | 0.8978 | 0.9300 | 0.0378 | 0.9182 | 0.8742 | 0.8869
0504 | 15:13:28 |  28.4s | 1.0e-04 | 0.0344 | 0.9322 | 0.8971 | 0.9295 | 0.0382 | 0.9163 | 0.8818 | 0.8947
0505 | 15:14:08 |  11.1s | 1.0e-04 | 0.0356 | 0.9304 | 0.8950 | 0.9254 | 0.0373 | 0.9182 | 0.8838 | 0.9010
0506 | 15:14:30 |  11.2s | 1.0e-04 | 0.0355 | 0.9310 | 0.8957 | 0.9271 | 0.0388 | 0.9225 | 0.8716 | 0.8915
0507 | 15:14:53 |  11.1s | 1.0e-04 | 0.0354 | 0.9305 | 0.8960 | 0.9269 | 0.0385 | 0.9180 | 0.8705 | 0.8838
0508 | 15:15:16 |  20.8s | 1.0e-04 | 0.0354 | 0.9312 | 0.8975 | 0.9289 | 0.0389 | 0.9103 | 0.8762 | 0.8805
0509 | 15:15:48 |  11.1s | 1.0e-04 | 0.0345 | 0.9319 | 0.8949 | 0.9270 | 0.0384 | 0.9089 | 0.8792 | 0.8827
0510 | 15:16:10 |  11.2s | 1.0e-04 | 0.0345 | 0.9313 | 0.8961 | 0.9274 | 0.0389 | 0.9060 | 0.8840 | 0.8867
0511 | 15:16:33 |  20.0s | 1.0e-04 | 0.0341 | 0.9321 | 0.8969 | 0.9294 | 0.0384 | 0.9173 | 0.8648 | 0.8758
0512 | 15:17:04 |  22.1s | 1.0e-04 | 0.0340 | 0.9337 | 0.8974 | 0.9315 | 0.0385 | 0.9188 | 0.8804 | 0.8963
0513 | 15:17:38 |  11.0s | 1.0e-04 | 0.0342 | 0.9321 | 0.8972 | 0.9297 | 0.0392 | 0.9166 | 0.8791 | 0.8910
0514 | 15:18:00 |  10.9s | 1.0e-04 | 0.0343 | 0.9330 | 0.8988 | 0.9318 | 0.0381 | 0.9205 | 0.8751 | 0.8919
0515 | 15:18:23 |  19.0s | 1.0e-04 | 0.0341 | 0.9323 | 0.8977 | 0.9302 | 0.0385 | 0.9154 | 0.8773 | 0.8889
0516 | 15:18:53 |  21.1s | 1.0e-04 | 0.0348 | 0.9326 | 0.8984 | 0.9309 | 0.0389 | 0.9119 | 0.8784 | 0.8840
0517 | 15:19:26 |  11.1s | 1.0e-04 | 0.0347 | 0.9320 | 0.8965 | 0.9290 | 0.0389 | 0.9135 | 0.8724 | 0.8800
0518 | 15:19:48 |  11.1s | 1.0e-04 | 0.0347 | 0.9313 | 0.8957 | 0.9270 | 0.0386 | 0.9104 | 0.8766 | 0.8816
0519 | 15:20:11 |  20.3s | 1.0e-04 | 0.0342 | 0.9318 | 0.8967 | 0.9286 | 0.0385 | 0.9133 | 0.8713 | 0.8782
0520 | 15:20:43 |  23.3s | 1.0e-04 | 0.0343 | 0.9325 | 0.8966 | 0.9296 | 0.0388 | 0.9126 | 0.8828 | 0.8920
0521 | 15:21:17 |  11.2s | 1.0e-04 | 0.0349 | 0.9313 | 0.8953 | 0.9270 | 0.0389 | 0.9156 | 0.8784 | 0.8909
0522 | 15:21:40 |  11.1s | 1.0e-04 | 0.0341 | 0.9317 | 0.8976 | 0.9298 | 0.0382 | 0.9094 | 0.8832 | 0.8875
0523 | 15:22:03 |  18.1s | 1.0e-04 | 0.0350 | 0.9310 | 0.8969 | 0.9283 | 0.0379 | 0.9040 | 0.8847 | 0.8835
0524 | 15:22:32 |  20.1s | 1.0e-04 | 0.0352 | 0.9319 | 0.8986 | 0.9307 | 0.0380 | 0.9151 | 0.8824 | 0.8919
0525 | 15:23:04 |  10.9s | 1.0e-04 | 0.0355 | 0.9330 | 0.9006 | 0.9335 | 0.0380 | 0.9103 | 0.8748 | 0.8781
0526 | 15:23:26 |  10.9s | 1.0e-04 | 0.0362 | 0.9318 | 0.9016 | 0.9333 | 0.0372 | 0.9210 | 0.8730 | 0.8917
0527 | 15:23:48 |  19.4s | 1.0e-04 | 0.0354 | 0.9333 | 0.9021 | 0.9353 | 0.0392 | 0.9116 | 0.8803 | 0.8873
0528 | 15:24:19 |  21.9s | 1.0e-04 | 0.0343 | 0.9315 | 0.8971 | 0.9289 | 0.0384 | 0.9167 | 0.8745 | 0.8854
0529 | 15:24:52 |  11.2s | 1.0e-04 | 0.0338 | 0.9326 | 0.8968 | 0.9294 | 0.0385 | 0.9137 | 0.8784 | 0.8876
0530 | 15:25:15 |  11.2s | 1.0e-04 | 0.0336 | 0.9328 | 0.8966 | 0.9293 | 0.0381 | 0.9165 | 0.8762 | 0.8873
0531 | 15:25:38 |  19.2s | 1.0e-04 | 0.0339 | 0.9324 | 0.8953 | 0.9280 | 0.0389 | 0.9200 | 0.8748 | 0.8912
0532 | 15:26:08 |  24.0s | 1.0e-04 | 0.0335 | 0.9322 | 0.8959 | 0.9282 | 0.0395 | 0.9189 | 0.8727 | 0.8893
0533 | 15:26:44 |  11.0s | 1.0e-04 | 0.0336 | 0.9318 | 0.8970 | 0.9290 | 0.0395 | 0.9191 | 0.8706 | 0.8871
0534 | 15:27:06 |  11.0s | 1.0e-04 | 0.0336 | 0.9321 | 0.8966 | 0.9288 | 0.0381 | 0.9216 | 0.8695 | 0.8884
0535 | 15:27:29 |  19.8s | 1.0e-04 | 0.0342 | 0.9316 | 0.8966 | 0.9284 | 0.0379 | 0.9117 | 0.8732 | 0.8793
0536 | 15:28:00 |  22.3s | 1.0e-04 | 0.0335 | 0.9327 | 0.8974 | 0.9303 | 0.0380 | 0.9231 | 0.8746 | 0.8958
0537 | 15:28:34 |  10.9s | 1.0e-04 | 0.0331 | 0.9330 | 0.8977 | 0.9309 | 0.0386 | 0.9204 | 0.8728 | 0.8896
0538 | 15:28:56 |  10.9s | 1.0e-04 | 0.0331 | 0.9329 | 0.8970 | 0.9302 | 0.0385 | 0.9114 | 0.8846 | 0.8947
0539 | 15:29:18 |  18.1s | 1.0e-04 | 0.0332 | 0.9330 | 0.8978 | 0.9307 | 0.0376 | 0.9191 | 0.8712 | 0.8897
0540 | 15:29:47 |  21.2s | 1.0e-04 | 0.0341 | 0.9312 | 0.8957 | 0.9271 | 0.0383 | 0.9130 | 0.8828 | 0.8927
0541 | 15:30:20 |  11.1s | 1.0e-04 | 0.0343 | 0.9305 | 0.8939 | 0.9245 | 0.0378 | 0.9116 | 0.8816 | 0.8909
0542 | 15:30:43 |  11.1s | 1.0e-04 | 0.0348 | 0.9302 | 0.8937 | 0.9239 | 0.0384 | 0.9033 | 0.8923 | 0.8937
0543 | 15:31:05 |  31.9s | 1.0e-04 | 0.0347 | 0.9321 | 0.8971 | 0.9292 | 0.0382 | 0.9161 | 0.8770 | 0.8923
0544 | 15:31:49 |  11.1s | 1.0e-04 | 0.0347 | 0.9331 | 0.8999 | 0.9330 | 0.0382 | 0.9128 | 0.8754 | 0.8843
0545 | 15:32:11 |  11.1s | 1.0e-04 | 0.0344 | 0.9334 | 0.8997 | 0.9331 | 0.0388 | 0.9124 | 0.8742 | 0.8796
0546 | 15:32:34 |  11.0s | 1.0e-04 | 0.0347 | 0.9326 | 0.9008 | 0.9334 | 0.0380 | 0.9177 | 0.8779 | 0.8928
0547 | 15:32:56 |  29.1s | 1.0e-04 | 0.0351 | 0.9325 | 0.8980 | 0.9308 | 0.0383 | 0.9055 | 0.8806 | 0.8796
0548 | 15:33:37 |  11.1s | 1.0e-04 | 0.0341 | 0.9345 | 0.9030 | 0.9369 | 0.0384 | 0.9170 | 0.8744 | 0.8872
0549 | 15:33:59 |  11.1s | 1.0e-04 | 0.0343 | 0.9341 | 0.9020 | 0.9359 | 0.0388 | 0.9199 | 0.8701 | 0.8868
0550 | 15:34:22 |  11.0s | 1.0e-04 | 0.0344 | 0.9341 | 0.9029 | 0.9366 | 0.0383 | 0.9139 | 0.8837 | 0.8934
0551 | 15:34:44 |  19.8s | 1.0e-04 | 0.0346 | 0.9325 | 0.8996 | 0.9321 | 0.0382 | 0.9161 | 0.8790 | 0.8927
0552 | 15:35:15 |  11.1s | 1.0e-04 | 0.0345 | 0.9328 | 0.8995 | 0.9324 | 0.0395 | 0.9165 | 0.8769 | 0.8890
0553 | 15:35:38 |  11.1s | 1.0e-04 | 0.0344 | 0.9329 | 0.8990 | 0.9318 | 0.0383 | 0.9162 | 0.8640 | 0.8739
0554 | 15:36:00 |  19.7s | 1.0e-04 | 0.0343 | 0.9335 | 0.8997 | 0.9333 | 0.0386 | 0.9122 | 0.8710 | 0.8762
0555 | 15:36:31 |  28.8s | 1.0e-04 | 0.0346 | 0.9330 | 0.9005 | 0.9334 | 0.0386 | 0.9109 | 0.8864 | 0.8952
0556 | 15:37:12 |  11.0s | 1.0e-04 | 0.0356 | 0.9310 | 0.8997 | 0.9308 | 0.0375 | 0.9144 | 0.8827 | 0.8927
0557 | 15:37:34 |  11.1s | 1.0e-04 | 0.0357 | 0.9317 | 0.8973 | 0.9292 | 0.0371 | 0.9133 | 0.8838 | 0.8931
0558 | 15:37:57 |  19.3s | 1.0e-04 | 0.0358 | 0.9310 | 0.8968 | 0.9280 | 0.0383 | 0.9092 | 0.8856 | 0.8905
0559 | 15:38:27 |  28.7s | 1.0e-04 | 0.0343 | 0.9320 | 0.8984 | 0.9308 | 0.0386 | 0.9086 | 0.8753 | 0.8765
0560 | 15:39:08 |  10.9s | 1.0e-04 | 0.0331 | 0.9344 | 0.9011 | 0.9356 | 0.0387 | 0.9213 | 0.8649 | 0.8807
0561 | 15:39:30 |  10.9s | 1.0e-04 | 0.0330 | 0.9345 | 0.9018 | 0.9362 | 0.0382 | 0.9102 | 0.8824 | 0.8891
0562 | 15:39:52 |  19.0s | 1.0e-04 | 0.0333 | 0.9338 | 0.8991 | 0.9330 | 0.0373 | 0.9136 | 0.8797 | 0.8895
0563 | 15:40:23 |  28.7s | 1.0e-04 | 0.0345 | 0.9322 | 0.8984 | 0.9309 | 0.0369 | 0.9143 | 0.8770 | 0.8877
0564 | 15:41:03 |  11.0s | 1.0e-04 | 0.0350 | 0.9322 | 0.8976 | 0.9301 | 0.0370 | 0.9170 | 0.8831 | 0.8981
0565 | 15:41:25 |  10.9s | 1.0e-04 | 0.0347 | 0.9321 | 0.8990 | 0.9312 | 0.0389 | 0.9059 | 0.8865 | 0.8884
0566 | 15:41:47 |  20.2s | 1.0e-04 | 0.0346 | 0.9320 | 0.8998 | 0.9319 | 0.0380 | 0.9188 | 0.8724 | 0.8880
0567 | 15:42:19 |  29.1s | 1.0e-04 | 0.0344 | 0.9325 | 0.8999 | 0.9323 | 0.0378 | 0.9183 | 0.8752 | 0.8905
0568 | 15:43:00 |  11.0s | 1.0e-04 | 0.0348 | 0.9312 | 0.8967 | 0.9283 | 0.0386 | 0.8999 | 0.8860 | 0.8827
0569 | 15:43:22 |  11.0s | 1.0e-04 | 0.0348 | 0.9326 | 0.8993 | 0.9321 | 0.0374 | 0.9160 | 0.8804 | 0.8956
0570 | 15:43:45 |  18.2s | 1.0e-04 | 0.0354 | 0.9310 | 0.8984 | 0.9296 | 0.0380 | 0.9144 | 0.8798 | 0.8891
0571 | 15:44:14 |  30.5s | 1.0e-04 | 0.0342 | 0.9327 | 0.8992 | 0.9320 | 0.0372 | 0.9184 | 0.8823 | 0.8998
0572 | 15:44:56 |  11.1s | 1.0e-04 | 0.0339 | 0.9330 | 0.8980 | 0.9311 | 0.0373 | 0.9197 | 0.8711 | 0.8861
0573 | 15:45:19 |  11.2s | 1.0e-04 | 0.0339 | 0.9325 | 0.8981 | 0.9309 | 0.0381 | 0.9184 | 0.8812 | 0.8965
0574 | 15:45:41 |  28.2s | 1.0e-04 | 0.0334 | 0.9331 | 0.8984 | 0.9316 | 0.0381 | 0.9068 | 0.8820 | 0.8847
0575 | 15:46:21 |  20.0s | 1.0e-04 | 0.0326 | 0.9348 | 0.9022 | 0.9368 | 0.0381 | 0.9099 | 0.8832 | 0.8900
0576 | 15:46:52 |  10.9s | 1.0e-04 | 0.0327 | 0.9350 | 0.9017 | 0.9366 | 0.0387 | 0.9068 | 0.8857 | 0.8882
0577 | 15:47:15 |  10.9s | 1.0e-04 | 0.0331 | 0.9350 | 0.9016 | 0.9363 | 0.0389 | 0.9183 | 0.8822 | 0.8988
0578 | 15:47:37 |  26.6s | 1.0e-04 | 0.0331 | 0.9350 | 0.9020 | 0.9368 | 0.0377 | 0.9117 | 0.8757 | 0.8831
0579 | 15:48:15 |  19.5s | 1.0e-04 | 0.0339 | 0.9330 | 0.8984 | 0.9314 | 0.0381 | 0.9183 | 0.8725 | 0.8874
0580 | 15:48:46 |  11.0s | 1.0e-04 | 0.0340 | 0.9332 | 0.8982 | 0.9314 | 0.0384 | 0.9163 | 0.8699 | 0.8819
0581 | 15:49:09 |  11.0s | 1.0e-04 | 0.0340 | 0.9329 | 0.8986 | 0.9316 | 0.0374 | 0.9158 | 0.8852 | 0.8983
0582 | 15:49:31 |  28.4s | 1.0e-04 | 0.0339 | 0.9338 | 0.9017 | 0.9353 | 0.0378 | 0.9222 | 0.8695 | 0.8879
0583 | 15:50:11 |  11.5s | 1.0e-04 | 0.0342 | 0.9323 | 0.8995 | 0.9318 | 0.0375 | 0.9165 | 0.8728 | 0.8819
0584 | 15:50:34 |  11.2s | 1.0e-04 | 0.0348 | 0.9311 | 0.8975 | 0.9290 | 0.0378 | 0.9141 | 0.8728 | 0.8831
0585 | 15:50:57 |  11.2s | 1.0e-04 | 0.0342 | 0.9332 | 0.8983 | 0.9316 | 0.0375 | 0.9166 | 0.8750 | 0.8883
0586 | 15:51:19 |  35.6s | 1.0e-04 | 0.0337 | 0.9327 | 0.8967 | 0.9296 | 0.0379 | 0.9085 | 0.8797 | 0.8828
0587 | 15:52:06 |  11.1s | 1.0e-04 | 0.0333 | 0.9345 | 0.9024 | 0.9367 | 0.0384 | 0.9236 | 0.8704 | 0.8913
0588 | 15:52:29 |  11.2s | 1.0e-04 | 0.0336 | 0.9351 | 0.9013 | 0.9361 | 0.0383 | 0.9158 | 0.8860 | 0.9015
0589 | 15:52:52 |  11.1s | 1.0e-04 | 0.0333 | 0.9345 | 0.9025 | 0.9367 | 0.0388 | 0.9230 | 0.8641 | 0.8824
0590 | 15:53:14 |  36.4s | 1.0e-04 | 0.0342 | 0.9341 | 0.9019 | 0.9359 | 0.0379 | 0.9125 | 0.8793 | 0.8887
0591 | 15:54:02 |  11.1s | 1.0e-04 | 0.0339 | 0.9346 | 0.9027 | 0.9369 | 0.0379 | 0.9195 | 0.8701 | 0.8835
0592 | 15:54:24 |  11.1s | 1.0e-04 | 0.0343 | 0.9341 | 0.9011 | 0.9349 | 0.0379 | 0.9137 | 0.8850 | 0.8982
0593 | 15:54:47 |  19.5s | 1.0e-04 | 0.0341 | 0.9338 | 0.9023 | 0.9358 | 0.0379 | 0.9149 | 0.8761 | 0.8845
0594 | 15:55:18 |  29.0s | 1.0e-04 | 0.0342 | 0.9329 | 0.8990 | 0.9321 | 0.0387 | 0.9118 | 0.8830 | 0.8908
0595 | 15:55:58 |  10.9s | 1.0e-04 | 0.0338 | 0.9334 | 0.8987 | 0.9323 | 0.0376 | 0.9149 | 0.8794 | 0.8918
0596 | 15:56:21 |  10.8s | 1.0e-04 | 0.0340 | 0.9326 | 0.8985 | 0.9312 | 0.0388 | 0.9180 | 0.8751 | 0.8895
0597 | 15:56:43 |  19.3s | 1.0e-04 | 0.0337 | 0.9332 | 0.8999 | 0.9331 | 0.0389 | 0.9099 | 0.8826 | 0.8872
0598 | 15:57:13 |  29.2s | 1.0e-04 | 0.0335 | 0.9337 | 0.9004 | 0.9341 | 0.0375 | 0.9185 | 0.8752 | 0.8917
0599 | 15:57:54 |  11.1s | 1.0e-04 | 0.0332 | 0.9327 | 0.8971 | 0.9302 | 0.0373 | 0.9182 | 0.8768 | 0.8915
0600 | 15:58:17 |  11.1s | 1.0e-04 | 0.0333 | 0.9330 | 0.8980 | 0.9313 | 0.0375 | 0.9198 | 0.8721 | 0.8886
0601 | 15:58:39 |  18.1s | 1.0e-04 | 0.0338 | 0.9322 | 0.8953 | 0.9278 | 0.0373 | 0.9175 | 0.8779 | 0.8918
0602 | 15:59:09 |  28.9s | 1.0e-04 | 0.0332 | 0.9321 | 0.8977 | 0.9300 | 0.0382 | 0.9222 | 0.8669 | 0.8832
0603 | 15:59:49 |  11.0s | 1.0e-04 | 0.0330 | 0.9347 | 0.9014 | 0.9359 | 0.0380 | 0.9162 | 0.8739 | 0.8843
0604 | 16:00:11 |  11.1s | 1.0e-04 | 0.0333 | 0.9347 | 0.9001 | 0.9348 | 0.0387 | 0.9177 | 0.8753 | 0.8885
0605 | 16:00:34 |  19.8s | 1.0e-04 | 0.0333 | 0.9343 | 0.8998 | 0.9341 | 0.0380 | 0.9228 | 0.8683 | 0.8865
0606 | 16:01:05 |  28.1s | 1.0e-04 | 0.0332 | 0.9334 | 0.8988 | 0.9323 | 0.0386 | 0.9124 | 0.8820 | 0.8906
0607 | 16:01:45 |  11.0s | 1.0e-04 | 0.0330 | 0.9337 | 0.8985 | 0.9321 | 0.0380 | 0.9133 | 0.8749 | 0.8808
0608 | 16:02:07 |  11.0s | 1.0e-04 | 0.0329 | 0.9340 | 0.8981 | 0.9323 | 0.0378 | 0.9248 | 0.8756 | 0.8982
0609 | 16:02:29 |  20.2s | 1.0e-04 | 0.0325 | 0.9345 | 0.8984 | 0.9328 | 0.0375 | 0.9126 | 0.8862 | 0.8967
0610 | 16:03:01 |  29.5s | 1.0e-04 | 0.0333 | 0.9322 | 0.8965 | 0.9292 | 0.0383 | 0.9148 | 0.8763 | 0.8856
0611 | 16:03:42 |  11.0s | 1.0e-04 | 0.0336 | 0.9331 | 0.8983 | 0.9314 | 0.0376 | 0.9156 | 0.8848 | 0.8978
0612 | 16:04:04 |  11.1s | 1.0e-04 | 0.0336 | 0.9334 | 0.8970 | 0.9306 | 0.0381 | 0.9166 | 0.8698 | 0.8805
0613 | 16:04:27 |  18.4s | 1.0e-04 | 0.0332 | 0.9334 | 0.9003 | 0.9337 | 0.0367 | 0.9136 | 0.8801 | 0.8895
0614 | 16:04:57 |  27.6s | 1.0e-04 | 0.0333 | 0.9338 | 0.9009 | 0.9346 | 0.0391 | 0.9134 | 0.8755 | 0.8869
0615 | 16:05:36 |  11.1s | 1.0e-04 | 0.0331 | 0.9330 | 0.8992 | 0.9324 | 0.0382 | 0.9036 | 0.8984 | 0.9012
0616 | 16:05:58 |  11.1s | 1.0e-04 | 0.0334 | 0.9340 | 0.8997 | 0.9338 | 0.0387 | 0.9105 | 0.8916 | 0.8994
0617 | 16:06:20 |  28.0s | 1.0e-04 | 0.0334 | 0.9342 | 0.8994 | 0.9336 | 0.0385 | 0.9155 | 0.8834 | 0.8970
0618 | 16:07:00 |  21.1s | 1.0e-04 | 0.0333 | 0.9353 | 0.9045 | 0.9391 | 0.0387 | 0.9182 | 0.8728 | 0.8852
0619 | 16:07:32 |  10.9s | 1.0e-04 | 0.0328 | 0.9364 | 0.9055 | 0.9412 | 0.0385 | 0.9087 | 0.8843 | 0.8890
0620 | 16:07:55 |  11.0s | 1.0e-04 | 0.0331 | 0.9359 | 0.9052 | 0.9403 | 0.0382 | 0.9201 | 0.8742 | 0.8925
0621 | 16:08:17 |  26.9s | 1.0e-04 | 0.0330 | 0.9357 | 0.9052 | 0.9405 | 0.0394 | 0.9079 | 0.8833 | 0.8868
0622 | 16:08:55 |  21.8s | 1.0e-04 | 0.0340 | 0.9336 | 0.9016 | 0.9350 | 0.0382 | 0.9129 | 0.8734 | 0.8807
0623 | 16:09:28 |  11.1s | 1.0e-04 | 0.0341 | 0.9337 | 0.9016 | 0.9350 | 0.0382 | 0.9085 | 0.8787 | 0.8836
0624 | 16:09:51 |  11.0s | 1.0e-04 | 0.0339 | 0.9348 | 0.9023 | 0.9370 | 0.0379 | 0.9207 | 0.8756 | 0.8946
0625 | 16:10:13 |  27.7s | 1.0e-04 | 0.0345 | 0.9334 | 0.9007 | 0.9340 | 0.0381 | 0.9059 | 0.8922 | 0.8965
0626 | 16:10:53 |  11.0s | 1.0e-04 | 0.0347 | 0.9334 | 0.9026 | 0.9356 | 0.0388 | 0.9171 | 0.8820 | 0.8957
0627 | 16:11:15 |  11.0s | 1.0e-04 | 0.0346 | 0.9331 | 0.9018 | 0.9347 | 0.0374 | 0.9148 | 0.8761 | 0.8874
0628 | 16:11:37 |  11.0s | 1.0e-04 | 0.0348 | 0.9330 | 0.9023 | 0.9351 | 0.0381 | 0.9139 | 0.8815 | 0.8919
0629 | 16:12:00 |  37.0s | 1.0e-04 | 0.0344 | 0.9335 | 0.9009 | 0.9342 | 0.0367 | 0.9145 | 0.8824 | 0.8908
0630 | 16:12:48 |  10.9s | 1.0e-04 | 0.0338 | 0.9334 | 0.9003 | 0.9337 | 0.0380 | 0.9161 | 0.8807 | 0.8934
0631 | 16:13:10 |  10.8s | 1.0e-04 | 0.0333 | 0.9347 | 0.9013 | 0.9359 | 0.0376 | 0.9163 | 0.8782 | 0.8935
0632 | 16:13:32 |  10.9s | 1.0e-04 | 0.0337 | 0.9334 | 0.9007 | 0.9339 | 0.0378 | 0.9167 | 0.8784 | 0.8934
0633 | 16:13:55 |  27.5s | 1.0e-04 | 0.0346 | 0.9345 | 0.9033 | 0.9375 | 0.0382 | 0.9239 | 0.8751 | 0.8981
0634 | 16:14:34 |  10.9s | 1.0e-04 | 0.0342 | 0.9345 | 0.9050 | 0.9387 | 0.0383 | 0.9201 | 0.8744 | 0.8917
0635 | 16:14:56 |  11.0s | 1.0e-04 | 0.0337 | 0.9350 | 0.9050 | 0.9392 | 0.0374 | 0.9154 | 0.8802 | 0.8937
0636 | 16:15:18 |  19.1s | 1.0e-04 | 0.0336 | 0.9354 | 0.9046 | 0.9392 | 0.0385 | 0.9122 | 0.8767 | 0.8835
0637 | 16:15:48 |  28.6s | 1.0e-04 | 0.0330 | 0.9352 | 0.9034 | 0.9380 | 0.0377 | 0.9213 | 0.8739 | 0.8916
0638 | 16:16:28 |  10.9s | 1.0e-04 | 0.0333 | 0.9347 | 0.9025 | 0.9368 | 0.0374 | 0.9148 | 0.8835 | 0.8947
0639 | 16:16:51 |  10.9s | 1.0e-04 | 0.0336 | 0.9337 | 0.9016 | 0.9352 | 0.0376 | 0.9236 | 0.8751 | 0.8974
0640 | 16:17:13 |  20.0s | 1.0e-04 | 0.0336 | 0.9341 | 0.9019 | 0.9358 | 0.0376 | 0.9221 | 0.8792 | 0.8995
0641 | 16:17:44 |  26.8s | 1.0e-04 | 0.0339 | 0.9350 | 0.9035 | 0.9381 | 0.0378 | 0.9144 | 0.8777 | 0.8899
0642 | 16:18:22 |  11.0s | 1.0e-04 | 0.0341 | 0.9363 | 0.9055 | 0.9408 | 0.0378 | 0.9154 | 0.8828 | 0.8960
0643 | 16:18:45 |  11.1s | 1.0e-04 | 0.0337 | 0.9357 | 0.9057 | 0.9404 | 0.0388 | 0.9115 | 0.8791 | 0.8847
0644 | 16:19:07 |  18.4s | 1.0e-04 | 0.0337 | 0.9349 | 0.9035 | 0.9382 | 0.0381 | 0.9078 | 0.8883 | 0.8931
0645 | 16:19:37 |  27.8s | 1.0e-04 | 0.0334 | 0.9345 | 0.9012 | 0.9356 | 0.0371 | 0.9260 | 0.8762 | 0.8994
0646 | 16:20:16 |  11.1s | 1.0e-04 | 0.0329 | 0.9338 | 0.8991 | 0.9330 | 0.0374 | 0.9190 | 0.8778 | 0.8929
0647 | 16:20:39 |  11.1s | 1.0e-04 | 0.0326 | 0.9344 | 0.8982 | 0.9327 | 0.0381 | 0.9194 | 0.8812 | 0.8984
0648 | 16:21:01 |  19.9s | 1.0e-04 | 0.0333 | 0.9337 | 0.8993 | 0.9331 | 0.0375 | 0.9093 | 0.8763 | 0.8790
0649 | 16:21:33 |  28.7s | 1.0e-04 | 0.0337 | 0.9328 | 0.9000 | 0.9328 | 0.0367 | 0.9185 | 0.8783 | 0.8932
0650 | 16:22:13 |  11.0s | 1.0e-04 | 0.0340 | 0.9333 | 0.9002 | 0.9335 | 0.0374 | 0.9092 | 0.8877 | 0.8943
0651 | 16:22:35 |  11.0s | 1.0e-04 | 0.0340 | 0.9329 | 0.9007 | 0.9335 | 0.0372 | 0.9065 | 0.8837 | 0.8851
0652 | 16:22:58 |  20.1s | 1.0e-04 | 0.0341 | 0.9341 | 0.8999 | 0.9339 | 0.0374 | 0.9206 | 0.8774 | 0.8963
0653 | 16:23:29 |  28.8s | 1.0e-04 | 0.0318 | 0.9360 | 0.9026 | 0.9384 | 0.0376 | 0.9201 | 0.8815 | 0.8988
0654 | 16:24:09 |  10.8s | 1.0e-04 | 0.0317 | 0.9349 | 0.9020 | 0.9367 | 0.0385 | 0.9280 | 0.8694 | 0.8969
0655 | 16:24:31 |  10.8s | 1.0e-04 | 0.0317 | 0.9353 | 0.9020 | 0.9369 | 0.0373 | 0.9189 | 0.8739 | 0.8895
0656 | 16:24:53 |  18.2s | 1.0e-04 | 0.0323 | 0.9351 | 0.9028 | 0.9377 | 0.0385 | 0.9226 | 0.8717 | 0.8917
0657 | 16:25:23 |  19.6s | 1.0e-04 | 0.0340 | 0.9330 | 0.8982 | 0.9315 | 0.0373 | 0.9133 | 0.8830 | 0.8945
0658 | 16:25:54 |  11.0s | 1.0e-04 | 0.0345 | 0.9324 | 0.8986 | 0.9311 | 0.0375 | 0.9088 | 0.8849 | 0.8904
0659 | 16:26:16 |  11.0s | 1.0e-04 | 0.0343 | 0.9325 | 0.8993 | 0.9319 | 0.0366 | 0.9143 | 0.8777 | 0.8883
0660 | 16:26:39 |  29.1s | 1.0e-04 | 0.0347 | 0.9318 | 0.8982 | 0.9302 | 0.0373 | 0.9148 | 0.8836 | 0.8956
0661 | 16:27:19 |  19.7s | 1.0e-04 | 0.0342 | 0.9351 | 0.9047 | 0.9390 | 0.0372 | 0.9153 | 0.8850 | 0.8981
0662 | 16:27:50 |  11.0s | 1.0e-04 | 0.0345 | 0.9353 | 0.9054 | 0.9399 | 0.0372 | 0.9231 | 0.8747 | 0.8942
0663 | 16:28:12 |  11.0s | 1.0e-04 | 0.0346 | 0.9340 | 0.9033 | 0.9367 | 0.0375 | 0.9188 | 0.8767 | 0.8924
0664 | 16:28:35 |  27.4s | 1.0e-04 | 0.0338 | 0.9355 | 0.9031 | 0.9383 | 0.0378 | 0.9154 | 0.8843 | 0.8985
0665 | 16:29:14 |  20.4s | 1.0e-04 | 0.0345 | 0.9338 | 0.9019 | 0.9355 | 0.0377 | 0.9187 | 0.8824 | 0.8993
0666 | 16:29:45 |  11.0s | 1.0e-04 | 0.0342 | 0.9342 | 0.9032 | 0.9371 | 0.0369 | 0.9179 | 0.8779 | 0.8913
0667 | 16:30:08 |  11.0s | 1.0e-04 | 0.0344 | 0.9347 | 0.9033 | 0.9378 | 0.0370 | 0.9143 | 0.8787 | 0.8863
0668 | 16:30:30 |  37.1s | 1.0e-04 | 0.0348 | 0.9332 | 0.9025 | 0.9355 | 0.0376 | 0.9210 | 0.8782 | 0.8957
0669 | 16:31:18 |  11.1s | 1.0e-04 | 0.0327 | 0.9332 | 0.8989 | 0.9320 | 0.0376 | 0.9207 | 0.8702 | 0.8873
0670 | 16:31:42 |  11.2s | 1.0e-04 | 0.0323 | 0.9348 | 0.9001 | 0.9348 | 0.0368 | 0.9186 | 0.8801 | 0.8937
0671 | 16:32:04 |  11.2s | 1.0e-04 | 0.0326 | 0.9347 | 0.8993 | 0.9340 | 0.0376 | 0.9169 | 0.8803 | 0.8930
0672 | 16:32:27 |  37.1s | 1.0e-04 | 0.0335 | 0.9339 | 0.9000 | 0.9338 | 0.0370 | 0.9201 | 0.8804 | 0.8975
0673 | 16:33:15 |  11.1s | 1.0e-04 | 0.0348 | 0.9331 | 0.9001 | 0.9331 | 0.0374 | 0.9167 | 0.8784 | 0.8924
0674 | 16:33:37 |  11.0s | 1.0e-04 | 0.0346 | 0.9329 | 0.8994 | 0.9324 | 0.0372 | 0.9097 | 0.8886 | 0.8958
0675 | 16:34:00 |  11.0s | 1.0e-04 | 0.0347 | 0.9326 | 0.8989 | 0.9316 | 0.0364 | 0.9100 | 0.8876 | 0.8947
0676 | 16:34:23 |  29.4s | 1.0e-04 | 0.0332 | 0.9334 | 0.8991 | 0.9325 | 0.0376 | 0.9235 | 0.8737 | 0.8951
0677 | 16:35:04 |  11.1s | 1.0e-04 | 0.0323 | 0.9347 | 0.8982 | 0.9332 | 0.0366 | 0.9129 | 0.8802 | 0.8905
0678 | 16:35:26 |  11.1s | 1.0e-04 | 0.0322 | 0.9341 | 0.8990 | 0.9333 | 0.0373 | 0.9151 | 0.8812 | 0.8928
0679 | 16:35:49 |  19.9s | 1.0e-04 | 0.0326 | 0.9343 | 0.8982 | 0.9329 | 0.0370 | 0.9144 | 0.8861 | 0.8979
0680 | 16:36:20 |  28.9s | 1.0e-04 | 0.0335 | 0.9338 | 0.9012 | 0.9349 | 0.0374 | 0.9197 | 0.8794 | 0.8986
0681 | 16:37:00 |  11.0s | 1.0e-04 | 0.0335 | 0.9348 | 0.9040 | 0.9381 | 0.0382 | 0.9077 | 0.8954 | 0.9021
0682 | 16:37:23 |  11.0s | 1.0e-04 | 0.0339 | 0.9347 | 0.9033 | 0.9375 | 0.0388 | 0.9105 | 0.8888 | 0.8961
0683 | 16:37:46 |  19.3s | 1.0e-04 | 0.0335 | 0.9346 | 0.9034 | 0.9376 | 0.0372 | 0.9226 | 0.8814 | 0.9010
0684 | 16:38:17 |  29.1s | 1.0e-04 | 0.0331 | 0.9348 | 0.9026 | 0.9372 | 0.0379 | 0.9123 | 0.8829 | 0.8921
0685 | 16:38:57 |  10.9s | 1.0e-04 | 0.0329 | 0.9348 | 0.9011 | 0.9358 | 0.0371 | 0.9135 | 0.8888 | 0.9008
0686 | 16:39:20 |  10.9s | 1.0e-04 | 0.0326 | 0.9354 | 0.9024 | 0.9377 | 0.0377 | 0.9117 | 0.8818 | 0.8903
0687 | 16:39:42 |  19.0s | 1.0e-04 | 0.0326 | 0.9353 | 0.9032 | 0.9383 | 0.0376 | 0.9221 | 0.8715 | 0.8885
0688 | 16:40:12 |  26.6s | 1.0e-04 | 0.0333 | 0.9351 | 0.9046 | 0.9390 | 0.0371 | 0.9272 | 0.8704 | 0.8956
0689 | 16:40:51 |  10.9s | 1.0e-04 | 0.0337 | 0.9356 | 0.9051 | 0.9397 | 0.0378 | 0.9168 | 0.8759 | 0.8892
0690 | 16:41:13 |  10.9s | 1.0e-04 | 0.0337 | 0.9354 | 0.9055 | 0.9402 | 0.0376 | 0.9143 | 0.8819 | 0.8924
0691 | 16:41:36 |  19.8s | 1.0e-04 | 0.0333 | 0.9354 | 0.9046 | 0.9394 | 0.0380 | 0.9211 | 0.8815 | 0.9014
0692 | 16:42:07 |  29.7s | 1.0e-04 | 0.0340 | 0.9336 | 0.9012 | 0.9347 | 0.0374 | 0.9164 | 0.8829 | 0.8975
0693 | 16:42:48 |  11.0s | 1.0e-04 | 0.0343 | 0.9338 | 0.9009 | 0.9346 | 0.0371 | 0.9149 | 0.8865 | 0.9011
0694 | 16:43:11 |  11.1s | 1.0e-04 | 0.0342 | 0.9339 | 0.9012 | 0.9350 | 0.0371 | 0.9191 | 0.8754 | 0.8926
0695 | 16:43:34 |  18.8s | 1.0e-04 | 0.0340 | 0.9338 | 0.9029 | 0.9363 | 0.0371 | 0.9201 | 0.8778 | 0.8969
0696 | 16:44:05 |  27.5s | 1.0e-04 | 0.0347 | 0.9346 | 0.9043 | 0.9383 | 0.0375 | 0.9097 | 0.8883 | 0.8952
0697 | 16:44:44 |  11.0s | 1.0e-04 | 0.0347 | 0.9346 | 0.9044 | 0.9384 | 0.0369 | 0.9179 | 0.8880 | 0.9036
0698 | 16:45:06 |  11.0s | 1.0e-04 | 0.0345 | 0.9356 | 0.9062 | 0.9407 | 0.0373 | 0.9151 | 0.8851 | 0.8967
0699 | 16:45:29 |  29.0s | 1.0e-04 | 0.0350 | 0.9334 | 0.9032 | 0.9359 | 0.0373 | 0.9112 | 0.8858 | 0.8950
0700 | 16:46:10 |  19.9s | 1.0e-04 | 0.0338 | 0.9337 | 0.9018 | 0.9353 | 0.0371 | 0.9205 | 0.8820 | 0.8997
0701 | 16:46:42 |  10.9s | 1.0e-04 | 0.0336 | 0.9336 | 0.9004 | 0.9338 | 0.0378 | 0.9142 | 0.8909 | 0.9034
0702 | 16:47:04 |  11.0s | 1.0e-04 | 0.0335 | 0.9339 | 0.9017 | 0.9353 | 0.0374 | 0.9229 | 0.8815 | 0.9021
0703 | 16:47:27 |  26.9s | 1.0e-04 | 0.0329 | 0.9352 | 0.9026 | 0.9374 | 0.0374 | 0.9191 | 0.8798 | 0.8934
0704 | 16:48:05 |  21.0s | 1.0e-04 | 0.0331 | 0.9357 | 0.9051 | 0.9397 | 0.0375 | 0.9117 | 0.8833 | 0.8915
0705 | 16:48:38 |  11.0s | 1.0e-04 | 0.0332 | 0.9356 | 0.9048 | 0.9396 | 0.0367 | 0.9152 | 0.8874 | 0.9009
0706 | 16:49:01 |  11.0s | 1.0e-04 | 0.0332 | 0.9355 | 0.9046 | 0.9394 | 0.0374 | 0.9172 | 0.8825 | 0.8990
0707 | 16:49:24 |  27.5s | 1.0e-04 | 0.0335 | 0.9349 | 0.9040 | 0.9381 | 0.0367 | 0.9171 | 0.8812 | 0.8949
0708 | 16:50:03 |  11.0s | 1.0e-04 | 0.0327 | 0.9351 | 0.9017 | 0.9367 | 0.0378 | 0.9253 | 0.8743 | 0.8975
0709 | 16:50:26 |  11.0s | 1.0e-04 | 0.0327 | 0.9350 | 0.9015 | 0.9362 | 0.0369 | 0.9187 | 0.8776 | 0.8933
0710 | 16:50:49 |  11.0s | 1.0e-04 | 0.0324 | 0.9352 | 0.9029 | 0.9376 | 0.0372 | 0.9173 | 0.8786 | 0.8928
0711 | 16:51:12 |  37.8s | 1.0e-04 | 0.0329 | 0.9355 | 0.9041 | 0.9390 | 0.0374 | 0.9074 | 0.8894 | 0.8957
0712 | 16:52:01 |  11.0s | 1.0e-04 | 0.0335 | 0.9357 | 0.9051 | 0.9399 | 0.0371 | 0.9071 | 0.8886 | 0.8929
0713 | 16:52:24 |  11.0s | 1.0e-04 | 0.0333 | 0.9360 | 0.9043 | 0.9397 | 0.0376 | 0.9138 | 0.8866 | 0.8967
0714 | 16:52:47 |  11.0s | 1.0e-04 | 0.0333 | 0.9351 | 0.9063 | 0.9403 | 0.0369 | 0.9191 | 0.8779 | 0.8941
0715 | 16:53:09 |  38.0s | 1.0e-04 | 0.0326 | 0.9363 | 0.9043 | 0.9401 | 0.0383 | 0.9165 | 0.8739 | 0.8852
0716 | 16:53:59 |  11.1s | 1.0e-04 | 0.0330 | 0.9358 | 0.9048 | 0.9399 | 0.0364 | 0.9233 | 0.8766 | 0.8960
0717 | 16:54:22 |  11.1s | 1.0e-04 | 0.0331 | 0.9358 | 0.9040 | 0.9391 | 0.0375 | 0.9235 | 0.8752 | 0.8965
0718 | 16:54:45 |  19.9s | 1.0e-04 | 0.0326 | 0.9365 | 0.9048 | 0.9408 | 0.0375 | 0.9254 | 0.8682 | 0.8924
0719 | 16:55:17 |  27.5s | 1.0e-04 | 0.0335 | 0.9360 | 0.9047 | 0.9401 | 0.0372 | 0.9192 | 0.8869 | 0.9048
0720 | 16:55:56 |  11.0s | 1.0e-04 | 0.0347 | 0.9348 | 0.9054 | 0.9391 | 0.0365 | 0.9162 | 0.8826 | 0.8949
0721 | 16:56:19 |  10.9s | 1.0e-04 | 0.0343 | 0.9352 | 0.9062 | 0.9403 | 0.0368 | 0.9154 | 0.8818 | 0.8948
0722 | 16:56:41 |  18.4s | 1.0e-04 | 0.0346 | 0.9343 | 0.9057 | 0.9391 | 0.0371 | 0.9278 | 0.8755 | 0.9031
0723 | 16:57:12 |  28.7s | 1.0e-04 | 0.0340 | 0.9349 | 0.9043 | 0.9389 | 0.0372 | 0.9319 | 0.8704 | 0.9018
0724 | 16:57:52 |  11.2s | 1.0e-04 | 0.0330 | 0.9346 | 0.9019 | 0.9362 | 0.0378 | 0.9133 | 0.8826 | 0.8918
0725 | 16:58:15 |  11.1s | 1.0e-04 | 0.0333 | 0.9334 | 0.9002 | 0.9337 | 0.0367 | 0.9203 | 0.8824 | 0.9005
0726 | 16:58:38 |  20.1s | 1.0e-04 | 0.0329 | 0.9350 | 0.9029 | 0.9377 | 0.0368 | 0.9176 | 0.8807 | 0.8946
0727 | 16:59:10 |  28.2s | 1.0e-04 | 0.0326 | 0.9339 | 0.8988 | 0.9328 | 0.0363 | 0.9227 | 0.8789 | 0.8992
0728 | 16:59:50 |  10.9s | 1.0e-04 | 0.0322 | 0.9348 | 0.9020 | 0.9367 | 0.0373 | 0.9131 | 0.8918 | 0.9036
0729 | 17:00:12 |  10.9s | 1.0e-04 | 0.0321 | 0.9358 | 0.9028 | 0.9384 | 0.0373 | 0.9244 | 0.8668 | 0.8885
0730 | 17:00:35 |  19.3s | 1.0e-04 | 0.0326 | 0.9356 | 0.9016 | 0.9371 | 0.0367 | 0.9138 | 0.8895 | 0.9007
0731 | 17:01:06 |  28.8s | 1.0e-04 | 0.0335 | 0.9349 | 0.9046 | 0.9390 | 0.0375 | 0.9241 | 0.8737 | 0.8958
0732 | 17:01:47 |  11.0s | 1.0e-04 | 0.0341 | 0.9348 | 0.9050 | 0.9391 | 0.0368 | 0.9181 | 0.8810 | 0.8978
0733 | 17:02:10 |  11.0s | 1.0e-04 | 0.0339 | 0.9349 | 0.9044 | 0.9388 | 0.0360 | 0.9198 | 0.8811 | 0.8983
0734 | 17:02:32 |  20.0s | 1.0e-04 | 0.0336 | 0.9348 | 0.9042 | 0.9383 | 0.0370 | 0.9231 | 0.8738 | 0.8939
0735 | 17:03:04 |  30.9s | 1.0e-04 | 0.0329 | 0.9348 | 0.9005 | 0.9353 | 0.0371 | 0.9046 | 0.8906 | 0.8916
0736 | 17:03:47 |  11.2s | 1.0e-04 | 0.0320 | 0.9361 | 0.9025 | 0.9384 | 0.0369 | 0.9215 | 0.8748 | 0.8940
0737 | 17:04:10 |  11.1s | 1.0e-04 | 0.0322 | 0.9352 | 0.9019 | 0.9372 | 0.0376 | 0.9156 | 0.8821 | 0.8941
0738 | 17:04:33 |  18.1s | 1.0e-04 | 0.0320 | 0.9353 | 0.9024 | 0.9375 | 0.0363 | 0.9269 | 0.8721 | 0.8971
0739 | 17:05:03 |  27.2s | 1.0e-04 | 0.0331 | 0.9365 | 0.9050 | 0.9403 | 0.0371 | 0.9162 | 0.8792 | 0.8908
0740 | 17:05:42 |  11.2s | 1.0e-04 | 0.0336 | 0.9353 | 0.9040 | 0.9387 | 0.0371 | 0.9147 | 0.8847 | 0.8967
0741 | 17:06:05 |  11.0s | 1.0e-04 | 0.0331 | 0.9364 | 0.9046 | 0.9404 | 0.0369 | 0.9136 | 0.8885 | 0.9002
0742 | 17:06:27 |  29.0s | 1.0e-04 | 0.0338 | 0.9347 | 0.9030 | 0.9370 | 0.0362 | 0.9166 | 0.8888 | 0.9044
0743 | 17:07:08 |  19.4s | 1.0e-04 | 0.0347 | 0.9322 | 0.9009 | 0.9330 | 0.0363 | 0.9273 | 0.8736 | 0.8986
0744 | 17:07:39 |  11.0s | 1.0e-04 | 0.0346 | 0.9326 | 0.9005 | 0.9330 | 0.0363 | 0.9219 | 0.8815 | 0.9015
0745 | 17:08:02 |  11.0s | 1.0e-04 | 0.0345 | 0.9318 | 0.9011 | 0.9327 | 0.0357 | 0.9286 | 0.8720 | 0.9003
0746 | 17:08:25 |  28.1s | 1.0e-04 | 0.0338 | 0.9336 | 0.9021 | 0.9358 | 0.0373 | 0.9146 | 0.8853 | 0.8960
0747 | 17:09:05 |  20.3s | 1.0e-04 | 0.0320 | 0.9340 | 0.8986 | 0.9328 | 0.0373 | 0.9267 | 0.8753 | 0.9001
0748 | 17:09:37 |  11.1s | 1.0e-04 | 0.0314 | 0.9348 | 0.8990 | 0.9337 | 0.0368 | 0.9214 | 0.8740 | 0.8930
0749 | 17:10:00 |  11.1s | 1.0e-04 | 0.0317 | 0.9354 | 0.8992 | 0.9347 | 0.0362 | 0.9145 | 0.8772 | 0.8866
0750 | 17:10:23 |  26.9s | 1.0e-04 | 0.0320 | 0.9344 | 0.8996 | 0.9340 | 0.0369 | 0.9117 | 0.8882 | 0.8965
0751 | 17:11:02 |  11.0s | 1.0e-04 | 0.0325 | 0.9360 | 0.9035 | 0.9390 | 0.0363 | 0.9180 | 0.8768 | 0.8895
0752 | 17:11:24 |  10.9s | 1.0e-04 | 0.0325 | 0.9352 | 0.9018 | 0.9368 | 0.0356 | 0.9270 | 0.8794 | 0.9057
0753 | 17:11:47 |  11.0s | 1.0e-04 | 0.0325 | 0.9358 | 0.9043 | 0.9398 | 0.0375 | 0.9113 | 0.8867 | 0.8943
0754 | 17:12:10 |  39.9s | 1.0e-04 | 0.0327 | 0.9347 | 0.9028 | 0.9371 | 0.0370 | 0.9131 | 0.8866 | 0.8978
0755 | 17:13:01 |  11.0s | 1.0e-04 | 0.0334 | 0.9348 | 0.9036 | 0.9379 | 0.0366 | 0.9195 | 0.8857 | 0.9037
0756 | 17:13:24 |  11.0s | 1.0e-04 | 0.0334 | 0.9350 | 0.9034 | 0.9380 | 0.0365 | 0.9168 | 0.8806 | 0.8959
0757 | 17:13:47 |  11.0s | 1.0e-04 | 0.0335 | 0.9341 | 0.9024 | 0.9361 | 0.0364 | 0.9190 | 0.8858 | 0.9032
0758 | 17:14:10 |  29.4s | 1.0e-04 | 0.0330 | 0.9349 | 0.9041 | 0.9385 | 0.0376 | 0.9272 | 0.8652 | 0.8880
0759 | 17:14:51 |  11.1s | 1.0e-04 | 0.0323 | 0.9362 | 0.9039 | 0.9395 | 0.0367 | 0.9202 | 0.8700 | 0.8844
0760 | 17:15:14 |  11.2s | 1.0e-04 | 0.0321 | 0.9365 | 0.9037 | 0.9396 | 0.0373 | 0.9124 | 0.8860 | 0.8959
0761 | 17:15:37 |  20.5s | 1.0e-04 | 0.0324 | 0.9359 | 0.9038 | 0.9391 | 0.0364 | 0.9285 | 0.8699 | 0.8970
0762 | 17:16:09 |  29.7s | 1.0e-04 | 0.0322 | 0.9368 | 0.9029 | 0.9393 | 0.0364 | 0.9177 | 0.8794 | 0.8939
0763 | 17:16:51 |  11.0s | 1.0e-04 | 0.0321 | 0.9363 | 0.9047 | 0.9403 | 0.0370 | 0.9157 | 0.8823 | 0.8955
0764 | 17:17:14 |  11.0s | 1.0e-04 | 0.0322 | 0.9363 | 0.9037 | 0.9397 | 0.0365 | 0.9226 | 0.8870 | 0.9094
0765 | 17:17:37 |  18.6s | 1.0e-04 | 0.0321 | 0.9365 | 0.9049 | 0.9406 | 0.0367 | 0.9166 | 0.8723 | 0.8849
0766 | 17:18:07 |  30.3s | 1.0e-04 | 0.0329 | 0.9351 | 0.9042 | 0.9384 | 0.0364 | 0.9204 | 0.8851 | 0.9054
0767 | 17:18:49 |  11.1s | 1.0e-04 | 0.0335 | 0.9353 | 0.9049 | 0.9393 | 0.0372 | 0.9176 | 0.8757 | 0.8880
0768 | 17:19:12 |  11.1s | 1.0e-04 | 0.0335 | 0.9348 | 0.9049 | 0.9386 | 0.0363 | 0.9198 | 0.8766 | 0.8937
0769 | 17:19:35 |  20.0s | 1.0e-04 | 0.0335 | 0.9349 | 0.9040 | 0.9384 | 0.0362 | 0.9192 | 0.8869 | 0.9028
0770 | 17:20:07 |  28.5s | 1.0e-04 | 0.0336 | 0.9342 | 0.9038 | 0.9376 | 0.0360 | 0.9167 | 0.8777 | 0.8917
0771 | 17:20:47 |  11.0s | 1.0e-04 | 0.0333 | 0.9351 | 0.9043 | 0.9385 | 0.0370 | 0.9293 | 0.8726 | 0.9016
0772 | 17:21:10 |  11.1s | 1.0e-04 | 0.0332 | 0.9350 | 0.9042 | 0.9389 | 0.0369 | 0.9134 | 0.8907 | 0.9019
0773 | 17:21:33 |  18.8s | 1.0e-04 | 0.0332 | 0.9350 | 0.9044 | 0.9390 | 0.0370 | 0.9150 | 0.8783 | 0.8898
0774 | 17:22:03 |  28.8s | 1.0e-04 | 0.0336 | 0.9361 | 0.9064 | 0.9416 | 0.0362 | 0.9254 | 0.8798 | 0.9042
0775 | 17:22:44 |  11.0s | 1.0e-04 | 0.0335 | 0.9362 | 0.9081 | 0.9425 | 0.0366 | 0.9152 | 0.8844 | 0.8978
0776 | 17:23:07 |  11.1s | 1.0e-04 | 0.0332 | 0.9360 | 0.9072 | 0.9416 | 0.0373 | 0.9195 | 0.8790 | 0.8973
0777 | 17:23:29 |  20.1s | 1.0e-04 | 0.0332 | 0.9365 | 0.9062 | 0.9415 | 0.0373 | 0.9172 | 0.8798 | 0.8941
0778 | 17:24:01 |  27.2s | 1.0e-04 | 0.0326 | 0.9353 | 0.9043 | 0.9389 | 0.0363 | 0.9248 | 0.8701 | 0.8902
0779 | 17:24:40 |  10.9s | 1.0e-04 | 0.0328 | 0.9345 | 0.9027 | 0.9369 | 0.0368 | 0.9274 | 0.8776 | 0.9045
0780 | 17:25:03 |  10.9s | 1.0e-04 | 0.0328 | 0.9358 | 0.9040 | 0.9393 | 0.0367 | 0.9246 | 0.8761 | 0.8987
0781 | 17:25:26 |  19.5s | 1.0e-04 | 0.0328 | 0.9356 | 0.9049 | 0.9400 | 0.0372 | 0.9056 | 0.8910 | 0.8946
0782 | 17:25:57 |  20.0s | 1.0e-04 | 0.0321 | 0.9362 | 0.9042 | 0.9396 | 0.0381 | 0.9210 | 0.8716 | 0.8887
0783 | 17:26:29 |  11.1s | 1.0e-04 | 0.0321 | 0.9359 | 0.9033 | 0.9389 | 0.0367 | 0.9118 | 0.8869 | 0.8955
0784 | 17:26:52 |  11.1s | 1.0e-04 | 0.0325 | 0.9345 | 0.9026 | 0.9371 | 0.0373 | 0.9210 | 0.8749 | 0.8910
0785 | 17:27:15 |  28.0s | 1.0e-04 | 0.0319 | 0.9350 | 0.9029 | 0.9375 | 0.0369 | 0.9177 | 0.8770 | 0.8896
0786 | 17:27:55 |  19.2s | 1.0e-04 | 0.0320 | 0.9365 | 0.9071 | 0.9427 | 0.0371 | 0.9138 | 0.8833 | 0.8952
0787 | 17:28:26 |  11.0s | 1.0e-04 | 0.0323 | 0.9365 | 0.9064 | 0.9416 | 0.0378 | 0.9146 | 0.8860 | 0.8986
0788 | 17:28:48 |  10.9s | 1.0e-04 | 0.0312 | 0.9393 | 0.9092 | 0.9468 | 0.0369 | 0.9156 | 0.8794 | 0.8922
0789 | 17:29:11 |  29.6s | 1.0e-04 | 0.0323 | 0.9378 | 0.9080 | 0.9442 | 0.0368 | 0.9149 | 0.8804 | 0.8920
0790 | 17:29:53 |  20.2s | 1.0e-04 | 0.0332 | 0.9357 | 0.9049 | 0.9398 | 0.0367 | 0.9198 | 0.8863 | 0.9038
0791 | 17:30:24 |  11.1s | 1.0e-04 | 0.0331 | 0.9361 | 0.9051 | 0.9403 | 0.0367 | 0.9178 | 0.8836 | 0.8994
0792 | 17:30:47 |  11.1s | 1.0e-04 | 0.0340 | 0.9340 | 0.9041 | 0.9375 | 0.0363 | 0.9163 | 0.8804 | 0.8941
0793 | 17:31:10 |  34.6s | 1.0e-04 | 0.0341 | 0.9342 | 0.9059 | 0.9393 | 0.0368 | 0.9166 | 0.8842 | 0.8986
0794 | 17:31:57 |  11.1s | 1.0e-04 | 0.0345 | 0.9326 | 0.9018 | 0.9342 | 0.0365 | 0.9175 | 0.8854 | 0.8999
0795 | 17:32:20 |  11.1s | 1.0e-04 | 0.0343 | 0.9333 | 0.9024 | 0.9353 | 0.0362 | 0.9180 | 0.8854 | 0.9016
0796 | 17:32:43 |  11.1s | 1.0e-04 | 0.0345 | 0.9331 | 0.9010 | 0.9340 | 0.0356 | 0.9213 | 0.8832 | 0.9030
0797 | 17:33:05 |  38.8s | 1.0e-04 | 0.0336 | 0.9327 | 0.8997 | 0.9324 | 0.0360 | 0.9214 | 0.8809 | 0.9010
0798 | 17:33:56 |  10.9s | 1.0e-04 | 0.0321 | 0.9349 | 0.9012 | 0.9359 | 0.0362 | 0.9214 | 0.8734 | 0.8956
0799 | 17:34:19 |  11.0s | 1.0e-04 | 0.0321 | 0.9351 | 0.9026 | 0.9374 | 0.0365 | 0.9226 | 0.8780 | 0.8987
0800 | 17:34:41 |  11.0s | 1.0e-04 | 0.0323 | 0.9348 | 0.9015 | 0.9361 | 0.0369 | 0.9204 | 0.8854 | 0.9048
0801 | 17:35:04 |  28.2s | 1.0e-04 | 0.0326 | 0.9358 | 0.9048 | 0.9399 | 0.0361 | 0.9176 | 0.8803 | 0.8936
0802 | 17:35:44 |  11.0s | 1.0e-04 | 0.0335 | 0.9357 | 0.9052 | 0.9401 | 0.0366 | 0.9162 | 0.8903 | 0.9054
0803 | 17:36:07 |  11.0s | 1.0e-04 | 0.0336 | 0.9351 | 0.9036 | 0.9382 | 0.0357 | 0.9208 | 0.8864 | 0.9059
0804 | 17:36:30 |  19.4s | 1.0e-04 | 0.0333 | 0.9344 | 0.9043 | 0.9381 | 0.0363 | 0.9140 | 0.8767 | 0.8876
0805 | 17:37:01 |  29.4s | 1.0e-04 | 0.0334 | 0.9346 | 0.9041 | 0.9382 | 0.0362 | 0.9263 | 0.8738 | 0.9001
0806 | 17:37:42 |  10.9s | 1.0e-04 | 0.0334 | 0.9355 | 0.9044 | 0.9394 | 0.0363 | 0.9211 | 0.8857 | 0.9061
0807 | 17:38:05 |  11.0s | 1.0e-04 | 0.0335 | 0.9348 | 0.9061 | 0.9401 | 0.0360 | 0.9228 | 0.8826 | 0.9034
0808 | 17:38:28 |  19.2s | 1.0e-04 | 0.0333 | 0.9353 | 0.9047 | 0.9394 | 0.0370 | 0.9098 | 0.8902 | 0.8982
0809 | 17:38:59 |  29.6s | 1.0e-04 | 0.0332 | 0.9347 | 0.9058 | 0.9399 | 0.0369 | 0.9207 | 0.8853 | 0.9053
0810 | 17:39:40 |  11.2s | 1.0e-04 | 0.0331 | 0.9362 | 0.9054 | 0.9404 | 0.0362 | 0.9206 | 0.8846 | 0.9039
0811 | 17:40:03 |  11.1s | 1.0e-04 | 0.0334 | 0.9347 | 0.9037 | 0.9379 | 0.0362 | 0.9171 | 0.8849 | 0.8995
0812 | 17:40:26 |  19.8s | 1.0e-04 | 0.0332 | 0.9357 | 0.9049 | 0.9396 | 0.0363 | 0.9254 | 0.8798 | 0.9034
0813 | 17:40:57 |  26.5s | 1.0e-04 | 0.0329 | 0.9379 | 0.9082 | 0.9448 | 0.0366 | 0.9226 | 0.8781 | 0.8978
0814 | 17:41:36 |  11.0s | 1.0e-04 | 0.0329 | 0.9375 | 0.9087 | 0.9446 | 0.0359 | 0.9181 | 0.8850 | 0.8999
0815 | 17:41:59 |  11.0s | 1.0e-04 | 0.0330 | 0.9368 | 0.9092 | 0.9442 | 0.0372 | 0.9220 | 0.8784 | 0.8987
0816 | 17:42:21 |  18.4s | 1.0e-04 | 0.0325 | 0.9364 | 0.9073 | 0.9428 | 0.0371 | 0.9072 | 0.8926 | 0.8980
0817 | 17:42:51 |  29.1s | 1.0e-04 | 0.0315 | 0.9369 | 0.9049 | 0.9407 | 0.0373 | 0.9218 | 0.8753 | 0.8966
0818 | 17:43:32 |  11.0s | 1.0e-04 | 0.0313 | 0.9361 | 0.9032 | 0.9388 | 0.0368 | 0.9216 | 0.8779 | 0.8953
0819 | 17:43:55 |  11.0s | 1.0e-04 | 0.0313 | 0.9364 | 0.9034 | 0.9394 | 0.0363 | 0.9238 | 0.8709 | 0.8907
0820 | 17:44:18 |  19.5s | 1.0e-04 | 0.0315 | 0.9375 | 0.9072 | 0.9436 | 0.0371 | 0.9223 | 0.8747 | 0.8957
0821 | 17:44:49 |  28.0s | 1.0e-04 | 0.0321 | 0.9366 | 0.9061 | 0.9417 | 0.0365 | 0.9127 | 0.8821 | 0.8919
0822 | 17:45:29 |  11.0s | 1.0e-04 | 0.0323 | 0.9359 | 0.9048 | 0.9398 | 0.0367 | 0.9209 | 0.8814 | 0.9008
0823 | 17:45:52 |  11.1s | 1.0e-04 | 0.0323 | 0.9367 | 0.9061 | 0.9419 | 0.0358 | 0.9243 | 0.8836 | 0.9077
0824 | 17:46:15 |  28.4s | 1.0e-04 | 0.0319 | 0.9369 | 0.9041 | 0.9403 | 0.0367 | 0.9186 | 0.8831 | 0.8997
0825 | 17:46:55 |  19.4s | 1.0e-04 | 0.0331 | 0.9342 | 0.9012 | 0.9354 | 0.0356 | 0.9200 | 0.8839 | 0.9020
0826 | 17:47:26 |  11.1s | 1.0e-04 | 0.0335 | 0.9337 | 0.9000 | 0.9338 | 0.0355 | 0.9283 | 0.8816 | 0.9101
0827 | 17:47:48 |  11.1s | 1.0e-04 | 0.0335 | 0.9342 | 0.9011 | 0.9353 | 0.0356 | 0.9168 | 0.8841 | 0.8982
0828 | 17:48:11 |  29.4s | 1.0e-04 | 0.0332 | 0.9343 | 0.9015 | 0.9357 | 0.0365 | 0.9218 | 0.8908 | 0.9127
0829 | 17:48:52 |  19.0s | 1.0e-04 | 0.0328 | 0.9353 | 0.9048 | 0.9394 | 0.0364 | 0.9112 | 0.8878 | 0.8952
0830 | 17:49:22 |  11.0s | 1.0e-04 | 0.0330 | 0.9346 | 0.9045 | 0.9382 | 0.0361 | 0.9255 | 0.8732 | 0.8954
0831 | 17:49:45 |  10.9s | 1.0e-04 | 0.0324 | 0.9360 | 0.9057 | 0.9407 | 0.0367 | 0.9173 | 0.8825 | 0.8975
0832 | 17:50:08 |  19.2s | 1.0e-04 | 0.0331 | 0.9354 | 0.9054 | 0.9400 | 0.0367 | 0.9308 | 0.8723 | 0.9031
0833 | 17:50:38 |  11.2s | 1.0e-04 | 0.0326 | 0.9355 | 0.9049 | 0.9397 | 0.0357 | 0.9223 | 0.8832 | 0.9046
0834 | 17:51:01 |  11.2s | 1.0e-04 | 0.0326 | 0.9363 | 0.9054 | 0.9409 | 0.0355 | 0.9169 | 0.8854 | 0.9015
0835 | 17:51:24 |  20.2s | 1.0e-04 | 0.0323 | 0.9362 | 0.9062 | 0.9413 | 0.0362 | 0.9237 | 0.8767 | 0.8972
0836 | 17:51:56 |  27.5s | 1.0e-04 | 0.0322 | 0.9364 | 0.9060 | 0.9412 | 0.0363 | 0.9190 | 0.8817 | 0.8973
0837 | 17:52:35 |  11.1s | 1.0e-04 | 0.0323 | 0.9363 | 0.9062 | 0.9415 | 0.0368 | 0.9202 | 0.8849 | 0.9028
0838 | 17:52:57 |  11.1s | 1.0e-04 | 0.0325 | 0.9358 | 0.9053 | 0.9403 | 0.0366 | 0.9176 | 0.8865 | 0.9010
0839 | 17:53:20 |  20.2s | 1.0e-04 | 0.0323 | 0.9367 | 0.9068 | 0.9424 | 0.0368 | 0.9206 | 0.8806 | 0.8992
0840 | 17:53:52 |  27.5s | 1.0e-04 | 0.0321 | 0.9364 | 0.9049 | 0.9405 | 0.0367 | 0.9048 | 0.8966 | 0.9004
0841 | 17:54:31 |  11.3s | 1.0e-04 | 0.0314 | 0.9350 | 0.9004 | 0.9355 | 0.0358 | 0.9185 | 0.8845 | 0.9005
0842 | 17:54:54 |  11.2s | 1.0e-04 | 0.0315 | 0.9349 | 0.9000 | 0.9349 | 0.0360 | 0.9188 | 0.8803 | 0.8964
0843 | 17:55:17 |  20.8s | 1.0e-04 | 0.0315 | 0.9350 | 0.8993 | 0.9343 | 0.0364 | 0.9182 | 0.8842 | 0.8989
0844 | 17:55:49 |  28.5s | 1.0e-04 | 0.0315 | 0.9353 | 0.9010 | 0.9364 | 0.0357 | 0.9199 | 0.8777 | 0.8945
0845 | 17:56:29 |  10.9s | 1.0e-04 | 0.0323 | 0.9356 | 0.9015 | 0.9371 | 0.0362 | 0.9161 | 0.8895 | 0.9044
0846 | 17:56:51 |  10.8s | 1.0e-04 | 0.0321 | 0.9356 | 0.9037 | 0.9390 | 0.0365 | 0.9174 | 0.8903 | 0.9058
0847 | 17:57:14 |  20.6s | 1.0e-04 | 0.0317 | 0.9359 | 0.9035 | 0.9389 | 0.0357 | 0.9240 | 0.8789 | 0.9032
0848 | 17:57:46 |  26.2s | 1.0e-04 | 0.0316 | 0.9357 | 0.9025 | 0.9382 | 0.0362 | 0.9289 | 0.8731 | 0.9003
0849 | 17:58:24 |  11.2s | 1.0e-04 | 0.0319 | 0.9353 | 0.9019 | 0.9370 | 0.0360 | 0.9297 | 0.8719 | 0.9007
0850 | 17:58:46 |  11.2s | 1.0e-04 | 0.0315 | 0.9358 | 0.9035 | 0.9388 | 0.0360 | 0.9184 | 0.8888 | 0.9065
0851 | 17:59:09 |  19.9s | 1.0e-04 | 0.0323 | 0.9358 | 0.9034 | 0.9388 | 0.0362 | 0.9159 | 0.8849 | 0.8981
0852 | 17:59:41 |  28.5s | 1.0e-04 | 0.0326 | 0.9374 | 0.9070 | 0.9427 | 0.0365 | 0.9189 | 0.8916 | 0.9088
0853 | 18:00:21 |  11.0s | 1.0e-04 | 0.0320 | 0.9384 | 0.9113 | 0.9472 | 0.0363 | 0.9130 | 0.8859 | 0.8961
0854 | 18:00:43 |  11.0s | 1.0e-04 | 0.0325 | 0.9380 | 0.9097 | 0.9456 | 0.0362 | 0.9212 | 0.8827 | 0.9031
0855 | 18:01:06 |  20.4s | 1.0e-04 | 0.0318 | 0.9375 | 0.9076 | 0.9439 | 0.0371 | 0.9277 | 0.8758 | 0.9032
0856 | 18:01:38 |  27.4s | 1.0e-04 | 0.0321 | 0.9349 | 0.9030 | 0.9374 | 0.0359 | 0.9245 | 0.8816 | 0.9044
0857 | 18:02:17 |  10.9s | 1.0e-04 | 0.0321 | 0.9345 | 0.9007 | 0.9350 | 0.0360 | 0.9158 | 0.8871 | 0.9020
0858 | 18:02:39 |  11.0s | 1.0e-04 | 0.0320 | 0.9351 | 0.9012 | 0.9362 | 0.0357 | 0.9256 | 0.8741 | 0.8968
0859 | 18:03:01 |  20.2s | 1.0e-04 | 0.0322 | 0.9350 | 0.9017 | 0.9364 | 0.0359 | 0.9231 | 0.8838 | 0.9045
0860 | 18:03:33 |  27.9s | 1.0e-04 | 0.0322 | 0.9362 | 0.9042 | 0.9396 | 0.0358 | 0.9213 | 0.8813 | 0.8998
0861 | 18:04:13 |  11.1s | 1.0e-04 | 0.0315 | 0.9368 | 0.9062 | 0.9421 | 0.0365 | 0.9215 | 0.8827 | 0.9026
0862 | 18:04:35 |  11.2s | 1.0e-04 | 0.0320 | 0.9365 | 0.9046 | 0.9400 | 0.0360 | 0.9113 | 0.8882 | 0.8978
0863 | 18:04:58 |  20.2s | 1.0e-04 | 0.0324 | 0.9366 | 0.9071 | 0.9421 | 0.0358 | 0.9212 | 0.8822 | 0.9034
0864 | 18:05:30 |  28.2s | 1.0e-04 | 0.0329 | 0.9361 | 0.9063 | 0.9414 | 0.0361 | 0.9170 | 0.8886 | 0.9047
0865 | 18:06:09 |  10.9s | 1.0e-04 | 0.0331 | 0.9359 | 0.9068 | 0.9419 | 0.0368 | 0.9158 | 0.8870 | 0.9006
0866 | 18:06:32 |  10.8s | 1.0e-04 | 0.0331 | 0.9358 | 0.9070 | 0.9416 | 0.0361 | 0.9165 | 0.8840 | 0.8995
0867 | 18:06:54 |  27.4s | 1.0e-04 | 0.0329 | 0.9358 | 0.9071 | 0.9420 | 0.0367 | 0.9275 | 0.8694 | 0.8979
0868 | 18:07:33 |  18.3s | 1.0e-04 | 0.0321 | 0.9360 | 0.9054 | 0.9408 | 0.0356 | 0.9226 | 0.8840 | 0.9051
0869 | 18:08:03 |  11.0s | 1.0e-04 | 0.0317 | 0.9373 | 0.9061 | 0.9423 | 0.0361 | 0.9259 | 0.8781 | 0.8993
0870 | 18:08:25 |  11.0s | 1.0e-04 | 0.0317 | 0.9369 | 0.9065 | 0.9425 | 0.0356 | 0.9225 | 0.8815 | 0.9016
0871 | 18:08:47 |  28.8s | 1.0e-04 | 0.0314 | 0.9363 | 0.9035 | 0.9393 | 0.0369 | 0.9210 | 0.8795 | 0.8976
0872 | 18:09:28 |  20.0s | 1.0e-04 | 0.0318 | 0.9367 | 0.9060 | 0.9415 | 0.0359 | 0.9173 | 0.8829 | 0.8970
0873 | 18:09:59 |  11.0s | 1.0e-04 | 0.0318 | 0.9369 | 0.9063 | 0.9421 | 0.0371 | 0.9161 | 0.8773 | 0.8898
0874 | 18:10:22 |  19.5s | 1.0e-04 | 0.0318 | 0.9368 | 0.9057 | 0.9416 | 0.0365 | 0.9156 | 0.8871 | 0.9010
0875 | 18:10:53 |  19.3s | 1.0e-04 | 0.0328 | 0.9355 | 0.9050 | 0.9400 | 0.0371 | 0.9126 | 0.8939 | 0.9057
0876 | 18:11:23 |  11.1s | 1.0e-04 | 0.0333 | 0.9354 | 0.9054 | 0.9398 | 0.0356 | 0.9215 | 0.8872 | 0.9074
0877 | 18:11:46 |  11.1s | 1.0e-04 | 0.0332 | 0.9349 | 0.9053 | 0.9393 | 0.0356 | 0.9139 | 0.8925 | 0.9053
0878 | 18:12:09 |  21.6s | 1.0e-04 | 0.0331 | 0.9348 | 0.9050 | 0.9391 | 0.0361 | 0.9174 | 0.8836 | 0.8996
0879 | 18:12:42 |  27.6s | 1.0e-04 | 0.0322 | 0.9354 | 0.9023 | 0.9377 | 0.0355 | 0.9197 | 0.8829 | 0.9010
0880 | 18:13:21 |  11.2s | 1.0e-04 | 0.0321 | 0.9349 | 0.9022 | 0.9371 | 0.0358 | 0.9218 | 0.8834 | 0.9043
0881 | 18:13:44 |  11.2s | 1.0e-04 | 0.0320 | 0.9357 | 0.9035 | 0.9385 | 0.0355 | 0.9300 | 0.8757 | 0.9057
0882 | 18:14:06 |  21.3s | 1.0e-04 | 0.0324 | 0.9352 | 0.9031 | 0.9381 | 0.0366 | 0.9237 | 0.8859 | 0.9089
0883 | 18:14:39 |  27.3s | 1.0e-04 | 0.0323 | 0.9367 | 0.9067 | 0.9425 | 0.0360 | 0.9229 | 0.8859 | 0.9085
0884 | 18:15:18 |  11.1s | 1.0e-04 | 0.0328 | 0.9363 | 0.9056 | 0.9411 | 0.0356 | 0.9186 | 0.8833 | 0.8990
0885 | 18:15:41 |  11.0s | 1.0e-04 | 0.0325 | 0.9358 | 0.9068 | 0.9413 | 0.0363 | 0.9224 | 0.8793 | 0.8987
0886 | 18:16:03 |  19.5s | 1.0e-04 | 0.0330 | 0.9357 | 0.9048 | 0.9396 | 0.0356 | 0.9183 | 0.8849 | 0.9015
0887 | 18:16:34 |  29.1s | 1.0e-04 | 0.0330 | 0.9348 | 0.9048 | 0.9389 | 0.0356 | 0.9212 | 0.8812 | 0.9009
0888 | 18:17:15 |  11.1s | 1.0e-04 | 0.0327 | 0.9343 | 0.9030 | 0.9369 | 0.0362 | 0.9243 | 0.8799 | 0.9023
0889 | 18:17:37 |  11.1s | 1.0e-04 | 0.0329 | 0.9346 | 0.9024 | 0.9365 | 0.0356 | 0.9246 | 0.8832 | 0.9081
0890 | 18:18:00 |  20.9s | 1.0e-04 | 0.0332 | 0.9355 | 0.9023 | 0.9374 | 0.0361 | 0.9169 | 0.8858 | 0.9012
0891 | 18:18:32 |  26.8s | 1.0e-04 | 0.0316 | 0.9370 | 0.9071 | 0.9431 | 0.0365 | 0.9216 | 0.8766 | 0.8967
0892 | 18:19:10 |  11.1s | 1.0e-04 | 0.0318 | 0.9380 | 0.9084 | 0.9446 | 0.0358 | 0.9266 | 0.8817 | 0.9079
0893 | 18:19:33 |  11.1s | 1.0e-04 | 0.0320 | 0.9373 | 0.9082 | 0.9445 | 0.0367 | 0.9134 | 0.8838 | 0.8943
0894 | 18:19:56 |  19.7s | 1.0e-04 | 0.0320 | 0.9369 | 0.9083 | 0.9438 | 0.0355 | 0.9201 | 0.8810 | 0.8988
0895 | 18:20:27 |  28.1s | 1.0e-04 | 0.0324 | 0.9363 | 0.9067 | 0.9421 | 0.0359 | 0.9227 | 0.8846 | 0.9057
0896 | 18:21:06 |  11.1s | 1.0e-04 | 0.0328 | 0.9355 | 0.9042 | 0.9392 | 0.0352 | 0.9171 | 0.8786 | 0.8929
0897 | 18:21:29 |  11.0s | 1.0e-04 | 0.0328 | 0.9352 | 0.9042 | 0.9390 | 0.0356 | 0.9166 | 0.8886 | 0.9026
0898 | 18:21:51 |  20.7s | 1.0e-04 | 0.0331 | 0.9344 | 0.9052 | 0.9390 | 0.0355 | 0.9184 | 0.8886 | 0.9057
0899 | 18:22:24 |  27.4s | 1.0e-04 | 0.0328 | 0.9364 | 0.9066 | 0.9418 | 0.0364 | 0.9189 | 0.8820 | 0.8978
0900 | 18:23:03 |  11.0s | 1.0e-04 | 0.0324 | 0.9367 | 0.9077 | 0.9428 | 0.0364 | 0.9222 | 0.8845 | 0.9046
0901 | 18:23:25 |  11.0s | 1.0e-04 | 0.0325 | 0.9359 | 0.9056 | 0.9406 | 0.0363 | 0.9246 | 0.8817 | 0.9066
0902 | 18:23:47 |  19.3s | 1.0e-04 | 0.0328 | 0.9355 | 0.9050 | 0.9397 | 0.0354 | 0.9196 | 0.8800 | 0.8961
0903 | 18:24:18 |  28.4s | 1.0e-04 | 0.0327 | 0.9358 | 0.9064 | 0.9415 | 0.0359 | 0.9186 | 0.8846 | 0.9023
0904 | 18:24:58 |  11.1s | 1.0e-04 | 0.0328 | 0.9358 | 0.9073 | 0.9421 | 0.0359 | 0.9199 | 0.8865 | 0.9047
0905 | 18:25:21 |  11.1s | 1.0e-04 | 0.0328 | 0.9368 | 0.9079 | 0.9435 | 0.0361 | 0.9273 | 0.8794 | 0.9074
0906 | 18:25:43 |  20.0s | 1.0e-04 | 0.0322 | 0.9360 | 0.9059 | 0.9411 | 0.0365 | 0.9241 | 0.8824 | 0.9059
0907 | 18:26:15 |  19.6s | 1.0e-04 | 0.0317 | 0.9378 | 0.9085 | 0.9449 | 0.0365 | 0.9265 | 0.8766 | 0.9016
0908 | 18:26:46 |  11.0s | 1.0e-04 | 0.0314 | 0.9370 | 0.9091 | 0.9444 | 0.0361 | 0.9275 | 0.8731 | 0.8998
0909 | 18:27:09 |  11.0s | 1.0e-04 | 0.0314 | 0.9387 | 0.9091 | 0.9460 | 0.0362 | 0.9145 | 0.8950 | 0.9090
0910 | 18:27:31 |  28.9s | 1.0e-04 | 0.0315 | 0.9385 | 0.9104 | 0.9470 | 0.0360 | 0.9182 | 0.8786 | 0.8919
0911 | 18:28:11 |  19.4s | 1.0e-04 | 0.0310 | 0.9383 | 0.9090 | 0.9458 | 0.0365 | 0.9248 | 0.8800 | 0.9047
0912 | 18:28:42 |  11.0s | 1.0e-04 | 0.0309 | 0.9387 | 0.9098 | 0.9469 | 0.0360 | 0.9251 | 0.8770 | 0.9013
0913 | 18:29:05 |  10.9s | 1.0e-04 | 0.0310 | 0.9393 | 0.9100 | 0.9476 | 0.0369 | 0.9266 | 0.8756 | 0.9024
0914 | 18:29:27 |  28.5s | 1.0e-04 | 0.0303 | 0.9396 | 0.9103 | 0.9479 | 0.0368 | 0.9214 | 0.8786 | 0.8985
0915 | 18:30:07 |  19.0s | 1.0e-04 | 0.0314 | 0.9378 | 0.9077 | 0.9438 | 0.0363 | 0.9316 | 0.8774 | 0.9082
0916 | 18:30:38 |  11.0s | 1.0e-04 | 0.0313 | 0.9385 | 0.9084 | 0.9453 | 0.0368 | 0.9239 | 0.8766 | 0.8988
0917 | 18:31:00 |  20.4s | 1.0e-04 | 0.0314 | 0.9381 | 0.9084 | 0.9452 | 0.0353 | 0.9201 | 0.8821 | 0.8995
0918 | 18:31:32 |  28.4s | 1.0e-04 | 0.0317 | 0.9385 | 0.9091 | 0.9463 | 0.0361 | 0.9187 | 0.8862 | 0.9037
0919 | 18:32:12 |  10.9s | 1.0e-04 | 0.0326 | 0.9376 | 0.9094 | 0.9450 | 0.0366 | 0.9259 | 0.8798 | 0.9051
0920 | 18:32:34 |  10.9s | 1.0e-04 | 0.0324 | 0.9373 | 0.9091 | 0.9448 | 0.0370 | 0.9107 | 0.8958 | 0.9062
0921 | 18:32:57 |  19.3s | 1.0e-04 | 0.0322 | 0.9375 | 0.9096 | 0.9455 | 0.0365 | 0.9117 | 0.8906 | 0.8998
0922 | 18:33:27 |  26.6s | 1.0e-04 | 0.0320 | 0.9368 | 0.9082 | 0.9437 | 0.0359 | 0.9200 | 0.8885 | 0.9075
0923 | 18:34:06 |  10.9s | 1.0e-04 | 0.0320 | 0.9372 | 0.9069 | 0.9429 | 0.0361 | 0.9199 | 0.8798 | 0.8975
0924 | 18:34:28 |  10.9s | 1.0e-04 | 0.0317 | 0.9375 | 0.9082 | 0.9442 | 0.0356 | 0.9222 | 0.8841 | 0.9056
0925 | 18:34:50 |  20.5s | 1.0e-04 | 0.0321 | 0.9374 | 0.9078 | 0.9436 | 0.0359 | 0.9166 | 0.8931 | 0.9089
0926 | 18:35:22 |  28.3s | 1.0e-04 | 0.0320 | 0.9377 | 0.9087 | 0.9444 | 0.0360 | 0.9112 | 0.8982 | 0.9095
0927 | 18:36:02 |  10.8s | 1.0e-04 | 0.0315 | 0.9385 | 0.9099 | 0.9466 | 0.0359 | 0.9252 | 0.8800 | 0.9035
0928 | 18:36:24 |  10.8s | 1.0e-04 | 0.0311 | 0.9393 | 0.9099 | 0.9469 | 0.0364 | 0.9148 | 0.8878 | 0.9014
0929 | 18:36:46 |  21.0s | 1.0e-04 | 0.0319 | 0.9374 | 0.9085 | 0.9445 | 0.0361 | 0.9243 | 0.8832 | 0.9075
0930 | 18:37:19 |  28.9s | 1.0e-04 | 0.0318 | 0.9379 | 0.9074 | 0.9438 | 0.0359 | 0.9149 | 0.8875 | 0.9006
0931 | 18:37:59 |  11.1s | 1.0e-04 | 0.0315 | 0.9368 | 0.9055 | 0.9417 | 0.0351 | 0.9253 | 0.8793 | 0.9036
0932 | 18:38:22 |  11.1s | 1.0e-04 | 0.0316 | 0.9364 | 0.9055 | 0.9411 | 0.0359 | 0.9279 | 0.8771 | 0.9046
0933 | 18:38:44 |  20.5s | 1.0e-04 | 0.0325 | 0.9353 | 0.9054 | 0.9401 | 0.0359 | 0.9241 | 0.8813 | 0.9047
0934 | 18:39:16 |  26.3s | 1.0e-04 | 0.0319 | 0.9356 | 0.9062 | 0.9410 | 0.0357 | 0.9257 | 0.8807 | 0.9050
0935 | 18:39:54 |  11.0s | 1.0e-04 | 0.0320 | 0.9366 | 0.9049 | 0.9408 | 0.0353 | 0.9255 | 0.8856 | 0.9111
0936 | 18:40:16 |  11.0s | 1.0e-04 | 0.0319 | 0.9366 | 0.9051 | 0.9410 | 0.0354 | 0.9162 | 0.8894 | 0.9042
0937 | 18:40:39 |  19.4s | 1.0e-04 | 0.0319 | 0.9365 | 0.9057 | 0.9418 | 0.0357 | 0.9216 | 0.8901 | 0.9105
0938 | 18:41:10 |  27.7s | 1.0e-04 | 0.0317 | 0.9381 | 0.9102 | 0.9463 | 0.0357 | 0.9205 | 0.8826 | 0.9013
0939 | 18:41:49 |  11.0s | 1.0e-04 | 0.0317 | 0.9380 | 0.9096 | 0.9461 | 0.0362 | 0.9118 | 0.8928 | 0.9032
0940 | 18:42:11 |  11.1s | 1.0e-04 | 0.0315 | 0.9390 | 0.9103 | 0.9472 | 0.0366 | 0.9188 | 0.8797 | 0.8946
0941 | 18:42:34 |  19.9s | 1.0e-04 | 0.0316 | 0.9381 | 0.9093 | 0.9458 | 0.0364 | 0.9200 | 0.8823 | 0.9005
0942 | 18:43:05 |  26.9s | 1.0e-04 | 0.0313 | 0.9386 | 0.9096 | 0.9460 | 0.0357 | 0.9174 | 0.8872 | 0.9019
0943 | 18:43:44 |  11.0s | 1.0e-04 | 0.0315 | 0.9376 | 0.9084 | 0.9448 | 0.0360 | 0.9194 | 0.8808 | 0.8974
0944 | 18:44:06 |  11.0s | 1.0e-04 | 0.0316 | 0.9370 | 0.9069 | 0.9428 | 0.0362 | 0.9247 | 0.8871 | 0.9104
0945 | 18:44:29 |  19.7s | 1.0e-04 | 0.0317 | 0.9364 | 0.9051 | 0.9410 | 0.0362 | 0.9213 | 0.8842 | 0.9053
0946 | 18:45:00 |  28.2s | 1.0e-04 | 0.0318 | 0.9369 | 0.9065 | 0.9423 | 0.0362 | 0.9176 | 0.8831 | 0.8989
0947 | 18:45:39 |  11.1s | 1.0e-04 | 0.0318 | 0.9360 | 0.9064 | 0.9414 | 0.0348 | 0.9208 | 0.8850 | 0.9050
0948 | 18:46:02 |  11.1s | 1.0e-04 | 0.0319 | 0.9364 | 0.9059 | 0.9413 | 0.0355 | 0.9203 | 0.8860 | 0.9056
0949 | 18:46:25 |  28.5s | 1.0e-04 | 0.0313 | 0.9379 | 0.9093 | 0.9456 | 0.0366 | 0.9139 | 0.8813 | 0.8904
0950 | 18:47:05 |  20.0s | 1.0e-04 | 0.0312 | 0.9366 | 0.9055 | 0.9414 | 0.0359 | 0.9175 | 0.8906 | 0.9068
0951 | 18:47:36 |  11.0s | 1.0e-04 | 0.0315 | 0.9361 | 0.9049 | 0.9403 | 0.0358 | 0.9229 | 0.8783 | 0.8988
0952 | 18:47:58 |  11.0s | 1.0e-04 | 0.0314 | 0.9358 | 0.9042 | 0.9394 | 0.0359 | 0.9151 | 0.8955 | 0.9096
0953 | 18:48:21 |  27.2s | 1.0e-04 | 0.0318 | 0.9373 | 0.9083 | 0.9445 | 0.0360 | 0.9206 | 0.8819 | 0.9016
0954 | 18:49:00 |  19.0s | 1.0e-04 | 0.0321 | 0.9383 | 0.9104 | 0.9461 | 0.0361 | 0.9183 | 0.8807 | 0.8984
0955 | 18:49:30 |  10.9s | 1.0e-04 | 0.0321 | 0.9371 | 0.9109 | 0.9458 | 0.0363 | 0.9166 | 0.8889 | 0.9036
0956 | 18:49:53 |  10.9s | 1.0e-04 | 0.0322 | 0.9383 | 0.9101 | 0.9462 | 0.0365 | 0.9148 | 0.8822 | 0.8937
0957 | 18:50:15 |  20.0s | 1.0e-04 | 0.0317 | 0.9366 | 0.9073 | 0.9426 | 0.0352 | 0.9243 | 0.8851 | 0.9082
0958 | 18:50:47 |  11.2s | 1.0e-04 | 0.0319 | 0.9349 | 0.9023 | 0.9373 | 0.0348 | 0.9240 | 0.8899 | 0.9145
0959 | 18:51:10 |  11.2s | 1.0e-04 | 0.0315 | 0.9360 | 0.9033 | 0.9391 | 0.0342 | 0.9290 | 0.8806 | 0.9091
0960 | 18:51:32 |  21.1s | 1.0e-04 | 0.0316 | 0.9357 | 0.9017 | 0.9372 | 0.0359 | 0.9249 | 0.8875 | 0.9129
0961 | 18:52:05 |  26.5s | 1.0e-04 | 0.0310 | 0.9370 | 0.9056 | 0.9418 | 0.0355 | 0.9193 | 0.8787 | 0.8940
0962 | 18:52:43 |  11.0s | 1.0e-04 | 0.0313 | 0.9378 | 0.9070 | 0.9437 | 0.0354 | 0.9259 | 0.8775 | 0.9050
0963 | 18:53:06 |  10.9s | 1.0e-04 | 0.0312 | 0.9372 | 0.9078 | 0.9439 | 0.0357 | 0.9132 | 0.8874 | 0.8973
0964 | 18:53:28 |  21.2s | 1.0e-04 | 0.0313 | 0.9371 | 0.9075 | 0.9434 | 0.0361 | 0.9155 | 0.8914 | 0.9052
0965 | 18:54:01 |  28.2s | 1.0e-04 | 0.0323 | 0.9367 | 0.9071 | 0.9426 | 0.0346 | 0.9192 | 0.8907 | 0.9083
0966 | 18:54:40 |  11.0s | 1.0e-04 | 0.0322 | 0.9362 | 0.9066 | 0.9416 | 0.0357 | 0.9128 | 0.8900 | 0.9002
0967 | 18:55:03 |  11.0s | 1.0e-04 | 0.0320 | 0.9364 | 0.9070 | 0.9422 | 0.0357 | 0.9215 | 0.8889 | 0.9098
0968 | 18:55:25 |  20.9s | 1.0e-04 | 0.0320 | 0.9367 | 0.9061 | 0.9419 | 0.0353 | 0.9241 | 0.8900 | 0.9139
0969 | 18:55:58 |  26.8s | 1.0e-04 | 0.0323 | 0.9357 | 0.9051 | 0.9401 | 0.0352 | 0.9299 | 0.8788 | 0.9086
0970 | 18:56:36 |  11.1s | 1.0e-04 | 0.0322 | 0.9362 | 0.9074 | 0.9422 | 0.0354 | 0.9220 | 0.8824 | 0.9025
0971 | 18:56:59 |  11.2s | 1.0e-04 | 0.0322 | 0.9366 | 0.9067 | 0.9424 | 0.0359 | 0.9135 | 0.8858 | 0.8966
0972 | 18:57:21 |  20.6s | 1.0e-04 | 0.0319 | 0.9365 | 0.9073 | 0.9427 | 0.0349 | 0.9216 | 0.8901 | 0.9117
0973 | 18:57:54 |  29.2s | 1.0e-04 | 0.0315 | 0.9363 | 0.9036 | 0.9395 | 0.0358 | 0.9233 | 0.8848 | 0.9061
0974 | 18:58:34 |  11.3s | 1.0e-04 | 0.0305 | 0.9373 | 0.9033 | 0.9400 | 0.0356 | 0.9171 | 0.8854 | 0.9017
0975 | 18:58:57 |  11.4s | 1.0e-04 | 0.0307 | 0.9361 | 0.9024 | 0.9384 | 0.0353 | 0.9216 | 0.8842 | 0.9022
0976 | 18:59:20 |  22.0s | 1.0e-04 | 0.0304 | 0.9372 | 0.9056 | 0.9422 | 0.0361 | 0.9178 | 0.8871 | 0.9027
0977 | 18:59:54 |  26.6s | 1.0e-04 | 0.0303 | 0.9390 | 0.9097 | 0.9471 | 0.0364 | 0.9210 | 0.8809 | 0.9005
0978 | 19:00:32 |  11.0s | 1.0e-04 | 0.0298 | 0.9403 | 0.9117 | 0.9499 | 0.0366 | 0.9231 | 0.8766 | 0.8993
0979 | 19:00:54 |  11.0s | 1.0e-04 | 0.0304 | 0.9385 | 0.9103 | 0.9468 | 0.0358 | 0.9269 | 0.8765 | 0.9020
0980 | 19:01:17 |  20.4s | 1.0e-04 | 0.0313 | 0.9377 | 0.9084 | 0.9450 | 0.0361 | 0.9216 | 0.8907 | 0.9113
0981 | 19:01:49 |  28.7s | 1.0e-04 | 0.0324 | 0.9364 | 0.9084 | 0.9435 | 0.0352 | 0.9248 | 0.8804 | 0.9040
0982 | 19:02:29 |  11.0s | 1.0e-04 | 0.0324 | 0.9363 | 0.9080 | 0.9430 | 0.0356 | 0.9202 | 0.8892 | 0.9085
0983 | 19:02:51 |  11.0s | 1.0e-04 | 0.0320 | 0.9371 | 0.9088 | 0.9445 | 0.0354 | 0.9208 | 0.8838 | 0.9043
0984 | 19:03:13 |  19.5s | 1.0e-04 | 0.0321 | 0.9383 | 0.9102 | 0.9467 | 0.0356 | 0.9220 | 0.8810 | 0.9011
0985 | 19:03:44 |  27.8s | 1.0e-04 | 0.0321 | 0.9379 | 0.9106 | 0.9467 | 0.0363 | 0.9183 | 0.8871 | 0.9029
0986 | 19:04:24 |  11.1s | 1.0e-04 | 0.0325 | 0.9376 | 0.9107 | 0.9464 | 0.0356 | 0.9217 | 0.8834 | 0.9048
0987 | 19:04:47 |  11.1s | 1.0e-04 | 0.0325 | 0.9382 | 0.9103 | 0.9468 | 0.0366 | 0.9227 | 0.8901 | 0.9113
0988 | 19:05:09 |  20.2s | 1.0e-04 | 0.0318 | 0.9382 | 0.9099 | 0.9461 | 0.0361 | 0.9150 | 0.8828 | 0.8942
0989 | 19:05:41 |  27.9s | 1.0e-04 | 0.0308 | 0.9374 | 0.9066 | 0.9432 | 0.0349 | 0.9227 | 0.8787 | 0.8998
0990 | 19:06:20 |  11.1s | 1.0e-04 | 0.0303 | 0.9375 | 0.9057 | 0.9427 | 0.0355 | 0.9187 | 0.8911 | 0.9083
0991 | 19:06:43 |  11.1s | 1.0e-04 | 0.0305 | 0.9370 | 0.9053 | 0.9415 | 0.0356 | 0.9184 | 0.8891 | 0.9070
0992 | 19:07:05 |  29.2s | 1.0e-04 | 0.0306 | 0.9375 | 0.9057 | 0.9426 | 0.0351 | 0.9174 | 0.8869 | 0.9024
0993 | 19:07:46 |  18.7s | 1.0e-04 | 0.0316 | 0.9367 | 0.9062 | 0.9423 | 0.0365 | 0.9205 | 0.8801 | 0.8988
0994 | 19:08:16 |  11.1s | 1.0e-04 | 0.0315 | 0.9369 | 0.9078 | 0.9435 | 0.0356 | 0.9207 | 0.8860 | 0.9050
0995 | 19:08:39 |  11.2s | 1.0e-04 | 0.0310 | 0.9379 | 0.9085 | 0.9445 | 0.0357 | 0.9181 | 0.8901 | 0.9078
0996 | 19:09:01 |  28.5s | 1.0e-04 | 0.0313 | 0.9377 | 0.9090 | 0.9452 | 0.0353 | 0.9180 | 0.8876 | 0.9040
0997 | 19:09:41 |  19.9s | 1.0e-04 | 0.0319 | 0.9377 | 0.9086 | 0.9446 | 0.0367 | 0.9185 | 0.8869 | 0.9041
0998 | 19:10:13 |  11.1s | 1.0e-04 | 0.0318 | 0.9374 | 0.9086 | 0.9447 | 0.0355 | 0.9203 | 0.8865 | 0.9062
0999 | 19:10:35 |  20.3s | 1.0e-04 | 0.0318 | 0.9371 | 0.9079 | 0.9436 | 0.0352 | 0.9150 | 0.8924 | 0.9067
1000 | 19:11:07 |  18.8s | 1.0e-04 | 0.0330 | 0.9363 | 0.9068 | 0.9419 | 0.0347 | 0.9255 | 0.8843 | 0.9097
