Epoch | Time_Start | Duration | LR | T_Loss | T_Prec | T_Rec | T_P@R0.95 | V_Loss | V_Prec | V_Rec | V_P@R0.95
0001 | 06:47:14 |  19.4s | 1.0e-04 | 0.1227 | 0.7980 | 0.5861 | 0.2459 | 0.0814 | 0.8406 | 0.6750 | 0.3456
0002 | 06:47:42 |  12.8s | 1.0e-04 | 0.0823 | 0.8493 | 0.7198 | 0.4104 | 0.0753 | 0.8700 | 0.6693 | 0.3587
0003 | 06:48:05 |  12.7s | 1.0e-04 | 0.0763 | 0.8591 | 0.7477 | 0.4410 | 0.0745 | 0.7978 | 0.7942 | 0.4206
0004 | 06:48:27 |  12.8s | 1.0e-04 | 0.0726 | 0.8640 | 0.7790 | 0.5033 | 0.0635 | 0.8268 | 0.7894 | 0.4461
0005 | 06:48:49 |  13.0s | 1.0e-04 | 0.0655 | 0.8782 | 0.8027 | 0.5473 | 0.0632 | 0.8421 | 0.8075 | 0.5001
0006 | 06:49:12 |  13.1s | 1.0e-04 | 0.0604 | 0.8850 | 0.8189 | 0.5833 | 0.0582 | 0.9074 | 0.7779 | 0.5017
0007 | 06:49:34 |  13.1s | 1.0e-04 | 0.0578 | 0.8910 | 0.8304 | 0.6136 | 0.0545 | 0.8928 | 0.8074 | 0.5510
0008 | 06:49:57 |  13.0s | 1.0e-04 | 0.0578 | 0.8931 | 0.8352 | 0.6278 | 0.0558 | 0.8435 | 0.8452 | 0.5185
0009 | 06:50:19 |  12.8s | 1.0e-04 | 0.0547 | 0.8962 | 0.8345 | 0.6301 | 0.0530 | 0.9151 | 0.7942 | 0.6005
0010 | 06:50:41 |  12.9s | 1.0e-04 | 0.0538 | 0.8982 | 0.8416 | 0.6552 | 0.0517 | 0.8860 | 0.8365 | 0.6118
0011 | 06:51:04 |  13.0s | 1.0e-04 | 0.0524 | 0.8978 | 0.8438 | 0.6664 | 0.0496 | 0.8820 | 0.8375 | 0.6080
0012 | 06:51:26 |  12.8s | 1.0e-04 | 0.0512 | 0.8999 | 0.8509 | 0.6893 | 0.0496 | 0.9172 | 0.8056 | 0.6622
0013 | 06:51:48 |  12.9s | 1.0e-04 | 0.0494 | 0.9015 | 0.8553 | 0.7155 | 0.0449 | 0.8870 | 0.8545 | 0.7048
0014 | 06:52:11 |  13.6s | 1.0e-04 | 0.0499 | 0.8993 | 0.8560 | 0.7197 | 0.0502 | 0.9194 | 0.8026 | 0.6608
0015 | 06:52:34 |  13.2s | 1.0e-04 | 0.0474 | 0.9033 | 0.8632 | 0.7508 | 0.0445 | 0.9028 | 0.8331 | 0.7079
0016 | 06:52:57 |  12.8s | 1.0e-04 | 0.0458 | 0.9059 | 0.8661 | 0.7581 | 0.0418 | 0.8901 | 0.8731 | 0.7316
0017 | 06:53:19 |  20.6s | 1.0e-04 | 0.0451 | 0.9050 | 0.8682 | 0.7618 | 0.0451 | 0.9173 | 0.8133 | 0.7045
0018 | 06:53:49 |  13.2s | 1.0e-04 | 0.0432 | 0.9064 | 0.8671 | 0.7644 | 0.0415 | 0.8774 | 0.8770 | 0.7404
0019 | 06:54:12 |  13.5s | 1.0e-04 | 0.0428 | 0.9081 | 0.8706 | 0.7697 | 0.0400 | 0.8827 | 0.8823 | 0.7436
0020 | 06:54:35 |  12.9s | 1.0e-04 | 0.0408 | 0.9110 | 0.8773 | 0.7901 | 0.0402 | 0.8952 | 0.8707 | 0.7539
0021 | 06:54:57 |  21.9s | 1.0e-04 | 0.0415 | 0.9117 | 0.8792 | 0.7946 | 0.0398 | 0.9236 | 0.8600 | 0.7814
0022 | 06:55:29 |  13.0s | 1.0e-04 | 0.0400 | 0.9110 | 0.8748 | 0.7838 | 0.0392 | 0.8966 | 0.8871 | 0.7716
0023 | 06:55:51 |  12.9s | 1.0e-04 | 0.0385 | 0.9125 | 0.8837 | 0.7975 | 0.0384 | 0.8942 | 0.8782 | 0.7649
0024 | 06:56:13 |  12.8s | 1.0e-04 | 0.0385 | 0.9119 | 0.8768 | 0.7884 | 0.0390 | 0.8784 | 0.8965 | 0.7843
0025 | 06:56:36 |  12.8s | 1.0e-04 | 0.0381 | 0.9139 | 0.8804 | 0.7991 | 0.0394 | 0.8786 | 0.8984 | 0.7737
0026 | 06:56:58 |  12.9s | 1.0e-04 | 0.0367 | 0.9135 | 0.8857 | 0.8154 | 0.0368 | 0.9208 | 0.8677 | 0.8018
0027 | 06:57:20 |  12.9s | 1.0e-04 | 0.0364 | 0.9135 | 0.8878 | 0.8168 | 0.0365 | 0.8827 | 0.9015 | 0.7954
0028 | 06:57:43 |  12.8s | 1.0e-04 | 0.0356 | 0.9149 | 0.8880 | 0.8202 | 0.0421 | 0.8443 | 0.9294 | 0.7963
0029 | 06:58:05 |  12.9s | 1.0e-04 | 0.0358 | 0.9135 | 0.8887 | 0.8175 | 0.0362 | 0.8987 | 0.8898 | 0.8031
0030 | 06:58:28 |  12.9s | 1.0e-04 | 0.0352 | 0.9158 | 0.8919 | 0.8336 | 0.0373 | 0.9111 | 0.8742 | 0.8121
0031 | 06:58:50 |  13.1s | 1.0e-04 | 0.0346 | 0.9164 | 0.8928 | 0.8329 | 0.0355 | 0.8980 | 0.8978 | 0.8117
0032 | 06:59:13 |  12.8s | 1.0e-04 | 0.0334 | 0.9213 | 0.8948 | 0.8401 | 0.0362 | 0.8948 | 0.8886 | 0.7953
0033 | 06:59:35 |  12.9s | 1.0e-04 | 0.0331 | 0.9188 | 0.8972 | 0.8420 | 0.0363 | 0.9039 | 0.8892 | 0.8153
0034 | 06:59:57 |  12.9s | 1.0e-04 | 0.0327 | 0.9216 | 0.9000 | 0.8478 | 0.0332 | 0.9232 | 0.8832 | 0.8324
0035 | 07:00:19 |  13.0s | 1.0e-04 | 0.0334 | 0.9198 | 0.8983 | 0.8463 | 0.0340 | 0.9067 | 0.8956 | 0.8339
0036 | 07:00:42 |  12.9s | 1.0e-04 | 0.0320 | 0.9215 | 0.8979 | 0.8473 | 0.0334 | 0.8999 | 0.9133 | 0.8463
0037 | 07:01:04 |  12.9s | 1.0e-04 | 0.0308 | 0.9248 | 0.9070 | 0.8682 | 0.0332 | 0.9142 | 0.8970 | 0.8379
0038 | 07:01:27 |  20.4s | 1.0e-04 | 0.0311 | 0.9257 | 0.9095 | 0.8686 | 0.0338 | 0.9241 | 0.8879 | 0.8368
0039 | 07:01:56 |  13.0s | 1.0e-04 | 0.0327 | 0.9235 | 0.9079 | 0.8683 | 0.0316 | 0.9127 | 0.8970 | 0.8413
0040 | 07:02:19 |  12.7s | 1.0e-04 | 0.0311 | 0.9259 | 0.9086 | 0.8739 | 0.0351 | 0.8792 | 0.9313 | 0.8432
0041 | 07:02:41 |  12.7s | 1.0e-04 | 0.0310 | 0.9277 | 0.9140 | 0.8826 | 0.0324 | 0.9167 | 0.8879 | 0.8392
0042 | 07:03:03 |  21.1s | 1.0e-04 | 0.0298 | 0.9297 | 0.9169 | 0.8884 | 0.0335 | 0.8902 | 0.9276 | 0.8522
0043 | 07:03:34 |  12.4s | 1.0e-04 | 0.0296 | 0.9292 | 0.9180 | 0.8899 | 0.0322 | 0.8996 | 0.9124 | 0.8414
0044 | 07:03:56 |  12.6s | 1.0e-04 | 0.0296 | 0.9303 | 0.9181 | 0.8899 | 0.0309 | 0.9152 | 0.9074 | 0.8588
0045 | 07:04:18 |  12.4s | 1.0e-04 | 0.0299 | 0.9303 | 0.9158 | 0.8870 | 0.0304 | 0.9058 | 0.9149 | 0.8536
0046 | 07:04:40 |  12.4s | 1.0e-04 | 0.0293 | 0.9296 | 0.9165 | 0.8889 | 0.0324 | 0.8989 | 0.9259 | 0.8598
0047 | 07:05:02 |  12.7s | 1.0e-04 | 0.0287 | 0.9314 | 0.9184 | 0.8915 | 0.0322 | 0.9276 | 0.8992 | 0.8706
0048 | 07:05:24 |  12.3s | 1.0e-04 | 0.0289 | 0.9294 | 0.9227 | 0.8965 | 0.0311 | 0.9310 | 0.9011 | 0.8705
0049 | 07:05:46 |  12.8s | 1.0e-04 | 0.0290 | 0.9292 | 0.9170 | 0.8890 | 0.0306 | 0.9111 | 0.9096 | 0.8500
0050 | 07:06:08 |  12.4s | 1.0e-04 | 0.0282 | 0.9324 | 0.9232 | 0.9014 | 0.0307 | 0.9104 | 0.9183 | 0.8671
0051 | 07:06:30 |  13.0s | 1.0e-04 | 0.0283 | 0.9331 | 0.9212 | 0.8955 | 0.0313 | 0.9041 | 0.9120 | 0.8411
0052 | 07:06:52 |  12.9s | 1.0e-04 | 0.0282 | 0.9307 | 0.9221 | 0.8971 | 0.0318 | 0.9096 | 0.9174 | 0.8601
0053 | 07:07:14 |  12.5s | 1.0e-04 | 0.0282 | 0.9324 | 0.9226 | 0.9015 | 0.0299 | 0.9227 | 0.9080 | 0.8656
0054 | 07:07:36 |  12.4s | 1.0e-04 | 0.0283 | 0.9306 | 0.9232 | 0.8979 | 0.0305 | 0.9149 | 0.9093 | 0.8591
0055 | 07:07:58 |  12.4s | 1.0e-04 | 0.0274 | 0.9325 | 0.9238 | 0.9034 | 0.0288 | 0.9306 | 0.9045 | 0.8810
0056 | 07:08:20 |  12.3s | 1.0e-04 | 0.0273 | 0.9329 | 0.9239 | 0.9027 | 0.0302 | 0.9350 | 0.8917 | 0.8654
0057 | 07:08:42 |  12.5s | 1.0e-04 | 0.0268 | 0.9358 | 0.9263 | 0.9047 | 0.0287 | 0.9163 | 0.9160 | 0.8649
0058 | 07:09:04 |  12.5s | 1.0e-04 | 0.0270 | 0.9351 | 0.9253 | 0.9042 | 0.0305 | 0.8990 | 0.9315 | 0.8746
0059 | 07:09:26 |  20.8s | 1.0e-04 | 0.0270 | 0.9325 | 0.9241 | 0.9027 | 0.0291 | 0.9106 | 0.9227 | 0.8690
0060 | 07:09:57 |  12.9s | 1.0e-04 | 0.0273 | 0.9326 | 0.9231 | 0.9000 | 0.0311 | 0.9120 | 0.9103 | 0.8531
0061 | 07:10:19 |  12.8s | 1.0e-04 | 0.0264 | 0.9340 | 0.9245 | 0.9032 | 0.0298 | 0.9251 | 0.9132 | 0.8741
0062 | 07:10:41 |  12.7s | 1.0e-04 | 0.0264 | 0.9346 | 0.9285 | 0.9097 | 0.0294 | 0.9169 | 0.9112 | 0.8641
0063 | 07:11:03 |  23.3s | 1.0e-04 | 0.0267 | 0.9325 | 0.9220 | 0.8984 | 0.0314 | 0.8938 | 0.9256 | 0.8562
0064 | 07:11:36 |  13.0s | 1.0e-04 | 0.0264 | 0.9325 | 0.9219 | 0.8999 | 0.0283 | 0.9377 | 0.8988 | 0.8804
0065 | 07:11:59 |  12.9s | 1.0e-04 | 0.0263 | 0.9332 | 0.9254 | 0.9042 | 0.0298 | 0.9228 | 0.9026 | 0.8544
0066 | 07:12:21 |  13.0s | 1.0e-04 | 0.0263 | 0.9330 | 0.9236 | 0.9021 | 0.0293 | 0.9159 | 0.9258 | 0.8788
0067 | 07:12:44 |  13.0s | 1.0e-04 | 0.0267 | 0.9323 | 0.9253 | 0.9039 | 0.0290 | 0.9053 | 0.9276 | 0.8664
0068 | 07:13:06 |  13.1s | 1.0e-04 | 0.0260 | 0.9318 | 0.9261 | 0.9044 | 0.0311 | 0.9062 | 0.9121 | 0.8488
0069 | 07:13:29 |  13.0s | 1.0e-04 | 0.0257 | 0.9334 | 0.9256 | 0.9055 | 0.0274 | 0.9184 | 0.9303 | 0.8925
0070 | 07:13:51 |  13.2s | 1.0e-04 | 0.0261 | 0.9315 | 0.9240 | 0.9025 | 0.0291 | 0.9039 | 0.9380 | 0.8878
0071 | 07:14:14 |  13.2s | 1.0e-04 | 0.0256 | 0.9344 | 0.9264 | 0.9060 | 0.0280 | 0.9143 | 0.9261 | 0.8762
0072 | 07:14:37 |  13.2s | 1.0e-04 | 0.0249 | 0.9345 | 0.9283 | 0.9092 | 0.0267 | 0.9147 | 0.9312 | 0.8876
0073 | 07:14:59 |  13.1s | 1.0e-04 | 0.0252 | 0.9345 | 0.9267 | 0.9086 | 0.0290 | 0.9176 | 0.9118 | 0.8693
0074 | 07:15:22 |  13.0s | 1.0e-04 | 0.0269 | 0.9344 | 0.9280 | 0.9105 | 0.0279 | 0.9409 | 0.9023 | 0.8867
0075 | 07:15:44 |  13.0s | 1.0e-04 | 0.0263 | 0.9325 | 0.9257 | 0.9050 | 0.0273 | 0.9272 | 0.9115 | 0.8786
0076 | 07:16:07 |  13.0s | 1.0e-04 | 0.0249 | 0.9362 | 0.9302 | 0.9132 | 0.0277 | 0.9210 | 0.9211 | 0.8837
0077 | 07:16:30 |  13.1s | 1.0e-04 | 0.0252 | 0.9367 | 0.9276 | 0.9116 | 0.0274 | 0.9237 | 0.9269 | 0.8932
0078 | 07:16:52 |  13.0s | 1.0e-04 | 0.0246 | 0.9371 | 0.9310 | 0.9161 | 0.0277 | 0.9252 | 0.9173 | 0.8832
0079 | 07:17:14 |  13.1s | 1.0e-04 | 0.0245 | 0.9371 | 0.9286 | 0.9138 | 0.0270 | 0.9174 | 0.9331 | 0.8921
0080 | 07:17:37 |  26.6s | 1.0e-04 | 0.0259 | 0.9349 | 0.9288 | 0.9104 | 0.0268 | 0.9173 | 0.9302 | 0.8879
0081 | 07:18:14 |  13.0s | 1.0e-04 | 0.0260 | 0.9338 | 0.9266 | 0.9100 | 0.0278 | 0.9372 | 0.8934 | 0.8793
0082 | 07:18:36 |  13.2s | 1.0e-04 | 0.0258 | 0.9355 | 0.9280 | 0.9110 | 0.0285 | 0.9393 | 0.9007 | 0.8782
0083 | 07:18:59 |  13.0s | 1.0e-04 | 0.0257 | 0.9357 | 0.9298 | 0.9133 | 0.0282 | 0.9383 | 0.9130 | 0.8924
0084 | 07:19:22 |  24.0s | 1.0e-04 | 0.0256 | 0.9367 | 0.9302 | 0.9146 | 0.0270 | 0.9191 | 0.9307 | 0.8946
0085 | 07:19:55 |  12.7s | 1.0e-04 | 0.0256 | 0.9360 | 0.9299 | 0.9133 | 0.0264 | 0.9306 | 0.9178 | 0.8899
0086 | 07:20:18 |  13.2s | 1.0e-04 | 0.0254 | 0.9365 | 0.9293 | 0.9134 | 0.0270 | 0.9227 | 0.9192 | 0.8809
0087 | 07:20:41 |  12.8s | 1.0e-04 | 0.0250 | 0.9377 | 0.9300 | 0.9153 | 0.0261 | 0.9439 | 0.9079 | 0.8946
0088 | 07:21:03 |  12.7s | 1.0e-04 | 0.0260 | 0.9328 | 0.9270 | 0.9070 | 0.0276 | 0.9145 | 0.9318 | 0.8876
0089 | 07:21:25 |  12.8s | 1.0e-04 | 0.0249 | 0.9365 | 0.9316 | 0.9162 | 0.0266 | 0.9289 | 0.9203 | 0.8943
0090 | 07:21:48 |  12.9s | 1.0e-04 | 0.0260 | 0.9349 | 0.9280 | 0.9116 | 0.0263 | 0.9385 | 0.9107 | 0.8970
0091 | 07:22:10 |  12.9s | 1.0e-04 | 0.0254 | 0.9371 | 0.9292 | 0.9137 | 0.0277 | 0.9291 | 0.9216 | 0.8956
0092 | 07:22:33 |  12.8s | 1.0e-04 | 0.0254 | 0.9379 | 0.9327 | 0.9158 | 0.0280 | 0.9279 | 0.9228 | 0.8912
0093 | 07:22:55 |  13.2s | 1.0e-04 | 0.0256 | 0.9372 | 0.9298 | 0.9132 | 0.0271 | 0.9269 | 0.9077 | 0.8738
0094 | 07:23:17 |  13.0s | 1.0e-04 | 0.0250 | 0.9370 | 0.9321 | 0.9186 | 0.0268 | 0.9291 | 0.9283 | 0.9027
0095 | 07:23:40 |  12.9s | 1.0e-04 | 0.0260 | 0.9355 | 0.9302 | 0.9138 | 0.0285 | 0.9008 | 0.9442 | 0.8918
0096 | 07:24:02 |  12.6s | 1.0e-04 | 0.0248 | 0.9374 | 0.9318 | 0.9184 | 0.0268 | 0.9309 | 0.9209 | 0.8950
0097 | 07:24:24 |  13.0s | 1.0e-04 | 0.0252 | 0.9358 | 0.9321 | 0.9165 | 0.0256 | 0.9377 | 0.9123 | 0.8969
0098 | 07:24:47 |  12.8s | 1.0e-04 | 0.0253 | 0.9357 | 0.9303 | 0.9139 | 0.0272 | 0.9379 | 0.8993 | 0.8851
0099 | 07:25:09 |  12.7s | 1.0e-04 | 0.0247 | 0.9366 | 0.9328 | 0.9186 | 0.0250 | 0.9281 | 0.9243 | 0.8950
0100 | 07:25:31 |  12.8s | 1.0e-04 | 0.0252 | 0.9344 | 0.9309 | 0.9139 | 0.0265 | 0.9300 | 0.9238 | 0.9001
0101 | 07:25:54 |  12.6s | 1.0e-04 | 0.0242 | 0.9377 | 0.9358 | 0.9228 | 0.0271 | 0.9201 | 0.9348 | 0.9016
0102 | 07:26:16 |  12.7s | 1.0e-04 | 0.0252 | 0.9372 | 0.9314 | 0.9170 | 0.0265 | 0.9264 | 0.9155 | 0.8869
0103 | 07:26:38 |  12.7s | 1.0e-04 | 0.0242 | 0.9401 | 0.9375 | 0.9264 | 0.0271 | 0.9332 | 0.9146 | 0.8902
0104 | 07:27:01 |  12.6s | 1.0e-04 | 0.0251 | 0.9368 | 0.9330 | 0.9188 | 0.0267 | 0.9311 | 0.9137 | 0.8913
0105 | 07:27:23 |  25.6s | 1.0e-04 | 0.0241 | 0.9388 | 0.9345 | 0.9214 | 0.0266 | 0.9180 | 0.9391 | 0.9013
0106 | 07:27:58 |  12.7s | 1.0e-04 | 0.0247 | 0.9382 | 0.9362 | 0.9222 | 0.0285 | 0.9397 | 0.9001 | 0.8845
0107 | 07:28:20 |  12.5s | 1.0e-04 | 0.0237 | 0.9411 | 0.9362 | 0.9275 | 0.0266 | 0.9252 | 0.9252 | 0.8950
0108 | 07:28:43 |  12.9s | 1.0e-04 | 0.0242 | 0.9390 | 0.9345 | 0.9211 | 0.0266 | 0.9232 | 0.9214 | 0.8860
0109 | 07:29:06 |  12.6s | 1.0e-04 | 0.0248 | 0.9383 | 0.9322 | 0.9185 | 0.0266 | 0.9050 | 0.9392 | 0.8902
0110 | 07:29:28 |  12.6s | 1.0e-04 | 0.0238 | 0.9391 | 0.9355 | 0.9237 | 0.0261 | 0.9145 | 0.9358 | 0.8944
0111 | 07:29:50 |  12.5s | 1.0e-04 | 0.0238 | 0.9416 | 0.9349 | 0.9259 | 0.0249 | 0.9270 | 0.9247 | 0.8988
0112 | 07:30:12 |  12.9s | 1.0e-04 | 0.0238 | 0.9386 | 0.9353 | 0.9236 | 0.0272 | 0.9268 | 0.9115 | 0.8788
0113 | 07:30:35 |  12.9s | 1.0e-04 | 0.0237 | 0.9407 | 0.9379 | 0.9281 | 0.0250 | 0.9424 | 0.9120 | 0.9030
0114 | 07:30:58 |  12.9s | 1.0e-04 | 0.0244 | 0.9388 | 0.9345 | 0.9230 | 0.0248 | 0.9219 | 0.9309 | 0.8961
0115 | 07:31:20 |  12.6s | 1.0e-04 | 0.0240 | 0.9395 | 0.9352 | 0.9230 | 0.0265 | 0.9226 | 0.9231 | 0.8866
0116 | 07:31:43 |  12.7s | 1.0e-04 | 0.0237 | 0.9405 | 0.9340 | 0.9229 | 0.0264 | 0.9265 | 0.9213 | 0.8895
0117 | 07:32:06 |  12.6s | 1.0e-04 | 0.0238 | 0.9400 | 0.9374 | 0.9268 | 0.0259 | 0.9312 | 0.9254 | 0.8972
0118 | 07:32:28 |  12.8s | 1.0e-04 | 0.0238 | 0.9375 | 0.9359 | 0.9240 | 0.0251 | 0.9191 | 0.9346 | 0.8983
0119 | 07:32:51 |  12.6s | 1.0e-04 | 0.0238 | 0.9399 | 0.9366 | 0.9260 | 0.0270 | 0.9120 | 0.9333 | 0.8890
0120 | 07:33:13 |  12.5s | 1.0e-04 | 0.0228 | 0.9416 | 0.9412 | 0.9332 | 0.0263 | 0.9431 | 0.8960 | 0.8915
0121 | 07:33:36 |  20.1s | 1.0e-04 | 0.0237 | 0.9404 | 0.9378 | 0.9279 | 0.0248 | 0.9279 | 0.9258 | 0.8953
0122 | 07:34:06 |  12.6s | 1.0e-04 | 0.0232 | 0.9397 | 0.9369 | 0.9263 | 0.0264 | 0.9203 | 0.9271 | 0.8963
0123 | 07:34:28 |  12.6s | 1.0e-04 | 0.0241 | 0.9384 | 0.9350 | 0.9226 | 0.0283 | 0.9490 | 0.8859 | 0.8896
0124 | 07:34:51 |  12.6s | 1.0e-04 | 0.0241 | 0.9380 | 0.9364 | 0.9227 | 0.0255 | 0.9160 | 0.9380 | 0.8970
0125 | 07:35:13 |  12.6s | 1.0e-04 | 0.0242 | 0.9380 | 0.9358 | 0.9239 | 0.0252 | 0.9316 | 0.9224 | 0.9004
0126 | 07:35:37 |  12.9s | 1.0e-04 | 0.0243 | 0.9392 | 0.9393 | 0.9285 | 0.0256 | 0.9321 | 0.9241 | 0.9027
0127 | 07:36:00 |  12.8s | 1.0e-04 | 0.0239 | 0.9400 | 0.9403 | 0.9307 | 0.0265 | 0.9173 | 0.9373 | 0.9000
0128 | 07:36:23 |  13.0s | 1.0e-04 | 0.0237 | 0.9411 | 0.9406 | 0.9318 | 0.0252 | 0.9288 | 0.9312 | 0.9056
0129 | 07:36:46 |  13.2s | 1.0e-04 | 0.0246 | 0.9407 | 0.9397 | 0.9290 | 0.0255 | 0.9249 | 0.9235 | 0.8871
0130 | 07:37:09 |  13.5s | 1.0e-04 | 0.0241 | 0.9412 | 0.9404 | 0.9319 | 0.0249 | 0.9116 | 0.9436 | 0.9014
0131 | 07:37:32 |  13.2s | 1.0e-04 | 0.0233 | 0.9410 | 0.9406 | 0.9314 | 0.0277 | 0.9080 | 0.9403 | 0.8966
0132 | 07:37:55 |  12.9s | 1.0e-04 | 0.0241 | 0.9402 | 0.9400 | 0.9303 | 0.0273 | 0.9312 | 0.9202 | 0.8912
0133 | 07:38:18 |  13.0s | 1.0e-04 | 0.0241 | 0.9429 | 0.9400 | 0.9327 | 0.0265 | 0.9253 | 0.9334 | 0.9043
0134 | 07:38:41 |  13.2s | 1.0e-04 | 0.0241 | 0.9411 | 0.9394 | 0.9296 | 0.0266 | 0.9290 | 0.9301 | 0.9078
0135 | 07:39:04 |  13.0s | 1.0e-04 | 0.0253 | 0.9411 | 0.9401 | 0.9297 | 0.0252 | 0.9322 | 0.9274 | 0.9082
0136 | 07:39:27 |  13.1s | 1.0e-04 | 0.0240 | 0.9415 | 0.9400 | 0.9298 | 0.0257 | 0.9279 | 0.9304 | 0.9041
0137 | 07:39:50 |  12.8s | 1.0e-04 | 0.0235 | 0.9409 | 0.9418 | 0.9321 | 0.0271 | 0.9127 | 0.9424 | 0.9002
0138 | 07:40:13 |  13.2s | 1.0e-04 | 0.0236 | 0.9417 | 0.9432 | 0.9354 | 0.0277 | 0.9354 | 0.9226 | 0.8969
0139 | 07:40:36 |  12.8s | 1.0e-04 | 0.0235 | 0.9422 | 0.9399 | 0.9310 | 0.0248 | 0.9303 | 0.9247 | 0.9024
0140 | 07:40:58 |  12.8s | 1.0e-04 | 0.0237 | 0.9402 | 0.9393 | 0.9300 | 0.0282 | 0.9138 | 0.9316 | 0.8866
0141 | 07:41:21 |  13.1s | 1.0e-04 | 0.0246 | 0.9407 | 0.9394 | 0.9291 | 0.0240 | 0.9255 | 0.9420 | 0.9148
0142 | 07:41:44 |  20.9s | 1.0e-04 | 0.0231 | 0.9432 | 0.9433 | 0.9360 | 0.0261 | 0.9352 | 0.9187 | 0.8998
0143 | 07:42:15 |  12.7s | 1.0e-04 | 0.0223 | 0.9446 | 0.9418 | 0.9371 | 0.0259 | 0.9328 | 0.9228 | 0.9031
0144 | 07:42:37 |  13.2s | 1.0e-04 | 0.0232 | 0.9425 | 0.9400 | 0.9337 | 0.0256 | 0.9307 | 0.9218 | 0.9002
0145 | 07:43:00 |  12.8s | 1.0e-04 | 0.0223 | 0.9431 | 0.9447 | 0.9370 | 0.0267 | 0.9366 | 0.9119 | 0.9023
0146 | 07:43:23 |  24.6s | 1.0e-04 | 0.0230 | 0.9428 | 0.9427 | 0.9349 | 0.0261 | 0.9354 | 0.9220 | 0.9002
0147 | 07:43:57 |  12.3s | 1.0e-04 | 0.0228 | 0.9424 | 0.9432 | 0.9352 | 0.0253 | 0.9266 | 0.9361 | 0.9115
0148 | 07:44:19 |  12.6s | 1.0e-04 | 0.0220 | 0.9440 | 0.9430 | 0.9375 | 0.0263 | 0.9096 | 0.9426 | 0.8980
0149 | 07:44:42 |  12.8s | 1.0e-04 | 0.0234 | 0.9434 | 0.9430 | 0.9355 | 0.0264 | 0.9311 | 0.9170 | 0.8923
0150 | 07:45:04 |  12.4s | 1.0e-04 | 0.0227 | 0.9411 | 0.9435 | 0.9344 | 0.0261 | 0.9240 | 0.9222 | 0.8880
0151 | 07:45:27 |  12.3s | 1.0e-04 | 0.0226 | 0.9426 | 0.9440 | 0.9376 | 0.0258 | 0.9146 | 0.9450 | 0.9061
0152 | 07:45:49 |  12.6s | 1.0e-04 | 0.0224 | 0.9437 | 0.9432 | 0.9367 | 0.0264 | 0.9379 | 0.9087 | 0.8874
0153 | 07:46:11 |  12.9s | 1.0e-04 | 0.0226 | 0.9451 | 0.9442 | 0.9381 | 0.0257 | 0.9347 | 0.9184 | 0.8968
0154 | 07:46:34 |  12.3s | 1.0e-04 | 0.0225 | 0.9433 | 0.9440 | 0.9381 | 0.0252 | 0.9205 | 0.9390 | 0.9027
0155 | 07:46:56 |  12.4s | 1.0e-04 | 0.0217 | 0.9459 | 0.9464 | 0.9421 | 0.0242 | 0.9228 | 0.9434 | 0.9132
0156 | 07:47:18 |  12.4s | 1.0e-04 | 0.0226 | 0.9432 | 0.9432 | 0.9371 | 0.0249 | 0.9243 | 0.9384 | 0.9089
0157 | 07:47:41 |  12.8s | 1.0e-04 | 0.0221 | 0.9441 | 0.9440 | 0.9388 | 0.0249 | 0.9359 | 0.9242 | 0.9054
0158 | 07:48:03 |  12.5s | 1.0e-04 | 0.0223 | 0.9438 | 0.9428 | 0.9359 | 0.0257 | 0.9401 | 0.9126 | 0.9004
0159 | 07:48:25 |  12.4s | 1.0e-04 | 0.0221 | 0.9462 | 0.9453 | 0.9417 | 0.0258 | 0.9226 | 0.9327 | 0.8993
0160 | 07:48:48 |  12.3s | 1.0e-04 | 0.0222 | 0.9434 | 0.9439 | 0.9383 | 0.0256 | 0.9374 | 0.9204 | 0.9057
0161 | 07:49:10 |  12.4s | 1.0e-04 | 0.0227 | 0.9453 | 0.9443 | 0.9403 | 0.0241 | 0.9329 | 0.9365 | 0.9155
0162 | 07:49:32 |  12.3s | 1.0e-04 | 0.0221 | 0.9444 | 0.9444 | 0.9396 | 0.0256 | 0.9257 | 0.9259 | 0.8990
0163 | 07:49:54 |  20.9s | 1.0e-04 | 0.0220 | 0.9439 | 0.9449 | 0.9396 | 0.0258 | 0.9392 | 0.9157 | 0.9004
0164 | 07:50:25 |  13.1s | 1.0e-04 | 0.0227 | 0.9447 | 0.9432 | 0.9388 | 0.0265 | 0.9359 | 0.9114 | 0.8982
0165 | 07:50:48 |  12.4s | 1.0e-04 | 0.0222 | 0.9448 | 0.9441 | 0.9396 | 0.0251 | 0.9204 | 0.9289 | 0.8943
0166 | 07:51:10 |  12.2s | 1.0e-04 | 0.0226 | 0.9450 | 0.9443 | 0.9393 | 0.0253 | 0.9264 | 0.9305 | 0.9040
0167 | 07:51:31 |  23.4s | 1.0e-04 | 0.0226 | 0.9424 | 0.9416 | 0.9344 | 0.0240 | 0.9409 | 0.9205 | 0.9067
0168 | 07:52:04 |  12.6s | 1.0e-04 | 0.0212 | 0.9456 | 0.9448 | 0.9399 | 0.0254 | 0.9380 | 0.9192 | 0.9016
0169 | 07:52:27 |  12.6s | 1.0e-04 | 0.0211 | 0.9447 | 0.9435 | 0.9381 | 0.0257 | 0.9204 | 0.9429 | 0.9111
0170 | 07:52:49 |  12.6s | 1.0e-04 | 0.0210 | 0.9437 | 0.9425 | 0.9371 | 0.0263 | 0.9217 | 0.9271 | 0.8881
0171 | 07:53:11 |  12.6s | 1.0e-04 | 0.0210 | 0.9442 | 0.9413 | 0.9359 | 0.0244 | 0.9179 | 0.9423 | 0.9048
0172 | 07:53:34 |  13.0s | 1.0e-04 | 0.0218 | 0.9443 | 0.9427 | 0.9375 | 0.0255 | 0.9219 | 0.9379 | 0.9073
0173 | 07:53:56 |  12.9s | 1.0e-04 | 0.0211 | 0.9450 | 0.9424 | 0.9374 | 0.0262 | 0.9359 | 0.9215 | 0.9034
0174 | 07:54:19 |  12.6s | 1.0e-04 | 0.0216 | 0.9430 | 0.9409 | 0.9356 | 0.0250 | 0.9217 | 0.9394 | 0.9029
0175 | 07:54:41 |  12.6s | 1.0e-04 | 0.0214 | 0.9439 | 0.9412 | 0.9354 | 0.0257 | 0.9113 | 0.9449 | 0.9062
0176 | 07:55:03 |  12.7s | 1.0e-04 | 0.0216 | 0.9439 | 0.9411 | 0.9357 | 0.0258 | 0.9273 | 0.9222 | 0.8966
0177 | 07:55:26 |  12.7s | 1.0e-04 | 0.0209 | 0.9431 | 0.9437 | 0.9373 | 0.0245 | 0.9237 | 0.9356 | 0.9065
0178 | 07:55:48 |  12.6s | 1.0e-04 | 0.0212 | 0.9452 | 0.9409 | 0.9367 | 0.0253 | 0.9332 | 0.9326 | 0.9132
0179 | 07:56:10 |  12.6s | 1.0e-04 | 0.0213 | 0.9428 | 0.9419 | 0.9356 | 0.0257 | 0.9229 | 0.9271 | 0.8919
0180 | 07:56:33 |  12.6s | 1.0e-04 | 0.0213 | 0.9438 | 0.9419 | 0.9355 | 0.0248 | 0.9417 | 0.9119 | 0.9011
0181 | 07:56:55 |  12.7s | 1.0e-04 | 0.0210 | 0.9440 | 0.9430 | 0.9375 | 0.0258 | 0.9337 | 0.9243 | 0.9003
0182 | 07:57:17 |  12.7s | 1.0e-04 | 0.0208 | 0.9453 | 0.9454 | 0.9407 | 0.0267 | 0.9501 | 0.9003 | 0.9006
0183 | 07:57:40 |  13.0s | 1.0e-04 | 0.0211 | 0.9461 | 0.9442 | 0.9401 | 0.0258 | 0.9222 | 0.9335 | 0.9027
0184 | 07:58:02 |  21.1s | 1.0e-04 | 0.0213 | 0.9446 | 0.9399 | 0.9337 | 0.0264 | 0.9231 | 0.9304 | 0.8967
0185 | 07:58:33 |  12.9s | 1.0e-04 | 0.0202 | 0.9440 | 0.9423 | 0.9377 | 0.0261 | 0.9221 | 0.9344 | 0.8972
0186 | 07:58:55 |  13.1s | 1.0e-04 | 0.0208 | 0.9437 | 0.9435 | 0.9375 | 0.0253 | 0.9298 | 0.9285 | 0.9033
0187 | 07:59:18 |  12.8s | 1.0e-04 | 0.0208 | 0.9436 | 0.9407 | 0.9355 | 0.0252 | 0.9299 | 0.9353 | 0.9074
0188 | 07:59:40 |  24.3s | 1.0e-04 | 0.0213 | 0.9430 | 0.9421 | 0.9352 | 0.0246 | 0.9400 | 0.9207 | 0.9135
0189 | 08:00:14 |  12.6s | 1.0e-04 | 0.0219 | 0.9430 | 0.9422 | 0.9349 | 0.0240 | 0.9470 | 0.9162 | 0.9095
0190 | 08:00:36 |  12.7s | 1.0e-04 | 0.0228 | 0.9407 | 0.9378 | 0.9279 | 0.0258 | 0.9395 | 0.9172 | 0.8993
0191 | 08:00:59 |  13.1s | 1.0e-04 | 0.0216 | 0.9440 | 0.9425 | 0.9368 | 0.0253 | 0.8989 | 0.9580 | 0.9133
0192 | 08:01:22 |  12.7s | 1.0e-04 | 0.0216 | 0.9437 | 0.9416 | 0.9348 | 0.0236 | 0.9377 | 0.9288 | 0.9101
0193 | 08:01:44 |  12.8s | 1.0e-04 | 0.0216 | 0.9429 | 0.9394 | 0.9319 | 0.0236 | 0.9332 | 0.9348 | 0.9170
0194 | 08:02:07 |  12.8s | 1.0e-04 | 0.0213 | 0.9463 | 0.9432 | 0.9397 | 0.0255 | 0.9366 | 0.9190 | 0.9012
0195 | 08:02:29 |  12.7s | 1.0e-04 | 0.0221 | 0.9418 | 0.9400 | 0.9314 | 0.0243 | 0.9308 | 0.9378 | 0.9152
0196 | 08:02:51 |  13.0s | 1.0e-04 | 0.0215 | 0.9440 | 0.9412 | 0.9339 | 0.0260 | 0.9440 | 0.9134 | 0.9042
0197 | 08:03:14 |  12.9s | 1.0e-04 | 0.0217 | 0.9419 | 0.9405 | 0.9326 | 0.0240 | 0.9392 | 0.9251 | 0.9135
0198 | 08:03:37 |  12.9s | 1.0e-04 | 0.0217 | 0.9433 | 0.9409 | 0.9339 | 0.0250 | 0.9276 | 0.9356 | 0.9110
0199 | 08:03:59 |  13.2s | 1.0e-04 | 0.0211 | 0.9454 | 0.9434 | 0.9383 | 0.0250 | 0.9413 | 0.9226 | 0.9122
0200 | 08:04:22 |  12.8s | 1.0e-04 | 0.0216 | 0.9422 | 0.9418 | 0.9348 | 0.0252 | 0.9227 | 0.9411 | 0.9124
0201 | 08:04:44 |  13.0s | 1.0e-04 | 0.0219 | 0.9432 | 0.9401 | 0.9332 | 0.0245 | 0.9434 | 0.9200 | 0.9106
0202 | 08:05:07 |  12.6s | 1.0e-04 | 0.0218 | 0.9425 | 0.9406 | 0.9339 | 0.0260 | 0.9042 | 0.9453 | 0.8959
0203 | 08:05:29 |  12.9s | 1.0e-04 | 0.0216 | 0.9439 | 0.9437 | 0.9385 | 0.0249 | 0.9288 | 0.9334 | 0.9058
0204 | 08:05:52 |  12.7s | 1.0e-04 | 0.0209 | 0.9451 | 0.9444 | 0.9393 | 0.0246 | 0.9258 | 0.9349 | 0.9090
0205 | 08:06:14 |  21.6s | 1.0e-04 | 0.0217 | 0.9449 | 0.9449 | 0.9406 | 0.0248 | 0.9409 | 0.9214 | 0.9069
0206 | 08:06:45 |  13.2s | 1.0e-04 | 0.0217 | 0.9468 | 0.9450 | 0.9415 | 0.0262 | 0.9450 | 0.9141 | 0.9023
0207 | 08:07:08 |  13.0s | 1.0e-04 | 0.0211 | 0.9458 | 0.9442 | 0.9406 | 0.0262 | 0.9482 | 0.9018 | 0.9035
0208 | 08:07:31 |  20.6s | 1.0e-04 | 0.0217 | 0.9453 | 0.9450 | 0.9413 | 0.0250 | 0.9184 | 0.9410 | 0.9046
0209 | 08:08:01 |  22.1s | 1.0e-04 | 0.0216 | 0.9446 | 0.9445 | 0.9387 | 0.0241 | 0.9351 | 0.9364 | 0.9152
0210 | 08:08:33 |  12.5s | 1.0e-04 | 0.0211 | 0.9450 | 0.9458 | 0.9411 | 0.0250 | 0.9273 | 0.9299 | 0.9054
0211 | 08:08:55 |  12.6s | 1.0e-04 | 0.0207 | 0.9466 | 0.9465 | 0.9430 | 0.0247 | 0.9352 | 0.9226 | 0.9081
0212 | 08:09:17 |  12.6s | 1.0e-04 | 0.0218 | 0.9448 | 0.9431 | 0.9382 | 0.0238 | 0.9323 | 0.9334 | 0.9135
0213 | 08:09:40 |  12.6s | 1.0e-04 | 0.0218 | 0.9463 | 0.9455 | 0.9416 | 0.0244 | 0.9286 | 0.9327 | 0.9094
0214 | 08:10:02 |  12.5s | 1.0e-04 | 0.0210 | 0.9450 | 0.9466 | 0.9416 | 0.0247 | 0.9370 | 0.9216 | 0.9048
0215 | 08:10:24 |  13.1s | 1.0e-04 | 0.0218 | 0.9468 | 0.9440 | 0.9412 | 0.0243 | 0.9363 | 0.9240 | 0.9093
0216 | 08:10:47 |  12.8s | 1.0e-04 | 0.0215 | 0.9454 | 0.9443 | 0.9391 | 0.0241 | 0.9259 | 0.9343 | 0.9071
0217 | 08:11:09 |  12.6s | 1.0e-04 | 0.0216 | 0.9448 | 0.9444 | 0.9393 | 0.0234 | 0.9375 | 0.9285 | 0.9155
0218 | 08:11:31 |  12.4s | 1.0e-04 | 0.0213 | 0.9445 | 0.9457 | 0.9405 | 0.0252 | 0.9249 | 0.9319 | 0.8993
0219 | 08:11:53 |  12.8s | 1.0e-04 | 0.0214 | 0.9457 | 0.9462 | 0.9422 | 0.0243 | 0.9273 | 0.9377 | 0.9104
0220 | 08:12:16 |  12.9s | 1.0e-04 | 0.0210 | 0.9472 | 0.9458 | 0.9432 | 0.0240 | 0.9263 | 0.9434 | 0.9147
0221 | 08:12:38 |  12.7s | 1.0e-04 | 0.0210 | 0.9463 | 0.9454 | 0.9418 | 0.0240 | 0.9261 | 0.9421 | 0.9130
0222 | 08:13:01 |  12.5s | 1.0e-04 | 0.0213 | 0.9448 | 0.9451 | 0.9398 | 0.0237 | 0.9328 | 0.9285 | 0.9049
0223 | 08:13:23 |  12.5s | 1.0e-04 | 0.0213 | 0.9464 | 0.9453 | 0.9419 | 0.0245 | 0.9263 | 0.9340 | 0.9065
0224 | 08:13:45 |  12.7s | 1.0e-04 | 0.0207 | 0.9473 | 0.9472 | 0.9446 | 0.0237 | 0.9314 | 0.9414 | 0.9238
0225 | 08:14:07 |  12.5s | 1.0e-04 | 0.0213 | 0.9460 | 0.9464 | 0.9425 | 0.0246 | 0.9392 | 0.9250 | 0.9100
0226 | 08:14:29 |  13.2s | 1.0e-04 | 0.0221 | 0.9455 | 0.9430 | 0.9384 | 0.0238 | 0.9300 | 0.9458 | 0.9254
0227 | 08:14:52 |  12.5s | 1.0e-04 | 0.0213 | 0.9459 | 0.9469 | 0.9434 | 0.0234 | 0.9391 | 0.9285 | 0.9186
0228 | 08:15:14 |  20.5s | 1.0e-04 | 0.0215 | 0.9436 | 0.9443 | 0.9388 | 0.0243 | 0.9322 | 0.9331 | 0.9108
0229 | 08:15:44 |  12.8s | 1.0e-04 | 0.0212 | 0.9441 | 0.9455 | 0.9393 | 0.0243 | 0.9446 | 0.9216 | 0.9144
0230 | 08:16:07 |  23.6s | 1.0e-04 | 0.0220 | 0.9465 | 0.9457 | 0.9425 | 0.0242 | 0.9298 | 0.9385 | 0.9154
0231 | 08:16:40 |  12.9s | 1.0e-04 | 0.0218 | 0.9437 | 0.9430 | 0.9360 | 0.0236 | 0.9361 | 0.9215 | 0.9070
0232 | 08:17:02 |  12.8s | 1.0e-04 | 0.0222 | 0.9461 | 0.9446 | 0.9409 | 0.0236 | 0.9350 | 0.9368 | 0.9198
0233 | 08:17:25 |  13.0s | 1.0e-04 | 0.0216 | 0.9446 | 0.9452 | 0.9395 | 0.0237 | 0.9444 | 0.9202 | 0.9137
0234 | 08:17:47 |  12.7s | 1.0e-04 | 0.0221 | 0.9446 | 0.9450 | 0.9394 | 0.0238 | 0.9245 | 0.9466 | 0.9212
0235 | 08:18:10 |  12.8s | 1.0e-04 | 0.0224 | 0.9443 | 0.9455 | 0.9402 | 0.0246 | 0.9229 | 0.9513 | 0.9248
0236 | 08:18:32 |  12.8s | 1.0e-04 | 0.0214 | 0.9461 | 0.9480 | 0.9444 | 0.0241 | 0.9397 | 0.9217 | 0.9112
0237 | 08:18:55 |  13.0s | 1.0e-04 | 0.0215 | 0.9470 | 0.9470 | 0.9445 | 0.0229 | 0.9356 | 0.9275 | 0.9153
0238 | 08:19:17 |  12.9s | 1.0e-04 | 0.0220 | 0.9470 | 0.9473 | 0.9440 | 0.0237 | 0.9397 | 0.9227 | 0.9080
0239 | 08:19:40 |  12.8s | 1.0e-04 | 0.0219 | 0.9453 | 0.9468 | 0.9421 | 0.0235 | 0.9274 | 0.9373 | 0.9082
0240 | 08:20:02 |  12.7s | 1.0e-04 | 0.0221 | 0.9451 | 0.9443 | 0.9400 | 0.0249 | 0.9201 | 0.9451 | 0.9127
0241 | 08:20:24 |  12.8s | 1.0e-04 | 0.0218 | 0.9458 | 0.9459 | 0.9419 | 0.0244 | 0.9434 | 0.9213 | 0.9158
0242 | 08:20:47 |  12.8s | 1.0e-04 | 0.0215 | 0.9470 | 0.9460 | 0.9435 | 0.0241 | 0.9351 | 0.9213 | 0.9053
0243 | 08:21:09 |  12.7s | 1.0e-04 | 0.0217 | 0.9460 | 0.9476 | 0.9439 | 0.0243 | 0.9296 | 0.9422 | 0.9156
0244 | 08:21:31 |  13.0s | 1.0e-04 | 0.0220 | 0.9444 | 0.9446 | 0.9396 | 0.0230 | 0.9338 | 0.9393 | 0.9181
0245 | 08:21:54 |  12.7s | 1.0e-04 | 0.0216 | 0.9464 | 0.9470 | 0.9438 | 0.0242 | 0.9245 | 0.9363 | 0.9041
0246 | 08:22:16 |  21.2s | 1.0e-04 | 0.0218 | 0.9455 | 0.9450 | 0.9414 | 0.0242 | 0.9286 | 0.9284 | 0.9056
0247 | 08:22:47 |  13.5s | 1.0e-04 | 0.0213 | 0.9474 | 0.9464 | 0.9435 | 0.0239 | 0.9290 | 0.9358 | 0.9115
0248 | 08:23:10 |  13.1s | 1.0e-04 | 0.0214 | 0.9461 | 0.9450 | 0.9408 | 0.0243 | 0.9297 | 0.9360 | 0.9107
0249 | 08:23:33 |  21.4s | 1.0e-04 | 0.0214 | 0.9460 | 0.9451 | 0.9416 | 0.0228 | 0.9330 | 0.9314 | 0.9116
0250 | 08:24:04 |  12.9s | 1.0e-04 | 0.0211 | 0.9464 | 0.9468 | 0.9433 | 0.0233 | 0.9289 | 0.9421 | 0.9158
0251 | 08:24:27 |  12.9s | 1.0e-04 | 0.0198 | 0.9495 | 0.9487 | 0.9483 | 0.0221 | 0.9360 | 0.9239 | 0.9047
0252 | 08:24:49 |  12.8s | 1.0e-04 | 0.0200 | 0.9477 | 0.9496 | 0.9473 | 0.0236 | 0.9279 | 0.9381 | 0.9135
0253 | 08:25:12 |  12.5s | 1.0e-04 | 0.0204 | 0.9477 | 0.9485 | 0.9466 | 0.0247 | 0.9189 | 0.9475 | 0.9153
0254 | 08:25:34 |  12.9s | 1.0e-04 | 0.0197 | 0.9480 | 0.9504 | 0.9484 | 0.0240 | 0.9462 | 0.9152 | 0.9077
0255 | 08:25:57 |  12.7s | 1.0e-04 | 0.0205 | 0.9453 | 0.9491 | 0.9445 | 0.0244 | 0.9154 | 0.9436 | 0.9083
0256 | 08:26:19 |  12.6s | 1.0e-04 | 0.0199 | 0.9486 | 0.9484 | 0.9470 | 0.0257 | 0.9063 | 0.9537 | 0.9114
0257 | 08:26:41 |  12.9s | 1.0e-04 | 0.0201 | 0.9481 | 0.9472 | 0.9454 | 0.0241 | 0.9251 | 0.9372 | 0.9083
0258 | 08:27:04 |  12.6s | 1.0e-04 | 0.0200 | 0.9468 | 0.9483 | 0.9458 | 0.0233 | 0.9267 | 0.9424 | 0.9184
0259 | 08:27:26 |  12.6s | 1.0e-04 | 0.0203 | 0.9452 | 0.9491 | 0.9443 | 0.0243 | 0.9401 | 0.9261 | 0.9145
0260 | 08:27:48 |  12.7s | 1.0e-04 | 0.0199 | 0.9478 | 0.9492 | 0.9472 | 0.0242 | 0.9336 | 0.9268 | 0.9074
0261 | 08:28:10 |  12.7s | 1.0e-04 | 0.0199 | 0.9484 | 0.9496 | 0.9481 | 0.0244 | 0.9448 | 0.9139 | 0.9094
0262 | 08:28:33 |  12.5s | 1.0e-04 | 0.0200 | 0.9493 | 0.9475 | 0.9467 | 0.0231 | 0.9256 | 0.9436 | 0.9180
0263 | 08:28:55 |  12.7s | 1.0e-04 | 0.0207 | 0.9460 | 0.9469 | 0.9434 | 0.0236 | 0.9409 | 0.9250 | 0.9173
0264 | 08:29:17 |  12.6s | 1.0e-04 | 0.0202 | 0.9473 | 0.9485 | 0.9457 | 0.0240 | 0.9398 | 0.9272 | 0.9153
0265 | 08:29:39 |  12.4s | 1.0e-04 | 0.0201 | 0.9484 | 0.9472 | 0.9459 | 0.0252 | 0.9256 | 0.9382 | 0.9078
0266 | 08:30:01 |  12.7s | 1.0e-04 | 0.0197 | 0.9500 | 0.9472 | 0.9476 | 0.0245 | 0.9228 | 0.9396 | 0.9098
0267 | 08:30:23 |  21.1s | 1.0e-04 | 0.0196 | 0.9473 | 0.9463 | 0.9442 | 0.0240 | 0.9296 | 0.9338 | 0.9104
0268 | 08:30:54 |  12.9s | 1.0e-04 | 0.0198 | 0.9456 | 0.9473 | 0.9434 | 0.0245 | 0.9266 | 0.9298 | 0.9022
0269 | 08:31:17 |  12.7s | 1.0e-04 | 0.0193 | 0.9476 | 0.9475 | 0.9450 | 0.0236 | 0.9276 | 0.9432 | 0.9190
0270 | 08:31:39 |  21.0s | 1.0e-04 | 0.0194 | 0.9486 | 0.9484 | 0.9470 | 0.0234 | 0.9365 | 0.9313 | 0.9136
0271 | 08:32:10 |  21.3s | 1.0e-04 | 0.0204 | 0.9461 | 0.9435 | 0.9402 | 0.0231 | 0.9333 | 0.9351 | 0.9166
0272 | 08:32:41 |  12.8s | 1.0e-04 | 0.0215 | 0.9448 | 0.9435 | 0.9379 | 0.0229 | 0.9412 | 0.9324 | 0.9213
0273 | 08:33:03 |  12.8s | 1.0e-04 | 0.0208 | 0.9450 | 0.9438 | 0.9385 | 0.0224 | 0.9430 | 0.9294 | 0.9207
0274 | 08:33:25 |  12.9s | 1.0e-04 | 0.0214 | 0.9448 | 0.9433 | 0.9378 | 0.0237 | 0.9410 | 0.9350 | 0.9261
0275 | 08:33:48 |  12.9s | 1.0e-04 | 0.0214 | 0.9470 | 0.9448 | 0.9423 | 0.0244 | 0.9352 | 0.9266 | 0.9118
0276 | 08:34:10 |  12.7s | 1.0e-04 | 0.0210 | 0.9466 | 0.9442 | 0.9413 | 0.0224 | 0.9356 | 0.9362 | 0.9222
0277 | 08:34:32 |  12.8s | 1.0e-04 | 0.0216 | 0.9446 | 0.9440 | 0.9389 | 0.0232 | 0.9277 | 0.9419 | 0.9185
0278 | 08:34:55 |  12.8s | 1.0e-04 | 0.0206 | 0.9460 | 0.9455 | 0.9412 | 0.0234 | 0.9277 | 0.9273 | 0.9020
0279 | 08:35:17 |  12.8s | 1.0e-04 | 0.0210 | 0.9465 | 0.9456 | 0.9422 | 0.0249 | 0.9287 | 0.9323 | 0.9090
0280 | 08:35:40 |  13.2s | 1.0e-04 | 0.0216 | 0.9458 | 0.9429 | 0.9392 | 0.0237 | 0.9351 | 0.9210 | 0.9065
0281 | 08:36:03 |  12.8s | 1.0e-04 | 0.0215 | 0.9459 | 0.9433 | 0.9386 | 0.0241 | 0.9259 | 0.9378 | 0.9129
0282 | 08:36:25 |  12.8s | 1.0e-04 | 0.0207 | 0.9465 | 0.9439 | 0.9410 | 0.0242 | 0.9427 | 0.9139 | 0.9065
0283 | 08:36:47 |  12.9s | 1.0e-04 | 0.0219 | 0.9439 | 0.9427 | 0.9362 | 0.0238 | 0.9241 | 0.9393 | 0.9111
0284 | 08:37:10 |  12.8s | 1.0e-04 | 0.0217 | 0.9443 | 0.9440 | 0.9387 | 0.0250 | 0.9241 | 0.9420 | 0.9167
0285 | 08:37:32 |  12.8s | 1.0e-04 | 0.0204 | 0.9459 | 0.9472 | 0.9436 | 0.0225 | 0.9286 | 0.9404 | 0.9184
0286 | 08:37:55 |  12.9s | 1.0e-04 | 0.0209 | 0.9461 | 0.9439 | 0.9398 | 0.0237 | 0.9220 | 0.9447 | 0.9152
0287 | 08:38:17 |  13.7s | 1.0e-04 | 0.0208 | 0.9448 | 0.9459 | 0.9406 | 0.0235 | 0.9340 | 0.9347 | 0.9170
0288 | 08:38:40 |  20.8s | 1.0e-04 | 0.0212 | 0.9451 | 0.9450 | 0.9406 | 0.0233 | 0.9441 | 0.9292 | 0.9245
0289 | 08:39:11 |  13.1s | 1.0e-04 | 0.0213 | 0.9439 | 0.9455 | 0.9408 | 0.0215 | 0.9395 | 0.9366 | 0.9251
0290 | 08:39:33 |  12.7s | 1.0e-04 | 0.0215 | 0.9453 | 0.9466 | 0.9426 | 0.0245 | 0.9416 | 0.9260 | 0.9171
0291 | 08:39:56 |  20.3s | 1.0e-04 | 0.0215 | 0.9444 | 0.9454 | 0.9392 | 0.0238 | 0.9361 | 0.9228 | 0.9027
0292 | 08:40:26 |  22.1s | 1.0e-04 | 0.0211 | 0.9463 | 0.9472 | 0.9436 | 0.0227 | 0.9385 | 0.9436 | 0.9311
0293 | 08:40:57 |  12.6s | 1.0e-04 | 0.0205 | 0.9467 | 0.9471 | 0.9441 | 0.0234 | 0.9314 | 0.9384 | 0.9207
0294 | 08:41:20 |  13.0s | 1.0e-04 | 0.0211 | 0.9455 | 0.9472 | 0.9426 | 0.0240 | 0.9342 | 0.9400 | 0.9225
0295 | 08:41:42 |  12.8s | 1.0e-04 | 0.0203 | 0.9472 | 0.9474 | 0.9447 | 0.0242 | 0.9185 | 0.9472 | 0.9148
0296 | 08:42:05 |  12.7s | 1.0e-04 | 0.0204 | 0.9487 | 0.9495 | 0.9482 | 0.0235 | 0.9500 | 0.9123 | 0.9189
0297 | 08:42:27 |  12.6s | 1.0e-04 | 0.0205 | 0.9468 | 0.9488 | 0.9455 | 0.0227 | 0.9246 | 0.9445 | 0.9180
0298 | 08:42:49 |  13.2s | 1.0e-04 | 0.0204 | 0.9473 | 0.9492 | 0.9464 | 0.0234 | 0.9186 | 0.9479 | 0.9153
0299 | 08:43:12 |  12.8s | 1.0e-04 | 0.0208 | 0.9462 | 0.9466 | 0.9432 | 0.0244 | 0.9206 | 0.9418 | 0.9071
0300 | 08:43:34 |  12.6s | 1.0e-04 | 0.0205 | 0.9476 | 0.9471 | 0.9444 | 0.0230 | 0.9339 | 0.9346 | 0.9175
0301 | 08:43:57 |  12.6s | 1.0e-04 | 0.0204 | 0.9493 | 0.9497 | 0.9491 | 0.0251 | 0.9405 | 0.9207 | 0.9129
0302 | 08:44:19 |  12.7s | 1.0e-04 | 0.0204 | 0.9479 | 0.9499 | 0.9479 | 0.0238 | 0.9282 | 0.9429 | 0.9202
0303 | 08:44:41 |  12.6s | 1.0e-04 | 0.0208 | 0.9468 | 0.9464 | 0.9437 | 0.0238 | 0.9386 | 0.9317 | 0.9164
0304 | 08:45:03 |  13.1s | 1.0e-04 | 0.0208 | 0.9473 | 0.9495 | 0.9468 | 0.0242 | 0.9387 | 0.9229 | 0.9084
0305 | 08:45:26 |  12.7s | 1.0e-04 | 0.0207 | 0.9485 | 0.9485 | 0.9473 | 0.0235 | 0.9375 | 0.9319 | 0.9145
0306 | 08:45:48 |  12.7s | 1.0e-04 | 0.0204 | 0.9472 | 0.9468 | 0.9442 | 0.0230 | 0.9257 | 0.9424 | 0.9186
0307 | 08:46:10 |  12.6s | 1.0e-04 | 0.0203 | 0.9485 | 0.9488 | 0.9474 | 0.0243 | 0.9338 | 0.9308 | 0.9111
0308 | 08:46:33 |  12.9s | 1.0e-04 | 0.0202 | 0.9479 | 0.9490 | 0.9472 | 0.0242 | 0.9404 | 0.9276 | 0.9185
0309 | 08:46:55 |  20.7s | 1.0e-04 | 0.0210 | 0.9484 | 0.9482 | 0.9471 | 0.0239 | 0.9351 | 0.9349 | 0.9188
0310 | 08:47:25 |  12.8s | 1.0e-04 | 0.0209 | 0.9475 | 0.9501 | 0.9476 | 0.0241 | 0.9257 | 0.9443 | 0.9202
0311 | 08:47:48 |  12.8s | 1.0e-04 | 0.0209 | 0.9482 | 0.9498 | 0.9480 | 0.0236 | 0.9165 | 0.9503 | 0.9167
0312 | 08:48:10 |  21.3s | 1.0e-04 | 0.0212 | 0.9461 | 0.9508 | 0.9468 | 0.0221 | 0.9284 | 0.9447 | 0.9225
0313 | 08:48:41 |  22.1s | 1.0e-04 | 0.0206 | 0.9477 | 0.9496 | 0.9474 | 0.0232 | 0.9413 | 0.9234 | 0.9134
0314 | 08:49:13 |  12.6s | 1.0e-04 | 0.0202 | 0.9489 | 0.9505 | 0.9500 | 0.0238 | 0.9325 | 0.9355 | 0.9150
0315 | 08:49:35 |  12.7s | 1.0e-04 | 0.0209 | 0.9487 | 0.9497 | 0.9483 | 0.0226 | 0.9359 | 0.9403 | 0.9276
0316 | 08:49:57 |  12.5s | 1.0e-04 | 0.0197 | 0.9503 | 0.9510 | 0.9511 | 0.0228 | 0.9352 | 0.9287 | 0.9135
0317 | 08:50:19 |  12.4s | 1.0e-04 | 0.0198 | 0.9495 | 0.9509 | 0.9502 | 0.0235 | 0.9373 | 0.9347 | 0.9193
0318 | 08:50:41 |  12.4s | 1.0e-04 | 0.0208 | 0.9463 | 0.9481 | 0.9445 | 0.0244 | 0.9172 | 0.9470 | 0.9124
0319 | 08:51:03 |  13.0s | 1.0e-04 | 0.0202 | 0.9481 | 0.9489 | 0.9470 | 0.0237 | 0.9358 | 0.9337 | 0.9148
0320 | 08:51:25 |  12.5s | 1.0e-04 | 0.0204 | 0.9491 | 0.9518 | 0.9507 | 0.0231 | 0.9287 | 0.9383 | 0.9141
0321 | 08:51:48 |  13.0s | 1.0e-04 | 0.0203 | 0.9474 | 0.9497 | 0.9472 | 0.0234 | 0.9345 | 0.9362 | 0.9172
0322 | 08:52:10 |  12.9s | 1.0e-04 | 0.0202 | 0.9495 | 0.9513 | 0.9506 | 0.0237 | 0.9359 | 0.9260 | 0.9071
0323 | 08:52:33 |  12.7s | 1.0e-04 | 0.0205 | 0.9476 | 0.9498 | 0.9473 | 0.0231 | 0.9357 | 0.9410 | 0.9263
0324 | 08:52:55 |  12.6s | 1.0e-04 | 0.0207 | 0.9478 | 0.9492 | 0.9471 | 0.0238 | 0.9395 | 0.9234 | 0.9150
0325 | 08:53:17 |  12.5s | 1.0e-04 | 0.0197 | 0.9495 | 0.9519 | 0.9514 | 0.0237 | 0.9475 | 0.9233 | 0.9186
0326 | 08:53:39 |  12.6s | 1.0e-04 | 0.0206 | 0.9486 | 0.9490 | 0.9473 | 0.0229 | 0.9564 | 0.9090 | 0.9231
0327 | 08:54:01 |  12.6s | 1.0e-04 | 0.0205 | 0.9495 | 0.9487 | 0.9481 | 0.0236 | 0.9410 | 0.9283 | 0.9137
0328 | 08:54:23 |  12.6s | 1.0e-04 | 0.0202 | 0.9491 | 0.9491 | 0.9482 | 0.0254 | 0.9409 | 0.9175 | 0.9111
0329 | 08:54:46 |  12.8s | 1.0e-04 | 0.0203 | 0.9487 | 0.9516 | 0.9504 | 0.0238 | 0.9257 | 0.9422 | 0.9145
0330 | 08:55:08 |  20.6s | 1.0e-04 | 0.0199 | 0.9482 | 0.9500 | 0.9483 | 0.0218 | 0.9337 | 0.9435 | 0.9273
0331 | 08:55:38 |  12.6s | 1.0e-04 | 0.0199 | 0.9477 | 0.9484 | 0.9458 | 0.0229 | 0.9454 | 0.9262 | 0.9213
0332 | 08:56:00 |  12.6s | 1.0e-04 | 0.0199 | 0.9477 | 0.9480 | 0.9461 | 0.0233 | 0.9397 | 0.9347 | 0.9208
0333 | 08:56:22 |  21.3s | 1.0e-04 | 0.0202 | 0.9475 | 0.9486 | 0.9461 | 0.0242 | 0.9258 | 0.9363 | 0.9090
0334 | 08:56:53 |  21.8s | 1.0e-04 | 0.0197 | 0.9480 | 0.9485 | 0.9467 | 0.0230 | 0.9424 | 0.9316 | 0.9236
0335 | 08:57:25 |  13.0s | 1.0e-04 | 0.0203 | 0.9464 | 0.9485 | 0.9450 | 0.0229 | 0.9393 | 0.9368 | 0.9245
0336 | 08:57:47 |  12.8s | 1.0e-04 | 0.0202 | 0.9485 | 0.9478 | 0.9466 | 0.0243 | 0.9247 | 0.9450 | 0.9192
0337 | 08:58:10 |  12.9s | 1.0e-04 | 0.0199 | 0.9474 | 0.9491 | 0.9466 | 0.0227 | 0.9405 | 0.9348 | 0.9246
0338 | 08:58:32 |  13.7s | 1.0e-04 | 0.0197 | 0.9495 | 0.9493 | 0.9489 | 0.0227 | 0.9339 | 0.9406 | 0.9249
0339 | 08:58:55 |  12.8s | 1.0e-04 | 0.0201 | 0.9474 | 0.9483 | 0.9460 | 0.0241 | 0.9317 | 0.9361 | 0.9159
0340 | 08:59:17 |  12.8s | 1.0e-04 | 0.0206 | 0.9466 | 0.9472 | 0.9436 | 0.0227 | 0.9325 | 0.9339 | 0.9159
0341 | 08:59:40 |  12.9s | 1.0e-04 | 0.0201 | 0.9483 | 0.9484 | 0.9467 | 0.0228 | 0.9343 | 0.9411 | 0.9237
0342 | 09:00:02 |  13.1s | 1.0e-04 | 0.0203 | 0.9481 | 0.9481 | 0.9460 | 0.0231 | 0.9351 | 0.9409 | 0.9241
0343 | 09:00:25 |  13.0s | 1.0e-04 | 0.0203 | 0.9468 | 0.9472 | 0.9442 | 0.0230 | 0.9299 | 0.9433 | 0.9220
0344 | 09:00:47 |  12.9s | 1.0e-04 | 0.0202 | 0.9467 | 0.9470 | 0.9440 | 0.0236 | 0.9428 | 0.9323 | 0.9258
0345 | 09:01:10 |  12.9s | 1.0e-04 | 0.0199 | 0.9485 | 0.9482 | 0.9471 | 0.0241 | 0.9291 | 0.9347 | 0.9127
0346 | 09:01:32 |  12.8s | 1.0e-04 | 0.0201 | 0.9465 | 0.9478 | 0.9446 | 0.0225 | 0.9338 | 0.9361 | 0.9184
0347 | 09:01:55 |  13.3s | 1.0e-04 | 0.0203 | 0.9481 | 0.9473 | 0.9456 | 0.0224 | 0.9265 | 0.9492 | 0.9254
0348 | 09:02:17 |  13.2s | 1.0e-04 | 0.0197 | 0.9473 | 0.9486 | 0.9462 | 0.0220 | 0.9253 | 0.9491 | 0.9240
0349 | 09:02:40 |  12.8s | 1.0e-04 | 0.0204 | 0.9461 | 0.9479 | 0.9436 | 0.0241 | 0.9398 | 0.9200 | 0.9080
0350 | 09:03:03 |  12.8s | 1.0e-04 | 0.0199 | 0.9478 | 0.9498 | 0.9477 | 0.0235 | 0.9156 | 0.9508 | 0.9172
0351 | 09:03:25 |  12.9s | 1.0e-04 | 0.0211 | 0.9466 | 0.9465 | 0.9430 | 0.0239 | 0.9307 | 0.9346 | 0.9140
0352 | 09:03:48 |  13.2s | 1.0e-04 | 0.0209 | 0.9475 | 0.9487 | 0.9463 | 0.0245 | 0.9199 | 0.9492 | 0.9189
0353 | 09:04:10 |  22.2s | 1.0e-04 | 0.0208 | 0.9466 | 0.9491 | 0.9460 | 0.0222 | 0.9288 | 0.9457 | 0.9232
0354 | 09:04:42 |  13.0s | 1.0e-04 | 0.0200 | 0.9474 | 0.9486 | 0.9462 | 0.0224 | 0.9349 | 0.9367 | 0.9189
0355 | 09:05:05 |  22.2s | 1.0e-04 | 0.0205 | 0.9482 | 0.9463 | 0.9440 | 0.0220 | 0.9369 | 0.9429 | 0.9273
0356 | 09:05:36 |  12.9s | 1.0e-04 | 0.0197 | 0.9490 | 0.9504 | 0.9494 | 0.0233 | 0.9367 | 0.9300 | 0.9118
0357 | 09:05:59 |  13.1s | 1.0e-04 | 0.0201 | 0.9484 | 0.9496 | 0.9481 | 0.0238 | 0.9503 | 0.9079 | 0.9151
0358 | 09:06:21 |  13.2s | 1.0e-04 | 0.0201 | 0.9485 | 0.9487 | 0.9478 | 0.0224 | 0.9385 | 0.9294 | 0.9152
0359 | 09:06:44 |  13.1s | 1.0e-04 | 0.0199 | 0.9486 | 0.9501 | 0.9487 | 0.0233 | 0.9304 | 0.9360 | 0.9119
0360 | 09:07:07 |  13.7s | 1.0e-04 | 0.0199 | 0.9488 | 0.9493 | 0.9481 | 0.0233 | 0.9392 | 0.9306 | 0.9201
0361 | 09:07:30 |  13.0s | 1.0e-04 | 0.0199 | 0.9489 | 0.9509 | 0.9496 | 0.0243 | 0.9292 | 0.9396 | 0.9179
0362 | 09:07:53 |  12.9s | 1.0e-04 | 0.0200 | 0.9487 | 0.9502 | 0.9489 | 0.0234 | 0.9366 | 0.9372 | 0.9228
0363 | 09:08:15 |  13.3s | 1.0e-04 | 0.0200 | 0.9494 | 0.9492 | 0.9487 | 0.0232 | 0.9306 | 0.9339 | 0.9080
0364 | 09:08:38 |  13.3s | 1.0e-04 | 0.0198 | 0.9509 | 0.9525 | 0.9528 | 0.0229 | 0.9418 | 0.9282 | 0.9166
0365 | 09:09:01 |  13.2s | 1.0e-04 | 0.0194 | 0.9507 | 0.9509 | 0.9513 | 0.0226 | 0.9342 | 0.9405 | 0.9232
0366 | 09:09:24 |  12.9s | 1.0e-04 | 0.0196 | 0.9495 | 0.9493 | 0.9487 | 0.0229 | 0.9420 | 0.9290 | 0.9197
0367 | 09:09:46 |  12.9s | 1.0e-04 | 0.0200 | 0.9494 | 0.9503 | 0.9495 | 0.0227 | 0.9459 | 0.9364 | 0.9325
0368 | 09:10:08 |  13.0s | 1.0e-04 | 0.0193 | 0.9504 | 0.9515 | 0.9515 | 0.0226 | 0.9436 | 0.9346 | 0.9266
0369 | 09:10:31 |  12.9s | 1.0e-04 | 0.0197 | 0.9497 | 0.9511 | 0.9504 | 0.0234 | 0.9232 | 0.9482 | 0.9204
0370 | 09:10:53 |  13.0s | 1.0e-04 | 0.0196 | 0.9496 | 0.9498 | 0.9494 | 0.0235 | 0.9289 | 0.9408 | 0.9134
0371 | 09:11:16 |  22.0s | 1.0e-04 | 0.0194 | 0.9499 | 0.9492 | 0.9493 | 0.0246 | 0.9387 | 0.9281 | 0.9158
0372 | 09:11:47 |  12.9s | 1.0e-04 | 0.0182 | 0.9511 | 0.9511 | 0.9519 | 0.0241 | 0.9446 | 0.9206 | 0.9159
0373 | 09:12:10 |  13.4s | 1.0e-04 | 0.0193 | 0.9491 | 0.9490 | 0.9485 | 0.0234 | 0.9372 | 0.9362 | 0.9220
0374 | 09:12:33 |  21.2s | 1.0e-04 | 0.0189 | 0.9491 | 0.9496 | 0.9487 | 0.0234 | 0.9298 | 0.9423 | 0.9211
0375 | 09:13:03 |  13.0s | 1.0e-04 | 0.0190 | 0.9490 | 0.9518 | 0.9503 | 0.0251 | 0.9328 | 0.9346 | 0.9155
0376 | 09:13:26 |  13.6s | 1.0e-04 | 0.0197 | 0.9483 | 0.9499 | 0.9481 | 0.0231 | 0.9430 | 0.9244 | 0.9185
0377 | 09:13:49 |  13.1s | 1.0e-04 | 0.0193 | 0.9495 | 0.9492 | 0.9489 | 0.0223 | 0.9287 | 0.9466 | 0.9253
0378 | 09:14:12 |  13.3s | 1.0e-04 | 0.0202 | 0.9473 | 0.9469 | 0.9446 | 0.0225 | 0.9388 | 0.9353 | 0.9213
0379 | 09:14:35 |  13.1s | 1.0e-04 | 0.0199 | 0.9481 | 0.9482 | 0.9463 | 0.0229 | 0.9414 | 0.9265 | 0.9177
0380 | 09:14:57 |  13.0s | 1.0e-04 | 0.0197 | 0.9475 | 0.9487 | 0.9465 | 0.0236 | 0.9319 | 0.9460 | 0.9257
0381 | 09:15:20 |  13.3s | 1.0e-04 | 0.0193 | 0.9470 | 0.9480 | 0.9454 | 0.0225 | 0.9353 | 0.9312 | 0.9082
0382 | 09:15:43 |  13.0s | 1.0e-04 | 0.0197 | 0.9503 | 0.9505 | 0.9507 | 0.0228 | 0.9353 | 0.9392 | 0.9232
0383 | 09:16:05 |  13.1s | 1.0e-04 | 0.0195 | 0.9492 | 0.9480 | 0.9474 | 0.0234 | 0.9287 | 0.9414 | 0.9179
0384 | 09:16:28 |  13.1s | 1.0e-04 | 0.0200 | 0.9478 | 0.9472 | 0.9454 | 0.0231 | 0.9430 | 0.9272 | 0.9202
0385 | 09:16:51 |  13.1s | 1.0e-04 | 0.0198 | 0.9467 | 0.9494 | 0.9464 | 0.0234 | 0.9308 | 0.9378 | 0.9172
0386 | 09:17:13 |  13.4s | 1.0e-04 | 0.0199 | 0.9478 | 0.9495 | 0.9474 | 0.0236 | 0.9304 | 0.9352 | 0.9154
0387 | 09:17:36 |  13.0s | 1.0e-04 | 0.0204 | 0.9463 | 0.9494 | 0.9459 | 0.0235 | 0.9452 | 0.9281 | 0.9235
0388 | 09:17:59 |  13.1s | 1.0e-04 | 0.0200 | 0.9458 | 0.9474 | 0.9433 | 0.0235 | 0.9409 | 0.9360 | 0.9244
0389 | 09:18:21 |  13.1s | 1.0e-04 | 0.0195 | 0.9474 | 0.9482 | 0.9458 | 0.0239 | 0.9325 | 0.9351 | 0.9178
0390 | 09:18:44 |  12.9s | 1.0e-04 | 0.0200 | 0.9451 | 0.9475 | 0.9427 | 0.0224 | 0.9425 | 0.9341 | 0.9226
0391 | 09:19:06 |  13.4s | 1.0e-04 | 0.0205 | 0.9483 | 0.9462 | 0.9439 | 0.0234 | 0.9330 | 0.9381 | 0.9217
0392 | 09:19:29 |  21.4s | 1.0e-04 | 0.0197 | 0.9468 | 0.9485 | 0.9449 | 0.0245 | 0.9417 | 0.9258 | 0.9192
0393 | 09:20:00 |  12.9s | 1.0e-04 | 0.0197 | 0.9485 | 0.9510 | 0.9493 | 0.0231 | 0.9434 | 0.9243 | 0.9189
0394 | 09:20:23 |  12.8s | 1.0e-04 | 0.0199 | 0.9487 | 0.9487 | 0.9475 | 0.0242 | 0.9370 | 0.9310 | 0.9167
0395 | 09:20:45 |  21.1s | 1.0e-04 | 0.0198 | 0.9482 | 0.9517 | 0.9498 | 0.0230 | 0.9464 | 0.9279 | 0.9209
0396 | 09:21:16 |  23.4s | 1.0e-04 | 0.0206 | 0.9474 | 0.9486 | 0.9463 | 0.0211 | 0.9383 | 0.9424 | 0.9299
0397 | 09:21:48 |  12.6s | 1.0e-04 | 0.0196 | 0.9487 | 0.9513 | 0.9496 | 0.0228 | 0.9389 | 0.9314 | 0.9208
0398 | 09:22:11 |  13.1s | 1.0e-04 | 0.0203 | 0.9493 | 0.9479 | 0.9472 | 0.0218 | 0.9413 | 0.9381 | 0.9302
0399 | 09:22:33 |  12.6s | 1.0e-04 | 0.0200 | 0.9499 | 0.9499 | 0.9498 | 0.0236 | 0.9193 | 0.9511 | 0.9202
0400 | 09:22:55 |  12.7s | 1.0e-04 | 0.0198 | 0.9487 | 0.9503 | 0.9491 | 0.0227 | 0.9400 | 0.9343 | 0.9234
0401 | 09:23:18 |  12.6s | 1.0e-04 | 0.0197 | 0.9484 | 0.9486 | 0.9471 | 0.0233 | 0.9423 | 0.9266 | 0.9197
0402 | 09:23:40 |  12.7s | 1.0e-04 | 0.0197 | 0.9495 | 0.9489 | 0.9487 | 0.0227 | 0.9339 | 0.9324 | 0.9128
0403 | 09:24:02 |  12.6s | 1.0e-04 | 0.0195 | 0.9509 | 0.9513 | 0.9522 | 0.0224 | 0.9405 | 0.9323 | 0.9226
0404 | 09:24:24 |  12.6s | 1.0e-04 | 0.0194 | 0.9486 | 0.9505 | 0.9490 | 0.0239 | 0.9240 | 0.9457 | 0.9177
0405 | 09:24:47 |  12.6s | 1.0e-04 | 0.0198 | 0.9489 | 0.9511 | 0.9500 | 0.0232 | 0.9407 | 0.9363 | 0.9294
0406 | 09:25:09 |  12.9s | 1.0e-04 | 0.0197 | 0.9476 | 0.9491 | 0.9469 | 0.0227 | 0.9399 | 0.9313 | 0.9192
0407 | 09:25:31 |  12.5s | 1.0e-04 | 0.0196 | 0.9507 | 0.9500 | 0.9507 | 0.0230 | 0.9305 | 0.9480 | 0.9282
0408 | 09:25:53 |  12.7s | 1.0e-04 | 0.0192 | 0.9501 | 0.9527 | 0.9523 | 0.0237 | 0.9295 | 0.9356 | 0.9130
0409 | 09:26:16 |  12.6s | 1.0e-04 | 0.0196 | 0.9483 | 0.9524 | 0.9503 | 0.0222 | 0.9298 | 0.9464 | 0.9244
0410 | 09:26:38 |  12.6s | 1.0e-04 | 0.0193 | 0.9510 | 0.9529 | 0.9530 | 0.0218 | 0.9370 | 0.9354 | 0.9231
0411 | 09:27:00 |  12.7s | 1.0e-04 | 0.0198 | 0.9499 | 0.9515 | 0.9511 | 0.0239 | 0.9426 | 0.9239 | 0.9187
0412 | 09:27:23 |  12.7s | 1.0e-04 | 0.0198 | 0.9493 | 0.9506 | 0.9497 | 0.0225 | 0.9411 | 0.9345 | 0.9240
0413 | 09:27:45 |  21.2s | 1.0e-04 | 0.0201 | 0.9476 | 0.9489 | 0.9464 | 0.0219 | 0.9448 | 0.9319 | 0.9250
0414 | 09:28:16 |  12.7s | 1.0e-04 | 0.0197 | 0.9501 | 0.9494 | 0.9498 | 0.0223 | 0.9362 | 0.9401 | 0.9228
0415 | 09:28:39 |  12.6s | 1.0e-04 | 0.0195 | 0.9481 | 0.9503 | 0.9482 | 0.0218 | 0.9377 | 0.9391 | 0.9274
0416 | 09:29:01 |  20.5s | 1.0e-04 | 0.0203 | 0.9477 | 0.9509 | 0.9483 | 0.0216 | 0.9369 | 0.9411 | 0.9277
0417 | 09:29:31 |  21.9s | 1.0e-04 | 0.0202 | 0.9487 | 0.9497 | 0.9485 | 0.0230 | 0.9346 | 0.9401 | 0.9239
0418 | 09:30:03 |  13.0s | 1.0e-04 | 0.0196 | 0.9476 | 0.9517 | 0.9490 | 0.0233 | 0.9385 | 0.9276 | 0.9155
0419 | 09:30:25 |  12.9s | 1.0e-04 | 0.0201 | 0.9482 | 0.9494 | 0.9473 | 0.0217 | 0.9383 | 0.9381 | 0.9236
0420 | 09:30:48 |  13.1s | 1.0e-04 | 0.0199 | 0.9496 | 0.9480 | 0.9475 | 0.0235 | 0.9314 | 0.9369 | 0.9145
0421 | 09:31:11 |  12.9s | 1.0e-04 | 0.0203 | 0.9488 | 0.9496 | 0.9484 | 0.0225 | 0.9214 | 0.9513 | 0.9233
0422 | 09:31:34 |  13.6s | 1.0e-04 | 0.0200 | 0.9490 | 0.9522 | 0.9511 | 0.0234 | 0.9396 | 0.9309 | 0.9197
0423 | 09:31:58 |  13.1s | 1.0e-04 | 0.0199 | 0.9487 | 0.9499 | 0.9486 | 0.0228 | 0.9385 | 0.9342 | 0.9206
0424 | 09:32:20 |  13.0s | 1.0e-04 | 0.0199 | 0.9489 | 0.9491 | 0.9478 | 0.0208 | 0.9391 | 0.9337 | 0.9214
0425 | 09:32:43 |  12.9s | 1.0e-04 | 0.0195 | 0.9488 | 0.9484 | 0.9474 | 0.0221 | 0.9386 | 0.9306 | 0.9176
0426 | 09:33:06 |  13.3s | 1.0e-04 | 0.0198 | 0.9479 | 0.9504 | 0.9481 | 0.0239 | 0.9221 | 0.9542 | 0.9281
0427 | 09:33:29 |  13.0s | 1.0e-04 | 0.0202 | 0.9489 | 0.9485 | 0.9475 | 0.0233 | 0.9427 | 0.9280 | 0.9223
0428 | 09:33:53 |  12.9s | 1.0e-04 | 0.0195 | 0.9518 | 0.9504 | 0.9522 | 0.0220 | 0.9302 | 0.9452 | 0.9240
0429 | 09:34:16 |  13.2s | 1.0e-04 | 0.0198 | 0.9489 | 0.9505 | 0.9493 | 0.0226 | 0.9549 | 0.9170 | 0.9228
0430 | 09:34:39 |  13.5s | 1.0e-04 | 0.0199 | 0.9500 | 0.9489 | 0.9490 | 0.0232 | 0.9448 | 0.9270 | 0.9243
0431 | 09:35:03 |  13.7s | 1.0e-04 | 0.0198 | 0.9505 | 0.9501 | 0.9507 | 0.0239 | 0.9259 | 0.9346 | 0.9065
0432 | 09:35:27 |  13.1s | 1.0e-04 | 0.0195 | 0.9487 | 0.9517 | 0.9504 | 0.0232 | 0.9400 | 0.9341 | 0.9203
0433 | 09:35:50 |  13.0s | 1.0e-04 | 0.0200 | 0.9488 | 0.9491 | 0.9480 | 0.0237 | 0.9295 | 0.9391 | 0.9153
0434 | 09:36:13 |  21.2s | 1.0e-04 | 0.0192 | 0.9502 | 0.9508 | 0.9513 | 0.0231 | 0.9377 | 0.9436 | 0.9313
0435 | 09:36:44 |  13.6s | 1.0e-04 | 0.0196 | 0.9499 | 0.9508 | 0.9506 | 0.0219 | 0.9404 | 0.9407 | 0.9312
0436 | 09:37:08 |  13.4s | 1.0e-04 | 0.0200 | 0.9479 | 0.9478 | 0.9456 | 0.0230 | 0.9337 | 0.9332 | 0.9140
0437 | 09:37:31 |  21.5s | 1.0e-04 | 0.0196 | 0.9498 | 0.9491 | 0.9489 | 0.0217 | 0.9468 | 0.9315 | 0.9280
0438 | 09:38:02 |  22.3s | 1.0e-04 | 0.0187 | 0.9514 | 0.9534 | 0.9541 | 0.0219 | 0.9401 | 0.9325 | 0.9230
0439 | 09:38:35 |  12.6s | 1.0e-04 | 0.0190 | 0.9508 | 0.9523 | 0.9523 | 0.0233 | 0.9346 | 0.9371 | 0.9220
0440 | 09:38:57 |  12.8s | 1.0e-04 | 0.0181 | 0.9516 | 0.9542 | 0.9556 | 0.0234 | 0.9344 | 0.9363 | 0.9173
0441 | 09:39:20 |  12.6s | 1.0e-04 | 0.0180 | 0.9537 | 0.9551 | 0.9585 | 0.0227 | 0.9416 | 0.9331 | 0.9256
0442 | 09:39:42 |  12.6s | 1.0e-04 | 0.0185 | 0.9535 | 0.9528 | 0.9560 | 0.0218 | 0.9352 | 0.9364 | 0.9206
0443 | 09:40:05 |  13.1s | 1.0e-04 | 0.0182 | 0.9518 | 0.9540 | 0.9551 | 0.0235 | 0.9473 | 0.9206 | 0.9202
0444 | 09:40:28 |  12.6s | 1.0e-04 | 0.0185 | 0.9512 | 0.9549 | 0.9553 | 0.0222 | 0.9306 | 0.9487 | 0.9283
0445 | 09:40:51 |  12.7s | 1.0e-04 | 0.0180 | 0.9524 | 0.9534 | 0.9552 | 0.0229 | 0.9463 | 0.9251 | 0.9182
0446 | 09:41:13 |  12.9s | 1.0e-04 | 0.0189 | 0.9513 | 0.9524 | 0.9536 | 0.0224 | 0.9298 | 0.9419 | 0.9225
0447 | 09:41:36 |  12.6s | 1.0e-04 | 0.0180 | 0.9527 | 0.9551 | 0.9569 | 0.0228 | 0.9411 | 0.9340 | 0.9239
0448 | 09:41:58 |  12.6s | 1.0e-04 | 0.0183 | 0.9533 | 0.9529 | 0.9555 | 0.0218 | 0.9333 | 0.9484 | 0.9312
0449 | 09:42:21 |  12.5s | 1.0e-04 | 0.0181 | 0.9535 | 0.9532 | 0.9565 | 0.0230 | 0.9459 | 0.9226 | 0.9185
0450 | 09:42:43 |  12.9s | 1.0e-04 | 0.0187 | 0.9515 | 0.9523 | 0.9534 | 0.0227 | 0.9251 | 0.9504 | 0.9257
0451 | 09:43:06 |  12.6s | 1.0e-04 | 0.0191 | 0.9502 | 0.9520 | 0.9522 | 0.0236 | 0.9354 | 0.9221 | 0.9058
0452 | 09:43:28 |  12.6s | 1.0e-04 | 0.0182 | 0.9516 | 0.9535 | 0.9552 | 0.0230 | 0.9290 | 0.9383 | 0.9134
0453 | 09:43:51 |  12.7s | 1.0e-04 | 0.0189 | 0.9506 | 0.9522 | 0.9527 | 0.0220 | 0.9314 | 0.9420 | 0.9230
0454 | 09:44:14 |  12.8s | 1.0e-04 | 0.0183 | 0.9529 | 0.9540 | 0.9566 | 0.0217 | 0.9276 | 0.9489 | 0.9262
0455 | 09:44:36 |  20.8s | 1.0e-04 | 0.0185 | 0.9500 | 0.9517 | 0.9518 | 0.0219 | 0.9396 | 0.9308 | 0.9194
0456 | 09:45:07 |  12.6s | 1.0e-04 | 0.0180 | 0.9523 | 0.9542 | 0.9555 | 0.0222 | 0.9323 | 0.9411 | 0.9237
0457 | 09:45:30 |  12.4s | 1.0e-04 | 0.0186 | 0.9527 | 0.9531 | 0.9553 | 0.0230 | 0.9424 | 0.9282 | 0.9205
0458 | 09:45:52 |  21.4s | 1.0e-04 | 0.0176 | 0.9540 | 0.9558 | 0.9591 | 0.0232 | 0.9451 | 0.9229 | 0.9175
0459 | 09:46:23 |  21.6s | 1.0e-04 | 0.0188 | 0.9511 | 0.9523 | 0.9525 | 0.0230 | 0.9376 | 0.9362 | 0.9220
0460 | 09:46:55 |  12.5s | 1.0e-04 | 0.0194 | 0.9499 | 0.9512 | 0.9506 | 0.0228 | 0.9349 | 0.9370 | 0.9162
0461 | 09:47:17 |  12.6s | 1.0e-04 | 0.0197 | 0.9495 | 0.9498 | 0.9492 | 0.0230 | 0.9255 | 0.9418 | 0.9135
0462 | 09:47:40 |  12.6s | 1.0e-04 | 0.0191 | 0.9504 | 0.9510 | 0.9515 | 0.0222 | 0.9332 | 0.9429 | 0.9266
0463 | 09:48:02 |  12.6s | 1.0e-04 | 0.0193 | 0.9503 | 0.9504 | 0.9507 | 0.0228 | 0.9336 | 0.9369 | 0.9187
0464 | 09:48:25 |  12.6s | 1.0e-04 | 0.0196 | 0.9494 | 0.9513 | 0.9507 | 0.0218 | 0.9415 | 0.9346 | 0.9232
0465 | 09:48:47 |  12.7s | 1.0e-04 | 0.0197 | 0.9497 | 0.9488 | 0.9487 | 0.0232 | 0.9290 | 0.9427 | 0.9205
0466 | 09:49:10 |  12.6s | 1.0e-04 | 0.0193 | 0.9500 | 0.9497 | 0.9497 | 0.0234 | 0.9401 | 0.9402 | 0.9288
0467 | 09:49:32 |  12.7s | 1.0e-04 | 0.0195 | 0.9490 | 0.9516 | 0.9502 | 0.0229 | 0.9406 | 0.9318 | 0.9217
0468 | 09:49:55 |  12.9s | 1.0e-04 | 0.0192 | 0.9488 | 0.9516 | 0.9503 | 0.0242 | 0.9134 | 0.9562 | 0.9223
0469 | 09:50:17 |  12.9s | 1.0e-04 | 0.0198 | 0.9505 | 0.9519 | 0.9521 | 0.0217 | 0.9312 | 0.9419 | 0.9208
0470 | 09:50:40 |  13.1s | 1.0e-04 | 0.0194 | 0.9489 | 0.9526 | 0.9516 | 0.0225 | 0.9331 | 0.9371 | 0.9172
0471 | 09:51:03 |  12.5s | 1.0e-04 | 0.0193 | 0.9501 | 0.9525 | 0.9522 | 0.0232 | 0.9446 | 0.9323 | 0.9266
0472 | 09:51:26 |  12.6s | 1.0e-04 | 0.0201 | 0.9491 | 0.9493 | 0.9486 | 0.0219 | 0.9386 | 0.9291 | 0.9125
0473 | 09:51:48 |  12.7s | 1.0e-04 | 0.0190 | 0.9495 | 0.9509 | 0.9502 | 0.0228 | 0.9363 | 0.9302 | 0.9152
0474 | 09:52:11 |  12.6s | 1.0e-04 | 0.0199 | 0.9494 | 0.9512 | 0.9504 | 0.0222 | 0.9359 | 0.9397 | 0.9256
0475 | 09:52:33 |  12.6s | 1.0e-04 | 0.0193 | 0.9505 | 0.9526 | 0.9527 | 0.0235 | 0.9435 | 0.9274 | 0.9231
0476 | 09:52:56 |  12.8s | 1.0e-04 | 0.0198 | 0.9510 | 0.9504 | 0.9512 | 0.0217 | 0.9368 | 0.9431 | 0.9300
0477 | 09:53:18 |  12.7s | 1.0e-04 | 0.0196 | 0.9500 | 0.9520 | 0.9520 | 0.0211 | 0.9418 | 0.9373 | 0.9308
0478 | 09:53:41 |  21.7s | 1.0e-04 | 0.0200 | 0.9495 | 0.9506 | 0.9500 | 0.0226 | 0.9386 | 0.9349 | 0.9221
0479 | 09:54:13 |  12.7s | 1.0e-04 | 0.0197 | 0.9509 | 0.9529 | 0.9532 | 0.0212 | 0.9320 | 0.9493 | 0.9313
0480 | 09:54:35 |  22.3s | 1.0e-04 | 0.0194 | 0.9519 | 0.9525 | 0.9537 | 0.0231 | 0.9462 | 0.9270 | 0.9209
0481 | 09:55:08 |  12.9s | 1.0e-04 | 0.0197 | 0.9505 | 0.9531 | 0.9535 | 0.0228 | 0.9364 | 0.9379 | 0.9238
0482 | 09:55:31 |  13.1s | 1.0e-04 | 0.0199 | 0.9517 | 0.9529 | 0.9538 | 0.0217 | 0.9445 | 0.9317 | 0.9290
0483 | 09:55:54 |  14.1s | 1.0e-04 | 0.0197 | 0.9503 | 0.9531 | 0.9527 | 0.0212 | 0.9333 | 0.9382 | 0.9168
0484 | 09:56:18 |  12.5s | 1.0e-04 | 0.0196 | 0.9499 | 0.9517 | 0.9512 | 0.0219 | 0.9439 | 0.9313 | 0.9246
0485 | 09:56:40 |  12.6s | 1.0e-04 | 0.0199 | 0.9499 | 0.9517 | 0.9518 | 0.0222 | 0.9277 | 0.9492 | 0.9262
0486 | 09:57:03 |  13.1s | 1.0e-04 | 0.0200 | 0.9486 | 0.9524 | 0.9505 | 0.0221 | 0.9337 | 0.9424 | 0.9242
0487 | 09:57:26 |  12.8s | 1.0e-04 | 0.0191 | 0.9509 | 0.9537 | 0.9536 | 0.0226 | 0.9352 | 0.9383 | 0.9232
0488 | 09:57:49 |  12.6s | 1.0e-04 | 0.0194 | 0.9511 | 0.9517 | 0.9526 | 0.0217 | 0.9457 | 0.9340 | 0.9304
0489 | 09:58:11 |  13.1s | 1.0e-04 | 0.0196 | 0.9508 | 0.9518 | 0.9526 | 0.0231 | 0.9270 | 0.9429 | 0.9183
0490 | 09:58:44 |  35.8s | 1.0e-04 | 0.0196 | 0.9510 | 0.9528 | 0.9531 | 0.0230 | 0.9369 | 0.9356 | 0.9213
0491 | 09:59:36 |  13.7s | 1.0e-04 | 0.0197 | 0.9508 | 0.9533 | 0.9537 | 0.0216 | 0.9320 | 0.9511 | 0.9332
0492 | 10:00:06 |  13.5s | 1.0e-04 | 0.0197 | 0.9504 | 0.9528 | 0.9528 | 0.0223 | 0.9297 | 0.9386 | 0.9147
0493 | 10:00:35 |  13.7s | 1.0e-04 | 0.0198 | 0.9495 | 0.9534 | 0.9524 | 0.0229 | 0.9351 | 0.9339 | 0.9191
0494 | 10:01:03 |  13.9s | 1.0e-04 | 0.0197 | 0.9502 | 0.9514 | 0.9515 | 0.0215 | 0.9303 | 0.9513 | 0.9317
0495 | 10:01:33 |  13.9s | 1.0e-04 | 0.0194 | 0.9501 | 0.9528 | 0.9525 | 0.0215 | 0.9410 | 0.9341 | 0.9266
0496 | 10:02:03 |  25.7s | 1.0e-04 | 0.0195 | 0.9511 | 0.9544 | 0.9548 | 0.0225 | 0.9383 | 0.9328 | 0.9188
0497 | 10:02:42 |  21.4s | 1.0e-04 | 0.0201 | 0.9501 | 0.9535 | 0.9527 | 0.0228 | 0.9401 | 0.9295 | 0.9224
0498 | 10:03:19 |  19.8s | 1.0e-04 | 0.0202 | 0.9511 | 0.9528 | 0.9541 | 0.0232 | 0.9372 | 0.9386 | 0.9270
0499 | 10:03:56 |  30.8s | 1.0e-04 | 0.0196 | 0.9503 | 0.9512 | 0.9517 | 0.0228 | 0.9377 | 0.9399 | 0.9290
0500 | 10:04:41 |  22.3s | 1.0e-04 | 0.0195 | 0.9500 | 0.9538 | 0.9539 | 0.0228 | 0.9376 | 0.9333 | 0.9166
0501 | 10:05:18 |  19.8s | 1.0e-04 | 0.0188 | 0.9517 | 0.9535 | 0.9545 | 0.0229 | 0.9432 | 0.9267 | 0.9184
0502 | 10:05:55 |  17.7s | 1.0e-04 | 0.0189 | 0.9518 | 0.9537 | 0.9545 | 0.0215 | 0.9383 | 0.9420 | 0.9274
0503 | 10:06:28 |  18.6s | 1.0e-04 | 0.0187 | 0.9517 | 0.9526 | 0.9539 | 0.0222 | 0.9490 | 0.9334 | 0.9350
0504 | 10:07:01 |  19.5s | 1.0e-04 | 0.0189 | 0.9547 | 0.9526 | 0.9568 | 0.0219 | 0.9455 | 0.9294 | 0.9247
0505 | 10:07:35 |  22.3s | 1.0e-04 | 0.0187 | 0.9522 | 0.9534 | 0.9548 | 0.0221 | 0.9439 | 0.9307 | 0.9213
0506 | 10:08:14 |  20.1s | 1.0e-04 | 0.0187 | 0.9528 | 0.9550 | 0.9568 | 0.0211 | 0.9306 | 0.9482 | 0.9286
0507 | 10:08:48 |  20.2s | 1.0e-04 | 0.0187 | 0.9538 | 0.9534 | 0.9568 | 0.0221 | 0.9428 | 0.9335 | 0.9269
0508 | 10:09:24 |  18.8s | 1.0e-04 | 0.0180 | 0.9546 | 0.9548 | 0.9590 | 0.0224 | 0.9383 | 0.9411 | 0.9297
0509 | 10:09:58 |  21.8s | 1.0e-04 | 0.0186 | 0.9508 | 0.9533 | 0.9535 | 0.0217 | 0.9449 | 0.9350 | 0.9284
0510 | 10:10:34 |  21.1s | 1.0e-04 | 0.0189 | 0.9530 | 0.9527 | 0.9554 | 0.0219 | 0.9368 | 0.9359 | 0.9161
0511 | 10:11:10 |  18.2s | 1.0e-04 | 0.0188 | 0.9524 | 0.9543 | 0.9561 | 0.0227 | 0.9343 | 0.9362 | 0.9152
0512 | 10:11:45 |  17.3s | 1.0e-04 | 0.0181 | 0.9527 | 0.9569 | 0.9578 | 0.0222 | 0.9258 | 0.9485 | 0.9241
0513 | 10:12:17 |  17.8s | 1.0e-04 | 0.0192 | 0.9518 | 0.9543 | 0.9550 | 0.0216 | 0.9381 | 0.9361 | 0.9233
0514 | 10:12:51 |  20.2s | 1.0e-04 | 0.0187 | 0.9511 | 0.9532 | 0.9538 | 0.0225 | 0.9335 | 0.9463 | 0.9277
0515 | 10:13:24 |  22.2s | 1.0e-04 | 0.0189 | 0.9511 | 0.9535 | 0.9545 | 0.0220 | 0.9395 | 0.9414 | 0.9293
0516 | 10:14:03 |  18.6s | 1.0e-04 | 0.0184 | 0.9530 | 0.9549 | 0.9565 | 0.0225 | 0.9421 | 0.9318 | 0.9262
0517 | 10:14:37 |  28.8s | 1.0e-04 | 0.0185 | 0.9500 | 0.9548 | 0.9534 | 0.0219 | 0.9359 | 0.9449 | 0.9282
0518 | 10:15:19 |  21.8s | 1.0e-04 | 0.0183 | 0.9516 | 0.9521 | 0.9534 | 0.0225 | 0.9418 | 0.9341 | 0.9233
0519 | 10:15:56 |  20.6s | 1.0e-04 | 0.0180 | 0.9511 | 0.9523 | 0.9529 | 0.0239 | 0.9176 | 0.9507 | 0.9186
0520 | 10:16:31 |  30.9s | 1.0e-04 | 0.0183 | 0.9515 | 0.9521 | 0.9536 | 0.0206 | 0.9340 | 0.9440 | 0.9276
0521 | 10:17:16 |  32.0s | 1.0e-04 | 0.0187 | 0.9505 | 0.9522 | 0.9525 | 0.0226 | 0.9312 | 0.9409 | 0.9199
0522 | 10:18:04 |  21.2s | 1.0e-04 | 0.0195 | 0.9500 | 0.9528 | 0.9526 | 0.0222 | 0.9411 | 0.9356 | 0.9273
0523 | 10:18:40 |  22.1s | 1.0e-04 | 0.0192 | 0.9516 | 0.9499 | 0.9516 | 0.0212 | 0.9407 | 0.9339 | 0.9247
0524 | 10:19:18 |  20.4s | 1.0e-04 | 0.0193 | 0.9503 | 0.9515 | 0.9513 | 0.0235 | 0.9331 | 0.9396 | 0.9215
0525 | 10:19:55 |  21.7s | 1.0e-04 | 0.0193 | 0.9498 | 0.9511 | 0.9508 | 0.0219 | 0.9434 | 0.9358 | 0.9298
0526 | 10:20:32 |  20.5s | 1.0e-04 | 0.0194 | 0.9485 | 0.9500 | 0.9485 | 0.0226 | 0.9345 | 0.9372 | 0.9206
0527 | 10:21:07 |  20.3s | 1.0e-04 | 0.0191 | 0.9497 | 0.9503 | 0.9499 | 0.0212 | 0.9397 | 0.9436 | 0.9334
0528 | 10:21:42 |  21.2s | 1.0e-04 | 0.0190 | 0.9518 | 0.9518 | 0.9533 | 0.0224 | 0.9323 | 0.9463 | 0.9275
0529 | 10:22:19 |  21.9s | 1.0e-04 | 0.0194 | 0.9488 | 0.9508 | 0.9493 | 0.0213 | 0.9433 | 0.9416 | 0.9326
0530 | 10:22:57 |  20.9s | 1.0e-04 | 0.0192 | 0.9481 | 0.9520 | 0.9500 | 0.0216 | 0.9273 | 0.9422 | 0.9173
0531 | 10:23:34 |  20.8s | 1.0e-04 | 0.0193 | 0.9501 | 0.9517 | 0.9515 | 0.0228 | 0.9333 | 0.9437 | 0.9242
0532 | 10:24:11 |  21.4s | 1.0e-04 | 0.0195 | 0.9491 | 0.9507 | 0.9496 | 0.0213 | 0.9408 | 0.9426 | 0.9340
0533 | 10:24:47 |  21.7s | 1.0e-04 | 0.0188 | 0.9524 | 0.9516 | 0.9539 | 0.0232 | 0.9413 | 0.9349 | 0.9282
0534 | 10:25:24 |  21.1s | 1.0e-04 | 0.0193 | 0.9500 | 0.9516 | 0.9513 | 0.0227 | 0.9303 | 0.9447 | 0.9229
0535 | 10:25:59 |  14.0s | 1.0e-04 | 0.0193 | 0.9497 | 0.9519 | 0.9513 | 0.0219 | 0.9332 | 0.9436 | 0.9249
0536 | 10:26:26 |  18.2s | 1.0e-04 | 0.0189 | 0.9509 | 0.9523 | 0.9532 | 0.0211 | 0.9437 | 0.9289 | 0.9201
0537 | 10:27:02 |  27.7s | 1.0e-04 | 0.0186 | 0.9512 | 0.9529 | 0.9538 | 0.0224 | 0.9434 | 0.9334 | 0.9286
0538 | 10:27:45 |  28.6s | 1.0e-04 | 0.0197 | 0.9512 | 0.9500 | 0.9512 | 0.0216 | 0.9431 | 0.9371 | 0.9289
0539 | 10:28:28 |  20.0s | 1.0e-04 | 0.0199 | 0.9489 | 0.9514 | 0.9498 | 0.0225 | 0.9401 | 0.9329 | 0.9237
0540 | 10:29:03 |  18.2s | 1.0e-04 | 0.0197 | 0.9500 | 0.9544 | 0.9530 | 0.0214 | 0.9332 | 0.9472 | 0.9306
0541 | 10:29:36 |  29.8s | 1.0e-04 | 0.0196 | 0.9508 | 0.9518 | 0.9524 | 0.0234 | 0.9353 | 0.9351 | 0.9146
0542 | 10:30:21 |  27.8s | 1.0e-04 | 0.0189 | 0.9508 | 0.9530 | 0.9529 | 0.0214 | 0.9391 | 0.9422 | 0.9315
0543 | 10:31:05 |  16.3s | 1.0e-04 | 0.0185 | 0.9489 | 0.9518 | 0.9506 | 0.0226 | 0.9309 | 0.9415 | 0.9218
0544 | 10:31:38 |  15.4s | 1.0e-04 | 0.0191 | 0.9495 | 0.9516 | 0.9511 | 0.0219 | 0.9438 | 0.9403 | 0.9341
0545 | 10:32:08 |  14.6s | 1.0e-04 | 0.0191 | 0.9500 | 0.9503 | 0.9504 | 0.0221 | 0.9413 | 0.9389 | 0.9307
0546 | 10:32:39 |  14.5s | 1.0e-04 | 0.0183 | 0.9508 | 0.9526 | 0.9528 | 0.0228 | 0.9476 | 0.9216 | 0.9261
0547 | 10:33:09 |  14.9s | 1.0e-04 | 0.0186 | 0.9506 | 0.9510 | 0.9515 | 0.0214 | 0.9420 | 0.9358 | 0.9282
0548 | 10:33:40 |  16.0s | 1.0e-04 | 0.0190 | 0.9487 | 0.9485 | 0.9473 | 0.0223 | 0.9393 | 0.9363 | 0.9264
0549 | 10:34:11 |  17.5s | 1.0e-04 | 0.0183 | 0.9522 | 0.9511 | 0.9533 | 0.0224 | 0.9282 | 0.9483 | 0.9255
0550 | 10:34:41 |  17.8s | 1.0e-04 | 0.0185 | 0.9505 | 0.9509 | 0.9510 | 0.0218 | 0.9390 | 0.9353 | 0.9265
0551 | 10:35:14 |  19.7s | 1.0e-04 | 0.0194 | 0.9488 | 0.9494 | 0.9483 | 0.0234 | 0.9311 | 0.9398 | 0.9199
0552 | 10:35:47 |  20.3s | 1.0e-04 | 0.0190 | 0.9494 | 0.9496 | 0.9492 | 0.0222 | 0.9495 | 0.9332 | 0.9286
0553 | 10:36:23 |  18.4s | 1.0e-04 | 0.0188 | 0.9510 | 0.9491 | 0.9504 | 0.0208 | 0.9322 | 0.9530 | 0.9368
0554 | 10:36:57 |  16.6s | 1.0e-04 | 0.0189 | 0.9489 | 0.9513 | 0.9498 | 0.0219 | 0.9407 | 0.9353 | 0.9251
0555 | 10:37:29 |  15.4s | 1.0e-04 | 0.0182 | 0.9507 | 0.9496 | 0.9504 | 0.0215 | 0.9376 | 0.9436 | 0.9310
0556 | 10:37:59 |  15.1s | 1.0e-04 | 0.0190 | 0.9493 | 0.9508 | 0.9499 | 0.0232 | 0.9248 | 0.9507 | 0.9261
0557 | 10:38:30 |  15.0s | 1.0e-04 | 0.0184 | 0.9505 | 0.9518 | 0.9521 | 0.0203 | 0.9543 | 0.9223 | 0.9324
0558 | 10:39:01 |  16.3s | 1.0e-04 | 0.0192 | 0.9483 | 0.9501 | 0.9484 | 0.0220 | 0.9339 | 0.9379 | 0.9202
0559 | 10:39:32 |  28.6s | 1.0e-04 | 0.0181 | 0.9498 | 0.9522 | 0.9513 | 0.0224 | 0.9485 | 0.9252 | 0.9225
0560 | 10:40:15 |  19.1s | 1.0e-04 | 0.0179 | 0.9502 | 0.9540 | 0.9540 | 0.0215 | 0.9307 | 0.9519 | 0.9324
0561 | 10:40:48 |  17.8s | 1.0e-04 | 0.0182 | 0.9510 | 0.9532 | 0.9539 | 0.0227 | 0.9443 | 0.9353 | 0.9274
0562 | 10:41:21 |  28.7s | 1.0e-04 | 0.0187 | 0.9503 | 0.9530 | 0.9528 | 0.0231 | 0.9400 | 0.9290 | 0.9193
0563 | 10:42:04 |  28.1s | 1.0e-04 | 0.0189 | 0.9512 | 0.9528 | 0.9535 | 0.0216 | 0.9434 | 0.9263 | 0.9220
0564 | 10:42:46 |  17.6s | 1.0e-04 | 0.0186 | 0.9537 | 0.9554 | 0.9578 | 0.0225 | 0.9358 | 0.9351 | 0.9163
0565 | 10:43:20 |  17.5s | 1.0e-04 | 0.0187 | 0.9530 | 0.9559 | 0.9579 | 0.0215 | 0.9342 | 0.9420 | 0.9236
0566 | 10:43:52 |  16.6s | 1.0e-04 | 0.0185 | 0.9532 | 0.9535 | 0.9563 | 0.0222 | 0.9398 | 0.9321 | 0.9163
0567 | 10:44:23 |  15.8s | 1.0e-04 | 0.0187 | 0.9525 | 0.9554 | 0.9565 | 0.0219 | 0.9419 | 0.9297 | 0.9211
0568 | 10:44:53 |  16.0s | 1.0e-04 | 0.0189 | 0.9534 | 0.9542 | 0.9569 | 0.0208 | 0.9357 | 0.9462 | 0.9324
0569 | 10:45:24 |  14.3s | 1.0e-04 | 0.0189 | 0.9522 | 0.9544 | 0.9556 | 0.0217 | 0.9348 | 0.9407 | 0.9236
0570 | 10:45:54 |  15.9s | 1.0e-04 | 0.0187 | 0.9509 | 0.9543 | 0.9541 | 0.0224 | 0.9401 | 0.9342 | 0.9236
0571 | 10:46:24 |  16.9s | 1.0e-04 | 0.0191 | 0.9516 | 0.9535 | 0.9542 | 0.0221 | 0.9399 | 0.9331 | 0.9255
0572 | 10:46:57 |  16.7s | 1.0e-04 | 0.0185 | 0.9527 | 0.9549 | 0.9567 | 0.0219 | 0.9416 | 0.9290 | 0.9230
0573 | 10:47:27 |  17.9s | 1.0e-04 | 0.0184 | 0.9509 | 0.9546 | 0.9547 | 0.0210 | 0.9385 | 0.9421 | 0.9328
0574 | 10:47:57 |  18.0s | 1.0e-04 | 0.0189 | 0.9505 | 0.9539 | 0.9540 | 0.0221 | 0.9326 | 0.9478 | 0.9299
0575 | 10:48:30 |  19.3s | 1.0e-04 | 0.0188 | 0.9520 | 0.9542 | 0.9551 | 0.0230 | 0.9297 | 0.9384 | 0.9158
0576 | 10:49:04 |  20.5s | 1.0e-04 | 0.0183 | 0.9522 | 0.9569 | 0.9579 | 0.0218 | 0.9338 | 0.9517 | 0.9365
0577 | 10:49:38 |  20.1s | 1.0e-04 | 0.0180 | 0.9519 | 0.9556 | 0.9572 | 0.0217 | 0.9207 | 0.9509 | 0.9215
0578 | 10:50:13 |  18.6s | 1.0e-04 | 0.0188 | 0.9521 | 0.9537 | 0.9557 | 0.0217 | 0.9412 | 0.9342 | 0.9228
0579 | 10:50:47 |  18.1s | 1.0e-04 | 0.0185 | 0.9519 | 0.9537 | 0.9551 | 0.0215 | 0.9394 | 0.9369 | 0.9253
0580 | 10:51:21 |  29.5s | 1.0e-04 | 0.0185 | 0.9527 | 0.9526 | 0.9551 | 0.0225 | 0.9353 | 0.9392 | 0.9244
0581 | 10:52:06 |  19.7s | 1.0e-04 | 0.0190 | 0.9504 | 0.9524 | 0.9527 | 0.0212 | 0.9374 | 0.9446 | 0.9320
0582 | 10:52:41 |  18.4s | 1.0e-04 | 0.0187 | 0.9515 | 0.9525 | 0.9534 | 0.0218 | 0.9267 | 0.9521 | 0.9315
0583 | 10:53:13 |  28.7s | 1.0e-04 | 0.0182 | 0.9529 | 0.9532 | 0.9560 | 0.0211 | 0.9355 | 0.9467 | 0.9306
0584 | 10:53:57 |  38.2s | 1.0e-04 | 0.0177 | 0.9524 | 0.9535 | 0.9551 | 0.0237 | 0.9340 | 0.9400 | 0.9211
0585 | 10:54:57 |  43.9s | 1.0e-04 | 0.0180 | 0.9530 | 0.9556 | 0.9574 | 0.0228 | 0.9383 | 0.9357 | 0.9226
0586 | 10:55:54 |  25.5s | 1.0e-04 | 0.0178 | 0.9528 | 0.9544 | 0.9561 | 0.0228 | 0.9495 | 0.9293 | 0.9315
0587 | 10:56:36 |  22.3s | 1.0e-04 | 0.0182 | 0.9509 | 0.9529 | 0.9537 | 0.0217 | 0.9420 | 0.9374 | 0.9275
0588 | 10:57:14 |  23.4s | 1.0e-04 | 0.0184 | 0.9533 | 0.9501 | 0.9534 | 0.0221 | 0.9419 | 0.9330 | 0.9258
0589 | 10:57:53 |  25.6s | 1.0e-04 | 0.0184 | 0.9526 | 0.9522 | 0.9541 | 0.0211 | 0.9452 | 0.9330 | 0.9325
0590 | 10:58:37 |  24.5s | 1.0e-04 | 0.0186 | 0.9520 | 0.9521 | 0.9541 | 0.0222 | 0.9381 | 0.9318 | 0.9220
0591 | 10:59:15 |  25.8s | 1.0e-04 | 0.0183 | 0.9515 | 0.9510 | 0.9525 | 0.0220 | 0.9431 | 0.9347 | 0.9306
0592 | 11:00:00 |  25.0s | 1.0e-04 | 0.0185 | 0.9530 | 0.9523 | 0.9550 | 0.0217 | 0.9379 | 0.9434 | 0.9308
0593 | 11:00:41 |  25.2s | 1.0e-04 | 0.0180 | 0.9520 | 0.9521 | 0.9536 | 0.0217 | 0.9332 | 0.9465 | 0.9290
0594 | 11:01:25 |  21.9s | 1.0e-04 | 0.0184 | 0.9513 | 0.9544 | 0.9547 | 0.0217 | 0.9403 | 0.9359 | 0.9249
0595 | 11:02:04 |  23.3s | 1.0e-04 | 0.0181 | 0.9512 | 0.9533 | 0.9540 | 0.0227 | 0.9311 | 0.9459 | 0.9265
0596 | 11:02:40 |  25.4s | 1.0e-04 | 0.0182 | 0.9524 | 0.9538 | 0.9561 | 0.0222 | 0.9264 | 0.9479 | 0.9240
0597 | 11:03:23 |  22.0s | 1.0e-04 | 0.0183 | 0.9522 | 0.9537 | 0.9549 | 0.0229 | 0.9248 | 0.9440 | 0.9176
0598 | 11:04:01 |  23.5s | 1.0e-04 | 0.0186 | 0.9515 | 0.9518 | 0.9533 | 0.0225 | 0.9365 | 0.9451 | 0.9302
0599 | 11:04:40 |  25.6s | 1.0e-04 | 0.0183 | 0.9519 | 0.9529 | 0.9538 | 0.0210 | 0.9306 | 0.9478 | 0.9273
0600 | 11:05:22 |  24.5s | 1.0e-04 | 0.0184 | 0.9500 | 0.9528 | 0.9522 | 0.0218 | 0.9314 | 0.9438 | 0.9249
0601 | 11:06:02 |  26.2s | 1.0e-04 | 0.0180 | 0.9512 | 0.9514 | 0.9522 | 0.0223 | 0.9332 | 0.9434 | 0.9248
0602 | 11:06:44 |  23.8s | 1.0e-04 | 0.0177 | 0.9512 | 0.9521 | 0.9529 | 0.0217 | 0.9433 | 0.9339 | 0.9280
0603 | 11:07:25 |  33.0s | 1.0e-04 | 0.0180 | 0.9514 | 0.9519 | 0.9532 | 0.0234 | 0.9346 | 0.9338 | 0.9203
0604 | 11:08:15 |  22.2s | 1.0e-04 | 0.0177 | 0.9525 | 0.9548 | 0.9571 | 0.0222 | 0.9367 | 0.9375 | 0.9233
0605 | 11:08:53 |  34.2s | 1.0e-04 | 0.0185 | 0.9514 | 0.9544 | 0.9548 | 0.0210 | 0.9422 | 0.9358 | 0.9255
0606 | 11:09:44 |  22.1s | 1.0e-04 | 0.0183 | 0.9491 | 0.9507 | 0.9502 | 0.0216 | 0.9425 | 0.9375 | 0.9280
0607 | 11:10:22 |  26.2s | 1.0e-04 | 0.0178 | 0.9514 | 0.9536 | 0.9546 | 0.0228 | 0.9298 | 0.9532 | 0.9328
0608 | 11:11:05 |  24.6s | 1.0e-04 | 0.0177 | 0.9536 | 0.9540 | 0.9566 | 0.0221 | 0.9433 | 0.9387 | 0.9322
0609 | 11:11:45 |  25.8s | 1.0e-04 | 0.0183 | 0.9512 | 0.9521 | 0.9536 | 0.0216 | 0.9355 | 0.9375 | 0.9207
0610 | 11:12:27 |  26.1s | 1.0e-04 | 0.0181 | 0.9521 | 0.9535 | 0.9551 | 0.0220 | 0.9426 | 0.9381 | 0.9282
0611 | 11:13:09 |  26.4s | 1.0e-04 | 0.0178 | 0.9509 | 0.9525 | 0.9535 | 0.0219 | 0.9378 | 0.9451 | 0.9332
0612 | 11:13:50 |  25.8s | 1.0e-04 | 0.0175 | 0.9525 | 0.9537 | 0.9558 | 0.0214 | 0.9393 | 0.9412 | 0.9305
0613 | 11:14:34 |  25.2s | 1.0e-04 | 0.0184 | 0.9519 | 0.9516 | 0.9531 | 0.0228 | 0.9442 | 0.9326 | 0.9251
0614 | 11:15:15 |  25.1s | 1.0e-04 | 0.0182 | 0.9523 | 0.9544 | 0.9559 | 0.0218 | 0.9360 | 0.9393 | 0.9250
0615 | 11:15:58 |  21.4s | 1.0e-04 | 0.0180 | 0.9525 | 0.9517 | 0.9538 | 0.0218 | 0.9453 | 0.9378 | 0.9361
0616 | 11:16:34 |  24.9s | 1.0e-04 | 0.0180 | 0.9534 | 0.9517 | 0.9549 | 0.0217 | 0.9404 | 0.9395 | 0.9280
0617 | 11:17:14 |  25.1s | 1.0e-04 | 0.0184 | 0.9508 | 0.9520 | 0.9528 | 0.0222 | 0.9293 | 0.9477 | 0.9272
0618 | 11:17:58 |  23.2s | 1.0e-04 | 0.0180 | 0.9522 | 0.9536 | 0.9556 | 0.0210 | 0.9427 | 0.9349 | 0.9273
0619 | 11:18:36 |  24.7s | 1.0e-04 | 0.0181 | 0.9513 | 0.9523 | 0.9533 | 0.0216 | 0.9349 | 0.9393 | 0.9237
0620 | 11:19:21 |  20.5s | 1.0e-04 | 0.0186 | 0.9501 | 0.9514 | 0.9513 | 0.0220 | 0.9439 | 0.9369 | 0.9317
0621 | 11:19:57 |  35.7s | 1.0e-04 | 0.0186 | 0.9507 | 0.9521 | 0.9529 | 0.0217 | 0.9470 | 0.9323 | 0.9330
0622 | 11:20:49 |  22.7s | 1.0e-04 | 0.0189 | 0.9513 | 0.9527 | 0.9534 | 0.0220 | 0.9542 | 0.9238 | 0.9340
0623 | 11:21:26 |  25.6s | 1.0e-04 | 0.0187 | 0.9510 | 0.9534 | 0.9535 | 0.0227 | 0.9362 | 0.9397 | 0.9245
0624 | 11:22:08 |  46.3s | 1.0e-04 | 0.0194 | 0.9499 | 0.9534 | 0.9526 | 0.0214 | 0.9453 | 0.9239 | 0.9207
0625 | 11:23:12 |  26.5s | 1.0e-04 | 0.0198 | 0.9500 | 0.9502 | 0.9502 | 0.0219 | 0.9466 | 0.9292 | 0.9246
0626 | 11:23:55 |  25.0s | 1.0e-04 | 0.0196 | 0.9486 | 0.9521 | 0.9505 | 0.0209 | 0.9438 | 0.9354 | 0.9289
0627 | 11:24:35 |  23.2s | 1.0e-04 | 0.0203 | 0.9476 | 0.9480 | 0.9462 | 0.0222 | 0.9353 | 0.9454 | 0.9291
0628 | 11:25:15 |  23.4s | 1.0e-04 | 0.0198 | 0.9478 | 0.9493 | 0.9473 | 0.0215 | 0.9379 | 0.9380 | 0.9253
0629 | 11:25:55 |  22.0s | 1.0e-04 | 0.0195 | 0.9499 | 0.9504 | 0.9501 | 0.0211 | 0.9438 | 0.9366 | 0.9289
0630 | 11:26:31 |  23.4s | 1.0e-04 | 0.0200 | 0.9497 | 0.9491 | 0.9488 | 0.0210 | 0.9415 | 0.9441 | 0.9350
0631 | 11:27:12 |  22.4s | 1.0e-04 | 0.0195 | 0.9504 | 0.9498 | 0.9502 | 0.0203 | 0.9383 | 0.9488 | 0.9369
0632 | 11:27:48 |  23.6s | 1.0e-04 | 0.0201 | 0.9477 | 0.9501 | 0.9479 | 0.0215 | 0.9357 | 0.9412 | 0.9285
0633 | 11:28:28 |  23.3s | 1.0e-04 | 0.0195 | 0.9488 | 0.9503 | 0.9492 | 0.0208 | 0.9331 | 0.9514 | 0.9343
0634 | 11:29:05 |  23.8s | 1.0e-04 | 0.0197 | 0.9460 | 0.9515 | 0.9475 | 0.0204 | 0.9376 | 0.9501 | 0.9377
0635 | 11:29:45 |  24.0s | 1.0e-04 | 0.0198 | 0.9487 | 0.9500 | 0.9488 | 0.0224 | 0.9348 | 0.9489 | 0.9346
0636 | 11:30:23 |  23.0s | 1.0e-04 | 0.0196 | 0.9483 | 0.9506 | 0.9491 | 0.0219 | 0.9421 | 0.9317 | 0.9230
0637 | 11:31:00 |  22.9s | 1.0e-04 | 0.0196 | 0.9473 | 0.9510 | 0.9483 | 0.0219 | 0.9428 | 0.9416 | 0.9349
0638 | 11:31:41 |  24.2s | 1.0e-04 | 0.0199 | 0.9475 | 0.9494 | 0.9470 | 0.0225 | 0.9408 | 0.9398 | 0.9307
0639 | 11:32:19 |  23.6s | 1.0e-04 | 0.0200 | 0.9495 | 0.9503 | 0.9497 | 0.0216 | 0.9387 | 0.9429 | 0.9321
0640 | 11:33:01 |  23.3s | 1.0e-04 | 0.0200 | 0.9485 | 0.9472 | 0.9462 | 0.0216 | 0.9309 | 0.9530 | 0.9351
0641 | 11:33:37 |  22.5s | 1.0e-04 | 0.0199 | 0.9493 | 0.9493 | 0.9487 | 0.0209 | 0.9497 | 0.9352 | 0.9353
0642 | 11:34:15 |  28.3s | 1.0e-04 | 0.0196 | 0.9504 | 0.9498 | 0.9502 | 0.0213 | 0.9515 | 0.9312 | 0.9311
0643 | 11:35:01 |  23.1s | 1.0e-04 | 0.0194 | 0.9505 | 0.9497 | 0.9503 | 0.0209 | 0.9403 | 0.9406 | 0.9289
0644 | 11:35:38 |  23.8s | 1.0e-04 | 0.0190 | 0.9504 | 0.9514 | 0.9513 | 0.0221 | 0.9453 | 0.9330 | 0.9256
0645 | 11:36:17 |  31.1s | 1.0e-04 | 0.0195 | 0.9491 | 0.9522 | 0.9511 | 0.0221 | 0.9328 | 0.9468 | 0.9293
0646 | 11:37:05 |  33.4s | 1.0e-04 | 0.0192 | 0.9515 | 0.9533 | 0.9539 | 0.0221 | 0.9372 | 0.9392 | 0.9273
0647 | 11:37:56 |  24.7s | 1.0e-04 | 0.0196 | 0.9529 | 0.9531 | 0.9556 | 0.0220 | 0.9446 | 0.9310 | 0.9212
0648 | 11:38:39 |  24.9s | 1.0e-04 | 0.0193 | 0.9519 | 0.9540 | 0.9552 | 0.0212 | 0.9500 | 0.9292 | 0.9300
0649 | 11:39:19 |  24.0s | 1.0e-04 | 0.0192 | 0.9523 | 0.9544 | 0.9560 | 0.0221 | 0.9333 | 0.9495 | 0.9326
0650 | 11:39:57 |  23.7s | 1.0e-04 | 0.0190 | 0.9528 | 0.9554 | 0.9573 | 0.0214 | 0.9535 | 0.9283 | 0.9368
0651 | 11:40:38 |  24.2s | 1.0e-04 | 0.0192 | 0.9514 | 0.9535 | 0.9540 | 0.0208 | 0.9481 | 0.9330 | 0.9325
0652 | 11:41:16 |  24.4s | 1.0e-04 | 0.0190 | 0.9526 | 0.9544 | 0.9565 | 0.0218 | 0.9391 | 0.9482 | 0.9365
0653 | 11:41:58 |  24.4s | 1.0e-04 | 0.0189 | 0.9545 | 0.9565 | 0.9598 | 0.0215 | 0.9304 | 0.9481 | 0.9287
0654 | 11:42:41 |  25.1s | 1.0e-04 | 0.0188 | 0.9522 | 0.9556 | 0.9563 | 0.0207 | 0.9380 | 0.9408 | 0.9258
0655 | 11:43:20 |  24.8s | 1.0e-04 | 0.0191 | 0.9509 | 0.9551 | 0.9553 | 0.0198 | 0.9381 | 0.9423 | 0.9287
0656 | 11:44:01 |  24.5s | 1.0e-04 | 0.0194 | 0.9528 | 0.9543 | 0.9562 | 0.0223 | 0.9350 | 0.9396 | 0.9244
0657 | 11:44:42 |  21.2s | 1.0e-04 | 0.0190 | 0.9522 | 0.9542 | 0.9561 | 0.0225 | 0.9293 | 0.9466 | 0.9239
0658 | 11:45:20 |  28.5s | 1.0e-04 | 0.0196 | 0.9518 | 0.9526 | 0.9537 | 0.0215 | 0.9413 | 0.9375 | 0.9273
0659 | 11:46:09 |  36.5s | 1.0e-04 | 0.0193 | 0.9513 | 0.9541 | 0.9548 | 0.0212 | 0.9316 | 0.9488 | 0.9306
0660 | 11:47:01 |  22.2s | 1.0e-04 | 0.0191 | 0.9519 | 0.9548 | 0.9557 | 0.0216 | 0.9477 | 0.9335 | 0.9295
0661 | 11:47:38 |  22.5s | 1.0e-04 | 0.0185 | 0.9551 | 0.9564 | 0.9596 | 0.0215 | 0.9396 | 0.9370 | 0.9279
0662 | 11:48:16 |  22.8s | 1.0e-04 | 0.0193 | 0.9518 | 0.9533 | 0.9547 | 0.0212 | 0.9341 | 0.9441 | 0.9258
0663 | 11:48:56 |  31.8s | 1.0e-04 | 0.0189 | 0.9535 | 0.9549 | 0.9576 | 0.0223 | 0.9419 | 0.9388 | 0.9324
0664 | 11:49:44 |  22.7s | 1.0e-04 | 0.0184 | 0.9538 | 0.9552 | 0.9581 | 0.0212 | 0.9410 | 0.9341 | 0.9281
0665 | 11:50:21 |  21.3s | 1.0e-04 | 0.0183 | 0.9540 | 0.9554 | 0.9581 | 0.0214 | 0.9463 | 0.9320 | 0.9290
0666 | 11:50:58 |  30.1s | 1.0e-04 | 0.0182 | 0.9532 | 0.9563 | 0.9583 | 0.0228 | 0.9338 | 0.9402 | 0.9240
0667 | 11:51:44 |  35.1s | 1.0e-04 | 0.0182 | 0.9535 | 0.9535 | 0.9562 | 0.0222 | 0.9324 | 0.9419 | 0.9246
0668 | 11:52:33 |  21.9s | 1.0e-04 | 0.0175 | 0.9532 | 0.9545 | 0.9566 | 0.0220 | 0.9367 | 0.9348 | 0.9213
0669 | 11:53:10 |  24.0s | 1.0e-04 | 0.0178 | 0.9528 | 0.9559 | 0.9572 | 0.0213 | 0.9391 | 0.9427 | 0.9317
0670 | 11:53:50 |  22.3s | 1.0e-04 | 0.0181 | 0.9543 | 0.9547 | 0.9577 | 0.0218 | 0.9352 | 0.9463 | 0.9310
0671 | 11:54:29 |  22.1s | 1.0e-04 | 0.0182 | 0.9531 | 0.9539 | 0.9568 | 0.0219 | 0.9447 | 0.9364 | 0.9295
0672 | 11:55:09 |  20.6s | 1.0e-04 | 0.0174 | 0.9546 | 0.9568 | 0.9598 | 0.0219 | 0.9267 | 0.9506 | 0.9271
0673 | 11:55:46 |  19.3s | 1.0e-04 | 0.0177 | 0.9550 | 0.9553 | 0.9600 | 0.0221 | 0.9354 | 0.9397 | 0.9259
0674 | 11:56:21 |  19.3s | 1.0e-04 | 0.0174 | 0.9543 | 0.9553 | 0.9587 | 0.0221 | 0.9371 | 0.9471 | 0.9347
0675 | 11:56:54 |  19.0s | 1.0e-04 | 0.0173 | 0.9539 | 0.9562 | 0.9588 | 0.0215 | 0.9451 | 0.9390 | 0.9336
0676 | 11:57:28 |  20.0s | 1.0e-04 | 0.0180 | 0.9547 | 0.9530 | 0.9572 | 0.0222 | 0.9408 | 0.9366 | 0.9256
0677 | 11:58:03 |  20.4s | 1.0e-04 | 0.0179 | 0.9529 | 0.9558 | 0.9575 | 0.0210 | 0.9392 | 0.9448 | 0.9334
0678 | 11:58:38 |  22.4s | 1.0e-04 | 0.0182 | 0.9527 | 0.9555 | 0.9575 | 0.0206 | 0.9421 | 0.9355 | 0.9272
0679 | 11:59:16 |  24.3s | 1.0e-04 | 0.0181 | 0.9528 | 0.9548 | 0.9567 | 0.0214 | 0.9356 | 0.9441 | 0.9266
0680 | 11:59:55 |  22.4s | 1.0e-04 | 0.0178 | 0.9542 | 0.9554 | 0.9588 | 0.0213 | 0.9399 | 0.9395 | 0.9278
0681 | 12:00:33 |  22.4s | 1.0e-04 | 0.0176 | 0.9530 | 0.9545 | 0.9568 | 0.0207 | 0.9382 | 0.9457 | 0.9335
0682 | 12:01:10 |  22.9s | 1.0e-04 | 0.0177 | 0.9534 | 0.9559 | 0.9586 | 0.0225 | 0.9332 | 0.9472 | 0.9287
0683 | 12:01:50 |  20.4s | 1.0e-04 | 0.0176 | 0.9528 | 0.9570 | 0.9578 | 0.0217 | 0.9328 | 0.9471 | 0.9291
0684 | 12:02:27 |  28.7s | 1.0e-04 | 0.0174 | 0.9530 | 0.9542 | 0.9566 | 0.0211 | 0.9437 | 0.9384 | 0.9315
0685 | 12:03:11 |  23.3s | 1.0e-04 | 0.0180 | 0.9538 | 0.9541 | 0.9576 | 0.0218 | 0.9487 | 0.9362 | 0.9355
0686 | 12:03:51 |  20.9s | 1.0e-04 | 0.0179 | 0.9516 | 0.9564 | 0.9566 | 0.0214 | 0.9473 | 0.9277 | 0.9269
0687 | 12:04:28 |  31.0s | 1.0e-04 | 0.0181 | 0.9537 | 0.9540 | 0.9571 | 0.0224 | 0.9442 | 0.9342 | 0.9311
0688 | 12:05:15 |  30.7s | 1.0e-04 | 0.0180 | 0.9542 | 0.9552 | 0.9585 | 0.0208 | 0.9371 | 0.9489 | 0.9360
0689 | 12:06:03 |  21.7s | 1.0e-04 | 0.0181 | 0.9522 | 0.9552 | 0.9566 | 0.0205 | 0.9420 | 0.9430 | 0.9337
0690 | 12:06:41 |  19.0s | 1.0e-04 | 0.0183 | 0.9528 | 0.9574 | 0.9585 | 0.0205 | 0.9458 | 0.9377 | 0.9302
0691 | 12:07:15 |  21.6s | 1.0e-04 | 0.0177 | 0.9539 | 0.9583 | 0.9608 | 0.0217 | 0.9386 | 0.9417 | 0.9285
0692 | 12:07:52 |  22.5s | 1.0e-04 | 0.0176 | 0.9551 | 0.9578 | 0.9619 | 0.0226 | 0.9503 | 0.9324 | 0.9301
0693 | 12:08:30 |  22.4s | 1.0e-04 | 0.0180 | 0.9551 | 0.9559 | 0.9601 | 0.0225 | 0.9386 | 0.9336 | 0.9204
0694 | 12:09:07 |  22.9s | 1.0e-04 | 0.0187 | 0.9529 | 0.9563 | 0.9588 | 0.0229 | 0.9429 | 0.9323 | 0.9267
0695 | 12:09:45 |  23.4s | 1.0e-04 | 0.0178 | 0.9537 | 0.9550 | 0.9580 | 0.0228 | 0.9381 | 0.9420 | 0.9271
0696 | 12:10:23 |  24.0s | 1.0e-04 | 0.0177 | 0.9541 | 0.9574 | 0.9604 | 0.0214 | 0.9387 | 0.9404 | 0.9282
0697 | 12:11:03 |  21.1s | 1.0e-04 | 0.0183 | 0.9524 | 0.9561 | 0.9581 | 0.0218 | 0.9390 | 0.9416 | 0.9298
0698 | 12:11:39 |  20.5s | 1.0e-04 | 0.0179 | 0.9553 | 0.9573 | 0.9617 | 0.0220 | 0.9364 | 0.9391 | 0.9215
0699 | 12:12:15 |  19.6s | 1.0e-04 | 0.0186 | 0.9533 | 0.9557 | 0.9585 | 0.0220 | 0.9335 | 0.9449 | 0.9275
0700 | 12:12:52 |  19.6s | 1.0e-04 | 0.0178 | 0.9533 | 0.9554 | 0.9575 | 0.0223 | 0.9399 | 0.9377 | 0.9228
0701 | 12:13:27 |  20.4s | 1.0e-04 | 0.0182 | 0.9537 | 0.9552 | 0.9578 | 0.0217 | 0.9426 | 0.9359 | 0.9291
0702 | 12:14:04 |  20.8s | 1.0e-04 | 0.0180 | 0.9536 | 0.9558 | 0.9584 | 0.0225 | 0.9404 | 0.9325 | 0.9214
0703 | 12:14:39 |  19.9s | 1.0e-04 | 0.0176 | 0.9542 | 0.9566 | 0.9596 | 0.0203 | 0.9384 | 0.9446 | 0.9325
0704 | 12:15:15 |  21.7s | 1.0e-04 | 0.0179 | 0.9536 | 0.9558 | 0.9577 | 0.0212 | 0.9325 | 0.9472 | 0.9292
0705 | 12:15:52 |  30.3s | 1.0e-04 | 0.0175 | 0.9549 | 0.9572 | 0.9612 | 0.0219 | 0.9355 | 0.9439 | 0.9282
0706 | 12:16:39 |  18.0s | 1.0e-04 | 0.0179 | 0.9549 | 0.9557 | 0.9593 | 0.0224 | 0.9236 | 0.9501 | 0.9236
0707 | 12:17:09 |  13.2s | 1.0e-04 | 0.0176 | 0.9549 | 0.9563 | 0.9604 | 0.0214 | 0.9405 | 0.9448 | 0.9345
0708 | 12:17:32 |  21.4s | 1.0e-04 | 0.0176 | 0.9541 | 0.9564 | 0.9600 | 0.0223 | 0.9343 | 0.9421 | 0.9265
0709 | 12:18:03 |  22.0s | 1.0e-04 | 0.0163 | 0.9578 | 0.9609 | 0.9660 | 0.0226 | 0.9336 | 0.9424 | 0.9257
0710 | 12:18:35 |  12.7s | 1.0e-04 | 0.0163 | 0.9580 | 0.9600 | 0.9648 | 0.0221 | 0.9379 | 0.9377 | 0.9240
0711 | 12:18:57 |  12.5s | 1.0e-04 | 0.0161 | 0.9581 | 0.9588 | 0.9647 | 0.0205 | 0.9478 | 0.9362 | 0.9339
0712 | 12:19:19 |  12.6s | 1.0e-04 | 0.0163 | 0.9566 | 0.9628 | 0.9655 | 0.0216 | 0.9429 | 0.9338 | 0.9261
0713 | 12:19:42 |  12.6s | 1.0e-04 | 0.0168 | 0.9563 | 0.9576 | 0.9624 | 0.0221 | 0.9404 | 0.9316 | 0.9193
0714 | 12:20:04 |  12.9s | 1.0e-04 | 0.0165 | 0.9570 | 0.9586 | 0.9636 | 0.0228 | 0.9343 | 0.9417 | 0.9259
0715 | 12:20:27 |  12.5s | 1.0e-04 | 0.0161 | 0.9571 | 0.9603 | 0.9648 | 0.0218 | 0.9244 | 0.9534 | 0.9289
0716 | 12:20:49 |  12.6s | 1.0e-04 | 0.0169 | 0.9565 | 0.9610 | 0.9649 | 0.0218 | 0.9389 | 0.9414 | 0.9286
0717 | 12:21:11 |  12.6s | 1.0e-04 | 0.0168 | 0.9557 | 0.9572 | 0.9614 | 0.0226 | 0.9285 | 0.9497 | 0.9284
0718 | 12:21:34 |  12.7s | 1.0e-04 | 0.0170 | 0.9541 | 0.9598 | 0.9620 | 0.0216 | 0.9383 | 0.9377 | 0.9258
0719 | 12:21:56 |  12.5s | 1.0e-04 | 0.0163 | 0.9577 | 0.9587 | 0.9645 | 0.0217 | 0.9423 | 0.9324 | 0.9252
0720 | 12:22:18 |  13.0s | 1.0e-04 | 0.0167 | 0.9571 | 0.9578 | 0.9639 | 0.0223 | 0.9330 | 0.9442 | 0.9275
0721 | 12:22:41 |  13.5s | 1.0e-04 | 0.0167 | 0.9571 | 0.9595 | 0.9639 | 0.0211 | 0.9407 | 0.9401 | 0.9304
0722 | 12:23:04 |  12.8s | 1.0e-04 | 0.0169 | 0.9564 | 0.9583 | 0.9626 | 0.0217 | 0.9310 | 0.9382 | 0.9212
0723 | 12:23:27 |  12.7s | 1.0e-04 | 0.0168 | 0.9557 | 0.9589 | 0.9622 | 0.0217 | 0.9407 | 0.9371 | 0.9272
0724 | 12:23:49 |  12.4s | 1.0e-04 | 0.0166 | 0.9560 | 0.9588 | 0.9616 | 0.0225 | 0.9322 | 0.9387 | 0.9192
0725 | 12:24:11 |  12.5s | 1.0e-04 | 0.0161 | 0.9568 | 0.9588 | 0.9640 | 0.0216 | 0.9352 | 0.9371 | 0.9189
0726 | 12:24:34 |  12.5s | 1.0e-04 | 0.0173 | 0.9543 | 0.9556 | 0.9583 | 0.0212 | 0.9452 | 0.9347 | 0.9312
0727 | 12:24:56 |  12.4s | 1.0e-04 | 0.0167 | 0.9548 | 0.9591 | 0.9620 | 0.0216 | 0.9434 | 0.9337 | 0.9294
0728 | 12:25:18 |  21.4s | 1.0e-04 | 0.0167 | 0.9565 | 0.9575 | 0.9627 | 0.0224 | 0.9336 | 0.9507 | 0.9345
0729 | 12:25:49 |  12.8s | 1.0e-04 | 0.0166 | 0.9559 | 0.9573 | 0.9614 | 0.0218 | 0.9416 | 0.9373 | 0.9325
0730 | 12:26:11 |  22.2s | 1.0e-04 | 0.0178 | 0.9541 | 0.9530 | 0.9567 | 0.0207 | 0.9478 | 0.9330 | 0.9329
0731 | 12:26:43 |  12.8s | 1.0e-04 | 0.0176 | 0.9544 | 0.9548 | 0.9579 | 0.0211 | 0.9348 | 0.9467 | 0.9313
0732 | 12:27:06 |  12.9s | 1.0e-04 | 0.0174 | 0.9525 | 0.9558 | 0.9574 | 0.0215 | 0.9548 | 0.9191 | 0.9273
0733 | 12:27:28 |  12.6s | 1.0e-04 | 0.0176 | 0.9537 | 0.9550 | 0.9582 | 0.0225 | 0.9363 | 0.9279 | 0.9123
0734 | 12:27:51 |  12.7s | 1.0e-04 | 0.0170 | 0.9554 | 0.9585 | 0.9614 | 0.0231 | 0.9315 | 0.9439 | 0.9239
0735 | 12:28:13 |  13.0s | 1.0e-04 | 0.0173 | 0.9526 | 0.9560 | 0.9578 | 0.0221 | 0.9334 | 0.9415 | 0.9231
0736 | 12:28:36 |  12.7s | 1.0e-04 | 0.0169 | 0.9553 | 0.9563 | 0.9607 | 0.0204 | 0.9353 | 0.9469 | 0.9317
0737 | 12:28:58 |  12.9s | 1.0e-04 | 0.0175 | 0.9516 | 0.9556 | 0.9559 | 0.0228 | 0.9417 | 0.9355 | 0.9275
0738 | 12:29:21 |  12.9s | 1.0e-04 | 0.0177 | 0.9538 | 0.9536 | 0.9564 | 0.0210 | 0.9463 | 0.9349 | 0.9311
0739 | 12:29:43 |  13.1s | 1.0e-04 | 0.0175 | 0.9524 | 0.9553 | 0.9564 | 0.0225 | 0.9400 | 0.9351 | 0.9254
0740 | 12:30:06 |  12.6s | 1.0e-04 | 0.0179 | 0.9526 | 0.9529 | 0.9563 | 0.0200 | 0.9399 | 0.9503 | 0.9404
0741 | 12:30:28 |  12.8s | 1.0e-04 | 0.0179 | 0.9528 | 0.9542 | 0.9562 | 0.0207 | 0.9381 | 0.9409 | 0.9269
0742 | 12:30:51 |  12.6s | 1.0e-04 | 0.0176 | 0.9539 | 0.9543 | 0.9573 | 0.0227 | 0.9338 | 0.9516 | 0.9359
0743 | 12:31:13 |  12.6s | 1.0e-04 | 0.0173 | 0.9531 | 0.9550 | 0.9576 | 0.0201 | 0.9382 | 0.9487 | 0.9365
0744 | 12:31:35 |  12.7s | 1.0e-04 | 0.0176 | 0.9532 | 0.9559 | 0.9578 | 0.0230 | 0.9228 | 0.9493 | 0.9217
0745 | 12:31:58 |  12.7s | 1.0e-04 | 0.0180 | 0.9521 | 0.9541 | 0.9556 | 0.0220 | 0.9362 | 0.9424 | 0.9279
0746 | 12:32:20 |  21.3s | 1.0e-04 | 0.0175 | 0.9529 | 0.9579 | 0.9595 | 0.0222 | 0.9419 | 0.9225 | 0.9135
0747 | 12:32:51 |  12.8s | 1.0e-04 | 0.0176 | 0.9539 | 0.9566 | 0.9597 | 0.0212 | 0.9494 | 0.9289 | 0.9329
0748 | 12:33:14 |  12.7s | 1.0e-04 | 0.0174 | 0.9551 | 0.9544 | 0.9589 | 0.0219 | 0.9390 | 0.9365 | 0.9269
0749 | 12:33:36 |  21.4s | 1.0e-04 | 0.0172 | 0.9545 | 0.9577 | 0.9602 | 0.0220 | 0.9395 | 0.9378 | 0.9269
0750 | 12:34:07 |  12.8s | 1.0e-04 | 0.0180 | 0.9551 | 0.9555 | 0.9592 | 0.0211 | 0.9334 | 0.9420 | 0.9260
0751 | 12:34:30 |  15.2s | 1.0e-04 | 0.0180 | 0.9522 | 0.9558 | 0.9568 | 0.0208 | 0.9379 | 0.9437 | 0.9307
0752 | 12:34:55 |  12.9s | 1.0e-04 | 0.0181 | 0.9518 | 0.9536 | 0.9540 | 0.0217 | 0.9355 | 0.9397 | 0.9243
0753 | 12:35:17 |  12.9s | 1.0e-04 | 0.0179 | 0.9529 | 0.9559 | 0.9579 | 0.0211 | 0.9436 | 0.9386 | 0.9316
0754 | 12:35:40 |  13.2s | 1.0e-04 | 0.0180 | 0.9537 | 0.9551 | 0.9578 | 0.0212 | 0.9318 | 0.9498 | 0.9316
0755 | 12:36:02 |  13.4s | 1.0e-04 | 0.0174 | 0.9527 | 0.9548 | 0.9565 | 0.0205 | 0.9417 | 0.9421 | 0.9326
0756 | 12:36:25 |  13.4s | 1.0e-04 | 0.0181 | 0.9512 | 0.9553 | 0.9551 | 0.0206 | 0.9482 | 0.9372 | 0.9362
0757 | 12:36:48 |  13.1s | 1.0e-04 | 0.0185 | 0.9512 | 0.9550 | 0.9549 | 0.0220 | 0.9405 | 0.9425 | 0.9346
0758 | 12:37:11 |  13.1s | 1.0e-04 | 0.0184 | 0.9522 | 0.9529 | 0.9548 | 0.0212 | 0.9418 | 0.9428 | 0.9322
0759 | 12:37:34 |  13.0s | 1.0e-04 | 0.0182 | 0.9526 | 0.9544 | 0.9562 | 0.0206 | 0.9317 | 0.9482 | 0.9303
0760 | 12:37:56 |  13.0s | 1.0e-04 | 0.0183 | 0.9521 | 0.9550 | 0.9564 | 0.0211 | 0.9442 | 0.9387 | 0.9335
0761 | 12:38:19 |  13.6s | 1.0e-04 | 0.0185 | 0.9520 | 0.9540 | 0.9555 | 0.0216 | 0.9480 | 0.9334 | 0.9329
0762 | 12:38:42 |  12.9s | 1.0e-04 | 0.0186 | 0.9519 | 0.9531 | 0.9545 | 0.0207 | 0.9393 | 0.9437 | 0.9310
0763 | 12:39:05 |  13.0s | 1.0e-04 | 0.0181 | 0.9529 | 0.9545 | 0.9568 | 0.0201 | 0.9431 | 0.9438 | 0.9353
0764 | 12:39:28 |  12.9s | 1.0e-04 | 0.0184 | 0.9535 | 0.9535 | 0.9573 | 0.0211 | 0.9388 | 0.9408 | 0.9302
0765 | 12:39:50 |  13.4s | 1.0e-04 | 0.0178 | 0.9529 | 0.9564 | 0.9575 | 0.0199 | 0.9441 | 0.9435 | 0.9393
0766 | 12:40:13 |  13.0s | 1.0e-04 | 0.0184 | 0.9518 | 0.9526 | 0.9541 | 0.0206 | 0.9327 | 0.9508 | 0.9338
0767 | 12:40:36 |  20.9s | 1.0e-04 | 0.0185 | 0.9522 | 0.9538 | 0.9559 | 0.0211 | 0.9312 | 0.9465 | 0.9286
0768 | 12:41:07 |  12.8s | 1.0e-04 | 0.0188 | 0.9531 | 0.9533 | 0.9559 | 0.0209 | 0.9442 | 0.9347 | 0.9302
0769 | 12:41:29 |  12.8s | 1.0e-04 | 0.0187 | 0.9538 | 0.9541 | 0.9576 | 0.0214 | 0.9450 | 0.9384 | 0.9333
0770 | 12:41:52 |  21.0s | 1.0e-04 | 0.0194 | 0.9507 | 0.9546 | 0.9540 | 0.0216 | 0.9432 | 0.9427 | 0.9357
0771 | 12:42:22 |  22.1s | 1.0e-04 | 0.0189 | 0.9525 | 0.9517 | 0.9542 | 0.0211 | 0.9445 | 0.9369 | 0.9293
0772 | 12:42:54 |  12.6s | 1.0e-04 | 0.0194 | 0.9546 | 0.9540 | 0.9584 | 0.0213 | 0.9364 | 0.9440 | 0.9283
0773 | 12:43:16 |  12.7s | 1.0e-04 | 0.0194 | 0.9519 | 0.9526 | 0.9542 | 0.0213 | 0.9373 | 0.9379 | 0.9257
0774 | 12:43:39 |  12.9s | 1.0e-04 | 0.0189 | 0.9534 | 0.9532 | 0.9557 | 0.0219 | 0.9299 | 0.9485 | 0.9283
0775 | 12:44:01 |  12.5s | 1.0e-04 | 0.0187 | 0.9539 | 0.9560 | 0.9580 | 0.0215 | 0.9334 | 0.9423 | 0.9271
0776 | 12:44:23 |  12.6s | 1.0e-04 | 0.0187 | 0.9547 | 0.9528 | 0.9577 | 0.0214 | 0.9471 | 0.9358 | 0.9359
0777 | 12:44:46 |  12.7s | 1.0e-04 | 0.0192 | 0.9534 | 0.9554 | 0.9573 | 0.0206 | 0.9401 | 0.9503 | 0.9406
0778 | 12:45:08 |  13.2s | 1.0e-04 | 0.0193 | 0.9526 | 0.9557 | 0.9579 | 0.0207 | 0.9385 | 0.9430 | 0.9304
0779 | 12:45:31 |  12.8s | 1.0e-04 | 0.0186 | 0.9547 | 0.9570 | 0.9604 | 0.0217 | 0.9401 | 0.9344 | 0.9252
0780 | 12:45:53 |  12.6s | 1.0e-04 | 0.0186 | 0.9536 | 0.9550 | 0.9586 | 0.0219 | 0.9373 | 0.9398 | 0.9263
0781 | 12:46:15 |  12.8s | 1.0e-04 | 0.0185 | 0.9537 | 0.9555 | 0.9579 | 0.0221 | 0.9303 | 0.9460 | 0.9250
0782 | 12:46:38 |  12.9s | 1.0e-04 | 0.0186 | 0.9535 | 0.9556 | 0.9579 | 0.0214 | 0.9362 | 0.9475 | 0.9328
0783 | 12:47:00 |  12.5s | 1.0e-04 | 0.0189 | 0.9512 | 0.9558 | 0.9560 | 0.0210 | 0.9437 | 0.9431 | 0.9361
0784 | 12:47:22 |  12.6s | 1.0e-04 | 0.0194 | 0.9525 | 0.9556 | 0.9572 | 0.0215 | 0.9347 | 0.9453 | 0.9269
0785 | 12:47:45 |  12.6s | 1.0e-04 | 0.0192 | 0.9520 | 0.9535 | 0.9551 | 0.0213 | 0.9401 | 0.9400 | 0.9280
0786 | 12:48:07 |  12.5s | 1.0e-04 | 0.0184 | 0.9542 | 0.9560 | 0.9589 | 0.0221 | 0.9355 | 0.9392 | 0.9246
0787 | 12:48:29 |  12.8s | 1.0e-04 | 0.0188 | 0.9542 | 0.9545 | 0.9579 | 0.0211 | 0.9341 | 0.9506 | 0.9346
0788 | 12:48:51 |  20.5s | 1.0e-04 | 0.0188 | 0.9514 | 0.9550 | 0.9559 | 0.0220 | 0.9460 | 0.9349 | 0.9278
0789 | 12:49:22 |  12.9s | 1.0e-04 | 0.0180 | 0.9538 | 0.9555 | 0.9586 | 0.0209 | 0.9400 | 0.9441 | 0.9343
0790 | 12:49:44 |  12.5s | 1.0e-04 | 0.0188 | 0.9509 | 0.9528 | 0.9531 | 0.0206 | 0.9513 | 0.9314 | 0.9338
0791 | 12:50:06 |  20.7s | 1.0e-04 | 0.0183 | 0.9517 | 0.9552 | 0.9564 | 0.0210 | 0.9401 | 0.9422 | 0.9307
0792 | 12:50:37 |  23.4s | 1.0e-04 | 0.0180 | 0.9531 | 0.9560 | 0.9581 | 0.0221 | 0.9440 | 0.9306 | 0.9247
0793 | 12:51:10 |  12.9s | 1.0e-04 | 0.0179 | 0.9525 | 0.9554 | 0.9568 | 0.0205 | 0.9471 | 0.9357 | 0.9351
0794 | 12:51:32 |  13.0s | 1.0e-04 | 0.0181 | 0.9533 | 0.9548 | 0.9568 | 0.0205 | 0.9387 | 0.9440 | 0.9316
0795 | 12:51:55 |  13.1s | 1.0e-04 | 0.0176 | 0.9540 | 0.9562 | 0.9587 | 0.0217 | 0.9366 | 0.9456 | 0.9319
0796 | 12:52:17 |  13.0s | 1.0e-04 | 0.0178 | 0.9522 | 0.9531 | 0.9547 | 0.0216 | 0.9401 | 0.9432 | 0.9352
0797 | 12:52:40 |  13.2s | 1.0e-04 | 0.0179 | 0.9527 | 0.9543 | 0.9563 | 0.0210 | 0.9379 | 0.9422 | 0.9293
0798 | 12:53:03 |  12.9s | 1.0e-04 | 0.0178 | 0.9513 | 0.9528 | 0.9537 | 0.0209 | 0.9430 | 0.9350 | 0.9271
0799 | 12:53:25 |  12.8s | 1.0e-04 | 0.0176 | 0.9530 | 0.9561 | 0.9580 | 0.0219 | 0.9389 | 0.9430 | 0.9349
0800 | 12:53:48 |  12.8s | 1.0e-04 | 0.0176 | 0.9533 | 0.9561 | 0.9580 | 0.0211 | 0.9308 | 0.9499 | 0.9308
0801 | 12:54:10 |  12.8s | 1.0e-04 | 0.0180 | 0.9530 | 0.9549 | 0.9572 | 0.0211 | 0.9388 | 0.9428 | 0.9329
0802 | 12:54:33 |  13.2s | 1.0e-04 | 0.0173 | 0.9551 | 0.9571 | 0.9603 | 0.0224 | 0.9398 | 0.9387 | 0.9295
0803 | 12:54:56 |  13.4s | 1.0e-04 | 0.0175 | 0.9534 | 0.9558 | 0.9584 | 0.0209 | 0.9320 | 0.9525 | 0.9344
0804 | 12:55:19 |  12.8s | 1.0e-04 | 0.0175 | 0.9545 | 0.9565 | 0.9599 | 0.0217 | 0.9492 | 0.9330 | 0.9339
0805 | 12:55:41 |  12.8s | 1.0e-04 | 0.0175 | 0.9535 | 0.9558 | 0.9581 | 0.0205 | 0.9466 | 0.9385 | 0.9356
0806 | 12:56:03 |  12.8s | 1.0e-04 | 0.0178 | 0.9545 | 0.9544 | 0.9580 | 0.0213 | 0.9377 | 0.9440 | 0.9315
0807 | 12:56:26 |  13.0s | 1.0e-04 | 0.0177 | 0.9540 | 0.9567 | 0.9598 | 0.0214 | 0.9525 | 0.9298 | 0.9355
0808 | 12:56:48 |  12.8s | 1.0e-04 | 0.0178 | 0.9526 | 0.9537 | 0.9555 | 0.0206 | 0.9361 | 0.9496 | 0.9350
0809 | 12:57:11 |  21.5s | 1.0e-04 | 0.0181 | 0.9531 | 0.9571 | 0.9586 | 0.0207 | 0.9320 | 0.9479 | 0.9295
0810 | 12:57:42 |  13.2s | 1.0e-04 | 0.0182 | 0.9552 | 0.9554 | 0.9595 | 0.0208 | 0.9456 | 0.9355 | 0.9284
0811 | 12:58:04 |  12.8s | 1.0e-04 | 0.0177 | 0.9544 | 0.9571 | 0.9602 | 0.0209 | 0.9505 | 0.9299 | 0.9328
0812 | 12:58:27 |  20.7s | 1.0e-04 | 0.0175 | 0.9529 | 0.9550 | 0.9569 | 0.0211 | 0.9463 | 0.9387 | 0.9333
0813 | 12:58:57 |  21.8s | 1.0e-04 | 0.0179 | 0.9534 | 0.9565 | 0.9586 | 0.0204 | 0.9412 | 0.9455 | 0.9384
0814 | 12:59:28 |  12.5s | 1.0e-04 | 0.0177 | 0.9552 | 0.9581 | 0.9612 | 0.0217 | 0.9355 | 0.9398 | 0.9251
0815 | 12:59:51 |  12.6s | 1.0e-04 | 0.0179 | 0.9535 | 0.9552 | 0.9578 | 0.0228 | 0.9445 | 0.9250 | 0.9204
0816 | 13:00:13 |  13.1s | 1.0e-04 | 0.0173 | 0.9561 | 0.9574 | 0.9614 | 0.0219 | 0.9358 | 0.9467 | 0.9300
0817 | 13:00:35 |  12.6s | 1.0e-04 | 0.0179 | 0.9539 | 0.9558 | 0.9587 | 0.0214 | 0.9356 | 0.9504 | 0.9359
0818 | 13:00:58 |  12.6s | 1.0e-04 | 0.0182 | 0.9540 | 0.9568 | 0.9593 | 0.0213 | 0.9356 | 0.9423 | 0.9261
0819 | 13:01:20 |  12.6s | 1.0e-04 | 0.0177 | 0.9538 | 0.9567 | 0.9594 | 0.0220 | 0.9385 | 0.9451 | 0.9326
0820 | 13:01:42 |  12.7s | 1.0e-04 | 0.0172 | 0.9550 | 0.9559 | 0.9599 | 0.0216 | 0.9375 | 0.9466 | 0.9321
0821 | 13:02:04 |  12.5s | 1.0e-04 | 0.0175 | 0.9547 | 0.9573 | 0.9601 | 0.0203 | 0.9488 | 0.9372 | 0.9348
0822 | 13:02:27 |  12.6s | 1.0e-04 | 0.0175 | 0.9555 | 0.9581 | 0.9621 | 0.0221 | 0.9359 | 0.9438 | 0.9282
0823 | 13:02:49 |  12.6s | 1.0e-04 | 0.0177 | 0.9550 | 0.9562 | 0.9591 | 0.0221 | 0.9416 | 0.9363 | 0.9289
0824 | 13:03:11 |  12.5s | 1.0e-04 | 0.0174 | 0.9548 | 0.9581 | 0.9600 | 0.0216 | 0.9459 | 0.9324 | 0.9304
0825 | 13:03:33 |  12.6s | 1.0e-04 | 0.0176 | 0.9539 | 0.9569 | 0.9594 | 0.0217 | 0.9335 | 0.9494 | 0.9325
0826 | 13:03:55 |  12.9s | 1.0e-04 | 0.0181 | 0.9535 | 0.9570 | 0.9592 | 0.0213 | 0.9348 | 0.9471 | 0.9300
0827 | 13:04:18 |  13.1s | 1.0e-04 | 0.0175 | 0.9547 | 0.9555 | 0.9593 | 0.0215 | 0.9436 | 0.9435 | 0.9375
0828 | 13:04:40 |  12.7s | 1.0e-04 | 0.0170 | 0.9567 | 0.9580 | 0.9633 | 0.0205 | 0.9439 | 0.9433 | 0.9363
0829 | 13:05:03 |  12.5s | 1.0e-04 | 0.0179 | 0.9545 | 0.9559 | 0.9593 | 0.0218 | 0.9372 | 0.9384 | 0.9256
0830 | 13:05:25 |  21.5s | 1.0e-04 | 0.0179 | 0.9521 | 0.9546 | 0.9559 | 0.0209 | 0.9427 | 0.9450 | 0.9379
0831 | 13:05:56 |  12.6s | 1.0e-04 | 0.0183 | 0.9501 | 0.9532 | 0.9527 | 0.0212 | 0.9428 | 0.9388 | 0.9296
0832 | 13:06:18 |  12.7s | 1.0e-04 | 0.0180 | 0.9525 | 0.9542 | 0.9560 | 0.0209 | 0.9380 | 0.9477 | 0.9346
0833 | 13:06:40 |  21.5s | 1.0e-04 | 0.0178 | 0.9518 | 0.9555 | 0.9556 | 0.0218 | 0.9424 | 0.9382 | 0.9292
0834 | 13:07:11 |  21.7s | 1.0e-04 | 0.0190 | 0.9507 | 0.9522 | 0.9525 | 0.0201 | 0.9419 | 0.9442 | 0.9358
0835 | 13:07:42 |  12.7s | 1.0e-04 | 0.0185 | 0.9523 | 0.9540 | 0.9555 | 0.0212 | 0.9396 | 0.9441 | 0.9337
0836 | 13:08:05 |  12.7s | 1.0e-04 | 0.0191 | 0.9521 | 0.9514 | 0.9531 | 0.0222 | 0.9447 | 0.9304 | 0.9271
0837 | 13:08:27 |  12.9s | 1.0e-04 | 0.0189 | 0.9524 | 0.9529 | 0.9547 | 0.0208 | 0.9373 | 0.9471 | 0.9348
0838 | 13:08:50 |  12.8s | 1.0e-04 | 0.0187 | 0.9519 | 0.9537 | 0.9550 | 0.0208 | 0.9497 | 0.9314 | 0.9326
0839 | 13:09:12 |  12.7s | 1.0e-04 | 0.0189 | 0.9524 | 0.9531 | 0.9547 | 0.0207 | 0.9423 | 0.9348 | 0.9272
0840 | 13:09:35 |  12.7s | 1.0e-04 | 0.0188 | 0.9526 | 0.9529 | 0.9551 | 0.0211 | 0.9405 | 0.9420 | 0.9325
0841 | 13:09:57 |  12.8s | 1.0e-04 | 0.0194 | 0.9497 | 0.9504 | 0.9500 | 0.0209 | 0.9504 | 0.9370 | 0.9363
0842 | 13:10:19 |  12.6s | 1.0e-04 | 0.0189 | 0.9512 | 0.9526 | 0.9532 | 0.0213 | 0.9317 | 0.9511 | 0.9328
0843 | 13:10:41 |  12.7s | 1.0e-04 | 0.0192 | 0.9526 | 0.9527 | 0.9548 | 0.0210 | 0.9398 | 0.9405 | 0.9283
0844 | 13:11:04 |  12.8s | 1.0e-04 | 0.0187 | 0.9536 | 0.9538 | 0.9565 | 0.0206 | 0.9364 | 0.9478 | 0.9333
0845 | 13:11:26 |  13.0s | 1.0e-04 | 0.0186 | 0.9535 | 0.9558 | 0.9580 | 0.0216 | 0.9458 | 0.9387 | 0.9367
0846 | 13:11:49 |  13.1s | 1.0e-04 | 0.0187 | 0.9517 | 0.9537 | 0.9549 | 0.0217 | 0.9367 | 0.9438 | 0.9294
0847 | 13:12:11 |  12.7s | 1.0e-04 | 0.0187 | 0.9517 | 0.9541 | 0.9552 | 0.0226 | 0.9430 | 0.9369 | 0.9320
0848 | 13:12:34 |  12.7s | 1.0e-04 | 0.0188 | 0.9532 | 0.9527 | 0.9559 | 0.0207 | 0.9361 | 0.9475 | 0.9338
0849 | 13:12:56 |  12.7s | 1.0e-04 | 0.0184 | 0.9506 | 0.9530 | 0.9536 | 0.0213 | 0.9363 | 0.9455 | 0.9317
0850 | 13:13:18 |  12.8s | 1.0e-04 | 0.0190 | 0.9526 | 0.9538 | 0.9560 | 0.0204 | 0.9366 | 0.9503 | 0.9371
0851 | 13:13:41 |  12.7s | 1.0e-04 | 0.0183 | 0.9553 | 0.9574 | 0.9607 | 0.0211 | 0.9396 | 0.9424 | 0.9327
0852 | 13:14:03 |  12.8s | 1.0e-04 | 0.0181 | 0.9536 | 0.9583 | 0.9603 | 0.0221 | 0.9303 | 0.9448 | 0.9252
0853 | 13:14:26 |  21.7s | 1.0e-04 | 0.0182 | 0.9523 | 0.9562 | 0.9570 | 0.0221 | 0.9375 | 0.9394 | 0.9272
0854 | 13:14:57 |  12.6s | 1.0e-04 | 0.0172 | 0.9560 | 0.9570 | 0.9621 | 0.0216 | 0.9422 | 0.9328 | 0.9260
0855 | 13:15:19 |  22.0s | 1.0e-04 | 0.0182 | 0.9536 | 0.9567 | 0.9590 | 0.0198 | 0.9426 | 0.9433 | 0.9375
0856 | 13:15:51 |  12.8s | 1.0e-04 | 0.0182 | 0.9539 | 0.9588 | 0.9606 | 0.0213 | 0.9423 | 0.9400 | 0.9305
0857 | 13:16:13 |  13.3s | 1.0e-04 | 0.0184 | 0.9543 | 0.9565 | 0.9600 | 0.0211 | 0.9392 | 0.9401 | 0.9281
0858 | 13:16:36 |  12.8s | 1.0e-04 | 0.0182 | 0.9538 | 0.9575 | 0.9599 | 0.0207 | 0.9466 | 0.9373 | 0.9339
0859 | 13:16:58 |  12.6s | 1.0e-04 | 0.0179 | 0.9548 | 0.9575 | 0.9605 | 0.0209 | 0.9458 | 0.9388 | 0.9344
0860 | 13:17:20 |  12.7s | 1.0e-04 | 0.0180 | 0.9562 | 0.9562 | 0.9611 | 0.0213 | 0.9356 | 0.9455 | 0.9309
0861 | 13:17:43 |  12.8s | 1.0e-04 | 0.0184 | 0.9549 | 0.9569 | 0.9605 | 0.0213 | 0.9385 | 0.9409 | 0.9299
0862 | 13:18:05 |  12.7s | 1.0e-04 | 0.0181 | 0.9541 | 0.9590 | 0.9614 | 0.0219 | 0.9327 | 0.9419 | 0.9235
0863 | 13:18:28 |  12.7s | 1.0e-04 | 0.0186 | 0.9531 | 0.9579 | 0.9593 | 0.0213 | 0.9306 | 0.9485 | 0.9286
0864 | 13:18:50 |  12.6s | 1.0e-04 | 0.0182 | 0.9542 | 0.9576 | 0.9602 | 0.0209 | 0.9357 | 0.9472 | 0.9326
0865 | 13:19:12 |  12.9s | 1.0e-04 | 0.0184 | 0.9545 | 0.9588 | 0.9611 | 0.0206 | 0.9439 | 0.9312 | 0.9261
0866 | 13:19:34 |  12.8s | 1.0e-04 | 0.0183 | 0.9550 | 0.9584 | 0.9613 | 0.0215 | 0.9440 | 0.9329 | 0.9275
0867 | 13:19:57 |  12.5s | 1.0e-04 | 0.0180 | 0.9549 | 0.9592 | 0.9623 | 0.0212 | 0.9479 | 0.9402 | 0.9402
0868 | 13:20:19 |  12.8s | 1.0e-04 | 0.0182 | 0.9541 | 0.9568 | 0.9598 | 0.0202 | 0.9383 | 0.9466 | 0.9338
0869 | 13:20:41 |  13.2s | 1.0e-04 | 0.0180 | 0.9535 | 0.9593 | 0.9608 | 0.0205 | 0.9406 | 0.9458 | 0.9365
0870 | 13:21:04 |  12.5s | 1.0e-04 | 0.0184 | 0.9563 | 0.9567 | 0.9620 | 0.0216 | 0.9389 | 0.9424 | 0.9317
0871 | 13:21:26 |  20.7s | 1.0e-04 | 0.0178 | 0.9548 | 0.9594 | 0.9622 | 0.0211 | 0.9449 | 0.9365 | 0.9329
0872 | 13:21:56 |  12.5s | 1.0e-04 | 0.0182 | 0.9543 | 0.9564 | 0.9590 | 0.0204 | 0.9414 | 0.9459 | 0.9367
0873 | 13:22:19 |  12.9s | 1.0e-04 | 0.0178 | 0.9548 | 0.9579 | 0.9610 | 0.0219 | 0.9320 | 0.9499 | 0.9319
0874 | 13:22:41 |  20.2s | 1.0e-04 | 0.0178 | 0.9560 | 0.9578 | 0.9621 | 0.0214 | 0.9414 | 0.9365 | 0.9287
0875 | 13:23:11 |  12.8s | 1.0e-04 | 0.0184 | 0.9526 | 0.9548 | 0.9568 | 0.0208 | 0.9376 | 0.9373 | 0.9226
0876 | 13:23:33 |  13.8s | 1.0e-04 | 0.0172 | 0.9539 | 0.9545 | 0.9575 | 0.0212 | 0.9382 | 0.9383 | 0.9261
0877 | 13:23:57 |  12.8s | 1.0e-04 | 0.0171 | 0.9549 | 0.9563 | 0.9596 | 0.0217 | 0.9426 | 0.9337 | 0.9272
0878 | 13:24:19 |  12.7s | 1.0e-04 | 0.0174 | 0.9543 | 0.9554 | 0.9590 | 0.0201 | 0.9489 | 0.9369 | 0.9382
0879 | 13:24:42 |  13.3s | 1.0e-04 | 0.0171 | 0.9543 | 0.9565 | 0.9595 | 0.0217 | 0.9461 | 0.9327 | 0.9283
0880 | 13:25:04 |  12.7s | 1.0e-04 | 0.0171 | 0.9546 | 0.9547 | 0.9587 | 0.0201 | 0.9412 | 0.9456 | 0.9361
0881 | 13:25:27 |  12.7s | 1.0e-04 | 0.0173 | 0.9526 | 0.9552 | 0.9571 | 0.0226 | 0.9319 | 0.9488 | 0.9309
0882 | 13:25:49 |  12.7s | 1.0e-04 | 0.0174 | 0.9533 | 0.9570 | 0.9592 | 0.0211 | 0.9421 | 0.9442 | 0.9360
0883 | 13:26:11 |  12.7s | 1.0e-04 | 0.0175 | 0.9530 | 0.9578 | 0.9592 | 0.0209 | 0.9263 | 0.9569 | 0.9367
0884 | 13:26:33 |  12.9s | 1.0e-04 | 0.0176 | 0.9522 | 0.9559 | 0.9572 | 0.0205 | 0.9386 | 0.9448 | 0.9321
0885 | 13:26:56 |  12.7s | 1.0e-04 | 0.0174 | 0.9537 | 0.9549 | 0.9583 | 0.0215 | 0.9370 | 0.9511 | 0.9385
0886 | 13:27:18 |  12.8s | 1.0e-04 | 0.0177 | 0.9526 | 0.9556 | 0.9571 | 0.0214 | 0.9393 | 0.9414 | 0.9297
0887 | 13:27:40 |  12.9s | 1.0e-04 | 0.0170 | 0.9555 | 0.9580 | 0.9620 | 0.0208 | 0.9344 | 0.9430 | 0.9255
0888 | 13:28:03 |  12.6s | 1.0e-04 | 0.0173 | 0.9545 | 0.9574 | 0.9604 | 0.0208 | 0.9394 | 0.9376 | 0.9279
0889 | 13:28:25 |  12.6s | 1.0e-04 | 0.0171 | 0.9543 | 0.9537 | 0.9579 | 0.0205 | 0.9373 | 0.9448 | 0.9313
0890 | 13:28:47 |  12.7s | 1.0e-04 | 0.0173 | 0.9545 | 0.9557 | 0.9587 | 0.0214 | 0.9266 | 0.9515 | 0.9286
0891 | 13:29:10 |  13.1s | 1.0e-04 | 0.0173 | 0.9551 | 0.9567 | 0.9601 | 0.0218 | 0.9415 | 0.9380 | 0.9295
0892 | 13:29:32 |  21.4s | 1.0e-04 | 0.0168 | 0.9545 | 0.9578 | 0.9609 | 0.0207 | 0.9371 | 0.9423 | 0.9296
0893 | 13:30:03 |  12.6s | 1.0e-04 | 0.0170 | 0.9533 | 0.9576 | 0.9599 | 0.0206 | 0.9373 | 0.9418 | 0.9291
0894 | 13:30:26 |  13.1s | 1.0e-04 | 0.0175 | 0.9537 | 0.9565 | 0.9593 | 0.0221 | 0.9274 | 0.9498 | 0.9273
0895 | 13:30:48 |  21.0s | 1.0e-04 | 0.0175 | 0.9535 | 0.9578 | 0.9595 | 0.0199 | 0.9458 | 0.9400 | 0.9362
0896 | 13:31:19 |  21.8s | 1.0e-04 | 0.0173 | 0.9550 | 0.9577 | 0.9611 | 0.0204 | 0.9354 | 0.9471 | 0.9329
0897 | 13:31:50 |  12.7s | 1.0e-04 | 0.0170 | 0.9572 | 0.9593 | 0.9639 | 0.0222 | 0.9444 | 0.9360 | 0.9289
0898 | 13:32:13 |  12.6s | 1.0e-04 | 0.0177 | 0.9545 | 0.9575 | 0.9602 | 0.0215 | 0.9521 | 0.9303 | 0.9335
0899 | 13:32:35 |  13.0s | 1.0e-04 | 0.0176 | 0.9556 | 0.9579 | 0.9612 | 0.0198 | 0.9366 | 0.9471 | 0.9331
0900 | 13:32:57 |  12.5s | 1.0e-04 | 0.0171 | 0.9554 | 0.9577 | 0.9620 | 0.0209 | 0.9499 | 0.9338 | 0.9357
0901 | 13:33:19 |  12.5s | 1.0e-04 | 0.0174 | 0.9566 | 0.9575 | 0.9627 | 0.0208 | 0.9382 | 0.9441 | 0.9302
0902 | 13:33:41 |  12.6s | 1.0e-04 | 0.0175 | 0.9544 | 0.9577 | 0.9613 | 0.0199 | 0.9461 | 0.9371 | 0.9361
0903 | 13:34:04 |  12.5s | 1.0e-04 | 0.0173 | 0.9542 | 0.9567 | 0.9604 | 0.0207 | 0.9419 | 0.9383 | 0.9285
0904 | 13:34:26 |  12.7s | 1.0e-04 | 0.0169 | 0.9555 | 0.9581 | 0.9623 | 0.0207 | 0.9375 | 0.9406 | 0.9297
0905 | 13:34:48 |  12.6s | 1.0e-04 | 0.0173 | 0.9558 | 0.9579 | 0.9616 | 0.0203 | 0.9482 | 0.9387 | 0.9365
0906 | 13:35:10 |  12.6s | 1.0e-04 | 0.0174 | 0.9545 | 0.9569 | 0.9593 | 0.0216 | 0.9465 | 0.9304 | 0.9302
0907 | 13:35:32 |  12.9s | 1.0e-04 | 0.0169 | 0.9550 | 0.9596 | 0.9624 | 0.0203 | 0.9370 | 0.9408 | 0.9286
0908 | 13:35:55 |  13.1s | 1.0e-04 | 0.0172 | 0.9554 | 0.9573 | 0.9609 | 0.0217 | 0.9459 | 0.9383 | 0.9335
0909 | 13:36:17 |  12.5s | 1.0e-04 | 0.0175 | 0.9556 | 0.9568 | 0.9606 | 0.0209 | 0.9341 | 0.9472 | 0.9305
0910 | 13:36:39 |  12.6s | 1.0e-04 | 0.0168 | 0.9563 | 0.9595 | 0.9627 | 0.0214 | 0.9475 | 0.9333 | 0.9336
0911 | 13:37:01 |  12.9s | 1.0e-04 | 0.0174 | 0.9554 | 0.9571 | 0.9609 | 0.0215 | 0.9301 | 0.9475 | 0.9276
0912 | 13:37:24 |  12.5s | 1.0e-04 | 0.0173 | 0.9540 | 0.9569 | 0.9594 | 0.0209 | 0.9404 | 0.9458 | 0.9354
0913 | 13:37:46 |  20.5s | 1.0e-04 | 0.0171 | 0.9541 | 0.9578 | 0.9601 | 0.0208 | 0.9455 | 0.9399 | 0.9360
0914 | 13:38:16 |  12.5s | 1.0e-04 | 0.0166 | 0.9557 | 0.9593 | 0.9637 | 0.0216 | 0.9443 | 0.9417 | 0.9345
0915 | 13:38:38 |  12.9s | 1.0e-04 | 0.0174 | 0.9548 | 0.9586 | 0.9613 | 0.0227 | 0.9419 | 0.9331 | 0.9264
0916 | 13:39:01 |  21.3s | 1.0e-04 | 0.0175 | 0.9543 | 0.9565 | 0.9593 | 0.0211 | 0.9440 | 0.9395 | 0.9346
0917 | 13:39:31 |  20.7s | 1.0e-04 | 0.0173 | 0.9563 | 0.9572 | 0.9619 | 0.0210 | 0.9410 | 0.9406 | 0.9292
0918 | 13:40:02 |  13.0s | 1.0e-04 | 0.0171 | 0.9564 | 0.9580 | 0.9634 | 0.0216 | 0.9381 | 0.9432 | 0.9318
0919 | 13:40:25 |  12.6s | 1.0e-04 | 0.0175 | 0.9553 | 0.9583 | 0.9616 | 0.0203 | 0.9461 | 0.9337 | 0.9305
0920 | 13:40:47 |  12.7s | 1.0e-04 | 0.0172 | 0.9548 | 0.9583 | 0.9617 | 0.0204 | 0.9350 | 0.9541 | 0.9401
0921 | 13:41:09 |  12.6s | 1.0e-04 | 0.0176 | 0.9555 | 0.9576 | 0.9619 | 0.0208 | 0.9413 | 0.9472 | 0.9396
0922 | 13:41:31 |  12.9s | 1.0e-04 | 0.0176 | 0.9550 | 0.9594 | 0.9620 | 0.0218 | 0.9368 | 0.9417 | 0.9253
0923 | 13:41:54 |  12.7s | 1.0e-04 | 0.0173 | 0.9548 | 0.9575 | 0.9602 | 0.0211 | 0.9420 | 0.9463 | 0.9383
0924 | 13:42:16 |  12.9s | 1.0e-04 | 0.0173 | 0.9557 | 0.9565 | 0.9609 | 0.0220 | 0.9418 | 0.9365 | 0.9271
0925 | 13:42:38 |  12.7s | 1.0e-04 | 0.0175 | 0.9562 | 0.9561 | 0.9614 | 0.0201 | 0.9450 | 0.9361 | 0.9283
0926 | 13:43:01 |  12.7s | 1.0e-04 | 0.0176 | 0.9555 | 0.9572 | 0.9612 | 0.0224 | 0.9453 | 0.9268 | 0.9241
0927 | 13:43:23 |  12.7s | 1.0e-04 | 0.0172 | 0.9570 | 0.9560 | 0.9627 | 0.0216 | 0.9444 | 0.9305 | 0.9267
0928 | 13:43:45 |  12.7s | 1.0e-04 | 0.0175 | 0.9565 | 0.9571 | 0.9629 | 0.0218 | 0.9506 | 0.9349 | 0.9359
0929 | 13:44:08 |  12.8s | 1.0e-04 | 0.0176 | 0.9560 | 0.9576 | 0.9620 | 0.0208 | 0.9464 | 0.9395 | 0.9353
0930 | 13:44:30 |  12.7s | 1.0e-04 | 0.0177 | 0.9539 | 0.9580 | 0.9591 | 0.0213 | 0.9399 | 0.9420 | 0.9330
0931 | 13:44:52 |  12.8s | 1.0e-04 | 0.0174 | 0.9548 | 0.9596 | 0.9619 | 0.0210 | 0.9437 | 0.9364 | 0.9282
0932 | 13:45:14 |  12.8s | 1.0e-04 | 0.0177 | 0.9545 | 0.9562 | 0.9598 | 0.0201 | 0.9459 | 0.9378 | 0.9347
0933 | 13:45:37 |  12.9s | 1.0e-04 | 0.0174 | 0.9561 | 0.9593 | 0.9631 | 0.0210 | 0.9374 | 0.9466 | 0.9340
0934 | 13:45:59 |  20.6s | 1.0e-04 | 0.0176 | 0.9538 | 0.9548 | 0.9577 | 0.0210 | 0.9355 | 0.9467 | 0.9315
0935 | 13:46:29 |  12.8s | 1.0e-04 | 0.0180 | 0.9548 | 0.9543 | 0.9575 | 0.0208 | 0.9418 | 0.9401 | 0.9321
0936 | 13:46:52 |  13.1s | 1.0e-04 | 0.0179 | 0.9532 | 0.9553 | 0.9580 | 0.0216 | 0.9314 | 0.9567 | 0.9386
0937 | 13:47:14 |  20.3s | 1.0e-04 | 0.0174 | 0.9547 | 0.9560 | 0.9601 | 0.0226 | 0.9305 | 0.9433 | 0.9216
0938 | 13:47:44 |  21.2s | 1.0e-04 | 0.0172 | 0.9541 | 0.9570 | 0.9591 | 0.0222 | 0.9238 | 0.9515 | 0.9266
0939 | 13:48:15 |  12.8s | 1.0e-04 | 0.0174 | 0.9543 | 0.9559 | 0.9594 | 0.0218 | 0.9343 | 0.9459 | 0.9294
0940 | 13:48:37 |  13.4s | 1.0e-04 | 0.0172 | 0.9544 | 0.9566 | 0.9601 | 0.0215 | 0.9316 | 0.9441 | 0.9246
0941 | 13:49:00 |  13.3s | 1.0e-04 | 0.0170 | 0.9559 | 0.9557 | 0.9602 | 0.0216 | 0.9324 | 0.9403 | 0.9197
0942 | 13:49:23 |  13.2s | 1.0e-04 | 0.0179 | 0.9536 | 0.9559 | 0.9581 | 0.0214 | 0.9445 | 0.9381 | 0.9367
0943 | 13:49:46 |  12.7s | 1.0e-04 | 0.0175 | 0.9557 | 0.9545 | 0.9599 | 0.0212 | 0.9439 | 0.9410 | 0.9351
0944 | 13:50:08 |  12.5s | 1.0e-04 | 0.0174 | 0.9552 | 0.9572 | 0.9607 | 0.0217 | 0.9302 | 0.9464 | 0.9266
0945 | 13:50:30 |  12.6s | 1.0e-04 | 0.0172 | 0.9546 | 0.9580 | 0.9602 | 0.0212 | 0.9384 | 0.9412 | 0.9287
0946 | 13:50:52 |  12.5s | 1.0e-04 | 0.0174 | 0.9544 | 0.9568 | 0.9597 | 0.0207 | 0.9461 | 0.9361 | 0.9340
0947 | 13:51:14 |  12.6s | 1.0e-04 | 0.0175 | 0.9556 | 0.9565 | 0.9611 | 0.0219 | 0.9436 | 0.9360 | 0.9271
0948 | 13:51:36 |  12.7s | 1.0e-04 | 0.0172 | 0.9557 | 0.9570 | 0.9611 | 0.0217 | 0.9392 | 0.9382 | 0.9267
0949 | 13:51:59 |  13.0s | 1.0e-04 | 0.0173 | 0.9558 | 0.9564 | 0.9606 | 0.0210 | 0.9373 | 0.9413 | 0.9271
0950 | 13:52:21 |  13.3s | 1.0e-04 | 0.0171 | 0.9563 | 0.9582 | 0.9633 | 0.0211 | 0.9448 | 0.9440 | 0.9399
0951 | 13:52:44 |  12.7s | 1.0e-04 | 0.0173 | 0.9554 | 0.9580 | 0.9613 | 0.0213 | 0.9377 | 0.9403 | 0.9295
0952 | 13:53:06 |  12.8s | 1.0e-04 | 0.0176 | 0.9523 | 0.9560 | 0.9573 | 0.0224 | 0.9327 | 0.9525 | 0.9347
0953 | 13:53:28 |  12.6s | 1.0e-04 | 0.0173 | 0.9542 | 0.9581 | 0.9606 | 0.0208 | 0.9406 | 0.9406 | 0.9300
0954 | 13:53:51 |  12.7s | 1.0e-04 | 0.0174 | 0.9549 | 0.9567 | 0.9609 | 0.0204 | 0.9448 | 0.9360 | 0.9343
0955 | 13:54:13 |  21.2s | 1.0e-04 | 0.0176 | 0.9566 | 0.9558 | 0.9618 | 0.0214 | 0.9379 | 0.9380 | 0.9247
0956 | 13:54:44 |  13.0s | 1.0e-04 | 0.0175 | 0.9558 | 0.9581 | 0.9624 | 0.0205 | 0.9413 | 0.9440 | 0.9353
0957 | 13:55:06 |  12.9s | 1.0e-04 | 0.0172 | 0.9559 | 0.9587 | 0.9629 | 0.0214 | 0.9454 | 0.9340 | 0.9277
0958 | 13:55:29 |  21.0s | 1.0e-04 | 0.0178 | 0.9554 | 0.9567 | 0.9607 | 0.0208 | 0.9479 | 0.9360 | 0.9355
0959 | 13:55:59 |  22.4s | 1.0e-04 | 0.0179 | 0.9548 | 0.9587 | 0.9613 | 0.0203 | 0.9385 | 0.9459 | 0.9349
0960 | 13:56:31 |  12.7s | 1.0e-04 | 0.0179 | 0.9555 | 0.9577 | 0.9614 | 0.0211 | 0.9377 | 0.9431 | 0.9311
0961 | 13:56:54 |  12.9s | 1.0e-04 | 0.0179 | 0.9548 | 0.9575 | 0.9603 | 0.0208 | 0.9374 | 0.9462 | 0.9327
0962 | 13:57:16 |  13.3s | 1.0e-04 | 0.0176 | 0.9550 | 0.9582 | 0.9618 | 0.0209 | 0.9358 | 0.9469 | 0.9321
0963 | 13:57:39 |  12.6s | 1.0e-04 | 0.0179 | 0.9531 | 0.9593 | 0.9605 | 0.0212 | 0.9400 | 0.9430 | 0.9323
0964 | 13:58:01 |  12.6s | 1.0e-04 | 0.0178 | 0.9552 | 0.9595 | 0.9625 | 0.0209 | 0.9397 | 0.9480 | 0.9376
0965 | 13:58:23 |  12.6s | 1.0e-04 | 0.0179 | 0.9565 | 0.9590 | 0.9634 | 0.0211 | 0.9362 | 0.9414 | 0.9255
0966 | 13:58:46 |  12.7s | 1.0e-04 | 0.0177 | 0.9551 | 0.9603 | 0.9620 | 0.0207 | 0.9386 | 0.9524 | 0.9404
0967 | 13:59:08 |  12.6s | 1.0e-04 | 0.0178 | 0.9547 | 0.9588 | 0.9619 | 0.0213 | 0.9409 | 0.9379 | 0.9294
0968 | 13:59:31 |  13.1s | 1.0e-04 | 0.0174 | 0.9556 | 0.9579 | 0.9617 | 0.0218 | 0.9424 | 0.9357 | 0.9291
0969 | 13:59:53 |  12.7s | 1.0e-04 | 0.0175 | 0.9555 | 0.9591 | 0.9632 | 0.0213 | 0.9511 | 0.9303 | 0.9314
0970 | 14:00:16 |  13.1s | 1.0e-04 | 0.0176 | 0.9552 | 0.9589 | 0.9620 | 0.0207 | 0.9392 | 0.9483 | 0.9381
0971 | 14:00:39 |  12.6s | 1.0e-04 | 0.0180 | 0.9537 | 0.9580 | 0.9598 | 0.0215 | 0.9425 | 0.9378 | 0.9324
0972 | 14:01:01 |  12.6s | 1.0e-04 | 0.0180 | 0.9547 | 0.9591 | 0.9620 | 0.0212 | 0.9467 | 0.9314 | 0.9262
0973 | 14:01:23 |  12.5s | 1.0e-04 | 0.0182 | 0.9540 | 0.9576 | 0.9602 | 0.0203 | 0.9434 | 0.9417 | 0.9338
0974 | 14:01:46 |  12.7s | 1.0e-04 | 0.0180 | 0.9543 | 0.9588 | 0.9608 | 0.0220 | 0.9352 | 0.9476 | 0.9330
0975 | 14:02:08 |  12.6s | 1.0e-04 | 0.0179 | 0.9539 | 0.9574 | 0.9594 | 0.0207 | 0.9359 | 0.9485 | 0.9344
0976 | 14:02:31 |  12.8s | 1.0e-04 | 0.0174 | 0.9560 | 0.9610 | 0.9640 | 0.0202 | 0.9433 | 0.9430 | 0.9363
0977 | 14:02:53 |  12.7s | 1.0e-04 | 0.0179 | 0.9546 | 0.9569 | 0.9597 | 0.0212 | 0.9460 | 0.9338 | 0.9320
0978 | 14:03:16 |  20.7s | 1.0e-04 | 0.0179 | 0.9536 | 0.9572 | 0.9593 | 0.0211 | 0.9464 | 0.9335 | 0.9345
0979 | 14:03:47 |  12.8s | 1.0e-04 | 0.0174 | 0.9550 | 0.9580 | 0.9613 | 0.0211 | 0.9443 | 0.9359 | 0.9306
0980 | 14:04:09 |  22.0s | 1.0e-04 | 0.0178 | 0.9544 | 0.9576 | 0.9605 | 0.0206 | 0.9403 | 0.9484 | 0.9392
0981 | 14:04:41 |  12.9s | 1.0e-04 | 0.0181 | 0.9535 | 0.9563 | 0.9584 | 0.0209 | 0.9361 | 0.9515 | 0.9372
0982 | 14:05:04 |  12.8s | 1.0e-04 | 0.0180 | 0.9549 | 0.9576 | 0.9606 | 0.0214 | 0.9371 | 0.9432 | 0.9297
0983 | 14:05:26 |  12.8s | 1.0e-04 | 0.0176 | 0.9570 | 0.9585 | 0.9629 | 0.0206 | 0.9358 | 0.9470 | 0.9318
0984 | 14:05:49 |  13.2s | 1.0e-04 | 0.0179 | 0.9561 | 0.9571 | 0.9614 | 0.0216 | 0.9422 | 0.9380 | 0.9324
0985 | 14:06:12 |  12.9s | 1.0e-04 | 0.0178 | 0.9553 | 0.9544 | 0.9599 | 0.0209 | 0.9459 | 0.9391 | 0.9353
0986 | 14:06:35 |  12.8s | 1.0e-04 | 0.0177 | 0.9550 | 0.9563 | 0.9601 | 0.0206 | 0.9353 | 0.9417 | 0.9258
0987 | 14:06:58 |  12.8s | 1.0e-04 | 0.0176 | 0.9551 | 0.9589 | 0.9624 | 0.0209 | 0.9425 | 0.9368 | 0.9323
0988 | 14:07:20 |  12.8s | 1.0e-04 | 0.0180 | 0.9540 | 0.9567 | 0.9592 | 0.0202 | 0.9369 | 0.9484 | 0.9356
0989 | 14:07:43 |  12.9s | 1.0e-04 | 0.0182 | 0.9528 | 0.9573 | 0.9588 | 0.0197 | 0.9504 | 0.9378 | 0.9373
0990 | 14:08:06 |  13.0s | 1.0e-04 | 0.0173 | 0.9563 | 0.9574 | 0.9628 | 0.0209 | 0.9423 | 0.9374 | 0.9288
0991 | 14:08:29 |  12.8s | 1.0e-04 | 0.0174 | 0.9580 | 0.9583 | 0.9644 | 0.0203 | 0.9417 | 0.9403 | 0.9312
0992 | 14:08:52 |  13.0s | 1.0e-04 | 0.0181 | 0.9538 | 0.9565 | 0.9594 | 0.0213 | 0.9340 | 0.9485 | 0.9312
0993 | 14:09:14 |  13.0s | 1.0e-04 | 0.0175 | 0.9556 | 0.9578 | 0.9614 | 0.0201 | 0.9433 | 0.9403 | 0.9347
0994 | 14:09:37 |  12.8s | 1.0e-04 | 0.0178 | 0.9550 | 0.9576 | 0.9610 | 0.0210 | 0.9464 | 0.9443 | 0.9389
0995 | 14:10:00 |  12.8s | 1.0e-04 | 0.0180 | 0.9544 | 0.9573 | 0.9604 | 0.0207 | 0.9382 | 0.9443 | 0.9322
0996 | 14:10:23 |  20.4s | 1.0e-04 | 0.0184 | 0.9527 | 0.9559 | 0.9578 | 0.0203 | 0.9492 | 0.9324 | 0.9340
0997 | 14:10:53 |  12.8s | 1.0e-04 | 0.0181 | 0.9546 | 0.9568 | 0.9592 | 0.0213 | 0.9423 | 0.9398 | 0.9323
0998 | 14:11:16 |  12.9s | 1.0e-04 | 0.0179 | 0.9535 | 0.9563 | 0.9589 | 0.0212 | 0.9479 | 0.9319 | 0.9340
0999 | 14:11:39 |  21.7s | 1.0e-04 | 0.0175 | 0.9564 | 0.9572 | 0.9618 | 0.0205 | 0.9475 | 0.9377 | 0.9325
1000 | 14:12:10 |  12.9s | 1.0e-04 | 0.0172 | 0.9566 | 0.9584 | 0.9633 | 0.0202 | 0.9307 | 0.9573 | 0.9405
