General MPNN + master attention token ([CLS]+softmax pool), k=4, ATTN_DIM=128, on cuda:0
Parameters: 3116716
0001 | 07:55:02 |  45.0s | 1.0e-04 | 0.1082 | 0.8076 | 0.5999 | 0.2575 | 0.0776 | 0.8766 | 0.6491 | 0.3719
0002 | 07:56:00 |  30.5s | 1.0e-04 | 0.0731 | 0.8560 | 0.7317 | 0.4114 | 0.0698 | 0.8665 | 0.7124 | 0.4098
0003 | 07:56:43 |  30.5s | 1.0e-04 | 0.0679 | 0.8624 | 0.7591 | 0.4561 | 0.0649 | 0.8522 | 0.7683 | 0.4431
0004 | 07:57:26 |  30.6s | 1.0e-04 | 0.0623 | 0.8756 | 0.7853 | 0.5090 | 0.0599 | 0.8894 | 0.7764 | 0.5064
0005 | 07:58:09 |  30.7s | 1.0e-04 | 0.0568 | 0.8865 | 0.8099 | 0.5534 | 0.0550 | 0.8764 | 0.8104 | 0.5328
0006 | 07:58:53 |  30.7s | 1.0e-04 | 0.0526 | 0.8915 | 0.8262 | 0.6084 | 0.0526 | 0.8833 | 0.8311 | 0.5937
0007 | 07:59:36 |  30.5s | 1.0e-04 | 0.0500 | 0.8940 | 0.8365 | 0.6432 | 0.0501 | 0.9003 | 0.8145 | 0.6161
0008 | 08:00:19 |  41.0s | 1.0e-04 | 0.0487 | 0.8977 | 0.8418 | 0.6647 | 0.0457 | 0.8988 | 0.8288 | 0.6760
0009 | 08:01:13 |  30.7s | 1.0e-04 | 0.0475 | 0.9027 | 0.8582 | 0.7208 | 0.0442 | 0.8985 | 0.8558 | 0.7194
0010 | 08:01:56 |  30.6s | 1.0e-04 | 0.0460 | 0.9027 | 0.8642 | 0.7415 | 0.0424 | 0.8928 | 0.8709 | 0.7458
0011 | 08:02:39 |  30.6s | 1.0e-04 | 0.0445 | 0.9051 | 0.8688 | 0.7538 | 0.0420 | 0.9098 | 0.8514 | 0.7448
0012 | 08:03:23 |  30.4s | 1.0e-04 | 0.0436 | 0.9047 | 0.8719 | 0.7707 | 0.0434 | 0.8646 | 0.8770 | 0.7200
0013 | 08:04:06 |  30.7s | 1.0e-04 | 0.0417 | 0.9090 | 0.8773 | 0.7864 | 0.0412 | 0.8798 | 0.8904 | 0.7632
0014 | 08:04:49 |  30.6s | 1.0e-04 | 0.0415 | 0.9093 | 0.8799 | 0.7945 | 0.0393 | 0.9148 | 0.8534 | 0.7735
0015 | 08:05:33 |  30.4s | 1.0e-04 | 0.0396 | 0.9113 | 0.8824 | 0.8036 | 0.0382 | 0.9093 | 0.8682 | 0.7937
0016 | 08:06:16 |  38.5s | 1.0e-04 | 0.0390 | 0.9107 | 0.8836 | 0.8067 | 0.0390 | 0.8898 | 0.8940 | 0.7920
0017 | 08:07:07 |  30.3s | 1.0e-04 | 0.0384 | 0.9128 | 0.8848 | 0.8103 | 0.0365 | 0.9023 | 0.8756 | 0.7819
0018 | 08:07:50 |  30.1s | 1.0e-04 | 0.0374 | 0.9136 | 0.8877 | 0.8183 | 0.0362 | 0.9182 | 0.8744 | 0.8101
0019 | 08:08:33 |  30.1s | 1.0e-04 | 0.0375 | 0.9127 | 0.8878 | 0.8222 | 0.0351 | 0.8964 | 0.9048 | 0.8233
0020 | 08:09:15 |  30.0s | 1.0e-04 | 0.0360 | 0.9158 | 0.8925 | 0.8304 | 0.0376 | 0.8877 | 0.9050 | 0.7981
0021 | 08:09:58 |  30.3s | 1.0e-04 | 0.0363 | 0.9173 | 0.8936 | 0.8335 | 0.0365 | 0.9048 | 0.8794 | 0.7911
0022 | 08:10:41 |  30.4s | 1.0e-04 | 0.0355 | 0.9177 | 0.8942 | 0.8341 | 0.0365 | 0.8847 | 0.9101 | 0.8113
0023 | 08:11:24 |  30.5s | 1.0e-04 | 0.0346 | 0.9177 | 0.8965 | 0.8412 | 0.0352 | 0.8975 | 0.9071 | 0.8259
0024 | 08:12:08 |  44.4s | 1.0e-04 | 0.0347 | 0.9217 | 0.9011 | 0.8518 | 0.0396 | 0.8876 | 0.8970 | 0.7868
0025 | 08:13:05 |  30.5s | 1.0e-04 | 0.0340 | 0.9229 | 0.9066 | 0.8636 | 0.0351 | 0.9348 | 0.8532 | 0.8111
0026 | 08:13:48 |  30.2s | 1.0e-04 | 0.0339 | 0.9226 | 0.9056 | 0.8611 | 0.0358 | 0.8985 | 0.9022 | 0.8134
0027 | 08:14:31 |  30.5s | 1.0e-04 | 0.0332 | 0.9242 | 0.9082 | 0.8679 | 0.0348 | 0.8832 | 0.9147 | 0.8192
0028 | 08:15:14 |  30.4s | 1.0e-04 | 0.0337 | 0.9223 | 0.9088 | 0.8675 | 0.0349 | 0.9018 | 0.8942 | 0.8104
0029 | 08:15:57 |  30.2s | 1.0e-04 | 0.0327 | 0.9250 | 0.9104 | 0.8739 | 0.0345 | 0.9040 | 0.9013 | 0.8265
0030 | 08:16:40 |  30.4s | 1.0e-04 | 0.0317 | 0.9267 | 0.9132 | 0.8803 | 0.0344 | 0.9183 | 0.8749 | 0.8081
0031 | 08:17:23 |  30.3s | 1.0e-04 | 0.0316 | 0.9269 | 0.9149 | 0.8830 | 0.0330 | 0.9194 | 0.8993 | 0.8504
0032 | 08:18:06 |  39.8s | 1.0e-04 | 0.0305 | 0.9255 | 0.9087 | 0.8711 | 0.0318 | 0.9116 | 0.8994 | 0.8386
0033 | 08:18:59 |  30.4s | 1.0e-04 | 0.0299 | 0.9247 | 0.9083 | 0.8679 | 0.0321 | 0.8923 | 0.9211 | 0.8408
0034 | 08:19:42 |  30.3s | 1.0e-04 | 0.0293 | 0.9253 | 0.9097 | 0.8725 | 0.0312 | 0.9147 | 0.9030 | 0.8480
0035 | 08:20:25 |  30.3s | 1.0e-04 | 0.0294 | 0.9260 | 0.9083 | 0.8706 | 0.0317 | 0.9202 | 0.9013 | 0.8524
0036 | 08:21:08 |  30.2s | 1.0e-04 | 0.0289 | 0.9259 | 0.9114 | 0.8761 | 0.0321 | 0.9305 | 0.8877 | 0.8531
0037 | 08:21:51 |  30.6s | 1.0e-04 | 0.0294 | 0.9280 | 0.9105 | 0.8755 | 0.0314 | 0.8997 | 0.9146 | 0.8442
0038 | 08:22:34 |  30.6s | 1.0e-04 | 0.0287 | 0.9256 | 0.9133 | 0.8792 | 0.0314 | 0.9279 | 0.8847 | 0.8460
0039 | 08:23:17 |  30.5s | 1.0e-04 | 0.0288 | 0.9275 | 0.9124 | 0.8765 | 0.0309 | 0.9120 | 0.9089 | 0.8542
0040 | 08:24:00 |  41.3s | 1.0e-04 | 0.0283 | 0.9299 | 0.9147 | 0.8852 | 0.0333 | 0.9245 | 0.8865 | 0.8419
0041 | 08:24:54 |  30.7s | 1.0e-04 | 0.0282 | 0.9305 | 0.9163 | 0.8892 | 0.0317 | 0.9114 | 0.9032 | 0.8386
0042 | 08:25:38 |  30.5s | 1.0e-04 | 0.0277 | 0.9305 | 0.9175 | 0.8881 | 0.0327 | 0.8877 | 0.9269 | 0.8459
0043 | 08:26:21 |  30.8s | 1.0e-04 | 0.0277 | 0.9305 | 0.9189 | 0.8919 | 0.0319 | 0.9227 | 0.8896 | 0.8433
0044 | 08:27:04 |  30.8s | 1.0e-04 | 0.0278 | 0.9307 | 0.9184 | 0.8913 | 0.0303 | 0.9154 | 0.9055 | 0.8498
0045 | 08:27:48 |  30.7s | 1.0e-04 | 0.0280 | 0.9317 | 0.9189 | 0.8936 | 0.0311 | 0.9221 | 0.9036 | 0.8578
0046 | 08:28:31 |  30.7s | 1.0e-04 | 0.0272 | 0.9317 | 0.9188 | 0.8926 | 0.0301 | 0.9218 | 0.9060 | 0.8680
0047 | 08:29:15 |  38.9s | 1.0e-04 | 0.0271 | 0.9335 | 0.9210 | 0.8984 | 0.0311 | 0.9295 | 0.8880 | 0.8513
0048 | 08:30:06 |  30.4s | 1.0e-04 | 0.0288 | 0.9298 | 0.9210 | 0.8946 | 0.0315 | 0.9350 | 0.8798 | 0.8556
0049 | 08:30:49 |  30.6s | 1.0e-04 | 0.0444 | 0.9312 | 0.9201 | 0.8951 | 0.0306 | 0.9187 | 0.9048 | 0.8621
0050 | 08:31:33 |  30.5s | 1.0e-04 | 0.0282 | 0.9321 | 0.9227 | 0.8996 | 0.0307 | 0.9066 | 0.9248 | 0.8700
0051 | 08:32:16 |  30.3s | 1.0e-04 | 0.0291 | 0.9306 | 0.9200 | 0.8954 | 0.0293 | 0.9232 | 0.9024 | 0.8568
0052 | 08:32:59 |  30.5s | 1.0e-04 | 0.0285 | 0.9321 | 0.9217 | 0.8987 | 0.0291 | 0.9192 | 0.9097 | 0.8616
0053 | 08:33:42 |  30.5s | 1.0e-04 | 0.0284 | 0.9322 | 0.9222 | 0.8983 | 0.0313 | 0.9013 | 0.9219 | 0.8556
0054 | 08:34:25 |  30.1s | 1.0e-04 | 0.0281 | 0.9326 | 0.9224 | 0.9002 | 0.0298 | 0.9068 | 0.9202 | 0.8598
0055 | 08:35:08 |  40.7s | 1.0e-04 | 0.0277 | 0.9325 | 0.9220 | 0.8988 | 0.0309 | 0.9182 | 0.9062 | 0.8597
0056 | 08:36:01 |  30.4s | 1.0e-04 | 0.0272 | 0.9333 | 0.9238 | 0.9026 | 0.0306 | 0.9016 | 0.9237 | 0.8541
0057 | 08:36:45 |  30.7s | 1.0e-04 | 0.0272 | 0.9331 | 0.9217 | 0.8992 | 0.0284 | 0.9358 | 0.8907 | 0.8637
0058 | 08:37:28 |  30.5s | 1.0e-04 | 0.0273 | 0.9321 | 0.9222 | 0.8997 | 0.0301 | 0.9000 | 0.9267 | 0.8647
0059 | 08:38:11 |  30.3s | 1.0e-04 | 0.0267 | 0.9346 | 0.9234 | 0.9021 | 0.0299 | 0.9215 | 0.8959 | 0.8478
0060 | 08:38:55 |  30.2s | 1.0e-04 | 0.0265 | 0.9344 | 0.9242 | 0.9040 | 0.0298 | 0.9023 | 0.9233 | 0.8615
0061 | 08:39:38 |  30.4s | 1.0e-04 | 0.0266 | 0.9341 | 0.9238 | 0.9028 | 0.0299 | 0.9093 | 0.9145 | 0.8552
0062 | 08:40:21 |  30.5s | 1.0e-04 | 0.0265 | 0.9335 | 0.9246 | 0.9037 | 0.0302 | 0.9381 | 0.8853 | 0.8620
0063 | 08:41:05 |  39.1s | 1.0e-04 | 0.0265 | 0.9339 | 0.9223 | 0.9024 | 0.0305 | 0.9078 | 0.9184 | 0.8575
0064 | 08:41:56 |  30.3s | 1.0e-04 | 0.0260 | 0.9347 | 0.9246 | 0.9037 | 0.0288 | 0.9343 | 0.9048 | 0.8828
0065 | 08:42:39 |  30.1s | 1.0e-04 | 0.0260 | 0.9343 | 0.9251 | 0.9052 | 0.0292 | 0.9166 | 0.9172 | 0.8719
0066 | 08:43:23 |  30.5s | 1.0e-04 | 0.0263 | 0.9346 | 0.9242 | 0.9040 | 0.0286 | 0.9239 | 0.9066 | 0.8699
0067 | 08:44:06 |  30.3s | 1.0e-04 | 0.0254 | 0.9349 | 0.9254 | 0.9064 | 0.0294 | 0.9035 | 0.9246 | 0.8659
0068 | 08:44:49 |  30.4s | 1.0e-04 | 0.0253 | 0.9355 | 0.9265 | 0.9087 | 0.0289 | 0.9372 | 0.8886 | 0.8697
0069 | 08:45:33 |  30.5s | 1.0e-04 | 0.0256 | 0.9354 | 0.9261 | 0.9075 | 0.0284 | 0.9287 | 0.9060 | 0.8711
0070 | 08:46:16 |  30.4s | 1.0e-04 | 0.0257 | 0.9354 | 0.9261 | 0.9056 | 0.0288 | 0.9304 | 0.9111 | 0.8835
0071 | 08:46:59 |  42.1s | 1.0e-04 | 0.0255 | 0.9366 | 0.9283 | 0.9114 | 0.0287 | 0.9147 | 0.9145 | 0.8654
0072 | 08:47:55 |  30.4s | 1.0e-04 | 0.0261 | 0.9354 | 0.9281 | 0.9102 | 0.0288 | 0.9280 | 0.9004 | 0.8640
0073 | 08:48:38 |  30.2s | 1.0e-04 | 0.0256 | 0.9370 | 0.9279 | 0.9115 | 0.0291 | 0.9204 | 0.9100 | 0.8663
0074 | 08:49:21 |  30.4s | 1.0e-04 | 0.0253 | 0.9379 | 0.9294 | 0.9139 | 0.0286 | 0.9217 | 0.9123 | 0.8703
0075 | 08:50:05 |  30.4s | 1.0e-04 | 0.0267 | 0.9356 | 0.9290 | 0.9120 | 0.0286 | 0.9119 | 0.9274 | 0.8766
0076 | 08:50:48 |  30.4s | 1.0e-04 | 0.0256 | 0.9365 | 0.9292 | 0.9128 | 0.0277 | 0.9267 | 0.9124 | 0.8792
0077 | 08:51:31 |  30.4s | 1.0e-04 | 0.0255 | 0.9361 | 0.9306 | 0.9142 | 0.0296 | 0.9173 | 0.9204 | 0.8800
0078 | 08:52:15 |  30.5s | 1.0e-04 | 0.0253 | 0.9364 | 0.9302 | 0.9141 | 0.0294 | 0.9403 | 0.8930 | 0.8776
0079 | 08:52:59 |  42.3s | 1.0e-04 | 0.0252 | 0.9383 | 0.9292 | 0.9142 | 0.0293 | 0.9102 | 0.9280 | 0.8770
0080 | 08:53:54 |  30.5s | 1.0e-04 | 0.0268 | 0.9369 | 0.9290 | 0.9133 | 0.0277 | 0.9155 | 0.9224 | 0.8757
0081 | 08:54:37 |  30.8s | 1.0e-04 | 0.0253 | 0.9379 | 0.9319 | 0.9181 | 0.0283 | 0.9066 | 0.9315 | 0.8788
0082 | 08:55:21 |  30.6s | 1.0e-04 | 0.0250 | 0.9367 | 0.9298 | 0.9144 | 0.0283 | 0.9206 | 0.9154 | 0.8702
0083 | 08:56:05 |  30.7s | 1.0e-04 | 0.0248 | 0.9372 | 0.9324 | 0.9182 | 0.0285 | 0.9329 | 0.9061 | 0.8784
0084 | 08:56:49 |  30.5s | 1.0e-04 | 0.0249 | 0.9386 | 0.9335 | 0.9209 | 0.0279 | 0.9359 | 0.8973 | 0.8776
0085 | 08:57:32 |  30.7s | 1.0e-04 | 0.0247 | 0.9387 | 0.9338 | 0.9214 | 0.0270 | 0.9302 | 0.9117 | 0.8844
0086 | 08:58:16 |  42.4s | 1.0e-04 | 0.0247 | 0.9383 | 0.9321 | 0.9186 | 0.0277 | 0.9132 | 0.9291 | 0.8839
0087 | 08:59:12 |  30.2s | 1.0e-04 | 0.0256 | 0.9380 | 0.9334 | 0.9201 | 0.0281 | 0.9264 | 0.9125 | 0.8794
0088 | 08:59:55 |  30.4s | 1.0e-04 | 0.0261 | 0.9380 | 0.9331 | 0.9198 | 0.0300 | 0.8965 | 0.9394 | 0.8786
0089 | 09:00:38 |  30.0s | 1.0e-04 | 0.0257 | 0.9385 | 0.9346 | 0.9214 | 0.0270 | 0.9217 | 0.9241 | 0.8880
0090 | 09:01:21 |  29.8s | 1.0e-04 | 0.0255 | 0.9381 | 0.9342 | 0.9222 | 0.0271 | 0.9154 | 0.9348 | 0.8911
0091 | 09:02:04 |  30.2s | 1.0e-04 | 0.0257 | 0.9379 | 0.9359 | 0.9231 | 0.0267 | 0.9121 | 0.9262 | 0.8771
0092 | 09:02:48 |  29.9s | 1.0e-04 | 0.0258 | 0.9368 | 0.9343 | 0.9204 | 0.0260 | 0.9411 | 0.9002 | 0.8934
0093 | 09:03:31 |  29.9s | 1.0e-04 | 0.0254 | 0.9391 | 0.9349 | 0.9227 | 0.0279 | 0.9274 | 0.9130 | 0.8796
0094 | 09:04:14 |  40.4s | 1.0e-04 | 0.0251 | 0.9398 | 0.9355 | 0.9252 | 0.0264 | 0.9179 | 0.9306 | 0.8888
0095 | 09:05:07 |  30.5s | 1.0e-04 | 0.0243 | 0.9391 | 0.9344 | 0.9234 | 0.0271 | 0.9250 | 0.9201 | 0.8808
0096 | 09:05:50 |  30.4s | 1.0e-04 | 0.0242 | 0.9392 | 0.9355 | 0.9233 | 0.0272 | 0.9319 | 0.9109 | 0.8860
0097 | 09:06:34 |  30.6s | 1.0e-04 | 0.0240 | 0.9398 | 0.9356 | 0.9241 | 0.0275 | 0.9375 | 0.9061 | 0.8923
0098 | 09:07:17 |  30.6s | 1.0e-04 | 0.0240 | 0.9390 | 0.9362 | 0.9250 | 0.0268 | 0.9307 | 0.9206 | 0.8945
0099 | 09:08:01 |  30.6s | 1.0e-04 | 0.0239 | 0.9393 | 0.9356 | 0.9240 | 0.0264 | 0.9402 | 0.9128 | 0.9001
0100 | 09:08:45 |  30.6s | 1.0e-04 | 0.0240 | 0.9385 | 0.9366 | 0.9250 | 0.0286 | 0.9020 | 0.9393 | 0.8834
0101 | 09:09:28 |  30.6s | 1.0e-04 | 0.0236 | 0.9403 | 0.9365 | 0.9257 | 0.0270 | 0.9350 | 0.9157 | 0.8984
0102 | 09:10:12 |  38.5s | 1.0e-04 | 0.0231 | 0.9409 | 0.9380 | 0.9294 | 0.0261 | 0.9206 | 0.9257 | 0.8912
0103 | 09:11:03 |  29.7s | 1.0e-04 | 0.0229 | 0.9417 | 0.9375 | 0.9278 | 0.0264 | 0.9359 | 0.9152 | 0.8941
0104 | 09:11:46 |  29.8s | 1.0e-04 | 0.0233 | 0.9412 | 0.9387 | 0.9298 | 0.0266 | 0.9451 | 0.9010 | 0.8942
0105 | 09:12:29 |  29.7s | 1.0e-04 | 0.0230 | 0.9410 | 0.9379 | 0.9286 | 0.0274 | 0.9190 | 0.9310 | 0.8899
0106 | 09:13:12 |  29.8s | 1.0e-04 | 0.0231 | 0.9420 | 0.9381 | 0.9297 | 0.0254 | 0.9291 | 0.9218 | 0.8950
0107 | 09:13:54 |  30.0s | 1.0e-04 | 0.0229 | 0.9424 | 0.9374 | 0.9302 | 0.0267 | 0.9287 | 0.9172 | 0.8908
0108 | 09:14:37 |  29.8s | 1.0e-04 | 0.0234 | 0.9413 | 0.9378 | 0.9282 | 0.0271 | 0.9433 | 0.8998 | 0.8934
0109 | 09:15:20 |  30.0s | 1.0e-04 | 0.0232 | 0.9414 | 0.9375 | 0.9292 | 0.0259 | 0.9334 | 0.9198 | 0.8968
0110 | 09:16:03 |  40.3s | 1.0e-04 | 0.0239 | 0.9407 | 0.9391 | 0.9294 | 0.0267 | 0.9242 | 0.9274 | 0.8960
0111 | 09:16:56 |  29.8s | 1.0e-04 | 0.0242 | 0.9415 | 0.9400 | 0.9318 | 0.0259 | 0.9212 | 0.9301 | 0.8950
0112 | 09:17:39 |  29.8s | 1.0e-04 | 0.0242 | 0.9418 | 0.9385 | 0.9301 | 0.0268 | 0.9210 | 0.9251 | 0.8857
0113 | 09:18:22 |  29.7s | 1.0e-04 | 0.0242 | 0.9408 | 0.9404 | 0.9315 | 0.0271 | 0.9061 | 0.9423 | 0.8941
0114 | 09:19:05 |  29.7s | 1.0e-04 | 0.0241 | 0.9412 | 0.9388 | 0.9294 | 0.0267 | 0.9434 | 0.9030 | 0.8924
0115 | 09:19:48 |  30.0s | 1.0e-04 | 0.0238 | 0.9425 | 0.9402 | 0.9328 | 0.0265 | 0.9415 | 0.9114 | 0.9026
0116 | 09:20:30 |  29.9s | 1.0e-04 | 0.0244 | 0.9412 | 0.9405 | 0.9318 | 0.0256 | 0.9246 | 0.9292 | 0.8978
0117 | 09:21:13 |  29.9s | 1.0e-04 | 0.0238 | 0.9423 | 0.9401 | 0.9318 | 0.0256 | 0.9264 | 0.9272 | 0.8986
0118 | 09:21:56 |  42.6s | 1.0e-04 | 0.0237 | 0.9416 | 0.9396 | 0.9305 | 0.0262 | 0.9336 | 0.9211 | 0.9031
0119 | 09:22:52 |  30.4s | 1.0e-04 | 0.0236 | 0.9420 | 0.9402 | 0.9321 | 0.0259 | 0.9399 | 0.9123 | 0.8960
0120 | 09:23:36 |  30.4s | 1.0e-04 | 0.0232 | 0.9424 | 0.9402 | 0.9323 | 0.0253 | 0.9301 | 0.9252 | 0.8995
0121 | 09:24:19 |  30.6s | 1.0e-04 | 0.0234 | 0.9421 | 0.9394 | 0.9313 | 0.0267 | 0.9231 | 0.9298 | 0.8978
0122 | 09:25:03 |  30.6s | 1.0e-04 | 0.0234 | 0.9420 | 0.9398 | 0.9312 | 0.0262 | 0.9188 | 0.9329 | 0.8959
0123 | 09:25:46 |  30.5s | 1.0e-04 | 0.0235 | 0.9416 | 0.9391 | 0.9308 | 0.0260 | 0.9361 | 0.9127 | 0.8931
0124 | 09:26:30 |  30.6s | 1.0e-04 | 0.0235 | 0.9402 | 0.9408 | 0.9313 | 0.0258 | 0.9282 | 0.9217 | 0.8914
0125 | 09:27:13 |  30.2s | 1.0e-04 | 0.0234 | 0.9419 | 0.9402 | 0.9321 | 0.0256 | 0.9342 | 0.9268 | 0.9101
0126 | 09:27:59 |  29.9s | 1.0e-04 | 0.0230 | 0.9420 | 0.9415 | 0.9334 | 0.0258 | 0.9356 | 0.9140 | 0.8952
0127 | 09:28:41 |  30.0s | 1.0e-04 | 0.0230 | 0.9429 | 0.9407 | 0.9332 | 0.0247 | 0.9271 | 0.9291 | 0.9006
0128 | 09:29:24 |  29.7s | 1.0e-04 | 0.0229 | 0.9436 | 0.9418 | 0.9356 | 0.0264 | 0.9128 | 0.9420 | 0.8998
0129 | 09:30:07 |  29.7s | 1.0e-04 | 0.0228 | 0.9437 | 0.9413 | 0.9348 | 0.0259 | 0.9172 | 0.9389 | 0.9022
0130 | 09:30:49 |  29.8s | 1.0e-04 | 0.0228 | 0.9424 | 0.9417 | 0.9342 | 0.0253 | 0.9205 | 0.9343 | 0.9010
0131 | 09:31:32 |  29.8s | 1.0e-04 | 0.0233 | 0.9412 | 0.9418 | 0.9328 | 0.0262 | 0.9248 | 0.9216 | 0.8895
0132 | 09:32:14 |  29.8s | 1.0e-04 | 0.0229 | 0.9419 | 0.9410 | 0.9326 | 0.0258 | 0.9311 | 0.9266 | 0.9049
0133 | 09:32:57 |  38.6s | 1.0e-04 | 0.0231 | 0.9428 | 0.9410 | 0.9340 | 0.0262 | 0.9227 | 0.9294 | 0.8961
0134 | 09:33:48 |  30.4s | 1.0e-04 | 0.0224 | 0.9437 | 0.9438 | 0.9374 | 0.0255 | 0.9203 | 0.9384 | 0.9042
0135 | 09:34:31 |  30.7s | 1.0e-04 | 0.0228 | 0.9436 | 0.9426 | 0.9366 | 0.0251 | 0.9290 | 0.9305 | 0.9066
0136 | 09:35:15 |  30.6s | 1.0e-04 | 0.0227 | 0.9433 | 0.9426 | 0.9363 | 0.0263 | 0.9372 | 0.9180 | 0.9007
0137 | 09:35:58 |  30.6s | 1.0e-04 | 0.0225 | 0.9429 | 0.9436 | 0.9365 | 0.0256 | 0.9327 | 0.9236 | 0.9014
0138 | 09:36:42 |  30.4s | 1.0e-04 | 0.0228 | 0.9437 | 0.9428 | 0.9370 | 0.0249 | 0.9367 | 0.9252 | 0.9068
0139 | 09:37:25 |  30.5s | 1.0e-04 | 0.0225 | 0.9445 | 0.9445 | 0.9389 | 0.0257 | 0.9414 | 0.9136 | 0.9029
0140 | 09:38:08 |  30.8s | 1.0e-04 | 0.0227 | 0.9430 | 0.9441 | 0.9374 | 0.0253 | 0.9389 | 0.9192 | 0.9047
0141 | 09:38:52 |  41.6s | 1.0e-04 | 0.0219 | 0.9447 | 0.9440 | 0.9385 | 0.0260 | 0.9417 | 0.9085 | 0.8959
0142 | 09:39:46 |  30.4s | 1.0e-04 | 0.0213 | 0.9450 | 0.9433 | 0.9385 | 0.0253 | 0.9133 | 0.9430 | 0.9041
0143 | 09:40:30 |  31.1s | 1.0e-04 | 0.0208 | 0.9446 | 0.9447 | 0.9392 | 0.0264 | 0.9396 | 0.9136 | 0.9040
0144 | 09:41:13 |  30.4s | 1.0e-04 | 0.0209 | 0.9467 | 0.9444 | 0.9408 | 0.0249 | 0.9244 | 0.9293 | 0.8967
0145 | 09:41:57 |  30.3s | 1.0e-04 | 0.0203 | 0.9481 | 0.9460 | 0.9441 | 0.0266 | 0.9316 | 0.9247 | 0.9056
0146 | 09:42:40 |  30.9s | 1.0e-04 | 0.0205 | 0.9455 | 0.9447 | 0.9403 | 0.0254 | 0.9127 | 0.9400 | 0.8974
0147 | 09:43:23 |  30.6s | 1.0e-04 | 0.0207 | 0.9453 | 0.9443 | 0.9396 | 0.0251 | 0.9307 | 0.9236 | 0.9038
0148 | 09:44:07 |  30.8s | 1.0e-04 | 0.0204 | 0.9462 | 0.9447 | 0.9412 | 0.0249 | 0.9225 | 0.9302 | 0.8969
0149 | 09:44:50 |  41.8s | 1.0e-04 | 0.0252 | 0.9440 | 0.9430 | 0.9371 | 0.0260 | 0.9199 | 0.9383 | 0.9035
0150 | 09:45:45 |  30.6s | 1.0e-04 | 0.0230 | 0.9423 | 0.9422 | 0.9346 | 0.0253 | 0.9285 | 0.9320 | 0.9071
0151 | 09:46:28 |  30.5s | 1.0e-04 | 0.0229 | 0.9424 | 0.9417 | 0.9335 | 0.0251 | 0.9216 | 0.9444 | 0.9136
0152 | 09:47:12 |  30.6s | 1.0e-04 | 0.0227 | 0.9429 | 0.9412 | 0.9342 | 0.0252 | 0.9239 | 0.9363 | 0.9056
0153 | 09:47:55 |  30.5s | 1.0e-04 | 0.0228 | 0.9434 | 0.9422 | 0.9353 | 0.0240 | 0.9369 | 0.9277 | 0.9125
0154 | 09:48:38 |  30.4s | 1.0e-04 | 0.0225 | 0.9423 | 0.9417 | 0.9345 | 0.0253 | 0.9380 | 0.9177 | 0.9030
0155 | 09:49:22 |  30.6s | 1.0e-04 | 0.0227 | 0.9441 | 0.9439 | 0.9380 | 0.0243 | 0.9313 | 0.9287 | 0.9034
0156 | 09:50:05 |  30.5s | 1.0e-04 | 0.0224 | 0.9432 | 0.9437 | 0.9372 | 0.0248 | 0.9326 | 0.9263 | 0.9060
0157 | 09:50:48 |  42.5s | 1.0e-04 | 0.0228 | 0.9424 | 0.9425 | 0.9351 | 0.0247 | 0.9380 | 0.9172 | 0.9032
0158 | 09:51:44 |  30.7s | 1.0e-04 | 0.0230 | 0.9428 | 0.9427 | 0.9355 | 0.0239 | 0.9407 | 0.9222 | 0.9085
0159 | 09:52:27 |  30.8s | 1.0e-04 | 0.0228 | 0.9444 | 0.9436 | 0.9388 | 0.0239 | 0.9306 | 0.9332 | 0.9101
0160 | 09:53:11 |  30.8s | 1.0e-04 | 0.0224 | 0.9437 | 0.9446 | 0.9383 | 0.0247 | 0.9347 | 0.9270 | 0.9074
0161 | 09:53:54 |  30.4s | 1.0e-04 | 0.0228 | 0.9438 | 0.9426 | 0.9361 | 0.0257 | 0.9318 | 0.9266 | 0.9039
0162 | 09:54:38 |  30.8s | 1.0e-04 | 0.0229 | 0.9437 | 0.9432 | 0.9366 | 0.0246 | 0.9324 | 0.9281 | 0.9089
0163 | 09:55:21 |  30.7s | 1.0e-04 | 0.0228 | 0.9439 | 0.9447 | 0.9391 | 0.0241 | 0.9282 | 0.9356 | 0.9093
0164 | 09:56:05 |  30.9s | 1.0e-04 | 0.0225 | 0.9450 | 0.9455 | 0.9409 | 0.0248 | 0.9333 | 0.9263 | 0.9072
0165 | 09:56:48 |  39.0s | 1.0e-04 | 0.0206 | 0.9447 | 0.9440 | 0.9387 | 0.0250 | 0.9349 | 0.9175 | 0.8980
0166 | 09:57:40 |  30.8s | 1.0e-04 | 0.0201 | 0.9456 | 0.9445 | 0.9399 | 0.0247 | 0.9439 | 0.9141 | 0.9091
0167 | 09:58:24 |  31.1s | 1.0e-04 | 0.0202 | 0.9461 | 0.9429 | 0.9393 | 0.0238 | 0.9357 | 0.9250 | 0.9081
0168 | 09:59:08 |  31.0s | 1.0e-04 | 0.0206 | 0.9447 | 0.9430 | 0.9380 | 0.0247 | 0.9294 | 0.9258 | 0.8972
0169 | 09:59:52 |  30.9s | 1.0e-04 | 0.0202 | 0.9454 | 0.9443 | 0.9397 | 0.0258 | 0.9308 | 0.9310 | 0.9066
0170 | 10:00:35 |  31.1s | 1.0e-04 | 0.0207 | 0.9448 | 0.9430 | 0.9380 | 0.0243 | 0.9342 | 0.9302 | 0.9105
0171 | 10:01:19 |  31.0s | 1.0e-04 | 0.0201 | 0.9459 | 0.9447 | 0.9413 | 0.0248 | 0.9386 | 0.9157 | 0.9027
0172 | 10:02:03 |  39.6s | 1.0e-04 | 0.0206 | 0.9445 | 0.9438 | 0.9381 | 0.0252 | 0.9178 | 0.9433 | 0.9086
0173 | 10:02:55 |  29.9s | 1.0e-04 | 0.0209 | 0.9448 | 0.9429 | 0.9383 | 0.0245 | 0.9257 | 0.9310 | 0.9027
0174 | 10:03:38 |  30.1s | 1.0e-04 | 0.0213 | 0.9439 | 0.9422 | 0.9365 | 0.0248 | 0.9274 | 0.9290 | 0.9023
0175 | 10:04:21 |  29.7s | 1.0e-04 | 0.0209 | 0.9451 | 0.9443 | 0.9388 | 0.0240 | 0.9300 | 0.9332 | 0.9082
0176 | 10:05:03 |  30.1s | 1.0e-04 | 0.0213 | 0.9443 | 0.9432 | 0.9374 | 0.0247 | 0.9299 | 0.9397 | 0.9173
0177 | 10:05:46 |  30.2s | 1.0e-04 | 0.0211 | 0.9452 | 0.9441 | 0.9394 | 0.0242 | 0.9380 | 0.9277 | 0.9142
0178 | 10:06:29 |  30.0s | 1.0e-04 | 0.0208 | 0.9464 | 0.9440 | 0.9408 | 0.0245 | 0.9247 | 0.9365 | 0.9077
0179 | 10:07:12 |  30.0s | 1.0e-04 | 0.0210 | 0.9451 | 0.9433 | 0.9389 | 0.0249 | 0.9377 | 0.9215 | 0.9095
0180 | 10:07:55 |  39.2s | 1.0e-04 | 0.0215 | 0.9453 | 0.9453 | 0.9408 | 0.0242 | 0.9239 | 0.9397 | 0.9128
0181 | 10:08:47 |  30.0s | 1.0e-04 | 0.0217 | 0.9461 | 0.9466 | 0.9429 | 0.0242 | 0.9314 | 0.9331 | 0.9112
0182 | 10:09:29 |  30.0s | 1.0e-04 | 0.0220 | 0.9463 | 0.9458 | 0.9427 | 0.0245 | 0.9350 | 0.9235 | 0.9043
0183 | 10:10:12 |  30.0s | 1.0e-04 | 0.0223 | 0.9456 | 0.9464 | 0.9420 | 0.0252 | 0.9410 | 0.9112 | 0.8986
0184 | 10:10:55 |  30.0s | 1.0e-04 | 0.0218 | 0.9476 | 0.9470 | 0.9450 | 0.0245 | 0.9344 | 0.9321 | 0.9125
0185 | 10:11:38 |  30.1s | 1.0e-04 | 0.0218 | 0.9463 | 0.9462 | 0.9421 | 0.0247 | 0.9312 | 0.9255 | 0.9046
0186 | 10:12:21 |  30.0s | 1.0e-04 | 0.0216 | 0.9467 | 0.9469 | 0.9437 | 0.0247 | 0.9159 | 0.9454 | 0.9086
0187 | 10:13:03 |  30.4s | 1.0e-04 | 0.0217 | 0.9465 | 0.9476 | 0.9442 | 0.0246 | 0.9364 | 0.9264 | 0.9095
0188 | 10:13:46 |  41.3s | 1.0e-04 | 0.0221 | 0.9457 | 0.9459 | 0.9415 | 0.0241 | 0.9349 | 0.9304 | 0.9133
0189 | 10:14:40 |  30.3s | 1.0e-04 | 0.0223 | 0.9448 | 0.9445 | 0.9396 | 0.0237 | 0.9361 | 0.9270 | 0.9135
0190 | 10:15:23 |  30.1s | 1.0e-04 | 0.0224 | 0.9456 | 0.9441 | 0.9399 | 0.0240 | 0.9253 | 0.9409 | 0.9147
0191 | 10:16:06 |  30.2s | 1.0e-04 | 0.0225 | 0.9438 | 0.9455 | 0.9397 | 0.0252 | 0.9302 | 0.9306 | 0.9064
0192 | 10:16:49 |  30.4s | 1.0e-04 | 0.0222 | 0.9442 | 0.9441 | 0.9390 | 0.0248 | 0.9300 | 0.9348 | 0.9112
0193 | 10:17:32 |  30.1s | 1.0e-04 | 0.0223 | 0.9445 | 0.9443 | 0.9394 | 0.0240 | 0.9382 | 0.9199 | 0.9070
0194 | 10:18:15 |  30.1s | 1.0e-04 | 0.0223 | 0.9450 | 0.9446 | 0.9400 | 0.0240 | 0.9251 | 0.9405 | 0.9137
0195 | 10:18:58 |  30.3s | 1.0e-04 | 0.0221 | 0.9448 | 0.9443 | 0.9389 | 0.0242 | 0.9262 | 0.9328 | 0.9048
0196 | 10:19:41 |  39.7s | 1.0e-04 | 0.0208 | 0.9462 | 0.9463 | 0.9431 | 0.0234 | 0.9395 | 0.9320 | 0.9208
0197 | 10:20:33 |  30.4s | 1.0e-04 | 0.0197 | 0.9473 | 0.9481 | 0.9451 | 0.0244 | 0.9217 | 0.9464 | 0.9168
0198 | 10:21:16 |  30.4s | 1.0e-04 | 0.0202 | 0.9475 | 0.9466 | 0.9445 | 0.0240 | 0.9316 | 0.9272 | 0.9054
0199 | 10:21:59 |  30.5s | 1.0e-04 | 0.0196 | 0.9477 | 0.9477 | 0.9455 | 0.0242 | 0.9338 | 0.9227 | 0.9007
0200 | 10:22:42 |  30.3s | 1.0e-04 | 0.0198 | 0.9474 | 0.9474 | 0.9450 | 0.0242 | 0.9381 | 0.9264 | 0.9148
0201 | 10:23:25 |  30.4s | 1.0e-04 | 0.0197 | 0.9483 | 0.9480 | 0.9466 | 0.0250 | 0.9476 | 0.9110 | 0.9085
0202 | 10:24:09 |  30.4s | 1.0e-04 | 0.0198 | 0.9484 | 0.9464 | 0.9444 | 0.0233 | 0.9455 | 0.9164 | 0.9146
0203 | 10:24:52 |  30.2s | 1.0e-04 | 0.0197 | 0.9483 | 0.9480 | 0.9466 | 0.0247 | 0.9365 | 0.9262 | 0.9112
0204 | 10:25:34 |  42.5s | 1.0e-04 | 0.0216 | 0.9456 | 0.9447 | 0.9403 | 0.0249 | 0.9383 | 0.9198 | 0.9058
0205 | 10:26:30 |  30.3s | 1.0e-04 | 0.0213 | 0.9459 | 0.9459 | 0.9420 | 0.0242 | 0.9364 | 0.9333 | 0.9155
0206 | 10:27:13 |  30.3s | 1.0e-04 | 0.0213 | 0.9462 | 0.9457 | 0.9414 | 0.0237 | 0.9365 | 0.9261 | 0.9102
0207 | 10:27:56 |  30.0s | 1.0e-04 | 0.0214 | 0.9446 | 0.9465 | 0.9415 | 0.0245 | 0.9211 | 0.9396 | 0.9081
0208 | 10:28:39 |  30.1s | 1.0e-04 | 0.0213 | 0.9461 | 0.9460 | 0.9415 | 0.0240 | 0.9333 | 0.9305 | 0.9123
0209 | 10:29:21 |  30.1s | 1.0e-04 | 0.0212 | 0.9453 | 0.9457 | 0.9411 | 0.0236 | 0.9355 | 0.9332 | 0.9159
0210 | 10:30:04 |  30.3s | 1.0e-04 | 0.0213 | 0.9454 | 0.9460 | 0.9418 | 0.0239 | 0.9411 | 0.9213 | 0.9109
0211 | 10:30:47 |  39.1s | 1.0e-04 | 0.0214 | 0.9457 | 0.9455 | 0.9416 | 0.0247 | 0.9193 | 0.9479 | 0.9166
0212 | 10:31:39 |  30.6s | 1.0e-04 | 0.0203 | 0.9492 | 0.9489 | 0.9481 | 0.0230 | 0.9300 | 0.9341 | 0.9127
0213 | 10:32:22 |  30.7s | 1.0e-04 | 0.0211 | 0.9479 | 0.9477 | 0.9454 | 0.0236 | 0.9382 | 0.9282 | 0.9158
0214 | 10:33:06 |  30.8s | 1.0e-04 | 0.0202 | 0.9488 | 0.9490 | 0.9478 | 0.0233 | 0.9337 | 0.9357 | 0.9168
0215 | 10:33:49 |  30.5s | 1.0e-04 | 0.0202 | 0.9483 | 0.9486 | 0.9469 | 0.0240 | 0.9257 | 0.9394 | 0.9118
0216 | 10:34:33 |  30.4s | 1.0e-04 | 0.0207 | 0.9478 | 0.9486 | 0.9466 | 0.0231 | 0.9380 | 0.9298 | 0.9178
0217 | 10:35:16 |  30.5s | 1.0e-04 | 0.0204 | 0.9484 | 0.9488 | 0.9473 | 0.0230 | 0.9253 | 0.9387 | 0.9115
0218 | 10:35:59 |  30.4s | 1.0e-04 | 0.0204 | 0.9481 | 0.9485 | 0.9467 | 0.0240 | 0.9411 | 0.9194 | 0.9078
0219 | 10:36:42 |  39.3s | 1.0e-04 | 0.0205 | 0.9475 | 0.9463 | 0.9441 | 0.0240 | 0.9430 | 0.9226 | 0.9164
0220 | 10:37:34 |  30.0s | 1.0e-04 | 0.0198 | 0.9466 | 0.9454 | 0.9422 | 0.0237 | 0.9243 | 0.9438 | 0.9165
0221 | 10:38:17 |  29.8s | 1.0e-04 | 0.0195 | 0.9469 | 0.9459 | 0.9432 | 0.0241 | 0.9394 | 0.9288 | 0.9180
0222 | 10:38:59 |  30.0s | 1.0e-04 | 0.0193 | 0.9468 | 0.9450 | 0.9420 | 0.0235 | 0.9324 | 0.9388 | 0.9173
0223 | 10:39:42 |  30.1s | 1.0e-04 | 0.0192 | 0.9474 | 0.9448 | 0.9428 | 0.0234 | 0.9416 | 0.9276 | 0.9198
0224 | 10:40:25 |  29.7s | 1.0e-04 | 0.0197 | 0.9460 | 0.9445 | 0.9407 | 0.0241 | 0.9186 | 0.9472 | 0.9154
0225 | 10:41:07 |  29.9s | 1.0e-04 | 0.0198 | 0.9451 | 0.9442 | 0.9396 | 0.0236 | 0.9362 | 0.9307 | 0.9150
0226 | 10:41:50 |  29.9s | 1.0e-04 | 0.0196 | 0.9463 | 0.9452 | 0.9414 | 0.0243 | 0.9425 | 0.9171 | 0.9082
0227 | 10:42:33 |  43.3s | 1.0e-04 | 0.0200 | 0.9468 | 0.9459 | 0.9431 | 0.0235 | 0.9445 | 0.9202 | 0.9152
0228 | 10:43:29 |  30.7s | 1.0e-04 | 0.0207 | 0.9467 | 0.9472 | 0.9440 | 0.0236 | 0.9274 | 0.9378 | 0.9139
0229 | 10:44:12 |  30.7s | 1.0e-04 | 0.0204 | 0.9482 | 0.9490 | 0.9473 | 0.0236 | 0.9378 | 0.9271 | 0.9123
0230 | 10:44:55 |  30.7s | 1.0e-04 | 0.0205 | 0.9472 | 0.9487 | 0.9459 | 0.0233 | 0.9280 | 0.9406 | 0.9170
0231 | 10:45:39 |  30.6s | 1.0e-04 | 0.0205 | 0.9486 | 0.9468 | 0.9456 | 0.0229 | 0.9359 | 0.9353 | 0.9184
0232 | 10:46:22 |  30.6s | 1.0e-04 | 0.0203 | 0.9481 | 0.9476 | 0.9459 | 0.0242 | 0.9393 | 0.9262 | 0.9130
0233 | 10:47:05 |  30.7s | 1.0e-04 | 0.0205 | 0.9479 | 0.9476 | 0.9453 | 0.0236 | 0.9284 | 0.9344 | 0.9085
0234 | 10:47:49 |  30.4s | 1.0e-04 | 0.0200 | 0.9475 | 0.9484 | 0.9460 | 0.0238 | 0.9261 | 0.9336 | 0.9060
0235 | 10:48:32 |  38.9s | 1.0e-04 | 0.0203 | 0.9476 | 0.9487 | 0.9465 | 0.0226 | 0.9352 | 0.9345 | 0.9165
0236 | 10:49:23 |  31.2s | 1.0e-04 | 0.0199 | 0.9475 | 0.9478 | 0.9453 | 0.0240 | 0.9445 | 0.9174 | 0.9123
0237 | 10:50:07 |  30.7s | 1.0e-04 | 0.0200 | 0.9478 | 0.9473 | 0.9454 | 0.0241 | 0.9401 | 0.9327 | 0.9212
0238 | 10:50:51 |  30.8s | 1.0e-04 | 0.0205 | 0.9472 | 0.9471 | 0.9445 | 0.0225 | 0.9338 | 0.9378 | 0.9206
0239 | 10:51:34 |  31.2s | 1.0e-04 | 0.0201 | 0.9484 | 0.9477 | 0.9462 | 0.0242 | 0.9329 | 0.9324 | 0.9103
0240 | 10:52:18 |  30.8s | 1.0e-04 | 0.0198 | 0.9474 | 0.9472 | 0.9448 | 0.0242 | 0.9372 | 0.9234 | 0.9098
0241 | 10:53:02 |  30.9s | 1.0e-04 | 0.0202 | 0.9468 | 0.9475 | 0.9447 | 0.0233 | 0.9493 | 0.9190 | 0.9184
0242 | 10:53:45 |  31.1s | 1.0e-04 | 0.0202 | 0.9479 | 0.9467 | 0.9445 | 0.0232 | 0.9371 | 0.9341 | 0.9197
0243 | 10:54:29 |  39.9s | 1.0e-04 | 0.0204 | 0.9484 | 0.9485 | 0.9468 | 0.0238 | 0.9194 | 0.9474 | 0.9158
0244 | 10:55:22 |  30.4s | 1.0e-04 | 0.0204 | 0.9489 | 0.9485 | 0.9474 | 0.0233 | 0.9314 | 0.9357 | 0.9147
0245 | 10:56:05 |  30.5s | 1.0e-04 | 0.0205 | 0.9477 | 0.9499 | 0.9477 | 0.0238 | 0.9412 | 0.9247 | 0.9149
0246 | 10:56:48 |  30.5s | 1.0e-04 | 0.0207 | 0.9468 | 0.9485 | 0.9454 | 0.0236 | 0.9289 | 0.9428 | 0.9193
0247 | 10:57:31 |  30.4s | 1.0e-04 | 0.0201 | 0.9478 | 0.9485 | 0.9466 | 0.0236 | 0.9408 | 0.9241 | 0.9124
0248 | 10:58:15 |  30.4s | 1.0e-04 | 0.0201 | 0.9483 | 0.9498 | 0.9480 | 0.0235 | 0.9257 | 0.9413 | 0.9148
0249 | 10:58:58 |  30.3s | 1.0e-04 | 0.0202 | 0.9478 | 0.9485 | 0.9464 | 0.0227 | 0.9305 | 0.9389 | 0.9184
0250 | 10:59:41 |  30.6s | 1.0e-04 | 0.0207 | 0.9474 | 0.9475 | 0.9452 | 0.0222 | 0.9367 | 0.9401 | 0.9253
0251 | 11:00:27 |  31.0s | 1.0e-04 | 0.0200 | 0.9468 | 0.9495 | 0.9464 | 0.0240 | 0.9344 | 0.9334 | 0.9150
0252 | 11:01:10 |  30.9s | 1.0e-04 | 0.0198 | 0.9497 | 0.9487 | 0.9487 | 0.0235 | 0.9304 | 0.9367 | 0.9142
0253 | 11:01:54 |  31.2s | 1.0e-04 | 0.0197 | 0.9487 | 0.9497 | 0.9485 | 0.0236 | 0.9350 | 0.9253 | 0.9087
0254 | 11:02:38 |  31.1s | 1.0e-04 | 0.0198 | 0.9482 | 0.9498 | 0.9480 | 0.0232 | 0.9497 | 0.9183 | 0.9238
0255 | 11:03:22 |  31.1s | 1.0e-04 | 0.0196 | 0.9487 | 0.9505 | 0.9493 | 0.0224 | 0.9375 | 0.9304 | 0.9185
0256 | 11:04:06 |  30.9s | 1.0e-04 | 0.0196 | 0.9483 | 0.9491 | 0.9477 | 0.0234 | 0.9251 | 0.9468 | 0.9213
0257 | 11:04:49 |  31.1s | 1.0e-04 | 0.0199 | 0.9483 | 0.9490 | 0.9474 | 0.0235 | 0.9368 | 0.9291 | 0.9170
0258 | 11:05:33 |  38.9s | 1.0e-04 | 0.0199 | 0.9484 | 0.9492 | 0.9477 | 0.0237 | 0.9320 | 0.9351 | 0.9168
0259 | 11:06:24 |  30.8s | 1.0e-04 | 0.0204 | 0.9493 | 0.9493 | 0.9487 | 0.0244 | 0.9519 | 0.9046 | 0.9134
0260 | 11:07:08 |  31.0s | 1.0e-04 | 0.0203 | 0.9482 | 0.9492 | 0.9473 | 0.0243 | 0.9263 | 0.9381 | 0.9110
0261 | 11:07:51 |  30.7s | 1.0e-04 | 0.0203 | 0.9489 | 0.9508 | 0.9496 | 0.0235 | 0.9397 | 0.9308 | 0.9190
0262 | 11:08:35 |  30.9s | 1.0e-04 | 0.0203 | 0.9485 | 0.9497 | 0.9483 | 0.0228 | 0.9368 | 0.9328 | 0.9148
0263 | 11:09:18 |  30.8s | 1.0e-04 | 0.0202 | 0.9480 | 0.9497 | 0.9477 | 0.0235 | 0.9193 | 0.9495 | 0.9186
0264 | 11:10:02 |  30.7s | 1.0e-04 | 0.0197 | 0.9492 | 0.9517 | 0.9510 | 0.0229 | 0.9400 | 0.9289 | 0.9166
0265 | 11:10:45 |  30.5s | 1.0e-04 | 0.0202 | 0.9482 | 0.9495 | 0.9476 | 0.0231 | 0.9283 | 0.9414 | 0.9167
0266 | 11:11:29 |  40.9s | 1.0e-04 | 0.0201 | 0.9494 | 0.9493 | 0.9488 | 0.0240 | 0.9353 | 0.9313 | 0.9151
0267 | 11:12:22 |  30.2s | 1.0e-04 | 0.0201 | 0.9496 | 0.9490 | 0.9487 | 0.0228 | 0.9413 | 0.9290 | 0.9206
0268 | 11:13:05 |  30.0s | 1.0e-04 | 0.0204 | 0.9482 | 0.9503 | 0.9484 | 0.0239 | 0.9360 | 0.9312 | 0.9137
0269 | 11:13:48 |  30.0s | 1.0e-04 | 0.0203 | 0.9485 | 0.9489 | 0.9474 | 0.0229 | 0.9304 | 0.9370 | 0.9162
0270 | 11:14:30 |  30.1s | 1.0e-04 | 0.0202 | 0.9490 | 0.9493 | 0.9484 | 0.0239 | 0.9266 | 0.9408 | 0.9150
0271 | 11:15:13 |  30.1s | 1.0e-04 | 0.0200 | 0.9491 | 0.9512 | 0.9504 | 0.0233 | 0.9300 | 0.9399 | 0.9176
0272 | 11:15:56 |  30.0s | 1.0e-04 | 0.0201 | 0.9500 | 0.9512 | 0.9511 | 0.0238 | 0.9354 | 0.9303 | 0.9163
0273 | 11:16:39 |  30.1s | 1.0e-04 | 0.0201 | 0.9484 | 0.9496 | 0.9482 | 0.0239 | 0.9258 | 0.9411 | 0.9152
0274 | 11:17:21 |  40.8s | 1.0e-04 | 0.0191 | 0.9507 | 0.9513 | 0.9521 | 0.0232 | 0.9370 | 0.9291 | 0.9133
0275 | 11:18:15 |  29.6s | 1.0e-04 | 0.0193 | 0.9502 | 0.9510 | 0.9510 | 0.0229 | 0.9418 | 0.9280 | 0.9171
0276 | 11:18:57 |  29.8s | 1.0e-04 | 0.0192 | 0.9497 | 0.9507 | 0.9504 | 0.0233 | 0.9377 | 0.9344 | 0.9220
0277 | 11:19:40 |  29.5s | 1.0e-04 | 0.0193 | 0.9503 | 0.9513 | 0.9513 | 0.0239 | 0.9386 | 0.9320 | 0.9191
0278 | 11:20:22 |  29.4s | 1.0e-04 | 0.0193 | 0.9498 | 0.9489 | 0.9488 | 0.0229 | 0.9388 | 0.9315 | 0.9180
0279 | 11:21:04 |  29.8s | 1.0e-04 | 0.0193 | 0.9496 | 0.9500 | 0.9496 | 0.0243 | 0.9526 | 0.9108 | 0.9189
0280 | 11:21:46 |  29.6s | 1.0e-04 | 0.0190 | 0.9502 | 0.9513 | 0.9514 | 0.0231 | 0.9400 | 0.9277 | 0.9191
0281 | 11:22:28 |  29.5s | 1.0e-04 | 0.0189 | 0.9506 | 0.9508 | 0.9514 | 0.0239 | 0.9321 | 0.9329 | 0.9111
0282 | 11:23:10 |  39.7s | 1.0e-04 | 0.0204 | 0.9498 | 0.9504 | 0.9502 | 0.0237 | 0.9374 | 0.9343 | 0.9188
0283 | 11:24:03 |  29.5s | 1.0e-04 | 0.0203 | 0.9491 | 0.9505 | 0.9493 | 0.0236 | 0.9516 | 0.9077 | 0.9172
0284 | 11:24:45 |  29.9s | 1.0e-04 | 0.0202 | 0.9505 | 0.9506 | 0.9511 | 0.0227 | 0.9428 | 0.9284 | 0.9232
0285 | 11:25:27 |  29.5s | 1.0e-04 | 0.0205 | 0.9500 | 0.9501 | 0.9500 | 0.0226 | 0.9438 | 0.9275 | 0.9195
0286 | 11:26:09 |  29.4s | 1.0e-04 | 0.0204 | 0.9484 | 0.9493 | 0.9478 | 0.0227 | 0.9380 | 0.9338 | 0.9214
0287 | 11:26:51 |  29.4s | 1.0e-04 | 0.0201 | 0.9496 | 0.9509 | 0.9506 | 0.0230 | 0.9347 | 0.9401 | 0.9224
0288 | 11:27:33 |  29.4s | 1.0e-04 | 0.0204 | 0.9498 | 0.9500 | 0.9498 | 0.0224 | 0.9363 | 0.9376 | 0.9243
0289 | 11:28:15 |  29.4s | 1.0e-04 | 0.0203 | 0.9492 | 0.9502 | 0.9494 | 0.0225 | 0.9277 | 0.9439 | 0.9195
0290 | 11:28:57 |  41.2s | 1.0e-04 | 0.0201 | 0.9485 | 0.9507 | 0.9492 | 0.0235 | 0.9397 | 0.9245 | 0.9116
0291 | 11:29:51 |  29.9s | 1.0e-04 | 0.0200 | 0.9498 | 0.9509 | 0.9505 | 0.0234 | 0.9381 | 0.9340 | 0.9204
0292 | 11:30:34 |  29.9s | 1.0e-04 | 0.0199 | 0.9501 | 0.9507 | 0.9506 | 0.0235 | 0.9293 | 0.9421 | 0.9201
0293 | 11:31:16 |  29.7s | 1.0e-04 | 0.0198 | 0.9507 | 0.9506 | 0.9513 | 0.0224 | 0.9247 | 0.9431 | 0.9152
0294 | 11:31:59 |  30.1s | 1.0e-04 | 0.0200 | 0.9486 | 0.9514 | 0.9500 | 0.0227 | 0.9419 | 0.9327 | 0.9261
0295 | 11:32:42 |  30.1s | 1.0e-04 | 0.0202 | 0.9494 | 0.9518 | 0.9509 | 0.0235 | 0.9383 | 0.9290 | 0.9141
0296 | 11:33:25 |  29.9s | 1.0e-04 | 0.0202 | 0.9494 | 0.9507 | 0.9501 | 0.0224 | 0.9406 | 0.9332 | 0.9248
0297 | 11:34:07 |  38.5s | 1.0e-04 | 0.0200 | 0.9495 | 0.9506 | 0.9500 | 0.0232 | 0.9341 | 0.9393 | 0.9219
0298 | 11:34:59 |  30.0s | 1.0e-04 | 0.0195 | 0.9500 | 0.9508 | 0.9506 | 0.0229 | 0.9355 | 0.9324 | 0.9168
0299 | 11:35:41 |  30.4s | 1.0e-04 | 0.0193 | 0.9498 | 0.9512 | 0.9508 | 0.0227 | 0.9382 | 0.9327 | 0.9190
0300 | 11:36:24 |  29.9s | 1.0e-04 | 0.0194 | 0.9496 | 0.9514 | 0.9509 | 0.0228 | 0.9251 | 0.9445 | 0.9180
0301 | 11:37:07 |  29.9s | 1.0e-04 | 0.0192 | 0.9504 | 0.9515 | 0.9516 | 0.0240 | 0.9486 | 0.9190 | 0.9189
0302 | 11:37:50 |  30.1s | 1.0e-04 | 0.0194 | 0.9501 | 0.9513 | 0.9511 | 0.0235 | 0.9319 | 0.9435 | 0.9248
0303 | 11:38:33 |  30.0s | 1.0e-04 | 0.0194 | 0.9501 | 0.9511 | 0.9511 | 0.0233 | 0.9293 | 0.9430 | 0.9211
0304 | 11:39:16 |  30.4s | 1.0e-04 | 0.0198 | 0.9485 | 0.9508 | 0.9490 | 0.0232 | 0.9390 | 0.9343 | 0.9218
0305 | 11:39:59 |  41.2s | 1.0e-04 | 0.0193 | 0.9506 | 0.9519 | 0.9523 | 0.0237 | 0.9280 | 0.9465 | 0.9240
0306 | 11:40:53 |  30.8s | 1.0e-04 | 0.0198 | 0.9483 | 0.9495 | 0.9480 | 0.0221 | 0.9333 | 0.9393 | 0.9179
0307 | 11:41:37 |  30.6s | 1.0e-04 | 0.0194 | 0.9497 | 0.9483 | 0.9481 | 0.0229 | 0.9389 | 0.9327 | 0.9218
0308 | 11:42:21 |  30.5s | 1.0e-04 | 0.0196 | 0.9482 | 0.9481 | 0.9463 | 0.0223 | 0.9388 | 0.9339 | 0.9234
0309 | 11:43:04 |  30.5s | 1.0e-04 | 0.0195 | 0.9483 | 0.9496 | 0.9480 | 0.0239 | 0.9446 | 0.9224 | 0.9177
0310 | 11:43:47 |  30.7s | 1.0e-04 | 0.0197 | 0.9487 | 0.9496 | 0.9482 | 0.0228 | 0.9385 | 0.9330 | 0.9197
0311 | 11:44:31 |  30.7s | 1.0e-04 | 0.0195 | 0.9497 | 0.9496 | 0.9494 | 0.0230 | 0.9387 | 0.9316 | 0.9200
0312 | 11:45:15 |  30.6s | 1.0e-04 | 0.0194 | 0.9488 | 0.9498 | 0.9486 | 0.0221 | 0.9321 | 0.9394 | 0.9192
0313 | 11:45:59 |  43.3s | 1.0e-04 | 0.0196 | 0.9496 | 0.9515 | 0.9510 | 0.0222 | 0.9340 | 0.9385 | 0.9223
0314 | 11:46:55 |  30.3s | 1.0e-04 | 0.0197 | 0.9495 | 0.9510 | 0.9506 | 0.0228 | 0.9383 | 0.9356 | 0.9225
0315 | 11:47:39 |  29.9s | 1.0e-04 | 0.0196 | 0.9491 | 0.9513 | 0.9500 | 0.0228 | 0.9403 | 0.9354 | 0.9242
0316 | 11:48:22 |  29.8s | 1.0e-04 | 0.0197 | 0.9502 | 0.9510 | 0.9512 | 0.0234 | 0.9404 | 0.9180 | 0.9066
0317 | 11:49:04 |  30.0s | 1.0e-04 | 0.0198 | 0.9497 | 0.9521 | 0.9517 | 0.0233 | 0.9341 | 0.9361 | 0.9168
0318 | 11:49:48 |  30.5s | 1.0e-04 | 0.0194 | 0.9512 | 0.9516 | 0.9526 | 0.0233 | 0.9439 | 0.9271 | 0.9201
0319 | 11:50:31 |  30.3s | 1.0e-04 | 0.0198 | 0.9494 | 0.9513 | 0.9506 | 0.0229 | 0.9406 | 0.9304 | 0.9212
0320 | 11:51:14 |  30.1s | 1.0e-04 | 0.0195 | 0.9503 | 0.9515 | 0.9517 | 0.0227 | 0.9417 | 0.9326 | 0.9247
0321 | 11:51:57 |  43.0s | 1.0e-04 | 0.0194 | 0.9498 | 0.9508 | 0.9505 | 0.0228 | 0.9444 | 0.9224 | 0.9166
0322 | 11:52:54 |  30.8s | 1.0e-04 | 0.0196 | 0.9489 | 0.9487 | 0.9479 | 0.0232 | 0.9305 | 0.9397 | 0.9197
0323 | 11:53:37 |  30.8s | 1.0e-04 | 0.0201 | 0.9471 | 0.9488 | 0.9460 | 0.0235 | 0.9246 | 0.9482 | 0.9227
0324 | 11:54:21 |  30.8s | 1.0e-04 | 0.0193 | 0.9488 | 0.9512 | 0.9498 | 0.0229 | 0.9323 | 0.9407 | 0.9209
0325 | 11:55:05 |  30.7s | 1.0e-04 | 0.0196 | 0.9498 | 0.9500 | 0.9497 | 0.0224 | 0.9342 | 0.9385 | 0.9213
0326 | 11:55:49 |  30.8s | 1.0e-04 | 0.0201 | 0.9478 | 0.9482 | 0.9462 | 0.0231 | 0.9294 | 0.9428 | 0.9207
0327 | 11:56:33 |  31.0s | 1.0e-04 | 0.0192 | 0.9505 | 0.9498 | 0.9502 | 0.0225 | 0.9331 | 0.9445 | 0.9259
0328 | 11:57:16 |  30.8s | 1.0e-04 | 0.0196 | 0.9497 | 0.9500 | 0.9496 | 0.0234 | 0.9390 | 0.9343 | 0.9210
0329 | 11:58:00 |  38.7s | 1.0e-04 | 0.0189 | 0.9513 | 0.9531 | 0.9541 | 0.0224 | 0.9350 | 0.9399 | 0.9247
0330 | 11:58:52 |  30.5s | 1.0e-04 | 0.0185 | 0.9512 | 0.9531 | 0.9539 | 0.0229 | 0.9303 | 0.9473 | 0.9273
0331 | 11:59:35 |  30.5s | 1.0e-04 | 0.0187 | 0.9507 | 0.9517 | 0.9522 | 0.0237 | 0.9379 | 0.9334 | 0.9195
0332 | 12:00:19 |  30.4s | 1.0e-04 | 0.0186 | 0.9517 | 0.9525 | 0.9537 | 0.0230 | 0.9190 | 0.9489 | 0.9177
0333 | 12:01:02 |  30.5s | 1.0e-04 | 0.0191 | 0.9509 | 0.9512 | 0.9520 | 0.0226 | 0.9380 | 0.9284 | 0.9165
0334 | 12:01:46 |  30.9s | 1.0e-04 | 0.0189 | 0.9512 | 0.9532 | 0.9537 | 0.0235 | 0.9431 | 0.9232 | 0.9162
0335 | 12:02:30 |  30.3s | 1.0e-04 | 0.0188 | 0.9507 | 0.9528 | 0.9532 | 0.0229 | 0.9338 | 0.9425 | 0.9266
0336 | 12:03:13 |  38.6s | 1.0e-04 | 0.0190 | 0.9504 | 0.9514 | 0.9518 | 0.0230 | 0.9458 | 0.9250 | 0.9193
0337 | 12:04:05 |  30.6s | 1.0e-04 | 0.0201 | 0.9494 | 0.9501 | 0.9495 | 0.0231 | 0.9366 | 0.9385 | 0.9231
0338 | 12:04:48 |  30.6s | 1.0e-04 | 0.0199 | 0.9492 | 0.9508 | 0.9499 | 0.0227 | 0.9411 | 0.9335 | 0.9233
0339 | 12:05:32 |  30.6s | 1.0e-04 | 0.0196 | 0.9497 | 0.9509 | 0.9504 | 0.0220 | 0.9380 | 0.9383 | 0.9253
0340 | 12:06:15 |  31.1s | 1.0e-04 | 0.0198 | 0.9495 | 0.9512 | 0.9504 | 0.0228 | 0.9393 | 0.9340 | 0.9210
0341 | 12:06:59 |  30.9s | 1.0e-04 | 0.0196 | 0.9500 | 0.9502 | 0.9503 | 0.0228 | 0.9356 | 0.9350 | 0.9183
0342 | 12:07:43 |  30.8s | 1.0e-04 | 0.0196 | 0.9497 | 0.9515 | 0.9509 | 0.0217 | 0.9326 | 0.9475 | 0.9307
0343 | 12:08:27 |  38.1s | 1.0e-04 | 0.0200 | 0.9489 | 0.9509 | 0.9498 | 0.0228 | 0.9376 | 0.9321 | 0.9176
0344 | 12:09:18 |  40.1s | 1.0e-04 | 0.0199 | 0.9488 | 0.9510 | 0.9496 | 0.0221 | 0.9388 | 0.9366 | 0.9231
0345 | 12:10:12 |  29.8s | 1.0e-04 | 0.0202 | 0.9486 | 0.9505 | 0.9490 | 0.0219 | 0.9422 | 0.9302 | 0.9225
0346 | 12:10:54 |  30.2s | 1.0e-04 | 0.0200 | 0.9499 | 0.9510 | 0.9508 | 0.0227 | 0.9372 | 0.9348 | 0.9221
0347 | 12:11:38 |  30.2s | 1.0e-04 | 0.0204 | 0.9496 | 0.9508 | 0.9501 | 0.0223 | 0.9358 | 0.9378 | 0.9228
0348 | 12:12:21 |  29.8s | 1.0e-04 | 0.0199 | 0.9499 | 0.9518 | 0.9515 | 0.0222 | 0.9302 | 0.9450 | 0.9246
0349 | 12:13:04 |  29.9s | 1.0e-04 | 0.0200 | 0.9501 | 0.9511 | 0.9511 | 0.0220 | 0.9419 | 0.9367 | 0.9271
0350 | 12:13:46 |  29.8s | 1.0e-04 | 0.0199 | 0.9497 | 0.9524 | 0.9519 | 0.0221 | 0.9411 | 0.9276 | 0.9195
0351 | 12:14:29 |  30.5s | 1.0e-04 | 0.0200 | 0.9491 | 0.9514 | 0.9502 | 0.0222 | 0.9373 | 0.9373 | 0.9209
0352 | 12:15:13 |  40.8s | 1.0e-04 | 0.0198 | 0.9500 | 0.9502 | 0.9502 | 0.0232 | 0.9293 | 0.9435 | 0.9214
0353 | 12:16:07 |  30.9s | 1.0e-04 | 0.0197 | 0.9481 | 0.9482 | 0.9466 | 0.0221 | 0.9391 | 0.9333 | 0.9207
0354 | 12:16:50 |  31.2s | 1.0e-04 | 0.0197 | 0.9479 | 0.9487 | 0.9467 | 0.0222 | 0.9314 | 0.9443 | 0.9234
0355 | 12:17:35 |  31.3s | 1.0e-04 | 0.0202 | 0.9474 | 0.9479 | 0.9455 | 0.0228 | 0.9331 | 0.9434 | 0.9250
0356 | 12:18:19 |  30.9s | 1.0e-04 | 0.0200 | 0.9477 | 0.9467 | 0.9445 | 0.0227 | 0.9479 | 0.9261 | 0.9242
0357 | 12:19:03 |  30.9s | 1.0e-04 | 0.0198 | 0.9483 | 0.9480 | 0.9465 | 0.0218 | 0.9351 | 0.9394 | 0.9229
0358 | 12:19:47 |  39.0s | 1.0e-04 | 0.0201 | 0.9481 | 0.9468 | 0.9451 | 0.0225 | 0.9392 | 0.9344 | 0.9230
0359 | 12:20:39 |  31.2s | 1.0e-04 | 0.0199 | 0.9486 | 0.9489 | 0.9477 | 0.0235 | 0.9335 | 0.9346 | 0.9171
0360 | 12:21:23 |  39.0s | 1.0e-04 | 0.0195 | 0.9495 | 0.9514 | 0.9509 | 0.0230 | 0.9372 | 0.9342 | 0.9208
0361 | 12:22:15 |  30.4s | 1.0e-04 | 0.0199 | 0.9495 | 0.9507 | 0.9499 | 0.0224 | 0.9395 | 0.9354 | 0.9244
0362 | 12:22:59 |  30.3s | 1.0e-04 | 0.0199 | 0.9489 | 0.9506 | 0.9495 | 0.0224 | 0.9375 | 0.9444 | 0.9305
0363 | 12:23:42 |  30.5s | 1.0e-04 | 0.0196 | 0.9507 | 0.9504 | 0.9510 | 0.0229 | 0.9253 | 0.9425 | 0.9159
0364 | 12:24:25 |  30.4s | 1.0e-04 | 0.0196 | 0.9507 | 0.9505 | 0.9515 | 0.0230 | 0.9445 | 0.9278 | 0.9229
0365 | 12:25:08 |  30.3s | 1.0e-04 | 0.0198 | 0.9495 | 0.9511 | 0.9504 | 0.0228 | 0.9389 | 0.9380 | 0.9232
0366 | 12:25:52 |  38.4s | 1.0e-04 | 0.0197 | 0.9497 | 0.9501 | 0.9497 | 0.0220 | 0.9380 | 0.9415 | 0.9291
0367 | 12:26:43 |  38.1s | 1.0e-04 | 0.0187 | 0.9494 | 0.9510 | 0.9503 | 0.0224 | 0.9328 | 0.9436 | 0.9245
0368 | 12:27:34 |  38.3s | 1.0e-04 | 0.0189 | 0.9506 | 0.9534 | 0.9535 | 0.0221 | 0.9439 | 0.9287 | 0.9224
0369 | 12:28:25 |  30.3s | 1.0e-04 | 0.0185 | 0.9518 | 0.9552 | 0.9560 | 0.0224 | 0.9306 | 0.9462 | 0.9257
0370 | 12:29:08 |  30.3s | 1.0e-04 | 0.0188 | 0.9516 | 0.9533 | 0.9545 | 0.0220 | 0.9489 | 0.9284 | 0.9282
0371 | 12:29:51 |  30.1s | 1.0e-04 | 0.0186 | 0.9516 | 0.9536 | 0.9545 | 0.0233 | 0.9445 | 0.9285 | 0.9228
0372 | 12:30:34 |  30.5s | 1.0e-04 | 0.0186 | 0.9524 | 0.9531 | 0.9550 | 0.0223 | 0.9387 | 0.9360 | 0.9225
0373 | 12:31:17 |  30.5s | 1.0e-04 | 0.0187 | 0.9516 | 0.9541 | 0.9548 | 0.0226 | 0.9377 | 0.9356 | 0.9195
0374 | 12:32:01 |  37.2s | 1.0e-04 | 0.0188 | 0.9523 | 0.9542 | 0.9557 | 0.0229 | 0.9316 | 0.9392 | 0.9190
0375 | 12:32:51 |  37.2s | 1.0e-04 | 0.0192 | 0.9509 | 0.9517 | 0.9521 | 0.0223 | 0.9406 | 0.9326 | 0.9213
0376 | 12:33:41 |  29.9s | 1.0e-04 | 0.0199 | 0.9483 | 0.9511 | 0.9492 | 0.0226 | 0.9442 | 0.9251 | 0.9212
0377 | 12:34:24 |  30.0s | 1.0e-04 | 0.0195 | 0.9502 | 0.9502 | 0.9503 | 0.0219 | 0.9364 | 0.9407 | 0.9259
0378 | 12:35:06 |  29.7s | 1.0e-04 | 0.0198 | 0.9491 | 0.9501 | 0.9493 | 0.0218 | 0.9353 | 0.9398 | 0.9246
0379 | 12:35:49 |  29.7s | 1.0e-04 | 0.0195 | 0.9500 | 0.9501 | 0.9501 | 0.0215 | 0.9403 | 0.9384 | 0.9273
0380 | 12:36:31 |  29.8s | 1.0e-04 | 0.0196 | 0.9488 | 0.9502 | 0.9491 | 0.0221 | 0.9422 | 0.9333 | 0.9242
0381 | 12:37:14 |  29.9s | 1.0e-04 | 0.0195 | 0.9495 | 0.9509 | 0.9503 | 0.0222 | 0.9308 | 0.9445 | 0.9258
0382 | 12:37:57 |  36.9s | 1.0e-04 | 0.0194 | 0.9502 | 0.9512 | 0.9514 | 0.0223 | 0.9264 | 0.9498 | 0.9262
0383 | 12:38:46 |  44.7s | 1.0e-04 | 0.0189 | 0.9524 | 0.9526 | 0.9547 | 0.0221 | 0.9308 | 0.9464 | 0.9272
0384 | 12:39:44 |  30.1s | 1.0e-04 | 0.0191 | 0.9493 | 0.9500 | 0.9493 | 0.0220 | 0.9383 | 0.9346 | 0.9195
0385 | 12:40:27 |  29.9s | 1.0e-04 | 0.0190 | 0.9501 | 0.9503 | 0.9504 | 0.0226 | 0.9346 | 0.9402 | 0.9240
0386 | 12:41:09 |  30.0s | 1.0e-04 | 0.0192 | 0.9493 | 0.9511 | 0.9502 | 0.0228 | 0.9446 | 0.9320 | 0.9271
0387 | 12:41:52 |  29.9s | 1.0e-04 | 0.0191 | 0.9505 | 0.9501 | 0.9506 | 0.0227 | 0.9319 | 0.9452 | 0.9262
0388 | 12:42:35 |  29.9s | 1.0e-04 | 0.0190 | 0.9496 | 0.9515 | 0.9511 | 0.0221 | 0.9455 | 0.9375 | 0.9324
0389 | 12:43:17 |  29.9s | 1.0e-04 | 0.0188 | 0.9500 | 0.9507 | 0.9507 | 0.0220 | 0.9314 | 0.9419 | 0.9222
0390 | 12:44:00 |  37.4s | 1.0e-04 | 0.0195 | 0.9496 | 0.9497 | 0.9493 | 0.0221 | 0.9354 | 0.9425 | 0.9266
0391 | 12:44:50 |  46.2s | 1.0e-04 | 0.0199 | 0.9495 | 0.9497 | 0.9492 | 0.0225 | 0.9347 | 0.9396 | 0.9229
0392 | 12:45:49 |  30.2s | 1.0e-04 | 0.0197 | 0.9504 | 0.9526 | 0.9527 | 0.0213 | 0.9370 | 0.9417 | 0.9274
0393 | 12:46:32 |  30.1s | 1.0e-04 | 0.0197 | 0.9496 | 0.9528 | 0.9517 | 0.0217 | 0.9403 | 0.9350 | 0.9229
0394 | 12:47:15 |  30.2s | 1.0e-04 | 0.0196 | 0.9506 | 0.9528 | 0.9531 | 0.0224 | 0.9477 | 0.9209 | 0.9208
0395 | 12:47:58 |  30.3s | 1.0e-04 | 0.0201 | 0.9494 | 0.9510 | 0.9502 | 0.0228 | 0.9290 | 0.9468 | 0.9249
0396 | 12:48:41 |  30.3s | 1.0e-04 | 0.0197 | 0.9508 | 0.9515 | 0.9523 | 0.0221 | 0.9416 | 0.9306 | 0.9196
0397 | 12:49:24 |  37.9s | 1.0e-04 | 0.0194 | 0.9498 | 0.9529 | 0.9526 | 0.0220 | 0.9430 | 0.9277 | 0.9231
0398 | 12:50:15 |  37.5s | 1.0e-04 | 0.0192 | 0.9514 | 0.9538 | 0.9547 | 0.0227 | 0.9386 | 0.9353 | 0.9216
0399 | 12:51:05 |  38.6s | 1.0e-04 | 0.0191 | 0.9504 | 0.9519 | 0.9520 | 0.0218 | 0.9370 | 0.9342 | 0.9193
0400 | 12:51:56 |  30.4s | 1.0e-04 | 0.0190 | 0.9494 | 0.9510 | 0.9506 | 0.0222 | 0.9397 | 0.9400 | 0.9291
0401 | 12:52:39 |  30.1s | 1.0e-04 | 0.0190 | 0.9498 | 0.9511 | 0.9507 | 0.0217 | 0.9295 | 0.9404 | 0.9179
0402 | 12:53:22 |  30.2s | 1.0e-04 | 0.0188 | 0.9502 | 0.9513 | 0.9511 | 0.0233 | 0.9308 | 0.9406 | 0.9197
0403 | 12:54:05 |  30.4s | 1.0e-04 | 0.0192 | 0.9501 | 0.9514 | 0.9512 | 0.0222 | 0.9342 | 0.9402 | 0.9241
0404 | 12:54:49 |  30.5s | 1.0e-04 | 0.0190 | 0.9501 | 0.9519 | 0.9522 | 0.0220 | 0.9369 | 0.9428 | 0.9286
0405 | 12:55:32 |  38.1s | 1.0e-04 | 0.0194 | 0.9502 | 0.9512 | 0.9516 | 0.0221 | 0.9286 | 0.9412 | 0.9175
0406 | 12:56:23 |  39.0s | 1.0e-04 | 0.0192 | 0.9487 | 0.9515 | 0.9499 | 0.0221 | 0.9322 | 0.9430 | 0.9243
0407 | 12:57:14 |  38.9s | 1.0e-04 | 0.0188 | 0.9503 | 0.9506 | 0.9509 | 0.0224 | 0.9383 | 0.9363 | 0.9240
0408 | 12:58:06 |  30.3s | 1.0e-04 | 0.0187 | 0.9506 | 0.9508 | 0.9513 | 0.0221 | 0.9428 | 0.9348 | 0.9270
0409 | 12:58:49 |  30.4s | 1.0e-04 | 0.0190 | 0.9497 | 0.9501 | 0.9499 | 0.0227 | 0.9423 | 0.9301 | 0.9225
0410 | 12:59:32 |  30.4s | 1.0e-04 | 0.0187 | 0.9502 | 0.9508 | 0.9509 | 0.0223 | 0.9315 | 0.9420 | 0.9226
0411 | 13:00:15 |  30.4s | 1.0e-04 | 0.0187 | 0.9510 | 0.9507 | 0.9517 | 0.0219 | 0.9413 | 0.9340 | 0.9240
0412 | 13:00:59 |  30.4s | 1.0e-04 | 0.0188 | 0.9505 | 0.9515 | 0.9517 | 0.0221 | 0.9305 | 0.9478 | 0.9283
0413 | 13:01:42 |  37.7s | 1.0e-04 | 0.0190 | 0.9496 | 0.9504 | 0.9500 | 0.0225 | 0.9328 | 0.9392 | 0.9223
0414 | 13:02:32 |  37.4s | 1.0e-04 | 0.0190 | 0.9494 | 0.9499 | 0.9492 | 0.0225 | 0.9305 | 0.9438 | 0.9223
0415 | 13:03:22 |  37.9s | 1.0e-04 | 0.0189 | 0.9498 | 0.9514 | 0.9512 | 0.0224 | 0.9420 | 0.9341 | 0.9264
0416 | 13:04:13 |  30.4s | 1.0e-04 | 0.0191 | 0.9501 | 0.9499 | 0.9499 | 0.0222 | 0.9365 | 0.9420 | 0.9290
0417 | 13:04:56 |  30.4s | 1.0e-04 | 0.0190 | 0.9505 | 0.9520 | 0.9521 | 0.0225 | 0.9408 | 0.9362 | 0.9256
0418 | 13:05:39 |  30.5s | 1.0e-04 | 0.0190 | 0.9497 | 0.9521 | 0.9514 | 0.0220 | 0.9342 | 0.9392 | 0.9224
0419 | 13:06:22 |  30.4s | 1.0e-04 | 0.0193 | 0.9491 | 0.9516 | 0.9506 | 0.0224 | 0.9368 | 0.9344 | 0.9200
0420 | 13:07:06 |  30.4s | 1.0e-04 | 0.0192 | 0.9497 | 0.9516 | 0.9510 | 0.0226 | 0.9333 | 0.9427 | 0.9250
0421 | 13:07:49 |  37.3s | 1.0e-04 | 0.0184 | 0.9516 | 0.9528 | 0.9539 | 0.0215 | 0.9414 | 0.9360 | 0.9264
0422 | 13:08:39 |  46.7s | 1.0e-04 | 0.0185 | 0.9513 | 0.9531 | 0.9537 | 0.0222 | 0.9350 | 0.9409 | 0.9242
0423 | 13:09:38 |  30.0s | 1.0e-04 | 0.0180 | 0.9508 | 0.9538 | 0.9539 | 0.0218 | 0.9370 | 0.9474 | 0.9344
0424 | 13:10:21 |  30.0s | 1.0e-04 | 0.0180 | 0.9520 | 0.9537 | 0.9549 | 0.0225 | 0.9384 | 0.9380 | 0.9238
0425 | 13:11:04 |  30.0s | 1.0e-04 | 0.0179 | 0.9516 | 0.9547 | 0.9556 | 0.0223 | 0.9416 | 0.9363 | 0.9275
0426 | 13:11:46 |  30.1s | 1.0e-04 | 0.0182 | 0.9521 | 0.9534 | 0.9551 | 0.0227 | 0.9433 | 0.9306 | 0.9252
0427 | 13:12:29 |  30.2s | 1.0e-04 | 0.0181 | 0.9518 | 0.9536 | 0.9548 | 0.0223 | 0.9348 | 0.9390 | 0.9229
0428 | 13:13:12 |  29.8s | 1.0e-04 | 0.0179 | 0.9523 | 0.9527 | 0.9547 | 0.0220 | 0.9369 | 0.9431 | 0.9278
0429 | 13:13:54 |  38.7s | 1.0e-04 | 0.0180 | 0.9515 | 0.9525 | 0.9538 | 0.0227 | 0.9360 | 0.9405 | 0.9250
0430 | 13:14:46 |  46.7s | 1.0e-04 | 0.0179 | 0.9517 | 0.9529 | 0.9541 | 0.0223 | 0.9317 | 0.9399 | 0.9199
0431 | 13:15:45 |  31.0s | 1.0e-04 | 0.0183 | 0.9520 | 0.9521 | 0.9538 | 0.0216 | 0.9381 | 0.9406 | 0.9265
0432 | 13:16:29 |  31.3s | 1.0e-04 | 0.0181 | 0.9520 | 0.9543 | 0.9558 | 0.0215 | 0.9372 | 0.9403 | 0.9270
0433 | 13:17:13 |  31.1s | 1.0e-04 | 0.0181 | 0.9516 | 0.9539 | 0.9549 | 0.0221 | 0.9391 | 0.9373 | 0.9252
0434 | 13:17:57 |  31.0s | 1.0e-04 | 0.0184 | 0.9507 | 0.9518 | 0.9523 | 0.0220 | 0.9418 | 0.9327 | 0.9225
0435 | 13:18:41 |  30.9s | 1.0e-04 | 0.0179 | 0.9519 | 0.9531 | 0.9545 | 0.0229 | 0.9286 | 0.9482 | 0.9257
0436 | 13:19:24 |  38.5s | 1.0e-04 | 0.0184 | 0.9517 | 0.9523 | 0.9538 | 0.0221 | 0.9357 | 0.9440 | 0.9272
0437 | 13:20:15 |  31.1s | 1.0e-04 | 0.0183 | 0.9522 | 0.9533 | 0.9553 | 0.0213 | 0.9408 | 0.9293 | 0.9182
0438 | 13:20:59 |  46.2s | 1.0e-04 | 0.0194 | 0.9501 | 0.9521 | 0.9520 | 0.0220 | 0.9387 | 0.9371 | 0.9238
0439 | 13:21:58 |  29.7s | 1.0e-04 | 0.0193 | 0.9506 | 0.9528 | 0.9532 | 0.0216 | 0.9386 | 0.9407 | 0.9285
0440 | 13:22:41 |  30.1s | 1.0e-04 | 0.0193 | 0.9514 | 0.9524 | 0.9536 | 0.0224 | 0.9357 | 0.9385 | 0.9213
0441 | 13:23:23 |  30.1s | 1.0e-04 | 0.0196 | 0.9500 | 0.9521 | 0.9519 | 0.0215 | 0.9403 | 0.9362 | 0.9259
0442 | 13:24:06 |  29.9s | 1.0e-04 | 0.0193 | 0.9505 | 0.9519 | 0.9521 | 0.0220 | 0.9346 | 0.9425 | 0.9266
0443 | 13:24:49 |  29.9s | 1.0e-04 | 0.0190 | 0.9512 | 0.9540 | 0.9546 | 0.0225 | 0.9332 | 0.9399 | 0.9218
0444 | 13:25:31 |  36.8s | 1.0e-04 | 0.0194 | 0.9513 | 0.9525 | 0.9535 | 0.0226 | 0.9362 | 0.9365 | 0.9226
0445 | 13:26:21 |  37.3s | 1.0e-04 | 0.0190 | 0.9505 | 0.9510 | 0.9515 | 0.0220 | 0.9331 | 0.9433 | 0.9259
0446 | 13:27:11 |  41.2s | 1.0e-04 | 0.0189 | 0.9517 | 0.9528 | 0.9538 | 0.0214 | 0.9384 | 0.9384 | 0.9254
0447 | 13:28:04 |  30.6s | 1.0e-04 | 0.0190 | 0.9498 | 0.9517 | 0.9511 | 0.0221 | 0.9500 | 0.9292 | 0.9296
0448 | 13:28:48 |  30.7s | 1.0e-04 | 0.0193 | 0.9509 | 0.9521 | 0.9525 | 0.0212 | 0.9349 | 0.9411 | 0.9251
0449 | 13:29:31 |  30.6s | 1.0e-04 | 0.0190 | 0.9506 | 0.9514 | 0.9520 | 0.0218 | 0.9373 | 0.9418 | 0.9273
0450 | 13:30:14 |  30.8s | 1.0e-04 | 0.0191 | 0.9504 | 0.9534 | 0.9532 | 0.0219 | 0.9498 | 0.9273 | 0.9274
0451 | 13:30:58 |  30.4s | 1.0e-04 | 0.0190 | 0.9503 | 0.9528 | 0.9525 | 0.0220 | 0.9413 | 0.9363 | 0.9265
0452 | 13:31:41 |  37.9s | 1.0e-04 | 0.0193 | 0.9501 | 0.9514 | 0.9514 | 0.0224 | 0.9476 | 0.9289 | 0.9276
0453 | 13:32:31 |  38.0s | 1.0e-04 | 0.0194 | 0.9509 | 0.9529 | 0.9537 | 0.0220 | 0.9373 | 0.9427 | 0.9286
0454 | 13:33:22 |  38.3s | 1.0e-04 | 0.0186 | 0.9511 | 0.9517 | 0.9526 | 0.0218 | 0.9449 | 0.9367 | 0.9324
0455 | 13:34:13 |  30.6s | 1.0e-04 | 0.0182 | 0.9508 | 0.9522 | 0.9527 | 0.0217 | 0.9416 | 0.9353 | 0.9266
0456 | 13:34:56 |  30.3s | 1.0e-04 | 0.0181 | 0.9518 | 0.9508 | 0.9524 | 0.0212 | 0.9428 | 0.9354 | 0.9248
0457 | 13:35:39 |  30.3s | 1.0e-04 | 0.0184 | 0.9505 | 0.9506 | 0.9512 | 0.0216 | 0.9349 | 0.9421 | 0.9251
0458 | 13:36:22 |  30.4s | 1.0e-04 | 0.0181 | 0.9517 | 0.9515 | 0.9530 | 0.0224 | 0.9311 | 0.9465 | 0.9280
0459 | 13:37:06 |  30.7s | 1.0e-04 | 0.0182 | 0.9508 | 0.9519 | 0.9524 | 0.0226 | 0.9422 | 0.9331 | 0.9242
0460 | 13:37:49 |  38.8s | 1.0e-04 | 0.0185 | 0.9517 | 0.9527 | 0.9540 | 0.0220 | 0.9337 | 0.9425 | 0.9244
0461 | 13:38:40 |  45.2s | 1.0e-04 | 0.0196 | 0.9493 | 0.9495 | 0.9488 | 0.0217 | 0.9292 | 0.9487 | 0.9273
0462 | 13:39:38 |  30.1s | 1.0e-04 | 0.0199 | 0.9496 | 0.9526 | 0.9518 | 0.0214 | 0.9445 | 0.9379 | 0.9323
0463 | 13:40:21 |  30.1s | 1.0e-04 | 0.0196 | 0.9503 | 0.9522 | 0.9521 | 0.0210 | 0.9404 | 0.9410 | 0.9312
0464 | 13:41:04 |  29.9s | 1.0e-04 | 0.0194 | 0.9502 | 0.9527 | 0.9529 | 0.0217 | 0.9404 | 0.9347 | 0.9249
0465 | 13:41:46 |  29.9s | 1.0e-04 | 0.0196 | 0.9510 | 0.9525 | 0.9533 | 0.0219 | 0.9298 | 0.9464 | 0.9253
0466 | 13:42:29 |  30.1s | 1.0e-04 | 0.0195 | 0.9503 | 0.9520 | 0.9517 | 0.0220 | 0.9421 | 0.9328 | 0.9254
0467 | 13:43:12 |  29.8s | 1.0e-04 | 0.0196 | 0.9503 | 0.9518 | 0.9518 | 0.0219 | 0.9339 | 0.9448 | 0.9260
0468 | 13:43:54 |  37.3s | 1.0e-04 | 0.0190 | 0.9507 | 0.9514 | 0.9519 | 0.0212 | 0.9404 | 0.9365 | 0.9283
0469 | 13:44:44 |  45.8s | 1.0e-04 | 0.0188 | 0.9502 | 0.9516 | 0.9516 | 0.0216 | 0.9388 | 0.9356 | 0.9235
0470 | 13:45:43 |  31.3s | 1.0e-04 | 0.0181 | 0.9509 | 0.9522 | 0.9527 | 0.0214 | 0.9309 | 0.9452 | 0.9254
0471 | 13:46:27 |  31.0s | 1.0e-04 | 0.0180 | 0.9508 | 0.9525 | 0.9530 | 0.0217 | 0.9419 | 0.9425 | 0.9334
0472 | 13:47:10 |  31.0s | 1.0e-04 | 0.0179 | 0.9512 | 0.9516 | 0.9524 | 0.0218 | 0.9443 | 0.9320 | 0.9263
0473 | 13:47:54 |  31.4s | 1.0e-04 | 0.0184 | 0.9508 | 0.9507 | 0.9516 | 0.0216 | 0.9381 | 0.9435 | 0.9306
0474 | 13:48:38 |  31.4s | 1.0e-04 | 0.0176 | 0.9528 | 0.9529 | 0.9553 | 0.0220 | 0.9369 | 0.9409 | 0.9268
0475 | 13:49:22 |  31.2s | 1.0e-04 | 0.0179 | 0.9518 | 0.9516 | 0.9529 | 0.0221 | 0.9428 | 0.9364 | 0.9290
0476 | 13:50:06 |  30.6s | 1.0e-04 | 0.0187 | 0.9526 | 0.9532 | 0.9551 | 0.0220 | 0.9493 | 0.9277 | 0.9261
0477 | 13:50:49 |  47.0s | 1.0e-04 | 0.0186 | 0.9522 | 0.9530 | 0.9547 | 0.0218 | 0.9362 | 0.9435 | 0.9279
0478 | 13:51:49 |  30.3s | 1.0e-04 | 0.0187 | 0.9523 | 0.9534 | 0.9550 | 0.0219 | 0.9336 | 0.9461 | 0.9292
0479 | 13:52:32 |  30.6s | 1.0e-04 | 0.0185 | 0.9522 | 0.9542 | 0.9556 | 0.0223 | 0.9351 | 0.9377 | 0.9225
0480 | 13:53:15 |  30.2s | 1.0e-04 | 0.0183 | 0.9521 | 0.9538 | 0.9552 | 0.0217 | 0.9384 | 0.9427 | 0.9313
0481 | 13:53:58 |  30.5s | 1.0e-04 | 0.0184 | 0.9525 | 0.9529 | 0.9549 | 0.0217 | 0.9383 | 0.9420 | 0.9291
0482 | 13:54:41 |  30.3s | 1.0e-04 | 0.0184 | 0.9518 | 0.9536 | 0.9546 | 0.0213 | 0.9320 | 0.9500 | 0.9320
0483 | 13:55:24 |  38.2s | 1.0e-04 | 0.0185 | 0.9518 | 0.9547 | 0.9556 | 0.0215 | 0.9453 | 0.9350 | 0.9289
0484 | 13:56:15 |  37.4s | 1.0e-04 | 0.0182 | 0.9521 | 0.9545 | 0.9559 | 0.0223 | 0.9319 | 0.9395 | 0.9201
0485 | 13:57:05 |  38.6s | 1.0e-04 | 0.0179 | 0.9519 | 0.9554 | 0.9567 | 0.0224 | 0.9277 | 0.9504 | 0.9279
0486 | 13:57:56 |  29.4s | 1.0e-04 | 0.0176 | 0.9538 | 0.9564 | 0.9593 | 0.0215 | 0.9405 | 0.9341 | 0.9247
0487 | 13:58:38 |  29.3s | 1.0e-04 | 0.0177 | 0.9556 | 0.9553 | 0.9602 | 0.0218 | 0.9339 | 0.9456 | 0.9283
0488 | 13:59:20 |  29.2s | 1.0e-04 | 0.0178 | 0.9529 | 0.9552 | 0.9574 | 0.0224 | 0.9399 | 0.9325 | 0.9226
0489 | 14:00:01 |  29.4s | 1.0e-04 | 0.0176 | 0.9550 | 0.9563 | 0.9605 | 0.0218 | 0.9400 | 0.9371 | 0.9257
0490 | 14:00:44 |  29.3s | 1.0e-04 | 0.0176 | 0.9543 | 0.9556 | 0.9592 | 0.0215 | 0.9276 | 0.9481 | 0.9251
0491 | 14:01:25 |  36.3s | 1.0e-04 | 0.0180 | 0.9533 | 0.9545 | 0.9568 | 0.0225 | 0.9400 | 0.9319 | 0.9205
0492 | 14:02:14 |  36.3s | 1.0e-04 | 0.0175 | 0.9536 | 0.9545 | 0.9574 | 0.0219 | 0.9405 | 0.9370 | 0.9278
0493 | 14:03:03 |  39.4s | 1.0e-04 | 0.0177 | 0.9533 | 0.9539 | 0.9569 | 0.0224 | 0.9387 | 0.9387 | 0.9272
0494 | 14:03:55 |  30.8s | 1.0e-04 | 0.0181 | 0.9521 | 0.9539 | 0.9555 | 0.0213 | 0.9401 | 0.9428 | 0.9326
0495 | 14:04:39 |  30.7s | 1.0e-04 | 0.0180 | 0.9528 | 0.9531 | 0.9554 | 0.0210 | 0.9418 | 0.9405 | 0.9320
0496 | 14:05:22 |  30.6s | 1.0e-04 | 0.0180 | 0.9527 | 0.9528 | 0.9551 | 0.0220 | 0.9299 | 0.9501 | 0.9304
0497 | 14:06:05 |  30.7s | 1.0e-04 | 0.0184 | 0.9521 | 0.9539 | 0.9554 | 0.0225 | 0.9475 | 0.9312 | 0.9281
0498 | 14:06:48 |  30.6s | 1.0e-04 | 0.0182 | 0.9522 | 0.9531 | 0.9549 | 0.0218 | 0.9445 | 0.9324 | 0.9276
0499 | 14:07:32 |  38.0s | 1.0e-04 | 0.0179 | 0.9510 | 0.9530 | 0.9536 | 0.0215 | 0.9435 | 0.9357 | 0.9296
0500 | 14:08:22 |  38.8s | 1.0e-04 | 0.0179 | 0.9518 | 0.9533 | 0.9545 | 0.0217 | 0.9421 | 0.9330 | 0.9243
0501 | 14:09:14 |  30.3s | 1.0e-04 | 0.0190 | 0.9506 | 0.9519 | 0.9524 | 0.0216 | 0.9438 | 0.9370 | 0.9317
0502 | 14:09:57 |  30.3s | 1.0e-04 | 0.0189 | 0.9508 | 0.9523 | 0.9528 | 0.0222 | 0.9353 | 0.9420 | 0.9264
0503 | 14:10:40 |  30.3s | 1.0e-04 | 0.0185 | 0.9504 | 0.9542 | 0.9540 | 0.0217 | 0.9364 | 0.9434 | 0.9297
0504 | 14:11:23 |  30.3s | 1.0e-04 | 0.0186 | 0.9514 | 0.9529 | 0.9543 | 0.0213 | 0.9346 | 0.9421 | 0.9258
0505 | 14:12:06 |  30.9s | 1.0e-04 | 0.0189 | 0.9512 | 0.9520 | 0.9530 | 0.0221 | 0.9272 | 0.9489 | 0.9256
0506 | 14:12:49 |  30.6s | 1.0e-04 | 0.0187 | 0.9518 | 0.9530 | 0.9541 | 0.0217 | 0.9442 | 0.9355 | 0.9299
0507 | 14:13:33 |  37.8s | 1.0e-04 | 0.0193 | 0.9514 | 0.9538 | 0.9541 | 0.0216 | 0.9408 | 0.9407 | 0.9315
0508 | 14:14:23 |  45.6s | 1.0e-04 | 0.0189 | 0.9537 | 0.9553 | 0.9583 | 0.0213 | 0.9415 | 0.9393 | 0.9282
0509 | 14:15:21 |  30.2s | 1.0e-04 | 0.0199 | 0.9502 | 0.9535 | 0.9531 | 0.0222 | 0.9304 | 0.9479 | 0.9284
0510 | 14:16:04 |  29.9s | 1.0e-04 | 0.0197 | 0.9514 | 0.9540 | 0.9547 | 0.0215 | 0.9427 | 0.9351 | 0.9261
0511 | 14:16:47 |  29.9s | 1.0e-04 | 0.0196 | 0.9522 | 0.9545 | 0.9559 | 0.0214 | 0.9434 | 0.9400 | 0.9332
0512 | 14:17:29 |  29.9s | 1.0e-04 | 0.0198 | 0.9516 | 0.9539 | 0.9551 | 0.0219 | 0.9307 | 0.9497 | 0.9304
0513 | 14:18:12 |  29.9s | 1.0e-04 | 0.0196 | 0.9519 | 0.9546 | 0.9558 | 0.0219 | 0.9304 | 0.9496 | 0.9299
0514 | 14:18:54 |  29.9s | 1.0e-04 | 0.0197 | 0.9519 | 0.9545 | 0.9560 | 0.0209 | 0.9327 | 0.9436 | 0.9252
0515 | 14:19:37 |  38.3s | 1.0e-04 | 0.0197 | 0.9513 | 0.9542 | 0.9550 | 0.0213 | 0.9379 | 0.9441 | 0.9319
0516 | 14:20:28 |  45.4s | 1.0e-04 | 0.0187 | 0.9530 | 0.9541 | 0.9567 | 0.0216 | 0.9414 | 0.9333 | 0.9228
0517 | 14:21:26 |  30.5s | 1.0e-04 | 0.0187 | 0.9530 | 0.9539 | 0.9565 | 0.0219 | 0.9288 | 0.9473 | 0.9253
0518 | 14:22:09 |  30.5s | 1.0e-04 | 0.0184 | 0.9530 | 0.9556 | 0.9578 | 0.0211 | 0.9307 | 0.9453 | 0.9244
0519 | 14:22:52 |  30.5s | 1.0e-04 | 0.0185 | 0.9521 | 0.9553 | 0.9567 | 0.0220 | 0.9403 | 0.9344 | 0.9238
0520 | 14:23:35 |  30.5s | 1.0e-04 | 0.0188 | 0.9514 | 0.9535 | 0.9544 | 0.0213 | 0.9343 | 0.9418 | 0.9252
0521 | 14:24:18 |  30.4s | 1.0e-04 | 0.0187 | 0.9525 | 0.9548 | 0.9563 | 0.0222 | 0.9330 | 0.9455 | 0.9273
0522 | 14:25:01 |  37.3s | 1.0e-04 | 0.0187 | 0.9524 | 0.9545 | 0.9561 | 0.0216 | 0.9325 | 0.9497 | 0.9321
0523 | 14:25:51 |  37.7s | 1.0e-04 | 0.0191 | 0.9511 | 0.9525 | 0.9536 | 0.0223 | 0.9434 | 0.9366 | 0.9295
0524 | 14:26:42 |  37.4s | 1.0e-04 | 0.0184 | 0.9521 | 0.9532 | 0.9550 | 0.0212 | 0.9378 | 0.9450 | 0.9336
0525 | 14:27:32 |  30.2s | 1.0e-04 | 0.0188 | 0.9511 | 0.9529 | 0.9534 | 0.0215 | 0.9447 | 0.9384 | 0.9340
0526 | 14:28:14 |  30.0s | 1.0e-04 | 0.0186 | 0.9523 | 0.9522 | 0.9539 | 0.0221 | 0.9401 | 0.9396 | 0.9288
0527 | 14:28:57 |  30.0s | 1.0e-04 | 0.0186 | 0.9517 | 0.9526 | 0.9539 | 0.0216 | 0.9419 | 0.9380 | 0.9291
0528 | 14:29:40 |  29.9s | 1.0e-04 | 0.0186 | 0.9522 | 0.9521 | 0.9538 | 0.0222 | 0.9461 | 0.9292 | 0.9272
0529 | 14:30:22 |  29.8s | 1.0e-04 | 0.0185 | 0.9511 | 0.9523 | 0.9532 | 0.0208 | 0.9377 | 0.9429 | 0.9297
0530 | 14:31:05 |  37.1s | 1.0e-04 | 0.0184 | 0.9523 | 0.9538 | 0.9557 | 0.0215 | 0.9330 | 0.9436 | 0.9255
0531 | 14:31:54 |  38.2s | 1.0e-04 | 0.0180 | 0.9532 | 0.9556 | 0.9577 | 0.0214 | 0.9445 | 0.9328 | 0.9282
0532 | 14:32:45 |  38.7s | 1.0e-04 | 0.0183 | 0.9518 | 0.9552 | 0.9557 | 0.0210 | 0.9368 | 0.9427 | 0.9276
0533 | 14:33:36 |  30.2s | 1.0e-04 | 0.0187 | 0.9511 | 0.9531 | 0.9537 | 0.0221 | 0.9300 | 0.9503 | 0.9308
0534 | 14:34:19 |  30.5s | 1.0e-04 | 0.0188 | 0.9512 | 0.9542 | 0.9545 | 0.0201 | 0.9442 | 0.9417 | 0.9350
0535 | 14:35:03 |  30.4s | 1.0e-04 | 0.0183 | 0.9529 | 0.9545 | 0.9566 | 0.0215 | 0.9315 | 0.9509 | 0.9323
0536 | 14:35:46 |  30.2s | 1.0e-04 | 0.0185 | 0.9520 | 0.9551 | 0.9561 | 0.0221 | 0.9282 | 0.9477 | 0.9255
0537 | 14:36:29 |  29.9s | 1.0e-04 | 0.0186 | 0.9515 | 0.9529 | 0.9541 | 0.0218 | 0.9379 | 0.9444 | 0.9313
0538 | 14:37:11 |  38.4s | 1.0e-04 | 0.0183 | 0.9522 | 0.9540 | 0.9553 | 0.0220 | 0.9342 | 0.9432 | 0.9270
0539 | 14:38:02 |  37.5s | 1.0e-04 | 0.0185 | 0.9525 | 0.9542 | 0.9559 | 0.0207 | 0.9420 | 0.9394 | 0.9316
0540 | 14:38:52 |  37.5s | 1.0e-04 | 0.0185 | 0.9517 | 0.9546 | 0.9555 | 0.0218 | 0.9377 | 0.9447 | 0.9321
0541 | 14:39:42 |  30.5s | 1.0e-04 | 0.0185 | 0.9516 | 0.9536 | 0.9547 | 0.0220 | 0.9235 | 0.9521 | 0.9269
0542 | 14:40:25 |  30.5s | 1.0e-04 | 0.0183 | 0.9514 | 0.9543 | 0.9547 | 0.0219 | 0.9351 | 0.9478 | 0.9327
0543 | 14:41:09 |  30.5s | 1.0e-04 | 0.0186 | 0.9509 | 0.9545 | 0.9549 | 0.0219 | 0.9443 | 0.9333 | 0.9270
0544 | 14:41:52 |  30.1s | 1.0e-04 | 0.0185 | 0.9518 | 0.9541 | 0.9553 | 0.0213 | 0.9419 | 0.9438 | 0.9348
0545 | 14:42:34 |  30.2s | 1.0e-04 | 0.0181 | 0.9527 | 0.9531 | 0.9552 | 0.0224 | 0.9284 | 0.9530 | 0.9314
0546 | 14:43:17 |  37.7s | 1.0e-04 | 0.0184 | 0.9513 | 0.9532 | 0.9541 | 0.0222 | 0.9455 | 0.9347 | 0.9315
0547 | 14:44:08 |  45.6s | 1.0e-04 | 0.0185 | 0.9510 | 0.9529 | 0.9539 | 0.0211 | 0.9335 | 0.9466 | 0.9299
0548 | 14:45:06 |  29.8s | 1.0e-04 | 0.0179 | 0.9516 | 0.9539 | 0.9547 | 0.0209 | 0.9451 | 0.9427 | 0.9371
0549 | 14:45:49 |  30.0s | 1.0e-04 | 0.0179 | 0.9523 | 0.9527 | 0.9548 | 0.0209 | 0.9331 | 0.9470 | 0.9294
0550 | 14:46:32 |  29.7s | 1.0e-04 | 0.0176 | 0.9517 | 0.9534 | 0.9547 | 0.0212 | 0.9408 | 0.9399 | 0.9302
0551 | 14:47:14 |  30.0s | 1.0e-04 | 0.0179 | 0.9519 | 0.9537 | 0.9550 | 0.0210 | 0.9404 | 0.9392 | 0.9296
0552 | 14:47:57 |  30.3s | 1.0e-04 | 0.0178 | 0.9516 | 0.9538 | 0.9545 | 0.0216 | 0.9433 | 0.9359 | 0.9290
0553 | 14:48:40 |  29.8s | 1.0e-04 | 0.0179 | 0.9509 | 0.9548 | 0.9549 | 0.0217 | 0.9327 | 0.9479 | 0.9304
0554 | 14:49:23 |  36.8s | 1.0e-04 | 0.0178 | 0.9527 | 0.9547 | 0.9567 | 0.0216 | 0.9373 | 0.9403 | 0.9274
0555 | 14:50:13 |  46.7s | 1.0e-04 | 0.0173 | 0.9533 | 0.9556 | 0.9585 | 0.0216 | 0.9413 | 0.9364 | 0.9266
0556 | 14:51:12 |  30.1s | 1.0e-04 | 0.0174 | 0.9537 | 0.9552 | 0.9580 | 0.0213 | 0.9321 | 0.9474 | 0.9296
0557 | 14:51:55 |  30.3s | 1.0e-04 | 0.0174 | 0.9543 | 0.9561 | 0.9590 | 0.0206 | 0.9403 | 0.9438 | 0.9336
0558 | 14:52:39 |  30.1s | 1.0e-04 | 0.0174 | 0.9533 | 0.9574 | 0.9593 | 0.0221 | 0.9413 | 0.9378 | 0.9286
0559 | 14:53:22 |  30.2s | 1.0e-04 | 0.0172 | 0.9548 | 0.9566 | 0.9606 | 0.0213 | 0.9459 | 0.9336 | 0.9284
0560 | 14:54:05 |  30.3s | 1.0e-04 | 0.0175 | 0.9533 | 0.9563 | 0.9578 | 0.0215 | 0.9394 | 0.9392 | 0.9268
0561 | 14:54:48 |  37.8s | 1.0e-04 | 0.0176 | 0.9546 | 0.9565 | 0.9600 | 0.0209 | 0.9380 | 0.9399 | 0.9274
0562 | 14:55:39 |  29.8s | 1.0e-04 | 0.0178 | 0.9530 | 0.9558 | 0.9576 | 0.0216 | 0.9391 | 0.9351 | 0.9236
0563 | 14:56:22 |  46.3s | 1.0e-04 | 0.0193 | 0.9515 | 0.9538 | 0.9550 | 0.0213 | 0.9363 | 0.9415 | 0.9276
0564 | 14:57:21 |  30.1s | 1.0e-04 | 0.0192 | 0.9523 | 0.9552 | 0.9565 | 0.0204 | 0.9395 | 0.9450 | 0.9342
0565 | 14:58:04 |  29.9s | 1.0e-04 | 0.0190 | 0.9531 | 0.9563 | 0.9581 | 0.0212 | 0.9351 | 0.9446 | 0.9285
0566 | 14:58:47 |  29.9s | 1.0e-04 | 0.0194 | 0.9522 | 0.9548 | 0.9561 | 0.0220 | 0.9354 | 0.9474 | 0.9328
0567 | 14:59:30 |  29.9s | 1.0e-04 | 0.0190 | 0.9522 | 0.9540 | 0.9556 | 0.0212 | 0.9397 | 0.9407 | 0.9289
0568 | 15:00:13 |  29.9s | 1.0e-04 | 0.0190 | 0.9521 | 0.9558 | 0.9569 | 0.0214 | 0.9389 | 0.9436 | 0.9321
0569 | 15:00:56 |  37.6s | 1.0e-04 | 0.0189 | 0.9526 | 0.9554 | 0.9570 | 0.0214 | 0.9374 | 0.9406 | 0.9261
0570 | 15:01:47 |  37.3s | 1.0e-04 | 0.0190 | 0.9508 | 0.9548 | 0.9548 | 0.0209 | 0.9439 | 0.9378 | 0.9305
0571 | 15:02:37 |  38.2s | 1.0e-04 | 0.0188 | 0.9522 | 0.9548 | 0.9561 | 0.0211 | 0.9318 | 0.9465 | 0.9268
0572 | 15:03:28 |  30.9s | 1.0e-04 | 0.0185 | 0.9523 | 0.9558 | 0.9570 | 0.0220 | 0.9294 | 0.9508 | 0.9306
0573 | 15:04:12 |  30.9s | 1.0e-04 | 0.0184 | 0.9532 | 0.9562 | 0.9576 | 0.0203 | 0.9414 | 0.9404 | 0.9320
0574 | 15:04:56 |  31.1s | 1.0e-04 | 0.0182 | 0.9532 | 0.9569 | 0.9587 | 0.0214 | 0.9395 | 0.9414 | 0.9303
0575 | 15:05:40 |  30.6s | 1.0e-04 | 0.0182 | 0.9537 | 0.9555 | 0.9584 | 0.0216 | 0.9507 | 0.9313 | 0.9352
0576 | 15:06:24 |  30.7s | 1.0e-04 | 0.0186 | 0.9525 | 0.9561 | 0.9574 | 0.0216 | 0.9303 | 0.9487 | 0.9290
0577 | 15:07:07 |  38.0s | 1.0e-04 | 0.0188 | 0.9533 | 0.9553 | 0.9574 | 0.0211 | 0.9374 | 0.9469 | 0.9341
0578 | 15:07:58 |  37.6s | 1.0e-04 | 0.0189 | 0.9530 | 0.9542 | 0.9564 | 0.0210 | 0.9372 | 0.9445 | 0.9320
0579 | 15:08:49 |  38.6s | 1.0e-04 | 0.0191 | 0.9507 | 0.9533 | 0.9534 | 0.0223 | 0.9322 | 0.9438 | 0.9247
0580 | 15:09:40 |  29.7s | 1.0e-04 | 0.0187 | 0.9523 | 0.9540 | 0.9559 | 0.0208 | 0.9378 | 0.9451 | 0.9329
0581 | 15:10:23 |  29.8s | 1.0e-04 | 0.0187 | 0.9520 | 0.9544 | 0.9555 | 0.0212 | 0.9349 | 0.9498 | 0.9346
0582 | 15:11:06 |  29.9s | 1.0e-04 | 0.0187 | 0.9512 | 0.9540 | 0.9544 | 0.0208 | 0.9358 | 0.9472 | 0.9326
0583 | 15:11:49 |  29.8s | 1.0e-04 | 0.0188 | 0.9519 | 0.9549 | 0.9559 | 0.0213 | 0.9416 | 0.9402 | 0.9306
0584 | 15:12:31 |  29.8s | 1.0e-04 | 0.0189 | 0.9515 | 0.9537 | 0.9546 | 0.0205 | 0.9409 | 0.9394 | 0.9304
0585 | 15:13:14 |  37.1s | 1.0e-04 | 0.0188 | 0.9515 | 0.9532 | 0.9541 | 0.0212 | 0.9410 | 0.9426 | 0.9335
0586 | 15:14:04 |  45.3s | 1.0e-04 | 0.0190 | 0.9509 | 0.9543 | 0.9545 | 0.0224 | 0.9450 | 0.9320 | 0.9263
0587 | 15:15:02 |  30.9s | 1.0e-04 | 0.0185 | 0.9515 | 0.9537 | 0.9548 | 0.0213 | 0.9402 | 0.9380 | 0.9274
0588 | 15:15:46 |  30.5s | 1.0e-04 | 0.0184 | 0.9527 | 0.9540 | 0.9559 | 0.0217 | 0.9342 | 0.9476 | 0.9321
0589 | 15:16:29 |  30.6s | 1.0e-04 | 0.0188 | 0.9514 | 0.9530 | 0.9543 | 0.0209 | 0.9365 | 0.9428 | 0.9295
0590 | 15:17:13 |  30.4s | 1.0e-04 | 0.0187 | 0.9514 | 0.9530 | 0.9541 | 0.0209 | 0.9457 | 0.9372 | 0.9347
0591 | 15:17:56 |  30.5s | 1.0e-04 | 0.0185 | 0.9526 | 0.9543 | 0.9564 | 0.0211 | 0.9421 | 0.9382 | 0.9292
0592 | 15:18:39 |  30.7s | 1.0e-04 | 0.0187 | 0.9506 | 0.9541 | 0.9538 | 0.0212 | 0.9347 | 0.9475 | 0.9320
0593 | 15:19:23 |  37.4s | 1.0e-04 | 0.0188 | 0.9526 | 0.9543 | 0.9564 | 0.0206 | 0.9496 | 0.9334 | 0.9321
0594 | 15:20:13 |  45.6s | 1.0e-04 | 0.0189 | 0.9514 | 0.9547 | 0.9552 | 0.0215 | 0.9480 | 0.9293 | 0.9297
0595 | 15:21:11 |  30.0s | 1.0e-04 | 0.0176 | 0.9539 | 0.9572 | 0.9597 | 0.0217 | 0.9416 | 0.9412 | 0.9321
0596 | 15:21:54 |  30.3s | 1.0e-04 | 0.0172 | 0.9546 | 0.9566 | 0.9596 | 0.0218 | 0.9405 | 0.9380 | 0.9295
0597 | 15:22:37 |  30.4s | 1.0e-04 | 0.0176 | 0.9541 | 0.9558 | 0.9589 | 0.0209 | 0.9380 | 0.9456 | 0.9332
0598 | 15:23:20 |  30.1s | 1.0e-04 | 0.0174 | 0.9536 | 0.9553 | 0.9577 | 0.0210 | 0.9373 | 0.9407 | 0.9273
0599 | 15:24:03 |  30.2s | 1.0e-04 | 0.0177 | 0.9529 | 0.9553 | 0.9575 | 0.0203 | 0.9401 | 0.9482 | 0.9381
0600 | 15:24:46 |  30.2s | 1.0e-04 | 0.0178 | 0.9532 | 0.9565 | 0.9587 | 0.0214 | 0.9422 | 0.9414 | 0.9328
0601 | 15:25:29 |  29.8s | 1.0e-04 | 0.0175 | 0.9541 | 0.9564 | 0.9591 | 0.0207 | 0.9443 | 0.9381 | 0.9310
0602 | 15:26:12 |  46.1s | 1.0e-04 | 0.0180 | 0.9533 | 0.9557 | 0.9578 | 0.0212 | 0.9379 | 0.9406 | 0.9279
0603 | 15:27:11 |  29.7s | 1.0e-04 | 0.0185 | 0.9533 | 0.9559 | 0.9581 | 0.0215 | 0.9518 | 0.9234 | 0.9279
0604 | 15:27:53 |  29.6s | 1.0e-04 | 0.0185 | 0.9533 | 0.9548 | 0.9577 | 0.0210 | 0.9444 | 0.9417 | 0.9373
0605 | 15:28:36 |  29.8s | 1.0e-04 | 0.0183 | 0.9540 | 0.9558 | 0.9587 | 0.0212 | 0.9382 | 0.9423 | 0.9307
0606 | 15:29:18 |  30.1s | 1.0e-04 | 0.0185 | 0.9532 | 0.9559 | 0.9582 | 0.0214 | 0.9454 | 0.9368 | 0.9325
0607 | 15:30:01 |  29.9s | 1.0e-04 | 0.0183 | 0.9535 | 0.9579 | 0.9594 | 0.0218 | 0.9435 | 0.9406 | 0.9339
0608 | 15:30:43 |  37.4s | 1.0e-04 | 0.0184 | 0.9523 | 0.9563 | 0.9574 | 0.0204 | 0.9413 | 0.9478 | 0.9394
0609 | 15:31:33 |  37.3s | 1.0e-04 | 0.0178 | 0.9535 | 0.9575 | 0.9591 | 0.0217 | 0.9406 | 0.9358 | 0.9257
0610 | 15:32:24 |  40.1s | 1.0e-04 | 0.0184 | 0.9522 | 0.9554 | 0.9568 | 0.0213 | 0.9360 | 0.9415 | 0.9254
0611 | 15:33:16 |  30.9s | 1.0e-04 | 0.0182 | 0.9533 | 0.9558 | 0.9580 | 0.0210 | 0.9396 | 0.9454 | 0.9342
0612 | 15:34:00 |  30.4s | 1.0e-04 | 0.0182 | 0.9520 | 0.9561 | 0.9572 | 0.0207 | 0.9472 | 0.9346 | 0.9351
0613 | 15:34:43 |  30.8s | 1.0e-04 | 0.0182 | 0.9527 | 0.9546 | 0.9563 | 0.0212 | 0.9341 | 0.9465 | 0.9304
0614 | 15:35:27 |  30.7s | 1.0e-04 | 0.0181 | 0.9523 | 0.9552 | 0.9567 | 0.0215 | 0.9384 | 0.9442 | 0.9326
0615 | 15:36:10 |  30.6s | 1.0e-04 | 0.0180 | 0.9539 | 0.9560 | 0.9584 | 0.0211 | 0.9384 | 0.9394 | 0.9273
0616 | 15:36:54 |  37.7s | 1.0e-04 | 0.0183 | 0.9532 | 0.9545 | 0.9576 | 0.0209 | 0.9363 | 0.9446 | 0.9319
0617 | 15:37:44 |  39.3s | 1.0e-04 | 0.0183 | 0.9535 | 0.9561 | 0.9581 | 0.0215 | 0.9339 | 0.9421 | 0.9249
0618 | 15:38:36 |  39.8s | 1.0e-04 | 0.0178 | 0.9538 | 0.9564 | 0.9594 | 0.0214 | 0.9360 | 0.9441 | 0.9291
0619 | 15:39:29 |  30.7s | 1.0e-04 | 0.0178 | 0.9540 | 0.9567 | 0.9594 | 0.0218 | 0.9458 | 0.9359 | 0.9310
0620 | 15:40:12 |  30.9s | 1.0e-04 | 0.0179 | 0.9546 | 0.9577 | 0.9609 | 0.0214 | 0.9379 | 0.9450 | 0.9317
0621 | 15:40:56 |  30.8s | 1.0e-04 | 0.0177 | 0.9549 | 0.9576 | 0.9610 | 0.0216 | 0.9392 | 0.9387 | 0.9288
0622 | 15:41:40 |  30.6s | 1.0e-04 | 0.0179 | 0.9552 | 0.9582 | 0.9616 | 0.0215 | 0.9366 | 0.9418 | 0.9280
0623 | 15:42:23 |  30.7s | 1.0e-04 | 0.0182 | 0.9530 | 0.9580 | 0.9591 | 0.0213 | 0.9341 | 0.9474 | 0.9308
0624 | 15:43:06 |  37.8s | 1.0e-04 | 0.0178 | 0.9530 | 0.9560 | 0.9582 | 0.0215 | 0.9441 | 0.9351 | 0.9304
0625 | 15:43:57 |  37.9s | 1.0e-04 | 0.0172 | 0.9541 | 0.9552 | 0.9586 | 0.0207 | 0.9459 | 0.9350 | 0.9315
0626 | 15:44:48 |  30.3s | 1.0e-04 | 0.0182 | 0.9524 | 0.9534 | 0.9555 | 0.0210 | 0.9311 | 0.9461 | 0.9266
0627 | 15:45:31 |  30.1s | 1.0e-04 | 0.0183 | 0.9520 | 0.9534 | 0.9551 | 0.0212 | 0.9527 | 0.9259 | 0.9335
0628 | 15:46:14 |  30.1s | 1.0e-04 | 0.0181 | 0.9516 | 0.9527 | 0.9538 | 0.0212 | 0.9377 | 0.9487 | 0.9364
0629 | 15:46:57 |  30.2s | 1.0e-04 | 0.0179 | 0.9515 | 0.9537 | 0.9549 | 0.0211 | 0.9443 | 0.9372 | 0.9335
0630 | 15:47:39 |  30.2s | 1.0e-04 | 0.0181 | 0.9518 | 0.9541 | 0.9553 | 0.0208 | 0.9422 | 0.9400 | 0.9312
0631 | 15:48:22 |  30.0s | 1.0e-04 | 0.0180 | 0.9522 | 0.9537 | 0.9556 | 0.0214 | 0.9410 | 0.9427 | 0.9340
0632 | 15:49:05 |  38.4s | 1.0e-04 | 0.0183 | 0.9505 | 0.9538 | 0.9539 | 0.0211 | 0.9381 | 0.9417 | 0.9296
0633 | 15:49:56 |  46.4s | 1.0e-04 | 0.0184 | 0.9522 | 0.9543 | 0.9558 | 0.0209 | 0.9485 | 0.9352 | 0.9355
0634 | 15:50:55 |  29.6s | 1.0e-04 | 0.0184 | 0.9505 | 0.9539 | 0.9539 | 0.0202 | 0.9424 | 0.9376 | 0.9292
0635 | 15:51:38 |  30.0s | 1.0e-04 | 0.0184 | 0.9512 | 0.9544 | 0.9549 | 0.0210 | 0.9406 | 0.9422 | 0.9345
0636 | 15:52:20 |  29.7s | 1.0e-04 | 0.0184 | 0.9515 | 0.9537 | 0.9549 | 0.0207 | 0.9397 | 0.9437 | 0.9334
0637 | 15:53:03 |  29.8s | 1.0e-04 | 0.0183 | 0.9514 | 0.9545 | 0.9553 | 0.0215 | 0.9456 | 0.9366 | 0.9315
0638 | 15:53:45 |  30.2s | 1.0e-04 | 0.0185 | 0.9521 | 0.9536 | 0.9549 | 0.0213 | 0.9284 | 0.9544 | 0.9335
0639 | 15:54:28 |  30.0s | 1.0e-04 | 0.0187 | 0.9507 | 0.9531 | 0.9532 | 0.0209 | 0.9454 | 0.9387 | 0.9347
0640 | 15:55:11 |  36.6s | 1.0e-04 | 0.0177 | 0.9527 | 0.9560 | 0.9580 | 0.0207 | 0.9459 | 0.9369 | 0.9335
0641 | 15:56:00 |  45.2s | 1.0e-04 | 0.0179 | 0.9531 | 0.9552 | 0.9572 | 0.0212 | 0.9488 | 0.9324 | 0.9335
0642 | 15:56:58 |  30.3s | 1.0e-04 | 0.0188 | 0.9504 | 0.9532 | 0.9533 | 0.0208 | 0.9452 | 0.9364 | 0.9315
0643 | 15:57:41 |  30.4s | 1.0e-04 | 0.0185 | 0.9515 | 0.9539 | 0.9550 | 0.0210 | 0.9329 | 0.9474 | 0.9303
0644 | 15:58:24 |  30.2s | 1.0e-04 | 0.0186 | 0.9519 | 0.9526 | 0.9540 | 0.0208 | 0.9472 | 0.9346 | 0.9314
0645 | 15:59:07 |  30.4s | 1.0e-04 | 0.0189 | 0.9517 | 0.9531 | 0.9547 | 0.0208 | 0.9358 | 0.9457 | 0.9302
0646 | 15:59:50 |  30.7s | 1.0e-04 | 0.0184 | 0.9509 | 0.9534 | 0.9534 | 0.0207 | 0.9400 | 0.9464 | 0.9363
0647 | 16:00:34 |  37.5s | 1.0e-04 | 0.0187 | 0.9511 | 0.9523 | 0.9533 | 0.0206 | 0.9377 | 0.9427 | 0.9290
0648 | 16:01:24 |  38.0s | 1.0e-04 | 0.0188 | 0.9509 | 0.9519 | 0.9525 | 0.0213 | 0.9365 | 0.9381 | 0.9264
0649 | 16:02:15 |  37.4s | 1.0e-04 | 0.0183 | 0.9526 | 0.9552 | 0.9570 | 0.0212 | 0.9401 | 0.9471 | 0.9374
0650 | 16:03:05 |  30.1s | 1.0e-04 | 0.0178 | 0.9555 | 0.9566 | 0.9612 | 0.0205 | 0.9417 | 0.9406 | 0.9318
0651 | 16:03:48 |  29.9s | 1.0e-04 | 0.0181 | 0.9533 | 0.9565 | 0.9587 | 0.0217 | 0.9388 | 0.9441 | 0.9317
0652 | 16:04:30 |  30.1s | 1.0e-04 | 0.0182 | 0.9537 | 0.9573 | 0.9593 | 0.0208 | 0.9402 | 0.9405 | 0.9303
0653 | 16:05:13 |  30.0s | 1.0e-04 | 0.0179 | 0.9537 | 0.9577 | 0.9597 | 0.0213 | 0.9485 | 0.9293 | 0.9278
0654 | 16:05:56 |  29.7s | 1.0e-04 | 0.0177 | 0.9550 | 0.9570 | 0.9605 | 0.0207 | 0.9448 | 0.9401 | 0.9345
0655 | 16:06:38 |  37.3s | 1.0e-04 | 0.0183 | 0.9539 | 0.9568 | 0.9595 | 0.0209 | 0.9422 | 0.9381 | 0.9310
0656 | 16:07:28 |  36.6s | 1.0e-04 | 0.0183 | 0.9541 | 0.9567 | 0.9596 | 0.0207 | 0.9372 | 0.9478 | 0.9346
0657 | 16:08:18 |  37.7s | 1.0e-04 | 0.0180 | 0.9534 | 0.9563 | 0.9586 | 0.0211 | 0.9426 | 0.9373 | 0.9292
0658 | 16:09:08 |  30.4s | 1.0e-04 | 0.0173 | 0.9550 | 0.9573 | 0.9602 | 0.0218 | 0.9349 | 0.9483 | 0.9334
0659 | 16:09:51 |  29.9s | 1.0e-04 | 0.0176 | 0.9537 | 0.9547 | 0.9578 | 0.0215 | 0.9410 | 0.9409 | 0.9314
0660 | 16:10:34 |  30.0s | 1.0e-04 | 0.0172 | 0.9550 | 0.9567 | 0.9603 | 0.0210 | 0.9442 | 0.9368 | 0.9300
0661 | 16:11:17 |  30.0s | 1.0e-04 | 0.0175 | 0.9547 | 0.9559 | 0.9591 | 0.0210 | 0.9367 | 0.9461 | 0.9316
0662 | 16:11:59 |  29.5s | 1.0e-04 | 0.0173 | 0.9547 | 0.9562 | 0.9597 | 0.0201 | 0.9470 | 0.9367 | 0.9347
0663 | 16:12:42 |  38.0s | 1.0e-04 | 0.0176 | 0.9539 | 0.9549 | 0.9580 | 0.0211 | 0.9360 | 0.9433 | 0.9292
0664 | 16:13:32 |  37.2s | 1.0e-04 | 0.0179 | 0.9521 | 0.9537 | 0.9553 | 0.0205 | 0.9396 | 0.9474 | 0.9373
0665 | 16:14:22 |  38.2s | 1.0e-04 | 0.0192 | 0.9501 | 0.9524 | 0.9525 | 0.0198 | 0.9462 | 0.9410 | 0.9379
0666 | 16:15:13 |  29.8s | 1.0e-04 | 0.0191 | 0.9511 | 0.9541 | 0.9547 | 0.0203 | 0.9328 | 0.9514 | 0.9344
0667 | 16:15:56 |  30.1s | 1.0e-04 | 0.0190 | 0.9514 | 0.9520 | 0.9532 | 0.0207 | 0.9423 | 0.9419 | 0.9339
0668 | 16:16:38 |  29.7s | 1.0e-04 | 0.0187 | 0.9509 | 0.9530 | 0.9533 | 0.0199 | 0.9399 | 0.9455 | 0.9341
0669 | 16:17:21 |  29.6s | 1.0e-04 | 0.0190 | 0.9512 | 0.9524 | 0.9534 | 0.0209 | 0.9412 | 0.9419 | 0.9342
0670 | 16:18:03 |  29.6s | 1.0e-04 | 0.0190 | 0.9498 | 0.9516 | 0.9513 | 0.0217 | 0.9373 | 0.9477 | 0.9347
0671 | 16:18:45 |  37.1s | 1.0e-04 | 0.0183 | 0.9526 | 0.9540 | 0.9561 | 0.0202 | 0.9422 | 0.9438 | 0.9363
0672 | 16:19:35 |  46.9s | 1.0e-04 | 0.0179 | 0.9525 | 0.9541 | 0.9560 | 0.0210 | 0.9384 | 0.9424 | 0.9301
0673 | 16:20:35 |  30.5s | 1.0e-04 | 0.0178 | 0.9529 | 0.9548 | 0.9569 | 0.0208 | 0.9457 | 0.9352 | 0.9302
0674 | 16:21:18 |  30.6s | 1.0e-04 | 0.0175 | 0.9524 | 0.9550 | 0.9563 | 0.0206 | 0.9475 | 0.9315 | 0.9299
0675 | 16:22:01 |  30.7s | 1.0e-04 | 0.0177 | 0.9527 | 0.9550 | 0.9571 | 0.0212 | 0.9394 | 0.9445 | 0.9343
0676 | 16:22:45 |  30.7s | 1.0e-04 | 0.0177 | 0.9530 | 0.9547 | 0.9566 | 0.0213 | 0.9454 | 0.9372 | 0.9318
0677 | 16:23:28 |  31.0s | 1.0e-04 | 0.0174 | 0.9535 | 0.9554 | 0.9582 | 0.0203 | 0.9378 | 0.9465 | 0.9334
0678 | 16:24:12 |  30.6s | 1.0e-04 | 0.0176 | 0.9539 | 0.9556 | 0.9583 | 0.0205 | 0.9458 | 0.9400 | 0.9357
0679 | 16:24:55 |  37.7s | 1.0e-04 | 0.0178 | 0.9527 | 0.9543 | 0.9563 | 0.0217 | 0.9363 | 0.9453 | 0.9312
0680 | 16:25:45 |  46.3s | 1.0e-04 | 0.0180 | 0.9521 | 0.9549 | 0.9558 | 0.0209 | 0.9437 | 0.9373 | 0.9318
0681 | 16:26:44 |  30.3s | 1.0e-04 | 0.0177 | 0.9531 | 0.9555 | 0.9575 | 0.0209 | 0.9414 | 0.9389 | 0.9308
0682 | 16:27:27 |  30.1s | 1.0e-04 | 0.0178 | 0.9522 | 0.9536 | 0.9554 | 0.0210 | 0.9391 | 0.9464 | 0.9352
0683 | 16:28:10 |  30.1s | 1.0e-04 | 0.0175 | 0.9540 | 0.9553 | 0.9579 | 0.0201 | 0.9449 | 0.9383 | 0.9354
0684 | 16:28:53 |  29.8s | 1.0e-04 | 0.0179 | 0.9535 | 0.9540 | 0.9569 | 0.0210 | 0.9402 | 0.9397 | 0.9301
0685 | 16:29:35 |  30.0s | 1.0e-04 | 0.0180 | 0.9519 | 0.9555 | 0.9561 | 0.0210 | 0.9471 | 0.9312 | 0.9295
0686 | 16:30:18 |  38.1s | 1.0e-04 | 0.0178 | 0.9529 | 0.9553 | 0.9570 | 0.0209 | 0.9440 | 0.9353 | 0.9285
0687 | 16:31:09 |  29.5s | 1.0e-04 | 0.0179 | 0.9517 | 0.9547 | 0.9559 | 0.0213 | 0.9361 | 0.9463 | 0.9320
0688 | 16:31:51 |  44.3s | 1.0e-04 | 0.0178 | 0.9542 | 0.9568 | 0.9597 | 0.0209 | 0.9364 | 0.9467 | 0.9329
0689 | 16:32:48 |  29.6s | 1.0e-04 | 0.0176 | 0.9546 | 0.9567 | 0.9596 | 0.0214 | 0.9371 | 0.9482 | 0.9348
0690 | 16:33:30 |  29.6s | 1.0e-04 | 0.0177 | 0.9542 | 0.9564 | 0.9590 | 0.0213 | 0.9361 | 0.9477 | 0.9332
0691 | 16:34:12 |  29.5s | 1.0e-04 | 0.0176 | 0.9547 | 0.9567 | 0.9595 | 0.0211 | 0.9368 | 0.9463 | 0.9326
0692 | 16:34:54 |  29.8s | 1.0e-04 | 0.0177 | 0.9538 | 0.9577 | 0.9601 | 0.0210 | 0.9415 | 0.9425 | 0.9324
0693 | 16:35:37 |  29.3s | 1.0e-04 | 0.0179 | 0.9537 | 0.9564 | 0.9591 | 0.0206 | 0.9349 | 0.9483 | 0.9325
0694 | 16:36:19 |  36.6s | 1.0e-04 | 0.0174 | 0.9545 | 0.9586 | 0.9615 | 0.0215 | 0.9378 | 0.9447 | 0.9318
0695 | 16:37:08 |  37.1s | 1.0e-04 | 0.0178 | 0.9538 | 0.9567 | 0.9592 | 0.0214 | 0.9394 | 0.9424 | 0.9314
0696 | 16:37:58 |  39.1s | 1.0e-04 | 0.0176 | 0.9535 | 0.9562 | 0.9583 | 0.0211 | 0.9375 | 0.9444 | 0.9313
0697 | 16:38:50 |  30.3s | 1.0e-04 | 0.0177 | 0.9539 | 0.9554 | 0.9586 | 0.0203 | 0.9322 | 0.9509 | 0.9332
0698 | 16:39:33 |  30.1s | 1.0e-04 | 0.0174 | 0.9540 | 0.9558 | 0.9590 | 0.0209 | 0.9466 | 0.9354 | 0.9331
0699 | 16:40:16 |  30.5s | 1.0e-04 | 0.0178 | 0.9537 | 0.9553 | 0.9577 | 0.0207 | 0.9420 | 0.9456 | 0.9376
0700 | 16:40:59 |  30.1s | 1.0e-04 | 0.0177 | 0.9539 | 0.9568 | 0.9593 | 0.0207 | 0.9360 | 0.9488 | 0.9351
0701 | 16:41:42 |  30.1s | 1.0e-04 | 0.0174 | 0.9531 | 0.9574 | 0.9590 | 0.0208 | 0.9440 | 0.9393 | 0.9322
0702 | 16:42:25 |  37.2s | 1.0e-04 | 0.0172 | 0.9546 | 0.9572 | 0.9608 | 0.0206 | 0.9435 | 0.9434 | 0.9355
0703 | 16:43:14 |  38.2s | 1.0e-04 | 0.0173 | 0.9549 | 0.9578 | 0.9607 | 0.0213 | 0.9432 | 0.9438 | 0.9367
0704 | 16:44:05 |  38.6s | 1.0e-04 | 0.0182 | 0.9523 | 0.9561 | 0.9572 | 0.0202 | 0.9488 | 0.9339 | 0.9331
0705 | 16:44:57 |  30.7s | 1.0e-04 | 0.0184 | 0.9526 | 0.9557 | 0.9572 | 0.0205 | 0.9379 | 0.9483 | 0.9365
0706 | 16:45:40 |  30.4s | 1.0e-04 | 0.0182 | 0.9533 | 0.9559 | 0.9580 | 0.0225 | 0.9407 | 0.9370 | 0.9271
0707 | 16:46:23 |  30.5s | 1.0e-04 | 0.0183 | 0.9523 | 0.9558 | 0.9569 | 0.0205 | 0.9383 | 0.9452 | 0.9327
0708 | 16:47:06 |  30.6s | 1.0e-04 | 0.0183 | 0.9528 | 0.9562 | 0.9579 | 0.0213 | 0.9425 | 0.9406 | 0.9330
0709 | 16:47:50 |  30.4s | 1.0e-04 | 0.0180 | 0.9535 | 0.9560 | 0.9587 | 0.0207 | 0.9421 | 0.9449 | 0.9377
0710 | 16:48:33 |  38.8s | 1.0e-04 | 0.0181 | 0.9528 | 0.9540 | 0.9560 | 0.0203 | 0.9357 | 0.9473 | 0.9331
0711 | 16:49:24 |  45.2s | 1.0e-04 | 0.0181 | 0.9525 | 0.9561 | 0.9576 | 0.0215 | 0.9414 | 0.9385 | 0.9310
0712 | 16:50:22 |  29.8s | 1.0e-04 | 0.0175 | 0.9543 | 0.9571 | 0.9600 | 0.0206 | 0.9486 | 0.9409 | 0.9390
0713 | 16:51:05 |  30.2s | 1.0e-04 | 0.0175 | 0.9535 | 0.9564 | 0.9592 | 0.0205 | 0.9422 | 0.9445 | 0.9371
0714 | 16:51:48 |  30.0s | 1.0e-04 | 0.0176 | 0.9542 | 0.9572 | 0.9602 | 0.0207 | 0.9384 | 0.9501 | 0.9386
0715 | 16:52:30 |  30.0s | 1.0e-04 | 0.0171 | 0.9558 | 0.9578 | 0.9616 | 0.0208 | 0.9390 | 0.9472 | 0.9363
0716 | 16:53:13 |  29.9s | 1.0e-04 | 0.0175 | 0.9548 | 0.9570 | 0.9604 | 0.0216 | 0.9402 | 0.9401 | 0.9306
0717 | 16:53:55 |  29.8s | 1.0e-04 | 0.0172 | 0.9546 | 0.9572 | 0.9604 | 0.0209 | 0.9437 | 0.9390 | 0.9331
0718 | 16:54:38 |  38.1s | 1.0e-04 | 0.0178 | 0.9539 | 0.9562 | 0.9590 | 0.0215 | 0.9498 | 0.9304 | 0.9344
0719 | 16:55:28 |  45.5s | 1.0e-04 | 0.0173 | 0.9546 | 0.9569 | 0.9605 | 0.0201 | 0.9390 | 0.9487 | 0.9369
0720 | 16:56:27 |  30.9s | 1.0e-04 | 0.0170 | 0.9534 | 0.9560 | 0.9584 | 0.0215 | 0.9417 | 0.9391 | 0.9308
0721 | 16:57:10 |  30.9s | 1.0e-04 | 0.0171 | 0.9543 | 0.9545 | 0.9578 | 0.0210 | 0.9457 | 0.9367 | 0.9343
0722 | 16:57:54 |  31.0s | 1.0e-04 | 0.0170 | 0.9542 | 0.9555 | 0.9587 | 0.0207 | 0.9426 | 0.9409 | 0.9334
0723 | 16:58:37 |  30.7s | 1.0e-04 | 0.0170 | 0.9537 | 0.9548 | 0.9575 | 0.0206 | 0.9440 | 0.9410 | 0.9351
0724 | 16:59:21 |  30.8s | 1.0e-04 | 0.0170 | 0.9542 | 0.9565 | 0.9592 | 0.0207 | 0.9399 | 0.9431 | 0.9338
0725 | 17:00:04 |  30.6s | 1.0e-04 | 0.0172 | 0.9527 | 0.9550 | 0.9569 | 0.0214 | 0.9408 | 0.9445 | 0.9344
0726 | 17:00:48 |  30.2s | 1.0e-04 | 0.0171 | 0.9525 | 0.9550 | 0.9571 | 0.0208 | 0.9427 | 0.9420 | 0.9343
0727 | 17:01:30 |  44.5s | 1.0e-04 | 0.0177 | 0.9513 | 0.9542 | 0.9554 | 0.0211 | 0.9425 | 0.9343 | 0.9274
0728 | 17:02:28 |  29.8s | 1.0e-04 | 0.0182 | 0.9525 | 0.9549 | 0.9566 | 0.0208 | 0.9428 | 0.9431 | 0.9372
0729 | 17:03:10 |  29.9s | 1.0e-04 | 0.0183 | 0.9518 | 0.9542 | 0.9555 | 0.0216 | 0.9367 | 0.9440 | 0.9298
0730 | 17:03:53 |  30.0s | 1.0e-04 | 0.0183 | 0.9520 | 0.9540 | 0.9552 | 0.0201 | 0.9406 | 0.9453 | 0.9355
0731 | 17:04:35 |  29.9s | 1.0e-04 | 0.0183 | 0.9514 | 0.9534 | 0.9547 | 0.0209 | 0.9410 | 0.9435 | 0.9347
0732 | 17:05:18 |  30.1s | 1.0e-04 | 0.0181 | 0.9525 | 0.9548 | 0.9564 | 0.0204 | 0.9377 | 0.9432 | 0.9296
0733 | 17:06:01 |  44.6s | 1.0e-04 | 0.0178 | 0.9527 | 0.9545 | 0.9565 | 0.0208 | 0.9380 | 0.9461 | 0.9334
0734 | 17:06:58 |  30.2s | 1.0e-04 | 0.0173 | 0.9532 | 0.9560 | 0.9580 | 0.0208 | 0.9453 | 0.9355 | 0.9317
0735 | 17:07:41 |  39.6s | 1.0e-04 | 0.0176 | 0.9539 | 0.9569 | 0.9598 | 0.0209 | 0.9453 | 0.9369 | 0.9331
0736 | 17:08:34 |  30.1s | 1.0e-04 | 0.0173 | 0.9553 | 0.9574 | 0.9610 | 0.0205 | 0.9403 | 0.9443 | 0.9341
0737 | 17:09:16 |  30.1s | 1.0e-04 | 0.0171 | 0.9552 | 0.9590 | 0.9620 | 0.0207 | 0.9412 | 0.9427 | 0.9348
0738 | 17:09:59 |  30.1s | 1.0e-04 | 0.0173 | 0.9545 | 0.9578 | 0.9608 | 0.0209 | 0.9369 | 0.9486 | 0.9359
0739 | 17:10:42 |  30.4s | 1.0e-04 | 0.0175 | 0.9539 | 0.9584 | 0.9606 | 0.0194 | 0.9500 | 0.9366 | 0.9391
0740 | 17:11:25 |  30.4s | 1.0e-04 | 0.0172 | 0.9548 | 0.9573 | 0.9607 | 0.0205 | 0.9402 | 0.9420 | 0.9318
0741 | 17:12:08 |  44.9s | 1.0e-04 | 0.0176 | 0.9543 | 0.9575 | 0.9605 | 0.0209 | 0.9386 | 0.9472 | 0.9358
0742 | 17:13:06 |  30.1s | 1.0e-04 | 0.0183 | 0.9528 | 0.9570 | 0.9589 | 0.0206 | 0.9445 | 0.9437 | 0.9384
0743 | 17:13:48 |  38.7s | 1.0e-04 | 0.0173 | 0.9552 | 0.9584 | 0.9615 | 0.0218 | 0.9355 | 0.9477 | 0.9327
0744 | 17:14:40 |  30.0s | 1.0e-04 | 0.0173 | 0.9546 | 0.9582 | 0.9611 | 0.0213 | 0.9431 | 0.9397 | 0.9331
0745 | 17:15:22 |  30.3s | 1.0e-04 | 0.0171 | 0.9555 | 0.9588 | 0.9626 | 0.0207 | 0.9416 | 0.9406 | 0.9322
0746 | 17:16:05 |  29.8s | 1.0e-04 | 0.0171 | 0.9555 | 0.9582 | 0.9620 | 0.0210 | 0.9337 | 0.9480 | 0.9314
0747 | 17:16:48 |  29.9s | 1.0e-04 | 0.0170 | 0.9550 | 0.9595 | 0.9623 | 0.0214 | 0.9415 | 0.9396 | 0.9319
0748 | 17:17:30 |  37.6s | 1.0e-04 | 0.0170 | 0.9554 | 0.9586 | 0.9620 | 0.0213 | 0.9393 | 0.9456 | 0.9344
0749 | 17:18:21 |  37.3s | 1.0e-04 | 0.0173 | 0.9555 | 0.9585 | 0.9619 | 0.0206 | 0.9379 | 0.9472 | 0.9346
0750 | 17:19:10 |  29.9s | 1.0e-04 | 0.0169 | 0.9554 | 0.9601 | 0.9631 | 0.0208 | 0.9357 | 0.9491 | 0.9340
0751 | 17:19:55 |  30.7s | 1.0e-04 | 0.0173 | 0.9550 | 0.9579 | 0.9614 | 0.0209 | 0.9460 | 0.9403 | 0.9368
0752 | 17:20:39 |  30.6s | 1.0e-04 | 0.0173 | 0.9546 | 0.9573 | 0.9601 | 0.0209 | 0.9297 | 0.9544 | 0.9346
0753 | 17:21:22 |  30.5s | 1.0e-04 | 0.0174 | 0.9536 | 0.9578 | 0.9596 | 0.0204 | 0.9422 | 0.9420 | 0.9343
0754 | 17:22:05 |  30.6s | 1.0e-04 | 0.0171 | 0.9549 | 0.9592 | 0.9621 | 0.0207 | 0.9328 | 0.9498 | 0.9326
0755 | 17:22:48 |  30.8s | 1.0e-04 | 0.0174 | 0.9543 | 0.9579 | 0.9608 | 0.0201 | 0.9389 | 0.9482 | 0.9370
0756 | 17:23:32 |  38.2s | 1.0e-04 | 0.0170 | 0.9547 | 0.9582 | 0.9615 | 0.0206 | 0.9394 | 0.9478 | 0.9367
0757 | 17:24:22 |  37.6s | 1.0e-04 | 0.0173 | 0.9534 | 0.9570 | 0.9596 | 0.0208 | 0.9300 | 0.9506 | 0.9308
0758 | 17:25:13 |  38.6s | 1.0e-04 | 0.0176 | 0.9528 | 0.9561 | 0.9582 | 0.0210 | 0.9340 | 0.9504 | 0.9344
0759 | 17:26:04 |  30.0s | 1.0e-04 | 0.0184 | 0.9528 | 0.9555 | 0.9573 | 0.0200 | 0.9464 | 0.9422 | 0.9391
0760 | 17:26:47 |  29.8s | 1.0e-04 | 0.0185 | 0.9530 | 0.9565 | 0.9581 | 0.0207 | 0.9376 | 0.9427 | 0.9307
0761 | 17:27:29 |  30.1s | 1.0e-04 | 0.0183 | 0.9530 | 0.9577 | 0.9595 | 0.0202 | 0.9417 | 0.9430 | 0.9337
0762 | 17:28:12 |  30.0s | 1.0e-04 | 0.0183 | 0.9525 | 0.9566 | 0.9578 | 0.0212 | 0.9385 | 0.9449 | 0.9340
0763 | 17:28:55 |  30.0s | 1.0e-04 | 0.0187 | 0.9529 | 0.9560 | 0.9578 | 0.0204 | 0.9349 | 0.9506 | 0.9355
0764 | 17:29:37 |  38.7s | 1.0e-04 | 0.0187 | 0.9528 | 0.9565 | 0.9581 | 0.0202 | 0.9405 | 0.9500 | 0.9405
0765 | 17:30:29 |  36.6s | 1.0e-04 | 0.0183 | 0.9535 | 0.9578 | 0.9600 | 0.0202 | 0.9339 | 0.9505 | 0.9342
0766 | 17:31:18 |  37.0s | 1.0e-04 | 0.0182 | 0.9536 | 0.9587 | 0.9598 | 0.0211 | 0.9361 | 0.9469 | 0.9327
0767 | 17:32:08 |  29.0s | 1.0e-04 | 0.0175 | 0.9555 | 0.9584 | 0.9618 | 0.0204 | 0.9404 | 0.9457 | 0.9363
0768 | 17:32:49 |  29.2s | 1.0e-04 | 0.0175 | 0.9560 | 0.9575 | 0.9622 | 0.0201 | 0.9428 | 0.9428 | 0.9359
0769 | 17:33:31 |  28.9s | 1.0e-04 | 0.0175 | 0.9557 | 0.9578 | 0.9617 | 0.0213 | 0.9441 | 0.9379 | 0.9329
0770 | 17:34:13 |  29.0s | 1.0e-04 | 0.0173 | 0.9556 | 0.9578 | 0.9622 | 0.0205 | 0.9406 | 0.9411 | 0.9310
0771 | 17:34:54 |  29.3s | 1.0e-04 | 0.0176 | 0.9542 | 0.9579 | 0.9599 | 0.0210 | 0.9452 | 0.9341 | 0.9284
0772 | 17:35:36 |  44.4s | 1.0e-04 | 0.0170 | 0.9554 | 0.9589 | 0.9623 | 0.0210 | 0.9431 | 0.9429 | 0.9353
0773 | 17:36:33 |  29.2s | 1.0e-04 | 0.0166 | 0.9565 | 0.9592 | 0.9643 | 0.0205 | 0.9425 | 0.9383 | 0.9318
0774 | 17:37:15 |  37.9s | 1.0e-04 | 0.0170 | 0.9555 | 0.9603 | 0.9632 | 0.0208 | 0.9343 | 0.9479 | 0.9325
0775 | 17:38:06 |  30.2s | 1.0e-04 | 0.0173 | 0.9558 | 0.9594 | 0.9628 | 0.0208 | 0.9487 | 0.9364 | 0.9364
0776 | 17:38:49 |  30.6s | 1.0e-04 | 0.0169 | 0.9560 | 0.9604 | 0.9640 | 0.0204 | 0.9437 | 0.9395 | 0.9347
0777 | 17:39:32 |  30.4s | 1.0e-04 | 0.0172 | 0.9564 | 0.9598 | 0.9644 | 0.0209 | 0.9388 | 0.9444 | 0.9332
0778 | 17:40:15 |  30.3s | 1.0e-04 | 0.0171 | 0.9563 | 0.9602 | 0.9640 | 0.0204 | 0.9423 | 0.9453 | 0.9362
0779 | 17:40:58 |  30.3s | 1.0e-04 | 0.0172 | 0.9557 | 0.9582 | 0.9627 | 0.0206 | 0.9388 | 0.9463 | 0.9347
0780 | 17:41:42 |  44.8s | 1.0e-04 | 0.0176 | 0.9543 | 0.9590 | 0.9611 | 0.0200 | 0.9382 | 0.9451 | 0.9326
0781 | 17:42:39 |  30.5s | 1.0e-04 | 0.0179 | 0.9528 | 0.9572 | 0.9588 | 0.0207 | 0.9427 | 0.9416 | 0.9348
0782 | 17:43:22 |  38.9s | 1.0e-04 | 0.0180 | 0.9544 | 0.9569 | 0.9600 | 0.0204 | 0.9446 | 0.9404 | 0.9353
0783 | 17:44:14 |  30.1s | 1.0e-04 | 0.0179 | 0.9543 | 0.9563 | 0.9598 | 0.0209 | 0.9416 | 0.9447 | 0.9365
0784 | 17:44:57 |  30.3s | 1.0e-04 | 0.0180 | 0.9548 | 0.9577 | 0.9609 | 0.0204 | 0.9375 | 0.9460 | 0.9331
0785 | 17:45:40 |  30.2s | 1.0e-04 | 0.0177 | 0.9540 | 0.9575 | 0.9602 | 0.0208 | 0.9374 | 0.9502 | 0.9377
0786 | 17:46:24 |  30.7s | 1.0e-04 | 0.0177 | 0.9554 | 0.9579 | 0.9611 | 0.0206 | 0.9445 | 0.9402 | 0.9353
0787 | 17:47:07 |  30.0s | 1.0e-04 | 0.0178 | 0.9547 | 0.9576 | 0.9604 | 0.0211 | 0.9363 | 0.9480 | 0.9342
0788 | 17:47:50 |  44.5s | 1.0e-04 | 0.0178 | 0.9547 | 0.9579 | 0.9609 | 0.0208 | 0.9383 | 0.9426 | 0.9310
0789 | 17:48:48 |  29.8s | 1.0e-04 | 0.0184 | 0.9544 | 0.9574 | 0.9604 | 0.0209 | 0.9442 | 0.9386 | 0.9324
0790 | 17:49:30 |  38.8s | 1.0e-04 | 0.0176 | 0.9549 | 0.9604 | 0.9628 | 0.0208 | 0.9453 | 0.9345 | 0.9299
0791 | 17:50:22 |  30.4s | 1.0e-04 | 0.0174 | 0.9558 | 0.9584 | 0.9624 | 0.0202 | 0.9434 | 0.9427 | 0.9359
0792 | 17:51:06 |  30.6s | 1.0e-04 | 0.0179 | 0.9553 | 0.9593 | 0.9617 | 0.0209 | 0.9360 | 0.9454 | 0.9315
0793 | 17:51:50 |  30.4s | 1.0e-04 | 0.0180 | 0.9541 | 0.9590 | 0.9611 | 0.0209 | 0.9356 | 0.9442 | 0.9292
0794 | 17:52:33 |  30.6s | 1.0e-04 | 0.0180 | 0.9540 | 0.9585 | 0.9607 | 0.0212 | 0.9317 | 0.9475 | 0.9291
0795 | 17:53:17 |  37.9s | 1.0e-04 | 0.0173 | 0.9554 | 0.9599 | 0.9631 | 0.0213 | 0.9389 | 0.9398 | 0.9287
0796 | 17:54:08 |  38.3s | 1.0e-04 | 0.0167 | 0.9568 | 0.9598 | 0.9643 | 0.0205 | 0.9467 | 0.9358 | 0.9329
0797 | 17:54:59 |  37.7s | 1.0e-04 | 0.0166 | 0.9551 | 0.9598 | 0.9631 | 0.0201 | 0.9356 | 0.9529 | 0.9389
0798 | 17:55:50 |  29.8s | 1.0e-04 | 0.0167 | 0.9555 | 0.9595 | 0.9625 | 0.0211 | 0.9446 | 0.9401 | 0.9344
0799 | 17:56:33 |  30.4s | 1.0e-04 | 0.0167 | 0.9553 | 0.9589 | 0.9629 | 0.0212 | 0.9424 | 0.9420 | 0.9336
0800 | 17:57:16 |  29.9s | 1.0e-04 | 0.0167 | 0.9557 | 0.9594 | 0.9627 | 0.0202 | 0.9420 | 0.9455 | 0.9378
0801 | 17:57:59 |  30.3s | 1.0e-04 | 0.0165 | 0.9564 | 0.9606 | 0.9648 | 0.0213 | 0.9365 | 0.9448 | 0.9307
0802 | 17:58:42 |  29.9s | 1.0e-04 | 0.0168 | 0.9565 | 0.9591 | 0.9637 | 0.0212 | 0.9454 | 0.9399 | 0.9367
0803 | 17:59:25 |  38.0s | 1.0e-04 | 0.0165 | 0.9565 | 0.9600 | 0.9640 | 0.0209 | 0.9440 | 0.9435 | 0.9379
0804 | 18:00:16 |  37.5s | 1.0e-04 | 0.0171 | 0.9548 | 0.9582 | 0.9612 | 0.0201 | 0.9381 | 0.9471 | 0.9355
0805 | 18:01:07 |  38.2s | 1.0e-04 | 0.0174 | 0.9546 | 0.9570 | 0.9601 | 0.0214 | 0.9367 | 0.9471 | 0.9338
0806 | 18:01:58 |  30.1s | 1.0e-04 | 0.0174 | 0.9531 | 0.9565 | 0.9586 | 0.0209 | 0.9382 | 0.9448 | 0.9323
0807 | 18:02:41 |  30.0s | 1.0e-04 | 0.0173 | 0.9547 | 0.9573 | 0.9610 | 0.0206 | 0.9429 | 0.9397 | 0.9336
0808 | 18:03:24 |  30.0s | 1.0e-04 | 0.0173 | 0.9539 | 0.9576 | 0.9596 | 0.0203 | 0.9413 | 0.9398 | 0.9323
0809 | 18:04:07 |  30.2s | 1.0e-04 | 0.0172 | 0.9553 | 0.9578 | 0.9615 | 0.0205 | 0.9362 | 0.9470 | 0.9335
0810 | 18:04:50 |  29.9s | 1.0e-04 | 0.0171 | 0.9550 | 0.9584 | 0.9617 | 0.0210 | 0.9470 | 0.9399 | 0.9362
0811 | 18:05:33 |  44.3s | 1.0e-04 | 0.0172 | 0.9550 | 0.9583 | 0.9613 | 0.0204 | 0.9431 | 0.9439 | 0.9363
0812 | 18:06:31 |  30.0s | 1.0e-04 | 0.0176 | 0.9552 | 0.9593 | 0.9629 | 0.0210 | 0.9351 | 0.9467 | 0.9312
0813 | 18:07:14 |  38.8s | 1.0e-04 | 0.0174 | 0.9557 | 0.9600 | 0.9631 | 0.0207 | 0.9459 | 0.9373 | 0.9350
0814 | 18:08:05 |  30.1s | 1.0e-04 | 0.0172 | 0.9556 | 0.9580 | 0.9617 | 0.0217 | 0.9392 | 0.9487 | 0.9380
0815 | 18:08:48 |  30.4s | 1.0e-04 | 0.0171 | 0.9556 | 0.9588 | 0.9620 | 0.0213 | 0.9373 | 0.9464 | 0.9333
0816 | 18:09:32 |  30.3s | 1.0e-04 | 0.0170 | 0.9555 | 0.9595 | 0.9631 | 0.0201 | 0.9444 | 0.9459 | 0.9401
0817 | 18:10:15 |  30.5s | 1.0e-04 | 0.0170 | 0.9557 | 0.9584 | 0.9621 | 0.0205 | 0.9409 | 0.9436 | 0.9359
0818 | 18:10:59 |  30.3s | 1.0e-04 | 0.0173 | 0.9559 | 0.9583 | 0.9628 | 0.0203 | 0.9441 | 0.9401 | 0.9334
0819 | 18:11:42 |  46.5s | 1.0e-04 | 0.0169 | 0.9552 | 0.9593 | 0.9621 | 0.0209 | 0.9359 | 0.9438 | 0.9286
0820 | 18:12:41 |  30.6s | 1.0e-04 | 0.0165 | 0.9555 | 0.9587 | 0.9623 | 0.0203 | 0.9337 | 0.9468 | 0.9303
0821 | 18:13:25 |  39.8s | 1.0e-04 | 0.0168 | 0.9551 | 0.9581 | 0.9617 | 0.0200 | 0.9471 | 0.9373 | 0.9356
0822 | 18:14:18 |  30.7s | 1.0e-04 | 0.0166 | 0.9551 | 0.9588 | 0.9616 | 0.0205 | 0.9476 | 0.9355 | 0.9333
0823 | 18:15:02 |  30.7s | 1.0e-04 | 0.0167 | 0.9551 | 0.9581 | 0.9609 | 0.0207 | 0.9324 | 0.9490 | 0.9309
0824 | 18:15:46 |  30.7s | 1.0e-04 | 0.0169 | 0.9555 | 0.9582 | 0.9620 | 0.0202 | 0.9398 | 0.9518 | 0.9418
0825 | 18:16:29 |  30.6s | 1.0e-04 | 0.0164 | 0.9562 | 0.9588 | 0.9631 | 0.0210 | 0.9400 | 0.9433 | 0.9335
0826 | 18:17:13 |  31.2s | 1.0e-04 | 0.0167 | 0.9555 | 0.9589 | 0.9624 | 0.0205 | 0.9397 | 0.9451 | 0.9346
0827 | 18:17:57 |  46.8s | 1.0e-04 | 0.0166 | 0.9553 | 0.9591 | 0.9624 | 0.0210 | 0.9465 | 0.9371 | 0.9358
0828 | 18:18:57 |  30.7s | 1.0e-04 | 0.0169 | 0.9558 | 0.9573 | 0.9622 | 0.0208 | 0.9434 | 0.9419 | 0.9350
0829 | 18:19:40 |  38.8s | 1.0e-04 | 0.0164 | 0.9554 | 0.9593 | 0.9624 | 0.0208 | 0.9410 | 0.9400 | 0.9305
0830 | 18:20:32 |  29.8s | 1.0e-04 | 0.0165 | 0.9560 | 0.9588 | 0.9629 | 0.0209 | 0.9400 | 0.9462 | 0.9358
0831 | 18:21:15 |  29.8s | 1.0e-04 | 0.0168 | 0.9553 | 0.9565 | 0.9605 | 0.0206 | 0.9341 | 0.9516 | 0.9359
0832 | 18:21:58 |  29.9s | 1.0e-04 | 0.0168 | 0.9549 | 0.9581 | 0.9613 | 0.0207 | 0.9359 | 0.9445 | 0.9306
0833 | 18:22:41 |  29.9s | 1.0e-04 | 0.0164 | 0.9560 | 0.9586 | 0.9629 | 0.0202 | 0.9388 | 0.9474 | 0.9358
0834 | 18:23:24 |  36.6s | 1.0e-04 | 0.0164 | 0.9561 | 0.9581 | 0.9626 | 0.0205 | 0.9457 | 0.9386 | 0.9345
0835 | 18:24:13 |  37.1s | 1.0e-04 | 0.0166 | 0.9548 | 0.9589 | 0.9615 | 0.0208 | 0.9420 | 0.9445 | 0.9358
0836 | 18:25:03 |  38.3s | 1.0e-04 | 0.0168 | 0.9555 | 0.9584 | 0.9620 | 0.0202 | 0.9401 | 0.9447 | 0.9356
0837 | 18:25:55 |  30.5s | 1.0e-04 | 0.0173 | 0.9552 | 0.9586 | 0.9615 | 0.0205 | 0.9382 | 0.9457 | 0.9342
0838 | 18:26:38 |  30.6s | 1.0e-04 | 0.0171 | 0.9550 | 0.9590 | 0.9620 | 0.0196 | 0.9384 | 0.9427 | 0.9296
0839 | 18:27:22 |  30.4s | 1.0e-04 | 0.0173 | 0.9556 | 0.9588 | 0.9618 | 0.0203 | 0.9437 | 0.9361 | 0.9303
0840 | 18:28:05 |  30.6s | 1.0e-04 | 0.0175 | 0.9544 | 0.9567 | 0.9597 | 0.0204 | 0.9439 | 0.9387 | 0.9346
0841 | 18:28:49 |  30.7s | 1.0e-04 | 0.0172 | 0.9548 | 0.9596 | 0.9620 | 0.0211 | 0.9458 | 0.9381 | 0.9340
0842 | 18:29:32 |  37.8s | 1.0e-04 | 0.0175 | 0.9550 | 0.9580 | 0.9613 | 0.0207 | 0.9474 | 0.9357 | 0.9344
0843 | 18:30:23 |  36.9s | 1.0e-04 | 0.0172 | 0.9551 | 0.9567 | 0.9604 | 0.0210 | 0.9363 | 0.9457 | 0.9310
0844 | 18:31:13 |  38.6s | 1.0e-04 | 0.0173 | 0.9546 | 0.9557 | 0.9593 | 0.0209 | 0.9453 | 0.9368 | 0.9325
0845 | 18:32:04 |  30.6s | 1.0e-04 | 0.0164 | 0.9538 | 0.9562 | 0.9586 | 0.0207 | 0.9376 | 0.9454 | 0.9318
0846 | 18:32:48 |  30.4s | 1.0e-04 | 0.0166 | 0.9537 | 0.9560 | 0.9588 | 0.0205 | 0.9459 | 0.9401 | 0.9370
0847 | 18:33:31 |  30.4s | 1.0e-04 | 0.0162 | 0.9559 | 0.9562 | 0.9610 | 0.0203 | 0.9392 | 0.9502 | 0.9393
0848 | 18:34:14 |  30.7s | 1.0e-04 | 0.0165 | 0.9534 | 0.9559 | 0.9584 | 0.0206 | 0.9428 | 0.9458 | 0.9385
0849 | 18:34:57 |  30.7s | 1.0e-04 | 0.0165 | 0.9538 | 0.9558 | 0.9586 | 0.0204 | 0.9406 | 0.9387 | 0.9302
0850 | 18:35:41 |  37.4s | 1.0e-04 | 0.0161 | 0.9545 | 0.9555 | 0.9595 | 0.0206 | 0.9478 | 0.9337 | 0.9330
0851 | 18:36:32 |  30.9s | 1.0e-04 | 0.0161 | 0.9544 | 0.9568 | 0.9597 | 0.0204 | 0.9390 | 0.9499 | 0.9390
0852 | 18:37:15 |  39.0s | 1.0e-04 | 0.0164 | 0.9547 | 0.9563 | 0.9600 | 0.0205 | 0.9386 | 0.9459 | 0.9346
0853 | 18:38:07 |  29.7s | 1.0e-04 | 0.0165 | 0.9549 | 0.9572 | 0.9607 | 0.0198 | 0.9456 | 0.9429 | 0.9386
0854 | 18:38:50 |  30.1s | 1.0e-04 | 0.0167 | 0.9542 | 0.9569 | 0.9594 | 0.0212 | 0.9507 | 0.9336 | 0.9369
0855 | 18:39:33 |  29.9s | 1.0e-04 | 0.0166 | 0.9547 | 0.9573 | 0.9603 | 0.0200 | 0.9421 | 0.9444 | 0.9357
0856 | 18:40:15 |  30.0s | 1.0e-04 | 0.0169 | 0.9537 | 0.9562 | 0.9585 | 0.0202 | 0.9434 | 0.9420 | 0.9363
0857 | 18:40:58 |  30.1s | 1.0e-04 | 0.0168 | 0.9542 | 0.9560 | 0.9589 | 0.0207 | 0.9400 | 0.9441 | 0.9335
0858 | 18:41:41 |  45.0s | 1.0e-04 | 0.0172 | 0.9537 | 0.9563 | 0.9586 | 0.0206 | 0.9459 | 0.9442 | 0.9402
0859 | 18:42:39 |  29.7s | 1.0e-04 | 0.0174 | 0.9526 | 0.9539 | 0.9555 | 0.0208 | 0.9349 | 0.9492 | 0.9341
0860 | 18:43:21 |  37.8s | 1.0e-04 | 0.0179 | 0.9523 | 0.9554 | 0.9566 | 0.0209 | 0.9361 | 0.9477 | 0.9341
0861 | 18:44:12 |  30.5s | 1.0e-04 | 0.0176 | 0.9538 | 0.9571 | 0.9597 | 0.0208 | 0.9415 | 0.9451 | 0.9362
0862 | 18:44:55 |  30.4s | 1.0e-04 | 0.0177 | 0.9530 | 0.9570 | 0.9587 | 0.0202 | 0.9412 | 0.9448 | 0.9359
0863 | 18:45:39 |  30.3s | 1.0e-04 | 0.0177 | 0.9537 | 0.9563 | 0.9592 | 0.0206 | 0.9458 | 0.9431 | 0.9397
0864 | 18:46:22 |  30.4s | 1.0e-04 | 0.0177 | 0.9530 | 0.9549 | 0.9577 | 0.0196 | 0.9514 | 0.9357 | 0.9387
0865 | 18:47:05 |  30.6s | 1.0e-04 | 0.0175 | 0.9540 | 0.9571 | 0.9593 | 0.0203 | 0.9445 | 0.9396 | 0.9340
0866 | 18:47:48 |  45.4s | 1.0e-04 | 0.0171 | 0.9558 | 0.9581 | 0.9620 | 0.0203 | 0.9428 | 0.9430 | 0.9367
0867 | 18:48:46 |  30.9s | 1.0e-04 | 0.0164 | 0.9568 | 0.9592 | 0.9635 | 0.0200 | 0.9441 | 0.9424 | 0.9352
0868 | 18:49:30 |  38.0s | 1.0e-04 | 0.0168 | 0.9555 | 0.9580 | 0.9617 | 0.0204 | 0.9433 | 0.9430 | 0.9378
0869 | 18:50:21 |  30.2s | 1.0e-04 | 0.0169 | 0.9556 | 0.9586 | 0.9627 | 0.0206 | 0.9381 | 0.9450 | 0.9328
0870 | 18:51:04 |  30.2s | 1.0e-04 | 0.0172 | 0.9551 | 0.9583 | 0.9616 | 0.0205 | 0.9402 | 0.9414 | 0.9317
0871 | 18:51:47 |  30.1s | 1.0e-04 | 0.0168 | 0.9555 | 0.9589 | 0.9633 | 0.0205 | 0.9384 | 0.9443 | 0.9314
0872 | 18:52:30 |  29.9s | 1.0e-04 | 0.0170 | 0.9572 | 0.9580 | 0.9636 | 0.0211 | 0.9442 | 0.9447 | 0.9380
0873 | 18:53:12 |  40.0s | 1.0e-04 | 0.0166 | 0.9557 | 0.9585 | 0.9622 | 0.0205 | 0.9437 | 0.9394 | 0.9341
0874 | 18:54:05 |  37.7s | 1.0e-04 | 0.0169 | 0.9554 | 0.9593 | 0.9623 | 0.0211 | 0.9432 | 0.9380 | 0.9293
0875 | 18:54:55 |  29.7s | 1.0e-04 | 0.0169 | 0.9564 | 0.9595 | 0.9641 | 0.0206 | 0.9337 | 0.9482 | 0.9318
0876 | 18:55:40 |  30.4s | 1.0e-04 | 0.0160 | 0.9576 | 0.9590 | 0.9643 | 0.0205 | 0.9401 | 0.9413 | 0.9301
0877 | 18:56:23 |  30.5s | 1.0e-04 | 0.0159 | 0.9557 | 0.9597 | 0.9629 | 0.0206 | 0.9420 | 0.9470 | 0.9390
0878 | 18:57:07 |  30.5s | 1.0e-04 | 0.0159 | 0.9568 | 0.9598 | 0.9643 | 0.0211 | 0.9350 | 0.9449 | 0.9291
0879 | 18:57:50 |  30.1s | 1.0e-04 | 0.0156 | 0.9568 | 0.9599 | 0.9639 | 0.0208 | 0.9391 | 0.9419 | 0.9302
0880 | 18:58:33 |  30.2s | 1.0e-04 | 0.0160 | 0.9561 | 0.9590 | 0.9629 | 0.0201 | 0.9404 | 0.9452 | 0.9351
0881 | 18:59:16 |  38.1s | 1.0e-04 | 0.0158 | 0.9569 | 0.9597 | 0.9646 | 0.0205 | 0.9477 | 0.9335 | 0.9337
0882 | 19:00:07 |  38.3s | 1.0e-04 | 0.0160 | 0.9562 | 0.9586 | 0.9633 | 0.0202 | 0.9382 | 0.9446 | 0.9322
0883 | 19:00:58 |  38.7s | 1.0e-04 | 0.0162 | 0.9555 | 0.9576 | 0.9616 | 0.0196 | 0.9413 | 0.9456 | 0.9370
0884 | 19:01:49 |  30.3s | 1.0e-04 | 0.0162 | 0.9550 | 0.9569 | 0.9606 | 0.0200 | 0.9427 | 0.9473 | 0.9399
0885 | 19:02:33 |  30.1s | 1.0e-04 | 0.0162 | 0.9555 | 0.9575 | 0.9613 | 0.0203 | 0.9474 | 0.9401 | 0.9388
0886 | 19:03:15 |  29.9s | 1.0e-04 | 0.0162 | 0.9564 | 0.9581 | 0.9624 | 0.0208 | 0.9399 | 0.9438 | 0.9343
0887 | 19:03:58 |  30.3s | 1.0e-04 | 0.0164 | 0.9548 | 0.9583 | 0.9609 | 0.0202 | 0.9350 | 0.9488 | 0.9332
0888 | 19:04:41 |  30.2s | 1.0e-04 | 0.0162 | 0.9550 | 0.9568 | 0.9603 | 0.0199 | 0.9445 | 0.9459 | 0.9409
0889 | 19:05:24 |  37.7s | 1.0e-04 | 0.0162 | 0.9552 | 0.9577 | 0.9608 | 0.0208 | 0.9445 | 0.9431 | 0.9381
0890 | 19:06:14 |  37.7s | 1.0e-04 | 0.0160 | 0.9562 | 0.9580 | 0.9626 | 0.0211 | 0.9386 | 0.9459 | 0.9345
0891 | 19:07:05 |  39.0s | 1.0e-04 | 0.0166 | 0.9541 | 0.9589 | 0.9608 | 0.0200 | 0.9373 | 0.9537 | 0.9411
0892 | 19:07:56 |  29.9s | 1.0e-04 | 0.0166 | 0.9556 | 0.9572 | 0.9614 | 0.0204 | 0.9433 | 0.9397 | 0.9313
0893 | 19:08:39 |  29.6s | 1.0e-04 | 0.0162 | 0.9565 | 0.9587 | 0.9633 | 0.0203 | 0.9378 | 0.9463 | 0.9344
0894 | 19:09:21 |  29.7s | 1.0e-04 | 0.0165 | 0.9554 | 0.9582 | 0.9617 | 0.0208 | 0.9396 | 0.9453 | 0.9340
0895 | 19:10:04 |  30.0s | 1.0e-04 | 0.0162 | 0.9564 | 0.9590 | 0.9634 | 0.0200 | 0.9346 | 0.9477 | 0.9313
0896 | 19:10:47 |  29.6s | 1.0e-04 | 0.0166 | 0.9560 | 0.9583 | 0.9625 | 0.0203 | 0.9376 | 0.9479 | 0.9349
0897 | 19:11:29 |  44.3s | 1.0e-04 | 0.0168 | 0.9553 | 0.9589 | 0.9623 | 0.0206 | 0.9414 | 0.9454 | 0.9373
0898 | 19:12:26 |  30.0s | 1.0e-04 | 0.0177 | 0.9539 | 0.9587 | 0.9608 | 0.0205 | 0.9359 | 0.9501 | 0.9360
0899 | 19:13:09 |  38.0s | 1.0e-04 | 0.0177 | 0.9556 | 0.9586 | 0.9621 | 0.0200 | 0.9511 | 0.9388 | 0.9423
0900 | 19:13:59 |  30.1s | 1.0e-04 | 0.0176 | 0.9553 | 0.9585 | 0.9621 | 0.0207 | 0.9351 | 0.9486 | 0.9340
0901 | 19:14:42 |  30.3s | 1.0e-04 | 0.0176 | 0.9559 | 0.9592 | 0.9628 | 0.0195 | 0.9434 | 0.9469 | 0.9406
0902 | 19:15:25 |  30.2s | 1.0e-04 | 0.0175 | 0.9547 | 0.9600 | 0.9627 | 0.0204 | 0.9480 | 0.9375 | 0.9352
0903 | 19:16:08 |  30.5s | 1.0e-04 | 0.0175 | 0.9555 | 0.9596 | 0.9625 | 0.0199 | 0.9403 | 0.9489 | 0.9393
0904 | 19:16:52 |  30.2s | 1.0e-04 | 0.0178 | 0.9552 | 0.9589 | 0.9622 | 0.0200 | 0.9391 | 0.9480 | 0.9366
0905 | 19:17:34 |  45.3s | 1.0e-04 | 0.0180 | 0.9543 | 0.9569 | 0.9596 | 0.0200 | 0.9336 | 0.9556 | 0.9400
0906 | 19:18:32 |  30.2s | 1.0e-04 | 0.0180 | 0.9534 | 0.9579 | 0.9599 | 0.0200 | 0.9452 | 0.9382 | 0.9343
0907 | 19:19:15 |  37.9s | 1.0e-04 | 0.0178 | 0.9539 | 0.9578 | 0.9596 | 0.0201 | 0.9405 | 0.9482 | 0.9381
0908 | 19:20:06 |  30.3s | 1.0e-04 | 0.0177 | 0.9534 | 0.9569 | 0.9592 | 0.0208 | 0.9344 | 0.9524 | 0.9364
0909 | 19:20:49 |  30.3s | 1.0e-04 | 0.0176 | 0.9542 | 0.9579 | 0.9605 | 0.0209 | 0.9424 | 0.9417 | 0.9336
0910 | 19:21:32 |  30.1s | 1.0e-04 | 0.0177 | 0.9540 | 0.9573 | 0.9598 | 0.0200 | 0.9468 | 0.9436 | 0.9408
0911 | 19:22:15 |  30.5s | 1.0e-04 | 0.0179 | 0.9538 | 0.9567 | 0.9591 | 0.0204 | 0.9388 | 0.9522 | 0.9417
0912 | 19:22:58 |  30.0s | 1.0e-04 | 0.0177 | 0.9538 | 0.9576 | 0.9594 | 0.0205 | 0.9405 | 0.9487 | 0.9386
0913 | 19:23:40 |  44.7s | 1.0e-04 | 0.0171 | 0.9545 | 0.9566 | 0.9600 | 0.0202 | 0.9422 | 0.9465 | 0.9389
0914 | 19:24:38 |  30.3s | 1.0e-04 | 0.0167 | 0.9554 | 0.9572 | 0.9614 | 0.0201 | 0.9484 | 0.9422 | 0.9417
0915 | 19:25:21 |  38.5s | 1.0e-04 | 0.0167 | 0.9559 | 0.9579 | 0.9618 | 0.0207 | 0.9446 | 0.9434 | 0.9391
0916 | 19:26:12 |  30.4s | 1.0e-04 | 0.0165 | 0.9558 | 0.9591 | 0.9627 | 0.0206 | 0.9423 | 0.9475 | 0.9397
0917 | 19:26:55 |  30.3s | 1.0e-04 | 0.0165 | 0.9561 | 0.9592 | 0.9635 | 0.0203 | 0.9478 | 0.9380 | 0.9369
0918 | 19:27:38 |  30.1s | 1.0e-04 | 0.0167 | 0.9552 | 0.9582 | 0.9619 | 0.0203 | 0.9432 | 0.9437 | 0.9366
0919 | 19:28:21 |  30.2s | 1.0e-04 | 0.0166 | 0.9551 | 0.9581 | 0.9615 | 0.0204 | 0.9413 | 0.9399 | 0.9321
0920 | 19:29:04 |  37.5s | 1.0e-04 | 0.0166 | 0.9563 | 0.9578 | 0.9627 | 0.0203 | 0.9459 | 0.9442 | 0.9404
0921 | 19:29:54 |  37.1s | 1.0e-04 | 0.0166 | 0.9571 | 0.9596 | 0.9644 | 0.0204 | 0.9433 | 0.9428 | 0.9372
0922 | 19:30:44 |  39.3s | 1.0e-04 | 0.0170 | 0.9563 | 0.9604 | 0.9638 | 0.0207 | 0.9481 | 0.9324 | 0.9322
0923 | 19:31:36 |  30.0s | 1.0e-04 | 0.0177 | 0.9569 | 0.9588 | 0.9635 | 0.0207 | 0.9338 | 0.9467 | 0.9292
0924 | 19:32:18 |  29.8s | 1.0e-04 | 0.0178 | 0.9558 | 0.9587 | 0.9623 | 0.0205 | 0.9400 | 0.9466 | 0.9372
0925 | 19:33:01 |  29.6s | 1.0e-04 | 0.0180 | 0.9546 | 0.9582 | 0.9616 | 0.0202 | 0.9489 | 0.9403 | 0.9381
0926 | 19:33:43 |  29.8s | 1.0e-04 | 0.0175 | 0.9568 | 0.9591 | 0.9639 | 0.0202 | 0.9363 | 0.9491 | 0.9353
0927 | 19:34:26 |  29.8s | 1.0e-04 | 0.0176 | 0.9558 | 0.9595 | 0.9628 | 0.0210 | 0.9443 | 0.9368 | 0.9319
0928 | 19:35:08 |  37.7s | 1.0e-04 | 0.0174 | 0.9563 | 0.9608 | 0.9644 | 0.0199 | 0.9378 | 0.9455 | 0.9334
0929 | 19:35:59 |  37.9s | 1.0e-04 | 0.0175 | 0.9561 | 0.9598 | 0.9630 | 0.0207 | 0.9391 | 0.9408 | 0.9286
0930 | 19:36:50 |  38.2s | 1.0e-04 | 0.0173 | 0.9561 | 0.9588 | 0.9630 | 0.0207 | 0.9448 | 0.9426 | 0.9360
0931 | 19:37:41 |  30.5s | 1.0e-04 | 0.0174 | 0.9545 | 0.9588 | 0.9616 | 0.0199 | 0.9446 | 0.9430 | 0.9387
0932 | 19:38:24 |  30.6s | 1.0e-04 | 0.0176 | 0.9536 | 0.9577 | 0.9595 | 0.0194 | 0.9461 | 0.9445 | 0.9415
0933 | 19:39:07 |  31.0s | 1.0e-04 | 0.0173 | 0.9544 | 0.9574 | 0.9603 | 0.0204 | 0.9452 | 0.9421 | 0.9378
0934 | 19:39:51 |  30.5s | 1.0e-04 | 0.0172 | 0.9562 | 0.9579 | 0.9625 | 0.0206 | 0.9408 | 0.9489 | 0.9399
0935 | 19:40:34 |  30.7s | 1.0e-04 | 0.0172 | 0.9555 | 0.9578 | 0.9617 | 0.0202 | 0.9427 | 0.9443 | 0.9373
0936 | 19:41:17 |  46.6s | 1.0e-04 | 0.0174 | 0.9539 | 0.9567 | 0.9594 | 0.0201 | 0.9460 | 0.9430 | 0.9386
0937 | 19:42:17 |  30.6s | 1.0e-04 | 0.0170 | 0.9547 | 0.9571 | 0.9606 | 0.0199 | 0.9466 | 0.9437 | 0.9408
0938 | 19:43:00 |  39.1s | 1.0e-04 | 0.0173 | 0.9554 | 0.9576 | 0.9614 | 0.0203 | 0.9459 | 0.9419 | 0.9376
0939 | 19:43:52 |  31.0s | 1.0e-04 | 0.0174 | 0.9547 | 0.9580 | 0.9606 | 0.0203 | 0.9495 | 0.9384 | 0.9392
0940 | 19:44:36 |  31.3s | 1.0e-04 | 0.0170 | 0.9550 | 0.9583 | 0.9617 | 0.0198 | 0.9412 | 0.9488 | 0.9398
0941 | 19:45:19 |  30.9s | 1.0e-04 | 0.0171 | 0.9559 | 0.9583 | 0.9620 | 0.0205 | 0.9350 | 0.9513 | 0.9362
0942 | 19:46:03 |  30.6s | 1.0e-04 | 0.0171 | 0.9553 | 0.9579 | 0.9615 | 0.0203 | 0.9470 | 0.9400 | 0.9369
0943 | 19:46:46 |  30.9s | 1.0e-04 | 0.0172 | 0.9552 | 0.9586 | 0.9620 | 0.0200 | 0.9437 | 0.9425 | 0.9366
0944 | 19:47:30 |  45.2s | 1.0e-04 | 0.0173 | 0.9556 | 0.9578 | 0.9619 | 0.0205 | 0.9381 | 0.9482 | 0.9357
0945 | 19:48:28 |  30.6s | 1.0e-04 | 0.0176 | 0.9556 | 0.9581 | 0.9620 | 0.0206 | 0.9456 | 0.9447 | 0.9402
0946 | 19:49:11 |  38.2s | 1.0e-04 | 0.0175 | 0.9554 | 0.9583 | 0.9618 | 0.0198 | 0.9450 | 0.9439 | 0.9395
0947 | 19:50:02 |  30.3s | 1.0e-04 | 0.0176 | 0.9547 | 0.9583 | 0.9611 | 0.0201 | 0.9371 | 0.9520 | 0.9394
0948 | 19:50:45 |  30.1s | 1.0e-04 | 0.0175 | 0.9545 | 0.9587 | 0.9614 | 0.0210 | 0.9373 | 0.9503 | 0.9377
0949 | 19:51:28 |  30.4s | 1.0e-04 | 0.0175 | 0.9546 | 0.9586 | 0.9615 | 0.0191 | 0.9372 | 0.9503 | 0.9375
0950 | 19:52:11 |  30.4s | 1.0e-04 | 0.0177 | 0.9552 | 0.9583 | 0.9618 | 0.0196 | 0.9450 | 0.9438 | 0.9386
0951 | 19:52:54 |  30.6s | 1.0e-04 | 0.0175 | 0.9558 | 0.9585 | 0.9622 | 0.0211 | 0.9390 | 0.9467 | 0.9361
0952 | 19:53:38 |  44.2s | 1.0e-04 | 0.0174 | 0.9541 | 0.9587 | 0.9607 | 0.0204 | 0.9378 | 0.9502 | 0.9378
0953 | 19:54:35 |  29.9s | 1.0e-04 | 0.0173 | 0.9554 | 0.9575 | 0.9615 | 0.0202 | 0.9409 | 0.9501 | 0.9410
0954 | 19:55:18 |  37.5s | 1.0e-04 | 0.0176 | 0.9547 | 0.9602 | 0.9630 | 0.0201 | 0.9426 | 0.9402 | 0.9330
0955 | 19:56:08 |  30.4s | 1.0e-04 | 0.0175 | 0.9558 | 0.9590 | 0.9636 | 0.0208 | 0.9451 | 0.9421 | 0.9380
0956 | 19:56:51 |  30.0s | 1.0e-04 | 0.0172 | 0.9560 | 0.9590 | 0.9633 | 0.0203 | 0.9348 | 0.9527 | 0.9378
0957 | 19:57:34 |  29.7s | 1.0e-04 | 0.0176 | 0.9559 | 0.9594 | 0.9628 | 0.0200 | 0.9393 | 0.9477 | 0.9374
0958 | 19:58:17 |  29.8s | 1.0e-04 | 0.0175 | 0.9561 | 0.9582 | 0.9623 | 0.0203 | 0.9343 | 0.9523 | 0.9363
0959 | 19:59:00 |  38.3s | 1.0e-04 | 0.0175 | 0.9568 | 0.9590 | 0.9635 | 0.0203 | 0.9477 | 0.9403 | 0.9380
0960 | 19:59:51 |  30.1s | 1.0e-04 | 0.0181 | 0.9553 | 0.9591 | 0.9624 | 0.0198 | 0.9345 | 0.9536 | 0.9382
0961 | 20:00:34 |  38.9s | 1.0e-04 | 0.0182 | 0.9546 | 0.9581 | 0.9609 | 0.0202 | 0.9449 | 0.9412 | 0.9363
0962 | 20:01:26 |  31.1s | 1.0e-04 | 0.0168 | 0.9547 | 0.9577 | 0.9612 | 0.0189 | 0.9444 | 0.9470 | 0.9418
0963 | 20:02:10 |  30.7s | 1.0e-04 | 0.0170 | 0.9542 | 0.9562 | 0.9590 | 0.0205 | 0.9450 | 0.9385 | 0.9352
0964 | 20:02:54 |  31.0s | 1.0e-04 | 0.0168 | 0.9551 | 0.9587 | 0.9618 | 0.0198 | 0.9504 | 0.9384 | 0.9404
0965 | 20:03:38 |  30.8s | 1.0e-04 | 0.0168 | 0.9558 | 0.9576 | 0.9621 | 0.0203 | 0.9454 | 0.9450 | 0.9398
0966 | 20:04:22 |  30.6s | 1.0e-04 | 0.0169 | 0.9555 | 0.9577 | 0.9616 | 0.0205 | 0.9422 | 0.9434 | 0.9337
0967 | 20:05:06 |  40.0s | 1.0e-04 | 0.0169 | 0.9553 | 0.9580 | 0.9617 | 0.0210 | 0.9387 | 0.9471 | 0.9355
0968 | 20:05:59 |  31.5s | 1.0e-04 | 0.0160 | 0.9551 | 0.9588 | 0.9621 | 0.0203 | 0.9415 | 0.9446 | 0.9360
0969 | 20:06:43 |  40.9s | 1.0e-04 | 0.0160 | 0.9556 | 0.9580 | 0.9615 | 0.0204 | 0.9435 | 0.9431 | 0.9361
0970 | 20:07:37 |  31.5s | 1.0e-04 | 0.0163 | 0.9551 | 0.9582 | 0.9616 | 0.0205 | 0.9424 | 0.9483 | 0.9397
0971 | 20:08:22 |  31.0s | 1.0e-04 | 0.0160 | 0.9558 | 0.9580 | 0.9624 | 0.0205 | 0.9469 | 0.9441 | 0.9404
0972 | 20:09:06 |  31.1s | 1.0e-04 | 0.0160 | 0.9566 | 0.9589 | 0.9643 | 0.0203 | 0.9405 | 0.9452 | 0.9343
0973 | 20:09:50 |  31.0s | 1.0e-04 | 0.0160 | 0.9557 | 0.9595 | 0.9631 | 0.0212 | 0.9405 | 0.9398 | 0.9294
0974 | 20:10:34 |  30.9s | 1.0e-04 | 0.0158 | 0.9558 | 0.9596 | 0.9631 | 0.0204 | 0.9417 | 0.9485 | 0.9401
0975 | 20:11:18 |  38.5s | 1.0e-04 | 0.0159 | 0.9566 | 0.9601 | 0.9640 | 0.0208 | 0.9403 | 0.9422 | 0.9322
0976 | 20:12:10 |  30.8s | 1.0e-04 | 0.0159 | 0.9567 | 0.9602 | 0.9648 | 0.0214 | 0.9530 | 0.9341 | 0.9382
0977 | 20:12:54 |  40.0s | 1.0e-04 | 0.0164 | 0.9566 | 0.9591 | 0.9641 | 0.0206 | 0.9417 | 0.9485 | 0.9400
0978 | 20:13:47 |  31.2s | 1.0e-04 | 0.0169 | 0.9565 | 0.9601 | 0.9636 | 0.0204 | 0.9433 | 0.9429 | 0.9364
0979 | 20:14:31 |  30.9s | 1.0e-04 | 0.0170 | 0.9570 | 0.9603 | 0.9648 | 0.0201 | 0.9447 | 0.9425 | 0.9377
0980 | 20:15:15 |  31.0s | 1.0e-04 | 0.0166 | 0.9567 | 0.9610 | 0.9647 | 0.0206 | 0.9399 | 0.9492 | 0.9387
0981 | 20:15:59 |  31.5s | 1.0e-04 | 0.0170 | 0.9568 | 0.9601 | 0.9641 | 0.0201 | 0.9360 | 0.9512 | 0.9379
0982 | 20:16:44 |  31.0s | 1.0e-04 | 0.0170 | 0.9559 | 0.9607 | 0.9639 | 0.0207 | 0.9423 | 0.9438 | 0.9361
0983 | 20:17:28 |  39.9s | 1.0e-04 | 0.0170 | 0.9550 | 0.9597 | 0.9623 | 0.0197 | 0.9418 | 0.9480 | 0.9398
0984 | 20:18:21 |  30.6s | 1.0e-04 | 0.0174 | 0.9554 | 0.9590 | 0.9620 | 0.0200 | 0.9501 | 0.9372 | 0.9402
0985 | 20:19:04 |  38.1s | 1.0e-04 | 0.0173 | 0.9548 | 0.9574 | 0.9607 | 0.0206 | 0.9455 | 0.9434 | 0.9394
0986 | 20:19:55 |  30.3s | 1.0e-04 | 0.0173 | 0.9551 | 0.9574 | 0.9608 | 0.0201 | 0.9482 | 0.9440 | 0.9421
0987 | 20:20:39 |  30.5s | 1.0e-04 | 0.0172 | 0.9547 | 0.9570 | 0.9607 | 0.0203 | 0.9466 | 0.9444 | 0.9420
0988 | 20:21:22 |  30.2s | 1.0e-04 | 0.0174 | 0.9554 | 0.9570 | 0.9612 | 0.0204 | 0.9458 | 0.9413 | 0.9367
0989 | 20:22:06 |  30.6s | 1.0e-04 | 0.0171 | 0.9551 | 0.9584 | 0.9620 | 0.0205 | 0.9387 | 0.9487 | 0.9371
0990 | 20:22:49 |  30.6s | 1.0e-04 | 0.0173 | 0.9547 | 0.9569 | 0.9604 | 0.0207 | 0.9384 | 0.9471 | 0.9352
0991 | 20:23:33 |  39.6s | 1.0e-04 | 0.0176 | 0.9544 | 0.9573 | 0.9603 | 0.0202 | 0.9418 | 0.9440 | 0.9359
0992 | 20:24:26 |  30.8s | 1.0e-04 | 0.0175 | 0.9548 | 0.9583 | 0.9612 | 0.0205 | 0.9390 | 0.9445 | 0.9319
0993 | 20:25:10 |  37.6s | 1.0e-04 | 0.0172 | 0.9550 | 0.9584 | 0.9615 | 0.0201 | 0.9433 | 0.9468 | 0.9404
0994 | 20:26:01 |  30.4s | 1.0e-04 | 0.0174 | 0.9542 | 0.9578 | 0.9605 | 0.0203 | 0.9410 | 0.9460 | 0.9362
0995 | 20:26:44 |  30.3s | 1.0e-04 | 0.0169 | 0.9551 | 0.9587 | 0.9613 | 0.0202 | 0.9388 | 0.9479 | 0.9367
0996 | 20:27:27 |  30.3s | 1.0e-04 | 0.0170 | 0.9552 | 0.9584 | 0.9623 | 0.0198 | 0.9402 | 0.9480 | 0.9372
0997 | 20:28:10 |  30.3s | 1.0e-04 | 0.0169 | 0.9558 | 0.9591 | 0.9626 | 0.0204 | 0.9379 | 0.9495 | 0.9376
0998 | 20:28:53 |  38.5s | 1.0e-04 | 0.0172 | 0.9548 | 0.9590 | 0.9615 | 0.0200 | 0.9451 | 0.9428 | 0.9391
0999 | 20:29:45 |  29.8s | 1.0e-04 | 0.0166 | 0.9564 | 0.9594 | 0.9639 | 0.0192 | 0.9422 | 0.9484 | 0.9408
1000 | 20:30:28 |  29.7s | 1.0e-04 | 0.0170 | 0.9557 | 0.9594 | 0.9632 | 0.0207 | 0.9440 | 0.9421 | 0.9363
