Epoch | Time_Start | Duration | LR | T_Loss | T_Prec | T_Rec | T_P@R0.95 | V_Loss | V_Prec | V_Rec | V_P@R0.95
0001 | 15:45:43 |  24.3s | 1.0e-04 | 0.1234 | 0.7430 | 0.5866 | 0.2427 | 0.0781 | 0.8401 | 0.6729 | 0.3541
0002 | 15:46:18 |  12.1s | 1.0e-04 | 0.0820 | 0.8469 | 0.7219 | 0.4083 | 0.0736 | 0.8314 | 0.7426 | 0.3984
0003 | 15:46:41 |  12.0s | 1.0e-04 | 0.0738 | 0.8611 | 0.7538 | 0.4540 | 0.0695 | 0.8543 | 0.7406 | 0.4413
0004 | 15:47:04 |  12.0s | 1.0e-04 | 0.0700 | 0.8647 | 0.7799 | 0.5041 | 0.0701 | 0.7579 | 0.8536 | 0.4770
0005 | 15:47:26 |  12.4s | 1.0e-04 | 0.0622 | 0.8806 | 0.8043 | 0.5425 | 0.0594 | 0.9022 | 0.7501 | 0.4875
0006 | 15:47:51 |  12.5s | 1.0e-04 | 0.0609 | 0.8838 | 0.8117 | 0.5674 | 0.0553 | 0.8769 | 0.8087 | 0.5324
0007 | 15:48:17 |  12.4s | 1.0e-04 | 0.0562 | 0.8916 | 0.8254 | 0.6078 | 0.0544 | 0.8804 | 0.8191 | 0.5915
0008 | 15:48:41 |  12.8s | 1.0e-04 | 0.0549 | 0.8949 | 0.8310 | 0.6243 | 0.0545 | 0.8486 | 0.8417 | 0.5418
0009 | 15:49:05 |  12.7s | 1.0e-04 | 0.0521 | 0.8943 | 0.8391 | 0.6540 | 0.0513 | 0.8724 | 0.8464 | 0.5990
0010 | 15:49:29 |  12.6s | 1.0e-04 | 0.0507 | 0.8993 | 0.8454 | 0.6818 | 0.0462 | 0.8969 | 0.8325 | 0.6917
0011 | 15:49:54 |  12.6s | 1.0e-04 | 0.0495 | 0.9013 | 0.8562 | 0.7143 | 0.0444 | 0.9013 | 0.8289 | 0.6883
0012 | 15:50:21 |  12.4s | 1.0e-04 | 0.0499 | 0.8977 | 0.8522 | 0.7044 | 0.0439 | 0.8823 | 0.8702 | 0.7330
0013 | 15:50:45 |  12.7s | 1.0e-04 | 0.0476 | 0.9038 | 0.8592 | 0.7290 | 0.0451 | 0.9369 | 0.8061 | 0.7629
0014 | 15:51:08 |  12.9s | 1.0e-04 | 0.0458 | 0.9061 | 0.8654 | 0.7522 | 0.0414 | 0.8887 | 0.8763 | 0.7562
0015 | 15:51:33 |  13.1s | 1.0e-04 | 0.0447 | 0.9051 | 0.8622 | 0.7477 | 0.0427 | 0.8893 | 0.8666 | 0.7575
0016 | 15:51:58 |  12.6s | 1.0e-04 | 0.0436 | 0.9033 | 0.8662 | 0.7620 | 0.0417 | 0.9145 | 0.8493 | 0.7560
0017 | 15:52:24 |  12.2s | 1.0e-04 | 0.0435 | 0.9078 | 0.8719 | 0.7728 | 0.0406 | 0.8835 | 0.8746 | 0.7430
0018 | 15:52:49 |  12.6s | 1.0e-04 | 0.0437 | 0.9059 | 0.8701 | 0.7681 | 0.0406 | 0.8822 | 0.8897 | 0.7607
0019 | 15:53:12 |  12.9s | 1.0e-04 | 0.0427 | 0.9083 | 0.8745 | 0.7803 | 0.0394 | 0.8780 | 0.8787 | 0.7528
0020 | 15:53:36 |  13.1s | 1.0e-04 | 0.0415 | 0.9076 | 0.8718 | 0.7807 | 0.0403 | 0.8786 | 0.8976 | 0.7771
0021 | 15:54:01 |  24.5s | 1.0e-04 | 0.0411 | 0.9111 | 0.8784 | 0.7910 | 0.0408 | 0.8849 | 0.8851 | 0.7624
0022 | 15:54:36 |  12.5s | 1.0e-04 | 0.0387 | 0.9131 | 0.8776 | 0.7881 | 0.0402 | 0.9075 | 0.8615 | 0.7706
0023 | 15:55:01 |  12.3s | 1.0e-04 | 0.0361 | 0.9180 | 0.8804 | 0.7992 | 0.0403 | 0.8699 | 0.9024 | 0.7829
0024 | 15:55:27 |  12.4s | 1.0e-04 | 0.0369 | 0.9168 | 0.8826 | 0.8061 | 0.0406 | 0.8812 | 0.9018 | 0.7867
0025 | 15:55:51 |  12.3s | 1.0e-04 | 0.0361 | 0.9179 | 0.8841 | 0.8092 | 0.0375 | 0.9008 | 0.8808 | 0.7944
0026 | 15:56:15 |  12.6s | 1.0e-04 | 0.0354 | 0.9208 | 0.8904 | 0.8254 | 0.0447 | 0.8585 | 0.8939 | 0.7145
0027 | 15:56:39 |  12.4s | 1.0e-04 | 0.0344 | 0.9213 | 0.8927 | 0.8335 | 0.0364 | 0.8985 | 0.8934 | 0.8018
0028 | 15:57:03 |  12.2s | 1.0e-04 | 0.0345 | 0.9197 | 0.8923 | 0.8299 | 0.0358 | 0.8808 | 0.9192 | 0.8260
0029 | 15:57:29 |  12.5s | 1.0e-04 | 0.0327 | 0.9257 | 0.8946 | 0.8396 | 0.0380 | 0.8963 | 0.8937 | 0.8052
0030 | 15:57:54 |  12.3s | 1.0e-04 | 0.0319 | 0.9257 | 0.8978 | 0.8478 | 0.0351 | 0.9233 | 0.8787 | 0.8178
0031 | 15:58:17 |  12.6s | 1.0e-04 | 0.0316 | 0.9250 | 0.8999 | 0.8496 | 0.0342 | 0.8978 | 0.9014 | 0.8120
0032 | 15:58:43 |  12.3s | 1.0e-04 | 0.0315 | 0.9267 | 0.9033 | 0.8601 | 0.0368 | 0.9341 | 0.8546 | 0.8159
0033 | 15:59:07 |  12.4s | 1.0e-04 | 0.0305 | 0.9276 | 0.9050 | 0.8637 | 0.0349 | 0.8950 | 0.9095 | 0.8271
0034 | 15:59:31 |  12.9s | 1.0e-04 | 0.0306 | 0.9244 | 0.9024 | 0.8585 | 0.0334 | 0.9117 | 0.8913 | 0.8182
0035 | 15:59:55 |  12.7s | 1.0e-04 | 0.0310 | 0.9265 | 0.9034 | 0.8630 | 0.0329 | 0.8994 | 0.8998 | 0.8231
0036 | 16:00:20 |  12.1s | 1.0e-04 | 0.0301 | 0.9259 | 0.9059 | 0.8647 | 0.0355 | 0.8755 | 0.9300 | 0.8367
0037 | 16:00:46 |  12.1s | 1.0e-04 | 0.0295 | 0.9280 | 0.9109 | 0.8762 | 0.0354 | 0.9115 | 0.8858 | 0.8107
0038 | 16:01:09 |  12.4s | 1.0e-04 | 0.0289 | 0.9270 | 0.9095 | 0.8710 | 0.0331 | 0.9106 | 0.8904 | 0.8279
0039 | 16:01:33 |  12.6s | 1.0e-04 | 0.0284 | 0.9281 | 0.9090 | 0.8759 | 0.0351 | 0.9054 | 0.8949 | 0.8264
0040 | 16:01:57 |  12.5s | 1.0e-04 | 0.0286 | 0.9312 | 0.9117 | 0.8813 | 0.0331 | 0.8931 | 0.9109 | 0.8207
0041 | 16:02:22 |  12.5s | 1.0e-04 | 0.0278 | 0.9275 | 0.9153 | 0.8843 | 0.0361 | 0.8819 | 0.9187 | 0.8287
0042 | 16:02:48 |  27.5s | 1.0e-04 | 0.0281 | 0.9317 | 0.9146 | 0.8853 | 0.0316 | 0.9171 | 0.8980 | 0.8567
0043 | 16:03:27 |  12.4s | 1.0e-04 | 0.0310 | 0.9314 | 0.9184 | 0.8914 | 0.0325 | 0.9188 | 0.8936 | 0.8434
0044 | 16:03:53 |  12.6s | 1.0e-04 | 0.0288 | 0.9334 | 0.9168 | 0.8904 | 0.0322 | 0.9198 | 0.8918 | 0.8439
0045 | 16:04:18 |  12.6s | 1.0e-04 | 0.0280 | 0.9328 | 0.9210 | 0.8997 | 0.0327 | 0.9382 | 0.8601 | 0.8529
0046 | 16:04:42 |  12.8s | 1.0e-04 | 0.0280 | 0.9309 | 0.9181 | 0.8927 | 0.0314 | 0.9260 | 0.8962 | 0.8603
0047 | 16:05:06 |  12.5s | 1.0e-04 | 0.0281 | 0.9326 | 0.9211 | 0.8988 | 0.0321 | 0.8969 | 0.9279 | 0.8542
0048 | 16:05:30 |  12.3s | 1.0e-04 | 0.0269 | 0.9343 | 0.9250 | 0.9050 | 0.0317 | 0.9284 | 0.8947 | 0.8513
0049 | 16:05:56 |  12.9s | 1.0e-04 | 0.0277 | 0.9340 | 0.9218 | 0.9004 | 0.0316 | 0.9087 | 0.9146 | 0.8561
0050 | 16:06:21 |  12.2s | 1.0e-04 | 0.0275 | 0.9325 | 0.9216 | 0.8973 | 0.0325 | 0.9436 | 0.8710 | 0.8476
0051 | 16:06:45 |  12.7s | 1.0e-04 | 0.0271 | 0.9354 | 0.9222 | 0.9008 | 0.0311 | 0.9161 | 0.9059 | 0.8636
0052 | 16:07:09 |  12.6s | 1.0e-04 | 0.0275 | 0.9338 | 0.9237 | 0.9016 | 0.0306 | 0.9172 | 0.9074 | 0.8529
0053 | 16:07:33 |  12.2s | 1.0e-04 | 0.0267 | 0.9344 | 0.9220 | 0.9018 | 0.0321 | 0.9175 | 0.9070 | 0.8603
0054 | 16:07:58 |  12.3s | 1.0e-04 | 0.0269 | 0.9343 | 0.9247 | 0.9034 | 0.0316 | 0.9067 | 0.9133 | 0.8507
0055 | 16:08:22 |  12.8s | 1.0e-04 | 0.0264 | 0.9357 | 0.9266 | 0.9098 | 0.0307 | 0.9180 | 0.9085 | 0.8586
0056 | 16:08:46 |  12.7s | 1.0e-04 | 0.0267 | 0.9369 | 0.9269 | 0.9096 | 0.0290 | 0.9161 | 0.9163 | 0.8689
0057 | 16:09:10 |  12.9s | 1.0e-04 | 0.0268 | 0.9332 | 0.9238 | 0.9027 | 0.0290 | 0.9111 | 0.9171 | 0.8600
0058 | 16:09:35 |  12.7s | 1.0e-04 | 0.0265 | 0.9363 | 0.9241 | 0.9074 | 0.0308 | 0.9123 | 0.9086 | 0.8550
0059 | 16:09:59 |  12.7s | 1.0e-04 | 0.0267 | 0.9345 | 0.9268 | 0.9081 | 0.0302 | 0.9333 | 0.9009 | 0.8702
0060 | 16:10:23 |  12.5s | 1.0e-04 | 0.0260 | 0.9365 | 0.9264 | 0.9101 | 0.0297 | 0.9305 | 0.8952 | 0.8672
0061 | 16:10:47 |  12.8s | 1.0e-04 | 0.0255 | 0.9367 | 0.9286 | 0.9139 | 0.0304 | 0.9313 | 0.8935 | 0.8595
0062 | 16:11:13 |  12.6s | 1.0e-04 | 0.0262 | 0.9360 | 0.9285 | 0.9131 | 0.0307 | 0.9360 | 0.8859 | 0.8667
0063 | 16:11:39 |  25.1s | 1.0e-04 | 0.0261 | 0.9349 | 0.9279 | 0.9083 | 0.0280 | 0.9307 | 0.9092 | 0.8815
0064 | 16:12:16 |  12.4s | 1.0e-04 | 0.0269 | 0.9352 | 0.9263 | 0.9061 | 0.0306 | 0.9178 | 0.9112 | 0.8669
0065 | 16:12:43 |  12.2s | 1.0e-04 | 0.0275 | 0.9332 | 0.9254 | 0.9040 | 0.0289 | 0.9315 | 0.9029 | 0.8716
0066 | 16:13:07 |  12.2s | 1.0e-04 | 0.0270 | 0.9357 | 0.9241 | 0.9061 | 0.0291 | 0.9446 | 0.8825 | 0.8765
0067 | 16:13:31 |  12.4s | 1.0e-04 | 0.0258 | 0.9366 | 0.9272 | 0.9099 | 0.0294 | 0.9024 | 0.9370 | 0.8810
0068 | 16:13:55 |  12.3s | 1.0e-04 | 0.0271 | 0.9329 | 0.9255 | 0.9076 | 0.0278 | 0.9133 | 0.9236 | 0.8801
0069 | 16:14:18 |  12.0s | 1.0e-04 | 0.0270 | 0.9341 | 0.9243 | 0.9064 | 0.0284 | 0.9158 | 0.9155 | 0.8699
0070 | 16:14:44 |  12.4s | 1.0e-04 | 0.0261 | 0.9336 | 0.9294 | 0.9102 | 0.0302 | 0.9431 | 0.8891 | 0.8834
0071 | 16:15:09 |  12.1s | 1.0e-04 | 0.0261 | 0.9355 | 0.9286 | 0.9120 | 0.0280 | 0.9261 | 0.9168 | 0.8807
0072 | 16:15:33 |  12.2s | 1.0e-04 | 0.0263 | 0.9352 | 0.9298 | 0.9110 | 0.0289 | 0.9069 | 0.9304 | 0.8772
0073 | 16:15:56 |  12.3s | 1.0e-04 | 0.0261 | 0.9336 | 0.9271 | 0.9082 | 0.0280 | 0.9240 | 0.9100 | 0.8758
0074 | 16:16:20 |  12.3s | 1.0e-04 | 0.0256 | 0.9358 | 0.9293 | 0.9120 | 0.0277 | 0.9247 | 0.9237 | 0.8865
0075 | 16:16:45 |  12.0s | 1.0e-04 | 0.0255 | 0.9365 | 0.9305 | 0.9159 | 0.0281 | 0.9181 | 0.9259 | 0.8886
0076 | 16:17:10 |  12.9s | 1.0e-04 | 0.0255 | 0.9366 | 0.9288 | 0.9139 | 0.0275 | 0.9251 | 0.9237 | 0.8891
0077 | 16:17:34 |  12.4s | 1.0e-04 | 0.0255 | 0.9372 | 0.9293 | 0.9149 | 0.0281 | 0.9339 | 0.8997 | 0.8803
0078 | 16:17:58 |  12.4s | 1.0e-04 | 0.0260 | 0.9357 | 0.9294 | 0.9126 | 0.0300 | 0.8927 | 0.9443 | 0.8826
0079 | 16:18:21 |  12.2s | 1.0e-04 | 0.0260 | 0.9347 | 0.9293 | 0.9120 | 0.0275 | 0.9168 | 0.9270 | 0.8884
0080 | 16:18:45 |  11.9s | 1.0e-04 | 0.0260 | 0.9351 | 0.9286 | 0.9120 | 0.0284 | 0.9174 | 0.9225 | 0.8806
0081 | 16:19:11 |  12.4s | 1.0e-04 | 0.0256 | 0.9366 | 0.9292 | 0.9117 | 0.0272 | 0.9203 | 0.9231 | 0.8880
0082 | 16:19:35 |  12.2s | 1.0e-04 | 0.0254 | 0.9379 | 0.9314 | 0.9172 | 0.0271 | 0.9141 | 0.9385 | 0.8981
0083 | 16:20:00 |  12.2s | 1.0e-04 | 0.0251 | 0.9350 | 0.9288 | 0.9120 | 0.0283 | 0.9337 | 0.9033 | 0.8813
0084 | 16:20:26 |  24.0s | 1.0e-04 | 0.0248 | 0.9369 | 0.9324 | 0.9192 | 0.0296 | 0.9269 | 0.9055 | 0.8681
0085 | 16:21:03 |  12.7s | 1.0e-04 | 0.0243 | 0.9376 | 0.9353 | 0.9228 | 0.0279 | 0.9121 | 0.9326 | 0.8880
0086 | 16:21:29 |  12.6s | 1.0e-04 | 0.0240 | 0.9391 | 0.9353 | 0.9225 | 0.0276 | 0.9197 | 0.9311 | 0.8985
0087 | 16:21:53 |  12.8s | 1.0e-04 | 0.0244 | 0.9393 | 0.9363 | 0.9242 | 0.0276 | 0.9388 | 0.8891 | 0.8752
0088 | 16:22:17 |  12.9s | 1.0e-04 | 0.0249 | 0.9373 | 0.9317 | 0.9176 | 0.0263 | 0.9392 | 0.9085 | 0.8922
0089 | 16:22:42 |  12.8s | 1.0e-04 | 0.0241 | 0.9413 | 0.9364 | 0.9254 | 0.0266 | 0.9377 | 0.9064 | 0.8875
0090 | 16:23:06 |  13.0s | 1.0e-04 | 0.0245 | 0.9387 | 0.9352 | 0.9219 | 0.0272 | 0.9284 | 0.9193 | 0.8901
0091 | 16:23:32 |  12.6s | 1.0e-04 | 0.0241 | 0.9390 | 0.9347 | 0.9216 | 0.0259 | 0.9282 | 0.9250 | 0.9002
0092 | 16:23:58 |  12.9s | 1.0e-04 | 0.0311 | 0.9389 | 0.9363 | 0.9236 | 0.0273 | 0.9345 | 0.9132 | 0.8882
0093 | 16:24:22 |  12.8s | 1.0e-04 | 0.0243 | 0.9402 | 0.9341 | 0.9246 | 0.0291 | 0.9306 | 0.9037 | 0.8738
0094 | 16:24:46 |  12.9s | 1.0e-04 | 0.0237 | 0.9400 | 0.9375 | 0.9257 | 0.0271 | 0.9161 | 0.9288 | 0.8847
0095 | 16:25:10 |  12.6s | 1.0e-04 | 0.0237 | 0.9395 | 0.9365 | 0.9269 | 0.0267 | 0.9065 | 0.9406 | 0.8936
0096 | 16:25:35 |  12.5s | 1.0e-04 | 0.0236 | 0.9400 | 0.9375 | 0.9260 | 0.0266 | 0.9402 | 0.9043 | 0.8928
0097 | 16:26:01 |  12.5s | 1.0e-04 | 0.0242 | 0.9402 | 0.9351 | 0.9225 | 0.0266 | 0.9201 | 0.9248 | 0.8843
0098 | 16:26:25 |  13.0s | 1.0e-04 | 0.0238 | 0.9398 | 0.9354 | 0.9248 | 0.0264 | 0.9329 | 0.9152 | 0.8874
0099 | 16:26:49 |  12.9s | 1.0e-04 | 0.0229 | 0.9424 | 0.9381 | 0.9301 | 0.0268 | 0.9147 | 0.9365 | 0.8896
0100 | 16:27:14 |  12.9s | 1.0e-04 | 0.0238 | 0.9404 | 0.9372 | 0.9273 | 0.0271 | 0.9291 | 0.9138 | 0.8908
0101 | 16:27:38 |  12.6s | 1.0e-04 | 0.0237 | 0.9423 | 0.9371 | 0.9290 | 0.0257 | 0.9220 | 0.9295 | 0.8942
0102 | 16:28:05 |  12.7s | 1.0e-04 | 0.0235 | 0.9419 | 0.9358 | 0.9258 | 0.0268 | 0.9396 | 0.9101 | 0.8957
0103 | 16:28:30 |  12.6s | 1.0e-04 | 0.0237 | 0.9391 | 0.9368 | 0.9257 | 0.0278 | 0.9415 | 0.9026 | 0.8915
0104 | 16:28:54 |  12.8s | 1.0e-04 | 0.0236 | 0.9403 | 0.9364 | 0.9254 | 0.0268 | 0.9420 | 0.9070 | 0.8938
0105 | 16:29:18 |  29.7s | 1.0e-04 | 0.0247 | 0.9375 | 0.9374 | 0.9234 | 0.0265 | 0.9325 | 0.9124 | 0.8912
0106 | 16:30:00 |  12.8s | 1.0e-04 | 0.0241 | 0.9410 | 0.9368 | 0.9266 | 0.0266 | 0.9250 | 0.9248 | 0.8934
0107 | 16:30:24 |  12.7s | 1.0e-04 | 0.0243 | 0.9400 | 0.9353 | 0.9226 | 0.0290 | 0.9071 | 0.9441 | 0.8967
0108 | 16:30:48 |  12.6s | 1.0e-04 | 0.0235 | 0.9393 | 0.9348 | 0.9231 | 0.0265 | 0.9112 | 0.9339 | 0.8900
0109 | 16:31:12 |  12.8s | 1.0e-04 | 0.0241 | 0.9391 | 0.9343 | 0.9226 | 0.0244 | 0.9235 | 0.9394 | 0.9093
0110 | 16:31:36 |  12.6s | 1.0e-04 | 0.0234 | 0.9398 | 0.9371 | 0.9261 | 0.0281 | 0.9114 | 0.9290 | 0.8816
0111 | 16:32:00 |  12.6s | 1.0e-04 | 0.0237 | 0.9390 | 0.9366 | 0.9257 | 0.0275 | 0.9287 | 0.9258 | 0.9018
0112 | 16:32:25 |  12.5s | 1.0e-04 | 0.0241 | 0.9397 | 0.9336 | 0.9215 | 0.0247 | 0.9382 | 0.9183 | 0.8949
0113 | 16:32:48 |  12.5s | 1.0e-04 | 0.0235 | 0.9400 | 0.9387 | 0.9275 | 0.0270 | 0.9241 | 0.9227 | 0.8863
0114 | 16:33:12 |  12.6s | 1.0e-04 | 0.0241 | 0.9414 | 0.9363 | 0.9260 | 0.0250 | 0.9362 | 0.9210 | 0.8999
0115 | 16:33:36 |  12.7s | 1.0e-04 | 0.0240 | 0.9388 | 0.9363 | 0.9252 | 0.0275 | 0.9441 | 0.8952 | 0.8841
0116 | 16:34:00 |  12.7s | 1.0e-04 | 0.0242 | 0.9397 | 0.9356 | 0.9251 | 0.0248 | 0.9360 | 0.9201 | 0.9014
0117 | 16:34:25 |  12.3s | 1.0e-04 | 0.0241 | 0.9390 | 0.9398 | 0.9283 | 0.0257 | 0.9188 | 0.9261 | 0.8894
0118 | 16:34:51 |  12.2s | 1.0e-04 | 0.0234 | 0.9394 | 0.9371 | 0.9261 | 0.0259 | 0.9232 | 0.9304 | 0.8968
0119 | 16:35:14 |  12.7s | 1.0e-04 | 0.0237 | 0.9392 | 0.9361 | 0.9245 | 0.0276 | 0.9234 | 0.9303 | 0.8963
0120 | 16:35:38 |  13.1s | 1.0e-04 | 0.0240 | 0.9398 | 0.9390 | 0.9293 | 0.0257 | 0.9143 | 0.9346 | 0.8959
0121 | 16:36:02 |  12.5s | 1.0e-04 | 0.0243 | 0.9392 | 0.9364 | 0.9243 | 0.0274 | 0.9458 | 0.9026 | 0.9066
0122 | 16:36:27 |  12.3s | 1.0e-04 | 0.0235 | 0.9413 | 0.9380 | 0.9276 | 0.0258 | 0.9279 | 0.9222 | 0.8942
0123 | 16:36:52 |  12.6s | 1.0e-04 | 0.0236 | 0.9397 | 0.9375 | 0.9267 | 0.0262 | 0.9146 | 0.9383 | 0.8970
0124 | 16:37:17 |  13.2s | 1.0e-04 | 0.0240 | 0.9395 | 0.9365 | 0.9247 | 0.0273 | 0.9272 | 0.9246 | 0.8935
0125 | 16:37:42 |  12.9s | 1.0e-04 | 0.0235 | 0.9391 | 0.9356 | 0.9223 | 0.0253 | 0.9412 | 0.9095 | 0.9014
0126 | 16:38:10 |  12.5s | 1.0e-04 | 0.0232 | 0.9425 | 0.9431 | 0.9364 | 0.0270 | 0.9317 | 0.9141 | 0.8957
0127 | 16:38:34 |  12.5s | 1.0e-04 | 0.0234 | 0.9430 | 0.9430 | 0.9363 | 0.0262 | 0.9261 | 0.9218 | 0.8911
0128 | 16:38:57 |  12.2s | 1.0e-04 | 0.0237 | 0.9441 | 0.9416 | 0.9348 | 0.0261 | 0.9266 | 0.9328 | 0.9092
0129 | 16:39:23 |  12.1s | 1.0e-04 | 0.0232 | 0.9429 | 0.9433 | 0.9364 | 0.0268 | 0.9074 | 0.9413 | 0.8931
0130 | 16:39:48 |  12.2s | 1.0e-04 | 0.0232 | 0.9423 | 0.9435 | 0.9366 | 0.0263 | 0.9215 | 0.9374 | 0.9025
0131 | 16:40:11 |  12.6s | 1.0e-04 | 0.0234 | 0.9442 | 0.9437 | 0.9382 | 0.0266 | 0.9219 | 0.9319 | 0.8968
0132 | 16:40:35 |  12.5s | 1.0e-04 | 0.0240 | 0.9426 | 0.9412 | 0.9334 | 0.0256 | 0.9300 | 0.9304 | 0.9043
0133 | 16:40:58 |  12.2s | 1.0e-04 | 0.0232 | 0.9430 | 0.9436 | 0.9370 | 0.0271 | 0.9266 | 0.9235 | 0.8872
0134 | 16:41:23 |  12.7s | 1.0e-04 | 0.0234 | 0.9427 | 0.9417 | 0.9352 | 0.0257 | 0.9314 | 0.9269 | 0.9056
0135 | 16:41:47 |  12.3s | 1.0e-04 | 0.0230 | 0.9432 | 0.9439 | 0.9374 | 0.0266 | 0.9255 | 0.9247 | 0.8927
0136 | 16:42:10 |  12.2s | 1.0e-04 | 0.0229 | 0.9439 | 0.9456 | 0.9390 | 0.0246 | 0.9371 | 0.9207 | 0.9071
0137 | 16:42:34 |  12.1s | 1.0e-04 | 0.0223 | 0.9454 | 0.9468 | 0.9421 | 0.0257 | 0.9246 | 0.9256 | 0.8980
0138 | 16:43:00 |  12.0s | 1.0e-04 | 0.0235 | 0.9430 | 0.9439 | 0.9367 | 0.0260 | 0.9292 | 0.9243 | 0.8943
0139 | 16:43:23 |  12.2s | 1.0e-04 | 0.0230 | 0.9444 | 0.9455 | 0.9401 | 0.0253 | 0.9304 | 0.9200 | 0.8954
0140 | 16:43:46 |  12.3s | 1.0e-04 | 0.0235 | 0.9422 | 0.9442 | 0.9368 | 0.0268 | 0.9032 | 0.9506 | 0.9039
0141 | 16:44:09 |  12.3s | 1.0e-04 | 0.0227 | 0.9447 | 0.9428 | 0.9365 | 0.0253 | 0.9268 | 0.9291 | 0.9084
0142 | 16:44:34 |  12.1s | 1.0e-04 | 0.0224 | 0.9464 | 0.9444 | 0.9418 | 0.0258 | 0.9287 | 0.9259 | 0.8981
0143 | 16:44:57 |  12.3s | 1.0e-04 | 0.0233 | 0.9434 | 0.9409 | 0.9349 | 0.0278 | 0.9468 | 0.8948 | 0.8906
0144 | 16:45:21 |  12.6s | 1.0e-04 | 0.0230 | 0.9438 | 0.9447 | 0.9400 | 0.0240 | 0.9358 | 0.9273 | 0.9109
0145 | 16:45:44 |  12.5s | 1.0e-04 | 0.0231 | 0.9447 | 0.9440 | 0.9389 | 0.0257 | 0.9210 | 0.9333 | 0.8944
0146 | 16:46:08 |  29.8s | 1.0e-04 | 0.0230 | 0.9433 | 0.9447 | 0.9385 | 0.0262 | 0.9307 | 0.9159 | 0.8891
0147 | 16:46:49 |  12.7s | 1.0e-04 | 0.0230 | 0.9406 | 0.9364 | 0.9250 | 0.0272 | 0.9469 | 0.8983 | 0.8972
0148 | 16:47:12 |  12.8s | 1.0e-04 | 0.0220 | 0.9417 | 0.9382 | 0.9289 | 0.0270 | 0.9137 | 0.9362 | 0.8971
0149 | 16:47:37 |  12.7s | 1.0e-04 | 0.0219 | 0.9423 | 0.9398 | 0.9313 | 0.0255 | 0.9220 | 0.9397 | 0.9051
0150 | 16:48:01 |  12.7s | 1.0e-04 | 0.0223 | 0.9408 | 0.9381 | 0.9273 | 0.0258 | 0.9286 | 0.9319 | 0.9036
0151 | 16:48:25 |  12.9s | 1.0e-04 | 0.0225 | 0.9387 | 0.9393 | 0.9280 | 0.0239 | 0.9370 | 0.9263 | 0.9054
0152 | 16:48:49 |  12.7s | 1.0e-04 | 0.0222 | 0.9404 | 0.9377 | 0.9281 | 0.0256 | 0.9373 | 0.9210 | 0.9041
0153 | 16:49:12 |  12.6s | 1.0e-04 | 0.0214 | 0.9406 | 0.9413 | 0.9326 | 0.0255 | 0.9333 | 0.9243 | 0.9051
0154 | 16:49:38 |  13.0s | 1.0e-04 | 0.0219 | 0.9408 | 0.9400 | 0.9312 | 0.0246 | 0.9291 | 0.9320 | 0.9064
0155 | 16:50:04 |  12.4s | 1.0e-04 | 0.0220 | 0.9422 | 0.9376 | 0.9292 | 0.0256 | 0.9215 | 0.9318 | 0.8965
0156 | 16:50:30 |  12.3s | 1.0e-04 | 0.0219 | 0.9396 | 0.9386 | 0.9270 | 0.0265 | 0.9008 | 0.9489 | 0.8989
0157 | 16:50:54 |  12.9s | 1.0e-04 | 0.0219 | 0.9406 | 0.9379 | 0.9279 | 0.0248 | 0.9221 | 0.9421 | 0.9102
0158 | 16:51:17 |  12.9s | 1.0e-04 | 0.0224 | 0.9391 | 0.9356 | 0.9247 | 0.0260 | 0.9361 | 0.9165 | 0.8961
0159 | 16:51:41 |  13.1s | 1.0e-04 | 0.0221 | 0.9423 | 0.9385 | 0.9300 | 0.0248 | 0.9110 | 0.9492 | 0.9106
0160 | 16:52:10 |  12.6s | 1.0e-04 | 0.0222 | 0.9402 | 0.9382 | 0.9281 | 0.0248 | 0.9370 | 0.9186 | 0.9034
0161 | 16:52:34 |  12.7s | 1.0e-04 | 0.0224 | 0.9414 | 0.9376 | 0.9273 | 0.0244 | 0.9315 | 0.9279 | 0.9091
0162 | 16:52:59 |  12.7s | 1.0e-04 | 0.0216 | 0.9423 | 0.9398 | 0.9315 | 0.0257 | 0.9134 | 0.9485 | 0.9102
0163 | 16:53:22 |  12.9s | 1.0e-04 | 0.0221 | 0.9410 | 0.9380 | 0.9286 | 0.0257 | 0.9177 | 0.9378 | 0.9019
0164 | 16:53:46 |  13.1s | 1.0e-04 | 0.0225 | 0.9416 | 0.9381 | 0.9264 | 0.0253 | 0.9251 | 0.9272 | 0.8954
0165 | 16:54:12 |  12.3s | 1.0e-04 | 0.0216 | 0.9422 | 0.9404 | 0.9326 | 0.0256 | 0.9309 | 0.9314 | 0.9113
0166 | 16:54:38 |  12.6s | 1.0e-04 | 0.0216 | 0.9416 | 0.9396 | 0.9318 | 0.0247 | 0.9377 | 0.9184 | 0.9026
0167 | 16:55:02 |  24.7s | 1.0e-04 | 0.0221 | 0.9429 | 0.9386 | 0.9306 | 0.0246 | 0.9296 | 0.9369 | 0.9130
0168 | 16:55:41 |  12.2s | 1.0e-04 | 0.0221 | 0.9446 | 0.9435 | 0.9382 | 0.0237 | 0.9291 | 0.9331 | 0.9086
0169 | 16:56:06 |  12.5s | 1.0e-04 | 0.0220 | 0.9459 | 0.9440 | 0.9399 | 0.0247 | 0.9281 | 0.9358 | 0.9101
0170 | 16:56:30 |  12.7s | 1.0e-04 | 0.0222 | 0.9445 | 0.9449 | 0.9397 | 0.0255 | 0.9220 | 0.9395 | 0.9046
0171 | 16:56:54 |  13.0s | 1.0e-04 | 0.0223 | 0.9445 | 0.9435 | 0.9371 | 0.0265 | 0.9169 | 0.9324 | 0.8907
0172 | 16:57:19 |  14.1s | 1.0e-04 | 0.0216 | 0.9458 | 0.9453 | 0.9419 | 0.0256 | 0.9281 | 0.9260 | 0.9001
0173 | 16:57:52 |  15.0s | 1.0e-04 | 0.0215 | 0.9450 | 0.9461 | 0.9416 | 0.0231 | 0.9300 | 0.9392 | 0.9152
0174 | 16:58:25 |  15.0s | 1.0e-04 | 0.0218 | 0.9461 | 0.9459 | 0.9416 | 0.0242 | 0.9327 | 0.9311 | 0.9127
0175 | 16:58:58 |  15.2s | 1.0e-04 | 0.0219 | 0.9447 | 0.9444 | 0.9384 | 0.0241 | 0.9383 | 0.9243 | 0.9079
0176 | 16:59:31 |  15.1s | 1.0e-04 | 0.0219 | 0.9460 | 0.9428 | 0.9383 | 0.0246 | 0.9321 | 0.9239 | 0.9007
0177 | 17:00:04 |  15.7s | 1.0e-04 | 0.0211 | 0.9465 | 0.9448 | 0.9408 | 0.0246 | 0.9363 | 0.9151 | 0.9068
0178 | 17:00:38 |  15.2s | 1.0e-04 | 0.0215 | 0.9468 | 0.9451 | 0.9426 | 0.0266 | 0.9394 | 0.9210 | 0.9091
0179 | 17:01:11 |  15.5s | 1.0e-04 | 0.0214 | 0.9463 | 0.9444 | 0.9416 | 0.0261 | 0.9173 | 0.9374 | 0.9029
0180 | 17:01:45 |  15.1s | 1.0e-04 | 0.0214 | 0.9458 | 0.9456 | 0.9417 | 0.0254 | 0.9303 | 0.9239 | 0.9024
0181 | 17:02:19 |  15.8s | 1.0e-04 | 0.0219 | 0.9450 | 0.9447 | 0.9399 | 0.0253 | 0.9242 | 0.9329 | 0.9037
0182 | 17:02:53 |  15.1s | 1.0e-04 | 0.0217 | 0.9444 | 0.9427 | 0.9382 | 0.0248 | 0.9354 | 0.9206 | 0.9020
0183 | 17:03:26 |  15.1s | 1.0e-04 | 0.0215 | 0.9464 | 0.9429 | 0.9395 | 0.0253 | 0.9183 | 0.9392 | 0.9046
0184 | 17:03:59 |  15.4s | 1.0e-04 | 0.0219 | 0.9443 | 0.9416 | 0.9346 | 0.0255 | 0.9437 | 0.9049 | 0.9008
0185 | 17:04:34 |  15.0s | 1.0e-04 | 0.0216 | 0.9459 | 0.9441 | 0.9399 | 0.0249 | 0.9327 | 0.9303 | 0.9077
0186 | 17:05:07 |  14.9s | 1.0e-04 | 0.0212 | 0.9453 | 0.9465 | 0.9417 | 0.0250 | 0.9256 | 0.9366 | 0.9128
0187 | 17:05:40 |  15.3s | 1.0e-04 | 0.0221 | 0.9449 | 0.9440 | 0.9391 | 0.0246 | 0.9233 | 0.9329 | 0.9058
0188 | 17:06:13 |  31.9s | 1.0e-04 | 0.0210 | 0.9465 | 0.9454 | 0.9417 | 0.0252 | 0.9237 | 0.9396 | 0.9082
0189 | 17:07:04 |  14.3s | 1.0e-04 | 0.0215 | 0.9450 | 0.9445 | 0.9397 | 0.0247 | 0.9324 | 0.9243 | 0.9048
0190 | 17:07:36 |  15.2s | 1.0e-04 | 0.0212 | 0.9448 | 0.9476 | 0.9425 | 0.0248 | 0.9406 | 0.9231 | 0.9093
0191 | 17:08:09 |  15.3s | 1.0e-04 | 0.0214 | 0.9464 | 0.9462 | 0.9432 | 0.0278 | 0.9004 | 0.9534 | 0.9064
0192 | 17:08:42 |  15.8s | 1.0e-04 | 0.0216 | 0.9456 | 0.9466 | 0.9422 | 0.0242 | 0.9301 | 0.9352 | 0.9126
0193 | 17:09:16 |  15.7s | 1.0e-04 | 0.0214 | 0.9441 | 0.9449 | 0.9400 | 0.0252 | 0.9388 | 0.9099 | 0.8965
0194 | 17:09:50 |  15.2s | 1.0e-04 | 0.0210 | 0.9467 | 0.9467 | 0.9436 | 0.0253 | 0.9506 | 0.9034 | 0.9052
0195 | 17:10:23 |  15.1s | 1.0e-04 | 0.0212 | 0.9472 | 0.9481 | 0.9455 | 0.0252 | 0.9211 | 0.9366 | 0.9043
0196 | 17:10:56 |  14.6s | 1.0e-04 | 0.0207 | 0.9463 | 0.9488 | 0.9452 | 0.0264 | 0.9231 | 0.9321 | 0.8956
0197 | 17:11:29 |  15.5s | 1.0e-04 | 0.0209 | 0.9464 | 0.9463 | 0.9429 | 0.0235 | 0.9344 | 0.9270 | 0.9098
0198 | 17:12:03 |  15.6s | 1.0e-04 | 0.0213 | 0.9445 | 0.9463 | 0.9413 | 0.0244 | 0.9383 | 0.9308 | 0.9186
0199 | 17:12:36 |  15.4s | 1.0e-04 | 0.0208 | 0.9479 | 0.9472 | 0.9457 | 0.0245 | 0.9306 | 0.9314 | 0.9085
0200 | 17:13:09 |  15.6s | 1.0e-04 | 0.0215 | 0.9462 | 0.9455 | 0.9418 | 0.0253 | 0.9276 | 0.9343 | 0.9065
0201 | 17:13:43 |  15.0s | 1.0e-04 | 0.0203 | 0.9470 | 0.9477 | 0.9452 | 0.0249 | 0.9299 | 0.9319 | 0.9054
0202 | 17:14:15 |  14.0s | 1.0e-04 | 0.0212 | 0.9454 | 0.9473 | 0.9425 | 0.0256 | 0.9139 | 0.9500 | 0.9139
0203 | 17:14:48 |  14.8s | 1.0e-04 | 0.0207 | 0.9472 | 0.9472 | 0.9446 | 0.0249 | 0.9234 | 0.9391 | 0.9089
0204 | 17:15:21 |  15.0s | 1.0e-04 | 0.0213 | 0.9455 | 0.9474 | 0.9429 | 0.0238 | 0.9377 | 0.9319 | 0.9145
0205 | 17:15:53 |  15.2s | 1.0e-04 | 0.0210 | 0.9464 | 0.9467 | 0.9432 | 0.0235 | 0.9346 | 0.9379 | 0.9223
0206 | 17:16:25 |  15.7s | 1.0e-04 | 0.0216 | 0.9457 | 0.9468 | 0.9427 | 0.0262 | 0.9342 | 0.9230 | 0.9030
0207 | 17:16:59 |  15.3s | 1.0e-04 | 0.0208 | 0.9467 | 0.9458 | 0.9431 | 0.0253 | 0.9228 | 0.9339 | 0.9011
0208 | 17:17:32 |  15.3s | 1.0e-04 | 0.0210 | 0.9460 | 0.9483 | 0.9441 | 0.0236 | 0.9461 | 0.9176 | 0.9111
0209 | 17:18:05 |  34.0s | 1.0e-04 | 0.0218 | 0.9449 | 0.9453 | 0.9405 | 0.0263 | 0.9152 | 0.9430 | 0.9047
0210 | 17:18:58 |  14.8s | 1.0e-04 | 0.0225 | 0.9422 | 0.9426 | 0.9352 | 0.0237 | 0.9222 | 0.9362 | 0.9030
0211 | 17:19:31 |  15.3s | 1.0e-04 | 0.0219 | 0.9435 | 0.9436 | 0.9365 | 0.0241 | 0.9306 | 0.9370 | 0.9144
0212 | 17:20:04 |  15.0s | 1.0e-04 | 0.0221 | 0.9446 | 0.9438 | 0.9382 | 0.0246 | 0.9378 | 0.9239 | 0.9114
0213 | 17:20:37 |  15.5s | 1.0e-04 | 0.0232 | 0.9403 | 0.9410 | 0.9316 | 0.0247 | 0.9141 | 0.9473 | 0.9096
0214 | 17:21:11 |  15.4s | 1.0e-04 | 0.0226 | 0.9427 | 0.9433 | 0.9374 | 0.0227 | 0.9299 | 0.9335 | 0.9119
0215 | 17:21:44 |  14.8s | 1.0e-04 | 0.0216 | 0.9441 | 0.9465 | 0.9409 | 0.0252 | 0.9288 | 0.9355 | 0.9115
0216 | 17:22:18 |  14.9s | 1.0e-04 | 0.0222 | 0.9446 | 0.9410 | 0.9352 | 0.0245 | 0.9325 | 0.9345 | 0.9147
0217 | 17:22:51 |  15.2s | 1.0e-04 | 0.0224 | 0.9420 | 0.9435 | 0.9358 | 0.0239 | 0.9240 | 0.9392 | 0.9117
0218 | 17:23:24 |  15.3s | 1.0e-04 | 0.0225 | 0.9424 | 0.9418 | 0.9341 | 0.0234 | 0.9199 | 0.9464 | 0.9155
0219 | 17:23:58 |  15.0s | 1.0e-04 | 0.0218 | 0.9463 | 0.9445 | 0.9400 | 0.0237 | 0.9374 | 0.9227 | 0.9123
0220 | 17:24:31 |  15.6s | 1.0e-04 | 0.0221 | 0.9430 | 0.9418 | 0.9349 | 0.0234 | 0.9304 | 0.9392 | 0.9148
0221 | 17:25:04 |  15.5s | 1.0e-04 | 0.0219 | 0.9445 | 0.9424 | 0.9369 | 0.0243 | 0.9208 | 0.9409 | 0.9098
0222 | 17:25:38 |  15.1s | 1.0e-04 | 0.0221 | 0.9434 | 0.9437 | 0.9366 | 0.0229 | 0.9359 | 0.9216 | 0.9044
0223 | 17:26:11 |  15.0s | 1.0e-04 | 0.0225 | 0.9429 | 0.9434 | 0.9365 | 0.0246 | 0.9241 | 0.9393 | 0.9115
0224 | 17:26:44 |  14.9s | 1.0e-04 | 0.0223 | 0.9435 | 0.9433 | 0.9372 | 0.0239 | 0.9377 | 0.9283 | 0.9166
0225 | 17:27:18 |  15.3s | 1.0e-04 | 0.0218 | 0.9433 | 0.9440 | 0.9380 | 0.0257 | 0.9255 | 0.9339 | 0.9049
0226 | 17:27:51 |  14.9s | 1.0e-04 | 0.0223 | 0.9441 | 0.9450 | 0.9399 | 0.0236 | 0.9297 | 0.9446 | 0.9232
0227 | 17:28:24 |  15.5s | 1.0e-04 | 0.0225 | 0.9428 | 0.9410 | 0.9339 | 0.0243 | 0.9299 | 0.9363 | 0.9141
0228 | 17:28:57 |  15.7s | 1.0e-04 | 0.0218 | 0.9442 | 0.9458 | 0.9411 | 0.0250 | 0.9243 | 0.9305 | 0.9006
0229 | 17:29:30 |  15.4s | 1.0e-04 | 0.0225 | 0.9431 | 0.9424 | 0.9358 | 0.0236 | 0.9282 | 0.9320 | 0.9052
0230 | 17:30:04 |  37.1s | 1.0e-04 | 0.0204 | 0.9461 | 0.9466 | 0.9431 | 0.0242 | 0.9409 | 0.9301 | 0.9200
0231 | 17:30:59 |  15.6s | 1.0e-04 | 0.0207 | 0.9438 | 0.9460 | 0.9404 | 0.0233 | 0.9225 | 0.9469 | 0.9182
0232 | 17:31:32 |  15.0s | 1.0e-04 | 0.0206 | 0.9470 | 0.9482 | 0.9457 | 0.0252 | 0.9206 | 0.9366 | 0.9033
0233 | 17:32:06 |  15.5s | 1.0e-04 | 0.0204 | 0.9480 | 0.9482 | 0.9461 | 0.0235 | 0.9337 | 0.9316 | 0.9149
0234 | 17:32:40 |  13.9s | 1.0e-04 | 0.0202 | 0.9467 | 0.9474 | 0.9443 | 0.0247 | 0.9266 | 0.9349 | 0.9090
0235 | 17:33:05 |  12.9s | 1.0e-04 | 0.0205 | 0.9465 | 0.9476 | 0.9436 | 0.0245 | 0.9274 | 0.9445 | 0.9198
0236 | 17:33:29 |  12.3s | 1.0e-04 | 0.0203 | 0.9479 | 0.9443 | 0.9431 | 0.0244 | 0.9250 | 0.9409 | 0.9144
0237 | 17:33:55 |  12.4s | 1.0e-04 | 0.0202 | 0.9476 | 0.9486 | 0.9462 | 0.0235 | 0.9252 | 0.9408 | 0.9137
0238 | 17:34:20 |  12.5s | 1.0e-04 | 0.0201 | 0.9467 | 0.9485 | 0.9452 | 0.0243 | 0.9343 | 0.9252 | 0.9063
0239 | 17:34:44 |  12.5s | 1.0e-04 | 0.0206 | 0.9469 | 0.9448 | 0.9422 | 0.0233 | 0.9308 | 0.9382 | 0.9169
0240 | 17:35:08 |  12.8s | 1.0e-04 | 0.0206 | 0.9468 | 0.9457 | 0.9428 | 0.0237 | 0.9322 | 0.9326 | 0.9082
0241 | 17:35:32 |  12.4s | 1.0e-04 | 0.0202 | 0.9475 | 0.9474 | 0.9445 | 0.0265 | 0.9363 | 0.9104 | 0.8907
0242 | 17:35:57 |  12.5s | 1.0e-04 | 0.0203 | 0.9472 | 0.9477 | 0.9449 | 0.0233 | 0.9253 | 0.9429 | 0.9160
0243 | 17:36:23 |  12.1s | 1.0e-04 | 0.0204 | 0.9460 | 0.9473 | 0.9439 | 0.0236 | 0.9377 | 0.9283 | 0.9103
0244 | 17:36:47 |  12.5s | 1.0e-04 | 0.0200 | 0.9485 | 0.9472 | 0.9453 | 0.0231 | 0.9286 | 0.9401 | 0.9155
0245 | 17:37:10 |  12.7s | 1.0e-04 | 0.0205 | 0.9460 | 0.9463 | 0.9424 | 0.0247 | 0.9432 | 0.9190 | 0.9127
0246 | 17:37:34 |  12.3s | 1.0e-04 | 0.0207 | 0.9467 | 0.9466 | 0.9432 | 0.0232 | 0.9307 | 0.9423 | 0.9211
0247 | 17:38:00 |  12.7s | 1.0e-04 | 0.0196 | 0.9466 | 0.9491 | 0.9457 | 0.0232 | 0.9158 | 0.9496 | 0.9157
0248 | 17:38:26 |  12.5s | 1.0e-04 | 0.0207 | 0.9453 | 0.9461 | 0.9418 | 0.0245 | 0.9272 | 0.9401 | 0.9171
0249 | 17:38:49 |  12.7s | 1.0e-04 | 0.0199 | 0.9470 | 0.9488 | 0.9459 | 0.0252 | 0.9200 | 0.9433 | 0.9113
0250 | 17:39:13 |  12.7s | 1.0e-04 | 0.0205 | 0.9464 | 0.9486 | 0.9453 | 0.0245 | 0.9334 | 0.9295 | 0.9116
0251 | 17:39:40 |  14.0s | 1.0e-04 | 0.0204 | 0.9476 | 0.9464 | 0.9439 | 0.0237 | 0.9322 | 0.9368 | 0.9158
0252 | 17:40:06 |  12.4s | 1.0e-04 | 0.0204 | 0.9463 | 0.9464 | 0.9429 | 0.0246 | 0.9411 | 0.9218 | 0.9146
0253 | 17:40:33 |  12.5s | 1.0e-04 | 0.0206 | 0.9470 | 0.9460 | 0.9429 | 0.0248 | 0.9398 | 0.9211 | 0.9085
0254 | 17:40:56 |  12.8s | 1.0e-04 | 0.0203 | 0.9464 | 0.9458 | 0.9425 | 0.0242 | 0.9424 | 0.9182 | 0.9058
0255 | 17:41:20 |  12.9s | 1.0e-04 | 0.0206 | 0.9451 | 0.9461 | 0.9411 | 0.0247 | 0.9406 | 0.9149 | 0.9099
0256 | 17:41:44 |  12.9s | 1.0e-04 | 0.0208 | 0.9452 | 0.9442 | 0.9399 | 0.0239 | 0.9228 | 0.9400 | 0.9122
0257 | 17:42:10 |  12.4s | 1.0e-04 | 0.0205 | 0.9467 | 0.9446 | 0.9410 | 0.0232 | 0.9404 | 0.9235 | 0.9131
0258 | 17:42:36 |  12.8s | 1.0e-04 | 0.0207 | 0.9457 | 0.9453 | 0.9408 | 0.0242 | 0.9197 | 0.9407 | 0.9095
0259 | 17:43:01 |  12.8s | 1.0e-04 | 0.0207 | 0.9470 | 0.9445 | 0.9413 | 0.0232 | 0.9432 | 0.9261 | 0.9175
0260 | 17:43:25 |  12.7s | 1.0e-04 | 0.0209 | 0.9467 | 0.9460 | 0.9430 | 0.0235 | 0.9313 | 0.9395 | 0.9171
0261 | 17:43:49 |  12.4s | 1.0e-04 | 0.0202 | 0.9475 | 0.9460 | 0.9433 | 0.0244 | 0.9300 | 0.9353 | 0.9103
0262 | 17:44:16 |  12.3s | 1.0e-04 | 0.0214 | 0.9457 | 0.9435 | 0.9398 | 0.0241 | 0.9229 | 0.9372 | 0.9076
0263 | 17:44:41 |  12.4s | 1.0e-04 | 0.0204 | 0.9480 | 0.9460 | 0.9438 | 0.0238 | 0.9404 | 0.9209 | 0.9065
0264 | 17:45:06 |  13.0s | 1.0e-04 | 0.0206 | 0.9480 | 0.9463 | 0.9446 | 0.0246 | 0.9437 | 0.9106 | 0.9055
0265 | 17:45:30 |  12.8s | 1.0e-04 | 0.0204 | 0.9471 | 0.9452 | 0.9430 | 0.0240 | 0.9270 | 0.9436 | 0.9175
0266 | 17:45:54 |  12.6s | 1.0e-04 | 0.0206 | 0.9474 | 0.9469 | 0.9445 | 0.0234 | 0.9337 | 0.9306 | 0.9094
0267 | 17:46:18 |  12.5s | 1.0e-04 | 0.0202 | 0.9479 | 0.9475 | 0.9458 | 0.0233 | 0.9301 | 0.9436 | 0.9217
0268 | 17:46:44 |  12.4s | 1.0e-04 | 0.0201 | 0.9461 | 0.9470 | 0.9435 | 0.0239 | 0.9412 | 0.9297 | 0.9176
0269 | 17:47:09 |  12.5s | 1.0e-04 | 0.0203 | 0.9465 | 0.9472 | 0.9440 | 0.0238 | 0.9301 | 0.9358 | 0.9138
0270 | 17:47:33 |  12.8s | 1.0e-04 | 0.0199 | 0.9480 | 0.9492 | 0.9472 | 0.0241 | 0.9209 | 0.9425 | 0.9114
0271 | 17:47:57 |  26.0s | 1.0e-04 | 0.0210 | 0.9451 | 0.9448 | 0.9386 | 0.0243 | 0.9423 | 0.9219 | 0.9166
0272 | 17:48:34 |  12.4s | 1.0e-04 | 0.0207 | 0.9468 | 0.9487 | 0.9461 | 0.0243 | 0.9248 | 0.9398 | 0.9102
0273 | 17:48:58 |  12.4s | 1.0e-04 | 0.0208 | 0.9467 | 0.9477 | 0.9440 | 0.0239 | 0.9496 | 0.9173 | 0.9167
0274 | 17:49:22 |  12.1s | 1.0e-04 | 0.0211 | 0.9459 | 0.9468 | 0.9430 | 0.0244 | 0.9228 | 0.9338 | 0.9020
0275 | 17:49:47 |  12.0s | 1.0e-04 | 0.0213 | 0.9466 | 0.9475 | 0.9444 | 0.0261 | 0.9306 | 0.9283 | 0.9034
0276 | 17:50:12 |  12.2s | 1.0e-04 | 0.0207 | 0.9484 | 0.9482 | 0.9461 | 0.0222 | 0.9422 | 0.9301 | 0.9226
0277 | 17:50:36 |  12.9s | 1.0e-04 | 0.0213 | 0.9466 | 0.9473 | 0.9441 | 0.0237 | 0.9443 | 0.9257 | 0.9173
0278 | 17:51:00 |  12.4s | 1.0e-04 | 0.0207 | 0.9478 | 0.9476 | 0.9452 | 0.0233 | 0.9388 | 0.9330 | 0.9174
0279 | 17:51:24 |  12.2s | 1.0e-04 | 0.0208 | 0.9470 | 0.9468 | 0.9443 | 0.0235 | 0.9384 | 0.9242 | 0.9165
0280 | 17:51:49 |  11.9s | 1.0e-04 | 0.0204 | 0.9500 | 0.9471 | 0.9464 | 0.0234 | 0.9384 | 0.9254 | 0.9175
0281 | 17:52:14 |  12.5s | 1.0e-04 | 0.0209 | 0.9487 | 0.9483 | 0.9472 | 0.0231 | 0.9270 | 0.9406 | 0.9158
0282 | 17:52:38 |  12.3s | 1.0e-04 | 0.0204 | 0.9478 | 0.9474 | 0.9454 | 0.0234 | 0.9344 | 0.9337 | 0.9130
0283 | 17:53:01 |  12.3s | 1.0e-04 | 0.0212 | 0.9475 | 0.9460 | 0.9430 | 0.0236 | 0.9395 | 0.9253 | 0.9164
0284 | 17:53:26 |  12.4s | 1.0e-04 | 0.0210 | 0.9474 | 0.9436 | 0.9409 | 0.0238 | 0.9305 | 0.9409 | 0.9205
0285 | 17:53:50 |  12.4s | 1.0e-04 | 0.0204 | 0.9463 | 0.9475 | 0.9437 | 0.0233 | 0.9315 | 0.9412 | 0.9198
0286 | 17:54:13 |  12.5s | 1.0e-04 | 0.0220 | 0.9456 | 0.9441 | 0.9403 | 0.0246 | 0.9328 | 0.9316 | 0.9090
0287 | 17:54:37 |  12.2s | 1.0e-04 | 0.0208 | 0.9484 | 0.9456 | 0.9440 | 0.0236 | 0.9478 | 0.9237 | 0.9241
0288 | 17:55:03 |  11.8s | 1.0e-04 | 0.0202 | 0.9497 | 0.9455 | 0.9457 | 0.0230 | 0.9403 | 0.9265 | 0.9104
0289 | 17:55:27 |  12.4s | 1.0e-04 | 0.0206 | 0.9461 | 0.9475 | 0.9443 | 0.0233 | 0.9348 | 0.9428 | 0.9256
0290 | 17:55:50 |  12.9s | 1.0e-04 | 0.0203 | 0.9486 | 0.9475 | 0.9462 | 0.0246 | 0.9416 | 0.9221 | 0.9107
0291 | 17:56:14 |  12.6s | 1.0e-04 | 0.0210 | 0.9479 | 0.9477 | 0.9456 | 0.0223 | 0.9471 | 0.9213 | 0.9251
0292 | 17:56:38 |  23.6s | 1.0e-04 | 0.0203 | 0.9481 | 0.9467 | 0.9454 | 0.0246 | 0.9493 | 0.9169 | 0.9227
0293 | 17:57:13 |  12.3s | 1.0e-04 | 0.0197 | 0.9470 | 0.9486 | 0.9457 | 0.0241 | 0.9181 | 0.9467 | 0.9139
0294 | 17:57:38 |  12.2s | 1.0e-04 | 0.0193 | 0.9488 | 0.9496 | 0.9483 | 0.0234 | 0.9223 | 0.9458 | 0.9160
0295 | 17:58:04 |  12.2s | 1.0e-04 | 0.0201 | 0.9480 | 0.9469 | 0.9449 | 0.0240 | 0.9274 | 0.9359 | 0.9092
0296 | 17:58:28 |  12.4s | 1.0e-04 | 0.0199 | 0.9469 | 0.9472 | 0.9449 | 0.0237 | 0.9300 | 0.9353 | 0.9147
0297 | 17:58:51 |  12.7s | 1.0e-04 | 0.0198 | 0.9492 | 0.9479 | 0.9475 | 0.0244 | 0.9413 | 0.9228 | 0.9125
0298 | 17:59:15 |  12.3s | 1.0e-04 | 0.0201 | 0.9473 | 0.9474 | 0.9450 | 0.0239 | 0.9344 | 0.9359 | 0.9186
0299 | 17:59:40 |  12.7s | 1.0e-04 | 0.0197 | 0.9480 | 0.9477 | 0.9460 | 0.0246 | 0.9250 | 0.9379 | 0.9126
0300 | 18:00:06 |  12.2s | 1.0e-04 | 0.0199 | 0.9461 | 0.9460 | 0.9419 | 0.0230 | 0.9287 | 0.9366 | 0.9137
0301 | 18:00:29 |  12.5s | 1.0e-04 | 0.0205 | 0.9462 | 0.9473 | 0.9439 | 0.0228 | 0.9317 | 0.9334 | 0.9168
0302 | 18:00:53 |  12.7s | 1.0e-04 | 0.0200 | 0.9477 | 0.9462 | 0.9442 | 0.0242 | 0.9454 | 0.9187 | 0.9171
0303 | 18:01:17 |  12.3s | 1.0e-04 | 0.0199 | 0.9489 | 0.9456 | 0.9446 | 0.0237 | 0.9276 | 0.9350 | 0.9112
0304 | 18:01:42 |  12.1s | 1.0e-04 | 0.0192 | 0.9492 | 0.9496 | 0.9487 | 0.0240 | 0.9218 | 0.9415 | 0.9138
0305 | 18:02:07 |  12.3s | 1.0e-04 | 0.0203 | 0.9463 | 0.9469 | 0.9431 | 0.0239 | 0.9321 | 0.9372 | 0.9149
0306 | 18:02:31 |  12.4s | 1.0e-04 | 0.0196 | 0.9486 | 0.9496 | 0.9481 | 0.0234 | 0.9427 | 0.9277 | 0.9199
0307 | 18:02:55 |  12.8s | 1.0e-04 | 0.0200 | 0.9469 | 0.9475 | 0.9446 | 0.0231 | 0.9376 | 0.9331 | 0.9179
0308 | 18:03:20 |  12.3s | 1.0e-04 | 0.0195 | 0.9497 | 0.9497 | 0.9493 | 0.0234 | 0.9455 | 0.9290 | 0.9245
0309 | 18:03:44 |  12.2s | 1.0e-04 | 0.0201 | 0.9480 | 0.9476 | 0.9450 | 0.0221 | 0.9352 | 0.9451 | 0.9294
0310 | 18:04:12 |  12.3s | 1.0e-04 | 0.0203 | 0.9461 | 0.9469 | 0.9432 | 0.0236 | 0.9328 | 0.9381 | 0.9189
0311 | 18:04:36 |  12.4s | 1.0e-04 | 0.0198 | 0.9470 | 0.9475 | 0.9447 | 0.0230 | 0.9254 | 0.9440 | 0.9186
0312 | 18:05:00 |  12.9s | 1.0e-04 | 0.0193 | 0.9483 | 0.9499 | 0.9482 | 0.0219 | 0.9446 | 0.9373 | 0.9315
0313 | 18:05:24 |  25.8s | 1.0e-04 | 0.0203 | 0.9489 | 0.9503 | 0.9492 | 0.0244 | 0.9360 | 0.9316 | 0.9156
0314 | 18:06:01 |  12.4s | 1.0e-04 | 0.0198 | 0.9503 | 0.9498 | 0.9501 | 0.0233 | 0.9380 | 0.9349 | 0.9226
0315 | 18:06:25 |  12.5s | 1.0e-04 | 0.0193 | 0.9518 | 0.9511 | 0.9528 | 0.0239 | 0.9463 | 0.9231 | 0.9247
0316 | 18:06:50 |  12.4s | 1.0e-04 | 0.0195 | 0.9504 | 0.9516 | 0.9516 | 0.0241 | 0.9394 | 0.9312 | 0.9202
0317 | 18:07:16 |  12.1s | 1.0e-04 | 0.0196 | 0.9507 | 0.9511 | 0.9514 | 0.0230 | 0.9299 | 0.9406 | 0.9206
0318 | 18:07:40 |  12.5s | 1.0e-04 | 0.0202 | 0.9494 | 0.9492 | 0.9488 | 0.0235 | 0.9536 | 0.9226 | 0.9280
0319 | 18:08:04 |  12.6s | 1.0e-04 | 0.0196 | 0.9501 | 0.9501 | 0.9501 | 0.0228 | 0.9354 | 0.9332 | 0.9165
0320 | 18:08:27 |  12.4s | 1.0e-04 | 0.0192 | 0.9508 | 0.9493 | 0.9502 | 0.0239 | 0.9317 | 0.9283 | 0.9074
0321 | 18:08:52 |  12.3s | 1.0e-04 | 0.0195 | 0.9496 | 0.9487 | 0.9488 | 0.0228 | 0.9315 | 0.9387 | 0.9158
0322 | 18:09:18 |  12.1s | 1.0e-04 | 0.0195 | 0.9504 | 0.9521 | 0.9523 | 0.0238 | 0.9441 | 0.9159 | 0.9129
0323 | 18:09:42 |  12.2s | 1.0e-04 | 0.0197 | 0.9501 | 0.9495 | 0.9496 | 0.0239 | 0.9434 | 0.9235 | 0.9144
0324 | 18:10:06 |  12.7s | 1.0e-04 | 0.0194 | 0.9516 | 0.9509 | 0.9524 | 0.0239 | 0.9342 | 0.9384 | 0.9218
0325 | 18:10:30 |  12.5s | 1.0e-04 | 0.0195 | 0.9504 | 0.9513 | 0.9516 | 0.0239 | 0.9411 | 0.9207 | 0.9082
0326 | 18:10:54 |  12.3s | 1.0e-04 | 0.0189 | 0.9521 | 0.9526 | 0.9540 | 0.0235 | 0.9267 | 0.9391 | 0.9145
0327 | 18:11:19 |  12.3s | 1.0e-04 | 0.0194 | 0.9496 | 0.9514 | 0.9509 | 0.0233 | 0.9394 | 0.9333 | 0.9161
0328 | 18:11:44 |  12.2s | 1.0e-04 | 0.0194 | 0.9513 | 0.9511 | 0.9524 | 0.0239 | 0.9369 | 0.9347 | 0.9196
0329 | 18:12:08 |  12.5s | 1.0e-04 | 0.0200 | 0.9489 | 0.9523 | 0.9512 | 0.0230 | 0.9467 | 0.9222 | 0.9209
0330 | 18:12:32 |  12.6s | 1.0e-04 | 0.0193 | 0.9499 | 0.9504 | 0.9503 | 0.0216 | 0.9324 | 0.9367 | 0.9149
0331 | 18:12:56 |  12.7s | 1.0e-04 | 0.0193 | 0.9507 | 0.9527 | 0.9530 | 0.0239 | 0.9296 | 0.9312 | 0.9069
0332 | 18:13:21 |  12.2s | 1.0e-04 | 0.0193 | 0.9510 | 0.9511 | 0.9517 | 0.0226 | 0.9401 | 0.9312 | 0.9219
0333 | 18:13:47 |  12.5s | 1.0e-04 | 0.0188 | 0.9523 | 0.9518 | 0.9541 | 0.0245 | 0.9442 | 0.9233 | 0.9220
0334 | 18:14:11 |  26.7s | 1.0e-04 | 0.0197 | 0.9490 | 0.9523 | 0.9512 | 0.0226 | 0.9317 | 0.9317 | 0.9127
0335 | 18:14:50 |  12.5s | 1.0e-04 | 0.0192 | 0.9511 | 0.9531 | 0.9538 | 0.0226 | 0.9379 | 0.9289 | 0.9185
0336 | 18:15:14 |  12.6s | 1.0e-04 | 0.0189 | 0.9494 | 0.9527 | 0.9511 | 0.0240 | 0.9410 | 0.9307 | 0.9175
0337 | 18:15:38 |  12.5s | 1.0e-04 | 0.0194 | 0.9515 | 0.9511 | 0.9527 | 0.0235 | 0.9339 | 0.9261 | 0.9079
0338 | 18:16:04 |  12.3s | 1.0e-04 | 0.0196 | 0.9510 | 0.9505 | 0.9513 | 0.0237 | 0.9342 | 0.9379 | 0.9218
0339 | 18:16:29 |  12.6s | 1.0e-04 | 0.0194 | 0.9493 | 0.9511 | 0.9507 | 0.0237 | 0.9345 | 0.9397 | 0.9243
0340 | 18:16:53 |  12.8s | 1.0e-04 | 0.0198 | 0.9493 | 0.9508 | 0.9500 | 0.0241 | 0.9437 | 0.9205 | 0.9124
0341 | 18:17:17 |  12.6s | 1.0e-04 | 0.0194 | 0.9510 | 0.9511 | 0.9523 | 0.0223 | 0.9342 | 0.9351 | 0.9212
0342 | 18:17:41 |  12.6s | 1.0e-04 | 0.0192 | 0.9516 | 0.9522 | 0.9531 | 0.0233 | 0.9273 | 0.9416 | 0.9203
0343 | 18:18:06 |  12.2s | 1.0e-04 | 0.0195 | 0.9508 | 0.9502 | 0.9509 | 0.0245 | 0.9421 | 0.9184 | 0.9111
0344 | 18:18:31 |  12.2s | 1.0e-04 | 0.0192 | 0.9518 | 0.9526 | 0.9538 | 0.0231 | 0.9418 | 0.9298 | 0.9207
0345 | 18:18:55 |  12.6s | 1.0e-04 | 0.0193 | 0.9507 | 0.9527 | 0.9535 | 0.0233 | 0.9159 | 0.9511 | 0.9172
0346 | 18:19:19 |  12.7s | 1.0e-04 | 0.0192 | 0.9511 | 0.9516 | 0.9521 | 0.0244 | 0.9397 | 0.9326 | 0.9221
0347 | 18:19:43 |  12.6s | 1.0e-04 | 0.0195 | 0.9502 | 0.9511 | 0.9511 | 0.0241 | 0.9482 | 0.9208 | 0.9198
0348 | 18:20:07 |  12.3s | 1.0e-04 | 0.0198 | 0.9484 | 0.9517 | 0.9503 | 0.0253 | 0.9228 | 0.9419 | 0.9126
0349 | 18:20:32 |  12.2s | 1.0e-04 | 0.0191 | 0.9514 | 0.9512 | 0.9524 | 0.0237 | 0.9330 | 0.9347 | 0.9159
0350 | 18:20:57 |  12.3s | 1.0e-04 | 0.0195 | 0.9510 | 0.9506 | 0.9513 | 0.0244 | 0.9365 | 0.9247 | 0.9089
0351 | 18:21:21 |  13.0s | 1.0e-04 | 0.0195 | 0.9485 | 0.9528 | 0.9510 | 0.0235 | 0.9378 | 0.9316 | 0.9149
0352 | 18:21:45 |  12.8s | 1.0e-04 | 0.0196 | 0.9496 | 0.9518 | 0.9518 | 0.0236 | 0.9276 | 0.9490 | 0.9272
0353 | 18:22:09 |  12.5s | 1.0e-04 | 0.0189 | 0.9509 | 0.9527 | 0.9537 | 0.0233 | 0.9376 | 0.9301 | 0.9162
0354 | 18:22:34 |  12.4s | 1.0e-04 | 0.0192 | 0.9507 | 0.9515 | 0.9522 | 0.0234 | 0.9318 | 0.9346 | 0.9150
0355 | 18:23:00 |  24.4s | 1.0e-04 | 0.0199 | 0.9497 | 0.9498 | 0.9496 | 0.0234 | 0.9404 | 0.9287 | 0.9179
0356 | 18:23:37 |  12.5s | 1.0e-04 | 0.0201 | 0.9484 | 0.9493 | 0.9479 | 0.0231 | 0.9193 | 0.9512 | 0.9205
0357 | 18:24:03 |  12.2s | 1.0e-04 | 0.0204 | 0.9466 | 0.9487 | 0.9455 | 0.0225 | 0.9326 | 0.9421 | 0.9239
0358 | 18:24:27 |  12.5s | 1.0e-04 | 0.0201 | 0.9497 | 0.9510 | 0.9505 | 0.0232 | 0.9254 | 0.9447 | 0.9187
0359 | 18:24:51 |  12.8s | 1.0e-04 | 0.0199 | 0.9495 | 0.9500 | 0.9495 | 0.0217 | 0.9372 | 0.9345 | 0.9192
0360 | 18:25:15 |  12.7s | 1.0e-04 | 0.0197 | 0.9506 | 0.9498 | 0.9503 | 0.0223 | 0.9314 | 0.9434 | 0.9231
0361 | 18:25:40 |  12.2s | 1.0e-04 | 0.0203 | 0.9497 | 0.9493 | 0.9490 | 0.0232 | 0.9290 | 0.9386 | 0.9133
0362 | 18:26:04 |  12.8s | 1.0e-04 | 0.0199 | 0.9504 | 0.9506 | 0.9507 | 0.0230 | 0.9385 | 0.9326 | 0.9172
0363 | 18:26:28 |  13.1s | 1.0e-04 | 0.0203 | 0.9490 | 0.9483 | 0.9472 | 0.0230 | 0.9362 | 0.9332 | 0.9142
0364 | 18:26:52 |  12.5s | 1.0e-04 | 0.0201 | 0.9487 | 0.9497 | 0.9483 | 0.0230 | 0.9429 | 0.9319 | 0.9271
0365 | 18:27:17 |  12.1s | 1.0e-04 | 0.0202 | 0.9491 | 0.9487 | 0.9477 | 0.0227 | 0.9263 | 0.9484 | 0.9252
0366 | 18:27:42 |  12.5s | 1.0e-04 | 0.0207 | 0.9480 | 0.9493 | 0.9474 | 0.0223 | 0.9321 | 0.9338 | 0.9145
0367 | 18:28:06 |  12.5s | 1.0e-04 | 0.0197 | 0.9499 | 0.9503 | 0.9502 | 0.0247 | 0.9300 | 0.9325 | 0.9116
0368 | 18:28:30 |  12.9s | 1.0e-04 | 0.0196 | 0.9497 | 0.9503 | 0.9500 | 0.0217 | 0.9300 | 0.9431 | 0.9217
0369 | 18:28:54 |  12.6s | 1.0e-04 | 0.0199 | 0.9499 | 0.9513 | 0.9509 | 0.0232 | 0.9459 | 0.9170 | 0.9156
0370 | 18:29:19 |  12.2s | 1.0e-04 | 0.0200 | 0.9486 | 0.9510 | 0.9496 | 0.0236 | 0.9381 | 0.9296 | 0.9181
0371 | 18:29:45 |  12.2s | 1.0e-04 | 0.0200 | 0.9495 | 0.9505 | 0.9500 | 0.0223 | 0.9496 | 0.9190 | 0.9236
0372 | 18:30:09 |  12.8s | 1.0e-04 | 0.0198 | 0.9480 | 0.9505 | 0.9486 | 0.0232 | 0.9425 | 0.9249 | 0.9218
0373 | 18:30:33 |  12.8s | 1.0e-04 | 0.0199 | 0.9499 | 0.9506 | 0.9506 | 0.0224 | 0.9311 | 0.9485 | 0.9297
0374 | 18:30:57 |  12.6s | 1.0e-04 | 0.0205 | 0.9498 | 0.9497 | 0.9495 | 0.0220 | 0.9338 | 0.9451 | 0.9279
0375 | 18:31:21 |  12.4s | 1.0e-04 | 0.0201 | 0.9494 | 0.9498 | 0.9492 | 0.0228 | 0.9304 | 0.9423 | 0.9215
0376 | 18:31:50 |  12.0s | 1.0e-04 | 0.0200 | 0.9484 | 0.9492 | 0.9476 | 0.0227 | 0.9407 | 0.9284 | 0.9205
0377 | 18:32:14 |  12.3s | 1.0e-04 | 0.0199 | 0.9474 | 0.9512 | 0.9484 | 0.0224 | 0.9308 | 0.9467 | 0.9267
0378 | 18:32:38 |  12.5s | 1.0e-04 | 0.0197 | 0.9482 | 0.9511 | 0.9491 | 0.0226 | 0.9328 | 0.9505 | 0.9332
0379 | 18:33:01 |  12.7s | 1.0e-04 | 0.0202 | 0.9478 | 0.9499 | 0.9478 | 0.0227 | 0.9296 | 0.9430 | 0.9218
0380 | 18:33:25 |  12.1s | 1.0e-04 | 0.0198 | 0.9481 | 0.9506 | 0.9488 | 0.0217 | 0.9448 | 0.9254 | 0.9198
0381 | 18:33:51 |  12.1s | 1.0e-04 | 0.0203 | 0.9484 | 0.9485 | 0.9470 | 0.0228 | 0.9360 | 0.9348 | 0.9150
0382 | 18:34:15 |  12.4s | 1.0e-04 | 0.0201 | 0.9483 | 0.9493 | 0.9477 | 0.0225 | 0.9313 | 0.9449 | 0.9252
0383 | 18:34:39 |  12.5s | 1.0e-04 | 0.0202 | 0.9479 | 0.9488 | 0.9466 | 0.0233 | 0.9438 | 0.9196 | 0.9130
0384 | 18:35:02 |  12.6s | 1.0e-04 | 0.0201 | 0.9481 | 0.9512 | 0.9494 | 0.0228 | 0.9433 | 0.9281 | 0.9210
0385 | 18:35:26 |  12.1s | 1.0e-04 | 0.0198 | 0.9482 | 0.9506 | 0.9490 | 0.0222 | 0.9397 | 0.9350 | 0.9228
0386 | 18:35:52 |  12.4s | 1.0e-04 | 0.0196 | 0.9487 | 0.9513 | 0.9498 | 0.0252 | 0.9014 | 0.9524 | 0.9045
0387 | 18:36:17 |  12.6s | 1.0e-04 | 0.0201 | 0.9478 | 0.9500 | 0.9479 | 0.0226 | 0.9344 | 0.9331 | 0.9181
0388 | 18:36:41 |  12.5s | 1.0e-04 | 0.0201 | 0.9471 | 0.9481 | 0.9454 | 0.0218 | 0.9470 | 0.9383 | 0.9352
0389 | 18:37:06 |  12.4s | 1.0e-04 | 0.0199 | 0.9480 | 0.9493 | 0.9473 | 0.0219 | 0.9425 | 0.9356 | 0.9276
0390 | 18:37:32 |  12.7s | 1.0e-04 | 0.0207 | 0.9474 | 0.9488 | 0.9465 | 0.0217 | 0.9354 | 0.9400 | 0.9236
0391 | 18:37:57 |  12.6s | 1.0e-04 | 0.0200 | 0.9480 | 0.9503 | 0.9481 | 0.0233 | 0.9344 | 0.9335 | 0.9160
0392 | 18:38:21 |  12.6s | 1.0e-04 | 0.0201 | 0.9492 | 0.9476 | 0.9472 | 0.0218 | 0.9330 | 0.9393 | 0.9203
0393 | 18:38:44 |  12.5s | 1.0e-04 | 0.0205 | 0.9494 | 0.9483 | 0.9477 | 0.0235 | 0.9287 | 0.9448 | 0.9216
0394 | 18:39:08 |  12.3s | 1.0e-04 | 0.0199 | 0.9474 | 0.9492 | 0.9469 | 0.0229 | 0.9514 | 0.9197 | 0.9279
0395 | 18:39:34 |  12.3s | 1.0e-04 | 0.0194 | 0.9484 | 0.9503 | 0.9487 | 0.0222 | 0.9338 | 0.9365 | 0.9189
0396 | 18:39:59 |  24.9s | 1.0e-04 | 0.0197 | 0.9490 | 0.9515 | 0.9500 | 0.0233 | 0.9417 | 0.9282 | 0.9178
0397 | 18:40:37 |  12.2s | 1.0e-04 | 0.0194 | 0.9521 | 0.9536 | 0.9548 | 0.0228 | 0.9362 | 0.9431 | 0.9297
0398 | 18:41:02 |  12.3s | 1.0e-04 | 0.0191 | 0.9514 | 0.9541 | 0.9545 | 0.0209 | 0.9341 | 0.9442 | 0.9275
0399 | 18:41:26 |  12.5s | 1.0e-04 | 0.0191 | 0.9502 | 0.9519 | 0.9516 | 0.0229 | 0.9479 | 0.9280 | 0.9290
0400 | 18:41:50 |  12.4s | 1.0e-04 | 0.0188 | 0.9512 | 0.9532 | 0.9538 | 0.0232 | 0.9439 | 0.9271 | 0.9216
0401 | 18:42:14 |  12.2s | 1.0e-04 | 0.0192 | 0.9505 | 0.9516 | 0.9516 | 0.0247 | 0.9449 | 0.9190 | 0.9133
0402 | 18:42:39 |  12.4s | 1.0e-04 | 0.0191 | 0.9505 | 0.9529 | 0.9531 | 0.0228 | 0.9453 | 0.9277 | 0.9246
0403 | 18:43:04 |  12.4s | 1.0e-04 | 0.0193 | 0.9506 | 0.9517 | 0.9522 | 0.0229 | 0.9442 | 0.9241 | 0.9197
0404 | 18:43:28 |  12.3s | 1.0e-04 | 0.0190 | 0.9505 | 0.9516 | 0.9522 | 0.0227 | 0.9390 | 0.9352 | 0.9239
0405 | 18:43:51 |  12.4s | 1.0e-04 | 0.0191 | 0.9516 | 0.9517 | 0.9528 | 0.0227 | 0.9384 | 0.9377 | 0.9237
0406 | 18:44:14 |  12.3s | 1.0e-04 | 0.0189 | 0.9502 | 0.9537 | 0.9532 | 0.0224 | 0.9418 | 0.9373 | 0.9293
0407 | 18:44:39 |  12.1s | 1.0e-04 | 0.0192 | 0.9501 | 0.9518 | 0.9515 | 0.0229 | 0.9275 | 0.9376 | 0.9129
0408 | 18:45:05 |  12.2s | 1.0e-04 | 0.0194 | 0.9507 | 0.9535 | 0.9533 | 0.0230 | 0.9305 | 0.9444 | 0.9235
0409 | 18:45:29 |  12.8s | 1.0e-04 | 0.0192 | 0.9509 | 0.9524 | 0.9528 | 0.0236 | 0.9334 | 0.9312 | 0.9130
0410 | 18:45:54 |  13.1s | 1.0e-04 | 0.0189 | 0.9522 | 0.9532 | 0.9551 | 0.0239 | 0.9329 | 0.9397 | 0.9223
0411 | 18:46:18 |  12.5s | 1.0e-04 | 0.0189 | 0.9511 | 0.9543 | 0.9548 | 0.0226 | 0.9348 | 0.9394 | 0.9211
0412 | 18:46:43 |  12.6s | 1.0e-04 | 0.0195 | 0.9500 | 0.9522 | 0.9519 | 0.0228 | 0.9342 | 0.9413 | 0.9234
0413 | 18:47:08 |  12.4s | 1.0e-04 | 0.0195 | 0.9497 | 0.9502 | 0.9499 | 0.0220 | 0.9320 | 0.9414 | 0.9236
0414 | 18:47:31 |  12.2s | 1.0e-04 | 0.0195 | 0.9502 | 0.9512 | 0.9516 | 0.0239 | 0.9294 | 0.9401 | 0.9167
0415 | 18:47:56 |  12.6s | 1.0e-04 | 0.0198 | 0.9494 | 0.9504 | 0.9498 | 0.0230 | 0.9171 | 0.9467 | 0.9122
0416 | 18:48:20 |  12.3s | 1.0e-04 | 0.0195 | 0.9486 | 0.9510 | 0.9496 | 0.0217 | 0.9406 | 0.9324 | 0.9231
0417 | 18:48:43 |  25.0s | 1.0e-04 | 0.0194 | 0.9509 | 0.9533 | 0.9536 | 0.0223 | 0.9374 | 0.9337 | 0.9183
0418 | 18:49:21 |  12.3s | 1.0e-04 | 0.0198 | 0.9503 | 0.9509 | 0.9513 | 0.0228 | 0.9269 | 0.9494 | 0.9254
0419 | 18:49:44 |  12.7s | 1.0e-04 | 0.0194 | 0.9515 | 0.9507 | 0.9519 | 0.0237 | 0.9248 | 0.9536 | 0.9281
0420 | 18:50:07 |  12.7s | 1.0e-04 | 0.0197 | 0.9488 | 0.9509 | 0.9498 | 0.0221 | 0.9382 | 0.9381 | 0.9227
0421 | 18:50:32 |  12.3s | 1.0e-04 | 0.0191 | 0.9524 | 0.9539 | 0.9557 | 0.0217 | 0.9320 | 0.9476 | 0.9290
0422 | 18:50:57 |  12.2s | 1.0e-04 | 0.0199 | 0.9490 | 0.9522 | 0.9506 | 0.0224 | 0.9251 | 0.9502 | 0.9255
0423 | 18:51:22 |  12.4s | 1.0e-04 | 0.0192 | 0.9510 | 0.9517 | 0.9524 | 0.0246 | 0.9404 | 0.9243 | 0.9109
0424 | 18:51:46 |  12.5s | 1.0e-04 | 0.0190 | 0.9513 | 0.9535 | 0.9541 | 0.0224 | 0.9426 | 0.9279 | 0.9244
0425 | 18:52:09 |  12.5s | 1.0e-04 | 0.0195 | 0.9498 | 0.9516 | 0.9508 | 0.0226 | 0.9278 | 0.9447 | 0.9229
0426 | 18:52:33 |  12.2s | 1.0e-04 | 0.0189 | 0.9519 | 0.9521 | 0.9537 | 0.0224 | 0.9266 | 0.9431 | 0.9194
0427 | 18:52:59 |  12.1s | 1.0e-04 | 0.0193 | 0.9503 | 0.9526 | 0.9528 | 0.0217 | 0.9379 | 0.9436 | 0.9319
0428 | 18:53:24 |  12.3s | 1.0e-04 | 0.0194 | 0.9514 | 0.9534 | 0.9543 | 0.0231 | 0.9327 | 0.9391 | 0.9204
0429 | 18:53:47 |  12.5s | 1.0e-04 | 0.0194 | 0.9501 | 0.9516 | 0.9516 | 0.0236 | 0.9368 | 0.9350 | 0.9187
0430 | 18:54:11 |  12.4s | 1.0e-04 | 0.0188 | 0.9517 | 0.9523 | 0.9540 | 0.0235 | 0.9329 | 0.9396 | 0.9210
0431 | 18:54:35 |  12.4s | 1.0e-04 | 0.0197 | 0.9507 | 0.9529 | 0.9528 | 0.0224 | 0.9249 | 0.9495 | 0.9239
0432 | 18:55:00 |  12.3s | 1.0e-04 | 0.0192 | 0.9510 | 0.9532 | 0.9541 | 0.0226 | 0.9411 | 0.9311 | 0.9194
0433 | 18:55:25 |  12.5s | 1.0e-04 | 0.0194 | 0.9510 | 0.9531 | 0.9541 | 0.0231 | 0.9379 | 0.9340 | 0.9200
0434 | 18:55:49 |  12.5s | 1.0e-04 | 0.0192 | 0.9512 | 0.9533 | 0.9539 | 0.0220 | 0.9443 | 0.9273 | 0.9242
0435 | 18:56:13 |  12.4s | 1.0e-04 | 0.0192 | 0.9507 | 0.9528 | 0.9529 | 0.0230 | 0.9335 | 0.9387 | 0.9186
0436 | 18:56:36 |  12.0s | 1.0e-04 | 0.0193 | 0.9494 | 0.9517 | 0.9511 | 0.0240 | 0.9263 | 0.9393 | 0.9117
0437 | 18:57:02 |  12.0s | 1.0e-04 | 0.0197 | 0.9499 | 0.9515 | 0.9513 | 0.0214 | 0.9398 | 0.9334 | 0.9216
0438 | 18:57:27 |  33.2s | 1.0e-04 | 0.0194 | 0.9505 | 0.9498 | 0.9503 | 0.0218 | 0.9395 | 0.9447 | 0.9334
0439 | 18:58:11 |  12.6s | 1.0e-04 | 0.0197 | 0.9502 | 0.9490 | 0.9494 | 0.0237 | 0.9282 | 0.9425 | 0.9204
0440 | 18:58:35 |  12.4s | 1.0e-04 | 0.0198 | 0.9485 | 0.9474 | 0.9450 | 0.0233 | 0.9423 | 0.9327 | 0.9223
0441 | 18:58:59 |  12.3s | 1.0e-04 | 0.0202 | 0.9488 | 0.9465 | 0.9455 | 0.0232 | 0.9229 | 0.9507 | 0.9243
0442 | 18:59:25 |  12.1s | 1.0e-04 | 0.0189 | 0.9508 | 0.9508 | 0.9513 | 0.0217 | 0.9318 | 0.9399 | 0.9216
0443 | 18:59:51 |  12.3s | 1.0e-04 | 0.0200 | 0.9478 | 0.9499 | 0.9476 | 0.0233 | 0.9327 | 0.9363 | 0.9168
0444 | 19:00:14 |  12.6s | 1.0e-04 | 0.0191 | 0.9481 | 0.9513 | 0.9494 | 0.0220 | 0.9462 | 0.9226 | 0.9207
0445 | 19:00:38 |  12.5s | 1.0e-04 | 0.0194 | 0.9489 | 0.9502 | 0.9490 | 0.0233 | 0.9320 | 0.9433 | 0.9241
0446 | 19:01:03 |  12.7s | 1.0e-04 | 0.0193 | 0.9490 | 0.9507 | 0.9499 | 0.0231 | 0.9360 | 0.9372 | 0.9209
0447 | 19:01:28 |  12.5s | 1.0e-04 | 0.0197 | 0.9487 | 0.9493 | 0.9481 | 0.0224 | 0.9506 | 0.9191 | 0.9238
0448 | 19:01:54 |  12.3s | 1.0e-04 | 0.0197 | 0.9489 | 0.9492 | 0.9483 | 0.0226 | 0.9444 | 0.9258 | 0.9243
0449 | 19:02:19 |  12.6s | 1.0e-04 | 0.0196 | 0.9491 | 0.9503 | 0.9496 | 0.0225 | 0.9421 | 0.9243 | 0.9192
0450 | 19:02:43 |  12.6s | 1.0e-04 | 0.0194 | 0.9503 | 0.9499 | 0.9502 | 0.0231 | 0.9374 | 0.9432 | 0.9301
0451 | 19:03:07 |  12.3s | 1.0e-04 | 0.0198 | 0.9480 | 0.9509 | 0.9486 | 0.0212 | 0.9352 | 0.9413 | 0.9239
0452 | 19:03:31 |  12.4s | 1.0e-04 | 0.0195 | 0.9503 | 0.9498 | 0.9502 | 0.0226 | 0.9278 | 0.9518 | 0.9293
0453 | 19:03:57 |  12.0s | 1.0e-04 | 0.0195 | 0.9489 | 0.9491 | 0.9480 | 0.0221 | 0.9470 | 0.9246 | 0.9292
0454 | 19:04:20 |  12.7s | 1.0e-04 | 0.0198 | 0.9493 | 0.9516 | 0.9509 | 0.0225 | 0.9251 | 0.9407 | 0.9131
0455 | 19:04:44 |  12.5s | 1.0e-04 | 0.0199 | 0.9482 | 0.9496 | 0.9480 | 0.0231 | 0.9450 | 0.9245 | 0.9219
0456 | 19:05:08 |  12.7s | 1.0e-04 | 0.0198 | 0.9486 | 0.9513 | 0.9497 | 0.0215 | 0.9271 | 0.9441 | 0.9207
0457 | 19:05:33 |  12.3s | 1.0e-04 | 0.0192 | 0.9500 | 0.9503 | 0.9503 | 0.0223 | 0.9388 | 0.9318 | 0.9201
0458 | 19:05:59 |  12.2s | 1.0e-04 | 0.0195 | 0.9488 | 0.9505 | 0.9491 | 0.0217 | 0.9450 | 0.9330 | 0.9259
0459 | 19:06:24 |  25.1s | 1.0e-04 | 0.0190 | 0.9491 | 0.9531 | 0.9517 | 0.0229 | 0.9291 | 0.9423 | 0.9205
0460 | 19:07:02 |  12.0s | 1.0e-04 | 0.0186 | 0.9517 | 0.9530 | 0.9541 | 0.0230 | 0.9339 | 0.9419 | 0.9253
0461 | 19:07:28 |  12.1s | 1.0e-04 | 0.0193 | 0.9493 | 0.9514 | 0.9506 | 0.0223 | 0.9365 | 0.9398 | 0.9272
0462 | 19:07:52 |  12.2s | 1.0e-04 | 0.0187 | 0.9530 | 0.9543 | 0.9565 | 0.0220 | 0.9394 | 0.9425 | 0.9311
0463 | 19:08:16 |  13.9s | 1.0e-04 | 0.0191 | 0.9506 | 0.9525 | 0.9529 | 0.0220 | 0.9301 | 0.9460 | 0.9259
0464 | 19:08:41 |  12.5s | 1.0e-04 | 0.0190 | 0.9508 | 0.9530 | 0.9534 | 0.0215 | 0.9388 | 0.9331 | 0.9203
0465 | 19:09:07 |  11.9s | 1.0e-04 | 0.0183 | 0.9522 | 0.9527 | 0.9548 | 0.0220 | 0.9333 | 0.9444 | 0.9244
0466 | 19:09:32 |  12.1s | 1.0e-04 | 0.0194 | 0.9498 | 0.9511 | 0.9507 | 0.0217 | 0.9425 | 0.9358 | 0.9308
0467 | 19:09:56 |  12.2s | 1.0e-04 | 0.0183 | 0.9516 | 0.9535 | 0.9547 | 0.0223 | 0.9427 | 0.9279 | 0.9237
0468 | 19:10:20 |  12.3s | 1.0e-04 | 0.0187 | 0.9512 | 0.9531 | 0.9541 | 0.0222 | 0.9478 | 0.9294 | 0.9242
0469 | 19:10:43 |  12.1s | 1.0e-04 | 0.0191 | 0.9494 | 0.9519 | 0.9518 | 0.0222 | 0.9399 | 0.9392 | 0.9287
0470 | 19:11:09 |  12.1s | 1.0e-04 | 0.0188 | 0.9520 | 0.9535 | 0.9557 | 0.0223 | 0.9373 | 0.9347 | 0.9205
0471 | 19:11:34 |  12.1s | 1.0e-04 | 0.0186 | 0.9507 | 0.9507 | 0.9516 | 0.0224 | 0.9349 | 0.9372 | 0.9176
0472 | 19:11:58 |  12.7s | 1.0e-04 | 0.0181 | 0.9526 | 0.9530 | 0.9549 | 0.0226 | 0.9434 | 0.9333 | 0.9281
0473 | 19:12:23 |  13.1s | 1.0e-04 | 0.0188 | 0.9519 | 0.9544 | 0.9552 | 0.0231 | 0.9213 | 0.9485 | 0.9190
0474 | 19:12:48 |  12.3s | 1.0e-04 | 0.0190 | 0.9497 | 0.9523 | 0.9520 | 0.0216 | 0.9350 | 0.9414 | 0.9252
0475 | 19:13:14 |  12.2s | 1.0e-04 | 0.0190 | 0.9513 | 0.9545 | 0.9541 | 0.0224 | 0.9477 | 0.9273 | 0.9227
0476 | 19:13:40 |  12.3s | 1.0e-04 | 0.0186 | 0.9507 | 0.9520 | 0.9530 | 0.0228 | 0.9321 | 0.9422 | 0.9243
0477 | 19:14:05 |  12.9s | 1.0e-04 | 0.0195 | 0.9505 | 0.9504 | 0.9508 | 0.0223 | 0.9301 | 0.9433 | 0.9230
0478 | 19:14:30 |  12.9s | 1.0e-04 | 0.0191 | 0.9487 | 0.9523 | 0.9507 | 0.0217 | 0.9417 | 0.9407 | 0.9315
0479 | 19:14:55 |  12.9s | 1.0e-04 | 0.0186 | 0.9526 | 0.9529 | 0.9552 | 0.0212 | 0.9371 | 0.9444 | 0.9309
0480 | 19:15:27 |  29.6s | 1.0e-04 | 0.0190 | 0.9509 | 0.9541 | 0.9536 | 0.0217 | 0.9441 | 0.9390 | 0.9339
0481 | 19:16:08 |  13.3s | 1.0e-04 | 0.0188 | 0.9520 | 0.9512 | 0.9530 | 0.0230 | 0.9357 | 0.9402 | 0.9236
0482 | 19:16:35 |  12.9s | 1.0e-04 | 0.0191 | 0.9476 | 0.9538 | 0.9506 | 0.0221 | 0.9394 | 0.9365 | 0.9249
0483 | 19:17:00 |  13.3s | 1.0e-04 | 0.0193 | 0.9495 | 0.9516 | 0.9511 | 0.0227 | 0.9406 | 0.9379 | 0.9278
0484 | 19:17:32 |  12.7s | 1.0e-04 | 0.0187 | 0.9498 | 0.9529 | 0.9529 | 0.0225 | 0.9408 | 0.9259 | 0.9150
0485 | 19:17:58 |  12.7s | 1.0e-04 | 0.0191 | 0.9491 | 0.9522 | 0.9512 | 0.0225 | 0.9263 | 0.9488 | 0.9245
0486 | 19:18:23 |  12.9s | 1.0e-04 | 0.0187 | 0.9521 | 0.9532 | 0.9544 | 0.0219 | 0.9392 | 0.9366 | 0.9217
0487 | 19:18:47 |  13.0s | 1.0e-04 | 0.0184 | 0.9522 | 0.9531 | 0.9548 | 0.0226 | 0.9395 | 0.9372 | 0.9240
0488 | 19:19:12 |  13.2s | 1.0e-04 | 0.0193 | 0.9516 | 0.9513 | 0.9528 | 0.0223 | 0.9400 | 0.9268 | 0.9134
0489 | 19:19:38 |  12.9s | 1.0e-04 | 0.0184 | 0.9529 | 0.9547 | 0.9566 | 0.0220 | 0.9384 | 0.9447 | 0.9332
0490 | 19:20:03 |  12.9s | 1.0e-04 | 0.0196 | 0.9506 | 0.9518 | 0.9521 | 0.0230 | 0.9395 | 0.9290 | 0.9156
0491 | 19:20:27 |  12.9s | 1.0e-04 | 0.0184 | 0.9525 | 0.9542 | 0.9562 | 0.0224 | 0.9474 | 0.9235 | 0.9214
0492 | 19:20:53 |  12.7s | 1.0e-04 | 0.0187 | 0.9507 | 0.9510 | 0.9514 | 0.0228 | 0.9339 | 0.9345 | 0.9155
0493 | 19:21:21 |  12.9s | 1.0e-04 | 0.0185 | 0.9526 | 0.9529 | 0.9548 | 0.0213 | 0.9252 | 0.9481 | 0.9237
0494 | 19:21:47 |  12.8s | 1.0e-04 | 0.0188 | 0.9499 | 0.9531 | 0.9524 | 0.0221 | 0.9374 | 0.9412 | 0.9288
0495 | 19:22:12 |  12.9s | 1.0e-04 | 0.0186 | 0.9512 | 0.9535 | 0.9545 | 0.0216 | 0.9374 | 0.9409 | 0.9273
0496 | 19:22:36 |  13.0s | 1.0e-04 | 0.0188 | 0.9509 | 0.9544 | 0.9550 | 0.0214 | 0.9483 | 0.9339 | 0.9329
0497 | 19:23:02 |  12.8s | 1.0e-04 | 0.0187 | 0.9512 | 0.9533 | 0.9542 | 0.0229 | 0.9388 | 0.9241 | 0.9146
0498 | 19:23:28 |  12.5s | 1.0e-04 | 0.0185 | 0.9509 | 0.9523 | 0.9529 | 0.0213 | 0.9448 | 0.9413 | 0.9350
0499 | 19:23:54 |  12.5s | 1.0e-04 | 0.0192 | 0.9477 | 0.9520 | 0.9492 | 0.0233 | 0.9266 | 0.9488 | 0.9258
0500 | 19:24:19 |  12.6s | 1.0e-04 | 0.0183 | 0.9512 | 0.9536 | 0.9544 | 0.0227 | 0.9327 | 0.9447 | 0.9247
0501 | 19:24:47 |  12.9s | 1.0e-04 | 0.0193 | 0.9490 | 0.9516 | 0.9505 | 0.0215 | 0.9356 | 0.9404 | 0.9259
0502 | 19:25:11 |  12.9s | 1.0e-04 | 0.0193 | 0.9495 | 0.9507 | 0.9505 | 0.0230 | 0.9314 | 0.9395 | 0.9190
0503 | 19:25:42 |  12.9s | 1.0e-04 | 0.0197 | 0.9499 | 0.9524 | 0.9519 | 0.0216 | 0.9354 | 0.9411 | 0.9276
0504 | 19:26:08 |  12.5s | 1.0e-04 | 0.0190 | 0.9508 | 0.9526 | 0.9527 | 0.0219 | 0.9369 | 0.9415 | 0.9281
0505 | 19:26:35 |  12.6s | 1.0e-04 | 0.0193 | 0.9488 | 0.9523 | 0.9509 | 0.0222 | 0.9373 | 0.9392 | 0.9270
0506 | 19:26:59 |  12.5s | 1.0e-04 | 0.0188 | 0.9501 | 0.9531 | 0.9532 | 0.0221 | 0.9324 | 0.9421 | 0.9227
0507 | 19:27:23 |  13.0s | 1.0e-04 | 0.0193 | 0.9508 | 0.9516 | 0.9522 | 0.0229 | 0.9433 | 0.9301 | 0.9223
0508 | 19:27:48 |  12.6s | 1.0e-04 | 0.0197 | 0.9487 | 0.9532 | 0.9516 | 0.0217 | 0.9394 | 0.9434 | 0.9315
0509 | 19:28:12 |  12.7s | 1.0e-04 | 0.0187 | 0.9522 | 0.9530 | 0.9552 | 0.0213 | 0.9322 | 0.9444 | 0.9250
0510 | 19:28:39 |  12.5s | 1.0e-04 | 0.0193 | 0.9491 | 0.9518 | 0.9512 | 0.0222 | 0.9287 | 0.9537 | 0.9327
0511 | 19:29:03 |  12.8s | 1.0e-04 | 0.0191 | 0.9511 | 0.9509 | 0.9519 | 0.0217 | 0.9430 | 0.9385 | 0.9302
0512 | 19:29:27 |  12.9s | 1.0e-04 | 0.0195 | 0.9499 | 0.9518 | 0.9515 | 0.0221 | 0.9411 | 0.9399 | 0.9272
0513 | 19:29:51 |  12.8s | 1.0e-04 | 0.0189 | 0.9511 | 0.9527 | 0.9541 | 0.0233 | 0.9372 | 0.9325 | 0.9171
0514 | 19:30:16 |  12.8s | 1.0e-04 | 0.0201 | 0.9497 | 0.9505 | 0.9502 | 0.0214 | 0.9345 | 0.9384 | 0.9209
0515 | 19:30:42 |  13.0s | 1.0e-04 | 0.0196 | 0.9502 | 0.9512 | 0.9513 | 0.0218 | 0.9308 | 0.9479 | 0.9282
0516 | 19:31:07 |  12.8s | 1.0e-04 | 0.0191 | 0.9521 | 0.9538 | 0.9555 | 0.0229 | 0.9388 | 0.9337 | 0.9199
0517 | 19:31:32 |  12.7s | 1.0e-04 | 0.0193 | 0.9501 | 0.9535 | 0.9532 | 0.0221 | 0.9460 | 0.9261 | 0.9230
0518 | 19:31:58 |  12.5s | 1.0e-04 | 0.0199 | 0.9484 | 0.9498 | 0.9480 | 0.0222 | 0.9475 | 0.9311 | 0.9317
0519 | 19:32:24 |  12.5s | 1.0e-04 | 0.0192 | 0.9509 | 0.9524 | 0.9526 | 0.0217 | 0.9462 | 0.9299 | 0.9271
0520 | 19:32:48 |  12.9s | 1.0e-04 | 0.0192 | 0.9499 | 0.9524 | 0.9519 | 0.0234 | 0.9388 | 0.9345 | 0.9226
0521 | 19:33:13 |  27.0s | 1.0e-04 | 0.0191 | 0.9498 | 0.9512 | 0.9510 | 0.0209 | 0.9374 | 0.9440 | 0.9316
0522 | 19:33:52 |  12.4s | 1.0e-04 | 0.0192 | 0.9498 | 0.9524 | 0.9517 | 0.0223 | 0.9311 | 0.9454 | 0.9244
0523 | 19:34:16 |  12.9s | 1.0e-04 | 0.0196 | 0.9498 | 0.9511 | 0.9506 | 0.0219 | 0.9448 | 0.9293 | 0.9248
0524 | 19:34:41 |  12.6s | 1.0e-04 | 0.0188 | 0.9510 | 0.9496 | 0.9505 | 0.0225 | 0.9347 | 0.9381 | 0.9231
0525 | 19:35:07 |  12.5s | 1.0e-04 | 0.0197 | 0.9477 | 0.9503 | 0.9479 | 0.0221 | 0.9383 | 0.9411 | 0.9290
0526 | 19:35:34 |  12.4s | 1.0e-04 | 0.0195 | 0.9480 | 0.9496 | 0.9478 | 0.0208 | 0.9370 | 0.9433 | 0.9289
0527 | 19:35:59 |  12.4s | 1.0e-04 | 0.0191 | 0.9499 | 0.9526 | 0.9522 | 0.0226 | 0.9381 | 0.9417 | 0.9301
0528 | 19:36:23 |  12.6s | 1.0e-04 | 0.0192 | 0.9486 | 0.9502 | 0.9489 | 0.0231 | 0.9296 | 0.9439 | 0.9207
0529 | 19:36:48 |  12.8s | 1.0e-04 | 0.0191 | 0.9499 | 0.9521 | 0.9514 | 0.0228 | 0.9354 | 0.9365 | 0.9166
0530 | 19:37:12 |  12.4s | 1.0e-04 | 0.0190 | 0.9492 | 0.9518 | 0.9505 | 0.0235 | 0.9344 | 0.9419 | 0.9247
0531 | 19:37:39 |  12.4s | 1.0e-04 | 0.0192 | 0.9490 | 0.9510 | 0.9500 | 0.0214 | 0.9399 | 0.9308 | 0.9198
0532 | 19:38:05 |  12.2s | 1.0e-04 | 0.0184 | 0.9501 | 0.9525 | 0.9520 | 0.0220 | 0.9353 | 0.9396 | 0.9221
0533 | 19:38:29 |  12.4s | 1.0e-04 | 0.0194 | 0.9517 | 0.9524 | 0.9535 | 0.0224 | 0.9325 | 0.9478 | 0.9273
0534 | 19:38:53 |  12.7s | 1.0e-04 | 0.0194 | 0.9477 | 0.9500 | 0.9477 | 0.0227 | 0.9356 | 0.9449 | 0.9304
0535 | 19:39:18 |  12.5s | 1.0e-04 | 0.0190 | 0.9513 | 0.9530 | 0.9536 | 0.0226 | 0.9208 | 0.9552 | 0.9282
0536 | 19:39:43 |  12.2s | 1.0e-04 | 0.0193 | 0.9492 | 0.9506 | 0.9497 | 0.0214 | 0.9406 | 0.9418 | 0.9331
0537 | 19:40:10 |  12.4s | 1.0e-04 | 0.0191 | 0.9506 | 0.9512 | 0.9519 | 0.0230 | 0.9303 | 0.9349 | 0.9120
0538 | 19:40:35 |  12.3s | 1.0e-04 | 0.0196 | 0.9494 | 0.9501 | 0.9495 | 0.0213 | 0.9442 | 0.9422 | 0.9373
0539 | 19:40:58 |  12.5s | 1.0e-04 | 0.0196 | 0.9505 | 0.9503 | 0.9508 | 0.0221 | 0.9300 | 0.9502 | 0.9301
0540 | 19:41:23 |  12.8s | 1.0e-04 | 0.0194 | 0.9490 | 0.9499 | 0.9489 | 0.0226 | 0.9342 | 0.9434 | 0.9270
0541 | 19:41:48 |  12.3s | 1.0e-04 | 0.0191 | 0.9504 | 0.9503 | 0.9508 | 0.0213 | 0.9465 | 0.9362 | 0.9328
0542 | 19:42:11 |  26.0s | 1.0e-04 | 0.0188 | 0.9502 | 0.9516 | 0.9518 | 0.0222 | 0.9360 | 0.9457 | 0.9304
0543 | 19:42:50 |  12.8s | 1.0e-04 | 0.0188 | 0.9519 | 0.9517 | 0.9535 | 0.0225 | 0.9330 | 0.9409 | 0.9242
0544 | 19:43:14 |  13.1s | 1.0e-04 | 0.0198 | 0.9495 | 0.9531 | 0.9521 | 0.0224 | 0.9292 | 0.9490 | 0.9275
0545 | 19:43:38 |  12.8s | 1.0e-04 | 0.0186 | 0.9524 | 0.9508 | 0.9530 | 0.0222 | 0.9244 | 0.9474 | 0.9211
0546 | 19:44:03 |  12.6s | 1.0e-04 | 0.0191 | 0.9502 | 0.9507 | 0.9507 | 0.0222 | 0.9351 | 0.9435 | 0.9271
0547 | 19:44:29 |  12.7s | 1.0e-04 | 0.0191 | 0.9515 | 0.9520 | 0.9536 | 0.0223 | 0.9373 | 0.9423 | 0.9296
0548 | 19:44:56 |  12.7s | 1.0e-04 | 0.0189 | 0.9510 | 0.9515 | 0.9525 | 0.0206 | 0.9409 | 0.9407 | 0.9307
0549 | 19:45:22 |  12.8s | 1.0e-04 | 0.0189 | 0.9519 | 0.9520 | 0.9533 | 0.0221 | 0.9474 | 0.9318 | 0.9286
0550 | 19:45:46 |  13.1s | 1.0e-04 | 0.0182 | 0.9515 | 0.9533 | 0.9547 | 0.0212 | 0.9506 | 0.9263 | 0.9328
0551 | 19:46:12 |  19.4s | 1.0e-04 | 0.0190 | 0.9517 | 0.9519 | 0.9532 | 0.0231 | 0.9430 | 0.9288 | 0.9211
0552 | 19:46:45 |  19.5s | 1.0e-04 | 0.0189 | 0.9502 | 0.9501 | 0.9502 | 0.0215 | 0.9432 | 0.9308 | 0.9262
0553 | 19:47:18 |  15.1s | 1.0e-04 | 0.0188 | 0.9503 | 0.9527 | 0.9525 | 0.0215 | 0.9411 | 0.9352 | 0.9267
0554 | 19:47:45 |  12.9s | 1.0e-04 | 0.0191 | 0.9507 | 0.9507 | 0.9514 | 0.0227 | 0.9353 | 0.9378 | 0.9220
0555 | 19:48:09 |  12.8s | 1.0e-04 | 0.0192 | 0.9493 | 0.9493 | 0.9488 | 0.0221 | 0.9385 | 0.9425 | 0.9286
0556 | 19:48:34 |  13.0s | 1.0e-04 | 0.0189 | 0.9514 | 0.9505 | 0.9520 | 0.0221 | 0.9355 | 0.9459 | 0.9310
0557 | 19:49:01 |  12.4s | 1.0e-04 | 0.0190 | 0.9502 | 0.9527 | 0.9534 | 0.0221 | 0.9343 | 0.9409 | 0.9259
0558 | 19:49:26 |  12.7s | 1.0e-04 | 0.0187 | 0.9493 | 0.9511 | 0.9500 | 0.0228 | 0.9396 | 0.9361 | 0.9233
0559 | 19:49:51 |  13.2s | 1.0e-04 | 0.0185 | 0.9514 | 0.9527 | 0.9537 | 0.0216 | 0.9390 | 0.9410 | 0.9306
0560 | 19:50:15 |  13.0s | 1.0e-04 | 0.0190 | 0.9509 | 0.9519 | 0.9527 | 0.0220 | 0.9255 | 0.9534 | 0.9293
0561 | 19:50:40 |  12.7s | 1.0e-04 | 0.0183 | 0.9520 | 0.9535 | 0.9548 | 0.0218 | 0.9482 | 0.9334 | 0.9334
0562 | 19:51:06 |  12.6s | 1.0e-04 | 0.0188 | 0.9507 | 0.9530 | 0.9526 | 0.0225 | 0.9278 | 0.9487 | 0.9261
0563 | 19:51:32 |  23.1s | 1.0e-04 | 0.0184 | 0.9509 | 0.9535 | 0.9538 | 0.0220 | 0.9358 | 0.9408 | 0.9266
0564 | 19:52:08 |  12.7s | 1.0e-04 | 0.0182 | 0.9516 | 0.9522 | 0.9538 | 0.0215 | 0.9369 | 0.9351 | 0.9216
0565 | 19:52:32 |  12.5s | 1.0e-04 | 0.0177 | 0.9527 | 0.9520 | 0.9543 | 0.0231 | 0.9295 | 0.9480 | 0.9266
0566 | 19:52:56 |  12.4s | 1.0e-04 | 0.0182 | 0.9532 | 0.9513 | 0.9541 | 0.0229 | 0.9255 | 0.9465 | 0.9208
0567 | 19:53:23 |  12.1s | 1.0e-04 | 0.0170 | 0.9522 | 0.9549 | 0.9567 | 0.0222 | 0.9340 | 0.9467 | 0.9291
0568 | 19:53:47 |  12.5s | 1.0e-04 | 0.0173 | 0.9538 | 0.9536 | 0.9572 | 0.0214 | 0.9409 | 0.9393 | 0.9305
0569 | 19:54:10 |  12.6s | 1.0e-04 | 0.0181 | 0.9507 | 0.9528 | 0.9539 | 0.0219 | 0.9344 | 0.9432 | 0.9270
0570 | 19:54:35 |  12.5s | 1.0e-04 | 0.0174 | 0.9527 | 0.9543 | 0.9565 | 0.0227 | 0.9392 | 0.9328 | 0.9236
0571 | 19:55:00 |  12.4s | 1.0e-04 | 0.0176 | 0.9521 | 0.9527 | 0.9546 | 0.0214 | 0.9281 | 0.9474 | 0.9251
0572 | 19:55:26 |  12.3s | 1.0e-04 | 0.0175 | 0.9519 | 0.9545 | 0.9552 | 0.0235 | 0.9272 | 0.9493 | 0.9260
0573 | 19:55:51 |  12.1s | 1.0e-04 | 0.0178 | 0.9514 | 0.9525 | 0.9533 | 0.0219 | 0.9339 | 0.9394 | 0.9212
0574 | 19:56:14 |  12.7s | 1.0e-04 | 0.0176 | 0.9526 | 0.9543 | 0.9563 | 0.0226 | 0.9425 | 0.9331 | 0.9265
0575 | 19:56:38 |  12.7s | 1.0e-04 | 0.0175 | 0.9507 | 0.9537 | 0.9538 | 0.0209 | 0.9400 | 0.9333 | 0.9200
0576 | 19:57:02 |  12.3s | 1.0e-04 | 0.0175 | 0.9534 | 0.9536 | 0.9571 | 0.0216 | 0.9416 | 0.9361 | 0.9259
0577 | 19:57:28 |  12.2s | 1.0e-04 | 0.0180 | 0.9532 | 0.9539 | 0.9557 | 0.0217 | 0.9432 | 0.9359 | 0.9298
0578 | 19:57:53 |  12.2s | 1.0e-04 | 0.0181 | 0.9536 | 0.9513 | 0.9546 | 0.0219 | 0.9508 | 0.9238 | 0.9249
0579 | 19:58:17 |  12.6s | 1.0e-04 | 0.0175 | 0.9525 | 0.9535 | 0.9548 | 0.0217 | 0.9363 | 0.9407 | 0.9269
0580 | 19:58:41 |  12.6s | 1.0e-04 | 0.0182 | 0.9514 | 0.9505 | 0.9517 | 0.0215 | 0.9404 | 0.9359 | 0.9228
0581 | 19:59:05 |  12.1s | 1.0e-04 | 0.0176 | 0.9539 | 0.9523 | 0.9558 | 0.0221 | 0.9335 | 0.9375 | 0.9174
0582 | 19:59:30 |  12.2s | 1.0e-04 | 0.0174 | 0.9509 | 0.9535 | 0.9539 | 0.0226 | 0.9372 | 0.9364 | 0.9233
0583 | 19:59:55 |  12.2s | 1.0e-04 | 0.0172 | 0.9528 | 0.9532 | 0.9554 | 0.0219 | 0.9432 | 0.9352 | 0.9289
0584 | 20:00:19 |  27.1s | 1.0e-04 | 0.0185 | 0.9525 | 0.9528 | 0.9554 | 0.0220 | 0.9357 | 0.9337 | 0.9184
0585 | 20:01:00 |  12.6s | 1.0e-04 | 0.0181 | 0.9537 | 0.9567 | 0.9595 | 0.0219 | 0.9356 | 0.9437 | 0.9286
0586 | 20:01:24 |  12.4s | 1.0e-04 | 0.0187 | 0.9524 | 0.9563 | 0.9571 | 0.0225 | 0.9324 | 0.9419 | 0.9213
0587 | 20:01:48 |  12.5s | 1.0e-04 | 0.0189 | 0.9527 | 0.9530 | 0.9552 | 0.0218 | 0.9346 | 0.9505 | 0.9348
0588 | 20:02:11 |  12.5s | 1.0e-04 | 0.0189 | 0.9529 | 0.9543 | 0.9569 | 0.0223 | 0.9388 | 0.9316 | 0.9209
0589 | 20:02:36 |  12.3s | 1.0e-04 | 0.0187 | 0.9534 | 0.9559 | 0.9584 | 0.0210 | 0.9321 | 0.9491 | 0.9313
0590 | 20:03:03 |  12.6s | 1.0e-04 | 0.0184 | 0.9530 | 0.9567 | 0.9586 | 0.0227 | 0.9352 | 0.9366 | 0.9185
0591 | 20:03:27 |  12.3s | 1.0e-04 | 0.0183 | 0.9537 | 0.9556 | 0.9580 | 0.0208 | 0.9452 | 0.9331 | 0.9245
0592 | 20:03:52 |  12.3s | 1.0e-04 | 0.0185 | 0.9530 | 0.9551 | 0.9573 | 0.0215 | 0.9290 | 0.9497 | 0.9282
0593 | 20:04:19 |  12.2s | 1.0e-04 | 0.0180 | 0.9527 | 0.9557 | 0.9577 | 0.0225 | 0.9300 | 0.9426 | 0.9228
0594 | 20:04:43 |  12.7s | 1.0e-04 | 0.0185 | 0.9532 | 0.9572 | 0.9588 | 0.0216 | 0.9443 | 0.9355 | 0.9311
0595 | 20:05:07 |  12.5s | 1.0e-04 | 0.0192 | 0.9523 | 0.9540 | 0.9554 | 0.0225 | 0.9315 | 0.9443 | 0.9238
0596 | 20:05:31 |  12.7s | 1.0e-04 | 0.0186 | 0.9525 | 0.9569 | 0.9577 | 0.0213 | 0.9389 | 0.9344 | 0.9225
0597 | 20:05:55 |  12.4s | 1.0e-04 | 0.0182 | 0.9542 | 0.9557 | 0.9594 | 0.0218 | 0.9471 | 0.9278 | 0.9269
0598 | 20:06:21 |  12.6s | 1.0e-04 | 0.0192 | 0.9517 | 0.9537 | 0.9549 | 0.0214 | 0.9439 | 0.9365 | 0.9315
0599 | 20:06:47 |  12.2s | 1.0e-04 | 0.0184 | 0.9540 | 0.9567 | 0.9592 | 0.0215 | 0.9320 | 0.9441 | 0.9269
0600 | 20:07:11 |  12.4s | 1.0e-04 | 0.0188 | 0.9526 | 0.9558 | 0.9570 | 0.0223 | 0.9419 | 0.9305 | 0.9210
0601 | 20:07:34 |  12.6s | 1.0e-04 | 0.0183 | 0.9523 | 0.9570 | 0.9580 | 0.0218 | 0.9383 | 0.9375 | 0.9249
0602 | 20:07:59 |  12.3s | 1.0e-04 | 0.0181 | 0.9534 | 0.9573 | 0.9599 | 0.0225 | 0.9371 | 0.9409 | 0.9270
0603 | 20:08:24 |  12.1s | 1.0e-04 | 0.0185 | 0.9521 | 0.9551 | 0.9560 | 0.0228 | 0.9250 | 0.9443 | 0.9170
0604 | 20:08:49 |  12.7s | 1.0e-04 | 0.0185 | 0.9538 | 0.9579 | 0.9602 | 0.0235 | 0.9400 | 0.9218 | 0.9132
0605 | 20:09:13 |  24.6s | 1.0e-04 | 0.0188 | 0.9539 | 0.9561 | 0.9584 | 0.0225 | 0.9441 | 0.9274 | 0.9204
0606 | 20:09:52 |  12.3s | 1.0e-04 | 0.0192 | 0.9537 | 0.9558 | 0.9580 | 0.0221 | 0.9285 | 0.9486 | 0.9265
0607 | 20:10:15 |  12.5s | 1.0e-04 | 0.0189 | 0.9538 | 0.9550 | 0.9579 | 0.0220 | 0.9452 | 0.9279 | 0.9250
0608 | 20:10:39 |  12.6s | 1.0e-04 | 0.0193 | 0.9525 | 0.9562 | 0.9577 | 0.0215 | 0.9360 | 0.9420 | 0.9237
0609 | 20:11:03 |  12.3s | 1.0e-04 | 0.0194 | 0.9515 | 0.9561 | 0.9570 | 0.0217 | 0.9446 | 0.9368 | 0.9314
0610 | 20:11:28 |  12.3s | 1.0e-04 | 0.0190 | 0.9532 | 0.9569 | 0.9585 | 0.0219 | 0.9379 | 0.9405 | 0.9286
0611 | 20:11:54 |  11.9s | 1.0e-04 | 0.0193 | 0.9525 | 0.9561 | 0.9572 | 0.0222 | 0.9397 | 0.9344 | 0.9240
0612 | 20:12:18 |  12.3s | 1.0e-04 | 0.0193 | 0.9518 | 0.9540 | 0.9545 | 0.0224 | 0.9226 | 0.9540 | 0.9255
0613 | 20:12:41 |  12.4s | 1.0e-04 | 0.0193 | 0.9524 | 0.9551 | 0.9568 | 0.0219 | 0.9403 | 0.9410 | 0.9294
0614 | 20:13:05 |  12.1s | 1.0e-04 | 0.0190 | 0.9532 | 0.9557 | 0.9580 | 0.0223 | 0.9340 | 0.9391 | 0.9205
0615 | 20:13:29 |  12.0s | 1.0e-04 | 0.0193 | 0.9531 | 0.9547 | 0.9580 | 0.0207 | 0.9458 | 0.9309 | 0.9260
0616 | 20:13:58 |  12.0s | 1.0e-04 | 0.0191 | 0.9528 | 0.9552 | 0.9572 | 0.0227 | 0.9343 | 0.9384 | 0.9191
0617 | 20:14:23 |  12.4s | 1.0e-04 | 0.0193 | 0.9517 | 0.9549 | 0.9560 | 0.0221 | 0.9391 | 0.9417 | 0.9306
0618 | 20:14:46 |  12.5s | 1.0e-04 | 0.0194 | 0.9523 | 0.9566 | 0.9576 | 0.0222 | 0.9333 | 0.9416 | 0.9216
0619 | 20:15:10 |  12.2s | 1.0e-04 | 0.0193 | 0.9534 | 0.9562 | 0.9589 | 0.0220 | 0.9374 | 0.9477 | 0.9349
0620 | 20:15:34 |  11.9s | 1.0e-04 | 0.0196 | 0.9528 | 0.9538 | 0.9562 | 0.0219 | 0.9425 | 0.9377 | 0.9333
0621 | 20:16:00 |  12.1s | 1.0e-04 | 0.0190 | 0.9544 | 0.9557 | 0.9587 | 0.0219 | 0.9425 | 0.9288 | 0.9187
0622 | 20:16:24 |  12.3s | 1.0e-04 | 0.0191 | 0.9525 | 0.9543 | 0.9570 | 0.0211 | 0.9364 | 0.9382 | 0.9254
0623 | 20:16:48 |  12.6s | 1.0e-04 | 0.0194 | 0.9515 | 0.9546 | 0.9550 | 0.0225 | 0.9306 | 0.9454 | 0.9232
0624 | 20:17:11 |  12.7s | 1.0e-04 | 0.0186 | 0.9532 | 0.9571 | 0.9598 | 0.0214 | 0.9408 | 0.9342 | 0.9209
0625 | 20:17:36 |  12.5s | 1.0e-04 | 0.0186 | 0.9529 | 0.9562 | 0.9578 | 0.0224 | 0.9348 | 0.9418 | 0.9246
0626 | 20:18:04 |  12.1s | 1.0e-04 | 0.0183 | 0.9518 | 0.9552 | 0.9569 | 0.0224 | 0.9382 | 0.9371 | 0.9243
0627 | 20:18:28 |  12.5s | 1.0e-04 | 0.0190 | 0.9516 | 0.9534 | 0.9546 | 0.0221 | 0.9399 | 0.9400 | 0.9288
0628 | 20:18:51 |  12.8s | 1.0e-04 | 0.0185 | 0.9522 | 0.9541 | 0.9557 | 0.0214 | 0.9372 | 0.9454 | 0.9315
0629 | 20:19:16 |  12.5s | 1.0e-04 | 0.0188 | 0.9524 | 0.9543 | 0.9560 | 0.0222 | 0.9184 | 0.9600 | 0.9300
0630 | 20:19:40 |  12.2s | 1.0e-04 | 0.0184 | 0.9514 | 0.9537 | 0.9550 | 0.0221 | 0.9362 | 0.9464 | 0.9338
0631 | 20:20:05 |  12.2s | 1.0e-04 | 0.0188 | 0.9499 | 0.9516 | 0.9511 | 0.0204 | 0.9434 | 0.9415 | 0.9334
0632 | 20:20:30 |  12.3s | 1.0e-04 | 0.0186 | 0.9515 | 0.9522 | 0.9536 | 0.0214 | 0.9459 | 0.9350 | 0.9298
0633 | 20:20:54 |  12.5s | 1.0e-04 | 0.0189 | 0.9516 | 0.9523 | 0.9537 | 0.0212 | 0.9405 | 0.9389 | 0.9288
0634 | 20:21:18 |  12.6s | 1.0e-04 | 0.0187 | 0.9508 | 0.9528 | 0.9534 | 0.0228 | 0.9338 | 0.9446 | 0.9272
0635 | 20:21:42 |  12.1s | 1.0e-04 | 0.0184 | 0.9522 | 0.9557 | 0.9569 | 0.0223 | 0.9347 | 0.9444 | 0.9279
0636 | 20:22:07 |  12.2s | 1.0e-04 | 0.0193 | 0.9515 | 0.9520 | 0.9529 | 0.0225 | 0.9421 | 0.9372 | 0.9268
0637 | 20:22:32 |  12.1s | 1.0e-04 | 0.0182 | 0.9516 | 0.9557 | 0.9573 | 0.0229 | 0.9437 | 0.9314 | 0.9253
0638 | 20:22:56 |  12.2s | 1.0e-04 | 0.0190 | 0.9511 | 0.9512 | 0.9521 | 0.0220 | 0.9347 | 0.9460 | 0.9306
0639 | 20:23:19 |  12.3s | 1.0e-04 | 0.0188 | 0.9509 | 0.9541 | 0.9543 | 0.0209 | 0.9402 | 0.9457 | 0.9360
0640 | 20:23:43 |  12.2s | 1.0e-04 | 0.0191 | 0.9514 | 0.9528 | 0.9541 | 0.0208 | 0.9445 | 0.9365 | 0.9320
0641 | 20:24:09 |  12.1s | 1.0e-04 | 0.0191 | 0.9504 | 0.9518 | 0.9519 | 0.0222 | 0.9495 | 0.9321 | 0.9337
0642 | 20:24:35 |  12.6s | 1.0e-04 | 0.0183 | 0.9529 | 0.9557 | 0.9571 | 0.0225 | 0.9353 | 0.9444 | 0.9295
0643 | 20:24:59 |  12.2s | 1.0e-04 | 0.0187 | 0.9517 | 0.9547 | 0.9553 | 0.0222 | 0.9389 | 0.9380 | 0.9284
0644 | 20:25:23 |  12.1s | 1.0e-04 | 0.0192 | 0.9494 | 0.9535 | 0.9527 | 0.0238 | 0.9430 | 0.9365 | 0.9290
0645 | 20:25:49 |  12.2s | 1.0e-04 | 0.0187 | 0.9524 | 0.9531 | 0.9552 | 0.0203 | 0.9543 | 0.9246 | 0.9300
0646 | 20:26:13 |  26.0s | 1.0e-04 | 0.0185 | 0.9525 | 0.9561 | 0.9571 | 0.0220 | 0.9404 | 0.9327 | 0.9233
0647 | 20:26:53 |  12.4s | 1.0e-04 | 0.0181 | 0.9518 | 0.9548 | 0.9558 | 0.0211 | 0.9393 | 0.9420 | 0.9314
0648 | 20:27:17 |  12.5s | 1.0e-04 | 0.0184 | 0.9544 | 0.9569 | 0.9597 | 0.0223 | 0.9318 | 0.9426 | 0.9241
0649 | 20:27:41 |  12.9s | 1.0e-04 | 0.0181 | 0.9537 | 0.9560 | 0.9580 | 0.0217 | 0.9417 | 0.9371 | 0.9300
0650 | 20:28:05 |  12.6s | 1.0e-04 | 0.0182 | 0.9537 | 0.9579 | 0.9603 | 0.0220 | 0.9272 | 0.9512 | 0.9288
0651 | 20:28:30 |  12.4s | 1.0e-04 | 0.0184 | 0.9529 | 0.9583 | 0.9588 | 0.0221 | 0.9412 | 0.9308 | 0.9204
0652 | 20:28:56 |  12.5s | 1.0e-04 | 0.0180 | 0.9525 | 0.9553 | 0.9575 | 0.0224 | 0.9355 | 0.9409 | 0.9263
0653 | 20:29:20 |  12.4s | 1.0e-04 | 0.0182 | 0.9539 | 0.9577 | 0.9597 | 0.0222 | 0.9378 | 0.9370 | 0.9213
0654 | 20:29:44 |  12.7s | 1.0e-04 | 0.0186 | 0.9528 | 0.9520 | 0.9545 | 0.0216 | 0.9367 | 0.9432 | 0.9278
0655 | 20:30:07 |  12.6s | 1.0e-04 | 0.0189 | 0.9523 | 0.9543 | 0.9554 | 0.0218 | 0.9371 | 0.9472 | 0.9327
0656 | 20:30:33 |  12.5s | 1.0e-04 | 0.0184 | 0.9527 | 0.9562 | 0.9580 | 0.0215 | 0.9383 | 0.9380 | 0.9240
0657 | 20:30:59 |  12.2s | 1.0e-04 | 0.0179 | 0.9538 | 0.9585 | 0.9609 | 0.0223 | 0.9343 | 0.9439 | 0.9252
0658 | 20:31:22 |  12.5s | 1.0e-04 | 0.0178 | 0.9538 | 0.9553 | 0.9586 | 0.0205 | 0.9400 | 0.9461 | 0.9361
0659 | 20:31:46 |  12.8s | 1.0e-04 | 0.0180 | 0.9531 | 0.9570 | 0.9588 | 0.0226 | 0.9406 | 0.9298 | 0.9211
0660 | 20:32:10 |  12.5s | 1.0e-04 | 0.0177 | 0.9546 | 0.9562 | 0.9598 | 0.0217 | 0.9427 | 0.9348 | 0.9271
0661 | 20:32:36 |  12.4s | 1.0e-04 | 0.0179 | 0.9550 | 0.9565 | 0.9608 | 0.0216 | 0.9376 | 0.9434 | 0.9310
0662 | 20:33:01 |  12.3s | 1.0e-04 | 0.0180 | 0.9538 | 0.9550 | 0.9576 | 0.0218 | 0.9349 | 0.9409 | 0.9219
0663 | 20:33:25 |  12.6s | 1.0e-04 | 0.0185 | 0.9533 | 0.9561 | 0.9583 | 0.0217 | 0.9327 | 0.9422 | 0.9222
0664 | 20:33:49 |  12.7s | 1.0e-04 | 0.0182 | 0.9527 | 0.9563 | 0.9580 | 0.0221 | 0.9439 | 0.9332 | 0.9283
0665 | 20:34:13 |  12.4s | 1.0e-04 | 0.0179 | 0.9542 | 0.9573 | 0.9606 | 0.0227 | 0.9387 | 0.9394 | 0.9264
0666 | 20:34:39 |  12.3s | 1.0e-04 | 0.0185 | 0.9517 | 0.9554 | 0.9569 | 0.0213 | 0.9433 | 0.9331 | 0.9270
0667 | 20:35:04 |  24.5s | 1.0e-04 | 0.0185 | 0.9538 | 0.9555 | 0.9583 | 0.0232 | 0.9409 | 0.9269 | 0.9130
0668 | 20:35:41 |  12.7s | 1.0e-04 | 0.0196 | 0.9499 | 0.9512 | 0.9509 | 0.0220 | 0.9418 | 0.9400 | 0.9323
0669 | 20:36:05 |  12.7s | 1.0e-04 | 0.0204 | 0.9493 | 0.9520 | 0.9512 | 0.0216 | 0.9462 | 0.9367 | 0.9331
0670 | 20:36:30 |  12.1s | 1.0e-04 | 0.0202 | 0.9500 | 0.9529 | 0.9523 | 0.0212 | 0.9476 | 0.9297 | 0.9318
0671 | 20:36:56 |  12.4s | 1.0e-04 | 0.0196 | 0.9499 | 0.9537 | 0.9534 | 0.0206 | 0.9429 | 0.9410 | 0.9358
0672 | 20:37:21 |  12.4s | 1.0e-04 | 0.0201 | 0.9491 | 0.9528 | 0.9518 | 0.0216 | 0.9290 | 0.9489 | 0.9282
0673 | 20:37:45 |  12.8s | 1.0e-04 | 0.0194 | 0.9512 | 0.9527 | 0.9534 | 0.0215 | 0.9351 | 0.9494 | 0.9340
0674 | 20:38:09 |  12.8s | 1.0e-04 | 0.0195 | 0.9504 | 0.9529 | 0.9532 | 0.0220 | 0.9458 | 0.9318 | 0.9314
0675 | 20:38:32 |  12.5s | 1.0e-04 | 0.0203 | 0.9479 | 0.9523 | 0.9501 | 0.0216 | 0.9369 | 0.9361 | 0.9253
0676 | 20:38:58 |  12.0s | 1.0e-04 | 0.0196 | 0.9520 | 0.9517 | 0.9536 | 0.0210 | 0.9364 | 0.9406 | 0.9250
0677 | 20:39:23 |  12.2s | 1.0e-04 | 0.0196 | 0.9520 | 0.9551 | 0.9558 | 0.0212 | 0.9378 | 0.9394 | 0.9277
0678 | 20:39:47 |  12.7s | 1.0e-04 | 0.0191 | 0.9527 | 0.9548 | 0.9566 | 0.0223 | 0.9341 | 0.9449 | 0.9280
0679 | 20:40:11 |  12.9s | 1.0e-04 | 0.0195 | 0.9512 | 0.9524 | 0.9525 | 0.0219 | 0.9321 | 0.9452 | 0.9252
0680 | 20:40:34 |  12.5s | 1.0e-04 | 0.0195 | 0.9516 | 0.9541 | 0.9554 | 0.0233 | 0.9311 | 0.9376 | 0.9172
0681 | 20:40:59 |  12.3s | 1.0e-04 | 0.0196 | 0.9523 | 0.9515 | 0.9538 | 0.0221 | 0.9321 | 0.9399 | 0.9194
0682 | 20:41:25 |  12.3s | 1.0e-04 | 0.0192 | 0.9519 | 0.9539 | 0.9553 | 0.0213 | 0.9399 | 0.9341 | 0.9252
0683 | 20:41:48 |  12.5s | 1.0e-04 | 0.0195 | 0.9510 | 0.9536 | 0.9541 | 0.0214 | 0.9415 | 0.9439 | 0.9352
0684 | 20:42:12 |  12.7s | 1.0e-04 | 0.0193 | 0.9514 | 0.9534 | 0.9545 | 0.0221 | 0.9430 | 0.9318 | 0.9263
0685 | 20:42:35 |  12.7s | 1.0e-04 | 0.0198 | 0.9516 | 0.9548 | 0.9552 | 0.0207 | 0.9431 | 0.9457 | 0.9398
0686 | 20:43:00 |  12.3s | 1.0e-04 | 0.0196 | 0.9504 | 0.9512 | 0.9518 | 0.0216 | 0.9386 | 0.9374 | 0.9267
0687 | 20:43:26 |  12.5s | 1.0e-04 | 0.0200 | 0.9507 | 0.9496 | 0.9503 | 0.0209 | 0.9447 | 0.9388 | 0.9329
0688 | 20:43:50 |  24.4s | 1.0e-04 | 0.0188 | 0.9526 | 0.9529 | 0.9548 | 0.0213 | 0.9386 | 0.9350 | 0.9207
0689 | 20:44:28 |  12.6s | 1.0e-04 | 0.0182 | 0.9531 | 0.9563 | 0.9586 | 0.0214 | 0.9458 | 0.9320 | 0.9302
0690 | 20:44:53 |  12.7s | 1.0e-04 | 0.0188 | 0.9529 | 0.9545 | 0.9561 | 0.0222 | 0.9365 | 0.9437 | 0.9277
0691 | 20:45:17 |  12.9s | 1.0e-04 | 0.0180 | 0.9529 | 0.9546 | 0.9567 | 0.0209 | 0.9425 | 0.9374 | 0.9292
0692 | 20:45:40 |  12.6s | 1.0e-04 | 0.0180 | 0.9544 | 0.9554 | 0.9595 | 0.0228 | 0.9388 | 0.9368 | 0.9244
0693 | 20:46:05 |  12.8s | 1.0e-04 | 0.0187 | 0.9529 | 0.9562 | 0.9573 | 0.0215 | 0.9421 | 0.9307 | 0.9206
0694 | 20:46:29 |  12.5s | 1.0e-04 | 0.0184 | 0.9533 | 0.9543 | 0.9574 | 0.0214 | 0.9314 | 0.9468 | 0.9259
0695 | 20:46:53 |  12.9s | 1.0e-04 | 0.0183 | 0.9540 | 0.9560 | 0.9584 | 0.0218 | 0.9481 | 0.9300 | 0.9294
0696 | 20:47:17 |  12.5s | 1.0e-04 | 0.0181 | 0.9541 | 0.9572 | 0.9598 | 0.0221 | 0.9411 | 0.9418 | 0.9320
0697 | 20:47:43 |  12.5s | 1.0e-04 | 0.0179 | 0.9548 | 0.9561 | 0.9595 | 0.0216 | 0.9382 | 0.9395 | 0.9261
0698 | 20:48:08 |  12.6s | 1.0e-04 | 0.0180 | 0.9552 | 0.9551 | 0.9589 | 0.0232 | 0.9447 | 0.9343 | 0.9295
0699 | 20:48:33 |  12.9s | 1.0e-04 | 0.0178 | 0.9523 | 0.9557 | 0.9572 | 0.0211 | 0.9473 | 0.9294 | 0.9280
0700 | 20:48:57 |  12.5s | 1.0e-04 | 0.0181 | 0.9539 | 0.9574 | 0.9591 | 0.0220 | 0.9399 | 0.9455 | 0.9331
0701 | 20:49:21 |  12.6s | 1.0e-04 | 0.0182 | 0.9526 | 0.9552 | 0.9573 | 0.0222 | 0.9246 | 0.9519 | 0.9275
0702 | 20:49:46 |  12.2s | 1.0e-04 | 0.0179 | 0.9536 | 0.9572 | 0.9594 | 0.0219 | 0.9399 | 0.9359 | 0.9266
0703 | 20:50:11 |  12.6s | 1.0e-04 | 0.0183 | 0.9530 | 0.9571 | 0.9581 | 0.0209 | 0.9442 | 0.9439 | 0.9391
0704 | 20:50:36 |  12.9s | 1.0e-04 | 0.0181 | 0.9550 | 0.9569 | 0.9609 | 0.0219 | 0.9486 | 0.9278 | 0.9260
0705 | 20:51:00 |  12.8s | 1.0e-04 | 0.0186 | 0.9540 | 0.9536 | 0.9573 | 0.0219 | 0.9314 | 0.9403 | 0.9176
0706 | 20:51:24 |  12.3s | 1.0e-04 | 0.0181 | 0.9533 | 0.9543 | 0.9566 | 0.0215 | 0.9352 | 0.9464 | 0.9310
0707 | 20:51:50 |  12.7s | 1.0e-04 | 0.0182 | 0.9542 | 0.9548 | 0.9580 | 0.0211 | 0.9391 | 0.9451 | 0.9339
0708 | 20:52:16 |  12.8s | 1.0e-04 | 0.0174 | 0.9553 | 0.9575 | 0.9614 | 0.0215 | 0.9404 | 0.9377 | 0.9274
0709 | 20:52:41 |  26.8s | 1.0e-04 | 0.0186 | 0.9528 | 0.9542 | 0.9561 | 0.0211 | 0.9419 | 0.9374 | 0.9257
0710 | 20:53:22 |  12.2s | 1.0e-04 | 0.0185 | 0.9521 | 0.9537 | 0.9549 | 0.0219 | 0.9422 | 0.9383 | 0.9316
0711 | 20:53:46 |  12.5s | 1.0e-04 | 0.0187 | 0.9517 | 0.9526 | 0.9542 | 0.0217 | 0.9326 | 0.9463 | 0.9283
0712 | 20:54:10 |  13.6s | 1.0e-04 | 0.0182 | 0.9544 | 0.9548 | 0.9584 | 0.0217 | 0.9475 | 0.9353 | 0.9306
0713 | 20:54:41 |  12.6s | 1.0e-04 | 0.0178 | 0.9534 | 0.9555 | 0.9580 | 0.0229 | 0.9370 | 0.9388 | 0.9268
0714 | 20:55:08 |  13.2s | 1.0e-04 | 0.0183 | 0.9529 | 0.9548 | 0.9564 | 0.0208 | 0.9322 | 0.9551 | 0.9375
0715 | 20:55:36 |  12.1s | 1.0e-04 | 0.0181 | 0.9533 | 0.9549 | 0.9578 | 0.0211 | 0.9404 | 0.9386 | 0.9289
0716 | 20:56:01 |  12.2s | 1.0e-04 | 0.0185 | 0.9533 | 0.9538 | 0.9563 | 0.0216 | 0.9433 | 0.9339 | 0.9281
0717 | 20:56:25 |  12.6s | 1.0e-04 | 0.0186 | 0.9518 | 0.9560 | 0.9569 | 0.0212 | 0.9371 | 0.9389 | 0.9227
0718 | 20:56:50 |  13.5s | 1.0e-04 | 0.0187 | 0.9535 | 0.9556 | 0.9578 | 0.0209 | 0.9339 | 0.9457 | 0.9289
0719 | 20:57:22 |  14.1s | 1.0e-04 | 0.0179 | 0.9526 | 0.9567 | 0.9584 | 0.0218 | 0.9394 | 0.9384 | 0.9282
0720 | 20:57:49 |  12.7s | 1.0e-04 | 0.0185 | 0.9537 | 0.9557 | 0.9580 | 0.0223 | 0.9322 | 0.9378 | 0.9202
0721 | 20:58:19 |  14.1s | 1.0e-04 | 0.0181 | 0.9535 | 0.9552 | 0.9577 | 0.0206 | 0.9444 | 0.9395 | 0.9336
0722 | 20:58:48 |  12.2s | 1.0e-04 | 0.0191 | 0.9522 | 0.9541 | 0.9554 | 0.0213 | 0.9408 | 0.9411 | 0.9334
0723 | 20:59:14 |  13.2s | 1.0e-04 | 0.0182 | 0.9531 | 0.9545 | 0.9569 | 0.0209 | 0.9305 | 0.9510 | 0.9314
0724 | 20:59:41 |  12.3s | 1.0e-04 | 0.0186 | 0.9530 | 0.9549 | 0.9571 | 0.0209 | 0.9391 | 0.9368 | 0.9219
0725 | 21:00:05 |  12.6s | 1.0e-04 | 0.0188 | 0.9510 | 0.9557 | 0.9558 | 0.0209 | 0.9473 | 0.9360 | 0.9327
0726 | 21:00:30 |  12.5s | 1.0e-04 | 0.0190 | 0.9525 | 0.9538 | 0.9558 | 0.0215 | 0.9424 | 0.9343 | 0.9257
0727 | 21:00:54 |  12.3s | 1.0e-04 | 0.0184 | 0.9533 | 0.9536 | 0.9561 | 0.0213 | 0.9339 | 0.9402 | 0.9256
0728 | 21:01:19 |  12.2s | 1.0e-04 | 0.0188 | 0.9534 | 0.9524 | 0.9555 | 0.0215 | 0.9414 | 0.9405 | 0.9311
0729 | 21:01:45 |  12.2s | 1.0e-04 | 0.0176 | 0.9555 | 0.9563 | 0.9608 | 0.0205 | 0.9394 | 0.9443 | 0.9332
0730 | 21:02:09 |  29.3s | 1.0e-04 | 0.0187 | 0.9516 | 0.9550 | 0.9557 | 0.0216 | 0.9294 | 0.9487 | 0.9273
0731 | 21:02:53 |  12.8s | 1.0e-04 | 0.0178 | 0.9549 | 0.9578 | 0.9615 | 0.0220 | 0.9281 | 0.9462 | 0.9236
0732 | 21:03:20 |  12.9s | 1.0e-04 | 0.0183 | 0.9528 | 0.9558 | 0.9573 | 0.0224 | 0.9330 | 0.9481 | 0.9310
0733 | 21:03:45 |  13.0s | 1.0e-04 | 0.0179 | 0.9540 | 0.9567 | 0.9593 | 0.0211 | 0.9471 | 0.9393 | 0.9348
0734 | 21:04:10 |  13.1s | 1.0e-04 | 0.0182 | 0.9534 | 0.9557 | 0.9578 | 0.0219 | 0.9384 | 0.9396 | 0.9292
0735 | 21:04:34 |  12.8s | 1.0e-04 | 0.0180 | 0.9539 | 0.9557 | 0.9584 | 0.0216 | 0.9384 | 0.9364 | 0.9222
0736 | 21:05:01 |  12.6s | 1.0e-04 | 0.0187 | 0.9527 | 0.9554 | 0.9568 | 0.0223 | 0.9401 | 0.9373 | 0.9266
0737 | 21:05:28 |  12.5s | 1.0e-04 | 0.0183 | 0.9542 | 0.9560 | 0.9592 | 0.0209 | 0.9401 | 0.9389 | 0.9264
0738 | 21:05:55 |  12.5s | 1.0e-04 | 0.0180 | 0.9526 | 0.9548 | 0.9563 | 0.0224 | 0.9381 | 0.9360 | 0.9209
0739 | 21:06:19 |  12.8s | 1.0e-04 | 0.0179 | 0.9538 | 0.9552 | 0.9582 | 0.0214 | 0.9423 | 0.9362 | 0.9282
0740 | 21:06:44 |  12.9s | 1.0e-04 | 0.0183 | 0.9528 | 0.9564 | 0.9585 | 0.0204 | 0.9504 | 0.9396 | 0.9404
0741 | 21:07:08 |  12.8s | 1.0e-04 | 0.0184 | 0.9541 | 0.9550 | 0.9582 | 0.0217 | 0.9428 | 0.9325 | 0.9234
0742 | 21:07:33 |  12.6s | 1.0e-04 | 0.0182 | 0.9529 | 0.9547 | 0.9573 | 0.0212 | 0.9384 | 0.9362 | 0.9242
0743 | 21:08:00 |  12.9s | 1.0e-04 | 0.0178 | 0.9541 | 0.9566 | 0.9588 | 0.0220 | 0.9285 | 0.9514 | 0.9317
0744 | 21:08:26 |  12.8s | 1.0e-04 | 0.0186 | 0.9538 | 0.9558 | 0.9582 | 0.0211 | 0.9403 | 0.9375 | 0.9256
0745 | 21:08:51 |  12.6s | 1.0e-04 | 0.0182 | 0.9535 | 0.9564 | 0.9589 | 0.0217 | 0.9358 | 0.9457 | 0.9283
0746 | 21:09:17 |  12.3s | 1.0e-04 | 0.0181 | 0.9546 | 0.9557 | 0.9589 | 0.0212 | 0.9324 | 0.9553 | 0.9363
0747 | 21:09:43 |  12.5s | 1.0e-04 | 0.0184 | 0.9532 | 0.9560 | 0.9586 | 0.0216 | 0.9326 | 0.9478 | 0.9298
0748 | 21:10:07 |  12.7s | 1.0e-04 | 0.0183 | 0.9533 | 0.9548 | 0.9574 | 0.0219 | 0.9344 | 0.9431 | 0.9282
0749 | 21:10:31 |  12.9s | 1.0e-04 | 0.0187 | 0.9521 | 0.9554 | 0.9565 | 0.0214 | 0.9420 | 0.9451 | 0.9361
0750 | 21:10:55 |  12.4s | 1.0e-04 | 0.0182 | 0.9532 | 0.9565 | 0.9587 | 0.0207 | 0.9323 | 0.9485 | 0.9298
0751 | 21:11:24 |  12.6s | 1.0e-04 | 0.0179 | 0.9521 | 0.9553 | 0.9561 | 0.0215 | 0.9408 | 0.9358 | 0.9274
0752 | 21:11:51 |  12.6s | 1.0e-04 | 0.0177 | 0.9532 | 0.9566 | 0.9591 | 0.0215 | 0.9392 | 0.9404 | 0.9302
0753 | 21:12:15 |  12.7s | 1.0e-04 | 0.0171 | 0.9553 | 0.9579 | 0.9617 | 0.0210 | 0.9416 | 0.9431 | 0.9336
0754 | 21:12:39 |  12.8s | 1.0e-04 | 0.0176 | 0.9539 | 0.9568 | 0.9594 | 0.0205 | 0.9404 | 0.9446 | 0.9341
0755 | 21:13:03 |  12.6s | 1.0e-04 | 0.0173 | 0.9546 | 0.9571 | 0.9603 | 0.0220 | 0.9428 | 0.9361 | 0.9274
0756 | 21:13:28 |  12.3s | 1.0e-04 | 0.0180 | 0.9521 | 0.9542 | 0.9556 | 0.0227 | 0.9338 | 0.9406 | 0.9259
0757 | 21:13:55 |  12.3s | 1.0e-04 | 0.0173 | 0.9548 | 0.9577 | 0.9602 | 0.0221 | 0.9461 | 0.9354 | 0.9314
0758 | 21:14:19 |  12.6s | 1.0e-04 | 0.0182 | 0.9524 | 0.9553 | 0.9562 | 0.0199 | 0.9439 | 0.9456 | 0.9380
0759 | 21:14:43 |  12.8s | 1.0e-04 | 0.0177 | 0.9535 | 0.9569 | 0.9588 | 0.0228 | 0.9312 | 0.9417 | 0.9246
0760 | 21:15:08 |  12.9s | 1.0e-04 | 0.0172 | 0.9552 | 0.9574 | 0.9606 | 0.0216 | 0.9470 | 0.9361 | 0.9314
0761 | 21:15:32 |  12.6s | 1.0e-04 | 0.0172 | 0.9559 | 0.9580 | 0.9617 | 0.0212 | 0.9322 | 0.9439 | 0.9253
0762 | 21:15:58 |  12.4s | 1.0e-04 | 0.0177 | 0.9540 | 0.9551 | 0.9587 | 0.0219 | 0.9303 | 0.9471 | 0.9274
0763 | 21:16:23 |  12.6s | 1.0e-04 | 0.0169 | 0.9563 | 0.9594 | 0.9629 | 0.0222 | 0.9277 | 0.9502 | 0.9279
0764 | 21:16:48 |  12.8s | 1.0e-04 | 0.0169 | 0.9546 | 0.9587 | 0.9617 | 0.0220 | 0.9397 | 0.9415 | 0.9309
0765 | 21:17:12 |  12.8s | 1.0e-04 | 0.0177 | 0.9550 | 0.9546 | 0.9594 | 0.0217 | 0.9309 | 0.9455 | 0.9246
0766 | 21:17:36 |  12.5s | 1.0e-04 | 0.0176 | 0.9537 | 0.9566 | 0.9594 | 0.0219 | 0.9363 | 0.9439 | 0.9314
0767 | 21:18:01 |  12.3s | 1.0e-04 | 0.0173 | 0.9558 | 0.9581 | 0.9614 | 0.0218 | 0.9433 | 0.9390 | 0.9306
0768 | 21:18:27 |  13.1s | 1.0e-04 | 0.0171 | 0.9554 | 0.9573 | 0.9615 | 0.0212 | 0.9419 | 0.9435 | 0.9350
0769 | 21:18:53 |  12.5s | 1.0e-04 | 0.0169 | 0.9552 | 0.9587 | 0.9620 | 0.0219 | 0.9459 | 0.9358 | 0.9330
0770 | 21:19:16 |  14.1s | 1.0e-04 | 0.0172 | 0.9536 | 0.9549 | 0.9583 | 0.0206 | 0.9323 | 0.9514 | 0.9342
0771 | 21:19:42 |  25.9s | 1.0e-04 | 0.0177 | 0.9526 | 0.9594 | 0.9593 | 0.0226 | 0.9290 | 0.9507 | 0.9298
0772 | 21:20:19 |  12.8s | 1.0e-04 | 0.0180 | 0.9547 | 0.9563 | 0.9598 | 0.0213 | 0.9431 | 0.9362 | 0.9278
0773 | 21:20:44 |  12.6s | 1.0e-04 | 0.0178 | 0.9547 | 0.9573 | 0.9603 | 0.0210 | 0.9421 | 0.9404 | 0.9317
0774 | 21:21:08 |  12.2s | 1.0e-04 | 0.0176 | 0.9551 | 0.9584 | 0.9618 | 0.0218 | 0.9320 | 0.9406 | 0.9204
0775 | 21:21:34 |  12.8s | 1.0e-04 | 0.0178 | 0.9538 | 0.9571 | 0.9601 | 0.0208 | 0.9406 | 0.9389 | 0.9279
0776 | 21:22:01 |  12.7s | 1.0e-04 | 0.0179 | 0.9549 | 0.9581 | 0.9610 | 0.0218 | 0.9399 | 0.9365 | 0.9257
0777 | 21:22:26 |  13.0s | 1.0e-04 | 0.0179 | 0.9552 | 0.9586 | 0.9622 | 0.0215 | 0.9377 | 0.9418 | 0.9298
0778 | 21:22:51 |  12.7s | 1.0e-04 | 0.0183 | 0.9546 | 0.9556 | 0.9584 | 0.0221 | 0.9438 | 0.9354 | 0.9311
0779 | 21:23:15 |  12.6s | 1.0e-04 | 0.0180 | 0.9529 | 0.9567 | 0.9580 | 0.0226 | 0.9379 | 0.9396 | 0.9266
0780 | 21:23:40 |  12.5s | 1.0e-04 | 0.0182 | 0.9554 | 0.9570 | 0.9608 | 0.0216 | 0.9290 | 0.9488 | 0.9274
0781 | 21:24:07 |  12.3s | 1.0e-04 | 0.0177 | 0.9563 | 0.9590 | 0.9636 | 0.0219 | 0.9410 | 0.9341 | 0.9253
0782 | 21:24:31 |  12.7s | 1.0e-04 | 0.0180 | 0.9555 | 0.9574 | 0.9611 | 0.0207 | 0.9453 | 0.9346 | 0.9317
0783 | 21:24:55 |  12.7s | 1.0e-04 | 0.0177 | 0.9556 | 0.9562 | 0.9605 | 0.0206 | 0.9341 | 0.9530 | 0.9370
0784 | 21:25:19 |  12.9s | 1.0e-04 | 0.0177 | 0.9548 | 0.9579 | 0.9614 | 0.0226 | 0.9446 | 0.9327 | 0.9228
0785 | 21:25:45 |  13.3s | 1.0e-04 | 0.0179 | 0.9548 | 0.9575 | 0.9611 | 0.0214 | 0.9448 | 0.9357 | 0.9317
0786 | 21:26:14 |  12.6s | 1.0e-04 | 0.0177 | 0.9544 | 0.9577 | 0.9606 | 0.0201 | 0.9380 | 0.9488 | 0.9367
0787 | 21:26:40 |  12.5s | 1.0e-04 | 0.0182 | 0.9544 | 0.9563 | 0.9601 | 0.0196 | 0.9369 | 0.9433 | 0.9299
0788 | 21:27:05 |  21.8s | 1.0e-04 | 0.0176 | 0.9548 | 0.9588 | 0.9608 | 0.0205 | 0.9400 | 0.9432 | 0.9333
0789 | 21:27:39 |  12.7s | 1.0e-04 | 0.0182 | 0.9547 | 0.9569 | 0.9607 | 0.0208 | 0.9488 | 0.9334 | 0.9339
0790 | 21:28:04 |  12.9s | 1.0e-04 | 0.0175 | 0.9555 | 0.9594 | 0.9631 | 0.0211 | 0.9323 | 0.9439 | 0.9245
0791 | 21:28:28 |  12.8s | 1.0e-04 | 0.0177 | 0.9546 | 0.9584 | 0.9607 | 0.0209 | 0.9397 | 0.9391 | 0.9293
0792 | 21:28:52 |  25.2s | 1.0e-04 | 0.0178 | 0.9550 | 0.9585 | 0.9609 | 0.0214 | 0.9394 | 0.9426 | 0.9317
0793 | 21:29:29 |  12.9s | 1.0e-04 | 0.0192 | 0.9509 | 0.9527 | 0.9537 | 0.0212 | 0.9357 | 0.9482 | 0.9341
0794 | 21:29:53 |  12.5s | 1.0e-04 | 0.0184 | 0.9511 | 0.9537 | 0.9543 | 0.0222 | 0.9383 | 0.9355 | 0.9230
0795 | 21:30:18 |  12.6s | 1.0e-04 | 0.0185 | 0.9509 | 0.9546 | 0.9553 | 0.0208 | 0.9420 | 0.9396 | 0.9295
0796 | 21:30:42 |  12.8s | 1.0e-04 | 0.0187 | 0.9522 | 0.9537 | 0.9556 | 0.0202 | 0.9424 | 0.9418 | 0.9357
0797 | 21:31:06 |  12.7s | 1.0e-04 | 0.0184 | 0.9526 | 0.9554 | 0.9572 | 0.0211 | 0.9445 | 0.9419 | 0.9375
0798 | 21:31:30 |  12.4s | 1.0e-04 | 0.0179 | 0.9526 | 0.9536 | 0.9558 | 0.0204 | 0.9368 | 0.9457 | 0.9326
0799 | 21:31:56 |  12.6s | 1.0e-04 | 0.0182 | 0.9526 | 0.9527 | 0.9546 | 0.0221 | 0.9315 | 0.9414 | 0.9197
0800 | 21:32:22 |  12.4s | 1.0e-04 | 0.0176 | 0.9532 | 0.9557 | 0.9579 | 0.0219 | 0.9385 | 0.9391 | 0.9277
0801 | 21:32:46 |  12.8s | 1.0e-04 | 0.0182 | 0.9521 | 0.9556 | 0.9569 | 0.0216 | 0.9358 | 0.9436 | 0.9297
0802 | 21:33:10 |  12.6s | 1.0e-04 | 0.0179 | 0.9531 | 0.9557 | 0.9575 | 0.0221 | 0.9455 | 0.9363 | 0.9348
0803 | 21:33:34 |  12.7s | 1.0e-04 | 0.0182 | 0.9527 | 0.9554 | 0.9576 | 0.0208 | 0.9376 | 0.9453 | 0.9331
0804 | 21:33:59 |  12.6s | 1.0e-04 | 0.0179 | 0.9537 | 0.9543 | 0.9573 | 0.0218 | 0.9446 | 0.9396 | 0.9330
0805 | 21:34:26 |  12.3s | 1.0e-04 | 0.0180 | 0.9543 | 0.9557 | 0.9594 | 0.0221 | 0.9469 | 0.9355 | 0.9340
0806 | 21:34:51 |  12.6s | 1.0e-04 | 0.0185 | 0.9512 | 0.9538 | 0.9542 | 0.0231 | 0.9496 | 0.9310 | 0.9308
0807 | 21:35:15 |  12.9s | 1.0e-04 | 0.0184 | 0.9521 | 0.9547 | 0.9558 | 0.0213 | 0.9394 | 0.9339 | 0.9212
0808 | 21:35:39 |  12.6s | 1.0e-04 | 0.0180 | 0.9535 | 0.9547 | 0.9575 | 0.0210 | 0.9415 | 0.9427 | 0.9344
0809 | 21:36:03 |  22.6s | 1.0e-04 | 0.0182 | 0.9523 | 0.9562 | 0.9568 | 0.0215 | 0.9372 | 0.9467 | 0.9340
0810 | 21:36:37 |  12.6s | 1.0e-04 | 0.0182 | 0.9510 | 0.9520 | 0.9529 | 0.0210 | 0.9400 | 0.9439 | 0.9351
0811 | 21:37:01 |  12.5s | 1.0e-04 | 0.0177 | 0.9532 | 0.9540 | 0.9565 | 0.0210 | 0.9468 | 0.9301 | 0.9271
0812 | 21:37:27 |  12.2s | 1.0e-04 | 0.0176 | 0.9545 | 0.9543 | 0.9577 | 0.0215 | 0.9469 | 0.9338 | 0.9322
0813 | 21:37:52 |  23.9s | 1.0e-04 | 0.0183 | 0.9511 | 0.9526 | 0.9527 | 0.0216 | 0.9395 | 0.9399 | 0.9288
0814 | 21:38:29 |  12.6s | 1.0e-04 | 0.0181 | 0.9501 | 0.9539 | 0.9532 | 0.0220 | 0.9461 | 0.9326 | 0.9317
0815 | 21:38:56 |  12.5s | 1.0e-04 | 0.0180 | 0.9519 | 0.9545 | 0.9557 | 0.0214 | 0.9398 | 0.9421 | 0.9313
0816 | 21:39:21 |  13.0s | 1.0e-04 | 0.0183 | 0.9480 | 0.9539 | 0.9519 | 0.0205 | 0.9406 | 0.9423 | 0.9320
0817 | 21:39:46 |  12.7s | 1.0e-04 | 0.0182 | 0.9508 | 0.9523 | 0.9527 | 0.0209 | 0.9420 | 0.9382 | 0.9298
0818 | 21:40:10 |  12.8s | 1.0e-04 | 0.0181 | 0.9513 | 0.9526 | 0.9537 | 0.0211 | 0.9329 | 0.9519 | 0.9348
0819 | 21:40:34 |  12.7s | 1.0e-04 | 0.0181 | 0.9502 | 0.9525 | 0.9526 | 0.0221 | 0.9303 | 0.9512 | 0.9317
0820 | 21:40:58 |  12.7s | 1.0e-04 | 0.0183 | 0.9508 | 0.9523 | 0.9531 | 0.0216 | 0.9355 | 0.9416 | 0.9285
0821 | 21:41:23 |  12.6s | 1.0e-04 | 0.0179 | 0.9537 | 0.9535 | 0.9562 | 0.0214 | 0.9488 | 0.9310 | 0.9326
0822 | 21:41:46 |  12.9s | 1.0e-04 | 0.0178 | 0.9515 | 0.9540 | 0.9550 | 0.0218 | 0.9457 | 0.9366 | 0.9358
0823 | 21:42:12 |  12.5s | 1.0e-04 | 0.0177 | 0.9526 | 0.9540 | 0.9563 | 0.0215 | 0.9396 | 0.9404 | 0.9281
0824 | 21:42:38 |  12.5s | 1.0e-04 | 0.0181 | 0.9510 | 0.9539 | 0.9539 | 0.0220 | 0.9497 | 0.9322 | 0.9347
0825 | 21:43:03 |  12.6s | 1.0e-04 | 0.0184 | 0.9514 | 0.9523 | 0.9532 | 0.0217 | 0.9395 | 0.9381 | 0.9253
0826 | 21:43:27 |  12.8s | 1.0e-04 | 0.0182 | 0.9521 | 0.9540 | 0.9557 | 0.0212 | 0.9368 | 0.9446 | 0.9325
0827 | 21:43:51 |  12.6s | 1.0e-04 | 0.0181 | 0.9527 | 0.9516 | 0.9539 | 0.0210 | 0.9382 | 0.9464 | 0.9330
0828 | 21:44:15 |  12.5s | 1.0e-04 | 0.0179 | 0.9528 | 0.9524 | 0.9552 | 0.0211 | 0.9345 | 0.9480 | 0.9319
0829 | 21:44:41 |  12.3s | 1.0e-04 | 0.0177 | 0.9511 | 0.9529 | 0.9547 | 0.0215 | 0.9481 | 0.9383 | 0.9358
0830 | 21:45:07 |  22.2s | 1.0e-04 | 0.0181 | 0.9522 | 0.9537 | 0.9554 | 0.0209 | 0.9404 | 0.9346 | 0.9269
0831 | 21:45:43 |  12.3s | 1.0e-04 | 0.0182 | 0.9524 | 0.9524 | 0.9546 | 0.0216 | 0.9409 | 0.9376 | 0.9276
0832 | 21:46:08 |  12.6s | 1.0e-04 | 0.0180 | 0.9519 | 0.9551 | 0.9556 | 0.0218 | 0.9294 | 0.9506 | 0.9316
0833 | 21:46:32 |  12.6s | 1.0e-04 | 0.0181 | 0.9519 | 0.9545 | 0.9562 | 0.0208 | 0.9507 | 0.9327 | 0.9309
0834 | 21:46:55 |  25.5s | 1.0e-04 | 0.0178 | 0.9539 | 0.9521 | 0.9556 | 0.0217 | 0.9391 | 0.9427 | 0.9302
0835 | 21:47:32 |  12.8s | 1.0e-04 | 0.0177 | 0.9534 | 0.9573 | 0.9591 | 0.0213 | 0.9388 | 0.9396 | 0.9300
0836 | 21:47:56 |  12.4s | 1.0e-04 | 0.0177 | 0.9542 | 0.9574 | 0.9607 | 0.0213 | 0.9452 | 0.9302 | 0.9261
0837 | 21:48:19 |  12.3s | 1.0e-04 | 0.0175 | 0.9547 | 0.9571 | 0.9603 | 0.0202 | 0.9413 | 0.9459 | 0.9367
0838 | 21:48:45 |  12.3s | 1.0e-04 | 0.0175 | 0.9563 | 0.9574 | 0.9617 | 0.0209 | 0.9324 | 0.9495 | 0.9322
0839 | 21:49:11 |  12.6s | 1.0e-04 | 0.0174 | 0.9529 | 0.9572 | 0.9588 | 0.0222 | 0.9340 | 0.9551 | 0.9400
0840 | 21:49:35 |  12.5s | 1.0e-04 | 0.0178 | 0.9546 | 0.9543 | 0.9583 | 0.0208 | 0.9454 | 0.9335 | 0.9260
0841 | 21:49:59 |  12.8s | 1.0e-04 | 0.0176 | 0.9537 | 0.9571 | 0.9598 | 0.0205 | 0.9337 | 0.9500 | 0.9333
0842 | 21:50:23 |  12.6s | 1.0e-04 | 0.0178 | 0.9551 | 0.9571 | 0.9607 | 0.0224 | 0.9390 | 0.9360 | 0.9237
0843 | 21:50:47 |  12.3s | 1.0e-04 | 0.0178 | 0.9527 | 0.9556 | 0.9578 | 0.0221 | 0.9418 | 0.9348 | 0.9271
0844 | 21:51:13 |  12.7s | 1.0e-04 | 0.0170 | 0.9551 | 0.9572 | 0.9608 | 0.0207 | 0.9435 | 0.9375 | 0.9319
0845 | 21:51:39 |  12.4s | 1.0e-04 | 0.0174 | 0.9536 | 0.9551 | 0.9578 | 0.0214 | 0.9379 | 0.9463 | 0.9338
0846 | 21:52:04 |  12.5s | 1.0e-04 | 0.0175 | 0.9549 | 0.9572 | 0.9606 | 0.0205 | 0.9447 | 0.9334 | 0.9268
0847 | 21:52:30 |  12.1s | 1.0e-04 | 0.0175 | 0.9534 | 0.9554 | 0.9584 | 0.0213 | 0.9375 | 0.9362 | 0.9243
0848 | 21:52:54 |  12.4s | 1.0e-04 | 0.0172 | 0.9552 | 0.9578 | 0.9622 | 0.0210 | 0.9449 | 0.9336 | 0.9278
0849 | 21:53:18 |  12.5s | 1.0e-04 | 0.0174 | 0.9536 | 0.9566 | 0.9590 | 0.0207 | 0.9413 | 0.9402 | 0.9307
0850 | 21:53:42 |  12.4s | 1.0e-04 | 0.0171 | 0.9536 | 0.9563 | 0.9596 | 0.0214 | 0.9457 | 0.9315 | 0.9284
0851 | 21:54:07 |  12.4s | 1.0e-04 | 0.0176 | 0.9568 | 0.9566 | 0.9624 | 0.0210 | 0.9399 | 0.9365 | 0.9286
0852 | 21:54:33 |  12.2s | 1.0e-04 | 0.0176 | 0.9539 | 0.9557 | 0.9587 | 0.0208 | 0.9424 | 0.9391 | 0.9306
0853 | 21:54:57 |  12.7s | 1.0e-04 | 0.0175 | 0.9534 | 0.9579 | 0.9588 | 0.0205 | 0.9341 | 0.9529 | 0.9379
0854 | 21:55:21 |  12.8s | 1.0e-04 | 0.0176 | 0.9531 | 0.9566 | 0.9586 | 0.0208 | 0.9368 | 0.9461 | 0.9329
0855 | 21:55:45 |  25.4s | 1.0e-04 | 0.0177 | 0.9553 | 0.9551 | 0.9595 | 0.0213 | 0.9405 | 0.9347 | 0.9248
0856 | 21:56:22 |  12.7s | 1.0e-04 | 0.0172 | 0.9555 | 0.9555 | 0.9599 | 0.0207 | 0.9447 | 0.9382 | 0.9318
0857 | 21:56:45 |  12.3s | 1.0e-04 | 0.0173 | 0.9542 | 0.9572 | 0.9591 | 0.0211 | 0.9399 | 0.9422 | 0.9317
0858 | 21:57:10 |  12.2s | 1.0e-04 | 0.0170 | 0.9546 | 0.9590 | 0.9611 | 0.0217 | 0.9445 | 0.9342 | 0.9309
0859 | 21:57:36 |  12.3s | 1.0e-04 | 0.0176 | 0.9532 | 0.9586 | 0.9594 | 0.0217 | 0.9289 | 0.9490 | 0.9280
0860 | 21:58:00 |  12.4s | 1.0e-04 | 0.0175 | 0.9540 | 0.9573 | 0.9595 | 0.0208 | 0.9363 | 0.9445 | 0.9295
0861 | 21:58:23 |  12.6s | 1.0e-04 | 0.0175 | 0.9534 | 0.9568 | 0.9588 | 0.0212 | 0.9409 | 0.9409 | 0.9307
0862 | 21:58:47 |  12.5s | 1.0e-04 | 0.0175 | 0.9549 | 0.9563 | 0.9594 | 0.0197 | 0.9432 | 0.9403 | 0.9344
0863 | 21:59:12 |  12.0s | 1.0e-04 | 0.0175 | 0.9555 | 0.9572 | 0.9606 | 0.0214 | 0.9424 | 0.9370 | 0.9311
0864 | 21:59:37 |  12.1s | 1.0e-04 | 0.0174 | 0.9552 | 0.9573 | 0.9612 | 0.0196 | 0.9458 | 0.9431 | 0.9394
0865 | 22:00:01 |  12.6s | 1.0e-04 | 0.0176 | 0.9544 | 0.9575 | 0.9603 | 0.0235 | 0.9432 | 0.9304 | 0.9211
0866 | 22:00:25 |  12.7s | 1.0e-04 | 0.0174 | 0.9544 | 0.9548 | 0.9585 | 0.0212 | 0.9461 | 0.9391 | 0.9348
0867 | 22:00:49 |  12.4s | 1.0e-04 | 0.0178 | 0.9557 | 0.9548 | 0.9603 | 0.0216 | 0.9452 | 0.9375 | 0.9332
0868 | 22:01:14 |  12.0s | 1.0e-04 | 0.0171 | 0.9559 | 0.9563 | 0.9602 | 0.0218 | 0.9417 | 0.9357 | 0.9301
0869 | 22:01:39 |  12.2s | 1.0e-04 | 0.0172 | 0.9534 | 0.9578 | 0.9601 | 0.0214 | 0.9423 | 0.9433 | 0.9365
0870 | 22:02:03 |  12.3s | 1.0e-04 | 0.0170 | 0.9561 | 0.9573 | 0.9621 | 0.0214 | 0.9428 | 0.9389 | 0.9323
0871 | 22:02:29 |  21.4s | 1.0e-04 | 0.0174 | 0.9550 | 0.9576 | 0.9617 | 0.0207 | 0.9376 | 0.9414 | 0.9288
0872 | 22:03:02 |  12.4s | 1.0e-04 | 0.0173 | 0.9543 | 0.9581 | 0.9614 | 0.0210 | 0.9387 | 0.9477 | 0.9359
0873 | 22:03:27 |  11.9s | 1.0e-04 | 0.0171 | 0.9552 | 0.9580 | 0.9618 | 0.0205 | 0.9478 | 0.9400 | 0.9401
0874 | 22:03:52 |  12.1s | 1.0e-04 | 0.0168 | 0.9556 | 0.9585 | 0.9630 | 0.0207 | 0.9460 | 0.9349 | 0.9288
0875 | 22:04:16 |  12.5s | 1.0e-04 | 0.0174 | 0.9548 | 0.9578 | 0.9612 | 0.0221 | 0.9308 | 0.9461 | 0.9262
0876 | 22:04:43 |  12.8s | 1.0e-04 | 0.0179 | 0.9531 | 0.9550 | 0.9576 | 0.0219 | 0.9388 | 0.9426 | 0.9327
0877 | 22:05:07 |  12.8s | 1.0e-04 | 0.0174 | 0.9533 | 0.9556 | 0.9583 | 0.0216 | 0.9417 | 0.9367 | 0.9284
0878 | 22:05:31 |  12.5s | 1.0e-04 | 0.0178 | 0.9534 | 0.9546 | 0.9576 | 0.0207 | 0.9428 | 0.9379 | 0.9299
0879 | 22:05:57 |  12.6s | 1.0e-04 | 0.0177 | 0.9540 | 0.9569 | 0.9593 | 0.0212 | 0.9319 | 0.9441 | 0.9233
0880 | 22:06:22 |  12.3s | 1.0e-04 | 0.0174 | 0.9541 | 0.9570 | 0.9598 | 0.0213 | 0.9403 | 0.9467 | 0.9356
0881 | 22:06:46 |  13.0s | 1.0e-04 | 0.0173 | 0.9550 | 0.9553 | 0.9593 | 0.0214 | 0.9403 | 0.9436 | 0.9343
0882 | 22:07:10 |  12.6s | 1.0e-04 | 0.0176 | 0.9543 | 0.9557 | 0.9594 | 0.0236 | 0.9412 | 0.9311 | 0.9227
0883 | 22:07:33 |  12.5s | 1.0e-04 | 0.0171 | 0.9549 | 0.9560 | 0.9602 | 0.0207 | 0.9470 | 0.9354 | 0.9313
0884 | 22:07:58 |  12.3s | 1.0e-04 | 0.0180 | 0.9532 | 0.9559 | 0.9578 | 0.0202 | 0.9477 | 0.9456 | 0.9438
0885 | 22:08:25 |  12.5s | 1.0e-04 | 0.0173 | 0.9544 | 0.9563 | 0.9597 | 0.0216 | 0.9208 | 0.9579 | 0.9317
0886 | 22:08:51 |  12.5s | 1.0e-04 | 0.0171 | 0.9525 | 0.9562 | 0.9576 | 0.0210 | 0.9331 | 0.9462 | 0.9291
0887 | 22:09:15 |  12.6s | 1.0e-04 | 0.0174 | 0.9546 | 0.9569 | 0.9600 | 0.0214 | 0.9395 | 0.9431 | 0.9315
0888 | 22:09:38 |  12.7s | 1.0e-04 | 0.0170 | 0.9545 | 0.9572 | 0.9603 | 0.0206 | 0.9352 | 0.9460 | 0.9299
0889 | 22:10:02 |  12.5s | 1.0e-04 | 0.0173 | 0.9544 | 0.9566 | 0.9596 | 0.0215 | 0.9465 | 0.9380 | 0.9356
0890 | 22:10:27 |  12.7s | 1.0e-04 | 0.0177 | 0.9523 | 0.9573 | 0.9587 | 0.0207 | 0.9396 | 0.9420 | 0.9310
0891 | 22:10:53 |  12.4s | 1.0e-04 | 0.0172 | 0.9531 | 0.9559 | 0.9584 | 0.0200 | 0.9455 | 0.9400 | 0.9355
0892 | 22:11:17 |  21.4s | 1.0e-04 | 0.0177 | 0.9550 | 0.9572 | 0.9612 | 0.0218 | 0.9495 | 0.9383 | 0.9389
0893 | 22:11:52 |  12.2s | 1.0e-04 | 0.0175 | 0.9533 | 0.9555 | 0.9577 | 0.0216 | 0.9532 | 0.9258 | 0.9321
0894 | 22:12:15 |  12.8s | 1.0e-04 | 0.0181 | 0.9522 | 0.9533 | 0.9552 | 0.0214 | 0.9375 | 0.9437 | 0.9301
0895 | 22:12:39 |  12.6s | 1.0e-04 | 0.0172 | 0.9548 | 0.9559 | 0.9595 | 0.0205 | 0.9398 | 0.9399 | 0.9296
0896 | 22:13:04 |  24.7s | 1.0e-04 | 0.0171 | 0.9558 | 0.9566 | 0.9610 | 0.0221 | 0.9406 | 0.9388 | 0.9301
0897 | 22:13:41 |  12.1s | 1.0e-04 | 0.0168 | 0.9554 | 0.9564 | 0.9613 | 0.0220 | 0.9390 | 0.9465 | 0.9345
0898 | 22:14:04 |  12.2s | 1.0e-04 | 0.0166 | 0.9575 | 0.9577 | 0.9639 | 0.0211 | 0.9385 | 0.9428 | 0.9330
0899 | 22:14:28 |  12.5s | 1.0e-04 | 0.0175 | 0.9566 | 0.9570 | 0.9621 | 0.0209 | 0.9515 | 0.9266 | 0.9300
0900 | 22:14:51 |  12.3s | 1.0e-04 | 0.0170 | 0.9552 | 0.9573 | 0.9609 | 0.0220 | 0.9343 | 0.9478 | 0.9306
0901 | 22:15:15 |  12.1s | 1.0e-04 | 0.0170 | 0.9552 | 0.9573 | 0.9616 | 0.0223 | 0.9483 | 0.9308 | 0.9287
0902 | 22:15:41 |  12.4s | 1.0e-04 | 0.0168 | 0.9573 | 0.9588 | 0.9636 | 0.0224 | 0.9304 | 0.9470 | 0.9273
0903 | 22:16:06 |  12.4s | 1.0e-04 | 0.0168 | 0.9551 | 0.9578 | 0.9618 | 0.0217 | 0.9401 | 0.9447 | 0.9346
0904 | 22:16:30 |  12.5s | 1.0e-04 | 0.0171 | 0.9562 | 0.9579 | 0.9623 | 0.0219 | 0.9402 | 0.9360 | 0.9245
0905 | 22:16:53 |  12.8s | 1.0e-04 | 0.0168 | 0.9559 | 0.9572 | 0.9626 | 0.0221 | 0.9407 | 0.9379 | 0.9274
0906 | 22:17:17 |  12.0s | 1.0e-04 | 0.0170 | 0.9559 | 0.9578 | 0.9627 | 0.0212 | 0.9526 | 0.9351 | 0.9401
0907 | 22:17:42 |  12.4s | 1.0e-04 | 0.0173 | 0.9540 | 0.9553 | 0.9585 | 0.0209 | 0.9321 | 0.9491 | 0.9307
0908 | 22:18:07 |  12.2s | 1.0e-04 | 0.0171 | 0.9543 | 0.9576 | 0.9602 | 0.0209 | 0.9313 | 0.9475 | 0.9291
0909 | 22:18:30 |  12.4s | 1.0e-04 | 0.0175 | 0.9555 | 0.9564 | 0.9610 | 0.0218 | 0.9324 | 0.9480 | 0.9303
0910 | 22:18:54 |  12.5s | 1.0e-04 | 0.0174 | 0.9541 | 0.9560 | 0.9589 | 0.0217 | 0.9316 | 0.9479 | 0.9291
0911 | 22:19:18 |  12.3s | 1.0e-04 | 0.0170 | 0.9551 | 0.9595 | 0.9620 | 0.0216 | 0.9403 | 0.9382 | 0.9310
0912 | 22:19:44 |  12.1s | 1.0e-04 | 0.0167 | 0.9569 | 0.9593 | 0.9633 | 0.0213 | 0.9397 | 0.9425 | 0.9285
0913 | 22:20:09 |  21.4s | 1.0e-04 | 0.0168 | 0.9553 | 0.9581 | 0.9629 | 0.0219 | 0.9455 | 0.9288 | 0.9250
0914 | 22:20:44 |  12.1s | 1.0e-04 | 0.0163 | 0.9548 | 0.9576 | 0.9612 | 0.0215 | 0.9389 | 0.9448 | 0.9327
0915 | 22:21:08 |  12.2s | 1.0e-04 | 0.0170 | 0.9560 | 0.9563 | 0.9610 | 0.0218 | 0.9337 | 0.9483 | 0.9320
0916 | 22:21:31 |  12.5s | 1.0e-04 | 0.0165 | 0.9560 | 0.9581 | 0.9627 | 0.0212 | 0.9443 | 0.9381 | 0.9277
0917 | 22:21:55 |  24.1s | 1.0e-04 | 0.0170 | 0.9543 | 0.9547 | 0.9587 | 0.0208 | 0.9341 | 0.9480 | 0.9325
0918 | 22:22:31 |  12.4s | 1.0e-04 | 0.0179 | 0.9532 | 0.9558 | 0.9585 | 0.0226 | 0.9236 | 0.9545 | 0.9287
0919 | 22:22:54 |  12.3s | 1.0e-04 | 0.0176 | 0.9545 | 0.9543 | 0.9588 | 0.0212 | 0.9523 | 0.9328 | 0.9370
0920 | 22:23:20 |  12.1s | 1.0e-04 | 0.0173 | 0.9540 | 0.9560 | 0.9587 | 0.0211 | 0.9451 | 0.9327 | 0.9290
0921 | 22:23:48 |  12.6s | 1.0e-04 | 0.0178 | 0.9530 | 0.9544 | 0.9568 | 0.0216 | 0.9462 | 0.9386 | 0.9342
0922 | 22:24:12 |  12.5s | 1.0e-04 | 0.0176 | 0.9532 | 0.9553 | 0.9581 | 0.0208 | 0.9370 | 0.9442 | 0.9288
0923 | 22:24:35 |  12.5s | 1.0e-04 | 0.0177 | 0.9519 | 0.9563 | 0.9573 | 0.0215 | 0.9453 | 0.9346 | 0.9295
0924 | 22:25:00 |  12.4s | 1.0e-04 | 0.0178 | 0.9532 | 0.9540 | 0.9565 | 0.0210 | 0.9331 | 0.9441 | 0.9261
0925 | 22:25:25 |  12.5s | 1.0e-04 | 0.0176 | 0.9534 | 0.9565 | 0.9584 | 0.0198 | 0.9374 | 0.9478 | 0.9348
0926 | 22:25:51 |  12.3s | 1.0e-04 | 0.0174 | 0.9549 | 0.9577 | 0.9610 | 0.0206 | 0.9279 | 0.9563 | 0.9362
0927 | 22:26:15 |  12.6s | 1.0e-04 | 0.0176 | 0.9543 | 0.9554 | 0.9584 | 0.0226 | 0.9330 | 0.9434 | 0.9246
0928 | 22:26:39 |  12.8s | 1.0e-04 | 0.0177 | 0.9507 | 0.9545 | 0.9550 | 0.0215 | 0.9387 | 0.9465 | 0.9350
0929 | 22:27:03 |  12.5s | 1.0e-04 | 0.0178 | 0.9537 | 0.9518 | 0.9552 | 0.0209 | 0.9455 | 0.9397 | 0.9333
0930 | 22:27:29 |  12.2s | 1.0e-04 | 0.0173 | 0.9541 | 0.9538 | 0.9574 | 0.0211 | 0.9401 | 0.9460 | 0.9351
0931 | 22:27:56 |  12.2s | 1.0e-04 | 0.0175 | 0.9541 | 0.9568 | 0.9597 | 0.0214 | 0.9448 | 0.9349 | 0.9305
0932 | 22:28:20 |  12.3s | 1.0e-04 | 0.0179 | 0.9534 | 0.9534 | 0.9557 | 0.0216 | 0.9363 | 0.9395 | 0.9247
0933 | 22:28:44 |  12.7s | 1.0e-04 | 0.0178 | 0.9529 | 0.9543 | 0.9566 | 0.0202 | 0.9350 | 0.9456 | 0.9312
0934 | 22:29:08 |  22.1s | 1.0e-04 | 0.0182 | 0.9522 | 0.9542 | 0.9560 | 0.0212 | 0.9374 | 0.9496 | 0.9369
0935 | 22:29:42 |  12.9s | 1.0e-04 | 0.0185 | 0.9527 | 0.9551 | 0.9568 | 0.0217 | 0.9423 | 0.9403 | 0.9330
0936 | 22:30:07 |  12.6s | 1.0e-04 | 0.0185 | 0.9528 | 0.9548 | 0.9566 | 0.0213 | 0.9433 | 0.9391 | 0.9331
0937 | 22:30:33 |  12.9s | 1.0e-04 | 0.0182 | 0.9545 | 0.9548 | 0.9580 | 0.0206 | 0.9410 | 0.9366 | 0.9295
0938 | 22:30:58 |  25.5s | 1.0e-04 | 0.0186 | 0.9532 | 0.9544 | 0.9563 | 0.0208 | 0.9469 | 0.9408 | 0.9359
0939 | 22:31:37 |  12.5s | 1.0e-04 | 0.0185 | 0.9516 | 0.9541 | 0.9551 | 0.0207 | 0.9367 | 0.9433 | 0.9299
0940 | 22:32:05 |  12.6s | 1.0e-04 | 0.0187 | 0.9527 | 0.9552 | 0.9566 | 0.0208 | 0.9408 | 0.9388 | 0.9313
0941 | 22:32:30 |  12.5s | 1.0e-04 | 0.0185 | 0.9523 | 0.9555 | 0.9571 | 0.0215 | 0.9335 | 0.9555 | 0.9393
0942 | 22:32:54 |  12.7s | 1.0e-04 | 0.0183 | 0.9522 | 0.9564 | 0.9578 | 0.0206 | 0.9459 | 0.9382 | 0.9337
0943 | 22:33:19 |  12.6s | 1.0e-04 | 0.0186 | 0.9527 | 0.9547 | 0.9567 | 0.0198 | 0.9420 | 0.9415 | 0.9330
0944 | 22:33:43 |  12.4s | 1.0e-04 | 0.0181 | 0.9540 | 0.9568 | 0.9598 | 0.0207 | 0.9435 | 0.9396 | 0.9317
0945 | 22:34:09 |  12.1s | 1.0e-04 | 0.0184 | 0.9533 | 0.9549 | 0.9574 | 0.0210 | 0.9438 | 0.9349 | 0.9276
0946 | 22:34:35 |  12.6s | 1.0e-04 | 0.0186 | 0.9510 | 0.9541 | 0.9551 | 0.0215 | 0.9341 | 0.9455 | 0.9287
0947 | 22:35:00 |  12.4s | 1.0e-04 | 0.0182 | 0.9548 | 0.9537 | 0.9581 | 0.0199 | 0.9495 | 0.9430 | 0.9425
0948 | 22:35:26 |  12.3s | 1.0e-04 | 0.0187 | 0.9537 | 0.9557 | 0.9586 | 0.0207 | 0.9405 | 0.9382 | 0.9265
0949 | 22:35:51 |  12.4s | 1.0e-04 | 0.0182 | 0.9537 | 0.9541 | 0.9574 | 0.0209 | 0.9364 | 0.9449 | 0.9304
0950 | 22:36:15 |  12.5s | 1.0e-04 | 0.0181 | 0.9533 | 0.9562 | 0.9584 | 0.0212 | 0.9352 | 0.9433 | 0.9288
0951 | 22:36:39 |  12.5s | 1.0e-04 | 0.0182 | 0.9537 | 0.9550 | 0.9577 | 0.0208 | 0.9382 | 0.9422 | 0.9326
0952 | 22:37:03 |  12.5s | 1.0e-04 | 0.0184 | 0.9545 | 0.9536 | 0.9573 | 0.0200 | 0.9377 | 0.9491 | 0.9370
0953 | 22:37:28 |  12.5s | 1.0e-04 | 0.0188 | 0.9524 | 0.9546 | 0.9563 | 0.0205 | 0.9373 | 0.9472 | 0.9348
0954 | 22:37:54 |  12.5s | 1.0e-04 | 0.0185 | 0.9522 | 0.9566 | 0.9576 | 0.0218 | 0.9312 | 0.9479 | 0.9287
0955 | 22:38:20 |  20.9s | 1.0e-04 | 0.0180 | 0.9537 | 0.9570 | 0.9603 | 0.0205 | 0.9369 | 0.9436 | 0.9299
0956 | 22:38:55 |  12.4s | 1.0e-04 | 0.0179 | 0.9549 | 0.9573 | 0.9610 | 0.0209 | 0.9360 | 0.9376 | 0.9228
0957 | 22:39:19 |  12.6s | 1.0e-04 | 0.0179 | 0.9563 | 0.9559 | 0.9612 | 0.0206 | 0.9344 | 0.9510 | 0.9361
0958 | 22:39:43 |  12.9s | 1.0e-04 | 0.0178 | 0.9560 | 0.9585 | 0.9622 | 0.0204 | 0.9424 | 0.9443 | 0.9365
0959 | 22:40:08 |  26.5s | 1.0e-04 | 0.0181 | 0.9537 | 0.9571 | 0.9591 | 0.0200 | 0.9464 | 0.9447 | 0.9416
0960 | 22:40:46 |  12.6s | 1.0e-04 | 0.0180 | 0.9536 | 0.9565 | 0.9584 | 0.0224 | 0.9412 | 0.9390 | 0.9285
0961 | 22:41:10 |  12.6s | 1.0e-04 | 0.0182 | 0.9549 | 0.9541 | 0.9584 | 0.0209 | 0.9463 | 0.9358 | 0.9326
0962 | 22:41:35 |  12.4s | 1.0e-04 | 0.0180 | 0.9555 | 0.9562 | 0.9602 | 0.0227 | 0.9428 | 0.9379 | 0.9319
0963 | 22:42:00 |  12.2s | 1.0e-04 | 0.0183 | 0.9534 | 0.9557 | 0.9587 | 0.0211 | 0.9423 | 0.9374 | 0.9278
0964 | 22:42:26 |  12.3s | 1.0e-04 | 0.0174 | 0.9532 | 0.9579 | 0.9601 | 0.0200 | 0.9474 | 0.9351 | 0.9329
0965 | 22:42:50 |  12.5s | 1.0e-04 | 0.0184 | 0.9527 | 0.9553 | 0.9571 | 0.0215 | 0.9423 | 0.9410 | 0.9334
0966 | 22:43:14 |  13.1s | 1.0e-04 | 0.0180 | 0.9537 | 0.9567 | 0.9585 | 0.0208 | 0.9369 | 0.9453 | 0.9321
0967 | 22:43:39 |  12.4s | 1.0e-04 | 0.0186 | 0.9525 | 0.9564 | 0.9581 | 0.0199 | 0.9499 | 0.9373 | 0.9367
0968 | 22:44:03 |  12.4s | 1.0e-04 | 0.0180 | 0.9535 | 0.9564 | 0.9590 | 0.0220 | 0.9502 | 0.9282 | 0.9333
0969 | 22:44:30 |  12.2s | 1.0e-04 | 0.0181 | 0.9533 | 0.9571 | 0.9580 | 0.0203 | 0.9396 | 0.9501 | 0.9399
0970 | 22:44:55 |  12.4s | 1.0e-04 | 0.0182 | 0.9536 | 0.9571 | 0.9589 | 0.0197 | 0.9425 | 0.9465 | 0.9380
0971 | 22:45:21 |  12.5s | 1.0e-04 | 0.0180 | 0.9534 | 0.9568 | 0.9584 | 0.0204 | 0.9416 | 0.9451 | 0.9371
0972 | 22:45:46 |  12.2s | 1.0e-04 | 0.0176 | 0.9558 | 0.9588 | 0.9627 | 0.0208 | 0.9436 | 0.9402 | 0.9373
0973 | 22:46:12 |  12.1s | 1.0e-04 | 0.0178 | 0.9542 | 0.9577 | 0.9601 | 0.0212 | 0.9391 | 0.9397 | 0.9282
0974 | 22:46:35 |  12.6s | 1.0e-04 | 0.0184 | 0.9526 | 0.9560 | 0.9578 | 0.0220 | 0.9353 | 0.9387 | 0.9226
0975 | 22:46:59 |  12.5s | 1.0e-04 | 0.0176 | 0.9551 | 0.9568 | 0.9604 | 0.0212 | 0.9449 | 0.9397 | 0.9320
0976 | 22:47:23 |  12.3s | 1.0e-04 | 0.0183 | 0.9516 | 0.9540 | 0.9555 | 0.0208 | 0.9472 | 0.9326 | 0.9266
0977 | 22:47:48 |  12.4s | 1.0e-04 | 0.0186 | 0.9537 | 0.9530 | 0.9561 | 0.0211 | 0.9377 | 0.9418 | 0.9309
0978 | 22:48:12 |  12.6s | 1.0e-04 | 0.0185 | 0.9529 | 0.9533 | 0.9556 | 0.0215 | 0.9480 | 0.9387 | 0.9352
0979 | 22:48:36 |  12.4s | 1.0e-04 | 0.0183 | 0.9528 | 0.9527 | 0.9548 | 0.0213 | 0.9466 | 0.9356 | 0.9357
0980 | 22:49:00 |  26.3s | 1.0e-04 | 0.0193 | 0.9516 | 0.9541 | 0.9550 | 0.0213 | 0.9440 | 0.9362 | 0.9309
0981 | 22:49:38 |  12.5s | 1.0e-04 | 0.0189 | 0.9535 | 0.9541 | 0.9569 | 0.0221 | 0.9360 | 0.9391 | 0.9220
0982 | 22:50:02 |  12.4s | 1.0e-04 | 0.0195 | 0.9520 | 0.9535 | 0.9549 | 0.0205 | 0.9489 | 0.9332 | 0.9296
0983 | 22:50:25 |  12.2s | 1.0e-04 | 0.0188 | 0.9523 | 0.9532 | 0.9548 | 0.0208 | 0.9364 | 0.9486 | 0.9347
0984 | 22:50:51 |  12.3s | 1.0e-04 | 0.0192 | 0.9535 | 0.9546 | 0.9569 | 0.0205 | 0.9426 | 0.9442 | 0.9359
0985 | 22:51:17 |  12.5s | 1.0e-04 | 0.0192 | 0.9508 | 0.9544 | 0.9542 | 0.0217 | 0.9429 | 0.9312 | 0.9282
0986 | 22:51:41 |  12.8s | 1.0e-04 | 0.0192 | 0.9514 | 0.9547 | 0.9555 | 0.0204 | 0.9416 | 0.9391 | 0.9311
0987 | 22:52:05 |  12.4s | 1.0e-04 | 0.0194 | 0.9509 | 0.9549 | 0.9547 | 0.0196 | 0.9411 | 0.9444 | 0.9368
0988 | 22:52:29 |  12.4s | 1.0e-04 | 0.0198 | 0.9496 | 0.9545 | 0.9535 | 0.0203 | 0.9461 | 0.9425 | 0.9381
0989 | 22:52:54 |  12.0s | 1.0e-04 | 0.0194 | 0.9513 | 0.9542 | 0.9552 | 0.0215 | 0.9449 | 0.9400 | 0.9336
0990 | 22:53:19 |  12.2s | 1.0e-04 | 0.0187 | 0.9531 | 0.9549 | 0.9573 | 0.0207 | 0.9424 | 0.9412 | 0.9333
0991 | 22:53:43 |  12.6s | 1.0e-04 | 0.0196 | 0.9528 | 0.9542 | 0.9568 | 0.0204 | 0.9303 | 0.9531 | 0.9342
0992 | 22:54:07 |  12.4s | 1.0e-04 | 0.0190 | 0.9524 | 0.9560 | 0.9571 | 0.0207 | 0.9432 | 0.9436 | 0.9380
0993 | 22:54:30 |  12.3s | 1.0e-04 | 0.0191 | 0.9527 | 0.9544 | 0.9565 | 0.0207 | 0.9411 | 0.9425 | 0.9332
0994 | 22:54:56 |  12.2s | 1.0e-04 | 0.0190 | 0.9532 | 0.9529 | 0.9560 | 0.0208 | 0.9408 | 0.9385 | 0.9274
0995 | 22:55:21 |  12.1s | 1.0e-04 | 0.0188 | 0.9531 | 0.9548 | 0.9574 | 0.0220 | 0.9351 | 0.9410 | 0.9262
0996 | 22:55:45 |  22.4s | 1.0e-04 | 0.0194 | 0.9508 | 0.9542 | 0.9546 | 0.0212 | 0.9541 | 0.9359 | 0.9392
0997 | 22:56:20 |  12.8s | 1.0e-04 | 0.0184 | 0.9537 | 0.9580 | 0.9594 | 0.0210 | 0.9366 | 0.9463 | 0.9330
0998 | 22:56:44 |  12.3s | 1.0e-04 | 0.0185 | 0.9550 | 0.9575 | 0.9617 | 0.0218 | 0.9326 | 0.9504 | 0.9326
0999 | 22:57:09 |  12.1s | 1.0e-04 | 0.0188 | 0.9535 | 0.9563 | 0.9580 | 0.0207 | 0.9459 | 0.9324 | 0.9334
1000 | 22:57:35 |  12.2s | 1.0e-04 | 0.0187 | 0.9519 | 0.9558 | 0.9564 | 0.0209 | 0.9547 | 0.9350 | 0.9406
1001 | 22:58:03 |  12.2s | 1.0e-04 | 0.0168 | 0.9568 | 0.9575 | 0.9626 | 0.0221 | 0.9346 | 0.9492 | 0.9335
1002 | 22:58:27 |  12.8s | 1.0e-04 | 0.0168 | 0.9556 | 0.9593 | 0.9625 | 0.0216 | 0.9392 | 0.9425 | 0.9290
1003 | 22:58:51 |  12.8s | 1.0e-04 | 0.0167 | 0.9557 | 0.9590 | 0.9621 | 0.0203 | 0.9397 | 0.9451 | 0.9354
1004 | 22:59:15 |  12.6s | 1.0e-04 | 0.0167 | 0.9561 | 0.9574 | 0.9618 | 0.0206 | 0.9349 | 0.9520 | 0.9373
1005 | 22:59:40 |  12.7s | 1.0e-04 | 0.0165 | 0.9560 | 0.9573 | 0.9614 | 0.0207 | 0.9443 | 0.9319 | 0.9255
1006 | 23:00:04 |  12.8s | 1.0e-04 | 0.0169 | 0.9558 | 0.9577 | 0.9617 | 0.0205 | 0.9391 | 0.9439 | 0.9335
1007 | 23:00:29 |  12.6s | 1.0e-04 | 0.0163 | 0.9568 | 0.9591 | 0.9633 | 0.0213 | 0.9372 | 0.9436 | 0.9308
1008 | 23:00:53 |  12.7s | 1.0e-04 | 0.0168 | 0.9551 | 0.9574 | 0.9618 | 0.0220 | 0.9352 | 0.9517 | 0.9368
1009 | 23:01:17 |  12.7s | 1.0e-04 | 0.0171 | 0.9544 | 0.9597 | 0.9619 | 0.0197 | 0.9405 | 0.9501 | 0.9405
1010 | 23:01:42 |  12.8s | 1.0e-04 | 0.0166 | 0.9539 | 0.9595 | 0.9613 | 0.0209 | 0.9367 | 0.9471 | 0.9334
1011 | 23:02:09 |  12.6s | 1.0e-04 | 0.0167 | 0.9567 | 0.9594 | 0.9635 | 0.0217 | 0.9362 | 0.9491 | 0.9358
1012 | 23:02:33 |  12.7s | 1.0e-04 | 0.0167 | 0.9558 | 0.9580 | 0.9613 | 0.0205 | 0.9453 | 0.9391 | 0.9375
1013 | 23:02:57 |  12.8s | 1.0e-04 | 0.0168 | 0.9556 | 0.9570 | 0.9611 | 0.0209 | 0.9416 | 0.9412 | 0.9327
1014 | 23:03:21 |  12.9s | 1.0e-04 | 0.0170 | 0.9553 | 0.9573 | 0.9605 | 0.0198 | 0.9368 | 0.9485 | 0.9351
1015 | 23:03:45 |  12.7s | 1.0e-04 | 0.0165 | 0.9563 | 0.9582 | 0.9624 | 0.0212 | 0.9343 | 0.9462 | 0.9287
1016 | 23:04:11 |  12.3s | 1.0e-04 | 0.0165 | 0.9560 | 0.9584 | 0.9628 | 0.0219 | 0.9469 | 0.9353 | 0.9327
1017 | 23:04:37 |  21.8s | 1.0e-04 | 0.0172 | 0.9527 | 0.9563 | 0.9580 | 0.0201 | 0.9490 | 0.9305 | 0.9330
1018 | 23:05:12 |  12.3s | 1.0e-04 | 0.0168 | 0.9532 | 0.9557 | 0.9577 | 0.0222 | 0.9435 | 0.9416 | 0.9343
1019 | 23:05:37 |  12.2s | 1.0e-04 | 0.0164 | 0.9558 | 0.9565 | 0.9607 | 0.0218 | 0.9324 | 0.9509 | 0.9339
1020 | 23:06:01 |  12.5s | 1.0e-04 | 0.0167 | 0.9549 | 0.9564 | 0.9607 | 0.0203 | 0.9505 | 0.9340 | 0.9341
1021 | 23:06:24 |  22.4s | 1.0e-04 | 0.0174 | 0.9533 | 0.9546 | 0.9567 | 0.0207 | 0.9478 | 0.9338 | 0.9331
1022 | 23:07:01 |  12.8s | 1.0e-04 | 0.0175 | 0.9549 | 0.9567 | 0.9600 | 0.0202 | 0.9428 | 0.9399 | 0.9328
1023 | 23:07:27 |  12.5s | 1.0e-04 | 0.0171 | 0.9552 | 0.9580 | 0.9608 | 0.0205 | 0.9470 | 0.9397 | 0.9381
1024 | 23:07:53 |  12.6s | 1.0e-04 | 0.0173 | 0.9551 | 0.9560 | 0.9605 | 0.0207 | 0.9310 | 0.9529 | 0.9349
1025 | 23:08:17 |  12.6s | 1.0e-04 | 0.0174 | 0.9539 | 0.9543 | 0.9576 | 0.0212 | 0.9409 | 0.9479 | 0.9391
1026 | 23:08:41 |  12.7s | 1.0e-04 | 0.0172 | 0.9552 | 0.9567 | 0.9602 | 0.0201 | 0.9426 | 0.9479 | 0.9398
1027 | 23:09:05 |  12.6s | 1.0e-04 | 0.0175 | 0.9537 | 0.9551 | 0.9573 | 0.0209 | 0.9422 | 0.9422 | 0.9347
1028 | 23:09:30 |  12.3s | 1.0e-04 | 0.0173 | 0.9546 | 0.9556 | 0.9597 | 0.0214 | 0.9399 | 0.9379 | 0.9287
1029 | 23:09:56 |  12.5s | 1.0e-04 | 0.0169 | 0.9559 | 0.9567 | 0.9608 | 0.0206 | 0.9385 | 0.9464 | 0.9354
1030 | 23:10:20 |  12.6s | 1.0e-04 | 0.0175 | 0.9537 | 0.9550 | 0.9577 | 0.0202 | 0.9400 | 0.9410 | 0.9317
1031 | 23:10:44 |  12.6s | 1.0e-04 | 0.0172 | 0.9549 | 0.9559 | 0.9606 | 0.0217 | 0.9316 | 0.9503 | 0.9323
1032 | 23:11:08 |  12.3s | 1.0e-04 | 0.0176 | 0.9548 | 0.9561 | 0.9595 | 0.0214 | 0.9428 | 0.9450 | 0.9369
1033 | 23:11:33 |  12.3s | 1.0e-04 | 0.0171 | 0.9564 | 0.9579 | 0.9619 | 0.0204 | 0.9378 | 0.9416 | 0.9292
1034 | 23:12:00 |  12.3s | 1.0e-04 | 0.0178 | 0.9541 | 0.9575 | 0.9607 | 0.0209 | 0.9323 | 0.9426 | 0.9235
1035 | 23:12:24 |  12.6s | 1.0e-04 | 0.0174 | 0.9549 | 0.9564 | 0.9594 | 0.0206 | 0.9474 | 0.9417 | 0.9369
1036 | 23:12:48 |  12.6s | 1.0e-04 | 0.0175 | 0.9556 | 0.9566 | 0.9606 | 0.0213 | 0.9452 | 0.9358 | 0.9333
1037 | 23:13:12 |  12.2s | 1.0e-04 | 0.0169 | 0.9542 | 0.9570 | 0.9604 | 0.0209 | 0.9399 | 0.9472 | 0.9359
1038 | 23:13:36 |  20.3s | 1.0e-04 | 0.0177 | 0.9545 | 0.9574 | 0.9599 | 0.0216 | 0.9423 | 0.9347 | 0.9276
1039 | 23:14:07 |  12.5s | 1.0e-04 | 0.0172 | 0.9554 | 0.9586 | 0.9617 | 0.0220 | 0.9370 | 0.9376 | 0.9225
1040 | 23:14:32 |  12.5s | 1.0e-04 | 0.0176 | 0.9544 | 0.9576 | 0.9603 | 0.0216 | 0.9428 | 0.9325 | 0.9243
1041 | 23:14:59 |  12.3s | 1.0e-04 | 0.0172 | 0.9553 | 0.9576 | 0.9619 | 0.0209 | 0.9427 | 0.9416 | 0.9345
1042 | 23:15:22 |  25.4s | 1.0e-04 | 0.0173 | 0.9558 | 0.9588 | 0.9624 | 0.0209 | 0.9406 | 0.9391 | 0.9297
1043 | 23:16:02 |  12.3s | 1.0e-04 | 0.0178 | 0.9572 | 0.9589 | 0.9636 | 0.0207 | 0.9469 | 0.9372 | 0.9350
1044 | 23:16:27 |  12.8s | 1.0e-04 | 0.0173 | 0.9560 | 0.9585 | 0.9626 | 0.0212 | 0.9357 | 0.9461 | 0.9330
1045 | 23:16:51 |  12.5s | 1.0e-04 | 0.0172 | 0.9566 | 0.9584 | 0.9630 | 0.0205 | 0.9391 | 0.9433 | 0.9323
1046 | 23:17:14 |  12.7s | 1.0e-04 | 0.0174 | 0.9564 | 0.9586 | 0.9628 | 0.0200 | 0.9454 | 0.9407 | 0.9368
1047 | 23:17:39 |  12.8s | 1.0e-04 | 0.0172 | 0.9566 | 0.9587 | 0.9634 | 0.0210 | 0.9386 | 0.9434 | 0.9311
1048 | 23:18:02 |  12.8s | 1.0e-04 | 0.0173 | 0.9563 | 0.9593 | 0.9633 | 0.0213 | 0.9466 | 0.9309 | 0.9260
1049 | 23:18:26 |  12.7s | 1.0e-04 | 0.0172 | 0.9564 | 0.9586 | 0.9629 | 0.0202 | 0.9471 | 0.9427 | 0.9425
1050 | 23:18:51 |  12.4s | 1.0e-04 | 0.0169 | 0.9569 | 0.9601 | 0.9647 | 0.0215 | 0.9382 | 0.9458 | 0.9326
1051 | 23:19:16 |  12.3s | 1.0e-04 | 0.0175 | 0.9552 | 0.9587 | 0.9619 | 0.0210 | 0.9378 | 0.9449 | 0.9320
1052 | 23:19:42 |  12.3s | 1.0e-04 | 0.0178 | 0.9556 | 0.9582 | 0.9615 | 0.0200 | 0.9515 | 0.9328 | 0.9330
1053 | 23:20:06 |  12.8s | 1.0e-04 | 0.0171 | 0.9567 | 0.9575 | 0.9632 | 0.0207 | 0.9432 | 0.9402 | 0.9328
1054 | 23:20:30 |  12.6s | 1.0e-04 | 0.0171 | 0.9556 | 0.9587 | 0.9623 | 0.0207 | 0.9488 | 0.9359 | 0.9349
1055 | 23:20:54 |  12.5s | 1.0e-04 | 0.0173 | 0.9556 | 0.9581 | 0.9628 | 0.0209 | 0.9415 | 0.9417 | 0.9342
1056 | 23:21:18 |  12.2s | 1.0e-04 | 0.0176 | 0.9555 | 0.9591 | 0.9623 | 0.0207 | 0.9460 | 0.9384 | 0.9357
1057 | 23:21:44 |  12.6s | 1.0e-04 | 0.0182 | 0.9548 | 0.9581 | 0.9615 | 0.0210 | 0.9459 | 0.9364 | 0.9319
1058 | 23:22:09 |  12.7s | 1.0e-04 | 0.0175 | 0.9550 | 0.9580 | 0.9614 | 0.0204 | 0.9412 | 0.9428 | 0.9339
1059 | 23:22:33 |  22.2s | 1.0e-04 | 0.0182 | 0.9536 | 0.9572 | 0.9592 | 0.0204 | 0.9323 | 0.9473 | 0.9300
1060 | 23:23:07 |  12.4s | 1.0e-04 | 0.0183 | 0.9535 | 0.9584 | 0.9598 | 0.0204 | 0.9430 | 0.9365 | 0.9281
1061 | 23:23:30 |  12.8s | 1.0e-04 | 0.0180 | 0.9549 | 0.9578 | 0.9613 | 0.0210 | 0.9479 | 0.9352 | 0.9365
1062 | 23:23:54 |  12.6s | 1.0e-04 | 0.0177 | 0.9538 | 0.9581 | 0.9607 | 0.0218 | 0.9436 | 0.9340 | 0.9302
1063 | 23:24:19 |  25.1s | 1.0e-04 | 0.0177 | 0.9551 | 0.9583 | 0.9613 | 0.0207 | 0.9468 | 0.9366 | 0.9322
1064 | 23:24:56 |  12.5s | 1.0e-04 | 0.0182 | 0.9519 | 0.9551 | 0.9559 | 0.0209 | 0.9426 | 0.9396 | 0.9325
1065 | 23:25:20 |  12.3s | 1.0e-04 | 0.0187 | 0.9535 | 0.9558 | 0.9587 | 0.0210 | 0.9432 | 0.9439 | 0.9358
1066 | 23:25:45 |  12.3s | 1.0e-04 | 0.0181 | 0.9541 | 0.9556 | 0.9591 | 0.0206 | 0.9351 | 0.9515 | 0.9374
1067 | 23:26:11 |  12.5s | 1.0e-04 | 0.0180 | 0.9533 | 0.9563 | 0.9587 | 0.0205 | 0.9399 | 0.9533 | 0.9416
1068 | 23:26:35 |  12.8s | 1.0e-04 | 0.0185 | 0.9527 | 0.9566 | 0.9582 | 0.0211 | 0.9359 | 0.9531 | 0.9385
1069 | 23:26:59 |  12.6s | 1.0e-04 | 0.0183 | 0.9516 | 0.9561 | 0.9569 | 0.0197 | 0.9461 | 0.9383 | 0.9349
1070 | 23:27:23 |  12.4s | 1.0e-04 | 0.0186 | 0.9521 | 0.9536 | 0.9553 | 0.0200 | 0.9478 | 0.9412 | 0.9406
1071 | 23:27:48 |  12.1s | 1.0e-04 | 0.0184 | 0.9519 | 0.9555 | 0.9565 | 0.0213 | 0.9425 | 0.9348 | 0.9279
1072 | 23:28:16 |  12.7s | 1.0e-04 | 0.0186 | 0.9524 | 0.9553 | 0.9571 | 0.0211 | 0.9439 | 0.9401 | 0.9313
1073 | 23:28:40 |  12.2s | 1.0e-04 | 0.0187 | 0.9535 | 0.9542 | 0.9569 | 0.0204 | 0.9415 | 0.9431 | 0.9365
1074 | 23:29:04 |  12.1s | 1.0e-04 | 0.0180 | 0.9544 | 0.9561 | 0.9595 | 0.0221 | 0.9468 | 0.9328 | 0.9297
1075 | 23:29:27 |  12.2s | 1.0e-04 | 0.0187 | 0.9512 | 0.9541 | 0.9560 | 0.0201 | 0.9504 | 0.9390 | 0.9403
1076 | 23:29:52 |  12.2s | 1.0e-04 | 0.0183 | 0.9529 | 0.9554 | 0.9572 | 0.0207 | 0.9429 | 0.9467 | 0.9409
1077 | 23:30:18 |  12.6s | 1.0e-04 | 0.0180 | 0.9531 | 0.9551 | 0.9573 | 0.0211 | 0.9362 | 0.9436 | 0.9301
1078 | 23:30:42 |  12.3s | 1.0e-04 | 0.0185 | 0.9521 | 0.9541 | 0.9554 | 0.0200 | 0.9379 | 0.9554 | 0.9422
1079 | 23:31:05 |  12.7s | 1.0e-04 | 0.0187 | 0.9515 | 0.9552 | 0.9559 | 0.0217 | 0.9355 | 0.9476 | 0.9320
1080 | 23:31:29 |  22.2s | 1.0e-04 | 0.0181 | 0.9535 | 0.9556 | 0.9579 | 0.0198 | 0.9490 | 0.9464 | 0.9442
1081 | 23:32:02 |  12.7s | 1.0e-04 | 0.0180 | 0.9531 | 0.9553 | 0.9576 | 0.0204 | 0.9428 | 0.9421 | 0.9350
1082 | 23:32:27 |  12.4s | 1.0e-04 | 0.0182 | 0.9541 | 0.9548 | 0.9578 | 0.0202 | 0.9405 | 0.9430 | 0.9330
1083 | 23:32:53 |  12.3s | 1.0e-04 | 0.0185 | 0.9514 | 0.9532 | 0.9548 | 0.0217 | 0.9393 | 0.9448 | 0.9351
1084 | 23:33:17 |  24.1s | 1.0e-04 | 0.0181 | 0.9532 | 0.9563 | 0.9585 | 0.0208 | 0.9360 | 0.9455 | 0.9313
1085 | 23:33:55 |  12.1s | 1.0e-04 | 0.0176 | 0.9544 | 0.9563 | 0.9599 | 0.0208 | 0.9356 | 0.9462 | 0.9312
1086 | 23:34:18 |  12.6s | 1.0e-04 | 0.0177 | 0.9531 | 0.9566 | 0.9588 | 0.0212 | 0.9445 | 0.9376 | 0.9341
1087 | 23:34:42 |  12.7s | 1.0e-04 | 0.0182 | 0.9534 | 0.9564 | 0.9584 | 0.0207 | 0.9363 | 0.9485 | 0.9343
1088 | 23:35:07 |  12.9s | 1.0e-04 | 0.0179 | 0.9508 | 0.9555 | 0.9551 | 0.0197 | 0.9429 | 0.9393 | 0.9313
1089 | 23:35:33 |  12.4s | 1.0e-04 | 0.0176 | 0.9532 | 0.9563 | 0.9582 | 0.0201 | 0.9456 | 0.9409 | 0.9355
1090 | 23:36:00 |  12.2s | 1.0e-04 | 0.0180 | 0.9529 | 0.9565 | 0.9580 | 0.0195 | 0.9511 | 0.9433 | 0.9455
1091 | 23:36:24 |  12.3s | 1.0e-04 | 0.0177 | 0.9555 | 0.9573 | 0.9608 | 0.0199 | 0.9455 | 0.9445 | 0.9392
1092 | 23:36:48 |  12.7s | 1.0e-04 | 0.0172 | 0.9558 | 0.9580 | 0.9614 | 0.0211 | 0.9385 | 0.9465 | 0.9341
1093 | 23:37:12 |  12.3s | 1.0e-04 | 0.0183 | 0.9526 | 0.9551 | 0.9567 | 0.0218 | 0.9410 | 0.9440 | 0.9345
1094 | 23:37:36 |  12.1s | 1.0e-04 | 0.0174 | 0.9531 | 0.9562 | 0.9591 | 0.0214 | 0.9329 | 0.9482 | 0.9304
1095 | 23:38:02 |  12.3s | 1.0e-04 | 0.0175 | 0.9543 | 0.9564 | 0.9602 | 0.0211 | 0.9346 | 0.9404 | 0.9265
1096 | 23:38:26 |  12.1s | 1.0e-04 | 0.0173 | 0.9537 | 0.9574 | 0.9592 | 0.0214 | 0.9507 | 0.9261 | 0.9288
1097 | 23:38:49 |  12.8s | 1.0e-04 | 0.0175 | 0.9549 | 0.9557 | 0.9594 | 0.0198 | 0.9370 | 0.9506 | 0.9376
1098 | 23:39:15 |  12.3s | 1.0e-04 | 0.0176 | 0.9543 | 0.9552 | 0.9584 | 0.0208 | 0.9375 | 0.9482 | 0.9352
1099 | 23:39:39 |  12.5s | 1.0e-04 | 0.0177 | 0.9541 | 0.9573 | 0.9594 | 0.0210 | 0.9459 | 0.9356 | 0.9295
1100 | 23:40:02 |  12.4s | 1.0e-04 | 0.0179 | 0.9536 | 0.9582 | 0.9601 | 0.0200 | 0.9462 | 0.9405 | 0.9348
1101 | 23:40:26 |  12.1s | 1.0e-04 | 0.0179 | 0.9541 | 0.9576 | 0.9601 | 0.0218 | 0.9424 | 0.9410 | 0.9336
1102 | 23:40:51 |  12.1s | 1.0e-04 | 0.0178 | 0.9527 | 0.9568 | 0.9586 | 0.0205 | 0.9366 | 0.9491 | 0.9354
1103 | 23:41:17 |  12.4s | 1.0e-04 | 0.0182 | 0.9525 | 0.9542 | 0.9565 | 0.0201 | 0.9512 | 0.9362 | 0.9407
1104 | 23:41:40 |  12.6s | 1.0e-04 | 0.0178 | 0.9539 | 0.9538 | 0.9574 | 0.0200 | 0.9345 | 0.9534 | 0.9371
1105 | 23:42:04 |  25.4s | 1.0e-04 | 0.0192 | 0.9516 | 0.9540 | 0.9550 | 0.0200 | 0.9382 | 0.9470 | 0.9362
1106 | 23:42:41 |  12.3s | 1.0e-04 | 0.0189 | 0.9529 | 0.9549 | 0.9569 | 0.0197 | 0.9444 | 0.9500 | 0.9444
1107 | 23:43:04 |  12.7s | 1.0e-04 | 0.0188 | 0.9521 | 0.9550 | 0.9563 | 0.0200 | 0.9468 | 0.9440 | 0.9422
1108 | 23:43:28 |  12.2s | 1.0e-04 | 0.0189 | 0.9506 | 0.9525 | 0.9528 | 0.0207 | 0.9412 | 0.9461 | 0.9367
1109 | 23:43:54 |  12.1s | 1.0e-04 | 0.0191 | 0.9519 | 0.9546 | 0.9562 | 0.0210 | 0.9429 | 0.9360 | 0.9297
1110 | 23:44:19 |  12.1s | 1.0e-04 | 0.0189 | 0.9524 | 0.9547 | 0.9566 | 0.0214 | 0.9447 | 0.9376 | 0.9320
1111 | 23:44:42 |  12.5s | 1.0e-04 | 0.0193 | 0.9511 | 0.9546 | 0.9551 | 0.0201 | 0.9390 | 0.9469 | 0.9365
1112 | 23:45:06 |  12.4s | 1.0e-04 | 0.0190 | 0.9527 | 0.9541 | 0.9558 | 0.0205 | 0.9296 | 0.9520 | 0.9316
1113 | 23:45:30 |  12.5s | 1.0e-04 | 0.0192 | 0.9511 | 0.9545 | 0.9547 | 0.0212 | 0.9355 | 0.9523 | 0.9379
1114 | 23:45:56 |  12.1s | 1.0e-04 | 0.0189 | 0.9534 | 0.9564 | 0.9581 | 0.0208 | 0.9368 | 0.9483 | 0.9359
1115 | 23:46:21 |  12.6s | 1.0e-04 | 0.0193 | 0.9522 | 0.9540 | 0.9554 | 0.0196 | 0.9492 | 0.9371 | 0.9378
1116 | 23:46:45 |  12.9s | 1.0e-04 | 0.0190 | 0.9513 | 0.9537 | 0.9545 | 0.0197 | 0.9416 | 0.9441 | 0.9345
1117 | 23:47:09 |  12.5s | 1.0e-04 | 0.0190 | 0.9528 | 0.9547 | 0.9562 | 0.0199 | 0.9451 | 0.9454 | 0.9406
1118 | 23:47:33 |  12.7s | 1.0e-04 | 0.0190 | 0.9514 | 0.9546 | 0.9553 | 0.0191 | 0.9383 | 0.9496 | 0.9372
1119 | 23:47:58 |  12.6s | 1.0e-04 | 0.0185 | 0.9519 | 0.9567 | 0.9577 | 0.0207 | 0.9459 | 0.9378 | 0.9342
1120 | 23:48:24 |  12.0s | 1.0e-04 | 0.0190 | 0.9514 | 0.9542 | 0.9549 | 0.0201 | 0.9391 | 0.9494 | 0.9385
1121 | 23:48:48 |  21.9s | 1.0e-04 | 0.0190 | 0.9523 | 0.9553 | 0.9571 | 0.0204 | 0.9473 | 0.9395 | 0.9377
1122 | 23:49:22 |  12.5s | 1.0e-04 | 0.0185 | 0.9527 | 0.9529 | 0.9545 | 0.0203 | 0.9435 | 0.9365 | 0.9278
1123 | 23:49:46 |  12.6s | 1.0e-04 | 0.0183 | 0.9537 | 0.9552 | 0.9578 | 0.0207 | 0.9467 | 0.9305 | 0.9309
1124 | 23:50:13 |  12.1s | 1.0e-04 | 0.0179 | 0.9540 | 0.9560 | 0.9588 | 0.0205 | 0.9371 | 0.9467 | 0.9341
1125 | 23:50:37 |  12.3s | 1.0e-04 | 0.0181 | 0.9534 | 0.9554 | 0.9578 | 0.0201 | 0.9472 | 0.9408 | 0.9391
1126 | 23:51:02 |  12.6s | 1.0e-04 | 0.0171 | 0.9543 | 0.9558 | 0.9594 | 0.0199 | 0.9363 | 0.9504 | 0.9364
1127 | 23:51:26 |  12.4s | 1.0e-04 | 0.0175 | 0.9537 | 0.9542 | 0.9576 | 0.0212 | 0.9467 | 0.9404 | 0.9396
1128 | 23:51:50 |  12.4s | 1.0e-04 | 0.0171 | 0.9557 | 0.9565 | 0.9608 | 0.0212 | 0.9474 | 0.9296 | 0.9297
1129 | 23:52:16 |  12.4s | 1.0e-04 | 0.0173 | 0.9547 | 0.9541 | 0.9582 | 0.0203 | 0.9417 | 0.9489 | 0.9399
1130 | 23:52:41 |  12.3s | 1.0e-04 | 0.0173 | 0.9535 | 0.9545 | 0.9575 | 0.0205 | 0.9502 | 0.9432 | 0.9437
1131 | 23:53:05 |  12.6s | 1.0e-04 | 0.0172 | 0.9538 | 0.9560 | 0.9592 | 0.0209 | 0.9405 | 0.9407 | 0.9318
1132 | 23:53:28 |  12.4s | 1.0e-04 | 0.0177 | 0.9518 | 0.9546 | 0.9553 | 0.0207 | 0.9405 | 0.9422 | 0.9320
1133 | 23:53:52 |  12.3s | 1.0e-04 | 0.0177 | 0.9526 | 0.9552 | 0.9564 | 0.0208 | 0.9426 | 0.9483 | 0.9410
1134 | 23:54:18 |  12.2s | 1.0e-04 | 0.0173 | 0.9533 | 0.9566 | 0.9582 | 0.0201 | 0.9420 | 0.9384 | 0.9310
1135 | 23:54:42 |  12.6s | 1.0e-04 | 0.0174 | 0.9534 | 0.9559 | 0.9578 | 0.0202 | 0.9394 | 0.9460 | 0.9348
1136 | 23:55:06 |  12.5s | 1.0e-04 | 0.0172 | 0.9536 | 0.9563 | 0.9589 | 0.0209 | 0.9355 | 0.9459 | 0.9322
1137 | 23:55:29 |  12.5s | 1.0e-04 | 0.0170 | 0.9551 | 0.9556 | 0.9588 | 0.0212 | 0.9389 | 0.9431 | 0.9299
1138 | 23:55:53 |  12.1s | 1.0e-04 | 0.0173 | 0.9528 | 0.9564 | 0.9584 | 0.0208 | 0.9414 | 0.9374 | 0.9305
1139 | 23:56:19 |  12.0s | 1.0e-04 | 0.0169 | 0.9540 | 0.9561 | 0.9587 | 0.0190 | 0.9406 | 0.9486 | 0.9385
1140 | 23:56:44 |  12.2s | 1.0e-04 | 0.0172 | 0.9531 | 0.9560 | 0.9577 | 0.0210 | 0.9442 | 0.9434 | 0.9378
1141 | 23:57:07 |  12.4s | 1.0e-04 | 0.0174 | 0.9529 | 0.9537 | 0.9556 | 0.0204 | 0.9413 | 0.9443 | 0.9355
1142 | 23:57:31 |  22.4s | 1.0e-04 | 0.0172 | 0.9532 | 0.9555 | 0.9582 | 0.0206 | 0.9398 | 0.9442 | 0.9350
1143 | 23:58:04 |  12.5s | 1.0e-04 | 0.0179 | 0.9518 | 0.9548 | 0.9564 | 0.0212 | 0.9380 | 0.9449 | 0.9329
1144 | 23:58:28 |  12.4s | 1.0e-04 | 0.0171 | 0.9532 | 0.9565 | 0.9582 | 0.0210 | 0.9353 | 0.9474 | 0.9328
1145 | 23:58:52 |  12.4s | 1.0e-04 | 0.0170 | 0.9539 | 0.9577 | 0.9604 | 0.0213 | 0.9421 | 0.9410 | 0.9312
1146 | 23:59:18 |  25.3s | 1.0e-04 | 0.0173 | 0.9544 | 0.9568 | 0.9601 | 0.0218 | 0.9525 | 0.9257 | 0.9325
1147 | 23:59:54 |  12.4s | 1.0e-04 | 0.0173 | 0.9554 | 0.9595 | 0.9621 | 0.0200 | 0.9463 | 0.9453 | 0.9418
1148 | 00:00:20 |  12.3s | 1.0e-04 | 0.0170 | 0.9546 | 0.9589 | 0.9622 | 0.0197 | 0.9487 | 0.9372 | 0.9373
1149 | 00:00:45 |  12.5s | 1.0e-04 | 0.0174 | 0.9550 | 0.9585 | 0.9627 | 0.0204 | 0.9461 | 0.9359 | 0.9352
1150 | 00:01:10 |  12.4s | 1.0e-04 | 0.0174 | 0.9549 | 0.9603 | 0.9629 | 0.0205 | 0.9425 | 0.9479 | 0.9401
1151 | 00:01:35 |  12.5s | 1.0e-04 | 0.0171 | 0.9550 | 0.9587 | 0.9623 | 0.0203 | 0.9368 | 0.9465 | 0.9318
1152 | 00:02:01 |  12.6s | 1.0e-04 | 0.0165 | 0.9559 | 0.9605 | 0.9641 | 0.0199 | 0.9515 | 0.9350 | 0.9384
1153 | 00:02:24 |  12.6s | 1.0e-04 | 0.0168 | 0.9557 | 0.9606 | 0.9629 | 0.0207 | 0.9479 | 0.9302 | 0.9299
1154 | 00:02:48 |  12.6s | 1.0e-04 | 0.0169 | 0.9566 | 0.9588 | 0.9637 | 0.0211 | 0.9473 | 0.9416 | 0.9412
1155 | 00:03:12 |  12.6s | 1.0e-04 | 0.0170 | 0.9566 | 0.9586 | 0.9635 | 0.0205 | 0.9404 | 0.9453 | 0.9364
1156 | 00:03:38 |  12.4s | 1.0e-04 | 0.0168 | 0.9568 | 0.9596 | 0.9646 | 0.0203 | 0.9473 | 0.9385 | 0.9394
1157 | 00:04:04 |  12.3s | 1.0e-04 | 0.0177 | 0.9558 | 0.9561 | 0.9607 | 0.0212 | 0.9322 | 0.9468 | 0.9278
1158 | 00:04:27 |  12.6s | 1.0e-04 | 0.0167 | 0.9564 | 0.9598 | 0.9641 | 0.0208 | 0.9476 | 0.9376 | 0.9347
1159 | 00:04:51 |  12.6s | 1.0e-04 | 0.0171 | 0.9546 | 0.9591 | 0.9619 | 0.0203 | 0.9332 | 0.9534 | 0.9367
1160 | 00:05:15 |  12.7s | 1.0e-04 | 0.0170 | 0.9561 | 0.9599 | 0.9629 | 0.0215 | 0.9477 | 0.9373 | 0.9360
1161 | 00:05:39 |  12.3s | 1.0e-04 | 0.0172 | 0.9573 | 0.9576 | 0.9635 | 0.0200 | 0.9388 | 0.9517 | 0.9406
1162 | 00:06:05 |  12.3s | 1.0e-04 | 0.0174 | 0.9548 | 0.9591 | 0.9618 | 0.0203 | 0.9407 | 0.9408 | 0.9300
1163 | 00:06:30 |  20.6s | 1.0e-04 | 0.0167 | 0.9559 | 0.9589 | 0.9629 | 0.0211 | 0.9483 | 0.9373 | 0.9387
1164 | 00:07:04 |  12.4s | 1.0e-04 | 0.0166 | 0.9578 | 0.9599 | 0.9644 | 0.0218 | 0.9404 | 0.9419 | 0.9324
1165 | 00:07:27 |  12.6s | 1.0e-04 | 0.0163 | 0.9576 | 0.9607 | 0.9659 | 0.0218 | 0.9464 | 0.9359 | 0.9329
1166 | 00:07:51 |  12.3s | 1.0e-04 | 0.0165 | 0.9570 | 0.9592 | 0.9652 | 0.0206 | 0.9457 | 0.9456 | 0.9419
1167 | 00:08:15 |  26.1s | 1.0e-04 | 0.0169 | 0.9548 | 0.9586 | 0.9615 | 0.0213 | 0.9484 | 0.9361 | 0.9320
1168 | 00:08:52 |  12.5s | 1.0e-04 | 0.0177 | 0.9542 | 0.9562 | 0.9595 | 0.0208 | 0.9423 | 0.9378 | 0.9311
1169 | 00:09:15 |  12.7s | 1.0e-04 | 0.0179 | 0.9550 | 0.9563 | 0.9604 | 0.0213 | 0.9436 | 0.9392 | 0.9343
1170 | 00:09:40 |  12.3s | 1.0e-04 | 0.0176 | 0.9553 | 0.9571 | 0.9606 | 0.0205 | 0.9391 | 0.9438 | 0.9330
1171 | 00:10:07 |  12.3s | 1.0e-04 | 0.0178 | 0.9526 | 0.9570 | 0.9591 | 0.0202 | 0.9426 | 0.9471 | 0.9378
1172 | 00:10:31 |  12.3s | 1.0e-04 | 0.0178 | 0.9540 | 0.9578 | 0.9605 | 0.0210 | 0.9421 | 0.9424 | 0.9344
1173 | 00:10:55 |  12.6s | 1.0e-04 | 0.0182 | 0.9520 | 0.9583 | 0.9591 | 0.0214 | 0.9384 | 0.9433 | 0.9318
1174 | 00:11:20 |  12.3s | 1.0e-04 | 0.0177 | 0.9556 | 0.9560 | 0.9606 | 0.0209 | 0.9305 | 0.9547 | 0.9357
1175 | 00:11:44 |  12.7s | 1.0e-04 | 0.0183 | 0.9544 | 0.9577 | 0.9600 | 0.0205 | 0.9467 | 0.9407 | 0.9390
1176 | 00:12:08 |  12.6s | 1.0e-04 | 0.0178 | 0.9536 | 0.9558 | 0.9588 | 0.0212 | 0.9424 | 0.9413 | 0.9350
1177 | 00:12:32 |  12.8s | 1.0e-04 | 0.0180 | 0.9529 | 0.9575 | 0.9593 | 0.0201 | 0.9446 | 0.9406 | 0.9343
1178 | 00:12:58 |  12.8s | 1.0e-04 | 0.0180 | 0.9549 | 0.9561 | 0.9604 | 0.0205 | 0.9431 | 0.9407 | 0.9342
1179 | 00:13:25 |  12.6s | 1.0e-04 | 0.0181 | 0.9541 | 0.9558 | 0.9584 | 0.0206 | 0.9453 | 0.9395 | 0.9336
1180 | 00:13:51 |  13.0s | 1.0e-04 | 0.0183 | 0.9542 | 0.9580 | 0.9602 | 0.0206 | 0.9440 | 0.9530 | 0.9463
1181 | 00:14:16 |  12.7s | 1.0e-04 | 0.0179 | 0.9555 | 0.9567 | 0.9610 | 0.0207 | 0.9468 | 0.9417 | 0.9398
1182 | 00:14:40 |  12.8s | 1.0e-04 | 0.0176 | 0.9550 | 0.9570 | 0.9595 | 0.0189 | 0.9380 | 0.9480 | 0.9352
1183 | 00:15:05 |  12.4s | 1.0e-04 | 0.0182 | 0.9526 | 0.9581 | 0.9592 | 0.0210 | 0.9405 | 0.9415 | 0.9308
1184 | 00:15:31 |  22.6s | 1.0e-04 | 0.0180 | 0.9546 | 0.9577 | 0.9605 | 0.0201 | 0.9414 | 0.9446 | 0.9375
1185 | 00:16:06 |  12.3s | 1.0e-04 | 0.0186 | 0.9527 | 0.9558 | 0.9576 | 0.0197 | 0.9475 | 0.9401 | 0.9390
1186 | 00:16:33 |  12.4s | 1.0e-04 | 0.0180 | 0.9530 | 0.9573 | 0.9591 | 0.0205 | 0.9479 | 0.9389 | 0.9389
1187 | 00:16:57 |  12.7s | 1.0e-04 | 0.0187 | 0.9532 | 0.9559 | 0.9579 | 0.0204 | 0.9483 | 0.9324 | 0.9308
1188 | 00:17:21 |  25.8s | 1.0e-04 | 0.0182 | 0.9548 | 0.9574 | 0.9611 | 0.0194 | 0.9426 | 0.9468 | 0.9385
1189 | 00:17:59 |  12.7s | 1.0e-04 | 0.0176 | 0.9559 | 0.9605 | 0.9638 | 0.0195 | 0.9405 | 0.9444 | 0.9332
1190 | 00:18:23 |  12.9s | 1.0e-04 | 0.0180 | 0.9559 | 0.9601 | 0.9638 | 0.0194 | 0.9446 | 0.9410 | 0.9373
1191 | 00:18:47 |  12.6s | 1.0e-04 | 0.0179 | 0.9561 | 0.9607 | 0.9643 | 0.0215 | 0.9427 | 0.9435 | 0.9353
1192 | 00:19:11 |  12.4s | 1.0e-04 | 0.0180 | 0.9565 | 0.9598 | 0.9636 | 0.0207 | 0.9397 | 0.9493 | 0.9387
1193 | 00:19:37 |  12.6s | 1.0e-04 | 0.0175 | 0.9564 | 0.9599 | 0.9647 | 0.0196 | 0.9377 | 0.9509 | 0.9379
1194 | 00:20:02 |  12.4s | 1.0e-04 | 0.0184 | 0.9543 | 0.9585 | 0.9609 | 0.0206 | 0.9377 | 0.9467 | 0.9344
1195 | 00:20:26 |  12.6s | 1.0e-04 | 0.0178 | 0.9577 | 0.9606 | 0.9665 | 0.0198 | 0.9465 | 0.9399 | 0.9373
1196 | 00:20:50 |  12.5s | 1.0e-04 | 0.0179 | 0.9555 | 0.9587 | 0.9628 | 0.0211 | 0.9281 | 0.9458 | 0.9224
1197 | 00:21:15 |  12.2s | 1.0e-04 | 0.0174 | 0.9560 | 0.9610 | 0.9645 | 0.0200 | 0.9375 | 0.9469 | 0.9345
1198 | 00:21:41 |  12.2s | 1.0e-04 | 0.0180 | 0.9565 | 0.9589 | 0.9635 | 0.0205 | 0.9408 | 0.9452 | 0.9367
1199 | 00:22:05 |  12.4s | 1.0e-04 | 0.0179 | 0.9543 | 0.9586 | 0.9603 | 0.0205 | 0.9304 | 0.9501 | 0.9305
1200 | 00:22:31 |  12.3s | 1.0e-04 | 0.0178 | 0.9571 | 0.9585 | 0.9636 | 0.0204 | 0.9462 | 0.9358 | 0.9310
1201 | 00:22:57 |  12.1s | 1.0e-04 | 0.0178 | 0.9559 | 0.9592 | 0.9636 | 0.0203 | 0.9412 | 0.9406 | 0.9282
1202 | 00:23:22 |  12.5s | 1.0e-04 | 0.0178 | 0.9560 | 0.9598 | 0.9634 | 0.0202 | 0.9418 | 0.9434 | 0.9353
1203 | 00:23:45 |  12.7s | 1.0e-04 | 0.0174 | 0.9579 | 0.9588 | 0.9645 | 0.0203 | 0.9455 | 0.9463 | 0.9412
1204 | 00:24:09 |  12.5s | 1.0e-04 | 0.0176 | 0.9568 | 0.9584 | 0.9638 | 0.0200 | 0.9422 | 0.9417 | 0.9349
1205 | 00:24:34 |  22.4s | 1.0e-04 | 0.0180 | 0.9558 | 0.9592 | 0.9623 | 0.0198 | 0.9367 | 0.9537 | 0.9405
1206 | 00:25:08 |  12.6s | 1.0e-04 | 0.0180 | 0.9566 | 0.9590 | 0.9639 | 0.0197 | 0.9447 | 0.9401 | 0.9355
1207 | 00:25:32 |  12.4s | 1.0e-04 | 0.0179 | 0.9563 | 0.9596 | 0.9630 | 0.0207 | 0.9444 | 0.9414 | 0.9356
1208 | 00:25:58 |  12.2s | 1.0e-04 | 0.0177 | 0.9579 | 0.9601 | 0.9655 | 0.0200 | 0.9416 | 0.9427 | 0.9355
1209 | 00:26:22 |  25.4s | 1.0e-04 | 0.0173 | 0.9575 | 0.9567 | 0.9627 | 0.0207 | 0.9396 | 0.9431 | 0.9348
1210 | 00:27:01 |  12.2s | 1.0e-04 | 0.0173 | 0.9548 | 0.9578 | 0.9608 | 0.0213 | 0.9472 | 0.9441 | 0.9438
1211 | 00:27:25 |  12.6s | 1.0e-04 | 0.0168 | 0.9566 | 0.9575 | 0.9627 | 0.0209 | 0.9406 | 0.9412 | 0.9329
1212 | 00:27:49 |  12.5s | 1.0e-04 | 0.0168 | 0.9558 | 0.9585 | 0.9629 | 0.0205 | 0.9499 | 0.9361 | 0.9368
1213 | 00:28:12 |  12.5s | 1.0e-04 | 0.0166 | 0.9577 | 0.9580 | 0.9638 | 0.0209 | 0.9397 | 0.9452 | 0.9350
1214 | 00:28:36 |  12.2s | 1.0e-04 | 0.0167 | 0.9551 | 0.9589 | 0.9624 | 0.0196 | 0.9420 | 0.9457 | 0.9361
1215 | 00:29:02 |  12.3s | 1.0e-04 | 0.0169 | 0.9574 | 0.9612 | 0.9657 | 0.0203 | 0.9392 | 0.9449 | 0.9322
1216 | 00:29:26 |  12.5s | 1.0e-04 | 0.0167 | 0.9576 | 0.9600 | 0.9655 | 0.0196 | 0.9427 | 0.9445 | 0.9375
1217 | 00:29:50 |  12.7s | 1.0e-04 | 0.0172 | 0.9561 | 0.9575 | 0.9625 | 0.0207 | 0.9484 | 0.9324 | 0.9347
1218 | 00:30:13 |  12.7s | 1.0e-04 | 0.0166 | 0.9570 | 0.9582 | 0.9637 | 0.0202 | 0.9398 | 0.9507 | 0.9407
1219 | 00:30:38 |  12.2s | 1.0e-04 | 0.0167 | 0.9572 | 0.9593 | 0.9637 | 0.0206 | 0.9397 | 0.9533 | 0.9426
1220 | 00:31:04 |  12.3s | 1.0e-04 | 0.0170 | 0.9560 | 0.9584 | 0.9624 | 0.0217 | 0.9530 | 0.9251 | 0.9328
1221 | 00:31:28 |  12.3s | 1.0e-04 | 0.0169 | 0.9561 | 0.9595 | 0.9632 | 0.0207 | 0.9420 | 0.9393 | 0.9328
1222 | 00:31:51 |  12.3s | 1.0e-04 | 0.0169 | 0.9566 | 0.9605 | 0.9643 | 0.0203 | 0.9349 | 0.9496 | 0.9345
1223 | 00:32:15 |  12.7s | 1.0e-04 | 0.0172 | 0.9547 | 0.9612 | 0.9633 | 0.0219 | 0.9325 | 0.9501 | 0.9331
1224 | 00:32:40 |  12.2s | 1.0e-04 | 0.0167 | 0.9572 | 0.9590 | 0.9648 | 0.0196 | 0.9337 | 0.9533 | 0.9380
1225 | 00:33:08 |  12.0s | 1.0e-04 | 0.0167 | 0.9553 | 0.9598 | 0.9641 | 0.0208 | 0.9363 | 0.9563 | 0.9425
1226 | 00:33:34 |  12.2s | 1.0e-04 | 0.0170 | 0.9549 | 0.9590 | 0.9616 | 0.0207 | 0.9446 | 0.9421 | 0.9381
1227 | 00:33:57 |  12.4s | 1.0e-04 | 0.0175 | 0.9546 | 0.9584 | 0.9606 | 0.0217 | 0.9428 | 0.9373 | 0.9288
1228 | 00:34:21 |  12.4s | 1.0e-04 | 0.0182 | 0.9538 | 0.9581 | 0.9601 | 0.0200 | 0.9476 | 0.9371 | 0.9366
1229 | 00:34:45 |  12.3s | 1.0e-04 | 0.0173 | 0.9539 | 0.9571 | 0.9596 | 0.0202 | 0.9416 | 0.9466 | 0.9381
1230 | 00:35:10 |  25.0s | 1.0e-04 | 0.0177 | 0.9547 | 0.9560 | 0.9597 | 0.0207 | 0.9439 | 0.9453 | 0.9376
1231 | 00:35:46 |  12.7s | 1.0e-04 | 0.0177 | 0.9533 | 0.9566 | 0.9588 | 0.0203 | 0.9492 | 0.9326 | 0.9346
1232 | 00:36:11 |  12.5s | 1.0e-04 | 0.0175 | 0.9536 | 0.9583 | 0.9606 | 0.0203 | 0.9429 | 0.9443 | 0.9376
1233 | 00:36:37 |  12.6s | 1.0e-04 | 0.0176 | 0.9556 | 0.9564 | 0.9613 | 0.0208 | 0.9386 | 0.9429 | 0.9294
1234 | 00:37:03 |  12.6s | 1.0e-04 | 0.0178 | 0.9540 | 0.9563 | 0.9592 | 0.0210 | 0.9436 | 0.9438 | 0.9366
1235 | 00:37:27 |  12.8s | 1.0e-04 | 0.0173 | 0.9551 | 0.9577 | 0.9612 | 0.0214 | 0.9461 | 0.9403 | 0.9381
1236 | 00:37:51 |  12.6s | 1.0e-04 | 0.0175 | 0.9544 | 0.9581 | 0.9612 | 0.0209 | 0.9387 | 0.9431 | 0.9328
1237 | 00:38:15 |  12.7s | 1.0e-04 | 0.0174 | 0.9545 | 0.9565 | 0.9591 | 0.0206 | 0.9364 | 0.9458 | 0.9310
1238 | 00:38:40 |  12.4s | 1.0e-04 | 0.0176 | 0.9539 | 0.9585 | 0.9602 | 0.0207 | 0.9414 | 0.9495 | 0.9408
1239 | 00:39:04 |  12.7s | 1.0e-04 | 0.0172 | 0.9552 | 0.9576 | 0.9605 | 0.0211 | 0.9436 | 0.9426 | 0.9332
1240 | 00:39:28 |  12.8s | 1.0e-04 | 0.0173 | 0.9547 | 0.9587 | 0.9608 | 0.0211 | 0.9480 | 0.9382 | 0.9363
1241 | 00:39:53 |  12.9s | 1.0e-04 | 0.0172 | 0.9534 | 0.9568 | 0.9592 | 0.0202 | 0.9433 | 0.9486 | 0.9416
1242 | 00:40:17 |  12.8s | 1.0e-04 | 0.0174 | 0.9544 | 0.9571 | 0.9603 | 0.0205 | 0.9439 | 0.9367 | 0.9325
1243 | 00:40:42 |  12.6s | 1.0e-04 | 0.0175 | 0.9547 | 0.9567 | 0.9598 | 0.0201 | 0.9453 | 0.9383 | 0.9350
1244 | 00:41:08 |  12.7s | 1.0e-04 | 0.0174 | 0.9543 | 0.9574 | 0.9603 | 0.0212 | 0.9453 | 0.9461 | 0.9397
1245 | 00:41:32 |  12.6s | 1.0e-04 | 0.0176 | 0.9540 | 0.9564 | 0.9592 | 0.0196 | 0.9373 | 0.9515 | 0.9385
1246 | 00:41:56 |  22.0s | 1.0e-04 | 0.0174 | 0.9546 | 0.9577 | 0.9611 | 0.0200 | 0.9358 | 0.9458 | 0.9303
1247 | 00:42:30 |  12.4s | 1.0e-04 | 0.0169 | 0.9556 | 0.9584 | 0.9620 | 0.0209 | 0.9443 | 0.9389 | 0.9349
1248 | 00:42:54 |  12.6s | 1.0e-04 | 0.0165 | 0.9564 | 0.9593 | 0.9633 | 0.0202 | 0.9449 | 0.9391 | 0.9352
1249 | 00:43:18 |  12.6s | 1.0e-04 | 0.0170 | 0.9545 | 0.9589 | 0.9607 | 0.0206 | 0.9468 | 0.9379 | 0.9357
1250 | 00:43:42 |  12.6s | 1.0e-04 | 0.0170 | 0.9553 | 0.9586 | 0.9620 | 0.0203 | 0.9375 | 0.9446 | 0.9330
1251 | 00:44:09 |  12.1s | 1.0e-04 | 0.0164 | 0.9574 | 0.9586 | 0.9640 | 0.0203 | 0.9431 | 0.9384 | 0.9336
1252 | 00:44:32 |  12.1s | 1.0e-04 | 0.0164 | 0.9582 | 0.9591 | 0.9649 | 0.0209 | 0.9399 | 0.9455 | 0.9320
1253 | 00:44:56 |  11.8s | 1.0e-04 | 0.0162 | 0.9573 | 0.9596 | 0.9651 | 0.0202 | 0.9423 | 0.9493 | 0.9412
1254 | 00:45:22 |  11.7s | 1.0e-04 | 0.0167 | 0.9550 | 0.9572 | 0.9607 | 0.0211 | 0.9421 | 0.9391 | 0.9313
1255 | 00:45:45 |  12.2s | 1.0e-04 | 0.0164 | 0.9559 | 0.9596 | 0.9635 | 0.0196 | 0.9426 | 0.9456 | 0.9376
1256 | 00:46:09 |  12.1s | 1.0e-04 | 0.0167 | 0.9561 | 0.9582 | 0.9618 | 0.0205 | 0.9413 | 0.9446 | 0.9361
1257 | 00:46:32 |  12.1s | 1.0e-04 | 0.0172 | 0.9557 | 0.9571 | 0.9616 | 0.0200 | 0.9443 | 0.9439 | 0.9390
1258 | 00:46:56 |  12.4s | 1.0e-04 | 0.0163 | 0.9564 | 0.9586 | 0.9633 | 0.0204 | 0.9409 | 0.9430 | 0.9352
1259 | 00:47:23 |  11.7s | 1.0e-04 | 0.0163 | 0.9571 | 0.9593 | 0.9646 | 0.0203 | 0.9482 | 0.9440 | 0.9423
1260 | 00:47:47 |  11.9s | 1.0e-04 | 0.0169 | 0.9553 | 0.9585 | 0.9627 | 0.0204 | 0.9470 | 0.9358 | 0.9341
1261 | 00:48:10 |  12.0s | 1.0e-04 | 0.0161 | 0.9570 | 0.9598 | 0.9650 | 0.0201 | 0.9389 | 0.9482 | 0.9374
1262 | 00:48:34 |  12.2s | 1.0e-04 | 0.0166 | 0.9561 | 0.9587 | 0.9631 | 0.0203 | 0.9378 | 0.9501 | 0.9382
1263 | 00:48:58 |  11.9s | 1.0e-04 | 0.0161 | 0.9574 | 0.9576 | 0.9636 | 0.0203 | 0.9398 | 0.9421 | 0.9311
1264 | 00:49:24 |  12.0s | 1.0e-04 | 0.0158 | 0.9566 | 0.9614 | 0.9652 | 0.0213 | 0.9411 | 0.9430 | 0.9342
1265 | 00:49:48 |  12.1s | 1.0e-04 | 0.0168 | 0.9554 | 0.9584 | 0.9615 | 0.0213 | 0.9451 | 0.9437 | 0.9390
1266 | 00:50:12 |  12.0s | 1.0e-04 | 0.0168 | 0.9569 | 0.9584 | 0.9638 | 0.0212 | 0.9388 | 0.9444 | 0.9333
1267 | 00:50:35 |  22.3s | 1.0e-04 | 0.0172 | 0.9561 | 0.9573 | 0.9619 | 0.0210 | 0.9361 | 0.9404 | 0.9250
1268 | 00:51:09 |  12.4s | 1.0e-04 | 0.0165 | 0.9559 | 0.9590 | 0.9628 | 0.0205 | 0.9424 | 0.9484 | 0.9398
1269 | 00:51:32 |  12.3s | 1.0e-04 | 0.0169 | 0.9558 | 0.9569 | 0.9611 | 0.0205 | 0.9420 | 0.9386 | 0.9316
1270 | 00:51:57 |  12.0s | 1.0e-04 | 0.0167 | 0.9565 | 0.9572 | 0.9622 | 0.0202 | 0.9490 | 0.9369 | 0.9350
1271 | 00:52:23 |  24.9s | 1.0e-04 | 0.0171 | 0.9561 | 0.9570 | 0.9612 | 0.0208 | 0.9388 | 0.9411 | 0.9308
1272 | 00:53:00 |  12.3s | 1.0e-04 | 0.0178 | 0.9567 | 0.9575 | 0.9623 | 0.0207 | 0.9372 | 0.9512 | 0.9397
1273 | 00:53:26 |  12.3s | 1.0e-04 | 0.0173 | 0.9554 | 0.9577 | 0.9614 | 0.0206 | 0.9427 | 0.9341 | 0.9267
1274 | 00:53:51 |  12.3s | 1.0e-04 | 0.0174 | 0.9563 | 0.9564 | 0.9615 | 0.0203 | 0.9378 | 0.9414 | 0.9287
1275 | 00:54:16 |  12.6s | 1.0e-04 | 0.0178 | 0.9545 | 0.9567 | 0.9603 | 0.0209 | 0.9427 | 0.9428 | 0.9358
1276 | 00:54:42 |  12.0s | 1.0e-04 | 0.0175 | 0.9556 | 0.9577 | 0.9616 | 0.0201 | 0.9429 | 0.9443 | 0.9378
1277 | 00:55:07 |  12.1s | 1.0e-04 | 0.0172 | 0.9539 | 0.9564 | 0.9596 | 0.0196 | 0.9475 | 0.9392 | 0.9382
1278 | 00:55:31 |  12.4s | 1.0e-04 | 0.0177 | 0.9555 | 0.9572 | 0.9617 | 0.0209 | 0.9420 | 0.9386 | 0.9291
1279 | 00:55:55 |  12.4s | 1.0e-04 | 0.0178 | 0.9557 | 0.9562 | 0.9609 | 0.0217 | 0.9328 | 0.9481 | 0.9313
1280 | 00:56:18 |  12.2s | 1.0e-04 | 0.0178 | 0.9546 | 0.9570 | 0.9598 | 0.0214 | 0.9420 | 0.9414 | 0.9345
1281 | 00:56:45 |  12.0s | 1.0e-04 | 0.0178 | 0.9542 | 0.9580 | 0.9606 | 0.0207 | 0.9451 | 0.9429 | 0.9390
1282 | 00:57:09 |  12.4s | 1.0e-04 | 0.0176 | 0.9548 | 0.9566 | 0.9607 | 0.0203 | 0.9434 | 0.9463 | 0.9391
1283 | 00:57:32 |  12.4s | 1.0e-04 | 0.0173 | 0.9558 | 0.9591 | 0.9630 | 0.0197 | 0.9408 | 0.9443 | 0.9342
1284 | 00:57:56 |  12.6s | 1.0e-04 | 0.0181 | 0.9542 | 0.9564 | 0.9598 | 0.0201 | 0.9369 | 0.9398 | 0.9281
1285 | 00:58:21 |  11.9s | 1.0e-04 | 0.0175 | 0.9554 | 0.9583 | 0.9616 | 0.0199 | 0.9399 | 0.9500 | 0.9399
1286 | 00:58:47 |  12.0s | 1.0e-04 | 0.0176 | 0.9538 | 0.9588 | 0.9606 | 0.0200 | 0.9432 | 0.9476 | 0.9402
1287 | 00:59:10 |  12.3s | 1.0e-04 | 0.0179 | 0.9554 | 0.9571 | 0.9623 | 0.0196 | 0.9378 | 0.9481 | 0.9349
1288 | 00:59:34 |  21.8s | 1.0e-04 | 0.0182 | 0.9540 | 0.9569 | 0.9597 | 0.0208 | 0.9448 | 0.9460 | 0.9410
1289 | 01:00:07 |  12.6s | 1.0e-04 | 0.0181 | 0.9536 | 0.9575 | 0.9601 | 0.0205 | 0.9377 | 0.9442 | 0.9319
1290 | 01:00:31 |  12.3s | 1.0e-04 | 0.0174 | 0.9554 | 0.9601 | 0.9635 | 0.0213 | 0.9290 | 0.9531 | 0.9318
1291 | 01:00:55 |  12.0s | 1.0e-04 | 0.0178 | 0.9549 | 0.9595 | 0.9628 | 0.0215 | 0.9472 | 0.9324 | 0.9310
1292 | 01:01:21 |  25.0s | 1.0e-04 | 0.0172 | 0.9570 | 0.9600 | 0.9644 | 0.0214 | 0.9423 | 0.9419 | 0.9337
1293 | 01:01:58 |  12.4s | 1.0e-04 | 0.0163 | 0.9562 | 0.9585 | 0.9632 | 0.0201 | 0.9500 | 0.9350 | 0.9347
1294 | 01:02:24 |  12.3s | 1.0e-04 | 0.0163 | 0.9590 | 0.9588 | 0.9649 | 0.0186 | 0.9560 | 0.9422 | 0.9471
1295 | 01:02:49 |  12.9s | 1.0e-04 | 0.0163 | 0.9562 | 0.9601 | 0.9639 | 0.0199 | 0.9423 | 0.9421 | 0.9331
1296 | 01:03:13 |  12.8s | 1.0e-04 | 0.0165 | 0.9559 | 0.9603 | 0.9630 | 0.0198 | 0.9430 | 0.9453 | 0.9396
1297 | 01:03:37 |  12.4s | 1.0e-04 | 0.0163 | 0.9574 | 0.9597 | 0.9647 | 0.0209 | 0.9317 | 0.9520 | 0.9345
1298 | 01:04:02 |  12.6s | 1.0e-04 | 0.0164 | 0.9558 | 0.9584 | 0.9620 | 0.0204 | 0.9404 | 0.9474 | 0.9372
1299 | 01:04:28 |  12.6s | 1.0e-04 | 0.0163 | 0.9574 | 0.9598 | 0.9649 | 0.0206 | 0.9427 | 0.9370 | 0.9271
1300 | 01:04:52 |  13.0s | 1.0e-04 | 0.0158 | 0.9579 | 0.9601 | 0.9654 | 0.0208 | 0.9367 | 0.9471 | 0.9343
1301 | 01:05:17 |  12.9s | 1.0e-04 | 0.0161 | 0.9571 | 0.9593 | 0.9645 | 0.0211 | 0.9427 | 0.9437 | 0.9353
1302 | 01:05:43 |  12.6s | 1.0e-04 | 0.0161 | 0.9574 | 0.9589 | 0.9643 | 0.0208 | 0.9470 | 0.9355 | 0.9315
1303 | 01:06:07 |  12.7s | 1.0e-04 | 0.0160 | 0.9572 | 0.9606 | 0.9647 | 0.0207 | 0.9342 | 0.9522 | 0.9364
1304 | 01:06:31 |  12.5s | 1.0e-04 | 0.0161 | 0.9573 | 0.9586 | 0.9643 | 0.0197 | 0.9455 | 0.9402 | 0.9378
1305 | 01:06:55 |  12.5s | 1.0e-04 | 0.0162 | 0.9560 | 0.9579 | 0.9627 | 0.0219 | 0.9429 | 0.9412 | 0.9313
1306 | 01:07:20 |  12.5s | 1.0e-04 | 0.0164 | 0.9556 | 0.9599 | 0.9638 | 0.0218 | 0.9423 | 0.9345 | 0.9270
1307 | 01:07:46 |  12.6s | 1.0e-04 | 0.0164 | 0.9563 | 0.9609 | 0.9641 | 0.0204 | 0.9372 | 0.9489 | 0.9358
1308 | 01:08:10 |  12.9s | 1.0e-04 | 0.0162 | 0.9567 | 0.9611 | 0.9644 | 0.0206 | 0.9460 | 0.9373 | 0.9313
1309 | 01:08:34 |  20.9s | 1.0e-04 | 0.0159 | 0.9558 | 0.9583 | 0.9624 | 0.0199 | 0.9415 | 0.9461 | 0.9373
1310 | 01:09:06 |  12.8s | 1.0e-04 | 0.0158 | 0.9582 | 0.9599 | 0.9665 | 0.0206 | 0.9433 | 0.9448 | 0.9368
1311 | 01:09:30 |  12.5s | 1.0e-04 | 0.0160 | 0.9567 | 0.9596 | 0.9638 | 0.0208 | 0.9452 | 0.9452 | 0.9400
1312 | 01:09:55 |  12.4s | 1.0e-04 | 0.0161 | 0.9562 | 0.9595 | 0.9640 | 0.0201 | 0.9393 | 0.9458 | 0.9345
1313 | 01:10:22 |  22.3s | 1.0e-04 | 0.0163 | 0.9578 | 0.9593 | 0.9653 | 0.0200 | 0.9397 | 0.9503 | 0.9399
1314 | 01:10:57 |  12.0s | 1.0e-04 | 0.0176 | 0.9543 | 0.9569 | 0.9597 | 0.0211 | 0.9371 | 0.9446 | 0.9301
1315 | 01:11:21 |  12.7s | 1.0e-04 | 0.0171 | 0.9556 | 0.9565 | 0.9607 | 0.0207 | 0.9402 | 0.9417 | 0.9331
1316 | 01:11:44 |  12.8s | 1.0e-04 | 0.0175 | 0.9551 | 0.9558 | 0.9601 | 0.0214 | 0.9407 | 0.9396 | 0.9307
1317 | 01:12:08 |  12.6s | 1.0e-04 | 0.0171 | 0.9549 | 0.9581 | 0.9619 | 0.0209 | 0.9523 | 0.9361 | 0.9389
1318 | 01:12:33 |  12.1s | 1.0e-04 | 0.0172 | 0.9554 | 0.9590 | 0.9621 | 0.0203 | 0.9403 | 0.9462 | 0.9354
1319 | 01:12:59 |  12.2s | 1.0e-04 | 0.0176 | 0.9538 | 0.9574 | 0.9594 | 0.0210 | 0.9455 | 0.9417 | 0.9370
1320 | 01:13:23 |  12.4s | 1.0e-04 | 0.0172 | 0.9543 | 0.9599 | 0.9624 | 0.0195 | 0.9418 | 0.9467 | 0.9384
1321 | 01:13:47 |  12.7s | 1.0e-04 | 0.0174 | 0.9530 | 0.9568 | 0.9591 | 0.0192 | 0.9449 | 0.9437 | 0.9388
1322 | 01:14:11 |  12.6s | 1.0e-04 | 0.0176 | 0.9540 | 0.9570 | 0.9595 | 0.0200 | 0.9484 | 0.9409 | 0.9406
1323 | 01:14:36 |  12.1s | 1.0e-04 | 0.0177 | 0.9537 | 0.9560 | 0.9584 | 0.0200 | 0.9459 | 0.9407 | 0.9375
1324 | 01:15:02 |  12.4s | 1.0e-04 | 0.0174 | 0.9540 | 0.9579 | 0.9602 | 0.0205 | 0.9439 | 0.9411 | 0.9360
1325 | 01:15:26 |  12.5s | 1.0e-04 | 0.0177 | 0.9543 | 0.9568 | 0.9603 | 0.0211 | 0.9399 | 0.9460 | 0.9354
1326 | 01:15:50 |  12.6s | 1.0e-04 | 0.0176 | 0.9547 | 0.9569 | 0.9602 | 0.0198 | 0.9444 | 0.9381 | 0.9316
1327 | 01:16:14 |  12.2s | 1.0e-04 | 0.0174 | 0.9541 | 0.9583 | 0.9605 | 0.0212 | 0.9351 | 0.9404 | 0.9272
1328 | 01:16:37 |  12.5s | 1.0e-04 | 0.0176 | 0.9551 | 0.9567 | 0.9599 | 0.0204 | 0.9355 | 0.9478 | 0.9329
1329 | 01:17:01 |  12.6s | 1.0e-04 | 0.0170 | 0.9550 | 0.9568 | 0.9611 | 0.0208 | 0.9445 | 0.9423 | 0.9369
1330 | 01:17:25 |  22.2s | 1.0e-04 | 0.0179 | 0.9544 | 0.9566 | 0.9592 | 0.0202 | 0.9415 | 0.9440 | 0.9355
1331 | 01:17:58 |  12.2s | 1.0e-04 | 0.0176 | 0.9559 | 0.9570 | 0.9615 | 0.0196 | 0.9510 | 0.9407 | 0.9436
1332 | 01:18:22 |  12.0s | 1.0e-04 | 0.0180 | 0.9557 | 0.9562 | 0.9606 | 0.0204 | 0.9479 | 0.9325 | 0.9327
1333 | 01:18:48 |  12.0s | 1.0e-04 | 0.0180 | 0.9539 | 0.9578 | 0.9604 | 0.0202 | 0.9472 | 0.9460 | 0.9414
1334 | 01:19:12 |  24.3s | 1.0e-04 | 0.0171 | 0.9547 | 0.9576 | 0.9614 | 0.0205 | 0.9416 | 0.9443 | 0.9345
1335 | 01:19:50 |  12.3s | 1.0e-04 | 0.0170 | 0.9549 | 0.9582 | 0.9619 | 0.0202 | 0.9432 | 0.9405 | 0.9359
1336 | 01:20:13 |  12.8s | 1.0e-04 | 0.0167 | 0.9561 | 0.9590 | 0.9632 | 0.0212 | 0.9415 | 0.9443 | 0.9355
1337 | 01:20:37 |  12.6s | 1.0e-04 | 0.0169 | 0.9563 | 0.9570 | 0.9622 | 0.0201 | 0.9420 | 0.9338 | 0.9284
1338 | 01:21:01 |  12.3s | 1.0e-04 | 0.0174 | 0.9530 | 0.9561 | 0.9577 | 0.0206 | 0.9486 | 0.9403 | 0.9370
1339 | 01:21:26 |  12.2s | 1.0e-04 | 0.0167 | 0.9571 | 0.9592 | 0.9645 | 0.0202 | 0.9380 | 0.9491 | 0.9372
1340 | 01:21:52 |  12.2s | 1.0e-04 | 0.0173 | 0.9562 | 0.9559 | 0.9611 | 0.0209 | 0.9377 | 0.9501 | 0.9377
1341 | 01:22:15 |  12.7s | 1.0e-04 | 0.0164 | 0.9566 | 0.9591 | 0.9637 | 0.0194 | 0.9425 | 0.9484 | 0.9403
1342 | 01:22:39 |  13.0s | 1.0e-04 | 0.0173 | 0.9547 | 0.9576 | 0.9601 | 0.0212 | 0.9486 | 0.9443 | 0.9424
1343 | 01:23:03 |  12.9s | 1.0e-04 | 0.0166 | 0.9559 | 0.9594 | 0.9637 | 0.0214 | 0.9469 | 0.9321 | 0.9281
1344 | 01:23:28 |  12.1s | 1.0e-04 | 0.0167 | 0.9569 | 0.9582 | 0.9625 | 0.0193 | 0.9427 | 0.9457 | 0.9376
1345 | 01:23:55 |  12.3s | 1.0e-04 | 0.0172 | 0.9554 | 0.9577 | 0.9616 | 0.0219 | 0.9382 | 0.9383 | 0.9275
1346 | 01:24:18 |  12.5s | 1.0e-04 | 0.0167 | 0.9584 | 0.9596 | 0.9657 | 0.0214 | 0.9465 | 0.9425 | 0.9397
1347 | 01:24:42 |  12.6s | 1.0e-04 | 0.0169 | 0.9573 | 0.9599 | 0.9646 | 0.0205 | 0.9434 | 0.9411 | 0.9334
1348 | 01:25:06 |  12.5s | 1.0e-04 | 0.0168 | 0.9558 | 0.9585 | 0.9626 | 0.0213 | 0.9343 | 0.9480 | 0.9315
1349 | 01:25:31 |  12.3s | 1.0e-04 | 0.0169 | 0.9573 | 0.9582 | 0.9636 | 0.0207 | 0.9364 | 0.9501 | 0.9365
1350 | 01:25:57 |  12.2s | 1.0e-04 | 0.0165 | 0.9556 | 0.9601 | 0.9629 | 0.0199 | 0.9381 | 0.9499 | 0.9375
1351 | 01:26:22 |  12.6s | 1.0e-04 | 0.0163 | 0.9559 | 0.9596 | 0.9636 | 0.0211 | 0.9414 | 0.9411 | 0.9341
1352 | 01:26:46 |  12.9s | 1.0e-04 | 0.0164 | 0.9560 | 0.9598 | 0.9637 | 0.0199 | 0.9492 | 0.9425 | 0.9437
1353 | 01:27:11 |  12.4s | 1.0e-04 | 0.0163 | 0.9571 | 0.9598 | 0.9639 | 0.0208 | 0.9432 | 0.9372 | 0.9297
1354 | 01:27:35 |  12.8s | 1.0e-04 | 0.0167 | 0.9576 | 0.9600 | 0.9651 | 0.0201 | 0.9373 | 0.9452 | 0.9327
1355 | 01:27:59 |  23.7s | 1.0e-04 | 0.0175 | 0.9535 | 0.9555 | 0.9582 | 0.0201 | 0.9449 | 0.9350 | 0.9323
1356 | 01:28:34 |  12.4s | 1.0e-04 | 0.0171 | 0.9560 | 0.9579 | 0.9620 | 0.0209 | 0.9360 | 0.9429 | 0.9276
1357 | 01:28:57 |  12.4s | 1.0e-04 | 0.0169 | 0.9554 | 0.9585 | 0.9630 | 0.0211 | 0.9335 | 0.9457 | 0.9280
1358 | 01:29:21 |  12.1s | 1.0e-04 | 0.0166 | 0.9571 | 0.9599 | 0.9640 | 0.0213 | 0.9365 | 0.9364 | 0.9214
1359 | 01:29:47 |  12.5s | 1.0e-04 | 0.0170 | 0.9559 | 0.9592 | 0.9623 | 0.0207 | 0.9385 | 0.9466 | 0.9352
1360 | 01:30:12 |  12.2s | 1.0e-04 | 0.0172 | 0.9551 | 0.9576 | 0.9612 | 0.0205 | 0.9408 | 0.9468 | 0.9368
1361 | 01:30:35 |  12.4s | 1.0e-04 | 0.0169 | 0.9562 | 0.9592 | 0.9628 | 0.0207 | 0.9373 | 0.9428 | 0.9301
1362 | 01:30:59 |  12.8s | 1.0e-04 | 0.0173 | 0.9562 | 0.9575 | 0.9621 | 0.0204 | 0.9334 | 0.9474 | 0.9313
1363 | 01:31:24 |  12.3s | 1.0e-04 | 0.0171 | 0.9532 | 0.9595 | 0.9610 | 0.0207 | 0.9431 | 0.9406 | 0.9338
1364 | 01:31:50 |  11.8s | 1.0e-04 | 0.0170 | 0.9564 | 0.9587 | 0.9622 | 0.0201 | 0.9443 | 0.9448 | 0.9415
1365 | 01:32:14 |  12.3s | 1.0e-04 | 0.0168 | 0.9557 | 0.9589 | 0.9631 | 0.0193 | 0.9431 | 0.9532 | 0.9456
1366 | 01:32:37 |  12.4s | 1.0e-04 | 0.0170 | 0.9554 | 0.9582 | 0.9614 | 0.0199 | 0.9385 | 0.9490 | 0.9369
1367 | 01:33:01 |  12.0s | 1.0e-04 | 0.0168 | 0.9555 | 0.9596 | 0.9637 | 0.0214 | 0.9410 | 0.9334 | 0.9251
1368 | 01:33:26 |  12.0s | 1.0e-04 | 0.0169 | 0.9560 | 0.9581 | 0.9626 | 0.0209 | 0.9468 | 0.9408 | 0.9372
1369 | 01:33:50 |  11.9s | 1.0e-04 | 0.0167 | 0.9572 | 0.9592 | 0.9638 | 0.0199 | 0.9474 | 0.9425 | 0.9371
1370 | 01:34:13 |  12.3s | 1.0e-04 | 0.0174 | 0.9550 | 0.9581 | 0.9611 | 0.0205 | 0.9438 | 0.9443 | 0.9377
1371 | 01:34:37 |  21.4s | 1.0e-04 | 0.0167 | 0.9556 | 0.9584 | 0.9621 | 0.0206 | 0.9359 | 0.9456 | 0.9319
1372 | 01:35:09 |  12.5s | 1.0e-04 | 0.0166 | 0.9563 | 0.9589 | 0.9632 | 0.0208 | 0.9415 | 0.9422 | 0.9340
1373 | 01:35:33 |  12.0s | 1.0e-04 | 0.0166 | 0.9555 | 0.9605 | 0.9633 | 0.0195 | 0.9457 | 0.9391 | 0.9349
1374 | 01:35:58 |  12.1s | 1.0e-04 | 0.0168 | 0.9547 | 0.9566 | 0.9604 | 0.0190 | 0.9506 | 0.9458 | 0.9480
1375 | 01:36:23 |  12.3s | 1.0e-04 | 0.0171 | 0.9553 | 0.9573 | 0.9610 | 0.0200 | 0.9415 | 0.9438 | 0.9361
1376 | 01:36:49 |  12.7s | 1.0e-04 | 0.0170 | 0.9538 | 0.9566 | 0.9595 | 0.0207 | 0.9451 | 0.9406 | 0.9379
1377 | 01:37:13 |  12.7s | 1.0e-04 | 0.0166 | 0.9567 | 0.9561 | 0.9620 | 0.0198 | 0.9411 | 0.9468 | 0.9385
1378 | 01:37:37 |  12.9s | 1.0e-04 | 0.0170 | 0.9548 | 0.9552 | 0.9592 | 0.0207 | 0.9369 | 0.9471 | 0.9335
1379 | 01:38:06 |  12.3s | 1.0e-04 | 0.0163 | 0.9541 | 0.9577 | 0.9614 | 0.0222 | 0.9461 | 0.9392 | 0.9357
1380 | 01:38:31 |  12.9s | 1.0e-04 | 0.0169 | 0.9548 | 0.9571 | 0.9600 | 0.0206 | 0.9444 | 0.9417 | 0.9347
1381 | 01:38:56 |  12.6s | 1.0e-04 | 0.0168 | 0.9552 | 0.9578 | 0.9613 | 0.0192 | 0.9456 | 0.9491 | 0.9449
1382 | 01:39:19 |  12.8s | 1.0e-04 | 0.0170 | 0.9552 | 0.9563 | 0.9605 | 0.0216 | 0.9387 | 0.9477 | 0.9369
1383 | 01:39:44 |  12.6s | 1.0e-04 | 0.0167 | 0.9559 | 0.9582 | 0.9627 | 0.0205 | 0.9393 | 0.9472 | 0.9378
1384 | 01:40:08 |  12.4s | 1.0e-04 | 0.0170 | 0.9543 | 0.9543 | 0.9580 | 0.0192 | 0.9402 | 0.9470 | 0.9375
1385 | 01:40:34 |  12.6s | 1.0e-04 | 0.0166 | 0.9533 | 0.9560 | 0.9587 | 0.0202 | 0.9460 | 0.9424 | 0.9382
1386 | 01:40:58 |  12.7s | 1.0e-04 | 0.0170 | 0.9547 | 0.9545 | 0.9583 | 0.0204 | 0.9391 | 0.9452 | 0.9350
1387 | 01:41:22 |  12.7s | 1.0e-04 | 0.0173 | 0.9542 | 0.9573 | 0.9604 | 0.0205 | 0.9355 | 0.9449 | 0.9279
1388 | 01:41:46 |  12.9s | 1.0e-04 | 0.0175 | 0.9535 | 0.9555 | 0.9573 | 0.0200 | 0.9483 | 0.9400 | 0.9389
1389 | 01:42:11 |  12.4s | 1.0e-04 | 0.0170 | 0.9540 | 0.9583 | 0.9607 | 0.0204 | 0.9503 | 0.9408 | 0.9416
1390 | 01:42:38 |  12.3s | 1.0e-04 | 0.0170 | 0.9537 | 0.9594 | 0.9611 | 0.0209 | 0.9426 | 0.9482 | 0.9387
1391 | 01:43:02 |  12.4s | 1.0e-04 | 0.0167 | 0.9531 | 0.9566 | 0.9586 | 0.0216 | 0.9429 | 0.9401 | 0.9330
1392 | 01:43:26 |  21.8s | 1.0e-04 | 0.0173 | 0.9546 | 0.9567 | 0.9602 | 0.0198 | 0.9435 | 0.9465 | 0.9406
1393 | 01:43:59 |  12.5s | 1.0e-04 | 0.0179 | 0.9539 | 0.9563 | 0.9585 | 0.0200 | 0.9415 | 0.9505 | 0.9419
1394 | 01:44:23 |  12.7s | 1.0e-04 | 0.0175 | 0.9535 | 0.9561 | 0.9587 | 0.0197 | 0.9441 | 0.9409 | 0.9366
1395 | 01:44:47 |  12.8s | 1.0e-04 | 0.0179 | 0.9534 | 0.9553 | 0.9582 | 0.0203 | 0.9459 | 0.9347 | 0.9316
1396 | 01:45:12 |  24.7s | 1.0e-04 | 0.0171 | 0.9546 | 0.9571 | 0.9605 | 0.0206 | 0.9398 | 0.9516 | 0.9412
1397 | 01:45:47 |  12.6s | 1.0e-04 | 0.0175 | 0.9565 | 0.9591 | 0.9636 | 0.0204 | 0.9422 | 0.9445 | 0.9374
1398 | 01:46:12 |  12.6s | 1.0e-04 | 0.0175 | 0.9546 | 0.9571 | 0.9603 | 0.0203 | 0.9382 | 0.9428 | 0.9301
1399 | 01:46:39 |  12.3s | 1.0e-04 | 0.0176 | 0.9562 | 0.9586 | 0.9631 | 0.0198 | 0.9425 | 0.9482 | 0.9401
1400 | 01:47:03 |  12.2s | 1.0e-04 | 0.0174 | 0.9548 | 0.9577 | 0.9607 | 0.0201 | 0.9404 | 0.9481 | 0.9384
1401 | 01:47:27 |  12.7s | 1.0e-04 | 0.0177 | 0.9539 | 0.9591 | 0.9615 | 0.0200 | 0.9411 | 0.9452 | 0.9363
1402 | 01:47:51 |  12.4s | 1.0e-04 | 0.0177 | 0.9532 | 0.9567 | 0.9592 | 0.0198 | 0.9499 | 0.9321 | 0.9321
1403 | 01:48:15 |  12.5s | 1.0e-04 | 0.0173 | 0.9557 | 0.9585 | 0.9621 | 0.0198 | 0.9330 | 0.9495 | 0.9324
1404 | 01:48:40 |  12.6s | 1.0e-04 | 0.0176 | 0.9551 | 0.9567 | 0.9608 | 0.0206 | 0.9474 | 0.9376 | 0.9375
1405 | 01:49:04 |  12.4s | 1.0e-04 | 0.0178 | 0.9540 | 0.9574 | 0.9599 | 0.0210 | 0.9484 | 0.9386 | 0.9398
1406 | 01:49:28 |  12.4s | 1.0e-04 | 0.0174 | 0.9570 | 0.9603 | 0.9646 | 0.0212 | 0.9393 | 0.9482 | 0.9377
1407 | 01:49:54 |  12.7s | 1.0e-04 | 0.0177 | 0.9552 | 0.9575 | 0.9610 | 0.0204 | 0.9427 | 0.9388 | 0.9314
1408 | 01:50:18 |  12.6s | 1.0e-04 | 0.0176 | 0.9550 | 0.9579 | 0.9614 | 0.0201 | 0.9406 | 0.9442 | 0.9349
1409 | 01:50:41 |  12.7s | 1.0e-04 | 0.0177 | 0.9555 | 0.9591 | 0.9619 | 0.0216 | 0.9414 | 0.9399 | 0.9314
1410 | 01:51:05 |  12.8s | 1.0e-04 | 0.0177 | 0.9555 | 0.9590 | 0.9616 | 0.0196 | 0.9379 | 0.9468 | 0.9337
1411 | 01:51:30 |  12.3s | 1.0e-04 | 0.0178 | 0.9541 | 0.9602 | 0.9619 | 0.0203 | 0.9468 | 0.9404 | 0.9375
1412 | 01:51:55 |  12.6s | 1.0e-04 | 0.0175 | 0.9563 | 0.9587 | 0.9625 | 0.0193 | 0.9433 | 0.9495 | 0.9426
1413 | 01:52:19 |  21.8s | 1.0e-04 | 0.0177 | 0.9536 | 0.9570 | 0.9591 | 0.0198 | 0.9382 | 0.9537 | 0.9436
1414 | 01:52:52 |  12.7s | 1.0e-04 | 0.0179 | 0.9550 | 0.9579 | 0.9618 | 0.0209 | 0.9401 | 0.9496 | 0.9395
1415 | 01:53:16 |  12.8s | 1.0e-04 | 0.0170 | 0.9574 | 0.9582 | 0.9638 | 0.0198 | 0.9418 | 0.9436 | 0.9345
1416 | 01:53:40 |  12.4s | 1.0e-04 | 0.0170 | 0.9570 | 0.9586 | 0.9633 | 0.0201 | 0.9382 | 0.9491 | 0.9366
1417 | 01:54:04 |  24.5s | 1.0e-04 | 0.0171 | 0.9562 | 0.9585 | 0.9626 | 0.0205 | 0.9435 | 0.9354 | 0.9336
1418 | 01:54:40 |  12.3s | 1.0e-04 | 0.0166 | 0.9561 | 0.9576 | 0.9616 | 0.0195 | 0.9414 | 0.9477 | 0.9388
1419 | 01:55:05 |  12.4s | 1.0e-04 | 0.0164 | 0.9560 | 0.9578 | 0.9627 | 0.0203 | 0.9477 | 0.9374 | 0.9338
1420 | 01:55:30 |  12.5s | 1.0e-04 | 0.0158 | 0.9577 | 0.9575 | 0.9635 | 0.0198 | 0.9504 | 0.9347 | 0.9363
1421 | 01:55:54 |  12.8s | 1.0e-04 | 0.0166 | 0.9571 | 0.9575 | 0.9632 | 0.0202 | 0.9345 | 0.9449 | 0.9287
1422 | 01:56:17 |  12.8s | 1.0e-04 | 0.0167 | 0.9547 | 0.9569 | 0.9597 | 0.0213 | 0.9373 | 0.9473 | 0.9326
1423 | 01:56:42 |  12.7s | 1.0e-04 | 0.0164 | 0.9568 | 0.9585 | 0.9643 | 0.0197 | 0.9410 | 0.9484 | 0.9385
1424 | 01:57:08 |  12.5s | 1.0e-04 | 0.0167 | 0.9553 | 0.9557 | 0.9591 | 0.0201 | 0.9368 | 0.9529 | 0.9396
1425 | 01:57:32 |  12.5s | 1.0e-04 | 0.0163 | 0.9564 | 0.9572 | 0.9624 | 0.0201 | 0.9460 | 0.9469 | 0.9427
1426 | 01:57:56 |  12.8s | 1.0e-04 | 0.0162 | 0.9576 | 0.9583 | 0.9639 | 0.0196 | 0.9435 | 0.9435 | 0.9365
1427 | 01:58:20 |  12.7s | 1.0e-04 | 0.0166 | 0.9569 | 0.9585 | 0.9632 | 0.0199 | 0.9348 | 0.9488 | 0.9325
1428 | 01:58:45 |  12.4s | 1.0e-04 | 0.0163 | 0.9555 | 0.9575 | 0.9622 | 0.0188 | 0.9496 | 0.9451 | 0.9454
1429 | 01:59:10 |  12.6s | 1.0e-04 | 0.0165 | 0.9574 | 0.9585 | 0.9638 | 0.0202 | 0.9320 | 0.9495 | 0.9318
1430 | 01:59:36 |  12.6s | 1.0e-04 | 0.0164 | 0.9563 | 0.9595 | 0.9637 | 0.0198 | 0.9425 | 0.9398 | 0.9322
1431 | 02:00:02 |  12.2s | 1.0e-04 | 0.0163 | 0.9568 | 0.9581 | 0.9630 | 0.0200 | 0.9355 | 0.9490 | 0.9339
1432 | 02:00:28 |  12.5s | 1.0e-04 | 0.0161 | 0.9557 | 0.9602 | 0.9635 | 0.0199 | 0.9388 | 0.9484 | 0.9371
1433 | 02:00:51 |  12.7s | 1.0e-04 | 0.0167 | 0.9555 | 0.9580 | 0.9612 | 0.0193 | 0.9378 | 0.9467 | 0.9338
1434 | 02:01:15 |  21.8s | 1.0e-04 | 0.0157 | 0.9564 | 0.9582 | 0.9631 | 0.0201 | 0.9373 | 0.9527 | 0.9410
1435 | 02:01:48 |  12.5s | 1.0e-04 | 0.0163 | 0.9560 | 0.9571 | 0.9623 | 0.0202 | 0.9502 | 0.9418 | 0.9427
1436 | 02:02:12 |  12.6s | 1.0e-04 | 0.0165 | 0.9547 | 0.9573 | 0.9605 | 0.0208 | 0.9464 | 0.9362 | 0.9347
1437 | 02:02:36 |  12.6s | 1.0e-04 | 0.0163 | 0.9558 | 0.9588 | 0.9625 | 0.0214 | 0.9365 | 0.9371 | 0.9251
1438 | 02:03:02 |  23.3s | 1.0e-04 | 0.0168 | 0.9557 | 0.9580 | 0.9617 | 0.0203 | 0.9436 | 0.9441 | 0.9370
1439 | 02:03:37 |  12.1s | 1.0e-04 | 0.0161 | 0.9565 | 0.9593 | 0.9636 | 0.0202 | 0.9477 | 0.9389 | 0.9362
1440 | 02:04:01 |  11.8s | 1.0e-04 | 0.0174 | 0.9537 | 0.9564 | 0.9588 | 0.0207 | 0.9385 | 0.9427 | 0.9305
1441 | 02:04:27 |  11.8s | 1.0e-04 | 0.0167 | 0.9525 | 0.9575 | 0.9584 | 0.0196 | 0.9434 | 0.9448 | 0.9394
1442 | 02:04:50 |  12.3s | 1.0e-04 | 0.0168 | 0.9532 | 0.9558 | 0.9576 | 0.0204 | 0.9401 | 0.9467 | 0.9354
1443 | 02:05:13 |  12.1s | 1.0e-04 | 0.0170 | 0.9525 | 0.9555 | 0.9571 | 0.0210 | 0.9356 | 0.9470 | 0.9301
1444 | 02:05:37 |  12.3s | 1.0e-04 | 0.0166 | 0.9543 | 0.9594 | 0.9608 | 0.0194 | 0.9502 | 0.9460 | 0.9466
1445 | 02:06:02 |  11.8s | 1.0e-04 | 0.0171 | 0.9544 | 0.9564 | 0.9597 | 0.0190 | 0.9460 | 0.9480 | 0.9442
1446 | 02:06:28 |  12.4s | 1.0e-04 | 0.0162 | 0.9551 | 0.9585 | 0.9619 | 0.0203 | 0.9423 | 0.9441 | 0.9362
1447 | 02:06:51 |  12.4s | 1.0e-04 | 0.0164 | 0.9563 | 0.9589 | 0.9634 | 0.0200 | 0.9424 | 0.9488 | 0.9409
1448 | 02:07:15 |  12.5s | 1.0e-04 | 0.0169 | 0.9536 | 0.9552 | 0.9581 | 0.0206 | 0.9414 | 0.9454 | 0.9369
1449 | 02:07:39 |  11.9s | 1.0e-04 | 0.0163 | 0.9561 | 0.9570 | 0.9619 | 0.0194 | 0.9343 | 0.9594 | 0.9449
1450 | 02:08:04 |  12.0s | 1.0e-04 | 0.0164 | 0.9557 | 0.9592 | 0.9621 | 0.0193 | 0.9361 | 0.9510 | 0.9372
1451 | 02:08:27 |  12.1s | 1.0e-04 | 0.0168 | 0.9553 | 0.9575 | 0.9608 | 0.0203 | 0.9390 | 0.9557 | 0.9431
1452 | 02:08:51 |  12.2s | 1.0e-04 | 0.0163 | 0.9544 | 0.9591 | 0.9615 | 0.0201 | 0.9418 | 0.9485 | 0.9403
1453 | 02:09:14 |  12.2s | 1.0e-04 | 0.0164 | 0.9548 | 0.9579 | 0.9608 | 0.0203 | 0.9352 | 0.9554 | 0.9409
1454 | 02:09:38 |  11.9s | 1.0e-04 | 0.0169 | 0.9526 | 0.9569 | 0.9588 | 0.0185 | 0.9385 | 0.9496 | 0.9379
1455 | 02:10:04 |  23.9s | 1.0e-04 | 0.0165 | 0.9545 | 0.9595 | 0.9618 | 0.0197 | 0.9422 | 0.9456 | 0.9388
1456 | 02:10:41 |  12.0s | 1.0e-04 | 0.0170 | 0.9554 | 0.9567 | 0.9611 | 0.0203 | 0.9359 | 0.9448 | 0.9296
1457 | 02:11:04 |  12.6s | 1.0e-04 | 0.0165 | 0.9568 | 0.9578 | 0.9632 | 0.0212 | 0.9446 | 0.9354 | 0.9327
1458 | 02:11:28 |  12.3s | 1.0e-04 | 0.0169 | 0.9555 | 0.9580 | 0.9617 | 0.0195 | 0.9409 | 0.9468 | 0.9381
1459 | 02:11:52 |  25.3s | 1.0e-04 | 0.0170 | 0.9563 | 0.9602 | 0.9643 | 0.0195 | 0.9500 | 0.9365 | 0.9378
1460 | 02:12:29 |  12.8s | 1.0e-04 | 0.0172 | 0.9575 | 0.9584 | 0.9634 | 0.0203 | 0.9439 | 0.9503 | 0.9441
1461 | 02:12:53 |  12.6s | 1.0e-04 | 0.0172 | 0.9550 | 0.9580 | 0.9609 | 0.0206 | 0.9424 | 0.9459 | 0.9376
1462 | 02:13:18 |  12.0s | 1.0e-04 | 0.0172 | 0.9551 | 0.9574 | 0.9608 | 0.0197 | 0.9455 | 0.9472 | 0.9433
1463 | 02:13:44 |  12.3s | 1.0e-04 | 0.0168 | 0.9580 | 0.9594 | 0.9653 | 0.0199 | 0.9448 | 0.9474 | 0.9434
1464 | 02:14:09 |  12.3s | 1.0e-04 | 0.0169 | 0.9551 | 0.9600 | 0.9625 | 0.0203 | 0.9472 | 0.9406 | 0.9374
1465 | 02:14:32 |  12.7s | 1.0e-04 | 0.0173 | 0.9563 | 0.9586 | 0.9631 | 0.0209 | 0.9397 | 0.9499 | 0.9395
1466 | 02:14:56 |  12.6s | 1.0e-04 | 0.0172 | 0.9554 | 0.9585 | 0.9614 | 0.0194 | 0.9412 | 0.9464 | 0.9376
1467 | 02:15:21 |  12.3s | 1.0e-04 | 0.0169 | 0.9565 | 0.9595 | 0.9630 | 0.0213 | 0.9368 | 0.9435 | 0.9308
1468 | 02:15:47 |  12.6s | 1.0e-04 | 0.0174 | 0.9544 | 0.9591 | 0.9609 | 0.0194 | 0.9503 | 0.9341 | 0.9362
1469 | 02:16:12 |  12.2s | 1.0e-04 | 0.0177 | 0.9548 | 0.9568 | 0.9602 | 0.0193 | 0.9478 | 0.9447 | 0.9414
1470 | 02:16:36 |  12.4s | 1.0e-04 | 0.0173 | 0.9540 | 0.9585 | 0.9610 | 0.0203 | 0.9369 | 0.9402 | 0.9264
1471 | 02:17:00 |  12.5s | 1.0e-04 | 0.0171 | 0.9541 | 0.9584 | 0.9603 | 0.0199 | 0.9415 | 0.9459 | 0.9384
1472 | 02:17:24 |  12.3s | 1.0e-04 | 0.0171 | 0.9556 | 0.9582 | 0.9613 | 0.0209 | 0.9416 | 0.9415 | 0.9323
1473 | 02:17:50 |  12.3s | 1.0e-04 | 0.0174 | 0.9551 | 0.9576 | 0.9607 | 0.0210 | 0.9429 | 0.9425 | 0.9347
1474 | 02:18:15 |  12.2s | 1.0e-04 | 0.0169 | 0.9552 | 0.9594 | 0.9627 | 0.0193 | 0.9405 | 0.9508 | 0.9416
1475 | 02:18:39 |  12.5s | 1.0e-04 | 0.0172 | 0.9544 | 0.9586 | 0.9611 | 0.0206 | 0.9500 | 0.9401 | 0.9416
1476 | 02:19:03 |  12.5s | 1.0e-04 | 0.0168 | 0.9563 | 0.9597 | 0.9628 | 0.0205 | 0.9377 | 0.9489 | 0.9365
1477 | 02:19:27 |  12.3s | 1.0e-04 | 0.0175 | 0.9539 | 0.9586 | 0.9603 | 0.0202 | 0.9498 | 0.9336 | 0.9332
1478 | 02:19:52 |  12.0s | 1.0e-04 | 0.0165 | 0.9572 | 0.9588 | 0.9636 | 0.0203 | 0.9387 | 0.9459 | 0.9353
1479 | 02:20:18 |  12.1s | 1.0e-04 | 0.0165 | 0.9565 | 0.9586 | 0.9633 | 0.0218 | 0.9475 | 0.9370 | 0.9343
1480 | 02:20:42 |  27.5s | 1.0e-04 | 0.0165 | 0.9568 | 0.9590 | 0.9641 | 0.0201 | 0.9451 | 0.9363 | 0.9321
1481 | 02:21:21 |  12.3s | 1.0e-04 | 0.0160 | 0.9584 | 0.9577 | 0.9645 | 0.0204 | 0.9449 | 0.9453 | 0.9387
1482 | 02:21:45 |  12.4s | 1.0e-04 | 0.0166 | 0.9560 | 0.9593 | 0.9632 | 0.0208 | 0.9400 | 0.9421 | 0.9338
1483 | 02:22:11 |  12.2s | 1.0e-04 | 0.0164 | 0.9573 | 0.9596 | 0.9643 | 0.0202 | 0.9380 | 0.9452 | 0.9331
1484 | 02:22:36 |  12.2s | 1.0e-04 | 0.0171 | 0.9544 | 0.9577 | 0.9603 | 0.0195 | 0.9393 | 0.9483 | 0.9383
1485 | 02:23:00 |  12.3s | 1.0e-04 | 0.0166 | 0.9562 | 0.9587 | 0.9630 | 0.0203 | 0.9503 | 0.9313 | 0.9322
1486 | 02:23:23 |  12.4s | 1.0e-04 | 0.0170 | 0.9560 | 0.9577 | 0.9623 | 0.0205 | 0.9343 | 0.9546 | 0.9391
1487 | 02:23:47 |  12.2s | 1.0e-04 | 0.0170 | 0.9562 | 0.9597 | 0.9641 | 0.0207 | 0.9483 | 0.9412 | 0.9385
1488 | 02:24:13 |  12.0s | 1.0e-04 | 0.0160 | 0.9575 | 0.9615 | 0.9655 | 0.0202 | 0.9386 | 0.9499 | 0.9386
1489 | 02:24:38 |  12.1s | 1.0e-04 | 0.0164 | 0.9565 | 0.9580 | 0.9637 | 0.0206 | 0.9374 | 0.9457 | 0.9329
1490 | 02:25:02 |  12.6s | 1.0e-04 | 0.0169 | 0.9562 | 0.9600 | 0.9636 | 0.0214 | 0.9442 | 0.9391 | 0.9336
1491 | 02:25:25 |  12.3s | 1.0e-04 | 0.0161 | 0.9571 | 0.9610 | 0.9657 | 0.0196 | 0.9451 | 0.9453 | 0.9395
1492 | 02:25:49 |  12.2s | 1.0e-04 | 0.0164 | 0.9564 | 0.9602 | 0.9643 | 0.0200 | 0.9432 | 0.9456 | 0.9380
1493 | 02:26:15 |  12.5s | 1.0e-04 | 0.0163 | 0.9566 | 0.9591 | 0.9636 | 0.0203 | 0.9437 | 0.9429 | 0.9365
1494 | 02:26:39 |  12.3s | 1.0e-04 | 0.0169 | 0.9554 | 0.9583 | 0.9621 | 0.0204 | 0.9377 | 0.9484 | 0.9362
1495 | 02:27:03 |  12.6s | 1.0e-04 | 0.0165 | 0.9566 | 0.9596 | 0.9641 | 0.0199 | 0.9456 | 0.9434 | 0.9390
1496 | 02:27:26 |  20.6s | 1.0e-04 | 0.0168 | 0.9562 | 0.9565 | 0.9622 | 0.0201 | 0.9508 | 0.9304 | 0.9354
1497 | 02:27:58 |  13.0s | 1.0e-04 | 0.0165 | 0.9566 | 0.9575 | 0.9617 | 0.0199 | 0.9456 | 0.9491 | 0.9445
1498 | 02:28:22 |  12.7s | 1.0e-04 | 0.0164 | 0.9561 | 0.9570 | 0.9619 | 0.0203 | 0.9445 | 0.9428 | 0.9366
1499 | 02:28:48 |  12.6s | 1.0e-04 | 0.0163 | 0.9570 | 0.9585 | 0.9640 | 0.0197 | 0.9379 | 0.9518 | 0.9394
1500 | 02:29:14 |  12.7s | 1.0e-04 | 0.0166 | 0.9558 | 0.9571 | 0.9615 | 0.0203 | 0.9383 | 0.9484 | 0.9372
1501 | 02:29:42 |  13.0s | 1.0e-04 | 0.0160 | 0.9559 | 0.9566 | 0.9614 | 0.0211 | 0.9366 | 0.9396 | 0.9236
1502 | 02:30:06 |  13.0s | 1.0e-04 | 0.0164 | 0.9557 | 0.9561 | 0.9610 | 0.0209 | 0.9436 | 0.9402 | 0.9315
1503 | 02:30:30 |  12.9s | 1.0e-04 | 0.0154 | 0.9571 | 0.9582 | 0.9638 | 0.0199 | 0.9459 | 0.9447 | 0.9399
1504 | 02:30:55 |  12.7s | 1.0e-04 | 0.0158 | 0.9573 | 0.9565 | 0.9629 | 0.0197 | 0.9470 | 0.9404 | 0.9382
1505 | 02:31:21 |  12.5s | 1.0e-04 | 0.0158 | 0.9558 | 0.9580 | 0.9618 | 0.0189 | 0.9474 | 0.9441 | 0.9431
1506 | 02:31:46 |  13.0s | 1.0e-04 | 0.0154 | 0.9571 | 0.9598 | 0.9637 | 0.0199 | 0.9435 | 0.9417 | 0.9372
1507 | 02:32:11 |  12.5s | 1.0e-04 | 0.0160 | 0.9558 | 0.9569 | 0.9614 | 0.0212 | 0.9482 | 0.9358 | 0.9341
1508 | 02:32:37 |  12.6s | 1.0e-04 | 0.0158 | 0.9546 | 0.9566 | 0.9602 | 0.0216 | 0.9460 | 0.9405 | 0.9353
1509 | 02:33:02 |  12.6s | 1.0e-04 | 0.0157 | 0.9562 | 0.9567 | 0.9617 | 0.0196 | 0.9403 | 0.9460 | 0.9356
1510 | 02:33:26 |  12.9s | 1.0e-04 | 0.0158 | 0.9562 | 0.9569 | 0.9613 | 0.0203 | 0.9372 | 0.9530 | 0.9403
1511 | 02:33:50 |  12.6s | 1.0e-04 | 0.0158 | 0.9561 | 0.9577 | 0.9621 | 0.0203 | 0.9431 | 0.9430 | 0.9377
1512 | 02:34:15 |  12.7s | 1.0e-04 | 0.0160 | 0.9557 | 0.9556 | 0.9601 | 0.0208 | 0.9362 | 0.9486 | 0.9347
1513 | 02:34:42 |  12.5s | 1.0e-04 | 0.0158 | 0.9555 | 0.9579 | 0.9620 | 0.0202 | 0.9441 | 0.9457 | 0.9388
1514 | 02:35:06 |  12.7s | 1.0e-04 | 0.0158 | 0.9549 | 0.9582 | 0.9613 | 0.0188 | 0.9480 | 0.9496 | 0.9477
1515 | 02:35:30 |  13.2s | 1.0e-04 | 0.0162 | 0.9548 | 0.9571 | 0.9602 | 0.0209 | 0.9424 | 0.9425 | 0.9351
1516 | 02:35:54 |  13.0s | 1.0e-04 | 0.0158 | 0.9556 | 0.9573 | 0.9617 | 0.0201 | 0.9417 | 0.9441 | 0.9347
1517 | 02:36:19 |  22.5s | 1.0e-04 | 0.0162 | 0.9567 | 0.9581 | 0.9630 | 0.0196 | 0.9421 | 0.9440 | 0.9376
1518 | 02:36:53 |  12.6s | 1.0e-04 | 0.0166 | 0.9559 | 0.9585 | 0.9623 | 0.0205 | 0.9479 | 0.9399 | 0.9370
1519 | 02:37:17 |  12.3s | 1.0e-04 | 0.0164 | 0.9556 | 0.9580 | 0.9618 | 0.0209 | 0.9331 | 0.9506 | 0.9341
1520 | 02:37:43 |  12.3s | 1.0e-04 | 0.0167 | 0.9552 | 0.9591 | 0.9626 | 0.0202 | 0.9397 | 0.9495 | 0.9393
1521 | 02:38:07 |  22.9s | 1.0e-04 | 0.0164 | 0.9550 | 0.9596 | 0.9620 | 0.0203 | 0.9374 | 0.9509 | 0.9381
1522 | 02:38:43 |  12.4s | 1.0e-04 | 0.0177 | 0.9537 | 0.9583 | 0.9600 | 0.0203 | 0.9384 | 0.9472 | 0.9362
1523 | 02:39:07 |  12.5s | 1.0e-04 | 0.0180 | 0.9535 | 0.9573 | 0.9592 | 0.0199 | 0.9401 | 0.9404 | 0.9288
1524 | 02:39:31 |  12.6s | 1.0e-04 | 0.0186 | 0.9520 | 0.9557 | 0.9562 | 0.0197 | 0.9335 | 0.9557 | 0.9403
1525 | 02:39:55 |  12.3s | 1.0e-04 | 0.0178 | 0.9558 | 0.9597 | 0.9628 | 0.0215 | 0.9398 | 0.9472 | 0.9373
1526 | 02:40:20 |  11.9s | 1.0e-04 | 0.0181 | 0.9550 | 0.9556 | 0.9593 | 0.0202 | 0.9401 | 0.9507 | 0.9408
1527 | 02:40:45 |  12.2s | 1.0e-04 | 0.0178 | 0.9546 | 0.9581 | 0.9611 | 0.0208 | 0.9459 | 0.9429 | 0.9402
1528 | 02:41:09 |  12.3s | 1.0e-04 | 0.0184 | 0.9550 | 0.9569 | 0.9593 | 0.0202 | 0.9403 | 0.9489 | 0.9390
1529 | 02:41:33 |  12.5s | 1.0e-04 | 0.0180 | 0.9537 | 0.9550 | 0.9581 | 0.0209 | 0.9395 | 0.9529 | 0.9423
1530 | 02:41:57 |  12.0s | 1.0e-04 | 0.0183 | 0.9522 | 0.9553 | 0.9568 | 0.0198 | 0.9475 | 0.9428 | 0.9429
1531 | 02:42:22 |  11.9s | 1.0e-04 | 0.0181 | 0.9536 | 0.9569 | 0.9592 | 0.0206 | 0.9494 | 0.9401 | 0.9406
1532 | 02:42:49 |  12.6s | 1.0e-04 | 0.0180 | 0.9538 | 0.9569 | 0.9601 | 0.0200 | 0.9502 | 0.9348 | 0.9369
1533 | 02:43:13 |  12.3s | 1.0e-04 | 0.0182 | 0.9559 | 0.9576 | 0.9616 | 0.0199 | 0.9373 | 0.9515 | 0.9389
1534 | 02:43:37 |  12.4s | 1.0e-04 | 0.0182 | 0.9526 | 0.9584 | 0.9585 | 0.0204 | 0.9378 | 0.9450 | 0.9311
1535 | 02:44:01 |  12.3s | 1.0e-04 | 0.0175 | 0.9545 | 0.9588 | 0.9614 | 0.0193 | 0.9427 | 0.9487 | 0.9409
1536 | 02:44:26 |  12.6s | 1.0e-04 | 0.0177 | 0.9537 | 0.9568 | 0.9598 | 0.0200 | 0.9464 | 0.9413 | 0.9394
1537 | 02:44:52 |  12.1s | 1.0e-04 | 0.0184 | 0.9532 | 0.9563 | 0.9579 | 0.0197 | 0.9465 | 0.9396 | 0.9360
1538 | 02:45:16 |  22.3s | 1.0e-04 | 0.0181 | 0.9540 | 0.9571 | 0.9603 | 0.0205 | 0.9420 | 0.9487 | 0.9412
1539 | 02:45:51 |  12.3s | 1.0e-04 | 0.0181 | 0.9541 | 0.9569 | 0.9596 | 0.0201 | 0.9455 | 0.9452 | 0.9392
1540 | 02:46:15 |  12.5s | 1.0e-04 | 0.0178 | 0.9547 | 0.9565 | 0.9599 | 0.0195 | 0.9412 | 0.9453 | 0.9347
1541 | 02:46:38 |  12.4s | 1.0e-04 | 0.0183 | 0.9523 | 0.9559 | 0.9574 | 0.0215 | 0.9432 | 0.9402 | 0.9330
1542 | 02:47:02 |  23.5s | 1.0e-04 | 0.0176 | 0.9536 | 0.9580 | 0.9600 | 0.0188 | 0.9390 | 0.9452 | 0.9351
1543 | 02:47:37 |  12.3s | 1.0e-04 | 0.0165 | 0.9559 | 0.9589 | 0.9637 | 0.0208 | 0.9419 | 0.9420 | 0.9347
1544 | 02:48:01 |  12.0s | 1.0e-04 | 0.0167 | 0.9564 | 0.9590 | 0.9633 | 0.0209 | 0.9546 | 0.9324 | 0.9396
1545 | 02:48:27 |  12.0s | 1.0e-04 | 0.0166 | 0.9570 | 0.9593 | 0.9645 | 0.0203 | 0.9535 | 0.9378 | 0.9412
1546 | 02:48:51 |  12.3s | 1.0e-04 | 0.0165 | 0.9581 | 0.9584 | 0.9645 | 0.0207 | 0.9366 | 0.9537 | 0.9414
1547 | 02:49:15 |  12.7s | 1.0e-04 | 0.0169 | 0.9572 | 0.9592 | 0.9644 | 0.0198 | 0.9468 | 0.9398 | 0.9396
1548 | 02:49:39 |  12.3s | 1.0e-04 | 0.0167 | 0.9577 | 0.9592 | 0.9651 | 0.0196 | 0.9455 | 0.9426 | 0.9372
1549 | 02:50:03 |  11.9s | 1.0e-04 | 0.0168 | 0.9575 | 0.9584 | 0.9637 | 0.0209 | 0.9382 | 0.9448 | 0.9337
1550 | 02:50:28 |  12.0s | 1.0e-04 | 0.0169 | 0.9559 | 0.9593 | 0.9622 | 0.0200 | 0.9478 | 0.9401 | 0.9405
1551 | 02:50:53 |  12.6s | 1.0e-04 | 0.0165 | 0.9577 | 0.9583 | 0.9646 | 0.0201 | 0.9478 | 0.9405 | 0.9397
1552 | 02:51:17 |  12.5s | 1.0e-04 | 0.0169 | 0.9550 | 0.9590 | 0.9614 | 0.0203 | 0.9491 | 0.9448 | 0.9450
1553 | 02:51:41 |  12.4s | 1.0e-04 | 0.0170 | 0.9561 | 0.9569 | 0.9625 | 0.0198 | 0.9448 | 0.9467 | 0.9425
1554 | 02:52:05 |  12.3s | 1.0e-04 | 0.0168 | 0.9575 | 0.9604 | 0.9650 | 0.0201 | 0.9443 | 0.9457 | 0.9406
1555 | 02:52:30 |  12.4s | 1.0e-04 | 0.0171 | 0.9572 | 0.9574 | 0.9627 | 0.0193 | 0.9397 | 0.9489 | 0.9383
1556 | 02:52:54 |  12.5s | 1.0e-04 | 0.0165 | 0.9556 | 0.9587 | 0.9628 | 0.0202 | 0.9436 | 0.9431 | 0.9377
1557 | 02:53:18 |  12.2s | 1.0e-04 | 0.0166 | 0.9565 | 0.9586 | 0.9630 | 0.0204 | 0.9387 | 0.9419 | 0.9329
1558 | 02:53:42 |  12.2s | 1.0e-04 | 0.0171 | 0.9550 | 0.9592 | 0.9624 | 0.0194 | 0.9446 | 0.9440 | 0.9392
1559 | 02:54:05 |  21.6s | 1.0e-04 | 0.0168 | 0.9565 | 0.9594 | 0.9638 | 0.0194 | 0.9387 | 0.9492 | 0.9378
1560 | 02:54:38 |  12.3s | 1.0e-04 | 0.0175 | 0.9537 | 0.9574 | 0.9594 | 0.0197 | 0.9426 | 0.9464 | 0.9374
1561 | 02:55:02 |  12.3s | 1.0e-04 | 0.0170 | 0.9544 | 0.9559 | 0.9595 | 0.0216 | 0.9379 | 0.9497 | 0.9378
1562 | 02:55:26 |  12.1s | 1.0e-04 | 0.0171 | 0.9547 | 0.9572 | 0.9601 | 0.0216 | 0.9449 | 0.9379 | 0.9335
1563 | 02:55:51 |  23.2s | 1.0e-04 | 0.0162 | 0.9571 | 0.9595 | 0.9651 | 0.0204 | 0.9474 | 0.9354 | 0.9344
1564 | 02:56:26 |  11.7s | 1.0e-04 | 0.0166 | 0.9555 | 0.9565 | 0.9606 | 0.0192 | 0.9448 | 0.9433 | 0.9387
1565 | 02:56:52 |  11.9s | 1.0e-04 | 0.0161 | 0.9560 | 0.9585 | 0.9627 | 0.0208 | 0.9435 | 0.9422 | 0.9347
1566 | 02:57:16 |  11.9s | 1.0e-04 | 0.0159 | 0.9573 | 0.9567 | 0.9627 | 0.0200 | 0.9435 | 0.9500 | 0.9435
1567 | 02:57:39 |  12.1s | 1.0e-04 | 0.0166 | 0.9548 | 0.9595 | 0.9621 | 0.0190 | 0.9432 | 0.9433 | 0.9356
1568 | 02:58:02 |  12.0s | 1.0e-04 | 0.0162 | 0.9553 | 0.9584 | 0.9611 | 0.0204 | 0.9381 | 0.9530 | 0.9427
1569 | 02:58:27 |  11.7s | 1.0e-04 | 0.0162 | 0.9565 | 0.9573 | 0.9620 | 0.0202 | 0.9422 | 0.9420 | 0.9361
1570 | 02:58:52 |  11.8s | 1.0e-04 | 0.0162 | 0.9563 | 0.9574 | 0.9623 | 0.0197 | 0.9391 | 0.9487 | 0.9375
1571 | 02:59:16 |  11.9s | 1.0e-04 | 0.0162 | 0.9562 | 0.9566 | 0.9615 | 0.0205 | 0.9371 | 0.9506 | 0.9383
1572 | 02:59:39 |  12.1s | 1.0e-04 | 0.0158 | 0.9563 | 0.9580 | 0.9623 | 0.0197 | 0.9417 | 0.9457 | 0.9379
1573 | 03:00:02 |  11.9s | 1.0e-04 | 0.0160 | 0.9574 | 0.9574 | 0.9633 | 0.0202 | 0.9386 | 0.9449 | 0.9328
1574 | 03:00:27 |  11.9s | 1.0e-04 | 0.0164 | 0.9564 | 0.9561 | 0.9610 | 0.0199 | 0.9464 | 0.9469 | 0.9436
1575 | 03:00:52 |  11.8s | 1.0e-04 | 0.0163 | 0.9560 | 0.9570 | 0.9615 | 0.0204 | 0.9440 | 0.9405 | 0.9325
1576 | 03:01:16 |  12.0s | 1.0e-04 | 0.0161 | 0.9563 | 0.9576 | 0.9624 | 0.0198 | 0.9444 | 0.9504 | 0.9452
1577 | 03:01:39 |  12.0s | 1.0e-04 | 0.0163 | 0.9553 | 0.9583 | 0.9616 | 0.0204 | 0.9472 | 0.9399 | 0.9346
1578 | 03:02:02 |  11.8s | 1.0e-04 | 0.0158 | 0.9564 | 0.9598 | 0.9641 | 0.0196 | 0.9459 | 0.9428 | 0.9391
1579 | 03:02:27 |  11.9s | 1.0e-04 | 0.0161 | 0.9574 | 0.9566 | 0.9624 | 0.0195 | 0.9444 | 0.9426 | 0.9364
1580 | 03:02:50 |  21.6s | 1.0e-04 | 0.0162 | 0.9558 | 0.9570 | 0.9612 | 0.0207 | 0.9433 | 0.9449 | 0.9383
1581 | 03:03:25 |  11.8s | 1.0e-04 | 0.0157 | 0.9567 | 0.9591 | 0.9637 | 0.0197 | 0.9434 | 0.9408 | 0.9318
1582 | 03:03:48 |  12.1s | 1.0e-04 | 0.0161 | 0.9575 | 0.9573 | 0.9635 | 0.0193 | 0.9445 | 0.9492 | 0.9436
1583 | 03:04:11 |  11.7s | 1.0e-04 | 0.0166 | 0.9548 | 0.9566 | 0.9601 | 0.0203 | 0.9440 | 0.9446 | 0.9388
1584 | 03:04:34 |  25.6s | 1.0e-04 | 0.0162 | 0.9574 | 0.9587 | 0.9640 | 0.0206 | 0.9411 | 0.9443 | 0.9359
1585 | 03:05:12 |  12.5s | 1.0e-04 | 0.0167 | 0.9575 | 0.9597 | 0.9650 | 0.0196 | 0.9412 | 0.9453 | 0.9359
1586 | 03:05:36 |  12.5s | 1.0e-04 | 0.0161 | 0.9576 | 0.9597 | 0.9653 | 0.0191 | 0.9391 | 0.9533 | 0.9425
1587 | 03:06:00 |  12.2s | 1.0e-04 | 0.0160 | 0.9577 | 0.9601 | 0.9654 | 0.0203 | 0.9430 | 0.9446 | 0.9351
1588 | 03:06:24 |  12.0s | 1.0e-04 | 0.0164 | 0.9583 | 0.9604 | 0.9661 | 0.0194 | 0.9466 | 0.9413 | 0.9389
1589 | 03:06:47 |  12.3s | 1.0e-04 | 0.0164 | 0.9571 | 0.9608 | 0.9647 | 0.0202 | 0.9376 | 0.9490 | 0.9368
1590 | 03:07:11 |  12.7s | 1.0e-04 | 0.0165 | 0.9570 | 0.9599 | 0.9646 | 0.0204 | 0.9415 | 0.9418 | 0.9302
1591 | 03:07:35 |  12.4s | 1.0e-04 | 0.0163 | 0.9576 | 0.9603 | 0.9656 | 0.0204 | 0.9477 | 0.9356 | 0.9339
1592 | 03:07:59 |  12.1s | 1.0e-04 | 0.0156 | 0.9594 | 0.9626 | 0.9689 | 0.0195 | 0.9402 | 0.9486 | 0.9384
1593 | 03:08:24 |  12.1s | 1.0e-04 | 0.0162 | 0.9563 | 0.9620 | 0.9647 | 0.0218 | 0.9418 | 0.9385 | 0.9324
1594 | 03:08:48 |  12.2s | 1.0e-04 | 0.0162 | 0.9588 | 0.9621 | 0.9680 | 0.0200 | 0.9457 | 0.9470 | 0.9429
1595 | 03:09:12 |  12.5s | 1.0e-04 | 0.0161 | 0.9586 | 0.9604 | 0.9668 | 0.0195 | 0.9440 | 0.9442 | 0.9386
1596 | 03:09:36 |  12.7s | 1.0e-04 | 0.0165 | 0.9572 | 0.9585 | 0.9647 | 0.0200 | 0.9424 | 0.9428 | 0.9355
1597 | 03:10:00 |  12.2s | 1.0e-04 | 0.0164 | 0.9570 | 0.9602 | 0.9649 | 0.0201 | 0.9478 | 0.9424 | 0.9432
1598 | 03:10:25 |  12.2s | 1.0e-04 | 0.0162 | 0.9575 | 0.9618 | 0.9657 | 0.0202 | 0.9379 | 0.9476 | 0.9367
1599 | 03:10:50 |  12.4s | 1.0e-04 | 0.0164 | 0.9571 | 0.9599 | 0.9641 | 0.0190 | 0.9424 | 0.9448 | 0.9386
1600 | 03:11:13 |  12.5s | 1.0e-04 | 0.0166 | 0.9578 | 0.9610 | 0.9665 | 0.0199 | 0.9484 | 0.9396 | 0.9370
1601 | 03:11:37 |  12.6s | 1.0e-04 | 0.0169 | 0.9551 | 0.9606 | 0.9635 | 0.0203 | 0.9383 | 0.9453 | 0.9317
1602 | 03:12:02 |  12.4s | 1.0e-04 | 0.0169 | 0.9577 | 0.9599 | 0.9648 | 0.0206 | 0.9462 | 0.9438 | 0.9396
1603 | 03:12:28 |  12.2s | 1.0e-04 | 0.0167 | 0.9561 | 0.9621 | 0.9657 | 0.0203 | 0.9391 | 0.9514 | 0.9411
1604 | 03:12:53 |  12.4s | 1.0e-04 | 0.0169 | 0.9567 | 0.9597 | 0.9640 | 0.0214 | 0.9415 | 0.9397 | 0.9325
1605 | 03:13:16 |  22.9s | 1.0e-04 | 0.0163 | 0.9578 | 0.9624 | 0.9670 | 0.0196 | 0.9466 | 0.9403 | 0.9354
1606 | 03:13:51 |  12.6s | 1.0e-04 | 0.0162 | 0.9582 | 0.9606 | 0.9655 | 0.0192 | 0.9421 | 0.9504 | 0.9421
1607 | 03:14:14 |  12.6s | 1.0e-04 | 0.0161 | 0.9581 | 0.9625 | 0.9675 | 0.0197 | 0.9480 | 0.9392 | 0.9367
1608 | 03:14:38 |  12.4s | 1.0e-04 | 0.0164 | 0.9587 | 0.9607 | 0.9674 | 0.0199 | 0.9461 | 0.9415 | 0.9374
1609 | 03:15:03 |  12.1s | 1.0e-04 | 0.0162 | 0.9592 | 0.9593 | 0.9658 | 0.0204 | 0.9435 | 0.9383 | 0.9301
1610 | 03:15:26 |  12.3s | 1.0e-04 | 0.0161 | 0.9581 | 0.9604 | 0.9661 | 0.0207 | 0.9310 | 0.9487 | 0.9295
1611 | 03:15:52 |  12.3s | 1.0e-04 | 0.0164 | 0.9579 | 0.9603 | 0.9658 | 0.0199 | 0.9410 | 0.9489 | 0.9399
1612 | 03:16:16 |  12.5s | 1.0e-04 | 0.0164 | 0.9578 | 0.9596 | 0.9655 | 0.0204 | 0.9432 | 0.9410 | 0.9330
1613 | 03:16:40 |  12.5s | 1.0e-04 | 0.0159 | 0.9592 | 0.9629 | 0.9675 | 0.0215 | 0.9406 | 0.9412 | 0.9328
1614 | 03:17:03 |  12.8s | 1.0e-04 | 0.0160 | 0.9582 | 0.9607 | 0.9663 | 0.0210 | 0.9423 | 0.9402 | 0.9310
1615 | 03:17:28 |  12.3s | 1.0e-04 | 0.0160 | 0.9574 | 0.9602 | 0.9649 | 0.0214 | 0.9407 | 0.9490 | 0.9390
1616 | 03:17:53 |  12.1s | 1.0e-04 | 0.0161 | 0.9582 | 0.9618 | 0.9666 | 0.0198 | 0.9353 | 0.9515 | 0.9366
1617 | 03:18:17 |  12.3s | 1.0e-04 | 0.0162 | 0.9577 | 0.9627 | 0.9669 | 0.0198 | 0.9382 | 0.9473 | 0.9350
1618 | 03:18:40 |  12.5s | 1.0e-04 | 0.0163 | 0.9567 | 0.9605 | 0.9650 | 0.0210 | 0.9397 | 0.9483 | 0.9390
1619 | 03:19:04 |  12.2s | 1.0e-04 | 0.0161 | 0.9579 | 0.9621 | 0.9665 | 0.0202 | 0.9405 | 0.9447 | 0.9357
1620 | 03:19:28 |  11.9s | 1.0e-04 | 0.0160 | 0.9584 | 0.9620 | 0.9680 | 0.0204 | 0.9337 | 0.9558 | 0.9394
1621 | 03:19:51 |  20.6s | 1.0e-04 | 0.0160 | 0.9576 | 0.9615 | 0.9660 | 0.0208 | 0.9442 | 0.9457 | 0.9394
1622 | 03:20:25 |  12.3s | 1.0e-04 | 0.0163 | 0.9570 | 0.9606 | 0.9641 | 0.0214 | 0.9361 | 0.9456 | 0.9324
1623 | 03:20:48 |  12.7s | 1.0e-04 | 0.0162 | 0.9571 | 0.9606 | 0.9652 | 0.0205 | 0.9427 | 0.9411 | 0.9326
1624 | 03:21:12 |  12.5s | 1.0e-04 | 0.0162 | 0.9579 | 0.9594 | 0.9650 | 0.0201 | 0.9412 | 0.9474 | 0.9381
1625 | 03:21:35 |  12.5s | 1.0e-04 | 0.0160 | 0.9562 | 0.9606 | 0.9647 | 0.0205 | 0.9419 | 0.9458 | 0.9383
1626 | 03:22:02 |  12.7s | 1.0e-04 | 0.0166 | 0.9565 | 0.9592 | 0.9628 | 0.0209 | 0.9341 | 0.9466 | 0.9304
1627 | 03:22:28 |  12.6s | 1.0e-04 | 0.0169 | 0.9546 | 0.9582 | 0.9613 | 0.0205 | 0.9358 | 0.9484 | 0.9342
1628 | 03:22:52 |  12.6s | 1.0e-04 | 0.0172 | 0.9558 | 0.9570 | 0.9623 | 0.0199 | 0.9469 | 0.9420 | 0.9397
1629 | 03:23:15 |  12.6s | 1.0e-04 | 0.0170 | 0.9540 | 0.9578 | 0.9607 | 0.0193 | 0.9500 | 0.9437 | 0.9441
1630 | 03:23:39 |  12.6s | 1.0e-04 | 0.0168 | 0.9564 | 0.9584 | 0.9629 | 0.0204 | 0.9422 | 0.9446 | 0.9362
1631 | 03:24:04 |  12.2s | 1.0e-04 | 0.0167 | 0.9570 | 0.9590 | 0.9636 | 0.0200 | 0.9371 | 0.9475 | 0.9348
1632 | 03:24:29 |  12.7s | 1.0e-04 | 0.0164 | 0.9566 | 0.9612 | 0.9652 | 0.0197 | 0.9457 | 0.9409 | 0.9389
1633 | 03:24:53 |  12.7s | 1.0e-04 | 0.0162 | 0.9563 | 0.9590 | 0.9634 | 0.0204 | 0.9430 | 0.9386 | 0.9325
1634 | 03:25:17 |  12.8s | 1.0e-04 | 0.0171 | 0.9546 | 0.9576 | 0.9618 | 0.0195 | 0.9430 | 0.9418 | 0.9344
1635 | 03:25:40 |  12.4s | 1.0e-04 | 0.0166 | 0.9561 | 0.9599 | 0.9630 | 0.0201 | 0.9393 | 0.9460 | 0.9342
1636 | 03:26:04 |  12.4s | 1.0e-04 | 0.0167 | 0.9547 | 0.9578 | 0.9612 | 0.0198 | 0.9459 | 0.9425 | 0.9379
1637 | 03:26:30 |  12.5s | 1.0e-04 | 0.0165 | 0.9572 | 0.9614 | 0.9656 | 0.0195 | 0.9409 | 0.9452 | 0.9370
1638 | 03:26:56 |  12.1s | 1.0e-04 | 0.0167 | 0.9554 | 0.9595 | 0.9629 | 0.0201 | 0.9449 | 0.9489 | 0.9440
1639 | 03:27:20 |  13.0s | 1.0e-04 | 0.0167 | 0.9561 | 0.9587 | 0.9624 | 0.0193 | 0.9485 | 0.9432 | 0.9424
1640 | 03:27:45 |  12.5s | 1.0e-04 | 0.0166 | 0.9557 | 0.9571 | 0.9615 | 0.0198 | 0.9356 | 0.9490 | 0.9342
1641 | 03:28:08 |  12.9s | 1.0e-04 | 0.0171 | 0.9551 | 0.9590 | 0.9613 | 0.0204 | 0.9355 | 0.9463 | 0.9314
1642 | 03:28:32 |  22.3s | 1.0e-04 | 0.0166 | 0.9537 | 0.9578 | 0.9606 | 0.0210 | 0.9442 | 0.9379 | 0.9335
1643 | 03:29:05 |  12.8s | 1.0e-04 | 0.0160 | 0.9565 | 0.9599 | 0.9638 | 0.0197 | 0.9467 | 0.9403 | 0.9379
1644 | 03:29:29 |  12.7s | 1.0e-04 | 0.0162 | 0.9560 | 0.9589 | 0.9626 | 0.0199 | 0.9439 | 0.9453 | 0.9381
1645 | 03:29:55 |  12.5s | 1.0e-04 | 0.0160 | 0.9571 | 0.9594 | 0.9645 | 0.0201 | 0.9392 | 0.9531 | 0.9420
1646 | 03:30:20 |  25.6s | 1.0e-04 | 0.0163 | 0.9562 | 0.9574 | 0.9618 | 0.0212 | 0.9457 | 0.9386 | 0.9358
1647 | 03:30:58 |  12.8s | 1.0e-04 | 0.0168 | 0.9550 | 0.9578 | 0.9610 | 0.0197 | 0.9555 | 0.9357 | 0.9437
1648 | 03:31:25 |  12.3s | 1.0e-04 | 0.0167 | 0.9567 | 0.9565 | 0.9622 | 0.0197 | 0.9430 | 0.9435 | 0.9346
1649 | 03:31:49 |  12.6s | 1.0e-04 | 0.0162 | 0.9571 | 0.9583 | 0.9636 | 0.0205 | 0.9492 | 0.9449 | 0.9433
1650 | 03:32:12 |  12.7s | 1.0e-04 | 0.0166 | 0.9546 | 0.9567 | 0.9606 | 0.0195 | 0.9466 | 0.9426 | 0.9409
1651 | 03:32:36 |  12.8s | 1.0e-04 | 0.0163 | 0.9559 | 0.9576 | 0.9622 | 0.0194 | 0.9434 | 0.9424 | 0.9353
1652 | 03:33:01 |  12.5s | 1.0e-04 | 0.0165 | 0.9553 | 0.9566 | 0.9608 | 0.0197 | 0.9468 | 0.9482 | 0.9451
1653 | 03:33:27 |  12.4s | 1.0e-04 | 0.0165 | 0.9552 | 0.9572 | 0.9613 | 0.0201 | 0.9441 | 0.9439 | 0.9390
1654 | 03:33:52 |  12.3s | 1.0e-04 | 0.0172 | 0.9548 | 0.9566 | 0.9604 | 0.0210 | 0.9426 | 0.9418 | 0.9326
1655 | 03:34:15 |  12.8s | 1.0e-04 | 0.0163 | 0.9556 | 0.9570 | 0.9614 | 0.0189 | 0.9429 | 0.9447 | 0.9383
1656 | 03:34:40 |  12.7s | 1.0e-04 | 0.0171 | 0.9549 | 0.9573 | 0.9603 | 0.0201 | 0.9500 | 0.9424 | 0.9419
1657 | 03:35:04 |  12.8s | 1.0e-04 | 0.0165 | 0.9562 | 0.9586 | 0.9625 | 0.0202 | 0.9361 | 0.9498 | 0.9359
1658 | 03:35:29 |  12.2s | 1.0e-04 | 0.0163 | 0.9573 | 0.9589 | 0.9637 | 0.0198 | 0.9390 | 0.9500 | 0.9390
1659 | 03:35:55 |  12.4s | 1.0e-04 | 0.0164 | 0.9561 | 0.9587 | 0.9632 | 0.0201 | 0.9402 | 0.9456 | 0.9359
1660 | 03:36:18 |  12.7s | 1.0e-04 | 0.0162 | 0.9550 | 0.9584 | 0.9620 | 0.0204 | 0.9423 | 0.9458 | 0.9376
1661 | 03:36:43 |  12.5s | 1.0e-04 | 0.0170 | 0.9558 | 0.9564 | 0.9605 | 0.0216 | 0.9293 | 0.9527 | 0.9327
1662 | 03:37:08 |  12.6s | 1.0e-04 | 0.0168 | 0.9544 | 0.9598 | 0.9624 | 0.0193 | 0.9340 | 0.9560 | 0.9392
1663 | 03:37:32 |  22.9s | 1.0e-04 | 0.0165 | 0.9558 | 0.9582 | 0.9634 | 0.0196 | 0.9306 | 0.9524 | 0.9336
1664 | 03:38:07 |  12.7s | 1.0e-04 | 0.0170 | 0.9542 | 0.9583 | 0.9603 | 0.0203 | 0.9424 | 0.9513 | 0.9433
1665 | 03:38:31 |  13.0s | 1.0e-04 | 0.0168 | 0.9557 | 0.9576 | 0.9617 | 0.0205 | 0.9341 | 0.9598 | 0.9467
1666 | 03:38:56 |  12.7s | 1.0e-04 | 0.0161 | 0.9571 | 0.9604 | 0.9645 | 0.0195 | 0.9393 | 0.9546 | 0.9425
1667 | 03:39:20 |  25.6s | 1.0e-04 | 0.0160 | 0.9563 | 0.9604 | 0.9644 | 0.0200 | 0.9489 | 0.9420 | 0.9413
1668 | 03:39:57 |  12.5s | 1.0e-04 | 0.0160 | 0.9560 | 0.9581 | 0.9624 | 0.0196 | 0.9505 | 0.9341 | 0.9371
1669 | 03:40:21 |  12.3s | 1.0e-04 | 0.0159 | 0.9583 | 0.9581 | 0.9638 | 0.0209 | 0.9356 | 0.9486 | 0.9340
1670 | 03:40:45 |  12.1s | 1.0e-04 | 0.0161 | 0.9572 | 0.9585 | 0.9638 | 0.0208 | 0.9403 | 0.9498 | 0.9398
1671 | 03:41:11 |  12.1s | 1.0e-04 | 0.0165 | 0.9531 | 0.9580 | 0.9609 | 0.0191 | 0.9460 | 0.9450 | 0.9409
1672 | 03:41:36 |  12.2s | 1.0e-04 | 0.0158 | 0.9565 | 0.9590 | 0.9638 | 0.0201 | 0.9445 | 0.9442 | 0.9388
1673 | 03:41:59 |  12.6s | 1.0e-04 | 0.0158 | 0.9559 | 0.9584 | 0.9630 | 0.0191 | 0.9487 | 0.9449 | 0.9449
1674 | 03:42:23 |  12.3s | 1.0e-04 | 0.0155 | 0.9587 | 0.9601 | 0.9657 | 0.0204 | 0.9451 | 0.9399 | 0.9337
1675 | 03:42:47 |  12.2s | 1.0e-04 | 0.0158 | 0.9574 | 0.9590 | 0.9636 | 0.0201 | 0.9426 | 0.9427 | 0.9353
1676 | 03:43:13 |  12.0s | 1.0e-04 | 0.0164 | 0.9551 | 0.9559 | 0.9607 | 0.0203 | 0.9475 | 0.9450 | 0.9427
1677 | 03:43:38 |  12.4s | 1.0e-04 | 0.0166 | 0.9567 | 0.9575 | 0.9619 | 0.0211 | 0.9419 | 0.9480 | 0.9382
1678 | 03:44:01 |  12.4s | 1.0e-04 | 0.0154 | 0.9568 | 0.9596 | 0.9645 | 0.0201 | 0.9498 | 0.9482 | 0.9482
1679 | 03:44:25 |  12.4s | 1.0e-04 | 0.0163 | 0.9550 | 0.9578 | 0.9622 | 0.0197 | 0.9482 | 0.9444 | 0.9416
1680 | 03:44:49 |  12.3s | 1.0e-04 | 0.0160 | 0.9573 | 0.9579 | 0.9630 | 0.0202 | 0.9400 | 0.9432 | 0.9341
1681 | 03:45:14 |  12.2s | 1.0e-04 | 0.0160 | 0.9559 | 0.9588 | 0.9640 | 0.0207 | 0.9431 | 0.9469 | 0.9392
1682 | 03:45:40 |  12.2s | 1.0e-04 | 0.0158 | 0.9574 | 0.9584 | 0.9639 | 0.0202 | 0.9371 | 0.9492 | 0.9362
1683 | 03:46:04 |  12.1s | 1.0e-04 | 0.0158 | 0.9558 | 0.9596 | 0.9632 | 0.0213 | 0.9414 | 0.9455 | 0.9367
1684 | 03:46:27 |  22.0s | 1.0e-04 | 0.0162 | 0.9556 | 0.9588 | 0.9622 | 0.0194 | 0.9469 | 0.9425 | 0.9397
1685 | 03:47:00 |  12.4s | 1.0e-04 | 0.0156 | 0.9589 | 0.9609 | 0.9670 | 0.0210 | 0.9318 | 0.9537 | 0.9356
1686 | 03:47:24 |  12.1s | 1.0e-04 | 0.0160 | 0.9563 | 0.9584 | 0.9630 | 0.0208 | 0.9419 | 0.9487 | 0.9404
1687 | 03:47:52 |  12.0s | 1.0e-04 | 0.0159 | 0.9569 | 0.9571 | 0.9630 | 0.0199 | 0.9416 | 0.9464 | 0.9368
1688 | 03:48:17 |  22.0s | 1.0e-04 | 0.0156 | 0.9581 | 0.9588 | 0.9644 | 0.0208 | 0.9420 | 0.9495 | 0.9417
1689 | 03:48:53 |  12.7s | 1.0e-04 | 0.0160 | 0.9547 | 0.9577 | 0.9606 | 0.0206 | 0.9356 | 0.9492 | 0.9344
1690 | 03:49:18 |  12.5s | 1.0e-04 | 0.0157 | 0.9550 | 0.9582 | 0.9616 | 0.0201 | 0.9513 | 0.9402 | 0.9427
1691 | 03:49:42 |  12.9s | 1.0e-04 | 0.0162 | 0.9546 | 0.9575 | 0.9609 | 0.0189 | 0.9397 | 0.9476 | 0.9369
1692 | 03:50:07 |  13.0s | 1.0e-04 | 0.0156 | 0.9575 | 0.9595 | 0.9642 | 0.0207 | 0.9386 | 0.9516 | 0.9392
1693 | 03:50:31 |  12.8s | 1.0e-04 | 0.0162 | 0.9541 | 0.9576 | 0.9606 | 0.0206 | 0.9438 | 0.9428 | 0.9376
1694 | 03:50:57 |  12.2s | 1.0e-04 | 0.0160 | 0.9572 | 0.9588 | 0.9639 | 0.0213 | 0.9424 | 0.9439 | 0.9350
1695 | 03:51:22 |  12.3s | 1.0e-04 | 0.0159 | 0.9566 | 0.9587 | 0.9635 | 0.0208 | 0.9398 | 0.9505 | 0.9400
1696 | 03:51:46 |  12.5s | 1.0e-04 | 0.0162 | 0.9559 | 0.9561 | 0.9613 | 0.0203 | 0.9536 | 0.9422 | 0.9451
1697 | 03:52:10 |  12.6s | 1.0e-04 | 0.0163 | 0.9547 | 0.9568 | 0.9608 | 0.0217 | 0.9405 | 0.9432 | 0.9339
1698 | 03:52:34 |  12.4s | 1.0e-04 | 0.0162 | 0.9550 | 0.9573 | 0.9606 | 0.0209 | 0.9359 | 0.9517 | 0.9378
1699 | 03:52:59 |  12.3s | 1.0e-04 | 0.0161 | 0.9560 | 0.9574 | 0.9623 | 0.0187 | 0.9541 | 0.9341 | 0.9416
1700 | 03:53:25 |  12.3s | 1.0e-04 | 0.0161 | 0.9579 | 0.9572 | 0.9632 | 0.0210 | 0.9425 | 0.9405 | 0.9325
1701 | 03:53:50 |  12.4s | 1.0e-04 | 0.0154 | 0.9567 | 0.9563 | 0.9615 | 0.0204 | 0.9451 | 0.9390 | 0.9378
1702 | 03:54:14 |  12.6s | 1.0e-04 | 0.0159 | 0.9563 | 0.9566 | 0.9615 | 0.0195 | 0.9447 | 0.9441 | 0.9400
1703 | 03:54:38 |  12.7s | 1.0e-04 | 0.0160 | 0.9557 | 0.9578 | 0.9615 | 0.0207 | 0.9418 | 0.9401 | 0.9321
1704 | 03:55:02 |  12.3s | 1.0e-04 | 0.0159 | 0.9539 | 0.9560 | 0.9587 | 0.0198 | 0.9466 | 0.9367 | 0.9333
1705 | 03:55:27 |  21.8s | 1.0e-04 | 0.0161 | 0.9560 | 0.9586 | 0.9634 | 0.0206 | 0.9420 | 0.9438 | 0.9353
1706 | 03:56:01 |  12.4s | 1.0e-04 | 0.0163 | 0.9561 | 0.9585 | 0.9624 | 0.0205 | 0.9401 | 0.9401 | 0.9308
1707 | 03:56:27 |  12.0s | 1.0e-04 | 0.0163 | 0.9559 | 0.9573 | 0.9614 | 0.0207 | 0.9446 | 0.9405 | 0.9364
1708 | 03:56:52 |  12.2s | 1.0e-04 | 0.0162 | 0.9558 | 0.9570 | 0.9613 | 0.0200 | 0.9399 | 0.9518 | 0.9412
1709 | 03:57:15 |  23.3s | 1.0e-04 | 0.0165 | 0.9563 | 0.9580 | 0.9626 | 0.0191 | 0.9436 | 0.9458 | 0.9399
1710 | 03:57:50 |  12.5s | 1.0e-04 | 0.0163 | 0.9563 | 0.9580 | 0.9621 | 0.0194 | 0.9454 | 0.9415 | 0.9361
1711 | 03:58:13 |  12.2s | 1.0e-04 | 0.0166 | 0.9575 | 0.9585 | 0.9639 | 0.0202 | 0.9392 | 0.9475 | 0.9367
1712 | 03:58:38 |  12.2s | 1.0e-04 | 0.0165 | 0.9559 | 0.9573 | 0.9616 | 0.0210 | 0.9398 | 0.9466 | 0.9351
1713 | 03:59:02 |  12.5s | 1.0e-04 | 0.0163 | 0.9577 | 0.9591 | 0.9652 | 0.0200 | 0.9362 | 0.9473 | 0.9325
1714 | 03:59:25 |  12.2s | 1.0e-04 | 0.0163 | 0.9565 | 0.9577 | 0.9636 | 0.0205 | 0.9493 | 0.9388 | 0.9394
1715 | 03:59:49 |  12.1s | 1.0e-04 | 0.0169 | 0.9556 | 0.9582 | 0.9621 | 0.0201 | 0.9371 | 0.9495 | 0.9361
1716 | 04:00:15 |  12.5s | 1.0e-04 | 0.0167 | 0.9557 | 0.9574 | 0.9611 | 0.0197 | 0.9438 | 0.9519 | 0.9454
1717 | 04:00:41 |  12.7s | 1.0e-04 | 0.0161 | 0.9561 | 0.9590 | 0.9639 | 0.0199 | 0.9498 | 0.9391 | 0.9388
1718 | 04:01:05 |  12.8s | 1.0e-04 | 0.0171 | 0.9544 | 0.9556 | 0.9587 | 0.0198 | 0.9417 | 0.9440 | 0.9369
1719 | 04:01:29 |  12.6s | 1.0e-04 | 0.0166 | 0.9558 | 0.9596 | 0.9628 | 0.0204 | 0.9394 | 0.9503 | 0.9397
1720 | 04:01:53 |  12.4s | 1.0e-04 | 0.0168 | 0.9557 | 0.9591 | 0.9628 | 0.0201 | 0.9382 | 0.9452 | 0.9346
1721 | 04:02:17 |  12.5s | 1.0e-04 | 0.0162 | 0.9560 | 0.9597 | 0.9631 | 0.0194 | 0.9427 | 0.9442 | 0.9369
1722 | 04:02:43 |  12.0s | 1.0e-04 | 0.0163 | 0.9548 | 0.9588 | 0.9625 | 0.0204 | 0.9428 | 0.9468 | 0.9394
1723 | 04:03:08 |  12.2s | 1.0e-04 | 0.0173 | 0.9552 | 0.9564 | 0.9600 | 0.0195 | 0.9522 | 0.9334 | 0.9404
1724 | 04:03:32 |  12.5s | 1.0e-04 | 0.0168 | 0.9568 | 0.9581 | 0.9631 | 0.0203 | 0.9444 | 0.9503 | 0.9447
1725 | 04:03:55 |  12.7s | 1.0e-04 | 0.0165 | 0.9559 | 0.9593 | 0.9625 | 0.0197 | 0.9430 | 0.9526 | 0.9464
1726 | 04:04:20 |  12.5s | 1.0e-04 | 0.0164 | 0.9560 | 0.9577 | 0.9621 | 0.0193 | 0.9450 | 0.9463 | 0.9420
1727 | 04:04:45 |  12.3s | 1.0e-04 | 0.0164 | 0.9564 | 0.9585 | 0.9631 | 0.0196 | 0.9409 | 0.9469 | 0.9374
1728 | 04:05:11 |  12.0s | 1.0e-04 | 0.0158 | 0.9573 | 0.9605 | 0.9656 | 0.0197 | 0.9388 | 0.9560 | 0.9432
1729 | 04:05:36 |  12.5s | 1.0e-04 | 0.0160 | 0.9567 | 0.9583 | 0.9637 | 0.0197 | 0.9449 | 0.9438 | 0.9382
1730 | 04:06:00 |  25.7s | 1.0e-04 | 0.0167 | 0.9578 | 0.9612 | 0.9661 | 0.0195 | 0.9416 | 0.9477 | 0.9393
1731 | 04:06:38 |  12.4s | 1.0e-04 | 0.0172 | 0.9562 | 0.9618 | 0.9652 | 0.0209 | 0.9435 | 0.9467 | 0.9390
1732 | 04:07:02 |  12.5s | 1.0e-04 | 0.0174 | 0.9551 | 0.9612 | 0.9630 | 0.0200 | 0.9415 | 0.9407 | 0.9312
1733 | 04:07:26 |  12.6s | 1.0e-04 | 0.0173 | 0.9559 | 0.9606 | 0.9636 | 0.0201 | 0.9396 | 0.9451 | 0.9348
1734 | 04:07:50 |  12.3s | 1.0e-04 | 0.0176 | 0.9556 | 0.9607 | 0.9638 | 0.0201 | 0.9422 | 0.9410 | 0.9329
1735 | 04:08:15 |  12.0s | 1.0e-04 | 0.0168 | 0.9568 | 0.9610 | 0.9648 | 0.0198 | 0.9379 | 0.9478 | 0.9351
1736 | 04:08:39 |  12.7s | 1.0e-04 | 0.0166 | 0.9568 | 0.9601 | 0.9647 | 0.0213 | 0.9355 | 0.9481 | 0.9338
1737 | 04:09:03 |  12.5s | 1.0e-04 | 0.0172 | 0.9579 | 0.9605 | 0.9655 | 0.0203 | 0.9430 | 0.9521 | 0.9443
1738 | 04:09:28 |  12.5s | 1.0e-04 | 0.0170 | 0.9575 | 0.9612 | 0.9658 | 0.0196 | 0.9469 | 0.9469 | 0.9428
1739 | 04:09:52 |  12.6s | 1.0e-04 | 0.0175 | 0.9556 | 0.9599 | 0.9627 | 0.0203 | 0.9449 | 0.9444 | 0.9372
1740 | 04:10:16 |  12.7s | 1.0e-04 | 0.0167 | 0.9570 | 0.9602 | 0.9641 | 0.0203 | 0.9429 | 0.9454 | 0.9376
1741 | 04:10:40 |  12.1s | 1.0e-04 | 0.0174 | 0.9558 | 0.9594 | 0.9635 | 0.0197 | 0.9379 | 0.9581 | 0.9450
1742 | 04:11:05 |  12.2s | 1.0e-04 | 0.0168 | 0.9571 | 0.9616 | 0.9653 | 0.0205 | 0.9468 | 0.9359 | 0.9338
1743 | 04:11:30 |  12.2s | 1.0e-04 | 0.0167 | 0.9571 | 0.9621 | 0.9659 | 0.0203 | 0.9419 | 0.9434 | 0.9342
1744 | 04:11:54 |  12.5s | 1.0e-04 | 0.0169 | 0.9565 | 0.9599 | 0.9641 | 0.0200 | 0.9506 | 0.9382 | 0.9412
1745 | 04:12:18 |  12.8s | 1.0e-04 | 0.0176 | 0.9553 | 0.9593 | 0.9623 | 0.0196 | 0.9458 | 0.9450 | 0.9417
1746 | 04:12:42 |  21.4s | 1.0e-04 | 0.0168 | 0.9570 | 0.9600 | 0.9650 | 0.0207 | 0.9428 | 0.9442 | 0.9374
1747 | 04:13:15 |  12.6s | 1.0e-04 | 0.0166 | 0.9578 | 0.9611 | 0.9663 | 0.0191 | 0.9380 | 0.9502 | 0.9381
1748 | 04:13:39 |  12.3s | 1.0e-04 | 0.0164 | 0.9578 | 0.9613 | 0.9660 | 0.0193 | 0.9433 | 0.9485 | 0.9425
1749 | 04:14:06 |  12.2s | 1.0e-04 | 0.0159 | 0.9577 | 0.9636 | 0.9673 | 0.0202 | 0.9468 | 0.9422 | 0.9384
1750 | 04:14:30 |  12.6s | 1.0e-04 | 0.0161 | 0.9602 | 0.9629 | 0.9696 | 0.0204 | 0.9351 | 0.9506 | 0.9361
1751 | 04:14:57 |  12.3s | 1.0e-04 | 0.0173 | 0.9545 | 0.9580 | 0.9614 | 0.0206 | 0.9411 | 0.9438 | 0.9360
1752 | 04:15:20 |  12.6s | 1.0e-04 | 0.0173 | 0.9559 | 0.9588 | 0.9622 | 0.0201 | 0.9427 | 0.9511 | 0.9442
1753 | 04:15:44 |  12.3s | 1.0e-04 | 0.0173 | 0.9561 | 0.9588 | 0.9627 | 0.0190 | 0.9553 | 0.9369 | 0.9449
1754 | 04:16:10 |  12.2s | 1.0e-04 | 0.0173 | 0.9569 | 0.9581 | 0.9635 | 0.0195 | 0.9422 | 0.9502 | 0.9422
1755 | 04:16:35 |  12.5s | 1.0e-04 | 0.0170 | 0.9555 | 0.9586 | 0.9622 | 0.0202 | 0.9361 | 0.9423 | 0.9297
1756 | 04:16:59 |  12.6s | 1.0e-04 | 0.0175 | 0.9547 | 0.9577 | 0.9611 | 0.0200 | 0.9395 | 0.9466 | 0.9369
1757 | 04:17:23 |  12.5s | 1.0e-04 | 0.0172 | 0.9547 | 0.9590 | 0.9622 | 0.0199 | 0.9481 | 0.9397 | 0.9395
1758 | 04:17:47 |  12.5s | 1.0e-04 | 0.0170 | 0.9556 | 0.9582 | 0.9615 | 0.0201 | 0.9403 | 0.9522 | 0.9417
1759 | 04:18:13 |  12.7s | 1.0e-04 | 0.0173 | 0.9537 | 0.9601 | 0.9609 | 0.0198 | 0.9479 | 0.9454 | 0.9454
1760 | 04:18:38 |  12.4s | 1.0e-04 | 0.0171 | 0.9545 | 0.9579 | 0.9608 | 0.0211 | 0.9377 | 0.9530 | 0.9410
1761 | 04:19:02 |  12.7s | 1.0e-04 | 0.0168 | 0.9555 | 0.9606 | 0.9634 | 0.0218 | 0.9478 | 0.9346 | 0.9338
1762 | 04:19:26 |  12.2s | 1.0e-04 | 0.0167 | 0.9555 | 0.9594 | 0.9624 | 0.0207 | 0.9382 | 0.9495 | 0.9374
1763 | 04:19:52 |  12.6s | 1.0e-04 | 0.0167 | 0.9577 | 0.9588 | 0.9645 | 0.0212 | 0.9386 | 0.9419 | 0.9308
1764 | 04:20:18 |  12.9s | 1.0e-04 | 0.0170 | 0.9569 | 0.9594 | 0.9646 | 0.0208 | 0.9392 | 0.9457 | 0.9341
1765 | 04:20:42 |  12.4s | 1.0e-04 | 0.0174 | 0.9559 | 0.9585 | 0.9631 | 0.0207 | 0.9396 | 0.9504 | 0.9403
1766 | 04:21:07 |  12.3s | 1.0e-04 | 0.0169 | 0.9561 | 0.9595 | 0.9635 | 0.0207 | 0.9486 | 0.9409 | 0.9420
1767 | 04:21:34 |  22.1s | 1.0e-04 | 0.0171 | 0.9552 | 0.9592 | 0.9620 | 0.0198 | 0.9379 | 0.9522 | 0.9409
1768 | 04:22:09 |  12.1s | 1.0e-04 | 0.0175 | 0.9541 | 0.9577 | 0.9604 | 0.0202 | 0.9385 | 0.9506 | 0.9396
1769 | 04:22:32 |  12.6s | 1.0e-04 | 0.0176 | 0.9536 | 0.9572 | 0.9592 | 0.0186 | 0.9428 | 0.9452 | 0.9380
1770 | 04:22:56 |  12.8s | 1.0e-04 | 0.0168 | 0.9556 | 0.9607 | 0.9640 | 0.0201 | 0.9471 | 0.9420 | 0.9404
1771 | 04:23:20 |  23.8s | 1.0e-04 | 0.0164 | 0.9560 | 0.9607 | 0.9628 | 0.0194 | 0.9422 | 0.9439 | 0.9363
1772 | 04:23:55 |  12.8s | 1.0e-04 | 0.0158 | 0.9570 | 0.9614 | 0.9656 | 0.0201 | 0.9427 | 0.9507 | 0.9434
1773 | 04:24:19 |  13.0s | 1.0e-04 | 0.0157 | 0.9564 | 0.9611 | 0.9652 | 0.0184 | 0.9512 | 0.9449 | 0.9456
1774 | 04:24:44 |  12.4s | 1.0e-04 | 0.0158 | 0.9562 | 0.9603 | 0.9639 | 0.0192 | 0.9424 | 0.9469 | 0.9391
1775 | 04:25:10 |  12.3s | 1.0e-04 | 0.0154 | 0.9574 | 0.9610 | 0.9653 | 0.0208 | 0.9434 | 0.9474 | 0.9407
1776 | 04:25:35 |  12.6s | 1.0e-04 | 0.0155 | 0.9577 | 0.9619 | 0.9661 | 0.0200 | 0.9388 | 0.9516 | 0.9410
1777 | 04:25:59 |  13.1s | 1.0e-04 | 0.0157 | 0.9567 | 0.9611 | 0.9652 | 0.0207 | 0.9438 | 0.9417 | 0.9362
1778 | 04:26:23 |  12.8s | 1.0e-04 | 0.0160 | 0.9572 | 0.9599 | 0.9655 | 0.0200 | 0.9414 | 0.9433 | 0.9340
1779 | 04:26:47 |  12.7s | 1.0e-04 | 0.0159 | 0.9570 | 0.9603 | 0.9647 | 0.0195 | 0.9482 | 0.9428 | 0.9436
1780 | 04:27:13 |  12.8s | 1.0e-04 | 0.0153 | 0.9581 | 0.9624 | 0.9675 | 0.0199 | 0.9447 | 0.9472 | 0.9415
1781 | 04:27:40 |  12.5s | 1.0e-04 | 0.0159 | 0.9579 | 0.9606 | 0.9660 | 0.0196 | 0.9462 | 0.9447 | 0.9393
1782 | 04:28:03 |  12.8s | 1.0e-04 | 0.0154 | 0.9580 | 0.9608 | 0.9662 | 0.0203 | 0.9428 | 0.9494 | 0.9416
1783 | 04:28:27 |  13.1s | 1.0e-04 | 0.0160 | 0.9568 | 0.9609 | 0.9647 | 0.0196 | 0.9351 | 0.9549 | 0.9406
1784 | 04:28:51 |  12.6s | 1.0e-04 | 0.0158 | 0.9582 | 0.9606 | 0.9661 | 0.0201 | 0.9477 | 0.9417 | 0.9393
1785 | 04:29:17 |  12.5s | 1.0e-04 | 0.0159 | 0.9570 | 0.9600 | 0.9650 | 0.0206 | 0.9405 | 0.9484 | 0.9383
1786 | 04:29:43 |  12.6s | 1.0e-04 | 0.0157 | 0.9569 | 0.9603 | 0.9654 | 0.0189 | 0.9480 | 0.9444 | 0.9430
1787 | 04:30:07 |  12.8s | 1.0e-04 | 0.0158 | 0.9583 | 0.9591 | 0.9650 | 0.0213 | 0.9310 | 0.9521 | 0.9336
1788 | 04:30:31 |  22.2s | 1.0e-04 | 0.0161 | 0.9574 | 0.9599 | 0.9652 | 0.0197 | 0.9420 | 0.9477 | 0.9407
1789 | 04:31:05 |  12.4s | 1.0e-04 | 0.0162 | 0.9569 | 0.9593 | 0.9635 | 0.0197 | 0.9460 | 0.9425 | 0.9371
1790 | 04:31:31 |  12.7s | 1.0e-04 | 0.0161 | 0.9570 | 0.9592 | 0.9648 | 0.0197 | 0.9491 | 0.9375 | 0.9345
1791 | 04:31:55 |  12.7s | 1.0e-04 | 0.0157 | 0.9593 | 0.9577 | 0.9658 | 0.0190 | 0.9432 | 0.9478 | 0.9407
1792 | 04:32:19 |  23.7s | 1.0e-04 | 0.0159 | 0.9577 | 0.9589 | 0.9647 | 0.0209 | 0.9443 | 0.9414 | 0.9371
1793 | 04:32:54 |  13.0s | 1.0e-04 | 0.0161 | 0.9570 | 0.9573 | 0.9635 | 0.0201 | 0.9472 | 0.9394 | 0.9363
1794 | 04:33:18 |  12.7s | 1.0e-04 | 0.0169 | 0.9552 | 0.9560 | 0.9603 | 0.0209 | 0.9448 | 0.9328 | 0.9291
1795 | 04:33:42 |  12.7s | 1.0e-04 | 0.0168 | 0.9564 | 0.9573 | 0.9624 | 0.0205 | 0.9390 | 0.9537 | 0.9421
1796 | 04:34:08 |  12.5s | 1.0e-04 | 0.0168 | 0.9560 | 0.9578 | 0.9622 | 0.0206 | 0.9377 | 0.9436 | 0.9323
1797 | 04:34:34 |  12.5s | 1.0e-04 | 0.0170 | 0.9552 | 0.9566 | 0.9603 | 0.0204 | 0.9453 | 0.9399 | 0.9354
1798 | 04:34:58 |  12.9s | 1.0e-04 | 0.0163 | 0.9566 | 0.9597 | 0.9642 | 0.0202 | 0.9377 | 0.9514 | 0.9396
1799 | 04:35:22 |  13.0s | 1.0e-04 | 0.0165 | 0.9552 | 0.9575 | 0.9616 | 0.0202 | 0.9432 | 0.9457 | 0.9373
1800 | 04:35:46 |  12.8s | 1.0e-04 | 0.0166 | 0.9561 | 0.9576 | 0.9632 | 0.0215 | 0.9453 | 0.9425 | 0.9385
1801 | 04:36:12 |  12.4s | 1.0e-04 | 0.0163 | 0.9571 | 0.9599 | 0.9647 | 0.0205 | 0.9499 | 0.9374 | 0.9412
1802 | 04:36:37 |  12.6s | 1.0e-04 | 0.0166 | 0.9568 | 0.9573 | 0.9630 | 0.0201 | 0.9409 | 0.9432 | 0.9352
1803 | 04:37:01 |  12.7s | 1.0e-04 | 0.0162 | 0.9563 | 0.9603 | 0.9635 | 0.0204 | 0.9468 | 0.9386 | 0.9360
1804 | 04:37:25 |  12.9s | 1.0e-04 | 0.0157 | 0.9563 | 0.9603 | 0.9644 | 0.0198 | 0.9415 | 0.9447 | 0.9373
1805 | 04:37:50 |  12.5s | 1.0e-04 | 0.0164 | 0.9564 | 0.9582 | 0.9635 | 0.0197 | 0.9495 | 0.9432 | 0.9427
1806 | 04:38:15 |  12.8s | 1.0e-04 | 0.0165 | 0.9553 | 0.9585 | 0.9624 | 0.0192 | 0.9419 | 0.9422 | 0.9339
1807 | 04:38:41 |  12.5s | 1.0e-04 | 0.0161 | 0.9582 | 0.9598 | 0.9653 | 0.0191 | 0.9482 | 0.9450 | 0.9441
1808 | 04:39:06 |  12.4s | 1.0e-04 | 0.0166 | 0.9546 | 0.9568 | 0.9595 | 0.0195 | 0.9472 | 0.9408 | 0.9366
1809 | 04:39:30 |  21.0s | 1.0e-04 | 0.0158 | 0.9578 | 0.9606 | 0.9655 | 0.0201 | 0.9427 | 0.9475 | 0.9405
1810 | 04:40:02 |  12.5s | 1.0e-04 | 0.0166 | 0.9562 | 0.9588 | 0.9630 | 0.0205 | 0.9429 | 0.9437 | 0.9351
1811 | 04:40:26 |  12.7s | 1.0e-04 | 0.0161 | 0.9578 | 0.9609 | 0.9657 | 0.0207 | 0.9424 | 0.9421 | 0.9334
1812 | 04:40:50 |  12.2s | 1.0e-04 | 0.0170 | 0.9555 | 0.9572 | 0.9612 | 0.0205 | 0.9479 | 0.9366 | 0.9374
1813 | 04:41:14 |  22.8s | 1.0e-04 | 0.0161 | 0.9586 | 0.9608 | 0.9667 | 0.0204 | 0.9369 | 0.9490 | 0.9363
1814 | 04:41:50 |  12.3s | 1.0e-04 | 0.0167 | 0.9562 | 0.9587 | 0.9628 | 0.0205 | 0.9518 | 0.9394 | 0.9426
1815 | 04:42:14 |  12.2s | 1.0e-04 | 0.0166 | 0.9572 | 0.9588 | 0.9636 | 0.0191 | 0.9417 | 0.9542 | 0.9463
1816 | 04:42:38 |  12.2s | 1.0e-04 | 0.0164 | 0.9584 | 0.9589 | 0.9650 | 0.0198 | 0.9429 | 0.9420 | 0.9326
1817 | 04:43:04 |  12.5s | 1.0e-04 | 0.0167 | 0.9580 | 0.9585 | 0.9643 | 0.0197 | 0.9455 | 0.9452 | 0.9410
1818 | 04:43:29 |  12.2s | 1.0e-04 | 0.0163 | 0.9582 | 0.9586 | 0.9651 | 0.0205 | 0.9501 | 0.9397 | 0.9410
1819 | 04:43:52 |  12.7s | 1.0e-04 | 0.0166 | 0.9565 | 0.9580 | 0.9629 | 0.0193 | 0.9358 | 0.9517 | 0.9376
1820 | 04:44:16 |  12.4s | 1.0e-04 | 0.0166 | 0.9555 | 0.9601 | 0.9633 | 0.0194 | 0.9476 | 0.9483 | 0.9460
1821 | 04:44:41 |  12.3s | 1.0e-04 | 0.0162 | 0.9569 | 0.9611 | 0.9657 | 0.0191 | 0.9447 | 0.9386 | 0.9336
1822 | 04:45:07 |  12.3s | 1.0e-04 | 0.0164 | 0.9571 | 0.9608 | 0.9654 | 0.0183 | 0.9519 | 0.9404 | 0.9452
1823 | 04:45:32 |  12.2s | 1.0e-04 | 0.0163 | 0.9580 | 0.9602 | 0.9655 | 0.0205 | 0.9422 | 0.9449 | 0.9375
1824 | 04:45:56 |  12.5s | 1.0e-04 | 0.0163 | 0.9580 | 0.9621 | 0.9670 | 0.0182 | 0.9465 | 0.9496 | 0.9461
1825 | 04:46:20 |  12.2s | 1.0e-04 | 0.0160 | 0.9574 | 0.9611 | 0.9660 | 0.0191 | 0.9378 | 0.9492 | 0.9368
1826 | 04:46:43 |  12.3s | 1.0e-04 | 0.0164 | 0.9564 | 0.9592 | 0.9628 | 0.0206 | 0.9435 | 0.9419 | 0.9360
1827 | 04:47:09 |  12.1s | 1.0e-04 | 0.0161 | 0.9574 | 0.9608 | 0.9653 | 0.0204 | 0.9391 | 0.9548 | 0.9441
1828 | 04:47:34 |  12.1s | 1.0e-04 | 0.0163 | 0.9567 | 0.9597 | 0.9642 | 0.0200 | 0.9445 | 0.9527 | 0.9465
1829 | 04:47:57 |  12.4s | 1.0e-04 | 0.0160 | 0.9570 | 0.9614 | 0.9659 | 0.0199 | 0.9348 | 0.9542 | 0.9389
1830 | 04:48:21 |  21.6s | 1.0e-04 | 0.0166 | 0.9556 | 0.9597 | 0.9627 | 0.0202 | 0.9380 | 0.9435 | 0.9322
1831 | 04:48:53 |  12.4s | 1.0e-04 | 0.0164 | 0.9574 | 0.9615 | 0.9660 | 0.0199 | 0.9405 | 0.9463 | 0.9378
1832 | 04:49:17 |  12.2s | 1.0e-04 | 0.0163 | 0.9570 | 0.9601 | 0.9648 | 0.0203 | 0.9429 | 0.9409 | 0.9327
1833 | 04:49:41 |  12.0s | 1.0e-04 | 0.0163 | 0.9570 | 0.9615 | 0.9657 | 0.0195 | 0.9444 | 0.9420 | 0.9377
1834 | 04:50:07 |  27.9s | 1.0e-04 | 0.0168 | 0.9566 | 0.9625 | 0.9655 | 0.0205 | 0.9442 | 0.9406 | 0.9351
1835 | 04:50:46 |  12.3s | 1.0e-04 | 0.0171 | 0.9571 | 0.9615 | 0.9650 | 0.0200 | 0.9451 | 0.9438 | 0.9399
1836 | 04:51:11 |  12.0s | 1.0e-04 | 0.0174 | 0.9570 | 0.9597 | 0.9653 | 0.0194 | 0.9411 | 0.9487 | 0.9403
1837 | 04:51:37 |  12.5s | 1.0e-04 | 0.0173 | 0.9574 | 0.9607 | 0.9650 | 0.0202 | 0.9453 | 0.9431 | 0.9365
1838 | 04:52:00 |  12.3s | 1.0e-04 | 0.0174 | 0.9567 | 0.9604 | 0.9647 | 0.0202 | 0.9398 | 0.9479 | 0.9372
1839 | 04:52:25 |  12.2s | 1.0e-04 | 0.0174 | 0.9558 | 0.9604 | 0.9638 | 0.0196 | 0.9435 | 0.9472 | 0.9400
1840 | 04:52:53 |  12.1s | 1.0e-04 | 0.0168 | 0.9573 | 0.9624 | 0.9668 | 0.0205 | 0.9482 | 0.9349 | 0.9308
1841 | 04:53:17 |  12.5s | 1.0e-04 | 0.0172 | 0.9577 | 0.9606 | 0.9653 | 0.0194 | 0.9436 | 0.9497 | 0.9435
1842 | 04:53:41 |  12.3s | 1.0e-04 | 0.0169 | 0.9572 | 0.9597 | 0.9653 | 0.0204 | 0.9380 | 0.9419 | 0.9288
1843 | 04:54:04 |  12.4s | 1.0e-04 | 0.0169 | 0.9581 | 0.9635 | 0.9666 | 0.0197 | 0.9415 | 0.9526 | 0.9443
1844 | 04:54:29 |  12.4s | 1.0e-04 | 0.0169 | 0.9588 | 0.9615 | 0.9680 | 0.0203 | 0.9369 | 0.9527 | 0.9423
1845 | 04:54:55 |  12.1s | 1.0e-04 | 0.0172 | 0.9565 | 0.9601 | 0.9636 | 0.0204 | 0.9465 | 0.9420 | 0.9358
1846 | 04:55:20 |  12.4s | 1.0e-04 | 0.0171 | 0.9567 | 0.9612 | 0.9649 | 0.0202 | 0.9474 | 0.9422 | 0.9392
1847 | 04:55:44 |  12.6s | 1.0e-04 | 0.0168 | 0.9585 | 0.9600 | 0.9657 | 0.0200 | 0.9382 | 0.9536 | 0.9405
1848 | 04:56:08 |  12.6s | 1.0e-04 | 0.0175 | 0.9558 | 0.9603 | 0.9636 | 0.0208 | 0.9388 | 0.9476 | 0.9355
1849 | 04:56:31 |  12.4s | 1.0e-04 | 0.0175 | 0.9558 | 0.9592 | 0.9633 | 0.0205 | 0.9399 | 0.9478 | 0.9384
1850 | 04:56:57 |  12.0s | 1.0e-04 | 0.0169 | 0.9571 | 0.9597 | 0.9647 | 0.0195 | 0.9374 | 0.9508 | 0.9382
1851 | 04:57:23 |  12.6s | 1.0e-04 | 0.0172 | 0.9569 | 0.9612 | 0.9662 | 0.0202 | 0.9452 | 0.9440 | 0.9391
1852 | 04:57:47 |  12.7s | 1.0e-04 | 0.0169 | 0.9583 | 0.9595 | 0.9654 | 0.0203 | 0.9388 | 0.9480 | 0.9375
1853 | 04:58:11 |  12.7s | 1.0e-04 | 0.0171 | 0.9582 | 0.9605 | 0.9654 | 0.0195 | 0.9396 | 0.9486 | 0.9387
1854 | 04:58:35 |  12.4s | 1.0e-04 | 0.0169 | 0.9581 | 0.9622 | 0.9668 | 0.0207 | 0.9481 | 0.9413 | 0.9409
1855 | 04:59:00 |  25.1s | 1.0e-04 | 0.0172 | 0.9564 | 0.9605 | 0.9633 | 0.0203 | 0.9458 | 0.9371 | 0.9346
1856 | 04:59:37 |  12.7s | 1.0e-04 | 0.0176 | 0.9562 | 0.9596 | 0.9634 | 0.0196 | 0.9407 | 0.9454 | 0.9379
1857 | 05:00:02 |  12.2s | 1.0e-04 | 0.0176 | 0.9553 | 0.9587 | 0.9627 | 0.0196 | 0.9435 | 0.9481 | 0.9419
1858 | 05:00:28 |  12.4s | 1.0e-04 | 0.0170 | 0.9580 | 0.9606 | 0.9652 | 0.0203 | 0.9468 | 0.9358 | 0.9331
1859 | 05:00:53 |  12.8s | 1.0e-04 | 0.0170 | 0.9569 | 0.9599 | 0.9648 | 0.0196 | 0.9427 | 0.9463 | 0.9391
1860 | 05:01:17 |  13.0s | 1.0e-04 | 0.0173 | 0.9571 | 0.9605 | 0.9636 | 0.0190 | 0.9425 | 0.9510 | 0.9436
1861 | 05:01:41 |  12.7s | 1.0e-04 | 0.0167 | 0.9569 | 0.9599 | 0.9645 | 0.0208 | 0.9371 | 0.9502 | 0.9372
1862 | 05:02:05 |  12.8s | 1.0e-04 | 0.0169 | 0.9580 | 0.9599 | 0.9656 | 0.0200 | 0.9471 | 0.9473 | 0.9446
1863 | 05:02:31 |  12.7s | 1.0e-04 | 0.0169 | 0.9576 | 0.9598 | 0.9649 | 0.0205 | 0.9459 | 0.9406 | 0.9380
1864 | 05:02:54 |  12.8s | 1.0e-04 | 0.0167 | 0.9574 | 0.9595 | 0.9653 | 0.0205 | 0.9362 | 0.9527 | 0.9381
1865 | 05:03:18 |  12.5s | 1.0e-04 | 0.0170 | 0.9580 | 0.9610 | 0.9659 | 0.0196 | 0.9431 | 0.9464 | 0.9382
1866 | 05:03:42 |  13.0s | 1.0e-04 | 0.0165 | 0.9575 | 0.9610 | 0.9654 | 0.0184 | 0.9464 | 0.9478 | 0.9448
1867 | 05:04:07 |  13.0s | 1.0e-04 | 0.0170 | 0.9573 | 0.9597 | 0.9648 | 0.0198 | 0.9489 | 0.9440 | 0.9432
1868 | 05:04:31 |  12.6s | 1.0e-04 | 0.0169 | 0.9585 | 0.9613 | 0.9670 | 0.0201 | 0.9442 | 0.9457 | 0.9389
1869 | 05:04:56 |  12.6s | 1.0e-04 | 0.0169 | 0.9568 | 0.9598 | 0.9649 | 0.0201 | 0.9457 | 0.9460 | 0.9425
1870 | 05:05:22 |  12.6s | 1.0e-04 | 0.0169 | 0.9569 | 0.9613 | 0.9656 | 0.0203 | 0.9387 | 0.9494 | 0.9378
1871 | 05:05:46 |  21.9s | 1.0e-04 | 0.0169 | 0.9563 | 0.9608 | 0.9643 | 0.0199 | 0.9458 | 0.9434 | 0.9395
1872 | 05:06:21 |  12.5s | 1.0e-04 | 0.0171 | 0.9577 | 0.9584 | 0.9639 | 0.0207 | 0.9467 | 0.9401 | 0.9374
1873 | 05:06:45 |  12.6s | 1.0e-04 | 0.0168 | 0.9581 | 0.9602 | 0.9645 | 0.0201 | 0.9446 | 0.9409 | 0.9380
1874 | 05:07:09 |  12.8s | 1.0e-04 | 0.0170 | 0.9562 | 0.9602 | 0.9638 | 0.0207 | 0.9398 | 0.9459 | 0.9356
1875 | 05:07:33 |  12.6s | 1.0e-04 | 0.0167 | 0.9563 | 0.9601 | 0.9641 | 0.0188 | 0.9437 | 0.9457 | 0.9392
1876 | 05:08:01 |  12.1s | 1.0e-04 | 0.0173 | 0.9545 | 0.9601 | 0.9627 | 0.0196 | 0.9459 | 0.9434 | 0.9389
1877 | 05:08:26 |  12.3s | 1.0e-04 | 0.0167 | 0.9567 | 0.9609 | 0.9649 | 0.0194 | 0.9427 | 0.9455 | 0.9379
1878 | 05:08:50 |  12.7s | 1.0e-04 | 0.0169 | 0.9567 | 0.9598 | 0.9648 | 0.0193 | 0.9476 | 0.9468 | 0.9450
1879 | 05:09:14 |  12.6s | 1.0e-04 | 0.0172 | 0.9549 | 0.9595 | 0.9621 | 0.0188 | 0.9466 | 0.9451 | 0.9442
1880 | 05:09:38 |  12.5s | 1.0e-04 | 0.0163 | 0.9567 | 0.9616 | 0.9655 | 0.0202 | 0.9435 | 0.9464 | 0.9390
1881 | 05:10:03 |  12.2s | 1.0e-04 | 0.0167 | 0.9569 | 0.9585 | 0.9634 | 0.0203 | 0.9479 | 0.9442 | 0.9419
1882 | 05:10:29 |  12.4s | 1.0e-04 | 0.0163 | 0.9569 | 0.9599 | 0.9646 | 0.0202 | 0.9521 | 0.9370 | 0.9400
1883 | 05:10:54 |  12.5s | 1.0e-04 | 0.0168 | 0.9585 | 0.9592 | 0.9651 | 0.0207 | 0.9389 | 0.9473 | 0.9367
1884 | 05:11:18 |  12.7s | 1.0e-04 | 0.0173 | 0.9561 | 0.9588 | 0.9629 | 0.0193 | 0.9404 | 0.9460 | 0.9352
1885 | 05:11:42 |  12.4s | 1.0e-04 | 0.0166 | 0.9554 | 0.9606 | 0.9631 | 0.0200 | 0.9388 | 0.9483 | 0.9374
1886 | 05:12:06 |  12.5s | 1.0e-04 | 0.0171 | 0.9569 | 0.9571 | 0.9618 | 0.0204 | 0.9412 | 0.9452 | 0.9360
1887 | 05:12:32 |  12.2s | 1.0e-04 | 0.0170 | 0.9536 | 0.9584 | 0.9615 | 0.0207 | 0.9432 | 0.9401 | 0.9346
1888 | 05:12:57 |  12.4s | 1.0e-04 | 0.0171 | 0.9579 | 0.9599 | 0.9653 | 0.0198 | 0.9460 | 0.9461 | 0.9419
1889 | 05:13:20 |  12.3s | 1.0e-04 | 0.0173 | 0.9566 | 0.9571 | 0.9625 | 0.0212 | 0.9452 | 0.9394 | 0.9347
1890 | 05:13:43 |  12.1s | 1.0e-04 | 0.0171 | 0.9559 | 0.9587 | 0.9630 | 0.0189 | 0.9526 | 0.9464 | 0.9487
1891 | 05:14:08 |  12.3s | 1.0e-04 | 0.0171 | 0.9558 | 0.9590 | 0.9625 | 0.0190 | 0.9377 | 0.9514 | 0.9392
1892 | 05:14:31 |  22.0s | 1.0e-04 | 0.0166 | 0.9562 | 0.9598 | 0.9643 | 0.0201 | 0.9437 | 0.9478 | 0.9410
1893 | 05:15:05 |  12.3s | 1.0e-04 | 0.0165 | 0.9584 | 0.9595 | 0.9653 | 0.0193 | 0.9400 | 0.9499 | 0.9399
1894 | 05:15:29 |  12.3s | 1.0e-04 | 0.0162 | 0.9570 | 0.9610 | 0.9646 | 0.0188 | 0.9469 | 0.9529 | 0.9491
1895 | 05:15:55 |  12.4s | 1.0e-04 | 0.0163 | 0.9572 | 0.9599 | 0.9653 | 0.0190 | 0.9444 | 0.9510 | 0.9455
1896 | 05:16:20 |  24.0s | 1.0e-04 | 0.0159 | 0.9580 | 0.9622 | 0.9670 | 0.0195 | 0.9462 | 0.9500 | 0.9463
1897 | 05:16:57 |  12.5s | 1.0e-04 | 0.0160 | 0.9587 | 0.9637 | 0.9683 | 0.0205 | 0.9382 | 0.9449 | 0.9317
1898 | 05:17:22 |  12.7s | 1.0e-04 | 0.0161 | 0.9582 | 0.9625 | 0.9676 | 0.0192 | 0.9432 | 0.9490 | 0.9425
1899 | 05:17:46 |  12.8s | 1.0e-04 | 0.0161 | 0.9584 | 0.9611 | 0.9673 | 0.0201 | 0.9413 | 0.9498 | 0.9412
1900 | 05:18:10 |  12.7s | 1.0e-04 | 0.0160 | 0.9584 | 0.9621 | 0.9674 | 0.0198 | 0.9458 | 0.9391 | 0.9374
1901 | 05:18:34 |  12.3s | 1.0e-04 | 0.0159 | 0.9590 | 0.9599 | 0.9670 | 0.0196 | 0.9483 | 0.9415 | 0.9419
1902 | 05:19:00 |  12.2s | 1.0e-04 | 0.0160 | 0.9585 | 0.9616 | 0.9677 | 0.0201 | 0.9535 | 0.9384 | 0.9441
1903 | 05:19:25 |  12.7s | 1.0e-04 | 0.0161 | 0.9598 | 0.9615 | 0.9686 | 0.0198 | 0.9414 | 0.9454 | 0.9361
1904 | 05:19:49 |  12.7s | 1.0e-04 | 0.0162 | 0.9599 | 0.9607 | 0.9678 | 0.0199 | 0.9456 | 0.9382 | 0.9349
1905 | 05:20:13 |  12.6s | 1.0e-04 | 0.0153 | 0.9603 | 0.9642 | 0.9703 | 0.0204 | 0.9528 | 0.9305 | 0.9369
1906 | 05:20:37 |  12.4s | 1.0e-04 | 0.0156 | 0.9605 | 0.9625 | 0.9695 | 0.0207 | 0.9443 | 0.9421 | 0.9357
1907 | 05:21:03 |  12.9s | 1.0e-04 | 0.0160 | 0.9583 | 0.9634 | 0.9682 | 0.0203 | 0.9459 | 0.9495 | 0.9455
1908 | 05:21:29 |  12.7s | 1.0e-04 | 0.0163 | 0.9580 | 0.9602 | 0.9666 | 0.0207 | 0.9382 | 0.9506 | 0.9387
1909 | 05:21:53 |  12.7s | 1.0e-04 | 0.0162 | 0.9586 | 0.9626 | 0.9679 | 0.0202 | 0.9396 | 0.9453 | 0.9336
1910 | 05:22:17 |  12.6s | 1.0e-04 | 0.0163 | 0.9580 | 0.9618 | 0.9663 | 0.0194 | 0.9440 | 0.9467 | 0.9385
1911 | 05:22:40 |  12.8s | 1.0e-04 | 0.0160 | 0.9582 | 0.9627 | 0.9677 | 0.0203 | 0.9402 | 0.9455 | 0.9346
1912 | 05:23:06 |  12.1s | 1.0e-04 | 0.0161 | 0.9587 | 0.9613 | 0.9670 | 0.0204 | 0.9427 | 0.9410 | 0.9319
1913 | 05:23:31 |  22.1s | 1.0e-04 | 0.0159 | 0.9579 | 0.9615 | 0.9664 | 0.0191 | 0.9464 | 0.9423 | 0.9400
1914 | 05:24:07 |  12.6s | 1.0e-04 | 0.0162 | 0.9577 | 0.9619 | 0.9663 | 0.0191 | 0.9423 | 0.9456 | 0.9378
1915 | 05:24:32 |  12.3s | 1.0e-04 | 0.0161 | 0.9582 | 0.9610 | 0.9664 | 0.0197 | 0.9350 | 0.9540 | 0.9405
1916 | 05:24:55 |  12.6s | 1.0e-04 | 0.0159 | 0.9580 | 0.9632 | 0.9677 | 0.0188 | 0.9462 | 0.9503 | 0.9466
1917 | 05:25:20 |  29.0s | 1.0e-04 | 0.0156 | 0.9589 | 0.9636 | 0.9679 | 0.0206 | 0.9428 | 0.9478 | 0.9407
1918 | 05:26:02 |  12.8s | 1.0e-04 | 0.0155 | 0.9593 | 0.9607 | 0.9671 | 0.0195 | 0.9500 | 0.9429 | 0.9440
1919 | 05:26:27 |  12.7s | 1.0e-04 | 0.0152 | 0.9618 | 0.9620 | 0.9707 | 0.0196 | 0.9436 | 0.9475 | 0.9419
1920 | 05:26:51 |  12.8s | 1.0e-04 | 0.0155 | 0.9571 | 0.9608 | 0.9661 | 0.0206 | 0.9442 | 0.9476 | 0.9423
1921 | 05:27:15 |  12.8s | 1.0e-04 | 0.0153 | 0.9585 | 0.9631 | 0.9682 | 0.0200 | 0.9412 | 0.9439 | 0.9338
1922 | 05:27:39 |  12.5s | 1.0e-04 | 0.0154 | 0.9593 | 0.9623 | 0.9681 | 0.0208 | 0.9394 | 0.9510 | 0.9401
1923 | 05:28:05 |  12.4s | 1.0e-04 | 0.0156 | 0.9583 | 0.9613 | 0.9669 | 0.0197 | 0.9406 | 0.9447 | 0.9365
1924 | 05:28:30 |  12.5s | 1.0e-04 | 0.0156 | 0.9584 | 0.9602 | 0.9660 | 0.0198 | 0.9443 | 0.9419 | 0.9391
1925 | 05:28:54 |  13.2s | 1.0e-04 | 0.0156 | 0.9589 | 0.9613 | 0.9669 | 0.0195 | 0.9455 | 0.9444 | 0.9406
1926 | 05:29:18 |  12.9s | 1.0e-04 | 0.0153 | 0.9578 | 0.9621 | 0.9662 | 0.0208 | 0.9469 | 0.9338 | 0.9315
1927 | 05:29:43 |  12.8s | 1.0e-04 | 0.0155 | 0.9582 | 0.9632 | 0.9683 | 0.0205 | 0.9457 | 0.9446 | 0.9407
1928 | 05:30:07 |  13.1s | 1.0e-04 | 0.0155 | 0.9584 | 0.9618 | 0.9675 | 0.0201 | 0.9372 | 0.9480 | 0.9347
1929 | 05:30:35 |  12.4s | 1.0e-04 | 0.0157 | 0.9593 | 0.9620 | 0.9673 | 0.0198 | 0.9450 | 0.9424 | 0.9362
1930 | 05:31:01 |  12.6s | 1.0e-04 | 0.0156 | 0.9590 | 0.9614 | 0.9674 | 0.0213 | 0.9389 | 0.9458 | 0.9341
1931 | 05:31:25 |  12.6s | 1.0e-04 | 0.0153 | 0.9590 | 0.9622 | 0.9680 | 0.0207 | 0.9381 | 0.9415 | 0.9285
1932 | 05:31:49 |  12.9s | 1.0e-04 | 0.0159 | 0.9579 | 0.9621 | 0.9663 | 0.0208 | 0.9405 | 0.9428 | 0.9331
1933 | 05:32:13 |  12.9s | 1.0e-04 | 0.0154 | 0.9592 | 0.9610 | 0.9681 | 0.0205 | 0.9506 | 0.9374 | 0.9408
1934 | 05:32:38 |  21.9s | 1.0e-04 | 0.0159 | 0.9593 | 0.9613 | 0.9678 | 0.0202 | 0.9351 | 0.9485 | 0.9336
1935 | 05:33:11 |  12.5s | 1.0e-04 | 0.0166 | 0.9569 | 0.9596 | 0.9644 | 0.0209 | 0.9335 | 0.9533 | 0.9367
1936 | 05:33:35 |  12.7s | 1.0e-04 | 0.0161 | 0.9573 | 0.9621 | 0.9659 | 0.0198 | 0.9462 | 0.9438 | 0.9387
1937 | 05:34:01 |  12.7s | 1.0e-04 | 0.0163 | 0.9582 | 0.9615 | 0.9665 | 0.0198 | 0.9496 | 0.9427 | 0.9427
1938 | 05:34:26 |  25.5s | 1.0e-04 | 0.0170 | 0.9583 | 0.9605 | 0.9669 | 0.0186 | 0.9513 | 0.9382 | 0.9413
1939 | 05:35:04 |  12.3s | 1.0e-04 | 0.0168 | 0.9559 | 0.9595 | 0.9640 | 0.0201 | 0.9430 | 0.9431 | 0.9382
1940 | 05:35:31 |  12.1s | 1.0e-04 | 0.0171 | 0.9568 | 0.9603 | 0.9646 | 0.0202 | 0.9402 | 0.9444 | 0.9361
1941 | 05:35:54 |  12.6s | 1.0e-04 | 0.0170 | 0.9564 | 0.9620 | 0.9654 | 0.0193 | 0.9488 | 0.9461 | 0.9450
1942 | 05:36:18 |  12.8s | 1.0e-04 | 0.0173 | 0.9562 | 0.9604 | 0.9634 | 0.0204 | 0.9416 | 0.9375 | 0.9299
1943 | 05:36:42 |  12.4s | 1.0e-04 | 0.0172 | 0.9575 | 0.9589 | 0.9647 | 0.0201 | 0.9390 | 0.9506 | 0.9397
1944 | 05:37:06 |  12.4s | 1.0e-04 | 0.0175 | 0.9567 | 0.9594 | 0.9637 | 0.0193 | 0.9451 | 0.9518 | 0.9468
1945 | 05:37:30 |  12.4s | 1.0e-04 | 0.0177 | 0.9560 | 0.9591 | 0.9630 | 0.0193 | 0.9369 | 0.9519 | 0.9382
1946 | 05:37:54 |  12.2s | 1.0e-04 | 0.0176 | 0.9550 | 0.9601 | 0.9635 | 0.0206 | 0.9427 | 0.9415 | 0.9346
1947 | 05:38:20 |  12.2s | 1.0e-04 | 0.0176 | 0.9560 | 0.9592 | 0.9636 | 0.0195 | 0.9541 | 0.9424 | 0.9477
1948 | 05:38:45 |  12.6s | 1.0e-04 | 0.0167 | 0.9588 | 0.9611 | 0.9661 | 0.0209 | 0.9364 | 0.9502 | 0.9365
1949 | 05:39:09 |  12.4s | 1.0e-04 | 0.0170 | 0.9586 | 0.9619 | 0.9671 | 0.0209 | 0.9372 | 0.9464 | 0.9345
1950 | 05:39:33 |  12.6s | 1.0e-04 | 0.0170 | 0.9559 | 0.9598 | 0.9634 | 0.0183 | 0.9509 | 0.9456 | 0.9462
1951 | 05:39:57 |  12.4s | 1.0e-04 | 0.0170 | 0.9571 | 0.9609 | 0.9652 | 0.0191 | 0.9538 | 0.9460 | 0.9500
1952 | 05:40:22 |  12.2s | 1.0e-04 | 0.0171 | 0.9572 | 0.9609 | 0.9657 | 0.0204 | 0.9382 | 0.9548 | 0.9427
1953 | 05:40:48 |  12.2s | 1.0e-04 | 0.0174 | 0.9577 | 0.9603 | 0.9660 | 0.0204 | 0.9438 | 0.9413 | 0.9344
1954 | 05:41:13 |  12.4s | 1.0e-04 | 0.0168 | 0.9584 | 0.9604 | 0.9667 | 0.0198 | 0.9386 | 0.9517 | 0.9404
1955 | 05:41:36 |  21.5s | 1.0e-04 | 0.0163 | 0.9584 | 0.9619 | 0.9670 | 0.0198 | 0.9347 | 0.9549 | 0.9407
1956 | 05:42:09 |  12.4s | 1.0e-04 | 0.0170 | 0.9559 | 0.9577 | 0.9617 | 0.0205 | 0.9393 | 0.9506 | 0.9400
1957 | 05:42:33 |  12.7s | 1.0e-04 | 0.0167 | 0.9576 | 0.9609 | 0.9658 | 0.0185 | 0.9503 | 0.9435 | 0.9452
1958 | 05:42:57 |  12.5s | 1.0e-04 | 0.0162 | 0.9581 | 0.9602 | 0.9653 | 0.0201 | 0.9411 | 0.9521 | 0.9426
1959 | 05:43:22 |  25.7s | 1.0e-04 | 0.0155 | 0.9584 | 0.9635 | 0.9688 | 0.0204 | 0.9448 | 0.9441 | 0.9393
1960 | 05:43:59 |  12.6s | 1.0e-04 | 0.0158 | 0.9602 | 0.9626 | 0.9690 | 0.0191 | 0.9456 | 0.9454 | 0.9401
1961 | 05:44:22 |  12.4s | 1.0e-04 | 0.0156 | 0.9609 | 0.9631 | 0.9693 | 0.0201 | 0.9388 | 0.9458 | 0.9346
1962 | 05:44:48 |  12.5s | 1.0e-04 | 0.0163 | 0.9584 | 0.9614 | 0.9664 | 0.0197 | 0.9372 | 0.9439 | 0.9306
1963 | 05:45:14 |  12.5s | 1.0e-04 | 0.0158 | 0.9595 | 0.9637 | 0.9697 | 0.0194 | 0.9424 | 0.9440 | 0.9373
1964 | 05:45:38 |  12.6s | 1.0e-04 | 0.0155 | 0.9599 | 0.9648 | 0.9696 | 0.0197 | 0.9463 | 0.9411 | 0.9378
1965 | 05:46:01 |  12.2s | 1.0e-04 | 0.0158 | 0.9586 | 0.9635 | 0.9689 | 0.0205 | 0.9458 | 0.9445 | 0.9382
1966 | 05:46:27 |  12.4s | 1.0e-04 | 0.0155 | 0.9590 | 0.9631 | 0.9690 | 0.0194 | 0.9439 | 0.9493 | 0.9425
1967 | 05:46:52 |  12.5s | 1.0e-04 | 0.0162 | 0.9574 | 0.9632 | 0.9672 | 0.0211 | 0.9416 | 0.9459 | 0.9374
1968 | 05:47:15 |  12.5s | 1.0e-04 | 0.0158 | 0.9576 | 0.9654 | 0.9680 | 0.0195 | 0.9458 | 0.9473 | 0.9431
1969 | 05:47:42 |  12.6s | 1.0e-04 | 0.0158 | 0.9578 | 0.9635 | 0.9677 | 0.0202 | 0.9372 | 0.9440 | 0.9331
1970 | 05:48:07 |  12.6s | 1.0e-04 | 0.0159 | 0.9587 | 0.9640 | 0.9691 | 0.0196 | 0.9434 | 0.9460 | 0.9397
1971 | 05:48:30 |  13.1s | 1.0e-04 | 0.0156 | 0.9593 | 0.9647 | 0.9698 | 0.0206 | 0.9396 | 0.9479 | 0.9375
1972 | 05:48:55 |  12.6s | 1.0e-04 | 0.0156 | 0.9591 | 0.9644 | 0.9705 | 0.0207 | 0.9417 | 0.9438 | 0.9335
1973 | 05:49:19 |  12.6s | 1.0e-04 | 0.0156 | 0.9606 | 0.9649 | 0.9702 | 0.0191 | 0.9432 | 0.9495 | 0.9425
1974 | 05:49:44 |  12.4s | 1.0e-04 | 0.0157 | 0.9593 | 0.9619 | 0.9687 | 0.0203 | 0.9349 | 0.9519 | 0.9376
1975 | 05:50:10 |  12.6s | 1.0e-04 | 0.0159 | 0.9611 | 0.9626 | 0.9700 | 0.0208 | 0.9392 | 0.9457 | 0.9340
1976 | 05:50:34 |  12.8s | 1.0e-04 | 0.0158 | 0.9600 | 0.9614 | 0.9686 | 0.0210 | 0.9352 | 0.9507 | 0.9364
1977 | 05:50:57 |  12.8s | 1.0e-04 | 0.0155 | 0.9596 | 0.9638 | 0.9689 | 0.0199 | 0.9431 | 0.9458 | 0.9385
1978 | 05:51:22 |  12.5s | 1.0e-04 | 0.0156 | 0.9587 | 0.9648 | 0.9685 | 0.0202 | 0.9422 | 0.9480 | 0.9409
1979 | 05:51:47 |  12.3s | 1.0e-04 | 0.0162 | 0.9581 | 0.9609 | 0.9672 | 0.0210 | 0.9435 | 0.9452 | 0.9385
1980 | 05:52:11 |  23.5s | 1.0e-04 | 0.0165 | 0.9572 | 0.9599 | 0.9646 | 0.0200 | 0.9487 | 0.9394 | 0.9388
1981 | 05:52:48 |  12.2s | 1.0e-04 | 0.0159 | 0.9580 | 0.9608 | 0.9659 | 0.0190 | 0.9428 | 0.9504 | 0.9429
1982 | 05:53:14 |  12.4s | 1.0e-04 | 0.0163 | 0.9558 | 0.9581 | 0.9622 | 0.0204 | 0.9461 | 0.9401 | 0.9379
1983 | 05:53:38 |  12.6s | 1.0e-04 | 0.0160 | 0.9592 | 0.9595 | 0.9659 | 0.0195 | 0.9466 | 0.9474 | 0.9446
1984 | 05:54:02 |  12.7s | 1.0e-04 | 0.0163 | 0.9576 | 0.9582 | 0.9636 | 0.0192 | 0.9441 | 0.9485 | 0.9425
1985 | 05:54:25 |  12.5s | 1.0e-04 | 0.0156 | 0.9575 | 0.9610 | 0.9655 | 0.0193 | 0.9332 | 0.9519 | 0.9352
1986 | 05:54:50 |  12.2s | 1.0e-04 | 0.0161 | 0.9565 | 0.9603 | 0.9647 | 0.0199 | 0.9453 | 0.9415 | 0.9382
1987 | 05:55:15 |  12.7s | 1.0e-04 | 0.0162 | 0.9574 | 0.9595 | 0.9642 | 0.0218 | 0.9441 | 0.9364 | 0.9321
1988 | 05:55:39 |  12.5s | 1.0e-04 | 0.0165 | 0.9561 | 0.9591 | 0.9626 | 0.0195 | 0.9439 | 0.9443 | 0.9383
1989 | 05:56:03 |  12.7s | 1.0e-04 | 0.0161 | 0.9575 | 0.9602 | 0.9657 | 0.0198 | 0.9450 | 0.9446 | 0.9403
1990 | 05:56:26 |  12.4s | 1.0e-04 | 0.0161 | 0.9564 | 0.9589 | 0.9636 | 0.0199 | 0.9446 | 0.9453 | 0.9412
1991 | 05:56:51 |  12.3s | 1.0e-04 | 0.0163 | 0.9564 | 0.9588 | 0.9626 | 0.0207 | 0.9356 | 0.9595 | 0.9457
1992 | 05:57:14 |  12.7s | 1.0e-04 | 0.0162 | 0.9561 | 0.9598 | 0.9634 | 0.0197 | 0.9478 | 0.9402 | 0.9389
1993 | 05:57:38 |  13.9s | 1.0e-04 | 0.0160 | 0.9571 | 0.9609 | 0.9654 | 0.0196 | 0.9418 | 0.9444 | 0.9365
1994 | 05:58:04 |  12.9s | 1.0e-04 | 0.0162 | 0.9565 | 0.9577 | 0.9635 | 0.0195 | 0.9432 | 0.9518 | 0.9457
1995 | 05:58:29 |  12.3s | 1.0e-04 | 0.0158 | 0.9590 | 0.9596 | 0.9659 | 0.0195 | 0.9377 | 0.9426 | 0.9317
1996 | 05:58:54 |  21.6s | 1.0e-04 | 0.0163 | 0.9568 | 0.9598 | 0.9646 | 0.0188 | 0.9438 | 0.9462 | 0.9392
1997 | 05:59:29 |  12.6s | 1.0e-04 | 0.0156 | 0.9568 | 0.9607 | 0.9660 | 0.0201 | 0.9409 | 0.9472 | 0.9371
1998 | 05:59:54 |  12.4s | 1.0e-04 | 0.0162 | 0.9581 | 0.9595 | 0.9649 | 0.0188 | 0.9358 | 0.9564 | 0.9435
1999 | 06:00:18 |  12.7s | 1.0e-04 | 0.0161 | 0.9560 | 0.9604 | 0.9636 | 0.0207 | 0.9481 | 0.9393 | 0.9354
2000 | 06:00:42 |  12.8s | 1.0e-04 | 0.0165 | 0.9559 | 0.9592 | 0.9626 | 0.0195 | 0.9523 | 0.9363 | 0.9406
2001 | 06:01:08 |  14.4s | 1.0e-04 | 0.0162 | 0.9604 | 0.9615 | 0.9682 | 0.0196 | 0.9451 | 0.9443 | 0.9405
2002 | 06:01:33 |  12.5s | 1.0e-04 | 0.0165 | 0.9592 | 0.9609 | 0.9670 | 0.0199 | 0.9433 | 0.9492 | 0.9420
2003 | 06:01:59 |  12.1s | 1.0e-04 | 0.0168 | 0.9570 | 0.9610 | 0.9653 | 0.0195 | 0.9467 | 0.9435 | 0.9420
2004 | 06:02:23 |  12.5s | 1.0e-04 | 0.0162 | 0.9578 | 0.9620 | 0.9666 | 0.0198 | 0.9454 | 0.9455 | 0.9407
2005 | 06:02:47 |  12.7s | 1.0e-04 | 0.0164 | 0.9593 | 0.9621 | 0.9680 | 0.0200 | 0.9433 | 0.9471 | 0.9405
2006 | 06:03:11 |  12.7s | 1.0e-04 | 0.0167 | 0.9577 | 0.9613 | 0.9663 | 0.0202 | 0.9481 | 0.9408 | 0.9394
2007 | 06:03:34 |  12.7s | 1.0e-04 | 0.0169 | 0.9587 | 0.9592 | 0.9661 | 0.0204 | 0.9416 | 0.9444 | 0.9374
2008 | 06:04:00 |  12.5s | 1.0e-04 | 0.0168 | 0.9581 | 0.9610 | 0.9660 | 0.0202 | 0.9443 | 0.9417 | 0.9357
2009 | 06:04:26 |  12.5s | 1.0e-04 | 0.0162 | 0.9583 | 0.9597 | 0.9658 | 0.0212 | 0.9363 | 0.9521 | 0.9381
2010 | 06:04:49 |  12.6s | 1.0e-04 | 0.0165 | 0.9566 | 0.9619 | 0.9655 | 0.0198 | 0.9460 | 0.9442 | 0.9406
2011 | 06:05:13 |  12.7s | 1.0e-04 | 0.0165 | 0.9590 | 0.9598 | 0.9665 | 0.0196 | 0.9372 | 0.9505 | 0.9377
2012 | 06:05:36 |  12.4s | 1.0e-04 | 0.0167 | 0.9583 | 0.9606 | 0.9660 | 0.0190 | 0.9441 | 0.9513 | 0.9452
2013 | 06:06:02 |  12.4s | 1.0e-04 | 0.0165 | 0.9564 | 0.9612 | 0.9641 | 0.0195 | 0.9397 | 0.9462 | 0.9351
2014 | 06:06:28 |  12.4s | 1.0e-04 | 0.0168 | 0.9575 | 0.9610 | 0.9667 | 0.0198 | 0.9405 | 0.9403 | 0.9293
2015 | 06:06:52 |  12.2s | 1.0e-04 | 0.0165 | 0.9589 | 0.9596 | 0.9662 | 0.0211 | 0.9416 | 0.9433 | 0.9341
2016 | 06:07:15 |  12.5s | 1.0e-04 | 0.0166 | 0.9590 | 0.9626 | 0.9687 | 0.0197 | 0.9423 | 0.9459 | 0.9373
2017 | 06:07:39 |  22.8s | 1.0e-04 | 0.0166 | 0.9578 | 0.9595 | 0.9650 | 0.0198 | 0.9468 | 0.9441 | 0.9415
2018 | 06:08:14 |  12.7s | 1.0e-04 | 0.0168 | 0.9583 | 0.9595 | 0.9657 | 0.0195 | 0.9404 | 0.9453 | 0.9358
2019 | 06:08:37 |  12.5s | 1.0e-04 | 0.0172 | 0.9563 | 0.9596 | 0.9640 | 0.0205 | 0.9473 | 0.9381 | 0.9366
2020 | 06:09:01 |  12.4s | 1.0e-04 | 0.0173 | 0.9560 | 0.9617 | 0.9650 | 0.0205 | 0.9426 | 0.9362 | 0.9285
2021 | 06:09:25 |  24.7s | 1.0e-04 | 0.0172 | 0.9563 | 0.9594 | 0.9642 | 0.0201 | 0.9485 | 0.9379 | 0.9399
2022 | 06:10:02 |  12.6s | 1.0e-04 | 0.0174 | 0.9562 | 0.9593 | 0.9626 | 0.0197 | 0.9427 | 0.9445 | 0.9385
2023 | 06:10:26 |  12.5s | 1.0e-04 | 0.0170 | 0.9561 | 0.9583 | 0.9623 | 0.0193 | 0.9412 | 0.9468 | 0.9388
2024 | 06:10:51 |  12.2s | 1.0e-04 | 0.0173 | 0.9552 | 0.9579 | 0.9619 | 0.0203 | 0.9436 | 0.9466 | 0.9402
2025 | 06:11:17 |  12.3s | 1.0e-04 | 0.0169 | 0.9564 | 0.9599 | 0.9639 | 0.0197 | 0.9417 | 0.9449 | 0.9368
2026 | 06:11:40 |  12.6s | 1.0e-04 | 0.0171 | 0.9545 | 0.9598 | 0.9621 | 0.0192 | 0.9458 | 0.9394 | 0.9341
2027 | 06:12:04 |  12.6s | 1.0e-04 | 0.0174 | 0.9555 | 0.9585 | 0.9621 | 0.0207 | 0.9451 | 0.9443 | 0.9388
2028 | 06:12:28 |  12.5s | 1.0e-04 | 0.0171 | 0.9574 | 0.9602 | 0.9650 | 0.0194 | 0.9398 | 0.9514 | 0.9417
2029 | 06:12:54 |  12.3s | 1.0e-04 | 0.0170 | 0.9560 | 0.9587 | 0.9630 | 0.0209 | 0.9451 | 0.9429 | 0.9385
2030 | 06:13:20 |  12.2s | 1.0e-04 | 0.0177 | 0.9547 | 0.9576 | 0.9606 | 0.0204 | 0.9413 | 0.9472 | 0.9379
2031 | 06:13:44 |  12.7s | 1.0e-04 | 0.0168 | 0.9559 | 0.9596 | 0.9639 | 0.0198 | 0.9401 | 0.9438 | 0.9323
2032 | 06:14:08 |  12.7s | 1.0e-04 | 0.0174 | 0.9558 | 0.9590 | 0.9628 | 0.0198 | 0.9475 | 0.9407 | 0.9413
2033 | 06:14:32 |  12.5s | 1.0e-04 | 0.0171 | 0.9563 | 0.9589 | 0.9627 | 0.0200 | 0.9437 | 0.9432 | 0.9370
2034 | 06:14:56 |  12.2s | 1.0e-04 | 0.0175 | 0.9572 | 0.9565 | 0.9623 | 0.0199 | 0.9457 | 0.9482 | 0.9440
2035 | 06:15:23 |  12.3s | 1.0e-04 | 0.0171 | 0.9567 | 0.9590 | 0.9631 | 0.0191 | 0.9446 | 0.9503 | 0.9451
2036 | 06:15:46 |  12.8s | 1.0e-04 | 0.0174 | 0.9548 | 0.9565 | 0.9597 | 0.0192 | 0.9535 | 0.9394 | 0.9448
2037 | 06:16:10 |  12.7s | 1.0e-04 | 0.0172 | 0.9554 | 0.9602 | 0.9635 | 0.0202 | 0.9432 | 0.9464 | 0.9404
2038 | 06:16:34 |  21.4s | 1.0e-04 | 0.0175 | 0.9554 | 0.9589 | 0.9621 | 0.0197 | 0.9451 | 0.9531 | 0.9487
2039 | 06:17:07 |  12.8s | 1.0e-04 | 0.0172 | 0.9565 | 0.9596 | 0.9636 | 0.0197 | 0.9432 | 0.9457 | 0.9389
2040 | 06:17:31 |  12.6s | 1.0e-04 | 0.0171 | 0.9565 | 0.9597 | 0.9631 | 0.0194 | 0.9392 | 0.9537 | 0.9420
2041 | 06:17:56 |  12.2s | 1.0e-04 | 0.0172 | 0.9552 | 0.9608 | 0.9641 | 0.0196 | 0.9396 | 0.9499 | 0.9396
2042 | 06:18:22 |  24.3s | 1.0e-04 | 0.0166 | 0.9566 | 0.9613 | 0.9658 | 0.0201 | 0.9507 | 0.9431 | 0.9445
2043 | 06:19:01 |  12.5s | 1.0e-04 | 0.0159 | 0.9585 | 0.9636 | 0.9676 | 0.0192 | 0.9549 | 0.9388 | 0.9450
2044 | 06:19:27 |  12.9s | 1.0e-04 | 0.0159 | 0.9588 | 0.9622 | 0.9670 | 0.0192 | 0.9427 | 0.9512 | 0.9435
2045 | 06:19:51 |  12.3s | 1.0e-04 | 0.0157 | 0.9583 | 0.9614 | 0.9667 | 0.0194 | 0.9502 | 0.9413 | 0.9408
2046 | 06:20:17 |  13.1s | 1.0e-04 | 0.0158 | 0.9584 | 0.9609 | 0.9667 | 0.0194 | 0.9463 | 0.9483 | 0.9445
2047 | 06:20:44 |  12.8s | 1.0e-04 | 0.0160 | 0.9587 | 0.9617 | 0.9673 | 0.0198 | 0.9429 | 0.9527 | 0.9455
2048 | 06:21:08 |  12.7s | 1.0e-04 | 0.0162 | 0.9585 | 0.9625 | 0.9679 | 0.0195 | 0.9461 | 0.9412 | 0.9379
2049 | 06:21:32 |  12.8s | 1.0e-04 | 0.0162 | 0.9584 | 0.9613 | 0.9663 | 0.0214 | 0.9444 | 0.9386 | 0.9344
2050 | 06:21:57 |  12.7s | 1.0e-04 | 0.0158 | 0.9580 | 0.9619 | 0.9664 | 0.0193 | 0.9464 | 0.9392 | 0.9336
2051 | 06:22:21 |  12.6s | 1.0e-04 | 0.0154 | 0.9593 | 0.9641 | 0.9694 | 0.0209 | 0.9404 | 0.9501 | 0.9405
2052 | 06:22:47 |  12.4s | 1.0e-04 | 0.0161 | 0.9573 | 0.9625 | 0.9666 | 0.0194 | 0.9478 | 0.9422 | 0.9392
2053 | 06:23:13 |  12.7s | 1.0e-04 | 0.0159 | 0.9591 | 0.9614 | 0.9676 | 0.0203 | 0.9439 | 0.9385 | 0.9330
2054 | 06:23:37 |  12.7s | 1.0e-04 | 0.0156 | 0.9594 | 0.9632 | 0.9689 | 0.0186 | 0.9382 | 0.9533 | 0.9414
2055 | 06:24:01 |  12.8s | 1.0e-04 | 0.0158 | 0.9589 | 0.9633 | 0.9684 | 0.0198 | 0.9407 | 0.9459 | 0.9358
2056 | 06:24:25 |  12.6s | 1.0e-04 | 0.0159 | 0.9585 | 0.9609 | 0.9672 | 0.0211 | 0.9368 | 0.9440 | 0.9306
2057 | 06:24:50 |  12.3s | 1.0e-04 | 0.0160 | 0.9584 | 0.9630 | 0.9676 | 0.0197 | 0.9543 | 0.9398 | 0.9450
2058 | 06:25:16 |  12.7s | 1.0e-04 | 0.0161 | 0.9580 | 0.9618 | 0.9662 | 0.0197 | 0.9412 | 0.9487 | 0.9394
2059 | 06:25:41 |  22.0s | 1.0e-04 | 0.0151 | 0.9592 | 0.9631 | 0.9680 | 0.0205 | 0.9394 | 0.9448 | 0.9337
2060 | 06:26:17 |  12.7s | 1.0e-04 | 0.0154 | 0.9582 | 0.9604 | 0.9668 | 0.0201 | 0.9396 | 0.9451 | 0.9331
2061 | 06:26:41 |  12.9s | 1.0e-04 | 0.0154 | 0.9592 | 0.9629 | 0.9685 | 0.0203 | 0.9392 | 0.9483 | 0.9385
2062 | 06:27:06 |  12.9s | 1.0e-04 | 0.0151 | 0.9595 | 0.9618 | 0.9686 | 0.0205 | 0.9467 | 0.9434 | 0.9401
2063 | 06:27:30 |  26.1s | 1.0e-04 | 0.0157 | 0.9587 | 0.9617 | 0.9673 | 0.0206 | 0.9393 | 0.9451 | 0.9346
2064 | 06:28:08 |  12.7s | 1.0e-04 | 0.0156 | 0.9587 | 0.9633 | 0.9679 | 0.0196 | 0.9494 | 0.9446 | 0.9439
2065 | 06:28:32 |  12.5s | 1.0e-04 | 0.0155 | 0.9585 | 0.9610 | 0.9674 | 0.0200 | 0.9442 | 0.9441 | 0.9389
2066 | 06:28:56 |  12.5s | 1.0e-04 | 0.0158 | 0.9579 | 0.9619 | 0.9662 | 0.0191 | 0.9458 | 0.9462 | 0.9423
2067 | 06:29:22 |  12.6s | 1.0e-04 | 0.0157 | 0.9587 | 0.9608 | 0.9671 | 0.0192 | 0.9458 | 0.9455 | 0.9418
2068 | 06:29:46 |  12.7s | 1.0e-04 | 0.0159 | 0.9578 | 0.9611 | 0.9663 | 0.0199 | 0.9427 | 0.9466 | 0.9386
2069 | 06:30:11 |  12.1s | 1.0e-04 | 0.0157 | 0.9597 | 0.9608 | 0.9679 | 0.0208 | 0.9348 | 0.9539 | 0.9385
2070 | 06:30:37 |  12.6s | 1.0e-04 | 0.0153 | 0.9584 | 0.9618 | 0.9679 | 0.0206 | 0.9420 | 0.9438 | 0.9367
2071 | 06:31:02 |  12.5s | 1.0e-04 | 0.0159 | 0.9572 | 0.9609 | 0.9659 | 0.0185 | 0.9469 | 0.9499 | 0.9469
2072 | 06:31:26 |  12.3s | 1.0e-04 | 0.0158 | 0.9584 | 0.9605 | 0.9662 | 0.0201 | 0.9414 | 0.9387 | 0.9316
2073 | 06:31:50 |  12.6s | 1.0e-04 | 0.0159 | 0.9584 | 0.9598 | 0.9663 | 0.0201 | 0.9422 | 0.9496 | 0.9416
2074 | 06:32:14 |  12.6s | 1.0e-04 | 0.0157 | 0.9577 | 0.9602 | 0.9656 | 0.0191 | 0.9530 | 0.9423 | 0.9458
2075 | 06:32:40 |  12.1s | 1.0e-04 | 0.0155 | 0.9600 | 0.9613 | 0.9687 | 0.0199 | 0.9538 | 0.9384 | 0.9422
2076 | 06:33:05 |  12.3s | 1.0e-04 | 0.0157 | 0.9593 | 0.9603 | 0.9664 | 0.0203 | 0.9482 | 0.9398 | 0.9394
2077 | 06:33:30 |  12.6s | 1.0e-04 | 0.0157 | 0.9585 | 0.9610 | 0.9658 | 0.0206 | 0.9409 | 0.9502 | 0.9411
2078 | 06:33:53 |  12.7s | 1.0e-04 | 0.0160 | 0.9573 | 0.9608 | 0.9654 | 0.0207 | 0.9427 | 0.9428 | 0.9369
2079 | 06:34:17 |  12.6s | 1.0e-04 | 0.0161 | 0.9587 | 0.9599 | 0.9653 | 0.0198 | 0.9418 | 0.9471 | 0.9397
2080 | 06:34:43 |  22.4s | 1.0e-04 | 0.0162 | 0.9571 | 0.9609 | 0.9650 | 0.0196 | 0.9439 | 0.9483 | 0.9423
2081 | 06:35:17 |  12.3s | 1.0e-04 | 0.0165 | 0.9565 | 0.9596 | 0.9640 | 0.0191 | 0.9465 | 0.9443 | 0.9398
2082 | 06:35:42 |  12.6s | 1.0e-04 | 0.0165 | 0.9578 | 0.9610 | 0.9655 | 0.0198 | 0.9441 | 0.9470 | 0.9415
2083 | 06:36:08 |  12.3s | 1.0e-04 | 0.0163 | 0.9576 | 0.9607 | 0.9659 | 0.0192 | 0.9497 | 0.9384 | 0.9391
2084 | 06:36:32 |  24.1s | 1.0e-04 | 0.0165 | 0.9570 | 0.9599 | 0.9642 | 0.0207 | 0.9342 | 0.9533 | 0.9379
2085 | 06:37:10 |  12.4s | 1.0e-04 | 0.0172 | 0.9557 | 0.9594 | 0.9630 | 0.0203 | 0.9465 | 0.9469 | 0.9424
2086 | 06:37:34 |  12.5s | 1.0e-04 | 0.0171 | 0.9571 | 0.9586 | 0.9636 | 0.0189 | 0.9406 | 0.9522 | 0.9442
2087 | 06:37:58 |  12.6s | 1.0e-04 | 0.0169 | 0.9560 | 0.9596 | 0.9640 | 0.0192 | 0.9448 | 0.9427 | 0.9381
2088 | 06:38:22 |  12.7s | 1.0e-04 | 0.0171 | 0.9548 | 0.9575 | 0.9612 | 0.0204 | 0.9454 | 0.9441 | 0.9387
2089 | 06:38:47 |  12.7s | 1.0e-04 | 0.0169 | 0.9562 | 0.9579 | 0.9622 | 0.0199 | 0.9407 | 0.9455 | 0.9354
2090 | 06:39:13 |  12.5s | 1.0e-04 | 0.0172 | 0.9564 | 0.9593 | 0.9634 | 0.0191 | 0.9435 | 0.9502 | 0.9437
2091 | 06:39:39 |  12.4s | 1.0e-04 | 0.0165 | 0.9574 | 0.9602 | 0.9652 | 0.0195 | 0.9510 | 0.9427 | 0.9432
2092 | 06:40:03 |  12.6s | 1.0e-04 | 0.0173 | 0.9563 | 0.9582 | 0.9624 | 0.0202 | 0.9550 | 0.9288 | 0.9375
2093 | 06:40:26 |  12.4s | 1.0e-04 | 0.0171 | 0.9565 | 0.9579 | 0.9626 | 0.0201 | 0.9472 | 0.9405 | 0.9377
2094 | 06:40:53 |  12.5s | 1.0e-04 | 0.0171 | 0.9556 | 0.9607 | 0.9630 | 0.0193 | 0.9448 | 0.9460 | 0.9398
2095 | 06:41:17 |  12.8s | 1.0e-04 | 0.0171 | 0.9553 | 0.9594 | 0.9625 | 0.0197 | 0.9473 | 0.9468 | 0.9428
2096 | 06:41:42 |  12.3s | 1.0e-04 | 0.0170 | 0.9567 | 0.9601 | 0.9646 | 0.0194 | 0.9440 | 0.9513 | 0.9454
2097 | 06:42:08 |  12.4s | 1.0e-04 | 0.0170 | 0.9560 | 0.9595 | 0.9633 | 0.0197 | 0.9439 | 0.9473 | 0.9411
2098 | 06:42:33 |  12.6s | 1.0e-04 | 0.0174 | 0.9550 | 0.9585 | 0.9616 | 0.0195 | 0.9454 | 0.9493 | 0.9447
2099 | 06:42:58 |  12.8s | 1.0e-04 | 0.0163 | 0.9584 | 0.9604 | 0.9662 | 0.0194 | 0.9474 | 0.9386 | 0.9366
2100 | 06:43:22 |  12.9s | 1.0e-04 | 0.0171 | 0.9558 | 0.9598 | 0.9629 | 0.0203 | 0.9436 | 0.9465 | 0.9391
2101 | 06:43:47 |  12.6s | 1.0e-04 | 0.0168 | 0.9543 | 0.9586 | 0.9603 | 0.0203 | 0.9432 | 0.9485 | 0.9421
2102 | 06:44:12 |  12.5s | 1.0e-04 | 0.0167 | 0.9560 | 0.9608 | 0.9648 | 0.0194 | 0.9419 | 0.9507 | 0.9422
2103 | 06:44:38 |  12.7s | 1.0e-04 | 0.0165 | 0.9563 | 0.9603 | 0.9646 | 0.0196 | 0.9533 | 0.9374 | 0.9426
2104 | 06:45:03 |  13.1s | 1.0e-04 | 0.0161 | 0.9585 | 0.9606 | 0.9667 | 0.0198 | 0.9379 | 0.9524 | 0.9400
2105 | 06:45:27 |  25.0s | 1.0e-04 | 0.0166 | 0.9552 | 0.9598 | 0.9625 | 0.0203 | 0.9395 | 0.9535 | 0.9426
2106 | 06:46:04 |  12.3s | 1.0e-04 | 0.0158 | 0.9590 | 0.9618 | 0.9681 | 0.0202 | 0.9492 | 0.9377 | 0.9389
2107 | 06:46:27 |  12.4s | 1.0e-04 | 0.0164 | 0.9574 | 0.9613 | 0.9658 | 0.0195 | 0.9482 | 0.9431 | 0.9408
2108 | 06:46:51 |  12.4s | 1.0e-04 | 0.0160 | 0.9582 | 0.9601 | 0.9663 | 0.0196 | 0.9390 | 0.9543 | 0.9434
2109 | 06:47:15 |  12.0s | 1.0e-04 | 0.0163 | 0.9581 | 0.9603 | 0.9653 | 0.0198 | 0.9472 | 0.9473 | 0.9440
2110 | 06:47:41 |  12.2s | 1.0e-04 | 0.0160 | 0.9572 | 0.9619 | 0.9657 | 0.0204 | 0.9475 | 0.9433 | 0.9412
2111 | 06:48:06 |  12.1s | 1.0e-04 | 0.0168 | 0.9566 | 0.9600 | 0.9635 | 0.0208 | 0.9395 | 0.9441 | 0.9355
2112 | 06:48:29 |  12.8s | 1.0e-04 | 0.0161 | 0.9558 | 0.9601 | 0.9642 | 0.0195 | 0.9353 | 0.9515 | 0.9372
2113 | 06:48:54 |  12.3s | 1.0e-04 | 0.0163 | 0.9562 | 0.9607 | 0.9649 | 0.0194 | 0.9436 | 0.9457 | 0.9408
2114 | 06:49:17 |  12.2s | 1.0e-04 | 0.0161 | 0.9579 | 0.9609 | 0.9653 | 0.0193 | 0.9403 | 0.9513 | 0.9413
2115 | 06:49:43 |  12.0s | 1.0e-04 | 0.0159 | 0.9580 | 0.9603 | 0.9653 | 0.0201 | 0.9440 | 0.9470 | 0.9397
2116 | 06:50:08 |  12.2s | 1.0e-04 | 0.0162 | 0.9573 | 0.9612 | 0.9655 | 0.0204 | 0.9473 | 0.9349 | 0.9366
2117 | 06:50:31 |  12.5s | 1.0e-04 | 0.0161 | 0.9585 | 0.9615 | 0.9666 | 0.0192 | 0.9382 | 0.9536 | 0.9421
2118 | 06:50:55 |  12.1s | 1.0e-04 | 0.0160 | 0.9569 | 0.9621 | 0.9658 | 0.0207 | 0.9406 | 0.9477 | 0.9386
2119 | 06:51:21 |  12.2s | 1.0e-04 | 0.0165 | 0.9567 | 0.9616 | 0.9658 | 0.0202 | 0.9417 | 0.9507 | 0.9420
2120 | 06:51:45 |  12.3s | 1.0e-04 | 0.0163 | 0.9567 | 0.9600 | 0.9641 | 0.0193 | 0.9409 | 0.9521 | 0.9432
2121 | 06:52:10 |  21.8s | 1.0e-04 | 0.0163 | 0.9573 | 0.9605 | 0.9658 | 0.0194 | 0.9465 | 0.9451 | 0.9411
2122 | 06:52:43 |  12.3s | 1.0e-04 | 0.0167 | 0.9579 | 0.9595 | 0.9653 | 0.0198 | 0.9436 | 0.9457 | 0.9391
2123 | 06:53:09 |  11.9s | 1.0e-04 | 0.0171 | 0.9582 | 0.9608 | 0.9664 | 0.0202 | 0.9403 | 0.9518 | 0.9427
2124 | 06:53:34 |  12.3s | 1.0e-04 | 0.0167 | 0.9569 | 0.9603 | 0.9655 | 0.0202 | 0.9449 | 0.9432 | 0.9393
2125 | 06:53:57 |  12.4s | 1.0e-04 | 0.0166 | 0.9574 | 0.9614 | 0.9652 | 0.0194 | 0.9465 | 0.9502 | 0.9468
2126 | 06:54:23 |  12.5s | 1.0e-04 | 0.0152 | 0.9591 | 0.9634 | 0.9680 | 0.0196 | 0.9414 | 0.9471 | 0.9393
2127 | 06:54:48 |  12.4s | 1.0e-04 | 0.0160 | 0.9578 | 0.9611 | 0.9671 | 0.0204 | 0.9455 | 0.9422 | 0.9374
2128 | 06:55:14 |  12.2s | 1.0e-04 | 0.0154 | 0.9585 | 0.9591 | 0.9656 | 0.0199 | 0.9468 | 0.9428 | 0.9378
2129 | 06:55:38 |  12.7s | 1.0e-04 | 0.0156 | 0.9583 | 0.9601 | 0.9667 | 0.0202 | 0.9420 | 0.9517 | 0.9447
2130 | 06:56:02 |  12.8s | 1.0e-04 | 0.0155 | 0.9580 | 0.9609 | 0.9657 | 0.0198 | 0.9427 | 0.9482 | 0.9414
2131 | 06:56:26 |  12.5s | 1.0e-04 | 0.0154 | 0.9586 | 0.9607 | 0.9670 | 0.0193 | 0.9452 | 0.9487 | 0.9433
2132 | 06:56:50 |  12.6s | 1.0e-04 | 0.0159 | 0.9574 | 0.9613 | 0.9664 | 0.0198 | 0.9378 | 0.9522 | 0.9407
2133 | 06:57:17 |  12.4s | 1.0e-04 | 0.0158 | 0.9568 | 0.9607 | 0.9645 | 0.0193 | 0.9449 | 0.9426 | 0.9391
2134 | 06:57:41 |  12.8s | 1.0e-04 | 0.0163 | 0.9553 | 0.9612 | 0.9630 | 0.0199 | 0.9491 | 0.9472 | 0.9471
2135 | 06:58:05 |  12.9s | 1.0e-04 | 0.0152 | 0.9594 | 0.9616 | 0.9684 | 0.0202 | 0.9467 | 0.9458 | 0.9435
2136 | 06:58:29 |  12.8s | 1.0e-04 | 0.0156 | 0.9588 | 0.9614 | 0.9676 | 0.0206 | 0.9472 | 0.9458 | 0.9440
2137 | 06:58:54 |  12.3s | 1.0e-04 | 0.0160 | 0.9572 | 0.9592 | 0.9643 | 0.0186 | 0.9459 | 0.9474 | 0.9440
2138 | 06:59:20 |  12.3s | 1.0e-04 | 0.0154 | 0.9588 | 0.9612 | 0.9664 | 0.0200 | 0.9450 | 0.9406 | 0.9348
2139 | 06:59:44 |  12.6s | 1.0e-04 | 0.0152 | 0.9580 | 0.9620 | 0.9676 | 0.0205 | 0.9421 | 0.9459 | 0.9368
2140 | 07:00:08 |  12.6s | 1.0e-04 | 0.0158 | 0.9565 | 0.9614 | 0.9650 | 0.0203 | 0.9486 | 0.9395 | 0.9407
2141 | 07:00:32 |  12.8s | 1.0e-04 | 0.0152 | 0.9589 | 0.9612 | 0.9673 | 0.0202 | 0.9319 | 0.9518 | 0.9350
2142 | 07:00:57 |  22.7s | 1.0e-04 | 0.0156 | 0.9588 | 0.9614 | 0.9670 | 0.0201 | 0.9417 | 0.9521 | 0.9437
2143 | 07:01:31 |  12.7s | 1.0e-04 | 0.0147 | 0.9601 | 0.9639 | 0.9701 | 0.0195 | 0.9476 | 0.9424 | 0.9393
2144 | 07:01:56 |  12.4s | 1.0e-04 | 0.0151 | 0.9597 | 0.9606 | 0.9670 | 0.0195 | 0.9457 | 0.9392 | 0.9375
2145 | 07:02:19 |  12.8s | 1.0e-04 | 0.0153 | 0.9588 | 0.9607 | 0.9670 | 0.0194 | 0.9420 | 0.9491 | 0.9414
2146 | 07:02:43 |  30.3s | 1.0e-04 | 0.0156 | 0.9586 | 0.9589 | 0.9654 | 0.0211 | 0.9464 | 0.9373 | 0.9345
2147 | 07:03:25 |  12.7s | 1.0e-04 | 0.0171 | 0.9566 | 0.9601 | 0.9643 | 0.0204 | 0.9460 | 0.9414 | 0.9399
2148 | 07:03:49 |  12.5s | 1.0e-04 | 0.0164 | 0.9585 | 0.9618 | 0.9671 | 0.0202 | 0.9438 | 0.9462 | 0.9396
2149 | 07:04:13 |  12.4s | 1.0e-04 | 0.0170 | 0.9574 | 0.9612 | 0.9659 | 0.0192 | 0.9500 | 0.9435 | 0.9446
2150 | 07:04:37 |  12.6s | 1.0e-04 | 0.0168 | 0.9583 | 0.9598 | 0.9654 | 0.0202 | 0.9422 | 0.9461 | 0.9369
2151 | 07:05:04 |  12.3s | 1.0e-04 | 0.0172 | 0.9569 | 0.9599 | 0.9642 | 0.0199 | 0.9390 | 0.9481 | 0.9369
2152 | 07:05:29 |  12.3s | 1.0e-04 | 0.0169 | 0.9570 | 0.9597 | 0.9648 | 0.0203 | 0.9447 | 0.9428 | 0.9394
2153 | 07:05:53 |  12.8s | 1.0e-04 | 0.0170 | 0.9580 | 0.9591 | 0.9652 | 0.0194 | 0.9395 | 0.9553 | 0.9434
2154 | 07:06:17 |  12.6s | 1.0e-04 | 0.0169 | 0.9568 | 0.9590 | 0.9645 | 0.0200 | 0.9401 | 0.9529 | 0.9426
2155 | 07:06:41 |  12.6s | 1.0e-04 | 0.0168 | 0.9586 | 0.9615 | 0.9673 | 0.0192 | 0.9429 | 0.9462 | 0.9372
2156 | 07:07:06 |  12.6s | 1.0e-04 | 0.0173 | 0.9567 | 0.9605 | 0.9642 | 0.0193 | 0.9371 | 0.9523 | 0.9400
2157 | 07:07:32 |  12.3s | 1.0e-04 | 0.0168 | 0.9577 | 0.9611 | 0.9660 | 0.0198 | 0.9397 | 0.9553 | 0.9453
2158 | 07:07:56 |  12.7s | 1.0e-04 | 0.0168 | 0.9578 | 0.9600 | 0.9660 | 0.0200 | 0.9371 | 0.9487 | 0.9359
2159 | 07:08:20 |  12.5s | 1.0e-04 | 0.0170 | 0.9573 | 0.9597 | 0.9645 | 0.0191 | 0.9441 | 0.9485 | 0.9424
2160 | 07:08:44 |  12.7s | 1.0e-04 | 0.0173 | 0.9575 | 0.9594 | 0.9649 | 0.0202 | 0.9370 | 0.9492 | 0.9362
2161 | 07:09:09 |  12.3s | 1.0e-04 | 0.0166 | 0.9591 | 0.9630 | 0.9677 | 0.0199 | 0.9396 | 0.9490 | 0.9386
2162 | 07:09:34 |  12.3s | 1.0e-04 | 0.0169 | 0.9574 | 0.9606 | 0.9659 | 0.0201 | 0.9347 | 0.9488 | 0.9334
2163 | 07:10:00 |  20.5s | 1.0e-04 | 0.0167 | 0.9580 | 0.9604 | 0.9656 | 0.0201 | 0.9478 | 0.9480 | 0.9461
2164 | 07:10:34 |  12.2s | 1.0e-04 | 0.0160 | 0.9592 | 0.9625 | 0.9687 | 0.0198 | 0.9423 | 0.9485 | 0.9408
2165 | 07:10:59 |  12.4s | 1.0e-04 | 0.0162 | 0.9585 | 0.9602 | 0.9665 | 0.0190 | 0.9482 | 0.9445 | 0.9418
2166 | 07:11:23 |  12.6s | 1.0e-04 | 0.0162 | 0.9587 | 0.9619 | 0.9676 | 0.0195 | 0.9418 | 0.9458 | 0.9358
2167 | 07:11:46 |  23.9s | 1.0e-04 | 0.0161 | 0.9593 | 0.9621 | 0.9679 | 0.0198 | 0.9465 | 0.9444 | 0.9420
2168 | 07:12:21 |  12.7s | 1.0e-04 | 0.0157 | 0.9575 | 0.9613 | 0.9662 | 0.0191 | 0.9459 | 0.9460 | 0.9415
2169 | 07:12:45 |  12.4s | 1.0e-04 | 0.0157 | 0.9592 | 0.9613 | 0.9666 | 0.0202 | 0.9385 | 0.9534 | 0.9417
2170 | 07:13:11 |  12.4s | 1.0e-04 | 0.0157 | 0.9593 | 0.9623 | 0.9682 | 0.0194 | 0.9497 | 0.9433 | 0.9446
2171 | 07:13:35 |  12.9s | 1.0e-04 | 0.0159 | 0.9589 | 0.9616 | 0.9675 | 0.0202 | 0.9461 | 0.9398 | 0.9361
2172 | 07:14:00 |  12.3s | 1.0e-04 | 0.0163 | 0.9573 | 0.9601 | 0.9651 | 0.0193 | 0.9453 | 0.9486 | 0.9434
2173 | 07:14:26 |  12.7s | 1.0e-04 | 0.0159 | 0.9589 | 0.9596 | 0.9661 | 0.0207 | 0.9381 | 0.9460 | 0.9339
2174 | 07:14:52 |  12.7s | 1.0e-04 | 0.0163 | 0.9579 | 0.9615 | 0.9658 | 0.0202 | 0.9420 | 0.9520 | 0.9433
2175 | 07:15:16 |  12.8s | 1.0e-04 | 0.0159 | 0.9565 | 0.9618 | 0.9653 | 0.0199 | 0.9459 | 0.9451 | 0.9412
2176 | 07:15:40 |  12.6s | 1.0e-04 | 0.0162 | 0.9584 | 0.9606 | 0.9662 | 0.0190 | 0.9417 | 0.9482 | 0.9393
2177 | 07:16:04 |  12.4s | 1.0e-04 | 0.0162 | 0.9578 | 0.9599 | 0.9651 | 0.0202 | 0.9439 | 0.9427 | 0.9383
2178 | 07:16:29 |  12.5s | 1.0e-04 | 0.0159 | 0.9576 | 0.9620 | 0.9662 | 0.0200 | 0.9496 | 0.9469 | 0.9469
2179 | 07:16:55 |  12.4s | 1.0e-04 | 0.0161 | 0.9581 | 0.9622 | 0.9667 | 0.0191 | 0.9409 | 0.9441 | 0.9346
2180 | 07:17:19 |  12.8s | 1.0e-04 | 0.0161 | 0.9568 | 0.9601 | 0.9652 | 0.0200 | 0.9421 | 0.9434 | 0.9364
2181 | 07:17:43 |  12.9s | 1.0e-04 | 0.0154 | 0.9586 | 0.9607 | 0.9658 | 0.0190 | 0.9462 | 0.9412 | 0.9377
2182 | 07:18:07 |  12.7s | 1.0e-04 | 0.0160 | 0.9567 | 0.9597 | 0.9654 | 0.0206 | 0.9456 | 0.9330 | 0.9313
2183 | 07:18:32 |  12.5s | 1.0e-04 | 0.0160 | 0.9583 | 0.9600 | 0.9651 | 0.0186 | 0.9360 | 0.9550 | 0.9421
2184 | 07:18:58 |  22.4s | 1.0e-04 | 0.0163 | 0.9578 | 0.9620 | 0.9662 | 0.0192 | 0.9459 | 0.9424 | 0.9393
2185 | 07:19:32 |  12.8s | 1.0e-04 | 0.0165 | 0.9560 | 0.9587 | 0.9627 | 0.0199 | 0.9431 | 0.9483 | 0.9405
2186 | 07:19:58 |  12.4s | 1.0e-04 | 0.0159 | 0.9577 | 0.9590 | 0.9646 | 0.0194 | 0.9430 | 0.9504 | 0.9439
2187 | 07:20:23 |  12.3s | 1.0e-04 | 0.0161 | 0.9561 | 0.9603 | 0.9642 | 0.0195 | 0.9520 | 0.9330 | 0.9365
2188 | 07:20:47 |  22.5s | 1.0e-04 | 0.0164 | 0.9575 | 0.9609 | 0.9646 | 0.0192 | 0.9453 | 0.9493 | 0.9446
2189 | 07:21:23 |  12.5s | 1.0e-04 | 0.0160 | 0.9574 | 0.9621 | 0.9661 | 0.0200 | 0.9404 | 0.9419 | 0.9324
2190 | 07:21:46 |  12.8s | 1.0e-04 | 0.0165 | 0.9571 | 0.9607 | 0.9651 | 0.0203 | 0.9463 | 0.9432 | 0.9404
2191 | 07:22:10 |  12.7s | 1.0e-04 | 0.0164 | 0.9581 | 0.9614 | 0.9659 | 0.0195 | 0.9494 | 0.9484 | 0.9481
2192 | 07:22:34 |  12.5s | 1.0e-04 | 0.0167 | 0.9557 | 0.9608 | 0.9648 | 0.0208 | 0.9385 | 0.9496 | 0.9379
2193 | 07:22:59 |  12.6s | 1.0e-04 | 0.0161 | 0.9587 | 0.9632 | 0.9677 | 0.0192 | 0.9444 | 0.9467 | 0.9413
2194 | 07:23:26 |  12.4s | 1.0e-04 | 0.0160 | 0.9585 | 0.9605 | 0.9661 | 0.0189 | 0.9421 | 0.9518 | 0.9443
2195 | 07:23:49 |  12.7s | 1.0e-04 | 0.0160 | 0.9581 | 0.9610 | 0.9668 | 0.0202 | 0.9390 | 0.9505 | 0.9393
2196 | 07:24:13 |  12.5s | 1.0e-04 | 0.0168 | 0.9578 | 0.9613 | 0.9653 | 0.0194 | 0.9398 | 0.9463 | 0.9365
2197 | 07:24:37 |  12.8s | 1.0e-04 | 0.0161 | 0.9599 | 0.9620 | 0.9679 | 0.0189 | 0.9449 | 0.9470 | 0.9413
2198 | 07:25:01 |  12.8s | 1.0e-04 | 0.0160 | 0.9573 | 0.9607 | 0.9653 | 0.0198 | 0.9404 | 0.9522 | 0.9436
2199 | 07:25:25 |  12.6s | 1.0e-04 | 0.0162 | 0.9587 | 0.9609 | 0.9670 | 0.0203 | 0.9418 | 0.9476 | 0.9383
2200 | 07:25:50 |  12.5s | 1.0e-04 | 0.0166 | 0.9590 | 0.9593 | 0.9656 | 0.0190 | 0.9445 | 0.9397 | 0.9357
2201 | 07:26:17 |  12.1s | 1.0e-04 | 0.0167 | 0.9569 | 0.9603 | 0.9651 | 0.0192 | 0.9446 | 0.9428 | 0.9367
2202 | 07:26:42 |  12.7s | 1.0e-04 | 0.0165 | 0.9568 | 0.9597 | 0.9648 | 0.0203 | 0.9499 | 0.9399 | 0.9398
2203 | 07:27:06 |  12.8s | 1.0e-04 | 0.0171 | 0.9578 | 0.9610 | 0.9654 | 0.0194 | 0.9495 | 0.9435 | 0.9443
2204 | 07:27:30 |  12.7s | 1.0e-04 | 0.0168 | 0.9564 | 0.9609 | 0.9640 | 0.0197 | 0.9465 | 0.9443 | 0.9427
2205 | 07:27:54 |  22.7s | 1.0e-04 | 0.0160 | 0.9587 | 0.9615 | 0.9675 | 0.0208 | 0.9328 | 0.9533 | 0.9358
2206 | 07:28:28 |  12.6s | 1.0e-04 | 0.0165 | 0.9569 | 0.9616 | 0.9652 | 0.0190 | 0.9419 | 0.9399 | 0.9330
2207 | 07:28:52 |  12.4s | 1.0e-04 | 0.0158 | 0.9580 | 0.9605 | 0.9655 | 0.0199 | 0.9405 | 0.9471 | 0.9375
2208 | 07:29:18 |  12.3s | 1.0e-04 | 0.0165 | 0.9564 | 0.9619 | 0.9655 | 0.0200 | 0.9452 | 0.9488 | 0.9437
2209 | 07:29:43 |  23.2s | 1.0e-04 | 0.0160 | 0.9583 | 0.9597 | 0.9656 | 0.0208 | 0.9517 | 0.9381 | 0.9438
2210 | 07:30:20 |  12.3s | 1.0e-04 | 0.0152 | 0.9597 | 0.9615 | 0.9679 | 0.0196 | 0.9519 | 0.9439 | 0.9467
2211 | 07:30:45 |  12.5s | 1.0e-04 | 0.0155 | 0.9583 | 0.9620 | 0.9666 | 0.0211 | 0.9325 | 0.9525 | 0.9347
2212 | 07:31:09 |  12.8s | 1.0e-04 | 0.0153 | 0.9585 | 0.9618 | 0.9676 | 0.0205 | 0.9369 | 0.9544 | 0.9404
2213 | 07:31:33 |  12.7s | 1.0e-04 | 0.0151 | 0.9581 | 0.9615 | 0.9664 | 0.0186 | 0.9450 | 0.9522 | 0.9481
2214 | 07:31:57 |  12.7s | 1.0e-04 | 0.0156 | 0.9577 | 0.9602 | 0.9660 | 0.0191 | 0.9454 | 0.9507 | 0.9463
2215 | 07:32:22 |  12.5s | 1.0e-04 | 0.0156 | 0.9576 | 0.9619 | 0.9667 | 0.0198 | 0.9431 | 0.9501 | 0.9432
2216 | 07:32:49 |  12.2s | 1.0e-04 | 0.0156 | 0.9585 | 0.9609 | 0.9668 | 0.0198 | 0.9331 | 0.9538 | 0.9385
2217 | 07:33:13 |  12.8s | 1.0e-04 | 0.0154 | 0.9585 | 0.9608 | 0.9676 | 0.0205 | 0.9459 | 0.9446 | 0.9382
2218 | 07:33:38 |  12.9s | 1.0e-04 | 0.0153 | 0.9600 | 0.9622 | 0.9684 | 0.0194 | 0.9421 | 0.9475 | 0.9408
2219 | 07:34:02 |  12.9s | 1.0e-04 | 0.0158 | 0.9584 | 0.9609 | 0.9667 | 0.0205 | 0.9417 | 0.9536 | 0.9468
2220 | 07:34:26 |  12.3s | 1.0e-04 | 0.0152 | 0.9590 | 0.9608 | 0.9671 | 0.0197 | 0.9459 | 0.9464 | 0.9427
2221 | 07:34:49 |  12.8s | 1.0e-04 | 0.0157 | 0.9581 | 0.9620 | 0.9666 | 0.0198 | 0.9475 | 0.9406 | 0.9381
2222 | 07:35:15 |  12.5s | 1.0e-04 | 0.0161 | 0.9576 | 0.9597 | 0.9653 | 0.0186 | 0.9497 | 0.9434 | 0.9437
2223 | 07:35:42 |  12.7s | 1.0e-04 | 0.0161 | 0.9564 | 0.9590 | 0.9630 | 0.0208 | 0.9474 | 0.9351 | 0.9337
2224 | 07:36:08 |  12.5s | 1.0e-04 | 0.0158 | 0.9574 | 0.9612 | 0.9664 | 0.0198 | 0.9480 | 0.9408 | 0.9409
2225 | 07:36:33 |  12.5s | 1.0e-04 | 0.0153 | 0.9594 | 0.9628 | 0.9686 | 0.0191 | 0.9417 | 0.9486 | 0.9409
2226 | 07:36:57 |  12.6s | 1.0e-04 | 0.0164 | 0.9576 | 0.9604 | 0.9659 | 0.0199 | 0.9452 | 0.9454 | 0.9407
2227 | 07:37:21 |  12.7s | 1.0e-04 | 0.0162 | 0.9585 | 0.9624 | 0.9671 | 0.0202 | 0.9501 | 0.9365 | 0.9379
2228 | 07:37:45 |  12.1s | 1.0e-04 | 0.0161 | 0.9589 | 0.9600 | 0.9674 | 0.0192 | 0.9409 | 0.9457 | 0.9356
2229 | 07:38:11 |  12.2s | 1.0e-04 | 0.0162 | 0.9584 | 0.9623 | 0.9670 | 0.0198 | 0.9508 | 0.9444 | 0.9452
2230 | 07:38:36 |  23.9s | 1.0e-04 | 0.0170 | 0.9577 | 0.9625 | 0.9666 | 0.0192 | 0.9479 | 0.9432 | 0.9401
2231 | 07:39:13 |  12.0s | 1.0e-04 | 0.0173 | 0.9576 | 0.9622 | 0.9664 | 0.0187 | 0.9493 | 0.9481 | 0.9470
2232 | 07:39:38 |  12.1s | 1.0e-04 | 0.0178 | 0.9573 | 0.9616 | 0.9658 | 0.0202 | 0.9369 | 0.9497 | 0.9366
2233 | 07:40:02 |  12.7s | 1.0e-04 | 0.0172 | 0.9583 | 0.9608 | 0.9669 | 0.0198 | 0.9373 | 0.9529 | 0.9403
2234 | 07:40:25 |  12.3s | 1.0e-04 | 0.0178 | 0.9565 | 0.9597 | 0.9635 | 0.0198 | 0.9406 | 0.9537 | 0.9452
2235 | 07:40:49 |  11.8s | 1.0e-04 | 0.0171 | 0.9570 | 0.9615 | 0.9661 | 0.0187 | 0.9381 | 0.9506 | 0.9389
2236 | 07:41:15 |  12.1s | 1.0e-04 | 0.0173 | 0.9556 | 0.9607 | 0.9644 | 0.0188 | 0.9433 | 0.9486 | 0.9420
2237 | 07:41:39 |  12.2s | 1.0e-04 | 0.0179 | 0.9548 | 0.9608 | 0.9634 | 0.0199 | 0.9416 | 0.9525 | 0.9442
2238 | 07:42:03 |  12.3s | 1.0e-04 | 0.0170 | 0.9573 | 0.9615 | 0.9664 | 0.0195 | 0.9456 | 0.9498 | 0.9454
2239 | 07:42:26 |  12.3s | 1.0e-04 | 0.0170 | 0.9586 | 0.9612 | 0.9670 | 0.0188 | 0.9436 | 0.9488 | 0.9418
2240 | 07:42:50 |  12.0s | 1.0e-04 | 0.0168 | 0.9590 | 0.9622 | 0.9678 | 0.0197 | 0.9463 | 0.9464 | 0.9411
2241 | 07:43:16 |  12.3s | 1.0e-04 | 0.0172 | 0.9589 | 0.9616 | 0.9675 | 0.0202 | 0.9386 | 0.9419 | 0.9307
2242 | 07:43:41 |  12.4s | 1.0e-04 | 0.0173 | 0.9564 | 0.9607 | 0.9646 | 0.0201 | 0.9431 | 0.9470 | 0.9405
2243 | 07:44:05 |  12.4s | 1.0e-04 | 0.0176 | 0.9569 | 0.9616 | 0.9650 | 0.0205 | 0.9420 | 0.9516 | 0.9437
2244 | 07:44:28 |  12.7s | 1.0e-04 | 0.0172 | 0.9576 | 0.9620 | 0.9666 | 0.0199 | 0.9460 | 0.9490 | 0.9450
2245 | 07:44:52 |  12.4s | 1.0e-04 | 0.0171 | 0.9578 | 0.9629 | 0.9678 | 0.0194 | 0.9441 | 0.9519 | 0.9461
2246 | 07:45:18 |  21.0s | 1.0e-04 | 0.0170 | 0.9568 | 0.9604 | 0.9652 | 0.0199 | 0.9401 | 0.9465 | 0.9362
2247 | 07:45:52 |  12.4s | 1.0e-04 | 0.0166 | 0.9580 | 0.9626 | 0.9669 | 0.0198 | 0.9451 | 0.9490 | 0.9450
2248 | 07:46:17 |  12.2s | 1.0e-04 | 0.0168 | 0.9573 | 0.9617 | 0.9655 | 0.0200 | 0.9503 | 0.9430 | 0.9439
2249 | 07:46:42 |  11.8s | 1.0e-04 | 0.0167 | 0.9589 | 0.9618 | 0.9668 | 0.0195 | 0.9431 | 0.9502 | 0.9435
2250 | 07:47:08 |  12.1s | 1.0e-04 | 0.0165 | 0.9590 | 0.9626 | 0.9677 | 0.0195 | 0.9382 | 0.9549 | 0.9443
2251 | 07:47:36 |  12.5s | 1.0e-04 | 0.0159 | 0.9585 | 0.9607 | 0.9661 | 0.0199 | 0.9481 | 0.9419 | 0.9404
2252 | 07:47:59 |  12.7s | 1.0e-04 | 0.0153 | 0.9598 | 0.9622 | 0.9685 | 0.0199 | 0.9377 | 0.9474 | 0.9357
2253 | 07:48:23 |  12.7s | 1.0e-04 | 0.0159 | 0.9589 | 0.9621 | 0.9669 | 0.0199 | 0.9395 | 0.9501 | 0.9395
2254 | 07:48:48 |  12.4s | 1.0e-04 | 0.0154 | 0.9595 | 0.9625 | 0.9688 | 0.0199 | 0.9366 | 0.9530 | 0.9407
2255 | 07:49:14 |  12.5s | 1.0e-04 | 0.0149 | 0.9599 | 0.9644 | 0.9701 | 0.0210 | 0.9406 | 0.9465 | 0.9367
2256 | 07:49:39 |  12.2s | 1.0e-04 | 0.0158 | 0.9571 | 0.9617 | 0.9652 | 0.0209 | 0.9442 | 0.9403 | 0.9358
2257 | 07:50:03 |  12.5s | 1.0e-04 | 0.0159 | 0.9577 | 0.9598 | 0.9650 | 0.0193 | 0.9471 | 0.9526 | 0.9492
2258 | 07:50:27 |  12.9s | 1.0e-04 | 0.0155 | 0.9588 | 0.9605 | 0.9670 | 0.0201 | 0.9407 | 0.9499 | 0.9404
2259 | 07:50:51 |  12.7s | 1.0e-04 | 0.0153 | 0.9595 | 0.9625 | 0.9685 | 0.0205 | 0.9386 | 0.9436 | 0.9320
2260 | 07:51:16 |  12.5s | 1.0e-04 | 0.0154 | 0.9588 | 0.9610 | 0.9662 | 0.0200 | 0.9424 | 0.9500 | 0.9423
2261 | 07:51:42 |  12.3s | 1.0e-04 | 0.0155 | 0.9585 | 0.9609 | 0.9668 | 0.0185 | 0.9505 | 0.9420 | 0.9428
2262 | 07:52:07 |  12.5s | 1.0e-04 | 0.0157 | 0.9586 | 0.9607 | 0.9663 | 0.0203 | 0.9462 | 0.9385 | 0.9335
2263 | 07:52:31 |  12.8s | 1.0e-04 | 0.0156 | 0.9592 | 0.9596 | 0.9665 | 0.0201 | 0.9495 | 0.9452 | 0.9462
2264 | 07:52:55 |  12.8s | 1.0e-04 | 0.0153 | 0.9598 | 0.9626 | 0.9679 | 0.0188 | 0.9444 | 0.9463 | 0.9414
2265 | 07:53:19 |  12.6s | 1.0e-04 | 0.0158 | 0.9584 | 0.9603 | 0.9655 | 0.0187 | 0.9410 | 0.9517 | 0.9434
2266 | 07:53:45 |  12.6s | 1.0e-04 | 0.0154 | 0.9588 | 0.9619 | 0.9681 | 0.0191 | 0.9463 | 0.9485 | 0.9452
2267 | 07:54:10 |  21.4s | 1.0e-04 | 0.0157 | 0.9577 | 0.9606 | 0.9661 | 0.0193 | 0.9403 | 0.9507 | 0.9414
2268 | 07:54:46 |  12.5s | 1.0e-04 | 0.0154 | 0.9589 | 0.9593 | 0.9656 | 0.0190 | 0.9539 | 0.9442 | 0.9487
2269 | 07:55:09 |  12.7s | 1.0e-04 | 0.0158 | 0.9587 | 0.9588 | 0.9656 | 0.0197 | 0.9365 | 0.9556 | 0.9433
2270 | 07:55:33 |  12.5s | 1.0e-04 | 0.0157 | 0.9586 | 0.9606 | 0.9660 | 0.0196 | 0.9403 | 0.9446 | 0.9358
2271 | 07:55:57 |  24.8s | 1.0e-04 | 0.0157 | 0.9578 | 0.9616 | 0.9667 | 0.0206 | 0.9447 | 0.9410 | 0.9362
2272 | 07:56:33 |  12.1s | 1.0e-04 | 0.0168 | 0.9579 | 0.9612 | 0.9656 | 0.0193 | 0.9427 | 0.9442 | 0.9364
2273 | 07:56:58 |  12.6s | 1.0e-04 | 0.0166 | 0.9568 | 0.9595 | 0.9645 | 0.0212 | 0.9397 | 0.9390 | 0.9292
2274 | 07:57:22 |  12.6s | 1.0e-04 | 0.0160 | 0.9601 | 0.9617 | 0.9690 | 0.0193 | 0.9538 | 0.9436 | 0.9483
2275 | 07:57:46 |  12.6s | 1.0e-04 | 0.0158 | 0.9605 | 0.9615 | 0.9684 | 0.0195 | 0.9478 | 0.9413 | 0.9408
2276 | 07:58:11 |  11.8s | 1.0e-04 | 0.0165 | 0.9567 | 0.9596 | 0.9642 | 0.0193 | 0.9399 | 0.9454 | 0.9349
2277 | 07:58:36 |  12.1s | 1.0e-04 | 0.0168 | 0.9565 | 0.9622 | 0.9653 | 0.0194 | 0.9453 | 0.9478 | 0.9426
2278 | 07:59:00 |  12.2s | 1.0e-04 | 0.0165 | 0.9580 | 0.9606 | 0.9662 | 0.0184 | 0.9402 | 0.9523 | 0.9426
2279 | 07:59:23 |  12.4s | 1.0e-04 | 0.0164 | 0.9565 | 0.9607 | 0.9645 | 0.0199 | 0.9484 | 0.9442 | 0.9442
2280 | 07:59:47 |  12.5s | 1.0e-04 | 0.0168 | 0.9566 | 0.9610 | 0.9655 | 0.0200 | 0.9445 | 0.9479 | 0.9419
2281 | 08:00:12 |  12.2s | 1.0e-04 | 0.0162 | 0.9583 | 0.9617 | 0.9673 | 0.0188 | 0.9426 | 0.9516 | 0.9441
2282 | 08:00:38 |  12.2s | 1.0e-04 | 0.0161 | 0.9589 | 0.9598 | 0.9664 | 0.0196 | 0.9436 | 0.9519 | 0.9449
2283 | 08:01:02 |  12.2s | 1.0e-04 | 0.0163 | 0.9569 | 0.9610 | 0.9654 | 0.0195 | 0.9428 | 0.9466 | 0.9401
2284 | 08:01:25 |  12.5s | 1.0e-04 | 0.0166 | 0.9573 | 0.9606 | 0.9657 | 0.0194 | 0.9427 | 0.9460 | 0.9395
2285 | 08:01:49 |  12.4s | 1.0e-04 | 0.0164 | 0.9574 | 0.9626 | 0.9662 | 0.0193 | 0.9421 | 0.9521 | 0.9453
2286 | 08:02:14 |  12.4s | 1.0e-04 | 0.0166 | 0.9564 | 0.9612 | 0.9646 | 0.0200 | 0.9439 | 0.9436 | 0.9363
2287 | 08:02:40 |  12.0s | 1.0e-04 | 0.0163 | 0.9580 | 0.9610 | 0.9660 | 0.0201 | 0.9454 | 0.9477 | 0.9441
2288 | 08:03:03 |  22.0s | 1.0e-04 | 0.0163 | 0.9583 | 0.9604 | 0.9671 | 0.0192 | 0.9476 | 0.9487 | 0.9460
2289 | 08:03:38 |  12.2s | 1.0e-04 | 0.0162 | 0.9584 | 0.9618 | 0.9670 | 0.0196 | 0.9508 | 0.9380 | 0.9382
2290 | 08:04:01 |  12.3s | 1.0e-04 | 0.0167 | 0.9569 | 0.9581 | 0.9638 | 0.0200 | 0.9397 | 0.9539 | 0.9442
2291 | 08:04:25 |  12.6s | 1.0e-04 | 0.0164 | 0.9582 | 0.9616 | 0.9662 | 0.0197 | 0.9432 | 0.9505 | 0.9434
2292 | 08:04:49 |  26.8s | 1.0e-04 | 0.0167 | 0.9562 | 0.9590 | 0.9631 | 0.0188 | 0.9495 | 0.9444 | 0.9439
2293 | 08:05:27 |  12.5s | 1.0e-04 | 0.0161 | 0.9563 | 0.9605 | 0.9638 | 0.0208 | 0.9390 | 0.9476 | 0.9369
2294 | 08:05:50 |  12.1s | 1.0e-04 | 0.0163 | 0.9564 | 0.9601 | 0.9639 | 0.0205 | 0.9443 | 0.9450 | 0.9369
2295 | 08:06:16 |  12.3s | 1.0e-04 | 0.0163 | 0.9570 | 0.9588 | 0.9635 | 0.0201 | 0.9435 | 0.9448 | 0.9388
2296 | 08:06:41 |  12.1s | 1.0e-04 | 0.0162 | 0.9558 | 0.9599 | 0.9636 | 0.0202 | 0.9443 | 0.9442 | 0.9375
2297 | 08:07:04 |  12.4s | 1.0e-04 | 0.0168 | 0.9548 | 0.9582 | 0.9604 | 0.0199 | 0.9447 | 0.9471 | 0.9412
2298 | 08:07:29 |  12.0s | 1.0e-04 | 0.0163 | 0.9552 | 0.9581 | 0.9619 | 0.0199 | 0.9444 | 0.9447 | 0.9400
2299 | 08:07:57 |  12.3s | 1.0e-04 | 0.0164 | 0.9567 | 0.9597 | 0.9639 | 0.0185 | 0.9453 | 0.9464 | 0.9418
2300 | 08:08:21 |  12.5s | 1.0e-04 | 0.0164 | 0.9549 | 0.9593 | 0.9619 | 0.0187 | 0.9526 | 0.9474 | 0.9493
2301 | 08:08:44 |  12.6s | 1.0e-04 | 0.0160 | 0.9566 | 0.9593 | 0.9639 | 0.0193 | 0.9456 | 0.9473 | 0.9437
2302 | 08:09:08 |  12.4s | 1.0e-04 | 0.0161 | 0.9577 | 0.9605 | 0.9644 | 0.0203 | 0.9434 | 0.9524 | 0.9465
2303 | 08:09:33 |  12.1s | 1.0e-04 | 0.0166 | 0.9552 | 0.9604 | 0.9628 | 0.0192 | 0.9552 | 0.9393 | 0.9478
2304 | 08:09:59 |  12.2s | 1.0e-04 | 0.0164 | 0.9572 | 0.9609 | 0.9657 | 0.0184 | 0.9446 | 0.9507 | 0.9455
2305 | 08:10:23 |  12.8s | 1.0e-04 | 0.0160 | 0.9569 | 0.9603 | 0.9646 | 0.0193 | 0.9492 | 0.9496 | 0.9490
2306 | 08:10:47 |  12.5s | 1.0e-04 | 0.0165 | 0.9566 | 0.9597 | 0.9643 | 0.0199 | 0.9425 | 0.9484 | 0.9405
2307 | 08:11:10 |  12.1s | 1.0e-04 | 0.0163 | 0.9573 | 0.9591 | 0.9637 | 0.0192 | 0.9447 | 0.9510 | 0.9461
2308 | 08:11:35 |  12.2s | 1.0e-04 | 0.0162 | 0.9576 | 0.9592 | 0.9644 | 0.0193 | 0.9444 | 0.9495 | 0.9439
2309 | 08:12:00 |  21.2s | 1.0e-04 | 0.0165 | 0.9570 | 0.9599 | 0.9651 | 0.0194 | 0.9432 | 0.9452 | 0.9367
2310 | 08:12:35 |  12.2s | 1.0e-04 | 0.0163 | 0.9567 | 0.9592 | 0.9640 | 0.0187 | 0.9516 | 0.9433 | 0.9466
2311 | 08:13:00 |  12.2s | 1.0e-04 | 0.0161 | 0.9594 | 0.9604 | 0.9673 | 0.0199 | 0.9440 | 0.9465 | 0.9396
2312 | 08:13:23 |  12.5s | 1.0e-04 | 0.0161 | 0.9581 | 0.9613 | 0.9673 | 0.0191 | 0.9437 | 0.9483 | 0.9424
2313 | 08:13:47 |  25.1s | 1.0e-04 | 0.0158 | 0.9593 | 0.9614 | 0.9669 | 0.0187 | 0.9468 | 0.9482 | 0.9445
2314 | 08:14:23 |  12.6s | 1.0e-04 | 0.0161 | 0.9573 | 0.9614 | 0.9657 | 0.0205 | 0.9392 | 0.9487 | 0.9365
2315 | 08:14:47 |  12.5s | 1.0e-04 | 0.0161 | 0.9578 | 0.9609 | 0.9651 | 0.0202 | 0.9403 | 0.9455 | 0.9357
2316 | 08:15:11 |  12.3s | 1.0e-04 | 0.0157 | 0.9572 | 0.9622 | 0.9667 | 0.0199 | 0.9452 | 0.9467 | 0.9413
2317 | 08:15:37 |  12.6s | 1.0e-04 | 0.0155 | 0.9579 | 0.9630 | 0.9675 | 0.0203 | 0.9486 | 0.9436 | 0.9433
2318 | 08:16:02 |  12.5s | 1.0e-04 | 0.0159 | 0.9583 | 0.9607 | 0.9667 | 0.0197 | 0.9464 | 0.9450 | 0.9421
2319 | 08:16:26 |  12.2s | 1.0e-04 | 0.0163 | 0.9567 | 0.9600 | 0.9639 | 0.0199 | 0.9414 | 0.9491 | 0.9409
2320 | 08:16:49 |  12.3s | 1.0e-04 | 0.0157 | 0.9605 | 0.9617 | 0.9689 | 0.0194 | 0.9438 | 0.9481 | 0.9423
2321 | 08:17:13 |  12.3s | 1.0e-04 | 0.0157 | 0.9596 | 0.9607 | 0.9679 | 0.0193 | 0.9507 | 0.9473 | 0.9481
2322 | 08:17:40 |  12.2s | 1.0e-04 | 0.0169 | 0.9563 | 0.9583 | 0.9630 | 0.0196 | 0.9463 | 0.9464 | 0.9431
2323 | 08:18:03 |  12.7s | 1.0e-04 | 0.0158 | 0.9584 | 0.9604 | 0.9662 | 0.0191 | 0.9451 | 0.9430 | 0.9389
2324 | 08:18:27 |  12.4s | 1.0e-04 | 0.0162 | 0.9580 | 0.9624 | 0.9669 | 0.0202 | 0.9473 | 0.9396 | 0.9378
2325 | 08:18:50 |  12.4s | 1.0e-04 | 0.0160 | 0.9576 | 0.9603 | 0.9656 | 0.0203 | 0.9468 | 0.9438 | 0.9407
2326 | 08:19:14 |  12.4s | 1.0e-04 | 0.0160 | 0.9588 | 0.9603 | 0.9672 | 0.0190 | 0.9484 | 0.9415 | 0.9416
2327 | 08:19:37 |  12.4s | 1.0e-04 | 0.0156 | 0.9591 | 0.9620 | 0.9678 | 0.0189 | 0.9450 | 0.9453 | 0.9403
2328 | 08:20:02 |  12.2s | 1.0e-04 | 0.0152 | 0.9601 | 0.9616 | 0.9690 | 0.0207 | 0.9384 | 0.9485 | 0.9367
2329 | 08:20:28 |  12.2s | 1.0e-04 | 0.0161 | 0.9575 | 0.9623 | 0.9675 | 0.0191 | 0.9461 | 0.9529 | 0.9497
2330 | 08:20:51 |  20.2s | 1.0e-04 | 0.0164 | 0.9566 | 0.9604 | 0.9646 | 0.0188 | 0.9473 | 0.9521 | 0.9496
2331 | 08:21:24 |  12.3s | 1.0e-04 | 0.0170 | 0.9557 | 0.9596 | 0.9627 | 0.0197 | 0.9481 | 0.9445 | 0.9441
2332 | 08:21:48 |  12.6s | 1.0e-04 | 0.0167 | 0.9561 | 0.9608 | 0.9640 | 0.0203 | 0.9510 | 0.9384 | 0.9402
2333 | 08:22:12 |  12.7s | 1.0e-04 | 0.0170 | 0.9556 | 0.9586 | 0.9632 | 0.0198 | 0.9431 | 0.9465 | 0.9390
2334 | 08:22:36 |  24.3s | 1.0e-04 | 0.0159 | 0.9576 | 0.9619 | 0.9661 | 0.0192 | 0.9494 | 0.9438 | 0.9446
2335 | 08:23:11 |  13.1s | 1.0e-04 | 0.0161 | 0.9570 | 0.9607 | 0.9654 | 0.0201 | 0.9425 | 0.9477 | 0.9405
2336 | 08:23:35 |  12.7s | 1.0e-04 | 0.0165 | 0.9572 | 0.9608 | 0.9652 | 0.0198 | 0.9400 | 0.9570 | 0.9471
2337 | 08:24:01 |  12.5s | 1.0e-04 | 0.0160 | 0.9583 | 0.9614 | 0.9670 | 0.0186 | 0.9377 | 0.9519 | 0.9397
2338 | 08:24:24 |  12.8s | 1.0e-04 | 0.0163 | 0.9588 | 0.9608 | 0.9675 | 0.0191 | 0.9550 | 0.9422 | 0.9489
2339 | 08:24:48 |  12.7s | 1.0e-04 | 0.0158 | 0.9595 | 0.9614 | 0.9675 | 0.0199 | 0.9487 | 0.9433 | 0.9406
2340 | 08:25:12 |  12.4s | 1.0e-04 | 0.0161 | 0.9584 | 0.9619 | 0.9669 | 0.0192 | 0.9480 | 0.9452 | 0.9440
2341 | 08:25:36 |  12.5s | 1.0e-04 | 0.0158 | 0.9594 | 0.9613 | 0.9676 | 0.0191 | 0.9478 | 0.9428 | 0.9390
2342 | 08:26:01 |  12.6s | 1.0e-04 | 0.0159 | 0.9573 | 0.9626 | 0.9664 | 0.0189 | 0.9535 | 0.9449 | 0.9485
2343 | 08:26:26 |  12.7s | 1.0e-04 | 0.0158 | 0.9582 | 0.9613 | 0.9664 | 0.0198 | 0.9513 | 0.9450 | 0.9471
2344 | 08:26:50 |  12.8s | 1.0e-04 | 0.0160 | 0.9583 | 0.9623 | 0.9663 | 0.0198 | 0.9404 | 0.9476 | 0.9384
2345 | 08:27:14 |  12.7s | 1.0e-04 | 0.0164 | 0.9556 | 0.9601 | 0.9637 | 0.0200 | 0.9435 | 0.9524 | 0.9451
2346 | 08:27:38 |  13.0s | 1.0e-04 | 0.0156 | 0.9598 | 0.9612 | 0.9682 | 0.0201 | 0.9434 | 0.9481 | 0.9419
2347 | 08:28:03 |  12.6s | 1.0e-04 | 0.0161 | 0.9576 | 0.9617 | 0.9668 | 0.0189 | 0.9410 | 0.9483 | 0.9393
2348 | 08:28:29 |  12.6s | 1.0e-04 | 0.0158 | 0.9583 | 0.9601 | 0.9667 | 0.0201 | 0.9290 | 0.9509 | 0.9302
2349 | 08:28:53 |  12.8s | 1.0e-04 | 0.0159 | 0.9588 | 0.9622 | 0.9676 | 0.0189 | 0.9397 | 0.9501 | 0.9397
2350 | 08:29:17 |  12.4s | 1.0e-04 | 0.0162 | 0.9583 | 0.9612 | 0.9662 | 0.0195 | 0.9388 | 0.9447 | 0.9342
2351 | 08:29:41 |  12.6s | 1.0e-04 | 0.0156 | 0.9596 | 0.9632 | 0.9691 | 0.0207 | 0.9407 | 0.9393 | 0.9297
2352 | 08:30:05 |  12.5s | 1.0e-04 | 0.0152 | 0.9583 | 0.9635 | 0.9689 | 0.0202 | 0.9434 | 0.9402 | 0.9317
2353 | 08:30:28 |  12.5s | 1.0e-04 | 0.0156 | 0.9582 | 0.9617 | 0.9668 | 0.0195 | 0.9417 | 0.9542 | 0.9452
2354 | 08:30:54 |  12.3s | 1.0e-04 | 0.0157 | 0.9586 | 0.9621 | 0.9675 | 0.0194 | 0.9474 | 0.9392 | 0.9391
2355 | 08:31:19 |  22.2s | 1.0e-04 | 0.0158 | 0.9581 | 0.9608 | 0.9666 | 0.0191 | 0.9413 | 0.9538 | 0.9442
2356 | 08:31:54 |  12.3s | 1.0e-04 | 0.0161 | 0.9573 | 0.9593 | 0.9652 | 0.0181 | 0.9515 | 0.9463 | 0.9473
2357 | 08:32:18 |  12.7s | 1.0e-04 | 0.0160 | 0.9577 | 0.9608 | 0.9657 | 0.0190 | 0.9453 | 0.9530 | 0.9474
2358 | 08:32:41 |  13.1s | 1.0e-04 | 0.0156 | 0.9579 | 0.9615 | 0.9669 | 0.0205 | 0.9472 | 0.9402 | 0.9403
2359 | 08:33:06 |  12.9s | 1.0e-04 | 0.0155 | 0.9595 | 0.9601 | 0.9670 | 0.0200 | 0.9464 | 0.9463 | 0.9430
2360 | 08:33:29 |  12.7s | 1.0e-04 | 0.0156 | 0.9577 | 0.9617 | 0.9666 | 0.0186 | 0.9465 | 0.9435 | 0.9409
2361 | 08:33:55 |  12.5s | 1.0e-04 | 0.0156 | 0.9579 | 0.9609 | 0.9660 | 0.0195 | 0.9431 | 0.9508 | 0.9441
2362 | 08:34:21 |  12.6s | 1.0e-04 | 0.0156 | 0.9579 | 0.9606 | 0.9664 | 0.0201 | 0.9467 | 0.9435 | 0.9400
2363 | 08:34:44 |  12.7s | 1.0e-04 | 0.0153 | 0.9591 | 0.9611 | 0.9672 | 0.0200 | 0.9368 | 0.9522 | 0.9383
2364 | 08:35:08 |  12.8s | 1.0e-04 | 0.0162 | 0.9588 | 0.9606 | 0.9666 | 0.0197 | 0.9433 | 0.9456 | 0.9392
2365 | 08:35:32 |  13.0s | 1.0e-04 | 0.0161 | 0.9559 | 0.9580 | 0.9625 | 0.0202 | 0.9492 | 0.9399 | 0.9394
2366 | 08:35:57 |  12.6s | 1.0e-04 | 0.0163 | 0.9569 | 0.9596 | 0.9644 | 0.0203 | 0.9419 | 0.9483 | 0.9400
2367 | 08:36:23 |  12.6s | 1.0e-04 | 0.0158 | 0.9579 | 0.9613 | 0.9659 | 0.0195 | 0.9445 | 0.9497 | 0.9439
2368 | 08:36:48 |  12.7s | 1.0e-04 | 0.0157 | 0.9577 | 0.9617 | 0.9666 | 0.0189 | 0.9387 | 0.9491 | 0.9382
2369 | 08:37:12 |  12.9s | 1.0e-04 | 0.0159 | 0.9576 | 0.9610 | 0.9665 | 0.0202 | 0.9406 | 0.9440 | 0.9362
2370 | 08:37:35 |  13.0s | 1.0e-04 | 0.0163 | 0.9559 | 0.9606 | 0.9640 | 0.0192 | 0.9453 | 0.9447 | 0.9395
2371 | 08:38:00 |  22.5s | 1.0e-04 | 0.0157 | 0.9578 | 0.9616 | 0.9660 | 0.0194 | 0.9375 | 0.9548 | 0.9410
2372 | 08:38:33 |  12.6s | 1.0e-04 | 0.0164 | 0.9573 | 0.9589 | 0.9637 | 0.0198 | 0.9408 | 0.9543 | 0.9448
2373 | 08:38:57 |  12.5s | 1.0e-04 | 0.0165 | 0.9564 | 0.9582 | 0.9628 | 0.0190 | 0.9498 | 0.9398 | 0.9401
2374 | 08:39:22 |  12.2s | 1.0e-04 | 0.0164 | 0.9577 | 0.9594 | 0.9652 | 0.0200 | 0.9404 | 0.9526 | 0.9431
2375 | 08:39:45 |  12.7s | 1.0e-04 | 0.0162 | 0.9565 | 0.9614 | 0.9650 | 0.0202 | 0.9404 | 0.9487 | 0.9393
2376 | 08:40:12 |  13.7s | 1.0e-04 | 0.0163 | 0.9570 | 0.9626 | 0.9666 | 0.0212 | 0.9445 | 0.9399 | 0.9355
2377 | 08:40:37 |  12.0s | 1.0e-04 | 0.0160 | 0.9586 | 0.9616 | 0.9675 | 0.0199 | 0.9466 | 0.9339 | 0.9309
2378 | 08:41:00 |  12.2s | 1.0e-04 | 0.0162 | 0.9583 | 0.9597 | 0.9655 | 0.0188 | 0.9405 | 0.9534 | 0.9435
2379 | 08:41:24 |  12.4s | 1.0e-04 | 0.0161 | 0.9581 | 0.9616 | 0.9674 | 0.0208 | 0.9441 | 0.9439 | 0.9362
2380 | 08:41:48 |  12.7s | 1.0e-04 | 0.0164 | 0.9569 | 0.9613 | 0.9654 | 0.0195 | 0.9417 | 0.9469 | 0.9386
2381 | 08:42:15 |  12.1s | 1.0e-04 | 0.0159 | 0.9576 | 0.9634 | 0.9666 | 0.0208 | 0.9413 | 0.9460 | 0.9374
2382 | 08:42:38 |  12.3s | 1.0e-04 | 0.0162 | 0.9590 | 0.9620 | 0.9680 | 0.0193 | 0.9417 | 0.9503 | 0.9417
2383 | 08:43:01 |  12.4s | 1.0e-04 | 0.0156 | 0.9573 | 0.9625 | 0.9667 | 0.0200 | 0.9503 | 0.9407 | 0.9412
2384 | 08:43:25 |  12.3s | 1.0e-04 | 0.0158 | 0.9599 | 0.9629 | 0.9688 | 0.0204 | 0.9445 | 0.9459 | 0.9411
2385 | 08:43:49 |  12.0s | 1.0e-04 | 0.0161 | 0.9581 | 0.9606 | 0.9663 | 0.0193 | 0.9447 | 0.9480 | 0.9435
2386 | 08:44:15 |  11.9s | 1.0e-04 | 0.0158 | 0.9584 | 0.9636 | 0.9676 | 0.0199 | 0.9449 | 0.9429 | 0.9378
2387 | 08:44:40 |  11.9s | 1.0e-04 | 0.0163 | 0.9582 | 0.9619 | 0.9673 | 0.0202 | 0.9438 | 0.9411 | 0.9359
2388 | 08:45:03 |  12.3s | 1.0e-04 | 0.0161 | 0.9577 | 0.9608 | 0.9658 | 0.0195 | 0.9385 | 0.9510 | 0.9393
2389 | 08:45:26 |  12.6s | 1.0e-04 | 0.0157 | 0.9591 | 0.9623 | 0.9682 | 0.0198 | 0.9426 | 0.9474 | 0.9400
2390 | 08:45:51 |  12.1s | 1.0e-04 | 0.0156 | 0.9596 | 0.9605 | 0.9673 | 0.0208 | 0.9391 | 0.9479 | 0.9374
2391 | 08:46:15 |  12.0s | 1.0e-04 | 0.0159 | 0.9598 | 0.9623 | 0.9683 | 0.0205 | 0.9351 | 0.9553 | 0.9413
2392 | 08:46:40 |  21.2s | 1.0e-04 | 0.0157 | 0.9590 | 0.9629 | 0.9686 | 0.0203 | 0.9437 | 0.9447 | 0.9377
2393 | 08:47:15 |  12.0s | 1.0e-04 | 0.0160 | 0.9584 | 0.9606 | 0.9663 | 0.0194 | 0.9444 | 0.9485 | 0.9427
2394 | 08:47:38 |  12.1s | 1.0e-04 | 0.0167 | 0.9565 | 0.9599 | 0.9645 | 0.0200 | 0.9445 | 0.9363 | 0.9342
2395 | 08:48:02 |  12.4s | 1.0e-04 | 0.0164 | 0.9577 | 0.9613 | 0.9659 | 0.0203 | 0.9500 | 0.9414 | 0.9431
2396 | 08:48:25 |  24.4s | 1.0e-04 | 0.0167 | 0.9566 | 0.9585 | 0.9632 | 0.0183 | 0.9445 | 0.9478 | 0.9426
2397 | 08:49:00 |  12.8s | 1.0e-04 | 0.0164 | 0.9564 | 0.9582 | 0.9637 | 0.0215 | 0.9434 | 0.9387 | 0.9337
2398 | 08:49:24 |  12.5s | 1.0e-04 | 0.0163 | 0.9560 | 0.9586 | 0.9621 | 0.0209 | 0.9343 | 0.9523 | 0.9366
2399 | 08:49:49 |  12.9s | 1.0e-04 | 0.0157 | 0.9565 | 0.9589 | 0.9634 | 0.0203 | 0.9403 | 0.9469 | 0.9374
2400 | 08:50:16 |  12.4s | 1.0e-04 | 0.0162 | 0.9553 | 0.9590 | 0.9620 | 0.0189 | 0.9460 | 0.9465 | 0.9429
2401 | 08:50:39 |  12.9s | 1.0e-04 | 0.0158 | 0.9562 | 0.9603 | 0.9650 | 0.0193 | 0.9434 | 0.9489 | 0.9427
2402 | 08:51:04 |  12.6s | 1.0e-04 | 0.0162 | 0.9571 | 0.9585 | 0.9645 | 0.0204 | 0.9367 | 0.9501 | 0.9369
2403 | 08:51:30 |  12.7s | 1.0e-04 | 0.0161 | 0.9564 | 0.9610 | 0.9641 | 0.0196 | 0.9428 | 0.9482 | 0.9422
2404 | 08:51:54 |  12.8s | 1.0e-04 | 0.0160 | 0.9559 | 0.9599 | 0.9631 | 0.0192 | 0.9421 | 0.9483 | 0.9397
2405 | 08:52:18 |  12.7s | 1.0e-04 | 0.0161 | 0.9559 | 0.9595 | 0.9636 | 0.0185 | 0.9421 | 0.9490 | 0.9412
2406 | 08:52:42 |  12.5s | 1.0e-04 | 0.0158 | 0.9574 | 0.9599 | 0.9656 | 0.0186 | 0.9350 | 0.9567 | 0.9407
2407 | 08:53:08 |  12.6s | 1.0e-04 | 0.0158 | 0.9576 | 0.9599 | 0.9649 | 0.0195 | 0.9397 | 0.9527 | 0.9429
2408 | 08:53:34 |  12.6s | 1.0e-04 | 0.0157 | 0.9581 | 0.9612 | 0.9663 | 0.0194 | 0.9384 | 0.9475 | 0.9355
2409 | 08:53:59 |  12.5s | 1.0e-04 | 0.0159 | 0.9578 | 0.9577 | 0.9632 | 0.0190 | 0.9489 | 0.9454 | 0.9451
2410 | 08:54:23 |  13.2s | 1.0e-04 | 0.0164 | 0.9569 | 0.9592 | 0.9633 | 0.0186 | 0.9495 | 0.9414 | 0.9400
2411 | 08:54:48 |  12.9s | 1.0e-04 | 0.0163 | 0.9567 | 0.9579 | 0.9635 | 0.0183 | 0.9486 | 0.9442 | 0.9431
2412 | 08:55:12 |  12.7s | 1.0e-04 | 0.0160 | 0.9566 | 0.9602 | 0.9644 | 0.0199 | 0.9425 | 0.9470 | 0.9392
2413 | 08:55:38 |  22.3s | 1.0e-04 | 0.0159 | 0.9581 | 0.9600 | 0.9660 | 0.0204 | 0.9442 | 0.9439 | 0.9386
2414 | 08:56:11 |  13.6s | 1.0e-04 | 0.0153 | 0.9589 | 0.9608 | 0.9664 | 0.0202 | 0.9415 | 0.9521 | 0.9437
2415 | 08:56:37 |  13.1s | 1.0e-04 | 0.0154 | 0.9574 | 0.9608 | 0.9648 | 0.0199 | 0.9423 | 0.9491 | 0.9411
2416 | 08:57:05 |  12.9s | 1.0e-04 | 0.0157 | 0.9573 | 0.9603 | 0.9647 | 0.0203 | 0.9433 | 0.9434 | 0.9359
2417 | 08:57:32 |  24.7s | 1.0e-04 | 0.0156 | 0.9576 | 0.9619 | 0.9666 | 0.0199 | 0.9488 | 0.9421 | 0.9403
2418 | 08:58:08 |  12.7s | 1.0e-04 | 0.0164 | 0.9561 | 0.9584 | 0.9634 | 0.0201 | 0.9432 | 0.9503 | 0.9434
2419 | 08:58:35 |  12.7s | 1.0e-04 | 0.0162 | 0.9563 | 0.9608 | 0.9645 | 0.0197 | 0.9408 | 0.9488 | 0.9399
2420 | 08:59:01 |  12.8s | 1.0e-04 | 0.0157 | 0.9563 | 0.9618 | 0.9649 | 0.0182 | 0.9453 | 0.9502 | 0.9457
2421 | 08:59:25 |  13.0s | 1.0e-04 | 0.0160 | 0.9566 | 0.9606 | 0.9644 | 0.0202 | 0.9454 | 0.9441 | 0.9396
2422 | 08:59:49 |  12.9s | 1.0e-04 | 0.0159 | 0.9571 | 0.9590 | 0.9632 | 0.0194 | 0.9445 | 0.9459 | 0.9411
2423 | 09:00:14 |  12.9s | 1.0e-04 | 0.0160 | 0.9567 | 0.9607 | 0.9648 | 0.0196 | 0.9395 | 0.9495 | 0.9393
2424 | 09:00:38 |  12.7s | 1.0e-04 | 0.0161 | 0.9562 | 0.9597 | 0.9639 | 0.0199 | 0.9422 | 0.9459 | 0.9380
2425 | 09:01:02 |  12.9s | 1.0e-04 | 0.0161 | 0.9569 | 0.9604 | 0.9644 | 0.0197 | 0.9368 | 0.9524 | 0.9399
2426 | 09:01:27 |  13.0s | 1.0e-04 | 0.0153 | 0.9584 | 0.9610 | 0.9669 | 0.0188 | 0.9476 | 0.9460 | 0.9426
2427 | 09:01:53 |  12.8s | 1.0e-04 | 0.0155 | 0.9581 | 0.9601 | 0.9656 | 0.0200 | 0.9428 | 0.9411 | 0.9354
2428 | 09:02:19 |  12.8s | 1.0e-04 | 0.0156 | 0.9588 | 0.9611 | 0.9673 | 0.0191 | 0.9475 | 0.9404 | 0.9391
2429 | 09:02:43 |  12.9s | 1.0e-04 | 0.0162 | 0.9572 | 0.9592 | 0.9643 | 0.0193 | 0.9445 | 0.9456 | 0.9392
2430 | 09:03:07 |  13.3s | 1.0e-04 | 0.0156 | 0.9586 | 0.9605 | 0.9667 | 0.0196 | 0.9409 | 0.9481 | 0.9393
2431 | 09:03:34 |  13.1s | 1.0e-04 | 0.0159 | 0.9570 | 0.9595 | 0.9641 | 0.0208 | 0.9496 | 0.9432 | 0.9443
2432 | 09:03:59 |  12.7s | 1.0e-04 | 0.0157 | 0.9591 | 0.9590 | 0.9662 | 0.0195 | 0.9482 | 0.9458 | 0.9451
2433 | 09:04:26 |  12.9s | 1.0e-04 | 0.0159 | 0.9577 | 0.9597 | 0.9652 | 0.0201 | 0.9446 | 0.9405 | 0.9364
2434 | 09:04:52 |  22.1s | 1.0e-04 | 0.0159 | 0.9566 | 0.9619 | 0.9651 | 0.0193 | 0.9458 | 0.9469 | 0.9439
2435 | 09:05:28 |  12.5s | 1.0e-04 | 0.0161 | 0.9568 | 0.9610 | 0.9650 | 0.0194 | 0.9379 | 0.9573 | 0.9454
2436 | 09:05:53 |  12.5s | 1.0e-04 | 0.0160 | 0.9582 | 0.9623 | 0.9680 | 0.0198 | 0.9417 | 0.9504 | 0.9419
2437 | 09:06:17 |  12.9s | 1.0e-04 | 0.0164 | 0.9584 | 0.9614 | 0.9669 | 0.0187 | 0.9421 | 0.9517 | 0.9453
2438 | 09:06:42 |  24.4s | 1.0e-04 | 0.0164 | 0.9571 | 0.9609 | 0.9650 | 0.0200 | 0.9413 | 0.9494 | 0.9407
2439 | 09:07:17 |  12.7s | 1.0e-04 | 0.0166 | 0.9580 | 0.9641 | 0.9676 | 0.0200 | 0.9462 | 0.9410 | 0.9346
2440 | 09:07:42 |  12.6s | 1.0e-04 | 0.0164 | 0.9590 | 0.9645 | 0.9694 | 0.0205 | 0.9365 | 0.9497 | 0.9364
2441 | 09:08:06 |  12.8s | 1.0e-04 | 0.0161 | 0.9595 | 0.9631 | 0.9693 | 0.0195 | 0.9454 | 0.9407 | 0.9388
2442 | 09:08:32 |  12.1s | 1.0e-04 | 0.0167 | 0.9584 | 0.9604 | 0.9661 | 0.0210 | 0.9422 | 0.9442 | 0.9361
2443 | 09:08:55 |  12.4s | 1.0e-04 | 0.0167 | 0.9580 | 0.9627 | 0.9665 | 0.0202 | 0.9446 | 0.9422 | 0.9383
2444 | 09:09:19 |  12.4s | 1.0e-04 | 0.0164 | 0.9586 | 0.9614 | 0.9673 | 0.0192 | 0.9487 | 0.9459 | 0.9441
2445 | 09:09:43 |  12.4s | 1.0e-04 | 0.0163 | 0.9592 | 0.9630 | 0.9686 | 0.0188 | 0.9440 | 0.9503 | 0.9446
2446 | 09:10:07 |  12.3s | 1.0e-04 | 0.0161 | 0.9592 | 0.9627 | 0.9684 | 0.0194 | 0.9495 | 0.9421 | 0.9410
2447 | 09:10:32 |  12.3s | 1.0e-04 | 0.0166 | 0.9595 | 0.9614 | 0.9680 | 0.0204 | 0.9460 | 0.9436 | 0.9390
2448 | 09:10:58 |  12.4s | 1.0e-04 | 0.0169 | 0.9576 | 0.9616 | 0.9668 | 0.0198 | 0.9431 | 0.9491 | 0.9421
2449 | 09:11:22 |  12.4s | 1.0e-04 | 0.0162 | 0.9591 | 0.9617 | 0.9684 | 0.0194 | 0.9415 | 0.9495 | 0.9409
2450 | 09:11:46 |  12.4s | 1.0e-04 | 0.0162 | 0.9596 | 0.9620 | 0.9682 | 0.0202 | 0.9478 | 0.9396 | 0.9383
2451 | 09:12:11 |  12.3s | 1.0e-04 | 0.0167 | 0.9589 | 0.9625 | 0.9678 | 0.0195 | 0.9381 | 0.9539 | 0.9418
2452 | 09:12:39 |  12.4s | 1.0e-04 | 0.0160 | 0.9603 | 0.9630 | 0.9697 | 0.0194 | 0.9474 | 0.9499 | 0.9474
2453 | 09:13:03 |  12.7s | 1.0e-04 | 0.0166 | 0.9590 | 0.9624 | 0.9677 | 0.0201 | 0.9459 | 0.9456 | 0.9407
2454 | 09:13:27 |  12.5s | 1.0e-04 | 0.0168 | 0.9579 | 0.9604 | 0.9656 | 0.0192 | 0.9433 | 0.9500 | 0.9433
2455 | 09:13:51 |  20.8s | 1.0e-04 | 0.0165 | 0.9593 | 0.9629 | 0.9684 | 0.0196 | 0.9494 | 0.9456 | 0.9440
2456 | 09:14:23 |  13.1s | 1.0e-04 | 0.0162 | 0.9591 | 0.9629 | 0.9677 | 0.0190 | 0.9469 | 0.9478 | 0.9443
2457 | 09:14:49 |  12.4s | 1.0e-04 | 0.0165 | 0.9576 | 0.9616 | 0.9667 | 0.0196 | 0.9440 | 0.9471 | 0.9404
2458 | 09:15:15 |  12.2s | 1.0e-04 | 0.0160 | 0.9592 | 0.9635 | 0.9690 | 0.0208 | 0.9399 | 0.9437 | 0.9307
2459 | 09:15:40 |  23.2s | 1.0e-04 | 0.0156 | 0.9599 | 0.9617 | 0.9689 | 0.0190 | 0.9416 | 0.9467 | 0.9386
2460 | 09:16:17 |  12.4s | 1.0e-04 | 0.0166 | 0.9563 | 0.9606 | 0.9647 | 0.0195 | 0.9397 | 0.9472 | 0.9368
2461 | 09:16:41 |  12.6s | 1.0e-04 | 0.0164 | 0.9561 | 0.9599 | 0.9638 | 0.0204 | 0.9432 | 0.9444 | 0.9377
2462 | 09:17:05 |  12.6s | 1.0e-04 | 0.0166 | 0.9558 | 0.9588 | 0.9635 | 0.0194 | 0.9512 | 0.9430 | 0.9435
2463 | 09:17:29 |  12.8s | 1.0e-04 | 0.0161 | 0.9585 | 0.9603 | 0.9662 | 0.0191 | 0.9407 | 0.9572 | 0.9473
2464 | 09:17:54 |  12.3s | 1.0e-04 | 0.0163 | 0.9564 | 0.9609 | 0.9645 | 0.0198 | 0.9431 | 0.9515 | 0.9445
2465 | 09:18:20 |  12.3s | 1.0e-04 | 0.0166 | 0.9569 | 0.9606 | 0.9656 | 0.0194 | 0.9474 | 0.9484 | 0.9455
2466 | 09:18:44 |  12.7s | 1.0e-04 | 0.0162 | 0.9576 | 0.9610 | 0.9661 | 0.0193 | 0.9446 | 0.9485 | 0.9430
2467 | 09:19:09 |  12.9s | 1.0e-04 | 0.0165 | 0.9582 | 0.9603 | 0.9660 | 0.0190 | 0.9517 | 0.9492 | 0.9509
2468 | 09:19:33 |  12.6s | 1.0e-04 | 0.0160 | 0.9580 | 0.9594 | 0.9650 | 0.0196 | 0.9454 | 0.9406 | 0.9383
2469 | 09:19:58 |  12.8s | 1.0e-04 | 0.0161 | 0.9572 | 0.9598 | 0.9646 | 0.0188 | 0.9494 | 0.9430 | 0.9428
2470 | 09:20:25 |  12.7s | 1.0e-04 | 0.0163 | 0.9576 | 0.9612 | 0.9657 | 0.0197 | 0.9416 | 0.9502 | 0.9417
2471 | 09:20:50 |  12.7s | 1.0e-04 | 0.0161 | 0.9585 | 0.9612 | 0.9671 | 0.0210 | 0.9364 | 0.9475 | 0.9333
2472 | 09:21:15 |  12.8s | 1.0e-04 | 0.0164 | 0.9589 | 0.9616 | 0.9665 | 0.0195 | 0.9520 | 0.9420 | 0.9445
2473 | 09:21:39 |  12.8s | 1.0e-04 | 0.0161 | 0.9580 | 0.9602 | 0.9651 | 0.0193 | 0.9455 | 0.9471 | 0.9419
2474 | 09:22:03 |  12.5s | 1.0e-04 | 0.0164 | 0.9580 | 0.9611 | 0.9668 | 0.0189 | 0.9411 | 0.9500 | 0.9411
2475 | 09:22:30 |  12.6s | 1.0e-04 | 0.0164 | 0.9564 | 0.9608 | 0.9647 | 0.0197 | 0.9475 | 0.9435 | 0.9416
2476 | 09:22:54 |  12.7s | 1.0e-04 | 0.0169 | 0.9568 | 0.9596 | 0.9637 | 0.0188 | 0.9443 | 0.9518 | 0.9456
2477 | 09:23:18 |  12.6s | 1.0e-04 | 0.0172 | 0.9561 | 0.9576 | 0.9622 | 0.0189 | 0.9421 | 0.9466 | 0.9390
2478 | 09:23:43 |  13.0s | 1.0e-04 | 0.0173 | 0.9558 | 0.9581 | 0.9615 | 0.0178 | 0.9420 | 0.9502 | 0.9422
2479 | 09:24:07 |  12.7s | 1.0e-04 | 0.0175 | 0.9532 | 0.9585 | 0.9594 | 0.0201 | 0.9370 | 0.9500 | 0.9373
2480 | 09:24:32 |  25.1s | 1.0e-04 | 0.0163 | 0.9585 | 0.9595 | 0.9662 | 0.0192 | 0.9499 | 0.9499 | 0.9499
2481 | 09:25:09 |  12.8s | 1.0e-04 | 0.0167 | 0.9567 | 0.9598 | 0.9643 | 0.0197 | 0.9468 | 0.9441 | 0.9415
2482 | 09:25:33 |  13.0s | 1.0e-04 | 0.0162 | 0.9563 | 0.9597 | 0.9634 | 0.0199 | 0.9433 | 0.9435 | 0.9364
2483 | 09:25:58 |  12.5s | 1.0e-04 | 0.0164 | 0.9575 | 0.9608 | 0.9660 | 0.0206 | 0.9392 | 0.9476 | 0.9369
2484 | 09:26:24 |  13.1s | 1.0e-04 | 0.0161 | 0.9568 | 0.9612 | 0.9657 | 0.0201 | 0.9477 | 0.9350 | 0.9360
2485 | 09:26:50 |  12.7s | 1.0e-04 | 0.0170 | 0.9565 | 0.9585 | 0.9637 | 0.0197 | 0.9436 | 0.9478 | 0.9412
2486 | 09:27:15 |  12.8s | 1.0e-04 | 0.0166 | 0.9561 | 0.9610 | 0.9644 | 0.0190 | 0.9433 | 0.9442 | 0.9367
2487 | 09:27:39 |  13.0s | 1.0e-04 | 0.0167 | 0.9565 | 0.9603 | 0.9650 | 0.0194 | 0.9451 | 0.9451 | 0.9405
2488 | 09:28:04 |  13.0s | 1.0e-04 | 0.0162 | 0.9570 | 0.9585 | 0.9641 | 0.0192 | 0.9456 | 0.9410 | 0.9367
2489 | 09:28:29 |  12.6s | 1.0e-04 | 0.0164 | 0.9573 | 0.9603 | 0.9646 | 0.0203 | 0.9397 | 0.9444 | 0.9342
2490 | 09:28:56 |  12.6s | 1.0e-04 | 0.0164 | 0.9573 | 0.9601 | 0.9655 | 0.0200 | 0.9432 | 0.9497 | 0.9430
2491 | 09:29:21 |  12.7s | 1.0e-04 | 0.0167 | 0.9577 | 0.9585 | 0.9645 | 0.0185 | 0.9470 | 0.9490 | 0.9461
2492 | 09:29:46 |  12.8s | 1.0e-04 | 0.0165 | 0.9573 | 0.9581 | 0.9632 | 0.0200 | 0.9453 | 0.9491 | 0.9445
2493 | 09:30:10 |  12.9s | 1.0e-04 | 0.0167 | 0.9548 | 0.9587 | 0.9620 | 0.0199 | 0.9451 | 0.9500 | 0.9451
2494 | 09:30:34 |  12.6s | 1.0e-04 | 0.0162 | 0.9573 | 0.9601 | 0.9646 | 0.0207 | 0.9490 | 0.9369 | 0.9363
2495 | 09:30:59 |  12.8s | 1.0e-04 | 0.0166 | 0.9576 | 0.9588 | 0.9644 | 0.0190 | 0.9456 | 0.9494 | 0.9445
2496 | 09:31:26 |  22.8s | 1.0e-04 | 0.0160 | 0.9603 | 0.9606 | 0.9675 | 0.0196 | 0.9375 | 0.9534 | 0.9417
2497 | 09:32:02 |  12.7s | 1.0e-04 | 0.0151 | 0.9576 | 0.9615 | 0.9669 | 0.0200 | 0.9417 | 0.9480 | 0.9399
2498 | 09:32:28 |  12.7s | 1.0e-04 | 0.0156 | 0.9584 | 0.9601 | 0.9668 | 0.0194 | 0.9460 | 0.9471 | 0.9436
2499 | 09:32:53 |  12.8s | 1.0e-04 | 0.0162 | 0.9580 | 0.9597 | 0.9654 | 0.0207 | 0.9418 | 0.9461 | 0.9373
2500 | 09:33:17 |  12.9s | 1.0e-04 | 0.0156 | 0.9589 | 0.9610 | 0.9674 | 0.0198 | 0.9422 | 0.9495 | 0.9414
2501 | 09:33:44 |  12.1s | 1.0e-04 | 0.0150 | 0.9584 | 0.9629 | 0.9673 | 0.0202 | 0.9412 | 0.9454 | 0.9367
2502 | 09:34:09 |  12.5s | 1.0e-04 | 0.0153 | 0.9585 | 0.9617 | 0.9684 | 0.0199 | 0.9442 | 0.9442 | 0.9395
2503 | 09:34:33 |  12.3s | 1.0e-04 | 0.0151 | 0.9617 | 0.9618 | 0.9701 | 0.0195 | 0.9483 | 0.9420 | 0.9411
2504 | 09:34:59 |  12.3s | 1.0e-04 | 0.0151 | 0.9600 | 0.9607 | 0.9676 | 0.0199 | 0.9473 | 0.9391 | 0.9409
2505 | 09:35:22 |  12.4s | 1.0e-04 | 0.0149 | 0.9615 | 0.9618 | 0.9698 | 0.0184 | 0.9445 | 0.9500 | 0.9445
2506 | 09:35:46 |  12.6s | 1.0e-04 | 0.0149 | 0.9595 | 0.9626 | 0.9697 | 0.0192 | 0.9435 | 0.9534 | 0.9478
2507 | 09:36:10 |  12.4s | 1.0e-04 | 0.0152 | 0.9597 | 0.9618 | 0.9685 | 0.0188 | 0.9448 | 0.9512 | 0.9464
2508 | 09:36:34 |  12.2s | 1.0e-04 | 0.0152 | 0.9600 | 0.9627 | 0.9691 | 0.0195 | 0.9469 | 0.9430 | 0.9375
2509 | 09:36:59 |  12.2s | 1.0e-04 | 0.0150 | 0.9604 | 0.9613 | 0.9685 | 0.0198 | 0.9471 | 0.9455 | 0.9436
2510 | 09:37:24 |  12.6s | 1.0e-04 | 0.0155 | 0.9593 | 0.9620 | 0.9690 | 0.0200 | 0.9436 | 0.9446 | 0.9399
2511 | 09:37:49 |  12.6s | 1.0e-04 | 0.0151 | 0.9595 | 0.9626 | 0.9687 | 0.0200 | 0.9519 | 0.9346 | 0.9373
2512 | 09:38:13 |  12.8s | 1.0e-04 | 0.0156 | 0.9580 | 0.9630 | 0.9673 | 0.0201 | 0.9456 | 0.9423 | 0.9382
2513 | 09:38:37 |  12.6s | 1.0e-04 | 0.0156 | 0.9575 | 0.9617 | 0.9663 | 0.0202 | 0.9339 | 0.9500 | 0.9338
2514 | 09:39:02 |  12.3s | 1.0e-04 | 0.0152 | 0.9593 | 0.9618 | 0.9678 | 0.0198 | 0.9447 | 0.9438 | 0.9398
2515 | 09:39:28 |  12.6s | 1.0e-04 | 0.0161 | 0.9566 | 0.9624 | 0.9656 | 0.0198 | 0.9382 | 0.9427 | 0.9316
2516 | 09:39:54 |  12.8s | 1.0e-04 | 0.0154 | 0.9602 | 0.9625 | 0.9690 | 0.0200 | 0.9430 | 0.9501 | 0.9431
2517 | 09:40:18 |  22.0s | 1.0e-04 | 0.0152 | 0.9590 | 0.9625 | 0.9682 | 0.0199 | 0.9445 | 0.9459 | 0.9400
2518 | 09:40:52 |  12.7s | 1.0e-04 | 0.0154 | 0.9597 | 0.9638 | 0.9690 | 0.0204 | 0.9436 | 0.9455 | 0.9393
2519 | 09:41:16 |  13.0s | 1.0e-04 | 0.0155 | 0.9579 | 0.9634 | 0.9678 | 0.0189 | 0.9434 | 0.9461 | 0.9379
2520 | 09:41:40 |  12.7s | 1.0e-04 | 0.0153 | 0.9602 | 0.9637 | 0.9702 | 0.0205 | 0.9393 | 0.9458 | 0.9362
2521 | 09:42:04 |  25.7s | 1.0e-04 | 0.0153 | 0.9589 | 0.9642 | 0.9692 | 0.0202 | 0.9415 | 0.9444 | 0.9346
2522 | 09:42:41 |  12.6s | 1.0e-04 | 0.0150 | 0.9591 | 0.9633 | 0.9690 | 0.0183 | 0.9455 | 0.9483 | 0.9440
2523 | 09:43:05 |  12.7s | 1.0e-04 | 0.0147 | 0.9610 | 0.9643 | 0.9710 | 0.0198 | 0.9494 | 0.9465 | 0.9463
2524 | 09:43:31 |  12.3s | 1.0e-04 | 0.0146 | 0.9611 | 0.9653 | 0.9712 | 0.0204 | 0.9481 | 0.9345 | 0.9317
2525 | 09:43:57 |  12.3s | 1.0e-04 | 0.0150 | 0.9585 | 0.9629 | 0.9673 | 0.0197 | 0.9374 | 0.9555 | 0.9436
2526 | 09:44:21 |  12.6s | 1.0e-04 | 0.0148 | 0.9606 | 0.9635 | 0.9698 | 0.0193 | 0.9409 | 0.9463 | 0.9364
2527 | 09:44:45 |  12.4s | 1.0e-04 | 0.0148 | 0.9608 | 0.9637 | 0.9705 | 0.0190 | 0.9460 | 0.9486 | 0.9448
2528 | 09:45:11 |  12.5s | 1.0e-04 | 0.0150 | 0.9588 | 0.9628 | 0.9676 | 0.0193 | 0.9522 | 0.9369 | 0.9406
2529 | 09:45:35 |  12.9s | 1.0e-04 | 0.0153 | 0.9578 | 0.9624 | 0.9677 | 0.0197 | 0.9394 | 0.9531 | 0.9427
2530 | 09:45:59 |  12.7s | 1.0e-04 | 0.0151 | 0.9595 | 0.9628 | 0.9692 | 0.0202 | 0.9330 | 0.9524 | 0.9368
2531 | 09:46:23 |  12.5s | 1.0e-04 | 0.0146 | 0.9612 | 0.9640 | 0.9708 | 0.0197 | 0.9433 | 0.9508 | 0.9442
2532 | 09:46:49 |  12.4s | 1.0e-04 | 0.0149 | 0.9605 | 0.9631 | 0.9704 | 0.0195 | 0.9397 | 0.9464 | 0.9360
2533 | 09:47:15 |  12.5s | 1.0e-04 | 0.0149 | 0.9599 | 0.9636 | 0.9700 | 0.0194 | 0.9440 | 0.9441 | 0.9405
2534 | 09:47:39 |  12.6s | 1.0e-04 | 0.0149 | 0.9609 | 0.9630 | 0.9697 | 0.0199 | 0.9402 | 0.9502 | 0.9403
2535 | 09:48:03 |  12.4s | 1.0e-04 | 0.0144 | 0.9596 | 0.9636 | 0.9700 | 0.0197 | 0.9439 | 0.9405 | 0.9355
2536 | 09:48:27 |  12.5s | 1.0e-04 | 0.0149 | 0.9607 | 0.9642 | 0.9707 | 0.0186 | 0.9479 | 0.9518 | 0.9497
2537 | 09:48:51 |  12.2s | 1.0e-04 | 0.0150 | 0.9591 | 0.9617 | 0.9686 | 0.0198 | 0.9392 | 0.9527 | 0.9418
2538 | 09:49:17 |  21.6s | 1.0e-04 | 0.0152 | 0.9588 | 0.9636 | 0.9688 | 0.0194 | 0.9377 | 0.9499 | 0.9370
2539 | 09:49:51 |  12.2s | 1.0e-04 | 0.0155 | 0.9592 | 0.9605 | 0.9667 | 0.0197 | 0.9408 | 0.9527 | 0.9442
2540 | 09:50:17 |  12.1s | 1.0e-04 | 0.0157 | 0.9575 | 0.9623 | 0.9659 | 0.0195 | 0.9455 | 0.9462 | 0.9415
2541 | 09:50:42 |  12.7s | 1.0e-04 | 0.0154 | 0.9578 | 0.9632 | 0.9672 | 0.0202 | 0.9409 | 0.9418 | 0.9322
2542 | 09:51:06 |  24.6s | 1.0e-04 | 0.0160 | 0.9587 | 0.9617 | 0.9680 | 0.0198 | 0.9455 | 0.9490 | 0.9451
2543 | 09:51:41 |  12.1s | 1.0e-04 | 0.0160 | 0.9576 | 0.9597 | 0.9652 | 0.0200 | 0.9467 | 0.9335 | 0.9348
2544 | 09:52:05 |  12.4s | 1.0e-04 | 0.0159 | 0.9590 | 0.9619 | 0.9676 | 0.0190 | 0.9407 | 0.9474 | 0.9387
2545 | 09:52:28 |  12.2s | 1.0e-04 | 0.0162 | 0.9577 | 0.9615 | 0.9658 | 0.0202 | 0.9444 | 0.9450 | 0.9393
2546 | 09:52:52 |  12.0s | 1.0e-04 | 0.0160 | 0.9572 | 0.9622 | 0.9669 | 0.0190 | 0.9465 | 0.9438 | 0.9410
2547 | 09:53:18 |  12.4s | 1.0e-04 | 0.0158 | 0.9596 | 0.9621 | 0.9684 | 0.0187 | 0.9461 | 0.9518 | 0.9483
2548 | 09:53:43 |  12.3s | 1.0e-04 | 0.0159 | 0.9583 | 0.9613 | 0.9668 | 0.0184 | 0.9398 | 0.9540 | 0.9430
2549 | 09:54:07 |  12.4s | 1.0e-04 | 0.0158 | 0.9584 | 0.9614 | 0.9675 | 0.0204 | 0.9401 | 0.9444 | 0.9342
2550 | 09:54:31 |  12.2s | 1.0e-04 | 0.0160 | 0.9577 | 0.9603 | 0.9664 | 0.0194 | 0.9472 | 0.9451 | 0.9438
2551 | 09:54:54 |  12.1s | 1.0e-04 | 0.0157 | 0.9606 | 0.9615 | 0.9689 | 0.0195 | 0.9453 | 0.9455 | 0.9416
2552 | 09:55:19 |  11.8s | 1.0e-04 | 0.0157 | 0.9592 | 0.9609 | 0.9673 | 0.0202 | 0.9406 | 0.9493 | 0.9396
2553 | 09:55:42 |  12.4s | 1.0e-04 | 0.0158 | 0.9607 | 0.9612 | 0.9685 | 0.0195 | 0.9458 | 0.9478 | 0.9447
2554 | 09:56:06 |  12.1s | 1.0e-04 | 0.0164 | 0.9586 | 0.9608 | 0.9670 | 0.0193 | 0.9510 | 0.9401 | 0.9422
2555 | 09:56:31 |  12.1s | 1.0e-04 | 0.0161 | 0.9589 | 0.9622 | 0.9674 | 0.0199 | 0.9459 | 0.9458 | 0.9419
2556 | 09:56:54 |  12.2s | 1.0e-04 | 0.0159 | 0.9588 | 0.9617 | 0.9668 | 0.0191 | 0.9429 | 0.9531 | 0.9461
2557 | 09:57:18 |  12.4s | 1.0e-04 | 0.0162 | 0.9579 | 0.9609 | 0.9659 | 0.0188 | 0.9440 | 0.9566 | 0.9498
2558 | 09:57:41 |  12.2s | 1.0e-04 | 0.0166 | 0.9568 | 0.9616 | 0.9651 | 0.0198 | 0.9493 | 0.9440 | 0.9427
2559 | 09:58:07 |  21.5s | 1.0e-04 | 0.0161 | 0.9571 | 0.9618 | 0.9667 | 0.0207 | 0.9464 | 0.9405 | 0.9380
2560 | 09:58:40 |  12.0s | 1.0e-04 | 0.0157 | 0.9576 | 0.9599 | 0.9649 | 0.0196 | 0.9423 | 0.9563 | 0.9489
2561 | 09:59:06 |  12.0s | 1.0e-04 | 0.0157 | 0.9582 | 0.9600 | 0.9662 | 0.0195 | 0.9379 | 0.9537 | 0.9415
2562 | 09:59:30 |  12.4s | 1.0e-04 | 0.0154 | 0.9583 | 0.9608 | 0.9665 | 0.0194 | 0.9392 | 0.9493 | 0.9386
2563 | 09:59:54 |  23.0s | 1.0e-04 | 0.0153 | 0.9593 | 0.9628 | 0.9684 | 0.0193 | 0.9432 | 0.9495 | 0.9428
2564 | 10:00:30 |  12.3s | 1.0e-04 | 0.0154 | 0.9584 | 0.9611 | 0.9676 | 0.0191 | 0.9499 | 0.9404 | 0.9414
2565 | 10:00:54 |  12.6s | 1.0e-04 | 0.0156 | 0.9580 | 0.9595 | 0.9658 | 0.0200 | 0.9374 | 0.9504 | 0.9383
2566 | 10:01:17 |  12.8s | 1.0e-04 | 0.0156 | 0.9594 | 0.9624 | 0.9684 | 0.0196 | 0.9492 | 0.9436 | 0.9419
2567 | 10:01:42 |  12.6s | 1.0e-04 | 0.0159 | 0.9589 | 0.9599 | 0.9665 | 0.0192 | 0.9524 | 0.9379 | 0.9419
2568 | 10:02:06 |  12.6s | 1.0e-04 | 0.0160 | 0.9575 | 0.9601 | 0.9647 | 0.0201 | 0.9421 | 0.9441 | 0.9369
2569 | 10:02:32 |  12.6s | 1.0e-04 | 0.0162 | 0.9579 | 0.9610 | 0.9659 | 0.0190 | 0.9442 | 0.9442 | 0.9391
2570 | 10:02:58 |  12.5s | 1.0e-04 | 0.0157 | 0.9565 | 0.9616 | 0.9657 | 0.0191 | 0.9438 | 0.9491 | 0.9431
2571 | 10:03:22 |  12.7s | 1.0e-04 | 0.0164 | 0.9571 | 0.9586 | 0.9641 | 0.0196 | 0.9420 | 0.9443 | 0.9353
2572 | 10:03:46 |  12.5s | 1.0e-04 | 0.0160 | 0.9589 | 0.9599 | 0.9658 | 0.0198 | 0.9407 | 0.9509 | 0.9414
2573 | 10:04:10 |  12.4s | 1.0e-04 | 0.0155 | 0.9578 | 0.9621 | 0.9671 | 0.0192 | 0.9425 | 0.9494 | 0.9419
2574 | 10:04:34 |  12.2s | 1.0e-04 | 0.0157 | 0.9593 | 0.9607 | 0.9669 | 0.0196 | 0.9385 | 0.9502 | 0.9388
2575 | 10:05:00 |  12.4s | 1.0e-04 | 0.0160 | 0.9584 | 0.9597 | 0.9662 | 0.0196 | 0.9390 | 0.9557 | 0.9456
2576 | 10:05:25 |  12.6s | 1.0e-04 | 0.0156 | 0.9581 | 0.9609 | 0.9673 | 0.0188 | 0.9493 | 0.9453 | 0.9460
2577 | 10:05:49 |  12.5s | 1.0e-04 | 0.0161 | 0.9575 | 0.9600 | 0.9642 | 0.0203 | 0.9409 | 0.9472 | 0.9376
2578 | 10:06:14 |  12.7s | 1.0e-04 | 0.0161 | 0.9571 | 0.9612 | 0.9654 | 0.0194 | 0.9421 | 0.9482 | 0.9401
2579 | 10:06:40 |  12.5s | 1.0e-04 | 0.0155 | 0.9568 | 0.9629 | 0.9657 | 0.0211 | 0.9400 | 0.9432 | 0.9333
2580 | 10:07:04 |  23.0s | 1.0e-04 | 0.0162 | 0.9574 | 0.9615 | 0.9657 | 0.0191 | 0.9414 | 0.9512 | 0.9430
2581 | 10:07:38 |  12.8s | 1.0e-04 | 0.0154 | 0.9604 | 0.9636 | 0.9709 | 0.0195 | 0.9443 | 0.9482 | 0.9424
2582 | 10:08:03 |  12.7s | 1.0e-04 | 0.0160 | 0.9592 | 0.9635 | 0.9686 | 0.0193 | 0.9444 | 0.9501 | 0.9449
2583 | 10:08:27 |  12.7s | 1.0e-04 | 0.0157 | 0.9592 | 0.9623 | 0.9681 | 0.0189 | 0.9486 | 0.9497 | 0.9478
2584 | 10:08:54 |  22.3s | 1.0e-04 | 0.0158 | 0.9582 | 0.9629 | 0.9669 | 0.0190 | 0.9442 | 0.9585 | 0.9504
2585 | 10:09:27 |  12.2s | 1.0e-04 | 0.0158 | 0.9594 | 0.9622 | 0.9689 | 0.0201 | 0.9424 | 0.9458 | 0.9386
2586 | 10:09:53 |  12.0s | 1.0e-04 | 0.0160 | 0.9578 | 0.9626 | 0.9678 | 0.0195 | 0.9357 | 0.9542 | 0.9408
2587 | 10:10:18 |  12.5s | 1.0e-04 | 0.0158 | 0.9595 | 0.9637 | 0.9691 | 0.0190 | 0.9439 | 0.9499 | 0.9439
2588 | 10:10:41 |  12.6s | 1.0e-04 | 0.0161 | 0.9577 | 0.9625 | 0.9667 | 0.0190 | 0.9429 | 0.9470 | 0.9407
2589 | 10:11:05 |  12.6s | 1.0e-04 | 0.0159 | 0.9583 | 0.9627 | 0.9677 | 0.0191 | 0.9442 | 0.9451 | 0.9384
2590 | 10:11:29 |  12.3s | 1.0e-04 | 0.0159 | 0.9591 | 0.9634 | 0.9685 | 0.0197 | 0.9418 | 0.9447 | 0.9361
2591 | 10:11:54 |  12.4s | 1.0e-04 | 0.0158 | 0.9595 | 0.9630 | 0.9689 | 0.0199 | 0.9463 | 0.9413 | 0.9380
2592 | 10:12:20 |  12.3s | 1.0e-04 | 0.0157 | 0.9595 | 0.9624 | 0.9682 | 0.0204 | 0.9481 | 0.9395 | 0.9388
2593 | 10:12:43 |  12.5s | 1.0e-04 | 0.0162 | 0.9591 | 0.9616 | 0.9680 | 0.0186 | 0.9458 | 0.9483 | 0.9443
2594 | 10:13:07 |  12.5s | 1.0e-04 | 0.0154 | 0.9603 | 0.9622 | 0.9684 | 0.0196 | 0.9437 | 0.9481 | 0.9421
2595 | 10:13:31 |  12.8s | 1.0e-04 | 0.0160 | 0.9591 | 0.9616 | 0.9674 | 0.0205 | 0.9352 | 0.9508 | 0.9365
2596 | 10:13:56 |  12.3s | 1.0e-04 | 0.0157 | 0.9590 | 0.9639 | 0.9683 | 0.0194 | 0.9450 | 0.9439 | 0.9392
2597 | 10:14:22 |  12.3s | 1.0e-04 | 0.0158 | 0.9585 | 0.9623 | 0.9678 | 0.0197 | 0.9510 | 0.9452 | 0.9468
2598 | 10:14:46 |  12.4s | 1.0e-04 | 0.0163 | 0.9588 | 0.9619 | 0.9670 | 0.0198 | 0.9434 | 0.9472 | 0.9412
2599 | 10:15:10 |  12.5s | 1.0e-04 | 0.0156 | 0.9593 | 0.9628 | 0.9684 | 0.0196 | 0.9408 | 0.9511 | 0.9423
2600 | 10:15:34 |  12.6s | 1.0e-04 | 0.0156 | 0.9586 | 0.9639 | 0.9679 | 0.0196 | 0.9438 | 0.9426 | 0.9358
2601 | 10:15:59 |  12.4s | 1.0e-04 | 0.0149 | 0.9605 | 0.9646 | 0.9706 | 0.0208 | 0.9466 | 0.9434 | 0.9395
2602 | 10:16:25 |  12.7s | 1.0e-04 | 0.0156 | 0.9594 | 0.9622 | 0.9678 | 0.0201 | 0.9409 | 0.9454 | 0.9366
2603 | 10:16:49 |  12.7s | 1.0e-04 | 0.0150 | 0.9607 | 0.9653 | 0.9708 | 0.0189 | 0.9475 | 0.9496 | 0.9466
2604 | 10:17:13 |  12.5s | 1.0e-04 | 0.0153 | 0.9603 | 0.9635 | 0.9699 | 0.0190 | 0.9403 | 0.9573 | 0.9470
2605 | 10:17:41 |  22.9s | 1.0e-04 | 0.0154 | 0.9595 | 0.9627 | 0.9690 | 0.0196 | 0.9469 | 0.9426 | 0.9388
2606 | 10:18:16 |  12.3s | 1.0e-04 | 0.0152 | 0.9596 | 0.9619 | 0.9689 | 0.0186 | 0.9440 | 0.9529 | 0.9475
2607 | 10:18:42 |  12.2s | 1.0e-04 | 0.0157 | 0.9594 | 0.9602 | 0.9669 | 0.0208 | 0.9504 | 0.9360 | 0.9393
2608 | 10:19:06 |  12.6s | 1.0e-04 | 0.0148 | 0.9597 | 0.9631 | 0.9687 | 0.0188 | 0.9482 | 0.9508 | 0.9489
2609 | 10:19:30 |  12.7s | 1.0e-04 | 0.0155 | 0.9578 | 0.9605 | 0.9655 | 0.0192 | 0.9418 | 0.9510 | 0.9432
2610 | 10:19:55 |  12.7s | 1.0e-04 | 0.0155 | 0.9588 | 0.9629 | 0.9681 | 0.0187 | 0.9457 | 0.9424 | 0.9375
2611 | 10:20:19 |  12.5s | 1.0e-04 | 0.0157 | 0.9585 | 0.9613 | 0.9665 | 0.0186 | 0.9461 | 0.9476 | 0.9435
2612 | 10:20:44 |  12.5s | 1.0e-04 | 0.0149 | 0.9589 | 0.9624 | 0.9674 | 0.0187 | 0.9439 | 0.9509 | 0.9452
2613 | 10:21:10 |  12.3s | 1.0e-04 | 0.0158 | 0.9575 | 0.9615 | 0.9661 | 0.0198 | 0.9447 | 0.9451 | 0.9388
2614 | 10:21:34 |  12.6s | 1.0e-04 | 0.0148 | 0.9597 | 0.9615 | 0.9682 | 0.0203 | 0.9393 | 0.9498 | 0.9391
2615 | 10:21:58 |  13.1s | 1.0e-04 | 0.0157 | 0.9585 | 0.9609 | 0.9659 | 0.0196 | 0.9410 | 0.9470 | 0.9372
2616 | 10:22:22 |  12.5s | 1.0e-04 | 0.0151 | 0.9600 | 0.9626 | 0.9684 | 0.0193 | 0.9449 | 0.9516 | 0.9470
2617 | 10:22:47 |  12.4s | 1.0e-04 | 0.0152 | 0.9592 | 0.9613 | 0.9674 | 0.0204 | 0.9350 | 0.9486 | 0.9329
2618 | 10:23:13 |  12.3s | 1.0e-04 | 0.0151 | 0.9582 | 0.9602 | 0.9663 | 0.0187 | 0.9474 | 0.9444 | 0.9419
2619 | 10:23:37 |  12.4s | 1.0e-04 | 0.0154 | 0.9594 | 0.9618 | 0.9677 | 0.0193 | 0.9519 | 0.9411 | 0.9448
2620 | 10:24:01 |  13.0s | 1.0e-04 | 0.0158 | 0.9568 | 0.9619 | 0.9661 | 0.0190 | 0.9499 | 0.9443 | 0.9435
2621 | 10:24:25 |  20.8s | 1.0e-04 | 0.0155 | 0.9568 | 0.9613 | 0.9654 | 0.0200 | 0.9418 | 0.9407 | 0.9340
2622 | 10:24:57 |  12.8s | 1.0e-04 | 0.0157 | 0.9584 | 0.9620 | 0.9678 | 0.0187 | 0.9543 | 0.9411 | 0.9467
2623 | 10:25:21 |  12.5s | 1.0e-04 | 0.0164 | 0.9586 | 0.9607 | 0.9663 | 0.0190 | 0.9484 | 0.9442 | 0.9441
2624 | 10:25:46 |  12.2s | 1.0e-04 | 0.0160 | 0.9582 | 0.9606 | 0.9653 | 0.0193 | 0.9427 | 0.9477 | 0.9412
2625 | 10:26:12 |  12.3s | 1.0e-04 | 0.0160 | 0.9587 | 0.9610 | 0.9671 | 0.0184 | 0.9397 | 0.9545 | 0.9437
2626 | 10:26:38 |  12.4s | 1.0e-04 | 0.0154 | 0.9594 | 0.9637 | 0.9687 | 0.0202 | 0.9439 | 0.9497 | 0.9439
2627 | 10:27:01 |  12.4s | 1.0e-04 | 0.0156 | 0.9604 | 0.9638 | 0.9701 | 0.0196 | 0.9473 | 0.9443 | 0.9422
2628 | 10:27:25 |  12.0s | 1.0e-04 | 0.0154 | 0.9599 | 0.9637 | 0.9700 | 0.0193 | 0.9499 | 0.9444 | 0.9433
2629 | 10:27:49 |  12.3s | 1.0e-04 | 0.0155 | 0.9603 | 0.9639 | 0.9706 | 0.0188 | 0.9417 | 0.9518 | 0.9435
2630 | 10:28:12 |  12.4s | 1.0e-04 | 0.0153 | 0.9606 | 0.9650 | 0.9704 | 0.0190 | 0.9461 | 0.9445 | 0.9421
2631 | 10:28:39 |  11.9s | 1.0e-04 | 0.0157 | 0.9606 | 0.9624 | 0.9691 | 0.0201 | 0.9444 | 0.9416 | 0.9355
2632 | 10:29:04 |  12.2s | 1.0e-04 | 0.0159 | 0.9585 | 0.9619 | 0.9679 | 0.0198 | 0.9436 | 0.9501 | 0.9437
2633 | 10:29:28 |  12.3s | 1.0e-04 | 0.0155 | 0.9594 | 0.9639 | 0.9698 | 0.0195 | 0.9482 | 0.9401 | 0.9389
2634 | 10:29:51 |  12.5s | 1.0e-04 | 0.0156 | 0.9605 | 0.9635 | 0.9694 | 0.0191 | 0.9362 | 0.9551 | 0.9426
2635 | 10:30:15 |  12.6s | 1.0e-04 | 0.0157 | 0.9577 | 0.9642 | 0.9676 | 0.0202 | 0.9375 | 0.9515 | 0.9390
2636 | 10:30:40 |  12.0s | 1.0e-04 | 0.0153 | 0.9607 | 0.9632 | 0.9705 | 0.0206 | 0.9439 | 0.9433 | 0.9371
2637 | 10:31:05 |  12.2s | 1.0e-04 | 0.0155 | 0.9601 | 0.9617 | 0.9685 | 0.0199 | 0.9448 | 0.9500 | 0.9450
2638 | 10:31:29 |  12.5s | 1.0e-04 | 0.0154 | 0.9602 | 0.9639 | 0.9705 | 0.0194 | 0.9397 | 0.9493 | 0.9384
2639 | 10:31:53 |  12.6s | 1.0e-04 | 0.0156 | 0.9605 | 0.9624 | 0.9690 | 0.0203 | 0.9404 | 0.9515 | 0.9409
2640 | 10:32:16 |  12.2s | 1.0e-04 | 0.0153 | 0.9615 | 0.9625 | 0.9710 | 0.0189 | 0.9478 | 0.9449 | 0.9435
2641 | 10:32:41 |  12.1s | 1.0e-04 | 0.0153 | 0.9608 | 0.9613 | 0.9699 | 0.0200 | 0.9487 | 0.9432 | 0.9412
2642 | 10:33:06 |  21.4s | 1.0e-04 | 0.0159 | 0.9602 | 0.9627 | 0.9692 | 0.0197 | 0.9412 | 0.9533 | 0.9445
2643 | 10:33:42 |  12.1s | 1.0e-04 | 0.0157 | 0.9615 | 0.9613 | 0.9694 | 0.0205 | 0.9438 | 0.9416 | 0.9359
2644 | 10:34:07 |  12.3s | 1.0e-04 | 0.0157 | 0.9599 | 0.9611 | 0.9677 | 0.0199 | 0.9441 | 0.9440 | 0.9389
2645 | 10:34:31 |  12.4s | 1.0e-04 | 0.0157 | 0.9587 | 0.9637 | 0.9681 | 0.0202 | 0.9392 | 0.9486 | 0.9374
2646 | 10:34:55 |  27.9s | 1.0e-04 | 0.0159 | 0.9583 | 0.9636 | 0.9674 | 0.0193 | 0.9367 | 0.9476 | 0.9347
2647 | 10:35:34 |  12.5s | 1.0e-04 | 0.0165 | 0.9549 | 0.9605 | 0.9631 | 0.0204 | 0.9409 | 0.9512 | 0.9417
2648 | 10:35:57 |  12.7s | 1.0e-04 | 0.0164 | 0.9561 | 0.9587 | 0.9626 | 0.0195 | 0.9477 | 0.9456 | 0.9443
2649 | 10:36:21 |  12.6s | 1.0e-04 | 0.0165 | 0.9567 | 0.9589 | 0.9634 | 0.0199 | 0.9454 | 0.9484 | 0.9439
2650 | 10:36:45 |  12.4s | 1.0e-04 | 0.0163 | 0.9566 | 0.9592 | 0.9644 | 0.0206 | 0.9415 | 0.9451 | 0.9356
2651 | 10:37:12 |  12.4s | 1.0e-04 | 0.0164 | 0.9567 | 0.9585 | 0.9634 | 0.0197 | 0.9457 | 0.9445 | 0.9394
2652 | 10:37:37 |  12.3s | 1.0e-04 | 0.0168 | 0.9564 | 0.9598 | 0.9632 | 0.0186 | 0.9472 | 0.9503 | 0.9473
2653 | 10:38:00 |  12.6s | 1.0e-04 | 0.0167 | 0.9547 | 0.9577 | 0.9604 | 0.0197 | 0.9417 | 0.9491 | 0.9399
2654 | 10:38:24 |  12.8s | 1.0e-04 | 0.0165 | 0.9567 | 0.9593 | 0.9644 | 0.0193 | 0.9425 | 0.9518 | 0.9447
2655 | 10:38:51 |  12.1s | 1.0e-04 | 0.0166 | 0.9579 | 0.9587 | 0.9639 | 0.0181 | 0.9454 | 0.9482 | 0.9433
2656 | 10:39:15 |  12.6s | 1.0e-04 | 0.0172 | 0.9548 | 0.9594 | 0.9620 | 0.0199 | 0.9484 | 0.9438 | 0.9409
2657 | 10:39:39 |  12.3s | 1.0e-04 | 0.0162 | 0.9572 | 0.9592 | 0.9637 | 0.0185 | 0.9429 | 0.9569 | 0.9503
2658 | 10:40:05 |  12.2s | 1.0e-04 | 0.0169 | 0.9540 | 0.9592 | 0.9608 | 0.0197 | 0.9442 | 0.9473 | 0.9412
2659 | 10:40:30 |  12.4s | 1.0e-04 | 0.0169 | 0.9554 | 0.9582 | 0.9612 | 0.0194 | 0.9396 | 0.9508 | 0.9402
2660 | 10:40:54 |  12.5s | 1.0e-04 | 0.0170 | 0.9557 | 0.9592 | 0.9626 | 0.0189 | 0.9425 | 0.9516 | 0.9442
2661 | 10:41:17 |  12.7s | 1.0e-04 | 0.0164 | 0.9569 | 0.9595 | 0.9645 | 0.0189 | 0.9450 | 0.9473 | 0.9430
2662 | 10:41:41 |  12.3s | 1.0e-04 | 0.0166 | 0.9573 | 0.9592 | 0.9639 | 0.0191 | 0.9504 | 0.9498 | 0.9502
2663 | 10:42:07 |  23.0s | 1.0e-04 | 0.0160 | 0.9567 | 0.9594 | 0.9653 | 0.0200 | 0.9436 | 0.9436 | 0.9351
2664 | 10:42:41 |  12.6s | 1.0e-04 | 0.0164 | 0.9547 | 0.9584 | 0.9610 | 0.0196 | 0.9417 | 0.9400 | 0.9327
2665 | 10:43:06 |  12.3s | 1.0e-04 | 0.0158 | 0.9549 | 0.9577 | 0.9615 | 0.0195 | 0.9401 | 0.9444 | 0.9341
2666 | 10:43:32 |  12.6s | 1.0e-04 | 0.0160 | 0.9556 | 0.9573 | 0.9616 | 0.0194 | 0.9509 | 0.9443 | 0.9454
2667 | 10:43:57 |  22.7s | 1.0e-04 | 0.0156 | 0.9582 | 0.9592 | 0.9651 | 0.0197 | 0.9356 | 0.9522 | 0.9379
