Starting General MPNN + CosSim (Top-8) + k=4 Experiment on cuda:0
0001 | 06:48:42 |  26.5s | 1.0e-04 | 0.1268 | 0.7244 | 0.5616 | 0.2213 | 0.0840 | 0.7920 | 0.7343 | 0.3605
0002 | 06:49:19 |  13.7s | 1.0e-04 | 0.0864 | 0.8472 | 0.7065 | 0.3832 | 0.0769 | 0.8533 | 0.6892 | 0.3536
0003 | 06:49:42 |  14.1s | 1.0e-04 | 0.0785 | 0.8562 | 0.7298 | 0.4195 | 0.0802 | 0.7874 | 0.7571 | 0.3808
0004 | 06:50:06 |  14.1s | 1.0e-04 | 0.0762 | 0.8556 | 0.7390 | 0.4308 | 0.0738 | 0.8525 | 0.7101 | 0.4201
0005 | 06:50:31 |  14.0s | 1.0e-04 | 0.0752 | 0.8583 | 0.7562 | 0.4669 | 0.0681 | 0.8235 | 0.7961 | 0.4571
0006 | 06:50:55 |  14.3s | 1.0e-04 | 0.0669 | 0.8738 | 0.7855 | 0.5299 | 0.0598 | 0.8728 | 0.7755 | 0.4863
0007 | 06:51:19 |  14.0s | 1.0e-04 | 0.0644 | 0.8729 | 0.7980 | 0.5512 | 0.0599 | 0.9089 | 0.7528 | 0.5086
0008 | 06:51:43 |  14.5s | 1.0e-04 | 0.0607 | 0.8784 | 0.8090 | 0.5736 | 0.0648 | 0.7763 | 0.8646 | 0.5038
0009 | 06:52:08 |  14.2s | 1.0e-04 | 0.0594 | 0.8793 | 0.8168 | 0.5977 | 0.0593 | 0.9143 | 0.7643 | 0.5424
0010 | 06:52:32 |  14.1s | 1.0e-04 | 0.0550 | 0.8875 | 0.8269 | 0.6296 | 0.0563 | 0.8635 | 0.8403 | 0.5871
0011 | 06:52:56 |  14.1s | 1.0e-04 | 0.0550 | 0.8852 | 0.8371 | 0.6637 | 0.0541 | 0.8899 | 0.8323 | 0.6391
0012 | 06:53:20 |  14.1s | 1.0e-04 | 0.0536 | 0.8925 | 0.8405 | 0.6662 | 0.0513 | 0.8729 | 0.8390 | 0.6302
0013 | 06:53:44 |  14.3s | 1.0e-04 | 0.0512 | 0.8963 | 0.8461 | 0.6857 | 0.0529 | 0.8796 | 0.8205 | 0.6016
0014 | 06:54:08 |  14.3s | 1.0e-04 | 0.0511 | 0.8964 | 0.8523 | 0.7032 | 0.0495 | 0.8801 | 0.8417 | 0.6248
0015 | 06:54:32 |  14.4s | 1.0e-04 | 0.0501 | 0.9011 | 0.8571 | 0.7190 | 0.0466 | 0.8947 | 0.8519 | 0.6995
0016 | 06:54:57 |  14.2s | 1.0e-04 | 0.0471 | 0.8998 | 0.8573 | 0.7307 | 0.0501 | 0.9112 | 0.8133 | 0.6413
0017 | 06:55:21 |  14.2s | 1.0e-04 | 0.0480 | 0.9007 | 0.8554 | 0.7183 | 0.0481 | 0.8959 | 0.8478 | 0.6709
0018 | 06:55:45 |  14.3s | 1.0e-04 | 0.0458 | 0.9073 | 0.8641 | 0.7375 | 0.0479 | 0.9018 | 0.8260 | 0.6805
0019 | 06:56:10 |  14.3s | 1.0e-04 | 0.0468 | 0.9044 | 0.8575 | 0.7273 | 0.0471 | 0.8850 | 0.8396 | 0.6714
0020 | 06:56:34 |  14.2s | 1.0e-04 | 0.0456 | 0.9082 | 0.8648 | 0.7484 | 0.0463 | 0.9055 | 0.8286 | 0.6323
0021 | 06:56:58 |  13.9s | 1.0e-04 | 0.0444 | 0.9082 | 0.8665 | 0.7521 | 0.0444 | 0.9091 | 0.8363 | 0.7289
0022 | 06:57:22 |  14.2s | 1.0e-04 | 0.0429 | 0.9081 | 0.8688 | 0.7712 | 0.0453 | 0.8732 | 0.8857 | 0.7176
0023 | 06:57:46 |  14.3s | 1.0e-04 | 0.0429 | 0.9085 | 0.8730 | 0.7691 | 0.0404 | 0.9137 | 0.8505 | 0.7460
0024 | 06:58:11 |  14.3s | 1.0e-04 | 0.0420 | 0.9109 | 0.8773 | 0.7850 | 0.0420 | 0.9242 | 0.8302 | 0.7444
0025 | 06:58:35 |  14.2s | 1.0e-04 | 0.0424 | 0.9113 | 0.8757 | 0.7839 | 0.0399 | 0.8986 | 0.8805 | 0.7632
0026 | 06:58:59 |  14.1s | 1.0e-04 | 0.0400 | 0.9153 | 0.8802 | 0.7965 | 0.0432 | 0.8894 | 0.8666 | 0.7224
0027 | 06:59:23 |  14.0s | 1.0e-04 | 0.0395 | 0.9168 | 0.8836 | 0.8078 | 0.0416 | 0.9033 | 0.8725 | 0.7783
0028 | 06:59:47 |  14.0s | 1.0e-04 | 0.0383 | 0.9183 | 0.8847 | 0.8112 | 0.0384 | 0.8998 | 0.8769 | 0.7538
0029 | 07:00:11 |  14.2s | 1.0e-04 | 0.0384 | 0.9169 | 0.8866 | 0.8065 | 0.0402 | 0.9029 | 0.8818 | 0.7790
0030 | 07:00:36 |  13.9s | 1.0e-04 | 0.0382 | 0.9150 | 0.8851 | 0.8146 | 0.0386 | 0.8995 | 0.8759 | 0.7636
0031 | 07:01:00 |  14.0s | 1.0e-04 | 0.0375 | 0.9197 | 0.8957 | 0.8378 | 0.0367 | 0.9147 | 0.8669 | 0.7856
0032 | 07:01:24 |  24.9s | 1.0e-04 | 0.0357 | 0.9197 | 0.8919 | 0.8286 | 0.0384 | 0.8782 | 0.9049 | 0.7905
0033 | 07:01:59 |  13.9s | 1.0e-04 | 0.0353 | 0.9213 | 0.8940 | 0.8282 | 0.0371 | 0.9252 | 0.8517 | 0.7623
0034 | 07:02:23 |  14.1s | 1.0e-04 | 0.0359 | 0.9211 | 0.8924 | 0.8301 | 0.0383 | 0.9153 | 0.8634 | 0.7729
0035 | 07:02:47 |  14.2s | 1.0e-04 | 0.0355 | 0.9202 | 0.8933 | 0.8365 | 0.0355 | 0.9066 | 0.8918 | 0.8078
0036 | 07:03:11 |  13.9s | 1.0e-04 | 0.0346 | 0.9207 | 0.8982 | 0.8437 | 0.0373 | 0.9134 | 0.8927 | 0.8249
0037 | 07:03:35 |  14.1s | 1.0e-04 | 0.0335 | 0.9239 | 0.8971 | 0.8445 | 0.0364 | 0.9142 | 0.8788 | 0.7687
0038 | 07:03:59 |  13.9s | 1.0e-04 | 0.0327 | 0.9243 | 0.9042 | 0.8611 | 0.0385 | 0.8933 | 0.8868 | 0.7883
0039 | 07:04:23 |  14.0s | 1.0e-04 | 0.0340 | 0.9251 | 0.9014 | 0.8534 | 0.0356 | 0.9082 | 0.8890 | 0.8071
0040 | 07:04:47 |  14.1s | 1.0e-04 | 0.0341 | 0.9189 | 0.9004 | 0.8485 | 0.0363 | 0.8904 | 0.9082 | 0.8171
0041 | 07:05:11 |  14.1s | 1.0e-04 | 0.0329 | 0.9242 | 0.9013 | 0.8535 | 0.0336 | 0.9280 | 0.8771 | 0.8331
0042 | 07:05:35 |  13.9s | 1.0e-04 | 0.0320 | 0.9235 | 0.9050 | 0.8646 | 0.0358 | 0.8931 | 0.9172 | 0.8257
0043 | 07:05:59 |  13.8s | 1.0e-04 | 0.0330 | 0.9255 | 0.9038 | 0.8606 | 0.0343 | 0.8957 | 0.9081 | 0.8183
0044 | 07:06:23 |  13.9s | 1.0e-04 | 0.0325 | 0.9255 | 0.9055 | 0.8595 | 0.0328 | 0.9273 | 0.8643 | 0.8011
0045 | 07:06:47 |  13.8s | 1.0e-04 | 0.0313 | 0.9272 | 0.9036 | 0.8652 | 0.0334 | 0.9172 | 0.8952 | 0.8343
0046 | 07:07:11 |  14.1s | 1.0e-04 | 0.0313 | 0.9290 | 0.9112 | 0.8733 | 0.0336 | 0.9179 | 0.8921 | 0.8349
0047 | 07:07:35 |  14.2s | 1.0e-04 | 0.0312 | 0.9258 | 0.9096 | 0.8723 | 0.0357 | 0.9425 | 0.8540 | 0.8304
0048 | 07:07:59 |  14.0s | 1.0e-04 | 0.0316 | 0.9259 | 0.9064 | 0.8651 | 0.0339 | 0.9222 | 0.8801 | 0.8125
0049 | 07:08:23 |  14.0s | 1.0e-04 | 0.0310 | 0.9267 | 0.9084 | 0.8723 | 0.0328 | 0.9132 | 0.9038 | 0.8385
0050 | 07:08:47 |  14.1s | 1.0e-04 | 0.0308 | 0.9279 | 0.9090 | 0.8732 | 0.0347 | 0.9027 | 0.8925 | 0.8028
0051 | 07:09:11 |  14.0s | 1.0e-04 | 0.0314 | 0.9269 | 0.9094 | 0.8670 | 0.0308 | 0.9149 | 0.8951 | 0.8397
0052 | 07:09:35 |  13.9s | 1.0e-04 | 0.0301 | 0.9280 | 0.9124 | 0.8804 | 0.0342 | 0.9266 | 0.8706 | 0.8373
0053 | 07:09:59 |  13.9s | 1.0e-04 | 0.0307 | 0.9284 | 0.9115 | 0.8784 | 0.0324 | 0.9236 | 0.8871 | 0.8380
0054 | 07:10:23 |  14.1s | 1.0e-04 | 0.0313 | 0.9269 | 0.9121 | 0.8752 | 0.0330 | 0.9283 | 0.8807 | 0.8228
0055 | 07:10:47 |  13.9s | 1.0e-04 | 0.0304 | 0.9267 | 0.9114 | 0.8734 | 0.0319 | 0.9158 | 0.9074 | 0.8432
0056 | 07:11:11 |  13.9s | 1.0e-04 | 0.0303 | 0.9295 | 0.9122 | 0.8764 | 0.0345 | 0.9217 | 0.8929 | 0.8325
0057 | 07:11:35 |  13.9s | 1.0e-04 | 0.0302 | 0.9297 | 0.9132 | 0.8786 | 0.0311 | 0.9173 | 0.8920 | 0.8407
0058 | 07:11:59 |  14.0s | 1.0e-04 | 0.0294 | 0.9317 | 0.9151 | 0.8846 | 0.0340 | 0.9431 | 0.8619 | 0.8462
0059 | 07:12:23 |  13.8s | 1.0e-04 | 0.0294 | 0.9305 | 0.9112 | 0.8803 | 0.0293 | 0.9191 | 0.9055 | 0.8566
0060 | 07:12:46 |  14.0s | 1.0e-04 | 0.0293 | 0.9293 | 0.9143 | 0.8841 | 0.0333 | 0.9330 | 0.8846 | 0.8630
0061 | 07:13:10 |  14.1s | 1.0e-04 | 0.0290 | 0.9315 | 0.9153 | 0.8845 | 0.0300 | 0.9170 | 0.9021 | 0.8470
0062 | 07:13:35 |  14.1s | 1.0e-04 | 0.0287 | 0.9327 | 0.9167 | 0.8909 | 0.0327 | 0.9103 | 0.9143 | 0.8562
0063 | 07:13:59 |  24.9s | 1.0e-04 | 0.0288 | 0.9328 | 0.9193 | 0.8905 | 0.0324 | 0.9228 | 0.8967 | 0.8500
0064 | 07:14:33 |  14.3s | 1.0e-04 | 0.0291 | 0.9331 | 0.9192 | 0.8945 | 0.0318 | 0.9046 | 0.9108 | 0.8359
0065 | 07:14:58 |  14.1s | 1.0e-04 | 0.0296 | 0.9330 | 0.9233 | 0.9008 | 0.0318 | 0.9218 | 0.8919 | 0.8423
0066 | 07:15:22 |  14.1s | 1.0e-04 | 0.0287 | 0.9327 | 0.9203 | 0.8960 | 0.0332 | 0.9061 | 0.9155 | 0.8503
0067 | 07:15:46 |  14.0s | 1.0e-04 | 0.0289 | 0.9334 | 0.9194 | 0.8969 | 0.0300 | 0.9322 | 0.8945 | 0.8574
0068 | 07:16:10 |  14.0s | 1.0e-04 | 0.0291 | 0.9348 | 0.9222 | 0.8990 | 0.0320 | 0.9126 | 0.9077 | 0.8409
0069 | 07:16:34 |  14.3s | 1.0e-04 | 0.0293 | 0.9317 | 0.9161 | 0.8902 | 0.0310 | 0.8989 | 0.9245 | 0.8557
0070 | 07:16:58 |  14.1s | 1.0e-04 | 0.0281 | 0.9322 | 0.9227 | 0.8989 | 0.0316 | 0.9089 | 0.9096 | 0.8451
0071 | 07:17:23 |  14.0s | 1.0e-04 | 0.0277 | 0.9346 | 0.9242 | 0.9035 | 0.0308 | 0.9367 | 0.8848 | 0.8517
0072 | 07:17:46 |  13.9s | 1.0e-04 | 0.0278 | 0.9338 | 0.9219 | 0.9000 | 0.0318 | 0.9103 | 0.9047 | 0.8464
0073 | 07:18:10 |  14.0s | 1.0e-04 | 0.0290 | 0.9329 | 0.9245 | 0.9034 | 0.0321 | 0.9334 | 0.8894 | 0.8639
0074 | 07:18:34 |  14.0s | 1.0e-04 | 0.0286 | 0.9354 | 0.9227 | 0.9031 | 0.0304 | 0.9203 | 0.9121 | 0.8720
0075 | 07:18:58 |  13.9s | 1.0e-04 | 0.0270 | 0.9358 | 0.9256 | 0.9061 | 0.0315 | 0.9093 | 0.9215 | 0.8676
0076 | 07:19:22 |  14.0s | 1.0e-04 | 0.0276 | 0.9330 | 0.9238 | 0.9049 | 0.0302 | 0.9204 | 0.9088 | 0.8610
0077 | 07:19:46 |  13.9s | 1.0e-04 | 0.0274 | 0.9368 | 0.9254 | 0.9075 | 0.0315 | 0.9118 | 0.9148 | 0.8551
0078 | 07:20:10 |  14.0s | 1.0e-04 | 0.0279 | 0.9353 | 0.9234 | 0.9038 | 0.0300 | 0.9208 | 0.9155 | 0.8816
0079 | 07:20:34 |  14.1s | 1.0e-04 | 0.0270 | 0.9363 | 0.9257 | 0.9096 | 0.0326 | 0.9223 | 0.8902 | 0.8361
0080 | 07:20:58 |  13.9s | 1.0e-04 | 0.0267 | 0.9364 | 0.9267 | 0.9093 | 0.0321 | 0.8801 | 0.9288 | 0.8360
0081 | 07:21:22 |  14.0s | 1.0e-04 | 0.0284 | 0.9331 | 0.9246 | 0.9043 | 0.0336 | 0.9393 | 0.8736 | 0.8492
0082 | 07:21:46 |  14.2s | 1.0e-04 | 0.0269 | 0.9367 | 0.9260 | 0.9093 | 0.0306 | 0.9161 | 0.9139 | 0.8572
0083 | 07:22:10 |  13.7s | 1.0e-04 | 0.0274 | 0.9348 | 0.9246 | 0.9018 | 0.0292 | 0.9304 | 0.9141 | 0.8760
0084 | 07:22:34 |  14.3s | 1.0e-04 | 0.0269 | 0.9355 | 0.9270 | 0.9110 | 0.0281 | 0.9137 | 0.9099 | 0.8610
0085 | 07:22:59 |  14.2s | 1.0e-04 | 0.0283 | 0.9366 | 0.9249 | 0.9043 | 0.0305 | 0.9229 | 0.9105 | 0.8735
0086 | 07:23:23 |  14.2s | 1.0e-04 | 0.0276 | 0.9363 | 0.9279 | 0.9088 | 0.0309 | 0.9276 | 0.8994 | 0.8485
0087 | 07:23:47 |  14.1s | 1.0e-04 | 0.0274 | 0.9374 | 0.9260 | 0.9111 | 0.0308 | 0.9317 | 0.8990 | 0.8600
0088 | 07:24:12 |  14.1s | 1.0e-04 | 0.0270 | 0.9367 | 0.9256 | 0.9077 | 0.0289 | 0.9246 | 0.9124 | 0.8658
0089 | 07:24:36 |  14.0s | 1.0e-04 | 0.0279 | 0.9343 | 0.9243 | 0.9075 | 0.0314 | 0.9082 | 0.9254 | 0.8702
0090 | 07:24:59 |  14.0s | 1.0e-04 | 0.0263 | 0.9372 | 0.9272 | 0.9102 | 0.0308 | 0.9309 | 0.8854 | 0.8551
0091 | 07:25:24 |  14.2s | 1.0e-04 | 0.0264 | 0.9389 | 0.9282 | 0.9129 | 0.0297 | 0.9216 | 0.9125 | 0.8774
0092 | 07:25:48 |  14.0s | 1.0e-04 | 0.0265 | 0.9391 | 0.9289 | 0.9136 | 0.0297 | 0.9302 | 0.8927 | 0.8661
0093 | 07:26:12 |  14.3s | 1.0e-04 | 0.0267 | 0.9390 | 0.9275 | 0.9109 | 0.0288 | 0.9130 | 0.9119 | 0.8573
0094 | 07:26:36 |  26.5s | 1.0e-04 | 0.0261 | 0.9383 | 0.9297 | 0.9171 | 0.0321 | 0.9115 | 0.9147 | 0.8510
0095 | 07:27:13 |  14.1s | 1.0e-04 | 0.0267 | 0.9355 | 0.9233 | 0.9025 | 0.0291 | 0.9201 | 0.9213 | 0.8746
0096 | 07:27:38 |  13.9s | 1.0e-04 | 0.0268 | 0.9357 | 0.9237 | 0.9045 | 0.0325 | 0.9214 | 0.8975 | 0.8449
0097 | 07:28:02 |  14.5s | 1.0e-04 | 0.0268 | 0.9361 | 0.9261 | 0.9073 | 0.0286 | 0.9105 | 0.9289 | 0.8758
0098 | 07:28:26 |  14.4s | 1.0e-04 | 0.0267 | 0.9342 | 0.9264 | 0.9065 | 0.0304 | 0.9139 | 0.9121 | 0.8443
0099 | 07:28:51 |  14.2s | 1.0e-04 | 0.0263 | 0.9377 | 0.9251 | 0.9057 | 0.0299 | 0.9071 | 0.9182 | 0.8561
0100 | 07:29:16 |  13.8s | 1.0e-04 | 0.0259 | 0.9358 | 0.9288 | 0.9129 | 0.0283 | 0.9139 | 0.9272 | 0.8785
0101 | 07:29:40 |  14.2s | 1.0e-04 | 0.0263 | 0.9355 | 0.9259 | 0.9067 | 0.0285 | 0.9130 | 0.9214 | 0.8744
0102 | 07:30:04 |  14.2s | 1.0e-04 | 0.0261 | 0.9377 | 0.9282 | 0.9115 | 0.0285 | 0.9315 | 0.9059 | 0.8739
0103 | 07:30:29 |  14.0s | 1.0e-04 | 0.0256 | 0.9384 | 0.9299 | 0.9152 | 0.0307 | 0.8918 | 0.9478 | 0.8874
0104 | 07:30:53 |  14.1s | 1.0e-04 | 0.0259 | 0.9384 | 0.9282 | 0.9152 | 0.0287 | 0.9123 | 0.9285 | 0.8813
0105 | 07:31:17 |  14.4s | 1.0e-04 | 0.0261 | 0.9359 | 0.9282 | 0.9088 | 0.0297 | 0.8977 | 0.9297 | 0.8587
0106 | 07:31:42 |  14.2s | 1.0e-04 | 0.0256 | 0.9374 | 0.9291 | 0.9138 | 0.0304 | 0.9123 | 0.9161 | 0.8629
0107 | 07:32:07 |  14.0s | 1.0e-04 | 0.0254 | 0.9392 | 0.9311 | 0.9172 | 0.0278 | 0.9156 | 0.9254 | 0.8815
0108 | 07:32:31 |  14.0s | 1.0e-04 | 0.0266 | 0.9373 | 0.9249 | 0.9066 | 0.0295 | 0.9303 | 0.9011 | 0.8580
0109 | 07:32:56 |  14.1s | 1.0e-04 | 0.0261 | 0.9359 | 0.9303 | 0.9155 | 0.0293 | 0.9265 | 0.9055 | 0.8637
0110 | 07:33:20 |  14.0s | 1.0e-04 | 0.0252 | 0.9374 | 0.9303 | 0.9158 | 0.0289 | 0.9359 | 0.9015 | 0.8852
0111 | 07:33:44 |  14.0s | 1.0e-04 | 0.0264 | 0.9367 | 0.9264 | 0.9074 | 0.0296 | 0.9348 | 0.9020 | 0.8839
0112 | 07:34:09 |  14.2s | 1.0e-04 | 0.0257 | 0.9374 | 0.9317 | 0.9177 | 0.0292 | 0.9261 | 0.9119 | 0.8736
0113 | 07:34:33 |  14.3s | 1.0e-04 | 0.0256 | 0.9386 | 0.9295 | 0.9162 | 0.0266 | 0.9252 | 0.9237 | 0.8920
0114 | 07:34:58 |  14.0s | 1.0e-04 | 0.0250 | 0.9395 | 0.9303 | 0.9159 | 0.0292 | 0.9220 | 0.9122 | 0.8740
0115 | 07:35:22 |  14.2s | 1.0e-04 | 0.0258 | 0.9366 | 0.9280 | 0.9131 | 0.0288 | 0.9240 | 0.9125 | 0.8718
0116 | 07:35:47 |  14.1s | 1.0e-04 | 0.0263 | 0.9379 | 0.9303 | 0.9149 | 0.0302 | 0.9415 | 0.8919 | 0.8811
0117 | 07:36:11 |  14.2s | 1.0e-04 | 0.0252 | 0.9394 | 0.9287 | 0.9133 | 0.0279 | 0.9206 | 0.9164 | 0.8744
0118 | 07:36:36 |  14.0s | 1.0e-04 | 0.0250 | 0.9371 | 0.9304 | 0.9145 | 0.0277 | 0.9171 | 0.9236 | 0.8801
0119 | 07:37:00 |  14.0s | 1.0e-04 | 0.0250 | 0.9409 | 0.9314 | 0.9169 | 0.0299 | 0.9233 | 0.9025 | 0.8689
0120 | 07:37:24 |  13.9s | 1.0e-04 | 0.0256 | 0.9364 | 0.9327 | 0.9181 | 0.0277 | 0.9137 | 0.9266 | 0.8756
0121 | 07:37:49 |  13.9s | 1.0e-04 | 0.0261 | 0.9382 | 0.9291 | 0.9142 | 0.0293 | 0.9299 | 0.9028 | 0.8654
0122 | 07:38:13 |  14.1s | 1.0e-04 | 0.0252 | 0.9388 | 0.9311 | 0.9156 | 0.0290 | 0.9209 | 0.9210 | 0.8818
0123 | 07:38:37 |  14.2s | 1.0e-04 | 0.0248 | 0.9406 | 0.9320 | 0.9200 | 0.0310 | 0.9458 | 0.8644 | 0.8614
0124 | 07:39:02 |  14.3s | 1.0e-04 | 0.0254 | 0.9376 | 0.9316 | 0.9172 | 0.0281 | 0.9269 | 0.9102 | 0.8762
0125 | 07:39:27 |  14.1s | 1.0e-04 | 0.0260 | 0.9352 | 0.9300 | 0.9130 | 0.0282 | 0.9328 | 0.9057 | 0.8772
0126 | 07:39:54 |  14.2s | 1.0e-04 | 0.0267 | 0.9375 | 0.9283 | 0.9134 | 0.0284 | 0.9118 | 0.9284 | 0.8784
0127 | 07:40:19 |  14.0s | 1.0e-04 | 0.0264 | 0.9363 | 0.9302 | 0.9136 | 0.0296 | 0.8989 | 0.9246 | 0.8514
0128 | 07:40:43 |  14.2s | 1.0e-04 | 0.0255 | 0.9390 | 0.9298 | 0.9154 | 0.0290 | 0.9094 | 0.9171 | 0.8632
0129 | 07:41:08 |  14.0s | 1.0e-04 | 0.0260 | 0.9365 | 0.9285 | 0.9132 | 0.0281 | 0.9207 | 0.9141 | 0.8722
0130 | 07:41:32 |  14.1s | 1.0e-04 | 0.0250 | 0.9380 | 0.9310 | 0.9153 | 0.0250 | 0.9332 | 0.9179 | 0.8815
0131 | 07:41:56 |  14.2s | 1.0e-04 | 0.0258 | 0.9391 | 0.9297 | 0.9160 | 0.0277 | 0.9043 | 0.9271 | 0.8704
0132 | 07:42:21 |  14.1s | 1.0e-04 | 0.0257 | 0.9375 | 0.9312 | 0.9167 | 0.0275 | 0.9212 | 0.9287 | 0.8843
0133 | 07:42:45 |  14.0s | 1.0e-04 | 0.0246 | 0.9390 | 0.9339 | 0.9201 | 0.0290 | 0.9378 | 0.9043 | 0.8842
0134 | 07:43:10 |  14.2s | 1.0e-04 | 0.0265 | 0.9381 | 0.9288 | 0.9132 | 0.0264 | 0.9419 | 0.9025 | 0.8850
0135 | 07:43:34 |  14.2s | 1.0e-04 | 0.0251 | 0.9382 | 0.9311 | 0.9176 | 0.0277 | 0.9121 | 0.9329 | 0.8821
0136 | 07:43:59 |  14.2s | 1.0e-04 | 0.0260 | 0.9375 | 0.9309 | 0.9155 | 0.0268 | 0.9157 | 0.9365 | 0.8947
0137 | 07:44:23 |  14.0s | 1.0e-04 | 0.0257 | 0.9378 | 0.9322 | 0.9175 | 0.0283 | 0.9332 | 0.9069 | 0.8770
0138 | 07:44:48 |  14.1s | 1.0e-04 | 0.0256 | 0.9399 | 0.9329 | 0.9217 | 0.0287 | 0.9192 | 0.9277 | 0.8840
0139 | 07:45:12 |  14.1s | 1.0e-04 | 0.0257 | 0.9397 | 0.9300 | 0.9166 | 0.0279 | 0.9212 | 0.9298 | 0.8940
0140 | 07:45:37 |  13.9s | 1.0e-04 | 0.0253 | 0.9389 | 0.9323 | 0.9192 | 0.0284 | 0.9130 | 0.9318 | 0.8875
0141 | 07:46:01 |  14.2s | 1.0e-04 | 0.0249 | 0.9409 | 0.9341 | 0.9239 | 0.0274 | 0.9488 | 0.8888 | 0.8835
0142 | 07:46:25 |  14.0s | 1.0e-04 | 0.0252 | 0.9382 | 0.9322 | 0.9194 | 0.0260 | 0.9212 | 0.9172 | 0.8792
0143 | 07:46:50 |  14.1s | 1.0e-04 | 0.0260 | 0.9376 | 0.9294 | 0.9158 | 0.0280 | 0.9164 | 0.9219 | 0.8777
0144 | 07:47:14 |  14.1s | 1.0e-04 | 0.0248 | 0.9390 | 0.9332 | 0.9211 | 0.0276 | 0.9351 | 0.8908 | 0.8629
0145 | 07:47:39 |  14.1s | 1.0e-04 | 0.0240 | 0.9421 | 0.9358 | 0.9266 | 0.0277 | 0.9374 | 0.9110 | 0.8848
0146 | 07:48:03 |  14.1s | 1.0e-04 | 0.0253 | 0.9399 | 0.9339 | 0.9215 | 0.0275 | 0.9467 | 0.8928 | 0.8874
0147 | 07:48:28 |  13.9s | 1.0e-04 | 0.0252 | 0.9406 | 0.9310 | 0.9188 | 0.0271 | 0.9204 | 0.9260 | 0.8891
0148 | 07:48:52 |  14.5s | 1.0e-04 | 0.0251 | 0.9396 | 0.9326 | 0.9206 | 0.0288 | 0.9266 | 0.9190 | 0.8788
0149 | 07:49:17 |  13.9s | 1.0e-04 | 0.0249 | 0.9395 | 0.9341 | 0.9213 | 0.0251 | 0.9361 | 0.9181 | 0.8997
0150 | 07:49:41 |  14.0s | 1.0e-04 | 0.0252 | 0.9394 | 0.9320 | 0.9196 | 0.0266 | 0.9346 | 0.9060 | 0.8914
0151 | 07:50:05 |  14.0s | 1.0e-04 | 0.0253 | 0.9406 | 0.9319 | 0.9196 | 0.0275 | 0.9178 | 0.9229 | 0.8881
0152 | 07:50:29 |  14.1s | 1.0e-04 | 0.0255 | 0.9379 | 0.9318 | 0.9171 | 0.0270 | 0.9337 | 0.9182 | 0.8984
0153 | 07:50:54 |  14.1s | 1.0e-04 | 0.0244 | 0.9378 | 0.9352 | 0.9214 | 0.0266 | 0.9332 | 0.9101 | 0.8831
0154 | 07:51:18 |  14.0s | 1.0e-04 | 0.0250 | 0.9404 | 0.9312 | 0.9194 | 0.0271 | 0.9103 | 0.9341 | 0.8892
0155 | 07:51:43 |  14.0s | 1.0e-04 | 0.0247 | 0.9408 | 0.9341 | 0.9216 | 0.0274 | 0.9351 | 0.9004 | 0.8749
0156 | 07:52:07 |  14.1s | 1.0e-04 | 0.0249 | 0.9406 | 0.9321 | 0.9203 | 0.0270 | 0.9282 | 0.9209 | 0.8843
0157 | 07:52:31 |  25.2s | 1.0e-04 | 0.0245 | 0.9414 | 0.9320 | 0.9206 | 0.0273 | 0.9200 | 0.9185 | 0.8832
0158 | 07:53:07 |  13.9s | 1.0e-04 | 0.0245 | 0.9417 | 0.9341 | 0.9251 | 0.0269 | 0.9290 | 0.9136 | 0.8824
0159 | 07:53:31 |  13.8s | 1.0e-04 | 0.0242 | 0.9425 | 0.9354 | 0.9277 | 0.0258 | 0.9411 | 0.8971 | 0.8853
0160 | 07:53:55 |  14.0s | 1.0e-04 | 0.0249 | 0.9413 | 0.9325 | 0.9205 | 0.0279 | 0.9041 | 0.9363 | 0.8843
0161 | 07:54:19 |  13.7s | 1.0e-04 | 0.0241 | 0.9394 | 0.9372 | 0.9252 | 0.0289 | 0.9162 | 0.9206 | 0.8640
0162 | 07:54:43 |  13.7s | 1.0e-04 | 0.0233 | 0.9420 | 0.9392 | 0.9300 | 0.0280 | 0.9308 | 0.9056 | 0.8776
0163 | 07:55:07 |  13.8s | 1.0e-04 | 0.0233 | 0.9413 | 0.9362 | 0.9258 | 0.0276 | 0.9086 | 0.9290 | 0.8803
0164 | 07:55:32 |  13.9s | 1.0e-04 | 0.0241 | 0.9427 | 0.9359 | 0.9271 | 0.0283 | 0.9196 | 0.9144 | 0.8702
0165 | 07:55:56 |  13.8s | 1.0e-04 | 0.0239 | 0.9420 | 0.9357 | 0.9250 | 0.0263 | 0.9291 | 0.9106 | 0.8796
0166 | 07:56:20 |  14.0s | 1.0e-04 | 0.0243 | 0.9421 | 0.9344 | 0.9251 | 0.0279 | 0.9085 | 0.9286 | 0.8778
0167 | 07:56:44 |  13.9s | 1.0e-04 | 0.0232 | 0.9438 | 0.9401 | 0.9325 | 0.0288 | 0.9383 | 0.8993 | 0.8807
0168 | 07:57:09 |  13.8s | 1.0e-04 | 0.0248 | 0.9408 | 0.9380 | 0.9277 | 0.0291 | 0.9142 | 0.9196 | 0.8656
0169 | 07:57:33 |  14.0s | 1.0e-04 | 0.0239 | 0.9436 | 0.9374 | 0.9296 | 0.0262 | 0.9112 | 0.9374 | 0.8943
0170 | 07:57:57 |  14.1s | 1.0e-04 | 0.0236 | 0.9435 | 0.9353 | 0.9280 | 0.0277 | 0.9331 | 0.9168 | 0.8934
0171 | 07:58:22 |  14.1s | 1.0e-04 | 0.0249 | 0.9411 | 0.9359 | 0.9256 | 0.0279 | 0.9239 | 0.9175 | 0.8743
0172 | 07:58:46 |  14.0s | 1.0e-04 | 0.0235 | 0.9423 | 0.9394 | 0.9300 | 0.0273 | 0.9323 | 0.9073 | 0.8868
0173 | 07:59:10 |  14.0s | 1.0e-04 | 0.0235 | 0.9456 | 0.9378 | 0.9316 | 0.0303 | 0.9189 | 0.9236 | 0.8851
0174 | 07:59:35 |  14.0s | 1.0e-04 | 0.0242 | 0.9431 | 0.9375 | 0.9290 | 0.0268 | 0.9295 | 0.9154 | 0.8902
0175 | 07:59:59 |  13.8s | 1.0e-04 | 0.0237 | 0.9425 | 0.9367 | 0.9276 | 0.0283 | 0.9267 | 0.9131 | 0.8816
0176 | 08:00:23 |  14.1s | 1.0e-04 | 0.0237 | 0.9454 | 0.9374 | 0.9314 | 0.0283 | 0.9108 | 0.9292 | 0.8791
0177 | 08:00:48 |  14.1s | 1.0e-04 | 0.0244 | 0.9420 | 0.9356 | 0.9271 | 0.0269 | 0.9364 | 0.9139 | 0.8951
0178 | 08:01:12 |  13.9s | 1.0e-04 | 0.0235 | 0.9416 | 0.9374 | 0.9288 | 0.0264 | 0.9257 | 0.9156 | 0.8764
0179 | 08:01:36 |  13.9s | 1.0e-04 | 0.0237 | 0.9454 | 0.9355 | 0.9295 | 0.0259 | 0.9417 | 0.9118 | 0.9003
0180 | 08:02:00 |  14.1s | 1.0e-04 | 0.0234 | 0.9432 | 0.9372 | 0.9291 | 0.0256 | 0.9278 | 0.9328 | 0.9092
0181 | 08:02:24 |  14.1s | 1.0e-04 | 0.0236 | 0.9417 | 0.9371 | 0.9278 | 0.0269 | 0.9319 | 0.9105 | 0.8850
0182 | 08:02:49 |  13.9s | 1.0e-04 | 0.0236 | 0.9427 | 0.9350 | 0.9257 | 0.0271 | 0.9172 | 0.9383 | 0.8993
0183 | 08:03:13 |  13.6s | 1.0e-04 | 0.0238 | 0.9423 | 0.9370 | 0.9278 | 0.0268 | 0.9286 | 0.9144 | 0.8835
0184 | 08:03:36 |  14.1s | 1.0e-04 | 0.0237 | 0.9424 | 0.9365 | 0.9289 | 0.0279 | 0.9308 | 0.9161 | 0.8886
0185 | 08:04:01 |  13.9s | 1.0e-04 | 0.0240 | 0.9414 | 0.9373 | 0.9284 | 0.0275 | 0.9331 | 0.9100 | 0.8899
0186 | 08:04:25 |  13.9s | 1.0e-04 | 0.0234 | 0.9461 | 0.9373 | 0.9321 | 0.0268 | 0.9336 | 0.9206 | 0.8996
0187 | 08:04:49 |  14.1s | 1.0e-04 | 0.0226 | 0.9463 | 0.9403 | 0.9352 | 0.0292 | 0.9248 | 0.9079 | 0.8629
0188 | 08:05:13 |  23.1s | 1.0e-04 | 0.0229 | 0.9433 | 0.9367 | 0.9289 | 0.0266 | 0.9307 | 0.9174 | 0.8891
0189 | 08:05:46 |  14.1s | 1.0e-04 | 0.0223 | 0.9445 | 0.9363 | 0.9310 | 0.0263 | 0.9363 | 0.9084 | 0.8874
0190 | 08:06:10 |  14.0s | 1.0e-04 | 0.0224 | 0.9411 | 0.9359 | 0.9261 | 0.0261 | 0.9226 | 0.9250 | 0.8858
0191 | 08:06:34 |  14.2s | 1.0e-04 | 0.0221 | 0.9419 | 0.9401 | 0.9316 | 0.0263 | 0.9376 | 0.9145 | 0.8940
0192 | 08:06:59 |  14.2s | 1.0e-04 | 0.0228 | 0.9425 | 0.9365 | 0.9283 | 0.0264 | 0.9354 | 0.9122 | 0.8883
0193 | 08:07:23 |  14.3s | 1.0e-04 | 0.0228 | 0.9425 | 0.9354 | 0.9254 | 0.0256 | 0.9369 | 0.9173 | 0.8951
0194 | 08:07:48 |  14.4s | 1.0e-04 | 0.0230 | 0.9415 | 0.9328 | 0.9208 | 0.0281 | 0.9335 | 0.9013 | 0.8781
0195 | 08:08:12 |  14.1s | 1.0e-04 | 0.0231 | 0.9430 | 0.9334 | 0.9228 | 0.0256 | 0.9316 | 0.9170 | 0.8950
0196 | 08:08:36 |  14.2s | 1.0e-04 | 0.0222 | 0.9412 | 0.9368 | 0.9274 | 0.0273 | 0.9229 | 0.9211 | 0.8821
0197 | 08:09:01 |  14.1s | 1.0e-04 | 0.0226 | 0.9433 | 0.9358 | 0.9280 | 0.0269 | 0.9260 | 0.9165 | 0.8814
0198 | 08:09:25 |  14.2s | 1.0e-04 | 0.0227 | 0.9415 | 0.9349 | 0.9236 | 0.0264 | 0.9181 | 0.9229 | 0.8819
0199 | 08:09:50 |  14.1s | 1.0e-04 | 0.0232 | 0.9430 | 0.9368 | 0.9291 | 0.0265 | 0.9326 | 0.9212 | 0.8960
0200 | 08:10:14 |  14.0s | 1.0e-04 | 0.0223 | 0.9432 | 0.9358 | 0.9267 | 0.0266 | 0.9198 | 0.9313 | 0.8864
0201 | 08:10:38 |  14.0s | 1.0e-04 | 0.0233 | 0.9427 | 0.9355 | 0.9267 | 0.0262 | 0.9305 | 0.9172 | 0.8922
0202 | 08:11:02 |  14.2s | 1.0e-04 | 0.0227 | 0.9420 | 0.9369 | 0.9279 | 0.0259 | 0.9353 | 0.9275 | 0.9111
0203 | 08:11:26 |  14.3s | 1.0e-04 | 0.0224 | 0.9424 | 0.9392 | 0.9312 | 0.0250 | 0.9334 | 0.9199 | 0.9000
0204 | 08:11:51 |  14.2s | 1.0e-04 | 0.0230 | 0.9410 | 0.9354 | 0.9240 | 0.0268 | 0.9210 | 0.9343 | 0.8968
0205 | 08:12:15 |  14.1s | 1.0e-04 | 0.0224 | 0.9424 | 0.9365 | 0.9265 | 0.0278 | 0.9297 | 0.9102 | 0.8853
0206 | 08:12:39 |  13.9s | 1.0e-04 | 0.0225 | 0.9407 | 0.9353 | 0.9239 | 0.0262 | 0.9454 | 0.9099 | 0.9031
0207 | 08:13:03 |  14.3s | 1.0e-04 | 0.0228 | 0.9427 | 0.9389 | 0.9309 | 0.0251 | 0.9321 | 0.9207 | 0.8862
0208 | 08:13:28 |  14.2s | 1.0e-04 | 0.0230 | 0.9421 | 0.9356 | 0.9270 | 0.0276 | 0.9166 | 0.9141 | 0.8665
0209 | 08:13:52 |  14.3s | 1.0e-04 | 0.0222 | 0.9433 | 0.9373 | 0.9288 | 0.0262 | 0.9391 | 0.9129 | 0.8901
0210 | 08:14:17 |  14.4s | 1.0e-04 | 0.0226 | 0.9412 | 0.9349 | 0.9252 | 0.0252 | 0.9271 | 0.9320 | 0.9014
0211 | 08:14:41 |  14.1s | 1.0e-04 | 0.0226 | 0.9426 | 0.9382 | 0.9302 | 0.0277 | 0.9277 | 0.9034 | 0.8703
0212 | 08:15:05 |  14.3s | 1.0e-04 | 0.0234 | 0.9405 | 0.9344 | 0.9252 | 0.0270 | 0.9361 | 0.9085 | 0.8872
0213 | 08:15:30 |  14.2s | 1.0e-04 | 0.0222 | 0.9429 | 0.9367 | 0.9282 | 0.0282 | 0.9129 | 0.9305 | 0.8862
0214 | 08:15:54 |  14.2s | 1.0e-04 | 0.0228 | 0.9418 | 0.9364 | 0.9268 | 0.0266 | 0.9401 | 0.9079 | 0.8903
0215 | 08:16:18 |  14.0s | 1.0e-04 | 0.0228 | 0.9413 | 0.9329 | 0.9240 | 0.0276 | 0.9375 | 0.9097 | 0.8863
0216 | 08:16:42 |  14.1s | 1.0e-04 | 0.0217 | 0.9427 | 0.9417 | 0.9355 | 0.0253 | 0.9414 | 0.9170 | 0.9050
0217 | 08:17:07 |  14.2s | 1.0e-04 | 0.0223 | 0.9442 | 0.9385 | 0.9320 | 0.0262 | 0.9174 | 0.9357 | 0.8977
0218 | 08:17:31 |  14.2s | 1.0e-04 | 0.0223 | 0.9429 | 0.9402 | 0.9326 | 0.0253 | 0.9258 | 0.9239 | 0.8972
0219 | 08:17:55 |  31.9s | 1.0e-04 | 0.0217 | 0.9451 | 0.9376 | 0.9325 | 0.0263 | 0.9118 | 0.9381 | 0.8929
0220 | 08:18:37 |  14.2s | 1.0e-04 | 0.0222 | 0.9419 | 0.9362 | 0.9287 | 0.0268 | 0.9245 | 0.9165 | 0.8825
0221 | 08:19:01 |  14.0s | 1.0e-04 | 0.0215 | 0.9427 | 0.9358 | 0.9273 | 0.0279 | 0.9376 | 0.9018 | 0.8830
0222 | 08:19:25 |  14.3s | 1.0e-04 | 0.0218 | 0.9445 | 0.9371 | 0.9309 | 0.0275 | 0.9377 | 0.9135 | 0.8974
0223 | 08:19:50 |  14.7s | 1.0e-04 | 0.0218 | 0.9433 | 0.9385 | 0.9326 | 0.0276 | 0.9163 | 0.9328 | 0.8896
0224 | 08:20:15 |  14.4s | 1.0e-04 | 0.0219 | 0.9412 | 0.9360 | 0.9265 | 0.0284 | 0.9462 | 0.8946 | 0.8892
0225 | 08:20:39 |  14.4s | 1.0e-04 | 0.0230 | 0.9381 | 0.9334 | 0.9201 | 0.0268 | 0.9150 | 0.9378 | 0.8986
0226 | 08:21:04 |  14.2s | 1.0e-04 | 0.0224 | 0.9419 | 0.9351 | 0.9232 | 0.0279 | 0.9344 | 0.9036 | 0.8839
0227 | 08:21:28 |  14.3s | 1.0e-04 | 0.0227 | 0.9428 | 0.9326 | 0.9236 | 0.0256 | 0.9306 | 0.9195 | 0.8943
0228 | 08:21:52 |  14.2s | 1.0e-04 | 0.0222 | 0.9429 | 0.9356 | 0.9285 | 0.0254 | 0.9358 | 0.9095 | 0.8879
0229 | 08:22:17 |  14.2s | 1.0e-04 | 0.0221 | 0.9424 | 0.9370 | 0.9282 | 0.0256 | 0.9382 | 0.9082 | 0.8824
0230 | 08:22:41 |  14.2s | 1.0e-04 | 0.0225 | 0.9398 | 0.9348 | 0.9242 | 0.0262 | 0.9205 | 0.9229 | 0.8831
0231 | 08:23:05 |  14.2s | 1.0e-04 | 0.0214 | 0.9425 | 0.9368 | 0.9270 | 0.0255 | 0.9195 | 0.9352 | 0.8996
0232 | 08:23:30 |  14.3s | 1.0e-04 | 0.0227 | 0.9415 | 0.9335 | 0.9259 | 0.0288 | 0.9092 | 0.9386 | 0.8945
0233 | 08:23:54 |  14.4s | 1.0e-04 | 0.0219 | 0.9427 | 0.9360 | 0.9274 | 0.0267 | 0.9095 | 0.9411 | 0.8979
0234 | 08:24:18 |  14.2s | 1.0e-04 | 0.0222 | 0.9433 | 0.9354 | 0.9282 | 0.0262 | 0.9429 | 0.9165 | 0.9053
0235 | 08:24:43 |  14.2s | 1.0e-04 | 0.0225 | 0.9425 | 0.9362 | 0.9258 | 0.0263 | 0.9340 | 0.9043 | 0.8866
0236 | 08:25:07 |  14.4s | 1.0e-04 | 0.0221 | 0.9421 | 0.9356 | 0.9271 | 0.0283 | 0.9354 | 0.9021 | 0.8750
0237 | 08:25:32 |  14.3s | 1.0e-04 | 0.0217 | 0.9395 | 0.9360 | 0.9253 | 0.0266 | 0.9176 | 0.9265 | 0.8886
0238 | 08:25:56 |  14.4s | 1.0e-04 | 0.0222 | 0.9430 | 0.9369 | 0.9293 | 0.0246 | 0.9188 | 0.9408 | 0.9049
0239 | 08:26:20 |  14.1s | 1.0e-04 | 0.0217 | 0.9423 | 0.9378 | 0.9299 | 0.0248 | 0.9286 | 0.9216 | 0.8906
0240 | 08:26:44 |  14.2s | 1.0e-04 | 0.0221 | 0.9447 | 0.9348 | 0.9286 | 0.0272 | 0.9393 | 0.9098 | 0.8919
0241 | 08:27:09 |  13.9s | 1.0e-04 | 0.0220 | 0.9427 | 0.9347 | 0.9264 | 0.0252 | 0.9267 | 0.9237 | 0.8909
0242 | 08:27:33 |  14.0s | 1.0e-04 | 0.0211 | 0.9447 | 0.9395 | 0.9330 | 0.0253 | 0.9192 | 0.9365 | 0.8978
0243 | 08:27:57 |  14.3s | 1.0e-04 | 0.0215 | 0.9457 | 0.9366 | 0.9288 | 0.0269 | 0.9308 | 0.9167 | 0.8799
0244 | 08:28:21 |  14.1s | 1.0e-04 | 0.0218 | 0.9438 | 0.9362 | 0.9291 | 0.0265 | 0.9401 | 0.9045 | 0.8852
0245 | 08:28:45 |  14.3s | 1.0e-04 | 0.0222 | 0.9433 | 0.9366 | 0.9288 | 0.0249 | 0.9245 | 0.9296 | 0.8959
0246 | 08:29:10 |  14.4s | 1.0e-04 | 0.0218 | 0.9416 | 0.9375 | 0.9277 | 0.0259 | 0.9342 | 0.9128 | 0.8912
0247 | 08:29:34 |  14.4s | 1.0e-04 | 0.0218 | 0.9450 | 0.9380 | 0.9304 | 0.0270 | 0.9283 | 0.9272 | 0.9003
0248 | 08:29:59 |  14.1s | 1.0e-04 | 0.0224 | 0.9409 | 0.9366 | 0.9252 | 0.0288 | 0.9194 | 0.9283 | 0.8864
0249 | 08:30:23 |  14.5s | 1.0e-04 | 0.0214 | 0.9451 | 0.9354 | 0.9284 | 0.0269 | 0.9212 | 0.9237 | 0.8786
0250 | 08:30:48 |  14.0s | 1.0e-04 | 0.0219 | 0.9409 | 0.9357 | 0.9263 | 0.0264 | 0.9367 | 0.9110 | 0.8935
0251 | 08:31:14 |  15.4s | 1.0e-04 | 0.0225 | 0.9444 | 0.9386 | 0.9331 | 0.0261 | 0.9370 | 0.9127 | 0.9009
0252 | 08:31:40 |  14.0s | 1.0e-04 | 0.0221 | 0.9438 | 0.9392 | 0.9312 | 0.0263 | 0.9292 | 0.9265 | 0.8929
0253 | 08:32:04 |  14.2s | 1.0e-04 | 0.0220 | 0.9460 | 0.9431 | 0.9394 | 0.0266 | 0.9281 | 0.9271 | 0.9002
0254 | 08:32:28 |  14.0s | 1.0e-04 | 0.0219 | 0.9452 | 0.9400 | 0.9360 | 0.0251 | 0.9318 | 0.9232 | 0.8918
0255 | 08:32:52 |  14.2s | 1.0e-04 | 0.0227 | 0.9451 | 0.9397 | 0.9336 | 0.0258 | 0.9462 | 0.9126 | 0.9057
0256 | 08:33:17 |  13.8s | 1.0e-04 | 0.0215 | 0.9460 | 0.9423 | 0.9384 | 0.0250 | 0.9241 | 0.9366 | 0.9041
0257 | 08:33:40 |  14.0s | 1.0e-04 | 0.0220 | 0.9452 | 0.9401 | 0.9359 | 0.0263 | 0.9222 | 0.9337 | 0.9016
0258 | 08:34:05 |  14.2s | 1.0e-04 | 0.0221 | 0.9442 | 0.9407 | 0.9353 | 0.0279 | 0.9310 | 0.9054 | 0.8832
0259 | 08:34:29 |  14.0s | 1.0e-04 | 0.0221 | 0.9443 | 0.9410 | 0.9353 | 0.0252 | 0.9380 | 0.9124 | 0.8989
0260 | 08:34:53 |  14.2s | 1.0e-04 | 0.0223 | 0.9448 | 0.9408 | 0.9355 | 0.0256 | 0.9361 | 0.9195 | 0.8897
0261 | 08:35:17 |  14.0s | 1.0e-04 | 0.0222 | 0.9438 | 0.9396 | 0.9333 | 0.0233 | 0.9332 | 0.9399 | 0.9200
0262 | 08:35:41 |  14.0s | 1.0e-04 | 0.0221 | 0.9443 | 0.9407 | 0.9351 | 0.0270 | 0.9321 | 0.9168 | 0.8874
0263 | 08:36:05 |  14.1s | 1.0e-04 | 0.0221 | 0.9433 | 0.9387 | 0.9317 | 0.0257 | 0.9323 | 0.9171 | 0.8895
0264 | 08:36:30 |  14.1s | 1.0e-04 | 0.0224 | 0.9451 | 0.9415 | 0.9367 | 0.0248 | 0.9473 | 0.9065 | 0.9063
0265 | 08:36:54 |  14.1s | 1.0e-04 | 0.0221 | 0.9432 | 0.9385 | 0.9314 | 0.0242 | 0.9333 | 0.9277 | 0.9019
0266 | 08:37:18 |  14.1s | 1.0e-04 | 0.0220 | 0.9451 | 0.9401 | 0.9356 | 0.0260 | 0.9172 | 0.9395 | 0.9021
0267 | 08:37:42 |  14.1s | 1.0e-04 | 0.0225 | 0.9440 | 0.9395 | 0.9326 | 0.0264 | 0.9094 | 0.9436 | 0.8970
0268 | 08:38:07 |  14.0s | 1.0e-04 | 0.0217 | 0.9436 | 0.9415 | 0.9349 | 0.0266 | 0.9137 | 0.9293 | 0.8881
0269 | 08:38:31 |  14.2s | 1.0e-04 | 0.0223 | 0.9436 | 0.9396 | 0.9315 | 0.0243 | 0.9255 | 0.9377 | 0.9120
0270 | 08:38:55 |  13.9s | 1.0e-04 | 0.0221 | 0.9439 | 0.9414 | 0.9365 | 0.0244 | 0.9304 | 0.9263 | 0.9029
0271 | 08:39:19 |  14.1s | 1.0e-04 | 0.0220 | 0.9455 | 0.9421 | 0.9371 | 0.0257 | 0.9249 | 0.9204 | 0.8825
0272 | 08:39:43 |  14.2s | 1.0e-04 | 0.0224 | 0.9425 | 0.9407 | 0.9335 | 0.0254 | 0.9241 | 0.9318 | 0.8993
0273 | 08:40:07 |  14.0s | 1.0e-04 | 0.0218 | 0.9467 | 0.9413 | 0.9381 | 0.0263 | 0.9512 | 0.8974 | 0.8932
0274 | 08:40:31 |  13.9s | 1.0e-04 | 0.0215 | 0.9456 | 0.9426 | 0.9375 | 0.0261 | 0.9285 | 0.9139 | 0.8827
0275 | 08:40:55 |  14.0s | 1.0e-04 | 0.0220 | 0.9443 | 0.9421 | 0.9369 | 0.0235 | 0.9273 | 0.9336 | 0.9091
0276 | 08:41:19 |  14.0s | 1.0e-04 | 0.0219 | 0.9441 | 0.9436 | 0.9376 | 0.0254 | 0.9285 | 0.9229 | 0.9006
0277 | 08:41:43 |  14.1s | 1.0e-04 | 0.0228 | 0.9440 | 0.9392 | 0.9327 | 0.0261 | 0.9187 | 0.9281 | 0.8899
0278 | 08:42:08 |  14.0s | 1.0e-04 | 0.0226 | 0.9450 | 0.9397 | 0.9351 | 0.0245 | 0.9263 | 0.9374 | 0.9085
0279 | 08:42:32 |  14.1s | 1.0e-04 | 0.0217 | 0.9475 | 0.9424 | 0.9396 | 0.0262 | 0.9134 | 0.9372 | 0.8930
0280 | 08:42:56 |  14.0s | 1.0e-04 | 0.0208 | 0.9459 | 0.9435 | 0.9392 | 0.0246 | 0.9349 | 0.9155 | 0.8900
0281 | 08:43:20 |  14.2s | 1.0e-04 | 0.0227 | 0.9435 | 0.9390 | 0.9337 | 0.0260 | 0.9345 | 0.9234 | 0.9016
0282 | 08:43:44 |  24.8s | 1.0e-04 | 0.0213 | 0.9432 | 0.9400 | 0.9323 | 0.0250 | 0.9420 | 0.9110 | 0.8969
0283 | 08:44:19 |  14.2s | 1.0e-04 | 0.0226 | 0.9428 | 0.9370 | 0.9272 | 0.0253 | 0.9334 | 0.9286 | 0.9055
0284 | 08:44:43 |  14.3s | 1.0e-04 | 0.0228 | 0.9418 | 0.9360 | 0.9258 | 0.0245 | 0.9176 | 0.9430 | 0.9094
0285 | 08:45:08 |  14.1s | 1.0e-04 | 0.0226 | 0.9396 | 0.9333 | 0.9222 | 0.0250 | 0.9161 | 0.9355 | 0.8957
0286 | 08:45:32 |  14.1s | 1.0e-04 | 0.0224 | 0.9422 | 0.9378 | 0.9283 | 0.0273 | 0.9315 | 0.9090 | 0.8776
0287 | 08:45:56 |  14.0s | 1.0e-04 | 0.0228 | 0.9408 | 0.9374 | 0.9274 | 0.0259 | 0.9199 | 0.9454 | 0.9150
0288 | 08:46:20 |  14.0s | 1.0e-04 | 0.0220 | 0.9420 | 0.9377 | 0.9304 | 0.0242 | 0.9194 | 0.9300 | 0.8945
0289 | 08:46:44 |  14.0s | 1.0e-04 | 0.0225 | 0.9412 | 0.9368 | 0.9268 | 0.0246 | 0.9302 | 0.9305 | 0.9083
0290 | 08:47:08 |  14.0s | 1.0e-04 | 0.0221 | 0.9422 | 0.9384 | 0.9298 | 0.0234 | 0.9422 | 0.9252 | 0.9150
0291 | 08:47:32 |  14.3s | 1.0e-04 | 0.0227 | 0.9415 | 0.9340 | 0.9238 | 0.0254 | 0.9263 | 0.9282 | 0.8903
0292 | 08:47:57 |  14.1s | 1.0e-04 | 0.0222 | 0.9421 | 0.9370 | 0.9272 | 0.0255 | 0.9315 | 0.9189 | 0.8952
0293 | 08:48:21 |  14.2s | 1.0e-04 | 0.0225 | 0.9427 | 0.9344 | 0.9268 | 0.0244 | 0.9315 | 0.9289 | 0.9059
0294 | 08:48:45 |  14.3s | 1.0e-04 | 0.0223 | 0.9410 | 0.9380 | 0.9277 | 0.0252 | 0.9353 | 0.9206 | 0.9039
0295 | 08:49:10 |  14.3s | 1.0e-04 | 0.0222 | 0.9412 | 0.9378 | 0.9303 | 0.0247 | 0.9215 | 0.9392 | 0.9041
0296 | 08:49:34 |  14.0s | 1.0e-04 | 0.0227 | 0.9408 | 0.9395 | 0.9300 | 0.0240 | 0.9418 | 0.9203 | 0.9141
0297 | 08:49:58 |  14.2s | 1.0e-04 | 0.0221 | 0.9416 | 0.9382 | 0.9283 | 0.0240 | 0.9260 | 0.9408 | 0.9143
0298 | 08:50:22 |  14.0s | 1.0e-04 | 0.0223 | 0.9417 | 0.9352 | 0.9257 | 0.0258 | 0.9374 | 0.9215 | 0.9079
0299 | 08:50:47 |  14.1s | 1.0e-04 | 0.0227 | 0.9421 | 0.9357 | 0.9266 | 0.0254 | 0.9336 | 0.9253 | 0.9045
0300 | 08:51:11 |  13.9s | 1.0e-04 | 0.0221 | 0.9443 | 0.9376 | 0.9308 | 0.0255 | 0.9329 | 0.9267 | 0.9027
0301 | 08:51:35 |  14.0s | 1.0e-04 | 0.0225 | 0.9402 | 0.9366 | 0.9269 | 0.0233 | 0.9444 | 0.9217 | 0.9166
0302 | 08:51:59 |  14.0s | 1.0e-04 | 0.0219 | 0.9424 | 0.9376 | 0.9292 | 0.0242 | 0.9421 | 0.9267 | 0.9105
0303 | 08:52:23 |  14.1s | 1.0e-04 | 0.0226 | 0.9425 | 0.9354 | 0.9259 | 0.0260 | 0.9377 | 0.9151 | 0.8928
0304 | 08:52:47 |  14.3s | 1.0e-04 | 0.0215 | 0.9453 | 0.9355 | 0.9290 | 0.0251 | 0.9380 | 0.9155 | 0.8964
0305 | 08:53:11 |  14.0s | 1.0e-04 | 0.0222 | 0.9424 | 0.9373 | 0.9298 | 0.0239 | 0.9282 | 0.9262 | 0.9014
0306 | 08:53:35 |  14.1s | 1.0e-04 | 0.0223 | 0.9416 | 0.9329 | 0.9247 | 0.0260 | 0.9385 | 0.9134 | 0.8953
0307 | 08:54:00 |  14.0s | 1.0e-04 | 0.0223 | 0.9418 | 0.9399 | 0.9317 | 0.0267 | 0.9508 | 0.9009 | 0.9007
0308 | 08:54:24 |  14.1s | 1.0e-04 | 0.0221 | 0.9424 | 0.9372 | 0.9296 | 0.0250 | 0.9273 | 0.9331 | 0.9051
0309 | 08:54:48 |  14.1s | 1.0e-04 | 0.0219 | 0.9452 | 0.9355 | 0.9294 | 0.0258 | 0.9167 | 0.9352 | 0.8940
0310 | 08:55:12 |  14.1s | 1.0e-04 | 0.0219 | 0.9424 | 0.9384 | 0.9313 | 0.0259 | 0.9305 | 0.9238 | 0.8979
0311 | 08:55:36 |  13.9s | 1.0e-04 | 0.0217 | 0.9421 | 0.9365 | 0.9267 | 0.0246 | 0.9397 | 0.9126 | 0.8998
0312 | 08:56:00 |  14.1s | 1.0e-04 | 0.0224 | 0.9412 | 0.9362 | 0.9258 | 0.0245 | 0.9389 | 0.9155 | 0.9027
0313 | 08:56:24 |  28.3s | 1.0e-04 | 0.0213 | 0.9457 | 0.9401 | 0.9369 | 0.0248 | 0.9201 | 0.9315 | 0.8930
0314 | 08:57:02 |  14.1s | 1.0e-04 | 0.0223 | 0.9445 | 0.9409 | 0.9348 | 0.0256 | 0.9323 | 0.9171 | 0.8882
0315 | 08:57:27 |  14.1s | 1.0e-04 | 0.0223 | 0.9450 | 0.9432 | 0.9380 | 0.0245 | 0.9320 | 0.9336 | 0.9104
0316 | 08:57:51 |  14.0s | 1.0e-04 | 0.0224 | 0.9439 | 0.9396 | 0.9348 | 0.0253 | 0.9191 | 0.9412 | 0.9093
0317 | 08:58:15 |  13.9s | 1.0e-04 | 0.0224 | 0.9425 | 0.9407 | 0.9327 | 0.0244 | 0.9345 | 0.9216 | 0.9036
0318 | 08:58:39 |  14.0s | 1.0e-04 | 0.0228 | 0.9435 | 0.9415 | 0.9359 | 0.0242 | 0.9275 | 0.9265 | 0.8977
0319 | 08:59:03 |  13.9s | 1.0e-04 | 0.0225 | 0.9456 | 0.9433 | 0.9385 | 0.0244 | 0.9379 | 0.9258 | 0.9145
0320 | 08:59:27 |  14.1s | 1.0e-04 | 0.0231 | 0.9445 | 0.9438 | 0.9386 | 0.0248 | 0.9399 | 0.9173 | 0.9017
0321 | 08:59:51 |  14.1s | 1.0e-04 | 0.0223 | 0.9440 | 0.9420 | 0.9361 | 0.0249 | 0.9257 | 0.9298 | 0.8987
0322 | 09:00:15 |  14.0s | 1.0e-04 | 0.0217 | 0.9467 | 0.9445 | 0.9408 | 0.0242 | 0.9264 | 0.9310 | 0.9039
0323 | 09:00:39 |  14.0s | 1.0e-04 | 0.0222 | 0.9464 | 0.9433 | 0.9395 | 0.0237 | 0.9423 | 0.9330 | 0.9168
0324 | 09:01:03 |  13.9s | 1.0e-04 | 0.0224 | 0.9452 | 0.9422 | 0.9379 | 0.0249 | 0.9342 | 0.9179 | 0.8968
0325 | 09:01:27 |  14.4s | 1.0e-04 | 0.0230 | 0.9444 | 0.9373 | 0.9311 | 0.0252 | 0.9232 | 0.9422 | 0.9155
0326 | 09:01:52 |  14.0s | 1.0e-04 | 0.0215 | 0.9458 | 0.9435 | 0.9395 | 0.0264 | 0.9355 | 0.9156 | 0.8901
0327 | 09:02:16 |  14.1s | 1.0e-04 | 0.0226 | 0.9453 | 0.9401 | 0.9343 | 0.0253 | 0.9213 | 0.9312 | 0.8923
0328 | 09:02:40 |  14.0s | 1.0e-04 | 0.0226 | 0.9438 | 0.9420 | 0.9355 | 0.0252 | 0.9347 | 0.9184 | 0.9033
0329 | 09:03:04 |  13.8s | 1.0e-04 | 0.0229 | 0.9457 | 0.9431 | 0.9386 | 0.0247 | 0.9285 | 0.9401 | 0.9152
0330 | 09:03:28 |  14.6s | 1.0e-04 | 0.0221 | 0.9463 | 0.9435 | 0.9393 | 0.0253 | 0.9479 | 0.9056 | 0.9038
0331 | 09:03:53 |  14.5s | 1.0e-04 | 0.0227 | 0.9443 | 0.9423 | 0.9372 | 0.0247 | 0.9376 | 0.9268 | 0.9096
0332 | 09:04:17 |  14.2s | 1.0e-04 | 0.0223 | 0.9461 | 0.9432 | 0.9397 | 0.0287 | 0.9425 | 0.9004 | 0.8940
0333 | 09:04:41 |  14.2s | 1.0e-04 | 0.0220 | 0.9461 | 0.9433 | 0.9401 | 0.0240 | 0.9146 | 0.9437 | 0.9028
0334 | 09:05:06 |  14.1s | 1.0e-04 | 0.0224 | 0.9443 | 0.9421 | 0.9372 | 0.0251 | 0.9415 | 0.9131 | 0.9024
0335 | 09:05:30 |  14.0s | 1.0e-04 | 0.0224 | 0.9449 | 0.9438 | 0.9384 | 0.0254 | 0.9245 | 0.9380 | 0.9088
0336 | 09:05:54 |  14.0s | 1.0e-04 | 0.0220 | 0.9462 | 0.9431 | 0.9400 | 0.0248 | 0.9241 | 0.9361 | 0.9025
0337 | 09:06:18 |  14.1s | 1.0e-04 | 0.0219 | 0.9455 | 0.9433 | 0.9385 | 0.0255 | 0.9258 | 0.9305 | 0.8987
0338 | 09:06:42 |  14.1s | 1.0e-04 | 0.0228 | 0.9433 | 0.9417 | 0.9337 | 0.0249 | 0.9328 | 0.9302 | 0.9081
0339 | 09:07:06 |  14.1s | 1.0e-04 | 0.0216 | 0.9467 | 0.9459 | 0.9424 | 0.0264 | 0.9256 | 0.9213 | 0.8899
0340 | 09:07:30 |  14.1s | 1.0e-04 | 0.0213 | 0.9457 | 0.9450 | 0.9415 | 0.0242 | 0.9383 | 0.9313 | 0.9140
0341 | 09:07:54 |  14.1s | 1.0e-04 | 0.0217 | 0.9451 | 0.9435 | 0.9371 | 0.0255 | 0.9361 | 0.9152 | 0.8999
0342 | 09:08:19 |  14.0s | 1.0e-04 | 0.0221 | 0.9461 | 0.9426 | 0.9396 | 0.0243 | 0.9205 | 0.9387 | 0.9044
0343 | 09:08:43 |  14.4s | 1.0e-04 | 0.0232 | 0.9442 | 0.9397 | 0.9338 | 0.0252 | 0.9192 | 0.9386 | 0.9045
0344 | 09:09:07 |  28.3s | 1.0e-04 | 0.0229 | 0.9446 | 0.9436 | 0.9377 | 0.0255 | 0.9275 | 0.9277 | 0.9015
0345 | 09:09:45 |  14.0s | 1.0e-04 | 0.0221 | 0.9454 | 0.9423 | 0.9366 | 0.0261 | 0.9353 | 0.9292 | 0.9086
0346 | 09:10:09 |  14.2s | 1.0e-04 | 0.0220 | 0.9459 | 0.9424 | 0.9390 | 0.0250 | 0.9326 | 0.9215 | 0.8989
0347 | 09:10:34 |  14.0s | 1.0e-04 | 0.0221 | 0.9444 | 0.9451 | 0.9404 | 0.0253 | 0.9381 | 0.9167 | 0.9025
0348 | 09:10:58 |  13.9s | 1.0e-04 | 0.0230 | 0.9455 | 0.9441 | 0.9398 | 0.0241 | 0.9474 | 0.9151 | 0.9068
0349 | 09:11:22 |  14.0s | 1.0e-04 | 0.0224 | 0.9444 | 0.9441 | 0.9384 | 0.0255 | 0.9421 | 0.9155 | 0.9009
0350 | 09:11:46 |  14.5s | 1.0e-04 | 0.0221 | 0.9449 | 0.9416 | 0.9378 | 0.0240 | 0.9396 | 0.9102 | 0.8883
0351 | 09:12:10 |  13.8s | 1.0e-04 | 0.0226 | 0.9424 | 0.9412 | 0.9327 | 0.0239 | 0.9396 | 0.9100 | 0.9030
0352 | 09:12:34 |  14.0s | 1.0e-04 | 0.0226 | 0.9446 | 0.9447 | 0.9386 | 0.0252 | 0.9374 | 0.9171 | 0.9052
0353 | 09:12:58 |  13.9s | 1.0e-04 | 0.0224 | 0.9467 | 0.9443 | 0.9406 | 0.0255 | 0.9209 | 0.9346 | 0.9036
0354 | 09:13:22 |  13.9s | 1.0e-04 | 0.0228 | 0.9443 | 0.9410 | 0.9343 | 0.0238 | 0.9288 | 0.9221 | 0.8987
0355 | 09:13:46 |  13.9s | 1.0e-04 | 0.0231 | 0.9447 | 0.9421 | 0.9359 | 0.0247 | 0.9219 | 0.9286 | 0.8949
0356 | 09:14:10 |  13.7s | 1.0e-04 | 0.0225 | 0.9452 | 0.9415 | 0.9366 | 0.0253 | 0.9228 | 0.9236 | 0.8869
0357 | 09:14:34 |  14.0s | 1.0e-04 | 0.0225 | 0.9462 | 0.9433 | 0.9395 | 0.0246 | 0.9229 | 0.9347 | 0.8957
0358 | 09:14:58 |  13.8s | 1.0e-04 | 0.0226 | 0.9446 | 0.9422 | 0.9364 | 0.0247 | 0.9337 | 0.9275 | 0.9088
0359 | 09:15:22 |  13.7s | 1.0e-04 | 0.0224 | 0.9440 | 0.9425 | 0.9362 | 0.0247 | 0.9320 | 0.9274 | 0.9021
0360 | 09:15:45 |  14.0s | 1.0e-04 | 0.0225 | 0.9451 | 0.9406 | 0.9355 | 0.0245 | 0.9290 | 0.9295 | 0.9036
0361 | 09:16:09 |  13.9s | 1.0e-04 | 0.0224 | 0.9473 | 0.9452 | 0.9431 | 0.0257 | 0.9433 | 0.9115 | 0.9030
0362 | 09:16:33 |  13.8s | 1.0e-04 | 0.0225 | 0.9452 | 0.9418 | 0.9361 | 0.0242 | 0.9360 | 0.9250 | 0.9110
0363 | 09:16:57 |  13.9s | 1.0e-04 | 0.0223 | 0.9450 | 0.9418 | 0.9368 | 0.0239 | 0.9318 | 0.9303 | 0.9070
0364 | 09:17:21 |  14.1s | 1.0e-04 | 0.0222 | 0.9458 | 0.9422 | 0.9375 | 0.0232 | 0.9477 | 0.9139 | 0.9081
0365 | 09:17:45 |  14.0s | 1.0e-04 | 0.0226 | 0.9461 | 0.9415 | 0.9367 | 0.0249 | 0.9444 | 0.9090 | 0.9019
0366 | 09:18:09 |  14.1s | 1.0e-04 | 0.0220 | 0.9470 | 0.9437 | 0.9415 | 0.0256 | 0.9258 | 0.9345 | 0.9017
0367 | 09:18:33 |  14.1s | 1.0e-04 | 0.0222 | 0.9463 | 0.9434 | 0.9388 | 0.0249 | 0.9325 | 0.9271 | 0.9051
0368 | 09:18:57 |  13.8s | 1.0e-04 | 0.0222 | 0.9445 | 0.9407 | 0.9352 | 0.0249 | 0.9160 | 0.9359 | 0.8940
0369 | 09:19:21 |  14.0s | 1.0e-04 | 0.0218 | 0.9485 | 0.9460 | 0.9432 | 0.0239 | 0.9328 | 0.9212 | 0.8989
0370 | 09:19:45 |  14.3s | 1.0e-04 | 0.0228 | 0.9451 | 0.9427 | 0.9374 | 0.0240 | 0.9447 | 0.9206 | 0.9095
0371 | 09:20:10 |  14.1s | 1.0e-04 | 0.0224 | 0.9478 | 0.9438 | 0.9407 | 0.0246 | 0.9291 | 0.9276 | 0.9078
0372 | 09:20:34 |  14.4s | 1.0e-04 | 0.0223 | 0.9450 | 0.9433 | 0.9372 | 0.0250 | 0.9207 | 0.9352 | 0.9019
0373 | 09:20:58 |  14.0s | 1.0e-04 | 0.0223 | 0.9439 | 0.9431 | 0.9378 | 0.0249 | 0.9232 | 0.9244 | 0.8882
0374 | 09:21:22 |  14.1s | 1.0e-04 | 0.0222 | 0.9462 | 0.9421 | 0.9370 | 0.0243 | 0.9352 | 0.9297 | 0.9077
0375 | 09:21:47 |  14.2s | 1.0e-04 | 0.0227 | 0.9458 | 0.9406 | 0.9384 | 0.0235 | 0.9413 | 0.9268 | 0.9118
0376 | 09:22:13 |  16.9s | 1.0e-04 | 0.0208 | 0.9436 | 0.9376 | 0.9319 | 0.0245 | 0.9333 | 0.9311 | 0.9096
0377 | 09:22:40 |  14.2s | 1.0e-04 | 0.0208 | 0.9441 | 0.9401 | 0.9340 | 0.0250 | 0.9254 | 0.9397 | 0.9126
0378 | 09:23:05 |  14.1s | 1.0e-04 | 0.0207 | 0.9451 | 0.9393 | 0.9339 | 0.0264 | 0.9384 | 0.9145 | 0.8941
0379 | 09:23:29 |  14.1s | 1.0e-04 | 0.0203 | 0.9453 | 0.9410 | 0.9356 | 0.0255 | 0.9351 | 0.9190 | 0.9019
0380 | 09:23:53 |  14.2s | 1.0e-04 | 0.0209 | 0.9443 | 0.9397 | 0.9341 | 0.0245 | 0.9437 | 0.9192 | 0.9053
0381 | 09:24:17 |  14.1s | 1.0e-04 | 0.0213 | 0.9423 | 0.9393 | 0.9309 | 0.0249 | 0.9211 | 0.9379 | 0.9065
0382 | 09:24:41 |  14.2s | 1.0e-04 | 0.0208 | 0.9459 | 0.9372 | 0.9305 | 0.0240 | 0.9346 | 0.9241 | 0.9004
0383 | 09:25:06 |  14.3s | 1.0e-04 | 0.0208 | 0.9473 | 0.9390 | 0.9347 | 0.0234 | 0.9269 | 0.9261 | 0.8983
0384 | 09:25:30 |  14.1s | 1.0e-04 | 0.0207 | 0.9447 | 0.9406 | 0.9361 | 0.0257 | 0.9444 | 0.9075 | 0.8895
0385 | 09:25:54 |  14.1s | 1.0e-04 | 0.0209 | 0.9448 | 0.9405 | 0.9349 | 0.0243 | 0.9423 | 0.9114 | 0.8983
0386 | 09:26:18 |  14.3s | 1.0e-04 | 0.0208 | 0.9439 | 0.9390 | 0.9329 | 0.0252 | 0.9252 | 0.9384 | 0.9135
0387 | 09:26:43 |  14.0s | 1.0e-04 | 0.0209 | 0.9449 | 0.9385 | 0.9337 | 0.0272 | 0.9451 | 0.9048 | 0.8936
0388 | 09:27:07 |  14.2s | 1.0e-04 | 0.0207 | 0.9452 | 0.9418 | 0.9363 | 0.0230 | 0.9308 | 0.9221 | 0.9032
0389 | 09:27:31 |  14.1s | 1.0e-04 | 0.0203 | 0.9463 | 0.9427 | 0.9382 | 0.0243 | 0.9332 | 0.9261 | 0.9080
0390 | 09:27:55 |  14.1s | 1.0e-04 | 0.0203 | 0.9449 | 0.9399 | 0.9342 | 0.0253 | 0.9308 | 0.9201 | 0.8890
0391 | 09:28:19 |  14.1s | 1.0e-04 | 0.0201 | 0.9464 | 0.9398 | 0.9357 | 0.0252 | 0.9233 | 0.9309 | 0.8985
0392 | 09:28:43 |  14.1s | 1.0e-04 | 0.0209 | 0.9459 | 0.9402 | 0.9359 | 0.0244 | 0.9335 | 0.9301 | 0.9013
0393 | 09:29:07 |  14.0s | 1.0e-04 | 0.0203 | 0.9457 | 0.9401 | 0.9356 | 0.0250 | 0.9264 | 0.9299 | 0.9040
0394 | 09:29:31 |  14.0s | 1.0e-04 | 0.0213 | 0.9435 | 0.9374 | 0.9296 | 0.0244 | 0.9258 | 0.9362 | 0.9141
0395 | 09:29:55 |  14.1s | 1.0e-04 | 0.0209 | 0.9442 | 0.9411 | 0.9356 | 0.0241 | 0.9270 | 0.9321 | 0.9010
0396 | 09:30:20 |  14.2s | 1.0e-04 | 0.0208 | 0.9447 | 0.9378 | 0.9312 | 0.0243 | 0.9309 | 0.9289 | 0.9064
0397 | 09:30:44 |  14.1s | 1.0e-04 | 0.0202 | 0.9494 | 0.9400 | 0.9381 | 0.0237 | 0.9338 | 0.9344 | 0.9148
0398 | 09:31:08 |  14.2s | 1.0e-04 | 0.0200 | 0.9470 | 0.9426 | 0.9389 | 0.0258 | 0.9262 | 0.9270 | 0.8987
0399 | 09:31:32 |  14.2s | 1.0e-04 | 0.0209 | 0.9452 | 0.9385 | 0.9339 | 0.0240 | 0.9359 | 0.9278 | 0.9065
0400 | 09:31:56 |  14.1s | 1.0e-04 | 0.0210 | 0.9460 | 0.9414 | 0.9362 | 0.0230 | 0.9400 | 0.9282 | 0.9186
0401 | 09:32:21 |  14.1s | 1.0e-04 | 0.0204 | 0.9476 | 0.9426 | 0.9391 | 0.0245 | 0.9117 | 0.9392 | 0.8919
0402 | 09:32:45 |  14.2s | 1.0e-04 | 0.0199 | 0.9475 | 0.9410 | 0.9383 | 0.0244 | 0.9304 | 0.9416 | 0.9221
0403 | 09:33:09 |  14.2s | 1.0e-04 | 0.0203 | 0.9460 | 0.9387 | 0.9334 | 0.0240 | 0.9369 | 0.9366 | 0.9191
0404 | 09:33:33 |  14.3s | 1.0e-04 | 0.0199 | 0.9469 | 0.9420 | 0.9387 | 0.0240 | 0.9247 | 0.9379 | 0.9097
0405 | 09:33:57 |  14.2s | 1.0e-04 | 0.0209 | 0.9449 | 0.9402 | 0.9348 | 0.0240 | 0.9260 | 0.9346 | 0.9051
0406 | 09:34:22 |  14.0s | 1.0e-04 | 0.0205 | 0.9440 | 0.9429 | 0.9366 | 0.0253 | 0.9330 | 0.9343 | 0.9101
0407 | 09:34:46 |  26.2s | 1.0e-04 | 0.0202 | 0.9472 | 0.9444 | 0.9414 | 0.0245 | 0.9342 | 0.9230 | 0.8985
0408 | 09:35:22 |  14.1s | 1.0e-04 | 0.0208 | 0.9478 | 0.9426 | 0.9398 | 0.0247 | 0.9380 | 0.9217 | 0.9022
0409 | 09:35:46 |  14.3s | 1.0e-04 | 0.0201 | 0.9483 | 0.9433 | 0.9410 | 0.0233 | 0.9351 | 0.9197 | 0.9075
0410 | 09:36:10 |  14.0s | 1.0e-04 | 0.0208 | 0.9463 | 0.9445 | 0.9406 | 0.0246 | 0.9259 | 0.9337 | 0.9040
0411 | 09:36:34 |  14.2s | 1.0e-04 | 0.0208 | 0.9454 | 0.9407 | 0.9343 | 0.0247 | 0.9373 | 0.9178 | 0.8984
0412 | 09:36:58 |  14.2s | 1.0e-04 | 0.0209 | 0.9464 | 0.9410 | 0.9372 | 0.0238 | 0.9202 | 0.9343 | 0.8964
0413 | 09:37:23 |  14.1s | 1.0e-04 | 0.0209 | 0.9459 | 0.9416 | 0.9376 | 0.0244 | 0.9258 | 0.9366 | 0.9138
0414 | 09:37:47 |  13.9s | 1.0e-04 | 0.0205 | 0.9467 | 0.9451 | 0.9418 | 0.0244 | 0.9316 | 0.9298 | 0.9119
0415 | 09:38:11 |  14.4s | 1.0e-04 | 0.0207 | 0.9469 | 0.9427 | 0.9388 | 0.0252 | 0.9226 | 0.9274 | 0.8835
0416 | 09:38:35 |  14.3s | 1.0e-04 | 0.0210 | 0.9468 | 0.9442 | 0.9403 | 0.0244 | 0.9423 | 0.9185 | 0.9041
0417 | 09:38:59 |  14.0s | 1.0e-04 | 0.0206 | 0.9463 | 0.9447 | 0.9418 | 0.0245 | 0.9371 | 0.9238 | 0.9062
0418 | 09:39:23 |  14.3s | 1.0e-04 | 0.0202 | 0.9484 | 0.9436 | 0.9424 | 0.0243 | 0.9443 | 0.9067 | 0.8952
0419 | 09:39:48 |  14.1s | 1.0e-04 | 0.0204 | 0.9484 | 0.9432 | 0.9412 | 0.0226 | 0.9326 | 0.9307 | 0.9119
0420 | 09:40:12 |  14.0s | 1.0e-04 | 0.0205 | 0.9471 | 0.9443 | 0.9416 | 0.0248 | 0.9163 | 0.9357 | 0.8962
0421 | 09:40:36 |  14.2s | 1.0e-04 | 0.0197 | 0.9478 | 0.9460 | 0.9429 | 0.0236 | 0.9330 | 0.9265 | 0.9092
0422 | 09:41:00 |  14.1s | 1.0e-04 | 0.0200 | 0.9472 | 0.9457 | 0.9432 | 0.0235 | 0.9314 | 0.9388 | 0.9127
0423 | 09:41:24 |  14.5s | 1.0e-04 | 0.0210 | 0.9457 | 0.9447 | 0.9404 | 0.0247 | 0.9198 | 0.9275 | 0.8904
0424 | 09:41:49 |  14.2s | 1.0e-04 | 0.0207 | 0.9462 | 0.9453 | 0.9420 | 0.0256 | 0.9304 | 0.9262 | 0.8986
0425 | 09:42:13 |  14.4s | 1.0e-04 | 0.0206 | 0.9461 | 0.9430 | 0.9400 | 0.0238 | 0.9362 | 0.9233 | 0.8986
0426 | 09:42:37 |  14.2s | 1.0e-04 | 0.0207 | 0.9463 | 0.9425 | 0.9386 | 0.0244 | 0.9299 | 0.9314 | 0.9012
0427 | 09:43:01 |  14.3s | 1.0e-04 | 0.0202 | 0.9467 | 0.9450 | 0.9416 | 0.0258 | 0.9244 | 0.9337 | 0.9042
0428 | 09:43:26 |  14.1s | 1.0e-04 | 0.0209 | 0.9462 | 0.9430 | 0.9389 | 0.0260 | 0.9136 | 0.9480 | 0.9118
0429 | 09:43:50 |  14.0s | 1.0e-04 | 0.0213 | 0.9471 | 0.9444 | 0.9410 | 0.0247 | 0.9227 | 0.9428 | 0.9141
0430 | 09:44:14 |  14.1s | 1.0e-04 | 0.0200 | 0.9481 | 0.9435 | 0.9419 | 0.0245 | 0.9289 | 0.9283 | 0.9040
0431 | 09:44:38 |  14.1s | 1.0e-04 | 0.0195 | 0.9502 | 0.9454 | 0.9458 | 0.0234 | 0.9438 | 0.9203 | 0.9116
0432 | 09:45:02 |  14.3s | 1.0e-04 | 0.0203 | 0.9495 | 0.9446 | 0.9439 | 0.0236 | 0.9459 | 0.9157 | 0.9077
0433 | 09:45:26 |  14.3s | 1.0e-04 | 0.0201 | 0.9493 | 0.9427 | 0.9426 | 0.0249 | 0.9432 | 0.9101 | 0.8991
0434 | 09:45:51 |  14.3s | 1.0e-04 | 0.0208 | 0.9462 | 0.9425 | 0.9386 | 0.0246 | 0.9411 | 0.9148 | 0.9086
0435 | 09:46:16 |  14.0s | 1.0e-04 | 0.0207 | 0.9488 | 0.9429 | 0.9404 | 0.0244 | 0.9235 | 0.9345 | 0.9023
0436 | 09:46:39 |  14.1s | 1.0e-04 | 0.0206 | 0.9488 | 0.9431 | 0.9424 | 0.0232 | 0.9352 | 0.9284 | 0.9098
0437 | 09:47:04 |  14.1s | 1.0e-04 | 0.0200 | 0.9483 | 0.9441 | 0.9434 | 0.0233 | 0.9307 | 0.9258 | 0.9041
0438 | 09:47:28 |  22.7s | 1.0e-04 | 0.0198 | 0.9480 | 0.9431 | 0.9415 | 0.0241 | 0.9173 | 0.9492 | 0.9163
0439 | 09:48:01 |  14.0s | 1.0e-04 | 0.0207 | 0.9458 | 0.9423 | 0.9385 | 0.0244 | 0.9202 | 0.9384 | 0.9027
0440 | 09:48:25 |  14.2s | 1.0e-04 | 0.0204 | 0.9453 | 0.9438 | 0.9394 | 0.0250 | 0.9254 | 0.9296 | 0.8914
0441 | 09:48:49 |  14.0s | 1.0e-04 | 0.0208 | 0.9485 | 0.9430 | 0.9393 | 0.0263 | 0.9320 | 0.9201 | 0.8962
0442 | 09:49:13 |  14.2s | 1.0e-04 | 0.0208 | 0.9456 | 0.9440 | 0.9397 | 0.0242 | 0.9425 | 0.9146 | 0.9084
0443 | 09:49:38 |  14.2s | 1.0e-04 | 0.0209 | 0.9468 | 0.9431 | 0.9396 | 0.0232 | 0.9288 | 0.9370 | 0.9122
0444 | 09:50:02 |  14.4s | 1.0e-04 | 0.0212 | 0.9459 | 0.9442 | 0.9405 | 0.0235 | 0.9301 | 0.9293 | 0.9099
0445 | 09:50:26 |  14.2s | 1.0e-04 | 0.0207 | 0.9475 | 0.9425 | 0.9398 | 0.0239 | 0.9237 | 0.9375 | 0.9097
0446 | 09:50:51 |  14.2s | 1.0e-04 | 0.0210 | 0.9461 | 0.9417 | 0.9377 | 0.0245 | 0.9430 | 0.9147 | 0.9074
0447 | 09:51:15 |  14.4s | 1.0e-04 | 0.0207 | 0.9458 | 0.9420 | 0.9380 | 0.0251 | 0.9438 | 0.9160 | 0.9086
0448 | 09:51:40 |  14.1s | 1.0e-04 | 0.0204 | 0.9472 | 0.9440 | 0.9413 | 0.0233 | 0.9352 | 0.9317 | 0.9141
0449 | 09:52:04 |  14.1s | 1.0e-04 | 0.0206 | 0.9451 | 0.9432 | 0.9371 | 0.0243 | 0.9259 | 0.9333 | 0.9055
0450 | 09:52:28 |  13.8s | 1.0e-04 | 0.0205 | 0.9461 | 0.9429 | 0.9385 | 0.0244 | 0.9301 | 0.9229 | 0.8968
0451 | 09:52:53 |  14.1s | 1.0e-04 | 0.0203 | 0.9480 | 0.9423 | 0.9395 | 0.0236 | 0.9201 | 0.9428 | 0.9117
0452 | 09:53:17 |  14.2s | 1.0e-04 | 0.0203 | 0.9469 | 0.9424 | 0.9391 | 0.0259 | 0.9452 | 0.9086 | 0.9035
0453 | 09:53:41 |  14.2s | 1.0e-04 | 0.0210 | 0.9458 | 0.9424 | 0.9375 | 0.0243 | 0.9375 | 0.9183 | 0.9067
0454 | 09:54:06 |  14.2s | 1.0e-04 | 0.0202 | 0.9494 | 0.9416 | 0.9418 | 0.0241 | 0.9410 | 0.9236 | 0.9136
0455 | 09:54:30 |  14.0s | 1.0e-04 | 0.0205 | 0.9481 | 0.9418 | 0.9391 | 0.0234 | 0.9351 | 0.9305 | 0.9096
0456 | 09:54:54 |  14.0s | 1.0e-04 | 0.0208 | 0.9477 | 0.9419 | 0.9408 | 0.0245 | 0.9355 | 0.9208 | 0.9014
0457 | 09:55:19 |  14.3s | 1.0e-04 | 0.0205 | 0.9481 | 0.9425 | 0.9404 | 0.0233 | 0.9456 | 0.9231 | 0.9195
0458 | 09:55:43 |  14.2s | 1.0e-04 | 0.0204 | 0.9491 | 0.9442 | 0.9431 | 0.0242 | 0.9352 | 0.9337 | 0.9187
0459 | 09:56:08 |  14.5s | 1.0e-04 | 0.0201 | 0.9470 | 0.9436 | 0.9408 | 0.0250 | 0.9381 | 0.9175 | 0.9090
0460 | 09:56:33 |  14.2s | 1.0e-04 | 0.0207 | 0.9462 | 0.9431 | 0.9393 | 0.0260 | 0.9350 | 0.9300 | 0.9129
0461 | 09:56:57 |  14.0s | 1.0e-04 | 0.0203 | 0.9480 | 0.9463 | 0.9437 | 0.0243 | 0.9315 | 0.9254 | 0.9008
0462 | 09:57:22 |  14.2s | 1.0e-04 | 0.0203 | 0.9488 | 0.9427 | 0.9415 | 0.0232 | 0.9374 | 0.9339 | 0.9175
0463 | 09:57:46 |  14.3s | 1.0e-04 | 0.0202 | 0.9471 | 0.9427 | 0.9392 | 0.0247 | 0.9362 | 0.9235 | 0.9061
0464 | 09:58:11 |  14.3s | 1.0e-04 | 0.0199 | 0.9487 | 0.9452 | 0.9438 | 0.0251 | 0.9175 | 0.9427 | 0.9071
0465 | 09:58:36 |  14.4s | 1.0e-04 | 0.0207 | 0.9451 | 0.9421 | 0.9376 | 0.0235 | 0.9366 | 0.9245 | 0.9033
0466 | 09:59:00 |  14.3s | 1.0e-04 | 0.0210 | 0.9450 | 0.9442 | 0.9392 | 0.0261 | 0.9550 | 0.9034 | 0.9195
0467 | 09:59:25 |  14.2s | 1.0e-04 | 0.0208 | 0.9453 | 0.9422 | 0.9381 | 0.0241 | 0.9236 | 0.9412 | 0.9132
0468 | 09:59:49 |  14.3s | 1.0e-04 | 0.0209 | 0.9473 | 0.9429 | 0.9399 | 0.0250 | 0.9303 | 0.9345 | 0.9105
0469 | 10:00:14 |  22.7s | 1.0e-04 | 0.0200 | 0.9475 | 0.9456 | 0.9437 | 0.0250 | 0.9314 | 0.9290 | 0.9114
0470 | 10:00:47 |  13.9s | 1.0e-04 | 0.0204 | 0.9476 | 0.9474 | 0.9448 | 0.0247 | 0.9281 | 0.9340 | 0.9076
0471 | 10:01:11 |  14.1s | 1.0e-04 | 0.0194 | 0.9492 | 0.9475 | 0.9471 | 0.0248 | 0.9387 | 0.9175 | 0.9041
0472 | 10:01:36 |  14.4s | 1.0e-04 | 0.0199 | 0.9493 | 0.9463 | 0.9467 | 0.0239 | 0.9241 | 0.9325 | 0.9032
0473 | 10:02:00 |  14.1s | 1.0e-04 | 0.0205 | 0.9480 | 0.9457 | 0.9437 | 0.0250 | 0.9235 | 0.9380 | 0.9059
0474 | 10:02:25 |  13.8s | 1.0e-04 | 0.0201 | 0.9486 | 0.9472 | 0.9458 | 0.0244 | 0.9403 | 0.9115 | 0.9039
0475 | 10:02:49 |  14.0s | 1.0e-04 | 0.0202 | 0.9480 | 0.9480 | 0.9457 | 0.0234 | 0.9410 | 0.9289 | 0.9123
0476 | 10:03:13 |  14.0s | 1.0e-04 | 0.0204 | 0.9474 | 0.9467 | 0.9443 | 0.0260 | 0.9256 | 0.9361 | 0.9046
0477 | 10:03:38 |  14.2s | 1.0e-04 | 0.0197 | 0.9503 | 0.9471 | 0.9478 | 0.0246 | 0.9319 | 0.9313 | 0.9133
0478 | 10:04:02 |  14.0s | 1.0e-04 | 0.0202 | 0.9481 | 0.9460 | 0.9433 | 0.0241 | 0.9301 | 0.9244 | 0.8965
0479 | 10:04:27 |  14.2s | 1.0e-04 | 0.0195 | 0.9493 | 0.9508 | 0.9502 | 0.0245 | 0.9353 | 0.9325 | 0.9163
0480 | 10:04:51 |  14.2s | 1.0e-04 | 0.0202 | 0.9494 | 0.9458 | 0.9448 | 0.0259 | 0.9219 | 0.9418 | 0.9103
0481 | 10:05:16 |  14.3s | 1.0e-04 | 0.0203 | 0.9479 | 0.9435 | 0.9420 | 0.0235 | 0.9484 | 0.9226 | 0.9174
0482 | 10:05:40 |  14.0s | 1.0e-04 | 0.0206 | 0.9514 | 0.9450 | 0.9466 | 0.0239 | 0.9383 | 0.9291 | 0.9153
0483 | 10:06:04 |  13.9s | 1.0e-04 | 0.0203 | 0.9501 | 0.9464 | 0.9470 | 0.0238 | 0.9300 | 0.9355 | 0.9099
0484 | 10:06:29 |  14.1s | 1.0e-04 | 0.0199 | 0.9494 | 0.9469 | 0.9469 | 0.0237 | 0.9294 | 0.9337 | 0.9054
0485 | 10:06:53 |  14.1s | 1.0e-04 | 0.0202 | 0.9487 | 0.9476 | 0.9455 | 0.0240 | 0.9305 | 0.9378 | 0.9158
0486 | 10:07:17 |  13.9s | 1.0e-04 | 0.0203 | 0.9486 | 0.9466 | 0.9448 | 0.0244 | 0.9388 | 0.9205 | 0.9067
0487 | 10:07:42 |  14.3s | 1.0e-04 | 0.0205 | 0.9487 | 0.9461 | 0.9455 | 0.0258 | 0.9441 | 0.9093 | 0.8990
0488 | 10:08:06 |  14.0s | 1.0e-04 | 0.0199 | 0.9489 | 0.9488 | 0.9476 | 0.0253 | 0.9488 | 0.9073 | 0.9013
0489 | 10:08:30 |  14.2s | 1.0e-04 | 0.0197 | 0.9502 | 0.9488 | 0.9490 | 0.0231 | 0.9390 | 0.9256 | 0.9148
0490 | 10:08:55 |  14.0s | 1.0e-04 | 0.0199 | 0.9507 | 0.9492 | 0.9502 | 0.0256 | 0.9381 | 0.9120 | 0.8942
0491 | 10:09:19 |  14.1s | 1.0e-04 | 0.0199 | 0.9487 | 0.9480 | 0.9470 | 0.0256 | 0.9408 | 0.9259 | 0.9081
0492 | 10:09:44 |  13.9s | 1.0e-04 | 0.0205 | 0.9488 | 0.9474 | 0.9465 | 0.0244 | 0.9376 | 0.9271 | 0.9140
0493 | 10:10:08 |  14.2s | 1.0e-04 | 0.0192 | 0.9516 | 0.9499 | 0.9514 | 0.0244 | 0.9365 | 0.9354 | 0.9159
0494 | 10:10:32 |  14.1s | 1.0e-04 | 0.0200 | 0.9502 | 0.9490 | 0.9494 | 0.0239 | 0.9272 | 0.9363 | 0.9070
0495 | 10:10:57 |  13.9s | 1.0e-04 | 0.0200 | 0.9487 | 0.9485 | 0.9469 | 0.0237 | 0.9271 | 0.9312 | 0.9031
0496 | 10:11:21 |  14.2s | 1.0e-04 | 0.0202 | 0.9472 | 0.9475 | 0.9448 | 0.0246 | 0.9235 | 0.9313 | 0.9010
0497 | 10:11:46 |  14.1s | 1.0e-04 | 0.0203 | 0.9479 | 0.9474 | 0.9459 | 0.0243 | 0.9342 | 0.9207 | 0.8961
0498 | 10:12:10 |  14.0s | 1.0e-04 | 0.0201 | 0.9486 | 0.9451 | 0.9427 | 0.0251 | 0.9243 | 0.9329 | 0.9016
0499 | 10:12:34 |  13.9s | 1.0e-04 | 0.0195 | 0.9506 | 0.9475 | 0.9482 | 0.0249 | 0.9378 | 0.9218 | 0.9095
0500 | 10:12:59 |  13.8s | 1.0e-04 | 0.0196 | 0.9502 | 0.9473 | 0.9474 | 0.0256 | 0.9300 | 0.9242 | 0.8951
0501 | 10:13:26 |  14.1s | 1.0e-04 | 0.0195 | 0.9487 | 0.9511 | 0.9492 | 0.0245 | 0.9399 | 0.9248 | 0.9142
0502 | 10:13:50 |  14.3s | 1.0e-04 | 0.0194 | 0.9485 | 0.9484 | 0.9473 | 0.0252 | 0.9388 | 0.9263 | 0.9156
0503 | 10:14:14 |  14.2s | 1.0e-04 | 0.0203 | 0.9492 | 0.9460 | 0.9455 | 0.0249 | 0.9245 | 0.9321 | 0.8946
0504 | 10:14:39 |  14.2s | 1.0e-04 | 0.0201 | 0.9477 | 0.9459 | 0.9435 | 0.0234 | 0.9335 | 0.9318 | 0.9172
0505 | 10:15:03 |  14.0s | 1.0e-04 | 0.0193 | 0.9489 | 0.9458 | 0.9452 | 0.0240 | 0.9290 | 0.9322 | 0.9030
0506 | 10:15:27 |  14.1s | 1.0e-04 | 0.0202 | 0.9476 | 0.9465 | 0.9448 | 0.0252 | 0.9315 | 0.9223 | 0.9022
0507 | 10:15:51 |  14.2s | 1.0e-04 | 0.0197 | 0.9503 | 0.9471 | 0.9477 | 0.0258 | 0.9129 | 0.9470 | 0.9089
0508 | 10:16:16 |  14.2s | 1.0e-04 | 0.0201 | 0.9490 | 0.9464 | 0.9445 | 0.0246 | 0.9192 | 0.9408 | 0.9062
0509 | 10:16:40 |  14.1s | 1.0e-04 | 0.0193 | 0.9492 | 0.9496 | 0.9489 | 0.0251 | 0.9254 | 0.9226 | 0.8883
0510 | 10:17:05 |  14.1s | 1.0e-04 | 0.0189 | 0.9500 | 0.9502 | 0.9502 | 0.0257 | 0.9166 | 0.9396 | 0.9023
0511 | 10:17:29 |  14.2s | 1.0e-04 | 0.0203 | 0.9503 | 0.9467 | 0.9473 | 0.0251 | 0.9423 | 0.9211 | 0.9101
0512 | 10:17:53 |  14.1s | 1.0e-04 | 0.0191 | 0.9499 | 0.9503 | 0.9503 | 0.0228 | 0.9376 | 0.9316 | 0.9153
0513 | 10:18:18 |  14.3s | 1.0e-04 | 0.0195 | 0.9478 | 0.9499 | 0.9477 | 0.0265 | 0.9351 | 0.9207 | 0.9021
0514 | 10:18:42 |  13.9s | 1.0e-04 | 0.0192 | 0.9494 | 0.9478 | 0.9478 | 0.0246 | 0.9454 | 0.9231 | 0.9180
0515 | 10:19:06 |  14.1s | 1.0e-04 | 0.0188 | 0.9501 | 0.9507 | 0.9506 | 0.0255 | 0.9355 | 0.9204 | 0.8985
0516 | 10:19:30 |  13.9s | 1.0e-04 | 0.0193 | 0.9481 | 0.9485 | 0.9473 | 0.0243 | 0.9439 | 0.9228 | 0.9180
0517 | 10:19:54 |  14.2s | 1.0e-04 | 0.0199 | 0.9491 | 0.9483 | 0.9474 | 0.0252 | 0.9182 | 0.9401 | 0.9026
0518 | 10:20:19 |  14.0s | 1.0e-04 | 0.0196 | 0.9487 | 0.9473 | 0.9459 | 0.0240 | 0.9277 | 0.9436 | 0.9163
0519 | 10:20:43 |  14.0s | 1.0e-04 | 0.0198 | 0.9498 | 0.9501 | 0.9499 | 0.0240 | 0.9282 | 0.9413 | 0.9190
0520 | 10:21:07 |  14.0s | 1.0e-04 | 0.0193 | 0.9509 | 0.9512 | 0.9518 | 0.0235 | 0.9285 | 0.9407 | 0.9164
0521 | 10:21:31 |  14.0s | 1.0e-04 | 0.0195 | 0.9486 | 0.9481 | 0.9465 | 0.0246 | 0.9318 | 0.9277 | 0.9066
0522 | 10:21:55 |  14.0s | 1.0e-04 | 0.0192 | 0.9504 | 0.9489 | 0.9493 | 0.0238 | 0.9230 | 0.9379 | 0.9046
0523 | 10:22:19 |  14.2s | 1.0e-04 | 0.0193 | 0.9484 | 0.9486 | 0.9478 | 0.0233 | 0.9231 | 0.9407 | 0.9143
0524 | 10:22:43 |  14.4s | 1.0e-04 | 0.0195 | 0.9485 | 0.9481 | 0.9465 | 0.0252 | 0.9293 | 0.9276 | 0.9001
0525 | 10:23:08 |  14.1s | 1.0e-04 | 0.0196 | 0.9491 | 0.9467 | 0.9456 | 0.0240 | 0.9375 | 0.9339 | 0.9150
0526 | 10:23:32 |  14.3s | 1.0e-04 | 0.0191 | 0.9500 | 0.9484 | 0.9486 | 0.0243 | 0.9466 | 0.9197 | 0.9088
0527 | 10:23:57 |  14.3s | 1.0e-04 | 0.0196 | 0.9478 | 0.9506 | 0.9482 | 0.0243 | 0.9317 | 0.9267 | 0.9076
0528 | 10:24:21 |  14.3s | 1.0e-04 | 0.0193 | 0.9511 | 0.9485 | 0.9491 | 0.0251 | 0.9393 | 0.9275 | 0.9127
0529 | 10:24:45 |  14.6s | 1.0e-04 | 0.0195 | 0.9513 | 0.9494 | 0.9507 | 0.0239 | 0.9403 | 0.9200 | 0.9108
0530 | 10:25:10 |  14.0s | 1.0e-04 | 0.0194 | 0.9504 | 0.9462 | 0.9473 | 0.0246 | 0.9408 | 0.9093 | 0.8962
0531 | 10:25:34 |  14.2s | 1.0e-04 | 0.0191 | 0.9504 | 0.9484 | 0.9487 | 0.0238 | 0.9358 | 0.9306 | 0.9136
0532 | 10:25:59 |  24.8s | 1.0e-04 | 0.0205 | 0.9481 | 0.9431 | 0.9408 | 0.0247 | 0.9312 | 0.9153 | 0.8889
0533 | 10:26:33 |  13.9s | 1.0e-04 | 0.0210 | 0.9462 | 0.9438 | 0.9399 | 0.0242 | 0.9227 | 0.9343 | 0.8977
0534 | 10:26:57 |  14.0s | 1.0e-04 | 0.0207 | 0.9480 | 0.9455 | 0.9433 | 0.0242 | 0.9367 | 0.9247 | 0.9091
0535 | 10:27:22 |  14.1s | 1.0e-04 | 0.0213 | 0.9454 | 0.9418 | 0.9365 | 0.0235 | 0.9357 | 0.9228 | 0.9043
0536 | 10:27:46 |  14.0s | 1.0e-04 | 0.0209 | 0.9486 | 0.9440 | 0.9430 | 0.0233 | 0.9372 | 0.9293 | 0.9193
0537 | 10:28:10 |  14.2s | 1.0e-04 | 0.0208 | 0.9447 | 0.9454 | 0.9402 | 0.0236 | 0.9395 | 0.9266 | 0.9127
0538 | 10:28:34 |  14.1s | 1.0e-04 | 0.0207 | 0.9483 | 0.9442 | 0.9431 | 0.0248 | 0.9105 | 0.9498 | 0.9103
0539 | 10:28:58 |  14.2s | 1.0e-04 | 0.0207 | 0.9466 | 0.9425 | 0.9381 | 0.0254 | 0.9218 | 0.9410 | 0.9095
0540 | 10:29:23 |  14.1s | 1.0e-04 | 0.0207 | 0.9468 | 0.9447 | 0.9411 | 0.0235 | 0.9381 | 0.9295 | 0.9125
0541 | 10:29:47 |  14.0s | 1.0e-04 | 0.0208 | 0.9467 | 0.9441 | 0.9412 | 0.0249 | 0.9306 | 0.9302 | 0.9033
0542 | 10:30:11 |  14.3s | 1.0e-04 | 0.0210 | 0.9454 | 0.9448 | 0.9408 | 0.0222 | 0.9387 | 0.9351 | 0.9225
0543 | 10:30:35 |  14.1s | 1.0e-04 | 0.0212 | 0.9467 | 0.9435 | 0.9395 | 0.0216 | 0.9333 | 0.9382 | 0.9224
0544 | 10:31:00 |  13.8s | 1.0e-04 | 0.0213 | 0.9451 | 0.9410 | 0.9364 | 0.0243 | 0.9372 | 0.9225 | 0.9070
0545 | 10:31:23 |  14.1s | 1.0e-04 | 0.0214 | 0.9460 | 0.9422 | 0.9381 | 0.0231 | 0.9287 | 0.9388 | 0.9107
0546 | 10:31:47 |  14.0s | 1.0e-04 | 0.0211 | 0.9458 | 0.9433 | 0.9393 | 0.0236 | 0.9397 | 0.9329 | 0.9172
0547 | 10:32:12 |  14.0s | 1.0e-04 | 0.0209 | 0.9465 | 0.9451 | 0.9404 | 0.0244 | 0.9404 | 0.9163 | 0.9103
0548 | 10:32:36 |  14.1s | 1.0e-04 | 0.0206 | 0.9473 | 0.9430 | 0.9407 | 0.0243 | 0.9363 | 0.9272 | 0.9120
0549 | 10:33:00 |  13.9s | 1.0e-04 | 0.0204 | 0.9479 | 0.9460 | 0.9431 | 0.0230 | 0.9526 | 0.9160 | 0.9241
0550 | 10:33:24 |  14.1s | 1.0e-04 | 0.0207 | 0.9457 | 0.9439 | 0.9406 | 0.0225 | 0.9409 | 0.9285 | 0.9240
0551 | 10:33:48 |  13.9s | 1.0e-04 | 0.0206 | 0.9470 | 0.9447 | 0.9419 | 0.0238 | 0.9503 | 0.9128 | 0.9202
0552 | 10:34:12 |  14.1s | 1.0e-04 | 0.0212 | 0.9477 | 0.9432 | 0.9420 | 0.0232 | 0.9401 | 0.9224 | 0.9113
0553 | 10:34:36 |  14.2s | 1.0e-04 | 0.0207 | 0.9499 | 0.9444 | 0.9441 | 0.0243 | 0.9454 | 0.9142 | 0.9097
0554 | 10:35:00 |  14.1s | 1.0e-04 | 0.0209 | 0.9463 | 0.9452 | 0.9423 | 0.0239 | 0.9351 | 0.9324 | 0.9128
0555 | 10:35:24 |  13.9s | 1.0e-04 | 0.0210 | 0.9468 | 0.9393 | 0.9354 | 0.0220 | 0.9435 | 0.9273 | 0.9202
0556 | 10:35:48 |  14.0s | 1.0e-04 | 0.0210 | 0.9481 | 0.9437 | 0.9428 | 0.0239 | 0.9332 | 0.9292 | 0.9073
0557 | 10:36:13 |  14.0s | 1.0e-04 | 0.0217 | 0.9436 | 0.9415 | 0.9347 | 0.0241 | 0.9305 | 0.9347 | 0.9094
0558 | 10:36:37 |  14.1s | 1.0e-04 | 0.0214 | 0.9455 | 0.9453 | 0.9404 | 0.0247 | 0.9223 | 0.9427 | 0.9127
0559 | 10:37:01 |  14.0s | 1.0e-04 | 0.0208 | 0.9466 | 0.9437 | 0.9399 | 0.0229 | 0.9318 | 0.9371 | 0.9137
0560 | 10:37:25 |  13.9s | 1.0e-04 | 0.0205 | 0.9490 | 0.9430 | 0.9414 | 0.0230 | 0.9392 | 0.9253 | 0.9128
0561 | 10:37:49 |  14.0s | 1.0e-04 | 0.0209 | 0.9478 | 0.9446 | 0.9432 | 0.0245 | 0.9336 | 0.9280 | 0.9113
0562 | 10:38:13 |  14.0s | 1.0e-04 | 0.0205 | 0.9461 | 0.9468 | 0.9428 | 0.0239 | 0.9435 | 0.9173 | 0.9118
0563 | 10:38:37 |  23.7s | 1.0e-04 | 0.0201 | 0.9462 | 0.9439 | 0.9408 | 0.0270 | 0.9342 | 0.9293 | 0.9147
0564 | 10:39:11 |  14.1s | 1.0e-04 | 0.0191 | 0.9486 | 0.9483 | 0.9473 | 0.0249 | 0.9153 | 0.9426 | 0.9024
0565 | 10:39:35 |  14.1s | 1.0e-04 | 0.0192 | 0.9481 | 0.9460 | 0.9435 | 0.0237 | 0.9438 | 0.9201 | 0.9153
0566 | 10:39:59 |  14.5s | 1.0e-04 | 0.0197 | 0.9471 | 0.9438 | 0.9424 | 0.0228 | 0.9357 | 0.9333 | 0.9151
0567 | 10:40:24 |  14.0s | 1.0e-04 | 0.0196 | 0.9487 | 0.9463 | 0.9455 | 0.0235 | 0.9381 | 0.9288 | 0.9149
0568 | 10:40:48 |  14.4s | 1.0e-04 | 0.0197 | 0.9452 | 0.9443 | 0.9407 | 0.0235 | 0.9267 | 0.9264 | 0.8972
0569 | 10:41:12 |  14.3s | 1.0e-04 | 0.0189 | 0.9496 | 0.9455 | 0.9462 | 0.0240 | 0.9287 | 0.9369 | 0.9138
0570 | 10:41:37 |  14.4s | 1.0e-04 | 0.0188 | 0.9497 | 0.9488 | 0.9486 | 0.0221 | 0.9294 | 0.9461 | 0.9249
0571 | 10:42:01 |  14.0s | 1.0e-04 | 0.0190 | 0.9490 | 0.9438 | 0.9427 | 0.0230 | 0.9348 | 0.9322 | 0.9119
0572 | 10:42:25 |  14.3s | 1.0e-04 | 0.0193 | 0.9488 | 0.9449 | 0.9443 | 0.0223 | 0.9322 | 0.9366 | 0.9173
0573 | 10:42:50 |  14.2s | 1.0e-04 | 0.0198 | 0.9465 | 0.9445 | 0.9417 | 0.0237 | 0.9287 | 0.9324 | 0.9108
0574 | 10:43:14 |  14.5s | 1.0e-04 | 0.0192 | 0.9483 | 0.9449 | 0.9435 | 0.0239 | 0.9314 | 0.9352 | 0.9158
0575 | 10:43:38 |  14.0s | 1.0e-04 | 0.0195 | 0.9473 | 0.9460 | 0.9429 | 0.0249 | 0.9226 | 0.9415 | 0.9110
0576 | 10:44:02 |  14.0s | 1.0e-04 | 0.0194 | 0.9488 | 0.9451 | 0.9437 | 0.0238 | 0.9387 | 0.9222 | 0.9125
0577 | 10:44:26 |  14.2s | 1.0e-04 | 0.0191 | 0.9484 | 0.9480 | 0.9464 | 0.0241 | 0.9287 | 0.9406 | 0.9173
0578 | 10:44:51 |  14.2s | 1.0e-04 | 0.0202 | 0.9468 | 0.9438 | 0.9402 | 0.0231 | 0.9342 | 0.9340 | 0.9182
0579 | 10:45:15 |  14.2s | 1.0e-04 | 0.0188 | 0.9508 | 0.9480 | 0.9491 | 0.0241 | 0.9312 | 0.9328 | 0.9126
0580 | 10:45:39 |  14.0s | 1.0e-04 | 0.0200 | 0.9495 | 0.9461 | 0.9447 | 0.0236 | 0.9381 | 0.9296 | 0.9132
0581 | 10:46:03 |  14.2s | 1.0e-04 | 0.0190 | 0.9491 | 0.9454 | 0.9441 | 0.0250 | 0.9369 | 0.9228 | 0.9035
0582 | 10:46:28 |  14.1s | 1.0e-04 | 0.0198 | 0.9486 | 0.9414 | 0.9396 | 0.0238 | 0.9400 | 0.9245 | 0.9173
0583 | 10:46:52 |  14.1s | 1.0e-04 | 0.0192 | 0.9477 | 0.9472 | 0.9454 | 0.0245 | 0.9330 | 0.9242 | 0.8975
0584 | 10:47:16 |  14.0s | 1.0e-04 | 0.0194 | 0.9475 | 0.9453 | 0.9432 | 0.0245 | 0.9360 | 0.9285 | 0.9093
0585 | 10:47:40 |  14.1s | 1.0e-04 | 0.0193 | 0.9487 | 0.9460 | 0.9447 | 0.0234 | 0.9294 | 0.9378 | 0.9170
0586 | 10:48:04 |  14.0s | 1.0e-04 | 0.0187 | 0.9473 | 0.9464 | 0.9433 | 0.0234 | 0.9330 | 0.9369 | 0.9187
0587 | 10:48:28 |  14.5s | 1.0e-04 | 0.0199 | 0.9475 | 0.9421 | 0.9386 | 0.0241 | 0.9514 | 0.9062 | 0.9065
0588 | 10:48:53 |  14.0s | 1.0e-04 | 0.0192 | 0.9482 | 0.9462 | 0.9449 | 0.0231 | 0.9320 | 0.9424 | 0.9201
0589 | 10:49:17 |  14.2s | 1.0e-04 | 0.0191 | 0.9487 | 0.9459 | 0.9447 | 0.0232 | 0.9370 | 0.9329 | 0.9202
0590 | 10:49:41 |  14.2s | 1.0e-04 | 0.0190 | 0.9513 | 0.9452 | 0.9461 | 0.0226 | 0.9456 | 0.9180 | 0.9098
0591 | 10:50:05 |  14.1s | 1.0e-04 | 0.0196 | 0.9464 | 0.9432 | 0.9396 | 0.0225 | 0.9426 | 0.9285 | 0.9176
0592 | 10:50:29 |  14.0s | 1.0e-04 | 0.0193 | 0.9474 | 0.9463 | 0.9431 | 0.0236 | 0.9258 | 0.9419 | 0.9125
0593 | 10:50:54 |  14.2s | 1.0e-04 | 0.0193 | 0.9489 | 0.9477 | 0.9470 | 0.0245 | 0.9356 | 0.9289 | 0.9135
0594 | 10:51:18 |  23.3s | 1.0e-04 | 0.0195 | 0.9483 | 0.9446 | 0.9435 | 0.0241 | 0.9357 | 0.9253 | 0.9074
0595 | 10:51:51 |  14.2s | 1.0e-04 | 0.0207 | 0.9459 | 0.9443 | 0.9408 | 0.0238 | 0.9357 | 0.9237 | 0.9034
0596 | 10:52:16 |  14.3s | 1.0e-04 | 0.0202 | 0.9469 | 0.9496 | 0.9468 | 0.0238 | 0.9353 | 0.9328 | 0.9175
0597 | 10:52:40 |  14.2s | 1.0e-04 | 0.0197 | 0.9486 | 0.9473 | 0.9462 | 0.0231 | 0.9305 | 0.9362 | 0.9118
0598 | 10:53:04 |  14.2s | 1.0e-04 | 0.0205 | 0.9473 | 0.9451 | 0.9422 | 0.0242 | 0.9267 | 0.9323 | 0.9044
0599 | 10:53:29 |  14.3s | 1.0e-04 | 0.0207 | 0.9473 | 0.9455 | 0.9425 | 0.0233 | 0.9388 | 0.9303 | 0.9098
0600 | 10:53:53 |  14.3s | 1.0e-04 | 0.0207 | 0.9476 | 0.9448 | 0.9416 | 0.0247 | 0.9340 | 0.9333 | 0.9117
0601 | 10:54:17 |  14.4s | 1.0e-04 | 0.0203 | 0.9475 | 0.9468 | 0.9443 | 0.0237 | 0.9435 | 0.9313 | 0.9258
0602 | 10:54:42 |  14.1s | 1.0e-04 | 0.0210 | 0.9438 | 0.9426 | 0.9371 | 0.0225 | 0.9315 | 0.9401 | 0.9176
0603 | 10:55:06 |  13.8s | 1.0e-04 | 0.0197 | 0.9497 | 0.9465 | 0.9463 | 0.0245 | 0.9376 | 0.9188 | 0.9048
0604 | 10:55:30 |  14.1s | 1.0e-04 | 0.0197 | 0.9493 | 0.9484 | 0.9481 | 0.0239 | 0.9324 | 0.9371 | 0.9166
0605 | 10:55:54 |  14.2s | 1.0e-04 | 0.0209 | 0.9467 | 0.9463 | 0.9437 | 0.0230 | 0.9446 | 0.9239 | 0.9142
0606 | 10:56:19 |  14.3s | 1.0e-04 | 0.0206 | 0.9494 | 0.9472 | 0.9465 | 0.0220 | 0.9445 | 0.9271 | 0.9189
0607 | 10:56:43 |  14.2s | 1.0e-04 | 0.0208 | 0.9458 | 0.9431 | 0.9393 | 0.0236 | 0.9343 | 0.9399 | 0.9200
0608 | 10:57:07 |  14.1s | 1.0e-04 | 0.0196 | 0.9482 | 0.9470 | 0.9455 | 0.0241 | 0.9286 | 0.9342 | 0.9074
0609 | 10:57:31 |  14.2s | 1.0e-04 | 0.0203 | 0.9473 | 0.9464 | 0.9443 | 0.0244 | 0.9252 | 0.9332 | 0.9046
0610 | 10:57:56 |  14.0s | 1.0e-04 | 0.0202 | 0.9491 | 0.9450 | 0.9447 | 0.0238 | 0.9331 | 0.9323 | 0.9083
0611 | 10:58:20 |  14.1s | 1.0e-04 | 0.0204 | 0.9477 | 0.9450 | 0.9419 | 0.0229 | 0.9335 | 0.9348 | 0.9188
0612 | 10:58:44 |  14.2s | 1.0e-04 | 0.0206 | 0.9475 | 0.9449 | 0.9427 | 0.0246 | 0.9485 | 0.9117 | 0.9130
0613 | 10:59:08 |  14.2s | 1.0e-04 | 0.0201 | 0.9473 | 0.9452 | 0.9418 | 0.0227 | 0.9495 | 0.9124 | 0.9136
0614 | 10:59:32 |  14.0s | 1.0e-04 | 0.0200 | 0.9479 | 0.9453 | 0.9440 | 0.0237 | 0.9376 | 0.9307 | 0.9140
0615 | 10:59:56 |  14.3s | 1.0e-04 | 0.0206 | 0.9476 | 0.9431 | 0.9409 | 0.0224 | 0.9434 | 0.9292 | 0.9219
0616 | 11:00:21 |  14.1s | 1.0e-04 | 0.0202 | 0.9497 | 0.9481 | 0.9480 | 0.0224 | 0.9443 | 0.9282 | 0.9219
0617 | 11:00:45 |  14.2s | 1.0e-04 | 0.0210 | 0.9481 | 0.9457 | 0.9441 | 0.0233 | 0.9364 | 0.9391 | 0.9247
0618 | 11:01:09 |  14.0s | 1.0e-04 | 0.0201 | 0.9477 | 0.9435 | 0.9412 | 0.0235 | 0.9410 | 0.9324 | 0.9258
0619 | 11:01:33 |  14.2s | 1.0e-04 | 0.0202 | 0.9493 | 0.9462 | 0.9454 | 0.0227 | 0.9315 | 0.9393 | 0.9178
0620 | 11:01:57 |  14.1s | 1.0e-04 | 0.0208 | 0.9467 | 0.9449 | 0.9418 | 0.0239 | 0.9308 | 0.9328 | 0.9126
0621 | 11:02:21 |  14.0s | 1.0e-04 | 0.0207 | 0.9461 | 0.9459 | 0.9418 | 0.0240 | 0.9342 | 0.9338 | 0.9145
0622 | 11:02:45 |  14.2s | 1.0e-04 | 0.0207 | 0.9472 | 0.9459 | 0.9441 | 0.0229 | 0.9309 | 0.9416 | 0.9154
0623 | 11:03:09 |  14.1s | 1.0e-04 | 0.0198 | 0.9497 | 0.9478 | 0.9477 | 0.0238 | 0.9366 | 0.9285 | 0.9167
0624 | 11:03:34 |  14.2s | 1.0e-04 | 0.0200 | 0.9487 | 0.9452 | 0.9445 | 0.0248 | 0.9320 | 0.9212 | 0.8949
0625 | 11:03:58 |  14.0s | 1.0e-04 | 0.0202 | 0.9488 | 0.9459 | 0.9452 | 0.0232 | 0.9432 | 0.9302 | 0.9202
0626 | 11:04:24 |  14.6s | 1.0e-04 | 0.0193 | 0.9494 | 0.9486 | 0.9481 | 0.0237 | 0.9391 | 0.9299 | 0.9182
0627 | 11:04:49 |  14.0s | 1.0e-04 | 0.0206 | 0.9463 | 0.9453 | 0.9414 | 0.0251 | 0.9365 | 0.9269 | 0.9064
0628 | 11:05:13 |  13.9s | 1.0e-04 | 0.0197 | 0.9486 | 0.9468 | 0.9460 | 0.0230 | 0.9313 | 0.9376 | 0.9191
0629 | 11:05:37 |  14.2s | 1.0e-04 | 0.0201 | 0.9495 | 0.9468 | 0.9460 | 0.0240 | 0.9475 | 0.9220 | 0.9135
0630 | 11:06:01 |  14.0s | 1.0e-04 | 0.0201 | 0.9473 | 0.9449 | 0.9422 | 0.0231 | 0.9424 | 0.9228 | 0.9166
0631 | 11:06:25 |  13.9s | 1.0e-04 | 0.0207 | 0.9488 | 0.9459 | 0.9453 | 0.0240 | 0.9361 | 0.9305 | 0.9114
0632 | 11:06:49 |  14.2s | 1.0e-04 | 0.0201 | 0.9488 | 0.9471 | 0.9457 | 0.0242 | 0.9381 | 0.9295 | 0.9184
0633 | 11:07:13 |  14.1s | 1.0e-04 | 0.0202 | 0.9496 | 0.9451 | 0.9454 | 0.0232 | 0.9435 | 0.9280 | 0.9203
0634 | 11:07:37 |  14.1s | 1.0e-04 | 0.0199 | 0.9492 | 0.9435 | 0.9430 | 0.0237 | 0.9287 | 0.9360 | 0.9153
0635 | 11:08:01 |  14.1s | 1.0e-04 | 0.0200 | 0.9510 | 0.9482 | 0.9494 | 0.0221 | 0.9415 | 0.9313 | 0.9208
0636 | 11:08:26 |  14.0s | 1.0e-04 | 0.0204 | 0.9462 | 0.9430 | 0.9386 | 0.0224 | 0.9358 | 0.9391 | 0.9217
0637 | 11:08:50 |  13.9s | 1.0e-04 | 0.0196 | 0.9478 | 0.9457 | 0.9431 | 0.0233 | 0.9324 | 0.9349 | 0.9164
0638 | 11:09:14 |  14.1s | 1.0e-04 | 0.0204 | 0.9474 | 0.9466 | 0.9446 | 0.0227 | 0.9399 | 0.9279 | 0.9161
0639 | 11:09:38 |  14.0s | 1.0e-04 | 0.0203 | 0.9475 | 0.9447 | 0.9424 | 0.0245 | 0.9282 | 0.9290 | 0.9079
0640 | 11:10:02 |  14.2s | 1.0e-04 | 0.0208 | 0.9475 | 0.9420 | 0.9380 | 0.0228 | 0.9356 | 0.9462 | 0.9320
0641 | 11:10:26 |  14.0s | 1.0e-04 | 0.0201 | 0.9479 | 0.9471 | 0.9454 | 0.0229 | 0.9256 | 0.9355 | 0.9101
0642 | 11:10:50 |  14.1s | 1.0e-04 | 0.0203 | 0.9473 | 0.9456 | 0.9430 | 0.0226 | 0.9356 | 0.9352 | 0.9149
0643 | 11:11:14 |  14.1s | 1.0e-04 | 0.0202 | 0.9460 | 0.9459 | 0.9419 | 0.0227 | 0.9213 | 0.9347 | 0.9029
0644 | 11:11:38 |  14.1s | 1.0e-04 | 0.0203 | 0.9477 | 0.9455 | 0.9428 | 0.0229 | 0.9246 | 0.9402 | 0.9108
0645 | 11:12:03 |  14.1s | 1.0e-04 | 0.0206 | 0.9486 | 0.9460 | 0.9436 | 0.0217 | 0.9419 | 0.9298 | 0.9193
0646 | 11:12:27 |  13.9s | 1.0e-04 | 0.0201 | 0.9475 | 0.9444 | 0.9424 | 0.0252 | 0.9304 | 0.9432 | 0.9192
0647 | 11:12:51 |  14.0s | 1.0e-04 | 0.0206 | 0.9461 | 0.9452 | 0.9420 | 0.0220 | 0.9403 | 0.9341 | 0.9240
0648 | 11:13:15 |  14.3s | 1.0e-04 | 0.0205 | 0.9482 | 0.9449 | 0.9435 | 0.0238 | 0.9345 | 0.9422 | 0.9226
0649 | 11:13:39 |  14.0s | 1.0e-04 | 0.0197 | 0.9484 | 0.9457 | 0.9444 | 0.0235 | 0.9401 | 0.9308 | 0.9217
0650 | 11:14:03 |  14.0s | 1.0e-04 | 0.0198 | 0.9495 | 0.9463 | 0.9465 | 0.0232 | 0.9317 | 0.9347 | 0.9131
0651 | 11:14:27 |  13.9s | 1.0e-04 | 0.0199 | 0.9468 | 0.9473 | 0.9442 | 0.0234 | 0.9355 | 0.9404 | 0.9266
0652 | 11:14:51 |  14.0s | 1.0e-04 | 0.0194 | 0.9495 | 0.9468 | 0.9466 | 0.0242 | 0.9282 | 0.9363 | 0.9116
0653 | 11:15:15 |  13.9s | 1.0e-04 | 0.0200 | 0.9486 | 0.9479 | 0.9475 | 0.0219 | 0.9357 | 0.9391 | 0.9216
0654 | 11:15:39 |  14.1s | 1.0e-04 | 0.0203 | 0.9471 | 0.9476 | 0.9442 | 0.0238 | 0.9286 | 0.9340 | 0.9131
0655 | 11:16:03 |  14.5s | 1.0e-04 | 0.0203 | 0.9465 | 0.9463 | 0.9436 | 0.0218 | 0.9427 | 0.9333 | 0.9243
0656 | 11:16:27 |  13.9s | 1.0e-04 | 0.0199 | 0.9469 | 0.9429 | 0.9395 | 0.0232 | 0.9409 | 0.9391 | 0.9259
0657 | 11:16:51 |  26.4s | 1.0e-04 | 0.0203 | 0.9461 | 0.9457 | 0.9426 | 0.0234 | 0.9295 | 0.9384 | 0.9149
0658 | 11:17:28 |  13.8s | 1.0e-04 | 0.0187 | 0.9493 | 0.9498 | 0.9491 | 0.0223 | 0.9400 | 0.9300 | 0.9144
0659 | 11:17:52 |  14.0s | 1.0e-04 | 0.0192 | 0.9485 | 0.9476 | 0.9463 | 0.0237 | 0.9320 | 0.9351 | 0.9114
0660 | 11:18:16 |  14.1s | 1.0e-04 | 0.0189 | 0.9500 | 0.9482 | 0.9487 | 0.0228 | 0.9330 | 0.9333 | 0.9135
0661 | 11:18:40 |  14.1s | 1.0e-04 | 0.0190 | 0.9483 | 0.9496 | 0.9481 | 0.0238 | 0.9349 | 0.9256 | 0.9033
0662 | 11:19:04 |  13.7s | 1.0e-04 | 0.0186 | 0.9519 | 0.9490 | 0.9506 | 0.0239 | 0.9300 | 0.9375 | 0.9177
0663 | 11:19:27 |  14.1s | 1.0e-04 | 0.0182 | 0.9517 | 0.9487 | 0.9509 | 0.0234 | 0.9366 | 0.9355 | 0.9207
0664 | 11:19:51 |  14.0s | 1.0e-04 | 0.0188 | 0.9508 | 0.9521 | 0.9531 | 0.0214 | 0.9359 | 0.9315 | 0.9157
0665 | 11:20:15 |  14.0s | 1.0e-04 | 0.0189 | 0.9508 | 0.9498 | 0.9505 | 0.0244 | 0.9331 | 0.9225 | 0.9051
0666 | 11:20:39 |  13.9s | 1.0e-04 | 0.0194 | 0.9503 | 0.9471 | 0.9471 | 0.0234 | 0.9299 | 0.9391 | 0.9173
0667 | 11:21:03 |  14.1s | 1.0e-04 | 0.0188 | 0.9524 | 0.9485 | 0.9513 | 0.0232 | 0.9436 | 0.9170 | 0.9051
0668 | 11:21:27 |  13.9s | 1.0e-04 | 0.0190 | 0.9500 | 0.9483 | 0.9481 | 0.0215 | 0.9370 | 0.9377 | 0.9249
0669 | 11:21:51 |  14.1s | 1.0e-04 | 0.0202 | 0.9480 | 0.9450 | 0.9426 | 0.0243 | 0.9290 | 0.9314 | 0.9087
0670 | 11:22:15 |  13.9s | 1.0e-04 | 0.0194 | 0.9507 | 0.9497 | 0.9505 | 0.0227 | 0.9347 | 0.9337 | 0.9139
0671 | 11:22:39 |  14.1s | 1.0e-04 | 0.0192 | 0.9503 | 0.9478 | 0.9482 | 0.0239 | 0.9246 | 0.9330 | 0.9026
0672 | 11:23:04 |  14.1s | 1.0e-04 | 0.0191 | 0.9495 | 0.9512 | 0.9505 | 0.0229 | 0.9316 | 0.9356 | 0.9113
0673 | 11:23:28 |  14.0s | 1.0e-04 | 0.0196 | 0.9479 | 0.9471 | 0.9455 | 0.0240 | 0.9260 | 0.9357 | 0.9069
0674 | 11:23:52 |  14.0s | 1.0e-04 | 0.0190 | 0.9507 | 0.9478 | 0.9486 | 0.0219 | 0.9288 | 0.9449 | 0.9239
0675 | 11:24:16 |  14.1s | 1.0e-04 | 0.0196 | 0.9481 | 0.9474 | 0.9453 | 0.0238 | 0.9400 | 0.9136 | 0.9038
0676 | 11:24:40 |  13.9s | 1.0e-04 | 0.0185 | 0.9512 | 0.9497 | 0.9508 | 0.0221 | 0.9271 | 0.9459 | 0.9211
0677 | 11:25:04 |  14.1s | 1.0e-04 | 0.0190 | 0.9494 | 0.9491 | 0.9487 | 0.0256 | 0.9350 | 0.9335 | 0.9156
0678 | 11:25:28 |  13.9s | 1.0e-04 | 0.0191 | 0.9504 | 0.9485 | 0.9492 | 0.0229 | 0.9323 | 0.9294 | 0.9086
0679 | 11:25:52 |  14.1s | 1.0e-04 | 0.0196 | 0.9496 | 0.9489 | 0.9487 | 0.0231 | 0.9359 | 0.9314 | 0.9155
0680 | 11:26:16 |  14.2s | 1.0e-04 | 0.0195 | 0.9493 | 0.9488 | 0.9483 | 0.0217 | 0.9364 | 0.9342 | 0.9250
0681 | 11:26:40 |  14.2s | 1.0e-04 | 0.0189 | 0.9498 | 0.9501 | 0.9499 | 0.0250 | 0.9264 | 0.9289 | 0.8997
0682 | 11:27:04 |  13.9s | 1.0e-04 | 0.0189 | 0.9509 | 0.9502 | 0.9511 | 0.0231 | 0.9380 | 0.9239 | 0.9044
0683 | 11:27:28 |  13.8s | 1.0e-04 | 0.0194 | 0.9500 | 0.9487 | 0.9489 | 0.0236 | 0.9424 | 0.9264 | 0.9232
0684 | 11:27:52 |  13.9s | 1.0e-04 | 0.0192 | 0.9482 | 0.9482 | 0.9459 | 0.0238 | 0.9292 | 0.9371 | 0.9142
0685 | 11:28:16 |  14.2s | 1.0e-04 | 0.0190 | 0.9520 | 0.9506 | 0.9525 | 0.0234 | 0.9336 | 0.9287 | 0.9051
0686 | 11:28:40 |  13.9s | 1.0e-04 | 0.0196 | 0.9497 | 0.9471 | 0.9475 | 0.0237 | 0.9504 | 0.9160 | 0.9161
0687 | 11:29:04 |  14.0s | 1.0e-04 | 0.0191 | 0.9498 | 0.9492 | 0.9492 | 0.0236 | 0.9249 | 0.9370 | 0.9053
0688 | 11:29:28 |  23.2s | 1.0e-04 | 0.0197 | 0.9484 | 0.9489 | 0.9477 | 0.0213 | 0.9403 | 0.9329 | 0.9235
0689 | 11:30:01 |  14.1s | 1.0e-04 | 0.0200 | 0.9484 | 0.9463 | 0.9454 | 0.0229 | 0.9325 | 0.9346 | 0.9113
0690 | 11:30:25 |  14.1s | 1.0e-04 | 0.0202 | 0.9466 | 0.9457 | 0.9424 | 0.0235 | 0.9224 | 0.9415 | 0.9127
0691 | 11:30:49 |  14.3s | 1.0e-04 | 0.0198 | 0.9466 | 0.9483 | 0.9447 | 0.0227 | 0.9345 | 0.9377 | 0.9186
0692 | 11:31:13 |  14.1s | 1.0e-04 | 0.0201 | 0.9486 | 0.9470 | 0.9453 | 0.0223 | 0.9410 | 0.9247 | 0.9149
0693 | 11:31:37 |  14.1s | 1.0e-04 | 0.0195 | 0.9464 | 0.9469 | 0.9435 | 0.0220 | 0.9415 | 0.9317 | 0.9234
0694 | 11:32:01 |  13.9s | 1.0e-04 | 0.0200 | 0.9472 | 0.9481 | 0.9453 | 0.0232 | 0.9336 | 0.9296 | 0.9073
0695 | 11:32:25 |  14.5s | 1.0e-04 | 0.0201 | 0.9473 | 0.9475 | 0.9448 | 0.0214 | 0.9289 | 0.9450 | 0.9198
0696 | 11:32:50 |  14.0s | 1.0e-04 | 0.0208 | 0.9474 | 0.9456 | 0.9429 | 0.0229 | 0.9401 | 0.9257 | 0.9155
0697 | 11:33:14 |  14.0s | 1.0e-04 | 0.0201 | 0.9485 | 0.9450 | 0.9430 | 0.0237 | 0.9370 | 0.9251 | 0.9097
0698 | 11:33:38 |  14.1s | 1.0e-04 | 0.0200 | 0.9500 | 0.9442 | 0.9453 | 0.0229 | 0.9431 | 0.9238 | 0.9184
0699 | 11:34:02 |  14.2s | 1.0e-04 | 0.0199 | 0.9492 | 0.9446 | 0.9448 | 0.0216 | 0.9301 | 0.9370 | 0.9097
0700 | 11:34:26 |  14.0s | 1.0e-04 | 0.0201 | 0.9469 | 0.9482 | 0.9454 | 0.0232 | 0.9272 | 0.9381 | 0.9143
0701 | 11:34:50 |  14.1s | 1.0e-04 | 0.0200 | 0.9483 | 0.9490 | 0.9469 | 0.0232 | 0.9263 | 0.9396 | 0.9155
0702 | 11:35:14 |  14.3s | 1.0e-04 | 0.0202 | 0.9477 | 0.9465 | 0.9443 | 0.0226 | 0.9390 | 0.9384 | 0.9262
0703 | 11:35:38 |  14.1s | 1.0e-04 | 0.0198 | 0.9495 | 0.9471 | 0.9471 | 0.0224 | 0.9433 | 0.9365 | 0.9268
0704 | 11:36:02 |  14.1s | 1.0e-04 | 0.0201 | 0.9482 | 0.9474 | 0.9462 | 0.0228 | 0.9384 | 0.9248 | 0.9098
0705 | 11:36:27 |  14.0s | 1.0e-04 | 0.0197 | 0.9493 | 0.9455 | 0.9453 | 0.0236 | 0.9264 | 0.9431 | 0.9148
0706 | 11:36:51 |  14.3s | 1.0e-04 | 0.0194 | 0.9483 | 0.9490 | 0.9470 | 0.0216 | 0.9440 | 0.9329 | 0.9226
0707 | 11:37:15 |  14.2s | 1.0e-04 | 0.0205 | 0.9466 | 0.9454 | 0.9424 | 0.0223 | 0.9393 | 0.9370 | 0.9243
0708 | 11:37:39 |  14.0s | 1.0e-04 | 0.0198 | 0.9483 | 0.9493 | 0.9472 | 0.0228 | 0.9377 | 0.9338 | 0.9201
0709 | 11:38:03 |  14.1s | 1.0e-04 | 0.0200 | 0.9491 | 0.9481 | 0.9468 | 0.0229 | 0.9398 | 0.9260 | 0.9154
0710 | 11:38:27 |  14.1s | 1.0e-04 | 0.0196 | 0.9457 | 0.9481 | 0.9442 | 0.0251 | 0.9303 | 0.9298 | 0.9057
0711 | 11:38:51 |  14.2s | 1.0e-04 | 0.0198 | 0.9460 | 0.9478 | 0.9441 | 0.0225 | 0.9249 | 0.9387 | 0.9140
0712 | 11:39:15 |  14.2s | 1.0e-04 | 0.0200 | 0.9476 | 0.9473 | 0.9455 | 0.0226 | 0.9307 | 0.9377 | 0.9158
0713 | 11:39:40 |  14.0s | 1.0e-04 | 0.0196 | 0.9481 | 0.9443 | 0.9428 | 0.0219 | 0.9367 | 0.9344 | 0.9218
0714 | 11:40:04 |  14.2s | 1.0e-04 | 0.0192 | 0.9497 | 0.9464 | 0.9465 | 0.0234 | 0.9399 | 0.9308 | 0.9168
0715 | 11:40:28 |  14.1s | 1.0e-04 | 0.0199 | 0.9468 | 0.9462 | 0.9432 | 0.0233 | 0.9258 | 0.9489 | 0.9251
0716 | 11:40:52 |  14.3s | 1.0e-04 | 0.0201 | 0.9468 | 0.9477 | 0.9446 | 0.0219 | 0.9364 | 0.9319 | 0.9143
0717 | 11:41:16 |  14.2s | 1.0e-04 | 0.0198 | 0.9475 | 0.9455 | 0.9437 | 0.0220 | 0.9408 | 0.9342 | 0.9249
0718 | 11:41:40 |  14.2s | 1.0e-04 | 0.0202 | 0.9473 | 0.9433 | 0.9408 | 0.0227 | 0.9271 | 0.9443 | 0.9212
0719 | 11:42:05 |  26.6s | 1.0e-04 | 0.0197 | 0.9487 | 0.9457 | 0.9444 | 0.0223 | 0.9385 | 0.9308 | 0.9180
0720 | 11:42:41 |  14.1s | 1.0e-04 | 0.0201 | 0.9504 | 0.9483 | 0.9486 | 0.0241 | 0.9196 | 0.9438 | 0.9099
0721 | 11:43:06 |  14.2s | 1.0e-04 | 0.0203 | 0.9464 | 0.9462 | 0.9426 | 0.0227 | 0.9251 | 0.9434 | 0.9171
0722 | 11:43:30 |  14.0s | 1.0e-04 | 0.0207 | 0.9462 | 0.9471 | 0.9436 | 0.0229 | 0.9288 | 0.9480 | 0.9248
0723 | 11:43:54 |  14.0s | 1.0e-04 | 0.0195 | 0.9491 | 0.9506 | 0.9498 | 0.0238 | 0.9203 | 0.9448 | 0.9160
0724 | 11:44:18 |  14.1s | 1.0e-04 | 0.0197 | 0.9486 | 0.9479 | 0.9469 | 0.0230 | 0.9375 | 0.9354 | 0.9245
0725 | 11:44:42 |  13.9s | 1.0e-04 | 0.0196 | 0.9485 | 0.9493 | 0.9477 | 0.0233 | 0.9319 | 0.9479 | 0.9286
0726 | 11:45:06 |  13.7s | 1.0e-04 | 0.0195 | 0.9486 | 0.9474 | 0.9464 | 0.0235 | 0.9318 | 0.9389 | 0.9164
0727 | 11:45:30 |  14.2s | 1.0e-04 | 0.0198 | 0.9486 | 0.9472 | 0.9461 | 0.0235 | 0.9422 | 0.9221 | 0.9126
0728 | 11:45:54 |  14.1s | 1.0e-04 | 0.0200 | 0.9484 | 0.9473 | 0.9458 | 0.0242 | 0.9159 | 0.9394 | 0.9034
0729 | 11:46:18 |  13.8s | 1.0e-04 | 0.0197 | 0.9484 | 0.9476 | 0.9463 | 0.0236 | 0.9350 | 0.9250 | 0.9071
0730 | 11:46:42 |  13.8s | 1.0e-04 | 0.0205 | 0.9471 | 0.9447 | 0.9426 | 0.0250 | 0.9159 | 0.9494 | 0.9141
0731 | 11:47:06 |  13.9s | 1.0e-04 | 0.0200 | 0.9477 | 0.9482 | 0.9459 | 0.0241 | 0.9313 | 0.9349 | 0.9093
0732 | 11:47:30 |  13.8s | 1.0e-04 | 0.0199 | 0.9484 | 0.9452 | 0.9442 | 0.0226 | 0.9301 | 0.9379 | 0.9192
0733 | 11:47:54 |  13.7s | 1.0e-04 | 0.0188 | 0.9503 | 0.9472 | 0.9481 | 0.0218 | 0.9363 | 0.9271 | 0.9115
0734 | 11:48:18 |  14.0s | 1.0e-04 | 0.0202 | 0.9487 | 0.9487 | 0.9477 | 0.0238 | 0.9385 | 0.9261 | 0.9159
0735 | 11:48:42 |  14.0s | 1.0e-04 | 0.0198 | 0.9506 | 0.9441 | 0.9437 | 0.0223 | 0.9270 | 0.9420 | 0.9177
0736 | 11:49:06 |  14.0s | 1.0e-04 | 0.0194 | 0.9486 | 0.9465 | 0.9458 | 0.0232 | 0.9276 | 0.9352 | 0.9127
0737 | 11:49:31 |  13.9s | 1.0e-04 | 0.0195 | 0.9494 | 0.9471 | 0.9459 | 0.0230 | 0.9371 | 0.9353 | 0.9206
0738 | 11:49:55 |  13.9s | 1.0e-04 | 0.0198 | 0.9481 | 0.9456 | 0.9433 | 0.0244 | 0.9243 | 0.9377 | 0.9113
0739 | 11:50:19 |  14.1s | 1.0e-04 | 0.0197 | 0.9471 | 0.9473 | 0.9446 | 0.0231 | 0.9373 | 0.9430 | 0.9293
0740 | 11:50:43 |  14.2s | 1.0e-04 | 0.0201 | 0.9477 | 0.9477 | 0.9459 | 0.0221 | 0.9407 | 0.9373 | 0.9240
0741 | 11:51:07 |  14.5s | 1.0e-04 | 0.0198 | 0.9477 | 0.9453 | 0.9428 | 0.0222 | 0.9368 | 0.9330 | 0.9217
0742 | 11:51:32 |  13.8s | 1.0e-04 | 0.0197 | 0.9480 | 0.9485 | 0.9463 | 0.0230 | 0.9321 | 0.9396 | 0.9177
0743 | 11:51:56 |  13.7s | 1.0e-04 | 0.0196 | 0.9489 | 0.9478 | 0.9470 | 0.0232 | 0.9425 | 0.9254 | 0.9128
0744 | 11:52:20 |  13.9s | 1.0e-04 | 0.0197 | 0.9469 | 0.9479 | 0.9451 | 0.0212 | 0.9329 | 0.9447 | 0.9258
0745 | 11:52:44 |  13.9s | 1.0e-04 | 0.0196 | 0.9482 | 0.9476 | 0.9465 | 0.0216 | 0.9318 | 0.9390 | 0.9154
0746 | 11:53:08 |  13.8s | 1.0e-04 | 0.0200 | 0.9483 | 0.9467 | 0.9453 | 0.0227 | 0.9389 | 0.9196 | 0.9107
0747 | 11:53:32 |  14.1s | 1.0e-04 | 0.0202 | 0.9490 | 0.9433 | 0.9412 | 0.0232 | 0.9409 | 0.9214 | 0.9059
0748 | 11:53:57 |  13.8s | 1.0e-04 | 0.0201 | 0.9503 | 0.9485 | 0.9485 | 0.0232 | 0.9345 | 0.9399 | 0.9195
0749 | 11:54:21 |  13.8s | 1.0e-04 | 0.0201 | 0.9487 | 0.9471 | 0.9456 | 0.0222 | 0.9384 | 0.9333 | 0.9220
0750 | 11:54:45 |  13.9s | 1.0e-04 | 0.0198 | 0.9488 | 0.9426 | 0.9408 | 0.0225 | 0.9362 | 0.9290 | 0.9102
0751 | 11:55:11 |  15.9s | 1.0e-04 | 0.0197 | 0.9500 | 0.9470 | 0.9472 | 0.0223 | 0.9383 | 0.9409 | 0.9290
0752 | 11:55:37 |  14.2s | 1.0e-04 | 0.0198 | 0.9497 | 0.9486 | 0.9484 | 0.0228 | 0.9407 | 0.9270 | 0.9118
0753 | 11:56:01 |  14.0s | 1.0e-04 | 0.0201 | 0.9503 | 0.9471 | 0.9478 | 0.0227 | 0.9313 | 0.9295 | 0.9063
0754 | 11:56:26 |  14.1s | 1.0e-04 | 0.0199 | 0.9511 | 0.9488 | 0.9502 | 0.0222 | 0.9366 | 0.9242 | 0.9108
0755 | 11:56:50 |  14.1s | 1.0e-04 | 0.0194 | 0.9519 | 0.9472 | 0.9494 | 0.0215 | 0.9365 | 0.9356 | 0.9210
0756 | 11:57:15 |  14.2s | 1.0e-04 | 0.0195 | 0.9482 | 0.9482 | 0.9466 | 0.0238 | 0.9361 | 0.9238 | 0.9124
0757 | 11:57:39 |  14.3s | 1.0e-04 | 0.0196 | 0.9480 | 0.9471 | 0.9449 | 0.0230 | 0.9364 | 0.9370 | 0.9206
0758 | 11:58:04 |  14.2s | 1.0e-04 | 0.0198 | 0.9489 | 0.9500 | 0.9490 | 0.0233 | 0.9452 | 0.9301 | 0.9187
0759 | 11:58:28 |  14.3s | 1.0e-04 | 0.0191 | 0.9472 | 0.9505 | 0.9478 | 0.0225 | 0.9396 | 0.9391 | 0.9319
0760 | 11:58:53 |  14.1s | 1.0e-04 | 0.0201 | 0.9474 | 0.9493 | 0.9466 | 0.0233 | 0.9357 | 0.9414 | 0.9245
0761 | 11:59:17 |  14.2s | 1.0e-04 | 0.0190 | 0.9494 | 0.9492 | 0.9484 | 0.0229 | 0.9387 | 0.9355 | 0.9194
0762 | 11:59:42 |  14.2s | 1.0e-04 | 0.0199 | 0.9482 | 0.9461 | 0.9452 | 0.0239 | 0.9225 | 0.9370 | 0.9067
0763 | 12:00:06 |  14.1s | 1.0e-04 | 0.0194 | 0.9487 | 0.9488 | 0.9479 | 0.0205 | 0.9290 | 0.9444 | 0.9193
0764 | 12:00:31 |  14.1s | 1.0e-04 | 0.0191 | 0.9504 | 0.9465 | 0.9479 | 0.0241 | 0.9265 | 0.9383 | 0.9115
0765 | 12:00:55 |  14.1s | 1.0e-04 | 0.0191 | 0.9503 | 0.9501 | 0.9503 | 0.0245 | 0.9340 | 0.9263 | 0.9068
0766 | 12:01:20 |  14.0s | 1.0e-04 | 0.0196 | 0.9490 | 0.9471 | 0.9462 | 0.0227 | 0.9425 | 0.9253 | 0.9123
0767 | 12:01:44 |  14.0s | 1.0e-04 | 0.0197 | 0.9500 | 0.9460 | 0.9465 | 0.0243 | 0.9431 | 0.9212 | 0.9100
0768 | 12:02:08 |  14.1s | 1.0e-04 | 0.0194 | 0.9499 | 0.9486 | 0.9485 | 0.0222 | 0.9315 | 0.9442 | 0.9224
0769 | 12:02:33 |  14.1s | 1.0e-04 | 0.0203 | 0.9475 | 0.9477 | 0.9457 | 0.0231 | 0.9432 | 0.9228 | 0.9221
0770 | 12:02:57 |  14.1s | 1.0e-04 | 0.0193 | 0.9499 | 0.9488 | 0.9484 | 0.0239 | 0.9346 | 0.9360 | 0.9177
0771 | 12:03:21 |  14.1s | 1.0e-04 | 0.0199 | 0.9496 | 0.9488 | 0.9488 | 0.0222 | 0.9341 | 0.9443 | 0.9302
0772 | 12:03:46 |  14.2s | 1.0e-04 | 0.0196 | 0.9516 | 0.9490 | 0.9507 | 0.0223 | 0.9420 | 0.9305 | 0.9214
0773 | 12:04:10 |  14.0s | 1.0e-04 | 0.0192 | 0.9508 | 0.9482 | 0.9489 | 0.0217 | 0.9408 | 0.9377 | 0.9245
0774 | 12:04:35 |  14.0s | 1.0e-04 | 0.0197 | 0.9487 | 0.9478 | 0.9465 | 0.0235 | 0.9345 | 0.9375 | 0.9178
0775 | 12:04:59 |  14.2s | 1.0e-04 | 0.0194 | 0.9489 | 0.9492 | 0.9482 | 0.0241 | 0.9384 | 0.9284 | 0.9158
0776 | 12:05:24 |  14.1s | 1.0e-04 | 0.0197 | 0.9487 | 0.9485 | 0.9474 | 0.0232 | 0.9311 | 0.9353 | 0.9172
0777 | 12:05:48 |  14.1s | 1.0e-04 | 0.0194 | 0.9505 | 0.9485 | 0.9494 | 0.0221 | 0.9366 | 0.9360 | 0.9253
0778 | 12:06:12 |  14.0s | 1.0e-04 | 0.0197 | 0.9487 | 0.9476 | 0.9466 | 0.0231 | 0.9374 | 0.9354 | 0.9180
0779 | 12:06:37 |  14.1s | 1.0e-04 | 0.0195 | 0.9490 | 0.9479 | 0.9473 | 0.0230 | 0.9387 | 0.9279 | 0.9118
0780 | 12:07:01 |  13.9s | 1.0e-04 | 0.0201 | 0.9473 | 0.9486 | 0.9455 | 0.0214 | 0.9384 | 0.9351 | 0.9231
0781 | 12:07:25 |  14.2s | 1.0e-04 | 0.0200 | 0.9483 | 0.9458 | 0.9441 | 0.0227 | 0.9287 | 0.9470 | 0.9233
0782 | 12:07:50 |  24.5s | 1.0e-04 | 0.0190 | 0.9521 | 0.9525 | 0.9545 | 0.0238 | 0.9328 | 0.9271 | 0.9100
0783 | 12:08:25 |  14.1s | 1.0e-04 | 0.0195 | 0.9508 | 0.9495 | 0.9503 | 0.0219 | 0.9304 | 0.9429 | 0.9224
0784 | 12:08:49 |  14.3s | 1.0e-04 | 0.0190 | 0.9501 | 0.9535 | 0.9524 | 0.0232 | 0.9442 | 0.9318 | 0.9228
0785 | 12:09:14 |  14.4s | 1.0e-04 | 0.0191 | 0.9507 | 0.9527 | 0.9535 | 0.0243 | 0.9330 | 0.9272 | 0.9096
0786 | 12:09:38 |  14.1s | 1.0e-04 | 0.0188 | 0.9535 | 0.9528 | 0.9556 | 0.0223 | 0.9445 | 0.9242 | 0.9123
0787 | 12:10:03 |  14.1s | 1.0e-04 | 0.0189 | 0.9521 | 0.9531 | 0.9554 | 0.0220 | 0.9380 | 0.9284 | 0.9182
0788 | 12:10:27 |  14.0s | 1.0e-04 | 0.0187 | 0.9527 | 0.9528 | 0.9548 | 0.0218 | 0.9439 | 0.9369 | 0.9269
0789 | 12:10:51 |  14.0s | 1.0e-04 | 0.0193 | 0.9512 | 0.9513 | 0.9520 | 0.0218 | 0.9331 | 0.9343 | 0.9168
0790 | 12:11:16 |  13.9s | 1.0e-04 | 0.0195 | 0.9528 | 0.9518 | 0.9543 | 0.0225 | 0.9362 | 0.9278 | 0.9128
0791 | 12:11:40 |  14.0s | 1.0e-04 | 0.0188 | 0.9552 | 0.9501 | 0.9553 | 0.0226 | 0.9374 | 0.9276 | 0.9148
0792 | 12:12:04 |  14.0s | 1.0e-04 | 0.0191 | 0.9534 | 0.9506 | 0.9539 | 0.0215 | 0.9224 | 0.9426 | 0.9160
0793 | 12:12:28 |  14.1s | 1.0e-04 | 0.0187 | 0.9509 | 0.9510 | 0.9518 | 0.0248 | 0.9398 | 0.9257 | 0.9114
0794 | 12:12:53 |  13.9s | 1.0e-04 | 0.0189 | 0.9538 | 0.9519 | 0.9555 | 0.0232 | 0.9328 | 0.9348 | 0.9153
0795 | 12:13:17 |  14.0s | 1.0e-04 | 0.0187 | 0.9499 | 0.9536 | 0.9529 | 0.0244 | 0.9408 | 0.9304 | 0.9167
0796 | 12:13:41 |  13.9s | 1.0e-04 | 0.0194 | 0.9516 | 0.9537 | 0.9549 | 0.0223 | 0.9415 | 0.9265 | 0.9144
0797 | 12:14:06 |  14.0s | 1.0e-04 | 0.0189 | 0.9519 | 0.9532 | 0.9546 | 0.0259 | 0.9442 | 0.9150 | 0.9054
0798 | 12:14:30 |  14.1s | 1.0e-04 | 0.0192 | 0.9490 | 0.9516 | 0.9506 | 0.0236 | 0.9309 | 0.9295 | 0.9069
0799 | 12:14:54 |  14.1s | 1.0e-04 | 0.0195 | 0.9507 | 0.9490 | 0.9497 | 0.0223 | 0.9284 | 0.9320 | 0.9093
0800 | 12:15:19 |  14.6s | 1.0e-04 | 0.0187 | 0.9528 | 0.9534 | 0.9561 | 0.0236 | 0.9325 | 0.9386 | 0.9164
0801 | 12:15:44 |  14.0s | 1.0e-04 | 0.0194 | 0.9519 | 0.9523 | 0.9536 | 0.0230 | 0.9402 | 0.9283 | 0.9174
0802 | 12:16:08 |  14.0s | 1.0e-04 | 0.0192 | 0.9517 | 0.9514 | 0.9528 | 0.0230 | 0.9386 | 0.9298 | 0.9189
0803 | 12:16:32 |  13.9s | 1.0e-04 | 0.0188 | 0.9524 | 0.9535 | 0.9559 | 0.0233 | 0.9331 | 0.9358 | 0.9157
0804 | 12:16:57 |  14.3s | 1.0e-04 | 0.0189 | 0.9527 | 0.9525 | 0.9547 | 0.0241 | 0.9268 | 0.9392 | 0.9121
0805 | 12:17:21 |  13.9s | 1.0e-04 | 0.0186 | 0.9522 | 0.9525 | 0.9547 | 0.0227 | 0.9413 | 0.9270 | 0.9209
0806 | 12:17:45 |  14.1s | 1.0e-04 | 0.0188 | 0.9527 | 0.9522 | 0.9548 | 0.0228 | 0.9371 | 0.9345 | 0.9177
0807 | 12:18:10 |  13.9s | 1.0e-04 | 0.0190 | 0.9508 | 0.9520 | 0.9525 | 0.0227 | 0.9432 | 0.9254 | 0.9173
0808 | 12:18:34 |  14.1s | 1.0e-04 | 0.0184 | 0.9523 | 0.9537 | 0.9561 | 0.0250 | 0.9339 | 0.9227 | 0.9086
0809 | 12:18:58 |  14.1s | 1.0e-04 | 0.0190 | 0.9506 | 0.9525 | 0.9525 | 0.0224 | 0.9382 | 0.9288 | 0.9139
0810 | 12:19:23 |  14.3s | 1.0e-04 | 0.0184 | 0.9523 | 0.9534 | 0.9553 | 0.0229 | 0.9357 | 0.9302 | 0.9110
0811 | 12:19:47 |  14.2s | 1.0e-04 | 0.0187 | 0.9513 | 0.9526 | 0.9539 | 0.0224 | 0.9440 | 0.9269 | 0.9200
0812 | 12:20:12 |  14.2s | 1.0e-04 | 0.0183 | 0.9532 | 0.9539 | 0.9560 | 0.0232 | 0.9428 | 0.9309 | 0.9194
0813 | 12:20:37 |  27.8s | 1.0e-04 | 0.0188 | 0.9525 | 0.9543 | 0.9566 | 0.0231 | 0.9253 | 0.9487 | 0.9230
0814 | 12:21:15 |  14.0s | 1.0e-04 | 0.0186 | 0.9497 | 0.9531 | 0.9526 | 0.0222 | 0.9329 | 0.9321 | 0.9120
0815 | 12:21:39 |  14.1s | 1.0e-04 | 0.0185 | 0.9539 | 0.9516 | 0.9554 | 0.0233 | 0.9335 | 0.9328 | 0.9098
0816 | 12:22:03 |  14.3s | 1.0e-04 | 0.0185 | 0.9539 | 0.9505 | 0.9542 | 0.0231 | 0.9375 | 0.9313 | 0.9190
0817 | 12:22:28 |  14.0s | 1.0e-04 | 0.0188 | 0.9514 | 0.9498 | 0.9512 | 0.0235 | 0.9391 | 0.9322 | 0.9242
0818 | 12:22:52 |  14.2s | 1.0e-04 | 0.0182 | 0.9530 | 0.9527 | 0.9555 | 0.0217 | 0.9342 | 0.9355 | 0.9202
0819 | 12:23:17 |  14.1s | 1.0e-04 | 0.0184 | 0.9525 | 0.9522 | 0.9548 | 0.0237 | 0.9310 | 0.9469 | 0.9265
0820 | 12:23:41 |  14.0s | 1.0e-04 | 0.0186 | 0.9525 | 0.9505 | 0.9533 | 0.0227 | 0.9387 | 0.9334 | 0.9186
0821 | 12:24:05 |  14.1s | 1.0e-04 | 0.0188 | 0.9497 | 0.9519 | 0.9508 | 0.0228 | 0.9293 | 0.9422 | 0.9190
0822 | 12:24:30 |  14.1s | 1.0e-04 | 0.0187 | 0.9516 | 0.9502 | 0.9519 | 0.0224 | 0.9394 | 0.9355 | 0.9229
0823 | 12:24:54 |  14.3s | 1.0e-04 | 0.0186 | 0.9506 | 0.9521 | 0.9531 | 0.0227 | 0.9345 | 0.9365 | 0.9143
0824 | 12:25:19 |  14.1s | 1.0e-04 | 0.0190 | 0.9533 | 0.9504 | 0.9535 | 0.0235 | 0.9347 | 0.9269 | 0.9076
0825 | 12:25:43 |  14.2s | 1.0e-04 | 0.0185 | 0.9530 | 0.9527 | 0.9551 | 0.0239 | 0.9329 | 0.9383 | 0.9172
0826 | 12:26:08 |  14.0s | 1.0e-04 | 0.0185 | 0.9519 | 0.9506 | 0.9525 | 0.0231 | 0.9431 | 0.9197 | 0.9116
0827 | 12:26:32 |  14.0s | 1.0e-04 | 0.0185 | 0.9559 | 0.9510 | 0.9567 | 0.0228 | 0.9368 | 0.9270 | 0.9102
0828 | 12:26:56 |  14.1s | 1.0e-04 | 0.0186 | 0.9521 | 0.9505 | 0.9527 | 0.0236 | 0.9450 | 0.9230 | 0.9138
0829 | 12:27:20 |  14.1s | 1.0e-04 | 0.0184 | 0.9520 | 0.9510 | 0.9528 | 0.0225 | 0.9266 | 0.9411 | 0.9150
0830 | 12:27:45 |  13.9s | 1.0e-04 | 0.0194 | 0.9502 | 0.9502 | 0.9502 | 0.0251 | 0.9276 | 0.9389 | 0.9151
0831 | 12:28:09 |  13.9s | 1.0e-04 | 0.0187 | 0.9522 | 0.9489 | 0.9511 | 0.0241 | 0.9345 | 0.9261 | 0.9073
0832 | 12:28:33 |  14.0s | 1.0e-04 | 0.0185 | 0.9538 | 0.9515 | 0.9553 | 0.0233 | 0.9408 | 0.9291 | 0.9190
0833 | 12:28:57 |  14.0s | 1.0e-04 | 0.0183 | 0.9518 | 0.9508 | 0.9531 | 0.0219 | 0.9481 | 0.9287 | 0.9267
0834 | 12:29:21 |  14.0s | 1.0e-04 | 0.0190 | 0.9520 | 0.9510 | 0.9525 | 0.0234 | 0.9429 | 0.9254 | 0.9106
0835 | 12:29:45 |  14.0s | 1.0e-04 | 0.0191 | 0.9506 | 0.9508 | 0.9514 | 0.0243 | 0.9335 | 0.9361 | 0.9129
0836 | 12:30:09 |  13.9s | 1.0e-04 | 0.0186 | 0.9516 | 0.9518 | 0.9530 | 0.0237 | 0.9399 | 0.9224 | 0.9067
0837 | 12:30:33 |  14.2s | 1.0e-04 | 0.0185 | 0.9518 | 0.9512 | 0.9526 | 0.0240 | 0.9322 | 0.9355 | 0.9090
0838 | 12:30:57 |  14.3s | 1.0e-04 | 0.0184 | 0.9541 | 0.9527 | 0.9560 | 0.0228 | 0.9205 | 0.9442 | 0.9145
0839 | 12:31:22 |  14.1s | 1.0e-04 | 0.0183 | 0.9523 | 0.9519 | 0.9534 | 0.0226 | 0.9302 | 0.9381 | 0.9149
0840 | 12:31:46 |  14.1s | 1.0e-04 | 0.0186 | 0.9516 | 0.9513 | 0.9533 | 0.0232 | 0.9496 | 0.9188 | 0.9208
0841 | 12:32:10 |  14.3s | 1.0e-04 | 0.0193 | 0.9502 | 0.9516 | 0.9519 | 0.0224 | 0.9330 | 0.9340 | 0.9167
0842 | 12:32:35 |  13.9s | 1.0e-04 | 0.0182 | 0.9538 | 0.9511 | 0.9549 | 0.0238 | 0.9249 | 0.9453 | 0.9174
0843 | 12:32:59 |  13.9s | 1.0e-04 | 0.0185 | 0.9534 | 0.9510 | 0.9542 | 0.0230 | 0.9395 | 0.9349 | 0.9230
0844 | 12:33:23 |  25.8s | 1.0e-04 | 0.0188 | 0.9522 | 0.9539 | 0.9563 | 0.0232 | 0.9337 | 0.9406 | 0.9235
0845 | 12:33:59 |  14.1s | 1.0e-04 | 0.0194 | 0.9510 | 0.9493 | 0.9503 | 0.0227 | 0.9335 | 0.9384 | 0.9206
0846 | 12:34:23 |  14.2s | 1.0e-04 | 0.0197 | 0.9525 | 0.9474 | 0.9501 | 0.0227 | 0.9230 | 0.9472 | 0.9196
0847 | 12:34:47 |  13.9s | 1.0e-04 | 0.0193 | 0.9506 | 0.9476 | 0.9486 | 0.0231 | 0.9496 | 0.9070 | 0.9135
0848 | 12:35:11 |  14.0s | 1.0e-04 | 0.0201 | 0.9494 | 0.9476 | 0.9472 | 0.0232 | 0.9331 | 0.9401 | 0.9230
0849 | 12:35:35 |  14.1s | 1.0e-04 | 0.0196 | 0.9527 | 0.9501 | 0.9528 | 0.0220 | 0.9297 | 0.9502 | 0.9297
0850 | 12:36:00 |  14.1s | 1.0e-04 | 0.0191 | 0.9511 | 0.9490 | 0.9504 | 0.0230 | 0.9474 | 0.9195 | 0.9166
0851 | 12:36:24 |  14.0s | 1.0e-04 | 0.0195 | 0.9510 | 0.9494 | 0.9505 | 0.0223 | 0.9394 | 0.9361 | 0.9249
0852 | 12:36:48 |  14.3s | 1.0e-04 | 0.0198 | 0.9500 | 0.9488 | 0.9488 | 0.0209 | 0.9432 | 0.9317 | 0.9260
0853 | 12:37:13 |  13.9s | 1.0e-04 | 0.0196 | 0.9501 | 0.9473 | 0.9477 | 0.0231 | 0.9389 | 0.9292 | 0.9159
0854 | 12:37:37 |  13.9s | 1.0e-04 | 0.0188 | 0.9531 | 0.9511 | 0.9543 | 0.0229 | 0.9458 | 0.9175 | 0.9127
0855 | 12:38:01 |  14.0s | 1.0e-04 | 0.0194 | 0.9510 | 0.9487 | 0.9495 | 0.0234 | 0.9410 | 0.9277 | 0.9145
0856 | 12:38:25 |  14.3s | 1.0e-04 | 0.0199 | 0.9508 | 0.9467 | 0.9479 | 0.0228 | 0.9413 | 0.9295 | 0.9185
0857 | 12:38:49 |  14.0s | 1.0e-04 | 0.0191 | 0.9519 | 0.9521 | 0.9534 | 0.0226 | 0.9391 | 0.9329 | 0.9223
0858 | 12:39:13 |  14.1s | 1.0e-04 | 0.0195 | 0.9507 | 0.9506 | 0.9513 | 0.0221 | 0.9323 | 0.9464 | 0.9287
0859 | 12:39:37 |  13.9s | 1.0e-04 | 0.0191 | 0.9481 | 0.9495 | 0.9478 | 0.0236 | 0.9299 | 0.9359 | 0.9123
0860 | 12:40:01 |  14.0s | 1.0e-04 | 0.0195 | 0.9507 | 0.9505 | 0.9511 | 0.0219 | 0.9479 | 0.9364 | 0.9328
0861 | 12:40:25 |  14.0s | 1.0e-04 | 0.0202 | 0.9488 | 0.9498 | 0.9487 | 0.0225 | 0.9260 | 0.9469 | 0.9216
0862 | 12:40:50 |  14.5s | 1.0e-04 | 0.0197 | 0.9501 | 0.9499 | 0.9500 | 0.0220 | 0.9324 | 0.9412 | 0.9248
0863 | 12:41:14 |  14.4s | 1.0e-04 | 0.0195 | 0.9499 | 0.9522 | 0.9512 | 0.0222 | 0.9403 | 0.9391 | 0.9301
0864 | 12:41:39 |  14.2s | 1.0e-04 | 0.0197 | 0.9485 | 0.9499 | 0.9482 | 0.0229 | 0.9348 | 0.9416 | 0.9200
0865 | 12:42:03 |  14.0s | 1.0e-04 | 0.0195 | 0.9497 | 0.9495 | 0.9494 | 0.0237 | 0.9408 | 0.9282 | 0.9141
0866 | 12:42:27 |  14.4s | 1.0e-04 | 0.0197 | 0.9499 | 0.9479 | 0.9482 | 0.0230 | 0.9429 | 0.9255 | 0.9167
0867 | 12:42:52 |  14.5s | 1.0e-04 | 0.0190 | 0.9514 | 0.9500 | 0.9515 | 0.0235 | 0.9443 | 0.9287 | 0.9225
0868 | 12:43:16 |  13.8s | 1.0e-04 | 0.0194 | 0.9503 | 0.9509 | 0.9509 | 0.0235 | 0.9281 | 0.9443 | 0.9173
0869 | 12:43:40 |  14.1s | 1.0e-04 | 0.0197 | 0.9500 | 0.9508 | 0.9505 | 0.0236 | 0.9405 | 0.9330 | 0.9247
0870 | 12:44:04 |  14.2s | 1.0e-04 | 0.0187 | 0.9532 | 0.9502 | 0.9533 | 0.0223 | 0.9343 | 0.9403 | 0.9226
0871 | 12:44:29 |  14.3s | 1.0e-04 | 0.0195 | 0.9496 | 0.9482 | 0.9484 | 0.0222 | 0.9357 | 0.9341 | 0.9186
0872 | 12:44:53 |  14.1s | 1.0e-04 | 0.0189 | 0.9510 | 0.9522 | 0.9533 | 0.0224 | 0.9475 | 0.9247 | 0.9228
0873 | 12:45:17 |  14.4s | 1.0e-04 | 0.0194 | 0.9520 | 0.9502 | 0.9521 | 0.0226 | 0.9367 | 0.9464 | 0.9334
0874 | 12:45:42 |  14.0s | 1.0e-04 | 0.0195 | 0.9501 | 0.9509 | 0.9507 | 0.0229 | 0.9299 | 0.9421 | 0.9205
0875 | 12:46:06 |  13.9s | 1.0e-04 | 0.0189 | 0.9516 | 0.9500 | 0.9516 | 0.0228 | 0.9359 | 0.9357 | 0.9172
0876 | 12:46:33 |  14.4s | 1.0e-04 | 0.0190 | 0.9527 | 0.9526 | 0.9549 | 0.0206 | 0.9434 | 0.9393 | 0.9319
0877 | 12:46:57 |  14.1s | 1.0e-04 | 0.0193 | 0.9515 | 0.9515 | 0.9526 | 0.0227 | 0.9189 | 0.9491 | 0.9178
0878 | 12:47:21 |  14.1s | 1.0e-04 | 0.0188 | 0.9520 | 0.9516 | 0.9539 | 0.0213 | 0.9359 | 0.9393 | 0.9273
0879 | 12:47:45 |  14.0s | 1.0e-04 | 0.0188 | 0.9537 | 0.9507 | 0.9543 | 0.0223 | 0.9333 | 0.9440 | 0.9266
0880 | 12:48:10 |  13.8s | 1.0e-04 | 0.0185 | 0.9537 | 0.9532 | 0.9565 | 0.0226 | 0.9389 | 0.9245 | 0.9105
0881 | 12:48:34 |  14.1s | 1.0e-04 | 0.0184 | 0.9521 | 0.9536 | 0.9547 | 0.0229 | 0.9398 | 0.9325 | 0.9181
0882 | 12:48:58 |  14.2s | 1.0e-04 | 0.0194 | 0.9496 | 0.9515 | 0.9508 | 0.0225 | 0.9410 | 0.9273 | 0.9139
0883 | 12:49:22 |  14.0s | 1.0e-04 | 0.0195 | 0.9513 | 0.9517 | 0.9527 | 0.0222 | 0.9343 | 0.9398 | 0.9216
0884 | 12:49:46 |  14.2s | 1.0e-04 | 0.0189 | 0.9516 | 0.9518 | 0.9535 | 0.0226 | 0.9448 | 0.9193 | 0.9171
0885 | 12:50:10 |  14.1s | 1.0e-04 | 0.0187 | 0.9544 | 0.9543 | 0.9578 | 0.0230 | 0.9303 | 0.9382 | 0.9175
0886 | 12:50:35 |  14.1s | 1.0e-04 | 0.0185 | 0.9513 | 0.9539 | 0.9544 | 0.0224 | 0.9375 | 0.9375 | 0.9263
0887 | 12:50:59 |  14.1s | 1.0e-04 | 0.0190 | 0.9523 | 0.9525 | 0.9546 | 0.0220 | 0.9314 | 0.9381 | 0.9175
0888 | 12:51:23 |  14.2s | 1.0e-04 | 0.0191 | 0.9505 | 0.9524 | 0.9523 | 0.0223 | 0.9413 | 0.9275 | 0.9174
0889 | 12:51:47 |  13.8s | 1.0e-04 | 0.0188 | 0.9496 | 0.9518 | 0.9512 | 0.0226 | 0.9380 | 0.9339 | 0.9225
0890 | 12:52:11 |  14.2s | 1.0e-04 | 0.0195 | 0.9497 | 0.9506 | 0.9502 | 0.0237 | 0.9314 | 0.9395 | 0.9201
0891 | 12:52:35 |  14.0s | 1.0e-04 | 0.0199 | 0.9507 | 0.9512 | 0.9515 | 0.0210 | 0.9323 | 0.9434 | 0.9220
0892 | 12:53:00 |  13.8s | 1.0e-04 | 0.0187 | 0.9510 | 0.9531 | 0.9550 | 0.0239 | 0.9321 | 0.9312 | 0.9093
0893 | 12:53:23 |  14.1s | 1.0e-04 | 0.0188 | 0.9514 | 0.9540 | 0.9551 | 0.0224 | 0.9352 | 0.9455 | 0.9298
0894 | 12:53:48 |  14.2s | 1.0e-04 | 0.0189 | 0.9515 | 0.9505 | 0.9522 | 0.0227 | 0.9363 | 0.9384 | 0.9235
0895 | 12:54:12 |  13.9s | 1.0e-04 | 0.0181 | 0.9530 | 0.9557 | 0.9581 | 0.0221 | 0.9381 | 0.9358 | 0.9244
0896 | 12:54:36 |  14.2s | 1.0e-04 | 0.0187 | 0.9532 | 0.9518 | 0.9546 | 0.0207 | 0.9417 | 0.9417 | 0.9319
0897 | 12:55:00 |  14.4s | 1.0e-04 | 0.0197 | 0.9514 | 0.9515 | 0.9526 | 0.0223 | 0.9458 | 0.9250 | 0.9148
0898 | 12:55:25 |  14.4s | 1.0e-04 | 0.0182 | 0.9536 | 0.9523 | 0.9558 | 0.0238 | 0.9361 | 0.9416 | 0.9260
0899 | 12:55:49 |  14.0s | 1.0e-04 | 0.0187 | 0.9533 | 0.9507 | 0.9539 | 0.0227 | 0.9306 | 0.9353 | 0.9153
0900 | 12:56:13 |  14.1s | 1.0e-04 | 0.0188 | 0.9525 | 0.9536 | 0.9552 | 0.0221 | 0.9321 | 0.9466 | 0.9282
0901 | 12:56:37 |  14.2s | 1.0e-04 | 0.0189 | 0.9512 | 0.9517 | 0.9524 | 0.0224 | 0.9446 | 0.9306 | 0.9258
0902 | 12:57:02 |  13.9s | 1.0e-04 | 0.0193 | 0.9525 | 0.9516 | 0.9542 | 0.0228 | 0.9441 | 0.9257 | 0.9185
0903 | 12:57:26 |  14.0s | 1.0e-04 | 0.0183 | 0.9518 | 0.9530 | 0.9541 | 0.0229 | 0.9419 | 0.9324 | 0.9218
0904 | 12:57:50 |  14.0s | 1.0e-04 | 0.0183 | 0.9527 | 0.9540 | 0.9559 | 0.0235 | 0.9416 | 0.9354 | 0.9243
0905 | 12:58:14 |  14.4s | 1.0e-04 | 0.0185 | 0.9541 | 0.9526 | 0.9558 | 0.0234 | 0.9284 | 0.9368 | 0.9126
0906 | 12:58:38 |  14.0s | 1.0e-04 | 0.0192 | 0.9512 | 0.9513 | 0.9524 | 0.0203 | 0.9364 | 0.9438 | 0.9295
0907 | 12:59:02 |  23.6s | 1.0e-04 | 0.0203 | 0.9492 | 0.9473 | 0.9463 | 0.0217 | 0.9308 | 0.9441 | 0.9244
0908 | 12:59:36 |  14.1s | 1.0e-04 | 0.0201 | 0.9496 | 0.9496 | 0.9490 | 0.0228 | 0.9294 | 0.9385 | 0.9184
0909 | 13:00:00 |  14.2s | 1.0e-04 | 0.0209 | 0.9471 | 0.9472 | 0.9443 | 0.0231 | 0.9353 | 0.9346 | 0.9180
0910 | 13:00:24 |  14.1s | 1.0e-04 | 0.0205 | 0.9472 | 0.9469 | 0.9447 | 0.0219 | 0.9371 | 0.9441 | 0.9291
0911 | 13:00:49 |  14.1s | 1.0e-04 | 0.0198 | 0.9468 | 0.9487 | 0.9456 | 0.0223 | 0.9329 | 0.9449 | 0.9255
0912 | 13:01:13 |  14.0s | 1.0e-04 | 0.0200 | 0.9474 | 0.9482 | 0.9450 | 0.0243 | 0.9290 | 0.9375 | 0.9140
0913 | 13:01:37 |  14.1s | 1.0e-04 | 0.0205 | 0.9455 | 0.9463 | 0.9417 | 0.0240 | 0.9361 | 0.9239 | 0.9049
0914 | 13:02:01 |  14.0s | 1.0e-04 | 0.0203 | 0.9473 | 0.9465 | 0.9448 | 0.0211 | 0.9384 | 0.9406 | 0.9277
0915 | 13:02:25 |  14.1s | 1.0e-04 | 0.0199 | 0.9500 | 0.9473 | 0.9476 | 0.0227 | 0.9300 | 0.9458 | 0.9240
0916 | 13:02:49 |  14.3s | 1.0e-04 | 0.0197 | 0.9489 | 0.9483 | 0.9474 | 0.0231 | 0.9460 | 0.9225 | 0.9267
0917 | 13:03:13 |  14.0s | 1.0e-04 | 0.0191 | 0.9492 | 0.9509 | 0.9500 | 0.0230 | 0.9350 | 0.9424 | 0.9224
0918 | 13:03:37 |  14.0s | 1.0e-04 | 0.0202 | 0.9506 | 0.9484 | 0.9492 | 0.0240 | 0.9299 | 0.9367 | 0.9157
0919 | 13:04:02 |  14.4s | 1.0e-04 | 0.0198 | 0.9498 | 0.9465 | 0.9471 | 0.0204 | 0.9464 | 0.9395 | 0.9337
0920 | 13:04:26 |  14.1s | 1.0e-04 | 0.0204 | 0.9481 | 0.9494 | 0.9476 | 0.0229 | 0.9419 | 0.9268 | 0.9157
0921 | 13:04:50 |  14.0s | 1.0e-04 | 0.0200 | 0.9496 | 0.9474 | 0.9465 | 0.0236 | 0.9396 | 0.9289 | 0.9167
0922 | 13:05:14 |  14.1s | 1.0e-04 | 0.0202 | 0.9493 | 0.9473 | 0.9460 | 0.0225 | 0.9377 | 0.9349 | 0.9186
0923 | 13:05:38 |  14.1s | 1.0e-04 | 0.0199 | 0.9480 | 0.9472 | 0.9457 | 0.0218 | 0.9398 | 0.9251 | 0.9145
0924 | 13:06:03 |  14.0s | 1.0e-04 | 0.0197 | 0.9506 | 0.9488 | 0.9498 | 0.0222 | 0.9362 | 0.9404 | 0.9261
0925 | 13:06:27 |  14.0s | 1.0e-04 | 0.0198 | 0.9478 | 0.9474 | 0.9454 | 0.0234 | 0.9331 | 0.9437 | 0.9257
0926 | 13:06:51 |  14.0s | 1.0e-04 | 0.0203 | 0.9489 | 0.9471 | 0.9461 | 0.0229 | 0.9399 | 0.9307 | 0.9188
0927 | 13:07:15 |  14.1s | 1.0e-04 | 0.0190 | 0.9510 | 0.9491 | 0.9502 | 0.0221 | 0.9403 | 0.9341 | 0.9215
0928 | 13:07:39 |  14.0s | 1.0e-04 | 0.0203 | 0.9481 | 0.9456 | 0.9444 | 0.0221 | 0.9414 | 0.9382 | 0.9291
0929 | 13:08:03 |  14.2s | 1.0e-04 | 0.0200 | 0.9490 | 0.9492 | 0.9482 | 0.0220 | 0.9460 | 0.9288 | 0.9269
0930 | 13:08:27 |  13.9s | 1.0e-04 | 0.0200 | 0.9493 | 0.9511 | 0.9501 | 0.0215 | 0.9394 | 0.9344 | 0.9229
0931 | 13:08:51 |  14.0s | 1.0e-04 | 0.0200 | 0.9481 | 0.9481 | 0.9463 | 0.0224 | 0.9428 | 0.9331 | 0.9262
0932 | 13:09:16 |  14.3s | 1.0e-04 | 0.0207 | 0.9467 | 0.9431 | 0.9402 | 0.0224 | 0.9315 | 0.9273 | 0.9067
0933 | 13:09:40 |  14.1s | 1.0e-04 | 0.0199 | 0.9487 | 0.9478 | 0.9467 | 0.0232 | 0.9298 | 0.9379 | 0.9131
0934 | 13:10:04 |  14.2s | 1.0e-04 | 0.0195 | 0.9495 | 0.9500 | 0.9495 | 0.0221 | 0.9440 | 0.9305 | 0.9165
0935 | 13:10:28 |  14.1s | 1.0e-04 | 0.0202 | 0.9477 | 0.9463 | 0.9445 | 0.0226 | 0.9430 | 0.9361 | 0.9271
0936 | 13:10:52 |  14.3s | 1.0e-04 | 0.0196 | 0.9500 | 0.9478 | 0.9481 | 0.0232 | 0.9428 | 0.9231 | 0.9173
0937 | 13:11:17 |  14.2s | 1.0e-04 | 0.0208 | 0.9488 | 0.9450 | 0.9432 | 0.0223 | 0.9344 | 0.9333 | 0.9157
0938 | 13:11:41 |  23.9s | 1.0e-04 | 0.0197 | 0.9499 | 0.9487 | 0.9486 | 0.0236 | 0.9432 | 0.9264 | 0.9190
0939 | 13:12:15 |  13.9s | 1.0e-04 | 0.0191 | 0.9524 | 0.9523 | 0.9543 | 0.0229 | 0.9370 | 0.9328 | 0.9188
0940 | 13:12:39 |  14.2s | 1.0e-04 | 0.0191 | 0.9515 | 0.9497 | 0.9513 | 0.0204 | 0.9391 | 0.9432 | 0.9310
0941 | 13:13:03 |  14.3s | 1.0e-04 | 0.0193 | 0.9505 | 0.9525 | 0.9527 | 0.0236 | 0.9449 | 0.9259 | 0.9199
0942 | 13:13:28 |  14.1s | 1.0e-04 | 0.0194 | 0.9489 | 0.9515 | 0.9501 | 0.0240 | 0.9424 | 0.9164 | 0.9073
0943 | 13:13:52 |  14.1s | 1.0e-04 | 0.0191 | 0.9520 | 0.9534 | 0.9547 | 0.0224 | 0.9349 | 0.9342 | 0.9100
0944 | 13:14:16 |  14.1s | 1.0e-04 | 0.0193 | 0.9495 | 0.9509 | 0.9507 | 0.0238 | 0.9305 | 0.9419 | 0.9187
0945 | 13:14:40 |  13.9s | 1.0e-04 | 0.0188 | 0.9520 | 0.9504 | 0.9521 | 0.0217 | 0.9321 | 0.9482 | 0.9298
0946 | 13:15:04 |  13.9s | 1.0e-04 | 0.0196 | 0.9507 | 0.9522 | 0.9527 | 0.0214 | 0.9397 | 0.9403 | 0.9300
0947 | 13:15:28 |  14.0s | 1.0e-04 | 0.0199 | 0.9498 | 0.9477 | 0.9477 | 0.0217 | 0.9295 | 0.9451 | 0.9209
0948 | 13:15:52 |  14.1s | 1.0e-04 | 0.0201 | 0.9521 | 0.9482 | 0.9499 | 0.0226 | 0.9347 | 0.9303 | 0.9148
0949 | 13:16:17 |  14.2s | 1.0e-04 | 0.0193 | 0.9516 | 0.9519 | 0.9534 | 0.0225 | 0.9438 | 0.9256 | 0.9190
0950 | 13:16:41 |  14.0s | 1.0e-04 | 0.0194 | 0.9500 | 0.9486 | 0.9487 | 0.0219 | 0.9485 | 0.9327 | 0.9259
0951 | 13:17:05 |  14.0s | 1.0e-04 | 0.0203 | 0.9502 | 0.9490 | 0.9494 | 0.0223 | 0.9354 | 0.9363 | 0.9241
0952 | 13:17:29 |  14.1s | 1.0e-04 | 0.0193 | 0.9489 | 0.9502 | 0.9493 | 0.0217 | 0.9375 | 0.9390 | 0.9258
0953 | 13:17:53 |  14.0s | 1.0e-04 | 0.0198 | 0.9519 | 0.9525 | 0.9542 | 0.0228 | 0.9389 | 0.9324 | 0.9219
0954 | 13:18:17 |  14.0s | 1.0e-04 | 0.0194 | 0.9508 | 0.9499 | 0.9507 | 0.0216 | 0.9335 | 0.9407 | 0.9224
0955 | 13:18:41 |  14.1s | 1.0e-04 | 0.0189 | 0.9518 | 0.9504 | 0.9523 | 0.0224 | 0.9455 | 0.9326 | 0.9258
0956 | 13:19:05 |  14.2s | 1.0e-04 | 0.0196 | 0.9498 | 0.9524 | 0.9519 | 0.0230 | 0.9414 | 0.9233 | 0.9206
0957 | 13:19:29 |  14.1s | 1.0e-04 | 0.0198 | 0.9497 | 0.9473 | 0.9473 | 0.0226 | 0.9374 | 0.9271 | 0.9108
0958 | 13:19:53 |  13.9s | 1.0e-04 | 0.0194 | 0.9507 | 0.9508 | 0.9516 | 0.0233 | 0.9389 | 0.9321 | 0.9190
0959 | 13:20:17 |  14.2s | 1.0e-04 | 0.0196 | 0.9508 | 0.9506 | 0.9516 | 0.0223 | 0.9382 | 0.9332 | 0.9195
0960 | 13:20:42 |  13.9s | 1.0e-04 | 0.0198 | 0.9495 | 0.9502 | 0.9498 | 0.0226 | 0.9411 | 0.9335 | 0.9255
0961 | 13:21:06 |  14.1s | 1.0e-04 | 0.0190 | 0.9514 | 0.9493 | 0.9511 | 0.0232 | 0.9328 | 0.9353 | 0.9201
0962 | 13:21:30 |  14.2s | 1.0e-04 | 0.0192 | 0.9529 | 0.9503 | 0.9532 | 0.0230 | 0.9417 | 0.9355 | 0.9257
0963 | 13:21:54 |  14.2s | 1.0e-04 | 0.0199 | 0.9527 | 0.9501 | 0.9527 | 0.0230 | 0.9410 | 0.9296 | 0.9113
0964 | 13:22:18 |  14.2s | 1.0e-04 | 0.0195 | 0.9510 | 0.9503 | 0.9513 | 0.0220 | 0.9268 | 0.9463 | 0.9222
0965 | 13:22:43 |  14.1s | 1.0e-04 | 0.0198 | 0.9492 | 0.9503 | 0.9495 | 0.0224 | 0.9309 | 0.9418 | 0.9218
0966 | 13:23:07 |  14.1s | 1.0e-04 | 0.0194 | 0.9497 | 0.9496 | 0.9492 | 0.0221 | 0.9378 | 0.9331 | 0.9177
0967 | 13:23:31 |  14.0s | 1.0e-04 | 0.0192 | 0.9511 | 0.9500 | 0.9511 | 0.0218 | 0.9315 | 0.9462 | 0.9265
0968 | 13:23:55 |  14.0s | 1.0e-04 | 0.0193 | 0.9527 | 0.9515 | 0.9537 | 0.0242 | 0.9455 | 0.9299 | 0.9233
0969 | 13:24:19 |  28.6s | 1.0e-04 | 0.0197 | 0.9524 | 0.9492 | 0.9513 | 0.0221 | 0.9454 | 0.9348 | 0.9315
0970 | 13:24:57 |  14.0s | 1.0e-04 | 0.0195 | 0.9497 | 0.9505 | 0.9502 | 0.0223 | 0.9350 | 0.9415 | 0.9260
0971 | 13:25:22 |  14.0s | 1.0e-04 | 0.0195 | 0.9505 | 0.9464 | 0.9469 | 0.0221 | 0.9441 | 0.9328 | 0.9242
0972 | 13:25:46 |  14.0s | 1.0e-04 | 0.0199 | 0.9491 | 0.9524 | 0.9511 | 0.0211 | 0.9322 | 0.9430 | 0.9262
0973 | 13:26:10 |  13.8s | 1.0e-04 | 0.0198 | 0.9484 | 0.9520 | 0.9505 | 0.0223 | 0.9341 | 0.9327 | 0.9134
0974 | 13:26:33 |  14.0s | 1.0e-04 | 0.0195 | 0.9518 | 0.9512 | 0.9532 | 0.0227 | 0.9320 | 0.9407 | 0.9239
0975 | 13:26:57 |  14.2s | 1.0e-04 | 0.0199 | 0.9497 | 0.9503 | 0.9502 | 0.0215 | 0.9426 | 0.9363 | 0.9291
0976 | 13:27:21 |  14.2s | 1.0e-04 | 0.0201 | 0.9499 | 0.9486 | 0.9485 | 0.0235 | 0.9355 | 0.9343 | 0.9151
0977 | 13:27:46 |  14.1s | 1.0e-04 | 0.0198 | 0.9501 | 0.9528 | 0.9529 | 0.0219 | 0.9383 | 0.9334 | 0.9221
0978 | 13:28:10 |  14.0s | 1.0e-04 | 0.0200 | 0.9497 | 0.9494 | 0.9492 | 0.0238 | 0.9363 | 0.9234 | 0.9087
0979 | 13:28:34 |  13.9s | 1.0e-04 | 0.0198 | 0.9500 | 0.9509 | 0.9510 | 0.0224 | 0.9412 | 0.9387 | 0.9298
0980 | 13:28:58 |  14.0s | 1.0e-04 | 0.0196 | 0.9509 | 0.9516 | 0.9519 | 0.0210 | 0.9369 | 0.9430 | 0.9280
0981 | 13:29:22 |  14.0s | 1.0e-04 | 0.0199 | 0.9519 | 0.9492 | 0.9512 | 0.0234 | 0.9305 | 0.9404 | 0.9207
0982 | 13:29:46 |  14.1s | 1.0e-04 | 0.0205 | 0.9484 | 0.9470 | 0.9460 | 0.0236 | 0.9394 | 0.9316 | 0.9080
0983 | 13:30:10 |  13.9s | 1.0e-04 | 0.0194 | 0.9531 | 0.9512 | 0.9547 | 0.0228 | 0.9476 | 0.9233 | 0.9250
0984 | 13:30:34 |  14.0s | 1.0e-04 | 0.0198 | 0.9499 | 0.9470 | 0.9479 | 0.0232 | 0.9352 | 0.9336 | 0.9145
0985 | 13:30:58 |  14.3s | 1.0e-04 | 0.0202 | 0.9506 | 0.9507 | 0.9512 | 0.0227 | 0.9404 | 0.9310 | 0.9193
0986 | 13:31:22 |  14.0s | 1.0e-04 | 0.0200 | 0.9504 | 0.9500 | 0.9504 | 0.0219 | 0.9407 | 0.9335 | 0.9272
0987 | 13:31:46 |  13.9s | 1.0e-04 | 0.0204 | 0.9497 | 0.9493 | 0.9491 | 0.0217 | 0.9328 | 0.9468 | 0.9279
0988 | 13:32:10 |  14.2s | 1.0e-04 | 0.0202 | 0.9500 | 0.9505 | 0.9506 | 0.0219 | 0.9444 | 0.9343 | 0.9279
0989 | 13:32:34 |  14.1s | 1.0e-04 | 0.0191 | 0.9499 | 0.9514 | 0.9513 | 0.0215 | 0.9382 | 0.9309 | 0.9201
0990 | 13:32:59 |  14.2s | 1.0e-04 | 0.0197 | 0.9513 | 0.9511 | 0.9522 | 0.0219 | 0.9277 | 0.9483 | 0.9254
0991 | 13:33:23 |  14.2s | 1.0e-04 | 0.0200 | 0.9506 | 0.9500 | 0.9506 | 0.0235 | 0.9282 | 0.9408 | 0.9191
0992 | 13:33:47 |  14.1s | 1.0e-04 | 0.0200 | 0.9499 | 0.9501 | 0.9499 | 0.0223 | 0.9318 | 0.9355 | 0.9139
0993 | 13:34:11 |  14.0s | 1.0e-04 | 0.0206 | 0.9496 | 0.9496 | 0.9492 | 0.0224 | 0.9267 | 0.9424 | 0.9180
0994 | 13:34:35 |  14.0s | 1.0e-04 | 0.0199 | 0.9484 | 0.9514 | 0.9501 | 0.0211 | 0.9330 | 0.9488 | 0.9319
0995 | 13:34:59 |  14.2s | 1.0e-04 | 0.0194 | 0.9514 | 0.9510 | 0.9526 | 0.0227 | 0.9308 | 0.9355 | 0.9135
0996 | 13:35:24 |  14.1s | 1.0e-04 | 0.0189 | 0.9513 | 0.9531 | 0.9542 | 0.0224 | 0.9381 | 0.9385 | 0.9233
0997 | 13:35:48 |  14.0s | 1.0e-04 | 0.0196 | 0.9508 | 0.9520 | 0.9524 | 0.0233 | 0.9412 | 0.9278 | 0.9144
0998 | 13:36:12 |  14.1s | 1.0e-04 | 0.0201 | 0.9489 | 0.9488 | 0.9476 | 0.0224 | 0.9354 | 0.9358 | 0.9164
0999 | 13:36:36 |  14.1s | 1.0e-04 | 0.0194 | 0.9512 | 0.9516 | 0.9530 | 0.0214 | 0.9398 | 0.9409 | 0.9303
1000 | 13:37:00 |  14.2s | 1.0e-04 | 0.0192 | 0.9514 | 0.9510 | 0.9525 | 0.0217 | 0.9360 | 0.9396 | 0.9228
