Epoch | Time_Start | Duration | LR | T_Loss | T_Prec | T_Rec | T_P@R0.9 | V_Loss | V_Prec | V_Rec | V_P@R0.9
0001 | 10:45:52 |  28.4s | 1.0e-04 | 0.2423 | 0.5163 | 0.1469 | 0.1236 | 0.1287 | 0.7486 | 0.3783 | 0.2682
0002 | 10:46:35 |  14.5s | 1.0e-04 | 0.1305 | 0.7592 | 0.4659 | 0.3327 | 0.1118 | 0.7680 | 0.4950 | 0.3382
0003 | 10:47:04 |  14.2s | 1.0e-04 | 0.1095 | 0.7838 | 0.5408 | 0.3757 | 0.1025 | 0.7807 | 0.5539 | 0.3518
0004 | 10:47:32 |  14.7s | 1.0e-04 | 0.1022 | 0.8090 | 0.5967 | 0.4092 | 0.1019 | 0.8279 | 0.5678 | 0.3955
0005 | 10:48:01 |  14.7s | 1.0e-04 | 0.0992 | 0.8189 | 0.6200 | 0.4232 | 0.0936 | 0.8324 | 0.5859 | 0.4008
0006 | 10:48:30 |  14.9s | 1.0e-04 | 0.0944 | 0.8286 | 0.6381 | 0.4392 | 0.0885 | 0.8152 | 0.6278 | 0.4087
0007 | 10:48:59 |  14.8s | 1.0e-04 | 0.0932 | 0.8329 | 0.6523 | 0.4561 | 0.0885 | 0.8227 | 0.6456 | 0.4301
0008 | 10:49:27 |  28.6s | 1.0e-04 | 0.0898 | 0.8374 | 0.6646 | 0.4682 | 0.0888 | 0.7916 | 0.7071 | 0.4473
0009 | 10:50:09 |  14.9s | 1.0e-04 | 0.0896 | 0.8446 | 0.6789 | 0.4919 | 0.0831 | 0.8206 | 0.6745 | 0.4362
0010 | 10:50:37 |  14.9s | 1.0e-04 | 0.0883 | 0.8485 | 0.6923 | 0.5087 | 0.0829 | 0.8192 | 0.6819 | 0.4440
0011 | 10:51:06 |  14.6s | 1.0e-04 | 0.0867 | 0.8476 | 0.6955 | 0.5134 | 0.0809 | 0.8214 | 0.6957 | 0.4579
0012 | 10:51:34 |  14.7s | 1.0e-04 | 0.0847 | 0.8525 | 0.7065 | 0.5301 | 0.0837 | 0.7845 | 0.7434 | 0.4732
0013 | 10:52:04 |  14.4s | 1.0e-04 | 0.0831 | 0.8542 | 0.7119 | 0.5408 | 0.0792 | 0.8631 | 0.6621 | 0.4812
0014 | 10:52:32 |  14.5s | 1.0e-04 | 0.0825 | 0.8561 | 0.7140 | 0.5437 | 0.0777 | 0.8154 | 0.7182 | 0.4711
0015 | 10:53:00 |  14.2s | 1.0e-04 | 0.0808 | 0.8581 | 0.7183 | 0.5537 | 0.0796 | 0.8828 | 0.6327 | 0.4945
0016 | 10:53:29 |  28.2s | 1.0e-04 | 0.0799 | 0.8620 | 0.7273 | 0.5676 | 0.0776 | 0.8307 | 0.7314 | 0.5244
0017 | 10:54:12 |  14.4s | 1.0e-04 | 0.0801 | 0.8603 | 0.7302 | 0.5738 | 0.0774 | 0.8615 | 0.7061 | 0.5417
0018 | 10:54:39 |  14.9s | 1.0e-04 | 0.0784 | 0.8629 | 0.7393 | 0.5969 | 0.0757 | 0.8714 | 0.6849 | 0.5098
0019 | 10:55:08 |  14.8s | 1.0e-04 | 0.0786 | 0.8651 | 0.7404 | 0.5970 | 0.0750 | 0.8442 | 0.7245 | 0.5305
0020 | 10:55:37 |  14.5s | 1.0e-04 | 0.0771 | 0.8654 | 0.7459 | 0.6099 | 0.0744 | 0.8819 | 0.6831 | 0.5400
0021 | 10:56:05 |  15.0s | 1.0e-04 | 0.0761 | 0.8671 | 0.7485 | 0.6117 | 0.0724 | 0.8502 | 0.7192 | 0.5234
0022 | 10:56:33 |  15.0s | 1.0e-04 | 0.0759 | 0.8668 | 0.7524 | 0.6236 | 0.0725 | 0.8344 | 0.7474 | 0.5510
0023 | 10:57:01 |  14.6s | 1.0e-04 | 0.0783 | 0.8661 | 0.7517 | 0.6169 | 0.0738 | 0.8771 | 0.6740 | 0.5316
0024 | 10:57:27 |  27.8s | 1.0e-04 | 0.0744 | 0.8633 | 0.7545 | 0.6217 | 0.0708 | 0.8473 | 0.7432 | 0.5525
0025 | 10:58:07 |  15.1s | 1.0e-04 | 0.0717 | 0.8685 | 0.7527 | 0.6147 | 0.0707 | 0.8374 | 0.7643 | 0.5740
0026 | 10:58:38 |  14.5s | 1.0e-04 | 0.0714 | 0.8703 | 0.7569 | 0.6267 | 0.0711 | 0.8437 | 0.7553 | 0.5752
0027 | 10:59:06 |  14.8s | 1.0e-04 | 0.0707 | 0.8722 | 0.7621 | 0.6398 | 0.0692 | 0.8422 | 0.7455 | 0.5454
0028 | 10:59:35 |  14.7s | 1.0e-04 | 0.0708 | 0.8699 | 0.7576 | 0.6292 | 0.0700 | 0.8477 | 0.7533 | 0.5744
0029 | 11:00:05 |  14.7s | 1.0e-04 | 0.0701 | 0.8727 | 0.7620 | 0.6361 | 0.0697 | 0.8317 | 0.7765 | 0.5872
0030 | 11:00:31 |  14.4s | 1.0e-04 | 0.0697 | 0.8720 | 0.7627 | 0.6406 | 0.0678 | 0.8646 | 0.7330 | 0.5776
0031 | 11:00:57 |  14.7s | 1.0e-04 | 0.0689 | 0.8720 | 0.7651 | 0.6460 | 0.0675 | 0.8560 | 0.7550 | 0.5929
0032 | 11:01:27 |  28.8s | 1.0e-04 | 0.0699 | 0.8755 | 0.7734 | 0.6670 | 0.0680 | 0.8378 | 0.7883 | 0.6122
0033 | 11:02:08 |  14.8s | 1.0e-04 | 0.0704 | 0.8751 | 0.7760 | 0.6731 | 0.0687 | 0.8285 | 0.7931 | 0.6155
0034 | 11:02:37 |  14.9s | 1.0e-04 | 0.0696 | 0.8771 | 0.7790 | 0.6809 | 0.0659 | 0.8441 | 0.7745 | 0.6198
0035 | 11:03:06 |  14.9s | 1.0e-04 | 0.0687 | 0.8775 | 0.7841 | 0.6957 | 0.0664 | 0.8693 | 0.7585 | 0.6202
0036 | 11:03:36 |  15.0s | 1.0e-04 | 0.0682 | 0.8783 | 0.7834 | 0.6897 | 0.0666 | 0.8520 | 0.7698 | 0.6232
0037 | 11:04:03 |  14.6s | 1.0e-04 | 0.0673 | 0.8798 | 0.7861 | 0.6984 | 0.0662 | 0.8557 | 0.7712 | 0.6175
0038 | 11:04:32 |  14.9s | 1.0e-04 | 0.0675 | 0.8805 | 0.7905 | 0.7090 | 0.0652 | 0.8460 | 0.7841 | 0.6263
0039 | 11:05:01 |  14.9s | 1.0e-04 | 0.0713 | 0.8753 | 0.7852 | 0.6986 | 0.0671 | 0.8325 | 0.7975 | 0.6311
0040 | 11:05:30 |  28.1s | 1.0e-04 | 0.0652 | 0.8790 | 0.7879 | 0.7051 | 0.0636 | 0.8556 | 0.7728 | 0.6254
0041 | 11:06:12 |  14.9s | 1.0e-04 | 0.0656 | 0.8805 | 0.7874 | 0.7056 | 0.0639 | 0.8667 | 0.7800 | 0.6541
0042 | 11:06:41 |  14.7s | 1.0e-04 | 0.0647 | 0.8812 | 0.7903 | 0.7077 | 0.0657 | 0.8728 | 0.7686 | 0.6404
0043 | 11:07:10 |  14.9s | 1.0e-04 | 0.0640 | 0.8826 | 0.7919 | 0.7135 | 0.0638 | 0.8455 | 0.7914 | 0.6346
0044 | 11:07:39 |  14.8s | 1.0e-04 | 0.0636 | 0.8816 | 0.7938 | 0.7183 | 0.0630 | 0.8675 | 0.7799 | 0.6646
0045 | 11:08:08 |  14.5s | 1.0e-04 | 0.0633 | 0.8841 | 0.7972 | 0.7235 | 0.0649 | 0.8424 | 0.8124 | 0.6751
0046 | 11:08:38 |  14.7s | 1.0e-04 | 0.0625 | 0.8850 | 0.7991 | 0.7272 | 0.0632 | 0.8917 | 0.7532 | 0.6610
0047 | 11:09:06 |  27.1s | 1.0e-04 | 0.0627 | 0.8851 | 0.7990 | 0.7293 | 0.0634 | 0.8562 | 0.7963 | 0.6669
0048 | 11:09:47 |  14.6s | 1.0e-04 | 0.0644 | 0.8863 | 0.8030 | 0.7422 | 0.0647 | 0.9009 | 0.7352 | 0.6589
0049 | 11:10:15 |  14.8s | 1.0e-04 | 0.0648 | 0.8852 | 0.8054 | 0.7485 | 0.0620 | 0.8708 | 0.7788 | 0.6648
0050 | 11:10:44 |  14.8s | 1.0e-04 | 0.0639 | 0.8873 | 0.8104 | 0.7573 | 0.0605 | 0.8791 | 0.7692 | 0.6623
0051 | 11:11:12 |  14.9s | 1.0e-04 | 0.0634 | 0.8879 | 0.8099 | 0.7564 | 0.0615 | 0.8456 | 0.8096 | 0.6624
0052 | 11:11:41 |  18.8s | 1.0e-04 | 0.0636 | 0.8875 | 0.8095 | 0.7553 | 0.0622 | 0.8567 | 0.8029 | 0.6775
0053 | 11:12:16 |  29.0s | 1.0e-04 | 0.0633 | 0.8882 | 0.8095 | 0.7593 | 0.0612 | 0.8619 | 0.7853 | 0.6560
0054 | 11:13:02 |  28.4s | 1.0e-04 | 0.0625 | 0.8879 | 0.8120 | 0.7598 | 0.0622 | 0.8727 | 0.7864 | 0.6856
0055 | 11:13:46 |  36.8s | 1.0e-04 | 0.0619 | 0.8897 | 0.8135 | 0.7643 | 0.0610 | 0.8894 | 0.7718 | 0.6860
0056 | 11:14:40 |  30.3s | 1.0e-04 | 0.0600 | 0.8893 | 0.8133 | 0.7643 | 0.0596 | 0.8839 | 0.7867 | 0.6968
0057 | 11:15:26 |  27.8s | 1.0e-04 | 0.0603 | 0.8904 | 0.8138 | 0.7638 | 0.0600 | 0.8504 | 0.8107 | 0.6776
0058 | 11:16:10 |  26.5s | 1.0e-04 | 0.0593 | 0.8885 | 0.8160 | 0.7713 | 0.0614 | 0.8780 | 0.7784 | 0.6854
0059 | 11:16:55 |  22.9s | 1.0e-04 | 0.0589 | 0.8924 | 0.8175 | 0.7720 | 0.0599 | 0.8753 | 0.7794 | 0.6730
0060 | 11:17:36 |  21.3s | 1.0e-04 | 0.0591 | 0.8911 | 0.8197 | 0.7796 | 0.0609 | 0.8494 | 0.8262 | 0.7033
0061 | 11:18:18 |  28.1s | 1.0e-04 | 0.0588 | 0.8917 | 0.8205 | 0.7769 | 0.0598 | 0.8946 | 0.7726 | 0.6985
0062 | 11:19:05 |  29.6s | 1.0e-04 | 0.0584 | 0.8925 | 0.8185 | 0.7735 | 0.0599 | 0.8969 | 0.7594 | 0.6867
0063 | 11:19:54 |  39.0s | 1.0e-04 | 0.0581 | 0.8905 | 0.8186 | 0.7720 | 0.0583 | 0.8649 | 0.7968 | 0.6738
0064 | 11:20:52 |  23.9s | 1.0e-04 | 0.0595 | 0.8883 | 0.8132 | 0.7584 | 0.0584 | 0.8757 | 0.7853 | 0.6916
0065 | 11:21:36 |  25.3s | 1.0e-04 | 0.0579 | 0.8905 | 0.8206 | 0.7760 | 0.0568 | 0.8568 | 0.8133 | 0.6949
0066 | 11:22:21 |  26.2s | 1.0e-04 | 0.0579 | 0.8906 | 0.8168 | 0.7705 | 0.0570 | 0.8849 | 0.7935 | 0.7192
0067 | 11:23:07 |  28.2s | 1.0e-04 | 0.0576 | 0.8920 | 0.8190 | 0.7747 | 0.0583 | 0.8829 | 0.7974 | 0.7245
0068 | 11:23:54 |  25.3s | 1.0e-04 | 0.0576 | 0.8916 | 0.8221 | 0.7802 | 0.0572 | 0.8643 | 0.8226 | 0.7269
0069 | 11:24:35 |  27.5s | 1.0e-04 | 0.0578 | 0.8904 | 0.8189 | 0.7755 | 0.0572 | 0.8737 | 0.8117 | 0.7292
0070 | 11:25:20 |  22.7s | 1.0e-04 | 0.0565 | 0.8922 | 0.8227 | 0.7826 | 0.0572 | 0.8842 | 0.7967 | 0.7205
0071 | 11:26:02 |  40.6s | 1.0e-04 | 0.0560 | 0.8915 | 0.8219 | 0.7766 | 0.0584 | 0.8851 | 0.8026 | 0.7389
0072 | 11:27:00 |  27.6s | 1.0e-04 | 0.0561 | 0.8906 | 0.8191 | 0.7687 | 0.0560 | 0.8824 | 0.7976 | 0.7184
0073 | 11:27:44 |  24.4s | 1.0e-04 | 0.0563 | 0.8914 | 0.8211 | 0.7772 | 0.0569 | 0.8685 | 0.8155 | 0.7191
0074 | 11:28:27 |  22.4s | 1.0e-04 | 0.0556 | 0.8927 | 0.8256 | 0.7871 | 0.0555 | 0.8758 | 0.8011 | 0.7003
0075 | 11:29:07 |  20.9s | 1.0e-04 | 0.0549 | 0.8930 | 0.8242 | 0.7822 | 0.0558 | 0.8544 | 0.8321 | 0.7281
0076 | 11:29:48 |  24.6s | 1.0e-04 | 0.0550 | 0.8925 | 0.8256 | 0.7845 | 0.0566 | 0.8752 | 0.8174 | 0.7430
0077 | 11:30:33 |  23.7s | 1.0e-04 | 0.0547 | 0.8928 | 0.8241 | 0.7860 | 0.0574 | 0.8626 | 0.8261 | 0.7332
0078 | 11:31:13 |  30.2s | 1.0e-04 | 0.0547 | 0.8927 | 0.8264 | 0.7885 | 0.0552 | 0.8696 | 0.8254 | 0.7457
0079 | 11:32:01 |  40.0s | 1.0e-04 | 0.0554 | 0.8913 | 0.8238 | 0.7805 | 0.0565 | 0.8813 | 0.7977 | 0.7254
0080 | 11:33:02 |  32.3s | 1.0e-04 | 0.0547 | 0.8925 | 0.8218 | 0.7745 | 0.0542 | 0.8913 | 0.7991 | 0.7325
0081 | 11:33:54 |  31.9s | 1.0e-04 | 0.0550 | 0.8925 | 0.8238 | 0.7811 | 0.0568 | 0.8855 | 0.8092 | 0.7439
0082 | 11:34:46 |  31.2s | 1.0e-04 | 0.0545 | 0.8936 | 0.8234 | 0.7801 | 0.0564 | 0.8584 | 0.8447 | 0.7524
0083 | 11:35:36 |  30.9s | 1.0e-04 | 0.0546 | 0.8944 | 0.8280 | 0.7894 | 0.0547 | 0.8872 | 0.7999 | 0.7254
0084 | 11:36:24 |  30.9s | 1.0e-04 | 0.0542 | 0.8937 | 0.8279 | 0.7905 | 0.0544 | 0.8857 | 0.8166 | 0.7589
0085 | 11:37:13 |  20.6s | 1.0e-04 | 0.0546 | 0.8934 | 0.8258 | 0.7848 | 0.0553 | 0.8818 | 0.8215 | 0.7581
0086 | 11:37:52 |  34.0s | 1.0e-04 | 0.0547 | 0.8927 | 0.8272 | 0.7884 | 0.0555 | 0.8920 | 0.7981 | 0.7357
0087 | 11:38:42 |  25.5s | 1.0e-04 | 0.0535 | 0.8952 | 0.8288 | 0.7934 | 0.0533 | 0.8955 | 0.7864 | 0.7217
0088 | 11:39:27 |  22.6s | 1.0e-04 | 0.0533 | 0.8955 | 0.8276 | 0.7926 | 0.0542 | 0.8842 | 0.8144 | 0.7495
0089 | 11:40:10 |  20.4s | 1.0e-04 | 0.0534 | 0.8967 | 0.8326 | 0.8005 | 0.0538 | 0.8738 | 0.8158 | 0.7353
0090 | 11:40:51 |  22.9s | 1.0e-04 | 0.0527 | 0.8956 | 0.8297 | 0.7961 | 0.0541 | 0.8814 | 0.8087 | 0.7312
0091 | 11:41:33 |  23.8s | 1.0e-04 | 0.0533 | 0.8940 | 0.8293 | 0.7935 | 0.0552 | 0.8605 | 0.8354 | 0.7375
0092 | 11:42:16 |  25.0s | 1.0e-04 | 0.0540 | 0.8948 | 0.8297 | 0.7927 | 0.0540 | 0.8824 | 0.8099 | 0.7400
0093 | 11:43:00 |  26.2s | 1.0e-04 | 0.0534 | 0.8963 | 0.8299 | 0.7943 | 0.0542 | 0.8714 | 0.8290 | 0.7604
0094 | 11:43:42 |  35.9s | 1.0e-04 | 0.0530 | 0.8953 | 0.8293 | 0.7963 | 0.0546 | 0.8731 | 0.8319 | 0.7543
0095 | 11:44:36 |  29.4s | 1.0e-04 | 0.0532 | 0.8959 | 0.8337 | 0.8040 | 0.0536 | 0.8786 | 0.8247 | 0.7565
0096 | 11:45:24 |  29.9s | 1.0e-04 | 0.0532 | 0.8950 | 0.8318 | 0.7999 | 0.0546 | 0.8728 | 0.8305 | 0.7614
0097 | 11:46:13 |  31.0s | 1.0e-04 | 0.0531 | 0.8975 | 0.8340 | 0.8040 | 0.0544 | 0.8772 | 0.8326 | 0.7669
0098 | 11:47:03 |  31.7s | 1.0e-04 | 0.0529 | 0.8969 | 0.8342 | 0.8045 | 0.0552 | 0.8668 | 0.8359 | 0.7541
0099 | 11:47:53 |  31.6s | 1.0e-04 | 0.0527 | 0.8979 | 0.8348 | 0.8055 | 0.0540 | 0.8839 | 0.8092 | 0.7288
0100 | 11:48:43 |  31.5s | 1.0e-04 | 0.0526 | 0.8958 | 0.8346 | 0.8057 | 0.0568 | 0.8375 | 0.8579 | 0.7541
0101 | 11:49:35 |  29.6s | 1.0e-04 | 0.0523 | 0.8970 | 0.8339 | 0.8064 | 0.0539 | 0.8590 | 0.8374 | 0.7480
0102 | 11:50:22 |  35.0s | 1.0e-04 | 0.0515 | 0.8971 | 0.8370 | 0.8098 | 0.0539 | 0.8745 | 0.8212 | 0.7415
0103 | 11:51:12 |  27.2s | 1.0e-04 | 0.0514 | 0.8985 | 0.8368 | 0.8099 | 0.0539 | 0.8745 | 0.8222 | 0.7534
0104 | 11:51:55 |  26.4s | 1.0e-04 | 0.0513 | 0.9002 | 0.8370 | 0.8109 | 0.0535 | 0.8827 | 0.8295 | 0.7729
0105 | 11:52:38 |  19.5s | 1.0e-04 | 0.0507 | 0.8996 | 0.8374 | 0.8112 | 0.0537 | 0.8719 | 0.8366 | 0.7681
0106 | 11:53:16 |  21.9s | 1.0e-04 | 0.0508 | 0.8986 | 0.8366 | 0.8097 | 0.0533 | 0.8913 | 0.8112 | 0.7564
0107 | 11:53:55 |  24.0s | 1.0e-04 | 0.0503 | 0.9013 | 0.8377 | 0.8107 | 0.0526 | 0.8912 | 0.8124 | 0.7595
0108 | 11:54:36 |  25.6s | 1.0e-04 | 0.0506 | 0.8989 | 0.8369 | 0.8105 | 0.0528 | 0.8712 | 0.8360 | 0.7543
0109 | 11:55:21 |  25.6s | 1.0e-04 | 0.0516 | 0.8980 | 0.8369 | 0.8096 | 0.0519 | 0.8943 | 0.8151 | 0.7690
0110 | 11:56:06 |  47.1s | 1.0e-04 | 0.0519 | 0.8982 | 0.8377 | 0.8133 | 0.0542 | 0.8684 | 0.8449 | 0.7802
0111 | 11:57:12 |  26.9s | 1.0e-04 | 0.0524 | 0.8969 | 0.8349 | 0.8096 | 0.0525 | 0.8723 | 0.8320 | 0.7576
0112 | 11:57:57 |  27.0s | 1.0e-04 | 0.0518 | 0.8993 | 0.8395 | 0.8154 | 0.0516 | 0.8985 | 0.8150 | 0.7757
0113 | 11:58:42 |  30.2s | 1.0e-04 | 0.0518 | 0.8994 | 0.8389 | 0.8148 | 0.0526 | 0.8836 | 0.8282 | 0.7696
0114 | 11:59:30 |  30.9s | 1.0e-04 | 0.0517 | 0.8985 | 0.8390 | 0.8151 | 0.0531 | 0.9109 | 0.7971 | 0.7803
0115 | 12:00:20 |  31.7s | 1.0e-04 | 0.0519 | 0.9006 | 0.8382 | 0.8137 | 0.0516 | 0.8829 | 0.8361 | 0.7854
0116 | 12:01:11 |  31.4s | 1.0e-04 | 0.0518 | 0.8993 | 0.8383 | 0.8142 | 0.0529 | 0.8565 | 0.8432 | 0.7597
0117 | 12:02:00 |  31.2s | 1.0e-04 | 0.0541 | 0.8995 | 0.8397 | 0.8163 | 0.0540 | 0.8953 | 0.8106 | 0.7740
0118 | 12:02:49 |  27.4s | 1.0e-04 | 0.0533 | 0.8981 | 0.8430 | 0.8210 | 0.0528 | 0.8743 | 0.8362 | 0.7704
0119 | 12:03:32 |  25.1s | 1.0e-04 | 0.0528 | 0.8999 | 0.8442 | 0.8264 | 0.0538 | 0.8997 | 0.8029 | 0.7623
0120 | 12:04:14 |  20.0s | 1.0e-04 | 0.0531 | 0.9007 | 0.8441 | 0.8266 | 0.0524 | 0.8814 | 0.8267 | 0.7636
0121 | 12:04:51 |  22.6s | 1.0e-04 | 0.0535 | 0.9002 | 0.8437 | 0.8242 | 0.0512 | 0.8900 | 0.8221 | 0.7706
0122 | 12:05:32 |  24.4s | 1.0e-04 | 0.0531 | 0.9000 | 0.8415 | 0.8221 | 0.0514 | 0.8993 | 0.8170 | 0.7793
0123 | 12:06:15 |  23.9s | 1.0e-04 | 0.0530 | 0.8996 | 0.8440 | 0.8267 | 0.0506 | 0.9018 | 0.8085 | 0.7783
0124 | 12:06:57 |  26.0s | 1.0e-04 | 0.0523 | 0.9005 | 0.8444 | 0.8257 | 0.0518 | 0.8974 | 0.8253 | 0.7918
0125 | 12:07:41 |  26.9s | 1.0e-04 | 0.0523 | 0.9013 | 0.8456 | 0.8318 | 0.0511 | 0.8838 | 0.8189 | 0.7518
0126 | 12:08:30 |  25.4s | 1.0e-04 | 0.0503 | 0.9001 | 0.8406 | 0.8187 | 0.0511 | 0.8905 | 0.8242 | 0.7792
0127 | 12:09:15 |  21.4s | 1.0e-04 | 0.0505 | 0.8998 | 0.8415 | 0.8194 | 0.0513 | 0.8923 | 0.8227 | 0.7760
0128 | 12:09:50 |  25.5s | 1.0e-04 | 0.0510 | 0.8997 | 0.8393 | 0.8165 | 0.0516 | 0.8826 | 0.8385 | 0.7857
0129 | 12:10:31 |  24.2s | 1.0e-04 | 0.0502 | 0.9014 | 0.8433 | 0.8239 | 0.0518 | 0.8900 | 0.8319 | 0.7916
0130 | 12:11:12 |  21.8s | 1.0e-04 | 0.0506 | 0.8989 | 0.8431 | 0.8251 | 0.0516 | 0.8858 | 0.8192 | 0.7586
0131 | 12:11:51 |  23.3s | 1.0e-04 | 0.0511 | 0.9007 | 0.8405 | 0.8192 | 0.0514 | 0.8865 | 0.8299 | 0.7757
0132 | 12:12:32 |  22.9s | 1.0e-04 | 0.0508 | 0.8988 | 0.8398 | 0.8193 | 0.0512 | 0.8788 | 0.8402 | 0.7788
0133 | 12:13:12 |  45.6s | 1.0e-04 | 0.0505 | 0.8991 | 0.8423 | 0.8221 | 0.0517 | 0.8676 | 0.8468 | 0.7804
0134 | 12:14:16 |  21.8s | 1.0e-04 | 0.0499 | 0.8988 | 0.8377 | 0.8146 | 0.0503 | 0.8888 | 0.8240 | 0.7739
0135 | 12:14:56 |  19.1s | 1.0e-04 | 0.0488 | 0.9005 | 0.8386 | 0.8151 | 0.0500 | 0.8810 | 0.8344 | 0.7723
0136 | 12:15:30 |  29.9s | 1.0e-04 | 0.0497 | 0.8989 | 0.8379 | 0.8140 | 0.0521 | 0.8727 | 0.8531 | 0.7983
0137 | 12:16:18 |  31.2s | 1.0e-04 | 0.0495 | 0.9001 | 0.8398 | 0.8163 | 0.0504 | 0.9111 | 0.8185 | 0.8013
0138 | 12:17:07 |  30.5s | 1.0e-04 | 0.0496 | 0.9008 | 0.8390 | 0.8150 | 0.0502 | 0.8824 | 0.8319 | 0.7689
0139 | 12:17:54 |  31.0s | 1.0e-04 | 0.0492 | 0.8993 | 0.8387 | 0.8155 | 0.0518 | 0.8857 | 0.8371 | 0.7904
0140 | 12:18:41 |  30.4s | 1.0e-04 | 0.0491 | 0.9003 | 0.8396 | 0.8204 | 0.0506 | 0.8998 | 0.8214 | 0.7948
0141 | 12:19:28 |  38.4s | 1.0e-04 | 0.0489 | 0.9019 | 0.8445 | 0.8268 | 0.0514 | 0.8897 | 0.8366 | 0.7905
0142 | 12:20:24 |  29.8s | 1.0e-04 | 0.0489 | 0.9020 | 0.8461 | 0.8335 | 0.0526 | 0.8528 | 0.8657 | 0.7888
0143 | 12:21:13 |  29.1s | 1.0e-04 | 0.0493 | 0.9010 | 0.8441 | 0.8274 | 0.0513 | 0.8715 | 0.8524 | 0.7911
0144 | 12:21:58 |  23.0s | 1.0e-04 | 0.0492 | 0.9024 | 0.8441 | 0.8280 | 0.0513 | 0.8704 | 0.8457 | 0.7803
0145 | 12:22:39 |  21.8s | 1.0e-04 | 0.0482 | 0.9017 | 0.8455 | 0.8320 | 0.0513 | 0.8918 | 0.8235 | 0.7804
0146 | 12:23:18 |  23.7s | 1.0e-04 | 0.0487 | 0.9033 | 0.8485 | 0.8382 | 0.0514 | 0.8917 | 0.8271 | 0.7812
0147 | 12:23:59 |  25.9s | 1.0e-04 | 0.0483 | 0.9027 | 0.8448 | 0.8304 | 0.0515 | 0.9011 | 0.8054 | 0.7695
0148 | 12:24:43 |  25.8s | 1.0e-04 | 0.0488 | 0.9029 | 0.8470 | 0.8337 | 0.0509 | 0.8932 | 0.8296 | 0.7900
0149 | 12:25:28 |  41.6s | 1.0e-04 | 0.0497 | 0.9037 | 0.8481 | 0.8353 | 0.0511 | 0.8790 | 0.8470 | 0.7973
0150 | 12:26:28 |  22.1s | 1.0e-04 | 0.0501 | 0.9027 | 0.8471 | 0.8339 | 0.0503 | 0.8862 | 0.8268 | 0.7750
0151 | 12:27:07 |  22.6s | 1.0e-04 | 0.0492 | 0.9043 | 0.8482 | 0.8374 | 0.0510 | 0.8960 | 0.8256 | 0.7893
0152 | 12:27:47 |  19.8s | 1.0e-04 | 0.0496 | 0.9028 | 0.8479 | 0.8365 | 0.0511 | 0.8814 | 0.8270 | 0.7685
0153 | 12:28:19 |  24.4s | 1.0e-04 | 0.0494 | 0.9028 | 0.8477 | 0.8382 | 0.0528 | 0.8818 | 0.8360 | 0.7877
0154 | 12:29:01 |  22.2s | 1.0e-04 | 0.0497 | 0.9033 | 0.8495 | 0.8402 | 0.0510 | 0.8731 | 0.8507 | 0.7966
0155 | 12:29:43 |  22.1s | 1.0e-04 | 0.0494 | 0.9034 | 0.8491 | 0.8406 | 0.0502 | 0.9047 | 0.8168 | 0.7972
0156 | 12:30:23 |  22.6s | 1.0e-04 | 0.0497 | 0.9023 | 0.8484 | 0.8366 | 0.0499 | 0.8928 | 0.8307 | 0.7930
0157 | 12:31:04 |  43.1s | 1.0e-04 | 0.0478 | 0.9043 | 0.8500 | 0.8420 | 0.0502 | 0.8890 | 0.8349 | 0.7920
0158 | 12:32:04 |  23.8s | 1.0e-04 | 0.0472 | 0.9074 | 0.8526 | 0.8472 | 0.0508 | 0.8770 | 0.8413 | 0.7754
0159 | 12:32:45 |  21.3s | 1.0e-04 | 0.0481 | 0.9060 | 0.8511 | 0.8420 | 0.0506 | 0.8735 | 0.8471 | 0.7866
0160 | 12:33:25 |  22.8s | 1.0e-04 | 0.0471 | 0.9046 | 0.8523 | 0.8453 | 0.0499 | 0.8840 | 0.8331 | 0.7839
0161 | 12:34:06 |  20.7s | 1.0e-04 | 0.0477 | 0.9065 | 0.8539 | 0.8474 | 0.0519 | 0.8830 | 0.8307 | 0.7836
0162 | 12:34:41 |  29.0s | 1.0e-04 | 0.0471 | 0.9077 | 0.8561 | 0.8520 | 0.0516 | 0.8913 | 0.8245 | 0.7820
0163 | 12:35:27 |  28.1s | 1.0e-04 | 0.0477 | 0.9047 | 0.8508 | 0.8395 | 0.0519 | 0.8768 | 0.8413 | 0.7909
0164 | 12:36:09 |  25.5s | 1.0e-04 | 0.0471 | 0.9057 | 0.8540 | 0.8499 | 0.0526 | 0.8810 | 0.8284 | 0.7659
0165 | 12:36:52 |  45.3s | 1.0e-04 | 0.0489 | 0.9036 | 0.8513 | 0.8445 | 0.0491 | 0.8949 | 0.8321 | 0.7973
0166 | 12:37:56 |  30.7s | 1.0e-04 | 0.0493 | 0.9039 | 0.8506 | 0.8414 | 0.0507 | 0.8850 | 0.8446 | 0.8038
0167 | 12:38:44 |  30.3s | 1.0e-04 | 0.0486 | 0.9044 | 0.8509 | 0.8427 | 0.0492 | 0.8841 | 0.8439 | 0.7965
0168 | 12:39:31 |  30.4s | 1.0e-04 | 0.0489 | 0.9057 | 0.8530 | 0.8474 | 0.0505 | 0.8866 | 0.8354 | 0.7908
0169 | 12:40:18 |  23.6s | 1.0e-04 | 0.0488 | 0.9048 | 0.8541 | 0.8503 | 0.0504 | 0.8875 | 0.8320 | 0.7828
0170 | 12:41:00 |  20.6s | 1.0e-04 | 0.0489 | 0.9057 | 0.8517 | 0.8450 | 0.0489 | 0.9002 | 0.8261 | 0.7971
0171 | 12:41:39 |  25.3s | 1.0e-04 | 0.0487 | 0.9047 | 0.8525 | 0.8473 | 0.0496 | 0.8789 | 0.8468 | 0.7927
0172 | 12:42:21 |  39.2s | 1.0e-04 | 0.0487 | 0.9054 | 0.8536 | 0.8467 | 0.0494 | 0.8885 | 0.8358 | 0.7985
0173 | 12:43:18 |  23.3s | 1.0e-04 | 0.0469 | 0.9022 | 0.8466 | 0.8312 | 0.0501 | 0.8981 | 0.8319 | 0.7987
0174 | 12:43:59 |  24.2s | 1.0e-04 | 0.0459 | 0.9042 | 0.8454 | 0.8329 | 0.0498 | 0.8827 | 0.8481 | 0.8017
0175 | 12:44:41 |  27.6s | 1.0e-04 | 0.0462 | 0.9043 | 0.8462 | 0.8371 | 0.0497 | 0.9005 | 0.8294 | 0.8030
0176 | 12:45:27 |  30.5s | 1.0e-04 | 0.0471 | 0.9037 | 0.8457 | 0.8320 | 0.0501 | 0.8868 | 0.8401 | 0.7974
0177 | 12:46:16 |  31.3s | 1.0e-04 | 0.0465 | 0.9044 | 0.8479 | 0.8367 | 0.0503 | 0.9141 | 0.8135 | 0.8083
0178 | 12:47:06 |  23.2s | 1.0e-04 | 0.0470 | 0.9021 | 0.8458 | 0.8329 | 0.0488 | 0.9041 | 0.8275 | 0.8096
0179 | 12:47:47 |  23.3s | 1.0e-04 | 0.0462 | 0.9038 | 0.8469 | 0.8370 | 0.0505 | 0.8835 | 0.8486 | 0.8065
0180 | 12:48:28 |  35.3s | 1.0e-04 | 0.0462 | 0.9033 | 0.8475 | 0.8329 | 0.0493 | 0.8903 | 0.8314 | 0.7889
0181 | 12:49:19 |  24.0s | 1.0e-04 | 0.0465 | 0.9039 | 0.8465 | 0.8342 | 0.0487 | 0.8872 | 0.8370 | 0.7918
0182 | 12:50:01 |  23.2s | 1.0e-04 | 0.0463 | 0.9032 | 0.8473 | 0.8354 | 0.0500 | 0.8930 | 0.8368 | 0.8081
0183 | 12:50:43 |  22.2s | 1.0e-04 | 0.0462 | 0.9024 | 0.8445 | 0.8319 | 0.0499 | 0.9087 | 0.8317 | 0.8151
0184 | 12:51:22 |  23.4s | 1.0e-04 | 0.0458 | 0.9042 | 0.8476 | 0.8379 | 0.0479 | 0.8944 | 0.8425 | 0.8150
0185 | 12:52:04 |  24.4s | 1.0e-04 | 0.0463 | 0.9036 | 0.8465 | 0.8363 | 0.0494 | 0.8922 | 0.8317 | 0.7990
0186 | 12:52:45 |  26.6s | 1.0e-04 | 0.0459 | 0.9047 | 0.8486 | 0.8390 | 0.0496 | 0.8904 | 0.8338 | 0.7974
0187 | 12:53:32 |  28.0s | 1.0e-04 | 0.0459 | 0.9038 | 0.8475 | 0.8366 | 0.0480 | 0.8887 | 0.8412 | 0.8070
0188 | 12:54:18 |  40.3s | 1.0e-04 | 0.0465 | 0.9033 | 0.8496 | 0.8403 | 0.0485 | 0.8877 | 0.8484 | 0.8140
0189 | 12:55:14 |  23.7s | 1.0e-04 | 0.0465 | 0.9059 | 0.8524 | 0.8466 | 0.0484 | 0.9023 | 0.8343 | 0.8150
0190 | 12:55:56 |  25.8s | 1.0e-04 | 0.0470 | 0.9062 | 0.8537 | 0.8465 | 0.0486 | 0.9045 | 0.8263 | 0.8121
0191 | 12:56:40 |  27.2s | 1.0e-04 | 0.0468 | 0.9060 | 0.8539 | 0.8473 | 0.0484 | 0.8776 | 0.8543 | 0.8084
0192 | 12:57:25 |  29.3s | 1.0e-04 | 0.0467 | 0.9050 | 0.8530 | 0.8452 | 0.0477 | 0.8913 | 0.8371 | 0.8016
0193 | 12:58:13 |  30.3s | 1.0e-04 | 0.0470 | 0.9059 | 0.8520 | 0.8466 | 0.0488 | 0.8769 | 0.8484 | 0.7954
0194 | 12:59:02 |  27.5s | 1.0e-04 | 0.0464 | 0.9058 | 0.8535 | 0.8506 | 0.0484 | 0.9014 | 0.8194 | 0.7987
0195 | 12:59:46 |  21.2s | 1.0e-04 | 0.0474 | 0.9046 | 0.8514 | 0.8434 | 0.0482 | 0.8885 | 0.8409 | 0.8052
0196 | 13:00:26 |  39.7s | 1.0e-04 | 0.0465 | 0.9058 | 0.8545 | 0.8477 | 0.0486 | 0.8966 | 0.8342 | 0.8191
0197 | 13:01:21 |  22.5s | 1.0e-04 | 0.0464 | 0.9055 | 0.8549 | 0.8526 | 0.0481 | 0.9048 | 0.8288 | 0.8139
0198 | 13:02:01 |  21.4s | 1.0e-04 | 0.0464 | 0.9059 | 0.8532 | 0.8470 | 0.0482 | 0.8969 | 0.8368 | 0.8156
0199 | 13:02:40 |  22.9s | 1.0e-04 | 0.0466 | 0.9063 | 0.8529 | 0.8474 | 0.0486 | 0.8836 | 0.8483 | 0.8064
0200 | 13:03:21 |  26.6s | 1.0e-04 | 0.0461 | 0.9057 | 0.8545 | 0.8502 | 0.0484 | 0.8937 | 0.8338 | 0.8049
0201 | 13:04:06 |  27.0s | 1.0e-04 | 0.0467 | 0.9046 | 0.8564 | 0.8519 | 0.0494 | 0.8866 | 0.8486 | 0.8158
0202 | 13:04:52 |  27.4s | 1.0e-04 | 0.0466 | 0.9060 | 0.8551 | 0.8501 | 0.0488 | 0.8818 | 0.8467 | 0.8041
0203 | 13:05:39 |  25.4s | 1.0e-04 | 0.0468 | 0.9059 | 0.8554 | 0.8526 | 0.0489 | 0.8794 | 0.8541 | 0.8125
0204 | 13:06:20 |  44.0s | 1.0e-04 | 0.0453 | 0.9041 | 0.8510 | 0.8429 | 0.0500 | 0.8843 | 0.8503 | 0.8162
0205 | 13:07:24 |  31.7s | 1.0e-04 | 0.0454 | 0.9051 | 0.8505 | 0.8419 | 0.0472 | 0.8984 | 0.8375 | 0.8145
0206 | 13:08:15 |  31.2s | 1.0e-04 | 0.0453 | 0.9047 | 0.8518 | 0.8444 | 0.0488 | 0.8923 | 0.8356 | 0.8031
0207 | 13:09:06 |  30.9s | 1.0e-04 | 0.0449 | 0.9045 | 0.8519 | 0.8478 | 0.0483 | 0.8969 | 0.8373 | 0.8163
0208 | 13:09:54 |  30.1s | 1.0e-04 | 0.0445 | 0.9047 | 0.8529 | 0.8467 | 0.0480 | 0.9066 | 0.8136 | 0.7964
0209 | 13:10:40 |  29.7s | 1.0e-04 | 0.0454 | 0.9056 | 0.8525 | 0.8452 | 0.0486 | 0.9055 | 0.8333 | 0.8219
0210 | 13:11:23 |  27.3s | 1.0e-04 | 0.0452 | 0.9065 | 0.8520 | 0.8468 | 0.0485 | 0.8860 | 0.8496 | 0.8136
0211 | 13:12:06 |  49.0s | 1.0e-04 | 0.0456 | 0.9042 | 0.8496 | 0.8374 | 0.0486 | 0.8844 | 0.8540 | 0.8184
0212 | 13:13:10 |  26.2s | 1.0e-04 | 0.0469 | 0.9065 | 0.8568 | 0.8528 | 0.0479 | 0.8899 | 0.8406 | 0.8070
0213 | 13:13:52 |  22.7s | 1.0e-04 | 0.0460 | 0.9063 | 0.8585 | 0.8578 | 0.0500 | 0.8644 | 0.8708 | 0.8149
0214 | 13:14:34 |  23.1s | 1.0e-04 | 0.0465 | 0.9065 | 0.8568 | 0.8543 | 0.0486 | 0.8912 | 0.8463 | 0.8191
0215 | 13:15:15 |  23.4s | 1.0e-04 | 0.0466 | 0.9060 | 0.8564 | 0.8544 | 0.0480 | 0.8992 | 0.8376 | 0.8235
0216 | 13:15:58 |  24.8s | 1.0e-04 | 0.0464 | 0.9063 | 0.8581 | 0.8560 | 0.0487 | 0.8974 | 0.8282 | 0.8030
0217 | 13:16:42 |  25.2s | 1.0e-04 | 0.0467 | 0.9060 | 0.8563 | 0.8542 | 0.0474 | 0.9006 | 0.8433 | 0.8201
0218 | 13:17:28 |  28.0s | 1.0e-04 | 0.0463 | 0.9064 | 0.8578 | 0.8550 | 0.0495 | 0.8845 | 0.8469 | 0.8099
0219 | 13:18:17 |  43.5s | 1.0e-04 | 0.0467 | 0.9068 | 0.8589 | 0.8588 | 0.0482 | 0.8808 | 0.8486 | 0.7988
0220 | 13:19:18 |  27.9s | 1.0e-04 | 0.0462 | 0.9075 | 0.8587 | 0.8582 | 0.0477 | 0.8949 | 0.8389 | 0.8110
0221 | 13:20:05 |  31.3s | 1.0e-04 | 0.0459 | 0.9078 | 0.8595 | 0.8609 | 0.0476 | 0.9084 | 0.8288 | 0.8226
0222 | 13:20:57 |  31.3s | 1.0e-04 | 0.0455 | 0.9091 | 0.8625 | 0.8660 | 0.0479 | 0.9021 | 0.8283 | 0.8121
0223 | 13:21:48 |  31.3s | 1.0e-04 | 0.0458 | 0.9085 | 0.8583 | 0.8576 | 0.0486 | 0.8832 | 0.8418 | 0.7984
0224 | 13:22:37 |  30.8s | 1.0e-04 | 0.0453 | 0.9088 | 0.8614 | 0.8649 | 0.0486 | 0.8967 | 0.8351 | 0.8144
0225 | 13:23:26 |  30.1s | 1.0e-04 | 0.0455 | 0.9093 | 0.8632 | 0.8678 | 0.0482 | 0.8895 | 0.8390 | 0.8013
0226 | 13:24:12 |  29.7s | 1.0e-04 | 0.0458 | 0.9083 | 0.8621 | 0.8642 | 0.0501 | 0.8907 | 0.8441 | 0.8152
0227 | 13:24:57 |  36.9s | 1.0e-04 | 0.0452 | 0.9091 | 0.8617 | 0.8654 | 0.0491 | 0.8759 | 0.8587 | 0.8098
0228 | 13:25:52 |  20.6s | 1.0e-04 | 0.0456 | 0.9084 | 0.8613 | 0.8634 | 0.0488 | 0.9044 | 0.8298 | 0.8152
0229 | 13:26:31 |  21.7s | 1.0e-04 | 0.0459 | 0.9081 | 0.8617 | 0.8642 | 0.0472 | 0.8933 | 0.8343 | 0.8054
0230 | 13:27:09 |  20.1s | 1.0e-04 | 0.0458 | 0.9093 | 0.8593 | 0.8608 | 0.0476 | 0.8886 | 0.8517 | 0.8192
0231 | 13:27:46 |  23.0s | 1.0e-04 | 0.0463 | 0.9087 | 0.8621 | 0.8637 | 0.0482 | 0.8868 | 0.8570 | 0.8286
0232 | 13:28:28 |  25.0s | 1.0e-04 | 0.0464 | 0.9089 | 0.8592 | 0.8599 | 0.0469 | 0.8997 | 0.8363 | 0.8115
0233 | 13:29:12 |  27.2s | 1.0e-04 | 0.0456 | 0.9085 | 0.8624 | 0.8644 | 0.0472 | 0.8973 | 0.8447 | 0.8262
0234 | 13:30:00 |  27.6s | 1.0e-04 | 0.0459 | 0.9092 | 0.8618 | 0.8637 | 0.0486 | 0.8835 | 0.8584 | 0.8251
0235 | 13:30:47 |  36.4s | 1.0e-04 | 0.0456 | 0.9103 | 0.8630 | 0.8660 | 0.0472 | 0.8892 | 0.8503 | 0.8207
0236 | 13:31:42 |  23.6s | 1.0e-04 | 0.0461 | 0.9099 | 0.8660 | 0.8711 | 0.0476 | 0.8935 | 0.8405 | 0.8108
0237 | 13:32:25 |  30.7s | 1.0e-04 | 0.0459 | 0.9105 | 0.8647 | 0.8720 | 0.0493 | 0.9140 | 0.8125 | 0.8146
0238 | 13:33:13 |  30.8s | 1.0e-04 | 0.0463 | 0.9092 | 0.8640 | 0.8673 | 0.0494 | 0.9039 | 0.8253 | 0.8105
0239 | 13:34:01 |  30.1s | 1.0e-04 | 0.0457 | 0.9100 | 0.8659 | 0.8699 | 0.0489 | 0.9098 | 0.8232 | 0.8166
0240 | 13:34:49 |  28.9s | 1.0e-04 | 0.0464 | 0.9086 | 0.8630 | 0.8658 | 0.0476 | 0.8884 | 0.8502 | 0.8178
0241 | 13:35:32 |  24.2s | 1.0e-04 | 0.0461 | 0.9080 | 0.8647 | 0.8671 | 0.0476 | 0.8843 | 0.8506 | 0.8078
0242 | 13:36:15 |  21.0s | 1.0e-04 | 0.0456 | 0.9105 | 0.8658 | 0.8698 | 0.0483 | 0.8790 | 0.8508 | 0.8046
0243 | 13:36:56 |  44.3s | 1.0e-04 | 0.0438 | 0.9084 | 0.8583 | 0.8586 | 0.0478 | 0.8745 | 0.8541 | 0.8037
0244 | 13:37:57 |  23.1s | 1.0e-04 | 0.0442 | 0.9077 | 0.8553 | 0.8537 | 0.0469 | 0.8906 | 0.8438 | 0.8112
0245 | 13:38:37 |  22.1s | 1.0e-04 | 0.0439 | 0.9086 | 0.8568 | 0.8552 | 0.0478 | 0.8920 | 0.8321 | 0.7979
0246 | 13:39:19 |  28.5s | 1.0e-04 | 0.0439 | 0.9077 | 0.8547 | 0.8498 | 0.0474 | 0.8920 | 0.8426 | 0.8157
0247 | 13:40:06 |  29.6s | 1.0e-04 | 0.0438 | 0.9075 | 0.8564 | 0.8539 | 0.0477 | 0.8971 | 0.8458 | 0.8231
0248 | 13:40:54 |  31.4s | 1.0e-04 | 0.0431 | 0.9074 | 0.8573 | 0.8565 | 0.0471 | 0.9050 | 0.8352 | 0.8208
0249 | 13:41:44 |  31.6s | 1.0e-04 | 0.0433 | 0.9078 | 0.8573 | 0.8553 | 0.0471 | 0.8927 | 0.8304 | 0.7879
0250 | 13:42:35 |  31.0s | 1.0e-04 | 0.0435 | 0.9095 | 0.8576 | 0.8577 | 0.0478 | 0.8836 | 0.8514 | 0.8099
0251 | 13:43:29 |  30.8s | 1.0e-04 | 0.0450 | 0.9099 | 0.8628 | 0.8667 | 0.0475 | 0.8865 | 0.8530 | 0.8232
0252 | 13:44:19 |  30.8s | 1.0e-04 | 0.0454 | 0.9087 | 0.8603 | 0.8633 | 0.0483 | 0.8802 | 0.8537 | 0.8121
0253 | 13:45:06 |  25.9s | 1.0e-04 | 0.0455 | 0.9073 | 0.8614 | 0.8613 | 0.0467 | 0.9016 | 0.8305 | 0.8110
0254 | 13:45:53 |  22.4s | 1.0e-04 | 0.0445 | 0.9111 | 0.8631 | 0.8676 | 0.0486 | 0.8802 | 0.8594 | 0.8201
0255 | 13:46:34 |  24.2s | 1.0e-04 | 0.0448 | 0.9101 | 0.8629 | 0.8670 | 0.0464 | 0.8885 | 0.8468 | 0.8113
0256 | 13:47:18 |  25.5s | 1.0e-04 | 0.0450 | 0.9092 | 0.8631 | 0.8671 | 0.0477 | 0.8857 | 0.8508 | 0.8183
0257 | 13:48:03 |  27.3s | 1.0e-04 | 0.0453 | 0.9082 | 0.8627 | 0.8644 | 0.0484 | 0.9118 | 0.8230 | 0.8209
0258 | 13:48:49 |  42.6s | 1.0e-04 | 0.0446 | 0.9105 | 0.8653 | 0.8705 | 0.0479 | 0.8834 | 0.8588 | 0.8193
0259 | 13:49:50 |  22.1s | 1.0e-04 | 0.0449 | 0.9100 | 0.8630 | 0.8671 | 0.0471 | 0.8846 | 0.8506 | 0.8167
0260 | 13:50:30 |  26.0s | 1.0e-04 | 0.0446 | 0.9100 | 0.8660 | 0.8715 | 0.0473 | 0.8831 | 0.8625 | 0.8293
0261 | 13:51:14 |  28.3s | 1.0e-04 | 0.0452 | 0.9098 | 0.8634 | 0.8671 | 0.0467 | 0.8970 | 0.8347 | 0.8107
0262 | 13:52:00 |  20.0s | 1.0e-04 | 0.0448 | 0.9121 | 0.8660 | 0.8719 | 0.0477 | 0.8933 | 0.8435 | 0.8136
0263 | 13:52:40 |  21.9s | 1.0e-04 | 0.0447 | 0.9107 | 0.8651 | 0.8712 | 0.0472 | 0.9015 | 0.8317 | 0.8117
0264 | 13:53:20 |  21.7s | 1.0e-04 | 0.0446 | 0.9091 | 0.8637 | 0.8676 | 0.0470 | 0.8872 | 0.8525 | 0.8265
0265 | 13:54:01 |  24.3s | 1.0e-04 | 0.0448 | 0.9108 | 0.8664 | 0.8734 | 0.0476 | 0.8956 | 0.8359 | 0.8121
0266 | 13:54:45 |  45.4s | 1.0e-04 | 0.0446 | 0.9103 | 0.8643 | 0.8688 | 0.0471 | 0.8996 | 0.8332 | 0.8165
0267 | 13:55:49 |  19.3s | 1.0e-04 | 0.0447 | 0.9091 | 0.8609 | 0.8638 | 0.0474 | 0.8921 | 0.8482 | 0.8207
0268 | 13:56:27 |  22.8s | 1.0e-04 | 0.0445 | 0.9107 | 0.8646 | 0.8700 | 0.0477 | 0.8925 | 0.8443 | 0.8249
0269 | 13:57:09 |  23.3s | 1.0e-04 | 0.0449 | 0.9104 | 0.8616 | 0.8656 | 0.0472 | 0.9030 | 0.8339 | 0.8254
0270 | 13:57:51 |  26.8s | 1.0e-04 | 0.0450 | 0.9098 | 0.8619 | 0.8645 | 0.0474 | 0.8748 | 0.8580 | 0.8066
0271 | 13:58:35 |  16.8s | 1.0e-04 | 0.0444 | 0.9086 | 0.8640 | 0.8690 | 0.0479 | 0.8762 | 0.8615 | 0.8191
0272 | 13:59:11 |  20.7s | 1.0e-04 | 0.0446 | 0.9089 | 0.8615 | 0.8650 | 0.0472 | 0.8997 | 0.8338 | 0.8132
0273 | 13:59:50 |  21.6s | 1.0e-04 | 0.0445 | 0.9092 | 0.8619 | 0.8649 | 0.0466 | 0.8996 | 0.8433 | 0.8287
0274 | 14:00:31 |  43.7s | 1.0e-04 | 0.0448 | 0.9097 | 0.8642 | 0.8675 | 0.0467 | 0.9074 | 0.8307 | 0.8249
0275 | 14:01:35 |  19.3s | 1.0e-04 | 0.0441 | 0.9120 | 0.8666 | 0.8734 | 0.0477 | 0.8990 | 0.8360 | 0.8167
0276 | 14:02:14 |  20.0s | 1.0e-04 | 0.0439 | 0.9134 | 0.8695 | 0.8789 | 0.0480 | 0.8805 | 0.8555 | 0.8062
0277 | 14:02:53 |  24.1s | 1.0e-04 | 0.0441 | 0.9100 | 0.8669 | 0.8738 | 0.0472 | 0.8849 | 0.8548 | 0.8246
0278 | 14:03:36 |  26.9s | 1.0e-04 | 0.0441 | 0.9113 | 0.8675 | 0.8750 | 0.0478 | 0.8829 | 0.8572 | 0.8221
0279 | 14:04:24 |  25.6s | 1.0e-04 | 0.0441 | 0.9112 | 0.8683 | 0.8780 | 0.0458 | 0.9008 | 0.8399 | 0.8274
0280 | 14:05:06 |  23.6s | 1.0e-04 | 0.0441 | 0.9103 | 0.8638 | 0.8702 | 0.0474 | 0.8889 | 0.8504 | 0.8163
0281 | 14:05:47 |  20.7s | 1.0e-04 | 0.0438 | 0.9119 | 0.8664 | 0.8727 | 0.0474 | 0.8917 | 0.8437 | 0.8150
0282 | 14:06:28 |  44.5s | 1.0e-04 | 0.0447 | 0.9089 | 0.8625 | 0.8676 | 0.0454 | 0.8982 | 0.8519 | 0.8390
0283 | 14:07:29 |  28.2s | 1.0e-04 | 0.0447 | 0.9080 | 0.8597 | 0.8592 | 0.0463 | 0.8930 | 0.8499 | 0.8276
0284 | 14:08:13 |  24.6s | 1.0e-04 | 0.0444 | 0.9090 | 0.8617 | 0.8622 | 0.0469 | 0.9036 | 0.8377 | 0.8176
0285 | 14:08:55 |  22.3s | 1.0e-04 | 0.0447 | 0.9077 | 0.8607 | 0.8613 | 0.0472 | 0.8952 | 0.8465 | 0.8292
0286 | 14:09:38 |  20.6s | 1.0e-04 | 0.0448 | 0.9085 | 0.8604 | 0.8612 | 0.0466 | 0.8821 | 0.8631 | 0.8275
0287 | 14:10:18 |  20.6s | 1.0e-04 | 0.0446 | 0.9087 | 0.8620 | 0.8648 | 0.0463 | 0.8859 | 0.8551 | 0.8271
0288 | 14:10:57 |  21.2s | 1.0e-04 | 0.0444 | 0.9100 | 0.8625 | 0.8657 | 0.0457 | 0.8885 | 0.8520 | 0.8163
0289 | 14:11:35 |  28.1s | 1.0e-04 | 0.0442 | 0.9105 | 0.8616 | 0.8639 | 0.0452 | 0.8939 | 0.8424 | 0.8203
0290 | 14:12:19 |  43.8s | 1.0e-04 | 0.0436 | 0.9127 | 0.8686 | 0.8773 | 0.0467 | 0.8974 | 0.8520 | 0.8371
0291 | 14:13:22 |  30.8s | 1.0e-04 | 0.0438 | 0.9110 | 0.8676 | 0.8732 | 0.0488 | 0.8972 | 0.8437 | 0.8243
0292 | 14:14:12 |  31.1s | 1.0e-04 | 0.0431 | 0.9139 | 0.8703 | 0.8802 | 0.0490 | 0.9084 | 0.8326 | 0.8249
0293 | 14:15:03 |  31.9s | 1.0e-04 | 0.0428 | 0.9132 | 0.8697 | 0.8785 | 0.0468 | 0.8801 | 0.8542 | 0.8115
0294 | 14:15:55 |  31.5s | 1.0e-04 | 0.0432 | 0.9125 | 0.8715 | 0.8807 | 0.0472 | 0.9011 | 0.8395 | 0.8265
0295 | 14:16:45 |  31.3s | 1.0e-04 | 0.0432 | 0.9126 | 0.8690 | 0.8791 | 0.0478 | 0.8987 | 0.8343 | 0.8098
0296 | 14:17:35 |  25.4s | 1.0e-04 | 0.0433 | 0.9123 | 0.8700 | 0.8780 | 0.0451 | 0.8969 | 0.8497 | 0.8312
0297 | 14:18:21 |  32.6s | 1.0e-04 | 0.0434 | 0.9110 | 0.8686 | 0.8767 | 0.0465 | 0.9008 | 0.8327 | 0.8122
0298 | 14:19:10 |  24.9s | 1.0e-04 | 0.0438 | 0.9110 | 0.8674 | 0.8752 | 0.0460 | 0.8966 | 0.8425 | 0.8229
0299 | 14:19:53 |  24.3s | 1.0e-04 | 0.0442 | 0.9102 | 0.8666 | 0.8735 | 0.0471 | 0.8860 | 0.8587 | 0.8279
0300 | 14:20:36 |  21.7s | 1.0e-04 | 0.0441 | 0.9102 | 0.8663 | 0.8717 | 0.0455 | 0.8998 | 0.8438 | 0.8287
0301 | 14:21:17 |  22.5s | 1.0e-04 | 0.0445 | 0.9116 | 0.8671 | 0.8740 | 0.0474 | 0.9005 | 0.8443 | 0.8270
0302 | 14:21:58 |  22.8s | 1.0e-04 | 0.0440 | 0.9105 | 0.8669 | 0.8731 | 0.0473 | 0.9078 | 0.8429 | 0.8361
0303 | 14:22:41 |  24.2s | 1.0e-04 | 0.0439 | 0.9107 | 0.8676 | 0.8760 | 0.0459 | 0.9017 | 0.8440 | 0.8297
0304 | 14:23:24 |  25.0s | 1.0e-04 | 0.0441 | 0.9105 | 0.8667 | 0.8731 | 0.0465 | 0.8928 | 0.8553 | 0.8336
0305 | 14:24:08 |  30.7s | 1.0e-04 | 0.0442 | 0.9105 | 0.8663 | 0.8725 | 0.0467 | 0.8936 | 0.8585 | 0.8395
0306 | 14:24:58 |  29.8s | 1.0e-04 | 0.0443 | 0.9131 | 0.8703 | 0.8793 | 0.0460 | 0.8845 | 0.8620 | 0.8304
0307 | 14:25:46 |  31.2s | 1.0e-04 | 0.0445 | 0.9124 | 0.8716 | 0.8803 | 0.0463 | 0.8802 | 0.8569 | 0.8154
0308 | 14:26:37 |  31.7s | 1.0e-04 | 0.0443 | 0.9127 | 0.8709 | 0.8796 | 0.0458 | 0.8984 | 0.8497 | 0.8318
0309 | 14:27:28 |  31.2s | 1.0e-04 | 0.0436 | 0.9120 | 0.8693 | 0.8767 | 0.0455 | 0.8876 | 0.8563 | 0.8258
0310 | 14:28:19 |  31.1s | 1.0e-04 | 0.0441 | 0.9143 | 0.8707 | 0.8826 | 0.0460 | 0.9010 | 0.8348 | 0.8205
0311 | 14:29:10 |  31.2s | 1.0e-04 | 0.0442 | 0.9130 | 0.8718 | 0.8821 | 0.0458 | 0.9000 | 0.8572 | 0.8440
0312 | 14:30:01 |  30.6s | 1.0e-04 | 0.0438 | 0.9122 | 0.8718 | 0.8826 | 0.0459 | 0.8889 | 0.8547 | 0.8209
0313 | 14:30:51 |  45.1s | 1.0e-04 | 0.0439 | 0.9122 | 0.8683 | 0.8756 | 0.0453 | 0.8972 | 0.8489 | 0.8279
0314 | 14:31:51 |  27.8s | 1.0e-04 | 0.0432 | 0.9099 | 0.8641 | 0.8680 | 0.0461 | 0.8951 | 0.8565 | 0.8341
0315 | 14:32:35 |  25.6s | 1.0e-04 | 0.0432 | 0.9092 | 0.8649 | 0.8678 | 0.0462 | 0.9114 | 0.8429 | 0.8423
0316 | 14:33:19 |  23.0s | 1.0e-04 | 0.0435 | 0.9100 | 0.8644 | 0.8684 | 0.0447 | 0.9054 | 0.8419 | 0.8334
0317 | 14:34:01 |  21.0s | 1.0e-04 | 0.0433 | 0.9110 | 0.8645 | 0.8692 | 0.0451 | 0.8985 | 0.8451 | 0.8246
0318 | 14:34:40 |  22.3s | 1.0e-04 | 0.0433 | 0.9096 | 0.8643 | 0.8696 | 0.0459 | 0.8972 | 0.8533 | 0.8381
0319 | 14:35:22 |  22.7s | 1.0e-04 | 0.0435 | 0.9108 | 0.8639 | 0.8688 | 0.0451 | 0.8949 | 0.8443 | 0.8157
0320 | 14:36:03 |  25.8s | 1.0e-04 | 0.0437 | 0.9094 | 0.8638 | 0.8664 | 0.0457 | 0.8904 | 0.8584 | 0.8333
0321 | 14:36:48 |  42.1s | 1.0e-04 | 0.0434 | 0.9125 | 0.8686 | 0.8774 | 0.0462 | 0.9026 | 0.8543 | 0.8430
0322 | 14:37:51 |  23.1s | 1.0e-04 | 0.0436 | 0.9135 | 0.8720 | 0.8825 | 0.0465 | 0.8982 | 0.8529 | 0.8387
0323 | 14:38:34 |  24.6s | 1.0e-04 | 0.0437 | 0.9139 | 0.8725 | 0.8843 | 0.0450 | 0.8913 | 0.8526 | 0.8239
0324 | 14:39:19 |  25.6s | 1.0e-04 | 0.0435 | 0.9140 | 0.8734 | 0.8850 | 0.0479 | 0.8868 | 0.8637 | 0.8368
0325 | 14:40:04 |  26.8s | 1.0e-04 | 0.0436 | 0.9141 | 0.8737 | 0.8843 | 0.0466 | 0.8966 | 0.8479 | 0.8262
0326 | 14:40:50 |  29.3s | 1.0e-04 | 0.0435 | 0.9142 | 0.8729 | 0.8844 | 0.0467 | 0.8913 | 0.8574 | 0.8299
0327 | 14:41:37 |  30.1s | 1.0e-04 | 0.0436 | 0.9119 | 0.8719 | 0.8813 | 0.0463 | 0.8858 | 0.8586 | 0.8269
0328 | 14:42:26 |  30.8s | 1.0e-04 | 0.0436 | 0.9130 | 0.8728 | 0.8833 | 0.0464 | 0.8746 | 0.8676 | 0.8270
0329 | 14:43:17 |  35.8s | 1.0e-04 | 0.0435 | 0.9144 | 0.8730 | 0.8852 | 0.0466 | 0.8903 | 0.8461 | 0.8138
0330 | 14:44:09 |  30.1s | 1.0e-04 | 0.0437 | 0.9141 | 0.8761 | 0.8887 | 0.0457 | 0.8906 | 0.8522 | 0.8259
0331 | 14:44:56 |  28.1s | 1.0e-04 | 0.0435 | 0.9150 | 0.8739 | 0.8864 | 0.0455 | 0.9117 | 0.8383 | 0.8388
0332 | 14:45:41 |  25.2s | 1.0e-04 | 0.0435 | 0.9133 | 0.8738 | 0.8861 | 0.0458 | 0.8999 | 0.8561 | 0.8432
0333 | 14:46:24 |  22.5s | 1.0e-04 | 0.0433 | 0.9134 | 0.8754 | 0.8867 | 0.0458 | 0.8903 | 0.8581 | 0.8374
0334 | 14:47:05 |  21.2s | 1.0e-04 | 0.0436 | 0.9136 | 0.8728 | 0.8837 | 0.0455 | 0.8925 | 0.8662 | 0.8486
0335 | 14:47:45 |  23.6s | 1.0e-04 | 0.0439 | 0.9142 | 0.8750 | 0.8869 | 0.0452 | 0.8863 | 0.8619 | 0.8335
0336 | 14:48:28 |  40.1s | 1.0e-04 | 0.0437 | 0.9139 | 0.8749 | 0.8876 | 0.0456 | 0.8973 | 0.8528 | 0.8380
0337 | 14:49:29 |  21.5s | 1.0e-04 | 0.0436 | 0.9131 | 0.8723 | 0.8826 | 0.0464 | 0.8950 | 0.8492 | 0.8229
0338 | 14:50:10 |  22.9s | 1.0e-04 | 0.0431 | 0.9141 | 0.8730 | 0.8849 | 0.0459 | 0.9023 | 0.8397 | 0.8236
0339 | 14:50:54 |  33.2s | 1.0e-04 | 0.0430 | 0.9146 | 0.8753 | 0.8878 | 0.0467 | 0.9042 | 0.8482 | 0.8424
0340 | 14:51:48 |  32.3s | 1.0e-04 | 0.0427 | 0.9142 | 0.8738 | 0.8857 | 0.0467 | 0.9018 | 0.8429 | 0.8271
0341 | 14:52:42 |  32.3s | 1.0e-04 | 0.0435 | 0.9138 | 0.8721 | 0.8827 | 0.0455 | 0.8968 | 0.8539 | 0.8341
0342 | 14:53:35 |  31.6s | 1.0e-04 | 0.0424 | 0.9145 | 0.8738 | 0.8857 | 0.0468 | 0.8860 | 0.8552 | 0.8188
0343 | 14:54:26 |  30.6s | 1.0e-04 | 0.0429 | 0.9137 | 0.8727 | 0.8821 | 0.0465 | 0.9016 | 0.8336 | 0.8154
0344 | 14:55:13 |  39.3s | 1.0e-04 | 0.0428 | 0.9141 | 0.8735 | 0.8857 | 0.0458 | 0.8870 | 0.8531 | 0.8207
0345 | 14:56:13 |  31.2s | 1.0e-04 | 0.0436 | 0.9127 | 0.8716 | 0.8824 | 0.0456 | 0.8926 | 0.8632 | 0.8413
0346 | 14:57:05 |  23.2s | 1.0e-04 | 0.0432 | 0.9144 | 0.8756 | 0.8874 | 0.0465 | 0.8758 | 0.8685 | 0.8243
0347 | 14:57:48 |  23.3s | 1.0e-04 | 0.0436 | 0.9133 | 0.8719 | 0.8822 | 0.0460 | 0.8932 | 0.8520 | 0.8233
0348 | 14:58:32 |  23.4s | 1.0e-04 | 0.0440 | 0.9121 | 0.8731 | 0.8825 | 0.0462 | 0.9030 | 0.8470 | 0.8385
0349 | 14:59:16 |  23.8s | 1.0e-04 | 0.0435 | 0.9130 | 0.8731 | 0.8829 | 0.0472 | 0.8897 | 0.8673 | 0.8443
0350 | 15:00:01 |  23.2s | 1.0e-04 | 0.0440 | 0.9141 | 0.8723 | 0.8832 | 0.0462 | 0.8914 | 0.8594 | 0.8398
0351 | 15:00:44 |  26.4s | 1.0e-04 | 0.0437 | 0.9147 | 0.8759 | 0.8888 | 0.0463 | 0.8836 | 0.8563 | 0.8209
0352 | 15:01:31 |  43.1s | 1.0e-04 | 0.0436 | 0.9146 | 0.8754 | 0.8892 | 0.0461 | 0.8865 | 0.8560 | 0.8238
0353 | 15:02:34 |  22.7s | 1.0e-04 | 0.0425 | 0.9144 | 0.8776 | 0.8899 | 0.0460 | 0.8953 | 0.8497 | 0.8242
0354 | 15:03:17 |  24.4s | 1.0e-04 | 0.0428 | 0.9150 | 0.8754 | 0.8878 | 0.0468 | 0.8939 | 0.8619 | 0.8432
0355 | 15:04:00 |  22.0s | 1.0e-04 | 0.0430 | 0.9143 | 0.8744 | 0.8875 | 0.0465 | 0.9037 | 0.8374 | 0.8269
0356 | 15:04:39 |  27.2s | 1.0e-04 | 0.0426 | 0.9168 | 0.8770 | 0.8913 | 0.0467 | 0.9075 | 0.8363 | 0.8284
0357 | 15:05:24 |  24.6s | 1.0e-04 | 0.0430 | 0.9150 | 0.8750 | 0.8875 | 0.0460 | 0.9016 | 0.8470 | 0.8350
0358 | 15:06:09 |  20.8s | 1.0e-04 | 0.0431 | 0.9158 | 0.8760 | 0.8900 | 0.0454 | 0.9091 | 0.8410 | 0.8365
0359 | 15:06:50 |  22.3s | 1.0e-04 | 0.0429 | 0.9159 | 0.8755 | 0.8898 | 0.0468 | 0.8896 | 0.8550 | 0.8262
0360 | 15:07:31 |  43.1s | 1.0e-04 | 0.0435 | 0.9140 | 0.8744 | 0.8865 | 0.0460 | 0.8829 | 0.8678 | 0.8349
0361 | 15:08:35 |  20.5s | 1.0e-04 | 0.0433 | 0.9134 | 0.8762 | 0.8883 | 0.0465 | 0.8927 | 0.8623 | 0.8429
0362 | 15:09:16 |  24.2s | 1.0e-04 | 0.0429 | 0.9141 | 0.8776 | 0.8903 | 0.0461 | 0.8852 | 0.8599 | 0.8284
0363 | 15:10:00 |  24.1s | 1.0e-04 | 0.0435 | 0.9140 | 0.8763 | 0.8886 | 0.0451 | 0.8947 | 0.8578 | 0.8376
0364 | 15:10:41 |  26.2s | 1.0e-04 | 0.0434 | 0.9146 | 0.8760 | 0.8887 | 0.0453 | 0.8971 | 0.8645 | 0.8491
0365 | 15:11:25 |  26.5s | 1.0e-04 | 0.0434 | 0.9152 | 0.8766 | 0.8912 | 0.0458 | 0.9133 | 0.8387 | 0.8460
0366 | 15:12:09 |  24.5s | 1.0e-04 | 0.0430 | 0.9143 | 0.8759 | 0.8895 | 0.0453 | 0.9026 | 0.8544 | 0.8458
0367 | 15:12:54 |  23.6s | 1.0e-04 | 0.0434 | 0.9158 | 0.8773 | 0.8914 | 0.0449 | 0.8990 | 0.8525 | 0.8340
0368 | 15:13:37 |  48.7s | 1.0e-04 | 0.0429 | 0.9128 | 0.8707 | 0.8795 | 0.0456 | 0.8915 | 0.8565 | 0.8295
0369 | 15:14:45 |  30.7s | 1.0e-04 | 0.0417 | 0.9128 | 0.8702 | 0.8797 | 0.0457 | 0.9074 | 0.8432 | 0.8424
0370 | 15:15:32 |  30.7s | 1.0e-04 | 0.0418 | 0.9141 | 0.8721 | 0.8825 | 0.0460 | 0.8942 | 0.8511 | 0.8298
0371 | 15:16:20 |  28.4s | 1.0e-04 | 0.0427 | 0.9133 | 0.8729 | 0.8832 | 0.0460 | 0.9006 | 0.8532 | 0.8387
0372 | 15:17:05 |  20.9s | 1.0e-04 | 0.0420 | 0.9142 | 0.8711 | 0.8820 | 0.0444 | 0.8936 | 0.8589 | 0.8419
0373 | 15:17:46 |  28.4s | 1.0e-04 | 0.0421 | 0.9138 | 0.8714 | 0.8803 | 0.0444 | 0.9066 | 0.8473 | 0.8463
0374 | 15:18:35 |  27.0s | 1.0e-04 | 0.0427 | 0.9121 | 0.8702 | 0.8792 | 0.0446 | 0.8936 | 0.8572 | 0.8372
0375 | 15:19:24 |  29.4s | 1.0e-04 | 0.0425 | 0.9131 | 0.8708 | 0.8798 | 0.0455 | 0.9103 | 0.8411 | 0.8400
0376 | 15:20:19 |  29.5s | 1.0e-04 | 0.0425 | 0.9124 | 0.8719 | 0.8818 | 0.0448 | 0.8944 | 0.8590 | 0.8402
0378 | 15:22:03 |  37.4s | 1.0e-04 | 0.0422 | 0.9134 | 0.8712 | 0.8809 | 0.0445 | 0.8861 | 0.8573 | 0.8287
0402 | 15:40:57 |  31.0s | 1.0e-04 | 0.0421 | 0.9135 | 0.8706 | 0.8804 | 0.0453 | 0.9061 | 0.8580 | 0.8531
0403 | 15:41:46 |  30.8s | 1.0e-04 | 0.0416 | 0.9142 | 0.8728 | 0.8833 | 0.0441 | 0.9021 | 0.8479 | 0.8366
0404 | 15:42:33 |  27.7s | 1.0e-04 | 0.0420 | 0.9144 | 0.8727 | 0.8836 | 0.0447 | 0.8800 | 0.8643 | 0.8211
0405 | 15:43:20 |  22.0s | 1.0e-04 | 0.0416 | 0.9160 | 0.8751 | 0.8886 | 0.0436 | 0.8945 | 0.8669 | 0.8486
0406 | 15:44:01 |  21.8s | 1.0e-04 | 0.0418 | 0.9148 | 0.8733 | 0.8842 | 0.0443 | 0.9091 | 0.8474 | 0.8465
0407 | 15:44:38 |  33.8s | 1.0e-04 | 0.0418 | 0.9146 | 0.8722 | 0.8825 | 0.0444 | 0.9032 | 0.8531 | 0.8449
0408 | 15:45:30 |  26.7s | 1.0e-04 | 0.0409 | 0.9160 | 0.8735 | 0.8872 | 0.0443 | 0.9147 | 0.8443 | 0.8499
0409 | 15:46:16 |  28.0s | 1.0e-04 | 0.0412 | 0.9150 | 0.8741 | 0.8868 | 0.0441 | 0.8948 | 0.8658 | 0.8474
0410 | 15:47:02 |  29.7s | 1.0e-04 | 0.0412 | 0.9158 | 0.8746 | 0.8881 | 0.0447 | 0.9031 | 0.8480 | 0.8326
0411 | 15:47:50 |  30.9s | 1.0e-04 | 0.0412 | 0.9170 | 0.8760 | 0.8906 | 0.0441 | 0.9001 | 0.8611 | 0.8511
0412 | 15:48:39 |  31.4s | 1.0e-04 | 0.0416 | 0.9152 | 0.8742 | 0.8874 | 0.0445 | 0.8939 | 0.8606 | 0.8419
0413 | 15:49:30 |  21.3s | 1.0e-04 | 0.0411 | 0.9150 | 0.8742 | 0.8877 | 0.0460 | 0.8882 | 0.8702 | 0.8463
0414 | 15:50:08 |  21.6s | 1.0e-04 | 0.0413 | 0.9144 | 0.8755 | 0.8881 | 0.0435 | 0.9053 | 0.8526 | 0.8457
0415 | 15:50:48 |  33.1s | 1.0e-04 | 0.0408 | 0.9165 | 0.8787 | 0.8933 | 0.0447 | 0.9154 | 0.8444 | 0.8507
0416 | 15:51:41 |  21.5s | 1.0e-04 | 0.0412 | 0.9159 | 0.8783 | 0.8936 | 0.0450 | 0.8990 | 0.8527 | 0.8345
0417 | 15:52:22 |  22.5s | 1.0e-04 | 0.0410 | 0.9164 | 0.8764 | 0.8908 | 0.0445 | 0.8992 | 0.8607 | 0.8471
0418 | 15:53:04 |  23.7s | 1.0e-04 | 0.0410 | 0.9144 | 0.8765 | 0.8889 | 0.0454 | 0.8935 | 0.8640 | 0.8418
0419 | 15:53:47 |  27.0s | 1.0e-04 | 0.0413 | 0.9145 | 0.8750 | 0.8863 | 0.0450 | 0.8872 | 0.8590 | 0.8255
0420 | 15:54:32 |  28.5s | 1.0e-04 | 0.0410 | 0.9150 | 0.8768 | 0.8905 | 0.0457 | 0.9016 | 0.8636 | 0.8536
0421 | 15:55:19 |  31.4s | 1.0e-04 | 0.0414 | 0.9157 | 0.8770 | 0.8899 | 0.0434 | 0.9041 | 0.8477 | 0.8389
0422 | 15:56:10 |  34.2s | 1.0e-04 | 0.0407 | 0.9167 | 0.8760 | 0.8907 | 0.0451 | 0.8998 | 0.8579 | 0.8451
0423 | 15:57:01 |  28.6s | 1.0e-04 | 0.0413 | 0.9148 | 0.8747 | 0.8858 | 0.0444 | 0.8984 | 0.8631 | 0.8486
0424 | 15:57:50 |  18.6s | 1.0e-04 | 0.0410 | 0.9149 | 0.8754 | 0.8882 | 0.0448 | 0.9138 | 0.8283 | 0.8233
0425 | 15:58:28 |  22.6s | 1.0e-04 | 0.0411 | 0.9155 | 0.8737 | 0.8879 | 0.0442 | 0.8998 | 0.8639 | 0.8508
0426 | 15:59:10 |  23.1s | 1.0e-04 | 0.0411 | 0.9166 | 0.8750 | 0.8883 | 0.0449 | 0.9023 | 0.8476 | 0.8346
0427 | 15:59:53 |  26.0s | 1.0e-04 | 0.0417 | 0.9133 | 0.8716 | 0.8820 | 0.0444 | 0.8903 | 0.8662 | 0.8391
0428 | 16:00:38 |  26.6s | 1.0e-04 | 0.0413 | 0.9154 | 0.8752 | 0.8893 | 0.0441 | 0.8993 | 0.8626 | 0.8512
0429 | 16:01:23 |  29.8s | 1.0e-04 | 0.0413 | 0.9151 | 0.8750 | 0.8881 | 0.0433 | 0.8960 | 0.8671 | 0.8523
0430 | 16:02:11 |  40.1s | 1.0e-04 | 0.0406 | 0.9169 | 0.8768 | 0.8913 | 0.0449 | 0.8958 | 0.8620 | 0.8402
0431 | 16:03:10 |  23.8s | 1.0e-04 | 0.0398 | 0.9171 | 0.8786 | 0.8937 | 0.0451 | 0.8977 | 0.8469 | 0.8264
0432 | 16:03:51 |  21.1s | 1.0e-04 | 0.0400 | 0.9183 | 0.8788 | 0.8955 | 0.0450 | 0.8981 | 0.8579 | 0.8388
0433 | 16:04:29 |  23.2s | 1.0e-04 | 0.0399 | 0.9171 | 0.8795 | 0.8950 | 0.0450 | 0.9119 | 0.8461 | 0.8486
0434 | 16:05:12 |  19.0s | 1.0e-04 | 0.0394 | 0.9182 | 0.8779 | 0.8946 | 0.0439 | 0.8952 | 0.8649 | 0.8484
0435 | 16:05:50 |  22.4s | 1.0e-04 | 0.0390 | 0.9200 | 0.8825 | 0.9013 | 0.0448 | 0.8995 | 0.8638 | 0.8523
0436 | 16:06:33 |  21.7s | 1.0e-04 | 0.0399 | 0.9166 | 0.8772 | 0.8919 | 0.0442 | 0.8962 | 0.8491 | 0.8226
0437 | 16:07:13 |  25.2s | 1.0e-04 | 0.0394 | 0.9184 | 0.8789 | 0.8958 | 0.0452 | 0.9098 | 0.8481 | 0.8504
0438 | 16:07:57 |  39.9s | 1.0e-04 | 0.0413 | 0.9175 | 0.8797 | 0.8961 | 0.0446 | 0.8988 | 0.8582 | 0.8405
0439 | 16:08:56 |  20.3s | 1.0e-04 | 0.0432 | 0.9172 | 0.8818 | 0.8992 | 0.0439 | 0.8805 | 0.8734 | 0.8404
0440 | 16:09:35 |  31.1s | 1.0e-04 | 0.0430 | 0.9163 | 0.8824 | 0.8986 | 0.0436 | 0.8922 | 0.8692 | 0.8506
0441 | 16:10:25 |  20.9s | 1.0e-04 | 0.0430 | 0.9167 | 0.8822 | 0.8987 | 0.0447 | 0.9022 | 0.8635 | 0.8525
0442 | 16:11:05 |  20.4s | 1.0e-04 | 0.0433 | 0.9168 | 0.8820 | 0.8967 | 0.0440 | 0.8968 | 0.8583 | 0.8414
0443 | 16:11:44 |  20.6s | 1.0e-04 | 0.0432 | 0.9169 | 0.8804 | 0.8969 | 0.0437 | 0.9092 | 0.8538 | 0.8504
0444 | 16:12:23 |  23.8s | 1.0e-04 | 0.0433 | 0.9172 | 0.8821 | 0.8991 | 0.0442 | 0.9021 | 0.8600 | 0.8519
0445 | 16:13:06 |  26.2s | 1.0e-04 | 0.0429 | 0.9173 | 0.8821 | 0.8994 | 0.0435 | 0.8898 | 0.8756 | 0.8574
0446 | 16:13:50 |  39.7s | 1.0e-04 | 0.0421 | 0.9158 | 0.8776 | 0.8928 | 0.0436 | 0.8973 | 0.8580 | 0.8418
0447 | 16:14:48 |  21.1s | 1.0e-04 | 0.0404 | 0.9169 | 0.8798 | 0.8965 | 0.0434 | 0.9136 | 0.8489 | 0.8526
0448 | 16:15:28 |  22.6s | 1.0e-04 | 0.0413 | 0.9161 | 0.8771 | 0.8913 | 0.0435 | 0.8917 | 0.8647 | 0.8423
0449 | 16:16:11 |  31.4s | 1.0e-04 | 0.0411 | 0.9163 | 0.8774 | 0.8917 | 0.0444 | 0.9110 | 0.8417 | 0.8411
0450 | 16:17:02 |  18.5s | 1.0e-04 | 0.0410 | 0.9167 | 0.8784 | 0.8929 | 0.0452 | 0.9018 | 0.8531 | 0.8408
0451 | 16:17:40 |  21.3s | 1.0e-04 | 0.0417 | 0.9144 | 0.8764 | 0.8900 | 0.0440 | 0.9048 | 0.8600 | 0.8574
0452 | 16:18:19 |  22.9s | 1.0e-04 | 0.0416 | 0.9158 | 0.8766 | 0.8918 | 0.0435 | 0.9061 | 0.8558 | 0.8524
0453 | 16:19:02 |  24.0s | 1.0e-04 | 0.0410 | 0.9163 | 0.8781 | 0.8933 | 0.0436 | 0.9046 | 0.8578 | 0.8527
0454 | 16:19:45 |  31.3s | 1.0e-04 | 0.0416 | 0.9171 | 0.8775 | 0.8926 | 0.0432 | 0.8994 | 0.8542 | 0.8389
0455 | 16:20:36 |  23.7s | 1.0e-04 | 0.0411 | 0.9153 | 0.8771 | 0.8902 | 0.0440 | 0.8971 | 0.8612 | 0.8458
0456 | 16:21:19 |  24.8s | 1.0e-04 | 0.0416 | 0.9157 | 0.8787 | 0.8933 | 0.0433 | 0.8982 | 0.8650 | 0.8511
0457 | 16:22:03 |  22.2s | 1.0e-04 | 0.0414 | 0.9157 | 0.8773 | 0.8917 | 0.0433 | 0.9157 | 0.8508 | 0.8554
0458 | 16:22:42 |  29.5s | 1.0e-04 | 0.0416 | 0.9164 | 0.8784 | 0.8927 | 0.0439 | 0.9038 | 0.8666 | 0.8589
0459 | 16:23:30 |  27.8s | 1.0e-04 | 0.0413 | 0.9163 | 0.8777 | 0.8930 | 0.0435 | 0.8952 | 0.8643 | 0.8525
0460 | 16:24:15 |  27.2s | 1.0e-04 | 0.0415 | 0.9158 | 0.8791 | 0.8934 | 0.0440 | 0.8931 | 0.8593 | 0.8363
0461 | 16:24:57 |  37.7s | 1.0e-04 | 0.0407 | 0.9176 | 0.8800 | 0.8958 | 0.0441 | 0.9010 | 0.8547 | 0.8355
0462 | 16:25:54 |  30.8s | 1.0e-04 | 0.0392 | 0.9163 | 0.8749 | 0.8887 | 0.0437 | 0.8894 | 0.8655 | 0.8430
0463 | 16:26:43 |  30.1s | 1.0e-04 | 0.0393 | 0.9166 | 0.8756 | 0.8888 | 0.0429 | 0.9088 | 0.8537 | 0.8546
0464 | 16:27:31 |  30.0s | 1.0e-04 | 0.0399 | 0.9161 | 0.8743 | 0.8871 | 0.0450 | 0.9071 | 0.8523 | 0.8499
0465 | 16:28:17 |  21.5s | 1.0e-04 | 0.0396 | 0.9167 | 0.8746 | 0.8874 | 0.0446 | 0.9122 | 0.8481 | 0.8473
0466 | 16:28:57 |  20.5s | 1.0e-04 | 0.0394 | 0.9170 | 0.8719 | 0.8838 | 0.0437 | 0.9079 | 0.8485 | 0.8475
0467 | 16:29:36 |  19.4s | 1.0e-04 | 0.0392 | 0.9166 | 0.8762 | 0.8892 | 0.0436 | 0.8938 | 0.8680 | 0.8509
0468 | 16:30:13 |  30.4s | 1.0e-04 | 0.0397 | 0.9159 | 0.8732 | 0.8859 | 0.0447 | 0.9067 | 0.8603 | 0.8536
0469 | 16:31:02 |  41.1s | 1.0e-04 | 0.0398 | 0.9164 | 0.8771 | 0.8909 | 0.0436 | 0.8936 | 0.8660 | 0.8476
0470 | 16:32:01 |  27.3s | 1.0e-04 | 0.0416 | 0.9185 | 0.8826 | 0.9011 | 0.0440 | 0.9096 | 0.8522 | 0.8496
0471 | 16:32:47 |  28.7s | 1.0e-04 | 0.0415 | 0.9188 | 0.8837 | 0.9019 | 0.0440 | 0.8968 | 0.8667 | 0.8538
0472 | 16:33:33 |  30.2s | 1.0e-04 | 0.0408 | 0.9184 | 0.8839 | 0.9022 | 0.0437 | 0.8984 | 0.8613 | 0.8464
0473 | 16:34:21 |  30.0s | 1.0e-04 | 0.0410 | 0.9194 | 0.8834 | 0.9025 | 0.0458 | 0.9041 | 0.8552 | 0.8462
0474 | 16:35:08 |  21.7s | 1.0e-04 | 0.0414 | 0.9173 | 0.8829 | 0.8998 | 0.0429 | 0.8990 | 0.8654 | 0.8503
0475 | 16:35:47 |  23.4s | 1.0e-04 | 0.0414 | 0.9177 | 0.8825 | 0.8993 | 0.0441 | 0.8981 | 0.8587 | 0.8413
0476 | 16:36:26 |  21.6s | 1.0e-04 | 0.0410 | 0.9200 | 0.8846 | 0.9050 | 0.0437 | 0.9144 | 0.8515 | 0.8544
0477 | 16:37:06 |  38.5s | 1.0e-04 | 0.0411 | 0.9184 | 0.8843 | 0.9030 | 0.0434 | 0.8909 | 0.8777 | 0.8583
0478 | 16:38:03 |  21.7s | 1.0e-04 | 0.0415 | 0.9181 | 0.8822 | 0.8988 | 0.0435 | 0.8853 | 0.8725 | 0.8453
0479 | 16:38:44 |  26.4s | 1.0e-04 | 0.0416 | 0.9178 | 0.8820 | 0.8996 | 0.0429 | 0.8906 | 0.8715 | 0.8457
0480 | 16:39:29 |  27.1s | 1.0e-04 | 0.0413 | 0.9177 | 0.8841 | 0.9016 | 0.0436 | 0.9036 | 0.8568 | 0.8441
0481 | 16:40:14 |  28.9s | 1.0e-04 | 0.0417 | 0.9180 | 0.8805 | 0.8976 | 0.0434 | 0.9098 | 0.8533 | 0.8542
0482 | 16:41:01 |  28.0s | 1.0e-04 | 0.0419 | 0.9173 | 0.8823 | 0.8996 | 0.0427 | 0.9130 | 0.8581 | 0.8648
0483 | 16:41:45 |  26.7s | 1.0e-04 | 0.0415 | 0.9186 | 0.8827 | 0.9009 | 0.0421 | 0.9036 | 0.8618 | 0.8546
0484 | 16:42:28 |  24.1s | 1.0e-04 | 0.0419 | 0.9179 | 0.8809 | 0.8988 | 0.0442 | 0.8850 | 0.8766 | 0.8487
0485 | 16:43:08 |  39.9s | 1.0e-04 | 0.0406 | 0.9185 | 0.8805 | 0.8978 | 0.0437 | 0.8981 | 0.8579 | 0.8430
0486 | 16:44:07 |  21.2s | 1.0e-04 | 0.0397 | 0.9171 | 0.8790 | 0.8948 | 0.0438 | 0.9046 | 0.8626 | 0.8567
0487 | 16:44:47 |  22.7s | 1.0e-04 | 0.0401 | 0.9167 | 0.8775 | 0.8922 | 0.0443 | 0.9007 | 0.8622 | 0.8506
0488 | 16:45:29 |  24.6s | 1.0e-04 | 0.0400 | 0.9187 | 0.8798 | 0.8977 | 0.0430 | 0.8944 | 0.8695 | 0.8522
0489 | 16:46:12 |  26.2s | 1.0e-04 | 0.0399 | 0.9177 | 0.8796 | 0.8963 | 0.0427 | 0.9011 | 0.8566 | 0.8386
0490 | 16:46:56 |  29.5s | 1.0e-04 | 0.0398 | 0.9181 | 0.8794 | 0.8958 | 0.0432 | 0.9009 | 0.8605 | 0.8471
0491 | 16:47:44 |  24.6s | 1.0e-04 | 0.0397 | 0.9167 | 0.8801 | 0.8954 | 0.0437 | 0.9066 | 0.8529 | 0.8531
0492 | 16:48:24 |  26.2s | 1.0e-04 | 0.0400 | 0.9182 | 0.8787 | 0.8949 | 0.0438 | 0.9013 | 0.8741 | 0.8696
0493 | 16:49:07 |  31.7s | 1.0e-04 | 0.0405 | 0.9184 | 0.8813 | 0.8974 | 0.0427 | 0.9037 | 0.8598 | 0.8548
0494 | 16:49:58 |  20.5s | 1.0e-04 | 0.0416 | 0.9182 | 0.8814 | 0.8990 | 0.0432 | 0.9074 | 0.8599 | 0.8559
0495 | 16:50:38 |  22.1s | 1.0e-04 | 0.0408 | 0.9187 | 0.8824 | 0.9005 | 0.0428 | 0.8986 | 0.8754 | 0.8670
0496 | 16:51:19 |  23.8s | 1.0e-04 | 0.0415 | 0.9183 | 0.8834 | 0.9017 | 0.0443 | 0.9030 | 0.8594 | 0.8539
0497 | 16:52:02 |  24.5s | 1.0e-04 | 0.0408 | 0.9196 | 0.8842 | 0.9040 | 0.0427 | 0.9017 | 0.8650 | 0.8598
0498 | 16:52:44 |  27.6s | 1.0e-04 | 0.0402 | 0.9185 | 0.8829 | 0.9000 | 0.0439 | 0.9109 | 0.8605 | 0.8645
0499 | 16:53:31 |  30.2s | 1.0e-04 | 0.0410 | 0.9185 | 0.8843 | 0.9023 | 0.0439 | 0.8902 | 0.8747 | 0.8550
0500 | 16:54:19 |  22.1s | 1.0e-04 | 0.0412 | 0.9186 | 0.8815 | 0.8996 | 0.0438 | 0.9001 | 0.8572 | 0.8458
0501 | 16:54:59 |  23.3s | 1.0e-04 | 0.0399 | 0.9164 | 0.8753 | 0.8896 | 0.0423 | 0.9094 | 0.8713 | 0.8749
0502 | 16:55:41 |  20.2s | 1.0e-04 | 0.0394 | 0.9188 | 0.8773 | 0.8937 | 0.0423 | 0.9106 | 0.8539 | 0.8496
0503 | 16:56:21 |  27.0s | 1.0e-04 | 0.0400 | 0.9174 | 0.8776 | 0.8937 | 0.0429 | 0.9084 | 0.8560 | 0.8560
0504 | 16:57:06 |  30.3s | 1.0e-04 | 0.0394 | 0.9165 | 0.8761 | 0.8920 | 0.0431 | 0.8925 | 0.8715 | 0.8527
0505 | 16:57:55 |  30.7s | 1.0e-04 | 0.0403 | 0.9157 | 0.8759 | 0.8891 | 0.0435 | 0.9057 | 0.8585 | 0.8498
0506 | 16:58:45 |  31.4s | 1.0e-04 | 0.0399 | 0.9173 | 0.8763 | 0.8915 | 0.0430 | 0.9145 | 0.8495 | 0.8519
0507 | 16:59:36 |  30.6s | 1.0e-04 | 0.0399 | 0.9169 | 0.8780 | 0.8930 | 0.0433 | 0.9097 | 0.8527 | 0.8499
0508 | 17:00:26 |  39.3s | 1.0e-04 | 0.0403 | 0.9178 | 0.8798 | 0.8967 | 0.0451 | 0.8835 | 0.8662 | 0.8347
0509 | 17:01:24 |  21.1s | 1.0e-04 | 0.0389 | 0.9215 | 0.8850 | 0.9057 | 0.0434 | 0.8965 | 0.8638 | 0.8515
0510 | 17:02:03 |  27.9s | 1.0e-04 | 0.0393 | 0.9208 | 0.8856 | 0.9057 | 0.0446 | 0.9009 | 0.8593 | 0.8511
0511 | 17:02:47 |  18.7s | 1.0e-04 | 0.0392 | 0.9218 | 0.8865 | 0.9086 | 0.0440 | 0.9024 | 0.8530 | 0.8416
0512 | 17:03:25 |  27.0s | 1.0e-04 | 0.0391 | 0.9218 | 0.8877 | 0.9094 | 0.0443 | 0.8929 | 0.8708 | 0.8535
0513 | 17:04:11 |  28.0s | 1.0e-04 | 0.0391 | 0.9214 | 0.8855 | 0.9077 | 0.0443 | 0.8913 | 0.8564 | 0.8262
0514 | 17:04:57 |  29.3s | 1.0e-04 | 0.0394 | 0.9204 | 0.8868 | 0.9077 | 0.0436 | 0.9065 | 0.8462 | 0.8373
0515 | 17:05:46 |  29.7s | 1.0e-04 | 0.0392 | 0.9210 | 0.8858 | 0.9068 | 0.0443 | 0.8992 | 0.8536 | 0.8419
0516 | 17:06:34 |  39.4s | 1.0e-04 | 0.0387 | 0.9206 | 0.8855 | 0.9051 | 0.0445 | 0.8978 | 0.8591 | 0.8475
0517 | 17:07:34 |  23.6s | 1.0e-04 | 0.0392 | 0.9199 | 0.8813 | 0.8999 | 0.0431 | 0.9025 | 0.8638 | 0.8525
0518 | 17:08:14 |  28.1s | 1.0e-04 | 0.0395 | 0.9198 | 0.8812 | 0.9002 | 0.0425 | 0.9065 | 0.8548 | 0.8486
0519 | 17:08:59 |  28.2s | 1.0e-04 | 0.0387 | 0.9189 | 0.8828 | 0.9005 | 0.0448 | 0.9036 | 0.8620 | 0.8557
0520 | 17:09:47 |  23.5s | 1.0e-04 | 0.0388 | 0.9209 | 0.8816 | 0.9003 | 0.0436 | 0.9090 | 0.8505 | 0.8538
0521 | 17:10:29 |  21.2s | 1.0e-04 | 0.0386 | 0.9222 | 0.8850 | 0.9065 | 0.0420 | 0.9026 | 0.8610 | 0.8537
0522 | 17:11:10 |  22.2s | 1.0e-04 | 0.0391 | 0.9195 | 0.8810 | 0.8989 | 0.0442 | 0.8867 | 0.8724 | 0.8479
0523 | 17:11:51 |  23.2s | 1.0e-04 | 0.0389 | 0.9195 | 0.8814 | 0.8991 | 0.0434 | 0.8941 | 0.8622 | 0.8409
0524 | 17:12:34 |  43.5s | 1.0e-04 | 0.0399 | 0.9190 | 0.8795 | 0.8960 | 0.0413 | 0.9020 | 0.8631 | 0.8559
0525 | 17:13:37 |  21.8s | 1.0e-04 | 0.0414 | 0.9142 | 0.8728 | 0.8839 | 0.0417 | 0.9182 | 0.8519 | 0.8666
0526 | 17:14:17 |  16.8s | 1.0e-04 | 0.0409 | 0.9165 | 0.8784 | 0.8930 | 0.0418 | 0.9058 | 0.8596 | 0.8558
0527 | 17:14:52 |  27.6s | 1.0e-04 | 0.0409 | 0.9157 | 0.8732 | 0.8865 | 0.0421 | 0.8846 | 0.8898 | 0.8707
0528 | 17:15:38 |  21.7s | 1.0e-04 | 0.0409 | 0.9146 | 0.8730 | 0.8853 | 0.0427 | 0.8999 | 0.8696 | 0.8605
0529 | 17:16:20 |  21.3s | 1.0e-04 | 0.0406 | 0.9160 | 0.8740 | 0.8874 | 0.0415 | 0.9054 | 0.8582 | 0.8509
0530 | 17:17:01 |  21.7s | 1.0e-04 | 0.0414 | 0.9149 | 0.8724 | 0.8846 | 0.0425 | 0.9088 | 0.8646 | 0.8669
0531 | 17:17:42 |  22.2s | 1.0e-04 | 0.0410 | 0.9157 | 0.8755 | 0.8896 | 0.0429 | 0.9001 | 0.8653 | 0.8533
0532 | 17:18:23 |  45.8s | 1.0e-04 | 0.0403 | 0.9186 | 0.8812 | 0.8987 | 0.0422 | 0.9103 | 0.8642 | 0.8647
0533 | 17:19:25 |  24.2s | 1.0e-04 | 0.0411 | 0.9194 | 0.8804 | 0.8983 | 0.0422 | 0.9035 | 0.8615 | 0.8570
0534 | 17:20:09 |  21.9s | 1.0e-04 | 0.0403 | 0.9201 | 0.8825 | 0.9021 | 0.0437 | 0.8957 | 0.8665 | 0.8483
0535 | 17:20:49 |  20.2s | 1.0e-04 | 0.0400 | 0.9202 | 0.8834 | 0.9026 | 0.0418 | 0.8987 | 0.8701 | 0.8575
0536 | 17:21:28 |  28.5s | 1.0e-04 | 0.0406 | 0.9180 | 0.8813 | 0.8985 | 0.0421 | 0.9002 | 0.8628 | 0.8560
0537 | 17:22:14 |  21.9s | 1.0e-04 | 0.0407 | 0.9187 | 0.8791 | 0.8962 | 0.0424 | 0.8985 | 0.8754 | 0.8659
0538 | 17:22:52 |  22.3s | 1.0e-04 | 0.0404 | 0.9182 | 0.8800 | 0.8978 | 0.0420 | 0.9031 | 0.8636 | 0.8561
0539 | 17:23:33 |  20.3s | 1.0e-04 | 0.0401 | 0.9189 | 0.8821 | 0.9005 | 0.0423 | 0.8901 | 0.8705 | 0.8496
0540 | 17:24:12 |  40.4s | 1.0e-04 | 0.0396 | 0.9205 | 0.8832 | 0.9029 | 0.0439 | 0.9004 | 0.8607 | 0.8482
0541 | 17:25:09 |  24.5s | 1.0e-04 | 0.0393 | 0.9215 | 0.8827 | 0.9033 | 0.0444 | 0.9048 | 0.8588 | 0.8531
0542 | 17:25:52 |  21.4s | 1.0e-04 | 0.0396 | 0.9194 | 0.8824 | 0.9010 | 0.0429 | 0.9025 | 0.8704 | 0.8646
0543 | 17:26:32 |  20.5s | 1.0e-04 | 0.0389 | 0.9213 | 0.8862 | 0.9077 | 0.0439 | 0.9078 | 0.8496 | 0.8454
0544 | 17:27:11 |  21.9s | 1.0e-04 | 0.0393 | 0.9214 | 0.8870 | 0.9086 | 0.0432 | 0.8932 | 0.8698 | 0.8516
0545 | 17:27:53 |  31.7s | 1.0e-04 | 0.0390 | 0.9210 | 0.8860 | 0.9062 | 0.0430 | 0.9110 | 0.8573 | 0.8573
0546 | 17:28:44 |  22.0s | 1.0e-04 | 0.0396 | 0.9195 | 0.8834 | 0.9032 | 0.0435 | 0.9121 | 0.8575 | 0.8654
0547 | 17:29:25 |  34.5s | 1.0e-04 | 0.0391 | 0.9200 | 0.8847 | 0.9046 | 0.0428 | 0.8916 | 0.8783 | 0.8631
0548 | 17:30:16 |  28.1s | 1.0e-04 | 0.0393 | 0.9202 | 0.8820 | 0.9017 | 0.0423 | 0.9112 | 0.8563 | 0.8600
0549 | 17:31:02 |  25.5s | 1.0e-04 | 0.0388 | 0.9205 | 0.8844 | 0.9054 | 0.0425 | 0.9062 | 0.8578 | 0.8528
0550 | 17:31:46 |  23.4s | 1.0e-04 | 0.0389 | 0.9202 | 0.8835 | 0.9033 | 0.0418 | 0.9060 | 0.8536 | 0.8452
0551 | 17:32:28 |  20.3s | 1.0e-04 | 0.0394 | 0.9202 | 0.8813 | 0.9005 | 0.0429 | 0.9058 | 0.8592 | 0.8537
0552 | 17:33:08 |  22.2s | 1.0e-04 | 0.0391 | 0.9202 | 0.8828 | 0.9025 | 0.0428 | 0.8974 | 0.8524 | 0.8339
0553 | 17:33:47 |  25.9s | 1.0e-04 | 0.0392 | 0.9199 | 0.8843 | 0.9029 | 0.0427 | 0.9100 | 0.8589 | 0.8576
0554 | 17:34:32 |  30.2s | 1.0e-04 | 0.0383 | 0.9203 | 0.8834 | 0.9035 | 0.0431 | 0.8892 | 0.8725 | 0.8439
0555 | 17:35:18 |  37.8s | 1.0e-04 | 0.0393 | 0.9219 | 0.8845 | 0.9060 | 0.0427 | 0.9019 | 0.8574 | 0.8438
0556 | 17:36:16 |  30.9s | 1.0e-04 | 0.0400 | 0.9201 | 0.8849 | 0.9045 | 0.0425 | 0.9035 | 0.8640 | 0.8525
0557 | 17:37:04 |  30.8s | 1.0e-04 | 0.0399 | 0.9203 | 0.8849 | 0.9049 | 0.0430 | 0.8944 | 0.8708 | 0.8572
0558 | 17:37:52 |  29.6s | 1.0e-04 | 0.0401 | 0.9197 | 0.8837 | 0.9026 | 0.0430 | 0.8970 | 0.8730 | 0.8581
0559 | 17:38:40 |  29.7s | 1.0e-04 | 0.0396 | 0.9218 | 0.8853 | 0.9067 | 0.0433 | 0.8985 | 0.8696 | 0.8616
0560 | 17:39:27 |  29.8s | 1.0e-04 | 0.0396 | 0.9213 | 0.8843 | 0.9052 | 0.0423 | 0.9118 | 0.8558 | 0.8569
0561 | 17:40:15 |  20.9s | 1.0e-04 | 0.0394 | 0.9207 | 0.8862 | 0.9062 | 0.0439 | 0.8891 | 0.8746 | 0.8492
0562 | 17:40:55 |  20.7s | 1.0e-04 | 0.0396 | 0.9208 | 0.8860 | 0.9067 | 0.0425 | 0.9101 | 0.8601 | 0.8606
0563 | 17:41:35 |  36.4s | 1.0e-04 | 0.0395 | 0.9218 | 0.8839 | 0.9049 | 0.0429 | 0.9048 | 0.8642 | 0.8553
0564 | 17:42:30 |  22.7s | 1.0e-04 | 0.0391 | 0.9215 | 0.8832 | 0.9037 | 0.0422 | 0.9023 | 0.8656 | 0.8608
0565 | 17:43:12 |  24.0s | 1.0e-04 | 0.0394 | 0.9199 | 0.8835 | 0.9019 | 0.0424 | 0.9100 | 0.8645 | 0.8664
0566 | 17:43:56 |  24.9s | 1.0e-04 | 0.0386 | 0.9207 | 0.8846 | 0.9053 | 0.0428 | 0.9092 | 0.8630 | 0.8682
0567 | 17:44:41 |  26.5s | 1.0e-04 | 0.0389 | 0.9203 | 0.8823 | 0.9006 | 0.0423 | 0.8991 | 0.8693 | 0.8597
0568 | 17:45:25 |  28.9s | 1.0e-04 | 0.0397 | 0.9203 | 0.8820 | 0.9008 | 0.0418 | 0.8998 | 0.8735 | 0.8679
0569 | 17:46:13 |  29.5s | 1.0e-04 | 0.0387 | 0.9193 | 0.8848 | 0.9044 | 0.0427 | 0.9111 | 0.8570 | 0.8665
0570 | 17:47:02 |  31.4s | 1.0e-04 | 0.0386 | 0.9207 | 0.8845 | 0.9051 | 0.0433 | 0.9091 | 0.8636 | 0.8653
0571 | 17:47:52 |  35.2s | 1.0e-04 | 0.0388 | 0.9193 | 0.8817 | 0.9002 | 0.0412 | 0.8949 | 0.8724 | 0.8570
0572 | 17:48:44 |  30.1s | 1.0e-04 | 0.0387 | 0.9207 | 0.8834 | 0.9031 | 0.0415 | 0.9101 | 0.8621 | 0.8637
0573 | 17:49:31 |  29.4s | 1.0e-04 | 0.0388 | 0.9209 | 0.8827 | 0.9021 | 0.0418 | 0.9046 | 0.8726 | 0.8695
0574 | 17:50:16 |  27.9s | 1.0e-04 | 0.0387 | 0.9213 | 0.8834 | 0.9035 | 0.0425 | 0.9009 | 0.8693 | 0.8585
0575 | 17:51:00 |  24.2s | 1.0e-04 | 0.0386 | 0.9204 | 0.8837 | 0.9030 | 0.0413 | 0.8940 | 0.8792 | 0.8689
0576 | 17:51:43 |  20.0s | 1.0e-04 | 0.0386 | 0.9200 | 0.8831 | 0.9030 | 0.0418 | 0.9055 | 0.8682 | 0.8641
0577 | 17:52:21 |  19.2s | 1.0e-04 | 0.0391 | 0.9210 | 0.8811 | 0.9019 | 0.0424 | 0.9141 | 0.8575 | 0.8652
0578 | 17:53:00 |  21.0s | 1.0e-04 | 0.0389 | 0.9211 | 0.8802 | 0.9002 | 0.0426 | 0.8888 | 0.8840 | 0.8676
0579 | 17:53:38 |  37.0s | 1.0e-04 | 0.0384 | 0.9217 | 0.8817 | 0.9022 | 0.0431 | 0.8969 | 0.8740 | 0.8605
0580 | 17:54:35 |  18.1s | 1.0e-04 | 0.0375 | 0.9209 | 0.8823 | 0.9024 | 0.0431 | 0.8996 | 0.8740 | 0.8636
0581 | 17:55:09 |  21.5s | 1.0e-04 | 0.0376 | 0.9211 | 0.8826 | 0.9024 | 0.0430 | 0.9053 | 0.8583 | 0.8542
0582 | 17:55:49 |  21.1s | 1.0e-04 | 0.0378 | 0.9215 | 0.8833 | 0.9034 | 0.0420 | 0.9140 | 0.8584 | 0.8608
0583 | 17:56:30 |  21.9s | 1.0e-04 | 0.0378 | 0.9223 | 0.8847 | 0.9064 | 0.0418 | 0.9083 | 0.8622 | 0.8636
0584 | 17:57:10 |  25.6s | 1.0e-04 | 0.0379 | 0.9219 | 0.8831 | 0.9033 | 0.0434 | 0.9133 | 0.8563 | 0.8621
0585 | 17:57:54 |  28.1s | 1.0e-04 | 0.0380 | 0.9218 | 0.8830 | 0.9037 | 0.0426 | 0.9045 | 0.8664 | 0.8603
0586 | 17:58:41 |  44.4s | 1.0e-04 | 0.0380 | 0.9210 | 0.8828 | 0.9027 | 0.0423 | 0.9087 | 0.8646 | 0.8659
0587 | 17:59:44 |  20.6s | 1.0e-04 | 0.0380 | 0.9215 | 0.8845 | 0.9051 | 0.0416 | 0.9045 | 0.8625 | 0.8571
0588 | 18:00:23 |  31.3s | 1.0e-04 | 0.0384 | 0.9215 | 0.8841 | 0.9048 | 0.0424 | 0.9059 | 0.8498 | 0.8429
0589 | 18:01:13 |  23.2s | 1.0e-04 | 0.0383 | 0.9206 | 0.8848 | 0.9044 | 0.0434 | 0.8977 | 0.8657 | 0.8506
0590 | 18:01:54 |  25.5s | 1.0e-04 | 0.0382 | 0.9217 | 0.8836 | 0.9049 | 0.0415 | 0.9022 | 0.8708 | 0.8641
0591 | 18:02:37 |  21.9s | 1.0e-04 | 0.0379 | 0.9227 | 0.8834 | 0.9051 | 0.0429 | 0.9022 | 0.8622 | 0.8515
0592 | 18:03:19 |  20.5s | 1.0e-04 | 0.0383 | 0.9219 | 0.8828 | 0.9044 | 0.0428 | 0.8964 | 0.8760 | 0.8625
0593 | 18:03:59 |  23.2s | 1.0e-04 | 0.0378 | 0.9222 | 0.8864 | 0.9087 | 0.0426 | 0.8979 | 0.8691 | 0.8561
0594 | 18:04:41 |  43.2s | 1.0e-04 | 0.0383 | 0.9217 | 0.8836 | 0.9045 | 0.0421 | 0.9096 | 0.8598 | 0.8599
0595 | 18:05:43 |  20.5s | 1.0e-04 | 0.0373 | 0.9230 | 0.8877 | 0.9112 | 0.0430 | 0.9080 | 0.8535 | 0.8522
0596 | 18:06:19 |  25.6s | 1.0e-04 | 0.0372 | 0.9237 | 0.8866 | 0.9095 | 0.0437 | 0.9155 | 0.8449 | 0.8465
0597 | 18:07:03 |  29.0s | 1.0e-04 | 0.0375 | 0.9228 | 0.8859 | 0.9088 | 0.0418 | 0.9016 | 0.8655 | 0.8566
0598 | 18:07:52 |  29.8s | 1.0e-04 | 0.0373 | 0.9224 | 0.8875 | 0.9099 | 0.0423 | 0.9021 | 0.8626 | 0.8525
0599 | 18:08:40 |  30.5s | 1.0e-04 | 0.0376 | 0.9226 | 0.8859 | 0.9073 | 0.0428 | 0.8942 | 0.8691 | 0.8555
0600 | 18:09:30 |  30.6s | 1.0e-04 | 0.0373 | 0.9227 | 0.8883 | 0.9110 | 0.0416 | 0.9110 | 0.8609 | 0.8641
0601 | 18:10:20 |  30.9s | 1.0e-04 | 0.0372 | 0.9242 | 0.8871 | 0.9114 | 0.0420 | 0.9021 | 0.8623 | 0.8546
0602 | 18:11:09 |  37.0s | 1.0e-04 | 0.0384 | 0.9231 | 0.8866 | 0.9091 | 0.0426 | 0.8943 | 0.8679 | 0.8507
0603 | 18:12:05 |  25.2s | 1.0e-04 | 0.0400 | 0.9213 | 0.8868 | 0.9078 | 0.0428 | 0.9071 | 0.8570 | 0.8511
0604 | 18:12:48 |  22.7s | 1.0e-04 | 0.0399 | 0.9208 | 0.8844 | 0.9053 | 0.0421 | 0.9006 | 0.8760 | 0.8701
0605 | 18:13:29 |  29.6s | 1.0e-04 | 0.0403 | 0.9195 | 0.8850 | 0.9045 | 0.0421 | 0.9064 | 0.8638 | 0.8574
0606 | 18:14:14 |  20.6s | 1.0e-04 | 0.0403 | 0.9208 | 0.8854 | 0.9062 | 0.0415 | 0.9054 | 0.8638 | 0.8601
0607 | 18:14:54 |  23.6s | 1.0e-04 | 0.0409 | 0.9204 | 0.8854 | 0.9059 | 0.0418 | 0.8966 | 0.8820 | 0.8713
0608 | 18:15:37 |  22.7s | 1.0e-04 | 0.0403 | 0.9201 | 0.8863 | 0.9061 | 0.0427 | 0.9035 | 0.8748 | 0.8705
0609 | 18:16:19 |  24.4s | 1.0e-04 | 0.0405 | 0.9199 | 0.8849 | 0.9044 | 0.0408 | 0.9069 | 0.8646 | 0.8585
0610 | 18:17:03 |  43.1s | 1.0e-04 | 0.0386 | 0.9210 | 0.8815 | 0.9019 | 0.0416 | 0.9151 | 0.8667 | 0.8779
0611 | 18:18:05 |  22.1s | 1.0e-04 | 0.0371 | 0.9225 | 0.8832 | 0.9056 | 0.0410 | 0.9031 | 0.8699 | 0.8643
0612 | 18:18:48 |  20.9s | 1.0e-04 | 0.0369 | 0.9217 | 0.8832 | 0.9056 | 0.0422 | 0.9057 | 0.8618 | 0.8610
0613 | 18:19:26 |  30.1s | 1.0e-04 | 0.0375 | 0.9216 | 0.8818 | 0.9019 | 0.0428 | 0.9017 | 0.8604 | 0.8517
0614 | 18:20:14 |  24.5s | 1.0e-04 | 0.0372 | 0.9209 | 0.8823 | 0.9018 | 0.0426 | 0.9119 | 0.8571 | 0.8617
0615 | 18:20:55 |  25.0s | 1.0e-04 | 0.0375 | 0.9218 | 0.8820 | 0.9033 | 0.0424 | 0.9083 | 0.8618 | 0.8623
0616 | 18:21:38 |  17.7s | 1.0e-04 | 0.0371 | 0.9218 | 0.8817 | 0.9027 | 0.0417 | 0.9064 | 0.8652 | 0.8613
0617 | 18:22:15 |  23.5s | 1.0e-04 | 0.0378 | 0.9216 | 0.8819 | 0.9026 | 0.0420 | 0.9110 | 0.8576 | 0.8600
0618 | 18:22:58 |  38.6s | 1.0e-04 | 0.0391 | 0.9207 | 0.8843 | 0.9048 | 0.0424 | 0.8981 | 0.8754 | 0.8683
0619 | 18:23:55 |  17.7s | 1.0e-04 | 0.0394 | 0.9226 | 0.8848 | 0.9078 | 0.0423 | 0.8876 | 0.8750 | 0.8527
0620 | 18:24:32 |  22.2s | 1.0e-04 | 0.0394 | 0.9211 | 0.8855 | 0.9063 | 0.0411 | 0.9188 | 0.8640 | 0.8804
0621 | 18:25:13 |  20.7s | 1.0e-04 | 0.0393 | 0.9212 | 0.8849 | 0.9065 | 0.0412 | 0.9011 | 0.8718 | 0.8639
0622 | 18:25:51 |  30.3s | 1.0e-04 | 0.0394 | 0.9217 | 0.8843 | 0.9051 | 0.0413 | 0.9040 | 0.8642 | 0.8536
0623 | 18:26:40 |  22.8s | 1.0e-04 | 0.0394 | 0.9208 | 0.8868 | 0.9078 | 0.0420 | 0.9050 | 0.8699 | 0.8681
0624 | 18:27:21 |  19.9s | 1.0e-04 | 0.0396 | 0.9209 | 0.8853 | 0.9060 | 0.0414 | 0.9086 | 0.8750 | 0.8774
0625 | 18:28:01 |  22.0s | 1.0e-04 | 0.0394 | 0.9221 | 0.8865 | 0.9081 | 0.0421 | 0.9014 | 0.8716 | 0.8664
0626 | 18:28:45 |  21.8s | 1.0e-04 | 0.0399 | 0.9206 | 0.8878 | 0.9092 | 0.0412 | 0.9114 | 0.8687 | 0.8756
0627 | 18:29:25 |  26.2s | 1.0e-04 | 0.0398 | 0.9210 | 0.8862 | 0.9073 | 0.0421 | 0.9088 | 0.8601 | 0.8574
0628 | 18:30:10 |  27.7s | 1.0e-04 | 0.0397 | 0.9220 | 0.8859 | 0.9072 | 0.0412 | 0.9062 | 0.8742 | 0.8738
0629 | 18:30:56 |  29.7s | 1.0e-04 | 0.0400 | 0.9222 | 0.8876 | 0.9095 | 0.0422 | 0.9124 | 0.8595 | 0.8646
0630 | 18:31:44 |  23.9s | 1.0e-04 | 0.0403 | 0.9209 | 0.8856 | 0.9055 | 0.0414 | 0.9103 | 0.8654 | 0.8685
0631 | 18:32:26 |  22.5s | 1.0e-04 | 0.0398 | 0.9210 | 0.8857 | 0.9070 | 0.0420 | 0.8946 | 0.8754 | 0.8622
0632 | 18:33:07 |  19.5s | 1.0e-04 | 0.0395 | 0.9212 | 0.8887 | 0.9101 | 0.0416 | 0.9085 | 0.8705 | 0.8696
0633 | 18:33:42 |  43.5s | 1.0e-04 | 0.0401 | 0.9213 | 0.8849 | 0.9059 | 0.0414 | 0.9207 | 0.8488 | 0.8629
0634 | 18:34:44 |  23.8s | 1.0e-04 | 0.0397 | 0.9212 | 0.8823 | 0.9030 | 0.0413 | 0.8970 | 0.8736 | 0.8610
0635 | 18:35:27 |  24.3s | 1.0e-04 | 0.0392 | 0.9217 | 0.8857 | 0.9070 | 0.0409 | 0.9054 | 0.8730 | 0.8676
0636 | 18:36:11 |  26.1s | 1.0e-04 | 0.0396 | 0.9209 | 0.8836 | 0.9044 | 0.0418 | 0.8968 | 0.8808 | 0.8706
0637 | 18:36:56 |  27.3s | 1.0e-04 | 0.0394 | 0.9218 | 0.8853 | 0.9076 | 0.0420 | 0.9063 | 0.8611 | 0.8566
0638 | 18:37:42 |  29.9s | 1.0e-04 | 0.0392 | 0.9209 | 0.8849 | 0.9044 | 0.0414 | 0.9178 | 0.8522 | 0.8623
0639 | 18:38:30 |  21.7s | 1.0e-04 | 0.0393 | 0.9210 | 0.8838 | 0.9046 | 0.0413 | 0.9079 | 0.8664 | 0.8683
0640 | 18:39:08 |  22.3s | 1.0e-04 | 0.0395 | 0.9219 | 0.8844 | 0.9062 | 0.0407 | 0.9021 | 0.8645 | 0.8522
0641 | 18:39:49 |  30.5s | 1.0e-04 | 0.0389 | 0.9217 | 0.8845 | 0.9054 | 0.0415 | 0.9005 | 0.8658 | 0.8529
0642 | 18:40:39 |  21.0s | 1.0e-04 | 0.0386 | 0.9217 | 0.8850 | 0.9064 | 0.0409 | 0.9161 | 0.8627 | 0.8754
0643 | 18:41:19 |  24.5s | 1.0e-04 | 0.0384 | 0.9230 | 0.8856 | 0.9084 | 0.0421 | 0.8885 | 0.8874 | 0.8713
0644 | 18:42:02 |  25.6s | 1.0e-04 | 0.0384 | 0.9225 | 0.8857 | 0.9078 | 0.0419 | 0.9166 | 0.8654 | 0.8779
0645 | 18:42:48 |  25.9s | 1.0e-04 | 0.0385 | 0.9225 | 0.8840 | 0.9063 | 0.0426 | 0.8948 | 0.8779 | 0.8654
0646 | 18:43:33 |  26.4s | 1.0e-04 | 0.0383 | 0.9227 | 0.8842 | 0.9062 | 0.0419 | 0.9206 | 0.8572 | 0.8722
0647 | 18:44:18 |  29.9s | 1.0e-04 | 0.0383 | 0.9227 | 0.8878 | 0.9104 | 0.0421 | 0.9017 | 0.8720 | 0.8654
0648 | 18:45:06 |  19.2s | 1.0e-04 | 0.0388 | 0.9225 | 0.8839 | 0.9052 | 0.0408 | 0.9033 | 0.8754 | 0.8723
0649 | 18:45:44 |  39.8s | 1.0e-04 | 0.0385 | 0.9218 | 0.8860 | 0.9077 | 0.0424 | 0.9089 | 0.8595 | 0.8581
0650 | 18:46:41 |  19.5s | 1.0e-04 | 0.0383 | 0.9223 | 0.8851 | 0.9076 | 0.0412 | 0.9044 | 0.8750 | 0.8714
0651 | 18:47:20 |  21.7s | 1.0e-04 | 0.0381 | 0.9225 | 0.8875 | 0.9103 | 0.0426 | 0.8992 | 0.8729 | 0.8575
0652 | 18:47:59 |  23.0s | 1.0e-04 | 0.0380 | 0.9223 | 0.8858 | 0.9073 | 0.0417 | 0.9055 | 0.8660 | 0.8633
0653 | 18:48:41 |  24.3s | 1.0e-04 | 0.0388 | 0.9226 | 0.8850 | 0.9060 | 0.0403 | 0.9015 | 0.8677 | 0.8587
0654 | 18:49:24 |  28.1s | 1.0e-04 | 0.0386 | 0.9234 | 0.8852 | 0.9080 | 0.0417 | 0.9084 | 0.8665 | 0.8628
0655 | 18:50:10 |  29.7s | 1.0e-04 | 0.0386 | 0.9230 | 0.8842 | 0.9060 | 0.0416 | 0.9036 | 0.8661 | 0.8596
0656 | 18:50:58 |  30.3s | 1.0e-04 | 0.0381 | 0.9228 | 0.8861 | 0.9094 | 0.0414 | 0.9043 | 0.8654 | 0.8590
0657 | 18:51:48 |  45.0s | 1.0e-04 | 0.0392 | 0.9227 | 0.8872 | 0.9086 | 0.0400 | 0.9093 | 0.8718 | 0.8723
0658 | 18:52:52 |  26.2s | 1.0e-04 | 0.0404 | 0.9208 | 0.8847 | 0.9053 | 0.0419 | 0.8964 | 0.8772 | 0.8657
0659 | 18:53:35 |  24.6s | 1.0e-04 | 0.0403 | 0.9217 | 0.8853 | 0.9072 | 0.0407 | 0.8983 | 0.8724 | 0.8611
0660 | 18:54:19 |  21.4s | 1.0e-04 | 0.0398 | 0.9219 | 0.8864 | 0.9090 | 0.0408 | 0.9054 | 0.8728 | 0.8703
0661 | 18:54:59 |  19.8s | 1.0e-04 | 0.0403 | 0.9219 | 0.8881 | 0.9101 | 0.0402 | 0.9068 | 0.8721 | 0.8747
0662 | 18:55:37 |  23.3s | 1.0e-04 | 0.0399 | 0.9214 | 0.8860 | 0.9071 | 0.0412 | 0.9079 | 0.8731 | 0.8750
0663 | 18:56:20 |  25.4s | 1.0e-04 | 0.0398 | 0.9210 | 0.8848 | 0.9064 | 0.0399 | 0.9165 | 0.8677 | 0.8776
0664 | 18:57:05 |  25.4s | 1.0e-04 | 0.0397 | 0.9227 | 0.8870 | 0.9099 | 0.0393 | 0.9112 | 0.8723 | 0.8779
0665 | 18:57:50 |  31.6s | 1.0e-04 | 0.0393 | 0.9222 | 0.8865 | 0.9095 | 0.0418 | 0.8961 | 0.8800 | 0.8667
0666 | 18:58:40 |  29.4s | 1.0e-04 | 0.0391 | 0.9222 | 0.8860 | 0.9073 | 0.0421 | 0.8758 | 0.8962 | 0.8699
0667 | 18:59:28 |  21.4s | 1.0e-04 | 0.0394 | 0.9216 | 0.8859 | 0.9067 | 0.0411 | 0.9077 | 0.8725 | 0.8747
0668 | 19:00:07 |  25.1s | 1.0e-04 | 0.0383 | 0.9226 | 0.8876 | 0.9104 | 0.0417 | 0.8965 | 0.8746 | 0.8631
0669 | 19:00:50 |  21.3s | 1.0e-04 | 0.0393 | 0.9210 | 0.8856 | 0.9067 | 0.0414 | 0.9002 | 0.8764 | 0.8688
0670 | 19:01:30 |  19.5s | 1.0e-04 | 0.0385 | 0.9227 | 0.8868 | 0.9097 | 0.0412 | 0.9110 | 0.8614 | 0.8651
0671 | 19:02:08 |  22.9s | 1.0e-04 | 0.0394 | 0.9208 | 0.8853 | 0.9057 | 0.0405 | 0.9027 | 0.8746 | 0.8706
0672 | 19:02:49 |  41.3s | 1.0e-04 | 0.0390 | 0.9207 | 0.8855 | 0.9057 | 0.0411 | 0.9059 | 0.8697 | 0.8648
0673 | 19:03:48 |  21.2s | 1.0e-04 | 0.0390 | 0.9232 | 0.8896 | 0.9131 | 0.0413 | 0.9044 | 0.8700 | 0.8667
0674 | 19:04:28 |  19.8s | 1.0e-04 | 0.0395 | 0.9226 | 0.8886 | 0.9107 | 0.0416 | 0.9033 | 0.8758 | 0.8726
0675 | 19:05:06 |  29.9s | 1.0e-04 | 0.0388 | 0.9241 | 0.8894 | 0.9135 | 0.0425 | 0.9013 | 0.8743 | 0.8661
0676 | 19:05:54 |  19.9s | 1.0e-04 | 0.0389 | 0.9240 | 0.8901 | 0.9152 | 0.0417 | 0.9223 | 0.8488 | 0.8653
0677 | 19:06:31 |  22.0s | 1.0e-04 | 0.0390 | 0.9244 | 0.8895 | 0.9142 | 0.0413 | 0.9118 | 0.8635 | 0.8669
0678 | 19:07:12 |  19.5s | 1.0e-04 | 0.0391 | 0.9239 | 0.8887 | 0.9130 | 0.0414 | 0.9123 | 0.8669 | 0.8720
0679 | 19:07:52 |  20.0s | 1.0e-04 | 0.0390 | 0.9227 | 0.8877 | 0.9108 | 0.0405 | 0.8990 | 0.8767 | 0.8667
0680 | 19:08:31 |  43.7s | 1.0e-04 | 0.0386 | 0.9240 | 0.8904 | 0.9141 | 0.0400 | 0.9096 | 0.8601 | 0.8617
0681 | 19:09:34 |  21.7s | 1.0e-04 | 0.0382 | 0.9239 | 0.8890 | 0.9134 | 0.0405 | 0.9014 | 0.8762 | 0.8684
0682 | 19:10:14 |  23.2s | 1.0e-04 | 0.0388 | 0.9226 | 0.8862 | 0.9089 | 0.0398 | 0.9111 | 0.8709 | 0.8785
0683 | 19:10:56 |  20.8s | 1.0e-04 | 0.0385 | 0.9232 | 0.8888 | 0.9120 | 0.0405 | 0.9048 | 0.8645 | 0.8591
0684 | 19:11:36 |  31.0s | 1.0e-04 | 0.0387 | 0.9229 | 0.8886 | 0.9120 | 0.0413 | 0.8995 | 0.8747 | 0.8630
0685 | 19:12:26 |  18.3s | 1.0e-04 | 0.0388 | 0.9231 | 0.8896 | 0.9125 | 0.0420 | 0.8949 | 0.8775 | 0.8638
0686 | 19:13:03 |  30.4s | 1.0e-04 | 0.0383 | 0.9238 | 0.8899 | 0.9130 | 0.0417 | 0.9115 | 0.8602 | 0.8575
0687 | 19:13:52 |  19.8s | 1.0e-04 | 0.0377 | 0.9241 | 0.8871 | 0.9116 | 0.0417 | 0.9061 | 0.8771 | 0.8788
0688 | 19:14:30 |  38.6s | 1.0e-04 | 0.0379 | 0.9252 | 0.8889 | 0.9135 | 0.0416 | 0.9106 | 0.8697 | 0.8740
0689 | 19:15:27 |  24.3s | 1.0e-04 | 0.0373 | 0.9261 | 0.8913 | 0.9177 | 0.0410 | 0.9143 | 0.8601 | 0.8663
0690 | 19:16:10 |  19.7s | 1.0e-04 | 0.0377 | 0.9250 | 0.8893 | 0.9144 | 0.0416 | 0.9055 | 0.8655 | 0.8619
0691 | 19:16:48 |  21.2s | 1.0e-04 | 0.0379 | 0.9239 | 0.8887 | 0.9121 | 0.0410 | 0.9027 | 0.8731 | 0.8697
0692 | 19:17:27 |  23.2s | 1.0e-04 | 0.0371 | 0.9249 | 0.8899 | 0.9157 | 0.0401 | 0.9091 | 0.8626 | 0.8588
0693 | 19:18:06 |  29.9s | 1.0e-04 | 0.0372 | 0.9255 | 0.8908 | 0.9163 | 0.0409 | 0.9092 | 0.8696 | 0.8738
0694 | 19:18:51 |  29.4s | 1.0e-04 | 0.0380 | 0.9245 | 0.8899 | 0.9146 | 0.0411 | 0.9047 | 0.8764 | 0.8735
0695 | 19:19:39 |  20.4s | 1.0e-04 | 0.0380 | 0.9247 | 0.8913 | 0.9167 | 0.0413 | 0.8933 | 0.8744 | 0.8584
0696 | 19:20:19 |  44.4s | 1.0e-04 | 0.0378 | 0.9252 | 0.8905 | 0.9159 | 0.0414 | 0.9109 | 0.8629 | 0.8719
0697 | 19:21:19 |  24.9s | 1.0e-04 | 0.0375 | 0.9242 | 0.8899 | 0.9140 | 0.0412 | 0.9121 | 0.8736 | 0.8822
0698 | 19:22:01 |  21.5s | 1.0e-04 | 0.0377 | 0.9243 | 0.8888 | 0.9129 | 0.0414 | 0.9125 | 0.8538 | 0.8551
0699 | 19:22:42 |  20.8s | 1.0e-04 | 0.0380 | 0.9247 | 0.8884 | 0.9127 | 0.0420 | 0.9092 | 0.8716 | 0.8753
0700 | 19:23:21 |  22.7s | 1.0e-04 | 0.0380 | 0.9236 | 0.8883 | 0.9127 | 0.0410 | 0.9097 | 0.8621 | 0.8613
0701 | 19:23:58 |  26.9s | 1.0e-04 | 0.0382 | 0.9234 | 0.8873 | 0.9105 | 0.0415 | 0.9069 | 0.8712 | 0.8751
0702 | 19:24:42 |  30.7s | 1.0e-04 | 0.0380 | 0.9244 | 0.8882 | 0.9129 | 0.0409 | 0.9053 | 0.8686 | 0.8618
0703 | 19:25:28 |  25.6s | 1.0e-04 | 0.0374 | 0.9245 | 0.8900 | 0.9144 | 0.0414 | 0.9124 | 0.8724 | 0.8781
0704 | 19:26:12 |  43.4s | 1.0e-04 | 0.0378 | 0.9242 | 0.8892 | 0.9138 | 0.0405 | 0.9170 | 0.8673 | 0.8800
0705 | 19:27:12 |  30.2s | 1.0e-04 | 0.0378 | 0.9237 | 0.8876 | 0.9124 | 0.0404 | 0.9044 | 0.8781 | 0.8754
0706 | 19:28:00 |  28.6s | 1.0e-04 | 0.0378 | 0.9229 | 0.8874 | 0.9110 | 0.0407 | 0.9089 | 0.8707 | 0.8692
0707 | 19:28:45 |  25.5s | 1.0e-04 | 0.0379 | 0.9240 | 0.8883 | 0.9123 | 0.0404 | 0.9055 | 0.8678 | 0.8649
0708 | 19:29:28 |  21.4s | 1.0e-04 | 0.0382 | 0.9240 | 0.8857 | 0.9094 | 0.0418 | 0.9113 | 0.8687 | 0.8761
0709 | 19:30:08 |  17.6s | 1.0e-04 | 0.0378 | 0.9235 | 0.8862 | 0.9098 | 0.0411 | 0.8988 | 0.8747 | 0.8635
0710 | 19:30:45 |  33.4s | 1.0e-04 | 0.0378 | 0.9243 | 0.8876 | 0.9129 | 0.0416 | 0.8839 | 0.8794 | 0.8537
0711 | 19:31:35 |  36.0s | 1.0e-04 | 0.0376 | 0.9234 | 0.8888 | 0.9119 | 0.0414 | 0.9009 | 0.8753 | 0.8652
0712 | 19:32:29 |  17.9s | 1.0e-04 | 0.0384 | 0.9253 | 0.8910 | 0.9156 | 0.0410 | 0.9047 | 0.8694 | 0.8640
0713 | 19:33:06 |  24.1s | 1.0e-04 | 0.0389 | 0.9218 | 0.8884 | 0.9108 | 0.0403 | 0.9135 | 0.8601 | 0.8649
0714 | 19:33:49 |  27.1s | 1.0e-04 | 0.0387 | 0.9233 | 0.8897 | 0.9128 | 0.0419 | 0.8939 | 0.8813 | 0.8689
0715 | 19:34:34 |  29.1s | 1.0e-04 | 0.0385 | 0.9231 | 0.8886 | 0.9120 | 0.0405 | 0.9114 | 0.8704 | 0.8797
0716 | 19:35:21 |  31.2s | 1.0e-04 | 0.0386 | 0.9224 | 0.8875 | 0.9101 | 0.0413 | 0.9029 | 0.8764 | 0.8705
0717 | 19:36:12 |  28.2s | 1.0e-04 | 0.0386 | 0.9231 | 0.8886 | 0.9118 | 0.0406 | 0.9026 | 0.8695 | 0.8621
0718 | 19:36:57 |  38.8s | 1.0e-04 | 0.0385 | 0.9236 | 0.8897 | 0.9139 | 0.0400 | 0.9049 | 0.8768 | 0.8744
0719 | 19:37:53 |  39.0s | 1.0e-04 | 0.0388 | 0.9234 | 0.8874 | 0.9107 | 0.0404 | 0.9046 | 0.8695 | 0.8654
0720 | 19:38:51 |  31.4s | 1.0e-04 | 0.0379 | 0.9228 | 0.8884 | 0.9111 | 0.0419 | 0.9059 | 0.8719 | 0.8685
0721 | 19:39:42 |  31.1s | 1.0e-04 | 0.0378 | 0.9234 | 0.8890 | 0.9129 | 0.0409 | 0.9116 | 0.8695 | 0.8742
0722 | 19:40:33 |  30.8s | 1.0e-04 | 0.0379 | 0.9243 | 0.8865 | 0.9105 | 0.0403 | 0.8920 | 0.8834 | 0.8678
0723 | 19:41:22 |  30.5s | 1.0e-04 | 0.0378 | 0.9242 | 0.8893 | 0.9139 | 0.0416 | 0.9019 | 0.8744 | 0.8698
0724 | 19:42:10 |  29.6s | 1.0e-04 | 0.0379 | 0.9237 | 0.8887 | 0.9128 | 0.0412 | 0.8971 | 0.8805 | 0.8705
0725 | 19:42:56 |  28.5s | 1.0e-04 | 0.0382 | 0.9234 | 0.8876 | 0.9110 | 0.0421 | 0.9024 | 0.8697 | 0.8634
0726 | 19:43:41 |  21.7s | 1.0e-04 | 0.0380 | 0.9228 | 0.8855 | 0.9086 | 0.0419 | 0.9226 | 0.8451 | 0.8627
0727 | 19:44:23 |  39.8s | 1.0e-04 | 0.0367 | 0.9239 | 0.8879 | 0.9119 | 0.0404 | 0.9032 | 0.8764 | 0.8760
0728 | 19:45:21 |  23.6s | 1.0e-04 | 0.0368 | 0.9264 | 0.8917 | 0.9183 | 0.0430 | 0.8973 | 0.8795 | 0.8709
0729 | 19:46:04 |  26.4s | 1.0e-04 | 0.0377 | 0.9253 | 0.8890 | 0.9146 | 0.0422 | 0.9057 | 0.8648 | 0.8622
0730 | 19:46:50 |  26.9s | 1.0e-04 | 0.0371 | 0.9246 | 0.8907 | 0.9153 | 0.0416 | 0.9046 | 0.8742 | 0.8728
0731 | 19:47:35 |  29.7s | 1.0e-04 | 0.0375 | 0.9234 | 0.8877 | 0.9107 | 0.0410 | 0.9130 | 0.8728 | 0.8811
0732 | 19:48:23 |  31.8s | 1.0e-04 | 0.0374 | 0.9255 | 0.8911 | 0.9169 | 0.0405 | 0.9136 | 0.8701 | 0.8779
0733 | 19:49:14 |  39.0s | 1.0e-04 | 0.0368 | 0.9264 | 0.8897 | 0.9160 | 0.0410 | 0.9162 | 0.8682 | 0.8767
0734 | 19:50:12 |  28.1s | 1.0e-04 | 0.0374 | 0.9253 | 0.8899 | 0.9156 | 0.0409 | 0.9061 | 0.8683 | 0.8636
0735 | 19:50:58 |  34.2s | 1.0e-04 | 0.0381 | 0.9253 | 0.8885 | 0.9138 | 0.0412 | 0.9025 | 0.8691 | 0.8635
0736 | 19:51:51 |  25.9s | 1.0e-04 | 0.0383 | 0.9243 | 0.8901 | 0.9146 | 0.0408 | 0.9077 | 0.8785 | 0.8788
0737 | 19:52:34 |  29.9s | 1.0e-04 | 0.0383 | 0.9237 | 0.8899 | 0.9141 | 0.0420 | 0.9145 | 0.8533 | 0.8622
0738 | 19:53:23 |  31.0s | 1.0e-04 | 0.0387 | 0.9234 | 0.8883 | 0.9112 | 0.0398 | 0.9041 | 0.8682 | 0.8597
0739 | 19:54:14 |  30.9s | 1.0e-04 | 0.0381 | 0.9243 | 0.8905 | 0.9155 | 0.0399 | 0.9125 | 0.8700 | 0.8765
0740 | 19:55:03 |  30.2s | 1.0e-04 | 0.0383 | 0.9225 | 0.8886 | 0.9106 | 0.0415 | 0.9142 | 0.8613 | 0.8687
0741 | 19:55:52 |  34.8s | 1.0e-04 | 0.0387 | 0.9240 | 0.8892 | 0.9128 | 0.0419 | 0.9129 | 0.8659 | 0.8695
0742 | 19:56:44 |  31.2s | 1.0e-04 | 0.0387 | 0.9242 | 0.8881 | 0.9121 | 0.0413 | 0.8979 | 0.8849 | 0.8777
0743 | 19:57:33 |  32.2s | 1.0e-04 | 0.0388 | 0.9232 | 0.8894 | 0.9124 | 0.0404 | 0.9242 | 0.8614 | 0.8763
0744 | 19:58:22 |  25.8s | 1.0e-04 | 0.0386 | 0.9238 | 0.8904 | 0.9152 | 0.0409 | 0.9140 | 0.8596 | 0.8632
0745 | 19:59:04 |  22.7s | 1.0e-04 | 0.0386 | 0.9239 | 0.8908 | 0.9151 | 0.0413 | 0.9196 | 0.8641 | 0.8803
0746 | 19:59:45 |  21.7s | 1.0e-04 | 0.0383 | 0.9241 | 0.8888 | 0.9128 | 0.0405 | 0.9086 | 0.8716 | 0.8734
0747 | 20:00:26 |  21.6s | 1.0e-04 | 0.0383 | 0.9244 | 0.8904 | 0.9146 | 0.0414 | 0.9091 | 0.8696 | 0.8716
0748 | 20:01:07 |  25.5s | 1.0e-04 | 0.0382 | 0.9248 | 0.8920 | 0.9171 | 0.0417 | 0.8999 | 0.8697 | 0.8618
0749 | 20:01:52 |  31.8s | 1.0e-04 | 0.0384 | 0.9247 | 0.8905 | 0.9155 | 0.0405 | 0.9113 | 0.8639 | 0.8654
0750 | 20:02:44 |  37.9s | 1.0e-04 | 0.0383 | 0.9250 | 0.8887 | 0.9144 | 0.0402 | 0.9090 | 0.8764 | 0.8818
0751 | 20:03:41 |  26.7s | 1.0e-04 | 0.0378 | 0.9236 | 0.8882 | 0.9123 | 0.0403 | 0.9162 | 0.8693 | 0.8807
0752 | 20:04:27 |  22.0s | 1.0e-04 | 0.0375 | 0.9254 | 0.8894 | 0.9148 | 0.0415 | 0.9142 | 0.8611 | 0.8638
0753 | 20:05:04 |  24.6s | 1.0e-04 | 0.0377 | 0.9238 | 0.8881 | 0.9116 | 0.0410 | 0.9079 | 0.8670 | 0.8693
0754 | 20:05:46 |  22.3s | 1.0e-04 | 0.0376 | 0.9239 | 0.8885 | 0.9131 | 0.0409 | 0.9190 | 0.8560 | 0.8710
0755 | 20:06:29 |  21.2s | 1.0e-04 | 0.0382 | 0.9243 | 0.8887 | 0.9136 | 0.0410 | 0.8994 | 0.8844 | 0.8780
0756 | 20:07:10 |  22.0s | 1.0e-04 | 0.0378 | 0.9250 | 0.8894 | 0.9148 | 0.0413 | 0.9127 | 0.8682 | 0.8732
0757 | 20:07:50 |  36.6s | 1.0e-04 | 0.0383 | 0.9255 | 0.8919 | 0.9176 | 0.0414 | 0.9007 | 0.8702 | 0.8620
0758 | 20:08:46 |  44.6s | 1.0e-04 | 0.0384 | 0.9263 | 0.8931 | 0.9196 | 0.0411 | 0.8965 | 0.8755 | 0.8643
0759 | 20:09:48 |  22.9s | 1.0e-04 | 0.0389 | 0.9238 | 0.8924 | 0.9174 | 0.0406 | 0.9160 | 0.8744 | 0.8887
0760 | 20:10:30 |  21.2s | 1.0e-04 | 0.0380 | 0.9273 | 0.8944 | 0.9221 | 0.0403 | 0.9062 | 0.8769 | 0.8756
0761 | 20:11:05 |  23.8s | 1.0e-04 | 0.0385 | 0.9260 | 0.8944 | 0.9211 | 0.0412 | 0.8952 | 0.8751 | 0.8612
0762 | 20:11:49 |  31.3s | 1.0e-04 | 0.0381 | 0.9257 | 0.8937 | 0.9198 | 0.0400 | 0.9054 | 0.8790 | 0.8775
0763 | 20:12:38 |  30.3s | 1.0e-04 | 0.0384 | 0.9263 | 0.8928 | 0.9195 | 0.0413 | 0.9094 | 0.8691 | 0.8682
0764 | 20:13:27 |  30.4s | 1.0e-04 | 0.0385 | 0.9250 | 0.8930 | 0.9182 | 0.0405 | 0.9116 | 0.8696 | 0.8779
0765 | 20:14:15 |  36.6s | 1.0e-04 | 0.0379 | 0.9245 | 0.8902 | 0.9153 | 0.0406 | 0.9033 | 0.8729 | 0.8710
0766 | 20:15:11 |  45.3s | 1.0e-04 | 0.0376 | 0.9235 | 0.8846 | 0.9077 | 0.0405 | 0.9201 | 0.8547 | 0.8675
0767 | 20:16:13 |  20.7s | 1.0e-04 | 0.0367 | 0.9252 | 0.8883 | 0.9135 | 0.0403 | 0.9076 | 0.8619 | 0.8607
0768 | 20:16:52 |  30.2s | 1.0e-04 | 0.0366 | 0.9245 | 0.8866 | 0.9112 | 0.0400 | 0.9043 | 0.8750 | 0.8709
0769 | 20:17:42 |  20.1s | 1.0e-04 | 0.0367 | 0.9238 | 0.8864 | 0.9104 | 0.0408 | 0.9137 | 0.8613 | 0.8673
0770 | 20:18:20 |  22.5s | 1.0e-04 | 0.0372 | 0.9239 | 0.8845 | 0.9081 | 0.0414 | 0.9168 | 0.8574 | 0.8684
0771 | 20:19:02 |  21.0s | 1.0e-04 | 0.0369 | 0.9233 | 0.8861 | 0.9089 | 0.0407 | 0.9058 | 0.8749 | 0.8736
0772 | 20:19:41 |  31.0s | 1.0e-04 | 0.0365 | 0.9245 | 0.8876 | 0.9116 | 0.0403 | 0.9099 | 0.8645 | 0.8690
0773 | 20:20:31 |  29.1s | 1.0e-04 | 0.0373 | 0.9243 | 0.8877 | 0.9121 | 0.0406 | 0.9115 | 0.8677 | 0.8750
0774 | 20:21:16 |  34.7s | 1.0e-04 | 0.0374 | 0.9244 | 0.8864 | 0.9099 | 0.0394 | 0.9139 | 0.8762 | 0.8859
0775 | 20:22:07 |  26.2s | 1.0e-04 | 0.0372 | 0.9243 | 0.8868 | 0.9108 | 0.0401 | 0.9125 | 0.8595 | 0.8619
0776 | 20:22:53 |  20.4s | 1.0e-04 | 0.0379 | 0.9235 | 0.8857 | 0.9092 | 0.0411 | 0.9195 | 0.8572 | 0.8696
0777 | 20:23:32 |  19.7s | 1.0e-04 | 0.0377 | 0.9237 | 0.8861 | 0.9092 | 0.0395 | 0.9071 | 0.8766 | 0.8807
0778 | 20:24:07 |  26.5s | 1.0e-04 | 0.0375 | 0.9242 | 0.8869 | 0.9108 | 0.0399 | 0.9039 | 0.8696 | 0.8633
0779 | 20:24:49 |  28.7s | 1.0e-04 | 0.0367 | 0.9246 | 0.8898 | 0.9150 | 0.0403 | 0.9146 | 0.8666 | 0.8778
0780 | 20:25:35 |  36.7s | 1.0e-04 | 0.0373 | 0.9241 | 0.8874 | 0.9117 | 0.0400 | 0.9218 | 0.8623 | 0.8767
0781 | 20:26:32 |  36.4s | 1.0e-04 | 0.0368 | 0.9252 | 0.8908 | 0.9163 | 0.0402 | 0.9075 | 0.8753 | 0.8784
0782 | 20:27:27 |  29.9s | 1.0e-04 | 0.0378 | 0.9246 | 0.8913 | 0.9158 | 0.0412 | 0.9056 | 0.8626 | 0.8551
0783 | 20:28:17 |  22.9s | 1.0e-04 | 0.0368 | 0.9259 | 0.8938 | 0.9200 | 0.0411 | 0.9086 | 0.8641 | 0.8637
0784 | 20:28:58 |  22.1s | 1.0e-04 | 0.0372 | 0.9248 | 0.8927 | 0.9174 | 0.0401 | 0.9034 | 0.8678 | 0.8629
0785 | 20:29:36 |  29.0s | 1.0e-04 | 0.0371 | 0.9270 | 0.8931 | 0.9207 | 0.0410 | 0.8964 | 0.8838 | 0.8725
0786 | 20:30:24 |  18.8s | 1.0e-04 | 0.0376 | 0.9269 | 0.8916 | 0.9188 | 0.0416 | 0.8974 | 0.8843 | 0.8766
0787 | 20:31:02 |  20.9s | 1.0e-04 | 0.0372 | 0.9269 | 0.8931 | 0.9206 | 0.0403 | 0.9113 | 0.8597 | 0.8637
0788 | 20:31:42 |  41.1s | 1.0e-04 | 0.0370 | 0.9269 | 0.8938 | 0.9212 | 0.0414 | 0.9047 | 0.8725 | 0.8698
0789 | 20:32:42 |  33.8s | 1.0e-04 | 0.0364 | 0.9278 | 0.8953 | 0.9233 | 0.0415 | 0.9217 | 0.8470 | 0.8609
0790 | 20:33:34 |  36.9s | 1.0e-04 | 0.0366 | 0.9275 | 0.8971 | 0.9250 | 0.0407 | 0.9048 | 0.8707 | 0.8662
0791 | 20:34:29 |  31.4s | 1.0e-04 | 0.0366 | 0.9281 | 0.8954 | 0.9240 | 0.0414 | 0.9025 | 0.8723 | 0.8675
0792 | 20:35:21 |  21.6s | 1.0e-04 | 0.0368 | 0.9287 | 0.8956 | 0.9244 | 0.0406 | 0.9068 | 0.8768 | 0.8786
0793 | 20:35:59 |  24.9s | 1.0e-04 | 0.0363 | 0.9272 | 0.8961 | 0.9236 | 0.0406 | 0.9096 | 0.8723 | 0.8743
0794 | 20:36:40 |  20.4s | 1.0e-04 | 0.0366 | 0.9278 | 0.8950 | 0.9232 | 0.0412 | 0.9176 | 0.8564 | 0.8672
0795 | 20:37:21 |  27.7s | 1.0e-04 | 0.0367 | 0.9274 | 0.8962 | 0.9236 | 0.0416 | 0.9110 | 0.8770 | 0.8858
0796 | 20:38:07 |  29.7s | 1.0e-04 | 0.0369 | 0.9259 | 0.8928 | 0.9195 | 0.0410 | 0.9063 | 0.8741 | 0.8723
0797 | 20:38:57 |  43.5s | 1.0e-04 | 0.0366 | 0.9263 | 0.8915 | 0.9179 | 0.0411 | 0.9101 | 0.8684 | 0.8691
0798 | 20:39:59 |  22.6s | 1.0e-04 | 0.0369 | 0.9261 | 0.8896 | 0.9157 | 0.0396 | 0.9140 | 0.8619 | 0.8678
0799 | 20:40:42 |  18.8s | 1.0e-04 | 0.0364 | 0.9268 | 0.8900 | 0.9170 | 0.0405 | 0.9090 | 0.8723 | 0.8731
0800 | 20:41:19 |  19.9s | 1.0e-04 | 0.0365 | 0.9256 | 0.8911 | 0.9173 | 0.0409 | 0.9068 | 0.8782 | 0.8778
0801 | 20:42:00 |  32.0s | 1.0e-04 | 0.0365 | 0.9259 | 0.8904 | 0.9163 | 0.0402 | 0.9198 | 0.8639 | 0.8754
0802 | 20:42:51 |  23.0s | 1.0e-04 | 0.0367 | 0.9262 | 0.8899 | 0.9154 | 0.0405 | 0.9069 | 0.8830 | 0.8846
0803 | 20:43:32 |  22.7s | 1.0e-04 | 0.0364 | 0.9262 | 0.8911 | 0.9172 | 0.0389 | 0.9078 | 0.8763 | 0.8782
0804 | 20:44:13 |  41.2s | 1.0e-04 | 0.0374 | 0.9256 | 0.8898 | 0.9155 | 0.0406 | 0.9237 | 0.8624 | 0.8847
0805 | 20:45:11 |  41.1s | 1.0e-04 | 0.0371 | 0.9264 | 0.8919 | 0.9195 | 0.0391 | 0.9057 | 0.8746 | 0.8708
0806 | 20:46:10 |  29.7s | 1.0e-04 | 0.0374 | 0.9253 | 0.8910 | 0.9166 | 0.0409 | 0.9131 | 0.8660 | 0.8711
0807 | 20:46:58 |  29.5s | 1.0e-04 | 0.0370 | 0.9269 | 0.8926 | 0.9188 | 0.0419 | 0.9114 | 0.8589 | 0.8643
0808 | 20:47:46 |  26.6s | 1.0e-04 | 0.0374 | 0.9273 | 0.8922 | 0.9203 | 0.0397 | 0.9073 | 0.8639 | 0.8590
0809 | 20:48:30 |  24.2s | 1.0e-04 | 0.0374 | 0.9263 | 0.8909 | 0.9172 | 0.0407 | 0.9005 | 0.8849 | 0.8819
0810 | 20:49:13 |  21.4s | 1.0e-04 | 0.0373 | 0.9259 | 0.8898 | 0.9158 | 0.0399 | 0.9201 | 0.8620 | 0.8820
0811 | 20:49:49 |  39.5s | 1.0e-04 | 0.0370 | 0.9270 | 0.8924 | 0.9202 | 0.0408 | 0.8984 | 0.8766 | 0.8673
0812 | 20:50:48 |  21.4s | 1.0e-04 | 0.0364 | 0.9270 | 0.8931 | 0.9198 | 0.0415 | 0.9153 | 0.8531 | 0.8591
0813 | 20:51:29 |  42.7s | 1.0e-04 | 0.0373 | 0.9264 | 0.8947 | 0.9219 | 0.0390 | 0.9075 | 0.8748 | 0.8768
0814 | 20:52:27 |  26.6s | 1.0e-04 | 0.0377 | 0.9260 | 0.8937 | 0.9197 | 0.0396 | 0.9141 | 0.8632 | 0.8670
0815 | 20:53:10 |  23.0s | 1.0e-04 | 0.0379 | 0.9270 | 0.8928 | 0.9201 | 0.0400 | 0.9070 | 0.8746 | 0.8762
0816 | 20:53:52 |  20.7s | 1.0e-04 | 0.0380 | 0.9258 | 0.8929 | 0.9192 | 0.0405 | 0.9177 | 0.8592 | 0.8683
0817 | 20:54:29 |  22.8s | 1.0e-04 | 0.0376 | 0.9267 | 0.8933 | 0.9201 | 0.0407 | 0.9078 | 0.8787 | 0.8827
0818 | 20:55:11 |  31.3s | 1.0e-04 | 0.0374 | 0.9274 | 0.8946 | 0.9222 | 0.0404 | 0.9192 | 0.8635 | 0.8767
0819 | 20:56:01 |  29.3s | 1.0e-04 | 0.0379 | 0.9252 | 0.8904 | 0.9156 | 0.0396 | 0.9126 | 0.8656 | 0.8715
0820 | 20:56:49 |  36.0s | 1.0e-04 | 0.0390 | 0.9229 | 0.8873 | 0.9110 | 0.0391 | 0.9112 | 0.8732 | 0.8796
0821 | 20:57:45 |  33.1s | 1.0e-04 | 0.0383 | 0.9240 | 0.8895 | 0.9144 | 0.0394 | 0.9115 | 0.8728 | 0.8792
0822 | 20:58:39 |  27.4s | 1.0e-04 | 0.0380 | 0.9249 | 0.8903 | 0.9158 | 0.0398 | 0.9036 | 0.8653 | 0.8596
0823 | 20:59:25 |  29.3s | 1.0e-04 | 0.0384 | 0.9234 | 0.8875 | 0.9111 | 0.0394 | 0.9152 | 0.8636 | 0.8721
0824 | 21:00:12 |  30.9s | 1.0e-04 | 0.0380 | 0.9249 | 0.8901 | 0.9156 | 0.0392 | 0.9219 | 0.8737 | 0.8932
0825 | 21:01:02 |  21.5s | 1.0e-04 | 0.0387 | 0.9228 | 0.8888 | 0.9126 | 0.0403 | 0.9082 | 0.8710 | 0.8729
0826 | 21:01:41 |  24.2s | 1.0e-04 | 0.0381 | 0.9236 | 0.8905 | 0.9141 | 0.0411 | 0.9290 | 0.8517 | 0.8794
0827 | 21:02:23 |  33.6s | 1.0e-04 | 0.0381 | 0.9245 | 0.8908 | 0.9151 | 0.0398 | 0.9045 | 0.8755 | 0.8739
0828 | 21:03:15 |  34.5s | 1.0e-04 | 0.0369 | 0.9266 | 0.8930 | 0.9201 | 0.0395 | 0.9124 | 0.8675 | 0.8732
0829 | 21:04:06 |  37.1s | 1.0e-04 | 0.0357 | 0.9281 | 0.8952 | 0.9239 | 0.0403 | 0.8953 | 0.8815 | 0.8696
0830 | 21:05:00 |  28.9s | 1.0e-04 | 0.0357 | 0.9281 | 0.8939 | 0.9223 | 0.0409 | 0.9017 | 0.8750 | 0.8700
0831 | 21:05:45 |  26.6s | 1.0e-04 | 0.0361 | 0.9268 | 0.8930 | 0.9206 | 0.0414 | 0.9143 | 0.8722 | 0.8810
0832 | 21:06:29 |  23.4s | 1.0e-04 | 0.0365 | 0.9268 | 0.8918 | 0.9187 | 0.0403 | 0.9210 | 0.8629 | 0.8794
0833 | 21:07:11 |  19.4s | 1.0e-04 | 0.0361 | 0.9281 | 0.8918 | 0.9199 | 0.0410 | 0.9195 | 0.8649 | 0.8811
0834 | 21:07:46 |  29.2s | 1.0e-04 | 0.0360 | 0.9262 | 0.8918 | 0.9181 | 0.0402 | 0.9100 | 0.8735 | 0.8784
0835 | 21:08:34 |  34.9s | 1.0e-04 | 0.0366 | 0.9270 | 0.8971 | 0.9242 | 0.0401 | 0.9023 | 0.8787 | 0.8745
0836 | 21:09:27 |  45.3s | 1.0e-04 | 0.0364 | 0.9262 | 0.8926 | 0.9189 | 0.0407 | 0.9078 | 0.8681 | 0.8641
0837 | 21:10:32 |  23.7s | 1.0e-04 | 0.0370 | 0.9265 | 0.8932 | 0.9197 | 0.0392 | 0.9149 | 0.8709 | 0.8763
0838 | 21:11:14 |  22.9s | 1.0e-04 | 0.0368 | 0.9261 | 0.8939 | 0.9203 | 0.0398 | 0.9049 | 0.8759 | 0.8742
0839 | 21:11:56 |  26.1s | 1.0e-04 | 0.0369 | 0.9266 | 0.8941 | 0.9215 | 0.0416 | 0.9036 | 0.8708 | 0.8645
0840 | 21:12:42 |  27.7s | 1.0e-04 | 0.0371 | 0.9261 | 0.8921 | 0.9179 | 0.0401 | 0.9039 | 0.8830 | 0.8794
0841 | 21:13:28 |  29.1s | 1.0e-04 | 0.0372 | 0.9271 | 0.8908 | 0.9179 | 0.0406 | 0.9051 | 0.8732 | 0.8724
0842 | 21:14:16 |  30.1s | 1.0e-04 | 0.0369 | 0.9264 | 0.8929 | 0.9195 | 0.0406 | 0.9079 | 0.8703 | 0.8735
0843 | 21:15:04 |  34.4s | 1.0e-04 | 0.0366 | 0.9253 | 0.8898 | 0.9155 | 0.0402 | 0.9070 | 0.8783 | 0.8802
0844 | 21:15:57 |  49.3s | 1.0e-04 | 0.0368 | 0.9260 | 0.8905 | 0.9165 | 0.0402 | 0.9133 | 0.8678 | 0.8777
0845 | 21:17:05 |  22.3s | 1.0e-04 | 0.0371 | 0.9259 | 0.8915 | 0.9183 | 0.0398 | 0.9165 | 0.8741 | 0.8868
0846 | 21:17:46 |  26.1s | 1.0e-04 | 0.0373 | 0.9263 | 0.8926 | 0.9189 | 0.0405 | 0.9030 | 0.8683 | 0.8596
0847 | 21:18:32 |  26.2s | 1.0e-04 | 0.0366 | 0.9273 | 0.8937 | 0.9209 | 0.0395 | 0.9093 | 0.8678 | 0.8673
0848 | 21:19:16 |  29.8s | 1.0e-04 | 0.0367 | 0.9262 | 0.8927 | 0.9200 | 0.0393 | 0.9128 | 0.8684 | 0.8726
0849 | 21:20:04 |  26.5s | 1.0e-04 | 0.0370 | 0.9262 | 0.8907 | 0.9175 | 0.0409 | 0.9085 | 0.8748 | 0.8753
0850 | 21:20:46 |  24.8s | 1.0e-04 | 0.0371 | 0.9263 | 0.8928 | 0.9199 | 0.0392 | 0.9121 | 0.8702 | 0.8753
0851 | 21:21:29 |  22.8s | 1.0e-04 | 0.0368 | 0.9274 | 0.8935 | 0.9211 | 0.0400 | 0.9018 | 0.8806 | 0.8779
0852 | 21:22:07 |  40.5s | 1.0e-04 | 0.0363 | 0.9264 | 0.8895 | 0.9156 | 0.0406 | 0.9069 | 0.8753 | 0.8815
0853 | 21:23:05 |  22.1s | 1.0e-04 | 0.0360 | 0.9264 | 0.8891 | 0.9151 | 0.0403 | 0.9185 | 0.8620 | 0.8748
0854 | 21:23:47 |  22.5s | 1.0e-04 | 0.0360 | 0.9269 | 0.8895 | 0.9169 | 0.0413 | 0.8947 | 0.8800 | 0.8682
0855 | 21:24:28 |  25.6s | 1.0e-04 | 0.0363 | 0.9250 | 0.8892 | 0.9133 | 0.0397 | 0.9124 | 0.8762 | 0.8815
0856 | 21:25:14 |  25.7s | 1.0e-04 | 0.0362 | 0.9264 | 0.8886 | 0.9144 | 0.0403 | 0.9113 | 0.8698 | 0.8739
0857 | 21:25:57 |  29.5s | 1.0e-04 | 0.0361 | 0.9265 | 0.8891 | 0.9156 | 0.0405 | 0.9047 | 0.8800 | 0.8798
0858 | 21:26:45 |  38.8s | 1.0e-04 | 0.0364 | 0.9265 | 0.8893 | 0.9161 | 0.0403 | 0.9052 | 0.8777 | 0.8773
0859 | 21:27:42 |  38.6s | 1.0e-04 | 0.0369 | 0.9266 | 0.8902 | 0.9164 | 0.0399 | 0.9071 | 0.8623 | 0.8598
0860 | 21:28:39 |  31.9s | 1.0e-04 | 0.0367 | 0.9263 | 0.8929 | 0.9191 | 0.0415 | 0.9078 | 0.8756 | 0.8766
0861 | 21:29:29 |  30.1s | 1.0e-04 | 0.0362 | 0.9268 | 0.8944 | 0.9213 | 0.0398 | 0.9141 | 0.8666 | 0.8746
0862 | 21:30:18 |  31.1s | 1.0e-04 | 0.0367 | 0.9277 | 0.8946 | 0.9224 | 0.0405 | 0.9041 | 0.8715 | 0.8672
0863 | 21:31:08 |  31.1s | 1.0e-04 | 0.0365 | 0.9266 | 0.8942 | 0.9211 | 0.0396 | 0.9152 | 0.8772 | 0.8891
0864 | 21:31:58 |  30.6s | 1.0e-04 | 0.0365 | 0.9281 | 0.8914 | 0.9202 | 0.0393 | 0.9142 | 0.8711 | 0.8825
0865 | 21:32:47 |  30.5s | 1.0e-04 | 0.0364 | 0.9270 | 0.8933 | 0.9206 | 0.0401 | 0.9166 | 0.8635 | 0.8751
0866 | 21:33:35 |  40.8s | 1.0e-04 | 0.0359 | 0.9283 | 0.8941 | 0.9222 | 0.0402 | 0.9162 | 0.8627 | 0.8709
0867 | 21:34:33 |  36.0s | 1.0e-04 | 0.0355 | 0.9276 | 0.8953 | 0.9234 | 0.0412 | 0.9059 | 0.8735 | 0.8731
0868 | 21:35:28 |  32.7s | 1.0e-04 | 0.0364 | 0.9281 | 0.8926 | 0.9215 | 0.0413 | 0.8975 | 0.8774 | 0.8689
0869 | 21:36:20 |  26.7s | 1.0e-04 | 0.0359 | 0.9274 | 0.8947 | 0.9233 | 0.0409 | 0.9091 | 0.8748 | 0.8790
0870 | 21:37:04 |  30.4s | 1.0e-04 | 0.0360 | 0.9282 | 0.8964 | 0.9246 | 0.0397 | 0.9036 | 0.8769 | 0.8707
0871 | 21:37:53 |  31.8s | 1.0e-04 | 0.0360 | 0.9273 | 0.8949 | 0.9224 | 0.0403 | 0.9148 | 0.8677 | 0.8755
0872 | 21:38:45 |  31.6s | 1.0e-04 | 0.0360 | 0.9276 | 0.8935 | 0.9216 | 0.0405 | 0.9028 | 0.8759 | 0.8708
0873 | 21:39:34 |  30.7s | 1.0e-04 | 0.0363 | 0.9277 | 0.8954 | 0.9233 | 0.0402 | 0.9097 | 0.8700 | 0.8738
0874 | 21:40:23 |  43.2s | 1.0e-04 | 0.0360 | 0.9269 | 0.8935 | 0.9203 | 0.0401 | 0.9150 | 0.8626 | 0.8699
0875 | 21:41:22 |  32.8s | 1.0e-04 | 0.0356 | 0.9264 | 0.8906 | 0.9171 | 0.0400 | 0.9257 | 0.8618 | 0.8843
0876 | 21:42:13 |  22.3s | 1.0e-04 | 0.0344 | 0.9279 | 0.8905 | 0.9188 | 0.0399 | 0.9054 | 0.8743 | 0.8739
0877 | 21:42:55 |  20.2s | 1.0e-04 | 0.0343 | 0.9290 | 0.8943 | 0.9236 | 0.0407 | 0.9185 | 0.8699 | 0.8821
0878 | 21:43:35 |  21.8s | 1.0e-04 | 0.0345 | 0.9288 | 0.8930 | 0.9216 | 0.0406 | 0.9075 | 0.8772 | 0.8767
0879 | 21:44:15 |  24.2s | 1.0e-04 | 0.0348 | 0.9269 | 0.8918 | 0.9195 | 0.0403 | 0.9181 | 0.8641 | 0.8758
0880 | 21:44:58 |  25.1s | 1.0e-04 | 0.0351 | 0.9290 | 0.8911 | 0.9202 | 0.0401 | 0.9163 | 0.8657 | 0.8805
0881 | 21:45:41 |  28.0s | 1.0e-04 | 0.0346 | 0.9287 | 0.8924 | 0.9205 | 0.0407 | 0.9193 | 0.8586 | 0.8713
0882 | 21:46:28 |  31.8s | 1.0e-04 | 0.0359 | 0.9277 | 0.8909 | 0.9188 | 0.0396 | 0.9221 | 0.8596 | 0.8802
0883 | 21:47:16 |  39.2s | 1.0e-04 | 0.0368 | 0.9274 | 0.8927 | 0.9200 | 0.0409 | 0.8957 | 0.8846 | 0.8739
0884 | 21:48:14 |  20.8s | 1.0e-04 | 0.0380 | 0.9243 | 0.8880 | 0.9124 | 0.0391 | 0.9156 | 0.8682 | 0.8793
0885 | 21:48:52 |  29.6s | 1.0e-04 | 0.0367 | 0.9257 | 0.8915 | 0.9172 | 0.0401 | 0.9194 | 0.8727 | 0.8914
0886 | 21:49:39 |  27.2s | 1.0e-04 | 0.0374 | 0.9250 | 0.8888 | 0.9138 | 0.0393 | 0.9078 | 0.8786 | 0.8778
0887 | 21:50:23 |  26.2s | 1.0e-04 | 0.0375 | 0.9259 | 0.8909 | 0.9171 | 0.0394 | 0.9060 | 0.8818 | 0.8826
0888 | 21:51:06 |  25.5s | 1.0e-04 | 0.0366 | 0.9263 | 0.8916 | 0.9183 | 0.0395 | 0.9168 | 0.8686 | 0.8848
0889 | 21:51:49 |  21.9s | 1.0e-04 | 0.0375 | 0.9248 | 0.8896 | 0.9146 | 0.0389 | 0.9065 | 0.8792 | 0.8775
0890 | 21:52:29 |  41.2s | 1.0e-04 | 0.0361 | 0.9257 | 0.8898 | 0.9152 | 0.0396 | 0.9194 | 0.8701 | 0.8828
0891 | 21:53:27 |  49.4s | 1.0e-04 | 0.0365 | 0.9262 | 0.8896 | 0.9156 | 0.0403 | 0.9087 | 0.8725 | 0.8738
0892 | 21:54:36 |  21.3s | 1.0e-04 | 0.0361 | 0.9262 | 0.8905 | 0.9172 | 0.0389 | 0.9225 | 0.8661 | 0.8829
0893 | 21:55:15 |  22.6s | 1.0e-04 | 0.0356 | 0.9267 | 0.8913 | 0.9187 | 0.0396 | 0.9063 | 0.8741 | 0.8741
0894 | 21:55:57 |  21.2s | 1.0e-04 | 0.0359 | 0.9274 | 0.8926 | 0.9200 | 0.0399 | 0.9155 | 0.8652 | 0.8743
0895 | 21:56:38 |  22.9s | 1.0e-04 | 0.0358 | 0.9275 | 0.8921 | 0.9204 | 0.0399 | 0.9151 | 0.8684 | 0.8793
0896 | 21:57:20 |  22.2s | 1.0e-04 | 0.0365 | 0.9272 | 0.8929 | 0.9203 | 0.0405 | 0.9271 | 0.8456 | 0.8678
0897 | 21:58:02 |  36.4s | 1.0e-04 | 0.0368 | 0.9254 | 0.8902 | 0.9157 | 0.0399 | 0.9121 | 0.8681 | 0.8730
0898 | 21:58:57 |  29.4s | 1.0e-04 | 0.0370 | 0.9268 | 0.8937 | 0.9213 | 0.0406 | 0.9135 | 0.8627 | 0.8694
0899 | 21:59:43 |  39.5s | 1.0e-04 | 0.0360 | 0.9288 | 0.8949 | 0.9244 | 0.0405 | 0.9052 | 0.8796 | 0.8803
0900 | 22:00:41 |  19.9s | 1.0e-04 | 0.0363 | 0.9288 | 0.8950 | 0.9241 | 0.0407 | 0.9081 | 0.8789 | 0.8861
0901 | 22:01:15 |  27.7s | 1.0e-04 | 0.0356 | 0.9276 | 0.8970 | 0.9248 | 0.0397 | 0.9134 | 0.8694 | 0.8788
0902 | 22:02:01 |  31.5s | 1.0e-04 | 0.0362 | 0.9277 | 0.8953 | 0.9234 | 0.0408 | 0.9037 | 0.8853 | 0.8862
0903 | 22:02:52 |  31.8s | 1.0e-04 | 0.0362 | 0.9274 | 0.8956 | 0.9237 | 0.0400 | 0.9103 | 0.8747 | 0.8799
0904 | 22:03:44 |  31.8s | 1.0e-04 | 0.0353 | 0.9300 | 0.8974 | 0.9277 | 0.0409 | 0.9068 | 0.8703 | 0.8693
0905 | 22:04:35 |  35.8s | 1.0e-04 | 0.0356 | 0.9285 | 0.8960 | 0.9250 | 0.0418 | 0.9089 | 0.8661 | 0.8676
0906 | 22:05:30 |  41.2s | 1.0e-04 | 0.0352 | 0.9293 | 0.8977 | 0.9274 | 0.0404 | 0.9149 | 0.8660 | 0.8786
0907 | 22:06:26 |  27.4s | 1.0e-04 | 0.0354 | 0.9288 | 0.8958 | 0.9249 | 0.0408 | 0.9086 | 0.8750 | 0.8780
0908 | 22:07:12 |  26.4s | 1.0e-04 | 0.0354 | 0.9288 | 0.8967 | 0.9254 | 0.0405 | 0.9143 | 0.8678 | 0.8760
0909 | 22:07:54 |  25.7s | 1.0e-04 | 0.0351 | 0.9297 | 0.8962 | 0.9260 | 0.0400 | 0.9138 | 0.8728 | 0.8838
0910 | 22:08:35 |  26.8s | 1.0e-04 | 0.0349 | 0.9293 | 0.8953 | 0.9250 | 0.0415 | 0.9140 | 0.8540 | 0.8585
0911 | 22:09:18 |  23.4s | 1.0e-04 | 0.0354 | 0.9299 | 0.8948 | 0.9252 | 0.0397 | 0.9134 | 0.8580 | 0.8648
0912 | 22:10:01 |  20.1s | 1.0e-04 | 0.0353 | 0.9289 | 0.8969 | 0.9258 | 0.0396 | 0.9161 | 0.8653 | 0.8770
0913 | 22:10:40 |  40.2s | 1.0e-04 | 0.0354 | 0.9291 | 0.8962 | 0.9252 | 0.0404 | 0.8989 | 0.8693 | 0.8604
0914 | 22:11:36 |  32.2s | 1.0e-04 | 0.0357 | 0.9286 | 0.8963 | 0.9250 | 0.0413 | 0.9100 | 0.8708 | 0.8736
0915 | 22:12:25 |  28.5s | 1.0e-04 | 0.0353 | 0.9279 | 0.8960 | 0.9241 | 0.0393 | 0.9193 | 0.8673 | 0.8805
0916 | 22:13:12 |  22.8s | 1.0e-04 | 0.0363 | 0.9267 | 0.8930 | 0.9198 | 0.0397 | 0.9154 | 0.8674 | 0.8770
0917 | 22:13:54 |  16.5s | 1.0e-04 | 0.0360 | 0.9278 | 0.8930 | 0.9207 | 0.0395 | 0.9134 | 0.8726 | 0.8783
0918 | 22:14:29 |  29.8s | 1.0e-04 | 0.0353 | 0.9290 | 0.8948 | 0.9241 | 0.0405 | 0.9075 | 0.8755 | 0.8786
0919 | 22:15:18 |  30.1s | 1.0e-04 | 0.0351 | 0.9291 | 0.8947 | 0.9241 | 0.0413 | 0.9255 | 0.8545 | 0.8816
0920 | 22:16:07 |  31.4s | 1.0e-04 | 0.0351 | 0.9291 | 0.8942 | 0.9235 | 0.0397 | 0.9180 | 0.8631 | 0.8777
0921 | 22:16:57 |  34.2s | 1.0e-04 | 0.0348 | 0.9294 | 0.8950 | 0.9246 | 0.0396 | 0.9119 | 0.8720 | 0.8777
0922 | 22:17:51 |  41.7s | 1.0e-04 | 0.0351 | 0.9297 | 0.8955 | 0.9250 | 0.0400 | 0.9175 | 0.8674 | 0.8795
0923 | 22:18:51 |  19.0s | 1.0e-04 | 0.0352 | 0.9294 | 0.8961 | 0.9257 | 0.0410 | 0.8975 | 0.8868 | 0.8802
0924 | 22:19:25 |  29.7s | 1.0e-04 | 0.0347 | 0.9290 | 0.8964 | 0.9253 | 0.0395 | 0.9110 | 0.8650 | 0.8655
0925 | 22:20:14 |  25.2s | 1.0e-04 | 0.0352 | 0.9295 | 0.8972 | 0.9267 | 0.0407 | 0.9129 | 0.8603 | 0.8699
0926 | 22:20:56 |  23.1s | 1.0e-04 | 0.0348 | 0.9294 | 0.8965 | 0.9263 | 0.0413 | 0.9093 | 0.8727 | 0.8771
0927 | 22:21:37 |  21.3s | 1.0e-04 | 0.0349 | 0.9301 | 0.8970 | 0.9272 | 0.0396 | 0.8977 | 0.8816 | 0.8711
0928 | 22:22:18 |  20.8s | 1.0e-04 | 0.0349 | 0.9299 | 0.8963 | 0.9261 | 0.0398 | 0.9145 | 0.8713 | 0.8808
0929 | 22:22:58 |  32.0s | 1.0e-04 | 0.0356 | 0.9292 | 0.8950 | 0.9244 | 0.0404 | 0.9090 | 0.8789 | 0.8831
0930 | 22:23:49 |  42.4s | 1.0e-04 | 0.0357 | 0.9285 | 0.8944 | 0.9236 | 0.0395 | 0.9165 | 0.8620 | 0.8756
0931 | 22:24:49 |  27.6s | 1.0e-04 | 0.0357 | 0.9280 | 0.8949 | 0.9232 | 0.0392 | 0.9076 | 0.8822 | 0.8856
0932 | 22:25:31 |  16.7s | 1.0e-04 | 0.0364 | 0.9276 | 0.8930 | 0.9210 | 0.0395 | 0.9211 | 0.8631 | 0.8789
0933 | 22:26:06 |  24.6s | 1.0e-04 | 0.0359 | 0.9283 | 0.8926 | 0.9210 | 0.0402 | 0.9112 | 0.8750 | 0.8793
0934 | 22:26:51 |  20.8s | 1.0e-04 | 0.0353 | 0.9278 | 0.8953 | 0.9234 | 0.0403 | 0.9181 | 0.8655 | 0.8769
0935 | 22:27:27 |  27.4s | 1.0e-04 | 0.0358 | 0.9280 | 0.8929 | 0.9214 | 0.0404 | 0.9181 | 0.8690 | 0.8860
0936 | 22:28:10 |  33.0s | 1.0e-04 | 0.0352 | 0.9283 | 0.8963 | 0.9248 | 0.0404 | 0.9148 | 0.8744 | 0.8869
0937 | 22:29:00 |  27.8s | 1.0e-04 | 0.0352 | 0.9282 | 0.8926 | 0.9217 | 0.0410 | 0.9038 | 0.8853 | 0.8860
0938 | 22:29:43 |  43.9s | 1.0e-04 | 0.0359 | 0.9286 | 0.8957 | 0.9245 | 0.0401 | 0.9108 | 0.8743 | 0.8810
0939 | 22:30:45 |  29.6s | 1.0e-04 | 0.0364 | 0.9276 | 0.8940 | 0.9219 | 0.0398 | 0.9059 | 0.8782 | 0.8796
0940 | 22:31:32 |  26.2s | 1.0e-04 | 0.0365 | 0.9274 | 0.8932 | 0.9207 | 0.0400 | 0.9078 | 0.8743 | 0.8746
0941 | 22:32:15 |  21.8s | 1.0e-04 | 0.0364 | 0.9283 | 0.8947 | 0.9233 | 0.0395 | 0.8989 | 0.8883 | 0.8831
0942 | 22:32:56 |  20.7s | 1.0e-04 | 0.0363 | 0.9272 | 0.8924 | 0.9202 | 0.0394 | 0.9076 | 0.8761 | 0.8797
0943 | 22:33:32 |  26.6s | 1.0e-04 | 0.0364 | 0.9280 | 0.8926 | 0.9213 | 0.0395 | 0.9053 | 0.8762 | 0.8766
0944 | 22:34:17 |  38.6s | 1.0e-04 | 0.0363 | 0.9268 | 0.8949 | 0.9220 | 0.0401 | 0.9039 | 0.8848 | 0.8874
0945 | 22:35:13 |  34.3s | 1.0e-04 | 0.0367 | 0.9270 | 0.8938 | 0.9213 | 0.0385 | 0.9170 | 0.8688 | 0.8807
0946 | 22:36:06 |  31.5s | 1.0e-04 | 0.0364 | 0.9277 | 0.8929 | 0.9208 | 0.0390 | 0.9178 | 0.8803 | 0.8949
0947 | 22:36:57 |  23.5s | 1.0e-04 | 0.0367 | 0.9277 | 0.8923 | 0.9209 | 0.0395 | 0.9244 | 0.8698 | 0.8918
0948 | 22:37:39 |  23.4s | 1.0e-04 | 0.0367 | 0.9268 | 0.8932 | 0.9197 | 0.0389 | 0.9083 | 0.8850 | 0.8900
0949 | 22:38:22 |  22.5s | 1.0e-04 | 0.0364 | 0.9279 | 0.8951 | 0.9234 | 0.0414 | 0.9219 | 0.8579 | 0.8754
0950 | 22:39:03 |  30.6s | 1.0e-04 | 0.0367 | 0.9268 | 0.8931 | 0.9200 | 0.0401 | 0.9119 | 0.8774 | 0.8838
0951 | 22:39:51 |  18.8s | 1.0e-04 | 0.0369 | 0.9264 | 0.8918 | 0.9187 | 0.0399 | 0.9027 | 0.8769 | 0.8734
0952 | 22:40:30 |  34.5s | 1.0e-04 | 0.0369 | 0.9264 | 0.8939 | 0.9205 | 0.0393 | 0.9151 | 0.8766 | 0.8907
0953 | 22:41:21 |  34.6s | 1.0e-04 | 0.0364 | 0.9271 | 0.8940 | 0.9208 | 0.0398 | 0.9110 | 0.8764 | 0.8857
0954 | 22:42:13 |  29.5s | 1.0e-04 | 0.0359 | 0.9302 | 0.8970 | 0.9268 | 0.0402 | 0.9037 | 0.8852 | 0.8852
0955 | 22:42:59 |  29.5s | 1.0e-04 | 0.0363 | 0.9284 | 0.8947 | 0.9233 | 0.0393 | 0.9059 | 0.8809 | 0.8817
0956 | 22:43:45 |  29.3s | 1.0e-04 | 0.0359 | 0.9284 | 0.8954 | 0.9243 | 0.0406 | 0.8969 | 0.8835 | 0.8749
0957 | 22:44:31 |  24.0s | 1.0e-04 | 0.0357 | 0.9272 | 0.8952 | 0.9227 | 0.0395 | 0.9148 | 0.8703 | 0.8807
0958 | 22:45:14 |  23.0s | 1.0e-04 | 0.0357 | 0.9291 | 0.8959 | 0.9252 | 0.0397 | 0.9063 | 0.8862 | 0.8897
0959 | 22:45:55 |  20.1s | 1.0e-04 | 0.0362 | 0.9292 | 0.8970 | 0.9262 | 0.0399 | 0.9021 | 0.8797 | 0.8759
0960 | 22:46:33 |  34.1s | 1.0e-04 | 0.0362 | 0.9279 | 0.8980 | 0.9261 | 0.0392 | 0.9086 | 0.8813 | 0.8842
0961 | 22:47:25 |  31.6s | 1.0e-04 | 0.0367 | 0.9282 | 0.8950 | 0.9236 | 0.0398 | 0.9031 | 0.8776 | 0.8764
0962 | 22:48:16 |  27.6s | 1.0e-04 | 0.0362 | 0.9286 | 0.8961 | 0.9249 | 0.0399 | 0.9170 | 0.8783 | 0.8952
0963 | 22:49:01 |  28.7s | 1.0e-04 | 0.0358 | 0.9290 | 0.8964 | 0.9257 | 0.0399 | 0.9060 | 0.8711 | 0.8701
0964 | 22:49:48 |  29.6s | 1.0e-04 | 0.0366 | 0.9275 | 0.8946 | 0.9230 | 0.0391 | 0.9127 | 0.8757 | 0.8832
0965 | 22:50:37 |  31.1s | 1.0e-04 | 0.0363 | 0.9279 | 0.8958 | 0.9236 | 0.0388 | 0.9107 | 0.8765 | 0.8840
0966 | 22:51:27 |  20.2s | 1.0e-04 | 0.0363 | 0.9274 | 0.8939 | 0.9216 | 0.0400 | 0.9026 | 0.8786 | 0.8750
0967 | 22:52:06 |  22.8s | 1.0e-04 | 0.0362 | 0.9279 | 0.8939 | 0.9218 | 0.0393 | 0.9103 | 0.8708 | 0.8743
0968 | 22:52:45 |  31.4s | 1.0e-04 | 0.0356 | 0.9279 | 0.8952 | 0.9230 | 0.0400 | 0.9163 | 0.8713 | 0.8847
0969 | 22:53:35 |  42.2s | 1.0e-04 | 0.0358 | 0.9293 | 0.8970 | 0.9265 | 0.0403 | 0.9062 | 0.8870 | 0.8892
0970 | 22:54:34 |  22.0s | 1.0e-04 | 0.0356 | 0.9291 | 0.8974 | 0.9267 | 0.0410 | 0.9031 | 0.8823 | 0.8791
0971 | 22:55:15 |  22.2s | 1.0e-04 | 0.0358 | 0.9289 | 0.8971 | 0.9264 | 0.0402 | 0.9104 | 0.8713 | 0.8766
0972 | 22:55:56 |  22.6s | 1.0e-04 | 0.0360 | 0.9304 | 0.8983 | 0.9287 | 0.0403 | 0.8955 | 0.8801 | 0.8677
0973 | 22:56:37 |  22.6s | 1.0e-04 | 0.0359 | 0.9293 | 0.8980 | 0.9276 | 0.0388 | 0.9023 | 0.8774 | 0.8731
0974 | 22:57:19 |  27.6s | 1.0e-04 | 0.0361 | 0.9295 | 0.8971 | 0.9268 | 0.0402 | 0.9102 | 0.8768 | 0.8853
0975 | 22:58:06 |  29.0s | 1.0e-04 | 0.0364 | 0.9301 | 0.8979 | 0.9278 | 0.0397 | 0.9158 | 0.8679 | 0.8796
0976 | 22:58:56 |  21.1s | 1.0e-04 | 0.0349 | 0.9292 | 0.8974 | 0.9266 | 0.0395 | 0.9149 | 0.8593 | 0.8668
0977 | 22:59:32 |  41.5s | 1.0e-04 | 0.0350 | 0.9291 | 0.8917 | 0.9216 | 0.0394 | 0.9124 | 0.8763 | 0.8828
0978 | 23:00:32 |  31.0s | 1.0e-04 | 0.0348 | 0.9279 | 0.8935 | 0.9217 | 0.0388 | 0.9073 | 0.8736 | 0.8747
0979 | 23:01:19 |  30.6s | 1.0e-04 | 0.0346 | 0.9290 | 0.8931 | 0.9222 | 0.0392 | 0.9052 | 0.8778 | 0.8796
0980 | 23:02:06 |  30.2s | 1.0e-04 | 0.0354 | 0.9269 | 0.8903 | 0.9170 | 0.0403 | 0.9067 | 0.8828 | 0.8852
0981 | 23:02:53 |  29.6s | 1.0e-04 | 0.0344 | 0.9283 | 0.8943 | 0.9226 | 0.0393 | 0.9052 | 0.8872 | 0.8899
0982 | 23:03:39 |  27.4s | 1.0e-04 | 0.0347 | 0.9281 | 0.8934 | 0.9218 | 0.0397 | 0.9107 | 0.8759 | 0.8867
0983 | 23:04:21 |  32.8s | 1.0e-04 | 0.0355 | 0.9292 | 0.8921 | 0.9217 | 0.0393 | 0.9024 | 0.8841 | 0.8837
0984 | 23:05:13 |  30.7s | 1.0e-04 | 0.0359 | 0.9285 | 0.8929 | 0.9216 | 0.0396 | 0.9126 | 0.8754 | 0.8828
0985 | 23:06:03 |  22.4s | 1.0e-04 | 0.0356 | 0.9282 | 0.8943 | 0.9228 | 0.0401 | 0.9171 | 0.8614 | 0.8735
0986 | 23:06:45 |  22.0s | 1.0e-04 | 0.0362 | 0.9290 | 0.8953 | 0.9243 | 0.0397 | 0.9089 | 0.8815 | 0.8854
0987 | 23:07:26 |  26.1s | 1.0e-04 | 0.0356 | 0.9288 | 0.8958 | 0.9251 | 0.0394 | 0.9132 | 0.8747 | 0.8835
0988 | 23:08:11 |  28.2s | 1.0e-04 | 0.0356 | 0.9285 | 0.8960 | 0.9247 | 0.0400 | 0.9187 | 0.8672 | 0.8809
0989 | 23:08:57 |  29.0s | 1.0e-04 | 0.0364 | 0.9290 | 0.8942 | 0.9239 | 0.0395 | 0.9077 | 0.8777 | 0.8808
0990 | 23:09:44 |  30.9s | 1.0e-04 | 0.0354 | 0.9295 | 0.8957 | 0.9251 | 0.0398 | 0.9041 | 0.8822 | 0.8840
0991 | 23:10:34 |  40.2s | 1.0e-04 | 0.0356 | 0.9296 | 0.8975 | 0.9273 | 0.0396 | 0.9053 | 0.8798 | 0.8812
0992 | 23:11:32 |  37.5s | 1.0e-04 | 0.0363 | 0.9287 | 0.8953 | 0.9244 | 0.0393 | 0.9113 | 0.8744 | 0.8760
0993 | 23:12:25 |  24.9s | 1.0e-04 | 0.0361 | 0.9283 | 0.8951 | 0.9239 | 0.0403 | 0.9054 | 0.8769 | 0.8777
0994 | 23:13:07 |  29.8s | 1.0e-04 | 0.0360 | 0.9293 | 0.8978 | 0.9275 | 0.0385 | 0.9077 | 0.8791 | 0.8807
0995 | 23:13:51 |  26.8s | 1.0e-04 | 0.0361 | 0.9296 | 0.8979 | 0.9279 | 0.0403 | 0.9130 | 0.8667 | 0.8703
0996 | 23:14:35 |  22.8s | 1.0e-04 | 0.0362 | 0.9284 | 0.8977 | 0.9264 | 0.0392 | 0.9119 | 0.8777 | 0.8856
0997 | 23:15:16 |  19.8s | 1.0e-04 | 0.0362 | 0.9289 | 0.8970 | 0.9261 | 0.0391 | 0.9096 | 0.8731 | 0.8780
0998 | 23:15:56 |  21.5s | 1.0e-04 | 0.0358 | 0.9288 | 0.8974 | 0.9267 | 0.0396 | 0.9048 | 0.8747 | 0.8736
0999 | 23:16:36 |  37.2s | 1.0e-04 | 0.0354 | 0.9315 | 0.9005 | 0.9319 | 0.0397 | 0.9115 | 0.8663 | 0.8711
1000 | 23:17:29 |  37.3s | 1.0e-04 | 0.0363 | 0.9290 | 0.8987 | 0.9277 | 0.0387 | 0.9088 | 0.8794 | 0.8813
