Epoch | Time_Start | Duration | LR | T_Loss | T_Prec | T_Rec | T_P@R0.95 | V_Loss | V_Prec | V_Rec | V_P@R0.95
0001 | 20:08:21 |  23.8s | 1.0e-04 | 0.1270 | 0.7162 | 0.5447 | 0.2066 | 0.0877 | 0.7846 | 0.7019 | 0.3163
0002 | 20:08:55 |  15.9s | 1.0e-04 | 0.0828 | 0.8406 | 0.6968 | 0.3690 | 0.0819 | 0.8819 | 0.6107 | 0.3413
0003 | 20:09:21 |  15.6s | 1.0e-04 | 0.0782 | 0.8519 | 0.7236 | 0.3962 | 0.0748 | 0.7963 | 0.7746 | 0.3870
0004 | 20:09:46 |  15.4s | 1.0e-04 | 0.0740 | 0.8542 | 0.7410 | 0.4230 | 0.0734 | 0.7895 | 0.7808 | 0.3913
0005 | 20:10:12 |  15.0s | 1.0e-04 | 0.0726 | 0.8603 | 0.7598 | 0.4456 | 0.0671 | 0.8353 | 0.8030 | 0.4481
0006 | 20:10:37 |  15.0s | 1.0e-04 | 0.0661 | 0.8651 | 0.7775 | 0.4849 | 0.0639 | 0.8878 | 0.7467 | 0.4714
0007 | 20:11:02 |  14.7s | 1.0e-04 | 0.0623 | 0.8738 | 0.7954 | 0.5319 | 0.0576 | 0.8628 | 0.8067 | 0.5249
0008 | 20:11:26 |  14.5s | 1.0e-04 | 0.0584 | 0.8768 | 0.8082 | 0.5690 | 0.0605 | 0.9038 | 0.7726 | 0.5449
0009 | 20:11:51 |  15.1s | 1.0e-04 | 0.0595 | 0.8774 | 0.8097 | 0.5679 | 0.0569 | 0.8825 | 0.7954 | 0.5594
0010 | 20:12:16 |  15.0s | 1.0e-04 | 0.0552 | 0.8849 | 0.8250 | 0.6083 | 0.0536 | 0.8943 | 0.8109 | 0.5703
0011 | 20:12:41 |  14.4s | 1.0e-04 | 0.0547 | 0.8880 | 0.8229 | 0.5963 | 0.0535 | 0.8747 | 0.8483 | 0.6252
0012 | 20:13:07 |  14.3s | 1.0e-04 | 0.0523 | 0.8891 | 0.8338 | 0.6313 | 0.0529 | 0.8955 | 0.8071 | 0.6051
0013 | 20:13:32 |  14.3s | 1.0e-04 | 0.0511 | 0.8930 | 0.8367 | 0.6462 | 0.0585 | 0.9320 | 0.7404 | 0.5508
0014 | 20:13:56 |  14.3s | 1.0e-04 | 0.0504 | 0.8942 | 0.8409 | 0.6535 | 0.0497 | 0.8735 | 0.8523 | 0.6015
0015 | 20:14:20 |  14.4s | 1.0e-04 | 0.0499 | 0.8944 | 0.8446 | 0.6703 | 0.0498 | 0.8900 | 0.8296 | 0.6088
0016 | 20:14:45 |  14.4s | 1.0e-04 | 0.0491 | 0.8990 | 0.8466 | 0.6723 | 0.0492 | 0.9156 | 0.8213 | 0.6809
0017 | 20:15:09 |  14.9s | 1.0e-04 | 0.0479 | 0.9022 | 0.8493 | 0.6903 | 0.0508 | 0.8640 | 0.8579 | 0.6102
0018 | 20:15:35 |  19.8s | 1.0e-04 | 0.0474 | 0.9020 | 0.8535 | 0.6895 | 0.0518 | 0.8812 | 0.8491 | 0.6220
0019 | 20:16:07 |  20.5s | 1.0e-04 | 0.0466 | 0.9022 | 0.8529 | 0.6947 | 0.0471 | 0.9110 | 0.8245 | 0.6630
0020 | 20:16:43 |  16.5s | 1.0e-04 | 0.0468 | 0.9035 | 0.8582 | 0.7096 | 0.0445 | 0.9027 | 0.8563 | 0.6855
0021 | 20:17:09 |  14.6s | 1.0e-04 | 0.0457 | 0.9069 | 0.8593 | 0.7145 | 0.0467 | 0.8765 | 0.8579 | 0.6302
0022 | 20:17:34 |  14.7s | 1.0e-04 | 0.0446 | 0.9087 | 0.8650 | 0.7334 | 0.0469 | 0.8912 | 0.8513 | 0.6794
0023 | 20:17:59 |  14.6s | 1.0e-04 | 0.0445 | 0.9079 | 0.8611 | 0.7202 | 0.0462 | 0.9013 | 0.8481 | 0.6875
0024 | 20:18:23 |  14.5s | 1.0e-04 | 0.0431 | 0.9080 | 0.8669 | 0.7378 | 0.0458 | 0.9118 | 0.8398 | 0.6974
0025 | 20:18:48 |  14.4s | 1.0e-04 | 0.0423 | 0.9096 | 0.8695 | 0.7556 | 0.0446 | 0.9007 | 0.8508 | 0.6834
0026 | 20:19:12 |  14.3s | 1.0e-04 | 0.0418 | 0.9126 | 0.8704 | 0.7563 | 0.0417 | 0.8950 | 0.8743 | 0.7206
0027 | 20:19:36 |  14.2s | 1.0e-04 | 0.0409 | 0.9130 | 0.8738 | 0.7669 | 0.0434 | 0.8744 | 0.8787 | 0.7145
0028 | 20:20:00 |  14.3s | 1.0e-04 | 0.0419 | 0.9131 | 0.8713 | 0.7527 | 0.0440 | 0.9264 | 0.8309 | 0.7191
0029 | 20:20:24 |  14.3s | 1.0e-04 | 0.0395 | 0.9153 | 0.8773 | 0.7826 | 0.0413 | 0.9152 | 0.8495 | 0.7242
0030 | 20:20:48 |  14.2s | 1.0e-04 | 0.0392 | 0.9145 | 0.8738 | 0.7785 | 0.0431 | 0.8953 | 0.8747 | 0.7282
0031 | 20:21:12 |  14.3s | 1.0e-04 | 0.0384 | 0.9156 | 0.8786 | 0.7865 | 0.0388 | 0.9161 | 0.8610 | 0.7626
0032 | 20:21:37 |  24.5s | 1.0e-04 | 0.0393 | 0.9164 | 0.8819 | 0.7977 | 0.0403 | 0.9194 | 0.8587 | 0.7646
0033 | 20:22:11 |  14.1s | 1.0e-04 | 0.0377 | 0.9194 | 0.8880 | 0.8157 | 0.0399 | 0.8859 | 0.8837 | 0.7588
0034 | 20:22:35 |  13.9s | 1.0e-04 | 0.0369 | 0.9225 | 0.8918 | 0.8240 | 0.0407 | 0.9053 | 0.8495 | 0.7186
0035 | 20:22:59 |  13.8s | 1.0e-04 | 0.0358 | 0.9217 | 0.8911 | 0.8245 | 0.0398 | 0.9133 | 0.8616 | 0.7372
0036 | 20:23:22 |  13.8s | 1.0e-04 | 0.0354 | 0.9223 | 0.8951 | 0.8408 | 0.0379 | 0.8933 | 0.8912 | 0.7718
0037 | 20:23:46 |  13.9s | 1.0e-04 | 0.0351 | 0.9227 | 0.8964 | 0.8389 | 0.0356 | 0.9269 | 0.8669 | 0.8129
0038 | 20:24:10 |  13.9s | 1.0e-04 | 0.0360 | 0.9225 | 0.8935 | 0.8338 | 0.0352 | 0.8984 | 0.8991 | 0.8019
0039 | 20:24:33 |  14.0s | 1.0e-04 | 0.0350 | 0.9233 | 0.8976 | 0.8451 | 0.0358 | 0.9002 | 0.8925 | 0.7921
0040 | 20:24:57 |  14.1s | 1.0e-04 | 0.0335 | 0.9238 | 0.9024 | 0.8570 | 0.0384 | 0.9127 | 0.8788 | 0.7914
0041 | 20:25:21 |  14.3s | 1.0e-04 | 0.0339 | 0.9241 | 0.8991 | 0.8488 | 0.0375 | 0.9006 | 0.9032 | 0.8127
0042 | 20:25:45 |  14.3s | 1.0e-04 | 0.0328 | 0.9267 | 0.9019 | 0.8586 | 0.0361 | 0.9014 | 0.8948 | 0.8071
0043 | 20:26:09 |  14.0s | 1.0e-04 | 0.0322 | 0.9261 | 0.9050 | 0.8636 | 0.0353 | 0.9140 | 0.8728 | 0.8021
0044 | 20:26:33 |  14.0s | 1.0e-04 | 0.0336 | 0.9266 | 0.9068 | 0.8635 | 0.0361 | 0.9199 | 0.8725 | 0.8080
0045 | 20:26:57 |  14.0s | 1.0e-04 | 0.0333 | 0.9258 | 0.9053 | 0.8609 | 0.0348 | 0.9226 | 0.8724 | 0.8157
0046 | 20:27:20 |  14.3s | 1.0e-04 | 0.0328 | 0.9249 | 0.9046 | 0.8629 | 0.0375 | 0.8886 | 0.9082 | 0.8024
0047 | 20:27:45 |  14.0s | 1.0e-04 | 0.0321 | 0.9259 | 0.9078 | 0.8661 | 0.0359 | 0.9216 | 0.8769 | 0.8012
0048 | 20:28:08 |  13.9s | 1.0e-04 | 0.0319 | 0.9288 | 0.9080 | 0.8650 | 0.0333 | 0.9087 | 0.8997 | 0.8218
0049 | 20:28:32 |  13.9s | 1.0e-04 | 0.0313 | 0.9291 | 0.9090 | 0.8748 | 0.0322 | 0.9082 | 0.9083 | 0.8314
0050 | 20:28:56 |  14.0s | 1.0e-04 | 0.0315 | 0.9281 | 0.9127 | 0.8761 | 0.0335 | 0.9002 | 0.9028 | 0.8201
0051 | 20:29:20 |  14.3s | 1.0e-04 | 0.0311 | 0.9280 | 0.9078 | 0.8712 | 0.0331 | 0.9190 | 0.8927 | 0.8324
0052 | 20:29:44 |  14.2s | 1.0e-04 | 0.0313 | 0.9268 | 0.9089 | 0.8751 | 0.0352 | 0.9227 | 0.8808 | 0.8169
0053 | 20:30:08 |  14.2s | 1.0e-04 | 0.0312 | 0.9283 | 0.9107 | 0.8739 | 0.0339 | 0.9025 | 0.9079 | 0.8413
0054 | 20:30:32 |  13.9s | 1.0e-04 | 0.0310 | 0.9290 | 0.9122 | 0.8791 | 0.0345 | 0.9125 | 0.8807 | 0.8024
0055 | 20:30:56 |  14.6s | 1.0e-04 | 0.0315 | 0.9272 | 0.9135 | 0.8798 | 0.0314 | 0.9198 | 0.8873 | 0.8170
0056 | 20:31:20 |  14.1s | 1.0e-04 | 0.0314 | 0.9277 | 0.9137 | 0.8802 | 0.0329 | 0.9127 | 0.9006 | 0.8278
0057 | 20:31:44 |  14.1s | 1.0e-04 | 0.0304 | 0.9303 | 0.9133 | 0.8852 | 0.0336 | 0.9168 | 0.8911 | 0.8236
0058 | 20:32:08 |  14.0s | 1.0e-04 | 0.0306 | 0.9323 | 0.9113 | 0.8793 | 0.0343 | 0.9052 | 0.8949 | 0.8233
0059 | 20:32:31 |  13.8s | 1.0e-04 | 0.0303 | 0.9301 | 0.9136 | 0.8818 | 0.0318 | 0.9179 | 0.8985 | 0.8365
0060 | 20:32:55 |  13.9s | 1.0e-04 | 0.0303 | 0.9301 | 0.9141 | 0.8818 | 0.0353 | 0.9275 | 0.8704 | 0.8221
0061 | 20:33:19 |  13.9s | 1.0e-04 | 0.0304 | 0.9319 | 0.9145 | 0.8817 | 0.0329 | 0.9369 | 0.8659 | 0.8319
0062 | 20:33:42 |  13.8s | 1.0e-04 | 0.0303 | 0.9310 | 0.9146 | 0.8837 | 0.0319 | 0.9097 | 0.9084 | 0.8440
0063 | 20:34:07 |  23.9s | 1.0e-04 | 0.0299 | 0.9315 | 0.9161 | 0.8874 | 0.0333 | 0.9166 | 0.9149 | 0.8635
0064 | 20:34:40 |  14.6s | 1.0e-04 | 0.0311 | 0.9290 | 0.9092 | 0.8748 | 0.0318 | 0.9083 | 0.9159 | 0.8641
0065 | 20:35:05 |  14.4s | 1.0e-04 | 0.0298 | 0.9291 | 0.9164 | 0.8855 | 0.0316 | 0.9289 | 0.8778 | 0.8289
0066 | 20:35:29 |  14.2s | 1.0e-04 | 0.0304 | 0.9278 | 0.9114 | 0.8740 | 0.0307 | 0.9153 | 0.9138 | 0.8518
0067 | 20:35:53 |  14.6s | 1.0e-04 | 0.0297 | 0.9294 | 0.9136 | 0.8829 | 0.0299 | 0.9229 | 0.9035 | 0.8582
0068 | 20:36:18 |  14.3s | 1.0e-04 | 0.0299 | 0.9295 | 0.9131 | 0.8807 | 0.0326 | 0.9255 | 0.8992 | 0.8574
0069 | 20:36:42 |  14.2s | 1.0e-04 | 0.0295 | 0.9309 | 0.9156 | 0.8888 | 0.0326 | 0.9006 | 0.9184 | 0.8492
0070 | 20:37:06 |  14.3s | 1.0e-04 | 0.0293 | 0.9292 | 0.9155 | 0.8846 | 0.0302 | 0.9348 | 0.8874 | 0.8591
0071 | 20:37:31 |  14.2s | 1.0e-04 | 0.0295 | 0.9292 | 0.9125 | 0.8785 | 0.0324 | 0.8983 | 0.9185 | 0.8501
0072 | 20:37:55 |  14.6s | 1.0e-04 | 0.0298 | 0.9316 | 0.9137 | 0.8816 | 0.0310 | 0.9169 | 0.9057 | 0.8366
0073 | 20:38:20 |  14.3s | 1.0e-04 | 0.0295 | 0.9307 | 0.9178 | 0.8874 | 0.0339 | 0.8958 | 0.9128 | 0.8314
0074 | 20:38:44 |  14.7s | 1.0e-04 | 0.0291 | 0.9311 | 0.9170 | 0.8874 | 0.0310 | 0.9309 | 0.8939 | 0.8684
0075 | 20:39:09 |  14.5s | 1.0e-04 | 0.0286 | 0.9303 | 0.9117 | 0.8811 | 0.0288 | 0.9043 | 0.9208 | 0.8545
0076 | 20:39:33 |  14.2s | 1.0e-04 | 0.0291 | 0.9316 | 0.9167 | 0.8864 | 0.0312 | 0.9032 | 0.9194 | 0.8511
0077 | 20:39:58 |  14.3s | 1.0e-04 | 0.0288 | 0.9335 | 0.9184 | 0.8933 | 0.0307 | 0.9189 | 0.9101 | 0.8577
0078 | 20:40:22 |  14.5s | 1.0e-04 | 0.0290 | 0.9317 | 0.9168 | 0.8922 | 0.0308 | 0.9196 | 0.9001 | 0.8493
0079 | 20:40:47 |  14.4s | 1.0e-04 | 0.0291 | 0.9316 | 0.9195 | 0.8939 | 0.0300 | 0.9067 | 0.9099 | 0.8450
0080 | 20:41:11 |  14.4s | 1.0e-04 | 0.0290 | 0.9307 | 0.9200 | 0.8927 | 0.0314 | 0.9355 | 0.8878 | 0.8624
0081 | 20:41:36 |  14.4s | 1.0e-04 | 0.0284 | 0.9312 | 0.9186 | 0.8926 | 0.0330 | 0.9000 | 0.9203 | 0.8458
0082 | 20:42:00 |  14.2s | 1.0e-04 | 0.0292 | 0.9327 | 0.9187 | 0.8915 | 0.0284 | 0.9307 | 0.9059 | 0.8747
0083 | 20:42:25 |  14.1s | 1.0e-04 | 0.0282 | 0.9316 | 0.9191 | 0.8926 | 0.0291 | 0.9183 | 0.9107 | 0.8623
0084 | 20:42:49 |  14.4s | 1.0e-04 | 0.0282 | 0.9330 | 0.9187 | 0.8929 | 0.0299 | 0.9168 | 0.9125 | 0.8667
0085 | 20:43:13 |  14.3s | 1.0e-04 | 0.0287 | 0.9342 | 0.9177 | 0.8928 | 0.0298 | 0.9116 | 0.9287 | 0.8771
0086 | 20:43:38 |  14.3s | 1.0e-04 | 0.0278 | 0.9336 | 0.9212 | 0.8971 | 0.0299 | 0.9032 | 0.9167 | 0.8461
0087 | 20:44:02 |  14.2s | 1.0e-04 | 0.0285 | 0.9312 | 0.9143 | 0.8855 | 0.0313 | 0.9010 | 0.9224 | 0.8485
0088 | 20:44:27 |  14.2s | 1.0e-04 | 0.0295 | 0.9314 | 0.9154 | 0.8862 | 0.0309 | 0.9152 | 0.9111 | 0.8553
0089 | 20:44:51 |  14.2s | 1.0e-04 | 0.0290 | 0.9332 | 0.9205 | 0.8958 | 0.0307 | 0.9423 | 0.8874 | 0.8642
0090 | 20:45:16 |  14.4s | 1.0e-04 | 0.0282 | 0.9326 | 0.9173 | 0.8920 | 0.0289 | 0.9222 | 0.9109 | 0.8626
0091 | 20:45:40 |  14.3s | 1.0e-04 | 0.0280 | 0.9320 | 0.9194 | 0.8972 | 0.0304 | 0.9081 | 0.9180 | 0.8580
0092 | 20:46:05 |  14.2s | 1.0e-04 | 0.0277 | 0.9329 | 0.9229 | 0.8991 | 0.0286 | 0.9346 | 0.9062 | 0.8839
0093 | 20:46:29 |  14.2s | 1.0e-04 | 0.0283 | 0.9324 | 0.9200 | 0.8960 | 0.0288 | 0.9173 | 0.9076 | 0.8557
0094 | 20:46:54 |  26.7s | 1.0e-04 | 0.0274 | 0.9336 | 0.9235 | 0.9015 | 0.0285 | 0.9280 | 0.9082 | 0.8629
0095 | 20:47:30 |  14.4s | 1.0e-04 | 0.0272 | 0.9347 | 0.9219 | 0.8980 | 0.0291 | 0.9236 | 0.9189 | 0.8767
0096 | 20:47:55 |  14.4s | 1.0e-04 | 0.1907 | 0.9335 | 0.9193 | 0.8959 | 0.0326 | 0.8963 | 0.9239 | 0.8449
0097 | 20:48:20 |  14.4s | 1.0e-04 | 0.0267 | 0.9329 | 0.9247 | 0.9043 | 0.0299 | 0.9180 | 0.9029 | 0.8439
0098 | 20:48:44 |  14.3s | 1.0e-04 | 0.0264 | 0.9351 | 0.9213 | 0.8986 | 0.0299 | 0.9200 | 0.9056 | 0.8556
0099 | 20:49:09 |  14.8s | 1.0e-04 | 0.0261 | 0.9350 | 0.9245 | 0.9051 | 0.0322 | 0.9345 | 0.8846 | 0.8523
0100 | 20:49:34 |  14.4s | 1.0e-04 | 0.0262 | 0.9345 | 0.9265 | 0.9078 | 0.0308 | 0.9070 | 0.9193 | 0.8637
0101 | 20:49:58 |  14.6s | 1.0e-04 | 0.0265 | 0.9328 | 0.9219 | 0.8997 | 0.0279 | 0.9253 | 0.9140 | 0.8792
0102 | 20:50:23 |  14.5s | 1.0e-04 | 0.0271 | 0.9324 | 0.9224 | 0.8994 | 0.0295 | 0.9265 | 0.9124 | 0.8708
0103 | 20:50:48 |  14.4s | 1.0e-04 | 0.0271 | 0.9317 | 0.9191 | 0.8926 | 0.0295 | 0.9324 | 0.9008 | 0.8654
0104 | 20:51:12 |  14.3s | 1.0e-04 | 0.0267 | 0.9355 | 0.9215 | 0.8991 | 0.0284 | 0.9125 | 0.9133 | 0.8571
0105 | 20:51:37 |  14.4s | 1.0e-04 | 0.0258 | 0.9359 | 0.9258 | 0.9062 | 0.0306 | 0.9098 | 0.9214 | 0.8629
0106 | 20:52:01 |  14.4s | 1.0e-04 | 0.0257 | 0.9377 | 0.9250 | 0.9081 | 0.0290 | 0.9358 | 0.8948 | 0.8707
0107 | 20:52:26 |  14.3s | 1.0e-04 | 0.0256 | 0.9360 | 0.9244 | 0.9078 | 0.0308 | 0.9319 | 0.8923 | 0.8548
0108 | 20:52:50 |  14.5s | 1.0e-04 | 0.0267 | 0.9312 | 0.9242 | 0.8987 | 0.0312 | 0.9147 | 0.8990 | 0.8374
0109 | 20:53:15 |  14.3s | 1.0e-04 | 0.0259 | 0.9354 | 0.9233 | 0.9028 | 0.0295 | 0.9103 | 0.9363 | 0.8863
0110 | 20:53:40 |  14.7s | 1.0e-04 | 0.0261 | 0.9339 | 0.9235 | 0.9042 | 0.0314 | 0.9301 | 0.8962 | 0.8554
0111 | 20:54:04 |  14.6s | 1.0e-04 | 0.0261 | 0.9335 | 0.9259 | 0.9061 | 0.0283 | 0.9452 | 0.9020 | 0.8934
0112 | 20:54:29 |  14.5s | 1.0e-04 | 0.0255 | 0.9392 | 0.9269 | 0.9117 | 0.0300 | 0.9118 | 0.9192 | 0.8721
0113 | 20:54:54 |  14.6s | 1.0e-04 | 0.0265 | 0.9341 | 0.9221 | 0.8964 | 0.0287 | 0.9137 | 0.9191 | 0.8646
0114 | 20:55:18 |  14.6s | 1.0e-04 | 0.0262 | 0.9354 | 0.9229 | 0.9012 | 0.0286 | 0.9301 | 0.8994 | 0.8595
0115 | 20:55:43 |  14.4s | 1.0e-04 | 0.0255 | 0.9363 | 0.9260 | 0.9063 | 0.0300 | 0.9322 | 0.8979 | 0.8671
0116 | 20:56:08 |  14.4s | 1.0e-04 | 0.0258 | 0.9338 | 0.9263 | 0.9061 | 0.0300 | 0.9314 | 0.9025 | 0.8702
0117 | 20:56:32 |  14.4s | 1.0e-04 | 0.0257 | 0.9353 | 0.9240 | 0.9052 | 0.0296 | 0.9275 | 0.9111 | 0.8777
0118 | 20:56:57 |  14.5s | 1.0e-04 | 0.0260 | 0.9371 | 0.9297 | 0.9138 | 0.0274 | 0.9363 | 0.9088 | 0.8935
0119 | 20:57:21 |  14.8s | 1.0e-04 | 0.0262 | 0.9364 | 0.9285 | 0.9103 | 0.0307 | 0.9411 | 0.8944 | 0.8788
0120 | 20:57:46 |  14.4s | 1.0e-04 | 0.0257 | 0.9349 | 0.9233 | 0.9042 | 0.0310 | 0.9302 | 0.8943 | 0.8571
0121 | 20:58:11 |  14.5s | 1.0e-04 | 0.0261 | 0.9352 | 0.9264 | 0.9057 | 0.0274 | 0.9219 | 0.9201 | 0.8776
0122 | 20:58:35 |  14.6s | 1.0e-04 | 0.0257 | 0.9349 | 0.9270 | 0.9072 | 0.0293 | 0.9283 | 0.8910 | 0.8593
0123 | 20:59:00 |  14.7s | 1.0e-04 | 0.0255 | 0.9367 | 0.9291 | 0.9126 | 0.0288 | 0.9289 | 0.9061 | 0.8790
0124 | 20:59:25 |  14.5s | 1.0e-04 | 0.0253 | 0.9367 | 0.9239 | 0.9076 | 0.0283 | 0.9164 | 0.9246 | 0.8722
0125 | 20:59:49 |  14.5s | 1.0e-04 | 0.0243 | 0.9374 | 0.9283 | 0.9116 | 0.0317 | 0.8883 | 0.9434 | 0.8752
0126 | 21:00:17 |  14.2s | 1.0e-04 | 0.0256 | 0.9382 | 0.9294 | 0.9150 | 0.0278 | 0.9252 | 0.9209 | 0.8963
0127 | 21:00:42 |  14.1s | 1.0e-04 | 0.0265 | 0.9369 | 0.9256 | 0.9080 | 0.0278 | 0.9283 | 0.9184 | 0.8843
0128 | 21:01:06 |  14.4s | 1.0e-04 | 0.0261 | 0.9372 | 0.9290 | 0.9126 | 0.0309 | 0.9398 | 0.8852 | 0.8694
0129 | 21:01:30 |  14.1s | 1.0e-04 | 0.0263 | 0.9372 | 0.9259 | 0.9081 | 0.0273 | 0.9430 | 0.8998 | 0.8780
0130 | 21:01:55 |  14.3s | 1.0e-04 | 0.0255 | 0.9396 | 0.9278 | 0.9134 | 0.0289 | 0.9281 | 0.8976 | 0.8707
0131 | 21:02:19 |  14.0s | 1.0e-04 | 0.0259 | 0.9389 | 0.9284 | 0.9149 | 0.0298 | 0.9205 | 0.9159 | 0.8745
0132 | 21:02:43 |  14.3s | 1.0e-04 | 0.0259 | 0.9368 | 0.9282 | 0.9103 | 0.0290 | 0.9131 | 0.9381 | 0.8965
0133 | 21:03:08 |  14.2s | 1.0e-04 | 0.0253 | 0.9384 | 0.9311 | 0.9167 | 0.0279 | 0.9195 | 0.9171 | 0.8794
0134 | 21:03:32 |  14.5s | 1.0e-04 | 0.0258 | 0.9383 | 0.9286 | 0.9137 | 0.0281 | 0.9293 | 0.9141 | 0.8793
0135 | 21:03:57 |  14.2s | 1.0e-04 | 0.0257 | 0.9392 | 0.9291 | 0.9139 | 0.0273 | 0.9214 | 0.9302 | 0.8903
0136 | 21:04:21 |  14.4s | 1.0e-04 | 0.0262 | 0.9365 | 0.9250 | 0.9080 | 0.0296 | 0.9551 | 0.8779 | 0.8851
0137 | 21:04:46 |  14.3s | 1.0e-04 | 0.0256 | 0.9367 | 0.9269 | 0.9104 | 0.0290 | 0.8991 | 0.9392 | 0.8781
0138 | 21:05:10 |  14.2s | 1.0e-04 | 0.0267 | 0.9370 | 0.9287 | 0.9131 | 0.0273 | 0.9389 | 0.9047 | 0.8780
0139 | 21:05:34 |  14.0s | 1.0e-04 | 0.0255 | 0.9391 | 0.9309 | 0.9140 | 0.0294 | 0.9277 | 0.9072 | 0.8654
0140 | 21:05:58 |  14.0s | 1.0e-04 | 0.0257 | 0.9376 | 0.9285 | 0.9155 | 0.0276 | 0.9261 | 0.9263 | 0.8985
0141 | 21:06:23 |  14.2s | 1.0e-04 | 0.0255 | 0.9375 | 0.9304 | 0.9162 | 0.0269 | 0.9230 | 0.9132 | 0.8838
0142 | 21:06:47 |  14.1s | 1.0e-04 | 0.0256 | 0.9392 | 0.9309 | 0.9144 | 0.0278 | 0.9352 | 0.9235 | 0.9008
0143 | 21:07:11 |  14.1s | 1.0e-04 | 0.0255 | 0.9391 | 0.9332 | 0.9189 | 0.0276 | 0.9247 | 0.9090 | 0.8687
0144 | 21:07:35 |  14.5s | 1.0e-04 | 0.0257 | 0.9373 | 0.9312 | 0.9164 | 0.0288 | 0.9324 | 0.9119 | 0.8752
0145 | 21:08:00 |  14.1s | 1.0e-04 | 0.0257 | 0.9398 | 0.9289 | 0.9154 | 0.0293 | 0.9321 | 0.9071 | 0.8751
0146 | 21:08:24 |  14.2s | 1.0e-04 | 0.0250 | 0.9384 | 0.9286 | 0.9129 | 0.0279 | 0.9289 | 0.9044 | 0.8746
0147 | 21:08:49 |  14.1s | 1.0e-04 | 0.0254 | 0.9376 | 0.9298 | 0.9152 | 0.0297 | 0.9098 | 0.9131 | 0.8472
0148 | 21:09:13 |  14.1s | 1.0e-04 | 0.0256 | 0.9377 | 0.9308 | 0.9160 | 0.0268 | 0.9288 | 0.9154 | 0.8808
0149 | 21:09:37 |  14.1s | 1.0e-04 | 0.0255 | 0.9385 | 0.9314 | 0.9185 | 0.0258 | 0.9268 | 0.9252 | 0.8964
0150 | 21:10:01 |  14.0s | 1.0e-04 | 0.0259 | 0.9394 | 0.9296 | 0.9148 | 0.0285 | 0.9309 | 0.8931 | 0.8662
0151 | 21:10:26 |  14.0s | 1.0e-04 | 0.0250 | 0.9383 | 0.9308 | 0.9174 | 0.0279 | 0.9276 | 0.9226 | 0.8884
0152 | 21:10:50 |  14.2s | 1.0e-04 | 0.0260 | 0.9360 | 0.9279 | 0.9118 | 0.0275 | 0.9302 | 0.9168 | 0.8883
0153 | 21:11:14 |  14.0s | 1.0e-04 | 0.0257 | 0.9393 | 0.9300 | 0.9181 | 0.0283 | 0.9087 | 0.9403 | 0.8908
0154 | 21:11:38 |  14.2s | 1.0e-04 | 0.0255 | 0.9373 | 0.9323 | 0.9178 | 0.0262 | 0.9211 | 0.9275 | 0.8882
0155 | 21:12:03 |  14.2s | 1.0e-04 | 0.0252 | 0.9388 | 0.9309 | 0.9181 | 0.0278 | 0.9082 | 0.9285 | 0.8712
0156 | 21:12:27 |  14.3s | 1.0e-04 | 0.0258 | 0.9392 | 0.9312 | 0.9171 | 0.0269 | 0.9344 | 0.9138 | 0.8901
0157 | 21:12:51 |  22.8s | 1.0e-04 | 0.0245 | 0.9407 | 0.9340 | 0.9231 | 0.0278 | 0.9170 | 0.9271 | 0.8828
0158 | 21:13:24 |  14.0s | 1.0e-04 | 0.0242 | 0.9427 | 0.9355 | 0.9262 | 0.0253 | 0.9286 | 0.9305 | 0.9054
0159 | 21:13:48 |  14.1s | 1.0e-04 | 0.0242 | 0.9410 | 0.9364 | 0.9266 | 0.0281 | 0.9318 | 0.9142 | 0.8860
0160 | 21:14:12 |  14.0s | 1.0e-04 | 0.0238 | 0.9417 | 0.9350 | 0.9248 | 0.0291 | 0.9201 | 0.9185 | 0.8746
0161 | 21:14:36 |  14.2s | 1.0e-04 | 0.0235 | 0.9405 | 0.9361 | 0.9260 | 0.0290 | 0.9140 | 0.9215 | 0.8698
0162 | 21:15:00 |  14.2s | 1.0e-04 | 0.0232 | 0.9427 | 0.9381 | 0.9314 | 0.0281 | 0.9439 | 0.8990 | 0.8878
0163 | 21:15:24 |  14.1s | 1.0e-04 | 0.0238 | 0.9433 | 0.9363 | 0.9288 | 0.0291 | 0.9306 | 0.9051 | 0.8782
0164 | 21:15:48 |  14.0s | 1.0e-04 | 0.0237 | 0.9434 | 0.9373 | 0.9292 | 0.0286 | 0.9098 | 0.9173 | 0.8624
0165 | 21:16:12 |  14.3s | 1.0e-04 | 0.0239 | 0.9401 | 0.9339 | 0.9230 | 0.0279 | 0.9252 | 0.9134 | 0.8687
0166 | 21:16:36 |  14.2s | 1.0e-04 | 0.0248 | 0.9397 | 0.9349 | 0.9238 | 0.0292 | 0.9181 | 0.9170 | 0.8654
0167 | 21:17:01 |  14.1s | 1.0e-04 | 0.0233 | 0.9431 | 0.9351 | 0.9281 | 0.0284 | 0.9340 | 0.9022 | 0.8654
0168 | 21:17:25 |  14.1s | 1.0e-04 | 0.0236 | 0.9432 | 0.9356 | 0.9280 | 0.0289 | 0.9044 | 0.9350 | 0.8815
0169 | 21:17:49 |  14.3s | 1.0e-04 | 0.0236 | 0.9424 | 0.9367 | 0.9277 | 0.0270 | 0.9291 | 0.9202 | 0.8874
0170 | 21:18:13 |  14.0s | 1.0e-04 | 0.0233 | 0.9427 | 0.9362 | 0.9276 | 0.0293 | 0.9359 | 0.9006 | 0.8775
0171 | 21:18:37 |  14.0s | 1.0e-04 | 0.0240 | 0.9427 | 0.9373 | 0.9292 | 0.0282 | 0.9340 | 0.9116 | 0.8809
0172 | 21:19:01 |  14.0s | 1.0e-04 | 0.0235 | 0.9438 | 0.9369 | 0.9305 | 0.0277 | 0.9250 | 0.9191 | 0.8863
0173 | 21:19:25 |  14.0s | 1.0e-04 | 0.0231 | 0.9440 | 0.9362 | 0.9299 | 0.0286 | 0.9163 | 0.9229 | 0.8793
0174 | 21:19:49 |  14.1s | 1.0e-04 | 0.0234 | 0.9442 | 0.9323 | 0.9242 | 0.0267 | 0.9243 | 0.9249 | 0.8907
0175 | 21:20:13 |  14.0s | 1.0e-04 | 0.0233 | 0.9425 | 0.9389 | 0.9309 | 0.0279 | 0.9358 | 0.9039 | 0.8742
0176 | 21:20:37 |  14.1s | 1.0e-04 | 0.0235 | 0.9435 | 0.9361 | 0.9278 | 0.0292 | 0.9309 | 0.8848 | 0.8566
0177 | 21:21:01 |  14.2s | 1.0e-04 | 0.0236 | 0.9434 | 0.9369 | 0.9294 | 0.0298 | 0.9264 | 0.9000 | 0.8662
0178 | 21:21:26 |  14.0s | 1.0e-04 | 0.0236 | 0.9430 | 0.9340 | 0.9263 | 0.0276 | 0.9393 | 0.8948 | 0.8765
0179 | 21:21:49 |  14.0s | 1.0e-04 | 0.0232 | 0.9415 | 0.9382 | 0.9289 | 0.0290 | 0.9167 | 0.9239 | 0.8796
0180 | 21:22:14 |  14.1s | 1.0e-04 | 0.0225 | 0.9435 | 0.9392 | 0.9331 | 0.0273 | 0.9317 | 0.9062 | 0.8719
0181 | 21:22:38 |  13.9s | 1.0e-04 | 0.0233 | 0.9435 | 0.9370 | 0.9300 | 0.0274 | 0.9266 | 0.9179 | 0.8843
0182 | 21:23:01 |  14.0s | 1.0e-04 | 0.0237 | 0.9430 | 0.9348 | 0.9240 | 0.0264 | 0.9222 | 0.9114 | 0.8709
0183 | 21:23:25 |  14.0s | 1.0e-04 | 0.0231 | 0.9446 | 0.9384 | 0.9326 | 0.0273 | 0.9201 | 0.9226 | 0.8782
0184 | 21:23:49 |  13.9s | 1.0e-04 | 0.0238 | 0.9413 | 0.9378 | 0.9293 | 0.0278 | 0.9312 | 0.9074 | 0.8742
0185 | 21:24:13 |  14.0s | 1.0e-04 | 0.0240 | 0.9426 | 0.9346 | 0.9251 | 0.0282 | 0.9314 | 0.9026 | 0.8690
0186 | 21:24:37 |  13.8s | 1.0e-04 | 0.0232 | 0.9421 | 0.9359 | 0.9266 | 0.0288 | 0.9122 | 0.9299 | 0.8780
0187 | 21:25:01 |  14.0s | 1.0e-04 | 0.0226 | 0.9452 | 0.9378 | 0.9340 | 0.0272 | 0.9203 | 0.9273 | 0.8918
0188 | 21:25:25 |  26.1s | 1.0e-04 | 0.0235 | 0.9410 | 0.9350 | 0.9232 | 0.0265 | 0.9264 | 0.9336 | 0.9050
0189 | 21:26:01 |  14.0s | 1.0e-04 | 0.0233 | 0.9437 | 0.9382 | 0.9308 | 0.0286 | 0.9236 | 0.9081 | 0.8721
0190 | 21:26:25 |  14.1s | 1.0e-04 | 0.0239 | 0.9421 | 0.9360 | 0.9248 | 0.0270 | 0.9137 | 0.9348 | 0.8911
0191 | 21:26:49 |  14.1s | 1.0e-04 | 0.0237 | 0.9410 | 0.9351 | 0.9237 | 0.0272 | 0.9251 | 0.9120 | 0.8793
0192 | 21:27:13 |  14.2s | 1.0e-04 | 0.0239 | 0.9421 | 0.9344 | 0.9269 | 0.0270 | 0.9276 | 0.9189 | 0.8914
0193 | 21:27:37 |  14.4s | 1.0e-04 | 0.0238 | 0.9423 | 0.9343 | 0.9248 | 0.0287 | 0.9365 | 0.9053 | 0.8834
0194 | 21:28:01 |  14.1s | 1.0e-04 | 0.0238 | 0.9417 | 0.9356 | 0.9262 | 0.0259 | 0.9186 | 0.9202 | 0.8790
0195 | 21:28:26 |  14.0s | 1.0e-04 | 0.0242 | 0.9405 | 0.9351 | 0.9224 | 0.0280 | 0.9120 | 0.9304 | 0.8829
0196 | 21:28:49 |  14.0s | 1.0e-04 | 0.0233 | 0.9418 | 0.9361 | 0.9276 | 0.0271 | 0.9218 | 0.9291 | 0.8877
0197 | 21:29:13 |  14.1s | 1.0e-04 | 0.0233 | 0.9441 | 0.9369 | 0.9298 | 0.0265 | 0.9263 | 0.9114 | 0.8753
0198 | 21:29:37 |  14.1s | 1.0e-04 | 0.0235 | 0.9413 | 0.9362 | 0.9251 | 0.0278 | 0.9219 | 0.9219 | 0.8812
0199 | 21:30:01 |  14.1s | 1.0e-04 | 0.0232 | 0.9437 | 0.9397 | 0.9333 | 0.0265 | 0.9222 | 0.9237 | 0.8886
0200 | 21:30:26 |  14.1s | 1.0e-04 | 0.0237 | 0.9441 | 0.9347 | 0.9269 | 0.0264 | 0.9303 | 0.9159 | 0.8846
0201 | 21:30:50 |  14.1s | 1.0e-04 | 0.0228 | 0.9444 | 0.9355 | 0.9292 | 0.0271 | 0.9191 | 0.9259 | 0.8893
0202 | 21:31:14 |  14.2s | 1.0e-04 | 0.0242 | 0.9413 | 0.9340 | 0.9224 | 0.0281 | 0.9244 | 0.9234 | 0.8824
0203 | 21:31:38 |  14.0s | 1.0e-04 | 0.0241 | 0.9402 | 0.9327 | 0.9225 | 0.0287 | 0.9095 | 0.9331 | 0.8820
0204 | 21:32:02 |  14.2s | 1.0e-04 | 0.0231 | 0.9424 | 0.9361 | 0.9285 | 0.0271 | 0.9261 | 0.9196 | 0.8905
0205 | 21:32:26 |  14.1s | 1.0e-04 | 0.0236 | 0.9414 | 0.9367 | 0.9257 | 0.0274 | 0.9194 | 0.9238 | 0.8783
0206 | 21:32:50 |  14.0s | 1.0e-04 | 0.0233 | 0.9425 | 0.9374 | 0.9294 | 0.0258 | 0.9306 | 0.9188 | 0.8901
0207 | 21:33:14 |  14.1s | 1.0e-04 | 0.0236 | 0.9422 | 0.9372 | 0.9294 | 0.0278 | 0.9178 | 0.9287 | 0.8859
0208 | 21:33:38 |  14.3s | 1.0e-04 | 0.0231 | 0.9438 | 0.9387 | 0.9317 | 0.0261 | 0.9277 | 0.9224 | 0.8870
0209 | 21:34:02 |  14.3s | 1.0e-04 | 0.0235 | 0.9446 | 0.9365 | 0.9304 | 0.0267 | 0.9345 | 0.9158 | 0.8928
0210 | 21:34:26 |  14.2s | 1.0e-04 | 0.0239 | 0.9421 | 0.9360 | 0.9267 | 0.0260 | 0.9340 | 0.9155 | 0.8911
0211 | 21:34:50 |  13.8s | 1.0e-04 | 0.0234 | 0.9437 | 0.9367 | 0.9306 | 0.0259 | 0.9287 | 0.9161 | 0.8822
0212 | 21:35:14 |  14.3s | 1.0e-04 | 0.0230 | 0.9435 | 0.9388 | 0.9311 | 0.0290 | 0.8966 | 0.9395 | 0.8776
0213 | 21:35:38 |  14.3s | 1.0e-04 | 0.0231 | 0.9441 | 0.9365 | 0.9289 | 0.0288 | 0.9311 | 0.9194 | 0.8969
0214 | 21:36:02 |  14.0s | 1.0e-04 | 0.0234 | 0.9428 | 0.9353 | 0.9269 | 0.0270 | 0.9278 | 0.9174 | 0.8906
0215 | 21:36:26 |  14.2s | 1.0e-04 | 0.0224 | 0.9453 | 0.9393 | 0.9345 | 0.0254 | 0.9210 | 0.9299 | 0.8912
0216 | 21:36:50 |  14.1s | 1.0e-04 | 0.0230 | 0.9426 | 0.9385 | 0.9314 | 0.0269 | 0.9285 | 0.9072 | 0.8707
0217 | 21:37:14 |  14.2s | 1.0e-04 | 0.0233 | 0.9440 | 0.9396 | 0.9316 | 0.0272 | 0.9044 | 0.9397 | 0.8880
0218 | 21:37:38 |  14.2s | 1.0e-04 | 0.0230 | 0.9421 | 0.9384 | 0.9291 | 0.0266 | 0.9195 | 0.9327 | 0.8982
0219 | 21:38:03 |  23.5s | 1.0e-04 | 0.0241 | 0.9417 | 0.9367 | 0.9281 | 0.0276 | 0.9177 | 0.9205 | 0.8687
0220 | 21:38:36 |  14.3s | 1.0e-04 | 0.0234 | 0.9402 | 0.9326 | 0.9219 | 0.0268 | 0.9225 | 0.9212 | 0.8796
0221 | 21:39:00 |  14.5s | 1.0e-04 | 0.0232 | 0.9416 | 0.9347 | 0.9237 | 0.0272 | 0.9325 | 0.9235 | 0.9056
0222 | 21:39:25 |  14.5s | 1.0e-04 | 0.0235 | 0.9397 | 0.9331 | 0.9196 | 0.0254 | 0.9200 | 0.9327 | 0.8869
0223 | 21:39:49 |  14.2s | 1.0e-04 | 0.0239 | 0.9423 | 0.9339 | 0.9241 | 0.0250 | 0.9417 | 0.9068 | 0.9013
0224 | 21:40:13 |  14.3s | 1.0e-04 | 0.0239 | 0.9409 | 0.9335 | 0.9230 | 0.0265 | 0.9332 | 0.9215 | 0.9036
0225 | 21:40:37 |  14.3s | 1.0e-04 | 0.0236 | 0.9420 | 0.9315 | 0.9220 | 0.0270 | 0.9470 | 0.9062 | 0.9040
0226 | 21:41:02 |  14.2s | 1.0e-04 | 0.0231 | 0.9438 | 0.9357 | 0.9279 | 0.0274 | 0.9203 | 0.9134 | 0.8771
0227 | 21:41:26 |  14.2s | 1.0e-04 | 0.0239 | 0.9408 | 0.9354 | 0.9249 | 0.0265 | 0.9280 | 0.9268 | 0.8983
0228 | 21:41:50 |  14.2s | 1.0e-04 | 0.0234 | 0.9380 | 0.9323 | 0.9197 | 0.0269 | 0.9318 | 0.9172 | 0.8850
0229 | 21:42:14 |  14.1s | 1.0e-04 | 0.0240 | 0.9415 | 0.9326 | 0.9237 | 0.0289 | 0.9136 | 0.9250 | 0.8760
0230 | 21:42:38 |  14.4s | 1.0e-04 | 0.0240 | 0.9383 | 0.9320 | 0.9172 | 0.0275 | 0.9226 | 0.9330 | 0.8995
0231 | 21:43:02 |  14.3s | 1.0e-04 | 0.0229 | 0.9395 | 0.9352 | 0.9238 | 0.0265 | 0.9217 | 0.9294 | 0.8864
0232 | 21:43:26 |  14.2s | 1.0e-04 | 0.0228 | 0.9409 | 0.9344 | 0.9220 | 0.0261 | 0.9271 | 0.9155 | 0.8825
0233 | 21:43:51 |  14.4s | 1.0e-04 | 0.0231 | 0.9422 | 0.9384 | 0.9311 | 0.0271 | 0.9295 | 0.9168 | 0.8921
0234 | 21:44:15 |  14.4s | 1.0e-04 | 0.0234 | 0.9423 | 0.9344 | 0.9262 | 0.0265 | 0.9204 | 0.9210 | 0.8816
0235 | 21:44:39 |  14.1s | 1.0e-04 | 0.0231 | 0.9429 | 0.9331 | 0.9252 | 0.0268 | 0.9051 | 0.9401 | 0.8893
0236 | 21:45:03 |  14.3s | 1.0e-04 | 0.0227 | 0.9436 | 0.9338 | 0.9237 | 0.0265 | 0.9196 | 0.9425 | 0.9056
0237 | 21:45:28 |  14.3s | 1.0e-04 | 0.0235 | 0.9399 | 0.9346 | 0.9245 | 0.0256 | 0.9314 | 0.9181 | 0.8916
0238 | 21:45:52 |  14.2s | 1.0e-04 | 0.0233 | 0.9407 | 0.9334 | 0.9214 | 0.0273 | 0.9484 | 0.8974 | 0.9012
0239 | 21:46:16 |  14.5s | 1.0e-04 | 0.0233 | 0.9418 | 0.9338 | 0.9229 | 0.0237 | 0.9345 | 0.9275 | 0.9066
0240 | 21:46:40 |  14.3s | 1.0e-04 | 0.0237 | 0.9389 | 0.9352 | 0.9248 | 0.0266 | 0.9376 | 0.9133 | 0.8887
0241 | 21:47:05 |  14.2s | 1.0e-04 | 0.0239 | 0.9413 | 0.9337 | 0.9231 | 0.0266 | 0.9337 | 0.9170 | 0.8940
0242 | 21:47:29 |  14.3s | 1.0e-04 | 0.0227 | 0.9411 | 0.9365 | 0.9276 | 0.0267 | 0.9324 | 0.9090 | 0.8745
0243 | 21:47:53 |  14.1s | 1.0e-04 | 0.0232 | 0.9426 | 0.9348 | 0.9243 | 0.0260 | 0.9219 | 0.9289 | 0.8948
0244 | 21:48:17 |  14.3s | 1.0e-04 | 0.0236 | 0.9412 | 0.9339 | 0.9234 | 0.0270 | 0.9239 | 0.9191 | 0.8855
0245 | 21:48:41 |  14.2s | 1.0e-04 | 0.0233 | 0.9420 | 0.9337 | 0.9245 | 0.0260 | 0.9350 | 0.9290 | 0.9097
0246 | 21:49:06 |  14.2s | 1.0e-04 | 0.0231 | 0.9415 | 0.9348 | 0.9261 | 0.0267 | 0.9297 | 0.9274 | 0.9006
0247 | 21:49:30 |  14.1s | 1.0e-04 | 0.0236 | 0.9411 | 0.9329 | 0.9207 | 0.0266 | 0.9318 | 0.9091 | 0.8842
0248 | 21:49:54 |  14.3s | 1.0e-04 | 0.0236 | 0.9405 | 0.9363 | 0.9260 | 0.0256 | 0.9234 | 0.9304 | 0.8938
0249 | 21:50:18 |  14.4s | 1.0e-04 | 0.0227 | 0.9417 | 0.9357 | 0.9272 | 0.0259 | 0.9286 | 0.9325 | 0.9039
0250 | 21:50:42 |  14.1s | 1.0e-04 | 0.0233 | 0.9404 | 0.9339 | 0.9231 | 0.0265 | 0.9209 | 0.9323 | 0.8951
0251 | 21:51:09 |  14.7s | 1.0e-04 | 0.0225 | 0.9434 | 0.9402 | 0.9315 | 0.0261 | 0.9338 | 0.9178 | 0.8945
0252 | 21:51:33 |  14.1s | 1.0e-04 | 0.0232 | 0.9440 | 0.9385 | 0.9315 | 0.0252 | 0.9336 | 0.9218 | 0.9032
0253 | 21:51:57 |  14.1s | 1.0e-04 | 0.0243 | 0.9404 | 0.9357 | 0.9249 | 0.0245 | 0.9386 | 0.9176 | 0.9015
0254 | 21:52:21 |  14.1s | 1.0e-04 | 0.0229 | 0.9438 | 0.9373 | 0.9303 | 0.0260 | 0.9291 | 0.9240 | 0.8998
0255 | 21:52:45 |  14.1s | 1.0e-04 | 0.0235 | 0.9427 | 0.9407 | 0.9340 | 0.0260 | 0.9430 | 0.9057 | 0.8986
0256 | 21:53:09 |  14.5s | 1.0e-04 | 0.0237 | 0.9425 | 0.9372 | 0.9284 | 0.0264 | 0.9149 | 0.9434 | 0.9055
0257 | 21:53:34 |  14.2s | 1.0e-04 | 0.0234 | 0.9438 | 0.9382 | 0.9313 | 0.0269 | 0.9434 | 0.9115 | 0.8973
0258 | 21:53:58 |  14.3s | 1.0e-04 | 0.0235 | 0.9417 | 0.9387 | 0.9266 | 0.0257 | 0.9260 | 0.9278 | 0.9006
0259 | 21:54:22 |  14.1s | 1.0e-04 | 0.0235 | 0.9424 | 0.9354 | 0.9257 | 0.0256 | 0.9278 | 0.9172 | 0.8850
0260 | 21:54:46 |  14.1s | 1.0e-04 | 0.0236 | 0.9415 | 0.9393 | 0.9294 | 0.0268 | 0.9193 | 0.9245 | 0.8854
0261 | 21:55:10 |  14.4s | 1.0e-04 | 0.0236 | 0.9427 | 0.9368 | 0.9290 | 0.0278 | 0.9248 | 0.9165 | 0.8875
0262 | 21:55:34 |  14.3s | 1.0e-04 | 0.0227 | 0.9431 | 0.9392 | 0.9329 | 0.0275 | 0.9285 | 0.9092 | 0.8855
0263 | 21:55:59 |  14.1s | 1.0e-04 | 0.0233 | 0.9417 | 0.9368 | 0.9280 | 0.0246 | 0.9355 | 0.9234 | 0.8978
0264 | 21:56:23 |  14.4s | 1.0e-04 | 0.0234 | 0.9423 | 0.9378 | 0.9292 | 0.0253 | 0.9396 | 0.9115 | 0.8962
0265 | 21:56:47 |  14.6s | 1.0e-04 | 0.0235 | 0.9427 | 0.9365 | 0.9272 | 0.0260 | 0.9278 | 0.9216 | 0.8877
0266 | 21:57:12 |  14.5s | 1.0e-04 | 0.0224 | 0.9441 | 0.9401 | 0.9348 | 0.0237 | 0.9451 | 0.9168 | 0.9115
0267 | 21:57:36 |  14.4s | 1.0e-04 | 0.0228 | 0.9427 | 0.9391 | 0.9322 | 0.0266 | 0.9350 | 0.9185 | 0.8979
0268 | 21:58:00 |  14.1s | 1.0e-04 | 0.0231 | 0.9434 | 0.9375 | 0.9306 | 0.0268 | 0.9306 | 0.9036 | 0.8732
0269 | 21:58:24 |  14.4s | 1.0e-04 | 0.0227 | 0.9435 | 0.9410 | 0.9342 | 0.0253 | 0.9290 | 0.9278 | 0.9072
0270 | 21:58:48 |  14.1s | 1.0e-04 | 0.0229 | 0.9441 | 0.9375 | 0.9314 | 0.0260 | 0.9345 | 0.9189 | 0.9033
0271 | 21:59:12 |  14.2s | 1.0e-04 | 0.0238 | 0.9435 | 0.9361 | 0.9292 | 0.0267 | 0.9205 | 0.9260 | 0.8890
0272 | 21:59:37 |  14.2s | 1.0e-04 | 0.0228 | 0.9417 | 0.9375 | 0.9281 | 0.0266 | 0.9256 | 0.9178 | 0.8814
0273 | 22:00:01 |  14.2s | 1.0e-04 | 0.0224 | 0.9440 | 0.9411 | 0.9359 | 0.0242 | 0.9251 | 0.9360 | 0.9040
0274 | 22:00:25 |  14.1s | 1.0e-04 | 0.0229 | 0.9423 | 0.9401 | 0.9330 | 0.0247 | 0.9298 | 0.9253 | 0.8992
0275 | 22:00:49 |  14.3s | 1.0e-04 | 0.0231 | 0.9435 | 0.9397 | 0.9313 | 0.0250 | 0.9313 | 0.9257 | 0.9059
0276 | 22:01:13 |  14.3s | 1.0e-04 | 0.0230 | 0.9451 | 0.9376 | 0.9322 | 0.0255 | 0.9313 | 0.9271 | 0.9029
0277 | 22:01:37 |  14.3s | 1.0e-04 | 0.0228 | 0.9436 | 0.9393 | 0.9331 | 0.0271 | 0.9118 | 0.9383 | 0.8930
0278 | 22:02:01 |  14.4s | 1.0e-04 | 0.0232 | 0.9431 | 0.9372 | 0.9267 | 0.0262 | 0.9298 | 0.9260 | 0.8969
0279 | 22:02:26 |  14.5s | 1.0e-04 | 0.0235 | 0.9428 | 0.9368 | 0.9293 | 0.0267 | 0.9323 | 0.9208 | 0.8923
0280 | 22:02:50 |  14.4s | 1.0e-04 | 0.0233 | 0.9430 | 0.9371 | 0.9292 | 0.0255 | 0.9223 | 0.9304 | 0.8937
0281 | 22:03:14 |  14.2s | 1.0e-04 | 0.0233 | 0.9432 | 0.9356 | 0.9283 | 0.0248 | 0.9322 | 0.9185 | 0.8906
0282 | 22:03:38 |  28.6s | 1.0e-04 | 0.0223 | 0.9435 | 0.9386 | 0.9332 | 0.0269 | 0.9327 | 0.9182 | 0.8966
0283 | 22:04:17 |  14.2s | 1.0e-04 | 0.0235 | 0.9413 | 0.9357 | 0.9258 | 0.0261 | 0.9353 | 0.9123 | 0.8933
0284 | 22:04:41 |  14.2s | 1.0e-04 | 0.0228 | 0.9420 | 0.9388 | 0.9314 | 0.0264 | 0.9314 | 0.9254 | 0.9058
0285 | 22:05:05 |  14.5s | 1.0e-04 | 0.0229 | 0.9420 | 0.9413 | 0.9328 | 0.0250 | 0.9317 | 0.9267 | 0.9005
0286 | 22:05:29 |  14.3s | 1.0e-04 | 0.0225 | 0.9438 | 0.9400 | 0.9329 | 0.0261 | 0.9306 | 0.9143 | 0.8842
0287 | 22:05:54 |  14.3s | 1.0e-04 | 0.0225 | 0.9417 | 0.9364 | 0.9279 | 0.0254 | 0.9368 | 0.9142 | 0.8986
0288 | 22:06:18 |  14.4s | 1.0e-04 | 0.0221 | 0.9452 | 0.9410 | 0.9363 | 0.0259 | 0.9334 | 0.9126 | 0.8895
0289 | 22:06:42 |  14.3s | 1.0e-04 | 0.0224 | 0.9433 | 0.9403 | 0.9342 | 0.0258 | 0.9281 | 0.9257 | 0.8967
0290 | 22:07:06 |  14.3s | 1.0e-04 | 0.0223 | 0.9444 | 0.9389 | 0.9321 | 0.0255 | 0.9287 | 0.9284 | 0.9028
0291 | 22:07:31 |  14.4s | 1.0e-04 | 0.0227 | 0.9425 | 0.9380 | 0.9314 | 0.0266 | 0.9294 | 0.9290 | 0.8996
0292 | 22:07:55 |  14.4s | 1.0e-04 | 0.0214 | 0.9430 | 0.9423 | 0.9354 | 0.0266 | 0.9046 | 0.9400 | 0.8864
0293 | 22:08:19 |  14.2s | 1.0e-04 | 0.0218 | 0.9446 | 0.9431 | 0.9383 | 0.0259 | 0.9412 | 0.9075 | 0.8813
0294 | 22:08:44 |  14.2s | 1.0e-04 | 0.0222 | 0.9440 | 0.9394 | 0.9330 | 0.0257 | 0.9300 | 0.9220 | 0.8939
0295 | 22:09:08 |  14.4s | 1.0e-04 | 0.0227 | 0.9427 | 0.9391 | 0.9309 | 0.0257 | 0.9241 | 0.9354 | 0.9050
0296 | 22:09:32 |  14.5s | 1.0e-04 | 0.0228 | 0.9446 | 0.9406 | 0.9346 | 0.0269 | 0.9398 | 0.9164 | 0.8954
0297 | 22:09:56 |  14.4s | 1.0e-04 | 0.0221 | 0.9444 | 0.9405 | 0.9341 | 0.0236 | 0.9362 | 0.9269 | 0.9031
0298 | 22:10:21 |  14.4s | 1.0e-04 | 0.0227 | 0.9452 | 0.9411 | 0.9354 | 0.0251 | 0.9328 | 0.9168 | 0.8880
0299 | 22:10:45 |  14.2s | 1.0e-04 | 0.0226 | 0.9442 | 0.9403 | 0.9341 | 0.0268 | 0.9438 | 0.9036 | 0.8942
0300 | 22:11:09 |  14.2s | 1.0e-04 | 0.0224 | 0.9440 | 0.9395 | 0.9349 | 0.0259 | 0.9281 | 0.9292 | 0.8962
0301 | 22:11:33 |  14.3s | 1.0e-04 | 0.0220 | 0.9428 | 0.9407 | 0.9340 | 0.0247 | 0.9345 | 0.9212 | 0.8987
0302 | 22:11:57 |  14.2s | 1.0e-04 | 0.0223 | 0.9439 | 0.9418 | 0.9352 | 0.0257 | 0.9309 | 0.9237 | 0.8986
0303 | 22:12:22 |  14.2s | 1.0e-04 | 0.0221 | 0.9448 | 0.9400 | 0.9344 | 0.0251 | 0.9234 | 0.9335 | 0.8990
0304 | 22:12:46 |  14.2s | 1.0e-04 | 0.0225 | 0.9443 | 0.9402 | 0.9350 | 0.0262 | 0.9312 | 0.9194 | 0.8909
0305 | 22:13:10 |  14.3s | 1.0e-04 | 0.0223 | 0.9452 | 0.9418 | 0.9374 | 0.0259 | 0.9335 | 0.9135 | 0.8846
0306 | 22:13:34 |  14.1s | 1.0e-04 | 0.0222 | 0.9426 | 0.9404 | 0.9339 | 0.0255 | 0.9469 | 0.9119 | 0.9044
0307 | 22:13:58 |  14.5s | 1.0e-04 | 0.0222 | 0.9432 | 0.9382 | 0.9325 | 0.0251 | 0.9340 | 0.9222 | 0.8917
0308 | 22:14:22 |  14.2s | 1.0e-04 | 0.0225 | 0.9430 | 0.9414 | 0.9331 | 0.0253 | 0.9306 | 0.9262 | 0.8946
0309 | 22:14:46 |  14.2s | 1.0e-04 | 0.0226 | 0.9438 | 0.9398 | 0.9322 | 0.0247 | 0.9248 | 0.9341 | 0.8990
0310 | 22:15:11 |  14.1s | 1.0e-04 | 0.0218 | 0.9451 | 0.9418 | 0.9362 | 0.0257 | 0.9241 | 0.9382 | 0.9094
0311 | 22:15:35 |  14.2s | 1.0e-04 | 0.0230 | 0.9430 | 0.9419 | 0.9348 | 0.0270 | 0.9287 | 0.9259 | 0.8952
0312 | 22:15:59 |  14.1s | 1.0e-04 | 0.0228 | 0.9442 | 0.9367 | 0.9292 | 0.0246 | 0.9440 | 0.9227 | 0.9139
0313 | 22:16:23 |  25.5s | 1.0e-04 | 0.0216 | 0.9442 | 0.9401 | 0.9350 | 0.0251 | 0.9260 | 0.9250 | 0.8972
0314 | 22:16:58 |  14.5s | 1.0e-04 | 0.0225 | 0.9437 | 0.9402 | 0.9329 | 0.0260 | 0.9383 | 0.9151 | 0.8968
0315 | 22:17:22 |  14.5s | 1.0e-04 | 0.0223 | 0.9456 | 0.9399 | 0.9343 | 0.0263 | 0.9232 | 0.9267 | 0.8935
0316 | 22:17:47 |  14.3s | 1.0e-04 | 0.0226 | 0.9437 | 0.9389 | 0.9313 | 0.0268 | 0.9297 | 0.9211 | 0.8946
0317 | 22:18:11 |  14.6s | 1.0e-04 | 0.0223 | 0.9431 | 0.9395 | 0.9317 | 0.0261 | 0.9395 | 0.9206 | 0.9057
0318 | 22:18:36 |  14.1s | 1.0e-04 | 0.0218 | 0.9460 | 0.9398 | 0.9350 | 0.0251 | 0.9224 | 0.9378 | 0.9081
0319 | 22:19:00 |  14.3s | 1.0e-04 | 0.0222 | 0.9440 | 0.9408 | 0.9350 | 0.0256 | 0.9414 | 0.9100 | 0.8947
0320 | 22:19:24 |  14.2s | 1.0e-04 | 0.0231 | 0.9410 | 0.9343 | 0.9229 | 0.0256 | 0.9547 | 0.9068 | 0.9178
0321 | 22:19:48 |  14.2s | 1.0e-04 | 0.0233 | 0.9415 | 0.9374 | 0.9285 | 0.0248 | 0.9287 | 0.9248 | 0.8926
0322 | 22:20:12 |  14.2s | 1.0e-04 | 0.0228 | 0.9436 | 0.9382 | 0.9293 | 0.0262 | 0.9366 | 0.9119 | 0.8924
0323 | 22:20:36 |  14.4s | 1.0e-04 | 0.0223 | 0.9467 | 0.9405 | 0.9350 | 0.0251 | 0.9282 | 0.9383 | 0.9156
0324 | 22:21:00 |  14.5s | 1.0e-04 | 0.0223 | 0.9442 | 0.9386 | 0.9333 | 0.0242 | 0.9290 | 0.9344 | 0.9110
0325 | 22:21:24 |  14.3s | 1.0e-04 | 0.0220 | 0.9458 | 0.9396 | 0.9335 | 0.0265 | 0.9321 | 0.9072 | 0.8843
0326 | 22:21:49 |  14.3s | 1.0e-04 | 0.0221 | 0.9473 | 0.9388 | 0.9343 | 0.0265 | 0.9353 | 0.9130 | 0.8919
0327 | 22:22:13 |  14.2s | 1.0e-04 | 0.0223 | 0.9422 | 0.9374 | 0.9279 | 0.0258 | 0.9216 | 0.9277 | 0.8944
0328 | 22:22:37 |  14.2s | 1.0e-04 | 0.0228 | 0.9445 | 0.9375 | 0.9321 | 0.0260 | 0.9241 | 0.9314 | 0.8949
0329 | 22:23:01 |  14.1s | 1.0e-04 | 0.0213 | 0.9471 | 0.9404 | 0.9377 | 0.0255 | 0.9335 | 0.9247 | 0.9043
0330 | 22:23:25 |  14.3s | 1.0e-04 | 0.0213 | 0.9468 | 0.9412 | 0.9373 | 0.0255 | 0.9312 | 0.9208 | 0.8937
0331 | 22:23:49 |  14.4s | 1.0e-04 | 0.0223 | 0.9474 | 0.9418 | 0.9381 | 0.0262 | 0.9413 | 0.9233 | 0.9073
0332 | 22:24:13 |  14.5s | 1.0e-04 | 0.0220 | 0.9442 | 0.9382 | 0.9335 | 0.0263 | 0.9220 | 0.9310 | 0.8963
0333 | 22:24:38 |  14.2s | 1.0e-04 | 0.0219 | 0.9436 | 0.9413 | 0.9358 | 0.0242 | 0.9423 | 0.9175 | 0.9038
0334 | 22:25:02 |  14.3s | 1.0e-04 | 0.0218 | 0.9462 | 0.9408 | 0.9363 | 0.0254 | 0.9226 | 0.9375 | 0.9030
0335 | 22:25:26 |  14.2s | 1.0e-04 | 0.0211 | 0.9471 | 0.9413 | 0.9367 | 0.0258 | 0.9239 | 0.9395 | 0.9045
0336 | 22:25:50 |  14.2s | 1.0e-04 | 0.0221 | 0.9438 | 0.9401 | 0.9326 | 0.0259 | 0.9410 | 0.9092 | 0.8899
0337 | 22:26:14 |  14.4s | 1.0e-04 | 0.0226 | 0.9429 | 0.9388 | 0.9299 | 0.0249 | 0.9383 | 0.9180 | 0.8988
0338 | 22:26:38 |  14.3s | 1.0e-04 | 0.0231 | 0.9414 | 0.9391 | 0.9303 | 0.0257 | 0.9283 | 0.9247 | 0.8956
0339 | 22:27:03 |  14.2s | 1.0e-04 | 0.0218 | 0.9434 | 0.9414 | 0.9352 | 0.0245 | 0.9269 | 0.9337 | 0.9051
0340 | 22:27:27 |  14.2s | 1.0e-04 | 0.0218 | 0.9454 | 0.9399 | 0.9346 | 0.0241 | 0.9354 | 0.9273 | 0.9065
0341 | 22:27:51 |  14.4s | 1.0e-04 | 0.0223 | 0.9454 | 0.9368 | 0.9329 | 0.0259 | 0.9312 | 0.9227 | 0.8972
0342 | 22:28:15 |  14.4s | 1.0e-04 | 0.0222 | 0.9443 | 0.9380 | 0.9313 | 0.0253 | 0.9424 | 0.9200 | 0.9054
0343 | 22:28:39 |  14.1s | 1.0e-04 | 0.0216 | 0.9456 | 0.9427 | 0.9383 | 0.0260 | 0.9317 | 0.9216 | 0.8937
0344 | 22:29:03 |  28.3s | 1.0e-04 | 0.0218 | 0.9473 | 0.9413 | 0.9380 | 0.0259 | 0.9205 | 0.9349 | 0.9029
0345 | 22:29:41 |  14.2s | 1.0e-04 | 0.0221 | 0.9480 | 0.9417 | 0.9401 | 0.0253 | 0.9218 | 0.9386 | 0.9058
0346 | 22:30:05 |  14.1s | 1.0e-04 | 0.0231 | 0.9441 | 0.9440 | 0.9373 | 0.0256 | 0.9403 | 0.9207 | 0.9052
0347 | 22:30:29 |  14.3s | 1.0e-04 | 0.0224 | 0.9465 | 0.9404 | 0.9371 | 0.0256 | 0.9239 | 0.9416 | 0.9121
0348 | 22:30:54 |  14.2s | 1.0e-04 | 0.0226 | 0.9435 | 0.9408 | 0.9349 | 0.0246 | 0.9339 | 0.9196 | 0.8975
0349 | 22:31:18 |  14.2s | 1.0e-04 | 0.0225 | 0.9450 | 0.9423 | 0.9386 | 0.0254 | 0.9299 | 0.9327 | 0.9052
0350 | 22:31:42 |  14.1s | 1.0e-04 | 0.0223 | 0.9449 | 0.9437 | 0.9385 | 0.0251 | 0.9307 | 0.9160 | 0.8853
0351 | 22:32:06 |  14.1s | 1.0e-04 | 0.0225 | 0.9461 | 0.9419 | 0.9378 | 0.0271 | 0.9522 | 0.8963 | 0.9056
0352 | 22:32:29 |  14.2s | 1.0e-04 | 0.0223 | 0.9449 | 0.9441 | 0.9389 | 0.0249 | 0.9365 | 0.9202 | 0.8982
0353 | 22:32:54 |  14.3s | 1.0e-04 | 0.0221 | 0.9473 | 0.9422 | 0.9402 | 0.0254 | 0.9282 | 0.9265 | 0.9077
0354 | 22:33:18 |  14.1s | 1.0e-04 | 0.0220 | 0.9448 | 0.9431 | 0.9385 | 0.0243 | 0.9351 | 0.9298 | 0.9051
0355 | 22:33:42 |  14.4s | 1.0e-04 | 0.0222 | 0.9452 | 0.9429 | 0.9381 | 0.0243 | 0.9402 | 0.9299 | 0.9184
0356 | 22:34:06 |  14.2s | 1.0e-04 | 0.0217 | 0.9468 | 0.9454 | 0.9424 | 0.0244 | 0.9445 | 0.9232 | 0.9173
0357 | 22:34:30 |  14.2s | 1.0e-04 | 0.0218 | 0.9484 | 0.9466 | 0.9449 | 0.0242 | 0.9295 | 0.9354 | 0.9103
0358 | 22:34:54 |  14.1s | 1.0e-04 | 0.0231 | 0.9444 | 0.9429 | 0.9371 | 0.0255 | 0.9376 | 0.9172 | 0.8942
0359 | 22:35:18 |  14.2s | 1.0e-04 | 0.0213 | 0.9481 | 0.9463 | 0.9443 | 0.0249 | 0.9365 | 0.9170 | 0.8993
0360 | 22:35:42 |  14.3s | 1.0e-04 | 0.0219 | 0.9463 | 0.9427 | 0.9400 | 0.0265 | 0.9288 | 0.9191 | 0.8857
0361 | 22:36:06 |  14.2s | 1.0e-04 | 0.0216 | 0.9476 | 0.9448 | 0.9433 | 0.0245 | 0.9338 | 0.9333 | 0.9158
0362 | 22:36:30 |  14.1s | 1.0e-04 | 0.0220 | 0.9467 | 0.9444 | 0.9406 | 0.0276 | 0.9393 | 0.9128 | 0.9008
0363 | 22:36:54 |  14.3s | 1.0e-04 | 0.0227 | 0.9456 | 0.9434 | 0.9392 | 0.0240 | 0.9320 | 0.9323 | 0.9100
0364 | 22:37:18 |  14.4s | 1.0e-04 | 0.0224 | 0.9449 | 0.9419 | 0.9375 | 0.0266 | 0.9156 | 0.9376 | 0.8967
0365 | 22:37:43 |  14.2s | 1.0e-04 | 0.0221 | 0.9437 | 0.9441 | 0.9375 | 0.0243 | 0.9308 | 0.9337 | 0.9093
0366 | 22:38:07 |  14.1s | 1.0e-04 | 0.0221 | 0.9462 | 0.9437 | 0.9401 | 0.0249 | 0.9336 | 0.9235 | 0.8998
0367 | 22:38:31 |  14.2s | 1.0e-04 | 0.0214 | 0.9488 | 0.9469 | 0.9461 | 0.0268 | 0.9188 | 0.9272 | 0.8833
0368 | 22:38:55 |  14.7s | 1.0e-04 | 0.0218 | 0.9468 | 0.9438 | 0.9410 | 0.0255 | 0.9225 | 0.9283 | 0.8933
0369 | 22:39:19 |  14.2s | 1.0e-04 | 0.0216 | 0.9480 | 0.9441 | 0.9422 | 0.0253 | 0.9233 | 0.9324 | 0.9036
0370 | 22:39:43 |  14.1s | 1.0e-04 | 0.0217 | 0.9486 | 0.9446 | 0.9434 | 0.0242 | 0.9218 | 0.9377 | 0.9039
0371 | 22:40:07 |  14.1s | 1.0e-04 | 0.0220 | 0.9455 | 0.9407 | 0.9365 | 0.0251 | 0.9313 | 0.9191 | 0.8935
0372 | 22:40:31 |  14.0s | 1.0e-04 | 0.0220 | 0.9466 | 0.9426 | 0.9403 | 0.0245 | 0.9322 | 0.9241 | 0.8970
0373 | 22:40:55 |  14.2s | 1.0e-04 | 0.0220 | 0.9468 | 0.9441 | 0.9413 | 0.0255 | 0.9272 | 0.9250 | 0.8946
0374 | 22:41:19 |  14.1s | 1.0e-04 | 0.0211 | 0.9485 | 0.9461 | 0.9446 | 0.0256 | 0.9240 | 0.9370 | 0.9078
0375 | 22:41:43 |  14.3s | 1.0e-04 | 0.0223 | 0.9454 | 0.9421 | 0.9372 | 0.0249 | 0.9303 | 0.9266 | 0.9029
0376 | 22:42:09 |  15.9s | 1.0e-04 | 0.0220 | 0.9469 | 0.9381 | 0.9330 | 0.0264 | 0.9335 | 0.9196 | 0.8949
0377 | 22:42:35 |  14.1s | 1.0e-04 | 0.0218 | 0.9456 | 0.9408 | 0.9362 | 0.0252 | 0.9293 | 0.9260 | 0.9018
0378 | 22:42:59 |  14.0s | 1.0e-04 | 0.0219 | 0.9443 | 0.9407 | 0.9348 | 0.0262 | 0.9457 | 0.9091 | 0.9018
0379 | 22:43:23 |  14.1s | 1.0e-04 | 0.0221 | 0.9447 | 0.9384 | 0.9324 | 0.0254 | 0.9151 | 0.9515 | 0.9174
0380 | 22:43:46 |  14.4s | 1.0e-04 | 0.0222 | 0.9453 | 0.9424 | 0.9374 | 0.0236 | 0.9378 | 0.9319 | 0.9222
0381 | 22:44:11 |  14.1s | 1.0e-04 | 0.0216 | 0.9439 | 0.9425 | 0.9376 | 0.0238 | 0.9307 | 0.9360 | 0.9138
0382 | 22:44:35 |  14.3s | 1.0e-04 | 0.0217 | 0.9468 | 0.9438 | 0.9413 | 0.0257 | 0.9228 | 0.9343 | 0.9028
0383 | 22:44:59 |  14.4s | 1.0e-04 | 0.0218 | 0.9443 | 0.9425 | 0.9370 | 0.0247 | 0.9372 | 0.9096 | 0.8911
0384 | 22:45:23 |  14.1s | 1.0e-04 | 0.0226 | 0.9453 | 0.9390 | 0.9326 | 0.0252 | 0.9260 | 0.9349 | 0.9007
0385 | 22:45:47 |  14.1s | 1.0e-04 | 0.0213 | 0.9467 | 0.9410 | 0.9367 | 0.0252 | 0.9249 | 0.9312 | 0.8991
0386 | 22:46:11 |  14.3s | 1.0e-04 | 0.0219 | 0.9452 | 0.9388 | 0.9346 | 0.0244 | 0.9252 | 0.9329 | 0.8982
0387 | 22:46:35 |  14.3s | 1.0e-04 | 0.0224 | 0.9445 | 0.9397 | 0.9333 | 0.0263 | 0.9177 | 0.9430 | 0.9082
0388 | 22:46:59 |  14.0s | 1.0e-04 | 0.0219 | 0.9460 | 0.9403 | 0.9350 | 0.0244 | 0.9350 | 0.9205 | 0.9004
0389 | 22:47:23 |  14.3s | 1.0e-04 | 0.0218 | 0.9458 | 0.9426 | 0.9387 | 0.0255 | 0.9132 | 0.9428 | 0.9036
0390 | 22:47:47 |  14.0s | 1.0e-04 | 0.0224 | 0.9444 | 0.9412 | 0.9356 | 0.0245 | 0.9363 | 0.9213 | 0.9034
0391 | 22:48:11 |  14.2s | 1.0e-04 | 0.0215 | 0.9468 | 0.9421 | 0.9387 | 0.0261 | 0.9148 | 0.9338 | 0.8946
0392 | 22:48:35 |  14.2s | 1.0e-04 | 0.0219 | 0.9442 | 0.9415 | 0.9348 | 0.0250 | 0.9245 | 0.9307 | 0.9037
0393 | 22:48:59 |  14.4s | 1.0e-04 | 0.0220 | 0.9443 | 0.9395 | 0.9332 | 0.0244 | 0.9266 | 0.9331 | 0.9090
0394 | 22:49:23 |  14.2s | 1.0e-04 | 0.0218 | 0.9466 | 0.9433 | 0.9401 | 0.0251 | 0.9257 | 0.9393 | 0.9101
0395 | 22:49:47 |  14.3s | 1.0e-04 | 0.0213 | 0.9469 | 0.9418 | 0.9384 | 0.0262 | 0.9108 | 0.9385 | 0.8952
0396 | 22:50:12 |  14.2s | 1.0e-04 | 0.0218 | 0.9456 | 0.9426 | 0.9392 | 0.0255 | 0.9316 | 0.9200 | 0.8976
0397 | 22:50:36 |  14.3s | 1.0e-04 | 0.0212 | 0.9483 | 0.9423 | 0.9409 | 0.0258 | 0.9355 | 0.9268 | 0.9042
0398 | 22:51:00 |  14.1s | 1.0e-04 | 0.0220 | 0.9466 | 0.9435 | 0.9404 | 0.0236 | 0.9428 | 0.9214 | 0.9154
0399 | 22:51:24 |  14.1s | 1.0e-04 | 0.0223 | 0.9450 | 0.9399 | 0.9328 | 0.0250 | 0.9293 | 0.9381 | 0.9143
0400 | 22:51:48 |  14.1s | 1.0e-04 | 0.0219 | 0.9451 | 0.9435 | 0.9393 | 0.0241 | 0.9411 | 0.9171 | 0.9035
0401 | 22:52:11 |  14.0s | 1.0e-04 | 0.0218 | 0.9464 | 0.9416 | 0.9377 | 0.0257 | 0.9240 | 0.9245 | 0.8844
0402 | 22:52:35 |  14.1s | 1.0e-04 | 0.0224 | 0.9432 | 0.9423 | 0.9360 | 0.0230 | 0.9312 | 0.9370 | 0.9141
0403 | 22:52:59 |  14.2s | 1.0e-04 | 0.0222 | 0.9446 | 0.9413 | 0.9364 | 0.0249 | 0.9285 | 0.9212 | 0.8955
0404 | 22:53:24 |  14.1s | 1.0e-04 | 0.0213 | 0.9474 | 0.9432 | 0.9417 | 0.0252 | 0.9282 | 0.9275 | 0.8993
0405 | 22:53:47 |  14.1s | 1.0e-04 | 0.0214 | 0.9440 | 0.9434 | 0.9383 | 0.0243 | 0.9367 | 0.9184 | 0.8993
0406 | 22:54:11 |  14.1s | 1.0e-04 | 0.0220 | 0.9458 | 0.9428 | 0.9378 | 0.0234 | 0.9301 | 0.9246 | 0.8979
0407 | 22:54:35 |  27.6s | 1.0e-04 | 0.0214 | 0.9459 | 0.9395 | 0.9357 | 0.0249 | 0.9285 | 0.9258 | 0.9016
0408 | 22:55:13 |  14.4s | 1.0e-04 | 0.0217 | 0.9439 | 0.9390 | 0.9320 | 0.0229 | 0.9386 | 0.9288 | 0.9210
0409 | 22:55:37 |  14.2s | 1.0e-04 | 0.0217 | 0.9451 | 0.9414 | 0.9352 | 0.0237 | 0.9362 | 0.9281 | 0.9121
0410 | 22:56:01 |  14.1s | 1.0e-04 | 0.0216 | 0.9435 | 0.9398 | 0.9335 | 0.0241 | 0.9276 | 0.9380 | 0.9135
0411 | 22:56:25 |  14.1s | 1.0e-04 | 0.0211 | 0.9449 | 0.9419 | 0.9364 | 0.0247 | 0.9278 | 0.9273 | 0.9005
0412 | 22:56:50 |  14.3s | 1.0e-04 | 0.0212 | 0.9441 | 0.9410 | 0.9357 | 0.0244 | 0.9232 | 0.9346 | 0.9049
0413 | 22:57:14 |  14.2s | 1.0e-04 | 0.0208 | 0.9459 | 0.9425 | 0.9386 | 0.0236 | 0.9234 | 0.9428 | 0.9161
0414 | 22:57:38 |  14.1s | 1.0e-04 | 0.0210 | 0.9459 | 0.9411 | 0.9350 | 0.0236 | 0.9286 | 0.9306 | 0.9054
0415 | 22:58:02 |  14.5s | 1.0e-04 | 0.0214 | 0.9430 | 0.9384 | 0.9305 | 0.0237 | 0.9342 | 0.9264 | 0.9031
0416 | 22:58:26 |  14.2s | 1.0e-04 | 0.0210 | 0.9473 | 0.9405 | 0.9369 | 0.0242 | 0.9382 | 0.9337 | 0.9181
0417 | 22:58:51 |  14.2s | 1.0e-04 | 0.0216 | 0.9435 | 0.9373 | 0.9312 | 0.0253 | 0.9238 | 0.9359 | 0.9028
0418 | 22:59:15 |  14.4s | 1.0e-04 | 0.0217 | 0.9429 | 0.9386 | 0.9311 | 0.0255 | 0.9313 | 0.9352 | 0.9151
0419 | 22:59:39 |  14.3s | 1.0e-04 | 0.0220 | 0.9460 | 0.9394 | 0.9339 | 0.0254 | 0.9381 | 0.9203 | 0.8992
0420 | 23:00:03 |  14.1s | 1.0e-04 | 0.0214 | 0.9479 | 0.9422 | 0.9397 | 0.0237 | 0.9276 | 0.9307 | 0.9034
0421 | 23:00:28 |  14.2s | 1.0e-04 | 0.0216 | 0.9433 | 0.9393 | 0.9316 | 0.0234 | 0.9345 | 0.9260 | 0.9077
0422 | 23:00:52 |  14.2s | 1.0e-04 | 0.0219 | 0.9446 | 0.9370 | 0.9299 | 0.0252 | 0.9394 | 0.9221 | 0.9028
0423 | 23:01:16 |  14.4s | 1.0e-04 | 0.0217 | 0.9456 | 0.9389 | 0.9352 | 0.0243 | 0.9287 | 0.9267 | 0.9020
0424 | 23:01:41 |  14.2s | 1.0e-04 | 0.0216 | 0.9442 | 0.9385 | 0.9317 | 0.0238 | 0.9116 | 0.9428 | 0.9003
0425 | 23:02:05 |  14.4s | 1.0e-04 | 0.0211 | 0.9446 | 0.9410 | 0.9352 | 0.0252 | 0.9387 | 0.9248 | 0.9113
0426 | 23:02:30 |  14.2s | 1.0e-04 | 0.0215 | 0.9458 | 0.9394 | 0.9340 | 0.0240 | 0.9227 | 0.9435 | 0.9149
0427 | 23:02:54 |  14.3s | 1.0e-04 | 0.0212 | 0.9467 | 0.9405 | 0.9361 | 0.0238 | 0.9366 | 0.9188 | 0.9044
0428 | 23:03:19 |  14.4s | 1.0e-04 | 0.0214 | 0.9448 | 0.9378 | 0.9313 | 0.0255 | 0.9343 | 0.9299 | 0.9061
0429 | 23:03:43 |  14.2s | 1.0e-04 | 0.0218 | 0.9451 | 0.9384 | 0.9330 | 0.0242 | 0.9210 | 0.9364 | 0.9033
0430 | 23:04:07 |  14.1s | 1.0e-04 | 0.0214 | 0.9425 | 0.9413 | 0.9334 | 0.0252 | 0.9415 | 0.9237 | 0.9067
0431 | 23:04:32 |  14.1s | 1.0e-04 | 0.0207 | 0.9459 | 0.9430 | 0.9395 | 0.0243 | 0.9282 | 0.9385 | 0.9133
0432 | 23:04:56 |  14.3s | 1.0e-04 | 0.0213 | 0.9440 | 0.9401 | 0.9334 | 0.0247 | 0.9387 | 0.9155 | 0.8998
0433 | 23:05:21 |  14.1s | 1.0e-04 | 0.0216 | 0.9456 | 0.9401 | 0.9375 | 0.0235 | 0.9365 | 0.9225 | 0.9063
0434 | 23:05:45 |  14.1s | 1.0e-04 | 0.0210 | 0.9448 | 0.9416 | 0.9370 | 0.0248 | 0.9390 | 0.9213 | 0.9099
0435 | 23:06:09 |  14.4s | 1.0e-04 | 0.0206 | 0.9462 | 0.9421 | 0.9383 | 0.0255 | 0.9316 | 0.9185 | 0.8996
0436 | 23:06:34 |  14.2s | 1.0e-04 | 0.0212 | 0.9440 | 0.9398 | 0.9338 | 0.0236 | 0.9460 | 0.9243 | 0.9214
0437 | 23:06:58 |  14.1s | 1.0e-04 | 0.0217 | 0.9441 | 0.9399 | 0.9341 | 0.0240 | 0.9346 | 0.9262 | 0.9046
0438 | 23:07:22 |  23.9s | 1.0e-04 | 0.0205 | 0.9459 | 0.9457 | 0.9422 | 0.0263 | 0.9354 | 0.9239 | 0.9026
0439 | 23:07:57 |  14.4s | 1.0e-04 | 0.0206 | 0.9479 | 0.9457 | 0.9432 | 0.0240 | 0.9281 | 0.9414 | 0.9160
0440 | 23:08:21 |  14.3s | 1.0e-04 | 0.0204 | 0.9469 | 0.9460 | 0.9430 | 0.0236 | 0.9368 | 0.9350 | 0.9179
0441 | 23:08:46 |  14.5s | 1.0e-04 | 0.0207 | 0.9481 | 0.9458 | 0.9443 | 0.0243 | 0.9355 | 0.9292 | 0.9095
0442 | 23:09:10 |  14.2s | 1.0e-04 | 0.0207 | 0.9477 | 0.9420 | 0.9397 | 0.0250 | 0.9287 | 0.9312 | 0.9068
0443 | 23:09:35 |  14.6s | 1.0e-04 | 0.0207 | 0.9471 | 0.9467 | 0.9438 | 0.0240 | 0.9274 | 0.9434 | 0.9166
0444 | 23:09:59 |  14.1s | 1.0e-04 | 0.0204 | 0.9481 | 0.9440 | 0.9427 | 0.0244 | 0.9322 | 0.9361 | 0.9128
0445 | 23:10:23 |  14.1s | 1.0e-04 | 0.0202 | 0.9484 | 0.9479 | 0.9458 | 0.0244 | 0.9206 | 0.9414 | 0.9105
0446 | 23:10:48 |  14.3s | 1.0e-04 | 0.0206 | 0.9460 | 0.9442 | 0.9404 | 0.0240 | 0.9314 | 0.9262 | 0.8989
0447 | 23:11:12 |  14.2s | 1.0e-04 | 0.0208 | 0.9450 | 0.9451 | 0.9399 | 0.0254 | 0.9392 | 0.9177 | 0.9044
0448 | 23:11:36 |  14.2s | 1.0e-04 | 0.0207 | 0.9495 | 0.9440 | 0.9442 | 0.0252 | 0.9346 | 0.9186 | 0.8965
0449 | 23:12:01 |  14.2s | 1.0e-04 | 0.0202 | 0.9498 | 0.9437 | 0.9436 | 0.0242 | 0.9305 | 0.9397 | 0.9179
0450 | 23:12:25 |  14.3s | 1.0e-04 | 0.0205 | 0.9482 | 0.9451 | 0.9436 | 0.0246 | 0.9344 | 0.9241 | 0.9103
0451 | 23:12:50 |  14.3s | 1.0e-04 | 0.0200 | 0.9503 | 0.9458 | 0.9459 | 0.0253 | 0.9264 | 0.9323 | 0.8988
0452 | 23:13:14 |  14.3s | 1.0e-04 | 0.0211 | 0.9480 | 0.9458 | 0.9439 | 0.0248 | 0.9311 | 0.9269 | 0.9024
0453 | 23:13:39 |  14.2s | 1.0e-04 | 0.0205 | 0.9470 | 0.9443 | 0.9413 | 0.0247 | 0.9185 | 0.9345 | 0.8993
0454 | 23:14:03 |  14.3s | 1.0e-04 | 0.0204 | 0.9494 | 0.9443 | 0.9432 | 0.0247 | 0.9295 | 0.9302 | 0.9052
0455 | 23:14:27 |  14.2s | 1.0e-04 | 0.0207 | 0.9477 | 0.9440 | 0.9427 | 0.0242 | 0.9335 | 0.9328 | 0.9094
0456 | 23:14:52 |  14.1s | 1.0e-04 | 0.0211 | 0.9489 | 0.9429 | 0.9414 | 0.0247 | 0.9465 | 0.9103 | 0.9030
0457 | 23:15:16 |  14.2s | 1.0e-04 | 0.0208 | 0.9499 | 0.9449 | 0.9448 | 0.0253 | 0.9403 | 0.9166 | 0.9082
0458 | 23:15:40 |  14.3s | 1.0e-04 | 0.0207 | 0.9504 | 0.9434 | 0.9440 | 0.0254 | 0.9297 | 0.9332 | 0.9110
0459 | 23:16:05 |  14.0s | 1.0e-04 | 0.0206 | 0.9490 | 0.9448 | 0.9440 | 0.0256 | 0.9252 | 0.9356 | 0.9056
0460 | 23:16:29 |  14.3s | 1.0e-04 | 0.0197 | 0.9490 | 0.9461 | 0.9454 | 0.0249 | 0.9405 | 0.9171 | 0.9038
0461 | 23:16:53 |  14.3s | 1.0e-04 | 0.0203 | 0.9481 | 0.9466 | 0.9450 | 0.0245 | 0.9268 | 0.9331 | 0.9053
0462 | 23:17:18 |  14.4s | 1.0e-04 | 0.0198 | 0.9496 | 0.9461 | 0.9457 | 0.0249 | 0.9346 | 0.9254 | 0.9055
0463 | 23:17:42 |  14.1s | 1.0e-04 | 0.0200 | 0.9486 | 0.9474 | 0.9457 | 0.0252 | 0.9314 | 0.9181 | 0.8915
0464 | 23:18:07 |  14.0s | 1.0e-04 | 0.0206 | 0.9476 | 0.9426 | 0.9395 | 0.0247 | 0.9395 | 0.9227 | 0.9059
0465 | 23:18:31 |  14.4s | 1.0e-04 | 0.0202 | 0.9474 | 0.9445 | 0.9418 | 0.0237 | 0.9376 | 0.9313 | 0.9138
0466 | 23:18:55 |  14.2s | 1.0e-04 | 0.0209 | 0.9488 | 0.9452 | 0.9439 | 0.0246 | 0.9374 | 0.9174 | 0.8972
0467 | 23:19:20 |  14.7s | 1.0e-04 | 0.0201 | 0.9502 | 0.9467 | 0.9483 | 0.0260 | 0.9208 | 0.9448 | 0.9137
0468 | 23:19:45 |  14.2s | 1.0e-04 | 0.0202 | 0.9483 | 0.9448 | 0.9426 | 0.0245 | 0.9403 | 0.9184 | 0.8993
0469 | 23:20:09 |  25.8s | 1.0e-04 | 0.0210 | 0.9478 | 0.9435 | 0.9409 | 0.0264 | 0.9187 | 0.9417 | 0.9081
0470 | 23:20:45 |  14.1s | 1.0e-04 | 0.0201 | 0.9478 | 0.9464 | 0.9444 | 0.0253 | 0.9346 | 0.9311 | 0.9068
0471 | 23:21:09 |  14.0s | 1.0e-04 | 0.0205 | 0.9478 | 0.9454 | 0.9434 | 0.0242 | 0.9225 | 0.9386 | 0.9064
0472 | 23:21:34 |  14.2s | 1.0e-04 | 0.0208 | 0.9480 | 0.9441 | 0.9423 | 0.0244 | 0.9278 | 0.9316 | 0.9067
0473 | 23:21:58 |  14.2s | 1.0e-04 | 0.0201 | 0.9476 | 0.9440 | 0.9423 | 0.0240 | 0.9421 | 0.9185 | 0.9143
0474 | 23:22:22 |  14.1s | 1.0e-04 | 0.0202 | 0.9468 | 0.9442 | 0.9408 | 0.0255 | 0.9390 | 0.9133 | 0.9025
0475 | 23:22:47 |  13.8s | 1.0e-04 | 0.0204 | 0.9485 | 0.9425 | 0.9421 | 0.0253 | 0.9143 | 0.9483 | 0.9091
0476 | 23:23:11 |  13.8s | 1.0e-04 | 0.0218 | 0.9457 | 0.9418 | 0.9363 | 0.0241 | 0.9342 | 0.9270 | 0.9056
0477 | 23:23:35 |  13.9s | 1.0e-04 | 0.0203 | 0.9480 | 0.9441 | 0.9433 | 0.0235 | 0.9446 | 0.9247 | 0.9155
0478 | 23:23:59 |  13.9s | 1.0e-04 | 0.0201 | 0.9455 | 0.9435 | 0.9392 | 0.0248 | 0.9281 | 0.9380 | 0.9098
0479 | 23:24:23 |  13.7s | 1.0e-04 | 0.0208 | 0.9468 | 0.9445 | 0.9415 | 0.0245 | 0.9260 | 0.9327 | 0.9069
0480 | 23:24:47 |  13.9s | 1.0e-04 | 0.0206 | 0.9479 | 0.9446 | 0.9436 | 0.0255 | 0.9224 | 0.9386 | 0.9081
0481 | 23:25:11 |  14.0s | 1.0e-04 | 0.0205 | 0.9483 | 0.9447 | 0.9430 | 0.0245 | 0.9245 | 0.9391 | 0.9041
0482 | 23:25:35 |  13.8s | 1.0e-04 | 0.0200 | 0.9483 | 0.9470 | 0.9450 | 0.0243 | 0.9301 | 0.9368 | 0.9147
0483 | 23:25:59 |  14.2s | 1.0e-04 | 0.0208 | 0.9438 | 0.9442 | 0.9383 | 0.0263 | 0.9376 | 0.9102 | 0.8912
0484 | 23:26:23 |  14.0s | 1.0e-04 | 0.0196 | 0.9494 | 0.9478 | 0.9479 | 0.0247 | 0.9369 | 0.9271 | 0.9152
0485 | 23:26:47 |  14.1s | 1.0e-04 | 0.0198 | 0.9470 | 0.9460 | 0.9430 | 0.0233 | 0.9283 | 0.9356 | 0.9111
0486 | 23:27:11 |  14.2s | 1.0e-04 | 0.0200 | 0.9488 | 0.9457 | 0.9451 | 0.0249 | 0.9474 | 0.9099 | 0.9084
0487 | 23:27:36 |  14.0s | 1.0e-04 | 0.0203 | 0.9480 | 0.9424 | 0.9404 | 0.0253 | 0.9391 | 0.9098 | 0.8955
0488 | 23:28:00 |  14.0s | 1.0e-04 | 0.0208 | 0.9478 | 0.9432 | 0.9410 | 0.0224 | 0.9373 | 0.9323 | 0.9158
0489 | 23:28:24 |  14.1s | 1.0e-04 | 0.0207 | 0.9454 | 0.9457 | 0.9415 | 0.0253 | 0.9220 | 0.9308 | 0.8947
0490 | 23:28:48 |  14.0s | 1.0e-04 | 0.0199 | 0.9480 | 0.9469 | 0.9450 | 0.0225 | 0.9479 | 0.9161 | 0.9150
0491 | 23:29:12 |  14.1s | 1.0e-04 | 0.0205 | 0.9484 | 0.9434 | 0.9411 | 0.0227 | 0.9271 | 0.9369 | 0.9122
0492 | 23:29:36 |  14.0s | 1.0e-04 | 0.0203 | 0.9464 | 0.9433 | 0.9391 | 0.0245 | 0.9232 | 0.9442 | 0.9136
0493 | 23:30:01 |  13.9s | 1.0e-04 | 0.0203 | 0.9459 | 0.9452 | 0.9412 | 0.0253 | 0.9314 | 0.9270 | 0.8978
0494 | 23:30:25 |  14.0s | 1.0e-04 | 0.0201 | 0.9501 | 0.9467 | 0.9469 | 0.0250 | 0.9273 | 0.9381 | 0.9143
0495 | 23:30:49 |  13.9s | 1.0e-04 | 0.0205 | 0.9490 | 0.9459 | 0.9451 | 0.0242 | 0.9244 | 0.9348 | 0.9029
0496 | 23:31:13 |  14.1s | 1.0e-04 | 0.0203 | 0.9477 | 0.9439 | 0.9418 | 0.0254 | 0.9306 | 0.9348 | 0.9140
0497 | 23:31:37 |  14.1s | 1.0e-04 | 0.0199 | 0.9502 | 0.9448 | 0.9446 | 0.0243 | 0.9276 | 0.9428 | 0.9180
0498 | 23:32:01 |  14.0s | 1.0e-04 | 0.0202 | 0.9498 | 0.9449 | 0.9447 | 0.0241 | 0.9259 | 0.9391 | 0.9106
0499 | 23:32:25 |  14.0s | 1.0e-04 | 0.0196 | 0.9486 | 0.9466 | 0.9454 | 0.0262 | 0.9210 | 0.9274 | 0.8899
0500 | 23:32:50 |  14.0s | 1.0e-04 | 0.0203 | 0.9465 | 0.9435 | 0.9400 | 0.0241 | 0.9407 | 0.9308 | 0.9166
0501 | 23:33:17 |  14.5s | 1.0e-04 | 0.0221 | 0.9462 | 0.9455 | 0.9418 | 0.0234 | 0.9312 | 0.9381 | 0.9214
0502 | 23:33:41 |  14.1s | 1.0e-04 | 0.0228 | 0.9440 | 0.9448 | 0.9394 | 0.0235 | 0.9318 | 0.9321 | 0.9084
0503 | 23:34:05 |  14.1s | 1.0e-04 | 0.0215 | 0.9478 | 0.9459 | 0.9433 | 0.0240 | 0.9244 | 0.9392 | 0.9108
0504 | 23:34:30 |  14.2s | 1.0e-04 | 0.0223 | 0.9465 | 0.9432 | 0.9399 | 0.0242 | 0.9280 | 0.9404 | 0.9134
0505 | 23:34:54 |  14.3s | 1.0e-04 | 0.0218 | 0.9475 | 0.9461 | 0.9438 | 0.0245 | 0.9304 | 0.9272 | 0.9015
0506 | 23:35:18 |  14.2s | 1.0e-04 | 0.0222 | 0.9470 | 0.9455 | 0.9429 | 0.0246 | 0.9342 | 0.9265 | 0.9036
0507 | 23:35:42 |  14.2s | 1.0e-04 | 0.0224 | 0.9472 | 0.9430 | 0.9398 | 0.0233 | 0.9403 | 0.9244 | 0.9069
0508 | 23:36:07 |  14.3s | 1.0e-04 | 0.0221 | 0.9478 | 0.9467 | 0.9446 | 0.0227 | 0.9448 | 0.9326 | 0.9266
0509 | 23:36:31 |  13.9s | 1.0e-04 | 0.0220 | 0.9473 | 0.9469 | 0.9451 | 0.0244 | 0.9318 | 0.9373 | 0.9148
0510 | 23:36:55 |  14.0s | 1.0e-04 | 0.0224 | 0.9459 | 0.9422 | 0.9379 | 0.0237 | 0.9404 | 0.9315 | 0.9181
0511 | 23:37:19 |  14.2s | 1.0e-04 | 0.0215 | 0.9496 | 0.9459 | 0.9461 | 0.0241 | 0.9256 | 0.9339 | 0.9032
0512 | 23:37:43 |  13.8s | 1.0e-04 | 0.0219 | 0.9478 | 0.9447 | 0.9415 | 0.0236 | 0.9287 | 0.9351 | 0.9140
0513 | 23:38:07 |  14.1s | 1.0e-04 | 0.0219 | 0.9480 | 0.9465 | 0.9444 | 0.0247 | 0.9435 | 0.9202 | 0.9074
0514 | 23:38:31 |  14.0s | 1.0e-04 | 0.0223 | 0.9472 | 0.9430 | 0.9411 | 0.0251 | 0.9283 | 0.9313 | 0.9010
0515 | 23:38:55 |  13.9s | 1.0e-04 | 0.0216 | 0.9477 | 0.9457 | 0.9426 | 0.0239 | 0.9306 | 0.9360 | 0.9106
0516 | 23:39:19 |  14.0s | 1.0e-04 | 0.0220 | 0.9483 | 0.9442 | 0.9419 | 0.0248 | 0.9392 | 0.9140 | 0.9007
0517 | 23:39:42 |  14.0s | 1.0e-04 | 0.0224 | 0.9463 | 0.9440 | 0.9395 | 0.0229 | 0.9272 | 0.9351 | 0.9099
0518 | 23:40:06 |  14.1s | 1.0e-04 | 0.0213 | 0.9471 | 0.9460 | 0.9445 | 0.0227 | 0.9307 | 0.9411 | 0.9197
0519 | 23:40:31 |  14.1s | 1.0e-04 | 0.0219 | 0.9474 | 0.9448 | 0.9419 | 0.0231 | 0.9340 | 0.9365 | 0.9193
0520 | 23:40:55 |  13.9s | 1.0e-04 | 0.0222 | 0.9462 | 0.9414 | 0.9376 | 0.0233 | 0.9415 | 0.9223 | 0.9180
0521 | 23:41:18 |  14.1s | 1.0e-04 | 0.0221 | 0.9476 | 0.9446 | 0.9424 | 0.0234 | 0.9356 | 0.9308 | 0.9099
0522 | 23:41:42 |  13.9s | 1.0e-04 | 0.0222 | 0.9476 | 0.9450 | 0.9427 | 0.0231 | 0.9385 | 0.9243 | 0.9063
0523 | 23:42:06 |  14.2s | 1.0e-04 | 0.0219 | 0.9480 | 0.9453 | 0.9430 | 0.0233 | 0.9466 | 0.9226 | 0.9181
0524 | 23:42:30 |  14.4s | 1.0e-04 | 0.0215 | 0.9472 | 0.9461 | 0.9432 | 0.0244 | 0.9440 | 0.9213 | 0.9108
0525 | 23:42:55 |  14.0s | 1.0e-04 | 0.0222 | 0.9469 | 0.9442 | 0.9414 | 0.0238 | 0.9333 | 0.9370 | 0.9162
0526 | 23:43:19 |  14.0s | 1.0e-04 | 0.0212 | 0.9461 | 0.9455 | 0.9419 | 0.0245 | 0.9378 | 0.9256 | 0.9092
0527 | 23:43:43 |  13.9s | 1.0e-04 | 0.0221 | 0.9473 | 0.9456 | 0.9421 | 0.0253 | 0.9391 | 0.9153 | 0.8962
0528 | 23:44:06 |  14.0s | 1.0e-04 | 0.0221 | 0.9457 | 0.9459 | 0.9416 | 0.0226 | 0.9341 | 0.9342 | 0.9151
0529 | 23:44:30 |  14.2s | 1.0e-04 | 0.0221 | 0.9457 | 0.9453 | 0.9414 | 0.0245 | 0.9380 | 0.9268 | 0.9084
0530 | 23:44:55 |  13.9s | 1.0e-04 | 0.0217 | 0.9489 | 0.9455 | 0.9447 | 0.0237 | 0.9296 | 0.9311 | 0.9036
0531 | 23:45:18 |  14.0s | 1.0e-04 | 0.0226 | 0.9472 | 0.9434 | 0.9408 | 0.0228 | 0.9379 | 0.9380 | 0.9206
0532 | 23:45:42 |  27.1s | 1.0e-04 | 0.0220 | 0.9467 | 0.9452 | 0.9429 | 0.0248 | 0.9244 | 0.9352 | 0.9069
0533 | 23:46:19 |  14.1s | 1.0e-04 | 0.0218 | 0.9471 | 0.9463 | 0.9430 | 0.0242 | 0.9453 | 0.9132 | 0.9063
0534 | 23:46:43 |  14.1s | 1.0e-04 | 0.0218 | 0.9486 | 0.9431 | 0.9414 | 0.0235 | 0.9349 | 0.9316 | 0.9161
0535 | 23:47:07 |  14.0s | 1.0e-04 | 0.0215 | 0.9480 | 0.9450 | 0.9431 | 0.0236 | 0.9193 | 0.9394 | 0.9042
0536 | 23:47:32 |  14.1s | 1.0e-04 | 0.0212 | 0.9487 | 0.9482 | 0.9469 | 0.0244 | 0.9253 | 0.9391 | 0.9131
0537 | 23:47:56 |  14.0s | 1.0e-04 | 0.0216 | 0.9496 | 0.9480 | 0.9478 | 0.0246 | 0.9414 | 0.9194 | 0.9105
0538 | 23:48:20 |  14.1s | 1.0e-04 | 0.0212 | 0.9511 | 0.9474 | 0.9481 | 0.0247 | 0.9300 | 0.9304 | 0.9041
0539 | 23:48:44 |  14.2s | 1.0e-04 | 0.0213 | 0.9478 | 0.9476 | 0.9452 | 0.0235 | 0.9363 | 0.9278 | 0.9126
0540 | 23:49:08 |  14.1s | 1.0e-04 | 0.0209 | 0.9495 | 0.9462 | 0.9460 | 0.0259 | 0.9169 | 0.9328 | 0.8951
0541 | 23:49:32 |  13.9s | 1.0e-04 | 0.0217 | 0.9468 | 0.9475 | 0.9445 | 0.0237 | 0.9354 | 0.9277 | 0.9082
0542 | 23:49:56 |  14.0s | 1.0e-04 | 0.0212 | 0.9478 | 0.9461 | 0.9443 | 0.0230 | 0.9295 | 0.9347 | 0.9126
0543 | 23:50:19 |  13.9s | 1.0e-04 | 0.0216 | 0.9490 | 0.9472 | 0.9461 | 0.0231 | 0.9211 | 0.9470 | 0.9154
0544 | 23:50:43 |  14.1s | 1.0e-04 | 0.0210 | 0.9480 | 0.9479 | 0.9462 | 0.0242 | 0.9207 | 0.9389 | 0.9070
0545 | 23:51:07 |  14.1s | 1.0e-04 | 0.0214 | 0.9489 | 0.9468 | 0.9460 | 0.0220 | 0.9404 | 0.9328 | 0.9176
0546 | 23:51:31 |  14.1s | 1.0e-04 | 0.0217 | 0.9481 | 0.9465 | 0.9446 | 0.0233 | 0.9309 | 0.9374 | 0.9127
0547 | 23:51:56 |  14.1s | 1.0e-04 | 0.0213 | 0.9478 | 0.9464 | 0.9445 | 0.0237 | 0.9284 | 0.9428 | 0.9208
0548 | 23:52:20 |  14.0s | 1.0e-04 | 0.0217 | 0.9485 | 0.9445 | 0.9438 | 0.0235 | 0.9433 | 0.9230 | 0.9105
0549 | 23:52:44 |  14.0s | 1.0e-04 | 0.0214 | 0.9478 | 0.9473 | 0.9453 | 0.0237 | 0.9226 | 0.9393 | 0.9076
0550 | 23:53:08 |  14.1s | 1.0e-04 | 0.0213 | 0.9474 | 0.9462 | 0.9438 | 0.0223 | 0.9514 | 0.9234 | 0.9280
0551 | 23:53:32 |  14.0s | 1.0e-04 | 0.0212 | 0.9476 | 0.9474 | 0.9450 | 0.0241 | 0.9258 | 0.9380 | 0.9123
0552 | 23:53:56 |  14.1s | 1.0e-04 | 0.0214 | 0.9463 | 0.9487 | 0.9447 | 0.0235 | 0.9384 | 0.9210 | 0.9059
0553 | 23:54:20 |  13.9s | 1.0e-04 | 0.0207 | 0.9486 | 0.9483 | 0.9472 | 0.0244 | 0.9342 | 0.9292 | 0.9058
0554 | 23:54:44 |  14.2s | 1.0e-04 | 0.0211 | 0.9484 | 0.9485 | 0.9471 | 0.0240 | 0.9340 | 0.9318 | 0.9141
0555 | 23:55:08 |  14.1s | 1.0e-04 | 0.0217 | 0.9485 | 0.9472 | 0.9454 | 0.0231 | 0.9257 | 0.9434 | 0.9166
0556 | 23:55:32 |  14.0s | 1.0e-04 | 0.0218 | 0.9465 | 0.9462 | 0.9428 | 0.0252 | 0.9221 | 0.9383 | 0.9070
0557 | 23:55:56 |  14.0s | 1.0e-04 | 0.0210 | 0.9495 | 0.9476 | 0.9475 | 0.0237 | 0.9319 | 0.9385 | 0.9182
0558 | 23:56:20 |  14.2s | 1.0e-04 | 0.0213 | 0.9494 | 0.9491 | 0.9483 | 0.0231 | 0.9353 | 0.9406 | 0.9243
0559 | 23:56:44 |  13.9s | 1.0e-04 | 0.0204 | 0.9509 | 0.9481 | 0.9493 | 0.0233 | 0.9221 | 0.9386 | 0.9085
0560 | 23:57:08 |  14.3s | 1.0e-04 | 0.0209 | 0.9485 | 0.9474 | 0.9461 | 0.0238 | 0.9370 | 0.9288 | 0.9122
0561 | 23:57:32 |  14.1s | 1.0e-04 | 0.0219 | 0.9493 | 0.9479 | 0.9474 | 0.0223 | 0.9367 | 0.9270 | 0.9081
0562 | 23:57:56 |  13.9s | 1.0e-04 | 0.0218 | 0.9475 | 0.9470 | 0.9449 | 0.0242 | 0.9290 | 0.9263 | 0.9039
0563 | 23:58:20 |  26.5s | 1.0e-04 | 0.0213 | 0.9492 | 0.9483 | 0.9475 | 0.0251 | 0.9293 | 0.9306 | 0.9038
0564 | 23:58:56 |  13.9s | 1.0e-04 | 0.0208 | 0.9505 | 0.9464 | 0.9469 | 0.0245 | 0.9330 | 0.9304 | 0.9058
0565 | 23:59:20 |  14.1s | 1.0e-04 | 0.0210 | 0.9496 | 0.9447 | 0.9431 | 0.0234 | 0.9348 | 0.9340 | 0.9133
0566 | 23:59:44 |  14.1s | 1.0e-04 | 0.0220 | 0.9480 | 0.9452 | 0.9428 | 0.0235 | 0.9372 | 0.9216 | 0.9116
0567 | 00:00:08 |  14.0s | 1.0e-04 | 0.0212 | 0.9508 | 0.9486 | 0.9494 | 0.0242 | 0.9470 | 0.9282 | 0.9241
0568 | 00:00:32 |  14.1s | 1.0e-04 | 0.0212 | 0.9497 | 0.9471 | 0.9472 | 0.0240 | 0.9404 | 0.9171 | 0.8983
0569 | 00:00:56 |  14.0s | 1.0e-04 | 0.0214 | 0.9460 | 0.9485 | 0.9444 | 0.0243 | 0.9376 | 0.9214 | 0.9105
0570 | 00:01:20 |  14.0s | 1.0e-04 | 0.0217 | 0.9468 | 0.9464 | 0.9440 | 0.0238 | 0.9264 | 0.9392 | 0.9080
0571 | 00:01:44 |  14.2s | 1.0e-04 | 0.0209 | 0.9467 | 0.9476 | 0.9440 | 0.0239 | 0.9201 | 0.9373 | 0.9054
0572 | 00:02:08 |  14.1s | 1.0e-04 | 0.0213 | 0.9455 | 0.9476 | 0.9437 | 0.0228 | 0.9258 | 0.9403 | 0.9163
0573 | 00:02:32 |  14.1s | 1.0e-04 | 0.0211 | 0.9477 | 0.9438 | 0.9411 | 0.0230 | 0.9352 | 0.9440 | 0.9267
0574 | 00:02:56 |  14.2s | 1.0e-04 | 0.0214 | 0.9475 | 0.9453 | 0.9436 | 0.0252 | 0.9312 | 0.9291 | 0.9041
0575 | 00:03:20 |  14.1s | 1.0e-04 | 0.0208 | 0.9506 | 0.9491 | 0.9499 | 0.0245 | 0.9314 | 0.9312 | 0.9054
0576 | 00:03:44 |  14.1s | 1.0e-04 | 0.0209 | 0.9476 | 0.9469 | 0.9454 | 0.0234 | 0.9218 | 0.9346 | 0.9051
0577 | 00:04:08 |  13.9s | 1.0e-04 | 0.0214 | 0.9475 | 0.9471 | 0.9448 | 0.0224 | 0.9342 | 0.9348 | 0.9146
0578 | 00:04:32 |  14.0s | 1.0e-04 | 0.0206 | 0.9465 | 0.9491 | 0.9458 | 0.0237 | 0.9374 | 0.9318 | 0.9136
0579 | 00:04:56 |  14.1s | 1.0e-04 | 0.0209 | 0.9507 | 0.9467 | 0.9469 | 0.0237 | 0.9280 | 0.9356 | 0.9035
0580 | 00:05:20 |  14.1s | 1.0e-04 | 0.0214 | 0.9469 | 0.9455 | 0.9422 | 0.0229 | 0.9248 | 0.9477 | 0.9220
0581 | 00:05:44 |  14.0s | 1.0e-04 | 0.0207 | 0.9507 | 0.9459 | 0.9452 | 0.0239 | 0.9375 | 0.9333 | 0.9167
0582 | 00:06:08 |  14.0s | 1.0e-04 | 0.0213 | 0.9483 | 0.9478 | 0.9464 | 0.0239 | 0.9265 | 0.9325 | 0.9040
0583 | 00:06:32 |  14.0s | 1.0e-04 | 0.0211 | 0.9492 | 0.9478 | 0.9471 | 0.0235 | 0.9360 | 0.9319 | 0.9075
0584 | 00:06:56 |  14.0s | 1.0e-04 | 0.0211 | 0.9498 | 0.9468 | 0.9462 | 0.0238 | 0.9367 | 0.9307 | 0.9141
0585 | 00:07:19 |  14.2s | 1.0e-04 | 0.0215 | 0.9465 | 0.9463 | 0.9427 | 0.0231 | 0.9393 | 0.9363 | 0.9270
0586 | 00:07:44 |  14.1s | 1.0e-04 | 0.0210 | 0.9471 | 0.9474 | 0.9443 | 0.0240 | 0.9348 | 0.9313 | 0.9149
0587 | 00:08:08 |  14.1s | 1.0e-04 | 0.0215 | 0.9471 | 0.9467 | 0.9441 | 0.0240 | 0.9382 | 0.9303 | 0.9170
0588 | 00:08:32 |  14.0s | 1.0e-04 | 0.0210 | 0.9482 | 0.9460 | 0.9453 | 0.0238 | 0.9350 | 0.9265 | 0.9117
0589 | 00:08:56 |  14.2s | 1.0e-04 | 0.0209 | 0.9493 | 0.9485 | 0.9480 | 0.0237 | 0.9308 | 0.9288 | 0.9107
0590 | 00:09:20 |  14.1s | 1.0e-04 | 0.0211 | 0.9490 | 0.9464 | 0.9457 | 0.0228 | 0.9246 | 0.9421 | 0.9128
0591 | 00:09:44 |  13.9s | 1.0e-04 | 0.0208 | 0.9489 | 0.9488 | 0.9471 | 0.0248 | 0.9259 | 0.9406 | 0.9167
0592 | 00:10:08 |  14.3s | 1.0e-04 | 0.0219 | 0.9468 | 0.9449 | 0.9425 | 0.0242 | 0.9343 | 0.9308 | 0.9142
0593 | 00:10:32 |  14.1s | 1.0e-04 | 0.0213 | 0.9481 | 0.9479 | 0.9457 | 0.0237 | 0.9273 | 0.9424 | 0.9171
0594 | 00:10:56 |  27.5s | 1.0e-04 | 0.0207 | 0.9482 | 0.9480 | 0.9464 | 0.0237 | 0.9315 | 0.9282 | 0.9083
0595 | 00:11:34 |  14.3s | 1.0e-04 | 0.0198 | 0.9485 | 0.9472 | 0.9458 | 0.0240 | 0.9361 | 0.9256 | 0.9087
0596 | 00:11:58 |  14.4s | 1.0e-04 | 0.0201 | 0.9452 | 0.9463 | 0.9418 | 0.0244 | 0.9348 | 0.9329 | 0.9112
0597 | 00:12:22 |  14.2s | 1.0e-04 | 0.0204 | 0.9460 | 0.9474 | 0.9432 | 0.0235 | 0.9353 | 0.9387 | 0.9227
0598 | 00:12:46 |  14.2s | 1.0e-04 | 0.0196 | 0.9490 | 0.9473 | 0.9467 | 0.0252 | 0.9321 | 0.9281 | 0.9037
0599 | 00:13:11 |  14.2s | 1.0e-04 | 0.0200 | 0.9475 | 0.9466 | 0.9437 | 0.0238 | 0.9388 | 0.9249 | 0.9082
0600 | 00:13:35 |  14.1s | 1.0e-04 | 0.0205 | 0.9468 | 0.9421 | 0.9381 | 0.0237 | 0.9155 | 0.9401 | 0.9034
0601 | 00:13:59 |  14.2s | 1.0e-04 | 0.0205 | 0.9472 | 0.9460 | 0.9432 | 0.0231 | 0.9336 | 0.9360 | 0.9197
0602 | 00:14:23 |  14.1s | 1.0e-04 | 0.0197 | 0.9467 | 0.9468 | 0.9440 | 0.0234 | 0.9298 | 0.9305 | 0.9053
0603 | 00:14:47 |  14.1s | 1.0e-04 | 0.0207 | 0.9457 | 0.9445 | 0.9397 | 0.0249 | 0.9209 | 0.9348 | 0.8991
0604 | 00:15:11 |  14.2s | 1.0e-04 | 0.0207 | 0.9440 | 0.9441 | 0.9385 | 0.0252 | 0.9404 | 0.9245 | 0.9153
0605 | 00:15:35 |  14.2s | 1.0e-04 | 0.0208 | 0.9459 | 0.9423 | 0.9381 | 0.0240 | 0.9429 | 0.9238 | 0.9089
0606 | 00:16:00 |  14.2s | 1.0e-04 | 0.0199 | 0.9473 | 0.9469 | 0.9438 | 0.0245 | 0.9445 | 0.9093 | 0.9014
0607 | 00:16:24 |  14.2s | 1.0e-04 | 0.0201 | 0.9482 | 0.9459 | 0.9446 | 0.0217 | 0.9351 | 0.9509 | 0.9364
0608 | 00:16:48 |  14.1s | 1.0e-04 | 0.0199 | 0.9459 | 0.9462 | 0.9423 | 0.0216 | 0.9451 | 0.9255 | 0.9202
0609 | 00:17:12 |  14.3s | 1.0e-04 | 0.0201 | 0.9465 | 0.9465 | 0.9423 | 0.0235 | 0.9454 | 0.9221 | 0.9119
0610 | 00:17:36 |  14.2s | 1.0e-04 | 0.0203 | 0.9452 | 0.9451 | 0.9400 | 0.0240 | 0.9277 | 0.9419 | 0.9160
0611 | 00:18:00 |  14.3s | 1.0e-04 | 0.0206 | 0.9462 | 0.9444 | 0.9402 | 0.0225 | 0.9300 | 0.9394 | 0.9181
0612 | 00:18:24 |  14.4s | 1.0e-04 | 0.0201 | 0.9492 | 0.9455 | 0.9440 | 0.0232 | 0.9185 | 0.9449 | 0.9116
0613 | 00:18:48 |  14.1s | 1.0e-04 | 0.0205 | 0.9466 | 0.9445 | 0.9408 | 0.0242 | 0.9252 | 0.9372 | 0.9072
0614 | 00:19:12 |  14.1s | 1.0e-04 | 0.0202 | 0.9489 | 0.9460 | 0.9454 | 0.0228 | 0.9338 | 0.9386 | 0.9187
0615 | 00:19:36 |  14.3s | 1.0e-04 | 0.0200 | 0.9475 | 0.9480 | 0.9456 | 0.0231 | 0.9410 | 0.9194 | 0.9139
0616 | 00:20:01 |  14.2s | 1.0e-04 | 0.0206 | 0.9453 | 0.9426 | 0.9380 | 0.0240 | 0.9384 | 0.9310 | 0.9111
0617 | 00:20:25 |  14.4s | 1.0e-04 | 0.0204 | 0.9513 | 0.9438 | 0.9462 | 0.0240 | 0.9285 | 0.9428 | 0.9167
0618 | 00:20:49 |  14.1s | 1.0e-04 | 0.0203 | 0.9470 | 0.9437 | 0.9412 | 0.0225 | 0.9341 | 0.9376 | 0.9175
0619 | 00:21:13 |  14.1s | 1.0e-04 | 0.0204 | 0.9473 | 0.9439 | 0.9413 | 0.0224 | 0.9323 | 0.9342 | 0.9174
0620 | 00:21:37 |  14.4s | 1.0e-04 | 0.0210 | 0.9464 | 0.9435 | 0.9395 | 0.0239 | 0.9313 | 0.9312 | 0.9103
0621 | 00:22:01 |  14.1s | 1.0e-04 | 0.0201 | 0.9491 | 0.9453 | 0.9449 | 0.0232 | 0.9353 | 0.9334 | 0.9145
0622 | 00:22:25 |  14.1s | 1.0e-04 | 0.0200 | 0.9481 | 0.9459 | 0.9440 | 0.0226 | 0.9431 | 0.9322 | 0.9255
0623 | 00:22:49 |  14.1s | 1.0e-04 | 0.0200 | 0.9468 | 0.9452 | 0.9415 | 0.0247 | 0.9230 | 0.9269 | 0.8929
0624 | 00:23:13 |  14.2s | 1.0e-04 | 0.0205 | 0.9479 | 0.9446 | 0.9428 | 0.0227 | 0.9327 | 0.9388 | 0.9235
0625 | 00:23:37 |  14.2s | 1.0e-04 | 0.0204 | 0.9460 | 0.9452 | 0.9417 | 0.0230 | 0.9352 | 0.9325 | 0.9134
0626 | 00:24:04 |  14.0s | 1.0e-04 | 0.0195 | 0.9501 | 0.9507 | 0.9505 | 0.0235 | 0.9409 | 0.9280 | 0.9147
0627 | 00:24:28 |  13.9s | 1.0e-04 | 0.0198 | 0.9517 | 0.9489 | 0.9504 | 0.0248 | 0.9442 | 0.9136 | 0.9026
0628 | 00:24:52 |  13.8s | 1.0e-04 | 0.0199 | 0.9499 | 0.9491 | 0.9491 | 0.0243 | 0.9344 | 0.9307 | 0.9141
0629 | 00:25:15 |  14.0s | 1.0e-04 | 0.0202 | 0.9500 | 0.9511 | 0.9516 | 0.0237 | 0.9398 | 0.9241 | 0.9125
0630 | 00:25:40 |  14.3s | 1.0e-04 | 0.0200 | 0.9506 | 0.9497 | 0.9502 | 0.0244 | 0.9310 | 0.9376 | 0.9123
0631 | 00:26:04 |  14.0s | 1.0e-04 | 0.0196 | 0.9514 | 0.9503 | 0.9517 | 0.0237 | 0.9435 | 0.9189 | 0.9130
0632 | 00:26:28 |  14.3s | 1.0e-04 | 0.0206 | 0.9481 | 0.9490 | 0.9474 | 0.0240 | 0.9257 | 0.9311 | 0.9015
0633 | 00:26:52 |  14.1s | 1.0e-04 | 0.0207 | 0.9487 | 0.9453 | 0.9442 | 0.0227 | 0.9444 | 0.9205 | 0.9147
0634 | 00:27:16 |  14.0s | 1.0e-04 | 0.0198 | 0.9509 | 0.9506 | 0.9515 | 0.0227 | 0.9313 | 0.9365 | 0.9148
0635 | 00:27:40 |  14.0s | 1.0e-04 | 0.0198 | 0.9531 | 0.9504 | 0.9534 | 0.0233 | 0.9384 | 0.9245 | 0.9104
0636 | 00:28:04 |  14.2s | 1.0e-04 | 0.0195 | 0.9533 | 0.9522 | 0.9552 | 0.0237 | 0.9356 | 0.9361 | 0.9202
0637 | 00:28:28 |  14.1s | 1.0e-04 | 0.0202 | 0.9507 | 0.9496 | 0.9505 | 0.0236 | 0.9323 | 0.9345 | 0.9149
0638 | 00:28:52 |  14.0s | 1.0e-04 | 0.0202 | 0.9488 | 0.9513 | 0.9499 | 0.0251 | 0.9330 | 0.9279 | 0.9079
0639 | 00:29:16 |  14.0s | 1.0e-04 | 0.0204 | 0.9497 | 0.9486 | 0.9486 | 0.0240 | 0.9341 | 0.9381 | 0.9150
0640 | 00:29:40 |  14.1s | 1.0e-04 | 0.0197 | 0.9519 | 0.9503 | 0.9522 | 0.0241 | 0.9331 | 0.9271 | 0.9072
0641 | 00:30:04 |  14.0s | 1.0e-04 | 0.0204 | 0.9505 | 0.9470 | 0.9477 | 0.0239 | 0.9348 | 0.9312 | 0.9104
0642 | 00:30:28 |  13.9s | 1.0e-04 | 0.0191 | 0.9522 | 0.9501 | 0.9522 | 0.0256 | 0.9435 | 0.9231 | 0.9162
0643 | 00:30:51 |  14.2s | 1.0e-04 | 0.0199 | 0.9514 | 0.9505 | 0.9518 | 0.0238 | 0.9442 | 0.9195 | 0.9146
0644 | 00:31:15 |  14.0s | 1.0e-04 | 0.0198 | 0.9521 | 0.9491 | 0.9512 | 0.0235 | 0.9380 | 0.9376 | 0.9259
0645 | 00:31:39 |  14.1s | 1.0e-04 | 0.0197 | 0.9517 | 0.9503 | 0.9520 | 0.0241 | 0.9328 | 0.9318 | 0.9088
0646 | 00:32:03 |  14.1s | 1.0e-04 | 0.0206 | 0.9482 | 0.9469 | 0.9451 | 0.0228 | 0.9430 | 0.9341 | 0.9247
0647 | 00:32:27 |  14.0s | 1.0e-04 | 0.0201 | 0.9506 | 0.9492 | 0.9498 | 0.0232 | 0.9298 | 0.9370 | 0.9143
0648 | 00:32:51 |  14.1s | 1.0e-04 | 0.0199 | 0.9521 | 0.9500 | 0.9521 | 0.0240 | 0.9297 | 0.9329 | 0.9149
0649 | 00:33:15 |  14.0s | 1.0e-04 | 0.0199 | 0.9500 | 0.9469 | 0.9471 | 0.0237 | 0.9506 | 0.9087 | 0.9121
0650 | 00:33:39 |  14.5s | 1.0e-04 | 0.0197 | 0.9493 | 0.9478 | 0.9472 | 0.0244 | 0.9362 | 0.9305 | 0.9071
0651 | 00:34:04 |  14.3s | 1.0e-04 | 0.0200 | 0.9519 | 0.9508 | 0.9524 | 0.0226 | 0.9383 | 0.9344 | 0.9206
0652 | 00:34:28 |  14.3s | 1.0e-04 | 0.0202 | 0.9489 | 0.9463 | 0.9456 | 0.0262 | 0.9283 | 0.9339 | 0.9044
0653 | 00:34:52 |  13.9s | 1.0e-04 | 0.0200 | 0.9495 | 0.9507 | 0.9504 | 0.0248 | 0.9318 | 0.9293 | 0.9070
0654 | 00:35:16 |  14.3s | 1.0e-04 | 0.0206 | 0.9492 | 0.9487 | 0.9484 | 0.0225 | 0.9321 | 0.9386 | 0.9150
0655 | 00:35:40 |  14.1s | 1.0e-04 | 0.0197 | 0.9520 | 0.9505 | 0.9526 | 0.0237 | 0.9272 | 0.9421 | 0.9160
0656 | 00:36:04 |  14.1s | 1.0e-04 | 0.0197 | 0.9517 | 0.9522 | 0.9540 | 0.0239 | 0.9282 | 0.9347 | 0.9112
0657 | 00:36:28 |  23.1s | 1.0e-04 | 0.0189 | 0.9528 | 0.9521 | 0.9541 | 0.0242 | 0.9167 | 0.9526 | 0.9202
0658 | 00:37:01 |  14.0s | 1.0e-04 | 0.0195 | 0.9521 | 0.9511 | 0.9535 | 0.0234 | 0.9293 | 0.9320 | 0.9076
0659 | 00:37:25 |  13.7s | 1.0e-04 | 0.0193 | 0.9508 | 0.9501 | 0.9511 | 0.0229 | 0.9337 | 0.9369 | 0.9134
0660 | 00:37:48 |  13.8s | 1.0e-04 | 0.0189 | 0.9511 | 0.9512 | 0.9524 | 0.0250 | 0.9421 | 0.9213 | 0.9104
0661 | 00:38:12 |  13.8s | 1.0e-04 | 0.0194 | 0.9501 | 0.9505 | 0.9504 | 0.0227 | 0.9403 | 0.9273 | 0.9118
0662 | 00:38:36 |  14.2s | 1.0e-04 | 0.0192 | 0.9527 | 0.9506 | 0.9531 | 0.0239 | 0.9320 | 0.9421 | 0.9244
0663 | 00:39:00 |  13.9s | 1.0e-04 | 0.0195 | 0.9503 | 0.9508 | 0.9510 | 0.0239 | 0.9410 | 0.9176 | 0.8995
0664 | 00:39:24 |  13.9s | 1.0e-04 | 0.0189 | 0.9516 | 0.9493 | 0.9512 | 0.0246 | 0.9449 | 0.9247 | 0.9224
0665 | 00:39:48 |  13.9s | 1.0e-04 | 0.0200 | 0.9510 | 0.9479 | 0.9485 | 0.0241 | 0.9315 | 0.9336 | 0.9137
0666 | 00:40:11 |  13.9s | 1.0e-04 | 0.0192 | 0.9515 | 0.9507 | 0.9522 | 0.0232 | 0.9334 | 0.9361 | 0.9178
0667 | 00:40:35 |  13.9s | 1.0e-04 | 0.0198 | 0.9484 | 0.9492 | 0.9472 | 0.0239 | 0.9419 | 0.9266 | 0.9150
0668 | 00:40:59 |  14.1s | 1.0e-04 | 0.0197 | 0.9490 | 0.9497 | 0.9487 | 0.0228 | 0.9334 | 0.9368 | 0.9164
0669 | 00:41:23 |  13.8s | 1.0e-04 | 0.0188 | 0.9521 | 0.9511 | 0.9530 | 0.0234 | 0.9369 | 0.9414 | 0.9264
0670 | 00:41:47 |  14.1s | 1.0e-04 | 0.0192 | 0.9524 | 0.9509 | 0.9534 | 0.0250 | 0.9157 | 0.9428 | 0.9007
0671 | 00:42:11 |  14.0s | 1.0e-04 | 0.0200 | 0.9501 | 0.9488 | 0.9491 | 0.0233 | 0.9469 | 0.9250 | 0.9240
0672 | 00:42:35 |  13.8s | 1.0e-04 | 0.0188 | 0.9531 | 0.9500 | 0.9531 | 0.0233 | 0.9360 | 0.9228 | 0.9046
0673 | 00:42:58 |  14.0s | 1.0e-04 | 0.0194 | 0.9515 | 0.9514 | 0.9530 | 0.0228 | 0.9330 | 0.9406 | 0.9234
0674 | 00:43:22 |  13.9s | 1.0e-04 | 0.0196 | 0.9533 | 0.9503 | 0.9534 | 0.0223 | 0.9458 | 0.9269 | 0.9238
0675 | 00:43:46 |  14.0s | 1.0e-04 | 0.0192 | 0.9532 | 0.9511 | 0.9542 | 0.0234 | 0.9262 | 0.9466 | 0.9206
0676 | 00:44:10 |  13.7s | 1.0e-04 | 0.0196 | 0.9509 | 0.9491 | 0.9502 | 0.0243 | 0.9315 | 0.9277 | 0.9068
0677 | 00:44:34 |  13.7s | 1.0e-04 | 0.0193 | 0.9508 | 0.9529 | 0.9532 | 0.0251 | 0.9355 | 0.9233 | 0.9052
0678 | 00:44:57 |  13.9s | 1.0e-04 | 0.0190 | 0.9489 | 0.9537 | 0.9525 | 0.0239 | 0.9416 | 0.9338 | 0.9223
0679 | 00:45:21 |  13.8s | 1.0e-04 | 0.0189 | 0.9521 | 0.9499 | 0.9521 | 0.0225 | 0.9370 | 0.9369 | 0.9205
0680 | 00:45:44 |  13.9s | 1.0e-04 | 0.0199 | 0.9516 | 0.9475 | 0.9492 | 0.0251 | 0.9216 | 0.9404 | 0.9061
0681 | 00:46:08 |  13.7s | 1.0e-04 | 0.0193 | 0.9513 | 0.9507 | 0.9517 | 0.0250 | 0.9317 | 0.9254 | 0.8960
0682 | 00:46:32 |  13.8s | 1.0e-04 | 0.0195 | 0.9519 | 0.9489 | 0.9509 | 0.0242 | 0.9333 | 0.9345 | 0.9119
0683 | 00:46:55 |  13.8s | 1.0e-04 | 0.0188 | 0.9522 | 0.9493 | 0.9520 | 0.0246 | 0.9372 | 0.9300 | 0.9168
0684 | 00:47:19 |  13.9s | 1.0e-04 | 0.0198 | 0.9495 | 0.9494 | 0.9484 | 0.0238 | 0.9271 | 0.9301 | 0.9062
0685 | 00:47:43 |  14.0s | 1.0e-04 | 0.0191 | 0.9527 | 0.9513 | 0.9540 | 0.0239 | 0.9231 | 0.9325 | 0.9046
0686 | 00:48:07 |  13.7s | 1.0e-04 | 0.0194 | 0.9526 | 0.9504 | 0.9531 | 0.0235 | 0.9340 | 0.9320 | 0.9112
0687 | 00:48:30 |  13.7s | 1.0e-04 | 0.0195 | 0.9516 | 0.9496 | 0.9513 | 0.0214 | 0.9417 | 0.9349 | 0.9255
0688 | 00:48:54 |  24.7s | 1.0e-04 | 0.0192 | 0.9520 | 0.9496 | 0.9517 | 0.0228 | 0.9373 | 0.9255 | 0.9110
0689 | 00:49:28 |  14.2s | 1.0e-04 | 0.0205 | 0.9509 | 0.9481 | 0.9490 | 0.0236 | 0.9371 | 0.9274 | 0.9141
0690 | 00:49:52 |  14.2s | 1.0e-04 | 0.0205 | 0.9504 | 0.9490 | 0.9494 | 0.0231 | 0.9328 | 0.9274 | 0.9024
0691 | 00:50:17 |  14.2s | 1.0e-04 | 0.0209 | 0.9488 | 0.9478 | 0.9468 | 0.0236 | 0.9329 | 0.9426 | 0.9229
0692 | 00:50:41 |  14.2s | 1.0e-04 | 0.0209 | 0.9492 | 0.9459 | 0.9455 | 0.0225 | 0.9365 | 0.9317 | 0.9196
0693 | 00:51:05 |  14.3s | 1.0e-04 | 0.0202 | 0.9502 | 0.9477 | 0.9480 | 0.0231 | 0.9397 | 0.9371 | 0.9274
0694 | 00:51:29 |  14.2s | 1.0e-04 | 0.0204 | 0.9495 | 0.9473 | 0.9466 | 0.0247 | 0.9275 | 0.9333 | 0.9035
0695 | 00:51:53 |  14.0s | 1.0e-04 | 0.0203 | 0.9498 | 0.9477 | 0.9473 | 0.0231 | 0.9293 | 0.9337 | 0.9127
0696 | 00:52:17 |  14.1s | 1.0e-04 | 0.0207 | 0.9512 | 0.9500 | 0.9512 | 0.0235 | 0.9442 | 0.9227 | 0.9151
0697 | 00:52:41 |  14.2s | 1.0e-04 | 0.0203 | 0.9493 | 0.9481 | 0.9471 | 0.0234 | 0.9388 | 0.9204 | 0.9031
0698 | 00:53:05 |  14.1s | 1.0e-04 | 0.0204 | 0.9509 | 0.9465 | 0.9472 | 0.0221 | 0.9400 | 0.9322 | 0.9225
0699 | 00:53:29 |  14.3s | 1.0e-04 | 0.0207 | 0.9486 | 0.9491 | 0.9473 | 0.0226 | 0.9386 | 0.9330 | 0.9141
0700 | 00:53:53 |  14.2s | 1.0e-04 | 0.0208 | 0.9492 | 0.9467 | 0.9463 | 0.0246 | 0.9296 | 0.9338 | 0.9112
0701 | 00:54:17 |  14.1s | 1.0e-04 | 0.0207 | 0.9497 | 0.9484 | 0.9480 | 0.0246 | 0.9273 | 0.9324 | 0.9022
0702 | 00:54:41 |  14.3s | 1.0e-04 | 0.0213 | 0.9484 | 0.9456 | 0.9434 | 0.0228 | 0.9496 | 0.9212 | 0.9216
0703 | 00:55:05 |  14.2s | 1.0e-04 | 0.0209 | 0.9488 | 0.9472 | 0.9465 | 0.0234 | 0.9301 | 0.9478 | 0.9266
0704 | 00:55:29 |  14.3s | 1.0e-04 | 0.0199 | 0.9510 | 0.9501 | 0.9510 | 0.0226 | 0.9322 | 0.9368 | 0.9179
0705 | 00:55:53 |  14.4s | 1.0e-04 | 0.0209 | 0.9475 | 0.9443 | 0.9427 | 0.0238 | 0.9387 | 0.9343 | 0.9227
0706 | 00:56:18 |  14.3s | 1.0e-04 | 0.0207 | 0.9478 | 0.9489 | 0.9466 | 0.0240 | 0.9279 | 0.9333 | 0.9073
0707 | 00:56:42 |  14.0s | 1.0e-04 | 0.0201 | 0.9510 | 0.9488 | 0.9497 | 0.0219 | 0.9327 | 0.9359 | 0.9146
0708 | 00:57:06 |  14.4s | 1.0e-04 | 0.0202 | 0.9499 | 0.9509 | 0.9507 | 0.0256 | 0.9305 | 0.9310 | 0.9024
0709 | 00:57:30 |  14.1s | 1.0e-04 | 0.0203 | 0.9513 | 0.9496 | 0.9509 | 0.0236 | 0.9292 | 0.9383 | 0.9116
0710 | 00:57:54 |  14.4s | 1.0e-04 | 0.0208 | 0.9488 | 0.9489 | 0.9477 | 0.0239 | 0.9280 | 0.9435 | 0.9192
0711 | 00:58:18 |  14.2s | 1.0e-04 | 0.0209 | 0.9489 | 0.9490 | 0.9477 | 0.0227 | 0.9392 | 0.9308 | 0.9169
0712 | 00:58:42 |  14.2s | 1.0e-04 | 0.0208 | 0.9507 | 0.9452 | 0.9463 | 0.0243 | 0.9498 | 0.9182 | 0.9147
0713 | 00:59:06 |  14.1s | 1.0e-04 | 0.0202 | 0.9496 | 0.9477 | 0.9479 | 0.0238 | 0.9305 | 0.9300 | 0.9063
0714 | 00:59:30 |  14.3s | 1.0e-04 | 0.0203 | 0.9506 | 0.9517 | 0.9520 | 0.0235 | 0.9381 | 0.9296 | 0.9099
0715 | 00:59:54 |  14.3s | 1.0e-04 | 0.0203 | 0.9509 | 0.9495 | 0.9504 | 0.0233 | 0.9254 | 0.9417 | 0.9175
0716 | 01:00:18 |  14.0s | 1.0e-04 | 0.0214 | 0.9483 | 0.9486 | 0.9471 | 0.0235 | 0.9328 | 0.9326 | 0.9133
0717 | 01:00:42 |  14.0s | 1.0e-04 | 0.0203 | 0.9488 | 0.9502 | 0.9491 | 0.0239 | 0.9408 | 0.9263 | 0.9114
0718 | 01:01:06 |  15.0s | 1.0e-04 | 0.0202 | 0.9497 | 0.9491 | 0.9490 | 0.0242 | 0.9234 | 0.9343 | 0.9038
0719 | 01:01:31 |  25.6s | 1.0e-04 | 0.0204 | 0.9493 | 0.9485 | 0.9483 | 0.0235 | 0.9361 | 0.9425 | 0.9269
0720 | 01:02:06 |  14.2s | 1.0e-04 | 0.0193 | 0.9497 | 0.9450 | 0.9456 | 0.0234 | 0.9404 | 0.9265 | 0.9097
0721 | 01:02:30 |  14.2s | 1.0e-04 | 0.0195 | 0.9501 | 0.9444 | 0.9446 | 0.0245 | 0.9276 | 0.9390 | 0.9164
0722 | 01:02:54 |  14.3s | 1.0e-04 | 0.0195 | 0.9486 | 0.9488 | 0.9472 | 0.0239 | 0.9282 | 0.9323 | 0.9082
0723 | 01:03:19 |  14.1s | 1.0e-04 | 0.0199 | 0.9471 | 0.9471 | 0.9446 | 0.0226 | 0.9467 | 0.9266 | 0.9202
0724 | 01:03:43 |  14.4s | 1.0e-04 | 0.0194 | 0.9498 | 0.9471 | 0.9477 | 0.0241 | 0.9255 | 0.9415 | 0.9150
0725 | 01:04:07 |  14.0s | 1.0e-04 | 0.0195 | 0.9477 | 0.9440 | 0.9415 | 0.0233 | 0.9309 | 0.9418 | 0.9226
0726 | 01:04:31 |  14.1s | 1.0e-04 | 0.0195 | 0.9486 | 0.9472 | 0.9460 | 0.0223 | 0.9389 | 0.9368 | 0.9255
0727 | 01:04:55 |  14.3s | 1.0e-04 | 0.0193 | 0.9488 | 0.9483 | 0.9474 | 0.0237 | 0.9296 | 0.9263 | 0.9036
0728 | 01:05:19 |  14.3s | 1.0e-04 | 0.0186 | 0.9509 | 0.9469 | 0.9486 | 0.0234 | 0.9383 | 0.9367 | 0.9220
0729 | 01:05:43 |  14.0s | 1.0e-04 | 0.0192 | 0.9503 | 0.9467 | 0.9469 | 0.0236 | 0.9348 | 0.9361 | 0.9190
0730 | 01:06:07 |  14.1s | 1.0e-04 | 0.0193 | 0.9478 | 0.9460 | 0.9441 | 0.0235 | 0.9384 | 0.9347 | 0.9230
0731 | 01:06:31 |  14.1s | 1.0e-04 | 0.0192 | 0.9502 | 0.9445 | 0.9439 | 0.0233 | 0.9345 | 0.9301 | 0.9106
0732 | 01:06:54 |  14.2s | 1.0e-04 | 0.0189 | 0.9502 | 0.9475 | 0.9483 | 0.0233 | 0.9350 | 0.9255 | 0.9068
0733 | 01:07:18 |  14.2s | 1.0e-04 | 0.0196 | 0.9481 | 0.9450 | 0.9423 | 0.0231 | 0.9382 | 0.9312 | 0.9154
0734 | 01:07:42 |  14.2s | 1.0e-04 | 0.0195 | 0.9492 | 0.9474 | 0.9475 | 0.0233 | 0.9425 | 0.9292 | 0.9226
0735 | 01:08:06 |  14.4s | 1.0e-04 | 0.0198 | 0.9479 | 0.9473 | 0.9456 | 0.0237 | 0.9371 | 0.9365 | 0.9180
0736 | 01:08:31 |  14.2s | 1.0e-04 | 0.0192 | 0.9494 | 0.9447 | 0.9441 | 0.0231 | 0.9327 | 0.9315 | 0.9120
0737 | 01:08:55 |  14.3s | 1.0e-04 | 0.0195 | 0.9516 | 0.9453 | 0.9472 | 0.0232 | 0.9442 | 0.9229 | 0.9199
0738 | 01:09:19 |  14.2s | 1.0e-04 | 0.0194 | 0.9496 | 0.9480 | 0.9479 | 0.0232 | 0.9469 | 0.9244 | 0.9218
0739 | 01:09:43 |  14.3s | 1.0e-04 | 0.0193 | 0.9488 | 0.9459 | 0.9443 | 0.0232 | 0.9357 | 0.9324 | 0.9166
0740 | 01:10:07 |  14.4s | 1.0e-04 | 0.0192 | 0.9475 | 0.9466 | 0.9441 | 0.0234 | 0.9402 | 0.9243 | 0.9099
0741 | 01:10:31 |  14.3s | 1.0e-04 | 0.0188 | 0.9490 | 0.9497 | 0.9488 | 0.0224 | 0.9330 | 0.9365 | 0.9147
0742 | 01:10:56 |  14.2s | 1.0e-04 | 0.0188 | 0.9490 | 0.9496 | 0.9486 | 0.0228 | 0.9386 | 0.9269 | 0.9107
0743 | 01:11:20 |  14.2s | 1.0e-04 | 0.0191 | 0.9497 | 0.9468 | 0.9462 | 0.0233 | 0.9461 | 0.9329 | 0.9275
0744 | 01:11:44 |  14.1s | 1.0e-04 | 0.0192 | 0.9482 | 0.9488 | 0.9469 | 0.0224 | 0.9407 | 0.9307 | 0.9252
0745 | 01:12:08 |  14.1s | 1.0e-04 | 0.0189 | 0.9490 | 0.9461 | 0.9453 | 0.0235 | 0.9327 | 0.9461 | 0.9262
0746 | 01:12:31 |  14.1s | 1.0e-04 | 0.0194 | 0.9492 | 0.9466 | 0.9464 | 0.0249 | 0.9351 | 0.9259 | 0.9065
0747 | 01:12:55 |  14.2s | 1.0e-04 | 0.0186 | 0.9502 | 0.9490 | 0.9486 | 0.0223 | 0.9361 | 0.9330 | 0.9171
0748 | 01:13:19 |  14.2s | 1.0e-04 | 0.0188 | 0.9496 | 0.9494 | 0.9489 | 0.0225 | 0.9311 | 0.9349 | 0.9092
0749 | 01:13:43 |  14.2s | 1.0e-04 | 0.0189 | 0.9505 | 0.9487 | 0.9494 | 0.0230 | 0.9360 | 0.9340 | 0.9180
0750 | 01:14:07 |  14.7s | 1.0e-04 | 0.0194 | 0.9473 | 0.9481 | 0.9457 | 0.0230 | 0.9294 | 0.9350 | 0.9130
0751 | 01:14:32 |  17.5s | 1.0e-04 | 0.0206 | 0.9480 | 0.9504 | 0.9483 | 0.0232 | 0.9401 | 0.9305 | 0.9167
0752 | 01:15:00 |  14.0s | 1.0e-04 | 0.0214 | 0.9476 | 0.9460 | 0.9440 | 0.0242 | 0.9451 | 0.9190 | 0.9134
0753 | 01:15:24 |  14.0s | 1.0e-04 | 0.0211 | 0.9482 | 0.9454 | 0.9437 | 0.0233 | 0.9408 | 0.9235 | 0.9187
0754 | 01:15:47 |  14.1s | 1.0e-04 | 0.0208 | 0.9485 | 0.9480 | 0.9466 | 0.0230 | 0.9453 | 0.9280 | 0.9250
0755 | 01:16:11 |  14.3s | 1.0e-04 | 0.0205 | 0.9492 | 0.9494 | 0.9487 | 0.0226 | 0.9351 | 0.9305 | 0.9092
0756 | 01:16:35 |  14.0s | 1.0e-04 | 0.0205 | 0.9499 | 0.9500 | 0.9499 | 0.0241 | 0.9425 | 0.9207 | 0.9078
0757 | 01:16:59 |  14.3s | 1.0e-04 | 0.0203 | 0.9508 | 0.9495 | 0.9500 | 0.0234 | 0.9285 | 0.9409 | 0.9160
0758 | 01:17:23 |  14.0s | 1.0e-04 | 0.0201 | 0.9491 | 0.9503 | 0.9494 | 0.0235 | 0.9279 | 0.9343 | 0.9113
0759 | 01:17:47 |  14.5s | 1.0e-04 | 0.0204 | 0.9502 | 0.9489 | 0.9490 | 0.0226 | 0.9465 | 0.9218 | 0.9215
0760 | 01:18:11 |  13.9s | 1.0e-04 | 0.0202 | 0.9494 | 0.9476 | 0.9475 | 0.0224 | 0.9324 | 0.9412 | 0.9188
0761 | 01:18:35 |  14.0s | 1.0e-04 | 0.0204 | 0.9490 | 0.9516 | 0.9508 | 0.0242 | 0.9235 | 0.9462 | 0.9180
0762 | 01:18:59 |  14.0s | 1.0e-04 | 0.0204 | 0.9490 | 0.9506 | 0.9494 | 0.0231 | 0.9278 | 0.9460 | 0.9224
0763 | 01:19:23 |  14.0s | 1.0e-04 | 0.0208 | 0.9476 | 0.9491 | 0.9470 | 0.0230 | 0.9463 | 0.9270 | 0.9283
0764 | 01:19:47 |  13.9s | 1.0e-04 | 0.0193 | 0.9511 | 0.9490 | 0.9502 | 0.0214 | 0.9368 | 0.9378 | 0.9189
0765 | 01:20:10 |  14.0s | 1.0e-04 | 0.0201 | 0.9504 | 0.9486 | 0.9491 | 0.0228 | 0.9399 | 0.9345 | 0.9253
0766 | 01:20:34 |  14.0s | 1.0e-04 | 0.0205 | 0.9485 | 0.9473 | 0.9462 | 0.0232 | 0.9316 | 0.9375 | 0.9196
0767 | 01:20:58 |  14.0s | 1.0e-04 | 0.0210 | 0.9463 | 0.9458 | 0.9426 | 0.0225 | 0.9471 | 0.9311 | 0.9288
0768 | 01:21:22 |  13.9s | 1.0e-04 | 0.0194 | 0.9494 | 0.9508 | 0.9501 | 0.0243 | 0.9277 | 0.9463 | 0.9214
0769 | 01:21:46 |  14.0s | 1.0e-04 | 0.0205 | 0.9492 | 0.9521 | 0.9513 | 0.0242 | 0.9289 | 0.9321 | 0.9067
0770 | 01:22:09 |  14.0s | 1.0e-04 | 0.0205 | 0.9500 | 0.9489 | 0.9485 | 0.0226 | 0.9562 | 0.9188 | 0.9200
0771 | 01:22:33 |  14.0s | 1.0e-04 | 0.0202 | 0.9492 | 0.9484 | 0.9481 | 0.0238 | 0.9325 | 0.9269 | 0.9042
0772 | 01:22:57 |  14.2s | 1.0e-04 | 0.0197 | 0.9526 | 0.9515 | 0.9539 | 0.0228 | 0.9396 | 0.9306 | 0.9113
0773 | 01:23:21 |  13.9s | 1.0e-04 | 0.0209 | 0.9497 | 0.9483 | 0.9480 | 0.0228 | 0.9333 | 0.9368 | 0.9165
0774 | 01:23:45 |  13.9s | 1.0e-04 | 0.0205 | 0.9505 | 0.9493 | 0.9497 | 0.0230 | 0.9466 | 0.9356 | 0.9344
0775 | 01:24:09 |  14.0s | 1.0e-04 | 0.0202 | 0.9489 | 0.9500 | 0.9488 | 0.0216 | 0.9492 | 0.9235 | 0.9206
0776 | 01:24:32 |  13.9s | 1.0e-04 | 0.0212 | 0.9490 | 0.9477 | 0.9470 | 0.0240 | 0.9299 | 0.9317 | 0.9117
0777 | 01:24:56 |  13.9s | 1.0e-04 | 0.0202 | 0.9503 | 0.9469 | 0.9471 | 0.0247 | 0.9227 | 0.9414 | 0.9091
0778 | 01:25:20 |  14.1s | 1.0e-04 | 0.0208 | 0.9483 | 0.9469 | 0.9460 | 0.0223 | 0.9425 | 0.9315 | 0.9155
0779 | 01:25:45 |  14.0s | 1.0e-04 | 0.0204 | 0.9506 | 0.9488 | 0.9493 | 0.0236 | 0.9340 | 0.9382 | 0.9174
0780 | 01:26:08 |  14.0s | 1.0e-04 | 0.0203 | 0.9503 | 0.9485 | 0.9491 | 0.0231 | 0.9369 | 0.9352 | 0.9173
0781 | 01:26:32 |  14.0s | 1.0e-04 | 0.0203 | 0.9500 | 0.9491 | 0.9496 | 0.0225 | 0.9293 | 0.9322 | 0.9093
0782 | 01:26:56 |  26.4s | 1.0e-04 | 0.0205 | 0.9476 | 0.9478 | 0.9452 | 0.0224 | 0.9489 | 0.9244 | 0.9247
0783 | 01:27:33 |  13.9s | 1.0e-04 | 0.0206 | 0.9468 | 0.9462 | 0.9436 | 0.0226 | 0.9329 | 0.9304 | 0.9118
0784 | 01:27:57 |  14.0s | 1.0e-04 | 0.0202 | 0.9463 | 0.9451 | 0.9417 | 0.0228 | 0.9341 | 0.9342 | 0.9132
0785 | 01:28:21 |  13.9s | 1.0e-04 | 0.0206 | 0.9471 | 0.9476 | 0.9455 | 0.0228 | 0.9386 | 0.9297 | 0.9110
0786 | 01:28:44 |  14.0s | 1.0e-04 | 0.0198 | 0.9474 | 0.9458 | 0.9433 | 0.0216 | 0.9292 | 0.9472 | 0.9252
0787 | 01:29:09 |  13.9s | 1.0e-04 | 0.0205 | 0.9486 | 0.9457 | 0.9435 | 0.0246 | 0.9421 | 0.9217 | 0.9116
0788 | 01:29:33 |  14.1s | 1.0e-04 | 0.0196 | 0.9491 | 0.9452 | 0.9442 | 0.0242 | 0.9294 | 0.9301 | 0.9063
0789 | 01:29:57 |  13.9s | 1.0e-04 | 0.0198 | 0.9504 | 0.9478 | 0.9486 | 0.0237 | 0.9278 | 0.9436 | 0.9218
0790 | 01:30:21 |  13.8s | 1.0e-04 | 0.0210 | 0.9476 | 0.9451 | 0.9429 | 0.0235 | 0.9410 | 0.9286 | 0.9143
0791 | 01:30:45 |  13.9s | 1.0e-04 | 0.0198 | 0.9483 | 0.9467 | 0.9454 | 0.0230 | 0.9216 | 0.9406 | 0.9078
0792 | 01:31:09 |  13.9s | 1.0e-04 | 0.0200 | 0.9474 | 0.9461 | 0.9438 | 0.0226 | 0.9430 | 0.9266 | 0.9169
0793 | 01:31:33 |  13.7s | 1.0e-04 | 0.0203 | 0.9479 | 0.9452 | 0.9440 | 0.0224 | 0.9389 | 0.9349 | 0.9224
0794 | 01:31:57 |  13.8s | 1.0e-04 | 0.0205 | 0.9466 | 0.9473 | 0.9445 | 0.0228 | 0.9329 | 0.9380 | 0.9174
0795 | 01:32:21 |  13.9s | 1.0e-04 | 0.0200 | 0.9468 | 0.9466 | 0.9439 | 0.0213 | 0.9401 | 0.9300 | 0.9231
0796 | 01:32:45 |  13.8s | 1.0e-04 | 0.0199 | 0.9464 | 0.9463 | 0.9431 | 0.0225 | 0.9393 | 0.9397 | 0.9252
0797 | 01:33:09 |  13.9s | 1.0e-04 | 0.0201 | 0.9486 | 0.9440 | 0.9429 | 0.0231 | 0.9379 | 0.9249 | 0.9159
0798 | 01:33:33 |  14.0s | 1.0e-04 | 0.0195 | 0.9486 | 0.9450 | 0.9427 | 0.0221 | 0.9364 | 0.9308 | 0.9134
0799 | 01:33:57 |  14.0s | 1.0e-04 | 0.0199 | 0.9479 | 0.9474 | 0.9458 | 0.0244 | 0.9384 | 0.9282 | 0.9108
0800 | 01:34:21 |  14.0s | 1.0e-04 | 0.0198 | 0.9499 | 0.9477 | 0.9482 | 0.0218 | 0.9404 | 0.9348 | 0.9222
0801 | 01:34:45 |  13.9s | 1.0e-04 | 0.0199 | 0.9473 | 0.9459 | 0.9444 | 0.0235 | 0.9335 | 0.9266 | 0.9093
0802 | 01:35:09 |  13.9s | 1.0e-04 | 0.0203 | 0.9483 | 0.9450 | 0.9436 | 0.0236 | 0.9283 | 0.9384 | 0.9153
0803 | 01:35:33 |  14.0s | 1.0e-04 | 0.0196 | 0.9507 | 0.9473 | 0.9481 | 0.0240 | 0.9416 | 0.9277 | 0.9132
0804 | 01:35:57 |  14.1s | 1.0e-04 | 0.0194 | 0.9480 | 0.9464 | 0.9448 | 0.0227 | 0.9284 | 0.9523 | 0.9297
0805 | 01:36:22 |  14.0s | 1.0e-04 | 0.0195 | 0.9501 | 0.9478 | 0.9476 | 0.0211 | 0.9420 | 0.9395 | 0.9305
0806 | 01:36:46 |  13.8s | 1.0e-04 | 0.0202 | 0.9479 | 0.9448 | 0.9437 | 0.0240 | 0.9259 | 0.9396 | 0.9113
0807 | 01:37:10 |  13.9s | 1.0e-04 | 0.0197 | 0.9496 | 0.9481 | 0.9475 | 0.0215 | 0.9363 | 0.9355 | 0.9168
0808 | 01:37:34 |  13.8s | 1.0e-04 | 0.0199 | 0.9493 | 0.9499 | 0.9492 | 0.0222 | 0.9425 | 0.9190 | 0.9114
0809 | 01:37:58 |  13.8s | 1.0e-04 | 0.0197 | 0.9488 | 0.9470 | 0.9467 | 0.0237 | 0.9314 | 0.9392 | 0.9148
0810 | 01:38:22 |  13.9s | 1.0e-04 | 0.0197 | 0.9492 | 0.9463 | 0.9462 | 0.0220 | 0.9363 | 0.9405 | 0.9271
0811 | 01:38:46 |  13.8s | 1.0e-04 | 0.0197 | 0.9483 | 0.9442 | 0.9426 | 0.0247 | 0.9254 | 0.9393 | 0.9118
0812 | 01:39:10 |  13.8s | 1.0e-04 | 0.0206 | 0.9484 | 0.9464 | 0.9451 | 0.0232 | 0.9361 | 0.9300 | 0.9181
0813 | 01:39:34 |  23.0s | 1.0e-04 | 0.0194 | 0.9499 | 0.9465 | 0.9463 | 0.0228 | 0.9410 | 0.9260 | 0.9149
0814 | 01:40:07 |  14.2s | 1.0e-04 | 0.0177 | 0.9528 | 0.9549 | 0.9567 | 0.0220 | 0.9270 | 0.9484 | 0.9231
0815 | 01:40:31 |  14.1s | 1.0e-04 | 0.0190 | 0.9520 | 0.9517 | 0.9536 | 0.0220 | 0.9340 | 0.9400 | 0.9234
0816 | 01:40:56 |  14.0s | 1.0e-04 | 0.0186 | 0.9518 | 0.9518 | 0.9534 | 0.0230 | 0.9348 | 0.9381 | 0.9179
0817 | 01:41:20 |  14.0s | 1.0e-04 | 0.0184 | 0.9508 | 0.9508 | 0.9515 | 0.0233 | 0.9321 | 0.9376 | 0.9223
0818 | 01:41:44 |  14.2s | 1.0e-04 | 0.0189 | 0.9502 | 0.9529 | 0.9521 | 0.0240 | 0.9341 | 0.9287 | 0.9139
0819 | 01:42:08 |  14.2s | 1.0e-04 | 0.0192 | 0.9509 | 0.9525 | 0.9537 | 0.0231 | 0.9409 | 0.9365 | 0.9245
0820 | 01:42:33 |  14.1s | 1.0e-04 | 0.0187 | 0.9508 | 0.9524 | 0.9524 | 0.0247 | 0.9299 | 0.9266 | 0.8949
0821 | 01:42:57 |  14.2s | 1.0e-04 | 0.0182 | 0.9526 | 0.9526 | 0.9546 | 0.0222 | 0.9342 | 0.9350 | 0.9164
0822 | 01:43:22 |  14.2s | 1.0e-04 | 0.0182 | 0.9540 | 0.9519 | 0.9557 | 0.0235 | 0.9290 | 0.9397 | 0.9171
0823 | 01:43:46 |  14.3s | 1.0e-04 | 0.0186 | 0.9526 | 0.9527 | 0.9545 | 0.0225 | 0.9348 | 0.9377 | 0.9199
0824 | 01:44:10 |  14.4s | 1.0e-04 | 0.0181 | 0.9533 | 0.9532 | 0.9562 | 0.0240 | 0.9249 | 0.9363 | 0.9104
0825 | 01:44:35 |  14.4s | 1.0e-04 | 0.0188 | 0.9521 | 0.9513 | 0.9528 | 0.0221 | 0.9366 | 0.9328 | 0.9170
0826 | 01:45:00 |  14.4s | 1.0e-04 | 0.0186 | 0.9525 | 0.9540 | 0.9554 | 0.0234 | 0.9333 | 0.9313 | 0.9144
0827 | 01:45:24 |  14.3s | 1.0e-04 | 0.0182 | 0.9539 | 0.9533 | 0.9567 | 0.0244 | 0.9531 | 0.9099 | 0.9150
0828 | 01:45:49 |  14.3s | 1.0e-04 | 0.0191 | 0.9516 | 0.9501 | 0.9516 | 0.0244 | 0.9296 | 0.9334 | 0.9088
0829 | 01:46:13 |  14.1s | 1.0e-04 | 0.0184 | 0.9525 | 0.9501 | 0.9526 | 0.0231 | 0.9299 | 0.9388 | 0.9171
0830 | 01:46:37 |  14.2s | 1.0e-04 | 0.0190 | 0.9513 | 0.9497 | 0.9510 | 0.0229 | 0.9461 | 0.9249 | 0.9190
0831 | 01:47:02 |  14.1s | 1.0e-04 | 0.0188 | 0.9529 | 0.9519 | 0.9549 | 0.0235 | 0.9380 | 0.9371 | 0.9214
0832 | 01:47:26 |  14.2s | 1.0e-04 | 0.0184 | 0.9529 | 0.9512 | 0.9538 | 0.0235 | 0.9310 | 0.9381 | 0.9161
0833 | 01:47:50 |  14.2s | 1.0e-04 | 0.0189 | 0.9519 | 0.9525 | 0.9537 | 0.0222 | 0.9325 | 0.9365 | 0.9149
0834 | 01:48:15 |  14.5s | 1.0e-04 | 0.0185 | 0.9518 | 0.9525 | 0.9543 | 0.0232 | 0.9339 | 0.9395 | 0.9177
0835 | 01:48:39 |  14.2s | 1.0e-04 | 0.0182 | 0.9535 | 0.9500 | 0.9535 | 0.0233 | 0.9441 | 0.9177 | 0.9116
0836 | 01:49:04 |  14.2s | 1.0e-04 | 0.0191 | 0.9504 | 0.9518 | 0.9523 | 0.0222 | 0.9424 | 0.9279 | 0.9200
0837 | 01:49:28 |  14.2s | 1.0e-04 | 0.0188 | 0.9517 | 0.9537 | 0.9549 | 0.0223 | 0.9327 | 0.9373 | 0.9152
0838 | 01:49:52 |  14.3s | 1.0e-04 | 0.0187 | 0.9503 | 0.9523 | 0.9522 | 0.0221 | 0.9347 | 0.9342 | 0.9205
0839 | 01:50:17 |  14.4s | 1.0e-04 | 0.0187 | 0.9518 | 0.9540 | 0.9566 | 0.0235 | 0.9312 | 0.9332 | 0.9084
0840 | 01:50:41 |  14.3s | 1.0e-04 | 0.0190 | 0.9523 | 0.9512 | 0.9532 | 0.0251 | 0.9338 | 0.9266 | 0.9116
0841 | 01:51:06 |  14.2s | 1.0e-04 | 0.0191 | 0.9493 | 0.9510 | 0.9498 | 0.0235 | 0.9212 | 0.9411 | 0.9057
0842 | 01:51:30 |  14.2s | 1.0e-04 | 0.0185 | 0.9522 | 0.9548 | 0.9562 | 0.0217 | 0.9401 | 0.9315 | 0.9226
0843 | 01:51:54 |  14.1s | 1.0e-04 | 0.0187 | 0.9513 | 0.9515 | 0.9523 | 0.0246 | 0.9253 | 0.9382 | 0.9092
0844 | 01:52:19 |  24.1s | 1.0e-04 | 0.0189 | 0.9518 | 0.9510 | 0.9526 | 0.0230 | 0.9398 | 0.9324 | 0.9200
0845 | 01:52:53 |  14.2s | 1.0e-04 | 0.0206 | 0.9493 | 0.9470 | 0.9461 | 0.0243 | 0.9475 | 0.9182 | 0.9078
0846 | 01:53:17 |  14.2s | 1.0e-04 | 0.0206 | 0.9488 | 0.9459 | 0.9452 | 0.0243 | 0.9451 | 0.9210 | 0.9186
0847 | 01:53:42 |  14.4s | 1.0e-04 | 0.0204 | 0.9478 | 0.9459 | 0.9433 | 0.0239 | 0.9276 | 0.9404 | 0.9118
0848 | 01:54:06 |  14.1s | 1.0e-04 | 0.0199 | 0.9484 | 0.9466 | 0.9460 | 0.0220 | 0.9332 | 0.9388 | 0.9198
0849 | 01:54:30 |  14.1s | 1.0e-04 | 0.0204 | 0.9489 | 0.9500 | 0.9489 | 0.0223 | 0.9397 | 0.9286 | 0.9167
0850 | 01:54:55 |  14.2s | 1.0e-04 | 0.0204 | 0.9479 | 0.9471 | 0.9455 | 0.0217 | 0.9377 | 0.9385 | 0.9257
0851 | 01:55:19 |  14.0s | 1.0e-04 | 0.0201 | 0.9484 | 0.9488 | 0.9473 | 0.0232 | 0.9339 | 0.9364 | 0.9200
0852 | 01:55:43 |  14.1s | 1.0e-04 | 0.0194 | 0.9493 | 0.9502 | 0.9495 | 0.0231 | 0.9298 | 0.9423 | 0.9240
0853 | 01:56:07 |  14.2s | 1.0e-04 | 0.0198 | 0.9484 | 0.9473 | 0.9459 | 0.0227 | 0.9332 | 0.9376 | 0.9153
0854 | 01:56:32 |  14.2s | 1.0e-04 | 0.0203 | 0.9502 | 0.9467 | 0.9466 | 0.0221 | 0.9408 | 0.9324 | 0.9249
0855 | 01:56:56 |  14.1s | 1.0e-04 | 0.0207 | 0.9486 | 0.9448 | 0.9432 | 0.0236 | 0.9439 | 0.9316 | 0.9259
0856 | 01:57:20 |  14.1s | 1.0e-04 | 0.0198 | 0.9491 | 0.9474 | 0.9463 | 0.0214 | 0.9350 | 0.9370 | 0.9232
0857 | 01:57:44 |  14.0s | 1.0e-04 | 0.0210 | 0.9471 | 0.9450 | 0.9425 | 0.0222 | 0.9377 | 0.9367 | 0.9214
0858 | 01:58:09 |  14.0s | 1.0e-04 | 0.0202 | 0.9493 | 0.9466 | 0.9463 | 0.0234 | 0.9267 | 0.9403 | 0.9130
0859 | 01:58:33 |  14.1s | 1.0e-04 | 0.0201 | 0.9487 | 0.9471 | 0.9458 | 0.0219 | 0.9427 | 0.9301 | 0.9212
0860 | 01:58:57 |  14.4s | 1.0e-04 | 0.0209 | 0.9469 | 0.9442 | 0.9412 | 0.0218 | 0.9330 | 0.9436 | 0.9229
0861 | 01:59:22 |  13.8s | 1.0e-04 | 0.0202 | 0.9476 | 0.9479 | 0.9457 | 0.0235 | 0.9326 | 0.9292 | 0.9054
0862 | 01:59:45 |  14.5s | 1.0e-04 | 0.0197 | 0.9510 | 0.9467 | 0.9486 | 0.0233 | 0.9392 | 0.9220 | 0.9029
0863 | 02:00:10 |  14.0s | 1.0e-04 | 0.0202 | 0.9487 | 0.9487 | 0.9475 | 0.0236 | 0.9411 | 0.9318 | 0.9195
0864 | 02:00:34 |  14.1s | 1.0e-04 | 0.0199 | 0.9479 | 0.9485 | 0.9462 | 0.0233 | 0.9403 | 0.9319 | 0.9233
0865 | 02:00:58 |  14.1s | 1.0e-04 | 0.0207 | 0.9467 | 0.9460 | 0.9434 | 0.0218 | 0.9364 | 0.9371 | 0.9244
0866 | 02:01:22 |  14.3s | 1.0e-04 | 0.0206 | 0.9473 | 0.9463 | 0.9437 | 0.0220 | 0.9366 | 0.9368 | 0.9198
0867 | 02:01:46 |  14.3s | 1.0e-04 | 0.0199 | 0.9485 | 0.9482 | 0.9467 | 0.0228 | 0.9470 | 0.9154 | 0.9201
0868 | 02:02:11 |  13.9s | 1.0e-04 | 0.0201 | 0.9507 | 0.9494 | 0.9501 | 0.0231 | 0.9346 | 0.9386 | 0.9210
0869 | 02:02:34 |  14.3s | 1.0e-04 | 0.0201 | 0.9483 | 0.9493 | 0.9475 | 0.0226 | 0.9372 | 0.9332 | 0.9179
0870 | 02:02:59 |  14.0s | 1.0e-04 | 0.0194 | 0.9486 | 0.9475 | 0.9459 | 0.0221 | 0.9421 | 0.9389 | 0.9282
0871 | 02:03:23 |  14.0s | 1.0e-04 | 0.0205 | 0.9498 | 0.9489 | 0.9486 | 0.0226 | 0.9373 | 0.9279 | 0.9106
0872 | 02:03:47 |  14.2s | 1.0e-04 | 0.0200 | 0.9506 | 0.9472 | 0.9482 | 0.0235 | 0.9307 | 0.9394 | 0.9191
0873 | 02:04:11 |  14.2s | 1.0e-04 | 0.0202 | 0.9482 | 0.9468 | 0.9452 | 0.0235 | 0.9358 | 0.9325 | 0.9137
0874 | 02:04:35 |  14.2s | 1.0e-04 | 0.0196 | 0.9492 | 0.9473 | 0.9466 | 0.0219 | 0.9490 | 0.9238 | 0.9242
0875 | 02:04:59 |  14.1s | 1.0e-04 | 0.0193 | 0.9505 | 0.9476 | 0.9483 | 0.0234 | 0.9396 | 0.9276 | 0.9146
0876 | 02:05:25 |  15.5s | 1.0e-04 | 0.0196 | 0.9492 | 0.9500 | 0.9493 | 0.0231 | 0.9450 | 0.9321 | 0.9281
0877 | 02:05:51 |  14.1s | 1.0e-04 | 0.0190 | 0.9500 | 0.9509 | 0.9509 | 0.0233 | 0.9363 | 0.9217 | 0.9058
0878 | 02:06:15 |  14.0s | 1.0e-04 | 0.0186 | 0.9509 | 0.9516 | 0.9523 | 0.0217 | 0.9448 | 0.9324 | 0.9202
0879 | 02:06:39 |  14.2s | 1.0e-04 | 0.0186 | 0.9528 | 0.9520 | 0.9544 | 0.0225 | 0.9380 | 0.9262 | 0.9195
0880 | 02:07:03 |  14.2s | 1.0e-04 | 0.0181 | 0.9536 | 0.9513 | 0.9546 | 0.0229 | 0.9261 | 0.9500 | 0.9268
0881 | 02:07:27 |  14.1s | 1.0e-04 | 0.0186 | 0.9514 | 0.9494 | 0.9510 | 0.0237 | 0.9420 | 0.9294 | 0.9217
0882 | 02:07:51 |  14.1s | 1.0e-04 | 0.0190 | 0.9531 | 0.9514 | 0.9542 | 0.0229 | 0.9334 | 0.9336 | 0.9154
0883 | 02:08:16 |  14.2s | 1.0e-04 | 0.0186 | 0.9528 | 0.9527 | 0.9547 | 0.0232 | 0.9209 | 0.9429 | 0.9107
0884 | 02:08:40 |  13.9s | 1.0e-04 | 0.0188 | 0.9515 | 0.9496 | 0.9510 | 0.0226 | 0.9498 | 0.9184 | 0.9142
0885 | 02:09:04 |  14.1s | 1.0e-04 | 0.0190 | 0.9501 | 0.9508 | 0.9511 | 0.0223 | 0.9413 | 0.9309 | 0.9190
0886 | 02:09:28 |  14.1s | 1.0e-04 | 0.0184 | 0.9505 | 0.9513 | 0.9514 | 0.0229 | 0.9351 | 0.9366 | 0.9178
0887 | 02:09:52 |  14.0s | 1.0e-04 | 0.0193 | 0.9514 | 0.9500 | 0.9513 | 0.0209 | 0.9507 | 0.9286 | 0.9323
0888 | 02:10:16 |  14.1s | 1.0e-04 | 0.0182 | 0.9533 | 0.9534 | 0.9563 | 0.0224 | 0.9373 | 0.9401 | 0.9259
0889 | 02:10:40 |  14.1s | 1.0e-04 | 0.0186 | 0.9518 | 0.9507 | 0.9527 | 0.0232 | 0.9407 | 0.9318 | 0.9198
0890 | 02:11:04 |  14.0s | 1.0e-04 | 0.0186 | 0.9538 | 0.9508 | 0.9547 | 0.0233 | 0.9352 | 0.9378 | 0.9218
0891 | 02:11:28 |  14.3s | 1.0e-04 | 0.0186 | 0.9516 | 0.9482 | 0.9496 | 0.0235 | 0.9394 | 0.9328 | 0.9214
0892 | 02:11:52 |  14.1s | 1.0e-04 | 0.0187 | 0.9505 | 0.9492 | 0.9496 | 0.0235 | 0.9409 | 0.9314 | 0.9179
0893 | 02:12:16 |  14.2s | 1.0e-04 | 0.0188 | 0.9524 | 0.9504 | 0.9527 | 0.0227 | 0.9433 | 0.9286 | 0.9182
0894 | 02:12:40 |  14.2s | 1.0e-04 | 0.0187 | 0.9515 | 0.9527 | 0.9540 | 0.0214 | 0.9356 | 0.9329 | 0.9212
0895 | 02:13:04 |  13.9s | 1.0e-04 | 0.0188 | 0.9514 | 0.9529 | 0.9546 | 0.0240 | 0.9340 | 0.9361 | 0.9206
0896 | 02:13:28 |  13.9s | 1.0e-04 | 0.0194 | 0.9520 | 0.9502 | 0.9521 | 0.0231 | 0.9377 | 0.9337 | 0.9152
0897 | 02:13:52 |  14.0s | 1.0e-04 | 0.0183 | 0.9531 | 0.9517 | 0.9547 | 0.0216 | 0.9377 | 0.9279 | 0.9152
0898 | 02:14:16 |  14.0s | 1.0e-04 | 0.0188 | 0.9535 | 0.9506 | 0.9539 | 0.0237 | 0.9376 | 0.9385 | 0.9239
0899 | 02:14:40 |  14.1s | 1.0e-04 | 0.0184 | 0.9522 | 0.9499 | 0.9522 | 0.0218 | 0.9398 | 0.9459 | 0.9356
0900 | 02:15:04 |  14.2s | 1.0e-04 | 0.0183 | 0.9538 | 0.9506 | 0.9544 | 0.0226 | 0.9315 | 0.9421 | 0.9171
0901 | 02:15:28 |  13.9s | 1.0e-04 | 0.0181 | 0.9531 | 0.9510 | 0.9540 | 0.0218 | 0.9398 | 0.9291 | 0.9168
0902 | 02:15:52 |  13.9s | 1.0e-04 | 0.0186 | 0.9522 | 0.9475 | 0.9496 | 0.0229 | 0.9383 | 0.9354 | 0.9245
0903 | 02:16:16 |  13.8s | 1.0e-04 | 0.0185 | 0.9529 | 0.9508 | 0.9535 | 0.0232 | 0.9424 | 0.9307 | 0.9209
0904 | 02:16:40 |  13.9s | 1.0e-04 | 0.0191 | 0.9509 | 0.9516 | 0.9519 | 0.0214 | 0.9447 | 0.9287 | 0.9225
0905 | 02:17:04 |  14.1s | 1.0e-04 | 0.0192 | 0.9512 | 0.9502 | 0.9514 | 0.0232 | 0.9359 | 0.9372 | 0.9257
0906 | 02:17:28 |  13.9s | 1.0e-04 | 0.0181 | 0.9533 | 0.9520 | 0.9545 | 0.0231 | 0.9315 | 0.9378 | 0.9147
0907 | 02:17:51 |  28.0s | 1.0e-04 | 0.0194 | 0.9498 | 0.9501 | 0.9501 | 0.0229 | 0.9461 | 0.9248 | 0.9206
0908 | 02:18:29 |  14.0s | 1.0e-04 | 0.0198 | 0.9504 | 0.9505 | 0.9511 | 0.0224 | 0.9387 | 0.9327 | 0.9200
0909 | 02:18:53 |  14.2s | 1.0e-04 | 0.0203 | 0.9521 | 0.9478 | 0.9502 | 0.0225 | 0.9362 | 0.9390 | 0.9252
0910 | 02:19:17 |  14.0s | 1.0e-04 | 0.0198 | 0.9512 | 0.9510 | 0.9522 | 0.0216 | 0.9338 | 0.9388 | 0.9243
0911 | 02:19:41 |  14.0s | 1.0e-04 | 0.0200 | 0.9497 | 0.9491 | 0.9490 | 0.0234 | 0.9336 | 0.9351 | 0.9157
0912 | 02:20:05 |  14.0s | 1.0e-04 | 0.0204 | 0.9496 | 0.9488 | 0.9484 | 0.0218 | 0.9329 | 0.9369 | 0.9157
0913 | 02:20:29 |  14.1s | 1.0e-04 | 0.0194 | 0.9515 | 0.9518 | 0.9527 | 0.0232 | 0.9250 | 0.9404 | 0.9162
0914 | 02:20:53 |  13.9s | 1.0e-04 | 0.0195 | 0.9505 | 0.9533 | 0.9531 | 0.0220 | 0.9307 | 0.9336 | 0.9100
0915 | 02:21:17 |  14.3s | 1.0e-04 | 0.0198 | 0.9511 | 0.9511 | 0.9519 | 0.0228 | 0.9372 | 0.9312 | 0.9154
0916 | 02:21:41 |  13.9s | 1.0e-04 | 0.0195 | 0.9516 | 0.9508 | 0.9523 | 0.0228 | 0.9342 | 0.9337 | 0.9135
0917 | 02:22:05 |  14.0s | 1.0e-04 | 0.0195 | 0.9493 | 0.9520 | 0.9509 | 0.0218 | 0.9445 | 0.9348 | 0.9254
0918 | 02:22:29 |  13.8s | 1.0e-04 | 0.0194 | 0.9530 | 0.9498 | 0.9527 | 0.0226 | 0.9296 | 0.9483 | 0.9264
0919 | 02:22:53 |  14.0s | 1.0e-04 | 0.0194 | 0.9498 | 0.9502 | 0.9501 | 0.0234 | 0.9246 | 0.9443 | 0.9186
0920 | 02:23:17 |  14.1s | 1.0e-04 | 0.0194 | 0.9512 | 0.9533 | 0.9541 | 0.0214 | 0.9340 | 0.9473 | 0.9314
0921 | 02:23:41 |  13.9s | 1.0e-04 | 0.0196 | 0.9488 | 0.9519 | 0.9503 | 0.0234 | 0.9268 | 0.9377 | 0.9116
0922 | 02:24:05 |  14.0s | 1.0e-04 | 0.0199 | 0.9487 | 0.9494 | 0.9477 | 0.0223 | 0.9320 | 0.9384 | 0.9185
0923 | 02:24:29 |  13.9s | 1.0e-04 | 0.0194 | 0.9512 | 0.9513 | 0.9523 | 0.0218 | 0.9411 | 0.9325 | 0.9223
0924 | 02:24:53 |  14.2s | 1.0e-04 | 0.0200 | 0.9486 | 0.9508 | 0.9494 | 0.0239 | 0.9340 | 0.9295 | 0.9098
0925 | 02:25:17 |  14.1s | 1.0e-04 | 0.0197 | 0.9507 | 0.9510 | 0.9516 | 0.0220 | 0.9421 | 0.9323 | 0.9211
0926 | 02:25:41 |  14.0s | 1.0e-04 | 0.0197 | 0.9504 | 0.9509 | 0.9509 | 0.0231 | 0.9353 | 0.9293 | 0.9136
0927 | 02:26:05 |  14.2s | 1.0e-04 | 0.0192 | 0.9514 | 0.9507 | 0.9519 | 0.0219 | 0.9319 | 0.9387 | 0.9162
0928 | 02:26:29 |  13.9s | 1.0e-04 | 0.0200 | 0.9513 | 0.9504 | 0.9516 | 0.0221 | 0.9363 | 0.9411 | 0.9250
0929 | 02:26:53 |  14.2s | 1.0e-04 | 0.0203 | 0.9499 | 0.9506 | 0.9506 | 0.0224 | 0.9354 | 0.9378 | 0.9203
0930 | 02:27:17 |  14.2s | 1.0e-04 | 0.0190 | 0.9508 | 0.9510 | 0.9515 | 0.0226 | 0.9407 | 0.9338 | 0.9213
0931 | 02:27:41 |  14.0s | 1.0e-04 | 0.0199 | 0.9512 | 0.9491 | 0.9502 | 0.0220 | 0.9368 | 0.9279 | 0.9102
0932 | 02:28:05 |  14.2s | 1.0e-04 | 0.0198 | 0.9512 | 0.9501 | 0.9513 | 0.0229 | 0.9434 | 0.9291 | 0.9184
0933 | 02:28:29 |  13.9s | 1.0e-04 | 0.0197 | 0.9516 | 0.9477 | 0.9493 | 0.0230 | 0.9273 | 0.9400 | 0.9140
0934 | 02:28:53 |  14.0s | 1.0e-04 | 0.0190 | 0.9516 | 0.9519 | 0.9536 | 0.0230 | 0.9237 | 0.9405 | 0.9093
0935 | 02:29:17 |  13.9s | 1.0e-04 | 0.0196 | 0.9498 | 0.9498 | 0.9495 | 0.0214 | 0.9288 | 0.9434 | 0.9208
0936 | 02:29:41 |  14.2s | 1.0e-04 | 0.0194 | 0.9504 | 0.9509 | 0.9514 | 0.0226 | 0.9382 | 0.9305 | 0.9189
0937 | 02:30:05 |  13.9s | 1.0e-04 | 0.0192 | 0.9500 | 0.9530 | 0.9528 | 0.0221 | 0.9440 | 0.9355 | 0.9303
0938 | 02:30:29 |  24.4s | 1.0e-04 | 0.0190 | 0.9507 | 0.9501 | 0.9508 | 0.0227 | 0.9373 | 0.9389 | 0.9268
0939 | 02:31:03 |  14.2s | 1.0e-04 | 0.0191 | 0.9504 | 0.9495 | 0.9501 | 0.0211 | 0.9496 | 0.9326 | 0.9338
0940 | 02:31:27 |  14.1s | 1.0e-04 | 0.0185 | 0.9483 | 0.9490 | 0.9474 | 0.0226 | 0.9381 | 0.9244 | 0.9129
0941 | 02:31:51 |  14.3s | 1.0e-04 | 0.0184 | 0.9497 | 0.9486 | 0.9484 | 0.0217 | 0.9340 | 0.9417 | 0.9260
0942 | 02:32:15 |  14.0s | 1.0e-04 | 0.0183 | 0.9498 | 0.9503 | 0.9499 | 0.0226 | 0.9384 | 0.9328 | 0.9217
0943 | 02:32:39 |  14.3s | 1.0e-04 | 0.0183 | 0.9503 | 0.9512 | 0.9513 | 0.0236 | 0.9378 | 0.9383 | 0.9278
0944 | 02:33:03 |  14.3s | 1.0e-04 | 0.0190 | 0.9490 | 0.9508 | 0.9497 | 0.0226 | 0.9339 | 0.9343 | 0.9151
0945 | 02:33:28 |  14.3s | 1.0e-04 | 0.0185 | 0.9523 | 0.9488 | 0.9510 | 0.0233 | 0.9330 | 0.9417 | 0.9251
0946 | 02:33:52 |  14.4s | 1.0e-04 | 0.0187 | 0.9505 | 0.9505 | 0.9509 | 0.0231 | 0.9442 | 0.9212 | 0.9037
0947 | 02:34:16 |  14.4s | 1.0e-04 | 0.0186 | 0.9502 | 0.9498 | 0.9501 | 0.0233 | 0.9378 | 0.9349 | 0.9151
0948 | 02:34:41 |  14.2s | 1.0e-04 | 0.0185 | 0.9494 | 0.9495 | 0.9491 | 0.0222 | 0.9420 | 0.9334 | 0.9282
0949 | 02:35:05 |  14.1s | 1.0e-04 | 0.0190 | 0.9497 | 0.9476 | 0.9476 | 0.0218 | 0.9456 | 0.9277 | 0.9215
0950 | 02:35:29 |  14.2s | 1.0e-04 | 0.0191 | 0.9500 | 0.9485 | 0.9489 | 0.0221 | 0.9432 | 0.9357 | 0.9262
0951 | 02:35:53 |  14.2s | 1.0e-04 | 0.0185 | 0.9531 | 0.9501 | 0.9532 | 0.0219 | 0.9338 | 0.9438 | 0.9252
0952 | 02:36:17 |  14.2s | 1.0e-04 | 0.0185 | 0.9502 | 0.9481 | 0.9481 | 0.0229 | 0.9418 | 0.9181 | 0.9098
0953 | 02:36:41 |  14.2s | 1.0e-04 | 0.0190 | 0.9502 | 0.9486 | 0.9485 | 0.0225 | 0.9415 | 0.9362 | 0.9245
0954 | 02:37:05 |  14.5s | 1.0e-04 | 0.0192 | 0.9472 | 0.9449 | 0.9427 | 0.0207 | 0.9440 | 0.9420 | 0.9337
0955 | 02:37:29 |  14.3s | 1.0e-04 | 0.0184 | 0.9513 | 0.9518 | 0.9525 | 0.0222 | 0.9365 | 0.9387 | 0.9250
0956 | 02:37:54 |  14.2s | 1.0e-04 | 0.0190 | 0.9490 | 0.9494 | 0.9485 | 0.0240 | 0.9375 | 0.9298 | 0.9130
0957 | 02:38:18 |  14.1s | 1.0e-04 | 0.0189 | 0.9478 | 0.9497 | 0.9476 | 0.0235 | 0.9346 | 0.9317 | 0.9182
0958 | 02:38:42 |  14.1s | 1.0e-04 | 0.0179 | 0.9507 | 0.9533 | 0.9535 | 0.0228 | 0.9422 | 0.9314 | 0.9164
0959 | 02:39:06 |  14.0s | 1.0e-04 | 0.0185 | 0.9503 | 0.9489 | 0.9494 | 0.0236 | 0.9337 | 0.9400 | 0.9210
0960 | 02:39:30 |  14.1s | 1.0e-04 | 0.0187 | 0.9504 | 0.9490 | 0.9493 | 0.0217 | 0.9372 | 0.9349 | 0.9190
0961 | 02:39:54 |  14.3s | 1.0e-04 | 0.0191 | 0.9501 | 0.9475 | 0.9473 | 0.0220 | 0.9402 | 0.9381 | 0.9244
0962 | 02:40:18 |  14.3s | 1.0e-04 | 0.0187 | 0.9513 | 0.9482 | 0.9497 | 0.0227 | 0.9395 | 0.9364 | 0.9236
0963 | 02:40:42 |  14.3s | 1.0e-04 | 0.0189 | 0.9498 | 0.9500 | 0.9498 | 0.0227 | 0.9334 | 0.9369 | 0.9156
0964 | 02:41:06 |  14.1s | 1.0e-04 | 0.0191 | 0.9497 | 0.9507 | 0.9504 | 0.0217 | 0.9476 | 0.9329 | 0.9287
0965 | 02:41:30 |  14.4s | 1.0e-04 | 0.0186 | 0.9498 | 0.9493 | 0.9494 | 0.0227 | 0.9365 | 0.9322 | 0.9171
0966 | 02:41:55 |  14.5s | 1.0e-04 | 0.0180 | 0.9516 | 0.9546 | 0.9553 | 0.0214 | 0.9410 | 0.9308 | 0.9226
0967 | 02:42:19 |  14.1s | 1.0e-04 | 0.0185 | 0.9509 | 0.9494 | 0.9501 | 0.0219 | 0.9420 | 0.9347 | 0.9257
0968 | 02:42:43 |  14.2s | 1.0e-04 | 0.0182 | 0.9507 | 0.9484 | 0.9490 | 0.0230 | 0.9314 | 0.9370 | 0.9171
0969 | 02:43:07 |  24.1s | 1.0e-04 | 0.0189 | 0.9506 | 0.9481 | 0.9488 | 0.0223 | 0.9401 | 0.9405 | 0.9277
0970 | 02:43:41 |  13.8s | 1.0e-04 | 0.0196 | 0.9491 | 0.9504 | 0.9493 | 0.0238 | 0.9220 | 0.9426 | 0.9121
0971 | 02:44:05 |  13.8s | 1.0e-04 | 0.0193 | 0.9531 | 0.9516 | 0.9541 | 0.0231 | 0.9260 | 0.9379 | 0.9123
0972 | 02:44:28 |  13.9s | 1.0e-04 | 0.0198 | 0.9488 | 0.9498 | 0.9486 | 0.0229 | 0.9341 | 0.9321 | 0.9178
0973 | 02:44:52 |  13.8s | 1.0e-04 | 0.0193 | 0.9501 | 0.9483 | 0.9487 | 0.0225 | 0.9345 | 0.9313 | 0.9161
0974 | 02:45:16 |  13.8s | 1.0e-04 | 0.0196 | 0.9494 | 0.9499 | 0.9492 | 0.0231 | 0.9438 | 0.9258 | 0.9168
0975 | 02:45:39 |  13.7s | 1.0e-04 | 0.0198 | 0.9497 | 0.9487 | 0.9486 | 0.0238 | 0.9448 | 0.9292 | 0.9264
0976 | 02:46:03 |  13.7s | 1.0e-04 | 0.0194 | 0.9512 | 0.9506 | 0.9519 | 0.0219 | 0.9405 | 0.9348 | 0.9211
0977 | 02:46:26 |  13.8s | 1.0e-04 | 0.0192 | 0.9520 | 0.9510 | 0.9526 | 0.0226 | 0.9410 | 0.9335 | 0.9233
0978 | 02:46:50 |  14.0s | 1.0e-04 | 0.0191 | 0.9505 | 0.9486 | 0.9493 | 0.0228 | 0.9368 | 0.9371 | 0.9241
0979 | 02:47:14 |  13.7s | 1.0e-04 | 0.0195 | 0.9506 | 0.9487 | 0.9496 | 0.0230 | 0.9225 | 0.9395 | 0.9079
0980 | 02:47:37 |  14.0s | 1.0e-04 | 0.0197 | 0.9508 | 0.9487 | 0.9495 | 0.0230 | 0.9300 | 0.9383 | 0.9191
0981 | 02:48:01 |  13.9s | 1.0e-04 | 0.0191 | 0.9504 | 0.9485 | 0.9487 | 0.0226 | 0.9358 | 0.9401 | 0.9239
0982 | 02:48:25 |  13.9s | 1.0e-04 | 0.0197 | 0.9483 | 0.9484 | 0.9467 | 0.0232 | 0.9406 | 0.9266 | 0.9124
0983 | 02:48:49 |  13.9s | 1.0e-04 | 0.0191 | 0.9510 | 0.9500 | 0.9510 | 0.0209 | 0.9339 | 0.9498 | 0.9328
0984 | 02:49:12 |  14.1s | 1.0e-04 | 0.0192 | 0.9514 | 0.9506 | 0.9518 | 0.0232 | 0.9320 | 0.9373 | 0.9161
0985 | 02:49:36 |  13.8s | 1.0e-04 | 0.0195 | 0.9502 | 0.9520 | 0.9519 | 0.0220 | 0.9279 | 0.9380 | 0.9137
0986 | 02:50:00 |  14.0s | 1.0e-04 | 0.0199 | 0.9489 | 0.9472 | 0.9462 | 0.0215 | 0.9451 | 0.9293 | 0.9254
0987 | 02:50:24 |  13.7s | 1.0e-04 | 0.0194 | 0.9503 | 0.9491 | 0.9492 | 0.0228 | 0.9312 | 0.9430 | 0.9250
0988 | 02:50:48 |  14.2s | 1.0e-04 | 0.0191 | 0.9501 | 0.9520 | 0.9522 | 0.0224 | 0.9393 | 0.9313 | 0.9145
0989 | 02:51:12 |  13.9s | 1.0e-04 | 0.0188 | 0.9514 | 0.9506 | 0.9520 | 0.0231 | 0.9267 | 0.9394 | 0.9147
0990 | 02:51:35 |  13.8s | 1.0e-04 | 0.0192 | 0.9509 | 0.9488 | 0.9499 | 0.0232 | 0.9369 | 0.9354 | 0.9194
0991 | 02:51:59 |  13.8s | 1.0e-04 | 0.0193 | 0.9508 | 0.9504 | 0.9512 | 0.0239 | 0.9297 | 0.9370 | 0.9103
0992 | 02:52:23 |  14.0s | 1.0e-04 | 0.0194 | 0.9510 | 0.9511 | 0.9517 | 0.0218 | 0.9392 | 0.9337 | 0.9209
0993 | 02:52:47 |  13.9s | 1.0e-04 | 0.0189 | 0.9517 | 0.9495 | 0.9515 | 0.0213 | 0.9369 | 0.9414 | 0.9282
0994 | 02:53:10 |  14.0s | 1.0e-04 | 0.0189 | 0.9496 | 0.9527 | 0.9523 | 0.0232 | 0.9361 | 0.9320 | 0.9140
0995 | 02:53:34 |  13.9s | 1.0e-04 | 0.0188 | 0.9515 | 0.9520 | 0.9532 | 0.0224 | 0.9432 | 0.9323 | 0.9199
0996 | 02:53:58 |  13.9s | 1.0e-04 | 0.0193 | 0.9500 | 0.9488 | 0.9489 | 0.0223 | 0.9418 | 0.9352 | 0.9264
0997 | 02:54:22 |  13.8s | 1.0e-04 | 0.0193 | 0.9476 | 0.9495 | 0.9472 | 0.0228 | 0.9325 | 0.9379 | 0.9114
0998 | 02:54:46 |  14.0s | 1.0e-04 | 0.0196 | 0.9504 | 0.9506 | 0.9508 | 0.0223 | 0.9384 | 0.9331 | 0.9188
0999 | 02:55:10 |  13.9s | 1.0e-04 | 0.0194 | 0.9502 | 0.9496 | 0.9500 | 0.0226 | 0.9393 | 0.9388 | 0.9304
1000 | 02:55:33 |  13.9s | 1.0e-04 | 0.0191 | 0.9525 | 0.9517 | 0.9537 | 0.0218 | 0.9456 | 0.9307 | 0.9234
