Epoch | Time_Start | Duration | LR | T_Loss | T_Prec | T_Rec | T_P@R0.9 | V_Loss | V_Prec | V_Rec | V_P@R0.9
0001 | 08:48:28 |  32.6s | 1.0e-04 | 0.2779 | 0.6812 | 0.0605 | 0.0991 | 0.1479 | 0.7346 | 0.2659 | 0.2243
0002 | 08:49:12 |  13.4s | 1.0e-04 | 0.1226 | 0.7681 | 0.5002 | 0.3514 | 0.1024 | 0.7817 | 0.5286 | 0.3633
0003 | 08:49:36 |  13.6s | 1.0e-04 | 0.1043 | 0.8017 | 0.6129 | 0.4394 | 0.0934 | 0.8069 | 0.5959 | 0.4150
0004 | 08:50:01 |  13.6s | 1.0e-04 | 0.1007 | 0.8126 | 0.6462 | 0.4688 | 0.0894 | 0.8267 | 0.5826 | 0.4269
0005 | 08:50:25 |  13.6s | 1.0e-04 | 0.0922 | 0.8218 | 0.6702 | 0.5022 | 0.0850 | 0.8108 | 0.6539 | 0.4569
0006 | 08:50:50 |  13.6s | 1.0e-04 | 0.0880 | 0.8286 | 0.6939 | 0.5350 | 0.0826 | 0.8312 | 0.6565 | 0.4850
0007 | 08:51:14 |  13.6s | 1.0e-04 | 0.0893 | 0.8292 | 0.6983 | 0.5497 | 0.0813 | 0.8356 | 0.6735 | 0.5192
0008 | 08:51:39 |  24.4s | 1.0e-04 | 0.0813 | 0.8366 | 0.7278 | 0.5877 | 0.0770 | 0.8424 | 0.6809 | 0.5362
0009 | 08:52:15 |  14.1s | 1.0e-04 | 0.0784 | 0.8450 | 0.7393 | 0.6129 | 0.0745 | 0.8165 | 0.7427 | 0.5556
0010 | 08:52:40 |  14.1s | 1.0e-04 | 0.0752 | 0.8495 | 0.7539 | 0.6397 | 0.0744 | 0.8271 | 0.7476 | 0.5812
0011 | 08:53:05 |  14.1s | 1.0e-04 | 0.0727 | 0.8545 | 0.7689 | 0.6664 | 0.0706 | 0.8372 | 0.7439 | 0.6018
0012 | 08:53:30 |  14.1s | 1.0e-04 | 0.0699 | 0.8589 | 0.7763 | 0.6834 | 0.0712 | 0.8735 | 0.6992 | 0.5887
0013 | 08:53:55 |  14.1s | 1.0e-04 | 0.0684 | 0.8602 | 0.7810 | 0.6929 | 0.0704 | 0.8219 | 0.7848 | 0.6303
0014 | 08:54:20 |  14.1s | 1.0e-04 | 0.0680 | 0.8614 | 0.7843 | 0.6938 | 0.0681 | 0.8363 | 0.7824 | 0.6445
0015 | 08:54:45 |  14.0s | 1.0e-04 | 0.0655 | 0.8657 | 0.7942 | 0.7175 | 0.0668 | 0.8389 | 0.7810 | 0.6451
0016 | 08:55:10 |  23.5s | 1.0e-04 | 0.0638 | 0.8687 | 0.7986 | 0.7238 | 0.0645 | 0.8467 | 0.7692 | 0.6406
0017 | 08:55:44 |  14.0s | 1.0e-04 | 0.0637 | 0.8686 | 0.8008 | 0.7283 | 0.0650 | 0.8706 | 0.7536 | 0.6621
0018 | 08:56:09 |  14.0s | 1.0e-04 | 0.0644 | 0.8694 | 0.8044 | 0.7396 | 0.0651 | 0.8323 | 0.8088 | 0.6758
0019 | 08:56:34 |  14.0s | 1.0e-04 | 0.0623 | 0.8707 | 0.8098 | 0.7465 | 0.0635 | 0.8584 | 0.7910 | 0.6893
0020 | 08:56:59 |  14.0s | 1.0e-04 | 0.0616 | 0.8741 | 0.8137 | 0.7573 | 0.0622 | 0.8527 | 0.7954 | 0.6875
0021 | 08:57:24 |  14.0s | 1.0e-04 | 0.0609 | 0.8731 | 0.8107 | 0.7478 | 0.0627 | 0.8727 | 0.7640 | 0.6836
0022 | 08:57:49 |  14.0s | 1.0e-04 | 0.0602 | 0.8766 | 0.8177 | 0.7678 | 0.0625 | 0.8901 | 0.7427 | 0.6918
0023 | 08:58:14 |  14.0s | 1.0e-04 | 0.0599 | 0.8767 | 0.8167 | 0.7609 | 0.0595 | 0.8620 | 0.7856 | 0.6872
0024 | 08:58:39 |  26.5s | 1.0e-04 | 0.0609 | 0.8760 | 0.8169 | 0.7651 | 0.0598 | 0.8865 | 0.7678 | 0.7190
0025 | 08:59:16 |  14.1s | 1.0e-04 | 0.0619 | 0.8769 | 0.8195 | 0.7687 | 0.0602 | 0.8857 | 0.7733 | 0.7192
0026 | 08:59:41 |  14.0s | 1.0e-04 | 0.0629 | 0.8774 | 0.8212 | 0.7698 | 0.0607 | 0.8965 | 0.7420 | 0.7144
0027 | 09:00:06 |  14.0s | 1.0e-04 | 0.0597 | 0.8764 | 0.8203 | 0.7696 | 0.0573 | 0.8635 | 0.8160 | 0.7415
0028 | 09:00:31 |  14.0s | 1.0e-04 | 0.0591 | 0.8782 | 0.8247 | 0.7791 | 0.0576 | 0.8600 | 0.8160 | 0.7393
0029 | 09:00:56 |  14.1s | 1.0e-04 | 0.0579 | 0.8810 | 0.8268 | 0.7809 | 0.0566 | 0.8616 | 0.8111 | 0.7277
0030 | 09:01:21 |  14.0s | 1.0e-04 | 0.0579 | 0.8802 | 0.8250 | 0.7815 | 0.0561 | 0.8887 | 0.7912 | 0.7531
0031 | 09:01:46 |  14.1s | 1.0e-04 | 0.0568 | 0.8819 | 0.8307 | 0.7930 | 0.0554 | 0.8592 | 0.8139 | 0.7304
0032 | 09:02:11 |  28.4s | 1.0e-04 | 0.0568 | 0.8838 | 0.8366 | 0.8043 | 0.0557 | 0.8742 | 0.8086 | 0.7468
0033 | 09:02:50 |  13.8s | 1.0e-04 | 0.0566 | 0.8837 | 0.8355 | 0.8035 | 0.0560 | 0.8655 | 0.8218 | 0.7541
0034 | 09:03:15 |  13.9s | 1.0e-04 | 0.0564 | 0.8847 | 0.8406 | 0.8108 | 0.0570 | 0.8992 | 0.7787 | 0.7644
0035 | 09:03:40 |  13.9s | 1.0e-04 | 0.0555 | 0.8873 | 0.8397 | 0.8144 | 0.0559 | 0.8541 | 0.8282 | 0.7456
0036 | 09:04:05 |  13.9s | 1.0e-04 | 0.0554 | 0.8871 | 0.8426 | 0.8156 | 0.0553 | 0.8920 | 0.7927 | 0.7601
0037 | 09:04:29 |  13.9s | 1.0e-04 | 0.0554 | 0.8862 | 0.8426 | 0.8161 | 0.0555 | 0.8936 | 0.7885 | 0.7631
0038 | 09:04:54 |  13.9s | 1.0e-04 | 0.0550 | 0.8878 | 0.8426 | 0.8177 | 0.0552 | 0.8359 | 0.8505 | 0.7513
0039 | 09:05:19 |  13.9s | 1.0e-04 | 0.0540 | 0.8896 | 0.8444 | 0.8227 | 0.0526 | 0.8772 | 0.8018 | 0.7425
0040 | 09:05:44 |  26.6s | 1.0e-04 | 0.0529 | 0.8901 | 0.8456 | 0.8262 | 0.0533 | 0.8744 | 0.8176 | 0.7576
0041 | 09:06:22 |  14.2s | 1.0e-04 | 0.0528 | 0.8892 | 0.8464 | 0.8232 | 0.0518 | 0.8801 | 0.8100 | 0.7580
0042 | 09:06:47 |  14.3s | 1.0e-04 | 0.0521 | 0.8912 | 0.8492 | 0.8308 | 0.0526 | 0.8852 | 0.8088 | 0.7712
0043 | 09:07:12 |  14.3s | 1.0e-04 | 0.0516 | 0.8917 | 0.8502 | 0.8324 | 0.0515 | 0.8842 | 0.8109 | 0.7709
0044 | 09:07:37 |  14.3s | 1.0e-04 | 0.0518 | 0.8923 | 0.8510 | 0.8348 | 0.0551 | 0.8385 | 0.8638 | 0.7768
0045 | 09:08:03 |  14.2s | 1.0e-04 | 0.0516 | 0.8916 | 0.8505 | 0.8333 | 0.0516 | 0.8727 | 0.8298 | 0.7726
0046 | 09:08:28 |  14.3s | 1.0e-04 | 0.0517 | 0.8922 | 0.8510 | 0.8342 | 0.0527 | 0.8941 | 0.7955 | 0.7691
0047 | 09:08:53 |  26.3s | 1.0e-04 | 0.0511 | 0.8923 | 0.8520 | 0.8360 | 0.0511 | 0.9005 | 0.7944 | 0.7790
0048 | 09:09:30 |  13.8s | 1.0e-04 | 0.0509 | 0.8934 | 0.8541 | 0.8412 | 0.0521 | 0.8561 | 0.8561 | 0.7874
0049 | 09:09:55 |  13.9s | 1.0e-04 | 0.0508 | 0.8948 | 0.8562 | 0.8438 | 0.0504 | 0.8791 | 0.8358 | 0.7940
0050 | 09:10:20 |  13.9s | 1.0e-04 | 0.0509 | 0.8939 | 0.8556 | 0.8434 | 0.0496 | 0.8752 | 0.8183 | 0.7660
0051 | 09:10:45 |  13.8s | 1.0e-04 | 0.0502 | 0.8938 | 0.8572 | 0.8454 | 0.0505 | 0.8737 | 0.8308 | 0.7792
0052 | 09:11:10 |  13.9s | 1.0e-04 | 0.0503 | 0.8961 | 0.8566 | 0.8475 | 0.0516 | 0.9025 | 0.7969 | 0.7870
0053 | 09:11:34 |  13.8s | 1.0e-04 | 0.0501 | 0.8953 | 0.8554 | 0.8448 | 0.0501 | 0.8790 | 0.8336 | 0.7938
0054 | 09:11:59 |  13.9s | 1.0e-04 | 0.0497 | 0.8944 | 0.8546 | 0.8428 | 0.0497 | 0.8715 | 0.8431 | 0.7934
0055 | 09:12:24 |  29.1s | 1.0e-04 | 0.0491 | 0.8944 | 0.8544 | 0.8421 | 0.0496 | 0.8653 | 0.8435 | 0.7908
0056 | 09:13:04 |  14.2s | 1.0e-04 | 0.0476 | 0.8928 | 0.8496 | 0.8328 | 0.0482 | 0.8780 | 0.8350 | 0.7937
0057 | 09:13:29 |  14.2s | 1.0e-04 | 0.0470 | 0.8950 | 0.8525 | 0.8400 | 0.0490 | 0.8870 | 0.8271 | 0.8012
0058 | 09:13:54 |  14.2s | 1.0e-04 | 0.0470 | 0.8940 | 0.8523 | 0.8396 | 0.0488 | 0.8799 | 0.8368 | 0.7981
0059 | 09:14:20 |  14.3s | 1.0e-04 | 0.0468 | 0.8950 | 0.8513 | 0.8363 | 0.0483 | 0.8821 | 0.8519 | 0.8172
0060 | 09:14:45 |  14.3s | 1.0e-04 | 0.0467 | 0.8950 | 0.8517 | 0.8388 | 0.0474 | 0.8861 | 0.8331 | 0.8091
0061 | 09:15:10 |  14.3s | 1.0e-04 | 0.0464 | 0.8956 | 0.8537 | 0.8427 | 0.0471 | 0.8850 | 0.8475 | 0.8179
0062 | 09:15:35 |  14.1s | 1.0e-04 | 0.0459 | 0.8951 | 0.8552 | 0.8438 | 0.0469 | 0.8936 | 0.8221 | 0.8026
0063 | 09:16:00 |  27.8s | 1.0e-04 | 0.0463 | 0.8958 | 0.8564 | 0.8460 | 0.0471 | 0.8659 | 0.8641 | 0.8166
0064 | 09:16:39 |  14.5s | 1.0e-04 | 0.0459 | 0.8962 | 0.8589 | 0.8494 | 0.0484 | 0.9080 | 0.8182 | 0.8212
0065 | 09:17:04 |  14.4s | 1.0e-04 | 0.0454 | 0.8976 | 0.8587 | 0.8520 | 0.0457 | 0.8895 | 0.8476 | 0.8296
0066 | 09:17:30 |  14.4s | 1.0e-04 | 0.0458 | 0.8966 | 0.8578 | 0.8488 | 0.0460 | 0.8817 | 0.8537 | 0.8265
0067 | 09:17:55 |  14.4s | 1.0e-04 | 0.0460 | 0.8959 | 0.8589 | 0.8509 | 0.0474 | 0.9037 | 0.8222 | 0.8194
0068 | 09:18:21 |  14.4s | 1.0e-04 | 0.0459 | 0.8968 | 0.8594 | 0.8523 | 0.0456 | 0.8943 | 0.8375 | 0.8282
0069 | 09:18:46 |  14.5s | 1.0e-04 | 0.0448 | 0.8973 | 0.8603 | 0.8542 | 0.0449 | 0.8864 | 0.8537 | 0.8328
0070 | 09:19:11 |  14.4s | 1.0e-04 | 0.0453 | 0.8970 | 0.8613 | 0.8544 | 0.0464 | 0.9042 | 0.8193 | 0.8261
0071 | 09:19:37 |  23.4s | 1.0e-04 | 0.0445 | 0.8989 | 0.8643 | 0.8596 | 0.0444 | 0.8904 | 0.8440 | 0.8226
0072 | 09:20:11 |  13.7s | 1.0e-04 | 0.0439 | 0.9018 | 0.8634 | 0.8620 | 0.0467 | 0.8686 | 0.8705 | 0.8299
0073 | 09:20:36 |  13.7s | 1.0e-04 | 0.0440 | 0.9005 | 0.8676 | 0.8648 | 0.0454 | 0.8935 | 0.8501 | 0.8401
0074 | 09:21:00 |  13.7s | 1.0e-04 | 0.0437 | 0.9002 | 0.8671 | 0.8647 | 0.0456 | 0.8843 | 0.8557 | 0.8304
0075 | 09:21:25 |  13.7s | 1.0e-04 | 0.0432 | 0.8996 | 0.8655 | 0.8621 | 0.0457 | 0.8901 | 0.8463 | 0.8301
0076 | 09:21:49 |  13.7s | 1.0e-04 | 0.0434 | 0.9006 | 0.8674 | 0.8659 | 0.0482 | 0.8358 | 0.8985 | 0.8334
0077 | 09:22:14 |  13.7s | 1.0e-04 | 0.0434 | 0.9010 | 0.8685 | 0.8674 | 0.0445 | 0.8908 | 0.8463 | 0.8333
0078 | 09:22:39 |  13.7s | 1.0e-04 | 0.0429 | 0.9018 | 0.8686 | 0.8686 | 0.0438 | 0.8777 | 0.8632 | 0.8322
0079 | 09:23:03 |  27.7s | 1.0e-04 | 0.0451 | 0.8989 | 0.8651 | 0.8626 | 0.0459 | 0.8675 | 0.8762 | 0.8369
0080 | 09:23:42 |  15.0s | 1.0e-04 | 0.0424 | 0.8981 | 0.8662 | 0.8637 | 0.0430 | 0.8894 | 0.8475 | 0.8296
0081 | 09:24:08 |  14.9s | 1.0e-04 | 0.0424 | 0.8985 | 0.8658 | 0.8625 | 0.0438 | 0.9025 | 0.8358 | 0.8380
0082 | 09:24:34 |  15.1s | 1.0e-04 | 0.0416 | 0.8988 | 0.8666 | 0.8650 | 0.0428 | 0.8790 | 0.8635 | 0.8369
0083 | 09:25:00 |  15.0s | 1.0e-04 | 0.0413 | 0.8990 | 0.8695 | 0.8677 | 0.0438 | 0.8799 | 0.8708 | 0.8438
0084 | 09:25:26 |  15.0s | 1.0e-04 | 0.0418 | 0.8998 | 0.8683 | 0.8663 | 0.0435 | 0.8870 | 0.8623 | 0.8455
0085 | 09:25:52 |  15.0s | 1.0e-04 | 0.0413 | 0.8992 | 0.8701 | 0.8691 | 0.0425 | 0.8951 | 0.8457 | 0.8403
0086 | 09:26:18 |  29.6s | 1.0e-04 | 0.0413 | 0.9011 | 0.8715 | 0.8717 | 0.0429 | 0.8718 | 0.8749 | 0.8414
0087 | 09:26:59 |  14.6s | 1.0e-04 | 0.0417 | 0.9009 | 0.8730 | 0.8743 | 0.0423 | 0.8832 | 0.8623 | 0.8394
0088 | 09:27:24 |  14.6s | 1.0e-04 | 0.0415 | 0.9017 | 0.8756 | 0.8764 | 0.0419 | 0.8880 | 0.8565 | 0.8379
0089 | 09:27:50 |  14.5s | 1.0e-04 | 0.0404 | 0.9025 | 0.8753 | 0.8780 | 0.0430 | 0.8894 | 0.8650 | 0.8510
0090 | 09:28:15 |  14.6s | 1.0e-04 | 0.0408 | 0.9009 | 0.8760 | 0.8768 | 0.0423 | 0.8851 | 0.8621 | 0.8430
0091 | 09:28:41 |  14.7s | 1.0e-04 | 0.0409 | 0.9028 | 0.8766 | 0.8794 | 0.0422 | 0.8885 | 0.8656 | 0.8544
0092 | 09:29:07 |  14.5s | 1.0e-04 | 0.0406 | 0.9014 | 0.8761 | 0.8776 | 0.0412 | 0.8945 | 0.8629 | 0.8566
0093 | 09:29:32 |  14.6s | 1.0e-04 | 0.0405 | 0.9024 | 0.8788 | 0.8815 | 0.0420 | 0.8963 | 0.8535 | 0.8479
0094 | 09:29:58 |  30.5s | 1.0e-04 | 0.0404 | 0.9029 | 0.8777 | 0.8813 | 0.0418 | 0.8791 | 0.8751 | 0.8507
0095 | 09:30:39 |  14.6s | 1.0e-04 | 0.0402 | 0.9012 | 0.8775 | 0.8796 | 0.0426 | 0.8635 | 0.8873 | 0.8508
0096 | 09:31:05 |  14.6s | 1.0e-04 | 0.0403 | 0.9019 | 0.8782 | 0.8803 | 0.0420 | 0.8712 | 0.8926 | 0.8614
0097 | 09:31:30 |  14.6s | 1.0e-04 | 0.0397 | 0.9017 | 0.8809 | 0.8830 | 0.0412 | 0.8803 | 0.8700 | 0.8466
0098 | 09:31:56 |  14.5s | 1.0e-04 | 0.0397 | 0.9022 | 0.8777 | 0.8809 | 0.0412 | 0.8941 | 0.8658 | 0.8588
0099 | 09:32:22 |  14.6s | 1.0e-04 | 0.0395 | 0.9033 | 0.8796 | 0.8833 | 0.0416 | 0.8819 | 0.8715 | 0.8512
0100 | 09:32:47 |  14.6s | 1.0e-04 | 0.0395 | 0.9019 | 0.8806 | 0.8837 | 0.0410 | 0.8878 | 0.8613 | 0.8463
0101 | 09:33:13 |  14.5s | 1.0e-04 | 0.0394 | 0.9002 | 0.8804 | 0.8815 | 0.0415 | 0.9020 | 0.8495 | 0.8543
0102 | 09:33:38 |  26.6s | 1.0e-04 | 0.0399 | 0.9041 | 0.8845 | 0.8889 | 0.0419 | 0.8840 | 0.8773 | 0.8590
0103 | 09:34:16 |  14.4s | 1.0e-04 | 0.0401 | 0.9044 | 0.8869 | 0.8931 | 0.0403 | 0.8834 | 0.8871 | 0.8696
0104 | 09:34:41 |  14.5s | 1.0e-04 | 0.0404 | 0.9053 | 0.8876 | 0.8943 | 0.0406 | 0.8969 | 0.8667 | 0.8665
0105 | 09:35:06 |  14.5s | 1.0e-04 | 0.0398 | 0.9057 | 0.8875 | 0.8936 | 0.0413 | 0.9023 | 0.8529 | 0.8562
0106 | 09:35:32 |  14.5s | 1.0e-04 | 0.0396 | 0.9057 | 0.8871 | 0.8937 | 0.0413 | 0.8980 | 0.8584 | 0.8558
0107 | 09:35:57 |  14.6s | 1.0e-04 | 0.0396 | 0.9051 | 0.8907 | 0.8966 | 0.0404 | 0.8884 | 0.8794 | 0.8682
0108 | 09:36:23 |  14.5s | 1.0e-04 | 0.0391 | 0.9059 | 0.8878 | 0.8948 | 0.0404 | 0.8615 | 0.8996 | 0.8611
0109 | 09:36:48 |  14.4s | 1.0e-04 | 0.0396 | 0.9054 | 0.8892 | 0.8952 | 0.0404 | 0.8720 | 0.8914 | 0.8612
0110 | 09:37:14 |  26.2s | 1.0e-04 | 0.0386 | 0.9049 | 0.8884 | 0.8941 | 0.0398 | 0.9004 | 0.8695 | 0.8686
0111 | 09:37:51 |  14.9s | 1.0e-04 | 0.0388 | 0.9051 | 0.8885 | 0.8948 | 0.0395 | 0.8930 | 0.8768 | 0.8694
0112 | 09:38:17 |  14.8s | 1.0e-04 | 0.0382 | 0.9056 | 0.8897 | 0.8970 | 0.0389 | 0.8950 | 0.8713 | 0.8675
0113 | 09:38:43 |  14.7s | 1.0e-04 | 0.0382 | 0.9058 | 0.8877 | 0.8941 | 0.0397 | 0.8880 | 0.8811 | 0.8687
0114 | 09:39:08 |  14.7s | 1.0e-04 | 0.0382 | 0.9063 | 0.8922 | 0.8993 | 0.0385 | 0.8960 | 0.8686 | 0.8646
0115 | 09:39:34 |  14.7s | 1.0e-04 | 0.0384 | 0.9050 | 0.8883 | 0.8939 | 0.0378 | 0.8867 | 0.8826 | 0.8696
0116 | 09:40:00 |  14.8s | 1.0e-04 | 0.0383 | 0.9048 | 0.8894 | 0.8963 | 0.0392 | 0.8976 | 0.8773 | 0.8763
0117 | 09:40:25 |  14.7s | 1.0e-04 | 0.0380 | 0.9065 | 0.8916 | 0.8988 | 0.0384 | 0.9014 | 0.8719 | 0.8734
0118 | 09:40:51 |  25.6s | 1.0e-04 | 0.0378 | 0.9062 | 0.8910 | 0.8977 | 0.0377 | 0.9013 | 0.8750 | 0.8782
0119 | 09:41:28 |  14.3s | 1.0e-04 | 0.0382 | 0.9055 | 0.8908 | 0.8974 | 0.0381 | 0.8834 | 0.8961 | 0.8788
0120 | 09:41:53 |  14.3s | 1.0e-04 | 0.0382 | 0.9060 | 0.8922 | 0.8996 | 0.0373 | 0.8996 | 0.8814 | 0.8829
0121 | 09:42:18 |  14.3s | 1.0e-04 | 0.0379 | 0.9053 | 0.8906 | 0.8969 | 0.0379 | 0.9099 | 0.8696 | 0.8837
0122 | 09:42:44 |  14.3s | 1.0e-04 | 0.0377 | 0.9071 | 0.8932 | 0.9014 | 0.0378 | 0.8957 | 0.8851 | 0.8807
0123 | 09:43:09 |  14.3s | 1.0e-04 | 0.0374 | 0.9083 | 0.8915 | 0.9004 | 0.0388 | 0.8923 | 0.8883 | 0.8814
0124 | 09:43:34 |  14.4s | 1.0e-04 | 0.0374 | 0.9068 | 0.8948 | 0.9021 | 0.0378 | 0.8890 | 0.8905 | 0.8800
0125 | 09:43:59 |  14.4s | 1.0e-04 | 0.0376 | 0.9064 | 0.8933 | 0.9010 | 0.0379 | 0.8889 | 0.8902 | 0.8776
0126 | 09:44:27 |  14.5s | 1.0e-04 | 0.0373 | 0.9077 | 0.8945 | 0.9027 | 0.0376 | 0.9101 | 0.8790 | 0.8914
0127 | 09:44:53 |  14.7s | 1.0e-04 | 0.0377 | 0.9075 | 0.8949 | 0.9034 | 0.0373 | 0.8825 | 0.9033 | 0.8865
0128 | 09:45:18 |  14.5s | 1.0e-04 | 0.0373 | 0.9073 | 0.8925 | 0.9005 | 0.0374 | 0.8862 | 0.8911 | 0.8767
0129 | 09:45:44 |  14.5s | 1.0e-04 | 0.0376 | 0.9070 | 0.8931 | 0.9006 | 0.0375 | 0.9086 | 0.8714 | 0.8824
0130 | 09:46:10 |  14.5s | 1.0e-04 | 0.0371 | 0.9064 | 0.8955 | 0.9023 | 0.0363 | 0.9004 | 0.8923 | 0.8943
0131 | 09:46:35 |  14.5s | 1.0e-04 | 0.0377 | 0.9076 | 0.8952 | 0.9030 | 0.0390 | 0.8968 | 0.8787 | 0.8777
0132 | 09:47:00 |  14.5s | 1.0e-04 | 0.0374 | 0.9070 | 0.8942 | 0.9019 | 0.0366 | 0.8993 | 0.8880 | 0.8902
0133 | 09:47:26 |  24.2s | 1.0e-04 | 0.0376 | 0.9067 | 0.8943 | 0.9019 | 0.0381 | 0.8954 | 0.8860 | 0.8823
0134 | 09:48:01 |  14.5s | 1.0e-04 | 0.0378 | 0.9083 | 0.9015 | 0.9096 | 0.0364 | 0.9093 | 0.8767 | 0.8899
0135 | 09:48:27 |  14.5s | 1.0e-04 | 0.0373 | 0.9087 | 0.8976 | 0.9066 | 0.0369 | 0.8928 | 0.8864 | 0.8777
0136 | 09:48:53 |  14.5s | 1.0e-04 | 0.0375 | 0.9090 | 0.8994 | 0.9085 | 0.0368 | 0.8862 | 0.8923 | 0.8794
0137 | 09:49:18 |  14.4s | 1.0e-04 | 0.0369 | 0.9082 | 0.8980 | 0.9066 | 0.0371 | 0.8742 | 0.9043 | 0.8790
0138 | 09:49:44 |  14.5s | 1.0e-04 | 0.0372 | 0.9095 | 0.9007 | 0.9099 | 0.0378 | 0.8968 | 0.8867 | 0.8844
0139 | 09:50:09 |  14.7s | 1.0e-04 | 0.0371 | 0.9101 | 0.9011 | 0.9110 | 0.0378 | 0.8949 | 0.8991 | 0.8939
0140 | 09:50:35 |  14.5s | 1.0e-04 | 0.0369 | 0.9093 | 0.9003 | 0.9096 | 0.0365 | 0.8728 | 0.9106 | 0.8835
0141 | 09:51:01 |  26.7s | 1.0e-04 | 0.0364 | 0.9089 | 0.8995 | 0.9085 | 0.0384 | 0.8781 | 0.9039 | 0.8825
0142 | 09:51:39 |  14.8s | 1.0e-04 | 0.0357 | 0.9114 | 0.9019 | 0.9129 | 0.0371 | 0.8936 | 0.8961 | 0.8897
0143 | 09:52:04 |  14.9s | 1.0e-04 | 0.0361 | 0.9101 | 0.9008 | 0.9108 | 0.0373 | 0.8854 | 0.8929 | 0.8776
0144 | 09:52:30 |  14.9s | 1.0e-04 | 0.0362 | 0.9101 | 0.9010 | 0.9111 | 0.0378 | 0.9048 | 0.8828 | 0.8890
0145 | 09:52:56 |  14.7s | 1.0e-04 | 0.0357 | 0.9106 | 0.9005 | 0.9111 | 0.0372 | 0.8870 | 0.9065 | 0.8939
0146 | 09:53:22 |  14.8s | 1.0e-04 | 0.0359 | 0.9099 | 0.9013 | 0.9109 | 0.0366 | 0.8891 | 0.9086 | 0.8986
0147 | 09:53:48 |  14.8s | 1.0e-04 | 0.0357 | 0.9101 | 0.9030 | 0.9126 | 0.0357 | 0.8875 | 0.9005 | 0.8878
0148 | 09:54:14 |  14.8s | 1.0e-04 | 0.0352 | 0.9108 | 0.9029 | 0.9134 | 0.0372 | 0.9118 | 0.8785 | 0.8933
0149 | 09:54:40 |  27.7s | 1.0e-04 | 0.0354 | 0.9099 | 0.9026 | 0.9120 | 0.0360 | 0.8929 | 0.8998 | 0.8929
0150 | 09:55:19 |  14.6s | 1.0e-04 | 0.0353 | 0.9086 | 0.9005 | 0.9091 | 0.0355 | 0.9034 | 0.8885 | 0.8943
0151 | 09:55:45 |  14.6s | 1.0e-04 | 0.0348 | 0.9101 | 0.9002 | 0.9102 | 0.0357 | 0.9034 | 0.8901 | 0.8954
0152 | 09:56:10 |  14.7s | 1.0e-04 | 0.0350 | 0.9098 | 0.9001 | 0.9100 | 0.0365 | 0.8855 | 0.8948 | 0.8793
0153 | 09:56:37 |  14.6s | 1.0e-04 | 0.0348 | 0.9103 | 0.9011 | 0.9111 | 0.0354 | 0.9077 | 0.8719 | 0.8852
0154 | 09:57:02 |  14.7s | 1.0e-04 | 0.0349 | 0.9107 | 0.8989 | 0.9098 | 0.0361 | 0.9096 | 0.8767 | 0.8907
0155 | 09:57:28 |  14.6s | 1.0e-04 | 0.0353 | 0.9093 | 0.8998 | 0.9092 | 0.0346 | 0.8999 | 0.8930 | 0.8936
0156 | 09:57:54 |  14.6s | 1.0e-04 | 0.0352 | 0.9106 | 0.9003 | 0.9108 | 0.0368 | 0.8747 | 0.9131 | 0.8895
0157 | 09:58:20 |  27.5s | 1.0e-04 | 0.0334 | 0.9094 | 0.9003 | 0.9097 | 0.0351 | 0.8934 | 0.8960 | 0.8894
0158 | 09:58:59 |  15.0s | 1.0e-04 | 0.0330 | 0.9102 | 0.9003 | 0.9104 | 0.0365 | 0.9073 | 0.8769 | 0.8869
0159 | 09:59:25 |  15.0s | 1.0e-04 | 0.0334 | 0.9101 | 0.9008 | 0.9108 | 0.0351 | 0.8995 | 0.8906 | 0.8905
0160 | 09:59:52 |  15.1s | 1.0e-04 | 0.0333 | 0.9111 | 0.9006 | 0.9116 | 0.0354 | 0.9046 | 0.8901 | 0.8953
0161 | 10:00:18 |  15.1s | 1.0e-04 | 0.0333 | 0.9100 | 0.9019 | 0.9117 | 0.0358 | 0.9061 | 0.8883 | 0.8966
0162 | 10:00:44 |  15.0s | 1.0e-04 | 0.0328 | 0.9123 | 0.9018 | 0.9141 | 0.0367 | 0.9126 | 0.8662 | 0.8832
0163 | 10:01:11 |  15.0s | 1.0e-04 | 0.0331 | 0.9099 | 0.9001 | 0.9099 | 0.0367 | 0.9108 | 0.8744 | 0.8903
0164 | 10:01:37 |  15.0s | 1.0e-04 | 0.0330 | 0.9116 | 0.9005 | 0.9120 | 0.0362 | 0.8974 | 0.8864 | 0.8852
0165 | 10:02:04 |  29.4s | 1.0e-04 | 0.0335 | 0.9151 | 0.9078 | 0.9207 | 0.0361 | 0.9063 | 0.8805 | 0.8878
0166 | 10:02:44 |  15.0s | 1.0e-04 | 0.0338 | 0.9149 | 0.9078 | 0.9212 | 0.0365 | 0.8889 | 0.9052 | 0.8939
0167 | 10:03:10 |  14.9s | 1.0e-04 | 0.0342 | 0.9130 | 0.9045 | 0.9164 | 0.0375 | 0.8935 | 0.8979 | 0.8912
0168 | 10:03:37 |  14.8s | 1.0e-04 | 0.0340 | 0.9133 | 0.9061 | 0.9182 | 0.0368 | 0.9094 | 0.8834 | 0.8942
0169 | 10:04:03 |  14.9s | 1.0e-04 | 0.0336 | 0.9144 | 0.9086 | 0.9208 | 0.0354 | 0.8974 | 0.8898 | 0.8871
0170 | 10:04:29 |  14.8s | 1.0e-04 | 0.0334 | 0.9131 | 0.9070 | 0.9186 | 0.0363 | 0.8997 | 0.8865 | 0.8868
0171 | 10:04:55 |  14.9s | 1.0e-04 | 0.0336 | 0.9139 | 0.9081 | 0.9204 | 0.0361 | 0.9217 | 0.8751 | 0.9036
0172 | 10:05:21 |  26.5s | 1.0e-04 | 0.0331 | 0.9147 | 0.9097 | 0.9224 | 0.0357 | 0.9011 | 0.8946 | 0.8949
0173 | 10:05:59 |  15.0s | 1.0e-04 | 0.0342 | 0.9124 | 0.9043 | 0.9161 | 0.0346 | 0.9036 | 0.8899 | 0.8946
0174 | 10:06:26 |  15.1s | 1.0e-04 | 0.0345 | 0.9133 | 0.9059 | 0.9180 | 0.0357 | 0.8844 | 0.9106 | 0.8950
0175 | 10:06:52 |  15.0s | 1.0e-04 | 0.0346 | 0.9110 | 0.9025 | 0.9131 | 0.0350 | 0.8960 | 0.9007 | 0.8967
0176 | 10:07:19 |  14.9s | 1.0e-04 | 0.0339 | 0.9117 | 0.9043 | 0.9151 | 0.0339 | 0.9057 | 0.8885 | 0.8972
0177 | 10:07:45 |  15.0s | 1.0e-04 | 0.0340 | 0.9128 | 0.9061 | 0.9175 | 0.0351 | 0.8925 | 0.9093 | 0.9014
0178 | 10:08:11 |  15.0s | 1.0e-04 | 0.0335 | 0.9131 | 0.9070 | 0.9190 | 0.0359 | 0.8825 | 0.9149 | 0.8993
0179 | 10:08:38 |  14.9s | 1.0e-04 | 0.0339 | 0.9122 | 0.9062 | 0.9172 | 0.0351 | 0.8787 | 0.9228 | 0.9025
0180 | 10:09:04 |  26.7s | 1.0e-04 | 0.0334 | 0.9138 | 0.9074 | 0.9194 | 0.0354 | 0.8894 | 0.8990 | 0.8882
0181 | 10:09:42 |  14.6s | 1.0e-04 | 0.0332 | 0.9156 | 0.9107 | 0.9241 | 0.0357 | 0.9007 | 0.8995 | 0.9004
0182 | 10:10:08 |  14.7s | 1.0e-04 | 0.0326 | 0.9179 | 0.9116 | 0.9263 | 0.0358 | 0.9079 | 0.8855 | 0.8958
0183 | 10:10:34 |  14.5s | 1.0e-04 | 0.0328 | 0.9159 | 0.9109 | 0.9240 | 0.0353 | 0.8992 | 0.8990 | 0.8982
0184 | 10:11:00 |  14.7s | 1.0e-04 | 0.0329 | 0.9167 | 0.9111 | 0.9257 | 0.0359 | 0.8770 | 0.9141 | 0.8932
0185 | 10:11:26 |  14.6s | 1.0e-04 | 0.0326 | 0.9162 | 0.9112 | 0.9243 | 0.0352 | 0.9001 | 0.8925 | 0.8933
0186 | 10:11:52 |  14.6s | 1.0e-04 | 0.0325 | 0.9167 | 0.9117 | 0.9257 | 0.0344 | 0.8974 | 0.8970 | 0.8951
0187 | 10:12:18 |  14.6s | 1.0e-04 | 0.0328 | 0.9165 | 0.9112 | 0.9254 | 0.0357 | 0.9009 | 0.9017 | 0.9027
0188 | 10:12:44 |  28.8s | 1.0e-04 | 0.0328 | 0.9164 | 0.9106 | 0.9244 | 0.0349 | 0.9040 | 0.8902 | 0.8937
0189 | 10:13:24 |  14.9s | 1.0e-04 | 0.0329 | 0.9149 | 0.9118 | 0.9236 | 0.0356 | 0.9103 | 0.8860 | 0.8974
0190 | 10:13:50 |  15.0s | 1.0e-04 | 0.0331 | 0.9139 | 0.9102 | 0.9219 | 0.0350 | 0.9021 | 0.8986 | 0.9008
0191 | 10:14:17 |  15.0s | 1.0e-04 | 0.0326 | 0.9156 | 0.9118 | 0.9251 | 0.0344 | 0.9070 | 0.8974 | 0.9046
0192 | 10:14:43 |  14.9s | 1.0e-04 | 0.0331 | 0.9164 | 0.9110 | 0.9245 | 0.0355 | 0.9107 | 0.8864 | 0.9005
0193 | 10:15:09 |  14.9s | 1.0e-04 | 0.0330 | 0.9156 | 0.9112 | 0.9246 | 0.0360 | 0.9015 | 0.8995 | 0.9011
0194 | 10:15:36 |  14.9s | 1.0e-04 | 0.0330 | 0.9167 | 0.9115 | 0.9255 | 0.0335 | 0.9035 | 0.8928 | 0.8988
0195 | 10:16:02 |  15.0s | 1.0e-04 | 0.0330 | 0.9160 | 0.9103 | 0.9236 | 0.0350 | 0.9000 | 0.9010 | 0.9008
0196 | 10:16:28 |  25.1s | 1.0e-04 | 0.0325 | 0.9171 | 0.9139 | 0.9276 | 0.0335 | 0.9081 | 0.8979 | 0.9066
0197 | 10:17:05 |  14.5s | 1.0e-04 | 0.0330 | 0.9163 | 0.9099 | 0.9245 | 0.0348 | 0.9113 | 0.8885 | 0.9024
0198 | 10:17:30 |  14.5s | 1.0e-04 | 0.0326 | 0.9171 | 0.9129 | 0.9262 | 0.0341 | 0.8917 | 0.9102 | 0.9014
0199 | 10:17:56 |  14.6s | 1.0e-04 | 0.0327 | 0.9182 | 0.9144 | 0.9288 | 0.0342 | 0.8973 | 0.9027 | 0.8995
0200 | 10:18:22 |  14.4s | 1.0e-04 | 0.0327 | 0.9165 | 0.9107 | 0.9248 | 0.0346 | 0.8932 | 0.9109 | 0.9029
0201 | 10:18:48 |  14.4s | 1.0e-04 | 0.0328 | 0.9175 | 0.9138 | 0.9278 | 0.0344 | 0.9005 | 0.9078 | 0.9081
0202 | 10:19:14 |  14.4s | 1.0e-04 | 0.0332 | 0.9166 | 0.9137 | 0.9267 | 0.0338 | 0.9021 | 0.9043 | 0.9057
0203 | 10:19:39 |  14.4s | 1.0e-04 | 0.0324 | 0.9177 | 0.9138 | 0.9281 | 0.0342 | 0.8950 | 0.9062 | 0.9010
0204 | 10:20:05 |  27.0s | 1.0e-04 | 0.0321 | 0.9178 | 0.9157 | 0.9291 | 0.0345 | 0.8912 | 0.9092 | 0.8999
0205 | 10:20:44 |  14.8s | 1.0e-04 | 0.0318 | 0.9199 | 0.9165 | 0.9325 | 0.0348 | 0.9001 | 0.8999 | 0.8998
0206 | 10:21:10 |  14.8s | 1.0e-04 | 0.0312 | 0.9198 | 0.9161 | 0.9312 | 0.0336 | 0.8959 | 0.9089 | 0.9032
0207 | 10:21:36 |  14.7s | 1.0e-04 | 0.0319 | 0.9184 | 0.9151 | 0.9292 | 0.0344 | 0.9169 | 0.8802 | 0.9030
0208 | 10:22:02 |  14.7s | 1.0e-04 | 0.0318 | 0.9180 | 0.9153 | 0.9294 | 0.0351 | 0.8905 | 0.9067 | 0.8982
0209 | 10:22:28 |  14.9s | 1.0e-04 | 0.0322 | 0.9183 | 0.9155 | 0.9297 | 0.0338 | 0.9017 | 0.8953 | 0.8978
0210 | 10:22:54 |  14.7s | 1.0e-04 | 0.0317 | 0.9180 | 0.9156 | 0.9301 | 0.0333 | 0.9085 | 0.8867 | 0.8969
0211 | 10:23:21 |  24.9s | 1.0e-04 | 0.0319 | 0.9175 | 0.9153 | 0.9289 | 0.0347 | 0.9148 | 0.8855 | 0.9034
0212 | 10:23:57 |  14.8s | 1.0e-04 | 0.0350 | 0.9114 | 0.9047 | 0.9151 | 0.0354 | 0.8906 | 0.9036 | 0.8940
0213 | 10:24:23 |  14.8s | 1.0e-04 | 0.0378 | 0.9053 | 0.8960 | 0.9015 | 0.0344 | 0.9011 | 0.9006 | 0.9015
0214 | 10:24:49 |  14.7s | 1.0e-04 | 0.0367 | 0.9032 | 0.8931 | 0.8982 | 0.0365 | 0.8817 | 0.9163 | 0.8995
0215 | 10:25:15 |  14.7s | 1.0e-04 | 0.0366 | 0.9047 | 0.8976 | 0.9029 | 0.0344 | 0.8925 | 0.9097 | 0.8996
0216 | 10:25:41 |  14.6s | 1.0e-04 | 0.0353 | 0.9094 | 0.9046 | 0.9132 | 0.0348 | 0.9007 | 0.8972 | 0.8976
0217 | 10:26:07 |  14.7s | 1.0e-04 | 0.0349 | 0.9103 | 0.9067 | 0.9157 | 0.0343 | 0.9071 | 0.8979 | 0.9055
0218 | 10:26:33 |  14.7s | 1.0e-04 | 0.0343 | 0.9121 | 0.9067 | 0.9170 | 0.0344 | 0.9010 | 0.8990 | 0.9000
0219 | 10:26:59 |  28.3s | 1.0e-04 | 0.0346 | 0.9120 | 0.9037 | 0.9146 | 0.0346 | 0.9014 | 0.9027 | 0.9028
0220 | 10:27:39 |  14.9s | 1.0e-04 | 0.0326 | 0.9161 | 0.9115 | 0.9243 | 0.0338 | 0.8962 | 0.9044 | 0.9001
0221 | 10:28:05 |  14.9s | 1.0e-04 | 0.0322 | 0.9146 | 0.9139 | 0.9259 | 0.0342 | 0.9167 | 0.8872 | 0.9068
0222 | 10:28:31 |  14.9s | 1.0e-04 | 0.0321 | 0.9169 | 0.9143 | 0.9274 | 0.0356 | 0.8948 | 0.9043 | 0.8982
0223 | 10:28:58 |  14.9s | 1.0e-04 | 0.0330 | 0.9146 | 0.9119 | 0.9242 | 0.0336 | 0.9038 | 0.8995 | 0.9034
0224 | 10:29:24 |  15.0s | 1.0e-04 | 0.0321 | 0.9172 | 0.9153 | 0.9283 | 0.0344 | 0.9028 | 0.8935 | 0.8970
0225 | 10:29:50 |  14.9s | 1.0e-04 | 0.0324 | 0.9140 | 0.9137 | 0.9243 | 0.0344 | 0.9197 | 0.8854 | 0.9082
0226 | 10:30:17 |  14.9s | 1.0e-04 | 0.0318 | 0.9160 | 0.9160 | 0.9283 | 0.0346 | 0.8933 | 0.9058 | 0.8991
0227 | 10:30:43 |  25.4s | 1.0e-04 | 0.0387 | 0.9108 | 0.9037 | 0.9137 | 0.0356 | 0.9125 | 0.8834 | 0.8984
0228 | 10:31:20 |  14.4s | 1.0e-04 | 0.0350 | 0.9132 | 0.9106 | 0.9211 | 0.0354 | 0.9195 | 0.8793 | 0.9024
0229 | 10:31:45 |  14.4s | 1.0e-04 | 0.0339 | 0.9153 | 0.9138 | 0.9260 | 0.0351 | 0.9097 | 0.8928 | 0.9031
0230 | 10:32:11 |  14.3s | 1.0e-04 | 0.0339 | 0.9151 | 0.9148 | 0.9264 | 0.0346 | 0.9019 | 0.8975 | 0.8994
0231 | 10:32:37 |  14.2s | 1.0e-04 | 0.0326 | 0.9182 | 0.9158 | 0.9297 | 0.0346 | 0.9040 | 0.8982 | 0.9024
0232 | 10:33:02 |  14.3s | 1.0e-04 | 0.0321 | 0.9195 | 0.9181 | 0.9329 | 0.0347 | 0.8817 | 0.9171 | 0.8998
0233 | 10:33:28 |  14.2s | 1.0e-04 | 0.0319 | 0.9198 | 0.9181 | 0.9334 | 0.0341 | 0.8945 | 0.9054 | 0.8998
0234 | 10:33:53 |  14.3s | 1.0e-04 | 0.0321 | 0.9189 | 0.9176 | 0.9324 | 0.0340 | 0.9171 | 0.8828 | 0.9037
0235 | 10:34:19 |  26.1s | 1.0e-04 | 0.0323 | 0.9195 | 0.9174 | 0.9322 | 0.0338 | 0.8846 | 0.9192 | 0.9067
0236 | 10:34:57 |  14.5s | 1.0e-04 | 0.0322 | 0.9183 | 0.9153 | 0.9297 | 0.0331 | 0.9069 | 0.9045 | 0.9111
0237 | 10:35:22 |  14.5s | 1.0e-04 | 0.0322 | 0.9183 | 0.9145 | 0.9293 | 0.0335 | 0.9159 | 0.8924 | 0.9095
0238 | 10:35:48 |  14.5s | 1.0e-04 | 0.0322 | 0.9178 | 0.9150 | 0.9286 | 0.0340 | 0.9039 | 0.9091 | 0.9116
0239 | 10:36:14 |  14.6s | 1.0e-04 | 0.0315 | 0.9190 | 0.9161 | 0.9309 | 0.0324 | 0.9103 | 0.8908 | 0.9025
0240 | 10:36:40 |  14.5s | 1.0e-04 | 0.0319 | 0.9199 | 0.9153 | 0.9311 | 0.0326 | 0.9137 | 0.9016 | 0.9152
0241 | 10:37:06 |  14.5s | 1.0e-04 | 0.0317 | 0.9201 | 0.9175 | 0.9324 | 0.0329 | 0.9121 | 0.8948 | 0.9085
0242 | 10:37:31 |  14.5s | 1.0e-04 | 0.0318 | 0.9190 | 0.9160 | 0.9306 | 0.0323 | 0.9111 | 0.9015 | 0.9124
0243 | 10:37:57 |  25.0s | 1.0e-04 | 0.0320 | 0.9194 | 0.9164 | 0.9323 | 0.0330 | 0.8904 | 0.9216 | 0.9125
0244 | 10:38:34 |  14.4s | 1.0e-04 | 0.0312 | 0.9194 | 0.9153 | 0.9311 | 0.0316 | 0.9165 | 0.9001 | 0.9167
0245 | 10:38:59 |  14.5s | 1.0e-04 | 0.0316 | 0.9196 | 0.9154 | 0.9307 | 0.0332 | 0.9107 | 0.9035 | 0.9131
0246 | 10:39:25 |  14.5s | 1.0e-04 | 0.0320 | 0.9187 | 0.9148 | 0.9294 | 0.0326 | 0.9033 | 0.9084 | 0.9116
0247 | 10:39:51 |  14.4s | 1.0e-04 | 0.0318 | 0.9206 | 0.9164 | 0.9328 | 0.0312 | 0.9140 | 0.9031 | 0.9167
0248 | 10:40:17 |  14.5s | 1.0e-04 | 0.0317 | 0.9202 | 0.9173 | 0.9329 | 0.0325 | 0.9116 | 0.9095 | 0.9203
0249 | 10:40:42 |  14.4s | 1.0e-04 | 0.0318 | 0.9200 | 0.9171 | 0.9328 | 0.0316 | 0.9079 | 0.9048 | 0.9125
0250 | 10:41:08 |  14.4s | 1.0e-04 | 0.0314 | 0.9203 | 0.9168 | 0.9321 | 0.0319 | 0.9122 | 0.9043 | 0.9161
0251 | 10:41:37 |  14.8s | 1.0e-04 | 0.0292 | 0.9204 | 0.9186 | 0.9339 | 0.0325 | 0.9121 | 0.8993 | 0.9110
0252 | 10:42:03 |  14.7s | 1.0e-04 | 0.0299 | 0.9202 | 0.9165 | 0.9326 | 0.0329 | 0.9086 | 0.9065 | 0.9140
0253 | 10:42:29 |  14.8s | 1.0e-04 | 0.0297 | 0.9215 | 0.9179 | 0.9346 | 0.0329 | 0.9151 | 0.8925 | 0.9090
0254 | 10:42:55 |  14.8s | 1.0e-04 | 0.0301 | 0.9207 | 0.9168 | 0.9331 | 0.0326 | 0.9038 | 0.9040 | 0.9082
0255 | 10:43:21 |  14.7s | 1.0e-04 | 0.0301 | 0.9200 | 0.9155 | 0.9310 | 0.0325 | 0.9203 | 0.8908 | 0.9142
0256 | 10:43:47 |  14.7s | 1.0e-04 | 0.0297 | 0.9206 | 0.9156 | 0.9318 | 0.0333 | 0.8975 | 0.9073 | 0.9046
0257 | 10:44:13 |  14.7s | 1.0e-04 | 0.0297 | 0.9214 | 0.9178 | 0.9342 | 0.0323 | 0.9075 | 0.9080 | 0.9154
0258 | 10:44:39 |  25.2s | 1.0e-04 | 0.0297 | 0.9219 | 0.9186 | 0.9354 | 0.0329 | 0.9232 | 0.8822 | 0.9105
0259 | 10:45:16 |  14.9s | 1.0e-04 | 0.0308 | 0.9213 | 0.9200 | 0.9357 | 0.0323 | 0.9069 | 0.9098 | 0.9149
0260 | 10:45:42 |  14.9s | 1.0e-04 | 0.0314 | 0.9220 | 0.9199 | 0.9356 | 0.0331 | 0.8940 | 0.9195 | 0.9124
0261 | 10:46:08 |  14.8s | 1.0e-04 | 0.0309 | 0.9222 | 0.9208 | 0.9373 | 0.0326 | 0.8922 | 0.9253 | 0.9176
0262 | 10:46:34 |  14.8s | 1.0e-04 | 0.0302 | 0.9234 | 0.9214 | 0.9385 | 0.0322 | 0.9200 | 0.9008 | 0.9208
0263 | 10:47:00 |  14.8s | 1.0e-04 | 0.0304 | 0.9222 | 0.9208 | 0.9371 | 0.0324 | 0.8995 | 0.9090 | 0.9081
0264 | 10:47:26 |  14.8s | 1.0e-04 | 0.0307 | 0.9238 | 0.9219 | 0.9391 | 0.0318 | 0.9059 | 0.9189 | 0.9221
0265 | 10:47:53 |  14.9s | 1.0e-04 | 0.0303 | 0.9241 | 0.9226 | 0.9397 | 0.0325 | 0.9070 | 0.9038 | 0.9108
0266 | 10:48:19 |  26.3s | 1.0e-04 | 0.0317 | 0.9215 | 0.9204 | 0.9360 | 0.0319 | 0.8942 | 0.9150 | 0.9087
0267 | 10:48:57 |  14.6s | 1.0e-04 | 0.0317 | 0.9227 | 0.9219 | 0.9375 | 0.0333 | 0.9036 | 0.9138 | 0.9158
0268 | 10:49:22 |  14.6s | 1.0e-04 | 0.0316 | 0.9235 | 0.9208 | 0.9388 | 0.0318 | 0.9102 | 0.9045 | 0.9143
0269 | 10:49:48 |  14.6s | 1.0e-04 | 0.0308 | 0.9236 | 0.9232 | 0.9393 | 0.0318 | 0.9243 | 0.8813 | 0.9124
0270 | 10:50:14 |  14.5s | 1.0e-04 | 0.0309 | 0.9248 | 0.9229 | 0.9398 | 0.0322 | 0.8988 | 0.9150 | 0.9126
0271 | 10:50:40 |  14.6s | 1.0e-04 | 0.0308 | 0.9247 | 0.9242 | 0.9415 | 0.0317 | 0.9057 | 0.9116 | 0.9155
0272 | 10:51:06 |  14.6s | 1.0e-04 | 0.0301 | 0.9251 | 0.9229 | 0.9413 | 0.0314 | 0.9024 | 0.9090 | 0.9097
0273 | 10:51:32 |  14.7s | 1.0e-04 | 0.0307 | 0.9242 | 0.9224 | 0.9400 | 0.0322 | 0.8878 | 0.9246 | 0.9128
0274 | 10:51:58 |  27.7s | 1.0e-04 | 0.0300 | 0.9229 | 0.9201 | 0.9379 | 0.0334 | 0.9023 | 0.9077 | 0.9085
0275 | 10:52:37 |  15.5s | 1.0e-04 | 0.0290 | 0.9237 | 0.9227 | 0.9398 | 0.0312 | 0.9119 | 0.9055 | 0.9158
0276 | 10:53:04 |  15.4s | 1.0e-04 | 0.0286 | 0.9243 | 0.9226 | 0.9400 | 0.0321 | 0.9053 | 0.8973 | 0.9035
0277 | 10:53:31 |  15.4s | 1.0e-04 | 0.0288 | 0.9247 | 0.9219 | 0.9401 | 0.0321 | 0.9158 | 0.9021 | 0.9174
0278 | 10:53:57 |  15.4s | 1.0e-04 | 0.0287 | 0.9236 | 0.9216 | 0.9387 | 0.0324 | 0.9149 | 0.8983 | 0.9135
0279 | 10:54:24 |  15.4s | 1.0e-04 | 0.0290 | 0.9244 | 0.9208 | 0.9386 | 0.0312 | 0.9132 | 0.9120 | 0.9233
0280 | 10:54:50 |  15.3s | 1.0e-04 | 0.0287 | 0.9234 | 0.9208 | 0.9383 | 0.0314 | 0.8939 | 0.9213 | 0.9148
0281 | 10:55:17 |  15.4s | 1.0e-04 | 0.0297 | 0.9196 | 0.9184 | 0.9329 | 0.0323 | 0.9100 | 0.8990 | 0.9091
0282 | 10:55:43 |  31.9s | 1.0e-04 | 0.0304 | 0.9208 | 0.9180 | 0.9338 | 0.0316 | 0.8951 | 0.9261 | 0.9206
0283 | 10:56:27 |  14.6s | 1.0e-04 | 0.0306 | 0.9228 | 0.9192 | 0.9376 | 0.0323 | 0.8896 | 0.9343 | 0.9221
0284 | 10:56:52 |  14.5s | 1.0e-04 | 0.0303 | 0.9221 | 0.9198 | 0.9363 | 0.0313 | 0.8980 | 0.9172 | 0.9157
0285 | 10:57:18 |  14.5s | 1.0e-04 | 0.0305 | 0.9224 | 0.9182 | 0.9356 | 0.0313 | 0.9066 | 0.9151 | 0.9197
0286 | 10:57:44 |  14.7s | 1.0e-04 | 0.0298 | 0.9240 | 0.9214 | 0.9392 | 0.0312 | 0.9046 | 0.9134 | 0.9161
0287 | 10:58:10 |  14.5s | 1.0e-04 | 0.0299 | 0.9250 | 0.9232 | 0.9410 | 0.0312 | 0.9144 | 0.9124 | 0.9238
0288 | 10:58:35 |  14.6s | 1.0e-04 | 0.0307 | 0.9227 | 0.9198 | 0.9369 | 0.0320 | 0.9014 | 0.9196 | 0.9192
0289 | 10:59:01 |  14.5s | 1.0e-04 | 0.0297 | 0.9235 | 0.9219 | 0.9390 | 0.0312 | 0.9079 | 0.9157 | 0.9203
0290 | 10:59:27 |  26.7s | 1.0e-04 | 0.0292 | 0.9232 | 0.9207 | 0.9386 | 0.0317 | 0.9254 | 0.8837 | 0.9130
0291 | 11:00:04 |  15.1s | 1.0e-04 | 0.0288 | 0.9236 | 0.9211 | 0.9387 | 0.0312 | 0.9091 | 0.9228 | 0.9277
0292 | 11:00:31 |  15.0s | 1.0e-04 | 0.0287 | 0.9249 | 0.9205 | 0.9395 | 0.0309 | 0.9110 | 0.9002 | 0.9113
0293 | 11:00:57 |  15.0s | 1.0e-04 | 0.0290 | 0.9252 | 0.9224 | 0.9412 | 0.0320 | 0.9300 | 0.8898 | 0.9229
0294 | 11:01:23 |  15.1s | 1.0e-04 | 0.0291 | 0.9253 | 0.9216 | 0.9402 | 0.0302 | 0.9204 | 0.8979 | 0.9190
0295 | 11:01:49 |  15.1s | 1.0e-04 | 0.0289 | 0.9257 | 0.9231 | 0.9423 | 0.0303 | 0.9200 | 0.9024 | 0.9217
0296 | 11:02:16 |  15.1s | 1.0e-04 | 0.0286 | 0.9249 | 0.9223 | 0.9409 | 0.0306 | 0.9085 | 0.9129 | 0.9201
0297 | 11:02:42 |  25.7s | 1.0e-04 | 0.0288 | 0.9247 | 0.9214 | 0.9406 | 0.0311 | 0.9239 | 0.8965 | 0.9216
0298 | 11:03:19 |  14.9s | 1.0e-04 | 0.0287 | 0.9251 | 0.9240 | 0.9412 | 0.0310 | 0.9160 | 0.8998 | 0.9158
0299 | 11:03:45 |  14.9s | 1.0e-04 | 0.0291 | 0.9261 | 0.9252 | 0.9435 | 0.0320 | 0.9060 | 0.9123 | 0.9157
0300 | 11:04:11 |  14.9s | 1.0e-04 | 0.0289 | 0.9251 | 0.9246 | 0.9422 | 0.0315 | 0.9073 | 0.9155 | 0.9198
0301 | 11:04:37 |  14.9s | 1.0e-04 | 0.0288 | 0.9266 | 0.9248 | 0.9440 | 0.0313 | 0.9093 | 0.9136 | 0.9200
0302 | 11:05:03 |  14.9s | 1.0e-04 | 0.0290 | 0.9266 | 0.9237 | 0.9428 | 0.0310 | 0.9186 | 0.8944 | 0.9144
0303 | 11:05:29 |  14.8s | 1.0e-04 | 0.0289 | 0.9259 | 0.9241 | 0.9427 | 0.0303 | 0.9131 | 0.9071 | 0.9193
0304 | 11:05:55 |  14.9s | 1.0e-04 | 0.0288 | 0.9271 | 0.9242 | 0.9434 | 0.0313 | 0.9091 | 0.9123 | 0.9195
0305 | 11:06:21 |  25.8s | 1.0e-04 | 0.0284 | 0.9254 | 0.9227 | 0.9418 | 0.0304 | 0.9260 | 0.9020 | 0.9279
0306 | 11:06:58 |  15.1s | 1.0e-04 | 0.0284 | 0.9240 | 0.9214 | 0.9398 | 0.0311 | 0.9074 | 0.9157 | 0.9207
0307 | 11:07:24 |  15.2s | 1.0e-04 | 0.0285 | 0.9250 | 0.9211 | 0.9397 | 0.0298 | 0.9211 | 0.9057 | 0.9263
0308 | 11:07:50 |  15.2s | 1.0e-04 | 0.0288 | 0.9256 | 0.9215 | 0.9413 | 0.0313 | 0.8989 | 0.9279 | 0.9262
0309 | 11:08:17 |  15.2s | 1.0e-04 | 0.0284 | 0.9258 | 0.9222 | 0.9412 | 0.0305 | 0.9081 | 0.9143 | 0.9203
0310 | 11:08:43 |  15.3s | 1.0e-04 | 0.0286 | 0.9248 | 0.9222 | 0.9397 | 0.0304 | 0.9256 | 0.9004 | 0.9260
0311 | 11:09:09 |  15.2s | 1.0e-04 | 0.0289 | 0.9233 | 0.9213 | 0.9378 | 0.0306 | 0.9178 | 0.9038 | 0.9199
0312 | 11:09:36 |  15.2s | 1.0e-04 | 0.0290 | 0.9239 | 0.9207 | 0.9390 | 0.0308 | 0.9080 | 0.9168 | 0.9204
0313 | 11:10:02 |  26.1s | 1.0e-04 | 0.0276 | 0.9271 | 0.9237 | 0.9432 | 0.0309 | 0.9250 | 0.9005 | 0.9254
0314 | 11:10:39 |  14.7s | 1.0e-04 | 0.0278 | 0.9265 | 0.9247 | 0.9441 | 0.0306 | 0.9021 | 0.9235 | 0.9242
0315 | 11:11:05 |  14.8s | 1.0e-04 | 0.0276 | 0.9272 | 0.9251 | 0.9445 | 0.0312 | 0.9088 | 0.9145 | 0.9220
0316 | 11:11:31 |  14.7s | 1.0e-04 | 0.0278 | 0.9276 | 0.9250 | 0.9449 | 0.0307 | 0.9212 | 0.9028 | 0.9230
0317 | 11:11:57 |  14.7s | 1.0e-04 | 0.0282 | 0.9266 | 0.9244 | 0.9439 | 0.0317 | 0.9089 | 0.9124 | 0.9185
0318 | 11:12:23 |  14.8s | 1.0e-04 | 0.0285 | 0.9265 | 0.9237 | 0.9424 | 0.0309 | 0.9110 | 0.9121 | 0.9211
0319 | 11:12:49 |  14.7s | 1.0e-04 | 0.0278 | 0.9260 | 0.9251 | 0.9428 | 0.0312 | 0.9027 | 0.9154 | 0.9181
0320 | 11:13:15 |  14.8s | 1.0e-04 | 0.0274 | 0.9278 | 0.9255 | 0.9453 | 0.0312 | 0.9212 | 0.8961 | 0.9179
0321 | 11:13:41 |  24.1s | 1.0e-04 | 0.0276 | 0.9284 | 0.9259 | 0.9461 | 0.0305 | 0.9088 | 0.9243 | 0.9298
0322 | 11:14:16 |  14.7s | 1.0e-04 | 0.0276 | 0.9275 | 0.9287 | 0.9467 | 0.0300 | 0.9160 | 0.9132 | 0.9266
0323 | 11:14:42 |  14.6s | 1.0e-04 | 0.0280 | 0.9276 | 0.9265 | 0.9450 | 0.0298 | 0.9155 | 0.9161 | 0.9279
0324 | 11:15:08 |  14.6s | 1.0e-04 | 0.0279 | 0.9275 | 0.9269 | 0.9462 | 0.0308 | 0.9227 | 0.8981 | 0.9213
0325 | 11:15:33 |  14.7s | 1.0e-04 | 0.0276 | 0.9285 | 0.9261 | 0.9459 | 0.0300 | 0.9110 | 0.9210 | 0.9275
0326 | 11:15:59 |  14.6s | 1.0e-04 | 0.0274 | 0.9287 | 0.9275 | 0.9471 | 0.0296 | 0.9188 | 0.9118 | 0.9283
0327 | 11:16:25 |  14.7s | 1.0e-04 | 0.0276 | 0.9283 | 0.9274 | 0.9470 | 0.0307 | 0.9297 | 0.8946 | 0.9260
0328 | 11:16:51 |  14.7s | 1.0e-04 | 0.0277 | 0.9301 | 0.9276 | 0.9480 | 0.0301 | 0.9045 | 0.9200 | 0.9220
0329 | 11:17:17 |  25.5s | 1.0e-04 | 0.0270 | 0.9296 | 0.9285 | 0.9474 | 0.0307 | 0.9182 | 0.9004 | 0.9184
0330 | 11:17:53 |  14.7s | 1.0e-04 | 0.0271 | 0.9291 | 0.9278 | 0.9477 | 0.0301 | 0.9179 | 0.9137 | 0.9288
0331 | 11:18:19 |  14.8s | 1.0e-04 | 0.0270 | 0.9300 | 0.9283 | 0.9488 | 0.0305 | 0.9122 | 0.9199 | 0.9282
0332 | 11:18:45 |  14.7s | 1.0e-04 | 0.0271 | 0.9300 | 0.9288 | 0.9489 | 0.0303 | 0.9216 | 0.9032 | 0.9236
0333 | 11:19:11 |  14.9s | 1.0e-04 | 0.0265 | 0.9302 | 0.9290 | 0.9498 | 0.0297 | 0.9264 | 0.8953 | 0.9230
0334 | 11:19:37 |  14.8s | 1.0e-04 | 0.0265 | 0.9298 | 0.9296 | 0.9494 | 0.0317 | 0.8990 | 0.9212 | 0.9182
0335 | 11:20:03 |  14.7s | 1.0e-04 | 0.0267 | 0.9302 | 0.9300 | 0.9493 | 0.0312 | 0.9125 | 0.9117 | 0.9223
0336 | 11:20:29 |  25.1s | 1.0e-04 | 0.0267 | 0.9297 | 0.9286 | 0.9481 | 0.0302 | 0.9197 | 0.9065 | 0.9245
0337 | 11:21:05 |  14.8s | 1.0e-04 | 0.0278 | 0.9298 | 0.9281 | 0.9478 | 0.0306 | 0.9177 | 0.9066 | 0.9224
0338 | 11:21:31 |  14.7s | 1.0e-04 | 0.0277 | 0.9281 | 0.9282 | 0.9466 | 0.0304 | 0.9220 | 0.9043 | 0.9245
0339 | 11:21:57 |  14.7s | 1.0e-04 | 0.0276 | 0.9299 | 0.9273 | 0.9481 | 0.0297 | 0.9167 | 0.9130 | 0.9276
0340 | 11:22:23 |  14.8s | 1.0e-04 | 0.0277 | 0.9284 | 0.9287 | 0.9469 | 0.0294 | 0.9162 | 0.9216 | 0.9336
0341 | 11:22:49 |  14.8s | 1.0e-04 | 0.0278 | 0.9282 | 0.9282 | 0.9469 | 0.0299 | 0.9136 | 0.9116 | 0.9224
0342 | 11:23:15 |  14.8s | 1.0e-04 | 0.0275 | 0.9298 | 0.9282 | 0.9480 | 0.0293 | 0.9119 | 0.9173 | 0.9262
0343 | 11:23:41 |  14.8s | 1.0e-04 | 0.0273 | 0.9296 | 0.9290 | 0.9489 | 0.0291 | 0.9161 | 0.9182 | 0.9300
0344 | 11:24:07 |  26.5s | 1.0e-04 | 0.0276 | 0.9298 | 0.9291 | 0.9491 | 0.0293 | 0.9134 | 0.9132 | 0.9250
0345 | 11:24:44 |  14.4s | 1.0e-04 | 0.0285 | 0.9288 | 0.9278 | 0.9472 | 0.0293 | 0.9133 | 0.9172 | 0.9270
0346 | 11:25:10 |  14.5s | 1.0e-04 | 0.0285 | 0.9287 | 0.9294 | 0.9476 | 0.0304 | 0.9127 | 0.9160 | 0.9261
0347 | 11:25:35 |  14.5s | 1.0e-04 | 0.0285 | 0.9290 | 0.9285 | 0.9473 | 0.0296 | 0.9122 | 0.9154 | 0.9240
0348 | 11:26:01 |  14.5s | 1.0e-04 | 0.0286 | 0.9288 | 0.9283 | 0.9481 | 0.0291 | 0.9216 | 0.9152 | 0.9333
0349 | 11:26:27 |  14.6s | 1.0e-04 | 0.0283 | 0.9279 | 0.9267 | 0.9463 | 0.0301 | 0.9291 | 0.8990 | 0.9285
0350 | 11:26:52 |  14.4s | 1.0e-04 | 0.0285 | 0.9290 | 0.9273 | 0.9471 | 0.0298 | 0.9098 | 0.9246 | 0.9307
0351 | 11:27:18 |  14.4s | 1.0e-04 | 0.0284 | 0.9295 | 0.9289 | 0.9486 | 0.0296 | 0.9237 | 0.9120 | 0.9312
0352 | 11:27:44 |  23.2s | 1.0e-04 | 0.0280 | 0.9303 | 0.9299 | 0.9501 | 0.0294 | 0.9034 | 0.9190 | 0.9189
0353 | 11:28:18 |  14.9s | 1.0e-04 | 0.0274 | 0.9310 | 0.9301 | 0.9499 | 0.0301 | 0.9128 | 0.9131 | 0.9239
0354 | 11:28:44 |  14.9s | 1.0e-04 | 0.0280 | 0.9293 | 0.9296 | 0.9484 | 0.0297 | 0.9111 | 0.9214 | 0.9292
0355 | 11:29:10 |  15.0s | 1.0e-04 | 0.0275 | 0.9311 | 0.9311 | 0.9508 | 0.0301 | 0.9053 | 0.9258 | 0.9260
0356 | 11:29:36 |  14.9s | 1.0e-04 | 0.0272 | 0.9316 | 0.9311 | 0.9522 | 0.0300 | 0.9016 | 0.9268 | 0.9251
0357 | 11:30:02 |  14.8s | 1.0e-04 | 0.0277 | 0.9303 | 0.9310 | 0.9506 | 0.0294 | 0.9279 | 0.8955 | 0.9241
0358 | 11:30:28 |  14.9s | 1.0e-04 | 0.0269 | 0.9323 | 0.9314 | 0.9519 | 0.0292 | 0.9245 | 0.9072 | 0.9296
0359 | 11:30:54 |  14.9s | 1.0e-04 | 0.0273 | 0.9302 | 0.9300 | 0.9501 | 0.0293 | 0.9260 | 0.8999 | 0.9259
0360 | 11:31:21 |  26.4s | 1.0e-04 | 0.0276 | 0.9319 | 0.9319 | 0.9518 | 0.0292 | 0.9218 | 0.9090 | 0.9279
0361 | 11:31:58 |  14.6s | 1.0e-04 | 0.0280 | 0.9307 | 0.9309 | 0.9504 | 0.0285 | 0.9173 | 0.9187 | 0.9301
0362 | 11:32:24 |  14.5s | 1.0e-04 | 0.0278 | 0.9317 | 0.9321 | 0.9520 | 0.0297 | 0.9115 | 0.9192 | 0.9281
0363 | 11:32:49 |  14.5s | 1.0e-04 | 0.0274 | 0.9312 | 0.9324 | 0.9520 | 0.0294 | 0.9060 | 0.9273 | 0.9301
0364 | 11:33:15 |  14.5s | 1.0e-04 | 0.0279 | 0.9313 | 0.9312 | 0.9511 | 0.0290 | 0.9258 | 0.9029 | 0.9276
0365 | 11:33:41 |  14.5s | 1.0e-04 | 0.0275 | 0.9312 | 0.9314 | 0.9512 | 0.0292 | 0.9137 | 0.9140 | 0.9240
0366 | 11:34:06 |  14.5s | 1.0e-04 | 0.0277 | 0.9316 | 0.9326 | 0.9523 | 0.0289 | 0.9052 | 0.9301 | 0.9327
0367 | 11:34:32 |  14.5s | 1.0e-04 | 0.0280 | 0.9316 | 0.9310 | 0.9518 | 0.0299 | 0.9070 | 0.9321 | 0.9370
0368 | 11:34:57 |  28.5s | 1.0e-04 | 0.0270 | 0.9305 | 0.9300 | 0.9498 | 0.0307 | 0.9143 | 0.9108 | 0.9236
0369 | 11:35:37 |  14.9s | 1.0e-04 | 0.0262 | 0.9313 | 0.9299 | 0.9501 | 0.0299 | 0.9113 | 0.9217 | 0.9278
0370 | 11:36:03 |  15.0s | 1.0e-04 | 0.0267 | 0.9309 | 0.9304 | 0.9510 | 0.0294 | 0.9205 | 0.9159 | 0.9322
0371 | 11:36:29 |  15.0s | 1.0e-04 | 0.0264 | 0.9302 | 0.9289 | 0.9495 | 0.0287 | 0.9219 | 0.9227 | 0.9390
0372 | 11:36:55 |  14.9s | 1.0e-04 | 0.0265 | 0.9312 | 0.9295 | 0.9508 | 0.0289 | 0.9204 | 0.9117 | 0.9295
0373 | 11:37:22 |  14.9s | 1.0e-04 | 0.0263 | 0.9319 | 0.9300 | 0.9509 | 0.0294 | 0.9113 | 0.9213 | 0.9288
0374 | 11:37:47 |  15.0s | 1.0e-04 | 0.0261 | 0.9312 | 0.9313 | 0.9515 | 0.0291 | 0.9266 | 0.9013 | 0.9274
0375 | 11:38:14 |  14.9s | 1.0e-04 | 0.0263 | 0.9310 | 0.9301 | 0.9499 | 0.0297 | 0.9123 | 0.9149 | 0.9259
0376 | 11:38:40 |  16.0s | 1.0e-04 | 0.0263 | 0.9287 | 0.9267 | 0.9463 | 0.0291 | 0.9132 | 0.9213 | 0.9310
0377 | 11:39:07 |  14.8s | 1.0e-04 | 0.0267 | 0.9291 | 0.9276 | 0.9473 | 0.0278 | 0.9192 | 0.9184 | 0.9338
0378 | 11:39:33 |  14.8s | 1.0e-04 | 0.0262 | 0.9303 | 0.9265 | 0.9481 | 0.0276 | 0.9180 | 0.9146 | 0.9290
0379 | 11:39:59 |  14.8s | 1.0e-04 | 0.0267 | 0.9284 | 0.9270 | 0.9457 | 0.0285 | 0.9195 | 0.9178 | 0.9323
0380 | 11:40:25 |  14.9s | 1.0e-04 | 0.0265 | 0.9287 | 0.9268 | 0.9465 | 0.0281 | 0.9236 | 0.9089 | 0.9303
0381 | 11:40:51 |  14.9s | 1.0e-04 | 0.0262 | 0.9301 | 0.9284 | 0.9494 | 0.0292 | 0.9225 | 0.9115 | 0.9315
0382 | 11:41:17 |  14.9s | 1.0e-04 | 0.0266 | 0.9297 | 0.9266 | 0.9487 | 0.0282 | 0.9311 | 0.9060 | 0.9353
0383 | 11:41:44 |  26.8s | 1.0e-04 | 0.0260 | 0.9291 | 0.9278 | 0.9487 | 0.0297 | 0.9080 | 0.9251 | 0.9285
0384 | 11:42:21 |  15.4s | 1.0e-04 | 0.0253 | 0.9327 | 0.9316 | 0.9531 | 0.0295 | 0.9286 | 0.9013 | 0.9292
0385 | 11:42:48 |  15.3s | 1.0e-04 | 0.0253 | 0.9323 | 0.9312 | 0.9529 | 0.0297 | 0.9081 | 0.9337 | 0.9349
0386 | 11:43:14 |  15.3s | 1.0e-04 | 0.0255 | 0.9313 | 0.9323 | 0.9518 | 0.0285 | 0.9185 | 0.9174 | 0.9332
0387 | 11:43:41 |  15.3s | 1.0e-04 | 0.0254 | 0.9324 | 0.9317 | 0.9529 | 0.0288 | 0.9167 | 0.9232 | 0.9352
0388 | 11:44:07 |  15.3s | 1.0e-04 | 0.0255 | 0.9317 | 0.9326 | 0.9526 | 0.0286 | 0.9243 | 0.9052 | 0.9283
0389 | 11:44:34 |  15.3s | 1.0e-04 | 0.0257 | 0.9319 | 0.9327 | 0.9524 | 0.0301 | 0.9292 | 0.9060 | 0.9330
0390 | 11:45:00 |  15.3s | 1.0e-04 | 0.0253 | 0.9328 | 0.9337 | 0.9539 | 0.0281 | 0.9200 | 0.9122 | 0.9289
0391 | 11:45:27 |  25.1s | 1.0e-04 | 0.0259 | 0.9322 | 0.9314 | 0.9516 | 0.0289 | 0.9275 | 0.9004 | 0.9280
0392 | 11:46:03 |  15.2s | 1.0e-04 | 0.0264 | 0.9325 | 0.9306 | 0.9528 | 0.0287 | 0.9313 | 0.9022 | 0.9328
0393 | 11:46:29 |  15.3s | 1.0e-04 | 0.0261 | 0.9318 | 0.9312 | 0.9515 | 0.0291 | 0.9121 | 0.9118 | 0.9219
0394 | 11:46:56 |  15.3s | 1.0e-04 | 0.0261 | 0.9324 | 0.9330 | 0.9527 | 0.0289 | 0.9338 | 0.9026 | 0.9360
0395 | 11:47:22 |  15.3s | 1.0e-04 | 0.0258 | 0.9331 | 0.9333 | 0.9549 | 0.0287 | 0.9148 | 0.9209 | 0.9306
0396 | 11:47:49 |  15.2s | 1.0e-04 | 0.0263 | 0.9322 | 0.9315 | 0.9524 | 0.0280 | 0.9088 | 0.9310 | 0.9342
0397 | 11:48:15 |  15.2s | 1.0e-04 | 0.0260 | 0.9336 | 0.9335 | 0.9545 | 0.0290 | 0.9022 | 0.9308 | 0.9309
0398 | 11:48:41 |  15.3s | 1.0e-04 | 0.0263 | 0.9325 | 0.9331 | 0.9534 | 0.0280 | 0.9183 | 0.9209 | 0.9355
0399 | 11:49:08 |  26.2s | 1.0e-04 | 0.0258 | 0.9323 | 0.9319 | 0.9531 | 0.0283 | 0.9176 | 0.9221 | 0.9344
0400 | 11:49:46 |  15.2s | 1.0e-04 | 0.0254 | 0.9320 | 0.9318 | 0.9527 | 0.0281 | 0.9262 | 0.9155 | 0.9375
0401 | 11:50:12 |  15.2s | 1.0e-04 | 0.0252 | 0.9321 | 0.9318 | 0.9538 | 0.0285 | 0.9117 | 0.9346 | 0.9391
0402 | 11:50:38 |  15.3s | 1.0e-04 | 0.0253 | 0.9327 | 0.9316 | 0.9528 | 0.0292 | 0.9259 | 0.9119 | 0.9337
0403 | 11:51:05 |  15.3s | 1.0e-04 | 0.0253 | 0.9332 | 0.9325 | 0.9530 | 0.0291 | 0.9029 | 0.9316 | 0.9307
0404 | 11:51:31 |  15.2s | 1.0e-04 | 0.0249 | 0.9335 | 0.9338 | 0.9546 | 0.0291 | 0.9027 | 0.9296 | 0.9295
0405 | 11:51:57 |  15.2s | 1.0e-04 | 0.0253 | 0.9335 | 0.9326 | 0.9544 | 0.0279 | 0.9214 | 0.9127 | 0.9302
0406 | 11:52:24 |  15.2s | 1.0e-04 | 0.0254 | 0.9319 | 0.9317 | 0.9515 | 0.0297 | 0.9406 | 0.8842 | 0.9320
0407 | 11:52:50 |  27.2s | 1.0e-04 | 0.0255 | 0.9337 | 0.9325 | 0.9541 | 0.0293 | 0.9095 | 0.9298 | 0.9339
0408 | 11:53:28 |  15.1s | 1.0e-04 | 0.0256 | 0.9323 | 0.9333 | 0.9531 | 0.0288 | 0.9081 | 0.9358 | 0.9376
0409 | 11:53:54 |  15.1s | 1.0e-04 | 0.0254 | 0.9331 | 0.9333 | 0.9538 | 0.0274 | 0.9239 | 0.9159 | 0.9343
0410 | 11:54:21 |  15.1s | 1.0e-04 | 0.0253 | 0.9336 | 0.9342 | 0.9540 | 0.0285 | 0.9120 | 0.9228 | 0.9291
0411 | 11:54:47 |  15.0s | 1.0e-04 | 0.0252 | 0.9335 | 0.9328 | 0.9541 | 0.0287 | 0.9076 | 0.9283 | 0.9317
0412 | 11:55:13 |  15.1s | 1.0e-04 | 0.0256 | 0.9331 | 0.9321 | 0.9536 | 0.0278 | 0.9114 | 0.9287 | 0.9374
0413 | 11:55:39 |  15.1s | 1.0e-04 | 0.0254 | 0.9328 | 0.9334 | 0.9539 | 0.0282 | 0.9130 | 0.9308 | 0.9366
0414 | 11:56:06 |  15.1s | 1.0e-04 | 0.0254 | 0.9323 | 0.9328 | 0.9526 | 0.0278 | 0.9254 | 0.9163 | 0.9382
0415 | 11:56:32 |  30.3s | 1.0e-04 | 0.0257 | 0.9329 | 0.9353 | 0.9543 | 0.0279 | 0.9276 | 0.9113 | 0.9349
0416 | 11:57:13 |  15.1s | 1.0e-04 | 0.0259 | 0.9334 | 0.9343 | 0.9545 | 0.0284 | 0.9210 | 0.9215 | 0.9364
0417 | 11:57:39 |  15.0s | 1.0e-04 | 0.0259 | 0.9347 | 0.9341 | 0.9557 | 0.0281 | 0.9221 | 0.9144 | 0.9330
0418 | 11:58:06 |  14.9s | 1.0e-04 | 0.0256 | 0.9340 | 0.9350 | 0.9553 | 0.0274 | 0.9254 | 0.9223 | 0.9401
0419 | 11:58:32 |  15.1s | 1.0e-04 | 0.0256 | 0.9338 | 0.9353 | 0.9553 | 0.0287 | 0.9276 | 0.9143 | 0.9394
0420 | 11:58:58 |  15.0s | 1.0e-04 | 0.0256 | 0.9341 | 0.9350 | 0.9559 | 0.0281 | 0.9313 | 0.8998 | 0.9311
0421 | 11:59:24 |  15.0s | 1.0e-04 | 0.0258 | 0.9335 | 0.9345 | 0.9540 | 0.0276 | 0.9277 | 0.9150 | 0.9375
0422 | 11:59:50 |  26.4s | 1.0e-04 | 0.0256 | 0.9326 | 0.9344 | 0.9548 | 0.0278 | 0.9175 | 0.9282 | 0.9400
0423 | 12:00:28 |  14.4s | 1.0e-04 | 0.0258 | 0.9350 | 0.9377 | 0.9574 | 0.0281 | 0.9178 | 0.9176 | 0.9314
0424 | 12:00:53 |  14.4s | 1.0e-04 | 0.0258 | 0.9347 | 0.9364 | 0.9562 | 0.0280 | 0.9239 | 0.9081 | 0.9297
0425 | 12:01:19 |  14.3s | 1.0e-04 | 0.0254 | 0.9367 | 0.9395 | 0.9598 | 0.0285 | 0.9081 | 0.9305 | 0.9340
0426 | 12:01:44 |  14.4s | 1.0e-04 | 0.0259 | 0.9349 | 0.9372 | 0.9574 | 0.0273 | 0.9163 | 0.9325 | 0.9416
0427 | 12:02:10 |  14.5s | 1.0e-04 | 0.0256 | 0.9360 | 0.9375 | 0.9584 | 0.0273 | 0.9164 | 0.9281 | 0.9377
0428 | 12:02:35 |  14.4s | 1.0e-04 | 0.0256 | 0.9348 | 0.9375 | 0.9571 | 0.0290 | 0.9078 | 0.9261 | 0.9297
0429 | 12:03:01 |  14.4s | 1.0e-04 | 0.0269 | 0.9319 | 0.9348 | 0.9532 | 0.0303 | 0.9081 | 0.9216 | 0.9263
0430 | 12:03:26 |  27.2s | 1.0e-04 | 0.0268 | 0.9304 | 0.9339 | 0.9527 | 0.0290 | 0.9273 | 0.9055 | 0.9310
0431 | 12:04:05 |  14.3s | 1.0e-04 | 0.0249 | 0.9339 | 0.9337 | 0.9547 | 0.0265 | 0.9285 | 0.9180 | 0.9412
0432 | 12:04:30 |  14.4s | 1.0e-04 | 0.0248 | 0.9337 | 0.9350 | 0.9550 | 0.0275 | 0.9215 | 0.9173 | 0.9343
0433 | 12:04:56 |  14.4s | 1.0e-04 | 0.0250 | 0.9344 | 0.9350 | 0.9566 | 0.0287 | 0.9212 | 0.9166 | 0.9348
0434 | 12:05:21 |  14.6s | 1.0e-04 | 0.0253 | 0.9332 | 0.9341 | 0.9544 | 0.0287 | 0.9164 | 0.9215 | 0.9330
0435 | 12:05:47 |  14.4s | 1.0e-04 | 0.0274 | 0.9336 | 0.9336 | 0.9546 | 0.0286 | 0.9221 | 0.9086 | 0.9284
0436 | 12:06:12 |  14.4s | 1.0e-04 | 0.0261 | 0.9321 | 0.9321 | 0.9525 | 0.0272 | 0.9161 | 0.9251 | 0.9369
0437 | 12:06:38 |  14.4s | 1.0e-04 | 0.0253 | 0.9337 | 0.9346 | 0.9550 | 0.0270 | 0.9203 | 0.9212 | 0.9347
0438 | 12:07:03 |  27.4s | 1.0e-04 | 0.0251 | 0.9343 | 0.9349 | 0.9555 | 0.0281 | 0.9204 | 0.9227 | 0.9380
0439 | 12:07:42 |  15.0s | 1.0e-04 | 0.0250 | 0.9340 | 0.9357 | 0.9554 | 0.0275 | 0.9315 | 0.9094 | 0.9378
0440 | 12:08:08 |  15.1s | 1.0e-04 | 0.0249 | 0.9346 | 0.9358 | 0.9566 | 0.0274 | 0.9223 | 0.9230 | 0.9383
0441 | 12:08:34 |  15.0s | 1.0e-04 | 0.0250 | 0.9342 | 0.9360 | 0.9563 | 0.0284 | 0.9059 | 0.9341 | 0.9357
0442 | 12:09:00 |  15.1s | 1.0e-04 | 0.0250 | 0.9346 | 0.9359 | 0.9555 | 0.0276 | 0.9165 | 0.9229 | 0.9331
0443 | 12:09:27 |  15.0s | 1.0e-04 | 0.0248 | 0.9363 | 0.9365 | 0.9587 | 0.0270 | 0.9205 | 0.9230 | 0.9387
0444 | 12:09:53 |  15.0s | 1.0e-04 | 0.0250 | 0.9349 | 0.9359 | 0.9565 | 0.0281 | 0.9103 | 0.9391 | 0.9433
0445 | 12:10:19 |  15.0s | 1.0e-04 | 0.0247 | 0.9347 | 0.9356 | 0.9569 | 0.0267 | 0.9181 | 0.9267 | 0.9406
0446 | 12:10:45 |  25.7s | 1.0e-04 | 0.0249 | 0.9355 | 0.9368 | 0.9580 | 0.0273 | 0.9124 | 0.9322 | 0.9395
0447 | 12:11:22 |  14.8s | 1.0e-04 | 0.0252 | 0.9362 | 0.9383 | 0.9594 | 0.0290 | 0.9352 | 0.9049 | 0.9385
0448 | 12:11:48 |  14.8s | 1.0e-04 | 0.0250 | 0.9369 | 0.9385 | 0.9599 | 0.0281 | 0.9114 | 0.9287 | 0.9345
0449 | 12:12:14 |  14.8s | 1.0e-04 | 0.0246 | 0.9364 | 0.9389 | 0.9600 | 0.0276 | 0.9226 | 0.9254 | 0.9412
0450 | 12:12:39 |  14.7s | 1.0e-04 | 0.0248 | 0.9368 | 0.9385 | 0.9595 | 0.0278 | 0.9286 | 0.9134 | 0.9375
0451 | 12:13:05 |  14.7s | 1.0e-04 | 0.0247 | 0.9377 | 0.9395 | 0.9604 | 0.0276 | 0.9152 | 0.9247 | 0.9357
0452 | 12:13:31 |  14.7s | 1.0e-04 | 0.0249 | 0.9365 | 0.9381 | 0.9593 | 0.0274 | 0.9125 | 0.9319 | 0.9385
0453 | 12:13:57 |  14.8s | 1.0e-04 | 0.0247 | 0.9363 | 0.9383 | 0.9595 | 0.0283 | 0.9284 | 0.9201 | 0.9413
0454 | 12:14:23 |  27.3s | 1.0e-04 | 0.0236 | 0.9374 | 0.9385 | 0.9601 | 0.0279 | 0.9123 | 0.9309 | 0.9385
0455 | 12:15:01 |  15.1s | 1.0e-04 | 0.0237 | 0.9364 | 0.9374 | 0.9594 | 0.0279 | 0.9150 | 0.9252 | 0.9352
0456 | 12:15:27 |  15.0s | 1.0e-04 | 0.0240 | 0.9368 | 0.9374 | 0.9593 | 0.0270 | 0.9228 | 0.9226 | 0.9406
0457 | 12:15:53 |  15.0s | 1.0e-04 | 0.0237 | 0.9360 | 0.9382 | 0.9585 | 0.0272 | 0.9270 | 0.9183 | 0.9404
0458 | 12:16:19 |  14.9s | 1.0e-04 | 0.0237 | 0.9374 | 0.9376 | 0.9599 | 0.0292 | 0.8984 | 0.9404 | 0.9364
0459 | 12:16:45 |  15.0s | 1.0e-04 | 0.0239 | 0.9365 | 0.9371 | 0.9591 | 0.0278 | 0.9165 | 0.9276 | 0.9371
0460 | 12:17:11 |  14.9s | 1.0e-04 | 0.0236 | 0.9374 | 0.9368 | 0.9593 | 0.0272 | 0.9264 | 0.9141 | 0.9360
0461 | 12:17:38 |  26.5s | 1.0e-04 | 0.0241 | 0.9354 | 0.9363 | 0.9578 | 0.0272 | 0.9220 | 0.9250 | 0.9399
0462 | 12:18:15 |  14.7s | 1.0e-04 | 0.0249 | 0.9344 | 0.9356 | 0.9566 | 0.0274 | 0.9097 | 0.9344 | 0.9389
0463 | 12:18:41 |  14.7s | 1.0e-04 | 0.0255 | 0.9353 | 0.9352 | 0.9568 | 0.0273 | 0.9208 | 0.9124 | 0.9301
0464 | 12:19:07 |  14.8s | 1.0e-04 | 0.0253 | 0.9342 | 0.9355 | 0.9563 | 0.0272 | 0.9170 | 0.9258 | 0.9380
0465 | 12:19:33 |  14.8s | 1.0e-04 | 0.0250 | 0.9360 | 0.9357 | 0.9574 | 0.0276 | 0.9329 | 0.9133 | 0.9422
0466 | 12:19:58 |  14.8s | 1.0e-04 | 0.0249 | 0.9350 | 0.9356 | 0.9554 | 0.0275 | 0.9243 | 0.9150 | 0.9354
0467 | 12:20:24 |  14.8s | 1.0e-04 | 0.0248 | 0.9356 | 0.9370 | 0.9578 | 0.0266 | 0.9214 | 0.9218 | 0.9374
0468 | 12:20:50 |  14.8s | 1.0e-04 | 0.0242 | 0.9367 | 0.9379 | 0.9595 | 0.0270 | 0.9229 | 0.9228 | 0.9397
0469 | 12:21:16 |  24.7s | 1.0e-04 | 0.0246 | 0.9355 | 0.9376 | 0.9577 | 0.0278 | 0.9167 | 0.9241 | 0.9365
0470 | 12:21:52 |  14.8s | 1.0e-04 | 0.0247 | 0.9384 | 0.9410 | 0.9613 | 0.0275 | 0.9340 | 0.9070 | 0.9384
0471 | 12:22:18 |  14.7s | 1.0e-04 | 0.0247 | 0.9370 | 0.9399 | 0.9604 | 0.0261 | 0.9288 | 0.9174 | 0.9404
0472 | 12:22:43 |  14.6s | 1.0e-04 | 0.0248 | 0.9380 | 0.9390 | 0.9613 | 0.0269 | 0.9183 | 0.9270 | 0.9390
0473 | 12:23:09 |  14.7s | 1.0e-04 | 0.0246 | 0.9383 | 0.9414 | 0.9621 | 0.0273 | 0.9179 | 0.9300 | 0.9408
0474 | 12:23:35 |  14.7s | 1.0e-04 | 0.0246 | 0.9377 | 0.9416 | 0.9616 | 0.0264 | 0.9245 | 0.9232 | 0.9399
0475 | 12:24:01 |  14.7s | 1.0e-04 | 0.0252 | 0.9370 | 0.9390 | 0.9603 | 0.0271 | 0.9272 | 0.9158 | 0.9404
0476 | 12:24:27 |  14.7s | 1.0e-04 | 0.0244 | 0.9384 | 0.9405 | 0.9615 | 0.0264 | 0.9265 | 0.9198 | 0.9392
0477 | 12:24:52 |  26.5s | 1.0e-04 | 0.0241 | 0.9369 | 0.9387 | 0.9596 | 0.0271 | 0.9195 | 0.9215 | 0.9359
0478 | 12:25:30 |  15.2s | 1.0e-04 | 0.0234 | 0.9361 | 0.9363 | 0.9590 | 0.0277 | 0.9268 | 0.9119 | 0.9357
0479 | 12:25:56 |  15.2s | 1.0e-04 | 0.0237 | 0.9370 | 0.9355 | 0.9590 | 0.0269 | 0.9216 | 0.9250 | 0.9391
0480 | 12:26:23 |  15.1s | 1.0e-04 | 0.0235 | 0.9364 | 0.9383 | 0.9589 | 0.0273 | 0.9276 | 0.9232 | 0.9426
0481 | 12:26:49 |  15.2s | 1.0e-04 | 0.0238 | 0.9358 | 0.9357 | 0.9577 | 0.0274 | 0.9175 | 0.9250 | 0.9366
0482 | 12:27:15 |  15.1s | 1.0e-04 | 0.0233 | 0.9369 | 0.9388 | 0.9590 | 0.0266 | 0.9227 | 0.9278 | 0.9432
0483 | 12:27:41 |  15.1s | 1.0e-04 | 0.0233 | 0.9359 | 0.9371 | 0.9584 | 0.0262 | 0.9202 | 0.9271 | 0.9408
0484 | 12:28:08 |  15.1s | 1.0e-04 | 0.0234 | 0.9355 | 0.9369 | 0.9583 | 0.0262 | 0.9240 | 0.9185 | 0.9388
0485 | 12:28:34 |  27.9s | 1.0e-04 | 0.0235 | 0.9366 | 0.9382 | 0.9588 | 0.0278 | 0.9158 | 0.9275 | 0.9380
0486 | 12:29:13 |  14.8s | 1.0e-04 | 0.0239 | 0.9365 | 0.9383 | 0.9595 | 0.0275 | 0.9246 | 0.9249 | 0.9428
0487 | 12:29:39 |  14.7s | 1.0e-04 | 0.0239 | 0.9370 | 0.9393 | 0.9601 | 0.0262 | 0.9336 | 0.9229 | 0.9470
0488 | 12:30:05 |  14.7s | 1.0e-04 | 0.0245 | 0.9364 | 0.9367 | 0.9590 | 0.0271 | 0.9247 | 0.9220 | 0.9410
0489 | 12:30:31 |  14.8s | 1.0e-04 | 0.0242 | 0.9365 | 0.9376 | 0.9580 | 0.0273 | 0.9265 | 0.9213 | 0.9422
0490 | 12:30:57 |  14.8s | 1.0e-04 | 0.0238 | 0.9375 | 0.9381 | 0.9602 | 0.0268 | 0.9234 | 0.9219 | 0.9387
0491 | 12:31:23 |  14.9s | 1.0e-04 | 0.0242 | 0.9358 | 0.9365 | 0.9583 | 0.0275 | 0.9205 | 0.9275 | 0.9400
0492 | 12:31:49 |  14.8s | 1.0e-04 | 0.0242 | 0.9364 | 0.9377 | 0.9592 | 0.0258 | 0.9258 | 0.9256 | 0.9446
0493 | 12:32:15 |  25.9s | 1.0e-04 | 0.0237 | 0.9383 | 0.9402 | 0.9612 | 0.0268 | 0.9224 | 0.9327 | 0.9458
0494 | 12:32:52 |  14.9s | 1.0e-04 | 0.0239 | 0.9366 | 0.9380 | 0.9591 | 0.0271 | 0.9309 | 0.9190 | 0.9441
0495 | 12:33:18 |  14.8s | 1.0e-04 | 0.0237 | 0.9371 | 0.9400 | 0.9597 | 0.0265 | 0.9299 | 0.9229 | 0.9454
0496 | 12:33:44 |  14.8s | 1.0e-04 | 0.0239 | 0.9372 | 0.9391 | 0.9606 | 0.0271 | 0.9235 | 0.9231 | 0.9408
0497 | 12:34:09 |  14.8s | 1.0e-04 | 0.0234 | 0.9381 | 0.9397 | 0.9615 | 0.0264 | 0.9282 | 0.9238 | 0.9450
0498 | 12:34:35 |  14.8s | 1.0e-04 | 0.0236 | 0.9378 | 0.9392 | 0.9605 | 0.0280 | 0.9056 | 0.9368 | 0.9370
0499 | 12:35:01 |  14.8s | 1.0e-04 | 0.0240 | 0.9363 | 0.9385 | 0.9594 | 0.0264 | 0.9159 | 0.9324 | 0.9421
0500 | 12:35:27 |  14.8s | 1.0e-04 | 0.0239 | 0.9368 | 0.9388 | 0.9601 | 0.0268 | 0.9287 | 0.9143 | 0.9393
0501 | 12:35:53 |  15.9s | 1.0e-04 | 0.0249 | 0.9387 | 0.9425 | 0.9627 | 0.0270 | 0.9204 | 0.9304 | 0.9433
0502 | 12:36:20 |  14.9s | 1.0e-04 | 0.0248 | 0.9378 | 0.9412 | 0.9621 | 0.0267 | 0.9158 | 0.9360 | 0.9439
0503 | 12:36:46 |  15.0s | 1.0e-04 | 0.0246 | 0.9391 | 0.9413 | 0.9625 | 0.0268 | 0.9223 | 0.9224 | 0.9389
0504 | 12:37:12 |  14.9s | 1.0e-04 | 0.0248 | 0.9380 | 0.9420 | 0.9617 | 0.0277 | 0.9243 | 0.9219 | 0.9403
0505 | 12:37:38 |  14.9s | 1.0e-04 | 0.0246 | 0.9386 | 0.9422 | 0.9627 | 0.0269 | 0.9144 | 0.9362 | 0.9435
0506 | 12:38:04 |  15.0s | 1.0e-04 | 0.0247 | 0.9388 | 0.9420 | 0.9614 | 0.0270 | 0.9194 | 0.9280 | 0.9407
0507 | 12:38:30 |  15.0s | 1.0e-04 | 0.0248 | 0.9382 | 0.9417 | 0.9621 | 0.0273 | 0.9133 | 0.9307 | 0.9367
0508 | 12:38:56 |  28.8s | 1.0e-04 | 0.0247 | 0.9378 | 0.9410 | 0.9619 | 0.0266 | 0.9164 | 0.9332 | 0.9414
0509 | 12:39:36 |  15.1s | 1.0e-04 | 0.0236 | 0.9376 | 0.9376 | 0.9600 | 0.0271 | 0.9173 | 0.9308 | 0.9433
0510 | 12:40:03 |  15.1s | 1.0e-04 | 0.0237 | 0.9371 | 0.9383 | 0.9599 | 0.0280 | 0.9057 | 0.9373 | 0.9376
0511 | 12:40:29 |  15.1s | 1.0e-04 | 0.0237 | 0.9359 | 0.9369 | 0.9582 | 0.0273 | 0.9315 | 0.9195 | 0.9459
0512 | 12:40:55 |  15.2s | 1.0e-04 | 0.0230 | 0.9382 | 0.9388 | 0.9606 | 0.0267 | 0.9241 | 0.9287 | 0.9449
0513 | 12:41:21 |  15.0s | 1.0e-04 | 0.0234 | 0.9380 | 0.9384 | 0.9608 | 0.0258 | 0.9272 | 0.9182 | 0.9412
0514 | 12:41:47 |  15.1s | 1.0e-04 | 0.0237 | 0.9367 | 0.9375 | 0.9596 | 0.0272 | 0.9223 | 0.9299 | 0.9448
0515 | 12:42:14 |  15.1s | 1.0e-04 | 0.0237 | 0.9368 | 0.9381 | 0.9590 | 0.0274 | 0.9255 | 0.9148 | 0.9362
0516 | 12:42:40 |  24.7s | 1.0e-04 | 0.0238 | 0.9370 | 0.9386 | 0.9598 | 0.0264 | 0.9251 | 0.9290 | 0.9464
0517 | 12:43:16 |  15.0s | 1.0e-04 | 0.0242 | 0.9368 | 0.9398 | 0.9599 | 0.0273 | 0.9383 | 0.9052 | 0.9419
0518 | 12:43:42 |  15.0s | 1.0e-04 | 0.0243 | 0.9377 | 0.9394 | 0.9604 | 0.0264 | 0.9244 | 0.9218 | 0.9405
0519 | 12:44:08 |  14.9s | 1.0e-04 | 0.0241 | 0.9375 | 0.9394 | 0.9607 | 0.0265 | 0.9331 | 0.9064 | 0.9367
0520 | 12:44:34 |  15.0s | 1.0e-04 | 0.0242 | 0.9371 | 0.9401 | 0.9610 | 0.0263 | 0.9235 | 0.9325 | 0.9484
0521 | 12:45:00 |  15.0s | 1.0e-04 | 0.0245 | 0.9377 | 0.9398 | 0.9611 | 0.0272 | 0.9001 | 0.9484 | 0.9433
0522 | 12:45:26 |  15.1s | 1.0e-04 | 0.0248 | 0.9364 | 0.9391 | 0.9592 | 0.0264 | 0.9238 | 0.9261 | 0.9406
0523 | 12:45:53 |  14.9s | 1.0e-04 | 0.0247 | 0.9352 | 0.9384 | 0.9584 | 0.0263 | 0.9250 | 0.9259 | 0.9443
0524 | 12:46:19 |  28.7s | 1.0e-04 | 0.0241 | 0.9379 | 0.9408 | 0.9612 | 0.0267 | 0.9303 | 0.9215 | 0.9438
0525 | 12:46:59 |  14.9s | 1.0e-04 | 0.0237 | 0.9372 | 0.9393 | 0.9607 | 0.0267 | 0.9236 | 0.9267 | 0.9431
0526 | 12:47:25 |  15.0s | 1.0e-04 | 0.0236 | 0.9396 | 0.9413 | 0.9626 | 0.0270 | 0.9264 | 0.9210 | 0.9411
0527 | 12:47:51 |  14.9s | 1.0e-04 | 0.0238 | 0.9378 | 0.9404 | 0.9612 | 0.0266 | 0.9182 | 0.9330 | 0.9429
0528 | 12:48:17 |  14.9s | 1.0e-04 | 0.0237 | 0.9381 | 0.9407 | 0.9615 | 0.0268 | 0.9222 | 0.9251 | 0.9418
0529 | 12:48:43 |  14.8s | 1.0e-04 | 0.0243 | 0.9372 | 0.9389 | 0.9601 | 0.0269 | 0.9329 | 0.9150 | 0.9420
0530 | 12:49:09 |  14.8s | 1.0e-04 | 0.0237 | 0.9376 | 0.9386 | 0.9608 | 0.0266 | 0.9337 | 0.9157 | 0.9444
0531 | 12:49:34 |  14.9s | 1.0e-04 | 0.0238 | 0.9390 | 0.9402 | 0.9619 | 0.0266 | 0.9282 | 0.9212 | 0.9426
0532 | 12:50:01 |  24.5s | 1.0e-04 | 0.0243 | 0.9387 | 0.9397 | 0.9618 | 0.0270 | 0.9254 | 0.9297 | 0.9453
0533 | 12:50:36 |  14.8s | 1.0e-04 | 0.0245 | 0.9376 | 0.9407 | 0.9614 | 0.0255 | 0.9263 | 0.9257 | 0.9445
0534 | 12:51:02 |  14.7s | 1.0e-04 | 0.0245 | 0.9385 | 0.9410 | 0.9617 | 0.0255 | 0.9293 | 0.9263 | 0.9469
0535 | 12:51:28 |  14.9s | 1.0e-04 | 0.0243 | 0.9392 | 0.9412 | 0.9633 | 0.0264 | 0.9205 | 0.9328 | 0.9449
0536 | 12:51:54 |  14.8s | 1.0e-04 | 0.0249 | 0.9386 | 0.9398 | 0.9611 | 0.0260 | 0.9298 | 0.9242 | 0.9461
0537 | 12:52:20 |  14.8s | 1.0e-04 | 0.0248 | 0.9376 | 0.9406 | 0.9609 | 0.0254 | 0.9236 | 0.9324 | 0.9470
0538 | 12:52:46 |  14.8s | 1.0e-04 | 0.0248 | 0.9378 | 0.9399 | 0.9604 | 0.0260 | 0.9321 | 0.9187 | 0.9450
0539 | 12:53:12 |  14.8s | 1.0e-04 | 0.0245 | 0.9386 | 0.9407 | 0.9620 | 0.0262 | 0.9226 | 0.9382 | 0.9521
0540 | 12:53:38 |  25.6s | 1.0e-04 | 0.0238 | 0.9388 | 0.9411 | 0.9617 | 0.0267 | 0.9255 | 0.9258 | 0.9435
0541 | 12:54:14 |  15.4s | 1.0e-04 | 0.0238 | 0.9380 | 0.9410 | 0.9612 | 0.0254 | 0.9321 | 0.9234 | 0.9473
0542 | 12:54:41 |  15.4s | 1.0e-04 | 0.0238 | 0.9392 | 0.9405 | 0.9619 | 0.0260 | 0.9238 | 0.9264 | 0.9440
0543 | 12:55:08 |  15.4s | 1.0e-04 | 0.0233 | 0.9400 | 0.9411 | 0.9634 | 0.0272 | 0.9283 | 0.9277 | 0.9465
0544 | 12:55:34 |  15.4s | 1.0e-04 | 0.0235 | 0.9398 | 0.9419 | 0.9627 | 0.0259 | 0.9257 | 0.9250 | 0.9435
0545 | 12:56:00 |  15.4s | 1.0e-04 | 0.0235 | 0.9382 | 0.9416 | 0.9619 | 0.0266 | 0.9254 | 0.9251 | 0.9447
0546 | 12:56:27 |  15.3s | 1.0e-04 | 0.0234 | 0.9381 | 0.9401 | 0.9615 | 0.0256 | 0.9302 | 0.9269 | 0.9485
0547 | 12:56:53 |  24.9s | 1.0e-04 | 0.0234 | 0.9384 | 0.9406 | 0.9617 | 0.0264 | 0.9267 | 0.9296 | 0.9456
0548 | 12:57:29 |  14.7s | 1.0e-04 | 0.0229 | 0.9409 | 0.9418 | 0.9651 | 0.0261 | 0.9261 | 0.9303 | 0.9473
0549 | 12:57:55 |  14.8s | 1.0e-04 | 0.0229 | 0.9402 | 0.9436 | 0.9652 | 0.0254 | 0.9256 | 0.9291 | 0.9477
0550 | 12:58:21 |  14.7s | 1.0e-04 | 0.0227 | 0.9410 | 0.9442 | 0.9651 | 0.0257 | 0.9257 | 0.9309 | 0.9484
0551 | 12:58:47 |  14.6s | 1.0e-04 | 0.0226 | 0.9413 | 0.9435 | 0.9655 | 0.0264 | 0.9308 | 0.9217 | 0.9450
0552 | 12:59:12 |  14.7s | 1.0e-04 | 0.0229 | 0.9401 | 0.9432 | 0.9643 | 0.0265 | 0.9298 | 0.9241 | 0.9453
0553 | 12:59:38 |  14.7s | 1.0e-04 | 0.0224 | 0.9422 | 0.9440 | 0.9666 | 0.0268 | 0.9173 | 0.9349 | 0.9438
0554 | 13:00:04 |  14.7s | 1.0e-04 | 0.0227 | 0.9423 | 0.9443 | 0.9658 | 0.0260 | 0.9342 | 0.9154 | 0.9437
0555 | 13:00:29 |  24.6s | 1.0e-04 | 0.0229 | 0.9401 | 0.9421 | 0.9633 | 0.0261 | 0.9234 | 0.9278 | 0.9448
0556 | 13:01:05 |  14.8s | 1.0e-04 | 0.0227 | 0.9387 | 0.9416 | 0.9627 | 0.0267 | 0.9374 | 0.9098 | 0.9434
0557 | 13:01:31 |  14.7s | 1.0e-04 | 0.0227 | 0.9396 | 0.9422 | 0.9633 | 0.0267 | 0.9297 | 0.9234 | 0.9440
0558 | 13:01:57 |  14.8s | 1.0e-04 | 0.0228 | 0.9398 | 0.9432 | 0.9641 | 0.0270 | 0.9331 | 0.9170 | 0.9436
0559 | 13:02:23 |  14.8s | 1.0e-04 | 0.0228 | 0.9399 | 0.9414 | 0.9633 | 0.0265 | 0.9233 | 0.9297 | 0.9459
0560 | 13:02:48 |  14.9s | 1.0e-04 | 0.0231 | 0.9384 | 0.9414 | 0.9618 | 0.0271 | 0.9302 | 0.9247 | 0.9473
0561 | 13:03:14 |  14.8s | 1.0e-04 | 0.0229 | 0.9394 | 0.9414 | 0.9630 | 0.0272 | 0.9309 | 0.9076 | 0.9366
0562 | 13:03:40 |  14.8s | 1.0e-04 | 0.0226 | 0.9407 | 0.9410 | 0.9640 | 0.0267 | 0.9198 | 0.9268 | 0.9388
0563 | 13:04:06 |  28.7s | 1.0e-04 | 0.0228 | 0.9399 | 0.9409 | 0.9634 | 0.0260 | 0.9135 | 0.9430 | 0.9490
0564 | 13:04:46 |  15.2s | 1.0e-04 | 0.0230 | 0.9380 | 0.9391 | 0.9612 | 0.0275 | 0.9063 | 0.9434 | 0.9418
0565 | 13:05:12 |  15.1s | 1.0e-04 | 0.0229 | 0.9381 | 0.9408 | 0.9611 | 0.0261 | 0.9188 | 0.9288 | 0.9398
0566 | 13:05:39 |  15.1s | 1.0e-04 | 0.0229 | 0.9388 | 0.9402 | 0.9619 | 0.0263 | 0.9368 | 0.9061 | 0.9411
0567 | 13:06:05 |  15.0s | 1.0e-04 | 0.0229 | 0.9383 | 0.9397 | 0.9621 | 0.0266 | 0.9174 | 0.9271 | 0.9378
0568 | 13:06:31 |  15.0s | 1.0e-04 | 0.0231 | 0.9393 | 0.9396 | 0.9619 | 0.0272 | 0.9204 | 0.9347 | 0.9471
0569 | 13:06:57 |  15.1s | 1.0e-04 | 0.0229 | 0.9396 | 0.9408 | 0.9626 | 0.0265 | 0.9216 | 0.9337 | 0.9455
0570 | 13:07:23 |  15.1s | 1.0e-04 | 0.0227 | 0.9398 | 0.9408 | 0.9622 | 0.0265 | 0.9228 | 0.9291 | 0.9444
0571 | 13:07:49 |  26.3s | 1.0e-04 | 0.0226 | 0.9388 | 0.9408 | 0.9623 | 0.0268 | 0.9385 | 0.9118 | 0.9450
0572 | 13:08:27 |  15.3s | 1.0e-04 | 0.0226 | 0.9393 | 0.9408 | 0.9632 | 0.0261 | 0.9253 | 0.9248 | 0.9431
0573 | 13:08:53 |  15.3s | 1.0e-04 | 0.0222 | 0.9399 | 0.9411 | 0.9630 | 0.0253 | 0.9219 | 0.9334 | 0.9458
0574 | 13:09:20 |  15.3s | 1.0e-04 | 0.0217 | 0.9399 | 0.9421 | 0.9643 | 0.0263 | 0.9310 | 0.9196 | 0.9436
0575 | 13:09:46 |  15.2s | 1.0e-04 | 0.0223 | 0.9389 | 0.9407 | 0.9623 | 0.0259 | 0.9179 | 0.9369 | 0.9456
0576 | 13:10:12 |  15.2s | 1.0e-04 | 0.0219 | 0.9408 | 0.9428 | 0.9645 | 0.0266 | 0.9139 | 0.9303 | 0.9391
0577 | 13:10:39 |  15.3s | 1.0e-04 | 0.0222 | 0.9403 | 0.9419 | 0.9633 | 0.0259 | 0.9272 | 0.9278 | 0.9485
0578 | 13:11:05 |  15.3s | 1.0e-04 | 0.0223 | 0.9398 | 0.9408 | 0.9633 | 0.0261 | 0.9250 | 0.9298 | 0.9477
0579 | 13:11:31 |  24.3s | 1.0e-04 | 0.0235 | 0.9400 | 0.9412 | 0.9632 | 0.0262 | 0.9199 | 0.9329 | 0.9455
0580 | 13:12:07 |  15.3s | 1.0e-04 | 0.0237 | 0.9395 | 0.9426 | 0.9630 | 0.0264 | 0.9410 | 0.9155 | 0.9496
0581 | 13:12:33 |  15.3s | 1.0e-04 | 0.0236 | 0.9397 | 0.9420 | 0.9639 | 0.0266 | 0.9356 | 0.9140 | 0.9444
0582 | 13:13:00 |  15.3s | 1.0e-04 | 0.0237 | 0.9388 | 0.9410 | 0.9629 | 0.0262 | 0.9359 | 0.9163 | 0.9457
0583 | 13:13:26 |  15.4s | 1.0e-04 | 0.0233 | 0.9400 | 0.9423 | 0.9642 | 0.0270 | 0.9103 | 0.9431 | 0.9450
0584 | 13:13:52 |  15.4s | 1.0e-04 | 0.0237 | 0.9394 | 0.9420 | 0.9635 | 0.0273 | 0.9107 | 0.9408 | 0.9446
0585 | 13:14:19 |  15.3s | 1.0e-04 | 0.0240 | 0.9388 | 0.9403 | 0.9617 | 0.0255 | 0.9235 | 0.9378 | 0.9496
0586 | 13:14:45 |  26.4s | 1.0e-04 | 0.0239 | 0.9380 | 0.9425 | 0.9626 | 0.0261 | 0.9241 | 0.9246 | 0.9404
0587 | 13:15:23 |  14.9s | 1.0e-04 | 0.0236 | 0.9395 | 0.9428 | 0.9637 | 0.0259 | 0.9346 | 0.9170 | 0.9458
0588 | 13:15:49 |  14.9s | 1.0e-04 | 0.0235 | 0.9409 | 0.9438 | 0.9650 | 0.0250 | 0.9263 | 0.9311 | 0.9475
0589 | 13:16:15 |  14.9s | 1.0e-04 | 0.0235 | 0.9390 | 0.9414 | 0.9625 | 0.0251 | 0.9226 | 0.9333 | 0.9471
0590 | 13:16:41 |  14.9s | 1.0e-04 | 0.0239 | 0.9387 | 0.9411 | 0.9628 | 0.0259 | 0.9358 | 0.9212 | 0.9493
0591 | 13:17:07 |  15.0s | 1.0e-04 | 0.0236 | 0.9391 | 0.9415 | 0.9627 | 0.0264 | 0.9110 | 0.9434 | 0.9459
0592 | 13:17:33 |  15.0s | 1.0e-04 | 0.0235 | 0.9390 | 0.9418 | 0.9635 | 0.0251 | 0.9310 | 0.9163 | 0.9415
0593 | 13:17:59 |  14.9s | 1.0e-04 | 0.0238 | 0.9399 | 0.9429 | 0.9638 | 0.0255 | 0.9324 | 0.9254 | 0.9499
0594 | 13:18:25 |  28.6s | 1.0e-04 | 0.0230 | 0.9409 | 0.9430 | 0.9646 | 0.0265 | 0.9286 | 0.9322 | 0.9489
0595 | 13:19:05 |  15.1s | 1.0e-04 | 0.0227 | 0.9396 | 0.9427 | 0.9640 | 0.0258 | 0.9246 | 0.9262 | 0.9438
0596 | 13:19:31 |  15.0s | 1.0e-04 | 0.0222 | 0.9419 | 0.9441 | 0.9665 | 0.0265 | 0.9201 | 0.9327 | 0.9446
0597 | 13:19:57 |  15.0s | 1.0e-04 | 0.0222 | 0.9412 | 0.9416 | 0.9649 | 0.0275 | 0.9275 | 0.9224 | 0.9436
0598 | 13:20:23 |  15.2s | 1.0e-04 | 0.0233 | 0.9385 | 0.9411 | 0.9624 | 0.0260 | 0.9305 | 0.9222 | 0.9448
0599 | 13:20:49 |  15.1s | 1.0e-04 | 0.0224 | 0.9398 | 0.9424 | 0.9637 | 0.0258 | 0.9271 | 0.9270 | 0.9465
0600 | 13:21:15 |  15.0s | 1.0e-04 | 0.0221 | 0.9415 | 0.9432 | 0.9653 | 0.0265 | 0.9285 | 0.9151 | 0.9397
0601 | 13:21:41 |  15.0s | 1.0e-04 | 0.0219 | 0.9409 | 0.9436 | 0.9650 | 0.0256 | 0.9263 | 0.9255 | 0.9441
0602 | 13:22:07 |  25.4s | 1.0e-04 | 0.0224 | 0.9401 | 0.9432 | 0.9641 | 0.0268 | 0.9315 | 0.9194 | 0.9436
0603 | 13:22:44 |  14.6s | 1.0e-04 | 0.0229 | 0.9412 | 0.9436 | 0.9653 | 0.0255 | 0.9212 | 0.9355 | 0.9477
0604 | 13:23:09 |  14.5s | 1.0e-04 | 0.0226 | 0.9406 | 0.9444 | 0.9647 | 0.0263 | 0.9336 | 0.9221 | 0.9488
0605 | 13:23:35 |  14.5s | 1.0e-04 | 0.0226 | 0.9419 | 0.9454 | 0.9667 | 0.0257 | 0.9333 | 0.9193 | 0.9460
0606 | 13:24:00 |  14.6s | 1.0e-04 | 0.0224 | 0.9433 | 0.9454 | 0.9671 | 0.0263 | 0.9269 | 0.9301 | 0.9491
0607 | 13:24:26 |  14.5s | 1.0e-04 | 0.0225 | 0.9427 | 0.9430 | 0.9664 | 0.0256 | 0.9159 | 0.9390 | 0.9461
0608 | 13:24:51 |  14.5s | 1.0e-04 | 0.0225 | 0.9427 | 0.9444 | 0.9669 | 0.0257 | 0.9218 | 0.9334 | 0.9471
0609 | 13:25:17 |  14.5s | 1.0e-04 | 0.0223 | 0.9421 | 0.9448 | 0.9672 | 0.0262 | 0.9347 | 0.9252 | 0.9503
0610 | 13:25:43 |  30.9s | 1.0e-04 | 0.0226 | 0.9426 | 0.9445 | 0.9670 | 0.0255 | 0.9130 | 0.9403 | 0.9478
0611 | 13:26:25 |  14.8s | 1.0e-04 | 0.0229 | 0.9397 | 0.9434 | 0.9645 | 0.0260 | 0.9332 | 0.9216 | 0.9456
0612 | 13:26:51 |  14.8s | 1.0e-04 | 0.0228 | 0.9418 | 0.9451 | 0.9670 | 0.0262 | 0.9171 | 0.9421 | 0.9494
0613 | 13:27:17 |  14.8s | 1.0e-04 | 0.0227 | 0.9420 | 0.9452 | 0.9664 | 0.0256 | 0.9233 | 0.9334 | 0.9474
0614 | 13:27:42 |  14.8s | 1.0e-04 | 0.0225 | 0.9415 | 0.9439 | 0.9661 | 0.0256 | 0.9235 | 0.9387 | 0.9507
0615 | 13:28:08 |  14.8s | 1.0e-04 | 0.0227 | 0.9412 | 0.9450 | 0.9655 | 0.0258 | 0.9171 | 0.9404 | 0.9477
0616 | 13:28:34 |  14.8s | 1.0e-04 | 0.0232 | 0.9413 | 0.9438 | 0.9650 | 0.0268 | 0.9240 | 0.9324 | 0.9468
0617 | 13:29:00 |  14.8s | 1.0e-04 | 0.0228 | 0.9417 | 0.9449 | 0.9657 | 0.0258 | 0.9332 | 0.9222 | 0.9482
0618 | 13:29:26 |  25.5s | 1.0e-04 | 0.0223 | 0.9408 | 0.9428 | 0.9651 | 0.0256 | 0.9256 | 0.9269 | 0.9450
0619 | 13:30:03 |  15.0s | 1.0e-04 | 0.0222 | 0.9410 | 0.9439 | 0.9657 | 0.0256 | 0.9279 | 0.9240 | 0.9438
0620 | 13:30:29 |  15.0s | 1.0e-04 | 0.0225 | 0.9410 | 0.9432 | 0.9654 | 0.0253 | 0.9267 | 0.9324 | 0.9482
0621 | 13:30:55 |  14.9s | 1.0e-04 | 0.0223 | 0.9413 | 0.9432 | 0.9651 | 0.0264 | 0.9301 | 0.9246 | 0.9459
0622 | 13:31:21 |  15.0s | 1.0e-04 | 0.0221 | 0.9411 | 0.9438 | 0.9658 | 0.0261 | 0.9197 | 0.9362 | 0.9454
0623 | 13:31:47 |  15.0s | 1.0e-04 | 0.0227 | 0.9408 | 0.9436 | 0.9651 | 0.0257 | 0.9137 | 0.9389 | 0.9436
0624 | 13:32:13 |  15.0s | 1.0e-04 | 0.0225 | 0.9413 | 0.9432 | 0.9647 | 0.0252 | 0.9392 | 0.9196 | 0.9510
0625 | 13:32:39 |  15.0s | 1.0e-04 | 0.0218 | 0.9419 | 0.9440 | 0.9656 | 0.0260 | 0.9158 | 0.9421 | 0.9488
0626 | 13:33:08 |  15.2s | 1.0e-04 | 0.0220 | 0.9410 | 0.9418 | 0.9645 | 0.0263 | 0.9052 | 0.9463 | 0.9482
0627 | 13:33:35 |  15.0s | 1.0e-04 | 0.0218 | 0.9398 | 0.9435 | 0.9642 | 0.0266 | 0.9031 | 0.9401 | 0.9372
0628 | 13:34:01 |  15.1s | 1.0e-04 | 0.0222 | 0.9397 | 0.9404 | 0.9626 | 0.0255 | 0.9215 | 0.9308 | 0.9456
0629 | 13:34:27 |  15.0s | 1.0e-04 | 0.0217 | 0.9409 | 0.9425 | 0.9655 | 0.0254 | 0.9238 | 0.9337 | 0.9472
0630 | 13:34:53 |  15.1s | 1.0e-04 | 0.0222 | 0.9414 | 0.9419 | 0.9642 | 0.0260 | 0.9256 | 0.9312 | 0.9487
0631 | 13:35:19 |  15.1s | 1.0e-04 | 0.0219 | 0.9409 | 0.9424 | 0.9655 | 0.0258 | 0.9230 | 0.9348 | 0.9465
0632 | 13:35:46 |  15.1s | 1.0e-04 | 0.0219 | 0.9405 | 0.9423 | 0.9641 | 0.0249 | 0.9303 | 0.9273 | 0.9472
0633 | 13:36:12 |  24.6s | 1.0e-04 | 0.0222 | 0.9397 | 0.9420 | 0.9639 | 0.0253 | 0.9202 | 0.9404 | 0.9483
0634 | 13:36:48 |  15.0s | 1.0e-04 | 0.0223 | 0.9409 | 0.9428 | 0.9645 | 0.0257 | 0.9308 | 0.9253 | 0.9471
0635 | 13:37:15 |  15.1s | 1.0e-04 | 0.0222 | 0.9418 | 0.9441 | 0.9654 | 0.0253 | 0.9315 | 0.9323 | 0.9520
0636 | 13:37:41 |  15.0s | 1.0e-04 | 0.0225 | 0.9410 | 0.9444 | 0.9652 | 0.0255 | 0.9188 | 0.9372 | 0.9478
0637 | 13:38:07 |  15.1s | 1.0e-04 | 0.0227 | 0.9400 | 0.9429 | 0.9641 | 0.0255 | 0.9344 | 0.9214 | 0.9472
0638 | 13:38:33 |  15.0s | 1.0e-04 | 0.0225 | 0.9402 | 0.9422 | 0.9644 | 0.0253 | 0.9275 | 0.9355 | 0.9518
0639 | 13:39:00 |  15.1s | 1.0e-04 | 0.0225 | 0.9416 | 0.9432 | 0.9657 | 0.0259 | 0.9325 | 0.9180 | 0.9446
0640 | 13:39:26 |  15.0s | 1.0e-04 | 0.0222 | 0.9412 | 0.9437 | 0.9658 | 0.0259 | 0.9331 | 0.9241 | 0.9473
0641 | 13:39:53 |  27.3s | 1.0e-04 | 0.0227 | 0.9404 | 0.9414 | 0.9637 | 0.0251 | 0.9330 | 0.9258 | 0.9503
0642 | 13:40:31 |  15.1s | 1.0e-04 | 0.0232 | 0.9390 | 0.9384 | 0.9618 | 0.0253 | 0.9265 | 0.9288 | 0.9477
0643 | 13:40:57 |  15.0s | 1.0e-04 | 0.0230 | 0.9385 | 0.9397 | 0.9623 | 0.0244 | 0.9224 | 0.9351 | 0.9468
0644 | 13:41:24 |  15.2s | 1.0e-04 | 0.0231 | 0.9386 | 0.9400 | 0.9615 | 0.0259 | 0.9285 | 0.9278 | 0.9470
0645 | 13:41:50 |  15.1s | 1.0e-04 | 0.0228 | 0.9391 | 0.9397 | 0.9619 | 0.0258 | 0.9335 | 0.9155 | 0.9432
0646 | 13:42:17 |  15.1s | 1.0e-04 | 0.0232 | 0.9383 | 0.9393 | 0.9612 | 0.0258 | 0.9421 | 0.9129 | 0.9500
0647 | 13:42:43 |  15.2s | 1.0e-04 | 0.0231 | 0.9379 | 0.9390 | 0.9611 | 0.0252 | 0.9261 | 0.9307 | 0.9452
0648 | 13:43:10 |  15.1s | 1.0e-04 | 0.0229 | 0.9388 | 0.9402 | 0.9619 | 0.0252 | 0.9182 | 0.9354 | 0.9460
0649 | 13:43:36 |  26.4s | 1.0e-04 | 0.0233 | 0.9386 | 0.9413 | 0.9624 | 0.0245 | 0.9292 | 0.9309 | 0.9505
0650 | 13:44:14 |  14.6s | 1.0e-04 | 0.0227 | 0.9423 | 0.9460 | 0.9666 | 0.0258 | 0.9253 | 0.9296 | 0.9454
0651 | 13:44:40 |  14.6s | 1.0e-04 | 0.0228 | 0.9430 | 0.9469 | 0.9674 | 0.0256 | 0.9197 | 0.9400 | 0.9495
0652 | 13:45:06 |  14.6s | 1.0e-04 | 0.0229 | 0.9415 | 0.9452 | 0.9656 | 0.0266 | 0.9293 | 0.9247 | 0.9445
0653 | 13:45:32 |  14.5s | 1.0e-04 | 0.0230 | 0.9423 | 0.9454 | 0.9671 | 0.0256 | 0.9209 | 0.9351 | 0.9474
0654 | 13:45:58 |  14.6s | 1.0e-04 | 0.0227 | 0.9420 | 0.9453 | 0.9664 | 0.0259 | 0.9318 | 0.9217 | 0.9459
0655 | 13:46:24 |  14.6s | 1.0e-04 | 0.0231 | 0.9427 | 0.9451 | 0.9668 | 0.0261 | 0.9303 | 0.9273 | 0.9480
0656 | 13:46:50 |  14.6s | 1.0e-04 | 0.0241 | 0.9403 | 0.9424 | 0.9652 | 0.0252 | 0.9239 | 0.9338 | 0.9472
0657 | 13:47:16 |  27.6s | 1.0e-04 | 0.0224 | 0.9411 | 0.9424 | 0.9651 | 0.0254 | 0.9224 | 0.9337 | 0.9466
0658 | 13:47:55 |  14.9s | 1.0e-04 | 0.0218 | 0.9401 | 0.9420 | 0.9640 | 0.0253 | 0.9280 | 0.9330 | 0.9505
0659 | 13:48:21 |  14.7s | 1.0e-04 | 0.0217 | 0.9404 | 0.9417 | 0.9641 | 0.0251 | 0.9250 | 0.9289 | 0.9453
0660 | 13:48:48 |  14.7s | 1.0e-04 | 0.0220 | 0.9410 | 0.9421 | 0.9646 | 0.0253 | 0.9322 | 0.9253 | 0.9486
0661 | 13:49:14 |  14.8s | 1.0e-04 | 0.0216 | 0.9412 | 0.9431 | 0.9655 | 0.0254 | 0.9361 | 0.9223 | 0.9487
0662 | 13:49:40 |  14.7s | 1.0e-04 | 0.0218 | 0.9417 | 0.9431 | 0.9659 | 0.0249 | 0.9326 | 0.9265 | 0.9502
0663 | 13:50:06 |  14.7s | 1.0e-04 | 0.0216 | 0.9412 | 0.9436 | 0.9652 | 0.0259 | 0.9166 | 0.9350 | 0.9442
0664 | 13:50:32 |  14.7s | 1.0e-04 | 0.0216 | 0.9427 | 0.9436 | 0.9666 | 0.0249 | 0.9265 | 0.9297 | 0.9473
0665 | 13:50:58 |  24.4s | 1.0e-04 | 0.0225 | 0.9404 | 0.9418 | 0.9643 | 0.0254 | 0.9171 | 0.9396 | 0.9491
0666 | 13:51:34 |  15.1s | 1.0e-04 | 0.0230 | 0.9403 | 0.9425 | 0.9634 | 0.0264 | 0.9171 | 0.9419 | 0.9486
0667 | 13:52:01 |  15.0s | 1.0e-04 | 0.0227 | 0.9403 | 0.9420 | 0.9639 | 0.0257 | 0.9253 | 0.9295 | 0.9451
0668 | 13:52:27 |  15.1s | 1.0e-04 | 0.0226 | 0.9405 | 0.9427 | 0.9642 | 0.0272 | 0.9142 | 0.9415 | 0.9463
0669 | 13:52:54 |  15.1s | 1.0e-04 | 0.0224 | 0.9407 | 0.9418 | 0.9649 | 0.0260 | 0.9292 | 0.9306 | 0.9506
0670 | 13:53:20 |  15.0s | 1.0e-04 | 0.0225 | 0.9414 | 0.9418 | 0.9651 | 0.0261 | 0.9245 | 0.9407 | 0.9523
0671 | 13:53:46 |  15.1s | 1.0e-04 | 0.0228 | 0.9409 | 0.9425 | 0.9644 | 0.0249 | 0.9156 | 0.9444 | 0.9490
0672 | 13:54:13 |  27.5s | 1.0e-04 | 0.0224 | 0.9419 | 0.9446 | 0.9659 | 0.0250 | 0.9254 | 0.9343 | 0.9494
0673 | 13:54:52 |  14.4s | 1.0e-04 | 0.0223 | 0.9420 | 0.9460 | 0.9666 | 0.0252 | 0.9207 | 0.9349 | 0.9494
0674 | 13:55:18 |  14.4s | 1.0e-04 | 0.0221 | 0.9435 | 0.9475 | 0.9686 | 0.0263 | 0.9289 | 0.9218 | 0.9435
0675 | 13:55:43 |  14.4s | 1.0e-04 | 0.0223 | 0.9421 | 0.9458 | 0.9672 | 0.0244 | 0.9254 | 0.9335 | 0.9496
0676 | 13:56:09 |  14.4s | 1.0e-04 | 0.0218 | 0.9436 | 0.9464 | 0.9691 | 0.0248 | 0.9294 | 0.9332 | 0.9525
0677 | 13:56:35 |  14.4s | 1.0e-04 | 0.0221 | 0.9433 | 0.9459 | 0.9680 | 0.0247 | 0.9309 | 0.9276 | 0.9502
0678 | 13:57:01 |  14.4s | 1.0e-04 | 0.0224 | 0.9430 | 0.9452 | 0.9672 | 0.0242 | 0.9250 | 0.9356 | 0.9499
0679 | 13:57:27 |  14.4s | 1.0e-04 | 0.0222 | 0.9429 | 0.9463 | 0.9679 | 0.0254 | 0.9218 | 0.9338 | 0.9498
0680 | 13:57:52 |  26.2s | 1.0e-04 | 0.0229 | 0.9410 | 0.9450 | 0.9657 | 0.0261 | 0.9194 | 0.9389 | 0.9462
0681 | 13:58:30 |  14.6s | 1.0e-04 | 0.0218 | 0.9418 | 0.9427 | 0.9661 | 0.0254 | 0.9310 | 0.9307 | 0.9502
0682 | 13:58:56 |  14.6s | 1.0e-04 | 0.0221 | 0.9422 | 0.9445 | 0.9665 | 0.0252 | 0.9289 | 0.9290 | 0.9493
0683 | 13:59:22 |  14.6s | 1.0e-04 | 0.0218 | 0.9432 | 0.9452 | 0.9672 | 0.0256 | 0.9265 | 0.9285 | 0.9461
0684 | 13:59:48 |  14.5s | 1.0e-04 | 0.0214 | 0.9437 | 0.9459 | 0.9688 | 0.0259 | 0.9289 | 0.9278 | 0.9485
0685 | 14:00:14 |  14.5s | 1.0e-04 | 0.0217 | 0.9424 | 0.9463 | 0.9674 | 0.0260 | 0.9304 | 0.9172 | 0.9425
0686 | 14:00:40 |  14.5s | 1.0e-04 | 0.0219 | 0.9423 | 0.9455 | 0.9661 | 0.0251 | 0.9337 | 0.9268 | 0.9507
0687 | 14:01:06 |  14.5s | 1.0e-04 | 0.0220 | 0.9431 | 0.9440 | 0.9669 | 0.0249 | 0.9314 | 0.9189 | 0.9446
0688 | 14:01:32 |  33.5s | 1.0e-04 | 0.0221 | 0.9425 | 0.9452 | 0.9670 | 0.0257 | 0.9312 | 0.9288 | 0.9505
0689 | 14:02:17 |  14.6s | 1.0e-04 | 0.0225 | 0.9415 | 0.9442 | 0.9664 | 0.0258 | 0.9328 | 0.9201 | 0.9448
0690 | 14:02:43 |  14.7s | 1.0e-04 | 0.0223 | 0.9435 | 0.9459 | 0.9667 | 0.0252 | 0.9249 | 0.9396 | 0.9537
0691 | 14:03:09 |  14.7s | 1.0e-04 | 0.0227 | 0.9420 | 0.9450 | 0.9667 | 0.0262 | 0.9210 | 0.9379 | 0.9493
0692 | 14:03:35 |  14.7s | 1.0e-04 | 0.0228 | 0.9406 | 0.9438 | 0.9654 | 0.0247 | 0.9304 | 0.9298 | 0.9500
0693 | 14:04:01 |  14.7s | 1.0e-04 | 0.0230 | 0.9417 | 0.9445 | 0.9661 | 0.0253 | 0.9232 | 0.9300 | 0.9458
0694 | 14:04:27 |  14.8s | 1.0e-04 | 0.0228 | 0.9424 | 0.9448 | 0.9665 | 0.0250 | 0.9239 | 0.9323 | 0.9467
0695 | 14:04:53 |  23.0s | 1.0e-04 | 0.0228 | 0.9413 | 0.9440 | 0.9652 | 0.0250 | 0.9227 | 0.9400 | 0.9516
0696 | 14:05:28 |  23.9s | 1.0e-04 | 0.0222 | 0.9436 | 0.9457 | 0.9667 | 0.0252 | 0.9213 | 0.9382 | 0.9498
0697 | 14:06:03 |  14.8s | 1.0e-04 | 0.0219 | 0.9435 | 0.9466 | 0.9683 | 0.0258 | 0.9316 | 0.9257 | 0.9486
0698 | 14:06:29 |  14.7s | 1.0e-04 | 0.0223 | 0.9431 | 0.9461 | 0.9670 | 0.0250 | 0.9279 | 0.9312 | 0.9486
0699 | 14:06:55 |  14.7s | 1.0e-04 | 0.0221 | 0.9440 | 0.9457 | 0.9678 | 0.0267 | 0.9175 | 0.9351 | 0.9466
0700 | 14:07:22 |  14.7s | 1.0e-04 | 0.0217 | 0.9433 | 0.9477 | 0.9686 | 0.0263 | 0.9335 | 0.9169 | 0.9446
0701 | 14:07:48 |  14.8s | 1.0e-04 | 0.0219 | 0.9437 | 0.9470 | 0.9685 | 0.0252 | 0.9252 | 0.9349 | 0.9490
0702 | 14:08:14 |  14.8s | 1.0e-04 | 0.0220 | 0.9428 | 0.9464 | 0.9673 | 0.0250 | 0.9361 | 0.9302 | 0.9536
0703 | 14:08:40 |  23.1s | 1.0e-04 | 0.0219 | 0.9436 | 0.9461 | 0.9683 | 0.0262 | 0.9086 | 0.9484 | 0.9505
0704 | 14:09:14 |  24.1s | 1.0e-04 | 0.0218 | 0.9419 | 0.9436 | 0.9658 | 0.0254 | 0.9324 | 0.9225 | 0.9478
0705 | 14:09:50 |  14.9s | 1.0e-04 | 0.0218 | 0.9420 | 0.9441 | 0.9659 | 0.0248 | 0.9216 | 0.9427 | 0.9523
0706 | 14:10:16 |  14.9s | 1.0e-04 | 0.0218 | 0.9417 | 0.9434 | 0.9656 | 0.0258 | 0.9295 | 0.9249 | 0.9464
0707 | 14:10:43 |  14.9s | 1.0e-04 | 0.0218 | 0.9424 | 0.9448 | 0.9670 | 0.0253 | 0.9206 | 0.9412 | 0.9495
0708 | 14:11:09 |  14.9s | 1.0e-04 | 0.0217 | 0.9419 | 0.9437 | 0.9656 | 0.0256 | 0.9312 | 0.9203 | 0.9454
0709 | 14:11:35 |  14.9s | 1.0e-04 | 0.0217 | 0.9418 | 0.9450 | 0.9666 | 0.0252 | 0.9287 | 0.9310 | 0.9494
0710 | 14:12:02 |  14.9s | 1.0e-04 | 0.0219 | 0.9424 | 0.9432 | 0.9659 | 0.0252 | 0.9181 | 0.9379 | 0.9462
0711 | 14:12:28 |  34.4s | 1.0e-04 | 0.0221 | 0.9411 | 0.9428 | 0.9647 | 0.0244 | 0.9357 | 0.9249 | 0.9512
0712 | 14:13:14 |  15.5s | 1.0e-04 | 0.0218 | 0.9416 | 0.9444 | 0.9661 | 0.0248 | 0.9293 | 0.9254 | 0.9466
0713 | 14:13:41 |  15.5s | 1.0e-04 | 0.0216 | 0.9435 | 0.9447 | 0.9670 | 0.0249 | 0.9201 | 0.9354 | 0.9487
0714 | 14:14:08 |  15.6s | 1.0e-04 | 0.0216 | 0.9413 | 0.9445 | 0.9663 | 0.0243 | 0.9323 | 0.9224 | 0.9474
0715 | 14:14:35 |  15.5s | 1.0e-04 | 0.0214 | 0.9434 | 0.9439 | 0.9673 | 0.0256 | 0.9343 | 0.9206 | 0.9459
0716 | 14:15:02 |  15.4s | 1.0e-04 | 0.0220 | 0.9423 | 0.9445 | 0.9669 | 0.0246 | 0.9277 | 0.9340 | 0.9522
0717 | 14:15:29 |  15.4s | 1.0e-04 | 0.0218 | 0.9416 | 0.9431 | 0.9656 | 0.0247 | 0.9343 | 0.9295 | 0.9525
0718 | 14:15:55 |  15.5s | 1.0e-04 | 0.0214 | 0.9419 | 0.9435 | 0.9658 | 0.0254 | 0.9301 | 0.9292 | 0.9505
0719 | 14:16:22 |  32.6s | 1.0e-04 | 0.0219 | 0.9429 | 0.9456 | 0.9676 | 0.0248 | 0.9332 | 0.9277 | 0.9496
0720 | 14:17:06 |  15.0s | 1.0e-04 | 0.0221 | 0.9435 | 0.9478 | 0.9683 | 0.0256 | 0.9301 | 0.9292 | 0.9499
0721 | 14:17:32 |  15.0s | 1.0e-04 | 0.0221 | 0.9437 | 0.9467 | 0.9687 | 0.0254 | 0.9256 | 0.9351 | 0.9500
0722 | 14:17:59 |  15.1s | 1.0e-04 | 0.0220 | 0.9427 | 0.9467 | 0.9679 | 0.0252 | 0.9271 | 0.9326 | 0.9489
0723 | 14:18:25 |  14.9s | 1.0e-04 | 0.0223 | 0.9430 | 0.9464 | 0.9678 | 0.0259 | 0.9181 | 0.9374 | 0.9473
0724 | 14:18:52 |  15.0s | 1.0e-04 | 0.0221 | 0.9434 | 0.9465 | 0.9674 | 0.0242 | 0.9304 | 0.9287 | 0.9491
0725 | 14:19:18 |  14.9s | 1.0e-04 | 0.0221 | 0.9441 | 0.9475 | 0.9686 | 0.0256 | 0.9204 | 0.9397 | 0.9503
0726 | 14:19:44 |  15.1s | 1.0e-04 | 0.0225 | 0.9433 | 0.9464 | 0.9675 | 0.0245 | 0.9352 | 0.9264 | 0.9505
0727 | 14:20:11 |  32.7s | 1.0e-04 | 0.0225 | 0.9416 | 0.9442 | 0.9661 | 0.0257 | 0.9392 | 0.9147 | 0.9472
0728 | 14:20:55 |  14.7s | 1.0e-04 | 0.0228 | 0.9398 | 0.9414 | 0.9632 | 0.0252 | 0.9298 | 0.9293 | 0.9494
0729 | 14:21:21 |  14.7s | 1.0e-04 | 0.0227 | 0.9405 | 0.9413 | 0.9640 | 0.0250 | 0.9288 | 0.9349 | 0.9515
0730 | 14:21:47 |  14.7s | 1.0e-04 | 0.0221 | 0.9413 | 0.9442 | 0.9653 | 0.0239 | 0.9255 | 0.9373 | 0.9519
0731 | 14:22:13 |  14.7s | 1.0e-04 | 0.0225 | 0.9411 | 0.9428 | 0.9650 | 0.0246 | 0.9328 | 0.9287 | 0.9515
0732 | 14:22:39 |  14.7s | 1.0e-04 | 0.0223 | 0.9420 | 0.9428 | 0.9658 | 0.0254 | 0.9186 | 0.9444 | 0.9529
0733 | 14:23:05 |  14.7s | 1.0e-04 | 0.0225 | 0.9409 | 0.9419 | 0.9639 | 0.0244 | 0.9276 | 0.9329 | 0.9510
0734 | 14:23:31 |  23.5s | 1.0e-04 | 0.0225 | 0.9414 | 0.9432 | 0.9649 | 0.0249 | 0.9286 | 0.9304 | 0.9488
0735 | 14:24:06 |  23.6s | 1.0e-04 | 0.0213 | 0.9439 | 0.9467 | 0.9687 | 0.0246 | 0.9325 | 0.9269 | 0.9509
0736 | 14:24:41 |  15.0s | 1.0e-04 | 0.0215 | 0.9440 | 0.9484 | 0.9688 | 0.0247 | 0.9266 | 0.9325 | 0.9490
0737 | 14:25:07 |  15.0s | 1.0e-04 | 0.0216 | 0.9439 | 0.9464 | 0.9683 | 0.0244 | 0.9297 | 0.9322 | 0.9511
0738 | 14:25:34 |  15.0s | 1.0e-04 | 0.0217 | 0.9432 | 0.9467 | 0.9683 | 0.0245 | 0.9261 | 0.9394 | 0.9536
0739 | 14:26:00 |  14.9s | 1.0e-04 | 0.0216 | 0.9436 | 0.9472 | 0.9686 | 0.0250 | 0.9292 | 0.9303 | 0.9509
0740 | 14:26:27 |  15.0s | 1.0e-04 | 0.0215 | 0.9435 | 0.9480 | 0.9690 | 0.0247 | 0.9263 | 0.9293 | 0.9478
0741 | 14:26:53 |  14.9s | 1.0e-04 | 0.0211 | 0.9446 | 0.9481 | 0.9697 | 0.0247 | 0.9301 | 0.9283 | 0.9488
0742 | 14:27:19 |  22.5s | 1.0e-04 | 0.0212 | 0.9442 | 0.9473 | 0.9692 | 0.0249 | 0.9372 | 0.9269 | 0.9541
0743 | 14:27:53 |  23.0s | 1.0e-04 | 0.0213 | 0.9433 | 0.9464 | 0.9679 | 0.0251 | 0.9289 | 0.9324 | 0.9502
0744 | 14:28:27 |  14.6s | 1.0e-04 | 0.0212 | 0.9442 | 0.9467 | 0.9693 | 0.0249 | 0.9190 | 0.9410 | 0.9495
0745 | 14:28:53 |  14.7s | 1.0e-04 | 0.0207 | 0.9448 | 0.9480 | 0.9697 | 0.0258 | 0.9319 | 0.9247 | 0.9491
0746 | 14:29:20 |  14.6s | 1.0e-04 | 0.0211 | 0.9435 | 0.9467 | 0.9694 | 0.0250 | 0.9255 | 0.9332 | 0.9475
0747 | 14:29:46 |  14.7s | 1.0e-04 | 0.0208 | 0.9445 | 0.9476 | 0.9698 | 0.0241 | 0.9248 | 0.9382 | 0.9529
0748 | 14:30:12 |  14.6s | 1.0e-04 | 0.0210 | 0.9431 | 0.9468 | 0.9683 | 0.0250 | 0.9254 | 0.9350 | 0.9503
0749 | 14:30:38 |  14.7s | 1.0e-04 | 0.0210 | 0.9442 | 0.9469 | 0.9695 | 0.0246 | 0.9383 | 0.9262 | 0.9535
0750 | 14:31:03 |  22.5s | 1.0e-04 | 0.0213 | 0.9441 | 0.9465 | 0.9687 | 0.0252 | 0.9376 | 0.9283 | 0.9539
0751 | 14:31:40 |  14.6s | 1.0e-04 | 0.0230 | 0.9421 | 0.9459 | 0.9670 | 0.0248 | 0.9340 | 0.9245 | 0.9492
0752 | 14:32:05 |  14.6s | 1.0e-04 | 0.0230 | 0.9415 | 0.9466 | 0.9667 | 0.0249 | 0.9351 | 0.9233 | 0.9512
0753 | 14:32:31 |  14.7s | 1.0e-04 | 0.0230 | 0.9419 | 0.9442 | 0.9663 | 0.0246 | 0.9323 | 0.9364 | 0.9546
0754 | 14:32:57 |  14.6s | 1.0e-04 | 0.0229 | 0.9426 | 0.9452 | 0.9674 | 0.0256 | 0.9267 | 0.9300 | 0.9477
0755 | 14:33:23 |  14.6s | 1.0e-04 | 0.0230 | 0.9420 | 0.9452 | 0.9665 | 0.0245 | 0.9376 | 0.9260 | 0.9520
0756 | 14:33:49 |  14.7s | 1.0e-04 | 0.0235 | 0.9417 | 0.9446 | 0.9664 | 0.0251 | 0.9167 | 0.9455 | 0.9535
0757 | 14:34:15 |  14.7s | 1.0e-04 | 0.0231 | 0.9431 | 0.9447 | 0.9676 | 0.0243 | 0.9316 | 0.9288 | 0.9504
0758 | 14:34:41 |  33.1s | 1.0e-04 | 0.0227 | 0.9432 | 0.9458 | 0.9673 | 0.0250 | 0.9320 | 0.9349 | 0.9538
0759 | 14:35:25 |  14.8s | 1.0e-04 | 0.0220 | 0.9424 | 0.9453 | 0.9671 | 0.0251 | 0.9313 | 0.9326 | 0.9518
0760 | 14:35:51 |  14.8s | 1.0e-04 | 0.0221 | 0.9428 | 0.9442 | 0.9664 | 0.0246 | 0.9280 | 0.9370 | 0.9519
0761 | 14:36:17 |  14.8s | 1.0e-04 | 0.0218 | 0.9432 | 0.9455 | 0.9675 | 0.0252 | 0.9188 | 0.9427 | 0.9512
0762 | 14:36:43 |  14.9s | 1.0e-04 | 0.0215 | 0.9435 | 0.9461 | 0.9686 | 0.0241 | 0.9382 | 0.9200 | 0.9500
0763 | 14:37:09 |  14.8s | 1.0e-04 | 0.0217 | 0.9432 | 0.9453 | 0.9679 | 0.0242 | 0.9297 | 0.9340 | 0.9514
0764 | 14:37:35 |  15.0s | 1.0e-04 | 0.0223 | 0.9427 | 0.9443 | 0.9665 | 0.0241 | 0.9263 | 0.9432 | 0.9582
0765 | 14:38:01 |  14.8s | 1.0e-04 | 0.0215 | 0.9437 | 0.9449 | 0.9675 | 0.0253 | 0.9385 | 0.9142 | 0.9473
0766 | 14:38:27 |  34.9s | 1.0e-04 | 0.0216 | 0.9424 | 0.9436 | 0.9663 | 0.0244 | 0.9379 | 0.9263 | 0.9539
0767 | 14:39:13 |  15.0s | 1.0e-04 | 0.0213 | 0.9429 | 0.9442 | 0.9668 | 0.0248 | 0.9306 | 0.9295 | 0.9507
0768 | 14:39:39 |  15.0s | 1.0e-04 | 0.0214 | 0.9426 | 0.9448 | 0.9673 | 0.0253 | 0.9226 | 0.9408 | 0.9510
0769 | 14:40:06 |  15.0s | 1.0e-04 | 0.0211 | 0.9431 | 0.9439 | 0.9676 | 0.0252 | 0.9240 | 0.9361 | 0.9500
0770 | 14:40:32 |  15.1s | 1.0e-04 | 0.0211 | 0.9428 | 0.9444 | 0.9676 | 0.0244 | 0.9284 | 0.9345 | 0.9522
0771 | 14:40:58 |  15.0s | 1.0e-04 | 0.0213 | 0.9425 | 0.9440 | 0.9666 | 0.0244 | 0.9333 | 0.9361 | 0.9559
0772 | 14:41:24 |  15.0s | 1.0e-04 | 0.0213 | 0.9435 | 0.9449 | 0.9670 | 0.0245 | 0.9356 | 0.9194 | 0.9469
0773 | 14:41:50 |  24.3s | 1.0e-04 | 0.0209 | 0.9434 | 0.9450 | 0.9673 | 0.0255 | 0.9187 | 0.9315 | 0.9422
0774 | 14:42:26 |  24.3s | 1.0e-04 | 0.0214 | 0.9454 | 0.9480 | 0.9691 | 0.0243 | 0.9286 | 0.9352 | 0.9524
0775 | 14:43:01 |  15.1s | 1.0e-04 | 0.0211 | 0.9449 | 0.9493 | 0.9703 | 0.0242 | 0.9301 | 0.9301 | 0.9497
0776 | 14:43:28 |  15.0s | 1.0e-04 | 0.0210 | 0.9451 | 0.9494 | 0.9702 | 0.0243 | 0.9396 | 0.9247 | 0.9528
0777 | 14:43:54 |  15.1s | 1.0e-04 | 0.0212 | 0.9445 | 0.9496 | 0.9695 | 0.0242 | 0.9201 | 0.9388 | 0.9502
0778 | 14:44:20 |  15.1s | 1.0e-04 | 0.0214 | 0.9439 | 0.9482 | 0.9699 | 0.0249 | 0.9402 | 0.9170 | 0.9507
0779 | 14:44:47 |  15.0s | 1.0e-04 | 0.0213 | 0.9457 | 0.9495 | 0.9709 | 0.0254 | 0.9214 | 0.9398 | 0.9521
0780 | 14:45:13 |  15.2s | 1.0e-04 | 0.0213 | 0.9446 | 0.9492 | 0.9692 | 0.0246 | 0.9311 | 0.9235 | 0.9459
0781 | 14:45:39 |  23.2s | 1.0e-04 | 0.0208 | 0.9458 | 0.9487 | 0.9714 | 0.0248 | 0.9244 | 0.9378 | 0.9501
0782 | 14:46:14 |  24.5s | 1.0e-04 | 0.0211 | 0.9426 | 0.9448 | 0.9667 | 0.0244 | 0.9302 | 0.9364 | 0.9551
0783 | 14:46:49 |  14.9s | 1.0e-04 | 0.0213 | 0.9424 | 0.9436 | 0.9659 | 0.0254 | 0.9200 | 0.9457 | 0.9542
0784 | 14:47:15 |  14.9s | 1.0e-04 | 0.0216 | 0.9420 | 0.9432 | 0.9657 | 0.0243 | 0.9209 | 0.9429 | 0.9524
0785 | 14:47:41 |  15.0s | 1.0e-04 | 0.0215 | 0.9426 | 0.9432 | 0.9669 | 0.0252 | 0.9289 | 0.9304 | 0.9484
0786 | 14:48:07 |  14.9s | 1.0e-04 | 0.0216 | 0.9413 | 0.9418 | 0.9652 | 0.0239 | 0.9318 | 0.9330 | 0.9532
0787 | 14:48:34 |  15.0s | 1.0e-04 | 0.0219 | 0.9409 | 0.9419 | 0.9639 | 0.0244 | 0.9284 | 0.9354 | 0.9525
0788 | 14:49:00 |  15.0s | 1.0e-04 | 0.0310 | 0.9366 | 0.9373 | 0.9594 | 0.0268 | 0.9149 | 0.9341 | 0.9420
0789 | 14:49:26 |  23.1s | 1.0e-04 | 0.0243 | 0.9359 | 0.9319 | 0.9562 | 0.0266 | 0.9201 | 0.9340 | 0.9451
0790 | 14:50:00 |  24.2s | 1.0e-04 | 0.0233 | 0.9383 | 0.9386 | 0.9616 | 0.0250 | 0.9278 | 0.9370 | 0.9517
0791 | 14:50:35 |  14.6s | 1.0e-04 | 0.0229 | 0.9397 | 0.9382 | 0.9618 | 0.0252 | 0.9244 | 0.9383 | 0.9515
0792 | 14:51:01 |  14.5s | 1.0e-04 | 0.0227 | 0.9404 | 0.9412 | 0.9639 | 0.0249 | 0.9364 | 0.9232 | 0.9491
0793 | 14:51:27 |  14.6s | 1.0e-04 | 0.0225 | 0.9407 | 0.9418 | 0.9640 | 0.0248 | 0.9339 | 0.9242 | 0.9490
0794 | 14:51:53 |  14.6s | 1.0e-04 | 0.0221 | 0.9429 | 0.9428 | 0.9663 | 0.0248 | 0.9324 | 0.9320 | 0.9509
0795 | 14:52:18 |  14.6s | 1.0e-04 | 0.0225 | 0.9412 | 0.9424 | 0.9645 | 0.0253 | 0.9305 | 0.9323 | 0.9523
0796 | 14:52:44 |  14.6s | 1.0e-04 | 0.0224 | 0.9408 | 0.9419 | 0.9646 | 0.0245 | 0.9285 | 0.9334 | 0.9520
0797 | 14:53:10 |  32.1s | 1.0e-04 | 0.0233 | 0.9387 | 0.9401 | 0.9619 | 0.0245 | 0.9314 | 0.9319 | 0.9522
0798 | 14:53:53 |  14.7s | 1.0e-04 | 0.0216 | 0.9414 | 0.9445 | 0.9664 | 0.0254 | 0.9252 | 0.9372 | 0.9512
0799 | 14:54:19 |  14.8s | 1.0e-04 | 0.0218 | 0.9411 | 0.9446 | 0.9662 | 0.0252 | 0.9280 | 0.9347 | 0.9511
0800 | 14:54:45 |  14.7s | 1.0e-04 | 0.0214 | 0.9433 | 0.9449 | 0.9674 | 0.0242 | 0.9295 | 0.9333 | 0.9510
0801 | 14:55:11 |  14.8s | 1.0e-04 | 0.0210 | 0.9435 | 0.9467 | 0.9678 | 0.0246 | 0.9294 | 0.9308 | 0.9509
0802 | 14:55:37 |  14.8s | 1.0e-04 | 0.0215 | 0.9430 | 0.9454 | 0.9671 | 0.0242 | 0.9309 | 0.9364 | 0.9564
0803 | 14:56:03 |  14.8s | 1.0e-04 | 0.0214 | 0.9434 | 0.9465 | 0.9682 | 0.0241 | 0.9276 | 0.9329 | 0.9495
0804 | 14:56:29 |  15.0s | 1.0e-04 | 0.0209 | 0.9441 | 0.9471 | 0.9685 | 0.0247 | 0.9287 | 0.9335 | 0.9517
0805 | 14:56:55 |  31.1s | 1.0e-04 | 0.0210 | 0.9444 | 0.9463 | 0.9690 | 0.0245 | 0.9402 | 0.9188 | 0.9511
0806 | 14:57:37 |  14.6s | 1.0e-04 | 0.0211 | 0.9449 | 0.9459 | 0.9696 | 0.0246 | 0.9302 | 0.9284 | 0.9504
0807 | 14:58:03 |  14.5s | 1.0e-04 | 0.0213 | 0.9444 | 0.9474 | 0.9690 | 0.0250 | 0.9145 | 0.9450 | 0.9493
0808 | 14:58:29 |  14.5s | 1.0e-04 | 0.0216 | 0.9425 | 0.9464 | 0.9679 | 0.0245 | 0.9363 | 0.9255 | 0.9513
0809 | 14:58:54 |  14.5s | 1.0e-04 | 0.0215 | 0.9442 | 0.9478 | 0.9691 | 0.0246 | 0.9196 | 0.9428 | 0.9532
0810 | 14:59:20 |  14.6s | 1.0e-04 | 0.0215 | 0.9440 | 0.9473 | 0.9690 | 0.0251 | 0.9262 | 0.9343 | 0.9485
0811 | 14:59:46 |  14.6s | 1.0e-04 | 0.0213 | 0.9450 | 0.9477 | 0.9692 | 0.0246 | 0.9281 | 0.9339 | 0.9510
0812 | 15:00:11 |  14.5s | 1.0e-04 | 0.0212 | 0.9445 | 0.9469 | 0.9690 | 0.0255 | 0.9239 | 0.9365 | 0.9490
0813 | 15:00:37 |  33.6s | 1.0e-04 | 0.0213 | 0.9445 | 0.9466 | 0.9684 | 0.0246 | 0.9191 | 0.9424 | 0.9539
0814 | 15:01:22 |  14.9s | 1.0e-04 | 0.0211 | 0.9432 | 0.9457 | 0.9678 | 0.0249 | 0.9177 | 0.9394 | 0.9497
0815 | 15:01:48 |  15.1s | 1.0e-04 | 0.0213 | 0.9441 | 0.9453 | 0.9676 | 0.0240 | 0.9265 | 0.9369 | 0.9518
0816 | 15:02:14 |  14.9s | 1.0e-04 | 0.0214 | 0.9433 | 0.9456 | 0.9678 | 0.0246 | 0.9286 | 0.9353 | 0.9535
0817 | 15:02:40 |  14.9s | 1.0e-04 | 0.0210 | 0.9440 | 0.9457 | 0.9683 | 0.0239 | 0.9282 | 0.9273 | 0.9481
0818 | 15:03:06 |  15.0s | 1.0e-04 | 0.0209 | 0.9440 | 0.9469 | 0.9688 | 0.0252 | 0.9296 | 0.9366 | 0.9540
0819 | 15:03:33 |  15.0s | 1.0e-04 | 0.0209 | 0.9443 | 0.9462 | 0.9689 | 0.0241 | 0.9312 | 0.9295 | 0.9508
0820 | 15:03:59 |  22.8s | 1.0e-04 | 0.0212 | 0.9437 | 0.9459 | 0.9683 | 0.0247 | 0.9210 | 0.9328 | 0.9474
0821 | 15:04:33 |  24.0s | 1.0e-04 | 0.0212 | 0.9443 | 0.9465 | 0.9694 | 0.0254 | 0.9187 | 0.9422 | 0.9508
0822 | 15:05:08 |  14.5s | 1.0e-04 | 0.0212 | 0.9436 | 0.9475 | 0.9684 | 0.0243 | 0.9404 | 0.9158 | 0.9505
0823 | 15:05:34 |  14.4s | 1.0e-04 | 0.0209 | 0.9450 | 0.9467 | 0.9696 | 0.0247 | 0.9296 | 0.9361 | 0.9542
0824 | 15:05:59 |  14.5s | 1.0e-04 | 0.0212 | 0.9451 | 0.9478 | 0.9698 | 0.0241 | 0.9288 | 0.9373 | 0.9531
0825 | 15:06:25 |  14.5s | 1.0e-04 | 0.0211 | 0.9448 | 0.9481 | 0.9698 | 0.0254 | 0.9263 | 0.9331 | 0.9469
0826 | 15:06:50 |  14.4s | 1.0e-04 | 0.0214 | 0.9431 | 0.9455 | 0.9676 | 0.0248 | 0.9274 | 0.9370 | 0.9527
0827 | 15:07:16 |  14.5s | 1.0e-04 | 0.0212 | 0.9448 | 0.9469 | 0.9690 | 0.0239 | 0.9217 | 0.9463 | 0.9571
0828 | 15:07:41 |  22.9s | 1.0e-04 | 0.0211 | 0.9438 | 0.9465 | 0.9689 | 0.0250 | 0.9325 | 0.9323 | 0.9537
0829 | 15:08:15 |  25.5s | 1.0e-04 | 0.0207 | 0.9446 | 0.9477 | 0.9697 | 0.0238 | 0.9268 | 0.9409 | 0.9555
0830 | 15:08:52 |  15.0s | 1.0e-04 | 0.0208 | 0.9444 | 0.9473 | 0.9696 | 0.0243 | 0.9199 | 0.9441 | 0.9542
0831 | 15:09:18 |  14.9s | 1.0e-04 | 0.0206 | 0.9444 | 0.9472 | 0.9684 | 0.0243 | 0.9368 | 0.9227 | 0.9510
0832 | 15:09:44 |  14.9s | 1.0e-04 | 0.0206 | 0.9443 | 0.9470 | 0.9688 | 0.0246 | 0.9290 | 0.9348 | 0.9517
0833 | 15:10:10 |  14.9s | 1.0e-04 | 0.0209 | 0.9434 | 0.9460 | 0.9684 | 0.0242 | 0.9364 | 0.9291 | 0.9531
0834 | 15:10:36 |  14.9s | 1.0e-04 | 0.0210 | 0.9423 | 0.9460 | 0.9672 | 0.0243 | 0.9286 | 0.9302 | 0.9497
0835 | 15:11:02 |  15.0s | 1.0e-04 | 0.0211 | 0.9427 | 0.9457 | 0.9669 | 0.0251 | 0.9252 | 0.9325 | 0.9475
0836 | 15:11:29 |  32.5s | 1.0e-04 | 0.0211 | 0.9437 | 0.9447 | 0.9685 | 0.0243 | 0.9246 | 0.9442 | 0.9564
0837 | 15:12:12 |  14.7s | 1.0e-04 | 0.0229 | 0.9425 | 0.9454 | 0.9665 | 0.0240 | 0.9319 | 0.9353 | 0.9552
0838 | 15:12:38 |  14.7s | 1.0e-04 | 0.0225 | 0.9428 | 0.9466 | 0.9675 | 0.0238 | 0.9215 | 0.9429 | 0.9541
0839 | 15:13:04 |  14.7s | 1.0e-04 | 0.0230 | 0.9426 | 0.9459 | 0.9673 | 0.0248 | 0.9190 | 0.9371 | 0.9480
0840 | 15:13:30 |  14.7s | 1.0e-04 | 0.0226 | 0.9429 | 0.9465 | 0.9671 | 0.0245 | 0.9366 | 0.9273 | 0.9543
0841 | 15:13:56 |  14.8s | 1.0e-04 | 0.0227 | 0.9428 | 0.9463 | 0.9667 | 0.0245 | 0.9299 | 0.9339 | 0.9530
0842 | 15:14:21 |  14.7s | 1.0e-04 | 0.0227 | 0.9439 | 0.9463 | 0.9689 | 0.0245 | 0.9315 | 0.9333 | 0.9536
0843 | 15:14:47 |  14.7s | 1.0e-04 | 0.0226 | 0.9435 | 0.9464 | 0.9685 | 0.0240 | 0.9337 | 0.9329 | 0.9543
0844 | 15:15:13 |  32.4s | 1.0e-04 | 0.0220 | 0.9433 | 0.9468 | 0.9687 | 0.0245 | 0.9326 | 0.9356 | 0.9553
0845 | 15:15:57 |  14.7s | 1.0e-04 | 0.0206 | 0.9456 | 0.9509 | 0.9706 | 0.0251 | 0.9222 | 0.9407 | 0.9535
0846 | 15:16:23 |  14.7s | 1.0e-04 | 0.0203 | 0.9457 | 0.9506 | 0.9709 | 0.0243 | 0.9318 | 0.9306 | 0.9513
0847 | 15:16:49 |  14.7s | 1.0e-04 | 0.0205 | 0.9462 | 0.9499 | 0.9719 | 0.0240 | 0.9223 | 0.9443 | 0.9547
0848 | 15:17:14 |  14.8s | 1.0e-04 | 0.0205 | 0.9463 | 0.9500 | 0.9713 | 0.0249 | 0.9430 | 0.9117 | 0.9488
0849 | 15:17:40 |  14.7s | 1.0e-04 | 0.0204 | 0.9466 | 0.9492 | 0.9714 | 0.0249 | 0.9273 | 0.9397 | 0.9539
0850 | 15:18:06 |  14.7s | 1.0e-04 | 0.0204 | 0.9475 | 0.9512 | 0.9725 | 0.0252 | 0.9173 | 0.9401 | 0.9472
0851 | 15:18:32 |  14.7s | 1.0e-04 | 0.0207 | 0.9460 | 0.9498 | 0.9717 | 0.0237 | 0.9389 | 0.9307 | 0.9574
0852 | 15:18:58 |  32.8s | 1.0e-04 | 0.0213 | 0.9442 | 0.9464 | 0.9694 | 0.0244 | 0.9323 | 0.9308 | 0.9520
0853 | 15:19:42 |  15.0s | 1.0e-04 | 0.0220 | 0.9417 | 0.9437 | 0.9659 | 0.0239 | 0.9351 | 0.9261 | 0.9522
0854 | 15:20:08 |  15.0s | 1.0e-04 | 0.0218 | 0.9418 | 0.9446 | 0.9664 | 0.0244 | 0.9244 | 0.9407 | 0.9528
0855 | 15:20:34 |  14.9s | 1.0e-04 | 0.0216 | 0.9437 | 0.9445 | 0.9676 | 0.0242 | 0.9209 | 0.9408 | 0.9501
0856 | 15:21:00 |  14.9s | 1.0e-04 | 0.0220 | 0.9429 | 0.9449 | 0.9680 | 0.0241 | 0.9307 | 0.9353 | 0.9543
0857 | 15:21:26 |  15.0s | 1.0e-04 | 0.0217 | 0.9422 | 0.9444 | 0.9670 | 0.0242 | 0.9224 | 0.9402 | 0.9535
0858 | 15:21:52 |  14.9s | 1.0e-04 | 0.0214 | 0.9436 | 0.9459 | 0.9683 | 0.0244 | 0.9320 | 0.9320 | 0.9527
0859 | 15:22:18 |  23.5s | 1.0e-04 | 0.0217 | 0.9431 | 0.9452 | 0.9677 | 0.0255 | 0.9218 | 0.9428 | 0.9523
0860 | 15:22:53 |  26.2s | 1.0e-04 | 0.0218 | 0.9427 | 0.9453 | 0.9677 | 0.0239 | 0.9324 | 0.9378 | 0.9559
0861 | 15:23:30 |  14.8s | 1.0e-04 | 0.0214 | 0.9430 | 0.9456 | 0.9684 | 0.0237 | 0.9316 | 0.9298 | 0.9518
0862 | 15:23:56 |  14.8s | 1.0e-04 | 0.0219 | 0.9430 | 0.9458 | 0.9669 | 0.0240 | 0.9286 | 0.9409 | 0.9552
0863 | 15:24:22 |  14.8s | 1.0e-04 | 0.0215 | 0.9448 | 0.9456 | 0.9685 | 0.0244 | 0.9255 | 0.9433 | 0.9539
0864 | 15:24:48 |  14.7s | 1.0e-04 | 0.0211 | 0.9444 | 0.9461 | 0.9686 | 0.0248 | 0.9415 | 0.9264 | 0.9550
0865 | 15:25:14 |  14.8s | 1.0e-04 | 0.0214 | 0.9442 | 0.9462 | 0.9684 | 0.0235 | 0.9302 | 0.9327 | 0.9522
0866 | 15:25:40 |  14.8s | 1.0e-04 | 0.0219 | 0.9419 | 0.9454 | 0.9667 | 0.0242 | 0.9387 | 0.9296 | 0.9560
0867 | 15:26:06 |  22.8s | 1.0e-04 | 0.0214 | 0.9438 | 0.9467 | 0.9685 | 0.0250 | 0.9220 | 0.9427 | 0.9528
0868 | 15:26:40 |  24.1s | 1.0e-04 | 0.0216 | 0.9447 | 0.9494 | 0.9696 | 0.0243 | 0.9325 | 0.9287 | 0.9509
0869 | 15:27:15 |  15.0s | 1.0e-04 | 0.0216 | 0.9460 | 0.9497 | 0.9712 | 0.0240 | 0.9233 | 0.9419 | 0.9538
0870 | 15:27:41 |  14.8s | 1.0e-04 | 0.0216 | 0.9456 | 0.9506 | 0.9713 | 0.0243 | 0.9295 | 0.9324 | 0.9523
0871 | 15:28:07 |  14.8s | 1.0e-04 | 0.0214 | 0.9466 | 0.9496 | 0.9720 | 0.0249 | 0.9285 | 0.9346 | 0.9507
0872 | 15:28:33 |  14.8s | 1.0e-04 | 0.0213 | 0.9460 | 0.9518 | 0.9718 | 0.0249 | 0.9327 | 0.9282 | 0.9510
0873 | 15:28:59 |  14.8s | 1.0e-04 | 0.0211 | 0.9464 | 0.9502 | 0.9711 | 0.0250 | 0.9231 | 0.9445 | 0.9548
0874 | 15:29:25 |  14.8s | 1.0e-04 | 0.0212 | 0.9462 | 0.9498 | 0.9710 | 0.0246 | 0.9350 | 0.9317 | 0.9556
0875 | 15:29:51 |  22.7s | 1.0e-04 | 0.0214 | 0.9462 | 0.9496 | 0.9716 | 0.0242 | 0.9333 | 0.9318 | 0.9540
0876 | 15:30:27 |  15.3s | 1.0e-04 | 0.0221 | 0.9441 | 0.9471 | 0.9691 | 0.0249 | 0.9214 | 0.9404 | 0.9507
0877 | 15:30:53 |  15.2s | 1.0e-04 | 0.0218 | 0.9448 | 0.9468 | 0.9697 | 0.0239 | 0.9322 | 0.9291 | 0.9505
0878 | 15:31:19 |  15.2s | 1.0e-04 | 0.0222 | 0.9444 | 0.9477 | 0.9697 | 0.0243 | 0.9386 | 0.9262 | 0.9534
0879 | 15:31:46 |  15.3s | 1.0e-04 | 0.0219 | 0.9444 | 0.9478 | 0.9691 | 0.0243 | 0.9321 | 0.9361 | 0.9551
0880 | 15:32:12 |  15.2s | 1.0e-04 | 0.0221 | 0.9444 | 0.9483 | 0.9695 | 0.0234 | 0.9262 | 0.9387 | 0.9550
0881 | 15:32:39 |  15.2s | 1.0e-04 | 0.0219 | 0.9445 | 0.9477 | 0.9694 | 0.0239 | 0.9312 | 0.9345 | 0.9540
0882 | 15:33:05 |  15.2s | 1.0e-04 | 0.0220 | 0.9439 | 0.9473 | 0.9695 | 0.0251 | 0.9335 | 0.9231 | 0.9496
0883 | 15:33:31 |  34.9s | 1.0e-04 | 0.0216 | 0.9445 | 0.9480 | 0.9699 | 0.0240 | 0.9281 | 0.9362 | 0.9524
0884 | 15:34:18 |  15.1s | 1.0e-04 | 0.0210 | 0.9451 | 0.9465 | 0.9691 | 0.0237 | 0.9330 | 0.9350 | 0.9556
0885 | 15:34:44 |  15.2s | 1.0e-04 | 0.0208 | 0.9449 | 0.9478 | 0.9699 | 0.0243 | 0.9276 | 0.9393 | 0.9517
0886 | 15:35:10 |  15.1s | 1.0e-04 | 0.0208 | 0.9447 | 0.9472 | 0.9698 | 0.0243 | 0.9322 | 0.9327 | 0.9529
0887 | 15:35:36 |  15.2s | 1.0e-04 | 0.0209 | 0.9449 | 0.9468 | 0.9690 | 0.0248 | 0.9319 | 0.9371 | 0.9539
0888 | 15:36:03 |  15.1s | 1.0e-04 | 0.0208 | 0.9441 | 0.9474 | 0.9688 | 0.0244 | 0.9349 | 0.9348 | 0.9571
0889 | 15:36:29 |  15.2s | 1.0e-04 | 0.0210 | 0.9445 | 0.9469 | 0.9692 | 0.0243 | 0.9207 | 0.9393 | 0.9501
0890 | 15:36:55 |  15.1s | 1.0e-04 | 0.0207 | 0.9453 | 0.9481 | 0.9705 | 0.0251 | 0.9145 | 0.9450 | 0.9480
0891 | 15:37:22 |  34.5s | 1.0e-04 | 0.0211 | 0.9440 | 0.9476 | 0.9693 | 0.0239 | 0.9393 | 0.9200 | 0.9512
0892 | 15:38:07 |  15.0s | 1.0e-04 | 0.0208 | 0.9454 | 0.9485 | 0.9704 | 0.0239 | 0.9298 | 0.9363 | 0.9560
0893 | 15:38:33 |  15.0s | 1.0e-04 | 0.0210 | 0.9444 | 0.9476 | 0.9692 | 0.0242 | 0.9281 | 0.9368 | 0.9535
0894 | 15:39:00 |  15.0s | 1.0e-04 | 0.0210 | 0.9443 | 0.9475 | 0.9687 | 0.0239 | 0.9255 | 0.9327 | 0.9469
0895 | 15:39:26 |  15.0s | 1.0e-04 | 0.0211 | 0.9443 | 0.9471 | 0.9693 | 0.0238 | 0.9380 | 0.9259 | 0.9539
0896 | 15:39:52 |  15.0s | 1.0e-04 | 0.0209 | 0.9455 | 0.9473 | 0.9703 | 0.0241 | 0.9313 | 0.9354 | 0.9550
0897 | 15:40:18 |  15.0s | 1.0e-04 | 0.0207 | 0.9455 | 0.9477 | 0.9708 | 0.0243 | 0.9264 | 0.9372 | 0.9531
0898 | 15:40:44 |  22.9s | 1.0e-04 | 0.0207 | 0.9449 | 0.9478 | 0.9701 | 0.0243 | 0.9382 | 0.9271 | 0.9540
0899 | 15:41:18 |  23.5s | 1.0e-04 | 0.0214 | 0.9437 | 0.9457 | 0.9683 | 0.0245 | 0.9291 | 0.9329 | 0.9521
0900 | 15:41:53 |  15.0s | 1.0e-04 | 0.0217 | 0.9431 | 0.9441 | 0.9671 | 0.0235 | 0.9346 | 0.9322 | 0.9558
0901 | 15:42:19 |  15.1s | 1.0e-04 | 0.0222 | 0.9429 | 0.9446 | 0.9671 | 0.0239 | 0.9254 | 0.9349 | 0.9501
0902 | 15:42:45 |  15.0s | 1.0e-04 | 0.0220 | 0.9420 | 0.9434 | 0.9662 | 0.0229 | 0.9245 | 0.9436 | 0.9539
0903 | 15:43:11 |  15.0s | 1.0e-04 | 0.0221 | 0.9432 | 0.9451 | 0.9673 | 0.0234 | 0.9345 | 0.9343 | 0.9568
0904 | 15:43:38 |  15.0s | 1.0e-04 | 0.0221 | 0.9420 | 0.9438 | 0.9663 | 0.0240 | 0.9326 | 0.9316 | 0.9522
0905 | 15:44:04 |  15.1s | 1.0e-04 | 0.0224 | 0.9413 | 0.9431 | 0.9651 | 0.0244 | 0.9280 | 0.9399 | 0.9559
0906 | 15:44:30 |  23.1s | 1.0e-04 | 0.0221 | 0.9418 | 0.9443 | 0.9661 | 0.0242 | 0.9267 | 0.9382 | 0.9545
0907 | 15:45:04 |  25.2s | 1.0e-04 | 0.0214 | 0.9435 | 0.9472 | 0.9682 | 0.0240 | 0.9295 | 0.9371 | 0.9546
0908 | 15:45:40 |  15.3s | 1.0e-04 | 0.0213 | 0.9449 | 0.9480 | 0.9703 | 0.0241 | 0.9341 | 0.9302 | 0.9540
0909 | 15:46:07 |  15.2s | 1.0e-04 | 0.0215 | 0.9449 | 0.9478 | 0.9693 | 0.0237 | 0.9343 | 0.9350 | 0.9564
0910 | 15:46:33 |  15.2s | 1.0e-04 | 0.0217 | 0.9445 | 0.9470 | 0.9695 | 0.0236 | 0.9283 | 0.9367 | 0.9556
0911 | 15:46:59 |  15.2s | 1.0e-04 | 0.0210 | 0.9454 | 0.9485 | 0.9701 | 0.0248 | 0.9216 | 0.9376 | 0.9494
0912 | 15:47:26 |  15.3s | 1.0e-04 | 0.0215 | 0.9442 | 0.9466 | 0.9683 | 0.0241 | 0.9238 | 0.9399 | 0.9532
0913 | 15:47:52 |  15.2s | 1.0e-04 | 0.0217 | 0.9437 | 0.9463 | 0.9685 | 0.0245 | 0.9244 | 0.9418 | 0.9530
0914 | 15:48:18 |  23.4s | 1.0e-04 | 0.0211 | 0.9452 | 0.9491 | 0.9698 | 0.0247 | 0.9239 | 0.9387 | 0.9503
0915 | 15:48:53 |  26.2s | 1.0e-04 | 0.0203 | 0.9453 | 0.9495 | 0.9705 | 0.0244 | 0.9380 | 0.9201 | 0.9519
0916 | 15:49:30 |  15.0s | 1.0e-04 | 0.0204 | 0.9460 | 0.9494 | 0.9719 | 0.0245 | 0.9397 | 0.9242 | 0.9547
0917 | 15:49:56 |  14.9s | 1.0e-04 | 0.0198 | 0.9476 | 0.9506 | 0.9727 | 0.0246 | 0.9254 | 0.9352 | 0.9499
0918 | 15:50:22 |  15.0s | 1.0e-04 | 0.0198 | 0.9461 | 0.9504 | 0.9722 | 0.0251 | 0.9303 | 0.9341 | 0.9513
0919 | 15:50:48 |  15.0s | 1.0e-04 | 0.0202 | 0.9454 | 0.9496 | 0.9713 | 0.0238 | 0.9422 | 0.9238 | 0.9559
0920 | 15:51:15 |  15.0s | 1.0e-04 | 0.0200 | 0.9471 | 0.9500 | 0.9728 | 0.0244 | 0.9181 | 0.9457 | 0.9537
0921 | 15:51:41 |  15.0s | 1.0e-04 | 0.0201 | 0.9467 | 0.9503 | 0.9719 | 0.0240 | 0.9402 | 0.9256 | 0.9551
0922 | 15:52:07 |  30.7s | 1.0e-04 | 0.0204 | 0.9450 | 0.9480 | 0.9705 | 0.0243 | 0.9316 | 0.9300 | 0.9499
0923 | 15:52:49 |  15.2s | 1.0e-04 | 0.0199 | 0.9450 | 0.9469 | 0.9697 | 0.0237 | 0.9365 | 0.9302 | 0.9539
0924 | 15:53:15 |  15.2s | 1.0e-04 | 0.0201 | 0.9441 | 0.9457 | 0.9685 | 0.0227 | 0.9420 | 0.9284 | 0.9570
0925 | 15:53:41 |  15.2s | 1.0e-04 | 0.0203 | 0.9439 | 0.9455 | 0.9676 | 0.0248 | 0.9263 | 0.9346 | 0.9511
0926 | 15:54:08 |  15.3s | 1.0e-04 | 0.0203 | 0.9427 | 0.9460 | 0.9673 | 0.0244 | 0.9432 | 0.9288 | 0.9584
0927 | 15:54:34 |  15.2s | 1.0e-04 | 0.0200 | 0.9435 | 0.9456 | 0.9678 | 0.0238 | 0.9288 | 0.9402 | 0.9567
0928 | 15:55:00 |  15.2s | 1.0e-04 | 0.0204 | 0.9437 | 0.9455 | 0.9683 | 0.0258 | 0.9246 | 0.9366 | 0.9483
0929 | 15:55:26 |  15.1s | 1.0e-04 | 0.0202 | 0.9440 | 0.9462 | 0.9690 | 0.0241 | 0.9257 | 0.9418 | 0.9542
0930 | 15:55:53 |  34.3s | 1.0e-04 | 0.0201 | 0.9460 | 0.9477 | 0.9707 | 0.0237 | 0.9296 | 0.9343 | 0.9514
0931 | 15:56:38 |  15.0s | 1.0e-04 | 0.0211 | 0.9461 | 0.9512 | 0.9718 | 0.0239 | 0.9343 | 0.9290 | 0.9530
0932 | 15:57:04 |  15.0s | 1.0e-04 | 0.0211 | 0.9474 | 0.9512 | 0.9724 | 0.0234 | 0.9345 | 0.9395 | 0.9588
0933 | 15:57:30 |  15.0s | 1.0e-04 | 0.0214 | 0.9452 | 0.9497 | 0.9700 | 0.0244 | 0.9284 | 0.9324 | 0.9507
0934 | 15:57:57 |  15.0s | 1.0e-04 | 0.0213 | 0.9452 | 0.9499 | 0.9702 | 0.0243 | 0.9364 | 0.9249 | 0.9518
0935 | 15:58:23 |  15.0s | 1.0e-04 | 0.0211 | 0.9450 | 0.9495 | 0.9716 | 0.0239 | 0.9347 | 0.9313 | 0.9541
0936 | 15:58:49 |  15.0s | 1.0e-04 | 0.0216 | 0.9456 | 0.9483 | 0.9706 | 0.0247 | 0.9263 | 0.9404 | 0.9547
0937 | 15:59:15 |  14.9s | 1.0e-04 | 0.0212 | 0.9462 | 0.9504 | 0.9712 | 0.0240 | 0.9366 | 0.9294 | 0.9545
0938 | 15:59:41 |  34.1s | 1.0e-04 | 0.0213 | 0.9451 | 0.9493 | 0.9708 | 0.0245 | 0.9225 | 0.9409 | 0.9520
0939 | 16:00:26 |  15.3s | 1.0e-04 | 0.0212 | 0.9436 | 0.9465 | 0.9688 | 0.0239 | 0.9236 | 0.9410 | 0.9526
0940 | 16:00:53 |  15.3s | 1.0e-04 | 0.0212 | 0.9449 | 0.9464 | 0.9689 | 0.0234 | 0.9312 | 0.9374 | 0.9556
0941 | 16:01:19 |  15.3s | 1.0e-04 | 0.0206 | 0.9451 | 0.9483 | 0.9716 | 0.0239 | 0.9338 | 0.9327 | 0.9561
0942 | 16:01:45 |  15.3s | 1.0e-04 | 0.0208 | 0.9452 | 0.9483 | 0.9701 | 0.0247 | 0.9255 | 0.9390 | 0.9519
0943 | 16:02:12 |  15.3s | 1.0e-04 | 0.0208 | 0.9449 | 0.9480 | 0.9702 | 0.0243 | 0.9243 | 0.9409 | 0.9540
0944 | 16:02:38 |  15.3s | 1.0e-04 | 0.0209 | 0.9436 | 0.9480 | 0.9684 | 0.0239 | 0.9385 | 0.9244 | 0.9518
0945 | 16:03:05 |  24.1s | 1.0e-04 | 0.0205 | 0.9466 | 0.9497 | 0.9714 | 0.0238 | 0.9309 | 0.9386 | 0.9572
0946 | 16:03:40 |  24.2s | 1.0e-04 | 0.0207 | 0.9468 | 0.9492 | 0.9714 | 0.0243 | 0.9262 | 0.9350 | 0.9495
0947 | 16:04:15 |  15.0s | 1.0e-04 | 0.0205 | 0.9464 | 0.9509 | 0.9724 | 0.0235 | 0.9389 | 0.9323 | 0.9581
0948 | 16:04:41 |  15.0s | 1.0e-04 | 0.0205 | 0.9476 | 0.9510 | 0.9723 | 0.0240 | 0.9280 | 0.9334 | 0.9524
0949 | 16:05:07 |  15.0s | 1.0e-04 | 0.0209 | 0.9465 | 0.9496 | 0.9716 | 0.0243 | 0.9255 | 0.9393 | 0.9520
0950 | 16:05:33 |  14.9s | 1.0e-04 | 0.0205 | 0.9464 | 0.9510 | 0.9714 | 0.0244 | 0.9359 | 0.9319 | 0.9542
0951 | 16:05:59 |  15.0s | 1.0e-04 | 0.0207 | 0.9469 | 0.9509 | 0.9718 | 0.0238 | 0.9334 | 0.9348 | 0.9543
0952 | 16:06:25 |  15.0s | 1.0e-04 | 0.0206 | 0.9472 | 0.9502 | 0.9722 | 0.0237 | 0.9321 | 0.9383 | 0.9556
0953 | 16:06:51 |  22.9s | 1.0e-04 | 0.0205 | 0.9467 | 0.9511 | 0.9724 | 0.0237 | 0.9396 | 0.9248 | 0.9544
0954 | 16:07:25 |  23.6s | 1.0e-04 | 0.0209 | 0.9460 | 0.9469 | 0.9708 | 0.0240 | 0.9374 | 0.9322 | 0.9568
0955 | 16:08:00 |  15.0s | 1.0e-04 | 0.0211 | 0.9442 | 0.9477 | 0.9691 | 0.0244 | 0.9292 | 0.9391 | 0.9533
0956 | 16:08:26 |  15.0s | 1.0e-04 | 0.0210 | 0.9455 | 0.9481 | 0.9706 | 0.0241 | 0.9353 | 0.9271 | 0.9528
0957 | 16:08:52 |  14.9s | 1.0e-04 | 0.0212 | 0.9449 | 0.9476 | 0.9694 | 0.0235 | 0.9350 | 0.9375 | 0.9577
0958 | 16:09:18 |  15.0s | 1.0e-04 | 0.0214 | 0.9448 | 0.9471 | 0.9694 | 0.0239 | 0.9287 | 0.9382 | 0.9534
0959 | 16:09:44 |  15.0s | 1.0e-04 | 0.0213 | 0.9447 | 0.9477 | 0.9695 | 0.0246 | 0.9256 | 0.9429 | 0.9554
0960 | 16:10:10 |  14.9s | 1.0e-04 | 0.0212 | 0.9454 | 0.9468 | 0.9705 | 0.0240 | 0.9285 | 0.9360 | 0.9524
0961 | 16:10:36 |  35.0s | 1.0e-04 | 0.0217 | 0.9440 | 0.9476 | 0.9684 | 0.0236 | 0.9302 | 0.9346 | 0.9523
0962 | 16:11:22 |  14.9s | 1.0e-04 | 0.0206 | 0.9455 | 0.9496 | 0.9705 | 0.0247 | 0.9378 | 0.9245 | 0.9520
0963 | 16:11:49 |  15.1s | 1.0e-04 | 0.0208 | 0.9464 | 0.9505 | 0.9716 | 0.0241 | 0.9322 | 0.9332 | 0.9540
0964 | 16:12:15 |  14.9s | 1.0e-04 | 0.0207 | 0.9459 | 0.9493 | 0.9710 | 0.0244 | 0.9322 | 0.9315 | 0.9516
0965 | 16:12:41 |  14.9s | 1.0e-04 | 0.0208 | 0.9447 | 0.9482 | 0.9704 | 0.0237 | 0.9282 | 0.9398 | 0.9561
0966 | 16:13:07 |  14.9s | 1.0e-04 | 0.0211 | 0.9455 | 0.9484 | 0.9711 | 0.0249 | 0.9180 | 0.9443 | 0.9535
0967 | 16:13:33 |  14.9s | 1.0e-04 | 0.0209 | 0.9459 | 0.9486 | 0.9707 | 0.0245 | 0.9190 | 0.9416 | 0.9509
0968 | 16:13:59 |  14.9s | 1.0e-04 | 0.0206 | 0.9455 | 0.9497 | 0.9708 | 0.0245 | 0.9180 | 0.9409 | 0.9489
0969 | 16:14:25 |  32.4s | 1.0e-04 | 0.0206 | 0.9458 | 0.9493 | 0.9705 | 0.0245 | 0.9370 | 0.9277 | 0.9545
0970 | 16:15:08 |  14.9s | 1.0e-04 | 0.0201 | 0.9457 | 0.9485 | 0.9711 | 0.0243 | 0.9361 | 0.9256 | 0.9532
0971 | 16:15:34 |  14.9s | 1.0e-04 | 0.0199 | 0.9469 | 0.9492 | 0.9724 | 0.0233 | 0.9393 | 0.9277 | 0.9565
0972 | 16:16:00 |  15.0s | 1.0e-04 | 0.0200 | 0.9457 | 0.9489 | 0.9708 | 0.0241 | 0.9251 | 0.9432 | 0.9556
0973 | 16:16:26 |  14.9s | 1.0e-04 | 0.0200 | 0.9465 | 0.9493 | 0.9721 | 0.0247 | 0.9237 | 0.9391 | 0.9514
0974 | 16:16:52 |  14.9s | 1.0e-04 | 0.0203 | 0.9452 | 0.9491 | 0.9702 | 0.0238 | 0.9403 | 0.9247 | 0.9546
0975 | 16:17:18 |  15.0s | 1.0e-04 | 0.0200 | 0.9471 | 0.9493 | 0.9720 | 0.0239 | 0.9378 | 0.9310 | 0.9550
0976 | 16:17:44 |  15.0s | 1.0e-04 | 0.0199 | 0.9467 | 0.9494 | 0.9706 | 0.0240 | 0.9288 | 0.9396 | 0.9550
0977 | 16:18:10 |  32.6s | 1.0e-04 | 0.0205 | 0.9457 | 0.9481 | 0.9713 | 0.0231 | 0.9330 | 0.9368 | 0.9567
0978 | 16:18:54 |  15.0s | 1.0e-04 | 0.0216 | 0.9442 | 0.9464 | 0.9693 | 0.0241 | 0.9325 | 0.9349 | 0.9554
0979 | 16:19:20 |  14.9s | 1.0e-04 | 0.0215 | 0.9443 | 0.9467 | 0.9685 | 0.0232 | 0.9336 | 0.9367 | 0.9569
0980 | 16:19:46 |  14.9s | 1.0e-04 | 0.0215 | 0.9446 | 0.9466 | 0.9690 | 0.0240 | 0.9328 | 0.9352 | 0.9567
0981 | 16:20:12 |  14.9s | 1.0e-04 | 0.0212 | 0.9449 | 0.9486 | 0.9702 | 0.0238 | 0.9386 | 0.9265 | 0.9545
0982 | 16:20:38 |  14.9s | 1.0e-04 | 0.0215 | 0.9445 | 0.9469 | 0.9697 | 0.0232 | 0.9296 | 0.9357 | 0.9535
0983 | 16:21:04 |  14.9s | 1.0e-04 | 0.0212 | 0.9437 | 0.9467 | 0.9687 | 0.0234 | 0.9321 | 0.9363 | 0.9546
0984 | 16:21:30 |  22.7s | 1.0e-04 | 0.0213 | 0.9434 | 0.9466 | 0.9693 | 0.0231 | 0.9331 | 0.9341 | 0.9526
0985 | 16:22:04 |  26.9s | 1.0e-04 | 0.0208 | 0.9448 | 0.9482 | 0.9702 | 0.0248 | 0.9154 | 0.9448 | 0.9530
0986 | 16:22:41 |  14.8s | 1.0e-04 | 0.0209 | 0.9453 | 0.9481 | 0.9701 | 0.0242 | 0.9336 | 0.9289 | 0.9508
0987 | 16:23:07 |  14.7s | 1.0e-04 | 0.0205 | 0.9466 | 0.9486 | 0.9711 | 0.0235 | 0.9310 | 0.9393 | 0.9566
0988 | 16:23:33 |  14.8s | 1.0e-04 | 0.0204 | 0.9461 | 0.9486 | 0.9705 | 0.0236 | 0.9281 | 0.9351 | 0.9533
0989 | 16:23:59 |  14.7s | 1.0e-04 | 0.0204 | 0.9456 | 0.9483 | 0.9704 | 0.0238 | 0.9359 | 0.9298 | 0.9525
0990 | 16:24:25 |  14.7s | 1.0e-04 | 0.0207 | 0.9456 | 0.9480 | 0.9705 | 0.0240 | 0.9369 | 0.9273 | 0.9544
0991 | 16:24:51 |  14.7s | 1.0e-04 | 0.0206 | 0.9452 | 0.9481 | 0.9702 | 0.0234 | 0.9338 | 0.9344 | 0.9552
0992 | 16:25:17 |  23.1s | 1.0e-04 | 0.0206 | 0.9450 | 0.9468 | 0.9699 | 0.0235 | 0.9350 | 0.9338 | 0.9561
0993 | 16:25:51 |  23.8s | 1.0e-04 | 0.0209 | 0.9448 | 0.9473 | 0.9699 | 0.0246 | 0.9342 | 0.9307 | 0.9540
0994 | 16:26:26 |  14.9s | 1.0e-04 | 0.0204 | 0.9474 | 0.9502 | 0.9725 | 0.0237 | 0.9346 | 0.9279 | 0.9524
0995 | 16:26:52 |  14.8s | 1.0e-04 | 0.0208 | 0.9464 | 0.9488 | 0.9715 | 0.0242 | 0.9279 | 0.9384 | 0.9550
0996 | 16:27:18 |  14.9s | 1.0e-04 | 0.0210 | 0.9454 | 0.9478 | 0.9694 | 0.0245 | 0.9337 | 0.9279 | 0.9533
0997 | 16:27:44 |  14.9s | 1.0e-04 | 0.0205 | 0.9453 | 0.9498 | 0.9715 | 0.0244 | 0.9169 | 0.9441 | 0.9500
0998 | 16:28:10 |  14.8s | 1.0e-04 | 0.0206 | 0.9457 | 0.9488 | 0.9712 | 0.0244 | 0.9387 | 0.9274 | 0.9541
0999 | 16:28:36 |  14.9s | 1.0e-04 | 0.0208 | 0.9454 | 0.9496 | 0.9711 | 0.0239 | 0.9363 | 0.9348 | 0.9572
1000 | 16:29:01 |  24.1s | 1.0e-04 | 0.0211 | 0.9457 | 0.9485 | 0.9710 | 0.0236 | 0.9341 | 0.9345 | 0.9572
