General MPNN + edge geom (dt,dr,s2 Z-space) + FC last, k=4 on cuda:0 | batch=48
0001 | 21:09:55 |  26.4s | 1.0e-04 | 0.1054 | 0.8131 | 0.6216 | 0.2406 | 0.0758 | 0.8741 | 0.7223 | 0.4236
0002 | 21:10:34 |  15.8s | 1.0e-04 | 0.0709 | 0.8653 | 0.7638 | 0.4348 | 0.0658 | 0.8681 | 0.7425 | 0.4217
0003 | 21:11:00 |  16.6s | 1.0e-04 | 0.0637 | 0.8744 | 0.7811 | 0.4859 | 0.0665 | 0.8801 | 0.7730 | 0.4978
0004 | 21:11:27 |  16.0s | 1.0e-04 | 0.0713 | 0.8798 | 0.7945 | 0.5156 | 0.0617 | 0.8547 | 0.7959 | 0.4794
0005 | 21:11:54 |  16.4s | 1.0e-04 | 0.0598 | 0.8857 | 0.8046 | 0.5441 | 0.0638 | 0.8966 | 0.7656 | 0.5108
0006 | 21:12:20 |  15.8s | 1.0e-04 | 0.0570 | 0.8874 | 0.8124 | 0.5631 | 0.0581 | 0.8977 | 0.7614 | 0.5217
0007 | 21:12:46 |  16.2s | 1.0e-04 | 0.0548 | 0.8909 | 0.8256 | 0.6116 | 0.0550 | 0.8733 | 0.8167 | 0.5426
0008 | 21:13:13 |  15.8s | 1.0e-04 | 0.0518 | 0.8953 | 0.8312 | 0.6250 | 0.0547 | 0.8859 | 0.8148 | 0.5745
0009 | 21:13:39 |  16.2s | 1.0e-04 | 0.0520 | 0.8953 | 0.8352 | 0.6363 | 0.0516 | 0.8999 | 0.8007 | 0.5927
0010 | 21:14:06 |  16.1s | 1.0e-04 | 0.0489 | 0.8997 | 0.8397 | 0.6653 | 0.0488 | 0.9101 | 0.8217 | 0.6867
0011 | 21:14:32 |  16.3s | 1.0e-04 | 0.0478 | 0.8954 | 0.8443 | 0.6837 | 0.0479 | 0.8802 | 0.8669 | 0.6986
0012 | 21:14:59 |  16.0s | 1.0e-04 | 0.0459 | 0.9030 | 0.8544 | 0.7113 | 0.0448 | 0.8918 | 0.8561 | 0.7267
0013 | 21:15:28 |  15.9s | 1.0e-04 | 0.0446 | 0.9043 | 0.8551 | 0.7205 | 0.0419 | 0.8993 | 0.8495 | 0.7286
0014 | 21:15:54 |  16.5s | 1.0e-04 | 0.0444 | 0.9022 | 0.8556 | 0.7219 | 0.0436 | 0.9029 | 0.8418 | 0.7296
0015 | 21:16:21 |  15.9s | 1.0e-04 | 0.0424 | 0.9067 | 0.8627 | 0.7498 | 0.0423 | 0.9024 | 0.8350 | 0.7209
0016 | 21:16:47 |  16.1s | 1.0e-04 | 0.0413 | 0.9097 | 0.8664 | 0.7546 | 0.0431 | 0.8862 | 0.8739 | 0.7513
0017 | 21:17:14 |  16.0s | 1.0e-04 | 0.0434 | 0.9070 | 0.8629 | 0.7516 | 0.0410 | 0.8958 | 0.8595 | 0.7371
0018 | 21:17:42 |  16.1s | 1.0e-04 | 0.0403 | 0.9107 | 0.8677 | 0.7651 | 0.0436 | 0.8841 | 0.8743 | 0.7375
0019 | 21:18:08 |  16.2s | 1.0e-04 | 0.0398 | 0.9079 | 0.8728 | 0.7776 | 0.0413 | 0.9127 | 0.8566 | 0.7685
0020 | 21:18:34 |  15.8s | 1.0e-04 | 0.0393 | 0.9128 | 0.8763 | 0.7882 | 0.0397 | 0.9172 | 0.8672 | 0.7889
0021 | 21:19:00 |  30.0s | 1.0e-04 | 0.0382 | 0.9126 | 0.8739 | 0.7817 | 0.0393 | 0.9086 | 0.8543 | 0.7764
0022 | 21:19:41 |  15.4s | 1.0e-04 | 0.0385 | 0.9145 | 0.8818 | 0.7994 | 0.0390 | 0.9105 | 0.8738 | 0.7865
0023 | 21:20:09 |  15.8s | 1.0e-04 | 0.0385 | 0.9122 | 0.8787 | 0.7981 | 0.0399 | 0.8685 | 0.9018 | 0.7749
0024 | 21:20:35 |  15.7s | 1.0e-04 | 0.0370 | 0.9146 | 0.8821 | 0.8047 | 0.0380 | 0.8896 | 0.8894 | 0.7841
0025 | 21:21:03 |  15.7s | 1.0e-04 | 0.0366 | 0.9152 | 0.8864 | 0.8113 | 0.0397 | 0.9251 | 0.8377 | 0.7821
0026 | 21:21:29 |  15.7s | 1.0e-04 | 0.0361 | 0.9170 | 0.8897 | 0.8210 | 0.0382 | 0.8985 | 0.8892 | 0.7862
0027 | 21:21:55 |  15.4s | 1.0e-04 | 0.0355 | 0.9160 | 0.8903 | 0.8304 | 0.0400 | 0.9384 | 0.8262 | 0.7728
0028 | 21:22:21 |  15.8s | 1.0e-04 | 0.0345 | 0.9179 | 0.8963 | 0.8351 | 0.0368 | 0.9161 | 0.8736 | 0.8287
0029 | 21:22:47 |  15.3s | 1.0e-04 | 0.0344 | 0.9198 | 0.8945 | 0.8409 | 0.0372 | 0.8975 | 0.8905 | 0.7982
0030 | 21:23:14 |  15.6s | 1.0e-04 | 0.0342 | 0.9199 | 0.8970 | 0.8420 | 0.0373 | 0.8793 | 0.9103 | 0.8079
0031 | 21:23:39 |  15.5s | 1.0e-04 | 0.0333 | 0.9196 | 0.8972 | 0.8449 | 0.0347 | 0.9292 | 0.8610 | 0.8092
0032 | 21:24:06 |  15.8s | 1.0e-04 | 0.0326 | 0.9223 | 0.9034 | 0.8561 | 0.0351 | 0.8980 | 0.8982 | 0.8103
0033 | 21:24:33 |  15.9s | 1.0e-04 | 0.0328 | 0.9207 | 0.9023 | 0.8560 | 0.0352 | 0.8858 | 0.9175 | 0.8286
0034 | 21:24:59 |  15.3s | 1.0e-04 | 0.0317 | 0.9241 | 0.9048 | 0.8632 | 0.0330 | 0.8903 | 0.9195 | 0.8351
0035 | 21:25:24 |  15.8s | 1.0e-04 | 0.0322 | 0.9224 | 0.9055 | 0.8592 | 0.0355 | 0.8901 | 0.9181 | 0.8391
0036 | 21:25:51 |  15.8s | 1.0e-04 | 0.0306 | 0.9262 | 0.9102 | 0.8736 | 0.0322 | 0.9066 | 0.9152 | 0.8552
0037 | 21:26:17 |  15.8s | 1.0e-04 | 0.0319 | 0.9227 | 0.9055 | 0.8612 | 0.0323 | 0.8995 | 0.9178 | 0.8597
0038 | 21:26:43 |  15.5s | 1.0e-04 | 0.0316 | 0.9246 | 0.9095 | 0.8704 | 0.0336 | 0.9156 | 0.8945 | 0.8429
0039 | 21:27:09 |  16.0s | 1.0e-04 | 0.0303 | 0.9266 | 0.9098 | 0.8718 | 0.0319 | 0.9186 | 0.8938 | 0.8387
0040 | 21:27:35 |  15.5s | 1.0e-04 | 0.0298 | 0.9270 | 0.9130 | 0.8817 | 0.0307 | 0.9078 | 0.9139 | 0.8548
0041 | 21:28:02 |  15.9s | 1.0e-04 | 0.0299 | 0.9282 | 0.9135 | 0.8778 | 0.0361 | 0.9195 | 0.8851 | 0.8319
0042 | 21:28:28 |  29.2s | 1.0e-04 | 0.0292 | 0.9279 | 0.9155 | 0.8840 | 0.0329 | 0.9159 | 0.8934 | 0.8409
0043 | 21:29:07 |  16.0s | 1.0e-04 | 0.0297 | 0.9266 | 0.9140 | 0.8790 | 0.0318 | 0.9220 | 0.8912 | 0.8453
0044 | 21:29:36 |  15.7s | 1.0e-04 | 0.0295 | 0.9294 | 0.9145 | 0.8837 | 0.0318 | 0.9116 | 0.9155 | 0.8573
0045 | 21:30:02 |  16.0s | 1.0e-04 | 0.0285 | 0.9298 | 0.9201 | 0.8916 | 0.0321 | 0.9365 | 0.8830 | 0.8595
0046 | 21:30:28 |  16.0s | 1.0e-04 | 0.0278 | 0.9302 | 0.9193 | 0.8933 | 0.0299 | 0.9295 | 0.8863 | 0.8503
0047 | 21:30:55 |  15.8s | 1.0e-04 | 0.0284 | 0.9305 | 0.9202 | 0.8950 | 0.0309 | 0.9292 | 0.8860 | 0.8444
0048 | 21:31:20 |  16.0s | 1.0e-04 | 0.0277 | 0.9322 | 0.9217 | 0.8966 | 0.0335 | 0.9369 | 0.8726 | 0.8473
0049 | 21:31:47 |  16.2s | 1.0e-04 | 0.0281 | 0.9309 | 0.9222 | 0.8992 | 0.0313 | 0.9268 | 0.8888 | 0.8546
0050 | 21:32:13 |  15.9s | 1.0e-04 | 0.0271 | 0.9332 | 0.9241 | 0.9035 | 0.0338 | 0.9108 | 0.9074 | 0.8549
0051 | 21:32:39 |  16.1s | 1.0e-04 | 0.0277 | 0.9300 | 0.9190 | 0.8936 | 0.0329 | 0.9061 | 0.9133 | 0.8481
0052 | 21:33:05 |  15.8s | 1.0e-04 | 0.0278 | 0.9299 | 0.9232 | 0.8985 | 0.0326 | 0.9019 | 0.9174 | 0.8569
0053 | 21:33:32 |  16.1s | 1.0e-04 | 0.0274 | 0.9306 | 0.9221 | 0.8980 | 0.0328 | 0.9308 | 0.8640 | 0.8319
0054 | 21:33:58 |  16.0s | 1.0e-04 | 0.0271 | 0.9308 | 0.9245 | 0.9019 | 0.0315 | 0.9012 | 0.9055 | 0.8368
0055 | 21:34:27 |  16.1s | 1.0e-04 | 0.0269 | 0.9332 | 0.9253 | 0.9052 | 0.0327 | 0.9005 | 0.9154 | 0.8518
0056 | 21:34:53 |  16.1s | 1.0e-04 | 0.0278 | 0.9297 | 0.9230 | 0.8984 | 0.0322 | 0.8963 | 0.9219 | 0.8522
0057 | 21:35:20 |  16.1s | 1.0e-04 | 0.0272 | 0.9323 | 0.9246 | 0.9020 | 0.0291 | 0.9179 | 0.9079 | 0.8577
0058 | 21:35:47 |  16.1s | 1.0e-04 | 0.0270 | 0.9328 | 0.9265 | 0.9053 | 0.0294 | 0.9200 | 0.9132 | 0.8710
0059 | 21:36:13 |  15.9s | 1.0e-04 | 0.0278 | 0.9310 | 0.9237 | 0.8993 | 0.0312 | 0.9197 | 0.9102 | 0.8728
0060 | 21:36:42 |  16.0s | 1.0e-04 | 0.0267 | 0.9333 | 0.9236 | 0.9018 | 0.0301 | 0.9212 | 0.9098 | 0.8543
0061 | 21:37:09 |  16.1s | 1.0e-04 | 0.0260 | 0.9354 | 0.9251 | 0.9070 | 0.0309 | 0.9389 | 0.8940 | 0.8804
0062 | 21:37:38 |  16.2s | 1.0e-04 | 0.0256 | 0.9352 | 0.9281 | 0.9103 | 0.0291 | 0.9368 | 0.8868 | 0.8671
0063 | 21:38:04 |  30.8s | 1.0e-04 | 0.0275 | 0.9319 | 0.9269 | 0.9046 | 0.0304 | 0.9223 | 0.9090 | 0.8666
0064 | 21:38:45 |  15.8s | 1.0e-04 | 0.0290 | 0.9308 | 0.9250 | 0.9038 | 0.0301 | 0.8905 | 0.9296 | 0.8561
0065 | 21:39:12 |  16.1s | 1.0e-04 | 0.0283 | 0.9334 | 0.9257 | 0.9049 | 0.0299 | 0.9257 | 0.9063 | 0.8709
0066 | 21:39:39 |  15.8s | 1.0e-04 | 0.0273 | 0.9353 | 0.9262 | 0.9066 | 0.0287 | 0.9326 | 0.8976 | 0.8727
0067 | 21:40:07 |  16.0s | 1.0e-04 | 0.0277 | 0.9356 | 0.9279 | 0.9102 | 0.0288 | 0.9105 | 0.9253 | 0.8745
0068 | 21:40:33 |  16.0s | 1.0e-04 | 0.0278 | 0.9334 | 0.9286 | 0.9072 | 0.0305 | 0.9431 | 0.8775 | 0.8692
0069 | 21:41:00 |  15.9s | 1.0e-04 | 0.0274 | 0.9343 | 0.9276 | 0.9095 | 0.0274 | 0.9247 | 0.9192 | 0.8871
0070 | 21:41:27 |  15.7s | 1.0e-04 | 0.0274 | 0.9345 | 0.9301 | 0.9123 | 0.0287 | 0.9261 | 0.9022 | 0.8634
0071 | 21:41:54 |  15.8s | 1.0e-04 | 0.0277 | 0.9332 | 0.9296 | 0.9095 | 0.0283 | 0.9129 | 0.9294 | 0.8823
0072 | 21:42:22 |  15.8s | 1.0e-04 | 0.0273 | 0.9342 | 0.9286 | 0.9102 | 0.0281 | 0.9099 | 0.9253 | 0.8693
0073 | 21:42:48 |  16.2s | 1.0e-04 | 0.0272 | 0.9337 | 0.9302 | 0.9117 | 0.0290 | 0.9256 | 0.9068 | 0.8717
0074 | 21:43:15 |  15.9s | 1.0e-04 | 0.0274 | 0.9352 | 0.9310 | 0.9148 | 0.0284 | 0.9031 | 0.9396 | 0.8871
0075 | 21:43:42 |  16.1s | 1.0e-04 | 0.0273 | 0.9348 | 0.9304 | 0.9131 | 0.0297 | 0.9253 | 0.9085 | 0.8758
0076 | 21:44:08 |  16.1s | 1.0e-04 | 0.0268 | 0.9365 | 0.9329 | 0.9179 | 0.0290 | 0.9213 | 0.9090 | 0.8639
0077 | 21:44:35 |  16.3s | 1.0e-04 | 0.0283 | 0.9345 | 0.9289 | 0.9099 | 0.0281 | 0.9238 | 0.9174 | 0.8803
0078 | 21:45:02 |  15.8s | 1.0e-04 | 0.0267 | 0.9358 | 0.9307 | 0.9158 | 0.0281 | 0.9324 | 0.9160 | 0.8940
0079 | 21:45:28 |  16.3s | 1.0e-04 | 0.0267 | 0.9362 | 0.9322 | 0.9175 | 0.0284 | 0.9276 | 0.8951 | 0.8650
0080 | 21:45:55 |  15.8s | 1.0e-04 | 0.0271 | 0.9370 | 0.9310 | 0.9144 | 0.0274 | 0.9173 | 0.9246 | 0.8844
0081 | 21:46:23 |  16.0s | 1.0e-04 | 0.0268 | 0.9364 | 0.9293 | 0.9127 | 0.0283 | 0.9203 | 0.9203 | 0.8821
0082 | 21:46:50 |  16.3s | 1.0e-04 | 0.0261 | 0.9358 | 0.9329 | 0.9166 | 0.0270 | 0.9192 | 0.9216 | 0.8817
0083 | 21:47:17 |  15.9s | 1.0e-04 | 0.0265 | 0.9353 | 0.9331 | 0.9169 | 0.0287 | 0.9270 | 0.9153 | 0.8850
0084 | 21:47:44 |  29.1s | 1.0e-04 | 0.0263 | 0.9372 | 0.9336 | 0.9186 | 0.0300 | 0.9229 | 0.9109 | 0.8706
0085 | 21:48:24 |  16.5s | 1.0e-04 | 0.0268 | 0.9367 | 0.9333 | 0.9177 | 0.0298 | 0.9344 | 0.8859 | 0.8696
0086 | 21:48:51 |  15.8s | 1.0e-04 | 0.0260 | 0.9387 | 0.9348 | 0.9221 | 0.0281 | 0.9160 | 0.9215 | 0.8818
0087 | 21:49:19 |  15.8s | 1.0e-04 | 0.0259 | 0.9389 | 0.9331 | 0.9188 | 0.0282 | 0.9119 | 0.9212 | 0.8664
0088 | 21:49:45 |  15.7s | 1.0e-04 | 0.0263 | 0.9381 | 0.9316 | 0.9168 | 0.0292 | 0.9184 | 0.9189 | 0.8801
0089 | 21:50:14 |  15.8s | 1.0e-04 | 0.0261 | 0.9383 | 0.9343 | 0.9207 | 0.0260 | 0.9209 | 0.9275 | 0.8906
0090 | 21:50:41 |  16.1s | 1.0e-04 | 0.0260 | 0.9365 | 0.9335 | 0.9202 | 0.0297 | 0.9033 | 0.9231 | 0.8601
0091 | 21:51:08 |  15.9s | 1.0e-04 | 0.0258 | 0.9386 | 0.9371 | 0.9243 | 0.0282 | 0.9335 | 0.9094 | 0.8853
0092 | 21:51:34 |  16.1s | 1.0e-04 | 0.0250 | 0.9393 | 0.9369 | 0.9266 | 0.0290 | 0.8997 | 0.9321 | 0.8735
0093 | 21:52:01 |  15.8s | 1.0e-04 | 0.0261 | 0.9371 | 0.9334 | 0.9198 | 0.0286 | 0.9182 | 0.9221 | 0.8804
0094 | 21:52:28 |  16.3s | 1.0e-04 | 0.0265 | 0.9358 | 0.9338 | 0.9183 | 0.0276 | 0.9151 | 0.9409 | 0.9018
0095 | 21:52:55 |  15.9s | 1.0e-04 | 0.0249 | 0.9396 | 0.9365 | 0.9241 | 0.0258 | 0.9242 | 0.9306 | 0.8992
0096 | 21:53:24 |  16.1s | 1.0e-04 | 0.0249 | 0.9391 | 0.9389 | 0.9269 | 0.0280 | 0.9036 | 0.9441 | 0.8924
0097 | 21:53:50 |  16.1s | 1.0e-04 | 0.0248 | 0.9400 | 0.9380 | 0.9277 | 0.0289 | 0.9412 | 0.8968 | 0.8857
0098 | 21:54:17 |  15.8s | 1.0e-04 | 0.0260 | 0.9386 | 0.9351 | 0.9231 | 0.0284 | 0.8999 | 0.9512 | 0.9005
0099 | 21:54:44 |  16.0s | 1.0e-04 | 0.0257 | 0.9397 | 0.9366 | 0.9244 | 0.0283 | 0.9061 | 0.9422 | 0.8917
0100 | 21:55:10 |  15.8s | 1.0e-04 | 0.0256 | 0.9410 | 0.9377 | 0.9283 | 0.0273 | 0.9288 | 0.9096 | 0.8809
0101 | 21:55:39 |  15.7s | 1.0e-04 | 0.0251 | 0.9394 | 0.9391 | 0.9269 | 0.0260 | 0.9273 | 0.9293 | 0.9003
0102 | 21:56:05 |  15.8s | 1.0e-04 | 0.0250 | 0.9412 | 0.9375 | 0.9280 | 0.0273 | 0.9290 | 0.9102 | 0.8832
0103 | 21:56:31 |  16.2s | 1.0e-04 | 0.0257 | 0.9388 | 0.9364 | 0.9256 | 0.0268 | 0.9267 | 0.9221 | 0.8933
0104 | 21:56:58 |  15.6s | 1.0e-04 | 0.0250 | 0.9380 | 0.9393 | 0.9272 | 0.0276 | 0.9247 | 0.9141 | 0.8788
0105 | 21:57:27 |  35.0s | 1.0e-04 | 0.0260 | 0.9360 | 0.9351 | 0.9187 | 0.0277 | 0.9227 | 0.9170 | 0.8823
0106 | 21:58:12 |  16.3s | 1.0e-04 | 0.0244 | 0.9379 | 0.9352 | 0.9231 | 0.0268 | 0.9297 | 0.9180 | 0.8846
0107 | 21:58:39 |  15.7s | 1.0e-04 | 0.0249 | 0.9382 | 0.9343 | 0.9201 | 0.0278 | 0.9091 | 0.9287 | 0.8737
0108 | 21:59:08 |  15.8s | 1.0e-04 | 0.0247 | 0.9376 | 0.9335 | 0.9208 | 0.0273 | 0.9243 | 0.9311 | 0.9006
0109 | 21:59:34 |  16.2s | 1.0e-04 | 0.0244 | 0.9378 | 0.9363 | 0.9221 | 0.0275 | 0.9208 | 0.9208 | 0.8833
0110 | 22:00:01 |  15.9s | 1.0e-04 | 0.0244 | 0.9391 | 0.9352 | 0.9235 | 0.0267 | 0.9347 | 0.9120 | 0.8898
0111 | 22:00:28 |  15.9s | 1.0e-04 | 0.0242 | 0.9412 | 0.9363 | 0.9263 | 0.0262 | 0.9318 | 0.9172 | 0.8924
0112 | 22:00:54 |  15.8s | 1.0e-04 | 0.0243 | 0.9380 | 0.9350 | 0.9216 | 0.0260 | 0.9367 | 0.9132 | 0.8928
0113 | 22:01:23 |  15.9s | 1.0e-04 | 0.0246 | 0.9394 | 0.9342 | 0.9223 | 0.0267 | 0.9323 | 0.9184 | 0.8995
0114 | 22:01:50 |  16.4s | 1.0e-04 | 0.0242 | 0.9386 | 0.9381 | 0.9269 | 0.0287 | 0.9418 | 0.8969 | 0.8877
0115 | 22:02:17 |  15.9s | 1.0e-04 | 0.0244 | 0.9388 | 0.9374 | 0.9252 | 0.0269 | 0.9205 | 0.9271 | 0.8946
0116 | 22:02:43 |  16.2s | 1.0e-04 | 0.0244 | 0.9401 | 0.9384 | 0.9278 | 0.0266 | 0.9302 | 0.9105 | 0.8881
0117 | 22:03:11 |  16.1s | 1.0e-04 | 0.0244 | 0.9397 | 0.9367 | 0.9255 | 0.0256 | 0.9306 | 0.9285 | 0.9057
0118 | 22:03:38 |  16.1s | 1.0e-04 | 0.0238 | 0.9401 | 0.9371 | 0.9262 | 0.0271 | 0.9183 | 0.9283 | 0.8873
0119 | 22:04:04 |  15.9s | 1.0e-04 | 0.0246 | 0.9389 | 0.9366 | 0.9248 | 0.0267 | 0.9288 | 0.9129 | 0.8899
0120 | 22:04:31 |  16.4s | 1.0e-04 | 0.0245 | 0.9385 | 0.9352 | 0.9238 | 0.0267 | 0.9149 | 0.9332 | 0.8911
0121 | 22:04:58 |  16.0s | 1.0e-04 | 0.0233 | 0.9401 | 0.9396 | 0.9299 | 0.0260 | 0.9285 | 0.9286 | 0.8993
0122 | 22:05:26 |  15.9s | 1.0e-04 | 0.0242 | 0.9393 | 0.9370 | 0.9262 | 0.0256 | 0.9256 | 0.9287 | 0.9001
0123 | 22:05:53 |  16.1s | 1.0e-04 | 0.0243 | 0.9382 | 0.9389 | 0.9275 | 0.0270 | 0.9520 | 0.8896 | 0.8993
0124 | 22:06:20 |  15.6s | 1.0e-04 | 0.0241 | 0.9377 | 0.9378 | 0.9254 | 0.0277 | 0.9120 | 0.9349 | 0.8910
0125 | 22:06:46 |  16.1s | 1.0e-04 | 0.0246 | 0.9373 | 0.9361 | 0.9228 | 0.0267 | 0.9175 | 0.9353 | 0.8995
0126 | 22:07:16 |  15.6s | 1.0e-04 | 0.0232 | 0.9400 | 0.9401 | 0.9304 | 0.0277 | 0.8938 | 0.9467 | 0.8863
0127 | 22:07:45 |  15.5s | 1.0e-04 | 0.0234 | 0.9410 | 0.9410 | 0.9320 | 0.0251 | 0.9154 | 0.9425 | 0.9035
0128 | 22:08:11 |  15.6s | 1.0e-04 | 0.0225 | 0.9414 | 0.9401 | 0.9330 | 0.0258 | 0.9105 | 0.9407 | 0.8948
0129 | 22:08:40 |  15.6s | 1.0e-04 | 0.0233 | 0.9417 | 0.9416 | 0.9328 | 0.0284 | 0.9503 | 0.8933 | 0.8961
0130 | 22:09:06 |  15.4s | 1.0e-04 | 0.0234 | 0.9417 | 0.9410 | 0.9319 | 0.0268 | 0.9233 | 0.9235 | 0.8922
0131 | 22:09:34 |  15.6s | 1.0e-04 | 0.0232 | 0.9421 | 0.9419 | 0.9342 | 0.0265 | 0.9267 | 0.9242 | 0.8940
0132 | 22:10:00 |  16.8s | 1.0e-04 | 0.0225 | 0.9421 | 0.9426 | 0.9349 | 0.0270 | 0.9177 | 0.9281 | 0.8908
0133 | 22:10:28 |  15.7s | 1.0e-04 | 0.0233 | 0.9410 | 0.9395 | 0.9313 | 0.0268 | 0.8998 | 0.9486 | 0.8964
0134 | 22:10:54 |  15.9s | 1.0e-04 | 0.0233 | 0.9415 | 0.9408 | 0.9322 | 0.0255 | 0.9359 | 0.9243 | 0.9082
0135 | 22:11:20 |  15.7s | 1.0e-04 | 0.0233 | 0.9410 | 0.9407 | 0.9325 | 0.0283 | 0.9064 | 0.9406 | 0.8932
0136 | 22:11:49 |  16.0s | 1.0e-04 | 0.0236 | 0.9411 | 0.9385 | 0.9287 | 0.0279 | 0.9216 | 0.9349 | 0.9001
0137 | 22:12:15 |  15.5s | 1.0e-04 | 0.0231 | 0.9411 | 0.9410 | 0.9325 | 0.0250 | 0.9473 | 0.9089 | 0.9017
0138 | 22:12:41 |  15.6s | 1.0e-04 | 0.0231 | 0.9426 | 0.9410 | 0.9331 | 0.0260 | 0.9240 | 0.9272 | 0.8936
0139 | 22:13:07 |  15.9s | 1.0e-04 | 0.0223 | 0.9432 | 0.9429 | 0.9367 | 0.0268 | 0.9366 | 0.9199 | 0.9045
0140 | 22:13:34 |  15.6s | 1.0e-04 | 0.0229 | 0.9415 | 0.9395 | 0.9306 | 0.0263 | 0.9259 | 0.9219 | 0.8925
0141 | 22:14:02 |  15.9s | 1.0e-04 | 0.0235 | 0.9409 | 0.9407 | 0.9314 | 0.0256 | 0.9267 | 0.9270 | 0.8980
0142 | 22:14:28 |  15.7s | 1.0e-04 | 0.0229 | 0.9404 | 0.9393 | 0.9290 | 0.0257 | 0.9312 | 0.9277 | 0.9011
0143 | 22:14:56 |  15.9s | 1.0e-04 | 0.0224 | 0.9437 | 0.9437 | 0.9371 | 0.0254 | 0.9262 | 0.9313 | 0.9053
0144 | 22:15:22 |  15.4s | 1.0e-04 | 0.0227 | 0.9420 | 0.9415 | 0.9339 | 0.0258 | 0.9382 | 0.9084 | 0.8966
0145 | 22:15:50 |  15.7s | 1.0e-04 | 0.0232 | 0.9429 | 0.9408 | 0.9333 | 0.0269 | 0.9252 | 0.9254 | 0.8936
0146 | 22:16:16 |  27.3s | 1.0e-04 | 0.0229 | 0.9443 | 0.9407 | 0.9356 | 0.0260 | 0.9251 | 0.9279 | 0.8978
0147 | 22:16:54 |  15.7s | 1.0e-04 | 0.0228 | 0.9430 | 0.9404 | 0.9324 | 0.0268 | 0.9005 | 0.9470 | 0.8953
0148 | 22:17:20 |  16.0s | 1.0e-04 | 0.0220 | 0.9434 | 0.9431 | 0.9368 | 0.0256 | 0.9359 | 0.9210 | 0.8999
0149 | 22:17:46 |  15.7s | 1.0e-04 | 0.0227 | 0.9427 | 0.9441 | 0.9364 | 0.0272 | 0.9290 | 0.9292 | 0.9051
0150 | 22:18:14 |  16.0s | 1.0e-04 | 0.0222 | 0.9436 | 0.9424 | 0.9356 | 0.0264 | 0.9246 | 0.9232 | 0.8908
0151 | 22:18:41 |  16.1s | 1.0e-04 | 0.0225 | 0.9420 | 0.9407 | 0.9327 | 0.0260 | 0.9259 | 0.9204 | 0.8920
0152 | 22:19:08 |  15.6s | 1.0e-04 | 0.0219 | 0.9437 | 0.9433 | 0.9373 | 0.0258 | 0.9222 | 0.9286 | 0.8958
0153 | 22:19:33 |  16.0s | 1.0e-04 | 0.0226 | 0.9432 | 0.9422 | 0.9359 | 0.0277 | 0.9452 | 0.8944 | 0.8948
0154 | 22:20:00 |  15.6s | 1.0e-04 | 0.0223 | 0.9443 | 0.9419 | 0.9365 | 0.0264 | 0.9286 | 0.9286 | 0.9010
0155 | 22:20:27 |  15.7s | 1.0e-04 | 0.0218 | 0.9441 | 0.9433 | 0.9373 | 0.0257 | 0.9256 | 0.9343 | 0.9088
0156 | 22:20:53 |  15.4s | 1.0e-04 | 0.0223 | 0.9432 | 0.9411 | 0.9343 | 0.0252 | 0.9299 | 0.9244 | 0.8957
0157 | 22:21:20 |  15.9s | 1.0e-04 | 0.0223 | 0.9439 | 0.9417 | 0.9344 | 0.0261 | 0.9354 | 0.9166 | 0.8997
0158 | 22:21:46 |  15.9s | 1.0e-04 | 0.0220 | 0.9444 | 0.9420 | 0.9363 | 0.0261 | 0.9138 | 0.9389 | 0.8977
0159 | 22:22:15 |  15.5s | 1.0e-04 | 0.0225 | 0.9424 | 0.9419 | 0.9339 | 0.0252 | 0.9398 | 0.9085 | 0.8974
0160 | 22:22:41 |  15.5s | 1.0e-04 | 0.0224 | 0.9437 | 0.9398 | 0.9329 | 0.0250 | 0.9411 | 0.9102 | 0.9012
0161 | 22:23:08 |  15.9s | 1.0e-04 | 0.0222 | 0.9429 | 0.9417 | 0.9349 | 0.0249 | 0.9306 | 0.9304 | 0.9015
0162 | 22:23:34 |  16.0s | 1.0e-04 | 0.0221 | 0.9448 | 0.9409 | 0.9360 | 0.0255 | 0.9173 | 0.9465 | 0.9115
0163 | 22:24:02 |  15.5s | 1.0e-04 | 0.0227 | 0.9431 | 0.9431 | 0.9360 | 0.0261 | 0.9195 | 0.9325 | 0.8986
0164 | 22:24:27 |  16.2s | 1.0e-04 | 0.0219 | 0.9452 | 0.9441 | 0.9390 | 0.0253 | 0.9357 | 0.9177 | 0.8964
0165 | 22:24:54 |  15.7s | 1.0e-04 | 0.0224 | 0.9423 | 0.9422 | 0.9351 | 0.0265 | 0.9378 | 0.9120 | 0.8989
0166 | 22:25:21 |  15.5s | 1.0e-04 | 0.0221 | 0.9430 | 0.9443 | 0.9378 | 0.0263 | 0.9112 | 0.9395 | 0.8955
0167 | 22:25:47 |  29.0s | 1.0e-04 | 0.0219 | 0.9418 | 0.9439 | 0.9365 | 0.0261 | 0.9232 | 0.9317 | 0.8970
0168 | 22:26:27 |  15.9s | 1.0e-04 | 0.0223 | 0.9413 | 0.9416 | 0.9331 | 0.0265 | 0.9414 | 0.9104 | 0.8983
0169 | 22:26:55 |  15.8s | 1.0e-04 | 0.0226 | 0.9419 | 0.9399 | 0.9324 | 0.0254 | 0.9264 | 0.9353 | 0.9074
0170 | 22:27:21 |  15.7s | 1.0e-04 | 0.0222 | 0.9421 | 0.9411 | 0.9330 | 0.0260 | 0.9313 | 0.9176 | 0.8947
0171 | 22:27:47 |  16.2s | 1.0e-04 | 0.0222 | 0.9407 | 0.9390 | 0.9300 | 0.0255 | 0.9305 | 0.9281 | 0.9041
0172 | 22:28:14 |  15.6s | 1.0e-04 | 0.0220 | 0.9428 | 0.9410 | 0.9337 | 0.0263 | 0.9291 | 0.9165 | 0.8871
0173 | 22:28:42 |  16.0s | 1.0e-04 | 0.0223 | 0.9405 | 0.9394 | 0.9301 | 0.0283 | 0.9159 | 0.9356 | 0.8946
0174 | 22:29:08 |  15.8s | 1.0e-04 | 0.0224 | 0.9407 | 0.9425 | 0.9328 | 0.0243 | 0.9341 | 0.9219 | 0.8999
0175 | 22:29:36 |  15.9s | 1.0e-04 | 0.0229 | 0.9402 | 0.9380 | 0.9271 | 0.0255 | 0.9333 | 0.9292 | 0.9062
0176 | 22:30:03 |  16.2s | 1.0e-04 | 0.0226 | 0.9399 | 0.9376 | 0.9283 | 0.0248 | 0.9333 | 0.9245 | 0.9030
0177 | 22:30:29 |  15.7s | 1.0e-04 | 0.0219 | 0.9435 | 0.9404 | 0.9336 | 0.0262 | 0.9299 | 0.9234 | 0.8993
0178 | 22:30:55 |  16.1s | 1.0e-04 | 0.0223 | 0.9416 | 0.9401 | 0.9310 | 0.0255 | 0.9374 | 0.9248 | 0.9090
0179 | 22:31:21 |  15.7s | 1.0e-04 | 0.0219 | 0.9436 | 0.9420 | 0.9363 | 0.0281 | 0.9387 | 0.9141 | 0.9017
0180 | 22:31:48 |  15.8s | 1.0e-04 | 0.0225 | 0.9380 | 0.9392 | 0.9271 | 0.0253 | 0.9276 | 0.9317 | 0.9058
0181 | 22:32:14 |  15.7s | 1.0e-04 | 0.0226 | 0.9415 | 0.9400 | 0.9309 | 0.0257 | 0.9253 | 0.9358 | 0.9054
0182 | 22:32:42 |  15.5s | 1.0e-04 | 0.0222 | 0.9404 | 0.9408 | 0.9315 | 0.0254 | 0.9415 | 0.9187 | 0.9102
0183 | 22:33:08 |  15.9s | 1.0e-04 | 0.0220 | 0.9418 | 0.9417 | 0.9332 | 0.0254 | 0.9268 | 0.9331 | 0.9063
0184 | 22:33:34 |  15.6s | 1.0e-04 | 0.0223 | 0.9425 | 0.9394 | 0.9304 | 0.0263 | 0.9395 | 0.9161 | 0.9012
0185 | 22:34:00 |  15.8s | 1.0e-04 | 0.0226 | 0.9416 | 0.9397 | 0.9311 | 0.0265 | 0.9187 | 0.9368 | 0.9007
0186 | 22:34:28 |  15.6s | 1.0e-04 | 0.0223 | 0.9420 | 0.9400 | 0.9316 | 0.0250 | 0.9494 | 0.8947 | 0.8970
0187 | 22:34:54 |  16.1s | 1.0e-04 | 0.0222 | 0.9400 | 0.9396 | 0.9301 | 0.0256 | 0.9269 | 0.9277 | 0.8988
0188 | 22:35:21 |  29.5s | 1.0e-04 | 0.0227 | 0.9421 | 0.9405 | 0.9321 | 0.0258 | 0.9379 | 0.9156 | 0.9007
0189 | 22:36:01 |  16.0s | 1.0e-04 | 0.0215 | 0.9450 | 0.9438 | 0.9390 | 0.0256 | 0.9479 | 0.9076 | 0.9097
0190 | 22:36:28 |  15.9s | 1.0e-04 | 0.0213 | 0.9451 | 0.9432 | 0.9380 | 0.0258 | 0.9311 | 0.9206 | 0.8994
0191 | 22:36:56 |  16.0s | 1.0e-04 | 0.0222 | 0.9443 | 0.9407 | 0.9346 | 0.0259 | 0.9159 | 0.9444 | 0.9076
0192 | 22:37:22 |  16.2s | 1.0e-04 | 0.0223 | 0.9429 | 0.9418 | 0.9347 | 0.0252 | 0.9280 | 0.9299 | 0.9038
0193 | 22:37:49 |  15.9s | 1.0e-04 | 0.0224 | 0.9415 | 0.9402 | 0.9327 | 0.0247 | 0.9241 | 0.9312 | 0.9007
0194 | 22:38:16 |  16.3s | 1.0e-04 | 0.0215 | 0.9438 | 0.9442 | 0.9385 | 0.0247 | 0.9281 | 0.9308 | 0.9057
0195 | 22:38:42 |  16.0s | 1.0e-04 | 0.0217 | 0.9426 | 0.9430 | 0.9358 | 0.0243 | 0.9338 | 0.9205 | 0.8973
0196 | 22:39:10 |  16.0s | 1.0e-04 | 0.0219 | 0.9421 | 0.9446 | 0.9369 | 0.0250 | 0.9300 | 0.9275 | 0.9006
0197 | 22:39:37 |  16.2s | 1.0e-04 | 0.0220 | 0.9440 | 0.9418 | 0.9363 | 0.0256 | 0.9220 | 0.9314 | 0.8994
0198 | 22:40:04 |  15.8s | 1.0e-04 | 0.0216 | 0.9440 | 0.9427 | 0.9366 | 0.0253 | 0.9292 | 0.9335 | 0.9084
0199 | 22:40:29 |  15.9s | 1.0e-04 | 0.0219 | 0.9427 | 0.9418 | 0.9347 | 0.0250 | 0.9372 | 0.9181 | 0.8945
0200 | 22:40:58 |  16.0s | 1.0e-04 | 0.0221 | 0.9441 | 0.9430 | 0.9371 | 0.0253 | 0.9435 | 0.9076 | 0.9021
0201 | 22:41:24 |  16.1s | 1.0e-04 | 0.0217 | 0.9428 | 0.9425 | 0.9343 | 0.0248 | 0.9365 | 0.9160 | 0.8970
0202 | 22:41:51 |  16.0s | 1.0e-04 | 0.0218 | 0.9430 | 0.9416 | 0.9343 | 0.0254 | 0.9328 | 0.9220 | 0.9057
0203 | 22:42:17 |  16.3s | 1.0e-04 | 0.0224 | 0.9418 | 0.9413 | 0.9334 | 0.0242 | 0.9333 | 0.9298 | 0.9057
0204 | 22:42:44 |  15.9s | 1.0e-04 | 0.0215 | 0.9438 | 0.9435 | 0.9375 | 0.0236 | 0.9288 | 0.9388 | 0.9157
0205 | 22:43:11 |  16.4s | 1.0e-04 | 0.0210 | 0.9441 | 0.9440 | 0.9384 | 0.0252 | 0.9303 | 0.9253 | 0.9039
0206 | 22:43:37 |  16.0s | 1.0e-04 | 0.0217 | 0.9443 | 0.9431 | 0.9378 | 0.0249 | 0.9258 | 0.9389 | 0.9110
0207 | 22:44:06 |  15.8s | 1.0e-04 | 0.0213 | 0.9432 | 0.9420 | 0.9360 | 0.0249 | 0.9475 | 0.9121 | 0.9087
0208 | 22:44:32 |  16.4s | 1.0e-04 | 0.0217 | 0.9439 | 0.9420 | 0.9365 | 0.0254 | 0.9296 | 0.9264 | 0.9096
0209 | 22:44:59 |  24.8s | 1.0e-04 | 0.0220 | 0.9440 | 0.9420 | 0.9365 | 0.0250 | 0.9331 | 0.9275 | 0.9085
0210 | 22:45:34 |  16.0s | 1.0e-04 | 0.0225 | 0.9436 | 0.9427 | 0.9364 | 0.0237 | 0.9301 | 0.9320 | 0.9077
0211 | 22:46:00 |  16.2s | 1.0e-04 | 0.0228 | 0.9442 | 0.9428 | 0.9365 | 0.0251 | 0.9311 | 0.9362 | 0.9153
0212 | 22:46:29 |  16.1s | 1.0e-04 | 0.0226 | 0.9445 | 0.9453 | 0.9400 | 0.0248 | 0.9347 | 0.9210 | 0.9038
0213 | 22:46:55 |  16.1s | 1.0e-04 | 0.0222 | 0.9450 | 0.9442 | 0.9394 | 0.0258 | 0.9327 | 0.9140 | 0.8967
0214 | 22:47:24 |  16.0s | 1.0e-04 | 0.0223 | 0.9440 | 0.9426 | 0.9374 | 0.0256 | 0.9291 | 0.9320 | 0.9055
0215 | 22:47:50 |  16.2s | 1.0e-04 | 0.0223 | 0.9430 | 0.9441 | 0.9370 | 0.0257 | 0.9239 | 0.9397 | 0.9074
0216 | 22:48:19 |  16.1s | 1.0e-04 | 0.0223 | 0.9429 | 0.9439 | 0.9365 | 0.0249 | 0.9116 | 0.9459 | 0.9070
0217 | 22:48:45 |  16.2s | 1.0e-04 | 0.0223 | 0.9436 | 0.9419 | 0.9343 | 0.0246 | 0.9304 | 0.9313 | 0.9076
0218 | 22:49:12 |  16.0s | 1.0e-04 | 0.0221 | 0.9452 | 0.9440 | 0.9401 | 0.0255 | 0.9146 | 0.9438 | 0.9073
0219 | 22:49:38 |  16.5s | 1.0e-04 | 0.0220 | 0.9450 | 0.9434 | 0.9375 | 0.0238 | 0.9274 | 0.9277 | 0.9024
0220 | 22:50:05 |  15.9s | 1.0e-04 | 0.0224 | 0.9428 | 0.9440 | 0.9372 | 0.0250 | 0.9153 | 0.9359 | 0.8971
0221 | 22:50:34 |  16.0s | 1.0e-04 | 0.0222 | 0.9419 | 0.9455 | 0.9377 | 0.0251 | 0.9393 | 0.9187 | 0.9079
0222 | 22:51:00 |  16.4s | 1.0e-04 | 0.0224 | 0.9427 | 0.9417 | 0.9349 | 0.0247 | 0.9411 | 0.9198 | 0.9043
0223 | 22:51:27 |  16.1s | 1.0e-04 | 0.0221 | 0.9426 | 0.9426 | 0.9358 | 0.0238 | 0.9353 | 0.9331 | 0.9198
0224 | 22:51:54 |  16.5s | 1.0e-04 | 0.0220 | 0.9451 | 0.9437 | 0.9390 | 0.0252 | 0.9301 | 0.9360 | 0.9094
0225 | 22:52:20 |  16.2s | 1.0e-04 | 0.0220 | 0.9462 | 0.9456 | 0.9420 | 0.0242 | 0.9314 | 0.9349 | 0.9115
0226 | 22:52:48 |  16.1s | 1.0e-04 | 0.0216 | 0.9443 | 0.9479 | 0.9421 | 0.0245 | 0.9472 | 0.9225 | 0.9165
0227 | 22:53:14 |  15.9s | 1.0e-04 | 0.0221 | 0.9431 | 0.9425 | 0.9363 | 0.0246 | 0.9207 | 0.9450 | 0.9136
0228 | 22:53:42 |  16.0s | 1.0e-04 | 0.0222 | 0.9449 | 0.9430 | 0.9381 | 0.0241 | 0.9235 | 0.9284 | 0.8947
0229 | 22:54:08 |  16.2s | 1.0e-04 | 0.0217 | 0.9442 | 0.9434 | 0.9379 | 0.0241 | 0.9449 | 0.9183 | 0.9137
0230 | 22:54:36 |  29.2s | 1.0e-04 | 0.0216 | 0.9458 | 0.9448 | 0.9402 | 0.0252 | 0.9351 | 0.9155 | 0.9020
0231 | 22:55:16 |  15.8s | 1.0e-04 | 0.0215 | 0.9471 | 0.9473 | 0.9439 | 0.0234 | 0.9298 | 0.9384 | 0.9145
0232 | 22:55:42 |  15.8s | 1.0e-04 | 0.0220 | 0.9445 | 0.9438 | 0.9377 | 0.0250 | 0.9300 | 0.9316 | 0.9090
0233 | 22:56:10 |  15.9s | 1.0e-04 | 0.0218 | 0.9446 | 0.9455 | 0.9407 | 0.0254 | 0.9447 | 0.9130 | 0.9060
0234 | 22:56:36 |  16.2s | 1.0e-04 | 0.0221 | 0.9451 | 0.9444 | 0.9394 | 0.0244 | 0.9135 | 0.9496 | 0.9125
0235 | 22:57:03 |  15.7s | 1.0e-04 | 0.0213 | 0.9471 | 0.9469 | 0.9436 | 0.0239 | 0.9332 | 0.9213 | 0.9004
0236 | 22:57:30 |  15.9s | 1.0e-04 | 0.0221 | 0.9448 | 0.9446 | 0.9387 | 0.0253 | 0.9337 | 0.9249 | 0.9059
0237 | 22:57:56 |  15.8s | 1.0e-04 | 0.0218 | 0.9450 | 0.9436 | 0.9389 | 0.0241 | 0.9325 | 0.9286 | 0.9041
0238 | 22:58:24 |  15.7s | 1.0e-04 | 0.0218 | 0.9463 | 0.9448 | 0.9407 | 0.0241 | 0.9448 | 0.9083 | 0.9036
0239 | 22:58:50 |  15.9s | 1.0e-04 | 0.0224 | 0.9456 | 0.9432 | 0.9401 | 0.0234 | 0.9226 | 0.9500 | 0.9222
0240 | 22:59:17 |  15.9s | 1.0e-04 | 0.0224 | 0.9425 | 0.9446 | 0.9374 | 0.0249 | 0.9173 | 0.9435 | 0.9106
0241 | 22:59:43 |  15.9s | 1.0e-04 | 0.0217 | 0.9445 | 0.9466 | 0.9409 | 0.0246 | 0.9229 | 0.9424 | 0.9109
0242 | 23:00:11 |  15.9s | 1.0e-04 | 0.0216 | 0.9444 | 0.9481 | 0.9418 | 0.0245 | 0.9241 | 0.9388 | 0.9079
0243 | 23:00:37 |  15.7s | 1.0e-04 | 0.0222 | 0.9460 | 0.9464 | 0.9427 | 0.0255 | 0.9333 | 0.9271 | 0.9067
0244 | 23:01:05 |  15.8s | 1.0e-04 | 0.0219 | 0.9454 | 0.9456 | 0.9413 | 0.0242 | 0.9293 | 0.9385 | 0.9153
0245 | 23:01:32 |  16.0s | 1.0e-04 | 0.0216 | 0.9461 | 0.9479 | 0.9442 | 0.0250 | 0.9457 | 0.9078 | 0.9050
0246 | 23:01:58 |  15.7s | 1.0e-04 | 0.0215 | 0.9465 | 0.9454 | 0.9425 | 0.0250 | 0.9236 | 0.9302 | 0.9012
0247 | 23:02:24 |  16.1s | 1.0e-04 | 0.0218 | 0.9451 | 0.9455 | 0.9406 | 0.0251 | 0.9266 | 0.9346 | 0.9093
0248 | 23:02:50 |  16.1s | 1.0e-04 | 0.0218 | 0.9447 | 0.9464 | 0.9414 | 0.0250 | 0.9217 | 0.9371 | 0.9010
0249 | 23:03:17 |  15.9s | 1.0e-04 | 0.0213 | 0.9447 | 0.9461 | 0.9405 | 0.0252 | 0.9265 | 0.9364 | 0.9104
0250 | 23:03:43 |  15.7s | 1.0e-04 | 0.0215 | 0.9454 | 0.9451 | 0.9411 | 0.0246 | 0.9293 | 0.9271 | 0.8988
0251 | 23:04:13 |  17.5s | 1.0e-04 | 0.0207 | 0.9465 | 0.9454 | 0.9415 | 0.0245 | 0.9278 | 0.9347 | 0.9095
0252 | 23:04:41 |  16.0s | 1.0e-04 | 0.0201 | 0.9460 | 0.9463 | 0.9424 | 0.0256 | 0.9221 | 0.9409 | 0.9114
0253 | 23:05:07 |  15.8s | 1.0e-04 | 0.0205 | 0.9462 | 0.9453 | 0.9414 | 0.0250 | 0.9447 | 0.9187 | 0.9143
0254 | 23:05:33 |  16.0s | 1.0e-04 | 0.0207 | 0.9442 | 0.9449 | 0.9391 | 0.0243 | 0.9445 | 0.9242 | 0.9216
0255 | 23:05:59 |  15.8s | 1.0e-04 | 0.0206 | 0.9462 | 0.9431 | 0.9392 | 0.0238 | 0.9390 | 0.9211 | 0.9068
0256 | 23:06:25 |  16.3s | 1.0e-04 | 0.0202 | 0.9469 | 0.9469 | 0.9438 | 0.0239 | 0.9374 | 0.9250 | 0.9034
0257 | 23:06:52 |  16.1s | 1.0e-04 | 0.0205 | 0.9487 | 0.9470 | 0.9458 | 0.0235 | 0.9359 | 0.9287 | 0.9135
0258 | 23:07:19 |  16.3s | 1.0e-04 | 0.0206 | 0.9461 | 0.9447 | 0.9415 | 0.0234 | 0.9333 | 0.9295 | 0.9081
0259 | 23:07:45 |  15.8s | 1.0e-04 | 0.0207 | 0.9439 | 0.9447 | 0.9395 | 0.0244 | 0.9327 | 0.9339 | 0.9119
0260 | 23:08:13 |  16.2s | 1.0e-04 | 0.0206 | 0.9444 | 0.9455 | 0.9406 | 0.0245 | 0.9397 | 0.9158 | 0.8973
0261 | 23:08:40 |  16.5s | 1.0e-04 | 0.0206 | 0.9446 | 0.9439 | 0.9383 | 0.0250 | 0.9068 | 0.9523 | 0.9101
0262 | 23:09:07 |  15.8s | 1.0e-04 | 0.0203 | 0.9459 | 0.9466 | 0.9431 | 0.0244 | 0.9458 | 0.9186 | 0.9147
0263 | 23:09:33 |  16.2s | 1.0e-04 | 0.0205 | 0.9466 | 0.9464 | 0.9427 | 0.0247 | 0.9302 | 0.9364 | 0.9167
0264 | 23:09:59 |  15.9s | 1.0e-04 | 0.0205 | 0.9462 | 0.9462 | 0.9422 | 0.0252 | 0.9176 | 0.9417 | 0.9086
0265 | 23:10:27 |  16.0s | 1.0e-04 | 0.0203 | 0.9458 | 0.9448 | 0.9410 | 0.0256 | 0.9444 | 0.9105 | 0.9015
0266 | 23:10:53 |  16.3s | 1.0e-04 | 0.0204 | 0.9468 | 0.9447 | 0.9415 | 0.0240 | 0.9343 | 0.9355 | 0.9156
0267 | 23:11:20 |  16.5s | 1.0e-04 | 0.0203 | 0.9475 | 0.9471 | 0.9447 | 0.0254 | 0.9426 | 0.9135 | 0.9048
0268 | 23:11:47 |  15.9s | 1.0e-04 | 0.0205 | 0.9449 | 0.9426 | 0.9381 | 0.0249 | 0.9232 | 0.9425 | 0.9113
0269 | 23:12:15 |  16.0s | 1.0e-04 | 0.0207 | 0.9445 | 0.9449 | 0.9389 | 0.0238 | 0.9281 | 0.9394 | 0.9159
0270 | 23:12:41 |  16.2s | 1.0e-04 | 0.0203 | 0.9482 | 0.9476 | 0.9462 | 0.0243 | 0.9356 | 0.9272 | 0.9085
0271 | 23:13:08 |  28.8s | 1.0e-04 | 0.0205 | 0.9460 | 0.9475 | 0.9434 | 0.0243 | 0.9291 | 0.9294 | 0.9067
0272 | 23:13:47 |  16.1s | 1.0e-04 | 0.0208 | 0.9461 | 0.9440 | 0.9401 | 0.0244 | 0.9370 | 0.9204 | 0.9043
0273 | 23:14:14 |  15.8s | 1.0e-04 | 0.0211 | 0.9418 | 0.9444 | 0.9362 | 0.0252 | 0.9217 | 0.9406 | 0.9095
0274 | 23:14:42 |  15.9s | 1.0e-04 | 0.0207 | 0.9458 | 0.9457 | 0.9415 | 0.0251 | 0.9255 | 0.9331 | 0.9002
0275 | 23:15:09 |  16.5s | 1.0e-04 | 0.0206 | 0.9455 | 0.9464 | 0.9413 | 0.0243 | 0.9288 | 0.9387 | 0.9141
0276 | 23:15:36 |  16.0s | 1.0e-04 | 0.0212 | 0.9449 | 0.9422 | 0.9370 | 0.0250 | 0.9302 | 0.9321 | 0.9050
0277 | 23:16:03 |  16.1s | 1.0e-04 | 0.0211 | 0.9464 | 0.9433 | 0.9403 | 0.0242 | 0.9282 | 0.9368 | 0.9121
0278 | 23:16:29 |  16.2s | 1.0e-04 | 0.0208 | 0.9448 | 0.9428 | 0.9373 | 0.0243 | 0.9332 | 0.9337 | 0.9130
0279 | 23:16:57 |  15.9s | 1.0e-04 | 0.0212 | 0.9436 | 0.9429 | 0.9359 | 0.0243 | 0.9415 | 0.9224 | 0.9129
0280 | 23:17:24 |  16.3s | 1.0e-04 | 0.0203 | 0.9468 | 0.9470 | 0.9438 | 0.0227 | 0.9288 | 0.9341 | 0.9097
0281 | 23:17:52 |  16.1s | 1.0e-04 | 0.0208 | 0.9446 | 0.9454 | 0.9406 | 0.0239 | 0.9427 | 0.9207 | 0.9124
0282 | 23:18:18 |  16.0s | 1.0e-04 | 0.0204 | 0.9461 | 0.9467 | 0.9426 | 0.0241 | 0.9363 | 0.9340 | 0.9160
0283 | 23:18:46 |  16.0s | 1.0e-04 | 0.0203 | 0.9476 | 0.9454 | 0.9422 | 0.0243 | 0.9339 | 0.9333 | 0.9136
0284 | 23:19:12 |  16.2s | 1.0e-04 | 0.0202 | 0.9463 | 0.9451 | 0.9418 | 0.0237 | 0.9401 | 0.9214 | 0.9072
0285 | 23:19:40 |  16.0s | 1.0e-04 | 0.0206 | 0.9465 | 0.9436 | 0.9406 | 0.0239 | 0.9251 | 0.9427 | 0.9135
0286 | 23:20:06 |  16.3s | 1.0e-04 | 0.0210 | 0.9456 | 0.9430 | 0.9390 | 0.0234 | 0.9355 | 0.9258 | 0.9093
0287 | 23:20:33 |  15.8s | 1.0e-04 | 0.0210 | 0.9457 | 0.9422 | 0.9374 | 0.0233 | 0.9219 | 0.9484 | 0.9196
0288 | 23:21:01 |  16.1s | 1.0e-04 | 0.0206 | 0.9443 | 0.9446 | 0.9384 | 0.0228 | 0.9421 | 0.9238 | 0.9137
0289 | 23:21:27 |  16.1s | 1.0e-04 | 0.0207 | 0.9459 | 0.9435 | 0.9391 | 0.0234 | 0.9318 | 0.9347 | 0.9128
0290 | 23:21:54 |  15.8s | 1.0e-04 | 0.0206 | 0.9466 | 0.9437 | 0.9403 | 0.0228 | 0.9319 | 0.9333 | 0.9137
0291 | 23:22:20 |  16.3s | 1.0e-04 | 0.0203 | 0.9462 | 0.9445 | 0.9414 | 0.0242 | 0.9311 | 0.9284 | 0.9059
0292 | 23:22:46 |  29.2s | 1.0e-04 | 0.0201 | 0.9464 | 0.9469 | 0.9438 | 0.0227 | 0.9326 | 0.9389 | 0.9202
0293 | 23:23:26 |  15.7s | 1.0e-04 | 0.0216 | 0.9433 | 0.9425 | 0.9362 | 0.0242 | 0.9195 | 0.9427 | 0.9098
0294 | 23:23:52 |  16.4s | 1.0e-04 | 0.0207 | 0.9466 | 0.9460 | 0.9425 | 0.0237 | 0.9362 | 0.9290 | 0.9126
0295 | 23:24:18 |  15.7s | 1.0e-04 | 0.0212 | 0.9469 | 0.9445 | 0.9409 | 0.0251 | 0.9287 | 0.9401 | 0.9144
0296 | 23:24:44 |  16.1s | 1.0e-04 | 0.0206 | 0.9473 | 0.9450 | 0.9425 | 0.0236 | 0.9273 | 0.9401 | 0.9148
0297 | 23:25:11 |  16.0s | 1.0e-04 | 0.0211 | 0.9457 | 0.9454 | 0.9406 | 0.0233 | 0.9416 | 0.9208 | 0.9138
0298 | 23:25:37 |  16.1s | 1.0e-04 | 0.0206 | 0.9462 | 0.9449 | 0.9421 | 0.0252 | 0.9126 | 0.9518 | 0.9147
0299 | 23:26:03 |  15.9s | 1.0e-04 | 0.0209 | 0.9444 | 0.9454 | 0.9399 | 0.0230 | 0.9389 | 0.9267 | 0.9118
0300 | 23:26:30 |  15.8s | 1.0e-04 | 0.0206 | 0.9448 | 0.9476 | 0.9429 | 0.0228 | 0.9461 | 0.9289 | 0.9266
0301 | 23:26:56 |  15.9s | 1.0e-04 | 0.0210 | 0.9449 | 0.9431 | 0.9381 | 0.0245 | 0.9303 | 0.9285 | 0.9113
0302 | 23:27:24 |  15.8s | 1.0e-04 | 0.0211 | 0.9463 | 0.9441 | 0.9404 | 0.0243 | 0.9257 | 0.9373 | 0.9113
0303 | 23:27:50 |  16.3s | 1.0e-04 | 0.0207 | 0.9449 | 0.9470 | 0.9424 | 0.0235 | 0.9291 | 0.9385 | 0.9128
0304 | 23:28:17 |  16.3s | 1.0e-04 | 0.0211 | 0.9454 | 0.9449 | 0.9397 | 0.0243 | 0.9179 | 0.9416 | 0.9072
0305 | 23:28:44 |  16.2s | 1.0e-04 | 0.0211 | 0.9451 | 0.9460 | 0.9413 | 0.0238 | 0.9369 | 0.9318 | 0.9156
0306 | 23:29:11 |  15.9s | 1.0e-04 | 0.0205 | 0.9470 | 0.9464 | 0.9441 | 0.0240 | 0.9426 | 0.9193 | 0.9133
0307 | 23:29:39 |  15.7s | 1.0e-04 | 0.0205 | 0.9459 | 0.9457 | 0.9414 | 0.0241 | 0.9413 | 0.9264 | 0.9161
0308 | 23:30:04 |  16.0s | 1.0e-04 | 0.0212 | 0.9455 | 0.9447 | 0.9396 | 0.0243 | 0.9366 | 0.9283 | 0.9151
0309 | 23:30:32 |  15.9s | 1.0e-04 | 0.0210 | 0.9461 | 0.9444 | 0.9410 | 0.0234 | 0.9275 | 0.9358 | 0.9101
0310 | 23:30:58 |  16.4s | 1.0e-04 | 0.0207 | 0.9446 | 0.9450 | 0.9405 | 0.0245 | 0.9332 | 0.9267 | 0.9091
0311 | 23:31:25 |  16.2s | 1.0e-04 | 0.0205 | 0.9474 | 0.9448 | 0.9415 | 0.0232 | 0.9412 | 0.9243 | 0.9120
0312 | 23:31:51 |  16.2s | 1.0e-04 | 0.0203 | 0.9488 | 0.9454 | 0.9440 | 0.0249 | 0.9235 | 0.9485 | 0.9212
0313 | 23:32:18 |  26.0s | 1.0e-04 | 0.0205 | 0.9472 | 0.9478 | 0.9453 | 0.0240 | 0.9398 | 0.9257 | 0.9139
0314 | 23:32:55 |  15.5s | 1.0e-04 | 0.0211 | 0.9466 | 0.9496 | 0.9463 | 0.0225 | 0.9345 | 0.9329 | 0.9146
0315 | 23:33:20 |  15.8s | 1.0e-04 | 0.0207 | 0.9488 | 0.9496 | 0.9483 | 0.0241 | 0.9328 | 0.9354 | 0.9174
0316 | 23:33:46 |  15.7s | 1.0e-04 | 0.0213 | 0.9473 | 0.9501 | 0.9473 | 0.0240 | 0.9360 | 0.9309 | 0.9186
0317 | 23:34:14 |  15.5s | 1.0e-04 | 0.0208 | 0.9488 | 0.9482 | 0.9470 | 0.0244 | 0.9330 | 0.9303 | 0.9128
0318 | 23:34:40 |  15.8s | 1.0e-04 | 0.0211 | 0.9475 | 0.9480 | 0.9457 | 0.0238 | 0.9354 | 0.9343 | 0.9149
0319 | 23:35:06 |  15.4s | 1.0e-04 | 0.0206 | 0.9490 | 0.9501 | 0.9491 | 0.0239 | 0.9348 | 0.9313 | 0.9111
0320 | 23:35:32 |  16.0s | 1.0e-04 | 0.0207 | 0.9480 | 0.9506 | 0.9484 | 0.0239 | 0.9369 | 0.9225 | 0.9104
0321 | 23:35:58 |  15.5s | 1.0e-04 | 0.0211 | 0.9473 | 0.9470 | 0.9450 | 0.0237 | 0.9240 | 0.9435 | 0.9148
0322 | 23:36:24 |  15.6s | 1.0e-04 | 0.0196 | 0.9506 | 0.9525 | 0.9536 | 0.0237 | 0.9260 | 0.9387 | 0.9152
0323 | 23:36:51 |  15.5s | 1.0e-04 | 0.0207 | 0.9489 | 0.9494 | 0.9480 | 0.0239 | 0.9283 | 0.9255 | 0.8980
0324 | 23:37:17 |  15.7s | 1.0e-04 | 0.0211 | 0.9476 | 0.9475 | 0.9458 | 0.0236 | 0.9430 | 0.9272 | 0.9202
0325 | 23:37:43 |  15.4s | 1.0e-04 | 0.0206 | 0.9487 | 0.9496 | 0.9484 | 0.0228 | 0.9361 | 0.9301 | 0.9136
0326 | 23:38:08 |  15.9s | 1.0e-04 | 0.0203 | 0.9490 | 0.9506 | 0.9496 | 0.0238 | 0.9307 | 0.9319 | 0.9071
0327 | 23:38:35 |  15.7s | 1.0e-04 | 0.0207 | 0.9493 | 0.9491 | 0.9484 | 0.0230 | 0.9336 | 0.9339 | 0.9140
0328 | 23:39:02 |  15.7s | 1.0e-04 | 0.0208 | 0.9480 | 0.9495 | 0.9476 | 0.0239 | 0.9386 | 0.9302 | 0.9161
0329 | 23:39:28 |  15.8s | 1.0e-04 | 0.0208 | 0.9491 | 0.9482 | 0.9475 | 0.0233 | 0.9270 | 0.9473 | 0.9222
0330 | 23:39:56 |  15.8s | 1.0e-04 | 0.0210 | 0.9491 | 0.9500 | 0.9491 | 0.0236 | 0.9282 | 0.9439 | 0.9208
0331 | 23:40:22 |  15.6s | 1.0e-04 | 0.0208 | 0.9478 | 0.9488 | 0.9467 | 0.0238 | 0.9253 | 0.9342 | 0.9079
0332 | 23:40:48 |  15.3s | 1.0e-04 | 0.0207 | 0.9483 | 0.9494 | 0.9479 | 0.0222 | 0.9373 | 0.9347 | 0.9212
0333 | 23:41:13 |  15.8s | 1.0e-04 | 0.0210 | 0.9485 | 0.9497 | 0.9482 | 0.0241 | 0.9536 | 0.9129 | 0.9200
0334 | 23:41:39 |  30.3s | 1.0e-04 | 0.0207 | 0.9469 | 0.9460 | 0.9427 | 0.0233 | 0.9323 | 0.9427 | 0.9262
0335 | 23:42:20 |  16.1s | 1.0e-04 | 0.0205 | 0.9446 | 0.9452 | 0.9392 | 0.0233 | 0.9335 | 0.9397 | 0.9211
0336 | 23:42:46 |  16.3s | 1.0e-04 | 0.0208 | 0.9476 | 0.9443 | 0.9417 | 0.0237 | 0.9401 | 0.9282 | 0.9174
0337 | 23:43:13 |  16.1s | 1.0e-04 | 0.0208 | 0.9457 | 0.9443 | 0.9402 | 0.0237 | 0.9229 | 0.9423 | 0.9131
0338 | 23:43:39 |  16.1s | 1.0e-04 | 0.0205 | 0.9452 | 0.9438 | 0.9392 | 0.0229 | 0.9353 | 0.9412 | 0.9234
0339 | 23:44:06 |  16.1s | 1.0e-04 | 0.0211 | 0.9457 | 0.9426 | 0.9382 | 0.0237 | 0.9396 | 0.9271 | 0.9161
0340 | 23:44:32 |  16.3s | 1.0e-04 | 0.0206 | 0.9461 | 0.9448 | 0.9411 | 0.0238 | 0.9273 | 0.9427 | 0.9196
0341 | 23:44:58 |  16.4s | 1.0e-04 | 0.0207 | 0.9459 | 0.9442 | 0.9400 | 0.0234 | 0.9469 | 0.9225 | 0.9206
0342 | 23:45:26 |  16.1s | 1.0e-04 | 0.0204 | 0.9459 | 0.9440 | 0.9393 | 0.0236 | 0.9389 | 0.9255 | 0.9123
0343 | 23:45:53 |  16.1s | 1.0e-04 | 0.0206 | 0.9468 | 0.9449 | 0.9419 | 0.0240 | 0.9341 | 0.9322 | 0.9124
0344 | 23:46:21 |  15.9s | 1.0e-04 | 0.0208 | 0.9440 | 0.9446 | 0.9387 | 0.0224 | 0.9350 | 0.9320 | 0.9158
0345 | 23:46:47 |  16.4s | 1.0e-04 | 0.0201 | 0.9471 | 0.9461 | 0.9425 | 0.0225 | 0.9228 | 0.9436 | 0.9160
0346 | 23:47:14 |  15.9s | 1.0e-04 | 0.0204 | 0.9463 | 0.9467 | 0.9431 | 0.0245 | 0.9174 | 0.9433 | 0.9088
0347 | 23:47:41 |  16.2s | 1.0e-04 | 0.0212 | 0.9440 | 0.9436 | 0.9377 | 0.0237 | 0.9319 | 0.9353 | 0.9156
0348 | 23:48:07 |  16.1s | 1.0e-04 | 0.0204 | 0.9452 | 0.9445 | 0.9405 | 0.0234 | 0.9444 | 0.9235 | 0.9199
0349 | 23:48:34 |  16.1s | 1.0e-04 | 0.0200 | 0.9462 | 0.9447 | 0.9412 | 0.0229 | 0.9421 | 0.9305 | 0.9210
0350 | 23:49:00 |  16.2s | 1.0e-04 | 0.0203 | 0.9470 | 0.9465 | 0.9437 | 0.0245 | 0.9225 | 0.9401 | 0.9099
0351 | 23:49:27 |  16.6s | 1.0e-04 | 0.0202 | 0.9473 | 0.9462 | 0.9441 | 0.0236 | 0.9392 | 0.9305 | 0.9170
0352 | 23:49:54 |  16.2s | 1.0e-04 | 0.0201 | 0.9485 | 0.9455 | 0.9439 | 0.0227 | 0.9353 | 0.9318 | 0.9138
0353 | 23:50:24 |  16.1s | 1.0e-04 | 0.0207 | 0.9462 | 0.9454 | 0.9417 | 0.0242 | 0.9376 | 0.9315 | 0.9167
0354 | 23:50:51 |  16.4s | 1.0e-04 | 0.0204 | 0.9467 | 0.9456 | 0.9425 | 0.0228 | 0.9414 | 0.9367 | 0.9275
0355 | 23:51:17 |  25.5s | 1.0e-04 | 0.0201 | 0.9441 | 0.9449 | 0.9395 | 0.0226 | 0.9384 | 0.9346 | 0.9207
0356 | 23:51:56 |  16.0s | 1.0e-04 | 0.0203 | 0.9451 | 0.9453 | 0.9409 | 0.0225 | 0.9376 | 0.9366 | 0.9232
0357 | 23:52:22 |  16.5s | 1.0e-04 | 0.0195 | 0.9475 | 0.9466 | 0.9446 | 0.0252 | 0.9168 | 0.9479 | 0.9140
0358 | 23:52:49 |  16.4s | 1.0e-04 | 0.0199 | 0.9461 | 0.9446 | 0.9405 | 0.0233 | 0.9383 | 0.9312 | 0.9188
0359 | 23:53:16 |  16.7s | 1.0e-04 | 0.0200 | 0.9457 | 0.9447 | 0.9412 | 0.0239 | 0.9376 | 0.9227 | 0.9079
0360 | 23:53:43 |  15.9s | 1.0e-04 | 0.0199 | 0.9445 | 0.9471 | 0.9416 | 0.0229 | 0.9380 | 0.9335 | 0.9164
0361 | 23:54:12 |  16.3s | 1.0e-04 | 0.0200 | 0.9474 | 0.9459 | 0.9432 | 0.0232 | 0.9330 | 0.9362 | 0.9195
0362 | 23:54:38 |  15.9s | 1.0e-04 | 0.0199 | 0.9460 | 0.9467 | 0.9429 | 0.0232 | 0.9357 | 0.9272 | 0.9119
0363 | 23:55:05 |  16.2s | 1.0e-04 | 0.0197 | 0.9474 | 0.9472 | 0.9450 | 0.0239 | 0.9360 | 0.9320 | 0.9159
0364 | 23:55:31 |  16.1s | 1.0e-04 | 0.0201 | 0.9454 | 0.9457 | 0.9407 | 0.0234 | 0.9252 | 0.9408 | 0.9134
0365 | 23:55:59 |  16.5s | 1.0e-04 | 0.0197 | 0.9488 | 0.9451 | 0.9442 | 0.0237 | 0.9314 | 0.9401 | 0.9172
0366 | 23:56:25 |  16.3s | 1.0e-04 | 0.0199 | 0.9464 | 0.9447 | 0.9413 | 0.0239 | 0.9449 | 0.9207 | 0.9205
0367 | 23:56:53 |  16.3s | 1.0e-04 | 0.0198 | 0.9469 | 0.9472 | 0.9444 | 0.0227 | 0.9405 | 0.9360 | 0.9238
0368 | 23:57:20 |  16.7s | 1.0e-04 | 0.0198 | 0.9451 | 0.9434 | 0.9385 | 0.0231 | 0.9313 | 0.9406 | 0.9191
0369 | 23:57:47 |  16.0s | 1.0e-04 | 0.0197 | 0.9459 | 0.9479 | 0.9439 | 0.0233 | 0.9315 | 0.9376 | 0.9167
0370 | 23:58:13 |  16.5s | 1.0e-04 | 0.0200 | 0.9461 | 0.9463 | 0.9426 | 0.0245 | 0.9485 | 0.9213 | 0.9213
0371 | 23:58:40 |  16.0s | 1.0e-04 | 0.0195 | 0.9477 | 0.9461 | 0.9442 | 0.0229 | 0.9367 | 0.9382 | 0.9227
0372 | 23:59:08 |  16.2s | 1.0e-04 | 0.0202 | 0.9462 | 0.9447 | 0.9411 | 0.0226 | 0.9331 | 0.9390 | 0.9203
0373 | 23:59:34 |  16.1s | 1.0e-04 | 0.0201 | 0.9444 | 0.9458 | 0.9407 | 0.0244 | 0.9238 | 0.9456 | 0.9174
0374 | 00:00:02 |  16.0s | 1.0e-04 | 0.0196 | 0.9464 | 0.9470 | 0.9436 | 0.0239 | 0.9439 | 0.9253 | 0.9211
0375 | 00:00:28 |  16.6s | 1.0e-04 | 0.0197 | 0.9474 | 0.9460 | 0.9432 | 0.0227 | 0.9462 | 0.9247 | 0.9220
0376 | 00:00:58 |  15.8s | 1.0e-04 | 0.0189 | 0.9515 | 0.9523 | 0.9535 | 0.0222 | 0.9372 | 0.9407 | 0.9274
0377 | 00:01:24 |  15.9s | 1.0e-04 | 0.0195 | 0.9487 | 0.9522 | 0.9507 | 0.0225 | 0.9482 | 0.9288 | 0.9294
0378 | 00:01:50 |  15.5s | 1.0e-04 | 0.0197 | 0.9498 | 0.9516 | 0.9512 | 0.0228 | 0.9426 | 0.9289 | 0.9218
0379 | 00:02:15 |  16.1s | 1.0e-04 | 0.0194 | 0.9493 | 0.9498 | 0.9491 | 0.0239 | 0.9229 | 0.9414 | 0.9109
0380 | 00:02:42 |  16.0s | 1.0e-04 | 0.0192 | 0.9501 | 0.9532 | 0.9523 | 0.0238 | 0.9309 | 0.9383 | 0.9181
0381 | 00:03:08 |  16.0s | 1.0e-04 | 0.0189 | 0.9503 | 0.9521 | 0.9521 | 0.0231 | 0.9400 | 0.9276 | 0.9183
0382 | 00:03:34 |  15.8s | 1.0e-04 | 0.0189 | 0.9507 | 0.9501 | 0.9508 | 0.0247 | 0.9330 | 0.9329 | 0.9112
0383 | 00:04:01 |  16.4s | 1.0e-04 | 0.0186 | 0.9502 | 0.9498 | 0.9500 | 0.0227 | 0.9315 | 0.9436 | 0.9253
0384 | 00:04:28 |  16.2s | 1.0e-04 | 0.0191 | 0.9514 | 0.9518 | 0.9535 | 0.0227 | 0.9371 | 0.9325 | 0.9171
0385 | 00:04:56 |  15.9s | 1.0e-04 | 0.0194 | 0.9500 | 0.9500 | 0.9501 | 0.0230 | 0.9348 | 0.9377 | 0.9190
0386 | 00:05:22 |  16.3s | 1.0e-04 | 0.0192 | 0.9506 | 0.9534 | 0.9535 | 0.0232 | 0.9344 | 0.9320 | 0.9142
0387 | 00:05:48 |  15.8s | 1.0e-04 | 0.0188 | 0.9522 | 0.9516 | 0.9537 | 0.0229 | 0.9350 | 0.9309 | 0.9159
0388 | 00:06:15 |  16.0s | 1.0e-04 | 0.0187 | 0.9521 | 0.9515 | 0.9535 | 0.0238 | 0.9320 | 0.9372 | 0.9196
0389 | 00:06:41 |  15.9s | 1.0e-04 | 0.0185 | 0.9510 | 0.9534 | 0.9544 | 0.0226 | 0.9429 | 0.9305 | 0.9257
0390 | 00:07:09 |  15.8s | 1.0e-04 | 0.0191 | 0.9516 | 0.9511 | 0.9521 | 0.0244 | 0.9346 | 0.9289 | 0.9118
0391 | 00:07:35 |  15.7s | 1.0e-04 | 0.0191 | 0.9490 | 0.9501 | 0.9492 | 0.0240 | 0.9472 | 0.9225 | 0.9201
0392 | 00:08:02 |  15.8s | 1.0e-04 | 0.0192 | 0.9512 | 0.9502 | 0.9513 | 0.0225 | 0.9441 | 0.9201 | 0.9151
0393 | 00:08:28 |  16.0s | 1.0e-04 | 0.0191 | 0.9496 | 0.9533 | 0.9528 | 0.0236 | 0.9249 | 0.9434 | 0.9150
0394 | 00:08:55 |  16.0s | 1.0e-04 | 0.0191 | 0.9502 | 0.9511 | 0.9514 | 0.0239 | 0.9422 | 0.9276 | 0.9177
0395 | 00:09:22 |  15.8s | 1.0e-04 | 0.0185 | 0.9500 | 0.9541 | 0.9535 | 0.0229 | 0.9369 | 0.9298 | 0.9149
0396 | 00:09:49 |  27.2s | 1.0e-04 | 0.0190 | 0.9514 | 0.9499 | 0.9512 | 0.0248 | 0.9077 | 0.9580 | 0.9208
0397 | 00:10:28 |  16.2s | 1.0e-04 | 0.0200 | 0.9475 | 0.9490 | 0.9462 | 0.0238 | 0.9274 | 0.9356 | 0.9064
0398 | 00:10:55 |  16.4s | 1.0e-04 | 0.0198 | 0.9497 | 0.9492 | 0.9489 | 0.0234 | 0.9291 | 0.9311 | 0.9046
0399 | 00:11:22 |  15.9s | 1.0e-04 | 0.0191 | 0.9479 | 0.9486 | 0.9464 | 0.0233 | 0.9329 | 0.9363 | 0.9165
0400 | 00:11:48 |  16.4s | 1.0e-04 | 0.0197 | 0.9493 | 0.9488 | 0.9482 | 0.0229 | 0.9369 | 0.9343 | 0.9192
0401 | 00:12:15 |  15.9s | 1.0e-04 | 0.0200 | 0.9490 | 0.9478 | 0.9472 | 0.0231 | 0.9303 | 0.9390 | 0.9166
0402 | 00:12:42 |  16.3s | 1.0e-04 | 0.0195 | 0.9491 | 0.9488 | 0.9481 | 0.0239 | 0.9293 | 0.9428 | 0.9213
0403 | 00:13:09 |  16.5s | 1.0e-04 | 0.0203 | 0.9480 | 0.9473 | 0.9460 | 0.0233 | 0.9453 | 0.9191 | 0.9200
0404 | 00:13:36 |  16.0s | 1.0e-04 | 0.0196 | 0.9495 | 0.9482 | 0.9481 | 0.0230 | 0.9312 | 0.9437 | 0.9236
0405 | 00:14:03 |  16.4s | 1.0e-04 | 0.0196 | 0.9500 | 0.9513 | 0.9510 | 0.0232 | 0.9550 | 0.9100 | 0.9185
0406 | 00:14:30 |  16.2s | 1.0e-04 | 0.0196 | 0.9497 | 0.9481 | 0.9486 | 0.0238 | 0.9322 | 0.9378 | 0.9197
0407 | 00:14:56 |  16.2s | 1.0e-04 | 0.0190 | 0.9503 | 0.9491 | 0.9494 | 0.0235 | 0.9408 | 0.9258 | 0.9140
0408 | 00:15:24 |  16.2s | 1.0e-04 | 0.0191 | 0.9498 | 0.9495 | 0.9493 | 0.0231 | 0.9398 | 0.9228 | 0.9065
0409 | 00:15:51 |  16.5s | 1.0e-04 | 0.0198 | 0.9486 | 0.9499 | 0.9486 | 0.0231 | 0.9377 | 0.9355 | 0.9181
0410 | 00:16:18 |  16.6s | 1.0e-04 | 0.0201 | 0.9485 | 0.9496 | 0.9481 | 0.0224 | 0.9444 | 0.9191 | 0.9146
0411 | 00:16:45 |  16.5s | 1.0e-04 | 0.0201 | 0.9479 | 0.9492 | 0.9474 | 0.0230 | 0.9404 | 0.9274 | 0.9201
0412 | 00:17:12 |  16.2s | 1.0e-04 | 0.0197 | 0.9473 | 0.9490 | 0.9464 | 0.0233 | 0.9364 | 0.9315 | 0.9147
0413 | 00:17:41 |  16.2s | 1.0e-04 | 0.0197 | 0.9467 | 0.9478 | 0.9448 | 0.0231 | 0.9300 | 0.9375 | 0.9146
0414 | 00:18:08 |  16.7s | 1.0e-04 | 0.0193 | 0.9492 | 0.9511 | 0.9502 | 0.0233 | 0.9235 | 0.9432 | 0.9169
0415 | 00:18:35 |  16.4s | 1.0e-04 | 0.0193 | 0.9494 | 0.9484 | 0.9481 | 0.0232 | 0.9368 | 0.9267 | 0.9084
0416 | 00:19:02 |  16.6s | 1.0e-04 | 0.0201 | 0.9466 | 0.9478 | 0.9445 | 0.0236 | 0.9286 | 0.9367 | 0.9106
0417 | 00:19:29 |  31.6s | 1.0e-04 | 0.0198 | 0.9482 | 0.9499 | 0.9481 | 0.0249 | 0.9439 | 0.9217 | 0.9128
0418 | 00:20:11 |  15.6s | 1.0e-04 | 0.0205 | 0.9489 | 0.9494 | 0.9483 | 0.0237 | 0.9280 | 0.9450 | 0.9221
0419 | 00:20:37 |  15.8s | 1.0e-04 | 0.0200 | 0.9490 | 0.9483 | 0.9479 | 0.0229 | 0.9444 | 0.9266 | 0.9211
0420 | 00:21:04 |  15.6s | 1.0e-04 | 0.0203 | 0.9499 | 0.9501 | 0.9500 | 0.0228 | 0.9249 | 0.9453 | 0.9184
0421 | 00:21:30 |  15.9s | 1.0e-04 | 0.0202 | 0.9492 | 0.9523 | 0.9513 | 0.0240 | 0.9363 | 0.9328 | 0.9167
0422 | 00:21:56 |  15.5s | 1.0e-04 | 0.0199 | 0.9508 | 0.9519 | 0.9520 | 0.0232 | 0.9428 | 0.9245 | 0.9191
0423 | 00:22:22 |  15.8s | 1.0e-04 | 0.0200 | 0.9484 | 0.9498 | 0.9482 | 0.0227 | 0.9387 | 0.9283 | 0.9159
0424 | 00:22:48 |  15.7s | 1.0e-04 | 0.0206 | 0.9479 | 0.9505 | 0.9482 | 0.0224 | 0.9363 | 0.9343 | 0.9195
0425 | 00:23:16 |  15.6s | 1.0e-04 | 0.0199 | 0.9493 | 0.9507 | 0.9497 | 0.0225 | 0.9328 | 0.9452 | 0.9263
0426 | 00:23:42 |  15.7s | 1.0e-04 | 0.0205 | 0.9489 | 0.9500 | 0.9489 | 0.0232 | 0.9402 | 0.9278 | 0.9145
0427 | 00:24:09 |  15.8s | 1.0e-04 | 0.0200 | 0.9508 | 0.9519 | 0.9523 | 0.0232 | 0.9353 | 0.9390 | 0.9212
0428 | 00:24:36 |  16.0s | 1.0e-04 | 0.0195 | 0.9497 | 0.9508 | 0.9507 | 0.0231 | 0.9401 | 0.9334 | 0.9219
0429 | 00:25:03 |  15.9s | 1.0e-04 | 0.0200 | 0.9497 | 0.9527 | 0.9521 | 0.0228 | 0.9460 | 0.9268 | 0.9247
0430 | 00:25:31 |  15.8s | 1.0e-04 | 0.0200 | 0.9486 | 0.9502 | 0.9488 | 0.0249 | 0.9371 | 0.9357 | 0.9214
0431 | 00:25:57 |  15.5s | 1.0e-04 | 0.0198 | 0.9500 | 0.9509 | 0.9510 | 0.0227 | 0.9409 | 0.9338 | 0.9250
0432 | 00:26:23 |  15.9s | 1.0e-04 | 0.0200 | 0.9507 | 0.9534 | 0.9538 | 0.0223 | 0.9360 | 0.9372 | 0.9202
0433 | 00:26:49 |  15.5s | 1.0e-04 | 0.0197 | 0.9495 | 0.9502 | 0.9497 | 0.0232 | 0.9359 | 0.9325 | 0.9162
0434 | 00:27:17 |  15.7s | 1.0e-04 | 0.0199 | 0.9503 | 0.9519 | 0.9519 | 0.0218 | 0.9334 | 0.9385 | 0.9203
0435 | 00:27:44 |  15.6s | 1.0e-04 | 0.0200 | 0.9496 | 0.9527 | 0.9514 | 0.0235 | 0.9389 | 0.9308 | 0.9198
0436 | 00:28:11 |  15.9s | 1.0e-04 | 0.0200 | 0.9489 | 0.9518 | 0.9501 | 0.0228 | 0.9384 | 0.9385 | 0.9244
0437 | 00:28:38 |  15.9s | 1.0e-04 | 0.0200 | 0.9486 | 0.9518 | 0.9507 | 0.0226 | 0.9397 | 0.9355 | 0.9220
0438 | 00:29:05 |  32.0s | 1.0e-04 | 0.0205 | 0.9470 | 0.9501 | 0.9471 | 0.0217 | 0.9446 | 0.9319 | 0.9238
0439 | 00:29:48 |  15.4s | 1.0e-04 | 0.0207 | 0.9481 | 0.9482 | 0.9462 | 0.0227 | 0.9359 | 0.9371 | 0.9189
0440 | 00:30:14 |  15.9s | 1.0e-04 | 0.0214 | 0.9462 | 0.9469 | 0.9430 | 0.0215 | 0.9376 | 0.9402 | 0.9267
0441 | 00:30:40 |  15.7s | 1.0e-04 | 0.0213 | 0.9454 | 0.9469 | 0.9424 | 0.0238 | 0.9449 | 0.9216 | 0.9163
0442 | 00:31:08 |  16.0s | 1.0e-04 | 0.0210 | 0.9453 | 0.9455 | 0.9412 | 0.0227 | 0.9426 | 0.9289 | 0.9176
0443 | 00:31:35 |  15.9s | 1.0e-04 | 0.0210 | 0.9458 | 0.9480 | 0.9441 | 0.0236 | 0.9402 | 0.9243 | 0.9147
0444 | 00:32:02 |  15.6s | 1.0e-04 | 0.0207 | 0.9463 | 0.9456 | 0.9424 | 0.0237 | 0.9415 | 0.9290 | 0.9147
0445 | 00:32:27 |  15.9s | 1.0e-04 | 0.0211 | 0.9457 | 0.9465 | 0.9427 | 0.0229 | 0.9360 | 0.9385 | 0.9213
0446 | 00:32:54 |  15.7s | 1.0e-04 | 0.0207 | 0.9477 | 0.9484 | 0.9462 | 0.0223 | 0.9307 | 0.9419 | 0.9191
0447 | 00:33:20 |  16.1s | 1.0e-04 | 0.0216 | 0.9457 | 0.9451 | 0.9407 | 0.0236 | 0.9326 | 0.9409 | 0.9202
0448 | 00:33:47 |  15.8s | 1.0e-04 | 0.0208 | 0.9466 | 0.9473 | 0.9447 | 0.0213 | 0.9297 | 0.9437 | 0.9216
0449 | 00:34:13 |  16.0s | 1.0e-04 | 0.0212 | 0.9449 | 0.9449 | 0.9403 | 0.0232 | 0.9432 | 0.9294 | 0.9213
0450 | 00:34:40 |  15.7s | 1.0e-04 | 0.0208 | 0.9474 | 0.9478 | 0.9455 | 0.0222 | 0.9355 | 0.9401 | 0.9245
0451 | 00:35:07 |  16.0s | 1.0e-04 | 0.0213 | 0.9472 | 0.9479 | 0.9452 | 0.0236 | 0.9271 | 0.9546 | 0.9321
0452 | 00:35:33 |  15.6s | 1.0e-04 | 0.0216 | 0.9450 | 0.9434 | 0.9385 | 0.0221 | 0.9359 | 0.9416 | 0.9265
0453 | 00:36:02 |  16.0s | 1.0e-04 | 0.0211 | 0.9482 | 0.9459 | 0.9438 | 0.0225 | 0.9493 | 0.9213 | 0.9236
0454 | 00:36:28 |  16.1s | 1.0e-04 | 0.0214 | 0.9451 | 0.9438 | 0.9399 | 0.0212 | 0.9365 | 0.9402 | 0.9280
0455 | 00:36:55 |  15.7s | 1.0e-04 | 0.0210 | 0.9472 | 0.9476 | 0.9450 | 0.0227 | 0.9442 | 0.9284 | 0.9196
0456 | 00:37:22 |  15.8s | 1.0e-04 | 0.0211 | 0.9471 | 0.9472 | 0.9445 | 0.0220 | 0.9367 | 0.9412 | 0.9293
0457 | 00:37:48 |  15.7s | 1.0e-04 | 0.0209 | 0.9466 | 0.9487 | 0.9452 | 0.0239 | 0.9269 | 0.9511 | 0.9283
0458 | 00:38:16 |  15.6s | 1.0e-04 | 0.0209 | 0.9479 | 0.9468 | 0.9447 | 0.0232 | 0.9222 | 0.9529 | 0.9255
0459 | 00:38:42 |  32.1s | 1.0e-04 | 0.0203 | 0.9490 | 0.9478 | 0.9468 | 0.0217 | 0.9392 | 0.9401 | 0.9273
0460 | 00:39:25 |  15.7s | 1.0e-04 | 0.0189 | 0.9488 | 0.9511 | 0.9495 | 0.0233 | 0.9424 | 0.9213 | 0.9140
0461 | 00:39:51 |  15.9s | 1.0e-04 | 0.0191 | 0.9502 | 0.9500 | 0.9502 | 0.0222 | 0.9341 | 0.9383 | 0.9241
0462 | 00:40:18 |  15.6s | 1.0e-04 | 0.0198 | 0.9480 | 0.9476 | 0.9454 | 0.0225 | 0.9454 | 0.9280 | 0.9259
0463 | 00:40:44 |  16.0s | 1.0e-04 | 0.0202 | 0.9481 | 0.9488 | 0.9471 | 0.0234 | 0.9308 | 0.9356 | 0.9126
0464 | 00:41:11 |  15.9s | 1.0e-04 | 0.0194 | 0.9490 | 0.9503 | 0.9492 | 0.0231 | 0.9331 | 0.9404 | 0.9234
0465 | 00:41:39 |  15.7s | 1.0e-04 | 0.0200 | 0.9481 | 0.9497 | 0.9478 | 0.0214 | 0.9419 | 0.9349 | 0.9275
0466 | 00:42:06 |  15.9s | 1.0e-04 | 0.0195 | 0.9490 | 0.9496 | 0.9486 | 0.0240 | 0.9298 | 0.9352 | 0.9129
0467 | 00:42:32 |  15.5s | 1.0e-04 | 0.0194 | 0.9487 | 0.9491 | 0.9478 | 0.0231 | 0.9390 | 0.9336 | 0.9206
0468 | 00:42:58 |  15.8s | 1.0e-04 | 0.0194 | 0.9493 | 0.9501 | 0.9494 | 0.0228 | 0.9352 | 0.9270 | 0.9126
0469 | 00:43:25 |  15.7s | 1.0e-04 | 0.0198 | 0.9500 | 0.9488 | 0.9488 | 0.0235 | 0.9392 | 0.9323 | 0.9189
0470 | 00:43:53 |  15.7s | 1.0e-04 | 0.0194 | 0.9503 | 0.9495 | 0.9500 | 0.0220 | 0.9385 | 0.9302 | 0.9190
0471 | 00:44:19 |  15.6s | 1.0e-04 | 0.0198 | 0.9492 | 0.9499 | 0.9490 | 0.0219 | 0.9364 | 0.9330 | 0.9190
0472 | 00:44:46 |  16.0s | 1.0e-04 | 0.0194 | 0.9506 | 0.9499 | 0.9505 | 0.0232 | 0.9362 | 0.9359 | 0.9212
0473 | 00:45:12 |  15.8s | 1.0e-04 | 0.0190 | 0.9483 | 0.9505 | 0.9488 | 0.0229 | 0.9227 | 0.9543 | 0.9275
0474 | 00:45:41 |  15.7s | 1.0e-04 | 0.0191 | 0.9487 | 0.9499 | 0.9487 | 0.0228 | 0.9474 | 0.9268 | 0.9256
0475 | 00:46:08 |  15.9s | 1.0e-04 | 0.0195 | 0.9493 | 0.9507 | 0.9498 | 0.0221 | 0.9398 | 0.9320 | 0.9188
0476 | 00:46:34 |  15.6s | 1.0e-04 | 0.0192 | 0.9494 | 0.9486 | 0.9483 | 0.0235 | 0.9312 | 0.9362 | 0.9134
0477 | 00:47:00 |  16.0s | 1.0e-04 | 0.0194 | 0.9480 | 0.9501 | 0.9482 | 0.0228 | 0.9300 | 0.9444 | 0.9233
0478 | 00:47:27 |  15.5s | 1.0e-04 | 0.0193 | 0.9484 | 0.9512 | 0.9495 | 0.0226 | 0.9300 | 0.9423 | 0.9208
0479 | 00:47:54 |  15.7s | 1.0e-04 | 0.0193 | 0.9492 | 0.9510 | 0.9500 | 0.0232 | 0.9320 | 0.9422 | 0.9233
0480 | 00:48:20 |  29.6s | 1.0e-04 | 0.0193 | 0.9502 | 0.9521 | 0.9519 | 0.0228 | 0.9282 | 0.9452 | 0.9235
0481 | 00:49:00 |  15.6s | 1.0e-04 | 0.0189 | 0.9525 | 0.9535 | 0.9554 | 0.0231 | 0.9271 | 0.9368 | 0.9117
0482 | 00:49:28 |  16.2s | 1.0e-04 | 0.0196 | 0.9497 | 0.9520 | 0.9511 | 0.0236 | 0.9328 | 0.9317 | 0.9102
0483 | 00:49:55 |  16.1s | 1.0e-04 | 0.0198 | 0.9502 | 0.9523 | 0.9518 | 0.0234 | 0.9373 | 0.9389 | 0.9239
0484 | 00:50:22 |  15.8s | 1.0e-04 | 0.0195 | 0.9501 | 0.9521 | 0.9521 | 0.0234 | 0.9342 | 0.9297 | 0.9116
0485 | 00:50:48 |  16.3s | 1.0e-04 | 0.0193 | 0.9517 | 0.9519 | 0.9533 | 0.0238 | 0.9363 | 0.9325 | 0.9157
0486 | 00:51:14 |  15.8s | 1.0e-04 | 0.0195 | 0.9514 | 0.9524 | 0.9533 | 0.0222 | 0.9281 | 0.9452 | 0.9222
0487 | 00:51:40 |  16.0s | 1.0e-04 | 0.0198 | 0.9496 | 0.9505 | 0.9501 | 0.0228 | 0.9386 | 0.9327 | 0.9202
0488 | 00:52:08 |  15.7s | 1.0e-04 | 0.0191 | 0.9521 | 0.9532 | 0.9549 | 0.0225 | 0.9425 | 0.9334 | 0.9247
0489 | 00:52:34 |  16.2s | 1.0e-04 | 0.0197 | 0.9510 | 0.9526 | 0.9532 | 0.0232 | 0.9322 | 0.9399 | 0.9197
0490 | 00:53:01 |  15.9s | 1.0e-04 | 0.0197 | 0.9497 | 0.9525 | 0.9524 | 0.0228 | 0.9329 | 0.9369 | 0.9189
0491 | 00:53:27 |  16.0s | 1.0e-04 | 0.0196 | 0.9497 | 0.9519 | 0.9513 | 0.0229 | 0.9272 | 0.9491 | 0.9264
0492 | 00:53:54 |  15.8s | 1.0e-04 | 0.0193 | 0.9503 | 0.9521 | 0.9524 | 0.0217 | 0.9377 | 0.9439 | 0.9297
0493 | 00:54:22 |  15.8s | 1.0e-04 | 0.0195 | 0.9515 | 0.9512 | 0.9525 | 0.0232 | 0.9235 | 0.9424 | 0.9136
0494 | 00:54:48 |  16.0s | 1.0e-04 | 0.0192 | 0.9500 | 0.9519 | 0.9519 | 0.0227 | 0.9414 | 0.9267 | 0.9182
0495 | 00:55:15 |  15.9s | 1.0e-04 | 0.0193 | 0.9516 | 0.9530 | 0.9537 | 0.0224 | 0.9376 | 0.9377 | 0.9208
0496 | 00:55:42 |  15.9s | 1.0e-04 | 0.0200 | 0.9504 | 0.9519 | 0.9519 | 0.0233 | 0.9353 | 0.9360 | 0.9209
0497 | 00:56:08 |  15.8s | 1.0e-04 | 0.0192 | 0.9502 | 0.9512 | 0.9511 | 0.0229 | 0.9393 | 0.9424 | 0.9289
0498 | 00:56:35 |  16.0s | 1.0e-04 | 0.0200 | 0.9500 | 0.9511 | 0.9506 | 0.0218 | 0.9397 | 0.9344 | 0.9233
0499 | 00:57:01 |  15.7s | 1.0e-04 | 0.0196 | 0.9485 | 0.9516 | 0.9498 | 0.0223 | 0.9265 | 0.9476 | 0.9225
0500 | 00:57:27 |  15.9s | 1.0e-04 | 0.0196 | 0.9505 | 0.9519 | 0.9520 | 0.0222 | 0.9358 | 0.9359 | 0.9197
0501 | 00:57:56 |  15.7s | 1.0e-04 | 0.0196 | 0.9495 | 0.9493 | 0.9487 | 0.0231 | 0.9514 | 0.9265 | 0.9312
0502 | 00:58:24 |  15.8s | 1.0e-04 | 0.0195 | 0.9515 | 0.9512 | 0.9522 | 0.0248 | 0.9285 | 0.9384 | 0.9138
0503 | 00:58:50 |  15.7s | 1.0e-04 | 0.0202 | 0.9485 | 0.9492 | 0.9476 | 0.0232 | 0.9337 | 0.9337 | 0.9173
0504 | 00:59:18 |  15.7s | 1.0e-04 | 0.0202 | 0.9476 | 0.9496 | 0.9474 | 0.0223 | 0.9326 | 0.9390 | 0.9181
0505 | 00:59:44 |  15.7s | 1.0e-04 | 0.0202 | 0.9491 | 0.9509 | 0.9499 | 0.0228 | 0.9241 | 0.9458 | 0.9202
0506 | 01:00:11 |  15.6s | 1.0e-04 | 0.0195 | 0.9499 | 0.9518 | 0.9518 | 0.0219 | 0.9420 | 0.9316 | 0.9201
0507 | 01:00:37 |  16.1s | 1.0e-04 | 0.0199 | 0.9485 | 0.9497 | 0.9482 | 0.0228 | 0.9343 | 0.9423 | 0.9260
0508 | 01:01:03 |  15.4s | 1.0e-04 | 0.0198 | 0.9487 | 0.9507 | 0.9493 | 0.0218 | 0.9511 | 0.9287 | 0.9320
0509 | 01:01:31 |  15.8s | 1.0e-04 | 0.0196 | 0.9502 | 0.9505 | 0.9507 | 0.0229 | 0.9399 | 0.9359 | 0.9232
0510 | 01:01:57 |  15.9s | 1.0e-04 | 0.0201 | 0.9501 | 0.9500 | 0.9500 | 0.0226 | 0.9406 | 0.9306 | 0.9195
0511 | 01:02:23 |  15.4s | 1.0e-04 | 0.0195 | 0.9494 | 0.9494 | 0.9487 | 0.0218 | 0.9520 | 0.9225 | 0.9285
0512 | 01:02:49 |  16.0s | 1.0e-04 | 0.0204 | 0.9488 | 0.9486 | 0.9473 | 0.0228 | 0.9378 | 0.9368 | 0.9224
0513 | 01:03:15 |  15.6s | 1.0e-04 | 0.0202 | 0.9500 | 0.9499 | 0.9499 | 0.0224 | 0.9400 | 0.9306 | 0.9164
0514 | 01:03:41 |  15.8s | 1.0e-04 | 0.0192 | 0.9516 | 0.9511 | 0.9526 | 0.0219 | 0.9323 | 0.9443 | 0.9250
0515 | 01:04:07 |  15.6s | 1.0e-04 | 0.0200 | 0.9488 | 0.9487 | 0.9479 | 0.0241 | 0.9325 | 0.9324 | 0.9145
0516 | 01:04:33 |  16.1s | 1.0e-04 | 0.0196 | 0.9506 | 0.9527 | 0.9528 | 0.0223 | 0.9388 | 0.9359 | 0.9262
0517 | 01:05:00 |  15.7s | 1.0e-04 | 0.0200 | 0.9471 | 0.9510 | 0.9482 | 0.0230 | 0.9281 | 0.9470 | 0.9238
0518 | 01:05:26 |  15.9s | 1.0e-04 | 0.0209 | 0.9459 | 0.9488 | 0.9447 | 0.0227 | 0.9356 | 0.9359 | 0.9188
0519 | 01:05:52 |  15.7s | 1.0e-04 | 0.0200 | 0.9499 | 0.9493 | 0.9494 | 0.0218 | 0.9448 | 0.9262 | 0.9234
0520 | 01:06:20 |  15.5s | 1.0e-04 | 0.0194 | 0.9512 | 0.9522 | 0.9533 | 0.0208 | 0.9391 | 0.9444 | 0.9335
0521 | 01:06:46 |  27.8s | 1.0e-04 | 0.0196 | 0.9505 | 0.9511 | 0.9514 | 0.0229 | 0.9398 | 0.9309 | 0.9192
0522 | 01:07:24 |  15.6s | 1.0e-04 | 0.0194 | 0.9482 | 0.9530 | 0.9509 | 0.0231 | 0.9383 | 0.9268 | 0.9120
0523 | 01:07:53 |  15.7s | 1.0e-04 | 0.0195 | 0.9507 | 0.9513 | 0.9515 | 0.0223 | 0.9393 | 0.9366 | 0.9233
0524 | 01:08:19 |  15.9s | 1.0e-04 | 0.0194 | 0.9487 | 0.9536 | 0.9509 | 0.0218 | 0.9386 | 0.9412 | 0.9305
0525 | 01:08:45 |  15.7s | 1.0e-04 | 0.0192 | 0.9506 | 0.9534 | 0.9537 | 0.0233 | 0.9479 | 0.9217 | 0.9180
0526 | 01:09:11 |  16.0s | 1.0e-04 | 0.0195 | 0.9512 | 0.9530 | 0.9537 | 0.0226 | 0.9285 | 0.9456 | 0.9224
0527 | 01:09:37 |  15.5s | 1.0e-04 | 0.0194 | 0.9493 | 0.9501 | 0.9493 | 0.0236 | 0.9299 | 0.9400 | 0.9175
0528 | 01:10:03 |  16.0s | 1.0e-04 | 0.0199 | 0.9504 | 0.9518 | 0.9520 | 0.0231 | 0.9350 | 0.9409 | 0.9246
0529 | 01:10:30 |  15.6s | 1.0e-04 | 0.0201 | 0.9502 | 0.9509 | 0.9509 | 0.0229 | 0.9299 | 0.9433 | 0.9222
0530 | 01:10:58 |  15.6s | 1.0e-04 | 0.0198 | 0.9494 | 0.9528 | 0.9521 | 0.0220 | 0.9380 | 0.9397 | 0.9277
0531 | 01:11:24 |  15.5s | 1.0e-04 | 0.0199 | 0.9501 | 0.9510 | 0.9511 | 0.0219 | 0.9388 | 0.9349 | 0.9207
0532 | 01:11:52 |  15.6s | 1.0e-04 | 0.0196 | 0.9507 | 0.9532 | 0.9533 | 0.0225 | 0.9335 | 0.9399 | 0.9220
0533 | 01:12:18 |  16.1s | 1.0e-04 | 0.0196 | 0.9495 | 0.9531 | 0.9526 | 0.0214 | 0.9474 | 0.9275 | 0.9260
0534 | 01:12:45 |  15.7s | 1.0e-04 | 0.0194 | 0.9499 | 0.9508 | 0.9507 | 0.0219 | 0.9391 | 0.9335 | 0.9218
0535 | 01:13:11 |  15.8s | 1.0e-04 | 0.0196 | 0.9508 | 0.9528 | 0.9529 | 0.0230 | 0.9256 | 0.9490 | 0.9234
0536 | 01:13:37 |  15.4s | 1.0e-04 | 0.0196 | 0.9506 | 0.9532 | 0.9534 | 0.0219 | 0.9346 | 0.9383 | 0.9233
0537 | 01:14:03 |  15.8s | 1.0e-04 | 0.0200 | 0.9499 | 0.9486 | 0.9487 | 0.0218 | 0.9414 | 0.9321 | 0.9215
0538 | 01:14:29 |  15.7s | 1.0e-04 | 0.0194 | 0.9500 | 0.9522 | 0.9517 | 0.0237 | 0.9242 | 0.9486 | 0.9230
0539 | 01:14:56 |  15.6s | 1.0e-04 | 0.0197 | 0.9477 | 0.9507 | 0.9484 | 0.0219 | 0.9341 | 0.9390 | 0.9218
0540 | 01:15:22 |  15.9s | 1.0e-04 | 0.0194 | 0.9511 | 0.9536 | 0.9544 | 0.0230 | 0.9373 | 0.9418 | 0.9287
0541 | 01:15:48 |  16.0s | 1.0e-04 | 0.0198 | 0.9513 | 0.9502 | 0.9515 | 0.0223 | 0.9392 | 0.9395 | 0.9298
0542 | 01:16:14 |  30.8s | 1.0e-04 | 0.0196 | 0.9501 | 0.9516 | 0.9517 | 0.0227 | 0.9474 | 0.9186 | 0.9167
0543 | 01:16:56 |  15.9s | 1.0e-04 | 0.0200 | 0.9496 | 0.9512 | 0.9507 | 0.0225 | 0.9347 | 0.9395 | 0.9218
0544 | 01:17:24 |  15.9s | 1.0e-04 | 0.0193 | 0.9499 | 0.9536 | 0.9532 | 0.0232 | 0.9404 | 0.9314 | 0.9218
0545 | 01:17:50 |  15.7s | 1.0e-04 | 0.0196 | 0.9507 | 0.9542 | 0.9544 | 0.0216 | 0.9409 | 0.9385 | 0.9299
0546 | 01:18:18 |  15.7s | 1.0e-04 | 0.0197 | 0.9511 | 0.9515 | 0.9524 | 0.0230 | 0.9309 | 0.9459 | 0.9254
0547 | 01:18:44 |  15.9s | 1.0e-04 | 0.0193 | 0.9517 | 0.9521 | 0.9534 | 0.0226 | 0.9371 | 0.9410 | 0.9270
0548 | 01:19:11 |  15.6s | 1.0e-04 | 0.0191 | 0.9512 | 0.9537 | 0.9543 | 0.0228 | 0.9372 | 0.9366 | 0.9192
0549 | 01:19:37 |  15.7s | 1.0e-04 | 0.0199 | 0.9502 | 0.9526 | 0.9524 | 0.0223 | 0.9413 | 0.9328 | 0.9239
0550 | 01:20:03 |  15.8s | 1.0e-04 | 0.0194 | 0.9515 | 0.9519 | 0.9532 | 0.0228 | 0.9299 | 0.9452 | 0.9239
0551 | 01:20:32 |  15.6s | 1.0e-04 | 0.0193 | 0.9519 | 0.9529 | 0.9545 | 0.0224 | 0.9411 | 0.9364 | 0.9266
0552 | 01:20:58 |  15.9s | 1.0e-04 | 0.0193 | 0.9516 | 0.9528 | 0.9539 | 0.0209 | 0.9379 | 0.9409 | 0.9275
0553 | 01:21:24 |  15.6s | 1.0e-04 | 0.0197 | 0.9517 | 0.9506 | 0.9523 | 0.0228 | 0.9317 | 0.9372 | 0.9165
0554 | 01:21:50 |  15.8s | 1.0e-04 | 0.0189 | 0.9519 | 0.9533 | 0.9549 | 0.0234 | 0.9339 | 0.9381 | 0.9196
0555 | 01:22:16 |  15.4s | 1.0e-04 | 0.0194 | 0.9507 | 0.9524 | 0.9529 | 0.0223 | 0.9478 | 0.9259 | 0.9266
0556 | 01:22:41 |  15.8s | 1.0e-04 | 0.0191 | 0.9520 | 0.9519 | 0.9536 | 0.0213 | 0.9388 | 0.9387 | 0.9279
0557 | 01:23:08 |  15.7s | 1.0e-04 | 0.0192 | 0.9514 | 0.9537 | 0.9550 | 0.0229 | 0.9455 | 0.9296 | 0.9284
0558 | 01:23:34 |  15.9s | 1.0e-04 | 0.0195 | 0.9530 | 0.9505 | 0.9534 | 0.0230 | 0.9339 | 0.9354 | 0.9193
0559 | 01:24:00 |  15.5s | 1.0e-04 | 0.0196 | 0.9522 | 0.9531 | 0.9544 | 0.0227 | 0.9310 | 0.9471 | 0.9271
0560 | 01:24:26 |  15.7s | 1.0e-04 | 0.0194 | 0.9505 | 0.9524 | 0.9525 | 0.0227 | 0.9397 | 0.9312 | 0.9201
0561 | 01:24:52 |  15.6s | 1.0e-04 | 0.0193 | 0.9513 | 0.9519 | 0.9529 | 0.0217 | 0.9370 | 0.9344 | 0.9179
0562 | 01:25:20 |  15.5s | 1.0e-04 | 0.0196 | 0.9506 | 0.9511 | 0.9516 | 0.0228 | 0.9421 | 0.9409 | 0.9302
0563 | 01:25:46 |  30.1s | 1.0e-04 | 0.0194 | 0.9522 | 0.9536 | 0.9555 | 0.0240 | 0.9237 | 0.9436 | 0.9177
0564 | 01:26:26 |  15.5s | 1.0e-04 | 0.0196 | 0.9516 | 0.9543 | 0.9548 | 0.0215 | 0.9406 | 0.9378 | 0.9267
0565 | 01:26:54 |  15.5s | 1.0e-04 | 0.0192 | 0.9533 | 0.9563 | 0.9581 | 0.0218 | 0.9387 | 0.9383 | 0.9280
0566 | 01:27:20 |  15.7s | 1.0e-04 | 0.0193 | 0.9522 | 0.9539 | 0.9556 | 0.0227 | 0.9312 | 0.9386 | 0.9188
0567 | 01:27:46 |  15.4s | 1.0e-04 | 0.0202 | 0.9509 | 0.9531 | 0.9534 | 0.0229 | 0.9340 | 0.9455 | 0.9290
0568 | 01:28:12 |  15.7s | 1.0e-04 | 0.0196 | 0.9510 | 0.9532 | 0.9538 | 0.0229 | 0.9366 | 0.9353 | 0.9180
0569 | 01:28:38 |  15.5s | 1.0e-04 | 0.0199 | 0.9504 | 0.9540 | 0.9534 | 0.0229 | 0.9339 | 0.9325 | 0.9165
0570 | 01:29:04 |  15.9s | 1.0e-04 | 0.0196 | 0.9520 | 0.9523 | 0.9540 | 0.0217 | 0.9446 | 0.9293 | 0.9243
0571 | 01:29:30 |  15.4s | 1.0e-04 | 0.0192 | 0.9522 | 0.9540 | 0.9554 | 0.0221 | 0.9389 | 0.9417 | 0.9283
0572 | 01:29:56 |  16.5s | 1.0e-04 | 0.0193 | 0.9514 | 0.9544 | 0.9553 | 0.0227 | 0.9433 | 0.9317 | 0.9247
0573 | 01:30:23 |  15.8s | 1.0e-04 | 0.0196 | 0.9515 | 0.9537 | 0.9549 | 0.0220 | 0.9386 | 0.9336 | 0.9226
0574 | 01:30:51 |  15.6s | 1.0e-04 | 0.0197 | 0.9516 | 0.9545 | 0.9556 | 0.0232 | 0.9432 | 0.9316 | 0.9247
0575 | 01:31:17 |  15.8s | 1.0e-04 | 0.0198 | 0.9504 | 0.9508 | 0.9513 | 0.0229 | 0.9408 | 0.9370 | 0.9286
0576 | 01:31:43 |  15.6s | 1.0e-04 | 0.0199 | 0.9501 | 0.9529 | 0.9531 | 0.0222 | 0.9299 | 0.9472 | 0.9272
0577 | 01:32:09 |  16.3s | 1.0e-04 | 0.0196 | 0.9530 | 0.9527 | 0.9555 | 0.0224 | 0.9363 | 0.9346 | 0.9199
0578 | 01:32:36 |  15.8s | 1.0e-04 | 0.0198 | 0.9514 | 0.9541 | 0.9552 | 0.0222 | 0.9430 | 0.9297 | 0.9194
0579 | 01:33:04 |  15.7s | 1.0e-04 | 0.0198 | 0.9523 | 0.9533 | 0.9548 | 0.0211 | 0.9411 | 0.9416 | 0.9296
0580 | 01:33:30 |  15.9s | 1.0e-04 | 0.0194 | 0.9527 | 0.9548 | 0.9569 | 0.0228 | 0.9365 | 0.9375 | 0.9221
0581 | 01:33:56 |  15.4s | 1.0e-04 | 0.0198 | 0.9515 | 0.9540 | 0.9546 | 0.0233 | 0.9385 | 0.9357 | 0.9202
0582 | 01:34:22 |  16.0s | 1.0e-04 | 0.0195 | 0.9520 | 0.9530 | 0.9544 | 0.0217 | 0.9371 | 0.9447 | 0.9303
0583 | 01:34:49 |  15.7s | 1.0e-04 | 0.0199 | 0.9509 | 0.9562 | 0.9562 | 0.0223 | 0.9450 | 0.9243 | 0.9199
0584 | 01:35:15 |  30.1s | 1.0e-04 | 0.0191 | 0.9513 | 0.9529 | 0.9543 | 0.0224 | 0.9418 | 0.9302 | 0.9223
0585 | 01:35:55 |  16.4s | 1.0e-04 | 0.0190 | 0.9498 | 0.9513 | 0.9510 | 0.0222 | 0.9370 | 0.9379 | 0.9253
0586 | 01:36:23 |  16.7s | 1.0e-04 | 0.0189 | 0.9523 | 0.9501 | 0.9524 | 0.0213 | 0.9353 | 0.9503 | 0.9356
0587 | 01:36:50 |  16.4s | 1.0e-04 | 0.0186 | 0.9510 | 0.9532 | 0.9544 | 0.0214 | 0.9270 | 0.9511 | 0.9288
0588 | 01:37:18 |  15.9s | 1.0e-04 | 0.0192 | 0.9504 | 0.9511 | 0.9513 | 0.0232 | 0.9418 | 0.9273 | 0.9202
0589 | 01:37:44 |  16.5s | 1.0e-04 | 0.0192 | 0.9470 | 0.9517 | 0.9486 | 0.0219 | 0.9181 | 0.9545 | 0.9248
0590 | 01:38:11 |  16.2s | 1.0e-04 | 0.0189 | 0.9496 | 0.9522 | 0.9519 | 0.0226 | 0.9330 | 0.9461 | 0.9284
0591 | 01:38:38 |  16.3s | 1.0e-04 | 0.0197 | 0.9501 | 0.9499 | 0.9500 | 0.0222 | 0.9412 | 0.9295 | 0.9222
0592 | 01:39:05 |  16.3s | 1.0e-04 | 0.0190 | 0.9505 | 0.9509 | 0.9512 | 0.0222 | 0.9277 | 0.9482 | 0.9252
0593 | 01:39:32 |  15.9s | 1.0e-04 | 0.0187 | 0.9527 | 0.9526 | 0.9552 | 0.0222 | 0.9447 | 0.9255 | 0.9212
0594 | 01:39:59 |  16.4s | 1.0e-04 | 0.0187 | 0.9502 | 0.9513 | 0.9512 | 0.0233 | 0.9293 | 0.9449 | 0.9225
0595 | 01:40:25 |  16.5s | 1.0e-04 | 0.0192 | 0.9494 | 0.9514 | 0.9508 | 0.0226 | 0.9323 | 0.9405 | 0.9204
0596 | 01:40:52 |  17.2s | 1.0e-04 | 0.0189 | 0.9506 | 0.9513 | 0.9519 | 0.0216 | 0.9341 | 0.9418 | 0.9250
0597 | 01:41:19 |  16.0s | 1.0e-04 | 0.0193 | 0.9487 | 0.9496 | 0.9481 | 0.0235 | 0.9444 | 0.9313 | 0.9293
0598 | 01:41:46 |  16.1s | 1.0e-04 | 0.0184 | 0.9512 | 0.9531 | 0.9541 | 0.0226 | 0.9295 | 0.9429 | 0.9214
0599 | 01:42:12 |  15.9s | 1.0e-04 | 0.0190 | 0.9503 | 0.9532 | 0.9529 | 0.0230 | 0.9412 | 0.9284 | 0.9158
0600 | 01:42:39 |  16.4s | 1.0e-04 | 0.0188 | 0.9512 | 0.9528 | 0.9531 | 0.0211 | 0.9468 | 0.9366 | 0.9334
0601 | 01:43:05 |  16.3s | 1.0e-04 | 0.0193 | 0.9499 | 0.9520 | 0.9518 | 0.0220 | 0.9436 | 0.9396 | 0.9317
0602 | 01:43:34 |  16.1s | 1.0e-04 | 0.0190 | 0.9515 | 0.9523 | 0.9536 | 0.0227 | 0.9346 | 0.9423 | 0.9249
0603 | 01:44:00 |  16.6s | 1.0e-04 | 0.0189 | 0.9502 | 0.9513 | 0.9516 | 0.0225 | 0.9462 | 0.9270 | 0.9187
0604 | 01:44:27 |  16.4s | 1.0e-04 | 0.0186 | 0.9526 | 0.9534 | 0.9553 | 0.0219 | 0.9402 | 0.9384 | 0.9283
0605 | 01:44:55 |  27.1s | 1.0e-04 | 0.0193 | 0.9499 | 0.9518 | 0.9514 | 0.0212 | 0.9458 | 0.9335 | 0.9310
0606 | 01:45:32 |  16.1s | 1.0e-04 | 0.0197 | 0.9511 | 0.9538 | 0.9540 | 0.0222 | 0.9312 | 0.9447 | 0.9241
0607 | 01:45:59 |  16.1s | 1.0e-04 | 0.0188 | 0.9522 | 0.9556 | 0.9567 | 0.0218 | 0.9283 | 0.9422 | 0.9179
0608 | 01:46:28 |  16.2s | 1.0e-04 | 0.0196 | 0.9516 | 0.9534 | 0.9545 | 0.0211 | 0.9478 | 0.9358 | 0.9354
0609 | 01:46:54 |  15.7s | 1.0e-04 | 0.0193 | 0.9537 | 0.9527 | 0.9563 | 0.0215 | 0.9406 | 0.9366 | 0.9279
0610 | 01:47:20 |  16.0s | 1.0e-04 | 0.0193 | 0.9495 | 0.9540 | 0.9529 | 0.0225 | 0.9449 | 0.9310 | 0.9292
0611 | 01:47:46 |  15.7s | 1.0e-04 | 0.0195 | 0.9533 | 0.9517 | 0.9549 | 0.0226 | 0.9291 | 0.9498 | 0.9281
0612 | 01:48:14 |  15.8s | 1.0e-04 | 0.0196 | 0.9507 | 0.9532 | 0.9536 | 0.0230 | 0.9468 | 0.9193 | 0.9202
0613 | 01:48:40 |  15.7s | 1.0e-04 | 0.0192 | 0.9536 | 0.9556 | 0.9582 | 0.0227 | 0.9298 | 0.9430 | 0.9202
0614 | 01:49:08 |  15.9s | 1.0e-04 | 0.0195 | 0.9519 | 0.9522 | 0.9539 | 0.0223 | 0.9438 | 0.9283 | 0.9238
0615 | 01:49:34 |  16.2s | 1.0e-04 | 0.0189 | 0.9525 | 0.9550 | 0.9565 | 0.0217 | 0.9383 | 0.9401 | 0.9278
0616 | 01:50:01 |  15.7s | 1.0e-04 | 0.0192 | 0.9521 | 0.9516 | 0.9536 | 0.0234 | 0.9395 | 0.9305 | 0.9166
0617 | 01:50:27 |  16.1s | 1.0e-04 | 0.0194 | 0.9521 | 0.9531 | 0.9547 | 0.0227 | 0.9398 | 0.9280 | 0.9185
0618 | 01:50:53 |  15.6s | 1.0e-04 | 0.0189 | 0.9532 | 0.9532 | 0.9556 | 0.0232 | 0.9315 | 0.9404 | 0.9196
0619 | 01:51:20 |  15.9s | 1.0e-04 | 0.0193 | 0.9507 | 0.9518 | 0.9527 | 0.0222 | 0.9415 | 0.9403 | 0.9300
0620 | 01:51:47 |  16.0s | 1.0e-04 | 0.0193 | 0.9510 | 0.9522 | 0.9533 | 0.0214 | 0.9412 | 0.9394 | 0.9296
0621 | 01:52:14 |  15.4s | 1.0e-04 | 0.0191 | 0.9526 | 0.9542 | 0.9561 | 0.0223 | 0.9427 | 0.9342 | 0.9275
0622 | 01:52:40 |  16.0s | 1.0e-04 | 0.0191 | 0.9534 | 0.9542 | 0.9567 | 0.0220 | 0.9387 | 0.9410 | 0.9313
0623 | 01:53:06 |  15.8s | 1.0e-04 | 0.0195 | 0.9523 | 0.9541 | 0.9553 | 0.0211 | 0.9369 | 0.9372 | 0.9233
0624 | 01:53:32 |  15.7s | 1.0e-04 | 0.0195 | 0.9503 | 0.9549 | 0.9542 | 0.0230 | 0.9267 | 0.9447 | 0.9202
0625 | 01:53:59 |  15.6s | 1.0e-04 | 0.0192 | 0.9510 | 0.9525 | 0.9528 | 0.0224 | 0.9368 | 0.9363 | 0.9173
0626 | 01:54:28 |  16.0s | 1.0e-04 | 0.0194 | 0.9504 | 0.9544 | 0.9541 | 0.0230 | 0.9361 | 0.9450 | 0.9304
0627 | 01:54:54 |  15.5s | 1.0e-04 | 0.0196 | 0.9499 | 0.9519 | 0.9518 | 0.0219 | 0.9324 | 0.9441 | 0.9247
0628 | 01:55:20 |  16.0s | 1.0e-04 | 0.0189 | 0.9513 | 0.9533 | 0.9540 | 0.0226 | 0.9385 | 0.9375 | 0.9243
0629 | 01:55:47 |  15.6s | 1.0e-04 | 0.0194 | 0.9510 | 0.9526 | 0.9530 | 0.0221 | 0.9444 | 0.9268 | 0.9189
0630 | 01:56:14 |  15.6s | 1.0e-04 | 0.0195 | 0.9515 | 0.9527 | 0.9537 | 0.0226 | 0.9435 | 0.9347 | 0.9271
0631 | 01:56:40 |  15.8s | 1.0e-04 | 0.0201 | 0.9480 | 0.9514 | 0.9493 | 0.0223 | 0.9331 | 0.9449 | 0.9264
0632 | 01:57:07 |  15.5s | 1.0e-04 | 0.0192 | 0.9531 | 0.9551 | 0.9572 | 0.0222 | 0.9440 | 0.9287 | 0.9196
0633 | 01:57:33 |  15.9s | 1.0e-04 | 0.0194 | 0.9513 | 0.9529 | 0.9537 | 0.0213 | 0.9451 | 0.9415 | 0.9363
0634 | 01:57:59 |  15.4s | 1.0e-04 | 0.0188 | 0.9520 | 0.9544 | 0.9561 | 0.0225 | 0.9345 | 0.9449 | 0.9301
0635 | 01:58:26 |  15.7s | 1.0e-04 | 0.0190 | 0.9502 | 0.9550 | 0.9548 | 0.0238 | 0.9386 | 0.9312 | 0.9131
0636 | 01:58:52 |  15.6s | 1.0e-04 | 0.0188 | 0.9523 | 0.9534 | 0.9551 | 0.0233 | 0.9322 | 0.9371 | 0.9162
0637 | 01:59:19 |  15.3s | 1.0e-04 | 0.0189 | 0.9508 | 0.9532 | 0.9532 | 0.0227 | 0.9404 | 0.9276 | 0.9154
0638 | 01:59:45 |  15.5s | 1.0e-04 | 0.0193 | 0.9517 | 0.9529 | 0.9542 | 0.0217 | 0.9356 | 0.9374 | 0.9179
0639 | 02:00:12 |  16.1s | 1.0e-04 | 0.0191 | 0.9511 | 0.9546 | 0.9549 | 0.0216 | 0.9364 | 0.9427 | 0.9300
0640 | 02:00:38 |  16.0s | 1.0e-04 | 0.0196 | 0.9504 | 0.9543 | 0.9539 | 0.0223 | 0.9402 | 0.9315 | 0.9224
0641 | 02:01:05 |  15.8s | 1.0e-04 | 0.0196 | 0.9501 | 0.9523 | 0.9524 | 0.0217 | 0.9411 | 0.9347 | 0.9261
0642 | 02:01:31 |  15.7s | 1.0e-04 | 0.0192 | 0.9502 | 0.9535 | 0.9535 | 0.0237 | 0.9312 | 0.9406 | 0.9190
0643 | 02:01:58 |  15.6s | 1.0e-04 | 0.0194 | 0.9496 | 0.9515 | 0.9509 | 0.0227 | 0.9327 | 0.9379 | 0.9179
0644 | 02:02:24 |  15.9s | 1.0e-04 | 0.0193 | 0.9494 | 0.9532 | 0.9520 | 0.0222 | 0.9304 | 0.9446 | 0.9250
0645 | 02:02:50 |  15.6s | 1.0e-04 | 0.0195 | 0.9494 | 0.9523 | 0.9513 | 0.0221 | 0.9369 | 0.9309 | 0.9162
0646 | 02:03:18 |  30.1s | 1.0e-04 | 0.0193 | 0.9503 | 0.9523 | 0.9522 | 0.0221 | 0.9429 | 0.9320 | 0.9271
0647 | 02:03:58 |  16.1s | 1.0e-04 | 0.0181 | 0.9534 | 0.9545 | 0.9566 | 0.0212 | 0.9468 | 0.9319 | 0.9319
0648 | 02:04:25 |  16.0s | 1.0e-04 | 0.0186 | 0.9509 | 0.9516 | 0.9523 | 0.0217 | 0.9360 | 0.9456 | 0.9308
0649 | 02:04:53 |  15.8s | 1.0e-04 | 0.0186 | 0.9520 | 0.9516 | 0.9535 | 0.0218 | 0.9410 | 0.9282 | 0.9226
0650 | 02:05:19 |  15.7s | 1.0e-04 | 0.0182 | 0.9512 | 0.9515 | 0.9526 | 0.0222 | 0.9410 | 0.9334 | 0.9229
0651 | 02:05:47 |  15.8s | 1.0e-04 | 0.0183 | 0.9518 | 0.9530 | 0.9544 | 0.0212 | 0.9341 | 0.9439 | 0.9262
0652 | 02:06:13 |  15.6s | 1.0e-04 | 0.0187 | 0.9507 | 0.9534 | 0.9537 | 0.0218 | 0.9467 | 0.9292 | 0.9283
0653 | 02:06:41 |  15.9s | 1.0e-04 | 0.0183 | 0.9493 | 0.9535 | 0.9523 | 0.0214 | 0.9457 | 0.9309 | 0.9266
0654 | 02:07:07 |  15.7s | 1.0e-04 | 0.0187 | 0.9511 | 0.9514 | 0.9523 | 0.0227 | 0.9319 | 0.9442 | 0.9252
0655 | 02:07:35 |  15.7s | 1.0e-04 | 0.0189 | 0.9498 | 0.9511 | 0.9510 | 0.0220 | 0.9315 | 0.9438 | 0.9221
0656 | 02:08:01 |  15.9s | 1.0e-04 | 0.0188 | 0.9485 | 0.9526 | 0.9508 | 0.0223 | 0.9405 | 0.9417 | 0.9324
0657 | 02:08:27 |  15.9s | 1.0e-04 | 0.0189 | 0.9496 | 0.9502 | 0.9497 | 0.0214 | 0.9320 | 0.9477 | 0.9292
0658 | 02:08:53 |  15.9s | 1.0e-04 | 0.0185 | 0.9505 | 0.9531 | 0.9529 | 0.0218 | 0.9331 | 0.9388 | 0.9196
0659 | 02:09:19 |  15.7s | 1.0e-04 | 0.0190 | 0.9492 | 0.9513 | 0.9502 | 0.0221 | 0.9280 | 0.9516 | 0.9294
0660 | 02:09:48 |  15.9s | 1.0e-04 | 0.0185 | 0.9501 | 0.9526 | 0.9523 | 0.0219 | 0.9458 | 0.9335 | 0.9279
0661 | 02:10:14 |  16.0s | 1.0e-04 | 0.0185 | 0.9510 | 0.9533 | 0.9541 | 0.0226 | 0.9257 | 0.9491 | 0.9242
0662 | 02:10:40 |  15.7s | 1.0e-04 | 0.0184 | 0.9511 | 0.9519 | 0.9529 | 0.0236 | 0.9358 | 0.9368 | 0.9220
0663 | 02:11:07 |  16.2s | 1.0e-04 | 0.0186 | 0.9504 | 0.9500 | 0.9504 | 0.0219 | 0.9298 | 0.9448 | 0.9238
0664 | 02:11:33 |  15.7s | 1.0e-04 | 0.0191 | 0.9500 | 0.9504 | 0.9504 | 0.0207 | 0.9378 | 0.9478 | 0.9357
0665 | 02:11:59 |  16.1s | 1.0e-04 | 0.0188 | 0.9504 | 0.9522 | 0.9523 | 0.0217 | 0.9405 | 0.9434 | 0.9339
0666 | 02:12:25 |  16.0s | 1.0e-04 | 0.0181 | 0.9516 | 0.9527 | 0.9538 | 0.0219 | 0.9402 | 0.9386 | 0.9260
0667 | 02:12:52 |  25.5s | 1.0e-04 | 0.0183 | 0.9503 | 0.9538 | 0.9535 | 0.0235 | 0.9132 | 0.9558 | 0.9234
0668 | 02:13:28 |  15.9s | 1.0e-04 | 0.0178 | 0.9532 | 0.9559 | 0.9578 | 0.0222 | 0.9356 | 0.9360 | 0.9165
0669 | 02:13:56 |  15.8s | 1.0e-04 | 0.0178 | 0.9529 | 0.9546 | 0.9565 | 0.0213 | 0.9452 | 0.9370 | 0.9294
0670 | 02:14:22 |  16.0s | 1.0e-04 | 0.0172 | 0.9546 | 0.9575 | 0.9606 | 0.0230 | 0.9286 | 0.9444 | 0.9205
0671 | 02:14:49 |  16.0s | 1.0e-04 | 0.0176 | 0.9549 | 0.9560 | 0.9593 | 0.0221 | 0.9390 | 0.9411 | 0.9283
0672 | 02:15:15 |  16.3s | 1.0e-04 | 0.0173 | 0.9548 | 0.9566 | 0.9601 | 0.0228 | 0.9410 | 0.9383 | 0.9290
0673 | 02:15:42 |  15.7s | 1.0e-04 | 0.0173 | 0.9532 | 0.9564 | 0.9583 | 0.0223 | 0.9247 | 0.9535 | 0.9278
0674 | 02:16:10 |  15.8s | 1.0e-04 | 0.0180 | 0.9521 | 0.9548 | 0.9564 | 0.0219 | 0.9357 | 0.9375 | 0.9212
0675 | 02:16:36 |  16.0s | 1.0e-04 | 0.0180 | 0.9530 | 0.9543 | 0.9564 | 0.0219 | 0.9423 | 0.9353 | 0.9280
0676 | 02:17:03 |  15.8s | 1.0e-04 | 0.0176 | 0.9524 | 0.9544 | 0.9558 | 0.0225 | 0.9287 | 0.9426 | 0.9201
0677 | 02:17:29 |  16.4s | 1.0e-04 | 0.0177 | 0.9536 | 0.9549 | 0.9582 | 0.0231 | 0.9363 | 0.9379 | 0.9254
0678 | 02:17:56 |  15.8s | 1.0e-04 | 0.0176 | 0.9539 | 0.9558 | 0.9579 | 0.0232 | 0.9326 | 0.9408 | 0.9233
0679 | 02:18:22 |  16.2s | 1.0e-04 | 0.0181 | 0.9523 | 0.9531 | 0.9546 | 0.0219 | 0.9318 | 0.9453 | 0.9253
0680 | 02:18:49 |  16.0s | 1.0e-04 | 0.0181 | 0.9534 | 0.9552 | 0.9575 | 0.0214 | 0.9306 | 0.9441 | 0.9242
0681 | 02:19:15 |  16.0s | 1.0e-04 | 0.0176 | 0.9522 | 0.9566 | 0.9576 | 0.0232 | 0.9441 | 0.9216 | 0.9158
0682 | 02:19:42 |  15.8s | 1.0e-04 | 0.0177 | 0.9548 | 0.9538 | 0.9581 | 0.0229 | 0.9344 | 0.9419 | 0.9233
0683 | 02:20:08 |  16.1s | 1.0e-04 | 0.0181 | 0.9543 | 0.9536 | 0.9573 | 0.0214 | 0.9343 | 0.9431 | 0.9251
0684 | 02:20:34 |  15.7s | 1.0e-04 | 0.0176 | 0.9525 | 0.9561 | 0.9582 | 0.0231 | 0.9441 | 0.9263 | 0.9210
0685 | 02:21:03 |  15.8s | 1.0e-04 | 0.0179 | 0.9532 | 0.9546 | 0.9568 | 0.0238 | 0.9311 | 0.9393 | 0.9177
0686 | 02:21:29 |  16.2s | 1.0e-04 | 0.0176 | 0.9523 | 0.9566 | 0.9585 | 0.0217 | 0.9241 | 0.9497 | 0.9232
0687 | 02:21:55 |  15.6s | 1.0e-04 | 0.0177 | 0.9526 | 0.9547 | 0.9569 | 0.0231 | 0.9381 | 0.9347 | 0.9189
0688 | 02:22:22 |  28.2s | 1.0e-04 | 0.0183 | 0.9531 | 0.9554 | 0.9571 | 0.0219 | 0.9308 | 0.9525 | 0.9334
0689 | 02:23:00 |  16.6s | 1.0e-04 | 0.0191 | 0.9517 | 0.9531 | 0.9545 | 0.0230 | 0.9379 | 0.9341 | 0.9194
0690 | 02:23:27 |  16.2s | 1.0e-04 | 0.0187 | 0.9517 | 0.9532 | 0.9546 | 0.0225 | 0.9411 | 0.9365 | 0.9240
0691 | 02:23:56 |  16.0s | 1.0e-04 | 0.0190 | 0.9519 | 0.9538 | 0.9545 | 0.0238 | 0.9436 | 0.9300 | 0.9223
0692 | 02:24:22 |  16.4s | 1.0e-04 | 0.0189 | 0.9514 | 0.9520 | 0.9533 | 0.0219 | 0.9343 | 0.9402 | 0.9233
0693 | 02:24:48 |  16.2s | 1.0e-04 | 0.0186 | 0.9524 | 0.9524 | 0.9542 | 0.0214 | 0.9291 | 0.9454 | 0.9227
0694 | 02:25:15 |  16.3s | 1.0e-04 | 0.0189 | 0.9515 | 0.9543 | 0.9550 | 0.0213 | 0.9378 | 0.9440 | 0.9331
0695 | 02:25:44 |  16.2s | 1.0e-04 | 0.0193 | 0.9511 | 0.9530 | 0.9535 | 0.0219 | 0.9507 | 0.9258 | 0.9316
0696 | 02:26:10 |  16.1s | 1.0e-04 | 0.0195 | 0.9502 | 0.9508 | 0.9508 | 0.0211 | 0.9383 | 0.9387 | 0.9261
0697 | 02:26:39 |  16.3s | 1.0e-04 | 0.0195 | 0.9499 | 0.9543 | 0.9535 | 0.0231 | 0.9404 | 0.9292 | 0.9220
0698 | 02:27:05 |  16.5s | 1.0e-04 | 0.0189 | 0.9513 | 0.9525 | 0.9533 | 0.0226 | 0.9401 | 0.9268 | 0.9184
0699 | 02:27:32 |  16.1s | 1.0e-04 | 0.0193 | 0.9508 | 0.9533 | 0.9532 | 0.0226 | 0.9350 | 0.9373 | 0.9208
0700 | 02:27:59 |  16.3s | 1.0e-04 | 0.0189 | 0.9516 | 0.9550 | 0.9555 | 0.0209 | 0.9361 | 0.9487 | 0.9348
0701 | 02:28:25 |  16.2s | 1.0e-04 | 0.0184 | 0.9530 | 0.9555 | 0.9572 | 0.0220 | 0.9324 | 0.9498 | 0.9319
0702 | 02:28:54 |  16.2s | 1.0e-04 | 0.0188 | 0.9517 | 0.9529 | 0.9546 | 0.0226 | 0.9359 | 0.9395 | 0.9255
0703 | 02:29:20 |  16.5s | 1.0e-04 | 0.0193 | 0.9482 | 0.9523 | 0.9506 | 0.0229 | 0.9337 | 0.9418 | 0.9245
0704 | 02:29:47 |  16.2s | 1.0e-04 | 0.0189 | 0.9515 | 0.9544 | 0.9550 | 0.0214 | 0.9396 | 0.9493 | 0.9392
0705 | 02:30:14 |  16.2s | 1.0e-04 | 0.0184 | 0.9525 | 0.9543 | 0.9554 | 0.0214 | 0.9421 | 0.9388 | 0.9335
0706 | 02:30:40 |  16.0s | 1.0e-04 | 0.0190 | 0.9500 | 0.9522 | 0.9523 | 0.0208 | 0.9391 | 0.9423 | 0.9315
0707 | 02:31:06 |  16.5s | 1.0e-04 | 0.0188 | 0.9511 | 0.9537 | 0.9540 | 0.0224 | 0.9322 | 0.9463 | 0.9283
0708 | 02:31:33 |  16.1s | 1.0e-04 | 0.0190 | 0.9512 | 0.9533 | 0.9537 | 0.0221 | 0.9416 | 0.9325 | 0.9215
0709 | 02:32:01 |  28.0s | 1.0e-04 | 0.0183 | 0.9530 | 0.9567 | 0.9582 | 0.0224 | 0.9365 | 0.9389 | 0.9217
0710 | 02:32:39 |  16.0s | 1.0e-04 | 0.0178 | 0.9542 | 0.9572 | 0.9596 | 0.0222 | 0.9450 | 0.9349 | 0.9265
0711 | 02:33:05 |  15.6s | 1.0e-04 | 0.0176 | 0.9541 | 0.9577 | 0.9604 | 0.0215 | 0.9470 | 0.9356 | 0.9357
0712 | 02:33:31 |  16.0s | 1.0e-04 | 0.0181 | 0.9513 | 0.9550 | 0.9555 | 0.0219 | 0.9433 | 0.9326 | 0.9269
0713 | 02:33:57 |  15.4s | 1.0e-04 | 0.0179 | 0.9539 | 0.9575 | 0.9604 | 0.0213 | 0.9360 | 0.9418 | 0.9283
0714 | 02:34:24 |  15.6s | 1.0e-04 | 0.0178 | 0.9534 | 0.9564 | 0.9590 | 0.0216 | 0.9356 | 0.9436 | 0.9305
0715 | 02:34:50 |  16.0s | 1.0e-04 | 0.0175 | 0.9543 | 0.9578 | 0.9604 | 0.0230 | 0.9257 | 0.9479 | 0.9221
0716 | 02:35:17 |  15.6s | 1.0e-04 | 0.0179 | 0.9518 | 0.9567 | 0.9571 | 0.0231 | 0.9415 | 0.9298 | 0.9195
0717 | 02:35:42 |  16.1s | 1.0e-04 | 0.0183 | 0.9529 | 0.9564 | 0.9586 | 0.0219 | 0.9293 | 0.9513 | 0.9306
0718 | 02:36:09 |  15.6s | 1.0e-04 | 0.0174 | 0.9546 | 0.9577 | 0.9616 | 0.0217 | 0.9373 | 0.9363 | 0.9212
0719 | 02:36:34 |  15.9s | 1.0e-04 | 0.0178 | 0.9553 | 0.9569 | 0.9600 | 0.0218 | 0.9458 | 0.9346 | 0.9288
0720 | 02:37:01 |  15.8s | 1.0e-04 | 0.0177 | 0.9542 | 0.9561 | 0.9599 | 0.0216 | 0.9357 | 0.9385 | 0.9230
0721 | 02:37:27 |  16.0s | 1.0e-04 | 0.0181 | 0.9535 | 0.9552 | 0.9576 | 0.0232 | 0.9423 | 0.9339 | 0.9224
0722 | 02:37:53 |  15.7s | 1.0e-04 | 0.0176 | 0.9540 | 0.9587 | 0.9610 | 0.0218 | 0.9435 | 0.9305 | 0.9252
0723 | 02:38:19 |  15.7s | 1.0e-04 | 0.0179 | 0.9543 | 0.9560 | 0.9592 | 0.0215 | 0.9400 | 0.9359 | 0.9276
0724 | 02:38:45 |  15.6s | 1.0e-04 | 0.0175 | 0.9552 | 0.9562 | 0.9609 | 0.0232 | 0.9357 | 0.9357 | 0.9186
0725 | 02:39:13 |  15.9s | 1.0e-04 | 0.0183 | 0.9532 | 0.9556 | 0.9573 | 0.0222 | 0.9349 | 0.9349 | 0.9174
0726 | 02:39:39 |  15.9s | 1.0e-04 | 0.0175 | 0.9548 | 0.9570 | 0.9599 | 0.0235 | 0.9437 | 0.9319 | 0.9258
0727 | 02:40:05 |  15.7s | 1.0e-04 | 0.0176 | 0.9546 | 0.9555 | 0.9597 | 0.0214 | 0.9354 | 0.9446 | 0.9283
0728 | 02:40:31 |  16.1s | 1.0e-04 | 0.0181 | 0.9540 | 0.9552 | 0.9580 | 0.0220 | 0.9387 | 0.9405 | 0.9280
0729 | 02:40:57 |  15.6s | 1.0e-04 | 0.0181 | 0.9534 | 0.9554 | 0.9578 | 0.0238 | 0.9280 | 0.9393 | 0.9151
0730 | 02:41:25 |  26.7s | 1.0e-04 | 0.0186 | 0.9514 | 0.9534 | 0.9541 | 0.0217 | 0.9354 | 0.9365 | 0.9217
0731 | 02:42:03 |  15.4s | 1.0e-04 | 0.0184 | 0.9514 | 0.9523 | 0.9534 | 0.0222 | 0.9352 | 0.9406 | 0.9241
0732 | 02:42:28 |  15.1s | 1.0e-04 | 0.0188 | 0.9507 | 0.9521 | 0.9525 | 0.0234 | 0.9343 | 0.9358 | 0.9161
0733 | 02:42:54 |  15.6s | 1.0e-04 | 0.0188 | 0.9515 | 0.9547 | 0.9553 | 0.0227 | 0.9268 | 0.9485 | 0.9255
0734 | 02:43:19 |  15.5s | 1.0e-04 | 0.0191 | 0.9493 | 0.9517 | 0.9509 | 0.0211 | 0.9445 | 0.9468 | 0.9411
0735 | 02:43:45 |  15.6s | 1.0e-04 | 0.0184 | 0.9521 | 0.9539 | 0.9557 | 0.0238 | 0.9309 | 0.9368 | 0.9181
0736 | 02:44:11 |  15.1s | 1.0e-04 | 0.0185 | 0.9504 | 0.9533 | 0.9526 | 0.0225 | 0.9185 | 0.9508 | 0.9198
0737 | 02:44:36 |  15.6s | 1.0e-04 | 0.0182 | 0.9507 | 0.9537 | 0.9534 | 0.0217 | 0.9437 | 0.9260 | 0.9231
0738 | 02:45:02 |  15.3s | 1.0e-04 | 0.0182 | 0.9526 | 0.9531 | 0.9558 | 0.0219 | 0.9342 | 0.9398 | 0.9252
0739 | 02:45:29 |  15.1s | 1.0e-04 | 0.0185 | 0.9522 | 0.9511 | 0.9529 | 0.0218 | 0.9383 | 0.9385 | 0.9240
0740 | 02:45:54 |  15.5s | 1.0e-04 | 0.0175 | 0.9533 | 0.9546 | 0.9566 | 0.0220 | 0.9217 | 0.9542 | 0.9267
0741 | 02:46:21 |  15.3s | 1.0e-04 | 0.0187 | 0.9503 | 0.9535 | 0.9533 | 0.0218 | 0.9400 | 0.9327 | 0.9254
0742 | 02:46:47 |  15.7s | 1.0e-04 | 0.0186 | 0.9515 | 0.9529 | 0.9542 | 0.0219 | 0.9406 | 0.9414 | 0.9320
0743 | 02:47:13 |  15.3s | 1.0e-04 | 0.0186 | 0.9514 | 0.9526 | 0.9536 | 0.0223 | 0.9410 | 0.9320 | 0.9202
0744 | 02:47:38 |  15.6s | 1.0e-04 | 0.0183 | 0.9512 | 0.9531 | 0.9536 | 0.0231 | 0.9337 | 0.9402 | 0.9212
0745 | 02:48:05 |  15.2s | 1.0e-04 | 0.0184 | 0.9508 | 0.9553 | 0.9551 | 0.0214 | 0.9335 | 0.9421 | 0.9269
0746 | 02:48:32 |  15.5s | 1.0e-04 | 0.0184 | 0.9503 | 0.9531 | 0.9530 | 0.0223 | 0.9326 | 0.9403 | 0.9197
0747 | 02:48:58 |  15.5s | 1.0e-04 | 0.0184 | 0.9520 | 0.9556 | 0.9568 | 0.0229 | 0.9364 | 0.9449 | 0.9305
0748 | 02:49:27 |  15.2s | 1.0e-04 | 0.0182 | 0.9525 | 0.9541 | 0.9559 | 0.0209 | 0.9396 | 0.9441 | 0.9324
0749 | 02:49:53 |  15.5s | 1.0e-04 | 0.0186 | 0.9522 | 0.9533 | 0.9552 | 0.0218 | 0.9413 | 0.9342 | 0.9245
0750 | 02:50:19 |  15.2s | 1.0e-04 | 0.0186 | 0.9510 | 0.9527 | 0.9529 | 0.0208 | 0.9420 | 0.9401 | 0.9296
0751 | 02:50:46 |  19.6s | 1.0e-04 | 0.0178 | 0.9533 | 0.9572 | 0.9595 | 0.0216 | 0.9348 | 0.9418 | 0.9270
0752 | 02:51:16 |  15.6s | 1.0e-04 | 0.0177 | 0.9532 | 0.9572 | 0.9583 | 0.0227 | 0.9265 | 0.9398 | 0.9197
0753 | 02:51:42 |  16.2s | 1.0e-04 | 0.0182 | 0.9551 | 0.9559 | 0.9598 | 0.0213 | 0.9371 | 0.9408 | 0.9268
0754 | 02:52:09 |  15.8s | 1.0e-04 | 0.0176 | 0.9565 | 0.9573 | 0.9622 | 0.0212 | 0.9457 | 0.9342 | 0.9251
0755 | 02:52:37 |  15.7s | 1.0e-04 | 0.0183 | 0.9524 | 0.9542 | 0.9562 | 0.0219 | 0.9404 | 0.9324 | 0.9192
0756 | 02:53:03 |  16.3s | 1.0e-04 | 0.0177 | 0.9543 | 0.9556 | 0.9593 | 0.0222 | 0.9392 | 0.9415 | 0.9307
0757 | 02:53:30 |  15.9s | 1.0e-04 | 0.0175 | 0.9530 | 0.9565 | 0.9584 | 0.0213 | 0.9437 | 0.9452 | 0.9379
0758 | 02:53:57 |  15.9s | 1.0e-04 | 0.0176 | 0.9542 | 0.9559 | 0.9589 | 0.0221 | 0.9436 | 0.9357 | 0.9285
0759 | 02:54:23 |  15.8s | 1.0e-04 | 0.0177 | 0.9537 | 0.9556 | 0.9585 | 0.0221 | 0.9372 | 0.9440 | 0.9321
0760 | 02:54:51 |  16.1s | 1.0e-04 | 0.0178 | 0.9539 | 0.9576 | 0.9596 | 0.0227 | 0.9379 | 0.9379 | 0.9245
0761 | 02:55:17 |  15.7s | 1.0e-04 | 0.0179 | 0.9528 | 0.9548 | 0.9567 | 0.0219 | 0.9405 | 0.9375 | 0.9265
0762 | 02:55:43 |  16.3s | 1.0e-04 | 0.0176 | 0.9557 | 0.9557 | 0.9602 | 0.0214 | 0.9357 | 0.9393 | 0.9254
0763 | 02:56:10 |  16.2s | 1.0e-04 | 0.0178 | 0.9537 | 0.9550 | 0.9580 | 0.0219 | 0.9345 | 0.9464 | 0.9298
0764 | 02:56:39 |  16.0s | 1.0e-04 | 0.0179 | 0.9526 | 0.9559 | 0.9570 | 0.0216 | 0.9373 | 0.9360 | 0.9222
0765 | 02:57:05 |  15.7s | 1.0e-04 | 0.0173 | 0.9559 | 0.9559 | 0.9611 | 0.0215 | 0.9314 | 0.9421 | 0.9250
0766 | 02:57:33 |  15.9s | 1.0e-04 | 0.0177 | 0.9532 | 0.9547 | 0.9580 | 0.0207 | 0.9470 | 0.9326 | 0.9300
0767 | 02:57:59 |  15.9s | 1.0e-04 | 0.0175 | 0.9533 | 0.9555 | 0.9577 | 0.0218 | 0.9391 | 0.9341 | 0.9194
0768 | 02:58:26 |  15.9s | 1.0e-04 | 0.0176 | 0.9540 | 0.9572 | 0.9597 | 0.0218 | 0.9289 | 0.9489 | 0.9274
0769 | 02:58:53 |  16.1s | 1.0e-04 | 0.0182 | 0.9511 | 0.9551 | 0.9555 | 0.0211 | 0.9407 | 0.9371 | 0.9272
0770 | 02:59:19 |  16.5s | 1.0e-04 | 0.0176 | 0.9540 | 0.9576 | 0.9598 | 0.0225 | 0.9261 | 0.9508 | 0.9278
0771 | 02:59:48 |  28.2s | 1.0e-04 | 0.0183 | 0.9536 | 0.9561 | 0.9585 | 0.0227 | 0.9334 | 0.9374 | 0.9194
0772 | 03:00:28 |  16.1s | 1.0e-04 | 0.0186 | 0.9529 | 0.9562 | 0.9582 | 0.0212 | 0.9424 | 0.9403 | 0.9329
0773 | 03:00:54 |  15.9s | 1.0e-04 | 0.0184 | 0.9545 | 0.9568 | 0.9604 | 0.0211 | 0.9311 | 0.9492 | 0.9300
0774 | 03:01:23 |  15.6s | 1.0e-04 | 0.0188 | 0.9522 | 0.9553 | 0.9572 | 0.0221 | 0.9415 | 0.9391 | 0.9319
0775 | 03:01:49 |  15.6s | 1.0e-04 | 0.0185 | 0.9532 | 0.9568 | 0.9584 | 0.0217 | 0.9373 | 0.9413 | 0.9275
0776 | 03:02:17 |  15.9s | 1.0e-04 | 0.0187 | 0.9537 | 0.9570 | 0.9585 | 0.0222 | 0.9397 | 0.9372 | 0.9235
0777 | 03:02:43 |  15.9s | 1.0e-04 | 0.0185 | 0.9537 | 0.9570 | 0.9603 | 0.0203 | 0.9445 | 0.9449 | 0.9396
0778 | 03:03:10 |  15.9s | 1.0e-04 | 0.0185 | 0.9535 | 0.9546 | 0.9572 | 0.0217 | 0.9349 | 0.9469 | 0.9315
0779 | 03:03:37 |  15.9s | 1.0e-04 | 0.0187 | 0.9541 | 0.9556 | 0.9591 | 0.0214 | 0.9357 | 0.9453 | 0.9309
0780 | 03:04:04 |  15.9s | 1.0e-04 | 0.0184 | 0.9536 | 0.9557 | 0.9590 | 0.0214 | 0.9403 | 0.9418 | 0.9320
0781 | 03:04:30 |  16.0s | 1.0e-04 | 0.0183 | 0.9528 | 0.9570 | 0.9586 | 0.0211 | 0.9427 | 0.9415 | 0.9356
0782 | 03:04:57 |  16.0s | 1.0e-04 | 0.0185 | 0.9542 | 0.9567 | 0.9597 | 0.0222 | 0.9316 | 0.9478 | 0.9285
0783 | 03:05:26 |  16.2s | 1.0e-04 | 0.0189 | 0.9538 | 0.9545 | 0.9577 | 0.0212 | 0.9281 | 0.9473 | 0.9260
0784 | 03:05:52 |  16.0s | 1.0e-04 | 0.0181 | 0.9548 | 0.9562 | 0.9600 | 0.0225 | 0.9250 | 0.9505 | 0.9252
0785 | 03:06:19 |  16.0s | 1.0e-04 | 0.0185 | 0.9537 | 0.9560 | 0.9584 | 0.0224 | 0.9305 | 0.9440 | 0.9240
0786 | 03:06:46 |  16.2s | 1.0e-04 | 0.0183 | 0.9533 | 0.9568 | 0.9583 | 0.0221 | 0.9361 | 0.9453 | 0.9305
0787 | 03:07:13 |  15.9s | 1.0e-04 | 0.0187 | 0.9509 | 0.9549 | 0.9553 | 0.0216 | 0.9362 | 0.9442 | 0.9308
0788 | 03:07:39 |  16.0s | 1.0e-04 | 0.0184 | 0.9557 | 0.9567 | 0.9613 | 0.0222 | 0.9410 | 0.9392 | 0.9296
0789 | 03:08:06 |  15.7s | 1.0e-04 | 0.0184 | 0.9544 | 0.9556 | 0.9592 | 0.0213 | 0.9382 | 0.9419 | 0.9288
0790 | 03:08:32 |  16.4s | 1.0e-04 | 0.0184 | 0.9531 | 0.9575 | 0.9588 | 0.0216 | 0.9407 | 0.9393 | 0.9289
0791 | 03:08:59 |  15.6s | 1.0e-04 | 0.0181 | 0.9542 | 0.9576 | 0.9597 | 0.0232 | 0.9353 | 0.9303 | 0.9153
0792 | 03:09:28 |  29.1s | 1.0e-04 | 0.0183 | 0.9523 | 0.9566 | 0.9576 | 0.0217 | 0.9309 | 0.9510 | 0.9325
0793 | 03:10:08 |  15.6s | 1.0e-04 | 0.0183 | 0.9496 | 0.9528 | 0.9526 | 0.0213 | 0.9369 | 0.9481 | 0.9352
0794 | 03:10:33 |  15.9s | 1.0e-04 | 0.0182 | 0.9512 | 0.9522 | 0.9532 | 0.0216 | 0.9372 | 0.9425 | 0.9283
0795 | 03:10:59 |  15.9s | 1.0e-04 | 0.0179 | 0.9511 | 0.9529 | 0.9540 | 0.0233 | 0.9417 | 0.9359 | 0.9253
0796 | 03:11:25 |  15.6s | 1.0e-04 | 0.0188 | 0.9506 | 0.9506 | 0.9511 | 0.0221 | 0.9244 | 0.9460 | 0.9191
0797 | 03:11:51 |  15.8s | 1.0e-04 | 0.0185 | 0.9512 | 0.9518 | 0.9526 | 0.0220 | 0.9248 | 0.9501 | 0.9248
0798 | 03:12:16 |  16.0s | 1.0e-04 | 0.0186 | 0.9490 | 0.9514 | 0.9500 | 0.0223 | 0.9328 | 0.9410 | 0.9226
0799 | 03:12:43 |  15.7s | 1.0e-04 | 0.0180 | 0.9515 | 0.9516 | 0.9527 | 0.0223 | 0.9449 | 0.9327 | 0.9255
0800 | 03:13:08 |  15.5s | 1.0e-04 | 0.0186 | 0.9512 | 0.9506 | 0.9518 | 0.0222 | 0.9404 | 0.9429 | 0.9318
0801 | 03:13:34 |  15.5s | 1.0e-04 | 0.0180 | 0.9521 | 0.9522 | 0.9540 | 0.0203 | 0.9444 | 0.9433 | 0.9390
0802 | 03:13:59 |  15.6s | 1.0e-04 | 0.0179 | 0.9515 | 0.9518 | 0.9531 | 0.0214 | 0.9440 | 0.9271 | 0.9184
0803 | 03:14:25 |  16.3s | 1.0e-04 | 0.0188 | 0.9511 | 0.9521 | 0.9528 | 0.0229 | 0.9333 | 0.9395 | 0.9212
0804 | 03:14:52 |  15.6s | 1.0e-04 | 0.0186 | 0.9495 | 0.9519 | 0.9510 | 0.0218 | 0.9326 | 0.9482 | 0.9308
0805 | 03:15:17 |  15.6s | 1.0e-04 | 0.0182 | 0.9499 | 0.9532 | 0.9528 | 0.0222 | 0.9330 | 0.9410 | 0.9218
0806 | 03:15:43 |  15.6s | 1.0e-04 | 0.0180 | 0.9513 | 0.9522 | 0.9532 | 0.0225 | 0.9505 | 0.9254 | 0.9273
0807 | 03:16:09 |  15.6s | 1.0e-04 | 0.0185 | 0.9517 | 0.9515 | 0.9530 | 0.0223 | 0.9411 | 0.9296 | 0.9176
0808 | 03:16:34 |  15.5s | 1.0e-04 | 0.0180 | 0.9504 | 0.9499 | 0.9503 | 0.0220 | 0.9413 | 0.9394 | 0.9304
0809 | 03:17:00 |  15.6s | 1.0e-04 | 0.0180 | 0.9527 | 0.9513 | 0.9543 | 0.0212 | 0.9361 | 0.9412 | 0.9280
0810 | 03:17:25 |  15.6s | 1.0e-04 | 0.0187 | 0.9512 | 0.9522 | 0.9530 | 0.0209 | 0.9415 | 0.9430 | 0.9354
0811 | 03:17:51 |  15.6s | 1.0e-04 | 0.0183 | 0.9508 | 0.9529 | 0.9537 | 0.0214 | 0.9407 | 0.9397 | 0.9289
0812 | 03:18:17 |  15.6s | 1.0e-04 | 0.0186 | 0.9511 | 0.9508 | 0.9519 | 0.0223 | 0.9360 | 0.9355 | 0.9211
0813 | 03:18:42 |  29.4s | 1.0e-04 | 0.0186 | 0.9503 | 0.9516 | 0.9514 | 0.0207 | 0.9444 | 0.9439 | 0.9391
0814 | 03:19:22 |  15.7s | 1.0e-04 | 0.0189 | 0.9523 | 0.9537 | 0.9557 | 0.0211 | 0.9365 | 0.9428 | 0.9296
0815 | 03:19:48 |  15.5s | 1.0e-04 | 0.0186 | 0.9526 | 0.9538 | 0.9553 | 0.0221 | 0.9487 | 0.9304 | 0.9328
0816 | 03:20:13 |  15.5s | 1.0e-04 | 0.0185 | 0.9524 | 0.9546 | 0.9568 | 0.0233 | 0.9223 | 0.9456 | 0.9165
0817 | 03:20:39 |  15.4s | 1.0e-04 | 0.0181 | 0.9526 | 0.9547 | 0.9561 | 0.0229 | 0.9451 | 0.9231 | 0.9201
0818 | 03:21:04 |  15.4s | 1.0e-04 | 0.0187 | 0.9504 | 0.9535 | 0.9536 | 0.0214 | 0.9412 | 0.9410 | 0.9324
0819 | 03:21:29 |  15.4s | 1.0e-04 | 0.0182 | 0.9521 | 0.9546 | 0.9562 | 0.0219 | 0.9359 | 0.9470 | 0.9325
0820 | 03:21:55 |  15.8s | 1.0e-04 | 0.0187 | 0.9512 | 0.9534 | 0.9543 | 0.0212 | 0.9389 | 0.9431 | 0.9292
0821 | 03:22:21 |  15.5s | 1.0e-04 | 0.0187 | 0.9505 | 0.9530 | 0.9529 | 0.0224 | 0.9300 | 0.9512 | 0.9309
0822 | 03:22:47 |  15.4s | 1.0e-04 | 0.0183 | 0.9515 | 0.9540 | 0.9557 | 0.0216 | 0.9345 | 0.9415 | 0.9261
0823 | 03:23:12 |  15.4s | 1.0e-04 | 0.0179 | 0.9524 | 0.9541 | 0.9555 | 0.0214 | 0.9456 | 0.9284 | 0.9266
0824 | 03:23:38 |  15.4s | 1.0e-04 | 0.0192 | 0.9497 | 0.9524 | 0.9524 | 0.0222 | 0.9358 | 0.9396 | 0.9238
0825 | 03:24:03 |  15.4s | 1.0e-04 | 0.0184 | 0.9512 | 0.9533 | 0.9542 | 0.0209 | 0.9447 | 0.9315 | 0.9277
0826 | 03:24:28 |  15.6s | 1.0e-04 | 0.0186 | 0.9526 | 0.9523 | 0.9550 | 0.0208 | 0.9386 | 0.9427 | 0.9296
0827 | 03:24:54 |  15.8s | 1.0e-04 | 0.0187 | 0.9523 | 0.9524 | 0.9541 | 0.0220 | 0.9502 | 0.9279 | 0.9300
0828 | 03:25:20 |  15.5s | 1.0e-04 | 0.0190 | 0.9501 | 0.9520 | 0.9519 | 0.0212 | 0.9386 | 0.9493 | 0.9377
0829 | 03:25:46 |  15.5s | 1.0e-04 | 0.0189 | 0.9510 | 0.9533 | 0.9538 | 0.0219 | 0.9331 | 0.9455 | 0.9288
0830 | 03:26:11 |  23.5s | 1.0e-04 | 0.0179 | 0.9533 | 0.9550 | 0.9569 | 0.0224 | 0.9357 | 0.9450 | 0.9304
0831 | 03:26:45 |  15.5s | 1.0e-04 | 0.0183 | 0.9521 | 0.9553 | 0.9566 | 0.0217 | 0.9464 | 0.9330 | 0.9305
0832 | 03:27:10 |  15.8s | 1.0e-04 | 0.0178 | 0.9528 | 0.9562 | 0.9578 | 0.0218 | 0.9300 | 0.9529 | 0.9336
0833 | 03:27:36 |  15.7s | 1.0e-04 | 0.0186 | 0.9507 | 0.9534 | 0.9533 | 0.0220 | 0.9342 | 0.9500 | 0.9340
0834 | 03:28:02 |  26.5s | 1.0e-04 | 0.0178 | 0.9535 | 0.9579 | 0.9592 | 0.0220 | 0.9433 | 0.9322 | 0.9267
0835 | 03:28:38 |  15.1s | 1.0e-04 | 0.0182 | 0.9525 | 0.9565 | 0.9582 | 0.0219 | 0.9413 | 0.9356 | 0.9239
0836 | 03:29:04 |  15.2s | 1.0e-04 | 0.0179 | 0.9533 | 0.9571 | 0.9590 | 0.0221 | 0.9466 | 0.9326 | 0.9283
0837 | 03:29:29 |  15.2s | 1.0e-04 | 0.0182 | 0.9542 | 0.9556 | 0.9583 | 0.0207 | 0.9484 | 0.9368 | 0.9352
0838 | 03:29:54 |  15.1s | 1.0e-04 | 0.0188 | 0.9531 | 0.9541 | 0.9568 | 0.0223 | 0.9386 | 0.9342 | 0.9209
0839 | 03:30:19 |  15.4s | 1.0e-04 | 0.0184 | 0.9552 | 0.9547 | 0.9589 | 0.0219 | 0.9327 | 0.9452 | 0.9256
0840 | 03:30:44 |  15.6s | 1.0e-04 | 0.0180 | 0.9541 | 0.9560 | 0.9583 | 0.0218 | 0.9376 | 0.9355 | 0.9211
0841 | 03:31:10 |  15.1s | 1.0e-04 | 0.0181 | 0.9560 | 0.9571 | 0.9618 | 0.0216 | 0.9365 | 0.9345 | 0.9225
0842 | 03:31:35 |  15.1s | 1.0e-04 | 0.0182 | 0.9533 | 0.9567 | 0.9591 | 0.0231 | 0.9319 | 0.9374 | 0.9156
0843 | 03:32:00 |  15.1s | 1.0e-04 | 0.0178 | 0.9566 | 0.9577 | 0.9626 | 0.0218 | 0.9409 | 0.9412 | 0.9313
0844 | 03:32:25 |  15.1s | 1.0e-04 | 0.0190 | 0.9536 | 0.9551 | 0.9579 | 0.0203 | 0.9413 | 0.9416 | 0.9333
0845 | 03:32:50 |  15.2s | 1.0e-04 | 0.0186 | 0.9546 | 0.9556 | 0.9588 | 0.0214 | 0.9419 | 0.9464 | 0.9372
0846 | 03:33:15 |  15.1s | 1.0e-04 | 0.0180 | 0.9556 | 0.9573 | 0.9607 | 0.0212 | 0.9502 | 0.9323 | 0.9353
0847 | 03:33:40 |  15.1s | 1.0e-04 | 0.0186 | 0.9527 | 0.9542 | 0.9575 | 0.0220 | 0.9323 | 0.9444 | 0.9248
0848 | 03:34:05 |  15.2s | 1.0e-04 | 0.0183 | 0.9552 | 0.9556 | 0.9591 | 0.0230 | 0.9351 | 0.9429 | 0.9258
0849 | 03:34:30 |  15.1s | 1.0e-04 | 0.0176 | 0.9546 | 0.9582 | 0.9616 | 0.0220 | 0.9381 | 0.9382 | 0.9245
0850 | 03:34:55 |  15.1s | 1.0e-04 | 0.0177 | 0.9550 | 0.9576 | 0.9604 | 0.0226 | 0.9421 | 0.9322 | 0.9244
0851 | 03:35:20 |  16.0s | 1.0e-04 | 0.0182 | 0.9542 | 0.9549 | 0.9583 | 0.0215 | 0.9364 | 0.9410 | 0.9280
0852 | 03:35:46 |  16.0s | 1.0e-04 | 0.0182 | 0.9531 | 0.9552 | 0.9573 | 0.0215 | 0.9364 | 0.9498 | 0.9361
0853 | 03:36:12 |  15.3s | 1.0e-04 | 0.0183 | 0.9525 | 0.9550 | 0.9571 | 0.0232 | 0.9290 | 0.9454 | 0.9245
0854 | 03:36:37 |  15.3s | 1.0e-04 | 0.0186 | 0.9522 | 0.9553 | 0.9570 | 0.0209 | 0.9390 | 0.9449 | 0.9331
0855 | 03:37:02 |  25.0s | 1.0e-04 | 0.0186 | 0.9518 | 0.9546 | 0.9562 | 0.0203 | 0.9427 | 0.9428 | 0.9361
0856 | 03:37:37 |  16.5s | 1.0e-04 | 0.0186 | 0.9519 | 0.9545 | 0.9555 | 0.0212 | 0.9350 | 0.9435 | 0.9284
0857 | 03:38:03 |  15.7s | 1.0e-04 | 0.0182 | 0.9546 | 0.9541 | 0.9578 | 0.0206 | 0.9444 | 0.9371 | 0.9299
0858 | 03:38:29 |  15.7s | 1.0e-04 | 0.0184 | 0.9544 | 0.9555 | 0.9591 | 0.0230 | 0.9365 | 0.9371 | 0.9235
0859 | 03:38:55 |  15.6s | 1.0e-04 | 0.0183 | 0.9519 | 0.9546 | 0.9554 | 0.0216 | 0.9326 | 0.9498 | 0.9323
0860 | 03:39:20 |  15.6s | 1.0e-04 | 0.0189 | 0.9515 | 0.9535 | 0.9550 | 0.0208 | 0.9403 | 0.9431 | 0.9310
0861 | 03:39:45 |  15.6s | 1.0e-04 | 0.0181 | 0.9531 | 0.9565 | 0.9573 | 0.0213 | 0.9373 | 0.9451 | 0.9313
0862 | 03:40:11 |  15.7s | 1.0e-04 | 0.0178 | 0.9551 | 0.9570 | 0.9607 | 0.0227 | 0.9312 | 0.9488 | 0.9300
0863 | 03:40:36 |  15.7s | 1.0e-04 | 0.0183 | 0.9526 | 0.9548 | 0.9570 | 0.0216 | 0.9452 | 0.9385 | 0.9327
0864 | 03:41:02 |  15.6s | 1.0e-04 | 0.0188 | 0.9517 | 0.9540 | 0.9551 | 0.0216 | 0.9250 | 0.9518 | 0.9272
0865 | 03:41:27 |  15.9s | 1.0e-04 | 0.0175 | 0.9521 | 0.9553 | 0.9569 | 0.0227 | 0.9341 | 0.9375 | 0.9190
0866 | 03:41:53 |  15.9s | 1.0e-04 | 0.0180 | 0.9541 | 0.9562 | 0.9586 | 0.0219 | 0.9444 | 0.9316 | 0.9262
0867 | 03:42:19 |  15.6s | 1.0e-04 | 0.0184 | 0.9521 | 0.9559 | 0.9569 | 0.0212 | 0.9404 | 0.9430 | 0.9330
0868 | 03:42:45 |  16.1s | 1.0e-04 | 0.0180 | 0.9542 | 0.9547 | 0.9580 | 0.0218 | 0.9310 | 0.9511 | 0.9329
0869 | 03:43:11 |  15.7s | 1.0e-04 | 0.0182 | 0.9526 | 0.9565 | 0.9576 | 0.0221 | 0.9425 | 0.9323 | 0.9232
0870 | 03:43:36 |  16.0s | 1.0e-04 | 0.0179 | 0.9531 | 0.9540 | 0.9564 | 0.0203 | 0.9392 | 0.9462 | 0.9345
0871 | 03:44:02 |  24.4s | 1.0e-04 | 0.0181 | 0.9539 | 0.9548 | 0.9573 | 0.0216 | 0.9342 | 0.9436 | 0.9270
0872 | 03:44:36 |  15.6s | 1.0e-04 | 0.0181 | 0.9534 | 0.9534 | 0.9562 | 0.0227 | 0.9269 | 0.9450 | 0.9209
0873 | 03:45:02 |  15.3s | 1.0e-04 | 0.0184 | 0.9524 | 0.9556 | 0.9571 | 0.0214 | 0.9312 | 0.9477 | 0.9281
0874 | 03:45:27 |  15.3s | 1.0e-04 | 0.0183 | 0.9540 | 0.9555 | 0.9588 | 0.0219 | 0.9394 | 0.9298 | 0.9231
0875 | 03:45:52 |  15.4s | 1.0e-04 | 0.0182 | 0.9540 | 0.9533 | 0.9569 | 0.0210 | 0.9372 | 0.9458 | 0.9323
0876 | 03:46:20 |  15.1s | 1.0e-04 | 0.0179 | 0.9541 | 0.9569 | 0.9597 | 0.0228 | 0.9477 | 0.9283 | 0.9266
0877 | 03:46:45 |  15.0s | 1.0e-04 | 0.0180 | 0.9547 | 0.9556 | 0.9590 | 0.0217 | 0.9330 | 0.9447 | 0.9271
0878 | 03:47:10 |  15.0s | 1.0e-04 | 0.0177 | 0.9531 | 0.9555 | 0.9579 | 0.0216 | 0.9362 | 0.9426 | 0.9291
0879 | 03:47:34 |  15.0s | 1.0e-04 | 0.0184 | 0.9551 | 0.9559 | 0.9599 | 0.0221 | 0.9371 | 0.9455 | 0.9326
0880 | 03:47:59 |  15.1s | 1.0e-04 | 0.0177 | 0.9548 | 0.9576 | 0.9614 | 0.0211 | 0.9373 | 0.9453 | 0.9321
0881 | 03:48:24 |  15.0s | 1.0e-04 | 0.0184 | 0.9535 | 0.9543 | 0.9573 | 0.0211 | 0.9433 | 0.9340 | 0.9300
0882 | 03:48:49 |  15.1s | 1.0e-04 | 0.0182 | 0.9538 | 0.9570 | 0.9588 | 0.0218 | 0.9418 | 0.9360 | 0.9264
0883 | 03:49:14 |  15.0s | 1.0e-04 | 0.0176 | 0.9541 | 0.9562 | 0.9591 | 0.0215 | 0.9283 | 0.9415 | 0.9173
0884 | 03:49:39 |  15.1s | 1.0e-04 | 0.0184 | 0.9539 | 0.9553 | 0.9591 | 0.0217 | 0.9410 | 0.9360 | 0.9263
0885 | 03:50:04 |  15.0s | 1.0e-04 | 0.0182 | 0.9536 | 0.9565 | 0.9584 | 0.0211 | 0.9406 | 0.9419 | 0.9318
0886 | 03:50:29 |  15.1s | 1.0e-04 | 0.0179 | 0.9545 | 0.9570 | 0.9598 | 0.0213 | 0.9435 | 0.9373 | 0.9303
0887 | 03:50:54 |  15.9s | 1.0e-04 | 0.0181 | 0.9529 | 0.9564 | 0.9577 | 0.0226 | 0.9377 | 0.9416 | 0.9281
0888 | 03:51:19 |  15.0s | 1.0e-04 | 0.0174 | 0.9551 | 0.9577 | 0.9607 | 0.0217 | 0.9433 | 0.9346 | 0.9295
0889 | 03:51:44 |  15.2s | 1.0e-04 | 0.0183 | 0.9520 | 0.9554 | 0.9564 | 0.0217 | 0.9484 | 0.9345 | 0.9317
0890 | 03:52:09 |  15.4s | 1.0e-04 | 0.0178 | 0.9541 | 0.9583 | 0.9601 | 0.0209 | 0.9403 | 0.9393 | 0.9297
0891 | 03:52:34 |  15.4s | 1.0e-04 | 0.0183 | 0.9527 | 0.9568 | 0.9582 | 0.0216 | 0.9435 | 0.9415 | 0.9349
0892 | 03:53:00 |  22.9s | 1.0e-04 | 0.0187 | 0.9532 | 0.9548 | 0.9572 | 0.0212 | 0.9370 | 0.9411 | 0.9265
0893 | 03:53:32 |  15.3s | 1.0e-04 | 0.0184 | 0.9514 | 0.9559 | 0.9562 | 0.0214 | 0.9452 | 0.9398 | 0.9328
0894 | 03:53:58 |  15.2s | 1.0e-04 | 0.0186 | 0.9547 | 0.9560 | 0.9593 | 0.0227 | 0.9350 | 0.9336 | 0.9154
0895 | 03:54:23 |  15.3s | 1.0e-04 | 0.0188 | 0.9517 | 0.9547 | 0.9553 | 0.0214 | 0.9429 | 0.9400 | 0.9310
0896 | 03:54:48 |  24.6s | 1.0e-04 | 0.0186 | 0.9533 | 0.9524 | 0.9556 | 0.0219 | 0.9345 | 0.9476 | 0.9312
0897 | 03:55:22 |  15.4s | 1.0e-04 | 0.0189 | 0.9523 | 0.9537 | 0.9559 | 0.0221 | 0.9400 | 0.9382 | 0.9295
0898 | 03:55:47 |  15.5s | 1.0e-04 | 0.0190 | 0.9525 | 0.9531 | 0.9557 | 0.0205 | 0.9417 | 0.9457 | 0.9366
0899 | 03:56:13 |  15.5s | 1.0e-04 | 0.0193 | 0.9508 | 0.9545 | 0.9549 | 0.0215 | 0.9389 | 0.9341 | 0.9252
0900 | 03:56:38 |  15.4s | 1.0e-04 | 0.0187 | 0.9525 | 0.9539 | 0.9552 | 0.0217 | 0.9415 | 0.9350 | 0.9308
0901 | 03:57:03 |  15.6s | 1.0e-04 | 0.0190 | 0.9508 | 0.9540 | 0.9542 | 0.0207 | 0.9394 | 0.9446 | 0.9333
0902 | 03:57:29 |  16.2s | 1.0e-04 | 0.0192 | 0.9517 | 0.9549 | 0.9558 | 0.0219 | 0.9286 | 0.9453 | 0.9233
0903 | 03:57:55 |  15.7s | 1.0e-04 | 0.0190 | 0.9513 | 0.9521 | 0.9528 | 0.0216 | 0.9390 | 0.9388 | 0.9273
0904 | 03:58:20 |  15.4s | 1.0e-04 | 0.0190 | 0.9522 | 0.9541 | 0.9561 | 0.0223 | 0.9418 | 0.9435 | 0.9352
0905 | 03:58:45 |  15.3s | 1.0e-04 | 0.0189 | 0.9513 | 0.9535 | 0.9548 | 0.0211 | 0.9427 | 0.9412 | 0.9332
0906 | 03:59:10 |  15.4s | 1.0e-04 | 0.0192 | 0.9508 | 0.9522 | 0.9524 | 0.0213 | 0.9342 | 0.9427 | 0.9287
0907 | 03:59:36 |  15.4s | 1.0e-04 | 0.0192 | 0.9512 | 0.9536 | 0.9544 | 0.0217 | 0.9429 | 0.9351 | 0.9292
0908 | 04:00:01 |  15.8s | 1.0e-04 | 0.0188 | 0.9526 | 0.9543 | 0.9560 | 0.0212 | 0.9327 | 0.9430 | 0.9256
0909 | 04:00:27 |  15.4s | 1.0e-04 | 0.0185 | 0.9515 | 0.9560 | 0.9567 | 0.0220 | 0.9427 | 0.9367 | 0.9296
0910 | 04:00:52 |  15.4s | 1.0e-04 | 0.0188 | 0.9505 | 0.9552 | 0.9550 | 0.0217 | 0.9399 | 0.9405 | 0.9277
0911 | 04:01:17 |  15.5s | 1.0e-04 | 0.0189 | 0.9507 | 0.9562 | 0.9564 | 0.0217 | 0.9399 | 0.9321 | 0.9225
0912 | 04:01:43 |  15.5s | 1.0e-04 | 0.0191 | 0.9513 | 0.9551 | 0.9551 | 0.0212 | 0.9396 | 0.9417 | 0.9332
0913 | 04:02:08 |  24.3s | 1.0e-04 | 0.0185 | 0.9532 | 0.9554 | 0.9584 | 0.0210 | 0.9512 | 0.9316 | 0.9318
0914 | 04:02:42 |  15.5s | 1.0e-04 | 0.0173 | 0.9554 | 0.9572 | 0.9612 | 0.0215 | 0.9352 | 0.9383 | 0.9221
0915 | 04:03:07 |  15.5s | 1.0e-04 | 0.0176 | 0.9540 | 0.9587 | 0.9608 | 0.0212 | 0.9480 | 0.9348 | 0.9299
0916 | 04:03:33 |  15.4s | 1.0e-04 | 0.0179 | 0.9544 | 0.9553 | 0.9589 | 0.0212 | 0.9395 | 0.9473 | 0.9369
0917 | 04:03:58 |  25.1s | 1.0e-04 | 0.0174 | 0.9540 | 0.9582 | 0.9606 | 0.0217 | 0.9317 | 0.9484 | 0.9301
0918 | 04:04:33 |  15.6s | 1.0e-04 | 0.0174 | 0.9552 | 0.9566 | 0.9603 | 0.0211 | 0.9402 | 0.9425 | 0.9303
0919 | 04:04:58 |  15.6s | 1.0e-04 | 0.0184 | 0.9546 | 0.9549 | 0.9593 | 0.0222 | 0.9414 | 0.9358 | 0.9247
0920 | 04:05:24 |  15.3s | 1.0e-04 | 0.0183 | 0.9524 | 0.9554 | 0.9562 | 0.0203 | 0.9416 | 0.9489 | 0.9410
0921 | 04:05:49 |  15.5s | 1.0e-04 | 0.0182 | 0.9543 | 0.9541 | 0.9578 | 0.0223 | 0.9364 | 0.9387 | 0.9236
0922 | 04:06:14 |  15.3s | 1.0e-04 | 0.0180 | 0.9542 | 0.9553 | 0.9588 | 0.0215 | 0.9385 | 0.9431 | 0.9319
0923 | 04:06:39 |  15.3s | 1.0e-04 | 0.0173 | 0.9554 | 0.9568 | 0.9609 | 0.0197 | 0.9457 | 0.9385 | 0.9337
0924 | 04:07:05 |  16.0s | 1.0e-04 | 0.0177 | 0.9531 | 0.9573 | 0.9591 | 0.0214 | 0.9413 | 0.9379 | 0.9281
0925 | 04:07:31 |  15.6s | 1.0e-04 | 0.0189 | 0.9522 | 0.9571 | 0.9582 | 0.0206 | 0.9492 | 0.9322 | 0.9321
0926 | 04:07:56 |  15.5s | 1.0e-04 | 0.0176 | 0.9541 | 0.9576 | 0.9598 | 0.0214 | 0.9482 | 0.9379 | 0.9384
0927 | 04:08:21 |  15.5s | 1.0e-04 | 0.0182 | 0.9544 | 0.9568 | 0.9597 | 0.0217 | 0.9429 | 0.9414 | 0.9340
0928 | 04:08:46 |  15.4s | 1.0e-04 | 0.0176 | 0.9539 | 0.9592 | 0.9609 | 0.0227 | 0.9298 | 0.9517 | 0.9315
0929 | 04:09:12 |  15.4s | 1.0e-04 | 0.0179 | 0.9549 | 0.9575 | 0.9611 | 0.0219 | 0.9360 | 0.9479 | 0.9331
0930 | 04:09:37 |  15.6s | 1.0e-04 | 0.0178 | 0.9542 | 0.9566 | 0.9610 | 0.0215 | 0.9355 | 0.9469 | 0.9298
0931 | 04:10:02 |  15.9s | 1.0e-04 | 0.0181 | 0.9541 | 0.9564 | 0.9590 | 0.0222 | 0.9412 | 0.9363 | 0.9218
0932 | 04:10:28 |  15.6s | 1.0e-04 | 0.0174 | 0.9537 | 0.9573 | 0.9595 | 0.0212 | 0.9463 | 0.9340 | 0.9314
0933 | 04:10:53 |  15.3s | 1.0e-04 | 0.0181 | 0.9546 | 0.9571 | 0.9595 | 0.0212 | 0.9466 | 0.9319 | 0.9284
0934 | 04:11:19 |  23.5s | 1.0e-04 | 0.0188 | 0.9523 | 0.9550 | 0.9557 | 0.0214 | 0.9403 | 0.9338 | 0.9256
0935 | 04:11:52 |  15.3s | 1.0e-04 | 0.0186 | 0.9524 | 0.9536 | 0.9554 | 0.0209 | 0.9341 | 0.9477 | 0.9314
0936 | 04:12:17 |  15.2s | 1.0e-04 | 0.0180 | 0.9528 | 0.9569 | 0.9583 | 0.0211 | 0.9482 | 0.9332 | 0.9302
0937 | 04:12:42 |  15.2s | 1.0e-04 | 0.0179 | 0.9519 | 0.9554 | 0.9564 | 0.0222 | 0.9445 | 0.9365 | 0.9294
0938 | 04:13:07 |  24.4s | 1.0e-04 | 0.0176 | 0.9540 | 0.9555 | 0.9584 | 0.0211 | 0.9295 | 0.9510 | 0.9311
0939 | 04:13:42 |  14.9s | 1.0e-04 | 0.0177 | 0.9538 | 0.9558 | 0.9582 | 0.0215 | 0.9365 | 0.9443 | 0.9309
0940 | 04:14:06 |  14.8s | 1.0e-04 | 0.0180 | 0.9528 | 0.9548 | 0.9567 | 0.0215 | 0.9409 | 0.9365 | 0.9255
0941 | 04:14:31 |  14.9s | 1.0e-04 | 0.0183 | 0.9523 | 0.9542 | 0.9553 | 0.0217 | 0.9296 | 0.9529 | 0.9331
0942 | 04:14:56 |  14.9s | 1.0e-04 | 0.0184 | 0.9525 | 0.9542 | 0.9564 | 0.0212 | 0.9432 | 0.9359 | 0.9280
0943 | 04:15:20 |  14.8s | 1.0e-04 | 0.0180 | 0.9525 | 0.9541 | 0.9564 | 0.0207 | 0.9475 | 0.9329 | 0.9314
0944 | 04:15:45 |  15.0s | 1.0e-04 | 0.0181 | 0.9530 | 0.9530 | 0.9554 | 0.0211 | 0.9398 | 0.9438 | 0.9338
0945 | 04:16:10 |  14.9s | 1.0e-04 | 0.0178 | 0.9539 | 0.9538 | 0.9568 | 0.0220 | 0.9342 | 0.9510 | 0.9353
0946 | 04:16:34 |  15.4s | 1.0e-04 | 0.0179 | 0.9535 | 0.9551 | 0.9571 | 0.0207 | 0.9457 | 0.9390 | 0.9350
0947 | 04:17:00 |  14.8s | 1.0e-04 | 0.0181 | 0.9537 | 0.9561 | 0.9582 | 0.0227 | 0.9376 | 0.9406 | 0.9248
0948 | 04:17:24 |  15.0s | 1.0e-04 | 0.0181 | 0.9538 | 0.9538 | 0.9572 | 0.0203 | 0.9348 | 0.9487 | 0.9331
0949 | 04:17:49 |  14.9s | 1.0e-04 | 0.0180 | 0.9528 | 0.9555 | 0.9581 | 0.0217 | 0.9363 | 0.9446 | 0.9312
0950 | 04:18:13 |  15.5s | 1.0e-04 | 0.0185 | 0.9524 | 0.9523 | 0.9544 | 0.0219 | 0.9359 | 0.9441 | 0.9304
0951 | 04:18:39 |  14.8s | 1.0e-04 | 0.0181 | 0.9527 | 0.9545 | 0.9560 | 0.0216 | 0.9331 | 0.9453 | 0.9265
0952 | 04:19:03 |  14.9s | 1.0e-04 | 0.0182 | 0.9526 | 0.9547 | 0.9568 | 0.0221 | 0.9421 | 0.9379 | 0.9307
0953 | 04:19:28 |  14.9s | 1.0e-04 | 0.0186 | 0.9525 | 0.9539 | 0.9560 | 0.0213 | 0.9384 | 0.9412 | 0.9295
0954 | 04:19:53 |  15.0s | 1.0e-04 | 0.0182 | 0.9522 | 0.9551 | 0.9559 | 0.0217 | 0.9247 | 0.9521 | 0.9280
0955 | 04:20:17 |  22.8s | 1.0e-04 | 0.0181 | 0.9522 | 0.9544 | 0.9555 | 0.0214 | 0.9421 | 0.9389 | 0.9318
0956 | 04:20:50 |  14.9s | 1.0e-04 | 0.0176 | 0.9541 | 0.9581 | 0.9604 | 0.0230 | 0.9399 | 0.9372 | 0.9264
0957 | 04:21:15 |  14.8s | 1.0e-04 | 0.0180 | 0.9549 | 0.9556 | 0.9595 | 0.0212 | 0.9372 | 0.9456 | 0.9334
0958 | 04:21:39 |  14.9s | 1.0e-04 | 0.0184 | 0.9539 | 0.9537 | 0.9569 | 0.0220 | 0.9522 | 0.9233 | 0.9280
0959 | 04:22:04 |  24.2s | 1.0e-04 | 0.0169 | 0.9564 | 0.9593 | 0.9635 | 0.0215 | 0.9364 | 0.9443 | 0.9289
0960 | 04:22:38 |  15.2s | 1.0e-04 | 0.0166 | 0.9575 | 0.9597 | 0.9651 | 0.0215 | 0.9320 | 0.9415 | 0.9231
0961 | 04:23:03 |  15.3s | 1.0e-04 | 0.0164 | 0.9559 | 0.9597 | 0.9634 | 0.0215 | 0.9413 | 0.9373 | 0.9258
0962 | 04:23:28 |  15.3s | 1.0e-04 | 0.0167 | 0.9565 | 0.9588 | 0.9638 | 0.0211 | 0.9297 | 0.9519 | 0.9323
0963 | 04:23:54 |  15.4s | 1.0e-04 | 0.0166 | 0.9571 | 0.9611 | 0.9658 | 0.0211 | 0.9380 | 0.9359 | 0.9229
0964 | 04:24:19 |  15.3s | 1.0e-04 | 0.0164 | 0.9569 | 0.9602 | 0.9650 | 0.0202 | 0.9385 | 0.9406 | 0.9289
0965 | 04:24:44 |  15.3s | 1.0e-04 | 0.0172 | 0.9546 | 0.9579 | 0.9615 | 0.0217 | 0.9387 | 0.9391 | 0.9285
0966 | 04:25:09 |  15.3s | 1.0e-04 | 0.0169 | 0.9553 | 0.9587 | 0.9617 | 0.0219 | 0.9451 | 0.9363 | 0.9310
0967 | 04:25:34 |  15.3s | 1.0e-04 | 0.0166 | 0.9581 | 0.9585 | 0.9653 | 0.0206 | 0.9341 | 0.9504 | 0.9347
0968 | 04:25:59 |  15.3s | 1.0e-04 | 0.0170 | 0.9555 | 0.9601 | 0.9637 | 0.0206 | 0.9429 | 0.9464 | 0.9387
0969 | 04:26:24 |  15.7s | 1.0e-04 | 0.0169 | 0.9569 | 0.9584 | 0.9633 | 0.0211 | 0.9438 | 0.9360 | 0.9318
0970 | 04:26:50 |  15.5s | 1.0e-04 | 0.0170 | 0.9551 | 0.9599 | 0.9627 | 0.0218 | 0.9389 | 0.9429 | 0.9296
0971 | 04:27:15 |  15.2s | 1.0e-04 | 0.0163 | 0.9574 | 0.9606 | 0.9653 | 0.0221 | 0.9429 | 0.9395 | 0.9322
0972 | 04:27:40 |  15.2s | 1.0e-04 | 0.0168 | 0.9570 | 0.9596 | 0.9640 | 0.0218 | 0.9373 | 0.9396 | 0.9278
0973 | 04:28:05 |  15.7s | 1.0e-04 | 0.0167 | 0.9561 | 0.9601 | 0.9641 | 0.0222 | 0.9425 | 0.9326 | 0.9264
0974 | 04:28:31 |  15.2s | 1.0e-04 | 0.0167 | 0.9558 | 0.9577 | 0.9622 | 0.0222 | 0.9390 | 0.9387 | 0.9286
0975 | 04:28:55 |  15.2s | 1.0e-04 | 0.0169 | 0.9567 | 0.9573 | 0.9624 | 0.0228 | 0.9472 | 0.9287 | 0.9274
0976 | 04:29:21 |  15.5s | 1.0e-04 | 0.0167 | 0.9563 | 0.9581 | 0.9632 | 0.0208 | 0.9448 | 0.9317 | 0.9287
0977 | 04:29:46 |  15.6s | 1.0e-04 | 0.0166 | 0.9563 | 0.9571 | 0.9624 | 0.0208 | 0.9332 | 0.9496 | 0.9325
0978 | 04:30:11 |  15.7s | 1.0e-04 | 0.0169 | 0.9555 | 0.9551 | 0.9600 | 0.0211 | 0.9431 | 0.9391 | 0.9312
0979 | 04:30:37 |  15.6s | 1.0e-04 | 0.0173 | 0.9558 | 0.9570 | 0.9605 | 0.0219 | 0.9396 | 0.9400 | 0.9289
0980 | 04:31:02 |  24.5s | 1.0e-04 | 0.0175 | 0.9531 | 0.9549 | 0.9570 | 0.0221 | 0.9385 | 0.9462 | 0.9348
0981 | 04:31:37 |  15.5s | 1.0e-04 | 0.0179 | 0.9519 | 0.9536 | 0.9548 | 0.0220 | 0.9483 | 0.9266 | 0.9297
0982 | 04:32:02 |  15.6s | 1.0e-04 | 0.0176 | 0.9509 | 0.9545 | 0.9547 | 0.0212 | 0.9354 | 0.9443 | 0.9296
0983 | 04:32:27 |  15.5s | 1.0e-04 | 0.0182 | 0.9509 | 0.9521 | 0.9523 | 0.0203 | 0.9433 | 0.9373 | 0.9273
0984 | 04:32:53 |  15.7s | 1.0e-04 | 0.0176 | 0.9514 | 0.9536 | 0.9544 | 0.0206 | 0.9421 | 0.9389 | 0.9310
0985 | 04:33:18 |  15.8s | 1.0e-04 | 0.0175 | 0.9520 | 0.9541 | 0.9551 | 0.0212 | 0.9400 | 0.9374 | 0.9248
0986 | 04:33:44 |  15.5s | 1.0e-04 | 0.0175 | 0.9537 | 0.9550 | 0.9580 | 0.0214 | 0.9354 | 0.9447 | 0.9294
0987 | 04:34:09 |  15.5s | 1.0e-04 | 0.0180 | 0.9520 | 0.9520 | 0.9543 | 0.0207 | 0.9379 | 0.9488 | 0.9363
0988 | 04:34:34 |  15.7s | 1.0e-04 | 0.0177 | 0.9521 | 0.9551 | 0.9562 | 0.0214 | 0.9369 | 0.9423 | 0.9291
0989 | 04:35:00 |  16.0s | 1.0e-04 | 0.0181 | 0.9515 | 0.9545 | 0.9553 | 0.0217 | 0.9429 | 0.9378 | 0.9303
0990 | 04:35:26 |  16.6s | 1.0e-04 | 0.0176 | 0.9516 | 0.9541 | 0.9549 | 0.0218 | 0.9385 | 0.9413 | 0.9282
0991 | 04:35:52 |  15.5s | 1.0e-04 | 0.0177 | 0.9531 | 0.9530 | 0.9552 | 0.0204 | 0.9406 | 0.9423 | 0.9324
0992 | 04:36:17 |  15.5s | 1.0e-04 | 0.0181 | 0.9520 | 0.9536 | 0.9556 | 0.0222 | 0.9376 | 0.9316 | 0.9170
0993 | 04:36:43 |  16.0s | 1.0e-04 | 0.0177 | 0.9527 | 0.9547 | 0.9563 | 0.0204 | 0.9452 | 0.9408 | 0.9341
0994 | 04:37:09 |  15.5s | 1.0e-04 | 0.0177 | 0.9519 | 0.9532 | 0.9545 | 0.0216 | 0.9410 | 0.9369 | 0.9269
0995 | 04:37:34 |  15.5s | 1.0e-04 | 0.0178 | 0.9516 | 0.9549 | 0.9555 | 0.0210 | 0.9382 | 0.9412 | 0.9276
0996 | 04:37:59 |  23.6s | 1.0e-04 | 0.0179 | 0.9513 | 0.9543 | 0.9547 | 0.0216 | 0.9410 | 0.9407 | 0.9306
0997 | 04:38:33 |  15.2s | 1.0e-04 | 0.0181 | 0.9520 | 0.9532 | 0.9544 | 0.0219 | 0.9382 | 0.9358 | 0.9247
0998 | 04:38:58 |  15.2s | 1.0e-04 | 0.0185 | 0.9527 | 0.9533 | 0.9558 | 0.0210 | 0.9311 | 0.9553 | 0.9363
0999 | 04:39:23 |  15.9s | 1.0e-04 | 0.0185 | 0.9506 | 0.9541 | 0.9541 | 0.0221 | 0.9329 | 0.9491 | 0.9321
1000 | 04:39:48 |  15.3s | 1.0e-04 | 0.0187 | 0.9525 | 0.9538 | 0.9562 | 0.0210 | 0.9434 | 0.9410 | 0.9337
