Epoch | Time_Start | Duration | LR | T_Loss | T_Prec | T_Rec | T_P@R0.9 | V_Loss | V_Prec | V_Rec | V_P@R0.9
0001 | 17:53:45 |  34.1s | 1.0e-04 | 0.2878 | 0.4502 | 0.1100 | 0.1140 | 0.1451 | 0.7708 | 0.3791 | 0.1978
0002 | 17:54:33 |  22.2s | 1.0e-04 | 0.1700 | 0.7501 | 0.4634 | 0.2747 | 0.1137 | 0.7461 | 0.5207 | 0.3000
0003 | 17:55:09 |  22.3s | 1.0e-04 | 0.1200 | 0.7880 | 0.5668 | 0.3838 | 0.1029 | 0.7833 | 0.6144 | 0.4004
0004 | 17:55:45 |  22.0s | 1.0e-04 | 0.1107 | 0.8095 | 0.6132 | 0.4256 | 0.0951 | 0.8152 | 0.6077 | 0.4014
0005 | 17:56:20 |  21.9s | 1.0e-04 | 0.1107 | 0.8071 | 0.6231 | 0.4193 | 0.0933 | 0.7913 | 0.6488 | 0.4081
0006 | 17:56:55 |  18.4s | 1.0e-04 | 0.1017 | 0.8271 | 0.6343 | 0.4388 | 0.0896 | 0.8037 | 0.6471 | 0.4129
0007 | 17:57:28 |  12.7s | 1.0e-04 | 0.0991 | 0.8122 | 0.6519 | 0.4518 | 0.0879 | 0.8469 | 0.6132 | 0.4312
0008 | 17:57:52 |  37.2s | 1.0e-04 | 0.0947 | 0.8373 | 0.6608 | 0.4755 | 0.0845 | 0.8287 | 0.6453 | 0.4318
0009 | 17:58:41 |  14.9s | 1.0e-04 | 0.0909 | 0.8388 | 0.6745 | 0.4800 | 0.0850 | 0.8359 | 0.6609 | 0.4554
0010 | 17:59:08 |  14.7s | 1.0e-04 | 0.0878 | 0.8464 | 0.6799 | 0.4963 | 0.0855 | 0.8155 | 0.7175 | 0.4943
0011 | 17:59:36 |  13.7s | 1.0e-04 | 0.0893 | 0.8429 | 0.6817 | 0.4976 | 0.0848 | 0.8001 | 0.7190 | 0.4739
0012 | 18:00:03 |  13.6s | 1.0e-04 | 0.0852 | 0.8508 | 0.6941 | 0.5168 | 0.0826 | 0.8522 | 0.6778 | 0.4943
0013 | 18:00:30 |  14.0s | 1.0e-04 | 0.0827 | 0.8534 | 0.7024 | 0.5259 | 0.0796 | 0.8418 | 0.6833 | 0.4795
0014 | 18:00:57 |  14.2s | 1.0e-04 | 0.0823 | 0.8562 | 0.7093 | 0.5390 | 0.0792 | 0.8548 | 0.6882 | 0.5114
0015 | 18:01:22 |  20.8s | 1.0e-04 | 0.0825 | 0.8568 | 0.7170 | 0.5522 | 0.0775 | 0.8655 | 0.6880 | 0.5179
0016 | 18:01:56 |  28.5s | 1.0e-04 | 0.0929 | 0.8510 | 0.6827 | 0.5002 | 0.0869 | 0.7834 | 0.6990 | 0.4474
0017 | 18:02:36 |  19.3s | 1.0e-04 | 0.0804 | 0.8521 | 0.7091 | 0.5379 | 0.0786 | 0.8433 | 0.7052 | 0.5125
0018 | 18:03:07 |  19.0s | 1.0e-04 | 0.0775 | 0.8575 | 0.7192 | 0.5547 | 0.0745 | 0.8505 | 0.6983 | 0.5164
0019 | 18:03:37 |  18.4s | 1.0e-04 | 0.0772 | 0.8598 | 0.7274 | 0.5719 | 0.0754 | 0.8542 | 0.7226 | 0.5640
0020 | 18:04:07 |  17.6s | 1.0e-04 | 0.0741 | 0.8608 | 0.7348 | 0.5908 | 0.0724 | 0.8594 | 0.7008 | 0.5427
0021 | 18:04:35 |  17.6s | 1.0e-04 | 0.0727 | 0.8620 | 0.7370 | 0.5931 | 0.0711 | 0.8581 | 0.7254 | 0.5855
0022 | 18:05:04 |  17.1s | 1.0e-04 | 0.0720 | 0.8631 | 0.7439 | 0.6088 | 0.0705 | 0.8548 | 0.7346 | 0.5799
0023 | 18:05:32 |  13.7s | 1.0e-04 | 0.0707 | 0.8661 | 0.7499 | 0.6233 | 0.0700 | 0.8486 | 0.7566 | 0.6053
0024 | 18:05:58 |  30.4s | 1.0e-04 | 0.0698 | 0.8671 | 0.7629 | 0.6536 | 0.0685 | 0.8260 | 0.7637 | 0.5805
0025 | 18:06:40 |  15.2s | 1.0e-04 | 0.0694 | 0.8691 | 0.7704 | 0.6721 | 0.0672 | 0.8570 | 0.7424 | 0.6017
0026 | 18:07:09 |  23.8s | 1.0e-04 | 0.0683 | 0.8714 | 0.7769 | 0.6862 | 0.0686 | 0.8659 | 0.7437 | 0.6207
0027 | 18:07:47 |  23.6s | 1.0e-04 | 0.0672 | 0.8717 | 0.7779 | 0.6876 | 0.0660 | 0.8474 | 0.7603 | 0.6287
0028 | 18:08:22 |  21.8s | 1.0e-04 | 0.0699 | 0.8705 | 0.7865 | 0.7030 | 0.0666 | 0.8367 | 0.7720 | 0.6168
0029 | 18:08:55 |  21.0s | 1.0e-04 | 0.0664 | 0.8728 | 0.7860 | 0.7008 | 0.0638 | 0.8686 | 0.7587 | 0.6435
0030 | 18:09:28 |  20.3s | 1.0e-04 | 0.0658 | 0.8736 | 0.7918 | 0.7146 | 0.0647 | 0.8772 | 0.7319 | 0.6276
0031 | 18:10:00 |  19.8s | 1.0e-04 | 0.0647 | 0.8756 | 0.7934 | 0.7235 | 0.0640 | 0.8364 | 0.8036 | 0.6642
0032 | 18:10:31 |  29.1s | 1.0e-04 | 0.0637 | 0.8768 | 0.8006 | 0.7339 | 0.0615 | 0.8639 | 0.7758 | 0.6670
0033 | 18:11:10 |  10.8s | 1.0e-04 | 0.0627 | 0.8774 | 0.8021 | 0.7405 | 0.0612 | 0.8614 | 0.7772 | 0.6695
0034 | 18:11:33 |  17.1s | 1.0e-04 | 0.0617 | 0.8789 | 0.8047 | 0.7437 | 0.0611 | 0.8649 | 0.7980 | 0.7081
0035 | 18:12:03 |  23.1s | 1.0e-04 | 0.0615 | 0.8809 | 0.8080 | 0.7536 | 0.0602 | 0.8706 | 0.7938 | 0.7186
0036 | 18:12:39 |  23.2s | 1.0e-04 | 0.0609 | 0.8805 | 0.8092 | 0.7541 | 0.0585 | 0.8628 | 0.7846 | 0.6902
0037 | 18:13:16 |  23.1s | 1.0e-04 | 0.0603 | 0.8824 | 0.8141 | 0.7635 | 0.0588 | 0.8796 | 0.7826 | 0.7155
0038 | 18:13:53 |  23.2s | 1.0e-04 | 0.0597 | 0.8831 | 0.8151 | 0.7678 | 0.0579 | 0.8940 | 0.7683 | 0.7244
0039 | 18:14:29 |  23.1s | 1.0e-04 | 0.0587 | 0.8841 | 0.8193 | 0.7742 | 0.0586 | 0.8789 | 0.7927 | 0.7428
0040 | 18:15:05 |  25.5s | 1.0e-04 | 0.0564 | 0.8842 | 0.8185 | 0.7740 | 0.0565 | 0.8509 | 0.8333 | 0.7474
0041 | 18:15:45 |  20.5s | 1.0e-04 | 0.0563 | 0.8850 | 0.8193 | 0.7745 | 0.0561 | 0.8770 | 0.8019 | 0.7407
0042 | 18:16:17 |  16.3s | 1.0e-04 | 0.0559 | 0.8849 | 0.8209 | 0.7770 | 0.0558 | 0.8585 | 0.8228 | 0.7443
0043 | 18:16:44 |  19.9s | 1.0e-04 | 0.0549 | 0.8869 | 0.8232 | 0.7809 | 0.0542 | 0.8752 | 0.7955 | 0.7237
0044 | 18:17:18 |  19.3s | 1.0e-04 | 0.0547 | 0.8868 | 0.8264 | 0.7889 | 0.0544 | 0.8929 | 0.8062 | 0.7726
0045 | 18:17:52 |  18.7s | 1.0e-04 | 0.0540 | 0.8874 | 0.8285 | 0.7956 | 0.0539 | 0.8692 | 0.8227 | 0.7521
0046 | 18:18:25 |  18.0s | 1.0e-04 | 0.0541 | 0.8892 | 0.8304 | 0.7950 | 0.0528 | 0.8919 | 0.7969 | 0.7671
0047 | 18:18:57 |  32.0s | 1.0e-04 | 0.0534 | 0.8891 | 0.8296 | 0.7966 | 0.0536 | 0.8651 | 0.8398 | 0.7777
0048 | 18:19:42 |  19.9s | 1.0e-04 | 0.0507 | 0.8884 | 0.8211 | 0.7793 | 0.0509 | 0.8780 | 0.8142 | 0.7630
0049 | 18:20:14 |  14.0s | 1.0e-04 | 0.0494 | 0.8894 | 0.8260 | 0.7890 | 0.0550 | 0.8337 | 0.8649 | 0.7697
0050 | 18:20:39 |  15.4s | 1.0e-04 | 0.0498 | 0.8900 | 0.8267 | 0.7896 | 0.0513 | 0.8710 | 0.8337 | 0.7757
0051 | 18:21:08 |  13.5s | 1.0e-04 | 0.0497 | 0.8895 | 0.8283 | 0.7943 | 0.0514 | 0.8716 | 0.8390 | 0.7868
0052 | 18:21:33 |  15.0s | 1.0e-04 | 0.0493 | 0.8901 | 0.8279 | 0.7923 | 0.0502 | 0.8831 | 0.8305 | 0.7927
0053 | 18:22:00 |  15.2s | 1.0e-04 | 0.0482 | 0.8915 | 0.8308 | 0.7974 | 0.0506 | 0.8744 | 0.8399 | 0.7870
0054 | 18:22:27 |  15.5s | 1.0e-04 | 0.0480 | 0.8922 | 0.8320 | 0.8003 | 0.0493 | 0.8834 | 0.8322 | 0.7983
0055 | 18:22:54 |  26.3s | 1.0e-04 | 0.0487 | 0.8908 | 0.8336 | 0.8028 | 0.0505 | 0.8892 | 0.8212 | 0.7885
0056 | 18:23:34 |  16.7s | 1.0e-04 | 0.0490 | 0.8947 | 0.8410 | 0.8196 | 0.0506 | 0.8880 | 0.8239 | 0.7910
0057 | 18:24:02 |  17.6s | 1.0e-04 | 0.0484 | 0.8923 | 0.8392 | 0.8164 | 0.0493 | 0.8772 | 0.8327 | 0.7873
0058 | 18:24:32 |  17.8s | 1.0e-04 | 0.0483 | 0.8947 | 0.8399 | 0.8180 | 0.0504 | 0.8721 | 0.8463 | 0.7933
0059 | 18:25:01 |  12.8s | 1.0e-04 | 0.0477 | 0.8950 | 0.8426 | 0.8216 | 0.0500 | 0.8662 | 0.8597 | 0.8051
0060 | 18:25:29 |  20.6s | 1.0e-04 | 0.0477 | 0.8949 | 0.8433 | 0.8236 | 0.0486 | 0.8799 | 0.8467 | 0.8106
0061 | 18:26:04 |  19.7s | 1.0e-04 | 0.0472 | 0.8962 | 0.8464 | 0.8296 | 0.0509 | 0.8622 | 0.8609 | 0.8060
0062 | 18:26:38 |  18.7s | 1.0e-04 | 0.0468 | 0.8968 | 0.8478 | 0.8325 | 0.0488 | 0.8732 | 0.8478 | 0.7986
0063 | 18:27:12 |  36.9s | 1.0e-04 | 0.0481 | 0.8974 | 0.8471 | 0.8326 | 0.0486 | 0.8530 | 0.8709 | 0.8071
0064 | 18:28:00 |  19.6s | 1.0e-04 | 0.0486 | 0.8971 | 0.8518 | 0.8392 | 0.0500 | 0.8489 | 0.8755 | 0.8074
0065 | 18:28:31 |  14.5s | 1.0e-04 | 0.0481 | 0.8982 | 0.8543 | 0.8453 | 0.0468 | 0.8975 | 0.8356 | 0.8174
0066 | 18:28:59 |  15.7s | 1.0e-04 | 0.0473 | 0.8983 | 0.8558 | 0.8449 | 0.0460 | 0.9006 | 0.8311 | 0.8214
0067 | 18:29:26 |  16.2s | 1.0e-04 | 0.0474 | 0.8987 | 0.8568 | 0.8489 | 0.0452 | 0.8790 | 0.8618 | 0.8290
0068 | 18:29:56 |  12.9s | 1.0e-04 | 0.0470 | 0.8984 | 0.8570 | 0.8499 | 0.0459 | 0.8938 | 0.8437 | 0.8240
0069 | 18:30:22 |  13.0s | 1.0e-04 | 0.0470 | 0.8984 | 0.8560 | 0.8473 | 0.0458 | 0.8742 | 0.8666 | 0.8315
0070 | 18:30:48 |  12.4s | 1.0e-04 | 0.0476 | 0.8975 | 0.8561 | 0.8476 | 0.0444 | 0.8900 | 0.8414 | 0.8197
0071 | 18:31:14 |  30.8s | 1.0e-04 | 0.0471 | 0.8986 | 0.8582 | 0.8506 | 0.0463 | 0.8991 | 0.8386 | 0.8243
0072 | 18:31:58 |  22.3s | 1.0e-04 | 0.0458 | 0.8993 | 0.8566 | 0.8497 | 0.0468 | 0.9125 | 0.8140 | 0.8288
0073 | 18:32:31 |  20.1s | 1.0e-04 | 0.0458 | 0.9001 | 0.8579 | 0.8530 | 0.0460 | 0.8988 | 0.8438 | 0.8358
0074 | 18:33:01 |  11.5s | 1.0e-04 | 0.0454 | 0.8982 | 0.8578 | 0.8518 | 0.0446 | 0.8772 | 0.8743 | 0.8447
0075 | 18:33:26 |  13.6s | 1.0e-04 | 0.0447 | 0.8990 | 0.8587 | 0.8523 | 0.0434 | 0.8927 | 0.8582 | 0.8462
0076 | 18:33:52 |  16.5s | 1.0e-04 | 0.0443 | 0.9001 | 0.8586 | 0.8539 | 0.0436 | 0.8971 | 0.8441 | 0.8315
0077 | 18:34:20 |  14.7s | 1.0e-04 | 0.0446 | 0.9007 | 0.8614 | 0.8570 | 0.0438 | 0.8868 | 0.8576 | 0.8371
0078 | 18:34:47 |  14.4s | 1.0e-04 | 0.0444 | 0.9017 | 0.8627 | 0.8595 | 0.0440 | 0.8739 | 0.8769 | 0.8437
0079 | 18:35:14 |  33.4s | 1.0e-04 | 0.0446 | 0.9000 | 0.8650 | 0.8617 | 0.0429 | 0.8973 | 0.8555 | 0.8482
0080 | 18:36:02 |  23.6s | 1.0e-04 | 0.0443 | 0.9018 | 0.8666 | 0.8658 | 0.0441 | 0.8850 | 0.8723 | 0.8507
0081 | 18:36:39 |  23.3s | 1.0e-04 | 0.0438 | 0.9023 | 0.8674 | 0.8676 | 0.0448 | 0.9094 | 0.8316 | 0.8424
0082 | 18:37:16 |  21.5s | 1.0e-04 | 0.0433 | 0.9036 | 0.8685 | 0.8698 | 0.0440 | 0.8857 | 0.8672 | 0.8469
0083 | 18:37:50 |  13.3s | 1.0e-04 | 0.0433 | 0.9027 | 0.8690 | 0.8700 | 0.0436 | 0.8963 | 0.8493 | 0.8403
0084 | 18:38:15 |  12.8s | 1.0e-04 | 0.0438 | 0.9033 | 0.8679 | 0.8693 | 0.0451 | 0.8774 | 0.8691 | 0.8398
0085 | 18:38:42 |  13.8s | 1.0e-04 | 0.0430 | 0.9031 | 0.8701 | 0.8717 | 0.0451 | 0.8763 | 0.8719 | 0.8410
0086 | 18:39:07 |  30.2s | 1.0e-04 | 0.0431 | 0.9021 | 0.8696 | 0.8705 | 0.0433 | 0.9057 | 0.8447 | 0.8507
0087 | 18:39:52 |  15.2s | 1.0e-04 | 0.0427 | 0.9039 | 0.8716 | 0.8737 | 0.0441 | 0.8793 | 0.8736 | 0.8457
0088 | 18:40:20 |  14.3s | 1.0e-04 | 0.0433 | 0.9030 | 0.8721 | 0.8741 | 0.0431 | 0.8850 | 0.8562 | 0.8314
0089 | 18:40:48 |  13.7s | 1.0e-04 | 0.0426 | 0.9028 | 0.8739 | 0.8762 | 0.0430 | 0.9028 | 0.8455 | 0.8454
0090 | 18:41:15 |  12.8s | 1.0e-04 | 0.0423 | 0.9044 | 0.8739 | 0.8776 | 0.0434 | 0.9115 | 0.8460 | 0.8568
0091 | 18:41:39 |  15.3s | 1.0e-04 | 0.0418 | 0.9048 | 0.8750 | 0.8789 | 0.0427 | 0.8948 | 0.8584 | 0.8522
0092 | 18:42:06 |  21.1s | 1.0e-04 | 0.0417 | 0.9046 | 0.8766 | 0.8819 | 0.0428 | 0.8881 | 0.8623 | 0.8490
0093 | 18:42:41 |  13.3s | 1.0e-04 | 0.0420 | 0.9037 | 0.8747 | 0.8790 | 0.0418 | 0.8961 | 0.8643 | 0.8557
0094 | 18:43:04 |  32.9s | 1.0e-04 | 0.0417 | 0.9046 | 0.8772 | 0.8820 | 0.0423 | 0.8905 | 0.8691 | 0.8546
0095 | 18:43:51 |  14.1s | 1.0e-04 | 0.0411 | 0.9062 | 0.8785 | 0.8848 | 0.0418 | 0.8940 | 0.8721 | 0.8614
0096 | 18:44:18 |  13.0s | 1.0e-04 | 0.0410 | 0.9056 | 0.8778 | 0.8839 | 0.0427 | 0.8735 | 0.8887 | 0.8597
0097 | 18:44:45 |  12.9s | 1.0e-04 | 0.0406 | 0.9068 | 0.8801 | 0.8862 | 0.0420 | 0.9025 | 0.8557 | 0.8563
0098 | 18:45:11 |  13.0s | 1.0e-04 | 0.0405 | 0.9063 | 0.8779 | 0.8848 | 0.0416 | 0.9127 | 0.8483 | 0.8655
0099 | 18:45:38 |  13.2s | 1.0e-04 | 0.0400 | 0.9073 | 0.8806 | 0.8881 | 0.0413 | 0.9104 | 0.8471 | 0.8575
0100 | 18:46:01 |  18.9s | 1.0e-04 | 0.0406 | 0.9068 | 0.8818 | 0.8881 | 0.0414 | 0.8986 | 0.8485 | 0.8451
0101 | 18:46:35 |  13.5s | 1.0e-04 | 0.0397 | 0.9064 | 0.8808 | 0.8881 | 0.0404 | 0.8968 | 0.8677 | 0.8605
0102 | 18:46:59 |  27.6s | 1.0e-04 | 0.0401 | 0.9076 | 0.8848 | 0.8930 | 0.0403 | 0.9016 | 0.8676 | 0.8694
0103 | 18:47:38 |  19.2s | 1.0e-04 | 0.0411 | 0.9063 | 0.8829 | 0.8904 | 0.0408 | 0.8905 | 0.8729 | 0.8626
0104 | 18:48:09 |  18.4s | 1.0e-04 | 0.0407 | 0.9088 | 0.8848 | 0.8942 | 0.0410 | 0.9006 | 0.8721 | 0.8722
0105 | 18:48:39 |  17.9s | 1.0e-04 | 0.0414 | 0.9062 | 0.8816 | 0.8893 | 0.0425 | 0.8845 | 0.8871 | 0.8683
0106 | 18:49:08 |  17.5s | 1.0e-04 | 0.0408 | 0.9062 | 0.8860 | 0.8929 | 0.0405 | 0.8792 | 0.8899 | 0.8666
0107 | 18:49:37 |  17.3s | 1.0e-04 | 0.0404 | 0.9075 | 0.8862 | 0.8950 | 0.0396 | 0.8807 | 0.8917 | 0.8715
0108 | 18:50:05 |  15.1s | 1.0e-04 | 0.0403 | 0.9081 | 0.8857 | 0.8950 | 0.0391 | 0.8958 | 0.8739 | 0.8706
0109 | 18:50:33 |  17.4s | 1.0e-04 | 0.0400 | 0.9070 | 0.8880 | 0.8955 | 0.0390 | 0.8976 | 0.8735 | 0.8724
0110 | 18:51:03 |  28.4s | 1.0e-04 | 0.0389 | 0.9072 | 0.8880 | 0.8957 | 0.0407 | 0.8781 | 0.8938 | 0.8706
0111 | 18:51:45 |  23.0s | 1.0e-04 | 0.0388 | 0.9086 | 0.8886 | 0.8977 | 0.0384 | 0.8917 | 0.8801 | 0.8703
0112 | 18:52:21 |  22.8s | 1.0e-04 | 0.0384 | 0.9094 | 0.8902 | 0.9006 | 0.0386 | 0.9038 | 0.8724 | 0.8789
0113 | 18:52:57 |  22.2s | 1.0e-04 | 0.0381 | 0.9091 | 0.8898 | 0.9004 | 0.0391 | 0.8933 | 0.8846 | 0.8761
0114 | 18:53:31 |  21.6s | 1.0e-04 | 0.0385 | 0.9093 | 0.8915 | 0.9019 | 0.0391 | 0.8890 | 0.8864 | 0.8734
0115 | 18:54:06 |  21.5s | 1.0e-04 | 0.0383 | 0.9096 | 0.8921 | 0.9029 | 0.0396 | 0.8864 | 0.8858 | 0.8706
0116 | 18:54:39 |  19.1s | 1.0e-04 | 0.0380 | 0.9099 | 0.8913 | 0.9015 | 0.0401 | 0.9091 | 0.8696 | 0.8787
0117 | 18:55:11 |  17.5s | 1.0e-04 | 0.0389 | 0.9106 | 0.8924 | 0.9036 | 0.0399 | 0.8783 | 0.9003 | 0.8786
0118 | 18:55:40 |  28.6s | 1.0e-04 | 0.0383 | 0.9052 | 0.8887 | 0.8947 | 0.0387 | 0.9099 | 0.8673 | 0.8782
0119 | 18:56:20 |  15.9s | 1.0e-04 | 0.0378 | 0.9080 | 0.8893 | 0.8986 | 0.0372 | 0.8909 | 0.8819 | 0.8721
0120 | 18:56:50 |  15.6s | 1.0e-04 | 0.0381 | 0.9082 | 0.8892 | 0.8984 | 0.0377 | 0.8986 | 0.8716 | 0.8701
0121 | 18:57:19 |  15.2s | 1.0e-04 | 0.0371 | 0.9105 | 0.8923 | 0.9041 | 0.0381 | 0.8968 | 0.8890 | 0.8853
0122 | 18:57:48 |  14.3s | 1.0e-04 | 0.0378 | 0.9083 | 0.8895 | 0.8985 | 0.0390 | 0.9012 | 0.8745 | 0.8748
0123 | 18:58:16 |  13.6s | 1.0e-04 | 0.0369 | 0.9101 | 0.8913 | 0.9020 | 0.0370 | 0.8993 | 0.8792 | 0.8812
0124 | 18:58:43 |  13.6s | 1.0e-04 | 0.0376 | 0.9081 | 0.8921 | 0.9012 | 0.0375 | 0.9039 | 0.8749 | 0.8794
0125 | 18:59:11 |  13.4s | 1.0e-04 | 0.0373 | 0.9085 | 0.8920 | 0.9012 | 0.0378 | 0.8911 | 0.8910 | 0.8823
0126 | 18:59:40 |  20.3s | 1.0e-04 | 0.0360 | 0.9118 | 0.8952 | 0.9075 | 0.0385 | 0.8870 | 0.8886 | 0.8760
0127 | 19:00:11 |  15.7s | 1.0e-04 | 0.0361 | 0.9131 | 0.8953 | 0.9085 | 0.0385 | 0.9084 | 0.8574 | 0.8686
0128 | 19:00:38 |  18.8s | 1.0e-04 | 0.0359 | 0.9124 | 0.8962 | 0.9092 | 0.0382 | 0.9025 | 0.8740 | 0.8777
0129 | 19:01:14 |  18.6s | 1.0e-04 | 0.0358 | 0.9125 | 0.8955 | 0.9083 | 0.0387 | 0.8969 | 0.8747 | 0.8721
0130 | 19:01:49 |  17.7s | 1.0e-04 | 0.0355 | 0.9126 | 0.8967 | 0.9098 | 0.0376 | 0.8928 | 0.8786 | 0.8691
0131 | 19:02:23 |  16.9s | 1.0e-04 | 0.0355 | 0.9126 | 0.8968 | 0.9100 | 0.0395 | 0.8855 | 0.8952 | 0.8801
0132 | 19:02:55 |  16.7s | 1.0e-04 | 0.0369 | 0.9127 | 0.8986 | 0.9116 | 0.0394 | 0.9189 | 0.8496 | 0.8755
0133 | 19:03:27 |  30.4s | 1.0e-04 | 0.0356 | 0.9120 | 0.8962 | 0.9086 | 0.0388 | 0.9045 | 0.8714 | 0.8776
0134 | 19:04:12 |  13.0s | 1.0e-04 | 0.0364 | 0.9121 | 0.8996 | 0.9116 | 0.0386 | 0.8854 | 0.8918 | 0.8768
0135 | 19:04:37 |  14.2s | 1.0e-04 | 0.0369 | 0.9112 | 0.8970 | 0.9087 | 0.0373 | 0.9014 | 0.8798 | 0.8813
0136 | 19:05:07 |  12.2s | 1.0e-04 | 0.0368 | 0.9106 | 0.8973 | 0.9084 | 0.0381 | 0.9004 | 0.8716 | 0.8739
0137 | 19:05:31 |  15.2s | 1.0e-04 | 0.0363 | 0.9126 | 0.8973 | 0.9100 | 0.0378 | 0.8902 | 0.8837 | 0.8738
0138 | 19:05:58 |  14.6s | 1.0e-04 | 0.0367 | 0.9123 | 0.8980 | 0.9105 | 0.0383 | 0.8875 | 0.8908 | 0.8769
0139 | 19:06:25 |  13.2s | 1.0e-04 | 0.0359 | 0.9133 | 0.8989 | 0.9122 | 0.0378 | 0.8956 | 0.8845 | 0.8788
0140 | 19:06:51 |  30.3s | 1.0e-04 | 0.0357 | 0.9143 | 0.9005 | 0.9147 | 0.0377 | 0.9026 | 0.8798 | 0.8847
0141 | 19:07:35 |  27.3s | 1.0e-04 | 0.0355 | 0.9136 | 0.8998 | 0.9133 | 0.0391 | 0.9105 | 0.8640 | 0.8771
0142 | 19:08:13 |  15.8s | 1.0e-04 | 0.0352 | 0.9146 | 0.9019 | 0.9160 | 0.0384 | 0.8720 | 0.9100 | 0.8846
0143 | 19:08:42 |  19.7s | 1.0e-04 | 0.0350 | 0.9140 | 0.9009 | 0.9148 | 0.0366 | 0.9030 | 0.8854 | 0.8877
0144 | 19:09:16 |  12.1s | 1.0e-04 | 0.0348 | 0.9135 | 0.9003 | 0.9137 | 0.0377 | 0.9059 | 0.8679 | 0.8770
0145 | 19:09:42 |  12.1s | 1.0e-04 | 0.0353 | 0.9147 | 0.9022 | 0.9166 | 0.0373 | 0.9011 | 0.8815 | 0.8833
0146 | 19:10:07 |  12.5s | 1.0e-04 | 0.0351 | 0.9138 | 0.9002 | 0.9139 | 0.0382 | 0.8881 | 0.8859 | 0.8743
0147 | 19:10:34 |  21.5s | 1.0e-04 | 0.0350 | 0.9146 | 0.9013 | 0.9157 | 0.0369 | 0.8886 | 0.8989 | 0.8873
0148 | 19:11:08 |  19.3s | 1.0e-04 | 0.0347 | 0.9141 | 0.9018 | 0.9155 | 0.0382 | 0.8911 | 0.8920 | 0.8837
0149 | 19:11:39 |  24.9s | 1.0e-04 | 0.0343 | 0.9129 | 0.9002 | 0.9131 | 0.0368 | 0.9010 | 0.8934 | 0.8938
0150 | 19:12:17 |  16.8s | 1.0e-04 | 0.0338 | 0.9128 | 0.8982 | 0.9113 | 0.0374 | 0.9047 | 0.8772 | 0.8832
0151 | 19:12:47 |  17.6s | 1.0e-04 | 0.0339 | 0.9133 | 0.8990 | 0.9124 | 0.0373 | 0.8979 | 0.8953 | 0.8939
0152 | 19:13:17 |  13.5s | 1.0e-04 | 0.0343 | 0.9121 | 0.8992 | 0.9112 | 0.0370 | 0.9134 | 0.8714 | 0.8894
0153 | 19:13:47 |  19.4s | 1.0e-04 | 0.0337 | 0.9136 | 0.8984 | 0.9120 | 0.0372 | 0.9083 | 0.8713 | 0.8809
0154 | 19:14:22 |  18.4s | 1.0e-04 | 0.0340 | 0.9126 | 0.8996 | 0.9120 | 0.0369 | 0.9159 | 0.8626 | 0.8849
0155 | 19:14:56 |  28.5s | 1.0e-04 | 0.0342 | 0.9131 | 0.9019 | 0.9147 | 0.0370 | 0.8958 | 0.8983 | 0.8945
0156 | 19:15:35 |  15.8s | 1.0e-04 | 0.0344 | 0.9122 | 0.8993 | 0.9118 | 0.0385 | 0.9247 | 0.8473 | 0.8830
0157 | 19:16:02 |  27.5s | 1.0e-04 | 0.0351 | 0.9159 | 0.9034 | 0.9192 | 0.0377 | 0.8919 | 0.8961 | 0.8873
0158 | 19:16:42 |  16.1s | 1.0e-04 | 0.0347 | 0.9165 | 0.9069 | 0.9224 | 0.0373 | 0.9057 | 0.8818 | 0.8870
0159 | 19:17:10 |  15.2s | 1.0e-04 | 0.0357 | 0.9160 | 0.9061 | 0.9210 | 0.0378 | 0.8835 | 0.9004 | 0.8838
0160 | 19:17:37 |  15.6s | 1.0e-04 | 0.0351 | 0.9162 | 0.9046 | 0.9197 | 0.0368 | 0.9062 | 0.8860 | 0.8919
0161 | 19:18:04 |  21.9s | 1.0e-04 | 0.0345 | 0.9156 | 0.9065 | 0.9207 | 0.0369 | 0.8967 | 0.8889 | 0.8861
0162 | 19:18:39 |  21.5s | 1.0e-04 | 0.0345 | 0.9167 | 0.9080 | 0.9233 | 0.0377 | 0.9182 | 0.8677 | 0.8906
0163 | 19:19:13 |  24.2s | 1.0e-04 | 0.0345 | 0.9154 | 0.9052 | 0.9198 | 0.0364 | 0.9130 | 0.8743 | 0.8906
0164 | 19:19:53 |  19.1s | 1.0e-04 | 0.0339 | 0.9171 | 0.9077 | 0.9231 | 0.0376 | 0.9021 | 0.8808 | 0.8839
0165 | 19:20:27 |  35.5s | 1.0e-04 | 0.0347 | 0.9154 | 0.9038 | 0.9186 | 0.0357 | 0.9092 | 0.8778 | 0.8879
0166 | 19:21:14 |  12.5s | 1.0e-04 | 0.0350 | 0.9152 | 0.9030 | 0.9175 | 0.0358 | 0.8987 | 0.8934 | 0.8926
0167 | 19:21:40 |  12.4s | 1.0e-04 | 0.0345 | 0.9160 | 0.9056 | 0.9206 | 0.0366 | 0.9019 | 0.8879 | 0.8882
0168 | 19:22:08 |  16.1s | 1.0e-04 | 0.0351 | 0.9131 | 0.9027 | 0.9158 | 0.0362 | 0.8938 | 0.8988 | 0.8927
0169 | 19:22:36 |  14.6s | 1.0e-04 | 0.0343 | 0.9167 | 0.9068 | 0.9223 | 0.0356 | 0.8895 | 0.8987 | 0.8879
0170 | 19:23:02 |  13.7s | 1.0e-04 | 0.0341 | 0.9164 | 0.9042 | 0.9203 | 0.0356 | 0.9056 | 0.8948 | 0.8993
0171 | 19:23:28 |  28.4s | 1.0e-04 | 0.0349 | 0.9166 | 0.9062 | 0.9218 | 0.0355 | 0.9005 | 0.8953 | 0.8958
0172 | 19:24:11 |  35.0s | 1.0e-04 | 0.0348 | 0.9157 | 0.9064 | 0.9213 | 0.0356 | 0.9068 | 0.8924 | 0.8991
0173 | 19:24:59 |  13.6s | 1.0e-04 | 0.0340 | 0.9158 | 0.9043 | 0.9195 | 0.0360 | 0.9138 | 0.8848 | 0.9015
0174 | 19:25:24 |  14.9s | 1.0e-04 | 0.0337 | 0.9160 | 0.9049 | 0.9198 | 0.0360 | 0.9064 | 0.8869 | 0.8949
0175 | 19:25:54 |  15.6s | 1.0e-04 | 0.0343 | 0.9157 | 0.9041 | 0.9188 | 0.0354 | 0.9061 | 0.8893 | 0.8966
0176 | 19:26:23 |  16.2s | 1.0e-04 | 0.0344 | 0.9149 | 0.9033 | 0.9175 | 0.0363 | 0.8957 | 0.9020 | 0.8973
0177 | 19:26:54 |  14.1s | 1.0e-04 | 0.0341 | 0.9153 | 0.9054 | 0.9196 | 0.0352 | 0.9072 | 0.8840 | 0.8936
0178 | 19:27:22 |  14.4s | 1.0e-04 | 0.0340 | 0.9165 | 0.9054 | 0.9210 | 0.0344 | 0.8998 | 0.8995 | 0.8994
0179 | 19:27:51 |  28.2s | 1.0e-04 | 0.0337 | 0.9150 | 0.9047 | 0.9187 | 0.0351 | 0.9222 | 0.8779 | 0.9066
0180 | 19:28:31 |  24.2s | 1.0e-04 | 0.0334 | 0.9163 | 0.9062 | 0.9215 | 0.0351 | 0.9130 | 0.8814 | 0.8972
0181 | 19:29:10 |  20.3s | 1.0e-04 | 0.0338 | 0.9168 | 0.9060 | 0.9216 | 0.0340 | 0.8976 | 0.8996 | 0.8974
0182 | 19:29:46 |  12.4s | 1.0e-04 | 0.0334 | 0.9174 | 0.9053 | 0.9221 | 0.0354 | 0.9165 | 0.8866 | 0.9061
0183 | 19:30:10 |  18.7s | 1.0e-04 | 0.0336 | 0.9169 | 0.9075 | 0.9225 | 0.0357 | 0.9038 | 0.8911 | 0.8944
0184 | 19:30:40 |  15.6s | 1.0e-04 | 0.0336 | 0.9170 | 0.9058 | 0.9223 | 0.0359 | 0.8993 | 0.8913 | 0.8921
0185 | 19:31:07 |  19.0s | 1.0e-04 | 0.0336 | 0.9180 | 0.9081 | 0.9247 | 0.0359 | 0.9041 | 0.8884 | 0.8936
0186 | 19:31:37 |  25.1s | 1.0e-04 | 0.0335 | 0.9169 | 0.9055 | 0.9213 | 0.0360 | 0.9143 | 0.8776 | 0.8938
0187 | 19:32:17 |  21.9s | 1.0e-04 | 0.0331 | 0.9160 | 0.9048 | 0.9200 | 0.0347 | 0.9023 | 0.8964 | 0.8987
0188 | 19:32:54 |  29.5s | 1.0e-04 | 0.0330 | 0.9164 | 0.9070 | 0.9225 | 0.0355 | 0.8981 | 0.9049 | 0.9031
0189 | 19:33:37 |  12.9s | 1.0e-04 | 0.0325 | 0.9180 | 0.9078 | 0.9242 | 0.0352 | 0.8990 | 0.8992 | 0.8983
0190 | 19:34:03 |  13.0s | 1.0e-04 | 0.0335 | 0.9168 | 0.9058 | 0.9216 | 0.0363 | 0.8879 | 0.9138 | 0.9027
0191 | 19:34:27 |  20.1s | 1.0e-04 | 0.0330 | 0.9169 | 0.9067 | 0.9227 | 0.0344 | 0.9052 | 0.8983 | 0.9037
0192 | 19:35:02 |  14.2s | 1.0e-04 | 0.0329 | 0.9172 | 0.9073 | 0.9232 | 0.0353 | 0.9026 | 0.8913 | 0.8958
0193 | 19:35:27 |  12.6s | 1.0e-04 | 0.0326 | 0.9191 | 0.9100 | 0.9268 | 0.0347 | 0.9136 | 0.8846 | 0.9018
0194 | 19:35:55 |  28.4s | 1.0e-04 | 0.0332 | 0.9179 | 0.9079 | 0.9238 | 0.0363 | 0.9273 | 0.8545 | 0.8935
0195 | 19:36:35 |  17.7s | 1.0e-04 | 0.0332 | 0.9174 | 0.9081 | 0.9239 | 0.0355 | 0.8983 | 0.8980 | 0.8964
0196 | 19:37:05 |  27.4s | 1.0e-04 | 0.0325 | 0.9165 | 0.9053 | 0.9208 | 0.0341 | 0.8893 | 0.9143 | 0.9043
0197 | 19:37:49 |  18.8s | 1.0e-04 | 0.0328 | 0.9145 | 0.9040 | 0.9182 | 0.0343 | 0.9202 | 0.8904 | 0.9128
0198 | 19:38:23 |  18.5s | 1.0e-04 | 0.0327 | 0.9166 | 0.9048 | 0.9204 | 0.0354 | 0.8973 | 0.8924 | 0.8899
0199 | 19:38:54 |  19.1s | 1.0e-04 | 0.0328 | 0.9163 | 0.9041 | 0.9195 | 0.0343 | 0.9236 | 0.8724 | 0.9003
0200 | 19:39:26 |  15.8s | 1.0e-04 | 0.0327 | 0.9154 | 0.9034 | 0.9186 | 0.0349 | 0.8884 | 0.9203 | 0.9086
0201 | 19:39:53 |  15.2s | 1.0e-04 | 0.0328 | 0.9160 | 0.9024 | 0.9183 | 0.0337 | 0.9040 | 0.9032 | 0.9070
0202 | 19:40:22 |  27.1s | 1.0e-04 | 0.0331 | 0.9169 | 0.9053 | 0.9208 | 0.0343 | 0.9166 | 0.8881 | 0.9063
0203 | 19:41:03 |  13.3s | 1.0e-04 | 0.0337 | 0.9162 | 0.9061 | 0.9209 | 0.0343 | 0.8957 | 0.9093 | 0.9048
0204 | 19:41:30 |  34.4s | 1.0e-04 | 0.0332 | 0.9205 | 0.9133 | 0.9310 | 0.0344 | 0.8938 | 0.8967 | 0.8906
0205 | 19:42:18 |  22.9s | 1.0e-04 | 0.0333 | 0.9208 | 0.9141 | 0.9311 | 0.0341 | 0.9049 | 0.8913 | 0.8974
0206 | 19:42:54 |  22.6s | 1.0e-04 | 0.0340 | 0.9197 | 0.9108 | 0.9281 | 0.0352 | 0.9003 | 0.9011 | 0.9010
0207 | 19:43:27 |  11.8s | 1.0e-04 | 0.0337 | 0.9205 | 0.9131 | 0.9303 | 0.0346 | 0.8973 | 0.8993 | 0.8968
0208 | 19:43:53 |  13.2s | 1.0e-04 | 0.0334 | 0.9200 | 0.9121 | 0.9297 | 0.0346 | 0.9062 | 0.8957 | 0.9008
0209 | 19:44:17 |  16.8s | 1.0e-04 | 0.0334 | 0.9195 | 0.9131 | 0.9298 | 0.0345 | 0.9022 | 0.9063 | 0.9077
0210 | 19:44:47 |  26.5s | 1.0e-04 | 0.0325 | 0.9208 | 0.9146 | 0.9317 | 0.0331 | 0.9116 | 0.8903 | 0.9032
0211 | 19:45:25 |  30.5s | 1.0e-04 | 0.0324 | 0.9215 | 0.9135 | 0.9319 | 0.0350 | 0.9132 | 0.8858 | 0.9026
0212 | 19:46:09 |  15.8s | 1.0e-04 | 0.0323 | 0.9201 | 0.9135 | 0.9305 | 0.0348 | 0.8963 | 0.9079 | 0.9031
0213 | 19:46:40 |  14.7s | 1.0e-04 | 0.0326 | 0.9200 | 0.9109 | 0.9283 | 0.0354 | 0.8850 | 0.9183 | 0.9052
0214 | 19:47:09 |  14.5s | 1.0e-04 | 0.0321 | 0.9202 | 0.9129 | 0.9309 | 0.0358 | 0.8963 | 0.9008 | 0.8972
0215 | 19:47:37 |  13.6s | 1.0e-04 | 0.0333 | 0.9197 | 0.9133 | 0.9297 | 0.0357 | 0.8852 | 0.9100 | 0.8963
0216 | 19:48:06 |  22.3s | 1.0e-04 | 0.0323 | 0.9205 | 0.9139 | 0.9309 | 0.0342 | 0.9181 | 0.8820 | 0.9027
0217 | 19:48:40 |  20.6s | 1.0e-04 | 0.0323 | 0.9198 | 0.9120 | 0.9295 | 0.0337 | 0.9017 | 0.9054 | 0.9071
0218 | 19:49:13 |  14.4s | 1.0e-04 | 0.0319 | 0.9196 | 0.9111 | 0.9284 | 0.0340 | 0.9196 | 0.8796 | 0.9048
0219 | 19:49:40 |  24.5s | 1.0e-04 | 0.0319 | 0.9207 | 0.9105 | 0.9288 | 0.0329 | 0.9111 | 0.8907 | 0.9031
0220 | 19:50:19 |  21.8s | 1.0e-04 | 0.0310 | 0.9188 | 0.9084 | 0.9251 | 0.0336 | 0.9076 | 0.9057 | 0.9126
0221 | 19:50:55 |  21.8s | 1.0e-04 | 0.0306 | 0.9198 | 0.9096 | 0.9275 | 0.0335 | 0.9020 | 0.9069 | 0.9084
0222 | 19:51:32 |  21.6s | 1.0e-04 | 0.0311 | 0.9190 | 0.9084 | 0.9262 | 0.0349 | 0.9007 | 0.9022 | 0.9029
0223 | 19:52:09 |  14.7s | 1.0e-04 | 0.0306 | 0.9189 | 0.9088 | 0.9262 | 0.0333 | 0.9071 | 0.8946 | 0.9025
0224 | 19:52:35 |  18.0s | 1.0e-04 | 0.0308 | 0.9191 | 0.9087 | 0.9262 | 0.0335 | 0.9173 | 0.8951 | 0.9135
0225 | 19:53:04 |  26.5s | 1.0e-04 | 0.0307 | 0.9198 | 0.9096 | 0.9277 | 0.0337 | 0.9133 | 0.8935 | 0.9078
0226 | 19:53:43 |  19.5s | 1.0e-04 | 0.0314 | 0.9202 | 0.9114 | 0.9294 | 0.0346 | 0.8997 | 0.8967 | 0.8967
0227 | 19:54:18 |  33.5s | 1.0e-04 | 0.0314 | 0.9210 | 0.9112 | 0.9295 | 0.0340 | 0.9178 | 0.8900 | 0.9097
0228 | 19:55:03 |  15.6s | 1.0e-04 | 0.0323 | 0.9206 | 0.9117 | 0.9301 | 0.0326 | 0.8962 | 0.9170 | 0.9127
0229 | 19:55:30 |  15.7s | 1.0e-04 | 0.0319 | 0.9211 | 0.9118 | 0.9303 | 0.0342 | 0.9101 | 0.8946 | 0.9054
0230 | 19:55:57 |  15.7s | 1.0e-04 | 0.0314 | 0.9217 | 0.9153 | 0.9339 | 0.0327 | 0.9083 | 0.8985 | 0.9064
0231 | 19:56:24 |  15.5s | 1.0e-04 | 0.0312 | 0.9228 | 0.9160 | 0.9354 | 0.0340 | 0.8987 | 0.9081 | 0.9046
0232 | 19:56:51 |  18.7s | 1.0e-04 | 0.0316 | 0.9207 | 0.9133 | 0.9308 | 0.0335 | 0.9014 | 0.9049 | 0.9061
0233 | 19:57:26 |  20.5s | 1.0e-04 | 0.0313 | 0.9232 | 0.9135 | 0.9336 | 0.0332 | 0.9079 | 0.8955 | 0.9036
0234 | 19:57:59 |  21.3s | 1.0e-04 | 0.0316 | 0.9227 | 0.9139 | 0.9336 | 0.0343 | 0.9105 | 0.8966 | 0.9082
0235 | 19:58:33 |  24.4s | 1.0e-04 | 0.0316 | 0.9221 | 0.9155 | 0.9338 | 0.0341 | 0.9159 | 0.8809 | 0.9015
0236 | 19:59:12 |  16.5s | 1.0e-04 | 0.0311 | 0.9235 | 0.9159 | 0.9354 | 0.0337 | 0.9061 | 0.9042 | 0.9103
0237 | 19:59:43 |  16.4s | 1.0e-04 | 0.0308 | 0.9232 | 0.9157 | 0.9351 | 0.0334 | 0.8955 | 0.9096 | 0.9055
0238 | 20:00:13 |  15.9s | 1.0e-04 | 0.0314 | 0.9234 | 0.9151 | 0.9351 | 0.0333 | 0.9119 | 0.8960 | 0.9092
0239 | 20:00:44 |  15.4s | 1.0e-04 | 0.0311 | 0.9236 | 0.9158 | 0.9355 | 0.0347 | 0.8983 | 0.9063 | 0.9037
0240 | 20:01:10 |  17.9s | 1.0e-04 | 0.0311 | 0.9237 | 0.9179 | 0.9369 | 0.0337 | 0.9125 | 0.9029 | 0.9149
0241 | 20:01:42 |  25.7s | 1.0e-04 | 0.0308 | 0.9231 | 0.9154 | 0.9353 | 0.0332 | 0.9158 | 0.8869 | 0.9066
0242 | 20:02:19 |  29.4s | 1.0e-04 | 0.0309 | 0.9232 | 0.9159 | 0.9357 | 0.0332 | 0.9273 | 0.8840 | 0.9155
0243 | 20:03:00 |  26.9s | 1.0e-04 | 0.0303 | 0.9237 | 0.9165 | 0.9365 | 0.0331 | 0.8935 | 0.9107 | 0.9055
0244 | 20:03:42 |  18.0s | 1.0e-04 | 0.0305 | 0.9238 | 0.9164 | 0.9357 | 0.0347 | 0.9350 | 0.8697 | 0.9119
0245 | 20:04:15 |  16.8s | 1.0e-04 | 0.0306 | 0.9241 | 0.9161 | 0.9360 | 0.0330 | 0.9058 | 0.9017 | 0.9073
0246 | 20:04:45 |  15.3s | 1.0e-04 | 0.0301 | 0.9248 | 0.9165 | 0.9370 | 0.0341 | 0.9087 | 0.8941 | 0.9027
0247 | 20:05:14 |  14.3s | 1.0e-04 | 0.0299 | 0.9256 | 0.9176 | 0.9382 | 0.0330 | 0.9143 | 0.8858 | 0.9024
0248 | 20:05:42 |  21.7s | 1.0e-04 | 0.0305 | 0.9240 | 0.9184 | 0.9371 | 0.0339 | 0.9101 | 0.8932 | 0.9035
0249 | 20:06:15 |  15.9s | 1.0e-04 | 0.0299 | 0.9223 | 0.9158 | 0.9344 | 0.0329 | 0.9127 | 0.8978 | 0.9108
0250 | 20:06:45 |  25.1s | 1.0e-04 | 0.0302 | 0.9228 | 0.9149 | 0.9344 | 0.0334 | 0.9178 | 0.8879 | 0.9084
0251 | 20:07:24 |  14.4s | 1.0e-04 | 0.0295 | 0.9251 | 0.9170 | 0.9383 | 0.0347 | 0.8922 | 0.9164 | 0.9091
0252 | 20:07:52 |  13.6s | 1.0e-04 | 0.0292 | 0.9245 | 0.9180 | 0.9378 | 0.0347 | 0.9225 | 0.8807 | 0.9077
0253 | 20:08:20 |  13.1s | 1.0e-04 | 0.0295 | 0.9245 | 0.9171 | 0.9379 | 0.0340 | 0.9202 | 0.8891 | 0.9112
0254 | 20:08:47 |  12.7s | 1.0e-04 | 0.0294 | 0.9249 | 0.9183 | 0.9384 | 0.0348 | 0.9374 | 0.8696 | 0.9156
0255 | 20:09:13 |  13.0s | 1.0e-04 | 0.0296 | 0.9243 | 0.9161 | 0.9366 | 0.0329 | 0.9178 | 0.8895 | 0.9099
0256 | 20:09:41 |  29.7s | 1.0e-04 | 0.0292 | 0.9249 | 0.9180 | 0.9377 | 0.0344 | 0.9209 | 0.8881 | 0.9120
0257 | 20:10:22 |  17.0s | 1.0e-04 | 0.0294 | 0.9256 | 0.9175 | 0.9390 | 0.0331 | 0.9029 | 0.9033 | 0.9055
0258 | 20:10:53 |  32.9s | 1.0e-04 | 0.0290 | 0.9266 | 0.9201 | 0.9410 | 0.0333 | 0.9122 | 0.8993 | 0.9116
0259 | 20:11:40 |  17.0s | 1.0e-04 | 0.0296 | 0.9249 | 0.9190 | 0.9384 | 0.0333 | 0.9083 | 0.8982 | 0.9061
0260 | 20:12:11 |  16.1s | 1.0e-04 | 0.0295 | 0.9252 | 0.9175 | 0.9381 | 0.0338 | 0.9095 | 0.9033 | 0.9125
0261 | 20:12:42 |  15.4s | 1.0e-04 | 0.0296 | 0.9249 | 0.9178 | 0.9384 | 0.0331 | 0.9136 | 0.9005 | 0.9140
0262 | 20:13:11 |  14.2s | 1.0e-04 | 0.0298 | 0.9250 | 0.9185 | 0.9392 | 0.0334 | 0.9067 | 0.9029 | 0.9090
0263 | 20:13:37 |  15.4s | 1.0e-04 | 0.0292 | 0.9267 | 0.9200 | 0.9411 | 0.0331 | 0.9080 | 0.9068 | 0.9146
0264 | 20:14:07 |  29.3s | 1.0e-04 | 0.0299 | 0.9252 | 0.9186 | 0.9381 | 0.0336 | 0.9146 | 0.9009 | 0.9153
0265 | 20:14:51 |  10.6s | 1.0e-04 | 0.0292 | 0.9267 | 0.9211 | 0.9415 | 0.0336 | 0.8915 | 0.9119 | 0.9038
0266 | 20:15:15 |  38.2s | 1.0e-04 | 0.0298 | 0.9255 | 0.9211 | 0.9407 | 0.0322 | 0.9180 | 0.8885 | 0.9090
0267 | 20:16:07 |  13.5s | 1.0e-04 | 0.0297 | 0.9256 | 0.9191 | 0.9393 | 0.0341 | 0.9112 | 0.8948 | 0.9070
0268 | 20:16:34 |  13.9s | 1.0e-04 | 0.0298 | 0.9244 | 0.9169 | 0.9374 | 0.0334 | 0.9189 | 0.8864 | 0.9091
0269 | 20:17:00 |  14.0s | 1.0e-04 | 0.0295 | 0.9256 | 0.9187 | 0.9397 | 0.0337 | 0.9167 | 0.8954 | 0.9132
0270 | 20:17:27 |  14.0s | 1.0e-04 | 0.0295 | 0.9261 | 0.9187 | 0.9399 | 0.0338 | 0.8958 | 0.9061 | 0.9035
0271 | 20:17:52 |  18.5s | 1.0e-04 | 0.0294 | 0.9253 | 0.9186 | 0.9389 | 0.0318 | 0.9167 | 0.8933 | 0.9103
0272 | 20:18:26 |  26.9s | 1.0e-04 | 0.0293 | 0.9260 | 0.9186 | 0.9399 | 0.0332 | 0.9088 | 0.9006 | 0.9091
0273 | 20:19:08 |  29.0s | 1.0e-04 | 0.0293 | 0.9259 | 0.9172 | 0.9389 | 0.0324 | 0.9137 | 0.8975 | 0.9115
0274 | 20:19:49 |  25.1s | 1.0e-04 | 0.0298 | 0.9252 | 0.9158 | 0.9365 | 0.0315 | 0.9140 | 0.9063 | 0.9192
0275 | 20:20:28 |  21.9s | 1.0e-04 | 0.0302 | 0.9255 | 0.9196 | 0.9403 | 0.0332 | 0.8969 | 0.9104 | 0.9067
0276 | 20:21:06 |  18.3s | 1.0e-04 | 0.0304 | 0.9261 | 0.9193 | 0.9398 | 0.0328 | 0.9173 | 0.9037 | 0.9203
0277 | 20:21:39 |  16.8s | 1.0e-04 | 0.0301 | 0.9255 | 0.9195 | 0.9395 | 0.0328 | 0.9077 | 0.9026 | 0.9106
0278 | 20:22:07 |  18.7s | 1.0e-04 | 0.0302 | 0.9257 | 0.9189 | 0.9395 | 0.0319 | 0.9056 | 0.9069 | 0.9121
0279 | 20:22:39 |  16.6s | 1.0e-04 | 0.0302 | 0.9264 | 0.9194 | 0.9399 | 0.0323 | 0.9091 | 0.9151 | 0.9230
0280 | 20:23:06 |  21.4s | 1.0e-04 | 0.0302 | 0.9261 | 0.9201 | 0.9412 | 0.0332 | 0.8989 | 0.9184 | 0.9161
0281 | 20:23:41 |  23.7s | 1.0e-04 | 0.0298 | 0.9265 | 0.9210 | 0.9423 | 0.0322 | 0.9149 | 0.8976 | 0.9130
0282 | 20:24:19 |  22.0s | 1.0e-04 | 0.0303 | 0.9258 | 0.9206 | 0.9403 | 0.0322 | 0.9136 | 0.9024 | 0.9152
0283 | 20:24:55 |  13.1s | 1.0e-04 | 0.0297 | 0.9285 | 0.9231 | 0.9445 | 0.0328 | 0.9125 | 0.9015 | 0.9139
0284 | 20:25:22 |  13.0s | 1.0e-04 | 0.0296 | 0.9274 | 0.9229 | 0.9432 | 0.0332 | 0.9019 | 0.9070 | 0.9084
0285 | 20:25:49 |  12.8s | 1.0e-04 | 0.0297 | 0.9287 | 0.9226 | 0.9449 | 0.0317 | 0.9133 | 0.8999 | 0.9130
0286 | 20:26:12 |  21.7s | 1.0e-04 | 0.0300 | 0.9268 | 0.9213 | 0.9423 | 0.0321 | 0.9137 | 0.8995 | 0.9133
0287 | 20:26:48 |  13.4s | 1.0e-04 | 0.0304 | 0.9269 | 0.9206 | 0.9423 | 0.0330 | 0.9114 | 0.8958 | 0.9077
0288 | 20:27:12 |  22.0s | 1.0e-04 | 0.0294 | 0.9272 | 0.9231 | 0.9433 | 0.0325 | 0.9133 | 0.8978 | 0.9116
0289 | 20:27:47 |  24.2s | 1.0e-04 | 0.0298 | 0.9266 | 0.9205 | 0.9413 | 0.0324 | 0.9037 | 0.9183 | 0.9192
0290 | 20:28:24 |  24.4s | 1.0e-04 | 0.0291 | 0.9274 | 0.9201 | 0.9418 | 0.0325 | 0.9145 | 0.8963 | 0.9115
0291 | 20:29:03 |  17.6s | 1.0e-04 | 0.0286 | 0.9295 | 0.9238 | 0.9457 | 0.0317 | 0.9029 | 0.9072 | 0.9108
0292 | 20:29:35 |  17.3s | 1.0e-04 | 0.0290 | 0.9272 | 0.9210 | 0.9424 | 0.0326 | 0.9182 | 0.8956 | 0.9141
0293 | 20:30:07 |  14.9s | 1.0e-04 | 0.0288 | 0.9280 | 0.9217 | 0.9435 | 0.0326 | 0.9208 | 0.8889 | 0.9110
0294 | 20:30:34 |  20.9s | 1.0e-04 | 0.0293 | 0.9279 | 0.9208 | 0.9427 | 0.0319 | 0.9095 | 0.9107 | 0.9194
0295 | 20:31:06 |  18.6s | 1.0e-04 | 0.0289 | 0.9275 | 0.9209 | 0.9428 | 0.0320 | 0.9065 | 0.9162 | 0.9194
0296 | 20:31:37 |  14.6s | 1.0e-04 | 0.0295 | 0.9272 | 0.9196 | 0.9414 | 0.0314 | 0.9164 | 0.9097 | 0.9236
0297 | 20:32:06 |  38.4s | 1.0e-04 | 0.0296 | 0.9273 | 0.9212 | 0.9423 | 0.0316 | 0.9185 | 0.9004 | 0.9188
0298 | 20:32:59 |  16.9s | 1.0e-04 | 0.0294 | 0.9285 | 0.9208 | 0.9432 | 0.0319 | 0.9057 | 0.9174 | 0.9215
0299 | 20:33:30 |  16.1s | 1.0e-04 | 0.0294 | 0.9268 | 0.9211 | 0.9421 | 0.0314 | 0.9187 | 0.8965 | 0.9159
0300 | 20:34:00 |  15.2s | 1.0e-04 | 0.0293 | 0.9278 | 0.9215 | 0.9429 | 0.0314 | 0.9103 | 0.9129 | 0.9227
0301 | 20:34:29 |  13.0s | 1.0e-04 | 0.0291 | 0.9286 | 0.9217 | 0.9442 | 0.0315 | 0.8994 | 0.9153 | 0.9139
0302 | 20:34:55 |  21.6s | 1.0e-04 | 0.0296 | 0.9267 | 0.9223 | 0.9423 | 0.0317 | 0.9038 | 0.9124 | 0.9162
0303 | 20:35:28 |  22.9s | 1.0e-04 | 0.0293 | 0.9271 | 0.9207 | 0.9428 | 0.0326 | 0.9112 | 0.9079 | 0.9176
0304 | 20:36:04 |  14.5s | 1.0e-04 | 0.0282 | 0.9274 | 0.9215 | 0.9433 | 0.0320 | 0.9261 | 0.8822 | 0.9096
0305 | 20:36:32 |  34.8s | 1.0e-04 | 0.0287 | 0.9258 | 0.9186 | 0.9400 | 0.0318 | 0.9102 | 0.9076 | 0.9168
0306 | 20:37:21 |  15.2s | 1.0e-04 | 0.0285 | 0.9276 | 0.9213 | 0.9432 | 0.0320 | 0.8996 | 0.9210 | 0.9195
0307 | 20:37:50 |  13.9s | 1.0e-04 | 0.0292 | 0.9260 | 0.9195 | 0.9398 | 0.0316 | 0.9134 | 0.9084 | 0.9210
0308 | 20:38:17 |  13.5s | 1.0e-04 | 0.0292 | 0.9262 | 0.9192 | 0.9398 | 0.0310 | 0.9082 | 0.9133 | 0.9203
0309 | 20:38:42 |  17.4s | 1.0e-04 | 0.0290 | 0.9260 | 0.9202 | 0.9409 | 0.0305 | 0.9181 | 0.9066 | 0.9235
0310 | 20:39:14 |  17.5s | 1.0e-04 | 0.0287 | 0.9259 | 0.9203 | 0.9406 | 0.0326 | 0.9144 | 0.8956 | 0.9110
0311 | 20:39:42 |  19.5s | 1.0e-04 | 0.0290 | 0.9265 | 0.9201 | 0.9414 | 0.0323 | 0.9211 | 0.8924 | 0.9148
0312 | 20:40:13 |  15.0s | 1.0e-04 | 0.0289 | 0.9276 | 0.9224 | 0.9436 | 0.0327 | 0.8996 | 0.9172 | 0.9156
0313 | 20:40:40 |  32.8s | 1.0e-04 | 0.0289 | 0.9281 | 0.9219 | 0.9437 | 0.0315 | 0.9101 | 0.9028 | 0.9134
0314 | 20:41:27 |  14.2s | 1.0e-04 | 0.0295 | 0.9274 | 0.9199 | 0.9425 | 0.0309 | 0.9184 | 0.8993 | 0.9181
0315 | 20:41:54 |  13.4s | 1.0e-04 | 0.0291 | 0.9290 | 0.9218 | 0.9445 | 0.0315 | 0.9127 | 0.9031 | 0.9155
0316 | 20:42:21 |  13.9s | 1.0e-04 | 0.0294 | 0.9263 | 0.9201 | 0.9409 | 0.0312 | 0.9204 | 0.9041 | 0.9232
0317 | 20:42:47 |  19.7s | 1.0e-04 | 0.0292 | 0.9273 | 0.9199 | 0.9420 | 0.0321 | 0.9141 | 0.9037 | 0.9173
0318 | 20:43:21 |  15.8s | 1.0e-04 | 0.0295 | 0.9287 | 0.9225 | 0.9444 | 0.0313 | 0.9236 | 0.8985 | 0.9225
0319 | 20:43:48 |  23.6s | 1.0e-04 | 0.0292 | 0.9283 | 0.9215 | 0.9436 | 0.0308 | 0.9184 | 0.9057 | 0.9216
0320 | 20:44:23 |  23.9s | 1.0e-04 | 0.0299 | 0.9260 | 0.9206 | 0.9409 | 0.0327 | 0.9088 | 0.9099 | 0.9192
0321 | 20:45:03 |  22.1s | 1.0e-04 | 0.0295 | 0.9292 | 0.9240 | 0.9462 | 0.0326 | 0.9053 | 0.9113 | 0.9165
0322 | 20:45:38 |  15.9s | 1.0e-04 | 0.0299 | 0.9295 | 0.9257 | 0.9469 | 0.0311 | 0.9221 | 0.9013 | 0.9233
0323 | 20:46:08 |  15.5s | 1.0e-04 | 0.0304 | 0.9286 | 0.9235 | 0.9457 | 0.0311 | 0.9132 | 0.9100 | 0.9220
0324 | 20:46:37 |  15.2s | 1.0e-04 | 0.0294 | 0.9294 | 0.9255 | 0.9478 | 0.0308 | 0.9167 | 0.9095 | 0.9254
0325 | 20:47:03 |  20.1s | 1.0e-04 | 0.0293 | 0.9300 | 0.9258 | 0.9480 | 0.0322 | 0.8991 | 0.9291 | 0.9283
0326 | 20:47:36 |  15.6s | 1.0e-04 | 0.0297 | 0.9292 | 0.9238 | 0.9458 | 0.0312 | 0.9253 | 0.8933 | 0.9198
0327 | 20:48:03 |  22.3s | 1.0e-04 | 0.0296 | 0.9299 | 0.9256 | 0.9473 | 0.0313 | 0.9132 | 0.9095 | 0.9213
0328 | 20:48:39 |  27.5s | 1.0e-04 | 0.0296 | 0.9298 | 0.9263 | 0.9474 | 0.0309 | 0.9164 | 0.9080 | 0.9230
0329 | 20:49:19 |  24.9s | 1.0e-04 | 0.0293 | 0.9303 | 0.9259 | 0.9478 | 0.0315 | 0.9283 | 0.8848 | 0.9166
0330 | 20:49:58 |  17.1s | 1.0e-04 | 0.0292 | 0.9310 | 0.9264 | 0.9485 | 0.0314 | 0.9072 | 0.9093 | 0.9162
0331 | 20:50:29 |  16.5s | 1.0e-04 | 0.0291 | 0.9302 | 0.9262 | 0.9478 | 0.0300 | 0.9236 | 0.9047 | 0.9269
0332 | 20:51:00 |  15.4s | 1.0e-04 | 0.0289 | 0.9300 | 0.9261 | 0.9478 | 0.0328 | 0.9132 | 0.8963 | 0.9099
0333 | 20:51:28 |  21.7s | 1.0e-04 | 0.0292 | 0.9301 | 0.9266 | 0.9483 | 0.0304 | 0.9209 | 0.9092 | 0.9273
0334 | 20:52:01 |  22.7s | 1.0e-04 | 0.0292 | 0.9297 | 0.9268 | 0.9482 | 0.0311 | 0.9131 | 0.9078 | 0.9185
0335 | 20:52:37 |  12.8s | 1.0e-04 | 0.0295 | 0.9279 | 0.9241 | 0.9453 | 0.0310 | 0.9111 | 0.9146 | 0.9242
0336 | 20:53:04 |  35.3s | 1.0e-04 | 0.0294 | 0.9288 | 0.9229 | 0.9446 | 0.0316 | 0.9181 | 0.9085 | 0.9243
0337 | 20:53:53 |  15.4s | 1.0e-04 | 0.0293 | 0.9275 | 0.9211 | 0.9420 | 0.0306 | 0.9146 | 0.9170 | 0.9306
0338 | 20:54:23 |  14.5s | 1.0e-04 | 0.0291 | 0.9274 | 0.9211 | 0.9429 | 0.0302 | 0.9274 | 0.8937 | 0.9219
0339 | 20:54:51 |  13.5s | 1.0e-04 | 0.0292 | 0.9277 | 0.9218 | 0.9430 | 0.0307 | 0.9222 | 0.9102 | 0.9300
0340 | 20:55:18 |  13.7s | 1.0e-04 | 0.0290 | 0.9283 | 0.9204 | 0.9431 | 0.0310 | 0.9140 | 0.9123 | 0.9238
0341 | 20:55:48 |  21.3s | 1.0e-04 | 0.0290 | 0.9282 | 0.9221 | 0.9442 | 0.0299 | 0.9156 | 0.9156 | 0.9282
0342 | 20:56:21 |  20.4s | 1.0e-04 | 0.0294 | 0.9280 | 0.9227 | 0.9444 | 0.0307 | 0.9137 | 0.9103 | 0.9214
0343 | 20:56:55 |  13.1s | 1.0e-04 | 0.0293 | 0.9279 | 0.9240 | 0.9442 | 0.0309 | 0.9205 | 0.9015 | 0.9219
0344 | 20:57:22 |  36.3s | 1.0e-04 | 0.0288 | 0.9287 | 0.9230 | 0.9448 | 0.0314 | 0.9034 | 0.9151 | 0.9173
0345 | 20:58:12 |  13.3s | 1.0e-04 | 0.0285 | 0.9282 | 0.9228 | 0.9444 | 0.0310 | 0.9195 | 0.8972 | 0.9169
0346 | 20:58:39 |  13.4s | 1.0e-04 | 0.0279 | 0.9297 | 0.9251 | 0.9468 | 0.0309 | 0.9107 | 0.9129 | 0.9225
0347 | 20:59:06 |  13.6s | 1.0e-04 | 0.0284 | 0.9295 | 0.9229 | 0.9453 | 0.0310 | 0.9107 | 0.9064 | 0.9164
0348 | 20:59:30 |  15.6s | 1.0e-04 | 0.0284 | 0.9288 | 0.9216 | 0.9445 | 0.0301 | 0.9102 | 0.9192 | 0.9264
0349 | 20:59:59 |  20.4s | 1.0e-04 | 0.0283 | 0.9297 | 0.9235 | 0.9460 | 0.0312 | 0.9074 | 0.9160 | 0.9229
0350 | 21:00:31 |  20.1s | 1.0e-04 | 0.0282 | 0.9286 | 0.9227 | 0.9450 | 0.0316 | 0.9198 | 0.9035 | 0.9227
0351 | 21:01:03 |  15.0s | 1.0e-04 | 0.0282 | 0.9287 | 0.9221 | 0.9447 | 0.0301 | 0.9049 | 0.9145 | 0.9176
0352 | 21:01:30 |  43.1s | 1.0e-04 | 0.0288 | 0.9272 | 0.9199 | 0.9422 | 0.0299 | 0.9114 | 0.9161 | 0.9258
0353 | 21:02:26 |  15.1s | 1.0e-04 | 0.0287 | 0.9277 | 0.9217 | 0.9434 | 0.0302 | 0.9144 | 0.9137 | 0.9255
0354 | 21:02:54 |  14.7s | 1.0e-04 | 0.0292 | 0.9273 | 0.9205 | 0.9417 | 0.0302 | 0.9216 | 0.9054 | 0.9262
0355 | 21:03:20 |  15.3s | 1.0e-04 | 0.0284 | 0.9284 | 0.9220 | 0.9445 | 0.0306 | 0.9266 | 0.9001 | 0.9268
0356 | 21:03:46 |  15.0s | 1.0e-04 | 0.0288 | 0.9289 | 0.9212 | 0.9445 | 0.0300 | 0.9206 | 0.9089 | 0.9282
0357 | 21:04:12 |  19.5s | 1.0e-04 | 0.0288 | 0.9277 | 0.9214 | 0.9433 | 0.0298 | 0.9216 | 0.9088 | 0.9281
0358 | 21:04:43 |  24.0s | 1.0e-04 | 0.0285 | 0.9275 | 0.9210 | 0.9426 | 0.0298 | 0.9224 | 0.9016 | 0.9239
0359 | 21:05:21 |  29.6s | 1.0e-04 | 0.0288 | 0.9262 | 0.9202 | 0.9411 | 0.0302 | 0.9197 | 0.9063 | 0.9250
0360 | 21:06:03 |  25.4s | 1.0e-04 | 0.0281 | 0.9294 | 0.9238 | 0.9465 | 0.0302 | 0.9206 | 0.9037 | 0.9239
0361 | 21:06:44 |  19.2s | 1.0e-04 | 0.0279 | 0.9290 | 0.9233 | 0.9461 | 0.0304 | 0.9125 | 0.9100 | 0.9215
0362 | 21:07:18 |  17.8s | 1.0e-04 | 0.0286 | 0.9278 | 0.9224 | 0.9441 | 0.0310 | 0.9153 | 0.9122 | 0.9251
0363 | 21:07:51 |  16.5s | 1.0e-04 | 0.0282 | 0.9288 | 0.9226 | 0.9446 | 0.0309 | 0.9129 | 0.9120 | 0.9241
0364 | 21:08:19 |  18.3s | 1.0e-04 | 0.0283 | 0.9282 | 0.9236 | 0.9451 | 0.0312 | 0.9231 | 0.9016 | 0.9246
0365 | 21:08:50 |  16.9s | 1.0e-04 | 0.0280 | 0.9304 | 0.9248 | 0.9470 | 0.0300 | 0.9074 | 0.9185 | 0.9237
0366 | 21:09:18 |  32.0s | 1.0e-04 | 0.0282 | 0.9306 | 0.9254 | 0.9479 | 0.0311 | 0.9267 | 0.8927 | 0.9215
0367 | 21:10:06 |  49.7s | 1.0e-04 | 0.0275 | 0.9322 | 0.9272 | 0.9501 | 0.0301 | 0.9176 | 0.9077 | 0.9235
0368 | 21:11:10 |  30.0s | 1.0e-04 | 0.0276 | 0.9332 | 0.9295 | 0.9525 | 0.0309 | 0.9230 | 0.8953 | 0.9196
0369 | 21:11:53 |  22.6s | 1.0e-04 | 0.0274 | 0.9337 | 0.9285 | 0.9528 | 0.0312 | 0.9172 | 0.9041 | 0.9203
0370 | 21:12:30 |  22.5s | 1.0e-04 | 0.0276 | 0.9319 | 0.9288 | 0.9514 | 0.0303 | 0.9192 | 0.9107 | 0.9272
0371 | 21:13:07 |  22.8s | 1.0e-04 | 0.0274 | 0.9338 | 0.9301 | 0.9536 | 0.0315 | 0.9104 | 0.9027 | 0.9128
0372 | 21:13:43 |  12.2s | 1.0e-04 | 0.0281 | 0.9316 | 0.9282 | 0.9513 | 0.0301 | 0.9197 | 0.9027 | 0.9215
0373 | 21:14:06 |  25.1s | 1.0e-04 | 0.0286 | 0.9322 | 0.9264 | 0.9507 | 0.0314 | 0.9303 | 0.8810 | 0.9160
0374 | 21:14:45 |  12.3s | 1.0e-04 | 0.0273 | 0.9327 | 0.9282 | 0.9517 | 0.0324 | 0.9202 | 0.9045 | 0.9244
0375 | 21:15:11 |  26.9s | 1.0e-04 | 0.0282 | 0.9315 | 0.9279 | 0.9512 | 0.0307 | 0.9275 | 0.8966 | 0.9254
0376 | 21:15:51 |  22.8s | 1.0e-04 | 0.0293 | 0.9311 | 0.9263 | 0.9493 | 0.0308 | 0.9154 | 0.9070 | 0.9216
0377 | 21:16:28 |  22.7s | 1.0e-04 | 0.0293 | 0.9311 | 0.9267 | 0.9492 | 0.0310 | 0.9127 | 0.9112 | 0.9231
0378 | 21:17:03 |  22.3s | 1.0e-04 | 0.0293 | 0.9310 | 0.9273 | 0.9489 | 0.0296 | 0.9256 | 0.8961 | 0.9230
0379 | 21:17:38 |  13.1s | 1.0e-04 | 0.0289 | 0.9321 | 0.9286 | 0.9513 | 0.0305 | 0.9172 | 0.9070 | 0.9238
0380 | 21:18:03 |  11.1s | 1.0e-04 | 0.0287 | 0.9311 | 0.9279 | 0.9505 | 0.0299 | 0.9176 | 0.9124 | 0.9284
0381 | 21:18:29 |  18.1s | 1.0e-04 | 0.0289 | 0.9310 | 0.9259 | 0.9490 | 0.0307 | 0.9090 | 0.9052 | 0.9142
0382 | 21:19:02 |  19.6s | 1.0e-04 | 0.0289 | 0.9310 | 0.9269 | 0.9499 | 0.0310 | 0.9179 | 0.9021 | 0.9193
0383 | 21:19:37 |  37.6s | 1.0e-04 | 0.0282 | 0.9324 | 0.9286 | 0.9514 | 0.0309 | 0.9270 | 0.8949 | 0.9232
0384 | 21:20:29 |  22.9s | 1.0e-04 | 0.0288 | 0.9300 | 0.9264 | 0.9475 | 0.0301 | 0.9164 | 0.9163 | 0.9289
0385 | 21:21:06 |  22.6s | 1.0e-04 | 0.0289 | 0.9308 | 0.9248 | 0.9477 | 0.0306 | 0.9176 | 0.9122 | 0.9269
0386 | 21:21:44 |  14.1s | 1.0e-04 | 0.0284 | 0.9303 | 0.9265 | 0.9479 | 0.0302 | 0.9082 | 0.9195 | 0.9237
0387 | 21:22:10 |  18.9s | 1.0e-04 | 0.0285 | 0.9310 | 0.9271 | 0.9500 | 0.0307 | 0.9112 | 0.9177 | 0.9253
0388 | 21:22:39 |  14.0s | 1.0e-04 | 0.0286 | 0.9319 | 0.9266 | 0.9492 | 0.0305 | 0.9097 | 0.9239 | 0.9301
0389 | 21:23:04 |  20.3s | 1.0e-04 | 0.0283 | 0.9308 | 0.9266 | 0.9493 | 0.0300 | 0.9135 | 0.9179 | 0.9294
0390 | 21:23:39 |  15.8s | 1.0e-04 | 0.0283 | 0.9315 | 0.9259 | 0.9491 | 0.0302 | 0.9087 | 0.9192 | 0.9279
0391 | 21:24:08 |  35.0s | 1.0e-04 | 0.0275 | 0.9311 | 0.9256 | 0.9483 | 0.0305 | 0.9195 | 0.9100 | 0.9295
0392 | 21:24:57 |  22.3s | 1.0e-04 | 0.0276 | 0.9320 | 0.9263 | 0.9495 | 0.0298 | 0.9190 | 0.9124 | 0.9292
0393 | 21:25:35 |  21.2s | 1.0e-04 | 0.0275 | 0.9323 | 0.9269 | 0.9505 | 0.0296 | 0.9265 | 0.8944 | 0.9215
0394 | 21:26:11 |  14.4s | 1.0e-04 | 0.0273 | 0.9305 | 0.9257 | 0.9492 | 0.0301 | 0.9211 | 0.9143 | 0.9325
0395 | 21:26:37 |  20.2s | 1.0e-04 | 0.0265 | 0.9335 | 0.9290 | 0.9526 | 0.0306 | 0.9152 | 0.9178 | 0.9288
0396 | 21:27:09 |  13.9s | 1.0e-04 | 0.0271 | 0.9326 | 0.9262 | 0.9511 | 0.0315 | 0.9094 | 0.9150 | 0.9224
0397 | 21:27:37 |  30.3s | 1.0e-04 | 0.0278 | 0.9318 | 0.9251 | 0.9494 | 0.0295 | 0.9135 | 0.9245 | 0.9327
0398 | 21:28:20 |  31.0s | 1.0e-04 | 0.0282 | 0.9306 | 0.9251 | 0.9474 | 0.0301 | 0.9159 | 0.9137 | 0.9267
0399 | 21:29:05 |  33.1s | 1.0e-04 | 0.0268 | 0.9332 | 0.9282 | 0.9522 | 0.0307 | 0.9253 | 0.8951 | 0.9213
0400 | 21:29:50 |  19.8s | 1.0e-04 | 0.0280 | 0.9319 | 0.9276 | 0.9506 | 0.0305 | 0.9195 | 0.9106 | 0.9286
0401 | 21:30:21 |  16.1s | 1.0e-04 | 0.0277 | 0.9312 | 0.9266 | 0.9504 | 0.0306 | 0.9152 | 0.9056 | 0.9202
0402 | 21:30:50 |  14.3s | 1.0e-04 | 0.0272 | 0.9328 | 0.9290 | 0.9526 | 0.0306 | 0.9172 | 0.9051 | 0.9212
0403 | 21:31:16 |  16.7s | 1.0e-04 | 0.0279 | 0.9316 | 0.9272 | 0.9507 | 0.0300 | 0.9229 | 0.9102 | 0.9314
0404 | 21:31:43 |  13.0s | 1.0e-04 | 0.0273 | 0.9329 | 0.9280 | 0.9523 | 0.0303 | 0.9266 | 0.8961 | 0.9230
0405 | 21:32:10 |  29.5s | 1.0e-04 | 0.0269 | 0.9340 | 0.9302 | 0.9533 | 0.0312 | 0.9092 | 0.9073 | 0.9153
0406 | 21:32:53 |  30.1s | 1.0e-04 | 0.0271 | 0.9342 | 0.9295 | 0.9536 | 0.0302 | 0.9180 | 0.9102 | 0.9262
0407 | 21:33:36 |  30.0s | 1.0e-04 | 0.0278 | 0.9295 | 0.9247 | 0.9469 | 0.0304 | 0.9235 | 0.8995 | 0.9232
0408 | 21:34:18 |  19.6s | 1.0e-04 | 0.0275 | 0.9307 | 0.9262 | 0.9487 | 0.0310 | 0.9235 | 0.9040 | 0.9270
0409 | 21:34:49 |  13.8s | 1.0e-04 | 0.0273 | 0.9310 | 0.9241 | 0.9479 | 0.0305 | 0.9189 | 0.9102 | 0.9265
0410 | 21:35:16 |  13.9s | 1.0e-04 | 0.0274 | 0.9305 | 0.9247 | 0.9479 | 0.0308 | 0.9219 | 0.9087 | 0.9287
0411 | 21:35:41 |  16.6s | 1.0e-04 | 0.0270 | 0.9310 | 0.9260 | 0.9485 | 0.0295 | 0.9136 | 0.9240 | 0.9337
0412 | 21:36:10 |  13.6s | 1.0e-04 | 0.0270 | 0.9322 | 0.9253 | 0.9501 | 0.0289 | 0.9172 | 0.9202 | 0.9331
0413 | 21:36:37 |  30.9s | 1.0e-04 | 0.0274 | 0.9315 | 0.9263 | 0.9489 | 0.0296 | 0.9166 | 0.9156 | 0.9302
0414 | 21:37:22 |  26.6s | 1.0e-04 | 0.0277 | 0.9322 | 0.9267 | 0.9496 | 0.0308 | 0.9285 | 0.9024 | 0.9300
0415 | 21:38:02 |  31.1s | 1.0e-04 | 0.0284 | 0.9322 | 0.9287 | 0.9513 | 0.0312 | 0.9149 | 0.9094 | 0.9237
0416 | 21:38:45 |  21.3s | 1.0e-04 | 0.0281 | 0.9322 | 0.9272 | 0.9505 | 0.0301 | 0.9076 | 0.9160 | 0.9212
0417 | 21:39:17 |  12.2s | 1.0e-04 | 0.0283 | 0.9316 | 0.9274 | 0.9500 | 0.0305 | 0.9131 | 0.9152 | 0.9261
0418 | 21:39:43 |  12.3s | 1.0e-04 | 0.0280 | 0.9327 | 0.9296 | 0.9517 | 0.0296 | 0.9250 | 0.9067 | 0.9301
0419 | 21:40:11 |  15.8s | 1.0e-04 | 0.0286 | 0.9322 | 0.9274 | 0.9505 | 0.0291 | 0.9194 | 0.9099 | 0.9264
0420 | 21:40:39 |  23.1s | 1.0e-04 | 0.0282 | 0.9321 | 0.9290 | 0.9512 | 0.0314 | 0.8998 | 0.9293 | 0.9301
0421 | 21:41:16 |  22.7s | 1.0e-04 | 0.0269 | 0.9342 | 0.9306 | 0.9548 | 0.0291 | 0.9205 | 0.9148 | 0.9318
0422 | 21:41:52 |  34.3s | 1.0e-04 | 0.0266 | 0.9340 | 0.9293 | 0.9529 | 0.0293 | 0.9205 | 0.9097 | 0.9284
0423 | 21:42:37 |  18.9s | 1.0e-04 | 0.0263 | 0.9338 | 0.9291 | 0.9527 | 0.0302 | 0.9101 | 0.9144 | 0.9224
0424 | 21:43:08 |  18.2s | 1.0e-04 | 0.0263 | 0.9339 | 0.9286 | 0.9531 | 0.0302 | 0.9056 | 0.9197 | 0.9263
0425 | 21:43:36 |  14.9s | 1.0e-04 | 0.0269 | 0.9329 | 0.9264 | 0.9512 | 0.0305 | 0.9115 | 0.9145 | 0.9230
0426 | 21:44:05 |  13.6s | 1.0e-04 | 0.0264 | 0.9335 | 0.9271 | 0.9523 | 0.0311 | 0.8971 | 0.9284 | 0.9272
0427 | 21:44:32 |  14.8s | 1.0e-04 | 0.0263 | 0.9332 | 0.9289 | 0.9525 | 0.0301 | 0.9167 | 0.9101 | 0.9255
0428 | 21:44:59 |  23.6s | 1.0e-04 | 0.0263 | 0.9337 | 0.9283 | 0.9529 | 0.0295 | 0.9184 | 0.9157 | 0.9313
0429 | 21:45:36 |  22.8s | 1.0e-04 | 0.0267 | 0.9315 | 0.9246 | 0.9490 | 0.0309 | 0.9195 | 0.9061 | 0.9242
0430 | 21:46:13 |  35.1s | 1.0e-04 | 0.0271 | 0.9310 | 0.9246 | 0.9480 | 0.0304 | 0.9098 | 0.9220 | 0.9279
0431 | 21:46:59 |  18.1s | 1.0e-04 | 0.0267 | 0.9315 | 0.9250 | 0.9489 | 0.0293 | 0.9059 | 0.9267 | 0.9304
0432 | 21:47:29 |  16.9s | 1.0e-04 | 0.0265 | 0.9323 | 0.9249 | 0.9494 | 0.0303 | 0.9241 | 0.8953 | 0.9206
0433 | 21:47:56 |  16.8s | 1.0e-04 | 0.0266 | 0.9320 | 0.9260 | 0.9487 | 0.0306 | 0.9068 | 0.9209 | 0.9275
0434 | 21:48:28 |  12.4s | 1.0e-04 | 0.0272 | 0.9308 | 0.9249 | 0.9478 | 0.0297 | 0.9092 | 0.9178 | 0.9239
0435 | 21:48:51 |  13.1s | 1.0e-04 | 0.0264 | 0.9323 | 0.9245 | 0.9495 | 0.0298 | 0.9115 | 0.9203 | 0.9304
0436 | 21:49:17 |  31.3s | 1.0e-04 | 0.0269 | 0.9321 | 0.9248 | 0.9481 | 0.0303 | 0.8975 | 0.9301 | 0.9281
0437 | 21:50:00 |  15.2s | 1.0e-04 | 0.0262 | 0.9331 | 0.9267 | 0.9508 | 0.0302 | 0.9197 | 0.9097 | 0.9274
0438 | 21:50:26 |  39.5s | 1.0e-04 | 0.0268 | 0.9321 | 0.9269 | 0.9505 | 0.0299 | 0.9253 | 0.9010 | 0.9263
0439 | 21:51:18 |  14.7s | 1.0e-04 | 0.0266 | 0.9325 | 0.9284 | 0.9511 | 0.0298 | 0.9218 | 0.9125 | 0.9318
0440 | 21:51:45 |  14.2s | 1.0e-04 | 0.0270 | 0.9326 | 0.9274 | 0.9508 | 0.0294 | 0.9202 | 0.9082 | 0.9278
0441 | 21:52:09 |  20.1s | 1.0e-04 | 0.0266 | 0.9331 | 0.9282 | 0.9518 | 0.0302 | 0.9122 | 0.9199 | 0.9294
0442 | 21:52:45 |  12.9s | 1.0e-04 | 0.0274 | 0.9326 | 0.9275 | 0.9508 | 0.0301 | 0.9142 | 0.9096 | 0.9225
0443 | 21:53:08 |  12.7s | 1.0e-04 | 0.0267 | 0.9332 | 0.9277 | 0.9523 | 0.0296 | 0.9115 | 0.9174 | 0.9264
0444 | 21:53:35 |  31.4s | 1.0e-04 | 0.0265 | 0.9333 | 0.9279 | 0.9519 | 0.0297 | 0.9107 | 0.9155 | 0.9235
0445 | 21:54:18 |  26.8s | 1.0e-04 | 0.0264 | 0.9327 | 0.9271 | 0.9517 | 0.0297 | 0.9246 | 0.9143 | 0.9348
0446 | 21:54:59 |  29.2s | 1.0e-04 | 0.0267 | 0.9315 | 0.9244 | 0.9488 | 0.0296 | 0.9080 | 0.9224 | 0.9267
0447 | 21:55:39 |  15.7s | 1.0e-04 | 0.0267 | 0.9317 | 0.9250 | 0.9495 | 0.0299 | 0.9120 | 0.9168 | 0.9271
0448 | 21:56:06 |  14.3s | 1.0e-04 | 0.0263 | 0.9318 | 0.9262 | 0.9499 | 0.0293 | 0.9224 | 0.9096 | 0.9294
0449 | 21:56:34 |  17.5s | 1.0e-04 | 0.0259 | 0.9326 | 0.9268 | 0.9512 | 0.0294 | 0.9189 | 0.9123 | 0.9291
0450 | 21:57:03 |  16.4s | 1.0e-04 | 0.0264 | 0.9323 | 0.9274 | 0.9501 | 0.0296 | 0.9113 | 0.9178 | 0.9270
0451 | 21:57:31 |  12.5s | 1.0e-04 | 0.0262 | 0.9321 | 0.9270 | 0.9504 | 0.0297 | 0.9053 | 0.9253 | 0.9287
0452 | 21:57:57 |  28.8s | 1.0e-04 | 0.0265 | 0.9324 | 0.9268 | 0.9512 | 0.0298 | 0.9309 | 0.8994 | 0.9308
0453 | 21:58:38 |  23.6s | 1.0e-04 | 0.0263 | 0.9324 | 0.9266 | 0.9506 | 0.0304 | 0.9138 | 0.9120 | 0.9240
0454 | 21:59:16 |  24.4s | 1.0e-04 | 0.0258 | 0.9321 | 0.9269 | 0.9497 | 0.0300 | 0.9197 | 0.9036 | 0.9225
0455 | 21:59:53 |  16.1s | 1.0e-04 | 0.0258 | 0.9333 | 0.9268 | 0.9508 | 0.0293 | 0.9186 | 0.9148 | 0.9328
0456 | 22:00:20 |  12.0s | 1.0e-04 | 0.0257 | 0.9324 | 0.9264 | 0.9507 | 0.0301 | 0.9243 | 0.9057 | 0.9287
0457 | 22:00:46 |  17.7s | 1.0e-04 | 0.0256 | 0.9325 | 0.9261 | 0.9510 | 0.0296 | 0.9286 | 0.9023 | 0.9300
0458 | 22:01:15 |  16.9s | 1.0e-04 | 0.0255 | 0.9328 | 0.9272 | 0.9512 | 0.0307 | 0.9052 | 0.9237 | 0.9261
0459 | 22:01:45 |  23.3s | 1.0e-04 | 0.0259 | 0.9318 | 0.9256 | 0.9496 | 0.0293 | 0.9295 | 0.9017 | 0.9305
0460 | 22:02:21 |  21.9s | 1.0e-04 | 0.0254 | 0.9330 | 0.9285 | 0.9516 | 0.0299 | 0.9216 | 0.9056 | 0.9264
0461 | 22:02:55 |  34.9s | 1.0e-04 | 0.0259 | 0.9330 | 0.9280 | 0.9512 | 0.0306 | 0.9119 | 0.9150 | 0.9246
0462 | 22:03:41 |  18.9s | 1.0e-04 | 0.0264 | 0.9321 | 0.9264 | 0.9498 | 0.0300 | 0.9184 | 0.9195 | 0.9348
0463 | 22:04:11 |  18.5s | 1.0e-04 | 0.0265 | 0.9331 | 0.9260 | 0.9505 | 0.0305 | 0.9148 | 0.9127 | 0.9254
0464 | 22:04:40 |  14.2s | 1.0e-04 | 0.0265 | 0.9325 | 0.9267 | 0.9503 | 0.0313 | 0.9383 | 0.8785 | 0.9220
0465 | 22:05:08 |  14.0s | 1.0e-04 | 0.0266 | 0.9328 | 0.9263 | 0.9503 | 0.0294 | 0.9098 | 0.9207 | 0.9271
0466 | 22:05:37 |  14.7s | 1.0e-04 | 0.0262 | 0.9338 | 0.9282 | 0.9532 | 0.0290 | 0.9149 | 0.9183 | 0.9292
0467 | 22:06:03 |  24.5s | 1.0e-04 | 0.0269 | 0.9324 | 0.9257 | 0.9491 | 0.0281 | 0.9244 | 0.9112 | 0.9322
0468 | 22:06:43 |  24.0s | 1.0e-04 | 0.0267 | 0.9333 | 0.9278 | 0.9516 | 0.0302 | 0.9265 | 0.9019 | 0.9280
0469 | 22:07:22 |  36.1s | 1.0e-04 | 0.0271 | 0.9330 | 0.9284 | 0.9521 | 0.0296 | 0.9149 | 0.9166 | 0.9302
0470 | 22:08:09 |  19.3s | 1.0e-04 | 0.0276 | 0.9333 | 0.9285 | 0.9519 | 0.0290 | 0.9191 | 0.9151 | 0.9325
0471 | 22:08:39 |  17.8s | 1.0e-04 | 0.0273 | 0.9328 | 0.9289 | 0.9523 | 0.0294 | 0.9228 | 0.9101 | 0.9312
0472 | 22:09:07 |  16.2s | 1.0e-04 | 0.0272 | 0.9330 | 0.9286 | 0.9519 | 0.0291 | 0.9191 | 0.9130 | 0.9293
0473 | 22:09:38 |  14.5s | 1.0e-04 | 0.0274 | 0.9333 | 0.9284 | 0.9524 | 0.0292 | 0.9245 | 0.9068 | 0.9288
0474 | 22:10:05 |  13.3s | 1.0e-04 | 0.0271 | 0.9335 | 0.9301 | 0.9536 | 0.0297 | 0.9177 | 0.9125 | 0.9281
0475 | 22:10:31 |  25.1s | 1.0e-04 | 0.0278 | 0.9320 | 0.9276 | 0.9506 | 0.0292 | 0.9262 | 0.9071 | 0.9313
0476 | 22:11:09 |  21.3s | 1.0e-04 | 0.0270 | 0.9353 | 0.9319 | 0.9564 | 0.0289 | 0.9221 | 0.9141 | 0.9340
0477 | 22:11:42 |  39.0s | 1.0e-04 | 0.0270 | 0.9329 | 0.9279 | 0.9518 | 0.0294 | 0.9314 | 0.9014 | 0.9324
0478 | 22:12:32 |  18.1s | 1.0e-04 | 0.0266 | 0.9335 | 0.9290 | 0.9526 | 0.0304 | 0.9001 | 0.9324 | 0.9315
0479 | 22:13:01 |  17.5s | 1.0e-04 | 0.0265 | 0.9331 | 0.9285 | 0.9519 | 0.0299 | 0.9304 | 0.9033 | 0.9331
0480 | 22:13:32 |  15.7s | 1.0e-04 | 0.0267 | 0.9326 | 0.9278 | 0.9506 | 0.0284 | 0.9154 | 0.9167 | 0.9284
0481 | 22:13:59 |  14.7s | 1.0e-04 | 0.0267 | 0.9321 | 0.9273 | 0.9503 | 0.0343 | 0.9314 | 0.8883 | 0.9215
0482 | 22:14:25 |  12.1s | 1.0e-04 | 0.0273 | 0.9326 | 0.9284 | 0.9519 | 0.0289 | 0.9174 | 0.9163 | 0.9311
0483 | 22:14:50 |  30.9s | 1.0e-04 | 0.0275 | 0.9302 | 0.9255 | 0.9476 | 0.0296 | 0.9199 | 0.9178 | 0.9339
0484 | 22:15:33 |  29.7s | 1.0e-04 | 0.0275 | 0.9315 | 0.9255 | 0.9491 | 0.0294 | 0.9163 | 0.9064 | 0.9221
0485 | 22:16:17 |  30.1s | 1.0e-04 | 0.0266 | 0.9337 | 0.9304 | 0.9539 | 0.0288 | 0.9190 | 0.9154 | 0.9311
0486 | 22:16:58 |  15.8s | 1.0e-04 | 0.0266 | 0.9346 | 0.9310 | 0.9550 | 0.0288 | 0.9261 | 0.9088 | 0.9319
0487 | 22:17:25 |  14.9s | 1.0e-04 | 0.0266 | 0.9347 | 0.9315 | 0.9549 | 0.0294 | 0.9261 | 0.9011 | 0.9268
0488 | 22:17:51 |  19.3s | 1.0e-04 | 0.0262 | 0.9352 | 0.9307 | 0.9555 | 0.0294 | 0.9141 | 0.9156 | 0.9277
0489 | 22:18:25 |  14.4s | 1.0e-04 | 0.0261 | 0.9344 | 0.9323 | 0.9556 | 0.0296 | 0.9202 | 0.9048 | 0.9238
0490 | 22:18:50 |  14.0s | 1.0e-04 | 0.0266 | 0.9347 | 0.9290 | 0.9536 | 0.0296 | 0.9334 | 0.8951 | 0.9306
0491 | 22:19:18 |  28.9s | 1.0e-04 | 0.0258 | 0.9368 | 0.9344 | 0.9582 | 0.0301 | 0.9260 | 0.9024 | 0.9282
0492 | 22:19:58 |  23.9s | 1.0e-04 | 0.0254 | 0.9361 | 0.9330 | 0.9573 | 0.0301 | 0.9160 | 0.9104 | 0.9241
0493 | 22:20:37 |  21.8s | 1.0e-04 | 0.0258 | 0.9357 | 0.9311 | 0.9561 | 0.0295 | 0.9161 | 0.9172 | 0.9307
0494 | 22:21:13 |  12.9s | 1.0e-04 | 0.0255 | 0.9356 | 0.9328 | 0.9561 | 0.0294 | 0.9236 | 0.9144 | 0.9333
0495 | 22:21:39 |  13.0s | 1.0e-04 | 0.0254 | 0.9343 | 0.9293 | 0.9543 | 0.0306 | 0.9271 | 0.8997 | 0.9268
0496 | 22:22:05 |  13.1s | 1.0e-04 | 0.0258 | 0.9354 | 0.9302 | 0.9554 | 0.0288 | 0.9252 | 0.9089 | 0.9328
0497 | 22:22:29 |  16.7s | 1.0e-04 | 0.0254 | 0.9356 | 0.9304 | 0.9556 | 0.0294 | 0.9148 | 0.9173 | 0.9297
0498 | 22:22:59 |  21.1s | 1.0e-04 | 0.0255 | 0.9350 | 0.9316 | 0.9557 | 0.0308 | 0.9368 | 0.8843 | 0.9261
0499 | 22:23:32 |  21.8s | 1.0e-04 | 0.0254 | 0.9338 | 0.9294 | 0.9542 | 0.0315 | 0.8930 | 0.9243 | 0.9166
0500 | 22:24:06 |  24.4s | 1.0e-04 | 0.0259 | 0.9337 | 0.9278 | 0.9527 | 0.0289 | 0.9247 | 0.9106 | 0.9332
0501 | 22:24:45 |  16.9s | 1.0e-04 | 0.0263 | 0.9328 | 0.9278 | 0.9520 | 0.0293 | 0.9215 | 0.9172 | 0.9362
0502 | 22:25:16 |  14.7s | 1.0e-04 | 0.0258 | 0.9342 | 0.9286 | 0.9532 | 0.0294 | 0.9147 | 0.9129 | 0.9255
0503 | 22:25:45 |  11.4s | 1.0e-04 | 0.0314 | 0.9322 | 0.9257 | 0.9494 | 0.0296 | 0.9237 | 0.9091 | 0.9298
0504 | 22:26:09 |  22.3s | 1.0e-04 | 0.0266 | 0.9322 | 0.9282 | 0.9509 | 0.0293 | 0.9126 | 0.9203 | 0.9290
0505 | 22:26:41 |  13.2s | 1.0e-04 | 0.0261 | 0.9341 | 0.9297 | 0.9532 | 0.0297 | 0.9211 | 0.9029 | 0.9234
0506 | 22:27:05 |  24.0s | 1.0e-04 | 0.0262 | 0.9337 | 0.9277 | 0.9529 | 0.0290 | 0.9284 | 0.9006 | 0.9288
0507 | 22:27:43 |  13.7s | 1.0e-04 | 0.0261 | 0.9347 | 0.9308 | 0.9547 | 0.0301 | 0.9069 | 0.9229 | 0.9285
0508 | 22:28:10 |  35.4s | 1.0e-04 | 0.0253 | 0.9351 | 0.9319 | 0.9561 | 0.0302 | 0.9196 | 0.9203 | 0.9332
0509 | 22:28:59 |  16.2s | 1.0e-04 | 0.0271 | 0.9339 | 0.9297 | 0.9536 | 0.0296 | 0.9298 | 0.9031 | 0.9322
0510 | 22:29:29 |  14.0s | 1.0e-04 | 0.0270 | 0.9336 | 0.9289 | 0.9525 | 0.0291 | 0.9219 | 0.9078 | 0.9283
0511 | 22:29:56 |  15.4s | 1.0e-04 | 0.0271 | 0.9342 | 0.9284 | 0.9531 | 0.0294 | 0.9187 | 0.9155 | 0.9321
0512 | 22:30:26 |  20.1s | 1.0e-04 | 0.0265 | 0.9349 | 0.9299 | 0.9553 | 0.0287 | 0.9154 | 0.9214 | 0.9341
0513 | 22:30:58 |  14.0s | 1.0e-04 | 0.0264 | 0.9339 | 0.9295 | 0.9532 | 0.0282 | 0.9232 | 0.9145 | 0.9346
0514 | 22:31:23 |  29.3s | 1.0e-04 | 0.0268 | 0.9348 | 0.9312 | 0.9547 | 0.0285 | 0.9228 | 0.9155 | 0.9348
0515 | 22:32:06 |  12.9s | 1.0e-04 | 0.0279 | 0.9337 | 0.9302 | 0.9530 | 0.0285 | 0.9269 | 0.9110 | 0.9356
0516 | 22:32:32 |  34.9s | 1.0e-04 | 0.0278 | 0.9344 | 0.9309 | 0.9551 | 0.0289 | 0.9038 | 0.9316 | 0.9314
0517 | 22:33:21 |  14.0s | 1.0e-04 | 0.0272 | 0.9354 | 0.9323 | 0.9559 | 0.0281 | 0.9133 | 0.9164 | 0.9292
0518 | 22:33:48 |  13.4s | 1.0e-04 | 0.0274 | 0.9348 | 0.9317 | 0.9556 | 0.0292 | 0.9113 | 0.9216 | 0.9316
0519 | 22:34:12 |  16.7s | 1.0e-04 | 0.0271 | 0.9349 | 0.9312 | 0.9545 | 0.0283 | 0.9227 | 0.9193 | 0.9371
0520 | 22:34:42 |  18.8s | 1.0e-04 | 0.0271 | 0.9356 | 0.9311 | 0.9555 | 0.0289 | 0.9242 | 0.9127 | 0.9340
0521 | 22:35:14 |  13.2s | 1.0e-04 | 0.0272 | 0.9346 | 0.9322 | 0.9554 | 0.0306 | 0.9024 | 0.9288 | 0.9286
0522 | 22:35:37 |  18.0s | 1.0e-04 | 0.0274 | 0.9341 | 0.9290 | 0.9534 | 0.0288 | 0.9266 | 0.9131 | 0.9359
0523 | 22:36:05 |  19.0s | 1.0e-04 | 0.0272 | 0.9347 | 0.9306 | 0.9553 | 0.0287 | 0.9263 | 0.9133 | 0.9353
0524 | 22:36:34 |  17.9s | 1.0e-04 | 0.0265 | 0.9358 | 0.9304 | 0.9552 | 0.0285 | 0.9168 | 0.9167 | 0.9319
0525 | 22:37:03 |  10.4s | 1.0e-04 | 0.0269 | 0.9337 | 0.9298 | 0.9529 | 0.0291 | 0.9183 | 0.9130 | 0.9300
0526 | 22:37:23 |  10.3s | 1.0e-04 | 0.0268 | 0.9342 | 0.9312 | 0.9547 | 0.0290 | 0.9221 | 0.9182 | 0.9365
0527 | 22:37:44 |  10.3s | 1.0e-04 | 0.0263 | 0.9356 | 0.9318 | 0.9560 | 0.0290 | 0.9295 | 0.9095 | 0.9365
0528 | 22:38:04 |  10.3s | 1.0e-04 | 0.0268 | 0.9339 | 0.9297 | 0.9535 | 0.0304 | 0.9070 | 0.9221 | 0.9260
0529 | 22:38:24 |  10.3s | 1.0e-04 | 0.0264 | 0.9341 | 0.9289 | 0.9534 | 0.0299 | 0.9161 | 0.9228 | 0.9352
0530 | 22:38:45 |  19.3s | 1.0e-04 | 0.0264 | 0.9347 | 0.9316 | 0.9553 | 0.0291 | 0.9244 | 0.9142 | 0.9352
0531 | 22:39:14 |  19.1s | 1.0e-04 | 0.0271 | 0.9332 | 0.9293 | 0.9522 | 0.0288 | 0.9160 | 0.9111 | 0.9254
0532 | 22:39:43 |  19.2s | 1.0e-04 | 0.0268 | 0.9352 | 0.9334 | 0.9573 | 0.0288 | 0.9218 | 0.9193 | 0.9370
0533 | 22:40:13 |  10.4s | 1.0e-04 | 0.0270 | 0.9363 | 0.9332 | 0.9571 | 0.0285 | 0.9250 | 0.9118 | 0.9328
0534 | 22:40:33 |  10.3s | 1.0e-04 | 0.0267 | 0.9346 | 0.9302 | 0.9550 | 0.0287 | 0.9114 | 0.9207 | 0.9280
0535 | 22:40:54 |  10.4s | 1.0e-04 | 0.0270 | 0.9353 | 0.9325 | 0.9562 | 0.0283 | 0.9223 | 0.9165 | 0.9352
0536 | 22:41:14 |  10.4s | 1.0e-04 | 0.0268 | 0.9339 | 0.9321 | 0.9551 | 0.0291 | 0.9153 | 0.9242 | 0.9341
0537 | 22:41:35 |  10.4s | 1.0e-04 | 0.0266 | 0.9358 | 0.9333 | 0.9565 | 0.0286 | 0.9189 | 0.9183 | 0.9335
0538 | 22:41:55 |  18.6s | 1.0e-04 | 0.0275 | 0.9350 | 0.9325 | 0.9556 | 0.0289 | 0.9257 | 0.9144 | 0.9353
0539 | 22:42:24 |  20.5s | 1.0e-04 | 0.0269 | 0.9355 | 0.9319 | 0.9558 | 0.0289 | 0.9211 | 0.9103 | 0.9300
0540 | 22:42:55 |  18.6s | 1.0e-04 | 0.0268 | 0.9335 | 0.9297 | 0.9528 | 0.0290 | 0.9211 | 0.9127 | 0.9312
0541 | 22:43:24 |  10.4s | 1.0e-04 | 0.0267 | 0.9340 | 0.9301 | 0.9539 | 0.0291 | 0.9217 | 0.9147 | 0.9335
0542 | 22:43:44 |  10.6s | 1.0e-04 | 0.0268 | 0.9343 | 0.9303 | 0.9536 | 0.0288 | 0.9207 | 0.9216 | 0.9380
0543 | 22:44:05 |  10.3s | 1.0e-04 | 0.0260 | 0.9346 | 0.9302 | 0.9550 | 0.0283 | 0.9202 | 0.9204 | 0.9366
0544 | 22:44:25 |  10.1s | 1.0e-04 | 0.0270 | 0.9337 | 0.9290 | 0.9528 | 0.0292 | 0.9171 | 0.9205 | 0.9322
0545 | 22:44:46 |  18.9s | 1.0e-04 | 0.0270 | 0.9339 | 0.9289 | 0.9530 | 0.0298 | 0.8996 | 0.9329 | 0.9318
0546 | 22:45:15 |  10.3s | 1.0e-04 | 0.0271 | 0.9338 | 0.9300 | 0.9541 | 0.0287 | 0.9182 | 0.9249 | 0.9373
0547 | 22:45:35 |  28.2s | 1.0e-04 | 0.0269 | 0.9330 | 0.9289 | 0.9527 | 0.0289 | 0.9132 | 0.9181 | 0.9304
0548 | 22:46:14 |  10.5s | 1.0e-04 | 0.0270 | 0.9348 | 0.9293 | 0.9535 | 0.0288 | 0.9176 | 0.9216 | 0.9360
0549 | 22:46:34 |  10.4s | 1.0e-04 | 0.0262 | 0.9353 | 0.9313 | 0.9560 | 0.0284 | 0.9272 | 0.9149 | 0.9386
0550 | 22:46:55 |  10.4s | 1.0e-04 | 0.0262 | 0.9356 | 0.9308 | 0.9552 | 0.0295 | 0.9139 | 0.9194 | 0.9312
0551 | 22:47:15 |  10.3s | 1.0e-04 | 0.0259 | 0.9352 | 0.9301 | 0.9553 | 0.0299 | 0.9054 | 0.9269 | 0.9288
0552 | 22:47:36 |  10.5s | 1.0e-04 | 0.0264 | 0.9349 | 0.9316 | 0.9553 | 0.0287 | 0.9169 | 0.9214 | 0.9352
0553 | 22:47:56 |  18.4s | 1.0e-04 | 0.0262 | 0.9354 | 0.9304 | 0.9546 | 0.0281 | 0.9295 | 0.9079 | 0.9356
0554 | 22:48:25 |  10.2s | 1.0e-04 | 0.0255 | 0.9351 | 0.9312 | 0.9549 | 0.0294 | 0.9383 | 0.8904 | 0.9327
0555 | 22:48:45 |  27.4s | 1.0e-04 | 0.0252 | 0.9371 | 0.9331 | 0.9572 | 0.0289 | 0.9265 | 0.9132 | 0.9371
0556 | 22:49:23 |  10.4s | 1.0e-04 | 0.0255 | 0.9358 | 0.9313 | 0.9567 | 0.0300 | 0.9279 | 0.8997 | 0.9277
0557 | 22:49:43 |  10.2s | 1.0e-04 | 0.0254 | 0.9351 | 0.9323 | 0.9554 | 0.0301 | 0.9154 | 0.9188 | 0.9318
0558 | 22:50:04 |  10.3s | 1.0e-04 | 0.0253 | 0.9364 | 0.9321 | 0.9569 | 0.0290 | 0.9158 | 0.9179 | 0.9305
0559 | 22:50:24 |  10.3s | 1.0e-04 | 0.0252 | 0.9362 | 0.9319 | 0.9567 | 0.0291 | 0.9152 | 0.9207 | 0.9323
0560 | 22:50:44 |  10.2s | 1.0e-04 | 0.0252 | 0.9373 | 0.9314 | 0.9572 | 0.0287 | 0.9210 | 0.9154 | 0.9334
0561 | 22:51:05 |  19.1s | 1.0e-04 | 0.0259 | 0.9351 | 0.9312 | 0.9557 | 0.0286 | 0.9058 | 0.9311 | 0.9345
0562 | 22:51:34 |  10.2s | 1.0e-04 | 0.0257 | 0.9356 | 0.9317 | 0.9559 | 0.0288 | 0.9260 | 0.9047 | 0.9293
0563 | 22:51:54 |  27.7s | 1.0e-04 | 0.0265 | 0.9364 | 0.9333 | 0.9573 | 0.0289 | 0.9182 | 0.9202 | 0.9339
0564 | 22:52:32 |  10.1s | 1.0e-04 | 0.0265 | 0.9361 | 0.9314 | 0.9568 | 0.0284 | 0.9234 | 0.9152 | 0.9338
0565 | 22:52:52 |  10.2s | 1.0e-04 | 0.0265 | 0.9361 | 0.9331 | 0.9568 | 0.0294 | 0.9213 | 0.9176 | 0.9350
0566 | 22:53:13 |  10.1s | 1.0e-04 | 0.0263 | 0.9367 | 0.9311 | 0.9566 | 0.0288 | 0.9241 | 0.9156 | 0.9367
0567 | 22:53:33 |  10.1s | 1.0e-04 | 0.0266 | 0.9357 | 0.9324 | 0.9561 | 0.0285 | 0.9167 | 0.9199 | 0.9327
0568 | 22:53:53 |  10.2s | 1.0e-04 | 0.0271 | 0.9342 | 0.9308 | 0.9537 | 0.0287 | 0.9241 | 0.9183 | 0.9369
0569 | 22:54:13 |  17.9s | 1.0e-04 | 0.0269 | 0.9359 | 0.9327 | 0.9566 | 0.0292 | 0.9153 | 0.9235 | 0.9343
0570 | 22:54:41 |  20.0s | 1.0e-04 | 0.0277 | 0.9353 | 0.9311 | 0.9548 | 0.0284 | 0.9156 | 0.9175 | 0.9277
0571 | 22:55:12 |  18.3s | 1.0e-04 | 0.0271 | 0.9338 | 0.9313 | 0.9549 | 0.0288 | 0.9183 | 0.9157 | 0.9316
0572 | 22:55:40 |  10.1s | 1.0e-04 | 0.0274 | 0.9345 | 0.9307 | 0.9548 | 0.0291 | 0.9100 | 0.9248 | 0.9342
0573 | 22:56:00 |  10.2s | 1.0e-04 | 0.0271 | 0.9337 | 0.9316 | 0.9541 | 0.0276 | 0.9251 | 0.9079 | 0.9308
0574 | 22:56:21 |  10.2s | 1.0e-04 | 0.0271 | 0.9351 | 0.9328 | 0.9561 | 0.0289 | 0.9159 | 0.9205 | 0.9337
0575 | 22:56:41 |  10.1s | 1.0e-04 | 0.0269 | 0.9353 | 0.9317 | 0.9557 | 0.0292 | 0.9228 | 0.9149 | 0.9346
0576 | 22:57:01 |  10.0s | 1.0e-04 | 0.0270 | 0.9349 | 0.9330 | 0.9560 | 0.0281 | 0.9192 | 0.9216 | 0.9364
0577 | 22:57:21 |  19.1s | 1.0e-04 | 0.0273 | 0.9340 | 0.9296 | 0.9533 | 0.0285 | 0.9154 | 0.9278 | 0.9384
0578 | 22:57:51 |  19.5s | 1.0e-04 | 0.0271 | 0.9335 | 0.9292 | 0.9523 | 0.0277 | 0.9328 | 0.9055 | 0.9366
0579 | 22:58:20 |  19.9s | 1.0e-04 | 0.0267 | 0.9343 | 0.9304 | 0.9535 | 0.0275 | 0.9327 | 0.9105 | 0.9396
0580 | 22:58:50 |  10.4s | 1.0e-04 | 0.0266 | 0.9337 | 0.9298 | 0.9531 | 0.0291 | 0.9233 | 0.9153 | 0.9336
0581 | 22:59:11 |  10.5s | 1.0e-04 | 0.0264 | 0.9350 | 0.9290 | 0.9547 | 0.0283 | 0.9147 | 0.9320 | 0.9399
0582 | 22:59:32 |  10.5s | 1.0e-04 | 0.0269 | 0.9342 | 0.9286 | 0.9528 | 0.0279 | 0.9126 | 0.9282 | 0.9365
0583 | 22:59:52 |  10.5s | 1.0e-04 | 0.0264 | 0.9349 | 0.9295 | 0.9540 | 0.0287 | 0.9098 | 0.9260 | 0.9327
0584 | 23:00:13 |  18.7s | 1.0e-04 | 0.0271 | 0.9331 | 0.9289 | 0.9525 | 0.0286 | 0.9271 | 0.9131 | 0.9360
0585 | 23:00:42 |  10.5s | 1.0e-04 | 0.0264 | 0.9356 | 0.9318 | 0.9558 | 0.0298 | 0.9070 | 0.9222 | 0.9276
0586 | 23:01:02 |  27.3s | 1.0e-04 | 0.0261 | 0.9350 | 0.9309 | 0.9551 | 0.0287 | 0.9170 | 0.9202 | 0.9352
0587 | 23:01:40 |   9.8s | 1.0e-04 | 0.0253 | 0.9362 | 0.9317 | 0.9568 | 0.0289 | 0.9122 | 0.9295 | 0.9378
0588 | 23:02:00 |  10.1s | 1.0e-04 | 0.0253 | 0.9359 | 0.9311 | 0.9560 | 0.0293 | 0.9216 | 0.9211 | 0.9381
0589 | 23:02:20 |  10.0s | 1.0e-04 | 0.0248 | 0.9377 | 0.9339 | 0.9589 | 0.0294 | 0.9244 | 0.9011 | 0.9251
0590 | 23:02:40 |  10.1s | 1.0e-04 | 0.0250 | 0.9377 | 0.9329 | 0.9586 | 0.0284 | 0.9183 | 0.9236 | 0.9367
0591 | 23:03:00 |  10.1s | 1.0e-04 | 0.0260 | 0.9365 | 0.9311 | 0.9571 | 0.0294 | 0.9189 | 0.9098 | 0.9276
0592 | 23:03:20 |  18.5s | 1.0e-04 | 0.0249 | 0.9382 | 0.9324 | 0.9585 | 0.0282 | 0.9199 | 0.9188 | 0.9353
0593 | 23:03:49 |  10.2s | 1.0e-04 | 0.0255 | 0.9354 | 0.9304 | 0.9553 | 0.0287 | 0.9305 | 0.9042 | 0.9341
0594 | 23:04:10 |  28.2s | 1.0e-04 | 0.0253 | 0.9357 | 0.9312 | 0.9555 | 0.0289 | 0.9132 | 0.9204 | 0.9316
0595 | 23:04:48 |  10.6s | 1.0e-04 | 0.0256 | 0.9354 | 0.9309 | 0.9556 | 0.0277 | 0.9271 | 0.9089 | 0.9331
0596 | 23:05:09 |  10.6s | 1.0e-04 | 0.0259 | 0.9351 | 0.9304 | 0.9548 | 0.0284 | 0.9160 | 0.9239 | 0.9360
0597 | 23:05:30 |  10.5s | 1.0e-04 | 0.0259 | 0.9356 | 0.9311 | 0.9554 | 0.0285 | 0.9280 | 0.9181 | 0.9395
0598 | 23:05:50 |  10.5s | 1.0e-04 | 0.0259 | 0.9338 | 0.9287 | 0.9534 | 0.0289 | 0.9182 | 0.9202 | 0.9338
0599 | 23:06:11 |  10.5s | 1.0e-04 | 0.0261 | 0.9341 | 0.9298 | 0.9538 | 0.0284 | 0.9218 | 0.9183 | 0.9371
0600 | 23:06:32 |  18.4s | 1.0e-04 | 0.0257 | 0.9348 | 0.9311 | 0.9555 | 0.0286 | 0.9351 | 0.8998 | 0.9349
0601 | 23:07:01 |  10.4s | 1.0e-04 | 0.0258 | 0.9354 | 0.9296 | 0.9541 | 0.0287 | 0.9295 | 0.9094 | 0.9352
0602 | 23:07:21 |  29.9s | 1.0e-04 | 0.0253 | 0.9353 | 0.9309 | 0.9546 | 0.0286 | 0.9187 | 0.9221 | 0.9352
0603 | 23:08:01 |  10.4s | 1.0e-04 | 0.0258 | 0.9341 | 0.9291 | 0.9545 | 0.0289 | 0.9244 | 0.9206 | 0.9400
0604 | 23:08:22 |  10.5s | 1.0e-04 | 0.0259 | 0.9339 | 0.9291 | 0.9535 | 0.0283 | 0.9373 | 0.9026 | 0.9393
0605 | 23:08:43 |  10.6s | 1.0e-04 | 0.0258 | 0.9354 | 0.9287 | 0.9545 | 0.0280 | 0.9161 | 0.9224 | 0.9354
0606 | 23:09:04 |  10.7s | 1.0e-04 | 0.0257 | 0.9338 | 0.9284 | 0.9533 | 0.0280 | 0.9238 | 0.9190 | 0.9397
0607 | 23:09:25 |  10.6s | 1.0e-04 | 0.0254 | 0.9357 | 0.9301 | 0.9548 | 0.0284 | 0.9219 | 0.9166 | 0.9357
0608 | 23:09:45 |  17.6s | 1.0e-04 | 0.0255 | 0.9344 | 0.9310 | 0.9546 | 0.0274 | 0.9303 | 0.9084 | 0.9364
0609 | 23:10:13 |  19.8s | 1.0e-04 | 0.0258 | 0.9347 | 0.9299 | 0.9543 | 0.0280 | 0.9268 | 0.9108 | 0.9347
0610 | 23:10:43 |  18.8s | 1.0e-04 | 0.0259 | 0.9353 | 0.9301 | 0.9553 | 0.0297 | 0.9099 | 0.9245 | 0.9303
0611 | 23:11:13 |  10.6s | 1.0e-04 | 0.0256 | 0.9357 | 0.9315 | 0.9556 | 0.0282 | 0.9245 | 0.9142 | 0.9373
0612 | 23:11:34 |  10.6s | 1.0e-04 | 0.0257 | 0.9361 | 0.9313 | 0.9559 | 0.0285 | 0.9339 | 0.8967 | 0.9318
0613 | 23:11:55 |  10.6s | 1.0e-04 | 0.0257 | 0.9358 | 0.9318 | 0.9562 | 0.0280 | 0.9249 | 0.9158 | 0.9384
0614 | 23:12:15 |  10.6s | 1.0e-04 | 0.0256 | 0.9359 | 0.9308 | 0.9554 | 0.0287 | 0.9177 | 0.9218 | 0.9364
0615 | 23:12:36 |  10.5s | 1.0e-04 | 0.0257 | 0.9341 | 0.9304 | 0.9541 | 0.0281 | 0.9195 | 0.9215 | 0.9352
0616 | 23:12:57 |  19.6s | 1.0e-04 | 0.0250 | 0.9367 | 0.9323 | 0.9570 | 0.0290 | 0.9330 | 0.9031 | 0.9350
0617 | 23:13:28 |  20.6s | 1.0e-04 | 0.0251 | 0.9372 | 0.9315 | 0.9576 | 0.0283 | 0.9247 | 0.9157 | 0.9368
0618 | 23:13:59 |  19.3s | 1.0e-04 | 0.0249 | 0.9366 | 0.9339 | 0.9579 | 0.0284 | 0.9210 | 0.9200 | 0.9365
0619 | 23:14:29 |  10.6s | 1.0e-04 | 0.0249 | 0.9383 | 0.9335 | 0.9589 | 0.0289 | 0.9212 | 0.9168 | 0.9346
0620 | 23:14:49 |  10.6s | 1.0e-04 | 0.0246 | 0.9379 | 0.9337 | 0.9594 | 0.0288 | 0.9235 | 0.9090 | 0.9312
0621 | 23:15:11 |  10.6s | 1.0e-04 | 0.0246 | 0.9381 | 0.9337 | 0.9594 | 0.0291 | 0.9256 | 0.9062 | 0.9305
0622 | 23:15:32 |  10.6s | 1.0e-04 | 0.0247 | 0.9372 | 0.9326 | 0.9581 | 0.0282 | 0.9238 | 0.9175 | 0.9355
0623 | 23:15:53 |  18.8s | 1.0e-04 | 0.0249 | 0.9370 | 0.9331 | 0.9584 | 0.0298 | 0.9095 | 0.9274 | 0.9343
0624 | 23:16:22 |  10.5s | 1.0e-04 | 0.0249 | 0.9382 | 0.9342 | 0.9598 | 0.0298 | 0.9060 | 0.9265 | 0.9300
0625 | 23:16:43 |  20.1s | 1.0e-04 | 0.0250 | 0.9365 | 0.9327 | 0.9571 | 0.0284 | 0.9159 | 0.9257 | 0.9385
0626 | 23:17:14 |  10.5s | 1.0e-04 | 0.0256 | 0.9362 | 0.9335 | 0.9575 | 0.0276 | 0.9273 | 0.9165 | 0.9384
0627 | 23:17:35 |  10.5s | 1.0e-04 | 0.0261 | 0.9355 | 0.9310 | 0.9564 | 0.0277 | 0.9176 | 0.9237 | 0.9366
0628 | 23:17:56 |  10.7s | 1.0e-04 | 0.0262 | 0.9358 | 0.9321 | 0.9568 | 0.0289 | 0.9057 | 0.9312 | 0.9334
0629 | 23:18:17 |  10.6s | 1.0e-04 | 0.0254 | 0.9381 | 0.9349 | 0.9595 | 0.0280 | 0.9225 | 0.9135 | 0.9327
0630 | 23:18:38 |  10.5s | 1.0e-04 | 0.0257 | 0.9368 | 0.9329 | 0.9580 | 0.0282 | 0.9252 | 0.9152 | 0.9367
0631 | 23:18:59 |  18.5s | 1.0e-04 | 0.0262 | 0.9355 | 0.9326 | 0.9566 | 0.0282 | 0.9301 | 0.9044 | 0.9339
0632 | 23:19:28 |  10.4s | 1.0e-04 | 0.0255 | 0.9365 | 0.9324 | 0.9576 | 0.0277 | 0.9280 | 0.9178 | 0.9400
0633 | 23:19:49 |  29.1s | 1.0e-04 | 0.0256 | 0.9368 | 0.9320 | 0.9575 | 0.0290 | 0.9108 | 0.9136 | 0.9236
0634 | 23:20:29 |  10.4s | 1.0e-04 | 0.0249 | 0.9357 | 0.9306 | 0.9548 | 0.0286 | 0.9179 | 0.9202 | 0.9335
0635 | 23:20:50 |  10.3s | 1.0e-04 | 0.0247 | 0.9360 | 0.9312 | 0.9558 | 0.0277 | 0.9184 | 0.9154 | 0.9321
0636 | 23:21:11 |  10.4s | 1.0e-04 | 0.0245 | 0.9357 | 0.9311 | 0.9560 | 0.0292 | 0.9131 | 0.9200 | 0.9305
0637 | 23:21:32 |  10.4s | 1.0e-04 | 0.0246 | 0.9362 | 0.9306 | 0.9561 | 0.0275 | 0.9254 | 0.9124 | 0.9353
0638 | 23:21:53 |  10.4s | 1.0e-04 | 0.0246 | 0.9365 | 0.9306 | 0.9564 | 0.0291 | 0.9192 | 0.9228 | 0.9356
0639 | 23:22:14 |  18.3s | 1.0e-04 | 0.0245 | 0.9363 | 0.9317 | 0.9573 | 0.0278 | 0.9184 | 0.9191 | 0.9344
0640 | 23:22:43 |  10.4s | 1.0e-04 | 0.0248 | 0.9366 | 0.9318 | 0.9570 | 0.0280 | 0.9273 | 0.9108 | 0.9355
0641 | 23:23:04 |  28.5s | 1.0e-04 | 0.0257 | 0.9355 | 0.9315 | 0.9558 | 0.0279 | 0.9296 | 0.9161 | 0.9402
0642 | 23:23:43 |  10.3s | 1.0e-04 | 0.0259 | 0.9363 | 0.9323 | 0.9569 | 0.0280 | 0.9228 | 0.9193 | 0.9377
0643 | 23:24:03 |  10.3s | 1.0e-04 | 0.0261 | 0.9349 | 0.9314 | 0.9547 | 0.0285 | 0.9212 | 0.9205 | 0.9375
0644 | 23:24:24 |  10.2s | 1.0e-04 | 0.0260 | 0.9355 | 0.9324 | 0.9561 | 0.0275 | 0.9289 | 0.9189 | 0.9407
0645 | 23:24:45 |  10.3s | 1.0e-04 | 0.0258 | 0.9364 | 0.9318 | 0.9579 | 0.0287 | 0.9233 | 0.9191 | 0.9375
0646 | 23:25:06 |  10.2s | 1.0e-04 | 0.0260 | 0.9362 | 0.9324 | 0.9561 | 0.0271 | 0.9251 | 0.9205 | 0.9403
0647 | 23:25:26 |  18.6s | 1.0e-04 | 0.0259 | 0.9363 | 0.9315 | 0.9562 | 0.0291 | 0.9153 | 0.9281 | 0.9379
0648 | 23:25:56 |  18.3s | 1.0e-04 | 0.0258 | 0.9365 | 0.9313 | 0.9564 | 0.0285 | 0.9298 | 0.9070 | 0.9338
0649 | 23:26:24 |  18.6s | 1.0e-04 | 0.0259 | 0.9343 | 0.9291 | 0.9532 | 0.0285 | 0.9203 | 0.9267 | 0.9400
0650 | 23:26:53 |  10.3s | 1.0e-04 | 0.0254 | 0.9347 | 0.9295 | 0.9546 | 0.0277 | 0.9186 | 0.9254 | 0.9384
0651 | 23:27:14 |  10.4s | 1.0e-04 | 0.0257 | 0.9352 | 0.9295 | 0.9539 | 0.0277 | 0.9231 | 0.9228 | 0.9412
0652 | 23:27:35 |  10.4s | 1.0e-04 | 0.0257 | 0.9345 | 0.9293 | 0.9541 | 0.0288 | 0.9169 | 0.9223 | 0.9339
0653 | 23:27:56 |  10.5s | 1.0e-04 | 0.0255 | 0.9368 | 0.9306 | 0.9573 | 0.0264 | 0.9215 | 0.9257 | 0.9418
0654 | 23:28:17 |  10.3s | 1.0e-04 | 0.0252 | 0.9366 | 0.9323 | 0.9568 | 0.0272 | 0.9266 | 0.9214 | 0.9414
0655 | 23:28:38 |  18.7s | 1.0e-04 | 0.0255 | 0.9356 | 0.9314 | 0.9563 | 0.0286 | 0.9214 | 0.9212 | 0.9388
0656 | 23:29:07 |  20.2s | 1.0e-04 | 0.0253 | 0.9365 | 0.9319 | 0.9575 | 0.0279 | 0.9184 | 0.9266 | 0.9388
0657 | 23:29:38 |  18.6s | 1.0e-04 | 0.0245 | 0.9387 | 0.9358 | 0.9603 | 0.0291 | 0.9147 | 0.9153 | 0.9287
0658 | 23:30:07 |  10.5s | 1.0e-04 | 0.0245 | 0.9390 | 0.9360 | 0.9606 | 0.0291 | 0.9185 | 0.9198 | 0.9345
0659 | 23:30:28 |  10.5s | 1.0e-04 | 0.0247 | 0.9381 | 0.9346 | 0.9598 | 0.0282 | 0.9266 | 0.9141 | 0.9359
0660 | 23:30:49 |  10.3s | 1.0e-04 | 0.0245 | 0.9377 | 0.9324 | 0.9581 | 0.0292 | 0.9164 | 0.9211 | 0.9323
0661 | 23:31:10 |  10.5s | 1.0e-04 | 0.0245 | 0.9382 | 0.9326 | 0.9598 | 0.0287 | 0.9260 | 0.9020 | 0.9276
0662 | 23:31:31 |  10.4s | 1.0e-04 | 0.0244 | 0.9389 | 0.9358 | 0.9604 | 0.0273 | 0.9186 | 0.9232 | 0.9373
0663 | 23:31:52 |  19.5s | 1.0e-04 | 0.0246 | 0.9389 | 0.9343 | 0.9606 | 0.0282 | 0.9197 | 0.9168 | 0.9339
0664 | 23:32:22 |  19.5s | 1.0e-04 | 0.0243 | 0.9382 | 0.9354 | 0.9603 | 0.0282 | 0.9205 | 0.9183 | 0.9363
0665 | 23:32:52 |  18.9s | 1.0e-04 | 0.0252 | 0.9372 | 0.9327 | 0.9575 | 0.0280 | 0.9284 | 0.9116 | 0.9372
0666 | 23:33:22 |  10.2s | 1.0e-04 | 0.0251 | 0.9363 | 0.9341 | 0.9577 | 0.0285 | 0.9272 | 0.9166 | 0.9391
0667 | 23:33:42 |  10.3s | 1.0e-04 | 0.0253 | 0.9375 | 0.9319 | 0.9578 | 0.0273 | 0.9215 | 0.9191 | 0.9357
0668 | 23:34:03 |  10.2s | 1.0e-04 | 0.0251 | 0.9369 | 0.9339 | 0.9587 | 0.0281 | 0.9259 | 0.9187 | 0.9403
0669 | 23:34:24 |  10.3s | 1.0e-04 | 0.0251 | 0.9375 | 0.9346 | 0.9581 | 0.0287 | 0.9157 | 0.9251 | 0.9370
0670 | 23:34:45 |  18.4s | 1.0e-04 | 0.0249 | 0.9383 | 0.9339 | 0.9596 | 0.0271 | 0.9265 | 0.9162 | 0.9381
0671 | 23:35:14 |  10.1s | 1.0e-04 | 0.0254 | 0.9383 | 0.9338 | 0.9595 | 0.0282 | 0.9240 | 0.9144 | 0.9357
0672 | 23:35:34 |  27.6s | 1.0e-04 | 0.0258 | 0.9368 | 0.9330 | 0.9570 | 0.0280 | 0.9211 | 0.9221 | 0.9374
0673 | 23:36:12 |  10.6s | 1.0e-04 | 0.0261 | 0.9356 | 0.9312 | 0.9555 | 0.0276 | 0.9276 | 0.9088 | 0.9344
0674 | 23:36:34 |  10.6s | 1.0e-04 | 0.0259 | 0.9359 | 0.9314 | 0.9556 | 0.0273 | 0.9300 | 0.9182 | 0.9427
0675 | 23:36:55 |  10.6s | 1.0e-04 | 0.0260 | 0.9360 | 0.9320 | 0.9569 | 0.0280 | 0.9152 | 0.9219 | 0.9341
0676 | 23:37:16 |  10.5s | 1.0e-04 | 0.0253 | 0.9371 | 0.9326 | 0.9577 | 0.0273 | 0.9301 | 0.9191 | 0.9425
0677 | 23:37:37 |  10.4s | 1.0e-04 | 0.0261 | 0.9357 | 0.9313 | 0.9545 | 0.0274 | 0.9308 | 0.9142 | 0.9415
0678 | 23:37:58 |  17.9s | 1.0e-04 | 0.0259 | 0.9350 | 0.9310 | 0.9552 | 0.0281 | 0.9355 | 0.9091 | 0.9411
0679 | 23:38:26 |  10.6s | 1.0e-04 | 0.0260 | 0.9349 | 0.9294 | 0.9542 | 0.0277 | 0.9220 | 0.9227 | 0.9398
0680 | 23:38:47 |  28.9s | 1.0e-04 | 0.0249 | 0.9373 | 0.9326 | 0.9581 | 0.0284 | 0.9089 | 0.9315 | 0.9355
0681 | 23:39:27 |  10.3s | 1.0e-04 | 0.0241 | 0.9385 | 0.9344 | 0.9609 | 0.0280 | 0.9208 | 0.9219 | 0.9387
0682 | 23:39:47 |  10.4s | 1.0e-04 | 0.0242 | 0.9385 | 0.9352 | 0.9602 | 0.0282 | 0.9345 | 0.9025 | 0.9362
0683 | 23:40:08 |  10.3s | 1.0e-04 | 0.0241 | 0.9382 | 0.9350 | 0.9599 | 0.0292 | 0.9293 | 0.9086 | 0.9356
0684 | 23:40:29 |  10.3s | 1.0e-04 | 0.0243 | 0.9388 | 0.9349 | 0.9599 | 0.0277 | 0.9176 | 0.9244 | 0.9379
0685 | 23:40:50 |  10.3s | 1.0e-04 | 0.0240 | 0.9399 | 0.9354 | 0.9611 | 0.0289 | 0.9163 | 0.9186 | 0.9324
0686 | 23:41:11 |  19.0s | 1.0e-04 | 0.0246 | 0.9375 | 0.9338 | 0.9587 | 0.0288 | 0.9242 | 0.9113 | 0.9314
0687 | 23:41:40 |  10.5s | 1.0e-04 | 0.0245 | 0.9386 | 0.9341 | 0.9602 | 0.0291 | 0.9183 | 0.9216 | 0.9360
0688 | 23:42:01 |  28.6s | 1.0e-04 | 0.0245 | 0.9369 | 0.9321 | 0.9579 | 0.0273 | 0.9234 | 0.9213 | 0.9391
0689 | 23:42:40 |  10.6s | 1.0e-04 | 0.0246 | 0.9367 | 0.9322 | 0.9566 | 0.0279 | 0.9203 | 0.9276 | 0.9438
0690 | 23:43:02 |  10.6s | 1.0e-04 | 0.0248 | 0.9376 | 0.9316 | 0.9580 | 0.0280 | 0.9227 | 0.9204 | 0.9386
0691 | 23:43:23 |  10.8s | 1.0e-04 | 0.0244 | 0.9381 | 0.9334 | 0.9593 | 0.0281 | 0.9203 | 0.9143 | 0.9318
0692 | 23:43:44 |  10.7s | 1.0e-04 | 0.0246 | 0.9367 | 0.9334 | 0.9582 | 0.0290 | 0.9225 | 0.9101 | 0.9309
0693 | 23:44:05 |  10.4s | 1.0e-04 | 0.0248 | 0.9354 | 0.9320 | 0.9562 | 0.0271 | 0.9288 | 0.9156 | 0.9386
0694 | 23:44:26 |  19.0s | 1.0e-04 | 0.0248 | 0.9377 | 0.9336 | 0.9588 | 0.0285 | 0.9298 | 0.9149 | 0.9408
0695 | 23:44:55 |  19.4s | 1.0e-04 | 0.0249 | 0.9376 | 0.9338 | 0.9587 | 0.0279 | 0.9237 | 0.9206 | 0.9387
0696 | 23:45:25 |  17.5s | 1.0e-04 | 0.0257 | 0.9379 | 0.9348 | 0.9595 | 0.0276 | 0.9242 | 0.9200 | 0.9406
0697 | 23:45:53 |  10.4s | 1.0e-04 | 0.0260 | 0.9362 | 0.9334 | 0.9570 | 0.0277 | 0.9271 | 0.9196 | 0.9433
0698 | 23:46:14 |  10.5s | 1.0e-04 | 0.0258 | 0.9378 | 0.9345 | 0.9602 | 0.0272 | 0.9167 | 0.9267 | 0.9390
0699 | 23:46:35 |  10.4s | 1.0e-04 | 0.0257 | 0.9376 | 0.9340 | 0.9588 | 0.0264 | 0.9306 | 0.9193 | 0.9447
0700 | 23:46:56 |  10.4s | 1.0e-04 | 0.0259 | 0.9364 | 0.9328 | 0.9577 | 0.0280 | 0.9277 | 0.9111 | 0.9359
0701 | 23:47:17 |  10.2s | 1.0e-04 | 0.0261 | 0.9367 | 0.9341 | 0.9576 | 0.0274 | 0.9182 | 0.9278 | 0.9393
0702 | 23:47:38 |  18.5s | 1.0e-04 | 0.0261 | 0.9366 | 0.9322 | 0.9576 | 0.0284 | 0.9139 | 0.9269 | 0.9357
0703 | 23:48:07 |  20.4s | 1.0e-04 | 0.0257 | 0.9366 | 0.9323 | 0.9569 | 0.0269 | 0.9270 | 0.9178 | 0.9402
0704 | 23:48:38 |  19.3s | 1.0e-04 | 0.0249 | 0.9363 | 0.9314 | 0.9564 | 0.0276 | 0.9252 | 0.9181 | 0.9379
0705 | 23:49:08 |  10.6s | 1.0e-04 | 0.0246 | 0.9369 | 0.9311 | 0.9571 | 0.0276 | 0.9236 | 0.9242 | 0.9435
0706 | 23:49:29 |  10.7s | 1.0e-04 | 0.0247 | 0.9366 | 0.9309 | 0.9569 | 0.0285 | 0.9223 | 0.9185 | 0.9374
0707 | 23:49:50 |  10.6s | 1.0e-04 | 0.0248 | 0.9356 | 0.9309 | 0.9566 | 0.0278 | 0.9201 | 0.9206 | 0.9360
0708 | 23:50:11 |  10.5s | 1.0e-04 | 0.0243 | 0.9379 | 0.9319 | 0.9583 | 0.0284 | 0.9175 | 0.9232 | 0.9360
0709 | 23:50:32 |  17.9s | 1.0e-04 | 0.0244 | 0.9373 | 0.9323 | 0.9576 | 0.0280 | 0.9252 | 0.9153 | 0.9358
0710 | 23:51:00 |  10.5s | 1.0e-04 | 0.0236 | 0.9390 | 0.9352 | 0.9606 | 0.0273 | 0.9208 | 0.9224 | 0.9378
0711 | 23:51:21 |  28.6s | 1.0e-04 | 0.0237 | 0.9382 | 0.9338 | 0.9597 | 0.0290 | 0.9172 | 0.9197 | 0.9314
0712 | 23:52:00 |  10.6s | 1.0e-04 | 0.0239 | 0.9385 | 0.9354 | 0.9599 | 0.0282 | 0.9291 | 0.9120 | 0.9372
0713 | 23:52:22 |  10.8s | 1.0e-04 | 0.0238 | 0.9391 | 0.9345 | 0.9604 | 0.0279 | 0.9173 | 0.9192 | 0.9315
0714 | 23:52:43 |  10.7s | 1.0e-04 | 0.0240 | 0.9381 | 0.9346 | 0.9601 | 0.0281 | 0.9205 | 0.9181 | 0.9337
0715 | 23:53:04 |  10.6s | 1.0e-04 | 0.0238 | 0.9381 | 0.9339 | 0.9590 | 0.0285 | 0.9343 | 0.9042 | 0.9375
0716 | 23:53:25 |  10.2s | 1.0e-04 | 0.0237 | 0.9403 | 0.9349 | 0.9608 | 0.0286 | 0.9278 | 0.9084 | 0.9346
0717 | 23:53:46 |  19.6s | 1.0e-04 | 0.0239 | 0.9379 | 0.9333 | 0.9588 | 0.0279 | 0.9295 | 0.9163 | 0.9411
0718 | 23:54:16 |  10.7s | 1.0e-04 | 0.0234 | 0.9385 | 0.9328 | 0.9596 | 0.0278 | 0.9295 | 0.9120 | 0.9386
0719 | 23:54:37 |  28.6s | 1.0e-04 | 0.0245 | 0.9371 | 0.9332 | 0.9579 | 0.0288 | 0.9163 | 0.9286 | 0.9403
0720 | 23:55:16 |  10.6s | 1.0e-04 | 0.0245 | 0.9382 | 0.9350 | 0.9603 | 0.0277 | 0.9303 | 0.9183 | 0.9437
0721 | 23:55:37 |  10.5s | 1.0e-04 | 0.0243 | 0.9393 | 0.9375 | 0.9615 | 0.0276 | 0.9372 | 0.9054 | 0.9407
0722 | 23:55:58 |  10.5s | 1.0e-04 | 0.0243 | 0.9389 | 0.9356 | 0.9609 | 0.0273 | 0.9323 | 0.9127 | 0.9406
0723 | 23:56:19 |  10.5s | 1.0e-04 | 0.0245 | 0.9393 | 0.9346 | 0.9604 | 0.0275 | 0.9214 | 0.9211 | 0.9367
0724 | 23:56:40 |  10.2s | 1.0e-04 | 0.0245 | 0.9389 | 0.9358 | 0.9607 | 0.0285 | 0.9324 | 0.9041 | 0.9349
0725 | 23:57:01 |  18.4s | 1.0e-04 | 0.0248 | 0.9386 | 0.9356 | 0.9610 | 0.0272 | 0.9262 | 0.9118 | 0.9360
0726 | 23:57:29 |  10.4s | 1.0e-04 | 0.0245 | 0.9397 | 0.9362 | 0.9621 | 0.0285 | 0.9133 | 0.9255 | 0.9350
0727 | 23:57:50 |  26.0s | 1.0e-04 | 0.0249 | 0.9380 | 0.9331 | 0.9593 | 0.0291 | 0.9330 | 0.9070 | 0.9385
0728 | 23:58:26 |  10.2s | 1.0e-04 | 0.0244 | 0.9369 | 0.9340 | 0.9583 | 0.0275 | 0.9138 | 0.9285 | 0.9389
0729 | 23:58:47 |  10.3s | 1.0e-04 | 0.0244 | 0.9369 | 0.9333 | 0.9589 | 0.0281 | 0.9251 | 0.9151 | 0.9375
0730 | 23:59:07 |  10.2s | 1.0e-04 | 0.0246 | 0.9377 | 0.9331 | 0.9586 | 0.0278 | 0.9190 | 0.9200 | 0.9358
0731 | 23:59:28 |  10.1s | 1.0e-04 | 0.0244 | 0.9389 | 0.9344 | 0.9596 | 0.0279 | 0.9330 | 0.9119 | 0.9402
0732 | 23:59:48 |  10.2s | 1.0e-04 | 0.0246 | 0.9376 | 0.9326 | 0.9584 | 0.0290 | 0.9044 | 0.9355 | 0.9346
0733 | 00:00:09 |  18.4s | 1.0e-04 | 0.0250 | 0.9362 | 0.9321 | 0.9566 | 0.0272 | 0.9224 | 0.9162 | 0.9365
0734 | 00:00:37 |  18.9s | 1.0e-04 | 0.0240 | 0.9382 | 0.9347 | 0.9602 | 0.0287 | 0.9245 | 0.9183 | 0.9377
0735 | 00:01:07 |  18.9s | 1.0e-04 | 0.0247 | 0.9384 | 0.9332 | 0.9590 | 0.0275 | 0.9254 | 0.9137 | 0.9355
0736 | 00:01:36 |  10.0s | 1.0e-04 | 0.0245 | 0.9382 | 0.9334 | 0.9593 | 0.0280 | 0.9308 | 0.9139 | 0.9414
0737 | 00:01:56 |  10.0s | 1.0e-04 | 0.0246 | 0.9383 | 0.9333 | 0.9596 | 0.0276 | 0.9289 | 0.9124 | 0.9379
0738 | 00:02:16 |  10.0s | 1.0e-04 | 0.0248 | 0.9378 | 0.9338 | 0.9593 | 0.0284 | 0.9205 | 0.9255 | 0.9398
0739 | 00:02:36 |   9.9s | 1.0e-04 | 0.0244 | 0.9388 | 0.9352 | 0.9607 | 0.0282 | 0.9209 | 0.9218 | 0.9372
0740 | 00:02:56 |  10.0s | 1.0e-04 | 0.0248 | 0.9382 | 0.9334 | 0.9592 | 0.0282 | 0.9210 | 0.9197 | 0.9372
0741 | 00:03:17 |  18.2s | 1.0e-04 | 0.0246 | 0.9385 | 0.9359 | 0.9609 | 0.0285 | 0.9316 | 0.9151 | 0.9417
0742 | 00:03:45 |  19.5s | 1.0e-04 | 0.0246 | 0.9393 | 0.9352 | 0.9607 | 0.0278 | 0.9275 | 0.9181 | 0.9407
0743 | 00:04:15 |  18.5s | 1.0e-04 | 0.0238 | 0.9414 | 0.9382 | 0.9649 | 0.0282 | 0.9215 | 0.9150 | 0.9331
0744 | 00:04:44 |  10.2s | 1.0e-04 | 0.0240 | 0.9417 | 0.9393 | 0.9648 | 0.0282 | 0.9319 | 0.9072 | 0.9366
0745 | 00:05:04 |  10.2s | 1.0e-04 | 0.0239 | 0.9413 | 0.9376 | 0.9637 | 0.0297 | 0.9107 | 0.9203 | 0.9279
0746 | 00:05:25 |  10.2s | 1.0e-04 | 0.0240 | 0.9416 | 0.9384 | 0.9646 | 0.0286 | 0.9096 | 0.9224 | 0.9294
0747 | 00:05:45 |  10.2s | 1.0e-04 | 0.0237 | 0.9413 | 0.9386 | 0.9642 | 0.0281 | 0.9345 | 0.9097 | 0.9412
0748 | 00:06:06 |  18.6s | 1.0e-04 | 0.0237 | 0.9417 | 0.9385 | 0.9652 | 0.0268 | 0.9238 | 0.9178 | 0.9384
0749 | 00:06:35 |  10.2s | 1.0e-04 | 0.0250 | 0.9398 | 0.9370 | 0.9622 | 0.0288 | 0.9230 | 0.9198 | 0.9382
0750 | 00:06:55 |  21.3s | 1.0e-04 | 0.0246 | 0.9410 | 0.9373 | 0.9629 | 0.0280 | 0.9176 | 0.9251 | 0.9373
0751 | 00:07:27 |  10.3s | 1.0e-04 | 0.0246 | 0.9396 | 0.9355 | 0.9613 | 0.0279 | 0.9144 | 0.9327 | 0.9414
0752 | 00:07:48 |  10.4s | 1.0e-04 | 0.0242 | 0.9402 | 0.9365 | 0.9618 | 0.0284 | 0.9106 | 0.9270 | 0.9356
0753 | 00:08:08 |  10.2s | 1.0e-04 | 0.0248 | 0.9373 | 0.9330 | 0.9589 | 0.0271 | 0.9256 | 0.9274 | 0.9448
0754 | 00:08:29 |  10.2s | 1.0e-04 | 0.0241 | 0.9393 | 0.9356 | 0.9616 | 0.0274 | 0.9339 | 0.9050 | 0.9375
0755 | 00:08:49 |  10.3s | 1.0e-04 | 0.0244 | 0.9391 | 0.9353 | 0.9610 | 0.0275 | 0.9201 | 0.9253 | 0.9417
0756 | 00:09:10 |  18.6s | 1.0e-04 | 0.0248 | 0.9384 | 0.9356 | 0.9598 | 0.0279 | 0.9169 | 0.9281 | 0.9404
0757 | 00:09:39 |  10.2s | 1.0e-04 | 0.0243 | 0.9375 | 0.9336 | 0.9590 | 0.0273 | 0.9221 | 0.9222 | 0.9389
0758 | 00:09:59 |  27.8s | 1.0e-04 | 0.0244 | 0.9385 | 0.9340 | 0.9601 | 0.0273 | 0.9274 | 0.9125 | 0.9368
0759 | 00:10:37 |  10.3s | 1.0e-04 | 0.0249 | 0.9381 | 0.9347 | 0.9597 | 0.0278 | 0.9251 | 0.9206 | 0.9407
0760 | 00:10:58 |  10.3s | 1.0e-04 | 0.0247 | 0.9394 | 0.9351 | 0.9611 | 0.0273 | 0.9265 | 0.9139 | 0.9366
0761 | 00:11:18 |  10.2s | 1.0e-04 | 0.0248 | 0.9386 | 0.9366 | 0.9609 | 0.0275 | 0.9181 | 0.9268 | 0.9390
0762 | 00:11:39 |  10.2s | 1.0e-04 | 0.0246 | 0.9388 | 0.9355 | 0.9611 | 0.0270 | 0.9282 | 0.9146 | 0.9375
0763 | 00:11:59 |  10.3s | 1.0e-04 | 0.0257 | 0.9363 | 0.9325 | 0.9570 | 0.0277 | 0.9232 | 0.9151 | 0.9340
0764 | 00:12:20 |  19.4s | 1.0e-04 | 0.0243 | 0.9401 | 0.9356 | 0.9614 | 0.0269 | 0.9218 | 0.9257 | 0.9421
0765 | 00:12:50 |  10.5s | 1.0e-04 | 0.0240 | 0.9397 | 0.9351 | 0.9614 | 0.0275 | 0.9143 | 0.9347 | 0.9439
0766 | 00:13:10 |  26.3s | 1.0e-04 | 0.0250 | 0.9373 | 0.9341 | 0.9585 | 0.0267 | 0.9227 | 0.9164 | 0.9349
0767 | 00:13:47 |  10.7s | 1.0e-04 | 0.0253 | 0.9372 | 0.9333 | 0.9581 | 0.0277 | 0.9123 | 0.9246 | 0.9343
0768 | 00:14:08 |  10.7s | 1.0e-04 | 0.0251 | 0.9377 | 0.9341 | 0.9591 | 0.0272 | 0.9197 | 0.9235 | 0.9377
0769 | 00:14:29 |  10.7s | 1.0e-04 | 0.0250 | 0.9379 | 0.9351 | 0.9598 | 0.0270 | 0.9235 | 0.9161 | 0.9355
0770 | 00:14:50 |  10.6s | 1.0e-04 | 0.0249 | 0.9379 | 0.9342 | 0.9588 | 0.0281 | 0.9216 | 0.9210 | 0.9378
0771 | 00:15:11 |  10.6s | 1.0e-04 | 0.0245 | 0.9381 | 0.9342 | 0.9595 | 0.0263 | 0.9274 | 0.9204 | 0.9414
0772 | 00:15:32 |  28.1s | 1.0e-04 | 0.0254 | 0.9384 | 0.9348 | 0.9600 | 0.0272 | 0.9283 | 0.9194 | 0.9407
0773 | 00:16:10 |  22.1s | 1.0e-04 | 0.0252 | 0.9391 | 0.9364 | 0.9612 | 0.0278 | 0.9295 | 0.9136 | 0.9382
0774 | 00:16:43 |  10.1s | 1.0e-04 | 0.0249 | 0.9390 | 0.9341 | 0.9601 | 0.0278 | 0.9279 | 0.9150 | 0.9386
0775 | 00:17:03 |  10.6s | 1.0e-04 | 0.0247 | 0.9386 | 0.9351 | 0.9611 | 0.0278 | 0.9310 | 0.9168 | 0.9429
0776 | 00:17:24 |  10.5s | 1.0e-04 | 0.0251 | 0.9369 | 0.9338 | 0.9587 | 0.0277 | 0.9323 | 0.9119 | 0.9404
0777 | 00:17:45 |  10.5s | 1.0e-04 | 0.0249 | 0.9379 | 0.9345 | 0.9596 | 0.0280 | 0.9327 | 0.9112 | 0.9411
0778 | 00:18:05 |  10.5s | 1.0e-04 | 0.0251 | 0.9385 | 0.9344 | 0.9600 | 0.0271 | 0.9252 | 0.9170 | 0.9387
0779 | 00:18:26 |  10.6s | 1.0e-04 | 0.0247 | 0.9386 | 0.9347 | 0.9604 | 0.0276 | 0.9290 | 0.9184 | 0.9410
0780 | 00:18:47 |  24.8s | 1.0e-04 | 0.0244 | 0.9395 | 0.9351 | 0.9609 | 0.0271 | 0.9147 | 0.9309 | 0.9404
0781 | 00:19:22 |  20.7s | 1.0e-04 | 0.0247 | 0.9374 | 0.9341 | 0.9586 | 0.0280 | 0.9259 | 0.9210 | 0.9413
0782 | 00:19:53 |  10.6s | 1.0e-04 | 0.0246 | 0.9373 | 0.9329 | 0.9583 | 0.0272 | 0.9149 | 0.9267 | 0.9367
0783 | 00:20:14 |  10.5s | 1.0e-04 | 0.0248 | 0.9373 | 0.9319 | 0.9578 | 0.0273 | 0.9247 | 0.9141 | 0.9350
0784 | 00:20:35 |  10.5s | 1.0e-04 | 0.0244 | 0.9386 | 0.9344 | 0.9603 | 0.0274 | 0.9375 | 0.9090 | 0.9440
0785 | 00:20:56 |  10.5s | 1.0e-04 | 0.0242 | 0.9388 | 0.9336 | 0.9599 | 0.0277 | 0.9289 | 0.9168 | 0.9420
0786 | 00:21:17 |  10.6s | 1.0e-04 | 0.0246 | 0.9370 | 0.9332 | 0.9584 | 0.0275 | 0.9238 | 0.9192 | 0.9378
0787 | 00:21:38 |  10.2s | 1.0e-04 | 0.0242 | 0.9377 | 0.9339 | 0.9594 | 0.0268 | 0.9369 | 0.9114 | 0.9441
0788 | 00:21:58 |  27.9s | 1.0e-04 | 0.0246 | 0.9382 | 0.9334 | 0.9599 | 0.0264 | 0.9296 | 0.9166 | 0.9409
0789 | 00:22:36 |  19.6s | 1.0e-04 | 0.0250 | 0.9383 | 0.9342 | 0.9599 | 0.0266 | 0.9339 | 0.9129 | 0.9425
0790 | 00:23:06 |  10.5s | 1.0e-04 | 0.0258 | 0.9371 | 0.9330 | 0.9578 | 0.0265 | 0.9295 | 0.9223 | 0.9444
0791 | 00:23:27 |  10.5s | 1.0e-04 | 0.0259 | 0.9370 | 0.9344 | 0.9581 | 0.0273 | 0.9153 | 0.9280 | 0.9411
0792 | 00:23:48 |  10.3s | 1.0e-04 | 0.0257 | 0.9365 | 0.9330 | 0.9575 | 0.0274 | 0.9253 | 0.9157 | 0.9359
0793 | 00:24:08 |  10.4s | 1.0e-04 | 0.0257 | 0.9384 | 0.9348 | 0.9604 | 0.0281 | 0.9342 | 0.9072 | 0.9387
0794 | 00:24:29 |  10.0s | 1.0e-04 | 0.0261 | 0.9371 | 0.9333 | 0.9581 | 0.0264 | 0.9214 | 0.9325 | 0.9472
0795 | 00:24:49 |  18.9s | 1.0e-04 | 0.0257 | 0.9372 | 0.9334 | 0.9581 | 0.0269 | 0.9261 | 0.9192 | 0.9403
0796 | 00:25:18 |  18.2s | 1.0e-04 | 0.0256 | 0.9377 | 0.9338 | 0.9580 | 0.0271 | 0.9330 | 0.9146 | 0.9431
0797 | 00:25:47 |  19.3s | 1.0e-04 | 0.0256 | 0.9376 | 0.9326 | 0.9575 | 0.0273 | 0.9156 | 0.9270 | 0.9402
0798 | 00:26:17 |  10.4s | 1.0e-04 | 0.0252 | 0.9377 | 0.9355 | 0.9588 | 0.0272 | 0.9251 | 0.9253 | 0.9431
0799 | 00:26:37 |  10.5s | 1.0e-04 | 0.0257 | 0.9378 | 0.9336 | 0.9585 | 0.0262 | 0.9248 | 0.9221 | 0.9397
0800 | 00:26:58 |  10.5s | 1.0e-04 | 0.0255 | 0.9381 | 0.9340 | 0.9587 | 0.0272 | 0.9218 | 0.9212 | 0.9387
0801 | 00:27:19 |  10.4s | 1.0e-04 | 0.0255 | 0.9368 | 0.9338 | 0.9578 | 0.0282 | 0.9047 | 0.9320 | 0.9361
0802 | 00:27:39 |  10.5s | 1.0e-04 | 0.0255 | 0.9374 | 0.9345 | 0.9583 | 0.0271 | 0.9378 | 0.9068 | 0.9411
0803 | 00:28:00 |  17.4s | 1.0e-04 | 0.0252 | 0.9380 | 0.9338 | 0.9592 | 0.0271 | 0.9239 | 0.9208 | 0.9396
0804 | 00:28:28 |  19.3s | 1.0e-04 | 0.0254 | 0.9366 | 0.9329 | 0.9575 | 0.0266 | 0.9288 | 0.9222 | 0.9449
0805 | 00:28:58 |  20.4s | 1.0e-04 | 0.0255 | 0.9365 | 0.9318 | 0.9562 | 0.0278 | 0.9174 | 0.9280 | 0.9399
0806 | 00:29:28 |  10.5s | 1.0e-04 | 0.0251 | 0.9365 | 0.9317 | 0.9565 | 0.0269 | 0.9306 | 0.9147 | 0.9410
0807 | 00:29:49 |  10.5s | 1.0e-04 | 0.0251 | 0.9363 | 0.9316 | 0.9568 | 0.0275 | 0.9258 | 0.9228 | 0.9425
0808 | 00:30:10 |  10.5s | 1.0e-04 | 0.0248 | 0.9375 | 0.9333 | 0.9581 | 0.0263 | 0.9326 | 0.9153 | 0.9436
0809 | 00:30:31 |  10.6s | 1.0e-04 | 0.0247 | 0.9367 | 0.9328 | 0.9577 | 0.0271 | 0.9206 | 0.9239 | 0.9394
0810 | 00:30:52 |  10.6s | 1.0e-04 | 0.0248 | 0.9377 | 0.9333 | 0.9587 | 0.0273 | 0.9170 | 0.9291 | 0.9403
0811 | 00:31:13 |  26.6s | 1.0e-04 | 0.0250 | 0.9370 | 0.9329 | 0.9580 | 0.0276 | 0.9308 | 0.9145 | 0.9410
0812 | 00:31:49 |  10.6s | 1.0e-04 | 0.0245 | 0.9375 | 0.9345 | 0.9594 | 0.0269 | 0.9351 | 0.9150 | 0.9447
0813 | 00:32:10 |  18.9s | 1.0e-04 | 0.0244 | 0.9388 | 0.9353 | 0.9610 | 0.0275 | 0.9156 | 0.9218 | 0.9355
0814 | 00:32:39 |  10.6s | 1.0e-04 | 0.0245 | 0.9405 | 0.9366 | 0.9623 | 0.0274 | 0.9182 | 0.9280 | 0.9402
0815 | 00:33:00 |  10.4s | 1.0e-04 | 0.0248 | 0.9396 | 0.9357 | 0.9610 | 0.0265 | 0.9214 | 0.9301 | 0.9466
0816 | 00:33:21 |  10.3s | 1.0e-04 | 0.0243 | 0.9398 | 0.9368 | 0.9619 | 0.0263 | 0.9195 | 0.9230 | 0.9388
0817 | 00:33:42 |  10.6s | 1.0e-04 | 0.0247 | 0.9390 | 0.9366 | 0.9614 | 0.0276 | 0.9263 | 0.9249 | 0.9439
0818 | 00:34:03 |  10.7s | 1.0e-04 | 0.0247 | 0.9393 | 0.9361 | 0.9614 | 0.0275 | 0.9342 | 0.9079 | 0.9401
0819 | 00:34:23 |  27.3s | 1.0e-04 | 0.0239 | 0.9393 | 0.9355 | 0.9613 | 0.0278 | 0.9166 | 0.9326 | 0.9446
0820 | 00:35:01 |  20.6s | 1.0e-04 | 0.0240 | 0.9402 | 0.9355 | 0.9625 | 0.0275 | 0.9301 | 0.9115 | 0.9377
0821 | 00:35:32 |  10.5s | 1.0e-04 | 0.0236 | 0.9403 | 0.9364 | 0.9613 | 0.0277 | 0.9302 | 0.9179 | 0.9441
0822 | 00:35:53 |  10.4s | 1.0e-04 | 0.0236 | 0.9398 | 0.9358 | 0.9624 | 0.0287 | 0.9305 | 0.9063 | 0.9348
0823 | 00:36:13 |  10.2s | 1.0e-04 | 0.0231 | 0.9406 | 0.9371 | 0.9636 | 0.0272 | 0.9337 | 0.9108 | 0.9404
0824 | 00:36:34 |  10.4s | 1.0e-04 | 0.0239 | 0.9394 | 0.9364 | 0.9617 | 0.0279 | 0.9234 | 0.9211 | 0.9406
0825 | 00:36:54 |  10.4s | 1.0e-04 | 0.0235 | 0.9393 | 0.9350 | 0.9608 | 0.0283 | 0.9182 | 0.9293 | 0.9422
0826 | 00:37:15 |  10.5s | 1.0e-04 | 0.0235 | 0.9405 | 0.9380 | 0.9628 | 0.0273 | 0.9246 | 0.9147 | 0.9362
0827 | 00:37:36 |  27.3s | 1.0e-04 | 0.0234 | 0.9416 | 0.9380 | 0.9640 | 0.0278 | 0.9369 | 0.9090 | 0.9429
0828 | 00:38:13 |  19.7s | 1.0e-04 | 0.0234 | 0.9416 | 0.9391 | 0.9653 | 0.0274 | 0.9215 | 0.9213 | 0.9374
0829 | 00:38:43 |  10.6s | 1.0e-04 | 0.0245 | 0.9402 | 0.9376 | 0.9619 | 0.0268 | 0.9225 | 0.9258 | 0.9448
0830 | 00:39:04 |  10.5s | 1.0e-04 | 0.0244 | 0.9399 | 0.9366 | 0.9625 | 0.0278 | 0.9325 | 0.9066 | 0.9365
0831 | 00:39:25 |  10.5s | 1.0e-04 | 0.0244 | 0.9395 | 0.9367 | 0.9621 | 0.0271 | 0.9257 | 0.9181 | 0.9403
0832 | 00:39:46 |  10.5s | 1.0e-04 | 0.0239 | 0.9408 | 0.9381 | 0.9643 | 0.0265 | 0.9258 | 0.9221 | 0.9428
0833 | 00:40:07 |  10.6s | 1.0e-04 | 0.0241 | 0.9411 | 0.9382 | 0.9637 | 0.0267 | 0.9233 | 0.9240 | 0.9442
0834 | 00:40:27 |  18.7s | 1.0e-04 | 0.0241 | 0.9406 | 0.9389 | 0.9633 | 0.0278 | 0.9249 | 0.9175 | 0.9393
0835 | 00:40:56 |  17.8s | 1.0e-04 | 0.0244 | 0.9401 | 0.9376 | 0.9624 | 0.0264 | 0.9354 | 0.9151 | 0.9441
0836 | 00:41:24 |  22.4s | 1.0e-04 | 0.0246 | 0.9397 | 0.9371 | 0.9618 | 0.0270 | 0.9268 | 0.9156 | 0.9395
0837 | 00:41:57 |  10.6s | 1.0e-04 | 0.0242 | 0.9401 | 0.9371 | 0.9634 | 0.0270 | 0.9259 | 0.9200 | 0.9401
0838 | 00:42:18 |  10.5s | 1.0e-04 | 0.0241 | 0.9406 | 0.9373 | 0.9632 | 0.0272 | 0.9337 | 0.9200 | 0.9464
0839 | 00:42:39 |  10.5s | 1.0e-04 | 0.0245 | 0.9389 | 0.9357 | 0.9610 | 0.0275 | 0.9299 | 0.9150 | 0.9413
0840 | 00:43:00 |  10.4s | 1.0e-04 | 0.0245 | 0.9389 | 0.9360 | 0.9613 | 0.0272 | 0.9218 | 0.9259 | 0.9420
0841 | 00:43:20 |  10.5s | 1.0e-04 | 0.0250 | 0.9388 | 0.9364 | 0.9605 | 0.0275 | 0.9339 | 0.9114 | 0.9416
0842 | 00:43:41 |  18.9s | 1.0e-04 | 0.0243 | 0.9394 | 0.9369 | 0.9606 | 0.0269 | 0.9195 | 0.9222 | 0.9374
0843 | 00:44:10 |  18.7s | 1.0e-04 | 0.0255 | 0.9374 | 0.9351 | 0.9592 | 0.0272 | 0.9254 | 0.9236 | 0.9429
0844 | 00:44:39 |  20.5s | 1.0e-04 | 0.0238 | 0.9418 | 0.9394 | 0.9643 | 0.0276 | 0.9228 | 0.9134 | 0.9325
0845 | 00:45:10 |  10.4s | 1.0e-04 | 0.0233 | 0.9420 | 0.9378 | 0.9642 | 0.0288 | 0.9297 | 0.9106 | 0.9366
0846 | 00:45:31 |  10.3s | 1.0e-04 | 0.0231 | 0.9412 | 0.9389 | 0.9643 | 0.0275 | 0.9325 | 0.9110 | 0.9394
0847 | 00:45:51 |  10.3s | 1.0e-04 | 0.0239 | 0.9410 | 0.9378 | 0.9637 | 0.0291 | 0.9294 | 0.9063 | 0.9339
0848 | 00:46:12 |  10.4s | 1.0e-04 | 0.0234 | 0.9417 | 0.9389 | 0.9647 | 0.0288 | 0.9371 | 0.8943 | 0.9336
0849 | 00:46:32 |  10.4s | 1.0e-04 | 0.0235 | 0.9414 | 0.9375 | 0.9631 | 0.0272 | 0.9298 | 0.9168 | 0.9410
0850 | 00:46:53 |  18.3s | 1.0e-04 | 0.0233 | 0.9417 | 0.9394 | 0.9641 | 0.0277 | 0.9221 | 0.9191 | 0.9364
0851 | 00:47:22 |  10.3s | 1.0e-04 | 0.0237 | 0.9405 | 0.9362 | 0.9628 | 0.0271 | 0.9256 | 0.9228 | 0.9411
0852 | 00:47:42 |  19.0s | 1.0e-04 | 0.0241 | 0.9374 | 0.9341 | 0.9595 | 0.0280 | 0.9258 | 0.9173 | 0.9389
0853 | 00:48:11 |  10.6s | 1.0e-04 | 0.0243 | 0.9387 | 0.9333 | 0.9599 | 0.0267 | 0.9255 | 0.9235 | 0.9429
0854 | 00:48:32 |  10.5s | 1.0e-04 | 0.0245 | 0.9379 | 0.9333 | 0.9589 | 0.0264 | 0.9301 | 0.9150 | 0.9393
0855 | 00:48:53 |  10.6s | 1.0e-04 | 0.0242 | 0.9375 | 0.9335 | 0.9591 | 0.0273 | 0.9305 | 0.9200 | 0.9446
0856 | 00:49:14 |  10.6s | 1.0e-04 | 0.0239 | 0.9399 | 0.9347 | 0.9614 | 0.0270 | 0.9274 | 0.9196 | 0.9416
0857 | 00:49:35 |  10.6s | 1.0e-04 | 0.0240 | 0.9387 | 0.9335 | 0.9589 | 0.0277 | 0.9150 | 0.9275 | 0.9370
0858 | 00:49:56 |  28.9s | 1.0e-04 | 0.0240 | 0.9384 | 0.9350 | 0.9608 | 0.0274 | 0.9354 | 0.9113 | 0.9427
0859 | 00:50:35 |  20.7s | 1.0e-04 | 0.0234 | 0.9412 | 0.9368 | 0.9635 | 0.0270 | 0.9277 | 0.9191 | 0.9423
0860 | 00:51:06 |  10.3s | 1.0e-04 | 0.0247 | 0.9395 | 0.9363 | 0.9617 | 0.0267 | 0.9140 | 0.9294 | 0.9385
0861 | 00:51:26 |  10.3s | 1.0e-04 | 0.0244 | 0.9396 | 0.9368 | 0.9622 | 0.0274 | 0.9256 | 0.9216 | 0.9410
0862 | 00:51:47 |  10.3s | 1.0e-04 | 0.0245 | 0.9401 | 0.9367 | 0.9622 | 0.0276 | 0.9227 | 0.9241 | 0.9418
0863 | 00:52:07 |  10.3s | 1.0e-04 | 0.0242 | 0.9407 | 0.9373 | 0.9631 | 0.0279 | 0.9121 | 0.9297 | 0.9387
0864 | 00:52:28 |  10.3s | 1.0e-04 | 0.0244 | 0.9400 | 0.9372 | 0.9622 | 0.0274 | 0.9208 | 0.9247 | 0.9399
0865 | 00:52:48 |  10.3s | 1.0e-04 | 0.0246 | 0.9401 | 0.9373 | 0.9618 | 0.0279 | 0.9280 | 0.9184 | 0.9411
0866 | 00:53:09 |  25.5s | 1.0e-04 | 0.0247 | 0.9397 | 0.9371 | 0.9631 | 0.0281 | 0.9183 | 0.9295 | 0.9417
0867 | 00:53:44 |  19.2s | 1.0e-04 | 0.0252 | 0.9389 | 0.9374 | 0.9617 | 0.0272 | 0.9240 | 0.9241 | 0.9420
0868 | 00:54:14 |  10.3s | 1.0e-04 | 0.0251 | 0.9392 | 0.9379 | 0.9614 | 0.0274 | 0.9263 | 0.9190 | 0.9404
0869 | 00:54:35 |  10.3s | 1.0e-04 | 0.0251 | 0.9400 | 0.9379 | 0.9622 | 0.0265 | 0.9204 | 0.9291 | 0.9425
0870 | 00:54:55 |   9.9s | 1.0e-04 | 0.0251 | 0.9394 | 0.9374 | 0.9620 | 0.0259 | 0.9279 | 0.9239 | 0.9462
0871 | 00:55:15 |  10.4s | 1.0e-04 | 0.0253 | 0.9398 | 0.9365 | 0.9611 | 0.0267 | 0.9233 | 0.9253 | 0.9442
0872 | 00:55:36 |  10.2s | 1.0e-04 | 0.0248 | 0.9387 | 0.9366 | 0.9608 | 0.0261 | 0.9255 | 0.9234 | 0.9431
0873 | 00:55:56 |  19.0s | 1.0e-04 | 0.0253 | 0.9403 | 0.9368 | 0.9624 | 0.0272 | 0.9211 | 0.9262 | 0.9420
0874 | 00:56:25 |  18.7s | 1.0e-04 | 0.0248 | 0.9402 | 0.9369 | 0.9618 | 0.0273 | 0.9335 | 0.9195 | 0.9478
0875 | 00:56:54 |  20.4s | 1.0e-04 | 0.0244 | 0.9400 | 0.9371 | 0.9626 | 0.0270 | 0.9150 | 0.9240 | 0.9347
0876 | 00:57:25 |  10.6s | 1.0e-04 | 0.0241 | 0.9414 | 0.9379 | 0.9635 | 0.0272 | 0.9283 | 0.9214 | 0.9446
0877 | 00:57:46 |  10.6s | 1.0e-04 | 0.0239 | 0.9418 | 0.9387 | 0.9646 | 0.0270 | 0.9340 | 0.9155 | 0.9439
0878 | 00:58:07 |  10.6s | 1.0e-04 | 0.0244 | 0.9408 | 0.9376 | 0.9630 | 0.0263 | 0.9285 | 0.9270 | 0.9486
0879 | 00:58:27 |  10.6s | 1.0e-04 | 0.0244 | 0.9410 | 0.9377 | 0.9631 | 0.0267 | 0.9297 | 0.9194 | 0.9436
0880 | 00:58:48 |  10.6s | 1.0e-04 | 0.0239 | 0.9417 | 0.9387 | 0.9648 | 0.0280 | 0.9311 | 0.9136 | 0.9405
0881 | 00:59:09 |  18.7s | 1.0e-04 | 0.0240 | 0.9406 | 0.9389 | 0.9636 | 0.0277 | 0.9236 | 0.9276 | 0.9443
0882 | 00:59:38 |  19.3s | 1.0e-04 | 0.0238 | 0.9406 | 0.9363 | 0.9625 | 0.0272 | 0.9314 | 0.9159 | 0.9423
0883 | 01:00:07 |  19.1s | 1.0e-04 | 0.0232 | 0.9397 | 0.9359 | 0.9622 | 0.0268 | 0.9270 | 0.9238 | 0.9438
0884 | 01:00:37 |  10.8s | 1.0e-04 | 0.0235 | 0.9382 | 0.9334 | 0.9593 | 0.0270 | 0.9154 | 0.9286 | 0.9407
0885 | 01:00:58 |  10.7s | 1.0e-04 | 0.0232 | 0.9394 | 0.9353 | 0.9611 | 0.0271 | 0.9310 | 0.9173 | 0.9435
0886 | 01:01:19 |  10.6s | 1.0e-04 | 0.0235 | 0.9382 | 0.9342 | 0.9596 | 0.0272 | 0.9248 | 0.9267 | 0.9448
0887 | 01:01:39 |  10.7s | 1.0e-04 | 0.0235 | 0.9387 | 0.9335 | 0.9602 | 0.0268 | 0.9290 | 0.9235 | 0.9457
0888 | 01:02:00 |  10.6s | 1.0e-04 | 0.0235 | 0.9379 | 0.9334 | 0.9593 | 0.0266 | 0.9333 | 0.9116 | 0.9423
0889 | 01:02:21 |  19.8s | 1.0e-04 | 0.0234 | 0.9390 | 0.9345 | 0.9609 | 0.0267 | 0.9304 | 0.9155 | 0.9418
0890 | 01:02:51 |  17.6s | 1.0e-04 | 0.0231 | 0.9398 | 0.9341 | 0.9609 | 0.0275 | 0.9247 | 0.9201 | 0.9405
0891 | 01:03:19 |  19.3s | 1.0e-04 | 0.0238 | 0.9397 | 0.9346 | 0.9619 | 0.0273 | 0.9365 | 0.9089 | 0.9418
0892 | 01:03:48 |  10.6s | 1.0e-04 | 0.0234 | 0.9402 | 0.9362 | 0.9617 | 0.0269 | 0.9211 | 0.9283 | 0.9432
0893 | 01:04:09 |  10.6s | 1.0e-04 | 0.0236 | 0.9389 | 0.9349 | 0.9603 | 0.0269 | 0.9237 | 0.9268 | 0.9441
0894 | 01:04:30 |  10.6s | 1.0e-04 | 0.0236 | 0.9397 | 0.9361 | 0.9618 | 0.0278 | 0.9297 | 0.9202 | 0.9440
0895 | 01:04:51 |  10.4s | 1.0e-04 | 0.0235 | 0.9400 | 0.9361 | 0.9622 | 0.0271 | 0.9222 | 0.9206 | 0.9386
0896 | 01:05:12 |  10.6s | 1.0e-04 | 0.0233 | 0.9399 | 0.9366 | 0.9620 | 0.0278 | 0.9179 | 0.9264 | 0.9407
0897 | 01:05:32 |  27.8s | 1.0e-04 | 0.0239 | 0.9403 | 0.9363 | 0.9621 | 0.0267 | 0.9212 | 0.9293 | 0.9435
0898 | 01:06:10 |  19.3s | 1.0e-04 | 0.0249 | 0.9395 | 0.9378 | 0.9622 | 0.0274 | 0.9240 | 0.9211 | 0.9388
0899 | 01:06:40 |  10.4s | 1.0e-04 | 0.0247 | 0.9405 | 0.9395 | 0.9637 | 0.0270 | 0.9248 | 0.9222 | 0.9413
0900 | 01:07:01 |  10.3s | 1.0e-04 | 0.0244 | 0.9405 | 0.9380 | 0.9636 | 0.0260 | 0.9279 | 0.9204 | 0.9421
0901 | 01:07:21 |  10.4s | 1.0e-04 | 0.0250 | 0.9396 | 0.9370 | 0.9620 | 0.0272 | 0.9299 | 0.9162 | 0.9418
0902 | 01:07:42 |  10.4s | 1.0e-04 | 0.0247 | 0.9414 | 0.9385 | 0.9639 | 0.0270 | 0.9224 | 0.9260 | 0.9410
0903 | 01:08:02 |  10.3s | 1.0e-04 | 0.0243 | 0.9410 | 0.9396 | 0.9647 | 0.0268 | 0.9287 | 0.9241 | 0.9454
0904 | 01:08:23 |  10.3s | 1.0e-04 | 0.0246 | 0.9417 | 0.9380 | 0.9637 | 0.0269 | 0.9229 | 0.9230 | 0.9403
0905 | 01:08:43 |  26.0s | 1.0e-04 | 0.0244 | 0.9405 | 0.9380 | 0.9632 | 0.0273 | 0.9277 | 0.9181 | 0.9410
0906 | 01:09:19 |  20.1s | 1.0e-04 | 0.0245 | 0.9405 | 0.9365 | 0.9623 | 0.0273 | 0.9265 | 0.9257 | 0.9448
0907 | 01:09:50 |  10.5s | 1.0e-04 | 0.0246 | 0.9400 | 0.9368 | 0.9619 | 0.0268 | 0.9257 | 0.9246 | 0.9438
0908 | 01:10:11 |  10.5s | 1.0e-04 | 0.0244 | 0.9394 | 0.9373 | 0.9613 | 0.0271 | 0.9352 | 0.9128 | 0.9432
0909 | 01:10:31 |  10.5s | 1.0e-04 | 0.0243 | 0.9397 | 0.9355 | 0.9620 | 0.0269 | 0.9237 | 0.9250 | 0.9422
0910 | 01:10:52 |  10.5s | 1.0e-04 | 0.0245 | 0.9401 | 0.9370 | 0.9621 | 0.0260 | 0.9274 | 0.9233 | 0.9438
0911 | 01:11:13 |  10.3s | 1.0e-04 | 0.0244 | 0.9401 | 0.9360 | 0.9616 | 0.0278 | 0.9329 | 0.9063 | 0.9363
0912 | 01:11:33 |  10.6s | 1.0e-04 | 0.0247 | 0.9391 | 0.9355 | 0.9607 | 0.0273 | 0.9161 | 0.9294 | 0.9415
0913 | 01:11:54 |  27.6s | 1.0e-04 | 0.0243 | 0.9407 | 0.9380 | 0.9635 | 0.0264 | 0.9282 | 0.9221 | 0.9439
0914 | 01:12:32 |  19.4s | 1.0e-04 | 0.0238 | 0.9409 | 0.9380 | 0.9634 | 0.0265 | 0.9321 | 0.9144 | 0.9426
0915 | 01:13:01 |  10.6s | 1.0e-04 | 0.0241 | 0.9402 | 0.9387 | 0.9634 | 0.0268 | 0.9263 | 0.9255 | 0.9447
0916 | 01:13:22 |  10.6s | 1.0e-04 | 0.0238 | 0.9402 | 0.9379 | 0.9629 | 0.0273 | 0.9218 | 0.9288 | 0.9441
0917 | 01:13:43 |  10.6s | 1.0e-04 | 0.0240 | 0.9407 | 0.9370 | 0.9631 | 0.0264 | 0.9253 | 0.9196 | 0.9394
0918 | 01:14:04 |  10.5s | 1.0e-04 | 0.0236 | 0.9410 | 0.9385 | 0.9639 | 0.0270 | 0.9207 | 0.9257 | 0.9422
0919 | 01:14:25 |  10.5s | 1.0e-04 | 0.0246 | 0.9397 | 0.9367 | 0.9620 | 0.0276 | 0.9189 | 0.9256 | 0.9384
0920 | 01:14:45 |  19.0s | 1.0e-04 | 0.0239 | 0.9415 | 0.9385 | 0.9643 | 0.0278 | 0.9233 | 0.9205 | 0.9384
0921 | 01:15:15 |  18.5s | 1.0e-04 | 0.0241 | 0.9412 | 0.9370 | 0.9634 | 0.0266 | 0.9274 | 0.9240 | 0.9449
0922 | 01:15:43 |  19.2s | 1.0e-04 | 0.0243 | 0.9414 | 0.9401 | 0.9643 | 0.0269 | 0.9174 | 0.9313 | 0.9401
0923 | 01:16:13 |  10.3s | 1.0e-04 | 0.0245 | 0.9420 | 0.9400 | 0.9656 | 0.0260 | 0.9270 | 0.9232 | 0.9448
0924 | 01:16:33 |  10.3s | 1.0e-04 | 0.0242 | 0.9425 | 0.9390 | 0.9657 | 0.0268 | 0.9298 | 0.9163 | 0.9413
0925 | 01:16:54 |  10.3s | 1.0e-04 | 0.0244 | 0.9415 | 0.9400 | 0.9652 | 0.0279 | 0.9196 | 0.9257 | 0.9415
0926 | 01:17:14 |  10.3s | 1.0e-04 | 0.0247 | 0.9415 | 0.9385 | 0.9644 | 0.0272 | 0.9229 | 0.9234 | 0.9412
0927 | 01:17:34 |  10.3s | 1.0e-04 | 0.0244 | 0.9412 | 0.9385 | 0.9639 | 0.0267 | 0.9184 | 0.9239 | 0.9392
0928 | 01:17:55 |  18.5s | 1.0e-04 | 0.0247 | 0.9413 | 0.9388 | 0.9639 | 0.0265 | 0.9275 | 0.9220 | 0.9429
0929 | 01:18:24 |  19.3s | 1.0e-04 | 0.0230 | 0.9434 | 0.9407 | 0.9663 | 0.0276 | 0.9248 | 0.9173 | 0.9392
0930 | 01:18:53 |  19.4s | 1.0e-04 | 0.0226 | 0.9426 | 0.9397 | 0.9663 | 0.0271 | 0.9267 | 0.9203 | 0.9418
0931 | 01:19:23 |  10.2s | 1.0e-04 | 0.0227 | 0.9425 | 0.9394 | 0.9658 | 0.0276 | 0.9239 | 0.9234 | 0.9401
0932 | 01:19:43 |  10.3s | 1.0e-04 | 0.0234 | 0.9417 | 0.9378 | 0.9647 | 0.0268 | 0.9296 | 0.9133 | 0.9402
0933 | 01:20:03 |  10.2s | 1.0e-04 | 0.0230 | 0.9434 | 0.9384 | 0.9654 | 0.0275 | 0.9140 | 0.9319 | 0.9417
0934 | 01:20:24 |  10.3s | 1.0e-04 | 0.0230 | 0.9433 | 0.9403 | 0.9661 | 0.0270 | 0.9237 | 0.9223 | 0.9420
0935 | 01:20:44 |  10.2s | 1.0e-04 | 0.0235 | 0.9414 | 0.9386 | 0.9642 | 0.0269 | 0.9148 | 0.9327 | 0.9418
0936 | 01:21:05 |  26.8s | 1.0e-04 | 0.0236 | 0.9416 | 0.9373 | 0.9635 | 0.0277 | 0.9239 | 0.9181 | 0.9386
0937 | 01:21:42 |  10.5s | 1.0e-04 | 0.0240 | 0.9402 | 0.9351 | 0.9617 | 0.0269 | 0.9282 | 0.9232 | 0.9455
0938 | 01:22:02 |  19.2s | 1.0e-04 | 0.0237 | 0.9397 | 0.9358 | 0.9616 | 0.0271 | 0.9157 | 0.9276 | 0.9397
0939 | 01:22:32 |  10.8s | 1.0e-04 | 0.0238 | 0.9397 | 0.9342 | 0.9606 | 0.0277 | 0.9236 | 0.9269 | 0.9431
0940 | 01:22:53 |  10.8s | 1.0e-04 | 0.0237 | 0.9389 | 0.9359 | 0.9608 | 0.0275 | 0.9245 | 0.9266 | 0.9438
0941 | 01:23:14 |  10.6s | 1.0e-04 | 0.0240 | 0.9395 | 0.9355 | 0.9614 | 0.0271 | 0.9263 | 0.9229 | 0.9429
0942 | 01:23:34 |  10.6s | 1.0e-04 | 0.0240 | 0.9387 | 0.9349 | 0.9597 | 0.0263 | 0.9238 | 0.9241 | 0.9439
0943 | 01:23:55 |  10.7s | 1.0e-04 | 0.0244 | 0.9382 | 0.9334 | 0.9584 | 0.0269 | 0.9256 | 0.9279 | 0.9462
0944 | 01:24:16 |  27.7s | 1.0e-04 | 0.0239 | 0.9391 | 0.9345 | 0.9606 | 0.0266 | 0.9272 | 0.9133 | 0.9382
0945 | 01:24:54 |  19.3s | 1.0e-04 | 0.0239 | 0.9389 | 0.9350 | 0.9608 | 0.0265 | 0.9248 | 0.9236 | 0.9419
0946 | 01:25:24 |  10.4s | 1.0e-04 | 0.0246 | 0.9379 | 0.9349 | 0.9601 | 0.0268 | 0.9254 | 0.9254 | 0.9446
0947 | 01:25:44 |  10.2s | 1.0e-04 | 0.0245 | 0.9389 | 0.9351 | 0.9601 | 0.0264 | 0.9355 | 0.9103 | 0.9422
0948 | 01:26:05 |  10.3s | 1.0e-04 | 0.0244 | 0.9386 | 0.9350 | 0.9601 | 0.0270 | 0.9199 | 0.9282 | 0.9414
0949 | 01:26:25 |  10.2s | 1.0e-04 | 0.0243 | 0.9393 | 0.9367 | 0.9610 | 0.0258 | 0.9303 | 0.9166 | 0.9427
0950 | 01:26:46 |  10.2s | 1.0e-04 | 0.0243 | 0.9393 | 0.9361 | 0.9613 | 0.0264 | 0.9309 | 0.9197 | 0.9438
0951 | 01:27:06 |  10.1s | 1.0e-04 | 0.0241 | 0.9395 | 0.9355 | 0.9607 | 0.0268 | 0.9208 | 0.9283 | 0.9421
0952 | 01:27:26 |  25.8s | 1.0e-04 | 0.0241 | 0.9403 | 0.9372 | 0.9630 | 0.0270 | 0.9249 | 0.9264 | 0.9445
0953 | 01:28:02 |  18.9s | 1.0e-04 | 0.0240 | 0.9414 | 0.9377 | 0.9633 | 0.0270 | 0.9321 | 0.9152 | 0.9438
0954 | 01:28:31 |  10.4s | 1.0e-04 | 0.0233 | 0.9419 | 0.9376 | 0.9639 | 0.0259 | 0.9209 | 0.9265 | 0.9431
0955 | 01:28:52 |  10.3s | 1.0e-04 | 0.0233 | 0.9415 | 0.9383 | 0.9640 | 0.0273 | 0.9312 | 0.9193 | 0.9446
0956 | 01:29:12 |  10.4s | 1.0e-04 | 0.0233 | 0.9420 | 0.9379 | 0.9642 | 0.0270 | 0.9286 | 0.9213 | 0.9434
0957 | 01:29:33 |  10.4s | 1.0e-04 | 0.0233 | 0.9422 | 0.9368 | 0.9647 | 0.0270 | 0.9245 | 0.9171 | 0.9384
0958 | 01:29:53 |  10.3s | 1.0e-04 | 0.0231 | 0.9419 | 0.9388 | 0.9649 | 0.0264 | 0.9259 | 0.9177 | 0.9399
0959 | 01:30:14 |  18.4s | 1.0e-04 | 0.0231 | 0.9421 | 0.9378 | 0.9647 | 0.0267 | 0.9177 | 0.9319 | 0.9434
0960 | 01:30:42 |  19.3s | 1.0e-04 | 0.0231 | 0.9404 | 0.9375 | 0.9628 | 0.0270 | 0.9196 | 0.9249 | 0.9384
0961 | 01:31:12 |  20.9s | 1.0e-04 | 0.0234 | 0.9402 | 0.9363 | 0.9627 | 0.0265 | 0.9234 | 0.9268 | 0.9440
0962 | 01:31:43 |  10.3s | 1.0e-04 | 0.0239 | 0.9402 | 0.9364 | 0.9626 | 0.0272 | 0.9199 | 0.9282 | 0.9406
0963 | 01:32:03 |  10.4s | 1.0e-04 | 0.0236 | 0.9395 | 0.9369 | 0.9617 | 0.0263 | 0.9356 | 0.9122 | 0.9453
0964 | 01:32:24 |  10.3s | 1.0e-04 | 0.0240 | 0.9409 | 0.9366 | 0.9624 | 0.0265 | 0.9184 | 0.9300 | 0.9422
0965 | 01:32:44 |  10.2s | 1.0e-04 | 0.0237 | 0.9397 | 0.9364 | 0.9622 | 0.0260 | 0.9301 | 0.9225 | 0.9465
0966 | 01:33:05 |  10.4s | 1.0e-04 | 0.0241 | 0.9407 | 0.9360 | 0.9618 | 0.0263 | 0.9144 | 0.9365 | 0.9425
0967 | 01:33:25 |  18.5s | 1.0e-04 | 0.0237 | 0.9398 | 0.9376 | 0.9624 | 0.0270 | 0.9259 | 0.9257 | 0.9459
0968 | 01:33:54 |  19.0s | 1.0e-04 | 0.0240 | 0.9409 | 0.9382 | 0.9635 | 0.0265 | 0.9206 | 0.9226 | 0.9396
0969 | 01:34:23 |  20.8s | 1.0e-04 | 0.0230 | 0.9425 | 0.9396 | 0.9662 | 0.0271 | 0.9262 | 0.9205 | 0.9415
0970 | 01:34:54 |  10.5s | 1.0e-04 | 0.0232 | 0.9414 | 0.9378 | 0.9636 | 0.0281 | 0.9302 | 0.9125 | 0.9389
0971 | 01:35:15 |  10.3s | 1.0e-04 | 0.0233 | 0.9409 | 0.9376 | 0.9630 | 0.0273 | 0.9146 | 0.9349 | 0.9425
0972 | 01:35:35 |  10.4s | 1.0e-04 | 0.0237 | 0.9401 | 0.9362 | 0.9627 | 0.0276 | 0.9151 | 0.9269 | 0.9389
0973 | 01:35:56 |  10.4s | 1.0e-04 | 0.0231 | 0.9423 | 0.9390 | 0.9655 | 0.0276 | 0.9218 | 0.9234 | 0.9408
0974 | 01:36:17 |  10.4s | 1.0e-04 | 0.0230 | 0.9418 | 0.9390 | 0.9646 | 0.0270 | 0.9242 | 0.9252 | 0.9417
0975 | 01:36:37 |  18.8s | 1.0e-04 | 0.0235 | 0.9403 | 0.9360 | 0.9631 | 0.0272 | 0.9242 | 0.9264 | 0.9434
0976 | 01:37:06 |  10.6s | 1.0e-04 | 0.0233 | 0.9395 | 0.9347 | 0.9613 | 0.0278 | 0.9164 | 0.9267 | 0.9403
0977 | 01:37:27 |  19.1s | 1.0e-04 | 0.0242 | 0.9392 | 0.9359 | 0.9612 | 0.0270 | 0.9322 | 0.9223 | 0.9478
0978 | 01:37:56 |  10.6s | 1.0e-04 | 0.0249 | 0.9390 | 0.9352 | 0.9609 | 0.0257 | 0.9299 | 0.9229 | 0.9440
0979 | 01:38:17 |  10.6s | 1.0e-04 | 0.0239 | 0.9400 | 0.9379 | 0.9628 | 0.0269 | 0.9182 | 0.9318 | 0.9428
0980 | 01:38:38 |  10.7s | 1.0e-04 | 0.0240 | 0.9389 | 0.9358 | 0.9607 | 0.0260 | 0.9284 | 0.9241 | 0.9452
0981 | 01:38:59 |  10.7s | 1.0e-04 | 0.0245 | 0.9396 | 0.9374 | 0.9617 | 0.0267 | 0.9330 | 0.9183 | 0.9449
0982 | 01:39:19 |  10.3s | 1.0e-04 | 0.0242 | 0.9396 | 0.9355 | 0.9615 | 0.0256 | 0.9247 | 0.9311 | 0.9470
0983 | 01:39:40 |  26.5s | 1.0e-04 | 0.0240 | 0.9397 | 0.9363 | 0.9625 | 0.0262 | 0.9252 | 0.9212 | 0.9419
0984 | 01:40:17 |  19.5s | 1.0e-04 | 0.0240 | 0.9419 | 0.9387 | 0.9644 | 0.0277 | 0.9275 | 0.9153 | 0.9397
0985 | 01:40:46 |  10.4s | 1.0e-04 | 0.0236 | 0.9410 | 0.9379 | 0.9637 | 0.0270 | 0.9327 | 0.9155 | 0.9443
0986 | 01:41:07 |  10.4s | 1.0e-04 | 0.0240 | 0.9410 | 0.9379 | 0.9644 | 0.0258 | 0.9346 | 0.9184 | 0.9468
0987 | 01:41:27 |  10.3s | 1.0e-04 | 0.0241 | 0.9411 | 0.9391 | 0.9639 | 0.0267 | 0.9250 | 0.9233 | 0.9428
0988 | 01:41:48 |  10.3s | 1.0e-04 | 0.0241 | 0.9395 | 0.9373 | 0.9627 | 0.0272 | 0.9262 | 0.9231 | 0.9430
0989 | 01:42:08 |  10.2s | 1.0e-04 | 0.0237 | 0.9410 | 0.9381 | 0.9631 | 0.0260 | 0.9337 | 0.9141 | 0.9443
0990 | 01:42:29 |   9.9s | 1.0e-04 | 0.0240 | 0.9412 | 0.9382 | 0.9639 | 0.0273 | 0.9346 | 0.9163 | 0.9458
0991 | 01:42:49 |  25.8s | 1.0e-04 | 0.0240 | 0.9412 | 0.9373 | 0.9637 | 0.0267 | 0.9215 | 0.9266 | 0.9413
0992 | 01:43:25 |  18.0s | 1.0e-04 | 0.0234 | 0.9430 | 0.9380 | 0.9657 | 0.0270 | 0.9296 | 0.9131 | 0.9402
0993 | 01:43:53 |  10.1s | 1.0e-04 | 0.0237 | 0.9414 | 0.9386 | 0.9636 | 0.0266 | 0.9276 | 0.9254 | 0.9447
0994 | 01:44:13 |  10.1s | 1.0e-04 | 0.0235 | 0.9424 | 0.9385 | 0.9649 | 0.0267 | 0.9269 | 0.9248 | 0.9449
0995 | 01:44:33 |  10.0s | 1.0e-04 | 0.0234 | 0.9416 | 0.9403 | 0.9648 | 0.0269 | 0.9246 | 0.9229 | 0.9414
0996 | 01:44:53 |  10.0s | 1.0e-04 | 0.0234 | 0.9419 | 0.9392 | 0.9647 | 0.0263 | 0.9286 | 0.9225 | 0.9460
0997 | 01:45:14 |  10.1s | 1.0e-04 | 0.0234 | 0.9422 | 0.9382 | 0.9643 | 0.0267 | 0.9318 | 0.9209 | 0.9474
0998 | 01:45:34 |  18.4s | 1.0e-04 | 0.0237 | 0.9423 | 0.9389 | 0.9654 | 0.0265 | 0.9304 | 0.9216 | 0.9443
0999 | 01:46:02 |  19.1s | 1.0e-04 | 0.0242 | 0.9424 | 0.9412 | 0.9655 | 0.0268 | 0.9241 | 0.9325 | 0.9477
1000 | 01:46:32 |  20.0s | 1.0e-04 | 0.0237 | 0.9447 | 0.9424 | 0.9681 | 0.0267 | 0.9163 | 0.9325 | 0.9437
