Epoch | Time_Start | Duration | LR | T_Loss | T_Prec | T_Rec | T_P@R0.9 | V_Loss | V_Prec | V_Rec | V_P@R0.9
0001 | 14:40:20 |  27.4s | 1.0e-04 | 0.3038 | 0.3762 | 0.1081 | 0.1073 | 0.1543 | 0.6153 | 0.2663 | 0.1910
0002 | 14:41:00 |  10.0s | 1.0e-04 | 0.1420 | 0.7429 | 0.4091 | 0.2593 | 0.1147 | 0.7329 | 0.5320 | 0.3015
0003 | 14:41:20 |  10.1s | 1.0e-04 | 0.1214 | 0.7668 | 0.5461 | 0.3505 | 0.1021 | 0.7850 | 0.5994 | 0.3684
0004 | 14:41:40 |  10.2s | 1.0e-04 | 0.1318 | 0.7913 | 0.5956 | 0.3885 | 0.0966 | 0.8284 | 0.5658 | 0.3836
0005 | 14:42:00 |  10.4s | 1.0e-04 | 0.0986 | 0.8157 | 0.6159 | 0.4207 | 0.0943 | 0.8293 | 0.6228 | 0.4214
0006 | 14:42:21 |  10.4s | 1.0e-04 | 0.1006 | 0.8129 | 0.6334 | 0.4334 | 0.0908 | 0.8327 | 0.6126 | 0.4131
0007 | 14:42:42 |  10.5s | 1.0e-04 | 0.0944 | 0.8260 | 0.6429 | 0.4450 | 0.0883 | 0.8327 | 0.6106 | 0.4023
0008 | 14:43:02 |  24.0s | 1.0e-04 | 0.0925 | 0.8310 | 0.6551 | 0.4559 | 0.0884 | 0.8261 | 0.6737 | 0.4547
0009 | 14:43:36 |  10.5s | 1.0e-04 | 0.0908 | 0.8399 | 0.6719 | 0.4802 | 0.0867 | 0.8284 | 0.6634 | 0.4379
0010 | 14:43:57 |  10.0s | 1.0e-04 | 0.0875 | 0.8453 | 0.6842 | 0.4984 | 0.0843 | 0.8202 | 0.7009 | 0.4836
0011 | 14:44:17 |  10.4s | 1.0e-04 | 0.0856 | 0.8484 | 0.6925 | 0.5038 | 0.0829 | 0.8513 | 0.6664 | 0.4897
0012 | 14:44:38 |  10.3s | 1.0e-04 | 0.0834 | 0.8495 | 0.6977 | 0.5221 | 0.0787 | 0.8602 | 0.6463 | 0.4763
0013 | 14:44:58 |  10.4s | 1.0e-04 | 0.0805 | 0.8550 | 0.7149 | 0.5503 | 0.0771 | 0.8454 | 0.6904 | 0.5113
0014 | 14:45:19 |  10.4s | 1.0e-04 | 0.0786 | 0.8570 | 0.7235 | 0.5703 | 0.0756 | 0.8376 | 0.7289 | 0.5532
0015 | 14:45:39 |  10.4s | 1.0e-04 | 0.0763 | 0.8584 | 0.7340 | 0.5899 | 0.0732 | 0.8434 | 0.7300 | 0.5598
0016 | 14:46:00 |  23.1s | 1.0e-04 | 0.0737 | 0.8600 | 0.7425 | 0.6073 | 0.0729 | 0.8215 | 0.7653 | 0.5796
0017 | 14:46:33 |  10.7s | 1.0e-04 | 0.0729 | 0.8617 | 0.7486 | 0.6191 | 0.0687 | 0.8380 | 0.7476 | 0.5869
0018 | 14:46:54 |  10.7s | 1.0e-04 | 0.0696 | 0.8635 | 0.7578 | 0.6431 | 0.0678 | 0.8707 | 0.7279 | 0.6082
0019 | 14:47:15 |  10.7s | 1.0e-04 | 0.0681 | 0.8651 | 0.7632 | 0.6543 | 0.0663 | 0.8563 | 0.7697 | 0.6478
0020 | 14:47:36 |  10.6s | 1.0e-04 | 0.0663 | 0.8674 | 0.7704 | 0.6674 | 0.0666 | 0.8807 | 0.7213 | 0.6352
0021 | 14:47:56 |  10.6s | 1.0e-04 | 0.0654 | 0.8703 | 0.7771 | 0.6835 | 0.0651 | 0.8374 | 0.7863 | 0.6499
0022 | 14:48:17 |  10.7s | 1.0e-04 | 0.0636 | 0.8709 | 0.7847 | 0.6982 | 0.0631 | 0.8604 | 0.7767 | 0.6692
0023 | 14:48:38 |  10.6s | 1.0e-04 | 0.0629 | 0.8741 | 0.7886 | 0.7079 | 0.0614 | 0.8440 | 0.8019 | 0.6836
0024 | 14:48:59 |  23.5s | 1.0e-04 | 0.0631 | 0.8734 | 0.7929 | 0.7153 | 0.0604 | 0.8506 | 0.8018 | 0.6894
0025 | 14:49:32 |  10.6s | 1.0e-04 | 0.0606 | 0.8748 | 0.7971 | 0.7260 | 0.0595 | 0.8743 | 0.7810 | 0.6995
0026 | 14:49:53 |  10.6s | 1.0e-04 | 0.0592 | 0.8775 | 0.8008 | 0.7358 | 0.0573 | 0.8563 | 0.7963 | 0.6946
0027 | 14:50:14 |  10.5s | 1.0e-04 | 0.0588 | 0.8783 | 0.8074 | 0.7457 | 0.0587 | 0.8951 | 0.7558 | 0.7092
0028 | 14:50:35 |  10.6s | 1.0e-04 | 0.0582 | 0.8806 | 0.8096 | 0.7541 | 0.0578 | 0.8901 | 0.7626 | 0.7097
0029 | 14:50:55 |  10.8s | 1.0e-04 | 0.0578 | 0.8806 | 0.8136 | 0.7614 | 0.0567 | 0.8789 | 0.7923 | 0.7250
0030 | 14:51:16 |  10.5s | 1.0e-04 | 0.0564 | 0.8801 | 0.8152 | 0.7627 | 0.0553 | 0.8845 | 0.8022 | 0.7528
0031 | 14:51:37 |  10.3s | 1.0e-04 | 0.0558 | 0.8833 | 0.8206 | 0.7769 | 0.0560 | 0.8637 | 0.8202 | 0.7538
0032 | 14:51:57 |  21.8s | 1.0e-04 | 0.0565 | 0.8849 | 0.8265 | 0.7903 | 0.0553 | 0.8739 | 0.8052 | 0.7340
0033 | 14:52:29 |  10.5s | 1.0e-04 | 0.0553 | 0.8885 | 0.8305 | 0.7985 | 0.0558 | 0.8891 | 0.7980 | 0.7621
0034 | 14:52:50 |  10.4s | 1.0e-04 | 0.0557 | 0.8880 | 0.8277 | 0.7944 | 0.0549 | 0.8688 | 0.8155 | 0.7473
0035 | 14:53:10 |  10.5s | 1.0e-04 | 0.0553 | 0.8876 | 0.8314 | 0.7981 | 0.0547 | 0.8701 | 0.8268 | 0.7573
0036 | 14:53:31 |  10.5s | 1.0e-04 | 0.0541 | 0.8892 | 0.8357 | 0.8060 | 0.0535 | 0.8911 | 0.8047 | 0.7699
0037 | 14:53:51 |  10.5s | 1.0e-04 | 0.0543 | 0.8890 | 0.8344 | 0.8042 | 0.0535 | 0.8712 | 0.8322 | 0.7735
0038 | 14:54:12 |  10.4s | 1.0e-04 | 0.0538 | 0.8897 | 0.8350 | 0.8094 | 0.0527 | 0.8679 | 0.8217 | 0.7517
0039 | 14:54:33 |  10.5s | 1.0e-04 | 0.0531 | 0.8903 | 0.8394 | 0.8138 | 0.0535 | 0.8802 | 0.8133 | 0.7592
0040 | 14:54:53 |  23.3s | 1.0e-04 | 0.0529 | 0.8912 | 0.8395 | 0.8149 | 0.0521 | 0.8788 | 0.8267 | 0.7817
0041 | 14:55:27 |  10.7s | 1.0e-04 | 0.0522 | 0.8923 | 0.8434 | 0.8199 | 0.0523 | 0.8724 | 0.8369 | 0.7812
0042 | 14:55:48 |  10.5s | 1.0e-04 | 0.0523 | 0.8934 | 0.8434 | 0.8228 | 0.0512 | 0.8882 | 0.8137 | 0.7772
0043 | 14:56:08 |  10.7s | 1.0e-04 | 0.0521 | 0.8931 | 0.8438 | 0.8256 | 0.0511 | 0.8848 | 0.8235 | 0.7788
0044 | 14:56:29 |  10.5s | 1.0e-04 | 0.0514 | 0.8937 | 0.8460 | 0.8268 | 0.0515 | 0.8967 | 0.8111 | 0.7776
0045 | 14:56:50 |  10.5s | 1.0e-04 | 0.0510 | 0.8942 | 0.8466 | 0.8272 | 0.0509 | 0.8729 | 0.8393 | 0.7846
0046 | 14:57:10 |  17.5s | 1.0e-04 | 0.0505 | 0.8965 | 0.8510 | 0.8385 | 0.0507 | 0.8819 | 0.8321 | 0.7903
0047 | 14:57:38 |  22.1s | 1.0e-04 | 0.0513 | 0.8963 | 0.8513 | 0.8370 | 0.0518 | 0.8672 | 0.8494 | 0.7888
0048 | 14:58:10 |  10.5s | 1.0e-04 | 0.0505 | 0.8959 | 0.8521 | 0.8385 | 0.0500 | 0.8844 | 0.8316 | 0.7936
0049 | 14:58:31 |  10.4s | 1.0e-04 | 0.0506 | 0.8969 | 0.8517 | 0.8391 | 0.0523 | 0.9006 | 0.8022 | 0.7779
0050 | 14:58:51 |  10.3s | 1.0e-04 | 0.0502 | 0.8975 | 0.8531 | 0.8404 | 0.0501 | 0.8798 | 0.8345 | 0.7858
0051 | 14:59:12 |  10.4s | 1.0e-04 | 0.0499 | 0.8991 | 0.8552 | 0.8461 | 0.0514 | 0.8882 | 0.8180 | 0.7834
0052 | 14:59:32 |  10.4s | 1.0e-04 | 0.0493 | 0.8995 | 0.8575 | 0.8504 | 0.0505 | 0.8766 | 0.8502 | 0.8067
0053 | 14:59:53 |  10.4s | 1.0e-04 | 0.0488 | 0.9016 | 0.8570 | 0.8492 | 0.0490 | 0.8822 | 0.8303 | 0.7850
0054 | 15:00:13 |  17.6s | 1.0e-04 | 0.0487 | 0.8982 | 0.8543 | 0.8442 | 0.0490 | 0.8878 | 0.8305 | 0.7944
0055 | 15:00:41 |  21.3s | 1.0e-04 | 0.0483 | 0.8993 | 0.8567 | 0.8466 | 0.0490 | 0.8858 | 0.8426 | 0.8084
0056 | 15:01:12 |  10.2s | 1.0e-04 | 0.0488 | 0.9018 | 0.8614 | 0.8563 | 0.0490 | 0.8909 | 0.8382 | 0.8078
0057 | 15:01:33 |  10.3s | 1.0e-04 | 0.0486 | 0.9011 | 0.8588 | 0.8523 | 0.0470 | 0.8863 | 0.8541 | 0.8243
0058 | 15:01:53 |  10.2s | 1.0e-04 | 0.0483 | 0.9003 | 0.8588 | 0.8521 | 0.0479 | 0.9054 | 0.8075 | 0.8017
0059 | 15:02:13 |  10.3s | 1.0e-04 | 0.0487 | 0.9017 | 0.8605 | 0.8558 | 0.0469 | 0.9074 | 0.8065 | 0.8040
0060 | 15:02:34 |  10.3s | 1.0e-04 | 0.0482 | 0.9009 | 0.8585 | 0.8520 | 0.0482 | 0.8969 | 0.8443 | 0.8253
0061 | 15:02:54 |  18.2s | 1.0e-04 | 0.0477 | 0.9015 | 0.8631 | 0.8594 | 0.0477 | 0.8764 | 0.8587 | 0.8169
0062 | 15:03:22 |  10.3s | 1.0e-04 | 0.0474 | 0.9018 | 0.8634 | 0.8597 | 0.0473 | 0.8861 | 0.8489 | 0.8190
0063 | 15:03:43 |  21.5s | 1.0e-04 | 0.0472 | 0.9028 | 0.8639 | 0.8610 | 0.0475 | 0.9088 | 0.8267 | 0.8221
0064 | 15:04:14 |  10.3s | 1.0e-04 | 0.0466 | 0.9023 | 0.8629 | 0.8577 | 0.0464 | 0.8932 | 0.8447 | 0.8218
0065 | 15:04:35 |  10.4s | 1.0e-04 | 0.0465 | 0.9041 | 0.8628 | 0.8614 | 0.0470 | 0.8983 | 0.8484 | 0.8376
0066 | 15:04:55 |  10.4s | 1.0e-04 | 0.0464 | 0.9029 | 0.8632 | 0.8609 | 0.0467 | 0.8729 | 0.8618 | 0.8169
0067 | 15:05:16 |  10.3s | 1.0e-04 | 0.0462 | 0.9034 | 0.8647 | 0.8642 | 0.0467 | 0.8898 | 0.8551 | 0.8236
0068 | 15:05:36 |  10.3s | 1.0e-04 | 0.0464 | 0.9036 | 0.8665 | 0.8668 | 0.0457 | 0.8850 | 0.8586 | 0.8329
0069 | 15:05:57 |  17.5s | 1.0e-04 | 0.0460 | 0.9038 | 0.8634 | 0.8617 | 0.0458 | 0.8806 | 0.8569 | 0.8199
0070 | 15:06:24 |  10.3s | 1.0e-04 | 0.0460 | 0.9042 | 0.8670 | 0.8672 | 0.0468 | 0.8686 | 0.8659 | 0.8236
0071 | 15:06:45 |  23.2s | 1.0e-04 | 0.0461 | 0.9043 | 0.8666 | 0.8674 | 0.0457 | 0.8883 | 0.8448 | 0.8128
0072 | 15:07:18 |  10.3s | 1.0e-04 | 0.0462 | 0.9035 | 0.8683 | 0.8709 | 0.0462 | 0.9095 | 0.8254 | 0.8291
0073 | 15:07:38 |  10.5s | 1.0e-04 | 0.0454 | 0.9046 | 0.8667 | 0.8666 | 0.0460 | 0.8821 | 0.8601 | 0.8251
0074 | 15:07:59 |  10.3s | 1.0e-04 | 0.0460 | 0.9044 | 0.8689 | 0.8688 | 0.0449 | 0.8851 | 0.8649 | 0.8372
0075 | 15:08:20 |  10.4s | 1.0e-04 | 0.0459 | 0.9049 | 0.8694 | 0.8722 | 0.0444 | 0.9081 | 0.8408 | 0.8426
0076 | 15:08:40 |  10.4s | 1.0e-04 | 0.0455 | 0.9074 | 0.8713 | 0.8753 | 0.0459 | 0.9075 | 0.8422 | 0.8410
0077 | 15:09:00 |  17.7s | 1.0e-04 | 0.0450 | 0.9044 | 0.8653 | 0.8663 | 0.0455 | 0.8920 | 0.8499 | 0.8308
0078 | 15:09:28 |  10.5s | 1.0e-04 | 0.0449 | 0.9038 | 0.8636 | 0.8609 | 0.0443 | 0.8733 | 0.8685 | 0.8324
0079 | 15:09:49 |  20.3s | 1.0e-04 | 0.0432 | 0.9033 | 0.8629 | 0.8593 | 0.0455 | 0.8768 | 0.8677 | 0.8340
0080 | 15:10:19 |  10.3s | 1.0e-04 | 0.0427 | 0.9044 | 0.8615 | 0.8597 | 0.0447 | 0.8907 | 0.8556 | 0.8346
0081 | 15:10:40 |  10.5s | 1.0e-04 | 0.0422 | 0.9044 | 0.8639 | 0.8625 | 0.0447 | 0.9053 | 0.8344 | 0.8320
0082 | 15:11:00 |  10.4s | 1.0e-04 | 0.0425 | 0.9040 | 0.8625 | 0.8613 | 0.0445 | 0.8887 | 0.8604 | 0.8354
0083 | 15:11:21 |  10.3s | 1.0e-04 | 0.0423 | 0.9036 | 0.8638 | 0.8616 | 0.0434 | 0.8973 | 0.8537 | 0.8435
0084 | 15:11:41 |  10.4s | 1.0e-04 | 0.0424 | 0.9030 | 0.8643 | 0.8631 | 0.0437 | 0.9071 | 0.8394 | 0.8411
0085 | 15:12:02 |  18.3s | 1.0e-04 | 0.0419 | 0.9053 | 0.8647 | 0.8642 | 0.0434 | 0.8973 | 0.8538 | 0.8409
0086 | 15:12:30 |  27.6s | 1.0e-04 | 0.0422 | 0.9043 | 0.8637 | 0.8632 | 0.0447 | 0.9062 | 0.8448 | 0.8442
0087 | 15:13:08 |  10.5s | 1.0e-04 | 0.0426 | 0.9055 | 0.8688 | 0.8732 | 0.0448 | 0.8746 | 0.8735 | 0.8387
0088 | 15:13:29 |  10.6s | 1.0e-04 | 0.0426 | 0.9067 | 0.8706 | 0.8743 | 0.0426 | 0.8959 | 0.8563 | 0.8472
0089 | 15:13:49 |  10.4s | 1.0e-04 | 0.0426 | 0.9043 | 0.8690 | 0.8714 | 0.0431 | 0.8963 | 0.8627 | 0.8576
0090 | 15:14:10 |  10.5s | 1.0e-04 | 0.0424 | 0.9069 | 0.8711 | 0.8749 | 0.0432 | 0.8887 | 0.8692 | 0.8463
0091 | 15:14:30 |  10.6s | 1.0e-04 | 0.0430 | 0.9052 | 0.8702 | 0.8717 | 0.0428 | 0.8797 | 0.8798 | 0.8518
0092 | 15:14:51 |  10.5s | 1.0e-04 | 0.0418 | 0.9059 | 0.8713 | 0.8744 | 0.0417 | 0.8944 | 0.8596 | 0.8462
0093 | 15:15:12 |  17.6s | 1.0e-04 | 0.0436 | 0.9068 | 0.8726 | 0.8777 | 0.0434 | 0.8815 | 0.8738 | 0.8493
0094 | 15:15:40 |  26.8s | 1.0e-04 | 0.0433 | 0.9089 | 0.8797 | 0.8883 | 0.0425 | 0.8979 | 0.8616 | 0.8548
0095 | 15:16:17 |  10.3s | 1.0e-04 | 0.0428 | 0.9105 | 0.8826 | 0.8930 | 0.0463 | 0.8437 | 0.8955 | 0.8363
0096 | 15:16:37 |  10.3s | 1.0e-04 | 0.0430 | 0.9086 | 0.8821 | 0.8904 | 0.0442 | 0.8827 | 0.8697 | 0.8460
0097 | 15:16:58 |  10.1s | 1.0e-04 | 0.0431 | 0.9098 | 0.8806 | 0.8901 | 0.0423 | 0.8933 | 0.8705 | 0.8581
0098 | 15:17:18 |  10.2s | 1.0e-04 | 0.0428 | 0.9106 | 0.8845 | 0.8958 | 0.0432 | 0.9210 | 0.8365 | 0.8620
0099 | 15:17:38 |  10.1s | 1.0e-04 | 0.0428 | 0.9092 | 0.8800 | 0.8891 | 0.0426 | 0.9056 | 0.8524 | 0.8586
0100 | 15:17:59 |  10.2s | 1.0e-04 | 0.0427 | 0.9089 | 0.8817 | 0.8916 | 0.0423 | 0.8832 | 0.8784 | 0.8556
0101 | 15:18:19 |  10.0s | 1.0e-04 | 0.0418 | 0.9105 | 0.8831 | 0.8941 | 0.0417 | 0.8922 | 0.8733 | 0.8569
0102 | 15:18:39 |  25.6s | 1.0e-04 | 0.0415 | 0.9096 | 0.8813 | 0.8898 | 0.0406 | 0.8960 | 0.8685 | 0.8614
0103 | 15:19:15 |  10.3s | 1.0e-04 | 0.0403 | 0.9098 | 0.8783 | 0.8877 | 0.0410 | 0.8850 | 0.8771 | 0.8553
0104 | 15:19:35 |  10.2s | 1.0e-04 | 0.0405 | 0.9080 | 0.8752 | 0.8822 | 0.0409 | 0.8987 | 0.8601 | 0.8556
0105 | 15:19:56 |  10.2s | 1.0e-04 | 0.0400 | 0.9099 | 0.8810 | 0.8905 | 0.0409 | 0.9039 | 0.8639 | 0.8648
0106 | 15:20:16 |  10.2s | 1.0e-04 | 0.0404 | 0.9104 | 0.8785 | 0.8896 | 0.0402 | 0.8929 | 0.8675 | 0.8552
0107 | 15:20:36 |  10.2s | 1.0e-04 | 0.0401 | 0.9083 | 0.8783 | 0.8862 | 0.0407 | 0.8927 | 0.8736 | 0.8612
0108 | 15:20:56 |  16.8s | 1.0e-04 | 0.0403 | 0.9082 | 0.8796 | 0.8880 | 0.0413 | 0.8843 | 0.8852 | 0.8670
0109 | 15:21:23 |  18.4s | 1.0e-04 | 0.0400 | 0.9096 | 0.8807 | 0.8912 | 0.0410 | 0.8902 | 0.8802 | 0.8686
0110 | 15:21:52 |  19.1s | 1.0e-04 | 0.0401 | 0.9101 | 0.8879 | 0.8982 | 0.0415 | 0.9104 | 0.8546 | 0.8686
0111 | 15:22:21 |  10.4s | 1.0e-04 | 0.0407 | 0.9116 | 0.8897 | 0.9017 | 0.0414 | 0.8771 | 0.8943 | 0.8709
0112 | 15:22:42 |  10.1s | 1.0e-04 | 0.0405 | 0.9111 | 0.8875 | 0.8995 | 0.0404 | 0.8775 | 0.8912 | 0.8658
0113 | 15:23:02 |  10.4s | 1.0e-04 | 0.0400 | 0.9123 | 0.8907 | 0.9044 | 0.0393 | 0.9017 | 0.8664 | 0.8646
0114 | 15:23:23 |  10.3s | 1.0e-04 | 0.0401 | 0.9117 | 0.8873 | 0.8996 | 0.0407 | 0.8835 | 0.8935 | 0.8756
0115 | 15:23:43 |  10.2s | 1.0e-04 | 0.0398 | 0.9115 | 0.8908 | 0.9033 | 0.0403 | 0.9021 | 0.8727 | 0.8739
0116 | 15:24:03 |  18.5s | 1.0e-04 | 0.0396 | 0.9129 | 0.8914 | 0.9053 | 0.0414 | 0.9235 | 0.8449 | 0.8760
0117 | 15:24:32 |  17.8s | 1.0e-04 | 0.0397 | 0.9120 | 0.8908 | 0.9037 | 0.0400 | 0.9128 | 0.8452 | 0.8614
0118 | 15:25:00 |  18.7s | 1.0e-04 | 0.0395 | 0.9123 | 0.8908 | 0.9038 | 0.0390 | 0.8984 | 0.8791 | 0.8744
0119 | 15:25:29 |  10.4s | 1.0e-04 | 0.0395 | 0.9122 | 0.8921 | 0.9048 | 0.0387 | 0.9116 | 0.8597 | 0.8744
0120 | 15:25:49 |  10.2s | 1.0e-04 | 0.0396 | 0.9107 | 0.8895 | 0.9017 | 0.0397 | 0.8959 | 0.8895 | 0.8856
0121 | 15:26:09 |  10.5s | 1.0e-04 | 0.0391 | 0.9118 | 0.8906 | 0.9031 | 0.0384 | 0.8893 | 0.8891 | 0.8784
0122 | 15:26:30 |  10.5s | 1.0e-04 | 0.0391 | 0.9122 | 0.8922 | 0.9054 | 0.0385 | 0.8981 | 0.8864 | 0.8828
0123 | 15:26:51 |  10.4s | 1.0e-04 | 0.0387 | 0.9121 | 0.8925 | 0.9059 | 0.0386 | 0.9037 | 0.8801 | 0.8858
0124 | 15:27:11 |  17.5s | 1.0e-04 | 0.0425 | 0.9116 | 0.8920 | 0.9041 | 0.0401 | 0.9120 | 0.8588 | 0.8725
0125 | 15:27:39 |  17.8s | 1.0e-04 | 0.0399 | 0.9119 | 0.8910 | 0.9032 | 0.0382 | 0.8995 | 0.8783 | 0.8782
0126 | 15:28:07 |  10.4s | 1.0e-04 | 0.0384 | 0.9119 | 0.8912 | 0.9039 | 0.0383 | 0.8954 | 0.8950 | 0.8885
0127 | 15:28:28 |  10.5s | 1.0e-04 | 0.0396 | 0.9110 | 0.8892 | 0.9009 | 0.0400 | 0.8973 | 0.8762 | 0.8728
0128 | 15:28:49 |  10.5s | 1.0e-04 | 0.0395 | 0.9110 | 0.8874 | 0.8994 | 0.0384 | 0.9044 | 0.8709 | 0.8791
0129 | 15:29:10 |  10.5s | 1.0e-04 | 0.0388 | 0.9107 | 0.8897 | 0.9012 | 0.0386 | 0.8947 | 0.8844 | 0.8792
0130 | 15:29:30 |  10.5s | 1.0e-04 | 0.0380 | 0.9119 | 0.8933 | 0.9061 | 0.0376 | 0.9020 | 0.8754 | 0.8783
0131 | 15:29:51 |  10.7s | 1.0e-04 | 0.0384 | 0.9122 | 0.8923 | 0.9057 | 0.0384 | 0.9093 | 0.8673 | 0.8777
0132 | 15:30:12 |  18.0s | 1.0e-04 | 0.0378 | 0.9128 | 0.8950 | 0.9083 | 0.0396 | 0.9034 | 0.8761 | 0.8822
0133 | 15:30:40 |  27.0s | 1.0e-04 | 0.0379 | 0.9130 | 0.8929 | 0.9063 | 0.0374 | 0.9047 | 0.8718 | 0.8768
0134 | 15:31:18 |  10.3s | 1.0e-04 | 0.0388 | 0.9135 | 0.8969 | 0.9107 | 0.0368 | 0.8972 | 0.8782 | 0.8758
0135 | 15:31:38 |  10.1s | 1.0e-04 | 0.0390 | 0.9127 | 0.8977 | 0.9102 | 0.0381 | 0.9075 | 0.8684 | 0.8780
0136 | 15:31:59 |  10.3s | 1.0e-04 | 0.0392 | 0.9146 | 0.8965 | 0.9116 | 0.0376 | 0.8919 | 0.8905 | 0.8809
0137 | 15:32:19 |  10.2s | 1.0e-04 | 0.0384 | 0.9129 | 0.8972 | 0.9107 | 0.0365 | 0.9077 | 0.8727 | 0.8825
0138 | 15:32:39 |  10.2s | 1.0e-04 | 0.0384 | 0.9146 | 0.8989 | 0.9139 | 0.0366 | 0.8962 | 0.8945 | 0.8914
0139 | 15:33:00 |  10.2s | 1.0e-04 | 0.0384 | 0.9124 | 0.8977 | 0.9104 | 0.0379 | 0.8956 | 0.8888 | 0.8855
0140 | 15:33:20 |  17.5s | 1.0e-04 | 0.0375 | 0.9130 | 0.8965 | 0.9100 | 0.0376 | 0.8783 | 0.9056 | 0.8857
0141 | 15:33:48 |  26.0s | 1.0e-04 | 0.0366 | 0.9134 | 0.8943 | 0.9082 | 0.0381 | 0.9002 | 0.8809 | 0.8812
0142 | 15:34:24 |  10.5s | 1.0e-04 | 0.0355 | 0.9123 | 0.8934 | 0.9064 | 0.0383 | 0.9052 | 0.8747 | 0.8825
0143 | 15:34:45 |  10.3s | 1.0e-04 | 0.0357 | 0.9126 | 0.8961 | 0.9094 | 0.0376 | 0.9089 | 0.8769 | 0.8870
0144 | 15:35:06 |  10.4s | 1.0e-04 | 0.0352 | 0.9151 | 0.8968 | 0.9124 | 0.0374 | 0.9076 | 0.8802 | 0.8884
0145 | 15:35:27 |  10.4s | 1.0e-04 | 0.0353 | 0.9142 | 0.8949 | 0.9096 | 0.0382 | 0.9064 | 0.8756 | 0.8843
0146 | 15:35:48 |  10.4s | 1.0e-04 | 0.0351 | 0.9157 | 0.8977 | 0.9136 | 0.0377 | 0.8798 | 0.8975 | 0.8775
0147 | 15:36:08 |  18.3s | 1.0e-04 | 0.0348 | 0.9151 | 0.8973 | 0.9127 | 0.0384 | 0.9033 | 0.8738 | 0.8784
0148 | 15:36:37 |  18.5s | 1.0e-04 | 0.0364 | 0.9140 | 0.8963 | 0.9111 | 0.0379 | 0.8909 | 0.8880 | 0.8765
0149 | 15:37:05 |  19.4s | 1.0e-04 | 0.0356 | 0.9155 | 0.8983 | 0.9142 | 0.0387 | 0.8745 | 0.9099 | 0.8871
0150 | 15:37:35 |  10.4s | 1.0e-04 | 0.0357 | 0.9150 | 0.8986 | 0.9136 | 0.0381 | 0.9164 | 0.8623 | 0.8822
0151 | 15:37:56 |  10.5s | 1.0e-04 | 0.0360 | 0.9155 | 0.9007 | 0.9162 | 0.0387 | 0.9202 | 0.8635 | 0.8885
0152 | 15:38:17 |  10.3s | 1.0e-04 | 0.0350 | 0.9162 | 0.9005 | 0.9166 | 0.0383 | 0.8915 | 0.8975 | 0.8893
0153 | 15:38:38 |  10.4s | 1.0e-04 | 0.0360 | 0.9154 | 0.8993 | 0.9149 | 0.0364 | 0.8967 | 0.8961 | 0.8929
0154 | 15:38:59 |  10.4s | 1.0e-04 | 0.0351 | 0.9160 | 0.9004 | 0.9164 | 0.0371 | 0.9048 | 0.8932 | 0.8975
0155 | 15:39:19 |  17.7s | 1.0e-04 | 0.0350 | 0.9151 | 0.8989 | 0.9142 | 0.0375 | 0.8985 | 0.8797 | 0.8761
0156 | 15:39:47 |  17.7s | 1.0e-04 | 0.0340 | 0.9169 | 0.9010 | 0.9178 | 0.0366 | 0.8929 | 0.8803 | 0.8717
0157 | 15:40:16 |  19.7s | 1.0e-04 | 0.0353 | 0.9165 | 0.9012 | 0.9176 | 0.0381 | 0.8930 | 0.8915 | 0.8834
0158 | 15:40:46 |  10.2s | 1.0e-04 | 0.0359 | 0.9168 | 0.9004 | 0.9172 | 0.0374 | 0.8997 | 0.8802 | 0.8810
0159 | 15:41:07 |  10.3s | 1.0e-04 | 0.0358 | 0.9146 | 0.9003 | 0.9149 | 0.0371 | 0.9017 | 0.8811 | 0.8833
0160 | 15:41:27 |  10.2s | 1.0e-04 | 0.0354 | 0.9178 | 0.9024 | 0.9200 | 0.0376 | 0.9020 | 0.8784 | 0.8826
0161 | 15:41:48 |  10.1s | 1.0e-04 | 0.0353 | 0.9168 | 0.9021 | 0.9188 | 0.0376 | 0.8863 | 0.8958 | 0.8812
0162 | 15:42:09 |  10.0s | 1.0e-04 | 0.0359 | 0.9153 | 0.9011 | 0.9163 | 0.0363 | 0.8942 | 0.9023 | 0.8967
0163 | 15:42:29 |  18.2s | 1.0e-04 | 0.0354 | 0.9173 | 0.9033 | 0.9200 | 0.0363 | 0.9096 | 0.8776 | 0.8907
0164 | 15:42:58 |  17.5s | 1.0e-04 | 0.0351 | 0.9159 | 0.9012 | 0.9168 | 0.0368 | 0.9066 | 0.8858 | 0.8934
0165 | 15:43:26 |  18.3s | 1.0e-04 | 0.0356 | 0.9169 | 0.9046 | 0.9206 | 0.0366 | 0.9142 | 0.8725 | 0.8904
0166 | 15:43:55 |  10.2s | 1.0e-04 | 0.0360 | 0.9156 | 0.9044 | 0.9189 | 0.0368 | 0.9040 | 0.8797 | 0.8834
0167 | 15:44:15 |  10.2s | 1.0e-04 | 0.0356 | 0.9164 | 0.9040 | 0.9199 | 0.0354 | 0.9044 | 0.8808 | 0.8861
0168 | 15:44:36 |  10.1s | 1.0e-04 | 0.0359 | 0.9171 | 0.9035 | 0.9203 | 0.0366 | 0.8943 | 0.9015 | 0.8957
0169 | 15:44:57 |  10.1s | 1.0e-04 | 0.0357 | 0.9172 | 0.9037 | 0.9200 | 0.0378 | 0.8873 | 0.8973 | 0.8852
0170 | 15:45:17 |   9.8s | 1.0e-04 | 0.0350 | 0.9192 | 0.9059 | 0.9241 | 0.0357 | 0.8948 | 0.8896 | 0.8844
0171 | 15:45:38 |  16.9s | 1.0e-04 | 0.0359 | 0.9185 | 0.9050 | 0.9226 | 0.0367 | 0.9056 | 0.8817 | 0.8891
0172 | 15:46:05 |  32.0s | 1.0e-04 | 0.0353 | 0.9181 | 0.9071 | 0.9239 | 0.0359 | 0.9076 | 0.8872 | 0.8961
0173 | 15:46:48 |  10.6s | 1.0e-04 | 0.0351 | 0.9160 | 0.9016 | 0.9175 | 0.0356 | 0.8939 | 0.9071 | 0.9016
0174 | 15:47:09 |  10.6s | 1.0e-04 | 0.0349 | 0.9166 | 0.9025 | 0.9187 | 0.0353 | 0.9120 | 0.8792 | 0.8957
0175 | 15:47:30 |  10.5s | 1.0e-04 | 0.0346 | 0.9172 | 0.9029 | 0.9198 | 0.0363 | 0.9010 | 0.8913 | 0.8927
0176 | 15:47:51 |  10.5s | 1.0e-04 | 0.0343 | 0.9185 | 0.9055 | 0.9229 | 0.0361 | 0.9115 | 0.8780 | 0.8924
0177 | 15:48:12 |  10.4s | 1.0e-04 | 0.0352 | 0.9149 | 0.9012 | 0.9161 | 0.0359 | 0.8887 | 0.9064 | 0.8951
0178 | 15:48:32 |  10.4s | 1.0e-04 | 0.0345 | 0.9178 | 0.9046 | 0.9220 | 0.0354 | 0.9087 | 0.8858 | 0.8952
0179 | 15:48:53 |  18.7s | 1.0e-04 | 0.0345 | 0.9155 | 0.8997 | 0.9153 | 0.0367 | 0.8957 | 0.9024 | 0.8982
0180 | 15:49:23 |  27.6s | 1.0e-04 | 0.0336 | 0.9164 | 0.9005 | 0.9169 | 0.0357 | 0.8970 | 0.8931 | 0.8913
0181 | 15:50:01 |  10.6s | 1.0e-04 | 0.0329 | 0.9179 | 0.9022 | 0.9196 | 0.0358 | 0.9099 | 0.8884 | 0.8991
0182 | 15:50:22 |  10.6s | 1.0e-04 | 0.0333 | 0.9166 | 0.9003 | 0.9170 | 0.0367 | 0.9043 | 0.8900 | 0.8949
0183 | 15:50:43 |  10.6s | 1.0e-04 | 0.0330 | 0.9171 | 0.9006 | 0.9175 | 0.0356 | 0.9063 | 0.8930 | 0.8998
0184 | 15:51:04 |  10.6s | 1.0e-04 | 0.0333 | 0.9175 | 0.9017 | 0.9191 | 0.0358 | 0.9031 | 0.8970 | 0.9005
0185 | 15:51:25 |  10.6s | 1.0e-04 | 0.0332 | 0.9174 | 0.9034 | 0.9199 | 0.0358 | 0.9085 | 0.8790 | 0.8887
0186 | 15:51:46 |  17.6s | 1.0e-04 | 0.0327 | 0.9180 | 0.9042 | 0.9217 | 0.0351 | 0.8952 | 0.8980 | 0.8926
0187 | 15:52:14 |  10.6s | 1.0e-04 | 0.0329 | 0.9199 | 0.9071 | 0.9257 | 0.0349 | 0.8969 | 0.9020 | 0.8991
0188 | 15:52:35 |  26.5s | 1.0e-04 | 0.0336 | 0.9196 | 0.9076 | 0.9261 | 0.0369 | 0.8940 | 0.8979 | 0.8923
0189 | 15:53:12 |  10.3s | 1.0e-04 | 0.0337 | 0.9222 | 0.9088 | 0.9293 | 0.0356 | 0.9012 | 0.8926 | 0.8928
0190 | 15:53:33 |  10.1s | 1.0e-04 | 0.0333 | 0.9215 | 0.9098 | 0.9291 | 0.0364 | 0.9038 | 0.8866 | 0.8900
0191 | 15:53:54 |  10.3s | 1.0e-04 | 0.0334 | 0.9217 | 0.9088 | 0.9287 | 0.0359 | 0.9134 | 0.8813 | 0.8956
0192 | 15:54:14 |  10.2s | 1.0e-04 | 0.0334 | 0.9218 | 0.9096 | 0.9289 | 0.0360 | 0.9015 | 0.8957 | 0.8985
0193 | 15:54:35 |  10.4s | 1.0e-04 | 0.0331 | 0.9208 | 0.9085 | 0.9276 | 0.0358 | 0.8945 | 0.9023 | 0.8974
0194 | 15:54:56 |  17.9s | 1.0e-04 | 0.0329 | 0.9213 | 0.9102 | 0.9297 | 0.0353 | 0.9124 | 0.8810 | 0.8951
0195 | 15:55:24 |  18.2s | 1.0e-04 | 0.0333 | 0.9210 | 0.9087 | 0.9283 | 0.0352 | 0.9078 | 0.8947 | 0.9032
0196 | 15:55:53 |  19.0s | 1.0e-04 | 0.0330 | 0.9215 | 0.9074 | 0.9269 | 0.0343 | 0.9078 | 0.8962 | 0.9037
0197 | 15:56:22 |  10.5s | 1.0e-04 | 0.0335 | 0.9197 | 0.9083 | 0.9266 | 0.0352 | 0.9099 | 0.8956 | 0.9050
0198 | 15:56:43 |  10.7s | 1.0e-04 | 0.0331 | 0.9207 | 0.9096 | 0.9286 | 0.0340 | 0.9133 | 0.8918 | 0.9074
0199 | 15:57:05 |  10.5s | 1.0e-04 | 0.0328 | 0.9210 | 0.9086 | 0.9280 | 0.0359 | 0.8964 | 0.8996 | 0.8962
0200 | 15:57:25 |  10.4s | 1.0e-04 | 0.0330 | 0.9203 | 0.9074 | 0.9259 | 0.0347 | 0.8963 | 0.8951 | 0.8916
0201 | 15:57:46 |  10.5s | 1.0e-04 | 0.0334 | 0.9200 | 0.9082 | 0.9266 | 0.0354 | 0.8903 | 0.9094 | 0.8993
0202 | 15:58:07 |  17.7s | 1.0e-04 | 0.0328 | 0.9207 | 0.9087 | 0.9276 | 0.0352 | 0.8990 | 0.8999 | 0.8990
0203 | 15:58:36 |  17.3s | 1.0e-04 | 0.0328 | 0.9186 | 0.9062 | 0.9239 | 0.0349 | 0.9141 | 0.8854 | 0.9010
0204 | 15:59:03 |  19.5s | 1.0e-04 | 0.0327 | 0.9190 | 0.9055 | 0.9238 | 0.0345 | 0.9065 | 0.8851 | 0.8923
0205 | 15:59:34 |  10.3s | 1.0e-04 | 0.0327 | 0.9203 | 0.9066 | 0.9258 | 0.0347 | 0.8953 | 0.8964 | 0.8913
0206 | 15:59:54 |  10.5s | 1.0e-04 | 0.0326 | 0.9196 | 0.9067 | 0.9254 | 0.0342 | 0.9018 | 0.9001 | 0.9022
0207 | 16:00:15 |  10.5s | 1.0e-04 | 0.0322 | 0.9199 | 0.9073 | 0.9264 | 0.0357 | 0.9246 | 0.8761 | 0.9037
0208 | 16:00:36 |  10.6s | 1.0e-04 | 0.0327 | 0.9202 | 0.9072 | 0.9259 | 0.0348 | 0.9283 | 0.8690 | 0.9049
0209 | 16:00:57 |  10.5s | 1.0e-04 | 0.0321 | 0.9211 | 0.9083 | 0.9283 | 0.0342 | 0.9147 | 0.8849 | 0.9017
0210 | 16:01:18 |  18.4s | 1.0e-04 | 0.0328 | 0.9209 | 0.9077 | 0.9275 | 0.0342 | 0.9158 | 0.8834 | 0.9014
0211 | 16:01:47 |  27.5s | 1.0e-04 | 0.0322 | 0.9226 | 0.9116 | 0.9323 | 0.0347 | 0.8967 | 0.9035 | 0.9001
0212 | 16:02:25 |  10.2s | 1.0e-04 | 0.0328 | 0.9219 | 0.9112 | 0.9302 | 0.0348 | 0.9122 | 0.8917 | 0.9060
0213 | 16:02:46 |  10.2s | 1.0e-04 | 0.0324 | 0.9223 | 0.9119 | 0.9316 | 0.0353 | 0.9059 | 0.8883 | 0.8950
0214 | 16:03:06 |  10.2s | 1.0e-04 | 0.0319 | 0.9232 | 0.9128 | 0.9325 | 0.0342 | 0.9111 | 0.8884 | 0.9010
0215 | 16:03:27 |  10.2s | 1.0e-04 | 0.0320 | 0.9234 | 0.9110 | 0.9323 | 0.0348 | 0.8981 | 0.9002 | 0.8985
0216 | 16:03:48 |  10.2s | 1.0e-04 | 0.0326 | 0.9231 | 0.9119 | 0.9323 | 0.0342 | 0.9113 | 0.8872 | 0.8999
0217 | 16:04:08 |  10.1s | 1.0e-04 | 0.0324 | 0.9234 | 0.9116 | 0.9328 | 0.0357 | 0.8889 | 0.9137 | 0.9040
0218 | 16:04:29 |  17.5s | 1.0e-04 | 0.0320 | 0.9233 | 0.9116 | 0.9326 | 0.0353 | 0.9067 | 0.8994 | 0.9062
0219 | 16:04:57 |  25.9s | 1.0e-04 | 0.0329 | 0.9212 | 0.9102 | 0.9295 | 0.0349 | 0.8851 | 0.9145 | 0.9007
0220 | 16:05:33 |  10.2s | 1.0e-04 | 0.0324 | 0.9230 | 0.9137 | 0.9339 | 0.0345 | 0.9057 | 0.8948 | 0.9006
0221 | 16:05:54 |  10.3s | 1.0e-04 | 0.0320 | 0.9223 | 0.9125 | 0.9323 | 0.0343 | 0.9095 | 0.9032 | 0.9120
0222 | 16:06:15 |  10.3s | 1.0e-04 | 0.0315 | 0.9232 | 0.9131 | 0.9340 | 0.0339 | 0.9245 | 0.8713 | 0.9009
0223 | 16:06:35 |  10.2s | 1.0e-04 | 0.0318 | 0.9234 | 0.9115 | 0.9323 | 0.0350 | 0.9067 | 0.8990 | 0.9059
0224 | 16:06:56 |  10.2s | 1.0e-04 | 0.0323 | 0.9244 | 0.9137 | 0.9349 | 0.0347 | 0.9017 | 0.9060 | 0.9079
0225 | 16:07:17 |  10.3s | 1.0e-04 | 0.0317 | 0.9228 | 0.9123 | 0.9327 | 0.0342 | 0.9039 | 0.9075 | 0.9127
0226 | 16:07:37 |  10.2s | 1.0e-04 | 0.0317 | 0.9235 | 0.9102 | 0.9316 | 0.0347 | 0.8992 | 0.9070 | 0.9067
0227 | 16:07:58 |  27.6s | 1.0e-04 | 0.0312 | 0.9238 | 0.9120 | 0.9329 | 0.0347 | 0.9140 | 0.8855 | 0.9007
0228 | 16:08:36 |  10.3s | 1.0e-04 | 0.0303 | 0.9264 | 0.9152 | 0.9371 | 0.0345 | 0.9023 | 0.8990 | 0.9010
0229 | 16:08:57 |  10.1s | 1.0e-04 | 0.0302 | 0.9263 | 0.9153 | 0.9384 | 0.0347 | 0.9248 | 0.8727 | 0.9039
0230 | 16:09:17 |   9.7s | 1.0e-04 | 0.0309 | 0.9248 | 0.9141 | 0.9354 | 0.0345 | 0.9028 | 0.9024 | 0.9055
0231 | 16:09:38 |  10.1s | 1.0e-04 | 0.0305 | 0.9251 | 0.9143 | 0.9366 | 0.0339 | 0.9088 | 0.8926 | 0.9026
0232 | 16:09:58 |  10.1s | 1.0e-04 | 0.0305 | 0.9267 | 0.9148 | 0.9379 | 0.0347 | 0.9113 | 0.8961 | 0.9080
0233 | 16:10:19 |  17.8s | 1.0e-04 | 0.0305 | 0.9254 | 0.9147 | 0.9367 | 0.0367 | 0.8702 | 0.9233 | 0.8980
0234 | 16:10:47 |  18.1s | 1.0e-04 | 0.0311 | 0.9237 | 0.9144 | 0.9348 | 0.0347 | 0.9195 | 0.8821 | 0.9044
0235 | 16:11:15 |  20.3s | 1.0e-04 | 0.0320 | 0.9231 | 0.9113 | 0.9322 | 0.0335 | 0.9215 | 0.8844 | 0.9096
0236 | 16:11:46 |  10.7s | 1.0e-04 | 0.0320 | 0.9216 | 0.9109 | 0.9306 | 0.0330 | 0.9092 | 0.9029 | 0.9114
0237 | 16:12:07 |  10.6s | 1.0e-04 | 0.0322 | 0.9214 | 0.9104 | 0.9300 | 0.0335 | 0.9172 | 0.8923 | 0.9101
0238 | 16:12:28 |  10.6s | 1.0e-04 | 0.0320 | 0.9223 | 0.9119 | 0.9317 | 0.0333 | 0.9120 | 0.9030 | 0.9150
0239 | 16:12:49 |  10.5s | 1.0e-04 | 0.0331 | 0.9201 | 0.9092 | 0.9276 | 0.0338 | 0.8980 | 0.9107 | 0.9080
0240 | 16:13:10 |  10.5s | 1.0e-04 | 0.0324 | 0.9212 | 0.9110 | 0.9295 | 0.0339 | 0.8959 | 0.9091 | 0.9048
0241 | 16:13:31 |  17.9s | 1.0e-04 | 0.0323 | 0.9207 | 0.9100 | 0.9285 | 0.0324 | 0.9135 | 0.9043 | 0.9166
0242 | 16:14:00 |  17.9s | 1.0e-04 | 0.0315 | 0.9240 | 0.9137 | 0.9348 | 0.0336 | 0.8973 | 0.9161 | 0.9122
0243 | 16:14:28 |  19.0s | 1.0e-04 | 0.0306 | 0.9251 | 0.9133 | 0.9351 | 0.0342 | 0.9105 | 0.9002 | 0.9107
0244 | 16:14:57 |  10.4s | 1.0e-04 | 0.0305 | 0.9243 | 0.9128 | 0.9343 | 0.0334 | 0.8963 | 0.9070 | 0.9034
0245 | 16:15:18 |  10.5s | 1.0e-04 | 0.0303 | 0.9245 | 0.9135 | 0.9350 | 0.0325 | 0.9130 | 0.9030 | 0.9157
0246 | 16:15:39 |  10.5s | 1.0e-04 | 0.0306 | 0.9239 | 0.9131 | 0.9339 | 0.0349 | 0.9174 | 0.8872 | 0.9061
0247 | 16:16:00 |  10.6s | 1.0e-04 | 0.0299 | 0.9243 | 0.9130 | 0.9349 | 0.0329 | 0.9023 | 0.9058 | 0.9081
0248 | 16:16:21 |  10.5s | 1.0e-04 | 0.0302 | 0.9240 | 0.9136 | 0.9342 | 0.0343 | 0.8979 | 0.9115 | 0.9082
0249 | 16:16:42 |  18.4s | 1.0e-04 | 0.0306 | 0.9236 | 0.9119 | 0.9332 | 0.0345 | 0.9210 | 0.8834 | 0.9063
0250 | 16:17:10 |  17.3s | 1.0e-04 | 0.0301 | 0.9253 | 0.9152 | 0.9376 | 0.0338 | 0.9124 | 0.8967 | 0.9098
0251 | 16:17:38 |  10.5s | 1.0e-04 | 0.0316 | 0.9250 | 0.9141 | 0.9355 | 0.0329 | 0.9041 | 0.9049 | 0.9081
0252 | 16:17:59 |  10.5s | 1.0e-04 | 0.0319 | 0.9232 | 0.9146 | 0.9346 | 0.0342 | 0.9348 | 0.8699 | 0.9155
0253 | 16:18:19 |  10.4s | 1.0e-04 | 0.0315 | 0.9246 | 0.9135 | 0.9349 | 0.0334 | 0.9103 | 0.8933 | 0.9046
0254 | 16:18:40 |  10.5s | 1.0e-04 | 0.0311 | 0.9244 | 0.9146 | 0.9360 | 0.0326 | 0.9130 | 0.9006 | 0.9136
0255 | 16:19:01 |  10.5s | 1.0e-04 | 0.0309 | 0.9259 | 0.9171 | 0.9378 | 0.0336 | 0.9065 | 0.9082 | 0.9138
0256 | 16:19:22 |  10.2s | 1.0e-04 | 0.0312 | 0.9241 | 0.9140 | 0.9348 | 0.0339 | 0.9288 | 0.8741 | 0.9104
0257 | 16:19:42 |  17.1s | 1.0e-04 | 0.0314 | 0.9258 | 0.9148 | 0.9368 | 0.0323 | 0.9134 | 0.9025 | 0.9155
0258 | 16:20:09 |  26.7s | 1.0e-04 | 0.0305 | 0.9262 | 0.9164 | 0.9381 | 0.0331 | 0.9190 | 0.8950 | 0.9142
0259 | 16:20:46 |  10.3s | 1.0e-04 | 0.0302 | 0.9255 | 0.9158 | 0.9377 | 0.0334 | 0.9270 | 0.8808 | 0.9130
0260 | 16:21:07 |  10.4s | 1.0e-04 | 0.0305 | 0.9258 | 0.9165 | 0.9380 | 0.0324 | 0.9106 | 0.9048 | 0.9155
0261 | 16:21:27 |  10.2s | 1.0e-04 | 0.0302 | 0.9261 | 0.9160 | 0.9383 | 0.0319 | 0.9167 | 0.8885 | 0.9088
0262 | 16:21:48 |  10.3s | 1.0e-04 | 0.0305 | 0.9254 | 0.9152 | 0.9374 | 0.0323 | 0.9138 | 0.8982 | 0.9123
0263 | 16:22:08 |  10.4s | 1.0e-04 | 0.0303 | 0.9259 | 0.9160 | 0.9382 | 0.0330 | 0.9110 | 0.9017 | 0.9125
0264 | 16:22:29 |  10.3s | 1.0e-04 | 0.0301 | 0.9258 | 0.9162 | 0.9383 | 0.0332 | 0.9233 | 0.8926 | 0.9169
0265 | 16:22:50 |  18.5s | 1.0e-04 | 0.0296 | 0.9262 | 0.9163 | 0.9380 | 0.0331 | 0.9231 | 0.8844 | 0.9111
0266 | 16:23:18 |  27.3s | 1.0e-04 | 0.0303 | 0.9242 | 0.9135 | 0.9345 | 0.0326 | 0.9198 | 0.8904 | 0.9115
0267 | 16:23:56 |  10.4s | 1.0e-04 | 0.0305 | 0.9265 | 0.9164 | 0.9383 | 0.0320 | 0.9119 | 0.9036 | 0.9151
0268 | 16:24:16 |  10.2s | 1.0e-04 | 0.0305 | 0.9262 | 0.9170 | 0.9387 | 0.0321 | 0.9052 | 0.9146 | 0.9187
0269 | 16:24:37 |  10.3s | 1.0e-04 | 0.0307 | 0.9263 | 0.9151 | 0.9379 | 0.0320 | 0.9016 | 0.9141 | 0.9136
0270 | 16:24:58 |  10.1s | 1.0e-04 | 0.0306 | 0.9263 | 0.9155 | 0.9382 | 0.0321 | 0.9287 | 0.8847 | 0.9172
0271 | 16:25:18 |  10.3s | 1.0e-04 | 0.0313 | 0.9266 | 0.9155 | 0.9385 | 0.0343 | 0.9203 | 0.8730 | 0.8988
0272 | 16:25:39 |  17.7s | 1.0e-04 | 0.0309 | 0.9248 | 0.9138 | 0.9353 | 0.0333 | 0.9069 | 0.9100 | 0.9159
0273 | 16:26:06 |  17.1s | 1.0e-04 | 0.0304 | 0.9259 | 0.9157 | 0.9375 | 0.0329 | 0.9209 | 0.8927 | 0.9144
0274 | 16:26:34 |  19.5s | 1.0e-04 | 0.0302 | 0.9274 | 0.9181 | 0.9412 | 0.0331 | 0.9130 | 0.9018 | 0.9151
0275 | 16:27:04 |  10.4s | 1.0e-04 | 0.0305 | 0.9251 | 0.9154 | 0.9368 | 0.0332 | 0.9221 | 0.8953 | 0.9185
0276 | 16:27:24 |  10.4s | 1.0e-04 | 0.0305 | 0.9264 | 0.9164 | 0.9387 | 0.0327 | 0.9020 | 0.9136 | 0.9155
0277 | 16:27:45 |  10.4s | 1.0e-04 | 0.0300 | 0.9258 | 0.9173 | 0.9393 | 0.0343 | 0.8893 | 0.9246 | 0.9164
0278 | 16:28:05 |  10.2s | 1.0e-04 | 0.0305 | 0.9255 | 0.9147 | 0.9368 | 0.0326 | 0.9299 | 0.8816 | 0.9153
0279 | 16:28:26 |  10.3s | 1.0e-04 | 0.0303 | 0.9258 | 0.9154 | 0.9381 | 0.0321 | 0.9156 | 0.9052 | 0.9204
0280 | 16:28:46 |  17.9s | 1.0e-04 | 0.0301 | 0.9267 | 0.9165 | 0.9396 | 0.0330 | 0.9073 | 0.9089 | 0.9152
0281 | 16:29:15 |  18.5s | 1.0e-04 | 0.0311 | 0.9248 | 0.9147 | 0.9367 | 0.0321 | 0.9069 | 0.9141 | 0.9203
0282 | 16:29:43 |  19.3s | 1.0e-04 | 0.0298 | 0.9269 | 0.9194 | 0.9415 | 0.0322 | 0.9094 | 0.9081 | 0.9163
0283 | 16:30:13 |  10.3s | 1.0e-04 | 0.0305 | 0.9268 | 0.9181 | 0.9398 | 0.0326 | 0.9046 | 0.9106 | 0.9146
0284 | 16:30:33 |  10.2s | 1.0e-04 | 0.0302 | 0.9265 | 0.9179 | 0.9400 | 0.0318 | 0.9179 | 0.8997 | 0.9177
0285 | 16:30:54 |  10.4s | 1.0e-04 | 0.0301 | 0.9263 | 0.9167 | 0.9384 | 0.0312 | 0.9170 | 0.8993 | 0.9165
0286 | 16:31:14 |  10.3s | 1.0e-04 | 0.0298 | 0.9291 | 0.9196 | 0.9432 | 0.0319 | 0.9125 | 0.9077 | 0.9180
0287 | 16:31:35 |  10.3s | 1.0e-04 | 0.0298 | 0.9280 | 0.9200 | 0.9424 | 0.0320 | 0.9056 | 0.9057 | 0.9120
0288 | 16:31:55 |  17.8s | 1.0e-04 | 0.0294 | 0.9293 | 0.9201 | 0.9446 | 0.0317 | 0.9215 | 0.8969 | 0.9188
0289 | 16:32:23 |  17.8s | 1.0e-04 | 0.0294 | 0.9290 | 0.9204 | 0.9432 | 0.0323 | 0.9155 | 0.9066 | 0.9207
0290 | 16:32:51 |  19.4s | 1.0e-04 | 0.0289 | 0.9269 | 0.9172 | 0.9400 | 0.0326 | 0.9149 | 0.8962 | 0.9110
0291 | 16:33:21 |  10.6s | 1.0e-04 | 0.0285 | 0.9290 | 0.9197 | 0.9434 | 0.0324 | 0.9234 | 0.8833 | 0.9112
0292 | 16:33:42 |  10.6s | 1.0e-04 | 0.0285 | 0.9289 | 0.9190 | 0.9422 | 0.0333 | 0.9077 | 0.9056 | 0.9118
0293 | 16:34:03 |  10.7s | 1.0e-04 | 0.0285 | 0.9272 | 0.9174 | 0.9403 | 0.0325 | 0.9087 | 0.9083 | 0.9143
0294 | 16:34:24 |  10.7s | 1.0e-04 | 0.0283 | 0.9280 | 0.9181 | 0.9417 | 0.0330 | 0.9055 | 0.9128 | 0.9182
0295 | 16:34:45 |  10.6s | 1.0e-04 | 0.0283 | 0.9286 | 0.9202 | 0.9433 | 0.0333 | 0.9294 | 0.8825 | 0.9176
0296 | 16:35:06 |  18.5s | 1.0e-04 | 0.0291 | 0.9278 | 0.9188 | 0.9419 | 0.0312 | 0.9261 | 0.8882 | 0.9149
0297 | 16:35:34 |  27.8s | 1.0e-04 | 0.0296 | 0.9272 | 0.9190 | 0.9411 | 0.0328 | 0.8989 | 0.9130 | 0.9115
0298 | 16:36:12 |  10.4s | 1.0e-04 | 0.0299 | 0.9273 | 0.9183 | 0.9409 | 0.0319 | 0.9035 | 0.9141 | 0.9169
0299 | 16:36:33 |  10.2s | 1.0e-04 | 0.0303 | 0.9273 | 0.9186 | 0.9409 | 0.0322 | 0.9087 | 0.9075 | 0.9161
0300 | 16:36:53 |  10.2s | 1.0e-04 | 0.0307 | 0.9268 | 0.9165 | 0.9387 | 0.0325 | 0.9068 | 0.9070 | 0.9134
0301 | 16:37:14 |  10.3s | 1.0e-04 | 0.0311 | 0.9261 | 0.9175 | 0.9393 | 0.0324 | 0.9232 | 0.8887 | 0.9144
0302 | 16:37:34 |  10.3s | 1.0e-04 | 0.0300 | 0.9276 | 0.9183 | 0.9414 | 0.0318 | 0.9152 | 0.9071 | 0.9213
0303 | 16:37:55 |  10.2s | 1.0e-04 | 0.0299 | 0.9287 | 0.9198 | 0.9434 | 0.0319 | 0.9133 | 0.8957 | 0.9098
0304 | 16:38:15 |  17.7s | 1.0e-04 | 0.0298 | 0.9281 | 0.9181 | 0.9415 | 0.0310 | 0.9159 | 0.9008 | 0.9166
0305 | 16:38:43 |  27.6s | 1.0e-04 | 0.0300 | 0.9259 | 0.9186 | 0.9391 | 0.0327 | 0.8956 | 0.9238 | 0.9204
0306 | 16:39:21 |  10.5s | 1.0e-04 | 0.0294 | 0.9272 | 0.9174 | 0.9401 | 0.0321 | 0.9006 | 0.9173 | 0.9160
0307 | 16:39:42 |  10.5s | 1.0e-04 | 0.0293 | 0.9276 | 0.9191 | 0.9423 | 0.0319 | 0.9150 | 0.9097 | 0.9229
0308 | 16:40:03 |  10.5s | 1.0e-04 | 0.0294 | 0.9270 | 0.9180 | 0.9411 | 0.0314 | 0.9214 | 0.9016 | 0.9231
0309 | 16:40:23 |  10.5s | 1.0e-04 | 0.0295 | 0.9278 | 0.9175 | 0.9408 | 0.0318 | 0.9231 | 0.8951 | 0.9197
0310 | 16:40:44 |  10.5s | 1.0e-04 | 0.0294 | 0.9282 | 0.9193 | 0.9428 | 0.0320 | 0.9180 | 0.9044 | 0.9214
0311 | 16:41:05 |  19.1s | 1.0e-04 | 0.0291 | 0.9276 | 0.9187 | 0.9419 | 0.0309 | 0.9252 | 0.8933 | 0.9198
0312 | 16:41:34 |  10.4s | 1.0e-04 | 0.0297 | 0.9275 | 0.9176 | 0.9406 | 0.0313 | 0.9170 | 0.9031 | 0.9196
0313 | 16:41:55 |  27.3s | 1.0e-04 | 0.0286 | 0.9292 | 0.9182 | 0.9427 | 0.0324 | 0.9140 | 0.9100 | 0.9236
0314 | 16:42:32 |  10.3s | 1.0e-04 | 0.0280 | 0.9292 | 0.9187 | 0.9433 | 0.0307 | 0.9140 | 0.9050 | 0.9182
0315 | 16:42:53 |  10.4s | 1.0e-04 | 0.0285 | 0.9271 | 0.9177 | 0.9406 | 0.0311 | 0.9125 | 0.9097 | 0.9205
0316 | 16:43:13 |  10.5s | 1.0e-04 | 0.0278 | 0.9290 | 0.9196 | 0.9432 | 0.0319 | 0.9180 | 0.8897 | 0.9086
0317 | 16:43:34 |  10.5s | 1.0e-04 | 0.0278 | 0.9285 | 0.9182 | 0.9420 | 0.0317 | 0.9106 | 0.9114 | 0.9199
0318 | 16:43:55 |  10.5s | 1.0e-04 | 0.0278 | 0.9298 | 0.9193 | 0.9443 | 0.0326 | 0.9131 | 0.8984 | 0.9118
0319 | 16:44:16 |  18.3s | 1.0e-04 | 0.0281 | 0.9287 | 0.9195 | 0.9428 | 0.0322 | 0.9141 | 0.9064 | 0.9204
0320 | 16:44:44 |  17.7s | 1.0e-04 | 0.0283 | 0.9292 | 0.9208 | 0.9446 | 0.0312 | 0.9166 | 0.8980 | 0.9151
0321 | 16:45:12 |  19.6s | 1.0e-04 | 0.0300 | 0.9304 | 0.9237 | 0.9469 | 0.0319 | 0.9164 | 0.9091 | 0.9247
0322 | 16:45:42 |  10.5s | 1.0e-04 | 0.0307 | 0.9305 | 0.9238 | 0.9478 | 0.0306 | 0.9132 | 0.9136 | 0.9250
0323 | 16:46:03 |  10.5s | 1.0e-04 | 0.0305 | 0.9296 | 0.9237 | 0.9465 | 0.0307 | 0.9189 | 0.8998 | 0.9185
0324 | 16:46:23 |  10.5s | 1.0e-04 | 0.0307 | 0.9300 | 0.9230 | 0.9460 | 0.0314 | 0.9236 | 0.8902 | 0.9164
0325 | 16:46:44 |  10.4s | 1.0e-04 | 0.0305 | 0.9306 | 0.9240 | 0.9473 | 0.0311 | 0.9072 | 0.9161 | 0.9229
0326 | 16:47:05 |  10.6s | 1.0e-04 | 0.0303 | 0.9306 | 0.9245 | 0.9476 | 0.0314 | 0.9271 | 0.8895 | 0.9179
0327 | 16:47:26 |  17.4s | 1.0e-04 | 0.0301 | 0.9312 | 0.9243 | 0.9479 | 0.0321 | 0.9194 | 0.9031 | 0.9215
0328 | 16:47:53 |  19.1s | 1.0e-04 | 0.0302 | 0.9310 | 0.9237 | 0.9472 | 0.0318 | 0.9323 | 0.8857 | 0.9198
0329 | 16:48:22 |  19.0s | 1.0e-04 | 0.0286 | 0.9305 | 0.9230 | 0.9468 | 0.0318 | 0.9187 | 0.8995 | 0.9185
0330 | 16:48:52 |  10.5s | 1.0e-04 | 0.0288 | 0.9312 | 0.9240 | 0.9472 | 0.0309 | 0.9195 | 0.8998 | 0.9193
0331 | 16:49:12 |  10.4s | 1.0e-04 | 0.0284 | 0.9320 | 0.9242 | 0.9489 | 0.0314 | 0.9224 | 0.8963 | 0.9201
0332 | 16:49:33 |  10.3s | 1.0e-04 | 0.0284 | 0.9313 | 0.9234 | 0.9478 | 0.0311 | 0.9150 | 0.9051 | 0.9188
0333 | 16:49:53 |  10.0s | 1.0e-04 | 0.0284 | 0.9305 | 0.9238 | 0.9479 | 0.0308 | 0.9165 | 0.8935 | 0.9108
0334 | 16:50:14 |  10.4s | 1.0e-04 | 0.0284 | 0.9307 | 0.9233 | 0.9477 | 0.0311 | 0.9175 | 0.9027 | 0.9198
0335 | 16:50:34 |  18.8s | 1.0e-04 | 0.0291 | 0.9307 | 0.9239 | 0.9472 | 0.0315 | 0.9087 | 0.9177 | 0.9255
0336 | 16:51:03 |  27.7s | 1.0e-04 | 0.0292 | 0.9293 | 0.9222 | 0.9450 | 0.0311 | 0.9138 | 0.9080 | 0.9226
0337 | 16:51:41 |  10.2s | 1.0e-04 | 0.0298 | 0.9285 | 0.9207 | 0.9435 | 0.0314 | 0.9303 | 0.8893 | 0.9226
0338 | 16:52:02 |  10.2s | 1.0e-04 | 0.0294 | 0.9285 | 0.9197 | 0.9426 | 0.0310 | 0.9184 | 0.9093 | 0.9253
0339 | 16:52:22 |  10.2s | 1.0e-04 | 0.0291 | 0.9289 | 0.9222 | 0.9441 | 0.0309 | 0.9230 | 0.8984 | 0.9215
0340 | 16:52:43 |  10.2s | 1.0e-04 | 0.0294 | 0.9282 | 0.9187 | 0.9420 | 0.0307 | 0.9246 | 0.9014 | 0.9256
0341 | 16:53:03 |  10.2s | 1.0e-04 | 0.0303 | 0.9269 | 0.9199 | 0.9416 | 0.0318 | 0.9098 | 0.9184 | 0.9257
0342 | 16:53:23 |  10.2s | 1.0e-04 | 0.0306 | 0.9274 | 0.9193 | 0.9415 | 0.0333 | 0.9284 | 0.8853 | 0.9167
0343 | 16:53:44 |  18.3s | 1.0e-04 | 0.0300 | 0.9279 | 0.9188 | 0.9423 | 0.0319 | 0.9311 | 0.8872 | 0.9216
0344 | 16:54:12 |  25.9s | 1.0e-04 | 0.0287 | 0.9301 | 0.9208 | 0.9444 | 0.0318 | 0.9280 | 0.8920 | 0.9231
0345 | 16:54:48 |  10.3s | 1.0e-04 | 0.0284 | 0.9304 | 0.9227 | 0.9469 | 0.0307 | 0.9162 | 0.9120 | 0.9250
0346 | 16:55:09 |  10.5s | 1.0e-04 | 0.0283 | 0.9318 | 0.9246 | 0.9482 | 0.0307 | 0.9185 | 0.8965 | 0.9155
0347 | 16:55:30 |  10.4s | 1.0e-04 | 0.0279 | 0.9326 | 0.9258 | 0.9504 | 0.0324 | 0.9274 | 0.8941 | 0.9237
0348 | 16:55:50 |  10.4s | 1.0e-04 | 0.0279 | 0.9321 | 0.9241 | 0.9484 | 0.0318 | 0.9043 | 0.9163 | 0.9199
0349 | 16:56:11 |  10.4s | 1.0e-04 | 0.0279 | 0.9316 | 0.9233 | 0.9482 | 0.0314 | 0.9194 | 0.9031 | 0.9211
0350 | 16:56:32 |  10.4s | 1.0e-04 | 0.0283 | 0.9314 | 0.9228 | 0.9480 | 0.0301 | 0.9212 | 0.9027 | 0.9238
0351 | 16:56:52 |  10.3s | 1.0e-04 | 0.0284 | 0.9328 | 0.9227 | 0.9488 | 0.0318 | 0.9161 | 0.9021 | 0.9182
0352 | 16:57:13 |  27.8s | 1.0e-04 | 0.0280 | 0.9307 | 0.9216 | 0.9470 | 0.0310 | 0.9195 | 0.8972 | 0.9178
0353 | 16:57:51 |  10.3s | 1.0e-04 | 0.0276 | 0.9311 | 0.9230 | 0.9475 | 0.0311 | 0.9232 | 0.8980 | 0.9214
0354 | 16:58:11 |  10.3s | 1.0e-04 | 0.0276 | 0.9299 | 0.9233 | 0.9466 | 0.0312 | 0.9293 | 0.8968 | 0.9266
0355 | 16:58:32 |  10.3s | 1.0e-04 | 0.0276 | 0.9307 | 0.9230 | 0.9463 | 0.0317 | 0.9025 | 0.9057 | 0.9088
0356 | 16:58:52 |  10.0s | 1.0e-04 | 0.0279 | 0.9306 | 0.9217 | 0.9460 | 0.0305 | 0.9225 | 0.9056 | 0.9277
0357 | 16:59:13 |  10.2s | 1.0e-04 | 0.0273 | 0.9304 | 0.9220 | 0.9460 | 0.0327 | 0.9007 | 0.9221 | 0.9231
0358 | 16:59:33 |  17.4s | 1.0e-04 | 0.0280 | 0.9314 | 0.9242 | 0.9486 | 0.0319 | 0.9281 | 0.8942 | 0.9246
0359 | 17:00:01 |  18.0s | 1.0e-04 | 0.0283 | 0.9311 | 0.9217 | 0.9467 | 0.0312 | 0.9239 | 0.9028 | 0.9267
0360 | 17:00:29 |  18.7s | 1.0e-04 | 0.0281 | 0.9314 | 0.9235 | 0.9476 | 0.0315 | 0.9256 | 0.8966 | 0.9231
0361 | 17:00:58 |  10.5s | 1.0e-04 | 0.0283 | 0.9316 | 0.9234 | 0.9479 | 0.0316 | 0.9204 | 0.8988 | 0.9191
0362 | 17:01:18 |  10.5s | 1.0e-04 | 0.0282 | 0.9319 | 0.9249 | 0.9493 | 0.0316 | 0.9297 | 0.8894 | 0.9218
0363 | 17:01:39 |  10.5s | 1.0e-04 | 0.0286 | 0.9311 | 0.9234 | 0.9481 | 0.0304 | 0.9060 | 0.9213 | 0.9257
0364 | 17:02:00 |  10.3s | 1.0e-04 | 0.0283 | 0.9325 | 0.9246 | 0.9496 | 0.0315 | 0.9228 | 0.9031 | 0.9251
0365 | 17:02:20 |  10.5s | 1.0e-04 | 0.0280 | 0.9322 | 0.9248 | 0.9493 | 0.0307 | 0.9232 | 0.9003 | 0.9234
0366 | 17:02:41 |  18.9s | 1.0e-04 | 0.0282 | 0.9311 | 0.9222 | 0.9472 | 0.0303 | 0.9246 | 0.8951 | 0.9209
0367 | 17:03:10 |  18.2s | 1.0e-04 | 0.0277 | 0.9311 | 0.9210 | 0.9466 | 0.0309 | 0.9143 | 0.9108 | 0.9230
0368 | 17:03:38 |  20.0s | 1.0e-04 | 0.0271 | 0.9320 | 0.9242 | 0.9485 | 0.0312 | 0.9134 | 0.9125 | 0.9236
0369 | 17:04:09 |  10.3s | 1.0e-04 | 0.0272 | 0.9322 | 0.9238 | 0.9492 | 0.0314 | 0.9248 | 0.8896 | 0.9169
0370 | 17:04:29 |  10.2s | 1.0e-04 | 0.0273 | 0.9317 | 0.9215 | 0.9468 | 0.0314 | 0.9032 | 0.9135 | 0.9173
0371 | 17:04:50 |  10.2s | 1.0e-04 | 0.0271 | 0.9319 | 0.9229 | 0.9485 | 0.0319 | 0.8985 | 0.9245 | 0.9224
0372 | 17:05:10 |  10.1s | 1.0e-04 | 0.0273 | 0.9322 | 0.9233 | 0.9488 | 0.0310 | 0.9206 | 0.9049 | 0.9247
0373 | 17:05:30 |  10.1s | 1.0e-04 | 0.0269 | 0.9321 | 0.9227 | 0.9478 | 0.0303 | 0.9249 | 0.9051 | 0.9288
0374 | 17:05:50 |  18.2s | 1.0e-04 | 0.0274 | 0.9324 | 0.9238 | 0.9500 | 0.0326 | 0.9183 | 0.8962 | 0.9152
0375 | 17:06:19 |  17.8s | 1.0e-04 | 0.0273 | 0.9337 | 0.9269 | 0.9515 | 0.0310 | 0.9162 | 0.8987 | 0.9154
0376 | 17:06:47 |  10.6s | 1.0e-04 | 0.0283 | 0.9314 | 0.9239 | 0.9479 | 0.0303 | 0.9225 | 0.9041 | 0.9253
0377 | 17:07:08 |  10.5s | 1.0e-04 | 0.0277 | 0.9323 | 0.9242 | 0.9500 | 0.0300 | 0.9216 | 0.9089 | 0.9287
0378 | 17:07:28 |  10.3s | 1.0e-04 | 0.0278 | 0.9328 | 0.9262 | 0.9509 | 0.0304 | 0.9270 | 0.8930 | 0.9222
0379 | 17:07:49 |  10.6s | 1.0e-04 | 0.0277 | 0.9331 | 0.9257 | 0.9507 | 0.0299 | 0.9112 | 0.9166 | 0.9244
0380 | 17:08:10 |  10.4s | 1.0e-04 | 0.0282 | 0.9318 | 0.9257 | 0.9497 | 0.0314 | 0.9098 | 0.9147 | 0.9240
0381 | 17:08:30 |  10.4s | 1.0e-04 | 0.0282 | 0.9316 | 0.9249 | 0.9490 | 0.0313 | 0.9013 | 0.9199 | 0.9200
0382 | 17:08:51 |  18.3s | 1.0e-04 | 0.0280 | 0.9315 | 0.9251 | 0.9492 | 0.0301 | 0.9245 | 0.9105 | 0.9324
0383 | 17:09:20 |  27.7s | 1.0e-04 | 0.0281 | 0.9331 | 0.9267 | 0.9509 | 0.0308 | 0.9103 | 0.9159 | 0.9248
0384 | 17:09:57 |  10.4s | 1.0e-04 | 0.0295 | 0.9308 | 0.9232 | 0.9467 | 0.0297 | 0.9114 | 0.9181 | 0.9271
0385 | 17:10:18 |  10.4s | 1.0e-04 | 0.0285 | 0.9326 | 0.9252 | 0.9509 | 0.0299 | 0.9191 | 0.9171 | 0.9345
0386 | 17:10:39 |  10.1s | 1.0e-04 | 0.0293 | 0.9297 | 0.9231 | 0.9473 | 0.0304 | 0.9225 | 0.9027 | 0.9250
0387 | 17:10:59 |  10.5s | 1.0e-04 | 0.0287 | 0.9317 | 0.9249 | 0.9493 | 0.0302 | 0.9017 | 0.9236 | 0.9253
0388 | 17:11:20 |  10.4s | 1.0e-04 | 0.0284 | 0.9319 | 0.9250 | 0.9489 | 0.0302 | 0.9026 | 0.9230 | 0.9243
0389 | 17:11:40 |  10.4s | 1.0e-04 | 0.0288 | 0.9308 | 0.9232 | 0.9477 | 0.0306 | 0.9115 | 0.9172 | 0.9275
0390 | 17:12:01 |  18.1s | 1.0e-04 | 0.0282 | 0.9295 | 0.9210 | 0.9446 | 0.0313 | 0.9185 | 0.9082 | 0.9252
0391 | 17:12:29 |  26.6s | 1.0e-04 | 0.0273 | 0.9322 | 0.9233 | 0.9487 | 0.0303 | 0.9314 | 0.8911 | 0.9260
0392 | 17:13:06 |  10.1s | 1.0e-04 | 0.0269 | 0.9327 | 0.9223 | 0.9487 | 0.0301 | 0.9119 | 0.9190 | 0.9292
0393 | 17:13:26 |  10.2s | 1.0e-04 | 0.0270 | 0.9322 | 0.9236 | 0.9483 | 0.0294 | 0.9236 | 0.9103 | 0.9323
0394 | 17:13:46 |  10.2s | 1.0e-04 | 0.0275 | 0.9313 | 0.9224 | 0.9474 | 0.0304 | 0.9257 | 0.9054 | 0.9313
0395 | 17:14:07 |  10.1s | 1.0e-04 | 0.0267 | 0.9334 | 0.9240 | 0.9500 | 0.0303 | 0.9085 | 0.9184 | 0.9248
0396 | 17:14:27 |  10.1s | 1.0e-04 | 0.0267 | 0.9334 | 0.9241 | 0.9496 | 0.0304 | 0.9218 | 0.9041 | 0.9257
0397 | 17:14:47 |  18.8s | 1.0e-04 | 0.0272 | 0.9327 | 0.9240 | 0.9495 | 0.0291 | 0.9181 | 0.9126 | 0.9289
0398 | 17:15:16 |  18.3s | 1.0e-04 | 0.0272 | 0.9331 | 0.9242 | 0.9504 | 0.0298 | 0.9199 | 0.9143 | 0.9314
0399 | 17:15:45 |  19.4s | 1.0e-04 | 0.0269 | 0.9317 | 0.9239 | 0.9478 | 0.0301 | 0.9128 | 0.9229 | 0.9323
0400 | 17:16:14 |  10.1s | 1.0e-04 | 0.0270 | 0.9318 | 0.9241 | 0.9484 | 0.0304 | 0.9112 | 0.9106 | 0.9216
0401 | 17:16:34 |  10.4s | 1.0e-04 | 0.0272 | 0.9314 | 0.9230 | 0.9479 | 0.0298 | 0.9144 | 0.9129 | 0.9245
0402 | 17:16:55 |  10.3s | 1.0e-04 | 0.0272 | 0.9325 | 0.9242 | 0.9487 | 0.0291 | 0.9211 | 0.9092 | 0.9285
0403 | 17:17:16 |  10.3s | 1.0e-04 | 0.0273 | 0.9324 | 0.9243 | 0.9493 | 0.0297 | 0.9194 | 0.9110 | 0.9278
0404 | 17:17:36 |  10.4s | 1.0e-04 | 0.0274 | 0.9325 | 0.9242 | 0.9492 | 0.0297 | 0.9267 | 0.9033 | 0.9285
0405 | 17:17:57 |  18.3s | 1.0e-04 | 0.0270 | 0.9326 | 0.9252 | 0.9495 | 0.0302 | 0.9296 | 0.8996 | 0.9293
0406 | 17:18:25 |  18.7s | 1.0e-04 | 0.0269 | 0.9345 | 0.9264 | 0.9529 | 0.0309 | 0.9151 | 0.9116 | 0.9251
0407 | 17:18:54 |  18.7s | 1.0e-04 | 0.0282 | 0.9322 | 0.9252 | 0.9493 | 0.0291 | 0.9277 | 0.9093 | 0.9340
0408 | 17:19:23 |  10.1s | 1.0e-04 | 0.0283 | 0.9320 | 0.9251 | 0.9485 | 0.0305 | 0.9258 | 0.9045 | 0.9290
0409 | 17:19:43 |  10.1s | 1.0e-04 | 0.0286 | 0.9320 | 0.9246 | 0.9491 | 0.0298 | 0.9291 | 0.8953 | 0.9261
0410 | 17:20:03 |   9.9s | 1.0e-04 | 0.0287 | 0.9310 | 0.9229 | 0.9477 | 0.0304 | 0.9158 | 0.9146 | 0.9283
0411 | 17:20:24 |  10.0s | 1.0e-04 | 0.0289 | 0.9307 | 0.9241 | 0.9474 | 0.0295 | 0.9177 | 0.9095 | 0.9257
0412 | 17:20:44 |  10.0s | 1.0e-04 | 0.0285 | 0.9326 | 0.9249 | 0.9496 | 0.0312 | 0.9021 | 0.9250 | 0.9263
0413 | 17:21:04 |  18.6s | 1.0e-04 | 0.0287 | 0.9321 | 0.9234 | 0.9488 | 0.0301 | 0.9160 | 0.9226 | 0.9360
0414 | 17:21:33 |  17.2s | 1.0e-04 | 0.0287 | 0.9315 | 0.9242 | 0.9485 | 0.0304 | 0.9134 | 0.9142 | 0.9262
0415 | 17:22:00 |  20.0s | 1.0e-04 | 0.0275 | 0.9324 | 0.9245 | 0.9490 | 0.0299 | 0.9170 | 0.9161 | 0.9311
0416 | 17:22:30 |  10.2s | 1.0e-04 | 0.0276 | 0.9336 | 0.9250 | 0.9512 | 0.0288 | 0.9168 | 0.9126 | 0.9272
0417 | 17:22:51 |  10.2s | 1.0e-04 | 0.0272 | 0.9336 | 0.9250 | 0.9508 | 0.0304 | 0.9285 | 0.8923 | 0.9229
0418 | 17:23:11 |  10.2s | 1.0e-04 | 0.0278 | 0.9319 | 0.9240 | 0.9486 | 0.0298 | 0.9072 | 0.9184 | 0.9261
0419 | 17:23:31 |  10.3s | 1.0e-04 | 0.0273 | 0.9326 | 0.9238 | 0.9488 | 0.0293 | 0.9212 | 0.9099 | 0.9307
0420 | 17:23:52 |  10.3s | 1.0e-04 | 0.0271 | 0.9332 | 0.9256 | 0.9508 | 0.0306 | 0.9083 | 0.9206 | 0.9258
0421 | 17:24:12 |  18.3s | 1.0e-04 | 0.0305 | 0.9291 | 0.9216 | 0.9444 | 0.0328 | 0.9042 | 0.9042 | 0.9083
0422 | 17:24:41 |  31.4s | 1.0e-04 | 0.0291 | 0.9279 | 0.9202 | 0.9431 | 0.0307 | 0.9078 | 0.9171 | 0.9238
0423 | 17:25:24 |  10.7s | 1.0e-04 | 0.0297 | 0.9309 | 0.9232 | 0.9475 | 0.0293 | 0.9099 | 0.9228 | 0.9313
0424 | 17:25:46 |  10.6s | 1.0e-04 | 0.0284 | 0.9318 | 0.9252 | 0.9487 | 0.0296 | 0.9247 | 0.9080 | 0.9308
0425 | 17:26:07 |  10.5s | 1.0e-04 | 0.0285 | 0.9310 | 0.9224 | 0.9474 | 0.0290 | 0.9262 | 0.9079 | 0.9321
0426 | 17:26:28 |  10.5s | 1.0e-04 | 0.0286 | 0.9322 | 0.9231 | 0.9478 | 0.0295 | 0.9142 | 0.9214 | 0.9314
0427 | 17:26:49 |  10.4s | 1.0e-04 | 0.0286 | 0.9313 | 0.9238 | 0.9479 | 0.0289 | 0.9215 | 0.9131 | 0.9325
0428 | 17:27:10 |  10.5s | 1.0e-04 | 0.0280 | 0.9332 | 0.9264 | 0.9515 | 0.0293 | 0.9249 | 0.9101 | 0.9322
0429 | 17:27:31 |  17.8s | 1.0e-04 | 0.0283 | 0.9307 | 0.9234 | 0.9464 | 0.0298 | 0.9233 | 0.9050 | 0.9272
0430 | 17:27:59 |  27.6s | 1.0e-04 | 0.0276 | 0.9327 | 0.9260 | 0.9512 | 0.0289 | 0.9223 | 0.9218 | 0.9388
0431 | 17:28:37 |  10.4s | 1.0e-04 | 0.0271 | 0.9332 | 0.9251 | 0.9507 | 0.0298 | 0.9254 | 0.9094 | 0.9320
0432 | 17:28:57 |  10.1s | 1.0e-04 | 0.0268 | 0.9346 | 0.9255 | 0.9528 | 0.0299 | 0.9187 | 0.9149 | 0.9309
0433 | 17:29:18 |  10.1s | 1.0e-04 | 0.0268 | 0.9330 | 0.9259 | 0.9508 | 0.0290 | 0.9200 | 0.9131 | 0.9311
0434 | 17:29:38 |  10.2s | 1.0e-04 | 0.0264 | 0.9340 | 0.9262 | 0.9519 | 0.0307 | 0.9116 | 0.9226 | 0.9317
0435 | 17:29:58 |   9.9s | 1.0e-04 | 0.0280 | 0.9317 | 0.9233 | 0.9480 | 0.0293 | 0.9267 | 0.9037 | 0.9289
0436 | 17:30:18 |  18.9s | 1.0e-04 | 0.0269 | 0.9337 | 0.9250 | 0.9509 | 0.0300 | 0.9124 | 0.9205 | 0.9298
0437 | 17:30:48 |  10.0s | 1.0e-04 | 0.0264 | 0.9332 | 0.9264 | 0.9518 | 0.0298 | 0.9287 | 0.9015 | 0.9299
0438 | 17:31:08 |  27.4s | 1.0e-04 | 0.0262 | 0.9342 | 0.9263 | 0.9519 | 0.0306 | 0.9084 | 0.9233 | 0.9299
0439 | 17:31:46 |  10.3s | 1.0e-04 | 0.0267 | 0.9330 | 0.9255 | 0.9507 | 0.0295 | 0.9297 | 0.9021 | 0.9318
0440 | 17:32:06 |  10.3s | 1.0e-04 | 0.0263 | 0.9349 | 0.9274 | 0.9537 | 0.0300 | 0.9176 | 0.9145 | 0.9305
0441 | 17:32:26 |  10.2s | 1.0e-04 | 0.0266 | 0.9326 | 0.9255 | 0.9508 | 0.0315 | 0.8993 | 0.9255 | 0.9238
0442 | 17:32:47 |  10.2s | 1.0e-04 | 0.0267 | 0.9347 | 0.9262 | 0.9529 | 0.0298 | 0.9209 | 0.9118 | 0.9291
0443 | 17:33:07 |  10.2s | 1.0e-04 | 0.0268 | 0.9341 | 0.9257 | 0.9510 | 0.0297 | 0.9239 | 0.9038 | 0.9265
0444 | 17:33:28 |  18.3s | 1.0e-04 | 0.0265 | 0.9346 | 0.9270 | 0.9527 | 0.0301 | 0.9132 | 0.9110 | 0.9224
0445 | 17:33:56 |  18.3s | 1.0e-04 | 0.0272 | 0.9336 | 0.9259 | 0.9512 | 0.0301 | 0.9249 | 0.9041 | 0.9283
0446 | 17:34:25 |  19.7s | 1.0e-04 | 0.0273 | 0.9354 | 0.9295 | 0.9545 | 0.0296 | 0.9288 | 0.9048 | 0.9327
0447 | 17:34:55 |  10.2s | 1.0e-04 | 0.0272 | 0.9349 | 0.9283 | 0.9530 | 0.0304 | 0.9054 | 0.9256 | 0.9306
0448 | 17:35:15 |  10.3s | 1.0e-04 | 0.0272 | 0.9356 | 0.9272 | 0.9538 | 0.0300 | 0.9082 | 0.9249 | 0.9320
0449 | 17:35:36 |  10.3s | 1.0e-04 | 0.0273 | 0.9345 | 0.9283 | 0.9528 | 0.0302 | 0.9156 | 0.9182 | 0.9299
0450 | 17:35:56 |  10.2s | 1.0e-04 | 0.0275 | 0.9342 | 0.9273 | 0.9530 | 0.0295 | 0.9267 | 0.9079 | 0.9326
0451 | 17:36:17 |  10.2s | 1.0e-04 | 0.0269 | 0.9349 | 0.9283 | 0.9532 | 0.0293 | 0.9312 | 0.9051 | 0.9353
0452 | 17:36:37 |  17.5s | 1.0e-04 | 0.0272 | 0.9349 | 0.9304 | 0.9547 | 0.0302 | 0.9277 | 0.8965 | 0.9257
0453 | 17:37:05 |  19.6s | 1.0e-04 | 0.0275 | 0.9349 | 0.9277 | 0.9533 | 0.0295 | 0.9135 | 0.9182 | 0.9298
0454 | 17:37:35 |  19.9s | 1.0e-04 | 0.0276 | 0.9336 | 0.9275 | 0.9529 | 0.0300 | 0.9252 | 0.9110 | 0.9342
0455 | 17:38:06 |  10.6s | 1.0e-04 | 0.0274 | 0.9342 | 0.9275 | 0.9530 | 0.0293 | 0.9201 | 0.9143 | 0.9336
0456 | 17:38:27 |  10.5s | 1.0e-04 | 0.0279 | 0.9341 | 0.9272 | 0.9525 | 0.0308 | 0.9279 | 0.8966 | 0.9251
0457 | 17:38:48 |  10.5s | 1.0e-04 | 0.0275 | 0.9344 | 0.9273 | 0.9530 | 0.0299 | 0.9232 | 0.9055 | 0.9277
0458 | 17:39:09 |  10.5s | 1.0e-04 | 0.0275 | 0.9335 | 0.9274 | 0.9517 | 0.0290 | 0.9250 | 0.9150 | 0.9367
0459 | 17:39:30 |  10.5s | 1.0e-04 | 0.0273 | 0.9344 | 0.9286 | 0.9533 | 0.0287 | 0.9129 | 0.9212 | 0.9318
0460 | 17:39:51 |  19.5s | 1.0e-04 | 0.0272 | 0.9336 | 0.9260 | 0.9512 | 0.0292 | 0.9281 | 0.9045 | 0.9322
0461 | 17:40:21 |  28.6s | 1.0e-04 | 0.0268 | 0.9346 | 0.9260 | 0.9518 | 0.0289 | 0.9095 | 0.9239 | 0.9320
0462 | 17:41:00 |  10.2s | 1.0e-04 | 0.0273 | 0.9348 | 0.9291 | 0.9541 | 0.0292 | 0.9325 | 0.9025 | 0.9342
0463 | 17:41:20 |  10.2s | 1.0e-04 | 0.0279 | 0.9323 | 0.9262 | 0.9498 | 0.0297 | 0.9196 | 0.9165 | 0.9329
0464 | 17:41:41 |  10.5s | 1.0e-04 | 0.0276 | 0.9333 | 0.9266 | 0.9508 | 0.0296 | 0.9283 | 0.9034 | 0.9314
0465 | 17:42:02 |  10.5s | 1.0e-04 | 0.0274 | 0.9336 | 0.9262 | 0.9517 | 0.0278 | 0.9274 | 0.9098 | 0.9345
0466 | 17:42:23 |   9.9s | 1.0e-04 | 0.0272 | 0.9332 | 0.9257 | 0.9508 | 0.0284 | 0.9166 | 0.9250 | 0.9380
0467 | 17:42:43 |  10.3s | 1.0e-04 | 0.0277 | 0.9339 | 0.9274 | 0.9521 | 0.0289 | 0.9227 | 0.9163 | 0.9368
0468 | 17:43:03 |  20.2s | 1.0e-04 | 0.0275 | 0.9329 | 0.9257 | 0.9503 | 0.0288 | 0.9260 | 0.9070 | 0.9320
0469 | 17:43:34 |  29.3s | 1.0e-04 | 0.0274 | 0.9347 | 0.9263 | 0.9524 | 0.0290 | 0.9130 | 0.9164 | 0.9289
0470 | 17:44:13 |  10.4s | 1.0e-04 | 0.0277 | 0.9332 | 0.9239 | 0.9501 | 0.0297 | 0.9184 | 0.9200 | 0.9356
0471 | 17:44:35 |  10.5s | 1.0e-04 | 0.0275 | 0.9334 | 0.9254 | 0.9505 | 0.0292 | 0.9115 | 0.9228 | 0.9322
0472 | 17:44:56 |  10.5s | 1.0e-04 | 0.0276 | 0.9329 | 0.9256 | 0.9496 | 0.0292 | 0.9321 | 0.9011 | 0.9328
0473 | 17:45:17 |  10.4s | 1.0e-04 | 0.0269 | 0.9333 | 0.9264 | 0.9506 | 0.0288 | 0.9147 | 0.9160 | 0.9286
0474 | 17:45:38 |  10.5s | 1.0e-04 | 0.0271 | 0.9339 | 0.9267 | 0.9519 | 0.0287 | 0.9164 | 0.9162 | 0.9304
0475 | 17:45:59 |  10.4s | 1.0e-04 | 0.0277 | 0.9335 | 0.9255 | 0.9507 | 0.0285 | 0.9294 | 0.9057 | 0.9329
0476 | 17:46:21 |  10.6s | 1.0e-04 | 0.0274 | 0.9321 | 0.9256 | 0.9504 | 0.0288 | 0.9116 | 0.9246 | 0.9321
0477 | 17:46:42 |  28.3s | 1.0e-04 | 0.0274 | 0.9327 | 0.9253 | 0.9507 | 0.0289 | 0.9296 | 0.9052 | 0.9321
0478 | 17:47:21 |  10.5s | 1.0e-04 | 0.0273 | 0.9338 | 0.9254 | 0.9510 | 0.0294 | 0.9058 | 0.9246 | 0.9289
0479 | 17:47:42 |  10.6s | 1.0e-04 | 0.0271 | 0.9331 | 0.9272 | 0.9514 | 0.0285 | 0.9155 | 0.9189 | 0.9312
0480 | 17:48:03 |  10.8s | 1.0e-04 | 0.0273 | 0.9329 | 0.9262 | 0.9510 | 0.0286 | 0.9191 | 0.9224 | 0.9370
0481 | 17:48:24 |  10.8s | 1.0e-04 | 0.0273 | 0.9319 | 0.9245 | 0.9492 | 0.0297 | 0.9150 | 0.9227 | 0.9353
0482 | 17:48:46 |  10.7s | 1.0e-04 | 0.0271 | 0.9342 | 0.9267 | 0.9517 | 0.0282 | 0.9209 | 0.9156 | 0.9332
0483 | 17:49:07 |  19.4s | 1.0e-04 | 0.0271 | 0.9342 | 0.9268 | 0.9521 | 0.0293 | 0.9357 | 0.8994 | 0.9354
0484 | 17:49:37 |  19.4s | 1.0e-04 | 0.0277 | 0.9332 | 0.9262 | 0.9511 | 0.0297 | 0.9119 | 0.9240 | 0.9316
0485 | 17:50:06 |  20.1s | 1.0e-04 | 0.0267 | 0.9340 | 0.9268 | 0.9524 | 0.0283 | 0.9212 | 0.9147 | 0.9329
0486 | 17:50:37 |  10.8s | 1.0e-04 | 0.0272 | 0.9332 | 0.9267 | 0.9504 | 0.0292 | 0.9337 | 0.9008 | 0.9344
0487 | 17:50:58 |  10.7s | 1.0e-04 | 0.0262 | 0.9340 | 0.9249 | 0.9510 | 0.0283 | 0.9255 | 0.9120 | 0.9343
0488 | 17:51:19 |  10.8s | 1.0e-04 | 0.0261 | 0.9342 | 0.9256 | 0.9523 | 0.0298 | 0.9195 | 0.9088 | 0.9269
0489 | 17:51:41 |  10.8s | 1.0e-04 | 0.0261 | 0.9346 | 0.9266 | 0.9526 | 0.0292 | 0.9285 | 0.9023 | 0.9300
0490 | 17:52:02 |  10.9s | 1.0e-04 | 0.0266 | 0.9328 | 0.9251 | 0.9501 | 0.0290 | 0.9311 | 0.9005 | 0.9314
0491 | 17:52:23 |  19.4s | 1.0e-04 | 0.0278 | 0.9326 | 0.9255 | 0.9499 | 0.0280 | 0.9245 | 0.9105 | 0.9319
0492 | 17:52:53 |  19.1s | 1.0e-04 | 0.0262 | 0.9352 | 0.9284 | 0.9549 | 0.0295 | 0.9145 | 0.9183 | 0.9309
0493 | 17:53:24 |  20.7s | 1.0e-04 | 0.0257 | 0.9369 | 0.9304 | 0.9568 | 0.0299 | 0.9281 | 0.9094 | 0.9342
0494 | 17:54:00 |  20.8s | 1.0e-04 | 0.0255 | 0.9373 | 0.9307 | 0.9575 | 0.0288 | 0.9247 | 0.9118 | 0.9328
0495 | 17:54:36 |  20.8s | 1.0e-04 | 0.0256 | 0.9368 | 0.9308 | 0.9575 | 0.0301 | 0.9288 | 0.9000 | 0.9289
0496 | 17:55:12 |  21.4s | 1.0e-04 | 0.0254 | 0.9375 | 0.9303 | 0.9574 | 0.0293 | 0.9173 | 0.9125 | 0.9277
0497 | 17:55:49 |  20.3s | 1.0e-04 | 0.0253 | 0.9374 | 0.9305 | 0.9572 | 0.0293 | 0.9155 | 0.9093 | 0.9235
0498 | 17:56:26 |  19.4s | 1.0e-04 | 0.0255 | 0.9371 | 0.9295 | 0.9571 | 0.0294 | 0.9301 | 0.9067 | 0.9348
0499 | 17:57:01 |  25.9s | 1.0e-04 | 0.0255 | 0.9359 | 0.9277 | 0.9542 | 0.0292 | 0.9326 | 0.9022 | 0.9340
0500 | 17:57:42 |  25.0s | 1.0e-04 | 0.0253 | 0.9365 | 0.9268 | 0.9546 | 0.0307 | 0.9299 | 0.9021 | 0.9315
0501 | 17:58:22 |  16.2s | 1.0e-04 | 0.0254 | 0.9358 | 0.9288 | 0.9549 | 0.0291 | 0.9162 | 0.9231 | 0.9355
0502 | 17:58:53 |  12.9s | 1.0e-04 | 0.0257 | 0.9347 | 0.9270 | 0.9539 | 0.0292 | 0.9153 | 0.9124 | 0.9258
0503 | 17:59:20 |  13.6s | 1.0e-04 | 0.0257 | 0.9345 | 0.9265 | 0.9526 | 0.0293 | 0.9276 | 0.9129 | 0.9363
0504 | 17:59:48 |  12.6s | 1.0e-04 | 0.0258 | 0.9347 | 0.9259 | 0.9525 | 0.0288 | 0.9297 | 0.9135 | 0.9383
0505 | 18:00:15 |  13.0s | 1.0e-04 | 0.0251 | 0.9357 | 0.9267 | 0.9538 | 0.0292 | 0.9235 | 0.9136 | 0.9354
0506 | 18:00:42 |  12.9s | 1.0e-04 | 0.0254 | 0.9353 | 0.9272 | 0.9536 | 0.0284 | 0.9247 | 0.9094 | 0.9324
0507 | 18:01:09 |  32.0s | 1.0e-04 | 0.0262 | 0.9348 | 0.9276 | 0.9527 | 0.0296 | 0.9071 | 0.9237 | 0.9295
0508 | 18:01:55 |  35.6s | 1.0e-04 | 0.0267 | 0.9359 | 0.9287 | 0.9554 | 0.0286 | 0.9256 | 0.9089 | 0.9320
0509 | 18:02:44 |  16.9s | 1.0e-04 | 0.0261 | 0.9360 | 0.9281 | 0.9553 | 0.0286 | 0.9348 | 0.8993 | 0.9345
0510 | 18:03:15 |  16.6s | 1.0e-04 | 0.0259 | 0.9362 | 0.9283 | 0.9545 | 0.0285 | 0.9181 | 0.9178 | 0.9331
0511 | 18:03:46 |  16.0s | 1.0e-04 | 0.0258 | 0.9363 | 0.9284 | 0.9551 | 0.0289 | 0.9230 | 0.9088 | 0.9307
0512 | 18:04:16 |  15.2s | 1.0e-04 | 0.0260 | 0.9365 | 0.9301 | 0.9560 | 0.0292 | 0.9145 | 0.9208 | 0.9337
0513 | 18:04:44 |  15.2s | 1.0e-04 | 0.0261 | 0.9349 | 0.9284 | 0.9539 | 0.0290 | 0.9105 | 0.9260 | 0.9342
0514 | 18:05:13 |  14.8s | 1.0e-04 | 0.0259 | 0.9355 | 0.9291 | 0.9549 | 0.0296 | 0.9199 | 0.9144 | 0.9319
0515 | 18:05:42 |  27.9s | 1.0e-04 | 0.0253 | 0.9356 | 0.9291 | 0.9549 | 0.0287 | 0.9291 | 0.9088 | 0.9360
0516 | 18:06:21 |  34.6s | 1.0e-04 | 0.0259 | 0.9350 | 0.9286 | 0.9540 | 0.0293 | 0.9245 | 0.9107 | 0.9332
0517 | 18:07:10 |  23.6s | 1.0e-04 | 0.0262 | 0.9359 | 0.9293 | 0.9543 | 0.0287 | 0.9185 | 0.9131 | 0.9306
0518 | 18:07:48 |  23.5s | 1.0e-04 | 0.0264 | 0.9361 | 0.9285 | 0.9546 | 0.0289 | 0.9279 | 0.9127 | 0.9386
0519 | 18:08:27 |  19.7s | 1.0e-04 | 0.0262 | 0.9365 | 0.9288 | 0.9551 | 0.0292 | 0.9267 | 0.9073 | 0.9322
0520 | 18:09:02 |  18.8s | 1.0e-04 | 0.0263 | 0.9351 | 0.9281 | 0.9537 | 0.0287 | 0.9252 | 0.9057 | 0.9294
0521 | 18:09:35 |  18.1s | 1.0e-04 | 0.0265 | 0.9365 | 0.9287 | 0.9547 | 0.0291 | 0.9172 | 0.9171 | 0.9301
0522 | 18:10:08 |  27.0s | 1.0e-04 | 0.0262 | 0.9357 | 0.9281 | 0.9537 | 0.0287 | 0.9288 | 0.9073 | 0.9342
0523 | 18:10:50 |  24.5s | 1.0e-04 | 0.0262 | 0.9363 | 0.9288 | 0.9554 | 0.0280 | 0.9261 | 0.9140 | 0.9379
0524 | 18:11:26 |  25.0s | 1.0e-04 | 0.0254 | 0.9387 | 0.9322 | 0.9582 | 0.0286 | 0.9231 | 0.9134 | 0.9339
0525 | 18:12:05 |  22.6s | 1.0e-04 | 0.0256 | 0.9388 | 0.9328 | 0.9592 | 0.0286 | 0.9250 | 0.9096 | 0.9326
0526 | 18:12:42 |  22.4s | 1.0e-04 | 0.0255 | 0.9384 | 0.9324 | 0.9596 | 0.0284 | 0.9251 | 0.9166 | 0.9385
0527 | 18:13:18 |  22.4s | 1.0e-04 | 0.0259 | 0.9376 | 0.9315 | 0.9576 | 0.0292 | 0.9133 | 0.9246 | 0.9349
0528 | 18:13:55 |  22.6s | 1.0e-04 | 0.0256 | 0.9387 | 0.9330 | 0.9590 | 0.0292 | 0.9160 | 0.9204 | 0.9329
0529 | 18:14:31 |  22.2s | 1.0e-04 | 0.0259 | 0.9372 | 0.9313 | 0.9575 | 0.0300 | 0.9347 | 0.8885 | 0.9270
0530 | 18:15:08 |  22.9s | 1.0e-04 | 0.0254 | 0.9383 | 0.9313 | 0.9582 | 0.0292 | 0.9247 | 0.9045 | 0.9285
0531 | 18:15:45 |  28.3s | 1.0e-04 | 0.0258 | 0.9374 | 0.9308 | 0.9571 | 0.0275 | 0.9214 | 0.9158 | 0.9337
0532 | 18:16:27 |  33.4s | 1.0e-04 | 0.0253 | 0.9364 | 0.9302 | 0.9567 | 0.0293 | 0.9250 | 0.9142 | 0.9357
0533 | 18:17:12 |  21.4s | 1.0e-04 | 0.0250 | 0.9380 | 0.9312 | 0.9579 | 0.0294 | 0.9247 | 0.9037 | 0.9273
0534 | 18:17:46 |  20.8s | 1.0e-04 | 0.0251 | 0.9373 | 0.9311 | 0.9580 | 0.0296 | 0.9190 | 0.9217 | 0.9375
0535 | 18:18:18 |  20.0s | 1.0e-04 | 0.0254 | 0.9363 | 0.9293 | 0.9554 | 0.0290 | 0.9253 | 0.9135 | 0.9358
0536 | 18:18:50 |  19.6s | 1.0e-04 | 0.0256 | 0.9365 | 0.9290 | 0.9560 | 0.0282 | 0.9161 | 0.9206 | 0.9335
0537 | 18:19:21 |  12.7s | 1.0e-04 | 0.0251 | 0.9368 | 0.9294 | 0.9564 | 0.0310 | 0.9059 | 0.9273 | 0.9319
0538 | 18:19:48 |  30.8s | 1.0e-04 | 0.0252 | 0.9359 | 0.9311 | 0.9565 | 0.0289 | 0.9208 | 0.9167 | 0.9349
0539 | 18:20:30 |  24.9s | 1.0e-04 | 0.0257 | 0.9364 | 0.9300 | 0.9559 | 0.0307 | 0.9099 | 0.9188 | 0.9287
0540 | 18:21:10 |  21.4s | 1.0e-04 | 0.0254 | 0.9374 | 0.9313 | 0.9572 | 0.0288 | 0.9202 | 0.9131 | 0.9314
0541 | 18:21:45 |  13.3s | 1.0e-04 | 0.0249 | 0.9381 | 0.9312 | 0.9581 | 0.0294 | 0.9295 | 0.9092 | 0.9352
0542 | 18:22:11 |  13.5s | 1.0e-04 | 0.0247 | 0.9384 | 0.9322 | 0.9585 | 0.0288 | 0.9126 | 0.9170 | 0.9263
0543 | 18:22:38 |  13.1s | 1.0e-04 | 0.0251 | 0.9384 | 0.9303 | 0.9576 | 0.0290 | 0.9291 | 0.9043 | 0.9321
0544 | 18:23:04 |  10.5s | 1.0e-04 | 0.0250 | 0.9388 | 0.9322 | 0.9588 | 0.0285 | 0.9194 | 0.9141 | 0.9321
0545 | 18:23:26 |  18.6s | 1.0e-04 | 0.0244 | 0.9382 | 0.9330 | 0.9589 | 0.0286 | 0.9254 | 0.9158 | 0.9378
0546 | 18:23:55 |  26.1s | 1.0e-04 | 0.0246 | 0.9370 | 0.9304 | 0.9570 | 0.0285 | 0.9138 | 0.9168 | 0.9285
0547 | 18:24:35 |  35.6s | 1.0e-04 | 0.0250 | 0.9368 | 0.9301 | 0.9566 | 0.0280 | 0.9328 | 0.8980 | 0.9313
0548 | 18:25:23 |  22.5s | 1.0e-04 | 0.0253 | 0.9349 | 0.9282 | 0.9537 | 0.0277 | 0.9285 | 0.9133 | 0.9378
0549 | 18:25:58 |  21.6s | 1.0e-04 | 0.0256 | 0.9345 | 0.9271 | 0.9521 | 0.0286 | 0.9189 | 0.9182 | 0.9336
0550 | 18:26:31 |  20.9s | 1.0e-04 | 0.0251 | 0.9351 | 0.9289 | 0.9542 | 0.0281 | 0.9166 | 0.9263 | 0.9370
0551 | 18:27:04 |  19.8s | 1.0e-04 | 0.0250 | 0.9354 | 0.9277 | 0.9533 | 0.0293 | 0.9291 | 0.9082 | 0.9360
0552 | 18:27:36 |  17.3s | 1.0e-04 | 0.0250 | 0.9353 | 0.9293 | 0.9544 | 0.0290 | 0.9173 | 0.9184 | 0.9336
0553 | 18:28:08 |  17.6s | 1.0e-04 | 0.0254 | 0.9354 | 0.9261 | 0.9538 | 0.0288 | 0.9236 | 0.9184 | 0.9381
0554 | 18:28:39 |  29.0s | 1.0e-04 | 0.0264 | 0.9352 | 0.9283 | 0.9534 | 0.0286 | 0.9178 | 0.9151 | 0.9307
0555 | 18:29:19 |  38.4s | 1.0e-04 | 0.0261 | 0.9349 | 0.9293 | 0.9540 | 0.0281 | 0.9276 | 0.9072 | 0.9324
0556 | 18:30:10 |  13.6s | 1.0e-04 | 0.0258 | 0.9370 | 0.9298 | 0.9556 | 0.0284 | 0.9132 | 0.9260 | 0.9340
0557 | 18:30:36 |  13.4s | 1.0e-04 | 0.0260 | 0.9346 | 0.9292 | 0.9538 | 0.0287 | 0.9141 | 0.9256 | 0.9349
0558 | 18:31:02 |  13.1s | 1.0e-04 | 0.0260 | 0.9360 | 0.9291 | 0.9551 | 0.0283 | 0.9251 | 0.9203 | 0.9407
0559 | 18:31:28 |  19.6s | 1.0e-04 | 0.0258 | 0.9354 | 0.9288 | 0.9551 | 0.0295 | 0.9051 | 0.9340 | 0.9366
0560 | 18:32:03 |  20.1s | 1.0e-04 | 0.0258 | 0.9361 | 0.9284 | 0.9554 | 0.0290 | 0.9266 | 0.9050 | 0.9304
0561 | 18:32:38 |  27.4s | 1.0e-04 | 0.0260 | 0.9368 | 0.9288 | 0.9557 | 0.0289 | 0.9326 | 0.9124 | 0.9413
0562 | 18:33:16 |  15.1s | 1.0e-04 | 0.0253 | 0.9343 | 0.9260 | 0.9516 | 0.0284 | 0.9271 | 0.9087 | 0.9328
0563 | 18:33:42 |  35.9s | 1.0e-04 | 0.0249 | 0.9357 | 0.9286 | 0.9542 | 0.0288 | 0.9300 | 0.9106 | 0.9382
0564 | 18:34:32 |  13.8s | 1.0e-04 | 0.0254 | 0.9358 | 0.9287 | 0.9552 | 0.0277 | 0.9254 | 0.9125 | 0.9347
0565 | 18:34:59 |  13.8s | 1.0e-04 | 0.0254 | 0.9369 | 0.9285 | 0.9557 | 0.0289 | 0.9162 | 0.9189 | 0.9317
0566 | 18:35:25 |  22.8s | 1.0e-04 | 0.0256 | 0.9363 | 0.9272 | 0.9541 | 0.0275 | 0.9194 | 0.9267 | 0.9426
0567 | 18:36:02 |  23.6s | 1.0e-04 | 0.0256 | 0.9348 | 0.9272 | 0.9539 | 0.0282 | 0.9292 | 0.9082 | 0.9360
0568 | 18:36:40 |  23.2s | 1.0e-04 | 0.0250 | 0.9361 | 0.9293 | 0.9555 | 0.0274 | 0.9273 | 0.9230 | 0.9446
0569 | 18:37:18 |  31.3s | 1.0e-04 | 0.0255 | 0.9348 | 0.9281 | 0.9537 | 0.0286 | 0.9277 | 0.9058 | 0.9317
0570 | 18:38:03 |  21.1s | 1.0e-04 | 0.0258 | 0.9377 | 0.9319 | 0.9578 | 0.0295 | 0.9202 | 0.9123 | 0.9309
0571 | 18:38:36 |  24.8s | 1.0e-04 | 0.0261 | 0.9362 | 0.9300 | 0.9562 | 0.0279 | 0.9241 | 0.9188 | 0.9394
0572 | 18:39:15 |  15.7s | 1.0e-04 | 0.0262 | 0.9362 | 0.9300 | 0.9560 | 0.0286 | 0.9188 | 0.9124 | 0.9291
0573 | 18:39:42 |  17.3s | 1.0e-04 | 0.0255 | 0.9371 | 0.9317 | 0.9575 | 0.0274 | 0.9205 | 0.9212 | 0.9386
0574 | 18:40:11 |  16.3s | 1.0e-04 | 0.0263 | 0.9368 | 0.9291 | 0.9558 | 0.0291 | 0.9255 | 0.9074 | 0.9313
0575 | 18:40:38 |  15.9s | 1.0e-04 | 0.0263 | 0.9354 | 0.9298 | 0.9552 | 0.0291 | 0.9177 | 0.9147 | 0.9315
0576 | 18:41:04 |  14.7s | 1.0e-04 | 0.0259 | 0.9364 | 0.9302 | 0.9561 | 0.0281 | 0.9229 | 0.9210 | 0.9390
0577 | 18:41:31 |  24.4s | 1.0e-04 | 0.0257 | 0.9361 | 0.9309 | 0.9568 | 0.0287 | 0.9211 | 0.9156 | 0.9329
0578 | 18:42:10 |  31.0s | 1.0e-04 | 0.0264 | 0.9367 | 0.9311 | 0.9567 | 0.0284 | 0.9256 | 0.9129 | 0.9358
0579 | 18:42:55 |  28.4s | 1.0e-04 | 0.0266 | 0.9371 | 0.9331 | 0.9580 | 0.0285 | 0.9131 | 0.9277 | 0.9371
0580 | 18:43:37 |  12.5s | 1.0e-04 | 0.0263 | 0.9375 | 0.9347 | 0.9583 | 0.0286 | 0.9306 | 0.9124 | 0.9385
0581 | 18:44:03 |  12.6s | 1.0e-04 | 0.0262 | 0.9382 | 0.9334 | 0.9591 | 0.0290 | 0.9233 | 0.9130 | 0.9340
0582 | 18:44:31 |  12.8s | 1.0e-04 | 0.0266 | 0.9382 | 0.9344 | 0.9589 | 0.0283 | 0.9328 | 0.9086 | 0.9386
0583 | 18:44:57 |  12.3s | 1.0e-04 | 0.0264 | 0.9373 | 0.9330 | 0.9587 | 0.0285 | 0.9298 | 0.9066 | 0.9343
0584 | 18:45:24 |  12.6s | 1.0e-04 | 0.0264 | 0.9379 | 0.9337 | 0.9588 | 0.0277 | 0.9218 | 0.9200 | 0.9380
0585 | 18:45:50 |  26.6s | 1.0e-04 | 0.0264 | 0.9387 | 0.9345 | 0.9594 | 0.0279 | 0.9261 | 0.9115 | 0.9346
0586 | 18:46:29 |  33.9s | 1.0e-04 | 0.0263 | 0.9376 | 0.9319 | 0.9577 | 0.0286 | 0.9352 | 0.9001 | 0.9352
0587 | 18:47:15 |  16.2s | 1.0e-04 | 0.0253 | 0.9382 | 0.9328 | 0.9590 | 0.0290 | 0.9281 | 0.9100 | 0.9357
0588 | 18:47:46 |  17.1s | 1.0e-04 | 0.0259 | 0.9377 | 0.9313 | 0.9580 | 0.0285 | 0.9291 | 0.9127 | 0.9391
0589 | 18:48:17 |  16.3s | 1.0e-04 | 0.0259 | 0.9376 | 0.9326 | 0.9579 | 0.0283 | 0.9274 | 0.9146 | 0.9373
0590 | 18:48:47 |  15.7s | 1.0e-04 | 0.0258 | 0.9376 | 0.9316 | 0.9577 | 0.0292 | 0.9100 | 0.9320 | 0.9376
0591 | 18:49:17 |  15.2s | 1.0e-04 | 0.0256 | 0.9372 | 0.9321 | 0.9574 | 0.0287 | 0.9176 | 0.9218 | 0.9362
0592 | 18:49:46 |  15.0s | 1.0e-04 | 0.0258 | 0.9377 | 0.9323 | 0.9582 | 0.0289 | 0.9157 | 0.9166 | 0.9308
0593 | 18:50:14 |  31.3s | 1.0e-04 | 0.0257 | 0.9366 | 0.9304 | 0.9560 | 0.0280 | 0.9205 | 0.9214 | 0.9372
0594 | 18:50:57 |  35.0s | 1.0e-04 | 0.0254 | 0.9376 | 0.9307 | 0.9576 | 0.0280 | 0.9171 | 0.9259 | 0.9398
0595 | 18:51:47 |  22.4s | 1.0e-04 | 0.0257 | 0.9377 | 0.9310 | 0.9579 | 0.0278 | 0.9263 | 0.9140 | 0.9373
0596 | 18:52:25 |  21.7s | 1.0e-04 | 0.0252 | 0.9379 | 0.9329 | 0.9585 | 0.0283 | 0.9223 | 0.9149 | 0.9349
0597 | 18:53:02 |  20.2s | 1.0e-04 | 0.0255 | 0.9384 | 0.9335 | 0.9591 | 0.0289 | 0.9207 | 0.9153 | 0.9327
0598 | 18:53:37 |  19.5s | 1.0e-04 | 0.0257 | 0.9379 | 0.9327 | 0.9586 | 0.0289 | 0.9149 | 0.9237 | 0.9352
0599 | 18:54:12 |  19.3s | 1.0e-04 | 0.0257 | 0.9366 | 0.9320 | 0.9563 | 0.0281 | 0.9286 | 0.9157 | 0.9401
0600 | 18:54:47 |  17.2s | 1.0e-04 | 0.0253 | 0.9374 | 0.9315 | 0.9580 | 0.0286 | 0.9244 | 0.9048 | 0.9282
0601 | 18:55:21 |  15.1s | 1.0e-04 | 0.0250 | 0.9399 | 0.9349 | 0.9620 | 0.0285 | 0.9101 | 0.9285 | 0.9342
0602 | 18:55:49 |  40.4s | 1.0e-04 | 0.0251 | 0.9384 | 0.9317 | 0.9586 | 0.0282 | 0.9275 | 0.9171 | 0.9401
0603 | 18:56:41 |  17.7s | 1.0e-04 | 0.0256 | 0.9368 | 0.9300 | 0.9561 | 0.0273 | 0.9265 | 0.9175 | 0.9393
0604 | 18:57:10 |  17.2s | 1.0e-04 | 0.0260 | 0.9349 | 0.9296 | 0.9546 | 0.0284 | 0.9288 | 0.9100 | 0.9359
0605 | 18:57:38 |  16.1s | 1.0e-04 | 0.0252 | 0.9381 | 0.9308 | 0.9577 | 0.0280 | 0.9309 | 0.9170 | 0.9430
0606 | 18:58:05 |  15.6s | 1.0e-04 | 0.0257 | 0.9368 | 0.9310 | 0.9569 | 0.0274 | 0.9178 | 0.9229 | 0.9364
0607 | 18:58:32 |  15.3s | 1.0e-04 | 0.0254 | 0.9366 | 0.9298 | 0.9564 | 0.0280 | 0.9133 | 0.9297 | 0.9378
0608 | 18:58:59 |  23.1s | 1.0e-04 | 0.0256 | 0.9371 | 0.9310 | 0.9568 | 0.0279 | 0.9327 | 0.9127 | 0.9418
0609 | 18:59:37 |  30.8s | 1.0e-04 | 0.0261 | 0.9363 | 0.9306 | 0.9560 | 0.0283 | 0.9173 | 0.9187 | 0.9323
0610 | 19:00:21 |  32.2s | 1.0e-04 | 0.0265 | 0.9371 | 0.9324 | 0.9579 | 0.0274 | 0.9291 | 0.9126 | 0.9380
0611 | 19:01:08 |  20.7s | 1.0e-04 | 0.0260 | 0.9386 | 0.9343 | 0.9598 | 0.0288 | 0.9116 | 0.9228 | 0.9313
0612 | 19:01:41 |  20.1s | 1.0e-04 | 0.0261 | 0.9386 | 0.9348 | 0.9600 | 0.0285 | 0.9249 | 0.9157 | 0.9384
0613 | 19:02:15 |  19.3s | 1.0e-04 | 0.0258 | 0.9388 | 0.9337 | 0.9598 | 0.0285 | 0.9070 | 0.9343 | 0.9369
0614 | 19:02:47 |  19.0s | 1.0e-04 | 0.0260 | 0.9383 | 0.9333 | 0.9587 | 0.0291 | 0.9311 | 0.9095 | 0.9383
0615 | 19:03:18 |  17.9s | 1.0e-04 | 0.0262 | 0.9393 | 0.9333 | 0.9595 | 0.0277 | 0.9267 | 0.9164 | 0.9402
0616 | 19:03:49 |  22.5s | 1.0e-04 | 0.0258 | 0.9387 | 0.9341 | 0.9604 | 0.0282 | 0.9224 | 0.9112 | 0.9314
0617 | 19:04:25 |  23.2s | 1.0e-04 | 0.0254 | 0.9387 | 0.9333 | 0.9601 | 0.0283 | 0.9200 | 0.9201 | 0.9350
0618 | 19:05:02 |  24.7s | 1.0e-04 | 0.0246 | 0.9385 | 0.9331 | 0.9588 | 0.0281 | 0.9125 | 0.9286 | 0.9382
0619 | 19:05:42 |  13.2s | 1.0e-04 | 0.0243 | 0.9395 | 0.9343 | 0.9605 | 0.0294 | 0.9087 | 0.9300 | 0.9356
0620 | 19:06:09 |  13.8s | 1.0e-04 | 0.0247 | 0.9385 | 0.9333 | 0.9605 | 0.0289 | 0.9222 | 0.9161 | 0.9352
0621 | 19:06:37 |  13.1s | 1.0e-04 | 0.0246 | 0.9399 | 0.9334 | 0.9598 | 0.0279 | 0.9318 | 0.9031 | 0.9339
0622 | 19:07:01 |  22.1s | 1.0e-04 | 0.0240 | 0.9392 | 0.9329 | 0.9603 | 0.0282 | 0.9164 | 0.9226 | 0.9361
0623 | 19:07:38 |  16.9s | 1.0e-04 | 0.0245 | 0.9388 | 0.9332 | 0.9601 | 0.0291 | 0.9114 | 0.9248 | 0.9318
0624 | 19:08:06 |  25.3s | 1.0e-04 | 0.0242 | 0.9380 | 0.9332 | 0.9588 | 0.0293 | 0.9159 | 0.9283 | 0.9389
0625 | 19:08:46 |  28.9s | 1.0e-04 | 0.0246 | 0.9381 | 0.9304 | 0.9580 | 0.0280 | 0.9338 | 0.9079 | 0.9393
0626 | 19:09:29 |  13.7s | 1.0e-04 | 0.0247 | 0.9371 | 0.9303 | 0.9573 | 0.0290 | 0.9273 | 0.9218 | 0.9437
0627 | 19:09:56 |  14.5s | 1.0e-04 | 0.0243 | 0.9378 | 0.9313 | 0.9570 | 0.0282 | 0.9305 | 0.9094 | 0.9375
0628 | 19:10:22 |  14.3s | 1.0e-04 | 0.0246 | 0.9365 | 0.9307 | 0.9568 | 0.0277 | 0.9246 | 0.9201 | 0.9398
0629 | 19:10:47 |  12.5s | 1.0e-04 | 0.0242 | 0.9385 | 0.9317 | 0.9589 | 0.0289 | 0.9378 | 0.8900 | 0.9293
0630 | 19:11:15 |  17.4s | 1.0e-04 | 0.0247 | 0.9369 | 0.9312 | 0.9576 | 0.0292 | 0.9250 | 0.9072 | 0.9304
0631 | 19:11:46 |  13.6s | 1.0e-04 | 0.0241 | 0.9380 | 0.9318 | 0.9588 | 0.0277 | 0.9250 | 0.9205 | 0.9402
0632 | 19:12:12 |  25.6s | 1.0e-04 | 0.0248 | 0.9376 | 0.9328 | 0.9592 | 0.0286 | 0.9301 | 0.9158 | 0.9412
0633 | 19:12:53 |  37.4s | 1.0e-04 | 0.0251 | 0.9371 | 0.9332 | 0.9578 | 0.0285 | 0.9133 | 0.9242 | 0.9354
0634 | 19:13:41 |  21.4s | 1.0e-04 | 0.0257 | 0.9383 | 0.9322 | 0.9590 | 0.0286 | 0.9311 | 0.9041 | 0.9342
0635 | 19:14:15 |  20.3s | 1.0e-04 | 0.0258 | 0.9376 | 0.9314 | 0.9568 | 0.0277 | 0.9296 | 0.9095 | 0.9373
0636 | 19:14:48 |  19.5s | 1.0e-04 | 0.0259 | 0.9368 | 0.9307 | 0.9568 | 0.0276 | 0.9236 | 0.9193 | 0.9384
0637 | 19:15:19 |  13.5s | 1.0e-04 | 0.0259 | 0.9377 | 0.9329 | 0.9590 | 0.0284 | 0.9275 | 0.9140 | 0.9370
0638 | 19:15:46 |  13.5s | 1.0e-04 | 0.0254 | 0.9367 | 0.9307 | 0.9565 | 0.0276 | 0.9218 | 0.9208 | 0.9390
0639 | 19:16:10 |  15.3s | 1.0e-04 | 0.0255 | 0.9382 | 0.9335 | 0.9593 | 0.0280 | 0.9189 | 0.9244 | 0.9409
0640 | 19:16:38 |  25.5s | 1.0e-04 | 0.0266 | 0.9365 | 0.9312 | 0.9566 | 0.0276 | 0.9195 | 0.9170 | 0.9327
0641 | 19:17:19 |  34.5s | 1.0e-04 | 0.0254 | 0.9387 | 0.9334 | 0.9597 | 0.0279 | 0.9299 | 0.9089 | 0.9357
0642 | 19:18:10 |  19.7s | 1.0e-04 | 0.0246 | 0.9388 | 0.9325 | 0.9596 | 0.0279 | 0.9162 | 0.9217 | 0.9345
0643 | 19:18:45 |  19.1s | 1.0e-04 | 0.0253 | 0.9372 | 0.9306 | 0.9575 | 0.0278 | 0.9299 | 0.9115 | 0.9390
0644 | 19:19:19 |  14.7s | 1.0e-04 | 0.0247 | 0.9386 | 0.9318 | 0.9599 | 0.0283 | 0.9313 | 0.9135 | 0.9414
0645 | 19:19:47 |  21.3s | 1.0e-04 | 0.0249 | 0.9387 | 0.9325 | 0.9588 | 0.0282 | 0.9240 | 0.9208 | 0.9403
0646 | 19:20:20 |  13.7s | 1.0e-04 | 0.0250 | 0.9379 | 0.9309 | 0.9580 | 0.0280 | 0.9122 | 0.9309 | 0.9391
0647 | 19:20:48 |  29.7s | 1.0e-04 | 0.0248 | 0.9380 | 0.9330 | 0.9588 | 0.0278 | 0.9133 | 0.9271 | 0.9359
0648 | 19:21:29 |  23.6s | 1.0e-04 | 0.0245 | 0.9397 | 0.9323 | 0.9601 | 0.0288 | 0.9177 | 0.9237 | 0.9355
0649 | 19:22:08 |  25.1s | 1.0e-04 | 0.0250 | 0.9386 | 0.9326 | 0.9592 | 0.0290 | 0.9207 | 0.9255 | 0.9403
0650 | 19:22:47 |  13.0s | 1.0e-04 | 0.0253 | 0.9391 | 0.9337 | 0.9601 | 0.0283 | 0.9253 | 0.9129 | 0.9352
0651 | 19:23:14 |  12.7s | 1.0e-04 | 0.0254 | 0.9393 | 0.9329 | 0.9599 | 0.0283 | 0.9208 | 0.9181 | 0.9355
0652 | 19:23:38 |  19.8s | 1.0e-04 | 0.0253 | 0.9390 | 0.9338 | 0.9601 | 0.0283 | 0.9297 | 0.9131 | 0.9400
0653 | 19:24:12 |  21.4s | 1.0e-04 | 0.0249 | 0.9406 | 0.9343 | 0.9607 | 0.0271 | 0.9251 | 0.9162 | 0.9389
0654 | 19:24:45 |  13.1s | 1.0e-04 | 0.0251 | 0.9398 | 0.9350 | 0.9614 | 0.0287 | 0.9162 | 0.9252 | 0.9374
0655 | 19:25:11 |  23.1s | 1.0e-04 | 0.0254 | 0.9385 | 0.9339 | 0.9591 | 0.0281 | 0.9268 | 0.9157 | 0.9391
0656 | 19:25:47 |  25.9s | 1.0e-04 | 0.0256 | 0.9389 | 0.9346 | 0.9607 | 0.0276 | 0.9256 | 0.9209 | 0.9421
0657 | 19:26:29 |  30.5s | 1.0e-04 | 0.0257 | 0.9401 | 0.9354 | 0.9618 | 0.0272 | 0.9265 | 0.9236 | 0.9424
0658 | 19:27:12 |  16.2s | 1.0e-04 | 0.0257 | 0.9403 | 0.9365 | 0.9624 | 0.0280 | 0.9138 | 0.9209 | 0.9328
0659 | 19:27:41 |  14.4s | 1.0e-04 | 0.0253 | 0.9407 | 0.9368 | 0.9628 | 0.0284 | 0.9365 | 0.9053 | 0.9402
0660 | 19:28:09 |  16.5s | 1.0e-04 | 0.0252 | 0.9415 | 0.9371 | 0.9643 | 0.0285 | 0.9165 | 0.9243 | 0.9372
0661 | 19:28:39 |  13.2s | 1.0e-04 | 0.0253 | 0.9410 | 0.9380 | 0.9632 | 0.0286 | 0.9301 | 0.9073 | 0.9354
0662 | 19:29:05 |  22.4s | 1.0e-04 | 0.0254 | 0.9409 | 0.9371 | 0.9625 | 0.0276 | 0.9315 | 0.9070 | 0.9375
0663 | 19:29:39 |  23.9s | 1.0e-04 | 0.0257 | 0.9389 | 0.9354 | 0.9605 | 0.0277 | 0.9283 | 0.9111 | 0.9368
0664 | 19:30:18 |  30.6s | 1.0e-04 | 0.0248 | 0.9403 | 0.9368 | 0.9628 | 0.0281 | 0.9087 | 0.9296 | 0.9369
0665 | 19:31:00 |  28.6s | 1.0e-04 | 0.0252 | 0.9389 | 0.9334 | 0.9600 | 0.0275 | 0.9268 | 0.9201 | 0.9423
0666 | 19:31:45 |  15.7s | 1.0e-04 | 0.0252 | 0.9386 | 0.9339 | 0.9596 | 0.0278 | 0.9277 | 0.9119 | 0.9369
0667 | 19:32:14 |  22.9s | 1.0e-04 | 0.0253 | 0.9382 | 0.9332 | 0.9591 | 0.0284 | 0.9244 | 0.9187 | 0.9398
0668 | 19:32:50 |  18.8s | 1.0e-04 | 0.0250 | 0.9386 | 0.9336 | 0.9594 | 0.0267 | 0.9267 | 0.9216 | 0.9432
0669 | 19:33:23 |  12.6s | 1.0e-04 | 0.0250 | 0.9381 | 0.9338 | 0.9583 | 0.0282 | 0.9204 | 0.9274 | 0.9420
0670 | 19:33:50 |  12.6s | 1.0e-04 | 0.0251 | 0.9384 | 0.9347 | 0.9597 | 0.0278 | 0.9322 | 0.9087 | 0.9378
0671 | 19:34:16 |  29.1s | 1.0e-04 | 0.0252 | 0.9384 | 0.9330 | 0.9588 | 0.0278 | 0.9325 | 0.9054 | 0.9366
0672 | 19:34:59 |  36.2s | 1.0e-04 | 0.0249 | 0.9382 | 0.9332 | 0.9598 | 0.0278 | 0.9316 | 0.9062 | 0.9356
0673 | 19:35:47 |  18.4s | 1.0e-04 | 0.0246 | 0.9376 | 0.9317 | 0.9579 | 0.0274 | 0.9335 | 0.9038 | 0.9359
0674 | 19:36:16 |  14.2s | 1.0e-04 | 0.0246 | 0.9381 | 0.9319 | 0.9582 | 0.0281 | 0.9223 | 0.9184 | 0.9363
0675 | 19:36:44 |  15.6s | 1.0e-04 | 0.0246 | 0.9386 | 0.9329 | 0.9592 | 0.0269 | 0.9295 | 0.9083 | 0.9356
0676 | 19:37:13 |  16.0s | 1.0e-04 | 0.0244 | 0.9376 | 0.9322 | 0.9585 | 0.0272 | 0.9259 | 0.9209 | 0.9406
0677 | 19:37:42 |  20.9s | 1.0e-04 | 0.0252 | 0.9379 | 0.9318 | 0.9581 | 0.0280 | 0.9201 | 0.9205 | 0.9362
0678 | 19:38:16 |  20.3s | 1.0e-04 | 0.0243 | 0.9387 | 0.9326 | 0.9595 | 0.0282 | 0.9229 | 0.9150 | 0.9356
0679 | 19:38:49 |  26.3s | 1.0e-04 | 0.0249 | 0.9393 | 0.9335 | 0.9608 | 0.0279 | 0.9163 | 0.9238 | 0.9368
0680 | 19:39:30 |  36.9s | 1.0e-04 | 0.0249 | 0.9397 | 0.9347 | 0.9604 | 0.0279 | 0.9199 | 0.9228 | 0.9388
0681 | 19:40:21 |  18.4s | 1.0e-04 | 0.0256 | 0.9390 | 0.9344 | 0.9608 | 0.0271 | 0.9284 | 0.9160 | 0.9410
0682 | 19:40:52 |  14.6s | 1.0e-04 | 0.0257 | 0.9377 | 0.9332 | 0.9585 | 0.0278 | 0.9230 | 0.9263 | 0.9416
0683 | 19:41:19 |  14.1s | 1.0e-04 | 0.0253 | 0.9393 | 0.9346 | 0.9602 | 0.0282 | 0.9298 | 0.9036 | 0.9325
0684 | 19:41:46 |  20.9s | 1.0e-04 | 0.0259 | 0.9376 | 0.9325 | 0.9580 | 0.0276 | 0.9252 | 0.9231 | 0.9442
0685 | 19:42:22 |  20.9s | 1.0e-04 | 0.0254 | 0.9394 | 0.9337 | 0.9607 | 0.0275 | 0.9158 | 0.9262 | 0.9383
0686 | 19:42:59 |  31.3s | 1.0e-04 | 0.0257 | 0.9388 | 0.9333 | 0.9595 | 0.0278 | 0.9243 | 0.9194 | 0.9398
0687 | 19:43:42 |  14.7s | 1.0e-04 | 0.0258 | 0.9368 | 0.9311 | 0.9565 | 0.0270 | 0.9288 | 0.9218 | 0.9446
0688 | 19:44:09 |  37.2s | 1.0e-04 | 0.0251 | 0.9380 | 0.9319 | 0.9579 | 0.0277 | 0.9231 | 0.9121 | 0.9325
0689 | 19:44:57 |  19.5s | 1.0e-04 | 0.0252 | 0.9370 | 0.9306 | 0.9568 | 0.0278 | 0.9207 | 0.9282 | 0.9429
0690 | 19:45:32 |  16.7s | 1.0e-04 | 0.0253 | 0.9376 | 0.9325 | 0.9580 | 0.0275 | 0.9240 | 0.9232 | 0.9436
0691 | 19:46:00 |  18.0s | 1.0e-04 | 0.0252 | 0.9373 | 0.9310 | 0.9573 | 0.0277 | 0.9282 | 0.9177 | 0.9425
0692 | 19:46:29 |  16.8s | 1.0e-04 | 0.0249 | 0.9384 | 0.9315 | 0.9589 | 0.0271 | 0.9288 | 0.9146 | 0.9390
0693 | 19:46:58 |  16.9s | 1.0e-04 | 0.0254 | 0.9372 | 0.9319 | 0.9576 | 0.0276 | 0.9414 | 0.9057 | 0.9456
0694 | 19:47:26 |  24.6s | 1.0e-04 | 0.0252 | 0.9372 | 0.9313 | 0.9576 | 0.0270 | 0.9278 | 0.9204 | 0.9433
0695 | 19:48:06 |  32.6s | 1.0e-04 | 0.0256 | 0.9361 | 0.9289 | 0.9554 | 0.0264 | 0.9223 | 0.9293 | 0.9452
0696 | 19:48:51 |  20.2s | 1.0e-04 | 0.0253 | 0.9368 | 0.9314 | 0.9572 | 0.0279 | 0.9270 | 0.9205 | 0.9418
0697 | 19:49:25 |  13.7s | 1.0e-04 | 0.0257 | 0.9364 | 0.9323 | 0.9578 | 0.0264 | 0.9253 | 0.9252 | 0.9443
0698 | 19:49:50 |  12.4s | 1.0e-04 | 0.0260 | 0.9372 | 0.9312 | 0.9577 | 0.0278 | 0.9324 | 0.9170 | 0.9436
0699 | 19:50:16 |  22.6s | 1.0e-04 | 0.0251 | 0.9379 | 0.9320 | 0.9594 | 0.0270 | 0.9363 | 0.9126 | 0.9445
0700 | 19:50:53 |  23.1s | 1.0e-04 | 0.0254 | 0.9381 | 0.9323 | 0.9587 | 0.0273 | 0.9216 | 0.9153 | 0.9351
0701 | 19:51:29 |  22.8s | 1.0e-04 | 0.0251 | 0.9386 | 0.9336 | 0.9590 | 0.0274 | 0.9296 | 0.9131 | 0.9395
0702 | 19:52:04 |  24.8s | 1.0e-04 | 0.0253 | 0.9378 | 0.9316 | 0.9581 | 0.0273 | 0.9389 | 0.9089 | 0.9451
0703 | 19:52:44 |  29.7s | 1.0e-04 | 0.0247 | 0.9377 | 0.9323 | 0.9571 | 0.0282 | 0.9109 | 0.9327 | 0.9386
0704 | 19:53:27 |  32.3s | 1.0e-04 | 0.0243 | 0.9384 | 0.9318 | 0.9591 | 0.0272 | 0.9354 | 0.9116 | 0.9427
0705 | 19:54:11 |  20.6s | 1.0e-04 | 0.0246 | 0.9376 | 0.9321 | 0.9577 | 0.0279 | 0.9272 | 0.9257 | 0.9464
0706 | 19:54:45 |  14.1s | 1.0e-04 | 0.0248 | 0.9369 | 0.9313 | 0.9575 | 0.0268 | 0.9338 | 0.9147 | 0.9441
0707 | 19:55:14 |  13.4s | 1.0e-04 | 0.0240 | 0.9392 | 0.9323 | 0.9595 | 0.0276 | 0.9249 | 0.9169 | 0.9378
0708 | 19:55:41 |  13.3s | 1.0e-04 | 0.0246 | 0.9378 | 0.9322 | 0.9588 | 0.0272 | 0.9232 | 0.9280 | 0.9451
0709 | 19:56:08 |  13.8s | 1.0e-04 | 0.0247 | 0.9381 | 0.9299 | 0.9577 | 0.0274 | 0.9247 | 0.9201 | 0.9411
0710 | 19:56:35 |  30.2s | 1.0e-04 | 0.0255 | 0.9376 | 0.9308 | 0.9578 | 0.0275 | 0.9239 | 0.9263 | 0.9434
0711 | 19:57:18 |  32.0s | 1.0e-04 | 0.0252 | 0.9390 | 0.9331 | 0.9598 | 0.0272 | 0.9234 | 0.9194 | 0.9397
0712 | 19:58:06 |  18.9s | 1.0e-04 | 0.0255 | 0.9403 | 0.9363 | 0.9621 | 0.0278 | 0.9108 | 0.9297 | 0.9362
0713 | 19:58:40 |  12.4s | 1.0e-04 | 0.0253 | 0.9394 | 0.9351 | 0.9609 | 0.0269 | 0.9269 | 0.9214 | 0.9429
0714 | 19:59:04 |  18.8s | 1.0e-04 | 0.0356 | 0.9145 | 0.9151 | 0.9270 | 0.0282 | 0.9220 | 0.9191 | 0.9386
0715 | 19:59:35 |  18.8s | 1.0e-04 | 0.0258 | 0.9402 | 0.9353 | 0.9619 | 0.0273 | 0.9225 | 0.9223 | 0.9392
0716 | 20:00:05 |  18.5s | 1.0e-04 | 0.0255 | 0.9393 | 0.9344 | 0.9601 | 0.0280 | 0.9146 | 0.9323 | 0.9417
0717 | 20:00:35 |  17.4s | 1.0e-04 | 0.0258 | 0.9383 | 0.9348 | 0.9599 | 0.0275 | 0.9298 | 0.9154 | 0.9404
0718 | 20:01:03 |  28.0s | 1.0e-04 | 0.0251 | 0.9394 | 0.9338 | 0.9608 | 0.0279 | 0.9189 | 0.9247 | 0.9394
0719 | 20:01:46 |  40.9s | 1.0e-04 | 0.0249 | 0.9380 | 0.9341 | 0.9598 | 0.0274 | 0.9298 | 0.9147 | 0.9408
0720 | 20:02:40 |  14.4s | 1.0e-04 | 0.0244 | 0.9405 | 0.9339 | 0.9610 | 0.0270 | 0.9300 | 0.9114 | 0.9385
0721 | 20:03:05 |  18.3s | 1.0e-04 | 0.0248 | 0.9388 | 0.9343 | 0.9605 | 0.0276 | 0.9099 | 0.9304 | 0.9397
0722 | 20:03:35 |  20.1s | 1.0e-04 | 0.0251 | 0.9391 | 0.9342 | 0.9600 | 0.0275 | 0.9311 | 0.9163 | 0.9431
0723 | 20:04:06 |  18.7s | 1.0e-04 | 0.0245 | 0.9403 | 0.9363 | 0.9617 | 0.0272 | 0.9221 | 0.9188 | 0.9360
0724 | 20:04:36 |  17.4s | 1.0e-04 | 0.0247 | 0.9396 | 0.9342 | 0.9613 | 0.0268 | 0.9303 | 0.9197 | 0.9444
0725 | 20:05:04 |  16.4s | 1.0e-04 | 0.0247 | 0.9400 | 0.9347 | 0.9616 | 0.0273 | 0.9386 | 0.9045 | 0.9407
0726 | 20:05:32 |  16.0s | 1.0e-04 | 0.0249 | 0.9396 | 0.9339 | 0.9612 | 0.0274 | 0.9232 | 0.9246 | 0.9426
0727 | 20:05:58 |  33.0s | 1.0e-04 | 0.0244 | 0.9407 | 0.9371 | 0.9631 | 0.0268 | 0.9238 | 0.9261 | 0.9444
0728 | 20:06:46 |  16.8s | 1.0e-04 | 0.0246 | 0.9404 | 0.9357 | 0.9623 | 0.0275 | 0.9180 | 0.9240 | 0.9370
0729 | 20:07:14 |  16.5s | 1.0e-04 | 0.0247 | 0.9396 | 0.9357 | 0.9615 | 0.0276 | 0.9103 | 0.9285 | 0.9340
0730 | 20:07:42 |  15.7s | 1.0e-04 | 0.0243 | 0.9391 | 0.9359 | 0.9611 | 0.0265 | 0.9226 | 0.9272 | 0.9466
0731 | 20:08:09 |  14.7s | 1.0e-04 | 0.0243 | 0.9405 | 0.9361 | 0.9626 | 0.0285 | 0.9131 | 0.9261 | 0.9345
0732 | 20:08:35 |  14.6s | 1.0e-04 | 0.0245 | 0.9399 | 0.9365 | 0.9622 | 0.0278 | 0.9220 | 0.9221 | 0.9394
0733 | 20:09:02 |  24.0s | 1.0e-04 | 0.0243 | 0.9413 | 0.9366 | 0.9633 | 0.0281 | 0.9200 | 0.9247 | 0.9409
0734 | 20:09:40 |  30.7s | 1.0e-04 | 0.0250 | 0.9403 | 0.9358 | 0.9626 | 0.0285 | 0.9166 | 0.9203 | 0.9343
0735 | 20:10:27 |  26.7s | 1.0e-04 | 0.0254 | 0.9397 | 0.9346 | 0.9613 | 0.0266 | 0.9332 | 0.9168 | 0.9452
0736 | 20:11:05 |  16.3s | 1.0e-04 | 0.0255 | 0.9399 | 0.9349 | 0.9616 | 0.0270 | 0.9278 | 0.9156 | 0.9395
0737 | 20:11:33 |  18.9s | 1.0e-04 | 0.0255 | 0.9395 | 0.9345 | 0.9610 | 0.0275 | 0.9353 | 0.9198 | 0.9477
0738 | 20:12:03 |  18.3s | 1.0e-04 | 0.0253 | 0.9399 | 0.9361 | 0.9628 | 0.0271 | 0.9129 | 0.9334 | 0.9411
0739 | 20:12:33 |  17.2s | 1.0e-04 | 0.0254 | 0.9399 | 0.9351 | 0.9615 | 0.0266 | 0.9161 | 0.9323 | 0.9424
0740 | 20:13:01 |  16.3s | 1.0e-04 | 0.0259 | 0.9398 | 0.9356 | 0.9617 | 0.0272 | 0.9324 | 0.9187 | 0.9456
0741 | 20:13:28 |  23.1s | 1.0e-04 | 0.0258 | 0.9386 | 0.9341 | 0.9600 | 0.0275 | 0.9186 | 0.9219 | 0.9355
0742 | 20:14:05 |  29.9s | 1.0e-04 | 0.0260 | 0.9385 | 0.9344 | 0.9604 | 0.0278 | 0.9290 | 0.9167 | 0.9403
0743 | 20:14:48 |  25.2s | 1.0e-04 | 0.0253 | 0.9401 | 0.9356 | 0.9624 | 0.0275 | 0.9184 | 0.9218 | 0.9362
0744 | 20:15:24 |  16.5s | 1.0e-04 | 0.0254 | 0.9405 | 0.9354 | 0.9621 | 0.0271 | 0.9193 | 0.9251 | 0.9410
0745 | 20:15:54 |  12.8s | 1.0e-04 | 0.0252 | 0.9400 | 0.9366 | 0.9621 | 0.0276 | 0.9171 | 0.9226 | 0.9361
0746 | 20:16:20 |  12.5s | 1.0e-04 | 0.0252 | 0.9398 | 0.9359 | 0.9616 | 0.0270 | 0.9233 | 0.9286 | 0.9448
0747 | 20:16:46 |  12.7s | 1.0e-04 | 0.0249 | 0.9411 | 0.9368 | 0.9627 | 0.0268 | 0.9127 | 0.9294 | 0.9385
0748 | 20:17:13 |  12.9s | 1.0e-04 | 0.0247 | 0.9407 | 0.9375 | 0.9623 | 0.0269 | 0.9181 | 0.9230 | 0.9380
0749 | 20:17:40 |  28.6s | 1.0e-04 | 0.0251 | 0.9407 | 0.9372 | 0.9633 | 0.0279 | 0.9289 | 0.9184 | 0.9424
0750 | 20:18:21 |  27.9s | 1.0e-04 | 0.0249 | 0.9406 | 0.9370 | 0.9627 | 0.0271 | 0.9321 | 0.9152 | 0.9434
0751 | 20:19:02 |  21.2s | 1.0e-04 | 0.0245 | 0.9382 | 0.9342 | 0.9591 | 0.0267 | 0.9192 | 0.9232 | 0.9383
0752 | 20:19:34 |  10.6s | 1.0e-04 | 0.0248 | 0.9380 | 0.9331 | 0.9595 | 0.0264 | 0.9285 | 0.9176 | 0.9404
0753 | 20:19:56 |  16.5s | 1.0e-04 | 0.0249 | 0.9397 | 0.9340 | 0.9600 | 0.0273 | 0.9188 | 0.9257 | 0.9417
0754 | 20:20:25 |  22.9s | 1.0e-04 | 0.0251 | 0.9384 | 0.9342 | 0.9600 | 0.0271 | 0.9358 | 0.9123 | 0.9428
0755 | 20:20:59 |  20.5s | 1.0e-04 | 0.0251 | 0.9381 | 0.9319 | 0.9575 | 0.0269 | 0.9249 | 0.9189 | 0.9401
0756 | 20:21:31 |  18.9s | 1.0e-04 | 0.0248 | 0.9392 | 0.9337 | 0.9602 | 0.0264 | 0.9202 | 0.9280 | 0.9449
0757 | 20:22:00 |  26.9s | 1.0e-04 | 0.0251 | 0.9379 | 0.9329 | 0.9590 | 0.0273 | 0.9362 | 0.9105 | 0.9437
0758 | 20:22:42 |  33.6s | 1.0e-04 | 0.0245 | 0.9379 | 0.9317 | 0.9583 | 0.0281 | 0.9293 | 0.9173 | 0.9432
0759 | 20:23:28 |  12.5s | 1.0e-04 | 0.0247 | 0.9389 | 0.9325 | 0.9599 | 0.0259 | 0.9305 | 0.9176 | 0.9434
0760 | 20:23:52 |  13.0s | 1.0e-04 | 0.0248 | 0.9389 | 0.9332 | 0.9601 | 0.0270 | 0.9215 | 0.9260 | 0.9408
0761 | 20:24:20 |  13.9s | 1.0e-04 | 0.0251 | 0.9370 | 0.9323 | 0.9580 | 0.0269 | 0.9310 | 0.9184 | 0.9436
0762 | 20:24:45 |  15.1s | 1.0e-04 | 0.0247 | 0.9377 | 0.9320 | 0.9579 | 0.0268 | 0.9345 | 0.9071 | 0.9398
0763 | 20:25:11 |  14.6s | 1.0e-04 | 0.0251 | 0.9378 | 0.9324 | 0.9581 | 0.0267 | 0.9272 | 0.9221 | 0.9454
0764 | 20:25:37 |  13.9s | 1.0e-04 | 0.0251 | 0.9373 | 0.9320 | 0.9567 | 0.0267 | 0.9218 | 0.9291 | 0.9455
0765 | 20:26:04 |  31.3s | 1.0e-04 | 0.0250 | 0.9383 | 0.9336 | 0.9589 | 0.0271 | 0.9280 | 0.9201 | 0.9440
0766 | 20:26:50 |  30.6s | 1.0e-04 | 0.0249 | 0.9396 | 0.9344 | 0.9604 | 0.0273 | 0.9225 | 0.9237 | 0.9413
0767 | 20:27:34 |  13.1s | 1.0e-04 | 0.0248 | 0.9407 | 0.9354 | 0.9619 | 0.0272 | 0.9333 | 0.9155 | 0.9443
0768 | 20:27:58 |  15.7s | 1.0e-04 | 0.0249 | 0.9397 | 0.9360 | 0.9616 | 0.0270 | 0.9209 | 0.9219 | 0.9395
0769 | 20:28:27 |  16.8s | 1.0e-04 | 0.0247 | 0.9405 | 0.9363 | 0.9626 | 0.0267 | 0.9286 | 0.9199 | 0.9443
0770 | 20:28:56 |  20.2s | 1.0e-04 | 0.0249 | 0.9396 | 0.9343 | 0.9614 | 0.0275 | 0.9236 | 0.9202 | 0.9391
0771 | 20:29:28 |  19.8s | 1.0e-04 | 0.0247 | 0.9402 | 0.9339 | 0.9614 | 0.0276 | 0.9279 | 0.9179 | 0.9417
0772 | 20:30:00 |  25.8s | 1.0e-04 | 0.0243 | 0.9404 | 0.9366 | 0.9628 | 0.0276 | 0.9340 | 0.9070 | 0.9387
0773 | 20:30:40 |  27.3s | 1.0e-04 | 0.0239 | 0.9410 | 0.9354 | 0.9629 | 0.0269 | 0.9235 | 0.9175 | 0.9382
0774 | 20:31:18 |  26.6s | 1.0e-04 | 0.0240 | 0.9422 | 0.9382 | 0.9649 | 0.0284 | 0.9234 | 0.9233 | 0.9416
0775 | 20:31:56 |  16.3s | 1.0e-04 | 0.0235 | 0.9439 | 0.9390 | 0.9664 | 0.0276 | 0.9177 | 0.9275 | 0.9402
0776 | 20:32:23 |  16.3s | 1.0e-04 | 0.0239 | 0.9423 | 0.9382 | 0.9647 | 0.0277 | 0.9360 | 0.9033 | 0.9388
0777 | 20:32:51 |  18.9s | 1.0e-04 | 0.0234 | 0.9427 | 0.9398 | 0.9662 | 0.0278 | 0.9251 | 0.9169 | 0.9387
0778 | 20:33:21 |  18.3s | 1.0e-04 | 0.0239 | 0.9425 | 0.9389 | 0.9656 | 0.0275 | 0.9258 | 0.9164 | 0.9391
0779 | 20:33:51 |  17.2s | 1.0e-04 | 0.0236 | 0.9429 | 0.9397 | 0.9659 | 0.0273 | 0.9225 | 0.9176 | 0.9368
0780 | 20:34:19 |  24.0s | 1.0e-04 | 0.0238 | 0.9431 | 0.9389 | 0.9664 | 0.0273 | 0.9304 | 0.9210 | 0.9446
0781 | 20:34:57 |  34.8s | 1.0e-04 | 0.0236 | 0.9432 | 0.9397 | 0.9665 | 0.0280 | 0.9253 | 0.9135 | 0.9365
0782 | 20:35:43 |  25.2s | 1.0e-04 | 0.0236 | 0.9432 | 0.9375 | 0.9656 | 0.0276 | 0.9224 | 0.9252 | 0.9427
0783 | 20:36:20 |  13.4s | 1.0e-04 | 0.0236 | 0.9412 | 0.9371 | 0.9641 | 0.0273 | 0.9261 | 0.9210 | 0.9441
0784 | 20:36:44 |  16.5s | 1.0e-04 | 0.0238 | 0.9427 | 0.9372 | 0.9651 | 0.0277 | 0.9215 | 0.9253 | 0.9414
0785 | 20:37:12 |  17.0s | 1.0e-04 | 0.0234 | 0.9425 | 0.9377 | 0.9654 | 0.0287 | 0.9124 | 0.9365 | 0.9451
0786 | 20:37:40 |  15.7s | 1.0e-04 | 0.0237 | 0.9421 | 0.9375 | 0.9644 | 0.0289 | 0.9187 | 0.9184 | 0.9347
0787 | 20:38:06 |  14.8s | 1.0e-04 | 0.0233 | 0.9427 | 0.9390 | 0.9656 | 0.0279 | 0.9267 | 0.9175 | 0.9390
0788 | 20:38:33 |  25.3s | 1.0e-04 | 0.0241 | 0.9411 | 0.9375 | 0.9631 | 0.0276 | 0.9310 | 0.9127 | 0.9399
0789 | 20:39:12 |  26.3s | 1.0e-04 | 0.0245 | 0.9406 | 0.9366 | 0.9628 | 0.0276 | 0.9182 | 0.9296 | 0.9440
0790 | 20:39:50 |  21.3s | 1.0e-04 | 0.0250 | 0.9404 | 0.9349 | 0.9618 | 0.0276 | 0.9107 | 0.9247 | 0.9351
0791 | 20:40:25 |  13.2s | 1.0e-04 | 0.0247 | 0.9405 | 0.9354 | 0.9622 | 0.0270 | 0.9296 | 0.9162 | 0.9400
0792 | 20:40:50 |  15.0s | 1.0e-04 | 0.0249 | 0.9398 | 0.9358 | 0.9622 | 0.0270 | 0.9273 | 0.9195 | 0.9410
0793 | 20:41:16 |  16.1s | 1.0e-04 | 0.0250 | 0.9398 | 0.9364 | 0.9623 | 0.0260 | 0.9309 | 0.9134 | 0.9405
0794 | 20:41:44 |  15.4s | 1.0e-04 | 0.0252 | 0.9406 | 0.9352 | 0.9620 | 0.0279 | 0.9153 | 0.9278 | 0.9392
0795 | 20:42:10 |  14.8s | 1.0e-04 | 0.0245 | 0.9406 | 0.9370 | 0.9638 | 0.0274 | 0.9332 | 0.9220 | 0.9481
0796 | 20:42:37 |  29.1s | 1.0e-04 | 0.0247 | 0.9404 | 0.9342 | 0.9615 | 0.0263 | 0.9371 | 0.9111 | 0.9452
0797 | 20:43:21 |  33.3s | 1.0e-04 | 0.0237 | 0.9414 | 0.9350 | 0.9623 | 0.0277 | 0.9187 | 0.9257 | 0.9411
0798 | 20:44:07 |  13.3s | 1.0e-04 | 0.0242 | 0.9398 | 0.9353 | 0.9619 | 0.0271 | 0.9282 | 0.9216 | 0.9430
0799 | 20:44:34 |  12.8s | 1.0e-04 | 0.0241 | 0.9410 | 0.9348 | 0.9630 | 0.0277 | 0.9212 | 0.9211 | 0.9391
0800 | 20:45:03 |  15.6s | 1.0e-04 | 0.0239 | 0.9418 | 0.9362 | 0.9628 | 0.0262 | 0.9327 | 0.9154 | 0.9431
0801 | 20:45:30 |  18.2s | 1.0e-04 | 0.0239 | 0.9400 | 0.9347 | 0.9612 | 0.0272 | 0.9224 | 0.9224 | 0.9408
0802 | 20:45:59 |  17.9s | 1.0e-04 | 0.0244 | 0.9398 | 0.9348 | 0.9610 | 0.0268 | 0.9301 | 0.9147 | 0.9409
0803 | 20:46:28 |  17.4s | 1.0e-04 | 0.0239 | 0.9408 | 0.9355 | 0.9620 | 0.0270 | 0.9337 | 0.9158 | 0.9445
0804 | 20:46:57 |  28.9s | 1.0e-04 | 0.0239 | 0.9401 | 0.9352 | 0.9616 | 0.0269 | 0.9278 | 0.9181 | 0.9421
0805 | 20:47:41 |  36.6s | 1.0e-04 | 0.0241 | 0.9406 | 0.9372 | 0.9633 | 0.0267 | 0.9228 | 0.9239 | 0.9429
0806 | 20:48:28 |  15.8s | 1.0e-04 | 0.0248 | 0.9412 | 0.9376 | 0.9639 | 0.0270 | 0.9303 | 0.9233 | 0.9463
0807 | 20:48:55 |  15.1s | 1.0e-04 | 0.0243 | 0.9405 | 0.9359 | 0.9625 | 0.0273 | 0.9203 | 0.9223 | 0.9406
0808 | 20:49:23 |  15.9s | 1.0e-04 | 0.0241 | 0.9410 | 0.9366 | 0.9638 | 0.0269 | 0.9333 | 0.9128 | 0.9426
0809 | 20:49:50 |  19.2s | 1.0e-04 | 0.0240 | 0.9413 | 0.9364 | 0.9635 | 0.0274 | 0.9257 | 0.9172 | 0.9398
0810 | 20:50:21 |  18.6s | 1.0e-04 | 0.0244 | 0.9400 | 0.9368 | 0.9623 | 0.0271 | 0.9259 | 0.9206 | 0.9414
0811 | 20:50:52 |  26.5s | 1.0e-04 | 0.0242 | 0.9407 | 0.9382 | 0.9638 | 0.0273 | 0.9163 | 0.9289 | 0.9416
0812 | 20:51:33 |  19.6s | 1.0e-04 | 0.0242 | 0.9417 | 0.9384 | 0.9645 | 0.0278 | 0.9342 | 0.9107 | 0.9404
0813 | 20:52:08 |  31.6s | 1.0e-04 | 0.0251 | 0.9406 | 0.9355 | 0.9622 | 0.0267 | 0.9294 | 0.9184 | 0.9429
0814 | 20:52:52 |  14.0s | 1.0e-04 | 0.0245 | 0.9419 | 0.9368 | 0.9639 | 0.0265 | 0.9233 | 0.9249 | 0.9420
0815 | 20:53:17 |  16.2s | 1.0e-04 | 0.0247 | 0.9412 | 0.9367 | 0.9627 | 0.0269 | 0.9266 | 0.9242 | 0.9466
0816 | 20:53:44 |  17.6s | 1.0e-04 | 0.0245 | 0.9407 | 0.9361 | 0.9622 | 0.0270 | 0.9167 | 0.9296 | 0.9416
0817 | 20:54:13 |  16.5s | 1.0e-04 | 0.0245 | 0.9399 | 0.9376 | 0.9637 | 0.0265 | 0.9252 | 0.9186 | 0.9394
0818 | 20:54:41 |  16.1s | 1.0e-04 | 0.0250 | 0.9399 | 0.9357 | 0.9613 | 0.0265 | 0.9298 | 0.9214 | 0.9451
0819 | 20:55:08 |  23.9s | 1.0e-04 | 0.0246 | 0.9411 | 0.9372 | 0.9632 | 0.0274 | 0.9310 | 0.9132 | 0.9414
0820 | 20:55:48 |  31.6s | 1.0e-04 | 0.0242 | 0.9422 | 0.9375 | 0.9649 | 0.0268 | 0.9301 | 0.9207 | 0.9439
0821 | 20:56:32 |  24.8s | 1.0e-04 | 0.0238 | 0.9407 | 0.9367 | 0.9634 | 0.0268 | 0.9319 | 0.9135 | 0.9410
0822 | 20:57:09 |  13.4s | 1.0e-04 | 0.0236 | 0.9413 | 0.9375 | 0.9644 | 0.0272 | 0.9287 | 0.9195 | 0.9417
0823 | 20:57:33 |  16.7s | 1.0e-04 | 0.0233 | 0.9420 | 0.9376 | 0.9644 | 0.0269 | 0.9286 | 0.9199 | 0.9442
0824 | 20:58:01 |  15.6s | 1.0e-04 | 0.0237 | 0.9409 | 0.9370 | 0.9632 | 0.0287 | 0.9187 | 0.9231 | 0.9384
0825 | 20:58:28 |  15.0s | 1.0e-04 | 0.0238 | 0.9409 | 0.9374 | 0.9634 | 0.0276 | 0.9207 | 0.9268 | 0.9427
0826 | 20:58:54 |  15.1s | 1.0e-04 | 0.0236 | 0.9408 | 0.9367 | 0.9635 | 0.0280 | 0.9307 | 0.9123 | 0.9410
0827 | 20:59:21 |  25.1s | 1.0e-04 | 0.0233 | 0.9428 | 0.9390 | 0.9649 | 0.0275 | 0.9261 | 0.9186 | 0.9400
0828 | 21:00:01 |  28.5s | 1.0e-04 | 0.0230 | 0.9422 | 0.9379 | 0.9652 | 0.0278 | 0.9204 | 0.9288 | 0.9426
0829 | 21:00:40 |  20.2s | 1.0e-04 | 0.0234 | 0.9424 | 0.9374 | 0.9653 | 0.0264 | 0.9340 | 0.9184 | 0.9455
0830 | 21:01:14 |  13.2s | 1.0e-04 | 0.0236 | 0.9416 | 0.9376 | 0.9634 | 0.0280 | 0.9323 | 0.9091 | 0.9390
0831 | 21:01:39 |  16.6s | 1.0e-04 | 0.0234 | 0.9426 | 0.9376 | 0.9647 | 0.0271 | 0.9310 | 0.9122 | 0.9397
0832 | 21:02:08 |  13.9s | 1.0e-04 | 0.0235 | 0.9426 | 0.9356 | 0.9641 | 0.0266 | 0.9246 | 0.9187 | 0.9404
0833 | 21:02:38 |  12.7s | 1.0e-04 | 0.0236 | 0.9415 | 0.9369 | 0.9633 | 0.0274 | 0.9289 | 0.9130 | 0.9383
0834 | 21:03:05 |  12.6s | 1.0e-04 | 0.0233 | 0.9415 | 0.9375 | 0.9644 | 0.0269 | 0.9223 | 0.9205 | 0.9383
0835 | 21:03:31 |  33.3s | 1.0e-04 | 0.0229 | 0.9419 | 0.9369 | 0.9638 | 0.0278 | 0.9376 | 0.9032 | 0.9395
0836 | 21:04:19 |  42.2s | 1.0e-04 | 0.0237 | 0.9404 | 0.9348 | 0.9622 | 0.0269 | 0.9303 | 0.9192 | 0.9443
0837 | 21:05:13 |  19.5s | 1.0e-04 | 0.0254 | 0.9383 | 0.9329 | 0.9589 | 0.0278 | 0.9272 | 0.9229 | 0.9439
0838 | 21:05:43 |  11.6s | 1.0e-04 | 0.0247 | 0.9387 | 0.9333 | 0.9600 | 0.0259 | 0.9397 | 0.9101 | 0.9475
0839 | 21:06:10 |  15.0s | 1.0e-04 | 0.0244 | 0.9390 | 0.9346 | 0.9607 | 0.0267 | 0.9368 | 0.9156 | 0.9473
0840 | 21:06:37 |  21.1s | 1.0e-04 | 0.0248 | 0.9387 | 0.9320 | 0.9591 | 0.0271 | 0.9257 | 0.9231 | 0.9430
0841 | 21:07:10 |  20.1s | 1.0e-04 | 0.0246 | 0.9383 | 0.9323 | 0.9598 | 0.0277 | 0.9280 | 0.9164 | 0.9409
0842 | 21:07:42 |  18.6s | 1.0e-04 | 0.0248 | 0.9389 | 0.9335 | 0.9593 | 0.0267 | 0.9240 | 0.9324 | 0.9477
0843 | 21:08:12 |  27.5s | 1.0e-04 | 0.0250 | 0.9395 | 0.9339 | 0.9606 | 0.0272 | 0.9145 | 0.9310 | 0.9395
0844 | 21:08:56 |  50.5s | 1.0e-04 | 0.0245 | 0.9394 | 0.9358 | 0.9614 | 0.0268 | 0.9243 | 0.9251 | 0.9434
0845 | 21:10:00 |  21.0s | 1.0e-04 | 0.0234 | 0.9419 | 0.9373 | 0.9638 | 0.0257 | 0.9318 | 0.9197 | 0.9443
0846 | 21:10:31 |  10.4s | 1.0e-04 | 0.0236 | 0.9409 | 0.9354 | 0.9631 | 0.0259 | 0.9249 | 0.9305 | 0.9488
0847 | 21:10:56 |  12.8s | 1.0e-04 | 0.0233 | 0.9420 | 0.9359 | 0.9637 | 0.0275 | 0.9107 | 0.9384 | 0.9433
0848 | 21:11:19 |  21.2s | 1.0e-04 | 0.0238 | 0.9401 | 0.9360 | 0.9618 | 0.0267 | 0.9238 | 0.9251 | 0.9448
0849 | 21:11:55 |  22.2s | 1.0e-04 | 0.0233 | 0.9415 | 0.9369 | 0.9637 | 0.0266 | 0.9209 | 0.9299 | 0.9445
0850 | 21:12:31 |  22.4s | 1.0e-04 | 0.0231 | 0.9417 | 0.9356 | 0.9636 | 0.0262 | 0.9246 | 0.9186 | 0.9403
0851 | 21:13:08 |  22.6s | 1.0e-04 | 0.0239 | 0.9403 | 0.9346 | 0.9610 | 0.0263 | 0.9316 | 0.9174 | 0.9438
0852 | 21:13:45 |  36.7s | 1.0e-04 | 0.0240 | 0.9416 | 0.9368 | 0.9636 | 0.0271 | 0.9304 | 0.9179 | 0.9431
0853 | 21:14:32 |  13.2s | 1.0e-04 | 0.0247 | 0.9406 | 0.9382 | 0.9632 | 0.0268 | 0.9294 | 0.9133 | 0.9386
0854 | 21:14:58 |  13.3s | 1.0e-04 | 0.0247 | 0.9411 | 0.9374 | 0.9638 | 0.0269 | 0.9313 | 0.9198 | 0.9451
0855 | 21:15:22 |  16.6s | 1.0e-04 | 0.0242 | 0.9428 | 0.9374 | 0.9656 | 0.0268 | 0.9251 | 0.9276 | 0.9464
0856 | 21:15:53 |  22.6s | 1.0e-04 | 0.0245 | 0.9415 | 0.9378 | 0.9639 | 0.0270 | 0.9212 | 0.9186 | 0.9356
0857 | 21:16:30 |  22.0s | 1.0e-04 | 0.0246 | 0.9413 | 0.9374 | 0.9635 | 0.0274 | 0.9235 | 0.9248 | 0.9428
0858 | 21:17:06 |  30.1s | 1.0e-04 | 0.0244 | 0.9420 | 0.9373 | 0.9632 | 0.0273 | 0.9390 | 0.9047 | 0.9417
0859 | 21:17:50 |  20.5s | 1.0e-04 | 0.0245 | 0.9416 | 0.9386 | 0.9644 | 0.0267 | 0.9355 | 0.9128 | 0.9449
0860 | 21:18:22 |  22.1s | 1.0e-04 | 0.0234 | 0.9433 | 0.9399 | 0.9666 | 0.0268 | 0.9332 | 0.9188 | 0.9468
0861 | 21:18:57 |  21.9s | 1.0e-04 | 0.0225 | 0.9443 | 0.9405 | 0.9675 | 0.0275 | 0.9273 | 0.9174 | 0.9403
0862 | 21:19:31 |  17.3s | 1.0e-04 | 0.0229 | 0.9429 | 0.9394 | 0.9663 | 0.0275 | 0.9266 | 0.9198 | 0.9396
0863 | 21:20:01 |  12.3s | 1.0e-04 | 0.0229 | 0.9430 | 0.9401 | 0.9659 | 0.0260 | 0.9266 | 0.9217 | 0.9435
0864 | 21:20:28 |  22.8s | 1.0e-04 | 0.0224 | 0.9438 | 0.9399 | 0.9671 | 0.0265 | 0.9251 | 0.9235 | 0.9419
0865 | 21:21:05 |  22.6s | 1.0e-04 | 0.0223 | 0.9450 | 0.9408 | 0.9676 | 0.0277 | 0.9281 | 0.9099 | 0.9358
0866 | 21:21:38 |  25.1s | 1.0e-04 | 0.0227 | 0.9445 | 0.9403 | 0.9666 | 0.0280 | 0.9280 | 0.9126 | 0.9386
0867 | 21:22:18 |  29.6s | 1.0e-04 | 0.0224 | 0.9445 | 0.9394 | 0.9676 | 0.0280 | 0.9146 | 0.9282 | 0.9399
0868 | 21:22:58 |  21.3s | 1.0e-04 | 0.0241 | 0.9401 | 0.9352 | 0.9621 | 0.0271 | 0.9223 | 0.9292 | 0.9454
0869 | 21:23:30 |  18.1s | 1.0e-04 | 0.0240 | 0.9406 | 0.9348 | 0.9624 | 0.0268 | 0.9312 | 0.9188 | 0.9442
0870 | 21:23:59 |  15.1s | 1.0e-04 | 0.0244 | 0.9394 | 0.9343 | 0.9606 | 0.0272 | 0.9172 | 0.9240 | 0.9404
0871 | 21:24:28 |  14.2s | 1.0e-04 | 0.0239 | 0.9409 | 0.9362 | 0.9625 | 0.0269 | 0.9191 | 0.9351 | 0.9469
0872 | 21:24:55 |  22.5s | 1.0e-04 | 0.0241 | 0.9405 | 0.9355 | 0.9623 | 0.0262 | 0.9244 | 0.9236 | 0.9428
0873 | 21:25:31 |  22.5s | 1.0e-04 | 0.0242 | 0.9401 | 0.9356 | 0.9621 | 0.0271 | 0.9277 | 0.9225 | 0.9450
0874 | 21:26:05 |  24.3s | 1.0e-04 | 0.0243 | 0.9410 | 0.9359 | 0.9628 | 0.0268 | 0.9336 | 0.9146 | 0.9429
0875 | 21:26:44 |  30.9s | 1.0e-04 | 0.0246 | 0.9399 | 0.9362 | 0.9611 | 0.0271 | 0.9231 | 0.9296 | 0.9468
0876 | 21:27:27 |  15.8s | 1.0e-04 | 0.0241 | 0.9388 | 0.9339 | 0.9605 | 0.0268 | 0.9256 | 0.9242 | 0.9450
0877 | 21:27:53 |  18.8s | 1.0e-04 | 0.0240 | 0.9394 | 0.9349 | 0.9607 | 0.0262 | 0.9263 | 0.9283 | 0.9463
0878 | 21:28:26 |  19.0s | 1.0e-04 | 0.0241 | 0.9394 | 0.9338 | 0.9603 | 0.0267 | 0.9247 | 0.9252 | 0.9437
0879 | 21:28:56 |  18.0s | 1.0e-04 | 0.0241 | 0.9410 | 0.9357 | 0.9621 | 0.0270 | 0.9265 | 0.9190 | 0.9404
0880 | 21:29:24 |  18.5s | 1.0e-04 | 0.0242 | 0.9390 | 0.9337 | 0.9599 | 0.0271 | 0.9349 | 0.9148 | 0.9449
0881 | 21:29:57 |  17.7s | 1.0e-04 | 0.0241 | 0.9395 | 0.9347 | 0.9607 | 0.0275 | 0.9136 | 0.9304 | 0.9407
0882 | 21:30:29 |  28.2s | 1.0e-04 | 0.0244 | 0.9374 | 0.9307 | 0.9571 | 0.0272 | 0.9230 | 0.9277 | 0.9434
0883 | 21:31:08 |  37.3s | 1.0e-04 | 0.0245 | 0.9384 | 0.9327 | 0.9586 | 0.0263 | 0.9318 | 0.9189 | 0.9450
0884 | 21:31:58 |  12.5s | 1.0e-04 | 0.0240 | 0.9389 | 0.9334 | 0.9603 | 0.0264 | 0.9252 | 0.9283 | 0.9463
0885 | 21:32:21 |  20.9s | 1.0e-04 | 0.0241 | 0.9396 | 0.9368 | 0.9616 | 0.0261 | 0.9321 | 0.9207 | 0.9456
0886 | 21:32:56 |  18.8s | 1.0e-04 | 0.0244 | 0.9389 | 0.9343 | 0.9605 | 0.0265 | 0.9237 | 0.9280 | 0.9471
0887 | 21:33:25 |  15.3s | 1.0e-04 | 0.0239 | 0.9394 | 0.9335 | 0.9607 | 0.0260 | 0.9362 | 0.9166 | 0.9465
0888 | 21:33:53 |  17.7s | 1.0e-04 | 0.0242 | 0.9395 | 0.9337 | 0.9608 | 0.0272 | 0.9164 | 0.9346 | 0.9436
0889 | 21:34:25 |  17.3s | 1.0e-04 | 0.0244 | 0.9393 | 0.9340 | 0.9611 | 0.0260 | 0.9289 | 0.9282 | 0.9480
0890 | 21:34:57 |  24.1s | 1.0e-04 | 0.0241 | 0.9410 | 0.9351 | 0.9628 | 0.0266 | 0.9287 | 0.9231 | 0.9449
0891 | 21:35:32 |  37.4s | 1.0e-04 | 0.0239 | 0.9410 | 0.9360 | 0.9627 | 0.0270 | 0.9338 | 0.9165 | 0.9458
0892 | 21:36:23 |  12.6s | 1.0e-04 | 0.0236 | 0.9432 | 0.9384 | 0.9657 | 0.0272 | 0.9231 | 0.9262 | 0.9443
0893 | 21:36:46 |  22.4s | 1.0e-04 | 0.0239 | 0.9420 | 0.9368 | 0.9639 | 0.0261 | 0.9263 | 0.9251 | 0.9451
0894 | 21:37:23 |  17.2s | 1.0e-04 | 0.0237 | 0.9424 | 0.9363 | 0.9645 | 0.0269 | 0.9378 | 0.9100 | 0.9443
0895 | 21:37:51 |  13.1s | 1.0e-04 | 0.0234 | 0.9430 | 0.9388 | 0.9649 | 0.0274 | 0.9190 | 0.9287 | 0.9410
0896 | 21:38:17 |  19.2s | 1.0e-04 | 0.0236 | 0.9420 | 0.9396 | 0.9644 | 0.0259 | 0.9276 | 0.9249 | 0.9474
0897 | 21:38:51 |  30.3s | 1.0e-04 | 0.0240 | 0.9415 | 0.9369 | 0.9634 | 0.0262 | 0.9277 | 0.9230 | 0.9447
0898 | 21:39:32 |  23.4s | 1.0e-04 | 0.0238 | 0.9410 | 0.9373 | 0.9630 | 0.0261 | 0.9235 | 0.9290 | 0.9478
0899 | 21:40:11 |  27.1s | 1.0e-04 | 0.0239 | 0.9400 | 0.9361 | 0.9611 | 0.0258 | 0.9189 | 0.9329 | 0.9463
0900 | 21:40:51 |  12.5s | 1.0e-04 | 0.0238 | 0.9390 | 0.9342 | 0.9610 | 0.0265 | 0.9193 | 0.9336 | 0.9458
0901 | 21:41:17 |  22.4s | 1.0e-04 | 0.0234 | 0.9404 | 0.9351 | 0.9621 | 0.0277 | 0.9407 | 0.9092 | 0.9476
0902 | 21:41:54 |  14.5s | 1.0e-04 | 0.0236 | 0.9393 | 0.9340 | 0.9596 | 0.0269 | 0.9241 | 0.9252 | 0.9432
0903 | 21:42:19 |  12.5s | 1.0e-04 | 0.0236 | 0.9400 | 0.9343 | 0.9613 | 0.0264 | 0.9237 | 0.9323 | 0.9489
0904 | 21:42:45 |  16.8s | 1.0e-04 | 0.0241 | 0.9392 | 0.9336 | 0.9601 | 0.0268 | 0.9287 | 0.9172 | 0.9409
0905 | 21:43:16 |  29.2s | 1.0e-04 | 0.0234 | 0.9401 | 0.9339 | 0.9613 | 0.0267 | 0.9246 | 0.9314 | 0.9478
0906 | 21:43:56 |  23.9s | 1.0e-04 | 0.0236 | 0.9389 | 0.9346 | 0.9613 | 0.0261 | 0.9213 | 0.9271 | 0.9424
0907 | 21:44:34 |  24.0s | 1.0e-04 | 0.0231 | 0.9429 | 0.9355 | 0.9646 | 0.0278 | 0.9109 | 0.9349 | 0.9404
0908 | 21:45:09 |  15.1s | 1.0e-04 | 0.0236 | 0.9411 | 0.9365 | 0.9638 | 0.0262 | 0.9423 | 0.9057 | 0.9457
0909 | 21:45:38 |  22.3s | 1.0e-04 | 0.0235 | 0.9405 | 0.9360 | 0.9627 | 0.0265 | 0.9315 | 0.9181 | 0.9456
0910 | 21:46:14 |  14.0s | 1.0e-04 | 0.0234 | 0.9420 | 0.9364 | 0.9637 | 0.0264 | 0.9241 | 0.9262 | 0.9437
0911 | 21:46:39 |  14.8s | 1.0e-04 | 0.0236 | 0.9410 | 0.9370 | 0.9626 | 0.0261 | 0.9185 | 0.9351 | 0.9473
0912 | 21:47:07 |  16.2s | 1.0e-04 | 0.0235 | 0.9406 | 0.9356 | 0.9623 | 0.0265 | 0.9302 | 0.9145 | 0.9412
0913 | 21:47:38 |  31.2s | 1.0e-04 | 0.0238 | 0.9400 | 0.9363 | 0.9628 | 0.0264 | 0.9291 | 0.9233 | 0.9453
0914 | 21:48:21 |  24.0s | 1.0e-04 | 0.0241 | 0.9394 | 0.9340 | 0.9608 | 0.0270 | 0.9330 | 0.9139 | 0.9426
0915 | 21:48:59 |  30.2s | 1.0e-04 | 0.0239 | 0.9409 | 0.9370 | 0.9630 | 0.0262 | 0.9296 | 0.9229 | 0.9470
0916 | 21:49:42 |  14.3s | 1.0e-04 | 0.0241 | 0.9403 | 0.9363 | 0.9618 | 0.0261 | 0.9275 | 0.9229 | 0.9442
0917 | 21:50:10 |  13.3s | 1.0e-04 | 0.0241 | 0.9411 | 0.9364 | 0.9627 | 0.0264 | 0.9274 | 0.9184 | 0.9408
0918 | 21:50:34 |  16.5s | 1.0e-04 | 0.0240 | 0.9411 | 0.9367 | 0.9632 | 0.0271 | 0.9359 | 0.9110 | 0.9437
0919 | 21:51:03 |  13.1s | 1.0e-04 | 0.0239 | 0.9411 | 0.9374 | 0.9637 | 0.0270 | 0.9120 | 0.9343 | 0.9428
0920 | 21:51:30 |  13.4s | 1.0e-04 | 0.0240 | 0.9423 | 0.9372 | 0.9648 | 0.0263 | 0.9214 | 0.9309 | 0.9470
0921 | 21:51:57 |  30.3s | 1.0e-04 | 0.0241 | 0.9418 | 0.9387 | 0.9644 | 0.0264 | 0.9385 | 0.9122 | 0.9468
0922 | 21:52:38 |  36.3s | 1.0e-04 | 0.0243 | 0.9421 | 0.9383 | 0.9648 | 0.0272 | 0.9357 | 0.9131 | 0.9453
0923 | 21:53:25 |  16.6s | 1.0e-04 | 0.0239 | 0.9419 | 0.9381 | 0.9641 | 0.0264 | 0.9295 | 0.9233 | 0.9475
0924 | 21:53:54 |  17.6s | 1.0e-04 | 0.0238 | 0.9430 | 0.9389 | 0.9656 | 0.0270 | 0.9314 | 0.9211 | 0.9489
0925 | 21:54:25 |  15.6s | 1.0e-04 | 0.0238 | 0.9421 | 0.9384 | 0.9653 | 0.0263 | 0.9284 | 0.9159 | 0.9397
0926 | 21:54:53 |  16.8s | 1.0e-04 | 0.0241 | 0.9423 | 0.9377 | 0.9643 | 0.0270 | 0.9236 | 0.9216 | 0.9396
0927 | 21:55:23 |  13.8s | 1.0e-04 | 0.0237 | 0.9432 | 0.9383 | 0.9648 | 0.0263 | 0.9305 | 0.9199 | 0.9441
0928 | 21:55:50 |  13.6s | 1.0e-04 | 0.0241 | 0.9414 | 0.9375 | 0.9640 | 0.0275 | 0.9097 | 0.9338 | 0.9414
0929 | 21:56:17 |  29.3s | 1.0e-04 | 0.0237 | 0.9425 | 0.9396 | 0.9654 | 0.0265 | 0.9247 | 0.9286 | 0.9473
0930 | 21:56:58 |  36.1s | 1.0e-04 | 0.0235 | 0.9427 | 0.9386 | 0.9654 | 0.0267 | 0.9117 | 0.9333 | 0.9419
0931 | 21:57:46 |  14.3s | 1.0e-04 | 0.0238 | 0.9415 | 0.9372 | 0.9636 | 0.0267 | 0.9190 | 0.9248 | 0.9401
0932 | 21:58:13 |  17.9s | 1.0e-04 | 0.0236 | 0.9417 | 0.9375 | 0.9639 | 0.0271 | 0.9285 | 0.9132 | 0.9377
0933 | 21:58:46 |  12.4s | 1.0e-04 | 0.0240 | 0.9411 | 0.9378 | 0.9637 | 0.0264 | 0.9321 | 0.9193 | 0.9456
0934 | 21:59:10 |  14.5s | 1.0e-04 | 0.0239 | 0.9416 | 0.9382 | 0.9639 | 0.0278 | 0.9281 | 0.9248 | 0.9463
0935 | 21:59:38 |  12.9s | 1.0e-04 | 0.0235 | 0.9417 | 0.9388 | 0.9639 | 0.0263 | 0.9274 | 0.9218 | 0.9425
0936 | 22:00:04 |  23.0s | 1.0e-04 | 0.0233 | 0.9423 | 0.9394 | 0.9656 | 0.0268 | 0.9282 | 0.9217 | 0.9450
0937 | 22:00:39 |  19.5s | 1.0e-04 | 0.0234 | 0.9424 | 0.9381 | 0.9652 | 0.0266 | 0.9182 | 0.9270 | 0.9405
0938 | 22:01:09 |  39.8s | 1.0e-04 | 0.0222 | 0.9444 | 0.9413 | 0.9678 | 0.0274 | 0.9140 | 0.9327 | 0.9438
0939 | 22:02:00 |  11.5s | 1.0e-04 | 0.0224 | 0.9446 | 0.9416 | 0.9682 | 0.0273 | 0.9360 | 0.9136 | 0.9456
0940 | 22:02:26 |  19.7s | 1.0e-04 | 0.0225 | 0.9437 | 0.9403 | 0.9662 | 0.0261 | 0.9233 | 0.9318 | 0.9479
0941 | 22:03:01 |  13.1s | 1.0e-04 | 0.0226 | 0.9433 | 0.9407 | 0.9671 | 0.0263 | 0.9274 | 0.9270 | 0.9459
0942 | 22:03:24 |  11.6s | 1.0e-04 | 0.0220 | 0.9445 | 0.9409 | 0.9682 | 0.0277 | 0.9266 | 0.9187 | 0.9406
0943 | 22:03:49 |  16.6s | 1.0e-04 | 0.0225 | 0.9439 | 0.9395 | 0.9666 | 0.0275 | 0.9275 | 0.9224 | 0.9434
0944 | 22:04:20 |  27.0s | 1.0e-04 | 0.0222 | 0.9440 | 0.9405 | 0.9671 | 0.0261 | 0.9316 | 0.9173 | 0.9444
0945 | 22:04:57 |  24.1s | 1.0e-04 | 0.0224 | 0.9435 | 0.9412 | 0.9679 | 0.0272 | 0.9325 | 0.9123 | 0.9418
0946 | 22:05:37 |  23.7s | 1.0e-04 | 0.0226 | 0.9444 | 0.9422 | 0.9673 | 0.0268 | 0.9314 | 0.9204 | 0.9452
0947 | 22:06:14 |  14.1s | 1.0e-04 | 0.0228 | 0.9441 | 0.9404 | 0.9674 | 0.0277 | 0.9405 | 0.9029 | 0.9421
0948 | 22:06:43 |  23.9s | 1.0e-04 | 0.0229 | 0.9439 | 0.9415 | 0.9678 | 0.0271 | 0.9221 | 0.9311 | 0.9484
0949 | 22:07:22 |  14.5s | 1.0e-04 | 0.0228 | 0.9442 | 0.9408 | 0.9674 | 0.0273 | 0.9306 | 0.9201 | 0.9453
0950 | 22:07:47 |  13.9s | 1.0e-04 | 0.0227 | 0.9445 | 0.9420 | 0.9678 | 0.0264 | 0.9153 | 0.9301 | 0.9434
0951 | 22:08:16 |  17.2s | 1.0e-04 | 0.0226 | 0.9431 | 0.9401 | 0.9668 | 0.0261 | 0.9306 | 0.9207 | 0.9443
0952 | 22:08:48 |  30.9s | 1.0e-04 | 0.0234 | 0.9423 | 0.9388 | 0.9651 | 0.0264 | 0.9272 | 0.9179 | 0.9403
0953 | 22:09:30 |  23.9s | 1.0e-04 | 0.0236 | 0.9421 | 0.9381 | 0.9648 | 0.0260 | 0.9297 | 0.9237 | 0.9470
0954 | 22:10:08 |  25.0s | 1.0e-04 | 0.0243 | 0.9402 | 0.9351 | 0.9621 | 0.0261 | 0.9344 | 0.9263 | 0.9524
0955 | 22:10:43 |  16.5s | 1.0e-04 | 0.0241 | 0.9404 | 0.9359 | 0.9620 | 0.0256 | 0.9288 | 0.9264 | 0.9479
0956 | 22:11:15 |  18.8s | 1.0e-04 | 0.0242 | 0.9393 | 0.9342 | 0.9609 | 0.0260 | 0.9408 | 0.9132 | 0.9479
0957 | 22:11:46 |  14.8s | 1.0e-04 | 0.0243 | 0.9395 | 0.9347 | 0.9617 | 0.0265 | 0.9341 | 0.9149 | 0.9449
0958 | 22:12:11 |  15.9s | 1.0e-04 | 0.0245 | 0.9404 | 0.9355 | 0.9616 | 0.0255 | 0.9284 | 0.9260 | 0.9479
0959 | 22:12:40 |  15.7s | 1.0e-04 | 0.0241 | 0.9399 | 0.9352 | 0.9612 | 0.0261 | 0.9251 | 0.9298 | 0.9472
0960 | 22:13:10 |  30.6s | 1.0e-04 | 0.0241 | 0.9407 | 0.9366 | 0.9625 | 0.0262 | 0.9148 | 0.9333 | 0.9447
0961 | 22:13:52 |  35.5s | 1.0e-04 | 0.0236 | 0.9421 | 0.9383 | 0.9650 | 0.0279 | 0.9213 | 0.9238 | 0.9407
0962 | 22:14:39 |  15.1s | 1.0e-04 | 0.0227 | 0.9447 | 0.9418 | 0.9674 | 0.0266 | 0.9311 | 0.9217 | 0.9470
0963 | 22:15:04 |  19.4s | 1.0e-04 | 0.0228 | 0.9444 | 0.9405 | 0.9676 | 0.0264 | 0.9315 | 0.9212 | 0.9463
0964 | 22:15:38 |  19.2s | 1.0e-04 | 0.0227 | 0.9443 | 0.9400 | 0.9666 | 0.0268 | 0.9253 | 0.9267 | 0.9462
0965 | 22:16:09 |  17.6s | 1.0e-04 | 0.0221 | 0.9440 | 0.9411 | 0.9675 | 0.0259 | 0.9283 | 0.9272 | 0.9494
0966 | 22:16:39 |  15.1s | 1.0e-04 | 0.0229 | 0.9439 | 0.9399 | 0.9670 | 0.0264 | 0.9293 | 0.9215 | 0.9455
0967 | 22:17:08 |  14.1s | 1.0e-04 | 0.0226 | 0.9436 | 0.9394 | 0.9659 | 0.0266 | 0.9247 | 0.9298 | 0.9464
0968 | 22:17:36 |  31.2s | 1.0e-04 | 0.0228 | 0.9424 | 0.9401 | 0.9659 | 0.0270 | 0.9299 | 0.9211 | 0.9452
0969 | 22:18:19 |  39.1s | 1.0e-04 | 0.0233 | 0.9421 | 0.9385 | 0.9645 | 0.0271 | 0.9276 | 0.9242 | 0.9450
0970 | 22:19:09 |  15.2s | 1.0e-04 | 0.0229 | 0.9408 | 0.9368 | 0.9634 | 0.0260 | 0.9214 | 0.9271 | 0.9438
0971 | 22:19:38 |  16.1s | 1.0e-04 | 0.0230 | 0.9423 | 0.9369 | 0.9643 | 0.0263 | 0.9199 | 0.9311 | 0.9433
0972 | 22:20:07 |  13.0s | 1.0e-04 | 0.0229 | 0.9409 | 0.9355 | 0.9633 | 0.0257 | 0.9250 | 0.9279 | 0.9466
0973 | 22:20:33 |  15.2s | 1.0e-04 | 0.0233 | 0.9411 | 0.9356 | 0.9631 | 0.0271 | 0.9266 | 0.9254 | 0.9459
0974 | 22:21:00 |  13.3s | 1.0e-04 | 0.0226 | 0.9413 | 0.9370 | 0.9637 | 0.0259 | 0.9276 | 0.9279 | 0.9481
0975 | 22:21:27 |  14.1s | 1.0e-04 | 0.0229 | 0.9422 | 0.9379 | 0.9650 | 0.0267 | 0.9231 | 0.9314 | 0.9459
0976 | 22:21:54 |  14.5s | 1.0e-04 | 0.0229 | 0.9406 | 0.9342 | 0.9617 | 0.0271 | 0.9276 | 0.9239 | 0.9443
0977 | 22:22:20 |  38.2s | 1.0e-04 | 0.0231 | 0.9411 | 0.9373 | 0.9630 | 0.0268 | 0.9160 | 0.9393 | 0.9483
0978 | 22:23:12 |  10.9s | 1.0e-04 | 0.0229 | 0.9429 | 0.9396 | 0.9659 | 0.0263 | 0.9228 | 0.9260 | 0.9449
0979 | 22:23:38 |  19.8s | 1.0e-04 | 0.0227 | 0.9421 | 0.9384 | 0.9652 | 0.0276 | 0.9312 | 0.9129 | 0.9408
0980 | 22:24:12 |  13.1s | 1.0e-04 | 0.0233 | 0.9422 | 0.9384 | 0.9647 | 0.0258 | 0.9331 | 0.9207 | 0.9492
0981 | 22:24:37 |  19.0s | 1.0e-04 | 0.0229 | 0.9425 | 0.9389 | 0.9659 | 0.0274 | 0.9326 | 0.9193 | 0.9456
0982 | 22:25:07 |  16.8s | 1.0e-04 | 0.0231 | 0.9423 | 0.9389 | 0.9654 | 0.0270 | 0.9409 | 0.9047 | 0.9439
0983 | 22:25:35 |  23.3s | 1.0e-04 | 0.0232 | 0.9420 | 0.9375 | 0.9646 | 0.0260 | 0.9233 | 0.9269 | 0.9439
0984 | 22:26:12 |  30.8s | 1.0e-04 | 0.0238 | 0.9430 | 0.9390 | 0.9655 | 0.0253 | 0.9187 | 0.9334 | 0.9472
0985 | 22:26:56 |  25.4s | 1.0e-04 | 0.0235 | 0.9422 | 0.9387 | 0.9655 | 0.0266 | 0.9189 | 0.9293 | 0.9448
0986 | 22:27:32 |  14.8s | 1.0e-04 | 0.0235 | 0.9424 | 0.9387 | 0.9654 | 0.0258 | 0.9289 | 0.9270 | 0.9484
0987 | 22:27:58 |  14.2s | 1.0e-04 | 0.0238 | 0.9422 | 0.9380 | 0.9649 | 0.0268 | 0.9175 | 0.9353 | 0.9456
0988 | 22:28:23 |  16.4s | 1.0e-04 | 0.0236 | 0.9421 | 0.9380 | 0.9651 | 0.0270 | 0.9106 | 0.9333 | 0.9420
0989 | 22:28:50 |  18.0s | 1.0e-04 | 0.0236 | 0.9429 | 0.9397 | 0.9660 | 0.0261 | 0.9308 | 0.9217 | 0.9468
0990 | 22:29:19 |  16.0s | 1.0e-04 | 0.0235 | 0.9428 | 0.9381 | 0.9652 | 0.0262 | 0.9337 | 0.9148 | 0.9453
0991 | 22:29:46 |  24.8s | 1.0e-04 | 0.0237 | 0.9426 | 0.9399 | 0.9660 | 0.0262 | 0.9260 | 0.9285 | 0.9473
0992 | 22:30:26 |  30.0s | 1.0e-04 | 0.0235 | 0.9419 | 0.9380 | 0.9647 | 0.0267 | 0.9290 | 0.9242 | 0.9464
0993 | 22:31:10 |  29.7s | 1.0e-04 | 0.0230 | 0.9415 | 0.9369 | 0.9638 | 0.0262 | 0.9203 | 0.9305 | 0.9440
0994 | 22:31:53 |  13.0s | 1.0e-04 | 0.0237 | 0.9396 | 0.9354 | 0.9621 | 0.0267 | 0.9258 | 0.9289 | 0.9473
0995 | 22:32:19 |  12.8s | 1.0e-04 | 0.0231 | 0.9414 | 0.9380 | 0.9641 | 0.0267 | 0.9265 | 0.9206 | 0.9430
0996 | 22:32:42 |  16.8s | 1.0e-04 | 0.0233 | 0.9417 | 0.9369 | 0.9641 | 0.0264 | 0.9284 | 0.9224 | 0.9434
0997 | 22:33:10 |  15.3s | 1.0e-04 | 0.0233 | 0.9415 | 0.9365 | 0.9636 | 0.0262 | 0.9320 | 0.9250 | 0.9503
0998 | 22:33:37 |  15.4s | 1.0e-04 | 0.0234 | 0.9403 | 0.9355 | 0.9621 | 0.0265 | 0.9353 | 0.9105 | 0.9434
0999 | 22:34:04 |  26.5s | 1.0e-04 | 0.0229 | 0.9424 | 0.9389 | 0.9653 | 0.0268 | 0.9303 | 0.9150 | 0.9417
1000 | 22:34:44 |  27.8s | 1.0e-04 | 0.0233 | 0.9438 | 0.9405 | 0.9668 | 0.0268 | 0.9318 | 0.9177 | 0.9449
