Epoch | Time_Start | Duration | LR | T_Loss | T_Prec | T_Rec | T_P@R0.95 | V_Loss | V_Prec | V_Rec | V_P@R0.95
0001 | 14:28:08 |  25.5s | 1.0e-04 | 0.1170 | 0.7768 | 0.5637 | 0.2220 | 0.0850 | 0.7624 | 0.7418 | 0.3257
0002 | 14:28:43 |  12.1s | 1.0e-04 | 0.0783 | 0.8485 | 0.7133 | 0.3925 | 0.0744 | 0.8185 | 0.7606 | 0.3900
0003 | 14:29:05 |  12.2s | 1.0e-04 | 0.0713 | 0.8570 | 0.7431 | 0.4300 | 0.0698 | 0.8850 | 0.7066 | 0.4279
0004 | 14:29:26 |  12.5s | 1.0e-04 | 0.0649 | 0.8713 | 0.7748 | 0.4772 | 0.0672 | 0.9319 | 0.6818 | 0.5211
0005 | 14:29:48 |  12.3s | 1.0e-04 | 0.0567 | 0.8874 | 0.8099 | 0.5561 | 0.0587 | 0.8476 | 0.8398 | 0.5440
0006 | 14:30:10 |  12.3s | 1.0e-04 | 0.0547 | 0.8894 | 0.8221 | 0.5826 | 0.0558 | 0.8982 | 0.7944 | 0.5470
0007 | 14:30:32 |  12.1s | 1.0e-04 | 0.0530 | 0.8959 | 0.8256 | 0.6057 | 0.0506 | 0.8990 | 0.8064 | 0.5959
0008 | 14:30:53 |  12.2s | 1.0e-04 | 0.0541 | 0.8945 | 0.8290 | 0.6098 | 0.0509 | 0.9156 | 0.7983 | 0.6365
0009 | 14:31:15 |  12.2s | 1.0e-04 | 0.0495 | 0.8979 | 0.8387 | 0.6503 | 0.0478 | 0.9032 | 0.8402 | 0.6567
0010 | 14:31:36 |  12.1s | 1.0e-04 | 0.0478 | 0.9012 | 0.8406 | 0.6601 | 0.0490 | 0.8865 | 0.8489 | 0.6546
0011 | 14:31:58 |  12.1s | 1.0e-04 | 0.0471 | 0.9000 | 0.8467 | 0.6870 | 0.0459 | 0.8864 | 0.8693 | 0.7219
0012 | 14:32:20 |  12.3s | 1.0e-04 | 0.0452 | 0.9021 | 0.8565 | 0.7174 | 0.0442 | 0.8952 | 0.8629 | 0.7189
0013 | 14:32:41 |  12.3s | 1.0e-04 | 0.0448 | 0.9004 | 0.8541 | 0.7152 | 0.0417 | 0.8992 | 0.8629 | 0.7303
0014 | 14:33:03 |  12.1s | 1.0e-04 | 0.0437 | 0.9026 | 0.8577 | 0.7305 | 0.0439 | 0.8945 | 0.8656 | 0.7466
0015 | 14:33:25 |  12.1s | 1.0e-04 | 0.0435 | 0.9051 | 0.8570 | 0.7266 | 0.0410 | 0.8938 | 0.8617 | 0.7453
0016 | 14:33:46 |  12.1s | 1.0e-04 | 0.0422 | 0.9075 | 0.8636 | 0.7463 | 0.0414 | 0.9121 | 0.8549 | 0.7510
0017 | 14:34:08 |  12.2s | 1.0e-04 | 0.0416 | 0.9086 | 0.8650 | 0.7565 | 0.0399 | 0.9180 | 0.8414 | 0.7498
0018 | 14:34:30 |  12.2s | 1.0e-04 | 0.0406 | 0.9097 | 0.8675 | 0.7676 | 0.0410 | 0.9051 | 0.8684 | 0.7721
0019 | 14:34:51 |  12.2s | 1.0e-04 | 0.0400 | 0.9105 | 0.8693 | 0.7732 | 0.0410 | 0.8965 | 0.8669 | 0.7715
0020 | 14:35:13 |  12.3s | 1.0e-04 | 0.0395 | 0.9114 | 0.8672 | 0.7718 | 0.0408 | 0.8910 | 0.8738 | 0.7578
0021 | 14:35:35 |  23.3s | 1.0e-04 | 0.0403 | 0.9106 | 0.8750 | 0.7817 | 0.0404 | 0.9061 | 0.8680 | 0.7676
0022 | 14:36:08 |  12.4s | 1.0e-04 | 0.0397 | 0.9165 | 0.8838 | 0.8074 | 0.0388 | 0.9230 | 0.8523 | 0.7910
0023 | 14:36:29 |  11.9s | 1.0e-04 | 0.0397 | 0.9139 | 0.8813 | 0.8019 | 0.0401 | 0.8923 | 0.8914 | 0.7823
0024 | 14:36:51 |  12.1s | 1.0e-04 | 0.0386 | 0.9152 | 0.8848 | 0.8138 | 0.0394 | 0.8911 | 0.8978 | 0.7930
0025 | 14:37:12 |  11.9s | 1.0e-04 | 0.0365 | 0.9167 | 0.8880 | 0.8212 | 0.0376 | 0.9225 | 0.8507 | 0.7745
0026 | 14:37:34 |  11.8s | 1.0e-04 | 0.0373 | 0.9177 | 0.8909 | 0.8247 | 0.0374 | 0.9153 | 0.8691 | 0.8046
0027 | 14:37:55 |  12.0s | 1.0e-04 | 0.0358 | 0.9188 | 0.8919 | 0.8301 | 0.0392 | 0.8957 | 0.8941 | 0.8043
0028 | 14:38:17 |  11.9s | 1.0e-04 | 0.0371 | 0.9186 | 0.8916 | 0.8304 | 0.0363 | 0.9150 | 0.8773 | 0.8090
0029 | 14:38:38 |  12.0s | 1.0e-04 | 0.0355 | 0.9186 | 0.8982 | 0.8442 | 0.0361 | 0.9004 | 0.8833 | 0.7899
0030 | 14:39:00 |  12.1s | 1.0e-04 | 0.0356 | 0.9208 | 0.8959 | 0.8395 | 0.0342 | 0.9128 | 0.8855 | 0.8241
0031 | 14:39:21 |  12.0s | 1.0e-04 | 0.0349 | 0.9201 | 0.8981 | 0.8460 | 0.0368 | 0.8870 | 0.9042 | 0.8038
0032 | 14:39:43 |  11.9s | 1.0e-04 | 0.0338 | 0.9241 | 0.9034 | 0.8569 | 0.0346 | 0.9003 | 0.9070 | 0.8276
0033 | 14:40:04 |  11.8s | 1.0e-04 | 0.0330 | 0.9242 | 0.9023 | 0.8559 | 0.0339 | 0.9045 | 0.8871 | 0.8105
0034 | 14:40:25 |  12.0s | 1.0e-04 | 0.0326 | 0.9247 | 0.9045 | 0.8629 | 0.0356 | 0.8864 | 0.9073 | 0.8131
0035 | 14:40:47 |  12.2s | 1.0e-04 | 0.0325 | 0.9258 | 0.9089 | 0.8685 | 0.0334 | 0.9061 | 0.9047 | 0.8415
0036 | 14:41:09 |  11.9s | 1.0e-04 | 0.0312 | 0.9266 | 0.9082 | 0.8680 | 0.0324 | 0.9257 | 0.8865 | 0.8392
0037 | 14:41:30 |  12.4s | 1.0e-04 | 0.0313 | 0.9268 | 0.9095 | 0.8728 | 0.0318 | 0.9065 | 0.9084 | 0.8401
0038 | 14:41:52 |  11.9s | 1.0e-04 | 0.0305 | 0.9279 | 0.9130 | 0.8792 | 0.0315 | 0.9163 | 0.9021 | 0.8462
0039 | 14:42:13 |  11.9s | 1.0e-04 | 0.0298 | 0.9277 | 0.9145 | 0.8840 | 0.0317 | 0.8926 | 0.9207 | 0.8412
0040 | 14:42:34 |  12.2s | 1.0e-04 | 0.0311 | 0.9269 | 0.9149 | 0.8805 | 0.0326 | 0.8997 | 0.9141 | 0.8406
0041 | 14:42:56 |  12.0s | 1.0e-04 | 0.0301 | 0.9291 | 0.9134 | 0.8805 | 0.0333 | 0.9158 | 0.9124 | 0.8587
0042 | 14:43:18 |  24.9s | 1.0e-04 | 0.0318 | 0.9260 | 0.9103 | 0.8713 | 0.0312 | 0.9189 | 0.8981 | 0.8447
0043 | 14:43:52 |  12.0s | 1.0e-04 | 0.0300 | 0.9281 | 0.9159 | 0.8829 | 0.0291 | 0.9148 | 0.9106 | 0.8616
0044 | 14:44:13 |  12.0s | 1.0e-04 | 0.0301 | 0.9300 | 0.9187 | 0.8913 | 0.0324 | 0.9012 | 0.9179 | 0.8493
0045 | 14:44:35 |  12.0s | 1.0e-04 | 0.0296 | 0.9305 | 0.9177 | 0.8912 | 0.0307 | 0.9187 | 0.9025 | 0.8526
0046 | 14:44:56 |  12.0s | 1.0e-04 | 0.0300 | 0.9295 | 0.9160 | 0.8864 | 0.0312 | 0.9225 | 0.8992 | 0.8537
0047 | 14:45:18 |  11.9s | 1.0e-04 | 0.0301 | 0.9291 | 0.9152 | 0.8837 | 0.0308 | 0.9334 | 0.8992 | 0.8706
0048 | 14:45:39 |  12.2s | 1.0e-04 | 0.0282 | 0.9321 | 0.9224 | 0.8987 | 0.0294 | 0.9019 | 0.9194 | 0.8556
0049 | 14:46:01 |  12.0s | 1.0e-04 | 0.0291 | 0.9308 | 0.9222 | 0.8982 | 0.0292 | 0.8986 | 0.9369 | 0.8755
0050 | 14:46:22 |  11.9s | 1.0e-04 | 0.0284 | 0.9316 | 0.9197 | 0.8940 | 0.0299 | 0.9232 | 0.9085 | 0.8732
0051 | 14:46:43 |  12.0s | 1.0e-04 | 0.0286 | 0.9312 | 0.9213 | 0.8973 | 0.0300 | 0.9457 | 0.8811 | 0.8756
0052 | 14:47:05 |  12.0s | 1.0e-04 | 0.0289 | 0.9331 | 0.9219 | 0.8981 | 0.0279 | 0.9281 | 0.9097 | 0.8742
0053 | 14:47:26 |  11.9s | 1.0e-04 | 0.0287 | 0.9316 | 0.9223 | 0.8955 | 0.0314 | 0.9298 | 0.8885 | 0.8511
0054 | 14:47:48 |  12.0s | 1.0e-04 | 0.0282 | 0.9309 | 0.9218 | 0.8981 | 0.0309 | 0.9212 | 0.9148 | 0.8730
0055 | 14:48:09 |  12.6s | 1.0e-04 | 0.0291 | 0.9298 | 0.9199 | 0.8921 | 0.0297 | 0.9353 | 0.8950 | 0.8728
0056 | 14:48:31 |  12.3s | 1.0e-04 | 0.0282 | 0.9337 | 0.9238 | 0.9023 | 0.0289 | 0.9307 | 0.9104 | 0.8720
0057 | 14:48:53 |  11.9s | 1.0e-04 | 0.0279 | 0.9322 | 0.9223 | 0.8997 | 0.0308 | 0.9332 | 0.8859 | 0.8688
0058 | 14:49:14 |  12.2s | 1.0e-04 | 0.0277 | 0.9326 | 0.9250 | 0.9052 | 0.0288 | 0.9145 | 0.9211 | 0.8697
0059 | 14:49:36 |  12.0s | 1.0e-04 | 0.0278 | 0.9331 | 0.9241 | 0.9036 | 0.0286 | 0.9287 | 0.9006 | 0.8727
0060 | 14:49:57 |  12.1s | 1.0e-04 | 0.0273 | 0.9325 | 0.9252 | 0.9048 | 0.0301 | 0.9106 | 0.9235 | 0.8732
0061 | 14:50:19 |  11.9s | 1.0e-04 | 0.0274 | 0.9337 | 0.9266 | 0.9068 | 0.0302 | 0.9218 | 0.8986 | 0.8545
0062 | 14:50:40 |  12.3s | 1.0e-04 | 0.0273 | 0.9345 | 0.9260 | 0.9085 | 0.0285 | 0.9222 | 0.9114 | 0.8714
0063 | 14:51:02 |  22.6s | 1.0e-04 | 0.0269 | 0.9337 | 0.9287 | 0.9086 | 0.0284 | 0.9279 | 0.9021 | 0.8725
0064 | 14:51:34 |  12.0s | 1.0e-04 | 0.0264 | 0.9353 | 0.9266 | 0.9095 | 0.0277 | 0.9180 | 0.9208 | 0.8804
0065 | 14:51:56 |  12.0s | 1.0e-04 | 0.0264 | 0.9348 | 0.9276 | 0.9090 | 0.0293 | 0.8994 | 0.9265 | 0.8689
0066 | 14:52:18 |  12.0s | 1.0e-04 | 0.0263 | 0.9344 | 0.9290 | 0.9103 | 0.0285 | 0.9296 | 0.9127 | 0.8819
0067 | 14:52:39 |  12.0s | 1.0e-04 | 0.0266 | 0.9339 | 0.9273 | 0.9092 | 0.0268 | 0.9148 | 0.9181 | 0.8704
0068 | 14:53:01 |  12.0s | 1.0e-04 | 0.0266 | 0.9338 | 0.9278 | 0.9100 | 0.0295 | 0.9084 | 0.9327 | 0.8825
0069 | 14:53:22 |  12.0s | 1.0e-04 | 0.0260 | 0.9362 | 0.9284 | 0.9115 | 0.0290 | 0.9162 | 0.9280 | 0.8870
0070 | 14:53:44 |  12.1s | 1.0e-04 | 0.0263 | 0.9339 | 0.9295 | 0.9104 | 0.0274 | 0.9332 | 0.9073 | 0.8872
0071 | 14:54:06 |  12.0s | 1.0e-04 | 0.0264 | 0.9360 | 0.9281 | 0.9092 | 0.0292 | 0.9242 | 0.9056 | 0.8643
0072 | 14:54:28 |  12.2s | 1.0e-04 | 0.0262 | 0.9351 | 0.9287 | 0.9099 | 0.0287 | 0.9282 | 0.9118 | 0.8814
0073 | 14:54:49 |  11.9s | 1.0e-04 | 0.0259 | 0.9368 | 0.9310 | 0.9131 | 0.0281 | 0.9261 | 0.9086 | 0.8752
0074 | 14:55:11 |  12.1s | 1.0e-04 | 0.0257 | 0.9369 | 0.9286 | 0.9125 | 0.0279 | 0.9258 | 0.9159 | 0.8824
0075 | 14:55:33 |  12.0s | 1.0e-04 | 0.0257 | 0.9359 | 0.9335 | 0.9167 | 0.0291 | 0.9383 | 0.8950 | 0.8821
0076 | 14:55:55 |  12.4s | 1.0e-04 | 0.0254 | 0.9367 | 0.9324 | 0.9170 | 0.0301 | 0.9333 | 0.8878 | 0.8571
0077 | 14:56:16 |  12.0s | 1.0e-04 | 0.0265 | 0.9348 | 0.9299 | 0.9115 | 0.0273 | 0.9321 | 0.9193 | 0.8958
0078 | 14:56:38 |  12.0s | 1.0e-04 | 0.0254 | 0.9360 | 0.9308 | 0.9146 | 0.0273 | 0.9067 | 0.9349 | 0.8805
0079 | 14:57:00 |  12.0s | 1.0e-04 | 0.0253 | 0.9352 | 0.9296 | 0.9133 | 0.0262 | 0.9176 | 0.9330 | 0.8877
0080 | 14:57:22 |  12.1s | 1.0e-04 | 0.0255 | 0.9363 | 0.9335 | 0.9182 | 0.0277 | 0.9346 | 0.9090 | 0.8792
0081 | 14:57:44 |  12.4s | 1.0e-04 | 0.0250 | 0.9378 | 0.9330 | 0.9198 | 0.0273 | 0.9252 | 0.9157 | 0.8827
0082 | 14:58:06 |  11.9s | 1.0e-04 | 0.0257 | 0.9369 | 0.9299 | 0.9142 | 0.0274 | 0.9274 | 0.9215 | 0.8962
0083 | 14:58:28 |  12.2s | 1.0e-04 | 0.0254 | 0.9368 | 0.9314 | 0.9144 | 0.0278 | 0.9390 | 0.8989 | 0.8894
0084 | 14:58:50 |  21.5s | 1.0e-04 | 0.0249 | 0.9390 | 0.9324 | 0.9196 | 0.0281 | 0.9163 | 0.9274 | 0.8886
0085 | 14:59:21 |  11.9s | 1.0e-04 | 0.0251 | 0.9382 | 0.9324 | 0.9189 | 0.0263 | 0.9385 | 0.8927 | 0.8882
0086 | 14:59:43 |  12.0s | 1.0e-04 | 0.0262 | 0.9380 | 0.9331 | 0.9190 | 0.0307 | 0.8760 | 0.9493 | 0.8738
0087 | 15:00:04 |  12.0s | 1.0e-04 | 0.0251 | 0.9387 | 0.9348 | 0.9221 | 0.0272 | 0.9116 | 0.9328 | 0.8875
0088 | 15:00:26 |  11.9s | 1.0e-04 | 0.0250 | 0.9384 | 0.9336 | 0.9211 | 0.0279 | 0.9360 | 0.9077 | 0.8806
0089 | 15:00:48 |  11.8s | 1.0e-04 | 0.0255 | 0.9381 | 0.9332 | 0.9207 | 0.0274 | 0.9151 | 0.9252 | 0.8754
0090 | 15:01:10 |  12.0s | 1.0e-04 | 0.0247 | 0.9384 | 0.9362 | 0.9248 | 0.0291 | 0.9311 | 0.8979 | 0.8699
0091 | 15:01:31 |  11.9s | 1.0e-04 | 0.0251 | 0.9375 | 0.9344 | 0.9194 | 0.0270 | 0.9178 | 0.9305 | 0.8936
0092 | 15:01:53 |  12.1s | 1.0e-04 | 0.0255 | 0.9375 | 0.9348 | 0.9201 | 0.0282 | 0.9286 | 0.9235 | 0.8964
0093 | 15:02:15 |  11.8s | 1.0e-04 | 0.0250 | 0.9398 | 0.9325 | 0.9199 | 0.0277 | 0.9274 | 0.9085 | 0.8814
0094 | 15:02:37 |  11.9s | 1.0e-04 | 0.0255 | 0.9392 | 0.9345 | 0.9227 | 0.0267 | 0.9223 | 0.9211 | 0.8851
0095 | 15:02:58 |  12.0s | 1.0e-04 | 0.0254 | 0.9380 | 0.9322 | 0.9185 | 0.0274 | 0.9338 | 0.9146 | 0.8949
0096 | 15:03:20 |  11.9s | 1.0e-04 | 0.0251 | 0.9391 | 0.9355 | 0.9236 | 0.0269 | 0.9344 | 0.9142 | 0.8922
0097 | 15:03:42 |  11.8s | 1.0e-04 | 0.0247 | 0.9378 | 0.9345 | 0.9222 | 0.0268 | 0.9357 | 0.9151 | 0.8968
0098 | 15:04:03 |  12.3s | 1.0e-04 | 0.0244 | 0.9388 | 0.9367 | 0.9253 | 0.0268 | 0.9331 | 0.9125 | 0.8888
0099 | 15:04:25 |  12.1s | 1.0e-04 | 0.0250 | 0.9372 | 0.9351 | 0.9232 | 0.0261 | 0.9355 | 0.9150 | 0.8944
0100 | 15:04:47 |  11.8s | 1.0e-04 | 0.0247 | 0.9396 | 0.9354 | 0.9231 | 0.0260 | 0.9291 | 0.9224 | 0.8941
0101 | 15:05:09 |  11.8s | 1.0e-04 | 0.0246 | 0.9383 | 0.9368 | 0.9243 | 0.0270 | 0.9105 | 0.9306 | 0.8813
0102 | 15:05:30 |  12.6s | 1.0e-04 | 0.0247 | 0.9406 | 0.9355 | 0.9243 | 0.0262 | 0.9376 | 0.9167 | 0.9011
0103 | 15:05:53 |  11.8s | 1.0e-04 | 0.0247 | 0.9386 | 0.9331 | 0.9185 | 0.0281 | 0.9085 | 0.9376 | 0.8911
0104 | 15:06:14 |  11.9s | 1.0e-04 | 0.0247 | 0.9394 | 0.9343 | 0.9227 | 0.0278 | 0.9153 | 0.9264 | 0.8828
0105 | 15:06:36 |  25.3s | 1.0e-04 | 0.0239 | 0.9397 | 0.9356 | 0.9251 | 0.0277 | 0.9452 | 0.8906 | 0.8887
0106 | 15:07:11 |  12.0s | 1.0e-04 | 0.0241 | 0.9404 | 0.9356 | 0.9235 | 0.0273 | 0.9381 | 0.9093 | 0.8953
0107 | 15:07:33 |  12.1s | 1.0e-04 | 0.0246 | 0.9396 | 0.9346 | 0.9231 | 0.0281 | 0.9259 | 0.9303 | 0.8995
0108 | 15:07:55 |  12.1s | 1.0e-04 | 0.0233 | 0.9404 | 0.9390 | 0.9288 | 0.0260 | 0.9285 | 0.9220 | 0.8944
0109 | 15:08:16 |  12.1s | 1.0e-04 | 0.0241 | 0.9399 | 0.9375 | 0.9260 | 0.0259 | 0.9262 | 0.9230 | 0.8944
0110 | 15:08:38 |  12.1s | 1.0e-04 | 0.0232 | 0.9416 | 0.9384 | 0.9286 | 0.0271 | 0.9348 | 0.9108 | 0.8929
0111 | 15:09:00 |  12.0s | 1.0e-04 | 0.0239 | 0.9384 | 0.9346 | 0.9225 | 0.0286 | 0.9414 | 0.8951 | 0.8886
0112 | 15:09:22 |  12.1s | 1.0e-04 | 0.0238 | 0.9408 | 0.9371 | 0.9269 | 0.0264 | 0.9405 | 0.9069 | 0.8976
0113 | 15:09:44 |  12.5s | 1.0e-04 | 0.0235 | 0.9401 | 0.9386 | 0.9277 | 0.0274 | 0.9054 | 0.9478 | 0.9025
0114 | 15:10:06 |  12.0s | 1.0e-04 | 0.0240 | 0.9401 | 0.9373 | 0.9265 | 0.0248 | 0.9293 | 0.9228 | 0.8969
0115 | 15:10:28 |  12.1s | 1.0e-04 | 0.0236 | 0.9414 | 0.9397 | 0.9300 | 0.0265 | 0.9209 | 0.9339 | 0.9038
0116 | 15:10:50 |  12.0s | 1.0e-04 | 0.0238 | 0.9396 | 0.9359 | 0.9247 | 0.0283 | 0.9326 | 0.9062 | 0.8805
0117 | 15:11:11 |  12.4s | 1.0e-04 | 0.0234 | 0.9414 | 0.9393 | 0.9297 | 0.0270 | 0.9181 | 0.9336 | 0.8975
0118 | 15:11:33 |  12.2s | 1.0e-04 | 0.0232 | 0.9419 | 0.9403 | 0.9321 | 0.0253 | 0.9265 | 0.9329 | 0.9071
0119 | 15:11:55 |  12.0s | 1.0e-04 | 0.0228 | 0.9403 | 0.9376 | 0.9277 | 0.0266 | 0.9234 | 0.9327 | 0.9030
0120 | 15:12:17 |  12.1s | 1.0e-04 | 0.0228 | 0.9422 | 0.9405 | 0.9332 | 0.0264 | 0.9268 | 0.9248 | 0.8963
0121 | 15:12:39 |  12.2s | 1.0e-04 | 0.0239 | 0.9398 | 0.9391 | 0.9293 | 0.0273 | 0.9292 | 0.9164 | 0.8929
0122 | 15:13:01 |  12.3s | 1.0e-04 | 0.0239 | 0.9412 | 0.9388 | 0.9291 | 0.0270 | 0.9262 | 0.9158 | 0.8827
0123 | 15:13:23 |  12.2s | 1.0e-04 | 0.0232 | 0.9414 | 0.9365 | 0.9264 | 0.0252 | 0.9193 | 0.9321 | 0.8936
0124 | 15:13:45 |  12.2s | 1.0e-04 | 0.0232 | 0.9419 | 0.9388 | 0.9301 | 0.0271 | 0.9370 | 0.9152 | 0.8962
0125 | 15:14:07 |  12.4s | 1.0e-04 | 0.0237 | 0.9399 | 0.9376 | 0.9295 | 0.0244 | 0.9230 | 0.9334 | 0.9006
0126 | 15:14:32 |  12.7s | 1.0e-04 | 0.0240 | 0.9374 | 0.9368 | 0.9249 | 0.0261 | 0.9290 | 0.9207 | 0.8926
0127 | 15:14:54 |  12.0s | 1.0e-04 | 0.0236 | 0.9414 | 0.9370 | 0.9267 | 0.0269 | 0.9092 | 0.9339 | 0.8817
0128 | 15:15:16 |  12.3s | 1.0e-04 | 0.0241 | 0.9392 | 0.9363 | 0.9247 | 0.0266 | 0.9359 | 0.9020 | 0.8930
0129 | 15:15:38 |  12.1s | 1.0e-04 | 0.0239 | 0.9396 | 0.9344 | 0.9240 | 0.0264 | 0.9239 | 0.9306 | 0.8975
0130 | 15:16:00 |  12.0s | 1.0e-04 | 0.0234 | 0.9394 | 0.9375 | 0.9263 | 0.0268 | 0.9481 | 0.8911 | 0.8940
0131 | 15:16:21 |  12.0s | 1.0e-04 | 0.0236 | 0.9403 | 0.9378 | 0.9267 | 0.0258 | 0.9221 | 0.9361 | 0.9037
0132 | 15:16:43 |  12.0s | 1.0e-04 | 0.0234 | 0.9410 | 0.9363 | 0.9257 | 0.0252 | 0.9315 | 0.9232 | 0.8985
0133 | 15:17:05 |  12.1s | 1.0e-04 | 0.0234 | 0.9405 | 0.9402 | 0.9296 | 0.0261 | 0.9263 | 0.9253 | 0.8980
0134 | 15:17:27 |  12.0s | 1.0e-04 | 0.0237 | 0.9393 | 0.9352 | 0.9242 | 0.0258 | 0.9315 | 0.9203 | 0.8975
0135 | 15:17:48 |  12.4s | 1.0e-04 | 0.0239 | 0.9403 | 0.9377 | 0.9282 | 0.0267 | 0.9172 | 0.9262 | 0.8892
0136 | 15:18:10 |  12.0s | 1.0e-04 | 0.0230 | 0.9408 | 0.9413 | 0.9315 | 0.0263 | 0.9386 | 0.9214 | 0.9049
0137 | 15:18:32 |  12.0s | 1.0e-04 | 0.0232 | 0.9424 | 0.9400 | 0.9324 | 0.0260 | 0.9170 | 0.9259 | 0.8824
0138 | 15:18:54 |  12.2s | 1.0e-04 | 0.0238 | 0.9401 | 0.9393 | 0.9288 | 0.0258 | 0.9326 | 0.9185 | 0.8920
0139 | 15:19:16 |  12.1s | 1.0e-04 | 0.0234 | 0.9396 | 0.9379 | 0.9263 | 0.0252 | 0.9262 | 0.9312 | 0.8991
0140 | 15:19:38 |  12.1s | 1.0e-04 | 0.0231 | 0.9404 | 0.9375 | 0.9277 | 0.0257 | 0.9376 | 0.9173 | 0.8999
0141 | 15:19:59 |  12.0s | 1.0e-04 | 0.0235 | 0.9433 | 0.9397 | 0.9317 | 0.0259 | 0.9223 | 0.9259 | 0.8919
0142 | 15:20:21 |  12.1s | 1.0e-04 | 0.0224 | 0.9436 | 0.9396 | 0.9331 | 0.0275 | 0.9307 | 0.9219 | 0.9024
0143 | 15:20:43 |  12.4s | 1.0e-04 | 0.0228 | 0.9404 | 0.9387 | 0.9285 | 0.0261 | 0.9301 | 0.9219 | 0.8936
0144 | 15:21:05 |  12.0s | 1.0e-04 | 0.0233 | 0.9416 | 0.9380 | 0.9278 | 0.0248 | 0.9336 | 0.9299 | 0.9114
0145 | 15:21:27 |  12.3s | 1.0e-04 | 0.0227 | 0.9431 | 0.9403 | 0.9327 | 0.0259 | 0.9363 | 0.9094 | 0.8929
0146 | 15:21:49 |  25.6s | 1.0e-04 | 0.0236 | 0.9391 | 0.9388 | 0.9275 | 0.0260 | 0.9350 | 0.9208 | 0.9032
0147 | 15:22:24 |  12.1s | 1.0e-04 | 0.0243 | 0.9382 | 0.9380 | 0.9270 | 0.0262 | 0.9182 | 0.9361 | 0.8979
0148 | 15:22:46 |  11.9s | 1.0e-04 | 0.0237 | 0.9381 | 0.9364 | 0.9242 | 0.0251 | 0.9271 | 0.9322 | 0.9000
0149 | 15:23:07 |  12.0s | 1.0e-04 | 0.0243 | 0.9391 | 0.9362 | 0.9236 | 0.0262 | 0.9046 | 0.9528 | 0.9083
0150 | 15:23:28 |  12.4s | 1.0e-04 | 0.0245 | 0.9392 | 0.9364 | 0.9242 | 0.0260 | 0.9409 | 0.9084 | 0.8939
0151 | 15:23:50 |  12.1s | 1.0e-04 | 0.0235 | 0.9402 | 0.9385 | 0.9271 | 0.0254 | 0.9349 | 0.9212 | 0.9074
0152 | 15:24:12 |  12.3s | 1.0e-04 | 0.0240 | 0.9407 | 0.9380 | 0.9275 | 0.0253 | 0.9288 | 0.9350 | 0.9079
0153 | 15:24:34 |  12.1s | 1.0e-04 | 0.0241 | 0.9398 | 0.9390 | 0.9285 | 0.0256 | 0.9361 | 0.9197 | 0.9050
0154 | 15:24:55 |  12.0s | 1.0e-04 | 0.0244 | 0.9395 | 0.9378 | 0.9271 | 0.0249 | 0.9473 | 0.9066 | 0.9071
0155 | 15:25:17 |  12.0s | 1.0e-04 | 0.0244 | 0.9388 | 0.9375 | 0.9259 | 0.0252 | 0.9354 | 0.9247 | 0.9049
0156 | 15:25:39 |  12.0s | 1.0e-04 | 0.0240 | 0.9401 | 0.9381 | 0.9273 | 0.0255 | 0.9399 | 0.9226 | 0.9088
0157 | 15:26:00 |  12.0s | 1.0e-04 | 0.0234 | 0.9409 | 0.9371 | 0.9267 | 0.0261 | 0.9331 | 0.9120 | 0.8853
0158 | 15:26:22 |  12.2s | 1.0e-04 | 0.0239 | 0.9399 | 0.9373 | 0.9268 | 0.0246 | 0.9349 | 0.9253 | 0.9039
0159 | 15:26:44 |  11.9s | 1.0e-04 | 0.0240 | 0.9403 | 0.9377 | 0.9264 | 0.0273 | 0.9498 | 0.8940 | 0.8915
0160 | 15:27:05 |  11.9s | 1.0e-04 | 0.0241 | 0.9404 | 0.9382 | 0.9276 | 0.0268 | 0.9462 | 0.9031 | 0.9007
0161 | 15:27:27 |  12.0s | 1.0e-04 | 0.0238 | 0.9410 | 0.9386 | 0.9285 | 0.0257 | 0.9329 | 0.9200 | 0.8959
0162 | 15:27:48 |  11.9s | 1.0e-04 | 0.0238 | 0.9397 | 0.9384 | 0.9269 | 0.0245 | 0.9230 | 0.9393 | 0.9078
0163 | 15:28:09 |  12.0s | 1.0e-04 | 0.0241 | 0.9397 | 0.9360 | 0.9244 | 0.0240 | 0.9436 | 0.9271 | 0.9180
0164 | 15:28:31 |  12.0s | 1.0e-04 | 0.0232 | 0.9414 | 0.9409 | 0.9320 | 0.0246 | 0.9222 | 0.9387 | 0.9065
0165 | 15:28:53 |  11.9s | 1.0e-04 | 0.0236 | 0.9404 | 0.9392 | 0.9288 | 0.0257 | 0.9291 | 0.9287 | 0.9069
0166 | 15:29:14 |  11.9s | 1.0e-04 | 0.0234 | 0.9407 | 0.9404 | 0.9314 | 0.0256 | 0.9355 | 0.9213 | 0.9067
0167 | 15:29:35 |  25.2s | 1.0e-04 | 0.0232 | 0.9413 | 0.9417 | 0.9328 | 0.0257 | 0.9359 | 0.9293 | 0.9121
0168 | 15:30:10 |  12.0s | 1.0e-04 | 0.0234 | 0.9417 | 0.9416 | 0.9319 | 0.0251 | 0.9130 | 0.9479 | 0.9104
0169 | 15:30:32 |  12.0s | 1.0e-04 | 0.0236 | 0.9407 | 0.9396 | 0.9302 | 0.0259 | 0.9492 | 0.9070 | 0.9075
0170 | 15:30:53 |  12.0s | 1.0e-04 | 0.0226 | 0.9436 | 0.9439 | 0.9375 | 0.0242 | 0.9151 | 0.9383 | 0.8980
0171 | 15:31:15 |  11.9s | 1.0e-04 | 0.0228 | 0.9437 | 0.9438 | 0.9380 | 0.0253 | 0.9321 | 0.9227 | 0.9041
0172 | 15:31:36 |  12.0s | 1.0e-04 | 0.0229 | 0.9435 | 0.9443 | 0.9379 | 0.0251 | 0.9339 | 0.9257 | 0.9094
0173 | 15:31:58 |  12.5s | 1.0e-04 | 0.0228 | 0.9447 | 0.9425 | 0.9385 | 0.0250 | 0.9276 | 0.9330 | 0.9015
0174 | 15:32:20 |  11.9s | 1.0e-04 | 0.0224 | 0.9448 | 0.9465 | 0.9412 | 0.0250 | 0.9189 | 0.9353 | 0.8987
0175 | 15:32:41 |  12.0s | 1.0e-04 | 0.0229 | 0.9425 | 0.9425 | 0.9348 | 0.0248 | 0.9298 | 0.9321 | 0.9079
0176 | 15:33:03 |  12.1s | 1.0e-04 | 0.0226 | 0.9444 | 0.9418 | 0.9360 | 0.0236 | 0.9371 | 0.9280 | 0.9118
0177 | 15:33:24 |  12.0s | 1.0e-04 | 0.0226 | 0.9443 | 0.9437 | 0.9379 | 0.0243 | 0.9287 | 0.9397 | 0.9168
0178 | 15:33:46 |  12.0s | 1.0e-04 | 0.0223 | 0.9454 | 0.9434 | 0.9394 | 0.0253 | 0.9148 | 0.9486 | 0.9122
0179 | 15:34:07 |  12.0s | 1.0e-04 | 0.0224 | 0.9417 | 0.9404 | 0.9329 | 0.0244 | 0.9347 | 0.9305 | 0.9139
0180 | 15:34:29 |  12.0s | 1.0e-04 | 0.0225 | 0.9449 | 0.9448 | 0.9397 | 0.0252 | 0.9279 | 0.9349 | 0.9129
0181 | 15:34:50 |  12.4s | 1.0e-04 | 0.0229 | 0.9438 | 0.9440 | 0.9372 | 0.0248 | 0.9390 | 0.9167 | 0.9053
0182 | 15:35:12 |  12.0s | 1.0e-04 | 0.0229 | 0.9440 | 0.9417 | 0.9353 | 0.0253 | 0.9319 | 0.9215 | 0.8990
0183 | 15:35:34 |  12.0s | 1.0e-04 | 0.0224 | 0.9435 | 0.9438 | 0.9379 | 0.0255 | 0.9377 | 0.9181 | 0.8993
0184 | 15:35:55 |  12.0s | 1.0e-04 | 0.0226 | 0.9447 | 0.9449 | 0.9391 | 0.0242 | 0.9395 | 0.9221 | 0.9118
0185 | 15:36:17 |  12.1s | 1.0e-04 | 0.0228 | 0.9431 | 0.9433 | 0.9367 | 0.0243 | 0.9456 | 0.9223 | 0.9173
0186 | 15:36:38 |  12.1s | 1.0e-04 | 0.0226 | 0.9448 | 0.9441 | 0.9395 | 0.0241 | 0.9275 | 0.9341 | 0.9072
0187 | 15:37:00 |  12.0s | 1.0e-04 | 0.0227 | 0.9432 | 0.9432 | 0.9364 | 0.0250 | 0.9218 | 0.9362 | 0.9028
0188 | 15:37:21 |  28.1s | 1.0e-04 | 0.0217 | 0.9422 | 0.9453 | 0.9371 | 0.0253 | 0.9259 | 0.9347 | 0.9063
0189 | 15:37:59 |  12.4s | 1.0e-04 | 0.0204 | 0.9450 | 0.9434 | 0.9378 | 0.0239 | 0.9364 | 0.9357 | 0.9223
0190 | 15:38:21 |  12.1s | 1.0e-04 | 0.0206 | 0.9464 | 0.9444 | 0.9400 | 0.0255 | 0.9287 | 0.9223 | 0.8944
0191 | 15:38:43 |  12.1s | 1.0e-04 | 0.0206 | 0.9450 | 0.9427 | 0.9379 | 0.0263 | 0.9019 | 0.9495 | 0.9010
0192 | 15:39:04 |  12.1s | 1.0e-04 | 0.0204 | 0.9458 | 0.9437 | 0.9401 | 0.0251 | 0.9380 | 0.9128 | 0.8976
0193 | 15:39:26 |  12.1s | 1.0e-04 | 0.0211 | 0.9426 | 0.9412 | 0.9337 | 0.0256 | 0.9387 | 0.9144 | 0.8983
0194 | 15:39:47 |  12.1s | 1.0e-04 | 0.0201 | 0.9472 | 0.9464 | 0.9437 | 0.0251 | 0.9315 | 0.9152 | 0.8927
0195 | 15:40:09 |  12.4s | 1.0e-04 | 0.0207 | 0.9455 | 0.9440 | 0.9396 | 0.0245 | 0.9376 | 0.9223 | 0.9075
0196 | 15:40:31 |  12.5s | 1.0e-04 | 0.0214 | 0.9436 | 0.9412 | 0.9336 | 0.0247 | 0.9372 | 0.9210 | 0.9053
0197 | 15:40:53 |  12.1s | 1.0e-04 | 0.0204 | 0.9458 | 0.9433 | 0.9400 | 0.0249 | 0.9365 | 0.9234 | 0.9042
0198 | 15:41:15 |  12.5s | 1.0e-04 | 0.0205 | 0.9441 | 0.9447 | 0.9386 | 0.0247 | 0.9383 | 0.9157 | 0.9048
0199 | 15:41:37 |  12.2s | 1.0e-04 | 0.0204 | 0.9455 | 0.9440 | 0.9400 | 0.0240 | 0.9301 | 0.9345 | 0.9129
0200 | 15:41:58 |  12.5s | 1.0e-04 | 0.0209 | 0.9450 | 0.9429 | 0.9369 | 0.0248 | 0.9343 | 0.9259 | 0.9058
0201 | 15:42:20 |  12.5s | 1.0e-04 | 0.0205 | 0.9461 | 0.9435 | 0.9393 | 0.0239 | 0.9287 | 0.9348 | 0.9137
0202 | 15:42:42 |  12.8s | 1.0e-04 | 0.0203 | 0.9473 | 0.9426 | 0.9390 | 0.0259 | 0.9355 | 0.9224 | 0.9081
0203 | 15:43:05 |  12.1s | 1.0e-04 | 0.0207 | 0.9432 | 0.9422 | 0.9358 | 0.0250 | 0.9369 | 0.9245 | 0.9115
0204 | 15:43:26 |  12.2s | 1.0e-04 | 0.0211 | 0.9454 | 0.9437 | 0.9394 | 0.0245 | 0.9207 | 0.9320 | 0.8968
0205 | 15:43:48 |  12.0s | 1.0e-04 | 0.0205 | 0.9453 | 0.9422 | 0.9375 | 0.0252 | 0.9303 | 0.9242 | 0.9007
0206 | 15:44:09 |  12.1s | 1.0e-04 | 0.0201 | 0.9448 | 0.9434 | 0.9383 | 0.0247 | 0.9123 | 0.9532 | 0.9157
0207 | 15:44:31 |  12.3s | 1.0e-04 | 0.0207 | 0.9459 | 0.9450 | 0.9407 | 0.0255 | 0.9342 | 0.9243 | 0.9031
0208 | 15:44:53 |  12.4s | 1.0e-04 | 0.0202 | 0.9457 | 0.9443 | 0.9406 | 0.0240 | 0.9335 | 0.9291 | 0.9119
0209 | 15:45:15 |  21.1s | 1.0e-04 | 0.0216 | 0.9438 | 0.9426 | 0.9360 | 0.0253 | 0.9226 | 0.9434 | 0.9135
0210 | 15:45:45 |  11.9s | 1.0e-04 | 0.0215 | 0.9460 | 0.9448 | 0.9413 | 0.0248 | 0.9249 | 0.9371 | 0.9092
0211 | 15:46:07 |  11.9s | 1.0e-04 | 0.0214 | 0.9470 | 0.9469 | 0.9441 | 0.0244 | 0.9384 | 0.9214 | 0.9132
0212 | 15:46:28 |  11.9s | 1.0e-04 | 0.0214 | 0.9451 | 0.9453 | 0.9411 | 0.0256 | 0.9346 | 0.9170 | 0.8942
0213 | 15:46:49 |  11.8s | 1.0e-04 | 0.0218 | 0.9453 | 0.9454 | 0.9413 | 0.0247 | 0.9307 | 0.9326 | 0.9075
0214 | 15:47:11 |  12.2s | 1.0e-04 | 0.0222 | 0.9436 | 0.9450 | 0.9396 | 0.0248 | 0.9406 | 0.9172 | 0.9046
0215 | 15:47:32 |  11.9s | 1.0e-04 | 0.0218 | 0.9455 | 0.9448 | 0.9408 | 0.0237 | 0.9555 | 0.9122 | 0.9233
0216 | 15:47:54 |  11.8s | 1.0e-04 | 0.0216 | 0.9455 | 0.9440 | 0.9387 | 0.0223 | 0.9335 | 0.9325 | 0.9141
0217 | 15:48:15 |  11.8s | 1.0e-04 | 0.0209 | 0.9475 | 0.9478 | 0.9456 | 0.0235 | 0.9250 | 0.9433 | 0.9174
0218 | 15:48:36 |  12.4s | 1.0e-04 | 0.0212 | 0.9462 | 0.9466 | 0.9426 | 0.0253 | 0.9415 | 0.9118 | 0.8979
0219 | 15:48:58 |  11.9s | 1.0e-04 | 0.0214 | 0.9452 | 0.9464 | 0.9421 | 0.0253 | 0.9343 | 0.9202 | 0.8982
0220 | 15:49:20 |  12.0s | 1.0e-04 | 0.0214 | 0.9469 | 0.9450 | 0.9423 | 0.0258 | 0.9363 | 0.9217 | 0.9041
0221 | 15:49:41 |  11.9s | 1.0e-04 | 0.0213 | 0.9455 | 0.9467 | 0.9423 | 0.0247 | 0.9096 | 0.9543 | 0.9143
0222 | 15:50:03 |  11.9s | 1.0e-04 | 0.0216 | 0.9461 | 0.9458 | 0.9419 | 0.0236 | 0.9307 | 0.9323 | 0.9095
0223 | 15:50:24 |  12.0s | 1.0e-04 | 0.0215 | 0.9465 | 0.9471 | 0.9437 | 0.0260 | 0.9284 | 0.9314 | 0.9079
0224 | 15:50:45 |  11.9s | 1.0e-04 | 0.0206 | 0.9477 | 0.9470 | 0.9451 | 0.0242 | 0.9354 | 0.9313 | 0.9114
0225 | 15:51:07 |  11.8s | 1.0e-04 | 0.0212 | 0.9446 | 0.9463 | 0.9406 | 0.0250 | 0.9395 | 0.9160 | 0.9084
0226 | 15:51:28 |  12.3s | 1.0e-04 | 0.0211 | 0.9453 | 0.9473 | 0.9420 | 0.0243 | 0.9268 | 0.9393 | 0.9108
0227 | 15:51:50 |  11.9s | 1.0e-04 | 0.0216 | 0.9449 | 0.9464 | 0.9414 | 0.0249 | 0.9294 | 0.9379 | 0.9144
0228 | 15:52:11 |  11.8s | 1.0e-04 | 0.0215 | 0.9461 | 0.9468 | 0.9428 | 0.0245 | 0.9193 | 0.9343 | 0.9021
0229 | 15:52:32 |  12.3s | 1.0e-04 | 0.0215 | 0.9467 | 0.9464 | 0.9432 | 0.0232 | 0.9242 | 0.9495 | 0.9231
0230 | 15:52:54 |  23.3s | 1.0e-04 | 0.0218 | 0.9445 | 0.9426 | 0.9368 | 0.0239 | 0.9332 | 0.9292 | 0.9109
0231 | 15:53:27 |  12.3s | 1.0e-04 | 0.0219 | 0.9473 | 0.9448 | 0.9419 | 0.0260 | 0.9573 | 0.8878 | 0.9033
0232 | 15:53:49 |  11.9s | 1.0e-04 | 0.0210 | 0.9483 | 0.9454 | 0.9440 | 0.0233 | 0.9355 | 0.9333 | 0.9137
0233 | 15:54:10 |  12.0s | 1.0e-04 | 0.0213 | 0.9452 | 0.9467 | 0.9424 | 0.0231 | 0.9331 | 0.9319 | 0.9145
0234 | 15:54:31 |  11.9s | 1.0e-04 | 0.0215 | 0.9435 | 0.9457 | 0.9398 | 0.0246 | 0.9320 | 0.9427 | 0.9205
0235 | 15:54:53 |  12.4s | 1.0e-04 | 0.0217 | 0.9444 | 0.9451 | 0.9395 | 0.0249 | 0.9457 | 0.9089 | 0.9061
0236 | 15:55:15 |  11.9s | 1.0e-04 | 0.0218 | 0.9450 | 0.9436 | 0.9387 | 0.0242 | 0.9440 | 0.9256 | 0.9131
0237 | 15:55:36 |  11.9s | 1.0e-04 | 0.0211 | 0.9451 | 0.9447 | 0.9398 | 0.0230 | 0.9252 | 0.9372 | 0.9088
0238 | 15:55:57 |  12.1s | 1.0e-04 | 0.0214 | 0.9459 | 0.9449 | 0.9403 | 0.0235 | 0.9349 | 0.9289 | 0.9129
0239 | 15:56:19 |  12.6s | 1.0e-04 | 0.0215 | 0.9450 | 0.9452 | 0.9394 | 0.0238 | 0.9227 | 0.9448 | 0.9141
0240 | 15:56:41 |  12.0s | 1.0e-04 | 0.0215 | 0.9446 | 0.9469 | 0.9419 | 0.0240 | 0.9359 | 0.9269 | 0.9059
0241 | 15:57:03 |  12.2s | 1.0e-04 | 0.0215 | 0.9465 | 0.9453 | 0.9421 | 0.0245 | 0.9210 | 0.9381 | 0.9024
0242 | 15:57:24 |  11.8s | 1.0e-04 | 0.0215 | 0.9466 | 0.9436 | 0.9399 | 0.0245 | 0.9347 | 0.9275 | 0.9136
0243 | 15:57:46 |  11.9s | 1.0e-04 | 0.0212 | 0.9453 | 0.9462 | 0.9418 | 0.0241 | 0.9243 | 0.9400 | 0.9109
0244 | 15:58:07 |  11.9s | 1.0e-04 | 0.0213 | 0.9435 | 0.9451 | 0.9387 | 0.0245 | 0.9356 | 0.9209 | 0.9077
0245 | 15:58:28 |  11.9s | 1.0e-04 | 0.0212 | 0.9455 | 0.9473 | 0.9429 | 0.0241 | 0.9293 | 0.9356 | 0.9099
0246 | 15:58:50 |  11.8s | 1.0e-04 | 0.0214 | 0.9446 | 0.9446 | 0.9387 | 0.0254 | 0.9389 | 0.9113 | 0.8997
0247 | 15:59:11 |  11.8s | 1.0e-04 | 0.0215 | 0.9453 | 0.9452 | 0.9406 | 0.0254 | 0.9364 | 0.9170 | 0.9012
0248 | 15:59:32 |  11.8s | 1.0e-04 | 0.0212 | 0.9477 | 0.9465 | 0.9442 | 0.0233 | 0.9311 | 0.9404 | 0.9186
0249 | 15:59:53 |  11.9s | 1.0e-04 | 0.0218 | 0.9459 | 0.9458 | 0.9416 | 0.0253 | 0.9194 | 0.9368 | 0.9030
0250 | 16:00:15 |  12.3s | 1.0e-04 | 0.0213 | 0.9452 | 0.9456 | 0.9411 | 0.0247 | 0.9381 | 0.9203 | 0.9063
0251 | 16:00:39 |  12.5s | 1.0e-04 | 0.0209 | 0.9454 | 0.9460 | 0.9418 | 0.0257 | 0.9283 | 0.9336 | 0.9050
0252 | 16:01:01 |  12.0s | 1.0e-04 | 0.0206 | 0.9465 | 0.9454 | 0.9426 | 0.0245 | 0.9246 | 0.9378 | 0.9091
0253 | 16:01:23 |  12.2s | 1.0e-04 | 0.0214 | 0.9457 | 0.9456 | 0.9418 | 0.0226 | 0.9408 | 0.9264 | 0.9107
0254 | 16:01:45 |  12.4s | 1.0e-04 | 0.0211 | 0.9453 | 0.9434 | 0.9389 | 0.0246 | 0.9435 | 0.9169 | 0.9143
0255 | 16:02:06 |  12.0s | 1.0e-04 | 0.0208 | 0.9476 | 0.9452 | 0.9425 | 0.0257 | 0.9440 | 0.9128 | 0.9074
0256 | 16:02:28 |  12.0s | 1.0e-04 | 0.0206 | 0.9459 | 0.9462 | 0.9424 | 0.0248 | 0.9362 | 0.9190 | 0.9037
0257 | 16:02:49 |  12.2s | 1.0e-04 | 0.0203 | 0.9481 | 0.9458 | 0.9442 | 0.0243 | 0.9246 | 0.9377 | 0.9099
0258 | 16:03:11 |  12.0s | 1.0e-04 | 0.0206 | 0.9457 | 0.9454 | 0.9408 | 0.0243 | 0.9348 | 0.9229 | 0.9013
0259 | 16:03:32 |  12.3s | 1.0e-04 | 0.0206 | 0.9476 | 0.9463 | 0.9445 | 0.0237 | 0.9354 | 0.9366 | 0.9203
0260 | 16:03:54 |  12.0s | 1.0e-04 | 0.0204 | 0.9466 | 0.9470 | 0.9439 | 0.0237 | 0.9454 | 0.9208 | 0.9158
0261 | 16:04:15 |  12.2s | 1.0e-04 | 0.0205 | 0.9469 | 0.9462 | 0.9433 | 0.0237 | 0.9286 | 0.9348 | 0.9116
0262 | 16:04:37 |  12.0s | 1.0e-04 | 0.0200 | 0.9467 | 0.9471 | 0.9447 | 0.0234 | 0.9364 | 0.9279 | 0.9109
0263 | 16:04:59 |  12.0s | 1.0e-04 | 0.0201 | 0.9461 | 0.9485 | 0.9448 | 0.0250 | 0.9308 | 0.9265 | 0.9008
0264 | 16:05:20 |  12.0s | 1.0e-04 | 0.0207 | 0.9464 | 0.9474 | 0.9436 | 0.0255 | 0.9356 | 0.9204 | 0.9074
0265 | 16:05:41 |  11.9s | 1.0e-04 | 0.0211 | 0.9457 | 0.9425 | 0.9376 | 0.0228 | 0.9363 | 0.9323 | 0.9168
0266 | 16:06:03 |  12.8s | 1.0e-04 | 0.0200 | 0.9483 | 0.9474 | 0.9463 | 0.0232 | 0.9380 | 0.9191 | 0.9069
0267 | 16:06:25 |  12.1s | 1.0e-04 | 0.0203 | 0.9465 | 0.9444 | 0.9412 | 0.0233 | 0.9403 | 0.9225 | 0.9124
0268 | 16:06:47 |  12.0s | 1.0e-04 | 0.0212 | 0.9450 | 0.9445 | 0.9399 | 0.0238 | 0.9326 | 0.9358 | 0.9136
0269 | 16:07:08 |  12.0s | 1.0e-04 | 0.0201 | 0.9467 | 0.9481 | 0.9449 | 0.0236 | 0.9305 | 0.9363 | 0.9152
0270 | 16:07:29 |  11.9s | 1.0e-04 | 0.0207 | 0.9449 | 0.9456 | 0.9409 | 0.0236 | 0.9261 | 0.9424 | 0.9136
0271 | 16:07:51 |  22.5s | 1.0e-04 | 0.0204 | 0.9475 | 0.9471 | 0.9451 | 0.0244 | 0.9351 | 0.9258 | 0.9067
0272 | 16:08:23 |  12.2s | 1.0e-04 | 0.0194 | 0.9488 | 0.9493 | 0.9481 | 0.0251 | 0.9317 | 0.9264 | 0.8986
0273 | 16:08:44 |  12.1s | 1.0e-04 | 0.0198 | 0.9478 | 0.9486 | 0.9467 | 0.0237 | 0.9323 | 0.9363 | 0.9174
0274 | 16:09:06 |  12.1s | 1.0e-04 | 0.0204 | 0.9478 | 0.9453 | 0.9429 | 0.0230 | 0.9354 | 0.9380 | 0.9238
0275 | 16:09:27 |  12.1s | 1.0e-04 | 0.0197 | 0.9471 | 0.9495 | 0.9469 | 0.0242 | 0.9308 | 0.9317 | 0.9080
0276 | 16:09:49 |  12.0s | 1.0e-04 | 0.0194 | 0.9484 | 0.9492 | 0.9477 | 0.0244 | 0.9339 | 0.9279 | 0.9071
0277 | 16:10:10 |  12.2s | 1.0e-04 | 0.0204 | 0.9477 | 0.9459 | 0.9443 | 0.0230 | 0.9422 | 0.9304 | 0.9207
0278 | 16:10:32 |  12.1s | 1.0e-04 | 0.0206 | 0.9470 | 0.9467 | 0.9438 | 0.0239 | 0.9283 | 0.9308 | 0.8996
0279 | 16:10:54 |  12.0s | 1.0e-04 | 0.0200 | 0.9477 | 0.9456 | 0.9437 | 0.0233 | 0.9247 | 0.9463 | 0.9214
0280 | 16:11:15 |  12.0s | 1.0e-04 | 0.0196 | 0.9494 | 0.9493 | 0.9488 | 0.0249 | 0.9128 | 0.9456 | 0.9059
0281 | 16:11:36 |  12.1s | 1.0e-04 | 0.0198 | 0.9475 | 0.9496 | 0.9471 | 0.0234 | 0.9232 | 0.9379 | 0.9072
0282 | 16:11:58 |  12.0s | 1.0e-04 | 0.0195 | 0.9486 | 0.9490 | 0.9472 | 0.0237 | 0.9300 | 0.9355 | 0.9117
0283 | 16:12:20 |  12.1s | 1.0e-04 | 0.0196 | 0.9470 | 0.9485 | 0.9451 | 0.0230 | 0.9299 | 0.9424 | 0.9226
0284 | 16:12:41 |  12.2s | 1.0e-04 | 0.0194 | 0.9497 | 0.9488 | 0.9487 | 0.0238 | 0.9438 | 0.9200 | 0.9119
0285 | 16:13:03 |  12.1s | 1.0e-04 | 0.0201 | 0.9476 | 0.9479 | 0.9458 | 0.0238 | 0.9416 | 0.9353 | 0.9264
0286 | 16:13:24 |  12.0s | 1.0e-04 | 0.0203 | 0.9495 | 0.9468 | 0.9465 | 0.0236 | 0.9341 | 0.9391 | 0.9224
0287 | 16:13:46 |  12.2s | 1.0e-04 | 0.0199 | 0.9487 | 0.9480 | 0.9469 | 0.0231 | 0.9297 | 0.9321 | 0.9075
0288 | 16:14:07 |  12.0s | 1.0e-04 | 0.0197 | 0.9481 | 0.9491 | 0.9473 | 0.0243 | 0.9362 | 0.9261 | 0.9091
0289 | 16:14:29 |  12.1s | 1.0e-04 | 0.0196 | 0.9490 | 0.9485 | 0.9474 | 0.0248 | 0.9379 | 0.9265 | 0.9105
0290 | 16:14:50 |  12.0s | 1.0e-04 | 0.0198 | 0.9483 | 0.9472 | 0.9457 | 0.0242 | 0.9281 | 0.9387 | 0.9162
0291 | 16:15:12 |  12.1s | 1.0e-04 | 0.0197 | 0.9483 | 0.9489 | 0.9473 | 0.0224 | 0.9391 | 0.9320 | 0.9192
0292 | 16:15:33 |  21.8s | 1.0e-04 | 0.0199 | 0.9482 | 0.9479 | 0.9464 | 0.0229 | 0.9446 | 0.9285 | 0.9178
0293 | 16:16:04 |  12.4s | 1.0e-04 | 0.0194 | 0.9492 | 0.9489 | 0.9483 | 0.0260 | 0.9522 | 0.8976 | 0.9050
0294 | 16:16:26 |  12.7s | 1.0e-04 | 0.0196 | 0.9487 | 0.9482 | 0.9470 | 0.0236 | 0.9181 | 0.9446 | 0.9098
0295 | 16:16:48 |  12.1s | 1.0e-04 | 0.0200 | 0.9494 | 0.9497 | 0.9490 | 0.0238 | 0.9369 | 0.9301 | 0.9111
0296 | 16:17:10 |  12.2s | 1.0e-04 | 0.0193 | 0.9498 | 0.9515 | 0.9512 | 0.0244 | 0.9411 | 0.9216 | 0.9102
0297 | 16:17:31 |  12.1s | 1.0e-04 | 0.0194 | 0.9492 | 0.9504 | 0.9496 | 0.0243 | 0.9195 | 0.9378 | 0.9037
0298 | 16:17:53 |  12.0s | 1.0e-04 | 0.0196 | 0.9493 | 0.9492 | 0.9486 | 0.0232 | 0.9359 | 0.9273 | 0.9130
0299 | 16:18:14 |  12.2s | 1.0e-04 | 0.0195 | 0.9489 | 0.9495 | 0.9486 | 0.0242 | 0.9368 | 0.9289 | 0.9093
0300 | 16:18:36 |  12.0s | 1.0e-04 | 0.0194 | 0.9482 | 0.9492 | 0.9477 | 0.0239 | 0.9327 | 0.9387 | 0.9171
0301 | 16:18:57 |  12.1s | 1.0e-04 | 0.0200 | 0.9491 | 0.9476 | 0.9466 | 0.0233 | 0.9278 | 0.9411 | 0.9163
0302 | 16:19:19 |  12.8s | 1.0e-04 | 0.0191 | 0.9500 | 0.9501 | 0.9502 | 0.0240 | 0.9419 | 0.9235 | 0.9149
0303 | 16:19:41 |  12.0s | 1.0e-04 | 0.0191 | 0.9498 | 0.9505 | 0.9502 | 0.0229 | 0.9427 | 0.9286 | 0.9189
0304 | 16:20:02 |  12.1s | 1.0e-04 | 0.0196 | 0.9495 | 0.9499 | 0.9495 | 0.0239 | 0.9312 | 0.9377 | 0.9148
0305 | 16:20:24 |  12.1s | 1.0e-04 | 0.0192 | 0.9495 | 0.9511 | 0.9504 | 0.0239 | 0.9455 | 0.9245 | 0.9211
0306 | 16:20:45 |  12.5s | 1.0e-04 | 0.0194 | 0.9494 | 0.9505 | 0.9498 | 0.0246 | 0.9415 | 0.9299 | 0.9217
0307 | 16:21:07 |  12.1s | 1.0e-04 | 0.0191 | 0.9486 | 0.9515 | 0.9504 | 0.0229 | 0.9266 | 0.9439 | 0.9198
0308 | 16:21:29 |  12.0s | 1.0e-04 | 0.0194 | 0.9487 | 0.9501 | 0.9488 | 0.0247 | 0.9297 | 0.9380 | 0.9139
0309 | 16:21:50 |  12.6s | 1.0e-04 | 0.0194 | 0.9497 | 0.9496 | 0.9494 | 0.0242 | 0.9387 | 0.9366 | 0.9263
0310 | 16:22:12 |  12.4s | 1.0e-04 | 0.0190 | 0.9507 | 0.9512 | 0.9513 | 0.0236 | 0.9227 | 0.9446 | 0.9137
0311 | 16:22:34 |  12.0s | 1.0e-04 | 0.0192 | 0.9493 | 0.9489 | 0.9487 | 0.0242 | 0.9199 | 0.9404 | 0.9080
0312 | 16:22:56 |  12.1s | 1.0e-04 | 0.0193 | 0.9508 | 0.9498 | 0.9507 | 0.0229 | 0.9374 | 0.9358 | 0.9221
0313 | 16:23:17 |  24.3s | 1.0e-04 | 0.0200 | 0.9480 | 0.9473 | 0.9453 | 0.0234 | 0.9390 | 0.9255 | 0.9105
0314 | 16:23:51 |  12.3s | 1.0e-04 | 0.0203 | 0.9494 | 0.9477 | 0.9471 | 0.0242 | 0.9357 | 0.9286 | 0.9123
0315 | 16:24:13 |  11.8s | 1.0e-04 | 0.0196 | 0.9497 | 0.9504 | 0.9500 | 0.0233 | 0.9324 | 0.9338 | 0.9134
0316 | 16:24:34 |  11.6s | 1.0e-04 | 0.0194 | 0.9495 | 0.9499 | 0.9493 | 0.0231 | 0.9293 | 0.9428 | 0.9192
0317 | 16:24:55 |  11.9s | 1.0e-04 | 0.0199 | 0.9496 | 0.9495 | 0.9487 | 0.0247 | 0.9254 | 0.9398 | 0.9118
0318 | 16:25:16 |  12.1s | 1.0e-04 | 0.0200 | 0.9500 | 0.9499 | 0.9499 | 0.0243 | 0.9323 | 0.9339 | 0.9122
0319 | 16:25:37 |  11.7s | 1.0e-04 | 0.0200 | 0.9482 | 0.9475 | 0.9462 | 0.0236 | 0.9335 | 0.9367 | 0.9173
0320 | 16:25:58 |  11.7s | 1.0e-04 | 0.0202 | 0.9499 | 0.9485 | 0.9480 | 0.0249 | 0.9364 | 0.9220 | 0.9074
0321 | 16:26:19 |  11.6s | 1.0e-04 | 0.0193 | 0.9492 | 0.9509 | 0.9501 | 0.0228 | 0.9368 | 0.9355 | 0.9193
0322 | 16:26:41 |  11.9s | 1.0e-04 | 0.0199 | 0.9477 | 0.9494 | 0.9472 | 0.0238 | 0.9420 | 0.9195 | 0.9112
0323 | 16:27:02 |  11.6s | 1.0e-04 | 0.0200 | 0.9490 | 0.9493 | 0.9482 | 0.0236 | 0.9388 | 0.9253 | 0.9130
0324 | 16:27:23 |  11.6s | 1.0e-04 | 0.0195 | 0.9509 | 0.9500 | 0.9509 | 0.0236 | 0.9335 | 0.9309 | 0.9065
0325 | 16:27:44 |  11.6s | 1.0e-04 | 0.0194 | 0.9504 | 0.9521 | 0.9519 | 0.0229 | 0.9332 | 0.9394 | 0.9161
0326 | 16:28:05 |  11.6s | 1.0e-04 | 0.0197 | 0.9502 | 0.9488 | 0.9494 | 0.0234 | 0.9478 | 0.9129 | 0.9103
0327 | 16:28:26 |  11.6s | 1.0e-04 | 0.0201 | 0.9490 | 0.9507 | 0.9496 | 0.0233 | 0.9344 | 0.9298 | 0.9139
0328 | 16:28:47 |  11.9s | 1.0e-04 | 0.0195 | 0.9489 | 0.9516 | 0.9504 | 0.0238 | 0.9330 | 0.9328 | 0.9164
0329 | 16:29:08 |  11.7s | 1.0e-04 | 0.0196 | 0.9493 | 0.9516 | 0.9505 | 0.0235 | 0.9291 | 0.9324 | 0.9068
0330 | 16:29:30 |  11.7s | 1.0e-04 | 0.0195 | 0.9510 | 0.9506 | 0.9517 | 0.0247 | 0.9410 | 0.9237 | 0.9169
0331 | 16:29:51 |  11.7s | 1.0e-04 | 0.0197 | 0.9498 | 0.9495 | 0.9491 | 0.0229 | 0.9283 | 0.9429 | 0.9201
0332 | 16:30:12 |  12.0s | 1.0e-04 | 0.0203 | 0.9483 | 0.9487 | 0.9471 | 0.0247 | 0.9215 | 0.9431 | 0.9096
0333 | 16:30:33 |  11.8s | 1.0e-04 | 0.0205 | 0.9489 | 0.9477 | 0.9465 | 0.0230 | 0.9317 | 0.9352 | 0.9135
0334 | 16:30:54 |  22.9s | 1.0e-04 | 0.0199 | 0.9506 | 0.9486 | 0.9492 | 0.0242 | 0.9285 | 0.9365 | 0.9118
0335 | 16:31:27 |  11.9s | 1.0e-04 | 0.0205 | 0.9492 | 0.9479 | 0.9475 | 0.0235 | 0.9317 | 0.9377 | 0.9157
0336 | 16:31:48 |  11.9s | 1.0e-04 | 0.0210 | 0.9477 | 0.9483 | 0.9460 | 0.0223 | 0.9432 | 0.9294 | 0.9237
0337 | 16:32:10 |  12.0s | 1.0e-04 | 0.0202 | 0.9492 | 0.9497 | 0.9492 | 0.0216 | 0.9354 | 0.9373 | 0.9228
0338 | 16:32:31 |  11.8s | 1.0e-04 | 0.0203 | 0.9488 | 0.9500 | 0.9488 | 0.0233 | 0.9396 | 0.9265 | 0.9179
0339 | 16:32:52 |  11.8s | 1.0e-04 | 0.0203 | 0.9497 | 0.9500 | 0.9497 | 0.0239 | 0.9323 | 0.9376 | 0.9157
0340 | 16:33:13 |  11.8s | 1.0e-04 | 0.0200 | 0.9485 | 0.9499 | 0.9485 | 0.0231 | 0.9326 | 0.9416 | 0.9240
0341 | 16:33:34 |  11.7s | 1.0e-04 | 0.0204 | 0.9485 | 0.9494 | 0.9479 | 0.0238 | 0.9327 | 0.9300 | 0.9086
0342 | 16:33:55 |  11.8s | 1.0e-04 | 0.0204 | 0.9485 | 0.9506 | 0.9488 | 0.0228 | 0.9349 | 0.9333 | 0.9161
0343 | 16:34:17 |  11.8s | 1.0e-04 | 0.0198 | 0.9488 | 0.9533 | 0.9516 | 0.0229 | 0.9307 | 0.9393 | 0.9176
0344 | 16:34:38 |  11.8s | 1.0e-04 | 0.0205 | 0.9486 | 0.9505 | 0.9494 | 0.0228 | 0.9371 | 0.9292 | 0.9108
0345 | 16:34:59 |  11.8s | 1.0e-04 | 0.0204 | 0.9505 | 0.9499 | 0.9504 | 0.0230 | 0.9383 | 0.9296 | 0.9135
0346 | 16:35:20 |  11.8s | 1.0e-04 | 0.0202 | 0.9480 | 0.9484 | 0.9465 | 0.0250 | 0.9105 | 0.9440 | 0.9042
0347 | 16:35:42 |  11.7s | 1.0e-04 | 0.0203 | 0.9487 | 0.9500 | 0.9487 | 0.0221 | 0.9403 | 0.9314 | 0.9225
0348 | 16:36:03 |  11.9s | 1.0e-04 | 0.0201 | 0.9504 | 0.9529 | 0.9527 | 0.0240 | 0.9290 | 0.9311 | 0.9056
0349 | 16:36:24 |  12.1s | 1.0e-04 | 0.0205 | 0.9484 | 0.9495 | 0.9478 | 0.0229 | 0.9358 | 0.9366 | 0.9191
0350 | 16:36:46 |  11.8s | 1.0e-04 | 0.0206 | 0.9497 | 0.9493 | 0.9491 | 0.0229 | 0.9338 | 0.9363 | 0.9147
0351 | 16:37:07 |  12.1s | 1.0e-04 | 0.0203 | 0.9494 | 0.9506 | 0.9499 | 0.0239 | 0.9291 | 0.9511 | 0.9300
0352 | 16:37:28 |  12.1s | 1.0e-04 | 0.0201 | 0.9491 | 0.9504 | 0.9494 | 0.0239 | 0.9443 | 0.9248 | 0.9195
0353 | 16:37:50 |  11.8s | 1.0e-04 | 0.0198 | 0.9503 | 0.9520 | 0.9520 | 0.0229 | 0.9289 | 0.9400 | 0.9161
0354 | 16:38:11 |  11.8s | 1.0e-04 | 0.0200 | 0.9492 | 0.9496 | 0.9487 | 0.0232 | 0.9257 | 0.9428 | 0.9141
0355 | 16:38:32 |  29.3s | 1.0e-04 | 0.0192 | 0.9486 | 0.9515 | 0.9498 | 0.0225 | 0.9360 | 0.9389 | 0.9246
0356 | 16:39:11 |  12.1s | 1.0e-04 | 0.0197 | 0.9501 | 0.9504 | 0.9503 | 0.0227 | 0.9338 | 0.9465 | 0.9290
0357 | 16:39:33 |  12.3s | 1.0e-04 | 0.0190 | 0.9483 | 0.9505 | 0.9489 | 0.0234 | 0.9294 | 0.9373 | 0.9171
0358 | 16:39:54 |  12.0s | 1.0e-04 | 0.0192 | 0.9509 | 0.9524 | 0.9527 | 0.0238 | 0.9410 | 0.9271 | 0.9218
0359 | 16:40:16 |  12.0s | 1.0e-04 | 0.0196 | 0.9486 | 0.9487 | 0.9474 | 0.0231 | 0.9513 | 0.9173 | 0.9214
0360 | 16:40:37 |  12.0s | 1.0e-04 | 0.0196 | 0.9474 | 0.9478 | 0.9455 | 0.0223 | 0.9455 | 0.9293 | 0.9277
0361 | 16:40:58 |  12.6s | 1.0e-04 | 0.0197 | 0.9475 | 0.9486 | 0.9460 | 0.0236 | 0.9346 | 0.9338 | 0.9182
0362 | 16:41:20 |  12.4s | 1.0e-04 | 0.0196 | 0.9486 | 0.9497 | 0.9484 | 0.0234 | 0.9335 | 0.9442 | 0.9253
0363 | 16:41:42 |  12.0s | 1.0e-04 | 0.0188 | 0.9511 | 0.9519 | 0.9526 | 0.0237 | 0.9412 | 0.9281 | 0.9188
0364 | 16:42:03 |  12.2s | 1.0e-04 | 0.0195 | 0.9483 | 0.9508 | 0.9490 | 0.0245 | 0.9313 | 0.9297 | 0.9046
0365 | 16:42:25 |  12.1s | 1.0e-04 | 0.0197 | 0.9489 | 0.9476 | 0.9471 | 0.0244 | 0.9346 | 0.9304 | 0.9091
0366 | 16:42:46 |  12.0s | 1.0e-04 | 0.0201 | 0.9470 | 0.9472 | 0.9446 | 0.0220 | 0.9389 | 0.9310 | 0.9222
0367 | 16:43:08 |  12.0s | 1.0e-04 | 0.0197 | 0.9499 | 0.9481 | 0.9482 | 0.0248 | 0.9473 | 0.9141 | 0.9125
0368 | 16:43:29 |  12.6s | 1.0e-04 | 0.0195 | 0.9498 | 0.9505 | 0.9503 | 0.0229 | 0.9325 | 0.9361 | 0.9142
0369 | 16:43:51 |  12.0s | 1.0e-04 | 0.0188 | 0.9500 | 0.9507 | 0.9508 | 0.0231 | 0.9402 | 0.9332 | 0.9194
0370 | 16:44:13 |  12.4s | 1.0e-04 | 0.0195 | 0.9481 | 0.9492 | 0.9470 | 0.0227 | 0.9430 | 0.9355 | 0.9269
0371 | 16:44:34 |  12.0s | 1.0e-04 | 0.0195 | 0.9504 | 0.9498 | 0.9500 | 0.0234 | 0.9338 | 0.9330 | 0.9124
0372 | 16:44:56 |  12.0s | 1.0e-04 | 0.0197 | 0.9481 | 0.9500 | 0.9481 | 0.0231 | 0.9452 | 0.9319 | 0.9259
0373 | 16:45:17 |  12.3s | 1.0e-04 | 0.0191 | 0.9509 | 0.9502 | 0.9512 | 0.0237 | 0.9346 | 0.9388 | 0.9206
0374 | 16:45:39 |  12.0s | 1.0e-04 | 0.0194 | 0.9521 | 0.9481 | 0.9504 | 0.0233 | 0.9316 | 0.9454 | 0.9262
0375 | 16:46:01 |  12.0s | 1.0e-04 | 0.0196 | 0.9494 | 0.9499 | 0.9492 | 0.0228 | 0.9427 | 0.9308 | 0.9213
0376 | 16:46:23 |  15.1s | 1.0e-04 | 0.0187 | 0.9502 | 0.9502 | 0.9505 | 0.0225 | 0.9363 | 0.9375 | 0.9219
0377 | 16:46:48 |  12.1s | 1.0e-04 | 0.0194 | 0.9494 | 0.9488 | 0.9479 | 0.0216 | 0.9487 | 0.9216 | 0.9271
0378 | 16:47:10 |  12.1s | 1.0e-04 | 0.0191 | 0.9475 | 0.9500 | 0.9475 | 0.0242 | 0.9201 | 0.9502 | 0.9203
0379 | 16:47:32 |  12.1s | 1.0e-04 | 0.0193 | 0.9475 | 0.9497 | 0.9473 | 0.0228 | 0.9290 | 0.9384 | 0.9153
0380 | 16:47:53 |  12.1s | 1.0e-04 | 0.0189 | 0.9485 | 0.9501 | 0.9485 | 0.0251 | 0.9263 | 0.9393 | 0.9135
0381 | 16:48:15 |  12.2s | 1.0e-04 | 0.0191 | 0.9500 | 0.9507 | 0.9507 | 0.0227 | 0.9373 | 0.9365 | 0.9206
0382 | 16:48:37 |  12.1s | 1.0e-04 | 0.0197 | 0.9483 | 0.9512 | 0.9491 | 0.0213 | 0.9426 | 0.9228 | 0.9163
0383 | 16:48:58 |  12.8s | 1.0e-04 | 0.0196 | 0.9491 | 0.9471 | 0.9468 | 0.0234 | 0.9342 | 0.9404 | 0.9238
0384 | 16:49:20 |  12.3s | 1.0e-04 | 0.0190 | 0.9490 | 0.9491 | 0.9481 | 0.0237 | 0.9392 | 0.9309 | 0.9190
0385 | 16:49:42 |  12.1s | 1.0e-04 | 0.0192 | 0.9496 | 0.9492 | 0.9487 | 0.0228 | 0.9445 | 0.9262 | 0.9215
0386 | 16:50:04 |  12.1s | 1.0e-04 | 0.0195 | 0.9497 | 0.9468 | 0.9462 | 0.0223 | 0.9433 | 0.9198 | 0.9107
0387 | 16:50:25 |  12.1s | 1.0e-04 | 0.0194 | 0.9467 | 0.9481 | 0.9448 | 0.0226 | 0.9499 | 0.9224 | 0.9237
0388 | 16:50:47 |  12.3s | 1.0e-04 | 0.0191 | 0.9484 | 0.9465 | 0.9446 | 0.0232 | 0.9405 | 0.9326 | 0.9235
0389 | 16:51:09 |  12.4s | 1.0e-04 | 0.0191 | 0.9485 | 0.9491 | 0.9474 | 0.0231 | 0.9323 | 0.9372 | 0.9198
0390 | 16:51:31 |  12.1s | 1.0e-04 | 0.0191 | 0.9493 | 0.9486 | 0.9481 | 0.0237 | 0.9439 | 0.9262 | 0.9202
0391 | 16:51:53 |  12.3s | 1.0e-04 | 0.0198 | 0.9494 | 0.9480 | 0.9476 | 0.0225 | 0.9319 | 0.9462 | 0.9266
0392 | 16:52:15 |  12.1s | 1.0e-04 | 0.0193 | 0.9494 | 0.9504 | 0.9496 | 0.0228 | 0.9374 | 0.9423 | 0.9291
0393 | 16:52:37 |  12.1s | 1.0e-04 | 0.0196 | 0.9494 | 0.9475 | 0.9470 | 0.0234 | 0.9466 | 0.9200 | 0.9204
0394 | 16:52:58 |  12.1s | 1.0e-04 | 0.0190 | 0.9489 | 0.9483 | 0.9472 | 0.0224 | 0.9471 | 0.9227 | 0.9204
0395 | 16:53:20 |  12.1s | 1.0e-04 | 0.0193 | 0.9482 | 0.9485 | 0.9472 | 0.0231 | 0.9437 | 0.9300 | 0.9240
0396 | 16:53:42 |  24.6s | 1.0e-04 | 0.0192 | 0.9475 | 0.9501 | 0.9476 | 0.0242 | 0.9260 | 0.9474 | 0.9220
0397 | 16:54:16 |  11.8s | 1.0e-04 | 0.0196 | 0.9502 | 0.9512 | 0.9511 | 0.0228 | 0.9212 | 0.9526 | 0.9241
0398 | 16:54:38 |  11.8s | 1.0e-04 | 0.0199 | 0.9496 | 0.9511 | 0.9503 | 0.0241 | 0.9355 | 0.9371 | 0.9195
0399 | 16:54:59 |  11.7s | 1.0e-04 | 0.0196 | 0.9515 | 0.9522 | 0.9538 | 0.0227 | 0.9403 | 0.9278 | 0.9177
0400 | 16:55:21 |  11.8s | 1.0e-04 | 0.0191 | 0.9515 | 0.9531 | 0.9543 | 0.0223 | 0.9343 | 0.9357 | 0.9192
0401 | 16:55:42 |  12.0s | 1.0e-04 | 0.0196 | 0.9501 | 0.9524 | 0.9518 | 0.0237 | 0.9395 | 0.9290 | 0.9134
0402 | 16:56:04 |  12.3s | 1.0e-04 | 0.0191 | 0.9516 | 0.9521 | 0.9535 | 0.0234 | 0.9441 | 0.9257 | 0.9202
0403 | 16:56:26 |  11.8s | 1.0e-04 | 0.0189 | 0.9519 | 0.9519 | 0.9535 | 0.0235 | 0.9344 | 0.9341 | 0.9190
0404 | 16:56:48 |  11.7s | 1.0e-04 | 0.0194 | 0.9511 | 0.9511 | 0.9522 | 0.0222 | 0.9208 | 0.9525 | 0.9238
0405 | 16:57:09 |  12.1s | 1.0e-04 | 0.0191 | 0.9507 | 0.9519 | 0.9529 | 0.0227 | 0.9416 | 0.9336 | 0.9235
0406 | 16:57:31 |  12.2s | 1.0e-04 | 0.0193 | 0.9516 | 0.9527 | 0.9540 | 0.0251 | 0.9413 | 0.9245 | 0.9132
0407 | 16:57:53 |  11.7s | 1.0e-04 | 0.0196 | 0.9509 | 0.9528 | 0.9531 | 0.0219 | 0.9444 | 0.9279 | 0.9230
0408 | 16:58:14 |  11.7s | 1.0e-04 | 0.0192 | 0.9512 | 0.9520 | 0.9528 | 0.0237 | 0.9334 | 0.9291 | 0.9089
0409 | 16:58:36 |  11.8s | 1.0e-04 | 0.0193 | 0.9515 | 0.9521 | 0.9532 | 0.0237 | 0.9236 | 0.9464 | 0.9193
0410 | 16:58:57 |  11.7s | 1.0e-04 | 0.0184 | 0.9538 | 0.9544 | 0.9576 | 0.0236 | 0.9269 | 0.9519 | 0.9303
0411 | 16:59:19 |  12.0s | 1.0e-04 | 0.0193 | 0.9512 | 0.9503 | 0.9513 | 0.0234 | 0.9421 | 0.9261 | 0.9165
0412 | 16:59:40 |  12.0s | 1.0e-04 | 0.0194 | 0.9511 | 0.9523 | 0.9526 | 0.0227 | 0.9337 | 0.9403 | 0.9224
0413 | 17:00:02 |  11.7s | 1.0e-04 | 0.0191 | 0.9514 | 0.9538 | 0.9545 | 0.0225 | 0.9446 | 0.9244 | 0.9194
0414 | 17:00:23 |  12.0s | 1.0e-04 | 0.0200 | 0.9483 | 0.9486 | 0.9466 | 0.0216 | 0.9312 | 0.9430 | 0.9224
0415 | 17:00:45 |  11.7s | 1.0e-04 | 0.0190 | 0.9514 | 0.9528 | 0.9541 | 0.0227 | 0.9362 | 0.9423 | 0.9278
0416 | 17:01:07 |  11.9s | 1.0e-04 | 0.0194 | 0.9514 | 0.9527 | 0.9540 | 0.0232 | 0.9286 | 0.9395 | 0.9180
0417 | 17:01:28 |  29.2s | 1.0e-04 | 0.0198 | 0.9513 | 0.9521 | 0.9532 | 0.0225 | 0.9368 | 0.9391 | 0.9231
0418 | 17:02:07 |  11.8s | 1.0e-04 | 0.0201 | 0.9493 | 0.9500 | 0.9493 | 0.0223 | 0.9453 | 0.9294 | 0.9249
0419 | 17:02:29 |  12.1s | 1.0e-04 | 0.0201 | 0.9492 | 0.9482 | 0.9480 | 0.0238 | 0.9300 | 0.9309 | 0.9090
0420 | 17:02:51 |  11.9s | 1.0e-04 | 0.0202 | 0.9480 | 0.9496 | 0.9474 | 0.0243 | 0.9394 | 0.9329 | 0.9223
0421 | 17:03:12 |  12.3s | 1.0e-04 | 0.0201 | 0.9495 | 0.9504 | 0.9500 | 0.0214 | 0.9397 | 0.9368 | 0.9264
0422 | 17:03:34 |  11.9s | 1.0e-04 | 0.0202 | 0.9482 | 0.9475 | 0.9456 | 0.0216 | 0.9373 | 0.9456 | 0.9323
0423 | 17:03:56 |  11.8s | 1.0e-04 | 0.0200 | 0.9492 | 0.9506 | 0.9498 | 0.0226 | 0.9383 | 0.9264 | 0.9157
0424 | 17:04:17 |  12.4s | 1.0e-04 | 0.0200 | 0.9483 | 0.9499 | 0.9481 | 0.0231 | 0.9399 | 0.9320 | 0.9204
0425 | 17:04:40 |  11.8s | 1.0e-04 | 0.0196 | 0.9508 | 0.9500 | 0.9507 | 0.0236 | 0.9349 | 0.9380 | 0.9213
0426 | 17:05:01 |  11.8s | 1.0e-04 | 0.0202 | 0.9484 | 0.9467 | 0.9448 | 0.0234 | 0.9313 | 0.9395 | 0.9205
0427 | 17:05:23 |  11.8s | 1.0e-04 | 0.0198 | 0.9490 | 0.9503 | 0.9494 | 0.0231 | 0.9385 | 0.9301 | 0.9218
0428 | 17:05:44 |  11.9s | 1.0e-04 | 0.0194 | 0.9503 | 0.9506 | 0.9512 | 0.0225 | 0.9321 | 0.9347 | 0.9140
0429 | 17:06:06 |  12.3s | 1.0e-04 | 0.0203 | 0.9487 | 0.9479 | 0.9470 | 0.0226 | 0.9423 | 0.9289 | 0.9196
0430 | 17:06:28 |  12.1s | 1.0e-04 | 0.0196 | 0.9486 | 0.9499 | 0.9484 | 0.0225 | 0.9325 | 0.9402 | 0.9232
0431 | 17:06:51 |  12.0s | 1.0e-04 | 0.0199 | 0.9484 | 0.9506 | 0.9490 | 0.0226 | 0.9406 | 0.9272 | 0.9142
0432 | 17:07:12 |  11.8s | 1.0e-04 | 0.0194 | 0.9494 | 0.9505 | 0.9498 | 0.0222 | 0.9542 | 0.9075 | 0.9189
0433 | 17:07:34 |  11.9s | 1.0e-04 | 0.0206 | 0.9499 | 0.9485 | 0.9483 | 0.0222 | 0.9457 | 0.9310 | 0.9245
0434 | 17:07:56 |  12.0s | 1.0e-04 | 0.0200 | 0.9507 | 0.9499 | 0.9505 | 0.0233 | 0.9408 | 0.9333 | 0.9177
0435 | 17:08:17 |  11.9s | 1.0e-04 | 0.0192 | 0.9499 | 0.9517 | 0.9515 | 0.0223 | 0.9310 | 0.9432 | 0.9228
0436 | 17:08:39 |  11.9s | 1.0e-04 | 0.0201 | 0.9490 | 0.9492 | 0.9483 | 0.0224 | 0.9388 | 0.9417 | 0.9284
0437 | 17:09:01 |  12.0s | 1.0e-04 | 0.0198 | 0.9486 | 0.9488 | 0.9475 | 0.0218 | 0.9325 | 0.9449 | 0.9270
0438 | 17:09:22 |  21.2s | 1.0e-04 | 0.0198 | 0.9479 | 0.9501 | 0.9481 | 0.0219 | 0.9427 | 0.9369 | 0.9302
0439 | 17:09:53 |  12.0s | 1.0e-04 | 0.0191 | 0.9487 | 0.9487 | 0.9479 | 0.0226 | 0.9349 | 0.9356 | 0.9197
0440 | 17:10:15 |  12.2s | 1.0e-04 | 0.0196 | 0.9471 | 0.9476 | 0.9445 | 0.0226 | 0.9368 | 0.9331 | 0.9193
0441 | 17:10:37 |  12.1s | 1.0e-04 | 0.0194 | 0.9499 | 0.9471 | 0.9474 | 0.0226 | 0.9467 | 0.9282 | 0.9295
0442 | 17:10:59 |  11.9s | 1.0e-04 | 0.0194 | 0.9491 | 0.9478 | 0.9468 | 0.0231 | 0.9417 | 0.9335 | 0.9228
0443 | 17:11:21 |  11.9s | 1.0e-04 | 0.0191 | 0.9492 | 0.9497 | 0.9490 | 0.0234 | 0.9346 | 0.9415 | 0.9258
0444 | 17:11:42 |  12.0s | 1.0e-04 | 0.0200 | 0.9477 | 0.9467 | 0.9443 | 0.0226 | 0.9342 | 0.9378 | 0.9222
0445 | 17:12:04 |  12.0s | 1.0e-04 | 0.0196 | 0.9488 | 0.9463 | 0.9450 | 0.0237 | 0.9392 | 0.9435 | 0.9323
0446 | 17:12:25 |  12.1s | 1.0e-04 | 0.0197 | 0.9465 | 0.9476 | 0.9446 | 0.0222 | 0.9338 | 0.9382 | 0.9180
0447 | 17:12:47 |  12.5s | 1.0e-04 | 0.0195 | 0.9482 | 0.9472 | 0.9454 | 0.0230 | 0.9221 | 0.9434 | 0.9144
0448 | 17:13:09 |  12.0s | 1.0e-04 | 0.0198 | 0.9462 | 0.9491 | 0.9450 | 0.0231 | 0.9442 | 0.9285 | 0.9220
0449 | 17:13:31 |  11.9s | 1.0e-04 | 0.0194 | 0.9486 | 0.9493 | 0.9480 | 0.0233 | 0.9275 | 0.9456 | 0.9221
0450 | 17:13:53 |  11.9s | 1.0e-04 | 0.0189 | 0.9488 | 0.9487 | 0.9477 | 0.0226 | 0.9230 | 0.9519 | 0.9256
0451 | 17:14:15 |  12.0s | 1.0e-04 | 0.0192 | 0.9490 | 0.9496 | 0.9487 | 0.0229 | 0.9390 | 0.9357 | 0.9259
0452 | 17:14:36 |  11.9s | 1.0e-04 | 0.0192 | 0.9492 | 0.9491 | 0.9482 | 0.0226 | 0.9384 | 0.9294 | 0.9152
0453 | 17:14:58 |  12.2s | 1.0e-04 | 0.0194 | 0.9486 | 0.9485 | 0.9471 | 0.0235 | 0.9351 | 0.9368 | 0.9184
0454 | 17:15:20 |  11.9s | 1.0e-04 | 0.0195 | 0.9481 | 0.9473 | 0.9454 | 0.0228 | 0.9302 | 0.9473 | 0.9267
0455 | 17:15:41 |  12.1s | 1.0e-04 | 0.0196 | 0.9455 | 0.9496 | 0.9449 | 0.0231 | 0.9329 | 0.9374 | 0.9198
0456 | 17:16:03 |  12.2s | 1.0e-04 | 0.0189 | 0.9484 | 0.9500 | 0.9484 | 0.0220 | 0.9412 | 0.9358 | 0.9251
0457 | 17:16:25 |  12.2s | 1.0e-04 | 0.0195 | 0.9475 | 0.9478 | 0.9460 | 0.0227 | 0.9418 | 0.9329 | 0.9237
0458 | 17:16:47 |  11.9s | 1.0e-04 | 0.0189 | 0.9494 | 0.9474 | 0.9473 | 0.0229 | 0.9323 | 0.9404 | 0.9216
0459 | 17:17:09 |  27.5s | 1.0e-04 | 0.0201 | 0.9492 | 0.9501 | 0.9492 | 0.0225 | 0.9446 | 0.9291 | 0.9213
0460 | 17:17:46 |  11.8s | 1.0e-04 | 0.0197 | 0.9516 | 0.9531 | 0.9545 | 0.0217 | 0.9314 | 0.9454 | 0.9253
0461 | 17:18:08 |  11.8s | 1.0e-04 | 0.0198 | 0.9510 | 0.9518 | 0.9527 | 0.0219 | 0.9369 | 0.9472 | 0.9341
0462 | 17:18:29 |  12.4s | 1.0e-04 | 0.0195 | 0.9510 | 0.9529 | 0.9539 | 0.0225 | 0.9269 | 0.9470 | 0.9236
0463 | 17:18:51 |  11.8s | 1.0e-04 | 0.0197 | 0.9505 | 0.9515 | 0.9516 | 0.0228 | 0.9391 | 0.9302 | 0.9178
0464 | 17:19:13 |  11.7s | 1.0e-04 | 0.0196 | 0.9506 | 0.9520 | 0.9521 | 0.0233 | 0.9277 | 0.9414 | 0.9188
0465 | 17:19:34 |  12.4s | 1.0e-04 | 0.0195 | 0.9489 | 0.9524 | 0.9514 | 0.0221 | 0.9401 | 0.9279 | 0.9174
0466 | 17:19:56 |  12.0s | 1.0e-04 | 0.0199 | 0.9498 | 0.9512 | 0.9508 | 0.0229 | 0.9334 | 0.9423 | 0.9231
0467 | 17:20:18 |  11.8s | 1.0e-04 | 0.0200 | 0.9502 | 0.9525 | 0.9527 | 0.0232 | 0.9533 | 0.9194 | 0.9252
0468 | 17:20:40 |  12.1s | 1.0e-04 | 0.0197 | 0.9502 | 0.9514 | 0.9517 | 0.0221 | 0.9432 | 0.9325 | 0.9286
0469 | 17:21:02 |  12.2s | 1.0e-04 | 0.0196 | 0.9516 | 0.9520 | 0.9533 | 0.0220 | 0.9364 | 0.9471 | 0.9331
0470 | 17:21:24 |  12.2s | 1.0e-04 | 0.0200 | 0.9513 | 0.9522 | 0.9530 | 0.0222 | 0.9439 | 0.9313 | 0.9261
0471 | 17:21:46 |  11.7s | 1.0e-04 | 0.0199 | 0.9518 | 0.9526 | 0.9543 | 0.0228 | 0.9296 | 0.9454 | 0.9243
0472 | 17:22:07 |  11.9s | 1.0e-04 | 0.0200 | 0.9513 | 0.9523 | 0.9532 | 0.0212 | 0.9448 | 0.9382 | 0.9337
0473 | 17:22:28 |  11.8s | 1.0e-04 | 0.0195 | 0.9521 | 0.9524 | 0.9543 | 0.0234 | 0.9384 | 0.9367 | 0.9215
0474 | 17:22:50 |  11.9s | 1.0e-04 | 0.0192 | 0.9507 | 0.9516 | 0.9522 | 0.0214 | 0.9361 | 0.9433 | 0.9279
0475 | 17:23:11 |  12.1s | 1.0e-04 | 0.0201 | 0.9499 | 0.9519 | 0.9518 | 0.0227 | 0.9478 | 0.9237 | 0.9217
0476 | 17:23:33 |  11.7s | 1.0e-04 | 0.0198 | 0.9506 | 0.9529 | 0.9532 | 0.0232 | 0.9150 | 0.9518 | 0.9184
0477 | 17:23:54 |  12.0s | 1.0e-04 | 0.0194 | 0.9510 | 0.9531 | 0.9539 | 0.0227 | 0.9340 | 0.9460 | 0.9285
0478 | 17:24:16 |  11.9s | 1.0e-04 | 0.0197 | 0.9507 | 0.9522 | 0.9524 | 0.0216 | 0.9353 | 0.9414 | 0.9275
0479 | 17:24:37 |  11.9s | 1.0e-04 | 0.0193 | 0.9506 | 0.9532 | 0.9537 | 0.0217 | 0.9344 | 0.9380 | 0.9217
0480 | 17:24:59 |  22.1s | 1.0e-04 | 0.0197 | 0.9482 | 0.9507 | 0.9491 | 0.0228 | 0.9334 | 0.9384 | 0.9200
0481 | 17:25:30 |  12.2s | 1.0e-04 | 0.0197 | 0.9507 | 0.9516 | 0.9526 | 0.0218 | 0.9338 | 0.9439 | 0.9264
0482 | 17:25:52 |  12.1s | 1.0e-04 | 0.0198 | 0.9509 | 0.9484 | 0.9492 | 0.0211 | 0.9336 | 0.9421 | 0.9272
0483 | 17:26:14 |  12.1s | 1.0e-04 | 0.0194 | 0.9502 | 0.9510 | 0.9512 | 0.0237 | 0.9346 | 0.9316 | 0.9098
0484 | 17:26:35 |  12.2s | 1.0e-04 | 0.0195 | 0.9503 | 0.9524 | 0.9520 | 0.0227 | 0.9486 | 0.9297 | 0.9311
0485 | 17:26:57 |  12.0s | 1.0e-04 | 0.0196 | 0.9498 | 0.9510 | 0.9506 | 0.0228 | 0.9503 | 0.9264 | 0.9309
0486 | 17:27:19 |  12.1s | 1.0e-04 | 0.0202 | 0.9490 | 0.9505 | 0.9495 | 0.0211 | 0.9434 | 0.9366 | 0.9289
0487 | 17:27:40 |  12.1s | 1.0e-04 | 0.0192 | 0.9497 | 0.9519 | 0.9513 | 0.0217 | 0.9335 | 0.9388 | 0.9224
0488 | 17:28:02 |  12.0s | 1.0e-04 | 0.0196 | 0.9491 | 0.9503 | 0.9496 | 0.0219 | 0.9531 | 0.9273 | 0.9297
0489 | 17:28:23 |  12.1s | 1.0e-04 | 0.0197 | 0.9494 | 0.9504 | 0.9498 | 0.0239 | 0.9444 | 0.9270 | 0.9248
0490 | 17:28:45 |  12.2s | 1.0e-04 | 0.0197 | 0.9500 | 0.9503 | 0.9501 | 0.0228 | 0.9379 | 0.9324 | 0.9173
0491 | 17:29:07 |  12.1s | 1.0e-04 | 0.0198 | 0.9502 | 0.9519 | 0.9523 | 0.0217 | 0.9452 | 0.9288 | 0.9247
0492 | 17:29:29 |  12.1s | 1.0e-04 | 0.0194 | 0.9508 | 0.9520 | 0.9525 | 0.0224 | 0.9348 | 0.9402 | 0.9228
0493 | 17:29:50 |  12.0s | 1.0e-04 | 0.0195 | 0.9505 | 0.9517 | 0.9521 | 0.0220 | 0.9409 | 0.9376 | 0.9273
0494 | 17:30:12 |  12.0s | 1.0e-04 | 0.0199 | 0.9483 | 0.9511 | 0.9488 | 0.0230 | 0.9443 | 0.9198 | 0.9161
0495 | 17:30:33 |  12.0s | 1.0e-04 | 0.0193 | 0.9509 | 0.9514 | 0.9524 | 0.0223 | 0.9281 | 0.9478 | 0.9245
0496 | 17:30:55 |  12.1s | 1.0e-04 | 0.0194 | 0.9492 | 0.9520 | 0.9510 | 0.0216 | 0.9458 | 0.9343 | 0.9303
0497 | 17:31:16 |  12.1s | 1.0e-04 | 0.0198 | 0.9510 | 0.9500 | 0.9510 | 0.0225 | 0.9427 | 0.9268 | 0.9215
0498 | 17:31:38 |  12.2s | 1.0e-04 | 0.0199 | 0.9499 | 0.9496 | 0.9494 | 0.0223 | 0.9397 | 0.9344 | 0.9203
0499 | 17:32:00 |  12.2s | 1.0e-04 | 0.0196 | 0.9515 | 0.9503 | 0.9519 | 0.0222 | 0.9363 | 0.9411 | 0.9243
0500 | 17:32:21 |  12.1s | 1.0e-04 | 0.0196 | 0.9493 | 0.9526 | 0.9517 | 0.0230 | 0.9366 | 0.9354 | 0.9170
0501 | 17:32:46 |  11.8s | 1.0e-04 | 0.0197 | 0.9519 | 0.9518 | 0.9534 | 0.0211 | 0.9400 | 0.9381 | 0.9284
0502 | 17:33:08 |  11.8s | 1.0e-04 | 0.0196 | 0.9484 | 0.9513 | 0.9497 | 0.0215 | 0.9338 | 0.9339 | 0.9191
0503 | 17:33:29 |  12.3s | 1.0e-04 | 0.0211 | 0.9500 | 0.9493 | 0.9493 | 0.0224 | 0.9291 | 0.9513 | 0.9299
0504 | 17:33:51 |  12.2s | 1.0e-04 | 0.0203 | 0.9481 | 0.9503 | 0.9484 | 0.0220 | 0.9345 | 0.9499 | 0.9342
0505 | 17:34:12 |  11.9s | 1.0e-04 | 0.0203 | 0.9496 | 0.9492 | 0.9488 | 0.0219 | 0.9461 | 0.9279 | 0.9234
0506 | 17:34:34 |  12.1s | 1.0e-04 | 0.0202 | 0.9499 | 0.9499 | 0.9499 | 0.0217 | 0.9413 | 0.9350 | 0.9231
0507 | 17:34:56 |  11.9s | 1.0e-04 | 0.0202 | 0.9491 | 0.9508 | 0.9496 | 0.0211 | 0.9326 | 0.9415 | 0.9247
0508 | 17:35:17 |  12.1s | 1.0e-04 | 0.0202 | 0.9491 | 0.9511 | 0.9502 | 0.0230 | 0.9345 | 0.9470 | 0.9308
0509 | 17:35:38 |  12.4s | 1.0e-04 | 0.0204 | 0.9492 | 0.9505 | 0.9498 | 0.0232 | 0.9477 | 0.9199 | 0.9211
0510 | 17:36:00 |  12.1s | 1.0e-04 | 0.0201 | 0.9496 | 0.9496 | 0.9491 | 0.0225 | 0.9485 | 0.9220 | 0.9221
0511 | 17:36:22 |  12.2s | 1.0e-04 | 0.0207 | 0.9482 | 0.9503 | 0.9483 | 0.0219 | 0.9484 | 0.9323 | 0.9324
0512 | 17:36:44 |  11.9s | 1.0e-04 | 0.0202 | 0.9501 | 0.9521 | 0.9522 | 0.0228 | 0.9301 | 0.9443 | 0.9241
0513 | 17:37:05 |  12.4s | 1.0e-04 | 0.0210 | 0.9493 | 0.9502 | 0.9494 | 0.0228 | 0.9363 | 0.9390 | 0.9231
0514 | 17:37:27 |  11.9s | 1.0e-04 | 0.0204 | 0.9490 | 0.9512 | 0.9500 | 0.0222 | 0.9324 | 0.9416 | 0.9237
0515 | 17:37:48 |  11.8s | 1.0e-04 | 0.0201 | 0.9499 | 0.9505 | 0.9506 | 0.0216 | 0.9331 | 0.9460 | 0.9282
0516 | 17:38:10 |  11.9s | 1.0e-04 | 0.0201 | 0.9506 | 0.9512 | 0.9518 | 0.0236 | 0.9299 | 0.9442 | 0.9224
0517 | 17:38:31 |  12.0s | 1.0e-04 | 0.0204 | 0.9481 | 0.9511 | 0.9490 | 0.0233 | 0.9375 | 0.9380 | 0.9219
0518 | 17:38:53 |  11.8s | 1.0e-04 | 0.0204 | 0.9486 | 0.9495 | 0.9481 | 0.0230 | 0.9220 | 0.9518 | 0.9250
0519 | 17:39:14 |  12.1s | 1.0e-04 | 0.0200 | 0.9510 | 0.9512 | 0.9524 | 0.0213 | 0.9483 | 0.9264 | 0.9282
0520 | 17:39:36 |  11.9s | 1.0e-04 | 0.0207 | 0.9498 | 0.9498 | 0.9497 | 0.0225 | 0.9414 | 0.9388 | 0.9289
0521 | 17:39:57 |  25.0s | 1.0e-04 | 0.0198 | 0.9505 | 0.9526 | 0.9527 | 0.0230 | 0.9343 | 0.9332 | 0.9169
0522 | 17:40:32 |  12.1s | 1.0e-04 | 0.0196 | 0.9516 | 0.9526 | 0.9539 | 0.0223 | 0.9337 | 0.9432 | 0.9277
0523 | 17:40:54 |  12.0s | 1.0e-04 | 0.0201 | 0.9506 | 0.9523 | 0.9531 | 0.0231 | 0.9298 | 0.9462 | 0.9254
0524 | 17:41:15 |  11.6s | 1.0e-04 | 0.0199 | 0.9496 | 0.9518 | 0.9511 | 0.0211 | 0.9411 | 0.9400 | 0.9302
0525 | 17:41:36 |  11.7s | 1.0e-04 | 0.0200 | 0.9510 | 0.9526 | 0.9533 | 0.0221 | 0.9370 | 0.9409 | 0.9258
0526 | 17:41:58 |  11.7s | 1.0e-04 | 0.0197 | 0.9519 | 0.9540 | 0.9551 | 0.0223 | 0.9337 | 0.9427 | 0.9256
0527 | 17:42:19 |  11.7s | 1.0e-04 | 0.0202 | 0.9501 | 0.9516 | 0.9513 | 0.0217 | 0.9282 | 0.9489 | 0.9266
0528 | 17:42:40 |  11.6s | 1.0e-04 | 0.0199 | 0.9498 | 0.9519 | 0.9519 | 0.0224 | 0.9359 | 0.9424 | 0.9274
0529 | 17:43:01 |  11.6s | 1.0e-04 | 0.0201 | 0.9513 | 0.9521 | 0.9531 | 0.0208 | 0.9458 | 0.9340 | 0.9305
0530 | 17:43:22 |  12.2s | 1.0e-04 | 0.0207 | 0.9487 | 0.9506 | 0.9491 | 0.0213 | 0.9411 | 0.9404 | 0.9296
0531 | 17:43:44 |  11.8s | 1.0e-04 | 0.0198 | 0.9515 | 0.9529 | 0.9539 | 0.0230 | 0.9323 | 0.9388 | 0.9195
0532 | 17:44:05 |  11.7s | 1.0e-04 | 0.0194 | 0.9510 | 0.9528 | 0.9535 | 0.0220 | 0.9290 | 0.9416 | 0.9201
0533 | 17:44:27 |  11.8s | 1.0e-04 | 0.0192 | 0.9518 | 0.9527 | 0.9540 | 0.0217 | 0.9436 | 0.9210 | 0.9157
0534 | 17:44:48 |  11.6s | 1.0e-04 | 0.0194 | 0.9517 | 0.9537 | 0.9552 | 0.0226 | 0.9461 | 0.9279 | 0.9262
0535 | 17:45:09 |  12.5s | 1.0e-04 | 0.0200 | 0.9509 | 0.9513 | 0.9523 | 0.0226 | 0.9377 | 0.9370 | 0.9247
0536 | 17:45:31 |  11.7s | 1.0e-04 | 0.0199 | 0.9508 | 0.9512 | 0.9518 | 0.0237 | 0.9379 | 0.9279 | 0.9166
0537 | 17:45:52 |  11.7s | 1.0e-04 | 0.0197 | 0.9510 | 0.9542 | 0.9548 | 0.0224 | 0.9412 | 0.9394 | 0.9296
0538 | 17:46:13 |  11.7s | 1.0e-04 | 0.0201 | 0.9496 | 0.9513 | 0.9507 | 0.0230 | 0.9352 | 0.9375 | 0.9205
0539 | 17:46:34 |  11.6s | 1.0e-04 | 0.0194 | 0.9513 | 0.9529 | 0.9543 | 0.0219 | 0.9399 | 0.9355 | 0.9261
0540 | 17:46:56 |  11.7s | 1.0e-04 | 0.0200 | 0.9518 | 0.9513 | 0.9531 | 0.0221 | 0.9318 | 0.9461 | 0.9272
0541 | 17:47:17 |  12.0s | 1.0e-04 | 0.0202 | 0.9502 | 0.9539 | 0.9540 | 0.0225 | 0.9275 | 0.9475 | 0.9246
0542 | 17:47:38 |  24.4s | 1.0e-04 | 0.0194 | 0.9506 | 0.9514 | 0.9519 | 0.0226 | 0.9392 | 0.9368 | 0.9258
0543 | 17:48:12 |  12.1s | 1.0e-04 | 0.0189 | 0.9495 | 0.9509 | 0.9503 | 0.0225 | 0.9357 | 0.9384 | 0.9210
0544 | 17:48:34 |  12.5s | 1.0e-04 | 0.0192 | 0.9477 | 0.9491 | 0.9471 | 0.0227 | 0.9393 | 0.9369 | 0.9237
0545 | 17:48:56 |  12.1s | 1.0e-04 | 0.0190 | 0.9496 | 0.9498 | 0.9494 | 0.0227 | 0.9354 | 0.9361 | 0.9190
0546 | 17:49:17 |  12.2s | 1.0e-04 | 0.0194 | 0.9475 | 0.9489 | 0.9466 | 0.0217 | 0.9378 | 0.9407 | 0.9265
0547 | 17:49:39 |  12.1s | 1.0e-04 | 0.0192 | 0.9484 | 0.9478 | 0.9461 | 0.0229 | 0.9280 | 0.9443 | 0.9189
0548 | 17:50:01 |  12.1s | 1.0e-04 | 0.0188 | 0.9501 | 0.9503 | 0.9503 | 0.0223 | 0.9367 | 0.9372 | 0.9223
0549 | 17:50:22 |  12.1s | 1.0e-04 | 0.0191 | 0.9493 | 0.9506 | 0.9497 | 0.0228 | 0.9375 | 0.9341 | 0.9180
0550 | 17:50:44 |  12.3s | 1.0e-04 | 0.0189 | 0.9500 | 0.9500 | 0.9500 | 0.0228 | 0.9328 | 0.9424 | 0.9247
0551 | 17:51:06 |  12.2s | 1.0e-04 | 0.0190 | 0.9485 | 0.9505 | 0.9491 | 0.0217 | 0.9418 | 0.9365 | 0.9253
0552 | 17:51:27 |  12.1s | 1.0e-04 | 0.0189 | 0.9493 | 0.9501 | 0.9495 | 0.0220 | 0.9376 | 0.9342 | 0.9200
0553 | 17:51:49 |  12.1s | 1.0e-04 | 0.0190 | 0.9484 | 0.9492 | 0.9479 | 0.0214 | 0.9381 | 0.9443 | 0.9314
0554 | 17:52:11 |  12.2s | 1.0e-04 | 0.0195 | 0.9480 | 0.9474 | 0.9453 | 0.0221 | 0.9443 | 0.9368 | 0.9321
0555 | 17:52:32 |  12.5s | 1.0e-04 | 0.0191 | 0.9513 | 0.9489 | 0.9504 | 0.0226 | 0.9438 | 0.9282 | 0.9249
0556 | 17:52:54 |  12.1s | 1.0e-04 | 0.0193 | 0.9491 | 0.9484 | 0.9478 | 0.0221 | 0.9447 | 0.9299 | 0.9236
0557 | 17:53:16 |  12.3s | 1.0e-04 | 0.0186 | 0.9503 | 0.9488 | 0.9492 | 0.0212 | 0.9328 | 0.9467 | 0.9292
0558 | 17:53:38 |  12.1s | 1.0e-04 | 0.0192 | 0.9486 | 0.9483 | 0.9471 | 0.0219 | 0.9385 | 0.9426 | 0.9316
0559 | 17:53:59 |  12.1s | 1.0e-04 | 0.0192 | 0.9486 | 0.9526 | 0.9508 | 0.0224 | 0.9369 | 0.9347 | 0.9188
0560 | 17:54:21 |  12.2s | 1.0e-04 | 0.0185 | 0.9508 | 0.9493 | 0.9500 | 0.0218 | 0.9390 | 0.9314 | 0.9162
0561 | 17:54:43 |  12.1s | 1.0e-04 | 0.0185 | 0.9507 | 0.9501 | 0.9507 | 0.0219 | 0.9347 | 0.9459 | 0.9302
0562 | 17:55:04 |  12.3s | 1.0e-04 | 0.0188 | 0.9497 | 0.9512 | 0.9508 | 0.0228 | 0.9421 | 0.9314 | 0.9208
0563 | 17:55:26 |  21.1s | 1.0e-04 | 0.0188 | 0.9499 | 0.9534 | 0.9531 | 0.0224 | 0.9319 | 0.9463 | 0.9275
0564 | 17:55:57 |  12.0s | 1.0e-04 | 0.0190 | 0.9527 | 0.9550 | 0.9565 | 0.0218 | 0.9395 | 0.9325 | 0.9207
0565 | 17:56:18 |  12.0s | 1.0e-04 | 0.0186 | 0.9533 | 0.9556 | 0.9578 | 0.0220 | 0.9260 | 0.9515 | 0.9275
0566 | 17:56:40 |  12.6s | 1.0e-04 | 0.0188 | 0.9523 | 0.9547 | 0.9560 | 0.0229 | 0.9349 | 0.9419 | 0.9257
0567 | 17:57:02 |  11.9s | 1.0e-04 | 0.0187 | 0.9524 | 0.9536 | 0.9550 | 0.0225 | 0.9376 | 0.9426 | 0.9279
0568 | 17:57:23 |  12.1s | 1.0e-04 | 0.0186 | 0.9528 | 0.9550 | 0.9572 | 0.0227 | 0.9420 | 0.9354 | 0.9257
0569 | 17:57:45 |  12.1s | 1.0e-04 | 0.0188 | 0.9531 | 0.9571 | 0.9590 | 0.0221 | 0.9358 | 0.9370 | 0.9201
0570 | 17:58:06 |  12.1s | 1.0e-04 | 0.0183 | 0.9548 | 0.9560 | 0.9592 | 0.0220 | 0.9402 | 0.9357 | 0.9238
0571 | 17:58:28 |  12.0s | 1.0e-04 | 0.0182 | 0.9534 | 0.9559 | 0.9581 | 0.0214 | 0.9380 | 0.9404 | 0.9291
0572 | 17:58:50 |  12.2s | 1.0e-04 | 0.0183 | 0.9536 | 0.9554 | 0.9580 | 0.0230 | 0.9302 | 0.9367 | 0.9163
0573 | 17:59:11 |  12.0s | 1.0e-04 | 0.0189 | 0.9517 | 0.9550 | 0.9559 | 0.0223 | 0.9331 | 0.9486 | 0.9318
0574 | 17:59:33 |  12.0s | 1.0e-04 | 0.0184 | 0.9534 | 0.9565 | 0.9585 | 0.0225 | 0.9351 | 0.9353 | 0.9185
0575 | 17:59:54 |  12.0s | 1.0e-04 | 0.0186 | 0.9542 | 0.9552 | 0.9580 | 0.0204 | 0.9359 | 0.9440 | 0.9277
0576 | 18:00:16 |  12.0s | 1.0e-04 | 0.0183 | 0.9525 | 0.9547 | 0.9566 | 0.0217 | 0.9305 | 0.9485 | 0.9289
0577 | 18:00:37 |  12.1s | 1.0e-04 | 0.0184 | 0.9519 | 0.9553 | 0.9564 | 0.0226 | 0.9352 | 0.9411 | 0.9241
0578 | 18:00:59 |  12.0s | 1.0e-04 | 0.0182 | 0.9521 | 0.9569 | 0.9581 | 0.0224 | 0.9354 | 0.9380 | 0.9231
0579 | 18:01:20 |  12.0s | 1.0e-04 | 0.0182 | 0.9531 | 0.9550 | 0.9574 | 0.0225 | 0.9406 | 0.9312 | 0.9219
0580 | 18:01:42 |  12.0s | 1.0e-04 | 0.0180 | 0.9532 | 0.9568 | 0.9592 | 0.0230 | 0.9277 | 0.9474 | 0.9233
0581 | 18:02:03 |  12.2s | 1.0e-04 | 0.0187 | 0.9529 | 0.9555 | 0.9578 | 0.0231 | 0.9374 | 0.9329 | 0.9160
0582 | 18:02:25 |  12.0s | 1.0e-04 | 0.0188 | 0.9520 | 0.9549 | 0.9568 | 0.0219 | 0.9431 | 0.9304 | 0.9229
0583 | 18:02:47 |  12.0s | 1.0e-04 | 0.0179 | 0.9536 | 0.9565 | 0.9595 | 0.0209 | 0.9379 | 0.9487 | 0.9368
0584 | 18:03:08 |  22.4s | 1.0e-04 | 0.0190 | 0.9496 | 0.9537 | 0.9528 | 0.0206 | 0.9313 | 0.9468 | 0.9254
0585 | 18:03:40 |  12.2s | 1.0e-04 | 0.0195 | 0.9491 | 0.9499 | 0.9490 | 0.0234 | 0.9254 | 0.9495 | 0.9250
0586 | 18:04:02 |  12.0s | 1.0e-04 | 0.0197 | 0.9482 | 0.9498 | 0.9480 | 0.0214 | 0.9415 | 0.9452 | 0.9364
0587 | 18:04:23 |  11.7s | 1.0e-04 | 0.0196 | 0.9489 | 0.9505 | 0.9495 | 0.0213 | 0.9336 | 0.9444 | 0.9280
0588 | 18:04:44 |  11.7s | 1.0e-04 | 0.0195 | 0.9484 | 0.9504 | 0.9488 | 0.0240 | 0.9307 | 0.9335 | 0.9087
0589 | 18:05:05 |  11.7s | 1.0e-04 | 0.0199 | 0.9492 | 0.9502 | 0.9494 | 0.0210 | 0.9342 | 0.9462 | 0.9295
0590 | 18:05:27 |  11.7s | 1.0e-04 | 0.0193 | 0.9487 | 0.9497 | 0.9483 | 0.0212 | 0.9414 | 0.9395 | 0.9309
0591 | 18:05:48 |  11.7s | 1.0e-04 | 0.0192 | 0.9503 | 0.9511 | 0.9513 | 0.0222 | 0.9420 | 0.9339 | 0.9272
0592 | 18:06:09 |  12.0s | 1.0e-04 | 0.0198 | 0.9488 | 0.9502 | 0.9489 | 0.0211 | 0.9352 | 0.9477 | 0.9321
0593 | 18:06:30 |  12.0s | 1.0e-04 | 0.0192 | 0.9495 | 0.9515 | 0.9511 | 0.0222 | 0.9354 | 0.9491 | 0.9347
0594 | 18:06:52 |  11.8s | 1.0e-04 | 0.0197 | 0.9489 | 0.9512 | 0.9503 | 0.0216 | 0.9396 | 0.9401 | 0.9304
0595 | 18:07:13 |  12.1s | 1.0e-04 | 0.0193 | 0.9486 | 0.9506 | 0.9490 | 0.0216 | 0.9325 | 0.9482 | 0.9311
0596 | 18:07:35 |  12.1s | 1.0e-04 | 0.0198 | 0.9497 | 0.9495 | 0.9491 | 0.0218 | 0.9298 | 0.9530 | 0.9338
0597 | 18:07:56 |  11.8s | 1.0e-04 | 0.0202 | 0.9477 | 0.9495 | 0.9470 | 0.0225 | 0.9384 | 0.9354 | 0.9212
0598 | 18:08:17 |  11.8s | 1.0e-04 | 0.0197 | 0.9493 | 0.9494 | 0.9488 | 0.0210 | 0.9382 | 0.9395 | 0.9268
0599 | 18:08:39 |  11.7s | 1.0e-04 | 0.0196 | 0.9489 | 0.9501 | 0.9490 | 0.0222 | 0.9415 | 0.9302 | 0.9225
0600 | 18:09:00 |  11.9s | 1.0e-04 | 0.0203 | 0.9468 | 0.9487 | 0.9455 | 0.0225 | 0.9261 | 0.9516 | 0.9278
0601 | 18:09:21 |  11.8s | 1.0e-04 | 0.0192 | 0.9504 | 0.9507 | 0.9509 | 0.0216 | 0.9309 | 0.9470 | 0.9280
0602 | 18:09:43 |  11.8s | 1.0e-04 | 0.0195 | 0.9497 | 0.9517 | 0.9514 | 0.0222 | 0.9406 | 0.9408 | 0.9316
0603 | 18:10:04 |  12.3s | 1.0e-04 | 0.0199 | 0.9473 | 0.9495 | 0.9469 | 0.0225 | 0.9309 | 0.9493 | 0.9299
0604 | 18:10:26 |  11.9s | 1.0e-04 | 0.0201 | 0.9465 | 0.9485 | 0.9449 | 0.0220 | 0.9336 | 0.9497 | 0.9332
0605 | 18:10:47 |  25.2s | 1.0e-04 | 0.0191 | 0.9520 | 0.9534 | 0.9546 | 0.0218 | 0.9400 | 0.9410 | 0.9308
0606 | 18:11:22 |  12.3s | 1.0e-04 | 0.0189 | 0.9529 | 0.9547 | 0.9567 | 0.0224 | 0.9329 | 0.9446 | 0.9260
0607 | 18:11:44 |  12.4s | 1.0e-04 | 0.0182 | 0.9530 | 0.9545 | 0.9570 | 0.0217 | 0.9447 | 0.9339 | 0.9276
0608 | 18:12:06 |  12.5s | 1.0e-04 | 0.0187 | 0.9519 | 0.9554 | 0.9564 | 0.0234 | 0.9353 | 0.9356 | 0.9193
0609 | 18:12:28 |  12.2s | 1.0e-04 | 0.0188 | 0.9526 | 0.9544 | 0.9563 | 0.0218 | 0.9440 | 0.9299 | 0.9232
0610 | 18:12:49 |  12.1s | 1.0e-04 | 0.0184 | 0.9537 | 0.9552 | 0.9584 | 0.0212 | 0.9293 | 0.9471 | 0.9258
0611 | 18:13:11 |  12.1s | 1.0e-04 | 0.0193 | 0.9511 | 0.9529 | 0.9537 | 0.0221 | 0.9352 | 0.9344 | 0.9157
0612 | 18:13:33 |  12.3s | 1.0e-04 | 0.0186 | 0.9517 | 0.9548 | 0.9556 | 0.0209 | 0.9450 | 0.9406 | 0.9347
0613 | 18:13:54 |  12.1s | 1.0e-04 | 0.0194 | 0.9508 | 0.9523 | 0.9525 | 0.0217 | 0.9342 | 0.9460 | 0.9308
0614 | 18:14:16 |  12.1s | 1.0e-04 | 0.0192 | 0.9494 | 0.9543 | 0.9529 | 0.0211 | 0.9456 | 0.9359 | 0.9292
0615 | 18:14:38 |  12.1s | 1.0e-04 | 0.0190 | 0.9527 | 0.9528 | 0.9550 | 0.0219 | 0.9389 | 0.9408 | 0.9304
0616 | 18:14:59 |  12.4s | 1.0e-04 | 0.0188 | 0.9514 | 0.9546 | 0.9557 | 0.0225 | 0.9412 | 0.9315 | 0.9209
0617 | 18:15:21 |  12.2s | 1.0e-04 | 0.0185 | 0.9539 | 0.9545 | 0.9577 | 0.0229 | 0.9361 | 0.9344 | 0.9207
0618 | 18:15:43 |  12.5s | 1.0e-04 | 0.0190 | 0.9514 | 0.9539 | 0.9549 | 0.0212 | 0.9436 | 0.9362 | 0.9292
0619 | 18:16:05 |  12.1s | 1.0e-04 | 0.0185 | 0.9535 | 0.9545 | 0.9570 | 0.0218 | 0.9405 | 0.9330 | 0.9228
0620 | 18:16:26 |  12.3s | 1.0e-04 | 0.0192 | 0.9512 | 0.9535 | 0.9543 | 0.0221 | 0.9415 | 0.9330 | 0.9218
0621 | 18:16:48 |  12.0s | 1.0e-04 | 0.0184 | 0.9511 | 0.9551 | 0.9555 | 0.0218 | 0.9368 | 0.9403 | 0.9248
0622 | 18:17:10 |  12.1s | 1.0e-04 | 0.0187 | 0.9517 | 0.9544 | 0.9554 | 0.0217 | 0.9429 | 0.9369 | 0.9265
0623 | 18:17:31 |  12.6s | 1.0e-04 | 0.0192 | 0.9521 | 0.9534 | 0.9553 | 0.0221 | 0.9422 | 0.9384 | 0.9321
0624 | 18:17:53 |  12.1s | 1.0e-04 | 0.0185 | 0.9526 | 0.9538 | 0.9559 | 0.0226 | 0.9390 | 0.9386 | 0.9281
0625 | 18:18:15 |  12.1s | 1.0e-04 | 0.0190 | 0.9510 | 0.9530 | 0.9535 | 0.0224 | 0.9497 | 0.9256 | 0.9270
0626 | 18:18:39 |  12.6s | 1.0e-04 | 0.0186 | 0.9513 | 0.9528 | 0.9540 | 0.0229 | 0.9369 | 0.9411 | 0.9288
0627 | 18:19:01 |  11.9s | 1.0e-04 | 0.0189 | 0.9510 | 0.9537 | 0.9544 | 0.0221 | 0.9386 | 0.9399 | 0.9293
0628 | 18:19:22 |  11.8s | 1.0e-04 | 0.0190 | 0.9512 | 0.9535 | 0.9542 | 0.0225 | 0.9454 | 0.9347 | 0.9300
0629 | 18:19:44 |  11.9s | 1.0e-04 | 0.0189 | 0.9528 | 0.9533 | 0.9552 | 0.0222 | 0.9328 | 0.9445 | 0.9248
0630 | 18:20:05 |  12.1s | 1.0e-04 | 0.0189 | 0.9527 | 0.9535 | 0.9554 | 0.0210 | 0.9464 | 0.9351 | 0.9342
0631 | 18:20:26 |  11.9s | 1.0e-04 | 0.0186 | 0.9515 | 0.9540 | 0.9545 | 0.0231 | 0.9515 | 0.9161 | 0.9194
0632 | 18:20:48 |  11.9s | 1.0e-04 | 0.0191 | 0.9521 | 0.9531 | 0.9548 | 0.0216 | 0.9461 | 0.9340 | 0.9308
0633 | 18:21:09 |  12.0s | 1.0e-04 | 0.0187 | 0.9511 | 0.9540 | 0.9547 | 0.0213 | 0.9435 | 0.9389 | 0.9315
0634 | 18:21:31 |  12.6s | 1.0e-04 | 0.0189 | 0.9521 | 0.9533 | 0.9550 | 0.0221 | 0.9354 | 0.9367 | 0.9174
0635 | 18:21:53 |  11.9s | 1.0e-04 | 0.0191 | 0.9509 | 0.9547 | 0.9546 | 0.0214 | 0.9318 | 0.9442 | 0.9243
0636 | 18:22:14 |  12.1s | 1.0e-04 | 0.0188 | 0.9510 | 0.9559 | 0.9558 | 0.0224 | 0.9377 | 0.9302 | 0.9116
0637 | 18:22:36 |  11.8s | 1.0e-04 | 0.0188 | 0.9499 | 0.9558 | 0.9538 | 0.0222 | 0.9390 | 0.9344 | 0.9254
0638 | 18:22:57 |  11.8s | 1.0e-04 | 0.0190 | 0.9516 | 0.9540 | 0.9545 | 0.0220 | 0.9258 | 0.9547 | 0.9301
0639 | 18:23:18 |  12.0s | 1.0e-04 | 0.0188 | 0.9516 | 0.9564 | 0.9571 | 0.0216 | 0.9374 | 0.9390 | 0.9283
0640 | 18:23:40 |  12.0s | 1.0e-04 | 0.0187 | 0.9499 | 0.9537 | 0.9527 | 0.0221 | 0.9465 | 0.9285 | 0.9268
0641 | 18:24:02 |  11.9s | 1.0e-04 | 0.0191 | 0.9503 | 0.9531 | 0.9528 | 0.0219 | 0.9482 | 0.9331 | 0.9280
0642 | 18:24:23 |  12.0s | 1.0e-04 | 0.0186 | 0.9520 | 0.9560 | 0.9563 | 0.0213 | 0.9419 | 0.9338 | 0.9253
0643 | 18:24:45 |  12.0s | 1.0e-04 | 0.0191 | 0.9519 | 0.9538 | 0.9549 | 0.0221 | 0.9429 | 0.9390 | 0.9298
0644 | 18:25:06 |  11.7s | 1.0e-04 | 0.0186 | 0.9495 | 0.9552 | 0.9542 | 0.0213 | 0.9446 | 0.9385 | 0.9356
0645 | 18:25:27 |  11.9s | 1.0e-04 | 0.0187 | 0.9512 | 0.9536 | 0.9547 | 0.0213 | 0.9370 | 0.9389 | 0.9245
0646 | 18:25:49 |  21.0s | 1.0e-04 | 0.0191 | 0.9508 | 0.9529 | 0.9533 | 0.0221 | 0.9362 | 0.9385 | 0.9228
0647 | 18:26:19 |  12.1s | 1.0e-04 | 0.0198 | 0.9511 | 0.9516 | 0.9527 | 0.0220 | 0.9417 | 0.9279 | 0.9229
0648 | 18:26:41 |  12.0s | 1.0e-04 | 0.0195 | 0.9505 | 0.9521 | 0.9525 | 0.0213 | 0.9374 | 0.9373 | 0.9249
0649 | 18:27:02 |  12.2s | 1.0e-04 | 0.0191 | 0.9504 | 0.9532 | 0.9529 | 0.0231 | 0.9325 | 0.9402 | 0.9200
0650 | 18:27:24 |  11.9s | 1.0e-04 | 0.0196 | 0.9505 | 0.9520 | 0.9523 | 0.0219 | 0.9510 | 0.9264 | 0.9302
0651 | 18:27:45 |  11.9s | 1.0e-04 | 0.0197 | 0.9499 | 0.9517 | 0.9515 | 0.0217 | 0.9366 | 0.9424 | 0.9269
0652 | 18:28:07 |  12.0s | 1.0e-04 | 0.0198 | 0.9493 | 0.9532 | 0.9523 | 0.0208 | 0.9366 | 0.9416 | 0.9252
0653 | 18:28:28 |  12.1s | 1.0e-04 | 0.0195 | 0.9493 | 0.9511 | 0.9502 | 0.0211 | 0.9389 | 0.9439 | 0.9311
0654 | 18:28:50 |  11.9s | 1.0e-04 | 0.0198 | 0.9509 | 0.9503 | 0.9513 | 0.0224 | 0.9377 | 0.9373 | 0.9254
0655 | 18:29:11 |  12.2s | 1.0e-04 | 0.0201 | 0.9493 | 0.9496 | 0.9489 | 0.0212 | 0.9519 | 0.9350 | 0.9395
0656 | 18:29:33 |  11.8s | 1.0e-04 | 0.0193 | 0.9522 | 0.9542 | 0.9554 | 0.0210 | 0.9442 | 0.9401 | 0.9350
0657 | 18:29:54 |  12.1s | 1.0e-04 | 0.0197 | 0.9507 | 0.9517 | 0.9520 | 0.0214 | 0.9332 | 0.9471 | 0.9295
0658 | 18:30:15 |  11.9s | 1.0e-04 | 0.0195 | 0.9517 | 0.9519 | 0.9536 | 0.0217 | 0.9473 | 0.9204 | 0.9225
0659 | 18:30:37 |  11.9s | 1.0e-04 | 0.0199 | 0.9491 | 0.9498 | 0.9491 | 0.0195 | 0.9511 | 0.9353 | 0.9382
0660 | 18:30:58 |  11.9s | 1.0e-04 | 0.0192 | 0.9509 | 0.9518 | 0.9525 | 0.0211 | 0.9401 | 0.9458 | 0.9364
0661 | 18:31:19 |  11.9s | 1.0e-04 | 0.0196 | 0.9504 | 0.9525 | 0.9527 | 0.0220 | 0.9520 | 0.9282 | 0.9343
0662 | 18:31:41 |  12.0s | 1.0e-04 | 0.0197 | 0.9494 | 0.9519 | 0.9511 | 0.0225 | 0.9337 | 0.9395 | 0.9231
0663 | 18:32:02 |  11.9s | 1.0e-04 | 0.0193 | 0.9508 | 0.9512 | 0.9517 | 0.0220 | 0.9365 | 0.9408 | 0.9265
0664 | 18:32:24 |  11.8s | 1.0e-04 | 0.0188 | 0.9522 | 0.9543 | 0.9558 | 0.0211 | 0.9324 | 0.9447 | 0.9288
0665 | 18:32:45 |  11.9s | 1.0e-04 | 0.0196 | 0.9498 | 0.9515 | 0.9513 | 0.0216 | 0.9381 | 0.9388 | 0.9246
0666 | 18:33:06 |  11.8s | 1.0e-04 | 0.0193 | 0.9516 | 0.9522 | 0.9534 | 0.0226 | 0.9347 | 0.9388 | 0.9235
0667 | 18:33:28 |  23.0s | 1.0e-04 | 0.0192 | 0.9519 | 0.9533 | 0.9546 | 0.0219 | 0.9420 | 0.9349 | 0.9267
0668 | 18:34:00 |  11.8s | 1.0e-04 | 0.0188 | 0.9519 | 0.9532 | 0.9553 | 0.0217 | 0.9333 | 0.9435 | 0.9233
0669 | 18:34:21 |  12.1s | 1.0e-04 | 0.0184 | 0.9529 | 0.9536 | 0.9559 | 0.0230 | 0.9286 | 0.9445 | 0.9219
0670 | 18:34:43 |  12.0s | 1.0e-04 | 0.0188 | 0.9503 | 0.9522 | 0.9523 | 0.0220 | 0.9397 | 0.9447 | 0.9336
0671 | 18:35:04 |  12.0s | 1.0e-04 | 0.0187 | 0.9533 | 0.9547 | 0.9577 | 0.0222 | 0.9315 | 0.9419 | 0.9220
0672 | 18:35:26 |  11.9s | 1.0e-04 | 0.0181 | 0.9537 | 0.9542 | 0.9576 | 0.0212 | 0.9404 | 0.9479 | 0.9378
0673 | 18:35:47 |  11.8s | 1.0e-04 | 0.0185 | 0.9515 | 0.9548 | 0.9553 | 0.0209 | 0.9422 | 0.9367 | 0.9293
0674 | 18:36:08 |  12.0s | 1.0e-04 | 0.0183 | 0.9535 | 0.9540 | 0.9575 | 0.0235 | 0.9199 | 0.9510 | 0.9207
0675 | 18:36:30 |  12.1s | 1.0e-04 | 0.0193 | 0.9507 | 0.9542 | 0.9541 | 0.0213 | 0.9418 | 0.9351 | 0.9255
0676 | 18:36:51 |  12.1s | 1.0e-04 | 0.0184 | 0.9527 | 0.9538 | 0.9562 | 0.0208 | 0.9481 | 0.9242 | 0.9271
0677 | 18:37:13 |  11.9s | 1.0e-04 | 0.0182 | 0.9533 | 0.9539 | 0.9566 | 0.0207 | 0.9429 | 0.9380 | 0.9309
0678 | 18:37:34 |  11.9s | 1.0e-04 | 0.0185 | 0.9534 | 0.9548 | 0.9572 | 0.0217 | 0.9398 | 0.9472 | 0.9368
0679 | 18:37:56 |  11.9s | 1.0e-04 | 0.0187 | 0.9513 | 0.9549 | 0.9554 | 0.0217 | 0.9363 | 0.9429 | 0.9279
0680 | 18:38:17 |  11.9s | 1.0e-04 | 0.0187 | 0.9517 | 0.9547 | 0.9552 | 0.0230 | 0.9434 | 0.9286 | 0.9172
0681 | 18:38:39 |  12.3s | 1.0e-04 | 0.0191 | 0.9517 | 0.9535 | 0.9546 | 0.0219 | 0.9329 | 0.9459 | 0.9267
0682 | 18:39:00 |  12.0s | 1.0e-04 | 0.0184 | 0.9514 | 0.9560 | 0.9559 | 0.0217 | 0.9357 | 0.9379 | 0.9244
0683 | 18:39:22 |  11.9s | 1.0e-04 | 0.0181 | 0.9535 | 0.9564 | 0.9586 | 0.0227 | 0.9498 | 0.9234 | 0.9257
0684 | 18:39:43 |  12.1s | 1.0e-04 | 0.0179 | 0.9537 | 0.9561 | 0.9591 | 0.0228 | 0.9278 | 0.9416 | 0.9177
0685 | 18:40:05 |  11.8s | 1.0e-04 | 0.0180 | 0.9539 | 0.9551 | 0.9580 | 0.0206 | 0.9343 | 0.9557 | 0.9398
0686 | 18:40:26 |  12.2s | 1.0e-04 | 0.0181 | 0.9508 | 0.9552 | 0.9555 | 0.0225 | 0.9473 | 0.9368 | 0.9354
0687 | 18:40:48 |  12.1s | 1.0e-04 | 0.0183 | 0.9524 | 0.9541 | 0.9553 | 0.0231 | 0.9350 | 0.9402 | 0.9257
0688 | 18:41:09 |  25.6s | 1.0e-04 | 0.0188 | 0.9499 | 0.9556 | 0.9542 | 0.0215 | 0.9361 | 0.9428 | 0.9291
0689 | 18:41:44 |  12.0s | 1.0e-04 | 0.0185 | 0.9514 | 0.9553 | 0.9559 | 0.0214 | 0.9437 | 0.9383 | 0.9328
0690 | 18:42:06 |  11.9s | 1.0e-04 | 0.0181 | 0.9524 | 0.9545 | 0.9561 | 0.0216 | 0.9331 | 0.9439 | 0.9276
0691 | 18:42:27 |  11.9s | 1.0e-04 | 0.0185 | 0.9516 | 0.9539 | 0.9547 | 0.0210 | 0.9373 | 0.9406 | 0.9270
0692 | 18:42:48 |  12.0s | 1.0e-04 | 0.0180 | 0.9532 | 0.9543 | 0.9564 | 0.0216 | 0.9292 | 0.9496 | 0.9286
0693 | 18:43:10 |  12.7s | 1.0e-04 | 0.0178 | 0.9542 | 0.9548 | 0.9582 | 0.0212 | 0.9357 | 0.9424 | 0.9281
0694 | 18:43:32 |  12.0s | 1.0e-04 | 0.0182 | 0.9527 | 0.9562 | 0.9584 | 0.0209 | 0.9417 | 0.9404 | 0.9327
0695 | 18:43:54 |  12.2s | 1.0e-04 | 0.0180 | 0.9541 | 0.9527 | 0.9560 | 0.0216 | 0.9409 | 0.9378 | 0.9289
0696 | 18:44:15 |  12.1s | 1.0e-04 | 0.0180 | 0.9529 | 0.9546 | 0.9568 | 0.0206 | 0.9401 | 0.9378 | 0.9273
0697 | 18:44:37 |  12.0s | 1.0e-04 | 0.0180 | 0.9529 | 0.9557 | 0.9572 | 0.0221 | 0.9397 | 0.9355 | 0.9236
0698 | 18:44:58 |  11.9s | 1.0e-04 | 0.0178 | 0.9530 | 0.9545 | 0.9567 | 0.0215 | 0.9353 | 0.9481 | 0.9331
0699 | 18:45:20 |  11.9s | 1.0e-04 | 0.0183 | 0.9514 | 0.9547 | 0.9552 | 0.0220 | 0.9463 | 0.9312 | 0.9272
0700 | 18:45:41 |  11.9s | 1.0e-04 | 0.0186 | 0.9525 | 0.9539 | 0.9560 | 0.0225 | 0.9454 | 0.9277 | 0.9246
0701 | 18:46:02 |  11.9s | 1.0e-04 | 0.0181 | 0.9526 | 0.9548 | 0.9567 | 0.0233 | 0.9435 | 0.9292 | 0.9230
0702 | 18:46:24 |  12.0s | 1.0e-04 | 0.0185 | 0.9536 | 0.9530 | 0.9565 | 0.0225 | 0.9347 | 0.9409 | 0.9245
0703 | 18:46:45 |  12.1s | 1.0e-04 | 0.0182 | 0.9518 | 0.9554 | 0.9563 | 0.0222 | 0.9434 | 0.9341 | 0.9256
0704 | 18:47:07 |  11.9s | 1.0e-04 | 0.0180 | 0.9531 | 0.9535 | 0.9563 | 0.0223 | 0.9338 | 0.9496 | 0.9336
0705 | 18:47:28 |  11.9s | 1.0e-04 | 0.0181 | 0.9544 | 0.9544 | 0.9580 | 0.0220 | 0.9236 | 0.9528 | 0.9274
0706 | 18:47:50 |  12.0s | 1.0e-04 | 0.0188 | 0.9504 | 0.9528 | 0.9527 | 0.0222 | 0.9388 | 0.9383 | 0.9251
0707 | 18:48:11 |  11.9s | 1.0e-04 | 0.0187 | 0.9526 | 0.9524 | 0.9547 | 0.0217 | 0.9267 | 0.9500 | 0.9269
0708 | 18:48:32 |  12.0s | 1.0e-04 | 0.0180 | 0.9537 | 0.9544 | 0.9572 | 0.0214 | 0.9459 | 0.9406 | 0.9342
0709 | 18:48:54 |  24.1s | 1.0e-04 | 0.0182 | 0.9535 | 0.9556 | 0.9577 | 0.0219 | 0.9347 | 0.9446 | 0.9285
0710 | 18:49:28 |  12.3s | 1.0e-04 | 0.0183 | 0.9536 | 0.9582 | 0.9603 | 0.0207 | 0.9439 | 0.9362 | 0.9283
0711 | 18:49:50 |  12.3s | 1.0e-04 | 0.0175 | 0.9530 | 0.9563 | 0.9580 | 0.0212 | 0.9430 | 0.9354 | 0.9292
0712 | 18:50:12 |  12.1s | 1.0e-04 | 0.0181 | 0.9524 | 0.9564 | 0.9575 | 0.0217 | 0.9391 | 0.9347 | 0.9231
0713 | 18:50:33 |  12.8s | 1.0e-04 | 0.0178 | 0.9527 | 0.9557 | 0.9572 | 0.0215 | 0.9413 | 0.9388 | 0.9303
0714 | 18:50:56 |  12.1s | 1.0e-04 | 0.0180 | 0.9531 | 0.9566 | 0.9580 | 0.0223 | 0.9394 | 0.9413 | 0.9309
0715 | 18:51:18 |  12.1s | 1.0e-04 | 0.0179 | 0.9537 | 0.9556 | 0.9581 | 0.0214 | 0.9424 | 0.9414 | 0.9329
0716 | 18:51:40 |  12.1s | 1.0e-04 | 0.0178 | 0.9537 | 0.9562 | 0.9587 | 0.0217 | 0.9380 | 0.9393 | 0.9266
0717 | 18:52:01 |  12.4s | 1.0e-04 | 0.0181 | 0.9538 | 0.9544 | 0.9577 | 0.0211 | 0.9409 | 0.9425 | 0.9316
0718 | 18:52:23 |  12.0s | 1.0e-04 | 0.0176 | 0.9544 | 0.9568 | 0.9603 | 0.0226 | 0.9351 | 0.9342 | 0.9153
0719 | 18:52:45 |  12.0s | 1.0e-04 | 0.0178 | 0.9542 | 0.9560 | 0.9590 | 0.0219 | 0.9299 | 0.9429 | 0.9236
0720 | 18:53:07 |  12.1s | 1.0e-04 | 0.0178 | 0.9549 | 0.9561 | 0.9603 | 0.0212 | 0.9500 | 0.9365 | 0.9363
0721 | 18:53:29 |  12.2s | 1.0e-04 | 0.0175 | 0.9542 | 0.9584 | 0.9613 | 0.0219 | 0.9404 | 0.9337 | 0.9247
0722 | 18:53:50 |  12.1s | 1.0e-04 | 0.0181 | 0.9534 | 0.9564 | 0.9588 | 0.0219 | 0.9368 | 0.9412 | 0.9250
0723 | 18:54:12 |  12.3s | 1.0e-04 | 0.0177 | 0.9551 | 0.9553 | 0.9596 | 0.0226 | 0.9376 | 0.9425 | 0.9298
0724 | 18:54:34 |  12.6s | 1.0e-04 | 0.0174 | 0.9551 | 0.9566 | 0.9599 | 0.0218 | 0.9411 | 0.9308 | 0.9197
0725 | 18:54:57 |  12.2s | 1.0e-04 | 0.0178 | 0.9534 | 0.9576 | 0.9594 | 0.0203 | 0.9460 | 0.9375 | 0.9339
0726 | 18:55:19 |  12.0s | 1.0e-04 | 0.0176 | 0.9553 | 0.9556 | 0.9600 | 0.0232 | 0.9457 | 0.9281 | 0.9217
0727 | 18:55:40 |  12.1s | 1.0e-04 | 0.0179 | 0.9532 | 0.9567 | 0.9583 | 0.0214 | 0.9412 | 0.9372 | 0.9273
0728 | 18:56:02 |  12.1s | 1.0e-04 | 0.0175 | 0.9547 | 0.9577 | 0.9608 | 0.0221 | 0.9345 | 0.9391 | 0.9217
0729 | 18:56:24 |  12.4s | 1.0e-04 | 0.0181 | 0.9538 | 0.9568 | 0.9597 | 0.0219 | 0.9439 | 0.9352 | 0.9295
0730 | 18:56:46 |  23.0s | 1.0e-04 | 0.0188 | 0.9521 | 0.9545 | 0.9560 | 0.0219 | 0.9369 | 0.9436 | 0.9289
0731 | 18:57:19 |  11.9s | 1.0e-04 | 0.0192 | 0.9524 | 0.9528 | 0.9547 | 0.0218 | 0.9325 | 0.9444 | 0.9262
0732 | 18:57:41 |  12.0s | 1.0e-04 | 0.0185 | 0.9530 | 0.9559 | 0.9576 | 0.0216 | 0.9378 | 0.9426 | 0.9312
0733 | 18:58:03 |  11.7s | 1.0e-04 | 0.0183 | 0.9537 | 0.9541 | 0.9569 | 0.0223 | 0.9393 | 0.9439 | 0.9319
0734 | 18:58:24 |  11.5s | 1.0e-04 | 0.0187 | 0.9534 | 0.9554 | 0.9571 | 0.0214 | 0.9388 | 0.9300 | 0.9197
0735 | 18:58:46 |  11.8s | 1.0e-04 | 0.0190 | 0.9530 | 0.9554 | 0.9579 | 0.0221 | 0.9413 | 0.9343 | 0.9268
0736 | 18:59:07 |  11.9s | 1.0e-04 | 0.0188 | 0.9545 | 0.9557 | 0.9592 | 0.0219 | 0.9385 | 0.9364 | 0.9226
0737 | 18:59:29 |  11.8s | 1.0e-04 | 0.0188 | 0.9519 | 0.9539 | 0.9551 | 0.0210 | 0.9384 | 0.9440 | 0.9311
0738 | 18:59:51 |  12.0s | 1.0e-04 | 0.0192 | 0.9527 | 0.9550 | 0.9569 | 0.0230 | 0.9344 | 0.9466 | 0.9302
0739 | 19:00:12 |  11.9s | 1.0e-04 | 0.0187 | 0.9531 | 0.9551 | 0.9569 | 0.0213 | 0.9477 | 0.9380 | 0.9368
0740 | 19:00:34 |  11.7s | 1.0e-04 | 0.0190 | 0.9522 | 0.9569 | 0.9576 | 0.0219 | 0.9394 | 0.9339 | 0.9230
0741 | 19:00:56 |  11.7s | 1.0e-04 | 0.0191 | 0.9531 | 0.9545 | 0.9566 | 0.0212 | 0.9407 | 0.9410 | 0.9328
0742 | 19:01:17 |  11.6s | 1.0e-04 | 0.0193 | 0.9517 | 0.9522 | 0.9537 | 0.0216 | 0.9452 | 0.9372 | 0.9295
0743 | 19:01:39 |  11.7s | 1.0e-04 | 0.0188 | 0.9530 | 0.9547 | 0.9569 | 0.0219 | 0.9361 | 0.9418 | 0.9279
0744 | 19:02:00 |  12.0s | 1.0e-04 | 0.0187 | 0.9521 | 0.9544 | 0.9564 | 0.0232 | 0.9237 | 0.9498 | 0.9231
0745 | 19:02:22 |  11.7s | 1.0e-04 | 0.0188 | 0.9524 | 0.9534 | 0.9553 | 0.0212 | 0.9440 | 0.9360 | 0.9304
0746 | 19:02:43 |  11.9s | 1.0e-04 | 0.0195 | 0.9526 | 0.9545 | 0.9560 | 0.0210 | 0.9407 | 0.9389 | 0.9274
0747 | 19:03:05 |  11.8s | 1.0e-04 | 0.0190 | 0.9517 | 0.9530 | 0.9545 | 0.0214 | 0.9443 | 0.9448 | 0.9412
0748 | 19:03:27 |  11.9s | 1.0e-04 | 0.0186 | 0.9523 | 0.9552 | 0.9562 | 0.0218 | 0.9322 | 0.9441 | 0.9243
0749 | 19:03:49 |  11.7s | 1.0e-04 | 0.0185 | 0.9539 | 0.9545 | 0.9580 | 0.0223 | 0.9431 | 0.9371 | 0.9313
0750 | 19:04:10 |  11.6s | 1.0e-04 | 0.0190 | 0.9542 | 0.9540 | 0.9571 | 0.0209 | 0.9402 | 0.9419 | 0.9306
0751 | 19:04:32 |  16.2s | 1.0e-04 | 0.0181 | 0.9524 | 0.9542 | 0.9556 | 0.0193 | 0.9397 | 0.9459 | 0.9357
0752 | 19:04:58 |  12.0s | 1.0e-04 | 0.0178 | 0.9544 | 0.9538 | 0.9574 | 0.0209 | 0.9393 | 0.9377 | 0.9283
0753 | 19:05:20 |  12.1s | 1.0e-04 | 0.0183 | 0.9505 | 0.9535 | 0.9535 | 0.0216 | 0.9390 | 0.9357 | 0.9249
0754 | 19:05:42 |  12.4s | 1.0e-04 | 0.0184 | 0.9528 | 0.9543 | 0.9561 | 0.0214 | 0.9390 | 0.9435 | 0.9316
0755 | 19:06:04 |  12.4s | 1.0e-04 | 0.0178 | 0.9530 | 0.9535 | 0.9557 | 0.0217 | 0.9358 | 0.9443 | 0.9288
0756 | 19:06:26 |  12.1s | 1.0e-04 | 0.0184 | 0.9524 | 0.9542 | 0.9561 | 0.0219 | 0.9400 | 0.9369 | 0.9292
0757 | 19:06:48 |  12.1s | 1.0e-04 | 0.0180 | 0.9525 | 0.9549 | 0.9562 | 0.0215 | 0.9354 | 0.9517 | 0.9373
0758 | 19:07:10 |  12.1s | 1.0e-04 | 0.0182 | 0.9522 | 0.9545 | 0.9558 | 0.0216 | 0.9415 | 0.9378 | 0.9299
0759 | 19:07:32 |  12.1s | 1.0e-04 | 0.0183 | 0.9523 | 0.9558 | 0.9569 | 0.0214 | 0.9380 | 0.9433 | 0.9294
0760 | 19:07:54 |  12.2s | 1.0e-04 | 0.0184 | 0.9531 | 0.9541 | 0.9564 | 0.0220 | 0.9385 | 0.9357 | 0.9218
0761 | 19:08:16 |  12.2s | 1.0e-04 | 0.0179 | 0.9542 | 0.9534 | 0.9569 | 0.0217 | 0.9366 | 0.9412 | 0.9262
0762 | 19:08:38 |  12.0s | 1.0e-04 | 0.0183 | 0.9535 | 0.9522 | 0.9554 | 0.0211 | 0.9468 | 0.9367 | 0.9339
0763 | 19:09:00 |  12.1s | 1.0e-04 | 0.0185 | 0.9527 | 0.9526 | 0.9550 | 0.0221 | 0.9395 | 0.9400 | 0.9285
0764 | 19:09:22 |  12.1s | 1.0e-04 | 0.0186 | 0.9500 | 0.9529 | 0.9523 | 0.0208 | 0.9414 | 0.9388 | 0.9306
0765 | 19:09:44 |  12.4s | 1.0e-04 | 0.0184 | 0.9540 | 0.9542 | 0.9577 | 0.0206 | 0.9405 | 0.9438 | 0.9334
0766 | 19:10:06 |  12.1s | 1.0e-04 | 0.0184 | 0.9508 | 0.9536 | 0.9539 | 0.0226 | 0.9354 | 0.9434 | 0.9270
0767 | 19:10:28 |  12.4s | 1.0e-04 | 0.0184 | 0.9532 | 0.9533 | 0.9555 | 0.0227 | 0.9262 | 0.9577 | 0.9339
0768 | 19:10:50 |  12.0s | 1.0e-04 | 0.0183 | 0.9516 | 0.9536 | 0.9547 | 0.0217 | 0.9376 | 0.9401 | 0.9281
0769 | 19:11:12 |  12.3s | 1.0e-04 | 0.0184 | 0.9521 | 0.9520 | 0.9542 | 0.0214 | 0.9418 | 0.9437 | 0.9353
0770 | 19:11:34 |  12.1s | 1.0e-04 | 0.0180 | 0.9538 | 0.9542 | 0.9575 | 0.0213 | 0.9386 | 0.9488 | 0.9376
0771 | 19:11:56 |  24.4s | 1.0e-04 | 0.0187 | 0.9510 | 0.9520 | 0.9528 | 0.0225 | 0.9392 | 0.9415 | 0.9315
0772 | 19:12:30 |  12.0s | 1.0e-04 | 0.0190 | 0.9499 | 0.9488 | 0.9488 | 0.0219 | 0.9334 | 0.9413 | 0.9244
0773 | 19:12:52 |  12.1s | 1.0e-04 | 0.0187 | 0.9481 | 0.9494 | 0.9474 | 0.0219 | 0.9350 | 0.9431 | 0.9285
0774 | 19:13:14 |  12.3s | 1.0e-04 | 0.0187 | 0.9500 | 0.9514 | 0.9513 | 0.0216 | 0.9311 | 0.9482 | 0.9296
0775 | 19:13:36 |  12.3s | 1.0e-04 | 0.0181 | 0.9526 | 0.9526 | 0.9549 | 0.0213 | 0.9534 | 0.9303 | 0.9409
0776 | 19:13:58 |  11.9s | 1.0e-04 | 0.0185 | 0.9490 | 0.9502 | 0.9492 | 0.0198 | 0.9409 | 0.9484 | 0.9392
0777 | 19:14:20 |  12.2s | 1.0e-04 | 0.0186 | 0.9500 | 0.9514 | 0.9512 | 0.0212 | 0.9325 | 0.9463 | 0.9295
0778 | 19:14:42 |  11.9s | 1.0e-04 | 0.0188 | 0.9503 | 0.9512 | 0.9512 | 0.0206 | 0.9416 | 0.9432 | 0.9341
0779 | 19:15:04 |  12.0s | 1.0e-04 | 0.0187 | 0.9508 | 0.9514 | 0.9519 | 0.0218 | 0.9440 | 0.9324 | 0.9299
0780 | 19:15:25 |  11.9s | 1.0e-04 | 0.0180 | 0.9519 | 0.9501 | 0.9519 | 0.0205 | 0.9426 | 0.9412 | 0.9345
0781 | 19:15:47 |  11.9s | 1.0e-04 | 0.0183 | 0.9508 | 0.9519 | 0.9522 | 0.0218 | 0.9290 | 0.9534 | 0.9337
0782 | 19:16:09 |  12.1s | 1.0e-04 | 0.0185 | 0.9485 | 0.9522 | 0.9506 | 0.0206 | 0.9447 | 0.9367 | 0.9281
0783 | 19:16:31 |  11.9s | 1.0e-04 | 0.0188 | 0.9502 | 0.9521 | 0.9517 | 0.0208 | 0.9369 | 0.9426 | 0.9292
0784 | 19:16:52 |  12.1s | 1.0e-04 | 0.0185 | 0.9496 | 0.9512 | 0.9507 | 0.0220 | 0.9420 | 0.9430 | 0.9321
0785 | 19:17:14 |  12.0s | 1.0e-04 | 0.0181 | 0.9509 | 0.9535 | 0.9540 | 0.0203 | 0.9411 | 0.9374 | 0.9295
0786 | 19:17:36 |  12.1s | 1.0e-04 | 0.0185 | 0.9491 | 0.9501 | 0.9492 | 0.0218 | 0.9367 | 0.9408 | 0.9274
0787 | 19:17:58 |  12.0s | 1.0e-04 | 0.0185 | 0.9513 | 0.9508 | 0.9516 | 0.0208 | 0.9466 | 0.9333 | 0.9316
0788 | 19:18:20 |  11.9s | 1.0e-04 | 0.0188 | 0.9491 | 0.9483 | 0.9478 | 0.0218 | 0.9451 | 0.9351 | 0.9289
0789 | 19:18:42 |  12.2s | 1.0e-04 | 0.0188 | 0.9502 | 0.9492 | 0.9495 | 0.0215 | 0.9405 | 0.9310 | 0.9227
0790 | 19:19:04 |  12.0s | 1.0e-04 | 0.0185 | 0.9510 | 0.9513 | 0.9516 | 0.0217 | 0.9357 | 0.9414 | 0.9268
0791 | 19:19:25 |  12.0s | 1.0e-04 | 0.0184 | 0.9516 | 0.9488 | 0.9506 | 0.0212 | 0.9353 | 0.9471 | 0.9300
0792 | 19:19:47 |  25.5s | 1.0e-04 | 0.0184 | 0.9519 | 0.9536 | 0.9542 | 0.0198 | 0.9437 | 0.9399 | 0.9350
0793 | 19:20:23 |  11.8s | 1.0e-04 | 0.0183 | 0.9533 | 0.9563 | 0.9590 | 0.0210 | 0.9379 | 0.9460 | 0.9342
0794 | 19:20:44 |  12.1s | 1.0e-04 | 0.0184 | 0.9535 | 0.9551 | 0.9578 | 0.0213 | 0.9320 | 0.9482 | 0.9301
0795 | 19:21:06 |  11.9s | 1.0e-04 | 0.0184 | 0.9519 | 0.9556 | 0.9567 | 0.0217 | 0.9342 | 0.9476 | 0.9311
0796 | 19:21:28 |  11.9s | 1.0e-04 | 0.0187 | 0.9534 | 0.9541 | 0.9573 | 0.0214 | 0.9301 | 0.9452 | 0.9244
0797 | 19:21:49 |  12.1s | 1.0e-04 | 0.0190 | 0.9527 | 0.9558 | 0.9576 | 0.0212 | 0.9404 | 0.9404 | 0.9320
0798 | 19:22:11 |  12.3s | 1.0e-04 | 0.0183 | 0.9539 | 0.9556 | 0.9583 | 0.0211 | 0.9481 | 0.9297 | 0.9279
0799 | 19:22:33 |  11.8s | 1.0e-04 | 0.0189 | 0.9537 | 0.9558 | 0.9581 | 0.0226 | 0.9431 | 0.9356 | 0.9303
0800 | 19:22:55 |  11.8s | 1.0e-04 | 0.0187 | 0.9527 | 0.9560 | 0.9578 | 0.0214 | 0.9469 | 0.9291 | 0.9238
0801 | 19:23:16 |  11.9s | 1.0e-04 | 0.0182 | 0.9539 | 0.9562 | 0.9595 | 0.0210 | 0.9413 | 0.9443 | 0.9364
0802 | 19:23:38 |  12.0s | 1.0e-04 | 0.0188 | 0.9548 | 0.9568 | 0.9605 | 0.0216 | 0.9431 | 0.9343 | 0.9259
0803 | 19:24:00 |  12.2s | 1.0e-04 | 0.0183 | 0.9547 | 0.9575 | 0.9611 | 0.0214 | 0.9376 | 0.9419 | 0.9316
0804 | 19:24:22 |  11.9s | 1.0e-04 | 0.0188 | 0.9545 | 0.9557 | 0.9597 | 0.0208 | 0.9427 | 0.9427 | 0.9344
0805 | 19:24:43 |  12.1s | 1.0e-04 | 0.0180 | 0.9563 | 0.9577 | 0.9624 | 0.0213 | 0.9330 | 0.9445 | 0.9257
0806 | 19:25:05 |  11.8s | 1.0e-04 | 0.0186 | 0.9530 | 0.9557 | 0.9576 | 0.0209 | 0.9465 | 0.9366 | 0.9354
0807 | 19:25:27 |  12.1s | 1.0e-04 | 0.0181 | 0.9541 | 0.9569 | 0.9594 | 0.0211 | 0.9405 | 0.9365 | 0.9266
0808 | 19:25:49 |  11.9s | 1.0e-04 | 0.0180 | 0.9548 | 0.9572 | 0.9610 | 0.0215 | 0.9414 | 0.9455 | 0.9363
0809 | 19:26:11 |  12.1s | 1.0e-04 | 0.0183 | 0.9551 | 0.9577 | 0.9610 | 0.0201 | 0.9425 | 0.9451 | 0.9385
0810 | 19:26:33 |  11.8s | 1.0e-04 | 0.0182 | 0.9526 | 0.9581 | 0.9588 | 0.0212 | 0.9387 | 0.9355 | 0.9265
0811 | 19:26:54 |  11.9s | 1.0e-04 | 0.0184 | 0.9568 | 0.9561 | 0.9618 | 0.0216 | 0.9429 | 0.9349 | 0.9258
0812 | 19:27:16 |  11.9s | 1.0e-04 | 0.0183 | 0.9539 | 0.9566 | 0.9592 | 0.0212 | 0.9361 | 0.9469 | 0.9305
0813 | 19:27:37 |  21.5s | 1.0e-04 | 0.0180 | 0.9534 | 0.9553 | 0.9584 | 0.0216 | 0.9302 | 0.9462 | 0.9254
0814 | 19:28:08 |  12.1s | 1.0e-04 | 0.0173 | 0.9537 | 0.9543 | 0.9572 | 0.0206 | 0.9399 | 0.9417 | 0.9311
0815 | 19:28:30 |  12.4s | 1.0e-04 | 0.0173 | 0.9538 | 0.9554 | 0.9588 | 0.0207 | 0.9384 | 0.9421 | 0.9304
0816 | 19:28:52 |  12.6s | 1.0e-04 | 0.0169 | 0.9560 | 0.9547 | 0.9591 | 0.0210 | 0.9339 | 0.9442 | 0.9281
0817 | 19:29:14 |  12.1s | 1.0e-04 | 0.0173 | 0.9530 | 0.9550 | 0.9574 | 0.0214 | 0.9395 | 0.9419 | 0.9304
0818 | 19:29:36 |  12.1s | 1.0e-04 | 0.0170 | 0.9529 | 0.9575 | 0.9596 | 0.0207 | 0.9370 | 0.9430 | 0.9307
0819 | 19:29:58 |  12.9s | 1.0e-04 | 0.0174 | 0.9528 | 0.9553 | 0.9569 | 0.0204 | 0.9410 | 0.9445 | 0.9356
0820 | 19:30:20 |  12.1s | 1.0e-04 | 0.0174 | 0.9538 | 0.9553 | 0.9579 | 0.0219 | 0.9349 | 0.9456 | 0.9289
0821 | 19:30:42 |  12.5s | 1.0e-04 | 0.0175 | 0.9532 | 0.9540 | 0.9567 | 0.0218 | 0.9362 | 0.9442 | 0.9295
0822 | 19:31:04 |  12.4s | 1.0e-04 | 0.0175 | 0.9536 | 0.9569 | 0.9582 | 0.0213 | 0.9380 | 0.9414 | 0.9286
0823 | 19:31:26 |  12.2s | 1.0e-04 | 0.0174 | 0.9536 | 0.9567 | 0.9596 | 0.0221 | 0.9365 | 0.9360 | 0.9226
0824 | 19:31:48 |  12.0s | 1.0e-04 | 0.0171 | 0.9543 | 0.9562 | 0.9594 | 0.0217 | 0.9498 | 0.9325 | 0.9343
0825 | 19:32:10 |  12.1s | 1.0e-04 | 0.0179 | 0.9522 | 0.9537 | 0.9548 | 0.0207 | 0.9384 | 0.9413 | 0.9292
0826 | 19:32:31 |  12.0s | 1.0e-04 | 0.0176 | 0.9520 | 0.9559 | 0.9570 | 0.0223 | 0.9422 | 0.9385 | 0.9311
0827 | 19:32:53 |  12.3s | 1.0e-04 | 0.0175 | 0.9538 | 0.9541 | 0.9577 | 0.0207 | 0.9428 | 0.9406 | 0.9325
0828 | 19:33:15 |  12.1s | 1.0e-04 | 0.0171 | 0.9551 | 0.9564 | 0.9609 | 0.0207 | 0.9498 | 0.9363 | 0.9378
0829 | 19:33:37 |  12.2s | 1.0e-04 | 0.0173 | 0.9535 | 0.9559 | 0.9588 | 0.0206 | 0.9359 | 0.9414 | 0.9271
0830 | 19:33:58 |  12.2s | 1.0e-04 | 0.0173 | 0.9536 | 0.9555 | 0.9580 | 0.0215 | 0.9339 | 0.9465 | 0.9302
0831 | 19:34:20 |  12.3s | 1.0e-04 | 0.0171 | 0.9531 | 0.9535 | 0.9573 | 0.0210 | 0.9399 | 0.9456 | 0.9366
0832 | 19:34:42 |  12.1s | 1.0e-04 | 0.0172 | 0.9522 | 0.9560 | 0.9566 | 0.0215 | 0.9432 | 0.9421 | 0.9355
0833 | 19:35:04 |  12.5s | 1.0e-04 | 0.0174 | 0.9525 | 0.9531 | 0.9557 | 0.0214 | 0.9405 | 0.9430 | 0.9342
0834 | 19:35:26 |  23.2s | 1.0e-04 | 0.0182 | 0.9534 | 0.9566 | 0.9586 | 0.0206 | 0.9348 | 0.9479 | 0.9320
0835 | 19:35:59 |  12.1s | 1.0e-04 | 0.0183 | 0.9533 | 0.9551 | 0.9577 | 0.0212 | 0.9279 | 0.9481 | 0.9261
0836 | 19:36:20 |  12.2s | 1.0e-04 | 0.0184 | 0.9528 | 0.9563 | 0.9574 | 0.0221 | 0.9401 | 0.9281 | 0.9189
0837 | 19:36:42 |  12.4s | 1.0e-04 | 0.0189 | 0.9523 | 0.9561 | 0.9570 | 0.0205 | 0.9525 | 0.9331 | 0.9383
0838 | 19:37:04 |  12.1s | 1.0e-04 | 0.0187 | 0.9533 | 0.9550 | 0.9572 | 0.0218 | 0.9373 | 0.9417 | 0.9309
0839 | 19:37:26 |  12.0s | 1.0e-04 | 0.0188 | 0.9526 | 0.9553 | 0.9567 | 0.0200 | 0.9374 | 0.9479 | 0.9342
0840 | 19:37:47 |  12.6s | 1.0e-04 | 0.0188 | 0.9522 | 0.9565 | 0.9579 | 0.0221 | 0.9425 | 0.9385 | 0.9325
0841 | 19:38:10 |  11.9s | 1.0e-04 | 0.0183 | 0.9546 | 0.9551 | 0.9583 | 0.0211 | 0.9339 | 0.9539 | 0.9382
0842 | 19:38:31 |  12.2s | 1.0e-04 | 0.0185 | 0.9529 | 0.9555 | 0.9573 | 0.0210 | 0.9431 | 0.9405 | 0.9334
0843 | 19:38:53 |  12.0s | 1.0e-04 | 0.0186 | 0.9528 | 0.9555 | 0.9566 | 0.0218 | 0.9317 | 0.9452 | 0.9279
0844 | 19:39:14 |  12.2s | 1.0e-04 | 0.0186 | 0.9531 | 0.9553 | 0.9572 | 0.0214 | 0.9358 | 0.9447 | 0.9301
0845 | 19:39:36 |  12.2s | 1.0e-04 | 0.0188 | 0.9519 | 0.9541 | 0.9554 | 0.0215 | 0.9338 | 0.9454 | 0.9292
0846 | 19:39:58 |  12.1s | 1.0e-04 | 0.0186 | 0.9534 | 0.9540 | 0.9565 | 0.0214 | 0.9404 | 0.9417 | 0.9301
0847 | 19:40:20 |  12.2s | 1.0e-04 | 0.0185 | 0.9550 | 0.9563 | 0.9595 | 0.0211 | 0.9364 | 0.9457 | 0.9317
0848 | 19:40:42 |  12.1s | 1.0e-04 | 0.0185 | 0.9539 | 0.9555 | 0.9588 | 0.0214 | 0.9377 | 0.9427 | 0.9301
0849 | 19:41:03 |  12.1s | 1.0e-04 | 0.0186 | 0.9541 | 0.9565 | 0.9592 | 0.0206 | 0.9403 | 0.9408 | 0.9289
0850 | 19:41:25 |  12.3s | 1.0e-04 | 0.0187 | 0.9524 | 0.9564 | 0.9576 | 0.0217 | 0.9355 | 0.9479 | 0.9326
0851 | 19:41:47 |  12.4s | 1.0e-04 | 0.0182 | 0.9537 | 0.9565 | 0.9597 | 0.0203 | 0.9432 | 0.9427 | 0.9353
0852 | 19:42:09 |  12.2s | 1.0e-04 | 0.0186 | 0.9525 | 0.9566 | 0.9578 | 0.0220 | 0.9366 | 0.9349 | 0.9236
0853 | 19:42:31 |  12.2s | 1.0e-04 | 0.0184 | 0.9531 | 0.9536 | 0.9568 | 0.0216 | 0.9436 | 0.9389 | 0.9349
0854 | 19:42:53 |  12.0s | 1.0e-04 | 0.0187 | 0.9527 | 0.9570 | 0.9583 | 0.0222 | 0.9390 | 0.9405 | 0.9278
0855 | 19:43:14 |  22.0s | 1.0e-04 | 0.0176 | 0.9557 | 0.9566 | 0.9604 | 0.0210 | 0.9472 | 0.9360 | 0.9339
0856 | 19:43:46 |  12.1s | 1.0e-04 | 0.0174 | 0.9550 | 0.9596 | 0.9624 | 0.0205 | 0.9402 | 0.9407 | 0.9324
0857 | 19:44:07 |  12.1s | 1.0e-04 | 0.0177 | 0.9540 | 0.9571 | 0.9590 | 0.0220 | 0.9361 | 0.9379 | 0.9220
0858 | 19:44:29 |  12.0s | 1.0e-04 | 0.0176 | 0.9533 | 0.9583 | 0.9604 | 0.0203 | 0.9348 | 0.9506 | 0.9355
0859 | 19:44:50 |  12.2s | 1.0e-04 | 0.0180 | 0.9539 | 0.9565 | 0.9593 | 0.0209 | 0.9481 | 0.9350 | 0.9356
0860 | 19:45:12 |  12.1s | 1.0e-04 | 0.0174 | 0.9564 | 0.9574 | 0.9619 | 0.0206 | 0.9376 | 0.9407 | 0.9266
0861 | 19:45:34 |  12.1s | 1.0e-04 | 0.0174 | 0.9558 | 0.9572 | 0.9618 | 0.0211 | 0.9425 | 0.9363 | 0.9282
0862 | 19:45:56 |  12.1s | 1.0e-04 | 0.0170 | 0.9561 | 0.9569 | 0.9611 | 0.0209 | 0.9405 | 0.9389 | 0.9288
0863 | 19:46:17 |  12.0s | 1.0e-04 | 0.0171 | 0.9557 | 0.9581 | 0.9618 | 0.0216 | 0.9368 | 0.9372 | 0.9243
0864 | 19:46:39 |  12.0s | 1.0e-04 | 0.0169 | 0.9574 | 0.9589 | 0.9645 | 0.0223 | 0.9330 | 0.9468 | 0.9302
0865 | 19:47:00 |  12.0s | 1.0e-04 | 0.0173 | 0.9545 | 0.9572 | 0.9610 | 0.0213 | 0.9363 | 0.9458 | 0.9314
0866 | 19:47:22 |  12.1s | 1.0e-04 | 0.0179 | 0.9559 | 0.9581 | 0.9625 | 0.0219 | 0.9393 | 0.9346 | 0.9218
0867 | 19:47:44 |  12.1s | 1.0e-04 | 0.0173 | 0.9557 | 0.9595 | 0.9629 | 0.0225 | 0.9452 | 0.9307 | 0.9269
0868 | 19:48:05 |  11.9s | 1.0e-04 | 0.0176 | 0.9544 | 0.9578 | 0.9605 | 0.0209 | 0.9349 | 0.9430 | 0.9288
0869 | 19:48:27 |  11.9s | 1.0e-04 | 0.0175 | 0.9556 | 0.9570 | 0.9617 | 0.0213 | 0.9402 | 0.9424 | 0.9324
0870 | 19:48:48 |  12.0s | 1.0e-04 | 0.0173 | 0.9544 | 0.9582 | 0.9606 | 0.0211 | 0.9416 | 0.9353 | 0.9262
0871 | 19:49:10 |  12.0s | 1.0e-04 | 0.0178 | 0.9541 | 0.9591 | 0.9610 | 0.0214 | 0.9330 | 0.9501 | 0.9333
0872 | 19:49:31 |  12.4s | 1.0e-04 | 0.0173 | 0.9560 | 0.9592 | 0.9623 | 0.0211 | 0.9412 | 0.9461 | 0.9370
0873 | 19:49:53 |  12.0s | 1.0e-04 | 0.0174 | 0.9545 | 0.9582 | 0.9618 | 0.0209 | 0.9434 | 0.9345 | 0.9290
0874 | 19:50:14 |  12.0s | 1.0e-04 | 0.0179 | 0.9541 | 0.9569 | 0.9602 | 0.0218 | 0.9386 | 0.9461 | 0.9355
0875 | 19:50:36 |  12.7s | 1.0e-04 | 0.0173 | 0.9558 | 0.9594 | 0.9630 | 0.0217 | 0.9423 | 0.9413 | 0.9322
0876 | 19:50:59 |  17.1s | 1.0e-04 | 0.0175 | 0.9543 | 0.9550 | 0.9579 | 0.0209 | 0.9413 | 0.9386 | 0.9300
0877 | 19:51:25 |  12.3s | 1.0e-04 | 0.0181 | 0.9530 | 0.9560 | 0.9580 | 0.0209 | 0.9427 | 0.9414 | 0.9318
0878 | 19:51:47 |  12.5s | 1.0e-04 | 0.0180 | 0.9531 | 0.9552 | 0.9571 | 0.0210 | 0.9432 | 0.9395 | 0.9329
0879 | 19:52:09 |  12.1s | 1.0e-04 | 0.0183 | 0.9530 | 0.9542 | 0.9565 | 0.0212 | 0.9457 | 0.9417 | 0.9358
0880 | 19:52:31 |  12.0s | 1.0e-04 | 0.0174 | 0.9538 | 0.9584 | 0.9599 | 0.0222 | 0.9382 | 0.9402 | 0.9259
0881 | 19:52:52 |  12.4s | 1.0e-04 | 0.0178 | 0.9536 | 0.9570 | 0.9591 | 0.0219 | 0.9313 | 0.9448 | 0.9267
0882 | 19:53:14 |  12.2s | 1.0e-04 | 0.0181 | 0.9531 | 0.9559 | 0.9585 | 0.0204 | 0.9424 | 0.9381 | 0.9304
0883 | 19:53:36 |  12.2s | 1.0e-04 | 0.0180 | 0.9533 | 0.9579 | 0.9593 | 0.0213 | 0.9391 | 0.9425 | 0.9304
0884 | 19:53:58 |  12.4s | 1.0e-04 | 0.0176 | 0.9540 | 0.9565 | 0.9591 | 0.0209 | 0.9377 | 0.9453 | 0.9309
0885 | 19:54:20 |  12.1s | 1.0e-04 | 0.0182 | 0.9515 | 0.9557 | 0.9566 | 0.0207 | 0.9422 | 0.9430 | 0.9339
0886 | 19:54:42 |  12.2s | 1.0e-04 | 0.0182 | 0.9525 | 0.9560 | 0.9572 | 0.0214 | 0.9441 | 0.9348 | 0.9276
0887 | 19:55:03 |  12.1s | 1.0e-04 | 0.0180 | 0.9532 | 0.9569 | 0.9589 | 0.0220 | 0.9353 | 0.9464 | 0.9303
0888 | 19:55:25 |  12.1s | 1.0e-04 | 0.0184 | 0.9511 | 0.9536 | 0.9542 | 0.0210 | 0.9435 | 0.9363 | 0.9297
0889 | 19:55:46 |  12.4s | 1.0e-04 | 0.0175 | 0.9534 | 0.9568 | 0.9587 | 0.0212 | 0.9369 | 0.9429 | 0.9290
0890 | 19:56:08 |  12.1s | 1.0e-04 | 0.0182 | 0.9531 | 0.9535 | 0.9563 | 0.0216 | 0.9540 | 0.9217 | 0.9268
0891 | 19:56:30 |  12.0s | 1.0e-04 | 0.0176 | 0.9548 | 0.9572 | 0.9600 | 0.0218 | 0.9464 | 0.9249 | 0.9250
0892 | 19:56:52 |  12.0s | 1.0e-04 | 0.0177 | 0.9530 | 0.9545 | 0.9576 | 0.0214 | 0.9357 | 0.9455 | 0.9313
0893 | 19:57:13 |  12.2s | 1.0e-04 | 0.0177 | 0.9526 | 0.9545 | 0.9569 | 0.0214 | 0.9325 | 0.9614 | 0.9446
0894 | 19:57:35 |  12.4s | 1.0e-04 | 0.0182 | 0.9519 | 0.9550 | 0.9567 | 0.0223 | 0.9308 | 0.9486 | 0.9289
0895 | 19:57:57 |  12.1s | 1.0e-04 | 0.0177 | 0.9534 | 0.9556 | 0.9580 | 0.0215 | 0.9378 | 0.9380 | 0.9264
0896 | 19:58:18 |  21.7s | 1.0e-04 | 0.0173 | 0.9550 | 0.9577 | 0.9609 | 0.0192 | 0.9468 | 0.9407 | 0.9369
0897 | 19:58:49 |  12.1s | 1.0e-04 | 0.0178 | 0.9530 | 0.9567 | 0.9582 | 0.0207 | 0.9444 | 0.9404 | 0.9342
0898 | 19:59:11 |  12.1s | 1.0e-04 | 0.0171 | 0.9558 | 0.9582 | 0.9626 | 0.0215 | 0.9419 | 0.9400 | 0.9297
0899 | 19:59:32 |  12.5s | 1.0e-04 | 0.0174 | 0.9558 | 0.9575 | 0.9612 | 0.0203 | 0.9441 | 0.9456 | 0.9396
0900 | 19:59:54 |  11.9s | 1.0e-04 | 0.0172 | 0.9558 | 0.9584 | 0.9620 | 0.0212 | 0.9442 | 0.9443 | 0.9370
0901 | 20:00:16 |  12.0s | 1.0e-04 | 0.0180 | 0.9541 | 0.9577 | 0.9590 | 0.0210 | 0.9491 | 0.9359 | 0.9382
0902 | 20:00:37 |  12.3s | 1.0e-04 | 0.0179 | 0.9552 | 0.9581 | 0.9609 | 0.0213 | 0.9402 | 0.9366 | 0.9251
0903 | 20:00:59 |  12.1s | 1.0e-04 | 0.0175 | 0.9549 | 0.9580 | 0.9615 | 0.0205 | 0.9438 | 0.9433 | 0.9388
0904 | 20:01:21 |  12.3s | 1.0e-04 | 0.0173 | 0.9546 | 0.9585 | 0.9611 | 0.0213 | 0.9459 | 0.9344 | 0.9318
0905 | 20:01:42 |  12.3s | 1.0e-04 | 0.0179 | 0.9545 | 0.9572 | 0.9603 | 0.0227 | 0.9225 | 0.9537 | 0.9266
0906 | 20:02:04 |  12.0s | 1.0e-04 | 0.0176 | 0.9544 | 0.9577 | 0.9604 | 0.0216 | 0.9370 | 0.9501 | 0.9373
0907 | 20:02:26 |  12.3s | 1.0e-04 | 0.0170 | 0.9538 | 0.9594 | 0.9609 | 0.0225 | 0.9391 | 0.9402 | 0.9291
0908 | 20:02:47 |  11.9s | 1.0e-04 | 0.0172 | 0.9539 | 0.9587 | 0.9610 | 0.0217 | 0.9318 | 0.9470 | 0.9287
0909 | 20:03:09 |  12.4s | 1.0e-04 | 0.0174 | 0.9545 | 0.9584 | 0.9617 | 0.0211 | 0.9361 | 0.9502 | 0.9362
0910 | 20:03:31 |  12.0s | 1.0e-04 | 0.0177 | 0.9533 | 0.9557 | 0.9585 | 0.0213 | 0.9383 | 0.9408 | 0.9302
0911 | 20:03:52 |  12.0s | 1.0e-04 | 0.0177 | 0.9545 | 0.9587 | 0.9613 | 0.0207 | 0.9426 | 0.9377 | 0.9325
0912 | 20:04:13 |  12.0s | 1.0e-04 | 0.0178 | 0.9541 | 0.9571 | 0.9601 | 0.0216 | 0.9359 | 0.9436 | 0.9318
0913 | 20:04:35 |  11.9s | 1.0e-04 | 0.0175 | 0.9549 | 0.9575 | 0.9611 | 0.0217 | 0.9403 | 0.9410 | 0.9291
0914 | 20:04:56 |  12.2s | 1.0e-04 | 0.0174 | 0.9549 | 0.9569 | 0.9606 | 0.0203 | 0.9442 | 0.9328 | 0.9304
0915 | 20:05:18 |  12.4s | 1.0e-04 | 0.0179 | 0.9533 | 0.9568 | 0.9588 | 0.0213 | 0.9390 | 0.9440 | 0.9328
0916 | 20:05:40 |  12.0s | 1.0e-04 | 0.0174 | 0.9551 | 0.9581 | 0.9614 | 0.0225 | 0.9430 | 0.9401 | 0.9350
0917 | 20:06:01 |  24.1s | 1.0e-04 | 0.0179 | 0.9539 | 0.9569 | 0.9597 | 0.0207 | 0.9420 | 0.9372 | 0.9297
0918 | 20:06:35 |  12.3s | 1.0e-04 | 0.0181 | 0.9538 | 0.9567 | 0.9592 | 0.0217 | 0.9279 | 0.9496 | 0.9269
0919 | 20:06:56 |  12.0s | 1.0e-04 | 0.0180 | 0.9541 | 0.9583 | 0.9607 | 0.0202 | 0.9400 | 0.9421 | 0.9322
0920 | 20:07:18 |  11.9s | 1.0e-04 | 0.0184 | 0.9534 | 0.9560 | 0.9586 | 0.0215 | 0.9416 | 0.9448 | 0.9345
0921 | 20:07:39 |  11.9s | 1.0e-04 | 0.0183 | 0.9536 | 0.9548 | 0.9579 | 0.0211 | 0.9392 | 0.9440 | 0.9337
0922 | 20:08:01 |  11.9s | 1.0e-04 | 0.0180 | 0.9545 | 0.9553 | 0.9587 | 0.0207 | 0.9390 | 0.9407 | 0.9285
0923 | 20:08:22 |  12.0s | 1.0e-04 | 0.0182 | 0.9527 | 0.9573 | 0.9582 | 0.0202 | 0.9455 | 0.9424 | 0.9371
0924 | 20:08:44 |  11.9s | 1.0e-04 | 0.0182 | 0.9530 | 0.9565 | 0.9573 | 0.0218 | 0.9401 | 0.9447 | 0.9341
0925 | 20:09:05 |  12.4s | 1.0e-04 | 0.0183 | 0.9531 | 0.9572 | 0.9588 | 0.0217 | 0.9425 | 0.9317 | 0.9265
0926 | 20:09:27 |  12.4s | 1.0e-04 | 0.0183 | 0.9550 | 0.9563 | 0.9594 | 0.0213 | 0.9351 | 0.9459 | 0.9315
0927 | 20:09:49 |  12.1s | 1.0e-04 | 0.0183 | 0.9539 | 0.9568 | 0.9592 | 0.0213 | 0.9345 | 0.9469 | 0.9305
0928 | 20:10:10 |  11.9s | 1.0e-04 | 0.0178 | 0.9554 | 0.9587 | 0.9617 | 0.0230 | 0.9367 | 0.9387 | 0.9262
0929 | 20:10:32 |  12.4s | 1.0e-04 | 0.0181 | 0.9538 | 0.9580 | 0.9599 | 0.0206 | 0.9441 | 0.9406 | 0.9300
0930 | 20:10:54 |  11.9s | 1.0e-04 | 0.0181 | 0.9526 | 0.9569 | 0.9585 | 0.0208 | 0.9348 | 0.9467 | 0.9303
0931 | 20:11:15 |  12.0s | 1.0e-04 | 0.0186 | 0.9545 | 0.9554 | 0.9587 | 0.0213 | 0.9319 | 0.9547 | 0.9379
0932 | 20:11:37 |  12.7s | 1.0e-04 | 0.0183 | 0.9537 | 0.9566 | 0.9583 | 0.0219 | 0.9385 | 0.9309 | 0.9168
0933 | 20:11:59 |  11.9s | 1.0e-04 | 0.0180 | 0.9541 | 0.9586 | 0.9610 | 0.0200 | 0.9459 | 0.9434 | 0.9400
0934 | 20:12:20 |  12.1s | 1.0e-04 | 0.0180 | 0.9553 | 0.9561 | 0.9599 | 0.0219 | 0.9391 | 0.9416 | 0.9290
0935 | 20:12:42 |  12.1s | 1.0e-04 | 0.0178 | 0.9551 | 0.9591 | 0.9621 | 0.0198 | 0.9405 | 0.9406 | 0.9312
0936 | 20:13:03 |  12.0s | 1.0e-04 | 0.0182 | 0.9546 | 0.9572 | 0.9607 | 0.0216 | 0.9371 | 0.9359 | 0.9244
0937 | 20:13:25 |  11.9s | 1.0e-04 | 0.0175 | 0.9549 | 0.9576 | 0.9605 | 0.0226 | 0.9465 | 0.9320 | 0.9257
0938 | 20:13:46 |  25.2s | 1.0e-04 | 0.0178 | 0.9536 | 0.9564 | 0.9596 | 0.0217 | 0.9342 | 0.9492 | 0.9334
0939 | 20:14:21 |  12.0s | 1.0e-04 | 0.0174 | 0.9547 | 0.9571 | 0.9601 | 0.0212 | 0.9342 | 0.9487 | 0.9329
0940 | 20:14:42 |  11.7s | 1.0e-04 | 0.0180 | 0.9542 | 0.9562 | 0.9585 | 0.0213 | 0.9368 | 0.9441 | 0.9285
0941 | 20:15:04 |  11.7s | 1.0e-04 | 0.0179 | 0.9531 | 0.9553 | 0.9580 | 0.0217 | 0.9426 | 0.9446 | 0.9378
0942 | 20:15:25 |  11.8s | 1.0e-04 | 0.0174 | 0.9539 | 0.9583 | 0.9608 | 0.0211 | 0.9415 | 0.9462 | 0.9370
0943 | 20:15:46 |  11.8s | 1.0e-04 | 0.0180 | 0.9525 | 0.9561 | 0.9579 | 0.0216 | 0.9395 | 0.9458 | 0.9341
0944 | 20:16:07 |  11.7s | 1.0e-04 | 0.0175 | 0.9552 | 0.9559 | 0.9604 | 0.0223 | 0.9376 | 0.9463 | 0.9344
0945 | 20:16:28 |  11.8s | 1.0e-04 | 0.0175 | 0.9547 | 0.9576 | 0.9612 | 0.0214 | 0.9404 | 0.9424 | 0.9318
0946 | 20:16:49 |  11.7s | 1.0e-04 | 0.0174 | 0.9544 | 0.9578 | 0.9611 | 0.0228 | 0.9349 | 0.9435 | 0.9289
0947 | 20:17:11 |  12.2s | 1.0e-04 | 0.0173 | 0.9542 | 0.9569 | 0.9606 | 0.0206 | 0.9329 | 0.9459 | 0.9280
0948 | 20:17:32 |  12.0s | 1.0e-04 | 0.0172 | 0.9538 | 0.9568 | 0.9591 | 0.0207 | 0.9367 | 0.9447 | 0.9325
0949 | 20:17:54 |  11.7s | 1.0e-04 | 0.0174 | 0.9560 | 0.9559 | 0.9612 | 0.0206 | 0.9377 | 0.9429 | 0.9306
0950 | 20:18:15 |  11.9s | 1.0e-04 | 0.0174 | 0.9538 | 0.9565 | 0.9591 | 0.0217 | 0.9354 | 0.9502 | 0.9358
0951 | 20:18:36 |  11.7s | 1.0e-04 | 0.0176 | 0.9550 | 0.9578 | 0.9609 | 0.0207 | 0.9467 | 0.9412 | 0.9348
0952 | 20:18:57 |  11.8s | 1.0e-04 | 0.0173 | 0.9559 | 0.9551 | 0.9601 | 0.0218 | 0.9357 | 0.9467 | 0.9317
0953 | 20:19:19 |  11.7s | 1.0e-04 | 0.0178 | 0.9538 | 0.9547 | 0.9577 | 0.0209 | 0.9435 | 0.9434 | 0.9360
0954 | 20:19:40 |  11.7s | 1.0e-04 | 0.0174 | 0.9548 | 0.9578 | 0.9607 | 0.0217 | 0.9391 | 0.9453 | 0.9326
0955 | 20:20:01 |  11.7s | 1.0e-04 | 0.0174 | 0.9546 | 0.9578 | 0.9604 | 0.0216 | 0.9487 | 0.9334 | 0.9307
0956 | 20:20:22 |  12.0s | 1.0e-04 | 0.0176 | 0.9529 | 0.9573 | 0.9591 | 0.0211 | 0.9274 | 0.9523 | 0.9299
0957 | 20:20:44 |  11.7s | 1.0e-04 | 0.0171 | 0.9552 | 0.9585 | 0.9617 | 0.0215 | 0.9464 | 0.9419 | 0.9377
0958 | 20:21:05 |  11.7s | 1.0e-04 | 0.0176 | 0.9536 | 0.9567 | 0.9588 | 0.0212 | 0.9357 | 0.9404 | 0.9273
0959 | 20:21:26 |  21.4s | 1.0e-04 | 0.0169 | 0.9557 | 0.9580 | 0.9614 | 0.0217 | 0.9342 | 0.9464 | 0.9298
0960 | 20:21:57 |  12.1s | 1.0e-04 | 0.0171 | 0.9551 | 0.9570 | 0.9606 | 0.0217 | 0.9342 | 0.9471 | 0.9297
0961 | 20:22:19 |  11.9s | 1.0e-04 | 0.0170 | 0.9551 | 0.9559 | 0.9605 | 0.0208 | 0.9425 | 0.9404 | 0.9318
0962 | 20:22:40 |  12.1s | 1.0e-04 | 0.0167 | 0.9555 | 0.9562 | 0.9612 | 0.0218 | 0.9480 | 0.9243 | 0.9185
0963 | 20:23:02 |  12.4s | 1.0e-04 | 0.0173 | 0.9537 | 0.9562 | 0.9587 | 0.0222 | 0.9496 | 0.9312 | 0.9325
0964 | 20:23:23 |  12.0s | 1.0e-04 | 0.0169 | 0.9558 | 0.9565 | 0.9608 | 0.0207 | 0.9479 | 0.9344 | 0.9357
0965 | 20:23:45 |  12.0s | 1.0e-04 | 0.0167 | 0.9551 | 0.9563 | 0.9603 | 0.0210 | 0.9331 | 0.9524 | 0.9352
0966 | 20:24:06 |  11.9s | 1.0e-04 | 0.0169 | 0.9553 | 0.9570 | 0.9608 | 0.0203 | 0.9503 | 0.9363 | 0.9388
0967 | 20:24:28 |  12.1s | 1.0e-04 | 0.0171 | 0.9549 | 0.9572 | 0.9606 | 0.0215 | 0.9486 | 0.9316 | 0.9350
0968 | 20:24:50 |  11.9s | 1.0e-04 | 0.0168 | 0.9534 | 0.9583 | 0.9597 | 0.0215 | 0.9408 | 0.9361 | 0.9290
0969 | 20:25:11 |  12.4s | 1.0e-04 | 0.0164 | 0.9552 | 0.9579 | 0.9622 | 0.0207 | 0.9406 | 0.9471 | 0.9368
0970 | 20:25:33 |  12.2s | 1.0e-04 | 0.0170 | 0.9565 | 0.9559 | 0.9618 | 0.0205 | 0.9390 | 0.9409 | 0.9288
0971 | 20:25:55 |  12.1s | 1.0e-04 | 0.0170 | 0.9563 | 0.9561 | 0.9609 | 0.0200 | 0.9416 | 0.9453 | 0.9348
0972 | 20:26:16 |  12.0s | 1.0e-04 | 0.0170 | 0.9542 | 0.9566 | 0.9591 | 0.0216 | 0.9449 | 0.9359 | 0.9312
0973 | 20:26:38 |  11.9s | 1.0e-04 | 0.0160 | 0.9551 | 0.9598 | 0.9632 | 0.0204 | 0.9347 | 0.9501 | 0.9346
0974 | 20:26:59 |  12.2s | 1.0e-04 | 0.0166 | 0.9546 | 0.9591 | 0.9616 | 0.0211 | 0.9512 | 0.9298 | 0.9327
0975 | 20:27:21 |  11.9s | 1.0e-04 | 0.0173 | 0.9533 | 0.9550 | 0.9574 | 0.0206 | 0.9389 | 0.9434 | 0.9316
0976 | 20:27:42 |  12.6s | 1.0e-04 | 0.0169 | 0.9549 | 0.9578 | 0.9607 | 0.0214 | 0.9360 | 0.9411 | 0.9258
0977 | 20:28:04 |  11.9s | 1.0e-04 | 0.0166 | 0.9561 | 0.9588 | 0.9627 | 0.0220 | 0.9267 | 0.9502 | 0.9270
0978 | 20:28:25 |  11.9s | 1.0e-04 | 0.0169 | 0.9540 | 0.9578 | 0.9600 | 0.0203 | 0.9446 | 0.9438 | 0.9385
0979 | 20:28:47 |  12.8s | 1.0e-04 | 0.0164 | 0.9549 | 0.9583 | 0.9617 | 0.0213 | 0.9428 | 0.9318 | 0.9243
0980 | 20:29:09 |  23.2s | 1.0e-04 | 0.0183 | 0.9543 | 0.9552 | 0.9587 | 0.0206 | 0.9446 | 0.9464 | 0.9396
0981 | 20:29:42 |  11.9s | 1.0e-04 | 0.0189 | 0.9510 | 0.9545 | 0.9549 | 0.0210 | 0.9390 | 0.9448 | 0.9322
0982 | 20:30:03 |  12.0s | 1.0e-04 | 0.0188 | 0.9533 | 0.9552 | 0.9576 | 0.0215 | 0.9241 | 0.9511 | 0.9256
0983 | 20:30:25 |  12.0s | 1.0e-04 | 0.0183 | 0.9526 | 0.9568 | 0.9583 | 0.0210 | 0.9418 | 0.9403 | 0.9306
0984 | 20:30:46 |  12.0s | 1.0e-04 | 0.0190 | 0.9533 | 0.9529 | 0.9555 | 0.0196 | 0.9444 | 0.9441 | 0.9387
0985 | 20:31:07 |  12.1s | 1.0e-04 | 0.0192 | 0.9542 | 0.9544 | 0.9581 | 0.0204 | 0.9403 | 0.9461 | 0.9358
0986 | 20:31:29 |  12.0s | 1.0e-04 | 0.0181 | 0.9538 | 0.9550 | 0.9581 | 0.0209 | 0.9354 | 0.9421 | 0.9279
0987 | 20:31:50 |  12.0s | 1.0e-04 | 0.0186 | 0.9514 | 0.9546 | 0.9555 | 0.0223 | 0.9409 | 0.9394 | 0.9266
0988 | 20:32:12 |  12.0s | 1.0e-04 | 0.0178 | 0.9542 | 0.9576 | 0.9593 | 0.0211 | 0.9442 | 0.9388 | 0.9339
0989 | 20:32:33 |  12.2s | 1.0e-04 | 0.0183 | 0.9521 | 0.9566 | 0.9577 | 0.0202 | 0.9382 | 0.9447 | 0.9325
0990 | 20:32:55 |  12.0s | 1.0e-04 | 0.0183 | 0.9533 | 0.9553 | 0.9577 | 0.0207 | 0.9419 | 0.9437 | 0.9326
0991 | 20:33:16 |  12.0s | 1.0e-04 | 0.0179 | 0.9527 | 0.9576 | 0.9589 | 0.0212 | 0.9355 | 0.9509 | 0.9364
0992 | 20:33:38 |  12.0s | 1.0e-04 | 0.0181 | 0.9540 | 0.9560 | 0.9586 | 0.0210 | 0.9402 | 0.9460 | 0.9360
0993 | 20:33:59 |  12.7s | 1.0e-04 | 0.0181 | 0.9542 | 0.9557 | 0.9589 | 0.0209 | 0.9466 | 0.9336 | 0.9332
0994 | 20:34:21 |  12.0s | 1.0e-04 | 0.0186 | 0.9532 | 0.9554 | 0.9581 | 0.0205 | 0.9461 | 0.9433 | 0.9409
0995 | 20:34:43 |  12.2s | 1.0e-04 | 0.0180 | 0.9541 | 0.9568 | 0.9598 | 0.0211 | 0.9440 | 0.9445 | 0.9373
0996 | 20:35:04 |  12.0s | 1.0e-04 | 0.0196 | 0.9521 | 0.9530 | 0.9544 | 0.0204 | 0.9376 | 0.9461 | 0.9330
0997 | 20:35:26 |  11.9s | 1.0e-04 | 0.0190 | 0.9529 | 0.9547 | 0.9566 | 0.0211 | 0.9430 | 0.9331 | 0.9268
0998 | 20:35:47 |  12.0s | 1.0e-04 | 0.0181 | 0.9542 | 0.9561 | 0.9589 | 0.0214 | 0.9423 | 0.9398 | 0.9317
0999 | 20:36:09 |  19.5s | 1.0e-04 | 0.0187 | 0.9518 | 0.9540 | 0.9550 | 0.0202 | 0.9425 | 0.9462 | 0.9383
1000 | 20:36:37 |  12.7s | 1.0e-04 | 0.0178 | 0.9529 | 0.9546 | 0.9574 | 0.0208 | 0.9443 | 0.9371 | 0.9298
