2026/03/28 10:53:58.410,0,NVIDIA GeForce RTX 4090,0,0,9298,24564,44,72.32
2026/03/28 10:53:58.416,1,NVIDIA GeForce RTX 4080,0,1,2,16376,45,34.19
2026/03/28 10:53:59.467,0,NVIDIA GeForce RTX 4090,0,0,9298,24564,44,72.12
2026/03/28 10:53:59.472,1,NVIDIA GeForce RTX 4080,0,1,2,16376,45,34.15
2026/03/28 10:54:00.522,0,NVIDIA GeForce RTX 4090,0,0,9298,24564,43,71.80
2026/03/28 10:54:00.528,1,NVIDIA GeForce RTX 4080,0,1,2,16376,45,34.30
2026/03/28 10:54:01.578,0,NVIDIA GeForce RTX 4090,0,0,9298,24564,43,71.54
2026/03/28 10:54:01.583,1,NVIDIA GeForce RTX 4080,0,1,2,16376,45,34.51
2026/03/28 10:54:02.633,0,NVIDIA GeForce RTX 4090,0,0,9298,24564,43,71.12
2026/03/28 10:54:02.639,1,NVIDIA GeForce RTX 4080,0,1,2,16376,45,34.41
2026/03/28 10:54:03.690,0,NVIDIA GeForce RTX 4090,0,0,9298,24564,43,70.77
2026/03/28 10:54:03.696,1,NVIDIA GeForce RTX 4080,0,1,2,16376,45,33.88
2026/03/28 10:54:04.748,0,NVIDIA GeForce RTX 4090,74,59,9298,24564,48,92.16
2026/03/28 10:54:04.760,1,NVIDIA GeForce RTX 4080,0,1,2,16376,45,33.98
2026/03/28 10:54:05.817,0,NVIDIA GeForce RTX 4090,72,58,9298,24564,53,317.65
2026/03/28 10:54:05.825,1,NVIDIA GeForce RTX 4080,0,1,2,16376,45,35.00
2026/03/28 10:54:06.880,0,NVIDIA GeForce RTX 4090,68,54,9298,24564,49,310.35
2026/03/28 10:54:06.888,1,NVIDIA GeForce RTX 4080,0,1,2,16376,45,35.76
2026/03/28 10:54:07.940,0,NVIDIA GeForce RTX 4090,67,53,9298,24564,53,308.67
2026/03/28 10:54:07.955,1,NVIDIA GeForce RTX 4080,0,1,2,16376,45,35.98
2026/03/28 10:54:09.007,0,NVIDIA GeForce RTX 4090,0,0,9298,24564,44,134.09
2026/03/28 10:54:09.013,1,NVIDIA GeForce RTX 4080,0,1,2,16376,45,35.80
2026/03/28 10:54:10.063,0,NVIDIA GeForce RTX 4090,0,0,9298,24564,43,106.34
2026/03/28 10:54:10.068,1,NVIDIA GeForce RTX 4080,0,1,2,16376,45,35.06
2026/03/28 10:54:11.118,0,NVIDIA GeForce RTX 4090,0,0,9298,24564,43,80.04
2026/03/28 10:54:11.124,1,NVIDIA GeForce RTX 4080,0,1,2,16376,45,34.69
2026/03/28 10:54:12.174,0,NVIDIA GeForce RTX 4090,0,0,9298,24564,43,71.00
2026/03/28 10:54:12.180,1,NVIDIA GeForce RTX 4080,0,1,2,16376,45,34.64
2026/03/28 10:54:13.231,0,NVIDIA GeForce RTX 4090,0,0,9298,24564,43,70.86
2026/03/28 10:54:13.237,1,NVIDIA GeForce RTX 4080,0,1,2,16376,45,34.61
2026/03/28 10:54:14.287,0,NVIDIA GeForce RTX 4090,0,0,9298,24564,42,71.06
2026/03/28 10:54:14.293,1,NVIDIA GeForce RTX 4080,0,1,2,16376,45,34.85
2026/03/28 10:54:15.343,0,NVIDIA GeForce RTX 4090,0,0,9298,24564,42,71.14
2026/03/28 10:54:15.349,1,NVIDIA GeForce RTX 4080,0,1,2,16376,45,34.84
2026/03/28 10:54:16.400,0,NVIDIA GeForce RTX 4090,78,62,9298,24564,47,107.74
2026/03/28 10:54:16.411,1,NVIDIA GeForce RTX 4080,0,1,2,16376,45,34.50
2026/03/28 10:54:17.463,0,NVIDIA GeForce RTX 4090,78,60,9298,24564,49,320.51
2026/03/28 10:54:17.475,1,NVIDIA GeForce RTX 4080,0,1,2,16376,45,35.13
2026/03/28 10:54:18.528,0,NVIDIA GeForce RTX 4090,73,58,9298,24564,50,311.81
2026/03/28 10:54:18.540,1,NVIDIA GeForce RTX 4080,0,1,2,16376,45,35.52
2026/03/28 10:54:19.592,0,NVIDIA GeForce RTX 4090,76,58,9298,24564,51,318.54
2026/03/28 10:54:19.604,1,NVIDIA GeForce RTX 4080,0,1,2,16376,45,35.41
2026/03/28 10:54:20.655,0,NVIDIA GeForce RTX 4090,0,0,9298,24564,44,173.86
2026/03/28 10:54:20.661,1,NVIDIA GeForce RTX 4080,0,1,2,16376,45,35.32
2026/03/28 10:54:21.714,0,NVIDIA GeForce RTX 4090,27,21,9298,24564,51,101.10
2026/03/28 10:54:21.772,1,NVIDIA GeForce RTX 4080,0,1,2,16376,45,35.07
2026/03/28 10:54:22.824,0,NVIDIA GeForce RTX 4090,95,75,9298,24564,52,379.78
2026/03/28 10:54:22.835,1,NVIDIA GeForce RTX 4080,0,1,2,16376,45,35.00
2026/03/28 10:54:23.885,0,NVIDIA GeForce RTX 4090,95,76,9298,24564,54,381.99
2026/03/28 10:54:23.894,1,NVIDIA GeForce RTX 4080,0,1,2,16376,45,35.35
2026/03/28 10:54:24.947,0,NVIDIA GeForce RTX 4090,94,75,9298,24564,54,383.01
2026/03/28 10:54:24.956,1,NVIDIA GeForce RTX 4080,0,1,2,16376,45,35.40
2026/03/28 10:54:26.008,0,NVIDIA GeForce RTX 4090,94,75,9298,24564,52,382.07
2026/03/28 10:54:26.055,1,NVIDIA GeForce RTX 4080,0,1,2,16376,45,35.24
2026/03/28 10:54:27.104,0,NVIDIA GeForce RTX 4090,95,74,9298,24564,53,383.84
2026/03/28 10:54:27.115,1,NVIDIA GeForce RTX 4080,0,1,2,16376,45,35.30
2026/03/28 10:54:28.168,0,NVIDIA GeForce RTX 4090,94,74,9298,24564,54,381.67
2026/03/28 10:54:28.176,1,NVIDIA GeForce RTX 4080,0,1,2,16376,45,35.45
2026/03/28 10:54:29.228,0,NVIDIA GeForce RTX 4090,95,76,9298,24564,55,383.58
2026/03/28 10:54:29.237,1,NVIDIA GeForce RTX 4080,0,1,2,16376,45,35.46
2026/03/28 10:54:30.291,0,NVIDIA GeForce RTX 4090,94,75,9298,24564,56,382.35
2026/03/28 10:54:30.297,1,NVIDIA GeForce RTX 4080,0,1,2,16376,45,35.37
2026/03/28 10:54:31.348,0,NVIDIA GeForce RTX 4090,94,75,9298,24564,57,383.41
2026/03/28 10:54:31.354,1,NVIDIA GeForce RTX 4080,0,1,2,16376,45,35.29
2026/03/28 10:54:32.405,0,NVIDIA GeForce RTX 4090,94,73,9298,24564,57,381.68
2026/03/28 10:54:32.411,1,NVIDIA GeForce RTX 4080,0,1,2,16376,45,35.12
2026/03/28 10:54:33.464,0,NVIDIA GeForce RTX 4090,94,72,9298,24564,55,382.79
2026/03/28 10:54:33.472,1,NVIDIA GeForce RTX 4080,0,1,2,16376,45,35.16
2026/03/28 10:54:34.526,0,NVIDIA GeForce RTX 4090,0,0,9298,24564,47,296.19
2026/03/28 10:54:34.531,1,NVIDIA GeForce RTX 4080,0,1,2,16376,45,35.01
2026/03/28 10:54:35.583,0,NVIDIA GeForce RTX 4090,0,0,9298,24564,46,131.91
2026/03/28 10:54:35.587,1,NVIDIA GeForce RTX 4080,0,1,2,16376,45,34.67
2026/03/28 10:54:36.638,0,NVIDIA GeForce RTX 4090,0,0,9298,24564,45,81.36
2026/03/28 10:54:36.642,1,NVIDIA GeForce RTX 4080,0,1,2,16376,45,34.58
2026/03/28 10:54:37.694,0,NVIDIA GeForce RTX 4090,0,0,9298,24564,44,76.69
2026/03/28 10:54:37.698,1,NVIDIA GeForce RTX 4080,0,1,2,16376,45,34.66
2026/03/28 10:54:38.749,0,NVIDIA GeForce RTX 4090,0,0,9298,24564,44,72.15
2026/03/28 10:54:38.753,1,NVIDIA GeForce RTX 4080,0,1,2,16376,45,34.38
2026/03/28 10:54:39.804,0,NVIDIA GeForce RTX 4090,0,0,9298,24564,44,71.89
2026/03/28 10:54:39.808,1,NVIDIA GeForce RTX 4080,0,1,2,16376,45,34.18
2026/03/28 10:54:40.859,0,NVIDIA GeForce RTX 4090,0,0,9298,24564,44,71.67
2026/03/28 10:54:40.864,1,NVIDIA GeForce RTX 4080,0,1,2,16376,45,34.10
2026/03/28 10:54:41.915,0,NVIDIA GeForce RTX 4090,0,0,9298,24564,43,71.62
2026/03/28 10:54:41.919,1,NVIDIA GeForce RTX 4080,0,1,2,16376,45,33.95
2026/03/28 10:54:42.971,0,NVIDIA GeForce RTX 4090,0,0,9298,24564,43,71.46
2026/03/28 10:54:42.975,1,NVIDIA GeForce RTX 4080,0,1,2,16376,45,34.10
2026/03/28 10:54:44.025,0,NVIDIA GeForce RTX 4090,0,0,9298,24564,43,71.28
2026/03/28 10:54:44.030,1,NVIDIA GeForce RTX 4080,0,1,2,16376,45,34.36
2026/03/28 10:54:45.082,0,NVIDIA GeForce RTX 4090,0,0,9298,24564,46,71.11
2026/03/28 10:54:45.091,1,NVIDIA GeForce RTX 4080,0,1,2,16376,45,34.59
2026/03/28 10:54:46.144,0,NVIDIA GeForce RTX 4090,0,0,9298,24564,43,75.07
2026/03/28 10:54:46.149,1,NVIDIA GeForce RTX 4080,0,1,2,16376,45,34.85
2026/03/28 10:54:47.200,0,NVIDIA GeForce RTX 4090,0,0,9298,24564,43,70.53
2026/03/28 10:54:47.205,1,NVIDIA GeForce RTX 4080,0,1,2,16376,45,34.83
2026/03/28 10:54:48.257,0,NVIDIA GeForce RTX 4090,0,0,9298,24564,42,70.46
2026/03/28 10:54:48.261,1,NVIDIA GeForce RTX 4080,0,1,2,16376,45,34.80
2026/03/28 10:54:49.314,0,NVIDIA GeForce RTX 4090,78,62,9298,24564,48,163.84
2026/03/28 10:54:49.320,1,NVIDIA GeForce RTX 4080,0,1,2,16376,45,34.57
2026/03/28 10:54:50.372,0,NVIDIA GeForce RTX 4090,67,53,9298,24564,50,311.53
2026/03/28 10:54:50.382,1,NVIDIA GeForce RTX 4080,0,1,2,16376,45,35.70
2026/03/28 10:54:51.436,0,NVIDIA GeForce RTX 4090,77,61,9298,24564,49,314.67
2026/03/28 10:54:51.443,1,NVIDIA GeForce RTX 4080,0,1,2,16376,45,36.29
2026/03/28 10:54:52.495,0,NVIDIA GeForce RTX 4090,63,51,9298,24564,45,284.19
2026/03/28 10:54:52.500,1,NVIDIA GeForce RTX 4080,0,1,2,16376,45,36.09
2026/03/28 10:54:53.551,0,NVIDIA GeForce RTX 4090,0,0,9298,24564,44,107.96
2026/03/28 10:54:53.556,1,NVIDIA GeForce RTX 4080,0,1,2,16376,45,35.33
2026/03/28 10:54:54.608,0,NVIDIA GeForce RTX 4090,0,0,9298,24564,43,80.11
2026/03/28 10:54:54.613,1,NVIDIA GeForce RTX 4080,0,1,2,16376,45,34.67
2026/03/28 10:54:55.664,0,NVIDIA GeForce RTX 4090,0,0,9298,24564,42,75.82
2026/03/28 10:54:55.668,1,NVIDIA GeForce RTX 4080,0,1,2,16376,45,34.59
2026/03/28 10:54:56.718,0,NVIDIA GeForce RTX 4090,0,0,9298,24564,42,71.88
2026/03/28 10:54:56.722,1,NVIDIA GeForce RTX 4080,0,1,2,16376,45,34.83
2026/03/28 10:54:57.774,0,NVIDIA GeForce RTX 4090,0,0,9298,24564,42,71.72
2026/03/28 10:54:57.778,1,NVIDIA GeForce RTX 4080,0,1,2,16376,45,34.81
2026/03/28 10:54:58.829,0,NVIDIA GeForce RTX 4090,0,0,9298,24564,42,71.47
2026/03/28 10:54:58.833,1,NVIDIA GeForce RTX 4080,0,1,2,16376,45,34.73
2026/03/28 10:54:59.885,0,NVIDIA GeForce RTX 4090,0,0,9298,24564,42,71.19
2026/03/28 10:54:59.889,1,NVIDIA GeForce RTX 4080,0,1,2,16376,45,34.73
2026/03/28 10:55:00.946,0,NVIDIA GeForce RTX 4090,15,11,9298,24564,49,86.21
2026/03/28 10:55:00.960,1,NVIDIA GeForce RTX 4080,0,1,2,16376,45,34.67
2026/03/28 10:55:02.011,0,NVIDIA GeForce RTX 4090,75,58,9298,24564,49,297.14
2026/03/28 10:55:02.016,1,NVIDIA GeForce RTX 4080,0,1,2,16376,45,35.09
2026/03/28 10:55:03.068,0,NVIDIA GeForce RTX 4090,76,61,9298,24564,49,303.10
2026/03/28 10:55:03.136,1,NVIDIA GeForce RTX 4080,0,1,2,16376,45,35.57
2026/03/28 10:55:04.185,0,NVIDIA GeForce RTX 4090,71,56,9298,24564,52,309.86
2026/03/28 10:55:04.196,1,NVIDIA GeForce RTX 4080,0,1,2,16376,45,35.62
2026/03/28 10:55:05.247,0,NVIDIA GeForce RTX 4090,0,0,9298,24564,43,194.46
2026/03/28 10:55:05.254,1,NVIDIA GeForce RTX 4080,0,1,2,16376,45,35.42
2026/03/28 10:55:06.305,0,NVIDIA GeForce RTX 4090,0,0,9298,24564,43,122.33
2026/03/28 10:55:06.310,1,NVIDIA GeForce RTX 4080,0,1,2,16376,45,35.17
2026/03/28 10:55:07.361,0,NVIDIA GeForce RTX 4090,95,73,9298,24564,50,244.71
2026/03/28 10:55:07.371,1,NVIDIA GeForce RTX 4080,0,1,2,16376,45,34.76
2026/03/28 10:55:08.423,0,NVIDIA GeForce RTX 4090,94,74,9298,24564,49,379.33
2026/03/28 10:55:08.436,1,NVIDIA GeForce RTX 4080,0,1,2,16376,45,35.14
2026/03/28 10:55:09.489,0,NVIDIA GeForce RTX 4090,93,74,9298,24564,53,382.04
2026/03/28 10:55:09.498,1,NVIDIA GeForce RTX 4080,0,1,2,16376,45,35.55
2026/03/28 10:55:10.550,0,NVIDIA GeForce RTX 4090,92,74,9298,24564,56,378.69
2026/03/28 10:55:10.559,1,NVIDIA GeForce RTX 4080,0,1,2,16376,45,35.50
2026/03/28 10:55:11.614,0,NVIDIA GeForce RTX 4090,94,75,9298,24564,53,383.74
2026/03/28 10:55:11.621,1,NVIDIA GeForce RTX 4080,0,1,2,16376,45,35.26
2026/03/28 10:55:12.672,0,NVIDIA GeForce RTX 4090,94,75,9298,24564,52,380.07
2026/03/28 10:55:12.681,1,NVIDIA GeForce RTX 4080,0,1,2,16376,45,35.15
2026/03/28 10:55:13.733,0,NVIDIA GeForce RTX 4090,95,74,9298,24564,53,382.84
2026/03/28 10:55:13.742,1,NVIDIA GeForce RTX 4080,0,1,2,16376,45,35.18
2026/03/28 10:55:14.794,0,NVIDIA GeForce RTX 4090,94,73,9298,24564,55,382.00
2026/03/28 10:55:14.803,1,NVIDIA GeForce RTX 4080,0,1,2,16376,45,35.14
2026/03/28 10:55:15.858,0,NVIDIA GeForce RTX 4090,93,74,9298,24564,55,381.55
2026/03/28 10:55:15.866,1,NVIDIA GeForce RTX 4080,0,1,2,16376,45,35.00
2026/03/28 10:55:16.917,0,NVIDIA GeForce RTX 4090,93,74,9298,24564,53,380.35
2026/03/28 10:55:16.924,1,NVIDIA GeForce RTX 4080,0,1,2,16376,45,34.90
2026/03/28 10:55:17.978,0,NVIDIA GeForce RTX 4090,93,73,9298,24564,56,382.63
2026/03/28 10:55:17.985,1,NVIDIA GeForce RTX 4080,0,1,2,16376,45,34.60
2026/03/28 10:55:19.040,0,NVIDIA GeForce RTX 4090,94,74,9298,24564,55,380.99
2026/03/28 10:55:19.052,1,NVIDIA GeForce RTX 4080,0,1,2,16376,45,34.70
2026/03/28 10:55:20.104,0,NVIDIA GeForce RTX 4090,0,0,9298,24564,46,129.27
2026/03/28 10:55:20.109,1,NVIDIA GeForce RTX 4080,0,1,2,16376,45,34.78
2026/03/28 10:55:21.162,0,NVIDIA GeForce RTX 4090,0,0,9298,24564,45,80.97
2026/03/28 10:55:21.167,1,NVIDIA GeForce RTX 4080,0,1,2,16376,45,34.02
2026/03/28 10:55:22.217,0,NVIDIA GeForce RTX 4090,0,0,9298,24564,44,76.48
2026/03/28 10:55:22.222,1,NVIDIA GeForce RTX 4080,0,1,2,16376,45,33.67
2026/03/28 10:55:23.274,0,NVIDIA GeForce RTX 4090,0,0,9298,24564,44,72.13
2026/03/28 10:55:23.278,1,NVIDIA GeForce RTX 4080,0,1,2,16376,45,33.65
2026/03/28 10:55:24.330,0,NVIDIA GeForce RTX 4090,0,0,9298,24564,44,72.21
2026/03/28 10:55:24.335,1,NVIDIA GeForce RTX 4080,0,1,2,16376,45,33.48
2026/03/28 10:55:25.386,0,NVIDIA GeForce RTX 4090,0,0,9298,24564,43,72.11
2026/03/28 10:55:25.391,1,NVIDIA GeForce RTX 4080,0,1,2,16376,45,33.64
2026/03/28 10:55:26.447,0,NVIDIA GeForce RTX 4090,0,0,9298,24564,43,71.90
2026/03/28 10:55:26.452,1,NVIDIA GeForce RTX 4080,0,1,2,16376,45,34.04
2026/03/28 10:55:27.503,0,NVIDIA GeForce RTX 4090,0,0,9298,24564,43,71.50
2026/03/28 10:55:27.508,1,NVIDIA GeForce RTX 4080,0,1,2,16376,45,34.16
2026/03/28 10:55:28.558,0,NVIDIA GeForce RTX 4090,0,0,9298,24564,43,71.22
2026/03/28 10:55:28.563,1,NVIDIA GeForce RTX 4080,0,1,2,16376,45,33.87
2026/03/28 10:55:29.615,0,NVIDIA GeForce RTX 4090,0,0,9298,24564,43,71.19
2026/03/28 10:55:29.619,1,NVIDIA GeForce RTX 4080,0,1,2,16376,45,33.74
2026/03/28 10:55:30.670,0,NVIDIA GeForce RTX 4090,0,0,9298,24564,42,71.09
2026/03/28 10:55:30.675,1,NVIDIA GeForce RTX 4080,0,1,2,16376,45,34.32
2026/03/28 10:55:31.727,0,NVIDIA GeForce RTX 4090,0,0,9298,24564,42,71.07
2026/03/28 10:55:31.732,1,NVIDIA GeForce RTX 4080,0,1,2,16376,45,34.55
2026/03/28 10:55:32.783,0,NVIDIA GeForce RTX 4090,75,59,9298,24564,47,149.50
2026/03/28 10:55:32.790,1,NVIDIA GeForce RTX 4080,0,1,2,16376,45,34.15
2026/03/28 10:55:33.841,0,NVIDIA GeForce RTX 4090,70,54,9298,24564,50,311.02
2026/03/28 10:55:33.850,1,NVIDIA GeForce RTX 4080,0,1,2,16376,45,34.63
2026/03/28 10:55:34.903,0,NVIDIA GeForce RTX 4090,67,53,9298,24564,50,309.08
2026/03/28 10:55:34.912,1,NVIDIA GeForce RTX 4080,0,1,2,16376,45,35.29
2026/03/28 10:55:35.963,0,NVIDIA GeForce RTX 4090,33,25,9298,24564,45,279.01
2026/03/28 10:55:35.968,1,NVIDIA GeForce RTX 4080,0,1,2,16376,45,35.35
2026/03/28 10:55:37.020,0,NVIDIA GeForce RTX 4090,0,0,9298,24564,43,124.35
2026/03/28 10:55:37.025,1,NVIDIA GeForce RTX 4080,0,1,2,16376,45,35.04
2026/03/28 10:55:38.076,0,NVIDIA GeForce RTX 4090,0,0,9298,24564,43,80.00
2026/03/28 10:55:38.081,1,NVIDIA GeForce RTX 4080,0,1,2,16376,45,34.54
2026/03/28 10:55:39.131,0,NVIDIA GeForce RTX 4090,0,0,9298,24564,42,75.10
2026/03/28 10:55:39.135,1,NVIDIA GeForce RTX 4080,0,1,2,16376,45,34.48
2026/03/28 10:55:40.186,0,NVIDIA GeForce RTX 4090,0,0,9298,24564,42,70.85
2026/03/28 10:55:40.191,1,NVIDIA GeForce RTX 4080,0,1,2,16376,45,34.34
2026/03/28 10:55:41.242,0,NVIDIA GeForce RTX 4090,0,0,9298,24564,42,71.40
2026/03/28 10:55:41.247,1,NVIDIA GeForce RTX 4080,0,1,2,16376,45,34.24
2026/03/28 10:55:42.298,0,NVIDIA GeForce RTX 4090,0,0,9298,24564,42,71.62
2026/03/28 10:55:42.303,1,NVIDIA GeForce RTX 4080,0,1,2,16376,45,34.27
2026/03/28 10:55:43.354,0,NVIDIA GeForce RTX 4090,0,0,9298,24564,42,71.56
2026/03/28 10:55:43.359,1,NVIDIA GeForce RTX 4080,0,1,2,16376,45,34.56
2026/03/28 10:55:44.415,0,NVIDIA GeForce RTX 4090,76,60,9298,24564,48,111.72
2026/03/28 10:55:44.424,1,NVIDIA GeForce RTX 4080,0,1,2,16376,45,34.68
2026/03/28 10:55:45.477,0,NVIDIA GeForce RTX 4090,78,60,9298,24564,47,319.54
2026/03/28 10:55:45.486,1,NVIDIA GeForce RTX 4080,0,1,2,16376,45,35.16
2026/03/28 10:55:46.536,0,NVIDIA GeForce RTX 4090,79,64,9298,24564,49,312.10
2026/03/28 10:55:46.547,1,NVIDIA GeForce RTX 4080,0,1,2,16376,45,35.64
2026/03/28 10:55:47.600,0,NVIDIA GeForce RTX 4090,75,60,9298,24564,49,314.80
2026/03/28 10:55:47.608,1,NVIDIA GeForce RTX 4080,0,1,2,16376,45,35.74
2026/03/28 10:55:48.659,0,NVIDIA GeForce RTX 4090,0,0,9298,24564,43,175.75
2026/03/28 10:55:48.664,1,NVIDIA GeForce RTX 4080,0,1,2,16376,45,35.51
2026/03/28 10:55:49.715,0,NVIDIA GeForce RTX 4090,76,60,9298,24564,51,123.61
2026/03/28 10:55:49.727,1,NVIDIA GeForce RTX 4080,0,1,2,16376,45,34.93
2026/03/28 10:55:50.780,0,NVIDIA GeForce RTX 4090,89,71,9298,24564,50,375.45
2026/03/28 10:55:50.789,1,NVIDIA GeForce RTX 4080,0,1,2,16376,45,34.91
2026/03/28 10:55:51.838,0,NVIDIA GeForce RTX 4090,94,74,9298,24564,53,379.26
2026/03/28 10:55:51.848,1,NVIDIA GeForce RTX 4080,0,1,2,16376,45,35.28
2026/03/28 10:55:52.899,0,NVIDIA GeForce RTX 4090,93,73,9298,24564,54,380.57
2026/03/28 10:55:52.907,1,NVIDIA GeForce RTX 4080,0,1,2,16376,45,35.21
2026/03/28 10:55:53.959,0,NVIDIA GeForce RTX 4090,93,75,9298,24564,51,379.22
2026/03/28 10:55:53.968,1,NVIDIA GeForce RTX 4080,0,1,2,16376,45,35.00
2026/03/28 10:55:55.017,0,NVIDIA GeForce RTX 4090,93,74,9298,24564,55,379.62
2026/03/28 10:55:55.025,1,NVIDIA GeForce RTX 4080,0,1,2,16376,45,35.08
2026/03/28 10:55:56.075,0,NVIDIA GeForce RTX 4090,94,73,9298,24564,52,378.82
2026/03/28 10:55:56.085,1,NVIDIA GeForce RTX 4080,0,1,2,16376,45,35.38
2026/03/28 10:55:57.136,0,NVIDIA GeForce RTX 4090,95,75,9298,24564,54,381.55
2026/03/28 10:55:57.147,1,NVIDIA GeForce RTX 4080,0,1,2,16376,45,35.43
2026/03/28 10:55:58.198,0,NVIDIA GeForce RTX 4090,92,73,9298,24564,55,380.31
2026/03/28 10:55:58.206,1,NVIDIA GeForce RTX 4080,0,1,2,16376,45,35.17
2026/03/28 10:55:59.257,0,NVIDIA GeForce RTX 4090,93,74,9298,24564,53,379.52
2026/03/28 10:55:59.267,1,NVIDIA GeForce RTX 4080,0,1,2,16376,45,35.10
2026/03/28 10:56:00.319,0,NVIDIA GeForce RTX 4090,94,72,9298,24564,54,380.50
2026/03/28 10:56:00.330,1,NVIDIA GeForce RTX 4080,0,1,2,16376,45,35.22
2026/03/28 10:56:01.380,0,NVIDIA GeForce RTX 4090,94,75,9298,24564,55,378.37
2026/03/28 10:56:01.388,1,NVIDIA GeForce RTX 4080,0,1,2,16376,45,35.21
2026/03/28 10:56:02.436,0,NVIDIA GeForce RTX 4090,94,75,9298,24564,47,357.29
2026/03/28 10:56:02.442,1,NVIDIA GeForce RTX 4080,0,1,2,16376,45,35.04
2026/03/28 10:56:03.491,0,NVIDIA GeForce RTX 4090,0,0,9298,24564,46,112.72
2026/03/28 10:56:03.496,1,NVIDIA GeForce RTX 4080,0,1,2,16376,45,34.73
2026/03/28 10:56:04.546,0,NVIDIA GeForce RTX 4090,0,0,9298,24564,45,80.78
2026/03/28 10:56:04.551,1,NVIDIA GeForce RTX 4080,0,1,2,16376,45,34.55
2026/03/28 10:56:05.601,0,NVIDIA GeForce RTX 4090,0,0,9298,24564,44,76.95
2026/03/28 10:56:05.607,1,NVIDIA GeForce RTX 4080,0,1,2,16376,45,34.79
2026/03/28 10:56:06.654,0,NVIDIA GeForce RTX 4090,0,0,9298,24564,44,72.89
2026/03/28 10:56:06.660,1,NVIDIA GeForce RTX 4080,0,1,2,16376,45,35.07
2026/03/28 10:56:07.708,0,NVIDIA GeForce RTX 4090,0,0,9298,24564,44,71.77
2026/03/28 10:56:07.713,1,NVIDIA GeForce RTX 4080,0,1,2,16376,45,35.04
2026/03/28 10:56:08.762,0,NVIDIA GeForce RTX 4090,14,11,9298,24564,43,77.22
2026/03/28 10:56:08.769,1,NVIDIA GeForce RTX 4080,0,1,2,16376,45,34.99
2026/03/28 10:56:09.816,0,NVIDIA GeForce RTX 4090,0,0,9298,24564,43,78.15
2026/03/28 10:56:09.822,1,NVIDIA GeForce RTX 4080,0,1,2,16376,45,34.92
2026/03/28 10:56:10.869,0,NVIDIA GeForce RTX 4090,0,0,9298,24564,43,71.25
2026/03/28 10:56:10.875,1,NVIDIA GeForce RTX 4080,0,1,2,16376,45,34.78
2026/03/28 10:56:11.925,0,NVIDIA GeForce RTX 4090,0,0,9298,24564,47,71.78
2026/03/28 10:56:11.937,1,NVIDIA GeForce RTX 4080,0,1,2,16376,45,34.68
2026/03/28 10:56:12.988,0,NVIDIA GeForce RTX 4090,74,60,9298,24564,48,155.04
2026/03/28 10:56:12.997,1,NVIDIA GeForce RTX 4080,0,1,2,16376,45,34.58
2026/03/28 10:56:14.047,0,NVIDIA GeForce RTX 4090,77,62,9298,24564,50,314.63
2026/03/28 10:56:14.057,1,NVIDIA GeForce RTX 4080,0,1,2,16376,45,35.08
2026/03/28 10:56:15.108,0,NVIDIA GeForce RTX 4090,73,56,9298,24564,50,309.05
2026/03/28 10:56:15.118,1,NVIDIA GeForce RTX 4080,0,1,2,16376,45,35.59
2026/03/28 10:56:16.167,0,NVIDIA GeForce RTX 4090,26,21,9298,24564,45,286.40
2026/03/28 10:56:16.174,1,NVIDIA GeForce RTX 4080,0,1,2,16376,45,35.66
2026/03/28 10:56:17.224,0,NVIDIA GeForce RTX 4090,0,0,9298,24564,44,120.52
2026/03/28 10:56:17.230,1,NVIDIA GeForce RTX 4080,0,1,2,16376,45,35.58
2026/03/28 10:56:18.280,0,NVIDIA GeForce RTX 4090,0,0,9298,24564,43,80.18
2026/03/28 10:56:18.285,1,NVIDIA GeForce RTX 4080,0,1,2,16376,45,34.99
2026/03/28 10:56:19.336,0,NVIDIA GeForce RTX 4090,0,0,9298,24564,43,75.36
2026/03/28 10:56:19.341,1,NVIDIA GeForce RTX 4080,0,1,2,16376,45,34.48
2026/03/28 10:56:20.392,0,NVIDIA GeForce RTX 4090,0,0,9298,24564,43,71.19
2026/03/28 10:56:20.398,1,NVIDIA GeForce RTX 4080,0,1,2,16376,45,34.59
2026/03/28 10:56:21.448,0,NVIDIA GeForce RTX 4090,0,0,9298,24564,42,71.64
2026/03/28 10:56:21.453,1,NVIDIA GeForce RTX 4080,0,1,2,16376,45,34.80
2026/03/28 10:56:22.504,0,NVIDIA GeForce RTX 4090,0,0,9298,24564,42,71.64
2026/03/28 10:56:22.509,1,NVIDIA GeForce RTX 4080,0,1,2,16376,45,34.90
2026/03/28 10:56:23.560,0,NVIDIA GeForce RTX 4090,0,0,9298,24564,42,71.58
2026/03/28 10:56:23.566,1,NVIDIA GeForce RTX 4080,0,1,2,16376,45,34.58
2026/03/28 10:56:24.617,0,NVIDIA GeForce RTX 4090,78,63,9298,24564,51,140.49
2026/03/28 10:56:24.625,1,NVIDIA GeForce RTX 4080,0,1,2,16376,45,34.60
2026/03/28 10:56:25.665,0,NVIDIA GeForce RTX 4090,77,61,9298,24564,50,327.83
2026/03/28 10:56:25.672,1,NVIDIA GeForce RTX 4080,0,1,2,16376,45,35.36
2026/03/28 10:56:26.724,0,NVIDIA GeForce RTX 4090,72,57,9298,24564,53,316.62
2026/03/28 10:56:26.732,1,NVIDIA GeForce RTX 4080,0,1,2,16376,45,35.76
2026/03/28 10:56:27.782,0,NVIDIA GeForce RTX 4090,71,56,9298,24564,53,310.76
2026/03/28 10:56:27.792,1,NVIDIA GeForce RTX 4080,0,1,2,16376,45,35.67
2026/03/28 10:56:28.843,0,NVIDIA GeForce RTX 4090,0,0,9298,24564,44,121.03
2026/03/28 10:56:28.849,1,NVIDIA GeForce RTX 4080,0,1,2,16376,45,35.58
2026/03/28 10:56:29.900,0,NVIDIA GeForce RTX 4090,95,76,9298,24564,53,133.91
2026/03/28 10:56:29.917,1,NVIDIA GeForce RTX 4080,0,1,2,16376,45,35.18
2026/03/28 10:56:30.967,0,NVIDIA GeForce RTX 4090,93,74,9298,24564,51,379.95
2026/03/28 10:56:30.978,1,NVIDIA GeForce RTX 4080,0,1,2,16376,45,34.95
2026/03/28 10:56:32.029,0,NVIDIA GeForce RTX 4090,94,75,9298,24564,52,379.67
2026/03/28 10:56:32.041,1,NVIDIA GeForce RTX 4080,0,1,2,16376,45,35.03
2026/03/28 10:56:33.091,0,NVIDIA GeForce RTX 4090,88,70,9298,24564,53,379.76
2026/03/28 10:56:33.100,1,NVIDIA GeForce RTX 4080,0,1,2,16376,45,34.84
2026/03/28 10:56:34.151,0,NVIDIA GeForce RTX 4090,94,75,9298,24564,52,379.01
2026/03/28 10:56:34.161,1,NVIDIA GeForce RTX 4080,0,1,2,16376,45,34.88
2026/03/28 10:56:35.212,0,NVIDIA GeForce RTX 4090,93,74,9298,24564,54,382.97
2026/03/28 10:56:35.224,1,NVIDIA GeForce RTX 4080,0,1,2,16376,45,35.11
2026/03/28 10:56:36.277,0,NVIDIA GeForce RTX 4090,94,75,9298,24564,54,383.52
2026/03/28 10:56:36.339,1,NVIDIA GeForce RTX 4080,0,1,2,16376,45,35.02
2026/03/28 10:56:37.393,0,NVIDIA GeForce RTX 4090,94,73,9298,24564,53,382.49
2026/03/28 10:56:37.405,1,NVIDIA GeForce RTX 4080,0,1,2,16376,45,34.80
2026/03/28 10:56:38.454,0,NVIDIA GeForce RTX 4090,93,74,9298,24564,53,382.22
2026/03/28 10:56:38.468,1,NVIDIA GeForce RTX 4080,0,1,2,16376,45,34.99
2026/03/28 10:56:39.517,0,NVIDIA GeForce RTX 4090,93,74,9298,24564,58,379.17
2026/03/28 10:56:39.528,1,NVIDIA GeForce RTX 4080,0,1,2,16376,45,35.03
2026/03/28 10:56:40.579,0,NVIDIA GeForce RTX 4090,94,75,9298,24564,54,380.32
2026/03/28 10:56:40.592,1,NVIDIA GeForce RTX 4080,0,1,2,16376,45,34.90
2026/03/28 10:56:41.641,0,NVIDIA GeForce RTX 4090,95,73,9298,24564,54,381.36
2026/03/28 10:56:41.650,1,NVIDIA GeForce RTX 4080,0,1,2,16376,45,35.02
2026/03/28 10:56:42.701,0,NVIDIA GeForce RTX 4090,0,0,9298,24564,47,307.83
2026/03/28 10:56:42.707,1,NVIDIA GeForce RTX 4080,0,1,2,16376,45,34.98
2026/03/28 10:56:43.756,0,NVIDIA GeForce RTX 4090,0,0,9298,24564,46,117.58
2026/03/28 10:56:43.762,1,NVIDIA GeForce RTX 4080,0,1,2,16376,45,34.39
2026/03/28 10:56:44.811,0,NVIDIA GeForce RTX 4090,0,0,9298,24564,45,81.56
2026/03/28 10:56:44.817,1,NVIDIA GeForce RTX 4080,0,1,2,16376,45,33.93
2026/03/28 10:56:45.867,0,NVIDIA GeForce RTX 4090,0,0,9298,24564,45,77.16
2026/03/28 10:56:45.872,1,NVIDIA GeForce RTX 4080,0,1,2,16376,45,34.05
2026/03/28 10:56:46.920,0,NVIDIA GeForce RTX 4090,0,0,9298,24564,44,72.40
2026/03/28 10:56:46.926,1,NVIDIA GeForce RTX 4080,0,1,2,16376,45,34.18
2026/03/28 10:56:47.976,0,NVIDIA GeForce RTX 4090,0,0,9298,24564,44,72.07
2026/03/28 10:56:47.981,1,NVIDIA GeForce RTX 4080,0,1,2,16376,45,34.10
2026/03/28 10:56:49.031,0,NVIDIA GeForce RTX 4090,0,0,9298,24564,44,76.94
2026/03/28 10:56:49.038,1,NVIDIA GeForce RTX 4080,0,1,2,16376,45,34.05
2026/03/28 10:56:50.087,0,NVIDIA GeForce RTX 4090,0,0,9298,24564,43,78.98
2026/03/28 10:56:50.093,1,NVIDIA GeForce RTX 4080,0,1,2,16376,45,33.99
2026/03/28 10:56:51.143,0,NVIDIA GeForce RTX 4090,0,0,9298,24564,43,71.57
2026/03/28 10:56:51.149,1,NVIDIA GeForce RTX 4080,0,1,2,16376,45,33.76
2026/03/28 10:56:52.198,0,NVIDIA GeForce RTX 4090,0,0,9298,24564,43,71.41
2026/03/28 10:56:52.204,1,NVIDIA GeForce RTX 4080,0,1,2,16376,45,33.59
2026/03/28 10:56:53.254,0,NVIDIA GeForce RTX 4090,0,0,9298,24564,43,76.67
2026/03/28 10:56:53.262,1,NVIDIA GeForce RTX 4080,0,1,2,16376,45,33.74
2026/03/28 10:56:54.311,0,NVIDIA GeForce RTX 4090,0,0,9298,24564,43,79.02
2026/03/28 10:56:54.317,1,NVIDIA GeForce RTX 4080,0,1,2,16376,45,34.00
2026/03/28 10:56:55.367,0,NVIDIA GeForce RTX 4090,0,0,9298,24564,43,71.48
2026/03/28 10:56:55.373,1,NVIDIA GeForce RTX 4080,0,1,2,16376,45,34.21
2026/03/28 10:56:56.422,0,NVIDIA GeForce RTX 4090,0,0,9298,24564,42,71.32
2026/03/28 10:56:56.428,1,NVIDIA GeForce RTX 4080,0,1,2,16376,45,34.30
2026/03/28 10:56:57.478,0,NVIDIA GeForce RTX 4090,75,58,9298,24564,50,161.45
2026/03/28 10:56:57.488,1,NVIDIA GeForce RTX 4080,0,1,2,16376,45,34.57
2026/03/28 10:56:58.536,0,NVIDIA GeForce RTX 4090,77,61,9298,24564,49,313.61
2026/03/28 10:56:58.546,1,NVIDIA GeForce RTX 4080,0,1,2,16376,45,35.31
2026/03/28 10:56:59.601,0,NVIDIA GeForce RTX 4090,75,58,9298,24564,50,307.73
2026/03/28 10:56:59.607,1,NVIDIA GeForce RTX 4080,0,1,2,16376,45,35.53
2026/03/28 10:57:00.657,0,NVIDIA GeForce RTX 4090,27,21,9298,24564,44,249.06
2026/03/28 10:57:00.663,1,NVIDIA GeForce RTX 4080,0,1,2,16376,45,35.55
2026/03/28 10:57:01.713,0,NVIDIA GeForce RTX 4090,0,0,9298,24564,43,119.73
2026/03/28 10:57:01.719,1,NVIDIA GeForce RTX 4080,0,1,2,16376,45,34.97
2026/03/28 10:57:02.769,0,NVIDIA GeForce RTX 4090,0,0,9298,24564,43,79.75
2026/03/28 10:57:02.775,1,NVIDIA GeForce RTX 4080,0,1,2,16376,45,34.23
2026/03/28 10:57:03.824,0,NVIDIA GeForce RTX 4090,0,0,9298,24564,42,75.15
2026/03/28 10:57:03.830,1,NVIDIA GeForce RTX 4080,0,1,2,16376,45,33.92
2026/03/28 10:57:04.880,0,NVIDIA GeForce RTX 4090,0,0,9298,24564,42,70.68
2026/03/28 10:57:04.886,1,NVIDIA GeForce RTX 4080,0,1,2,16376,45,33.71
2026/03/28 10:57:05.937,0,NVIDIA GeForce RTX 4090,0,0,9298,24564,42,70.82
2026/03/28 10:57:05.943,1,NVIDIA GeForce RTX 4080,0,1,2,16376,45,33.88
2026/03/28 10:57:06.993,0,NVIDIA GeForce RTX 4090,0,0,9298,24564,42,70.83
2026/03/28 10:57:06.999,1,NVIDIA GeForce RTX 4080,0,1,2,16376,45,33.96
2026/03/28 10:57:08.049,0,NVIDIA GeForce RTX 4090,0,0,9298,24564,42,70.82
2026/03/28 10:57:08.055,1,NVIDIA GeForce RTX 4080,0,1,2,16376,45,33.90
2026/03/28 10:57:09.106,0,NVIDIA GeForce RTX 4090,75,58,9298,24564,50,119.35
2026/03/28 10:57:09.119,1,NVIDIA GeForce RTX 4080,0,1,2,16376,45,33.92
2026/03/28 10:57:10.170,0,NVIDIA GeForce RTX 4090,72,57,9298,24564,50,306.32
2026/03/28 10:57:10.181,1,NVIDIA GeForce RTX 4080,0,1,2,16376,45,34.30
2026/03/28 10:57:11.232,0,NVIDIA GeForce RTX 4090,69,54,9298,24564,52,300.80
2026/03/28 10:57:11.240,1,NVIDIA GeForce RTX 4080,0,1,2,16376,45,34.88
2026/03/28 10:57:12.289,0,NVIDIA GeForce RTX 4090,75,59,9298,24564,52,305.82
2026/03/28 10:57:12.300,1,NVIDIA GeForce RTX 4080,0,1,2,16376,45,35.14
2026/03/28 10:57:13.351,0,NVIDIA GeForce RTX 4090,0,0,9298,24564,43,179.71
2026/03/28 10:57:13.358,1,NVIDIA GeForce RTX 4080,0,1,2,16376,45,34.84
2026/03/28 10:57:14.416,0,NVIDIA GeForce RTX 4090,0,0,9298,24564,47,90.57
2026/03/28 10:57:14.425,1,NVIDIA GeForce RTX 4080,0,1,2,16376,45,34.41
2026/03/28 10:57:15.474,0,NVIDIA GeForce RTX 4090,92,71,9298,24564,51,375.50
2026/03/28 10:57:15.484,1,NVIDIA GeForce RTX 4080,0,1,2,16376,45,34.47
2026/03/28 10:57:16.534,0,NVIDIA GeForce RTX 4090,92,73,9298,24564,53,374.82
2026/03/28 10:57:16.540,1,NVIDIA GeForce RTX 4080,0,1,2,16376,45,34.70
2026/03/28 10:57:17.592,0,NVIDIA GeForce RTX 4090,92,74,9298,24564,52,375.20
2026/03/28 10:57:17.599,1,NVIDIA GeForce RTX 4080,0,1,2,16376,45,34.81
2026/03/28 10:57:18.650,0,NVIDIA GeForce RTX 4090,94,75,9298,24564,51,377.18
2026/03/28 10:57:18.658,1,NVIDIA GeForce RTX 4080,0,1,2,16376,45,34.94
2026/03/28 10:57:19.708,0,NVIDIA GeForce RTX 4090,92,74,9298,24564,54,375.10
2026/03/28 10:57:19.714,1,NVIDIA GeForce RTX 4080,0,1,2,16376,45,35.28
2026/03/28 10:57:20.766,0,NVIDIA GeForce RTX 4090,93,72,9298,24564,51,378.71
2026/03/28 10:57:20.776,1,NVIDIA GeForce RTX 4080,0,1,2,16376,45,35.33
2026/03/28 10:57:21.829,0,NVIDIA GeForce RTX 4090,92,74,9298,24564,54,377.88
2026/03/28 10:57:21.836,1,NVIDIA GeForce RTX 4080,0,1,2,16376,45,35.00
2026/03/28 10:57:22.886,0,NVIDIA GeForce RTX 4090,93,74,9298,24564,52,378.46
2026/03/28 10:57:22.895,1,NVIDIA GeForce RTX 4080,0,1,2,16376,45,34.79
2026/03/28 10:57:23.948,0,NVIDIA GeForce RTX 4090,94,73,9298,24564,54,379.39
2026/03/28 10:57:23.955,1,NVIDIA GeForce RTX 4080,0,1,2,16376,45,34.82
2026/03/28 10:57:25.008,0,NVIDIA GeForce RTX 4090,91,72,9298,24564,55,379.81
2026/03/28 10:57:25.052,1,NVIDIA GeForce RTX 4080,0,1,2,16376,45,35.00
2026/03/28 10:57:26.101,0,NVIDIA GeForce RTX 4090,93,75,9298,24564,53,381.65
2026/03/28 10:57:26.113,1,NVIDIA GeForce RTX 4080,0,1,2,16376,45,35.09
2026/03/28 10:57:27.163,0,NVIDIA GeForce RTX 4090,94,73,9298,24564,54,381.43
2026/03/28 10:57:27.173,1,NVIDIA GeForce RTX 4080,0,1,2,16376,45,34.93
2026/03/28 10:57:28.223,0,NVIDIA GeForce RTX 4090,0,0,9298,24564,46,127.13
2026/03/28 10:57:28.229,1,NVIDIA GeForce RTX 4080,0,1,2,16376,45,34.85
2026/03/28 10:57:29.280,0,NVIDIA GeForce RTX 4090,0,0,9298,24564,45,81.70
2026/03/28 10:57:29.284,1,NVIDIA GeForce RTX 4080,0,1,2,16376,45,34.75
2026/03/28 10:57:30.333,0,NVIDIA GeForce RTX 4090,0,0,9298,24564,44,76.81
2026/03/28 10:57:30.337,1,NVIDIA GeForce RTX 4080,0,1,2,16376,45,34.83
2026/03/28 10:57:31.387,0,NVIDIA GeForce RTX 4090,0,0,9298,24564,44,71.96
2026/03/28 10:57:31.391,1,NVIDIA GeForce RTX 4080,0,1,2,16376,45,34.63
2026/03/28 10:57:32.440,0,NVIDIA GeForce RTX 4090,0,0,9298,24564,44,71.70
2026/03/28 10:57:32.445,1,NVIDIA GeForce RTX 4080,0,1,2,16376,45,34.20
2026/03/28 10:57:33.495,0,NVIDIA GeForce RTX 4090,0,0,9298,24564,43,77.38
2026/03/28 10:57:33.500,1,NVIDIA GeForce RTX 4080,0,1,2,16376,45,34.41
2026/03/28 10:57:34.550,0,NVIDIA GeForce RTX 4090,0,0,9298,24564,43,78.98
2026/03/28 10:57:34.554,1,NVIDIA GeForce RTX 4080,0,1,2,16376,45,34.72
2026/03/28 10:57:35.601,0,NVIDIA GeForce RTX 4090,69,54,9298,24564,49,128.97
2026/03/28 10:57:35.609,1,NVIDIA GeForce RTX 4080,0,1,2,16376,45,34.46
2026/03/28 10:57:36.660,0,NVIDIA GeForce RTX 4090,75,58,9298,24564,50,321.05
2026/03/28 10:57:36.670,1,NVIDIA GeForce RTX 4080,0,1,2,16376,45,34.86
2026/03/28 10:57:37.719,0,NVIDIA GeForce RTX 4090,78,61,9298,24564,51,314.33
2026/03/28 10:57:37.730,1,NVIDIA GeForce RTX 4080,0,1,2,16376,45,35.34
2026/03/28 10:57:38.779,0,NVIDIA GeForce RTX 4090,55,43,9298,24564,47,300.01
2026/03/28 10:57:38.787,1,NVIDIA GeForce RTX 4080,0,1,2,16376,45,35.21
2026/03/28 10:57:39.839,0,NVIDIA GeForce RTX 4090,0,0,9298,24564,44,112.23
2026/03/28 10:57:39.843,1,NVIDIA GeForce RTX 4080,0,1,2,16376,45,34.90
2026/03/28 10:57:40.893,0,NVIDIA GeForce RTX 4090,0,0,9298,24564,43,80.25
2026/03/28 10:57:40.898,1,NVIDIA GeForce RTX 4080,0,1,2,16376,45,34.33
2026/03/28 10:57:41.948,0,NVIDIA GeForce RTX 4090,0,0,9298,24564,43,75.61
2026/03/28 10:57:41.952,1,NVIDIA GeForce RTX 4080,0,1,2,16376,45,34.10
2026/03/28 10:57:43.003,0,NVIDIA GeForce RTX 4090,0,0,9298,24564,43,71.33
2026/03/28 10:57:43.007,1,NVIDIA GeForce RTX 4080,0,1,2,16376,45,34.10
2026/03/28 10:57:44.058,0,NVIDIA GeForce RTX 4090,0,0,9298,24564,43,71.47
2026/03/28 10:57:44.063,1,NVIDIA GeForce RTX 4080,0,1,2,16376,45,34.05
2026/03/28 10:57:45.113,0,NVIDIA GeForce RTX 4090,0,0,9298,24564,42,71.46
2026/03/28 10:57:45.118,1,NVIDIA GeForce RTX 4080,0,1,2,16376,45,34.02
2026/03/28 10:57:46.167,0,NVIDIA GeForce RTX 4090,0,0,9298,24564,42,71.47
2026/03/28 10:57:46.172,1,NVIDIA GeForce RTX 4080,0,1,2,16376,45,34.05
2026/03/28 10:57:47.221,0,NVIDIA GeForce RTX 4090,81,63,9298,24564,48,164.17
2026/03/28 10:57:47.229,1,NVIDIA GeForce RTX 4080,0,1,2,16376,45,34.16
2026/03/28 10:57:48.281,0,NVIDIA GeForce RTX 4090,68,55,9298,24564,51,312.70
2026/03/28 10:57:48.286,1,NVIDIA GeForce RTX 4080,0,1,2,16376,45,34.82
2026/03/28 10:57:49.335,0,NVIDIA GeForce RTX 4090,70,55,9298,24564,49,311.23
2026/03/28 10:57:49.346,1,NVIDIA GeForce RTX 4080,0,1,2,16376,45,35.61
2026/03/28 10:57:50.401,0,NVIDIA GeForce RTX 4090,76,60,9298,24564,51,311.59
2026/03/28 10:57:50.407,1,NVIDIA GeForce RTX 4080,0,1,2,16376,45,35.44
2026/03/28 10:57:51.456,0,NVIDIA GeForce RTX 4090,0,0,9298,24564,43,110.47
2026/03/28 10:57:51.461,1,NVIDIA GeForce RTX 4080,0,1,2,16376,45,34.71
2026/03/28 10:57:52.513,0,NVIDIA GeForce RTX 4090,92,73,9298,24564,52,201.91
2026/03/28 10:57:52.526,1,NVIDIA GeForce RTX 4080,0,1,2,16376,45,33.98
2026/03/28 10:57:53.576,0,NVIDIA GeForce RTX 4090,90,71,9298,24564,50,378.05
2026/03/28 10:57:53.607,1,NVIDIA GeForce RTX 4080,0,1,2,16376,45,34.41
2026/03/28 10:57:54.659,0,NVIDIA GeForce RTX 4090,94,75,9298,24564,53,380.77
2026/03/28 10:57:54.667,1,NVIDIA GeForce RTX 4080,0,1,2,16376,45,34.94
2026/03/28 10:57:55.718,0,NVIDIA GeForce RTX 4090,92,73,9298,24564,54,382.87
2026/03/28 10:57:55.727,1,NVIDIA GeForce RTX 4080,0,1,2,16376,45,35.00
2026/03/28 10:57:56.778,0,NVIDIA GeForce RTX 4090,94,75,9298,24564,55,379.53
2026/03/28 10:57:56.787,1,NVIDIA GeForce RTX 4080,0,1,2,16376,45,34.84
2026/03/28 10:57:57.841,0,NVIDIA GeForce RTX 4090,95,76,9298,24564,55,380.24
2026/03/28 10:57:57.849,1,NVIDIA GeForce RTX 4080,0,1,2,16376,45,34.80
2026/03/28 10:57:58.900,0,NVIDIA GeForce RTX 4090,92,74,9298,24564,54,382.93
2026/03/28 10:57:58.909,1,NVIDIA GeForce RTX 4080,0,1,2,16376,45,34.99
2026/03/28 10:57:59.961,0,NVIDIA GeForce RTX 4090,93,74,9298,24564,57,382.05
2026/03/28 10:57:59.968,1,NVIDIA GeForce RTX 4080,0,1,2,16376,45,35.10
2026/03/28 10:58:01.020,0,NVIDIA GeForce RTX 4090,93,74,9298,24564,55,382.80
2026/03/28 10:58:01.028,1,NVIDIA GeForce RTX 4080,0,1,2,16376,45,35.11
2026/03/28 10:58:02.079,0,NVIDIA GeForce RTX 4090,93,74,9298,24564,54,379.88
2026/03/28 10:58:02.086,1,NVIDIA GeForce RTX 4080,0,1,2,16376,45,35.17
2026/03/28 10:58:03.138,0,NVIDIA GeForce RTX 4090,93,74,9298,24564,54,381.31
2026/03/28 10:58:03.148,1,NVIDIA GeForce RTX 4080,0,1,2,16376,45,35.22
2026/03/28 10:58:04.199,0,NVIDIA GeForce RTX 4090,92,73,9298,24564,54,384.09
2026/03/28 10:58:04.208,1,NVIDIA GeForce RTX 4080,0,1,2,16376,45,35.29
2026/03/28 10:58:05.257,0,NVIDIA GeForce RTX 4090,0,0,9298,24564,46,219.90
2026/03/28 10:58:05.262,1,NVIDIA GeForce RTX 4080,0,1,2,16376,45,35.20
2026/03/28 10:58:06.311,0,NVIDIA GeForce RTX 4090,0,0,9298,24564,46,138.28
2026/03/28 10:58:06.316,1,NVIDIA GeForce RTX 4080,0,1,2,16376,45,34.25
2026/03/28 10:58:07.366,0,NVIDIA GeForce RTX 4090,0,0,9298,24564,45,82.46
2026/03/28 10:58:07.371,1,NVIDIA GeForce RTX 4080,0,1,2,16376,45,34.44
2026/03/28 10:58:08.420,0,NVIDIA GeForce RTX 4090,0,0,9298,24564,44,77.81
2026/03/28 10:58:08.425,1,NVIDIA GeForce RTX 4080,0,1,2,16376,45,34.71
2026/03/28 10:58:09.473,0,NVIDIA GeForce RTX 4090,0,0,9298,24564,44,72.14
2026/03/28 10:58:09.478,1,NVIDIA GeForce RTX 4080,0,1,2,16376,45,34.66
2026/03/28 10:58:10.528,0,NVIDIA GeForce RTX 4090,0,0,9298,24564,44,72.02
2026/03/28 10:58:10.533,1,NVIDIA GeForce RTX 4080,0,1,2,16376,45,34.48
2026/03/28 10:58:11.584,0,NVIDIA GeForce RTX 4090,0,0,9298,24564,44,71.84
2026/03/28 10:58:11.589,1,NVIDIA GeForce RTX 4080,0,1,2,16376,45,34.45
2026/03/28 10:58:12.638,0,NVIDIA GeForce RTX 4090,0,0,9298,24564,43,71.51
2026/03/28 10:58:12.643,1,NVIDIA GeForce RTX 4080,0,1,2,16376,45,34.71
2026/03/28 10:58:13.693,0,NVIDIA GeForce RTX 4090,0,0,9298,24564,43,71.39
2026/03/28 10:58:13.698,1,NVIDIA GeForce RTX 4080,0,1,2,16376,45,34.57
2026/03/28 10:58:14.747,0,NVIDIA GeForce RTX 4090,77,61,9298,24564,49,153.42
2026/03/28 10:58:14.758,1,NVIDIA GeForce RTX 4080,0,1,2,16376,45,34.46
2026/03/28 10:58:15.810,0,NVIDIA GeForce RTX 4090,78,63,9298,24564,52,320.32
2026/03/28 10:58:15.817,1,NVIDIA GeForce RTX 4080,0,1,2,16376,45,35.21
2026/03/28 10:58:16.867,0,NVIDIA GeForce RTX 4090,64,50,9298,24564,47,313.42
2026/03/28 10:58:16.878,1,NVIDIA GeForce RTX 4080,0,1,2,16376,45,35.74
2026/03/28 10:58:17.930,0,NVIDIA GeForce RTX 4090,38,29,9298,24564,46,292.68
2026/03/28 10:58:17.936,1,NVIDIA GeForce RTX 4080,0,1,2,16376,45,35.47
2026/03/28 10:58:18.990,0,NVIDIA GeForce RTX 4090,0,0,9298,24564,44,125.93
2026/03/28 10:58:18.995,1,NVIDIA GeForce RTX 4080,0,1,2,16376,45,34.99
2026/03/28 10:58:20.046,0,NVIDIA GeForce RTX 4090,0,0,9298,24564,44,79.83
2026/03/28 10:58:20.051,1,NVIDIA GeForce RTX 4080,0,1,2,16376,45,34.37
2026/03/28 10:58:21.101,0,NVIDIA GeForce RTX 4090,0,0,9298,24564,43,74.98
2026/03/28 10:58:21.106,1,NVIDIA GeForce RTX 4080,0,1,2,16376,45,34.26
2026/03/28 10:58:22.157,0,NVIDIA GeForce RTX 4090,0,0,9298,24564,43,70.57
2026/03/28 10:58:22.162,1,NVIDIA GeForce RTX 4080,0,1,2,16376,45,34.39
2026/03/28 10:58:23.212,0,NVIDIA GeForce RTX 4090,0,0,9298,24564,43,70.63
2026/03/28 10:58:23.217,1,NVIDIA GeForce RTX 4080,0,1,2,16376,45,34.25
2026/03/28 10:58:24.268,0,NVIDIA GeForce RTX 4090,0,0,9298,24564,42,70.37
2026/03/28 10:58:24.273,1,NVIDIA GeForce RTX 4080,0,1,2,16376,45,34.25
2026/03/28 10:58:25.324,0,NVIDIA GeForce RTX 4090,0,0,9298,24564,42,70.53
2026/03/28 10:58:25.329,1,NVIDIA GeForce RTX 4080,0,1,2,16376,45,34.56
2026/03/28 10:58:26.382,0,NVIDIA GeForce RTX 4090,0,0,9298,24564,46,82.56
2026/03/28 10:58:26.395,1,NVIDIA GeForce RTX 4080,0,1,2,16376,45,34.68
2026/03/28 10:58:27.449,0,NVIDIA GeForce RTX 4090,76,58,9298,24564,51,320.31
2026/03/28 10:58:27.455,1,NVIDIA GeForce RTX 4080,0,1,2,16376,45,35.25
2026/03/28 10:58:28.507,0,NVIDIA GeForce RTX 4090,71,56,9298,24564,50,315.65
2026/03/28 10:58:28.517,1,NVIDIA GeForce RTX 4080,0,1,2,16376,45,35.68
2026/03/28 10:58:29.565,0,NVIDIA GeForce RTX 4090,72,57,9298,24564,53,314.80
2026/03/28 10:58:29.572,1,NVIDIA GeForce RTX 4080,0,1,2,16376,45,35.78
2026/03/28 10:58:30.624,0,NVIDIA GeForce RTX 4090,0,0,9298,24564,44,213.10
2026/03/28 10:58:30.631,1,NVIDIA GeForce RTX 4080,0,1,2,16376,45,35.57
2026/03/28 10:58:31.683,0,NVIDIA GeForce RTX 4090,0,0,9298,24564,43,123.31
2026/03/28 10:58:31.689,1,NVIDIA GeForce RTX 4080,0,1,2,16376,45,34.90
2026/03/28 10:58:32.740,0,NVIDIA GeForce RTX 4090,94,73,9298,24564,53,225.07
2026/03/28 10:58:32.753,1,NVIDIA GeForce RTX 4080,0,1,2,16376,45,34.84
2026/03/28 10:58:33.806,0,NVIDIA GeForce RTX 4090,92,74,9298,24564,54,382.13
2026/03/28 10:58:33.815,1,NVIDIA GeForce RTX 4080,0,1,2,16376,45,35.28
2026/03/28 10:58:34.865,0,NVIDIA GeForce RTX 4090,95,75,9298,24564,52,379.52
2026/03/28 10:58:34.877,1,NVIDIA GeForce RTX 4080,0,1,2,16376,45,35.24
2026/03/28 10:58:35.928,0,NVIDIA GeForce RTX 4090,94,73,9298,24564,53,382.03
2026/03/28 10:58:35.939,1,NVIDIA GeForce RTX 4080,0,1,2,16376,45,35.14
2026/03/28 10:58:36.990,0,NVIDIA GeForce RTX 4090,94,74,9298,24564,53,379.61
2026/03/28 10:58:36.998,1,NVIDIA GeForce RTX 4080,0,1,2,16376,45,35.26
2026/03/28 10:58:38.049,0,NVIDIA GeForce RTX 4090,92,73,9298,24564,52,380.57
2026/03/28 10:58:38.058,1,NVIDIA GeForce RTX 4080,0,1,2,16376,45,35.48
2026/03/28 10:58:39.109,0,NVIDIA GeForce RTX 4090,93,74,9298,24564,54,382.50
2026/03/28 10:58:39.119,1,NVIDIA GeForce RTX 4080,0,1,2,16376,45,35.56
2026/03/28 10:58:40.170,0,NVIDIA GeForce RTX 4090,94,73,9298,24564,53,378.87
2026/03/28 10:58:40.217,1,NVIDIA GeForce RTX 4080,0,1,2,16376,45,35.67
2026/03/28 10:58:41.265,0,NVIDIA GeForce RTX 4090,92,73,9298,24564,55,376.90
2026/03/28 10:58:41.273,1,NVIDIA GeForce RTX 4080,0,1,2,16376,45,35.71
2026/03/28 10:58:42.324,0,NVIDIA GeForce RTX 4090,92,73,9298,24564,55,376.67
2026/03/28 10:58:42.334,1,NVIDIA GeForce RTX 4080,0,1,2,16376,45,35.63
2026/03/28 10:58:43.387,0,NVIDIA GeForce RTX 4090,94,76,9298,24564,56,381.35
2026/03/28 10:58:43.394,1,NVIDIA GeForce RTX 4080,0,1,2,16376,45,35.58
2026/03/28 10:58:44.444,0,NVIDIA GeForce RTX 4090,93,74,9298,24564,53,384.62
2026/03/28 10:58:44.454,1,NVIDIA GeForce RTX 4080,0,1,2,16376,45,35.31
2026/03/28 10:58:45.505,0,NVIDIA GeForce RTX 4090,0,0,9298,24564,46,158.71
2026/03/28 10:58:45.510,1,NVIDIA GeForce RTX 4080,0,1,2,16376,45,34.92
2026/03/28 10:58:46.560,0,NVIDIA GeForce RTX 4090,0,0,9298,24564,45,81.80
2026/03/28 10:58:46.566,1,NVIDIA GeForce RTX 4080,0,1,2,16376,45,34.86
2026/03/28 10:58:47.615,0,NVIDIA GeForce RTX 4090,0,0,9298,24564,45,76.98
2026/03/28 10:58:47.621,1,NVIDIA GeForce RTX 4080,0,1,2,16376,45,34.95
2026/03/28 10:58:48.670,0,NVIDIA GeForce RTX 4090,0,0,9298,24564,44,72.15
2026/03/28 10:58:48.676,1,NVIDIA GeForce RTX 4080,0,1,2,16376,45,35.06
2026/03/28 10:58:49.723,0,NVIDIA GeForce RTX 4090,0,0,9298,24564,44,71.72
2026/03/28 10:58:49.729,1,NVIDIA GeForce RTX 4080,0,1,2,16376,45,35.13
2026/03/28 10:58:50.777,0,NVIDIA GeForce RTX 4090,0,0,9298,24564,44,71.56
2026/03/28 10:58:50.782,1,NVIDIA GeForce RTX 4080,0,1,2,16376,45,35.21
2026/03/28 10:58:51.835,0,NVIDIA GeForce RTX 4090,0,0,9298,24564,44,71.65
2026/03/28 10:58:51.841,1,NVIDIA GeForce RTX 4080,0,1,2,16376,45,35.21
2026/03/28 10:58:52.891,0,NVIDIA GeForce RTX 4090,0,0,9298,24564,43,71.56
2026/03/28 10:58:52.896,1,NVIDIA GeForce RTX 4080,0,1,2,16376,45,34.89
2026/03/28 10:58:53.946,0,NVIDIA GeForce RTX 4090,0,0,9298,24564,43,71.41
2026/03/28 10:58:53.951,1,NVIDIA GeForce RTX 4080,0,1,2,16376,45,34.85
2026/03/28 10:58:55.001,0,NVIDIA GeForce RTX 4090,0,0,9298,24564,43,77.12
2026/03/28 10:58:55.007,1,NVIDIA GeForce RTX 4080,0,1,2,16376,45,35.07
2026/03/28 10:58:56.060,0,NVIDIA GeForce RTX 4090,0,0,9298,24564,43,78.75
2026/03/28 10:58:56.067,1,NVIDIA GeForce RTX 4080,0,1,2,16376,45,35.13
2026/03/28 10:58:57.116,0,NVIDIA GeForce RTX 4090,0,0,9298,24564,43,78.59
2026/03/28 10:58:57.122,1,NVIDIA GeForce RTX 4080,0,1,2,16376,45,35.27
2026/03/28 10:58:58.174,0,NVIDIA GeForce RTX 4090,78,61,9298,24564,50,218.94
2026/03/28 10:58:58.186,1,NVIDIA GeForce RTX 4080,0,1,2,16376,45,35.25
2026/03/28 10:58:59.239,0,NVIDIA GeForce RTX 4090,73,56,9298,24564,47,314.43
2026/03/28 10:58:59.247,1,NVIDIA GeForce RTX 4080,0,1,2,16376,45,35.62
2026/03/28 10:59:00.296,0,NVIDIA GeForce RTX 4090,55,43,9298,24564,52,302.80
2026/03/28 10:59:00.305,1,NVIDIA GeForce RTX 4080,0,1,2,16376,45,36.01
2026/03/28 10:59:01.355,0,NVIDIA GeForce RTX 4090,0,0,9298,24564,45,210.20
2026/03/28 10:59:01.362,1,NVIDIA GeForce RTX 4080,0,1,2,16376,45,35.89
2026/03/28 10:59:02.414,0,NVIDIA GeForce RTX 4090,0,0,9298,24564,44,109.40
2026/03/28 10:59:02.419,1,NVIDIA GeForce RTX 4080,0,1,2,16376,45,35.30
2026/03/28 10:59:03.470,0,NVIDIA GeForce RTX 4090,0,0,9298,24564,43,80.14
2026/03/28 10:59:03.476,1,NVIDIA GeForce RTX 4080,0,1,2,16376,45,35.02
2026/03/28 10:59:04.526,0,NVIDIA GeForce RTX 4090,0,0,9298,24564,43,75.85
2026/03/28 10:59:04.532,1,NVIDIA GeForce RTX 4080,0,1,2,16376,45,35.17
2026/03/28 10:59:05.582,0,NVIDIA GeForce RTX 4090,0,0,9298,24564,43,71.52
2026/03/28 10:59:05.587,1,NVIDIA GeForce RTX 4080,0,1,2,16376,45,35.06
2026/03/28 10:59:06.638,0,NVIDIA GeForce RTX 4090,0,0,9298,24564,42,71.45
2026/03/28 10:59:06.643,1,NVIDIA GeForce RTX 4080,0,1,2,16376,45,34.90
2026/03/28 10:59:07.693,0,NVIDIA GeForce RTX 4090,0,0,9298,24564,42,71.35
2026/03/28 10:59:07.699,1,NVIDIA GeForce RTX 4080,0,1,2,16376,45,34.83
2026/03/28 10:59:08.748,0,NVIDIA GeForce RTX 4090,0,0,9298,24564,42,70.93
2026/03/28 10:59:08.754,1,NVIDIA GeForce RTX 4080,0,1,2,16376,45,35.03
2026/03/28 10:59:09.803,0,NVIDIA GeForce RTX 4090,78,62,9298,24564,49,161.32
2026/03/28 10:59:09.814,1,NVIDIA GeForce RTX 4080,0,1,2,16376,45,35.35
2026/03/28 10:59:10.865,0,NVIDIA GeForce RTX 4090,72,57,9298,24564,52,312.47
2026/03/28 10:59:10.872,1,NVIDIA GeForce RTX 4080,0,1,2,16376,45,35.89
2026/03/28 10:59:11.922,0,NVIDIA GeForce RTX 4090,77,61,9298,24564,49,304.12
2026/03/28 10:59:11.985,1,NVIDIA GeForce RTX 4080,0,1,2,16376,45,36.17
2026/03/28 10:59:13.037,0,NVIDIA GeForce RTX 4090,31,23,9298,24564,45,293.80
2026/03/28 10:59:13.098,1,NVIDIA GeForce RTX 4080,0,1,2,16376,45,35.88
2026/03/28 10:59:14.145,0,NVIDIA GeForce RTX 4090,0,0,9298,24564,43,124.63
2026/03/28 10:59:14.151,1,NVIDIA GeForce RTX 4080,0,1,2,16376,45,35.66
2026/03/28 10:59:15.202,0,NVIDIA GeForce RTX 4090,93,74,9298,24564,52,178.70
2026/03/28 10:59:15.210,1,NVIDIA GeForce RTX 4080,0,1,2,16376,45,35.28
2026/03/28 10:59:16.259,0,NVIDIA GeForce RTX 4090,94,74,9298,24564,53,380.81
2026/03/28 10:59:16.269,1,NVIDIA GeForce RTX 4080,0,1,2,16376,45,35.25
2026/03/28 10:59:17.322,0,NVIDIA GeForce RTX 4090,94,75,9298,24564,53,378.07
2026/03/28 10:59:17.359,1,NVIDIA GeForce RTX 4080,0,1,2,16376,45,35.79
2026/03/28 10:59:18.410,0,NVIDIA GeForce RTX 4090,94,74,9298,24564,54,382.23
2026/03/28 10:59:18.424,1,NVIDIA GeForce RTX 4080,0,1,2,16376,45,35.83
2026/03/28 10:59:19.475,0,NVIDIA GeForce RTX 4090,94,75,9298,24564,52,380.98
2026/03/28 10:59:19.487,1,NVIDIA GeForce RTX 4080,0,1,2,16376,45,35.88
2026/03/28 10:59:20.535,0,NVIDIA GeForce RTX 4090,94,75,9298,24564,54,382.04
2026/03/28 10:59:20.544,1,NVIDIA GeForce RTX 4080,0,1,2,16376,45,35.78
2026/03/28 10:59:21.594,0,NVIDIA GeForce RTX 4090,95,74,9298,24564,54,381.43
2026/03/28 10:59:21.605,1,NVIDIA GeForce RTX 4080,0,1,2,16376,45,35.76
2026/03/28 10:59:22.657,0,NVIDIA GeForce RTX 4090,94,75,9298,24564,52,381.58
2026/03/28 10:59:22.668,1,NVIDIA GeForce RTX 4080,0,1,2,16376,45,35.51
2026/03/28 10:59:23.722,0,NVIDIA GeForce RTX 4090,95,75,9298,24564,55,380.12
2026/03/28 10:59:23.731,1,NVIDIA GeForce RTX 4080,0,1,2,16376,45,35.42
2026/03/28 10:59:24.784,0,NVIDIA GeForce RTX 4090,94,75,9298,24564,55,380.50
2026/03/28 10:59:24.798,1,NVIDIA GeForce RTX 4080,0,1,2,16376,45,35.49
2026/03/28 10:59:25.847,0,NVIDIA GeForce RTX 4090,94,74,9298,24564,54,381.89
2026/03/28 10:59:25.859,1,NVIDIA GeForce RTX 4080,0,1,2,16376,45,35.25
2026/03/28 10:59:26.911,0,NVIDIA GeForce RTX 4090,94,74,9298,24564,58,381.32
2026/03/28 10:59:26.919,1,NVIDIA GeForce RTX 4080,0,1,2,16376,45,35.24
2026/03/28 10:59:27.969,0,NVIDIA GeForce RTX 4090,36,29,9298,24564,47,323.25
2026/03/28 10:59:27.976,1,NVIDIA GeForce RTX 4080,0,1,2,16376,45,35.31
2026/03/28 10:59:29.025,0,NVIDIA GeForce RTX 4090,0,0,9298,24564,46,132.79
2026/03/28 10:59:29.031,1,NVIDIA GeForce RTX 4080,0,1,2,16376,45,35.09
2026/03/28 10:59:30.081,0,NVIDIA GeForce RTX 4090,0,0,9298,24564,45,80.28
2026/03/28 10:59:30.087,1,NVIDIA GeForce RTX 4080,0,1,2,16376,45,34.80
2026/03/28 10:59:31.136,0,NVIDIA GeForce RTX 4090,0,0,9298,24564,45,76.15
2026/03/28 10:59:31.142,1,NVIDIA GeForce RTX 4080,0,1,2,16376,45,34.88
2026/03/28 10:59:32.190,0,NVIDIA GeForce RTX 4090,0,0,9298,24564,44,72.16
2026/03/28 10:59:32.195,1,NVIDIA GeForce RTX 4080,0,1,2,16376,45,35.10
2026/03/28 10:59:33.245,0,NVIDIA GeForce RTX 4090,0,0,9298,24564,44,72.16
2026/03/28 10:59:33.251,1,NVIDIA GeForce RTX 4080,0,1,2,16376,45,35.08
2026/03/28 10:59:34.301,0,NVIDIA GeForce RTX 4090,0,0,9298,24564,44,72.11
2026/03/28 10:59:34.307,1,NVIDIA GeForce RTX 4080,0,1,2,16376,45,34.55
2026/03/28 10:59:35.356,0,NVIDIA GeForce RTX 4090,0,0,9298,24564,44,71.95
2026/03/28 10:59:35.362,1,NVIDIA GeForce RTX 4080,0,1,2,16376,45,34.39
2026/03/28 10:59:36.409,0,NVIDIA GeForce RTX 4090,0,0,9298,24564,43,71.86
2026/03/28 10:59:36.415,1,NVIDIA GeForce RTX 4080,0,1,2,16376,45,34.45
2026/03/28 10:59:37.464,0,NVIDIA GeForce RTX 4090,0,0,9298,24564,43,71.77
2026/03/28 10:59:37.470,1,NVIDIA GeForce RTX 4080,0,1,2,16376,45,34.48
2026/03/28 10:59:38.520,0,NVIDIA GeForce RTX 4090,0,0,9298,24564,43,71.53
2026/03/28 10:59:38.526,1,NVIDIA GeForce RTX 4080,0,1,2,16376,45,34.32
2026/03/28 10:59:39.576,0,NVIDIA GeForce RTX 4090,0,0,9298,24564,43,83.66
2026/03/28 10:59:39.583,1,NVIDIA GeForce RTX 4080,0,1,2,16376,45,34.39
2026/03/28 10:59:40.632,0,NVIDIA GeForce RTX 4090,0,0,9298,24564,43,78.52
2026/03/28 10:59:40.638,1,NVIDIA GeForce RTX 4080,0,1,2,16376,45,34.27
2026/03/28 10:59:41.689,0,NVIDIA GeForce RTX 4090,77,61,9298,24564,49,251.35
2026/03/28 10:59:41.699,1,NVIDIA GeForce RTX 4080,0,1,2,16376,45,34.63
2026/03/28 10:59:42.748,0,NVIDIA GeForce RTX 4090,77,62,9298,24564,50,310.87
2026/03/28 10:59:42.760,1,NVIDIA GeForce RTX 4080,0,1,2,16376,45,35.44
2026/03/28 10:59:43.811,0,NVIDIA GeForce RTX 4090,77,60,9298,24564,50,304.85
2026/03/28 10:59:43.820,1,NVIDIA GeForce RTX 4080,0,1,2,16376,45,35.75
2026/03/28 10:59:44.870,0,NVIDIA GeForce RTX 4090,0,0,9298,24564,44,189.41
2026/03/28 10:59:44.876,1,NVIDIA GeForce RTX 4080,0,1,2,16376,45,35.74
2026/03/28 10:59:45.929,0,NVIDIA GeForce RTX 4090,0,0,9298,24564,44,105.39
2026/03/28 10:59:45.935,1,NVIDIA GeForce RTX 4080,0,1,2,16376,45,35.32
2026/03/28 10:59:46.984,0,NVIDIA GeForce RTX 4090,0,0,9298,24564,43,80.36
2026/03/28 10:59:46.990,1,NVIDIA GeForce RTX 4080,0,1,2,16376,45,34.99
2026/03/28 10:59:48.039,0,NVIDIA GeForce RTX 4090,0,0,9298,24564,43,75.90
2026/03/28 10:59:48.046,1,NVIDIA GeForce RTX 4080,0,1,2,16376,45,34.88
2026/03/28 10:59:49.095,0,NVIDIA GeForce RTX 4090,0,0,9298,24564,42,71.78
2026/03/28 10:59:49.101,1,NVIDIA GeForce RTX 4080,0,1,2,16376,45,34.69
2026/03/28 10:59:50.151,0,NVIDIA GeForce RTX 4090,0,0,9298,24564,42,71.49
2026/03/28 10:59:50.157,1,NVIDIA GeForce RTX 4080,0,1,2,16376,45,34.56
2026/03/28 10:59:51.206,0,NVIDIA GeForce RTX 4090,0,0,9298,24564,42,71.18
2026/03/28 10:59:51.212,1,NVIDIA GeForce RTX 4080,0,1,2,16376,45,34.60
2026/03/28 10:59:52.262,0,NVIDIA GeForce RTX 4090,0,0,9298,24564,42,79.31
2026/03/28 10:59:52.269,1,NVIDIA GeForce RTX 4080,0,1,2,16376,45,34.89
2026/03/28 10:59:53.322,0,NVIDIA GeForce RTX 4090,73,57,9298,24564,48,270.52
2026/03/28 10:59:53.329,1,NVIDIA GeForce RTX 4080,0,1,2,16376,45,35.58
2026/03/28 10:59:54.380,0,NVIDIA GeForce RTX 4090,67,55,9298,24564,48,302.05
2026/03/28 10:59:54.389,1,NVIDIA GeForce RTX 4080,0,1,2,16376,45,35.98
2026/03/28 10:59:55.440,0,NVIDIA GeForce RTX 4090,72,57,9298,24564,49,301.78
2026/03/28 10:59:55.449,1,NVIDIA GeForce RTX 4080,0,1,2,16376,45,35.96
2026/03/28 10:59:56.499,0,NVIDIA GeForce RTX 4090,10,8,9298,24564,44,267.06
2026/03/28 10:59:56.505,1,NVIDIA GeForce RTX 4080,0,1,2,16376,45,36.01
2026/03/28 10:59:57.556,0,NVIDIA GeForce RTX 4090,0,0,9298,24564,43,108.60
2026/03/28 10:59:57.560,1,NVIDIA GeForce RTX 4080,0,1,2,16376,45,35.54
2026/03/28 10:59:58.611,0,NVIDIA GeForce RTX 4090,93,74,9298,24564,51,222.08
2026/03/28 10:59:58.619,1,NVIDIA GeForce RTX 4080,0,1,2,16376,45,35.13
2026/03/28 10:59:59.671,0,NVIDIA GeForce RTX 4090,93,74,9298,24564,53,379.87
2026/03/28 10:59:59.677,1,NVIDIA GeForce RTX 4080,0,1,2,16376,45,35.39
2026/03/28 11:00:00.727,0,NVIDIA GeForce RTX 4090,93,72,9298,24564,51,380.72
2026/03/28 11:00:00.733,1,NVIDIA GeForce RTX 4080,0,1,2,16376,45,35.48
2026/03/28 11:00:01.785,0,NVIDIA GeForce RTX 4090,94,75,9298,24564,56,381.68
2026/03/28 11:00:01.791,1,NVIDIA GeForce RTX 4080,0,1,2,16376,45,35.40
2026/03/28 11:00:02.841,0,NVIDIA GeForce RTX 4090,92,73,9298,24564,52,379.32
2026/03/28 11:00:02.849,1,NVIDIA GeForce RTX 4080,0,1,2,16376,45,35.27
2026/03/28 11:00:03.899,0,NVIDIA GeForce RTX 4090,94,74,9298,24564,54,381.71
2026/03/28 11:00:03.907,1,NVIDIA GeForce RTX 4080,0,1,2,16376,45,35.19
2026/03/28 11:00:04.957,0,NVIDIA GeForce RTX 4090,95,74,9298,24564,55,381.98
2026/03/28 11:00:04.967,1,NVIDIA GeForce RTX 4080,0,1,2,16376,45,35.32
2026/03/28 11:00:06.017,0,NVIDIA GeForce RTX 4090,92,73,9298,24564,52,382.52
2026/03/28 11:00:06.027,1,NVIDIA GeForce RTX 4080,0,1,2,16376,45,35.55
2026/03/28 11:00:07.078,0,NVIDIA GeForce RTX 4090,93,74,9298,24564,55,380.79
2026/03/28 11:00:07.087,1,NVIDIA GeForce RTX 4080,0,1,2,16376,45,35.65
2026/03/28 11:00:08.140,0,NVIDIA GeForce RTX 4090,94,74,9298,24564,55,380.38
2026/03/28 11:00:08.146,1,NVIDIA GeForce RTX 4080,0,1,2,16376,45,35.65
2026/03/28 11:00:09.197,0,NVIDIA GeForce RTX 4090,94,73,9298,24564,53,381.89
2026/03/28 11:00:09.207,1,NVIDIA GeForce RTX 4080,0,1,2,16376,45,35.62
2026/03/28 11:00:10.257,0,NVIDIA GeForce RTX 4090,95,74,9298,24564,53,381.94
2026/03/28 11:00:10.264,1,NVIDIA GeForce RTX 4080,0,1,2,16376,45,35.37
2026/03/28 11:00:11.314,0,NVIDIA GeForce RTX 4090,0,0,9298,24564,46,224.18
2026/03/28 11:00:11.319,1,NVIDIA GeForce RTX 4080,0,1,2,16376,45,35.29
2026/03/28 11:00:12.367,0,NVIDIA GeForce RTX 4090,0,0,9298,24564,45,116.39
2026/03/28 11:00:12.372,1,NVIDIA GeForce RTX 4080,0,1,2,16376,45,34.89
2026/03/28 11:00:13.421,0,NVIDIA GeForce RTX 4090,0,0,9298,24564,45,80.90
2026/03/28 11:00:13.425,1,NVIDIA GeForce RTX 4080,0,1,2,16376,45,34.82
2026/03/28 11:00:14.475,0,NVIDIA GeForce RTX 4090,0,0,9298,24564,44,76.67
2026/03/28 11:00:14.480,1,NVIDIA GeForce RTX 4080,0,1,2,16376,45,34.80
2026/03/28 11:00:15.530,0,NVIDIA GeForce RTX 4090,0,0,9298,24564,44,72.60
2026/03/28 11:00:15.534,1,NVIDIA GeForce RTX 4080,0,1,2,16376,45,34.88
2026/03/28 11:00:16.584,0,NVIDIA GeForce RTX 4090,0,0,9298,24564,44,72.20
2026/03/28 11:00:16.588,1,NVIDIA GeForce RTX 4080,0,1,2,16376,45,34.85
2026/03/28 11:00:17.638,0,NVIDIA GeForce RTX 4090,0,0,9298,24564,43,71.57
2026/03/28 11:00:17.643,1,NVIDIA GeForce RTX 4080,0,1,2,16376,45,34.55
2026/03/28 11:00:18.694,0,NVIDIA GeForce RTX 4090,0,0,9298,24564,43,71.61
2026/03/28 11:00:18.699,1,NVIDIA GeForce RTX 4080,0,1,2,16376,45,34.61
2026/03/28 11:00:19.750,0,NVIDIA GeForce RTX 4090,0,0,9298,24564,43,71.50
2026/03/28 11:00:19.754,1,NVIDIA GeForce RTX 4080,0,1,2,16376,45,34.93
2026/03/28 11:00:20.805,0,NVIDIA GeForce RTX 4090,0,0,9298,24564,43,86.00
2026/03/28 11:00:20.811,1,NVIDIA GeForce RTX 4080,0,1,2,16376,45,35.16
2026/03/28 11:00:21.860,0,NVIDIA GeForce RTX 4090,0,0,9298,24564,43,71.32
2026/03/28 11:00:21.865,1,NVIDIA GeForce RTX 4080,0,1,2,16376,45,35.00
2026/03/28 11:00:22.914,0,NVIDIA GeForce RTX 4090,32,26,9298,24564,47,79.76
2026/03/28 11:00:22.919,1,NVIDIA GeForce RTX 4080,0,1,2,16376,45,34.80
2026/03/28 11:00:23.971,0,NVIDIA GeForce RTX 4090,72,57,9298,24564,50,308.24
2026/03/28 11:00:23.980,1,NVIDIA GeForce RTX 4080,0,1,2,16376,45,35.04
2026/03/28 11:00:25.032,0,NVIDIA GeForce RTX 4090,72,57,9298,24564,51,309.33
2026/03/28 11:00:25.040,1,NVIDIA GeForce RTX 4080,0,1,2,16376,45,35.55
2026/03/28 11:00:26.090,0,NVIDIA GeForce RTX 4090,77,61,9298,24564,53,322.96
2026/03/28 11:00:26.098,1,NVIDIA GeForce RTX 4080,0,1,2,16376,45,35.68
2026/03/28 11:00:27.148,0,NVIDIA GeForce RTX 4090,0,0,9298,24564,44,122.28
2026/03/28 11:00:27.155,1,NVIDIA GeForce RTX 4080,0,1,2,16376,45,35.69
2026/03/28 11:00:28.203,0,NVIDIA GeForce RTX 4090,0,0,9298,24564,43,81.22
2026/03/28 11:00:28.208,1,NVIDIA GeForce RTX 4080,0,1,2,16376,45,35.21
2026/03/28 11:00:29.257,0,NVIDIA GeForce RTX 4090,0,0,9298,24564,43,76.06
2026/03/28 11:00:29.262,1,NVIDIA GeForce RTX 4080,0,1,2,16376,45,34.38
2026/03/28 11:00:30.312,0,NVIDIA GeForce RTX 4090,0,0,9298,24564,43,71.08
2026/03/28 11:00:30.317,1,NVIDIA GeForce RTX 4080,0,1,2,16376,45,34.26
2026/03/28 11:00:31.368,0,NVIDIA GeForce RTX 4090,0,0,9298,24564,42,71.33
2026/03/28 11:00:31.373,1,NVIDIA GeForce RTX 4080,0,1,2,16376,45,34.31
2026/03/28 11:00:32.424,0,NVIDIA GeForce RTX 4090,0,0,9298,24564,42,71.54
2026/03/28 11:00:32.429,1,NVIDIA GeForce RTX 4080,0,1,2,16376,45,34.59
2026/03/28 11:00:33.480,0,NVIDIA GeForce RTX 4090,0,0,9298,24564,42,71.47
2026/03/28 11:00:33.485,1,NVIDIA GeForce RTX 4080,0,1,2,16376,45,34.71
2026/03/28 11:00:34.535,0,NVIDIA GeForce RTX 4090,0,0,9298,24564,42,71.39
2026/03/28 11:00:34.540,1,NVIDIA GeForce RTX 4080,0,1,2,16376,45,34.60
2026/03/28 11:00:35.590,0,NVIDIA GeForce RTX 4090,77,59,9298,24564,52,226.21
2026/03/28 11:00:35.596,1,NVIDIA GeForce RTX 4080,0,1,2,16376,45,35.01
2026/03/28 11:00:36.649,0,NVIDIA GeForce RTX 4090,70,55,9298,24564,52,318.28
2026/03/28 11:00:36.654,1,NVIDIA GeForce RTX 4080,0,1,2,16376,45,35.46
2026/03/28 11:00:37.706,0,NVIDIA GeForce RTX 4090,65,52,9298,24564,50,301.03
2026/03/28 11:00:37.714,1,NVIDIA GeForce RTX 4080,0,1,2,16376,45,35.38
2026/03/28 11:00:38.764,0,NVIDIA GeForce RTX 4090,43,34,9298,24564,44,265.67
2026/03/28 11:00:38.772,1,NVIDIA GeForce RTX 4080,0,1,2,16376,45,35.33
2026/03/28 11:00:39.822,0,NVIDIA GeForce RTX 4090,0,0,9298,24564,43,107.40
2026/03/28 11:00:39.827,1,NVIDIA GeForce RTX 4080,0,1,2,16376,45,35.24
2026/03/28 11:00:40.879,0,NVIDIA GeForce RTX 4090,94,75,9298,24564,49,212.48
2026/03/28 11:00:40.893,1,NVIDIA GeForce RTX 4080,0,1,2,16376,45,35.05
2026/03/28 11:00:41.943,0,NVIDIA GeForce RTX 4090,95,75,9298,24564,53,380.17
2026/03/28 11:00:41.953,1,NVIDIA GeForce RTX 4080,0,1,2,16376,45,35.09
2026/03/28 11:00:43.005,0,NVIDIA GeForce RTX 4090,94,75,9298,24564,53,380.24
2026/03/28 11:00:43.016,1,NVIDIA GeForce RTX 4080,0,1,2,16376,45,35.30
2026/03/28 11:00:44.067,0,NVIDIA GeForce RTX 4090,91,72,9298,24564,54,380.65
2026/03/28 11:00:44.074,1,NVIDIA GeForce RTX 4080,0,1,2,16376,45,35.41
2026/03/28 11:00:45.125,0,NVIDIA GeForce RTX 4090,94,73,9298,24564,52,379.18
2026/03/28 11:00:45.136,1,NVIDIA GeForce RTX 4080,0,1,2,16376,45,35.27
2026/03/28 11:00:46.187,0,NVIDIA GeForce RTX 4090,94,74,9298,24564,52,382.28
2026/03/28 11:00:46.196,1,NVIDIA GeForce RTX 4080,0,1,2,16376,45,35.23
2026/03/28 11:00:47.249,0,NVIDIA GeForce RTX 4090,94,73,9298,24564,52,380.52
2026/03/28 11:00:47.256,1,NVIDIA GeForce RTX 4080,0,1,2,16376,45,35.39
2026/03/28 11:00:48.307,0,NVIDIA GeForce RTX 4090,95,75,9298,24564,54,380.60
2026/03/28 11:00:48.315,1,NVIDIA GeForce RTX 4080,0,1,2,16376,45,35.22
2026/03/28 11:00:49.367,0,NVIDIA GeForce RTX 4090,93,74,9298,24564,57,382.35
2026/03/28 11:00:49.375,1,NVIDIA GeForce RTX 4080,0,1,2,16376,45,35.25
2026/03/28 11:00:50.426,0,NVIDIA GeForce RTX 4090,93,74,9298,24564,55,381.08
2026/03/28 11:00:50.433,1,NVIDIA GeForce RTX 4080,0,1,2,16376,45,35.22
2026/03/28 11:00:51.482,0,NVIDIA GeForce RTX 4090,93,74,9298,24564,53,380.24
2026/03/28 11:00:51.494,1,NVIDIA GeForce RTX 4080,0,1,2,16376,45,34.96
2026/03/28 11:00:52.545,0,NVIDIA GeForce RTX 4090,92,73,9298,24564,53,384.67
2026/03/28 11:00:52.555,1,NVIDIA GeForce RTX 4080,0,1,2,16376,45,35.11
2026/03/28 11:00:53.604,0,NVIDIA GeForce RTX 4090,0,0,9298,24564,46,202.90
2026/03/28 11:00:53.610,1,NVIDIA GeForce RTX 4080,0,1,2,16376,45,35.31
2026/03/28 11:00:54.660,0,NVIDIA GeForce RTX 4090,0,0,9298,24564,45,120.51
2026/03/28 11:00:54.664,1,NVIDIA GeForce RTX 4080,0,1,2,16376,45,34.99
2026/03/28 11:00:55.714,0,NVIDIA GeForce RTX 4090,0,0,9298,24564,45,80.77
2026/03/28 11:00:55.720,1,NVIDIA GeForce RTX 4080,0,1,2,16376,45,34.80
2026/03/28 11:00:56.770,0,NVIDIA GeForce RTX 4090,0,0,9298,24564,44,77.01
2026/03/28 11:00:56.775,1,NVIDIA GeForce RTX 4080,0,1,2,16376,45,34.71
2026/03/28 11:00:57.826,0,NVIDIA GeForce RTX 4090,0,0,9298,24564,44,72.92
2026/03/28 11:00:57.831,1,NVIDIA GeForce RTX 4080,0,1,2,16376,45,34.48
2026/03/28 11:00:58.882,0,NVIDIA GeForce RTX 4090,0,0,9298,24564,44,72.06
2026/03/28 11:00:58.887,1,NVIDIA GeForce RTX 4080,0,1,2,16376,45,34.23
2026/03/28 11:00:59.939,0,NVIDIA GeForce RTX 4090,72,58,9298,24564,50,133.71
2026/03/28 11:00:59.949,1,NVIDIA GeForce RTX 4080,0,1,2,16376,45,34.18
2026/03/28 11:01:01.003,0,NVIDIA GeForce RTX 4090,76,61,9298,24564,50,323.83
2026/03/28 11:01:01.008,1,NVIDIA GeForce RTX 4080,0,1,2,16376,45,34.58
2026/03/28 11:01:02.060,0,NVIDIA GeForce RTX 4090,73,57,9298,24564,51,313.95
2026/03/28 11:01:02.070,1,NVIDIA GeForce RTX 4080,0,1,2,16376,45,35.13
2026/03/28 11:01:03.119,0,NVIDIA GeForce RTX 4090,74,59,9298,24564,53,314.79
2026/03/28 11:01:03.127,1,NVIDIA GeForce RTX 4080,0,1,2,16376,45,35.35
2026/03/28 11:01:04.176,0,NVIDIA GeForce RTX 4090,0,0,9298,24564,45,117.31
2026/03/28 11:01:04.181,1,NVIDIA GeForce RTX 4080,0,1,2,16376,45,35.20
2026/03/28 11:01:05.232,0,NVIDIA GeForce RTX 4090,0,0,9298,24564,44,81.07
2026/03/28 11:01:05.237,1,NVIDIA GeForce RTX 4080,0,1,2,16376,45,34.52
2026/03/28 11:01:06.286,0,NVIDIA GeForce RTX 4090,0,0,9298,24564,44,76.15
2026/03/28 11:01:06.291,1,NVIDIA GeForce RTX 4080,0,1,2,16376,45,34.28
2026/03/28 11:01:07.343,0,NVIDIA GeForce RTX 4090,0,0,9298,24564,43,71.38
2026/03/28 11:01:07.348,1,NVIDIA GeForce RTX 4080,0,1,2,16376,45,34.35
2026/03/28 11:01:08.398,0,NVIDIA GeForce RTX 4090,0,0,9298,24564,43,71.21
2026/03/28 11:01:08.403,1,NVIDIA GeForce RTX 4080,0,1,2,16376,45,34.42
2026/03/28 11:01:09.453,0,NVIDIA GeForce RTX 4090,0,0,9298,24564,43,70.95
2026/03/28 11:01:09.458,1,NVIDIA GeForce RTX 4080,0,1,2,16376,45,34.23
2026/03/28 11:01:10.509,0,NVIDIA GeForce RTX 4090,0,0,9298,24564,43,70.85
2026/03/28 11:01:10.514,1,NVIDIA GeForce RTX 4080,0,1,2,16376,45,34.30
2026/03/28 11:01:11.566,0,NVIDIA GeForce RTX 4090,14,11,9298,24564,43,83.16
2026/03/28 11:01:11.572,1,NVIDIA GeForce RTX 4080,0,1,2,16376,45,34.41
2026/03/28 11:01:12.623,0,NVIDIA GeForce RTX 4090,78,61,9298,24564,51,287.98
2026/03/28 11:01:12.631,1,NVIDIA GeForce RTX 4080,0,1,2,16376,45,34.53
2026/03/28 11:01:13.684,0,NVIDIA GeForce RTX 4090,64,52,9298,24564,50,316.78
2026/03/28 11:01:13.694,1,NVIDIA GeForce RTX 4080,0,1,2,16376,45,35.00
2026/03/28 11:01:14.744,0,NVIDIA GeForce RTX 4090,71,56,9298,24564,52,310.68
2026/03/28 11:01:14.753,1,NVIDIA GeForce RTX 4080,0,1,2,16376,45,35.01
2026/03/28 11:01:15.804,0,NVIDIA GeForce RTX 4090,0,0,9298,24564,45,244.06
2026/03/28 11:01:15.810,1,NVIDIA GeForce RTX 4080,0,1,2,16376,45,34.75
2026/03/28 11:01:16.861,0,NVIDIA GeForce RTX 4090,0,0,9298,24564,44,122.44
2026/03/28 11:01:16.866,1,NVIDIA GeForce RTX 4080,0,1,2,16376,45,34.32
2026/03/28 11:01:17.917,0,NVIDIA GeForce RTX 4090,94,75,9298,24564,52,232.90
2026/03/28 11:01:17.927,1,NVIDIA GeForce RTX 4080,0,1,2,16376,45,34.08
2026/03/28 11:01:18.980,0,NVIDIA GeForce RTX 4090,93,74,9298,24564,54,379.86
2026/03/28 11:01:18.988,1,NVIDIA GeForce RTX 4080,0,1,2,16376,45,34.33
2026/03/28 11:01:20.040,0,NVIDIA GeForce RTX 4090,94,74,9298,24564,53,379.42
2026/03/28 11:01:20.090,1,NVIDIA GeForce RTX 4080,0,1,2,16376,45,34.53
2026/03/28 11:01:21.140,0,NVIDIA GeForce RTX 4090,93,75,9298,24564,53,380.09
2026/03/28 11:01:21.151,1,NVIDIA GeForce RTX 4080,0,1,2,16376,45,34.45
2026/03/28 11:01:22.201,0,NVIDIA GeForce RTX 4090,94,75,9298,24564,54,381.74
2026/03/28 11:01:22.211,1,NVIDIA GeForce RTX 4080,0,1,2,16376,45,34.49
2026/03/28 11:01:23.263,0,NVIDIA GeForce RTX 4090,94,72,9298,24564,55,382.06
2026/03/28 11:01:23.271,1,NVIDIA GeForce RTX 4080,0,1,2,16376,45,34.87
2026/03/28 11:01:24.322,0,NVIDIA GeForce RTX 4090,92,73,9298,24564,52,380.02
2026/03/28 11:01:24.330,1,NVIDIA GeForce RTX 4080,0,1,2,16376,45,34.71
2026/03/28 11:01:25.380,0,NVIDIA GeForce RTX 4090,95,76,9298,24564,56,382.21
2026/03/28 11:01:25.390,1,NVIDIA GeForce RTX 4080,0,1,2,16376,45,34.49
2026/03/28 11:01:26.440,0,NVIDIA GeForce RTX 4090,93,73,9298,24564,53,381.43
2026/03/28 11:01:26.450,1,NVIDIA GeForce RTX 4080,0,1,2,16376,45,34.46
2026/03/28 11:01:27.501,0,NVIDIA GeForce RTX 4090,94,75,9298,24564,55,380.17
2026/03/28 11:01:27.512,1,NVIDIA GeForce RTX 4080,0,1,2,16376,45,34.64
2026/03/28 11:01:28.562,0,NVIDIA GeForce RTX 4090,94,75,9298,24564,56,381.27
2026/03/28 11:01:28.571,1,NVIDIA GeForce RTX 4080,0,1,2,16376,45,34.58
2026/03/28 11:01:29.624,0,NVIDIA GeForce RTX 4090,94,74,9298,24564,54,382.64
2026/03/28 11:01:29.639,1,NVIDIA GeForce RTX 4080,0,1,2,16376,45,34.45
2026/03/28 11:01:30.690,0,NVIDIA GeForce RTX 4090,0,0,9298,24564,47,181.73
2026/03/28 11:01:30.696,1,NVIDIA GeForce RTX 4080,0,1,2,16376,45,34.28
2026/03/28 11:01:31.748,0,NVIDIA GeForce RTX 4090,0,0,9298,24564,46,127.98
2026/03/28 11:01:31.753,1,NVIDIA GeForce RTX 4080,0,1,2,16376,45,33.87
2026/03/28 11:01:32.803,0,NVIDIA GeForce RTX 4090,0,0,9298,24564,45,76.02
2026/03/28 11:01:32.809,1,NVIDIA GeForce RTX 4080,0,1,2,16376,45,33.69
2026/03/28 11:01:33.858,0,NVIDIA GeForce RTX 4090,0,0,9298,24564,45,72.09
2026/03/28 11:01:33.864,1,NVIDIA GeForce RTX 4080,0,1,2,16376,45,33.84
2026/03/28 11:01:34.914,0,NVIDIA GeForce RTX 4090,0,0,9298,24564,44,72.02
2026/03/28 11:01:34.920,1,NVIDIA GeForce RTX 4080,0,1,2,16376,45,34.03
2026/03/28 11:01:35.970,0,NVIDIA GeForce RTX 4090,0,0,9298,24564,44,71.81
2026/03/28 11:01:35.975,1,NVIDIA GeForce RTX 4080,0,1,2,16376,45,34.27
2026/03/28 11:01:37.023,0,NVIDIA GeForce RTX 4090,0,0,9298,24564,44,71.62
2026/03/28 11:01:37.029,1,NVIDIA GeForce RTX 4080,0,1,2,16376,45,34.47
2026/03/28 11:01:38.084,0,NVIDIA GeForce RTX 4090,0,0,9298,24564,44,71.40
2026/03/28 11:01:38.090,1,NVIDIA GeForce RTX 4080,0,1,2,16376,45,34.51
2026/03/28 11:01:39.139,0,NVIDIA GeForce RTX 4090,0,0,9298,24564,44,71.19
2026/03/28 11:01:39.145,1,NVIDIA GeForce RTX 4080,0,1,2,16376,45,34.27
2026/03/28 11:01:40.194,0,NVIDIA GeForce RTX 4090,0,0,9298,24564,43,71.17
2026/03/28 11:01:40.199,1,NVIDIA GeForce RTX 4080,0,1,2,16376,45,34.27
2026/03/28 11:01:41.250,0,NVIDIA GeForce RTX 4090,0,0,9298,24564,43,77.07
2026/03/28 11:01:41.256,1,NVIDIA GeForce RTX 4080,0,1,2,16376,45,34.49
2026/03/28 11:01:42.307,0,NVIDIA GeForce RTX 4090,0,0,9298,24564,43,78.51
2026/03/28 11:01:42.313,1,NVIDIA GeForce RTX 4080,0,1,2,16376,45,34.32
2026/03/28 11:01:43.365,0,NVIDIA GeForce RTX 4090,0,0,9298,24564,43,78.45
2026/03/28 11:01:43.371,1,NVIDIA GeForce RTX 4080,0,1,2,16376,45,34.54
2026/03/28 11:01:44.421,0,NVIDIA GeForce RTX 4090,76,59,9298,24564,50,169.89
2026/03/28 11:01:44.435,1,NVIDIA GeForce RTX 4080,0,1,2,16376,45,35.27
2026/03/28 11:01:45.485,0,NVIDIA GeForce RTX 4090,63,51,9298,24564,49,308.92
2026/03/28 11:01:45.493,1,NVIDIA GeForce RTX 4080,0,1,2,16376,45,35.77
2026/03/28 11:01:46.546,0,NVIDIA GeForce RTX 4090,77,63,9298,24564,53,318.60
2026/03/28 11:01:46.554,1,NVIDIA GeForce RTX 4080,0,1,2,16376,45,35.82
2026/03/28 11:01:47.603,0,NVIDIA GeForce RTX 4090,0,0,9298,24564,45,218.80
2026/03/28 11:01:47.611,1,NVIDIA GeForce RTX 4080,0,1,2,16376,45,35.68
2026/03/28 11:01:48.660,0,NVIDIA GeForce RTX 4090,0,0,9298,24564,44,112.58
2026/03/28 11:01:48.666,1,NVIDIA GeForce RTX 4080,0,1,2,16376,45,35.17
2026/03/28 11:01:49.716,0,NVIDIA GeForce RTX 4090,0,0,9298,24564,43,80.58
2026/03/28 11:01:49.722,1,NVIDIA GeForce RTX 4080,0,1,2,16376,45,34.73
2026/03/28 11:01:50.770,0,NVIDIA GeForce RTX 4090,0,0,9298,24564,43,75.60
2026/03/28 11:01:50.776,1,NVIDIA GeForce RTX 4080,0,1,2,16376,45,34.81
2026/03/28 11:01:51.826,0,NVIDIA GeForce RTX 4090,0,0,9298,24564,43,70.68
2026/03/28 11:01:51.832,1,NVIDIA GeForce RTX 4080,0,1,2,16376,45,34.56
2026/03/28 11:01:52.882,0,NVIDIA GeForce RTX 4090,0,0,9298,24564,42,70.58
2026/03/28 11:01:52.888,1,NVIDIA GeForce RTX 4080,0,1,2,16376,45,34.36
2026/03/28 11:01:53.938,0,NVIDIA GeForce RTX 4090,0,0,9298,24564,42,70.59
2026/03/28 11:01:53.944,1,NVIDIA GeForce RTX 4080,0,1,2,16376,45,34.17
2026/03/28 11:01:54.994,0,NVIDIA GeForce RTX 4090,0,0,9298,24564,42,75.01
2026/03/28 11:01:55.000,1,NVIDIA GeForce RTX 4080,0,1,2,16376,45,33.86
2026/03/28 11:01:56.049,0,NVIDIA GeForce RTX 4090,82,64,9298,24564,49,175.20
2026/03/28 11:01:56.061,1,NVIDIA GeForce RTX 4080,0,1,2,16376,45,34.03
2026/03/28 11:01:57.111,0,NVIDIA GeForce RTX 4090,78,63,9298,24564,49,327.13
2026/03/28 11:01:57.123,1,NVIDIA GeForce RTX 4080,0,1,2,16376,45,34.60
2026/03/28 11:01:58.176,0,NVIDIA GeForce RTX 4090,77,60,9298,24564,49,324.15
2026/03/28 11:01:58.187,1,NVIDIA GeForce RTX 4080,0,1,2,16376,45,35.20
2026/03/28 11:01:59.239,0,NVIDIA GeForce RTX 4090,60,47,9298,24564,47,311.58
2026/03/28 11:01:59.248,1,NVIDIA GeForce RTX 4080,0,1,2,16376,45,35.46
2026/03/28 11:02:00.298,0,NVIDIA GeForce RTX 4090,0,0,9298,24564,44,113.32
2026/03/28 11:02:00.303,1,NVIDIA GeForce RTX 4080,0,1,2,16376,45,34.82
2026/03/28 11:02:01.356,0,NVIDIA GeForce RTX 4090,93,74,9298,24564,52,201.75
2026/03/28 11:02:01.370,1,NVIDIA GeForce RTX 4080,0,1,2,16376,45,34.67
2026/03/28 11:02:02.422,0,NVIDIA GeForce RTX 4090,94,75,9298,24564,52,381.42
2026/03/28 11:02:02.432,1,NVIDIA GeForce RTX 4080,0,1,2,16376,45,35.06
2026/03/28 11:02:03.483,0,NVIDIA GeForce RTX 4090,94,73,9298,24564,53,381.22
2026/03/28 11:02:03.494,1,NVIDIA GeForce RTX 4080,0,1,2,16376,45,35.22
2026/03/28 11:02:04.543,0,NVIDIA GeForce RTX 4090,94,75,9298,24564,54,382.57
2026/03/28 11:02:04.553,1,NVIDIA GeForce RTX 4080,0,1,2,16376,45,35.20
2026/03/28 11:02:05.603,0,NVIDIA GeForce RTX 4090,94,73,9298,24564,54,381.67
2026/03/28 11:02:05.614,1,NVIDIA GeForce RTX 4080,0,1,2,16376,45,35.24
2026/03/28 11:02:06.669,0,NVIDIA GeForce RTX 4090,94,75,9298,24564,55,380.74
2026/03/28 11:02:06.678,1,NVIDIA GeForce RTX 4080,0,1,2,16376,45,35.26
2026/03/28 11:02:07.731,0,NVIDIA GeForce RTX 4090,93,74,9298,24564,54,381.69
2026/03/28 11:02:07.744,1,NVIDIA GeForce RTX 4080,0,1,2,16376,45,35.24
2026/03/28 11:02:08.799,0,NVIDIA GeForce RTX 4090,94,75,9298,24564,55,381.74
2026/03/28 11:02:08.811,1,NVIDIA GeForce RTX 4080,0,1,2,16376,45,35.20
2026/03/28 11:02:09.864,0,NVIDIA GeForce RTX 4090,95,75,9298,24564,54,382.59
2026/03/28 11:02:09.875,1,NVIDIA GeForce RTX 4080,0,1,2,16376,45,35.22
2026/03/28 11:02:10.930,0,NVIDIA GeForce RTX 4090,94,75,9298,24564,55,383.10
2026/03/28 11:02:10.940,1,NVIDIA GeForce RTX 4080,0,1,2,16376,45,35.19
2026/03/28 11:02:11.993,0,NVIDIA GeForce RTX 4090,95,76,9298,24564,53,381.62
2026/03/28 11:02:12.008,1,NVIDIA GeForce RTX 4080,0,1,2,16376,45,35.02
2026/03/28 11:02:13.058,0,NVIDIA GeForce RTX 4090,94,74,9298,24564,57,381.40
2026/03/28 11:02:13.066,1,NVIDIA GeForce RTX 4080,0,1,2,16376,45,34.93
2026/03/28 11:02:14.119,0,NVIDIA GeForce RTX 4090,0,0,9298,24564,47,286.61
2026/03/28 11:02:14.125,1,NVIDIA GeForce RTX 4080,0,1,2,16376,45,34.82
2026/03/28 11:02:15.175,0,NVIDIA GeForce RTX 4090,0,0,9298,24564,46,122.22
2026/03/28 11:02:15.181,1,NVIDIA GeForce RTX 4080,0,1,2,16376,45,34.75
2026/03/28 11:02:16.231,0,NVIDIA GeForce RTX 4090,0,0,9298,24564,45,81.11
2026/03/28 11:02:16.237,1,NVIDIA GeForce RTX 4080,0,1,2,16376,45,34.68
2026/03/28 11:02:17.288,0,NVIDIA GeForce RTX 4090,0,0,9298,24564,44,76.75
2026/03/28 11:02:17.295,1,NVIDIA GeForce RTX 4080,0,1,2,16376,45,34.84
2026/03/28 11:02:18.345,0,NVIDIA GeForce RTX 4090,0,0,9298,24564,44,72.04
2026/03/28 11:02:18.352,1,NVIDIA GeForce RTX 4080,0,1,2,16376,45,34.76
2026/03/28 11:02:19.401,0,NVIDIA GeForce RTX 4090,0,0,9298,24564,44,71.55
2026/03/28 11:02:19.408,1,NVIDIA GeForce RTX 4080,0,1,2,16376,45,34.44
2026/03/28 11:02:20.458,0,NVIDIA GeForce RTX 4090,0,0,9298,24564,44,71.46
2026/03/28 11:02:20.465,1,NVIDIA GeForce RTX 4080,0,1,2,16376,45,34.18
2026/03/28 11:02:21.515,0,NVIDIA GeForce RTX 4090,0,0,9298,24564,43,71.33
2026/03/28 11:02:21.521,1,NVIDIA GeForce RTX 4080,0,1,2,16376,45,34.21
2026/03/28 11:02:22.572,0,NVIDIA GeForce RTX 4090,0,0,9298,24564,43,71.20
2026/03/28 11:02:22.578,1,NVIDIA GeForce RTX 4080,0,1,2,16376,45,34.49
2026/03/28 11:02:23.632,0,NVIDIA GeForce RTX 4090,2,2,9298,24564,48,71.17
2026/03/28 11:02:23.645,1,NVIDIA GeForce RTX 4080,0,1,2,16376,45,34.58
2026/03/28 11:02:24.695,0,NVIDIA GeForce RTX 4090,75,58,9298,24564,50,319.30
2026/03/28 11:02:24.705,1,NVIDIA GeForce RTX 4080,0,1,2,16376,45,35.10
2026/03/28 11:02:25.754,0,NVIDIA GeForce RTX 4090,75,60,9298,24564,51,318.44
2026/03/28 11:02:25.767,1,NVIDIA GeForce RTX 4080,0,1,2,16376,45,35.70
2026/03/28 11:02:26.819,0,NVIDIA GeForce RTX 4090,53,42,9298,24564,50,300.95
2026/03/28 11:02:26.827,1,NVIDIA GeForce RTX 4080,0,1,2,16376,45,35.85
2026/03/28 11:02:27.877,0,NVIDIA GeForce RTX 4090,0,0,9298,24564,45,188.60
2026/03/28 11:02:27.882,1,NVIDIA GeForce RTX 4080,0,1,2,16376,45,35.79
2026/03/28 11:02:28.932,0,NVIDIA GeForce RTX 4090,0,0,9298,24564,44,105.24
2026/03/28 11:02:28.936,1,NVIDIA GeForce RTX 4080,0,1,2,16376,45,35.34
2026/03/28 11:02:29.987,0,NVIDIA GeForce RTX 4090,0,0,9298,24564,43,80.29
2026/03/28 11:02:29.991,1,NVIDIA GeForce RTX 4080,0,1,2,16376,45,35.03
2026/03/28 11:02:31.042,0,NVIDIA GeForce RTX 4090,0,0,9298,24564,43,75.92
2026/03/28 11:02:31.047,1,NVIDIA GeForce RTX 4080,0,1,2,16376,45,35.08
2026/03/28 11:02:32.098,0,NVIDIA GeForce RTX 4090,0,0,9298,24564,43,71.68
2026/03/28 11:02:32.102,1,NVIDIA GeForce RTX 4080,0,1,2,16376,45,35.05
2026/03/28 11:02:33.153,0,NVIDIA GeForce RTX 4090,0,0,9298,24564,43,71.63
2026/03/28 11:02:33.157,1,NVIDIA GeForce RTX 4080,0,1,2,16376,45,34.91
2026/03/28 11:02:34.208,0,NVIDIA GeForce RTX 4090,0,0,9298,24564,42,71.05
2026/03/28 11:02:34.212,1,NVIDIA GeForce RTX 4080,0,1,2,16376,45,34.53
2026/03/28 11:02:35.262,0,NVIDIA GeForce RTX 4090,0,0,9298,24564,42,71.06
2026/03/28 11:02:35.266,1,NVIDIA GeForce RTX 4080,0,1,2,16376,45,34.96
2026/03/28 11:02:36.318,0,NVIDIA GeForce RTX 4090,80,65,9298,24564,48,225.02
2026/03/28 11:02:36.326,1,NVIDIA GeForce RTX 4080,0,1,2,16376,45,35.40
2026/03/28 11:02:37.379,0,NVIDIA GeForce RTX 4090,78,63,9298,24564,49,312.96
2026/03/28 11:02:37.387,1,NVIDIA GeForce RTX 4080,0,1,2,16376,45,35.71
2026/03/28 11:02:38.437,0,NVIDIA GeForce RTX 4090,70,55,9298,24564,50,313.12
2026/03/28 11:02:38.444,1,NVIDIA GeForce RTX 4080,0,1,2,16376,45,35.66
2026/03/28 11:02:39.495,0,NVIDIA GeForce RTX 4090,56,44,9298,24564,45,280.86
2026/03/28 11:02:39.499,1,NVIDIA GeForce RTX 4080,0,1,2,16376,45,35.75
2026/03/28 11:02:40.549,0,NVIDIA GeForce RTX 4090,0,0,9298,24564,43,113.86
2026/03/28 11:02:40.553,1,NVIDIA GeForce RTX 4080,0,1,2,16376,45,35.53
2026/03/28 11:02:41.605,0,NVIDIA GeForce RTX 4090,93,72,9298,24564,49,236.52
2026/03/28 11:02:41.616,1,NVIDIA GeForce RTX 4080,0,1,2,16376,45,35.20
2026/03/28 11:02:42.668,0,NVIDIA GeForce RTX 4090,94,75,9298,24564,53,379.39
2026/03/28 11:02:42.678,1,NVIDIA GeForce RTX 4080,0,1,2,16376,45,35.40
2026/03/28 11:02:43.731,0,NVIDIA GeForce RTX 4090,94,76,9298,24564,52,380.86
2026/03/28 11:02:43.739,1,NVIDIA GeForce RTX 4080,0,1,2,16376,45,35.77
2026/03/28 11:02:44.792,0,NVIDIA GeForce RTX 4090,94,75,9298,24564,51,383.65
2026/03/28 11:02:44.799,1,NVIDIA GeForce RTX 4080,0,1,2,16376,45,35.83
2026/03/28 11:02:45.850,0,NVIDIA GeForce RTX 4090,94,73,9298,24564,53,383.63
2026/03/28 11:02:45.857,1,NVIDIA GeForce RTX 4080,0,1,2,16376,45,35.55
2026/03/28 11:02:46.911,0,NVIDIA GeForce RTX 4090,95,73,9298,24564,57,381.55
2026/03/28 11:02:46.917,1,NVIDIA GeForce RTX 4080,0,1,2,16376,45,35.40
2026/03/28 11:02:47.971,0,NVIDIA GeForce RTX 4090,95,75,9298,24564,55,385.44
2026/03/28 11:02:47.984,1,NVIDIA GeForce RTX 4080,0,1,2,16376,45,35.47
2026/03/28 11:02:49.038,0,NVIDIA GeForce RTX 4090,96,74,9298,24564,55,382.05
2026/03/28 11:02:49.047,1,NVIDIA GeForce RTX 4080,0,1,2,16376,45,35.48
2026/03/28 11:02:50.097,0,NVIDIA GeForce RTX 4090,94,75,9298,24564,53,381.98
2026/03/28 11:02:50.106,1,NVIDIA GeForce RTX 4080,0,1,2,16376,45,35.54
2026/03/28 11:02:51.158,0,NVIDIA GeForce RTX 4090,94,75,9298,24564,55,382.60
2026/03/28 11:02:51.168,1,NVIDIA GeForce RTX 4080,0,1,2,16376,45,35.74
2026/03/28 11:02:52.221,0,NVIDIA GeForce RTX 4090,94,75,9298,24564,56,382.32
2026/03/28 11:02:52.233,1,NVIDIA GeForce RTX 4080,0,1,2,16376,45,35.94
2026/03/28 11:02:53.284,0,NVIDIA GeForce RTX 4090,94,74,9298,24564,56,380.76
2026/03/28 11:02:53.294,1,NVIDIA GeForce RTX 4080,0,1,2,16376,45,35.76
2026/03/28 11:02:54.343,0,NVIDIA GeForce RTX 4090,0,0,9298,24564,46,191.60
2026/03/28 11:02:54.349,1,NVIDIA GeForce RTX 4080,0,1,2,16376,45,35.68
2026/03/28 11:02:55.399,0,NVIDIA GeForce RTX 4090,0,0,9298,24564,45,137.86
2026/03/28 11:02:55.404,1,NVIDIA GeForce RTX 4080,0,1,2,16376,45,35.47
2026/03/28 11:02:56.454,0,NVIDIA GeForce RTX 4090,0,0,9298,24564,45,81.48
2026/03/28 11:02:56.458,1,NVIDIA GeForce RTX 4080,0,1,2,16376,45,35.25
2026/03/28 11:02:57.508,0,NVIDIA GeForce RTX 4090,0,0,9298,24564,44,72.53
2026/03/28 11:02:57.513,1,NVIDIA GeForce RTX 4080,0,1,2,16376,45,35.19
2026/03/28 11:02:58.565,0,NVIDIA GeForce RTX 4090,0,0,9298,24564,44,71.87
2026/03/28 11:02:58.569,1,NVIDIA GeForce RTX 4080,0,1,2,16376,45,35.13
2026/03/28 11:02:59.621,0,NVIDIA GeForce RTX 4090,0,0,9298,24564,44,70.92
2026/03/28 11:02:59.626,1,NVIDIA GeForce RTX 4080,0,1,2,16376,45,35.10
2026/03/28 11:03:00.676,0,NVIDIA GeForce RTX 4090,0,0,9298,24564,44,70.41
2026/03/28 11:03:00.681,1,NVIDIA GeForce RTX 4080,0,1,2,16376,45,35.21
2026/03/28 11:03:01.733,0,NVIDIA GeForce RTX 4090,0,0,9298,24564,47,73.22
2026/03/28 11:03:01.738,1,NVIDIA GeForce RTX 4080,0,1,2,16376,45,35.40
2026/03/28 11:03:02.788,0,NVIDIA GeForce RTX 4090,76,60,9298,24564,49,204.99
2026/03/28 11:03:02.796,1,NVIDIA GeForce RTX 4080,0,1,2,16376,45,35.32
2026/03/28 11:03:03.843,0,NVIDIA GeForce RTX 4090,72,55,9298,24564,51,318.69
2026/03/28 11:03:03.852,1,NVIDIA GeForce RTX 4080,0,1,2,16376,45,35.60
2026/03/28 11:03:04.903,0,NVIDIA GeForce RTX 4090,77,63,9298,24564,49,304.89
2026/03/28 11:03:04.910,1,NVIDIA GeForce RTX 4080,0,1,2,16376,45,35.86
2026/03/28 11:03:05.960,0,NVIDIA GeForce RTX 4090,73,59,9298,24564,46,292.35
2026/03/28 11:03:05.966,1,NVIDIA GeForce RTX 4080,0,1,2,16376,45,35.94
2026/03/28 11:03:07.017,0,NVIDIA GeForce RTX 4090,0,0,9298,24564,44,115.86
2026/03/28 11:03:07.022,1,NVIDIA GeForce RTX 4080,0,1,2,16376,45,35.95
2026/03/28 11:03:08.073,0,NVIDIA GeForce RTX 4090,0,0,9298,24564,44,79.90
2026/03/28 11:03:08.078,1,NVIDIA GeForce RTX 4080,0,1,2,16376,45,35.31
2026/03/28 11:03:09.129,0,NVIDIA GeForce RTX 4090,0,0,9298,24564,43,75.13
2026/03/28 11:03:09.133,1,NVIDIA GeForce RTX 4080,0,1,2,16376,45,35.01
2026/03/28 11:03:10.184,0,NVIDIA GeForce RTX 4090,0,0,9298,24564,43,70.89
2026/03/28 11:03:10.188,1,NVIDIA GeForce RTX 4080,0,1,2,16376,45,34.93
2026/03/28 11:03:11.239,0,NVIDIA GeForce RTX 4090,0,0,9298,24564,43,71.17
2026/03/28 11:03:11.244,1,NVIDIA GeForce RTX 4080,0,1,2,16376,45,34.60
2026/03/28 11:03:12.295,0,NVIDIA GeForce RTX 4090,0,0,9298,24564,43,71.11
2026/03/28 11:03:12.300,1,NVIDIA GeForce RTX 4080,0,1,2,16376,45,34.55
2026/03/28 11:03:13.351,0,NVIDIA GeForce RTX 4090,0,0,9298,24564,42,71.18
2026/03/28 11:03:13.355,1,NVIDIA GeForce RTX 4080,0,1,2,16376,45,34.84
2026/03/28 11:03:14.397,0,NVIDIA GeForce RTX 4090,76,58,9298,24564,48,118.58
2026/03/28 11:03:14.406,1,NVIDIA GeForce RTX 4080,0,1,2,16376,45,35.15
2026/03/28 11:03:15.457,0,NVIDIA GeForce RTX 4090,79,63,9298,24564,49,318.94
2026/03/28 11:03:15.464,1,NVIDIA GeForce RTX 4080,0,1,2,16376,45,35.49
2026/03/28 11:03:16.515,0,NVIDIA GeForce RTX 4090,73,57,9298,24564,49,318.92
2026/03/28 11:03:16.525,1,NVIDIA GeForce RTX 4080,0,1,2,16376,45,35.82
2026/03/28 11:03:17.574,0,NVIDIA GeForce RTX 4090,75,57,9298,24564,50,313.53
2026/03/28 11:03:17.586,1,NVIDIA GeForce RTX 4080,0,1,2,16376,45,35.67
2026/03/28 11:03:18.636,0,NVIDIA GeForce RTX 4090,0,0,9298,24564,44,162.88
2026/03/28 11:03:18.642,1,NVIDIA GeForce RTX 4080,0,1,2,16376,45,35.30
2026/03/28 11:03:19.693,0,NVIDIA GeForce RTX 4090,26,20,9298,24564,50,120.25
2026/03/28 11:03:19.705,1,NVIDIA GeForce RTX 4080,0,1,2,16376,45,34.84
2026/03/28 11:03:20.756,0,NVIDIA GeForce RTX 4090,94,74,9298,24564,48,380.42
2026/03/28 11:03:20.764,1,NVIDIA GeForce RTX 4080,0,1,2,16376,45,34.87
2026/03/28 11:03:21.816,0,NVIDIA GeForce RTX 4090,94,75,9298,24564,55,377.89
2026/03/28 11:03:21.824,1,NVIDIA GeForce RTX 4080,0,1,2,16376,45,35.10
2026/03/28 11:03:22.877,0,NVIDIA GeForce RTX 4090,95,74,9298,24564,52,381.17
2026/03/28 11:03:22.887,1,NVIDIA GeForce RTX 4080,0,1,2,16376,45,35.06
2026/03/28 11:03:23.937,0,NVIDIA GeForce RTX 4090,94,75,9298,24564,55,380.71
2026/03/28 11:03:23.956,1,NVIDIA GeForce RTX 4080,0,1,2,16376,45,35.17
2026/03/28 11:03:25.007,0,NVIDIA GeForce RTX 4090,94,73,9298,24564,52,380.39
2026/03/28 11:03:25.016,1,NVIDIA GeForce RTX 4080,0,1,2,16376,45,35.31
2026/03/28 11:03:26.067,0,NVIDIA GeForce RTX 4090,92,73,9298,24564,57,377.80
2026/03/28 11:03:26.076,1,NVIDIA GeForce RTX 4080,0,1,2,16376,45,35.31
2026/03/28 11:03:27.127,0,NVIDIA GeForce RTX 4090,92,74,9298,24564,55,378.73
2026/03/28 11:03:27.136,1,NVIDIA GeForce RTX 4080,0,1,2,16376,45,35.26
2026/03/28 11:03:28.187,0,NVIDIA GeForce RTX 4090,93,74,9298,24564,53,380.46
2026/03/28 11:03:28.197,1,NVIDIA GeForce RTX 4080,0,1,2,16376,45,35.14
2026/03/28 11:03:29.241,0,NVIDIA GeForce RTX 4090,96,75,9298,24564,57,381.68
2026/03/28 11:03:29.249,1,NVIDIA GeForce RTX 4080,0,1,2,16376,45,35.21
2026/03/28 11:03:30.300,0,NVIDIA GeForce RTX 4090,92,73,9298,24564,58,381.53
2026/03/28 11:03:30.340,1,NVIDIA GeForce RTX 4080,0,1,2,16376,45,35.22
2026/03/28 11:03:31.391,0,NVIDIA GeForce RTX 4090,95,76,9298,24564,54,384.17
2026/03/28 11:03:31.404,1,NVIDIA GeForce RTX 4080,0,1,2,16376,45,35.20
2026/03/28 11:03:32.453,0,NVIDIA GeForce RTX 4090,93,74,9298,24564,49,365.24
2026/03/28 11:03:32.499,1,NVIDIA GeForce RTX 4080,0,1,2,16376,45,35.01
2026/03/28 11:03:33.546,0,NVIDIA GeForce RTX 4090,0,0,9298,24564,46,122.58
2026/03/28 11:03:33.551,1,NVIDIA GeForce RTX 4080,0,1,2,16376,45,34.62
2026/03/28 11:03:34.602,0,NVIDIA GeForce RTX 4090,0,0,9298,24564,45,80.64
2026/03/28 11:03:34.607,1,NVIDIA GeForce RTX 4080,0,1,2,16376,45,34.38
2026/03/28 11:03:35.657,0,NVIDIA GeForce RTX 4090,0,0,9298,24564,45,76.79
2026/03/28 11:03:35.662,1,NVIDIA GeForce RTX 4080,0,1,2,16376,45,34.53
2026/03/28 11:03:36.713,0,NVIDIA GeForce RTX 4090,0,0,9298,24564,45,72.62
2026/03/28 11:03:36.718,1,NVIDIA GeForce RTX 4080,0,1,2,16376,45,34.83
2026/03/28 11:03:37.768,0,NVIDIA GeForce RTX 4090,0,0,9298,24564,44,71.61
2026/03/28 11:03:37.773,1,NVIDIA GeForce RTX 4080,0,1,2,16376,45,34.88
2026/03/28 11:03:38.823,0,NVIDIA GeForce RTX 4090,0,0,9298,24564,44,71.18
2026/03/28 11:03:38.828,1,NVIDIA GeForce RTX 4080,0,1,2,16376,45,34.76
2026/03/28 11:03:39.879,0,NVIDIA GeForce RTX 4090,0,0,9298,24564,44,81.85
2026/03/28 11:03:39.884,1,NVIDIA GeForce RTX 4080,0,1,2,16376,45,34.57
2026/03/28 11:03:40.934,0,NVIDIA GeForce RTX 4090,0,0,9298,24564,44,80.68
2026/03/28 11:03:40.939,1,NVIDIA GeForce RTX 4080,0,1,2,16376,45,34.42
2026/03/28 11:03:41.991,0,NVIDIA GeForce RTX 4090,0,0,9298,24564,43,70.73
2026/03/28 11:03:41.996,1,NVIDIA GeForce RTX 4080,0,1,2,16376,45,34.46
2026/03/28 11:03:43.047,0,NVIDIA GeForce RTX 4090,75,58,9298,24564,52,111.38
2026/03/28 11:03:43.056,1,NVIDIA GeForce RTX 4080,0,1,2,16376,45,34.39
2026/03/28 11:03:44.107,0,NVIDIA GeForce RTX 4090,75,60,9298,24564,51,309.55
2026/03/28 11:03:44.118,1,NVIDIA GeForce RTX 4080,0,1,2,16376,45,34.51
2026/03/28 11:03:45.167,0,NVIDIA GeForce RTX 4090,76,60,9298,24564,50,308.08
2026/03/28 11:03:45.175,1,NVIDIA GeForce RTX 4080,0,1,2,16376,45,35.30
2026/03/28 11:03:46.222,0,NVIDIA GeForce RTX 4090,55,43,9298,24564,51,298.32
2026/03/28 11:03:46.236,1,NVIDIA GeForce RTX 4080,0,1,2,16376,45,35.71
2026/03/28 11:03:47.287,0,NVIDIA GeForce RTX 4090,0,0,9298,24564,45,109.79
2026/03/28 11:03:47.294,1,NVIDIA GeForce RTX 4080,0,1,2,16376,45,35.22
2026/03/28 11:03:48.344,0,NVIDIA GeForce RTX 4090,0,0,9298,24564,44,80.94
2026/03/28 11:03:48.349,1,NVIDIA GeForce RTX 4080,0,1,2,16376,45,34.77
2026/03/28 11:03:49.399,0,NVIDIA GeForce RTX 4090,0,0,9298,24564,43,76.04
2026/03/28 11:03:49.404,1,NVIDIA GeForce RTX 4080,0,1,2,16376,45,34.80
2026/03/28 11:03:50.454,0,NVIDIA GeForce RTX 4090,0,0,9298,24564,43,71.08
2026/03/28 11:03:50.459,1,NVIDIA GeForce RTX 4080,0,1,2,16376,45,34.89
2026/03/28 11:03:51.509,0,NVIDIA GeForce RTX 4090,0,0,9298,24564,43,70.83
2026/03/28 11:03:51.514,1,NVIDIA GeForce RTX 4080,0,1,2,16376,45,34.84
2026/03/28 11:03:52.565,0,NVIDIA GeForce RTX 4090,0,0,9298,24564,43,70.59
2026/03/28 11:03:52.570,1,NVIDIA GeForce RTX 4080,0,1,2,16376,45,34.72
2026/03/28 11:03:53.620,0,NVIDIA GeForce RTX 4090,0,0,9298,24564,43,70.45
2026/03/28 11:03:53.626,1,NVIDIA GeForce RTX 4080,0,1,2,16376,45,34.39
2026/03/28 11:03:54.676,0,NVIDIA GeForce RTX 4090,75,58,9298,24564,48,146.36
2026/03/28 11:03:54.683,1,NVIDIA GeForce RTX 4080,0,1,2,16376,45,34.10
2026/03/28 11:03:55.737,0,NVIDIA GeForce RTX 4090,75,58,9298,24564,50,313.18
2026/03/28 11:03:55.748,1,NVIDIA GeForce RTX 4080,0,1,2,16376,45,34.60
2026/03/28 11:03:56.799,0,NVIDIA GeForce RTX 4090,73,57,9298,24564,49,307.55
2026/03/28 11:03:56.809,1,NVIDIA GeForce RTX 4080,0,1,2,16376,45,35.03
2026/03/28 11:03:57.859,0,NVIDIA GeForce RTX 4090,76,60,9298,24564,51,312.86
2026/03/28 11:03:57.874,1,NVIDIA GeForce RTX 4080,0,1,2,16376,45,34.87
2026/03/28 11:03:58.923,0,NVIDIA GeForce RTX 4090,0,0,9298,24564,44,158.75
2026/03/28 11:03:58.930,1,NVIDIA GeForce RTX 4080,0,1,2,16376,45,34.92
2026/03/28 11:03:59.979,0,NVIDIA GeForce RTX 4090,69,56,9298,24564,52,120.67
2026/03/28 11:03:59.993,1,NVIDIA GeForce RTX 4080,0,1,2,16376,45,34.46
2026/03/28 11:04:01.045,0,NVIDIA GeForce RTX 4090,95,75,9298,24564,50,376.30
2026/03/28 11:04:01.056,1,NVIDIA GeForce RTX 4080,0,1,2,16376,45,33.89
2026/03/28 11:04:02.109,0,NVIDIA GeForce RTX 4090,90,71,9298,24564,53,373.97
2026/03/28 11:04:02.117,1,NVIDIA GeForce RTX 4080,0,1,2,16376,45,34.21
2026/03/28 11:04:03.168,0,NVIDIA GeForce RTX 4090,92,71,9298,24564,56,377.06
2026/03/28 11:04:03.228,1,NVIDIA GeForce RTX 4080,0,1,2,16376,45,34.59
2026/03/28 11:04:04.278,0,NVIDIA GeForce RTX 4090,90,71,9298,24564,54,376.18
2026/03/28 11:04:04.291,1,NVIDIA GeForce RTX 4080,0,1,2,16376,45,34.93
2026/03/28 11:04:05.342,0,NVIDIA GeForce RTX 4090,93,73,9298,24564,55,376.67
2026/03/28 11:04:05.353,1,NVIDIA GeForce RTX 4080,0,1,2,16376,45,35.15
2026/03/28 11:04:06.405,0,NVIDIA GeForce RTX 4090,92,73,9298,24564,55,378.78
2026/03/28 11:04:06.414,1,NVIDIA GeForce RTX 4080,0,1,2,16376,45,35.02
2026/03/28 11:04:07.466,0,NVIDIA GeForce RTX 4090,94,73,9298,24564,55,377.94
2026/03/28 11:04:07.483,1,NVIDIA GeForce RTX 4080,0,1,2,16376,45,34.84
2026/03/28 11:04:08.536,0,NVIDIA GeForce RTX 4090,94,75,9298,24564,52,382.62
2026/03/28 11:04:08.551,1,NVIDIA GeForce RTX 4080,0,1,2,16376,45,34.85
2026/03/28 11:04:09.601,0,NVIDIA GeForce RTX 4090,94,75,9298,24564,56,383.54
2026/03/28 11:04:09.671,1,NVIDIA GeForce RTX 4080,0,1,2,16376,45,34.84
2026/03/28 11:04:10.721,0,NVIDIA GeForce RTX 4090,94,73,9298,24564,53,380.77
2026/03/28 11:04:10.733,1,NVIDIA GeForce RTX 4080,0,1,2,16376,45,34.76
2026/03/28 11:04:11.786,0,NVIDIA GeForce RTX 4090,94,73,9298,24564,53,381.90
2026/03/28 11:04:11.794,1,NVIDIA GeForce RTX 4080,0,1,2,16376,45,34.79
2026/03/28 11:04:12.845,0,NVIDIA GeForce RTX 4090,56,44,9298,24564,48,360.89
2026/03/28 11:04:12.851,1,NVIDIA GeForce RTX 4080,0,1,2,16376,45,34.79
2026/03/28 11:04:13.901,0,NVIDIA GeForce RTX 4090,0,0,9298,24564,46,116.79
2026/03/28 11:04:13.907,1,NVIDIA GeForce RTX 4080,0,1,2,16376,45,34.36
2026/03/28 11:04:14.956,0,NVIDIA GeForce RTX 4090,0,0,9298,24564,45,81.71
2026/03/28 11:04:14.964,1,NVIDIA GeForce RTX 4080,0,1,2,16376,45,33.69
2026/03/28 11:04:16.013,0,NVIDIA GeForce RTX 4090,0,0,9298,24564,45,76.93
2026/03/28 11:04:16.019,1,NVIDIA GeForce RTX 4080,0,1,2,16376,45,33.63
2026/03/28 11:04:17.068,0,NVIDIA GeForce RTX 4090,0,0,9298,24564,45,72.23
2026/03/28 11:04:17.074,1,NVIDIA GeForce RTX 4080,0,1,2,16376,45,33.86
2026/03/28 11:04:18.124,0,NVIDIA GeForce RTX 4090,0,0,9298,24564,44,71.64
2026/03/28 11:04:18.130,1,NVIDIA GeForce RTX 4080,0,1,2,16376,45,33.90
2026/03/28 11:04:19.180,0,NVIDIA GeForce RTX 4090,14,11,9298,24564,45,81.65
2026/03/28 11:04:19.188,1,NVIDIA GeForce RTX 4080,0,1,2,16376,45,34.51
2026/03/28 11:04:20.237,0,NVIDIA GeForce RTX 4090,75,59,9298,24564,51,241.77
2026/03/28 11:04:20.249,1,NVIDIA GeForce RTX 4080,0,1,2,16376,45,35.01
2026/03/28 11:04:21.305,0,NVIDIA GeForce RTX 4090,67,52,9298,24564,54,313.29
2026/03/28 11:04:21.311,1,NVIDIA GeForce RTX 4080,0,1,2,16376,45,35.37
2026/03/28 11:04:22.362,0,NVIDIA GeForce RTX 4090,75,60,9298,24564,52,312.05
2026/03/28 11:04:22.369,1,NVIDIA GeForce RTX 4080,0,1,2,16376,45,35.43
2026/03/28 11:04:23.421,0,NVIDIA GeForce RTX 4090,0,0,9298,24564,46,230.56
2026/03/28 11:04:23.427,1,NVIDIA GeForce RTX 4080,0,1,2,16376,45,35.35
2026/03/28 11:04:24.479,0,NVIDIA GeForce RTX 4090,0,0,9298,24564,45,112.55
2026/03/28 11:04:24.485,1,NVIDIA GeForce RTX 4080,0,1,2,16376,45,34.78
2026/03/28 11:04:25.536,0,NVIDIA GeForce RTX 4090,0,0,9298,24564,44,80.17
2026/03/28 11:04:25.542,1,NVIDIA GeForce RTX 4080,0,1,2,16376,45,34.35
2026/03/28 11:04:26.592,0,NVIDIA GeForce RTX 4090,0,0,9298,24564,44,75.47
2026/03/28 11:04:26.598,1,NVIDIA GeForce RTX 4080,0,1,2,16376,45,34.43
2026/03/28 11:04:27.648,0,NVIDIA GeForce RTX 4090,0,0,9298,24564,44,71.26
2026/03/28 11:04:27.654,1,NVIDIA GeForce RTX 4080,0,1,2,16376,45,34.73
2026/03/28 11:04:28.704,0,NVIDIA GeForce RTX 4090,0,0,9298,24564,43,71.27
2026/03/28 11:04:28.710,1,NVIDIA GeForce RTX 4080,0,1,2,16376,45,34.71
2026/03/28 11:04:29.760,0,NVIDIA GeForce RTX 4090,0,0,9298,24564,43,70.93
2026/03/28 11:04:29.766,1,NVIDIA GeForce RTX 4080,0,1,2,16376,45,34.43
2026/03/28 11:04:30.815,0,NVIDIA GeForce RTX 4090,27,22,9298,24564,44,79.07
2026/03/28 11:04:30.823,1,NVIDIA GeForce RTX 4080,0,1,2,16376,45,34.51
2026/03/28 11:04:31.872,0,NVIDIA GeForce RTX 4090,80,62,9298,24564,50,194.54
2026/03/28 11:04:31.883,1,NVIDIA GeForce RTX 4080,0,1,2,16376,45,34.67
2026/03/28 11:04:32.933,0,NVIDIA GeForce RTX 4090,77,62,9298,24564,50,313.26
2026/03/28 11:04:32.945,1,NVIDIA GeForce RTX 4080,0,1,2,16376,45,35.03
2026/03/28 11:04:33.995,0,NVIDIA GeForce RTX 4090,77,62,9298,24564,53,307.50
2026/03/28 11:04:34.003,1,NVIDIA GeForce RTX 4080,0,1,2,16376,45,35.41
2026/03/28 11:04:35.054,0,NVIDIA GeForce RTX 4090,73,58,9298,24564,47,302.48
2026/03/28 11:04:35.061,1,NVIDIA GeForce RTX 4080,0,1,2,16376,45,35.49
2026/03/28 11:04:36.111,0,NVIDIA GeForce RTX 4090,0,0,9298,24564,44,117.43
2026/03/28 11:04:36.116,1,NVIDIA GeForce RTX 4080,0,1,2,16376,45,35.65
2026/03/28 11:04:37.166,0,NVIDIA GeForce RTX 4090,93,74,9298,24564,53,230.19
2026/03/28 11:04:37.177,1,NVIDIA GeForce RTX 4080,0,1,2,16376,45,35.39
2026/03/28 11:04:38.231,0,NVIDIA GeForce RTX 4090,94,74,9298,24564,55,373.01
2026/03/28 11:04:38.280,1,NVIDIA GeForce RTX 4080,0,1,2,16376,45,35.39
2026/03/28 11:04:39.333,0,NVIDIA GeForce RTX 4090,93,74,9298,24564,52,376.98
2026/03/28 11:04:39.345,1,NVIDIA GeForce RTX 4080,0,1,2,16376,45,35.39
2026/03/28 11:04:40.395,0,NVIDIA GeForce RTX 4090,92,73,9298,24564,54,380.18
2026/03/28 11:04:40.406,1,NVIDIA GeForce RTX 4080,0,1,2,16376,45,35.46
2026/03/28 11:04:41.459,0,NVIDIA GeForce RTX 4090,95,76,9298,24564,57,381.58
2026/03/28 11:04:41.468,1,NVIDIA GeForce RTX 4080,0,1,2,16376,45,35.44
2026/03/28 11:04:42.523,0,NVIDIA GeForce RTX 4090,94,73,9298,24564,54,381.48
2026/03/28 11:04:42.533,1,NVIDIA GeForce RTX 4080,0,1,2,16376,45,35.36
2026/03/28 11:04:43.585,0,NVIDIA GeForce RTX 4090,94,75,9298,24564,53,380.17
2026/03/28 11:04:43.601,1,NVIDIA GeForce RTX 4080,0,1,2,16376,45,35.45
2026/03/28 11:04:44.652,0,NVIDIA GeForce RTX 4090,93,74,9298,24564,55,381.57
2026/03/28 11:04:44.664,1,NVIDIA GeForce RTX 4080,0,1,2,16376,45,35.35
2026/03/28 11:04:45.714,0,NVIDIA GeForce RTX 4090,94,73,9298,24564,54,379.45
2026/03/28 11:04:45.724,1,NVIDIA GeForce RTX 4080,0,1,2,16376,45,35.34
2026/03/28 11:04:46.773,0,NVIDIA GeForce RTX 4090,94,73,9298,24564,53,381.30
2026/03/28 11:04:46.783,1,NVIDIA GeForce RTX 4080,0,1,2,16376,45,35.50
2026/03/28 11:04:47.836,0,NVIDIA GeForce RTX 4090,94,75,9298,24564,56,381.43
2026/03/28 11:04:47.847,1,NVIDIA GeForce RTX 4080,0,1,2,16376,45,35.40
2026/03/28 11:04:48.897,0,NVIDIA GeForce RTX 4090,94,75,9298,24564,57,383.31
2026/03/28 11:04:48.906,1,NVIDIA GeForce RTX 4080,0,1,2,16376,45,35.39
2026/03/28 11:04:49.958,0,NVIDIA GeForce RTX 4090,0,0,9298,24564,47,213.97
2026/03/28 11:04:49.964,1,NVIDIA GeForce RTX 4080,0,1,2,16376,45,35.49
2026/03/28 11:04:51.014,0,NVIDIA GeForce RTX 4090,0,0,9298,24564,46,133.13
2026/03/28 11:04:51.020,1,NVIDIA GeForce RTX 4080,0,1,2,16376,45,35.15
2026/03/28 11:04:52.070,0,NVIDIA GeForce RTX 4090,0,0,9298,24564,45,81.68
2026/03/28 11:04:52.076,1,NVIDIA GeForce RTX 4080,0,1,2,16376,45,34.74
2026/03/28 11:04:53.127,0,NVIDIA GeForce RTX 4090,0,0,9298,24564,45,76.61
2026/03/28 11:04:53.133,1,NVIDIA GeForce RTX 4080,0,1,2,16376,45,34.58
2026/03/28 11:04:54.184,0,NVIDIA GeForce RTX 4090,0,0,9298,24564,45,71.92
2026/03/28 11:04:54.190,1,NVIDIA GeForce RTX 4080,0,1,2,16376,45,34.76
2026/03/28 11:04:55.240,0,NVIDIA GeForce RTX 4090,0,0,9298,24564,44,72.25
2026/03/28 11:04:55.246,1,NVIDIA GeForce RTX 4080,0,1,2,16376,45,34.52
2026/03/28 11:04:56.297,0,NVIDIA GeForce RTX 4090,0,0,9298,24564,44,72.08
2026/03/28 11:04:56.303,1,NVIDIA GeForce RTX 4080,0,1,2,16376,45,33.91
2026/03/28 11:04:57.353,0,NVIDIA GeForce RTX 4090,0,0,9298,24564,44,71.80
2026/03/28 11:04:57.359,1,NVIDIA GeForce RTX 4080,0,1,2,16376,45,33.90
2026/03/28 11:04:58.409,0,NVIDIA GeForce RTX 4090,0,0,9298,24564,44,71.71
2026/03/28 11:04:58.415,1,NVIDIA GeForce RTX 4080,0,1,2,16376,45,34.33
2026/03/28 11:04:59.464,0,NVIDIA GeForce RTX 4090,0,0,9298,24564,45,71.95
2026/03/28 11:04:59.480,1,NVIDIA GeForce RTX 4080,0,1,2,16376,45,34.47
2026/03/28 11:05:00.534,0,NVIDIA GeForce RTX 4090,78,61,9298,24564,50,215.75
2026/03/28 11:05:00.542,1,NVIDIA GeForce RTX 4080,0,1,2,16376,45,34.79
2026/03/28 11:05:01.595,0,NVIDIA GeForce RTX 4090,74,58,9298,24564,53,314.94
2026/03/28 11:05:01.600,1,NVIDIA GeForce RTX 4080,0,1,2,16376,45,35.24
2026/03/28 11:05:02.648,0,NVIDIA GeForce RTX 4090,77,63,9298,24564,52,321.70
2026/03/28 11:05:02.654,1,NVIDIA GeForce RTX 4080,0,1,2,16376,45,35.39
2026/03/28 11:05:03.705,0,NVIDIA GeForce RTX 4090,0,0,9298,24564,45,239.33
2026/03/28 11:05:03.710,1,NVIDIA GeForce RTX 4080,0,1,2,16376,45,35.23
2026/03/28 11:05:04.762,0,NVIDIA GeForce RTX 4090,0,0,9298,24564,45,120.95
2026/03/28 11:05:04.766,1,NVIDIA GeForce RTX 4080,0,1,2,16376,45,34.51
2026/03/28 11:05:05.817,0,NVIDIA GeForce RTX 4090,0,0,9298,24564,44,81.10
2026/03/28 11:05:05.822,1,NVIDIA GeForce RTX 4080,0,1,2,16376,45,34.10
2026/03/28 11:05:06.872,0,NVIDIA GeForce RTX 4090,0,0,9298,24564,44,76.38
2026/03/28 11:05:06.877,1,NVIDIA GeForce RTX 4080,0,1,2,16376,45,34.35
2026/03/28 11:05:07.926,0,NVIDIA GeForce RTX 4090,0,0,9298,24564,43,71.46
2026/03/28 11:05:07.930,1,NVIDIA GeForce RTX 4080,0,1,2,16376,45,34.25
2026/03/28 11:05:08.980,0,NVIDIA GeForce RTX 4090,0,0,9298,24564,43,71.10
2026/03/28 11:05:08.985,1,NVIDIA GeForce RTX 4080,0,1,2,16376,45,34.09
2026/03/28 11:05:10.035,0,NVIDIA GeForce RTX 4090,0,0,9298,24564,43,70.95
2026/03/28 11:05:10.039,1,NVIDIA GeForce RTX 4080,0,1,2,16376,45,34.27
2026/03/28 11:05:11.090,0,NVIDIA GeForce RTX 4090,0,0,9298,24564,43,70.89
2026/03/28 11:05:11.094,1,NVIDIA GeForce RTX 4080,0,1,2,16376,45,34.40
2026/03/28 11:05:12.147,0,NVIDIA GeForce RTX 4090,80,65,9298,24564,51,132.55
2026/03/28 11:05:12.152,1,NVIDIA GeForce RTX 4080,0,1,2,16376,45,34.15
2026/03/28 11:05:13.204,0,NVIDIA GeForce RTX 4090,72,56,9298,24564,50,317.34
2026/03/28 11:05:13.209,1,NVIDIA GeForce RTX 4080,0,1,2,16376,45,35.05
2026/03/28 11:05:14.261,0,NVIDIA GeForce RTX 4090,69,54,9298,24564,50,314.25
2026/03/28 11:05:14.270,1,NVIDIA GeForce RTX 4080,0,1,2,16376,45,35.23
2026/03/28 11:05:15.321,0,NVIDIA GeForce RTX 4090,73,57,9298,24564,49,314.19
2026/03/28 11:05:15.327,1,NVIDIA GeForce RTX 4080,0,1,2,16376,45,35.11
2026/03/28 11:05:16.377,0,NVIDIA GeForce RTX 4090,0,0,9298,24564,44,125.44
2026/03/28 11:05:16.385,1,NVIDIA GeForce RTX 4080,0,1,2,16376,45,34.53
2026/03/28 11:05:17.437,0,NVIDIA GeForce RTX 4090,94,73,9298,24564,53,178.02
2026/03/28 11:05:17.464,1,NVIDIA GeForce RTX 4080,0,1,2,16376,45,33.76
2026/03/28 11:05:18.517,0,NVIDIA GeForce RTX 4090,93,75,9298,24564,53,380.36
2026/03/28 11:05:18.527,1,NVIDIA GeForce RTX 4080,0,1,2,16376,45,34.18
2026/03/28 11:05:19.574,0,NVIDIA GeForce RTX 4090,94,72,9298,24564,52,379.70
2026/03/28 11:05:19.586,1,NVIDIA GeForce RTX 4080,0,1,2,16376,45,34.95
2026/03/28 11:05:20.638,0,NVIDIA GeForce RTX 4090,94,75,9298,24564,53,382.71
2026/03/28 11:05:20.646,1,NVIDIA GeForce RTX 4080,0,1,2,16376,45,35.16
2026/03/28 11:05:21.700,0,NVIDIA GeForce RTX 4090,94,75,9298,24564,56,382.51
2026/03/28 11:05:21.706,1,NVIDIA GeForce RTX 4080,0,1,2,16376,45,35.11
2026/03/28 11:05:22.760,0,NVIDIA GeForce RTX 4090,94,75,9298,24564,53,381.53
2026/03/28 11:05:22.769,1,NVIDIA GeForce RTX 4080,0,1,2,16376,45,34.88
2026/03/28 11:05:23.819,0,NVIDIA GeForce RTX 4090,94,75,9298,24564,55,381.25
2026/03/28 11:05:23.828,1,NVIDIA GeForce RTX 4080,0,1,2,16376,45,34.81
2026/03/28 11:05:24.880,0,NVIDIA GeForce RTX 4090,94,75,9298,24564,53,381.71
2026/03/28 11:05:24.889,1,NVIDIA GeForce RTX 4080,0,1,2,16376,45,34.87
2026/03/28 11:05:25.941,0,NVIDIA GeForce RTX 4090,94,73,9298,24564,55,383.25
2026/03/28 11:05:25.950,1,NVIDIA GeForce RTX 4080,0,1,2,16376,45,34.88
2026/03/28 11:05:26.999,0,NVIDIA GeForce RTX 4090,95,76,9298,24564,55,382.46
2026/03/28 11:05:27.007,1,NVIDIA GeForce RTX 4080,0,1,2,16376,45,34.82
2026/03/28 11:05:28.057,0,NVIDIA GeForce RTX 4090,95,76,9298,24564,54,382.89
2026/03/28 11:05:28.066,1,NVIDIA GeForce RTX 4080,0,1,2,16376,45,34.97
2026/03/28 11:05:29.119,0,NVIDIA GeForce RTX 4090,95,73,9298,24564,57,379.50
2026/03/28 11:05:29.126,1,NVIDIA GeForce RTX 4080,0,1,2,16376,45,35.22
2026/03/28 11:05:30.178,0,NVIDIA GeForce RTX 4090,0,0,9298,24564,48,325.23
2026/03/28 11:05:30.183,1,NVIDIA GeForce RTX 4080,0,1,2,16376,45,35.34
2026/03/28 11:05:31.233,0,NVIDIA GeForce RTX 4090,0,0,9298,24564,46,133.76
2026/03/28 11:05:31.237,1,NVIDIA GeForce RTX 4080,0,1,2,16376,45,35.09
2026/03/28 11:05:32.287,0,NVIDIA GeForce RTX 4090,0,0,9298,24564,45,81.30
2026/03/28 11:05:32.291,1,NVIDIA GeForce RTX 4080,0,1,2,16376,45,34.84
2026/03/28 11:05:33.339,0,NVIDIA GeForce RTX 4090,0,0,9298,24564,45,76.42
2026/03/28 11:05:33.344,1,NVIDIA GeForce RTX 4080,0,1,2,16376,45,34.81
2026/03/28 11:05:34.395,0,NVIDIA GeForce RTX 4090,0,0,9298,24564,44,71.50
2026/03/28 11:05:34.400,1,NVIDIA GeForce RTX 4080,0,1,2,16376,45,34.78
2026/03/28 11:05:35.448,0,NVIDIA GeForce RTX 4090,0,0,9298,24564,44,71.37
2026/03/28 11:05:35.453,1,NVIDIA GeForce RTX 4080,0,1,2,16376,45,34.69
2026/03/28 11:05:36.505,0,NVIDIA GeForce RTX 4090,0,0,9298,24564,44,71.48
2026/03/28 11:05:36.510,1,NVIDIA GeForce RTX 4080,0,1,2,16376,45,34.76
2026/03/28 11:05:37.561,0,NVIDIA GeForce RTX 4090,0,0,9298,24564,44,71.22
2026/03/28 11:05:37.566,1,NVIDIA GeForce RTX 4080,0,1,2,16376,45,34.74
2026/03/28 11:05:38.617,0,NVIDIA GeForce RTX 4090,0,0,9298,24564,44,70.95
2026/03/28 11:05:38.622,1,NVIDIA GeForce RTX 4080,0,1,2,16376,45,34.62
2026/03/28 11:05:39.673,0,NVIDIA GeForce RTX 4090,0,0,9298,24564,43,70.82
2026/03/28 11:05:39.678,1,NVIDIA GeForce RTX 4080,0,1,2,16376,45,34.46
2026/03/28 11:05:40.729,0,NVIDIA GeForce RTX 4090,0,0,9298,24564,43,70.73
2026/03/28 11:05:40.734,1,NVIDIA GeForce RTX 4080,0,1,2,16376,45,34.55
2026/03/28 11:05:41.786,0,NVIDIA GeForce RTX 4090,0,0,9298,24564,43,70.78
2026/03/28 11:05:41.791,1,NVIDIA GeForce RTX 4080,0,1,2,16376,45,34.56
2026/03/28 11:05:42.842,0,NVIDIA GeForce RTX 4090,0,0,9298,24564,43,70.62
2026/03/28 11:05:42.847,1,NVIDIA GeForce RTX 4080,0,1,2,16376,45,34.12
2026/03/28 11:05:43.898,0,NVIDIA GeForce RTX 4090,0,0,9298,24564,43,74.61
2026/03/28 11:05:43.903,1,NVIDIA GeForce RTX 4080,0,1,2,16376,45,34.14
2026/03/28 11:05:44.955,0,NVIDIA GeForce RTX 4090,0,0,9298,24564,43,69.65
2026/03/28 11:05:44.959,1,NVIDIA GeForce RTX 4080,0,1,2,16376,45,34.16
2026/03/28 11:05:46.011,0,NVIDIA GeForce RTX 4090,75,61,9298,24564,48,147.49
2026/03/28 11:05:46.018,1,NVIDIA GeForce RTX 4080,0,1,2,16376,45,34.12
2026/03/28 11:05:47.068,0,NVIDIA GeForce RTX 4090,70,56,9298,24564,50,314.93
2026/03/28 11:05:47.079,1,NVIDIA GeForce RTX 4080,0,1,2,16376,45,34.98
2026/03/28 11:05:48.131,0,NVIDIA GeForce RTX 4090,70,55,9298,24564,50,303.97
2026/03/28 11:05:48.141,1,NVIDIA GeForce RTX 4080,0,1,2,16376,45,35.71
2026/03/28 11:05:49.190,0,NVIDIA GeForce RTX 4090,7,4,9298,24564,45,242.26
2026/03/28 11:05:49.229,1,NVIDIA GeForce RTX 4080,0,1,2,16376,45,35.62
2026/03/28 11:05:50.278,0,NVIDIA GeForce RTX 4090,0,0,9298,24564,44,107.79
2026/03/28 11:05:50.282,1,NVIDIA GeForce RTX 4080,0,1,2,16376,45,35.14
2026/03/28 11:05:51.334,0,NVIDIA GeForce RTX 4090,0,0,9298,24564,43,79.40
2026/03/28 11:05:51.338,1,NVIDIA GeForce RTX 4080,0,1,2,16376,45,34.76
2026/03/28 11:05:52.388,0,NVIDIA GeForce RTX 4090,0,0,9298,24564,43,75.11
2026/03/28 11:05:52.393,1,NVIDIA GeForce RTX 4080,0,1,2,16376,45,34.73
2026/03/28 11:05:53.444,0,NVIDIA GeForce RTX 4090,0,0,9298,24564,42,70.61
2026/03/28 11:05:53.449,1,NVIDIA GeForce RTX 4080,0,1,2,16376,45,34.55
2026/03/28 11:05:54.499,0,NVIDIA GeForce RTX 4090,0,0,9298,24564,42,70.29
2026/03/28 11:05:54.504,1,NVIDIA GeForce RTX 4080,0,1,2,16376,45,34.52
2026/03/28 11:05:55.554,0,NVIDIA GeForce RTX 4090,0,0,9298,24564,42,70.29
2026/03/28 11:05:55.559,1,NVIDIA GeForce RTX 4080,0,1,2,16376,45,34.62
2026/03/28 11:05:56.611,0,NVIDIA GeForce RTX 4090,0,0,9298,24564,42,70.36
2026/03/28 11:05:56.616,1,NVIDIA GeForce RTX 4080,0,1,2,16376,45,34.57
2026/03/28 11:05:57.667,0,NVIDIA GeForce RTX 4090,80,64,9298,24564,50,134.42
2026/03/28 11:05:57.676,1,NVIDIA GeForce RTX 4080,0,1,2,16376,45,34.48
2026/03/28 11:05:58.724,0,NVIDIA GeForce RTX 4090,74,58,9298,24564,49,313.90
2026/03/28 11:05:58.739,1,NVIDIA GeForce RTX 4080,0,1,2,16376,45,35.13
2026/03/28 11:05:59.791,0,NVIDIA GeForce RTX 4090,73,58,9298,24564,49,305.17
2026/03/28 11:05:59.800,1,NVIDIA GeForce RTX 4080,0,1,2,16376,45,35.94
2026/03/28 11:06:00.855,0,NVIDIA GeForce RTX 4090,72,57,9298,24564,47,311.57
2026/03/28 11:06:00.860,1,NVIDIA GeForce RTX 4080,0,1,2,16376,45,35.96
2026/03/28 11:06:01.913,0,NVIDIA GeForce RTX 4090,0,0,9298,24564,43,147.25
2026/03/28 11:06:01.918,1,NVIDIA GeForce RTX 4080,0,1,2,16376,45,35.60
2026/03/28 11:06:02.969,0,NVIDIA GeForce RTX 4090,94,73,9298,24564,50,139.87
2026/03/28 11:06:02.978,1,NVIDIA GeForce RTX 4080,0,1,2,16376,45,34.79
2026/03/28 11:06:04.030,0,NVIDIA GeForce RTX 4090,94,75,9298,24564,55,378.68
2026/03/28 11:06:04.037,1,NVIDIA GeForce RTX 4080,0,1,2,16376,45,34.48
2026/03/28 11:06:05.090,0,NVIDIA GeForce RTX 4090,94,74,9298,24564,50,381.56
2026/03/28 11:06:05.098,1,NVIDIA GeForce RTX 4080,0,1,2,16376,45,35.11
2026/03/28 11:06:06.150,0,NVIDIA GeForce RTX 4090,92,73,9298,24564,55,379.90
2026/03/28 11:06:06.156,1,NVIDIA GeForce RTX 4080,0,1,2,16376,45,35.31
2026/03/28 11:06:07.210,0,NVIDIA GeForce RTX 4090,94,75,9298,24564,52,381.89
2026/03/28 11:06:07.219,1,NVIDIA GeForce RTX 4080,0,1,2,16376,45,35.20
2026/03/28 11:06:08.272,0,NVIDIA GeForce RTX 4090,94,76,9298,24564,54,381.67
2026/03/28 11:06:08.280,1,NVIDIA GeForce RTX 4080,0,1,2,16376,45,35.29
2026/03/28 11:06:09.331,0,NVIDIA GeForce RTX 4090,93,74,9298,24564,52,379.92
2026/03/28 11:06:09.339,1,NVIDIA GeForce RTX 4080,0,1,2,16376,45,35.45
2026/03/28 11:06:10.390,0,NVIDIA GeForce RTX 4090,94,75,9298,24564,53,383.16
2026/03/28 11:06:10.399,1,NVIDIA GeForce RTX 4080,0,1,2,16376,45,35.55
2026/03/28 11:06:11.452,0,NVIDIA GeForce RTX 4090,94,75,9298,24564,55,382.19
2026/03/28 11:06:11.460,1,NVIDIA GeForce RTX 4080,0,1,2,16376,45,35.64
2026/03/28 11:06:12.514,0,NVIDIA GeForce RTX 4090,94,75,9298,24564,52,382.25
2026/03/28 11:06:12.522,1,NVIDIA GeForce RTX 4080,0,1,2,16376,45,35.50
2026/03/28 11:06:13.575,0,NVIDIA GeForce RTX 4090,94,74,9298,24564,57,381.96
2026/03/28 11:06:13.583,1,NVIDIA GeForce RTX 4080,0,1,2,16376,45,35.15
2026/03/28 11:06:14.639,0,NVIDIA GeForce RTX 4090,93,75,9298,24564,53,381.06
2026/03/28 11:06:14.651,1,NVIDIA GeForce RTX 4080,0,1,2,16376,45,35.15
2026/03/28 11:06:15.703,0,NVIDIA GeForce RTX 4090,94,75,9298,24564,47,360.63
2026/03/28 11:06:15.709,1,NVIDIA GeForce RTX 4080,0,1,2,16376,45,35.31
2026/03/28 11:06:16.761,0,NVIDIA GeForce RTX 4090,0,0,9298,24564,46,114.75
2026/03/28 11:06:16.766,1,NVIDIA GeForce RTX 4080,0,1,2,16376,45,35.11
2026/03/28 11:06:17.818,0,NVIDIA GeForce RTX 4090,0,0,9298,24564,45,80.85
2026/03/28 11:06:17.823,1,NVIDIA GeForce RTX 4080,0,1,2,16376,45,34.82
2026/03/28 11:06:18.875,0,NVIDIA GeForce RTX 4090,0,0,9298,24564,44,76.93
2026/03/28 11:06:18.881,1,NVIDIA GeForce RTX 4080,0,1,2,16376,45,34.71
2026/03/28 11:06:19.933,0,NVIDIA GeForce RTX 4090,0,0,9298,24564,44,72.86
2026/03/28 11:06:19.938,1,NVIDIA GeForce RTX 4080,0,1,2,16376,45,34.72
2026/03/28 11:06:20.988,0,NVIDIA GeForce RTX 4090,0,0,9298,24564,44,72.19
2026/03/28 11:06:20.994,1,NVIDIA GeForce RTX 4080,0,1,2,16376,45,34.81
2026/03/28 11:06:22.045,0,NVIDIA GeForce RTX 4090,0,0,9298,24564,44,71.75
2026/03/28 11:06:22.050,1,NVIDIA GeForce RTX 4080,0,1,2,16376,45,34.71
2026/03/28 11:06:23.101,0,NVIDIA GeForce RTX 4090,0,0,9298,24564,43,76.79
2026/03/28 11:06:23.106,1,NVIDIA GeForce RTX 4080,0,1,2,16376,45,34.48
2026/03/28 11:06:24.157,0,NVIDIA GeForce RTX 4090,0,0,9298,24564,43,71.31
2026/03/28 11:06:24.162,1,NVIDIA GeForce RTX 4080,0,1,2,16376,45,34.66
2026/03/28 11:06:25.214,0,NVIDIA GeForce RTX 4090,81,64,9298,24564,49,162.47
2026/03/28 11:06:25.220,1,NVIDIA GeForce RTX 4080,0,1,2,16376,45,35.17
2026/03/28 11:06:26.276,0,NVIDIA GeForce RTX 4090,77,62,9298,24564,47,320.63
2026/03/28 11:06:26.285,1,NVIDIA GeForce RTX 4080,0,1,2,16376,45,35.92
2026/03/28 11:06:27.338,0,NVIDIA GeForce RTX 4090,78,63,9298,24564,51,304.59
2026/03/28 11:06:27.349,1,NVIDIA GeForce RTX 4080,0,1,2,16376,45,36.11
2026/03/28 11:06:28.402,0,NVIDIA GeForce RTX 4090,52,40,9298,24564,47,302.77
2026/03/28 11:06:28.407,1,NVIDIA GeForce RTX 4080,0,1,2,16376,45,35.90
2026/03/28 11:06:29.459,0,NVIDIA GeForce RTX 4090,0,0,9298,24564,44,105.42
2026/03/28 11:06:29.465,1,NVIDIA GeForce RTX 4080,0,1,2,16376,45,35.61
2026/03/28 11:06:30.515,0,NVIDIA GeForce RTX 4090,0,0,9298,24564,43,80.13
2026/03/28 11:06:30.522,1,NVIDIA GeForce RTX 4080,0,1,2,16376,45,35.04
2026/03/28 11:06:31.570,0,NVIDIA GeForce RTX 4090,0,0,9298,24564,43,75.31
2026/03/28 11:06:31.575,1,NVIDIA GeForce RTX 4080,0,1,2,16376,45,34.91
2026/03/28 11:06:32.625,0,NVIDIA GeForce RTX 4090,0,0,9298,24564,43,71.03
2026/03/28 11:06:32.631,1,NVIDIA GeForce RTX 4080,0,1,2,16376,45,34.89
2026/03/28 11:06:33.681,0,NVIDIA GeForce RTX 4090,0,0,9298,24564,43,71.07
2026/03/28 11:06:33.686,1,NVIDIA GeForce RTX 4080,0,1,2,16376,45,35.09
2026/03/28 11:06:34.736,0,NVIDIA GeForce RTX 4090,0,0,9298,24564,42,70.75
2026/03/28 11:06:34.741,1,NVIDIA GeForce RTX 4080,0,1,2,16376,45,35.29
2026/03/28 11:06:35.792,0,NVIDIA GeForce RTX 4090,0,0,9298,24564,42,70.62
2026/03/28 11:06:35.797,1,NVIDIA GeForce RTX 4080,0,1,2,16376,45,35.28
2026/03/28 11:06:36.848,0,NVIDIA GeForce RTX 4090,79,61,9298,24564,49,163.88
2026/03/28 11:06:36.854,1,NVIDIA GeForce RTX 4080,0,1,2,16376,45,35.20
2026/03/28 11:06:37.906,0,NVIDIA GeForce RTX 4090,79,64,9298,24564,53,322.87
2026/03/28 11:06:37.913,1,NVIDIA GeForce RTX 4080,0,1,2,16376,45,35.43
2026/03/28 11:06:38.963,0,NVIDIA GeForce RTX 4090,75,58,9298,24564,50,322.45
2026/03/28 11:06:38.972,1,NVIDIA GeForce RTX 4080,0,1,2,16376,45,35.96
2026/03/28 11:06:40.022,0,NVIDIA GeForce RTX 4090,71,56,9298,24564,45,293.65
2026/03/28 11:06:40.033,1,NVIDIA GeForce RTX 4080,0,1,2,16376,45,35.97
2026/03/28 11:06:41.083,0,NVIDIA GeForce RTX 4090,0,0,9298,24564,44,123.81
2026/03/28 11:06:41.088,1,NVIDIA GeForce RTX 4080,0,1,2,16376,45,35.85
2026/03/28 11:06:42.141,0,NVIDIA GeForce RTX 4090,90,72,9298,24564,50,224.10
2026/03/28 11:06:42.152,1,NVIDIA GeForce RTX 4080,0,1,2,16376,45,34.96
2026/03/28 11:06:43.206,0,NVIDIA GeForce RTX 4090,95,74,9298,24564,52,381.84
2026/03/28 11:06:43.261,1,NVIDIA GeForce RTX 4080,0,1,2,16376,45,35.29
2026/03/28 11:06:44.312,0,NVIDIA GeForce RTX 4090,94,74,9298,24564,55,382.11
2026/03/28 11:06:44.321,1,NVIDIA GeForce RTX 4080,0,1,2,16376,45,35.62
2026/03/28 11:06:45.374,0,NVIDIA GeForce RTX 4090,95,76,9298,24564,52,379.37
2026/03/28 11:06:45.386,1,NVIDIA GeForce RTX 4080,0,1,2,16376,45,35.58
2026/03/28 11:06:46.436,0,NVIDIA GeForce RTX 4090,93,74,9298,24564,51,383.26
2026/03/28 11:06:46.444,1,NVIDIA GeForce RTX 4080,0,1,2,16376,45,35.35
2026/03/28 11:06:47.496,0,NVIDIA GeForce RTX 4090,94,73,9298,24564,55,379.94
2026/03/28 11:06:47.506,1,NVIDIA GeForce RTX 4080,0,1,2,16376,45,35.39
2026/03/28 11:06:48.559,0,NVIDIA GeForce RTX 4090,93,73,9298,24564,52,382.11
2026/03/28 11:06:48.568,1,NVIDIA GeForce RTX 4080,0,1,2,16376,45,35.46
2026/03/28 11:06:49.622,0,NVIDIA GeForce RTX 4090,93,74,9298,24564,52,382.47
2026/03/28 11:06:49.630,1,NVIDIA GeForce RTX 4080,0,1,2,16376,45,35.42
2026/03/28 11:06:50.681,0,NVIDIA GeForce RTX 4090,95,76,9298,24564,56,381.75
2026/03/28 11:06:50.690,1,NVIDIA GeForce RTX 4080,0,1,2,16376,45,35.50
2026/03/28 11:06:51.744,0,NVIDIA GeForce RTX 4090,94,74,9298,24564,54,382.63
2026/03/28 11:06:51.754,1,NVIDIA GeForce RTX 4080,0,1,2,16376,45,35.55
2026/03/28 11:06:52.806,0,NVIDIA GeForce RTX 4090,94,74,9298,24564,53,382.70
2026/03/28 11:06:52.820,1,NVIDIA GeForce RTX 4080,0,1,2,16376,45,35.52
2026/03/28 11:06:53.870,0,NVIDIA GeForce RTX 4090,94,75,9298,24564,55,384.30
2026/03/28 11:06:53.883,1,NVIDIA GeForce RTX 4080,0,1,2,16376,45,35.38
2026/03/28 11:06:54.938,0,NVIDIA GeForce RTX 4090,0,0,9298,24564,46,192.63
2026/03/28 11:06:54.944,1,NVIDIA GeForce RTX 4080,0,1,2,16376,45,35.30
2026/03/28 11:06:55.994,0,NVIDIA GeForce RTX 4090,0,0,9298,24564,46,111.98
2026/03/28 11:06:56.000,1,NVIDIA GeForce RTX 4080,0,1,2,16376,45,35.00
2026/03/28 11:06:57.050,0,NVIDIA GeForce RTX 4090,0,0,9298,24564,45,81.57
2026/03/28 11:06:57.056,1,NVIDIA GeForce RTX 4080,0,1,2,16376,45,34.80
2026/03/28 11:06:58.106,0,NVIDIA GeForce RTX 4090,0,0,9298,24564,44,76.75
2026/03/28 11:06:58.112,1,NVIDIA GeForce RTX 4080,0,1,2,16376,45,34.94
2026/03/28 11:06:59.163,0,NVIDIA GeForce RTX 4090,0,0,9298,24564,44,71.94
2026/03/28 11:06:59.169,1,NVIDIA GeForce RTX 4080,0,1,2,16376,45,35.08
2026/03/28 11:07:00.219,0,NVIDIA GeForce RTX 4090,0,0,9298,24564,44,71.75
2026/03/28 11:07:00.225,1,NVIDIA GeForce RTX 4080,0,1,2,16376,45,35.00
2026/03/28 11:07:01.275,0,NVIDIA GeForce RTX 4090,0,0,9298,24564,44,75.52
2026/03/28 11:07:01.282,1,NVIDIA GeForce RTX 4080,0,1,2,16376,45,34.99
2026/03/28 11:07:02.332,0,NVIDIA GeForce RTX 4090,80,63,9298,24564,50,156.08
2026/03/28 11:07:02.343,1,NVIDIA GeForce RTX 4080,0,1,2,16376,45,35.12
2026/03/28 11:07:03.394,0,NVIDIA GeForce RTX 4090,78,61,9298,24564,49,324.44
2026/03/28 11:07:03.401,1,NVIDIA GeForce RTX 4080,0,1,2,16376,45,35.78
2026/03/28 11:07:04.453,0,NVIDIA GeForce RTX 4090,77,60,9298,24564,54,323.34
2026/03/28 11:07:04.461,1,NVIDIA GeForce RTX 4080,0,1,2,16376,45,36.25
2026/03/28 11:07:05.515,0,NVIDIA GeForce RTX 4090,13,10,9298,24564,46,287.69
2026/03/28 11:07:05.521,1,NVIDIA GeForce RTX 4080,0,1,2,16376,45,36.08
2026/03/28 11:07:06.576,0,NVIDIA GeForce RTX 4090,0,0,9298,24564,45,113.08
2026/03/28 11:07:06.582,1,NVIDIA GeForce RTX 4080,0,1,2,16376,45,35.64
2026/03/28 11:07:07.631,0,NVIDIA GeForce RTX 4090,0,0,9298,24564,44,80.83
2026/03/28 11:07:07.637,1,NVIDIA GeForce RTX 4080,0,1,2,16376,45,35.34
2026/03/28 11:07:08.689,0,NVIDIA GeForce RTX 4090,0,0,9298,24564,43,76.22
2026/03/28 11:07:08.695,1,NVIDIA GeForce RTX 4080,0,1,2,16376,45,35.27
2026/03/28 11:07:09.744,0,NVIDIA GeForce RTX 4090,0,0,9298,24564,43,71.93
2026/03/28 11:07:09.750,1,NVIDIA GeForce RTX 4080,0,1,2,16376,45,35.12
2026/03/28 11:07:10.799,0,NVIDIA GeForce RTX 4090,0,0,9298,24564,43,71.75
2026/03/28 11:07:10.805,1,NVIDIA GeForce RTX 4080,0,1,2,16376,45,35.02
2026/03/28 11:07:11.855,0,NVIDIA GeForce RTX 4090,0,0,9298,24564,43,71.42
2026/03/28 11:07:11.861,1,NVIDIA GeForce RTX 4080,0,1,2,16376,45,34.70
2026/03/28 11:07:12.911,0,NVIDIA GeForce RTX 4090,0,0,9298,24564,43,71.27
2026/03/28 11:07:12.916,1,NVIDIA GeForce RTX 4080,0,1,2,16376,45,34.65
2026/03/28 11:07:13.968,0,NVIDIA GeForce RTX 4090,14,11,9298,24564,48,76.25
2026/03/28 11:07:13.976,1,NVIDIA GeForce RTX 4080,0,1,2,16376,45,34.86
2026/03/28 11:07:15.032,0,NVIDIA GeForce RTX 4090,77,60,9298,24564,52,312.12
2026/03/28 11:07:15.039,1,NVIDIA GeForce RTX 4080,0,1,2,16376,45,35.22
2026/03/28 11:07:16.092,0,NVIDIA GeForce RTX 4090,77,62,9298,24564,52,324.58
2026/03/28 11:07:16.103,1,NVIDIA GeForce RTX 4080,0,1,2,16376,45,35.67
2026/03/28 11:07:17.155,0,NVIDIA GeForce RTX 4090,77,62,9298,24564,50,320.15
2026/03/28 11:07:17.161,1,NVIDIA GeForce RTX 4080,0,1,2,16376,45,35.83
2026/03/28 11:07:18.213,0,NVIDIA GeForce RTX 4090,0,0,9298,24564,44,194.27
2026/03/28 11:07:18.219,1,NVIDIA GeForce RTX 4080,0,1,2,16376,45,35.62
2026/03/28 11:07:19.269,0,NVIDIA GeForce RTX 4090,0,0,9298,24564,44,107.46
2026/03/28 11:07:19.275,1,NVIDIA GeForce RTX 4080,0,1,2,16376,45,35.11
2026/03/28 11:07:20.326,0,NVIDIA GeForce RTX 4090,94,76,9298,24564,52,252.50
2026/03/28 11:07:20.337,1,NVIDIA GeForce RTX 4080,0,1,2,16376,45,35.09
2026/03/28 11:07:21.390,0,NVIDIA GeForce RTX 4090,93,74,9298,24564,56,381.38
2026/03/28 11:07:21.398,1,NVIDIA GeForce RTX 4080,0,1,2,16376,45,35.47
2026/03/28 11:07:22.450,0,NVIDIA GeForce RTX 4090,94,75,9298,24564,52,382.60
2026/03/28 11:07:22.461,1,NVIDIA GeForce RTX 4080,0,1,2,16376,45,35.62
2026/03/28 11:07:23.513,0,NVIDIA GeForce RTX 4090,94,73,9298,24564,54,378.38
2026/03/28 11:07:23.525,1,NVIDIA GeForce RTX 4080,0,1,2,16376,45,35.60
2026/03/28 11:07:24.578,0,NVIDIA GeForce RTX 4090,96,75,9298,24564,55,381.52
2026/03/28 11:07:24.590,1,NVIDIA GeForce RTX 4080,0,1,2,16376,45,35.39
2026/03/28 11:07:25.639,0,NVIDIA GeForce RTX 4090,96,76,9298,24564,54,386.94
2026/03/28 11:07:25.654,1,NVIDIA GeForce RTX 4080,0,1,2,16376,45,35.08
2026/03/28 11:07:26.706,0,NVIDIA GeForce RTX 4090,94,76,9298,24564,57,381.31
2026/03/28 11:07:26.714,1,NVIDIA GeForce RTX 4080,0,1,2,16376,45,35.10
2026/03/28 11:07:27.770,0,NVIDIA GeForce RTX 4090,93,74,9298,24564,55,380.37
2026/03/28 11:07:27.781,1,NVIDIA GeForce RTX 4080,0,1,2,16376,45,35.08
2026/03/28 11:07:28.834,0,NVIDIA GeForce RTX 4090,94,75,9298,24564,54,383.67
2026/03/28 11:07:28.849,1,NVIDIA GeForce RTX 4080,0,1,2,16376,45,35.09
2026/03/28 11:07:29.903,0,NVIDIA GeForce RTX 4090,96,76,9298,24564,58,384.78
2026/03/28 11:07:29.947,1,NVIDIA GeForce RTX 4080,0,1,2,16376,45,35.20
2026/03/28 11:07:30.999,0,NVIDIA GeForce RTX 4090,95,75,9298,24564,56,383.20
2026/03/28 11:07:31.008,1,NVIDIA GeForce RTX 4080,0,1,2,16376,45,35.28
2026/03/28 11:07:32.059,0,NVIDIA GeForce RTX 4090,94,73,9298,24564,49,351.91
2026/03/28 11:07:32.096,1,NVIDIA GeForce RTX 4080,0,1,2,16376,45,35.41
2026/03/28 11:07:33.144,0,NVIDIA GeForce RTX 4090,0,0,9298,24564,46,138.23
2026/03/28 11:07:33.148,1,NVIDIA GeForce RTX 4080,0,1,2,16376,45,35.04
2026/03/28 11:07:34.199,0,NVIDIA GeForce RTX 4090,0,0,9298,24564,45,82.61
2026/03/28 11:07:34.203,1,NVIDIA GeForce RTX 4080,0,1,2,16376,45,34.71
2026/03/28 11:07:35.254,0,NVIDIA GeForce RTX 4090,0,0,9298,24564,45,78.06
2026/03/28 11:07:35.259,1,NVIDIA GeForce RTX 4080,0,1,2,16376,45,34.54
2026/03/28 11:07:36.310,0,NVIDIA GeForce RTX 4090,0,0,9298,24564,44,73.38
2026/03/28 11:07:36.315,1,NVIDIA GeForce RTX 4080,0,1,2,16376,45,34.57
2026/03/28 11:07:37.366,0,NVIDIA GeForce RTX 4090,0,0,9298,24564,44,73.29
2026/03/28 11:07:37.370,1,NVIDIA GeForce RTX 4080,0,1,2,16376,45,34.60
2026/03/28 11:07:38.422,0,NVIDIA GeForce RTX 4090,0,0,9298,24564,44,73.33
2026/03/28 11:07:38.426,1,NVIDIA GeForce RTX 4080,0,1,2,16376,45,34.80
2026/03/28 11:07:39.478,0,NVIDIA GeForce RTX 4090,0,0,9298,24564,44,87.95
2026/03/28 11:07:39.482,1,NVIDIA GeForce RTX 4080,0,1,2,16376,45,34.80
2026/03/28 11:07:40.535,0,NVIDIA GeForce RTX 4090,76,61,9298,24564,54,294.02
2026/03/28 11:07:40.542,1,NVIDIA GeForce RTX 4080,0,1,2,16376,45,34.95
2026/03/28 11:07:41.593,0,NVIDIA GeForce RTX 4090,78,62,9298,24564,54,319.73
2026/03/28 11:07:41.602,1,NVIDIA GeForce RTX 4080,0,1,2,16376,45,35.57
2026/03/28 11:07:42.655,0,NVIDIA GeForce RTX 4090,75,58,9298,24564,51,321.41
2026/03/28 11:07:42.662,1,NVIDIA GeForce RTX 4080,0,1,2,16376,45,35.82
2026/03/28 11:07:43.715,0,NVIDIA GeForce RTX 4090,0,0,9298,24564,45,151.81
2026/03/28 11:07:43.720,1,NVIDIA GeForce RTX 4080,0,1,2,16376,45,35.66
2026/03/28 11:07:44.772,0,NVIDIA GeForce RTX 4090,0,0,9298,24564,44,108.34
2026/03/28 11:07:44.776,1,NVIDIA GeForce RTX 4080,0,1,2,16376,45,34.88
2026/03/28 11:07:45.828,0,NVIDIA GeForce RTX 4090,0,0,9298,24564,44,80.19
2026/03/28 11:07:45.832,1,NVIDIA GeForce RTX 4080,0,1,2,16376,45,34.18
2026/03/28 11:07:46.885,0,NVIDIA GeForce RTX 4090,0,0,9298,24564,44,75.88
2026/03/28 11:07:46.889,1,NVIDIA GeForce RTX 4080,0,1,2,16376,45,34.35
2026/03/28 11:07:47.941,0,NVIDIA GeForce RTX 4090,0,0,9298,24564,43,71.45
2026/03/28 11:07:47.945,1,NVIDIA GeForce RTX 4080,0,1,2,16376,45,34.60
2026/03/28 11:07:48.997,0,NVIDIA GeForce RTX 4090,0,0,9298,24564,43,71.42
2026/03/28 11:07:49.001,1,NVIDIA GeForce RTX 4080,0,1,2,16376,45,34.60
2026/03/28 11:07:50.053,0,NVIDIA GeForce RTX 4090,0,0,9298,24564,43,71.25
2026/03/28 11:07:50.057,1,NVIDIA GeForce RTX 4080,0,1,2,16376,45,34.38
2026/03/28 11:07:51.109,0,NVIDIA GeForce RTX 4090,0,0,9298,24564,43,85.46
2026/03/28 11:07:51.119,1,NVIDIA GeForce RTX 4080,0,1,2,16376,45,34.25
2026/03/28 11:07:52.167,0,NVIDIA GeForce RTX 4090,79,63,9298,24564,53,281.05
2026/03/28 11:07:52.178,1,NVIDIA GeForce RTX 4080,0,1,2,16376,45,35.09
2026/03/28 11:07:53.233,0,NVIDIA GeForce RTX 4090,79,62,9298,24564,52,323.49
2026/03/28 11:07:53.239,1,NVIDIA GeForce RTX 4080,0,1,2,16376,45,35.74
2026/03/28 11:07:54.292,0,NVIDIA GeForce RTX 4090,77,62,9298,24564,53,308.38
2026/03/28 11:07:54.299,1,NVIDIA GeForce RTX 4080,0,1,2,16376,45,35.70
2026/03/28 11:07:55.349,0,NVIDIA GeForce RTX 4090,0,0,9298,24564,45,219.61
2026/03/28 11:07:55.356,1,NVIDIA GeForce RTX 4080,0,1,2,16376,45,35.57
2026/03/28 11:07:56.410,0,NVIDIA GeForce RTX 4090,0,0,9298,24564,44,114.94
2026/03/28 11:07:56.414,1,NVIDIA GeForce RTX 4080,0,1,2,16376,45,35.25
2026/03/28 11:07:57.466,0,NVIDIA GeForce RTX 4090,95,75,9298,24564,51,262.02
2026/03/28 11:07:57.478,1,NVIDIA GeForce RTX 4080,0,1,2,16376,45,35.10
2026/03/28 11:07:58.529,0,NVIDIA GeForce RTX 4090,94,76,9298,24564,52,379.47
2026/03/28 11:07:58.537,1,NVIDIA GeForce RTX 4080,0,1,2,16376,45,35.31
2026/03/28 11:07:59.592,0,NVIDIA GeForce RTX 4090,93,74,9298,24564,54,380.23
2026/03/28 11:07:59.598,1,NVIDIA GeForce RTX 4080,0,1,2,16376,45,35.20
2026/03/28 11:08:00.650,0,NVIDIA GeForce RTX 4090,94,75,9298,24564,52,380.37
2026/03/28 11:08:00.660,1,NVIDIA GeForce RTX 4080,0,1,2,16376,45,35.21
2026/03/28 11:08:01.714,0,NVIDIA GeForce RTX 4090,93,74,9298,24564,57,379.94
2026/03/28 11:08:01.721,1,NVIDIA GeForce RTX 4080,0,1,2,16376,45,35.48
2026/03/28 11:08:02.775,0,NVIDIA GeForce RTX 4090,93,74,9298,24564,52,381.97
2026/03/28 11:08:02.784,1,NVIDIA GeForce RTX 4080,0,1,2,16376,45,35.56
2026/03/28 11:08:03.836,0,NVIDIA GeForce RTX 4090,94,74,9298,24564,54,383.08
2026/03/28 11:08:03.844,1,NVIDIA GeForce RTX 4080,0,1,2,16376,45,35.40
2026/03/28 11:08:04.895,0,NVIDIA GeForce RTX 4090,95,76,9298,24564,54,381.98
2026/03/28 11:08:04.933,1,NVIDIA GeForce RTX 4080,0,1,2,16376,45,35.41
2026/03/28 11:08:05.982,0,NVIDIA GeForce RTX 4090,94,75,9298,24564,55,386.95
2026/03/28 11:08:05.997,1,NVIDIA GeForce RTX 4080,0,1,2,16376,45,35.37
2026/03/28 11:08:07.047,0,NVIDIA GeForce RTX 4090,95,76,9298,24564,56,385.79
2026/03/28 11:08:07.058,1,NVIDIA GeForce RTX 4080,0,1,2,16376,45,35.22
2026/03/28 11:08:08.111,0,NVIDIA GeForce RTX 4090,95,75,9298,24564,56,386.29
2026/03/28 11:08:08.118,1,NVIDIA GeForce RTX 4080,0,1,2,16376,45,35.28
2026/03/28 11:08:09.170,0,NVIDIA GeForce RTX 4090,95,75,9298,24564,51,385.67
2026/03/28 11:08:09.176,1,NVIDIA GeForce RTX 4080,0,1,2,16376,45,35.31
2026/03/28 11:08:10.226,0,NVIDIA GeForce RTX 4090,0,0,9298,24564,47,131.72
2026/03/28 11:08:10.230,1,NVIDIA GeForce RTX 4080,0,1,2,16376,45,35.20
2026/03/28 11:08:11.281,0,NVIDIA GeForce RTX 4090,0,0,9298,24564,46,80.55
2026/03/28 11:08:11.286,1,NVIDIA GeForce RTX 4080,0,1,2,16376,45,34.86
2026/03/28 11:08:12.336,0,NVIDIA GeForce RTX 4090,0,0,9298,24564,45,76.24
2026/03/28 11:08:12.341,1,NVIDIA GeForce RTX 4080,0,1,2,16376,45,34.52
2026/03/28 11:08:13.391,0,NVIDIA GeForce RTX 4090,0,0,9298,24564,45,72.16
2026/03/28 11:08:13.396,1,NVIDIA GeForce RTX 4080,0,1,2,16376,45,34.24
2026/03/28 11:08:14.447,0,NVIDIA GeForce RTX 4090,0,0,9298,24564,44,72.15
2026/03/28 11:08:14.451,1,NVIDIA GeForce RTX 4080,0,1,2,16376,45,34.28
2026/03/28 11:08:15.502,0,NVIDIA GeForce RTX 4090,0,0,9298,24564,44,72.18
2026/03/28 11:08:15.507,1,NVIDIA GeForce RTX 4080,0,1,2,16376,45,34.36
2026/03/28 11:08:16.564,0,NVIDIA GeForce RTX 4090,0,0,9298,24564,44,71.90
2026/03/28 11:08:16.568,1,NVIDIA GeForce RTX 4080,0,1,2,16376,45,34.47
2026/03/28 11:08:17.618,0,NVIDIA GeForce RTX 4090,0,0,9298,24564,44,71.66
2026/03/28 11:08:17.623,1,NVIDIA GeForce RTX 4080,0,1,2,16376,45,34.66
2026/03/28 11:08:18.674,0,NVIDIA GeForce RTX 4090,0,0,9298,24564,44,71.60
2026/03/28 11:08:18.679,1,NVIDIA GeForce RTX 4080,0,1,2,16376,45,34.76
2026/03/28 11:08:19.730,0,NVIDIA GeForce RTX 4090,0,0,9298,24564,43,71.40
2026/03/28 11:08:19.734,1,NVIDIA GeForce RTX 4080,0,1,2,16376,45,34.68
2026/03/28 11:08:20.788,0,NVIDIA GeForce RTX 4090,50,40,9298,24564,49,112.08
2026/03/28 11:08:20.793,1,NVIDIA GeForce RTX 4080,0,1,2,16376,45,34.59
2026/03/28 11:08:21.845,0,NVIDIA GeForce RTX 4090,78,62,9298,24564,53,324.10
2026/03/28 11:08:21.851,1,NVIDIA GeForce RTX 4080,0,1,2,16376,45,34.94
2026/03/28 11:08:22.903,0,NVIDIA GeForce RTX 4090,58,47,9298,24564,51,311.32
2026/03/28 11:08:22.913,1,NVIDIA GeForce RTX 4080,0,1,2,16376,45,35.44
2026/03/28 11:08:23.967,0,NVIDIA GeForce RTX 4090,76,59,9298,24564,54,320.20
2026/03/28 11:08:23.974,1,NVIDIA GeForce RTX 4080,0,1,2,16376,45,35.64
2026/03/28 11:08:25.025,0,NVIDIA GeForce RTX 4090,0,0,9298,24564,45,126.13
2026/03/28 11:08:25.030,1,NVIDIA GeForce RTX 4080,0,1,2,16376,45,35.72
2026/03/28 11:08:26.082,0,NVIDIA GeForce RTX 4090,0,0,9298,24564,44,79.95
2026/03/28 11:08:26.087,1,NVIDIA GeForce RTX 4080,0,1,2,16376,45,35.42
2026/03/28 11:08:27.138,0,NVIDIA GeForce RTX 4090,0,0,9298,24564,43,75.32
2026/03/28 11:08:27.143,1,NVIDIA GeForce RTX 4080,0,1,2,16376,45,34.51
2026/03/28 11:08:28.194,0,NVIDIA GeForce RTX 4090,0,0,9298,24564,43,71.12
2026/03/28 11:08:28.199,1,NVIDIA GeForce RTX 4080,0,1,2,16376,45,34.35
2026/03/28 11:08:29.251,0,NVIDIA GeForce RTX 4090,0,0,9298,24564,43,71.40
2026/03/28 11:08:29.255,1,NVIDIA GeForce RTX 4080,0,1,2,16376,45,34.30
2026/03/28 11:08:30.306,0,NVIDIA GeForce RTX 4090,0,0,9298,24564,43,71.18
2026/03/28 11:08:30.311,1,NVIDIA GeForce RTX 4080,0,1,2,16376,45,34.64
2026/03/28 11:08:31.362,0,NVIDIA GeForce RTX 4090,0,0,9298,24564,43,71.14
2026/03/28 11:08:31.366,1,NVIDIA GeForce RTX 4080,0,1,2,16376,45,34.72
2026/03/28 11:08:32.417,0,NVIDIA GeForce RTX 4090,7,6,9298,24564,48,93.43
2026/03/28 11:08:32.428,1,NVIDIA GeForce RTX 4080,0,1,2,16376,45,34.31
2026/03/28 11:08:33.482,0,NVIDIA GeForce RTX 4090,74,58,9298,24564,50,319.85
2026/03/28 11:08:33.491,1,NVIDIA GeForce RTX 4080,0,1,2,16376,45,34.67
2026/03/28 11:08:34.542,0,NVIDIA GeForce RTX 4090,74,59,9298,24564,49,313.02
2026/03/28 11:08:34.552,1,NVIDIA GeForce RTX 4080,0,1,2,16376,45,35.17
2026/03/28 11:08:35.604,0,NVIDIA GeForce RTX 4090,74,59,9298,24564,52,304.80
2026/03/28 11:08:35.610,1,NVIDIA GeForce RTX 4080,0,1,2,16376,45,35.16
2026/03/28 11:08:36.662,0,NVIDIA GeForce RTX 4090,0,0,9298,24564,44,200.17
2026/03/28 11:08:36.668,1,NVIDIA GeForce RTX 4080,0,1,2,16376,45,35.20
2026/03/28 11:08:37.724,0,NVIDIA GeForce RTX 4090,7,6,9298,24564,48,84.37
2026/03/28 11:08:37.730,1,NVIDIA GeForce RTX 4080,0,1,2,16376,45,34.67
2026/03/28 11:08:38.783,0,NVIDIA GeForce RTX 4090,94,75,9298,24564,53,379.50
2026/03/28 11:08:38.791,1,NVIDIA GeForce RTX 4080,0,1,2,16376,45,34.46
2026/03/28 11:08:39.842,0,NVIDIA GeForce RTX 4090,94,75,9298,24564,54,378.37
2026/03/28 11:08:39.849,1,NVIDIA GeForce RTX 4080,0,1,2,16376,45,34.96
2026/03/28 11:08:40.901,0,NVIDIA GeForce RTX 4090,94,73,9298,24564,52,382.79
2026/03/28 11:08:40.910,1,NVIDIA GeForce RTX 4080,0,1,2,16376,45,35.32
2026/03/28 11:08:41.964,0,NVIDIA GeForce RTX 4090,94,73,9298,24564,53,381.35
2026/03/28 11:08:41.972,1,NVIDIA GeForce RTX 4080,0,1,2,16376,45,35.43
2026/03/28 11:08:43.024,0,NVIDIA GeForce RTX 4090,94,75,9298,24564,54,382.07
2026/03/28 11:08:43.035,1,NVIDIA GeForce RTX 4080,0,1,2,16376,45,35.34
2026/03/28 11:08:44.087,0,NVIDIA GeForce RTX 4090,93,75,9298,24564,56,376.95
2026/03/28 11:08:44.095,1,NVIDIA GeForce RTX 4080,0,1,2,16376,45,35.33
2026/03/28 11:08:45.146,0,NVIDIA GeForce RTX 4090,93,74,9298,24564,55,379.59
2026/03/28 11:08:45.156,1,NVIDIA GeForce RTX 4080,0,1,2,16376,45,35.57
2026/03/28 11:08:46.210,0,NVIDIA GeForce RTX 4090,92,73,9298,24564,53,381.20
2026/03/28 11:08:46.224,1,NVIDIA GeForce RTX 4080,0,1,2,16376,45,35.75
2026/03/28 11:08:47.278,0,NVIDIA GeForce RTX 4090,92,73,9298,24564,53,381.35
2026/03/28 11:08:47.287,1,NVIDIA GeForce RTX 4080,0,1,2,16376,45,35.76
2026/03/28 11:08:48.340,0,NVIDIA GeForce RTX 4090,93,72,9298,24564,55,380.33
2026/03/28 11:08:48.349,1,NVIDIA GeForce RTX 4080,0,1,2,16376,45,35.66
2026/03/28 11:08:49.401,0,NVIDIA GeForce RTX 4090,93,74,9298,24564,54,382.47
2026/03/28 11:08:49.443,1,NVIDIA GeForce RTX 4080,0,1,2,16376,45,35.61
2026/03/28 11:08:50.495,0,NVIDIA GeForce RTX 4090,27,21,9298,24564,48,341.65
2026/03/28 11:08:50.502,1,NVIDIA GeForce RTX 4080,0,1,2,16376,45,35.54
2026/03/28 11:08:51.552,0,NVIDIA GeForce RTX 4090,0,0,9298,24564,46,127.83
2026/03/28 11:08:51.558,1,NVIDIA GeForce RTX 4080,0,1,2,16376,45,35.19
2026/03/28 11:08:52.609,0,NVIDIA GeForce RTX 4090,0,0,9298,24564,45,80.84
2026/03/28 11:08:52.614,1,NVIDIA GeForce RTX 4080,0,1,2,16376,45,34.97
2026/03/28 11:08:53.664,0,NVIDIA GeForce RTX 4090,0,0,9298,24564,45,76.75
2026/03/28 11:08:53.669,1,NVIDIA GeForce RTX 4080,0,1,2,16376,45,35.00
2026/03/28 11:08:54.719,0,NVIDIA GeForce RTX 4090,0,0,9298,24564,44,72.47
2026/03/28 11:08:54.725,1,NVIDIA GeForce RTX 4080,0,1,2,16376,45,34.84
2026/03/28 11:08:55.775,0,NVIDIA GeForce RTX 4090,0,0,9298,24564,44,72.03
2026/03/28 11:08:55.780,1,NVIDIA GeForce RTX 4080,0,1,2,16376,45,34.80
2026/03/28 11:08:56.831,0,NVIDIA GeForce RTX 4090,0,0,9298,24564,44,71.75
2026/03/28 11:08:56.836,1,NVIDIA GeForce RTX 4080,0,1,2,16376,45,34.63
2026/03/28 11:08:57.898,0,NVIDIA GeForce RTX 4090,0,0,9298,24564,44,76.77
2026/03/28 11:08:57.903,1,NVIDIA GeForce RTX 4080,0,1,2,16376,45,34.20
2026/03/28 11:08:58.946,0,NVIDIA GeForce RTX 4090,77,62,9298,24564,49,220.21
2026/03/28 11:08:58.954,1,NVIDIA GeForce RTX 4080,0,1,2,16376,45,33.95
2026/03/28 11:09:00.004,0,NVIDIA GeForce RTX 4090,73,58,9298,24564,51,318.39
2026/03/28 11:09:00.013,1,NVIDIA GeForce RTX 4080,0,1,2,16376,45,34.71
2026/03/28 11:09:01.064,0,NVIDIA GeForce RTX 4090,72,56,9298,24564,51,309.68
2026/03/28 11:09:01.081,1,NVIDIA GeForce RTX 4080,0,1,2,16376,45,35.83
2026/03/28 11:09:02.133,0,NVIDIA GeForce RTX 4090,0,0,9298,24564,45,238.12
2026/03/28 11:09:02.138,1,NVIDIA GeForce RTX 4080,0,1,2,16376,45,35.77
2026/03/28 11:09:03.189,0,NVIDIA GeForce RTX 4090,0,0,9298,24564,44,118.25
2026/03/28 11:09:03.194,1,NVIDIA GeForce RTX 4080,0,1,2,16376,45,35.19
2026/03/28 11:09:04.246,0,NVIDIA GeForce RTX 4090,0,0,9298,24564,44,80.66
2026/03/28 11:09:04.251,1,NVIDIA GeForce RTX 4080,0,1,2,16376,45,34.80
2026/03/28 11:09:05.302,0,NVIDIA GeForce RTX 4090,0,0,9298,24564,43,76.11
2026/03/28 11:09:05.307,1,NVIDIA GeForce RTX 4080,0,1,2,16376,45,34.90
2026/03/28 11:09:06.358,0,NVIDIA GeForce RTX 4090,0,0,9298,24564,43,71.59
2026/03/28 11:09:06.363,1,NVIDIA GeForce RTX 4080,0,1,2,16376,45,35.04
2026/03/28 11:09:07.414,0,NVIDIA GeForce RTX 4090,0,0,9298,24564,43,71.30
2026/03/28 11:09:07.420,1,NVIDIA GeForce RTX 4080,0,1,2,16376,45,35.00
2026/03/28 11:09:08.471,0,NVIDIA GeForce RTX 4090,0,0,9298,24564,43,71.01
2026/03/28 11:09:08.476,1,NVIDIA GeForce RTX 4080,0,1,2,16376,45,34.94
2026/03/28 11:09:09.526,0,NVIDIA GeForce RTX 4090,15,11,9298,24564,43,75.77
2026/03/28 11:09:09.535,1,NVIDIA GeForce RTX 4080,0,1,2,16376,45,34.99
2026/03/28 11:09:10.583,0,NVIDIA GeForce RTX 4090,81,63,9298,24564,50,250.26
2026/03/28 11:09:10.598,1,NVIDIA GeForce RTX 4080,0,1,2,16376,45,35.16
2026/03/28 11:09:11.649,0,NVIDIA GeForce RTX 4090,73,57,9298,24564,53,323.89
2026/03/28 11:09:11.658,1,NVIDIA GeForce RTX 4080,0,1,2,16376,45,35.54
2026/03/28 11:09:12.710,0,NVIDIA GeForce RTX 4090,70,55,9298,24564,50,312.48
2026/03/28 11:09:12.720,1,NVIDIA GeForce RTX 4080,0,1,2,16376,45,35.68
2026/03/28 11:09:13.770,0,NVIDIA GeForce RTX 4090,34,25,9298,24564,45,269.26
2026/03/28 11:09:13.794,1,NVIDIA GeForce RTX 4080,0,1,2,16376,45,35.63
2026/03/28 11:09:14.845,0,NVIDIA GeForce RTX 4090,0,0,9298,24564,44,123.94
2026/03/28 11:09:14.850,1,NVIDIA GeForce RTX 4080,0,1,2,16376,45,35.67
2026/03/28 11:09:15.902,0,NVIDIA GeForce RTX 4090,94,74,9298,24564,53,224.18
2026/03/28 11:09:15.915,1,NVIDIA GeForce RTX 4080,0,1,2,16376,45,35.65
2026/03/28 11:09:16.969,0,NVIDIA GeForce RTX 4090,94,73,9298,24564,51,379.07
2026/03/28 11:09:16.979,1,NVIDIA GeForce RTX 4080,0,1,2,16376,45,35.73
2026/03/28 11:09:18.029,0,NVIDIA GeForce RTX 4090,95,76,9298,24564,52,383.05
2026/03/28 11:09:18.039,1,NVIDIA GeForce RTX 4080,0,1,2,16376,45,35.86
2026/03/28 11:09:19.093,0,NVIDIA GeForce RTX 4090,94,75,9298,24564,54,379.20
2026/03/28 11:09:19.108,1,NVIDIA GeForce RTX 4080,0,1,2,16376,45,35.59
2026/03/28 11:09:20.161,0,NVIDIA GeForce RTX 4090,94,75,9298,24564,55,377.74
2026/03/28 11:09:20.222,1,NVIDIA GeForce RTX 4080,0,1,2,16376,45,35.78
2026/03/28 11:09:21.273,0,NVIDIA GeForce RTX 4090,95,76,9298,24564,53,382.20
2026/03/28 11:09:21.283,1,NVIDIA GeForce RTX 4080,0,1,2,16376,45,36.01
2026/03/28 11:09:22.336,0,NVIDIA GeForce RTX 4090,94,75,9298,24564,54,383.65
2026/03/28 11:09:22.347,1,NVIDIA GeForce RTX 4080,0,1,2,16376,45,35.99
2026/03/28 11:09:23.400,0,NVIDIA GeForce RTX 4090,95,74,9298,24564,53,381.51
2026/03/28 11:09:23.414,1,NVIDIA GeForce RTX 4080,0,1,2,16376,45,35.81
2026/03/28 11:09:24.465,0,NVIDIA GeForce RTX 4090,94,75,9298,24564,54,385.02
2026/03/28 11:09:24.476,1,NVIDIA GeForce RTX 4080,0,1,2,16376,45,35.74
2026/03/28 11:09:25.528,0,NVIDIA GeForce RTX 4090,95,73,9298,24564,55,385.22
2026/03/28 11:09:25.539,1,NVIDIA GeForce RTX 4080,0,1,2,16376,45,35.60
2026/03/28 11:09:26.590,0,NVIDIA GeForce RTX 4090,94,74,9298,24564,58,382.80
2026/03/28 11:09:26.598,1,NVIDIA GeForce RTX 4080,0,1,2,16376,45,35.56
2026/03/28 11:09:27.652,0,NVIDIA GeForce RTX 4090,94,75,9298,24564,57,385.16
2026/03/28 11:09:27.660,1,NVIDIA GeForce RTX 4080,0,1,2,16376,45,35.69
2026/03/28 11:09:28.712,0,NVIDIA GeForce RTX 4090,0,0,9298,24564,47,154.48
2026/03/28 11:09:28.718,1,NVIDIA GeForce RTX 4080,0,1,2,16376,45,35.41
2026/03/28 11:09:29.769,0,NVIDIA GeForce RTX 4090,0,0,9298,24564,46,81.97
2026/03/28 11:09:29.775,1,NVIDIA GeForce RTX 4080,0,1,2,16376,45,35.11
2026/03/28 11:09:30.825,0,NVIDIA GeForce RTX 4090,0,0,9298,24564,45,77.62
2026/03/28 11:09:30.831,1,NVIDIA GeForce RTX 4080,0,1,2,16376,45,35.04
2026/03/28 11:09:31.880,0,NVIDIA GeForce RTX 4090,0,0,9298,24564,45,73.24
2026/03/28 11:09:31.886,1,NVIDIA GeForce RTX 4080,0,1,2,16376,45,35.13
2026/03/28 11:09:32.937,0,NVIDIA GeForce RTX 4090,0,0,9298,24564,44,72.97
2026/03/28 11:09:32.943,1,NVIDIA GeForce RTX 4080,0,1,2,16376,45,35.24
2026/03/28 11:09:33.994,0,NVIDIA GeForce RTX 4090,0,0,9298,24564,44,72.22
2026/03/28 11:09:34.000,1,NVIDIA GeForce RTX 4080,0,1,2,16376,45,35.26
2026/03/28 11:09:35.051,0,NVIDIA GeForce RTX 4090,0,0,9298,24564,44,71.48
2026/03/28 11:09:35.057,1,NVIDIA GeForce RTX 4080,0,1,2,16376,45,35.30
2026/03/28 11:09:36.108,0,NVIDIA GeForce RTX 4090,27,21,9298,24564,50,101.53
2026/03/28 11:09:36.118,1,NVIDIA GeForce RTX 4080,0,1,2,16376,45,35.12
2026/03/28 11:09:37.171,0,NVIDIA GeForce RTX 4090,78,62,9298,24564,50,315.08
2026/03/28 11:09:37.182,1,NVIDIA GeForce RTX 4080,0,1,2,16376,45,35.62
2026/03/28 11:09:38.235,0,NVIDIA GeForce RTX 4090,74,59,9298,24564,52,313.19
2026/03/28 11:09:38.249,1,NVIDIA GeForce RTX 4080,0,1,2,16376,45,36.10
2026/03/28 11:09:39.297,0,NVIDIA GeForce RTX 4090,75,61,9298,24564,54,316.63
2026/03/28 11:09:39.307,1,NVIDIA GeForce RTX 4080,0,1,2,16376,45,36.15
2026/03/28 11:09:40.361,0,NVIDIA GeForce RTX 4090,0,0,9298,24564,45,116.46
2026/03/28 11:09:40.367,1,NVIDIA GeForce RTX 4080,0,1,2,16376,45,35.97
2026/03/28 11:09:41.419,0,NVIDIA GeForce RTX 4090,0,0,9298,24564,44,81.01
2026/03/28 11:09:41.425,1,NVIDIA GeForce RTX 4080,0,1,2,16376,45,35.44
2026/03/28 11:09:42.476,0,NVIDIA GeForce RTX 4090,0,0,9298,24564,44,76.39
2026/03/28 11:09:42.482,1,NVIDIA GeForce RTX 4080,0,1,2,16376,45,35.35
2026/03/28 11:09:43.533,0,NVIDIA GeForce RTX 4090,0,0,9298,24564,43,71.59
2026/03/28 11:09:43.539,1,NVIDIA GeForce RTX 4080,0,1,2,16376,45,35.39
2026/03/28 11:09:44.590,0,NVIDIA GeForce RTX 4090,0,0,9298,24564,43,71.14
2026/03/28 11:09:44.596,1,NVIDIA GeForce RTX 4080,0,1,2,16376,45,35.47
2026/03/28 11:09:45.649,0,NVIDIA GeForce RTX 4090,0,0,9298,24564,43,71.07
2026/03/28 11:09:45.655,1,NVIDIA GeForce RTX 4080,0,1,2,16376,45,35.56
2026/03/28 11:09:46.705,0,NVIDIA GeForce RTX 4090,0,0,9298,24564,43,71.04
2026/03/28 11:09:46.711,1,NVIDIA GeForce RTX 4080,0,1,2,16376,45,35.41
2026/03/28 11:09:47.761,0,NVIDIA GeForce RTX 4090,0,0,9298,24564,44,83.37
2026/03/28 11:09:47.768,1,NVIDIA GeForce RTX 4080,0,1,2,16376,45,35.33
2026/03/28 11:09:48.821,0,NVIDIA GeForce RTX 4090,77,62,9298,24564,48,279.29
2026/03/28 11:09:48.829,1,NVIDIA GeForce RTX 4080,0,1,2,16376,45,35.25
2026/03/28 11:09:49.881,0,NVIDIA GeForce RTX 4090,72,57,9298,24564,53,316.25
2026/03/28 11:09:49.888,1,NVIDIA GeForce RTX 4080,0,1,2,16376,45,35.53
2026/03/28 11:09:50.941,0,NVIDIA GeForce RTX 4090,58,46,9298,24564,50,299.16
2026/03/28 11:09:50.952,1,NVIDIA GeForce RTX 4080,0,1,2,16376,45,35.85
2026/03/28 11:09:52.002,0,NVIDIA GeForce RTX 4090,22,16,9298,24564,45,260.18
2026/03/28 11:09:52.009,1,NVIDIA GeForce RTX 4080,0,1,2,16376,45,35.72
2026/03/28 11:09:53.061,0,NVIDIA GeForce RTX 4090,0,0,9298,24564,44,116.82
2026/03/28 11:09:53.067,1,NVIDIA GeForce RTX 4080,0,1,2,16376,45,35.54
2026/03/28 11:09:54.122,0,NVIDIA GeForce RTX 4090,92,72,9298,24564,52,206.74
2026/03/28 11:09:54.162,1,NVIDIA GeForce RTX 4080,0,1,2,16376,45,35.41
2026/03/28 11:09:55.216,0,NVIDIA GeForce RTX 4090,94,73,9298,24564,52,381.57
2026/03/28 11:09:55.228,1,NVIDIA GeForce RTX 4080,0,1,2,16376,45,35.53
2026/03/28 11:09:56.280,0,NVIDIA GeForce RTX 4090,95,73,9298,24564,52,384.74
2026/03/28 11:09:56.350,1,NVIDIA GeForce RTX 4080,0,1,2,16376,45,35.52
2026/03/28 11:09:57.402,0,NVIDIA GeForce RTX 4090,93,73,9298,24564,54,383.82
2026/03/28 11:09:57.468,1,NVIDIA GeForce RTX 4080,0,1,2,16376,45,35.48
2026/03/28 11:09:58.517,0,NVIDIA GeForce RTX 4090,95,72,9298,24564,55,380.98
2026/03/28 11:09:58.585,1,NVIDIA GeForce RTX 4080,0,1,2,16376,45,35.54
2026/03/28 11:09:59.638,0,NVIDIA GeForce RTX 4090,94,74,9298,24564,55,383.67
2026/03/28 11:09:59.648,1,NVIDIA GeForce RTX 4080,0,1,2,16376,45,35.67
2026/03/28 11:10:00.700,0,NVIDIA GeForce RTX 4090,94,72,9298,24564,54,380.92
2026/03/28 11:10:00.741,1,NVIDIA GeForce RTX 4080,0,1,2,16376,45,35.70
2026/03/28 11:10:01.792,0,NVIDIA GeForce RTX 4090,93,72,9298,24564,55,385.16
2026/03/28 11:10:01.805,1,NVIDIA GeForce RTX 4080,0,1,2,16376,45,35.78
2026/03/28 11:10:02.858,0,NVIDIA GeForce RTX 4090,94,73,9298,24564,57,380.05
2026/03/28 11:10:02.916,1,NVIDIA GeForce RTX 4080,0,1,2,16376,45,35.74
2026/03/28 11:10:03.965,0,NVIDIA GeForce RTX 4090,94,74,9298,24564,56,383.30
2026/03/28 11:10:03.979,1,NVIDIA GeForce RTX 4080,0,1,2,16376,45,35.76
2026/03/28 11:10:05.032,0,NVIDIA GeForce RTX 4090,94,74,9298,24564,55,382.74
2026/03/28 11:10:05.076,1,NVIDIA GeForce RTX 4080,0,1,2,16376,45,35.95
2026/03/28 11:10:06.127,0,NVIDIA GeForce RTX 4090,94,75,9298,24564,50,379.35
2026/03/28 11:10:06.137,1,NVIDIA GeForce RTX 4080,0,1,2,16376,45,35.72
2026/03/28 11:10:07.189,0,NVIDIA GeForce RTX 4090,0,0,9298,24564,46,123.89
2026/03/28 11:10:07.193,1,NVIDIA GeForce RTX 4080,0,1,2,16376,45,35.77
2026/03/28 11:10:08.244,0,NVIDIA GeForce RTX 4090,0,0,9298,24564,45,80.98
2026/03/28 11:10:08.249,1,NVIDIA GeForce RTX 4080,0,1,2,16376,45,35.72
2026/03/28 11:10:09.300,0,NVIDIA GeForce RTX 4090,0,0,9298,24564,45,77.11
2026/03/28 11:10:09.305,1,NVIDIA GeForce RTX 4080,0,1,2,16376,45,35.56
2026/03/28 11:10:10.355,0,NVIDIA GeForce RTX 4090,0,0,9298,24564,45,73.27
2026/03/28 11:10:10.359,1,NVIDIA GeForce RTX 4080,0,1,2,16376,45,35.23
2026/03/28 11:10:11.410,0,NVIDIA GeForce RTX 4090,0,0,9298,24564,44,73.01
2026/03/28 11:10:11.414,1,NVIDIA GeForce RTX 4080,0,1,2,16376,45,34.97
2026/03/28 11:10:12.464,0,NVIDIA GeForce RTX 4090,0,0,9298,24564,44,72.44
2026/03/28 11:10:12.468,1,NVIDIA GeForce RTX 4080,0,1,2,16376,45,35.10
2026/03/28 11:10:13.520,0,NVIDIA GeForce RTX 4090,0,0,9298,24564,44,71.75
2026/03/28 11:10:13.524,1,NVIDIA GeForce RTX 4080,0,1,2,16376,45,35.25
2026/03/28 11:10:14.576,0,NVIDIA GeForce RTX 4090,0,0,9298,24564,44,71.42
2026/03/28 11:10:14.580,1,NVIDIA GeForce RTX 4080,0,1,2,16376,45,34.98
2026/03/28 11:10:15.632,0,NVIDIA GeForce RTX 4090,0,0,9298,24564,43,71.38
2026/03/28 11:10:15.636,1,NVIDIA GeForce RTX 4080,0,1,2,16376,45,35.02
2026/03/28 11:10:16.689,0,NVIDIA GeForce RTX 4090,69,54,9298,24564,50,183.63
2026/03/28 11:10:16.698,1,NVIDIA GeForce RTX 4080,0,1,2,16376,45,35.41
2026/03/28 11:10:17.749,0,NVIDIA GeForce RTX 4090,64,52,9298,24564,51,304.32
2026/03/28 11:10:17.757,1,NVIDIA GeForce RTX 4080,0,1,2,16376,45,35.80
2026/03/28 11:10:18.810,0,NVIDIA GeForce RTX 4090,76,62,9298,24564,51,299.04
2026/03/28 11:10:18.815,1,NVIDIA GeForce RTX 4080,0,1,2,16376,45,36.09
2026/03/28 11:10:19.869,0,NVIDIA GeForce RTX 4090,0,0,9298,24564,46,266.62
2026/03/28 11:10:19.873,1,NVIDIA GeForce RTX 4080,0,1,2,16376,45,36.02
2026/03/28 11:10:20.925,0,NVIDIA GeForce RTX 4090,0,0,9298,24564,45,105.87
2026/03/28 11:10:20.930,1,NVIDIA GeForce RTX 4080,0,1,2,16376,45,35.89
2026/03/28 11:10:21.981,0,NVIDIA GeForce RTX 4090,0,0,9298,24564,44,80.42
2026/03/28 11:10:21.985,1,NVIDIA GeForce RTX 4080,0,1,2,16376,45,35.57
2026/03/28 11:10:23.036,0,NVIDIA GeForce RTX 4090,0,0,9298,24564,43,76.14
2026/03/28 11:10:23.041,1,NVIDIA GeForce RTX 4080,0,1,2,16376,45,35.29
2026/03/28 11:10:24.092,0,NVIDIA GeForce RTX 4090,0,0,9298,24564,43,71.88
2026/03/28 11:10:24.097,1,NVIDIA GeForce RTX 4080,0,1,2,16376,45,34.97
2026/03/28 11:10:25.148,0,NVIDIA GeForce RTX 4090,0,0,9298,24564,43,71.67
2026/03/28 11:10:25.153,1,NVIDIA GeForce RTX 4080,0,1,2,16376,45,35.15
2026/03/28 11:10:26.204,0,NVIDIA GeForce RTX 4090,0,0,9298,24564,43,71.47
2026/03/28 11:10:26.209,1,NVIDIA GeForce RTX 4080,0,1,2,16376,45,35.29
2026/03/28 11:10:27.260,0,NVIDIA GeForce RTX 4090,0,0,9298,24564,43,71.23
2026/03/28 11:10:27.265,1,NVIDIA GeForce RTX 4080,0,1,2,16376,45,35.10
2026/03/28 11:10:28.316,0,NVIDIA GeForce RTX 4090,78,60,9298,24564,51,137.40
2026/03/28 11:10:28.322,1,NVIDIA GeForce RTX 4080,0,1,2,16376,45,35.06
2026/03/28 11:10:29.377,0,NVIDIA GeForce RTX 4090,76,61,9298,24564,53,318.40
2026/03/28 11:10:29.390,1,NVIDIA GeForce RTX 4080,0,1,2,16376,45,35.58
2026/03/28 11:10:30.441,0,NVIDIA GeForce RTX 4090,74,59,9298,24564,50,309.27
2026/03/28 11:10:30.488,1,NVIDIA GeForce RTX 4080,0,1,2,16376,45,36.05
2026/03/28 11:10:31.537,0,NVIDIA GeForce RTX 4090,76,58,9298,24564,50,311.58
2026/03/28 11:10:31.543,1,NVIDIA GeForce RTX 4080,0,1,2,16376,45,36.24
2026/03/28 11:10:32.597,0,NVIDIA GeForce RTX 4090,0,0,9298,24564,44,133.57
2026/03/28 11:10:32.601,1,NVIDIA GeForce RTX 4080,0,1,2,16376,45,36.16
2026/03/28 11:10:33.657,0,NVIDIA GeForce RTX 4090,94,75,9298,24564,54,133.14
2026/03/28 11:10:33.670,1,NVIDIA GeForce RTX 4080,0,1,2,16376,45,35.51
2026/03/28 11:10:34.724,0,NVIDIA GeForce RTX 4090,95,73,9298,24564,52,374.20
2026/03/28 11:10:34.731,1,NVIDIA GeForce RTX 4080,0,1,2,16376,45,35.18
2026/03/28 11:10:35.786,0,NVIDIA GeForce RTX 4090,95,76,9298,24564,55,382.62
2026/03/28 11:10:35.792,1,NVIDIA GeForce RTX 4080,0,1,2,16376,45,35.48
2026/03/28 11:10:36.846,0,NVIDIA GeForce RTX 4090,95,76,9298,24564,52,380.46
2026/03/28 11:10:36.855,1,NVIDIA GeForce RTX 4080,0,1,2,16376,45,35.68
2026/03/28 11:10:37.906,0,NVIDIA GeForce RTX 4090,95,74,9298,24564,54,383.45
2026/03/28 11:10:37.915,1,NVIDIA GeForce RTX 4080,0,1,2,16376,45,35.60
2026/03/28 11:10:38.968,0,NVIDIA GeForce RTX 4090,94,75,9298,24564,53,384.13
2026/03/28 11:10:38.978,1,NVIDIA GeForce RTX 4080,0,1,2,16376,45,35.40
2026/03/28 11:10:40.029,0,NVIDIA GeForce RTX 4090,94,75,9298,24564,53,384.17
2026/03/28 11:10:40.038,1,NVIDIA GeForce RTX 4080,0,1,2,16376,45,35.48
2026/03/28 11:10:41.094,0,NVIDIA GeForce RTX 4090,94,74,9298,24564,57,385.54
2026/03/28 11:10:41.100,1,NVIDIA GeForce RTX 4080,0,1,2,16376,45,35.44
2026/03/28 11:10:42.152,0,NVIDIA GeForce RTX 4090,94,75,9298,24564,54,380.97
2026/03/28 11:10:42.161,1,NVIDIA GeForce RTX 4080,0,1,2,16376,45,35.45
2026/03/28 11:10:43.214,0,NVIDIA GeForce RTX 4090,94,75,9298,24564,54,384.31
2026/03/28 11:10:43.225,1,NVIDIA GeForce RTX 4080,0,1,2,16376,45,35.41
2026/03/28 11:10:44.279,0,NVIDIA GeForce RTX 4090,93,74,9298,24564,57,383.05
2026/03/28 11:10:44.288,1,NVIDIA GeForce RTX 4080,0,1,2,16376,45,35.37
2026/03/28 11:10:45.340,0,NVIDIA GeForce RTX 4090,94,73,9298,24564,56,383.25
2026/03/28 11:10:45.385,1,NVIDIA GeForce RTX 4080,0,1,2,16376,45,35.53
2026/03/28 11:10:46.435,0,NVIDIA GeForce RTX 4090,0,0,9298,24564,48,327.31
2026/03/28 11:10:46.448,1,NVIDIA GeForce RTX 4080,0,1,2,16376,45,35.60
2026/03/28 11:10:47.499,0,NVIDIA GeForce RTX 4090,0,0,9298,24564,46,136.30
2026/03/28 11:10:47.503,1,NVIDIA GeForce RTX 4080,0,1,2,16376,45,35.08
2026/03/28 11:10:48.555,0,NVIDIA GeForce RTX 4090,0,0,9298,24564,45,81.82
2026/03/28 11:10:48.560,1,NVIDIA GeForce RTX 4080,0,1,2,16376,45,34.90
2026/03/28 11:10:49.611,0,NVIDIA GeForce RTX 4090,0,0,9298,24564,45,76.88
2026/03/28 11:10:49.616,1,NVIDIA GeForce RTX 4080,0,1,2,16376,45,34.99
2026/03/28 11:10:50.666,0,NVIDIA GeForce RTX 4090,0,0,9298,24564,45,72.20
2026/03/28 11:10:50.671,1,NVIDIA GeForce RTX 4080,0,1,2,16376,45,34.86
2026/03/28 11:10:51.723,0,NVIDIA GeForce RTX 4090,0,0,9298,24564,44,72.39
2026/03/28 11:10:51.728,1,NVIDIA GeForce RTX 4080,0,1,2,16376,45,34.89
2026/03/28 11:10:52.778,0,NVIDIA GeForce RTX 4090,0,0,9298,24564,44,72.48
2026/03/28 11:10:52.783,1,NVIDIA GeForce RTX 4080,0,1,2,16376,45,34.88
2026/03/28 11:10:53.834,0,NVIDIA GeForce RTX 4090,0,0,9298,24564,44,72.42
2026/03/28 11:10:53.839,1,NVIDIA GeForce RTX 4080,0,1,2,16376,45,34.79
2026/03/28 11:10:54.889,0,NVIDIA GeForce RTX 4090,0,0,9298,24564,44,72.33
2026/03/28 11:10:54.894,1,NVIDIA GeForce RTX 4080,0,1,2,16376,45,34.89
2026/03/28 11:10:55.943,0,NVIDIA GeForce RTX 4090,0,0,9298,24564,43,72.16
2026/03/28 11:10:55.948,1,NVIDIA GeForce RTX 4080,0,1,2,16376,45,34.98
2026/03/28 11:10:56.996,0,NVIDIA GeForce RTX 4090,0,0,9298,24564,43,72.18
2026/03/28 11:10:57.001,1,NVIDIA GeForce RTX 4080,0,1,2,16376,45,34.86
2026/03/28 11:10:58.052,0,NVIDIA GeForce RTX 4090,0,0,9298,24564,43,80.12
2026/03/28 11:10:58.061,1,NVIDIA GeForce RTX 4080,0,1,2,16376,45,34.99
2026/03/28 11:10:59.112,0,NVIDIA GeForce RTX 4090,0,0,9298,24564,43,82.32
2026/03/28 11:10:59.117,1,NVIDIA GeForce RTX 4080,0,1,2,16376,45,35.28
2026/03/28 11:11:00.169,0,NVIDIA GeForce RTX 4090,72,56,9298,24564,50,171.18
2026/03/28 11:11:00.175,1,NVIDIA GeForce RTX 4080,0,1,2,16376,45,35.48
2026/03/28 11:11:01.233,0,NVIDIA GeForce RTX 4090,77,62,9298,24564,50,315.24
2026/03/28 11:11:01.241,1,NVIDIA GeForce RTX 4080,0,1,2,16376,45,36.12
2026/03/28 11:11:02.295,0,NVIDIA GeForce RTX 4090,72,56,9298,24564,50,314.53
2026/03/28 11:11:02.313,1,NVIDIA GeForce RTX 4080,0,1,2,16376,45,36.31
2026/03/28 11:11:03.365,0,NVIDIA GeForce RTX 4090,9,7,9298,24564,45,241.32
2026/03/28 11:11:03.370,1,NVIDIA GeForce RTX 4080,0,1,2,16376,45,36.24
2026/03/28 11:11:04.423,0,NVIDIA GeForce RTX 4090,0,0,9298,24564,44,98.35
2026/03/28 11:11:04.428,1,NVIDIA GeForce RTX 4080,0,1,2,16376,45,35.83
2026/03/28 11:11:05.480,0,NVIDIA GeForce RTX 4090,0,0,9298,24564,43,80.17
2026/03/28 11:11:05.484,1,NVIDIA GeForce RTX 4080,0,1,2,16376,45,35.40
2026/03/28 11:11:06.535,0,NVIDIA GeForce RTX 4090,0,0,9298,24564,43,75.69
2026/03/28 11:11:06.540,1,NVIDIA GeForce RTX 4080,0,1,2,16376,45,35.34
2026/03/28 11:11:07.591,0,NVIDIA GeForce RTX 4090,0,0,9298,24564,43,71.50
2026/03/28 11:11:07.596,1,NVIDIA GeForce RTX 4080,0,1,2,16376,45,35.27
2026/03/28 11:11:08.647,0,NVIDIA GeForce RTX 4090,0,0,9298,24564,43,71.64
2026/03/28 11:11:08.652,1,NVIDIA GeForce RTX 4080,0,1,2,16376,45,35.30
2026/03/28 11:11:09.703,0,NVIDIA GeForce RTX 4090,0,0,9298,24564,42,71.43
2026/03/28 11:11:09.708,1,NVIDIA GeForce RTX 4080,0,1,2,16376,45,35.34
2026/03/28 11:11:10.760,0,NVIDIA GeForce RTX 4090,0,0,9298,24564,42,71.27
2026/03/28 11:11:10.764,1,NVIDIA GeForce RTX 4080,0,1,2,16376,45,35.15
2026/03/28 11:11:11.818,0,NVIDIA GeForce RTX 4090,32,25,9298,24564,48,106.46
2026/03/28 11:11:11.828,1,NVIDIA GeForce RTX 4080,0,1,2,16376,45,35.12
2026/03/28 11:11:12.881,0,NVIDIA GeForce RTX 4090,73,57,9298,24564,50,318.29
2026/03/28 11:11:12.890,1,NVIDIA GeForce RTX 4080,0,1,2,16376,45,35.43
2026/03/28 11:11:13.941,0,NVIDIA GeForce RTX 4090,72,57,9298,24564,48,309.22
2026/03/28 11:11:13.948,1,NVIDIA GeForce RTX 4080,0,1,2,16376,45,35.77
2026/03/28 11:11:15.002,0,NVIDIA GeForce RTX 4090,74,58,9298,24564,52,318.06
2026/03/28 11:11:15.009,1,NVIDIA GeForce RTX 4080,0,1,2,16376,45,35.86
2026/03/28 11:11:16.062,0,NVIDIA GeForce RTX 4090,0,0,9298,24564,44,167.99
2026/03/28 11:11:16.067,1,NVIDIA GeForce RTX 4080,0,1,2,16376,45,35.40
2026/03/28 11:11:17.119,0,NVIDIA GeForce RTX 4090,14,11,9298,24564,51,121.70
2026/03/28 11:11:17.154,1,NVIDIA GeForce RTX 4080,0,1,2,16376,45,35.07
2026/03/28 11:11:18.205,0,NVIDIA GeForce RTX 4090,95,74,9298,24564,53,384.09
2026/03/28 11:11:18.217,1,NVIDIA GeForce RTX 4080,0,1,2,16376,45,35.41
2026/03/28 11:11:19.270,0,NVIDIA GeForce RTX 4090,95,74,9298,24564,52,381.58
2026/03/28 11:11:19.281,1,NVIDIA GeForce RTX 4080,0,1,2,16376,45,35.67
2026/03/28 11:11:20.337,0,NVIDIA GeForce RTX 4090,94,75,9298,24564,52,382.03
2026/03/28 11:11:20.347,1,NVIDIA GeForce RTX 4080,0,1,2,16376,45,35.59
2026/03/28 11:11:21.399,0,NVIDIA GeForce RTX 4090,92,74,9298,24564,51,382.31
2026/03/28 11:11:21.407,1,NVIDIA GeForce RTX 4080,0,1,2,16376,45,35.47
2026/03/28 11:11:22.459,0,NVIDIA GeForce RTX 4090,92,73,9298,24564,55,379.04
2026/03/28 11:11:22.469,1,NVIDIA GeForce RTX 4080,0,1,2,16376,45,35.45
2026/03/28 11:11:23.519,0,NVIDIA GeForce RTX 4090,94,75,9298,24564,54,379.09
2026/03/28 11:11:23.526,1,NVIDIA GeForce RTX 4080,0,1,2,16376,45,35.45
2026/03/28 11:11:24.578,0,NVIDIA GeForce RTX 4090,93,72,9298,24564,53,378.63
2026/03/28 11:11:24.587,1,NVIDIA GeForce RTX 4080,0,1,2,16376,45,35.41
2026/03/28 11:11:25.640,0,NVIDIA GeForce RTX 4090,93,72,9298,24564,55,380.26
2026/03/28 11:11:25.650,1,NVIDIA GeForce RTX 4080,0,1,2,16376,45,35.41
2026/03/28 11:11:26.702,0,NVIDIA GeForce RTX 4090,92,73,9298,24564,56,378.30
2026/03/28 11:11:26.715,1,NVIDIA GeForce RTX 4080,0,1,2,16376,45,35.42
2026/03/28 11:11:27.767,0,NVIDIA GeForce RTX 4090,93,74,9298,24564,55,383.58
2026/03/28 11:11:27.775,1,NVIDIA GeForce RTX 4080,0,1,2,16376,45,35.35
2026/03/28 11:11:28.828,0,NVIDIA GeForce RTX 4090,91,72,9298,24564,54,379.02
2026/03/28 11:11:28.838,1,NVIDIA GeForce RTX 4080,0,1,2,16376,45,35.43
2026/03/28 11:11:29.889,0,NVIDIA GeForce RTX 4090,8,8,9298,24564,47,332.24
2026/03/28 11:11:29.895,1,NVIDIA GeForce RTX 4080,0,1,2,16376,45,35.48
2026/03/28 11:11:30.946,0,NVIDIA GeForce RTX 4090,0,0,9298,24564,46,117.86
2026/03/28 11:11:30.951,1,NVIDIA GeForce RTX 4080,0,1,2,16376,45,35.30
2026/03/28 11:11:32.000,0,NVIDIA GeForce RTX 4090,0,0,9298,24564,45,81.24
2026/03/28 11:11:32.005,1,NVIDIA GeForce RTX 4080,0,1,2,16376,45,35.16
2026/03/28 11:11:33.056,0,NVIDIA GeForce RTX 4090,0,0,9298,24564,45,76.81
2026/03/28 11:11:33.062,1,NVIDIA GeForce RTX 4080,0,1,2,16376,45,35.49
2026/03/28 11:11:34.112,0,NVIDIA GeForce RTX 4090,0,0,9298,24564,44,72.49
2026/03/28 11:11:34.117,1,NVIDIA GeForce RTX 4080,0,1,2,16376,45,35.38
2026/03/28 11:11:35.167,0,NVIDIA GeForce RTX 4090,0,0,9298,24564,44,72.43
2026/03/28 11:11:35.173,1,NVIDIA GeForce RTX 4080,0,1,2,16376,45,35.31
2026/03/28 11:11:36.223,0,NVIDIA GeForce RTX 4090,0,0,9298,24564,44,72.48
2026/03/28 11:11:36.228,1,NVIDIA GeForce RTX 4080,0,1,2,16376,45,35.30
2026/03/28 11:11:37.280,0,NVIDIA GeForce RTX 4090,0,0,9298,24564,44,72.37
2026/03/28 11:11:37.285,1,NVIDIA GeForce RTX 4080,0,1,2,16376,45,35.16
2026/03/28 11:11:38.336,0,NVIDIA GeForce RTX 4090,0,0,9298,24564,43,72.18
2026/03/28 11:11:38.341,1,NVIDIA GeForce RTX 4080,0,1,2,16376,45,35.33
2026/03/28 11:11:39.391,0,NVIDIA GeForce RTX 4090,0,0,9298,24564,43,72.04
2026/03/28 11:11:39.396,1,NVIDIA GeForce RTX 4080,0,1,2,16376,45,35.55
2026/03/28 11:11:40.447,0,NVIDIA GeForce RTX 4090,0,0,9298,24564,43,72.16
2026/03/28 11:11:40.452,1,NVIDIA GeForce RTX 4080,0,1,2,16376,45,35.49
2026/03/28 11:11:41.503,0,NVIDIA GeForce RTX 4090,0,0,9298,24564,43,76.15
2026/03/28 11:11:41.509,1,NVIDIA GeForce RTX 4080,0,1,2,16376,45,35.49
2026/03/28 11:11:42.560,0,NVIDIA GeForce RTX 4090,0,0,9298,24564,43,78.77
2026/03/28 11:11:42.567,1,NVIDIA GeForce RTX 4080,0,1,2,16376,45,35.21
2026/03/28 11:11:43.618,0,NVIDIA GeForce RTX 4090,0,0,9298,24564,43,78.88
2026/03/28 11:11:43.624,1,NVIDIA GeForce RTX 4080,0,1,2,16376,45,34.91
2026/03/28 11:11:44.675,0,NVIDIA GeForce RTX 4090,79,62,9298,24564,51,108.40
2026/03/28 11:11:44.688,1,NVIDIA GeForce RTX 4080,0,1,2,16376,45,34.94
2026/03/28 11:11:45.744,0,NVIDIA GeForce RTX 4090,75,61,9298,24564,48,307.44
2026/03/28 11:11:45.751,1,NVIDIA GeForce RTX 4080,0,1,2,16376,45,35.36
2026/03/28 11:11:46.805,0,NVIDIA GeForce RTX 4090,76,59,9298,24564,53,302.30
2026/03/28 11:11:46.812,1,NVIDIA GeForce RTX 4080,0,1,2,16376,45,35.85
2026/03/28 11:11:47.863,0,NVIDIA GeForce RTX 4090,74,58,9298,24564,51,312.91
2026/03/28 11:11:47.874,1,NVIDIA GeForce RTX 4080,0,1,2,16376,45,35.97
2026/03/28 11:11:48.927,0,NVIDIA GeForce RTX 4090,0,0,9298,24564,44,121.67
2026/03/28 11:11:48.932,1,NVIDIA GeForce RTX 4080,0,1,2,16376,45,36.01
2026/03/28 11:11:49.984,0,NVIDIA GeForce RTX 4090,0,0,9298,24564,43,81.48
2026/03/28 11:11:49.990,1,NVIDIA GeForce RTX 4080,0,1,2,16376,45,35.64
2026/03/28 11:11:51.041,0,NVIDIA GeForce RTX 4090,0,0,9298,24564,43,76.77
2026/03/28 11:11:51.046,1,NVIDIA GeForce RTX 4080,0,1,2,16376,45,35.26
2026/03/28 11:11:52.097,0,NVIDIA GeForce RTX 4090,0,0,9298,24564,42,72.13
2026/03/28 11:11:52.103,1,NVIDIA GeForce RTX 4080,0,1,2,16376,45,34.70
2026/03/28 11:11:53.154,0,NVIDIA GeForce RTX 4090,0,0,9298,24564,42,72.13
2026/03/28 11:11:53.159,1,NVIDIA GeForce RTX 4080,0,1,2,16376,45,34.82
2026/03/28 11:11:54.209,0,NVIDIA GeForce RTX 4090,0,0,9298,24564,42,72.11
2026/03/28 11:11:54.215,1,NVIDIA GeForce RTX 4080,0,1,2,16376,45,35.06
2026/03/28 11:11:55.266,0,NVIDIA GeForce RTX 4090,0,0,9298,24564,42,71.93
2026/03/28 11:11:55.271,1,NVIDIA GeForce RTX 4080,0,1,2,16376,45,35.05
2026/03/28 11:11:56.322,0,NVIDIA GeForce RTX 4090,16,12,9298,24564,46,95.29
2026/03/28 11:11:56.332,1,NVIDIA GeForce RTX 4080,0,1,2,16376,45,34.92
2026/03/28 11:11:57.386,0,NVIDIA GeForce RTX 4090,81,63,9298,24564,49,312.96
2026/03/28 11:11:57.396,1,NVIDIA GeForce RTX 4080,0,1,2,16376,45,35.13
2026/03/28 11:11:58.447,0,NVIDIA GeForce RTX 4090,72,57,9298,24564,52,323.57
2026/03/28 11:11:58.457,1,NVIDIA GeForce RTX 4080,0,1,2,16376,45,35.56
2026/03/28 11:11:59.509,0,NVIDIA GeForce RTX 4090,75,60,9298,24564,50,312.75
2026/03/28 11:11:59.519,1,NVIDIA GeForce RTX 4080,0,1,2,16376,45,35.53
2026/03/28 11:12:00.571,0,NVIDIA GeForce RTX 4090,0,0,9298,24564,44,182.69
2026/03/28 11:12:00.577,1,NVIDIA GeForce RTX 4080,0,1,2,16376,45,35.34
2026/03/28 11:12:01.632,0,NVIDIA GeForce RTX 4090,7,6,9298,24564,50,84.83
2026/03/28 11:12:01.645,1,NVIDIA GeForce RTX 4080,0,1,2,16376,45,34.93
2026/03/28 11:12:02.697,0,NVIDIA GeForce RTX 4090,93,73,9298,24564,50,376.69
2026/03/28 11:12:02.706,1,NVIDIA GeForce RTX 4080,0,1,2,16376,45,34.86
2026/03/28 11:12:03.760,0,NVIDIA GeForce RTX 4090,92,73,9298,24564,53,380.81
2026/03/28 11:12:03.768,1,NVIDIA GeForce RTX 4080,0,1,2,16376,45,35.15
2026/03/28 11:12:04.821,0,NVIDIA GeForce RTX 4090,93,73,9298,24564,54,381.13
2026/03/28 11:12:04.832,1,NVIDIA GeForce RTX 4080,0,1,2,16376,45,35.33
2026/03/28 11:12:05.886,0,NVIDIA GeForce RTX 4090,94,75,9298,24564,51,380.92
2026/03/28 11:12:05.897,1,NVIDIA GeForce RTX 4080,0,1,2,16376,45,35.39
2026/03/28 11:12:06.952,0,NVIDIA GeForce RTX 4090,95,76,9298,24564,54,378.39
2026/03/28 11:12:06.981,1,NVIDIA GeForce RTX 4080,0,1,2,16376,45,35.40
2026/03/28 11:12:08.033,0,NVIDIA GeForce RTX 4090,94,75,9298,24564,52,380.17
2026/03/28 11:12:08.046,1,NVIDIA GeForce RTX 4080,0,1,2,16376,45,35.27
2026/03/28 11:12:09.097,0,NVIDIA GeForce RTX 4090,95,76,9298,24564,56,381.91
2026/03/28 11:12:09.104,1,NVIDIA GeForce RTX 4080,0,1,2,16376,45,35.23
2026/03/28 11:12:10.163,0,NVIDIA GeForce RTX 4090,94,74,9298,24564,53,381.53
2026/03/28 11:12:10.173,1,NVIDIA GeForce RTX 4080,0,1,2,16376,45,35.23
2026/03/28 11:12:11.226,0,NVIDIA GeForce RTX 4090,94,75,9298,24564,54,384.04
2026/03/28 11:12:11.236,1,NVIDIA GeForce RTX 4080,0,1,2,16376,45,35.38
2026/03/28 11:12:12.288,0,NVIDIA GeForce RTX 4090,94,75,9298,24564,53,380.81
2026/03/28 11:12:12.302,1,NVIDIA GeForce RTX 4080,0,1,2,16376,45,35.44
2026/03/28 11:12:13.354,0,NVIDIA GeForce RTX 4090,94,75,9298,24564,57,381.52
2026/03/28 11:12:13.362,1,NVIDIA GeForce RTX 4080,0,1,2,16376,45,35.30
2026/03/28 11:12:14.416,0,NVIDIA GeForce RTX 4090,94,75,9298,24564,54,382.85
2026/03/28 11:12:14.425,1,NVIDIA GeForce RTX 4080,0,1,2,16376,45,35.20
2026/03/28 11:12:15.476,0,NVIDIA GeForce RTX 4090,0,0,9298,24564,46,151.86
2026/03/28 11:12:15.482,1,NVIDIA GeForce RTX 4080,0,1,2,16376,45,35.10
2026/03/28 11:12:16.532,0,NVIDIA GeForce RTX 4090,0,0,9298,24564,45,82.11
2026/03/28 11:12:16.538,1,NVIDIA GeForce RTX 4080,0,1,2,16376,45,34.75
2026/03/28 11:12:17.587,0,NVIDIA GeForce RTX 4090,0,0,9298,24564,44,77.57
2026/03/28 11:12:17.593,1,NVIDIA GeForce RTX 4080,0,1,2,16376,45,34.24
2026/03/28 11:12:18.643,0,NVIDIA GeForce RTX 4090,0,0,9298,24564,44,73.08
2026/03/28 11:12:18.649,1,NVIDIA GeForce RTX 4080,0,1,2,16376,45,34.10
2026/03/28 11:12:19.699,0,NVIDIA GeForce RTX 4090,0,0,9298,24564,44,72.90
2026/03/28 11:12:19.705,1,NVIDIA GeForce RTX 4080,0,1,2,16376,45,34.34
2026/03/28 11:12:20.755,0,NVIDIA GeForce RTX 4090,0,0,9298,24564,44,72.73
2026/03/28 11:12:20.761,1,NVIDIA GeForce RTX 4080,0,1,2,16376,45,34.44
2026/03/28 11:12:21.811,0,NVIDIA GeForce RTX 4090,0,0,9298,24564,43,72.67
2026/03/28 11:12:21.817,1,NVIDIA GeForce RTX 4080,0,1,2,16376,45,34.57
2026/03/28 11:12:22.868,0,NVIDIA GeForce RTX 4090,0,0,9298,24564,43,72.53
2026/03/28 11:12:22.874,1,NVIDIA GeForce RTX 4080,0,1,2,16376,45,34.83
2026/03/28 11:12:23.925,0,NVIDIA GeForce RTX 4090,0,0,9298,24564,43,72.46
2026/03/28 11:12:23.931,1,NVIDIA GeForce RTX 4080,0,1,2,16376,45,34.79
2026/03/28 11:12:24.982,0,NVIDIA GeForce RTX 4090,0,0,9298,24564,43,72.33
2026/03/28 11:12:24.988,1,NVIDIA GeForce RTX 4080,0,1,2,16376,45,34.45
2026/03/28 11:12:26.038,0,NVIDIA GeForce RTX 4090,0,0,9298,24564,43,72.25
2026/03/28 11:12:26.044,1,NVIDIA GeForce RTX 4080,0,1,2,16376,45,34.47
2026/03/28 11:12:27.094,0,NVIDIA GeForce RTX 4090,53,42,9298,24564,49,108.24
2026/03/28 11:12:27.106,1,NVIDIA GeForce RTX 4080,0,1,2,16376,45,34.64
2026/03/28 11:12:28.157,0,NVIDIA GeForce RTX 4090,71,55,9298,24564,52,314.94
2026/03/28 11:12:28.167,1,NVIDIA GeForce RTX 4080,0,1,2,16376,45,35.16
2026/03/28 11:12:29.217,0,NVIDIA GeForce RTX 4090,75,58,9298,24564,50,313.41
2026/03/28 11:12:29.228,1,NVIDIA GeForce RTX 4080,0,1,2,16376,45,35.68
2026/03/28 11:12:30.280,0,NVIDIA GeForce RTX 4090,77,62,9298,24564,50,317.17
2026/03/28 11:12:30.297,1,NVIDIA GeForce RTX 4080,0,1,2,16376,45,35.82
2026/03/28 11:12:31.347,0,NVIDIA GeForce RTX 4090,0,0,9298,24564,44,125.22
2026/03/28 11:12:31.353,1,NVIDIA GeForce RTX 4080,0,1,2,16376,45,35.33
2026/03/28 11:12:32.404,0,NVIDIA GeForce RTX 4090,0,0,9298,24564,43,80.49
2026/03/28 11:12:32.413,1,NVIDIA GeForce RTX 4080,0,1,2,16376,45,34.79
2026/03/28 11:12:33.462,0,NVIDIA GeForce RTX 4090,0,0,9298,24564,43,76.29
2026/03/28 11:12:33.468,1,NVIDIA GeForce RTX 4080,0,1,2,16376,45,34.58
2026/03/28 11:12:34.517,0,NVIDIA GeForce RTX 4090,0,0,9298,24564,43,72.28
2026/03/28 11:12:34.523,1,NVIDIA GeForce RTX 4080,0,1,2,16376,45,34.59
2026/03/28 11:12:35.573,0,NVIDIA GeForce RTX 4090,0,0,9298,24564,42,72.06
2026/03/28 11:12:35.579,1,NVIDIA GeForce RTX 4080,0,1,2,16376,45,34.82
2026/03/28 11:12:36.629,0,NVIDIA GeForce RTX 4090,0,0,9298,24564,42,71.92
2026/03/28 11:12:36.635,1,NVIDIA GeForce RTX 4080,0,1,2,16376,45,34.75
2026/03/28 11:12:37.684,0,NVIDIA GeForce RTX 4090,0,0,9298,24564,42,71.96
2026/03/28 11:12:37.690,1,NVIDIA GeForce RTX 4080,0,1,2,16376,45,34.62
2026/03/28 11:12:38.740,0,NVIDIA GeForce RTX 4090,0,0,9298,24564,42,71.88
2026/03/28 11:12:38.746,1,NVIDIA GeForce RTX 4080,0,1,2,16376,45,34.72
2026/03/28 11:12:39.798,0,NVIDIA GeForce RTX 4090,81,63,9298,24564,48,327.95
2026/03/28 11:12:39.810,1,NVIDIA GeForce RTX 4080,0,1,2,16376,45,34.67
2026/03/28 11:12:40.862,0,NVIDIA GeForce RTX 4090,78,61,9298,24564,46,322.64
2026/03/28 11:12:40.871,1,NVIDIA GeForce RTX 4080,0,1,2,16376,45,35.04
2026/03/28 11:12:41.920,0,NVIDIA GeForce RTX 4090,77,62,9298,24564,50,308.54
2026/03/28 11:12:41.930,1,NVIDIA GeForce RTX 4080,0,1,2,16376,45,35.54
2026/03/28 11:12:42.978,0,NVIDIA GeForce RTX 4090,0,0,9298,24564,44,232.78
2026/03/28 11:12:42.989,1,NVIDIA GeForce RTX 4080,0,1,2,16376,45,35.72
2026/03/28 11:12:44.039,0,NVIDIA GeForce RTX 4090,0,0,9298,24564,43,106.42
2026/03/28 11:12:44.045,1,NVIDIA GeForce RTX 4080,0,1,2,16376,45,34.95
2026/03/28 11:12:45.096,0,NVIDIA GeForce RTX 4090,94,75,9298,24564,52,268.24
2026/03/28 11:12:45.106,1,NVIDIA GeForce RTX 4080,0,1,2,16376,45,35.05
2026/03/28 11:12:46.156,0,NVIDIA GeForce RTX 4090,94,74,9298,24564,51,380.56
2026/03/28 11:12:46.172,1,NVIDIA GeForce RTX 4080,0,1,2,16376,45,35.34
2026/03/28 11:12:47.222,0,NVIDIA GeForce RTX 4090,95,75,9298,24564,54,382.93
2026/03/28 11:12:47.233,1,NVIDIA GeForce RTX 4080,0,1,2,16376,45,35.37
2026/03/28 11:12:48.283,0,NVIDIA GeForce RTX 4090,95,76,9298,24564,52,383.90
2026/03/28 11:12:48.292,1,NVIDIA GeForce RTX 4080,0,1,2,16376,45,35.32
2026/03/28 11:12:49.342,0,NVIDIA GeForce RTX 4090,95,74,9298,24564,53,384.23
2026/03/28 11:12:49.351,1,NVIDIA GeForce RTX 4080,0,1,2,16376,45,35.32
2026/03/28 11:12:50.402,0,NVIDIA GeForce RTX 4090,94,75,9298,24564,55,382.49
2026/03/28 11:12:50.411,1,NVIDIA GeForce RTX 4080,0,1,2,16376,45,35.52
2026/03/28 11:12:51.461,0,NVIDIA GeForce RTX 4090,95,75,9298,24564,53,383.99
2026/03/28 11:12:51.470,1,NVIDIA GeForce RTX 4080,0,1,2,16376,45,35.59
2026/03/28 11:12:52.522,0,NVIDIA GeForce RTX 4090,95,75,9298,24564,55,383.22
2026/03/28 11:12:52.529,1,NVIDIA GeForce RTX 4080,0,1,2,16376,45,35.38
2026/03/28 11:12:53.582,0,NVIDIA GeForce RTX 4090,94,75,9298,24564,53,384.86
2026/03/28 11:12:53.588,1,NVIDIA GeForce RTX 4080,0,1,2,16376,45,35.15
2026/03/28 11:12:54.640,0,NVIDIA GeForce RTX 4090,95,76,9298,24564,56,384.36
2026/03/28 11:12:54.646,1,NVIDIA GeForce RTX 4080,0,1,2,16376,45,35.22
2026/03/28 11:12:55.697,0,NVIDIA GeForce RTX 4090,95,74,9298,24564,55,384.59
2026/03/28 11:12:55.754,1,NVIDIA GeForce RTX 4080,0,1,2,16376,45,35.42
2026/03/28 11:12:56.802,0,NVIDIA GeForce RTX 4090,94,75,9298,24564,54,381.25
2026/03/28 11:12:56.810,1,NVIDIA GeForce RTX 4080,0,1,2,16376,45,35.37
2026/03/28 11:12:57.861,0,NVIDIA GeForce RTX 4090,0,0,9298,24564,46,145.62
2026/03/28 11:12:57.866,1,NVIDIA GeForce RTX 4080,0,1,2,16376,45,35.17
2026/03/28 11:12:58.914,0,NVIDIA GeForce RTX 4090,0,0,9298,24564,45,81.57
2026/03/28 11:12:58.919,1,NVIDIA GeForce RTX 4080,0,1,2,16376,45,34.72
2026/03/28 11:12:59.968,0,NVIDIA GeForce RTX 4090,0,0,9298,24564,44,77.38
2026/03/28 11:12:59.973,1,NVIDIA GeForce RTX 4080,0,1,2,16376,45,34.50
2026/03/28 11:13:01.022,0,NVIDIA GeForce RTX 4090,0,0,9298,24564,44,73.29
2026/03/28 11:13:01.027,1,NVIDIA GeForce RTX 4080,0,1,2,16376,45,34.74
2026/03/28 11:13:02.077,0,NVIDIA GeForce RTX 4090,0,0,9298,24564,44,73.10
2026/03/28 11:13:02.082,1,NVIDIA GeForce RTX 4080,0,1,2,16376,45,34.45
2026/03/28 11:13:03.132,0,NVIDIA GeForce RTX 4090,0,0,9298,24564,43,72.56
2026/03/28 11:13:03.136,1,NVIDIA GeForce RTX 4080,0,1,2,16376,45,34.45
2026/03/28 11:13:04.185,0,NVIDIA GeForce RTX 4090,0,0,9298,24564,43,72.02
2026/03/28 11:13:04.189,1,NVIDIA GeForce RTX 4080,0,1,2,16376,45,34.68
2026/03/28 11:13:05.240,0,NVIDIA GeForce RTX 4090,0,0,9298,24564,43,71.97
2026/03/28 11:13:05.244,1,NVIDIA GeForce RTX 4080,0,1,2,16376,45,34.65
2026/03/28 11:13:06.294,0,NVIDIA GeForce RTX 4090,0,0,9298,24564,43,72.03
2026/03/28 11:13:06.299,1,NVIDIA GeForce RTX 4080,0,1,2,16376,45,34.65
2026/03/28 11:13:07.350,0,NVIDIA GeForce RTX 4090,0,0,9298,24564,43,71.91
2026/03/28 11:13:07.354,1,NVIDIA GeForce RTX 4080,0,1,2,16376,45,34.94
2026/03/28 11:13:08.404,0,NVIDIA GeForce RTX 4090,0,0,9298,24564,42,82.38
2026/03/28 11:13:08.409,1,NVIDIA GeForce RTX 4080,0,1,2,16376,45,35.33
2026/03/28 11:13:09.458,0,NVIDIA GeForce RTX 4090,70,56,9298,24564,48,107.94
2026/03/28 11:13:09.466,1,NVIDIA GeForce RTX 4080,0,1,2,16376,45,35.42
2026/03/28 11:13:10.516,0,NVIDIA GeForce RTX 4090,75,58,9298,24564,52,319.48
2026/03/28 11:13:10.522,1,NVIDIA GeForce RTX 4080,0,1,2,16376,45,35.67
2026/03/28 11:13:11.570,0,NVIDIA GeForce RTX 4090,75,59,9298,24564,47,312.40
2026/03/28 11:13:11.580,1,NVIDIA GeForce RTX 4080,0,1,2,16376,45,36.13
2026/03/28 11:13:12.630,0,NVIDIA GeForce RTX 4090,78,61,9298,24564,53,313.96
2026/03/28 11:13:12.641,1,NVIDIA GeForce RTX 4080,0,1,2,16376,45,36.05
2026/03/28 11:13:13.690,0,NVIDIA GeForce RTX 4090,0,0,9298,24564,44,119.33
2026/03/28 11:13:13.699,1,NVIDIA GeForce RTX 4080,0,1,2,16376,45,35.85
2026/03/28 11:13:14.748,0,NVIDIA GeForce RTX 4090,0,0,9298,24564,43,81.03
2026/03/28 11:13:14.753,1,NVIDIA GeForce RTX 4080,0,1,2,16376,45,35.32
2026/03/28 11:13:15.802,0,NVIDIA GeForce RTX 4090,0,0,9298,24564,43,76.35
2026/03/28 11:13:15.807,1,NVIDIA GeForce RTX 4080,0,1,2,16376,45,34.99
2026/03/28 11:13:16.858,0,NVIDIA GeForce RTX 4090,0,0,9298,24564,42,71.76
2026/03/28 11:13:16.862,1,NVIDIA GeForce RTX 4080,0,1,2,16376,45,35.11
2026/03/28 11:13:17.913,0,NVIDIA GeForce RTX 4090,0,0,9298,24564,42,71.57
2026/03/28 11:13:17.917,1,NVIDIA GeForce RTX 4080,0,1,2,16376,45,35.07
2026/03/28 11:13:18.967,0,NVIDIA GeForce RTX 4090,0,0,9298,24564,42,71.54
2026/03/28 11:13:18.971,1,NVIDIA GeForce RTX 4080,0,1,2,16376,45,35.08
2026/03/28 11:13:20.020,0,NVIDIA GeForce RTX 4090,0,0,9298,24564,42,71.42
2026/03/28 11:13:20.024,1,NVIDIA GeForce RTX 4080,0,1,2,16376,45,34.79
2026/03/28 11:13:21.074,0,NVIDIA GeForce RTX 4090,14,11,9298,24564,42,77.45
2026/03/28 11:13:21.079,1,NVIDIA GeForce RTX 4080,0,1,2,16376,45,34.77
2026/03/28 11:13:22.132,0,NVIDIA GeForce RTX 4090,77,59,9298,24564,48,287.40
2026/03/28 11:13:22.138,1,NVIDIA GeForce RTX 4080,0,1,2,16376,45,35.28
2026/03/28 11:13:23.188,0,NVIDIA GeForce RTX 4090,71,56,9298,24564,47,310.58
2026/03/28 11:13:23.201,1,NVIDIA GeForce RTX 4080,0,1,2,16376,45,35.74
2026/03/28 11:13:24.242,0,NVIDIA GeForce RTX 4090,76,61,9298,24564,49,313.70
2026/03/28 11:13:24.246,1,NVIDIA GeForce RTX 4080,0,1,2,16376,45,35.68
2026/03/28 11:13:25.300,0,NVIDIA GeForce RTX 4090,0,0,9298,24564,44,225.02
2026/03/28 11:13:25.305,1,NVIDIA GeForce RTX 4080,0,1,2,16376,45,35.74
2026/03/28 11:13:26.356,0,NVIDIA GeForce RTX 4090,0,0,9298,24564,43,119.89
2026/03/28 11:13:26.361,1,NVIDIA GeForce RTX 4080,0,1,2,16376,45,35.37
2026/03/28 11:13:27.412,0,NVIDIA GeForce RTX 4090,94,75,9298,24564,53,252.06
2026/03/28 11:13:27.420,1,NVIDIA GeForce RTX 4080,0,1,2,16376,45,35.17
2026/03/28 11:13:28.470,0,NVIDIA GeForce RTX 4090,94,75,9298,24564,51,382.05
2026/03/28 11:13:28.480,1,NVIDIA GeForce RTX 4080,0,1,2,16376,45,35.52
2026/03/28 11:13:29.531,0,NVIDIA GeForce RTX 4090,94,76,9298,24564,53,380.92
2026/03/28 11:13:29.550,1,NVIDIA GeForce RTX 4080,0,1,2,16376,45,35.59
2026/03/28 11:13:30.602,0,NVIDIA GeForce RTX 4090,94,75,9298,24564,52,380.32
2026/03/28 11:13:30.617,1,NVIDIA GeForce RTX 4080,0,1,2,16376,45,35.63
2026/03/28 11:13:31.665,0,NVIDIA GeForce RTX 4090,94,74,9298,24564,54,382.51
2026/03/28 11:13:31.724,1,NVIDIA GeForce RTX 4080,0,1,2,16376,45,35.60
2026/03/28 11:13:32.775,0,NVIDIA GeForce RTX 4090,95,76,9298,24564,53,384.11
2026/03/28 11:13:32.784,1,NVIDIA GeForce RTX 4080,0,1,2,16376,45,35.60
2026/03/28 11:13:33.834,0,NVIDIA GeForce RTX 4090,95,74,9298,24564,53,379.83
2026/03/28 11:13:33.841,1,NVIDIA GeForce RTX 4080,0,1,2,16376,45,35.52
2026/03/28 11:13:34.890,0,NVIDIA GeForce RTX 4090,94,75,9298,24564,55,381.99
2026/03/28 11:13:34.898,1,NVIDIA GeForce RTX 4080,0,1,2,16376,45,35.37
2026/03/28 11:13:35.949,0,NVIDIA GeForce RTX 4090,94,73,9298,24564,52,381.78
2026/03/28 11:13:35.958,1,NVIDIA GeForce RTX 4080,0,1,2,16376,45,35.40
2026/03/28 11:13:37.009,0,NVIDIA GeForce RTX 4090,93,74,9298,24564,52,380.62
2026/03/28 11:13:37.058,1,NVIDIA GeForce RTX 4080,0,1,2,16376,45,35.67
2026/03/28 11:13:38.112,0,NVIDIA GeForce RTX 4090,95,74,9298,24564,56,379.67
2026/03/28 11:13:38.119,1,NVIDIA GeForce RTX 4080,0,1,2,16376,45,35.63
2026/03/28 11:13:39.169,0,NVIDIA GeForce RTX 4090,94,75,9298,24564,54,381.01
2026/03/28 11:13:39.178,1,NVIDIA GeForce RTX 4080,0,1,2,16376,45,35.68
2026/03/28 11:13:40.229,0,NVIDIA GeForce RTX 4090,0,0,9298,24564,46,163.00
2026/03/28 11:13:40.234,1,NVIDIA GeForce RTX 4080,0,1,2,16376,45,35.53
2026/03/28 11:13:41.282,0,NVIDIA GeForce RTX 4090,0,0,9298,24564,45,81.07
2026/03/28 11:13:41.287,1,NVIDIA GeForce RTX 4080,0,1,2,16376,45,35.31
2026/03/28 11:13:42.336,0,NVIDIA GeForce RTX 4090,0,0,9298,24564,44,76.73
2026/03/28 11:13:42.341,1,NVIDIA GeForce RTX 4080,0,1,2,16376,45,35.25
2026/03/28 11:13:43.390,0,NVIDIA GeForce RTX 4090,0,0,9298,24564,44,72.49
2026/03/28 11:13:43.395,1,NVIDIA GeForce RTX 4080,0,1,2,16376,45,35.37
2026/03/28 11:13:44.444,0,NVIDIA GeForce RTX 4090,0,0,9298,24564,44,72.25
2026/03/28 11:13:44.449,1,NVIDIA GeForce RTX 4080,0,1,2,16376,45,35.53
2026/03/28 11:13:45.499,0,NVIDIA GeForce RTX 4090,0,0,9298,24564,43,71.94
2026/03/28 11:13:45.504,1,NVIDIA GeForce RTX 4080,0,1,2,16376,45,35.56
2026/03/28 11:13:46.553,0,NVIDIA GeForce RTX 4090,0,0,9298,24564,43,72.09
2026/03/28 11:13:46.558,1,NVIDIA GeForce RTX 4080,0,1,2,16376,45,35.56
2026/03/28 11:13:47.606,0,NVIDIA GeForce RTX 4090,0,0,9298,24564,43,72.03
2026/03/28 11:13:47.611,1,NVIDIA GeForce RTX 4080,0,1,2,16376,45,35.36
2026/03/28 11:13:48.661,0,NVIDIA GeForce RTX 4090,0,0,9298,24564,43,77.64
2026/03/28 11:13:48.668,1,NVIDIA GeForce RTX 4080,0,1,2,16376,45,35.19
2026/03/28 11:13:49.718,0,NVIDIA GeForce RTX 4090,53,42,9298,24564,48,121.99
2026/03/28 11:13:49.731,1,NVIDIA GeForce RTX 4080,0,1,2,16376,45,35.10
2026/03/28 11:13:50.782,0,NVIDIA GeForce RTX 4090,77,60,9298,24564,49,320.02
2026/03/28 11:13:50.791,1,NVIDIA GeForce RTX 4080,0,1,2,16376,45,35.30
2026/03/28 11:13:51.842,0,NVIDIA GeForce RTX 4090,70,54,9298,24564,52,310.83
2026/03/28 11:13:51.849,1,NVIDIA GeForce RTX 4080,0,1,2,16376,45,35.98
2026/03/28 11:13:52.899,0,NVIDIA GeForce RTX 4090,79,63,9298,24564,47,313.38
2026/03/28 11:13:52.910,1,NVIDIA GeForce RTX 4080,0,1,2,16376,45,36.28
2026/03/28 11:13:53.962,0,NVIDIA GeForce RTX 4090,0,0,9298,24564,44,131.08
2026/03/28 11:13:53.967,1,NVIDIA GeForce RTX 4080,0,1,2,16376,45,36.12
2026/03/28 11:13:55.019,0,NVIDIA GeForce RTX 4090,0,0,9298,24564,43,103.40
2026/03/28 11:13:55.024,1,NVIDIA GeForce RTX 4080,0,1,2,16376,45,35.06
2026/03/28 11:13:56.075,0,NVIDIA GeForce RTX 4090,0,0,9298,24564,43,74.99
2026/03/28 11:13:56.080,1,NVIDIA GeForce RTX 4080,0,1,2,16376,45,34.85
2026/03/28 11:13:57.130,0,NVIDIA GeForce RTX 4090,0,0,9298,24564,43,71.26
2026/03/28 11:13:57.135,1,NVIDIA GeForce RTX 4080,0,1,2,16376,45,34.93
2026/03/28 11:13:58.186,0,NVIDIA GeForce RTX 4090,0,0,9298,24564,42,71.32
2026/03/28 11:13:58.191,1,NVIDIA GeForce RTX 4080,0,1,2,16376,45,35.04
2026/03/28 11:13:59.242,0,NVIDIA GeForce RTX 4090,0,0,9298,24564,42,71.30
2026/03/28 11:13:59.247,1,NVIDIA GeForce RTX 4080,0,1,2,16376,45,35.04
2026/03/28 11:14:00.297,0,NVIDIA GeForce RTX 4090,0,0,9298,24564,42,71.40
2026/03/28 11:14:00.303,1,NVIDIA GeForce RTX 4080,0,1,2,16376,45,34.83
2026/03/28 11:14:01.353,0,NVIDIA GeForce RTX 4090,29,23,9298,24564,42,92.55
2026/03/28 11:14:01.359,1,NVIDIA GeForce RTX 4080,0,1,2,16376,45,34.88
2026/03/28 11:14:02.411,0,NVIDIA GeForce RTX 4090,71,55,9298,24564,49,285.29
2026/03/28 11:14:02.421,1,NVIDIA GeForce RTX 4080,0,1,2,16376,45,35.27
2026/03/28 11:14:03.473,0,NVIDIA GeForce RTX 4090,73,58,9298,24564,48,317.20
2026/03/28 11:14:03.479,1,NVIDIA GeForce RTX 4080,0,1,2,16376,45,35.43
2026/03/28 11:14:04.528,0,NVIDIA GeForce RTX 4090,71,57,9298,24564,52,301.87
2026/03/28 11:14:04.536,1,NVIDIA GeForce RTX 4080,0,1,2,16376,45,35.44
2026/03/28 11:14:05.585,0,NVIDIA GeForce RTX 4090,0,0,9298,24564,44,237.98
2026/03/28 11:14:05.591,1,NVIDIA GeForce RTX 4080,0,1,2,16376,45,35.48
2026/03/28 11:14:06.640,0,NVIDIA GeForce RTX 4090,0,0,9298,24564,43,119.44
2026/03/28 11:14:06.645,1,NVIDIA GeForce RTX 4080,0,1,2,16376,45,35.24
2026/03/28 11:14:07.695,0,NVIDIA GeForce RTX 4090,93,74,9298,24564,52,236.74
2026/03/28 11:14:07.707,1,NVIDIA GeForce RTX 4080,0,1,2,16376,45,35.02
2026/03/28 11:14:08.760,0,NVIDIA GeForce RTX 4090,87,68,9298,24564,50,376.15
2026/03/28 11:14:08.769,1,NVIDIA GeForce RTX 4080,0,1,2,16376,45,35.14
2026/03/28 11:14:09.818,0,NVIDIA GeForce RTX 4090,93,74,9298,24564,55,379.97
2026/03/28 11:14:09.826,1,NVIDIA GeForce RTX 4080,0,1,2,16376,45,35.10
2026/03/28 11:14:10.877,0,NVIDIA GeForce RTX 4090,93,75,9298,24564,54,378.53
2026/03/28 11:14:10.925,1,NVIDIA GeForce RTX 4080,0,1,2,16376,45,34.95
2026/03/28 11:14:11.976,0,NVIDIA GeForce RTX 4090,92,73,9298,24564,51,379.80
2026/03/28 11:14:12.044,1,NVIDIA GeForce RTX 4080,0,1,2,16376,45,35.17
2026/03/28 11:14:13.094,0,NVIDIA GeForce RTX 4090,93,73,9298,24564,53,377.54
2026/03/28 11:14:13.103,1,NVIDIA GeForce RTX 4080,0,1,2,16376,45,35.05
2026/03/28 11:14:14.155,0,NVIDIA GeForce RTX 4090,92,73,9298,24564,52,381.31
2026/03/28 11:14:14.166,1,NVIDIA GeForce RTX 4080,0,1,2,16376,45,35.00
2026/03/28 11:14:15.220,0,NVIDIA GeForce RTX 4090,94,74,9298,24564,52,382.29
2026/03/28 11:14:15.264,1,NVIDIA GeForce RTX 4080,0,1,2,16376,45,34.98
2026/03/28 11:14:16.313,0,NVIDIA GeForce RTX 4090,94,75,9298,24564,56,381.35
2026/03/28 11:14:16.323,1,NVIDIA GeForce RTX 4080,0,1,2,16376,45,34.98
2026/03/28 11:14:17.374,0,NVIDIA GeForce RTX 4090,92,73,9298,24564,53,381.26
2026/03/28 11:14:17.386,1,NVIDIA GeForce RTX 4080,0,1,2,16376,45,35.00
2026/03/28 11:14:18.441,0,NVIDIA GeForce RTX 4090,95,73,9298,24564,55,382.40
2026/03/28 11:14:18.451,1,NVIDIA GeForce RTX 4080,0,1,2,16376,45,35.08
2026/03/28 11:14:19.501,0,NVIDIA GeForce RTX 4090,94,75,9298,24564,53,381.66
2026/03/28 11:14:19.511,1,NVIDIA GeForce RTX 4080,0,1,2,16376,45,35.04
2026/03/28 11:14:20.561,0,NVIDIA GeForce RTX 4090,0,0,9298,24564,46,186.03
2026/03/28 11:14:20.567,1,NVIDIA GeForce RTX 4080,0,1,2,16376,45,34.88
2026/03/28 11:14:21.618,0,NVIDIA GeForce RTX 4090,0,0,9298,24564,45,131.65
2026/03/28 11:14:21.623,1,NVIDIA GeForce RTX 4080,0,1,2,16376,45,34.65
2026/03/28 11:14:22.674,0,NVIDIA GeForce RTX 4090,0,0,9298,24564,45,76.82
2026/03/28 11:14:22.679,1,NVIDIA GeForce RTX 4080,0,1,2,16376,45,34.58
2026/03/28 11:14:23.730,0,NVIDIA GeForce RTX 4090,0,0,9298,24564,44,72.38
2026/03/28 11:14:23.738,1,NVIDIA GeForce RTX 4080,0,1,2,16376,45,34.75
2026/03/28 11:14:24.788,0,NVIDIA GeForce RTX 4090,0,0,9298,24564,44,72.07
2026/03/28 11:14:24.793,1,NVIDIA GeForce RTX 4080,0,1,2,16376,45,34.72
2026/03/28 11:14:25.843,0,NVIDIA GeForce RTX 4090,0,0,9298,24564,44,72.05
2026/03/28 11:14:25.849,1,NVIDIA GeForce RTX 4080,0,1,2,16376,45,34.57
2026/03/28 11:14:26.899,0,NVIDIA GeForce RTX 4090,0,0,9298,24564,43,72.00
2026/03/28 11:14:26.904,1,NVIDIA GeForce RTX 4080,0,1,2,16376,45,34.42
2026/03/28 11:14:27.955,0,NVIDIA GeForce RTX 4090,0,0,9298,24564,43,71.82
2026/03/28 11:14:27.961,1,NVIDIA GeForce RTX 4080,0,1,2,16376,45,34.37
2026/03/28 11:14:29.011,0,NVIDIA GeForce RTX 4090,0,0,9298,24564,43,71.65
2026/03/28 11:14:29.017,1,NVIDIA GeForce RTX 4080,0,1,2,16376,45,34.57
2026/03/28 11:14:30.070,0,NVIDIA GeForce RTX 4090,80,62,9298,24564,49,134.39
2026/03/28 11:14:30.081,1,NVIDIA GeForce RTX 4080,0,1,2,16376,45,34.62
2026/03/28 11:14:31.132,0,NVIDIA GeForce RTX 4090,74,60,9298,24564,51,318.15
2026/03/28 11:14:31.143,1,NVIDIA GeForce RTX 4080,0,1,2,16376,45,35.04
2026/03/28 11:14:32.193,0,NVIDIA GeForce RTX 4090,77,62,9298,24564,50,313.74
2026/03/28 11:14:32.202,1,NVIDIA GeForce RTX 4080,0,1,2,16376,45,35.43
2026/03/28 11:14:33.252,0,NVIDIA GeForce RTX 4090,51,42,9298,24564,51,302.70
2026/03/28 11:14:33.264,1,NVIDIA GeForce RTX 4080,0,1,2,16376,45,35.41
2026/03/28 11:14:34.316,0,NVIDIA GeForce RTX 4090,0,0,9298,24564,44,115.23
2026/03/28 11:14:34.321,1,NVIDIA GeForce RTX 4080,0,1,2,16376,45,35.13
2026/03/28 11:14:35.373,0,NVIDIA GeForce RTX 4090,0,0,9298,24564,43,81.09
2026/03/28 11:14:35.378,1,NVIDIA GeForce RTX 4080,0,1,2,16376,45,34.67
2026/03/28 11:14:36.429,0,NVIDIA GeForce RTX 4090,0,0,9298,24564,43,76.33
2026/03/28 11:14:36.435,1,NVIDIA GeForce RTX 4080,0,1,2,16376,45,34.69
2026/03/28 11:14:37.485,0,NVIDIA GeForce RTX 4090,0,0,9298,24564,43,71.80
2026/03/28 11:14:37.490,1,NVIDIA GeForce RTX 4080,0,1,2,16376,45,34.88
2026/03/28 11:14:38.541,0,NVIDIA GeForce RTX 4090,0,0,9298,24564,43,71.80
2026/03/28 11:14:38.546,1,NVIDIA GeForce RTX 4080,0,1,2,16376,45,34.86
2026/03/28 11:14:39.596,0,NVIDIA GeForce RTX 4090,0,0,9298,24564,42,71.60
2026/03/28 11:14:39.602,1,NVIDIA GeForce RTX 4080,0,1,2,16376,45,34.79
2026/03/28 11:14:40.652,0,NVIDIA GeForce RTX 4090,0,0,9298,24564,42,71.27
2026/03/28 11:14:40.658,1,NVIDIA GeForce RTX 4080,0,1,2,16376,45,34.56
2026/03/28 11:14:41.708,0,NVIDIA GeForce RTX 4090,0,0,9298,24564,42,71.02
2026/03/28 11:14:41.713,1,NVIDIA GeForce RTX 4080,0,1,2,16376,45,34.44
2026/03/28 11:14:42.766,0,NVIDIA GeForce RTX 4090,73,59,9298,24564,51,313.12
2026/03/28 11:14:42.775,1,NVIDIA GeForce RTX 4080,0,1,2,16376,45,34.54
2026/03/28 11:14:43.824,0,NVIDIA GeForce RTX 4090,73,58,9298,24564,49,310.49
2026/03/28 11:14:43.832,1,NVIDIA GeForce RTX 4080,0,1,2,16376,45,35.10
2026/03/28 11:14:44.883,0,NVIDIA GeForce RTX 4090,70,56,9298,24564,50,311.53
2026/03/28 11:14:44.892,1,NVIDIA GeForce RTX 4080,0,1,2,16376,45,35.58
2026/03/28 11:14:45.944,0,NVIDIA GeForce RTX 4090,59,46,9298,24564,44,265.20
2026/03/28 11:14:45.952,1,NVIDIA GeForce RTX 4080,0,1,2,16376,45,35.61
2026/03/28 11:14:47.002,0,NVIDIA GeForce RTX 4090,0,0,9298,24564,43,117.40
2026/03/28 11:14:47.008,1,NVIDIA GeForce RTX 4080,0,1,2,16376,45,35.09
2026/03/28 11:14:48.059,0,NVIDIA GeForce RTX 4090,92,72,9298,24564,50,219.26
2026/03/28 11:14:48.074,1,NVIDIA GeForce RTX 4080,0,1,2,16376,45,34.91
2026/03/28 11:14:49.125,0,NVIDIA GeForce RTX 4090,91,73,9298,24564,52,377.27
2026/03/28 11:14:49.137,1,NVIDIA GeForce RTX 4080,0,1,2,16376,45,35.01
2026/03/28 11:14:50.189,0,NVIDIA GeForce RTX 4090,93,74,9298,24564,52,377.05
2026/03/28 11:14:50.200,1,NVIDIA GeForce RTX 4080,0,1,2,16376,45,35.08
2026/03/28 11:14:51.252,0,NVIDIA GeForce RTX 4090,91,73,9298,24564,56,376.81
2026/03/28 11:14:51.260,1,NVIDIA GeForce RTX 4080,0,1,2,16376,45,35.13
2026/03/28 11:14:52.314,0,NVIDIA GeForce RTX 4090,94,74,9298,24564,57,380.70
2026/03/28 11:14:52.350,1,NVIDIA GeForce RTX 4080,0,1,2,16376,45,34.99
2026/03/28 11:14:53.402,0,NVIDIA GeForce RTX 4090,95,73,9298,24564,54,382.08
2026/03/28 11:14:53.413,1,NVIDIA GeForce RTX 4080,0,1,2,16376,45,34.92
2026/03/28 11:14:54.465,0,NVIDIA GeForce RTX 4090,95,75,9298,24564,55,384.75
2026/03/28 11:14:54.509,1,NVIDIA GeForce RTX 4080,0,1,2,16376,45,35.09
2026/03/28 11:14:55.559,0,NVIDIA GeForce RTX 4090,95,76,9298,24564,54,381.66
2026/03/28 11:14:55.572,1,NVIDIA GeForce RTX 4080,0,1,2,16376,45,35.17
2026/03/28 11:14:56.621,0,NVIDIA GeForce RTX 4090,94,76,9298,24564,54,384.95
2026/03/28 11:14:56.697,1,NVIDIA GeForce RTX 4080,0,1,2,16376,45,35.22
2026/03/28 11:14:57.746,0,NVIDIA GeForce RTX 4090,93,75,9298,24564,53,384.09
2026/03/28 11:14:57.756,1,NVIDIA GeForce RTX 4080,0,1,2,16376,45,35.33
2026/03/28 11:14:58.809,0,NVIDIA GeForce RTX 4090,95,76,9298,24564,56,384.75
2026/03/28 11:14:58.820,1,NVIDIA GeForce RTX 4080,0,1,2,16376,45,35.32
2026/03/28 11:14:59.869,0,NVIDIA GeForce RTX 4090,94,73,9298,24564,56,381.36
2026/03/28 11:14:59.878,1,NVIDIA GeForce RTX 4080,0,1,2,16376,45,35.43
2026/03/28 11:15:00.929,0,NVIDIA GeForce RTX 4090,0,0,9298,24564,46,192.41
2026/03/28 11:15:00.935,1,NVIDIA GeForce RTX 4080,0,1,2,16376,45,35.31
2026/03/28 11:15:01.983,0,NVIDIA GeForce RTX 4090,0,0,9298,24564,45,113.81
2026/03/28 11:15:01.989,1,NVIDIA GeForce RTX 4080,0,1,2,16376,45,34.81
2026/03/28 11:15:03.039,0,NVIDIA GeForce RTX 4090,0,0,9298,24564,45,81.17
2026/03/28 11:15:03.044,1,NVIDIA GeForce RTX 4080,0,1,2,16376,45,34.90
2026/03/28 11:15:04.094,0,NVIDIA GeForce RTX 4090,0,0,9298,24564,44,76.75
2026/03/28 11:15:04.100,1,NVIDIA GeForce RTX 4080,0,1,2,16376,45,34.84
2026/03/28 11:15:05.150,0,NVIDIA GeForce RTX 4090,0,0,9298,24564,44,72.53
2026/03/28 11:15:05.155,1,NVIDIA GeForce RTX 4080,0,1,2,16376,45,34.64
2026/03/28 11:15:06.205,0,NVIDIA GeForce RTX 4090,0,0,9298,24564,44,72.27
2026/03/28 11:15:06.211,1,NVIDIA GeForce RTX 4080,0,1,2,16376,45,34.64
2026/03/28 11:15:07.262,0,NVIDIA GeForce RTX 4090,0,0,9298,24564,44,72.13
2026/03/28 11:15:07.267,1,NVIDIA GeForce RTX 4080,0,1,2,16376,45,34.84
2026/03/28 11:15:08.318,0,NVIDIA GeForce RTX 4090,0,0,9298,24564,43,79.12
2026/03/28 11:15:08.325,1,NVIDIA GeForce RTX 4080,0,1,2,16376,45,34.98
2026/03/28 11:15:09.375,0,NVIDIA GeForce RTX 4090,75,60,9298,24564,51,284.84
2026/03/28 11:15:09.429,1,NVIDIA GeForce RTX 4080,0,1,2,16376,45,35.34
2026/03/28 11:15:10.479,0,NVIDIA GeForce RTX 4090,78,62,9298,24564,51,312.09
2026/03/28 11:15:10.491,1,NVIDIA GeForce RTX 4080,0,1,2,16376,45,35.64
2026/03/28 11:15:11.543,0,NVIDIA GeForce RTX 4090,75,60,9298,24564,51,311.77
2026/03/28 11:15:11.551,1,NVIDIA GeForce RTX 4080,0,1,2,16376,45,35.56
2026/03/28 11:15:12.602,0,NVIDIA GeForce RTX 4090,0,0,9298,24564,45,177.61
2026/03/28 11:15:12.609,1,NVIDIA GeForce RTX 4080,0,1,2,16376,45,35.43
2026/03/28 11:15:13.659,0,NVIDIA GeForce RTX 4090,0,0,9298,24564,44,120.46
2026/03/28 11:15:13.665,1,NVIDIA GeForce RTX 4080,0,1,2,16376,45,34.82
2026/03/28 11:15:14.715,0,NVIDIA GeForce RTX 4090,0,0,9298,24564,44,81.35
2026/03/28 11:15:14.721,1,NVIDIA GeForce RTX 4080,0,1,2,16376,45,34.26
2026/03/28 11:15:15.770,0,NVIDIA GeForce RTX 4090,0,0,9298,24564,43,76.74
2026/03/28 11:15:15.776,1,NVIDIA GeForce RTX 4080,0,1,2,16376,45,34.44
2026/03/28 11:15:16.826,0,NVIDIA GeForce RTX 4090,0,0,9298,24564,43,72.17
2026/03/28 11:15:16.832,1,NVIDIA GeForce RTX 4080,0,1,2,16376,45,34.85
2026/03/28 11:15:17.882,0,NVIDIA GeForce RTX 4090,0,0,9298,24564,43,71.72
2026/03/28 11:15:17.888,1,NVIDIA GeForce RTX 4080,0,1,2,16376,45,35.09
2026/03/28 11:15:18.938,0,NVIDIA GeForce RTX 4090,0,0,9298,24564,43,71.63
2026/03/28 11:15:18.944,1,NVIDIA GeForce RTX 4080,0,1,2,16376,45,34.86
2026/03/28 11:15:19.990,0,NVIDIA GeForce RTX 4090,34,27,9298,24564,48,88.00
2026/03/28 11:15:20.005,1,NVIDIA GeForce RTX 4080,0,1,2,16376,45,34.51
2026/03/28 11:15:21.054,0,NVIDIA GeForce RTX 4090,71,56,9298,24564,52,310.55
2026/03/28 11:15:21.064,1,NVIDIA GeForce RTX 4080,0,1,2,16376,45,35.22
2026/03/28 11:15:22.115,0,NVIDIA GeForce RTX 4090,71,56,9298,24564,51,301.66
2026/03/28 11:15:22.123,1,NVIDIA GeForce RTX 4080,0,1,2,16376,45,35.54
2026/03/28 11:15:23.175,0,NVIDIA GeForce RTX 4090,75,59,9298,24564,50,310.03
2026/03/28 11:15:23.186,1,NVIDIA GeForce RTX 4080,0,1,2,16376,45,35.50
2026/03/28 11:15:24.230,0,NVIDIA GeForce RTX 4090,0,0,9298,24564,44,227.15
2026/03/28 11:15:24.240,1,NVIDIA GeForce RTX 4080,0,1,2,16376,45,35.37
2026/03/28 11:15:25.290,0,NVIDIA GeForce RTX 4090,0,0,9298,24564,44,122.82
2026/03/28 11:15:25.294,1,NVIDIA GeForce RTX 4080,0,1,2,16376,45,34.85
2026/03/28 11:15:26.344,0,NVIDIA GeForce RTX 4090,93,73,9298,24564,53,379.20
2026/03/28 11:15:26.363,1,NVIDIA GeForce RTX 4080,0,1,2,16376,45,34.63
2026/03/28 11:15:27.415,0,NVIDIA GeForce RTX 4090,94,73,9298,24564,56,380.66
2026/03/28 11:15:27.421,1,NVIDIA GeForce RTX 4080,0,1,2,16376,45,34.96
2026/03/28 11:15:28.473,0,NVIDIA GeForce RTX 4090,94,75,9298,24564,53,383.18
2026/03/28 11:15:28.482,1,NVIDIA GeForce RTX 4080,0,1,2,16376,45,35.25
2026/03/28 11:15:29.534,0,NVIDIA GeForce RTX 4090,93,75,9298,24564,52,383.89
2026/03/28 11:15:29.542,1,NVIDIA GeForce RTX 4080,0,1,2,16376,45,35.31
2026/03/28 11:15:30.595,0,NVIDIA GeForce RTX 4090,92,73,9298,24564,54,379.80
2026/03/28 11:15:30.603,1,NVIDIA GeForce RTX 4080,0,1,2,16376,45,35.28
2026/03/28 11:15:31.653,0,NVIDIA GeForce RTX 4090,94,75,9298,24564,54,381.79
2026/03/28 11:15:31.669,1,NVIDIA GeForce RTX 4080,0,1,2,16376,45,35.28
2026/03/28 11:15:32.722,0,NVIDIA GeForce RTX 4090,94,75,9298,24564,57,378.52
2026/03/28 11:15:32.728,1,NVIDIA GeForce RTX 4080,0,1,2,16376,45,35.26
2026/03/28 11:15:33.781,0,NVIDIA GeForce RTX 4090,94,74,9298,24564,53,381.75
2026/03/28 11:15:33.788,1,NVIDIA GeForce RTX 4080,0,1,2,16376,45,35.15
2026/03/28 11:15:34.840,0,NVIDIA GeForce RTX 4090,94,72,9298,24564,54,382.89
2026/03/28 11:15:34.848,1,NVIDIA GeForce RTX 4080,0,1,2,16376,45,35.09
2026/03/28 11:15:35.898,0,NVIDIA GeForce RTX 4090,93,73,9298,24564,55,381.29
2026/03/28 11:15:35.907,1,NVIDIA GeForce RTX 4080,0,1,2,16376,45,35.12
2026/03/28 11:15:36.956,0,NVIDIA GeForce RTX 4090,93,74,9298,24564,57,380.42
2026/03/28 11:15:36.962,1,NVIDIA GeForce RTX 4080,0,1,2,16376,45,35.13
2026/03/28 11:15:38.012,0,NVIDIA GeForce RTX 4090,93,74,9298,24564,51,379.61
2026/03/28 11:15:38.017,1,NVIDIA GeForce RTX 4080,0,1,2,16376,45,34.90
2026/03/28 11:15:39.067,0,NVIDIA GeForce RTX 4090,0,0,9298,24564,46,127.58
2026/03/28 11:15:39.072,1,NVIDIA GeForce RTX 4080,0,1,2,16376,45,34.29
2026/03/28 11:15:40.122,0,NVIDIA GeForce RTX 4090,0,0,9298,24564,45,80.96
2026/03/28 11:15:40.126,1,NVIDIA GeForce RTX 4080,0,1,2,16376,45,34.08
2026/03/28 11:15:41.174,0,NVIDIA GeForce RTX 4090,0,0,9298,24564,45,77.14
2026/03/28 11:15:41.179,1,NVIDIA GeForce RTX 4080,0,1,2,16376,45,34.38
2026/03/28 11:15:42.229,0,NVIDIA GeForce RTX 4090,0,0,9298,24564,45,73.47
2026/03/28 11:15:42.233,1,NVIDIA GeForce RTX 4080,0,1,2,16376,45,34.42
2026/03/28 11:15:43.282,0,NVIDIA GeForce RTX 4090,0,0,9298,24564,44,73.30
2026/03/28 11:15:43.287,1,NVIDIA GeForce RTX 4080,0,1,2,16376,45,34.35
2026/03/28 11:15:44.336,0,NVIDIA GeForce RTX 4090,0,0,9298,24564,44,72.83
2026/03/28 11:15:44.341,1,NVIDIA GeForce RTX 4080,0,1,2,16376,45,34.11
2026/03/28 11:15:45.389,0,NVIDIA GeForce RTX 4090,0,0,9298,24564,44,72.29
2026/03/28 11:15:45.393,1,NVIDIA GeForce RTX 4080,0,1,2,16376,45,33.93
2026/03/28 11:15:46.441,0,NVIDIA GeForce RTX 4090,0,0,9298,24564,44,72.31
2026/03/28 11:15:46.446,1,NVIDIA GeForce RTX 4080,0,1,2,16376,45,33.73
2026/03/28 11:15:47.493,0,NVIDIA GeForce RTX 4090,0,0,9298,24564,43,72.52
2026/03/28 11:15:47.497,1,NVIDIA GeForce RTX 4080,0,1,2,16376,45,33.69
2026/03/28 11:15:48.548,0,NVIDIA GeForce RTX 4090,40,31,9298,24564,45,86.87
2026/03/28 11:15:48.556,1,NVIDIA GeForce RTX 4080,0,1,2,16376,45,34.07
2026/03/28 11:15:49.605,0,NVIDIA GeForce RTX 4090,0,0,9298,24564,43,95.32
2026/03/28 11:15:49.609,1,NVIDIA GeForce RTX 4080,0,1,2,16376,45,34.06
2026/03/28 11:15:50.660,0,NVIDIA GeForce RTX 4090,0,0,9298,24564,43,71.47
2026/03/28 11:15:50.664,1,NVIDIA GeForce RTX 4080,0,1,2,16376,45,33.65
2026/03/28 11:15:51.716,0,NVIDIA GeForce RTX 4090,0,0,9298,24564,48,84.91
2026/03/28 11:15:51.724,1,NVIDIA GeForce RTX 4080,0,1,2,16376,45,33.69
2026/03/28 11:15:52.777,0,NVIDIA GeForce RTX 4090,75,60,9298,24564,53,310.13
2026/03/28 11:15:52.790,1,NVIDIA GeForce RTX 4080,0,1,2,16376,45,34.24
2026/03/28 11:15:53.839,0,NVIDIA GeForce RTX 4090,76,60,9298,24564,50,313.92
2026/03/28 11:15:53.851,1,NVIDIA GeForce RTX 4080,0,1,2,16376,45,34.86
2026/03/28 11:15:54.903,0,NVIDIA GeForce RTX 4090,75,59,9298,24564,47,312.84
2026/03/28 11:15:54.910,1,NVIDIA GeForce RTX 4080,0,1,2,16376,45,34.93
2026/03/28 11:15:55.963,0,NVIDIA GeForce RTX 4090,0,0,9298,24564,44,131.38
2026/03/28 11:15:55.971,1,NVIDIA GeForce RTX 4080,0,1,2,16376,45,35.00
2026/03/28 11:15:57.020,0,NVIDIA GeForce RTX 4090,0,0,9298,24564,43,94.08
2026/03/28 11:15:57.025,1,NVIDIA GeForce RTX 4080,0,1,2,16376,45,33.62
2026/03/28 11:15:58.075,0,NVIDIA GeForce RTX 4090,0,0,9298,24564,43,80.38
2026/03/28 11:15:58.080,1,NVIDIA GeForce RTX 4080,0,1,2,16376,45,33.59
2026/03/28 11:15:59.131,0,NVIDIA GeForce RTX 4090,0,0,9298,24564,43,76.13
2026/03/28 11:15:59.136,1,NVIDIA GeForce RTX 4080,0,1,2,16376,45,33.66
2026/03/28 11:16:00.186,0,NVIDIA GeForce RTX 4090,0,0,9298,24564,43,71.82
2026/03/28 11:16:00.191,1,NVIDIA GeForce RTX 4080,0,1,2,16376,45,33.90
2026/03/28 11:16:01.241,0,NVIDIA GeForce RTX 4090,0,0,9298,24564,42,71.63
2026/03/28 11:16:01.246,1,NVIDIA GeForce RTX 4080,0,1,2,16376,45,34.09
2026/03/28 11:16:02.296,0,NVIDIA GeForce RTX 4090,0,0,9298,24564,42,71.62
2026/03/28 11:16:02.301,1,NVIDIA GeForce RTX 4080,0,1,2,16376,45,34.08
2026/03/28 11:16:03.351,0,NVIDIA GeForce RTX 4090,0,0,9298,24564,42,78.87
2026/03/28 11:16:03.356,1,NVIDIA GeForce RTX 4080,0,1,2,16376,45,34.33
2026/03/28 11:16:04.408,0,NVIDIA GeForce RTX 4090,77,62,9298,24564,48,178.06
2026/03/28 11:16:04.417,1,NVIDIA GeForce RTX 4080,0,1,2,16376,45,34.57
2026/03/28 11:16:05.468,0,NVIDIA GeForce RTX 4090,67,52,9298,24564,49,315.71
2026/03/28 11:16:05.477,1,NVIDIA GeForce RTX 4080,0,1,2,16376,45,34.97
2026/03/28 11:16:06.527,0,NVIDIA GeForce RTX 4090,73,58,9298,24564,50,312.32
2026/03/28 11:16:06.535,1,NVIDIA GeForce RTX 4080,0,1,2,16376,45,35.43
2026/03/28 11:16:07.588,0,NVIDIA GeForce RTX 4090,73,58,9298,24564,51,304.35
2026/03/28 11:16:07.593,1,NVIDIA GeForce RTX 4080,0,1,2,16376,45,35.42
2026/03/28 11:16:08.646,0,NVIDIA GeForce RTX 4090,0,0,9298,24564,44,123.54
2026/03/28 11:16:08.650,1,NVIDIA GeForce RTX 4080,0,1,2,16376,45,35.17
2026/03/28 11:16:09.701,0,NVIDIA GeForce RTX 4090,95,76,9298,24564,51,138.94
2026/03/28 11:16:09.752,1,NVIDIA GeForce RTX 4080,0,1,2,16376,45,34.61
2026/03/28 11:16:10.804,0,NVIDIA GeForce RTX 4090,96,76,9298,24564,53,383.76
2026/03/28 11:16:10.811,1,NVIDIA GeForce RTX 4080,0,1,2,16376,45,34.46
2026/03/28 11:16:11.863,0,NVIDIA GeForce RTX 4090,94,76,9298,24564,53,384.86
2026/03/28 11:16:11.904,1,NVIDIA GeForce RTX 4080,0,1,2,16376,45,34.90
2026/03/28 11:16:12.951,0,NVIDIA GeForce RTX 4090,94,75,9298,24564,54,380.19
2026/03/28 11:16:12.965,1,NVIDIA GeForce RTX 4080,0,1,2,16376,45,35.08
2026/03/28 11:16:14.018,0,NVIDIA GeForce RTX 4090,93,72,9298,24564,53,379.30
2026/03/28 11:16:14.029,1,NVIDIA GeForce RTX 4080,0,1,2,16376,45,34.99
2026/03/28 11:16:15.079,0,NVIDIA GeForce RTX 4090,92,74,9298,24564,54,380.43
2026/03/28 11:16:15.087,1,NVIDIA GeForce RTX 4080,0,1,2,16376,45,34.84
2026/03/28 11:16:16.137,0,NVIDIA GeForce RTX 4090,93,73,9298,24564,52,381.45
2026/03/28 11:16:16.149,1,NVIDIA GeForce RTX 4080,0,1,2,16376,45,34.68
2026/03/28 11:16:17.200,0,NVIDIA GeForce RTX 4090,93,72,9298,24564,55,379.48
2026/03/28 11:16:17.209,1,NVIDIA GeForce RTX 4080,0,1,2,16376,45,34.52
2026/03/28 11:16:18.262,0,NVIDIA GeForce RTX 4090,93,74,9298,24564,54,381.34
2026/03/28 11:16:18.271,1,NVIDIA GeForce RTX 4080,0,1,2,16376,45,34.57
2026/03/28 11:16:19.321,0,NVIDIA GeForce RTX 4090,92,73,9298,24564,55,379.97
2026/03/28 11:16:19.331,1,NVIDIA GeForce RTX 4080,0,1,2,16376,45,34.62
2026/03/28 11:16:20.383,0,NVIDIA GeForce RTX 4090,94,75,9298,24564,57,383.62
2026/03/28 11:16:20.390,1,NVIDIA GeForce RTX 4080,0,1,2,16376,45,34.65
2026/03/28 11:16:21.444,0,NVIDIA GeForce RTX 4090,94,75,9298,24564,52,378.75
2026/03/28 11:16:21.451,1,NVIDIA GeForce RTX 4080,0,1,2,16376,45,34.81
2026/03/28 11:16:22.501,0,NVIDIA GeForce RTX 4090,68,55,9298,24564,47,340.04
2026/03/28 11:16:22.506,1,NVIDIA GeForce RTX 4080,0,1,2,16376,45,34.72
2026/03/28 11:16:23.557,0,NVIDIA GeForce RTX 4090,0,0,9298,24564,46,123.35
2026/03/28 11:16:23.562,1,NVIDIA GeForce RTX 4080,0,1,2,16376,45,34.28
2026/03/28 11:16:24.613,0,NVIDIA GeForce RTX 4090,0,0,9298,24564,45,81.47
2026/03/28 11:16:24.618,1,NVIDIA GeForce RTX 4080,0,1,2,16376,45,33.90
2026/03/28 11:16:25.668,0,NVIDIA GeForce RTX 4090,0,0,9298,24564,44,76.63
2026/03/28 11:16:25.674,1,NVIDIA GeForce RTX 4080,0,1,2,16376,45,33.65
2026/03/28 11:16:26.724,0,NVIDIA GeForce RTX 4090,0,0,9298,24564,44,72.08
2026/03/28 11:16:26.729,1,NVIDIA GeForce RTX 4080,0,1,2,16376,45,33.74
2026/03/28 11:16:27.778,0,NVIDIA GeForce RTX 4090,0,0,9298,24564,44,72.23
2026/03/28 11:16:27.783,1,NVIDIA GeForce RTX 4080,0,1,2,16376,45,33.97
2026/03/28 11:16:28.833,0,NVIDIA GeForce RTX 4090,14,11,9298,24564,44,77.10
2026/03/28 11:16:28.840,1,NVIDIA GeForce RTX 4080,0,1,2,16376,45,34.00
2026/03/28 11:16:29.888,0,NVIDIA GeForce RTX 4090,0,0,9298,24564,43,77.82
2026/03/28 11:16:29.893,1,NVIDIA GeForce RTX 4080,0,1,2,16376,45,34.09
2026/03/28 11:16:30.943,0,NVIDIA GeForce RTX 4090,75,61,9298,24564,49,191.31
2026/03/28 11:16:30.949,1,NVIDIA GeForce RTX 4080,0,1,2,16376,45,34.11
2026/03/28 11:16:32.000,0,NVIDIA GeForce RTX 4090,69,55,9298,24564,51,307.91
2026/03/28 11:16:32.008,1,NVIDIA GeForce RTX 4080,0,1,2,16376,45,35.33
2026/03/28 11:16:33.062,0,NVIDIA GeForce RTX 4090,73,57,9298,24564,50,300.25
2026/03/28 11:16:33.073,1,NVIDIA GeForce RTX 4080,0,1,2,16376,45,35.63
2026/03/28 11:16:34.122,0,NVIDIA GeForce RTX 4090,0,0,9298,24564,46,265.70
2026/03/28 11:16:34.158,1,NVIDIA GeForce RTX 4080,0,1,2,16376,45,35.47
2026/03/28 11:16:35.207,0,NVIDIA GeForce RTX 4090,0,0,9298,24564,45,120.93
2026/03/28 11:16:35.212,1,NVIDIA GeForce RTX 4080,0,1,2,16376,45,34.53
2026/03/28 11:16:36.263,0,NVIDIA GeForce RTX 4090,0,0,9298,24564,44,81.27
2026/03/28 11:16:36.268,1,NVIDIA GeForce RTX 4080,0,1,2,16376,45,33.93
2026/03/28 11:16:37.319,0,NVIDIA GeForce RTX 4090,0,0,9298,24564,43,76.52
2026/03/28 11:16:37.324,1,NVIDIA GeForce RTX 4080,0,1,2,16376,45,34.10
2026/03/28 11:16:38.375,0,NVIDIA GeForce RTX 4090,0,0,9298,24564,43,71.88
2026/03/28 11:16:38.380,1,NVIDIA GeForce RTX 4080,0,1,2,16376,45,34.23
2026/03/28 11:16:39.431,0,NVIDIA GeForce RTX 4090,0,0,9298,24564,43,71.56
2026/03/28 11:16:39.436,1,NVIDIA GeForce RTX 4080,0,1,2,16376,45,34.28
2026/03/28 11:16:40.487,0,NVIDIA GeForce RTX 4090,0,0,9298,24564,43,71.23
2026/03/28 11:16:40.493,1,NVIDIA GeForce RTX 4080,0,1,2,16376,45,34.22
2026/03/28 11:16:41.543,0,NVIDIA GeForce RTX 4090,0,0,9298,24564,43,71.38
2026/03/28 11:16:41.548,1,NVIDIA GeForce RTX 4080,0,1,2,16376,45,34.35
2026/03/28 11:16:42.603,0,NVIDIA GeForce RTX 4090,78,60,9298,24564,49,101.11
2026/03/28 11:16:42.616,1,NVIDIA GeForce RTX 4080,0,1,2,16376,45,34.58
2026/03/28 11:16:43.669,0,NVIDIA GeForce RTX 4090,74,57,9298,24564,52,319.91
2026/03/28 11:16:43.677,1,NVIDIA GeForce RTX 4080,0,1,2,16376,45,34.69
2026/03/28 11:16:44.724,0,NVIDIA GeForce RTX 4090,70,55,9298,24564,52,310.50
2026/03/28 11:16:44.736,1,NVIDIA GeForce RTX 4080,0,1,2,16376,45,35.11
2026/03/28 11:16:45.784,0,NVIDIA GeForce RTX 4090,74,59,9298,24564,50,311.00
2026/03/28 11:16:45.797,1,NVIDIA GeForce RTX 4080,0,1,2,16376,45,35.41
2026/03/28 11:16:46.845,0,NVIDIA GeForce RTX 4090,0,0,9298,24564,44,168.38
2026/03/28 11:16:46.854,1,NVIDIA GeForce RTX 4080,0,1,2,16376,45,35.24
2026/03/28 11:16:47.902,0,NVIDIA GeForce RTX 4090,0,0,9298,24564,43,115.33
2026/03/28 11:16:47.907,1,NVIDIA GeForce RTX 4080,0,1,2,16376,45,34.75
2026/03/28 11:16:48.957,0,NVIDIA GeForce RTX 4090,95,74,9298,24564,51,245.36
2026/03/28 11:16:48.966,1,NVIDIA GeForce RTX 4080,0,1,2,16376,45,34.70
2026/03/28 11:16:50.016,0,NVIDIA GeForce RTX 4090,95,76,9298,24564,54,380.58
2026/03/28 11:16:50.025,1,NVIDIA GeForce RTX 4080,0,1,2,16376,45,35.14
2026/03/28 11:16:51.079,0,NVIDIA GeForce RTX 4090,94,75,9298,24564,54,380.90
2026/03/28 11:16:51.086,1,NVIDIA GeForce RTX 4080,0,1,2,16376,45,35.17
2026/03/28 11:16:52.139,0,NVIDIA GeForce RTX 4090,95,76,9298,24564,52,384.69
2026/03/28 11:16:52.149,1,NVIDIA GeForce RTX 4080,0,1,2,16376,45,35.21
2026/03/28 11:16:53.201,0,NVIDIA GeForce RTX 4090,93,72,9298,24564,54,383.35
2026/03/28 11:16:53.215,1,NVIDIA GeForce RTX 4080,0,1,2,16376,45,35.28
2026/03/28 11:16:54.267,0,NVIDIA GeForce RTX 4090,94,75,9298,24564,55,385.07
2026/03/28 11:16:54.277,1,NVIDIA GeForce RTX 4080,0,1,2,16376,45,35.03
2026/03/28 11:16:55.328,0,NVIDIA GeForce RTX 4090,95,76,9298,24564,53,384.81
2026/03/28 11:16:55.342,1,NVIDIA GeForce RTX 4080,0,1,2,16376,45,34.73
2026/03/28 11:16:56.393,0,NVIDIA GeForce RTX 4090,95,76,9298,24564,53,384.84
2026/03/28 11:16:56.402,1,NVIDIA GeForce RTX 4080,0,1,2,16376,45,34.52
2026/03/28 11:16:57.452,0,NVIDIA GeForce RTX 4090,95,74,9298,24564,54,384.37
2026/03/28 11:16:57.462,1,NVIDIA GeForce RTX 4080,0,1,2,16376,45,34.39
2026/03/28 11:16:58.513,0,NVIDIA GeForce RTX 4090,96,74,9298,24564,57,384.59
2026/03/28 11:16:58.522,1,NVIDIA GeForce RTX 4080,0,1,2,16376,45,34.64
2026/03/28 11:16:59.573,0,NVIDIA GeForce RTX 4090,96,74,9298,24564,56,385.81
2026/03/28 11:16:59.580,1,NVIDIA GeForce RTX 4080,0,1,2,16376,45,34.95
2026/03/28 11:17:00.630,0,NVIDIA GeForce RTX 4090,96,76,9298,24564,51,388.07
2026/03/28 11:17:00.636,1,NVIDIA GeForce RTX 4080,0,1,2,16376,45,34.92
2026/03/28 11:17:01.685,0,NVIDIA GeForce RTX 4090,0,0,9298,24564,46,112.84
2026/03/28 11:17:01.690,1,NVIDIA GeForce RTX 4080,0,1,2,16376,45,35.01
2026/03/28 11:17:02.740,0,NVIDIA GeForce RTX 4090,0,0,9298,24564,45,81.43
2026/03/28 11:17:02.745,1,NVIDIA GeForce RTX 4080,0,1,2,16376,45,34.63
2026/03/28 11:17:03.795,0,NVIDIA GeForce RTX 4090,0,0,9298,24564,45,77.06
2026/03/28 11:17:03.801,1,NVIDIA GeForce RTX 4080,0,1,2,16376,45,34.03
2026/03/28 11:17:04.851,0,NVIDIA GeForce RTX 4090,0,0,9298,24564,44,72.64
2026/03/28 11:17:04.857,1,NVIDIA GeForce RTX 4080,0,1,2,16376,45,34.19
2026/03/28 11:17:05.908,0,NVIDIA GeForce RTX 4090,0,0,9298,24564,44,72.43
2026/03/28 11:17:05.914,1,NVIDIA GeForce RTX 4080,0,1,2,16376,45,34.46
2026/03/28 11:17:06.965,0,NVIDIA GeForce RTX 4090,0,0,9298,24564,44,72.33
2026/03/28 11:17:06.971,1,NVIDIA GeForce RTX 4080,0,1,2,16376,45,34.89
2026/03/28 11:17:08.021,0,NVIDIA GeForce RTX 4090,0,0,9298,24564,43,72.27
2026/03/28 11:17:08.027,1,NVIDIA GeForce RTX 4080,0,1,2,16376,45,35.29
2026/03/28 11:17:09.077,0,NVIDIA GeForce RTX 4090,0,0,9298,24564,43,72.02
2026/03/28 11:17:09.083,1,NVIDIA GeForce RTX 4080,0,1,2,16376,45,35.34
2026/03/28 11:17:10.134,0,NVIDIA GeForce RTX 4090,0,0,9298,24564,43,88.06
2026/03/28 11:17:10.140,1,NVIDIA GeForce RTX 4080,0,1,2,16376,45,35.48
2026/03/28 11:17:11.190,0,NVIDIA GeForce RTX 4090,0,0,9298,24564,43,86.46
2026/03/28 11:17:11.196,1,NVIDIA GeForce RTX 4080,0,1,2,16376,45,35.33
2026/03/28 11:17:12.249,0,NVIDIA GeForce RTX 4090,80,64,9298,24564,50,135.95
2026/03/28 11:17:12.255,1,NVIDIA GeForce RTX 4080,0,1,2,16376,45,35.24
2026/03/28 11:17:13.307,0,NVIDIA GeForce RTX 4090,75,58,9298,24564,50,318.72
2026/03/28 11:17:13.317,1,NVIDIA GeForce RTX 4080,0,1,2,16376,45,35.62
2026/03/28 11:17:14.369,0,NVIDIA GeForce RTX 4090,77,63,9298,24564,53,316.36
2026/03/28 11:17:14.377,1,NVIDIA GeForce RTX 4080,0,1,2,16376,45,35.91
2026/03/28 11:17:15.427,0,NVIDIA GeForce RTX 4090,56,45,9298,24564,46,285.17
2026/03/28 11:17:15.433,1,NVIDIA GeForce RTX 4080,0,1,2,16376,45,36.02
2026/03/28 11:17:16.485,0,NVIDIA GeForce RTX 4090,0,0,9298,24564,44,105.61
2026/03/28 11:17:16.490,1,NVIDIA GeForce RTX 4080,0,1,2,16376,45,35.68
2026/03/28 11:17:17.540,0,NVIDIA GeForce RTX 4090,0,0,9298,24564,43,80.72
2026/03/28 11:17:17.546,1,NVIDIA GeForce RTX 4080,0,1,2,16376,45,35.13
2026/03/28 11:17:18.595,0,NVIDIA GeForce RTX 4090,0,0,9298,24564,43,76.13
2026/03/28 11:17:18.601,1,NVIDIA GeForce RTX 4080,0,1,2,16376,45,34.94
2026/03/28 11:17:19.651,0,NVIDIA GeForce RTX 4090,0,0,9298,24564,43,71.87
2026/03/28 11:17:19.656,1,NVIDIA GeForce RTX 4080,0,1,2,16376,45,34.98
2026/03/28 11:17:20.706,0,NVIDIA GeForce RTX 4090,0,0,9298,24564,43,71.93
2026/03/28 11:17:20.711,1,NVIDIA GeForce RTX 4080,0,1,2,16376,45,35.01
2026/03/28 11:17:21.762,0,NVIDIA GeForce RTX 4090,0,0,9298,24564,42,71.98
2026/03/28 11:17:21.767,1,NVIDIA GeForce RTX 4080,0,1,2,16376,45,35.01
2026/03/28 11:17:22.819,0,NVIDIA GeForce RTX 4090,0,0,9298,24564,42,71.94
2026/03/28 11:17:22.825,1,NVIDIA GeForce RTX 4080,0,1,2,16376,45,34.93
2026/03/28 11:17:23.873,0,NVIDIA GeForce RTX 4090,66,53,9298,24564,51,105.65
2026/03/28 11:17:23.929,1,NVIDIA GeForce RTX 4080,0,1,2,16376,45,34.88
2026/03/28 11:17:24.981,0,NVIDIA GeForce RTX 4090,76,58,9298,24564,52,318.23
2026/03/28 11:17:24.990,1,NVIDIA GeForce RTX 4080,0,1,2,16376,45,35.18
2026/03/28 11:17:26.046,0,NVIDIA GeForce RTX 4090,76,61,9298,24564,49,311.57
2026/03/28 11:17:26.052,1,NVIDIA GeForce RTX 4080,0,1,2,16376,45,35.57
2026/03/28 11:17:27.104,0,NVIDIA GeForce RTX 4090,69,54,9298,24564,49,303.40
2026/03/28 11:17:27.110,1,NVIDIA GeForce RTX 4080,0,1,2,16376,45,35.56
2026/03/28 11:17:28.160,0,NVIDIA GeForce RTX 4090,0,0,9298,24564,44,203.48
2026/03/28 11:17:28.166,1,NVIDIA GeForce RTX 4080,0,1,2,16376,45,35.31
2026/03/28 11:17:29.217,0,NVIDIA GeForce RTX 4090,0,0,9298,24564,43,117.98
2026/03/28 11:17:29.223,1,NVIDIA GeForce RTX 4080,0,1,2,16376,45,35.04
2026/03/28 11:17:30.273,0,NVIDIA GeForce RTX 4090,93,74,9298,24564,51,236.31
2026/03/28 11:17:30.288,1,NVIDIA GeForce RTX 4080,0,1,2,16376,45,35.08
2026/03/28 11:17:31.339,0,NVIDIA GeForce RTX 4090,94,75,9298,24564,52,381.47
2026/03/28 11:17:31.348,1,NVIDIA GeForce RTX 4080,0,1,2,16376,45,35.45
2026/03/28 11:17:32.398,0,NVIDIA GeForce RTX 4090,94,73,9298,24564,51,382.39
2026/03/28 11:17:32.409,1,NVIDIA GeForce RTX 4080,0,1,2,16376,45,35.65
2026/03/28 11:17:33.461,0,NVIDIA GeForce RTX 4090,94,75,9298,24564,53,384.13
2026/03/28 11:17:33.471,1,NVIDIA GeForce RTX 4080,0,1,2,16376,45,35.66
2026/03/28 11:17:34.521,0,NVIDIA GeForce RTX 4090,92,73,9298,24564,53,381.37
2026/03/28 11:17:34.530,1,NVIDIA GeForce RTX 4080,0,1,2,16376,45,35.72
2026/03/28 11:17:35.583,0,NVIDIA GeForce RTX 4090,94,73,9298,24564,53,382.82
2026/03/28 11:17:35.595,1,NVIDIA GeForce RTX 4080,0,1,2,16376,45,35.77
2026/03/28 11:17:36.647,0,NVIDIA GeForce RTX 4090,95,75,9298,24564,54,384.14
2026/03/28 11:17:36.661,1,NVIDIA GeForce RTX 4080,0,1,2,16376,45,35.73
2026/03/28 11:17:37.711,0,NVIDIA GeForce RTX 4090,93,75,9298,24564,52,380.08
2026/03/28 11:17:37.724,1,NVIDIA GeForce RTX 4080,0,1,2,16376,45,35.82
2026/03/28 11:17:38.776,0,NVIDIA GeForce RTX 4090,94,75,9298,24564,52,383.32
2026/03/28 11:17:38.784,1,NVIDIA GeForce RTX 4080,0,1,2,16376,45,35.87
2026/03/28 11:17:39.834,0,NVIDIA GeForce RTX 4090,95,74,9298,24564,56,380.88
2026/03/28 11:17:39.843,1,NVIDIA GeForce RTX 4080,0,1,2,16376,45,35.81
2026/03/28 11:17:40.894,0,NVIDIA GeForce RTX 4090,93,74,9298,24564,53,381.58
2026/03/28 11:17:40.906,1,NVIDIA GeForce RTX 4080,0,1,2,16376,45,35.70
2026/03/28 11:17:41.957,0,NVIDIA GeForce RTX 4090,93,73,9298,24564,54,381.89
2026/03/28 11:17:41.968,1,NVIDIA GeForce RTX 4080,0,1,2,16376,45,35.44
2026/03/28 11:17:43.019,0,NVIDIA GeForce RTX 4090,0,0,9298,24564,46,135.37
2026/03/28 11:17:43.026,1,NVIDIA GeForce RTX 4080,0,1,2,16376,45,35.55
2026/03/28 11:17:44.075,0,NVIDIA GeForce RTX 4090,0,0,9298,24564,45,82.29
2026/03/28 11:17:44.081,1,NVIDIA GeForce RTX 4080,0,1,2,16376,45,35.54
2026/03/28 11:17:45.130,0,NVIDIA GeForce RTX 4090,0,0,9298,24564,45,77.83
2026/03/28 11:17:45.136,1,NVIDIA GeForce RTX 4080,0,1,2,16376,45,35.33
2026/03/28 11:17:46.186,0,NVIDIA GeForce RTX 4090,0,0,9298,24564,44,73.14
2026/03/28 11:17:46.192,1,NVIDIA GeForce RTX 4080,0,1,2,16376,45,35.13
2026/03/28 11:17:47.243,0,NVIDIA GeForce RTX 4090,0,0,9298,24564,44,72.64
2026/03/28 11:17:47.249,1,NVIDIA GeForce RTX 4080,0,1,2,16376,45,34.97
2026/03/28 11:17:48.301,0,NVIDIA GeForce RTX 4090,0,0,9298,24564,44,72.38
2026/03/28 11:17:48.308,1,NVIDIA GeForce RTX 4080,0,1,2,16376,45,35.02
2026/03/28 11:17:49.358,0,NVIDIA GeForce RTX 4090,0,0,9298,24564,44,72.18
2026/03/28 11:17:49.364,1,NVIDIA GeForce RTX 4080,0,1,2,16376,45,34.94
2026/03/28 11:17:50.414,0,NVIDIA GeForce RTX 4090,0,0,9298,24564,43,72.06
2026/03/28 11:17:50.420,1,NVIDIA GeForce RTX 4080,0,1,2,16376,45,34.94
2026/03/28 11:17:51.471,0,NVIDIA GeForce RTX 4090,0,0,9298,24564,43,71.80
2026/03/28 11:17:51.477,1,NVIDIA GeForce RTX 4080,0,1,2,16376,45,35.18
2026/03/28 11:17:52.527,0,NVIDIA GeForce RTX 4090,72,58,9298,24564,50,152.16
2026/03/28 11:17:52.542,1,NVIDIA GeForce RTX 4080,0,1,2,16376,45,35.08
2026/03/28 11:17:53.592,0,NVIDIA GeForce RTX 4090,74,59,9298,24564,49,305.31
2026/03/28 11:17:53.598,1,NVIDIA GeForce RTX 4080,0,1,2,16376,45,35.43
2026/03/28 11:17:54.648,0,NVIDIA GeForce RTX 4090,68,54,9298,24564,50,306.48
2026/03/28 11:17:54.660,1,NVIDIA GeForce RTX 4080,0,1,2,16376,45,36.04
2026/03/28 11:17:55.714,0,NVIDIA GeForce RTX 4090,74,60,9298,24564,51,298.05
2026/03/28 11:17:55.720,1,NVIDIA GeForce RTX 4080,0,1,2,16376,45,36.01
2026/03/28 11:17:56.771,0,NVIDIA GeForce RTX 4090,0,0,9298,24564,44,106.98
2026/03/28 11:17:56.777,1,NVIDIA GeForce RTX 4080,0,1,2,16376,45,35.92
2026/03/28 11:17:57.828,0,NVIDIA GeForce RTX 4090,0,0,9298,24564,44,80.04
2026/03/28 11:17:57.832,1,NVIDIA GeForce RTX 4080,0,1,2,16376,45,35.73
2026/03/28 11:17:58.883,0,NVIDIA GeForce RTX 4090,0,0,9298,24564,43,75.81
2026/03/28 11:17:58.887,1,NVIDIA GeForce RTX 4080,0,1,2,16376,45,35.35
2026/03/28 11:17:59.938,0,NVIDIA GeForce RTX 4090,0,0,9298,24564,43,71.89
2026/03/28 11:17:59.942,1,NVIDIA GeForce RTX 4080,0,1,2,16376,45,35.22
2026/03/28 11:18:00.993,0,NVIDIA GeForce RTX 4090,0,0,9298,24564,43,72.01
2026/03/28 11:18:00.997,1,NVIDIA GeForce RTX 4080,0,1,2,16376,45,35.31
2026/03/28 11:18:02.049,0,NVIDIA GeForce RTX 4090,0,0,9298,24564,42,71.81
2026/03/28 11:18:02.054,1,NVIDIA GeForce RTX 4080,0,1,2,16376,45,35.27
2026/03/28 11:18:03.105,0,NVIDIA GeForce RTX 4090,0,0,9298,24564,42,71.64
2026/03/28 11:18:03.109,1,NVIDIA GeForce RTX 4080,0,1,2,16376,45,35.22
2026/03/28 11:18:04.159,0,NVIDIA GeForce RTX 4090,66,54,9298,24564,48,103.91
2026/03/28 11:18:04.172,1,NVIDIA GeForce RTX 4080,0,1,2,16376,45,35.34
2026/03/28 11:18:05.222,0,NVIDIA GeForce RTX 4090,71,56,9298,24564,48,307.86
2026/03/28 11:18:05.231,1,NVIDIA GeForce RTX 4080,0,1,2,16376,45,35.79
2026/03/28 11:18:06.281,0,NVIDIA GeForce RTX 4090,79,62,9298,24564,50,319.64
2026/03/28 11:18:06.289,1,NVIDIA GeForce RTX 4080,0,1,2,16376,45,36.01
2026/03/28 11:18:07.343,0,NVIDIA GeForce RTX 4090,81,64,9298,24564,50,324.81
2026/03/28 11:18:07.349,1,NVIDIA GeForce RTX 4080,0,1,2,16376,45,35.99
2026/03/28 11:18:08.402,0,NVIDIA GeForce RTX 4090,0,0,9298,24564,44,157.99
2026/03/28 11:18:08.408,1,NVIDIA GeForce RTX 4080,0,1,2,16376,45,35.99
2026/03/28 11:18:09.460,0,NVIDIA GeForce RTX 4090,0,0,9298,24564,51,95.49
2026/03/28 11:18:09.470,1,NVIDIA GeForce RTX 4080,0,1,2,16376,45,35.48
2026/03/28 11:18:10.522,0,NVIDIA GeForce RTX 4090,92,73,9298,24564,55,380.80
2026/03/28 11:18:10.533,1,NVIDIA GeForce RTX 4080,0,1,2,16376,45,35.26
2026/03/28 11:18:11.586,0,NVIDIA GeForce RTX 4090,93,74,9298,24564,51,378.27
2026/03/28 11:18:11.649,1,NVIDIA GeForce RTX 4080,0,1,2,16376,45,35.48
2026/03/28 11:18:12.701,0,NVIDIA GeForce RTX 4090,94,74,9298,24564,54,383.27
2026/03/28 11:18:12.711,1,NVIDIA GeForce RTX 4080,0,1,2,16376,45,35.57
2026/03/28 11:18:13.761,0,NVIDIA GeForce RTX 4090,93,73,9298,24564,54,380.01
2026/03/28 11:18:13.770,1,NVIDIA GeForce RTX 4080,0,1,2,16376,45,35.63
2026/03/28 11:18:14.820,0,NVIDIA GeForce RTX 4090,93,74,9298,24564,52,383.95
2026/03/28 11:18:14.832,1,NVIDIA GeForce RTX 4080,0,1,2,16376,45,35.76
2026/03/28 11:18:15.883,0,NVIDIA GeForce RTX 4090,94,75,9298,24564,54,380.22
2026/03/28 11:18:15.891,1,NVIDIA GeForce RTX 4080,0,1,2,16376,45,35.75
2026/03/28 11:18:16.942,0,NVIDIA GeForce RTX 4090,94,72,9298,24564,55,381.45
2026/03/28 11:18:16.950,1,NVIDIA GeForce RTX 4080,0,1,2,16376,45,35.48
2026/03/28 11:18:17.999,0,NVIDIA GeForce RTX 4090,95,75,9298,24564,52,382.91
2026/03/28 11:18:18.010,1,NVIDIA GeForce RTX 4080,0,1,2,16376,45,35.46
2026/03/28 11:18:19.062,0,NVIDIA GeForce RTX 4090,92,73,9298,24564,54,382.49
2026/03/28 11:18:19.071,1,NVIDIA GeForce RTX 4080,0,1,2,16376,45,35.54
2026/03/28 11:18:20.124,0,NVIDIA GeForce RTX 4090,94,75,9298,24564,55,381.66
2026/03/28 11:18:20.131,1,NVIDIA GeForce RTX 4080,0,1,2,16376,45,35.34
2026/03/28 11:18:21.180,0,NVIDIA GeForce RTX 4090,94,73,9298,24564,54,380.43
2026/03/28 11:18:21.190,1,NVIDIA GeForce RTX 4080,0,1,2,16376,45,35.24
2026/03/28 11:18:22.241,0,NVIDIA GeForce RTX 4090,89,71,9298,24564,48,352.94
2026/03/28 11:18:22.282,1,NVIDIA GeForce RTX 4080,0,1,2,16376,45,35.35
2026/03/28 11:18:23.328,0,NVIDIA GeForce RTX 4090,0,0,9298,24564,46,136.30
2026/03/28 11:18:23.332,1,NVIDIA GeForce RTX 4080,0,1,2,16376,45,34.94
2026/03/28 11:18:24.381,0,NVIDIA GeForce RTX 4090,0,0,9298,24564,45,81.63
2026/03/28 11:18:24.386,1,NVIDIA GeForce RTX 4080,0,1,2,16376,45,34.46
2026/03/28 11:18:25.435,0,NVIDIA GeForce RTX 4090,0,0,9298,24564,44,77.21
2026/03/28 11:18:25.439,1,NVIDIA GeForce RTX 4080,0,1,2,16376,45,34.56
2026/03/28 11:18:26.488,0,NVIDIA GeForce RTX 4090,0,0,9298,24564,44,72.82
2026/03/28 11:18:26.493,1,NVIDIA GeForce RTX 4080,0,1,2,16376,45,34.76
2026/03/28 11:18:27.543,0,NVIDIA GeForce RTX 4090,0,0,9298,24564,44,72.73
2026/03/28 11:18:27.548,1,NVIDIA GeForce RTX 4080,0,1,2,16376,45,34.81
2026/03/28 11:18:28.599,0,NVIDIA GeForce RTX 4090,0,0,9298,24564,44,77.49
2026/03/28 11:18:28.604,1,NVIDIA GeForce RTX 4080,0,1,2,16376,45,34.51
2026/03/28 11:18:29.654,0,NVIDIA GeForce RTX 4090,0,0,9298,24564,43,79.42
2026/03/28 11:18:29.659,1,NVIDIA GeForce RTX 4080,0,1,2,16376,45,34.37
2026/03/28 11:18:30.710,0,NVIDIA GeForce RTX 4090,0,0,9298,24564,43,72.75
2026/03/28 11:18:30.715,1,NVIDIA GeForce RTX 4080,0,1,2,16376,45,34.58
2026/03/28 11:18:31.766,0,NVIDIA GeForce RTX 4090,14,11,9298,24564,43,83.03
2026/03/28 11:18:31.771,1,NVIDIA GeForce RTX 4080,0,1,2,16376,45,34.82
2026/03/28 11:18:32.823,0,NVIDIA GeForce RTX 4090,78,61,9298,24564,48,137.31
2026/03/28 11:18:32.828,1,NVIDIA GeForce RTX 4080,0,1,2,16376,45,34.68
2026/03/28 11:18:33.881,0,NVIDIA GeForce RTX 4090,75,58,9298,24564,53,313.00
2026/03/28 11:18:33.887,1,NVIDIA GeForce RTX 4080,0,1,2,16376,45,34.61
2026/03/28 11:18:34.936,0,NVIDIA GeForce RTX 4090,62,49,9298,24564,49,307.76
2026/03/28 11:18:34.943,1,NVIDIA GeForce RTX 4080,0,1,2,16376,45,35.42
2026/03/28 11:18:35.994,0,NVIDIA GeForce RTX 4090,75,58,9298,24564,47,310.10
2026/03/28 11:18:36.000,1,NVIDIA GeForce RTX 4080,0,1,2,16376,45,35.56
2026/03/28 11:18:37.051,0,NVIDIA GeForce RTX 4090,0,0,9298,24564,44,121.02
2026/03/28 11:18:37.055,1,NVIDIA GeForce RTX 4080,0,1,2,16376,45,35.51
2026/03/28 11:18:38.106,0,NVIDIA GeForce RTX 4090,0,0,9298,24564,43,80.76
2026/03/28 11:18:38.110,1,NVIDIA GeForce RTX 4080,0,1,2,16376,45,35.21
2026/03/28 11:18:39.160,0,NVIDIA GeForce RTX 4090,0,0,9298,24564,43,76.14
2026/03/28 11:18:39.165,1,NVIDIA GeForce RTX 4080,0,1,2,16376,45,35.16
2026/03/28 11:18:40.215,0,NVIDIA GeForce RTX 4090,0,0,9298,24564,43,71.92
2026/03/28 11:18:40.219,1,NVIDIA GeForce RTX 4080,0,1,2,16376,45,34.85
2026/03/28 11:18:41.270,0,NVIDIA GeForce RTX 4090,0,0,9298,24564,43,72.19
2026/03/28 11:18:41.274,1,NVIDIA GeForce RTX 4080,0,1,2,16376,45,34.87
2026/03/28 11:18:42.326,0,NVIDIA GeForce RTX 4090,0,0,9298,24564,42,72.36
2026/03/28 11:18:42.330,1,NVIDIA GeForce RTX 4080,0,1,2,16376,45,35.13
2026/03/28 11:18:43.382,0,NVIDIA GeForce RTX 4090,0,0,9298,24564,42,72.46
2026/03/28 11:18:43.387,1,NVIDIA GeForce RTX 4080,0,1,2,16376,45,35.29
2026/03/28 11:18:44.437,0,NVIDIA GeForce RTX 4090,81,65,9298,24564,48,129.78
2026/03/28 11:18:44.446,1,NVIDIA GeForce RTX 4080,0,1,2,16376,45,35.29
2026/03/28 11:18:45.496,0,NVIDIA GeForce RTX 4090,73,58,9298,24564,49,318.92
2026/03/28 11:18:45.505,1,NVIDIA GeForce RTX 4080,0,1,2,16376,45,35.59
2026/03/28 11:18:46.558,0,NVIDIA GeForce RTX 4090,76,59,9298,24564,53,316.01
2026/03/28 11:18:46.564,1,NVIDIA GeForce RTX 4080,0,1,2,16376,45,35.87
2026/03/28 11:18:47.617,0,NVIDIA GeForce RTX 4090,75,59,9298,24564,51,308.94
2026/03/28 11:18:47.625,1,NVIDIA GeForce RTX 4080,0,1,2,16376,45,35.71
2026/03/28 11:18:48.675,0,NVIDIA GeForce RTX 4090,0,0,9298,24564,44,163.97
2026/03/28 11:18:48.680,1,NVIDIA GeForce RTX 4080,0,1,2,16376,45,35.66
2026/03/28 11:18:49.730,0,NVIDIA GeForce RTX 4090,33,26,9298,24564,51,100.39
2026/03/28 11:18:49.774,1,NVIDIA GeForce RTX 4080,0,1,2,16376,45,35.25
2026/03/28 11:18:50.823,0,NVIDIA GeForce RTX 4090,94,75,9298,24564,50,375.64
2026/03/28 11:18:50.832,1,NVIDIA GeForce RTX 4080,0,1,2,16376,45,34.98
2026/03/28 11:18:51.883,0,NVIDIA GeForce RTX 4090,94,75,9298,24564,51,385.23
2026/03/28 11:18:51.898,1,NVIDIA GeForce RTX 4080,0,1,2,16376,45,35.25
2026/03/28 11:18:52.951,0,NVIDIA GeForce RTX 4090,94,74,9298,24564,54,384.48
2026/03/28 11:18:52.995,1,NVIDIA GeForce RTX 4080,0,1,2,16376,45,35.31
2026/03/28 11:18:54.047,0,NVIDIA GeForce RTX 4090,95,75,9298,24564,54,383.70
2026/03/28 11:18:54.059,1,NVIDIA GeForce RTX 4080,0,1,2,16376,45,35.30
2026/03/28 11:18:55.109,0,NVIDIA GeForce RTX 4090,94,76,9298,24564,55,383.84
2026/03/28 11:18:55.174,1,NVIDIA GeForce RTX 4080,0,1,2,16376,45,35.42
2026/03/28 11:18:56.226,0,NVIDIA GeForce RTX 4090,94,76,9298,24564,56,386.28
2026/03/28 11:18:56.235,1,NVIDIA GeForce RTX 4080,0,1,2,16376,45,35.31
2026/03/28 11:18:57.289,0,NVIDIA GeForce RTX 4090,95,74,9298,24564,55,383.13
2026/03/28 11:18:57.297,1,NVIDIA GeForce RTX 4080,0,1,2,16376,45,35.12
2026/03/28 11:18:58.348,0,NVIDIA GeForce RTX 4090,94,73,9298,24564,57,382.62
2026/03/28 11:18:58.356,1,NVIDIA GeForce RTX 4080,0,1,2,16376,45,35.18
2026/03/28 11:18:59.408,0,NVIDIA GeForce RTX 4090,95,74,9298,24564,55,385.67
2026/03/28 11:18:59.417,1,NVIDIA GeForce RTX 4080,0,1,2,16376,45,35.26
2026/03/28 11:19:00.468,0,NVIDIA GeForce RTX 4090,93,74,9298,24564,53,384.11
2026/03/28 11:19:00.478,1,NVIDIA GeForce RTX 4080,0,1,2,16376,45,35.25
2026/03/28 11:19:01.531,0,NVIDIA GeForce RTX 4090,93,74,9298,24564,53,381.22
2026/03/28 11:19:01.541,1,NVIDIA GeForce RTX 4080,0,1,2,16376,45,35.36
2026/03/28 11:19:02.592,0,NVIDIA GeForce RTX 4090,0,0,9298,24564,47,267.68
2026/03/28 11:19:02.598,1,NVIDIA GeForce RTX 4080,0,1,2,16376,45,35.50
2026/03/28 11:19:03.648,0,NVIDIA GeForce RTX 4090,0,0,9298,24564,46,131.85
2026/03/28 11:19:03.653,1,NVIDIA GeForce RTX 4080,0,1,2,16376,45,35.38
2026/03/28 11:19:04.703,0,NVIDIA GeForce RTX 4090,0,0,9298,24564,45,81.39
2026/03/28 11:19:04.708,1,NVIDIA GeForce RTX 4080,0,1,2,16376,45,35.22
2026/03/28 11:19:05.760,0,NVIDIA GeForce RTX 4090,0,0,9298,24564,44,76.97
2026/03/28 11:19:05.765,1,NVIDIA GeForce RTX 4080,0,1,2,16376,45,35.30
2026/03/28 11:19:06.815,0,NVIDIA GeForce RTX 4090,0,0,9298,24564,44,72.88
2026/03/28 11:19:06.820,1,NVIDIA GeForce RTX 4080,0,1,2,16376,45,35.41
2026/03/28 11:19:07.870,0,NVIDIA GeForce RTX 4090,0,0,9298,24564,44,72.26
2026/03/28 11:19:07.875,1,NVIDIA GeForce RTX 4080,0,1,2,16376,45,35.29
2026/03/28 11:19:08.926,0,NVIDIA GeForce RTX 4090,0,0,9298,24564,44,71.75
2026/03/28 11:19:08.931,1,NVIDIA GeForce RTX 4080,0,1,2,16376,45,35.09
2026/03/28 11:19:09.982,0,NVIDIA GeForce RTX 4090,0,0,9298,24564,43,71.93
2026/03/28 11:19:09.987,1,NVIDIA GeForce RTX 4080,0,1,2,16376,45,35.05
2026/03/28 11:19:11.038,0,NVIDIA GeForce RTX 4090,0,0,9298,24564,43,71.87
2026/03/28 11:19:11.043,1,NVIDIA GeForce RTX 4080,0,1,2,16376,45,35.11
2026/03/28 11:19:12.096,0,NVIDIA GeForce RTX 4090,59,47,9298,24564,51,100.52
2026/03/28 11:19:12.102,1,NVIDIA GeForce RTX 4080,0,1,2,16376,45,35.20
2026/03/28 11:19:13.154,0,NVIDIA GeForce RTX 4090,76,60,9298,24564,49,321.36
2026/03/28 11:19:13.160,1,NVIDIA GeForce RTX 4080,0,1,2,16376,45,35.67
2026/03/28 11:19:14.211,0,NVIDIA GeForce RTX 4090,76,59,9298,24564,50,311.98
2026/03/28 11:19:14.219,1,NVIDIA GeForce RTX 4080,0,1,2,16376,45,36.12
2026/03/28 11:19:15.269,0,NVIDIA GeForce RTX 4090,58,45,9298,24564,47,309.42
2026/03/28 11:19:15.275,1,NVIDIA GeForce RTX 4080,0,1,2,16376,45,36.17
2026/03/28 11:19:16.327,0,NVIDIA GeForce RTX 4090,0,0,9298,24564,44,136.60
2026/03/28 11:19:16.332,1,NVIDIA GeForce RTX 4080,0,1,2,16376,45,35.94
2026/03/28 11:19:17.385,0,NVIDIA GeForce RTX 4090,0,0,9298,24564,44,81.44
2026/03/28 11:19:17.390,1,NVIDIA GeForce RTX 4080,0,1,2,16376,45,35.57
2026/03/28 11:19:18.441,0,NVIDIA GeForce RTX 4090,0,0,9298,24564,43,76.75
2026/03/28 11:19:18.446,1,NVIDIA GeForce RTX 4080,0,1,2,16376,45,35.32
2026/03/28 11:19:19.497,0,NVIDIA GeForce RTX 4090,0,0,9298,24564,43,72.20
2026/03/28 11:19:19.502,1,NVIDIA GeForce RTX 4080,0,1,2,16376,45,35.32
2026/03/28 11:19:20.554,0,NVIDIA GeForce RTX 4090,0,0,9298,24564,43,72.03
2026/03/28 11:19:20.559,1,NVIDIA GeForce RTX 4080,0,1,2,16376,45,35.41
2026/03/28 11:19:21.610,0,NVIDIA GeForce RTX 4090,0,0,9298,24564,43,71.89
2026/03/28 11:19:21.616,1,NVIDIA GeForce RTX 4080,0,1,2,16376,45,35.33
2026/03/28 11:19:22.666,0,NVIDIA GeForce RTX 4090,0,0,9298,24564,42,71.74
2026/03/28 11:19:22.672,1,NVIDIA GeForce RTX 4080,0,1,2,16376,45,35.14
2026/03/28 11:19:23.722,0,NVIDIA GeForce RTX 4090,56,45,9298,24564,48,95.32
2026/03/28 11:19:23.732,1,NVIDIA GeForce RTX 4080,0,1,2,16376,45,35.03
2026/03/28 11:19:24.781,0,NVIDIA GeForce RTX 4090,76,59,9298,24564,52,323.27
2026/03/28 11:19:24.788,1,NVIDIA GeForce RTX 4080,0,1,2,16376,45,35.20
2026/03/28 11:19:25.841,0,NVIDIA GeForce RTX 4090,74,57,9298,24564,50,312.80
2026/03/28 11:19:25.851,1,NVIDIA GeForce RTX 4080,0,1,2,16376,45,35.50
2026/03/28 11:19:26.901,0,NVIDIA GeForce RTX 4090,77,60,9298,24564,52,320.69
2026/03/28 11:19:26.911,1,NVIDIA GeForce RTX 4080,0,1,2,16376,45,35.36
2026/03/28 11:19:27.960,0,NVIDIA GeForce RTX 4090,0,0,9298,24564,44,196.22
2026/03/28 11:19:27.965,1,NVIDIA GeForce RTX 4080,0,1,2,16376,45,35.49
2026/03/28 11:19:29.016,0,NVIDIA GeForce RTX 4090,0,0,9298,24564,43,114.57
2026/03/28 11:19:29.021,1,NVIDIA GeForce RTX 4080,0,1,2,16376,45,35.20
2026/03/28 11:19:30.072,0,NVIDIA GeForce RTX 4090,94,75,9298,24564,51,380.13
2026/03/28 11:19:30.087,1,NVIDIA GeForce RTX 4080,0,1,2,16376,45,35.35
2026/03/28 11:19:31.136,0,NVIDIA GeForce RTX 4090,94,73,9298,24564,54,379.17
2026/03/28 11:19:31.146,1,NVIDIA GeForce RTX 4080,0,1,2,16376,45,35.67
2026/03/28 11:19:32.198,0,NVIDIA GeForce RTX 4090,94,75,9298,24564,52,382.77
2026/03/28 11:19:32.209,1,NVIDIA GeForce RTX 4080,0,1,2,16376,45,35.70
2026/03/28 11:19:33.263,0,NVIDIA GeForce RTX 4090,93,74,9298,24564,52,382.29
2026/03/28 11:19:33.271,1,NVIDIA GeForce RTX 4080,0,1,2,16376,45,35.69
2026/03/28 11:19:34.322,0,NVIDIA GeForce RTX 4090,96,76,9298,24564,56,385.39
2026/03/28 11:19:34.328,1,NVIDIA GeForce RTX 4080,0,1,2,16376,45,35.55
2026/03/28 11:19:35.381,0,NVIDIA GeForce RTX 4090,95,75,9298,24564,52,380.17
2026/03/28 11:19:35.391,1,NVIDIA GeForce RTX 4080,0,1,2,16376,45,35.47
2026/03/28 11:19:36.443,0,NVIDIA GeForce RTX 4090,93,75,9298,24564,55,385.09
2026/03/28 11:19:36.453,1,NVIDIA GeForce RTX 4080,0,1,2,16376,45,35.56
2026/03/28 11:19:37.505,0,NVIDIA GeForce RTX 4090,95,76,9298,24564,56,382.10
2026/03/28 11:19:37.512,1,NVIDIA GeForce RTX 4080,0,1,2,16376,45,35.72
2026/03/28 11:19:38.563,0,NVIDIA GeForce RTX 4090,95,74,9298,24564,53,385.55
2026/03/28 11:19:38.575,1,NVIDIA GeForce RTX 4080,0,1,2,16376,45,35.82
2026/03/28 11:19:39.626,0,NVIDIA GeForce RTX 4090,96,74,9298,24564,55,387.39
2026/03/28 11:19:39.689,1,NVIDIA GeForce RTX 4080,0,1,2,16376,45,35.86
2026/03/28 11:19:40.738,0,NVIDIA GeForce RTX 4090,95,74,9298,24564,57,384.79
2026/03/28 11:19:40.746,1,NVIDIA GeForce RTX 4080,0,1,2,16376,45,35.96
2026/03/28 11:19:41.798,0,NVIDIA GeForce RTX 4090,95,76,9298,24564,49,386.52
2026/03/28 11:19:41.838,1,NVIDIA GeForce RTX 4080,0,1,2,16376,45,35.85
2026/03/28 11:19:42.886,0,NVIDIA GeForce RTX 4090,0,0,9298,24564,46,116.23
2026/03/28 11:19:42.891,1,NVIDIA GeForce RTX 4080,0,1,2,16376,45,35.57
2026/03/28 11:19:43.943,0,NVIDIA GeForce RTX 4090,0,0,9298,24564,45,81.91
2026/03/28 11:19:43.949,1,NVIDIA GeForce RTX 4080,0,1,2,16376,45,35.14
2026/03/28 11:19:45.001,0,NVIDIA GeForce RTX 4090,0,0,9298,24564,45,77.16
2026/03/28 11:19:45.007,1,NVIDIA GeForce RTX 4080,0,1,2,16376,45,35.32
2026/03/28 11:19:46.058,0,NVIDIA GeForce RTX 4090,0,0,9298,24564,44,72.39
2026/03/28 11:19:46.063,1,NVIDIA GeForce RTX 4080,0,1,2,16376,45,35.35
2026/03/28 11:19:47.111,0,NVIDIA GeForce RTX 4090,0,0,9298,24564,44,72.25
2026/03/28 11:19:47.117,1,NVIDIA GeForce RTX 4080,0,1,2,16376,45,35.42
2026/03/28 11:19:48.166,0,NVIDIA GeForce RTX 4090,0,0,9298,24564,44,72.13
2026/03/28 11:19:48.172,1,NVIDIA GeForce RTX 4080,0,1,2,16376,45,35.31
2026/03/28 11:19:49.221,0,NVIDIA GeForce RTX 4090,0,0,9298,24564,44,72.03
2026/03/28 11:19:49.227,1,NVIDIA GeForce RTX 4080,0,1,2,16376,45,35.28
2026/03/28 11:19:50.277,0,NVIDIA GeForce RTX 4090,0,0,9298,24564,43,71.99
2026/03/28 11:19:50.283,1,NVIDIA GeForce RTX 4080,0,1,2,16376,45,35.28
2026/03/28 11:19:51.334,0,NVIDIA GeForce RTX 4090,0,0,9298,24564,43,71.95
2026/03/28 11:19:51.340,1,NVIDIA GeForce RTX 4080,0,1,2,16376,45,35.40
2026/03/28 11:19:52.391,0,NVIDIA GeForce RTX 4090,0,0,9298,24564,43,71.91
2026/03/28 11:19:52.397,1,NVIDIA GeForce RTX 4080,0,1,2,16376,45,35.24
2026/03/28 11:19:53.447,0,NVIDIA GeForce RTX 4090,0,0,9298,24564,43,71.91
2026/03/28 11:19:53.453,1,NVIDIA GeForce RTX 4080,0,1,2,16376,45,35.18
2026/03/28 11:19:54.504,0,NVIDIA GeForce RTX 4090,0,0,9298,24564,43,71.90
2026/03/28 11:19:54.509,1,NVIDIA GeForce RTX 4080,0,1,2,16376,45,35.38
2026/03/28 11:19:55.560,0,NVIDIA GeForce RTX 4090,0,0,9298,24564,43,71.71
2026/03/28 11:19:55.566,1,NVIDIA GeForce RTX 4080,0,1,2,16376,45,35.34
2026/03/28 11:19:56.617,0,NVIDIA GeForce RTX 4090,80,63,9298,24564,48,151.73
2026/03/28 11:19:56.627,1,NVIDIA GeForce RTX 4080,0,1,2,16376,45,35.42
2026/03/28 11:19:57.678,0,NVIDIA GeForce RTX 4090,70,56,9298,24564,51,315.86
2026/03/28 11:19:57.685,1,NVIDIA GeForce RTX 4080,0,1,2,16376,45,36.11
2026/03/28 11:19:58.739,0,NVIDIA GeForce RTX 4090,68,54,9298,24564,52,310.63
2026/03/28 11:19:58.747,1,NVIDIA GeForce RTX 4080,0,1,2,16376,45,36.49
2026/03/28 11:19:59.797,0,NVIDIA GeForce RTX 4090,40,31,9298,24564,45,268.70
2026/03/28 11:19:59.803,1,NVIDIA GeForce RTX 4080,0,1,2,16376,45,36.17
2026/03/28 11:20:00.854,0,NVIDIA GeForce RTX 4090,0,0,9298,24564,44,105.64
2026/03/28 11:20:00.859,1,NVIDIA GeForce RTX 4080,0,1,2,16376,45,35.82
2026/03/28 11:20:01.909,0,NVIDIA GeForce RTX 4090,0,0,9298,24564,43,79.15
2026/03/28 11:20:01.915,1,NVIDIA GeForce RTX 4080,0,1,2,16376,45,35.00
2026/03/28 11:20:02.965,0,NVIDIA GeForce RTX 4090,0,0,9298,24564,43,74.97
2026/03/28 11:20:02.971,1,NVIDIA GeForce RTX 4080,0,1,2,16376,45,35.10
2026/03/28 11:20:04.021,0,NVIDIA GeForce RTX 4090,0,0,9298,24564,42,71.31
2026/03/28 11:20:04.026,1,NVIDIA GeForce RTX 4080,0,1,2,16376,45,35.26
2026/03/28 11:20:05.076,0,NVIDIA GeForce RTX 4090,0,0,9298,24564,42,71.48
2026/03/28 11:20:05.082,1,NVIDIA GeForce RTX 4080,0,1,2,16376,45,35.28
2026/03/28 11:20:06.132,0,NVIDIA GeForce RTX 4090,0,0,9298,24564,42,71.44
2026/03/28 11:20:06.138,1,NVIDIA GeForce RTX 4080,0,1,2,16376,45,35.05
2026/03/28 11:20:07.189,0,NVIDIA GeForce RTX 4090,0,0,9298,24564,42,71.41
2026/03/28 11:20:07.195,1,NVIDIA GeForce RTX 4080,0,1,2,16376,45,35.09
2026/03/28 11:20:08.245,0,NVIDIA GeForce RTX 4090,0,0,9298,24564,43,71.72
2026/03/28 11:20:08.257,1,NVIDIA GeForce RTX 4080,0,1,2,16376,45,35.19
2026/03/28 11:20:09.309,0,NVIDIA GeForce RTX 4090,79,61,9298,24564,49,320.76
2026/03/28 11:20:09.321,1,NVIDIA GeForce RTX 4080,0,1,2,16376,45,35.42
2026/03/28 11:20:10.371,0,NVIDIA GeForce RTX 4090,72,57,9298,24564,48,318.48
2026/03/28 11:20:10.381,1,NVIDIA GeForce RTX 4080,0,1,2,16376,45,36.03
2026/03/28 11:20:11.433,0,NVIDIA GeForce RTX 4090,80,65,9298,24564,50,318.29
2026/03/28 11:20:11.440,1,NVIDIA GeForce RTX 4080,0,1,2,16376,45,36.43
2026/03/28 11:20:12.491,0,NVIDIA GeForce RTX 4090,0,0,9298,24564,44,218.96
2026/03/28 11:20:12.497,1,NVIDIA GeForce RTX 4080,0,1,2,16376,45,36.41
2026/03/28 11:20:13.547,0,NVIDIA GeForce RTX 4090,0,0,9298,24564,43,115.53
2026/03/28 11:20:13.553,1,NVIDIA GeForce RTX 4080,0,1,2,16376,45,35.88
2026/03/28 11:20:14.605,0,NVIDIA GeForce RTX 4090,94,75,9298,24564,50,252.56
2026/03/28 11:20:14.617,1,NVIDIA GeForce RTX 4080,0,1,2,16376,45,35.55
2026/03/28 11:20:15.669,0,NVIDIA GeForce RTX 4090,95,76,9298,24564,51,383.27
2026/03/28 11:20:15.678,1,NVIDIA GeForce RTX 4080,0,1,2,16376,45,35.90
2026/03/28 11:20:16.731,0,NVIDIA GeForce RTX 4090,95,73,9298,24564,53,382.42
2026/03/28 11:20:16.742,1,NVIDIA GeForce RTX 4080,0,1,2,16376,45,36.25
2026/03/28 11:20:17.794,0,NVIDIA GeForce RTX 4090,95,76,9298,24564,55,385.70
2026/03/28 11:20:17.803,1,NVIDIA GeForce RTX 4080,0,1,2,16376,45,36.32
2026/03/28 11:20:18.856,0,NVIDIA GeForce RTX 4090,95,76,9298,24564,53,380.60
2026/03/28 11:20:18.869,1,NVIDIA GeForce RTX 4080,0,1,2,16376,45,36.37
2026/03/28 11:20:19.918,0,NVIDIA GeForce RTX 4090,94,74,9298,24564,51,382.88
2026/03/28 11:20:19.933,1,NVIDIA GeForce RTX 4080,0,1,2,16376,45,36.36
2026/03/28 11:20:20.985,0,NVIDIA GeForce RTX 4090,95,75,9298,24564,54,380.09
2026/03/28 11:20:20.996,1,NVIDIA GeForce RTX 4080,0,1,2,16376,45,36.43
2026/03/28 11:20:22.048,0,NVIDIA GeForce RTX 4090,95,73,9298,24564,56,382.47
2026/03/28 11:20:22.056,1,NVIDIA GeForce RTX 4080,0,1,2,16376,45,36.49
2026/03/28 11:20:23.106,0,NVIDIA GeForce RTX 4090,94,73,9298,24564,54,382.86
2026/03/28 11:20:23.117,1,NVIDIA GeForce RTX 4080,0,1,2,16376,45,36.46
2026/03/28 11:20:24.169,0,NVIDIA GeForce RTX 4090,94,75,9298,24564,52,386.57
2026/03/28 11:20:24.178,1,NVIDIA GeForce RTX 4080,0,1,2,16376,45,36.16
2026/03/28 11:20:25.229,0,NVIDIA GeForce RTX 4090,94,75,9298,24564,55,383.79
2026/03/28 11:20:25.240,1,NVIDIA GeForce RTX 4080,0,1,2,16376,45,35.99
2026/03/28 11:20:26.293,0,NVIDIA GeForce RTX 4090,95,75,9298,24564,56,382.33
2026/03/28 11:20:26.303,1,NVIDIA GeForce RTX 4080,0,1,2,16376,45,36.14
2026/03/28 11:20:27.352,0,NVIDIA GeForce RTX 4090,0,0,9298,24564,46,134.43
2026/03/28 11:20:27.358,1,NVIDIA GeForce RTX 4080,0,1,2,16376,45,36.21
2026/03/28 11:20:28.407,0,NVIDIA GeForce RTX 4090,0,0,9298,24564,45,81.65
2026/03/28 11:20:28.413,1,NVIDIA GeForce RTX 4080,0,1,2,16376,45,36.00
2026/03/28 11:20:29.463,0,NVIDIA GeForce RTX 4090,0,0,9298,24564,45,77.31
2026/03/28 11:20:29.469,1,NVIDIA GeForce RTX 4080,0,1,2,16376,45,35.88
2026/03/28 11:20:30.517,0,NVIDIA GeForce RTX 4090,0,0,9298,24564,44,72.82
2026/03/28 11:20:30.523,1,NVIDIA GeForce RTX 4080,0,1,2,16376,45,35.90
2026/03/28 11:20:31.570,0,NVIDIA GeForce RTX 4090,0,0,9298,24564,44,72.35
2026/03/28 11:20:31.577,1,NVIDIA GeForce RTX 4080,0,1,2,16376,45,35.82
2026/03/28 11:20:32.626,0,NVIDIA GeForce RTX 4090,0,0,9298,24564,44,72.23
2026/03/28 11:20:32.632,1,NVIDIA GeForce RTX 4080,0,1,2,16376,45,35.81
2026/03/28 11:20:33.683,0,NVIDIA GeForce RTX 4090,0,0,9298,24564,43,72.13
2026/03/28 11:20:33.689,1,NVIDIA GeForce RTX 4080,0,1,2,16376,45,35.74
2026/03/28 11:20:34.740,0,NVIDIA GeForce RTX 4090,0,0,9298,24564,43,72.22
2026/03/28 11:20:34.747,1,NVIDIA GeForce RTX 4080,0,1,2,16376,45,35.58
2026/03/28 11:20:35.798,0,NVIDIA GeForce RTX 4090,13,10,9298,24564,43,77.47
2026/03/28 11:20:35.806,1,NVIDIA GeForce RTX 4080,0,1,2,16376,45,35.58
2026/03/28 11:20:36.855,0,NVIDIA GeForce RTX 4090,0,0,9298,24564,43,79.42
2026/03/28 11:20:36.867,1,NVIDIA GeForce RTX 4080,0,1,2,16376,45,35.77
2026/03/28 11:20:37.917,0,NVIDIA GeForce RTX 4090,74,57,9298,24564,49,141.07
2026/03/28 11:20:37.926,1,NVIDIA GeForce RTX 4080,0,1,2,16376,45,35.75
2026/03/28 11:20:38.977,0,NVIDIA GeForce RTX 4090,76,60,9298,24564,50,324.32
2026/03/28 11:20:38.984,1,NVIDIA GeForce RTX 4080,0,1,2,16376,45,36.17
2026/03/28 11:20:40.023,0,NVIDIA GeForce RTX 4090,69,55,9298,24564,49,318.00
2026/03/28 11:20:40.029,1,NVIDIA GeForce RTX 4080,0,1,2,16376,45,36.43
2026/03/28 11:20:41.080,0,NVIDIA GeForce RTX 4090,51,40,9298,24564,46,302.69
2026/03/28 11:20:41.119,1,NVIDIA GeForce RTX 4080,0,1,2,16376,45,36.33
2026/03/28 11:20:42.169,0,NVIDIA GeForce RTX 4090,0,0,9298,24564,44,113.48
2026/03/28 11:20:42.173,1,NVIDIA GeForce RTX 4080,0,1,2,16376,45,35.81
2026/03/28 11:20:43.223,0,NVIDIA GeForce RTX 4090,0,0,9298,24564,43,81.22
2026/03/28 11:20:43.227,1,NVIDIA GeForce RTX 4080,0,1,2,16376,45,35.20
2026/03/28 11:20:44.278,0,NVIDIA GeForce RTX 4090,0,0,9298,24564,43,76.30
2026/03/28 11:20:44.282,1,NVIDIA GeForce RTX 4080,0,1,2,16376,45,35.32
2026/03/28 11:20:45.333,0,NVIDIA GeForce RTX 4090,0,0,9298,24564,43,71.39
2026/03/28 11:20:45.337,1,NVIDIA GeForce RTX 4080,0,1,2,16376,45,35.44
2026/03/28 11:20:46.388,0,NVIDIA GeForce RTX 4090,0,0,9298,24564,42,71.41
2026/03/28 11:20:46.392,1,NVIDIA GeForce RTX 4080,0,1,2,16376,45,35.26
2026/03/28 11:20:47.444,0,NVIDIA GeForce RTX 4090,0,0,9298,24564,42,71.52
2026/03/28 11:20:47.448,1,NVIDIA GeForce RTX 4080,0,1,2,16376,45,35.25
2026/03/28 11:20:48.490,0,NVIDIA GeForce RTX 4090,0,0,9298,24564,42,71.42
2026/03/28 11:20:48.494,1,NVIDIA GeForce RTX 4080,0,1,2,16376,45,35.35
2026/03/28 11:20:49.544,0,NVIDIA GeForce RTX 4090,79,64,9298,24564,48,144.39
2026/03/28 11:20:49.553,1,NVIDIA GeForce RTX 4080,0,1,2,16376,45,35.43
2026/03/28 11:20:50.605,0,NVIDIA GeForce RTX 4090,82,64,9298,24564,50,326.37
2026/03/28 11:20:50.613,1,NVIDIA GeForce RTX 4080,0,1,2,16376,45,35.72
2026/03/28 11:20:51.664,0,NVIDIA GeForce RTX 4090,74,58,9298,24564,50,312.93
2026/03/28 11:20:51.672,1,NVIDIA GeForce RTX 4080,0,1,2,16376,45,36.25
2026/03/28 11:20:52.724,0,NVIDIA GeForce RTX 4090,74,59,9298,24564,50,311.58
2026/03/28 11:20:52.733,1,NVIDIA GeForce RTX 4080,0,1,2,16376,45,36.32
2026/03/28 11:20:53.783,0,NVIDIA GeForce RTX 4090,0,0,9298,24564,43,126.12
2026/03/28 11:20:53.787,1,NVIDIA GeForce RTX 4080,0,1,2,16376,45,36.26
2026/03/28 11:20:54.838,0,NVIDIA GeForce RTX 4090,22,16,9298,24564,51,118.68
2026/03/28 11:20:54.846,1,NVIDIA GeForce RTX 4080,0,1,2,16376,45,36.05
2026/03/28 11:20:55.897,0,NVIDIA GeForce RTX 4090,95,76,9298,24564,53,382.73
2026/03/28 11:20:55.904,1,NVIDIA GeForce RTX 4080,0,1,2,16376,45,35.65
2026/03/28 11:20:56.954,0,NVIDIA GeForce RTX 4090,95,73,9298,24564,52,381.83
2026/03/28 11:20:56.961,1,NVIDIA GeForce RTX 4080,0,1,2,16376,45,35.76
2026/03/28 11:20:58.015,0,NVIDIA GeForce RTX 4090,95,74,9298,24564,52,385.29
2026/03/28 11:20:58.023,1,NVIDIA GeForce RTX 4080,0,1,2,16376,45,35.89
2026/03/28 11:20:59.077,0,NVIDIA GeForce RTX 4090,94,74,9298,24564,53,381.30
2026/03/28 11:20:59.085,1,NVIDIA GeForce RTX 4080,0,1,2,16376,45,36.00
2026/03/28 11:21:00.135,0,NVIDIA GeForce RTX 4090,94,75,9298,24564,56,381.96
2026/03/28 11:21:00.142,1,NVIDIA GeForce RTX 4080,0,1,2,16376,45,36.04
2026/03/28 11:21:01.194,0,NVIDIA GeForce RTX 4090,94,75,9298,24564,53,383.94
2026/03/28 11:21:01.201,1,NVIDIA GeForce RTX 4080,0,1,2,16376,45,36.00
2026/03/28 11:21:02.253,0,NVIDIA GeForce RTX 4090,94,75,9298,24564,52,382.70
2026/03/28 11:21:02.261,1,NVIDIA GeForce RTX 4080,0,1,2,16376,45,36.04
2026/03/28 11:21:03.315,0,NVIDIA GeForce RTX 4090,94,75,9298,24564,54,384.90
2026/03/28 11:21:03.324,1,NVIDIA GeForce RTX 4080,0,1,2,16376,45,36.17
2026/03/28 11:21:04.375,0,NVIDIA GeForce RTX 4090,96,73,9298,24564,55,383.06
2026/03/28 11:21:04.384,1,NVIDIA GeForce RTX 4080,0,1,2,16376,45,36.14
2026/03/28 11:21:05.438,0,NVIDIA GeForce RTX 4090,95,74,9298,24564,54,384.42
2026/03/28 11:21:05.445,1,NVIDIA GeForce RTX 4080,0,1,2,16376,45,36.27
2026/03/28 11:21:06.497,0,NVIDIA GeForce RTX 4090,95,74,9298,24564,55,384.45
2026/03/28 11:21:06.504,1,NVIDIA GeForce RTX 4080,0,1,2,16376,45,36.34
2026/03/28 11:21:07.555,0,NVIDIA GeForce RTX 4090,0,0,9298,24564,47,302.20
2026/03/28 11:21:07.560,1,NVIDIA GeForce RTX 4080,0,1,2,16376,45,36.11
2026/03/28 11:21:08.609,0,NVIDIA GeForce RTX 4090,0,0,9298,24564,46,137.28
2026/03/28 11:21:08.613,1,NVIDIA GeForce RTX 4080,0,1,2,16376,45,35.86
2026/03/28 11:21:09.664,0,NVIDIA GeForce RTX 4090,0,0,9298,24564,45,81.29
2026/03/28 11:21:09.669,1,NVIDIA GeForce RTX 4080,0,1,2,16376,45,35.58
2026/03/28 11:21:10.719,0,NVIDIA GeForce RTX 4090,0,0,9298,24564,44,76.91
2026/03/28 11:21:10.724,1,NVIDIA GeForce RTX 4080,0,1,2,16376,45,35.39
2026/03/28 11:21:11.773,0,NVIDIA GeForce RTX 4090,0,0,9298,24564,44,72.38
2026/03/28 11:21:11.778,1,NVIDIA GeForce RTX 4080,0,1,2,16376,45,35.38
2026/03/28 11:21:12.828,0,NVIDIA GeForce RTX 4090,0,0,9298,24564,44,72.02
2026/03/28 11:21:12.833,1,NVIDIA GeForce RTX 4080,0,1,2,16376,45,35.49
2026/03/28 11:21:13.882,0,NVIDIA GeForce RTX 4090,0,0,9298,24564,44,71.91
2026/03/28 11:21:13.887,1,NVIDIA GeForce RTX 4080,0,1,2,16376,45,35.46
2026/03/28 11:21:14.937,0,NVIDIA GeForce RTX 4090,0,0,9298,24564,43,71.94
2026/03/28 11:21:14.942,1,NVIDIA GeForce RTX 4080,0,1,2,16376,45,35.34
2026/03/28 11:21:15.992,0,NVIDIA GeForce RTX 4090,0,0,9298,24564,43,72.01
2026/03/28 11:21:15.997,1,NVIDIA GeForce RTX 4080,0,1,2,16376,45,35.12
2026/03/28 11:21:17.048,0,NVIDIA GeForce RTX 4090,0,0,9298,24564,43,72.15
2026/03/28 11:21:17.052,1,NVIDIA GeForce RTX 4080,0,1,2,16376,45,35.03
2026/03/28 11:21:18.102,0,NVIDIA GeForce RTX 4090,0,0,9298,24564,43,72.30
2026/03/28 11:21:18.107,1,NVIDIA GeForce RTX 4080,0,1,2,16376,45,35.03
2026/03/28 11:21:19.158,0,NVIDIA GeForce RTX 4090,0,0,9298,24564,43,71.69
2026/03/28 11:21:19.163,1,NVIDIA GeForce RTX 4080,0,1,2,16376,45,35.21
2026/03/28 11:21:20.213,0,NVIDIA GeForce RTX 4090,0,0,9298,24564,46,71.55
2026/03/28 11:21:20.222,1,NVIDIA GeForce RTX 4080,0,1,2,16376,45,35.40
2026/03/28 11:21:21.275,0,NVIDIA GeForce RTX 4090,77,60,9298,24564,49,311.08
2026/03/28 11:21:21.285,1,NVIDIA GeForce RTX 4080,0,1,2,16376,45,35.56
2026/03/28 11:21:22.336,0,NVIDIA GeForce RTX 4090,72,57,9298,24564,49,312.44
2026/03/28 11:21:22.341,1,NVIDIA GeForce RTX 4080,0,1,2,16376,45,35.96
2026/03/28 11:21:23.394,0,NVIDIA GeForce RTX 4090,69,55,9298,24564,53,310.42
2026/03/28 11:21:23.401,1,NVIDIA GeForce RTX 4080,0,1,2,16376,45,35.92
2026/03/28 11:21:24.454,0,NVIDIA GeForce RTX 4090,0,0,9298,24564,44,174.09
2026/03/28 11:21:24.459,1,NVIDIA GeForce RTX 4080,0,1,2,16376,45,35.76
2026/03/28 11:21:25.510,0,NVIDIA GeForce RTX 4090,0,0,9298,24564,44,111.27
2026/03/28 11:21:25.515,1,NVIDIA GeForce RTX 4080,0,1,2,16376,45,35.14
2026/03/28 11:21:26.566,0,NVIDIA GeForce RTX 4090,0,0,9298,24564,43,81.14
2026/03/28 11:21:26.570,1,NVIDIA GeForce RTX 4080,0,1,2,16376,45,34.62
2026/03/28 11:21:27.622,0,NVIDIA GeForce RTX 4090,0,0,9298,24564,43,76.30
2026/03/28 11:21:27.626,1,NVIDIA GeForce RTX 4080,0,1,2,16376,45,34.83
2026/03/28 11:21:28.678,0,NVIDIA GeForce RTX 4090,0,0,9298,24564,42,71.63
2026/03/28 11:21:28.683,1,NVIDIA GeForce RTX 4080,0,1,2,16376,45,34.80
2026/03/28 11:21:29.733,0,NVIDIA GeForce RTX 4090,0,0,9298,24564,42,71.62
2026/03/28 11:21:29.738,1,NVIDIA GeForce RTX 4080,0,1,2,16376,45,34.74
2026/03/28 11:21:30.789,0,NVIDIA GeForce RTX 4090,0,0,9298,24564,42,71.38
2026/03/28 11:21:30.794,1,NVIDIA GeForce RTX 4080,0,1,2,16376,45,34.76
2026/03/28 11:21:31.846,0,NVIDIA GeForce RTX 4090,0,0,9298,24564,42,71.09
2026/03/28 11:21:31.851,1,NVIDIA GeForce RTX 4080,0,1,2,16376,45,34.86
2026/03/28 11:21:32.901,0,NVIDIA GeForce RTX 4090,78,60,9298,24564,48,257.99
2026/03/28 11:21:32.909,1,NVIDIA GeForce RTX 4080,0,1,2,16376,45,35.21
2026/03/28 11:21:33.963,0,NVIDIA GeForce RTX 4090,66,54,9298,24564,50,314.26
2026/03/28 11:21:33.968,1,NVIDIA GeForce RTX 4080,0,1,2,16376,45,35.73
2026/03/28 11:21:35.021,0,NVIDIA GeForce RTX 4090,72,56,9298,24564,52,313.26
2026/03/28 11:21:35.027,1,NVIDIA GeForce RTX 4080,0,1,2,16376,45,35.65
2026/03/28 11:21:36.078,0,NVIDIA GeForce RTX 4090,0,0,9298,24564,44,256.25
2026/03/28 11:21:36.085,1,NVIDIA GeForce RTX 4080,0,1,2,16376,45,35.44
2026/03/28 11:21:37.137,0,NVIDIA GeForce RTX 4090,0,0,9298,24564,43,113.26
2026/03/28 11:21:37.142,1,NVIDIA GeForce RTX 4080,0,1,2,16376,45,34.97
2026/03/28 11:21:38.196,0,NVIDIA GeForce RTX 4090,93,74,9298,24564,53,224.66
2026/03/28 11:21:38.205,1,NVIDIA GeForce RTX 4080,0,1,2,16376,45,34.58
2026/03/28 11:21:39.246,0,NVIDIA GeForce RTX 4090,94,73,9298,24564,53,376.76
2026/03/28 11:21:39.254,1,NVIDIA GeForce RTX 4080,0,1,2,16376,45,34.99
2026/03/28 11:21:40.307,0,NVIDIA GeForce RTX 4090,93,75,9298,24564,53,377.94
2026/03/28 11:21:40.316,1,NVIDIA GeForce RTX 4080,0,1,2,16376,45,35.29
2026/03/28 11:21:41.369,0,NVIDIA GeForce RTX 4090,92,73,9298,24564,56,375.74
2026/03/28 11:21:41.376,1,NVIDIA GeForce RTX 4080,0,1,2,16376,45,35.32
2026/03/28 11:21:42.428,0,NVIDIA GeForce RTX 4090,94,75,9298,24564,52,379.88
2026/03/28 11:21:42.445,1,NVIDIA GeForce RTX 4080,0,1,2,16376,45,35.41
2026/03/28 11:21:43.496,0,NVIDIA GeForce RTX 4090,95,76,9298,24564,52,380.74
2026/03/28 11:21:43.506,1,NVIDIA GeForce RTX 4080,0,1,2,16376,45,35.25
2026/03/28 11:21:44.559,0,NVIDIA GeForce RTX 4090,95,74,9298,24564,55,381.89
2026/03/28 11:21:44.568,1,NVIDIA GeForce RTX 4080,0,1,2,16376,45,35.21
2026/03/28 11:21:45.617,0,NVIDIA GeForce RTX 4090,94,75,9298,24564,53,382.60
2026/03/28 11:21:45.628,1,NVIDIA GeForce RTX 4080,0,1,2,16376,45,35.13
2026/03/28 11:21:46.678,0,NVIDIA GeForce RTX 4090,93,75,9298,24564,53,381.93
2026/03/28 11:21:46.687,1,NVIDIA GeForce RTX 4080,0,1,2,16376,45,35.18
2026/03/28 11:21:47.739,0,NVIDIA GeForce RTX 4090,94,75,9298,24564,57,383.80
2026/03/28 11:21:47.746,1,NVIDIA GeForce RTX 4080,0,1,2,16376,45,35.29
2026/03/28 11:21:48.797,0,NVIDIA GeForce RTX 4090,93,74,9298,24564,53,381.65
2026/03/28 11:21:48.807,1,NVIDIA GeForce RTX 4080,0,1,2,16376,45,35.34
2026/03/28 11:21:49.859,0,NVIDIA GeForce RTX 4090,94,75,9298,24564,55,380.22
2026/03/28 11:21:49.867,1,NVIDIA GeForce RTX 4080,0,1,2,16376,45,35.21
2026/03/28 11:21:50.919,0,NVIDIA GeForce RTX 4090,0,0,9298,24564,46,231.31
2026/03/28 11:21:50.924,1,NVIDIA GeForce RTX 4080,0,1,2,16376,45,34.92
2026/03/28 11:21:51.974,0,NVIDIA GeForce RTX 4090,0,0,9298,24564,45,121.59
2026/03/28 11:21:51.979,1,NVIDIA GeForce RTX 4080,0,1,2,16376,45,34.61
2026/03/28 11:21:53.031,0,NVIDIA GeForce RTX 4090,0,0,9298,24564,45,80.48
2026/03/28 11:21:53.038,1,NVIDIA GeForce RTX 4080,0,1,2,16376,45,34.51
2026/03/28 11:21:54.089,0,NVIDIA GeForce RTX 4090,0,0,9298,24564,44,76.32
2026/03/28 11:21:54.094,1,NVIDIA GeForce RTX 4080,0,1,2,16376,45,34.54
2026/03/28 11:21:55.144,0,NVIDIA GeForce RTX 4090,0,0,9298,24564,44,72.35
2026/03/28 11:21:55.149,1,NVIDIA GeForce RTX 4080,0,1,2,16376,45,34.68
2026/03/28 11:21:56.199,0,NVIDIA GeForce RTX 4090,0,0,9298,24564,44,72.18
2026/03/28 11:21:56.204,1,NVIDIA GeForce RTX 4080,0,1,2,16376,45,34.90
2026/03/28 11:21:57.255,0,NVIDIA GeForce RTX 4090,0,0,9298,24564,43,79.70
2026/03/28 11:21:57.260,1,NVIDIA GeForce RTX 4080,0,1,2,16376,45,34.90
2026/03/28 11:21:58.311,0,NVIDIA GeForce RTX 4090,0,0,9298,24564,43,86.33
2026/03/28 11:21:58.316,1,NVIDIA GeForce RTX 4080,0,1,2,16376,45,34.70
2026/03/28 11:21:59.367,0,NVIDIA GeForce RTX 4090,0,0,9298,24564,43,71.56
2026/03/28 11:21:59.372,1,NVIDIA GeForce RTX 4080,0,1,2,16376,45,34.64
2026/03/28 11:22:00.423,0,NVIDIA GeForce RTX 4090,0,0,9298,24564,43,71.49
2026/03/28 11:22:00.428,1,NVIDIA GeForce RTX 4080,0,1,2,16376,45,34.72
2026/03/28 11:22:01.480,0,NVIDIA GeForce RTX 4090,79,62,9298,24564,49,131.71
2026/03/28 11:22:01.486,1,NVIDIA GeForce RTX 4080,0,1,2,16376,45,34.60
2026/03/28 11:22:02.537,0,NVIDIA GeForce RTX 4090,66,52,9298,24564,50,310.29
2026/03/28 11:22:02.547,1,NVIDIA GeForce RTX 4080,0,1,2,16376,45,35.10
2026/03/28 11:22:03.599,0,NVIDIA GeForce RTX 4090,76,59,9298,24564,50,312.49
2026/03/28 11:22:03.608,1,NVIDIA GeForce RTX 4080,0,1,2,16376,45,35.74
2026/03/28 11:22:04.658,0,NVIDIA GeForce RTX 4090,13,10,9298,24564,45,268.59
2026/03/28 11:22:04.669,1,NVIDIA GeForce RTX 4080,0,1,2,16376,45,35.71
2026/03/28 11:22:05.719,0,NVIDIA GeForce RTX 4090,0,0,9298,24564,44,112.60
2026/03/28 11:22:05.724,1,NVIDIA GeForce RTX 4080,0,1,2,16376,45,35.35
2026/03/28 11:22:06.777,0,NVIDIA GeForce RTX 4090,0,0,9298,24564,43,80.28
2026/03/28 11:22:06.783,1,NVIDIA GeForce RTX 4080,0,1,2,16376,45,34.56
2026/03/28 11:22:07.834,0,NVIDIA GeForce RTX 4090,0,0,9298,24564,43,75.66
2026/03/28 11:22:07.839,1,NVIDIA GeForce RTX 4080,0,1,2,16376,45,34.05
2026/03/28 11:22:08.890,0,NVIDIA GeForce RTX 4090,0,0,9298,24564,43,71.51
2026/03/28 11:22:08.895,1,NVIDIA GeForce RTX 4080,0,1,2,16376,45,34.26
2026/03/28 11:22:09.947,0,NVIDIA GeForce RTX 4090,0,0,9298,24564,42,71.72
2026/03/28 11:22:09.952,1,NVIDIA GeForce RTX 4080,0,1,2,16376,45,34.30
2026/03/28 11:22:11.003,0,NVIDIA GeForce RTX 4090,0,0,9298,24564,42,71.81
2026/03/28 11:22:11.008,1,NVIDIA GeForce RTX 4080,0,1,2,16376,45,34.11
2026/03/28 11:22:12.059,0,NVIDIA GeForce RTX 4090,0,0,9298,24564,42,71.98
2026/03/28 11:22:12.064,1,NVIDIA GeForce RTX 4080,0,1,2,16376,45,34.28
2026/03/28 11:22:13.117,0,NVIDIA GeForce RTX 4090,5,5,9298,24564,46,78.15
2026/03/28 11:22:13.123,1,NVIDIA GeForce RTX 4080,0,1,2,16376,45,34.36
2026/03/28 11:22:14.177,0,NVIDIA GeForce RTX 4090,74,59,9298,24564,49,317.54
2026/03/28 11:22:14.187,1,NVIDIA GeForce RTX 4080,0,1,2,16376,45,34.73
2026/03/28 11:22:15.240,0,NVIDIA GeForce RTX 4090,76,59,9298,24564,50,309.18
2026/03/28 11:22:15.252,1,NVIDIA GeForce RTX 4080,0,1,2,16376,45,35.12
2026/03/28 11:22:16.303,0,NVIDIA GeForce RTX 4090,67,55,9298,24564,51,312.99
2026/03/28 11:22:16.313,1,NVIDIA GeForce RTX 4080,0,1,2,16376,45,35.05
2026/03/28 11:22:17.362,0,NVIDIA GeForce RTX 4090,0,0,9298,24564,44,208.15
2026/03/28 11:22:17.372,1,NVIDIA GeForce RTX 4080,0,1,2,16376,45,35.13
2026/03/28 11:22:18.423,0,NVIDIA GeForce RTX 4090,19,13,9298,24564,50,92.90
2026/03/28 11:22:18.436,1,NVIDIA GeForce RTX 4080,0,1,2,16376,45,34.65
2026/03/28 11:22:19.488,0,NVIDIA GeForce RTX 4090,95,74,9298,24564,54,378.04
2026/03/28 11:22:19.496,1,NVIDIA GeForce RTX 4080,0,1,2,16376,45,34.45
2026/03/28 11:22:20.550,0,NVIDIA GeForce RTX 4090,93,73,9298,24564,53,380.83
2026/03/28 11:22:20.558,1,NVIDIA GeForce RTX 4080,0,1,2,16376,45,34.81
2026/03/28 11:22:21.610,0,NVIDIA GeForce RTX 4090,93,73,9298,24564,53,382.77
2026/03/28 11:22:21.619,1,NVIDIA GeForce RTX 4080,0,1,2,16376,45,34.82
2026/03/28 11:22:22.674,0,NVIDIA GeForce RTX 4090,94,72,9298,24564,54,378.64
2026/03/28 11:22:22.683,1,NVIDIA GeForce RTX 4080,0,1,2,16376,45,34.83
2026/03/28 11:22:23.738,0,NVIDIA GeForce RTX 4090,94,72,9298,24564,54,382.39
2026/03/28 11:22:23.747,1,NVIDIA GeForce RTX 4080,0,1,2,16376,45,35.05
2026/03/28 11:22:24.798,0,NVIDIA GeForce RTX 4090,94,73,9298,24564,57,382.68
2026/03/28 11:22:24.812,1,NVIDIA GeForce RTX 4080,0,1,2,16376,45,35.32
2026/03/28 11:22:25.862,0,NVIDIA GeForce RTX 4090,95,76,9298,24564,55,385.08
2026/03/28 11:22:25.872,1,NVIDIA GeForce RTX 4080,0,1,2,16376,45,35.34
2026/03/28 11:22:26.927,0,NVIDIA GeForce RTX 4090,93,74,9298,24564,55,381.00
2026/03/28 11:22:26.937,1,NVIDIA GeForce RTX 4080,0,1,2,16376,45,35.30
2026/03/28 11:22:27.990,0,NVIDIA GeForce RTX 4090,94,75,9298,24564,54,380.84
2026/03/28 11:22:28.000,1,NVIDIA GeForce RTX 4080,0,1,2,16376,45,35.26
2026/03/28 11:22:29.053,0,NVIDIA GeForce RTX 4090,92,74,9298,24564,56,382.97
2026/03/28 11:22:29.065,1,NVIDIA GeForce RTX 4080,0,1,2,16376,45,35.15
2026/03/28 11:22:30.117,0,NVIDIA GeForce RTX 4090,93,74,9298,24564,54,383.80
2026/03/28 11:22:30.131,1,NVIDIA GeForce RTX 4080,0,1,2,16376,45,35.05
2026/03/28 11:22:31.181,0,NVIDIA GeForce RTX 4090,34,28,9298,24564,47,321.73
2026/03/28 11:22:31.189,1,NVIDIA GeForce RTX 4080,0,1,2,16376,45,35.09
2026/03/28 11:22:32.239,0,NVIDIA GeForce RTX 4090,0,0,9298,24564,46,133.28
2026/03/28 11:22:32.244,1,NVIDIA GeForce RTX 4080,0,1,2,16376,45,34.67
2026/03/28 11:22:33.295,0,NVIDIA GeForce RTX 4090,0,0,9298,24564,45,81.10
2026/03/28 11:22:33.301,1,NVIDIA GeForce RTX 4080,0,1,2,16376,45,34.36
2026/03/28 11:22:34.351,0,NVIDIA GeForce RTX 4090,0,0,9298,24564,44,77.08
2026/03/28 11:22:34.357,1,NVIDIA GeForce RTX 4080,0,1,2,16376,45,34.49
2026/03/28 11:22:35.408,0,NVIDIA GeForce RTX 4090,0,0,9298,24564,44,72.75
2026/03/28 11:22:35.414,1,NVIDIA GeForce RTX 4080,0,1,2,16376,45,34.51
2026/03/28 11:22:36.464,0,NVIDIA GeForce RTX 4090,0,0,9298,24564,44,72.25
2026/03/28 11:22:36.470,1,NVIDIA GeForce RTX 4080,0,1,2,16376,45,34.71
2026/03/28 11:22:37.521,0,NVIDIA GeForce RTX 4090,0,0,9298,24564,43,72.23
2026/03/28 11:22:37.527,1,NVIDIA GeForce RTX 4080,0,1,2,16376,45,34.75
2026/03/28 11:22:38.578,0,NVIDIA GeForce RTX 4090,0,0,9298,24564,43,71.81
2026/03/28 11:22:38.584,1,NVIDIA GeForce RTX 4080,0,1,2,16376,45,34.74
2026/03/28 11:22:39.634,0,NVIDIA GeForce RTX 4090,0,0,9298,24564,43,71.40
2026/03/28 11:22:39.640,1,NVIDIA GeForce RTX 4080,0,1,2,16376,45,35.07
2026/03/28 11:22:40.692,0,NVIDIA GeForce RTX 4090,0,0,9298,24564,43,71.53
2026/03/28 11:22:40.698,1,NVIDIA GeForce RTX 4080,0,1,2,16376,45,35.10
2026/03/28 11:22:41.748,0,NVIDIA GeForce RTX 4090,0,0,9298,24564,43,71.71
2026/03/28 11:22:41.754,1,NVIDIA GeForce RTX 4080,0,1,2,16376,45,34.72
2026/03/28 11:22:42.805,0,NVIDIA GeForce RTX 4090,0,0,9298,24564,43,75.15
2026/03/28 11:22:42.811,1,NVIDIA GeForce RTX 4080,0,1,2,16376,45,34.74
2026/03/28 11:22:43.862,0,NVIDIA GeForce RTX 4090,0,0,9298,24564,42,86.72
2026/03/28 11:22:43.868,1,NVIDIA GeForce RTX 4080,0,1,2,16376,45,34.73
2026/03/28 11:22:44.921,0,NVIDIA GeForce RTX 4090,0,0,9298,24564,42,71.14
2026/03/28 11:22:44.926,1,NVIDIA GeForce RTX 4080,0,1,2,16376,45,34.80
2026/03/28 11:22:45.978,0,NVIDIA GeForce RTX 4090,0,0,9298,24564,42,70.75
2026/03/28 11:22:45.984,1,NVIDIA GeForce RTX 4080,0,1,2,16376,45,34.93
2026/03/28 11:22:47.036,0,NVIDIA GeForce RTX 4090,0,0,9298,24564,42,70.38
2026/03/28 11:22:47.042,1,NVIDIA GeForce RTX 4080,0,1,2,16376,45,34.93
2026/03/28 11:22:48.096,0,NVIDIA GeForce RTX 4090,0,0,9298,24564,42,70.47
2026/03/28 11:22:48.102,1,NVIDIA GeForce RTX 4080,0,1,2,16376,45,34.96
2026/03/28 11:22:49.156,0,NVIDIA GeForce RTX 4090,0,0,9298,24564,42,70.68
2026/03/28 11:22:49.162,1,NVIDIA GeForce RTX 4080,0,1,2,16376,45,34.67
2026/03/28 11:22:50.215,0,NVIDIA GeForce RTX 4090,0,0,9298,24564,41,70.86
2026/03/28 11:22:50.220,1,NVIDIA GeForce RTX 4080,0,1,2,16376,45,34.28
2026/03/28 11:22:51.274,0,NVIDIA GeForce RTX 4090,0,0,9298,24564,41,70.85
2026/03/28 11:22:51.280,1,NVIDIA GeForce RTX 4080,0,1,2,16376,45,34.60
2026/03/28 11:22:52.332,0,NVIDIA GeForce RTX 4090,0,0,9298,24564,41,70.65
2026/03/28 11:22:52.338,1,NVIDIA GeForce RTX 4080,0,1,2,16376,45,35.06
2026/03/28 11:22:53.393,0,NVIDIA GeForce RTX 4090,0,0,9298,24564,41,70.46
2026/03/28 11:22:53.399,1,NVIDIA GeForce RTX 4080,0,1,2,16376,45,35.13
2026/03/28 11:22:54.452,0,NVIDIA GeForce RTX 4090,0,0,9298,24564,41,70.29
2026/03/28 11:22:54.457,1,NVIDIA GeForce RTX 4080,0,1,2,16376,45,35.16
2026/03/28 11:22:55.509,0,NVIDIA GeForce RTX 4090,0,0,9298,24564,41,70.04
2026/03/28 11:22:55.515,1,NVIDIA GeForce RTX 4080,0,1,2,16376,45,35.03
2026/03/28 11:22:56.569,0,NVIDIA GeForce RTX 4090,0,0,9298,24564,41,69.91
2026/03/28 11:22:56.575,1,NVIDIA GeForce RTX 4080,0,1,2,16376,45,34.74
2026/03/28 11:22:57.628,0,NVIDIA GeForce RTX 4090,6,5,9298,24564,44,71.42
2026/03/28 11:22:57.635,1,NVIDIA GeForce RTX 4080,0,1,2,16376,45,34.64
2026/03/28 11:22:58.688,0,NVIDIA GeForce RTX 4090,74,57,9298,24564,49,314.71
2026/03/28 11:22:58.702,1,NVIDIA GeForce RTX 4080,0,1,2,16376,45,34.80
2026/03/28 11:22:59.752,0,NVIDIA GeForce RTX 4090,73,57,9298,24564,48,316.51
2026/03/28 11:22:59.764,1,NVIDIA GeForce RTX 4080,0,1,2,16376,45,35.41
2026/03/28 11:23:00.819,0,NVIDIA GeForce RTX 4090,76,60,9298,24564,49,303.88
2026/03/28 11:23:00.826,1,NVIDIA GeForce RTX 4080,0,1,4,16376,45,35.85
2026/03/28 11:23:01.883,0,NVIDIA GeForce RTX 4090,0,0,9298,24564,42,168.96
2026/03/28 11:23:01.889,1,NVIDIA GeForce RTX 4080,0,1,4,16376,45,35.32
2026/03/28 11:23:02.940,0,NVIDIA GeForce RTX 4090,0,0,9298,24564,41,124.57
2026/03/28 11:23:02.945,1,NVIDIA GeForce RTX 4080,0,1,4,16376,45,34.41
2026/03/28 11:23:03.995,0,NVIDIA GeForce RTX 4090,0,0,9298,24564,41,79.50
2026/03/28 11:23:04.001,1,NVIDIA GeForce RTX 4080,0,1,4,16376,45,34.43
2026/03/28 11:23:05.050,0,NVIDIA GeForce RTX 4090,0,0,9298,24564,41,70.31
2026/03/28 11:23:05.056,1,NVIDIA GeForce RTX 4080,0,1,4,16376,45,34.57
2026/03/28 11:23:06.107,0,NVIDIA GeForce RTX 4090,0,0,9298,24564,41,70.78
2026/03/28 11:23:06.113,1,NVIDIA GeForce RTX 4080,0,1,4,16376,45,34.72
2026/03/28 11:23:07.163,0,NVIDIA GeForce RTX 4090,0,0,9298,24564,40,70.87
2026/03/28 11:23:07.169,1,NVIDIA GeForce RTX 4080,0,1,4,16376,45,34.63
2026/03/28 11:23:08.224,0,NVIDIA GeForce RTX 4090,0,0,9298,24564,40,70.70
2026/03/28 11:23:08.230,1,NVIDIA GeForce RTX 4080,0,1,4,16376,45,34.71
2026/03/28 11:23:09.284,0,NVIDIA GeForce RTX 4090,0,0,9298,24564,40,70.32
2026/03/28 11:23:09.290,1,NVIDIA GeForce RTX 4080,0,1,4,16376,45,34.80
2026/03/28 11:23:10.341,0,NVIDIA GeForce RTX 4090,78,63,9298,24564,47,246.35
2026/03/28 11:23:10.353,1,NVIDIA GeForce RTX 4080,0,1,4,16376,45,34.80
2026/03/28 11:23:11.407,0,NVIDIA GeForce RTX 4090,73,57,9298,24564,48,316.32
2026/03/28 11:23:11.420,1,NVIDIA GeForce RTX 4080,0,1,4,16376,45,35.41
2026/03/28 11:23:12.471,0,NVIDIA GeForce RTX 4090,75,58,9298,24564,48,313.64
2026/03/28 11:23:12.482,1,NVIDIA GeForce RTX 4080,0,1,4,16376,45,35.82
2026/03/28 11:23:13.533,0,NVIDIA GeForce RTX 4090,0,0,9298,24564,42,247.00
2026/03/28 11:23:13.539,1,NVIDIA GeForce RTX 4080,0,1,4,16376,45,35.61
2026/03/28 11:23:14.591,0,NVIDIA GeForce RTX 4090,0,0,9298,24564,42,122.71
2026/03/28 11:23:14.596,1,NVIDIA GeForce RTX 4080,0,1,4,16376,45,35.37
2026/03/28 11:23:15.648,0,NVIDIA GeForce RTX 4090,94,76,9298,24564,48,183.58
2026/03/28 11:23:15.660,1,NVIDIA GeForce RTX 4080,0,1,4,16376,45,35.35
2026/03/28 11:23:16.713,0,NVIDIA GeForce RTX 4090,93,74,9298,24564,51,376.16
2026/03/28 11:23:16.721,1,NVIDIA GeForce RTX 4080,0,1,4,16376,45,35.82
2026/03/28 11:23:17.775,0,NVIDIA GeForce RTX 4090,93,73,9298,24564,49,379.48
2026/03/28 11:23:17.787,1,NVIDIA GeForce RTX 4080,0,1,4,16376,45,35.88
2026/03/28 11:23:18.837,0,NVIDIA GeForce RTX 4090,92,74,9298,24564,52,377.27
2026/03/28 11:23:18.850,1,NVIDIA GeForce RTX 4080,0,1,4,16376,45,35.91
2026/03/28 11:23:19.903,0,NVIDIA GeForce RTX 4090,91,71,9298,24564,50,376.18
2026/03/28 11:23:19.918,1,NVIDIA GeForce RTX 4080,0,1,2,16376,45,35.81
2026/03/28 11:23:20.977,0,NVIDIA GeForce RTX 4090,93,74,9298,24564,51,379.01
2026/03/28 11:23:20.987,1,NVIDIA GeForce RTX 4080,0,1,2,16376,45,35.76
2026/03/28 11:23:22.038,0,NVIDIA GeForce RTX 4090,94,75,9298,24564,51,381.17
2026/03/28 11:23:22.073,1,NVIDIA GeForce RTX 4080,0,1,2,16376,45,35.76
2026/03/28 11:23:23.122,0,NVIDIA GeForce RTX 4090,95,74,9298,24564,54,379.88
2026/03/28 11:23:23.136,1,NVIDIA GeForce RTX 4080,0,1,2,16376,45,35.86
2026/03/28 11:23:24.188,0,NVIDIA GeForce RTX 4090,93,74,9298,24564,52,380.88
2026/03/28 11:23:24.199,1,NVIDIA GeForce RTX 4080,0,1,2,16376,45,35.84
2026/03/28 11:23:25.253,0,NVIDIA GeForce RTX 4090,92,73,9298,24564,53,377.72
2026/03/28 11:23:25.265,1,NVIDIA GeForce RTX 4080,0,1,2,16376,45,35.69
2026/03/28 11:23:26.317,0,NVIDIA GeForce RTX 4090,94,73,9298,24564,54,379.56
2026/03/28 11:23:26.325,1,NVIDIA GeForce RTX 4080,0,1,2,16376,45,35.63
2026/03/28 11:23:27.379,0,NVIDIA GeForce RTX 4090,94,75,9298,24564,52,381.17
2026/03/28 11:23:27.393,1,NVIDIA GeForce RTX 4080,0,1,2,16376,45,35.66
2026/03/28 11:23:28.444,0,NVIDIA GeForce RTX 4090,0,0,9298,24564,45,240.84
2026/03/28 11:23:28.450,1,NVIDIA GeForce RTX 4080,0,1,2,16376,45,35.69
2026/03/28 11:23:29.500,0,NVIDIA GeForce RTX 4090,0,0,9298,24564,44,133.55
2026/03/28 11:23:29.504,1,NVIDIA GeForce RTX 4080,0,1,2,16376,45,35.27
2026/03/28 11:23:30.557,0,NVIDIA GeForce RTX 4090,0,0,9298,24564,43,80.57
2026/03/28 11:23:30.561,1,NVIDIA GeForce RTX 4080,0,1,2,16376,45,35.10
2026/03/28 11:23:31.612,0,NVIDIA GeForce RTX 4090,0,0,9298,24564,43,75.72
2026/03/28 11:23:31.617,1,NVIDIA GeForce RTX 4080,0,1,2,16376,45,35.16
2026/03/28 11:23:32.670,0,NVIDIA GeForce RTX 4090,0,0,9298,24564,43,71.32
2026/03/28 11:23:32.674,1,NVIDIA GeForce RTX 4080,0,1,2,16376,45,35.19
2026/03/28 11:23:33.724,0,NVIDIA GeForce RTX 4090,0,0,9298,24564,42,71.61
2026/03/28 11:23:33.729,1,NVIDIA GeForce RTX 4080,0,1,2,16376,45,35.12
2026/03/28 11:23:34.780,0,NVIDIA GeForce RTX 4090,0,0,9298,24564,42,71.56
2026/03/28 11:23:34.784,1,NVIDIA GeForce RTX 4080,0,1,2,16376,45,35.14
2026/03/28 11:23:35.835,0,NVIDIA GeForce RTX 4090,0,0,9298,24564,42,71.47
2026/03/28 11:23:35.840,1,NVIDIA GeForce RTX 4080,0,1,2,16376,45,35.05
2026/03/28 11:23:36.890,0,NVIDIA GeForce RTX 4090,0,0,9298,24564,42,71.10
2026/03/28 11:23:36.894,1,NVIDIA GeForce RTX 4080,0,1,2,16376,45,34.80
2026/03/28 11:23:37.943,0,NVIDIA GeForce RTX 4090,0,0,9298,24564,42,70.81
2026/03/28 11:23:37.947,1,NVIDIA GeForce RTX 4080,0,1,2,16376,45,34.85
2026/03/28 11:23:38.998,0,NVIDIA GeForce RTX 4090,0,0,9298,24564,42,70.95
2026/03/28 11:23:39.002,1,NVIDIA GeForce RTX 4080,0,1,2,16376,45,35.06
2026/03/28 11:23:40.055,0,NVIDIA GeForce RTX 4090,77,61,9298,24564,51,152.37
2026/03/28 11:23:40.066,1,NVIDIA GeForce RTX 4080,0,1,2,16376,45,35.16
2026/03/28 11:23:41.119,0,NVIDIA GeForce RTX 4090,78,62,9298,24564,49,319.46
2026/03/28 11:23:41.128,1,NVIDIA GeForce RTX 4080,0,1,2,16376,45,35.67
2026/03/28 11:23:42.179,0,NVIDIA GeForce RTX 4090,77,60,9298,24564,51,318.50
2026/03/28 11:23:42.185,1,NVIDIA GeForce RTX 4080,0,1,2,16376,45,36.10
2026/03/28 11:23:43.235,0,NVIDIA GeForce RTX 4090,40,31,9298,24564,44,287.99
2026/03/28 11:23:43.245,1,NVIDIA GeForce RTX 4080,0,1,2,16376,45,36.08
2026/03/28 11:23:44.297,0,NVIDIA GeForce RTX 4090,0,0,9298,24564,43,103.10
2026/03/28 11:23:44.301,1,NVIDIA GeForce RTX 4080,0,1,2,16376,45,35.72
2026/03/28 11:23:45.353,0,NVIDIA GeForce RTX 4090,0,0,9298,24564,42,76.30
2026/03/28 11:23:45.358,1,NVIDIA GeForce RTX 4080,0,1,2,16376,45,34.95
2026/03/28 11:23:46.410,0,NVIDIA GeForce RTX 4090,0,0,9298,24564,42,73.54
2026/03/28 11:23:46.414,1,NVIDIA GeForce RTX 4080,0,1,2,16376,45,34.81
2026/03/28 11:23:47.466,0,NVIDIA GeForce RTX 4090,0,0,9298,24564,41,70.91
2026/03/28 11:23:47.470,1,NVIDIA GeForce RTX 4080,0,1,2,16376,45,34.92
2026/03/28 11:23:48.522,0,NVIDIA GeForce RTX 4090,0,0,9298,24564,41,70.86
2026/03/28 11:23:48.526,1,NVIDIA GeForce RTX 4080,0,1,2,16376,45,34.89
2026/03/28 11:23:49.579,0,NVIDIA GeForce RTX 4090,0,0,9298,24564,41,70.90
2026/03/28 11:23:49.583,1,NVIDIA GeForce RTX 4080,0,1,2,16376,45,35.14
2026/03/28 11:23:50.635,0,NVIDIA GeForce RTX 4090,0,0,9298,24564,41,70.85
2026/03/28 11:23:50.640,1,NVIDIA GeForce RTX 4080,0,1,2,16376,45,35.06
2026/03/28 11:23:51.691,0,NVIDIA GeForce RTX 4090,77,61,9298,24564,47,118.66
2026/03/28 11:23:51.704,1,NVIDIA GeForce RTX 4080,0,1,2,16376,45,34.91
2026/03/28 11:23:52.758,0,NVIDIA GeForce RTX 4090,76,58,9298,24564,50,316.01
2026/03/28 11:23:52.765,1,NVIDIA GeForce RTX 4080,0,1,2,16376,45,35.22
2026/03/28 11:23:53.816,0,NVIDIA GeForce RTX 4090,74,59,9298,24564,48,313.43
2026/03/28 11:23:53.823,1,NVIDIA GeForce RTX 4080,0,1,2,16376,45,35.72
2026/03/28 11:23:54.874,0,NVIDIA GeForce RTX 4090,76,61,9298,24564,51,318.20
2026/03/28 11:23:54.883,1,NVIDIA GeForce RTX 4080,0,1,2,16376,45,35.70
2026/03/28 11:23:55.936,0,NVIDIA GeForce RTX 4090,0,0,9298,24564,43,143.55
2026/03/28 11:23:55.941,1,NVIDIA GeForce RTX 4080,0,1,2,16376,45,35.58
2026/03/28 11:23:56.993,0,NVIDIA GeForce RTX 4090,93,74,9298,24564,48,168.20
2026/03/28 11:23:57.005,1,NVIDIA GeForce RTX 4080,0,1,2,16376,45,35.09
2026/03/28 11:23:58.058,0,NVIDIA GeForce RTX 4090,94,75,9298,24564,53,376.33
2026/03/28 11:23:58.099,1,NVIDIA GeForce RTX 4080,0,1,2,16376,45,35.05
2026/03/28 11:23:59.150,0,NVIDIA GeForce RTX 4090,93,72,9298,24564,50,379.98
2026/03/28 11:23:59.163,1,NVIDIA GeForce RTX 4080,0,1,2,16376,45,35.35
2026/03/28 11:24:00.214,0,NVIDIA GeForce RTX 4090,94,75,9298,24564,51,384.22
2026/03/28 11:24:00.226,1,NVIDIA GeForce RTX 4080,0,1,2,16376,45,35.31
2026/03/28 11:24:01.279,0,NVIDIA GeForce RTX 4090,95,74,9298,24564,51,383.87
2026/03/28 11:24:01.287,1,NVIDIA GeForce RTX 4080,0,1,2,16376,45,35.41
2026/03/28 11:24:02.340,0,NVIDIA GeForce RTX 4090,95,74,9298,24564,52,381.80
2026/03/28 11:24:02.349,1,NVIDIA GeForce RTX 4080,0,1,2,16376,45,35.40
2026/03/28 11:24:03.403,0,NVIDIA GeForce RTX 4090,95,76,9298,24564,52,384.58
2026/03/28 11:24:03.412,1,NVIDIA GeForce RTX 4080,0,1,2,16376,45,35.32
2026/03/28 11:24:04.463,0,NVIDIA GeForce RTX 4090,96,77,9298,24564,51,385.28
2026/03/28 11:24:04.471,1,NVIDIA GeForce RTX 4080,0,1,2,16376,45,35.35
2026/03/28 11:24:05.525,0,NVIDIA GeForce RTX 4090,94,75,9298,24564,52,381.53
2026/03/28 11:24:05.531,1,NVIDIA GeForce RTX 4080,0,1,2,16376,45,35.56
2026/03/28 11:24:06.584,0,NVIDIA GeForce RTX 4090,93,72,9298,24564,54,381.34
2026/03/28 11:24:06.592,1,NVIDIA GeForce RTX 4080,0,1,2,16376,45,35.41
2026/03/28 11:24:07.648,0,NVIDIA GeForce RTX 4090,95,73,9298,24564,57,382.16
2026/03/28 11:24:07.659,1,NVIDIA GeForce RTX 4080,0,1,2,16376,45,35.29
2026/03/28 11:24:08.709,0,NVIDIA GeForce RTX 4090,93,74,9298,24564,53,383.10
2026/03/28 11:24:08.720,1,NVIDIA GeForce RTX 4080,0,1,2,16376,45,35.34
2026/03/28 11:24:09.772,0,NVIDIA GeForce RTX 4090,0,0,9298,24564,46,269.10
2026/03/28 11:24:09.777,1,NVIDIA GeForce RTX 4080,0,1,2,16376,45,35.32
2026/03/28 11:24:10.829,0,NVIDIA GeForce RTX 4090,0,0,9298,24564,45,133.92
2026/03/28 11:24:10.834,1,NVIDIA GeForce RTX 4080,0,1,2,16376,45,35.03
2026/03/28 11:24:11.885,0,NVIDIA GeForce RTX 4090,0,0,9298,24564,44,80.23
2026/03/28 11:24:11.889,1,NVIDIA GeForce RTX 4080,0,1,2,16376,45,34.67
2026/03/28 11:24:12.940,0,NVIDIA GeForce RTX 4090,0,0,9298,24564,44,76.22
2026/03/28 11:24:12.944,1,NVIDIA GeForce RTX 4080,0,1,2,16376,45,34.56
2026/03/28 11:24:13.995,0,NVIDIA GeForce RTX 4090,0,0,9298,24564,43,72.52
2026/03/28 11:24:14.000,1,NVIDIA GeForce RTX 4080,0,1,2,16376,45,34.64
2026/03/28 11:24:15.051,0,NVIDIA GeForce RTX 4090,0,0,9298,24564,43,72.55
2026/03/28 11:24:15.056,1,NVIDIA GeForce RTX 4080,0,1,2,16376,45,34.73
2026/03/28 11:24:16.108,0,NVIDIA GeForce RTX 4090,13,10,9298,24564,43,76.18
2026/03/28 11:24:16.118,1,NVIDIA GeForce RTX 4080,0,1,2,16376,45,34.81
2026/03/28 11:24:17.168,0,NVIDIA GeForce RTX 4090,0,0,9298,24564,43,76.95
2026/03/28 11:24:17.172,1,NVIDIA GeForce RTX 4080,0,1,2,16376,45,34.93
2026/03/28 11:24:18.222,0,NVIDIA GeForce RTX 4090,0,0,9298,24564,42,72.18
2026/03/28 11:24:18.226,1,NVIDIA GeForce RTX 4080,0,1,2,16376,45,35.13
2026/03/28 11:24:19.278,0,NVIDIA GeForce RTX 4090,0,0,9298,24564,42,72.16
2026/03/28 11:24:19.282,1,NVIDIA GeForce RTX 4080,0,1,2,16376,45,35.26
2026/03/28 11:24:20.333,0,NVIDIA GeForce RTX 4090,78,61,9298,24564,48,222.49
2026/03/28 11:24:20.341,1,NVIDIA GeForce RTX 4080,0,1,2,16376,45,35.43
2026/03/28 11:24:21.395,0,NVIDIA GeForce RTX 4090,76,61,9298,24564,50,315.37
2026/03/28 11:24:21.400,1,NVIDIA GeForce RTX 4080,0,1,2,16376,45,35.99
2026/03/28 11:24:22.454,0,NVIDIA GeForce RTX 4090,77,61,9298,24564,52,317.75
2026/03/28 11:24:22.461,1,NVIDIA GeForce RTX 4080,0,1,2,16376,45,36.35
2026/03/28 11:24:23.512,0,NVIDIA GeForce RTX 4090,0,0,9298,24564,44,199.22
2026/03/28 11:24:23.517,1,NVIDIA GeForce RTX 4080,0,1,2,16376,45,36.01
2026/03/28 11:24:24.569,0,NVIDIA GeForce RTX 4090,0,0,9298,24564,43,113.10
2026/03/28 11:24:24.574,1,NVIDIA GeForce RTX 4080,0,1,2,16376,45,35.49
2026/03/28 11:24:25.625,0,NVIDIA GeForce RTX 4090,0,0,9298,24564,43,81.24
2026/03/28 11:24:25.630,1,NVIDIA GeForce RTX 4080,0,1,2,16376,45,35.31
2026/03/28 11:24:26.681,0,NVIDIA GeForce RTX 4090,0,0,9298,24564,42,76.00
2026/03/28 11:24:26.686,1,NVIDIA GeForce RTX 4080,0,1,2,16376,45,35.25
2026/03/28 11:24:27.737,0,NVIDIA GeForce RTX 4090,0,0,9298,24564,42,71.36
2026/03/28 11:24:27.741,1,NVIDIA GeForce RTX 4080,0,1,2,16376,45,35.09
2026/03/28 11:24:28.792,0,NVIDIA GeForce RTX 4090,0,0,9298,24564,42,71.74
2026/03/28 11:24:28.797,1,NVIDIA GeForce RTX 4080,0,1,2,16376,45,34.94
2026/03/28 11:24:29.848,0,NVIDIA GeForce RTX 4090,0,0,9298,24564,42,71.81
2026/03/28 11:24:29.852,1,NVIDIA GeForce RTX 4080,0,1,2,16376,45,34.96
2026/03/28 11:24:30.903,0,NVIDIA GeForce RTX 4090,0,0,9298,24564,42,71.50
2026/03/28 11:24:30.908,1,NVIDIA GeForce RTX 4080,0,1,2,16376,45,34.83
2026/03/28 11:24:31.959,0,NVIDIA GeForce RTX 4090,73,59,9298,24564,46,147.76
2026/03/28 11:24:31.966,1,NVIDIA GeForce RTX 4080,0,1,2,16376,45,34.96
2026/03/28 11:24:33.017,0,NVIDIA GeForce RTX 4090,73,58,9298,24564,49,315.46
2026/03/28 11:24:33.032,1,NVIDIA GeForce RTX 4080,0,1,2,16376,45,35.38
2026/03/28 11:24:34.084,0,NVIDIA GeForce RTX 4090,71,56,9298,24564,52,311.42
2026/03/28 11:24:34.091,1,NVIDIA GeForce RTX 4080,0,1,2,16376,45,35.49
2026/03/28 11:24:35.142,0,NVIDIA GeForce RTX 4090,79,61,9298,24564,44,287.43
2026/03/28 11:24:35.192,1,NVIDIA GeForce RTX 4080,0,1,2,16376,45,35.39
2026/03/28 11:24:36.242,0,NVIDIA GeForce RTX 4090,0,0,9298,24564,43,115.02
2026/03/28 11:24:36.247,1,NVIDIA GeForce RTX 4080,0,1,2,16376,45,35.11
2026/03/28 11:24:37.299,0,NVIDIA GeForce RTX 4090,92,73,9298,24564,49,239.65
2026/03/28 11:24:37.313,1,NVIDIA GeForce RTX 4080,0,1,2,16376,45,34.49
2026/03/28 11:24:38.363,0,NVIDIA GeForce RTX 4090,95,76,9298,24564,53,381.82
2026/03/28 11:24:38.374,1,NVIDIA GeForce RTX 4080,0,1,2,16376,45,34.54
2026/03/28 11:24:39.426,0,NVIDIA GeForce RTX 4090,94,73,9298,24564,53,379.96
2026/03/28 11:24:39.434,1,NVIDIA GeForce RTX 4080,0,1,2,16376,45,34.95
2026/03/28 11:24:40.488,0,NVIDIA GeForce RTX 4090,93,74,9298,24564,52,382.57
2026/03/28 11:24:40.497,1,NVIDIA GeForce RTX 4080,0,1,2,16376,45,35.00
2026/03/28 11:24:41.547,0,NVIDIA GeForce RTX 4090,94,73,9298,24564,52,377.42
2026/03/28 11:24:41.558,1,NVIDIA GeForce RTX 4080,0,1,2,16376,45,35.24
2026/03/28 11:24:42.610,0,NVIDIA GeForce RTX 4090,94,75,9298,24564,53,381.60
2026/03/28 11:24:42.620,1,NVIDIA GeForce RTX 4080,0,1,2,16376,45,35.47
2026/03/28 11:24:43.674,0,NVIDIA GeForce RTX 4090,95,76,9298,24564,55,381.32
2026/03/28 11:24:43.682,1,NVIDIA GeForce RTX 4080,0,1,2,16376,45,35.56
2026/03/28 11:24:44.736,0,NVIDIA GeForce RTX 4090,94,73,9298,24564,53,381.13
2026/03/28 11:24:44.750,1,NVIDIA GeForce RTX 4080,0,1,2,16376,45,35.35
2026/03/28 11:24:45.802,0,NVIDIA GeForce RTX 4090,94,74,9298,24564,54,380.68
2026/03/28 11:24:45.812,1,NVIDIA GeForce RTX 4080,0,1,2,16376,45,35.25
2026/03/28 11:24:46.862,0,NVIDIA GeForce RTX 4090,93,74,9298,24564,55,383.10
2026/03/28 11:24:46.870,1,NVIDIA GeForce RTX 4080,0,1,2,16376,45,35.15
2026/03/28 11:24:47.923,0,NVIDIA GeForce RTX 4090,93,73,9298,24564,53,379.73
2026/03/28 11:24:47.932,1,NVIDIA GeForce RTX 4080,0,1,2,16376,45,35.06
2026/03/28 11:24:48.985,0,NVIDIA GeForce RTX 4090,93,74,9298,24564,54,379.37
2026/03/28 11:24:48.993,1,NVIDIA GeForce RTX 4080,0,1,2,16376,45,35.16
2026/03/28 11:24:50.045,0,NVIDIA GeForce RTX 4090,0,0,9298,24564,46,226.38
2026/03/28 11:24:50.050,1,NVIDIA GeForce RTX 4080,0,1,2,16376,45,35.30
2026/03/28 11:24:51.101,0,NVIDIA GeForce RTX 4090,0,0,9298,24564,45,117.23
2026/03/28 11:24:51.106,1,NVIDIA GeForce RTX 4080,0,1,2,16376,45,35.33
2026/03/28 11:24:52.157,0,NVIDIA GeForce RTX 4090,0,0,9298,24564,44,81.10
2026/03/28 11:24:52.162,1,NVIDIA GeForce RTX 4080,0,1,2,16376,45,35.11
2026/03/28 11:24:53.213,0,NVIDIA GeForce RTX 4090,0,0,9298,24564,44,76.50
2026/03/28 11:24:53.219,1,NVIDIA GeForce RTX 4080,0,1,2,16376,45,35.02
2026/03/28 11:24:54.271,0,NVIDIA GeForce RTX 4090,0,0,9298,24564,44,72.21
2026/03/28 11:24:54.276,1,NVIDIA GeForce RTX 4080,0,1,2,16376,45,35.16
2026/03/28 11:24:55.327,0,NVIDIA GeForce RTX 4090,0,0,9298,24564,43,72.46
2026/03/28 11:24:55.332,1,NVIDIA GeForce RTX 4080,0,1,2,16376,45,35.02
2026/03/28 11:24:56.384,0,NVIDIA GeForce RTX 4090,0,0,9298,24564,43,71.95
2026/03/28 11:24:56.389,1,NVIDIA GeForce RTX 4080,0,1,2,16376,45,35.00
2026/03/28 11:24:57.442,0,NVIDIA GeForce RTX 4090,0,0,9298,24564,43,71.79
2026/03/28 11:24:57.447,1,NVIDIA GeForce RTX 4080,0,1,2,16376,45,35.36
2026/03/28 11:24:58.497,0,NVIDIA GeForce RTX 4090,0,0,9298,24564,43,71.54
2026/03/28 11:24:58.503,1,NVIDIA GeForce RTX 4080,0,1,2,16376,45,35.31
2026/03/28 11:24:59.553,0,NVIDIA GeForce RTX 4090,0,0,9298,24564,43,85.40
2026/03/28 11:24:59.562,1,NVIDIA GeForce RTX 4080,0,1,2,16376,45,35.12
2026/03/28 11:25:00.612,0,NVIDIA GeForce RTX 4090,74,58,9298,24564,50,269.95
2026/03/28 11:25:00.623,1,NVIDIA GeForce RTX 4080,0,1,2,16376,45,35.66
2026/03/28 11:25:01.675,0,NVIDIA GeForce RTX 4090,78,62,9298,24564,51,317.61
2026/03/28 11:25:01.683,1,NVIDIA GeForce RTX 4080,0,1,2,16376,45,36.23
2026/03/28 11:25:02.736,0,NVIDIA GeForce RTX 4090,78,61,9298,24564,51,324.32
2026/03/28 11:25:02.743,1,NVIDIA GeForce RTX 4080,0,1,2,16376,45,36.30
2026/03/28 11:25:03.795,0,NVIDIA GeForce RTX 4090,0,0,9298,24564,44,164.89
2026/03/28 11:25:03.801,1,NVIDIA GeForce RTX 4080,0,1,2,16376,45,36.12
2026/03/28 11:25:04.853,0,NVIDIA GeForce RTX 4090,0,0,9298,24564,43,122.83
2026/03/28 11:25:04.859,1,NVIDIA GeForce RTX 4080,0,1,2,16376,45,35.47
2026/03/28 11:25:05.910,0,NVIDIA GeForce RTX 4090,0,0,9298,24564,43,80.43
2026/03/28 11:25:05.915,1,NVIDIA GeForce RTX 4080,0,1,2,16376,45,35.10
2026/03/28 11:25:06.967,0,NVIDIA GeForce RTX 4090,0,0,9298,24564,43,71.64
2026/03/28 11:25:06.972,1,NVIDIA GeForce RTX 4080,0,1,2,16376,45,35.11
2026/03/28 11:25:08.023,0,NVIDIA GeForce RTX 4090,0,0,9298,24564,42,72.14
2026/03/28 11:25:08.029,1,NVIDIA GeForce RTX 4080,0,1,2,16376,45,35.05
2026/03/28 11:25:09.080,0,NVIDIA GeForce RTX 4090,0,0,9298,24564,42,72.29
2026/03/28 11:25:09.086,1,NVIDIA GeForce RTX 4080,0,1,2,16376,45,35.01
2026/03/28 11:25:10.136,0,NVIDIA GeForce RTX 4090,0,0,9298,24564,42,72.25
2026/03/28 11:25:10.142,1,NVIDIA GeForce RTX 4080,0,1,2,16376,45,34.99
2026/03/28 11:25:11.193,0,NVIDIA GeForce RTX 4090,23,18,9298,24564,42,85.74
2026/03/28 11:25:11.201,1,NVIDIA GeForce RTX 4080,0,1,2,16376,45,34.82
2026/03/28 11:25:12.254,0,NVIDIA GeForce RTX 4090,80,64,9298,24564,49,241.12
2026/03/28 11:25:12.260,1,NVIDIA GeForce RTX 4080,0,1,2,16376,45,34.79
2026/03/28 11:25:13.316,0,NVIDIA GeForce RTX 4090,74,57,9298,24564,50,325.64
2026/03/28 11:25:13.322,1,NVIDIA GeForce RTX 4080,0,1,2,16376,45,35.54
2026/03/28 11:25:14.372,0,NVIDIA GeForce RTX 4090,76,60,9298,24564,50,306.09
2026/03/28 11:25:14.384,1,NVIDIA GeForce RTX 4080,0,1,2,16376,45,35.97
2026/03/28 11:25:15.435,0,NVIDIA GeForce RTX 4090,0,0,9298,24564,44,265.38
2026/03/28 11:25:15.441,1,NVIDIA GeForce RTX 4080,0,1,2,16376,45,35.55
2026/03/28 11:25:16.493,0,NVIDIA GeForce RTX 4090,0,0,9298,24564,43,119.35
2026/03/28 11:25:16.499,1,NVIDIA GeForce RTX 4080,0,1,2,16376,45,35.23
2026/03/28 11:25:17.551,0,NVIDIA GeForce RTX 4090,93,72,9298,24564,52,231.52
2026/03/28 11:25:17.563,1,NVIDIA GeForce RTX 4080,0,1,2,16376,45,35.06
2026/03/28 11:25:18.616,0,NVIDIA GeForce RTX 4090,93,73,9298,24564,54,381.70
2026/03/28 11:25:18.624,1,NVIDIA GeForce RTX 4080,0,1,2,16376,45,35.37
2026/03/28 11:25:19.678,0,NVIDIA GeForce RTX 4090,95,73,9298,24564,53,379.14
2026/03/28 11:25:19.686,1,NVIDIA GeForce RTX 4080,0,1,2,16376,45,35.44
2026/03/28 11:25:20.738,0,NVIDIA GeForce RTX 4090,94,73,9298,24564,54,379.92
2026/03/28 11:25:20.755,1,NVIDIA GeForce RTX 4080,0,1,2,16376,45,35.25
2026/03/28 11:25:21.807,0,NVIDIA GeForce RTX 4090,94,72,9298,24564,51,380.37
2026/03/28 11:25:21.819,1,NVIDIA GeForce RTX 4080,0,1,2,16376,45,35.24
2026/03/28 11:25:22.871,0,NVIDIA GeForce RTX 4090,93,73,9298,24564,52,381.51
2026/03/28 11:25:22.882,1,NVIDIA GeForce RTX 4080,0,1,2,16376,45,35.37
2026/03/28 11:25:23.934,0,NVIDIA GeForce RTX 4090,90,71,9298,24564,52,381.39
2026/03/28 11:25:23.943,1,NVIDIA GeForce RTX 4080,0,1,2,16376,45,35.39
2026/03/28 11:25:24.995,0,NVIDIA GeForce RTX 4090,93,75,9298,24564,53,378.93
2026/03/28 11:25:25.006,1,NVIDIA GeForce RTX 4080,0,1,2,16376,45,35.47
2026/03/28 11:25:26.060,0,NVIDIA GeForce RTX 4090,92,73,9298,24564,55,382.36
2026/03/28 11:25:26.071,1,NVIDIA GeForce RTX 4080,0,1,2,16376,45,35.59
2026/03/28 11:25:27.125,0,NVIDIA GeForce RTX 4090,93,74,9298,24564,57,380.33
2026/03/28 11:25:27.135,1,NVIDIA GeForce RTX 4080,0,1,2,16376,45,35.69
2026/03/28 11:25:28.189,0,NVIDIA GeForce RTX 4090,92,73,9298,24564,54,381.45
2026/03/28 11:25:28.199,1,NVIDIA GeForce RTX 4080,0,1,2,16376,45,35.55
2026/03/28 11:25:29.253,0,NVIDIA GeForce RTX 4090,94,75,9298,24564,56,382.87
2026/03/28 11:25:29.262,1,NVIDIA GeForce RTX 4080,0,1,2,16376,45,35.37
2026/03/28 11:25:30.316,0,NVIDIA GeForce RTX 4090,0,0,9298,24564,46,136.47
2026/03/28 11:25:30.323,1,NVIDIA GeForce RTX 4080,0,1,2,16376,45,35.33
2026/03/28 11:25:31.374,0,NVIDIA GeForce RTX 4090,0,0,9298,24564,45,81.70
2026/03/28 11:25:31.379,1,NVIDIA GeForce RTX 4080,0,1,2,16376,45,35.02
2026/03/28 11:25:32.430,0,NVIDIA GeForce RTX 4090,0,0,9298,24564,44,76.92
2026/03/28 11:25:32.436,1,NVIDIA GeForce RTX 4080,0,1,2,16376,45,34.56
2026/03/28 11:25:33.486,0,NVIDIA GeForce RTX 4090,0,0,9298,24564,44,72.25
2026/03/28 11:25:33.492,1,NVIDIA GeForce RTX 4080,0,1,2,16376,45,34.44
2026/03/28 11:25:34.543,0,NVIDIA GeForce RTX 4090,0,0,9298,24564,44,72.20
2026/03/28 11:25:34.549,1,NVIDIA GeForce RTX 4080,0,1,2,16376,45,34.82
2026/03/28 11:25:35.600,0,NVIDIA GeForce RTX 4090,0,0,9298,24564,43,72.03
2026/03/28 11:25:35.606,1,NVIDIA GeForce RTX 4080,0,1,2,16376,45,35.04
2026/03/28 11:25:36.656,0,NVIDIA GeForce RTX 4090,0,0,9298,24564,43,71.81
2026/03/28 11:25:36.661,1,NVIDIA GeForce RTX 4080,0,1,2,16376,45,35.01
2026/03/28 11:25:37.713,0,NVIDIA GeForce RTX 4090,0,0,9298,24564,43,71.60
2026/03/28 11:25:37.719,1,NVIDIA GeForce RTX 4080,0,1,2,16376,45,34.86
2026/03/28 11:25:38.770,0,NVIDIA GeForce RTX 4090,0,0,9298,24564,43,71.55
2026/03/28 11:25:38.776,1,NVIDIA GeForce RTX 4080,0,1,2,16376,45,34.99
2026/03/28 11:25:39.826,0,NVIDIA GeForce RTX 4090,0,0,9298,24564,43,71.32
2026/03/28 11:25:39.832,1,NVIDIA GeForce RTX 4080,0,1,2,16376,45,34.89
2026/03/28 11:25:40.882,0,NVIDIA GeForce RTX 4090,0,0,9298,24564,42,70.87
2026/03/28 11:25:40.887,1,NVIDIA GeForce RTX 4080,0,1,2,16376,45,34.63
2026/03/28 11:25:41.938,0,NVIDIA GeForce RTX 4090,77,60,9298,24564,49,138.73
2026/03/28 11:25:41.953,1,NVIDIA GeForce RTX 4080,0,1,2,16376,45,34.69
2026/03/28 11:25:43.005,0,NVIDIA GeForce RTX 4090,71,58,9298,24564,46,312.29
2026/03/28 11:25:43.011,1,NVIDIA GeForce RTX 4080,0,1,2,16376,45,35.37
2026/03/28 11:25:44.067,0,NVIDIA GeForce RTX 4090,70,53,9298,24564,49,300.47
2026/03/28 11:25:44.076,1,NVIDIA GeForce RTX 4080,0,1,2,16376,45,36.02
2026/03/28 11:25:45.128,0,NVIDIA GeForce RTX 4090,74,58,9298,24564,45,295.45
2026/03/28 11:25:45.170,1,NVIDIA GeForce RTX 4080,0,1,2,16376,45,35.95
