Epoch | Time_Start | Duration | LR | T_Loss | T_Prec | T_Rec | T_P@R0.95 | V_Loss | V_Prec | V_Rec | V_P@R0.95
0001 | 14:12:36 |  38.2s | 1.0e-04 | 0.1138 | 0.7575 | 0.5849 | 0.2301 | 0.0767 | 0.8576 | 0.6691 | 0.3454
0002 | 14:13:27 |  30.4s | 1.0e-04 | 0.0746 | 0.8562 | 0.7310 | 0.4130 | 0.0764 | 0.9098 | 0.6599 | 0.4316
0003 | 14:14:10 |  30.3s | 1.0e-04 | 0.0687 | 0.8649 | 0.7632 | 0.4665 | 0.0643 | 0.8554 | 0.7637 | 0.4374
0004 | 14:14:53 |  30.5s | 1.0e-04 | 0.0605 | 0.8806 | 0.7947 | 0.5252 | 0.0579 | 0.8797 | 0.7879 | 0.5040
0005 | 14:15:37 |  30.4s | 1.0e-04 | 0.0564 | 0.8871 | 0.8140 | 0.5688 | 0.0578 | 0.9168 | 0.7369 | 0.5074
0006 | 14:16:20 |  30.3s | 1.0e-04 | 0.0527 | 0.8937 | 0.8258 | 0.6093 | 0.0550 | 0.8537 | 0.8470 | 0.5770
0007 | 14:17:03 |  30.6s | 1.0e-04 | 0.0506 | 0.8961 | 0.8373 | 0.6474 | 0.0517 | 0.9087 | 0.8120 | 0.6345
0008 | 14:17:46 |  39.8s | 1.0e-04 | 0.0481 | 0.8978 | 0.8432 | 0.6781 | 0.0480 | 0.8927 | 0.8404 | 0.6584
0009 | 14:18:39 |  30.3s | 1.0e-04 | 0.0469 | 0.9002 | 0.8524 | 0.7051 | 0.0445 | 0.8962 | 0.8379 | 0.6808
0010 | 14:19:22 |  29.9s | 1.0e-04 | 0.0441 | 0.9042 | 0.8599 | 0.7309 | 0.0447 | 0.8816 | 0.8636 | 0.7080
0011 | 14:20:05 |  29.8s | 1.0e-04 | 0.0431 | 0.9061 | 0.8646 | 0.7490 | 0.0446 | 0.9111 | 0.8423 | 0.7260
0012 | 14:20:47 |  30.8s | 1.0e-04 | 0.0425 | 0.9061 | 0.8663 | 0.7549 | 0.0426 | 0.8741 | 0.8869 | 0.7477
0013 | 14:21:31 |  30.1s | 1.0e-04 | 0.0416 | 0.9079 | 0.8698 | 0.7639 | 0.0416 | 0.8905 | 0.8680 | 0.7465
0014 | 14:22:14 |  30.1s | 1.0e-04 | 0.0405 | 0.9081 | 0.8738 | 0.7797 | 0.0418 | 0.8800 | 0.8822 | 0.7515
0015 | 14:22:57 |  30.1s | 1.0e-04 | 0.0400 | 0.9113 | 0.8761 | 0.7862 | 0.0406 | 0.8856 | 0.8887 | 0.7831
0016 | 14:23:39 |  38.5s | 1.0e-04 | 0.0392 | 0.9115 | 0.8820 | 0.7993 | 0.0393 | 0.8872 | 0.8907 | 0.7867
0017 | 14:24:31 |  29.6s | 1.0e-04 | 0.0380 | 0.9158 | 0.8860 | 0.8113 | 0.0397 | 0.9166 | 0.8440 | 0.7632
0018 | 14:25:13 |  29.4s | 1.0e-04 | 0.0385 | 0.9148 | 0.8870 | 0.8144 | 0.0367 | 0.8983 | 0.8897 | 0.7956
0019 | 14:25:55 |  29.5s | 1.0e-04 | 0.0375 | 0.9164 | 0.8902 | 0.8270 | 0.0384 | 0.9231 | 0.8490 | 0.7845
0020 | 14:26:37 |  29.8s | 1.0e-04 | 0.0368 | 0.9174 | 0.8931 | 0.8314 | 0.0370 | 0.8864 | 0.8876 | 0.7818
0021 | 14:27:20 |  29.3s | 1.0e-04 | 0.0358 | 0.9186 | 0.8951 | 0.8366 | 0.0375 | 0.9178 | 0.8613 | 0.7897
0022 | 14:28:02 |  29.5s | 1.0e-04 | 0.0349 | 0.9198 | 0.8991 | 0.8466 | 0.0361 | 0.9115 | 0.8797 | 0.8090
0023 | 14:28:44 |  29.6s | 1.0e-04 | 0.0340 | 0.9214 | 0.8991 | 0.8495 | 0.0356 | 0.9119 | 0.8813 | 0.8150
0024 | 14:29:26 |  39.9s | 1.0e-04 | 0.0336 | 0.9215 | 0.9019 | 0.8539 | 0.0334 | 0.9131 | 0.8901 | 0.8277
0025 | 14:30:19 |  30.6s | 1.0e-04 | 0.0335 | 0.9232 | 0.9064 | 0.8636 | 0.0340 | 0.9020 | 0.9002 | 0.8256
0026 | 14:31:02 |  30.4s | 1.0e-04 | 0.0336 | 0.9224 | 0.9045 | 0.8607 | 0.0351 | 0.9219 | 0.8644 | 0.8105
0027 | 14:31:46 |  30.4s | 1.0e-04 | 0.0326 | 0.9256 | 0.9096 | 0.8717 | 0.0342 | 0.9064 | 0.9044 | 0.8326
0028 | 14:32:29 |  30.8s | 1.0e-04 | 0.0326 | 0.9254 | 0.9088 | 0.8698 | 0.0338 | 0.9162 | 0.8823 | 0.8254
0029 | 14:33:12 |  30.9s | 1.0e-04 | 0.0315 | 0.9261 | 0.9098 | 0.8738 | 0.0338 | 0.8977 | 0.9063 | 0.8269
0030 | 14:33:56 |  30.7s | 1.0e-04 | 0.0314 | 0.9266 | 0.9127 | 0.8795 | 0.0342 | 0.8929 | 0.9089 | 0.8277
0031 | 14:34:40 |  30.6s | 1.0e-04 | 0.0310 | 0.9260 | 0.9139 | 0.8801 | 0.0348 | 0.9256 | 0.8797 | 0.8386
0032 | 14:35:23 |  43.2s | 1.0e-04 | 0.0305 | 0.9276 | 0.9132 | 0.8808 | 0.0362 | 0.9213 | 0.8708 | 0.8128
0033 | 14:36:19 |  30.2s | 1.0e-04 | 0.0301 | 0.9282 | 0.9152 | 0.8833 | 0.0320 | 0.9076 | 0.9073 | 0.8431
0034 | 14:37:02 |  30.1s | 1.0e-04 | 0.0297 | 0.9284 | 0.9138 | 0.8838 | 0.0318 | 0.9202 | 0.8925 | 0.8417
0035 | 14:37:45 |  30.2s | 1.0e-04 | 0.0299 | 0.9276 | 0.9150 | 0.8844 | 0.0329 | 0.9194 | 0.8871 | 0.8334
0036 | 14:38:28 |  29.8s | 1.0e-04 | 0.0296 | 0.9310 | 0.9173 | 0.8893 | 0.0328 | 0.8958 | 0.9105 | 0.8311
0037 | 14:39:11 |  30.4s | 1.0e-04 | 0.0296 | 0.9291 | 0.9161 | 0.8875 | 0.0330 | 0.8938 | 0.9143 | 0.8274
0038 | 14:39:54 |  30.3s | 1.0e-04 | 0.0293 | 0.9305 | 0.9157 | 0.8859 | 0.0325 | 0.9041 | 0.9122 | 0.8447
0039 | 14:40:37 |  30.1s | 1.0e-04 | 0.0288 | 0.9300 | 0.9176 | 0.8896 | 0.0327 | 0.8985 | 0.9166 | 0.8493
0040 | 14:41:20 |  46.0s | 1.0e-04 | 0.0291 | 0.9293 | 0.9151 | 0.8851 | 0.0318 | 0.9163 | 0.8895 | 0.8293
0041 | 14:42:19 |  30.6s | 1.0e-04 | 0.0286 | 0.9289 | 0.9165 | 0.8886 | 0.0318 | 0.9091 | 0.9114 | 0.8513
0042 | 14:43:02 |  30.8s | 1.0e-04 | 0.0288 | 0.9293 | 0.9168 | 0.8873 | 0.0324 | 0.9331 | 0.8749 | 0.8458
0043 | 14:43:45 |  30.5s | 1.0e-04 | 0.0286 | 0.9317 | 0.9166 | 0.8899 | 0.0325 | 0.8877 | 0.9264 | 0.8460
0044 | 14:44:29 |  30.5s | 1.0e-04 | 0.0287 | 0.9299 | 0.9183 | 0.8905 | 0.0307 | 0.9304 | 0.8950 | 0.8603
0045 | 14:45:12 |  30.4s | 1.0e-04 | 0.0280 | 0.9310 | 0.9188 | 0.8931 | 0.0302 | 0.9209 | 0.9037 | 0.8613
0046 | 14:45:55 |  30.4s | 1.0e-04 | 0.0283 | 0.9293 | 0.9171 | 0.8878 | 0.0318 | 0.9009 | 0.9211 | 0.8558
0047 | 14:46:38 |  41.4s | 1.0e-04 | 0.0280 | 0.9320 | 0.9191 | 0.8935 | 0.0302 | 0.9160 | 0.9125 | 0.8588
0048 | 14:47:32 |  30.6s | 1.0e-04 | 0.0272 | 0.9319 | 0.9188 | 0.8932 | 0.0309 | 0.9172 | 0.9055 | 0.8534
0049 | 14:48:15 |  30.3s | 1.0e-04 | 0.0276 | 0.9311 | 0.9183 | 0.8924 | 0.0309 | 0.9242 | 0.9019 | 0.8623
0050 | 14:48:58 |  30.4s | 1.0e-04 | 0.0271 | 0.9323 | 0.9202 | 0.8957 | 0.0299 | 0.9240 | 0.8991 | 0.8596
0051 | 14:49:41 |  30.7s | 1.0e-04 | 0.0277 | 0.9321 | 0.9181 | 0.8926 | 0.0303 | 0.9260 | 0.8954 | 0.8540
0052 | 14:50:25 |  30.7s | 1.0e-04 | 0.0264 | 0.9338 | 0.9218 | 0.9007 | 0.0314 | 0.9308 | 0.8833 | 0.8461
0053 | 14:51:08 |  30.3s | 1.0e-04 | 0.0267 | 0.9329 | 0.9227 | 0.9002 | 0.0298 | 0.8984 | 0.9283 | 0.8637
0054 | 14:51:51 |  30.2s | 1.0e-04 | 0.0264 | 0.9346 | 0.9229 | 0.9021 | 0.0307 | 0.9190 | 0.9113 | 0.8643
0055 | 14:52:34 |  42.2s | 1.0e-04 | 0.0265 | 0.9330 | 0.9222 | 0.9002 | 0.0307 | 0.9269 | 0.8978 | 0.8617
0056 | 14:53:29 |  30.8s | 1.0e-04 | 0.0268 | 0.9338 | 0.9239 | 0.9034 | 0.0297 | 0.9233 | 0.9049 | 0.8569
0057 | 14:54:13 |  30.6s | 1.0e-04 | 0.0267 | 0.9345 | 0.9243 | 0.9040 | 0.0304 | 0.9218 | 0.9036 | 0.8603
0058 | 14:54:56 |  30.5s | 1.0e-04 | 0.0265 | 0.9341 | 0.9223 | 0.8995 | 0.0310 | 0.9453 | 0.8680 | 0.8574
0059 | 14:55:40 |  31.0s | 1.0e-04 | 0.0267 | 0.9344 | 0.9240 | 0.9047 | 0.0308 | 0.9113 | 0.9107 | 0.8549
0060 | 14:56:23 |  30.9s | 1.0e-04 | 0.0265 | 0.9340 | 0.9238 | 0.9025 | 0.0298 | 0.9144 | 0.9121 | 0.8587
0061 | 14:57:07 |  30.9s | 1.0e-04 | 0.0266 | 0.9348 | 0.9265 | 0.9076 | 0.0298 | 0.9313 | 0.8966 | 0.8695
0062 | 14:57:51 |  30.7s | 1.0e-04 | 0.0261 | 0.9361 | 0.9239 | 0.9050 | 0.0297 | 0.9105 | 0.9154 | 0.8587
0063 | 14:58:35 |  42.8s | 1.0e-04 | 0.0269 | 0.9339 | 0.9265 | 0.9058 | 0.0283 | 0.9221 | 0.9094 | 0.8704
0064 | 14:59:30 |  30.2s | 1.0e-04 | 0.0273 | 0.9354 | 0.9271 | 0.9092 | 0.0301 | 0.9353 | 0.8869 | 0.8657
0065 | 15:00:13 |  30.2s | 1.0e-04 | 0.0274 | 0.9352 | 0.9258 | 0.9064 | 0.0293 | 0.9331 | 0.8959 | 0.8711
0066 | 15:00:56 |  30.2s | 1.0e-04 | 0.0276 | 0.9348 | 0.9271 | 0.9085 | 0.0292 | 0.9191 | 0.9123 | 0.8667
0067 | 15:01:39 |  29.9s | 1.0e-04 | 0.0269 | 0.9353 | 0.9271 | 0.9088 | 0.0293 | 0.9112 | 0.9189 | 0.8616
0068 | 15:02:22 |  30.2s | 1.0e-04 | 0.0274 | 0.9346 | 0.9261 | 0.9067 | 0.0288 | 0.9179 | 0.9134 | 0.8660
0069 | 15:03:05 |  30.2s | 1.0e-04 | 0.0270 | 0.9352 | 0.9268 | 0.9085 | 0.0288 | 0.9287 | 0.9017 | 0.8681
0070 | 15:03:49 |  30.0s | 1.0e-04 | 0.0266 | 0.9370 | 0.9287 | 0.9132 | 0.0289 | 0.9241 | 0.9089 | 0.8731
0071 | 15:04:31 |  41.0s | 1.0e-04 | 0.0266 | 0.9353 | 0.9259 | 0.9077 | 0.0287 | 0.9349 | 0.8953 | 0.8725
0072 | 15:05:25 |  29.8s | 1.0e-04 | 0.0262 | 0.9355 | 0.9273 | 0.9095 | 0.0293 | 0.9100 | 0.9185 | 0.8655
0073 | 15:06:08 |  30.2s | 1.0e-04 | 0.0259 | 0.9357 | 0.9266 | 0.9096 | 0.0297 | 0.9160 | 0.9106 | 0.8604
0074 | 15:06:51 |  30.0s | 1.0e-04 | 0.0259 | 0.9370 | 0.9293 | 0.9124 | 0.0284 | 0.9149 | 0.9170 | 0.8645
0075 | 15:07:35 |  30.0s | 1.0e-04 | 0.0260 | 0.9363 | 0.9286 | 0.9126 | 0.0292 | 0.9393 | 0.8909 | 0.8792
0076 | 15:08:18 |  29.7s | 1.0e-04 | 0.0260 | 0.9358 | 0.9275 | 0.9113 | 0.0287 | 0.9160 | 0.9138 | 0.8668
0077 | 15:09:01 |  29.8s | 1.0e-04 | 0.0254 | 0.9379 | 0.9300 | 0.9160 | 0.0288 | 0.9190 | 0.9154 | 0.8728
0078 | 15:09:44 |  29.9s | 1.0e-04 | 0.0260 | 0.9368 | 0.9288 | 0.9130 | 0.0289 | 0.9108 | 0.9157 | 0.8546
0079 | 15:10:27 |  41.7s | 1.0e-04 | 0.0259 | 0.9360 | 0.9288 | 0.9119 | 0.0287 | 0.9281 | 0.9118 | 0.8780
0080 | 15:11:22 |  30.3s | 1.0e-04 | 0.0255 | 0.9364 | 0.9293 | 0.9137 | 0.0292 | 0.9200 | 0.9123 | 0.8622
0081 | 15:12:05 |  30.3s | 1.0e-04 | 0.0257 | 0.9367 | 0.9280 | 0.9118 | 0.0280 | 0.9146 | 0.9175 | 0.8632
0082 | 15:12:49 |  30.3s | 1.0e-04 | 0.0260 | 0.9358 | 0.9297 | 0.9142 | 0.0282 | 0.9246 | 0.9160 | 0.8801
0083 | 15:13:32 |  30.4s | 1.0e-04 | 0.0257 | 0.9366 | 0.9287 | 0.9128 | 0.0287 | 0.9179 | 0.9184 | 0.8771
0084 | 15:14:15 |  30.3s | 1.0e-04 | 0.0254 | 0.9365 | 0.9288 | 0.9125 | 0.0280 | 0.9288 | 0.9083 | 0.8739
0085 | 15:14:59 |  30.5s | 1.0e-04 | 0.0255 | 0.9372 | 0.9309 | 0.9160 | 0.0275 | 0.9207 | 0.9199 | 0.8833
0086 | 15:15:43 |  41.1s | 1.0e-04 | 0.0252 | 0.9361 | 0.9302 | 0.9144 | 0.0279 | 0.9315 | 0.9081 | 0.8767
0087 | 15:16:37 |  30.9s | 1.0e-04 | 0.0249 | 0.9377 | 0.9294 | 0.9141 | 0.0274 | 0.9210 | 0.9184 | 0.8783
0088 | 15:17:21 |  31.0s | 1.0e-04 | 0.0248 | 0.9386 | 0.9304 | 0.9171 | 0.0280 | 0.9245 | 0.9187 | 0.8818
0089 | 15:18:05 |  30.6s | 1.0e-04 | 0.0249 | 0.9373 | 0.9285 | 0.9123 | 0.0280 | 0.9265 | 0.9092 | 0.8723
0090 | 15:18:49 |  30.9s | 1.0e-04 | 0.0244 | 0.9385 | 0.9304 | 0.9147 | 0.0279 | 0.9175 | 0.9139 | 0.8699
0091 | 15:19:33 |  30.5s | 1.0e-04 | 0.0244 | 0.9394 | 0.9321 | 0.9192 | 0.0284 | 0.9108 | 0.9228 | 0.8718
0092 | 15:20:17 |  30.9s | 1.0e-04 | 0.0246 | 0.9383 | 0.9308 | 0.9167 | 0.0287 | 0.9192 | 0.9209 | 0.8766
0093 | 15:21:01 |  30.7s | 1.0e-04 | 0.0245 | 0.9374 | 0.9325 | 0.9172 | 0.0290 | 0.9394 | 0.8879 | 0.8704
0094 | 15:21:44 |  42.2s | 1.0e-04 | 0.0242 | 0.9399 | 0.9329 | 0.9205 | 0.0285 | 0.9000 | 0.9406 | 0.8842
0095 | 15:22:40 |  30.5s | 1.0e-04 | 0.0244 | 0.9402 | 0.9345 | 0.9234 | 0.0283 | 0.9157 | 0.9239 | 0.8816
0096 | 15:23:23 |  30.7s | 1.0e-04 | 0.0248 | 0.9395 | 0.9334 | 0.9210 | 0.0273 | 0.9230 | 0.9146 | 0.8745
0097 | 15:24:07 |  30.4s | 1.0e-04 | 0.0266 | 0.9377 | 0.9330 | 0.9195 | 0.0280 | 0.9164 | 0.9286 | 0.8851
0098 | 15:24:51 |  30.4s | 1.0e-04 | 0.0246 | 0.9384 | 0.9339 | 0.9207 | 0.0283 | 0.9286 | 0.9137 | 0.8844
0099 | 15:25:34 |  30.6s | 1.0e-04 | 0.0245 | 0.9390 | 0.9337 | 0.9204 | 0.0282 | 0.9044 | 0.9331 | 0.8784
0100 | 15:26:18 |  30.4s | 1.0e-04 | 0.0248 | 0.9390 | 0.9336 | 0.9210 | 0.0271 | 0.9288 | 0.9222 | 0.8926
0101 | 15:27:01 |  30.2s | 1.0e-04 | 0.0248 | 0.9398 | 0.9341 | 0.9221 | 0.0274 | 0.9212 | 0.9228 | 0.8852
0102 | 15:27:45 |  41.0s | 1.0e-04 | 0.0249 | 0.9378 | 0.9324 | 0.9181 | 0.0272 | 0.9306 | 0.9132 | 0.8820
0103 | 15:28:39 |  29.8s | 1.0e-04 | 0.0245 | 0.9401 | 0.9326 | 0.9205 | 0.0283 | 0.9133 | 0.9263 | 0.8770
0104 | 15:29:21 |  30.0s | 1.0e-04 | 0.0248 | 0.9375 | 0.9326 | 0.9186 | 0.0282 | 0.9104 | 0.9253 | 0.8714
0105 | 15:30:05 |  30.0s | 1.0e-04 | 0.0245 | 0.9393 | 0.9335 | 0.9220 | 0.0275 | 0.9338 | 0.9069 | 0.8876
0106 | 15:30:48 |  30.2s | 1.0e-04 | 0.0244 | 0.9392 | 0.9328 | 0.9212 | 0.0276 | 0.9227 | 0.9255 | 0.8920
0107 | 15:31:31 |  29.8s | 1.0e-04 | 0.0243 | 0.9396 | 0.9352 | 0.9237 | 0.0269 | 0.9224 | 0.9250 | 0.8891
0108 | 15:32:14 |  37.6s | 1.0e-04 | 0.0241 | 0.9394 | 0.9345 | 0.9218 | 0.0274 | 0.9254 | 0.9161 | 0.8840
0109 | 15:33:04 |  30.3s | 1.0e-04 | 0.0235 | 0.9408 | 0.9352 | 0.9245 | 0.0272 | 0.9367 | 0.9028 | 0.8819
0110 | 15:33:48 |  41.1s | 1.0e-04 | 0.0233 | 0.9396 | 0.9342 | 0.9219 | 0.0261 | 0.9393 | 0.9053 | 0.8911
0111 | 15:34:42 |  30.6s | 1.0e-04 | 0.0231 | 0.9388 | 0.9327 | 0.9205 | 0.0260 | 0.9161 | 0.9263 | 0.8819
0112 | 15:35:25 |  30.6s | 1.0e-04 | 0.0233 | 0.9390 | 0.9330 | 0.9201 | 0.0257 | 0.9295 | 0.9213 | 0.8917
0113 | 15:36:09 |  30.6s | 1.0e-04 | 0.0234 | 0.9395 | 0.9316 | 0.9190 | 0.0279 | 0.9241 | 0.9245 | 0.8909
0114 | 15:36:52 |  30.6s | 1.0e-04 | 0.0232 | 0.9399 | 0.9337 | 0.9212 | 0.0271 | 0.9374 | 0.9025 | 0.8868
0115 | 15:37:36 |  31.1s | 1.0e-04 | 0.0230 | 0.9401 | 0.9340 | 0.9212 | 0.0262 | 0.9188 | 0.9310 | 0.8896
0116 | 15:38:20 |  38.7s | 1.0e-04 | 0.0237 | 0.9388 | 0.9322 | 0.9184 | 0.0274 | 0.9294 | 0.9156 | 0.8904
0117 | 15:39:11 |  30.3s | 1.0e-04 | 0.0239 | 0.9376 | 0.9310 | 0.9165 | 0.0264 | 0.9247 | 0.9227 | 0.8896
0118 | 15:39:55 |  37.9s | 1.0e-04 | 0.0238 | 0.9404 | 0.9356 | 0.9253 | 0.0266 | 0.9239 | 0.9212 | 0.8865
0119 | 15:40:45 |  29.7s | 1.0e-04 | 0.0240 | 0.9398 | 0.9360 | 0.9252 | 0.0255 | 0.9292 | 0.9161 | 0.8902
0120 | 15:41:28 |  29.8s | 1.0e-04 | 0.0241 | 0.9405 | 0.9360 | 0.9250 | 0.0265 | 0.9123 | 0.9382 | 0.8952
0121 | 15:42:11 |  29.9s | 1.0e-04 | 0.0239 | 0.9402 | 0.9367 | 0.9270 | 0.0270 | 0.9200 | 0.9289 | 0.8930
0122 | 15:42:53 |  29.8s | 1.0e-04 | 0.0242 | 0.9385 | 0.9349 | 0.9213 | 0.0268 | 0.9236 | 0.9245 | 0.8932
0123 | 15:43:36 |  29.6s | 1.0e-04 | 0.0234 | 0.9414 | 0.9367 | 0.9266 | 0.0263 | 0.9254 | 0.9232 | 0.8943
0124 | 15:44:18 |  37.0s | 1.0e-04 | 0.0230 | 0.9425 | 0.9380 | 0.9298 | 0.0259 | 0.9209 | 0.9268 | 0.8894
0125 | 15:45:08 |  29.1s | 1.0e-04 | 0.0224 | 0.9425 | 0.9400 | 0.9331 | 0.0260 | 0.9328 | 0.9147 | 0.8933
0126 | 15:45:50 |  29.3s | 1.0e-04 | 0.0226 | 0.9425 | 0.9376 | 0.9303 | 0.0263 | 0.9229 | 0.9284 | 0.8935
0127 | 15:46:32 |  29.6s | 1.0e-04 | 0.0232 | 0.9408 | 0.9368 | 0.9268 | 0.0264 | 0.9208 | 0.9315 | 0.8958
0128 | 15:47:15 |  29.4s | 1.0e-04 | 0.0232 | 0.9393 | 0.9359 | 0.9241 | 0.0260 | 0.9192 | 0.9341 | 0.8993
0129 | 15:47:57 |  29.1s | 1.0e-04 | 0.0222 | 0.9432 | 0.9399 | 0.9329 | 0.0252 | 0.9354 | 0.9155 | 0.8978
0130 | 15:48:39 |  29.3s | 1.0e-04 | 0.0226 | 0.9428 | 0.9392 | 0.9310 | 0.0255 | 0.9283 | 0.9287 | 0.9020
0131 | 15:49:21 |  29.4s | 1.0e-04 | 0.0228 | 0.9418 | 0.9362 | 0.9272 | 0.0254 | 0.9322 | 0.9284 | 0.9075
0132 | 15:50:03 |  38.3s | 1.0e-04 | 0.0238 | 0.9395 | 0.9367 | 0.9256 | 0.0265 | 0.9210 | 0.9288 | 0.8904
0133 | 15:50:55 |  39.2s | 1.0e-04 | 0.0233 | 0.9418 | 0.9374 | 0.9284 | 0.0253 | 0.9315 | 0.9154 | 0.8934
0134 | 15:51:47 |  29.9s | 1.0e-04 | 0.0233 | 0.9427 | 0.9409 | 0.9335 | 0.0265 | 0.9226 | 0.9350 | 0.9015
0135 | 15:52:29 |  30.0s | 1.0e-04 | 0.0236 | 0.9418 | 0.9392 | 0.9313 | 0.0254 | 0.9255 | 0.9304 | 0.8986
0136 | 15:53:12 |  29.8s | 1.0e-04 | 0.0238 | 0.9411 | 0.9405 | 0.9315 | 0.0253 | 0.9317 | 0.9269 | 0.9051
0137 | 15:53:55 |  30.0s | 1.0e-04 | 0.0236 | 0.9414 | 0.9408 | 0.9320 | 0.0254 | 0.9268 | 0.9280 | 0.8992
0138 | 15:54:38 |  30.0s | 1.0e-04 | 0.0235 | 0.9423 | 0.9403 | 0.9320 | 0.0255 | 0.9396 | 0.9119 | 0.8972
0139 | 15:55:20 |  29.9s | 1.0e-04 | 0.0234 | 0.9431 | 0.9402 | 0.9334 | 0.0249 | 0.9236 | 0.9391 | 0.9067
0140 | 15:56:03 |  38.9s | 1.0e-04 | 0.0232 | 0.9436 | 0.9440 | 0.9378 | 0.0254 | 0.9210 | 0.9299 | 0.8949
0141 | 15:56:55 |  38.3s | 1.0e-04 | 0.0226 | 0.9445 | 0.9438 | 0.9382 | 0.0262 | 0.9219 | 0.9350 | 0.9042
0142 | 15:57:46 |  30.8s | 1.0e-04 | 0.0229 | 0.9432 | 0.9415 | 0.9356 | 0.0259 | 0.9307 | 0.9250 | 0.8992
0143 | 15:58:30 |  30.8s | 1.0e-04 | 0.0227 | 0.9434 | 0.9423 | 0.9359 | 0.0251 | 0.9298 | 0.9307 | 0.9083
0144 | 15:59:13 |  30.7s | 1.0e-04 | 0.0223 | 0.9445 | 0.9428 | 0.9379 | 0.0255 | 0.9414 | 0.9132 | 0.9018
0145 | 15:59:57 |  30.7s | 1.0e-04 | 0.0226 | 0.9443 | 0.9418 | 0.9358 | 0.0255 | 0.9306 | 0.9278 | 0.9065
0146 | 16:00:40 |  31.0s | 1.0e-04 | 0.0225 | 0.9443 | 0.9438 | 0.9379 | 0.0259 | 0.9243 | 0.9320 | 0.9002
0147 | 16:01:24 |  38.5s | 1.0e-04 | 0.0224 | 0.9448 | 0.9422 | 0.9370 | 0.0256 | 0.9333 | 0.9230 | 0.8984
0148 | 16:02:15 |  30.5s | 1.0e-04 | 0.0224 | 0.9452 | 0.9438 | 0.9388 | 0.0256 | 0.9201 | 0.9342 | 0.8970
0149 | 16:02:59 |  38.6s | 1.0e-04 | 0.0217 | 0.9445 | 0.9445 | 0.9393 | 0.0259 | 0.9264 | 0.9238 | 0.8957
0150 | 16:03:51 |  30.3s | 1.0e-04 | 0.0220 | 0.9447 | 0.9438 | 0.9383 | 0.0264 | 0.9349 | 0.9084 | 0.8874
0151 | 16:04:34 |  30.1s | 1.0e-04 | 0.0219 | 0.9446 | 0.9434 | 0.9378 | 0.0251 | 0.9221 | 0.9390 | 0.9068
0152 | 16:05:17 |  30.3s | 1.0e-04 | 0.0218 | 0.9453 | 0.9427 | 0.9385 | 0.0256 | 0.9126 | 0.9443 | 0.9044
0153 | 16:06:00 |  30.4s | 1.0e-04 | 0.0220 | 0.9455 | 0.9443 | 0.9396 | 0.0252 | 0.9316 | 0.9224 | 0.8957
0154 | 16:06:43 |  30.5s | 1.0e-04 | 0.0217 | 0.9465 | 0.9438 | 0.9398 | 0.0251 | 0.9298 | 0.9262 | 0.9008
0155 | 16:07:26 |  38.5s | 1.0e-04 | 0.0223 | 0.9440 | 0.9420 | 0.9361 | 0.0254 | 0.9200 | 0.9377 | 0.9035
0156 | 16:08:18 |  30.8s | 1.0e-04 | 0.0229 | 0.9424 | 0.9418 | 0.9338 | 0.0264 | 0.9535 | 0.8974 | 0.9052
0157 | 16:09:01 |  38.2s | 1.0e-04 | 0.0230 | 0.9432 | 0.9413 | 0.9352 | 0.0251 | 0.9298 | 0.9294 | 0.9033
0158 | 16:09:52 |  29.9s | 1.0e-04 | 0.0231 | 0.9423 | 0.9401 | 0.9322 | 0.0244 | 0.9329 | 0.9271 | 0.9038
0159 | 16:10:35 |  29.8s | 1.0e-04 | 0.0228 | 0.9436 | 0.9426 | 0.9364 | 0.0237 | 0.9341 | 0.9320 | 0.9129
0160 | 16:11:18 |  29.8s | 1.0e-04 | 0.0227 | 0.9434 | 0.9423 | 0.9361 | 0.0241 | 0.9335 | 0.9298 | 0.9114
0161 | 16:12:00 |  29.6s | 1.0e-04 | 0.0230 | 0.9435 | 0.9423 | 0.9359 | 0.0249 | 0.9318 | 0.9224 | 0.8987
0162 | 16:12:43 |  29.8s | 1.0e-04 | 0.0230 | 0.9428 | 0.9420 | 0.9351 | 0.0250 | 0.9444 | 0.9083 | 0.9074
0163 | 16:13:26 |  46.3s | 1.0e-04 | 0.0227 | 0.9435 | 0.9427 | 0.9364 | 0.0246 | 0.9295 | 0.9318 | 0.9063
0164 | 16:14:25 |  29.5s | 1.0e-04 | 0.0229 | 0.9435 | 0.9427 | 0.9360 | 0.0248 | 0.9275 | 0.9343 | 0.9082
0165 | 16:15:07 |  38.4s | 1.0e-04 | 0.0225 | 0.9443 | 0.9428 | 0.9373 | 0.0248 | 0.9261 | 0.9363 | 0.9093
0166 | 16:15:58 |  30.2s | 1.0e-04 | 0.0228 | 0.9441 | 0.9451 | 0.9392 | 0.0255 | 0.9407 | 0.9208 | 0.9112
0167 | 16:16:41 |  30.1s | 1.0e-04 | 0.0227 | 0.9447 | 0.9436 | 0.9380 | 0.0248 | 0.9256 | 0.9378 | 0.9096
0168 | 16:17:24 |  29.9s | 1.0e-04 | 0.0226 | 0.9442 | 0.9447 | 0.9391 | 0.0247 | 0.9357 | 0.9216 | 0.9051
0169 | 16:18:07 |  29.9s | 1.0e-04 | 0.0222 | 0.9449 | 0.9448 | 0.9395 | 0.0256 | 0.9434 | 0.9163 | 0.9073
0170 | 16:18:50 |  37.6s | 1.0e-04 | 0.0223 | 0.9454 | 0.9447 | 0.9404 | 0.0248 | 0.9270 | 0.9364 | 0.9113
0171 | 16:19:40 |  37.2s | 1.0e-04 | 0.0216 | 0.9457 | 0.9441 | 0.9401 | 0.0250 | 0.9209 | 0.9353 | 0.9018
0172 | 16:20:30 |  40.1s | 1.0e-04 | 0.0212 | 0.9470 | 0.9454 | 0.9426 | 0.0247 | 0.9172 | 0.9435 | 0.9084
0173 | 16:21:23 |  29.9s | 1.0e-04 | 0.0208 | 0.9476 | 0.9446 | 0.9422 | 0.0250 | 0.9285 | 0.9345 | 0.9086
0174 | 16:22:06 |  29.8s | 1.0e-04 | 0.0204 | 0.9468 | 0.9460 | 0.9429 | 0.0262 | 0.9256 | 0.9271 | 0.8972
0175 | 16:22:49 |  30.0s | 1.0e-04 | 0.0208 | 0.9466 | 0.9445 | 0.9414 | 0.0255 | 0.9168 | 0.9394 | 0.9031
0176 | 16:23:32 |  30.0s | 1.0e-04 | 0.0205 | 0.9458 | 0.9458 | 0.9415 | 0.0247 | 0.9335 | 0.9215 | 0.8993
0177 | 16:24:15 |  29.7s | 1.0e-04 | 0.0202 | 0.9466 | 0.9464 | 0.9433 | 0.0253 | 0.9279 | 0.9253 | 0.9000
0178 | 16:24:57 |  36.9s | 1.0e-04 | 0.0207 | 0.9461 | 0.9457 | 0.9422 | 0.0246 | 0.9387 | 0.9204 | 0.9056
0179 | 16:25:47 |  37.0s | 1.0e-04 | 0.0202 | 0.9478 | 0.9452 | 0.9434 | 0.0248 | 0.9380 | 0.9151 | 0.9024
0180 | 16:26:37 |  38.1s | 1.0e-04 | 0.0205 | 0.9476 | 0.9465 | 0.9445 | 0.0253 | 0.9166 | 0.9432 | 0.9066
0181 | 16:27:28 |  29.5s | 1.0e-04 | 0.0214 | 0.9465 | 0.9461 | 0.9426 | 0.0238 | 0.9274 | 0.9357 | 0.9099
0182 | 16:28:10 |  29.5s | 1.0e-04 | 0.0216 | 0.9464 | 0.9464 | 0.9430 | 0.0252 | 0.9232 | 0.9429 | 0.9140
0183 | 16:28:52 |  29.3s | 1.0e-04 | 0.0213 | 0.9469 | 0.9486 | 0.9455 | 0.0245 | 0.9421 | 0.9138 | 0.9039
0184 | 16:29:34 |  29.6s | 1.0e-04 | 0.0216 | 0.9465 | 0.9470 | 0.9437 | 0.0244 | 0.9355 | 0.9223 | 0.9049
0185 | 16:30:17 |  29.4s | 1.0e-04 | 0.0217 | 0.9472 | 0.9469 | 0.9444 | 0.0253 | 0.9208 | 0.9378 | 0.9052
0186 | 16:30:59 |  44.3s | 1.0e-04 | 0.0218 | 0.9460 | 0.9480 | 0.9439 | 0.0240 | 0.9336 | 0.9314 | 0.9095
0187 | 16:31:56 |  29.5s | 1.0e-04 | 0.0221 | 0.9458 | 0.9467 | 0.9423 | 0.0250 | 0.9341 | 0.9194 | 0.9004
0188 | 16:32:39 |  38.9s | 1.0e-04 | 0.0218 | 0.9458 | 0.9453 | 0.9412 | 0.0244 | 0.9318 | 0.9319 | 0.9099
0189 | 16:33:30 |  29.7s | 1.0e-04 | 0.0209 | 0.9464 | 0.9444 | 0.9409 | 0.0242 | 0.9398 | 0.9232 | 0.9131
0190 | 16:34:13 |  30.3s | 1.0e-04 | 0.0214 | 0.9451 | 0.9446 | 0.9403 | 0.0239 | 0.9274 | 0.9371 | 0.9111
0191 | 16:34:56 |  30.0s | 1.0e-04 | 0.0211 | 0.9457 | 0.9443 | 0.9402 | 0.0242 | 0.9282 | 0.9328 | 0.9090
0192 | 16:35:39 |  29.9s | 1.0e-04 | 0.0214 | 0.9455 | 0.9452 | 0.9407 | 0.0239 | 0.9438 | 0.9254 | 0.9158
0193 | 16:36:21 |  30.1s | 1.0e-04 | 0.0216 | 0.9430 | 0.9428 | 0.9365 | 0.0244 | 0.9430 | 0.9122 | 0.9070
0194 | 16:37:04 |  44.8s | 1.0e-04 | 0.0204 | 0.9479 | 0.9470 | 0.9451 | 0.0246 | 0.9206 | 0.9424 | 0.9099
0195 | 16:38:02 |  30.6s | 1.0e-04 | 0.0204 | 0.9472 | 0.9463 | 0.9437 | 0.0240 | 0.9243 | 0.9352 | 0.9046
0196 | 16:38:45 |  40.2s | 1.0e-04 | 0.0201 | 0.9467 | 0.9471 | 0.9436 | 0.0238 | 0.9383 | 0.9297 | 0.9188
0197 | 16:39:38 |  30.6s | 1.0e-04 | 0.0202 | 0.9465 | 0.9454 | 0.9421 | 0.0241 | 0.9274 | 0.9380 | 0.9129
0198 | 16:40:22 |  31.1s | 1.0e-04 | 0.0203 | 0.9469 | 0.9452 | 0.9424 | 0.0244 | 0.9364 | 0.9305 | 0.9167
0199 | 16:41:06 |  30.7s | 1.0e-04 | 0.0202 | 0.9467 | 0.9442 | 0.9409 | 0.0246 | 0.9284 | 0.9360 | 0.9098
0200 | 16:41:49 |  30.7s | 1.0e-04 | 0.0201 | 0.9471 | 0.9455 | 0.9426 | 0.0244 | 0.9272 | 0.9407 | 0.9141
0201 | 16:42:33 |  30.3s | 1.0e-04 | 0.0202 | 0.9461 | 0.9448 | 0.9411 | 0.0242 | 0.9360 | 0.9249 | 0.9073
0202 | 16:43:16 |  45.8s | 1.0e-04 | 0.0201 | 0.9470 | 0.9446 | 0.9417 | 0.0241 | 0.9358 | 0.9288 | 0.9114
0203 | 16:44:14 |  30.9s | 1.0e-04 | 0.0201 | 0.9460 | 0.9450 | 0.9412 | 0.0243 | 0.9367 | 0.9266 | 0.9087
0204 | 16:44:58 |  38.1s | 1.0e-04 | 0.0198 | 0.9480 | 0.9484 | 0.9466 | 0.0246 | 0.9438 | 0.9162 | 0.9072
0205 | 16:45:49 |  31.1s | 1.0e-04 | 0.0202 | 0.9480 | 0.9474 | 0.9454 | 0.0241 | 0.9308 | 0.9261 | 0.9041
0206 | 16:46:33 |  30.8s | 1.0e-04 | 0.0195 | 0.9484 | 0.9479 | 0.9463 | 0.0240 | 0.9420 | 0.9220 | 0.9138
0207 | 16:47:17 |  30.7s | 1.0e-04 | 0.0198 | 0.9488 | 0.9481 | 0.9469 | 0.0246 | 0.9432 | 0.9165 | 0.9117
0208 | 16:48:00 |  31.1s | 1.0e-04 | 0.0198 | 0.9485 | 0.9479 | 0.9465 | 0.0244 | 0.9386 | 0.9164 | 0.9026
0209 | 16:48:44 |  38.6s | 1.0e-04 | 0.0198 | 0.9481 | 0.9487 | 0.9469 | 0.0253 | 0.9273 | 0.9299 | 0.9046
0210 | 16:49:35 |  38.2s | 1.0e-04 | 0.0197 | 0.9488 | 0.9493 | 0.9482 | 0.0245 | 0.9335 | 0.9236 | 0.9059
0211 | 16:50:26 |  38.2s | 1.0e-04 | 0.0196 | 0.9483 | 0.9479 | 0.9462 | 0.0248 | 0.9470 | 0.9162 | 0.9142
0212 | 16:51:17 |  30.1s | 1.0e-04 | 0.0206 | 0.9472 | 0.9476 | 0.9447 | 0.0239 | 0.9382 | 0.9270 | 0.9102
0213 | 16:52:00 |  29.9s | 1.0e-04 | 0.0211 | 0.9470 | 0.9446 | 0.9414 | 0.0242 | 0.9349 | 0.9332 | 0.9146
0214 | 16:52:43 |  30.4s | 1.0e-04 | 0.0205 | 0.9487 | 0.9477 | 0.9465 | 0.0239 | 0.9259 | 0.9333 | 0.9044
0215 | 16:53:26 |  30.4s | 1.0e-04 | 0.0208 | 0.9467 | 0.9486 | 0.9457 | 0.0234 | 0.9334 | 0.9311 | 0.9106
0216 | 16:54:09 |  30.4s | 1.0e-04 | 0.0210 | 0.9465 | 0.9472 | 0.9440 | 0.0244 | 0.9341 | 0.9218 | 0.9031
0217 | 16:54:53 |  38.7s | 1.0e-04 | 0.0205 | 0.9482 | 0.9480 | 0.9464 | 0.0235 | 0.9323 | 0.9319 | 0.9110
0218 | 16:55:44 |  36.8s | 1.0e-04 | 0.0208 | 0.9480 | 0.9469 | 0.9449 | 0.0239 | 0.9344 | 0.9313 | 0.9114
0219 | 16:56:34 |  37.7s | 1.0e-04 | 0.0204 | 0.9488 | 0.9474 | 0.9460 | 0.0237 | 0.9387 | 0.9266 | 0.9134
0220 | 16:57:24 |  29.3s | 1.0e-04 | 0.0198 | 0.9487 | 0.9485 | 0.9471 | 0.0253 | 0.9436 | 0.9153 | 0.9099
0221 | 16:58:06 |  29.3s | 1.0e-04 | 0.0197 | 0.9487 | 0.9479 | 0.9467 | 0.0249 | 0.9232 | 0.9374 | 0.9066
0222 | 16:58:48 |  29.6s | 1.0e-04 | 0.0196 | 0.9477 | 0.9477 | 0.9456 | 0.0238 | 0.9265 | 0.9421 | 0.9156
0223 | 16:59:31 |  29.5s | 1.0e-04 | 0.0196 | 0.9482 | 0.9490 | 0.9473 | 0.0237 | 0.9260 | 0.9348 | 0.9069
0224 | 17:00:13 |  29.3s | 1.0e-04 | 0.0193 | 0.9494 | 0.9471 | 0.9468 | 0.0246 | 0.9189 | 0.9443 | 0.9112
0225 | 17:00:55 |  37.4s | 1.0e-04 | 0.0236 | 0.9486 | 0.9483 | 0.9470 | 0.0236 | 0.9447 | 0.9266 | 0.9219
0226 | 17:01:45 |  30.1s | 1.0e-04 | 0.0201 | 0.9449 | 0.9442 | 0.9392 | 0.0243 | 0.9363 | 0.9248 | 0.9102
0227 | 17:02:28 |  39.4s | 1.0e-04 | 0.0206 | 0.9460 | 0.9442 | 0.9402 | 0.0228 | 0.9274 | 0.9452 | 0.9223
0228 | 17:03:20 |  30.5s | 1.0e-04 | 0.0210 | 0.9455 | 0.9449 | 0.9405 | 0.0240 | 0.9421 | 0.9215 | 0.9133
0229 | 17:04:04 |  30.5s | 1.0e-04 | 0.0213 | 0.9453 | 0.9435 | 0.9390 | 0.0241 | 0.9392 | 0.9198 | 0.9048
0230 | 17:04:47 |  30.3s | 1.0e-04 | 0.0214 | 0.9447 | 0.9431 | 0.9384 | 0.0238 | 0.9353 | 0.9332 | 0.9178
0231 | 17:05:30 |  30.5s | 1.0e-04 | 0.0217 | 0.9433 | 0.9431 | 0.9367 | 0.0232 | 0.9404 | 0.9251 | 0.9117
0232 | 17:06:13 |  30.6s | 1.0e-04 | 0.0214 | 0.9449 | 0.9442 | 0.9392 | 0.0234 | 0.9421 | 0.9230 | 0.9169
0233 | 17:06:57 |  46.4s | 1.0e-04 | 0.0212 | 0.9456 | 0.9453 | 0.9413 | 0.0238 | 0.9350 | 0.9297 | 0.9112
0234 | 17:07:56 |  30.8s | 1.0e-04 | 0.0212 | 0.9453 | 0.9463 | 0.9418 | 0.0238 | 0.9339 | 0.9338 | 0.9164
0235 | 17:08:40 |  39.2s | 1.0e-04 | 0.0207 | 0.9464 | 0.9454 | 0.9418 | 0.0237 | 0.9330 | 0.9318 | 0.9075
0236 | 17:09:32 |  30.3s | 1.0e-04 | 0.0203 | 0.9460 | 0.9455 | 0.9421 | 0.0238 | 0.9324 | 0.9362 | 0.9145
0237 | 17:10:15 |  30.7s | 1.0e-04 | 0.0204 | 0.9470 | 0.9462 | 0.9435 | 0.0232 | 0.9364 | 0.9307 | 0.9131
0238 | 17:10:58 |  30.6s | 1.0e-04 | 0.0204 | 0.9453 | 0.9449 | 0.9405 | 0.0231 | 0.9382 | 0.9301 | 0.9159
0239 | 17:11:42 |  30.8s | 1.0e-04 | 0.0203 | 0.9454 | 0.9465 | 0.9424 | 0.0240 | 0.9251 | 0.9448 | 0.9188
0240 | 17:12:25 |  30.6s | 1.0e-04 | 0.0204 | 0.9462 | 0.9451 | 0.9419 | 0.0233 | 0.9283 | 0.9379 | 0.9140
0241 | 17:13:09 |  46.7s | 1.0e-04 | 0.0200 | 0.9480 | 0.9475 | 0.9455 | 0.0238 | 0.9353 | 0.9346 | 0.9150
0242 | 17:14:08 |  30.2s | 1.0e-04 | 0.0201 | 0.9469 | 0.9472 | 0.9444 | 0.0242 | 0.9281 | 0.9377 | 0.9156
0243 | 17:14:51 |  38.5s | 1.0e-04 | 0.0204 | 0.9474 | 0.9474 | 0.9448 | 0.0232 | 0.9426 | 0.9284 | 0.9199
0244 | 17:15:42 |  30.3s | 1.0e-04 | 0.0204 | 0.9470 | 0.9477 | 0.9448 | 0.0233 | 0.9441 | 0.9269 | 0.9222
0245 | 17:16:26 |  29.9s | 1.0e-04 | 0.0206 | 0.9482 | 0.9465 | 0.9447 | 0.0239 | 0.9423 | 0.9245 | 0.9172
0246 | 17:17:08 |  30.2s | 1.0e-04 | 0.0205 | 0.9478 | 0.9477 | 0.9457 | 0.0237 | 0.9380 | 0.9249 | 0.9122
0247 | 17:17:51 |  30.1s | 1.0e-04 | 0.0205 | 0.9469 | 0.9469 | 0.9443 | 0.0241 | 0.9417 | 0.9197 | 0.9124
0248 | 17:18:35 |  37.4s | 1.0e-04 | 0.0204 | 0.9472 | 0.9468 | 0.9441 | 0.0231 | 0.9334 | 0.9380 | 0.9198
0249 | 17:19:25 |  37.0s | 1.0e-04 | 0.0203 | 0.9489 | 0.9480 | 0.9471 | 0.0231 | 0.9315 | 0.9379 | 0.9168
0250 | 17:20:15 |  29.3s | 1.0e-04 | 0.0204 | 0.9478 | 0.9490 | 0.9470 | 0.0231 | 0.9318 | 0.9311 | 0.9101
0251 | 17:20:58 |  30.0s | 1.0e-04 | 0.0190 | 0.9496 | 0.9488 | 0.9487 | 0.0242 | 0.9508 | 0.9077 | 0.9124
0252 | 17:21:41 |  29.9s | 1.0e-04 | 0.0192 | 0.9493 | 0.9496 | 0.9488 | 0.0236 | 0.9362 | 0.9242 | 0.9093
0253 | 17:22:24 |  30.0s | 1.0e-04 | 0.0194 | 0.9494 | 0.9490 | 0.9484 | 0.0237 | 0.9241 | 0.9439 | 0.9171
0254 | 17:23:07 |  29.7s | 1.0e-04 | 0.0194 | 0.9490 | 0.9494 | 0.9486 | 0.0236 | 0.9304 | 0.9359 | 0.9118
0255 | 17:23:50 |  29.8s | 1.0e-04 | 0.0190 | 0.9486 | 0.9512 | 0.9495 | 0.0233 | 0.9347 | 0.9355 | 0.9153
0256 | 17:24:33 |  38.1s | 1.0e-04 | 0.0191 | 0.9491 | 0.9503 | 0.9495 | 0.0229 | 0.9285 | 0.9403 | 0.9160
0257 | 17:25:24 |  37.9s | 1.0e-04 | 0.0196 | 0.9475 | 0.9499 | 0.9474 | 0.0238 | 0.9373 | 0.9351 | 0.9220
0258 | 17:26:15 |  39.2s | 1.0e-04 | 0.0201 | 0.9481 | 0.9465 | 0.9454 | 0.0235 | 0.9359 | 0.9363 | 0.9172
0259 | 17:27:07 |  30.4s | 1.0e-04 | 0.0202 | 0.9472 | 0.9485 | 0.9460 | 0.0233 | 0.9269 | 0.9394 | 0.9145
0260 | 17:27:51 |  30.2s | 1.0e-04 | 0.0205 | 0.9475 | 0.9477 | 0.9450 | 0.0233 | 0.9291 | 0.9379 | 0.9140
0261 | 17:28:34 |  30.6s | 1.0e-04 | 0.0203 | 0.9477 | 0.9489 | 0.9468 | 0.0236 | 0.9380 | 0.9293 | 0.9179
0262 | 17:29:18 |  30.3s | 1.0e-04 | 0.0200 | 0.9489 | 0.9478 | 0.9468 | 0.0232 | 0.9232 | 0.9440 | 0.9153
0263 | 17:30:01 |  30.5s | 1.0e-04 | 0.0201 | 0.9480 | 0.9489 | 0.9471 | 0.0234 | 0.9431 | 0.9264 | 0.9206
0264 | 17:30:45 |  38.5s | 1.0e-04 | 0.0199 | 0.9483 | 0.9497 | 0.9478 | 0.0224 | 0.9373 | 0.9346 | 0.9205
0265 | 17:31:37 |  37.7s | 1.0e-04 | 0.0202 | 0.9479 | 0.9491 | 0.9471 | 0.0226 | 0.9294 | 0.9387 | 0.9178
0266 | 17:32:28 |  37.9s | 1.0e-04 | 0.0203 | 0.9478 | 0.9488 | 0.9468 | 0.0234 | 0.9276 | 0.9441 | 0.9201
0267 | 17:33:19 |  29.7s | 1.0e-04 | 0.0204 | 0.9469 | 0.9482 | 0.9454 | 0.0230 | 0.9288 | 0.9448 | 0.9212
0268 | 17:34:01 |  29.7s | 1.0e-04 | 0.0205 | 0.9469 | 0.9481 | 0.9451 | 0.0236 | 0.9383 | 0.9236 | 0.9102
0269 | 17:34:44 |  29.9s | 1.0e-04 | 0.0204 | 0.9477 | 0.9491 | 0.9469 | 0.0233 | 0.9290 | 0.9421 | 0.9189
0270 | 17:35:27 |  29.9s | 1.0e-04 | 0.0204 | 0.9467 | 0.9475 | 0.9445 | 0.0236 | 0.9273 | 0.9451 | 0.9221
0271 | 17:36:10 |  29.9s | 1.0e-04 | 0.0204 | 0.9478 | 0.9490 | 0.9470 | 0.0224 | 0.9337 | 0.9315 | 0.9123
0272 | 17:36:53 |  44.8s | 1.0e-04 | 0.0208 | 0.9463 | 0.9468 | 0.9432 | 0.0231 | 0.9330 | 0.9346 | 0.9191
0273 | 17:37:51 |  29.6s | 1.0e-04 | 0.0201 | 0.9475 | 0.9467 | 0.9444 | 0.0227 | 0.9339 | 0.9360 | 0.9190
0274 | 17:38:34 |  37.8s | 1.0e-04 | 0.0206 | 0.9459 | 0.9479 | 0.9442 | 0.0230 | 0.9467 | 0.9298 | 0.9257
0275 | 17:39:25 |  29.8s | 1.0e-04 | 0.0204 | 0.9474 | 0.9482 | 0.9456 | 0.0234 | 0.9289 | 0.9417 | 0.9177
0276 | 17:40:08 |  29.9s | 1.0e-04 | 0.0203 | 0.9479 | 0.9483 | 0.9463 | 0.0242 | 0.9398 | 0.9319 | 0.9185
0277 | 17:40:51 |  29.8s | 1.0e-04 | 0.0201 | 0.9475 | 0.9487 | 0.9466 | 0.0238 | 0.9506 | 0.9125 | 0.9148
0278 | 17:41:34 |  29.9s | 1.0e-04 | 0.0203 | 0.9477 | 0.9488 | 0.9465 | 0.0227 | 0.9294 | 0.9412 | 0.9197
0279 | 17:42:17 |  29.8s | 1.0e-04 | 0.0203 | 0.9473 | 0.9478 | 0.9452 | 0.0229 | 0.9424 | 0.9253 | 0.9178
0280 | 17:43:00 |  44.8s | 1.0e-04 | 0.0202 | 0.9490 | 0.9488 | 0.9479 | 0.0230 | 0.9254 | 0.9509 | 0.9264
0281 | 17:43:57 |  30.3s | 1.0e-04 | 0.0196 | 0.9486 | 0.9483 | 0.9470 | 0.0229 | 0.9278 | 0.9440 | 0.9220
0282 | 17:44:41 |  38.7s | 1.0e-04 | 0.0189 | 0.9491 | 0.9482 | 0.9475 | 0.0239 | 0.9372 | 0.9271 | 0.9134
0283 | 17:45:33 |  31.2s | 1.0e-04 | 0.0190 | 0.9479 | 0.9477 | 0.9456 | 0.0230 | 0.9287 | 0.9421 | 0.9191
0284 | 17:46:17 |  31.1s | 1.0e-04 | 0.0188 | 0.9483 | 0.9475 | 0.9462 | 0.0233 | 0.9388 | 0.9321 | 0.9188
0285 | 17:47:01 |  31.0s | 1.0e-04 | 0.0189 | 0.9473 | 0.9465 | 0.9443 | 0.0231 | 0.9437 | 0.9306 | 0.9223
0286 | 17:47:44 |  31.0s | 1.0e-04 | 0.0188 | 0.9474 | 0.9476 | 0.9453 | 0.0232 | 0.9466 | 0.9222 | 0.9184
0287 | 17:48:28 |  31.1s | 1.0e-04 | 0.0190 | 0.9484 | 0.9467 | 0.9451 | 0.0227 | 0.9254 | 0.9432 | 0.9168
0288 | 17:49:12 |  46.1s | 1.0e-04 | 0.0195 | 0.9474 | 0.9468 | 0.9446 | 0.0230 | 0.9377 | 0.9337 | 0.9190
0289 | 17:50:11 |  30.5s | 1.0e-04 | 0.0199 | 0.9474 | 0.9469 | 0.9443 | 0.0228 | 0.9373 | 0.9336 | 0.9191
0290 | 17:50:55 |  38.2s | 1.0e-04 | 0.0201 | 0.9479 | 0.9488 | 0.9469 | 0.0228 | 0.9461 | 0.9300 | 0.9272
0291 | 17:51:46 |  30.2s | 1.0e-04 | 0.0202 | 0.9484 | 0.9499 | 0.9483 | 0.0235 | 0.9325 | 0.9335 | 0.9114
0292 | 17:52:29 |  30.2s | 1.0e-04 | 0.0203 | 0.9474 | 0.9498 | 0.9471 | 0.0231 | 0.9458 | 0.9240 | 0.9239
0293 | 17:53:12 |  30.1s | 1.0e-04 | 0.0199 | 0.9476 | 0.9495 | 0.9473 | 0.0231 | 0.9420 | 0.9252 | 0.9175
0294 | 17:53:55 |  30.2s | 1.0e-04 | 0.0199 | 0.9495 | 0.9504 | 0.9498 | 0.0227 | 0.9303 | 0.9427 | 0.9214
0295 | 17:54:38 |  37.5s | 1.0e-04 | 0.0202 | 0.9483 | 0.9507 | 0.9489 | 0.0236 | 0.9378 | 0.9224 | 0.9111
0296 | 17:55:29 |  37.8s | 1.0e-04 | 0.0202 | 0.9483 | 0.9505 | 0.9487 | 0.0233 | 0.9259 | 0.9454 | 0.9193
0297 | 17:56:19 |  37.8s | 1.0e-04 | 0.0200 | 0.9486 | 0.9499 | 0.9486 | 0.0233 | 0.9343 | 0.9326 | 0.9119
0298 | 17:57:10 |  29.7s | 1.0e-04 | 0.0199 | 0.9489 | 0.9494 | 0.9483 | 0.0225 | 0.9300 | 0.9456 | 0.9242
0299 | 17:57:53 |  29.6s | 1.0e-04 | 0.0202 | 0.9475 | 0.9484 | 0.9461 | 0.0223 | 0.9378 | 0.9344 | 0.9205
0300 | 17:58:35 |  29.7s | 1.0e-04 | 0.0200 | 0.9474 | 0.9487 | 0.9460 | 0.0220 | 0.9384 | 0.9364 | 0.9239
0301 | 17:59:17 |  29.7s | 1.0e-04 | 0.0198 | 0.9487 | 0.9509 | 0.9496 | 0.0234 | 0.9394 | 0.9294 | 0.9196
0302 | 18:00:00 |  29.5s | 1.0e-04 | 0.0201 | 0.9484 | 0.9487 | 0.9472 | 0.0228 | 0.9395 | 0.9311 | 0.9209
0303 | 18:00:42 |  36.6s | 1.0e-04 | 0.0197 | 0.9492 | 0.9491 | 0.9484 | 0.0229 | 0.9362 | 0.9301 | 0.9151
0304 | 18:01:32 |  37.7s | 1.0e-04 | 0.0195 | 0.9490 | 0.9492 | 0.9483 | 0.0229 | 0.9411 | 0.9301 | 0.9195
0305 | 18:02:22 |  38.4s | 1.0e-04 | 0.0194 | 0.9486 | 0.9487 | 0.9472 | 0.0220 | 0.9337 | 0.9466 | 0.9297
0306 | 18:03:14 |  30.3s | 1.0e-04 | 0.0190 | 0.9502 | 0.9514 | 0.9513 | 0.0230 | 0.9291 | 0.9405 | 0.9173
0307 | 18:03:57 |  29.9s | 1.0e-04 | 0.0190 | 0.9497 | 0.9510 | 0.9506 | 0.0224 | 0.9475 | 0.9214 | 0.9188
0308 | 18:04:40 |  29.9s | 1.0e-04 | 0.0190 | 0.9494 | 0.9494 | 0.9488 | 0.0229 | 0.9387 | 0.9259 | 0.9163
0309 | 18:05:22 |  30.0s | 1.0e-04 | 0.0194 | 0.9489 | 0.9505 | 0.9493 | 0.0224 | 0.9453 | 0.9250 | 0.9218
0310 | 18:06:05 |  30.0s | 1.0e-04 | 0.0192 | 0.9496 | 0.9506 | 0.9502 | 0.0235 | 0.9288 | 0.9468 | 0.9254
0311 | 18:06:48 |  46.8s | 1.0e-04 | 0.0190 | 0.9497 | 0.9515 | 0.9511 | 0.0239 | 0.9214 | 0.9479 | 0.9192
0312 | 18:07:48 |  30.5s | 1.0e-04 | 0.0189 | 0.9514 | 0.9535 | 0.9544 | 0.0233 | 0.9364 | 0.9319 | 0.9163
0313 | 18:08:31 |  38.5s | 1.0e-04 | 0.0193 | 0.9504 | 0.9524 | 0.9526 | 0.0227 | 0.9347 | 0.9403 | 0.9246
0314 | 18:09:22 |  30.3s | 1.0e-04 | 0.0194 | 0.9503 | 0.9515 | 0.9519 | 0.0239 | 0.9315 | 0.9304 | 0.9064
0315 | 18:10:05 |  30.1s | 1.0e-04 | 0.0197 | 0.9505 | 0.9524 | 0.9527 | 0.0222 | 0.9324 | 0.9386 | 0.9192
0316 | 18:10:48 |  30.1s | 1.0e-04 | 0.0193 | 0.9511 | 0.9520 | 0.9530 | 0.0229 | 0.9370 | 0.9342 | 0.9206
0317 | 18:11:31 |  30.6s | 1.0e-04 | 0.0192 | 0.9515 | 0.9529 | 0.9539 | 0.0231 | 0.9323 | 0.9319 | 0.9118
0318 | 18:12:15 |  30.1s | 1.0e-04 | 0.0194 | 0.9510 | 0.9529 | 0.9532 | 0.0224 | 0.9345 | 0.9421 | 0.9244
0319 | 18:12:58 |  44.6s | 1.0e-04 | 0.0196 | 0.9506 | 0.9519 | 0.9522 | 0.0229 | 0.9312 | 0.9397 | 0.9196
0320 | 18:13:55 |  29.4s | 1.0e-04 | 0.0202 | 0.9498 | 0.9524 | 0.9517 | 0.0227 | 0.9355 | 0.9364 | 0.9219
0321 | 18:14:37 |  38.8s | 1.0e-04 | 0.0203 | 0.9508 | 0.9511 | 0.9518 | 0.0220 | 0.9368 | 0.9374 | 0.9205
0322 | 18:15:29 |  29.9s | 1.0e-04 | 0.0211 | 0.9489 | 0.9510 | 0.9497 | 0.0227 | 0.9267 | 0.9468 | 0.9216
0323 | 18:16:12 |  29.8s | 1.0e-04 | 0.0207 | 0.9494 | 0.9511 | 0.9502 | 0.0229 | 0.9304 | 0.9420 | 0.9184
0324 | 18:16:55 |  30.0s | 1.0e-04 | 0.0205 | 0.9494 | 0.9522 | 0.9515 | 0.0221 | 0.9460 | 0.9299 | 0.9261
0325 | 18:17:37 |  30.0s | 1.0e-04 | 0.0207 | 0.9496 | 0.9526 | 0.9518 | 0.0225 | 0.9396 | 0.9325 | 0.9207
0326 | 18:18:20 |  29.7s | 1.0e-04 | 0.0204 | 0.9498 | 0.9510 | 0.9508 | 0.0231 | 0.9468 | 0.9274 | 0.9227
0327 | 18:19:03 |  46.3s | 1.0e-04 | 0.0197 | 0.9508 | 0.9517 | 0.9522 | 0.0230 | 0.9307 | 0.9469 | 0.9264
0328 | 18:20:02 |  30.7s | 1.0e-04 | 0.0196 | 0.9504 | 0.9511 | 0.9515 | 0.0230 | 0.9304 | 0.9437 | 0.9234
0329 | 18:20:45 |  40.0s | 1.0e-04 | 0.0183 | 0.9499 | 0.9506 | 0.9505 | 0.0231 | 0.9364 | 0.9309 | 0.9170
0330 | 18:21:38 |  30.8s | 1.0e-04 | 0.0182 | 0.9494 | 0.9500 | 0.9493 | 0.0225 | 0.9372 | 0.9309 | 0.9158
0331 | 18:22:22 |  30.4s | 1.0e-04 | 0.0185 | 0.9487 | 0.9483 | 0.9467 | 0.0226 | 0.9357 | 0.9370 | 0.9213
0332 | 18:23:05 |  30.7s | 1.0e-04 | 0.0184 | 0.9497 | 0.9496 | 0.9494 | 0.0223 | 0.9357 | 0.9374 | 0.9206
0333 | 18:23:49 |  30.6s | 1.0e-04 | 0.0181 | 0.9504 | 0.9516 | 0.9516 | 0.0224 | 0.9196 | 0.9522 | 0.9230
0334 | 18:24:32 |  37.7s | 1.0e-04 | 0.0186 | 0.9488 | 0.9505 | 0.9493 | 0.0227 | 0.9315 | 0.9400 | 0.9171
0335 | 18:25:23 |  37.0s | 1.0e-04 | 0.0194 | 0.9480 | 0.9505 | 0.9484 | 0.0220 | 0.9377 | 0.9339 | 0.9195
0336 | 18:26:13 |  38.6s | 1.0e-04 | 0.0191 | 0.9482 | 0.9507 | 0.9486 | 0.0226 | 0.9336 | 0.9394 | 0.9230
0337 | 18:27:04 |  30.4s | 1.0e-04 | 0.0193 | 0.9489 | 0.9495 | 0.9485 | 0.0230 | 0.9320 | 0.9426 | 0.9224
0338 | 18:27:47 |  30.3s | 1.0e-04 | 0.0194 | 0.9492 | 0.9497 | 0.9488 | 0.0222 | 0.9337 | 0.9412 | 0.9237
0339 | 18:28:30 |  30.4s | 1.0e-04 | 0.0195 | 0.9484 | 0.9487 | 0.9472 | 0.0223 | 0.9420 | 0.9347 | 0.9240
0340 | 18:29:14 |  30.3s | 1.0e-04 | 0.0190 | 0.9493 | 0.9505 | 0.9498 | 0.0226 | 0.9354 | 0.9408 | 0.9263
0341 | 18:29:57 |  30.4s | 1.0e-04 | 0.0195 | 0.9477 | 0.9488 | 0.9466 | 0.0230 | 0.9321 | 0.9432 | 0.9245
0342 | 18:30:40 |  38.4s | 1.0e-04 | 0.0191 | 0.9485 | 0.9489 | 0.9475 | 0.0224 | 0.9302 | 0.9417 | 0.9195
0343 | 18:31:31 |  38.2s | 1.0e-04 | 0.0186 | 0.9503 | 0.9514 | 0.9517 | 0.0218 | 0.9375 | 0.9335 | 0.9191
0344 | 18:32:22 |  38.4s | 1.0e-04 | 0.0188 | 0.9501 | 0.9524 | 0.9521 | 0.0231 | 0.9407 | 0.9318 | 0.9207
0345 | 18:33:14 |  30.3s | 1.0e-04 | 0.0193 | 0.9491 | 0.9513 | 0.9501 | 0.0223 | 0.9432 | 0.9340 | 0.9257
0346 | 18:33:57 |  30.4s | 1.0e-04 | 0.0196 | 0.9497 | 0.9505 | 0.9501 | 0.0217 | 0.9422 | 0.9343 | 0.9255
0347 | 18:34:40 |  30.4s | 1.0e-04 | 0.0195 | 0.9489 | 0.9509 | 0.9497 | 0.0231 | 0.9372 | 0.9363 | 0.9211
0348 | 18:35:23 |  30.4s | 1.0e-04 | 0.0190 | 0.9499 | 0.9518 | 0.9513 | 0.0225 | 0.9450 | 0.9246 | 0.9237
0349 | 18:36:07 |  30.4s | 1.0e-04 | 0.0189 | 0.9508 | 0.9515 | 0.9518 | 0.0224 | 0.9311 | 0.9417 | 0.9227
0350 | 18:36:50 |  37.7s | 1.0e-04 | 0.0190 | 0.9502 | 0.9512 | 0.9514 | 0.0229 | 0.9428 | 0.9312 | 0.9238
0351 | 18:37:41 |  30.6s | 1.0e-04 | 0.0191 | 0.9506 | 0.9517 | 0.9519 | 0.0221 | 0.9320 | 0.9395 | 0.9171
0352 | 18:38:24 |  38.9s | 1.0e-04 | 0.0196 | 0.9500 | 0.9517 | 0.9516 | 0.0231 | 0.9273 | 0.9423 | 0.9183
0353 | 18:39:16 |  30.4s | 1.0e-04 | 0.0197 | 0.9500 | 0.9541 | 0.9538 | 0.0224 | 0.9257 | 0.9501 | 0.9257
0354 | 18:39:59 |  30.0s | 1.0e-04 | 0.0197 | 0.9511 | 0.9527 | 0.9536 | 0.0224 | 0.9277 | 0.9450 | 0.9220
0355 | 18:40:42 |  30.3s | 1.0e-04 | 0.0195 | 0.9518 | 0.9529 | 0.9542 | 0.0225 | 0.9381 | 0.9354 | 0.9209
0356 | 18:41:24 |  30.3s | 1.0e-04 | 0.0192 | 0.9516 | 0.9536 | 0.9547 | 0.0231 | 0.9376 | 0.9316 | 0.9179
0357 | 18:42:08 |  30.2s | 1.0e-04 | 0.0194 | 0.9515 | 0.9538 | 0.9549 | 0.0223 | 0.9306 | 0.9393 | 0.9168
0358 | 18:42:51 |  45.3s | 1.0e-04 | 0.0195 | 0.9508 | 0.9539 | 0.9543 | 0.0228 | 0.9392 | 0.9330 | 0.9211
0359 | 18:43:49 |  30.2s | 1.0e-04 | 0.0194 | 0.9498 | 0.9515 | 0.9509 | 0.0224 | 0.9373 | 0.9392 | 0.9268
0360 | 18:44:32 |  38.4s | 1.0e-04 | 0.0192 | 0.9506 | 0.9531 | 0.9533 | 0.0225 | 0.9335 | 0.9437 | 0.9260
0361 | 18:45:23 |  30.3s | 1.0e-04 | 0.0192 | 0.9508 | 0.9518 | 0.9524 | 0.0226 | 0.9302 | 0.9478 | 0.9273
0362 | 18:46:06 |  30.3s | 1.0e-04 | 0.0188 | 0.9508 | 0.9533 | 0.9535 | 0.0222 | 0.9332 | 0.9393 | 0.9225
0363 | 18:46:49 |  30.3s | 1.0e-04 | 0.0191 | 0.9508 | 0.9524 | 0.9530 | 0.0231 | 0.9351 | 0.9421 | 0.9237
0364 | 18:47:32 |  30.3s | 1.0e-04 | 0.0187 | 0.9518 | 0.9528 | 0.9541 | 0.0221 | 0.9339 | 0.9377 | 0.9205
0365 | 18:48:15 |  30.2s | 1.0e-04 | 0.0188 | 0.9513 | 0.9525 | 0.9533 | 0.0225 | 0.9303 | 0.9503 | 0.9307
0366 | 18:48:58 |  45.4s | 1.0e-04 | 0.0190 | 0.9511 | 0.9531 | 0.9535 | 0.0221 | 0.9364 | 0.9347 | 0.9199
0367 | 18:49:56 |  29.7s | 1.0e-04 | 0.0188 | 0.9516 | 0.9535 | 0.9547 | 0.0227 | 0.9373 | 0.9383 | 0.9252
0368 | 18:50:39 |  39.0s | 1.0e-04 | 0.0192 | 0.9497 | 0.9519 | 0.9514 | 0.0220 | 0.9343 | 0.9376 | 0.9188
0369 | 18:51:31 |  30.1s | 1.0e-04 | 0.0199 | 0.9496 | 0.9509 | 0.9504 | 0.0220 | 0.9468 | 0.9236 | 0.9202
0370 | 18:52:14 |  30.3s | 1.0e-04 | 0.0194 | 0.9502 | 0.9507 | 0.9507 | 0.0219 | 0.9290 | 0.9416 | 0.9205
0371 | 18:52:57 |  30.5s | 1.0e-04 | 0.0195 | 0.9495 | 0.9501 | 0.9496 | 0.0223 | 0.9430 | 0.9235 | 0.9169
0372 | 18:53:40 |  30.3s | 1.0e-04 | 0.0192 | 0.9502 | 0.9526 | 0.9524 | 0.0223 | 0.9424 | 0.9327 | 0.9236
0373 | 18:54:23 |  38.0s | 1.0e-04 | 0.0194 | 0.9496 | 0.9510 | 0.9505 | 0.0224 | 0.9386 | 0.9354 | 0.9248
0374 | 18:55:14 |  38.3s | 1.0e-04 | 0.0193 | 0.9500 | 0.9515 | 0.9514 | 0.0222 | 0.9354 | 0.9352 | 0.9213
0375 | 18:56:05 |  30.6s | 1.0e-04 | 0.0194 | 0.9490 | 0.9514 | 0.9503 | 0.0222 | 0.9361 | 0.9389 | 0.9216
0376 | 18:56:49 |  29.8s | 1.0e-04 | 0.0199 | 0.9498 | 0.9527 | 0.9521 | 0.0213 | 0.9365 | 0.9443 | 0.9303
0377 | 18:57:31 |  29.5s | 1.0e-04 | 0.0200 | 0.9499 | 0.9517 | 0.9517 | 0.0218 | 0.9432 | 0.9349 | 0.9283
0378 | 18:58:13 |  29.6s | 1.0e-04 | 0.0202 | 0.9496 | 0.9524 | 0.9521 | 0.0222 | 0.9344 | 0.9402 | 0.9230
0379 | 18:58:56 |  30.0s | 1.0e-04 | 0.0200 | 0.9498 | 0.9521 | 0.9516 | 0.0228 | 0.9416 | 0.9353 | 0.9260
0380 | 18:59:39 |  29.6s | 1.0e-04 | 0.0197 | 0.9511 | 0.9534 | 0.9541 | 0.0215 | 0.9373 | 0.9374 | 0.9245
0381 | 19:00:21 |  36.9s | 1.0e-04 | 0.0201 | 0.9493 | 0.9517 | 0.9506 | 0.0223 | 0.9504 | 0.9205 | 0.9255
0382 | 19:01:11 |  36.7s | 1.0e-04 | 0.0194 | 0.9504 | 0.9524 | 0.9524 | 0.0228 | 0.9402 | 0.9335 | 0.9225
0383 | 19:02:00 |  39.0s | 1.0e-04 | 0.0191 | 0.9497 | 0.9522 | 0.9514 | 0.0226 | 0.9404 | 0.9317 | 0.9197
0384 | 19:02:52 |  29.9s | 1.0e-04 | 0.0194 | 0.9493 | 0.9501 | 0.9495 | 0.0218 | 0.9422 | 0.9334 | 0.9269
0385 | 19:03:34 |  30.2s | 1.0e-04 | 0.0197 | 0.9484 | 0.9485 | 0.9471 | 0.0218 | 0.9428 | 0.9393 | 0.9325
0386 | 19:04:17 |  30.5s | 1.0e-04 | 0.0194 | 0.9494 | 0.9506 | 0.9500 | 0.0213 | 0.9406 | 0.9353 | 0.9249
0387 | 19:05:01 |  30.1s | 1.0e-04 | 0.0196 | 0.9482 | 0.9499 | 0.9480 | 0.0231 | 0.9455 | 0.9241 | 0.9201
0388 | 19:05:44 |  30.3s | 1.0e-04 | 0.0196 | 0.9489 | 0.9496 | 0.9485 | 0.0224 | 0.9364 | 0.9385 | 0.9256
0389 | 19:06:26 |  38.1s | 1.0e-04 | 0.0193 | 0.9491 | 0.9494 | 0.9486 | 0.0219 | 0.9328 | 0.9405 | 0.9208
0390 | 19:07:18 |  37.4s | 1.0e-04 | 0.0198 | 0.9488 | 0.9510 | 0.9496 | 0.0216 | 0.9340 | 0.9447 | 0.9289
0391 | 19:08:08 |  39.0s | 1.0e-04 | 0.0196 | 0.9484 | 0.9501 | 0.9485 | 0.0212 | 0.9414 | 0.9367 | 0.9254
0392 | 19:09:00 |  29.6s | 1.0e-04 | 0.0188 | 0.9498 | 0.9503 | 0.9500 | 0.0226 | 0.9308 | 0.9414 | 0.9207
0393 | 19:09:42 |  29.6s | 1.0e-04 | 0.0186 | 0.9498 | 0.9512 | 0.9510 | 0.0220 | 0.9453 | 0.9296 | 0.9248
0394 | 19:10:24 |  29.7s | 1.0e-04 | 0.0186 | 0.9505 | 0.9510 | 0.9512 | 0.0224 | 0.9410 | 0.9353 | 0.9268
0395 | 19:11:07 |  29.6s | 1.0e-04 | 0.0184 | 0.9511 | 0.9506 | 0.9517 | 0.0221 | 0.9403 | 0.9360 | 0.9254
0396 | 19:11:49 |  29.9s | 1.0e-04 | 0.0188 | 0.9492 | 0.9511 | 0.9501 | 0.0221 | 0.9420 | 0.9353 | 0.9281
0397 | 19:12:32 |  44.2s | 1.0e-04 | 0.0188 | 0.9510 | 0.9513 | 0.9520 | 0.0226 | 0.9457 | 0.9288 | 0.9247
0398 | 19:13:29 |  29.7s | 1.0e-04 | 0.0190 | 0.9513 | 0.9529 | 0.9539 | 0.0218 | 0.9405 | 0.9346 | 0.9248
0399 | 19:14:11 |  38.8s | 1.0e-04 | 0.0194 | 0.9505 | 0.9520 | 0.9520 | 0.0223 | 0.9421 | 0.9314 | 0.9239
0400 | 19:15:03 |  30.1s | 1.0e-04 | 0.0201 | 0.9501 | 0.9520 | 0.9521 | 0.0223 | 0.9445 | 0.9333 | 0.9272
0401 | 19:15:46 |  30.1s | 1.0e-04 | 0.0203 | 0.9484 | 0.9512 | 0.9494 | 0.0220 | 0.9381 | 0.9340 | 0.9216
0402 | 19:16:29 |  29.9s | 1.0e-04 | 0.0203 | 0.9496 | 0.9510 | 0.9506 | 0.0230 | 0.9331 | 0.9386 | 0.9198
0403 | 19:17:11 |  30.0s | 1.0e-04 | 0.0202 | 0.9500 | 0.9521 | 0.9517 | 0.0231 | 0.9387 | 0.9338 | 0.9228
0404 | 19:17:54 |  29.8s | 1.0e-04 | 0.0202 | 0.9496 | 0.9517 | 0.9511 | 0.0219 | 0.9310 | 0.9401 | 0.9185
0405 | 19:18:37 |  46.4s | 1.0e-04 | 0.0201 | 0.9489 | 0.9513 | 0.9500 | 0.0219 | 0.9323 | 0.9407 | 0.9225
0406 | 19:19:36 |  30.4s | 1.0e-04 | 0.0190 | 0.9501 | 0.9503 | 0.9504 | 0.0217 | 0.9294 | 0.9443 | 0.9224
0407 | 19:20:19 |  38.1s | 1.0e-04 | 0.0192 | 0.9506 | 0.9515 | 0.9519 | 0.0222 | 0.9338 | 0.9419 | 0.9256
0408 | 19:21:10 |  30.2s | 1.0e-04 | 0.0193 | 0.9507 | 0.9524 | 0.9527 | 0.0220 | 0.9470 | 0.9336 | 0.9312
0409 | 19:21:53 |  30.4s | 1.0e-04 | 0.0191 | 0.9510 | 0.9524 | 0.9530 | 0.0223 | 0.9394 | 0.9325 | 0.9180
0410 | 19:22:36 |  30.3s | 1.0e-04 | 0.0193 | 0.9491 | 0.9521 | 0.9511 | 0.0221 | 0.9187 | 0.9541 | 0.9258
0411 | 19:23:20 |  30.4s | 1.0e-04 | 0.0192 | 0.9509 | 0.9528 | 0.9531 | 0.0221 | 0.9254 | 0.9533 | 0.9296
0412 | 19:24:03 |  30.4s | 1.0e-04 | 0.0191 | 0.9507 | 0.9532 | 0.9533 | 0.0219 | 0.9362 | 0.9365 | 0.9218
0413 | 19:24:46 |  45.2s | 1.0e-04 | 0.0196 | 0.9507 | 0.9535 | 0.9537 | 0.0222 | 0.9341 | 0.9413 | 0.9249
0414 | 19:25:44 |  29.7s | 1.0e-04 | 0.0196 | 0.9523 | 0.9547 | 0.9559 | 0.0213 | 0.9399 | 0.9372 | 0.9275
0415 | 19:26:26 |  37.1s | 1.0e-04 | 0.0198 | 0.9507 | 0.9537 | 0.9538 | 0.0228 | 0.9396 | 0.9345 | 0.9216
0416 | 19:27:16 |  29.6s | 1.0e-04 | 0.0193 | 0.9524 | 0.9540 | 0.9558 | 0.0220 | 0.9289 | 0.9446 | 0.9235
0417 | 19:27:59 |  29.5s | 1.0e-04 | 0.0196 | 0.9523 | 0.9544 | 0.9559 | 0.0223 | 0.9445 | 0.9312 | 0.9255
0418 | 19:28:41 |  29.7s | 1.0e-04 | 0.0194 | 0.9510 | 0.9542 | 0.9545 | 0.0214 | 0.9435 | 0.9335 | 0.9262
0419 | 19:29:23 |  29.6s | 1.0e-04 | 0.0192 | 0.9517 | 0.9532 | 0.9545 | 0.0224 | 0.9389 | 0.9378 | 0.9246
0420 | 19:30:06 |  37.7s | 1.0e-04 | 0.0193 | 0.9510 | 0.9524 | 0.9532 | 0.0220 | 0.9424 | 0.9275 | 0.9220
0421 | 19:30:56 |  37.9s | 1.0e-04 | 0.0195 | 0.9500 | 0.9532 | 0.9529 | 0.0217 | 0.9331 | 0.9476 | 0.9297
0422 | 19:31:47 |  37.6s | 1.0e-04 | 0.0196 | 0.9511 | 0.9524 | 0.9530 | 0.0219 | 0.9344 | 0.9427 | 0.9259
0423 | 19:32:37 |  29.5s | 1.0e-04 | 0.0191 | 0.9500 | 0.9511 | 0.9510 | 0.0227 | 0.9283 | 0.9444 | 0.9222
0424 | 19:33:19 |  29.4s | 1.0e-04 | 0.0193 | 0.9489 | 0.9516 | 0.9502 | 0.0219 | 0.9387 | 0.9380 | 0.9255
0425 | 19:34:02 |  29.5s | 1.0e-04 | 0.0192 | 0.9504 | 0.9504 | 0.9508 | 0.0220 | 0.9355 | 0.9443 | 0.9296
0426 | 19:34:44 |  29.8s | 1.0e-04 | 0.0195 | 0.9503 | 0.9518 | 0.9517 | 0.0221 | 0.9390 | 0.9340 | 0.9235
0427 | 19:35:27 |  29.5s | 1.0e-04 | 0.0194 | 0.9499 | 0.9511 | 0.9508 | 0.0220 | 0.9299 | 0.9480 | 0.9275
0428 | 19:36:09 |  36.3s | 1.0e-04 | 0.0190 | 0.9514 | 0.9520 | 0.9532 | 0.0225 | 0.9354 | 0.9411 | 0.9243
0429 | 19:36:58 |  37.1s | 1.0e-04 | 0.0188 | 0.9523 | 0.9538 | 0.9555 | 0.0215 | 0.9347 | 0.9403 | 0.9230
0430 | 19:37:48 |  38.3s | 1.0e-04 | 0.0187 | 0.9519 | 0.9540 | 0.9553 | 0.0223 | 0.9330 | 0.9425 | 0.9240
0431 | 19:38:39 |  30.2s | 1.0e-04 | 0.0187 | 0.9517 | 0.9549 | 0.9562 | 0.0215 | 0.9387 | 0.9372 | 0.9242
0432 | 19:39:22 |  30.1s | 1.0e-04 | 0.0188 | 0.9529 | 0.9543 | 0.9565 | 0.0221 | 0.9310 | 0.9485 | 0.9289
0433 | 19:40:04 |  30.1s | 1.0e-04 | 0.0183 | 0.9534 | 0.9550 | 0.9577 | 0.0224 | 0.9439 | 0.9349 | 0.9281
0434 | 19:40:47 |  30.0s | 1.0e-04 | 0.0184 | 0.9526 | 0.9548 | 0.9564 | 0.0220 | 0.9403 | 0.9381 | 0.9284
0435 | 19:41:30 |  30.1s | 1.0e-04 | 0.0186 | 0.9536 | 0.9538 | 0.9569 | 0.0227 | 0.9349 | 0.9385 | 0.9227
0436 | 19:42:13 |  44.8s | 1.0e-04 | 0.0182 | 0.9537 | 0.9551 | 0.9575 | 0.0218 | 0.9395 | 0.9413 | 0.9313
0437 | 19:43:10 |  30.5s | 1.0e-04 | 0.0187 | 0.9529 | 0.9555 | 0.9574 | 0.0225 | 0.9298 | 0.9436 | 0.9220
0438 | 19:43:53 |  38.1s | 1.0e-04 | 0.0187 | 0.9523 | 0.9547 | 0.9562 | 0.0222 | 0.9494 | 0.9223 | 0.9240
0439 | 19:44:44 |  30.0s | 1.0e-04 | 0.0182 | 0.9530 | 0.9544 | 0.9569 | 0.0221 | 0.9378 | 0.9380 | 0.9246
0440 | 19:45:27 |  29.9s | 1.0e-04 | 0.0181 | 0.9527 | 0.9546 | 0.9565 | 0.0217 | 0.9364 | 0.9410 | 0.9278
0441 | 19:46:10 |  29.6s | 1.0e-04 | 0.0183 | 0.9527 | 0.9545 | 0.9569 | 0.0237 | 0.9349 | 0.9309 | 0.9154
0442 | 19:46:52 |  30.3s | 1.0e-04 | 0.0182 | 0.9526 | 0.9548 | 0.9566 | 0.0214 | 0.9382 | 0.9394 | 0.9260
0443 | 19:47:35 |  30.6s | 1.0e-04 | 0.0182 | 0.9518 | 0.9551 | 0.9556 | 0.0220 | 0.9427 | 0.9329 | 0.9255
0444 | 19:48:19 |  45.7s | 1.0e-04 | 0.0181 | 0.9534 | 0.9568 | 0.9584 | 0.0220 | 0.9410 | 0.9309 | 0.9204
0445 | 19:49:17 |  29.9s | 1.0e-04 | 0.0183 | 0.9529 | 0.9551 | 0.9571 | 0.0216 | 0.9414 | 0.9427 | 0.9336
0446 | 19:49:59 |  39.0s | 1.0e-04 | 0.0190 | 0.9525 | 0.9552 | 0.9567 | 0.0224 | 0.9370 | 0.9383 | 0.9249
0447 | 19:50:51 |  30.0s | 1.0e-04 | 0.0192 | 0.9516 | 0.9540 | 0.9554 | 0.0218 | 0.9351 | 0.9405 | 0.9240
0448 | 19:51:34 |  29.8s | 1.0e-04 | 0.0191 | 0.9518 | 0.9544 | 0.9554 | 0.0216 | 0.9414 | 0.9341 | 0.9251
0449 | 19:52:16 |  30.0s | 1.0e-04 | 0.0188 | 0.9522 | 0.9535 | 0.9552 | 0.0223 | 0.9421 | 0.9311 | 0.9232
0450 | 19:52:59 |  29.7s | 1.0e-04 | 0.0189 | 0.9529 | 0.9553 | 0.9570 | 0.0221 | 0.9335 | 0.9414 | 0.9247
0451 | 19:53:42 |  29.9s | 1.0e-04 | 0.0190 | 0.9530 | 0.9540 | 0.9563 | 0.0221 | 0.9339 | 0.9380 | 0.9196
0452 | 19:54:24 |  44.9s | 1.0e-04 | 0.0187 | 0.9517 | 0.9545 | 0.9557 | 0.0222 | 0.9344 | 0.9461 | 0.9293
0453 | 19:55:22 |  29.9s | 1.0e-04 | 0.0184 | 0.9527 | 0.9550 | 0.9565 | 0.0219 | 0.9388 | 0.9365 | 0.9259
0454 | 19:56:04 |  38.6s | 1.0e-04 | 0.0179 | 0.9542 | 0.9548 | 0.9583 | 0.0219 | 0.9422 | 0.9365 | 0.9287
0455 | 19:56:56 |  30.2s | 1.0e-04 | 0.0178 | 0.9530 | 0.9556 | 0.9577 | 0.0223 | 0.9315 | 0.9453 | 0.9248
0456 | 19:57:39 |  30.2s | 1.0e-04 | 0.0178 | 0.9535 | 0.9553 | 0.9577 | 0.0220 | 0.9371 | 0.9373 | 0.9252
0457 | 19:58:22 |  30.2s | 1.0e-04 | 0.0176 | 0.9531 | 0.9564 | 0.9582 | 0.0230 | 0.9400 | 0.9348 | 0.9249
0458 | 19:59:05 |  30.4s | 1.0e-04 | 0.0180 | 0.9527 | 0.9554 | 0.9573 | 0.0218 | 0.9457 | 0.9336 | 0.9312
0459 | 19:59:48 |  38.1s | 1.0e-04 | 0.0176 | 0.9548 | 0.9556 | 0.9594 | 0.0215 | 0.9370 | 0.9448 | 0.9311
0460 | 20:00:39 |  38.3s | 1.0e-04 | 0.0178 | 0.9530 | 0.9561 | 0.9581 | 0.0216 | 0.9369 | 0.9416 | 0.9274
0461 | 20:01:30 |  38.3s | 1.0e-04 | 0.0178 | 0.9545 | 0.9568 | 0.9595 | 0.0221 | 0.9377 | 0.9396 | 0.9266
0462 | 20:02:21 |  29.8s | 1.0e-04 | 0.0180 | 0.9520 | 0.9551 | 0.9562 | 0.0224 | 0.9436 | 0.9340 | 0.9261
0463 | 20:03:03 |  29.9s | 1.0e-04 | 0.0178 | 0.9525 | 0.9557 | 0.9572 | 0.0222 | 0.9397 | 0.9324 | 0.9217
0464 | 20:03:46 |  29.9s | 1.0e-04 | 0.0181 | 0.9528 | 0.9542 | 0.9560 | 0.0215 | 0.9349 | 0.9390 | 0.9214
0465 | 20:04:28 |  30.0s | 1.0e-04 | 0.0184 | 0.9516 | 0.9548 | 0.9557 | 0.0226 | 0.9396 | 0.9355 | 0.9250
0466 | 20:05:11 |  30.1s | 1.0e-04 | 0.0181 | 0.9528 | 0.9565 | 0.9578 | 0.0216 | 0.9369 | 0.9417 | 0.9282
0467 | 20:05:54 |  37.5s | 1.0e-04 | 0.0175 | 0.9535 | 0.9568 | 0.9590 | 0.0216 | 0.9372 | 0.9431 | 0.9291
0468 | 20:06:44 |  38.8s | 1.0e-04 | 0.0179 | 0.9509 | 0.9517 | 0.9523 | 0.0215 | 0.9418 | 0.9344 | 0.9256
0469 | 20:07:36 |  39.6s | 1.0e-04 | 0.0179 | 0.9508 | 0.9527 | 0.9534 | 0.0218 | 0.9400 | 0.9394 | 0.9290
0470 | 20:08:28 |  30.9s | 1.0e-04 | 0.0180 | 0.9511 | 0.9512 | 0.9521 | 0.0213 | 0.9355 | 0.9418 | 0.9275
0471 | 20:09:12 |  30.8s | 1.0e-04 | 0.0178 | 0.9505 | 0.9526 | 0.9530 | 0.0218 | 0.9336 | 0.9420 | 0.9246
0472 | 20:09:56 |  30.8s | 1.0e-04 | 0.0179 | 0.9503 | 0.9524 | 0.9523 | 0.0224 | 0.9327 | 0.9435 | 0.9242
0473 | 20:10:39 |  30.8s | 1.0e-04 | 0.0176 | 0.9517 | 0.9533 | 0.9546 | 0.0215 | 0.9372 | 0.9404 | 0.9264
0474 | 20:11:23 |  31.1s | 1.0e-04 | 0.0182 | 0.9505 | 0.9535 | 0.9533 | 0.0223 | 0.9310 | 0.9425 | 0.9212
0475 | 20:12:07 |  38.5s | 1.0e-04 | 0.0179 | 0.9519 | 0.9536 | 0.9552 | 0.0221 | 0.9366 | 0.9399 | 0.9237
0476 | 20:12:58 |  29.9s | 1.0e-04 | 0.0188 | 0.9525 | 0.9566 | 0.9578 | 0.0225 | 0.9278 | 0.9505 | 0.9282
0477 | 20:13:41 |  38.4s | 1.0e-04 | 0.0185 | 0.9522 | 0.9559 | 0.9566 | 0.0217 | 0.9364 | 0.9410 | 0.9278
0478 | 20:14:33 |  30.6s | 1.0e-04 | 0.0185 | 0.9520 | 0.9549 | 0.9564 | 0.0220 | 0.9410 | 0.9339 | 0.9251
0479 | 20:15:16 |  30.3s | 1.0e-04 | 0.0182 | 0.9528 | 0.9551 | 0.9569 | 0.0219 | 0.9373 | 0.9412 | 0.9276
0480 | 20:15:59 |  30.6s | 1.0e-04 | 0.0186 | 0.9520 | 0.9546 | 0.9560 | 0.0218 | 0.9458 | 0.9358 | 0.9336
0481 | 20:16:43 |  30.5s | 1.0e-04 | 0.0185 | 0.9514 | 0.9544 | 0.9553 | 0.0215 | 0.9422 | 0.9356 | 0.9280
0482 | 20:17:26 |  30.5s | 1.0e-04 | 0.0182 | 0.9526 | 0.9556 | 0.9574 | 0.0216 | 0.9428 | 0.9368 | 0.9306
0483 | 20:18:09 |  45.1s | 1.0e-04 | 0.0181 | 0.9515 | 0.9543 | 0.9553 | 0.0211 | 0.9463 | 0.9365 | 0.9312
0484 | 20:19:08 |  30.6s | 1.0e-04 | 0.0181 | 0.9525 | 0.9546 | 0.9565 | 0.0221 | 0.9486 | 0.9267 | 0.9271
0485 | 20:19:51 |  38.8s | 1.0e-04 | 0.0181 | 0.9532 | 0.9543 | 0.9570 | 0.0221 | 0.9470 | 0.9341 | 0.9315
0486 | 20:20:43 |  30.5s | 1.0e-04 | 0.0179 | 0.9532 | 0.9558 | 0.9580 | 0.0218 | 0.9377 | 0.9391 | 0.9268
0487 | 20:21:27 |  30.9s | 1.0e-04 | 0.0183 | 0.9531 | 0.9548 | 0.9570 | 0.0217 | 0.9290 | 0.9506 | 0.9297
0488 | 20:22:11 |  30.6s | 1.0e-04 | 0.0182 | 0.9527 | 0.9545 | 0.9562 | 0.0209 | 0.9364 | 0.9434 | 0.9294
0489 | 20:22:54 |  30.6s | 1.0e-04 | 0.0184 | 0.9517 | 0.9560 | 0.9561 | 0.0218 | 0.9431 | 0.9378 | 0.9321
0490 | 20:23:38 |  30.5s | 1.0e-04 | 0.0184 | 0.9528 | 0.9553 | 0.9572 | 0.0214 | 0.9370 | 0.9407 | 0.9248
0491 | 20:24:22 |  45.7s | 1.0e-04 | 0.0182 | 0.9516 | 0.9551 | 0.9559 | 0.0220 | 0.9334 | 0.9446 | 0.9267
0492 | 20:25:20 |  30.8s | 1.0e-04 | 0.0178 | 0.9517 | 0.9542 | 0.9555 | 0.0219 | 0.9381 | 0.9419 | 0.9282
0493 | 20:26:04 |  39.5s | 1.0e-04 | 0.0188 | 0.9520 | 0.9533 | 0.9548 | 0.0216 | 0.9372 | 0.9449 | 0.9321
0494 | 20:26:57 |  30.5s | 1.0e-04 | 0.0190 | 0.9516 | 0.9535 | 0.9544 | 0.0222 | 0.9399 | 0.9363 | 0.9242
0495 | 20:27:40 |  30.8s | 1.0e-04 | 0.0191 | 0.9512 | 0.9534 | 0.9541 | 0.0208 | 0.9399 | 0.9392 | 0.9284
0496 | 20:28:24 |  30.6s | 1.0e-04 | 0.0188 | 0.9512 | 0.9543 | 0.9548 | 0.0218 | 0.9301 | 0.9486 | 0.9285
0497 | 20:29:08 |  30.5s | 1.0e-04 | 0.0188 | 0.9514 | 0.9539 | 0.9547 | 0.0212 | 0.9446 | 0.9305 | 0.9246
0498 | 20:29:52 |  38.6s | 1.0e-04 | 0.0191 | 0.9515 | 0.9543 | 0.9551 | 0.0208 | 0.9387 | 0.9456 | 0.9337
0499 | 20:30:43 |  37.3s | 1.0e-04 | 0.0190 | 0.9522 | 0.9541 | 0.9554 | 0.0218 | 0.9406 | 0.9376 | 0.9286
0500 | 20:31:34 |  30.3s | 1.0e-04 | 0.0193 | 0.9512 | 0.9532 | 0.9540 | 0.0221 | 0.9354 | 0.9409 | 0.9256
0501 | 20:32:18 |  30.5s | 1.0e-04 | 0.0183 | 0.9529 | 0.9548 | 0.9572 | 0.0222 | 0.9347 | 0.9412 | 0.9245
0502 | 20:33:01 |  30.4s | 1.0e-04 | 0.0183 | 0.9534 | 0.9553 | 0.9576 | 0.0220 | 0.9356 | 0.9402 | 0.9244
0503 | 20:33:45 |  30.4s | 1.0e-04 | 0.0185 | 0.9527 | 0.9542 | 0.9562 | 0.0221 | 0.9400 | 0.9365 | 0.9264
0504 | 20:34:28 |  30.4s | 1.0e-04 | 0.0186 | 0.9529 | 0.9550 | 0.9570 | 0.0220 | 0.9413 | 0.9374 | 0.9280
0505 | 20:35:12 |  30.4s | 1.0e-04 | 0.0189 | 0.9529 | 0.9547 | 0.9567 | 0.0212 | 0.9340 | 0.9436 | 0.9275
0506 | 20:35:55 |  38.7s | 1.0e-04 | 0.0187 | 0.9523 | 0.9560 | 0.9570 | 0.0214 | 0.9298 | 0.9436 | 0.9226
0507 | 20:36:47 |  38.0s | 1.0e-04 | 0.0187 | 0.9534 | 0.9558 | 0.9578 | 0.0217 | 0.9384 | 0.9388 | 0.9256
0508 | 20:37:38 |  38.2s | 1.0e-04 | 0.0187 | 0.9518 | 0.9555 | 0.9566 | 0.0211 | 0.9395 | 0.9397 | 0.9274
0509 | 20:38:30 |  30.7s | 1.0e-04 | 0.0188 | 0.9513 | 0.9536 | 0.9542 | 0.0219 | 0.9419 | 0.9346 | 0.9275
0510 | 20:39:13 |  30.5s | 1.0e-04 | 0.0187 | 0.9503 | 0.9529 | 0.9533 | 0.0220 | 0.9373 | 0.9414 | 0.9281
0511 | 20:39:57 |  30.4s | 1.0e-04 | 0.0185 | 0.9515 | 0.9537 | 0.9547 | 0.0216 | 0.9370 | 0.9386 | 0.9253
0512 | 20:40:40 |  30.6s | 1.0e-04 | 0.0189 | 0.9512 | 0.9533 | 0.9542 | 0.0214 | 0.9413 | 0.9327 | 0.9229
0513 | 20:41:24 |  30.8s | 1.0e-04 | 0.0187 | 0.9515 | 0.9533 | 0.9545 | 0.0214 | 0.9340 | 0.9426 | 0.9264
0514 | 20:42:08 |  38.2s | 1.0e-04 | 0.0189 | 0.9506 | 0.9527 | 0.9530 | 0.0210 | 0.9420 | 0.9374 | 0.9288
0515 | 20:43:00 |  38.5s | 1.0e-04 | 0.0189 | 0.9509 | 0.9522 | 0.9529 | 0.0215 | 0.9467 | 0.9312 | 0.9301
0516 | 20:43:51 |  40.1s | 1.0e-04 | 0.0191 | 0.9507 | 0.9521 | 0.9524 | 0.0210 | 0.9445 | 0.9328 | 0.9264
0517 | 20:44:45 |  29.7s | 1.0e-04 | 0.0185 | 0.9527 | 0.9532 | 0.9552 | 0.0214 | 0.9388 | 0.9416 | 0.9288
0518 | 20:45:27 |  29.8s | 1.0e-04 | 0.0189 | 0.9506 | 0.9537 | 0.9540 | 0.0207 | 0.9423 | 0.9367 | 0.9307
0519 | 20:46:10 |  30.1s | 1.0e-04 | 0.0189 | 0.9517 | 0.9530 | 0.9544 | 0.0216 | 0.9371 | 0.9383 | 0.9244
0520 | 20:46:53 |  30.0s | 1.0e-04 | 0.0192 | 0.9515 | 0.9536 | 0.9543 | 0.0215 | 0.9376 | 0.9414 | 0.9291
0521 | 20:47:36 |  30.0s | 1.0e-04 | 0.0192 | 0.9508 | 0.9531 | 0.9534 | 0.0218 | 0.9363 | 0.9469 | 0.9329
0522 | 20:48:19 |  45.2s | 1.0e-04 | 0.0189 | 0.9510 | 0.9537 | 0.9543 | 0.0214 | 0.9399 | 0.9388 | 0.9287
0523 | 20:49:18 |  29.6s | 1.0e-04 | 0.0190 | 0.9506 | 0.9527 | 0.9533 | 0.0217 | 0.9316 | 0.9486 | 0.9296
0524 | 20:50:00 |  37.4s | 1.0e-04 | 0.0190 | 0.9516 | 0.9525 | 0.9536 | 0.0221 | 0.9442 | 0.9305 | 0.9264
0525 | 20:50:51 |  29.2s | 1.0e-04 | 0.0188 | 0.9496 | 0.9541 | 0.9532 | 0.0216 | 0.9276 | 0.9529 | 0.9319
0526 | 20:51:33 |  29.3s | 1.0e-04 | 0.0187 | 0.9520 | 0.9542 | 0.9553 | 0.0213 | 0.9361 | 0.9429 | 0.9274
0527 | 20:52:15 |  29.3s | 1.0e-04 | 0.0187 | 0.9507 | 0.9539 | 0.9542 | 0.0213 | 0.9321 | 0.9432 | 0.9235
0528 | 20:52:58 |  29.3s | 1.0e-04 | 0.0188 | 0.9516 | 0.9536 | 0.9550 | 0.0214 | 0.9422 | 0.9384 | 0.9297
0529 | 20:53:40 |  29.3s | 1.0e-04 | 0.0187 | 0.9517 | 0.9532 | 0.9541 | 0.0225 | 0.9437 | 0.9287 | 0.9223
0530 | 20:54:22 |  43.5s | 1.0e-04 | 0.0187 | 0.9529 | 0.9549 | 0.9570 | 0.0214 | 0.9398 | 0.9356 | 0.9245
0531 | 20:55:19 |  29.7s | 1.0e-04 | 0.0182 | 0.9533 | 0.9557 | 0.9579 | 0.0210 | 0.9362 | 0.9430 | 0.9279
0532 | 20:56:02 |  38.3s | 1.0e-04 | 0.0187 | 0.9539 | 0.9566 | 0.9592 | 0.0215 | 0.9289 | 0.9450 | 0.9223
0533 | 20:56:53 |  29.7s | 1.0e-04 | 0.0185 | 0.9539 | 0.9562 | 0.9591 | 0.0217 | 0.9472 | 0.9311 | 0.9291
0534 | 20:57:36 |  29.8s | 1.0e-04 | 0.0186 | 0.9547 | 0.9571 | 0.9600 | 0.0217 | 0.9370 | 0.9448 | 0.9315
0535 | 20:58:19 |  29.8s | 1.0e-04 | 0.0187 | 0.9537 | 0.9570 | 0.9593 | 0.0214 | 0.9370 | 0.9420 | 0.9291
0536 | 20:59:01 |  29.8s | 1.0e-04 | 0.0186 | 0.9544 | 0.9575 | 0.9600 | 0.0216 | 0.9453 | 0.9356 | 0.9319
0537 | 20:59:44 |  29.8s | 1.0e-04 | 0.0185 | 0.9545 | 0.9577 | 0.9605 | 0.0215 | 0.9490 | 0.9329 | 0.9332
0538 | 21:00:27 |  44.2s | 1.0e-04 | 0.0186 | 0.9534 | 0.9560 | 0.9586 | 0.0213 | 0.9335 | 0.9468 | 0.9295
0539 | 21:01:24 |  29.6s | 1.0e-04 | 0.0189 | 0.9534 | 0.9556 | 0.9580 | 0.0213 | 0.9418 | 0.9385 | 0.9292
0540 | 21:02:07 |  38.5s | 1.0e-04 | 0.0183 | 0.9527 | 0.9551 | 0.9570 | 0.0218 | 0.9269 | 0.9529 | 0.9296
0541 | 21:02:58 |  29.8s | 1.0e-04 | 0.0183 | 0.9527 | 0.9548 | 0.9565 | 0.0216 | 0.9293 | 0.9477 | 0.9263
0542 | 21:03:41 |  29.5s | 1.0e-04 | 0.0182 | 0.9531 | 0.9547 | 0.9571 | 0.0222 | 0.9470 | 0.9324 | 0.9306
0543 | 21:04:24 |  29.8s | 1.0e-04 | 0.0182 | 0.9539 | 0.9564 | 0.9587 | 0.0212 | 0.9497 | 0.9354 | 0.9380
0544 | 21:05:06 |  29.8s | 1.0e-04 | 0.0182 | 0.9525 | 0.9560 | 0.9573 | 0.0219 | 0.9445 | 0.9357 | 0.9282
0545 | 21:05:49 |  38.7s | 1.0e-04 | 0.0183 | 0.9531 | 0.9548 | 0.9574 | 0.0216 | 0.9270 | 0.9484 | 0.9246
0546 | 21:06:41 |  37.8s | 1.0e-04 | 0.0183 | 0.9519 | 0.9536 | 0.9546 | 0.0218 | 0.9380 | 0.9384 | 0.9235
0547 | 21:07:32 |  38.0s | 1.0e-04 | 0.0179 | 0.9527 | 0.9539 | 0.9557 | 0.0213 | 0.9414 | 0.9369 | 0.9282
0548 | 21:08:25 |  30.0s | 1.0e-04 | 0.0180 | 0.9524 | 0.9535 | 0.9553 | 0.0219 | 0.9442 | 0.9354 | 0.9278
0549 | 21:09:09 |  30.1s | 1.0e-04 | 0.0180 | 0.9513 | 0.9538 | 0.9548 | 0.0210 | 0.9435 | 0.9420 | 0.9366
0550 | 21:09:52 |  30.3s | 1.0e-04 | 0.0179 | 0.9529 | 0.9544 | 0.9566 | 0.0214 | 0.9404 | 0.9421 | 0.9327
0551 | 21:10:38 |  30.5s | 1.0e-04 | 0.0179 | 0.9520 | 0.9543 | 0.9558 | 0.0213 | 0.9433 | 0.9373 | 0.9309
0552 | 21:11:22 |  30.3s | 1.0e-04 | 0.0180 | 0.9517 | 0.9543 | 0.9549 | 0.0214 | 0.9438 | 0.9368 | 0.9314
0553 | 21:12:06 |  38.2s | 1.0e-04 | 0.0180 | 0.9520 | 0.9534 | 0.9550 | 0.0221 | 0.9275 | 0.9477 | 0.9252
0554 | 21:12:58 |  38.4s | 1.0e-04 | 0.0178 | 0.9526 | 0.9546 | 0.9563 | 0.0215 | 0.9469 | 0.9353 | 0.9347
0555 | 21:13:49 |  39.4s | 1.0e-04 | 0.0184 | 0.9500 | 0.9535 | 0.9527 | 0.0213 | 0.9487 | 0.9318 | 0.9333
0556 | 21:14:42 |  30.5s | 1.0e-04 | 0.0180 | 0.9510 | 0.9531 | 0.9537 | 0.0222 | 0.9354 | 0.9408 | 0.9241
0557 | 21:15:28 |  30.4s | 1.0e-04 | 0.0177 | 0.9518 | 0.9535 | 0.9549 | 0.0217 | 0.9482 | 0.9322 | 0.9328
0558 | 21:16:12 |  30.4s | 1.0e-04 | 0.0180 | 0.9514 | 0.9527 | 0.9537 | 0.0217 | 0.9430 | 0.9410 | 0.9335
0559 | 21:16:56 |  30.2s | 1.0e-04 | 0.0181 | 0.9515 | 0.9532 | 0.9544 | 0.0213 | 0.9425 | 0.9342 | 0.9279
0560 | 21:17:41 |  30.6s | 1.0e-04 | 0.0181 | 0.9509 | 0.9517 | 0.9524 | 0.0210 | 0.9449 | 0.9324 | 0.9280
0561 | 21:18:25 |  45.8s | 1.0e-04 | 0.0182 | 0.9523 | 0.9538 | 0.9557 | 0.0216 | 0.9502 | 0.9329 | 0.9342
0562 | 21:19:26 |  30.3s | 1.0e-04 | 0.0172 | 0.9534 | 0.9562 | 0.9582 | 0.0219 | 0.9448 | 0.9331 | 0.9295
0563 | 21:20:12 |  39.8s | 1.0e-04 | 0.0181 | 0.9526 | 0.9540 | 0.9557 | 0.0213 | 0.9427 | 0.9373 | 0.9315
0564 | 21:21:07 |  30.3s | 1.0e-04 | 0.0184 | 0.9527 | 0.9548 | 0.9566 | 0.0215 | 0.9383 | 0.9444 | 0.9328
0565 | 21:21:51 |  30.1s | 1.0e-04 | 0.0182 | 0.9534 | 0.9563 | 0.9586 | 0.0213 | 0.9400 | 0.9419 | 0.9324
0566 | 21:22:35 |  30.4s | 1.0e-04 | 0.0186 | 0.9526 | 0.9542 | 0.9561 | 0.0210 | 0.9353 | 0.9471 | 0.9317
0567 | 21:23:20 |  30.2s | 1.0e-04 | 0.0182 | 0.9531 | 0.9559 | 0.9578 | 0.0212 | 0.9419 | 0.9428 | 0.9352
0568 | 21:24:04 |  30.6s | 1.0e-04 | 0.0182 | 0.9535 | 0.9562 | 0.9585 | 0.0211 | 0.9435 | 0.9322 | 0.9232
0569 | 21:24:48 |  46.7s | 1.0e-04 | 0.0185 | 0.9535 | 0.9557 | 0.9576 | 0.0212 | 0.9355 | 0.9469 | 0.9331
0570 | 21:25:49 |  30.2s | 1.0e-04 | 0.0185 | 0.9536 | 0.9561 | 0.9582 | 0.0206 | 0.9431 | 0.9384 | 0.9318
0571 | 21:26:32 |  39.2s | 1.0e-04 | 0.0184 | 0.9526 | 0.9561 | 0.9576 | 0.0214 | 0.9431 | 0.9410 | 0.9341
0572 | 21:27:25 |  30.3s | 1.0e-04 | 0.0180 | 0.9528 | 0.9574 | 0.9589 | 0.0209 | 0.9481 | 0.9327 | 0.9305
0573 | 21:28:09 |  30.2s | 1.0e-04 | 0.0181 | 0.9541 | 0.9577 | 0.9595 | 0.0211 | 0.9354 | 0.9448 | 0.9289
0574 | 21:28:54 |  30.5s | 1.0e-04 | 0.0184 | 0.9528 | 0.9558 | 0.9573 | 0.0212 | 0.9463 | 0.9326 | 0.9294
0575 | 21:29:40 |  30.2s | 1.0e-04 | 0.0182 | 0.9538 | 0.9546 | 0.9577 | 0.0210 | 0.9374 | 0.9433 | 0.9307
0576 | 21:30:24 |  30.3s | 1.0e-04 | 0.0182 | 0.9536 | 0.9555 | 0.9575 | 0.0217 | 0.9461 | 0.9313 | 0.9276
0577 | 21:31:07 |  46.9s | 1.0e-04 | 0.0186 | 0.9529 | 0.9552 | 0.9572 | 0.0220 | 0.9376 | 0.9441 | 0.9306
0578 | 21:32:08 |  30.5s | 1.0e-04 | 0.0187 | 0.9530 | 0.9561 | 0.9572 | 0.0208 | 0.9418 | 0.9367 | 0.9279
0579 | 21:32:52 |  39.3s | 1.0e-04 | 0.0179 | 0.9542 | 0.9567 | 0.9597 | 0.0210 | 0.9414 | 0.9410 | 0.9324
0580 | 21:33:44 |  30.2s | 1.0e-04 | 0.0180 | 0.9543 | 0.9565 | 0.9593 | 0.0210 | 0.9426 | 0.9353 | 0.9273
0581 | 21:34:31 |  30.1s | 1.0e-04 | 0.0181 | 0.9537 | 0.9572 | 0.9595 | 0.0212 | 0.9413 | 0.9457 | 0.9371
0582 | 21:35:14 |  30.2s | 1.0e-04 | 0.0178 | 0.9547 | 0.9575 | 0.9610 | 0.0213 | 0.9389 | 0.9369 | 0.9258
0583 | 21:35:58 |  30.1s | 1.0e-04 | 0.0177 | 0.9546 | 0.9580 | 0.9607 | 0.0220 | 0.9375 | 0.9450 | 0.9325
0584 | 21:36:43 |  38.1s | 1.0e-04 | 0.0181 | 0.9551 | 0.9571 | 0.9605 | 0.0208 | 0.9366 | 0.9395 | 0.9243
0585 | 21:37:37 |  38.6s | 1.0e-04 | 0.0178 | 0.9539 | 0.9568 | 0.9597 | 0.0217 | 0.9455 | 0.9309 | 0.9252
0586 | 21:38:30 |  39.0s | 1.0e-04 | 0.0177 | 0.9539 | 0.9567 | 0.9593 | 0.0217 | 0.9318 | 0.9496 | 0.9315
0587 | 21:39:23 |  30.2s | 1.0e-04 | 0.0183 | 0.9525 | 0.9554 | 0.9570 | 0.0211 | 0.9418 | 0.9408 | 0.9317
0588 | 21:40:08 |  30.3s | 1.0e-04 | 0.0185 | 0.9528 | 0.9573 | 0.9590 | 0.0214 | 0.9351 | 0.9385 | 0.9212
0589 | 21:40:52 |  30.3s | 1.0e-04 | 0.0181 | 0.9538 | 0.9562 | 0.9587 | 0.0210 | 0.9377 | 0.9473 | 0.9346
0590 | 21:41:36 |  30.0s | 1.0e-04 | 0.0189 | 0.9513 | 0.9554 | 0.9560 | 0.0219 | 0.9440 | 0.9348 | 0.9271
0591 | 21:42:21 |  30.2s | 1.0e-04 | 0.0186 | 0.9535 | 0.9558 | 0.9586 | 0.0218 | 0.9332 | 0.9404 | 0.9222
0592 | 21:43:04 |  38.1s | 1.0e-04 | 0.0182 | 0.9538 | 0.9564 | 0.9586 | 0.0212 | 0.9367 | 0.9445 | 0.9301
0593 | 21:43:56 |  38.1s | 1.0e-04 | 0.0184 | 0.9518 | 0.9553 | 0.9563 | 0.0218 | 0.9289 | 0.9542 | 0.9350
0594 | 21:44:48 |  39.6s | 1.0e-04 | 0.0183 | 0.9533 | 0.9552 | 0.9577 | 0.0223 | 0.9380 | 0.9416 | 0.9290
0595 | 21:45:40 |  30.5s | 1.0e-04 | 0.0184 | 0.9522 | 0.9538 | 0.9553 | 0.0213 | 0.9303 | 0.9521 | 0.9330
0596 | 21:46:27 |  30.7s | 1.0e-04 | 0.0182 | 0.9538 | 0.9553 | 0.9579 | 0.0209 | 0.9397 | 0.9438 | 0.9343
0597 | 21:47:11 |  30.7s | 1.0e-04 | 0.0185 | 0.9522 | 0.9551 | 0.9568 | 0.0210 | 0.9378 | 0.9379 | 0.9243
0598 | 21:47:56 |  30.5s | 1.0e-04 | 0.0180 | 0.9542 | 0.9560 | 0.9592 | 0.0211 | 0.9405 | 0.9423 | 0.9321
0599 | 21:48:39 |  30.7s | 1.0e-04 | 0.0186 | 0.9520 | 0.9542 | 0.9556 | 0.0216 | 0.9386 | 0.9408 | 0.9288
0600 | 21:49:25 |  38.3s | 1.0e-04 | 0.0184 | 0.9526 | 0.9550 | 0.9567 | 0.0216 | 0.9381 | 0.9421 | 0.9303
0601 | 21:50:19 |  30.7s | 1.0e-04 | 0.0180 | 0.9530 | 0.9562 | 0.9580 | 0.0214 | 0.9379 | 0.9397 | 0.9280
0602 | 21:51:03 |  39.7s | 1.0e-04 | 0.0182 | 0.9524 | 0.9561 | 0.9569 | 0.0211 | 0.9392 | 0.9429 | 0.9311
0603 | 21:51:57 |  30.7s | 1.0e-04 | 0.0178 | 0.9531 | 0.9574 | 0.9591 | 0.0217 | 0.9360 | 0.9464 | 0.9315
0604 | 21:52:41 |  30.7s | 1.0e-04 | 0.0178 | 0.9540 | 0.9550 | 0.9582 | 0.0209 | 0.9342 | 0.9454 | 0.9285
0605 | 21:53:27 |  30.9s | 1.0e-04 | 0.0178 | 0.9529 | 0.9565 | 0.9585 | 0.0212 | 0.9302 | 0.9527 | 0.9330
0606 | 21:54:12 |  30.9s | 1.0e-04 | 0.0176 | 0.9541 | 0.9569 | 0.9597 | 0.0212 | 0.9427 | 0.9365 | 0.9282
0607 | 21:54:56 |  30.5s | 1.0e-04 | 0.0178 | 0.9529 | 0.9560 | 0.9576 | 0.0203 | 0.9457 | 0.9405 | 0.9352
0608 | 21:55:42 |  47.5s | 1.0e-04 | 0.0184 | 0.9535 | 0.9552 | 0.9571 | 0.0215 | 0.9253 | 0.9579 | 0.9349
0609 | 21:56:43 |  30.9s | 1.0e-04 | 0.0185 | 0.9528 | 0.9556 | 0.9576 | 0.0208 | 0.9454 | 0.9369 | 0.9348
0610 | 21:57:30 |  41.5s | 1.0e-04 | 0.0181 | 0.9541 | 0.9559 | 0.9587 | 0.0214 | 0.9293 | 0.9461 | 0.9248
0611 | 21:58:25 |  30.2s | 1.0e-04 | 0.0177 | 0.9538 | 0.9577 | 0.9602 | 0.0219 | 0.9326 | 0.9509 | 0.9334
0612 | 21:59:11 |  30.4s | 1.0e-04 | 0.0176 | 0.9554 | 0.9577 | 0.9614 | 0.0206 | 0.9404 | 0.9419 | 0.9328
0613 | 21:59:55 |  30.3s | 1.0e-04 | 0.0179 | 0.9552 | 0.9586 | 0.9617 | 0.0207 | 0.9419 | 0.9400 | 0.9298
0614 | 22:00:39 |  30.4s | 1.0e-04 | 0.0177 | 0.9552 | 0.9577 | 0.9615 | 0.0213 | 0.9402 | 0.9397 | 0.9292
0615 | 22:01:25 |  30.2s | 1.0e-04 | 0.0178 | 0.9547 | 0.9581 | 0.9616 | 0.0207 | 0.9442 | 0.9374 | 0.9319
0616 | 22:02:08 |  45.9s | 1.0e-04 | 0.0173 | 0.9544 | 0.9576 | 0.9608 | 0.0214 | 0.9404 | 0.9370 | 0.9276
0617 | 22:03:08 |  30.4s | 1.0e-04 | 0.0174 | 0.9544 | 0.9564 | 0.9598 | 0.0217 | 0.9270 | 0.9500 | 0.9271
0618 | 22:03:52 |  40.3s | 1.0e-04 | 0.0171 | 0.9555 | 0.9570 | 0.9610 | 0.0214 | 0.9369 | 0.9458 | 0.9312
0619 | 22:04:46 |  30.6s | 1.0e-04 | 0.0175 | 0.9539 | 0.9569 | 0.9594 | 0.0223 | 0.9468 | 0.9288 | 0.9289
0620 | 22:05:31 |  31.0s | 1.0e-04 | 0.0177 | 0.9539 | 0.9555 | 0.9581 | 0.0215 | 0.9356 | 0.9469 | 0.9317
0621 | 22:06:16 |  30.6s | 1.0e-04 | 0.0174 | 0.9538 | 0.9564 | 0.9592 | 0.0209 | 0.9382 | 0.9420 | 0.9305
0622 | 22:07:00 |  31.7s | 1.0e-04 | 0.0172 | 0.9543 | 0.9564 | 0.9597 | 0.0215 | 0.9363 | 0.9441 | 0.9304
0623 | 22:07:48 |  38.4s | 1.0e-04 | 0.0178 | 0.9528 | 0.9565 | 0.9583 | 0.0219 | 0.9424 | 0.9374 | 0.9319
0624 | 22:08:41 |  39.1s | 1.0e-04 | 0.0174 | 0.9533 | 0.9561 | 0.9583 | 0.0219 | 0.9425 | 0.9380 | 0.9277
0625 | 22:09:36 |  30.7s | 1.0e-04 | 0.0174 | 0.9540 | 0.9566 | 0.9596 | 0.0213 | 0.9353 | 0.9444 | 0.9289
0626 | 22:10:22 |  31.0s | 1.0e-04 | 0.0175 | 0.9538 | 0.9566 | 0.9593 | 0.0210 | 0.9379 | 0.9458 | 0.9333
0627 | 22:11:07 |  30.4s | 1.0e-04 | 0.0177 | 0.9536 | 0.9567 | 0.9590 | 0.0219 | 0.9345 | 0.9447 | 0.9279
0628 | 22:11:52 |  30.7s | 1.0e-04 | 0.0175 | 0.9533 | 0.9558 | 0.9583 | 0.0214 | 0.9411 | 0.9392 | 0.9302
0629 | 22:12:36 |  30.8s | 1.0e-04 | 0.0175 | 0.9540 | 0.9574 | 0.9598 | 0.0217 | 0.9377 | 0.9396 | 0.9262
0630 | 22:13:20 |  30.5s | 1.0e-04 | 0.0176 | 0.9540 | 0.9573 | 0.9598 | 0.0209 | 0.9434 | 0.9362 | 0.9288
0631 | 22:14:06 |  38.9s | 1.0e-04 | 0.0175 | 0.9545 | 0.9577 | 0.9604 | 0.0207 | 0.9445 | 0.9403 | 0.9348
0632 | 22:15:00 |  39.2s | 1.0e-04 | 0.0174 | 0.9542 | 0.9551 | 0.9585 | 0.0208 | 0.9409 | 0.9399 | 0.9302
0633 | 22:15:55 |  39.3s | 1.0e-04 | 0.0173 | 0.9543 | 0.9569 | 0.9601 | 0.0213 | 0.9489 | 0.9289 | 0.9305
0634 | 22:16:49 |  30.6s | 1.0e-04 | 0.0167 | 0.9543 | 0.9550 | 0.9588 | 0.0211 | 0.9411 | 0.9412 | 0.9327
0635 | 22:17:33 |  31.0s | 1.0e-04 | 0.0165 | 0.9548 | 0.9560 | 0.9594 | 0.0221 | 0.9369 | 0.9407 | 0.9270
0636 | 22:18:19 |  30.8s | 1.0e-04 | 0.0167 | 0.9533 | 0.9550 | 0.9578 | 0.0218 | 0.9347 | 0.9443 | 0.9290
0637 | 22:19:03 |  31.1s | 1.0e-04 | 0.0168 | 0.9532 | 0.9553 | 0.9575 | 0.0211 | 0.9346 | 0.9462 | 0.9311
0638 | 22:19:48 |  30.9s | 1.0e-04 | 0.0167 | 0.9541 | 0.9567 | 0.9594 | 0.0209 | 0.9413 | 0.9384 | 0.9300
0639 | 22:20:33 |  38.4s | 1.0e-04 | 0.0167 | 0.9538 | 0.9553 | 0.9582 | 0.0215 | 0.9439 | 0.9328 | 0.9267
0640 | 22:21:26 |  38.4s | 1.0e-04 | 0.0164 | 0.9557 | 0.9575 | 0.9619 | 0.0211 | 0.9450 | 0.9356 | 0.9321
0641 | 22:22:19 |  40.0s | 1.0e-04 | 0.0168 | 0.9553 | 0.9578 | 0.9610 | 0.0209 | 0.9341 | 0.9464 | 0.9303
0642 | 22:23:14 |  30.4s | 1.0e-04 | 0.0172 | 0.9551 | 0.9581 | 0.9619 | 0.0215 | 0.9300 | 0.9483 | 0.9281
0643 | 22:23:59 |  30.5s | 1.0e-04 | 0.0174 | 0.9549 | 0.9596 | 0.9622 | 0.0211 | 0.9350 | 0.9457 | 0.9309
0644 | 22:24:43 |  30.2s | 1.0e-04 | 0.0172 | 0.9552 | 0.9583 | 0.9624 | 0.0218 | 0.9356 | 0.9436 | 0.9284
0645 | 22:25:27 |  30.4s | 1.0e-04 | 0.0168 | 0.9567 | 0.9582 | 0.9636 | 0.0222 | 0.9343 | 0.9439 | 0.9279
0646 | 22:26:13 |  30.2s | 1.0e-04 | 0.0171 | 0.9561 | 0.9583 | 0.9624 | 0.0215 | 0.9344 | 0.9477 | 0.9312
0647 | 22:26:58 |  45.8s | 1.0e-04 | 0.0170 | 0.9563 | 0.9584 | 0.9633 | 0.0219 | 0.9342 | 0.9448 | 0.9282
0648 | 22:27:58 |  30.7s | 1.0e-04 | 0.0170 | 0.9563 | 0.9591 | 0.9630 | 0.0214 | 0.9416 | 0.9376 | 0.9287
0649 | 22:28:44 |  40.6s | 1.0e-04 | 0.0169 | 0.9542 | 0.9584 | 0.9609 | 0.0219 | 0.9395 | 0.9359 | 0.9261
0650 | 22:29:40 |  31.1s | 1.0e-04 | 0.0165 | 0.9540 | 0.9563 | 0.9594 | 0.0205 | 0.9361 | 0.9409 | 0.9260
0651 | 22:30:25 |  31.5s | 1.0e-04 | 0.0168 | 0.9539 | 0.9538 | 0.9576 | 0.0219 | 0.9419 | 0.9359 | 0.9270
0652 | 22:31:10 |  31.7s | 1.0e-04 | 0.0162 | 0.9561 | 0.9569 | 0.9618 | 0.0213 | 0.9390 | 0.9417 | 0.9291
0653 | 22:31:55 |  31.4s | 1.0e-04 | 0.0164 | 0.9542 | 0.9560 | 0.9595 | 0.0217 | 0.9393 | 0.9398 | 0.9287
0654 | 22:32:42 |  31.7s | 1.0e-04 | 0.0166 | 0.9531 | 0.9576 | 0.9592 | 0.0216 | 0.9463 | 0.9375 | 0.9327
0655 | 22:33:27 |  48.3s | 1.0e-04 | 0.0171 | 0.9539 | 0.9557 | 0.9587 | 0.0213 | 0.9475 | 0.9322 | 0.9318
0656 | 22:34:31 |  31.8s | 1.0e-04 | 0.0176 | 0.9521 | 0.9544 | 0.9556 | 0.0214 | 0.9378 | 0.9388 | 0.9260
0657 | 22:35:16 |  41.2s | 1.0e-04 | 0.0179 | 0.9533 | 0.9548 | 0.9572 | 0.0212 | 0.9396 | 0.9389 | 0.9271
0658 | 22:36:11 |  31.2s | 1.0e-04 | 0.0181 | 0.9532 | 0.9552 | 0.9577 | 0.0214 | 0.9407 | 0.9395 | 0.9300
0659 | 22:36:58 |  31.6s | 1.0e-04 | 0.0182 | 0.9533 | 0.9543 | 0.9569 | 0.0205 | 0.9378 | 0.9412 | 0.9279
0660 | 22:37:43 |  31.6s | 1.0e-04 | 0.0180 | 0.9533 | 0.9555 | 0.9578 | 0.0211 | 0.9370 | 0.9464 | 0.9332
0661 | 22:38:28 |  31.3s | 1.0e-04 | 0.0184 | 0.9527 | 0.9547 | 0.9565 | 0.0214 | 0.9297 | 0.9508 | 0.9310
0662 | 22:39:15 |  31.2s | 1.0e-04 | 0.0181 | 0.9526 | 0.9556 | 0.9575 | 0.0206 | 0.9453 | 0.9396 | 0.9360
0663 | 22:40:00 |  46.9s | 1.0e-04 | 0.0182 | 0.9536 | 0.9565 | 0.9591 | 0.0212 | 0.9405 | 0.9406 | 0.9311
0664 | 22:41:02 |  31.0s | 1.0e-04 | 0.0183 | 0.9533 | 0.9555 | 0.9583 | 0.0210 | 0.9472 | 0.9306 | 0.9312
0665 | 22:41:46 |  40.5s | 1.0e-04 | 0.0178 | 0.9560 | 0.9580 | 0.9625 | 0.0216 | 0.9377 | 0.9401 | 0.9253
0666 | 22:42:41 |  30.5s | 1.0e-04 | 0.0179 | 0.9550 | 0.9584 | 0.9613 | 0.0214 | 0.9390 | 0.9481 | 0.9369
0667 | 22:43:25 |  30.4s | 1.0e-04 | 0.0177 | 0.9556 | 0.9593 | 0.9622 | 0.0211 | 0.9390 | 0.9435 | 0.9324
0668 | 22:44:10 |  30.4s | 1.0e-04 | 0.0176 | 0.9562 | 0.9587 | 0.9634 | 0.0207 | 0.9419 | 0.9396 | 0.9323
0669 | 22:44:54 |  30.5s | 1.0e-04 | 0.0179 | 0.9558 | 0.9584 | 0.9623 | 0.0207 | 0.9445 | 0.9437 | 0.9388
0670 | 22:45:40 |  37.7s | 1.0e-04 | 0.0177 | 0.9557 | 0.9601 | 0.9632 | 0.0213 | 0.9442 | 0.9377 | 0.9319
0671 | 22:46:33 |  38.2s | 1.0e-04 | 0.0180 | 0.9533 | 0.9581 | 0.9594 | 0.0217 | 0.9379 | 0.9458 | 0.9335
0672 | 22:47:27 |  40.2s | 1.0e-04 | 0.0176 | 0.9549 | 0.9584 | 0.9618 | 0.0209 | 0.9431 | 0.9345 | 0.9279
0673 | 22:48:22 |  30.3s | 1.0e-04 | 0.0185 | 0.9531 | 0.9543 | 0.9564 | 0.0209 | 0.9484 | 0.9360 | 0.9352
0674 | 22:49:06 |  30.4s | 1.0e-04 | 0.0185 | 0.9522 | 0.9552 | 0.9564 | 0.0209 | 0.9427 | 0.9340 | 0.9265
0675 | 22:49:50 |  30.5s | 1.0e-04 | 0.0183 | 0.9525 | 0.9557 | 0.9575 | 0.0216 | 0.9380 | 0.9459 | 0.9333
0676 | 22:50:36 |  30.4s | 1.0e-04 | 0.0181 | 0.9531 | 0.9566 | 0.9589 | 0.0214 | 0.9383 | 0.9431 | 0.9308
0677 | 22:51:20 |  30.3s | 1.0e-04 | 0.0182 | 0.9536 | 0.9553 | 0.9580 | 0.0208 | 0.9379 | 0.9498 | 0.9377
0678 | 22:52:03 |  38.5s | 1.0e-04 | 0.0180 | 0.9536 | 0.9568 | 0.9589 | 0.0215 | 0.9345 | 0.9453 | 0.9285
0679 | 22:52:56 |  38.5s | 1.0e-04 | 0.0172 | 0.9545 | 0.9567 | 0.9601 | 0.0212 | 0.9383 | 0.9450 | 0.9332
0680 | 22:53:48 |  38.2s | 1.0e-04 | 0.0169 | 0.9545 | 0.9560 | 0.9599 | 0.0213 | 0.9489 | 0.9354 | 0.9354
0681 | 22:54:41 |  30.3s | 1.0e-04 | 0.0167 | 0.9541 | 0.9557 | 0.9588 | 0.0206 | 0.9400 | 0.9429 | 0.9320
0682 | 22:55:25 |  30.2s | 1.0e-04 | 0.0165 | 0.9549 | 0.9571 | 0.9604 | 0.0214 | 0.9395 | 0.9436 | 0.9328
0683 | 22:56:11 |  30.2s | 1.0e-04 | 0.0166 | 0.9546 | 0.9563 | 0.9603 | 0.0208 | 0.9476 | 0.9374 | 0.9348
0684 | 22:56:54 |  30.3s | 1.0e-04 | 0.0166 | 0.9546 | 0.9574 | 0.9606 | 0.0213 | 0.9310 | 0.9485 | 0.9291
0685 | 22:57:38 |  30.4s | 1.0e-04 | 0.0165 | 0.9545 | 0.9563 | 0.9590 | 0.0218 | 0.9347 | 0.9436 | 0.9278
0686 | 22:58:24 |  47.6s | 1.0e-04 | 0.0170 | 0.9537 | 0.9557 | 0.9588 | 0.0212 | 0.9387 | 0.9425 | 0.9296
0687 | 22:59:25 |  31.0s | 1.0e-04 | 0.0163 | 0.9553 | 0.9574 | 0.9612 | 0.0213 | 0.9318 | 0.9510 | 0.9330
0688 | 23:00:11 |  42.6s | 1.0e-04 | 0.0170 | 0.9542 | 0.9573 | 0.9602 | 0.0210 | 0.9462 | 0.9363 | 0.9329
0689 | 23:01:09 |  30.9s | 1.0e-04 | 0.0168 | 0.9553 | 0.9571 | 0.9614 | 0.0216 | 0.9372 | 0.9446 | 0.9302
0690 | 23:01:53 |  30.8s | 1.0e-04 | 0.0168 | 0.9559 | 0.9564 | 0.9609 | 0.0220 | 0.9307 | 0.9517 | 0.9326
0691 | 23:02:37 |  31.0s | 1.0e-04 | 0.0168 | 0.9551 | 0.9586 | 0.9620 | 0.0202 | 0.9509 | 0.9357 | 0.9376
0692 | 23:03:23 |  30.9s | 1.0e-04 | 0.0167 | 0.9549 | 0.9577 | 0.9610 | 0.0207 | 0.9422 | 0.9440 | 0.9358
0693 | 23:04:10 |  31.2s | 1.0e-04 | 0.0172 | 0.9556 | 0.9569 | 0.9611 | 0.0210 | 0.9449 | 0.9383 | 0.9336
0694 | 23:04:54 |  47.4s | 1.0e-04 | 0.0168 | 0.9559 | 0.9582 | 0.9621 | 0.0210 | 0.9335 | 0.9486 | 0.9319
0695 | 23:05:55 |  31.1s | 1.0e-04 | 0.0176 | 0.9539 | 0.9583 | 0.9603 | 0.0213 | 0.9298 | 0.9493 | 0.9290
0696 | 23:06:39 |  39.8s | 1.0e-04 | 0.0173 | 0.9549 | 0.9576 | 0.9609 | 0.0210 | 0.9380 | 0.9406 | 0.9270
0697 | 23:07:32 |  30.7s | 1.0e-04 | 0.0177 | 0.9540 | 0.9574 | 0.9601 | 0.0213 | 0.9432 | 0.9392 | 0.9332
0698 | 23:08:18 |  30.9s | 1.0e-04 | 0.0176 | 0.9541 | 0.9579 | 0.9599 | 0.0215 | 0.9295 | 0.9539 | 0.9343
0699 | 23:09:02 |  30.5s | 1.0e-04 | 0.0176 | 0.9549 | 0.9569 | 0.9605 | 0.0215 | 0.9390 | 0.9414 | 0.9302
0700 | 23:09:46 |  30.7s | 1.0e-04 | 0.0173 | 0.9549 | 0.9580 | 0.9613 | 0.0206 | 0.9416 | 0.9426 | 0.9356
0701 | 23:10:32 |  30.8s | 1.0e-04 | 0.0175 | 0.9541 | 0.9567 | 0.9598 | 0.0215 | 0.9327 | 0.9470 | 0.9291
0702 | 23:11:16 |  47.7s | 1.0e-04 | 0.0175 | 0.9529 | 0.9581 | 0.9593 | 0.0214 | 0.9397 | 0.9372 | 0.9271
0703 | 23:12:19 |  30.5s | 1.0e-04 | 0.0175 | 0.9537 | 0.9572 | 0.9597 | 0.0213 | 0.9442 | 0.9395 | 0.9342
0704 | 23:13:03 |  40.6s | 1.0e-04 | 0.0179 | 0.9521 | 0.9558 | 0.9574 | 0.0211 | 0.9405 | 0.9377 | 0.9272
0705 | 23:13:57 |  31.2s | 1.0e-04 | 0.0179 | 0.9528 | 0.9551 | 0.9568 | 0.0209 | 0.9416 | 0.9424 | 0.9344
0706 | 23:14:41 |  31.2s | 1.0e-04 | 0.0179 | 0.9524 | 0.9543 | 0.9560 | 0.0209 | 0.9347 | 0.9519 | 0.9365
0707 | 23:15:26 |  31.1s | 1.0e-04 | 0.0175 | 0.9532 | 0.9550 | 0.9574 | 0.0213 | 0.9469 | 0.9391 | 0.9362
0708 | 23:16:11 |  31.1s | 1.0e-04 | 0.0177 | 0.9525 | 0.9552 | 0.9571 | 0.0201 | 0.9416 | 0.9444 | 0.9363
0709 | 23:16:57 |  38.8s | 1.0e-04 | 0.0173 | 0.9533 | 0.9550 | 0.9575 | 0.0206 | 0.9424 | 0.9432 | 0.9346
0710 | 23:17:49 |  39.7s | 1.0e-04 | 0.0175 | 0.9537 | 0.9564 | 0.9586 | 0.0210 | 0.9379 | 0.9425 | 0.9297
0711 | 23:18:43 |  39.2s | 1.0e-04 | 0.0175 | 0.9533 | 0.9565 | 0.9583 | 0.0203 | 0.9504 | 0.9343 | 0.9369
0712 | 23:19:37 |  30.0s | 1.0e-04 | 0.0181 | 0.9545 | 0.9569 | 0.9602 | 0.0207 | 0.9438 | 0.9416 | 0.9346
0713 | 23:20:20 |  30.5s | 1.0e-04 | 0.0182 | 0.9535 | 0.9562 | 0.9583 | 0.0210 | 0.9367 | 0.9493 | 0.9355
0714 | 23:21:05 |  30.4s | 1.0e-04 | 0.0181 | 0.9530 | 0.9571 | 0.9588 | 0.0207 | 0.9486 | 0.9380 | 0.9378
0715 | 23:21:49 |  30.4s | 1.0e-04 | 0.0178 | 0.9549 | 0.9574 | 0.9605 | 0.0210 | 0.9490 | 0.9375 | 0.9377
0716 | 23:22:33 |  30.1s | 1.0e-04 | 0.0181 | 0.9539 | 0.9569 | 0.9596 | 0.0212 | 0.9453 | 0.9367 | 0.9355
0717 | 23:23:16 |  38.7s | 1.0e-04 | 0.0182 | 0.9534 | 0.9565 | 0.9584 | 0.0200 | 0.9412 | 0.9431 | 0.9343
0718 | 23:24:08 |  38.7s | 1.0e-04 | 0.0188 | 0.9520 | 0.9542 | 0.9553 | 0.0212 | 0.9299 | 0.9487 | 0.9285
0719 | 23:25:00 |  39.4s | 1.0e-04 | 0.0186 | 0.9514 | 0.9543 | 0.9552 | 0.0207 | 0.9336 | 0.9519 | 0.9356
0720 | 23:25:53 |  31.0s | 1.0e-04 | 0.0174 | 0.9541 | 0.9556 | 0.9589 | 0.0212 | 0.9370 | 0.9451 | 0.9321
0721 | 23:26:38 |  30.6s | 1.0e-04 | 0.0177 | 0.9534 | 0.9546 | 0.9573 | 0.0205 | 0.9467 | 0.9305 | 0.9308
0722 | 23:27:21 |  30.9s | 1.0e-04 | 0.0174 | 0.9533 | 0.9562 | 0.9586 | 0.0208 | 0.9378 | 0.9473 | 0.9344
0723 | 23:28:06 |  31.2s | 1.0e-04 | 0.0173 | 0.9534 | 0.9564 | 0.9585 | 0.0211 | 0.9381 | 0.9493 | 0.9374
0724 | 23:28:51 |  31.0s | 1.0e-04 | 0.0174 | 0.9538 | 0.9553 | 0.9583 | 0.0206 | 0.9459 | 0.9390 | 0.9359
0725 | 23:29:36 |  38.8s | 1.0e-04 | 0.0175 | 0.9542 | 0.9561 | 0.9589 | 0.0208 | 0.9406 | 0.9423 | 0.9341
0726 | 23:30:29 |  31.2s | 1.0e-04 | 0.0175 | 0.9538 | 0.9543 | 0.9575 | 0.0213 | 0.9431 | 0.9364 | 0.9287
0727 | 23:31:13 |  39.8s | 1.0e-04 | 0.0181 | 0.9522 | 0.9521 | 0.9539 | 0.0208 | 0.9416 | 0.9448 | 0.9360
0728 | 23:32:06 |  30.6s | 1.0e-04 | 0.0179 | 0.9524 | 0.9549 | 0.9563 | 0.0200 | 0.9415 | 0.9484 | 0.9395
0729 | 23:32:51 |  30.3s | 1.0e-04 | 0.0179 | 0.9517 | 0.9542 | 0.9555 | 0.0204 | 0.9427 | 0.9422 | 0.9352
0730 | 23:33:35 |  30.1s | 1.0e-04 | 0.0182 | 0.9508 | 0.9532 | 0.9540 | 0.0202 | 0.9405 | 0.9455 | 0.9361
0731 | 23:34:19 |  30.2s | 1.0e-04 | 0.0183 | 0.9527 | 0.9535 | 0.9555 | 0.0204 | 0.9459 | 0.9337 | 0.9329
0732 | 23:35:03 |  30.4s | 1.0e-04 | 0.0181 | 0.9531 | 0.9529 | 0.9554 | 0.0205 | 0.9406 | 0.9438 | 0.9348
0733 | 23:35:48 |  46.2s | 1.0e-04 | 0.0176 | 0.9527 | 0.9552 | 0.9571 | 0.0213 | 0.9401 | 0.9437 | 0.9335
0734 | 23:36:48 |  30.5s | 1.0e-04 | 0.0179 | 0.9525 | 0.9553 | 0.9567 | 0.0201 | 0.9426 | 0.9404 | 0.9329
0735 | 23:37:32 |  38.8s | 1.0e-04 | 0.0178 | 0.9538 | 0.9567 | 0.9597 | 0.0203 | 0.9413 | 0.9407 | 0.9314
0736 | 23:38:24 |  30.7s | 1.0e-04 | 0.0175 | 0.9546 | 0.9578 | 0.9612 | 0.0211 | 0.9421 | 0.9386 | 0.9303
0737 | 23:39:09 |  30.8s | 1.0e-04 | 0.0174 | 0.9548 | 0.9569 | 0.9603 | 0.0210 | 0.9435 | 0.9383 | 0.9305
0738 | 23:39:55 |  30.8s | 1.0e-04 | 0.0175 | 0.9545 | 0.9572 | 0.9605 | 0.0212 | 0.9419 | 0.9439 | 0.9351
0739 | 23:40:40 |  30.7s | 1.0e-04 | 0.0175 | 0.9549 | 0.9580 | 0.9611 | 0.0202 | 0.9443 | 0.9430 | 0.9380
0740 | 23:41:24 |  30.8s | 1.0e-04 | 0.0175 | 0.9550 | 0.9581 | 0.9619 | 0.0205 | 0.9433 | 0.9456 | 0.9383
0741 | 23:42:09 |  46.7s | 1.0e-04 | 0.0177 | 0.9542 | 0.9577 | 0.9605 | 0.0207 | 0.9344 | 0.9487 | 0.9329
0742 | 23:43:10 |  30.9s | 1.0e-04 | 0.0173 | 0.9562 | 0.9579 | 0.9627 | 0.0209 | 0.9396 | 0.9467 | 0.9353
0743 | 23:43:54 |  39.9s | 1.0e-04 | 0.0174 | 0.9541 | 0.9560 | 0.9586 | 0.0208 | 0.9389 | 0.9447 | 0.9334
0744 | 23:44:48 |  31.2s | 1.0e-04 | 0.0176 | 0.9545 | 0.9557 | 0.9592 | 0.0207 | 0.9437 | 0.9397 | 0.9330
0745 | 23:45:34 |  31.2s | 1.0e-04 | 0.0176 | 0.9539 | 0.9554 | 0.9582 | 0.0205 | 0.9462 | 0.9434 | 0.9397
0746 | 23:46:20 |  31.1s | 1.0e-04 | 0.0177 | 0.9531 | 0.9555 | 0.9575 | 0.0209 | 0.9432 | 0.9432 | 0.9366
0747 | 23:47:04 |  31.0s | 1.0e-04 | 0.0173 | 0.9543 | 0.9578 | 0.9603 | 0.0221 | 0.9481 | 0.9292 | 0.9289
0748 | 23:47:49 |  39.0s | 1.0e-04 | 0.0172 | 0.9529 | 0.9571 | 0.9585 | 0.0201 | 0.9434 | 0.9445 | 0.9374
0749 | 23:48:43 |  41.1s | 1.0e-04 | 0.0173 | 0.9525 | 0.9544 | 0.9566 | 0.0210 | 0.9405 | 0.9414 | 0.9315
0750 | 23:49:38 |  31.4s | 1.0e-04 | 0.0174 | 0.9536 | 0.9554 | 0.9580 | 0.0201 | 0.9490 | 0.9349 | 0.9341
0751 | 23:50:26 |  31.1s | 1.0e-04 | 0.0172 | 0.9542 | 0.9554 | 0.9586 | 0.0206 | 0.9462 | 0.9352 | 0.9330
0752 | 23:51:11 |  31.3s | 1.0e-04 | 0.0174 | 0.9537 | 0.9549 | 0.9575 | 0.0205 | 0.9397 | 0.9467 | 0.9362
0753 | 23:51:59 |  31.2s | 1.0e-04 | 0.0175 | 0.9536 | 0.9562 | 0.9588 | 0.0213 | 0.9466 | 0.9382 | 0.9357
0754 | 23:52:44 |  31.1s | 1.0e-04 | 0.0172 | 0.9534 | 0.9556 | 0.9578 | 0.0211 | 0.9449 | 0.9419 | 0.9357
0755 | 23:53:29 |  31.2s | 1.0e-04 | 0.0176 | 0.9539 | 0.9559 | 0.9584 | 0.0205 | 0.9462 | 0.9366 | 0.9324
0756 | 23:54:15 |  39.6s | 1.0e-04 | 0.0174 | 0.9536 | 0.9567 | 0.9594 | 0.0204 | 0.9427 | 0.9481 | 0.9409
0757 | 23:55:11 |  38.8s | 1.0e-04 | 0.0171 | 0.9545 | 0.9567 | 0.9597 | 0.0208 | 0.9405 | 0.9399 | 0.9312
0758 | 23:56:05 |  40.4s | 1.0e-04 | 0.0171 | 0.9539 | 0.9573 | 0.9594 | 0.0209 | 0.9435 | 0.9406 | 0.9347
0759 | 23:57:00 |  30.7s | 1.0e-04 | 0.0167 | 0.9545 | 0.9562 | 0.9596 | 0.0211 | 0.9277 | 0.9520 | 0.9295
0760 | 23:57:45 |  30.9s | 1.0e-04 | 0.0165 | 0.9537 | 0.9575 | 0.9596 | 0.0203 | 0.9412 | 0.9452 | 0.9372
0761 | 23:58:29 |  30.8s | 1.0e-04 | 0.0168 | 0.9538 | 0.9565 | 0.9586 | 0.0201 | 0.9416 | 0.9450 | 0.9362
0762 | 23:59:15 |  30.8s | 1.0e-04 | 0.0166 | 0.9549 | 0.9566 | 0.9600 | 0.0212 | 0.9354 | 0.9465 | 0.9310
0763 | 00:00:00 |  30.9s | 1.0e-04 | 0.0165 | 0.9556 | 0.9571 | 0.9610 | 0.0207 | 0.9435 | 0.9408 | 0.9349
0764 | 00:00:44 |  40.1s | 1.0e-04 | 0.0164 | 0.9561 | 0.9575 | 0.9621 | 0.0210 | 0.9500 | 0.9334 | 0.9354
0765 | 00:01:38 |  38.9s | 1.0e-04 | 0.0164 | 0.9557 | 0.9584 | 0.9626 | 0.0204 | 0.9419 | 0.9427 | 0.9350
0766 | 00:02:31 |  40.5s | 1.0e-04 | 0.0163 | 0.9556 | 0.9588 | 0.9623 | 0.0208 | 0.9355 | 0.9491 | 0.9349
0767 | 00:03:25 |  30.4s | 1.0e-04 | 0.0161 | 0.9569 | 0.9605 | 0.9647 | 0.0201 | 0.9421 | 0.9428 | 0.9335
0768 | 00:04:09 |  30.2s | 1.0e-04 | 0.0160 | 0.9578 | 0.9599 | 0.9652 | 0.0214 | 0.9380 | 0.9441 | 0.9310
0769 | 00:04:54 |  30.4s | 1.0e-04 | 0.0160 | 0.9572 | 0.9609 | 0.9656 | 0.0224 | 0.9451 | 0.9403 | 0.9348
0770 | 00:05:38 |  30.5s | 1.0e-04 | 0.0161 | 0.9582 | 0.9609 | 0.9661 | 0.0207 | 0.9323 | 0.9500 | 0.9323
0771 | 00:06:22 |  30.3s | 1.0e-04 | 0.0160 | 0.9569 | 0.9595 | 0.9647 | 0.0208 | 0.9439 | 0.9405 | 0.9363
0772 | 00:07:08 |  46.1s | 1.0e-04 | 0.0161 | 0.9560 | 0.9607 | 0.9641 | 0.0208 | 0.9359 | 0.9467 | 0.9325
0773 | 00:08:09 |  30.7s | 1.0e-04 | 0.0167 | 0.9550 | 0.9581 | 0.9609 | 0.0211 | 0.9432 | 0.9445 | 0.9380
0774 | 00:08:54 |  38.8s | 1.0e-04 | 0.0170 | 0.9548 | 0.9575 | 0.9608 | 0.0209 | 0.9449 | 0.9404 | 0.9359
0775 | 00:09:47 |  30.8s | 1.0e-04 | 0.0175 | 0.9532 | 0.9563 | 0.9584 | 0.0204 | 0.9407 | 0.9451 | 0.9353
0776 | 00:10:33 |  30.9s | 1.0e-04 | 0.0177 | 0.9539 | 0.9545 | 0.9579 | 0.0201 | 0.9366 | 0.9530 | 0.9389
0777 | 00:11:18 |  30.9s | 1.0e-04 | 0.0175 | 0.9531 | 0.9562 | 0.9582 | 0.0206 | 0.9357 | 0.9486 | 0.9343
0778 | 00:12:02 |  31.1s | 1.0e-04 | 0.0175 | 0.9536 | 0.9556 | 0.9584 | 0.0206 | 0.9442 | 0.9432 | 0.9385
0779 | 00:12:48 |  30.9s | 1.0e-04 | 0.0174 | 0.9541 | 0.9559 | 0.9589 | 0.0209 | 0.9426 | 0.9401 | 0.9320
0780 | 00:13:33 |  46.6s | 1.0e-04 | 0.0172 | 0.9537 | 0.9561 | 0.9589 | 0.0212 | 0.9338 | 0.9493 | 0.9329
0781 | 00:14:36 |  31.2s | 1.0e-04 | 0.0173 | 0.9545 | 0.9564 | 0.9599 | 0.0212 | 0.9413 | 0.9429 | 0.9335
0782 | 00:15:21 |  39.6s | 1.0e-04 | 0.0177 | 0.9535 | 0.9568 | 0.9586 | 0.0206 | 0.9428 | 0.9435 | 0.9371
0783 | 00:16:15 |  30.6s | 1.0e-04 | 0.0179 | 0.9530 | 0.9548 | 0.9573 | 0.0214 | 0.9417 | 0.9426 | 0.9350
0784 | 00:16:59 |  30.4s | 1.0e-04 | 0.0174 | 0.9540 | 0.9547 | 0.9578 | 0.0211 | 0.9436 | 0.9435 | 0.9386
0785 | 00:17:45 |  30.5s | 1.0e-04 | 0.0179 | 0.9521 | 0.9555 | 0.9568 | 0.0200 | 0.9485 | 0.9327 | 0.9332
0786 | 00:18:29 |  30.5s | 1.0e-04 | 0.0177 | 0.9539 | 0.9562 | 0.9588 | 0.0206 | 0.9423 | 0.9400 | 0.9308
0787 | 00:19:14 |  30.3s | 1.0e-04 | 0.0176 | 0.9531 | 0.9549 | 0.9574 | 0.0213 | 0.9502 | 0.9288 | 0.9330
0788 | 00:20:00 |  46.5s | 1.0e-04 | 0.0175 | 0.9553 | 0.9576 | 0.9611 | 0.0205 | 0.9428 | 0.9416 | 0.9348
0789 | 00:21:00 |  30.3s | 1.0e-04 | 0.0172 | 0.9554 | 0.9576 | 0.9612 | 0.0206 | 0.9384 | 0.9421 | 0.9303
0790 | 00:21:45 |  39.3s | 1.0e-04 | 0.0171 | 0.9555 | 0.9588 | 0.9622 | 0.0209 | 0.9425 | 0.9465 | 0.9392
0791 | 00:22:37 |  30.3s | 1.0e-04 | 0.0171 | 0.9545 | 0.9585 | 0.9611 | 0.0207 | 0.9443 | 0.9355 | 0.9303
0792 | 00:23:23 |  30.5s | 1.0e-04 | 0.0173 | 0.9543 | 0.9589 | 0.9611 | 0.0209 | 0.9432 | 0.9446 | 0.9393
0793 | 00:24:07 |  30.2s | 1.0e-04 | 0.0174 | 0.9547 | 0.9582 | 0.9608 | 0.0207 | 0.9403 | 0.9438 | 0.9339
0794 | 00:24:51 |  30.7s | 1.0e-04 | 0.0169 | 0.9556 | 0.9590 | 0.9621 | 0.0211 | 0.9377 | 0.9396 | 0.9274
0795 | 00:25:36 |  37.8s | 1.0e-04 | 0.0173 | 0.9544 | 0.9571 | 0.9602 | 0.0202 | 0.9436 | 0.9469 | 0.9408
0796 | 00:26:30 |  37.9s | 1.0e-04 | 0.0171 | 0.9553 | 0.9577 | 0.9615 | 0.0213 | 0.9424 | 0.9402 | 0.9327
0797 | 00:27:22 |  39.1s | 1.0e-04 | 0.0171 | 0.9546 | 0.9572 | 0.9605 | 0.0212 | 0.9431 | 0.9447 | 0.9384
0798 | 00:28:16 |  30.2s | 1.0e-04 | 0.0173 | 0.9540 | 0.9560 | 0.9591 | 0.0204 | 0.9370 | 0.9493 | 0.9361
0799 | 00:29:00 |  30.0s | 1.0e-04 | 0.0174 | 0.9538 | 0.9560 | 0.9588 | 0.0208 | 0.9445 | 0.9377 | 0.9327
0800 | 00:29:44 |  30.5s | 1.0e-04 | 0.0170 | 0.9546 | 0.9570 | 0.9599 | 0.0206 | 0.9442 | 0.9457 | 0.9401
0801 | 00:30:28 |  30.3s | 1.0e-04 | 0.0170 | 0.9544 | 0.9565 | 0.9595 | 0.0206 | 0.9328 | 0.9539 | 0.9367
0802 | 00:31:13 |  30.1s | 1.0e-04 | 0.0168 | 0.9541 | 0.9583 | 0.9604 | 0.0203 | 0.9390 | 0.9470 | 0.9359
0803 | 00:31:56 |  37.9s | 1.0e-04 | 0.0173 | 0.9546 | 0.9561 | 0.9595 | 0.0201 | 0.9403 | 0.9419 | 0.9327
0804 | 00:32:48 |  38.6s | 1.0e-04 | 0.0177 | 0.9544 | 0.9581 | 0.9606 | 0.0211 | 0.9393 | 0.9389 | 0.9262
0805 | 00:33:40 |  39.7s | 1.0e-04 | 0.0174 | 0.9551 | 0.9582 | 0.9610 | 0.0207 | 0.9485 | 0.9403 | 0.9379
0806 | 00:34:33 |  30.1s | 1.0e-04 | 0.0174 | 0.9551 | 0.9589 | 0.9622 | 0.0217 | 0.9394 | 0.9442 | 0.9333
0807 | 00:35:17 |  30.2s | 1.0e-04 | 0.0178 | 0.9548 | 0.9578 | 0.9613 | 0.0210 | 0.9463 | 0.9352 | 0.9328
0808 | 00:36:02 |  30.6s | 1.0e-04 | 0.0174 | 0.9551 | 0.9587 | 0.9612 | 0.0203 | 0.9397 | 0.9437 | 0.9337
0809 | 00:36:46 |  30.6s | 1.0e-04 | 0.0174 | 0.9550 | 0.9592 | 0.9623 | 0.0208 | 0.9403 | 0.9439 | 0.9338
0810 | 00:37:30 |  30.2s | 1.0e-04 | 0.0178 | 0.9537 | 0.9583 | 0.9596 | 0.0202 | 0.9408 | 0.9436 | 0.9346
0811 | 00:38:15 |  50.8s | 1.0e-04 | 0.0177 | 0.9547 | 0.9572 | 0.9608 | 0.0199 | 0.9426 | 0.9403 | 0.9317
0812 | 00:39:19 |  30.0s | 1.0e-04 | 0.0180 | 0.9521 | 0.9539 | 0.9555 | 0.0210 | 0.9441 | 0.9419 | 0.9355
0813 | 00:40:03 |  39.7s | 1.0e-04 | 0.0179 | 0.9525 | 0.9548 | 0.9570 | 0.0203 | 0.9340 | 0.9482 | 0.9321
0814 | 00:40:56 |  30.4s | 1.0e-04 | 0.0178 | 0.9520 | 0.9558 | 0.9569 | 0.0210 | 0.9449 | 0.9400 | 0.9341
0815 | 00:41:43 |  30.5s | 1.0e-04 | 0.0182 | 0.9523 | 0.9543 | 0.9559 | 0.0206 | 0.9373 | 0.9505 | 0.9377
0816 | 00:42:27 |  30.6s | 1.0e-04 | 0.0180 | 0.9523 | 0.9536 | 0.9555 | 0.0205 | 0.9377 | 0.9456 | 0.9324
0817 | 00:43:11 |  30.5s | 1.0e-04 | 0.0182 | 0.9527 | 0.9535 | 0.9557 | 0.0203 | 0.9399 | 0.9423 | 0.9315
0818 | 00:43:57 |  30.5s | 1.0e-04 | 0.0182 | 0.9525 | 0.9523 | 0.9546 | 0.0204 | 0.9354 | 0.9506 | 0.9362
0819 | 00:44:41 |  46.5s | 1.0e-04 | 0.0176 | 0.9545 | 0.9563 | 0.9596 | 0.0209 | 0.9308 | 0.9562 | 0.9389
0820 | 00:45:43 |  30.6s | 1.0e-04 | 0.0179 | 0.9538 | 0.9575 | 0.9598 | 0.0206 | 0.9437 | 0.9356 | 0.9306
0821 | 00:46:28 |  38.6s | 1.0e-04 | 0.0175 | 0.9540 | 0.9580 | 0.9604 | 0.0205 | 0.9437 | 0.9432 | 0.9376
0822 | 00:47:20 |  30.3s | 1.0e-04 | 0.0177 | 0.9535 | 0.9566 | 0.9589 | 0.0214 | 0.9376 | 0.9423 | 0.9302
0823 | 00:48:04 |  30.5s | 1.0e-04 | 0.0179 | 0.9537 | 0.9567 | 0.9587 | 0.0201 | 0.9464 | 0.9378 | 0.9348
0824 | 00:48:48 |  30.3s | 1.0e-04 | 0.0175 | 0.9547 | 0.9573 | 0.9607 | 0.0201 | 0.9411 | 0.9463 | 0.9364
0825 | 00:49:33 |  30.4s | 1.0e-04 | 0.0177 | 0.9543 | 0.9585 | 0.9605 | 0.0198 | 0.9399 | 0.9438 | 0.9332
0826 | 00:50:17 |  30.7s | 1.0e-04 | 0.0175 | 0.9545 | 0.9571 | 0.9603 | 0.0208 | 0.9353 | 0.9487 | 0.9338
0827 | 00:51:01 |  49.0s | 1.0e-04 | 0.0177 | 0.9534 | 0.9573 | 0.9594 | 0.0198 | 0.9444 | 0.9455 | 0.9404
0828 | 00:52:04 |  30.2s | 1.0e-04 | 0.0179 | 0.9536 | 0.9570 | 0.9592 | 0.0202 | 0.9407 | 0.9465 | 0.9369
0829 | 00:52:47 |  38.8s | 1.0e-04 | 0.0175 | 0.9538 | 0.9581 | 0.9607 | 0.0201 | 0.9382 | 0.9469 | 0.9351
0830 | 00:53:40 |  30.2s | 1.0e-04 | 0.0175 | 0.9536 | 0.9576 | 0.9595 | 0.0202 | 0.9494 | 0.9359 | 0.9363
0831 | 00:54:25 |  30.5s | 1.0e-04 | 0.0174 | 0.9547 | 0.9576 | 0.9608 | 0.0209 | 0.9379 | 0.9468 | 0.9343
0832 | 00:55:09 |  30.5s | 1.0e-04 | 0.0174 | 0.9555 | 0.9572 | 0.9615 | 0.0204 | 0.9390 | 0.9497 | 0.9387
0833 | 00:55:53 |  30.5s | 1.0e-04 | 0.0174 | 0.9540 | 0.9586 | 0.9609 | 0.0208 | 0.9376 | 0.9492 | 0.9370
0834 | 00:56:40 |  37.7s | 1.0e-04 | 0.0172 | 0.9548 | 0.9585 | 0.9618 | 0.0203 | 0.9358 | 0.9464 | 0.9327
0835 | 00:57:33 |  41.3s | 1.0e-04 | 0.0173 | 0.9545 | 0.9575 | 0.9603 | 0.0207 | 0.9372 | 0.9489 | 0.9360
0836 | 00:58:30 |  39.8s | 1.0e-04 | 0.0170 | 0.9552 | 0.9559 | 0.9600 | 0.0205 | 0.9416 | 0.9442 | 0.9363
0837 | 00:59:24 |  29.9s | 1.0e-04 | 0.0167 | 0.9548 | 0.9572 | 0.9607 | 0.0196 | 0.9426 | 0.9445 | 0.9373
0838 | 01:00:08 |  29.7s | 1.0e-04 | 0.0168 | 0.9540 | 0.9560 | 0.9590 | 0.0204 | 0.9391 | 0.9503 | 0.9396
0839 | 01:00:51 |  30.0s | 1.0e-04 | 0.0167 | 0.9540 | 0.9569 | 0.9592 | 0.0208 | 0.9369 | 0.9475 | 0.9346
0840 | 01:01:36 |  29.9s | 1.0e-04 | 0.0167 | 0.9545 | 0.9566 | 0.9604 | 0.0206 | 0.9434 | 0.9460 | 0.9388
0841 | 01:02:19 |  30.1s | 1.0e-04 | 0.0167 | 0.9548 | 0.9574 | 0.9610 | 0.0198 | 0.9423 | 0.9462 | 0.9384
0842 | 01:03:03 |  37.7s | 1.0e-04 | 0.0166 | 0.9546 | 0.9578 | 0.9611 | 0.0206 | 0.9443 | 0.9396 | 0.9342
0843 | 01:03:54 |  38.6s | 1.0e-04 | 0.0165 | 0.9558 | 0.9571 | 0.9615 | 0.0208 | 0.9436 | 0.9447 | 0.9376
0844 | 01:04:46 |  39.1s | 1.0e-04 | 0.0166 | 0.9559 | 0.9591 | 0.9629 | 0.0200 | 0.9431 | 0.9433 | 0.9361
0845 | 01:05:39 |  30.2s | 1.0e-04 | 0.0168 | 0.9550 | 0.9580 | 0.9614 | 0.0206 | 0.9423 | 0.9455 | 0.9382
0846 | 01:06:24 |  30.2s | 1.0e-04 | 0.0169 | 0.9553 | 0.9580 | 0.9620 | 0.0208 | 0.9430 | 0.9379 | 0.9327
0847 | 01:07:09 |  30.1s | 1.0e-04 | 0.0168 | 0.9558 | 0.9586 | 0.9626 | 0.0212 | 0.9420 | 0.9458 | 0.9382
0848 | 01:07:55 |  30.2s | 1.0e-04 | 0.0168 | 0.9549 | 0.9579 | 0.9611 | 0.0202 | 0.9364 | 0.9465 | 0.9333
0849 | 01:08:38 |  30.4s | 1.0e-04 | 0.0168 | 0.9548 | 0.9578 | 0.9614 | 0.0205 | 0.9409 | 0.9417 | 0.9327
0850 | 01:09:22 |  37.7s | 1.0e-04 | 0.0169 | 0.9553 | 0.9581 | 0.9617 | 0.0203 | 0.9465 | 0.9394 | 0.9371
0851 | 01:10:14 |  29.9s | 1.0e-04 | 0.0170 | 0.9549 | 0.9578 | 0.9611 | 0.0205 | 0.9372 | 0.9512 | 0.9387
0852 | 01:10:59 |  40.9s | 1.0e-04 | 0.0175 | 0.9554 | 0.9571 | 0.9614 | 0.0203 | 0.9365 | 0.9484 | 0.9351
0853 | 01:11:55 |  30.5s | 1.0e-04 | 0.0182 | 0.9538 | 0.9560 | 0.9588 | 0.0207 | 0.9351 | 0.9533 | 0.9392
0854 | 01:12:39 |  30.6s | 1.0e-04 | 0.0181 | 0.9526 | 0.9569 | 0.9584 | 0.0208 | 0.9352 | 0.9460 | 0.9300
0855 | 01:13:23 |  30.5s | 1.0e-04 | 0.0180 | 0.9542 | 0.9562 | 0.9588 | 0.0201 | 0.9500 | 0.9388 | 0.9399
0856 | 01:14:09 |  30.6s | 1.0e-04 | 0.0182 | 0.9535 | 0.9562 | 0.9587 | 0.0193 | 0.9409 | 0.9465 | 0.9371
0857 | 01:14:54 |  30.5s | 1.0e-04 | 0.0181 | 0.9538 | 0.9564 | 0.9588 | 0.0200 | 0.9453 | 0.9445 | 0.9402
0858 | 01:15:38 |  46.0s | 1.0e-04 | 0.0183 | 0.9540 | 0.9566 | 0.9597 | 0.0195 | 0.9414 | 0.9445 | 0.9357
0859 | 01:16:39 |  30.7s | 1.0e-04 | 0.0184 | 0.9533 | 0.9554 | 0.9577 | 0.0198 | 0.9436 | 0.9476 | 0.9412
0860 | 01:17:25 |  39.4s | 1.0e-04 | 0.0175 | 0.9546 | 0.9595 | 0.9619 | 0.0209 | 0.9440 | 0.9364 | 0.9318
0861 | 01:18:20 |  30.4s | 1.0e-04 | 0.0177 | 0.9549 | 0.9587 | 0.9618 | 0.0206 | 0.9389 | 0.9443 | 0.9329
0862 | 01:19:03 |  30.4s | 1.0e-04 | 0.0180 | 0.9543 | 0.9580 | 0.9606 | 0.0210 | 0.9438 | 0.9369 | 0.9319
0863 | 01:19:47 |  30.4s | 1.0e-04 | 0.0180 | 0.9556 | 0.9588 | 0.9624 | 0.0203 | 0.9423 | 0.9430 | 0.9354
0864 | 01:20:33 |  30.6s | 1.0e-04 | 0.0176 | 0.9548 | 0.9588 | 0.9618 | 0.0203 | 0.9401 | 0.9475 | 0.9382
0865 | 01:21:17 |  30.6s | 1.0e-04 | 0.0176 | 0.9550 | 0.9593 | 0.9623 | 0.0209 | 0.9421 | 0.9439 | 0.9363
0866 | 01:22:01 |  47.1s | 1.0e-04 | 0.0173 | 0.9551 | 0.9585 | 0.9615 | 0.0207 | 0.9408 | 0.9484 | 0.9390
0867 | 01:23:02 |  30.4s | 1.0e-04 | 0.0175 | 0.9546 | 0.9578 | 0.9609 | 0.0208 | 0.9437 | 0.9404 | 0.9356
0868 | 01:23:46 |  39.2s | 1.0e-04 | 0.0169 | 0.9554 | 0.9587 | 0.9627 | 0.0211 | 0.9328 | 0.9497 | 0.9326
0869 | 01:24:38 |  30.4s | 1.0e-04 | 0.0175 | 0.9553 | 0.9581 | 0.9616 | 0.0204 | 0.9428 | 0.9433 | 0.9372
0870 | 01:25:24 |  30.4s | 1.0e-04 | 0.0172 | 0.9547 | 0.9574 | 0.9608 | 0.0200 | 0.9475 | 0.9414 | 0.9403
0871 | 01:26:10 |  30.7s | 1.0e-04 | 0.0172 | 0.9556 | 0.9584 | 0.9618 | 0.0206 | 0.9464 | 0.9392 | 0.9355
0872 | 01:26:56 |  30.5s | 1.0e-04 | 0.0174 | 0.9560 | 0.9570 | 0.9616 | 0.0210 | 0.9389 | 0.9447 | 0.9331
0873 | 01:27:40 |  39.2s | 1.0e-04 | 0.0171 | 0.9551 | 0.9587 | 0.9620 | 0.0204 | 0.9392 | 0.9457 | 0.9347
0874 | 01:28:33 |  38.0s | 1.0e-04 | 0.0169 | 0.9553 | 0.9581 | 0.9615 | 0.0205 | 0.9407 | 0.9484 | 0.9393
0875 | 01:29:24 |  30.9s | 1.0e-04 | 0.0175 | 0.9554 | 0.9580 | 0.9619 | 0.0198 | 0.9405 | 0.9443 | 0.9347
0876 | 01:30:09 |  30.7s | 1.0e-04 | 0.0166 | 0.9546 | 0.9580 | 0.9613 | 0.0201 | 0.9422 | 0.9435 | 0.9351
0877 | 01:30:55 |  30.4s | 1.0e-04 | 0.0168 | 0.9545 | 0.9569 | 0.9600 | 0.0210 | 0.9364 | 0.9523 | 0.9390
0878 | 01:31:39 |  30.8s | 1.0e-04 | 0.0168 | 0.9547 | 0.9578 | 0.9608 | 0.0211 | 0.9447 | 0.9413 | 0.9364
0879 | 01:32:23 |  30.6s | 1.0e-04 | 0.0167 | 0.9548 | 0.9570 | 0.9607 | 0.0199 | 0.9422 | 0.9426 | 0.9346
0880 | 01:33:09 |  30.6s | 1.0e-04 | 0.0162 | 0.9561 | 0.9585 | 0.9629 | 0.0210 | 0.9411 | 0.9454 | 0.9372
0881 | 01:33:53 |  38.3s | 1.0e-04 | 0.0166 | 0.9544 | 0.9577 | 0.9608 | 0.0204 | 0.9455 | 0.9388 | 0.9327
0882 | 01:34:45 |  38.7s | 1.0e-04 | 0.0162 | 0.9567 | 0.9592 | 0.9640 | 0.0206 | 0.9394 | 0.9438 | 0.9334
0883 | 01:35:39 |  38.1s | 1.0e-04 | 0.0166 | 0.9573 | 0.9589 | 0.9640 | 0.0204 | 0.9403 | 0.9451 | 0.9360
0884 | 01:36:31 |  30.6s | 1.0e-04 | 0.0171 | 0.9572 | 0.9601 | 0.9646 | 0.0206 | 0.9332 | 0.9458 | 0.9277
0885 | 01:37:16 |  30.7s | 1.0e-04 | 0.0172 | 0.9556 | 0.9591 | 0.9628 | 0.0205 | 0.9451 | 0.9454 | 0.9414
0886 | 01:38:00 |  30.6s | 1.0e-04 | 0.0170 | 0.9568 | 0.9601 | 0.9646 | 0.0210 | 0.9429 | 0.9477 | 0.9410
0887 | 01:38:45 |  30.4s | 1.0e-04 | 0.0174 | 0.9559 | 0.9581 | 0.9621 | 0.0209 | 0.9454 | 0.9430 | 0.9386
0888 | 01:39:29 |  30.6s | 1.0e-04 | 0.0172 | 0.9555 | 0.9583 | 0.9616 | 0.0211 | 0.9354 | 0.9532 | 0.9390
0889 | 01:40:13 |  38.4s | 1.0e-04 | 0.0172 | 0.9547 | 0.9594 | 0.9627 | 0.0196 | 0.9483 | 0.9401 | 0.9389
0890 | 01:41:05 |  39.3s | 1.0e-04 | 0.0186 | 0.9549 | 0.9569 | 0.9603 | 0.0203 | 0.9401 | 0.9435 | 0.9329
0891 | 01:41:58 |  37.9s | 1.0e-04 | 0.0181 | 0.9549 | 0.9580 | 0.9613 | 0.0202 | 0.9455 | 0.9397 | 0.9359
0892 | 01:42:49 |  29.8s | 1.0e-04 | 0.0177 | 0.9541 | 0.9570 | 0.9594 | 0.0201 | 0.9375 | 0.9496 | 0.9371
0893 | 01:43:34 |  30.1s | 1.0e-04 | 0.0179 | 0.9543 | 0.9568 | 0.9602 | 0.0207 | 0.9437 | 0.9442 | 0.9385
0894 | 01:44:17 |  30.2s | 1.0e-04 | 0.0180 | 0.9538 | 0.9560 | 0.9585 | 0.0198 | 0.9408 | 0.9416 | 0.9332
0895 | 01:45:01 |  30.1s | 1.0e-04 | 0.0178 | 0.9548 | 0.9567 | 0.9602 | 0.0202 | 0.9404 | 0.9409 | 0.9295
0896 | 01:45:45 |  29.9s | 1.0e-04 | 0.0180 | 0.9536 | 0.9561 | 0.9583 | 0.0212 | 0.9497 | 0.9353 | 0.9375
0897 | 01:46:30 |  48.6s | 1.0e-04 | 0.0175 | 0.9543 | 0.9567 | 0.9594 | 0.0204 | 0.9435 | 0.9429 | 0.9369
0898 | 01:47:32 |  30.5s | 1.0e-04 | 0.0173 | 0.9547 | 0.9576 | 0.9610 | 0.0212 | 0.9428 | 0.9421 | 0.9359
0899 | 01:48:18 |  39.5s | 1.0e-04 | 0.0175 | 0.9552 | 0.9589 | 0.9618 | 0.0203 | 0.9433 | 0.9432 | 0.9354
0900 | 01:49:12 |  30.4s | 1.0e-04 | 0.0174 | 0.9550 | 0.9590 | 0.9619 | 0.0207 | 0.9406 | 0.9435 | 0.9350
0901 | 01:49:56 |  30.9s | 1.0e-04 | 0.0176 | 0.9552 | 0.9582 | 0.9615 | 0.0204 | 0.9406 | 0.9474 | 0.9369
0902 | 01:50:41 |  30.5s | 1.0e-04 | 0.0177 | 0.9551 | 0.9590 | 0.9620 | 0.0213 | 0.9408 | 0.9451 | 0.9353
0903 | 01:51:26 |  30.7s | 1.0e-04 | 0.0175 | 0.9554 | 0.9587 | 0.9624 | 0.0200 | 0.9357 | 0.9508 | 0.9366
0904 | 01:52:10 |  30.5s | 1.0e-04 | 0.0174 | 0.9560 | 0.9588 | 0.9631 | 0.0202 | 0.9389 | 0.9485 | 0.9371
0905 | 01:52:54 |  47.7s | 1.0e-04 | 0.0177 | 0.9541 | 0.9574 | 0.9599 | 0.0200 | 0.9429 | 0.9431 | 0.9360
0906 | 01:53:56 |  31.0s | 1.0e-04 | 0.0179 | 0.9538 | 0.9560 | 0.9587 | 0.0209 | 0.9369 | 0.9492 | 0.9360
0907 | 01:54:40 |  39.1s | 1.0e-04 | 0.0177 | 0.9531 | 0.9570 | 0.9586 | 0.0200 | 0.9467 | 0.9418 | 0.9383
0908 | 01:55:33 |  30.3s | 1.0e-04 | 0.0177 | 0.9538 | 0.9572 | 0.9598 | 0.0208 | 0.9436 | 0.9401 | 0.9338
0909 | 01:56:18 |  30.2s | 1.0e-04 | 0.0176 | 0.9547 | 0.9568 | 0.9601 | 0.0203 | 0.9394 | 0.9511 | 0.9408
0910 | 01:57:02 |  30.4s | 1.0e-04 | 0.0176 | 0.9543 | 0.9577 | 0.9604 | 0.0199 | 0.9386 | 0.9499 | 0.9384
0911 | 01:57:46 |  30.4s | 1.0e-04 | 0.0177 | 0.9541 | 0.9568 | 0.9597 | 0.0201 | 0.9486 | 0.9380 | 0.9381
0912 | 01:58:31 |  30.3s | 1.0e-04 | 0.0177 | 0.9547 | 0.9567 | 0.9604 | 0.0202 | 0.9391 | 0.9437 | 0.9339
0913 | 01:59:16 |  47.0s | 1.0e-04 | 0.0171 | 0.9551 | 0.9577 | 0.9608 | 0.0210 | 0.9393 | 0.9438 | 0.9330
0914 | 02:00:18 |  30.6s | 1.0e-04 | 0.0169 | 0.9557 | 0.9579 | 0.9616 | 0.0203 | 0.9464 | 0.9395 | 0.9350
0915 | 02:01:02 |  38.8s | 1.0e-04 | 0.0168 | 0.9551 | 0.9582 | 0.9617 | 0.0211 | 0.9357 | 0.9490 | 0.9347
0916 | 02:01:54 |  30.7s | 1.0e-04 | 0.0163 | 0.9566 | 0.9589 | 0.9639 | 0.0210 | 0.9444 | 0.9365 | 0.9323
0917 | 02:02:38 |  30.8s | 1.0e-04 | 0.0166 | 0.9557 | 0.9581 | 0.9620 | 0.0207 | 0.9393 | 0.9425 | 0.9314
0918 | 02:03:24 |  30.4s | 1.0e-04 | 0.0162 | 0.9559 | 0.9594 | 0.9631 | 0.0201 | 0.9413 | 0.9486 | 0.9399
0919 | 02:04:07 |  30.7s | 1.0e-04 | 0.0165 | 0.9562 | 0.9585 | 0.9628 | 0.0199 | 0.9410 | 0.9455 | 0.9360
0920 | 02:04:53 |  38.7s | 1.0e-04 | 0.0162 | 0.9566 | 0.9588 | 0.9637 | 0.0206 | 0.9421 | 0.9419 | 0.9338
0921 | 02:05:47 |  40.0s | 1.0e-04 | 0.0167 | 0.9546 | 0.9576 | 0.9609 | 0.0198 | 0.9419 | 0.9426 | 0.9335
0922 | 02:06:42 |  38.1s | 1.0e-04 | 0.0166 | 0.9554 | 0.9570 | 0.9610 | 0.0203 | 0.9429 | 0.9459 | 0.9375
0923 | 02:07:36 |  30.4s | 1.0e-04 | 0.0168 | 0.9555 | 0.9583 | 0.9618 | 0.0202 | 0.9432 | 0.9456 | 0.9385
0924 | 02:08:19 |  30.5s | 1.0e-04 | 0.0169 | 0.9544 | 0.9564 | 0.9594 | 0.0206 | 0.9462 | 0.9400 | 0.9375
0925 | 02:09:03 |  30.6s | 1.0e-04 | 0.0172 | 0.9550 | 0.9564 | 0.9604 | 0.0208 | 0.9368 | 0.9494 | 0.9364
0926 | 02:09:49 |  30.4s | 1.0e-04 | 0.0174 | 0.9536 | 0.9557 | 0.9582 | 0.0202 | 0.9373 | 0.9488 | 0.9359
0927 | 02:10:33 |  30.5s | 1.0e-04 | 0.0172 | 0.9532 | 0.9559 | 0.9582 | 0.0203 | 0.9425 | 0.9384 | 0.9326
0928 | 02:11:17 |  39.3s | 1.0e-04 | 0.0173 | 0.9531 | 0.9562 | 0.9583 | 0.0204 | 0.9409 | 0.9386 | 0.9307
0929 | 02:12:10 |  39.2s | 1.0e-04 | 0.0174 | 0.9550 | 0.9589 | 0.9616 | 0.0207 | 0.9434 | 0.9412 | 0.9356
0930 | 02:13:03 |  39.6s | 1.0e-04 | 0.0172 | 0.9565 | 0.9589 | 0.9631 | 0.0200 | 0.9450 | 0.9390 | 0.9342
0931 | 02:13:57 |  31.0s | 1.0e-04 | 0.0169 | 0.9558 | 0.9579 | 0.9620 | 0.0196 | 0.9455 | 0.9380 | 0.9338
0932 | 02:14:42 |  31.3s | 1.0e-04 | 0.0168 | 0.9549 | 0.9577 | 0.9608 | 0.0200 | 0.9402 | 0.9489 | 0.9394
0933 | 02:15:27 |  30.9s | 1.0e-04 | 0.0167 | 0.9552 | 0.9575 | 0.9619 | 0.0201 | 0.9435 | 0.9423 | 0.9365
0934 | 02:16:13 |  31.2s | 1.0e-04 | 0.0167 | 0.9553 | 0.9584 | 0.9619 | 0.0203 | 0.9380 | 0.9463 | 0.9341
0935 | 02:16:58 |  31.3s | 1.0e-04 | 0.0166 | 0.9561 | 0.9586 | 0.9628 | 0.0204 | 0.9427 | 0.9467 | 0.9397
0936 | 02:17:42 |  48.5s | 1.0e-04 | 0.0167 | 0.9551 | 0.9586 | 0.9614 | 0.0209 | 0.9315 | 0.9530 | 0.9358
0937 | 02:18:44 |  30.4s | 1.0e-04 | 0.0167 | 0.9562 | 0.9589 | 0.9629 | 0.0204 | 0.9386 | 0.9505 | 0.9391
0938 | 02:19:28 |  37.8s | 1.0e-04 | 0.0172 | 0.9551 | 0.9581 | 0.9619 | 0.0203 | 0.9432 | 0.9441 | 0.9374
0939 | 02:20:19 |  30.5s | 1.0e-04 | 0.0172 | 0.9556 | 0.9606 | 0.9637 | 0.0197 | 0.9389 | 0.9501 | 0.9390
0940 | 02:21:06 |  29.8s | 1.0e-04 | 0.0168 | 0.9564 | 0.9601 | 0.9644 | 0.0215 | 0.9340 | 0.9530 | 0.9371
0941 | 02:21:49 |  30.4s | 1.0e-04 | 0.0167 | 0.9571 | 0.9607 | 0.9652 | 0.0199 | 0.9335 | 0.9508 | 0.9343
0942 | 02:22:33 |  30.1s | 1.0e-04 | 0.0171 | 0.9556 | 0.9595 | 0.9631 | 0.0204 | 0.9483 | 0.9370 | 0.9360
0943 | 02:23:16 |  29.9s | 1.0e-04 | 0.0171 | 0.9555 | 0.9599 | 0.9634 | 0.0201 | 0.9425 | 0.9425 | 0.9355
0944 | 02:24:00 |  47.8s | 1.0e-04 | 0.0162 | 0.9576 | 0.9601 | 0.9650 | 0.0204 | 0.9422 | 0.9462 | 0.9390
0945 | 02:25:02 |  30.0s | 1.0e-04 | 0.0164 | 0.9564 | 0.9591 | 0.9631 | 0.0213 | 0.9373 | 0.9454 | 0.9327
0946 | 02:25:47 |  38.0s | 1.0e-04 | 0.0169 | 0.9559 | 0.9583 | 0.9619 | 0.0199 | 0.9435 | 0.9455 | 0.9395
0947 | 02:26:41 |  30.5s | 1.0e-04 | 0.0172 | 0.9560 | 0.9584 | 0.9624 | 0.0204 | 0.9449 | 0.9478 | 0.9431
0948 | 02:27:24 |  30.5s | 1.0e-04 | 0.0169 | 0.9559 | 0.9590 | 0.9631 | 0.0205 | 0.9391 | 0.9466 | 0.9356
0949 | 02:28:08 |  30.2s | 1.0e-04 | 0.0167 | 0.9560 | 0.9601 | 0.9636 | 0.0207 | 0.9388 | 0.9498 | 0.9383
0950 | 02:28:53 |  30.3s | 1.0e-04 | 0.0168 | 0.9559 | 0.9593 | 0.9631 | 0.0205 | 0.9505 | 0.9361 | 0.9373
0951 | 02:29:36 |  30.2s | 1.0e-04 | 0.0171 | 0.9546 | 0.9573 | 0.9605 | 0.0201 | 0.9452 | 0.9435 | 0.9393
0952 | 02:30:21 |  47.6s | 1.0e-04 | 0.0174 | 0.9553 | 0.9575 | 0.9609 | 0.0206 | 0.9405 | 0.9480 | 0.9387
0953 | 02:31:22 |  30.5s | 1.0e-04 | 0.0175 | 0.9542 | 0.9572 | 0.9595 | 0.0207 | 0.9417 | 0.9412 | 0.9326
0954 | 02:32:06 |  39.1s | 1.0e-04 | 0.0176 | 0.9542 | 0.9569 | 0.9598 | 0.0195 | 0.9435 | 0.9478 | 0.9418
0955 | 02:32:59 |  30.0s | 1.0e-04 | 0.0176 | 0.9531 | 0.9571 | 0.9589 | 0.0197 | 0.9415 | 0.9495 | 0.9411
0956 | 02:33:43 |  30.3s | 1.0e-04 | 0.0172 | 0.9543 | 0.9566 | 0.9594 | 0.0198 | 0.9425 | 0.9434 | 0.9350
0957 | 02:34:28 |  29.9s | 1.0e-04 | 0.0177 | 0.9542 | 0.9569 | 0.9597 | 0.0203 | 0.9421 | 0.9450 | 0.9356
0958 | 02:35:12 |  30.4s | 1.0e-04 | 0.0174 | 0.9541 | 0.9568 | 0.9596 | 0.0200 | 0.9482 | 0.9375 | 0.9376
0959 | 02:35:55 |  37.9s | 1.0e-04 | 0.0176 | 0.9548 | 0.9560 | 0.9596 | 0.0202 | 0.9397 | 0.9481 | 0.9380
0960 | 02:36:47 |  38.8s | 1.0e-04 | 0.0175 | 0.9548 | 0.9571 | 0.9605 | 0.0201 | 0.9405 | 0.9474 | 0.9382
0961 | 02:37:39 |  38.4s | 1.0e-04 | 0.0173 | 0.9549 | 0.9572 | 0.9607 | 0.0204 | 0.9407 | 0.9466 | 0.9378
0962 | 02:38:31 |  30.4s | 1.0e-04 | 0.0171 | 0.9557 | 0.9580 | 0.9619 | 0.0196 | 0.9440 | 0.9439 | 0.9400
0963 | 02:39:16 |  30.4s | 1.0e-04 | 0.0169 | 0.9559 | 0.9588 | 0.9630 | 0.0203 | 0.9478 | 0.9409 | 0.9376
0964 | 02:40:00 |  30.5s | 1.0e-04 | 0.0169 | 0.9555 | 0.9584 | 0.9626 | 0.0213 | 0.9473 | 0.9388 | 0.9368
0965 | 02:40:44 |  30.2s | 1.0e-04 | 0.0168 | 0.9563 | 0.9587 | 0.9631 | 0.0196 | 0.9384 | 0.9491 | 0.9373
0966 | 02:41:29 |  30.3s | 1.0e-04 | 0.0168 | 0.9556 | 0.9598 | 0.9627 | 0.0203 | 0.9410 | 0.9477 | 0.9378
0967 | 02:42:13 |  38.6s | 1.0e-04 | 0.0167 | 0.9553 | 0.9596 | 0.9623 | 0.0202 | 0.9474 | 0.9398 | 0.9377
0968 | 02:43:05 |  40.4s | 1.0e-04 | 0.0164 | 0.9553 | 0.9584 | 0.9615 | 0.0204 | 0.9361 | 0.9508 | 0.9371
0969 | 02:43:58 |  40.2s | 1.0e-04 | 0.0168 | 0.9552 | 0.9592 | 0.9624 | 0.0199 | 0.9475 | 0.9390 | 0.9380
0970 | 02:44:52 |  30.8s | 1.0e-04 | 0.0163 | 0.9565 | 0.9587 | 0.9629 | 0.0203 | 0.9429 | 0.9468 | 0.9393
0971 | 02:45:37 |  30.6s | 1.0e-04 | 0.0164 | 0.9560 | 0.9598 | 0.9634 | 0.0200 | 0.9452 | 0.9390 | 0.9346
0972 | 02:46:22 |  30.7s | 1.0e-04 | 0.0164 | 0.9559 | 0.9590 | 0.9629 | 0.0202 | 0.9402 | 0.9434 | 0.9341
0973 | 02:47:06 |  30.5s | 1.0e-04 | 0.0164 | 0.9569 | 0.9595 | 0.9636 | 0.0200 | 0.9448 | 0.9446 | 0.9395
0974 | 02:47:50 |  30.9s | 1.0e-04 | 0.0163 | 0.9571 | 0.9590 | 0.9643 | 0.0201 | 0.9440 | 0.9416 | 0.9358
0975 | 02:48:36 |  38.2s | 1.0e-04 | 0.0163 | 0.9562 | 0.9593 | 0.9634 | 0.0203 | 0.9455 | 0.9456 | 0.9412
0976 | 02:49:31 |  30.8s | 1.0e-04 | 0.0166 | 0.9564 | 0.9583 | 0.9628 | 0.0202 | 0.9429 | 0.9473 | 0.9399
0977 | 02:50:16 |  42.4s | 1.0e-04 | 0.0167 | 0.9550 | 0.9603 | 0.9632 | 0.0200 | 0.9444 | 0.9408 | 0.9359
0978 | 02:51:12 |  30.7s | 1.0e-04 | 0.0166 | 0.9567 | 0.9599 | 0.9641 | 0.0199 | 0.9420 | 0.9455 | 0.9372
0979 | 02:51:56 |  30.4s | 1.0e-04 | 0.0166 | 0.9557 | 0.9587 | 0.9626 | 0.0207 | 0.9448 | 0.9451 | 0.9398
0980 | 02:52:42 |  30.4s | 1.0e-04 | 0.0164 | 0.9564 | 0.9593 | 0.9638 | 0.0206 | 0.9333 | 0.9530 | 0.9371
0981 | 02:53:26 |  30.6s | 1.0e-04 | 0.0165 | 0.9565 | 0.9604 | 0.9641 | 0.0203 | 0.9424 | 0.9419 | 0.9350
0982 | 02:54:10 |  30.8s | 1.0e-04 | 0.0167 | 0.9557 | 0.9589 | 0.9627 | 0.0208 | 0.9377 | 0.9470 | 0.9344
0983 | 02:54:55 |  48.7s | 1.0e-04 | 0.0162 | 0.9559 | 0.9591 | 0.9631 | 0.0200 | 0.9382 | 0.9482 | 0.9362
0984 | 02:55:57 |  30.6s | 1.0e-04 | 0.0162 | 0.9566 | 0.9602 | 0.9644 | 0.0189 | 0.9472 | 0.9445 | 0.9415
0985 | 02:56:43 |  39.0s | 1.0e-04 | 0.0165 | 0.9563 | 0.9587 | 0.9628 | 0.0200 | 0.9407 | 0.9421 | 0.9329
0986 | 02:57:37 |  30.6s | 1.0e-04 | 0.0168 | 0.9544 | 0.9585 | 0.9615 | 0.0201 | 0.9391 | 0.9506 | 0.9398
0987 | 02:58:22 |  30.9s | 1.0e-04 | 0.0171 | 0.9549 | 0.9585 | 0.9616 | 0.0201 | 0.9479 | 0.9375 | 0.9355
0988 | 02:59:06 |  30.7s | 1.0e-04 | 0.0170 | 0.9547 | 0.9583 | 0.9612 | 0.0201 | 0.9417 | 0.9445 | 0.9357
0989 | 02:59:52 |  30.8s | 1.0e-04 | 0.0170 | 0.9545 | 0.9584 | 0.9613 | 0.0199 | 0.9385 | 0.9475 | 0.9359
0990 | 03:00:37 |  30.5s | 1.0e-04 | 0.0169 | 0.9556 | 0.9583 | 0.9617 | 0.0202 | 0.9419 | 0.9437 | 0.9361
0991 | 03:01:21 |  46.7s | 1.0e-04 | 0.0173 | 0.9558 | 0.9588 | 0.9626 | 0.0200 | 0.9405 | 0.9482 | 0.9387
0992 | 03:02:22 |  30.7s | 1.0e-04 | 0.0169 | 0.9558 | 0.9591 | 0.9631 | 0.0195 | 0.9438 | 0.9444 | 0.9391
0993 | 03:03:07 |  38.4s | 1.0e-04 | 0.0176 | 0.9538 | 0.9567 | 0.9591 | 0.0196 | 0.9408 | 0.9454 | 0.9361
0994 | 03:04:00 |  30.3s | 1.0e-04 | 0.0176 | 0.9536 | 0.9559 | 0.9584 | 0.0197 | 0.9372 | 0.9542 | 0.9427
0995 | 03:04:44 |  30.3s | 1.0e-04 | 0.0172 | 0.9535 | 0.9557 | 0.9580 | 0.0194 | 0.9404 | 0.9511 | 0.9418
0996 | 03:05:30 |  30.5s | 1.0e-04 | 0.0176 | 0.9534 | 0.9565 | 0.9586 | 0.0202 | 0.9412 | 0.9427 | 0.9337
0997 | 03:06:14 |  30.6s | 1.0e-04 | 0.0174 | 0.9533 | 0.9569 | 0.9591 | 0.0198 | 0.9439 | 0.9475 | 0.9411
0998 | 03:06:58 |  38.8s | 1.0e-04 | 0.0176 | 0.9540 | 0.9557 | 0.9584 | 0.0204 | 0.9443 | 0.9427 | 0.9368
0999 | 03:07:51 |  39.7s | 1.0e-04 | 0.0174 | 0.9552 | 0.9592 | 0.9621 | 0.0204 | 0.9419 | 0.9411 | 0.9318
1000 | 03:08:44 |  30.1s | 1.0e-04 | 0.0175 | 0.9556 | 0.9592 | 0.9625 | 0.0196 | 0.9445 | 0.9447 | 0.9385
