MPNN edge (dt,dr,s2) * learnable 3x32 + concat in msg, k=4 | cuda:0 | batch=48
0001 | 13:02:09 |  25.0s | 1.0e-04 | 0.1152 | 0.8062 | 0.5789 | 0.2336 | 0.0767 | 0.8030 | 0.7165 | 0.3548
0002 | 13:02:43 |  12.1s | 1.0e-04 | 0.0766 | 0.8517 | 0.7262 | 0.4047 | 0.0714 | 0.8462 | 0.7570 | 0.4425
0003 | 13:03:05 |  12.7s | 1.0e-04 | 0.0691 | 0.8646 | 0.7638 | 0.4703 | 0.0657 | 0.8574 | 0.7593 | 0.4448
0004 | 13:03:27 |  12.3s | 1.0e-04 | 0.0643 | 0.8738 | 0.7876 | 0.5055 | 0.0638 | 0.8452 | 0.8089 | 0.5025
0005 | 13:03:49 |  12.1s | 1.0e-04 | 0.0610 | 0.8774 | 0.7997 | 0.5384 | 0.0609 | 0.8822 | 0.7818 | 0.4823
0006 | 13:04:11 |  12.3s | 1.0e-04 | 0.0584 | 0.8854 | 0.8140 | 0.5664 | 0.0556 | 0.9042 | 0.7890 | 0.5424
0007 | 13:04:32 |  12.3s | 1.0e-04 | 0.0547 | 0.8921 | 0.8287 | 0.6124 | 0.0524 | 0.8657 | 0.8397 | 0.5745
0008 | 13:04:54 |  12.2s | 1.0e-04 | 0.0534 | 0.8947 | 0.8334 | 0.6218 | 0.0523 | 0.9127 | 0.8093 | 0.6303
0009 | 13:05:16 |  12.2s | 1.0e-04 | 0.0509 | 0.8972 | 0.8357 | 0.6358 | 0.0476 | 0.8831 | 0.8457 | 0.6476
0010 | 13:05:37 |  12.3s | 1.0e-04 | 0.0501 | 0.8979 | 0.8426 | 0.6624 | 0.0462 | 0.9020 | 0.8485 | 0.6940
0011 | 13:05:59 |  12.3s | 1.0e-04 | 0.0471 | 0.9026 | 0.8499 | 0.6937 | 0.0478 | 0.9196 | 0.8178 | 0.6580
0012 | 13:06:21 |  12.2s | 1.0e-04 | 0.0462 | 0.9051 | 0.8521 | 0.7111 | 0.0463 | 0.8623 | 0.8748 | 0.6900
0013 | 13:06:43 |  12.3s | 1.0e-04 | 0.0451 | 0.9052 | 0.8558 | 0.7223 | 0.0426 | 0.9196 | 0.8395 | 0.7403
0014 | 13:07:04 |  12.5s | 1.0e-04 | 0.0433 | 0.9093 | 0.8632 | 0.7433 | 0.0405 | 0.8952 | 0.8672 | 0.7337
0015 | 13:07:26 |  12.6s | 1.0e-04 | 0.0422 | 0.9084 | 0.8667 | 0.7608 | 0.0406 | 0.8776 | 0.8969 | 0.7708
0016 | 13:07:48 |  12.3s | 1.0e-04 | 0.0407 | 0.9124 | 0.8672 | 0.7544 | 0.0390 | 0.9244 | 0.8480 | 0.7655
0017 | 13:08:10 |  12.4s | 1.0e-04 | 0.0403 | 0.9113 | 0.8687 | 0.7720 | 0.0386 | 0.9126 | 0.8646 | 0.7633
0018 | 13:08:32 |  12.2s | 1.0e-04 | 0.0400 | 0.9122 | 0.8724 | 0.7832 | 0.0365 | 0.9118 | 0.8749 | 0.7922
0019 | 13:08:54 |  12.1s | 1.0e-04 | 0.0394 | 0.9129 | 0.8780 | 0.7945 | 0.0388 | 0.8840 | 0.9053 | 0.8008
0020 | 13:09:15 |  12.1s | 1.0e-04 | 0.0381 | 0.9129 | 0.8802 | 0.8010 | 0.0388 | 0.9205 | 0.8490 | 0.7295
0021 | 13:09:37 |  21.8s | 1.0e-04 | 0.0381 | 0.9146 | 0.8822 | 0.8021 | 0.0371 | 0.9198 | 0.8647 | 0.7921
0022 | 13:10:08 |  12.4s | 1.0e-04 | 0.0381 | 0.9196 | 0.8840 | 0.8101 | 0.0381 | 0.8898 | 0.8907 | 0.7652
0023 | 13:10:30 |  12.3s | 1.0e-04 | 0.0373 | 0.9175 | 0.8870 | 0.8198 | 0.0341 | 0.9206 | 0.8826 | 0.8254
0024 | 13:10:52 |  12.0s | 1.0e-04 | 0.0358 | 0.9196 | 0.8892 | 0.8241 | 0.0355 | 0.9252 | 0.8661 | 0.8137
0025 | 13:11:13 |  12.2s | 1.0e-04 | 0.0362 | 0.9181 | 0.8902 | 0.8274 | 0.0346 | 0.9244 | 0.8655 | 0.8063
0026 | 13:11:35 |  12.1s | 1.0e-04 | 0.0346 | 0.9203 | 0.8953 | 0.8382 | 0.0366 | 0.9187 | 0.8811 | 0.8213
0027 | 13:11:56 |  12.6s | 1.0e-04 | 0.0356 | 0.9200 | 0.8928 | 0.8362 | 0.0339 | 0.9228 | 0.8720 | 0.8169
0028 | 13:12:18 |  12.3s | 1.0e-04 | 0.0343 | 0.9210 | 0.8967 | 0.8424 | 0.0372 | 0.9440 | 0.8489 | 0.8404
0029 | 13:12:40 |  12.1s | 1.0e-04 | 0.0339 | 0.9226 | 0.8994 | 0.8521 | 0.0338 | 0.9306 | 0.8789 | 0.8453
0030 | 13:13:01 |  12.4s | 1.0e-04 | 0.0334 | 0.9206 | 0.9014 | 0.8530 | 0.0340 | 0.9216 | 0.8721 | 0.8220
0031 | 13:13:23 |  12.3s | 1.0e-04 | 0.0319 | 0.9250 | 0.9036 | 0.8595 | 0.0338 | 0.8819 | 0.9293 | 0.8433
0032 | 13:13:45 |  12.4s | 1.0e-04 | 0.0324 | 0.9251 | 0.9061 | 0.8629 | 0.0330 | 0.9263 | 0.8761 | 0.8280
0033 | 13:14:07 |  12.3s | 1.0e-04 | 0.0310 | 0.9284 | 0.9070 | 0.8698 | 0.0329 | 0.8969 | 0.9144 | 0.8454
0034 | 13:14:29 |  12.3s | 1.0e-04 | 0.0307 | 0.9279 | 0.9123 | 0.8764 | 0.0329 | 0.9229 | 0.8836 | 0.8274
0035 | 13:14:50 |  12.7s | 1.0e-04 | 0.0300 | 0.9278 | 0.9139 | 0.8792 | 0.0318 | 0.9283 | 0.8859 | 0.8274
0036 | 13:15:12 |  12.3s | 1.0e-04 | 0.0299 | 0.9274 | 0.9104 | 0.8764 | 0.0312 | 0.9167 | 0.9006 | 0.8573
0037 | 13:15:34 |  12.0s | 1.0e-04 | 0.0296 | 0.9312 | 0.9120 | 0.8821 | 0.0325 | 0.9210 | 0.9004 | 0.8414
0038 | 13:15:55 |  12.0s | 1.0e-04 | 0.0297 | 0.9268 | 0.9119 | 0.8777 | 0.0310 | 0.9129 | 0.9065 | 0.8464
0039 | 13:16:17 |  12.3s | 1.0e-04 | 0.0287 | 0.9301 | 0.9202 | 0.8934 | 0.0312 | 0.8951 | 0.9217 | 0.8535
0040 | 13:16:39 |  12.1s | 1.0e-04 | 0.0290 | 0.9294 | 0.9171 | 0.8878 | 0.0306 | 0.9165 | 0.9108 | 0.8662
0041 | 13:17:00 |  12.1s | 1.0e-04 | 0.0294 | 0.9292 | 0.9171 | 0.8884 | 0.0301 | 0.9302 | 0.8960 | 0.8618
0042 | 13:17:21 |  23.9s | 1.0e-04 | 0.0285 | 0.9303 | 0.9205 | 0.8970 | 0.0309 | 0.9256 | 0.9044 | 0.8713
0043 | 13:17:55 |  12.1s | 1.0e-04 | 0.0293 | 0.9316 | 0.9229 | 0.9000 | 0.0303 | 0.9182 | 0.9135 | 0.8636
0044 | 13:18:16 |  12.1s | 1.0e-04 | 0.0285 | 0.9321 | 0.9217 | 0.8998 | 0.0316 | 0.9311 | 0.8826 | 0.8500
0045 | 13:18:38 |  12.5s | 1.0e-04 | 0.0278 | 0.9335 | 0.9258 | 0.9053 | 0.0295 | 0.9211 | 0.9085 | 0.8658
0046 | 13:19:00 |  12.8s | 1.0e-04 | 0.0279 | 0.9343 | 0.9238 | 0.9012 | 0.0299 | 0.9021 | 0.9330 | 0.8721
0047 | 13:19:22 |  12.2s | 1.0e-04 | 0.0284 | 0.9345 | 0.9255 | 0.9051 | 0.0300 | 0.9021 | 0.9304 | 0.8655
0048 | 13:19:44 |  12.4s | 1.0e-04 | 0.0276 | 0.9339 | 0.9239 | 0.9031 | 0.0279 | 0.9276 | 0.9041 | 0.8726
0049 | 13:20:05 |  12.6s | 1.0e-04 | 0.0282 | 0.9346 | 0.9275 | 0.9087 | 0.0298 | 0.8894 | 0.9314 | 0.8528
0050 | 13:20:27 |  12.3s | 1.0e-04 | 0.0276 | 0.9345 | 0.9244 | 0.9033 | 0.0294 | 0.9152 | 0.9200 | 0.8756
0051 | 13:20:49 |  12.4s | 1.0e-04 | 0.0270 | 0.9349 | 0.9278 | 0.9093 | 0.0295 | 0.9198 | 0.9162 | 0.8725
0052 | 13:21:11 |  12.1s | 1.0e-04 | 0.0274 | 0.9355 | 0.9267 | 0.9101 | 0.0283 | 0.9210 | 0.9121 | 0.8703
0053 | 13:21:32 |  12.0s | 1.0e-04 | 0.0280 | 0.9346 | 0.9267 | 0.9069 | 0.0292 | 0.9393 | 0.8905 | 0.8746
0054 | 13:21:54 |  12.1s | 1.0e-04 | 0.0274 | 0.9363 | 0.9275 | 0.9089 | 0.0296 | 0.9010 | 0.9359 | 0.8784
0055 | 13:22:15 |  12.1s | 1.0e-04 | 0.0273 | 0.9359 | 0.9283 | 0.9102 | 0.0290 | 0.9033 | 0.9211 | 0.8512
0056 | 13:22:37 |  12.1s | 1.0e-04 | 0.0260 | 0.9378 | 0.9291 | 0.9161 | 0.0289 | 0.9253 | 0.9081 | 0.8665
0057 | 13:22:59 |  11.9s | 1.0e-04 | 0.0267 | 0.9350 | 0.9268 | 0.9095 | 0.0292 | 0.9122 | 0.9299 | 0.8754
0058 | 13:23:20 |  12.2s | 1.0e-04 | 0.0270 | 0.9354 | 0.9288 | 0.9111 | 0.0309 | 0.9043 | 0.9325 | 0.8783
0059 | 13:23:42 |  12.0s | 1.0e-04 | 0.0266 | 0.9377 | 0.9295 | 0.9144 | 0.0286 | 0.9266 | 0.9143 | 0.8768
0060 | 13:24:03 |  12.2s | 1.0e-04 | 0.0267 | 0.9375 | 0.9295 | 0.9132 | 0.0287 | 0.9236 | 0.9187 | 0.8803
0061 | 13:24:25 |  12.1s | 1.0e-04 | 0.0269 | 0.9363 | 0.9278 | 0.9120 | 0.0285 | 0.9185 | 0.9099 | 0.8689
0062 | 13:24:46 |  12.1s | 1.0e-04 | 0.0261 | 0.9358 | 0.9314 | 0.9162 | 0.0281 | 0.9343 | 0.8967 | 0.8726
0063 | 13:25:08 |  22.6s | 1.0e-04 | 0.0257 | 0.9378 | 0.9317 | 0.9193 | 0.0296 | 0.9186 | 0.9239 | 0.8797
0064 | 13:25:40 |  12.2s | 1.0e-04 | 0.0267 | 0.9352 | 0.9303 | 0.9121 | 0.0285 | 0.9187 | 0.9117 | 0.8744
0065 | 13:26:01 |  12.2s | 1.0e-04 | 0.0251 | 0.9377 | 0.9332 | 0.9201 | 0.0286 | 0.9000 | 0.9383 | 0.8831
0066 | 13:26:23 |  12.3s | 1.0e-04 | 0.0257 | 0.9371 | 0.9301 | 0.9151 | 0.0299 | 0.9046 | 0.9350 | 0.8801
0067 | 13:26:45 |  12.2s | 1.0e-04 | 0.0260 | 0.9375 | 0.9312 | 0.9160 | 0.0278 | 0.9054 | 0.9431 | 0.8914
0068 | 13:27:06 |  12.1s | 1.0e-04 | 0.0257 | 0.9374 | 0.9309 | 0.9164 | 0.0277 | 0.9268 | 0.9074 | 0.8692
0069 | 13:27:28 |  12.2s | 1.0e-04 | 0.0260 | 0.9369 | 0.9315 | 0.9165 | 0.0267 | 0.9319 | 0.9200 | 0.8991
0070 | 13:27:50 |  13.3s | 1.0e-04 | 0.0260 | 0.9361 | 0.9310 | 0.9156 | 0.0276 | 0.9258 | 0.9097 | 0.8803
0071 | 13:28:13 |  12.1s | 1.0e-04 | 0.0253 | 0.9386 | 0.9326 | 0.9210 | 0.0275 | 0.9258 | 0.9087 | 0.8775
0072 | 13:28:34 |  12.7s | 1.0e-04 | 0.0247 | 0.9381 | 0.9335 | 0.9200 | 0.0270 | 0.9226 | 0.9148 | 0.8754
0073 | 13:28:56 |  12.5s | 1.0e-04 | 0.0255 | 0.9388 | 0.9327 | 0.9192 | 0.0279 | 0.9185 | 0.9287 | 0.8857
0074 | 13:29:18 |  12.1s | 1.0e-04 | 0.0247 | 0.9373 | 0.9340 | 0.9209 | 0.0276 | 0.9171 | 0.9292 | 0.8899
0075 | 13:29:40 |  12.1s | 1.0e-04 | 0.0257 | 0.9380 | 0.9353 | 0.9212 | 0.0268 | 0.9321 | 0.9178 | 0.8885
0076 | 13:30:02 |  12.2s | 1.0e-04 | 0.0248 | 0.9399 | 0.9346 | 0.9217 | 0.0279 | 0.9236 | 0.9243 | 0.8925
0077 | 13:30:23 |  12.1s | 1.0e-04 | 0.0259 | 0.9384 | 0.9319 | 0.9164 | 0.0271 | 0.9114 | 0.9250 | 0.8746
0078 | 13:30:45 |  12.2s | 1.0e-04 | 0.0249 | 0.9384 | 0.9376 | 0.9248 | 0.0289 | 0.9436 | 0.8870 | 0.8730
0079 | 13:31:07 |  12.1s | 1.0e-04 | 0.0247 | 0.9405 | 0.9356 | 0.9246 | 0.0265 | 0.9295 | 0.9144 | 0.8858
0080 | 13:31:29 |  12.5s | 1.0e-04 | 0.0247 | 0.9407 | 0.9368 | 0.9263 | 0.0283 | 0.9111 | 0.9352 | 0.8864
0081 | 13:31:51 |  12.1s | 1.0e-04 | 0.0241 | 0.9414 | 0.9362 | 0.9276 | 0.0268 | 0.9240 | 0.9257 | 0.8944
0082 | 13:32:12 |  12.6s | 1.0e-04 | 0.0242 | 0.9402 | 0.9348 | 0.9233 | 0.0293 | 0.9317 | 0.9017 | 0.8724
0083 | 13:32:34 |  12.6s | 1.0e-04 | 0.0247 | 0.9395 | 0.9349 | 0.9238 | 0.0266 | 0.9159 | 0.9220 | 0.8817
0084 | 13:32:57 |  20.7s | 1.0e-04 | 0.0246 | 0.9392 | 0.9362 | 0.9260 | 0.0268 | 0.9125 | 0.9322 | 0.8919
0085 | 13:33:27 |  12.1s | 1.0e-04 | 0.0253 | 0.9391 | 0.9346 | 0.9244 | 0.0260 | 0.9115 | 0.9379 | 0.8921
0086 | 13:33:49 |  12.1s | 1.0e-04 | 0.0253 | 0.9395 | 0.9350 | 0.9235 | 0.0262 | 0.9095 | 0.9390 | 0.8932
0087 | 13:34:10 |  12.1s | 1.0e-04 | 0.0254 | 0.9392 | 0.9361 | 0.9233 | 0.0274 | 0.9352 | 0.9081 | 0.8838
0088 | 13:34:32 |  12.1s | 1.0e-04 | 0.0256 | 0.9378 | 0.9338 | 0.9204 | 0.0249 | 0.9307 | 0.9173 | 0.8913
0089 | 13:34:54 |  12.5s | 1.0e-04 | 0.0244 | 0.9391 | 0.9372 | 0.9254 | 0.0276 | 0.9314 | 0.9190 | 0.8989
0090 | 13:35:16 |  12.0s | 1.0e-04 | 0.0252 | 0.9398 | 0.9362 | 0.9248 | 0.0265 | 0.9261 | 0.9135 | 0.8783
0091 | 13:35:37 |  12.1s | 1.0e-04 | 0.0256 | 0.9387 | 0.9369 | 0.9245 | 0.0281 | 0.9065 | 0.9367 | 0.8881
0092 | 13:35:59 |  12.3s | 1.0e-04 | 0.0244 | 0.9402 | 0.9362 | 0.9249 | 0.0255 | 0.9240 | 0.9208 | 0.8926
0093 | 13:36:21 |  12.1s | 1.0e-04 | 0.0242 | 0.9407 | 0.9383 | 0.9282 | 0.0263 | 0.9283 | 0.9184 | 0.8910
0094 | 13:36:43 |  12.0s | 1.0e-04 | 0.0249 | 0.9386 | 0.9363 | 0.9236 | 0.0268 | 0.9244 | 0.9231 | 0.8920
0095 | 13:37:05 |  12.1s | 1.0e-04 | 0.0248 | 0.9403 | 0.9361 | 0.9263 | 0.0265 | 0.9369 | 0.9095 | 0.8922
0096 | 13:37:27 |  12.3s | 1.0e-04 | 0.0244 | 0.9387 | 0.9385 | 0.9266 | 0.0268 | 0.9376 | 0.9149 | 0.8954
0097 | 13:37:49 |  12.4s | 1.0e-04 | 0.0245 | 0.9396 | 0.9371 | 0.9266 | 0.0278 | 0.9170 | 0.9299 | 0.8910
0098 | 13:38:11 |  12.1s | 1.0e-04 | 0.0249 | 0.9397 | 0.9365 | 0.9246 | 0.0266 | 0.9226 | 0.9267 | 0.8931
0099 | 13:38:33 |  12.5s | 1.0e-04 | 0.0245 | 0.9397 | 0.9382 | 0.9263 | 0.0254 | 0.9284 | 0.9235 | 0.8981
0100 | 13:38:55 |  12.2s | 1.0e-04 | 0.0248 | 0.9398 | 0.9351 | 0.9244 | 0.0268 | 0.9258 | 0.9244 | 0.8966
0101 | 13:39:17 |  12.1s | 1.0e-04 | 0.0237 | 0.9411 | 0.9396 | 0.9309 | 0.0261 | 0.9261 | 0.9219 | 0.8913
0102 | 13:39:39 |  12.0s | 1.0e-04 | 0.0244 | 0.9413 | 0.9368 | 0.9268 | 0.0268 | 0.9237 | 0.9303 | 0.9019
0103 | 13:40:01 |  12.0s | 1.0e-04 | 0.0240 | 0.9408 | 0.9376 | 0.9288 | 0.0245 | 0.9230 | 0.9367 | 0.9069
0104 | 13:40:22 |  12.0s | 1.0e-04 | 0.0241 | 0.9400 | 0.9405 | 0.9311 | 0.0262 | 0.9298 | 0.9222 | 0.8996
0105 | 13:40:44 |  23.7s | 1.0e-04 | 0.0240 | 0.9401 | 0.9376 | 0.9269 | 0.0261 | 0.9143 | 0.9410 | 0.9024
0106 | 13:41:18 |  12.4s | 1.0e-04 | 0.0238 | 0.9410 | 0.9368 | 0.9266 | 0.0246 | 0.9226 | 0.9395 | 0.9059
0107 | 13:41:40 |  12.0s | 1.0e-04 | 0.0240 | 0.9392 | 0.9371 | 0.9254 | 0.0263 | 0.9358 | 0.9100 | 0.8937
0108 | 13:42:02 |  12.4s | 1.0e-04 | 0.0240 | 0.9392 | 0.9400 | 0.9281 | 0.0271 | 0.9123 | 0.9344 | 0.8901
0109 | 13:42:24 |  12.2s | 1.0e-04 | 0.0241 | 0.9402 | 0.9395 | 0.9279 | 0.0255 | 0.9203 | 0.9355 | 0.9017
0110 | 13:42:46 |  12.0s | 1.0e-04 | 0.0235 | 0.9405 | 0.9367 | 0.9278 | 0.0271 | 0.9277 | 0.9198 | 0.8974
0111 | 13:43:08 |  12.0s | 1.0e-04 | 0.0241 | 0.9405 | 0.9383 | 0.9284 | 0.0261 | 0.9335 | 0.9159 | 0.8929
0112 | 13:43:29 |  12.0s | 1.0e-04 | 0.0235 | 0.9416 | 0.9387 | 0.9298 | 0.0261 | 0.9269 | 0.9300 | 0.9013
0113 | 13:43:51 |  12.1s | 1.0e-04 | 0.0233 | 0.9413 | 0.9396 | 0.9312 | 0.0243 | 0.9297 | 0.9315 | 0.9078
0114 | 13:44:13 |  12.3s | 1.0e-04 | 0.0230 | 0.9405 | 0.9402 | 0.9299 | 0.0253 | 0.9318 | 0.9251 | 0.9002
0115 | 13:44:35 |  12.1s | 1.0e-04 | 0.0236 | 0.9421 | 0.9383 | 0.9287 | 0.0269 | 0.9254 | 0.9241 | 0.8963
0116 | 13:44:57 |  12.1s | 1.0e-04 | 0.0238 | 0.9400 | 0.9371 | 0.9262 | 0.0252 | 0.9224 | 0.9342 | 0.9033
0117 | 13:45:19 |  12.0s | 1.0e-04 | 0.0234 | 0.9395 | 0.9388 | 0.9288 | 0.0245 | 0.9387 | 0.9173 | 0.9043
0118 | 13:45:40 |  12.3s | 1.0e-04 | 0.0236 | 0.9424 | 0.9384 | 0.9296 | 0.0244 | 0.9307 | 0.9324 | 0.9076
0119 | 13:46:02 |  12.0s | 1.0e-04 | 0.0235 | 0.9384 | 0.9389 | 0.9276 | 0.0247 | 0.9270 | 0.9281 | 0.9061
0120 | 13:46:24 |  12.0s | 1.0e-04 | 0.0232 | 0.9429 | 0.9403 | 0.9324 | 0.0280 | 0.8941 | 0.9493 | 0.8923
0121 | 13:46:46 |  12.0s | 1.0e-04 | 0.0238 | 0.9385 | 0.9388 | 0.9274 | 0.0259 | 0.9240 | 0.9316 | 0.8963
0122 | 13:47:08 |  12.0s | 1.0e-04 | 0.0240 | 0.9385 | 0.9378 | 0.9255 | 0.0264 | 0.9107 | 0.9420 | 0.8995
0123 | 13:47:29 |  12.0s | 1.0e-04 | 0.0236 | 0.9403 | 0.9375 | 0.9273 | 0.0260 | 0.9349 | 0.9180 | 0.8994
0124 | 13:47:51 |  12.0s | 1.0e-04 | 0.0230 | 0.9419 | 0.9387 | 0.9302 | 0.0262 | 0.9387 | 0.9151 | 0.9015
0125 | 13:48:13 |  11.9s | 1.0e-04 | 0.0232 | 0.9416 | 0.9405 | 0.9312 | 0.0246 | 0.9255 | 0.9297 | 0.9023
0126 | 13:48:37 |  14.5s | 1.0e-04 | 0.0228 | 0.9419 | 0.9431 | 0.9353 | 0.0265 | 0.9113 | 0.9430 | 0.8992
0127 | 13:49:01 |  12.6s | 1.0e-04 | 0.0229 | 0.9418 | 0.9401 | 0.9308 | 0.0262 | 0.9106 | 0.9398 | 0.8951
0128 | 13:49:23 |  12.4s | 1.0e-04 | 0.0222 | 0.9445 | 0.9418 | 0.9357 | 0.0255 | 0.9188 | 0.9403 | 0.9078
0129 | 13:49:45 |  12.3s | 1.0e-04 | 0.0222 | 0.9445 | 0.9414 | 0.9359 | 0.0247 | 0.9340 | 0.9312 | 0.9065
0130 | 13:50:07 |  12.2s | 1.0e-04 | 0.0225 | 0.9426 | 0.9417 | 0.9340 | 0.0255 | 0.9123 | 0.9447 | 0.9072
0131 | 13:50:29 |  12.7s | 1.0e-04 | 0.0231 | 0.9423 | 0.9393 | 0.9311 | 0.0252 | 0.9264 | 0.9228 | 0.8878
0132 | 13:50:52 |  12.3s | 1.0e-04 | 0.0227 | 0.9424 | 0.9405 | 0.9327 | 0.0246 | 0.9256 | 0.9420 | 0.9158
0133 | 13:51:14 |  12.3s | 1.0e-04 | 0.0231 | 0.9421 | 0.9414 | 0.9332 | 0.0263 | 0.9338 | 0.9219 | 0.9022
0134 | 13:51:36 |  12.2s | 1.0e-04 | 0.0226 | 0.9424 | 0.9402 | 0.9322 | 0.0252 | 0.9335 | 0.9262 | 0.9070
0135 | 13:51:58 |  12.2s | 1.0e-04 | 0.0222 | 0.9420 | 0.9388 | 0.9302 | 0.0259 | 0.9076 | 0.9380 | 0.8891
0136 | 13:52:20 |  12.1s | 1.0e-04 | 0.0223 | 0.9423 | 0.9402 | 0.9322 | 0.0275 | 0.9295 | 0.9058 | 0.8721
0137 | 13:52:41 |  12.2s | 1.0e-04 | 0.0224 | 0.9448 | 0.9406 | 0.9356 | 0.0237 | 0.9264 | 0.9356 | 0.9087
0138 | 13:53:03 |  12.1s | 1.0e-04 | 0.0224 | 0.9429 | 0.9420 | 0.9353 | 0.0243 | 0.9342 | 0.9329 | 0.9118
0139 | 13:53:25 |  12.1s | 1.0e-04 | 0.0224 | 0.9427 | 0.9417 | 0.9336 | 0.0253 | 0.9355 | 0.9269 | 0.9110
0140 | 13:53:47 |  12.5s | 1.0e-04 | 0.0222 | 0.9433 | 0.9442 | 0.9378 | 0.0252 | 0.9199 | 0.9381 | 0.9028
0141 | 13:54:09 |  12.2s | 1.0e-04 | 0.0225 | 0.9403 | 0.9418 | 0.9322 | 0.0251 | 0.9360 | 0.9130 | 0.8917
0142 | 13:54:31 |  12.6s | 1.0e-04 | 0.0222 | 0.9432 | 0.9416 | 0.9347 | 0.0239 | 0.9291 | 0.9307 | 0.9089
0143 | 13:54:54 |  12.1s | 1.0e-04 | 0.0220 | 0.9438 | 0.9434 | 0.9374 | 0.0261 | 0.9391 | 0.9167 | 0.9063
0144 | 13:55:15 |  12.2s | 1.0e-04 | 0.0225 | 0.9436 | 0.9409 | 0.9345 | 0.0249 | 0.9409 | 0.9095 | 0.8958
0145 | 13:55:37 |  12.4s | 1.0e-04 | 0.0227 | 0.9420 | 0.9409 | 0.9322 | 0.0249 | 0.9367 | 0.9217 | 0.9026
0146 | 13:56:00 |  21.4s | 1.0e-04 | 0.0226 | 0.9437 | 0.9412 | 0.9346 | 0.0267 | 0.9133 | 0.9410 | 0.8956
0147 | 13:56:31 |  11.9s | 1.0e-04 | 0.0223 | 0.9441 | 0.9420 | 0.9356 | 0.0259 | 0.9375 | 0.9255 | 0.9128
0148 | 13:56:52 |  11.9s | 1.0e-04 | 0.0226 | 0.9431 | 0.9434 | 0.9367 | 0.0267 | 0.9411 | 0.9131 | 0.8976
0149 | 13:57:14 |  12.0s | 1.0e-04 | 0.0231 | 0.9431 | 0.9436 | 0.9367 | 0.0242 | 0.9426 | 0.9148 | 0.9105
0150 | 13:57:36 |  12.1s | 1.0e-04 | 0.0228 | 0.9437 | 0.9434 | 0.9373 | 0.0249 | 0.9340 | 0.9283 | 0.9035
0151 | 13:57:58 |  12.0s | 1.0e-04 | 0.0227 | 0.9438 | 0.9418 | 0.9357 | 0.0245 | 0.9215 | 0.9410 | 0.9084
0152 | 13:58:19 |  11.8s | 1.0e-04 | 0.0220 | 0.9450 | 0.9462 | 0.9413 | 0.0263 | 0.9230 | 0.9360 | 0.9041
0153 | 13:58:41 |  12.0s | 1.0e-04 | 0.0222 | 0.9446 | 0.9427 | 0.9382 | 0.0262 | 0.9288 | 0.9308 | 0.9095
0154 | 13:59:03 |  11.9s | 1.0e-04 | 0.0225 | 0.9444 | 0.9427 | 0.9364 | 0.0264 | 0.9374 | 0.9199 | 0.9033
0155 | 13:59:24 |  12.4s | 1.0e-04 | 0.0224 | 0.9450 | 0.9458 | 0.9409 | 0.0261 | 0.9240 | 0.9234 | 0.8913
0156 | 13:59:47 |  12.3s | 1.0e-04 | 0.0220 | 0.9439 | 0.9445 | 0.9387 | 0.0259 | 0.9415 | 0.9127 | 0.9055
0157 | 14:00:09 |  11.9s | 1.0e-04 | 0.0221 | 0.9441 | 0.9418 | 0.9368 | 0.0253 | 0.9338 | 0.9230 | 0.9074
0158 | 14:00:30 |  11.9s | 1.0e-04 | 0.0216 | 0.9455 | 0.9462 | 0.9418 | 0.0240 | 0.9297 | 0.9392 | 0.9130
0159 | 14:00:52 |  12.1s | 1.0e-04 | 0.0222 | 0.9433 | 0.9450 | 0.9386 | 0.0247 | 0.9254 | 0.9372 | 0.9060
0160 | 14:01:14 |  12.1s | 1.0e-04 | 0.0226 | 0.9444 | 0.9436 | 0.9370 | 0.0250 | 0.9329 | 0.9242 | 0.9015
0161 | 14:01:36 |  12.3s | 1.0e-04 | 0.0223 | 0.9448 | 0.9440 | 0.9385 | 0.0248 | 0.9287 | 0.9343 | 0.9095
0162 | 14:01:58 |  11.9s | 1.0e-04 | 0.0221 | 0.9438 | 0.9440 | 0.9379 | 0.0246 | 0.9253 | 0.9302 | 0.9046
0163 | 14:02:19 |  12.0s | 1.0e-04 | 0.0221 | 0.9465 | 0.9429 | 0.9402 | 0.0242 | 0.9309 | 0.9322 | 0.9112
0164 | 14:02:41 |  12.6s | 1.0e-04 | 0.0225 | 0.9446 | 0.9435 | 0.9387 | 0.0238 | 0.9340 | 0.9215 | 0.9019
0165 | 14:03:03 |  11.9s | 1.0e-04 | 0.0219 | 0.9455 | 0.9456 | 0.9403 | 0.0245 | 0.9419 | 0.9187 | 0.9116
0166 | 14:03:25 |  11.9s | 1.0e-04 | 0.0222 | 0.9437 | 0.9448 | 0.9387 | 0.0245 | 0.9114 | 0.9533 | 0.9170
0167 | 14:03:47 |  20.3s | 1.0e-04 | 0.0218 | 0.9448 | 0.9442 | 0.9397 | 0.0256 | 0.9380 | 0.9177 | 0.9031
0168 | 14:04:17 |  12.2s | 1.0e-04 | 0.0210 | 0.9463 | 0.9453 | 0.9413 | 0.0251 | 0.9076 | 0.9509 | 0.9103
0169 | 14:04:39 |  12.0s | 1.0e-04 | 0.0208 | 0.9460 | 0.9452 | 0.9420 | 0.0247 | 0.9458 | 0.9107 | 0.9121
0170 | 14:05:00 |  12.0s | 1.0e-04 | 0.0216 | 0.9457 | 0.9432 | 0.9391 | 0.0244 | 0.9191 | 0.9473 | 0.9134
0171 | 14:05:22 |  12.1s | 1.0e-04 | 0.0204 | 0.9463 | 0.9456 | 0.9420 | 0.0253 | 0.9236 | 0.9378 | 0.9114
0172 | 14:05:44 |  12.0s | 1.0e-04 | 0.0213 | 0.9446 | 0.9453 | 0.9402 | 0.0242 | 0.9245 | 0.9363 | 0.9108
0173 | 14:06:05 |  12.0s | 1.0e-04 | 0.0208 | 0.9477 | 0.9460 | 0.9436 | 0.0234 | 0.9393 | 0.9277 | 0.9165
0174 | 14:06:27 |  12.1s | 1.0e-04 | 0.0211 | 0.9460 | 0.9465 | 0.9430 | 0.0251 | 0.9379 | 0.9168 | 0.9042
0175 | 14:06:49 |  12.1s | 1.0e-04 | 0.0214 | 0.9448 | 0.9445 | 0.9394 | 0.0257 | 0.9208 | 0.9281 | 0.8902
0176 | 14:07:10 |  12.1s | 1.0e-04 | 0.0216 | 0.9455 | 0.9448 | 0.9406 | 0.0263 | 0.9419 | 0.9115 | 0.9069
0177 | 14:07:32 |  12.1s | 1.0e-04 | 0.0207 | 0.9480 | 0.9468 | 0.9451 | 0.0250 | 0.9539 | 0.9096 | 0.9164
0178 | 14:07:54 |  12.2s | 1.0e-04 | 0.0207 | 0.9458 | 0.9464 | 0.9419 | 0.0243 | 0.9466 | 0.9075 | 0.9053
0179 | 14:08:15 |  12.0s | 1.0e-04 | 0.0208 | 0.9454 | 0.9463 | 0.9417 | 0.0245 | 0.9367 | 0.9191 | 0.9023
0180 | 14:08:37 |  12.1s | 1.0e-04 | 0.0212 | 0.9444 | 0.9451 | 0.9390 | 0.0249 | 0.9391 | 0.9175 | 0.9074
0181 | 14:08:58 |  12.0s | 1.0e-04 | 0.0209 | 0.9442 | 0.9462 | 0.9406 | 0.0247 | 0.9341 | 0.9331 | 0.9125
0182 | 14:09:20 |  12.1s | 1.0e-04 | 0.0214 | 0.9456 | 0.9433 | 0.9378 | 0.0259 | 0.9220 | 0.9376 | 0.9043
0183 | 14:09:42 |  12.0s | 1.0e-04 | 0.0209 | 0.9457 | 0.9451 | 0.9412 | 0.0255 | 0.9445 | 0.9222 | 0.9154
0184 | 14:10:03 |  12.1s | 1.0e-04 | 0.0209 | 0.9458 | 0.9444 | 0.9400 | 0.0237 | 0.9344 | 0.9297 | 0.9147
0185 | 14:10:25 |  12.1s | 1.0e-04 | 0.0212 | 0.9458 | 0.9464 | 0.9422 | 0.0266 | 0.9514 | 0.8933 | 0.8989
0186 | 14:10:46 |  12.1s | 1.0e-04 | 0.0217 | 0.9463 | 0.9452 | 0.9415 | 0.0247 | 0.9352 | 0.9280 | 0.9103
0187 | 14:11:08 |  12.2s | 1.0e-04 | 0.0212 | 0.9451 | 0.9428 | 0.9377 | 0.0244 | 0.9350 | 0.9263 | 0.9094
0188 | 14:11:30 |  26.3s | 1.0e-04 | 0.0207 | 0.9463 | 0.9437 | 0.9404 | 0.0241 | 0.9359 | 0.9293 | 0.9122
0189 | 14:12:06 |  12.2s | 1.0e-04 | 0.0211 | 0.9438 | 0.9434 | 0.9375 | 0.0248 | 0.9392 | 0.9124 | 0.9028
0190 | 14:12:28 |  12.0s | 1.0e-04 | 0.0211 | 0.9466 | 0.9453 | 0.9423 | 0.0248 | 0.9110 | 0.9492 | 0.9095
0191 | 14:12:49 |  12.0s | 1.0e-04 | 0.0213 | 0.9459 | 0.9452 | 0.9407 | 0.0249 | 0.9288 | 0.9403 | 0.9160
0192 | 14:13:11 |  12.5s | 1.0e-04 | 0.0211 | 0.9459 | 0.9442 | 0.9395 | 0.0253 | 0.9356 | 0.9218 | 0.9017
0193 | 14:13:33 |  12.4s | 1.0e-04 | 0.0208 | 0.9468 | 0.9440 | 0.9420 | 0.0241 | 0.9291 | 0.9314 | 0.9071
0194 | 14:13:55 |  12.1s | 1.0e-04 | 0.0206 | 0.9457 | 0.9437 | 0.9391 | 0.0240 | 0.9335 | 0.9260 | 0.9077
0195 | 14:14:16 |  12.0s | 1.0e-04 | 0.0211 | 0.9464 | 0.9456 | 0.9420 | 0.0247 | 0.9441 | 0.9185 | 0.9096
0196 | 14:14:38 |  12.1s | 1.0e-04 | 0.0207 | 0.9460 | 0.9448 | 0.9407 | 0.0241 | 0.9258 | 0.9365 | 0.9068
0197 | 14:15:00 |  12.0s | 1.0e-04 | 0.0212 | 0.9448 | 0.9453 | 0.9406 | 0.0238 | 0.9305 | 0.9354 | 0.9125
0198 | 14:15:21 |  11.9s | 1.0e-04 | 0.0210 | 0.9460 | 0.9430 | 0.9391 | 0.0230 | 0.9402 | 0.9402 | 0.9264
0199 | 14:15:43 |  13.0s | 1.0e-04 | 0.0209 | 0.9450 | 0.9432 | 0.9399 | 0.0247 | 0.9344 | 0.9273 | 0.9077
0200 | 14:16:05 |  11.9s | 1.0e-04 | 0.0211 | 0.9461 | 0.9447 | 0.9408 | 0.0242 | 0.9494 | 0.9085 | 0.9132
0201 | 14:16:27 |  12.0s | 1.0e-04 | 0.0210 | 0.9438 | 0.9438 | 0.9380 | 0.0250 | 0.9337 | 0.9238 | 0.9026
0202 | 14:16:48 |  12.1s | 1.0e-04 | 0.0206 | 0.9459 | 0.9453 | 0.9415 | 0.0243 | 0.9260 | 0.9338 | 0.9075
0203 | 14:17:10 |  12.0s | 1.0e-04 | 0.0212 | 0.9452 | 0.9450 | 0.9399 | 0.0239 | 0.9279 | 0.9360 | 0.9078
0204 | 14:17:31 |  12.0s | 1.0e-04 | 0.0207 | 0.9450 | 0.9447 | 0.9399 | 0.0242 | 0.9278 | 0.9361 | 0.9094
0205 | 14:17:53 |  12.0s | 1.0e-04 | 0.0214 | 0.9429 | 0.9453 | 0.9379 | 0.0249 | 0.9276 | 0.9344 | 0.9066
0206 | 14:18:14 |  12.0s | 1.0e-04 | 0.0201 | 0.9473 | 0.9486 | 0.9461 | 0.0246 | 0.9284 | 0.9357 | 0.9130
0207 | 14:18:36 |  12.0s | 1.0e-04 | 0.0207 | 0.9460 | 0.9449 | 0.9405 | 0.0248 | 0.9381 | 0.9232 | 0.9031
0208 | 14:18:57 |  12.3s | 1.0e-04 | 0.0208 | 0.9444 | 0.9428 | 0.9375 | 0.0243 | 0.9278 | 0.9287 | 0.9047
0209 | 14:19:19 |  24.5s | 1.0e-04 | 0.0206 | 0.9474 | 0.9470 | 0.9450 | 0.0246 | 0.9320 | 0.9312 | 0.9117
0210 | 14:19:53 |  11.9s | 1.0e-04 | 0.0201 | 0.9489 | 0.9493 | 0.9482 | 0.0240 | 0.9339 | 0.9353 | 0.9172
0211 | 14:20:14 |  12.2s | 1.0e-04 | 0.0200 | 0.9494 | 0.9504 | 0.9497 | 0.0241 | 0.9261 | 0.9396 | 0.9130
0212 | 14:20:36 |  12.1s | 1.0e-04 | 0.0214 | 0.9463 | 0.9471 | 0.9439 | 0.0248 | 0.9284 | 0.9326 | 0.9048
0213 | 14:20:58 |  11.9s | 1.0e-04 | 0.0204 | 0.9488 | 0.9500 | 0.9489 | 0.0249 | 0.9090 | 0.9528 | 0.9112
0214 | 14:21:19 |  11.9s | 1.0e-04 | 0.0205 | 0.9496 | 0.9490 | 0.9486 | 0.0241 | 0.9423 | 0.9270 | 0.9234
0215 | 14:21:41 |  12.0s | 1.0e-04 | 0.0203 | 0.9484 | 0.9492 | 0.9475 | 0.0241 | 0.9334 | 0.9262 | 0.9036
0216 | 14:22:02 |  11.9s | 1.0e-04 | 0.0213 | 0.9467 | 0.9479 | 0.9447 | 0.0234 | 0.9332 | 0.9350 | 0.9161
0217 | 14:22:24 |  12.1s | 1.0e-04 | 0.0196 | 0.9489 | 0.9517 | 0.9501 | 0.0246 | 0.9351 | 0.9259 | 0.9075
0218 | 14:22:45 |  12.1s | 1.0e-04 | 0.0203 | 0.9496 | 0.9482 | 0.9484 | 0.0237 | 0.9321 | 0.9436 | 0.9241
0219 | 14:23:07 |  11.9s | 1.0e-04 | 0.0206 | 0.9483 | 0.9491 | 0.9474 | 0.0251 | 0.9204 | 0.9362 | 0.9060
0220 | 14:23:28 |  12.9s | 1.0e-04 | 0.0206 | 0.9489 | 0.9498 | 0.9487 | 0.0241 | 0.9319 | 0.9317 | 0.9098
0221 | 14:23:51 |  12.9s | 1.0e-04 | 0.0204 | 0.9489 | 0.9488 | 0.9476 | 0.0245 | 0.9201 | 0.9440 | 0.9100
0222 | 14:24:13 |  12.3s | 1.0e-04 | 0.0203 | 0.9489 | 0.9510 | 0.9498 | 0.0245 | 0.9232 | 0.9431 | 0.9132
0223 | 14:24:35 |  12.2s | 1.0e-04 | 0.0205 | 0.9476 | 0.9494 | 0.9471 | 0.0247 | 0.9362 | 0.9253 | 0.9042
0224 | 14:24:57 |  12.0s | 1.0e-04 | 0.0203 | 0.9493 | 0.9508 | 0.9504 | 0.0261 | 0.9489 | 0.9019 | 0.9000
0225 | 14:25:18 |  12.3s | 1.0e-04 | 0.0206 | 0.9483 | 0.9486 | 0.9466 | 0.0253 | 0.9382 | 0.9169 | 0.8967
0226 | 14:25:40 |  12.5s | 1.0e-04 | 0.0203 | 0.9493 | 0.9490 | 0.9486 | 0.0246 | 0.9353 | 0.9165 | 0.8955
0227 | 14:26:02 |  12.1s | 1.0e-04 | 0.0201 | 0.9479 | 0.9503 | 0.9481 | 0.0236 | 0.9292 | 0.9393 | 0.9151
0228 | 14:26:24 |  12.0s | 1.0e-04 | 0.0209 | 0.9482 | 0.9513 | 0.9495 | 0.0251 | 0.9286 | 0.9296 | 0.9061
0229 | 14:26:45 |  12.1s | 1.0e-04 | 0.0201 | 0.9489 | 0.9495 | 0.9484 | 0.0244 | 0.9286 | 0.9344 | 0.9129
0230 | 14:27:07 |  23.6s | 1.0e-04 | 0.0189 | 0.9504 | 0.9464 | 0.9463 | 0.0237 | 0.9338 | 0.9382 | 0.9202
0231 | 14:27:40 |  12.5s | 1.0e-04 | 0.0194 | 0.9481 | 0.9480 | 0.9459 | 0.0229 | 0.9394 | 0.9241 | 0.9070
0232 | 14:28:02 |  12.8s | 1.0e-04 | 0.0191 | 0.9484 | 0.9472 | 0.9460 | 0.0240 | 0.9399 | 0.9222 | 0.9093
0233 | 14:28:24 |  12.2s | 1.0e-04 | 0.0197 | 0.9483 | 0.9464 | 0.9450 | 0.0248 | 0.9385 | 0.9252 | 0.9118
0234 | 14:28:46 |  12.2s | 1.0e-04 | 0.0196 | 0.9480 | 0.9475 | 0.9456 | 0.0236 | 0.9398 | 0.9198 | 0.9091
0235 | 14:29:08 |  12.2s | 1.0e-04 | 0.0194 | 0.9477 | 0.9482 | 0.9461 | 0.0252 | 0.9313 | 0.9313 | 0.9119
0236 | 14:29:29 |  12.3s | 1.0e-04 | 0.0201 | 0.9463 | 0.9457 | 0.9415 | 0.0247 | 0.9398 | 0.9260 | 0.9157
0237 | 14:29:51 |  12.2s | 1.0e-04 | 0.0194 | 0.9478 | 0.9482 | 0.9465 | 0.0224 | 0.9388 | 0.9365 | 0.9202
0238 | 14:30:13 |  12.2s | 1.0e-04 | 0.0197 | 0.9487 | 0.9471 | 0.9453 | 0.0248 | 0.9203 | 0.9392 | 0.9034
0239 | 14:30:35 |  12.1s | 1.0e-04 | 0.0194 | 0.9478 | 0.9469 | 0.9452 | 0.0248 | 0.9414 | 0.9185 | 0.9104
0240 | 14:30:57 |  12.2s | 1.0e-04 | 0.0197 | 0.9476 | 0.9485 | 0.9464 | 0.0240 | 0.9259 | 0.9353 | 0.9112
0241 | 14:31:18 |  12.2s | 1.0e-04 | 0.0199 | 0.9480 | 0.9476 | 0.9453 | 0.0246 | 0.9261 | 0.9411 | 0.9142
0242 | 14:31:40 |  12.2s | 1.0e-04 | 0.0196 | 0.9461 | 0.9473 | 0.9432 | 0.0242 | 0.9259 | 0.9378 | 0.9109
0243 | 14:32:02 |  12.1s | 1.0e-04 | 0.0188 | 0.9479 | 0.9479 | 0.9464 | 0.0234 | 0.9343 | 0.9273 | 0.9054
0244 | 14:32:23 |  12.1s | 1.0e-04 | 0.0190 | 0.9483 | 0.9496 | 0.9480 | 0.0243 | 0.9358 | 0.9241 | 0.9088
0245 | 14:32:45 |  12.4s | 1.0e-04 | 0.0195 | 0.9481 | 0.9467 | 0.9453 | 0.0243 | 0.9436 | 0.9189 | 0.9086
0246 | 14:33:07 |  12.2s | 1.0e-04 | 0.0195 | 0.9473 | 0.9460 | 0.9440 | 0.0248 | 0.9487 | 0.9135 | 0.9149
0247 | 14:33:28 |  12.1s | 1.0e-04 | 0.0196 | 0.9487 | 0.9463 | 0.9451 | 0.0239 | 0.9332 | 0.9360 | 0.9126
0248 | 14:33:50 |  12.2s | 1.0e-04 | 0.0195 | 0.9482 | 0.9470 | 0.9454 | 0.0238 | 0.9407 | 0.9251 | 0.9158
0249 | 14:34:12 |  12.2s | 1.0e-04 | 0.0195 | 0.9496 | 0.9460 | 0.9454 | 0.0237 | 0.9282 | 0.9398 | 0.9132
0250 | 14:34:33 |  12.2s | 1.0e-04 | 0.0196 | 0.9482 | 0.9477 | 0.9465 | 0.0236 | 0.9397 | 0.9269 | 0.9119
0251 | 14:34:58 |  13.5s | 1.0e-04 | 0.0209 | 0.9468 | 0.9484 | 0.9457 | 0.0244 | 0.9342 | 0.9252 | 0.9103
0252 | 14:35:21 |  12.9s | 1.0e-04 | 0.0208 | 0.9475 | 0.9468 | 0.9448 | 0.0239 | 0.9266 | 0.9380 | 0.9109
0253 | 14:35:43 |  12.6s | 1.0e-04 | 0.0203 | 0.9501 | 0.9499 | 0.9499 | 0.0229 | 0.9394 | 0.9288 | 0.9150
0254 | 14:36:06 |  12.2s | 1.0e-04 | 0.0204 | 0.9487 | 0.9496 | 0.9482 | 0.0237 | 0.9379 | 0.9298 | 0.9142
0255 | 14:36:27 |  12.1s | 1.0e-04 | 0.0204 | 0.9466 | 0.9488 | 0.9453 | 0.0239 | 0.9395 | 0.9277 | 0.9169
0256 | 14:36:49 |  12.2s | 1.0e-04 | 0.0202 | 0.9508 | 0.9505 | 0.9513 | 0.0237 | 0.9229 | 0.9439 | 0.9144
0257 | 14:37:11 |  12.6s | 1.0e-04 | 0.0206 | 0.9469 | 0.9486 | 0.9458 | 0.0230 | 0.9347 | 0.9298 | 0.9115
0258 | 14:37:33 |  12.3s | 1.0e-04 | 0.0200 | 0.9493 | 0.9503 | 0.9496 | 0.0236 | 0.9470 | 0.9145 | 0.9078
0259 | 14:37:55 |  12.2s | 1.0e-04 | 0.0209 | 0.9479 | 0.9482 | 0.9466 | 0.0234 | 0.9317 | 0.9366 | 0.9165
0260 | 14:38:16 |  12.2s | 1.0e-04 | 0.0202 | 0.9500 | 0.9488 | 0.9487 | 0.0253 | 0.9161 | 0.9429 | 0.9079
0261 | 14:38:38 |  12.1s | 1.0e-04 | 0.0205 | 0.9491 | 0.9480 | 0.9470 | 0.0251 | 0.9205 | 0.9370 | 0.9042
0262 | 14:39:00 |  12.1s | 1.0e-04 | 0.0205 | 0.9484 | 0.9494 | 0.9476 | 0.0226 | 0.9434 | 0.9311 | 0.9214
0263 | 14:39:21 |  12.3s | 1.0e-04 | 0.0198 | 0.9497 | 0.9516 | 0.9510 | 0.0233 | 0.9394 | 0.9212 | 0.9078
0264 | 14:39:43 |  12.2s | 1.0e-04 | 0.0203 | 0.9487 | 0.9498 | 0.9485 | 0.0242 | 0.9360 | 0.9324 | 0.9135
0265 | 14:40:05 |  12.5s | 1.0e-04 | 0.0204 | 0.9467 | 0.9501 | 0.9468 | 0.0236 | 0.9328 | 0.9326 | 0.9132
0266 | 14:40:27 |  12.1s | 1.0e-04 | 0.0204 | 0.9492 | 0.9482 | 0.9474 | 0.0227 | 0.9328 | 0.9368 | 0.9174
0267 | 14:40:48 |  12.5s | 1.0e-04 | 0.0204 | 0.9480 | 0.9498 | 0.9477 | 0.0234 | 0.9363 | 0.9250 | 0.9136
0268 | 14:41:10 |  12.2s | 1.0e-04 | 0.0198 | 0.9498 | 0.9512 | 0.9509 | 0.0230 | 0.9403 | 0.9210 | 0.9094
0269 | 14:41:32 |  12.2s | 1.0e-04 | 0.0202 | 0.9477 | 0.9490 | 0.9468 | 0.0245 | 0.9208 | 0.9449 | 0.9110
0270 | 14:41:54 |  12.4s | 1.0e-04 | 0.0204 | 0.9478 | 0.9487 | 0.9468 | 0.0231 | 0.9303 | 0.9400 | 0.9210
0271 | 14:42:15 |  26.7s | 1.0e-04 | 0.0200 | 0.9498 | 0.9496 | 0.9493 | 0.0251 | 0.9122 | 0.9438 | 0.9000
0272 | 14:42:52 |  12.0s | 1.0e-04 | 0.0195 | 0.9474 | 0.9459 | 0.9427 | 0.0234 | 0.9319 | 0.9311 | 0.9065
0273 | 14:43:13 |  12.2s | 1.0e-04 | 0.0202 | 0.9452 | 0.9448 | 0.9400 | 0.0251 | 0.9169 | 0.9430 | 0.9066
0274 | 14:43:35 |  11.9s | 1.0e-04 | 0.0196 | 0.9480 | 0.9480 | 0.9463 | 0.0240 | 0.9380 | 0.9164 | 0.9042
0275 | 14:43:56 |  12.2s | 1.0e-04 | 0.0201 | 0.9453 | 0.9437 | 0.9400 | 0.0233 | 0.9420 | 0.9218 | 0.9100
0276 | 14:44:18 |  12.1s | 1.0e-04 | 0.0197 | 0.9468 | 0.9462 | 0.9435 | 0.0243 | 0.9352 | 0.9248 | 0.9036
0277 | 14:44:39 |  12.3s | 1.0e-04 | 0.0200 | 0.9469 | 0.9451 | 0.9417 | 0.0235 | 0.9246 | 0.9420 | 0.9139
0278 | 14:45:01 |  12.0s | 1.0e-04 | 0.0191 | 0.9471 | 0.9466 | 0.9439 | 0.0237 | 0.9219 | 0.9455 | 0.9160
0279 | 14:45:23 |  11.9s | 1.0e-04 | 0.0194 | 0.9491 | 0.9488 | 0.9478 | 0.0232 | 0.9393 | 0.9324 | 0.9190
0280 | 14:45:44 |  12.1s | 1.0e-04 | 0.0200 | 0.9452 | 0.9458 | 0.9414 | 0.0246 | 0.9287 | 0.9439 | 0.9197
0281 | 14:46:06 |  11.9s | 1.0e-04 | 0.0196 | 0.9463 | 0.9475 | 0.9440 | 0.0247 | 0.9370 | 0.9329 | 0.9172
0282 | 14:46:27 |  12.0s | 1.0e-04 | 0.0197 | 0.9474 | 0.9451 | 0.9424 | 0.0244 | 0.9389 | 0.9304 | 0.9180
0283 | 14:46:49 |  12.8s | 1.0e-04 | 0.0196 | 0.9477 | 0.9472 | 0.9455 | 0.0237 | 0.9352 | 0.9344 | 0.9170
0284 | 14:47:11 |  11.9s | 1.0e-04 | 0.0196 | 0.9482 | 0.9481 | 0.9463 | 0.0236 | 0.9316 | 0.9389 | 0.9195
0285 | 14:47:33 |  12.0s | 1.0e-04 | 0.0199 | 0.9467 | 0.9449 | 0.9427 | 0.0230 | 0.9472 | 0.9219 | 0.9185
0286 | 14:47:54 |  11.9s | 1.0e-04 | 0.0193 | 0.9490 | 0.9467 | 0.9464 | 0.0244 | 0.9441 | 0.9192 | 0.9162
0287 | 14:48:16 |  11.9s | 1.0e-04 | 0.0190 | 0.9486 | 0.9460 | 0.9460 | 0.0250 | 0.9153 | 0.9493 | 0.9139
0288 | 14:48:37 |  12.3s | 1.0e-04 | 0.0201 | 0.9453 | 0.9466 | 0.9421 | 0.0241 | 0.9189 | 0.9478 | 0.9154
0289 | 14:48:59 |  12.1s | 1.0e-04 | 0.0190 | 0.9483 | 0.9484 | 0.9469 | 0.0238 | 0.9484 | 0.9107 | 0.9109
0290 | 14:49:20 |  12.0s | 1.0e-04 | 0.0194 | 0.9488 | 0.9448 | 0.9434 | 0.0218 | 0.9260 | 0.9479 | 0.9240
0291 | 14:49:42 |  12.0s | 1.0e-04 | 0.0192 | 0.9478 | 0.9498 | 0.9476 | 0.0234 | 0.9367 | 0.9372 | 0.9229
0292 | 14:50:03 |  22.0s | 1.0e-04 | 0.0206 | 0.9459 | 0.9477 | 0.9437 | 0.0238 | 0.9338 | 0.9265 | 0.9075
0293 | 14:50:35 |  12.4s | 1.0e-04 | 0.0208 | 0.9475 | 0.9496 | 0.9471 | 0.0227 | 0.9346 | 0.9382 | 0.9180
0294 | 14:50:57 |  11.9s | 1.0e-04 | 0.0208 | 0.9469 | 0.9468 | 0.9444 | 0.0233 | 0.9285 | 0.9441 | 0.9210
0295 | 14:51:18 |  11.9s | 1.0e-04 | 0.0212 | 0.9457 | 0.9474 | 0.9433 | 0.0235 | 0.9385 | 0.9315 | 0.9150
0296 | 14:51:39 |  12.0s | 1.0e-04 | 0.0207 | 0.9469 | 0.9470 | 0.9443 | 0.0242 | 0.9336 | 0.9345 | 0.9158
0297 | 14:52:01 |  11.9s | 1.0e-04 | 0.0207 | 0.9474 | 0.9477 | 0.9452 | 0.0242 | 0.9333 | 0.9335 | 0.9102
0298 | 14:52:22 |  12.1s | 1.0e-04 | 0.0215 | 0.9453 | 0.9474 | 0.9432 | 0.0229 | 0.9267 | 0.9437 | 0.9166
0299 | 14:52:44 |  12.4s | 1.0e-04 | 0.0209 | 0.9489 | 0.9473 | 0.9461 | 0.0234 | 0.9385 | 0.9307 | 0.9166
0300 | 14:53:05 |  11.9s | 1.0e-04 | 0.0203 | 0.9484 | 0.9494 | 0.9479 | 0.0233 | 0.9294 | 0.9470 | 0.9252
0301 | 14:53:27 |  12.0s | 1.0e-04 | 0.0206 | 0.9487 | 0.9493 | 0.9482 | 0.0230 | 0.9237 | 0.9482 | 0.9202
0302 | 14:53:48 |  11.9s | 1.0e-04 | 0.0213 | 0.9468 | 0.9486 | 0.9457 | 0.0227 | 0.9220 | 0.9508 | 0.9238
0303 | 14:54:10 |  12.2s | 1.0e-04 | 0.0208 | 0.9481 | 0.9497 | 0.9478 | 0.0219 | 0.9335 | 0.9416 | 0.9233
0304 | 14:54:31 |  12.0s | 1.0e-04 | 0.0208 | 0.9498 | 0.9474 | 0.9472 | 0.0227 | 0.9379 | 0.9322 | 0.9204
0305 | 14:54:53 |  12.0s | 1.0e-04 | 0.0213 | 0.9475 | 0.9482 | 0.9463 | 0.0234 | 0.9337 | 0.9375 | 0.9176
0306 | 14:55:14 |  12.0s | 1.0e-04 | 0.0209 | 0.9483 | 0.9480 | 0.9463 | 0.0243 | 0.9323 | 0.9321 | 0.9121
0307 | 14:55:36 |  11.9s | 1.0e-04 | 0.0210 | 0.9476 | 0.9481 | 0.9456 | 0.0224 | 0.9288 | 0.9406 | 0.9167
0308 | 14:55:57 |  11.9s | 1.0e-04 | 0.0211 | 0.9476 | 0.9474 | 0.9447 | 0.0230 | 0.9369 | 0.9281 | 0.9163
0309 | 14:56:18 |  12.0s | 1.0e-04 | 0.0207 | 0.9477 | 0.9475 | 0.9455 | 0.0240 | 0.9335 | 0.9381 | 0.9217
0310 | 14:56:40 |  12.0s | 1.0e-04 | 0.0211 | 0.9481 | 0.9484 | 0.9466 | 0.0214 | 0.9334 | 0.9454 | 0.9265
0311 | 14:57:01 |  12.0s | 1.0e-04 | 0.0204 | 0.9481 | 0.9497 | 0.9480 | 0.0240 | 0.9334 | 0.9420 | 0.9228
0312 | 14:57:23 |  12.0s | 1.0e-04 | 0.0207 | 0.9495 | 0.9477 | 0.9474 | 0.0224 | 0.9384 | 0.9286 | 0.9197
0313 | 14:57:44 |  28.7s | 1.0e-04 | 0.0203 | 0.9484 | 0.9511 | 0.9494 | 0.0225 | 0.9283 | 0.9437 | 0.9210
0314 | 14:58:22 |  11.9s | 1.0e-04 | 0.0202 | 0.9488 | 0.9528 | 0.9510 | 0.0231 | 0.9415 | 0.9247 | 0.9178
0315 | 14:58:44 |  11.9s | 1.0e-04 | 0.0208 | 0.9474 | 0.9494 | 0.9467 | 0.0240 | 0.9469 | 0.9220 | 0.9215
0316 | 14:59:05 |  12.1s | 1.0e-04 | 0.0204 | 0.9473 | 0.9500 | 0.9473 | 0.0222 | 0.9373 | 0.9251 | 0.9126
0317 | 14:59:27 |  12.0s | 1.0e-04 | 0.0200 | 0.9510 | 0.9508 | 0.9514 | 0.0225 | 0.9374 | 0.9314 | 0.9168
0318 | 14:59:48 |  11.9s | 1.0e-04 | 0.0203 | 0.9503 | 0.9504 | 0.9506 | 0.0241 | 0.9482 | 0.9166 | 0.9108
0319 | 15:00:09 |  12.4s | 1.0e-04 | 0.0199 | 0.9485 | 0.9510 | 0.9496 | 0.0244 | 0.9194 | 0.9511 | 0.9218
0320 | 15:00:31 |  12.1s | 1.0e-04 | 0.0202 | 0.9503 | 0.9515 | 0.9514 | 0.0234 | 0.9432 | 0.9216 | 0.9160
0321 | 15:00:53 |  11.9s | 1.0e-04 | 0.0199 | 0.9495 | 0.9524 | 0.9512 | 0.0230 | 0.9451 | 0.9237 | 0.9188
0322 | 15:01:14 |  11.8s | 1.0e-04 | 0.0203 | 0.9485 | 0.9497 | 0.9483 | 0.0224 | 0.9366 | 0.9375 | 0.9221
0323 | 15:01:35 |  11.9s | 1.0e-04 | 0.0195 | 0.9516 | 0.9515 | 0.9529 | 0.0239 | 0.9351 | 0.9333 | 0.9155
0324 | 15:01:57 |  11.8s | 1.0e-04 | 0.0201 | 0.9507 | 0.9493 | 0.9502 | 0.0240 | 0.9352 | 0.9268 | 0.9110
0325 | 15:02:18 |  12.2s | 1.0e-04 | 0.0206 | 0.9485 | 0.9508 | 0.9491 | 0.0231 | 0.9306 | 0.9450 | 0.9258
0326 | 15:02:40 |  11.9s | 1.0e-04 | 0.0204 | 0.9486 | 0.9502 | 0.9487 | 0.0237 | 0.9395 | 0.9318 | 0.9182
0327 | 15:03:01 |  11.8s | 1.0e-04 | 0.0205 | 0.9487 | 0.9506 | 0.9491 | 0.0222 | 0.9412 | 0.9328 | 0.9212
0328 | 15:03:22 |  11.8s | 1.0e-04 | 0.0206 | 0.9491 | 0.9494 | 0.9485 | 0.0221 | 0.9347 | 0.9366 | 0.9205
0329 | 15:03:44 |  11.9s | 1.0e-04 | 0.0199 | 0.9505 | 0.9516 | 0.9519 | 0.0227 | 0.9243 | 0.9447 | 0.9180
0330 | 15:04:05 |  11.9s | 1.0e-04 | 0.0205 | 0.9487 | 0.9487 | 0.9472 | 0.0231 | 0.9366 | 0.9400 | 0.9271
0331 | 15:04:26 |  12.2s | 1.0e-04 | 0.0198 | 0.9501 | 0.9521 | 0.9513 | 0.0223 | 0.9452 | 0.9349 | 0.9270
0332 | 15:04:48 |  11.9s | 1.0e-04 | 0.0200 | 0.9491 | 0.9493 | 0.9487 | 0.0238 | 0.9351 | 0.9297 | 0.9114
0333 | 15:05:09 |  11.9s | 1.0e-04 | 0.0203 | 0.9501 | 0.9505 | 0.9506 | 0.0230 | 0.9438 | 0.9286 | 0.9217
0334 | 15:05:31 |  21.8s | 1.0e-04 | 0.0196 | 0.9501 | 0.9493 | 0.9495 | 0.0233 | 0.9272 | 0.9443 | 0.9204
0335 | 15:06:02 |  12.0s | 1.0e-04 | 0.0193 | 0.9488 | 0.9495 | 0.9484 | 0.0217 | 0.9460 | 0.9265 | 0.9224
0336 | 15:06:23 |  12.0s | 1.0e-04 | 0.0200 | 0.9463 | 0.9495 | 0.9460 | 0.0245 | 0.9309 | 0.9380 | 0.9189
0337 | 15:06:45 |  12.0s | 1.0e-04 | 0.0198 | 0.9489 | 0.9477 | 0.9472 | 0.0234 | 0.9269 | 0.9420 | 0.9173
0338 | 15:07:06 |  12.0s | 1.0e-04 | 0.0192 | 0.9491 | 0.9502 | 0.9496 | 0.0228 | 0.9433 | 0.9322 | 0.9271
0339 | 15:07:28 |  11.9s | 1.0e-04 | 0.0193 | 0.9492 | 0.9481 | 0.9479 | 0.0229 | 0.9297 | 0.9424 | 0.9201
0340 | 15:07:49 |  12.0s | 1.0e-04 | 0.0195 | 0.9492 | 0.9489 | 0.9483 | 0.0236 | 0.9473 | 0.9156 | 0.9188
0341 | 15:08:11 |  12.5s | 1.0e-04 | 0.0196 | 0.9495 | 0.9454 | 0.9453 | 0.0230 | 0.9369 | 0.9230 | 0.9078
0342 | 15:08:33 |  12.4s | 1.0e-04 | 0.0198 | 0.9485 | 0.9472 | 0.9460 | 0.0239 | 0.9321 | 0.9339 | 0.9131
0343 | 15:08:54 |  12.3s | 1.0e-04 | 0.0193 | 0.9479 | 0.9497 | 0.9476 | 0.0235 | 0.9382 | 0.9385 | 0.9244
0344 | 15:09:16 |  12.0s | 1.0e-04 | 0.0193 | 0.9484 | 0.9489 | 0.9475 | 0.0228 | 0.9445 | 0.9347 | 0.9288
0345 | 15:09:38 |  11.9s | 1.0e-04 | 0.0193 | 0.9491 | 0.9500 | 0.9490 | 0.0240 | 0.9286 | 0.9440 | 0.9207
0346 | 15:09:59 |  12.0s | 1.0e-04 | 0.0198 | 0.9482 | 0.9491 | 0.9476 | 0.0226 | 0.9381 | 0.9372 | 0.9243
0347 | 15:10:20 |  11.9s | 1.0e-04 | 0.0193 | 0.9485 | 0.9498 | 0.9483 | 0.0228 | 0.9420 | 0.9301 | 0.9171
0348 | 15:10:42 |  12.0s | 1.0e-04 | 0.0190 | 0.9500 | 0.9504 | 0.9505 | 0.0230 | 0.9408 | 0.9325 | 0.9207
0349 | 15:11:03 |  11.9s | 1.0e-04 | 0.0192 | 0.9496 | 0.9494 | 0.9492 | 0.0240 | 0.9364 | 0.9283 | 0.9141
0350 | 15:11:25 |  11.9s | 1.0e-04 | 0.0189 | 0.9500 | 0.9498 | 0.9498 | 0.0228 | 0.9444 | 0.9289 | 0.9217
0351 | 15:11:46 |  12.4s | 1.0e-04 | 0.0191 | 0.9510 | 0.9477 | 0.9488 | 0.0232 | 0.9350 | 0.9374 | 0.9182
0352 | 15:12:08 |  12.0s | 1.0e-04 | 0.0194 | 0.9486 | 0.9483 | 0.9475 | 0.0238 | 0.9300 | 0.9393 | 0.9153
0353 | 15:12:29 |  12.0s | 1.0e-04 | 0.0187 | 0.9525 | 0.9495 | 0.9523 | 0.0236 | 0.9465 | 0.9150 | 0.9140
0354 | 15:12:51 |  12.0s | 1.0e-04 | 0.0192 | 0.9491 | 0.9496 | 0.9487 | 0.0233 | 0.9445 | 0.9260 | 0.9159
0355 | 15:13:12 |  25.3s | 1.0e-04 | 0.0189 | 0.9488 | 0.9499 | 0.9486 | 0.0222 | 0.9456 | 0.9203 | 0.9123
0356 | 15:13:47 |  12.2s | 1.0e-04 | 0.0191 | 0.9486 | 0.9483 | 0.9476 | 0.0240 | 0.9331 | 0.9382 | 0.9193
0357 | 15:14:09 |  12.2s | 1.0e-04 | 0.0188 | 0.9486 | 0.9506 | 0.9491 | 0.0240 | 0.9383 | 0.9305 | 0.9140
0358 | 15:14:31 |  12.3s | 1.0e-04 | 0.0191 | 0.9501 | 0.9505 | 0.9507 | 0.0220 | 0.9437 | 0.9297 | 0.9210
0359 | 15:14:52 |  12.2s | 1.0e-04 | 0.0196 | 0.9477 | 0.9486 | 0.9467 | 0.0223 | 0.9429 | 0.9247 | 0.9179
0360 | 15:15:14 |  12.2s | 1.0e-04 | 0.0193 | 0.9474 | 0.9513 | 0.9486 | 0.0237 | 0.9366 | 0.9338 | 0.9185
0361 | 15:15:36 |  12.2s | 1.0e-04 | 0.0194 | 0.9498 | 0.9498 | 0.9497 | 0.0229 | 0.9401 | 0.9325 | 0.9222
0362 | 15:15:57 |  12.3s | 1.0e-04 | 0.0194 | 0.9495 | 0.9486 | 0.9485 | 0.0233 | 0.9347 | 0.9298 | 0.9129
0363 | 15:16:19 |  12.1s | 1.0e-04 | 0.0191 | 0.9495 | 0.9500 | 0.9495 | 0.0224 | 0.9366 | 0.9334 | 0.9200
0364 | 15:16:41 |  12.3s | 1.0e-04 | 0.0195 | 0.9492 | 0.9475 | 0.9473 | 0.0223 | 0.9346 | 0.9429 | 0.9252
0365 | 15:17:02 |  12.2s | 1.0e-04 | 0.0190 | 0.9500 | 0.9489 | 0.9486 | 0.0231 | 0.9298 | 0.9408 | 0.9192
0366 | 15:17:24 |  12.2s | 1.0e-04 | 0.0188 | 0.9510 | 0.9513 | 0.9521 | 0.0231 | 0.9366 | 0.9332 | 0.9179
0367 | 15:17:46 |  12.3s | 1.0e-04 | 0.0196 | 0.9478 | 0.9481 | 0.9459 | 0.0241 | 0.9258 | 0.9435 | 0.9183
0368 | 15:18:07 |  12.2s | 1.0e-04 | 0.0196 | 0.9487 | 0.9478 | 0.9469 | 0.0249 | 0.9443 | 0.9178 | 0.9116
0369 | 15:18:29 |  12.2s | 1.0e-04 | 0.0191 | 0.9494 | 0.9501 | 0.9495 | 0.0220 | 0.9288 | 0.9480 | 0.9256
0370 | 15:18:51 |  12.5s | 1.0e-04 | 0.0192 | 0.9494 | 0.9506 | 0.9499 | 0.0239 | 0.9386 | 0.9350 | 0.9241
0371 | 15:19:12 |  12.6s | 1.0e-04 | 0.0199 | 0.9486 | 0.9466 | 0.9455 | 0.0225 | 0.9329 | 0.9379 | 0.9164
0372 | 15:19:34 |  12.2s | 1.0e-04 | 0.0199 | 0.9469 | 0.9496 | 0.9464 | 0.0231 | 0.9370 | 0.9397 | 0.9260
0373 | 15:19:56 |  12.6s | 1.0e-04 | 0.0194 | 0.9504 | 0.9497 | 0.9503 | 0.0225 | 0.9280 | 0.9532 | 0.9327
0374 | 15:20:18 |  12.4s | 1.0e-04 | 0.0188 | 0.9490 | 0.9504 | 0.9493 | 0.0236 | 0.9430 | 0.9264 | 0.9181
0375 | 15:20:40 |  12.7s | 1.0e-04 | 0.0191 | 0.9512 | 0.9500 | 0.9512 | 0.0221 | 0.9306 | 0.9357 | 0.9154
0376 | 15:21:05 |  12.3s | 1.0e-04 | 0.0199 | 0.9511 | 0.9525 | 0.9532 | 0.0245 | 0.9318 | 0.9363 | 0.9134
0377 | 15:21:27 |  11.9s | 1.0e-04 | 0.0199 | 0.9507 | 0.9520 | 0.9526 | 0.0235 | 0.9218 | 0.9472 | 0.9179
0378 | 15:21:48 |  11.9s | 1.0e-04 | 0.0199 | 0.9500 | 0.9535 | 0.9527 | 0.0222 | 0.9276 | 0.9409 | 0.9160
0379 | 15:22:10 |  11.9s | 1.0e-04 | 0.0197 | 0.9516 | 0.9536 | 0.9548 | 0.0232 | 0.9342 | 0.9357 | 0.9194
0380 | 15:22:31 |  12.6s | 1.0e-04 | 0.0195 | 0.9510 | 0.9537 | 0.9544 | 0.0213 | 0.9306 | 0.9483 | 0.9292
0381 | 15:22:53 |  11.9s | 1.0e-04 | 0.0195 | 0.9520 | 0.9529 | 0.9543 | 0.0232 | 0.9345 | 0.9327 | 0.9138
0382 | 15:23:14 |  12.0s | 1.0e-04 | 0.0201 | 0.9508 | 0.9523 | 0.9527 | 0.0214 | 0.9289 | 0.9400 | 0.9177
0383 | 15:23:36 |  11.9s | 1.0e-04 | 0.0196 | 0.9515 | 0.9533 | 0.9544 | 0.0225 | 0.9201 | 0.9543 | 0.9244
0384 | 15:23:57 |  12.2s | 1.0e-04 | 0.0193 | 0.9515 | 0.9549 | 0.9553 | 0.0224 | 0.9233 | 0.9455 | 0.9180
0385 | 15:24:19 |  12.1s | 1.0e-04 | 0.0193 | 0.9524 | 0.9557 | 0.9568 | 0.0230 | 0.9361 | 0.9348 | 0.9199
0386 | 15:24:40 |  12.0s | 1.0e-04 | 0.0192 | 0.9540 | 0.9550 | 0.9578 | 0.0243 | 0.9200 | 0.9422 | 0.9117
0387 | 15:25:02 |  12.7s | 1.0e-04 | 0.0198 | 0.9522 | 0.9533 | 0.9551 | 0.0236 | 0.9513 | 0.9199 | 0.9208
0388 | 15:25:24 |  11.9s | 1.0e-04 | 0.0195 | 0.9519 | 0.9537 | 0.9558 | 0.0227 | 0.9382 | 0.9349 | 0.9210
0389 | 15:25:45 |  11.9s | 1.0e-04 | 0.0201 | 0.9504 | 0.9516 | 0.9513 | 0.0236 | 0.9484 | 0.9120 | 0.9144
0390 | 15:26:07 |  11.9s | 1.0e-04 | 0.0195 | 0.9518 | 0.9549 | 0.9550 | 0.0230 | 0.9403 | 0.9265 | 0.9163
0391 | 15:26:28 |  11.9s | 1.0e-04 | 0.0195 | 0.9522 | 0.9531 | 0.9548 | 0.0235 | 0.9469 | 0.9259 | 0.9176
0392 | 15:26:49 |  12.0s | 1.0e-04 | 0.0196 | 0.9514 | 0.9530 | 0.9539 | 0.0231 | 0.9333 | 0.9382 | 0.9194
0393 | 15:27:11 |  12.2s | 1.0e-04 | 0.0196 | 0.9510 | 0.9529 | 0.9534 | 0.0227 | 0.9453 | 0.9271 | 0.9247
0394 | 15:27:32 |  12.3s | 1.0e-04 | 0.0197 | 0.9513 | 0.9512 | 0.9522 | 0.0238 | 0.9304 | 0.9457 | 0.9251
0395 | 15:27:54 |  12.3s | 1.0e-04 | 0.0196 | 0.9523 | 0.9534 | 0.9551 | 0.0228 | 0.9521 | 0.9165 | 0.9214
0396 | 15:28:16 |  21.1s | 1.0e-04 | 0.0198 | 0.9515 | 0.9530 | 0.9540 | 0.0219 | 0.9352 | 0.9386 | 0.9217
0397 | 15:28:46 |  12.4s | 1.0e-04 | 0.0198 | 0.9499 | 0.9515 | 0.9514 | 0.0227 | 0.9289 | 0.9420 | 0.9152
0398 | 15:29:08 |  12.2s | 1.0e-04 | 0.0201 | 0.9498 | 0.9513 | 0.9512 | 0.0228 | 0.9307 | 0.9372 | 0.9129
0399 | 15:29:30 |  12.0s | 1.0e-04 | 0.0199 | 0.9503 | 0.9523 | 0.9527 | 0.0228 | 0.9344 | 0.9402 | 0.9247
0400 | 15:29:51 |  12.3s | 1.0e-04 | 0.0197 | 0.9497 | 0.9508 | 0.9505 | 0.0235 | 0.9382 | 0.9294 | 0.9143
0401 | 15:30:13 |  12.0s | 1.0e-04 | 0.0199 | 0.9494 | 0.9518 | 0.9508 | 0.0232 | 0.9228 | 0.9485 | 0.9202
0402 | 15:30:34 |  11.9s | 1.0e-04 | 0.0198 | 0.9489 | 0.9502 | 0.9491 | 0.0241 | 0.9242 | 0.9368 | 0.9081
0403 | 15:30:56 |  12.3s | 1.0e-04 | 0.0193 | 0.9515 | 0.9521 | 0.9535 | 0.0229 | 0.9420 | 0.9299 | 0.9214
0404 | 15:31:17 |  12.0s | 1.0e-04 | 0.0197 | 0.9494 | 0.9505 | 0.9499 | 0.0224 | 0.9318 | 0.9392 | 0.9197
0405 | 15:31:39 |  12.0s | 1.0e-04 | 0.0195 | 0.9515 | 0.9501 | 0.9516 | 0.0237 | 0.9344 | 0.9352 | 0.9164
0406 | 15:32:00 |  12.0s | 1.0e-04 | 0.0197 | 0.9506 | 0.9509 | 0.9518 | 0.0222 | 0.9399 | 0.9340 | 0.9237
0407 | 15:32:21 |  12.0s | 1.0e-04 | 0.0199 | 0.9486 | 0.9513 | 0.9495 | 0.0216 | 0.9399 | 0.9387 | 0.9290
0408 | 15:32:43 |  12.1s | 1.0e-04 | 0.0197 | 0.9487 | 0.9515 | 0.9498 | 0.0209 | 0.9420 | 0.9437 | 0.9340
0409 | 15:33:05 |  12.0s | 1.0e-04 | 0.0196 | 0.9513 | 0.9507 | 0.9520 | 0.0221 | 0.9342 | 0.9438 | 0.9259
0410 | 15:33:26 |  12.0s | 1.0e-04 | 0.0196 | 0.9488 | 0.9520 | 0.9503 | 0.0220 | 0.9301 | 0.9476 | 0.9277
0411 | 15:33:47 |  12.1s | 1.0e-04 | 0.0197 | 0.9517 | 0.9509 | 0.9527 | 0.0228 | 0.9367 | 0.9393 | 0.9222
0412 | 15:34:09 |  12.1s | 1.0e-04 | 0.0197 | 0.9498 | 0.9510 | 0.9506 | 0.0220 | 0.9370 | 0.9395 | 0.9269
0413 | 15:34:31 |  12.4s | 1.0e-04 | 0.0188 | 0.9517 | 0.9522 | 0.9537 | 0.0225 | 0.9538 | 0.9132 | 0.9241
0414 | 15:34:53 |  12.0s | 1.0e-04 | 0.0200 | 0.9491 | 0.9505 | 0.9497 | 0.0233 | 0.9343 | 0.9384 | 0.9205
0415 | 15:35:14 |  12.0s | 1.0e-04 | 0.0195 | 0.9511 | 0.9516 | 0.9522 | 0.0223 | 0.9343 | 0.9404 | 0.9267
0416 | 15:35:35 |  11.9s | 1.0e-04 | 0.0194 | 0.9508 | 0.9521 | 0.9526 | 0.0227 | 0.9373 | 0.9331 | 0.9196
0417 | 15:35:57 |  26.1s | 1.0e-04 | 0.0197 | 0.9509 | 0.9523 | 0.9528 | 0.0228 | 0.9349 | 0.9414 | 0.9258
0418 | 15:36:32 |  11.7s | 1.0e-04 | 0.0187 | 0.9529 | 0.9543 | 0.9563 | 0.0229 | 0.9416 | 0.9286 | 0.9214
0419 | 15:36:53 |  12.6s | 1.0e-04 | 0.0194 | 0.9502 | 0.9541 | 0.9532 | 0.0227 | 0.9297 | 0.9453 | 0.9230
0420 | 15:37:15 |  11.9s | 1.0e-04 | 0.0192 | 0.9530 | 0.9526 | 0.9554 | 0.0233 | 0.9287 | 0.9464 | 0.9234
0421 | 15:37:37 |  11.7s | 1.0e-04 | 0.0186 | 0.9533 | 0.9556 | 0.9579 | 0.0232 | 0.9308 | 0.9495 | 0.9303
0422 | 15:37:58 |  11.7s | 1.0e-04 | 0.0192 | 0.9523 | 0.9535 | 0.9551 | 0.0231 | 0.9382 | 0.9428 | 0.9314
0423 | 15:38:19 |  11.7s | 1.0e-04 | 0.0188 | 0.9534 | 0.9539 | 0.9562 | 0.0228 | 0.9359 | 0.9419 | 0.9276
0424 | 15:38:40 |  12.0s | 1.0e-04 | 0.0190 | 0.9514 | 0.9525 | 0.9536 | 0.0230 | 0.9373 | 0.9338 | 0.9213
0425 | 15:39:01 |  11.8s | 1.0e-04 | 0.0193 | 0.9520 | 0.9521 | 0.9539 | 0.0237 | 0.9282 | 0.9413 | 0.9174
0426 | 15:39:23 |  11.9s | 1.0e-04 | 0.0192 | 0.9505 | 0.9550 | 0.9548 | 0.0233 | 0.9327 | 0.9413 | 0.9240
0427 | 15:39:44 |  11.8s | 1.0e-04 | 0.0187 | 0.9524 | 0.9542 | 0.9561 | 0.0238 | 0.9399 | 0.9343 | 0.9251
0428 | 15:40:05 |  11.8s | 1.0e-04 | 0.0195 | 0.9507 | 0.9537 | 0.9542 | 0.0224 | 0.9480 | 0.9244 | 0.9244
0429 | 15:40:26 |  11.9s | 1.0e-04 | 0.0192 | 0.9510 | 0.9534 | 0.9541 | 0.0233 | 0.9367 | 0.9340 | 0.9205
0430 | 15:40:47 |  12.3s | 1.0e-04 | 0.0191 | 0.9519 | 0.9552 | 0.9575 | 0.0230 | 0.9239 | 0.9472 | 0.9188
0431 | 15:41:09 |  11.8s | 1.0e-04 | 0.0189 | 0.9521 | 0.9542 | 0.9559 | 0.0228 | 0.9438 | 0.9264 | 0.9195
0432 | 15:41:30 |  11.8s | 1.0e-04 | 0.0190 | 0.9523 | 0.9532 | 0.9551 | 0.0221 | 0.9347 | 0.9388 | 0.9210
0433 | 15:41:52 |  12.3s | 1.0e-04 | 0.0189 | 0.9525 | 0.9536 | 0.9556 | 0.0212 | 0.9334 | 0.9424 | 0.9253
0434 | 15:42:13 |  11.8s | 1.0e-04 | 0.0192 | 0.9533 | 0.9544 | 0.9564 | 0.0227 | 0.9388 | 0.9307 | 0.9193
0435 | 15:42:35 |  11.7s | 1.0e-04 | 0.0192 | 0.9531 | 0.9535 | 0.9561 | 0.0229 | 0.9372 | 0.9374 | 0.9240
0436 | 15:42:56 |  11.8s | 1.0e-04 | 0.0193 | 0.9515 | 0.9533 | 0.9544 | 0.0221 | 0.9439 | 0.9368 | 0.9321
0437 | 15:43:18 |  11.8s | 1.0e-04 | 0.0189 | 0.9528 | 0.9544 | 0.9571 | 0.0233 | 0.9292 | 0.9479 | 0.9267
0438 | 15:43:39 |  21.3s | 1.0e-04 | 0.0185 | 0.9519 | 0.9544 | 0.9556 | 0.0217 | 0.9356 | 0.9372 | 0.9201
0439 | 15:44:10 |  12.3s | 1.0e-04 | 0.0190 | 0.9497 | 0.9488 | 0.9486 | 0.0220 | 0.9406 | 0.9364 | 0.9248
0440 | 15:44:31 |  12.2s | 1.0e-04 | 0.0181 | 0.9514 | 0.9531 | 0.9542 | 0.0226 | 0.9283 | 0.9504 | 0.9292
0441 | 15:44:53 |  12.3s | 1.0e-04 | 0.0189 | 0.9493 | 0.9508 | 0.9497 | 0.0233 | 0.9294 | 0.9403 | 0.9192
0442 | 15:45:15 |  12.5s | 1.0e-04 | 0.0182 | 0.9530 | 0.9520 | 0.9545 | 0.0226 | 0.9345 | 0.9391 | 0.9178
0443 | 15:45:37 |  12.2s | 1.0e-04 | 0.0186 | 0.9500 | 0.9512 | 0.9510 | 0.0225 | 0.9269 | 0.9461 | 0.9226
0444 | 15:45:59 |  12.3s | 1.0e-04 | 0.0193 | 0.9487 | 0.9503 | 0.9489 | 0.0223 | 0.9378 | 0.9349 | 0.9195
0445 | 15:46:20 |  12.4s | 1.0e-04 | 0.0187 | 0.9497 | 0.9515 | 0.9513 | 0.0236 | 0.9378 | 0.9345 | 0.9218
0446 | 15:46:43 |  12.2s | 1.0e-04 | 0.0188 | 0.9500 | 0.9495 | 0.9497 | 0.0225 | 0.9505 | 0.9182 | 0.9215
0447 | 15:47:05 |  12.3s | 1.0e-04 | 0.0188 | 0.9488 | 0.9489 | 0.9480 | 0.0218 | 0.9346 | 0.9413 | 0.9271
0448 | 15:47:27 |  12.9s | 1.0e-04 | 0.0184 | 0.9507 | 0.9513 | 0.9521 | 0.0233 | 0.9207 | 0.9486 | 0.9177
0449 | 15:47:49 |  12.4s | 1.0e-04 | 0.0191 | 0.9521 | 0.9490 | 0.9512 | 0.0224 | 0.9311 | 0.9491 | 0.9302
0450 | 15:48:11 |  12.3s | 1.0e-04 | 0.0186 | 0.9492 | 0.9500 | 0.9492 | 0.0240 | 0.9196 | 0.9482 | 0.9175
0451 | 15:48:33 |  12.4s | 1.0e-04 | 0.0190 | 0.9478 | 0.9516 | 0.9497 | 0.0229 | 0.9346 | 0.9426 | 0.9267
0452 | 15:48:55 |  12.9s | 1.0e-04 | 0.0186 | 0.9508 | 0.9507 | 0.9513 | 0.0226 | 0.9455 | 0.9311 | 0.9292
0453 | 15:49:18 |  13.1s | 1.0e-04 | 0.0188 | 0.9506 | 0.9516 | 0.9518 | 0.0226 | 0.9342 | 0.9413 | 0.9262
0454 | 15:49:40 |  12.7s | 1.0e-04 | 0.0178 | 0.9532 | 0.9536 | 0.9563 | 0.0231 | 0.9397 | 0.9371 | 0.9257
0455 | 15:50:03 |  20.6s | 1.0e-04 | 0.0189 | 0.9494 | 0.9495 | 0.9489 | 0.0220 | 0.9433 | 0.9283 | 0.9190
0456 | 15:50:33 |  12.3s | 1.0e-04 | 0.0190 | 0.9506 | 0.9489 | 0.9495 | 0.0221 | 0.9405 | 0.9368 | 0.9272
0457 | 15:50:55 |  12.7s | 1.0e-04 | 0.0192 | 0.9496 | 0.9495 | 0.9493 | 0.0226 | 0.9378 | 0.9328 | 0.9189
0458 | 15:51:18 |  12.8s | 1.0e-04 | 0.0189 | 0.9488 | 0.9505 | 0.9491 | 0.0228 | 0.9352 | 0.9423 | 0.9248
0459 | 15:51:41 |  21.2s | 1.0e-04 | 0.0194 | 0.9489 | 0.9505 | 0.9492 | 0.0224 | 0.9361 | 0.9416 | 0.9260
0460 | 15:52:12 |  12.0s | 1.0e-04 | 0.0197 | 0.9514 | 0.9512 | 0.9520 | 0.0222 | 0.9468 | 0.9252 | 0.9223
0461 | 15:52:33 |  11.9s | 1.0e-04 | 0.0197 | 0.9502 | 0.9504 | 0.9505 | 0.0214 | 0.9450 | 0.9353 | 0.9307
0462 | 15:52:55 |  12.0s | 1.0e-04 | 0.0199 | 0.9495 | 0.9504 | 0.9500 | 0.0218 | 0.9402 | 0.9328 | 0.9255
0463 | 15:53:17 |  12.0s | 1.0e-04 | 0.0195 | 0.9502 | 0.9520 | 0.9521 | 0.0230 | 0.9316 | 0.9383 | 0.9161
0464 | 15:53:39 |  12.0s | 1.0e-04 | 0.0196 | 0.9495 | 0.9514 | 0.9509 | 0.0236 | 0.9225 | 0.9541 | 0.9278
0465 | 15:54:00 |  11.9s | 1.0e-04 | 0.0198 | 0.9505 | 0.9511 | 0.9514 | 0.0223 | 0.9360 | 0.9364 | 0.9209
0466 | 15:54:22 |  12.2s | 1.0e-04 | 0.0191 | 0.9503 | 0.9532 | 0.9530 | 0.0227 | 0.9399 | 0.9303 | 0.9246
0467 | 15:54:44 |  12.0s | 1.0e-04 | 0.0191 | 0.9511 | 0.9503 | 0.9513 | 0.0229 | 0.9321 | 0.9405 | 0.9221
0468 | 15:55:06 |  12.3s | 1.0e-04 | 0.0201 | 0.9485 | 0.9519 | 0.9503 | 0.0220 | 0.9405 | 0.9347 | 0.9244
0469 | 15:55:28 |  12.0s | 1.0e-04 | 0.0197 | 0.9493 | 0.9501 | 0.9494 | 0.0211 | 0.9289 | 0.9554 | 0.9352
0470 | 15:55:50 |  11.9s | 1.0e-04 | 0.0197 | 0.9491 | 0.9517 | 0.9508 | 0.0225 | 0.9356 | 0.9349 | 0.9193
0471 | 15:56:11 |  11.9s | 1.0e-04 | 0.0195 | 0.9497 | 0.9490 | 0.9491 | 0.0226 | 0.9390 | 0.9254 | 0.9132
0472 | 15:56:33 |  11.9s | 1.0e-04 | 0.0199 | 0.9491 | 0.9505 | 0.9496 | 0.0224 | 0.9496 | 0.9260 | 0.9249
0473 | 15:56:55 |  11.9s | 1.0e-04 | 0.0201 | 0.9484 | 0.9502 | 0.9484 | 0.0217 | 0.9394 | 0.9400 | 0.9252
0474 | 15:57:16 |  12.0s | 1.0e-04 | 0.0203 | 0.9487 | 0.9516 | 0.9502 | 0.0226 | 0.9321 | 0.9422 | 0.9234
0475 | 15:57:38 |  12.2s | 1.0e-04 | 0.0198 | 0.9493 | 0.9516 | 0.9508 | 0.0217 | 0.9359 | 0.9412 | 0.9265
0476 | 15:58:00 |  11.9s | 1.0e-04 | 0.0188 | 0.9516 | 0.9525 | 0.9535 | 0.0226 | 0.9399 | 0.9364 | 0.9253
0477 | 15:58:22 |  12.3s | 1.0e-04 | 0.0191 | 0.9515 | 0.9548 | 0.9560 | 0.0203 | 0.9453 | 0.9419 | 0.9363
0478 | 15:58:44 |  12.4s | 1.0e-04 | 0.0189 | 0.9525 | 0.9541 | 0.9559 | 0.0212 | 0.9534 | 0.9215 | 0.9288
0479 | 15:59:06 |  11.8s | 1.0e-04 | 0.0192 | 0.9514 | 0.9515 | 0.9529 | 0.0218 | 0.9368 | 0.9314 | 0.9159
0480 | 15:59:28 |  22.3s | 1.0e-04 | 0.0191 | 0.9517 | 0.9535 | 0.9542 | 0.0226 | 0.9422 | 0.9366 | 0.9280
0481 | 16:00:00 |  12.0s | 1.0e-04 | 0.0187 | 0.9522 | 0.9520 | 0.9540 | 0.0219 | 0.9424 | 0.9330 | 0.9261
0482 | 16:00:22 |  13.4s | 1.0e-04 | 0.0186 | 0.9516 | 0.9539 | 0.9547 | 0.0212 | 0.9461 | 0.9346 | 0.9306
0483 | 16:00:45 |  11.9s | 1.0e-04 | 0.0188 | 0.9509 | 0.9533 | 0.9539 | 0.0225 | 0.9300 | 0.9465 | 0.9256
0484 | 16:01:07 |  12.0s | 1.0e-04 | 0.0190 | 0.9499 | 0.9522 | 0.9520 | 0.0216 | 0.9383 | 0.9448 | 0.9319
0485 | 16:01:28 |  12.2s | 1.0e-04 | 0.0187 | 0.9515 | 0.9527 | 0.9535 | 0.0221 | 0.9402 | 0.9395 | 0.9297
0486 | 16:01:50 |  12.1s | 1.0e-04 | 0.0192 | 0.9509 | 0.9536 | 0.9536 | 0.0232 | 0.9386 | 0.9342 | 0.9248
0487 | 16:02:12 |  12.2s | 1.0e-04 | 0.0191 | 0.9521 | 0.9522 | 0.9540 | 0.0214 | 0.9275 | 0.9448 | 0.9209
0488 | 16:02:34 |  11.9s | 1.0e-04 | 0.0189 | 0.9522 | 0.9531 | 0.9551 | 0.0225 | 0.9400 | 0.9345 | 0.9220
0489 | 16:02:56 |  12.5s | 1.0e-04 | 0.0190 | 0.9520 | 0.9537 | 0.9551 | 0.0223 | 0.9375 | 0.9405 | 0.9252
0490 | 16:03:18 |  12.3s | 1.0e-04 | 0.0183 | 0.9529 | 0.9549 | 0.9566 | 0.0211 | 0.9408 | 0.9397 | 0.9313
0491 | 16:03:40 |  12.3s | 1.0e-04 | 0.0189 | 0.9507 | 0.9542 | 0.9540 | 0.0221 | 0.9333 | 0.9418 | 0.9231
0492 | 16:04:02 |  11.9s | 1.0e-04 | 0.0180 | 0.9526 | 0.9559 | 0.9575 | 0.0216 | 0.9495 | 0.9339 | 0.9335
0493 | 16:04:24 |  12.3s | 1.0e-04 | 0.0186 | 0.9527 | 0.9546 | 0.9563 | 0.0215 | 0.9428 | 0.9433 | 0.9335
0494 | 16:04:46 |  11.9s | 1.0e-04 | 0.0188 | 0.9516 | 0.9543 | 0.9554 | 0.0211 | 0.9454 | 0.9313 | 0.9261
0495 | 16:05:07 |  12.0s | 1.0e-04 | 0.0185 | 0.9535 | 0.9533 | 0.9567 | 0.0221 | 0.9447 | 0.9267 | 0.9243
0496 | 16:05:29 |  20.3s | 1.0e-04 | 0.0185 | 0.9507 | 0.9530 | 0.9530 | 0.0222 | 0.9491 | 0.9315 | 0.9304
0497 | 16:05:59 |  12.3s | 1.0e-04 | 0.0177 | 0.9534 | 0.9543 | 0.9573 | 0.0230 | 0.9382 | 0.9385 | 0.9234
0498 | 16:06:21 |  11.9s | 1.0e-04 | 0.0185 | 0.9531 | 0.9542 | 0.9564 | 0.0219 | 0.9327 | 0.9438 | 0.9260
0499 | 16:06:43 |  12.2s | 1.0e-04 | 0.0182 | 0.9522 | 0.9549 | 0.9563 | 0.0215 | 0.9445 | 0.9323 | 0.9289
0500 | 16:07:05 |  12.1s | 1.0e-04 | 0.0181 | 0.9536 | 0.9539 | 0.9569 | 0.0222 | 0.9432 | 0.9347 | 0.9243
0501 | 16:07:27 |  14.2s | 1.0e-04 | 0.0186 | 0.9509 | 0.9536 | 0.9536 | 0.0219 | 0.9442 | 0.9394 | 0.9329
0502 | 16:07:51 |  12.3s | 1.0e-04 | 0.0190 | 0.9506 | 0.9529 | 0.9532 | 0.0234 | 0.9215 | 0.9521 | 0.9249
0503 | 16:08:13 |  12.6s | 1.0e-04 | 0.0186 | 0.9510 | 0.9527 | 0.9537 | 0.0227 | 0.9396 | 0.9388 | 0.9259
0504 | 16:08:36 |  12.3s | 1.0e-04 | 0.0184 | 0.9517 | 0.9533 | 0.9547 | 0.0238 | 0.9273 | 0.9467 | 0.9236
0505 | 16:08:58 |  12.6s | 1.0e-04 | 0.0192 | 0.9504 | 0.9510 | 0.9512 | 0.0218 | 0.9368 | 0.9422 | 0.9280
0506 | 16:09:20 |  12.1s | 1.0e-04 | 0.0186 | 0.9524 | 0.9517 | 0.9537 | 0.0213 | 0.9387 | 0.9395 | 0.9250
0507 | 16:09:42 |  12.4s | 1.0e-04 | 0.0186 | 0.9513 | 0.9522 | 0.9531 | 0.0216 | 0.9348 | 0.9378 | 0.9213
0508 | 16:10:04 |  12.4s | 1.0e-04 | 0.0184 | 0.9517 | 0.9528 | 0.9537 | 0.0216 | 0.9453 | 0.9312 | 0.9271
0509 | 16:10:26 |  12.1s | 1.0e-04 | 0.0183 | 0.9522 | 0.9509 | 0.9528 | 0.0213 | 0.9421 | 0.9363 | 0.9289
0510 | 16:10:48 |  12.6s | 1.0e-04 | 0.0183 | 0.9515 | 0.9515 | 0.9530 | 0.0227 | 0.9360 | 0.9375 | 0.9239
0511 | 16:11:11 |  12.1s | 1.0e-04 | 0.0181 | 0.9516 | 0.9526 | 0.9543 | 0.0223 | 0.9424 | 0.9348 | 0.9278
0512 | 16:11:32 |  12.1s | 1.0e-04 | 0.0184 | 0.9515 | 0.9533 | 0.9542 | 0.0225 | 0.9281 | 0.9510 | 0.9302
0513 | 16:11:54 |  12.1s | 1.0e-04 | 0.0182 | 0.9515 | 0.9516 | 0.9528 | 0.0225 | 0.9411 | 0.9336 | 0.9262
0514 | 16:12:16 |  12.2s | 1.0e-04 | 0.0187 | 0.9509 | 0.9536 | 0.9543 | 0.0237 | 0.9168 | 0.9552 | 0.9255
0515 | 16:12:38 |  12.1s | 1.0e-04 | 0.0185 | 0.9513 | 0.9505 | 0.9518 | 0.0201 | 0.9407 | 0.9391 | 0.9307
0516 | 16:13:00 |  12.2s | 1.0e-04 | 0.0185 | 0.9516 | 0.9517 | 0.9529 | 0.0222 | 0.9353 | 0.9457 | 0.9288
0517 | 16:13:22 |  21.7s | 1.0e-04 | 0.0184 | 0.9524 | 0.9536 | 0.9554 | 0.0220 | 0.9438 | 0.9276 | 0.9206
0518 | 16:13:53 |  12.0s | 1.0e-04 | 0.0192 | 0.9517 | 0.9528 | 0.9546 | 0.0211 | 0.9402 | 0.9391 | 0.9254
0519 | 16:14:15 |  11.9s | 1.0e-04 | 0.0188 | 0.9499 | 0.9533 | 0.9529 | 0.0231 | 0.9239 | 0.9484 | 0.9221
0520 | 16:14:37 |  12.0s | 1.0e-04 | 0.0194 | 0.9505 | 0.9516 | 0.9517 | 0.0207 | 0.9335 | 0.9406 | 0.9209
0521 | 16:14:58 |  21.8s | 1.0e-04 | 0.0193 | 0.9496 | 0.9515 | 0.9510 | 0.0219 | 0.9414 | 0.9329 | 0.9209
0522 | 16:15:30 |  12.0s | 1.0e-04 | 0.0187 | 0.9524 | 0.9549 | 0.9569 | 0.0232 | 0.9382 | 0.9330 | 0.9177
0523 | 16:15:52 |  11.9s | 1.0e-04 | 0.0188 | 0.9525 | 0.9523 | 0.9546 | 0.0222 | 0.9421 | 0.9325 | 0.9223
0524 | 16:16:13 |  12.3s | 1.0e-04 | 0.0186 | 0.9535 | 0.9563 | 0.9586 | 0.0216 | 0.9244 | 0.9540 | 0.9301
0525 | 16:16:35 |  12.0s | 1.0e-04 | 0.0189 | 0.9518 | 0.9542 | 0.9556 | 0.0232 | 0.9320 | 0.9436 | 0.9253
0526 | 16:16:57 |  12.3s | 1.0e-04 | 0.0192 | 0.9509 | 0.9540 | 0.9545 | 0.0222 | 0.9413 | 0.9433 | 0.9349
0527 | 16:17:19 |  12.4s | 1.0e-04 | 0.0188 | 0.9510 | 0.9539 | 0.9546 | 0.0220 | 0.9453 | 0.9292 | 0.9253
0528 | 16:17:41 |  12.2s | 1.0e-04 | 0.0190 | 0.9535 | 0.9528 | 0.9557 | 0.0223 | 0.9386 | 0.9355 | 0.9231
0529 | 16:18:03 |  12.1s | 1.0e-04 | 0.0189 | 0.9531 | 0.9547 | 0.9568 | 0.0231 | 0.9420 | 0.9292 | 0.9215
0530 | 16:18:25 |  12.0s | 1.0e-04 | 0.0187 | 0.9521 | 0.9563 | 0.9573 | 0.0220 | 0.9420 | 0.9323 | 0.9252
0531 | 16:18:46 |  12.2s | 1.0e-04 | 0.0193 | 0.9505 | 0.9542 | 0.9541 | 0.0234 | 0.9369 | 0.9352 | 0.9193
0532 | 16:19:08 |  12.3s | 1.0e-04 | 0.0185 | 0.9533 | 0.9563 | 0.9582 | 0.0218 | 0.9444 | 0.9316 | 0.9284
0533 | 16:19:30 |  12.5s | 1.0e-04 | 0.0193 | 0.9511 | 0.9533 | 0.9537 | 0.0226 | 0.9380 | 0.9383 | 0.9255
0534 | 16:19:52 |  12.0s | 1.0e-04 | 0.0188 | 0.9546 | 0.9538 | 0.9576 | 0.0228 | 0.9206 | 0.9535 | 0.9265
0535 | 16:20:13 |  12.1s | 1.0e-04 | 0.0192 | 0.9530 | 0.9554 | 0.9571 | 0.0227 | 0.9361 | 0.9408 | 0.9281
0536 | 16:20:35 |  12.0s | 1.0e-04 | 0.0194 | 0.9520 | 0.9552 | 0.9563 | 0.0232 | 0.9311 | 0.9421 | 0.9221
0537 | 16:20:56 |  12.8s | 1.0e-04 | 0.0192 | 0.9524 | 0.9528 | 0.9546 | 0.0221 | 0.9435 | 0.9301 | 0.9251
0538 | 16:21:19 |  19.9s | 1.0e-04 | 0.0186 | 0.9537 | 0.9548 | 0.9574 | 0.0219 | 0.9374 | 0.9427 | 0.9301
0539 | 16:21:48 |  12.1s | 1.0e-04 | 0.0180 | 0.9535 | 0.9554 | 0.9574 | 0.0226 | 0.9349 | 0.9386 | 0.9217
0540 | 16:22:10 |  12.2s | 1.0e-04 | 0.0179 | 0.9546 | 0.9567 | 0.9595 | 0.0218 | 0.9353 | 0.9403 | 0.9236
0541 | 16:22:32 |  20.1s | 1.0e-04 | 0.0184 | 0.9527 | 0.9541 | 0.9555 | 0.0212 | 0.9410 | 0.9336 | 0.9219
0542 | 16:23:01 |  21.0s | 1.0e-04 | 0.0180 | 0.9543 | 0.9551 | 0.9584 | 0.0222 | 0.9400 | 0.9384 | 0.9260
0543 | 16:23:32 |  12.3s | 1.0e-04 | 0.0186 | 0.9536 | 0.9542 | 0.9575 | 0.0213 | 0.9273 | 0.9472 | 0.9240
0544 | 16:23:54 |  12.2s | 1.0e-04 | 0.0182 | 0.9525 | 0.9546 | 0.9564 | 0.0217 | 0.9287 | 0.9487 | 0.9266
0545 | 16:24:15 |  12.4s | 1.0e-04 | 0.0183 | 0.9521 | 0.9544 | 0.9555 | 0.0231 | 0.9327 | 0.9383 | 0.9195
0546 | 16:24:37 |  12.3s | 1.0e-04 | 0.0184 | 0.9535 | 0.9540 | 0.9572 | 0.0218 | 0.9357 | 0.9374 | 0.9209
0547 | 16:24:59 |  12.3s | 1.0e-04 | 0.0181 | 0.9530 | 0.9562 | 0.9575 | 0.0218 | 0.9304 | 0.9487 | 0.9286
0548 | 16:25:21 |  12.2s | 1.0e-04 | 0.0181 | 0.9525 | 0.9541 | 0.9558 | 0.0225 | 0.9332 | 0.9417 | 0.9214
0549 | 16:25:43 |  12.2s | 1.0e-04 | 0.0184 | 0.9517 | 0.9551 | 0.9562 | 0.0219 | 0.9426 | 0.9314 | 0.9203
0550 | 16:26:05 |  12.3s | 1.0e-04 | 0.0179 | 0.9541 | 0.9553 | 0.9583 | 0.0205 | 0.9425 | 0.9348 | 0.9313
0551 | 16:26:27 |  12.6s | 1.0e-04 | 0.0185 | 0.9531 | 0.9557 | 0.9577 | 0.0216 | 0.9410 | 0.9363 | 0.9250
0552 | 16:26:49 |  12.4s | 1.0e-04 | 0.0180 | 0.9542 | 0.9559 | 0.9590 | 0.0211 | 0.9465 | 0.9296 | 0.9240
0553 | 16:27:11 |  12.6s | 1.0e-04 | 0.0183 | 0.9534 | 0.9540 | 0.9565 | 0.0219 | 0.9321 | 0.9433 | 0.9244
0554 | 16:27:33 |  12.2s | 1.0e-04 | 0.0184 | 0.9515 | 0.9553 | 0.9558 | 0.0229 | 0.9283 | 0.9449 | 0.9223
0555 | 16:27:55 |  12.3s | 1.0e-04 | 0.0179 | 0.9524 | 0.9544 | 0.9564 | 0.0235 | 0.9289 | 0.9425 | 0.9200
0556 | 16:28:17 |  12.5s | 1.0e-04 | 0.0186 | 0.9535 | 0.9533 | 0.9567 | 0.0231 | 0.9297 | 0.9368 | 0.9141
0557 | 16:28:39 |  12.3s | 1.0e-04 | 0.0181 | 0.9537 | 0.9544 | 0.9575 | 0.0222 | 0.9398 | 0.9392 | 0.9266
0558 | 16:29:00 |  12.4s | 1.0e-04 | 0.0185 | 0.9534 | 0.9528 | 0.9560 | 0.0221 | 0.9375 | 0.9402 | 0.9269
0559 | 16:29:22 |  20.3s | 1.0e-04 | 0.0181 | 0.9529 | 0.9548 | 0.9565 | 0.0227 | 0.9278 | 0.9459 | 0.9234
0560 | 16:29:52 |  12.5s | 1.0e-04 | 0.0180 | 0.9531 | 0.9545 | 0.9566 | 0.0226 | 0.9323 | 0.9412 | 0.9242
0561 | 16:30:14 |  12.5s | 1.0e-04 | 0.0183 | 0.9525 | 0.9555 | 0.9579 | 0.0218 | 0.9492 | 0.9328 | 0.9318
0562 | 16:30:36 |  20.6s | 1.0e-04 | 0.0182 | 0.9517 | 0.9535 | 0.9549 | 0.0223 | 0.9395 | 0.9377 | 0.9211
0563 | 16:31:06 |  20.9s | 1.0e-04 | 0.0185 | 0.9524 | 0.9533 | 0.9557 | 0.0226 | 0.9398 | 0.9340 | 0.9229
0564 | 16:31:37 |  12.1s | 1.0e-04 | 0.0180 | 0.9528 | 0.9534 | 0.9554 | 0.0226 | 0.9400 | 0.9396 | 0.9250
0565 | 16:31:58 |  12.4s | 1.0e-04 | 0.0178 | 0.9518 | 0.9546 | 0.9554 | 0.0224 | 0.9280 | 0.9478 | 0.9256
0566 | 16:32:20 |  12.3s | 1.0e-04 | 0.0181 | 0.9514 | 0.9530 | 0.9539 | 0.0222 | 0.9350 | 0.9402 | 0.9241
0567 | 16:32:42 |  12.1s | 1.0e-04 | 0.0184 | 0.9532 | 0.9535 | 0.9564 | 0.0221 | 0.9379 | 0.9394 | 0.9266
0568 | 16:33:04 |  12.4s | 1.0e-04 | 0.0182 | 0.9535 | 0.9542 | 0.9566 | 0.0218 | 0.9304 | 0.9477 | 0.9281
0569 | 16:33:26 |  12.0s | 1.0e-04 | 0.0181 | 0.9529 | 0.9539 | 0.9561 | 0.0218 | 0.9375 | 0.9461 | 0.9310
0570 | 16:33:47 |  12.2s | 1.0e-04 | 0.0181 | 0.9508 | 0.9532 | 0.9530 | 0.0207 | 0.9396 | 0.9464 | 0.9352
0571 | 16:34:09 |  12.1s | 1.0e-04 | 0.0176 | 0.9537 | 0.9560 | 0.9592 | 0.0209 | 0.9311 | 0.9498 | 0.9308
0572 | 16:34:31 |  12.2s | 1.0e-04 | 0.0184 | 0.9517 | 0.9530 | 0.9540 | 0.0228 | 0.9412 | 0.9303 | 0.9190
0573 | 16:34:52 |  12.2s | 1.0e-04 | 0.0182 | 0.9522 | 0.9545 | 0.9558 | 0.0230 | 0.9369 | 0.9368 | 0.9221
0574 | 16:35:14 |  12.0s | 1.0e-04 | 0.0182 | 0.9507 | 0.9535 | 0.9536 | 0.0217 | 0.9345 | 0.9492 | 0.9330
0575 | 16:35:36 |  12.1s | 1.0e-04 | 0.0178 | 0.9530 | 0.9543 | 0.9569 | 0.0216 | 0.9402 | 0.9431 | 0.9328
0576 | 16:35:57 |  12.1s | 1.0e-04 | 0.0184 | 0.9508 | 0.9532 | 0.9535 | 0.0209 | 0.9416 | 0.9374 | 0.9268
0577 | 16:36:19 |  12.1s | 1.0e-04 | 0.0185 | 0.9510 | 0.9537 | 0.9542 | 0.0222 | 0.9268 | 0.9458 | 0.9225
0578 | 16:36:41 |  12.5s | 1.0e-04 | 0.0186 | 0.9516 | 0.9520 | 0.9532 | 0.0228 | 0.9201 | 0.9474 | 0.9159
0579 | 16:37:02 |  12.2s | 1.0e-04 | 0.0182 | 0.9508 | 0.9543 | 0.9548 | 0.0224 | 0.9314 | 0.9414 | 0.9211
0580 | 16:37:24 |  20.2s | 1.0e-04 | 0.0188 | 0.9496 | 0.9522 | 0.9516 | 0.0227 | 0.9343 | 0.9462 | 0.9294
0581 | 16:37:54 |  12.4s | 1.0e-04 | 0.0187 | 0.9500 | 0.9516 | 0.9517 | 0.0223 | 0.9385 | 0.9399 | 0.9287
0582 | 16:38:16 |  12.1s | 1.0e-04 | 0.0182 | 0.9513 | 0.9534 | 0.9544 | 0.0216 | 0.9473 | 0.9282 | 0.9301
0583 | 16:38:37 |  20.6s | 1.0e-04 | 0.0180 | 0.9517 | 0.9553 | 0.9560 | 0.0224 | 0.9339 | 0.9461 | 0.9277
0584 | 16:39:07 |  21.4s | 1.0e-04 | 0.0186 | 0.9525 | 0.9558 | 0.9579 | 0.0228 | 0.9397 | 0.9306 | 0.9229
0585 | 16:39:38 |  11.9s | 1.0e-04 | 0.0195 | 0.9506 | 0.9554 | 0.9552 | 0.0225 | 0.9439 | 0.9328 | 0.9261
0586 | 16:40:00 |  11.9s | 1.0e-04 | 0.0192 | 0.9519 | 0.9545 | 0.9552 | 0.0213 | 0.9382 | 0.9398 | 0.9270
0587 | 16:40:21 |  11.8s | 1.0e-04 | 0.0191 | 0.9520 | 0.9546 | 0.9555 | 0.0210 | 0.9460 | 0.9357 | 0.9336
0588 | 16:40:43 |  12.3s | 1.0e-04 | 0.0195 | 0.9495 | 0.9542 | 0.9533 | 0.0212 | 0.9429 | 0.9408 | 0.9329
0589 | 16:41:04 |  11.9s | 1.0e-04 | 0.0191 | 0.9508 | 0.9549 | 0.9553 | 0.0211 | 0.9363 | 0.9455 | 0.9303
0590 | 16:41:26 |  11.8s | 1.0e-04 | 0.0195 | 0.9510 | 0.9523 | 0.9531 | 0.0212 | 0.9427 | 0.9336 | 0.9256
0591 | 16:41:47 |  11.9s | 1.0e-04 | 0.0187 | 0.9505 | 0.9549 | 0.9544 | 0.0211 | 0.9343 | 0.9506 | 0.9346
0592 | 16:42:09 |  11.8s | 1.0e-04 | 0.0187 | 0.9525 | 0.9550 | 0.9572 | 0.0222 | 0.9342 | 0.9419 | 0.9261
0593 | 16:42:30 |  11.8s | 1.0e-04 | 0.0191 | 0.9517 | 0.9535 | 0.9547 | 0.0214 | 0.9455 | 0.9382 | 0.9324
0594 | 16:42:51 |  11.9s | 1.0e-04 | 0.0188 | 0.9525 | 0.9553 | 0.9566 | 0.0214 | 0.9314 | 0.9482 | 0.9290
0595 | 16:43:13 |  12.0s | 1.0e-04 | 0.0191 | 0.9521 | 0.9542 | 0.9566 | 0.0212 | 0.9461 | 0.9325 | 0.9277
0596 | 16:43:34 |  11.9s | 1.0e-04 | 0.0197 | 0.9494 | 0.9518 | 0.9506 | 0.0227 | 0.9287 | 0.9416 | 0.9182
0597 | 16:43:56 |  11.9s | 1.0e-04 | 0.0197 | 0.9515 | 0.9530 | 0.9542 | 0.0219 | 0.9430 | 0.9400 | 0.9318
0598 | 16:44:17 |  11.9s | 1.0e-04 | 0.0188 | 0.9522 | 0.9536 | 0.9560 | 0.0219 | 0.9351 | 0.9433 | 0.9275
0599 | 16:44:38 |  11.9s | 1.0e-04 | 0.0194 | 0.9521 | 0.9522 | 0.9545 | 0.0208 | 0.9428 | 0.9417 | 0.9355
0600 | 16:45:00 |  12.2s | 1.0e-04 | 0.0194 | 0.9508 | 0.9513 | 0.9521 | 0.0217 | 0.9394 | 0.9357 | 0.9241
0601 | 16:45:22 |  11.9s | 1.0e-04 | 0.0193 | 0.9536 | 0.9557 | 0.9584 | 0.0220 | 0.9282 | 0.9550 | 0.9344
0602 | 16:45:43 |  11.9s | 1.0e-04 | 0.0194 | 0.9520 | 0.9543 | 0.9556 | 0.0223 | 0.9337 | 0.9385 | 0.9185
0603 | 16:46:05 |  22.1s | 1.0e-04 | 0.0190 | 0.9530 | 0.9545 | 0.9576 | 0.0225 | 0.9376 | 0.9334 | 0.9131
0604 | 16:46:36 |  11.8s | 1.0e-04 | 0.0202 | 0.9532 | 0.9549 | 0.9570 | 0.0219 | 0.9470 | 0.9303 | 0.9307
0605 | 16:46:58 |  20.9s | 1.0e-04 | 0.0192 | 0.9525 | 0.9550 | 0.9568 | 0.0208 | 0.9377 | 0.9408 | 0.9284
0606 | 16:47:28 |  11.7s | 1.0e-04 | 0.0190 | 0.9511 | 0.9553 | 0.9553 | 0.0227 | 0.9375 | 0.9330 | 0.9211
0607 | 16:47:49 |  11.8s | 1.0e-04 | 0.0189 | 0.9525 | 0.9544 | 0.9561 | 0.0223 | 0.9303 | 0.9438 | 0.9221
0608 | 16:48:11 |  11.7s | 1.0e-04 | 0.0190 | 0.9529 | 0.9556 | 0.9571 | 0.0214 | 0.9392 | 0.9416 | 0.9294
0609 | 16:48:32 |  11.7s | 1.0e-04 | 0.0190 | 0.9532 | 0.9544 | 0.9569 | 0.0218 | 0.9360 | 0.9433 | 0.9268
0610 | 16:48:53 |  11.7s | 1.0e-04 | 0.0190 | 0.9527 | 0.9551 | 0.9574 | 0.0217 | 0.9312 | 0.9513 | 0.9325
0611 | 16:49:14 |  12.3s | 1.0e-04 | 0.0192 | 0.9516 | 0.9536 | 0.9547 | 0.0216 | 0.9378 | 0.9433 | 0.9325
0612 | 16:49:36 |  11.8s | 1.0e-04 | 0.0188 | 0.9519 | 0.9556 | 0.9570 | 0.0218 | 0.9368 | 0.9421 | 0.9271
0613 | 16:49:57 |  11.8s | 1.0e-04 | 0.0188 | 0.9541 | 0.9563 | 0.9584 | 0.0211 | 0.9386 | 0.9395 | 0.9256
0614 | 16:50:19 |  11.7s | 1.0e-04 | 0.0191 | 0.9523 | 0.9547 | 0.9569 | 0.0218 | 0.9397 | 0.9414 | 0.9316
0615 | 16:50:40 |  12.3s | 1.0e-04 | 0.0188 | 0.9526 | 0.9553 | 0.9569 | 0.0226 | 0.9340 | 0.9453 | 0.9281
0616 | 16:51:02 |  11.8s | 1.0e-04 | 0.0190 | 0.9524 | 0.9537 | 0.9557 | 0.0221 | 0.9463 | 0.9326 | 0.9269
0617 | 16:51:23 |  12.4s | 1.0e-04 | 0.0190 | 0.9523 | 0.9542 | 0.9550 | 0.0218 | 0.9327 | 0.9438 | 0.9248
0618 | 16:51:45 |  11.8s | 1.0e-04 | 0.0195 | 0.9507 | 0.9521 | 0.9523 | 0.0211 | 0.9406 | 0.9423 | 0.9325
0619 | 16:52:06 |  12.0s | 1.0e-04 | 0.0190 | 0.9532 | 0.9565 | 0.9583 | 0.0228 | 0.9396 | 0.9321 | 0.9214
0620 | 16:52:28 |  11.8s | 1.0e-04 | 0.0192 | 0.9513 | 0.9535 | 0.9545 | 0.0225 | 0.9374 | 0.9367 | 0.9233
0621 | 16:52:49 |  20.1s | 1.0e-04 | 0.0187 | 0.9512 | 0.9546 | 0.9551 | 0.0218 | 0.9368 | 0.9425 | 0.9297
0622 | 16:53:19 |  11.8s | 1.0e-04 | 0.0181 | 0.9526 | 0.9546 | 0.9564 | 0.0212 | 0.9467 | 0.9343 | 0.9311
0623 | 16:53:40 |  11.8s | 1.0e-04 | 0.0183 | 0.9532 | 0.9571 | 0.9592 | 0.0227 | 0.9298 | 0.9445 | 0.9257
0624 | 16:54:01 |  19.7s | 1.0e-04 | 0.0193 | 0.9506 | 0.9522 | 0.9524 | 0.0228 | 0.9188 | 0.9504 | 0.9195
0625 | 16:54:31 |  12.3s | 1.0e-04 | 0.0188 | 0.9536 | 0.9547 | 0.9572 | 0.0209 | 0.9402 | 0.9376 | 0.9237
0626 | 16:54:53 |  12.3s | 1.0e-04 | 0.0192 | 0.9501 | 0.9561 | 0.9556 | 0.0228 | 0.9457 | 0.9261 | 0.9206
0627 | 16:55:15 |  12.0s | 1.0e-04 | 0.0193 | 0.9529 | 0.9535 | 0.9559 | 0.0214 | 0.9329 | 0.9471 | 0.9296
0628 | 16:55:36 |  12.0s | 1.0e-04 | 0.0190 | 0.9531 | 0.9565 | 0.9587 | 0.0219 | 0.9455 | 0.9330 | 0.9300
0629 | 16:55:57 |  12.0s | 1.0e-04 | 0.0185 | 0.9534 | 0.9551 | 0.9575 | 0.0216 | 0.9432 | 0.9394 | 0.9321
0630 | 16:56:19 |  12.7s | 1.0e-04 | 0.0187 | 0.9529 | 0.9559 | 0.9580 | 0.0217 | 0.9431 | 0.9384 | 0.9317
0631 | 16:56:41 |  12.1s | 1.0e-04 | 0.0187 | 0.9538 | 0.9552 | 0.9586 | 0.0225 | 0.9338 | 0.9411 | 0.9239
0632 | 16:57:03 |  12.1s | 1.0e-04 | 0.0191 | 0.9516 | 0.9551 | 0.9564 | 0.0220 | 0.9428 | 0.9287 | 0.9240
0633 | 16:57:24 |  12.0s | 1.0e-04 | 0.0190 | 0.9530 | 0.9549 | 0.9572 | 0.0214 | 0.9383 | 0.9444 | 0.9324
0634 | 16:57:46 |  12.0s | 1.0e-04 | 0.0191 | 0.9530 | 0.9552 | 0.9567 | 0.0214 | 0.9428 | 0.9357 | 0.9291
0635 | 16:58:07 |  12.0s | 1.0e-04 | 0.0188 | 0.9542 | 0.9551 | 0.9584 | 0.0217 | 0.9452 | 0.9392 | 0.9346
0636 | 16:58:29 |  12.2s | 1.0e-04 | 0.0193 | 0.9525 | 0.9536 | 0.9557 | 0.0228 | 0.9370 | 0.9420 | 0.9273
0637 | 16:58:50 |  12.1s | 1.0e-04 | 0.0190 | 0.9519 | 0.9539 | 0.9553 | 0.0234 | 0.9427 | 0.9265 | 0.9174
0638 | 16:59:12 |  12.0s | 1.0e-04 | 0.0188 | 0.9542 | 0.9552 | 0.9585 | 0.0219 | 0.9361 | 0.9411 | 0.9243
0639 | 16:59:33 |  12.0s | 1.0e-04 | 0.0191 | 0.9534 | 0.9537 | 0.9566 | 0.0225 | 0.9411 | 0.9388 | 0.9308
0640 | 16:59:55 |  12.0s | 1.0e-04 | 0.0192 | 0.9516 | 0.9536 | 0.9547 | 0.0217 | 0.9312 | 0.9465 | 0.9273
0641 | 17:00:16 |  12.0s | 1.0e-04 | 0.0188 | 0.9526 | 0.9555 | 0.9574 | 0.0218 | 0.9376 | 0.9360 | 0.9203
0642 | 17:00:38 |  20.0s | 1.0e-04 | 0.0193 | 0.9513 | 0.9534 | 0.9543 | 0.0219 | 0.9437 | 0.9369 | 0.9323
0643 | 17:01:07 |  12.3s | 1.0e-04 | 0.0195 | 0.9513 | 0.9507 | 0.9520 | 0.0228 | 0.9399 | 0.9426 | 0.9317
0644 | 17:01:29 |  12.0s | 1.0e-04 | 0.0191 | 0.9529 | 0.9534 | 0.9559 | 0.0223 | 0.9445 | 0.9309 | 0.9254
0645 | 17:01:51 |  20.2s | 1.0e-04 | 0.0191 | 0.9531 | 0.9531 | 0.9551 | 0.0210 | 0.9382 | 0.9508 | 0.9391
0646 | 17:02:20 |  20.1s | 1.0e-04 | 0.0182 | 0.9530 | 0.9543 | 0.9571 | 0.0208 | 0.9423 | 0.9356 | 0.9290
0647 | 17:02:50 |  12.2s | 1.0e-04 | 0.0187 | 0.9522 | 0.9526 | 0.9547 | 0.0202 | 0.9376 | 0.9497 | 0.9369
0648 | 17:03:11 |  12.1s | 1.0e-04 | 0.0188 | 0.9524 | 0.9539 | 0.9554 | 0.0220 | 0.9279 | 0.9462 | 0.9232
0649 | 17:03:33 |  12.1s | 1.0e-04 | 0.0193 | 0.9513 | 0.9532 | 0.9533 | 0.0216 | 0.9415 | 0.9251 | 0.9167
0650 | 17:03:55 |  12.3s | 1.0e-04 | 0.0189 | 0.9523 | 0.9524 | 0.9541 | 0.0231 | 0.9426 | 0.9327 | 0.9219
0651 | 17:04:16 |  12.2s | 1.0e-04 | 0.0189 | 0.9536 | 0.9522 | 0.9557 | 0.0220 | 0.9355 | 0.9444 | 0.9289
0652 | 17:04:38 |  12.1s | 1.0e-04 | 0.0187 | 0.9511 | 0.9532 | 0.9539 | 0.0215 | 0.9303 | 0.9455 | 0.9260
0653 | 17:05:00 |  12.1s | 1.0e-04 | 0.0188 | 0.9510 | 0.9520 | 0.9527 | 0.0209 | 0.9410 | 0.9398 | 0.9282
0654 | 17:05:21 |  12.0s | 1.0e-04 | 0.0186 | 0.9514 | 0.9531 | 0.9540 | 0.0217 | 0.9350 | 0.9456 | 0.9294
0655 | 17:05:43 |  12.0s | 1.0e-04 | 0.0183 | 0.9523 | 0.9542 | 0.9563 | 0.0211 | 0.9429 | 0.9349 | 0.9280
0656 | 17:06:04 |  12.1s | 1.0e-04 | 0.0190 | 0.9508 | 0.9522 | 0.9524 | 0.0215 | 0.9439 | 0.9377 | 0.9321
0657 | 17:06:26 |  12.5s | 1.0e-04 | 0.0183 | 0.9528 | 0.9548 | 0.9566 | 0.0214 | 0.9321 | 0.9483 | 0.9296
0658 | 17:06:48 |  12.6s | 1.0e-04 | 0.0186 | 0.9524 | 0.9548 | 0.9565 | 0.0212 | 0.9329 | 0.9456 | 0.9276
0659 | 17:07:10 |  12.0s | 1.0e-04 | 0.0184 | 0.9537 | 0.9531 | 0.9562 | 0.0221 | 0.9342 | 0.9454 | 0.9302
0660 | 17:07:31 |  12.4s | 1.0e-04 | 0.0188 | 0.9531 | 0.9528 | 0.9553 | 0.0219 | 0.9361 | 0.9430 | 0.9284
0661 | 17:07:53 |  12.3s | 1.0e-04 | 0.0186 | 0.9517 | 0.9533 | 0.9544 | 0.0224 | 0.9419 | 0.9319 | 0.9228
0662 | 17:08:15 |  12.0s | 1.0e-04 | 0.0194 | 0.9501 | 0.9504 | 0.9504 | 0.0221 | 0.9329 | 0.9483 | 0.9316
0663 | 17:08:36 |  20.7s | 1.0e-04 | 0.0191 | 0.9494 | 0.9521 | 0.9510 | 0.0204 | 0.9438 | 0.9459 | 0.9389
0664 | 17:09:06 |  12.0s | 1.0e-04 | 0.0191 | 0.9516 | 0.9526 | 0.9542 | 0.0217 | 0.9301 | 0.9458 | 0.9258
0665 | 17:09:28 |  12.0s | 1.0e-04 | 0.0193 | 0.9506 | 0.9504 | 0.9508 | 0.0214 | 0.9453 | 0.9405 | 0.9349
0666 | 17:09:49 |  20.0s | 1.0e-04 | 0.0184 | 0.9537 | 0.9543 | 0.9575 | 0.0213 | 0.9388 | 0.9510 | 0.9395
0667 | 17:10:19 |  22.5s | 1.0e-04 | 0.0196 | 0.9502 | 0.9512 | 0.9510 | 0.0209 | 0.9381 | 0.9452 | 0.9337
0668 | 17:10:51 |  12.1s | 1.0e-04 | 0.0192 | 0.9506 | 0.9516 | 0.9522 | 0.0206 | 0.9388 | 0.9479 | 0.9358
0669 | 17:11:13 |  12.4s | 1.0e-04 | 0.0194 | 0.9506 | 0.9524 | 0.9526 | 0.0215 | 0.9389 | 0.9423 | 0.9300
0670 | 17:11:35 |  12.0s | 1.0e-04 | 0.0191 | 0.9500 | 0.9523 | 0.9520 | 0.0217 | 0.9452 | 0.9343 | 0.9320
0671 | 17:11:56 |  12.1s | 1.0e-04 | 0.0195 | 0.9499 | 0.9503 | 0.9500 | 0.0210 | 0.9393 | 0.9437 | 0.9337
0672 | 17:12:18 |  12.0s | 1.0e-04 | 0.0193 | 0.9510 | 0.9511 | 0.9523 | 0.0210 | 0.9403 | 0.9447 | 0.9350
0673 | 17:12:39 |  12.2s | 1.0e-04 | 0.0197 | 0.9504 | 0.9481 | 0.9486 | 0.0219 | 0.9331 | 0.9471 | 0.9304
0674 | 17:13:01 |  12.3s | 1.0e-04 | 0.0197 | 0.9488 | 0.9501 | 0.9488 | 0.0202 | 0.9458 | 0.9409 | 0.9365
0675 | 17:13:23 |  12.0s | 1.0e-04 | 0.0193 | 0.9498 | 0.9523 | 0.9520 | 0.0214 | 0.9416 | 0.9385 | 0.9292
0676 | 17:13:44 |  11.9s | 1.0e-04 | 0.0193 | 0.9488 | 0.9514 | 0.9501 | 0.0208 | 0.9375 | 0.9427 | 0.9310
0677 | 17:14:06 |  12.0s | 1.0e-04 | 0.0194 | 0.9521 | 0.9518 | 0.9536 | 0.0219 | 0.9385 | 0.9429 | 0.9299
0678 | 17:14:27 |  12.0s | 1.0e-04 | 0.0193 | 0.9521 | 0.9501 | 0.9522 | 0.0217 | 0.9524 | 0.9252 | 0.9338
0679 | 17:14:49 |  12.0s | 1.0e-04 | 0.0193 | 0.9492 | 0.9504 | 0.9495 | 0.0220 | 0.9466 | 0.9332 | 0.9295
0680 | 17:15:10 |  12.1s | 1.0e-04 | 0.0191 | 0.9504 | 0.9502 | 0.9506 | 0.0216 | 0.9357 | 0.9467 | 0.9308
0681 | 17:15:31 |  12.2s | 1.0e-04 | 0.0193 | 0.9510 | 0.9509 | 0.9517 | 0.0209 | 0.9366 | 0.9461 | 0.9318
0682 | 17:15:53 |  12.1s | 1.0e-04 | 0.0192 | 0.9513 | 0.9512 | 0.9525 | 0.0210 | 0.9439 | 0.9409 | 0.9349
0683 | 17:16:15 |  12.1s | 1.0e-04 | 0.0197 | 0.9502 | 0.9496 | 0.9500 | 0.0213 | 0.9465 | 0.9308 | 0.9276
0684 | 17:16:36 |  21.1s | 1.0e-04 | 0.0188 | 0.9526 | 0.9512 | 0.9533 | 0.0225 | 0.9342 | 0.9452 | 0.9287
0685 | 17:17:07 |  12.4s | 1.0e-04 | 0.0191 | 0.9522 | 0.9502 | 0.9523 | 0.0213 | 0.9398 | 0.9412 | 0.9283
0686 | 17:17:29 |  12.2s | 1.0e-04 | 0.0185 | 0.9515 | 0.9527 | 0.9533 | 0.0215 | 0.9399 | 0.9433 | 0.9340
0687 | 17:17:50 |  20.6s | 1.0e-04 | 0.0187 | 0.9498 | 0.9524 | 0.9519 | 0.0227 | 0.9206 | 0.9510 | 0.9223
0688 | 17:18:20 |  22.6s | 1.0e-04 | 0.0186 | 0.9494 | 0.9509 | 0.9502 | 0.0219 | 0.9399 | 0.9315 | 0.9242
0689 | 17:18:52 |  12.4s | 1.0e-04 | 0.0186 | 0.9505 | 0.9521 | 0.9523 | 0.0215 | 0.9434 | 0.9324 | 0.9278
0690 | 17:19:14 |  12.4s | 1.0e-04 | 0.0181 | 0.9518 | 0.9531 | 0.9543 | 0.0219 | 0.9498 | 0.9317 | 0.9297
0691 | 17:19:36 |  12.3s | 1.0e-04 | 0.0182 | 0.9506 | 0.9525 | 0.9523 | 0.0211 | 0.9405 | 0.9477 | 0.9369
0692 | 17:19:57 |  13.0s | 1.0e-04 | 0.0184 | 0.9498 | 0.9536 | 0.9529 | 0.0223 | 0.9441 | 0.9294 | 0.9268
0693 | 17:20:20 |  12.3s | 1.0e-04 | 0.0179 | 0.9520 | 0.9525 | 0.9543 | 0.0218 | 0.9361 | 0.9380 | 0.9233
0694 | 17:20:42 |  12.7s | 1.0e-04 | 0.0182 | 0.9515 | 0.9538 | 0.9546 | 0.0220 | 0.9302 | 0.9472 | 0.9266
0695 | 17:21:04 |  12.6s | 1.0e-04 | 0.0183 | 0.9509 | 0.9531 | 0.9536 | 0.0206 | 0.9320 | 0.9497 | 0.9316
0696 | 17:21:26 |  12.5s | 1.0e-04 | 0.0182 | 0.9519 | 0.9536 | 0.9551 | 0.0218 | 0.9362 | 0.9412 | 0.9268
0697 | 17:21:48 |  12.7s | 1.0e-04 | 0.0183 | 0.9510 | 0.9530 | 0.9537 | 0.0208 | 0.9390 | 0.9444 | 0.9328
0698 | 17:22:10 |  12.3s | 1.0e-04 | 0.0176 | 0.9518 | 0.9545 | 0.9553 | 0.0199 | 0.9400 | 0.9500 | 0.9402
0699 | 17:22:32 |  12.3s | 1.0e-04 | 0.0180 | 0.9513 | 0.9518 | 0.9526 | 0.0219 | 0.9426 | 0.9335 | 0.9250
0700 | 17:22:54 |  12.3s | 1.0e-04 | 0.0181 | 0.9515 | 0.9543 | 0.9549 | 0.0216 | 0.9300 | 0.9506 | 0.9309
0701 | 17:23:15 |  12.4s | 1.0e-04 | 0.0182 | 0.9519 | 0.9534 | 0.9547 | 0.0212 | 0.9403 | 0.9341 | 0.9240
0702 | 17:23:37 |  12.3s | 1.0e-04 | 0.0182 | 0.9519 | 0.9531 | 0.9545 | 0.0215 | 0.9400 | 0.9486 | 0.9383
0703 | 17:23:59 |  12.3s | 1.0e-04 | 0.0181 | 0.9514 | 0.9513 | 0.9531 | 0.0221 | 0.9385 | 0.9351 | 0.9223
0704 | 17:24:21 |  12.6s | 1.0e-04 | 0.0181 | 0.9523 | 0.9530 | 0.9545 | 0.0209 | 0.9442 | 0.9381 | 0.9323
0705 | 17:24:43 |  20.5s | 1.0e-04 | 0.0184 | 0.9516 | 0.9504 | 0.9521 | 0.0217 | 0.9460 | 0.9338 | 0.9307
0706 | 17:25:13 |  12.2s | 1.0e-04 | 0.0189 | 0.9506 | 0.9519 | 0.9524 | 0.0212 | 0.9335 | 0.9541 | 0.9382
0707 | 17:25:35 |  12.4s | 1.0e-04 | 0.0183 | 0.9504 | 0.9542 | 0.9542 | 0.0222 | 0.9338 | 0.9438 | 0.9232
0708 | 17:25:56 |  20.5s | 1.0e-04 | 0.0191 | 0.9544 | 0.9559 | 0.9580 | 0.0216 | 0.9459 | 0.9324 | 0.9296
0709 | 17:26:26 |  20.5s | 1.0e-04 | 0.0191 | 0.9518 | 0.9537 | 0.9550 | 0.0227 | 0.9356 | 0.9403 | 0.9236
0710 | 17:26:56 |  12.1s | 1.0e-04 | 0.0187 | 0.9521 | 0.9551 | 0.9563 | 0.0223 | 0.9375 | 0.9415 | 0.9269
0711 | 17:27:18 |  12.1s | 1.0e-04 | 0.0186 | 0.9521 | 0.9576 | 0.9583 | 0.0220 | 0.9421 | 0.9362 | 0.9277
0712 | 17:27:39 |  12.2s | 1.0e-04 | 0.0193 | 0.9512 | 0.9549 | 0.9550 | 0.0218 | 0.9389 | 0.9411 | 0.9304
0713 | 17:28:01 |  12.2s | 1.0e-04 | 0.0185 | 0.9520 | 0.9562 | 0.9575 | 0.0211 | 0.9274 | 0.9506 | 0.9275
0714 | 17:28:23 |  12.4s | 1.0e-04 | 0.0184 | 0.9525 | 0.9564 | 0.9576 | 0.0218 | 0.9425 | 0.9368 | 0.9283
0715 | 17:28:44 |  12.6s | 1.0e-04 | 0.0182 | 0.9549 | 0.9549 | 0.9596 | 0.0223 | 0.9248 | 0.9493 | 0.9238
0716 | 17:29:07 |  12.2s | 1.0e-04 | 0.0190 | 0.9529 | 0.9538 | 0.9566 | 0.0225 | 0.9367 | 0.9456 | 0.9321
0717 | 17:29:28 |  12.1s | 1.0e-04 | 0.0190 | 0.9516 | 0.9533 | 0.9544 | 0.0223 | 0.9393 | 0.9356 | 0.9215
0718 | 17:29:50 |  12.2s | 1.0e-04 | 0.0185 | 0.9536 | 0.9548 | 0.9570 | 0.0210 | 0.9406 | 0.9399 | 0.9302
0719 | 17:30:11 |  12.8s | 1.0e-04 | 0.0190 | 0.9534 | 0.9540 | 0.9568 | 0.0216 | 0.9459 | 0.9378 | 0.9316
0720 | 17:30:33 |  12.2s | 1.0e-04 | 0.0189 | 0.9529 | 0.9553 | 0.9570 | 0.0204 | 0.9419 | 0.9490 | 0.9408
0721 | 17:30:55 |  12.1s | 1.0e-04 | 0.0187 | 0.9533 | 0.9548 | 0.9572 | 0.0218 | 0.9377 | 0.9486 | 0.9361
0722 | 17:31:17 |  12.2s | 1.0e-04 | 0.0190 | 0.9523 | 0.9533 | 0.9550 | 0.0215 | 0.9408 | 0.9422 | 0.9334
0723 | 17:31:38 |  12.5s | 1.0e-04 | 0.0185 | 0.9517 | 0.9561 | 0.9567 | 0.0205 | 0.9403 | 0.9363 | 0.9262
0724 | 17:32:00 |  12.2s | 1.0e-04 | 0.0187 | 0.9524 | 0.9537 | 0.9556 | 0.0220 | 0.9376 | 0.9410 | 0.9262
0725 | 17:32:22 |  12.6s | 1.0e-04 | 0.0187 | 0.9520 | 0.9566 | 0.9577 | 0.0211 | 0.9393 | 0.9464 | 0.9354
0726 | 17:32:44 |  11.9s | 1.0e-04 | 0.0184 | 0.9514 | 0.9554 | 0.9566 | 0.0213 | 0.9450 | 0.9361 | 0.9327
0727 | 17:33:06 |  11.9s | 1.0e-04 | 0.0186 | 0.9529 | 0.9554 | 0.9576 | 0.0219 | 0.9400 | 0.9439 | 0.9339
0728 | 17:33:27 |  20.1s | 1.0e-04 | 0.0185 | 0.9518 | 0.9549 | 0.9562 | 0.0211 | 0.9406 | 0.9397 | 0.9330
0729 | 17:33:57 |  11.8s | 1.0e-04 | 0.0181 | 0.9525 | 0.9547 | 0.9573 | 0.0212 | 0.9427 | 0.9385 | 0.9311
0730 | 17:34:18 |  21.1s | 1.0e-04 | 0.0183 | 0.9519 | 0.9548 | 0.9556 | 0.0215 | 0.9425 | 0.9359 | 0.9271
0731 | 17:34:49 |  12.0s | 1.0e-04 | 0.0185 | 0.9519 | 0.9534 | 0.9542 | 0.0207 | 0.9431 | 0.9376 | 0.9304
0732 | 17:35:10 |  11.8s | 1.0e-04 | 0.0189 | 0.9516 | 0.9524 | 0.9539 | 0.0222 | 0.9363 | 0.9400 | 0.9242
0733 | 17:35:31 |  11.7s | 1.0e-04 | 0.0184 | 0.9532 | 0.9532 | 0.9563 | 0.0214 | 0.9310 | 0.9490 | 0.9301
0734 | 17:35:52 |  11.9s | 1.0e-04 | 0.0192 | 0.9503 | 0.9510 | 0.9515 | 0.0205 | 0.9383 | 0.9416 | 0.9305
0735 | 17:36:14 |  11.7s | 1.0e-04 | 0.0185 | 0.9517 | 0.9511 | 0.9527 | 0.0223 | 0.9382 | 0.9381 | 0.9279
0736 | 17:36:35 |  11.7s | 1.0e-04 | 0.0185 | 0.9516 | 0.9522 | 0.9533 | 0.0207 | 0.9417 | 0.9398 | 0.9318
0737 | 17:36:56 |  11.7s | 1.0e-04 | 0.0182 | 0.9522 | 0.9548 | 0.9561 | 0.0211 | 0.9268 | 0.9493 | 0.9266
0738 | 17:37:17 |  11.7s | 1.0e-04 | 0.0183 | 0.9533 | 0.9547 | 0.9574 | 0.0207 | 0.9343 | 0.9490 | 0.9334
0739 | 17:37:38 |  11.8s | 1.0e-04 | 0.0187 | 0.9520 | 0.9516 | 0.9538 | 0.0206 | 0.9371 | 0.9413 | 0.9296
0740 | 17:38:00 |  11.7s | 1.0e-04 | 0.0188 | 0.9518 | 0.9522 | 0.9535 | 0.0207 | 0.9444 | 0.9355 | 0.9310
0741 | 17:38:21 |  11.8s | 1.0e-04 | 0.0193 | 0.9519 | 0.9522 | 0.9538 | 0.0202 | 0.9369 | 0.9560 | 0.9441
0742 | 17:38:42 |  11.7s | 1.0e-04 | 0.0186 | 0.9506 | 0.9521 | 0.9523 | 0.0209 | 0.9436 | 0.9360 | 0.9298
0743 | 17:39:03 |  12.1s | 1.0e-04 | 0.0181 | 0.9526 | 0.9537 | 0.9559 | 0.0214 | 0.9466 | 0.9324 | 0.9260
0744 | 17:39:25 |  11.7s | 1.0e-04 | 0.0184 | 0.9528 | 0.9530 | 0.9555 | 0.0218 | 0.9360 | 0.9439 | 0.9287
0745 | 17:39:46 |  11.7s | 1.0e-04 | 0.0185 | 0.9513 | 0.9526 | 0.9538 | 0.0204 | 0.9379 | 0.9479 | 0.9348
0746 | 17:40:07 |  20.5s | 1.0e-04 | 0.0189 | 0.9516 | 0.9531 | 0.9548 | 0.0231 | 0.9273 | 0.9454 | 0.9226
0747 | 17:40:37 |  12.6s | 1.0e-04 | 0.0188 | 0.9521 | 0.9551 | 0.9559 | 0.0205 | 0.9453 | 0.9407 | 0.9360
0748 | 17:40:59 |  11.8s | 1.0e-04 | 0.0190 | 0.9521 | 0.9541 | 0.9553 | 0.0203 | 0.9439 | 0.9359 | 0.9313
0749 | 17:41:20 |  20.4s | 1.0e-04 | 0.0196 | 0.9499 | 0.9529 | 0.9525 | 0.0210 | 0.9420 | 0.9448 | 0.9388
0750 | 17:41:50 |  11.9s | 1.0e-04 | 0.0187 | 0.9510 | 0.9552 | 0.9557 | 0.0210 | 0.9336 | 0.9471 | 0.9308
0751 | 17:42:12 |  11.9s | 1.0e-04 | 0.0185 | 0.9547 | 0.9570 | 0.9601 | 0.0221 | 0.9384 | 0.9346 | 0.9216
0752 | 17:42:33 |  12.1s | 1.0e-04 | 0.0182 | 0.9538 | 0.9550 | 0.9577 | 0.0222 | 0.9426 | 0.9374 | 0.9311
0753 | 17:42:55 |  12.3s | 1.0e-04 | 0.0188 | 0.9530 | 0.9561 | 0.9579 | 0.0201 | 0.9346 | 0.9523 | 0.9365
0754 | 17:43:16 |  11.8s | 1.0e-04 | 0.0189 | 0.9529 | 0.9550 | 0.9570 | 0.0221 | 0.9421 | 0.9380 | 0.9315
0755 | 17:43:38 |  11.9s | 1.0e-04 | 0.0187 | 0.9520 | 0.9552 | 0.9572 | 0.0220 | 0.9502 | 0.9305 | 0.9332
0756 | 17:43:59 |  11.9s | 1.0e-04 | 0.0184 | 0.9541 | 0.9564 | 0.9589 | 0.0220 | 0.9304 | 0.9493 | 0.9292
0757 | 17:44:20 |  11.9s | 1.0e-04 | 0.0190 | 0.9524 | 0.9551 | 0.9567 | 0.0209 | 0.9365 | 0.9476 | 0.9344
0758 | 17:44:41 |  11.9s | 1.0e-04 | 0.0180 | 0.9543 | 0.9577 | 0.9608 | 0.0212 | 0.9404 | 0.9428 | 0.9334
0759 | 17:45:03 |  12.0s | 1.0e-04 | 0.0181 | 0.9551 | 0.9564 | 0.9599 | 0.0218 | 0.9375 | 0.9413 | 0.9294
0760 | 17:45:24 |  11.8s | 1.0e-04 | 0.0192 | 0.9526 | 0.9551 | 0.9568 | 0.0217 | 0.9284 | 0.9469 | 0.9240
0761 | 17:45:45 |  11.9s | 1.0e-04 | 0.0184 | 0.9544 | 0.9561 | 0.9596 | 0.0215 | 0.9390 | 0.9363 | 0.9239
0762 | 17:46:07 |  11.8s | 1.0e-04 | 0.0188 | 0.9514 | 0.9562 | 0.9564 | 0.0226 | 0.9400 | 0.9415 | 0.9286
0763 | 17:46:28 |  11.9s | 1.0e-04 | 0.0184 | 0.9549 | 0.9578 | 0.9603 | 0.0211 | 0.9378 | 0.9429 | 0.9297
0764 | 17:46:49 |  11.9s | 1.0e-04 | 0.0187 | 0.9540 | 0.9549 | 0.9587 | 0.0206 | 0.9429 | 0.9415 | 0.9344
0765 | 17:47:11 |  12.5s | 1.0e-04 | 0.0186 | 0.9548 | 0.9553 | 0.9594 | 0.0225 | 0.9287 | 0.9445 | 0.9217
0766 | 17:47:33 |  11.9s | 1.0e-04 | 0.0187 | 0.9533 | 0.9552 | 0.9575 | 0.0221 | 0.9400 | 0.9471 | 0.9370
0767 | 17:47:54 |  19.4s | 1.0e-04 | 0.0185 | 0.9532 | 0.9562 | 0.9578 | 0.0219 | 0.9388 | 0.9389 | 0.9265
0768 | 17:48:23 |  11.8s | 1.0e-04 | 0.0183 | 0.9516 | 0.9551 | 0.9561 | 0.0210 | 0.9327 | 0.9440 | 0.9271
0769 | 17:48:44 |  11.9s | 1.0e-04 | 0.0187 | 0.9522 | 0.9551 | 0.9562 | 0.0213 | 0.9326 | 0.9442 | 0.9237
0770 | 17:49:06 |  20.7s | 1.0e-04 | 0.0181 | 0.9522 | 0.9543 | 0.9559 | 0.0214 | 0.9394 | 0.9374 | 0.9249
0771 | 17:49:36 |  21.6s | 1.0e-04 | 0.0184 | 0.9513 | 0.9538 | 0.9556 | 0.0214 | 0.9447 | 0.9354 | 0.9314
0772 | 17:50:07 |  12.1s | 1.0e-04 | 0.0170 | 0.9549 | 0.9573 | 0.9608 | 0.0221 | 0.9390 | 0.9403 | 0.9285
0773 | 17:50:29 |  12.4s | 1.0e-04 | 0.0168 | 0.9571 | 0.9565 | 0.9621 | 0.0219 | 0.9386 | 0.9385 | 0.9265
0774 | 17:50:51 |  12.0s | 1.0e-04 | 0.0168 | 0.9555 | 0.9553 | 0.9599 | 0.0200 | 0.9340 | 0.9455 | 0.9273
0775 | 17:51:12 |  12.0s | 1.0e-04 | 0.0167 | 0.9565 | 0.9569 | 0.9620 | 0.0212 | 0.9474 | 0.9339 | 0.9306
0776 | 17:51:34 |  12.0s | 1.0e-04 | 0.0170 | 0.9539 | 0.9550 | 0.9583 | 0.0210 | 0.9337 | 0.9498 | 0.9336
0777 | 17:51:55 |  12.6s | 1.0e-04 | 0.0168 | 0.9540 | 0.9562 | 0.9590 | 0.0229 | 0.9424 | 0.9373 | 0.9280
0778 | 17:52:17 |  12.1s | 1.0e-04 | 0.0167 | 0.9551 | 0.9563 | 0.9595 | 0.0210 | 0.9432 | 0.9415 | 0.9341
0779 | 17:52:39 |  12.3s | 1.0e-04 | 0.0163 | 0.9558 | 0.9579 | 0.9620 | 0.0226 | 0.9433 | 0.9341 | 0.9291
0780 | 17:53:01 |  12.0s | 1.0e-04 | 0.0169 | 0.9540 | 0.9568 | 0.9602 | 0.0216 | 0.9382 | 0.9355 | 0.9245
0781 | 17:53:23 |  12.0s | 1.0e-04 | 0.0171 | 0.9536 | 0.9554 | 0.9577 | 0.0212 | 0.9372 | 0.9418 | 0.9287
0782 | 17:53:44 |  12.4s | 1.0e-04 | 0.0166 | 0.9555 | 0.9573 | 0.9613 | 0.0211 | 0.9373 | 0.9470 | 0.9332
0783 | 17:54:06 |  12.1s | 1.0e-04 | 0.0173 | 0.9548 | 0.9552 | 0.9592 | 0.0217 | 0.9344 | 0.9468 | 0.9319
0784 | 17:54:28 |  12.1s | 1.0e-04 | 0.0169 | 0.9537 | 0.9575 | 0.9599 | 0.0222 | 0.9315 | 0.9463 | 0.9276
0785 | 17:54:49 |  12.2s | 1.0e-04 | 0.0167 | 0.9549 | 0.9575 | 0.9609 | 0.0216 | 0.9472 | 0.9343 | 0.9326
0786 | 17:55:11 |  12.0s | 1.0e-04 | 0.0165 | 0.9538 | 0.9583 | 0.9613 | 0.0212 | 0.9315 | 0.9434 | 0.9254
0787 | 17:55:33 |  12.2s | 1.0e-04 | 0.0171 | 0.9542 | 0.9570 | 0.9603 | 0.0206 | 0.9491 | 0.9345 | 0.9348
0788 | 17:55:55 |  20.6s | 1.0e-04 | 0.0171 | 0.9551 | 0.9557 | 0.9593 | 0.0222 | 0.9498 | 0.9211 | 0.9248
0789 | 17:56:25 |  12.1s | 1.0e-04 | 0.0168 | 0.9555 | 0.9584 | 0.9623 | 0.0227 | 0.9332 | 0.9468 | 0.9281
0790 | 17:56:47 |  12.2s | 1.0e-04 | 0.0166 | 0.9553 | 0.9592 | 0.9618 | 0.0218 | 0.9324 | 0.9417 | 0.9245
0791 | 17:57:09 |  19.7s | 1.0e-04 | 0.0164 | 0.9566 | 0.9614 | 0.9649 | 0.0227 | 0.9407 | 0.9331 | 0.9253
0792 | 17:57:38 |  20.3s | 1.0e-04 | 0.0164 | 0.9575 | 0.9605 | 0.9654 | 0.0216 | 0.9396 | 0.9345 | 0.9217
0793 | 17:58:08 |  12.1s | 1.0e-04 | 0.0174 | 0.9545 | 0.9575 | 0.9603 | 0.0211 | 0.9437 | 0.9381 | 0.9301
0794 | 17:58:30 |  11.9s | 1.0e-04 | 0.0173 | 0.9549 | 0.9595 | 0.9619 | 0.0206 | 0.9443 | 0.9407 | 0.9328
0795 | 17:58:52 |  11.9s | 1.0e-04 | 0.0173 | 0.9555 | 0.9581 | 0.9621 | 0.0206 | 0.9439 | 0.9405 | 0.9347
0796 | 17:59:13 |  12.0s | 1.0e-04 | 0.0178 | 0.9545 | 0.9576 | 0.9607 | 0.0216 | 0.9461 | 0.9307 | 0.9278
0797 | 17:59:35 |  11.9s | 1.0e-04 | 0.0173 | 0.9567 | 0.9589 | 0.9634 | 0.0225 | 0.9423 | 0.9380 | 0.9301
0798 | 17:59:57 |  12.0s | 1.0e-04 | 0.0169 | 0.9565 | 0.9601 | 0.9645 | 0.0227 | 0.9286 | 0.9463 | 0.9234
0799 | 18:00:19 |  11.9s | 1.0e-04 | 0.0173 | 0.9549 | 0.9580 | 0.9612 | 0.0203 | 0.9383 | 0.9468 | 0.9352
0800 | 18:00:40 |  12.1s | 1.0e-04 | 0.0173 | 0.9562 | 0.9584 | 0.9628 | 0.0214 | 0.9429 | 0.9394 | 0.9351
0801 | 18:01:02 |  12.4s | 1.0e-04 | 0.0175 | 0.9557 | 0.9566 | 0.9618 | 0.0216 | 0.9489 | 0.9315 | 0.9335
0802 | 18:01:24 |  11.9s | 1.0e-04 | 0.0175 | 0.9557 | 0.9563 | 0.9609 | 0.0228 | 0.9317 | 0.9449 | 0.9244
0803 | 18:01:46 |  11.9s | 1.0e-04 | 0.0174 | 0.9568 | 0.9606 | 0.9647 | 0.0217 | 0.9342 | 0.9438 | 0.9266
0804 | 18:02:08 |  11.9s | 1.0e-04 | 0.0175 | 0.9561 | 0.9584 | 0.9624 | 0.0213 | 0.9423 | 0.9341 | 0.9265
0805 | 18:02:30 |  12.0s | 1.0e-04 | 0.0172 | 0.9553 | 0.9606 | 0.9639 | 0.0208 | 0.9362 | 0.9462 | 0.9321
0806 | 18:02:51 |  12.0s | 1.0e-04 | 0.0174 | 0.9561 | 0.9585 | 0.9634 | 0.0207 | 0.9462 | 0.9393 | 0.9357
0807 | 18:03:13 |  12.0s | 1.0e-04 | 0.0172 | 0.9554 | 0.9585 | 0.9629 | 0.0213 | 0.9382 | 0.9450 | 0.9324
0808 | 18:03:35 |  11.9s | 1.0e-04 | 0.0172 | 0.9557 | 0.9589 | 0.9628 | 0.0210 | 0.9425 | 0.9401 | 0.9317
0809 | 18:03:56 |  20.4s | 1.0e-04 | 0.0182 | 0.9538 | 0.9558 | 0.9589 | 0.0210 | 0.9468 | 0.9377 | 0.9373
0810 | 18:04:27 |  12.0s | 1.0e-04 | 0.0175 | 0.9562 | 0.9580 | 0.9621 | 0.0206 | 0.9334 | 0.9525 | 0.9377
0811 | 18:04:48 |  11.9s | 1.0e-04 | 0.0185 | 0.9539 | 0.9535 | 0.9568 | 0.0218 | 0.9288 | 0.9515 | 0.9308
0812 | 18:05:10 |  19.8s | 1.0e-04 | 0.0184 | 0.9528 | 0.9573 | 0.9590 | 0.0214 | 0.9488 | 0.9251 | 0.9270
0813 | 18:05:39 |  21.4s | 1.0e-04 | 0.0180 | 0.9542 | 0.9569 | 0.9600 | 0.0217 | 0.9456 | 0.9361 | 0.9308
0814 | 18:06:11 |  12.2s | 1.0e-04 | 0.0181 | 0.9537 | 0.9560 | 0.9594 | 0.0209 | 0.9370 | 0.9471 | 0.9338
0815 | 18:06:32 |  12.5s | 1.0e-04 | 0.0182 | 0.9524 | 0.9559 | 0.9575 | 0.0211 | 0.9434 | 0.9355 | 0.9264
0816 | 18:06:55 |  12.6s | 1.0e-04 | 0.0181 | 0.9535 | 0.9564 | 0.9580 | 0.0208 | 0.9331 | 0.9512 | 0.9347
0817 | 18:07:17 |  12.5s | 1.0e-04 | 0.0181 | 0.9527 | 0.9574 | 0.9580 | 0.0214 | 0.9445 | 0.9441 | 0.9394
0818 | 18:07:39 |  12.2s | 1.0e-04 | 0.0181 | 0.9543 | 0.9561 | 0.9592 | 0.0209 | 0.9404 | 0.9497 | 0.9399
0819 | 18:08:01 |  12.6s | 1.0e-04 | 0.0178 | 0.9537 | 0.9575 | 0.9601 | 0.0214 | 0.9418 | 0.9331 | 0.9272
0820 | 18:08:23 |  12.2s | 1.0e-04 | 0.0181 | 0.9544 | 0.9555 | 0.9586 | 0.0209 | 0.9485 | 0.9257 | 0.9220
0821 | 18:08:45 |  12.2s | 1.0e-04 | 0.0185 | 0.9526 | 0.9564 | 0.9581 | 0.0210 | 0.9476 | 0.9443 | 0.9403
0822 | 18:09:07 |  12.5s | 1.0e-04 | 0.0186 | 0.9529 | 0.9561 | 0.9580 | 0.0208 | 0.9341 | 0.9490 | 0.9327
0823 | 18:09:29 |  12.2s | 1.0e-04 | 0.0182 | 0.9526 | 0.9549 | 0.9569 | 0.0213 | 0.9392 | 0.9370 | 0.9248
0824 | 18:09:51 |  12.2s | 1.0e-04 | 0.0177 | 0.9546 | 0.9569 | 0.9600 | 0.0218 | 0.9449 | 0.9372 | 0.9331
0825 | 18:10:13 |  12.2s | 1.0e-04 | 0.0182 | 0.9541 | 0.9555 | 0.9585 | 0.0222 | 0.9302 | 0.9464 | 0.9264
0826 | 18:10:35 |  12.2s | 1.0e-04 | 0.0179 | 0.9543 | 0.9566 | 0.9595 | 0.0214 | 0.9330 | 0.9500 | 0.9330
0827 | 18:10:57 |  12.2s | 1.0e-04 | 0.0185 | 0.9523 | 0.9541 | 0.9563 | 0.0204 | 0.9456 | 0.9392 | 0.9358
0828 | 18:11:19 |  12.2s | 1.0e-04 | 0.0182 | 0.9548 | 0.9549 | 0.9587 | 0.0210 | 0.9428 | 0.9451 | 0.9363
0829 | 18:11:41 |  12.2s | 1.0e-04 | 0.0184 | 0.9528 | 0.9572 | 0.9587 | 0.0219 | 0.9289 | 0.9529 | 0.9333
0830 | 18:12:03 |  20.6s | 1.0e-04 | 0.0186 | 0.9527 | 0.9558 | 0.9569 | 0.0210 | 0.9401 | 0.9388 | 0.9288
0831 | 18:12:33 |  12.9s | 1.0e-04 | 0.0185 | 0.9549 | 0.9571 | 0.9602 | 0.0207 | 0.9458 | 0.9325 | 0.9312
0832 | 18:12:56 |  12.2s | 1.0e-04 | 0.0183 | 0.9533 | 0.9561 | 0.9589 | 0.0219 | 0.9389 | 0.9405 | 0.9281
0833 | 18:13:18 |  20.5s | 1.0e-04 | 0.0184 | 0.9527 | 0.9554 | 0.9568 | 0.0215 | 0.9353 | 0.9399 | 0.9254
0834 | 18:13:48 |  22.5s | 1.0e-04 | 0.0178 | 0.9530 | 0.9552 | 0.9569 | 0.0206 | 0.9385 | 0.9432 | 0.9315
0835 | 18:14:20 |  12.2s | 1.0e-04 | 0.0180 | 0.9522 | 0.9551 | 0.9569 | 0.0218 | 0.9417 | 0.9434 | 0.9336
0836 | 18:14:42 |  12.0s | 1.0e-04 | 0.0178 | 0.9516 | 0.9558 | 0.9560 | 0.0204 | 0.9350 | 0.9465 | 0.9311
0837 | 18:15:04 |  12.0s | 1.0e-04 | 0.0177 | 0.9526 | 0.9550 | 0.9566 | 0.0204 | 0.9379 | 0.9455 | 0.9344
0838 | 18:15:25 |  12.0s | 1.0e-04 | 0.0183 | 0.9528 | 0.9540 | 0.9557 | 0.0200 | 0.9359 | 0.9483 | 0.9348
0839 | 18:15:47 |  12.4s | 1.0e-04 | 0.0184 | 0.9526 | 0.9510 | 0.9536 | 0.0218 | 0.9510 | 0.9280 | 0.9289
0840 | 18:16:09 |  11.9s | 1.0e-04 | 0.0182 | 0.9514 | 0.9529 | 0.9536 | 0.0215 | 0.9386 | 0.9437 | 0.9310
0841 | 18:16:31 |  12.0s | 1.0e-04 | 0.0182 | 0.9518 | 0.9533 | 0.9548 | 0.0211 | 0.9346 | 0.9488 | 0.9335
0842 | 18:16:52 |  12.3s | 1.0e-04 | 0.0177 | 0.9521 | 0.9548 | 0.9560 | 0.0205 | 0.9465 | 0.9336 | 0.9316
0843 | 18:17:14 |  12.0s | 1.0e-04 | 0.0183 | 0.9496 | 0.9550 | 0.9537 | 0.0207 | 0.9391 | 0.9351 | 0.9228
0844 | 18:17:36 |  12.5s | 1.0e-04 | 0.0178 | 0.9530 | 0.9525 | 0.9558 | 0.0213 | 0.9455 | 0.9398 | 0.9373
0845 | 18:17:58 |  12.1s | 1.0e-04 | 0.0176 | 0.9542 | 0.9535 | 0.9572 | 0.0206 | 0.9443 | 0.9428 | 0.9369
0846 | 18:18:20 |  12.1s | 1.0e-04 | 0.0179 | 0.9511 | 0.9538 | 0.9544 | 0.0225 | 0.9287 | 0.9424 | 0.9205
0847 | 18:18:42 |  12.0s | 1.0e-04 | 0.0179 | 0.9528 | 0.9547 | 0.9569 | 0.0212 | 0.9390 | 0.9438 | 0.9315
0848 | 18:19:04 |  12.4s | 1.0e-04 | 0.0181 | 0.9504 | 0.9533 | 0.9540 | 0.0214 | 0.9425 | 0.9367 | 0.9298
0849 | 18:19:26 |  12.3s | 1.0e-04 | 0.0179 | 0.9517 | 0.9544 | 0.9553 | 0.0214 | 0.9390 | 0.9373 | 0.9266
0850 | 18:19:48 |  12.0s | 1.0e-04 | 0.0181 | 0.9513 | 0.9519 | 0.9531 | 0.0222 | 0.9414 | 0.9373 | 0.9253
0851 | 18:20:10 |  12.0s | 1.0e-04 | 0.0180 | 0.9525 | 0.9544 | 0.9559 | 0.0215 | 0.9351 | 0.9455 | 0.9289
0852 | 18:20:31 |  11.9s | 1.0e-04 | 0.0183 | 0.9533 | 0.9527 | 0.9556 | 0.0213 | 0.9500 | 0.9304 | 0.9345
0853 | 18:20:53 |  20.9s | 1.0e-04 | 0.0184 | 0.9520 | 0.9536 | 0.9557 | 0.0221 | 0.9394 | 0.9392 | 0.9292
0854 | 18:21:24 |  11.8s | 1.0e-04 | 0.0192 | 0.9515 | 0.9548 | 0.9558 | 0.0205 | 0.9424 | 0.9475 | 0.9399
0855 | 18:21:45 |  21.6s | 1.0e-04 | 0.0182 | 0.9548 | 0.9568 | 0.9598 | 0.0221 | 0.9324 | 0.9470 | 0.9284
0856 | 18:22:17 |  12.1s | 1.0e-04 | 0.0179 | 0.9542 | 0.9562 | 0.9588 | 0.0212 | 0.9444 | 0.9369 | 0.9329
0857 | 18:22:38 |  12.1s | 1.0e-04 | 0.0178 | 0.9539 | 0.9579 | 0.9602 | 0.0225 | 0.9415 | 0.9381 | 0.9293
0858 | 18:23:00 |  12.2s | 1.0e-04 | 0.0181 | 0.9541 | 0.9569 | 0.9597 | 0.0223 | 0.9459 | 0.9320 | 0.9309
0859 | 18:23:22 |  12.1s | 1.0e-04 | 0.0177 | 0.9558 | 0.9555 | 0.9603 | 0.0216 | 0.9291 | 0.9538 | 0.9326
0860 | 18:23:44 |  12.2s | 1.0e-04 | 0.0179 | 0.9539 | 0.9563 | 0.9588 | 0.0207 | 0.9360 | 0.9491 | 0.9354
0861 | 18:24:06 |  12.2s | 1.0e-04 | 0.0180 | 0.9539 | 0.9556 | 0.9584 | 0.0204 | 0.9451 | 0.9377 | 0.9347
0862 | 18:24:27 |  12.1s | 1.0e-04 | 0.0178 | 0.9540 | 0.9552 | 0.9584 | 0.0204 | 0.9365 | 0.9476 | 0.9338
0863 | 18:24:49 |  12.3s | 1.0e-04 | 0.0180 | 0.9522 | 0.9568 | 0.9577 | 0.0213 | 0.9396 | 0.9370 | 0.9255
0864 | 18:25:11 |  12.1s | 1.0e-04 | 0.0177 | 0.9549 | 0.9578 | 0.9610 | 0.0203 | 0.9387 | 0.9486 | 0.9369
0865 | 18:25:33 |  12.1s | 1.0e-04 | 0.0176 | 0.9542 | 0.9570 | 0.9600 | 0.0210 | 0.9372 | 0.9481 | 0.9344
0866 | 18:25:54 |  12.1s | 1.0e-04 | 0.0176 | 0.9546 | 0.9572 | 0.9608 | 0.0208 | 0.9354 | 0.9537 | 0.9377
0867 | 18:26:16 |  12.1s | 1.0e-04 | 0.0248 | 0.9532 | 0.9554 | 0.9579 | 0.0215 | 0.9351 | 0.9415 | 0.9251
0868 | 18:26:38 |  12.1s | 1.0e-04 | 0.0177 | 0.9545 | 0.9588 | 0.9612 | 0.0203 | 0.9435 | 0.9374 | 0.9315
0869 | 18:26:59 |  12.1s | 1.0e-04 | 0.0182 | 0.9526 | 0.9567 | 0.9577 | 0.0209 | 0.9326 | 0.9510 | 0.9330
0870 | 18:27:21 |  12.1s | 1.0e-04 | 0.0176 | 0.9553 | 0.9583 | 0.9613 | 0.0210 | 0.9362 | 0.9462 | 0.9311
0871 | 18:27:42 |  19.9s | 1.0e-04 | 0.0179 | 0.9527 | 0.9563 | 0.9580 | 0.0196 | 0.9423 | 0.9434 | 0.9347
0872 | 18:28:12 |  12.3s | 1.0e-04 | 0.0172 | 0.9554 | 0.9579 | 0.9613 | 0.0201 | 0.9398 | 0.9404 | 0.9321
0873 | 18:28:34 |  12.3s | 1.0e-04 | 0.0176 | 0.9520 | 0.9569 | 0.9578 | 0.0214 | 0.9440 | 0.9405 | 0.9339
0874 | 18:28:55 |  19.8s | 1.0e-04 | 0.0172 | 0.9553 | 0.9569 | 0.9610 | 0.0210 | 0.9394 | 0.9364 | 0.9274
0875 | 18:29:25 |  12.2s | 1.0e-04 | 0.0175 | 0.9532 | 0.9565 | 0.9586 | 0.0213 | 0.9356 | 0.9400 | 0.9274
0876 | 18:29:47 |  12.5s | 1.0e-04 | 0.0171 | 0.9553 | 0.9569 | 0.9618 | 0.0198 | 0.9400 | 0.9451 | 0.9348
0877 | 18:30:09 |  12.3s | 1.0e-04 | 0.0172 | 0.9546 | 0.9557 | 0.9591 | 0.0207 | 0.9430 | 0.9394 | 0.9328
0878 | 18:30:31 |  12.4s | 1.0e-04 | 0.0172 | 0.9551 | 0.9572 | 0.9610 | 0.0213 | 0.9395 | 0.9437 | 0.9329
0879 | 18:30:53 |  12.4s | 1.0e-04 | 0.0178 | 0.9527 | 0.9549 | 0.9567 | 0.0210 | 0.9415 | 0.9388 | 0.9320
0880 | 18:31:14 |  12.3s | 1.0e-04 | 0.0171 | 0.9545 | 0.9557 | 0.9597 | 0.0216 | 0.9403 | 0.9427 | 0.9328
0881 | 18:31:36 |  12.3s | 1.0e-04 | 0.0177 | 0.9530 | 0.9551 | 0.9573 | 0.0213 | 0.9452 | 0.9374 | 0.9319
0882 | 18:31:58 |  12.4s | 1.0e-04 | 0.0176 | 0.9546 | 0.9564 | 0.9593 | 0.0214 | 0.9315 | 0.9418 | 0.9194
0883 | 18:32:20 |  12.3s | 1.0e-04 | 0.0177 | 0.9521 | 0.9566 | 0.9578 | 0.0208 | 0.9316 | 0.9504 | 0.9323
0884 | 18:32:42 |  12.3s | 1.0e-04 | 0.0176 | 0.9544 | 0.9550 | 0.9589 | 0.0210 | 0.9357 | 0.9512 | 0.9371
0885 | 18:33:03 |  12.7s | 1.0e-04 | 0.0175 | 0.9544 | 0.9558 | 0.9588 | 0.0210 | 0.9394 | 0.9432 | 0.9319
0886 | 18:33:25 |  12.7s | 1.0e-04 | 0.0176 | 0.9535 | 0.9558 | 0.9583 | 0.0206 | 0.9371 | 0.9426 | 0.9295
0887 | 18:33:48 |  12.3s | 1.0e-04 | 0.0176 | 0.9532 | 0.9563 | 0.9587 | 0.0211 | 0.9386 | 0.9478 | 0.9368
0888 | 18:34:09 |  12.6s | 1.0e-04 | 0.0175 | 0.9562 | 0.9562 | 0.9614 | 0.0200 | 0.9385 | 0.9509 | 0.9394
0889 | 18:34:32 |  12.6s | 1.0e-04 | 0.0176 | 0.9551 | 0.9547 | 0.9591 | 0.0212 | 0.9354 | 0.9414 | 0.9247
0890 | 18:34:54 |  12.3s | 1.0e-04 | 0.0174 | 0.9555 | 0.9555 | 0.9605 | 0.0211 | 0.9341 | 0.9489 | 0.9333
0891 | 18:35:15 |  12.3s | 1.0e-04 | 0.0177 | 0.9539 | 0.9570 | 0.9595 | 0.0203 | 0.9417 | 0.9455 | 0.9368
0892 | 18:35:37 |  20.7s | 1.0e-04 | 0.0177 | 0.9540 | 0.9552 | 0.9582 | 0.0208 | 0.9361 | 0.9531 | 0.9415
0893 | 18:36:07 |  12.7s | 1.0e-04 | 0.0172 | 0.9544 | 0.9556 | 0.9588 | 0.0207 | 0.9420 | 0.9430 | 0.9353
0894 | 18:36:29 |  12.4s | 1.0e-04 | 0.0172 | 0.9530 | 0.9559 | 0.9576 | 0.0201 | 0.9437 | 0.9417 | 0.9348
0895 | 18:36:51 |  20.6s | 1.0e-04 | 0.0174 | 0.9520 | 0.9546 | 0.9555 | 0.0208 | 0.9385 | 0.9389 | 0.9271
0896 | 18:37:22 |  22.9s | 1.0e-04 | 0.0171 | 0.9532 | 0.9547 | 0.9568 | 0.0209 | 0.9400 | 0.9395 | 0.9314
0897 | 18:37:54 |  12.3s | 1.0e-04 | 0.0174 | 0.9529 | 0.9548 | 0.9571 | 0.0210 | 0.9314 | 0.9534 | 0.9351
0898 | 18:38:16 |  12.7s | 1.0e-04 | 0.0178 | 0.9521 | 0.9543 | 0.9562 | 0.0214 | 0.9337 | 0.9463 | 0.9296
0899 | 18:38:38 |  12.2s | 1.0e-04 | 0.0178 | 0.9522 | 0.9529 | 0.9553 | 0.0212 | 0.9462 | 0.9392 | 0.9336
0900 | 18:39:00 |  12.2s | 1.0e-04 | 0.0170 | 0.9556 | 0.9551 | 0.9598 | 0.0215 | 0.9396 | 0.9405 | 0.9293
0901 | 18:39:21 |  12.3s | 1.0e-04 | 0.0175 | 0.9538 | 0.9529 | 0.9563 | 0.0208 | 0.9495 | 0.9315 | 0.9288
0902 | 18:39:43 |  12.3s | 1.0e-04 | 0.0174 | 0.9538 | 0.9542 | 0.9576 | 0.0211 | 0.9315 | 0.9451 | 0.9258
0903 | 18:40:05 |  12.3s | 1.0e-04 | 0.0180 | 0.9525 | 0.9523 | 0.9545 | 0.0204 | 0.9408 | 0.9483 | 0.9387
0904 | 18:40:27 |  12.6s | 1.0e-04 | 0.0180 | 0.9511 | 0.9548 | 0.9552 | 0.0213 | 0.9397 | 0.9438 | 0.9333
0905 | 18:40:49 |  12.4s | 1.0e-04 | 0.0179 | 0.9541 | 0.9542 | 0.9579 | 0.0215 | 0.9370 | 0.9387 | 0.9235
0906 | 18:41:11 |  12.4s | 1.0e-04 | 0.0176 | 0.9525 | 0.9567 | 0.9577 | 0.0199 | 0.9364 | 0.9496 | 0.9359
0907 | 18:41:33 |  12.3s | 1.0e-04 | 0.0172 | 0.9538 | 0.9569 | 0.9594 | 0.0214 | 0.9370 | 0.9432 | 0.9296
0908 | 18:41:55 |  12.3s | 1.0e-04 | 0.0177 | 0.9521 | 0.9539 | 0.9555 | 0.0222 | 0.9429 | 0.9387 | 0.9328
0909 | 18:42:16 |  12.3s | 1.0e-04 | 0.0179 | 0.9518 | 0.9549 | 0.9554 | 0.0209 | 0.9440 | 0.9379 | 0.9310
0910 | 18:42:38 |  12.2s | 1.0e-04 | 0.0174 | 0.9540 | 0.9549 | 0.9579 | 0.0204 | 0.9340 | 0.9542 | 0.9401
0911 | 18:43:00 |  12.2s | 1.0e-04 | 0.0181 | 0.9511 | 0.9551 | 0.9558 | 0.0213 | 0.9454 | 0.9447 | 0.9421
0912 | 18:43:21 |  12.3s | 1.0e-04 | 0.0177 | 0.9538 | 0.9561 | 0.9591 | 0.0217 | 0.9449 | 0.9348 | 0.9264
0913 | 18:43:43 |  20.7s | 1.0e-04 | 0.0178 | 0.9528 | 0.9547 | 0.9574 | 0.0208 | 0.9498 | 0.9405 | 0.9401
0914 | 18:44:13 |  12.5s | 1.0e-04 | 0.0172 | 0.9542 | 0.9566 | 0.9604 | 0.0212 | 0.9455 | 0.9302 | 0.9265
0915 | 18:44:35 |  12.5s | 1.0e-04 | 0.0179 | 0.9541 | 0.9562 | 0.9590 | 0.0202 | 0.9470 | 0.9398 | 0.9367
0916 | 18:44:57 |  20.4s | 1.0e-04 | 0.0176 | 0.9536 | 0.9551 | 0.9569 | 0.0214 | 0.9415 | 0.9431 | 0.9339
0917 | 18:45:27 |  20.6s | 1.0e-04 | 0.0183 | 0.9544 | 0.9556 | 0.9588 | 0.0202 | 0.9451 | 0.9423 | 0.9368
0918 | 18:45:57 |  12.1s | 1.0e-04 | 0.0180 | 0.9533 | 0.9561 | 0.9587 | 0.0218 | 0.9465 | 0.9432 | 0.9404
0919 | 18:46:19 |  12.0s | 1.0e-04 | 0.0175 | 0.9536 | 0.9581 | 0.9593 | 0.0213 | 0.9414 | 0.9474 | 0.9388
0920 | 18:46:40 |  12.1s | 1.0e-04 | 0.0176 | 0.9544 | 0.9567 | 0.9595 | 0.0213 | 0.9344 | 0.9424 | 0.9249
0921 | 18:47:02 |  12.2s | 1.0e-04 | 0.0174 | 0.9554 | 0.9565 | 0.9607 | 0.0222 | 0.9340 | 0.9527 | 0.9366
0922 | 18:47:24 |  12.1s | 1.0e-04 | 0.0176 | 0.9535 | 0.9549 | 0.9578 | 0.0216 | 0.9367 | 0.9447 | 0.9293
0923 | 18:47:45 |  12.0s | 1.0e-04 | 0.0174 | 0.9563 | 0.9569 | 0.9615 | 0.0203 | 0.9420 | 0.9425 | 0.9332
0924 | 18:48:07 |  12.0s | 1.0e-04 | 0.0177 | 0.9550 | 0.9554 | 0.9591 | 0.0210 | 0.9491 | 0.9375 | 0.9377
0925 | 18:48:28 |  12.0s | 1.0e-04 | 0.0168 | 0.9565 | 0.9579 | 0.9633 | 0.0209 | 0.9347 | 0.9477 | 0.9326
0926 | 18:48:50 |  12.0s | 1.0e-04 | 0.0176 | 0.9553 | 0.9577 | 0.9619 | 0.0212 | 0.9477 | 0.9384 | 0.9359
0927 | 18:49:11 |  12.1s | 1.0e-04 | 0.0171 | 0.9551 | 0.9562 | 0.9612 | 0.0211 | 0.9418 | 0.9406 | 0.9333
0928 | 18:49:33 |  12.1s | 1.0e-04 | 0.0178 | 0.9550 | 0.9558 | 0.9599 | 0.0203 | 0.9401 | 0.9425 | 0.9331
0929 | 18:49:54 |  12.0s | 1.0e-04 | 0.0174 | 0.9560 | 0.9578 | 0.9626 | 0.0220 | 0.9376 | 0.9421 | 0.9310
0930 | 18:50:16 |  12.3s | 1.0e-04 | 0.0172 | 0.9545 | 0.9567 | 0.9597 | 0.0211 | 0.9352 | 0.9438 | 0.9298
0931 | 18:50:38 |  12.0s | 1.0e-04 | 0.0178 | 0.9524 | 0.9561 | 0.9571 | 0.0221 | 0.9387 | 0.9426 | 0.9312
0932 | 18:50:59 |  12.6s | 1.0e-04 | 0.0177 | 0.9544 | 0.9571 | 0.9607 | 0.0211 | 0.9415 | 0.9389 | 0.9309
0933 | 18:51:21 |  12.4s | 1.0e-04 | 0.0181 | 0.9534 | 0.9555 | 0.9588 | 0.0221 | 0.9402 | 0.9348 | 0.9243
0934 | 18:51:43 |  21.2s | 1.0e-04 | 0.0178 | 0.9535 | 0.9556 | 0.9578 | 0.0199 | 0.9365 | 0.9493 | 0.9363
0935 | 18:52:14 |  12.0s | 1.0e-04 | 0.0180 | 0.9545 | 0.9558 | 0.9587 | 0.0204 | 0.9405 | 0.9487 | 0.9391
0936 | 18:52:35 |  12.1s | 1.0e-04 | 0.0181 | 0.9524 | 0.9566 | 0.9577 | 0.0210 | 0.9429 | 0.9377 | 0.9308
0937 | 18:52:57 |  20.8s | 1.0e-04 | 0.0181 | 0.9539 | 0.9574 | 0.9595 | 0.0215 | 0.9356 | 0.9414 | 0.9251
0938 | 18:53:27 |  21.7s | 1.0e-04 | 0.0174 | 0.9554 | 0.9576 | 0.9620 | 0.0205 | 0.9487 | 0.9345 | 0.9354
0939 | 18:53:58 |  12.1s | 1.0e-04 | 0.0178 | 0.9545 | 0.9568 | 0.9601 | 0.0213 | 0.9469 | 0.9394 | 0.9331
0940 | 18:54:20 |  12.0s | 1.0e-04 | 0.0175 | 0.9564 | 0.9582 | 0.9625 | 0.0206 | 0.9406 | 0.9355 | 0.9281
0941 | 18:54:41 |  12.0s | 1.0e-04 | 0.0171 | 0.9555 | 0.9587 | 0.9620 | 0.0207 | 0.9392 | 0.9456 | 0.9325
0942 | 18:55:03 |  12.0s | 1.0e-04 | 0.0178 | 0.9560 | 0.9564 | 0.9613 | 0.0211 | 0.9381 | 0.9456 | 0.9330
0943 | 18:55:24 |  12.1s | 1.0e-04 | 0.0182 | 0.9530 | 0.9561 | 0.9576 | 0.0208 | 0.9412 | 0.9389 | 0.9309
0944 | 18:55:46 |  12.3s | 1.0e-04 | 0.0173 | 0.9566 | 0.9568 | 0.9618 | 0.0205 | 0.9442 | 0.9452 | 0.9380
0945 | 18:56:08 |  11.9s | 1.0e-04 | 0.0176 | 0.9557 | 0.9583 | 0.9615 | 0.0211 | 0.9439 | 0.9354 | 0.9303
0946 | 18:56:29 |  12.3s | 1.0e-04 | 0.0179 | 0.9550 | 0.9579 | 0.9614 | 0.0213 | 0.9347 | 0.9474 | 0.9314
0947 | 18:56:51 |  11.9s | 1.0e-04 | 0.0180 | 0.9542 | 0.9553 | 0.9584 | 0.0201 | 0.9380 | 0.9487 | 0.9371
0948 | 18:57:12 |  12.4s | 1.0e-04 | 0.0175 | 0.9552 | 0.9578 | 0.9622 | 0.0203 | 0.9418 | 0.9471 | 0.9392
0949 | 18:57:34 |  12.5s | 1.0e-04 | 0.0177 | 0.9556 | 0.9559 | 0.9603 | 0.0216 | 0.9390 | 0.9447 | 0.9330
0950 | 18:57:56 |  11.9s | 1.0e-04 | 0.0182 | 0.9536 | 0.9559 | 0.9585 | 0.0210 | 0.9472 | 0.9281 | 0.9249
0951 | 18:58:17 |  12.1s | 1.0e-04 | 0.0177 | 0.9543 | 0.9571 | 0.9599 | 0.0222 | 0.9431 | 0.9373 | 0.9312
0952 | 18:58:39 |  12.3s | 1.0e-04 | 0.0177 | 0.9541 | 0.9564 | 0.9597 | 0.0199 | 0.9418 | 0.9451 | 0.9357
0953 | 18:59:01 |  11.9s | 1.0e-04 | 0.0174 | 0.9539 | 0.9576 | 0.9592 | 0.0221 | 0.9380 | 0.9399 | 0.9299
0954 | 18:59:22 |  11.9s | 1.0e-04 | 0.0174 | 0.9536 | 0.9563 | 0.9585 | 0.0211 | 0.9331 | 0.9452 | 0.9285
0955 | 18:59:43 |  20.2s | 1.0e-04 | 0.0175 | 0.9522 | 0.9554 | 0.9567 | 0.0208 | 0.9433 | 0.9420 | 0.9367
0956 | 19:00:13 |  12.0s | 1.0e-04 | 0.0172 | 0.9547 | 0.9574 | 0.9605 | 0.0203 | 0.9427 | 0.9447 | 0.9383
0957 | 19:00:34 |  11.9s | 1.0e-04 | 0.0171 | 0.9560 | 0.9572 | 0.9620 | 0.0207 | 0.9434 | 0.9419 | 0.9338
0958 | 19:00:56 |  20.5s | 1.0e-04 | 0.0177 | 0.9554 | 0.9571 | 0.9612 | 0.0210 | 0.9431 | 0.9365 | 0.9307
0959 | 19:01:26 |  20.2s | 1.0e-04 | 0.0169 | 0.9557 | 0.9591 | 0.9632 | 0.0223 | 0.9304 | 0.9482 | 0.9286
0960 | 19:01:55 |  12.1s | 1.0e-04 | 0.0167 | 0.9570 | 0.9609 | 0.9659 | 0.0210 | 0.9403 | 0.9475 | 0.9346
0961 | 19:02:17 |  12.2s | 1.0e-04 | 0.0166 | 0.9584 | 0.9598 | 0.9660 | 0.0217 | 0.9350 | 0.9477 | 0.9320
0962 | 19:02:39 |  12.2s | 1.0e-04 | 0.0159 | 0.9583 | 0.9609 | 0.9671 | 0.0218 | 0.9311 | 0.9488 | 0.9295
0963 | 19:03:00 |  12.1s | 1.0e-04 | 0.0164 | 0.9570 | 0.9606 | 0.9646 | 0.0220 | 0.9407 | 0.9436 | 0.9346
0964 | 19:03:22 |  12.0s | 1.0e-04 | 0.0167 | 0.9553 | 0.9589 | 0.9625 | 0.0205 | 0.9375 | 0.9418 | 0.9300
0965 | 19:03:43 |  12.7s | 1.0e-04 | 0.0163 | 0.9568 | 0.9598 | 0.9641 | 0.0219 | 0.9471 | 0.9357 | 0.9308
0966 | 19:04:06 |  12.1s | 1.0e-04 | 0.0166 | 0.9571 | 0.9590 | 0.9634 | 0.0222 | 0.9404 | 0.9382 | 0.9278
0967 | 19:04:27 |  12.1s | 1.0e-04 | 0.0163 | 0.9585 | 0.9604 | 0.9665 | 0.0212 | 0.9478 | 0.9354 | 0.9329
0968 | 19:04:49 |  12.1s | 1.0e-04 | 0.0162 | 0.9583 | 0.9611 | 0.9668 | 0.0212 | 0.9425 | 0.9367 | 0.9276
0969 | 19:05:10 |  12.1s | 1.0e-04 | 0.0166 | 0.9572 | 0.9604 | 0.9662 | 0.0207 | 0.9396 | 0.9453 | 0.9353
0970 | 19:05:32 |  12.1s | 1.0e-04 | 0.0163 | 0.9577 | 0.9618 | 0.9662 | 0.0213 | 0.9370 | 0.9457 | 0.9318
0971 | 19:05:53 |  12.2s | 1.0e-04 | 0.0168 | 0.9555 | 0.9598 | 0.9635 | 0.0210 | 0.9342 | 0.9468 | 0.9299
0972 | 19:06:15 |  12.2s | 1.0e-04 | 0.0163 | 0.9573 | 0.9609 | 0.9660 | 0.0211 | 0.9362 | 0.9426 | 0.9268
0973 | 19:06:36 |  12.1s | 1.0e-04 | 0.0169 | 0.9567 | 0.9601 | 0.9645 | 0.0220 | 0.9388 | 0.9375 | 0.9229
0974 | 19:06:58 |  12.2s | 1.0e-04 | 0.0165 | 0.9561 | 0.9600 | 0.9645 | 0.0217 | 0.9431 | 0.9373 | 0.9271
0975 | 19:07:19 |  12.1s | 1.0e-04 | 0.0168 | 0.9559 | 0.9593 | 0.9632 | 0.0214 | 0.9421 | 0.9477 | 0.9404
0976 | 19:07:41 |  12.1s | 1.0e-04 | 0.0168 | 0.9564 | 0.9606 | 0.9642 | 0.0207 | 0.9439 | 0.9394 | 0.9336
0977 | 19:08:03 |  12.2s | 1.0e-04 | 0.0168 | 0.9563 | 0.9576 | 0.9621 | 0.0213 | 0.9415 | 0.9488 | 0.9405
0978 | 19:08:24 |  20.7s | 1.0e-04 | 0.0169 | 0.9555 | 0.9597 | 0.9626 | 0.0210 | 0.9401 | 0.9428 | 0.9325
0979 | 19:08:54 |  12.1s | 1.0e-04 | 0.0165 | 0.9558 | 0.9575 | 0.9619 | 0.0208 | 0.9451 | 0.9357 | 0.9301
0980 | 19:09:16 |  21.0s | 1.0e-04 | 0.0171 | 0.9558 | 0.9574 | 0.9617 | 0.0215 | 0.9395 | 0.9427 | 0.9308
0981 | 19:09:46 |  12.0s | 1.0e-04 | 0.0176 | 0.9540 | 0.9557 | 0.9588 | 0.0206 | 0.9385 | 0.9465 | 0.9340
0982 | 19:10:08 |  12.2s | 1.0e-04 | 0.0170 | 0.9551 | 0.9573 | 0.9609 | 0.0215 | 0.9462 | 0.9341 | 0.9300
0983 | 19:10:29 |  12.1s | 1.0e-04 | 0.0169 | 0.9560 | 0.9568 | 0.9616 | 0.0214 | 0.9431 | 0.9444 | 0.9349
0984 | 19:10:51 |  12.1s | 1.0e-04 | 0.0171 | 0.9542 | 0.9558 | 0.9592 | 0.0211 | 0.9385 | 0.9423 | 0.9327
0985 | 19:11:12 |  12.2s | 1.0e-04 | 0.0174 | 0.9553 | 0.9577 | 0.9614 | 0.0216 | 0.9477 | 0.9334 | 0.9308
0986 | 19:11:34 |  12.1s | 1.0e-04 | 0.0175 | 0.9548 | 0.9554 | 0.9587 | 0.0211 | 0.9475 | 0.9350 | 0.9338
0987 | 19:11:55 |  12.1s | 1.0e-04 | 0.0175 | 0.9556 | 0.9562 | 0.9605 | 0.0215 | 0.9403 | 0.9425 | 0.9339
0988 | 19:12:17 |  12.1s | 1.0e-04 | 0.0170 | 0.9544 | 0.9568 | 0.9595 | 0.0205 | 0.9433 | 0.9424 | 0.9353
0989 | 19:12:38 |  12.0s | 1.0e-04 | 0.0174 | 0.9536 | 0.9564 | 0.9596 | 0.0204 | 0.9413 | 0.9414 | 0.9301
0990 | 19:13:00 |  12.5s | 1.0e-04 | 0.0173 | 0.9549 | 0.9588 | 0.9620 | 0.0200 | 0.9428 | 0.9469 | 0.9405
0991 | 19:13:22 |  12.3s | 1.0e-04 | 0.0175 | 0.9562 | 0.9565 | 0.9614 | 0.0205 | 0.9372 | 0.9477 | 0.9354
0992 | 19:13:44 |  12.1s | 1.0e-04 | 0.0173 | 0.9551 | 0.9575 | 0.9617 | 0.0218 | 0.9365 | 0.9462 | 0.9314
0993 | 19:14:05 |  12.0s | 1.0e-04 | 0.0168 | 0.9551 | 0.9567 | 0.9609 | 0.0207 | 0.9445 | 0.9347 | 0.9268
0994 | 19:14:27 |  12.1s | 1.0e-04 | 0.0171 | 0.9555 | 0.9559 | 0.9604 | 0.0207 | 0.9459 | 0.9407 | 0.9355
0995 | 19:14:48 |  12.1s | 1.0e-04 | 0.0176 | 0.9545 | 0.9577 | 0.9602 | 0.0220 | 0.9354 | 0.9456 | 0.9315
0996 | 19:15:10 |  20.4s | 1.0e-04 | 0.0175 | 0.9554 | 0.9571 | 0.9616 | 0.0204 | 0.9446 | 0.9432 | 0.9388
0997 | 19:15:40 |  12.0s | 1.0e-04 | 0.0172 | 0.9550 | 0.9573 | 0.9610 | 0.0209 | 0.9390 | 0.9414 | 0.9304
0998 | 19:16:01 |  12.0s | 1.0e-04 | 0.0175 | 0.9546 | 0.9576 | 0.9610 | 0.0218 | 0.9480 | 0.9298 | 0.9284
0999 | 19:16:23 |  19.9s | 1.0e-04 | 0.0173 | 0.9577 | 0.9584 | 0.9640 | 0.0202 | 0.9478 | 0.9339 | 0.9333
1000 | 19:16:52 |  12.1s | 1.0e-04 | 0.0176 | 0.9563 | 0.9570 | 0.9615 | 0.0207 | 0.9395 | 0.9461 | 0.9346
