Starting FC-Last-Layer + k=12 Experiment on cuda:0
0001 | 18:49:13 |  26.6s | 1.0e-04 | 0.2906 | 0.5699 | 0.0472 | 0.0992 | 0.1808 | 0.7663 | 0.0750 | 0.1776
0002 | 18:49:51 |  14.0s | 1.0e-04 | 0.1610 | 0.7458 | 0.3021 | 0.2748 | 0.1159 | 0.7639 | 0.4932 | 0.3468
0003 | 18:50:15 |  13.9s | 1.0e-04 | 0.1271 | 0.7692 | 0.5413 | 0.3952 | 0.1044 | 0.7423 | 0.5835 | 0.3763
0004 | 18:50:40 |  14.0s | 1.0e-04 | 0.1131 | 0.7858 | 0.5737 | 0.4209 | 0.1001 | 0.7766 | 0.5815 | 0.4071
0005 | 18:51:05 |  14.0s | 1.0e-04 | 0.1205 | 0.7738 | 0.5800 | 0.4240 | 0.1023 | 0.7668 | 0.6114 | 0.4139
0006 | 18:51:30 |  13.9s | 1.0e-04 | 0.1074 | 0.7936 | 0.6211 | 0.4587 | 0.0957 | 0.7835 | 0.6124 | 0.4362
0007 | 18:51:55 |  14.0s | 1.0e-04 | 0.1085 | 0.7902 | 0.6399 | 0.4720 | 0.0933 | 0.7911 | 0.6174 | 0.4402
0008 | 18:52:19 |  23.2s | 1.0e-04 | 0.1002 | 0.8018 | 0.6609 | 0.4921 | 0.0912 | 0.8048 | 0.6265 | 0.4610
0009 | 18:52:53 |  14.4s | 1.0e-04 | 0.0949 | 0.8085 | 0.6615 | 0.4964 | 0.0901 | 0.7771 | 0.6858 | 0.4636
0010 | 18:53:19 |  14.3s | 1.0e-04 | 0.0942 | 0.8099 | 0.6708 | 0.4982 | 0.0872 | 0.8226 | 0.6162 | 0.4710
0011 | 18:53:44 |  14.3s | 1.0e-04 | 0.0910 | 0.8166 | 0.6790 | 0.5111 | 0.0861 | 0.8196 | 0.6560 | 0.4912
0012 | 18:54:09 |  14.3s | 1.0e-04 | 0.0911 | 0.8189 | 0.6837 | 0.5249 | 0.0850 | 0.8362 | 0.6216 | 0.4891
0013 | 18:54:34 |  14.4s | 1.0e-04 | 0.0917 | 0.8177 | 0.6928 | 0.5307 | 0.0841 | 0.8060 | 0.6706 | 0.4948
0014 | 18:54:59 |  14.3s | 1.0e-04 | 0.0876 | 0.8205 | 0.6994 | 0.5433 | 0.0815 | 0.8337 | 0.6348 | 0.5000
0015 | 18:55:24 |  14.3s | 1.0e-04 | 0.0858 | 0.8282 | 0.7050 | 0.5564 | 0.0822 | 0.8238 | 0.6883 | 0.5286
0016 | 18:55:50 |  26.1s | 1.0e-04 | 0.0864 | 0.8259 | 0.7119 | 0.5697 | 0.0832 | 0.7804 | 0.7248 | 0.5246
0017 | 18:56:27 |  13.8s | 1.0e-04 | 0.0857 | 0.8273 | 0.7154 | 0.5755 | 0.0783 | 0.8439 | 0.6752 | 0.5506
0018 | 18:56:51 |  13.7s | 1.0e-04 | 0.0829 | 0.8339 | 0.7219 | 0.5891 | 0.0792 | 0.8200 | 0.7255 | 0.5669
0019 | 18:57:16 |  13.8s | 1.0e-04 | 0.0814 | 0.8347 | 0.7322 | 0.6057 | 0.0773 | 0.8516 | 0.6682 | 0.5581
0020 | 18:57:40 |  13.6s | 1.0e-04 | 0.0794 | 0.8350 | 0.7320 | 0.6075 | 0.0757 | 0.8486 | 0.6837 | 0.5714
0021 | 18:58:05 |  13.7s | 1.0e-04 | 0.0792 | 0.8362 | 0.7376 | 0.6212 | 0.0729 | 0.8213 | 0.7126 | 0.5663
0022 | 18:58:30 |  13.7s | 1.0e-04 | 0.0776 | 0.8398 | 0.7446 | 0.6298 | 0.0748 | 0.8296 | 0.7293 | 0.5951
0023 | 18:58:54 |  13.8s | 1.0e-04 | 0.0766 | 0.8418 | 0.7476 | 0.6374 | 0.0727 | 0.8027 | 0.7530 | 0.5843
0024 | 18:59:19 |  26.6s | 1.0e-04 | 0.0755 | 0.8422 | 0.7533 | 0.6476 | 0.0712 | 0.8404 | 0.7204 | 0.6120
0025 | 18:59:56 |  14.0s | 1.0e-04 | 0.0749 | 0.8440 | 0.7574 | 0.6540 | 0.0706 | 0.7960 | 0.7795 | 0.6110
0026 | 19:00:21 |  14.0s | 1.0e-04 | 0.0732 | 0.8476 | 0.7631 | 0.6656 | 0.0711 | 0.8375 | 0.7542 | 0.6390
0027 | 19:00:46 |  14.0s | 1.0e-04 | 0.0719 | 0.8495 | 0.7662 | 0.6717 | 0.0698 | 0.8145 | 0.7763 | 0.6362
0028 | 19:01:11 |  14.1s | 1.0e-04 | 0.0716 | 0.8516 | 0.7714 | 0.6794 | 0.0675 | 0.8548 | 0.7219 | 0.6319
0029 | 19:01:36 |  14.0s | 1.0e-04 | 0.0705 | 0.8526 | 0.7729 | 0.6853 | 0.0678 | 0.8380 | 0.7555 | 0.6400
0030 | 19:02:00 |  14.1s | 1.0e-04 | 0.0709 | 0.8535 | 0.7776 | 0.6934 | 0.0652 | 0.8333 | 0.7726 | 0.6482
0031 | 19:02:25 |  14.0s | 1.0e-04 | 0.0699 | 0.8542 | 0.7783 | 0.6974 | 0.0666 | 0.8315 | 0.7758 | 0.6574
0032 | 19:02:50 |  26.9s | 1.0e-04 | 0.0674 | 0.8551 | 0.7799 | 0.6989 | 0.0650 | 0.8644 | 0.7450 | 0.6706
0033 | 19:03:28 |  14.1s | 1.0e-04 | 0.0661 | 0.8586 | 0.7825 | 0.7023 | 0.0626 | 0.8438 | 0.7747 | 0.6779
0034 | 19:03:53 |  14.1s | 1.0e-04 | 0.0654 | 0.8591 | 0.7859 | 0.7101 | 0.0642 | 0.8537 | 0.7624 | 0.6749
0035 | 19:04:18 |  14.2s | 1.0e-04 | 0.0652 | 0.8603 | 0.7883 | 0.7145 | 0.0642 | 0.8678 | 0.7315 | 0.6707
0036 | 19:04:43 |  14.1s | 1.0e-04 | 0.0641 | 0.8629 | 0.7907 | 0.7191 | 0.0663 | 0.8893 | 0.7262 | 0.6864
0037 | 19:05:08 |  14.1s | 1.0e-04 | 0.0644 | 0.8620 | 0.7925 | 0.7217 | 0.0623 | 0.8587 | 0.7779 | 0.6941
0038 | 19:05:33 |  14.2s | 1.0e-04 | 0.0628 | 0.8648 | 0.7956 | 0.7310 | 0.0610 | 0.8749 | 0.7499 | 0.6913
0039 | 19:05:58 |  14.1s | 1.0e-04 | 0.0622 | 0.8669 | 0.7992 | 0.7378 | 0.0626 | 0.8285 | 0.8255 | 0.7199
0040 | 19:06:23 |  26.9s | 1.0e-04 | 0.0640 | 0.8705 | 0.8087 | 0.7534 | 0.0627 | 0.8214 | 0.8355 | 0.7220
0041 | 19:07:01 |  14.1s | 1.0e-04 | 0.0647 | 0.8696 | 0.8038 | 0.7475 | 0.0598 | 0.8496 | 0.8090 | 0.7221
0042 | 19:07:25 |  14.0s | 1.0e-04 | 0.0630 | 0.8716 | 0.8108 | 0.7593 | 0.0585 | 0.8569 | 0.7859 | 0.7102
0043 | 19:07:50 |  14.0s | 1.0e-04 | 0.0622 | 0.8729 | 0.8135 | 0.7658 | 0.0592 | 0.8292 | 0.8232 | 0.7189
0044 | 19:08:15 |  14.1s | 1.0e-04 | 0.0622 | 0.8730 | 0.8152 | 0.7686 | 0.0587 | 0.8705 | 0.7709 | 0.7198
0045 | 19:08:40 |  14.1s | 1.0e-04 | 0.0617 | 0.8743 | 0.8173 | 0.7729 | 0.0575 | 0.8489 | 0.8108 | 0.7258
0046 | 19:09:05 |  14.1s | 1.0e-04 | 0.0607 | 0.8762 | 0.8226 | 0.7828 | 0.0579 | 0.8830 | 0.7660 | 0.7220
0047 | 19:09:30 |  27.5s | 1.0e-04 | 0.0595 | 0.8762 | 0.8179 | 0.7767 | 0.0567 | 0.8823 | 0.7815 | 0.7425
0048 | 19:10:08 |  13.9s | 1.0e-04 | 0.0578 | 0.8724 | 0.8087 | 0.7574 | 0.0557 | 0.8644 | 0.8067 | 0.7467
0049 | 19:10:33 |  13.9s | 1.0e-04 | 0.0557 | 0.8766 | 0.8152 | 0.7712 | 0.0559 | 0.8622 | 0.8104 | 0.7454
0050 | 19:10:57 |  13.9s | 1.0e-04 | 0.0553 | 0.8768 | 0.8151 | 0.7653 | 0.0541 | 0.8845 | 0.7926 | 0.7533
0051 | 19:11:22 |  13.9s | 1.0e-04 | 0.0551 | 0.8780 | 0.8182 | 0.7720 | 0.0563 | 0.8257 | 0.8614 | 0.7651
0052 | 19:11:47 |  13.9s | 1.0e-04 | 0.0542 | 0.8786 | 0.8215 | 0.7780 | 0.0534 | 0.8741 | 0.8150 | 0.7700
0053 | 19:12:11 |  13.9s | 1.0e-04 | 0.0536 | 0.8794 | 0.8218 | 0.7816 | 0.0533 | 0.8743 | 0.8173 | 0.7725
0054 | 19:12:36 |  13.9s | 1.0e-04 | 0.0539 | 0.8805 | 0.8227 | 0.7836 | 0.0557 | 0.8241 | 0.8619 | 0.7638
0055 | 19:13:01 |  27.8s | 1.0e-04 | 0.0526 | 0.8803 | 0.8251 | 0.7850 | 0.0548 | 0.8557 | 0.8380 | 0.7669
0056 | 19:13:40 |  14.3s | 1.0e-04 | 0.0524 | 0.8819 | 0.8302 | 0.7941 | 0.0536 | 0.8655 | 0.8338 | 0.7743
0057 | 19:14:05 |  14.2s | 1.0e-04 | 0.0525 | 0.8803 | 0.8277 | 0.7884 | 0.0523 | 0.8765 | 0.8265 | 0.7825
0058 | 19:14:30 |  14.2s | 1.0e-04 | 0.0523 | 0.8801 | 0.8281 | 0.7894 | 0.0529 | 0.8708 | 0.8304 | 0.7845
0059 | 19:14:55 |  14.2s | 1.0e-04 | 0.0512 | 0.8827 | 0.8304 | 0.7971 | 0.0518 | 0.8719 | 0.8264 | 0.7774
0060 | 19:15:20 |  14.2s | 1.0e-04 | 0.0498 | 0.8858 | 0.8363 | 0.8085 | 0.0513 | 0.8770 | 0.8161 | 0.7702
0061 | 19:15:45 |  14.3s | 1.0e-04 | 0.0498 | 0.8845 | 0.8348 | 0.8019 | 0.0502 | 0.8794 | 0.8127 | 0.7749
0062 | 19:16:10 |  14.3s | 1.0e-04 | 0.0493 | 0.8870 | 0.8378 | 0.8095 | 0.0499 | 0.8912 | 0.8236 | 0.8012
0063 | 19:16:35 |  31.1s | 1.0e-04 | 0.0495 | 0.8869 | 0.8396 | 0.8134 | 0.0512 | 0.8764 | 0.8381 | 0.8016
0064 | 19:17:17 |  14.3s | 1.0e-04 | 0.0498 | 0.8871 | 0.8408 | 0.8147 | 0.0509 | 0.8629 | 0.8445 | 0.7915
0065 | 19:17:42 |  14.3s | 1.0e-04 | 0.0492 | 0.8863 | 0.8409 | 0.8157 | 0.0486 | 0.8901 | 0.8203 | 0.7977
0066 | 19:18:07 |  14.3s | 1.0e-04 | 0.0491 | 0.8881 | 0.8445 | 0.8227 | 0.0483 | 0.8747 | 0.8527 | 0.8149
0067 | 19:18:32 |  14.2s | 1.0e-04 | 0.0513 | 0.8838 | 0.8377 | 0.8126 | 0.0495 | 0.8817 | 0.8232 | 0.7874
0068 | 19:18:57 |  14.3s | 1.0e-04 | 0.0502 | 0.8846 | 0.8385 | 0.8121 | 0.0496 | 0.8529 | 0.8643 | 0.8019
0069 | 19:19:22 |  14.2s | 1.0e-04 | 0.0488 | 0.8872 | 0.8403 | 0.8154 | 0.0480 | 0.8791 | 0.8491 | 0.8148
0070 | 19:19:47 |  14.2s | 1.0e-04 | 0.0480 | 0.8891 | 0.8466 | 0.8252 | 0.0471 | 0.8809 | 0.8371 | 0.8055
0071 | 19:20:12 |  22.9s | 1.0e-04 | 0.0487 | 0.8916 | 0.8516 | 0.8386 | 0.0479 | 0.8928 | 0.8246 | 0.8098
0072 | 19:20:46 |  13.9s | 1.0e-04 | 0.0488 | 0.8917 | 0.8535 | 0.8369 | 0.0483 | 0.8883 | 0.8412 | 0.8172
0073 | 19:21:11 |  14.0s | 1.0e-04 | 0.0483 | 0.8943 | 0.8571 | 0.8458 | 0.0486 | 0.8934 | 0.8274 | 0.8114
0074 | 19:21:36 |  13.9s | 1.0e-04 | 0.0483 | 0.8951 | 0.8560 | 0.8458 | 0.0488 | 0.8587 | 0.8707 | 0.8192
0075 | 19:22:00 |  13.9s | 1.0e-04 | 0.0474 | 0.8954 | 0.8594 | 0.8513 | 0.0470 | 0.8961 | 0.8236 | 0.8153
0076 | 19:22:25 |  14.0s | 1.0e-04 | 0.0471 | 0.8961 | 0.8601 | 0.8531 | 0.0473 | 0.8609 | 0.8745 | 0.8267
0077 | 19:22:50 |  13.9s | 1.0e-04 | 0.0467 | 0.8952 | 0.8605 | 0.8524 | 0.0457 | 0.8777 | 0.8521 | 0.8219
0078 | 19:23:15 |  13.9s | 1.0e-04 | 0.0466 | 0.8965 | 0.8626 | 0.8558 | 0.0479 | 0.8533 | 0.8757 | 0.8204
0079 | 19:23:39 |  25.2s | 1.0e-04 | 0.0463 | 0.8951 | 0.8618 | 0.8537 | 0.0454 | 0.8803 | 0.8485 | 0.8188
0080 | 19:24:15 |  14.2s | 1.0e-04 | 0.0448 | 0.8963 | 0.8588 | 0.8501 | 0.0456 | 0.8878 | 0.8424 | 0.8206
0081 | 19:24:40 |  14.3s | 1.0e-04 | 0.0451 | 0.8968 | 0.8625 | 0.8571 | 0.0492 | 0.8480 | 0.8836 | 0.8240
0082 | 19:25:06 |  14.4s | 1.0e-04 | 0.0450 | 0.8980 | 0.8641 | 0.8591 | 0.0459 | 0.8943 | 0.8371 | 0.8200
0083 | 19:25:31 |  14.2s | 1.0e-04 | 0.0442 | 0.8968 | 0.8649 | 0.8598 | 0.0457 | 0.8796 | 0.8554 | 0.8212
0084 | 19:25:56 |  14.2s | 1.0e-04 | 0.0445 | 0.8967 | 0.8614 | 0.8569 | 0.0478 | 0.8597 | 0.8775 | 0.8306
0085 | 19:26:21 |  14.2s | 1.0e-04 | 0.0436 | 0.8987 | 0.8657 | 0.8616 | 0.0458 | 0.9038 | 0.8373 | 0.8367
0086 | 19:26:46 |  23.5s | 1.0e-04 | 0.0467 | 0.8913 | 0.8555 | 0.8431 | 0.0447 | 0.8907 | 0.8407 | 0.8236
0087 | 19:27:20 |  13.7s | 1.0e-04 | 0.0453 | 0.8947 | 0.8601 | 0.8530 | 0.0446 | 0.8897 | 0.8406 | 0.8242
0088 | 19:27:45 |  13.7s | 1.0e-04 | 0.0441 | 0.8984 | 0.8653 | 0.8615 | 0.0438 | 0.8834 | 0.8582 | 0.8347
0089 | 19:28:09 |  13.7s | 1.0e-04 | 0.0442 | 0.8972 | 0.8642 | 0.8593 | 0.0435 | 0.8942 | 0.8521 | 0.8407
0090 | 19:28:33 |  13.6s | 1.0e-04 | 0.0436 | 0.8988 | 0.8669 | 0.8646 | 0.0435 | 0.8812 | 0.8725 | 0.8499
0091 | 19:28:58 |  13.7s | 1.0e-04 | 0.0440 | 0.8977 | 0.8672 | 0.8643 | 0.0444 | 0.8923 | 0.8431 | 0.8288
0092 | 19:29:22 |  13.7s | 1.0e-04 | 0.0433 | 0.9004 | 0.8701 | 0.8682 | 0.0436 | 0.9016 | 0.8445 | 0.8458
0093 | 19:29:47 |  13.6s | 1.0e-04 | 0.0428 | 0.8996 | 0.8707 | 0.8697 | 0.0428 | 0.9018 | 0.8434 | 0.8448
0094 | 19:30:11 |  27.2s | 1.0e-04 | 0.0429 | 0.9006 | 0.8699 | 0.8687 | 0.0431 | 0.9042 | 0.8451 | 0.8518
0095 | 19:30:49 |  14.0s | 1.0e-04 | 0.0441 | 0.9003 | 0.8714 | 0.8711 | 0.0453 | 0.8547 | 0.9002 | 0.8549
0096 | 19:31:14 |  14.0s | 1.0e-04 | 0.0434 | 0.9006 | 0.8747 | 0.8748 | 0.0432 | 0.8602 | 0.8854 | 0.8402
0097 | 19:31:39 |  14.0s | 1.0e-04 | 0.0433 | 0.9009 | 0.8755 | 0.8757 | 0.0431 | 0.8782 | 0.8777 | 0.8489
0098 | 19:32:04 |  14.1s | 1.0e-04 | 0.0429 | 0.9014 | 0.8777 | 0.8790 | 0.0437 | 0.8751 | 0.8829 | 0.8544
0099 | 19:32:28 |  14.1s | 1.0e-04 | 0.0420 | 0.9037 | 0.8763 | 0.8796 | 0.0419 | 0.8911 | 0.8588 | 0.8471
0100 | 19:32:53 |  14.0s | 1.0e-04 | 0.0421 | 0.9031 | 0.8787 | 0.8812 | 0.0430 | 0.8692 | 0.8835 | 0.8490
0101 | 19:33:18 |  14.0s | 1.0e-04 | 0.0427 | 0.9009 | 0.8767 | 0.8770 | 0.0418 | 0.9000 | 0.8578 | 0.8564
0102 | 19:33:43 |  24.3s | 1.0e-04 | 0.0429 | 0.9026 | 0.8804 | 0.8838 | 0.0410 | 0.8976 | 0.8611 | 0.8609
0103 | 19:34:18 |  13.9s | 1.0e-04 | 0.0431 | 0.9029 | 0.8817 | 0.8847 | 0.0421 | 0.9028 | 0.8434 | 0.8482
0104 | 19:34:43 |  14.0s | 1.0e-04 | 0.0430 | 0.9040 | 0.8824 | 0.8867 | 0.0418 | 0.8866 | 0.8727 | 0.8549
0105 | 19:35:08 |  13.9s | 1.0e-04 | 0.0426 | 0.9053 | 0.8855 | 0.8912 | 0.0414 | 0.8690 | 0.8855 | 0.8545
0106 | 19:35:32 |  14.0s | 1.0e-04 | 0.0420 | 0.9037 | 0.8832 | 0.8881 | 0.0420 | 0.8667 | 0.8858 | 0.8504
0107 | 19:35:57 |  14.0s | 1.0e-04 | 0.0419 | 0.9048 | 0.8863 | 0.8920 | 0.0427 | 0.9043 | 0.8469 | 0.8534
0108 | 19:36:22 |  14.0s | 1.0e-04 | 0.0422 | 0.9051 | 0.8858 | 0.8921 | 0.0413 | 0.8917 | 0.8700 | 0.8563
0109 | 19:36:47 |  14.0s | 1.0e-04 | 0.0413 | 0.9040 | 0.8856 | 0.8910 | 0.0405 | 0.8853 | 0.8793 | 0.8648
0110 | 19:37:11 |  29.3s | 1.0e-04 | 0.0416 | 0.9045 | 0.8861 | 0.8914 | 0.0409 | 0.8853 | 0.8764 | 0.8589
0111 | 19:37:52 |  14.1s | 1.0e-04 | 0.0410 | 0.9055 | 0.8877 | 0.8944 | 0.0405 | 0.8919 | 0.8602 | 0.8476
0112 | 19:38:17 |  14.1s | 1.0e-04 | 0.0399 | 0.9069 | 0.8880 | 0.8967 | 0.0408 | 0.8882 | 0.8741 | 0.8600
0113 | 19:38:41 |  14.2s | 1.0e-04 | 0.0401 | 0.9073 | 0.8906 | 0.8987 | 0.0413 | 0.9064 | 0.8526 | 0.8656
0114 | 19:39:06 |  14.1s | 1.0e-04 | 0.0401 | 0.9060 | 0.8888 | 0.8956 | 0.0418 | 0.9113 | 0.8452 | 0.8587
0115 | 19:39:31 |  14.1s | 1.0e-04 | 0.0397 | 0.9076 | 0.8897 | 0.8976 | 0.0405 | 0.8903 | 0.8725 | 0.8600
0116 | 19:39:56 |  14.1s | 1.0e-04 | 0.0404 | 0.9063 | 0.8889 | 0.8964 | 0.0414 | 0.8862 | 0.8808 | 0.8649
0117 | 19:40:21 |  14.1s | 1.0e-04 | 0.0407 | 0.9056 | 0.8894 | 0.8962 | 0.0412 | 0.8754 | 0.8896 | 0.8622
0118 | 19:40:46 |  25.2s | 1.0e-04 | 0.0395 | 0.9049 | 0.8851 | 0.8916 | 0.0403 | 0.9134 | 0.8536 | 0.8753
0119 | 19:41:22 |  14.2s | 1.0e-04 | 0.0389 | 0.9079 | 0.8887 | 0.8973 | 0.0397 | 0.8964 | 0.8728 | 0.8687
0120 | 19:41:47 |  14.1s | 1.0e-04 | 0.0387 | 0.9069 | 0.8886 | 0.8960 | 0.0398 | 0.8903 | 0.8819 | 0.8718
0121 | 19:42:12 |  14.1s | 1.0e-04 | 0.0387 | 0.9067 | 0.8884 | 0.8961 | 0.0386 | 0.8959 | 0.8752 | 0.8684
0122 | 19:42:37 |  14.2s | 1.0e-04 | 0.0385 | 0.9074 | 0.8879 | 0.8960 | 0.0402 | 0.8873 | 0.8809 | 0.8671
0123 | 19:43:02 |  14.1s | 1.0e-04 | 0.0384 | 0.9066 | 0.8884 | 0.8955 | 0.0394 | 0.8877 | 0.8778 | 0.8655
0124 | 19:43:27 |  14.2s | 1.0e-04 | 0.0386 | 0.9085 | 0.8898 | 0.8998 | 0.0387 | 0.8945 | 0.8657 | 0.8598
0125 | 19:43:52 |  14.2s | 1.0e-04 | 0.0379 | 0.9077 | 0.8908 | 0.8994 | 0.0405 | 0.9138 | 0.8483 | 0.8680
0126 | 19:44:20 |  14.5s | 1.0e-04 | 0.0368 | 0.9088 | 0.8901 | 0.8995 | 0.0397 | 0.9128 | 0.8505 | 0.8672
0127 | 19:44:46 |  14.3s | 1.0e-04 | 0.0370 | 0.9085 | 0.8910 | 0.9001 | 0.0393 | 0.8783 | 0.8955 | 0.8731
0128 | 19:45:11 |  14.2s | 1.0e-04 | 0.0363 | 0.9082 | 0.8907 | 0.9004 | 0.0391 | 0.8783 | 0.8973 | 0.8755
0129 | 19:45:36 |  14.3s | 1.0e-04 | 0.0364 | 0.9076 | 0.8934 | 0.9021 | 0.0385 | 0.9024 | 0.8616 | 0.8661
0130 | 19:46:01 |  14.3s | 1.0e-04 | 0.0362 | 0.9086 | 0.8894 | 0.8985 | 0.0390 | 0.9099 | 0.8594 | 0.8726
0131 | 19:46:26 |  14.3s | 1.0e-04 | 0.0363 | 0.9092 | 0.8909 | 0.9011 | 0.0387 | 0.8981 | 0.8778 | 0.8766
0132 | 19:46:51 |  14.3s | 1.0e-04 | 0.0375 | 0.9084 | 0.8892 | 0.8987 | 0.0425 | 0.9067 | 0.8442 | 0.8505
0133 | 19:47:16 |  23.6s | 1.0e-04 | 0.0385 | 0.9042 | 0.8842 | 0.8897 | 0.0400 | 0.8920 | 0.8790 | 0.8700
0134 | 19:47:50 |  14.3s | 1.0e-04 | 0.0372 | 0.9080 | 0.8938 | 0.9022 | 0.0400 | 0.9049 | 0.8707 | 0.8763
0135 | 19:48:15 |  14.3s | 1.0e-04 | 0.0366 | 0.9099 | 0.8976 | 0.9081 | 0.0398 | 0.8814 | 0.8838 | 0.8624
0136 | 19:48:40 |  14.3s | 1.0e-04 | 0.0363 | 0.9102 | 0.8988 | 0.9093 | 0.0397 | 0.8727 | 0.9045 | 0.8778
0137 | 19:49:06 |  14.3s | 1.0e-04 | 0.0358 | 0.9118 | 0.8995 | 0.9113 | 0.0392 | 0.8895 | 0.8777 | 0.8674
0138 | 19:49:31 |  14.3s | 1.0e-04 | 0.0360 | 0.9110 | 0.8975 | 0.9091 | 0.0397 | 0.8828 | 0.8944 | 0.8768
0139 | 19:49:56 |  14.4s | 1.0e-04 | 0.0354 | 0.9127 | 0.8987 | 0.9118 | 0.0386 | 0.8959 | 0.8703 | 0.8666
0140 | 19:50:21 |  14.3s | 1.0e-04 | 0.0359 | 0.9099 | 0.8970 | 0.9077 | 0.0387 | 0.8862 | 0.8900 | 0.8760
0141 | 19:50:46 |  24.6s | 1.0e-04 | 0.0356 | 0.9108 | 0.8972 | 0.9085 | 0.0376 | 0.8982 | 0.8830 | 0.8815
0142 | 19:51:22 |  14.0s | 1.0e-04 | 0.0365 | 0.9093 | 0.8951 | 0.9048 | 0.0369 | 0.9180 | 0.8528 | 0.8821
0143 | 19:51:47 |  14.0s | 1.0e-04 | 0.0362 | 0.9120 | 0.8964 | 0.9094 | 0.0373 | 0.9024 | 0.8806 | 0.8856
0144 | 19:52:12 |  14.1s | 1.0e-04 | 0.0358 | 0.9108 | 0.8964 | 0.9078 | 0.0368 | 0.8968 | 0.8681 | 0.8680
0145 | 19:52:37 |  14.0s | 1.0e-04 | 0.0359 | 0.9107 | 0.8967 | 0.9080 | 0.0362 | 0.9079 | 0.8865 | 0.8971
0146 | 19:53:02 |  14.0s | 1.0e-04 | 0.0354 | 0.9112 | 0.8978 | 0.9097 | 0.0376 | 0.8838 | 0.9007 | 0.8845
0147 | 19:53:26 |  14.0s | 1.0e-04 | 0.0357 | 0.9103 | 0.8974 | 0.9080 | 0.0380 | 0.8845 | 0.8976 | 0.8821
0148 | 19:53:51 |  14.0s | 1.0e-04 | 0.0356 | 0.9102 | 0.8968 | 0.9075 | 0.0363 | 0.9098 | 0.8730 | 0.8884
0149 | 19:54:16 |  24.2s | 1.0e-04 | 0.0357 | 0.9109 | 0.8987 | 0.9099 | 0.0369 | 0.8844 | 0.8957 | 0.8799
0150 | 19:54:52 |  14.0s | 1.0e-04 | 0.0353 | 0.9124 | 0.9025 | 0.9144 | 0.0362 | 0.8966 | 0.8877 | 0.8861
0151 | 19:55:17 |  14.1s | 1.0e-04 | 0.0350 | 0.9133 | 0.9026 | 0.9155 | 0.0365 | 0.8981 | 0.8829 | 0.8820
0152 | 19:55:41 |  14.0s | 1.0e-04 | 0.0348 | 0.9130 | 0.9041 | 0.9163 | 0.0381 | 0.8858 | 0.9035 | 0.8892
0153 | 19:56:06 |  14.0s | 1.0e-04 | 0.0346 | 0.9141 | 0.9040 | 0.9171 | 0.0368 | 0.9027 | 0.8958 | 0.8989
0154 | 19:56:31 |  14.0s | 1.0e-04 | 0.0347 | 0.9141 | 0.9037 | 0.9172 | 0.0371 | 0.8901 | 0.9022 | 0.8914
0155 | 19:56:56 |  14.0s | 1.0e-04 | 0.0349 | 0.9138 | 0.9025 | 0.9158 | 0.0369 | 0.9104 | 0.8798 | 0.8922
0156 | 19:57:22 |  14.0s | 1.0e-04 | 0.0347 | 0.9131 | 0.9019 | 0.9149 | 0.0365 | 0.9056 | 0.8751 | 0.8847
0157 | 19:57:46 |  28.2s | 1.0e-04 | 0.0349 | 0.9146 | 0.9048 | 0.9184 | 0.0389 | 0.8702 | 0.9141 | 0.8883
0158 | 19:58:25 |  13.8s | 1.0e-04 | 0.0351 | 0.9158 | 0.9070 | 0.9213 | 0.0356 | 0.8973 | 0.8968 | 0.8943
0159 | 19:58:50 |  13.8s | 1.0e-04 | 0.0349 | 0.9139 | 0.9050 | 0.9178 | 0.0375 | 0.8850 | 0.9103 | 0.8958
0160 | 19:59:15 |  13.8s | 1.0e-04 | 0.0347 | 0.9147 | 0.9076 | 0.9204 | 0.0363 | 0.8995 | 0.8943 | 0.8942
0161 | 19:59:40 |  13.8s | 1.0e-04 | 0.0350 | 0.9147 | 0.9058 | 0.9193 | 0.0377 | 0.8677 | 0.9179 | 0.8898
0162 | 20:00:05 |  13.8s | 1.0e-04 | 0.0348 | 0.9142 | 0.9059 | 0.9191 | 0.0367 | 0.9024 | 0.8899 | 0.8939
0163 | 20:00:30 |  13.7s | 1.0e-04 | 0.0346 | 0.9154 | 0.9074 | 0.9212 | 0.0373 | 0.8773 | 0.9057 | 0.8826
0164 | 20:00:54 |  13.8s | 1.0e-04 | 0.0350 | 0.9153 | 0.9078 | 0.9213 | 0.0368 | 0.8891 | 0.9000 | 0.8890
0165 | 20:01:19 |  28.0s | 1.0e-04 | 0.0342 | 0.9127 | 0.9039 | 0.9157 | 0.0348 | 0.8954 | 0.8937 | 0.8894
0166 | 20:01:58 |  13.9s | 1.0e-04 | 0.0338 | 0.9137 | 0.9041 | 0.9174 | 0.0362 | 0.9068 | 0.8817 | 0.8905
0167 | 20:02:23 |  13.9s | 1.0e-04 | 0.0338 | 0.9142 | 0.9056 | 0.9187 | 0.0360 | 0.8886 | 0.9048 | 0.8945
0168 | 20:02:49 |  13.9s | 1.0e-04 | 0.0335 | 0.9143 | 0.9057 | 0.9191 | 0.0351 | 0.9033 | 0.8828 | 0.8885
0169 | 20:03:14 |  13.9s | 1.0e-04 | 0.0337 | 0.9157 | 0.9080 | 0.9220 | 0.0368 | 0.8802 | 0.9137 | 0.8938
0170 | 20:03:39 |  13.9s | 1.0e-04 | 0.0338 | 0.9141 | 0.9061 | 0.9190 | 0.0351 | 0.9045 | 0.8935 | 0.8991
0171 | 20:04:04 |  13.9s | 1.0e-04 | 0.0334 | 0.9154 | 0.9049 | 0.9197 | 0.0349 | 0.8986 | 0.9034 | 0.9017
0172 | 20:04:29 |  23.5s | 1.0e-04 | 0.0332 | 0.9163 | 0.9096 | 0.9238 | 0.0355 | 0.9001 | 0.9026 | 0.9026
0173 | 20:05:03 |  13.9s | 1.0e-04 | 0.0342 | 0.9162 | 0.9103 | 0.9242 | 0.0353 | 0.8980 | 0.9055 | 0.9047
0174 | 20:05:28 |  13.8s | 1.0e-04 | 0.0345 | 0.9160 | 0.9103 | 0.9239 | 0.0343 | 0.9007 | 0.8984 | 0.8988
0175 | 20:05:53 |  13.7s | 1.0e-04 | 0.0345 | 0.9151 | 0.9087 | 0.9216 | 0.0348 | 0.9002 | 0.8905 | 0.8914
0176 | 20:06:18 |  13.7s | 1.0e-04 | 0.0333 | 0.9172 | 0.9118 | 0.9259 | 0.0357 | 0.9277 | 0.8648 | 0.9016
0177 | 20:06:43 |  13.8s | 1.0e-04 | 0.0334 | 0.9176 | 0.9101 | 0.9257 | 0.0350 | 0.9078 | 0.8932 | 0.9028
0178 | 20:07:08 |  13.8s | 1.0e-04 | 0.0333 | 0.9173 | 0.9125 | 0.9273 | 0.0350 | 0.9175 | 0.8800 | 0.9007
0179 | 20:07:33 |  13.8s | 1.0e-04 | 0.0334 | 0.9184 | 0.9141 | 0.9288 | 0.0358 | 0.9101 | 0.8823 | 0.8957
0180 | 20:07:58 |  26.9s | 1.0e-04 | 0.0332 | 0.9180 | 0.9117 | 0.9271 | 0.0352 | 0.8990 | 0.8925 | 0.8926
0181 | 20:08:36 |  14.1s | 1.0e-04 | 0.0332 | 0.9145 | 0.9087 | 0.9214 | 0.0343 | 0.9144 | 0.8801 | 0.8970
0182 | 20:09:01 |  14.2s | 1.0e-04 | 0.0332 | 0.9153 | 0.9077 | 0.9213 | 0.0344 | 0.9125 | 0.8806 | 0.8958
0183 | 20:09:27 |  14.1s | 1.0e-04 | 0.0327 | 0.9178 | 0.9104 | 0.9256 | 0.0345 | 0.8939 | 0.9062 | 0.9005
0184 | 20:09:52 |  14.1s | 1.0e-04 | 0.0327 | 0.9163 | 0.9101 | 0.9241 | 0.0350 | 0.8928 | 0.9087 | 0.9009
0185 | 20:10:17 |  14.1s | 1.0e-04 | 0.0328 | 0.9156 | 0.9098 | 0.9231 | 0.0353 | 0.9134 | 0.8798 | 0.8940
0186 | 20:10:42 |  14.2s | 1.0e-04 | 0.0327 | 0.9170 | 0.9087 | 0.9240 | 0.0342 | 0.9010 | 0.9010 | 0.9018
0187 | 20:11:08 |  14.1s | 1.0e-04 | 0.0321 | 0.9176 | 0.9123 | 0.9270 | 0.0351 | 0.8812 | 0.9280 | 0.9120
0188 | 20:11:33 |  25.9s | 1.0e-04 | 0.0323 | 0.9176 | 0.9117 | 0.9272 | 0.0336 | 0.9108 | 0.8876 | 0.9003
0189 | 20:12:10 |  14.3s | 1.0e-04 | 0.0328 | 0.9156 | 0.9092 | 0.9231 | 0.0345 | 0.8918 | 0.9071 | 0.9005
0190 | 20:12:36 |  14.3s | 1.0e-04 | 0.0324 | 0.9156 | 0.9122 | 0.9252 | 0.0328 | 0.8961 | 0.9089 | 0.9048
0191 | 20:13:02 |  14.3s | 1.0e-04 | 0.0327 | 0.9169 | 0.9115 | 0.9256 | 0.0338 | 0.9023 | 0.9087 | 0.9086
0192 | 20:13:27 |  14.3s | 1.0e-04 | 0.0324 | 0.9178 | 0.9126 | 0.9266 | 0.0337 | 0.9098 | 0.9019 | 0.9119
0193 | 20:13:53 |  14.3s | 1.0e-04 | 0.0321 | 0.9167 | 0.9108 | 0.9250 | 0.0338 | 0.9064 | 0.8973 | 0.9038
0194 | 20:14:18 |  14.3s | 1.0e-04 | 0.0345 | 0.9169 | 0.9113 | 0.9260 | 0.0352 | 0.8913 | 0.9045 | 0.8967
0195 | 20:14:44 |  14.3s | 1.0e-04 | 0.0332 | 0.9152 | 0.9108 | 0.9229 | 0.0344 | 0.9000 | 0.9054 | 0.9052
0196 | 20:15:09 |  27.0s | 1.0e-04 | 0.0326 | 0.9177 | 0.9131 | 0.9279 | 0.0347 | 0.9196 | 0.8886 | 0.9112
0197 | 20:15:47 |  14.0s | 1.0e-04 | 0.0328 | 0.9179 | 0.9144 | 0.9289 | 0.0331 | 0.9135 | 0.8951 | 0.9094
0198 | 20:16:12 |  14.0s | 1.0e-04 | 0.0327 | 0.9191 | 0.9144 | 0.9293 | 0.0337 | 0.8900 | 0.9176 | 0.9091
0199 | 20:16:37 |  14.0s | 1.0e-04 | 0.0329 | 0.9177 | 0.9146 | 0.9285 | 0.0334 | 0.9096 | 0.9022 | 0.9112
0200 | 20:17:03 |  13.9s | 1.0e-04 | 0.0322 | 0.9198 | 0.9153 | 0.9306 | 0.0330 | 0.8971 | 0.9047 | 0.9010
0201 | 20:17:28 |  14.0s | 1.0e-04 | 0.0326 | 0.9193 | 0.9157 | 0.9310 | 0.0339 | 0.9161 | 0.8858 | 0.9064
0202 | 20:17:53 |  14.0s | 1.0e-04 | 0.0317 | 0.9197 | 0.9162 | 0.9313 | 0.0324 | 0.9032 | 0.9104 | 0.9124
0203 | 20:18:18 |  14.1s | 1.0e-04 | 0.0321 | 0.9203 | 0.9163 | 0.9324 | 0.0332 | 0.9038 | 0.9089 | 0.9126
0204 | 20:18:43 |  27.7s | 1.0e-04 | 0.0307 | 0.9198 | 0.9172 | 0.9324 | 0.0340 | 0.9101 | 0.8957 | 0.9068
0205 | 20:19:22 |  14.3s | 1.0e-04 | 0.0304 | 0.9208 | 0.9186 | 0.9342 | 0.0351 | 0.9151 | 0.8861 | 0.9035
0206 | 20:19:48 |  14.3s | 1.0e-04 | 0.0303 | 0.9222 | 0.9179 | 0.9356 | 0.0339 | 0.9160 | 0.8956 | 0.9129
0207 | 20:20:13 |  14.3s | 1.0e-04 | 0.0297 | 0.9211 | 0.9187 | 0.9346 | 0.0342 | 0.9003 | 0.9030 | 0.9030
0208 | 20:20:39 |  14.3s | 1.0e-04 | 0.0303 | 0.9216 | 0.9190 | 0.9355 | 0.0337 | 0.9058 | 0.8934 | 0.8995
0209 | 20:21:04 |  14.3s | 1.0e-04 | 0.0297 | 0.9219 | 0.9188 | 0.9354 | 0.0374 | 0.9453 | 0.8399 | 0.9124
0210 | 20:21:30 |  14.3s | 1.0e-04 | 0.0300 | 0.9224 | 0.9193 | 0.9366 | 0.0345 | 0.8997 | 0.8975 | 0.8973
0211 | 20:21:55 |  25.5s | 1.0e-04 | 0.0295 | 0.9232 | 0.9210 | 0.9378 | 0.0328 | 0.8993 | 0.9132 | 0.9109
0212 | 20:22:32 |  14.0s | 1.0e-04 | 0.0290 | 0.9222 | 0.9183 | 0.9356 | 0.0327 | 0.9132 | 0.8985 | 0.9121
0213 | 20:22:57 |  13.9s | 1.0e-04 | 0.0292 | 0.9214 | 0.9188 | 0.9349 | 0.0334 | 0.9005 | 0.8993 | 0.9000
0214 | 20:23:22 |  14.0s | 1.0e-04 | 0.0294 | 0.9211 | 0.9178 | 0.9339 | 0.0332 | 0.9136 | 0.8908 | 0.9062
0215 | 20:23:47 |  14.0s | 1.0e-04 | 0.0295 | 0.9214 | 0.9180 | 0.9343 | 0.0343 | 0.8900 | 0.9159 | 0.9060
0216 | 20:24:12 |  14.0s | 1.0e-04 | 0.0295 | 0.9208 | 0.9158 | 0.9321 | 0.0328 | 0.9184 | 0.8881 | 0.9100
0217 | 20:24:37 |  14.0s | 1.0e-04 | 0.0289 | 0.9223 | 0.9182 | 0.9355 | 0.0336 | 0.8788 | 0.9267 | 0.9059
0218 | 20:25:03 |  13.9s | 1.0e-04 | 0.0288 | 0.9229 | 0.9194 | 0.9365 | 0.0340 | 0.8986 | 0.9136 | 0.9127
0219 | 20:25:28 |  29.1s | 1.0e-04 | 0.0290 | 0.9228 | 0.9190 | 0.9361 | 0.0332 | 0.8835 | 0.9265 | 0.9096
0220 | 20:26:08 |  13.9s | 1.0e-04 | 0.0295 | 0.9239 | 0.9222 | 0.9392 | 0.0330 | 0.8994 | 0.9102 | 0.9091
0221 | 20:26:33 |  13.8s | 1.0e-04 | 0.0298 | 0.9236 | 0.9218 | 0.9386 | 0.0335 | 0.9095 | 0.9065 | 0.9150
0222 | 20:26:58 |  13.9s | 1.0e-04 | 0.0297 | 0.9249 | 0.9225 | 0.9404 | 0.0326 | 0.9098 | 0.9051 | 0.9139
0223 | 20:27:23 |  13.9s | 1.0e-04 | 0.0294 | 0.9249 | 0.9224 | 0.9405 | 0.0323 | 0.9023 | 0.9077 | 0.9084
0224 | 20:27:48 |  13.9s | 1.0e-04 | 0.0292 | 0.9245 | 0.9241 | 0.9411 | 0.0326 | 0.9026 | 0.9201 | 0.9210
0225 | 20:28:13 |  13.8s | 1.0e-04 | 0.0300 | 0.9232 | 0.9208 | 0.9387 | 0.0321 | 0.9000 | 0.9099 | 0.9084
0226 | 20:28:38 |  13.8s | 1.0e-04 | 0.0293 | 0.9235 | 0.9226 | 0.9400 | 0.0331 | 0.9195 | 0.8891 | 0.9119
0227 | 20:29:03 |  27.0s | 1.0e-04 | 0.0297 | 0.9236 | 0.9212 | 0.9383 | 0.0325 | 0.9035 | 0.9049 | 0.9078
0228 | 20:29:41 |  13.8s | 1.0e-04 | 0.0294 | 0.9227 | 0.9218 | 0.9383 | 0.0327 | 0.8986 | 0.9257 | 0.9209
0229 | 20:30:06 |  13.8s | 1.0e-04 | 0.0302 | 0.9224 | 0.9186 | 0.9360 | 0.0327 | 0.8899 | 0.9162 | 0.9073
0230 | 20:30:31 |  13.8s | 1.0e-04 | 0.0298 | 0.9211 | 0.9186 | 0.9358 | 0.0315 | 0.9041 | 0.9107 | 0.9127
0231 | 20:30:56 |  13.8s | 1.0e-04 | 0.0300 | 0.9224 | 0.9198 | 0.9363 | 0.0320 | 0.9146 | 0.9066 | 0.9203
0232 | 20:31:21 |  13.8s | 1.0e-04 | 0.0305 | 0.9221 | 0.9183 | 0.9354 | 0.0322 | 0.9117 | 0.9063 | 0.9170
0233 | 20:31:46 |  13.8s | 1.0e-04 | 0.0298 | 0.9221 | 0.9198 | 0.9366 | 0.0320 | 0.9193 | 0.8986 | 0.9175
0234 | 20:32:11 |  13.8s | 1.0e-04 | 0.0300 | 0.9220 | 0.9183 | 0.9364 | 0.0316 | 0.8988 | 0.9155 | 0.9122
0235 | 20:32:36 |  28.6s | 1.0e-04 | 0.0301 | 0.9234 | 0.9212 | 0.9384 | 0.0321 | 0.9326 | 0.8741 | 0.9160
0236 | 20:33:15 |  14.0s | 1.0e-04 | 0.0307 | 0.9233 | 0.9230 | 0.9400 | 0.0314 | 0.9099 | 0.9133 | 0.9201
0237 | 20:33:41 |  14.0s | 1.0e-04 | 0.0305 | 0.9247 | 0.9239 | 0.9413 | 0.0307 | 0.9236 | 0.8906 | 0.9176
0238 | 20:34:06 |  13.9s | 1.0e-04 | 0.0306 | 0.9231 | 0.9226 | 0.9387 | 0.0324 | 0.9179 | 0.8957 | 0.9145
0239 | 20:34:31 |  13.9s | 1.0e-04 | 0.0302 | 0.9233 | 0.9240 | 0.9397 | 0.0309 | 0.9229 | 0.9022 | 0.9244
0240 | 20:34:56 |  14.0s | 1.0e-04 | 0.0308 | 0.9251 | 0.9243 | 0.9414 | 0.0337 | 0.8846 | 0.9358 | 0.9229
0241 | 20:35:21 |  13.9s | 1.0e-04 | 0.0306 | 0.9243 | 0.9242 | 0.9408 | 0.0309 | 0.9021 | 0.9183 | 0.9181
0242 | 20:35:46 |  14.0s | 1.0e-04 | 0.0301 | 0.9240 | 0.9249 | 0.9403 | 0.0328 | 0.9235 | 0.9015 | 0.9246
0243 | 20:36:11 |  28.8s | 1.0e-04 | 0.0287 | 0.9227 | 0.9212 | 0.9386 | 0.0311 | 0.9112 | 0.9123 | 0.9210
0244 | 20:36:51 |  14.0s | 1.0e-04 | 0.0282 | 0.9233 | 0.9201 | 0.9377 | 0.0313 | 0.9050 | 0.9213 | 0.9222
0245 | 20:37:16 |  14.1s | 1.0e-04 | 0.0281 | 0.9244 | 0.9238 | 0.9419 | 0.0315 | 0.9122 | 0.9058 | 0.9176
0246 | 20:37:42 |  14.0s | 1.0e-04 | 0.0285 | 0.9238 | 0.9208 | 0.9379 | 0.0322 | 0.8970 | 0.9240 | 0.9209
0247 | 20:38:07 |  14.1s | 1.0e-04 | 0.0285 | 0.9239 | 0.9219 | 0.9389 | 0.0315 | 0.8984 | 0.9197 | 0.9145
0248 | 20:38:32 |  14.0s | 1.0e-04 | 0.0281 | 0.9241 | 0.9218 | 0.9393 | 0.0316 | 0.9178 | 0.9063 | 0.9226
0249 | 20:38:57 |  14.1s | 1.0e-04 | 0.0283 | 0.9241 | 0.9223 | 0.9408 | 0.0317 | 0.9062 | 0.9179 | 0.9230
0250 | 20:39:22 |  14.2s | 1.0e-04 | 0.0281 | 0.9250 | 0.9235 | 0.9409 | 0.0326 | 0.9173 | 0.8982 | 0.9155
0251 | 20:39:52 |  14.0s | 1.0e-04 | 0.0287 | 0.9260 | 0.9263 | 0.9436 | 0.0306 | 0.9208 | 0.9011 | 0.9219
0252 | 20:40:17 |  13.9s | 1.0e-04 | 0.0282 | 0.9268 | 0.9274 | 0.9448 | 0.0315 | 0.9231 | 0.9042 | 0.9256
0253 | 20:40:42 |  14.0s | 1.0e-04 | 0.0287 | 0.9265 | 0.9253 | 0.9440 | 0.0311 | 0.9151 | 0.8976 | 0.9131
0254 | 20:41:07 |  13.9s | 1.0e-04 | 0.0278 | 0.9276 | 0.9279 | 0.9458 | 0.0310 | 0.9120 | 0.9126 | 0.9217
0255 | 20:41:32 |  13.9s | 1.0e-04 | 0.0285 | 0.9263 | 0.9264 | 0.9440 | 0.0314 | 0.9090 | 0.9185 | 0.9265
0256 | 20:41:57 |  14.0s | 1.0e-04 | 0.0287 | 0.9249 | 0.9263 | 0.9428 | 0.0322 | 0.9183 | 0.8913 | 0.9112
0257 | 20:42:23 |  13.9s | 1.0e-04 | 0.0287 | 0.9264 | 0.9266 | 0.9448 | 0.0310 | 0.9127 | 0.9012 | 0.9137
0258 | 20:42:48 |  24.4s | 1.0e-04 | 0.0281 | 0.9275 | 0.9270 | 0.9451 | 0.0321 | 0.9088 | 0.9149 | 0.9202
0259 | 20:43:23 |  13.6s | 1.0e-04 | 0.0281 | 0.9266 | 0.9250 | 0.9429 | 0.0315 | 0.9064 | 0.9176 | 0.9202
0260 | 20:43:48 |  13.5s | 1.0e-04 | 0.0281 | 0.9260 | 0.9256 | 0.9436 | 0.0309 | 0.9098 | 0.9120 | 0.9211
0261 | 20:44:13 |  13.6s | 1.0e-04 | 0.0282 | 0.9267 | 0.9244 | 0.9431 | 0.0307 | 0.9138 | 0.9086 | 0.9186
0262 | 20:44:37 |  13.6s | 1.0e-04 | 0.0282 | 0.9275 | 0.9243 | 0.9442 | 0.0311 | 0.9245 | 0.8928 | 0.9196
0263 | 20:45:02 |  13.6s | 1.0e-04 | 0.0282 | 0.9259 | 0.9244 | 0.9426 | 0.0313 | 0.9054 | 0.9161 | 0.9192
0264 | 20:45:27 |  13.5s | 1.0e-04 | 0.0281 | 0.9262 | 0.9255 | 0.9444 | 0.0296 | 0.9186 | 0.9116 | 0.9265
0265 | 20:45:51 |  13.5s | 1.0e-04 | 0.0282 | 0.9268 | 0.9247 | 0.9436 | 0.0303 | 0.9118 | 0.9257 | 0.9318
0266 | 20:46:16 |  23.5s | 1.0e-04 | 0.0281 | 0.9265 | 0.9244 | 0.9430 | 0.0297 | 0.9115 | 0.9171 | 0.9241
0267 | 20:46:50 |  14.1s | 1.0e-04 | 0.0289 | 0.9246 | 0.9236 | 0.9396 | 0.0308 | 0.9172 | 0.9047 | 0.9206
0268 | 20:47:16 |  14.1s | 1.0e-04 | 0.0287 | 0.9250 | 0.9251 | 0.9418 | 0.0306 | 0.9202 | 0.9043 | 0.9231
0269 | 20:47:41 |  14.1s | 1.0e-04 | 0.0278 | 0.9275 | 0.9260 | 0.9451 | 0.0303 | 0.9191 | 0.9105 | 0.9264
0270 | 20:48:06 |  14.1s | 1.0e-04 | 0.0284 | 0.9249 | 0.9237 | 0.9420 | 0.0304 | 0.9205 | 0.9151 | 0.9309
0271 | 20:48:31 |  14.1s | 1.0e-04 | 0.0280 | 0.9278 | 0.9254 | 0.9450 | 0.0308 | 0.9174 | 0.9030 | 0.9192
0272 | 20:48:57 |  14.2s | 1.0e-04 | 0.0278 | 0.9271 | 0.9277 | 0.9452 | 0.0309 | 0.9277 | 0.8944 | 0.9241
0273 | 20:49:22 |  14.1s | 1.0e-04 | 0.0279 | 0.9271 | 0.9264 | 0.9451 | 0.0310 | 0.9083 | 0.9099 | 0.9164
0274 | 20:49:47 |  24.4s | 1.0e-04 | 0.0277 | 0.9277 | 0.9286 | 0.9457 | 0.0305 | 0.9094 | 0.9093 | 0.9173
0275 | 20:50:23 |  14.4s | 1.0e-04 | 0.0276 | 0.9284 | 0.9288 | 0.9464 | 0.0303 | 0.9070 | 0.9133 | 0.9179
0276 | 20:50:48 |  14.4s | 1.0e-04 | 0.0277 | 0.9283 | 0.9297 | 0.9474 | 0.0310 | 0.9118 | 0.9156 | 0.9245
0277 | 20:51:14 |  14.3s | 1.0e-04 | 0.0276 | 0.9268 | 0.9288 | 0.9462 | 0.0313 | 0.9135 | 0.9083 | 0.9193
0278 | 20:51:39 |  14.3s | 1.0e-04 | 0.0274 | 0.9279 | 0.9289 | 0.9473 | 0.0308 | 0.9186 | 0.9090 | 0.9261
0279 | 20:52:05 |  14.3s | 1.0e-04 | 0.0269 | 0.9284 | 0.9316 | 0.9487 | 0.0304 | 0.9125 | 0.9197 | 0.9265
0280 | 20:52:30 |  14.3s | 1.0e-04 | 0.0267 | 0.9297 | 0.9295 | 0.9493 | 0.0304 | 0.9207 | 0.9056 | 0.9239
0281 | 20:52:55 |  14.4s | 1.0e-04 | 0.0270 | 0.9302 | 0.9304 | 0.9502 | 0.0310 | 0.9163 | 0.9123 | 0.9252
0282 | 20:53:21 |  22.7s | 1.0e-04 | 0.0277 | 0.9274 | 0.9287 | 0.9463 | 0.0302 | 0.9075 | 0.9256 | 0.9291
0283 | 20:53:55 |  13.7s | 1.0e-04 | 0.0279 | 0.9288 | 0.9283 | 0.9463 | 0.0293 | 0.9085 | 0.9248 | 0.9298
0284 | 20:54:19 |  13.8s | 1.0e-04 | 0.0279 | 0.9285 | 0.9304 | 0.9481 | 0.0303 | 0.9162 | 0.9085 | 0.9230
0285 | 20:54:44 |  13.7s | 1.0e-04 | 0.0278 | 0.9282 | 0.9283 | 0.9477 | 0.0293 | 0.9188 | 0.9079 | 0.9246
0286 | 20:55:09 |  13.7s | 1.0e-04 | 0.0278 | 0.9282 | 0.9283 | 0.9466 | 0.0299 | 0.9092 | 0.9195 | 0.9260
0287 | 20:55:34 |  13.8s | 1.0e-04 | 0.0278 | 0.9289 | 0.9296 | 0.9482 | 0.0297 | 0.9176 | 0.9076 | 0.9235
0288 | 20:55:59 |  13.7s | 1.0e-04 | 0.0275 | 0.9308 | 0.9300 | 0.9494 | 0.0311 | 0.9134 | 0.9008 | 0.9140
0289 | 20:56:24 |  13.8s | 1.0e-04 | 0.0277 | 0.9287 | 0.9281 | 0.9472 | 0.0302 | 0.9124 | 0.9192 | 0.9284
0290 | 20:56:48 |  28.1s | 1.0e-04 | 0.0277 | 0.9282 | 0.9291 | 0.9474 | 0.0296 | 0.9162 | 0.9153 | 0.9286
0291 | 20:57:27 |  13.9s | 1.0e-04 | 0.0277 | 0.9277 | 0.9271 | 0.9447 | 0.0300 | 0.9153 | 0.9188 | 0.9301
0292 | 20:57:52 |  13.9s | 1.0e-04 | 0.0281 | 0.9260 | 0.9260 | 0.9436 | 0.0294 | 0.9262 | 0.9054 | 0.9298
0293 | 20:58:17 |  13.8s | 1.0e-04 | 0.0278 | 0.9264 | 0.9273 | 0.9451 | 0.0294 | 0.9088 | 0.9213 | 0.9260
0294 | 20:58:42 |  13.9s | 1.0e-04 | 0.0275 | 0.9275 | 0.9288 | 0.9467 | 0.0296 | 0.9106 | 0.9247 | 0.9300
0295 | 20:59:07 |  13.8s | 1.0e-04 | 0.0272 | 0.9283 | 0.9272 | 0.9469 | 0.0294 | 0.9031 | 0.9312 | 0.9308
0296 | 20:59:31 |  13.8s | 1.0e-04 | 0.0276 | 0.9280 | 0.9288 | 0.9465 | 0.0298 | 0.9286 | 0.9021 | 0.9304
0297 | 20:59:56 |  26.5s | 1.0e-04 | 0.0275 | 0.9273 | 0.9294 | 0.9474 | 0.0296 | 0.9204 | 0.9128 | 0.9299
0298 | 21:00:33 |  13.7s | 1.0e-04 | 0.0275 | 0.9273 | 0.9252 | 0.9448 | 0.0282 | 0.9189 | 0.9249 | 0.9376
0299 | 21:00:58 |  13.6s | 1.0e-04 | 0.0269 | 0.9298 | 0.9287 | 0.9480 | 0.0294 | 0.9177 | 0.9103 | 0.9259
0300 | 21:01:23 |  13.7s | 1.0e-04 | 0.0270 | 0.9286 | 0.9296 | 0.9473 | 0.0301 | 0.9171 | 0.9159 | 0.9300
0301 | 21:01:47 |  13.6s | 1.0e-04 | 0.0275 | 0.9272 | 0.9273 | 0.9461 | 0.0297 | 0.9222 | 0.9103 | 0.9302
0302 | 21:02:12 |  13.7s | 1.0e-04 | 0.0271 | 0.9285 | 0.9294 | 0.9472 | 0.0285 | 0.9276 | 0.9075 | 0.9326
0303 | 21:02:37 |  13.6s | 1.0e-04 | 0.0270 | 0.9290 | 0.9279 | 0.9476 | 0.0307 | 0.9003 | 0.9334 | 0.9325
0304 | 21:03:01 |  13.7s | 1.0e-04 | 0.0270 | 0.9291 | 0.9285 | 0.9490 | 0.0288 | 0.9225 | 0.9161 | 0.9340
0305 | 21:03:26 |  24.9s | 1.0e-04 | 0.0268 | 0.9285 | 0.9284 | 0.9477 | 0.0299 | 0.9269 | 0.9023 | 0.9286
0306 | 21:04:02 |  14.1s | 1.0e-04 | 0.0262 | 0.9297 | 0.9308 | 0.9510 | 0.0294 | 0.9156 | 0.9245 | 0.9343
0307 | 21:04:27 |  14.1s | 1.0e-04 | 0.0266 | 0.9287 | 0.9292 | 0.9481 | 0.0285 | 0.9225 | 0.9162 | 0.9348
0308 | 21:04:52 |  14.1s | 1.0e-04 | 0.0265 | 0.9295 | 0.9293 | 0.9488 | 0.0288 | 0.9109 | 0.9268 | 0.9334
0309 | 21:05:17 |  14.1s | 1.0e-04 | 0.0262 | 0.9296 | 0.9308 | 0.9501 | 0.0302 | 0.9320 | 0.8976 | 0.9303
0310 | 21:05:42 |  14.1s | 1.0e-04 | 0.0267 | 0.9296 | 0.9301 | 0.9499 | 0.0290 | 0.9059 | 0.9296 | 0.9331
0311 | 21:06:07 |  14.1s | 1.0e-04 | 0.0264 | 0.9308 | 0.9304 | 0.9498 | 0.0285 | 0.9210 | 0.9152 | 0.9324
0312 | 21:06:32 |  14.1s | 1.0e-04 | 0.0263 | 0.9301 | 0.9315 | 0.9498 | 0.0294 | 0.9118 | 0.9258 | 0.9315
0313 | 21:06:57 |  25.6s | 1.0e-04 | 0.0261 | 0.9309 | 0.9310 | 0.9515 | 0.0299 | 0.9127 | 0.9153 | 0.9238
0314 | 21:07:33 |  14.2s | 1.0e-04 | 0.0262 | 0.9311 | 0.9321 | 0.9515 | 0.0284 | 0.9264 | 0.9103 | 0.9329
0315 | 21:07:59 |  14.2s | 1.0e-04 | 0.0256 | 0.9307 | 0.9318 | 0.9515 | 0.0291 | 0.9134 | 0.9195 | 0.9290
0316 | 21:08:24 |  14.1s | 1.0e-04 | 0.0259 | 0.9311 | 0.9335 | 0.9519 | 0.0294 | 0.9074 | 0.9255 | 0.9293
0317 | 21:08:49 |  14.1s | 1.0e-04 | 0.0260 | 0.9315 | 0.9333 | 0.9522 | 0.0284 | 0.9209 | 0.9181 | 0.9339
0318 | 21:09:14 |  14.2s | 1.0e-04 | 0.0258 | 0.9331 | 0.9328 | 0.9540 | 0.0283 | 0.9191 | 0.9124 | 0.9296
0319 | 21:09:39 |  14.1s | 1.0e-04 | 0.0258 | 0.9315 | 0.9326 | 0.9522 | 0.0290 | 0.9193 | 0.9107 | 0.9269
0320 | 21:10:04 |  14.2s | 1.0e-04 | 0.0260 | 0.9320 | 0.9322 | 0.9520 | 0.0305 | 0.9044 | 0.9290 | 0.9288
0321 | 21:10:29 |  27.1s | 1.0e-04 | 0.0271 | 0.9289 | 0.9303 | 0.9494 | 0.0281 | 0.9225 | 0.9187 | 0.9358
0322 | 21:11:07 |  14.1s | 1.0e-04 | 0.0271 | 0.9306 | 0.9331 | 0.9512 | 0.0285 | 0.9275 | 0.9129 | 0.9362
0323 | 21:11:32 |  14.0s | 1.0e-04 | 0.0275 | 0.9290 | 0.9294 | 0.9484 | 0.0288 | 0.9194 | 0.9137 | 0.9298
0324 | 21:11:57 |  14.0s | 1.0e-04 | 0.0272 | 0.9298 | 0.9310 | 0.9500 | 0.0290 | 0.9086 | 0.9292 | 0.9331
0325 | 21:12:22 |  14.0s | 1.0e-04 | 0.0282 | 0.9287 | 0.9295 | 0.9481 | 0.0295 | 0.9177 | 0.9175 | 0.9310
0326 | 21:12:47 |  14.0s | 1.0e-04 | 0.0273 | 0.9296 | 0.9313 | 0.9495 | 0.0295 | 0.9085 | 0.9197 | 0.9244
0327 | 21:13:12 |  14.0s | 1.0e-04 | 0.0271 | 0.9306 | 0.9316 | 0.9515 | 0.0280 | 0.9260 | 0.9095 | 0.9320
0328 | 21:13:37 |  14.1s | 1.0e-04 | 0.0271 | 0.9304 | 0.9324 | 0.9505 | 0.0279 | 0.9257 | 0.9120 | 0.9331
0329 | 21:14:02 |  25.0s | 1.0e-04 | 0.0261 | 0.9307 | 0.9315 | 0.9505 | 0.0294 | 0.9256 | 0.9075 | 0.9308
0330 | 21:14:38 |  14.3s | 1.0e-04 | 0.0256 | 0.9308 | 0.9311 | 0.9509 | 0.0285 | 0.9162 | 0.9175 | 0.9299
0331 | 21:15:03 |  14.3s | 1.0e-04 | 0.0260 | 0.9311 | 0.9299 | 0.9509 | 0.0296 | 0.9078 | 0.9254 | 0.9287
0332 | 21:15:28 |  14.3s | 1.0e-04 | 0.0256 | 0.9307 | 0.9308 | 0.9501 | 0.0284 | 0.9181 | 0.9213 | 0.9347
0333 | 21:15:53 |  14.3s | 1.0e-04 | 0.0255 | 0.9313 | 0.9337 | 0.9519 | 0.0283 | 0.9200 | 0.9186 | 0.9343
0334 | 21:16:19 |  14.3s | 1.0e-04 | 0.0253 | 0.9311 | 0.9324 | 0.9516 | 0.0283 | 0.9123 | 0.9297 | 0.9379
0335 | 21:16:44 |  14.3s | 1.0e-04 | 0.0256 | 0.9309 | 0.9315 | 0.9505 | 0.0295 | 0.9000 | 0.9358 | 0.9320
0336 | 21:17:09 |  26.9s | 1.0e-04 | 0.0257 | 0.9312 | 0.9317 | 0.9514 | 0.0278 | 0.9238 | 0.9149 | 0.9355
0337 | 21:17:47 |  14.3s | 1.0e-04 | 0.0267 | 0.9310 | 0.9342 | 0.9522 | 0.0283 | 0.9284 | 0.9047 | 0.9316
0338 | 21:18:12 |  14.2s | 1.0e-04 | 0.0266 | 0.9315 | 0.9336 | 0.9522 | 0.0283 | 0.9249 | 0.9231 | 0.9405
0339 | 21:18:37 |  14.2s | 1.0e-04 | 0.0266 | 0.9328 | 0.9341 | 0.9541 | 0.0286 | 0.9095 | 0.9287 | 0.9319
0340 | 21:19:03 |  14.2s | 1.0e-04 | 0.0265 | 0.9322 | 0.9343 | 0.9525 | 0.0292 | 0.9092 | 0.9321 | 0.9370
0341 | 21:19:28 |  14.2s | 1.0e-04 | 0.0265 | 0.9332 | 0.9351 | 0.9539 | 0.0300 | 0.9366 | 0.9006 | 0.9368
0342 | 21:19:53 |  14.1s | 1.0e-04 | 0.0261 | 0.9326 | 0.9346 | 0.9541 | 0.0288 | 0.9272 | 0.9044 | 0.9305
0343 | 21:20:18 |  14.2s | 1.0e-04 | 0.0264 | 0.9325 | 0.9352 | 0.9544 | 0.0278 | 0.9294 | 0.9136 | 0.9380
0344 | 21:20:43 |  25.9s | 1.0e-04 | 0.0262 | 0.9326 | 0.9340 | 0.9531 | 0.0281 | 0.9234 | 0.9209 | 0.9380
0345 | 21:21:20 |  14.4s | 1.0e-04 | 0.0255 | 0.9332 | 0.9344 | 0.9550 | 0.0290 | 0.9120 | 0.9213 | 0.9301
0346 | 21:21:45 |  14.4s | 1.0e-04 | 0.0252 | 0.9322 | 0.9353 | 0.9541 | 0.0291 | 0.9180 | 0.9159 | 0.9305
0347 | 21:22:10 |  14.4s | 1.0e-04 | 0.0259 | 0.9313 | 0.9326 | 0.9516 | 0.0285 | 0.9342 | 0.9046 | 0.9372
0348 | 21:22:36 |  14.4s | 1.0e-04 | 0.0257 | 0.9322 | 0.9359 | 0.9545 | 0.0285 | 0.9251 | 0.9064 | 0.9292
0349 | 21:23:01 |  14.4s | 1.0e-04 | 0.0260 | 0.9320 | 0.9331 | 0.9533 | 0.0283 | 0.9193 | 0.9211 | 0.9346
0350 | 21:23:26 |  14.4s | 1.0e-04 | 0.0258 | 0.9331 | 0.9345 | 0.9551 | 0.0284 | 0.9208 | 0.9174 | 0.9336
0351 | 21:23:54 |  14.3s | 1.0e-04 | 0.0265 | 0.9313 | 0.9345 | 0.9524 | 0.0284 | 0.9243 | 0.9113 | 0.9332
0352 | 21:24:19 |  25.6s | 1.0e-04 | 0.0263 | 0.9314 | 0.9341 | 0.9533 | 0.0287 | 0.9099 | 0.9257 | 0.9307
0353 | 21:24:56 |  13.9s | 1.0e-04 | 0.0262 | 0.9316 | 0.9329 | 0.9526 | 0.0285 | 0.9151 | 0.9216 | 0.9330
0354 | 21:25:21 |  14.0s | 1.0e-04 | 0.0265 | 0.9317 | 0.9330 | 0.9523 | 0.0278 | 0.9269 | 0.9125 | 0.9353
0355 | 21:25:46 |  14.0s | 1.0e-04 | 0.0266 | 0.9316 | 0.9335 | 0.9529 | 0.0285 | 0.9269 | 0.9134 | 0.9365
0356 | 21:26:11 |  14.0s | 1.0e-04 | 0.0261 | 0.9326 | 0.9337 | 0.9538 | 0.0282 | 0.9124 | 0.9330 | 0.9375
0357 | 21:26:36 |  14.1s | 1.0e-04 | 0.0263 | 0.9319 | 0.9344 | 0.9533 | 0.0276 | 0.9237 | 0.9177 | 0.9371
0358 | 21:27:01 |  22.8s | 1.0e-04 | 0.0261 | 0.9308 | 0.9325 | 0.9516 | 0.0271 | 0.9326 | 0.9123 | 0.9407
0359 | 21:27:34 |  14.0s | 1.0e-04 | 0.0258 | 0.9317 | 0.9339 | 0.9530 | 0.0282 | 0.9132 | 0.9246 | 0.9317
0360 | 21:27:59 |  25.6s | 1.0e-04 | 0.0260 | 0.9326 | 0.9346 | 0.9540 | 0.0280 | 0.9283 | 0.9118 | 0.9370
0361 | 21:28:36 |  13.8s | 1.0e-04 | 0.0258 | 0.9341 | 0.9357 | 0.9563 | 0.0281 | 0.9195 | 0.9244 | 0.9376
0362 | 21:29:00 |  13.8s | 1.0e-04 | 0.0259 | 0.9349 | 0.9358 | 0.9571 | 0.0281 | 0.9179 | 0.9195 | 0.9327
0363 | 21:29:25 |  13.9s | 1.0e-04 | 0.0259 | 0.9333 | 0.9357 | 0.9551 | 0.0278 | 0.9264 | 0.9184 | 0.9392
0364 | 21:29:50 |  13.8s | 1.0e-04 | 0.0259 | 0.9340 | 0.9353 | 0.9554 | 0.0276 | 0.9204 | 0.9207 | 0.9349
0365 | 21:30:15 |  13.8s | 1.0e-04 | 0.0256 | 0.9337 | 0.9368 | 0.9560 | 0.0279 | 0.9357 | 0.9042 | 0.9380
0366 | 21:30:39 |  22.0s | 1.0e-04 | 0.0255 | 0.9350 | 0.9356 | 0.9562 | 0.0283 | 0.9376 | 0.9041 | 0.9402
0367 | 21:31:12 |  13.9s | 1.0e-04 | 0.0247 | 0.9343 | 0.9364 | 0.9564 | 0.0280 | 0.9129 | 0.9271 | 0.9358
0368 | 21:31:37 |  23.7s | 1.0e-04 | 0.0250 | 0.9331 | 0.9333 | 0.9540 | 0.0276 | 0.9174 | 0.9309 | 0.9393
0369 | 21:32:12 |  14.3s | 1.0e-04 | 0.0248 | 0.9330 | 0.9351 | 0.9543 | 0.0281 | 0.9210 | 0.9254 | 0.9402
0370 | 21:32:37 |  14.3s | 1.0e-04 | 0.0250 | 0.9336 | 0.9356 | 0.9555 | 0.0272 | 0.9211 | 0.9250 | 0.9395
0371 | 21:33:02 |  14.3s | 1.0e-04 | 0.0246 | 0.9337 | 0.9345 | 0.9543 | 0.0271 | 0.9166 | 0.9251 | 0.9362
0372 | 21:33:28 |  14.3s | 1.0e-04 | 0.0250 | 0.9334 | 0.9350 | 0.9546 | 0.0277 | 0.9220 | 0.9216 | 0.9378
0373 | 21:33:53 |  14.3s | 1.0e-04 | 0.0249 | 0.9342 | 0.9365 | 0.9557 | 0.0284 | 0.9174 | 0.9124 | 0.9270
0374 | 21:34:18 |  22.4s | 1.0e-04 | 0.0250 | 0.9336 | 0.9355 | 0.9558 | 0.0280 | 0.9169 | 0.9260 | 0.9379
0375 | 21:34:51 |  14.4s | 1.0e-04 | 0.0247 | 0.9334 | 0.9362 | 0.9561 | 0.0279 | 0.9254 | 0.9142 | 0.9362
0376 | 21:35:19 |  14.2s | 1.0e-04 | 0.0266 | 0.9306 | 0.9332 | 0.9517 | 0.0276 | 0.9207 | 0.9233 | 0.9372
0377 | 21:35:45 |  14.1s | 1.0e-04 | 0.0258 | 0.9325 | 0.9335 | 0.9536 | 0.0279 | 0.9148 | 0.9263 | 0.9365
0378 | 21:36:09 |  14.1s | 1.0e-04 | 0.0255 | 0.9341 | 0.9352 | 0.9558 | 0.0272 | 0.9167 | 0.9258 | 0.9364
0379 | 21:36:34 |  14.1s | 1.0e-04 | 0.0261 | 0.9319 | 0.9343 | 0.9532 | 0.0268 | 0.9327 | 0.9122 | 0.9412
0380 | 21:36:59 |  14.1s | 1.0e-04 | 0.0255 | 0.9330 | 0.9332 | 0.9541 | 0.0282 | 0.9317 | 0.9065 | 0.9359
0381 | 21:37:25 |  14.0s | 1.0e-04 | 0.0254 | 0.9335 | 0.9345 | 0.9552 | 0.0275 | 0.9102 | 0.9379 | 0.9413
0382 | 21:37:49 |  22.7s | 1.0e-04 | 0.0251 | 0.9345 | 0.9359 | 0.9561 | 0.0278 | 0.9132 | 0.9318 | 0.9414
0383 | 21:38:23 |  24.0s | 1.0e-04 | 0.0254 | 0.9341 | 0.9355 | 0.9559 | 0.0277 | 0.9159 | 0.9210 | 0.9305
0384 | 21:38:58 |  13.8s | 1.0e-04 | 0.0250 | 0.9364 | 0.9405 | 0.9596 | 0.0283 | 0.9126 | 0.9273 | 0.9344
0385 | 21:39:23 |  13.8s | 1.0e-04 | 0.0253 | 0.9364 | 0.9387 | 0.9591 | 0.0295 | 0.9198 | 0.9219 | 0.9363
0386 | 21:39:47 |  13.9s | 1.0e-04 | 0.0252 | 0.9354 | 0.9399 | 0.9589 | 0.0274 | 0.9249 | 0.9198 | 0.9391
0387 | 21:40:12 |  13.8s | 1.0e-04 | 0.0249 | 0.9365 | 0.9395 | 0.9598 | 0.0282 | 0.9250 | 0.9164 | 0.9369
0388 | 21:40:37 |  13.9s | 1.0e-04 | 0.0251 | 0.9366 | 0.9402 | 0.9594 | 0.0275 | 0.9186 | 0.9240 | 0.9377
0389 | 21:41:01 |  13.8s | 1.0e-04 | 0.0247 | 0.9373 | 0.9405 | 0.9600 | 0.0275 | 0.9173 | 0.9297 | 0.9404
0390 | 21:41:26 |  23.0s | 1.0e-04 | 0.0253 | 0.9369 | 0.9402 | 0.9593 | 0.0276 | 0.9282 | 0.9060 | 0.9317
0391 | 21:42:00 |  27.6s | 1.0e-04 | 0.0253 | 0.9356 | 0.9373 | 0.9579 | 0.0286 | 0.9080 | 0.9354 | 0.9378
0392 | 21:42:38 |  13.9s | 1.0e-04 | 0.0253 | 0.9350 | 0.9381 | 0.9570 | 0.0275 | 0.9231 | 0.9134 | 0.9330
0393 | 21:43:03 |  14.0s | 1.0e-04 | 0.0251 | 0.9363 | 0.9391 | 0.9588 | 0.0273 | 0.9378 | 0.8975 | 0.9363
0394 | 21:43:28 |  14.0s | 1.0e-04 | 0.0255 | 0.9340 | 0.9383 | 0.9566 | 0.0282 | 0.9274 | 0.9164 | 0.9386
0395 | 21:43:53 |  14.0s | 1.0e-04 | 0.0251 | 0.9366 | 0.9387 | 0.9597 | 0.0279 | 0.9188 | 0.9238 | 0.9380
0396 | 21:44:18 |  14.0s | 1.0e-04 | 0.0253 | 0.9350 | 0.9376 | 0.9573 | 0.0273 | 0.9249 | 0.9166 | 0.9368
0397 | 21:44:43 |  22.2s | 1.0e-04 | 0.0251 | 0.9356 | 0.9371 | 0.9585 | 0.0268 | 0.9253 | 0.9203 | 0.9389
0398 | 21:45:16 |  13.9s | 1.0e-04 | 0.0255 | 0.9355 | 0.9387 | 0.9580 | 0.0287 | 0.9341 | 0.9005 | 0.9345
0399 | 21:45:41 |  25.0s | 1.0e-04 | 0.0256 | 0.9346 | 0.9367 | 0.9573 | 0.0282 | 0.9276 | 0.9122 | 0.9363
0400 | 21:46:16 |  14.1s | 1.0e-04 | 0.0252 | 0.9355 | 0.9383 | 0.9577 | 0.0275 | 0.9151 | 0.9373 | 0.9438
0401 | 21:46:41 |  14.2s | 1.0e-04 | 0.0251 | 0.9356 | 0.9386 | 0.9591 | 0.0270 | 0.9167 | 0.9258 | 0.9377
0402 | 21:47:06 |  14.2s | 1.0e-04 | 0.0254 | 0.9334 | 0.9374 | 0.9559 | 0.0287 | 0.9391 | 0.9034 | 0.9416
0403 | 21:47:31 |  14.3s | 1.0e-04 | 0.0257 | 0.9351 | 0.9364 | 0.9575 | 0.0274 | 0.9136 | 0.9308 | 0.9394
0404 | 21:47:57 |  14.3s | 1.0e-04 | 0.0254 | 0.9353 | 0.9382 | 0.9585 | 0.0279 | 0.9233 | 0.9185 | 0.9358
0405 | 21:48:22 |  22.4s | 1.0e-04 | 0.0253 | 0.9347 | 0.9383 | 0.9578 | 0.0269 | 0.9151 | 0.9333 | 0.9410
0406 | 21:48:55 |  14.1s | 1.0e-04 | 0.0245 | 0.9360 | 0.9383 | 0.9587 | 0.0266 | 0.9234 | 0.9188 | 0.9383
0407 | 21:49:20 |  23.5s | 1.0e-04 | 0.0248 | 0.9349 | 0.9365 | 0.9580 | 0.0271 | 0.9180 | 0.9360 | 0.9461
0408 | 21:49:55 |  14.3s | 1.0e-04 | 0.0245 | 0.9351 | 0.9371 | 0.9575 | 0.0265 | 0.9213 | 0.9211 | 0.9362
0409 | 21:50:20 |  14.2s | 1.0e-04 | 0.0242 | 0.9379 | 0.9391 | 0.9597 | 0.0263 | 0.9230 | 0.9232 | 0.9409
0410 | 21:50:45 |  14.2s | 1.0e-04 | 0.0241 | 0.9364 | 0.9391 | 0.9600 | 0.0268 | 0.9185 | 0.9262 | 0.9378
0411 | 21:51:10 |  14.2s | 1.0e-04 | 0.0242 | 0.9369 | 0.9402 | 0.9607 | 0.0282 | 0.9169 | 0.9291 | 0.9415
0412 | 21:51:35 |  14.3s | 1.0e-04 | 0.0244 | 0.9371 | 0.9393 | 0.9596 | 0.0275 | 0.9190 | 0.9287 | 0.9407
0413 | 21:52:00 |  22.2s | 1.0e-04 | 0.0241 | 0.9363 | 0.9400 | 0.9603 | 0.0269 | 0.9231 | 0.9219 | 0.9404
0414 | 21:52:33 |  14.2s | 1.0e-04 | 0.0244 | 0.9375 | 0.9404 | 0.9605 | 0.0270 | 0.9217 | 0.9232 | 0.9380
0415 | 21:52:58 |  25.2s | 1.0e-04 | 0.0243 | 0.9361 | 0.9380 | 0.9597 | 0.0271 | 0.9215 | 0.9214 | 0.9363
0416 | 21:53:34 |  13.8s | 1.0e-04 | 0.0246 | 0.9369 | 0.9381 | 0.9593 | 0.0264 | 0.9340 | 0.9224 | 0.9481
0417 | 21:53:59 |  13.9s | 1.0e-04 | 0.0244 | 0.9365 | 0.9381 | 0.9589 | 0.0270 | 0.9263 | 0.9210 | 0.9407
0418 | 21:54:24 |  13.8s | 1.0e-04 | 0.0244 | 0.9359 | 0.9366 | 0.9579 | 0.0273 | 0.9224 | 0.9138 | 0.9324
0419 | 21:54:49 |  13.9s | 1.0e-04 | 0.0244 | 0.9356 | 0.9378 | 0.9588 | 0.0271 | 0.9240 | 0.9170 | 0.9351
0420 | 21:55:13 |  13.8s | 1.0e-04 | 0.0279 | 0.9273 | 0.9278 | 0.9453 | 0.0281 | 0.9239 | 0.9230 | 0.9399
0421 | 21:55:38 |  22.3s | 1.0e-04 | 0.0253 | 0.9331 | 0.9355 | 0.9544 | 0.0279 | 0.9324 | 0.9055 | 0.9358
0422 | 21:56:11 |  22.6s | 1.0e-04 | 0.0244 | 0.9354 | 0.9368 | 0.9577 | 0.0272 | 0.9151 | 0.9252 | 0.9360
0423 | 21:56:45 |  14.1s | 1.0e-04 | 0.0242 | 0.9347 | 0.9367 | 0.9563 | 0.0272 | 0.9311 | 0.9179 | 0.9427
0424 | 21:57:10 |  14.1s | 1.0e-04 | 0.0240 | 0.9346 | 0.9365 | 0.9563 | 0.0276 | 0.9076 | 0.9384 | 0.9390
0425 | 21:57:35 |  14.1s | 1.0e-04 | 0.0240 | 0.9358 | 0.9370 | 0.9577 | 0.0269 | 0.9084 | 0.9362 | 0.9409
0426 | 21:58:00 |  14.0s | 1.0e-04 | 0.0239 | 0.9361 | 0.9371 | 0.9581 | 0.0266 | 0.9334 | 0.9143 | 0.9443
0427 | 21:58:24 |  14.1s | 1.0e-04 | 0.0236 | 0.9360 | 0.9382 | 0.9591 | 0.0259 | 0.9193 | 0.9250 | 0.9373
0428 | 21:58:50 |  14.0s | 1.0e-04 | 0.0238 | 0.9353 | 0.9363 | 0.9581 | 0.0276 | 0.9210 | 0.9309 | 0.9458
0429 | 21:59:14 |  23.7s | 1.0e-04 | 0.0242 | 0.9360 | 0.9367 | 0.9587 | 0.0276 | 0.9124 | 0.9343 | 0.9400
0430 | 21:59:49 |  23.9s | 1.0e-04 | 0.0241 | 0.9376 | 0.9392 | 0.9604 | 0.0271 | 0.9183 | 0.9289 | 0.9409
0431 | 22:00:24 |  14.3s | 1.0e-04 | 0.0240 | 0.9369 | 0.9411 | 0.9604 | 0.0265 | 0.9258 | 0.9211 | 0.9404
0432 | 22:00:49 |  14.4s | 1.0e-04 | 0.0240 | 0.9380 | 0.9402 | 0.9605 | 0.0264 | 0.9285 | 0.9156 | 0.9384
0433 | 22:01:14 |  14.3s | 1.0e-04 | 0.0239 | 0.9376 | 0.9410 | 0.9610 | 0.0268 | 0.9230 | 0.9221 | 0.9377
0434 | 22:01:39 |  14.3s | 1.0e-04 | 0.0239 | 0.9375 | 0.9407 | 0.9611 | 0.0286 | 0.9233 | 0.9202 | 0.9390
0435 | 22:02:04 |  14.3s | 1.0e-04 | 0.0242 | 0.9377 | 0.9414 | 0.9620 | 0.0257 | 0.9201 | 0.9348 | 0.9456
0436 | 22:02:30 |  22.8s | 1.0e-04 | 0.0241 | 0.9367 | 0.9404 | 0.9603 | 0.0266 | 0.9174 | 0.9281 | 0.9391
0437 | 22:03:03 |  14.3s | 1.0e-04 | 0.0243 | 0.9376 | 0.9411 | 0.9618 | 0.0263 | 0.9343 | 0.9091 | 0.9402
0438 | 22:03:29 |  25.4s | 1.0e-04 | 0.0244 | 0.9381 | 0.9410 | 0.9612 | 0.0275 | 0.9145 | 0.9345 | 0.9430
0439 | 22:04:05 |  13.9s | 1.0e-04 | 0.0253 | 0.9358 | 0.9406 | 0.9596 | 0.0269 | 0.9117 | 0.9321 | 0.9382
0440 | 22:04:30 |  13.9s | 1.0e-04 | 0.0247 | 0.9378 | 0.9418 | 0.9612 | 0.0263 | 0.9158 | 0.9348 | 0.9445
0441 | 22:04:55 |  13.9s | 1.0e-04 | 0.0245 | 0.9382 | 0.9422 | 0.9624 | 0.0271 | 0.9247 | 0.9196 | 0.9382
0442 | 22:05:19 |  14.0s | 1.0e-04 | 0.0248 | 0.9385 | 0.9424 | 0.9624 | 0.0268 | 0.9146 | 0.9327 | 0.9414
0443 | 22:05:44 |  13.9s | 1.0e-04 | 0.0251 | 0.9369 | 0.9400 | 0.9603 | 0.0269 | 0.9204 | 0.9271 | 0.9396
0444 | 22:06:09 |  21.9s | 1.0e-04 | 0.0249 | 0.9375 | 0.9411 | 0.9609 | 0.0274 | 0.9104 | 0.9362 | 0.9421
0445 | 22:06:42 |  13.9s | 1.0e-04 | 0.0242 | 0.9379 | 0.9418 | 0.9620 | 0.0267 | 0.9276 | 0.9229 | 0.9429
0446 | 22:07:06 |  24.8s | 1.0e-04 | 0.0244 | 0.9375 | 0.9391 | 0.9606 | 0.0266 | 0.9266 | 0.9209 | 0.9431
0447 | 22:07:42 |  13.7s | 1.0e-04 | 0.0240 | 0.9364 | 0.9384 | 0.9597 | 0.0264 | 0.9202 | 0.9280 | 0.9417
0448 | 22:08:07 |  13.7s | 1.0e-04 | 0.0243 | 0.9366 | 0.9389 | 0.9596 | 0.0276 | 0.9262 | 0.9194 | 0.9389
0449 | 22:08:31 |  13.8s | 1.0e-04 | 0.0243 | 0.9379 | 0.9403 | 0.9609 | 0.0263 | 0.9293 | 0.9243 | 0.9460
0450 | 22:08:56 |  13.8s | 1.0e-04 | 0.0243 | 0.9366 | 0.9391 | 0.9600 | 0.0261 | 0.9269 | 0.9225 | 0.9442
0451 | 22:09:21 |  13.7s | 1.0e-04 | 0.0236 | 0.9383 | 0.9405 | 0.9615 | 0.0267 | 0.9340 | 0.9147 | 0.9436
0452 | 22:09:45 |  22.2s | 1.0e-04 | 0.0237 | 0.9379 | 0.9409 | 0.9618 | 0.0280 | 0.9194 | 0.9269 | 0.9391
0453 | 22:10:18 |  13.8s | 1.0e-04 | 0.0237 | 0.9378 | 0.9411 | 0.9612 | 0.0267 | 0.9156 | 0.9314 | 0.9388
0454 | 22:10:43 |  23.5s | 1.0e-04 | 0.0239 | 0.9363 | 0.9375 | 0.9593 | 0.0270 | 0.9322 | 0.9177 | 0.9412
0455 | 22:11:17 |  14.4s | 1.0e-04 | 0.0235 | 0.9365 | 0.9395 | 0.9591 | 0.0260 | 0.9254 | 0.9265 | 0.9433
0456 | 22:11:42 |  14.3s | 1.0e-04 | 0.0237 | 0.9369 | 0.9385 | 0.9598 | 0.0269 | 0.9268 | 0.9260 | 0.9449
0457 | 22:12:08 |  14.3s | 1.0e-04 | 0.0239 | 0.9365 | 0.9397 | 0.9593 | 0.0254 | 0.9181 | 0.9390 | 0.9466
0458 | 22:12:33 |  14.3s | 1.0e-04 | 0.0239 | 0.9362 | 0.9395 | 0.9596 | 0.0268 | 0.9349 | 0.9123 | 0.9426
0459 | 22:12:58 |  14.3s | 1.0e-04 | 0.0240 | 0.9361 | 0.9375 | 0.9587 | 0.0262 | 0.9288 | 0.9220 | 0.9446
0460 | 22:13:23 |  22.2s | 1.0e-04 | 0.0245 | 0.9368 | 0.9381 | 0.9592 | 0.0267 | 0.9147 | 0.9377 | 0.9445
0461 | 22:13:56 |  24.2s | 1.0e-04 | 0.0240 | 0.9359 | 0.9382 | 0.9587 | 0.0265 | 0.9242 | 0.9267 | 0.9430
0462 | 22:14:31 |  14.0s | 1.0e-04 | 0.0243 | 0.9372 | 0.9417 | 0.9616 | 0.0270 | 0.9191 | 0.9362 | 0.9477
0463 | 22:14:56 |  13.9s | 1.0e-04 | 0.0244 | 0.9394 | 0.9416 | 0.9631 | 0.0272 | 0.9191 | 0.9318 | 0.9420
0464 | 22:15:21 |  14.1s | 1.0e-04 | 0.0246 | 0.9384 | 0.9423 | 0.9626 | 0.0251 | 0.9335 | 0.9192 | 0.9460
0465 | 22:15:46 |  14.0s | 1.0e-04 | 0.0245 | 0.9380 | 0.9426 | 0.9618 | 0.0261 | 0.9263 | 0.9227 | 0.9414
0466 | 22:16:11 |  14.0s | 1.0e-04 | 0.0244 | 0.9387 | 0.9423 | 0.9621 | 0.0259 | 0.9293 | 0.9305 | 0.9496
0467 | 22:16:35 |  14.1s | 1.0e-04 | 0.0246 | 0.9384 | 0.9424 | 0.9620 | 0.0271 | 0.9204 | 0.9293 | 0.9425
0468 | 22:17:00 |  22.3s | 1.0e-04 | 0.0243 | 0.9392 | 0.9433 | 0.9633 | 0.0265 | 0.9308 | 0.9203 | 0.9440
0469 | 22:17:34 |  25.8s | 1.0e-04 | 0.0243 | 0.9384 | 0.9417 | 0.9618 | 0.0267 | 0.9193 | 0.9334 | 0.9455
0470 | 22:18:10 |  14.3s | 1.0e-04 | 0.0240 | 0.9355 | 0.9378 | 0.9580 | 0.0261 | 0.9202 | 0.9304 | 0.9424
0471 | 22:18:35 |  14.3s | 1.0e-04 | 0.0238 | 0.9365 | 0.9377 | 0.9595 | 0.0264 | 0.9239 | 0.9264 | 0.9425
0472 | 22:19:01 |  14.3s | 1.0e-04 | 0.0242 | 0.9374 | 0.9385 | 0.9599 | 0.0259 | 0.9192 | 0.9341 | 0.9451
0473 | 22:19:26 |  14.3s | 1.0e-04 | 0.0243 | 0.9358 | 0.9375 | 0.9588 | 0.0246 | 0.9324 | 0.9285 | 0.9501
0474 | 22:19:51 |  14.3s | 1.0e-04 | 0.0241 | 0.9372 | 0.9377 | 0.9595 | 0.0256 | 0.9222 | 0.9316 | 0.9470
0475 | 22:20:16 |  14.3s | 1.0e-04 | 0.0240 | 0.9359 | 0.9391 | 0.9579 | 0.0259 | 0.9310 | 0.9225 | 0.9458
0476 | 22:20:44 |  14.2s | 1.0e-04 | 0.0238 | 0.9366 | 0.9394 | 0.9596 | 0.0267 | 0.9296 | 0.9176 | 0.9412
0477 | 22:21:09 |  25.2s | 1.0e-04 | 0.0236 | 0.9393 | 0.9412 | 0.9621 | 0.0265 | 0.9245 | 0.9295 | 0.9463
0478 | 22:21:45 |  13.8s | 1.0e-04 | 0.0235 | 0.9386 | 0.9431 | 0.9638 | 0.0268 | 0.9259 | 0.9285 | 0.9459
0479 | 22:22:10 |  13.8s | 1.0e-04 | 0.0231 | 0.9389 | 0.9418 | 0.9624 | 0.0255 | 0.9286 | 0.9249 | 0.9449
0480 | 22:22:35 |  13.8s | 1.0e-04 | 0.0236 | 0.9380 | 0.9413 | 0.9617 | 0.0258 | 0.9316 | 0.9183 | 0.9419
0481 | 22:22:59 |  14.0s | 1.0e-04 | 0.0235 | 0.9387 | 0.9423 | 0.9621 | 0.0263 | 0.9213 | 0.9312 | 0.9440
0482 | 22:23:24 |  13.8s | 1.0e-04 | 0.0231 | 0.9401 | 0.9432 | 0.9638 | 0.0270 | 0.9305 | 0.9169 | 0.9409
0483 | 22:23:49 |  22.6s | 1.0e-04 | 0.0235 | 0.9393 | 0.9415 | 0.9617 | 0.0263 | 0.9313 | 0.9207 | 0.9432
0484 | 22:24:22 |  14.0s | 1.0e-04 | 0.0232 | 0.9385 | 0.9404 | 0.9620 | 0.0256 | 0.9345 | 0.9211 | 0.9491
0485 | 22:24:47 |  24.1s | 1.0e-04 | 0.0229 | 0.9393 | 0.9414 | 0.9621 | 0.0265 | 0.9165 | 0.9320 | 0.9420
0486 | 22:25:22 |  13.8s | 1.0e-04 | 0.0223 | 0.9392 | 0.9408 | 0.9630 | 0.0266 | 0.9214 | 0.9333 | 0.9475
0487 | 22:25:47 |  13.8s | 1.0e-04 | 0.0224 | 0.9388 | 0.9412 | 0.9627 | 0.0258 | 0.9294 | 0.9280 | 0.9473
0488 | 22:26:11 |  13.8s | 1.0e-04 | 0.0223 | 0.9398 | 0.9412 | 0.9633 | 0.0252 | 0.9244 | 0.9278 | 0.9454
0489 | 22:26:36 |  13.8s | 1.0e-04 | 0.0225 | 0.9394 | 0.9424 | 0.9631 | 0.0261 | 0.9233 | 0.9315 | 0.9484
0490 | 22:27:01 |  13.8s | 1.0e-04 | 0.0225 | 0.9389 | 0.9413 | 0.9631 | 0.0282 | 0.9092 | 0.9389 | 0.9413
0491 | 22:27:26 |  22.4s | 1.0e-04 | 0.0223 | 0.9402 | 0.9425 | 0.9635 | 0.0262 | 0.9262 | 0.9209 | 0.9400
0492 | 22:27:59 |  13.8s | 1.0e-04 | 0.0226 | 0.9393 | 0.9431 | 0.9639 | 0.0268 | 0.9343 | 0.9187 | 0.9463
0493 | 22:28:24 |  23.9s | 1.0e-04 | 0.0239 | 0.9379 | 0.9410 | 0.9615 | 0.0255 | 0.9271 | 0.9372 | 0.9526
0494 | 22:28:58 |  14.2s | 1.0e-04 | 0.0239 | 0.9387 | 0.9423 | 0.9622 | 0.0254 | 0.9280 | 0.9258 | 0.9454
0495 | 22:29:23 |  14.2s | 1.0e-04 | 0.0244 | 0.9369 | 0.9398 | 0.9605 | 0.0263 | 0.9161 | 0.9393 | 0.9491
0496 | 22:29:48 |  14.2s | 1.0e-04 | 0.0245 | 0.9372 | 0.9404 | 0.9604 | 0.0257 | 0.9113 | 0.9383 | 0.9401
0497 | 22:30:14 |  14.2s | 1.0e-04 | 0.0239 | 0.9388 | 0.9408 | 0.9619 | 0.0255 | 0.9164 | 0.9375 | 0.9457
0498 | 22:30:39 |  14.2s | 1.0e-04 | 0.0243 | 0.9374 | 0.9410 | 0.9611 | 0.0269 | 0.9304 | 0.9272 | 0.9490
0499 | 22:31:04 |  23.6s | 1.0e-04 | 0.0248 | 0.9383 | 0.9426 | 0.9622 | 0.0255 | 0.9365 | 0.9224 | 0.9498
0500 | 22:31:38 |  13.9s | 1.0e-04 | 0.0251 | 0.9379 | 0.9421 | 0.9622 | 0.0256 | 0.9228 | 0.9373 | 0.9485
0501 | 22:32:05 |  13.9s | 1.0e-04 | 0.0237 | 0.9399 | 0.9420 | 0.9640 | 0.0259 | 0.9224 | 0.9346 | 0.9479
0502 | 22:32:30 |  13.9s | 1.0e-04 | 0.0237 | 0.9400 | 0.9424 | 0.9643 | 0.0270 | 0.9209 | 0.9318 | 0.9446
0503 | 22:32:55 |  14.0s | 1.0e-04 | 0.0240 | 0.9397 | 0.9431 | 0.9637 | 0.0262 | 0.9315 | 0.9217 | 0.9449
0504 | 22:33:20 |  13.9s | 1.0e-04 | 0.0234 | 0.9413 | 0.9436 | 0.9652 | 0.0263 | 0.9230 | 0.9313 | 0.9462
0505 | 22:33:45 |  13.9s | 1.0e-04 | 0.0234 | 0.9404 | 0.9427 | 0.9640 | 0.0271 | 0.9089 | 0.9365 | 0.9388
0506 | 22:34:09 |  14.0s | 1.0e-04 | 0.0238 | 0.9392 | 0.9436 | 0.9634 | 0.0256 | 0.9351 | 0.9222 | 0.9489
0507 | 22:34:34 |  22.8s | 1.0e-04 | 0.0234 | 0.9392 | 0.9434 | 0.9630 | 0.0264 | 0.9266 | 0.9226 | 0.9421
0508 | 22:35:08 |  23.5s | 1.0e-04 | 0.0247 | 0.9370 | 0.9407 | 0.9600 | 0.0259 | 0.9286 | 0.9278 | 0.9470
0509 | 22:35:42 |  14.0s | 1.0e-04 | 0.0249 | 0.9376 | 0.9413 | 0.9609 | 0.0261 | 0.9175 | 0.9322 | 0.9417
0510 | 22:36:07 |  14.0s | 1.0e-04 | 0.0247 | 0.9377 | 0.9418 | 0.9610 | 0.0263 | 0.9248 | 0.9242 | 0.9423
0511 | 22:36:32 |  14.0s | 1.0e-04 | 0.0297 | 0.9295 | 0.9325 | 0.9499 | 0.0279 | 0.9140 | 0.9303 | 0.9399
0512 | 22:36:56 |  14.0s | 1.0e-04 | 0.0276 | 0.9302 | 0.9354 | 0.9518 | 0.0266 | 0.9226 | 0.9290 | 0.9438
0513 | 22:37:21 |  14.0s | 1.0e-04 | 0.0251 | 0.9375 | 0.9416 | 0.9617 | 0.0260 | 0.9381 | 0.9065 | 0.9427
0514 | 22:37:46 |  14.0s | 1.0e-04 | 0.0245 | 0.9386 | 0.9431 | 0.9626 | 0.0261 | 0.9114 | 0.9379 | 0.9423
0515 | 22:38:11 |  23.6s | 1.0e-04 | 0.0247 | 0.9381 | 0.9416 | 0.9615 | 0.0254 | 0.9209 | 0.9368 | 0.9482
0516 | 22:38:45 |  24.2s | 1.0e-04 | 0.0244 | 0.9383 | 0.9415 | 0.9618 | 0.0253 | 0.9282 | 0.9296 | 0.9477
0517 | 22:39:20 |  13.9s | 1.0e-04 | 0.0240 | 0.9389 | 0.9400 | 0.9623 | 0.0266 | 0.9304 | 0.9265 | 0.9458
0518 | 22:39:45 |  14.0s | 1.0e-04 | 0.0241 | 0.9377 | 0.9397 | 0.9612 | 0.0246 | 0.9269 | 0.9298 | 0.9492
0519 | 22:40:10 |  14.0s | 1.0e-04 | 0.0244 | 0.9376 | 0.9395 | 0.9608 | 0.0267 | 0.9124 | 0.9365 | 0.9424
0520 | 22:40:35 |  14.0s | 1.0e-04 | 0.0241 | 0.9383 | 0.9400 | 0.9613 | 0.0259 | 0.9222 | 0.9282 | 0.9441
0521 | 22:41:00 |  13.9s | 1.0e-04 | 0.0243 | 0.9378 | 0.9384 | 0.9602 | 0.0258 | 0.9158 | 0.9403 | 0.9462
0522 | 22:41:24 |  24.1s | 1.0e-04 | 0.0240 | 0.9370 | 0.9392 | 0.9600 | 0.0250 | 0.9322 | 0.9297 | 0.9530
0523 | 22:41:59 |  14.0s | 1.0e-04 | 0.0227 | 0.9399 | 0.9409 | 0.9630 | 0.0253 | 0.9237 | 0.9301 | 0.9450
0524 | 22:42:24 |  24.6s | 1.0e-04 | 0.0223 | 0.9390 | 0.9413 | 0.9628 | 0.0260 | 0.9244 | 0.9294 | 0.9451
0525 | 22:42:59 |  14.3s | 1.0e-04 | 0.0216 | 0.9404 | 0.9437 | 0.9649 | 0.0254 | 0.9276 | 0.9275 | 0.9458
0526 | 22:43:24 |  14.3s | 1.0e-04 | 0.0216 | 0.9407 | 0.9421 | 0.9636 | 0.0253 | 0.9329 | 0.9204 | 0.9470
0527 | 22:43:50 |  14.4s | 1.0e-04 | 0.0221 | 0.9396 | 0.9420 | 0.9634 | 0.0264 | 0.9369 | 0.9188 | 0.9481
0528 | 22:44:15 |  14.3s | 1.0e-04 | 0.0221 | 0.9391 | 0.9402 | 0.9622 | 0.0253 | 0.9257 | 0.9281 | 0.9476
0529 | 22:44:40 |  14.3s | 1.0e-04 | 0.0218 | 0.9399 | 0.9409 | 0.9638 | 0.0266 | 0.9272 | 0.9223 | 0.9426
0530 | 22:45:05 |  23.1s | 1.0e-04 | 0.0216 | 0.9402 | 0.9425 | 0.9642 | 0.0266 | 0.9322 | 0.9170 | 0.9431
0531 | 22:45:39 |  14.3s | 1.0e-04 | 0.0219 | 0.9400 | 0.9425 | 0.9630 | 0.0251 | 0.9230 | 0.9367 | 0.9503
0532 | 22:46:04 |  24.1s | 1.0e-04 | 0.0230 | 0.9387 | 0.9416 | 0.9629 | 0.0254 | 0.9287 | 0.9254 | 0.9462
0533 | 22:46:39 |  14.0s | 1.0e-04 | 0.0239 | 0.9387 | 0.9392 | 0.9619 | 0.0256 | 0.9262 | 0.9332 | 0.9494
0534 | 22:47:04 |  14.0s | 1.0e-04 | 0.0236 | 0.9381 | 0.9389 | 0.9608 | 0.0255 | 0.9290 | 0.9283 | 0.9503
0535 | 22:47:28 |  13.9s | 1.0e-04 | 0.0242 | 0.9388 | 0.9403 | 0.9620 | 0.0256 | 0.9312 | 0.9234 | 0.9460
0536 | 22:47:53 |  14.0s | 1.0e-04 | 0.0239 | 0.9376 | 0.9414 | 0.9613 | 0.0260 | 0.9273 | 0.9224 | 0.9427
0537 | 22:48:18 |  14.0s | 1.0e-04 | 0.0241 | 0.9382 | 0.9410 | 0.9621 | 0.0256 | 0.9373 | 0.9233 | 0.9520
0538 | 22:48:43 |  24.4s | 1.0e-04 | 0.0237 | 0.9382 | 0.9410 | 0.9613 | 0.0258 | 0.9241 | 0.9270 | 0.9428
0539 | 22:49:18 |  13.9s | 1.0e-04 | 0.0241 | 0.9376 | 0.9403 | 0.9619 | 0.0257 | 0.9319 | 0.9258 | 0.9487
0540 | 22:49:43 |  23.5s | 1.0e-04 | 0.0228 | 0.9390 | 0.9427 | 0.9628 | 0.0251 | 0.9227 | 0.9343 | 0.9454
0541 | 22:50:17 |  14.1s | 1.0e-04 | 0.0227 | 0.9392 | 0.9419 | 0.9617 | 0.0256 | 0.9441 | 0.9105 | 0.9494
0542 | 22:50:42 |  14.1s | 1.0e-04 | 0.0230 | 0.9399 | 0.9416 | 0.9631 | 0.0245 | 0.9220 | 0.9305 | 0.9452
0543 | 22:51:07 |  14.0s | 1.0e-04 | 0.0227 | 0.9391 | 0.9421 | 0.9634 | 0.0263 | 0.9334 | 0.9210 | 0.9470
0544 | 22:51:31 |  14.1s | 1.0e-04 | 0.0231 | 0.9383 | 0.9404 | 0.9614 | 0.0258 | 0.9352 | 0.9194 | 0.9465
0545 | 22:51:56 |  14.0s | 1.0e-04 | 0.0230 | 0.9391 | 0.9420 | 0.9626 | 0.0258 | 0.9210 | 0.9351 | 0.9454
0546 | 22:52:21 |  22.2s | 1.0e-04 | 0.0235 | 0.9382 | 0.9412 | 0.9622 | 0.0259 | 0.9219 | 0.9403 | 0.9511
0547 | 22:52:54 |  23.1s | 1.0e-04 | 0.0233 | 0.9386 | 0.9414 | 0.9612 | 0.0252 | 0.9149 | 0.9441 | 0.9496
0548 | 22:53:28 |  13.9s | 1.0e-04 | 0.0245 | 0.9378 | 0.9401 | 0.9607 | 0.0242 | 0.9315 | 0.9366 | 0.9546
0549 | 22:53:53 |  13.9s | 1.0e-04 | 0.0242 | 0.9395 | 0.9427 | 0.9630 | 0.0255 | 0.9293 | 0.9282 | 0.9476
0550 | 22:54:17 |  13.9s | 1.0e-04 | 0.0241 | 0.9388 | 0.9419 | 0.9630 | 0.0255 | 0.9252 | 0.9342 | 0.9488
0551 | 22:54:42 |  13.9s | 1.0e-04 | 0.0243 | 0.9389 | 0.9428 | 0.9629 | 0.0252 | 0.9249 | 0.9333 | 0.9472
0552 | 22:55:07 |  13.9s | 1.0e-04 | 0.0244 | 0.9384 | 0.9416 | 0.9625 | 0.0252 | 0.9249 | 0.9356 | 0.9498
0553 | 22:55:31 |  13.9s | 1.0e-04 | 0.0254 | 0.9360 | 0.9397 | 0.9592 | 0.0253 | 0.9194 | 0.9408 | 0.9484
0554 | 22:55:56 |  22.9s | 1.0e-04 | 0.0237 | 0.9386 | 0.9425 | 0.9625 | 0.0256 | 0.9211 | 0.9363 | 0.9470
0555 | 22:56:30 |  23.2s | 1.0e-04 | 0.0230 | 0.9391 | 0.9424 | 0.9632 | 0.0264 | 0.9194 | 0.9338 | 0.9441
0556 | 22:57:04 |  13.8s | 1.0e-04 | 0.0217 | 0.9420 | 0.9453 | 0.9662 | 0.0255 | 0.9365 | 0.9221 | 0.9494
0557 | 22:57:28 |  13.8s | 1.0e-04 | 0.0222 | 0.9427 | 0.9456 | 0.9672 | 0.0254 | 0.9255 | 0.9331 | 0.9481
0558 | 22:57:53 |  13.8s | 1.0e-04 | 0.0222 | 0.9421 | 0.9446 | 0.9654 | 0.0254 | 0.9269 | 0.9312 | 0.9492
0559 | 22:58:17 |  13.9s | 1.0e-04 | 0.0221 | 0.9418 | 0.9448 | 0.9658 | 0.0268 | 0.9193 | 0.9342 | 0.9446
0560 | 22:58:42 |  13.8s | 1.0e-04 | 0.0222 | 0.9416 | 0.9441 | 0.9666 | 0.0259 | 0.9326 | 0.9276 | 0.9484
0561 | 22:59:07 |  24.2s | 1.0e-04 | 0.0218 | 0.9415 | 0.9441 | 0.9658 | 0.0253 | 0.9286 | 0.9330 | 0.9514
0562 | 22:59:42 |  13.8s | 1.0e-04 | 0.0234 | 0.9396 | 0.9422 | 0.9636 | 0.0260 | 0.9227 | 0.9356 | 0.9484
0563 | 23:00:06 |  23.7s | 1.0e-04 | 0.0230 | 0.9398 | 0.9429 | 0.9649 | 0.0253 | 0.9301 | 0.9209 | 0.9442
0564 | 23:00:41 |  14.0s | 1.0e-04 | 0.0222 | 0.9421 | 0.9446 | 0.9659 | 0.0254 | 0.9339 | 0.9222 | 0.9481
0565 | 23:01:05 |  13.9s | 1.0e-04 | 0.0223 | 0.9411 | 0.9450 | 0.9659 | 0.0257 | 0.9225 | 0.9330 | 0.9466
0566 | 23:01:30 |  13.9s | 1.0e-04 | 0.0224 | 0.9414 | 0.9444 | 0.9658 | 0.0251 | 0.9305 | 0.9212 | 0.9441
0567 | 23:01:55 |  14.0s | 1.0e-04 | 0.0227 | 0.9412 | 0.9447 | 0.9662 | 0.0260 | 0.9392 | 0.9100 | 0.9449
0568 | 23:02:19 |  13.9s | 1.0e-04 | 0.0223 | 0.9422 | 0.9443 | 0.9653 | 0.0248 | 0.9305 | 0.9278 | 0.9483
0569 | 23:02:44 |  23.2s | 1.0e-04 | 0.0223 | 0.9414 | 0.9446 | 0.9658 | 0.0253 | 0.9242 | 0.9266 | 0.9445
0570 | 23:03:18 |  13.5s | 1.0e-04 | 0.0221 | 0.9424 | 0.9459 | 0.9670 | 0.0255 | 0.9287 | 0.9250 | 0.9461
0571 | 23:03:43 |  22.5s | 1.0e-04 | 0.0223 | 0.9412 | 0.9439 | 0.9649 | 0.0256 | 0.9341 | 0.9237 | 0.9500
0572 | 23:04:16 |  13.5s | 1.0e-04 | 0.0220 | 0.9415 | 0.9439 | 0.9664 | 0.0256 | 0.9214 | 0.9370 | 0.9487
0573 | 23:04:40 |  13.6s | 1.0e-04 | 0.0222 | 0.9413 | 0.9451 | 0.9656 | 0.0255 | 0.9350 | 0.9255 | 0.9509
0574 | 23:05:04 |  13.6s | 1.0e-04 | 0.0220 | 0.9416 | 0.9434 | 0.9655 | 0.0255 | 0.9302 | 0.9295 | 0.9494
0575 | 23:05:29 |  13.5s | 1.0e-04 | 0.0220 | 0.9409 | 0.9437 | 0.9652 | 0.0255 | 0.9359 | 0.9154 | 0.9456
0576 | 23:05:53 |  13.6s | 1.0e-04 | 0.0229 | 0.9399 | 0.9428 | 0.9638 | 0.0258 | 0.9199 | 0.9371 | 0.9493
0577 | 23:06:17 |  22.0s | 1.0e-04 | 0.0224 | 0.9410 | 0.9431 | 0.9650 | 0.0254 | 0.9417 | 0.9127 | 0.9500
0578 | 23:06:50 |  13.8s | 1.0e-04 | 0.0224 | 0.9414 | 0.9441 | 0.9652 | 0.0255 | 0.9333 | 0.9228 | 0.9483
0579 | 23:07:15 |  22.4s | 1.0e-04 | 0.0237 | 0.9413 | 0.9452 | 0.9650 | 0.0255 | 0.9434 | 0.9158 | 0.9515
0580 | 23:07:48 |  14.1s | 1.0e-04 | 0.0240 | 0.9402 | 0.9455 | 0.9648 | 0.0256 | 0.9231 | 0.9365 | 0.9476
0581 | 23:08:13 |  14.1s | 1.0e-04 | 0.0238 | 0.9408 | 0.9452 | 0.9656 | 0.0247 | 0.9294 | 0.9366 | 0.9532
0582 | 23:08:37 |  14.1s | 1.0e-04 | 0.0236 | 0.9410 | 0.9459 | 0.9657 | 0.0251 | 0.9206 | 0.9371 | 0.9460
0583 | 23:09:02 |  14.1s | 1.0e-04 | 0.0237 | 0.9409 | 0.9449 | 0.9656 | 0.0249 | 0.9263 | 0.9286 | 0.9462
0584 | 23:09:27 |  14.0s | 1.0e-04 | 0.0234 | 0.9417 | 0.9462 | 0.9667 | 0.0257 | 0.9299 | 0.9278 | 0.9476
0585 | 23:09:52 |  23.6s | 1.0e-04 | 0.0232 | 0.9403 | 0.9440 | 0.9653 | 0.0257 | 0.9260 | 0.9383 | 0.9528
0586 | 23:10:26 |  23.0s | 1.0e-04 | 0.0230 | 0.9407 | 0.9433 | 0.9649 | 0.0253 | 0.9252 | 0.9392 | 0.9519
0587 | 23:11:00 |  14.3s | 1.0e-04 | 0.0227 | 0.9402 | 0.9432 | 0.9644 | 0.0255 | 0.9189 | 0.9414 | 0.9494
0588 | 23:11:25 |  14.3s | 1.0e-04 | 0.0227 | 0.9402 | 0.9427 | 0.9634 | 0.0260 | 0.9238 | 0.9352 | 0.9479
0589 | 23:11:50 |  14.3s | 1.0e-04 | 0.0223 | 0.9415 | 0.9441 | 0.9656 | 0.0254 | 0.9081 | 0.9529 | 0.9500
0590 | 23:12:15 |  14.3s | 1.0e-04 | 0.0225 | 0.9406 | 0.9444 | 0.9655 | 0.0251 | 0.9357 | 0.9227 | 0.9507
0591 | 23:12:40 |  14.3s | 1.0e-04 | 0.0227 | 0.9407 | 0.9428 | 0.9646 | 0.0245 | 0.9282 | 0.9341 | 0.9512
0592 | 23:13:05 |  14.3s | 1.0e-04 | 0.0224 | 0.9413 | 0.9436 | 0.9657 | 0.0262 | 0.9190 | 0.9448 | 0.9511
0593 | 23:13:30 |  22.8s | 1.0e-04 | 0.0228 | 0.9417 | 0.9453 | 0.9663 | 0.0256 | 0.9187 | 0.9387 | 0.9483
0594 | 23:14:04 |  22.6s | 1.0e-04 | 0.0224 | 0.9409 | 0.9455 | 0.9659 | 0.0261 | 0.9363 | 0.9199 | 0.9483
0595 | 23:14:37 |  14.4s | 1.0e-04 | 0.0217 | 0.9414 | 0.9439 | 0.9654 | 0.0255 | 0.9270 | 0.9325 | 0.9508
0596 | 23:15:02 |  14.3s | 1.0e-04 | 0.0216 | 0.9409 | 0.9437 | 0.9654 | 0.0249 | 0.9247 | 0.9333 | 0.9484
0597 | 23:15:27 |  14.4s | 1.0e-04 | 0.0211 | 0.9429 | 0.9462 | 0.9675 | 0.0249 | 0.9335 | 0.9289 | 0.9514
0598 | 23:15:52 |  14.3s | 1.0e-04 | 0.0216 | 0.9420 | 0.9456 | 0.9663 | 0.0255 | 0.9273 | 0.9358 | 0.9506
0599 | 23:16:17 |  14.3s | 1.0e-04 | 0.0216 | 0.9415 | 0.9443 | 0.9655 | 0.0250 | 0.9271 | 0.9310 | 0.9475
0600 | 23:16:42 |  14.3s | 1.0e-04 | 0.0214 | 0.9422 | 0.9446 | 0.9665 | 0.0251 | 0.9217 | 0.9377 | 0.9486
0601 | 23:17:10 |  14.5s | 1.0e-04 | 0.0210 | 0.9410 | 0.9437 | 0.9653 | 0.0251 | 0.9322 | 0.9229 | 0.9474
0602 | 23:17:35 |  25.1s | 1.0e-04 | 0.0211 | 0.9428 | 0.9447 | 0.9669 | 0.0259 | 0.9355 | 0.9200 | 0.9473
0603 | 23:18:11 |  14.1s | 1.0e-04 | 0.0219 | 0.9421 | 0.9458 | 0.9668 | 0.0258 | 0.9295 | 0.9277 | 0.9480
0604 | 23:18:36 |  14.1s | 1.0e-04 | 0.0215 | 0.9435 | 0.9461 | 0.9681 | 0.0250 | 0.9300 | 0.9231 | 0.9457
0605 | 23:19:01 |  14.1s | 1.0e-04 | 0.0217 | 0.9419 | 0.9458 | 0.9669 | 0.0245 | 0.9325 | 0.9255 | 0.9486
0606 | 23:19:26 |  14.1s | 1.0e-04 | 0.0214 | 0.9428 | 0.9459 | 0.9677 | 0.0246 | 0.9269 | 0.9353 | 0.9503
0607 | 23:19:50 |  14.1s | 1.0e-04 | 0.0218 | 0.9426 | 0.9470 | 0.9680 | 0.0244 | 0.9332 | 0.9257 | 0.9494
0608 | 23:20:15 |  22.4s | 1.0e-04 | 0.0213 | 0.9429 | 0.9465 | 0.9672 | 0.0251 | 0.9420 | 0.9132 | 0.9487
0609 | 23:20:48 |  14.2s | 1.0e-04 | 0.0212 | 0.9434 | 0.9437 | 0.9670 | 0.0253 | 0.9337 | 0.9252 | 0.9500
0610 | 23:21:13 |  22.7s | 1.0e-04 | 0.0213 | 0.9424 | 0.9427 | 0.9665 | 0.0255 | 0.9345 | 0.9261 | 0.9500
0611 | 23:21:47 |  13.9s | 1.0e-04 | 0.0210 | 0.9429 | 0.9431 | 0.9662 | 0.0250 | 0.9302 | 0.9288 | 0.9498
0612 | 23:22:11 |  13.9s | 1.0e-04 | 0.0211 | 0.9429 | 0.9453 | 0.9674 | 0.0259 | 0.9337 | 0.9271 | 0.9514
0613 | 23:22:36 |  13.9s | 1.0e-04 | 0.0210 | 0.9428 | 0.9439 | 0.9666 | 0.0260 | 0.9328 | 0.9241 | 0.9484
0614 | 23:23:01 |  13.9s | 1.0e-04 | 0.0210 | 0.9416 | 0.9436 | 0.9653 | 0.0261 | 0.9351 | 0.9170 | 0.9454
0615 | 23:23:25 |  14.0s | 1.0e-04 | 0.0210 | 0.9417 | 0.9426 | 0.9658 | 0.0247 | 0.9246 | 0.9392 | 0.9529
0616 | 23:23:50 |  24.0s | 1.0e-04 | 0.0212 | 0.9428 | 0.9438 | 0.9664 | 0.0253 | 0.9331 | 0.9251 | 0.9499
0617 | 23:24:25 |  13.9s | 1.0e-04 | 0.0220 | 0.9421 | 0.9460 | 0.9665 | 0.0262 | 0.9333 | 0.9114 | 0.9403
0618 | 23:24:49 |  22.8s | 1.0e-04 | 0.0223 | 0.9404 | 0.9440 | 0.9643 | 0.0265 | 0.9068 | 0.9455 | 0.9445
0619 | 23:25:23 |  14.4s | 1.0e-04 | 0.0228 | 0.9398 | 0.9412 | 0.9636 | 0.0253 | 0.9279 | 0.9295 | 0.9481
0620 | 23:25:48 |  14.3s | 1.0e-04 | 0.0225 | 0.9405 | 0.9424 | 0.9647 | 0.0242 | 0.9234 | 0.9385 | 0.9501
0621 | 23:26:13 |  14.3s | 1.0e-04 | 0.0224 | 0.9414 | 0.9431 | 0.9649 | 0.0247 | 0.9256 | 0.9357 | 0.9501
0622 | 23:26:38 |  14.5s | 1.0e-04 | 0.0224 | 0.9416 | 0.9435 | 0.9654 | 0.0250 | 0.9346 | 0.9253 | 0.9498
0623 | 23:27:03 |  14.3s | 1.0e-04 | 0.0230 | 0.9399 | 0.9413 | 0.9639 | 0.0243 | 0.9346 | 0.9197 | 0.9469
0624 | 23:27:28 |  24.8s | 1.0e-04 | 0.0222 | 0.9408 | 0.9439 | 0.9649 | 0.0256 | 0.9375 | 0.9132 | 0.9451
0625 | 23:28:04 |  14.1s | 1.0e-04 | 0.0216 | 0.9423 | 0.9443 | 0.9661 | 0.0245 | 0.9331 | 0.9340 | 0.9545
0626 | 23:28:32 |  13.8s | 1.0e-04 | 0.0214 | 0.9431 | 0.9467 | 0.9682 | 0.0248 | 0.9308 | 0.9296 | 0.9500
0627 | 23:28:57 |  13.8s | 1.0e-04 | 0.0213 | 0.9434 | 0.9456 | 0.9674 | 0.0249 | 0.9300 | 0.9296 | 0.9492
0628 | 23:29:21 |  13.8s | 1.0e-04 | 0.0215 | 0.9423 | 0.9460 | 0.9675 | 0.0250 | 0.9314 | 0.9218 | 0.9468
0629 | 23:29:46 |  13.8s | 1.0e-04 | 0.0213 | 0.9429 | 0.9461 | 0.9683 | 0.0254 | 0.9246 | 0.9354 | 0.9484
0630 | 23:30:10 |  13.9s | 1.0e-04 | 0.0210 | 0.9437 | 0.9478 | 0.9681 | 0.0262 | 0.9244 | 0.9352 | 0.9477
0631 | 23:30:35 |  13.9s | 1.0e-04 | 0.0211 | 0.9433 | 0.9465 | 0.9676 | 0.0268 | 0.9233 | 0.9312 | 0.9460
0632 | 23:31:00 |  23.3s | 1.0e-04 | 0.0214 | 0.9418 | 0.9462 | 0.9668 | 0.0255 | 0.9298 | 0.9318 | 0.9485
0633 | 23:31:34 |  24.2s | 1.0e-04 | 0.0215 | 0.9415 | 0.9445 | 0.9656 | 0.0250 | 0.9368 | 0.9218 | 0.9508
0634 | 23:32:08 |  14.4s | 1.0e-04 | 0.0212 | 0.9418 | 0.9445 | 0.9668 | 0.0245 | 0.9308 | 0.9263 | 0.9483
0635 | 23:32:34 |  14.4s | 1.0e-04 | 0.0217 | 0.9401 | 0.9429 | 0.9640 | 0.0253 | 0.9315 | 0.9263 | 0.9490
0636 | 23:32:59 |  14.5s | 1.0e-04 | 0.0215 | 0.9412 | 0.9445 | 0.9652 | 0.0246 | 0.9343 | 0.9316 | 0.9528
0637 | 23:33:24 |  14.4s | 1.0e-04 | 0.0217 | 0.9416 | 0.9422 | 0.9648 | 0.0239 | 0.9249 | 0.9387 | 0.9527
0638 | 23:33:49 |  14.4s | 1.0e-04 | 0.0213 | 0.9413 | 0.9444 | 0.9657 | 0.0250 | 0.9282 | 0.9353 | 0.9531
0639 | 23:34:14 |  14.4s | 1.0e-04 | 0.0217 | 0.9406 | 0.9434 | 0.9648 | 0.0250 | 0.9208 | 0.9387 | 0.9503
0640 | 23:34:39 |  22.3s | 1.0e-04 | 0.0230 | 0.9412 | 0.9433 | 0.9643 | 0.0247 | 0.9235 | 0.9376 | 0.9485
0641 | 23:35:12 |  23.0s | 1.0e-04 | 0.0234 | 0.9398 | 0.9436 | 0.9647 | 0.0247 | 0.9295 | 0.9329 | 0.9512
0642 | 23:35:46 |  14.1s | 1.0e-04 | 0.0232 | 0.9407 | 0.9430 | 0.9641 | 0.0255 | 0.9202 | 0.9392 | 0.9497
0643 | 23:36:11 |  14.0s | 1.0e-04 | 0.0235 | 0.9414 | 0.9440 | 0.9645 | 0.0254 | 0.9170 | 0.9429 | 0.9504
0644 | 23:36:35 |  14.0s | 1.0e-04 | 0.0236 | 0.9401 | 0.9426 | 0.9636 | 0.0248 | 0.9240 | 0.9379 | 0.9495
0645 | 23:37:00 |  14.1s | 1.0e-04 | 0.0233 | 0.9407 | 0.9428 | 0.9641 | 0.0256 | 0.9171 | 0.9415 | 0.9475
0646 | 23:37:25 |  14.0s | 1.0e-04 | 0.0238 | 0.9403 | 0.9415 | 0.9637 | 0.0250 | 0.9315 | 0.9250 | 0.9485
0647 | 23:37:50 |  22.9s | 1.0e-04 | 0.0234 | 0.9406 | 0.9440 | 0.9644 | 0.0245 | 0.9390 | 0.9305 | 0.9582
0648 | 23:38:24 |  13.9s | 1.0e-04 | 0.0230 | 0.9417 | 0.9450 | 0.9652 | 0.0250 | 0.9238 | 0.9376 | 0.9497
0649 | 23:38:48 |  23.5s | 1.0e-04 | 0.0224 | 0.9409 | 0.9455 | 0.9660 | 0.0243 | 0.9300 | 0.9324 | 0.9515
0650 | 23:39:22 |  14.3s | 1.0e-04 | 0.0222 | 0.9414 | 0.9449 | 0.9656 | 0.0251 | 0.9242 | 0.9410 | 0.9541
0651 | 23:39:47 |  14.2s | 1.0e-04 | 0.0219 | 0.9422 | 0.9457 | 0.9672 | 0.0239 | 0.9266 | 0.9374 | 0.9513
0652 | 23:40:12 |  14.3s | 1.0e-04 | 0.0217 | 0.9417 | 0.9452 | 0.9664 | 0.0242 | 0.9293 | 0.9405 | 0.9557
0653 | 23:40:37 |  14.3s | 1.0e-04 | 0.0223 | 0.9424 | 0.9446 | 0.9666 | 0.0244 | 0.9313 | 0.9385 | 0.9571
0654 | 23:41:02 |  14.3s | 1.0e-04 | 0.0221 | 0.9414 | 0.9441 | 0.9650 | 0.0257 | 0.9204 | 0.9360 | 0.9467
0655 | 23:41:27 |  24.0s | 1.0e-04 | 0.0218 | 0.9421 | 0.9447 | 0.9662 | 0.0246 | 0.9343 | 0.9292 | 0.9533
0656 | 23:42:02 |  14.3s | 1.0e-04 | 0.0210 | 0.9428 | 0.9450 | 0.9672 | 0.0255 | 0.9065 | 0.9524 | 0.9532
0657 | 23:42:27 |  22.6s | 1.0e-04 | 0.0215 | 0.9427 | 0.9476 | 0.9674 | 0.0252 | 0.9256 | 0.9321 | 0.9493
0658 | 23:43:00 |  14.0s | 1.0e-04 | 0.0220 | 0.9434 | 0.9475 | 0.9683 | 0.0242 | 0.9271 | 0.9355 | 0.9496
0659 | 23:43:25 |  14.0s | 1.0e-04 | 0.0216 | 0.9445 | 0.9479 | 0.9695 | 0.0252 | 0.9297 | 0.9290 | 0.9481
0660 | 23:43:50 |  14.1s | 1.0e-04 | 0.0216 | 0.9437 | 0.9479 | 0.9686 | 0.0252 | 0.9244 | 0.9318 | 0.9480
0661 | 23:44:15 |  14.1s | 1.0e-04 | 0.0216 | 0.9435 | 0.9483 | 0.9692 | 0.0253 | 0.9262 | 0.9329 | 0.9507
0662 | 23:44:40 |  14.0s | 1.0e-04 | 0.0213 | 0.9443 | 0.9484 | 0.9691 | 0.0249 | 0.9263 | 0.9313 | 0.9482
0663 | 23:45:04 |  23.2s | 1.0e-04 | 0.0214 | 0.9438 | 0.9480 | 0.9695 | 0.0252 | 0.9243 | 0.9399 | 0.9522
0664 | 23:45:38 |  14.3s | 1.0e-04 | 0.0218 | 0.9440 | 0.9465 | 0.9682 | 0.0253 | 0.9322 | 0.9172 | 0.9434
0665 | 23:46:03 |  24.0s | 1.0e-04 | 0.0220 | 0.9427 | 0.9469 | 0.9677 | 0.0252 | 0.9266 | 0.9314 | 0.9503
0666 | 23:46:38 |  14.2s | 1.0e-04 | 0.0217 | 0.9439 | 0.9470 | 0.9685 | 0.0247 | 0.9366 | 0.9242 | 0.9511
0667 | 23:47:03 |  14.2s | 1.0e-04 | 0.0216 | 0.9441 | 0.9477 | 0.9690 | 0.0256 | 0.9358 | 0.9255 | 0.9518
0668 | 23:47:28 |  14.2s | 1.0e-04 | 0.0220 | 0.9438 | 0.9466 | 0.9686 | 0.0252 | 0.9305 | 0.9256 | 0.9469
0669 | 23:47:53 |  14.2s | 1.0e-04 | 0.0218 | 0.9434 | 0.9467 | 0.9684 | 0.0245 | 0.9287 | 0.9382 | 0.9525
0670 | 23:48:18 |  14.2s | 1.0e-04 | 0.0219 | 0.9438 | 0.9462 | 0.9687 | 0.0252 | 0.9343 | 0.9247 | 0.9498
0671 | 23:48:43 |  23.6s | 1.0e-04 | 0.0218 | 0.9438 | 0.9473 | 0.9694 | 0.0246 | 0.9369 | 0.9249 | 0.9526
0672 | 23:49:17 |  23.3s | 1.0e-04 | 0.0215 | 0.9442 | 0.9471 | 0.9688 | 0.0250 | 0.9264 | 0.9411 | 0.9529
0673 | 23:49:51 |  14.0s | 1.0e-04 | 0.0210 | 0.9434 | 0.9466 | 0.9683 | 0.0246 | 0.9330 | 0.9279 | 0.9522
0674 | 23:50:16 |  14.0s | 1.0e-04 | 0.0210 | 0.9430 | 0.9455 | 0.9669 | 0.0242 | 0.9282 | 0.9333 | 0.9515
0675 | 23:50:40 |  13.9s | 1.0e-04 | 0.0211 | 0.9432 | 0.9446 | 0.9674 | 0.0238 | 0.9293 | 0.9384 | 0.9545
0676 | 23:51:05 |  14.0s | 1.0e-04 | 0.0211 | 0.9427 | 0.9448 | 0.9674 | 0.0247 | 0.9288 | 0.9257 | 0.9455
0677 | 23:51:30 |  14.0s | 1.0e-04 | 0.0212 | 0.9431 | 0.9455 | 0.9676 | 0.0239 | 0.9271 | 0.9324 | 0.9501
0678 | 23:51:55 |  14.0s | 1.0e-04 | 0.0211 | 0.9433 | 0.9442 | 0.9673 | 0.0247 | 0.9303 | 0.9289 | 0.9491
0679 | 23:52:20 |  23.3s | 1.0e-04 | 0.0216 | 0.9431 | 0.9458 | 0.9677 | 0.0242 | 0.9277 | 0.9369 | 0.9530
0680 | 23:52:54 |  23.9s | 1.0e-04 | 0.0217 | 0.9429 | 0.9454 | 0.9675 | 0.0245 | 0.9366 | 0.9234 | 0.9491
0681 | 23:53:29 |  14.1s | 1.0e-04 | 0.0227 | 0.9415 | 0.9428 | 0.9654 | 0.0259 | 0.9202 | 0.9391 | 0.9475
0682 | 23:53:53 |  14.2s | 1.0e-04 | 0.0222 | 0.9422 | 0.9453 | 0.9662 | 0.0250 | 0.9167 | 0.9461 | 0.9512
0683 | 23:54:18 |  14.1s | 1.0e-04 | 0.0224 | 0.9412 | 0.9447 | 0.9655 | 0.0244 | 0.9339 | 0.9316 | 0.9538
0684 | 23:54:44 |  14.1s | 1.0e-04 | 0.0226 | 0.9407 | 0.9444 | 0.9651 | 0.0252 | 0.9187 | 0.9417 | 0.9476
0685 | 23:55:09 |  14.0s | 1.0e-04 | 0.0222 | 0.9417 | 0.9454 | 0.9657 | 0.0246 | 0.9322 | 0.9304 | 0.9525
0686 | 23:55:34 |  22.5s | 1.0e-04 | 0.0220 | 0.9426 | 0.9468 | 0.9676 | 0.0241 | 0.9256 | 0.9417 | 0.9540
0687 | 23:56:07 |  14.2s | 1.0e-04 | 0.0206 | 0.9449 | 0.9472 | 0.9694 | 0.0248 | 0.9258 | 0.9298 | 0.9482
0688 | 23:56:32 |  23.3s | 1.0e-04 | 0.0213 | 0.9434 | 0.9465 | 0.9682 | 0.0246 | 0.9464 | 0.9188 | 0.9568
0689 | 23:57:06 |  14.2s | 1.0e-04 | 0.0216 | 0.9432 | 0.9467 | 0.9679 | 0.0249 | 0.9241 | 0.9420 | 0.9540
0690 | 23:57:31 |  14.1s | 1.0e-04 | 0.0220 | 0.9422 | 0.9457 | 0.9665 | 0.0250 | 0.9235 | 0.9385 | 0.9502
0691 | 23:57:56 |  14.0s | 1.0e-04 | 0.0220 | 0.9433 | 0.9466 | 0.9674 | 0.0264 | 0.9357 | 0.9145 | 0.9436
0692 | 23:58:21 |  14.0s | 1.0e-04 | 0.0217 | 0.9434 | 0.9456 | 0.9675 | 0.0244 | 0.9311 | 0.9314 | 0.9518
0693 | 23:58:46 |  14.1s | 1.0e-04 | 0.0215 | 0.9426 | 0.9475 | 0.9678 | 0.0242 | 0.9277 | 0.9315 | 0.9512
0694 | 23:59:11 |  23.4s | 1.0e-04 | 0.0217 | 0.9437 | 0.9473 | 0.9685 | 0.0246 | 0.9319 | 0.9367 | 0.9538
0695 | 23:59:45 |  13.9s | 1.0e-04 | 0.0217 | 0.9443 | 0.9495 | 0.9698 | 0.0241 | 0.9335 | 0.9265 | 0.9496
0696 | 00:00:10 |  22.5s | 1.0e-04 | 0.0209 | 0.9448 | 0.9490 | 0.9691 | 0.0247 | 0.9241 | 0.9330 | 0.9457
0697 | 00:00:44 |  14.4s | 1.0e-04 | 0.0215 | 0.9419 | 0.9460 | 0.9670 | 0.0250 | 0.9339 | 0.9307 | 0.9543
0698 | 00:01:09 |  14.4s | 1.0e-04 | 0.0209 | 0.9428 | 0.9459 | 0.9674 | 0.0245 | 0.9278 | 0.9328 | 0.9512
0699 | 00:01:35 |  14.4s | 1.0e-04 | 0.0211 | 0.9423 | 0.9450 | 0.9665 | 0.0252 | 0.9294 | 0.9326 | 0.9505
0700 | 00:02:00 |  14.4s | 1.0e-04 | 0.0208 | 0.9432 | 0.9473 | 0.9674 | 0.0242 | 0.9305 | 0.9341 | 0.9531
0701 | 00:02:25 |  14.4s | 1.0e-04 | 0.0208 | 0.9435 | 0.9462 | 0.9686 | 0.0253 | 0.9435 | 0.9181 | 0.9530
0702 | 00:02:51 |  23.8s | 1.0e-04 | 0.0210 | 0.9427 | 0.9461 | 0.9680 | 0.0244 | 0.9396 | 0.9245 | 0.9545
0703 | 00:03:26 |  14.5s | 1.0e-04 | 0.0210 | 0.9438 | 0.9455 | 0.9681 | 0.0235 | 0.9305 | 0.9296 | 0.9506
0704 | 00:03:51 |  23.1s | 1.0e-04 | 0.0216 | 0.9430 | 0.9471 | 0.9675 | 0.0248 | 0.9263 | 0.9353 | 0.9514
0705 | 00:04:25 |  14.0s | 1.0e-04 | 0.0216 | 0.9430 | 0.9462 | 0.9678 | 0.0235 | 0.9371 | 0.9316 | 0.9563
0706 | 00:04:50 |  13.9s | 1.0e-04 | 0.0212 | 0.9445 | 0.9483 | 0.9695 | 0.0248 | 0.9257 | 0.9388 | 0.9511
0707 | 00:05:15 |  13.9s | 1.0e-04 | 0.0216 | 0.9430 | 0.9474 | 0.9680 | 0.0242 | 0.9345 | 0.9303 | 0.9534
0708 | 00:05:40 |  14.0s | 1.0e-04 | 0.0213 | 0.9439 | 0.9478 | 0.9691 | 0.0245 | 0.9295 | 0.9372 | 0.9549
0709 | 00:06:05 |  13.9s | 1.0e-04 | 0.0213 | 0.9442 | 0.9467 | 0.9691 | 0.0251 | 0.9247 | 0.9353 | 0.9501
0710 | 00:06:30 |  23.5s | 1.0e-04 | 0.0217 | 0.9432 | 0.9467 | 0.9682 | 0.0250 | 0.9339 | 0.9307 | 0.9534
0711 | 00:07:05 |  22.8s | 1.0e-04 | 0.0221 | 0.9436 | 0.9464 | 0.9674 | 0.0241 | 0.9313 | 0.9419 | 0.9592
0712 | 00:07:39 |  14.1s | 1.0e-04 | 0.0219 | 0.9425 | 0.9460 | 0.9666 | 0.0240 | 0.9261 | 0.9414 | 0.9547
0713 | 00:08:04 |  14.1s | 1.0e-04 | 0.0214 | 0.9432 | 0.9463 | 0.9688 | 0.0244 | 0.9283 | 0.9380 | 0.9558
0714 | 00:08:29 |  14.1s | 1.0e-04 | 0.0219 | 0.9436 | 0.9452 | 0.9677 | 0.0250 | 0.9198 | 0.9445 | 0.9545
0715 | 00:08:54 |  14.1s | 1.0e-04 | 0.0221 | 0.9431 | 0.9464 | 0.9669 | 0.0238 | 0.9274 | 0.9421 | 0.9553
0716 | 00:09:20 |  14.1s | 1.0e-04 | 0.0217 | 0.9425 | 0.9463 | 0.9678 | 0.0239 | 0.9341 | 0.9290 | 0.9526
0717 | 00:09:45 |  14.1s | 1.0e-04 | 0.0217 | 0.9427 | 0.9465 | 0.9670 | 0.0248 | 0.9305 | 0.9300 | 0.9493
0718 | 00:10:10 |  23.1s | 1.0e-04 | 0.0214 | 0.9431 | 0.9451 | 0.9681 | 0.0247 | 0.9277 | 0.9336 | 0.9502
0719 | 00:10:44 |  23.1s | 1.0e-04 | 0.0215 | 0.9427 | 0.9456 | 0.9669 | 0.0244 | 0.9319 | 0.9315 | 0.9529
0720 | 00:11:19 |  14.1s | 1.0e-04 | 0.0215 | 0.9439 | 0.9478 | 0.9694 | 0.0253 | 0.9369 | 0.9219 | 0.9505
0721 | 00:11:44 |  14.1s | 1.0e-04 | 0.0213 | 0.9442 | 0.9474 | 0.9689 | 0.0239 | 0.9275 | 0.9360 | 0.9507
0722 | 00:12:09 |  14.0s | 1.0e-04 | 0.0217 | 0.9433 | 0.9460 | 0.9683 | 0.0247 | 0.9299 | 0.9362 | 0.9539
0723 | 00:12:34 |  14.0s | 1.0e-04 | 0.0217 | 0.9431 | 0.9462 | 0.9676 | 0.0246 | 0.9300 | 0.9398 | 0.9540
0724 | 00:12:59 |  14.0s | 1.0e-04 | 0.0216 | 0.9440 | 0.9472 | 0.9686 | 0.0242 | 0.9315 | 0.9353 | 0.9557
0725 | 00:13:24 |  14.1s | 1.0e-04 | 0.0216 | 0.9439 | 0.9469 | 0.9686 | 0.0242 | 0.9265 | 0.9377 | 0.9529
0726 | 00:13:52 |  14.1s | 1.0e-04 | 0.0220 | 0.9439 | 0.9474 | 0.9684 | 0.0245 | 0.9357 | 0.9220 | 0.9491
0727 | 00:14:17 |  22.8s | 1.0e-04 | 0.0216 | 0.9445 | 0.9475 | 0.9690 | 0.0244 | 0.9325 | 0.9304 | 0.9524
0728 | 00:14:51 |  14.3s | 1.0e-04 | 0.0218 | 0.9440 | 0.9470 | 0.9685 | 0.0238 | 0.9302 | 0.9348 | 0.9533
0729 | 00:15:16 |  14.4s | 1.0e-04 | 0.0215 | 0.9439 | 0.9469 | 0.9688 | 0.0242 | 0.9333 | 0.9302 | 0.9520
0730 | 00:15:42 |  14.3s | 1.0e-04 | 0.0215 | 0.9440 | 0.9475 | 0.9693 | 0.0242 | 0.9244 | 0.9387 | 0.9527
0731 | 00:16:07 |  14.3s | 1.0e-04 | 0.0214 | 0.9446 | 0.9480 | 0.9697 | 0.0240 | 0.9335 | 0.9246 | 0.9497
0732 | 00:16:33 |  14.3s | 1.0e-04 | 0.0217 | 0.9429 | 0.9471 | 0.9674 | 0.0251 | 0.9278 | 0.9322 | 0.9510
0733 | 00:16:58 |  24.9s | 1.0e-04 | 0.0216 | 0.9427 | 0.9466 | 0.9676 | 0.0257 | 0.9179 | 0.9441 | 0.9520
0734 | 00:17:34 |  14.4s | 1.0e-04 | 0.0203 | 0.9443 | 0.9482 | 0.9691 | 0.0241 | 0.9317 | 0.9393 | 0.9574
0735 | 00:18:00 |  23.9s | 1.0e-04 | 0.0207 | 0.9455 | 0.9487 | 0.9706 | 0.0243 | 0.9357 | 0.9267 | 0.9523
0736 | 00:18:35 |  14.1s | 1.0e-04 | 0.0201 | 0.9456 | 0.9496 | 0.9711 | 0.0241 | 0.9260 | 0.9366 | 0.9508
0737 | 00:19:00 |  14.1s | 1.0e-04 | 0.0201 | 0.9467 | 0.9494 | 0.9709 | 0.0249 | 0.9211 | 0.9420 | 0.9520
0738 | 00:19:25 |  14.2s | 1.0e-04 | 0.0198 | 0.9468 | 0.9513 | 0.9726 | 0.0240 | 0.9321 | 0.9361 | 0.9559
0739 | 00:19:50 |  14.2s | 1.0e-04 | 0.0203 | 0.9453 | 0.9492 | 0.9703 | 0.0256 | 0.9198 | 0.9424 | 0.9509
0740 | 00:20:16 |  14.2s | 1.0e-04 | 0.0204 | 0.9455 | 0.9492 | 0.9709 | 0.0250 | 0.9454 | 0.9113 | 0.9510
0741 | 00:20:41 |  23.3s | 1.0e-04 | 0.0201 | 0.9458 | 0.9493 | 0.9706 | 0.0243 | 0.9251 | 0.9351 | 0.9494
0742 | 00:21:15 |  14.0s | 1.0e-04 | 0.0201 | 0.9465 | 0.9500 | 0.9712 | 0.0242 | 0.9339 | 0.9309 | 0.9538
0743 | 00:21:41 |  24.1s | 1.0e-04 | 0.0200 | 0.9453 | 0.9481 | 0.9705 | 0.0248 | 0.9265 | 0.9337 | 0.9489
0744 | 00:22:16 |  14.3s | 1.0e-04 | 0.0200 | 0.9450 | 0.9475 | 0.9697 | 0.0241 | 0.9330 | 0.9302 | 0.9537
0745 | 00:22:41 |  14.2s | 1.0e-04 | 0.0202 | 0.9436 | 0.9476 | 0.9685 | 0.0240 | 0.9314 | 0.9350 | 0.9526
0746 | 00:23:07 |  14.2s | 1.0e-04 | 0.0201 | 0.9453 | 0.9473 | 0.9705 | 0.0245 | 0.9297 | 0.9317 | 0.9526
0747 | 00:23:32 |  14.2s | 1.0e-04 | 0.0198 | 0.9458 | 0.9487 | 0.9709 | 0.0253 | 0.9271 | 0.9350 | 0.9514
0748 | 00:23:57 |  14.3s | 1.0e-04 | 0.0198 | 0.9454 | 0.9482 | 0.9702 | 0.0238 | 0.9353 | 0.9290 | 0.9526
0749 | 00:24:23 |  23.1s | 1.0e-04 | 0.0209 | 0.9440 | 0.9468 | 0.9688 | 0.0236 | 0.9333 | 0.9346 | 0.9575
0750 | 00:24:57 |  14.4s | 1.0e-04 | 0.0211 | 0.9440 | 0.9466 | 0.9688 | 0.0236 | 0.9340 | 0.9338 | 0.9569
0751 | 00:25:25 |  14.4s | 1.0e-04 | 0.0215 | 0.9434 | 0.9464 | 0.9687 | 0.0239 | 0.9278 | 0.9351 | 0.9526
0752 | 00:25:51 |  14.3s | 1.0e-04 | 0.0219 | 0.9433 | 0.9470 | 0.9681 | 0.0243 | 0.9338 | 0.9341 | 0.9540
0753 | 00:26:16 |  14.3s | 1.0e-04 | 0.0219 | 0.9426 | 0.9463 | 0.9669 | 0.0242 | 0.9237 | 0.9396 | 0.9516
0754 | 00:26:41 |  14.3s | 1.0e-04 | 0.0215 | 0.9448 | 0.9473 | 0.9694 | 0.0249 | 0.9273 | 0.9365 | 0.9517
0755 | 00:27:07 |  14.3s | 1.0e-04 | 0.0218 | 0.9437 | 0.9470 | 0.9685 | 0.0245 | 0.9328 | 0.9319 | 0.9526
0756 | 00:27:32 |  14.4s | 1.0e-04 | 0.0216 | 0.9436 | 0.9476 | 0.9681 | 0.0238 | 0.9207 | 0.9442 | 0.9531
0757 | 00:27:58 |  23.9s | 1.0e-04 | 0.0216 | 0.9445 | 0.9487 | 0.9697 | 0.0244 | 0.9293 | 0.9388 | 0.9545
0758 | 00:28:33 |  23.0s | 1.0e-04 | 0.0211 | 0.9460 | 0.9500 | 0.9711 | 0.0239 | 0.9308 | 0.9348 | 0.9554
0759 | 00:29:07 |  14.0s | 1.0e-04 | 0.0210 | 0.9448 | 0.9496 | 0.9696 | 0.0241 | 0.9364 | 0.9279 | 0.9553
0760 | 00:29:32 |  13.9s | 1.0e-04 | 0.0205 | 0.9461 | 0.9486 | 0.9712 | 0.0254 | 0.9149 | 0.9464 | 0.9519
0761 | 00:29:57 |  14.0s | 1.0e-04 | 0.0209 | 0.9462 | 0.9492 | 0.9706 | 0.0240 | 0.9375 | 0.9276 | 0.9541
0762 | 00:30:22 |  14.0s | 1.0e-04 | 0.0205 | 0.9458 | 0.9498 | 0.9715 | 0.0243 | 0.9347 | 0.9326 | 0.9546
0763 | 00:30:47 |  13.9s | 1.0e-04 | 0.0209 | 0.9448 | 0.9483 | 0.9699 | 0.0242 | 0.9253 | 0.9423 | 0.9554
0764 | 00:31:12 |  13.9s | 1.0e-04 | 0.0209 | 0.9453 | 0.9498 | 0.9709 | 0.0255 | 0.9169 | 0.9472 | 0.9536
0765 | 00:31:37 |  23.0s | 1.0e-04 | 0.0208 | 0.9458 | 0.9493 | 0.9702 | 0.0250 | 0.9269 | 0.9316 | 0.9497
0766 | 00:32:11 |  22.9s | 1.0e-04 | 0.0212 | 0.9436 | 0.9485 | 0.9690 | 0.0246 | 0.9305 | 0.9317 | 0.9504
0767 | 00:32:45 |  14.0s | 1.0e-04 | 0.0208 | 0.9454 | 0.9495 | 0.9703 | 0.0234 | 0.9324 | 0.9306 | 0.9518
0768 | 00:33:10 |  14.1s | 1.0e-04 | 0.0210 | 0.9457 | 0.9493 | 0.9712 | 0.0248 | 0.9229 | 0.9386 | 0.9496
0769 | 00:33:36 |  14.1s | 1.0e-04 | 0.0209 | 0.9455 | 0.9491 | 0.9703 | 0.0236 | 0.9357 | 0.9313 | 0.9542
0770 | 00:34:01 |  14.1s | 1.0e-04 | 0.0207 | 0.9462 | 0.9495 | 0.9708 | 0.0240 | 0.9295 | 0.9405 | 0.9555
0771 | 00:34:26 |  14.1s | 1.0e-04 | 0.0209 | 0.9453 | 0.9496 | 0.9705 | 0.0255 | 0.9329 | 0.9254 | 0.9500
0772 | 00:34:51 |  22.7s | 1.0e-04 | 0.0208 | 0.9455 | 0.9496 | 0.9708 | 0.0237 | 0.9293 | 0.9366 | 0.9523
0773 | 00:35:25 |  13.9s | 1.0e-04 | 0.0206 | 0.9455 | 0.9481 | 0.9699 | 0.0250 | 0.9281 | 0.9308 | 0.9485
0774 | 00:35:50 |  23.3s | 1.0e-04 | 0.0207 | 0.9451 | 0.9481 | 0.9697 | 0.0246 | 0.9261 | 0.9375 | 0.9528
0775 | 00:36:24 |  14.1s | 1.0e-04 | 0.0206 | 0.9448 | 0.9476 | 0.9690 | 0.0237 | 0.9305 | 0.9344 | 0.9534
0776 | 00:36:50 |  14.1s | 1.0e-04 | 0.0205 | 0.9448 | 0.9476 | 0.9695 | 0.0239 | 0.9281 | 0.9342 | 0.9524
0777 | 00:37:15 |  14.0s | 1.0e-04 | 0.0205 | 0.9456 | 0.9473 | 0.9704 | 0.0242 | 0.9329 | 0.9326 | 0.9540
0778 | 00:37:40 |  14.1s | 1.0e-04 | 0.0204 | 0.9447 | 0.9479 | 0.9704 | 0.0254 | 0.9146 | 0.9464 | 0.9507
0779 | 00:38:05 |  14.1s | 1.0e-04 | 0.0207 | 0.9449 | 0.9476 | 0.9700 | 0.0236 | 0.9274 | 0.9335 | 0.9510
0780 | 00:38:30 |  23.6s | 1.0e-04 | 0.0209 | 0.9431 | 0.9458 | 0.9676 | 0.0235 | 0.9332 | 0.9374 | 0.9561
0781 | 00:39:05 |  14.1s | 1.0e-04 | 0.0207 | 0.9438 | 0.9457 | 0.9686 | 0.0228 | 0.9334 | 0.9368 | 0.9583
0782 | 00:39:30 |  22.5s | 1.0e-04 | 0.0206 | 0.9443 | 0.9464 | 0.9690 | 0.0245 | 0.9247 | 0.9385 | 0.9519
0783 | 00:40:04 |  14.2s | 1.0e-04 | 0.0208 | 0.9446 | 0.9479 | 0.9686 | 0.0245 | 0.9255 | 0.9434 | 0.9562
0784 | 00:40:29 |  14.2s | 1.0e-04 | 0.0207 | 0.9441 | 0.9466 | 0.9689 | 0.0246 | 0.9258 | 0.9400 | 0.9548
0785 | 00:40:55 |  14.2s | 1.0e-04 | 0.0213 | 0.9435 | 0.9448 | 0.9673 | 0.0239 | 0.9313 | 0.9389 | 0.9560
0786 | 00:41:20 |  14.2s | 1.0e-04 | 0.0206 | 0.9435 | 0.9459 | 0.9678 | 0.0245 | 0.9277 | 0.9376 | 0.9548
0787 | 00:41:45 |  14.1s | 1.0e-04 | 0.0209 | 0.9446 | 0.9463 | 0.9680 | 0.0236 | 0.9403 | 0.9280 | 0.9554
0788 | 00:42:10 |  23.6s | 1.0e-04 | 0.0216 | 0.9421 | 0.9455 | 0.9673 | 0.0243 | 0.9256 | 0.9415 | 0.9551
0789 | 00:42:45 |  14.3s | 1.0e-04 | 0.0220 | 0.9434 | 0.9451 | 0.9674 | 0.0246 | 0.9210 | 0.9441 | 0.9524
0790 | 00:43:10 |  23.3s | 1.0e-04 | 0.0220 | 0.9437 | 0.9481 | 0.9687 | 0.0240 | 0.9335 | 0.9360 | 0.9567
0791 | 00:43:44 |  14.2s | 1.0e-04 | 0.0219 | 0.9436 | 0.9482 | 0.9690 | 0.0238 | 0.9383 | 0.9332 | 0.9567
0792 | 00:44:10 |  14.1s | 1.0e-04 | 0.0218 | 0.9444 | 0.9481 | 0.9689 | 0.0238 | 0.9413 | 0.9233 | 0.9540
0793 | 00:44:35 |  14.2s | 1.0e-04 | 0.0218 | 0.9441 | 0.9473 | 0.9691 | 0.0230 | 0.9300 | 0.9377 | 0.9556
0794 | 00:45:00 |  14.1s | 1.0e-04 | 0.0220 | 0.9444 | 0.9474 | 0.9688 | 0.0243 | 0.9350 | 0.9301 | 0.9535
0795 | 00:45:25 |  14.2s | 1.0e-04 | 0.0223 | 0.9436 | 0.9473 | 0.9683 | 0.0242 | 0.9401 | 0.9229 | 0.9530
0796 | 00:45:50 |  25.4s | 1.0e-04 | 0.0206 | 0.9460 | 0.9496 | 0.9713 | 0.0239 | 0.9232 | 0.9442 | 0.9526
0797 | 00:46:27 |  23.3s | 1.0e-04 | 0.0211 | 0.9450 | 0.9479 | 0.9698 | 0.0237 | 0.9309 | 0.9392 | 0.9557
0798 | 00:47:01 |  14.0s | 1.0e-04 | 0.0206 | 0.9455 | 0.9475 | 0.9702 | 0.0240 | 0.9331 | 0.9372 | 0.9568
0799 | 00:47:26 |  14.1s | 1.0e-04 | 0.0207 | 0.9446 | 0.9477 | 0.9698 | 0.0243 | 0.9310 | 0.9325 | 0.9507
0800 | 00:47:51 |  14.1s | 1.0e-04 | 0.0203 | 0.9461 | 0.9491 | 0.9712 | 0.0242 | 0.9241 | 0.9379 | 0.9502
0801 | 00:48:16 |  14.0s | 1.0e-04 | 0.0207 | 0.9443 | 0.9475 | 0.9687 | 0.0239 | 0.9344 | 0.9334 | 0.9548
0802 | 00:48:42 |  14.1s | 1.0e-04 | 0.0209 | 0.9449 | 0.9483 | 0.9699 | 0.0244 | 0.9352 | 0.9290 | 0.9538
0803 | 00:49:07 |  14.0s | 1.0e-04 | 0.0206 | 0.9456 | 0.9489 | 0.9701 | 0.0242 | 0.9387 | 0.9283 | 0.9533
0804 | 00:49:32 |  22.0s | 1.0e-04 | 0.0204 | 0.9456 | 0.9494 | 0.9711 | 0.0239 | 0.9443 | 0.9223 | 0.9567
0805 | 00:50:05 |  24.2s | 1.0e-04 | 0.0211 | 0.9444 | 0.9480 | 0.9687 | 0.0231 | 0.9277 | 0.9431 | 0.9584
0806 | 00:50:40 |  14.1s | 1.0e-04 | 0.0209 | 0.9441 | 0.9490 | 0.9692 | 0.0237 | 0.9286 | 0.9320 | 0.9513
0807 | 00:51:05 |  14.1s | 1.0e-04 | 0.0209 | 0.9455 | 0.9486 | 0.9704 | 0.0241 | 0.9274 | 0.9355 | 0.9516
0808 | 00:51:30 |  14.1s | 1.0e-04 | 0.0211 | 0.9445 | 0.9484 | 0.9700 | 0.0237 | 0.9336 | 0.9321 | 0.9547
0809 | 00:51:55 |  14.1s | 1.0e-04 | 0.0212 | 0.9445 | 0.9485 | 0.9692 | 0.0234 | 0.9224 | 0.9411 | 0.9525
0810 | 00:52:21 |  14.1s | 1.0e-04 | 0.0209 | 0.9448 | 0.9483 | 0.9702 | 0.0232 | 0.9386 | 0.9233 | 0.9530
0811 | 00:52:46 |  22.7s | 1.0e-04 | 0.0210 | 0.9453 | 0.9484 | 0.9706 | 0.0237 | 0.9364 | 0.9319 | 0.9561
0812 | 00:53:20 |  14.2s | 1.0e-04 | 0.0212 | 0.9447 | 0.9490 | 0.9700 | 0.0246 | 0.9324 | 0.9259 | 0.9482
0813 | 00:53:45 |  25.7s | 1.0e-04 | 0.0207 | 0.9457 | 0.9495 | 0.9709 | 0.0235 | 0.9303 | 0.9388 | 0.9563
0814 | 00:54:22 |  14.2s | 1.0e-04 | 0.0217 | 0.9444 | 0.9470 | 0.9688 | 0.0239 | 0.9399 | 0.9292 | 0.9561
0815 | 00:54:47 |  14.2s | 1.0e-04 | 0.0219 | 0.9436 | 0.9474 | 0.9684 | 0.0243 | 0.9309 | 0.9341 | 0.9518
0816 | 00:55:12 |  14.2s | 1.0e-04 | 0.0213 | 0.9448 | 0.9473 | 0.9700 | 0.0238 | 0.9279 | 0.9406 | 0.9538
0817 | 00:55:37 |  14.3s | 1.0e-04 | 0.0212 | 0.9456 | 0.9489 | 0.9707 | 0.0240 | 0.9306 | 0.9408 | 0.9562
0818 | 00:56:03 |  14.2s | 1.0e-04 | 0.0216 | 0.9441 | 0.9477 | 0.9688 | 0.0233 | 0.9356 | 0.9311 | 0.9527
0819 | 00:56:28 |  23.3s | 1.0e-04 | 0.0215 | 0.9444 | 0.9478 | 0.9691 | 0.0240 | 0.9312 | 0.9344 | 0.9549
0820 | 00:57:02 |  14.3s | 1.0e-04 | 0.0210 | 0.9426 | 0.9437 | 0.9671 | 0.0237 | 0.9363 | 0.9316 | 0.9554
0821 | 00:57:27 |  24.5s | 1.0e-04 | 0.0203 | 0.9448 | 0.9460 | 0.9694 | 0.0242 | 0.9272 | 0.9377 | 0.9527
0822 | 00:58:03 |  14.5s | 1.0e-04 | 0.0199 | 0.9450 | 0.9471 | 0.9697 | 0.0231 | 0.9318 | 0.9401 | 0.9572
0823 | 00:58:28 |  14.4s | 1.0e-04 | 0.0200 | 0.9450 | 0.9477 | 0.9694 | 0.0241 | 0.9412 | 0.9180 | 0.9514
0824 | 00:58:54 |  14.5s | 1.0e-04 | 0.0203 | 0.9438 | 0.9462 | 0.9687 | 0.0237 | 0.9329 | 0.9345 | 0.9540
0825 | 00:59:19 |  14.4s | 1.0e-04 | 0.0197 | 0.9460 | 0.9482 | 0.9704 | 0.0241 | 0.9405 | 0.9259 | 0.9568
0826 | 00:59:45 |  14.4s | 1.0e-04 | 0.0201 | 0.9441 | 0.9468 | 0.9698 | 0.0252 | 0.9259 | 0.9363 | 0.9526
0827 | 01:00:10 |  23.9s | 1.0e-04 | 0.0205 | 0.9453 | 0.9474 | 0.9699 | 0.0239 | 0.9291 | 0.9334 | 0.9504
0828 | 01:00:45 |  14.4s | 1.0e-04 | 0.0210 | 0.9460 | 0.9498 | 0.9711 | 0.0239 | 0.9282 | 0.9395 | 0.9537
0829 | 01:01:10 |  27.6s | 1.0e-04 | 0.0206 | 0.9453 | 0.9492 | 0.9702 | 0.0232 | 0.9386 | 0.9306 | 0.9566
0830 | 01:01:49 |  14.4s | 1.0e-04 | 0.0210 | 0.9444 | 0.9475 | 0.9694 | 0.0242 | 0.9292 | 0.9376 | 0.9548
0831 | 01:02:14 |  14.4s | 1.0e-04 | 0.0206 | 0.9455 | 0.9492 | 0.9698 | 0.0249 | 0.9407 | 0.9229 | 0.9532
0832 | 01:02:39 |  14.4s | 1.0e-04 | 0.0209 | 0.9453 | 0.9485 | 0.9699 | 0.0240 | 0.9245 | 0.9371 | 0.9500
0833 | 01:03:04 |  14.4s | 1.0e-04 | 0.0210 | 0.9446 | 0.9479 | 0.9692 | 0.0242 | 0.9277 | 0.9378 | 0.9538
0834 | 01:03:30 |  14.4s | 1.0e-04 | 0.0207 | 0.9449 | 0.9492 | 0.9700 | 0.0250 | 0.9443 | 0.9165 | 0.9527
0835 | 01:03:55 |  23.3s | 1.0e-04 | 0.0203 | 0.9460 | 0.9487 | 0.9704 | 0.0241 | 0.9340 | 0.9323 | 0.9546
0836 | 01:04:29 |  24.8s | 1.0e-04 | 0.0195 | 0.9466 | 0.9496 | 0.9721 | 0.0235 | 0.9282 | 0.9383 | 0.9550
0837 | 01:05:05 |  13.7s | 1.0e-04 | 0.0200 | 0.9471 | 0.9505 | 0.9728 | 0.0234 | 0.9289 | 0.9392 | 0.9554
0838 | 01:05:29 |  13.7s | 1.0e-04 | 0.0200 | 0.9479 | 0.9504 | 0.9725 | 0.0241 | 0.9240 | 0.9383 | 0.9524
0839 | 01:05:54 |  13.7s | 1.0e-04 | 0.0201 | 0.9460 | 0.9494 | 0.9721 | 0.0249 | 0.9419 | 0.9153 | 0.9508
0840 | 01:06:18 |  13.7s | 1.0e-04 | 0.0201 | 0.9472 | 0.9492 | 0.9721 | 0.0231 | 0.9350 | 0.9318 | 0.9547
0841 | 01:06:43 |  13.7s | 1.0e-04 | 0.0202 | 0.9472 | 0.9511 | 0.9718 | 0.0241 | 0.9288 | 0.9367 | 0.9561
0842 | 01:07:07 |  13.7s | 1.0e-04 | 0.0201 | 0.9462 | 0.9497 | 0.9719 | 0.0244 | 0.9279 | 0.9374 | 0.9534
0843 | 01:07:32 |  23.7s | 1.0e-04 | 0.0200 | 0.9474 | 0.9501 | 0.9726 | 0.0243 | 0.9285 | 0.9395 | 0.9546
0844 | 01:08:06 |  22.2s | 1.0e-04 | 0.0202 | 0.9475 | 0.9509 | 0.9717 | 0.0245 | 0.9282 | 0.9379 | 0.9545
0845 | 01:08:40 |  14.1s | 1.0e-04 | 0.0204 | 0.9459 | 0.9506 | 0.9715 | 0.0248 | 0.9291 | 0.9400 | 0.9531
0846 | 01:09:04 |  14.1s | 1.0e-04 | 0.0208 | 0.9460 | 0.9502 | 0.9710 | 0.0240 | 0.9317 | 0.9382 | 0.9559
0847 | 01:09:30 |  14.1s | 1.0e-04 | 0.0208 | 0.9456 | 0.9493 | 0.9709 | 0.0240 | 0.9275 | 0.9413 | 0.9554
0848 | 01:09:54 |  14.1s | 1.0e-04 | 0.0206 | 0.9454 | 0.9500 | 0.9701 | 0.0243 | 0.9259 | 0.9370 | 0.9515
0849 | 01:10:19 |  14.0s | 1.0e-04 | 0.0206 | 0.9463 | 0.9491 | 0.9714 | 0.0239 | 0.9334 | 0.9364 | 0.9553
0850 | 01:10:44 |  14.1s | 1.0e-04 | 0.0204 | 0.9466 | 0.9501 | 0.9723 | 0.0238 | 0.9344 | 0.9302 | 0.9523
0851 | 01:11:13 |  14.1s | 1.0e-04 | 0.0210 | 0.9456 | 0.9505 | 0.9711 | 0.0249 | 0.9204 | 0.9360 | 0.9492
0852 | 01:11:38 |  24.0s | 1.0e-04 | 0.0210 | 0.9458 | 0.9495 | 0.9713 | 0.0233 | 0.9406 | 0.9271 | 0.9557
0853 | 01:12:13 |  13.8s | 1.0e-04 | 0.0206 | 0.9463 | 0.9500 | 0.9709 | 0.0238 | 0.9259 | 0.9389 | 0.9522
0854 | 01:12:37 |  13.9s | 1.0e-04 | 0.0206 | 0.9460 | 0.9496 | 0.9710 | 0.0242 | 0.9283 | 0.9416 | 0.9570
0855 | 01:13:02 |  14.0s | 1.0e-04 | 0.0208 | 0.9467 | 0.9498 | 0.9718 | 0.0244 | 0.9344 | 0.9309 | 0.9542
0856 | 01:13:27 |  13.9s | 1.0e-04 | 0.0206 | 0.9467 | 0.9503 | 0.9714 | 0.0244 | 0.9248 | 0.9398 | 0.9527
0857 | 01:13:52 |  13.9s | 1.0e-04 | 0.0207 | 0.9456 | 0.9500 | 0.9706 | 0.0233 | 0.9268 | 0.9384 | 0.9525
0858 | 01:14:16 |  23.2s | 1.0e-04 | 0.0208 | 0.9458 | 0.9489 | 0.9703 | 0.0239 | 0.9454 | 0.9203 | 0.9564
0859 | 01:14:51 |  14.0s | 1.0e-04 | 0.0210 | 0.9432 | 0.9453 | 0.9676 | 0.0234 | 0.9305 | 0.9383 | 0.9565
0860 | 01:15:15 |  23.3s | 1.0e-04 | 0.0205 | 0.9449 | 0.9471 | 0.9697 | 0.0235 | 0.9333 | 0.9344 | 0.9545
0861 | 01:15:49 |  14.4s | 1.0e-04 | 0.0200 | 0.9467 | 0.9501 | 0.9714 | 0.0251 | 0.9165 | 0.9474 | 0.9545
0862 | 01:16:15 |  14.4s | 1.0e-04 | 0.0203 | 0.9449 | 0.9476 | 0.9694 | 0.0236 | 0.9289 | 0.9417 | 0.9570
0863 | 01:16:40 |  14.4s | 1.0e-04 | 0.0203 | 0.9450 | 0.9492 | 0.9706 | 0.0239 | 0.9391 | 0.9249 | 0.9530
0864 | 01:17:05 |  14.4s | 1.0e-04 | 0.0199 | 0.9459 | 0.9494 | 0.9713 | 0.0242 | 0.9347 | 0.9321 | 0.9554
0865 | 01:17:30 |  14.3s | 1.0e-04 | 0.0201 | 0.9451 | 0.9480 | 0.9704 | 0.0237 | 0.9365 | 0.9357 | 0.9585
0866 | 01:17:56 |  24.2s | 1.0e-04 | 0.0201 | 0.9462 | 0.9495 | 0.9708 | 0.0244 | 0.9186 | 0.9415 | 0.9486
0867 | 01:18:31 |  14.3s | 1.0e-04 | 0.0197 | 0.9470 | 0.9507 | 0.9721 | 0.0240 | 0.9304 | 0.9356 | 0.9549
0868 | 01:18:56 |  22.8s | 1.0e-04 | 0.0206 | 0.9476 | 0.9524 | 0.9727 | 0.0244 | 0.9369 | 0.9295 | 0.9543
0869 | 01:19:30 |  14.1s | 1.0e-04 | 0.0210 | 0.9466 | 0.9513 | 0.9711 | 0.0243 | 0.9230 | 0.9454 | 0.9564
0870 | 01:19:54 |  14.1s | 1.0e-04 | 0.0206 | 0.9476 | 0.9523 | 0.9734 | 0.0236 | 0.9327 | 0.9388 | 0.9566
0871 | 01:20:19 |  14.1s | 1.0e-04 | 0.0208 | 0.9469 | 0.9513 | 0.9727 | 0.0247 | 0.9247 | 0.9361 | 0.9489
0872 | 01:20:44 |  14.1s | 1.0e-04 | 0.0206 | 0.9469 | 0.9517 | 0.9720 | 0.0244 | 0.9351 | 0.9225 | 0.9483
0873 | 01:21:09 |  14.0s | 1.0e-04 | 0.0206 | 0.9469 | 0.9515 | 0.9724 | 0.0253 | 0.9195 | 0.9436 | 0.9518
0874 | 01:21:34 |  23.5s | 1.0e-04 | 0.0210 | 0.9469 | 0.9515 | 0.9723 | 0.0246 | 0.9196 | 0.9426 | 0.9537
0875 | 01:22:08 |  14.0s | 1.0e-04 | 0.0207 | 0.9466 | 0.9518 | 0.9727 | 0.0233 | 0.9296 | 0.9363 | 0.9548
0876 | 01:22:35 |  14.0s | 1.0e-04 | 0.0203 | 0.9466 | 0.9500 | 0.9719 | 0.0236 | 0.9302 | 0.9396 | 0.9562
0877 | 01:23:00 |  14.0s | 1.0e-04 | 0.0201 | 0.9473 | 0.9493 | 0.9719 | 0.0237 | 0.9287 | 0.9360 | 0.9518
0878 | 01:23:25 |  13.9s | 1.0e-04 | 0.0207 | 0.9456 | 0.9496 | 0.9707 | 0.0233 | 0.9302 | 0.9376 | 0.9554
0879 | 01:23:50 |  14.0s | 1.0e-04 | 0.0207 | 0.9460 | 0.9498 | 0.9711 | 0.0238 | 0.9375 | 0.9276 | 0.9534
0880 | 01:24:15 |  14.0s | 1.0e-04 | 0.0204 | 0.9469 | 0.9498 | 0.9717 | 0.0230 | 0.9394 | 0.9278 | 0.9562
0881 | 01:24:40 |  14.0s | 1.0e-04 | 0.0209 | 0.9451 | 0.9492 | 0.9704 | 0.0236 | 0.9417 | 0.9201 | 0.9529
0882 | 01:25:05 |  21.8s | 1.0e-04 | 0.0202 | 0.9453 | 0.9489 | 0.9702 | 0.0240 | 0.9204 | 0.9462 | 0.9545
0883 | 01:25:37 |  23.8s | 1.0e-04 | 0.0196 | 0.9461 | 0.9496 | 0.9707 | 0.0238 | 0.9403 | 0.9230 | 0.9533
0884 | 01:26:12 |  13.8s | 1.0e-04 | 0.0199 | 0.9442 | 0.9478 | 0.9697 | 0.0241 | 0.9374 | 0.9285 | 0.9538
0885 | 01:26:37 |  13.8s | 1.0e-04 | 0.0198 | 0.9451 | 0.9463 | 0.9697 | 0.0244 | 0.9351 | 0.9295 | 0.9539
0886 | 01:27:01 |  13.9s | 1.0e-04 | 0.0200 | 0.9457 | 0.9473 | 0.9693 | 0.0236 | 0.9351 | 0.9319 | 0.9546
0887 | 01:27:26 |  13.8s | 1.0e-04 | 0.0202 | 0.9445 | 0.9460 | 0.9699 | 0.0239 | 0.9316 | 0.9354 | 0.9557
0888 | 01:27:51 |  13.8s | 1.0e-04 | 0.0198 | 0.9453 | 0.9478 | 0.9701 | 0.0237 | 0.9280 | 0.9360 | 0.9508
0889 | 01:28:15 |  13.8s | 1.0e-04 | 0.0199 | 0.9442 | 0.9470 | 0.9689 | 0.0234 | 0.9309 | 0.9380 | 0.9566
0890 | 01:28:40 |  23.0s | 1.0e-04 | 0.0217 | 0.9405 | 0.9441 | 0.9658 | 0.0239 | 0.9390 | 0.9283 | 0.9563
0891 | 01:29:14 |  23.9s | 1.0e-04 | 0.0205 | 0.9444 | 0.9480 | 0.9690 | 0.0240 | 0.9390 | 0.9313 | 0.9578
0892 | 01:29:48 |  14.4s | 1.0e-04 | 0.0199 | 0.9453 | 0.9490 | 0.9702 | 0.0236 | 0.9335 | 0.9270 | 0.9510
0893 | 01:30:14 |  14.3s | 1.0e-04 | 0.0201 | 0.9462 | 0.9498 | 0.9714 | 0.0238 | 0.9369 | 0.9311 | 0.9551
0894 | 01:30:39 |  14.3s | 1.0e-04 | 0.0202 | 0.9456 | 0.9478 | 0.9701 | 0.0243 | 0.9273 | 0.9489 | 0.9580
0895 | 01:31:04 |  14.3s | 1.0e-04 | 0.0203 | 0.9456 | 0.9488 | 0.9698 | 0.0245 | 0.9337 | 0.9299 | 0.9532
0896 | 01:31:29 |  14.3s | 1.0e-04 | 0.0201 | 0.9453 | 0.9492 | 0.9709 | 0.0232 | 0.9388 | 0.9332 | 0.9570
0897 | 01:31:54 |  24.2s | 1.0e-04 | 0.0203 | 0.9456 | 0.9485 | 0.9705 | 0.0230 | 0.9347 | 0.9298 | 0.9539
0898 | 01:32:29 |  14.4s | 1.0e-04 | 0.0206 | 0.9462 | 0.9491 | 0.9702 | 0.0236 | 0.9243 | 0.9455 | 0.9569
0899 | 01:32:54 |  23.5s | 1.0e-04 | 0.0207 | 0.9456 | 0.9507 | 0.9716 | 0.0236 | 0.9416 | 0.9273 | 0.9563
0900 | 01:33:29 |  14.1s | 1.0e-04 | 0.0211 | 0.9468 | 0.9509 | 0.9724 | 0.0229 | 0.9351 | 0.9356 | 0.9583
0901 | 01:33:54 |  14.0s | 1.0e-04 | 0.0211 | 0.9468 | 0.9501 | 0.9715 | 0.0240 | 0.9214 | 0.9439 | 0.9537
0902 | 01:34:18 |  14.1s | 1.0e-04 | 0.0212 | 0.9457 | 0.9508 | 0.9716 | 0.0231 | 0.9300 | 0.9446 | 0.9582
0903 | 01:34:43 |  14.0s | 1.0e-04 | 0.0214 | 0.9456 | 0.9502 | 0.9703 | 0.0239 | 0.9289 | 0.9366 | 0.9534
0904 | 01:35:08 |  14.0s | 1.0e-04 | 0.0212 | 0.9457 | 0.9495 | 0.9711 | 0.0232 | 0.9347 | 0.9361 | 0.9578
0905 | 01:35:33 |  22.5s | 1.0e-04 | 0.0211 | 0.9454 | 0.9494 | 0.9708 | 0.0229 | 0.9414 | 0.9299 | 0.9575
0906 | 01:36:06 |  13.7s | 1.0e-04 | 0.0203 | 0.9459 | 0.9495 | 0.9710 | 0.0239 | 0.9246 | 0.9415 | 0.9553
0907 | 01:36:31 |  22.5s | 1.0e-04 | 0.0206 | 0.9462 | 0.9490 | 0.9713 | 0.0233 | 0.9337 | 0.9403 | 0.9594
0908 | 01:37:04 |  13.7s | 1.0e-04 | 0.0206 | 0.9448 | 0.9482 | 0.9699 | 0.0233 | 0.9221 | 0.9471 | 0.9556
0909 | 01:37:29 |  13.7s | 1.0e-04 | 0.0206 | 0.9451 | 0.9480 | 0.9702 | 0.0232 | 0.9318 | 0.9387 | 0.9562
0910 | 01:37:53 |  13.9s | 1.0e-04 | 0.0203 | 0.9465 | 0.9492 | 0.9709 | 0.0224 | 0.9325 | 0.9407 | 0.9589
0911 | 01:38:18 |  13.8s | 1.0e-04 | 0.0204 | 0.9459 | 0.9488 | 0.9704 | 0.0227 | 0.9316 | 0.9343 | 0.9551
0912 | 01:38:43 |  13.7s | 1.0e-04 | 0.0204 | 0.9459 | 0.9496 | 0.9712 | 0.0235 | 0.9344 | 0.9275 | 0.9519
0913 | 01:39:07 |  24.0s | 1.0e-04 | 0.0211 | 0.9464 | 0.9499 | 0.9709 | 0.0237 | 0.9294 | 0.9435 | 0.9585
0914 | 01:39:42 |  13.9s | 1.0e-04 | 0.0210 | 0.9472 | 0.9515 | 0.9727 | 0.0237 | 0.9252 | 0.9436 | 0.9571
0915 | 01:40:07 |  24.2s | 1.0e-04 | 0.0207 | 0.9476 | 0.9519 | 0.9728 | 0.0244 | 0.9217 | 0.9449 | 0.9570
0916 | 01:40:42 |  13.8s | 1.0e-04 | 0.0203 | 0.9478 | 0.9531 | 0.9731 | 0.0236 | 0.9304 | 0.9392 | 0.9555
0917 | 01:41:06 |  13.8s | 1.0e-04 | 0.0207 | 0.9466 | 0.9508 | 0.9721 | 0.0231 | 0.9281 | 0.9412 | 0.9548
0918 | 01:41:31 |  13.8s | 1.0e-04 | 0.0203 | 0.9472 | 0.9521 | 0.9727 | 0.0230 | 0.9322 | 0.9364 | 0.9552
0919 | 01:41:56 |  13.8s | 1.0e-04 | 0.0205 | 0.9476 | 0.9514 | 0.9735 | 0.0231 | 0.9374 | 0.9365 | 0.9594
0920 | 01:42:20 |  22.6s | 1.0e-04 | 0.0208 | 0.9471 | 0.9519 | 0.9718 | 0.0240 | 0.9293 | 0.9354 | 0.9540
0921 | 01:42:53 |  21.6s | 1.0e-04 | 0.0211 | 0.9454 | 0.9497 | 0.9709 | 0.0235 | 0.9340 | 0.9352 | 0.9560
0922 | 01:43:26 |  22.0s | 1.0e-04 | 0.0209 | 0.9460 | 0.9500 | 0.9714 | 0.0230 | 0.9280 | 0.9416 | 0.9561
0923 | 01:43:59 |  13.7s | 1.0e-04 | 0.0215 | 0.9450 | 0.9495 | 0.9697 | 0.0229 | 0.9293 | 0.9425 | 0.9568
0924 | 01:44:23 |  13.7s | 1.0e-04 | 0.0215 | 0.9465 | 0.9498 | 0.9714 | 0.0230 | 0.9336 | 0.9346 | 0.9567
0925 | 01:44:48 |  13.7s | 1.0e-04 | 0.0212 | 0.9454 | 0.9498 | 0.9708 | 0.0221 | 0.9396 | 0.9340 | 0.9593
0926 | 01:45:12 |  13.7s | 1.0e-04 | 0.0214 | 0.9461 | 0.9488 | 0.9715 | 0.0228 | 0.9299 | 0.9380 | 0.9545
0927 | 01:45:37 |  13.7s | 1.0e-04 | 0.0214 | 0.9451 | 0.9499 | 0.9698 | 0.0238 | 0.9430 | 0.9195 | 0.9522
0928 | 01:46:01 |  22.0s | 1.0e-04 | 0.0213 | 0.9456 | 0.9500 | 0.9707 | 0.0235 | 0.9373 | 0.9336 | 0.9571
0929 | 01:46:34 |  22.2s | 1.0e-04 | 0.0210 | 0.9464 | 0.9498 | 0.9719 | 0.0238 | 0.9316 | 0.9391 | 0.9566
0930 | 01:47:07 |  22.0s | 1.0e-04 | 0.0199 | 0.9472 | 0.9511 | 0.9732 | 0.0245 | 0.9204 | 0.9477 | 0.9555
0931 | 01:47:40 |  13.8s | 1.0e-04 | 0.0197 | 0.9462 | 0.9493 | 0.9718 | 0.0232 | 0.9290 | 0.9435 | 0.9567
0932 | 01:48:04 |  13.7s | 1.0e-04 | 0.0194 | 0.9473 | 0.9512 | 0.9730 | 0.0234 | 0.9369 | 0.9341 | 0.9581
0933 | 01:48:29 |  13.7s | 1.0e-04 | 0.0194 | 0.9478 | 0.9511 | 0.9729 | 0.0241 | 0.9300 | 0.9333 | 0.9524
0934 | 01:48:53 |  13.7s | 1.0e-04 | 0.0194 | 0.9469 | 0.9518 | 0.9724 | 0.0231 | 0.9305 | 0.9356 | 0.9528
0935 | 01:49:18 |  13.8s | 1.0e-04 | 0.0199 | 0.9476 | 0.9511 | 0.9721 | 0.0240 | 0.9361 | 0.9351 | 0.9557
0936 | 01:49:43 |  30.3s | 1.0e-04 | 0.0196 | 0.9469 | 0.9502 | 0.9723 | 0.0239 | 0.9383 | 0.9277 | 0.9550
0937 | 01:50:24 |  13.8s | 1.0e-04 | 0.0196 | 0.9478 | 0.9518 | 0.9726 | 0.0234 | 0.9265 | 0.9438 | 0.9564
0938 | 01:50:48 |  23.0s | 1.0e-04 | 0.0196 | 0.9470 | 0.9512 | 0.9729 | 0.0234 | 0.9369 | 0.9283 | 0.9543
0939 | 01:51:22 |  14.1s | 1.0e-04 | 0.0194 | 0.9482 | 0.9497 | 0.9721 | 0.0235 | 0.9368 | 0.9355 | 0.9581
0940 | 01:51:47 |  14.2s | 1.0e-04 | 0.0204 | 0.9464 | 0.9500 | 0.9719 | 0.0236 | 0.9291 | 0.9402 | 0.9551
0941 | 01:52:12 |  14.2s | 1.0e-04 | 0.0195 | 0.9470 | 0.9502 | 0.9716 | 0.0233 | 0.9416 | 0.9312 | 0.9589
0942 | 01:52:37 |  14.1s | 1.0e-04 | 0.0195 | 0.9472 | 0.9500 | 0.9725 | 0.0241 | 0.9323 | 0.9387 | 0.9583
0943 | 01:53:02 |  14.2s | 1.0e-04 | 0.0196 | 0.9468 | 0.9490 | 0.9722 | 0.0232 | 0.9384 | 0.9316 | 0.9577
0944 | 01:53:27 |  30.3s | 1.0e-04 | 0.0192 | 0.9472 | 0.9501 | 0.9719 | 0.0232 | 0.9379 | 0.9377 | 0.9605
0945 | 01:54:08 |  14.4s | 1.0e-04 | 0.0191 | 0.9462 | 0.9478 | 0.9709 | 0.0230 | 0.9401 | 0.9339 | 0.9606
0946 | 01:54:33 |  23.9s | 1.0e-04 | 0.0192 | 0.9470 | 0.9499 | 0.9721 | 0.0239 | 0.9246 | 0.9425 | 0.9563
0947 | 01:55:08 |  14.3s | 1.0e-04 | 0.0188 | 0.9485 | 0.9521 | 0.9741 | 0.0237 | 0.9330 | 0.9393 | 0.9578
0948 | 01:55:33 |  14.2s | 1.0e-04 | 0.0191 | 0.9480 | 0.9517 | 0.9739 | 0.0232 | 0.9284 | 0.9393 | 0.9547
0949 | 01:55:58 |  14.2s | 1.0e-04 | 0.0196 | 0.9467 | 0.9498 | 0.9717 | 0.0248 | 0.9225 | 0.9433 | 0.9540
0950 | 01:56:23 |  14.3s | 1.0e-04 | 0.0191 | 0.9477 | 0.9508 | 0.9738 | 0.0236 | 0.9295 | 0.9385 | 0.9554
0951 | 01:56:48 |  14.3s | 1.0e-04 | 0.0193 | 0.9480 | 0.9521 | 0.9734 | 0.0228 | 0.9392 | 0.9321 | 0.9575
0952 | 01:57:14 |  30.1s | 1.0e-04 | 0.0207 | 0.9461 | 0.9497 | 0.9711 | 0.0247 | 0.9285 | 0.9379 | 0.9545
0953 | 01:57:54 |  14.1s | 1.0e-04 | 0.0210 | 0.9458 | 0.9504 | 0.9712 | 0.0240 | 0.9346 | 0.9340 | 0.9552
0954 | 01:58:19 |  23.6s | 1.0e-04 | 0.0216 | 0.9446 | 0.9498 | 0.9698 | 0.0229 | 0.9428 | 0.9276 | 0.9570
0955 | 01:58:54 |  13.9s | 1.0e-04 | 0.0220 | 0.9442 | 0.9479 | 0.9692 | 0.0235 | 0.9246 | 0.9428 | 0.9545
0956 | 01:59:18 |  13.9s | 1.0e-04 | 0.0217 | 0.9447 | 0.9487 | 0.9696 | 0.0226 | 0.9375 | 0.9325 | 0.9574
0957 | 01:59:43 |  13.9s | 1.0e-04 | 0.0214 | 0.9460 | 0.9494 | 0.9710 | 0.0233 | 0.9337 | 0.9373 | 0.9570
0958 | 02:00:08 |  13.9s | 1.0e-04 | 0.0218 | 0.9444 | 0.9480 | 0.9694 | 0.0229 | 0.9241 | 0.9482 | 0.9589
0959 | 02:00:33 |  22.3s | 1.0e-04 | 0.0213 | 0.9449 | 0.9484 | 0.9704 | 0.0236 | 0.9378 | 0.9303 | 0.9548
0960 | 02:01:06 |  21.6s | 1.0e-04 | 0.0206 | 0.9458 | 0.9488 | 0.9701 | 0.0236 | 0.9289 | 0.9406 | 0.9559
0961 | 02:01:38 |  22.8s | 1.0e-04 | 0.0203 | 0.9464 | 0.9500 | 0.9713 | 0.0246 | 0.9297 | 0.9371 | 0.9527
0962 | 02:02:12 |  13.9s | 1.0e-04 | 0.0196 | 0.9464 | 0.9496 | 0.9718 | 0.0237 | 0.9421 | 0.9249 | 0.9575
0963 | 02:02:36 |  13.9s | 1.0e-04 | 0.0196 | 0.9456 | 0.9486 | 0.9715 | 0.0239 | 0.9337 | 0.9350 | 0.9552
0964 | 02:03:01 |  13.9s | 1.0e-04 | 0.0197 | 0.9470 | 0.9504 | 0.9714 | 0.0227 | 0.9346 | 0.9354 | 0.9563
0965 | 02:03:26 |  14.0s | 1.0e-04 | 0.0197 | 0.9463 | 0.9491 | 0.9718 | 0.0232 | 0.9427 | 0.9321 | 0.9583
0966 | 02:03:51 |  13.9s | 1.0e-04 | 0.0195 | 0.9470 | 0.9493 | 0.9720 | 0.0236 | 0.9315 | 0.9404 | 0.9580
0967 | 02:04:15 |  22.6s | 1.0e-04 | 0.0194 | 0.9473 | 0.9498 | 0.9721 | 0.0236 | 0.9314 | 0.9414 | 0.9588
0968 | 02:04:49 |  22.6s | 1.0e-04 | 0.0199 | 0.9464 | 0.9497 | 0.9714 | 0.0231 | 0.9232 | 0.9426 | 0.9557
0969 | 02:05:22 |  24.5s | 1.0e-04 | 0.0197 | 0.9466 | 0.9496 | 0.9718 | 0.0224 | 0.9419 | 0.9262 | 0.9564
0970 | 02:05:58 |  14.3s | 1.0e-04 | 0.0195 | 0.9471 | 0.9496 | 0.9716 | 0.0226 | 0.9429 | 0.9280 | 0.9591
0971 | 02:06:23 |  14.4s | 1.0e-04 | 0.0195 | 0.9472 | 0.9491 | 0.9722 | 0.0227 | 0.9381 | 0.9328 | 0.9586
0972 | 02:06:48 |  14.3s | 1.0e-04 | 0.0194 | 0.9477 | 0.9504 | 0.9722 | 0.0237 | 0.9294 | 0.9454 | 0.9589
0973 | 02:07:13 |  14.3s | 1.0e-04 | 0.0192 | 0.9475 | 0.9506 | 0.9722 | 0.0233 | 0.9318 | 0.9322 | 0.9514
0974 | 02:07:38 |  14.3s | 1.0e-04 | 0.0196 | 0.9472 | 0.9503 | 0.9721 | 0.0235 | 0.9354 | 0.9340 | 0.9570
0975 | 02:08:03 |  22.5s | 1.0e-04 | 0.0193 | 0.9478 | 0.9502 | 0.9727 | 0.0237 | 0.9331 | 0.9358 | 0.9550
0976 | 02:08:39 |  14.3s | 1.0e-04 | 0.0200 | 0.9463 | 0.9500 | 0.9717 | 0.0243 | 0.9339 | 0.9247 | 0.9497
0977 | 02:09:04 |  24.3s | 1.0e-04 | 0.0199 | 0.9473 | 0.9513 | 0.9723 | 0.0238 | 0.9396 | 0.9283 | 0.9556
0978 | 02:09:40 |  14.1s | 1.0e-04 | 0.0204 | 0.9471 | 0.9515 | 0.9729 | 0.0232 | 0.9322 | 0.9412 | 0.9595
0979 | 02:10:04 |  14.1s | 1.0e-04 | 0.0205 | 0.9476 | 0.9510 | 0.9731 | 0.0231 | 0.9260 | 0.9459 | 0.9573
0980 | 02:10:29 |  14.1s | 1.0e-04 | 0.0204 | 0.9475 | 0.9517 | 0.9729 | 0.0236 | 0.9302 | 0.9378 | 0.9546
0981 | 02:10:54 |  14.1s | 1.0e-04 | 0.0204 | 0.9474 | 0.9517 | 0.9728 | 0.0232 | 0.9362 | 0.9331 | 0.9555
0982 | 02:11:19 |  14.1s | 1.0e-04 | 0.0202 | 0.9481 | 0.9520 | 0.9734 | 0.0229 | 0.9318 | 0.9389 | 0.9572
0983 | 02:11:44 |  32.0s | 1.0e-04 | 0.0200 | 0.9481 | 0.9529 | 0.9739 | 0.0232 | 0.9242 | 0.9417 | 0.9550
0984 | 02:12:27 |  14.0s | 1.0e-04 | 0.0201 | 0.9468 | 0.9500 | 0.9717 | 0.0231 | 0.9254 | 0.9452 | 0.9574
0985 | 02:12:52 |  23.3s | 1.0e-04 | 0.0200 | 0.9472 | 0.9513 | 0.9727 | 0.0239 | 0.9236 | 0.9391 | 0.9522
0986 | 02:13:26 |  13.9s | 1.0e-04 | 0.0196 | 0.9479 | 0.9511 | 0.9733 | 0.0243 | 0.9401 | 0.9289 | 0.9569
0987 | 02:13:51 |  13.9s | 1.0e-04 | 0.0199 | 0.9476 | 0.9504 | 0.9729 | 0.0228 | 0.9454 | 0.9333 | 0.9623
0988 | 02:14:15 |  13.9s | 1.0e-04 | 0.0201 | 0.9470 | 0.9510 | 0.9719 | 0.0227 | 0.9374 | 0.9392 | 0.9597
0989 | 02:14:40 |  13.9s | 1.0e-04 | 0.0198 | 0.9480 | 0.9508 | 0.9732 | 0.0239 | 0.9352 | 0.9283 | 0.9507
0990 | 02:15:05 |  13.9s | 1.0e-04 | 0.0200 | 0.9483 | 0.9519 | 0.9736 | 0.0229 | 0.9337 | 0.9343 | 0.9535
0991 | 02:15:30 |  30.8s | 1.0e-04 | 0.0202 | 0.9479 | 0.9514 | 0.9733 | 0.0240 | 0.9385 | 0.9274 | 0.9537
0992 | 02:16:11 |  14.1s | 1.0e-04 | 0.0211 | 0.9460 | 0.9488 | 0.9714 | 0.0229 | 0.9372 | 0.9368 | 0.9592
0993 | 02:16:36 |  22.8s | 1.0e-04 | 0.0213 | 0.9461 | 0.9503 | 0.9714 | 0.0234 | 0.9357 | 0.9333 | 0.9588
0994 | 02:17:10 |  13.9s | 1.0e-04 | 0.0211 | 0.9464 | 0.9496 | 0.9711 | 0.0228 | 0.9305 | 0.9438 | 0.9607
0995 | 02:17:35 |  13.8s | 1.0e-04 | 0.0207 | 0.9468 | 0.9507 | 0.9717 | 0.0230 | 0.9358 | 0.9340 | 0.9566
0996 | 02:17:59 |  13.9s | 1.0e-04 | 0.0213 | 0.9449 | 0.9495 | 0.9697 | 0.0227 | 0.9299 | 0.9398 | 0.9557
0997 | 02:18:24 |  13.9s | 1.0e-04 | 0.0208 | 0.9473 | 0.9506 | 0.9723 | 0.0240 | 0.9303 | 0.9378 | 0.9555
0998 | 02:18:49 |  23.6s | 1.0e-04 | 0.0211 | 0.9461 | 0.9512 | 0.9712 | 0.0227 | 0.9328 | 0.9425 | 0.9595
0999 | 02:19:23 |  21.9s | 1.0e-04 | 0.0201 | 0.9477 | 0.9516 | 0.9728 | 0.0224 | 0.9361 | 0.9372 | 0.9596
1000 | 02:19:56 |  13.6s | 1.0e-04 | 0.0197 | 0.9468 | 0.9516 | 0.9728 | 0.0226 | 0.9389 | 0.9324 | 0.9574
