Epoch | Time_Start | Duration | LR | T_Loss | T_Prec | T_Rec | T_P@R0.95 | V_Loss | V_Prec | V_Rec | V_P@R0.95
0001 | 15:47:36 |  30.4s | 1.0e-04 | 0.1083 | 0.7743 | 0.6619 | 0.2596 | 0.0703 | 0.8817 | 0.7592 | 0.4581
0002 | 15:48:20 |  17.5s | 1.0e-04 | 0.0634 | 0.8898 | 0.7996 | 0.5131 | 0.0627 | 0.9178 | 0.7212 | 0.4601
0003 | 15:48:50 |  17.6s | 1.0e-04 | 0.0560 | 0.9020 | 0.8176 | 0.5680 | 0.0584 | 0.8758 | 0.8035 | 0.5231
0004 | 15:49:20 |  17.5s | 1.0e-04 | 0.0541 | 0.9021 | 0.8298 | 0.6141 | 0.0573 | 0.9093 | 0.7758 | 0.5310
0005 | 15:49:51 |  17.5s | 1.0e-04 | 0.0514 | 0.9036 | 0.8298 | 0.6224 | 0.0530 | 0.9046 | 0.8068 | 0.5870
0006 | 15:50:22 |  17.6s | 1.0e-04 | 0.0515 | 0.9068 | 0.8428 | 0.6576 | 0.0526 | 0.8714 | 0.8339 | 0.5671
0007 | 15:50:52 |  17.5s | 1.0e-04 | 0.0484 | 0.9092 | 0.8439 | 0.6749 | 0.0521 | 0.8581 | 0.8467 | 0.5727
0008 | 15:51:22 |  17.5s | 1.0e-04 | 0.0495 | 0.9107 | 0.8449 | 0.6861 | 0.0522 | 0.8762 | 0.8427 | 0.5851
0009 | 15:51:52 |  17.5s | 1.0e-04 | 0.0487 | 0.9122 | 0.8490 | 0.6870 | 0.0508 | 0.9133 | 0.8023 | 0.6190
0010 | 15:52:23 |  17.7s | 1.0e-04 | 0.0464 | 0.9110 | 0.8528 | 0.7044 | 0.0481 | 0.9060 | 0.8397 | 0.6740
0011 | 15:52:54 |  17.6s | 1.0e-04 | 0.0454 | 0.9128 | 0.8567 | 0.7198 | 0.0483 | 0.9147 | 0.8239 | 0.6659
0012 | 15:53:24 |  17.6s | 1.0e-04 | 0.0450 | 0.9119 | 0.8588 | 0.7297 | 0.0473 | 0.9112 | 0.8174 | 0.6540
0013 | 15:53:53 |  17.5s | 1.0e-04 | 0.0435 | 0.9138 | 0.8618 | 0.7436 | 0.0450 | 0.9199 | 0.8235 | 0.6819
0014 | 15:54:25 |  17.7s | 1.0e-04 | 0.0428 | 0.9169 | 0.8697 | 0.7643 | 0.0436 | 0.9036 | 0.8478 | 0.6977
0015 | 15:54:55 |  17.7s | 1.0e-04 | 0.0408 | 0.9183 | 0.8767 | 0.7905 | 0.0402 | 0.9124 | 0.8489 | 0.7366
0016 | 15:55:28 |  17.7s | 1.0e-04 | 0.0393 | 0.9178 | 0.8782 | 0.7934 | 0.0451 | 0.9339 | 0.8121 | 0.7199
0017 | 15:55:58 |  17.7s | 1.0e-04 | 0.0393 | 0.9167 | 0.8784 | 0.7960 | 0.0410 | 0.9027 | 0.8602 | 0.7446
0018 | 15:56:28 |  17.7s | 1.0e-04 | 0.0373 | 0.9201 | 0.8843 | 0.8157 | 0.0420 | 0.9196 | 0.8360 | 0.7314
0019 | 15:56:59 |  17.6s | 1.0e-04 | 0.0367 | 0.9184 | 0.8886 | 0.8288 | 0.0374 | 0.9126 | 0.8741 | 0.7820
0020 | 15:57:31 |  17.7s | 1.0e-04 | 0.0354 | 0.9194 | 0.8989 | 0.8445 | 0.0406 | 0.9345 | 0.8327 | 0.7824
0021 | 15:58:01 |  30.6s | 1.0e-04 | 0.0327 | 0.9255 | 0.9020 | 0.8564 | 0.0360 | 0.9086 | 0.8767 | 0.7990
0022 | 15:58:46 |  17.7s | 1.0e-04 | 0.0324 | 0.9229 | 0.9013 | 0.8549 | 0.0381 | 0.9155 | 0.8684 | 0.8009
0023 | 15:59:16 |  17.9s | 1.0e-04 | 0.0317 | 0.9254 | 0.9047 | 0.8613 | 0.0361 | 0.9142 | 0.8814 | 0.7980
0024 | 15:59:46 |  17.5s | 1.0e-04 | 0.0305 | 0.9279 | 0.9101 | 0.8739 | 0.0366 | 0.9089 | 0.8806 | 0.7964
0025 | 16:00:17 |  17.8s | 1.0e-04 | 0.0315 | 0.9250 | 0.9065 | 0.8665 | 0.0342 | 0.9274 | 0.8811 | 0.8356
0026 | 16:00:48 |  17.4s | 1.0e-04 | 0.0297 | 0.9275 | 0.9125 | 0.8796 | 0.0373 | 0.9388 | 0.8436 | 0.8102
0027 | 16:01:18 |  17.5s | 1.0e-04 | 0.0293 | 0.9282 | 0.9102 | 0.8752 | 0.0326 | 0.9322 | 0.8717 | 0.8370
0028 | 16:01:47 |  17.8s | 1.0e-04 | 0.0291 | 0.9278 | 0.9139 | 0.8816 | 0.0333 | 0.9184 | 0.8907 | 0.8393
0029 | 16:02:18 |  17.3s | 1.0e-04 | 0.0289 | 0.9299 | 0.9163 | 0.8843 | 0.0334 | 0.9318 | 0.8744 | 0.8297
0030 | 16:02:50 |  17.5s | 1.0e-04 | 0.0296 | 0.9274 | 0.9135 | 0.8794 | 0.0332 | 0.8964 | 0.9192 | 0.8491
0031 | 16:03:20 |  17.6s | 1.0e-04 | 0.0292 | 0.9304 | 0.9153 | 0.8835 | 0.0338 | 0.9186 | 0.8864 | 0.8233
0032 | 16:03:51 |  17.5s | 1.0e-04 | 0.0290 | 0.9300 | 0.9158 | 0.8869 | 0.0316 | 0.9188 | 0.9029 | 0.8514
0033 | 16:04:23 |  17.8s | 1.0e-04 | 0.0280 | 0.9311 | 0.9188 | 0.8931 | 0.0339 | 0.9114 | 0.8966 | 0.8336
0034 | 16:04:52 |  17.8s | 1.0e-04 | 0.0288 | 0.9290 | 0.9169 | 0.8889 | 0.0339 | 0.9221 | 0.8854 | 0.8247
0035 | 16:05:23 |  17.7s | 1.0e-04 | 0.0275 | 0.9304 | 0.9177 | 0.8907 | 0.0336 | 0.9322 | 0.8754 | 0.8282
0036 | 16:05:54 |  17.5s | 1.0e-04 | 0.0276 | 0.9310 | 0.9200 | 0.8960 | 0.0335 | 0.9100 | 0.9008 | 0.8341
0037 | 16:06:26 |  17.6s | 1.0e-04 | 0.0273 | 0.9343 | 0.9221 | 0.8993 | 0.0316 | 0.9116 | 0.9086 | 0.8520
0038 | 16:06:56 |  17.6s | 1.0e-04 | 0.0268 | 0.9350 | 0.9227 | 0.9011 | 0.0325 | 0.9405 | 0.8643 | 0.8453
0039 | 16:07:26 |  17.6s | 1.0e-04 | 0.0268 | 0.9330 | 0.9224 | 0.9007 | 0.0332 | 0.8993 | 0.9143 | 0.8433
0040 | 16:07:55 |  17.8s | 1.0e-04 | 0.0275 | 0.9334 | 0.9230 | 0.8992 | 0.0315 | 0.9111 | 0.9115 | 0.8517
0041 | 16:08:27 |  17.7s | 1.0e-04 | 0.0265 | 0.9347 | 0.9241 | 0.9067 | 0.0293 | 0.9208 | 0.9166 | 0.8764
0042 | 16:08:57 |  31.3s | 1.0e-04 | 0.0273 | 0.9345 | 0.9253 | 0.9054 | 0.0305 | 0.9306 | 0.9036 | 0.8715
0043 | 16:09:42 |  17.0s | 1.0e-04 | 0.0288 | 0.9342 | 0.9268 | 0.9075 | 0.0322 | 0.9345 | 0.8756 | 0.8508
0044 | 16:10:11 |  17.1s | 1.0e-04 | 0.0285 | 0.9355 | 0.9271 | 0.9078 | 0.0308 | 0.9072 | 0.9135 | 0.8480
0045 | 16:10:40 |  16.9s | 1.0e-04 | 0.0274 | 0.9367 | 0.9295 | 0.9152 | 0.0294 | 0.9082 | 0.9173 | 0.8635
0046 | 16:11:11 |  17.0s | 1.0e-04 | 0.0275 | 0.9359 | 0.9282 | 0.9110 | 0.0312 | 0.8893 | 0.9264 | 0.8491
0047 | 16:11:42 |  17.2s | 1.0e-04 | 0.0277 | 0.9356 | 0.9278 | 0.9104 | 0.0295 | 0.9242 | 0.9108 | 0.8679
0048 | 16:12:12 |  16.7s | 1.0e-04 | 0.0281 | 0.9369 | 0.9270 | 0.9107 | 0.0303 | 0.9177 | 0.9187 | 0.8713
0049 | 16:12:43 |  16.8s | 1.0e-04 | 0.0274 | 0.9354 | 0.9299 | 0.9129 | 0.0313 | 0.8912 | 0.9333 | 0.8635
0050 | 16:13:13 |  16.9s | 1.0e-04 | 0.0272 | 0.9360 | 0.9309 | 0.9137 | 0.0307 | 0.9001 | 0.9291 | 0.8654
0051 | 16:13:42 |  17.2s | 1.0e-04 | 0.0270 | 0.9383 | 0.9327 | 0.9194 | 0.0314 | 0.8961 | 0.9289 | 0.8588
0052 | 16:14:12 |  16.7s | 1.0e-04 | 0.0280 | 0.9383 | 0.9317 | 0.9176 | 0.0300 | 0.9229 | 0.9155 | 0.8765
0053 | 16:14:42 |  16.7s | 1.0e-04 | 0.0270 | 0.9373 | 0.9318 | 0.9173 | 0.0310 | 0.9161 | 0.9192 | 0.8747
0054 | 16:15:13 |  16.9s | 1.0e-04 | 0.0263 | 0.9384 | 0.9325 | 0.9210 | 0.0313 | 0.9399 | 0.8864 | 0.8690
0055 | 16:15:42 |  16.9s | 1.0e-04 | 0.0272 | 0.9372 | 0.9322 | 0.9173 | 0.0306 | 0.8949 | 0.9371 | 0.8722
0056 | 16:16:11 |  16.9s | 1.0e-04 | 0.0271 | 0.9371 | 0.9309 | 0.9156 | 0.0285 | 0.9390 | 0.8865 | 0.8700
0057 | 16:16:42 |  16.9s | 1.0e-04 | 0.0264 | 0.9389 | 0.9339 | 0.9205 | 0.0307 | 0.9007 | 0.9249 | 0.8494
0058 | 16:17:13 |  16.7s | 1.0e-04 | 0.0270 | 0.9375 | 0.9314 | 0.9173 | 0.0301 | 0.9281 | 0.9012 | 0.8663
0059 | 16:17:42 |  17.0s | 1.0e-04 | 0.0271 | 0.9371 | 0.9305 | 0.9174 | 0.0287 | 0.9279 | 0.9039 | 0.8685
0060 | 16:18:11 |  17.0s | 1.0e-04 | 0.0268 | 0.9391 | 0.9351 | 0.9236 | 0.0295 | 0.9279 | 0.9035 | 0.8626
0061 | 16:18:41 |  16.8s | 1.0e-04 | 0.0275 | 0.9364 | 0.9339 | 0.9190 | 0.0307 | 0.9227 | 0.9075 | 0.8655
0062 | 16:19:12 |  16.8s | 1.0e-04 | 0.0262 | 0.9365 | 0.9344 | 0.9204 | 0.0286 | 0.9252 | 0.9133 | 0.8833
0063 | 16:19:42 |  32.2s | 1.0e-04 | 0.0266 | 0.9378 | 0.9340 | 0.9204 | 0.0289 | 0.9251 | 0.9197 | 0.8857
0064 | 16:20:28 |  17.6s | 1.0e-04 | 0.0261 | 0.9383 | 0.9328 | 0.9182 | 0.0295 | 0.9154 | 0.9218 | 0.8740
0065 | 16:20:59 |  17.1s | 1.0e-04 | 0.0258 | 0.9385 | 0.9339 | 0.9201 | 0.0299 | 0.9580 | 0.8731 | 0.8861
0066 | 16:21:31 |  17.5s | 1.0e-04 | 0.0262 | 0.9374 | 0.9351 | 0.9203 | 0.0296 | 0.9196 | 0.9092 | 0.8635
0067 | 16:22:01 |  17.7s | 1.0e-04 | 0.0255 | 0.9391 | 0.9317 | 0.9193 | 0.0277 | 0.9289 | 0.9146 | 0.8871
0068 | 16:22:30 |  17.2s | 1.0e-04 | 0.0257 | 0.9377 | 0.9342 | 0.9206 | 0.0293 | 0.9290 | 0.9075 | 0.8706
0069 | 16:23:00 |  17.4s | 1.0e-04 | 0.0256 | 0.9378 | 0.9326 | 0.9186 | 0.0284 | 0.9153 | 0.9207 | 0.8708
0070 | 16:23:31 |  17.7s | 1.0e-04 | 0.0258 | 0.9385 | 0.9335 | 0.9208 | 0.0303 | 0.9461 | 0.8849 | 0.8876
0071 | 16:24:02 |  17.5s | 1.0e-04 | 0.0258 | 0.9392 | 0.9326 | 0.9194 | 0.0285 | 0.9074 | 0.9258 | 0.8734
0072 | 16:24:32 |  17.4s | 1.0e-04 | 0.0266 | 0.9370 | 0.9375 | 0.9239 | 0.0294 | 0.9422 | 0.8776 | 0.8665
0073 | 16:25:01 |  17.3s | 1.0e-04 | 0.0252 | 0.9398 | 0.9354 | 0.9229 | 0.0276 | 0.9296 | 0.9115 | 0.8736
0074 | 16:25:32 |  17.5s | 1.0e-04 | 0.0246 | 0.9399 | 0.9353 | 0.9241 | 0.0277 | 0.9341 | 0.9022 | 0.8760
0075 | 16:26:04 |  17.4s | 1.0e-04 | 0.0255 | 0.9405 | 0.9378 | 0.9261 | 0.0281 | 0.9203 | 0.9251 | 0.8862
0076 | 16:26:34 |  17.5s | 1.0e-04 | 0.0250 | 0.9396 | 0.9368 | 0.9254 | 0.0281 | 0.9266 | 0.9113 | 0.8723
0077 | 16:27:03 |  17.4s | 1.0e-04 | 0.0248 | 0.9391 | 0.9314 | 0.9190 | 0.0284 | 0.9184 | 0.9260 | 0.8846
0078 | 16:27:33 |  17.3s | 1.0e-04 | 0.0251 | 0.9372 | 0.9348 | 0.9211 | 0.0284 | 0.9241 | 0.9200 | 0.8805
0079 | 16:28:05 |  17.4s | 1.0e-04 | 0.0254 | 0.9371 | 0.9361 | 0.9215 | 0.0267 | 0.9257 | 0.9206 | 0.8868
0080 | 16:28:36 |  17.3s | 1.0e-04 | 0.0246 | 0.9394 | 0.9364 | 0.9245 | 0.0275 | 0.9258 | 0.9219 | 0.8934
0081 | 16:29:05 |  17.7s | 1.0e-04 | 0.0257 | 0.9383 | 0.9354 | 0.9232 | 0.0276 | 0.9321 | 0.9109 | 0.8846
0082 | 16:29:36 |  17.3s | 1.0e-04 | 0.0249 | 0.9383 | 0.9357 | 0.9234 | 0.0291 | 0.9388 | 0.9089 | 0.8883
0083 | 16:30:06 |  17.5s | 1.0e-04 | 0.0249 | 0.9392 | 0.9362 | 0.9249 | 0.0277 | 0.9431 | 0.9036 | 0.8955
0084 | 16:30:35 |  33.9s | 1.0e-04 | 0.0244 | 0.9407 | 0.9372 | 0.9277 | 0.0286 | 0.9163 | 0.9272 | 0.8809
0085 | 16:31:21 |  17.0s | 1.0e-04 | 0.0241 | 0.9415 | 0.9398 | 0.9314 | 0.0288 | 0.9167 | 0.9235 | 0.8784
0086 | 16:31:50 |  17.5s | 1.0e-04 | 0.0244 | 0.9432 | 0.9417 | 0.9343 | 0.0266 | 0.9221 | 0.9354 | 0.9051
0087 | 16:32:21 |  17.1s | 1.0e-04 | 0.0240 | 0.9418 | 0.9396 | 0.9317 | 0.0279 | 0.9243 | 0.9219 | 0.8860
0088 | 16:32:53 |  17.2s | 1.0e-04 | 0.0243 | 0.9421 | 0.9420 | 0.9336 | 0.0271 | 0.9053 | 0.9349 | 0.8807
0089 | 16:33:22 |  17.2s | 1.0e-04 | 0.0244 | 0.9408 | 0.9416 | 0.9311 | 0.0293 | 0.9061 | 0.9334 | 0.8832
0090 | 16:33:51 |  17.1s | 1.0e-04 | 0.0239 | 0.9431 | 0.9411 | 0.9338 | 0.0274 | 0.9156 | 0.9304 | 0.8858
0091 | 16:34:22 |  17.3s | 1.0e-04 | 0.0237 | 0.9426 | 0.9417 | 0.9346 | 0.0295 | 0.9422 | 0.8876 | 0.8850
0092 | 16:34:53 |  17.1s | 1.0e-04 | 0.0244 | 0.9419 | 0.9423 | 0.9341 | 0.0272 | 0.9409 | 0.9061 | 0.8913
0093 | 16:35:22 |  17.2s | 1.0e-04 | 0.0235 | 0.9425 | 0.9415 | 0.9338 | 0.0275 | 0.9228 | 0.9233 | 0.8869
0094 | 16:35:52 |  17.1s | 1.0e-04 | 0.0241 | 0.9417 | 0.9405 | 0.9329 | 0.0269 | 0.9325 | 0.9219 | 0.9018
0095 | 16:36:21 |  16.9s | 1.0e-04 | 0.0240 | 0.9419 | 0.9411 | 0.9335 | 0.0279 | 0.9097 | 0.9408 | 0.8956
0096 | 16:36:52 |  17.1s | 1.0e-04 | 0.0239 | 0.9412 | 0.9437 | 0.9341 | 0.0277 | 0.9283 | 0.9100 | 0.8743
0097 | 16:37:22 |  17.0s | 1.0e-04 | 0.0237 | 0.9427 | 0.9402 | 0.9321 | 0.0276 | 0.9317 | 0.9187 | 0.8963
0098 | 16:37:51 |  17.8s | 1.0e-04 | 0.0239 | 0.9427 | 0.9414 | 0.9342 | 0.0273 | 0.9192 | 0.9219 | 0.8825
0099 | 16:38:21 |  17.1s | 1.0e-04 | 0.0237 | 0.9424 | 0.9428 | 0.9349 | 0.0264 | 0.9255 | 0.9313 | 0.9042
0100 | 16:38:50 |  17.2s | 1.0e-04 | 0.0236 | 0.9423 | 0.9438 | 0.9354 | 0.0268 | 0.9347 | 0.9164 | 0.8952
0101 | 16:39:22 |  17.0s | 1.0e-04 | 0.0231 | 0.9421 | 0.9408 | 0.9329 | 0.0262 | 0.9192 | 0.9380 | 0.9003
0102 | 16:39:52 |  17.5s | 1.0e-04 | 0.0238 | 0.9432 | 0.9422 | 0.9359 | 0.0269 | 0.9373 | 0.9069 | 0.8920
0103 | 16:40:21 |  17.2s | 1.0e-04 | 0.0227 | 0.9447 | 0.9436 | 0.9384 | 0.0273 | 0.9321 | 0.9125 | 0.8857
0104 | 16:40:50 |  17.1s | 1.0e-04 | 0.0243 | 0.9427 | 0.9420 | 0.9349 | 0.0280 | 0.9131 | 0.9389 | 0.8949
0105 | 16:41:21 |  27.1s | 1.0e-04 | 0.0235 | 0.9441 | 0.9401 | 0.9335 | 0.0261 | 0.9255 | 0.9262 | 0.8968
0106 | 16:42:00 |  17.2s | 1.0e-04 | 0.0241 | 0.9396 | 0.9377 | 0.9262 | 0.0281 | 0.9195 | 0.9296 | 0.8900
0107 | 16:42:31 |  17.2s | 1.0e-04 | 0.0243 | 0.9379 | 0.9383 | 0.9265 | 0.0268 | 0.9327 | 0.9148 | 0.8884
0108 | 16:43:02 |  17.2s | 1.0e-04 | 0.0241 | 0.9398 | 0.9397 | 0.9304 | 0.0254 | 0.9320 | 0.9219 | 0.9009
0109 | 16:43:31 |  17.3s | 1.0e-04 | 0.0243 | 0.9401 | 0.9387 | 0.9281 | 0.0257 | 0.9193 | 0.9380 | 0.9036
0110 | 16:44:01 |  17.4s | 1.0e-04 | 0.0250 | 0.9386 | 0.9386 | 0.9280 | 0.0258 | 0.9209 | 0.9340 | 0.9015
0111 | 16:44:31 |  17.3s | 1.0e-04 | 0.0246 | 0.9392 | 0.9390 | 0.9281 | 0.0272 | 0.9159 | 0.9299 | 0.8862
0112 | 16:45:03 |  17.5s | 1.0e-04 | 0.0244 | 0.9393 | 0.9384 | 0.9275 | 0.0261 | 0.9319 | 0.9254 | 0.9035
0113 | 16:45:32 |  17.4s | 1.0e-04 | 0.0240 | 0.9408 | 0.9392 | 0.9296 | 0.0253 | 0.9264 | 0.9221 | 0.8980
0114 | 16:46:02 |  17.2s | 1.0e-04 | 0.0245 | 0.9387 | 0.9380 | 0.9267 | 0.0265 | 0.9258 | 0.9261 | 0.8941
0115 | 16:46:33 |  17.3s | 1.0e-04 | 0.0247 | 0.9387 | 0.9373 | 0.9258 | 0.0254 | 0.9174 | 0.9337 | 0.8965
0116 | 16:47:03 |  17.4s | 1.0e-04 | 0.0237 | 0.9414 | 0.9397 | 0.9300 | 0.0265 | 0.8980 | 0.9502 | 0.8983
0117 | 16:47:33 |  17.1s | 1.0e-04 | 0.0240 | 0.9408 | 0.9422 | 0.9316 | 0.0252 | 0.9178 | 0.9418 | 0.9059
0118 | 16:48:05 |  17.3s | 1.0e-04 | 0.0240 | 0.9433 | 0.9396 | 0.9320 | 0.0262 | 0.9133 | 0.9442 | 0.9031
0119 | 16:48:34 |  17.5s | 1.0e-04 | 0.0233 | 0.9414 | 0.9399 | 0.9313 | 0.0259 | 0.9367 | 0.9160 | 0.8958
0120 | 16:49:04 |  17.2s | 1.0e-04 | 0.0279 | 0.9423 | 0.9387 | 0.9310 | 0.0269 | 0.9031 | 0.9371 | 0.8821
0121 | 16:49:33 |  17.1s | 1.0e-04 | 0.0235 | 0.9427 | 0.9408 | 0.9328 | 0.0259 | 0.9231 | 0.9275 | 0.8952
0122 | 16:50:04 |  17.1s | 1.0e-04 | 0.0237 | 0.9413 | 0.9378 | 0.9284 | 0.0263 | 0.9129 | 0.9442 | 0.9045
0123 | 16:50:34 |  17.5s | 1.0e-04 | 0.0239 | 0.9418 | 0.9408 | 0.9317 | 0.0261 | 0.9229 | 0.9355 | 0.9053
0124 | 16:51:04 |  17.4s | 1.0e-04 | 0.0232 | 0.9412 | 0.9419 | 0.9337 | 0.0239 | 0.9315 | 0.9268 | 0.9040
0125 | 16:51:33 |  17.2s | 1.0e-04 | 0.0228 | 0.9434 | 0.9406 | 0.9341 | 0.0255 | 0.9410 | 0.9149 | 0.9037
0126 | 16:52:07 |  17.8s | 1.0e-04 | 0.0221 | 0.9412 | 0.9442 | 0.9355 | 0.0274 | 0.9202 | 0.9309 | 0.8930
0127 | 16:52:39 |  17.3s | 1.0e-04 | 0.0225 | 0.9445 | 0.9450 | 0.9391 | 0.0260 | 0.9239 | 0.9348 | 0.9075
0128 | 16:53:08 |  17.4s | 1.0e-04 | 0.0226 | 0.9428 | 0.9420 | 0.9331 | 0.0255 | 0.9219 | 0.9377 | 0.9000
0129 | 16:53:38 |  17.1s | 1.0e-04 | 0.0230 | 0.9420 | 0.9419 | 0.9330 | 0.0273 | 0.9487 | 0.8973 | 0.9051
0130 | 16:54:08 |  17.4s | 1.0e-04 | 0.0224 | 0.9441 | 0.9419 | 0.9352 | 0.0264 | 0.9352 | 0.9251 | 0.9033
0131 | 16:54:40 |  17.3s | 1.0e-04 | 0.0221 | 0.9441 | 0.9448 | 0.9384 | 0.0257 | 0.9140 | 0.9471 | 0.9090
0132 | 16:55:09 |  17.6s | 1.0e-04 | 0.0224 | 0.9440 | 0.9446 | 0.9391 | 0.0253 | 0.9440 | 0.9095 | 0.9019
0133 | 16:55:41 |  17.3s | 1.0e-04 | 0.0220 | 0.9448 | 0.9436 | 0.9390 | 0.0251 | 0.9231 | 0.9447 | 0.9157
0134 | 16:56:12 |  17.0s | 1.0e-04 | 0.0220 | 0.9444 | 0.9434 | 0.9383 | 0.0261 | 0.9311 | 0.9296 | 0.9104
0135 | 16:56:41 |  17.5s | 1.0e-04 | 0.0224 | 0.9436 | 0.9416 | 0.9355 | 0.0257 | 0.9379 | 0.9135 | 0.8960
0136 | 16:57:11 |  17.8s | 1.0e-04 | 0.0224 | 0.9432 | 0.9435 | 0.9369 | 0.0249 | 0.9226 | 0.9253 | 0.8879
0137 | 16:57:48 |  19.9s | 1.0e-04 | 0.0221 | 0.9445 | 0.9444 | 0.9386 | 0.0257 | 0.9240 | 0.9368 | 0.9071
0138 | 16:58:27 |  19.8s | 1.0e-04 | 0.0228 | 0.9432 | 0.9449 | 0.9390 | 0.0273 | 0.9072 | 0.9420 | 0.8930
0139 | 16:59:05 |  20.1s | 1.0e-04 | 0.0226 | 0.9421 | 0.9448 | 0.9372 | 0.0254 | 0.9382 | 0.9200 | 0.9019
0140 | 16:59:43 |  20.1s | 1.0e-04 | 0.0218 | 0.9460 | 0.9441 | 0.9404 | 0.0253 | 0.9460 | 0.9026 | 0.9050
0141 | 17:00:21 |  19.9s | 1.0e-04 | 0.0221 | 0.9442 | 0.9434 | 0.9374 | 0.0253 | 0.9379 | 0.9204 | 0.9068
0142 | 17:01:00 |  20.2s | 1.0e-04 | 0.0223 | 0.9433 | 0.9443 | 0.9381 | 0.0246 | 0.9124 | 0.9458 | 0.9051
0143 | 17:01:38 |  20.1s | 1.0e-04 | 0.0218 | 0.9446 | 0.9459 | 0.9403 | 0.0258 | 0.9260 | 0.9325 | 0.9010
0144 | 17:02:17 |  20.1s | 1.0e-04 | 0.0215 | 0.9458 | 0.9448 | 0.9409 | 0.0262 | 0.9191 | 0.9367 | 0.8980
0145 | 17:02:56 |  19.8s | 1.0e-04 | 0.0224 | 0.9439 | 0.9443 | 0.9382 | 0.0260 | 0.9306 | 0.9195 | 0.8934
0146 | 17:03:35 |  39.2s | 1.0e-04 | 0.0220 | 0.9449 | 0.9437 | 0.9375 | 0.0252 | 0.9294 | 0.9262 | 0.8980
0147 | 17:04:32 |  20.0s | 1.0e-04 | 0.0216 | 0.9453 | 0.9444 | 0.9400 | 0.0255 | 0.9324 | 0.9222 | 0.8970
0148 | 17:05:11 |  20.1s | 1.0e-04 | 0.0220 | 0.9446 | 0.9435 | 0.9382 | 0.0262 | 0.9161 | 0.9357 | 0.8956
0149 | 17:05:50 |  20.2s | 1.0e-04 | 0.0223 | 0.9436 | 0.9418 | 0.9354 | 0.0261 | 0.9482 | 0.9077 | 0.9035
0150 | 17:06:28 |  20.2s | 1.0e-04 | 0.0221 | 0.9442 | 0.9432 | 0.9362 | 0.0255 | 0.9237 | 0.9294 | 0.8958
0151 | 17:07:07 |  19.9s | 1.0e-04 | 0.0223 | 0.9447 | 0.9451 | 0.9397 | 0.0249 | 0.9434 | 0.9090 | 0.9065
0152 | 17:07:45 |  20.3s | 1.0e-04 | 0.0221 | 0.9435 | 0.9432 | 0.9376 | 0.0243 | 0.9299 | 0.9272 | 0.9065
0153 | 17:08:23 |  20.3s | 1.0e-04 | 0.0220 | 0.9444 | 0.9422 | 0.9369 | 0.0256 | 0.9204 | 0.9452 | 0.9150
0154 | 17:09:02 |  20.5s | 1.0e-04 | 0.0217 | 0.9456 | 0.9466 | 0.9428 | 0.0251 | 0.9353 | 0.9241 | 0.9066
0155 | 17:09:41 |  20.3s | 1.0e-04 | 0.0223 | 0.9437 | 0.9440 | 0.9373 | 0.0243 | 0.9316 | 0.9334 | 0.9118
0156 | 17:10:20 |  19.9s | 1.0e-04 | 0.0218 | 0.9449 | 0.9446 | 0.9395 | 0.0241 | 0.9337 | 0.9243 | 0.9070
0157 | 17:10:58 |  20.2s | 1.0e-04 | 0.0219 | 0.9444 | 0.9427 | 0.9369 | 0.0244 | 0.9338 | 0.9342 | 0.9141
0158 | 17:11:37 |  20.7s | 1.0e-04 | 0.0220 | 0.9441 | 0.9422 | 0.9362 | 0.0258 | 0.9387 | 0.9220 | 0.9057
0159 | 17:12:16 |  20.4s | 1.0e-04 | 0.0220 | 0.9441 | 0.9457 | 0.9395 | 0.0255 | 0.9465 | 0.9032 | 0.9055
0160 | 17:12:55 |  20.3s | 1.0e-04 | 0.0220 | 0.9434 | 0.9449 | 0.9382 | 0.0255 | 0.9335 | 0.9150 | 0.8918
0161 | 17:13:33 |  20.4s | 1.0e-04 | 0.0212 | 0.9460 | 0.9473 | 0.9436 | 0.0264 | 0.9288 | 0.9275 | 0.8997
0162 | 17:14:12 |  18.9s | 1.0e-04 | 0.0227 | 0.9427 | 0.9438 | 0.9365 | 0.0267 | 0.9281 | 0.9327 | 0.9063
0163 | 17:14:49 |  19.9s | 1.0e-04 | 0.0214 | 0.9451 | 0.9462 | 0.9413 | 0.0241 | 0.9299 | 0.9277 | 0.9075
0164 | 17:15:27 |  20.0s | 1.0e-04 | 0.0220 | 0.9451 | 0.9437 | 0.9387 | 0.0259 | 0.9189 | 0.9399 | 0.9074
0165 | 17:16:04 |  20.0s | 1.0e-04 | 0.0216 | 0.9461 | 0.9447 | 0.9405 | 0.0246 | 0.9370 | 0.9238 | 0.9044
0166 | 17:16:43 |  20.3s | 1.0e-04 | 0.0213 | 0.9461 | 0.9443 | 0.9393 | 0.0247 | 0.9363 | 0.9273 | 0.9066
0167 | 17:17:21 |  38.4s | 1.0e-04 | 0.0216 | 0.9465 | 0.9440 | 0.9407 | 0.0255 | 0.9450 | 0.9053 | 0.9028
0168 | 17:18:18 |  20.1s | 1.0e-04 | 0.0215 | 0.9435 | 0.9446 | 0.9394 | 0.0253 | 0.9297 | 0.9260 | 0.8964
0169 | 17:18:57 |  20.1s | 1.0e-04 | 0.0216 | 0.9458 | 0.9460 | 0.9422 | 0.0232 | 0.9273 | 0.9354 | 0.9069
0170 | 17:19:36 |  20.5s | 1.0e-04 | 0.0213 | 0.9445 | 0.9466 | 0.9406 | 0.0245 | 0.9327 | 0.9309 | 0.9132
0171 | 17:20:14 |  20.3s | 1.0e-04 | 0.0213 | 0.9463 | 0.9447 | 0.9406 | 0.0259 | 0.9079 | 0.9440 | 0.8986
0172 | 17:20:52 |  20.4s | 1.0e-04 | 0.0213 | 0.9471 | 0.9450 | 0.9423 | 0.0245 | 0.9373 | 0.9215 | 0.9078
0173 | 17:21:31 |  20.3s | 1.0e-04 | 0.0219 | 0.9450 | 0.9447 | 0.9402 | 0.0244 | 0.9402 | 0.9185 | 0.9059
0174 | 17:22:10 |  20.2s | 1.0e-04 | 0.0212 | 0.9466 | 0.9456 | 0.9428 | 0.0239 | 0.9167 | 0.9461 | 0.9115
0175 | 17:22:49 |  20.1s | 1.0e-04 | 0.0212 | 0.9460 | 0.9444 | 0.9402 | 0.0255 | 0.9369 | 0.9219 | 0.9100
0176 | 17:23:27 |  20.3s | 1.0e-04 | 0.0211 | 0.9462 | 0.9456 | 0.9424 | 0.0243 | 0.9314 | 0.9292 | 0.9062
0177 | 17:24:06 |  20.2s | 1.0e-04 | 0.0218 | 0.9450 | 0.9451 | 0.9414 | 0.0242 | 0.9309 | 0.9321 | 0.9076
0178 | 17:24:44 |  20.6s | 1.0e-04 | 0.0208 | 0.9440 | 0.9453 | 0.9404 | 0.0250 | 0.9262 | 0.9337 | 0.9076
0179 | 17:25:23 |  20.3s | 1.0e-04 | 0.0215 | 0.9461 | 0.9451 | 0.9409 | 0.0247 | 0.9395 | 0.9273 | 0.9077
0180 | 17:26:02 |  19.9s | 1.0e-04 | 0.0212 | 0.9439 | 0.9463 | 0.9400 | 0.0255 | 0.9340 | 0.9270 | 0.9086
0181 | 17:26:41 |  19.6s | 1.0e-04 | 0.0216 | 0.9450 | 0.9464 | 0.9417 | 0.0270 | 0.9087 | 0.9487 | 0.9066
0182 | 17:27:19 |  20.3s | 1.0e-04 | 0.0219 | 0.9439 | 0.9453 | 0.9391 | 0.0233 | 0.9352 | 0.9396 | 0.9236
0183 | 17:27:57 |  20.3s | 1.0e-04 | 0.0209 | 0.9443 | 0.9457 | 0.9400 | 0.0240 | 0.9341 | 0.9248 | 0.9092
0184 | 17:28:37 |  20.4s | 1.0e-04 | 0.0211 | 0.9460 | 0.9457 | 0.9420 | 0.0248 | 0.9358 | 0.9241 | 0.9080
0185 | 17:29:16 |  20.3s | 1.0e-04 | 0.0217 | 0.9454 | 0.9468 | 0.9418 | 0.0247 | 0.9462 | 0.9111 | 0.9090
0186 | 17:29:55 |  20.5s | 1.0e-04 | 0.0214 | 0.9465 | 0.9440 | 0.9407 | 0.0253 | 0.9609 | 0.8918 | 0.9089
0187 | 17:30:34 |  20.4s | 1.0e-04 | 0.0213 | 0.9469 | 0.9450 | 0.9423 | 0.0249 | 0.9324 | 0.9309 | 0.9082
0188 | 17:31:14 |  38.2s | 1.0e-04 | 0.0211 | 0.9458 | 0.9428 | 0.9390 | 0.0239 | 0.9416 | 0.9193 | 0.9144
0189 | 17:32:11 |  20.6s | 1.0e-04 | 0.0208 | 0.9448 | 0.9420 | 0.9366 | 0.0255 | 0.9182 | 0.9428 | 0.9089
0190 | 17:32:50 |  18.0s | 1.0e-04 | 0.0206 | 0.9444 | 0.9402 | 0.9341 | 0.0247 | 0.9344 | 0.9222 | 0.9008
0191 | 17:33:20 |  17.8s | 1.0e-04 | 0.0201 | 0.9454 | 0.9439 | 0.9387 | 0.0239 | 0.9316 | 0.9318 | 0.9062
0192 | 17:33:52 |  17.8s | 1.0e-04 | 0.0204 | 0.9443 | 0.9432 | 0.9370 | 0.0242 | 0.9286 | 0.9340 | 0.9120
0193 | 17:34:24 |  17.6s | 1.0e-04 | 0.0198 | 0.9463 | 0.9443 | 0.9403 | 0.0240 | 0.9365 | 0.9276 | 0.9114
0194 | 17:34:53 |  17.7s | 1.0e-04 | 0.0204 | 0.9435 | 0.9408 | 0.9351 | 0.0248 | 0.9234 | 0.9416 | 0.9145
0195 | 17:35:23 |  17.8s | 1.0e-04 | 0.0201 | 0.9459 | 0.9435 | 0.9399 | 0.0249 | 0.9305 | 0.9256 | 0.9065
0196 | 17:35:54 |  17.7s | 1.0e-04 | 0.0203 | 0.9457 | 0.9399 | 0.9356 | 0.0240 | 0.9318 | 0.9391 | 0.9191
0197 | 17:36:26 |  17.7s | 1.0e-04 | 0.0204 | 0.9441 | 0.9427 | 0.9368 | 0.0260 | 0.9473 | 0.9032 | 0.9051
0198 | 17:36:56 |  17.9s | 1.0e-04 | 0.0207 | 0.9441 | 0.9418 | 0.9365 | 0.0228 | 0.9300 | 0.9385 | 0.9151
0199 | 17:37:26 |  17.8s | 1.0e-04 | 0.0207 | 0.9439 | 0.9412 | 0.9358 | 0.0252 | 0.9107 | 0.9451 | 0.9035
0200 | 17:37:58 |  17.6s | 1.0e-04 | 0.0198 | 0.9463 | 0.9433 | 0.9384 | 0.0250 | 0.9192 | 0.9378 | 0.9047
0201 | 17:38:30 |  17.7s | 1.0e-04 | 0.0204 | 0.9440 | 0.9431 | 0.9372 | 0.0240 | 0.9500 | 0.9213 | 0.9297
0202 | 17:38:59 |  17.8s | 1.0e-04 | 0.0202 | 0.9447 | 0.9411 | 0.9368 | 0.0242 | 0.9386 | 0.9206 | 0.9065
0203 | 17:39:30 |  18.2s | 1.0e-04 | 0.0203 | 0.9440 | 0.9416 | 0.9349 | 0.0238 | 0.9326 | 0.9409 | 0.9223
0204 | 17:40:01 |  17.7s | 1.0e-04 | 0.0202 | 0.9442 | 0.9405 | 0.9345 | 0.0241 | 0.9249 | 0.9320 | 0.9039
0205 | 17:40:34 |  17.7s | 1.0e-04 | 0.0205 | 0.9458 | 0.9438 | 0.9394 | 0.0245 | 0.9441 | 0.9277 | 0.9200
0206 | 17:41:04 |  17.6s | 1.0e-04 | 0.0200 | 0.9435 | 0.9422 | 0.9346 | 0.0239 | 0.9275 | 0.9320 | 0.9057
0207 | 17:41:34 |  17.6s | 1.0e-04 | 0.0198 | 0.9462 | 0.9430 | 0.9392 | 0.0230 | 0.9233 | 0.9505 | 0.9237
0208 | 17:42:04 |  17.7s | 1.0e-04 | 0.0204 | 0.9447 | 0.9425 | 0.9371 | 0.0242 | 0.9354 | 0.9264 | 0.9093
0209 | 17:42:34 |  28.2s | 1.0e-04 | 0.0214 | 0.9459 | 0.9468 | 0.9430 | 0.0244 | 0.9133 | 0.9383 | 0.8963
0210 | 17:43:14 |  17.3s | 1.0e-04 | 0.0217 | 0.9481 | 0.9488 | 0.9474 | 0.0236 | 0.9302 | 0.9395 | 0.9173
0211 | 17:43:44 |  17.0s | 1.0e-04 | 0.0216 | 0.9479 | 0.9481 | 0.9461 | 0.0255 | 0.9250 | 0.9371 | 0.9077
0212 | 17:44:13 |  17.2s | 1.0e-04 | 0.0212 | 0.9496 | 0.9497 | 0.9493 | 0.0240 | 0.9381 | 0.9283 | 0.9128
0213 | 17:44:44 |  17.1s | 1.0e-04 | 0.0216 | 0.9487 | 0.9477 | 0.9468 | 0.0253 | 0.9182 | 0.9410 | 0.9061
0214 | 17:45:13 |  17.3s | 1.0e-04 | 0.0214 | 0.9475 | 0.9494 | 0.9469 | 0.0251 | 0.9406 | 0.9237 | 0.9109
0215 | 17:45:42 |  17.5s | 1.0e-04 | 0.0216 | 0.9471 | 0.9489 | 0.9462 | 0.0245 | 0.9353 | 0.9331 | 0.9140
0216 | 17:46:13 |  17.4s | 1.0e-04 | 0.0217 | 0.9482 | 0.9474 | 0.9458 | 0.0243 | 0.9302 | 0.9385 | 0.9166
0217 | 17:46:45 |  17.2s | 1.0e-04 | 0.0216 | 0.9482 | 0.9477 | 0.9462 | 0.0248 | 0.9313 | 0.9347 | 0.9122
0218 | 17:47:15 |  17.3s | 1.0e-04 | 0.0215 | 0.9473 | 0.9494 | 0.9468 | 0.0234 | 0.9280 | 0.9403 | 0.9139
0219 | 17:47:45 |  17.3s | 1.0e-04 | 0.0221 | 0.9476 | 0.9479 | 0.9460 | 0.0230 | 0.9382 | 0.9296 | 0.9154
0220 | 17:48:15 |  17.4s | 1.0e-04 | 0.0213 | 0.9481 | 0.9504 | 0.9484 | 0.0234 | 0.9374 | 0.9397 | 0.9269
0221 | 17:48:45 |  17.3s | 1.0e-04 | 0.0217 | 0.9476 | 0.9505 | 0.9479 | 0.0243 | 0.9332 | 0.9335 | 0.9155
0222 | 17:49:14 |  17.2s | 1.0e-04 | 0.0212 | 0.9472 | 0.9503 | 0.9474 | 0.0245 | 0.9269 | 0.9440 | 0.9178
0223 | 17:49:45 |  17.1s | 1.0e-04 | 0.0216 | 0.9484 | 0.9502 | 0.9485 | 0.0241 | 0.9386 | 0.9282 | 0.9153
0224 | 17:50:16 |  17.1s | 1.0e-04 | 0.0210 | 0.9483 | 0.9513 | 0.9492 | 0.0238 | 0.9304 | 0.9354 | 0.9094
0225 | 17:50:45 |  17.1s | 1.0e-04 | 0.0209 | 0.9494 | 0.9506 | 0.9504 | 0.0246 | 0.9337 | 0.9359 | 0.9179
0226 | 17:51:15 |  17.3s | 1.0e-04 | 0.0210 | 0.9493 | 0.9504 | 0.9498 | 0.0226 | 0.9374 | 0.9300 | 0.9190
0227 | 17:51:45 |  17.3s | 1.0e-04 | 0.0210 | 0.9489 | 0.9511 | 0.9497 | 0.0238 | 0.9311 | 0.9298 | 0.9106
0228 | 17:52:17 |  17.3s | 1.0e-04 | 0.0217 | 0.9487 | 0.9493 | 0.9482 | 0.0234 | 0.9374 | 0.9256 | 0.9087
0229 | 17:52:46 |  17.3s | 1.0e-04 | 0.0209 | 0.9490 | 0.9501 | 0.9491 | 0.0231 | 0.9413 | 0.9261 | 0.9175
0230 | 17:53:16 |  32.2s | 1.0e-04 | 0.0211 | 0.9450 | 0.9462 | 0.9415 | 0.0239 | 0.9431 | 0.9235 | 0.9195
0231 | 17:54:01 |  17.5s | 1.0e-04 | 0.0211 | 0.9450 | 0.9434 | 0.9383 | 0.0238 | 0.9269 | 0.9485 | 0.9258
0232 | 17:54:30 |  17.4s | 1.0e-04 | 0.0205 | 0.9445 | 0.9455 | 0.9398 | 0.0234 | 0.9300 | 0.9356 | 0.9132
0233 | 17:55:02 |  17.7s | 1.0e-04 | 0.0206 | 0.9447 | 0.9446 | 0.9398 | 0.0234 | 0.9409 | 0.9240 | 0.9181
0234 | 17:55:33 |  17.3s | 1.0e-04 | 0.0209 | 0.9460 | 0.9466 | 0.9427 | 0.0232 | 0.9314 | 0.9405 | 0.9179
0235 | 17:56:02 |  17.7s | 1.0e-04 | 0.0203 | 0.9468 | 0.9451 | 0.9415 | 0.0243 | 0.9244 | 0.9356 | 0.9049
0236 | 17:56:32 |  17.5s | 1.0e-04 | 0.0204 | 0.9473 | 0.9458 | 0.9430 | 0.0251 | 0.9091 | 0.9562 | 0.9194
0237 | 17:57:03 |  17.5s | 1.0e-04 | 0.0207 | 0.9446 | 0.9454 | 0.9398 | 0.0238 | 0.9257 | 0.9454 | 0.9168
0238 | 17:57:34 |  17.3s | 1.0e-04 | 0.0208 | 0.9453 | 0.9452 | 0.9411 | 0.0241 | 0.9246 | 0.9426 | 0.9154
0239 | 17:58:06 |  17.8s | 1.0e-04 | 0.0211 | 0.9455 | 0.9439 | 0.9400 | 0.0247 | 0.9172 | 0.9512 | 0.9184
0240 | 17:58:36 |  17.8s | 1.0e-04 | 0.0209 | 0.9437 | 0.9445 | 0.9389 | 0.0230 | 0.9380 | 0.9262 | 0.9112
0241 | 17:59:06 |  17.7s | 1.0e-04 | 0.0201 | 0.9452 | 0.9450 | 0.9412 | 0.0235 | 0.9299 | 0.9358 | 0.9148
0242 | 17:59:37 |  17.5s | 1.0e-04 | 0.0210 | 0.9440 | 0.9432 | 0.9370 | 0.0233 | 0.9384 | 0.9286 | 0.9130
0243 | 18:00:09 |  17.7s | 1.0e-04 | 0.0210 | 0.9455 | 0.9435 | 0.9389 | 0.0233 | 0.9299 | 0.9421 | 0.9215
0244 | 18:00:38 |  17.4s | 1.0e-04 | 0.0212 | 0.9445 | 0.9446 | 0.9399 | 0.0236 | 0.9258 | 0.9432 | 0.9177
0245 | 18:01:08 |  17.5s | 1.0e-04 | 0.0207 | 0.9454 | 0.9461 | 0.9422 | 0.0243 | 0.9380 | 0.9317 | 0.9164
0246 | 18:01:39 |  17.5s | 1.0e-04 | 0.0202 | 0.9478 | 0.9480 | 0.9458 | 0.0234 | 0.9296 | 0.9353 | 0.9133
0247 | 18:02:10 |  17.5s | 1.0e-04 | 0.0212 | 0.9452 | 0.9438 | 0.9393 | 0.0227 | 0.9387 | 0.9340 | 0.9231
0248 | 18:02:40 |  17.2s | 1.0e-04 | 0.0206 | 0.9453 | 0.9467 | 0.9421 | 0.0238 | 0.9333 | 0.9360 | 0.9150
0249 | 18:03:09 |  17.6s | 1.0e-04 | 0.0208 | 0.9454 | 0.9453 | 0.9414 | 0.0228 | 0.9368 | 0.9369 | 0.9214
0250 | 18:03:40 |  17.4s | 1.0e-04 | 0.0207 | 0.9457 | 0.9442 | 0.9403 | 0.0235 | 0.9376 | 0.9320 | 0.9193
0251 | 18:04:15 |  17.3s | 1.0e-04 | 0.0202 | 0.9488 | 0.9499 | 0.9487 | 0.0226 | 0.9250 | 0.9518 | 0.9278
0252 | 18:04:45 |  17.5s | 1.0e-04 | 0.0205 | 0.9487 | 0.9498 | 0.9485 | 0.0239 | 0.9445 | 0.9256 | 0.9209
0253 | 18:05:14 |  17.3s | 1.0e-04 | 0.0205 | 0.9490 | 0.9491 | 0.9482 | 0.0237 | 0.9297 | 0.9316 | 0.9096
0254 | 18:05:46 |  17.3s | 1.0e-04 | 0.0208 | 0.9475 | 0.9494 | 0.9468 | 0.0241 | 0.9258 | 0.9422 | 0.9165
0255 | 18:06:15 |  17.3s | 1.0e-04 | 0.0211 | 0.9480 | 0.9492 | 0.9470 | 0.0232 | 0.9458 | 0.9221 | 0.9206
0256 | 18:06:45 |  17.4s | 1.0e-04 | 0.0206 | 0.9465 | 0.9491 | 0.9456 | 0.0228 | 0.9456 | 0.9246 | 0.9192
0257 | 18:07:17 |  17.4s | 1.0e-04 | 0.0202 | 0.9497 | 0.9500 | 0.9498 | 0.0227 | 0.9340 | 0.9322 | 0.9124
0258 | 18:07:47 |  17.3s | 1.0e-04 | 0.0205 | 0.9474 | 0.9487 | 0.9458 | 0.0241 | 0.9170 | 0.9494 | 0.9154
0259 | 18:08:16 |  17.3s | 1.0e-04 | 0.0210 | 0.9476 | 0.9481 | 0.9458 | 0.0228 | 0.9385 | 0.9273 | 0.9118
0260 | 18:08:46 |  17.6s | 1.0e-04 | 0.0209 | 0.9502 | 0.9503 | 0.9504 | 0.0237 | 0.9284 | 0.9405 | 0.9170
0261 | 18:09:18 |  17.1s | 1.0e-04 | 0.0198 | 0.9494 | 0.9514 | 0.9507 | 0.0240 | 0.9229 | 0.9461 | 0.9161
0262 | 18:09:48 |  17.2s | 1.0e-04 | 0.0199 | 0.9495 | 0.9505 | 0.9501 | 0.0228 | 0.9380 | 0.9277 | 0.9162
0263 | 18:10:17 |  17.4s | 1.0e-04 | 0.0207 | 0.9498 | 0.9505 | 0.9504 | 0.0239 | 0.9468 | 0.9111 | 0.9061
0264 | 18:10:47 |  17.2s | 1.0e-04 | 0.0201 | 0.9491 | 0.9499 | 0.9490 | 0.0228 | 0.9260 | 0.9439 | 0.9155
0265 | 18:11:18 |  17.5s | 1.0e-04 | 0.0208 | 0.9468 | 0.9486 | 0.9454 | 0.0242 | 0.9246 | 0.9450 | 0.9177
0266 | 18:11:49 |  17.5s | 1.0e-04 | 0.0203 | 0.9480 | 0.9487 | 0.9467 | 0.0219 | 0.9385 | 0.9390 | 0.9266
0267 | 18:12:18 |  17.4s | 1.0e-04 | 0.0204 | 0.9487 | 0.9503 | 0.9491 | 0.0223 | 0.9422 | 0.9328 | 0.9210
0268 | 18:12:48 |  17.5s | 1.0e-04 | 0.0204 | 0.9478 | 0.9481 | 0.9456 | 0.0232 | 0.9347 | 0.9301 | 0.9153
0269 | 18:13:19 |  17.2s | 1.0e-04 | 0.0204 | 0.9488 | 0.9499 | 0.9487 | 0.0235 | 0.9254 | 0.9398 | 0.9147
0270 | 18:13:50 |  17.3s | 1.0e-04 | 0.0205 | 0.9474 | 0.9500 | 0.9474 | 0.0239 | 0.9379 | 0.9316 | 0.9177
0271 | 18:14:20 |  29.3s | 1.0e-04 | 0.0203 | 0.9506 | 0.9478 | 0.9483 | 0.0242 | 0.9196 | 0.9428 | 0.9089
0272 | 18:15:01 |  17.3s | 1.0e-04 | 0.0196 | 0.9479 | 0.9483 | 0.9461 | 0.0236 | 0.9362 | 0.9330 | 0.9185
0273 | 18:15:31 |  17.0s | 1.0e-04 | 0.0200 | 0.9462 | 0.9451 | 0.9415 | 0.0233 | 0.9393 | 0.9345 | 0.9248
0274 | 18:16:02 |  17.0s | 1.0e-04 | 0.0199 | 0.9464 | 0.9475 | 0.9439 | 0.0231 | 0.9321 | 0.9373 | 0.9175
0275 | 18:16:32 |  17.2s | 1.0e-04 | 0.0196 | 0.9495 | 0.9493 | 0.9489 | 0.0240 | 0.9307 | 0.9367 | 0.9158
0276 | 18:17:02 |  17.3s | 1.0e-04 | 0.0196 | 0.9481 | 0.9465 | 0.9443 | 0.0234 | 0.9332 | 0.9364 | 0.9151
0277 | 18:17:31 |  17.3s | 1.0e-04 | 0.0201 | 0.9461 | 0.9486 | 0.9450 | 0.0229 | 0.9262 | 0.9425 | 0.9169
0278 | 18:18:01 |  17.1s | 1.0e-04 | 0.0201 | 0.9480 | 0.9462 | 0.9441 | 0.0236 | 0.9448 | 0.9269 | 0.9202
0279 | 18:18:33 |  17.0s | 1.0e-04 | 0.0202 | 0.9475 | 0.9462 | 0.9444 | 0.0231 | 0.9282 | 0.9434 | 0.9180
0280 | 18:19:02 |  16.9s | 1.0e-04 | 0.0200 | 0.9468 | 0.9474 | 0.9445 | 0.0245 | 0.9214 | 0.9484 | 0.9193
0281 | 18:19:31 |  17.1s | 1.0e-04 | 0.0197 | 0.9480 | 0.9475 | 0.9454 | 0.0242 | 0.9314 | 0.9383 | 0.9140
0282 | 18:20:00 |  17.1s | 1.0e-04 | 0.0201 | 0.9465 | 0.9479 | 0.9447 | 0.0241 | 0.9354 | 0.9320 | 0.9142
0283 | 18:20:31 |  17.1s | 1.0e-04 | 0.0200 | 0.9475 | 0.9478 | 0.9457 | 0.0238 | 0.9449 | 0.9237 | 0.9221
0284 | 18:21:01 |  17.7s | 1.0e-04 | 0.0198 | 0.9489 | 0.9473 | 0.9458 | 0.0231 | 0.9396 | 0.9406 | 0.9275
0285 | 18:21:31 |  17.2s | 1.0e-04 | 0.0195 | 0.9462 | 0.9470 | 0.9435 | 0.0230 | 0.9398 | 0.9373 | 0.9260
0286 | 18:22:00 |  17.2s | 1.0e-04 | 0.0197 | 0.9477 | 0.9460 | 0.9440 | 0.0230 | 0.9232 | 0.9488 | 0.9214
0287 | 18:22:30 |  17.2s | 1.0e-04 | 0.0196 | 0.9485 | 0.9491 | 0.9481 | 0.0237 | 0.9369 | 0.9306 | 0.9162
0288 | 18:23:02 |  17.2s | 1.0e-04 | 0.0201 | 0.9471 | 0.9454 | 0.9437 | 0.0241 | 0.9242 | 0.9441 | 0.9172
0289 | 18:23:32 |  17.1s | 1.0e-04 | 0.0195 | 0.9471 | 0.9470 | 0.9445 | 0.0223 | 0.9439 | 0.9356 | 0.9275
0290 | 18:24:04 |  17.0s | 1.0e-04 | 0.0201 | 0.9475 | 0.9499 | 0.9471 | 0.0227 | 0.9495 | 0.9176 | 0.9190
0291 | 18:24:34 |  17.1s | 1.0e-04 | 0.0197 | 0.9495 | 0.9473 | 0.9470 | 0.0225 | 0.9392 | 0.9349 | 0.9216
0292 | 18:25:03 |  27.8s | 1.0e-04 | 0.0193 | 0.9511 | 0.9506 | 0.9517 | 0.0234 | 0.9310 | 0.9454 | 0.9261
0293 | 18:25:44 |  17.3s | 1.0e-04 | 0.0199 | 0.9515 | 0.9522 | 0.9532 | 0.0231 | 0.9291 | 0.9390 | 0.9170
0294 | 18:26:14 |  17.2s | 1.0e-04 | 0.0198 | 0.9499 | 0.9530 | 0.9525 | 0.0230 | 0.9399 | 0.9301 | 0.9194
0295 | 18:26:43 |  17.2s | 1.0e-04 | 0.0193 | 0.9516 | 0.9524 | 0.9540 | 0.0229 | 0.9471 | 0.9199 | 0.9173
0296 | 18:27:13 |  17.3s | 1.0e-04 | 0.0193 | 0.9511 | 0.9523 | 0.9536 | 0.0246 | 0.9299 | 0.9397 | 0.9168
0297 | 18:27:44 |  17.2s | 1.0e-04 | 0.0197 | 0.9499 | 0.9521 | 0.9520 | 0.0231 | 0.9428 | 0.9272 | 0.9173
0298 | 18:28:14 |  17.4s | 1.0e-04 | 0.0193 | 0.9520 | 0.9518 | 0.9534 | 0.0225 | 0.9393 | 0.9318 | 0.9190
0299 | 18:28:44 |  17.3s | 1.0e-04 | 0.0195 | 0.9511 | 0.9529 | 0.9536 | 0.0223 | 0.9374 | 0.9398 | 0.9259
0300 | 18:29:14 |  17.5s | 1.0e-04 | 0.0195 | 0.9493 | 0.9531 | 0.9519 | 0.0240 | 0.9332 | 0.9320 | 0.9133
0301 | 18:29:46 |  17.3s | 1.0e-04 | 0.0200 | 0.9501 | 0.9527 | 0.9521 | 0.0224 | 0.9310 | 0.9406 | 0.9190
0302 | 18:30:16 |  17.5s | 1.0e-04 | 0.0191 | 0.9521 | 0.9530 | 0.9543 | 0.0233 | 0.9360 | 0.9379 | 0.9193
0303 | 18:30:45 |  17.3s | 1.0e-04 | 0.0197 | 0.9500 | 0.9502 | 0.9501 | 0.0236 | 0.9365 | 0.9392 | 0.9238
0304 | 18:31:15 |  17.1s | 1.0e-04 | 0.0199 | 0.9495 | 0.9548 | 0.9543 | 0.0222 | 0.9323 | 0.9378 | 0.9202
0305 | 18:31:49 |  17.6s | 1.0e-04 | 0.0200 | 0.9494 | 0.9523 | 0.9514 | 0.0239 | 0.9245 | 0.9438 | 0.9167
0306 | 18:32:19 |  17.3s | 1.0e-04 | 0.0193 | 0.9521 | 0.9515 | 0.9535 | 0.0226 | 0.9487 | 0.9245 | 0.9207
0307 | 18:32:49 |  17.3s | 1.0e-04 | 0.0194 | 0.9501 | 0.9517 | 0.9514 | 0.0231 | 0.9434 | 0.9239 | 0.9207
0308 | 18:33:18 |  17.5s | 1.0e-04 | 0.0192 | 0.9515 | 0.9521 | 0.9530 | 0.0228 | 0.9391 | 0.9370 | 0.9253
0309 | 18:33:50 |  17.5s | 1.0e-04 | 0.0197 | 0.9508 | 0.9538 | 0.9538 | 0.0214 | 0.9441 | 0.9283 | 0.9237
0310 | 18:34:20 |  17.6s | 1.0e-04 | 0.0192 | 0.9526 | 0.9524 | 0.9546 | 0.0231 | 0.9399 | 0.9293 | 0.9222
0311 | 18:34:50 |  17.5s | 1.0e-04 | 0.0190 | 0.9512 | 0.9530 | 0.9540 | 0.0223 | 0.9356 | 0.9426 | 0.9286
0312 | 18:35:20 |  17.4s | 1.0e-04 | 0.0193 | 0.9513 | 0.9511 | 0.9523 | 0.0231 | 0.9376 | 0.9307 | 0.9156
0313 | 18:35:49 |  31.8s | 1.0e-04 | 0.0193 | 0.9528 | 0.9530 | 0.9550 | 0.0225 | 0.9402 | 0.9376 | 0.9300
0314 | 18:36:32 |  17.2s | 1.0e-04 | 0.0190 | 0.9528 | 0.9525 | 0.9549 | 0.0227 | 0.9383 | 0.9330 | 0.9173
0315 | 18:37:03 |  17.3s | 1.0e-04 | 0.0192 | 0.9502 | 0.9533 | 0.9526 | 0.0227 | 0.9328 | 0.9422 | 0.9231
0316 | 18:37:34 |  17.4s | 1.0e-04 | 0.0190 | 0.9518 | 0.9527 | 0.9540 | 0.0237 | 0.9473 | 0.9194 | 0.9175
0317 | 18:38:04 |  17.6s | 1.0e-04 | 0.0196 | 0.9506 | 0.9517 | 0.9524 | 0.0231 | 0.9368 | 0.9328 | 0.9174
0318 | 18:38:33 |  17.4s | 1.0e-04 | 0.0191 | 0.9524 | 0.9536 | 0.9555 | 0.0226 | 0.9467 | 0.9240 | 0.9210
0319 | 18:39:03 |  17.1s | 1.0e-04 | 0.0186 | 0.9523 | 0.9549 | 0.9562 | 0.0231 | 0.9339 | 0.9329 | 0.9158
0320 | 18:39:34 |  17.5s | 1.0e-04 | 0.0190 | 0.9503 | 0.9533 | 0.9528 | 0.0246 | 0.9366 | 0.9260 | 0.9077
0321 | 18:40:05 |  17.3s | 1.0e-04 | 0.0188 | 0.9526 | 0.9549 | 0.9567 | 0.0225 | 0.9399 | 0.9360 | 0.9261
0322 | 18:40:36 |  17.4s | 1.0e-04 | 0.0192 | 0.9505 | 0.9504 | 0.9509 | 0.0229 | 0.9451 | 0.9183 | 0.9141
0323 | 18:41:07 |  17.4s | 1.0e-04 | 0.0190 | 0.9522 | 0.9515 | 0.9535 | 0.0223 | 0.9443 | 0.9297 | 0.9247
0324 | 18:41:36 |  17.3s | 1.0e-04 | 0.0194 | 0.9502 | 0.9536 | 0.9526 | 0.0237 | 0.9423 | 0.9318 | 0.9222
0325 | 18:42:05 |  17.3s | 1.0e-04 | 0.0197 | 0.9525 | 0.9509 | 0.9534 | 0.0235 | 0.9436 | 0.9224 | 0.9109
0326 | 18:42:36 |  17.5s | 1.0e-04 | 0.0192 | 0.9514 | 0.9525 | 0.9537 | 0.0223 | 0.9266 | 0.9455 | 0.9198
0327 | 18:43:07 |  17.2s | 1.0e-04 | 0.0193 | 0.9498 | 0.9529 | 0.9525 | 0.0228 | 0.9388 | 0.9330 | 0.9206
0328 | 18:43:36 |  17.7s | 1.0e-04 | 0.0192 | 0.9512 | 0.9527 | 0.9532 | 0.0228 | 0.9282 | 0.9502 | 0.9290
0329 | 18:44:06 |  17.6s | 1.0e-04 | 0.0195 | 0.9509 | 0.9518 | 0.9527 | 0.0235 | 0.9455 | 0.9253 | 0.9189
0330 | 18:44:37 |  17.5s | 1.0e-04 | 0.0192 | 0.9508 | 0.9515 | 0.9523 | 0.0223 | 0.9397 | 0.9419 | 0.9321
0331 | 18:45:08 |  17.1s | 1.0e-04 | 0.0195 | 0.9502 | 0.9506 | 0.9508 | 0.0228 | 0.9331 | 0.9343 | 0.9128
0332 | 18:45:37 |  18.1s | 1.0e-04 | 0.0191 | 0.9504 | 0.9531 | 0.9533 | 0.0235 | 0.9419 | 0.9283 | 0.9175
0333 | 18:46:08 |  17.5s | 1.0e-04 | 0.0195 | 0.9517 | 0.9535 | 0.9544 | 0.0238 | 0.9173 | 0.9477 | 0.9146
0334 | 18:46:39 |  31.4s | 1.0e-04 | 0.0187 | 0.9527 | 0.9533 | 0.9554 | 0.0223 | 0.9307 | 0.9449 | 0.9239
0335 | 18:47:22 |  17.5s | 1.0e-04 | 0.0192 | 0.9503 | 0.9536 | 0.9535 | 0.0235 | 0.9339 | 0.9280 | 0.9106
0336 | 18:47:53 |  17.6s | 1.0e-04 | 0.0192 | 0.9506 | 0.9518 | 0.9520 | 0.0216 | 0.9357 | 0.9354 | 0.9179
0337 | 18:48:25 |  17.5s | 1.0e-04 | 0.0195 | 0.9502 | 0.9523 | 0.9520 | 0.0234 | 0.9449 | 0.9242 | 0.9141
0338 | 18:48:55 |  17.7s | 1.0e-04 | 0.0195 | 0.9516 | 0.9520 | 0.9535 | 0.0222 | 0.9364 | 0.9394 | 0.9273
0339 | 18:49:26 |  17.4s | 1.0e-04 | 0.0191 | 0.9513 | 0.9513 | 0.9525 | 0.0226 | 0.9377 | 0.9352 | 0.9241
0340 | 18:49:56 |  17.6s | 1.0e-04 | 0.0194 | 0.9508 | 0.9510 | 0.9517 | 0.0237 | 0.9458 | 0.9360 | 0.9325
0341 | 18:50:25 |  17.4s | 1.0e-04 | 0.0192 | 0.9501 | 0.9512 | 0.9512 | 0.0238 | 0.9327 | 0.9352 | 0.9125
0342 | 18:50:56 |  17.6s | 1.0e-04 | 0.0195 | 0.9518 | 0.9522 | 0.9543 | 0.0230 | 0.9464 | 0.9213 | 0.9180
0343 | 18:51:27 |  17.5s | 1.0e-04 | 0.0188 | 0.9532 | 0.9531 | 0.9554 | 0.0232 | 0.9492 | 0.9201 | 0.9179
0344 | 18:51:57 |  17.6s | 1.0e-04 | 0.0188 | 0.9508 | 0.9533 | 0.9531 | 0.0221 | 0.9423 | 0.9269 | 0.9189
0345 | 18:52:27 |  17.4s | 1.0e-04 | 0.0188 | 0.9516 | 0.9520 | 0.9532 | 0.0233 | 0.9231 | 0.9470 | 0.9201
0346 | 18:52:59 |  17.3s | 1.0e-04 | 0.0190 | 0.9505 | 0.9526 | 0.9531 | 0.0233 | 0.9269 | 0.9375 | 0.9123
0347 | 18:53:29 |  17.5s | 1.0e-04 | 0.0193 | 0.9520 | 0.9514 | 0.9536 | 0.0246 | 0.9349 | 0.9314 | 0.9157
0348 | 18:53:58 |  17.4s | 1.0e-04 | 0.0187 | 0.9512 | 0.9526 | 0.9532 | 0.0226 | 0.9286 | 0.9451 | 0.9238
0349 | 18:54:28 |  17.6s | 1.0e-04 | 0.0187 | 0.9520 | 0.9521 | 0.9540 | 0.0229 | 0.9367 | 0.9370 | 0.9216
0350 | 18:54:59 |  17.6s | 1.0e-04 | 0.0191 | 0.9514 | 0.9535 | 0.9542 | 0.0229 | 0.9185 | 0.9492 | 0.9173
0351 | 18:55:30 |  17.5s | 1.0e-04 | 0.0193 | 0.9506 | 0.9528 | 0.9533 | 0.0228 | 0.9402 | 0.9316 | 0.9241
0352 | 18:56:00 |  17.5s | 1.0e-04 | 0.0193 | 0.9509 | 0.9512 | 0.9516 | 0.0230 | 0.9295 | 0.9394 | 0.9157
0353 | 18:56:29 |  17.5s | 1.0e-04 | 0.0189 | 0.9513 | 0.9537 | 0.9542 | 0.0215 | 0.9395 | 0.9346 | 0.9234
0354 | 18:57:01 |  17.3s | 1.0e-04 | 0.0186 | 0.9522 | 0.9535 | 0.9552 | 0.0223 | 0.9360 | 0.9427 | 0.9299
0355 | 18:57:32 |  38.5s | 1.0e-04 | 0.0193 | 0.9511 | 0.9504 | 0.9514 | 0.0227 | 0.9419 | 0.9337 | 0.9222
0356 | 18:58:22 |  17.6s | 1.0e-04 | 0.0202 | 0.9494 | 0.9504 | 0.9498 | 0.0229 | 0.9423 | 0.9292 | 0.9232
0357 | 18:58:52 |  17.6s | 1.0e-04 | 0.0199 | 0.9503 | 0.9494 | 0.9498 | 0.0235 | 0.9375 | 0.9317 | 0.9160
0358 | 18:59:23 |  17.3s | 1.0e-04 | 0.0200 | 0.9507 | 0.9504 | 0.9510 | 0.0229 | 0.9407 | 0.9316 | 0.9231
0359 | 18:59:54 |  17.5s | 1.0e-04 | 0.0207 | 0.9475 | 0.9512 | 0.9484 | 0.0221 | 0.9310 | 0.9479 | 0.9285
0360 | 19:00:24 |  17.6s | 1.0e-04 | 0.0200 | 0.9512 | 0.9533 | 0.9537 | 0.0242 | 0.9385 | 0.9285 | 0.9171
0361 | 19:00:53 |  17.4s | 1.0e-04 | 0.0201 | 0.9502 | 0.9508 | 0.9509 | 0.0230 | 0.9414 | 0.9315 | 0.9212
0362 | 19:01:24 |  17.4s | 1.0e-04 | 0.0204 | 0.9497 | 0.9519 | 0.9515 | 0.0232 | 0.9322 | 0.9458 | 0.9270
0363 | 19:01:56 |  17.4s | 1.0e-04 | 0.0198 | 0.9512 | 0.9518 | 0.9525 | 0.0230 | 0.9463 | 0.9300 | 0.9284
0364 | 19:02:26 |  17.4s | 1.0e-04 | 0.0194 | 0.9520 | 0.9523 | 0.9540 | 0.0225 | 0.9418 | 0.9346 | 0.9260
0365 | 19:02:55 |  17.6s | 1.0e-04 | 0.0199 | 0.9521 | 0.9518 | 0.9537 | 0.0217 | 0.9364 | 0.9440 | 0.9302
0366 | 19:03:25 |  17.3s | 1.0e-04 | 0.0198 | 0.9497 | 0.9535 | 0.9525 | 0.0227 | 0.9366 | 0.9431 | 0.9277
0367 | 19:03:57 |  17.5s | 1.0e-04 | 0.0200 | 0.9509 | 0.9507 | 0.9514 | 0.0227 | 0.9357 | 0.9367 | 0.9228
0368 | 19:04:27 |  17.5s | 1.0e-04 | 0.0194 | 0.9526 | 0.9517 | 0.9543 | 0.0231 | 0.9341 | 0.9377 | 0.9190
0369 | 19:04:57 |  17.4s | 1.0e-04 | 0.0195 | 0.9510 | 0.9525 | 0.9532 | 0.0230 | 0.9198 | 0.9486 | 0.9182
0370 | 19:05:26 |  17.3s | 1.0e-04 | 0.0202 | 0.9490 | 0.9516 | 0.9503 | 0.0227 | 0.9328 | 0.9312 | 0.9125
0371 | 19:05:57 |  17.3s | 1.0e-04 | 0.0200 | 0.9494 | 0.9519 | 0.9513 | 0.0225 | 0.9321 | 0.9498 | 0.9319
0372 | 19:06:28 |  17.4s | 1.0e-04 | 0.0193 | 0.9526 | 0.9516 | 0.9540 | 0.0226 | 0.9340 | 0.9380 | 0.9216
0373 | 19:06:58 |  17.3s | 1.0e-04 | 0.0198 | 0.9506 | 0.9519 | 0.9524 | 0.0233 | 0.9322 | 0.9450 | 0.9261
0374 | 19:07:30 |  17.7s | 1.0e-04 | 0.0200 | 0.9508 | 0.9523 | 0.9527 | 0.0219 | 0.9460 | 0.9325 | 0.9273
0375 | 19:08:00 |  17.5s | 1.0e-04 | 0.0202 | 0.9505 | 0.9504 | 0.9508 | 0.0225 | 0.9443 | 0.9364 | 0.9310
0376 | 19:08:32 |  19.1s | 1.0e-04 | 0.0186 | 0.9496 | 0.9483 | 0.9480 | 0.0233 | 0.9453 | 0.9260 | 0.9219
0377 | 19:09:04 |  17.8s | 1.0e-04 | 0.0192 | 0.9483 | 0.9512 | 0.9496 | 0.0224 | 0.9272 | 0.9329 | 0.9108
0378 | 19:09:36 |  18.0s | 1.0e-04 | 0.0188 | 0.9504 | 0.9505 | 0.9510 | 0.0230 | 0.9295 | 0.9429 | 0.9203
0379 | 19:10:06 |  17.8s | 1.0e-04 | 0.0188 | 0.9486 | 0.9495 | 0.9481 | 0.0232 | 0.9474 | 0.9209 | 0.9203
0380 | 19:10:35 |  17.8s | 1.0e-04 | 0.0186 | 0.9490 | 0.9501 | 0.9491 | 0.0226 | 0.9395 | 0.9300 | 0.9187
0381 | 19:11:07 |  17.9s | 1.0e-04 | 0.0189 | 0.9504 | 0.9493 | 0.9495 | 0.0226 | 0.9406 | 0.9324 | 0.9199
0382 | 19:11:38 |  18.0s | 1.0e-04 | 0.0195 | 0.9490 | 0.9496 | 0.9486 | 0.0220 | 0.9427 | 0.9397 | 0.9316
0383 | 19:12:08 |  18.3s | 1.0e-04 | 0.0187 | 0.9503 | 0.9505 | 0.9506 | 0.0226 | 0.9294 | 0.9454 | 0.9236
0384 | 19:12:39 |  18.0s | 1.0e-04 | 0.0190 | 0.9503 | 0.9505 | 0.9507 | 0.0221 | 0.9455 | 0.9315 | 0.9274
0385 | 19:13:11 |  18.0s | 1.0e-04 | 0.0185 | 0.9493 | 0.9502 | 0.9496 | 0.0221 | 0.9503 | 0.9250 | 0.9258
0386 | 19:13:43 |  18.0s | 1.0e-04 | 0.0191 | 0.9496 | 0.9495 | 0.9488 | 0.0228 | 0.9437 | 0.9280 | 0.9216
0387 | 19:14:14 |  18.1s | 1.0e-04 | 0.0185 | 0.9507 | 0.9513 | 0.9517 | 0.0224 | 0.9571 | 0.9231 | 0.9366
0388 | 19:14:45 |  18.1s | 1.0e-04 | 0.0191 | 0.9503 | 0.9480 | 0.9484 | 0.0227 | 0.9232 | 0.9534 | 0.9274
0389 | 19:15:21 |  18.4s | 1.0e-04 | 0.0188 | 0.9500 | 0.9500 | 0.9500 | 0.0211 | 0.9416 | 0.9358 | 0.9289
0390 | 19:15:52 |  18.2s | 1.0e-04 | 0.0187 | 0.9489 | 0.9501 | 0.9489 | 0.0224 | 0.9364 | 0.9417 | 0.9279
0391 | 19:16:23 |  18.3s | 1.0e-04 | 0.0189 | 0.9492 | 0.9516 | 0.9508 | 0.0224 | 0.9402 | 0.9359 | 0.9249
0392 | 19:16:54 |  18.2s | 1.0e-04 | 0.0187 | 0.9504 | 0.9504 | 0.9508 | 0.0223 | 0.9335 | 0.9391 | 0.9231
0393 | 19:17:31 |  17.9s | 1.0e-04 | 0.0190 | 0.9502 | 0.9508 | 0.9510 | 0.0211 | 0.9385 | 0.9410 | 0.9284
0394 | 19:18:02 |  18.0s | 1.0e-04 | 0.0191 | 0.9521 | 0.9494 | 0.9514 | 0.0210 | 0.9305 | 0.9485 | 0.9292
0395 | 19:18:32 |  18.0s | 1.0e-04 | 0.0188 | 0.9504 | 0.9508 | 0.9509 | 0.0214 | 0.9278 | 0.9394 | 0.9144
0396 | 19:19:03 |  31.9s | 1.0e-04 | 0.0184 | 0.9493 | 0.9514 | 0.9506 | 0.0228 | 0.9399 | 0.9338 | 0.9244
0397 | 19:19:47 |  17.9s | 1.0e-04 | 0.0195 | 0.9512 | 0.9514 | 0.9524 | 0.0232 | 0.9385 | 0.9373 | 0.9226
0398 | 19:20:17 |  17.9s | 1.0e-04 | 0.0192 | 0.9493 | 0.9517 | 0.9512 | 0.0228 | 0.9389 | 0.9323 | 0.9187
0399 | 19:20:48 |  17.8s | 1.0e-04 | 0.0196 | 0.9505 | 0.9501 | 0.9506 | 0.0218 | 0.9340 | 0.9373 | 0.9183
0400 | 19:21:21 |  17.9s | 1.0e-04 | 0.0191 | 0.9518 | 0.9501 | 0.9519 | 0.0216 | 0.9396 | 0.9428 | 0.9329
0401 | 19:21:53 |  17.9s | 1.0e-04 | 0.0197 | 0.9498 | 0.9491 | 0.9489 | 0.0234 | 0.9430 | 0.9153 | 0.9127
0402 | 19:22:24 |  18.0s | 1.0e-04 | 0.0193 | 0.9509 | 0.9528 | 0.9533 | 0.0223 | 0.9237 | 0.9486 | 0.9225
0403 | 19:22:54 |  17.8s | 1.0e-04 | 0.0193 | 0.9494 | 0.9505 | 0.9496 | 0.0220 | 0.9243 | 0.9506 | 0.9249
0404 | 19:23:26 |  17.6s | 1.0e-04 | 0.0195 | 0.9487 | 0.9542 | 0.9525 | 0.0221 | 0.9364 | 0.9290 | 0.9135
0405 | 19:23:58 |  17.8s | 1.0e-04 | 0.0190 | 0.9512 | 0.9516 | 0.9526 | 0.0217 | 0.9408 | 0.9397 | 0.9312
0406 | 19:24:29 |  18.5s | 1.0e-04 | 0.0195 | 0.9495 | 0.9506 | 0.9499 | 0.0217 | 0.9251 | 0.9504 | 0.9263
0407 | 19:24:59 |  17.8s | 1.0e-04 | 0.0193 | 0.9492 | 0.9503 | 0.9495 | 0.0225 | 0.9363 | 0.9401 | 0.9265
0408 | 19:25:32 |  18.0s | 1.0e-04 | 0.0192 | 0.9491 | 0.9536 | 0.9515 | 0.0227 | 0.9306 | 0.9437 | 0.9232
0409 | 19:26:03 |  17.7s | 1.0e-04 | 0.0193 | 0.9502 | 0.9522 | 0.9521 | 0.0234 | 0.9526 | 0.9171 | 0.9209
0410 | 19:26:36 |  17.7s | 1.0e-04 | 0.0194 | 0.9508 | 0.9524 | 0.9527 | 0.0226 | 0.9332 | 0.9446 | 0.9287
0411 | 19:27:07 |  17.4s | 1.0e-04 | 0.0192 | 0.9479 | 0.9525 | 0.9501 | 0.0233 | 0.9367 | 0.9381 | 0.9214
0412 | 19:27:36 |  17.5s | 1.0e-04 | 0.0194 | 0.9477 | 0.9500 | 0.9478 | 0.0230 | 0.9340 | 0.9432 | 0.9261
0413 | 19:28:06 |  17.7s | 1.0e-04 | 0.0190 | 0.9510 | 0.9529 | 0.9533 | 0.0227 | 0.9418 | 0.9277 | 0.9177
0414 | 19:28:38 |  17.7s | 1.0e-04 | 0.0191 | 0.9506 | 0.9523 | 0.9527 | 0.0223 | 0.9394 | 0.9407 | 0.9281
0415 | 19:29:09 |  17.6s | 1.0e-04 | 0.0192 | 0.9530 | 0.9509 | 0.9538 | 0.0239 | 0.9538 | 0.9104 | 0.9196
0416 | 19:29:39 |  18.0s | 1.0e-04 | 0.0194 | 0.9515 | 0.9513 | 0.9527 | 0.0228 | 0.9372 | 0.9413 | 0.9303
0417 | 19:30:10 |  32.9s | 1.0e-04 | 0.0191 | 0.9505 | 0.9526 | 0.9529 | 0.0236 | 0.9330 | 0.9410 | 0.9223
0418 | 19:30:55 |  17.5s | 1.0e-04 | 0.0191 | 0.9517 | 0.9542 | 0.9552 | 0.0220 | 0.9442 | 0.9354 | 0.9305
0419 | 19:31:24 |  17.5s | 1.0e-04 | 0.0189 | 0.9537 | 0.9535 | 0.9567 | 0.0217 | 0.9451 | 0.9339 | 0.9299
0420 | 19:31:56 |  17.7s | 1.0e-04 | 0.0194 | 0.9515 | 0.9522 | 0.9536 | 0.0234 | 0.9468 | 0.9195 | 0.9143
0421 | 19:32:28 |  17.6s | 1.0e-04 | 0.0188 | 0.9522 | 0.9531 | 0.9553 | 0.0223 | 0.9471 | 0.9311 | 0.9291
0422 | 19:32:58 |  17.6s | 1.0e-04 | 0.0193 | 0.9519 | 0.9530 | 0.9548 | 0.0237 | 0.9281 | 0.9433 | 0.9207
0423 | 19:33:28 |  17.7s | 1.0e-04 | 0.0197 | 0.9501 | 0.9521 | 0.9519 | 0.0232 | 0.9460 | 0.9262 | 0.9247
0424 | 19:33:59 |  17.7s | 1.0e-04 | 0.0197 | 0.9526 | 0.9525 | 0.9548 | 0.0213 | 0.9287 | 0.9441 | 0.9229
0425 | 19:34:29 |  17.4s | 1.0e-04 | 0.0191 | 0.9507 | 0.9536 | 0.9540 | 0.0212 | 0.9367 | 0.9490 | 0.9358
0426 | 19:35:01 |  17.6s | 1.0e-04 | 0.0190 | 0.9510 | 0.9551 | 0.9557 | 0.0217 | 0.9383 | 0.9403 | 0.9276
0427 | 19:35:34 |  17.5s | 1.0e-04 | 0.0191 | 0.9520 | 0.9537 | 0.9548 | 0.0222 | 0.9458 | 0.9334 | 0.9327
0428 | 19:36:05 |  17.7s | 1.0e-04 | 0.0196 | 0.9513 | 0.9513 | 0.9521 | 0.0227 | 0.9324 | 0.9472 | 0.9283
0429 | 19:36:35 |  17.5s | 1.0e-04 | 0.0193 | 0.9522 | 0.9528 | 0.9546 | 0.0216 | 0.9359 | 0.9419 | 0.9274
0430 | 19:37:06 |  17.7s | 1.0e-04 | 0.0194 | 0.9528 | 0.9533 | 0.9551 | 0.0227 | 0.9368 | 0.9347 | 0.9206
0431 | 19:37:36 |  17.5s | 1.0e-04 | 0.0195 | 0.9516 | 0.9531 | 0.9547 | 0.0209 | 0.9420 | 0.9394 | 0.9343
0432 | 19:38:08 |  17.4s | 1.0e-04 | 0.0193 | 0.9505 | 0.9551 | 0.9548 | 0.0217 | 0.9354 | 0.9436 | 0.9299
0433 | 19:38:38 |  17.6s | 1.0e-04 | 0.0189 | 0.9525 | 0.9556 | 0.9565 | 0.0221 | 0.9398 | 0.9375 | 0.9278
0434 | 19:39:08 |  17.6s | 1.0e-04 | 0.0192 | 0.9507 | 0.9523 | 0.9531 | 0.0226 | 0.9257 | 0.9484 | 0.9233
0435 | 19:39:38 |  17.2s | 1.0e-04 | 0.0189 | 0.9520 | 0.9556 | 0.9564 | 0.0233 | 0.9316 | 0.9380 | 0.9192
0436 | 19:40:10 |  17.5s | 1.0e-04 | 0.0187 | 0.9522 | 0.9554 | 0.9569 | 0.0216 | 0.9388 | 0.9418 | 0.9320
0437 | 19:40:40 |  17.5s | 1.0e-04 | 0.0192 | 0.9525 | 0.9541 | 0.9561 | 0.0222 | 0.9373 | 0.9424 | 0.9306
0438 | 19:41:10 |  31.1s | 1.0e-04 | 0.0190 | 0.9530 | 0.9527 | 0.9550 | 0.0227 | 0.9323 | 0.9413 | 0.9229
0439 | 19:41:55 |  17.5s | 1.0e-04 | 0.0188 | 0.9516 | 0.9527 | 0.9539 | 0.0220 | 0.9382 | 0.9315 | 0.9141
0440 | 19:42:24 |  17.5s | 1.0e-04 | 0.0188 | 0.9494 | 0.9520 | 0.9512 | 0.0225 | 0.9267 | 0.9400 | 0.9151
0441 | 19:42:55 |  17.6s | 1.0e-04 | 0.0185 | 0.9523 | 0.9528 | 0.9550 | 0.0220 | 0.9372 | 0.9327 | 0.9182
0442 | 19:43:25 |  17.3s | 1.0e-04 | 0.0194 | 0.9508 | 0.9498 | 0.9506 | 0.0217 | 0.9458 | 0.9336 | 0.9287
0443 | 19:43:55 |  17.5s | 1.0e-04 | 0.0186 | 0.9530 | 0.9531 | 0.9552 | 0.0218 | 0.9467 | 0.9309 | 0.9289
0444 | 19:44:24 |  17.6s | 1.0e-04 | 0.0186 | 0.9529 | 0.9530 | 0.9553 | 0.0214 | 0.9315 | 0.9476 | 0.9293
0445 | 19:44:57 |  17.4s | 1.0e-04 | 0.0189 | 0.9508 | 0.9526 | 0.9531 | 0.0215 | 0.9356 | 0.9398 | 0.9223
0446 | 19:45:28 |  17.5s | 1.0e-04 | 0.0182 | 0.9513 | 0.9553 | 0.9557 | 0.0223 | 0.9306 | 0.9386 | 0.9171
0447 | 19:45:58 |  17.7s | 1.0e-04 | 0.0183 | 0.9514 | 0.9519 | 0.9534 | 0.0220 | 0.9330 | 0.9355 | 0.9164
0448 | 19:46:28 |  17.8s | 1.0e-04 | 0.0181 | 0.9530 | 0.9552 | 0.9580 | 0.0222 | 0.9339 | 0.9434 | 0.9255
0449 | 19:46:59 |  17.6s | 1.0e-04 | 0.0187 | 0.9529 | 0.9528 | 0.9555 | 0.0213 | 0.9447 | 0.9378 | 0.9335
0450 | 19:47:29 |  17.5s | 1.0e-04 | 0.0185 | 0.9515 | 0.9532 | 0.9541 | 0.0217 | 0.9457 | 0.9329 | 0.9280
0451 | 19:47:59 |  17.5s | 1.0e-04 | 0.0188 | 0.9512 | 0.9524 | 0.9536 | 0.0222 | 0.9358 | 0.9432 | 0.9288
0452 | 19:48:29 |  17.5s | 1.0e-04 | 0.0187 | 0.9515 | 0.9543 | 0.9550 | 0.0211 | 0.9407 | 0.9369 | 0.9267
0453 | 19:49:02 |  17.4s | 1.0e-04 | 0.0189 | 0.9507 | 0.9524 | 0.9525 | 0.0226 | 0.9305 | 0.9452 | 0.9244
0454 | 19:49:32 |  17.4s | 1.0e-04 | 0.0185 | 0.9532 | 0.9562 | 0.9582 | 0.0221 | 0.9320 | 0.9469 | 0.9291
0455 | 19:50:02 |  17.6s | 1.0e-04 | 0.0185 | 0.9501 | 0.9536 | 0.9529 | 0.0214 | 0.9376 | 0.9349 | 0.9210
0456 | 19:50:32 |  17.5s | 1.0e-04 | 0.0193 | 0.9508 | 0.9524 | 0.9533 | 0.0220 | 0.9365 | 0.9385 | 0.9248
0457 | 19:51:03 |  17.3s | 1.0e-04 | 0.0187 | 0.9529 | 0.9532 | 0.9558 | 0.0220 | 0.9487 | 0.9317 | 0.9296
0458 | 19:51:35 |  17.6s | 1.0e-04 | 0.0191 | 0.9506 | 0.9537 | 0.9537 | 0.0215 | 0.9435 | 0.9397 | 0.9307
0459 | 19:52:07 |  31.0s | 1.0e-04 | 0.0192 | 0.9525 | 0.9553 | 0.9561 | 0.0218 | 0.9413 | 0.9371 | 0.9263
0460 | 19:52:51 |  17.5s | 1.0e-04 | 0.0189 | 0.9509 | 0.9543 | 0.9546 | 0.0222 | 0.9497 | 0.9242 | 0.9268
0461 | 19:53:23 |  17.3s | 1.0e-04 | 0.0191 | 0.9529 | 0.9549 | 0.9571 | 0.0210 | 0.9391 | 0.9388 | 0.9262
0462 | 19:53:54 |  17.5s | 1.0e-04 | 0.0185 | 0.9533 | 0.9551 | 0.9573 | 0.0220 | 0.9462 | 0.9252 | 0.9222
0463 | 19:54:23 |  17.3s | 1.0e-04 | 0.0185 | 0.9549 | 0.9554 | 0.9591 | 0.0224 | 0.9418 | 0.9363 | 0.9274
0464 | 19:54:53 |  17.3s | 1.0e-04 | 0.0189 | 0.9529 | 0.9550 | 0.9566 | 0.0216 | 0.9382 | 0.9396 | 0.9266
0465 | 19:55:25 |  17.3s | 1.0e-04 | 0.0190 | 0.9523 | 0.9549 | 0.9566 | 0.0234 | 0.9454 | 0.9357 | 0.9293
0466 | 19:55:56 |  17.2s | 1.0e-04 | 0.0188 | 0.9528 | 0.9555 | 0.9582 | 0.0216 | 0.9456 | 0.9357 | 0.9270
0467 | 19:56:25 |  17.8s | 1.0e-04 | 0.0188 | 0.9538 | 0.9568 | 0.9596 | 0.0216 | 0.9464 | 0.9357 | 0.9314
0468 | 19:56:55 |  17.2s | 1.0e-04 | 0.0191 | 0.9528 | 0.9533 | 0.9560 | 0.0230 | 0.9296 | 0.9479 | 0.9266
0469 | 19:57:26 |  17.3s | 1.0e-04 | 0.0190 | 0.9517 | 0.9523 | 0.9541 | 0.0219 | 0.9361 | 0.9419 | 0.9263
0470 | 19:57:57 |  17.4s | 1.0e-04 | 0.0186 | 0.9532 | 0.9553 | 0.9571 | 0.0215 | 0.9421 | 0.9364 | 0.9280
0471 | 19:58:27 |  17.4s | 1.0e-04 | 0.0185 | 0.9522 | 0.9543 | 0.9557 | 0.0222 | 0.9362 | 0.9384 | 0.9235
0472 | 19:58:57 |  17.4s | 1.0e-04 | 0.0192 | 0.9524 | 0.9535 | 0.9557 | 0.0231 | 0.9501 | 0.9198 | 0.9251
0473 | 19:59:28 |  17.2s | 1.0e-04 | 0.0186 | 0.9543 | 0.9555 | 0.9593 | 0.0230 | 0.9325 | 0.9439 | 0.9253
0474 | 19:59:59 |  17.4s | 1.0e-04 | 0.0189 | 0.9521 | 0.9543 | 0.9562 | 0.0225 | 0.9377 | 0.9328 | 0.9186
0475 | 20:00:29 |  17.6s | 1.0e-04 | 0.0189 | 0.9532 | 0.9540 | 0.9567 | 0.0219 | 0.9473 | 0.9179 | 0.9144
0476 | 20:01:01 |  17.2s | 1.0e-04 | 0.0187 | 0.9529 | 0.9540 | 0.9563 | 0.0220 | 0.9412 | 0.9344 | 0.9245
0477 | 20:01:31 |  17.5s | 1.0e-04 | 0.0190 | 0.9525 | 0.9556 | 0.9575 | 0.0215 | 0.9485 | 0.9309 | 0.9307
0478 | 20:02:01 |  17.5s | 1.0e-04 | 0.0193 | 0.9521 | 0.9549 | 0.9558 | 0.0213 | 0.9350 | 0.9429 | 0.9275
0479 | 20:02:31 |  17.3s | 1.0e-04 | 0.0188 | 0.9536 | 0.9536 | 0.9570 | 0.0229 | 0.9348 | 0.9361 | 0.9201
0480 | 20:03:03 |  32.0s | 1.0e-04 | 0.0194 | 0.9512 | 0.9532 | 0.9538 | 0.0218 | 0.9380 | 0.9385 | 0.9276
0481 | 20:03:48 |  17.0s | 1.0e-04 | 0.0188 | 0.9516 | 0.9545 | 0.9557 | 0.0220 | 0.9408 | 0.9319 | 0.9207
0482 | 20:04:20 |  17.2s | 1.0e-04 | 0.0192 | 0.9500 | 0.9535 | 0.9530 | 0.0213 | 0.9312 | 0.9474 | 0.9287
0483 | 20:04:50 |  17.0s | 1.0e-04 | 0.0186 | 0.9530 | 0.9547 | 0.9571 | 0.0221 | 0.9423 | 0.9405 | 0.9313
0484 | 20:05:19 |  17.2s | 1.0e-04 | 0.0188 | 0.9535 | 0.9539 | 0.9571 | 0.0214 | 0.9372 | 0.9399 | 0.9272
0485 | 20:05:49 |  17.2s | 1.0e-04 | 0.0183 | 0.9533 | 0.9539 | 0.9570 | 0.0207 | 0.9429 | 0.9379 | 0.9321
0486 | 20:06:21 |  17.2s | 1.0e-04 | 0.0189 | 0.9516 | 0.9521 | 0.9537 | 0.0232 | 0.9358 | 0.9465 | 0.9310
0487 | 20:06:51 |  17.0s | 1.0e-04 | 0.0187 | 0.9517 | 0.9541 | 0.9550 | 0.0228 | 0.9407 | 0.9270 | 0.9152
0488 | 20:07:20 |  17.1s | 1.0e-04 | 0.0192 | 0.9515 | 0.9531 | 0.9542 | 0.0221 | 0.9468 | 0.9292 | 0.9269
0489 | 20:07:50 |  17.2s | 1.0e-04 | 0.0188 | 0.9520 | 0.9531 | 0.9542 | 0.0223 | 0.9292 | 0.9402 | 0.9139
0490 | 20:08:21 |  17.3s | 1.0e-04 | 0.0191 | 0.9521 | 0.9541 | 0.9552 | 0.0231 | 0.9325 | 0.9408 | 0.9200
0491 | 20:08:52 |  17.3s | 1.0e-04 | 0.0183 | 0.9522 | 0.9567 | 0.9578 | 0.0232 | 0.9435 | 0.9242 | 0.9176
0492 | 20:09:23 |  17.2s | 1.0e-04 | 0.0193 | 0.9510 | 0.9532 | 0.9539 | 0.0219 | 0.9401 | 0.9376 | 0.9254
0493 | 20:09:54 |  17.0s | 1.0e-04 | 0.0195 | 0.9520 | 0.9533 | 0.9554 | 0.0221 | 0.9401 | 0.9349 | 0.9234
0494 | 20:10:24 |  17.2s | 1.0e-04 | 0.0188 | 0.9521 | 0.9546 | 0.9564 | 0.0222 | 0.9294 | 0.9495 | 0.9285
0495 | 20:10:53 |  17.2s | 1.0e-04 | 0.0192 | 0.9503 | 0.9538 | 0.9539 | 0.0225 | 0.9347 | 0.9385 | 0.9216
0496 | 20:11:23 |  17.0s | 1.0e-04 | 0.0195 | 0.9504 | 0.9514 | 0.9519 | 0.0212 | 0.9428 | 0.9389 | 0.9327
0497 | 20:11:55 |  17.3s | 1.0e-04 | 0.0192 | 0.9512 | 0.9536 | 0.9541 | 0.0221 | 0.9412 | 0.9371 | 0.9291
0498 | 20:12:25 |  17.2s | 1.0e-04 | 0.0188 | 0.9521 | 0.9540 | 0.9554 | 0.0215 | 0.9388 | 0.9442 | 0.9343
0499 | 20:12:54 |  17.0s | 1.0e-04 | 0.0189 | 0.9519 | 0.9532 | 0.9544 | 0.0209 | 0.9301 | 0.9504 | 0.9302
0500 | 20:13:24 |  17.1s | 1.0e-04 | 0.0190 | 0.9526 | 0.9527 | 0.9548 | 0.0217 | 0.9427 | 0.9316 | 0.9249
0501 | 20:13:59 |  17.3s | 1.0e-04 | 0.0194 | 0.9526 | 0.9541 | 0.9557 | 0.0222 | 0.9346 | 0.9380 | 0.9212
0502 | 20:14:29 |  17.2s | 1.0e-04 | 0.0193 | 0.9518 | 0.9534 | 0.9546 | 0.0223 | 0.9346 | 0.9505 | 0.9355
0503 | 20:14:58 |  17.4s | 1.0e-04 | 0.0193 | 0.9520 | 0.9541 | 0.9555 | 0.0225 | 0.9343 | 0.9437 | 0.9279
0504 | 20:15:28 |  17.2s | 1.0e-04 | 0.0197 | 0.9523 | 0.9535 | 0.9552 | 0.0219 | 0.9424 | 0.9389 | 0.9313
0505 | 20:16:00 |  17.2s | 1.0e-04 | 0.0188 | 0.9530 | 0.9550 | 0.9567 | 0.0221 | 0.9348 | 0.9430 | 0.9268
0506 | 20:16:30 |  17.5s | 1.0e-04 | 0.0192 | 0.9512 | 0.9556 | 0.9561 | 0.0223 | 0.9441 | 0.9286 | 0.9215
0507 | 20:16:59 |  17.0s | 1.0e-04 | 0.0193 | 0.9516 | 0.9542 | 0.9549 | 0.0214 | 0.9224 | 0.9511 | 0.9248
0508 | 20:17:29 |  17.2s | 1.0e-04 | 0.0193 | 0.9528 | 0.9555 | 0.9578 | 0.0209 | 0.9456 | 0.9303 | 0.9279
0509 | 20:18:02 |  17.4s | 1.0e-04 | 0.0191 | 0.9524 | 0.9547 | 0.9563 | 0.0208 | 0.9483 | 0.9226 | 0.9201
0510 | 20:18:34 |  17.5s | 1.0e-04 | 0.0190 | 0.9527 | 0.9538 | 0.9558 | 0.0228 | 0.9343 | 0.9438 | 0.9263
0511 | 20:19:03 |  17.2s | 1.0e-04 | 0.0191 | 0.9510 | 0.9537 | 0.9542 | 0.0216 | 0.9426 | 0.9326 | 0.9228
0512 | 20:19:33 |  17.0s | 1.0e-04 | 0.0193 | 0.9530 | 0.9531 | 0.9554 | 0.0227 | 0.9385 | 0.9328 | 0.9188
0513 | 20:20:04 |  17.1s | 1.0e-04 | 0.0198 | 0.9504 | 0.9525 | 0.9532 | 0.0216 | 0.9369 | 0.9413 | 0.9249
0514 | 20:20:35 |  17.2s | 1.0e-04 | 0.0191 | 0.9530 | 0.9539 | 0.9563 | 0.0217 | 0.9412 | 0.9391 | 0.9289
0515 | 20:21:04 |  17.1s | 1.0e-04 | 0.0195 | 0.9520 | 0.9543 | 0.9563 | 0.0223 | 0.9375 | 0.9394 | 0.9262
0516 | 20:21:33 |  17.4s | 1.0e-04 | 0.0191 | 0.9522 | 0.9534 | 0.9551 | 0.0221 | 0.9322 | 0.9449 | 0.9246
0517 | 20:22:05 |  17.3s | 1.0e-04 | 0.0192 | 0.9535 | 0.9542 | 0.9569 | 0.0222 | 0.9485 | 0.9255 | 0.9275
0518 | 20:22:36 |  17.4s | 1.0e-04 | 0.0193 | 0.9510 | 0.9530 | 0.9534 | 0.0221 | 0.9427 | 0.9288 | 0.9205
0519 | 20:23:06 |  17.3s | 1.0e-04 | 0.0194 | 0.9509 | 0.9535 | 0.9539 | 0.0209 | 0.9511 | 0.9295 | 0.9315
0520 | 20:23:35 |  17.2s | 1.0e-04 | 0.0189 | 0.9512 | 0.9540 | 0.9545 | 0.0215 | 0.9390 | 0.9420 | 0.9306
0521 | 20:24:06 |  29.7s | 1.0e-04 | 0.0191 | 0.9520 | 0.9551 | 0.9558 | 0.0213 | 0.9362 | 0.9457 | 0.9317
0522 | 20:24:48 |  17.9s | 1.0e-04 | 0.0183 | 0.9516 | 0.9529 | 0.9542 | 0.0212 | 0.9432 | 0.9336 | 0.9267
0523 | 20:25:19 |  17.9s | 1.0e-04 | 0.0182 | 0.9521 | 0.9533 | 0.9553 | 0.0205 | 0.9388 | 0.9425 | 0.9312
0524 | 20:25:51 |  17.8s | 1.0e-04 | 0.0182 | 0.9516 | 0.9552 | 0.9564 | 0.0218 | 0.9289 | 0.9492 | 0.9278
0525 | 20:26:21 |  18.0s | 1.0e-04 | 0.0178 | 0.9516 | 0.9540 | 0.9548 | 0.0221 | 0.9443 | 0.9364 | 0.9291
0526 | 20:26:54 |  17.8s | 1.0e-04 | 0.0181 | 0.9529 | 0.9539 | 0.9561 | 0.0213 | 0.9377 | 0.9453 | 0.9326
0527 | 20:27:24 |  17.8s | 1.0e-04 | 0.0180 | 0.9517 | 0.9546 | 0.9558 | 0.0214 | 0.9459 | 0.9334 | 0.9323
0528 | 20:27:54 |  17.8s | 1.0e-04 | 0.0180 | 0.9520 | 0.9542 | 0.9560 | 0.0221 | 0.9357 | 0.9352 | 0.9187
0529 | 20:28:25 |  17.8s | 1.0e-04 | 0.0180 | 0.9532 | 0.9560 | 0.9579 | 0.0219 | 0.9431 | 0.9322 | 0.9293
0530 | 20:28:58 |  17.7s | 1.0e-04 | 0.0181 | 0.9519 | 0.9542 | 0.9557 | 0.0215 | 0.9453 | 0.9265 | 0.9225
0531 | 20:29:28 |  17.8s | 1.0e-04 | 0.0183 | 0.9514 | 0.9530 | 0.9536 | 0.0213 | 0.9400 | 0.9388 | 0.9285
0532 | 20:29:58 |  17.9s | 1.0e-04 | 0.0177 | 0.9528 | 0.9558 | 0.9578 | 0.0223 | 0.9320 | 0.9386 | 0.9199
0533 | 20:30:29 |  17.8s | 1.0e-04 | 0.0179 | 0.9522 | 0.9539 | 0.9552 | 0.0214 | 0.9439 | 0.9351 | 0.9298
0534 | 20:31:01 |  17.9s | 1.0e-04 | 0.0181 | 0.9527 | 0.9542 | 0.9567 | 0.0223 | 0.9375 | 0.9369 | 0.9244
0535 | 20:31:31 |  17.7s | 1.0e-04 | 0.0179 | 0.9525 | 0.9526 | 0.9545 | 0.0215 | 0.9413 | 0.9396 | 0.9296
0536 | 20:32:01 |  18.1s | 1.0e-04 | 0.0180 | 0.9522 | 0.9537 | 0.9549 | 0.0221 | 0.9378 | 0.9374 | 0.9232
0537 | 20:32:33 |  18.0s | 1.0e-04 | 0.0178 | 0.9512 | 0.9540 | 0.9546 | 0.0205 | 0.9426 | 0.9379 | 0.9325
0538 | 20:33:05 |  18.0s | 1.0e-04 | 0.0177 | 0.9524 | 0.9555 | 0.9573 | 0.0223 | 0.9276 | 0.9468 | 0.9234
0539 | 20:33:35 |  17.9s | 1.0e-04 | 0.0174 | 0.9526 | 0.9549 | 0.9567 | 0.0223 | 0.9397 | 0.9313 | 0.9181
0540 | 20:34:05 |  17.9s | 1.0e-04 | 0.0178 | 0.9529 | 0.9535 | 0.9558 | 0.0218 | 0.9535 | 0.9253 | 0.9324
0541 | 20:34:37 |  17.7s | 1.0e-04 | 0.0182 | 0.9526 | 0.9524 | 0.9548 | 0.0211 | 0.9443 | 0.9385 | 0.9335
0542 | 20:35:08 |  33.8s | 1.0e-04 | 0.0179 | 0.9542 | 0.9547 | 0.9576 | 0.0217 | 0.9311 | 0.9457 | 0.9252
0543 | 20:35:54 |  17.4s | 1.0e-04 | 0.0188 | 0.9504 | 0.9560 | 0.9546 | 0.0223 | 0.9425 | 0.9357 | 0.9276
0544 | 20:36:24 |  17.1s | 1.0e-04 | 0.0180 | 0.9537 | 0.9568 | 0.9593 | 0.0221 | 0.9263 | 0.9524 | 0.9296
0545 | 20:36:56 |  17.0s | 1.0e-04 | 0.0184 | 0.9534 | 0.9563 | 0.9585 | 0.0217 | 0.9448 | 0.9325 | 0.9279
0546 | 20:37:26 |  17.3s | 1.0e-04 | 0.0185 | 0.9534 | 0.9548 | 0.9576 | 0.0224 | 0.9281 | 0.9479 | 0.9250
0547 | 20:37:55 |  17.4s | 1.0e-04 | 0.0188 | 0.9537 | 0.9533 | 0.9564 | 0.0213 | 0.9340 | 0.9474 | 0.9303
0548 | 20:38:25 |  17.5s | 1.0e-04 | 0.0181 | 0.9547 | 0.9573 | 0.9602 | 0.0218 | 0.9380 | 0.9373 | 0.9222
0549 | 20:38:54 |  17.3s | 1.0e-04 | 0.0191 | 0.9530 | 0.9539 | 0.9562 | 0.0224 | 0.9327 | 0.9402 | 0.9208
0550 | 20:39:26 |  17.1s | 1.0e-04 | 0.0189 | 0.9530 | 0.9536 | 0.9557 | 0.0215 | 0.9418 | 0.9445 | 0.9355
0551 | 20:39:55 |  17.5s | 1.0e-04 | 0.0178 | 0.9549 | 0.9569 | 0.9602 | 0.0214 | 0.9405 | 0.9413 | 0.9295
0552 | 20:40:25 |  17.3s | 1.0e-04 | 0.0177 | 0.9551 | 0.9574 | 0.9604 | 0.0220 | 0.9375 | 0.9369 | 0.9239
0553 | 20:40:55 |  17.5s | 1.0e-04 | 0.0183 | 0.9521 | 0.9548 | 0.9564 | 0.0223 | 0.9371 | 0.9363 | 0.9243
0554 | 20:41:27 |  16.9s | 1.0e-04 | 0.0186 | 0.9535 | 0.9570 | 0.9596 | 0.0231 | 0.9328 | 0.9384 | 0.9198
0555 | 20:41:56 |  17.5s | 1.0e-04 | 0.0185 | 0.9535 | 0.9578 | 0.9601 | 0.0219 | 0.9367 | 0.9352 | 0.9217
0556 | 20:42:26 |  17.3s | 1.0e-04 | 0.0183 | 0.9546 | 0.9558 | 0.9593 | 0.0215 | 0.9369 | 0.9471 | 0.9336
0557 | 20:42:56 |  17.3s | 1.0e-04 | 0.0184 | 0.9528 | 0.9561 | 0.9576 | 0.0217 | 0.9521 | 0.9208 | 0.9263
0558 | 20:43:28 |  17.3s | 1.0e-04 | 0.0185 | 0.9533 | 0.9562 | 0.9583 | 0.0212 | 0.9379 | 0.9482 | 0.9360
0559 | 20:43:58 |  17.4s | 1.0e-04 | 0.0180 | 0.9539 | 0.9549 | 0.9582 | 0.0215 | 0.9365 | 0.9447 | 0.9319
0560 | 20:44:30 |  17.1s | 1.0e-04 | 0.0187 | 0.9531 | 0.9563 | 0.9585 | 0.0213 | 0.9435 | 0.9357 | 0.9287
0561 | 20:45:00 |  17.2s | 1.0e-04 | 0.0183 | 0.9538 | 0.9571 | 0.9594 | 0.0221 | 0.9322 | 0.9473 | 0.9296
0562 | 20:45:29 |  17.3s | 1.0e-04 | 0.0182 | 0.9537 | 0.9563 | 0.9590 | 0.0227 | 0.9320 | 0.9365 | 0.9177
0563 | 20:45:59 |  28.7s | 1.0e-04 | 0.0184 | 0.9518 | 0.9536 | 0.9545 | 0.0227 | 0.9442 | 0.9379 | 0.9304
0564 | 20:46:40 |  17.9s | 1.0e-04 | 0.0177 | 0.9526 | 0.9523 | 0.9546 | 0.0210 | 0.9362 | 0.9411 | 0.9274
0565 | 20:47:10 |  17.8s | 1.0e-04 | 0.0178 | 0.9513 | 0.9525 | 0.9533 | 0.0215 | 0.9362 | 0.9358 | 0.9199
0566 | 20:47:42 |  17.9s | 1.0e-04 | 0.0177 | 0.9527 | 0.9552 | 0.9567 | 0.0209 | 0.9439 | 0.9361 | 0.9292
0567 | 20:48:14 |  17.6s | 1.0e-04 | 0.0181 | 0.9518 | 0.9521 | 0.9536 | 0.0216 | 0.9422 | 0.9325 | 0.9269
0568 | 20:48:43 |  18.0s | 1.0e-04 | 0.0185 | 0.9498 | 0.9497 | 0.9494 | 0.0213 | 0.9383 | 0.9464 | 0.9332
0569 | 20:49:13 |  18.0s | 1.0e-04 | 0.0177 | 0.9519 | 0.9541 | 0.9555 | 0.0221 | 0.9383 | 0.9420 | 0.9299
0570 | 20:49:45 |  17.9s | 1.0e-04 | 0.0177 | 0.9535 | 0.9538 | 0.9564 | 0.0228 | 0.9367 | 0.9406 | 0.9259
0571 | 20:50:17 |  17.7s | 1.0e-04 | 0.0178 | 0.9531 | 0.9526 | 0.9552 | 0.0214 | 0.9420 | 0.9389 | 0.9310
0572 | 20:50:46 |  17.7s | 1.0e-04 | 0.0174 | 0.9540 | 0.9517 | 0.9551 | 0.0220 | 0.9354 | 0.9409 | 0.9240
0573 | 20:51:16 |  17.8s | 1.0e-04 | 0.0177 | 0.9548 | 0.9534 | 0.9575 | 0.0222 | 0.9428 | 0.9329 | 0.9274
0574 | 20:51:48 |  17.7s | 1.0e-04 | 0.0177 | 0.9531 | 0.9536 | 0.9562 | 0.0208 | 0.9328 | 0.9433 | 0.9265
0575 | 20:52:20 |  17.7s | 1.0e-04 | 0.0174 | 0.9526 | 0.9534 | 0.9561 | 0.0226 | 0.9321 | 0.9415 | 0.9228
0576 | 20:52:50 |  17.8s | 1.0e-04 | 0.0176 | 0.9526 | 0.9523 | 0.9546 | 0.0220 | 0.9342 | 0.9442 | 0.9297
0577 | 20:53:23 |  18.0s | 1.0e-04 | 0.0175 | 0.9515 | 0.9530 | 0.9546 | 0.0218 | 0.9458 | 0.9386 | 0.9341
0578 | 20:53:54 |  18.0s | 1.0e-04 | 0.0174 | 0.9537 | 0.9534 | 0.9569 | 0.0215 | 0.9507 | 0.9298 | 0.9296
0579 | 20:54:30 |  18.8s | 1.0e-04 | 0.0180 | 0.9523 | 0.9503 | 0.9526 | 0.0227 | 0.9324 | 0.9496 | 0.9321
0580 | 20:55:02 |  18.7s | 1.0e-04 | 0.0174 | 0.9528 | 0.9552 | 0.9569 | 0.0223 | 0.9350 | 0.9452 | 0.9295
0581 | 20:55:35 |  17.8s | 1.0e-04 | 0.0176 | 0.9540 | 0.9535 | 0.9569 | 0.0222 | 0.9457 | 0.9329 | 0.9302
0582 | 20:56:07 |  18.1s | 1.0e-04 | 0.0171 | 0.9538 | 0.9551 | 0.9591 | 0.0214 | 0.9454 | 0.9305 | 0.9258
0583 | 20:56:37 |  18.5s | 1.0e-04 | 0.0169 | 0.9542 | 0.9543 | 0.9585 | 0.0223 | 0.9451 | 0.9350 | 0.9293
0584 | 20:57:16 |  34.5s | 1.0e-04 | 0.0185 | 0.9519 | 0.9546 | 0.9552 | 0.0208 | 0.9376 | 0.9446 | 0.9317
0585 | 20:58:03 |  18.9s | 1.0e-04 | 0.0183 | 0.9527 | 0.9553 | 0.9574 | 0.0214 | 0.9414 | 0.9382 | 0.9287
0586 | 20:58:40 |  17.6s | 1.0e-04 | 0.0195 | 0.9501 | 0.9531 | 0.9530 | 0.0218 | 0.9298 | 0.9432 | 0.9228
0587 | 20:59:12 |  18.2s | 1.0e-04 | 0.0185 | 0.9529 | 0.9534 | 0.9555 | 0.0224 | 0.9216 | 0.9558 | 0.9302
0588 | 20:59:45 |  17.3s | 1.0e-04 | 0.0188 | 0.9506 | 0.9523 | 0.9525 | 0.0224 | 0.9184 | 0.9531 | 0.9234
0589 | 21:00:14 |  17.6s | 1.0e-04 | 0.0187 | 0.9528 | 0.9540 | 0.9562 | 0.0210 | 0.9345 | 0.9509 | 0.9352
0590 | 21:00:45 |  17.5s | 1.0e-04 | 0.0192 | 0.9501 | 0.9533 | 0.9533 | 0.0222 | 0.9521 | 0.9295 | 0.9342
0591 | 21:01:16 |  17.5s | 1.0e-04 | 0.0186 | 0.9533 | 0.9521 | 0.9549 | 0.0231 | 0.9472 | 0.9234 | 0.9211
0592 | 21:01:47 |  17.4s | 1.0e-04 | 0.0193 | 0.9510 | 0.9525 | 0.9533 | 0.0220 | 0.9411 | 0.9381 | 0.9280
0593 | 21:02:17 |  17.9s | 1.0e-04 | 0.0190 | 0.9502 | 0.9532 | 0.9524 | 0.0207 | 0.9499 | 0.9335 | 0.9337
0594 | 21:02:50 |  17.4s | 1.0e-04 | 0.0186 | 0.9532 | 0.9546 | 0.9571 | 0.0218 | 0.9366 | 0.9390 | 0.9235
0595 | 21:03:22 |  17.5s | 1.0e-04 | 0.0186 | 0.9511 | 0.9546 | 0.9549 | 0.0203 | 0.9438 | 0.9455 | 0.9387
0596 | 21:03:52 |  17.5s | 1.0e-04 | 0.0186 | 0.9511 | 0.9533 | 0.9540 | 0.0210 | 0.9347 | 0.9444 | 0.9277
0597 | 21:04:23 |  17.6s | 1.0e-04 | 0.0188 | 0.9512 | 0.9533 | 0.9542 | 0.0206 | 0.9439 | 0.9329 | 0.9252
0598 | 21:04:53 |  17.8s | 1.0e-04 | 0.0194 | 0.9520 | 0.9509 | 0.9526 | 0.0217 | 0.9411 | 0.9401 | 0.9307
0599 | 21:05:25 |  17.8s | 1.0e-04 | 0.0187 | 0.9527 | 0.9540 | 0.9557 | 0.0212 | 0.9452 | 0.9366 | 0.9315
0600 | 21:05:57 |  17.3s | 1.0e-04 | 0.0191 | 0.9500 | 0.9539 | 0.9536 | 0.0214 | 0.9343 | 0.9426 | 0.9251
0601 | 21:06:27 |  17.5s | 1.0e-04 | 0.0190 | 0.9520 | 0.9529 | 0.9540 | 0.0209 | 0.9438 | 0.9319 | 0.9268
0602 | 21:06:57 |  17.5s | 1.0e-04 | 0.0188 | 0.9520 | 0.9537 | 0.9563 | 0.0211 | 0.9337 | 0.9514 | 0.9348
0603 | 21:07:27 |  17.5s | 1.0e-04 | 0.0190 | 0.9511 | 0.9544 | 0.9551 | 0.0217 | 0.9490 | 0.9264 | 0.9303
0604 | 21:07:59 |  17.3s | 1.0e-04 | 0.0183 | 0.9533 | 0.9548 | 0.9572 | 0.0219 | 0.9340 | 0.9475 | 0.9317
0605 | 21:08:30 |  32.3s | 1.0e-04 | 0.0185 | 0.9539 | 0.9548 | 0.9578 | 0.0209 | 0.9359 | 0.9437 | 0.9275
0606 | 21:09:17 |  17.3s | 1.0e-04 | 0.0180 | 0.9537 | 0.9569 | 0.9589 | 0.0220 | 0.9320 | 0.9419 | 0.9229
0607 | 21:09:47 |  17.4s | 1.0e-04 | 0.0180 | 0.9531 | 0.9570 | 0.9583 | 0.0212 | 0.9491 | 0.9345 | 0.9355
0608 | 21:10:17 |  17.5s | 1.0e-04 | 0.0173 | 0.9556 | 0.9586 | 0.9618 | 0.0226 | 0.9455 | 0.9271 | 0.9237
0609 | 21:10:47 |  17.5s | 1.0e-04 | 0.0201 | 0.9545 | 0.9558 | 0.9596 | 0.0212 | 0.9415 | 0.9348 | 0.9264
0610 | 21:11:20 |  17.6s | 1.0e-04 | 0.0176 | 0.9552 | 0.9568 | 0.9615 | 0.0226 | 0.9358 | 0.9406 | 0.9248
0611 | 21:11:52 |  17.4s | 1.0e-04 | 0.0177 | 0.9551 | 0.9572 | 0.9608 | 0.0215 | 0.9425 | 0.9423 | 0.9340
0612 | 21:12:23 |  17.6s | 1.0e-04 | 0.0179 | 0.9543 | 0.9544 | 0.9582 | 0.0218 | 0.9395 | 0.9427 | 0.9311
0613 | 21:12:53 |  17.5s | 1.0e-04 | 0.0176 | 0.9551 | 0.9585 | 0.9612 | 0.0210 | 0.9401 | 0.9460 | 0.9364
0614 | 21:13:23 |  17.5s | 1.0e-04 | 0.0177 | 0.9551 | 0.9596 | 0.9627 | 0.0217 | 0.9420 | 0.9406 | 0.9344
0615 | 21:13:55 |  17.3s | 1.0e-04 | 0.0179 | 0.9534 | 0.9556 | 0.9585 | 0.0220 | 0.9439 | 0.9332 | 0.9257
0616 | 21:14:26 |  17.5s | 1.0e-04 | 0.0175 | 0.9553 | 0.9572 | 0.9612 | 0.0212 | 0.9376 | 0.9420 | 0.9243
0617 | 21:14:55 |  17.6s | 1.0e-04 | 0.0179 | 0.9550 | 0.9566 | 0.9611 | 0.0219 | 0.9396 | 0.9393 | 0.9284
0618 | 21:15:25 |  17.3s | 1.0e-04 | 0.0178 | 0.9541 | 0.9559 | 0.9590 | 0.0212 | 0.9502 | 0.9312 | 0.9298
0619 | 21:15:56 |  17.5s | 1.0e-04 | 0.0176 | 0.9557 | 0.9572 | 0.9606 | 0.0224 | 0.9362 | 0.9393 | 0.9233
0620 | 21:16:27 |  17.8s | 1.0e-04 | 0.0177 | 0.9549 | 0.9572 | 0.9609 | 0.0220 | 0.9324 | 0.9494 | 0.9316
0621 | 21:16:57 |  17.6s | 1.0e-04 | 0.0180 | 0.9547 | 0.9560 | 0.9606 | 0.0221 | 0.9479 | 0.9279 | 0.9288
0622 | 21:17:27 |  17.5s | 1.0e-04 | 0.0180 | 0.9528 | 0.9556 | 0.9576 | 0.0213 | 0.9388 | 0.9413 | 0.9308
0623 | 21:17:58 |  17.3s | 1.0e-04 | 0.0181 | 0.9549 | 0.9582 | 0.9607 | 0.0214 | 0.9399 | 0.9441 | 0.9346
0624 | 21:18:29 |  17.4s | 1.0e-04 | 0.0178 | 0.9536 | 0.9578 | 0.9602 | 0.0227 | 0.9419 | 0.9318 | 0.9213
0625 | 21:18:59 |  17.6s | 1.0e-04 | 0.0177 | 0.9551 | 0.9584 | 0.9613 | 0.0227 | 0.9392 | 0.9335 | 0.9212
0626 | 21:19:32 |  18.3s | 1.0e-04 | 0.0185 | 0.9514 | 0.9543 | 0.9558 | 0.0218 | 0.9417 | 0.9372 | 0.9277
0627 | 21:20:02 |  17.5s | 1.0e-04 | 0.0181 | 0.9525 | 0.9541 | 0.9563 | 0.0214 | 0.9423 | 0.9458 | 0.9373
0628 | 21:20:31 |  17.2s | 1.0e-04 | 0.0178 | 0.9534 | 0.9557 | 0.9580 | 0.0209 | 0.9412 | 0.9433 | 0.9337
0629 | 21:21:01 |  17.3s | 1.0e-04 | 0.0182 | 0.9513 | 0.9554 | 0.9556 | 0.0214 | 0.9318 | 0.9453 | 0.9274
0630 | 21:21:32 |  17.3s | 1.0e-04 | 0.0182 | 0.9530 | 0.9546 | 0.9571 | 0.0224 | 0.9325 | 0.9473 | 0.9278
0631 | 21:22:04 |  17.5s | 1.0e-04 | 0.0186 | 0.9525 | 0.9547 | 0.9564 | 0.0213 | 0.9335 | 0.9407 | 0.9245
0632 | 21:22:35 |  17.7s | 1.0e-04 | 0.0178 | 0.9544 | 0.9547 | 0.9579 | 0.0218 | 0.9404 | 0.9435 | 0.9341
0633 | 21:23:05 |  17.3s | 1.0e-04 | 0.0182 | 0.9534 | 0.9541 | 0.9567 | 0.0215 | 0.9396 | 0.9477 | 0.9375
0634 | 21:23:35 |  17.2s | 1.0e-04 | 0.0177 | 0.9555 | 0.9598 | 0.9622 | 0.0215 | 0.9460 | 0.9354 | 0.9326
0635 | 21:24:07 |  17.3s | 1.0e-04 | 0.0180 | 0.9535 | 0.9541 | 0.9573 | 0.0214 | 0.9438 | 0.9382 | 0.9327
0636 | 21:24:38 |  17.5s | 1.0e-04 | 0.0178 | 0.9530 | 0.9547 | 0.9570 | 0.0229 | 0.9378 | 0.9394 | 0.9252
0637 | 21:25:07 |  17.4s | 1.0e-04 | 0.0185 | 0.9511 | 0.9560 | 0.9558 | 0.0206 | 0.9432 | 0.9428 | 0.9352
0638 | 21:25:37 |  18.0s | 1.0e-04 | 0.0180 | 0.9542 | 0.9568 | 0.9596 | 0.0213 | 0.9395 | 0.9443 | 0.9337
0639 | 21:26:11 |  17.6s | 1.0e-04 | 0.0188 | 0.9529 | 0.9521 | 0.9547 | 0.0208 | 0.9465 | 0.9360 | 0.9296
0640 | 21:26:43 |  17.4s | 1.0e-04 | 0.0180 | 0.9541 | 0.9554 | 0.9589 | 0.0221 | 0.9388 | 0.9339 | 0.9205
0641 | 21:27:12 |  17.2s | 1.0e-04 | 0.0179 | 0.9537 | 0.9560 | 0.9595 | 0.0218 | 0.9345 | 0.9397 | 0.9238
0642 | 21:27:43 |  17.4s | 1.0e-04 | 0.0178 | 0.9538 | 0.9559 | 0.9584 | 0.0218 | 0.9306 | 0.9489 | 0.9289
0643 | 21:28:13 |  17.4s | 1.0e-04 | 0.0179 | 0.9538 | 0.9544 | 0.9576 | 0.0206 | 0.9468 | 0.9331 | 0.9293
0644 | 21:28:42 |  17.2s | 1.0e-04 | 0.0181 | 0.9533 | 0.9533 | 0.9563 | 0.0210 | 0.9324 | 0.9478 | 0.9308
0645 | 21:29:14 |  17.3s | 1.0e-04 | 0.0180 | 0.9546 | 0.9550 | 0.9581 | 0.0206 | 0.9437 | 0.9388 | 0.9320
0646 | 21:29:44 |  28.8s | 1.0e-04 | 0.0175 | 0.9542 | 0.9554 | 0.9578 | 0.0215 | 0.9416 | 0.9388 | 0.9309
0647 | 21:30:25 |  17.2s | 1.0e-04 | 0.0175 | 0.9561 | 0.9580 | 0.9627 | 0.0207 | 0.9466 | 0.9345 | 0.9303
0648 | 21:30:54 |  17.4s | 1.0e-04 | 0.0179 | 0.9540 | 0.9565 | 0.9592 | 0.0209 | 0.9342 | 0.9499 | 0.9342
0649 | 21:31:24 |  17.1s | 1.0e-04 | 0.0181 | 0.9548 | 0.9566 | 0.9604 | 0.0209 | 0.9382 | 0.9468 | 0.9329
0650 | 21:31:56 |  17.5s | 1.0e-04 | 0.0182 | 0.9563 | 0.9565 | 0.9610 | 0.0220 | 0.9384 | 0.9419 | 0.9300
0651 | 21:32:26 |  17.0s | 1.0e-04 | 0.0182 | 0.9542 | 0.9554 | 0.9587 | 0.0219 | 0.9379 | 0.9373 | 0.9232
0652 | 21:32:55 |  17.1s | 1.0e-04 | 0.0183 | 0.9539 | 0.9572 | 0.9602 | 0.0222 | 0.9388 | 0.9366 | 0.9274
0653 | 21:33:25 |  17.3s | 1.0e-04 | 0.0181 | 0.9544 | 0.9563 | 0.9597 | 0.0211 | 0.9470 | 0.9336 | 0.9280
0654 | 21:33:55 |  17.0s | 1.0e-04 | 0.0181 | 0.9537 | 0.9556 | 0.9586 | 0.0214 | 0.9495 | 0.9306 | 0.9309
0655 | 21:34:26 |  17.0s | 1.0e-04 | 0.0186 | 0.9528 | 0.9560 | 0.9573 | 0.0215 | 0.9394 | 0.9476 | 0.9378
0656 | 21:34:57 |  17.1s | 1.0e-04 | 0.0177 | 0.9542 | 0.9565 | 0.9597 | 0.0213 | 0.9394 | 0.9422 | 0.9320
0657 | 21:35:26 |  17.2s | 1.0e-04 | 0.0180 | 0.9542 | 0.9575 | 0.9608 | 0.0208 | 0.9436 | 0.9362 | 0.9309
0658 | 21:35:55 |  17.1s | 1.0e-04 | 0.0180 | 0.9538 | 0.9560 | 0.9596 | 0.0227 | 0.9323 | 0.9456 | 0.9262
0659 | 21:36:24 |  17.1s | 1.0e-04 | 0.0181 | 0.9539 | 0.9562 | 0.9593 | 0.0218 | 0.9398 | 0.9440 | 0.9334
0660 | 21:36:53 |  17.1s | 1.0e-04 | 0.0181 | 0.9551 | 0.9564 | 0.9602 | 0.0218 | 0.9399 | 0.9386 | 0.9266
0661 | 21:37:24 |  17.3s | 1.0e-04 | 0.0178 | 0.9556 | 0.9579 | 0.9617 | 0.0206 | 0.9222 | 0.9551 | 0.9295
0662 | 21:37:55 |  17.2s | 1.0e-04 | 0.0180 | 0.9544 | 0.9570 | 0.9604 | 0.0233 | 0.9329 | 0.9470 | 0.9294
0663 | 21:38:24 |  17.2s | 1.0e-04 | 0.0177 | 0.9557 | 0.9585 | 0.9627 | 0.0215 | 0.9412 | 0.9391 | 0.9290
0664 | 21:38:55 |  17.2s | 1.0e-04 | 0.0180 | 0.9540 | 0.9570 | 0.9598 | 0.0215 | 0.9379 | 0.9374 | 0.9233
0665 | 21:39:26 |  17.1s | 1.0e-04 | 0.0177 | 0.9545 | 0.9566 | 0.9597 | 0.0212 | 0.9373 | 0.9456 | 0.9318
0666 | 21:39:55 |  16.9s | 1.0e-04 | 0.0183 | 0.9537 | 0.9563 | 0.9592 | 0.0209 | 0.9395 | 0.9436 | 0.9318
0667 | 21:40:24 |  31.3s | 1.0e-04 | 0.0179 | 0.9548 | 0.9560 | 0.9605 | 0.0204 | 0.9423 | 0.9423 | 0.9311
0668 | 21:41:07 |  17.5s | 1.0e-04 | 0.0183 | 0.9520 | 0.9554 | 0.9569 | 0.0225 | 0.9359 | 0.9388 | 0.9242
0669 | 21:41:37 |  17.6s | 1.0e-04 | 0.0180 | 0.9533 | 0.9554 | 0.9577 | 0.0213 | 0.9456 | 0.9388 | 0.9355
0670 | 21:42:07 |  17.5s | 1.0e-04 | 0.0180 | 0.9532 | 0.9545 | 0.9571 | 0.0215 | 0.9432 | 0.9412 | 0.9365
0671 | 21:42:40 |  17.5s | 1.0e-04 | 0.0179 | 0.9530 | 0.9563 | 0.9589 | 0.0222 | 0.9412 | 0.9382 | 0.9269
0672 | 21:43:09 |  17.4s | 1.0e-04 | 0.0182 | 0.9535 | 0.9549 | 0.9572 | 0.0213 | 0.9360 | 0.9443 | 0.9307
0673 | 21:43:39 |  17.7s | 1.0e-04 | 0.0182 | 0.9528 | 0.9541 | 0.9564 | 0.0207 | 0.9383 | 0.9451 | 0.9326
0674 | 21:44:08 |  17.7s | 1.0e-04 | 0.0185 | 0.9520 | 0.9550 | 0.9557 | 0.0231 | 0.9385 | 0.9407 | 0.9276
0675 | 21:44:40 |  17.5s | 1.0e-04 | 0.0178 | 0.9545 | 0.9553 | 0.9599 | 0.0216 | 0.9434 | 0.9322 | 0.9252
0676 | 21:45:11 |  17.6s | 1.0e-04 | 0.0181 | 0.9531 | 0.9534 | 0.9562 | 0.0217 | 0.9496 | 0.9319 | 0.9349
0677 | 21:45:43 |  17.5s | 1.0e-04 | 0.0183 | 0.9536 | 0.9538 | 0.9569 | 0.0217 | 0.9329 | 0.9437 | 0.9260
0678 | 21:46:13 |  17.5s | 1.0e-04 | 0.0182 | 0.9543 | 0.9553 | 0.9580 | 0.0207 | 0.9415 | 0.9460 | 0.9375
0679 | 21:46:43 |  17.4s | 1.0e-04 | 0.0181 | 0.9534 | 0.9549 | 0.9575 | 0.0211 | 0.9439 | 0.9413 | 0.9341
0680 | 21:47:13 |  17.8s | 1.0e-04 | 0.0181 | 0.9529 | 0.9557 | 0.9575 | 0.0209 | 0.9359 | 0.9421 | 0.9304
0681 | 21:47:43 |  17.4s | 1.0e-04 | 0.0187 | 0.9515 | 0.9552 | 0.9556 | 0.0199 | 0.9438 | 0.9417 | 0.9338
0682 | 21:48:12 |  17.5s | 1.0e-04 | 0.0184 | 0.9538 | 0.9533 | 0.9567 | 0.0219 | 0.9304 | 0.9510 | 0.9314
0683 | 21:48:43 |  17.5s | 1.0e-04 | 0.0187 | 0.9516 | 0.9537 | 0.9548 | 0.0223 | 0.9381 | 0.9370 | 0.9254
0684 | 21:49:14 |  17.6s | 1.0e-04 | 0.0179 | 0.9519 | 0.9556 | 0.9562 | 0.0205 | 0.9362 | 0.9409 | 0.9260
0685 | 21:49:44 |  17.6s | 1.0e-04 | 0.0180 | 0.9520 | 0.9549 | 0.9560 | 0.0204 | 0.9496 | 0.9350 | 0.9371
0686 | 21:50:13 |  17.7s | 1.0e-04 | 0.0182 | 0.9522 | 0.9543 | 0.9560 | 0.0195 | 0.9437 | 0.9481 | 0.9418
0687 | 21:50:43 |  17.5s | 1.0e-04 | 0.0180 | 0.9522 | 0.9558 | 0.9569 | 0.0200 | 0.9477 | 0.9397 | 0.9357
0688 | 21:51:15 |  32.6s | 1.0e-04 | 0.0176 | 0.9537 | 0.9546 | 0.9571 | 0.0214 | 0.9456 | 0.9347 | 0.9317
0689 | 21:52:00 |  17.8s | 1.0e-04 | 0.0177 | 0.9536 | 0.9527 | 0.9562 | 0.0218 | 0.9440 | 0.9363 | 0.9303
0690 | 21:52:32 |  17.7s | 1.0e-04 | 0.0174 | 0.9532 | 0.9557 | 0.9570 | 0.0219 | 0.9392 | 0.9418 | 0.9306
0691 | 21:53:02 |  17.9s | 1.0e-04 | 0.0171 | 0.9545 | 0.9552 | 0.9602 | 0.0205 | 0.9381 | 0.9471 | 0.9352
0692 | 21:53:32 |  17.8s | 1.0e-04 | 0.0172 | 0.9550 | 0.9555 | 0.9602 | 0.0219 | 0.9438 | 0.9400 | 0.9332
0693 | 21:54:03 |  17.6s | 1.0e-04 | 0.0171 | 0.9549 | 0.9575 | 0.9613 | 0.0217 | 0.9356 | 0.9379 | 0.9198
0694 | 21:54:35 |  17.7s | 1.0e-04 | 0.0172 | 0.9546 | 0.9566 | 0.9606 | 0.0220 | 0.9446 | 0.9377 | 0.9314
0695 | 21:55:04 |  17.9s | 1.0e-04 | 0.0178 | 0.9522 | 0.9543 | 0.9559 | 0.0208 | 0.9432 | 0.9392 | 0.9345
0696 | 21:55:34 |  18.0s | 1.0e-04 | 0.0173 | 0.9539 | 0.9545 | 0.9579 | 0.0215 | 0.9413 | 0.9382 | 0.9274
0697 | 21:56:04 |  18.0s | 1.0e-04 | 0.0173 | 0.9543 | 0.9561 | 0.9594 | 0.0223 | 0.9251 | 0.9535 | 0.9278
0698 | 21:56:34 |  17.8s | 1.0e-04 | 0.0173 | 0.9534 | 0.9571 | 0.9592 | 0.0209 | 0.9483 | 0.9366 | 0.9345
0699 | 21:57:04 |  17.7s | 1.0e-04 | 0.0170 | 0.9544 | 0.9547 | 0.9585 | 0.0215 | 0.9374 | 0.9430 | 0.9281
0700 | 21:57:37 |  17.9s | 1.0e-04 | 0.0175 | 0.9544 | 0.9557 | 0.9590 | 0.0215 | 0.9357 | 0.9385 | 0.9239
0701 | 21:58:07 |  17.8s | 1.0e-04 | 0.0174 | 0.9550 | 0.9555 | 0.9589 | 0.0226 | 0.9333 | 0.9437 | 0.9256
0702 | 21:58:37 |  17.9s | 1.0e-04 | 0.0171 | 0.9530 | 0.9555 | 0.9574 | 0.0216 | 0.9333 | 0.9372 | 0.9212
0703 | 21:59:07 |  17.7s | 1.0e-04 | 0.0175 | 0.9533 | 0.9556 | 0.9580 | 0.0194 | 0.9380 | 0.9504 | 0.9381
0704 | 21:59:39 |  17.6s | 1.0e-04 | 0.0173 | 0.9541 | 0.9559 | 0.9587 | 0.0215 | 0.9430 | 0.9362 | 0.9270
0705 | 22:00:09 |  17.8s | 1.0e-04 | 0.0174 | 0.9531 | 0.9562 | 0.9580 | 0.0210 | 0.9344 | 0.9440 | 0.9271
0706 | 22:00:39 |  17.8s | 1.0e-04 | 0.0172 | 0.9550 | 0.9554 | 0.9589 | 0.0206 | 0.9440 | 0.9402 | 0.9348
0707 | 22:01:11 |  17.8s | 1.0e-04 | 0.0170 | 0.9548 | 0.9560 | 0.9593 | 0.0205 | 0.9447 | 0.9419 | 0.9366
0708 | 22:01:42 |  17.9s | 1.0e-04 | 0.0174 | 0.9531 | 0.9554 | 0.9574 | 0.0213 | 0.9467 | 0.9346 | 0.9326
0709 | 22:02:12 |  30.4s | 1.0e-04 | 0.0178 | 0.9532 | 0.9544 | 0.9563 | 0.0213 | 0.9341 | 0.9471 | 0.9311
0710 | 22:02:54 |  16.8s | 1.0e-04 | 0.0169 | 0.9541 | 0.9568 | 0.9595 | 0.0228 | 0.9494 | 0.9316 | 0.9303
0711 | 22:03:25 |  16.8s | 1.0e-04 | 0.0172 | 0.9552 | 0.9569 | 0.9612 | 0.0214 | 0.9398 | 0.9425 | 0.9327
0712 | 22:03:56 |  17.0s | 1.0e-04 | 0.0176 | 0.9535 | 0.9552 | 0.9573 | 0.0210 | 0.9367 | 0.9465 | 0.9327
0713 | 22:04:25 |  17.7s | 1.0e-04 | 0.0177 | 0.9527 | 0.9551 | 0.9577 | 0.0212 | 0.9468 | 0.9320 | 0.9285
0714 | 22:04:55 |  17.2s | 1.0e-04 | 0.0179 | 0.9546 | 0.9531 | 0.9569 | 0.0213 | 0.9362 | 0.9471 | 0.9334
0715 | 22:05:24 |  17.0s | 1.0e-04 | 0.0178 | 0.9539 | 0.9545 | 0.9575 | 0.0209 | 0.9370 | 0.9406 | 0.9288
0716 | 22:05:55 |  17.0s | 1.0e-04 | 0.0177 | 0.9540 | 0.9554 | 0.9586 | 0.0224 | 0.9428 | 0.9410 | 0.9351
0717 | 22:06:26 |  17.0s | 1.0e-04 | 0.0176 | 0.9542 | 0.9565 | 0.9591 | 0.0215 | 0.9428 | 0.9414 | 0.9317
0718 | 22:06:55 |  17.2s | 1.0e-04 | 0.0177 | 0.9523 | 0.9544 | 0.9561 | 0.0215 | 0.9347 | 0.9511 | 0.9355
0719 | 22:07:25 |  17.1s | 1.0e-04 | 0.0182 | 0.9522 | 0.9540 | 0.9554 | 0.0196 | 0.9441 | 0.9429 | 0.9384
0720 | 22:07:54 |  17.0s | 1.0e-04 | 0.0176 | 0.9525 | 0.9539 | 0.9567 | 0.0209 | 0.9425 | 0.9408 | 0.9351
0721 | 22:08:23 |  17.0s | 1.0e-04 | 0.0174 | 0.9552 | 0.9562 | 0.9599 | 0.0222 | 0.9397 | 0.9406 | 0.9327
0722 | 22:08:54 |  17.0s | 1.0e-04 | 0.0171 | 0.9535 | 0.9570 | 0.9591 | 0.0207 | 0.9421 | 0.9349 | 0.9290
0723 | 22:09:23 |  16.8s | 1.0e-04 | 0.0177 | 0.9526 | 0.9565 | 0.9585 | 0.0217 | 0.9474 | 0.9346 | 0.9319
0724 | 22:09:52 |  17.0s | 1.0e-04 | 0.0180 | 0.9524 | 0.9553 | 0.9566 | 0.0211 | 0.9445 | 0.9339 | 0.9285
0725 | 22:10:23 |  16.9s | 1.0e-04 | 0.0174 | 0.9527 | 0.9546 | 0.9566 | 0.0210 | 0.9459 | 0.9373 | 0.9320
0726 | 22:10:54 |  17.0s | 1.0e-04 | 0.0174 | 0.9528 | 0.9563 | 0.9577 | 0.0208 | 0.9406 | 0.9415 | 0.9301
0727 | 22:11:24 |  16.8s | 1.0e-04 | 0.0175 | 0.9543 | 0.9562 | 0.9601 | 0.0225 | 0.9328 | 0.9520 | 0.9348
0728 | 22:11:55 |  16.8s | 1.0e-04 | 0.0177 | 0.9535 | 0.9561 | 0.9580 | 0.0208 | 0.9374 | 0.9450 | 0.9301
0729 | 22:12:24 |  17.3s | 1.0e-04 | 0.0178 | 0.9530 | 0.9557 | 0.9579 | 0.0224 | 0.9470 | 0.9263 | 0.9218
0730 | 22:12:54 |  29.5s | 1.0e-04 | 0.0184 | 0.9537 | 0.9543 | 0.9575 | 0.0204 | 0.9487 | 0.9379 | 0.9374
0731 | 22:13:36 |  17.3s | 1.0e-04 | 0.0185 | 0.9536 | 0.9550 | 0.9572 | 0.0207 | 0.9312 | 0.9545 | 0.9358
0732 | 22:14:08 |  17.3s | 1.0e-04 | 0.0181 | 0.9548 | 0.9556 | 0.9593 | 0.0212 | 0.9437 | 0.9431 | 0.9364
0733 | 22:14:38 |  17.5s | 1.0e-04 | 0.0179 | 0.9544 | 0.9573 | 0.9602 | 0.0222 | 0.9332 | 0.9447 | 0.9276
0734 | 22:15:08 |  17.4s | 1.0e-04 | 0.0178 | 0.9533 | 0.9581 | 0.9596 | 0.0221 | 0.9263 | 0.9528 | 0.9300
0735 | 22:15:40 |  17.3s | 1.0e-04 | 0.0177 | 0.9553 | 0.9570 | 0.9609 | 0.0208 | 0.9462 | 0.9370 | 0.9311
0736 | 22:16:10 |  17.4s | 1.0e-04 | 0.0180 | 0.9552 | 0.9561 | 0.9591 | 0.0211 | 0.9382 | 0.9453 | 0.9335
0737 | 22:16:40 |  17.3s | 1.0e-04 | 0.0179 | 0.9540 | 0.9565 | 0.9592 | 0.0208 | 0.9388 | 0.9462 | 0.9359
0738 | 22:17:09 |  17.3s | 1.0e-04 | 0.0185 | 0.9526 | 0.9554 | 0.9571 | 0.0215 | 0.9312 | 0.9474 | 0.9284
0739 | 22:17:41 |  17.2s | 1.0e-04 | 0.0182 | 0.9527 | 0.9555 | 0.9573 | 0.0213 | 0.9378 | 0.9486 | 0.9368
0740 | 22:18:12 |  17.3s | 1.0e-04 | 0.0180 | 0.9536 | 0.9553 | 0.9580 | 0.0216 | 0.9395 | 0.9448 | 0.9328
0741 | 22:18:42 |  17.3s | 1.0e-04 | 0.0180 | 0.9545 | 0.9557 | 0.9590 | 0.0214 | 0.9388 | 0.9407 | 0.9289
0742 | 22:19:11 |  17.3s | 1.0e-04 | 0.0185 | 0.9535 | 0.9546 | 0.9567 | 0.0210 | 0.9353 | 0.9487 | 0.9336
0743 | 22:19:43 |  17.4s | 1.0e-04 | 0.0181 | 0.9540 | 0.9548 | 0.9579 | 0.0215 | 0.9381 | 0.9398 | 0.9280
0744 | 22:20:14 |  17.2s | 1.0e-04 | 0.0178 | 0.9535 | 0.9571 | 0.9591 | 0.0215 | 0.9430 | 0.9349 | 0.9287
0745 | 22:20:45 |  17.4s | 1.0e-04 | 0.0185 | 0.9515 | 0.9553 | 0.9559 | 0.0214 | 0.9499 | 0.9280 | 0.9303
0746 | 22:21:16 |  17.4s | 1.0e-04 | 0.0182 | 0.9537 | 0.9539 | 0.9569 | 0.0208 | 0.9458 | 0.9337 | 0.9274
0747 | 22:21:45 |  17.2s | 1.0e-04 | 0.0174 | 0.9547 | 0.9583 | 0.9611 | 0.0207 | 0.9356 | 0.9533 | 0.9403
0748 | 22:22:17 |  17.2s | 1.0e-04 | 0.0178 | 0.9548 | 0.9556 | 0.9596 | 0.0205 | 0.9374 | 0.9431 | 0.9286
0749 | 22:22:47 |  17.3s | 1.0e-04 | 0.0180 | 0.9533 | 0.9571 | 0.9590 | 0.0201 | 0.9432 | 0.9450 | 0.9379
0750 | 22:23:18 |  17.1s | 1.0e-04 | 0.0178 | 0.9522 | 0.9559 | 0.9576 | 0.0205 | 0.9401 | 0.9483 | 0.9384
0751 | 22:23:51 |  17.7s | 1.0e-04 | 0.0182 | 0.9526 | 0.9541 | 0.9565 | 0.0218 | 0.9429 | 0.9291 | 0.9208
0752 | 22:24:21 |  17.4s | 1.0e-04 | 0.0177 | 0.9538 | 0.9549 | 0.9572 | 0.0221 | 0.9345 | 0.9454 | 0.9295
0753 | 22:24:51 |  17.6s | 1.0e-04 | 0.0185 | 0.9504 | 0.9516 | 0.9515 | 0.0206 | 0.9433 | 0.9447 | 0.9376
0754 | 22:25:22 |  17.5s | 1.0e-04 | 0.0184 | 0.9532 | 0.9539 | 0.9569 | 0.0209 | 0.9501 | 0.9307 | 0.9316
0755 | 22:25:54 |  17.4s | 1.0e-04 | 0.0181 | 0.9521 | 0.9536 | 0.9547 | 0.0213 | 0.9353 | 0.9484 | 0.9340
0756 | 22:26:23 |  17.6s | 1.0e-04 | 0.0183 | 0.9519 | 0.9534 | 0.9546 | 0.0224 | 0.9326 | 0.9432 | 0.9251
0757 | 22:26:53 |  17.6s | 1.0e-04 | 0.0183 | 0.9518 | 0.9543 | 0.9550 | 0.0202 | 0.9400 | 0.9514 | 0.9417
0758 | 22:27:24 |  17.5s | 1.0e-04 | 0.0186 | 0.9503 | 0.9537 | 0.9530 | 0.0210 | 0.9396 | 0.9368 | 0.9263
0759 | 22:27:56 |  17.6s | 1.0e-04 | 0.0188 | 0.9507 | 0.9535 | 0.9543 | 0.0213 | 0.9408 | 0.9407 | 0.9294
0760 | 22:28:27 |  17.6s | 1.0e-04 | 0.0184 | 0.9515 | 0.9529 | 0.9538 | 0.0205 | 0.9419 | 0.9424 | 0.9350
0761 | 22:28:57 |  17.8s | 1.0e-04 | 0.0180 | 0.9525 | 0.9552 | 0.9562 | 0.0199 | 0.9489 | 0.9368 | 0.9370
0762 | 22:29:26 |  17.8s | 1.0e-04 | 0.0186 | 0.9526 | 0.9524 | 0.9553 | 0.0214 | 0.9444 | 0.9311 | 0.9293
0763 | 22:29:57 |  17.9s | 1.0e-04 | 0.0179 | 0.9528 | 0.9553 | 0.9580 | 0.0211 | 0.9232 | 0.9558 | 0.9311
0764 | 22:30:29 |  17.7s | 1.0e-04 | 0.0182 | 0.9532 | 0.9547 | 0.9571 | 0.0218 | 0.9342 | 0.9478 | 0.9308
0765 | 22:31:02 |  17.7s | 1.0e-04 | 0.0185 | 0.9515 | 0.9529 | 0.9538 | 0.0214 | 0.9497 | 0.9375 | 0.9353
0766 | 22:31:34 |  17.6s | 1.0e-04 | 0.0185 | 0.9520 | 0.9533 | 0.9548 | 0.0202 | 0.9393 | 0.9451 | 0.9343
0767 | 22:32:04 |  17.8s | 1.0e-04 | 0.0182 | 0.9531 | 0.9547 | 0.9571 | 0.0219 | 0.9431 | 0.9425 | 0.9379
0768 | 22:32:36 |  17.7s | 1.0e-04 | 0.0182 | 0.9521 | 0.9534 | 0.9547 | 0.0203 | 0.9536 | 0.9357 | 0.9423
0769 | 22:33:06 |  17.8s | 1.0e-04 | 0.0184 | 0.9514 | 0.9531 | 0.9538 | 0.0210 | 0.9421 | 0.9333 | 0.9240
0770 | 22:33:36 |  17.6s | 1.0e-04 | 0.0179 | 0.9544 | 0.9554 | 0.9591 | 0.0207 | 0.9432 | 0.9377 | 0.9308
0771 | 22:34:08 |  32.5s | 1.0e-04 | 0.0174 | 0.9530 | 0.9554 | 0.9576 | 0.0205 | 0.9367 | 0.9403 | 0.9270
0772 | 22:34:53 |  17.1s | 1.0e-04 | 0.0170 | 0.9575 | 0.9594 | 0.9647 | 0.0207 | 0.9506 | 0.9396 | 0.9399
0773 | 22:35:24 |  16.7s | 1.0e-04 | 0.0173 | 0.9569 | 0.9600 | 0.9644 | 0.0221 | 0.9373 | 0.9454 | 0.9315
0774 | 22:35:55 |  17.0s | 1.0e-04 | 0.0177 | 0.9556 | 0.9585 | 0.9617 | 0.0201 | 0.9431 | 0.9514 | 0.9447
0775 | 22:36:24 |  16.9s | 1.0e-04 | 0.0178 | 0.9563 | 0.9591 | 0.9627 | 0.0219 | 0.9420 | 0.9350 | 0.9292
0776 | 22:36:53 |  16.8s | 1.0e-04 | 0.0172 | 0.9569 | 0.9593 | 0.9645 | 0.0205 | 0.9423 | 0.9398 | 0.9333
0777 | 22:37:23 |  17.0s | 1.0e-04 | 0.0170 | 0.9559 | 0.9594 | 0.9638 | 0.0223 | 0.9347 | 0.9441 | 0.9285
0778 | 22:37:55 |  16.9s | 1.0e-04 | 0.0173 | 0.9554 | 0.9601 | 0.9638 | 0.0206 | 0.9520 | 0.9311 | 0.9345
0779 | 22:38:25 |  16.8s | 1.0e-04 | 0.0172 | 0.9568 | 0.9594 | 0.9635 | 0.0221 | 0.9388 | 0.9417 | 0.9305
0780 | 22:38:57 |  17.1s | 1.0e-04 | 0.0171 | 0.9564 | 0.9593 | 0.9644 | 0.0223 | 0.9409 | 0.9402 | 0.9293
0781 | 22:39:26 |  17.1s | 1.0e-04 | 0.0176 | 0.9562 | 0.9585 | 0.9634 | 0.0224 | 0.9538 | 0.9275 | 0.9337
0782 | 22:39:55 |  17.1s | 1.0e-04 | 0.0172 | 0.9579 | 0.9599 | 0.9654 | 0.0214 | 0.9435 | 0.9432 | 0.9372
0783 | 22:40:28 |  17.6s | 1.0e-04 | 0.0176 | 0.9557 | 0.9596 | 0.9631 | 0.0197 | 0.9469 | 0.9410 | 0.9396
0784 | 22:40:58 |  17.0s | 1.0e-04 | 0.0174 | 0.9564 | 0.9579 | 0.9632 | 0.0207 | 0.9507 | 0.9338 | 0.9348
0785 | 22:41:27 |  16.8s | 1.0e-04 | 0.0179 | 0.9552 | 0.9574 | 0.9616 | 0.0206 | 0.9456 | 0.9384 | 0.9323
0786 | 22:41:58 |  17.0s | 1.0e-04 | 0.0175 | 0.9570 | 0.9607 | 0.9646 | 0.0205 | 0.9457 | 0.9368 | 0.9302
0787 | 22:42:29 |  17.1s | 1.0e-04 | 0.0174 | 0.9566 | 0.9602 | 0.9629 | 0.0208 | 0.9464 | 0.9335 | 0.9293
0788 | 22:42:59 |  17.0s | 1.0e-04 | 0.0172 | 0.9570 | 0.9596 | 0.9651 | 0.0220 | 0.9443 | 0.9267 | 0.9194
0789 | 22:43:28 |  17.0s | 1.0e-04 | 0.0170 | 0.9569 | 0.9588 | 0.9632 | 0.0206 | 0.9338 | 0.9485 | 0.9320
0790 | 22:43:57 |  16.8s | 1.0e-04 | 0.0172 | 0.9560 | 0.9586 | 0.9633 | 0.0217 | 0.9373 | 0.9390 | 0.9264
0791 | 22:44:28 |  17.0s | 1.0e-04 | 0.0175 | 0.9559 | 0.9583 | 0.9622 | 0.0216 | 0.9392 | 0.9394 | 0.9271
0792 | 22:44:59 |  30.0s | 1.0e-04 | 0.0171 | 0.9564 | 0.9599 | 0.9636 | 0.0217 | 0.9466 | 0.9299 | 0.9260
0793 | 22:45:43 |  17.4s | 1.0e-04 | 0.0173 | 0.9560 | 0.9582 | 0.9628 | 0.0210 | 0.9469 | 0.9338 | 0.9313
0794 | 22:46:14 |  17.8s | 1.0e-04 | 0.0168 | 0.9559 | 0.9584 | 0.9632 | 0.0211 | 0.9450 | 0.9337 | 0.9305
0795 | 22:46:44 |  17.6s | 1.0e-04 | 0.0168 | 0.9567 | 0.9583 | 0.9642 | 0.0205 | 0.9399 | 0.9437 | 0.9326
0796 | 22:47:14 |  17.8s | 1.0e-04 | 0.0171 | 0.9550 | 0.9596 | 0.9636 | 0.0212 | 0.9384 | 0.9464 | 0.9353
0797 | 22:47:45 |  17.4s | 1.0e-04 | 0.0169 | 0.9576 | 0.9594 | 0.9643 | 0.0213 | 0.9456 | 0.9341 | 0.9321
0798 | 22:48:17 |  17.8s | 1.0e-04 | 0.0170 | 0.9562 | 0.9580 | 0.9624 | 0.0208 | 0.9427 | 0.9396 | 0.9320
0799 | 22:48:47 |  17.4s | 1.0e-04 | 0.0172 | 0.9556 | 0.9582 | 0.9625 | 0.0216 | 0.9420 | 0.9358 | 0.9282
0800 | 22:49:17 |  17.5s | 1.0e-04 | 0.0172 | 0.9574 | 0.9578 | 0.9637 | 0.0224 | 0.9413 | 0.9336 | 0.9251
0801 | 22:49:46 |  17.5s | 1.0e-04 | 0.0168 | 0.9567 | 0.9594 | 0.9646 | 0.0210 | 0.9392 | 0.9444 | 0.9327
0802 | 22:50:16 |  17.7s | 1.0e-04 | 0.0170 | 0.9554 | 0.9583 | 0.9618 | 0.0208 | 0.9397 | 0.9442 | 0.9306
0803 | 22:50:47 |  17.5s | 1.0e-04 | 0.0173 | 0.9550 | 0.9598 | 0.9622 | 0.0209 | 0.9401 | 0.9442 | 0.9331
0804 | 22:51:19 |  17.4s | 1.0e-04 | 0.0168 | 0.9579 | 0.9588 | 0.9650 | 0.0223 | 0.9372 | 0.9414 | 0.9295
0805 | 22:51:49 |  17.4s | 1.0e-04 | 0.0174 | 0.9542 | 0.9582 | 0.9608 | 0.0212 | 0.9356 | 0.9441 | 0.9311
0806 | 22:52:18 |  17.7s | 1.0e-04 | 0.0172 | 0.9558 | 0.9595 | 0.9629 | 0.0207 | 0.9440 | 0.9496 | 0.9434
0807 | 22:52:49 |  17.9s | 1.0e-04 | 0.0167 | 0.9558 | 0.9586 | 0.9633 | 0.0204 | 0.9443 | 0.9351 | 0.9303
0808 | 22:53:21 |  17.6s | 1.0e-04 | 0.0168 | 0.9574 | 0.9598 | 0.9640 | 0.0219 | 0.9413 | 0.9368 | 0.9264
0809 | 22:53:51 |  17.8s | 1.0e-04 | 0.0172 | 0.9556 | 0.9587 | 0.9629 | 0.0209 | 0.9397 | 0.9402 | 0.9309
0810 | 22:54:21 |  17.5s | 1.0e-04 | 0.0170 | 0.9560 | 0.9604 | 0.9638 | 0.0215 | 0.9323 | 0.9425 | 0.9265
0811 | 22:54:52 |  17.3s | 1.0e-04 | 0.0169 | 0.9564 | 0.9587 | 0.9631 | 0.0230 | 0.9488 | 0.9344 | 0.9339
0812 | 22:55:24 |  17.7s | 1.0e-04 | 0.0174 | 0.9548 | 0.9586 | 0.9616 | 0.0210 | 0.9437 | 0.9396 | 0.9337
0813 | 22:55:54 |  27.6s | 1.0e-04 | 0.0168 | 0.9546 | 0.9579 | 0.9608 | 0.0214 | 0.9394 | 0.9417 | 0.9293
0814 | 22:56:33 |  17.2s | 1.0e-04 | 0.0162 | 0.9564 | 0.9583 | 0.9626 | 0.0216 | 0.9352 | 0.9436 | 0.9286
0815 | 22:57:04 |  16.9s | 1.0e-04 | 0.0174 | 0.9531 | 0.9560 | 0.9581 | 0.0212 | 0.9404 | 0.9382 | 0.9271
0816 | 22:57:35 |  17.4s | 1.0e-04 | 0.0168 | 0.9547 | 0.9563 | 0.9600 | 0.0214 | 0.9405 | 0.9367 | 0.9268
0817 | 22:58:08 |  17.2s | 1.0e-04 | 0.0168 | 0.9540 | 0.9567 | 0.9595 | 0.0204 | 0.9430 | 0.9385 | 0.9344
0818 | 22:58:37 |  17.1s | 1.0e-04 | 0.0167 | 0.9555 | 0.9578 | 0.9619 | 0.0209 | 0.9420 | 0.9476 | 0.9404
0819 | 22:59:06 |  17.3s | 1.0e-04 | 0.0169 | 0.9543 | 0.9581 | 0.9607 | 0.0205 | 0.9419 | 0.9420 | 0.9330
0820 | 22:59:37 |  16.9s | 1.0e-04 | 0.0168 | 0.9544 | 0.9584 | 0.9611 | 0.0214 | 0.9446 | 0.9354 | 0.9280
0821 | 23:00:09 |  17.2s | 1.0e-04 | 0.0167 | 0.9546 | 0.9581 | 0.9611 | 0.0212 | 0.9383 | 0.9404 | 0.9267
0822 | 23:00:38 |  17.3s | 1.0e-04 | 0.0166 | 0.9538 | 0.9583 | 0.9600 | 0.0206 | 0.9405 | 0.9410 | 0.9307
0823 | 23:01:07 |  17.1s | 1.0e-04 | 0.0173 | 0.9536 | 0.9563 | 0.9584 | 0.0201 | 0.9389 | 0.9485 | 0.9367
0824 | 23:01:37 |  17.0s | 1.0e-04 | 0.0168 | 0.9563 | 0.9563 | 0.9614 | 0.0205 | 0.9293 | 0.9550 | 0.9368
0825 | 23:02:09 |  17.1s | 1.0e-04 | 0.0173 | 0.9529 | 0.9560 | 0.9581 | 0.0207 | 0.9371 | 0.9480 | 0.9350
0826 | 23:02:39 |  16.9s | 1.0e-04 | 0.0169 | 0.9563 | 0.9553 | 0.9606 | 0.0206 | 0.9471 | 0.9426 | 0.9397
0827 | 23:03:08 |  17.2s | 1.0e-04 | 0.0168 | 0.9555 | 0.9566 | 0.9606 | 0.0205 | 0.9394 | 0.9473 | 0.9373
0828 | 23:03:38 |  17.0s | 1.0e-04 | 0.0165 | 0.9553 | 0.9585 | 0.9625 | 0.0213 | 0.9439 | 0.9315 | 0.9279
0829 | 23:04:09 |  17.0s | 1.0e-04 | 0.0166 | 0.9555 | 0.9574 | 0.9610 | 0.0213 | 0.9410 | 0.9354 | 0.9250
0830 | 23:04:40 |  17.0s | 1.0e-04 | 0.0170 | 0.9560 | 0.9568 | 0.9611 | 0.0205 | 0.9373 | 0.9509 | 0.9376
0831 | 23:05:11 |  17.2s | 1.0e-04 | 0.0170 | 0.9546 | 0.9564 | 0.9607 | 0.0225 | 0.9370 | 0.9440 | 0.9279
0832 | 23:05:42 |  17.2s | 1.0e-04 | 0.0168 | 0.9546 | 0.9561 | 0.9594 | 0.0221 | 0.9411 | 0.9418 | 0.9339
0833 | 23:06:11 |  17.1s | 1.0e-04 | 0.0174 | 0.9544 | 0.9566 | 0.9602 | 0.0208 | 0.9407 | 0.9433 | 0.9340
0834 | 23:06:40 |  30.9s | 1.0e-04 | 0.0162 | 0.9569 | 0.9602 | 0.9649 | 0.0206 | 0.9353 | 0.9538 | 0.9397
0835 | 23:07:25 |  17.2s | 1.0e-04 | 0.0162 | 0.9576 | 0.9598 | 0.9647 | 0.0207 | 0.9492 | 0.9265 | 0.9311
0836 | 23:07:56 |  17.4s | 1.0e-04 | 0.0160 | 0.9567 | 0.9613 | 0.9656 | 0.0205 | 0.9443 | 0.9415 | 0.9352
0837 | 23:08:26 |  17.3s | 1.0e-04 | 0.0162 | 0.9570 | 0.9589 | 0.9644 | 0.0219 | 0.9348 | 0.9476 | 0.9316
0838 | 23:08:55 |  17.5s | 1.0e-04 | 0.0161 | 0.9571 | 0.9600 | 0.9654 | 0.0219 | 0.9353 | 0.9500 | 0.9354
0839 | 23:09:26 |  17.4s | 1.0e-04 | 0.0163 | 0.9579 | 0.9594 | 0.9652 | 0.0204 | 0.9433 | 0.9446 | 0.9377
0840 | 23:09:58 |  17.3s | 1.0e-04 | 0.0159 | 0.9559 | 0.9603 | 0.9639 | 0.0209 | 0.9401 | 0.9411 | 0.9295
0841 | 23:10:28 |  17.6s | 1.0e-04 | 0.0163 | 0.9564 | 0.9612 | 0.9648 | 0.0216 | 0.9422 | 0.9335 | 0.9234
0842 | 23:10:57 |  17.6s | 1.0e-04 | 0.0163 | 0.9580 | 0.9599 | 0.9652 | 0.0216 | 0.9377 | 0.9464 | 0.9321
0843 | 23:11:28 |  17.4s | 1.0e-04 | 0.0159 | 0.9593 | 0.9619 | 0.9668 | 0.0207 | 0.9360 | 0.9480 | 0.9333
0844 | 23:12:00 |  17.4s | 1.0e-04 | 0.0158 | 0.9578 | 0.9626 | 0.9673 | 0.0211 | 0.9437 | 0.9433 | 0.9342
0845 | 23:12:30 |  17.3s | 1.0e-04 | 0.0162 | 0.9570 | 0.9594 | 0.9643 | 0.0216 | 0.9352 | 0.9414 | 0.9248
0846 | 23:13:00 |  17.3s | 1.0e-04 | 0.0162 | 0.9573 | 0.9611 | 0.9658 | 0.0214 | 0.9321 | 0.9487 | 0.9306
0847 | 23:13:29 |  17.2s | 1.0e-04 | 0.0158 | 0.9579 | 0.9603 | 0.9660 | 0.0219 | 0.9374 | 0.9435 | 0.9286
0848 | 23:13:58 |  17.3s | 1.0e-04 | 0.0161 | 0.9570 | 0.9603 | 0.9652 | 0.0207 | 0.9475 | 0.9404 | 0.9396
0849 | 23:14:28 |  17.3s | 1.0e-04 | 0.0163 | 0.9586 | 0.9606 | 0.9658 | 0.0206 | 0.9441 | 0.9386 | 0.9325
0850 | 23:15:00 |  17.2s | 1.0e-04 | 0.0162 | 0.9588 | 0.9609 | 0.9670 | 0.0217 | 0.9453 | 0.9364 | 0.9287
0851 | 23:15:30 |  17.3s | 1.0e-04 | 0.0159 | 0.9576 | 0.9600 | 0.9654 | 0.0207 | 0.9395 | 0.9436 | 0.9322
0852 | 23:16:02 |  17.4s | 1.0e-04 | 0.0156 | 0.9593 | 0.9619 | 0.9680 | 0.0209 | 0.9280 | 0.9486 | 0.9252
0853 | 23:16:33 |  17.4s | 1.0e-04 | 0.0160 | 0.9585 | 0.9618 | 0.9673 | 0.0211 | 0.9381 | 0.9448 | 0.9324
0854 | 23:17:02 |  17.7s | 1.0e-04 | 0.0158 | 0.9582 | 0.9609 | 0.9671 | 0.0209 | 0.9409 | 0.9423 | 0.9325
0855 | 23:17:32 |  29.8s | 1.0e-04 | 0.0168 | 0.9552 | 0.9553 | 0.9597 | 0.0216 | 0.9427 | 0.9383 | 0.9321
0856 | 23:18:14 |  17.3s | 1.0e-04 | 0.0163 | 0.9548 | 0.9583 | 0.9609 | 0.0211 | 0.9377 | 0.9440 | 0.9322
0857 | 23:18:44 |  17.3s | 1.0e-04 | 0.0165 | 0.9542 | 0.9568 | 0.9605 | 0.0211 | 0.9400 | 0.9466 | 0.9353
0858 | 23:19:15 |  17.2s | 1.0e-04 | 0.0162 | 0.9552 | 0.9577 | 0.9613 | 0.0206 | 0.9302 | 0.9443 | 0.9249
0859 | 23:19:46 |  17.2s | 1.0e-04 | 0.0166 | 0.9546 | 0.9572 | 0.9611 | 0.0217 | 0.9491 | 0.9329 | 0.9334
0860 | 23:20:15 |  17.3s | 1.0e-04 | 0.0167 | 0.9551 | 0.9562 | 0.9596 | 0.0208 | 0.9452 | 0.9408 | 0.9374
0861 | 23:20:44 |  17.3s | 1.0e-04 | 0.0167 | 0.9541 | 0.9538 | 0.9574 | 0.0214 | 0.9410 | 0.9427 | 0.9338
0862 | 23:21:15 |  17.1s | 1.0e-04 | 0.0171 | 0.9532 | 0.9546 | 0.9574 | 0.0208 | 0.9431 | 0.9369 | 0.9279
0863 | 23:21:46 |  17.3s | 1.0e-04 | 0.0165 | 0.9540 | 0.9554 | 0.9588 | 0.0215 | 0.9456 | 0.9369 | 0.9318
0864 | 23:22:16 |  17.3s | 1.0e-04 | 0.0170 | 0.9521 | 0.9556 | 0.9572 | 0.0211 | 0.9431 | 0.9405 | 0.9346
0865 | 23:22:45 |  17.2s | 1.0e-04 | 0.0171 | 0.9548 | 0.9547 | 0.9589 | 0.0206 | 0.9401 | 0.9420 | 0.9308
0866 | 23:23:14 |  17.3s | 1.0e-04 | 0.0171 | 0.9544 | 0.9552 | 0.9590 | 0.0209 | 0.9368 | 0.9511 | 0.9374
0867 | 23:23:44 |  17.5s | 1.0e-04 | 0.0166 | 0.9544 | 0.9550 | 0.9585 | 0.0206 | 0.9356 | 0.9527 | 0.9388
0868 | 23:24:14 |  17.3s | 1.0e-04 | 0.0168 | 0.9549 | 0.9574 | 0.9607 | 0.0218 | 0.9400 | 0.9367 | 0.9241
0869 | 23:24:43 |  17.4s | 1.0e-04 | 0.0166 | 0.9536 | 0.9557 | 0.9585 | 0.0204 | 0.9414 | 0.9447 | 0.9361
0870 | 23:25:12 |  17.4s | 1.0e-04 | 0.0166 | 0.9553 | 0.9556 | 0.9595 | 0.0214 | 0.9354 | 0.9418 | 0.9230
0871 | 23:25:44 |  17.1s | 1.0e-04 | 0.0167 | 0.9535 | 0.9560 | 0.9582 | 0.0215 | 0.9419 | 0.9349 | 0.9294
0872 | 23:26:14 |  17.7s | 1.0e-04 | 0.0168 | 0.9536 | 0.9563 | 0.9583 | 0.0209 | 0.9310 | 0.9489 | 0.9293
0873 | 23:26:44 |  17.5s | 1.0e-04 | 0.0170 | 0.9547 | 0.9576 | 0.9604 | 0.0211 | 0.9485 | 0.9314 | 0.9358
0874 | 23:27:14 |  17.5s | 1.0e-04 | 0.0166 | 0.9532 | 0.9547 | 0.9573 | 0.0207 | 0.9392 | 0.9443 | 0.9326
0875 | 23:27:44 |  17.3s | 1.0e-04 | 0.0165 | 0.9534 | 0.9578 | 0.9595 | 0.0221 | 0.9439 | 0.9298 | 0.9252
0876 | 23:28:18 |  17.5s | 1.0e-04 | 0.0177 | 0.9548 | 0.9566 | 0.9599 | 0.0214 | 0.9368 | 0.9519 | 0.9376
0877 | 23:28:48 |  17.8s | 1.0e-04 | 0.0171 | 0.9555 | 0.9564 | 0.9613 | 0.0188 | 0.9383 | 0.9492 | 0.9365
0878 | 23:29:18 |  17.8s | 1.0e-04 | 0.0176 | 0.9533 | 0.9541 | 0.9567 | 0.0217 | 0.9294 | 0.9460 | 0.9238
0879 | 23:29:49 |  17.6s | 1.0e-04 | 0.0174 | 0.9536 | 0.9577 | 0.9600 | 0.0210 | 0.9418 | 0.9414 | 0.9340
0880 | 23:30:21 |  17.8s | 1.0e-04 | 0.0179 | 0.9527 | 0.9546 | 0.9563 | 0.0201 | 0.9426 | 0.9391 | 0.9310
0881 | 23:30:51 |  17.6s | 1.0e-04 | 0.0169 | 0.9560 | 0.9575 | 0.9617 | 0.0215 | 0.9440 | 0.9413 | 0.9326
0882 | 23:31:21 |  17.6s | 1.0e-04 | 0.0176 | 0.9549 | 0.9549 | 0.9599 | 0.0211 | 0.9520 | 0.9283 | 0.9320
0883 | 23:31:50 |  17.6s | 1.0e-04 | 0.0166 | 0.9574 | 0.9580 | 0.9638 | 0.0217 | 0.9304 | 0.9497 | 0.9303
0884 | 23:32:20 |  17.8s | 1.0e-04 | 0.0174 | 0.9543 | 0.9562 | 0.9593 | 0.0209 | 0.9420 | 0.9410 | 0.9320
0885 | 23:32:52 |  17.8s | 1.0e-04 | 0.0173 | 0.9551 | 0.9581 | 0.9610 | 0.0218 | 0.9459 | 0.9390 | 0.9375
0886 | 23:33:24 |  17.4s | 1.0e-04 | 0.0172 | 0.9541 | 0.9568 | 0.9593 | 0.0209 | 0.9465 | 0.9335 | 0.9328
0887 | 23:33:56 |  17.7s | 1.0e-04 | 0.0168 | 0.9553 | 0.9575 | 0.9616 | 0.0211 | 0.9396 | 0.9438 | 0.9335
0888 | 23:34:26 |  17.4s | 1.0e-04 | 0.0172 | 0.9554 | 0.9574 | 0.9617 | 0.0208 | 0.9470 | 0.9355 | 0.9317
0889 | 23:34:56 |  17.9s | 1.0e-04 | 0.0176 | 0.9528 | 0.9555 | 0.9578 | 0.0213 | 0.9428 | 0.9408 | 0.9358
0890 | 23:35:28 |  17.8s | 1.0e-04 | 0.0176 | 0.9559 | 0.9553 | 0.9598 | 0.0202 | 0.9359 | 0.9534 | 0.9387
0891 | 23:36:00 |  17.7s | 1.0e-04 | 0.0172 | 0.9544 | 0.9553 | 0.9590 | 0.0213 | 0.9343 | 0.9503 | 0.9350
0892 | 23:36:31 |  17.8s | 1.0e-04 | 0.0169 | 0.9544 | 0.9568 | 0.9602 | 0.0217 | 0.9438 | 0.9414 | 0.9349
0893 | 23:37:00 |  17.8s | 1.0e-04 | 0.0167 | 0.9565 | 0.9562 | 0.9615 | 0.0203 | 0.9457 | 0.9419 | 0.9377
0894 | 23:37:31 |  17.6s | 1.0e-04 | 0.0172 | 0.9533 | 0.9552 | 0.9572 | 0.0200 | 0.9416 | 0.9457 | 0.9376
0895 | 23:38:04 |  17.8s | 1.0e-04 | 0.0170 | 0.9539 | 0.9574 | 0.9594 | 0.0207 | 0.9350 | 0.9529 | 0.9377
0896 | 23:38:34 |  30.9s | 1.0e-04 | 0.0173 | 0.9543 | 0.9580 | 0.9608 | 0.0209 | 0.9391 | 0.9431 | 0.9319
0897 | 23:39:18 |  17.7s | 1.0e-04 | 0.0177 | 0.9564 | 0.9596 | 0.9638 | 0.0206 | 0.9468 | 0.9358 | 0.9347
0898 | 23:39:48 |  17.6s | 1.0e-04 | 0.0175 | 0.9574 | 0.9599 | 0.9647 | 0.0214 | 0.9429 | 0.9395 | 0.9310
0899 | 23:40:18 |  17.7s | 1.0e-04 | 0.0176 | 0.9570 | 0.9579 | 0.9634 | 0.0217 | 0.9303 | 0.9462 | 0.9243
0900 | 23:40:50 |  17.4s | 1.0e-04 | 0.0175 | 0.9560 | 0.9601 | 0.9642 | 0.0207 | 0.9467 | 0.9385 | 0.9341
0901 | 23:41:21 |  17.5s | 1.0e-04 | 0.0176 | 0.9557 | 0.9585 | 0.9623 | 0.0206 | 0.9469 | 0.9406 | 0.9367
0902 | 23:41:50 |  17.4s | 1.0e-04 | 0.0172 | 0.9562 | 0.9589 | 0.9628 | 0.0219 | 0.9466 | 0.9371 | 0.9357
0903 | 23:42:22 |  17.4s | 1.0e-04 | 0.0172 | 0.9573 | 0.9584 | 0.9638 | 0.0202 | 0.9465 | 0.9406 | 0.9373
0904 | 23:42:51 |  17.4s | 1.0e-04 | 0.0175 | 0.9571 | 0.9588 | 0.9635 | 0.0200 | 0.9427 | 0.9458 | 0.9378
0905 | 23:43:20 |  17.5s | 1.0e-04 | 0.0169 | 0.9569 | 0.9598 | 0.9645 | 0.0203 | 0.9431 | 0.9433 | 0.9367
0906 | 23:43:52 |  17.4s | 1.0e-04 | 0.0180 | 0.9557 | 0.9579 | 0.9625 | 0.0209 | 0.9355 | 0.9500 | 0.9356
0907 | 23:44:23 |  17.5s | 1.0e-04 | 0.0173 | 0.9564 | 0.9585 | 0.9629 | 0.0216 | 0.9404 | 0.9394 | 0.9287
0908 | 23:44:52 |  17.5s | 1.0e-04 | 0.0176 | 0.9573 | 0.9590 | 0.9630 | 0.0198 | 0.9462 | 0.9423 | 0.9383
0909 | 23:45:22 |  17.4s | 1.0e-04 | 0.0175 | 0.9561 | 0.9591 | 0.9629 | 0.0220 | 0.9462 | 0.9335 | 0.9288
0910 | 23:45:53 |  17.7s | 1.0e-04 | 0.0176 | 0.9543 | 0.9593 | 0.9621 | 0.0203 | 0.9399 | 0.9460 | 0.9359
0911 | 23:46:24 |  17.5s | 1.0e-04 | 0.0180 | 0.9544 | 0.9577 | 0.9604 | 0.0208 | 0.9458 | 0.9439 | 0.9412
0912 | 23:46:54 |  17.7s | 1.0e-04 | 0.0179 | 0.9552 | 0.9567 | 0.9613 | 0.0204 | 0.9388 | 0.9474 | 0.9359
0913 | 23:47:23 |  17.7s | 1.0e-04 | 0.0172 | 0.9557 | 0.9594 | 0.9632 | 0.0204 | 0.9403 | 0.9399 | 0.9324
0914 | 23:47:54 |  17.4s | 1.0e-04 | 0.0173 | 0.9574 | 0.9593 | 0.9641 | 0.0203 | 0.9485 | 0.9405 | 0.9399
0915 | 23:48:26 |  17.5s | 1.0e-04 | 0.0176 | 0.9561 | 0.9583 | 0.9626 | 0.0230 | 0.9342 | 0.9450 | 0.9290
0916 | 23:48:56 |  17.2s | 1.0e-04 | 0.0178 | 0.9560 | 0.9582 | 0.9624 | 0.0200 | 0.9508 | 0.9386 | 0.9406
0917 | 23:49:27 |  32.4s | 1.0e-04 | 0.0177 | 0.9556 | 0.9599 | 0.9630 | 0.0205 | 0.9410 | 0.9388 | 0.9301
0918 | 23:50:14 |  17.5s | 1.0e-04 | 0.0164 | 0.9572 | 0.9602 | 0.9648 | 0.0207 | 0.9480 | 0.9358 | 0.9345
0919 | 23:50:44 |  18.4s | 1.0e-04 | 0.0170 | 0.9578 | 0.9596 | 0.9642 | 0.0212 | 0.9410 | 0.9381 | 0.9298
0920 | 23:51:14 |  17.4s | 1.0e-04 | 0.0170 | 0.9562 | 0.9597 | 0.9634 | 0.0204 | 0.9398 | 0.9516 | 0.9427
0921 | 23:51:44 |  17.4s | 1.0e-04 | 0.0168 | 0.9571 | 0.9623 | 0.9662 | 0.0214 | 0.9460 | 0.9396 | 0.9365
0922 | 23:52:16 |  17.4s | 1.0e-04 | 0.0172 | 0.9558 | 0.9580 | 0.9624 | 0.0209 | 0.9404 | 0.9448 | 0.9343
0923 | 23:52:47 |  17.6s | 1.0e-04 | 0.0170 | 0.9588 | 0.9589 | 0.9663 | 0.0216 | 0.9374 | 0.9412 | 0.9269
0924 | 23:53:16 |  17.5s | 1.0e-04 | 0.0167 | 0.9575 | 0.9616 | 0.9662 | 0.0222 | 0.9463 | 0.9370 | 0.9332
0925 | 23:53:46 |  17.5s | 1.0e-04 | 0.0172 | 0.9566 | 0.9595 | 0.9638 | 0.0218 | 0.9440 | 0.9320 | 0.9275
0926 | 23:54:18 |  17.5s | 1.0e-04 | 0.0168 | 0.9572 | 0.9605 | 0.9654 | 0.0197 | 0.9516 | 0.9414 | 0.9447
0927 | 23:54:48 |  17.2s | 1.0e-04 | 0.0168 | 0.9577 | 0.9596 | 0.9647 | 0.0216 | 0.9395 | 0.9390 | 0.9291
0928 | 23:55:17 |  17.4s | 1.0e-04 | 0.0169 | 0.9575 | 0.9605 | 0.9651 | 0.0213 | 0.9397 | 0.9444 | 0.9349
0929 | 23:55:47 |  17.3s | 1.0e-04 | 0.0169 | 0.9573 | 0.9601 | 0.9645 | 0.0205 | 0.9487 | 0.9387 | 0.9392
0930 | 23:56:18 |  17.2s | 1.0e-04 | 0.0169 | 0.9568 | 0.9597 | 0.9639 | 0.0204 | 0.9432 | 0.9385 | 0.9324
0931 | 23:56:48 |  17.1s | 1.0e-04 | 0.0173 | 0.9563 | 0.9572 | 0.9624 | 0.0211 | 0.9418 | 0.9432 | 0.9349
0932 | 23:57:17 |  17.5s | 1.0e-04 | 0.0166 | 0.9582 | 0.9584 | 0.9651 | 0.0214 | 0.9337 | 0.9482 | 0.9317
0933 | 23:57:46 |  17.5s | 1.0e-04 | 0.0171 | 0.9570 | 0.9578 | 0.9637 | 0.0208 | 0.9377 | 0.9430 | 0.9310
0934 | 23:58:16 |  17.5s | 1.0e-04 | 0.0171 | 0.9566 | 0.9594 | 0.9629 | 0.0207 | 0.9503 | 0.9368 | 0.9379
0935 | 23:58:45 |  17.3s | 1.0e-04 | 0.0167 | 0.9565 | 0.9624 | 0.9654 | 0.0210 | 0.9421 | 0.9367 | 0.9281
0936 | 23:59:17 |  17.2s | 1.0e-04 | 0.0170 | 0.9559 | 0.9607 | 0.9639 | 0.0217 | 0.9474 | 0.9383 | 0.9349
0937 | 23:59:47 |  17.2s | 1.0e-04 | 0.0170 | 0.9549 | 0.9597 | 0.9627 | 0.0210 | 0.9385 | 0.9422 | 0.9310
0938 | 00:00:18 |  32.4s | 1.0e-04 | 0.0169 | 0.9562 | 0.9595 | 0.9636 | 0.0205 | 0.9412 | 0.9427 | 0.9336
0939 | 00:01:03 |  17.2s | 1.0e-04 | 0.0169 | 0.9549 | 0.9589 | 0.9620 | 0.0207 | 0.9411 | 0.9488 | 0.9402
0940 | 00:01:34 |  17.0s | 1.0e-04 | 0.0169 | 0.9561 | 0.9584 | 0.9618 | 0.0210 | 0.9418 | 0.9463 | 0.9385
0941 | 00:02:05 |  17.4s | 1.0e-04 | 0.0170 | 0.9558 | 0.9577 | 0.9621 | 0.0208 | 0.9368 | 0.9489 | 0.9360
0942 | 00:02:34 |  17.5s | 1.0e-04 | 0.0165 | 0.9565 | 0.9584 | 0.9629 | 0.0209 | 0.9397 | 0.9432 | 0.9310
0943 | 00:03:04 |  17.4s | 1.0e-04 | 0.0168 | 0.9572 | 0.9601 | 0.9645 | 0.0201 | 0.9462 | 0.9437 | 0.9391
0944 | 00:03:34 |  17.3s | 1.0e-04 | 0.0167 | 0.9579 | 0.9585 | 0.9641 | 0.0205 | 0.9343 | 0.9491 | 0.9339
0945 | 00:04:06 |  17.6s | 1.0e-04 | 0.0171 | 0.9560 | 0.9576 | 0.9620 | 0.0205 | 0.9444 | 0.9392 | 0.9371
0946 | 00:04:35 |  17.5s | 1.0e-04 | 0.0172 | 0.9551 | 0.9569 | 0.9606 | 0.0217 | 0.9386 | 0.9402 | 0.9283
0947 | 00:05:04 |  17.3s | 1.0e-04 | 0.0174 | 0.9545 | 0.9569 | 0.9602 | 0.0209 | 0.9388 | 0.9486 | 0.9352
0948 | 00:05:35 |  17.4s | 1.0e-04 | 0.0171 | 0.9546 | 0.9570 | 0.9604 | 0.0211 | 0.9339 | 0.9458 | 0.9279
0949 | 00:06:06 |  17.3s | 1.0e-04 | 0.0169 | 0.9557 | 0.9580 | 0.9614 | 0.0214 | 0.9454 | 0.9366 | 0.9319
0950 | 00:06:36 |  17.2s | 1.0e-04 | 0.0167 | 0.9546 | 0.9584 | 0.9613 | 0.0209 | 0.9480 | 0.9308 | 0.9303
0951 | 00:07:07 |  17.4s | 1.0e-04 | 0.0167 | 0.9547 | 0.9566 | 0.9605 | 0.0210 | 0.9475 | 0.9293 | 0.9293
0952 | 00:07:37 |  17.5s | 1.0e-04 | 0.0166 | 0.9588 | 0.9592 | 0.9657 | 0.0212 | 0.9414 | 0.9399 | 0.9315
0953 | 00:08:06 |  17.6s | 1.0e-04 | 0.0166 | 0.9573 | 0.9590 | 0.9644 | 0.0206 | 0.9355 | 0.9474 | 0.9326
0954 | 00:08:35 |  17.6s | 1.0e-04 | 0.0172 | 0.9560 | 0.9575 | 0.9618 | 0.0203 | 0.9493 | 0.9449 | 0.9456
0955 | 00:09:05 |  17.3s | 1.0e-04 | 0.0167 | 0.9555 | 0.9583 | 0.9620 | 0.0211 | 0.9382 | 0.9407 | 0.9284
0956 | 00:09:35 |  17.5s | 1.0e-04 | 0.0167 | 0.9557 | 0.9592 | 0.9633 | 0.0204 | 0.9383 | 0.9448 | 0.9333
0957 | 00:10:06 |  17.5s | 1.0e-04 | 0.0170 | 0.9559 | 0.9576 | 0.9622 | 0.0214 | 0.9376 | 0.9465 | 0.9343
0958 | 00:10:36 |  17.5s | 1.0e-04 | 0.0172 | 0.9545 | 0.9576 | 0.9610 | 0.0200 | 0.9441 | 0.9387 | 0.9320
0959 | 00:11:06 |  32.7s | 1.0e-04 | 0.0166 | 0.9547 | 0.9563 | 0.9595 | 0.0226 | 0.9431 | 0.9350 | 0.9314
0960 | 00:11:51 |  18.0s | 1.0e-04 | 0.0167 | 0.9542 | 0.9572 | 0.9595 | 0.0199 | 0.9400 | 0.9512 | 0.9408
0961 | 00:12:21 |  17.9s | 1.0e-04 | 0.0166 | 0.9544 | 0.9578 | 0.9606 | 0.0214 | 0.9377 | 0.9476 | 0.9336
0962 | 00:12:52 |  17.9s | 1.0e-04 | 0.0163 | 0.9558 | 0.9578 | 0.9618 | 0.0202 | 0.9406 | 0.9492 | 0.9401
0963 | 00:13:26 |  17.9s | 1.0e-04 | 0.0168 | 0.9553 | 0.9576 | 0.9614 | 0.0216 | 0.9376 | 0.9469 | 0.9338
0964 | 00:13:57 |  18.0s | 1.0e-04 | 0.0167 | 0.9532 | 0.9572 | 0.9588 | 0.0214 | 0.9371 | 0.9444 | 0.9292
0965 | 00:14:28 |  17.9s | 1.0e-04 | 0.0165 | 0.9555 | 0.9565 | 0.9605 | 0.0205 | 0.9397 | 0.9471 | 0.9374
0966 | 00:14:58 |  17.9s | 1.0e-04 | 0.0166 | 0.9553 | 0.9589 | 0.9624 | 0.0205 | 0.9401 | 0.9423 | 0.9330
0967 | 00:15:31 |  17.8s | 1.0e-04 | 0.0166 | 0.9531 | 0.9576 | 0.9590 | 0.0203 | 0.9416 | 0.9414 | 0.9325
0968 | 00:16:02 |  17.8s | 1.0e-04 | 0.0169 | 0.9539 | 0.9552 | 0.9588 | 0.0208 | 0.9432 | 0.9397 | 0.9340
0969 | 00:16:34 |  17.9s | 1.0e-04 | 0.0167 | 0.9553 | 0.9560 | 0.9600 | 0.0207 | 0.9350 | 0.9500 | 0.9351
0970 | 00:17:05 |  17.8s | 1.0e-04 | 0.0168 | 0.9519 | 0.9573 | 0.9582 | 0.0211 | 0.9429 | 0.9409 | 0.9346
0971 | 00:17:35 |  17.8s | 1.0e-04 | 0.0164 | 0.9560 | 0.9580 | 0.9622 | 0.0206 | 0.9329 | 0.9500 | 0.9329
0972 | 00:18:06 |  17.7s | 1.0e-04 | 0.0164 | 0.9540 | 0.9575 | 0.9603 | 0.0207 | 0.9407 | 0.9498 | 0.9407
0973 | 00:18:36 |  17.7s | 1.0e-04 | 0.0166 | 0.9555 | 0.9578 | 0.9620 | 0.0203 | 0.9421 | 0.9421 | 0.9354
0974 | 00:19:06 |  17.8s | 1.0e-04 | 0.0169 | 0.9549 | 0.9554 | 0.9591 | 0.0199 | 0.9503 | 0.9335 | 0.9363
0975 | 00:19:38 |  17.7s | 1.0e-04 | 0.0167 | 0.9549 | 0.9566 | 0.9602 | 0.0209 | 0.9421 | 0.9453 | 0.9369
0976 | 00:20:09 |  18.0s | 1.0e-04 | 0.0168 | 0.9556 | 0.9554 | 0.9597 | 0.0201 | 0.9400 | 0.9446 | 0.9359
0977 | 00:20:39 |  17.9s | 1.0e-04 | 0.0168 | 0.9556 | 0.9554 | 0.9599 | 0.0203 | 0.9344 | 0.9498 | 0.9340
0978 | 00:21:10 |  17.6s | 1.0e-04 | 0.0167 | 0.9544 | 0.9568 | 0.9610 | 0.0205 | 0.9401 | 0.9433 | 0.9336
0979 | 00:21:42 |  17.7s | 1.0e-04 | 0.0166 | 0.9552 | 0.9582 | 0.9615 | 0.0215 | 0.9400 | 0.9428 | 0.9318
0980 | 00:22:12 |  31.1s | 1.0e-04 | 0.0169 | 0.9555 | 0.9605 | 0.9626 | 0.0218 | 0.9410 | 0.9377 | 0.9255
0981 | 00:22:57 |  17.6s | 1.0e-04 | 0.0164 | 0.9589 | 0.9600 | 0.9663 | 0.0212 | 0.9450 | 0.9356 | 0.9308
0982 | 00:23:28 |  17.8s | 1.0e-04 | 0.0171 | 0.9563 | 0.9597 | 0.9643 | 0.0206 | 0.9387 | 0.9421 | 0.9296
0983 | 00:23:58 |  17.8s | 1.0e-04 | 0.0166 | 0.9574 | 0.9588 | 0.9648 | 0.0213 | 0.9436 | 0.9383 | 0.9322
0984 | 00:24:27 |  17.4s | 1.0e-04 | 0.0166 | 0.9572 | 0.9602 | 0.9658 | 0.0214 | 0.9334 | 0.9482 | 0.9310
0985 | 00:24:57 |  17.7s | 1.0e-04 | 0.0168 | 0.9575 | 0.9597 | 0.9649 | 0.0193 | 0.9504 | 0.9411 | 0.9411
0986 | 00:25:27 |  17.4s | 1.0e-04 | 0.0165 | 0.9579 | 0.9601 | 0.9658 | 0.0210 | 0.9354 | 0.9468 | 0.9314
0987 | 00:25:59 |  17.4s | 1.0e-04 | 0.0166 | 0.9567 | 0.9596 | 0.9643 | 0.0198 | 0.9474 | 0.9456 | 0.9429
0988 | 00:26:29 |  17.3s | 1.0e-04 | 0.0167 | 0.9570 | 0.9595 | 0.9648 | 0.0211 | 0.9431 | 0.9379 | 0.9329
0989 | 00:27:01 |  17.4s | 1.0e-04 | 0.0167 | 0.9578 | 0.9598 | 0.9653 | 0.0208 | 0.9421 | 0.9416 | 0.9342
0990 | 00:27:31 |  17.8s | 1.0e-04 | 0.0169 | 0.9558 | 0.9608 | 0.9643 | 0.0203 | 0.9446 | 0.9401 | 0.9356
0991 | 00:28:01 |  17.4s | 1.0e-04 | 0.0166 | 0.9584 | 0.9603 | 0.9662 | 0.0215 | 0.9372 | 0.9515 | 0.9389
0992 | 00:28:30 |  17.5s | 1.0e-04 | 0.0167 | 0.9587 | 0.9599 | 0.9660 | 0.0205 | 0.9406 | 0.9442 | 0.9354
0993 | 00:29:02 |  17.9s | 1.0e-04 | 0.0167 | 0.9580 | 0.9603 | 0.9660 | 0.0206 | 0.9482 | 0.9384 | 0.9376
0994 | 00:29:33 |  17.6s | 1.0e-04 | 0.0167 | 0.9565 | 0.9592 | 0.9634 | 0.0209 | 0.9393 | 0.9485 | 0.9374
0995 | 00:30:02 |  17.6s | 1.0e-04 | 0.0165 | 0.9570 | 0.9598 | 0.9652 | 0.0210 | 0.9475 | 0.9405 | 0.9371
0996 | 00:30:32 |  17.8s | 1.0e-04 | 0.0164 | 0.9582 | 0.9604 | 0.9655 | 0.0213 | 0.9370 | 0.9461 | 0.9329
0997 | 00:31:04 |  17.4s | 1.0e-04 | 0.0164 | 0.9588 | 0.9615 | 0.9675 | 0.0212 | 0.9404 | 0.9464 | 0.9374
0998 | 00:31:34 |  17.5s | 1.0e-04 | 0.0163 | 0.9580 | 0.9617 | 0.9668 | 0.0211 | 0.9350 | 0.9480 | 0.9322
0999 | 00:32:03 |  17.7s | 1.0e-04 | 0.0166 | 0.9558 | 0.9595 | 0.9640 | 0.0214 | 0.9441 | 0.9381 | 0.9344
1000 | 00:32:33 |  17.4s | 1.0e-04 | 0.0167 | 0.9589 | 0.9600 | 0.9655 | 0.0203 | 0.9414 | 0.9458 | 0.9381
1001 | 00:33:07 |  17.3s | 1.0e-04 | 0.0170 | 0.9558 | 0.9569 | 0.9621 | 0.0202 | 0.9446 | 0.9425 | 0.9375
1002 | 00:33:38 |  17.4s | 1.0e-04 | 0.0170 | 0.9554 | 0.9568 | 0.9614 | 0.0206 | 0.9424 | 0.9446 | 0.9362
1003 | 00:34:07 |  17.4s | 1.0e-04 | 0.0170 | 0.9562 | 0.9562 | 0.9616 | 0.0198 | 0.9447 | 0.9419 | 0.9379
1004 | 00:34:36 |  17.4s | 1.0e-04 | 0.0169 | 0.9560 | 0.9578 | 0.9614 | 0.0196 | 0.9413 | 0.9551 | 0.9471
1005 | 00:35:07 |  17.4s | 1.0e-04 | 0.0170 | 0.9544 | 0.9586 | 0.9612 | 0.0208 | 0.9338 | 0.9476 | 0.9322
1006 | 00:35:36 |  17.3s | 1.0e-04 | 0.0169 | 0.9555 | 0.9563 | 0.9609 | 0.0218 | 0.9407 | 0.9402 | 0.9307
1007 | 00:36:05 |  17.4s | 1.0e-04 | 0.0170 | 0.9556 | 0.9587 | 0.9624 | 0.0214 | 0.9388 | 0.9390 | 0.9284
1008 | 00:36:37 |  17.3s | 1.0e-04 | 0.0165 | 0.9564 | 0.9594 | 0.9636 | 0.0198 | 0.9378 | 0.9464 | 0.9328
1009 | 00:37:07 |  17.3s | 1.0e-04 | 0.0170 | 0.9559 | 0.9571 | 0.9612 | 0.0209 | 0.9516 | 0.9290 | 0.9331
1010 | 00:37:36 |  17.3s | 1.0e-04 | 0.0164 | 0.9566 | 0.9576 | 0.9627 | 0.0211 | 0.9428 | 0.9330 | 0.9242
1011 | 00:38:05 |  17.7s | 1.0e-04 | 0.0162 | 0.9575 | 0.9601 | 0.9655 | 0.0194 | 0.9389 | 0.9508 | 0.9390
1012 | 00:38:35 |  17.5s | 1.0e-04 | 0.0165 | 0.9555 | 0.9593 | 0.9633 | 0.0203 | 0.9417 | 0.9506 | 0.9418
1013 | 00:39:08 |  17.4s | 1.0e-04 | 0.0164 | 0.9564 | 0.9592 | 0.9641 | 0.0211 | 0.9403 | 0.9469 | 0.9365
1014 | 00:39:37 |  17.3s | 1.0e-04 | 0.0162 | 0.9559 | 0.9595 | 0.9629 | 0.0213 | 0.9472 | 0.9398 | 0.9368
1015 | 00:40:06 |  17.3s | 1.0e-04 | 0.0167 | 0.9556 | 0.9587 | 0.9624 | 0.0210 | 0.9440 | 0.9334 | 0.9280
1016 | 00:40:35 |  17.4s | 1.0e-04 | 0.0168 | 0.9568 | 0.9565 | 0.9621 | 0.0198 | 0.9434 | 0.9410 | 0.9346
1017 | 00:41:06 |  17.7s | 1.0e-04 | 0.0168 | 0.9561 | 0.9559 | 0.9609 | 0.0206 | 0.9468 | 0.9350 | 0.9362
1018 | 00:41:38 |  17.4s | 1.0e-04 | 0.0170 | 0.9548 | 0.9573 | 0.9608 | 0.0211 | 0.9377 | 0.9462 | 0.9336
1019 | 00:42:07 |  17.2s | 1.0e-04 | 0.0170 | 0.9562 | 0.9584 | 0.9626 | 0.0208 | 0.9408 | 0.9430 | 0.9310
1020 | 00:42:37 |  17.7s | 1.0e-04 | 0.0167 | 0.9564 | 0.9587 | 0.9637 | 0.0207 | 0.9410 | 0.9453 | 0.9357
1021 | 00:43:06 |  32.5s | 1.0e-04 | 0.0169 | 0.9560 | 0.9575 | 0.9629 | 0.0200 | 0.9452 | 0.9458 | 0.9425
1022 | 00:43:50 |  18.0s | 1.0e-04 | 0.0169 | 0.9575 | 0.9594 | 0.9646 | 0.0209 | 0.9454 | 0.9367 | 0.9359
1023 | 00:44:20 |  17.8s | 1.0e-04 | 0.0167 | 0.9572 | 0.9602 | 0.9650 | 0.0206 | 0.9426 | 0.9447 | 0.9378
1024 | 00:44:50 |  17.4s | 1.0e-04 | 0.0164 | 0.9570 | 0.9620 | 0.9659 | 0.0200 | 0.9469 | 0.9332 | 0.9327
1025 | 00:45:21 |  17.6s | 1.0e-04 | 0.0171 | 0.9579 | 0.9588 | 0.9647 | 0.0210 | 0.9356 | 0.9477 | 0.9334
1026 | 00:45:52 |  17.6s | 1.0e-04 | 0.0166 | 0.9582 | 0.9604 | 0.9659 | 0.0208 | 0.9449 | 0.9401 | 0.9355
1027 | 00:46:21 |  17.5s | 1.0e-04 | 0.0172 | 0.9557 | 0.9572 | 0.9607 | 0.0217 | 0.9374 | 0.9483 | 0.9354
1028 | 00:46:51 |  17.4s | 1.0e-04 | 0.0167 | 0.9562 | 0.9607 | 0.9636 | 0.0196 | 0.9440 | 0.9438 | 0.9400
1029 | 00:47:23 |  17.1s | 1.0e-04 | 0.0169 | 0.9564 | 0.9606 | 0.9642 | 0.0211 | 0.9465 | 0.9381 | 0.9376
1030 | 00:47:53 |  17.5s | 1.0e-04 | 0.0171 | 0.9558 | 0.9605 | 0.9640 | 0.0204 | 0.9379 | 0.9502 | 0.9384
1031 | 00:48:22 |  17.5s | 1.0e-04 | 0.0165 | 0.9574 | 0.9611 | 0.9648 | 0.0210 | 0.9376 | 0.9407 | 0.9253
1032 | 00:48:52 |  17.4s | 1.0e-04 | 0.0168 | 0.9561 | 0.9594 | 0.9643 | 0.0211 | 0.9372 | 0.9370 | 0.9225
1033 | 00:49:24 |  17.4s | 1.0e-04 | 0.0166 | 0.9579 | 0.9596 | 0.9649 | 0.0218 | 0.9397 | 0.9434 | 0.9328
1034 | 00:49:54 |  17.5s | 1.0e-04 | 0.0168 | 0.9563 | 0.9599 | 0.9640 | 0.0207 | 0.9454 | 0.9451 | 0.9394
1035 | 00:50:24 |  17.6s | 1.0e-04 | 0.0172 | 0.9546 | 0.9598 | 0.9620 | 0.0202 | 0.9426 | 0.9412 | 0.9345
1036 | 00:50:52 |  17.4s | 1.0e-04 | 0.0169 | 0.9583 | 0.9609 | 0.9670 | 0.0201 | 0.9456 | 0.9388 | 0.9350
1037 | 00:51:22 |  17.6s | 1.0e-04 | 0.0168 | 0.9579 | 0.9609 | 0.9662 | 0.0203 | 0.9344 | 0.9513 | 0.9362
1038 | 00:51:52 |  17.4s | 1.0e-04 | 0.0168 | 0.9575 | 0.9594 | 0.9649 | 0.0204 | 0.9394 | 0.9389 | 0.9288
1039 | 00:52:24 |  17.3s | 1.0e-04 | 0.0170 | 0.9575 | 0.9603 | 0.9663 | 0.0200 | 0.9362 | 0.9517 | 0.9375
1040 | 00:52:54 |  17.4s | 1.0e-04 | 0.0169 | 0.9575 | 0.9578 | 0.9634 | 0.0210 | 0.9495 | 0.9375 | 0.9394
1041 | 00:53:25 |  17.5s | 1.0e-04 | 0.0171 | 0.9569 | 0.9585 | 0.9633 | 0.0209 | 0.9361 | 0.9490 | 0.9352
1042 | 00:53:56 |  30.6s | 1.0e-04 | 0.0168 | 0.9562 | 0.9580 | 0.9622 | 0.0202 | 0.9474 | 0.9344 | 0.9323
1043 | 00:54:41 |  18.0s | 1.0e-04 | 0.0165 | 0.9542 | 0.9580 | 0.9605 | 0.0205 | 0.9437 | 0.9338 | 0.9286
1044 | 00:55:12 |  18.0s | 1.0e-04 | 0.0161 | 0.9573 | 0.9577 | 0.9631 | 0.0205 | 0.9402 | 0.9441 | 0.9351
1045 | 00:55:42 |  17.9s | 1.0e-04 | 0.0161 | 0.9557 | 0.9567 | 0.9618 | 0.0215 | 0.9424 | 0.9482 | 0.9409
1046 | 00:56:12 |  17.8s | 1.0e-04 | 0.0158 | 0.9568 | 0.9575 | 0.9624 | 0.0194 | 0.9442 | 0.9396 | 0.9332
1047 | 00:56:44 |  17.9s | 1.0e-04 | 0.0161 | 0.9576 | 0.9593 | 0.9650 | 0.0202 | 0.9401 | 0.9443 | 0.9351
1048 | 00:57:15 |  17.9s | 1.0e-04 | 0.0165 | 0.9548 | 0.9574 | 0.9606 | 0.0209 | 0.9392 | 0.9383 | 0.9265
1049 | 00:57:45 |  17.9s | 1.0e-04 | 0.0164 | 0.9545 | 0.9576 | 0.9607 | 0.0216 | 0.9401 | 0.9411 | 0.9266
1050 | 00:58:16 |  17.8s | 1.0e-04 | 0.0163 | 0.9567 | 0.9601 | 0.9639 | 0.0192 | 0.9412 | 0.9501 | 0.9414
1051 | 00:58:48 |  17.9s | 1.0e-04 | 0.0163 | 0.9550 | 0.9576 | 0.9603 | 0.0208 | 0.9500 | 0.9357 | 0.9365
1052 | 00:59:19 |  18.0s | 1.0e-04 | 0.0162 | 0.9556 | 0.9576 | 0.9616 | 0.0195 | 0.9499 | 0.9341 | 0.9368
1053 | 00:59:48 |  18.1s | 1.0e-04 | 0.0159 | 0.9577 | 0.9590 | 0.9652 | 0.0208 | 0.9510 | 0.9355 | 0.9379
1054 | 01:00:18 |  18.0s | 1.0e-04 | 0.0157 | 0.9584 | 0.9587 | 0.9648 | 0.0202 | 0.9449 | 0.9421 | 0.9363
1055 | 01:00:49 |  17.8s | 1.0e-04 | 0.0161 | 0.9564 | 0.9574 | 0.9624 | 0.0203 | 0.9368 | 0.9404 | 0.9253
1056 | 01:01:22 |  17.9s | 1.0e-04 | 0.0156 | 0.9572 | 0.9602 | 0.9650 | 0.0213 | 0.9375 | 0.9469 | 0.9326
1057 | 01:01:53 |  17.9s | 1.0e-04 | 0.0161 | 0.9556 | 0.9595 | 0.9630 | 0.0214 | 0.9503 | 0.9403 | 0.9434
1058 | 01:02:26 |  17.9s | 1.0e-04 | 0.0159 | 0.9564 | 0.9585 | 0.9626 | 0.0207 | 0.9394 | 0.9464 | 0.9345
1059 | 01:02:56 |  18.1s | 1.0e-04 | 0.0164 | 0.9560 | 0.9575 | 0.9619 | 0.0224 | 0.9361 | 0.9420 | 0.9253
1060 | 01:03:27 |  17.9s | 1.0e-04 | 0.0162 | 0.9558 | 0.9583 | 0.9620 | 0.0194 | 0.9414 | 0.9468 | 0.9383
1061 | 01:03:58 |  17.8s | 1.0e-04 | 0.0160 | 0.9553 | 0.9574 | 0.9611 | 0.0214 | 0.9372 | 0.9407 | 0.9294
1062 | 01:04:30 |  18.0s | 1.0e-04 | 0.0158 | 0.9569 | 0.9591 | 0.9638 | 0.0217 | 0.9453 | 0.9384 | 0.9318
1063 | 01:05:01 |  31.9s | 1.0e-04 | 0.0171 | 0.9546 | 0.9545 | 0.9581 | 0.0216 | 0.9362 | 0.9411 | 0.9250
1064 | 01:05:47 |  18.0s | 1.0e-04 | 0.0180 | 0.9527 | 0.9535 | 0.9558 | 0.0204 | 0.9451 | 0.9385 | 0.9346
1065 | 01:06:17 |  18.0s | 1.0e-04 | 0.0183 | 0.9521 | 0.9533 | 0.9548 | 0.0207 | 0.9469 | 0.9404 | 0.9404
1066 | 01:06:47 |  17.8s | 1.0e-04 | 0.0180 | 0.9517 | 0.9534 | 0.9548 | 0.0223 | 0.9432 | 0.9370 | 0.9293
1067 | 01:07:18 |  17.9s | 1.0e-04 | 0.0178 | 0.9538 | 0.9532 | 0.9565 | 0.0202 | 0.9521 | 0.9390 | 0.9438
1068 | 01:07:50 |  18.1s | 1.0e-04 | 0.0180 | 0.9531 | 0.9528 | 0.9551 | 0.0203 | 0.9459 | 0.9436 | 0.9401
1069 | 01:08:20 |  17.7s | 1.0e-04 | 0.0185 | 0.9522 | 0.9520 | 0.9540 | 0.0209 | 0.9367 | 0.9419 | 0.9293
1070 | 01:08:50 |  18.1s | 1.0e-04 | 0.0183 | 0.9518 | 0.9533 | 0.9548 | 0.0208 | 0.9447 | 0.9424 | 0.9389
1071 | 01:09:20 |  17.9s | 1.0e-04 | 0.0179 | 0.9522 | 0.9518 | 0.9535 | 0.0201 | 0.9401 | 0.9498 | 0.9400
1072 | 01:09:51 |  17.7s | 1.0e-04 | 0.0178 | 0.9518 | 0.9518 | 0.9534 | 0.0217 | 0.9366 | 0.9425 | 0.9314
1073 | 01:10:23 |  17.9s | 1.0e-04 | 0.0177 | 0.9536 | 0.9535 | 0.9562 | 0.0205 | 0.9420 | 0.9465 | 0.9379
1074 | 01:10:55 |  17.8s | 1.0e-04 | 0.0183 | 0.9510 | 0.9537 | 0.9549 | 0.0215 | 0.9413 | 0.9341 | 0.9227
1075 | 01:11:26 |  18.0s | 1.0e-04 | 0.0177 | 0.9530 | 0.9528 | 0.9554 | 0.0203 | 0.9500 | 0.9394 | 0.9404
1076 | 01:11:56 |  18.1s | 1.0e-04 | 0.0180 | 0.9518 | 0.9522 | 0.9539 | 0.0210 | 0.9418 | 0.9468 | 0.9383
1077 | 01:12:27 |  17.9s | 1.0e-04 | 0.0183 | 0.9524 | 0.9524 | 0.9544 | 0.0212 | 0.9400 | 0.9451 | 0.9345
1078 | 01:13:00 |  17.9s | 1.0e-04 | 0.0179 | 0.9525 | 0.9534 | 0.9552 | 0.0206 | 0.9436 | 0.9442 | 0.9371
1079 | 01:13:30 |  17.8s | 1.0e-04 | 0.0181 | 0.9529 | 0.9525 | 0.9553 | 0.0212 | 0.9461 | 0.9370 | 0.9335
1080 | 01:14:00 |  18.1s | 1.0e-04 | 0.0187 | 0.9502 | 0.9528 | 0.9531 | 0.0207 | 0.9449 | 0.9408 | 0.9378
1081 | 01:14:31 |  17.6s | 1.0e-04 | 0.0181 | 0.9524 | 0.9546 | 0.9566 | 0.0211 | 0.9443 | 0.9384 | 0.9348
1082 | 01:15:03 |  18.0s | 1.0e-04 | 0.0184 | 0.9515 | 0.9523 | 0.9535 | 0.0211 | 0.9400 | 0.9462 | 0.9345
1083 | 01:15:34 |  17.7s | 1.0e-04 | 0.0186 | 0.9507 | 0.9523 | 0.9530 | 0.0199 | 0.9449 | 0.9409 | 0.9353
1084 | 01:16:04 |  31.9s | 1.0e-04 | 0.0179 | 0.9534 | 0.9571 | 0.9596 | 0.0198 | 0.9472 | 0.9419 | 0.9400
1085 | 01:16:48 |  17.5s | 1.0e-04 | 0.0180 | 0.9550 | 0.9582 | 0.9614 | 0.0215 | 0.9385 | 0.9520 | 0.9401
1086 | 01:17:18 |  17.1s | 1.0e-04 | 0.0183 | 0.9547 | 0.9587 | 0.9621 | 0.0197 | 0.9504 | 0.9339 | 0.9370
1087 | 01:17:47 |  17.3s | 1.0e-04 | 0.0181 | 0.9545 | 0.9598 | 0.9620 | 0.0212 | 0.9396 | 0.9349 | 0.9246
1088 | 01:18:18 |  17.3s | 1.0e-04 | 0.0176 | 0.9561 | 0.9585 | 0.9627 | 0.0210 | 0.9472 | 0.9337 | 0.9303
1089 | 01:18:50 |  17.7s | 1.0e-04 | 0.0180 | 0.9562 | 0.9565 | 0.9615 | 0.0222 | 0.9352 | 0.9486 | 0.9345
1090 | 01:19:20 |  17.4s | 1.0e-04 | 0.0178 | 0.9554 | 0.9585 | 0.9620 | 0.0195 | 0.9484 | 0.9394 | 0.9386
1091 | 01:19:52 |  17.7s | 1.0e-04 | 0.0178 | 0.9568 | 0.9593 | 0.9643 | 0.0207 | 0.9424 | 0.9425 | 0.9345
1092 | 01:20:22 |  17.5s | 1.0e-04 | 0.0179 | 0.9561 | 0.9579 | 0.9629 | 0.0200 | 0.9509 | 0.9373 | 0.9398
1093 | 01:20:51 |  17.4s | 1.0e-04 | 0.0177 | 0.9556 | 0.9590 | 0.9627 | 0.0201 | 0.9365 | 0.9486 | 0.9348
1094 | 01:21:22 |  17.5s | 1.0e-04 | 0.0178 | 0.9548 | 0.9604 | 0.9627 | 0.0191 | 0.9354 | 0.9524 | 0.9397
1095 | 01:21:54 |  17.5s | 1.0e-04 | 0.0180 | 0.9557 | 0.9588 | 0.9626 | 0.0206 | 0.9422 | 0.9446 | 0.9373
1096 | 01:22:24 |  17.4s | 1.0e-04 | 0.0179 | 0.9556 | 0.9573 | 0.9613 | 0.0190 | 0.9499 | 0.9393 | 0.9403
1097 | 01:22:53 |  17.5s | 1.0e-04 | 0.0180 | 0.9549 | 0.9562 | 0.9607 | 0.0211 | 0.9372 | 0.9433 | 0.9321
1098 | 01:23:24 |  17.3s | 1.0e-04 | 0.0177 | 0.9563 | 0.9578 | 0.9627 | 0.0199 | 0.9423 | 0.9466 | 0.9389
1099 | 01:23:56 |  17.6s | 1.0e-04 | 0.0176 | 0.9559 | 0.9588 | 0.9625 | 0.0211 | 0.9481 | 0.9398 | 0.9379
1100 | 01:24:26 |  17.6s | 1.0e-04 | 0.0184 | 0.9547 | 0.9576 | 0.9605 | 0.0209 | 0.9378 | 0.9502 | 0.9381
1101 | 01:24:56 |  17.5s | 1.0e-04 | 0.0178 | 0.9551 | 0.9587 | 0.9618 | 0.0209 | 0.9494 | 0.9296 | 0.9328
1102 | 01:25:27 |  17.4s | 1.0e-04 | 0.0181 | 0.9571 | 0.9576 | 0.9632 | 0.0214 | 0.9392 | 0.9463 | 0.9354
1103 | 01:25:59 |  17.5s | 1.0e-04 | 0.0178 | 0.9544 | 0.9600 | 0.9626 | 0.0220 | 0.9416 | 0.9399 | 0.9322
1104 | 01:26:29 |  17.4s | 1.0e-04 | 0.0178 | 0.9563 | 0.9581 | 0.9618 | 0.0206 | 0.9378 | 0.9515 | 0.9399
1105 | 01:26:58 |  32.4s | 1.0e-04 | 0.0166 | 0.9555 | 0.9575 | 0.9615 | 0.0208 | 0.9328 | 0.9461 | 0.9260
1106 | 01:27:43 |  18.1s | 1.0e-04 | 0.0162 | 0.9558 | 0.9577 | 0.9623 | 0.0200 | 0.9402 | 0.9437 | 0.9337
1107 | 01:28:14 |  18.0s | 1.0e-04 | 0.0162 | 0.9572 | 0.9579 | 0.9636 | 0.0201 | 0.9411 | 0.9504 | 0.9421
1108 | 01:28:44 |  17.8s | 1.0e-04 | 0.0162 | 0.9565 | 0.9577 | 0.9624 | 0.0195 | 0.9359 | 0.9524 | 0.9383
1109 | 01:29:14 |  18.0s | 1.0e-04 | 0.0160 | 0.9559 | 0.9581 | 0.9624 | 0.0200 | 0.9463 | 0.9374 | 0.9344
1110 | 01:29:47 |  17.9s | 1.0e-04 | 0.0166 | 0.9562 | 0.9570 | 0.9619 | 0.0215 | 0.9500 | 0.9263 | 0.9282
1111 | 01:30:18 |  17.9s | 1.0e-04 | 0.0163 | 0.9553 | 0.9577 | 0.9626 | 0.0205 | 0.9489 | 0.9346 | 0.9361
1112 | 01:30:48 |  18.0s | 1.0e-04 | 0.0165 | 0.9566 | 0.9582 | 0.9629 | 0.0210 | 0.9448 | 0.9404 | 0.9354
1113 | 01:31:18 |  17.8s | 1.0e-04 | 0.0167 | 0.9553 | 0.9569 | 0.9605 | 0.0205 | 0.9460 | 0.9379 | 0.9337
1114 | 01:31:51 |  17.8s | 1.0e-04 | 0.0162 | 0.9567 | 0.9592 | 0.9647 | 0.0212 | 0.9348 | 0.9460 | 0.9307
1115 | 01:32:21 |  18.1s | 1.0e-04 | 0.0163 | 0.9561 | 0.9584 | 0.9636 | 0.0204 | 0.9462 | 0.9362 | 0.9343
1116 | 01:32:52 |  17.8s | 1.0e-04 | 0.0165 | 0.9569 | 0.9587 | 0.9634 | 0.0200 | 0.9463 | 0.9376 | 0.9367
1117 | 01:33:24 |  18.0s | 1.0e-04 | 0.0164 | 0.9566 | 0.9573 | 0.9622 | 0.0202 | 0.9468 | 0.9456 | 0.9433
1118 | 01:33:55 |  18.0s | 1.0e-04 | 0.0161 | 0.9555 | 0.9586 | 0.9621 | 0.0210 | 0.9493 | 0.9396 | 0.9389
1119 | 01:34:26 |  18.2s | 1.0e-04 | 0.0167 | 0.9554 | 0.9575 | 0.9622 | 0.0215 | 0.9373 | 0.9454 | 0.9326
1120 | 01:34:56 |  17.9s | 1.0e-04 | 0.0163 | 0.9566 | 0.9586 | 0.9627 | 0.0214 | 0.9399 | 0.9458 | 0.9358
1121 | 01:35:26 |  18.1s | 1.0e-04 | 0.0161 | 0.9553 | 0.9582 | 0.9619 | 0.0202 | 0.9461 | 0.9386 | 0.9359
1122 | 01:35:59 |  17.8s | 1.0e-04 | 0.0165 | 0.9569 | 0.9573 | 0.9623 | 0.0200 | 0.9480 | 0.9337 | 0.9361
1123 | 01:36:29 |  18.7s | 1.0e-04 | 0.0164 | 0.9561 | 0.9586 | 0.9619 | 0.0196 | 0.9497 | 0.9394 | 0.9403
1124 | 01:37:00 |  17.8s | 1.0e-04 | 0.0170 | 0.9550 | 0.9570 | 0.9611 | 0.0204 | 0.9334 | 0.9467 | 0.9307
1125 | 01:37:30 |  17.8s | 1.0e-04 | 0.0169 | 0.9545 | 0.9565 | 0.9601 | 0.0206 | 0.9364 | 0.9532 | 0.9391
1126 | 01:38:04 |  17.3s | 1.0e-04 | 0.0165 | 0.9553 | 0.9571 | 0.9604 | 0.0206 | 0.9401 | 0.9481 | 0.9386
1127 | 01:38:35 |  17.4s | 1.0e-04 | 0.0165 | 0.9550 | 0.9584 | 0.9620 | 0.0207 | 0.9346 | 0.9509 | 0.9352
1128 | 01:39:04 |  17.4s | 1.0e-04 | 0.0161 | 0.9574 | 0.9567 | 0.9625 | 0.0204 | 0.9438 | 0.9394 | 0.9317
1129 | 01:39:34 |  17.4s | 1.0e-04 | 0.0162 | 0.9574 | 0.9582 | 0.9638 | 0.0203 | 0.9446 | 0.9419 | 0.9366
1130 | 01:40:04 |  17.3s | 1.0e-04 | 0.0161 | 0.9565 | 0.9599 | 0.9647 | 0.0207 | 0.9389 | 0.9417 | 0.9309
1131 | 01:40:36 |  17.4s | 1.0e-04 | 0.0161 | 0.9566 | 0.9584 | 0.9631 | 0.0213 | 0.9445 | 0.9386 | 0.9308
1132 | 01:41:06 |  17.3s | 1.0e-04 | 0.0156 | 0.9570 | 0.9605 | 0.9655 | 0.0208 | 0.9441 | 0.9459 | 0.9401
1133 | 01:41:36 |  17.3s | 1.0e-04 | 0.0160 | 0.9547 | 0.9592 | 0.9624 | 0.0202 | 0.9446 | 0.9461 | 0.9412
1134 | 01:42:06 |  17.3s | 1.0e-04 | 0.0159 | 0.9575 | 0.9576 | 0.9642 | 0.0207 | 0.9450 | 0.9394 | 0.9311
1135 | 01:42:38 |  17.2s | 1.0e-04 | 0.0166 | 0.9568 | 0.9559 | 0.9615 | 0.0205 | 0.9435 | 0.9395 | 0.9322
1136 | 01:43:08 |  17.4s | 1.0e-04 | 0.0162 | 0.9569 | 0.9569 | 0.9624 | 0.0199 | 0.9363 | 0.9494 | 0.9358
1137 | 01:43:37 |  17.5s | 1.0e-04 | 0.0157 | 0.9570 | 0.9583 | 0.9636 | 0.0211 | 0.9386 | 0.9408 | 0.9299
1138 | 01:44:07 |  17.4s | 1.0e-04 | 0.0162 | 0.9571 | 0.9581 | 0.9633 | 0.0209 | 0.9410 | 0.9490 | 0.9403
1139 | 01:44:37 |  17.5s | 1.0e-04 | 0.0161 | 0.9560 | 0.9562 | 0.9607 | 0.0213 | 0.9432 | 0.9445 | 0.9382
1140 | 01:45:07 |  17.2s | 1.0e-04 | 0.0163 | 0.9558 | 0.9578 | 0.9623 | 0.0208 | 0.9363 | 0.9432 | 0.9305
1141 | 01:45:37 |  17.5s | 1.0e-04 | 0.0162 | 0.9566 | 0.9581 | 0.9621 | 0.0194 | 0.9463 | 0.9459 | 0.9430
1142 | 01:46:07 |  17.4s | 1.0e-04 | 0.0159 | 0.9559 | 0.9588 | 0.9629 | 0.0214 | 0.9460 | 0.9398 | 0.9336
1143 | 01:46:39 |  17.2s | 1.0e-04 | 0.0159 | 0.9582 | 0.9566 | 0.9634 | 0.0215 | 0.9431 | 0.9372 | 0.9313
1144 | 01:47:09 |  17.5s | 1.0e-04 | 0.0158 | 0.9581 | 0.9588 | 0.9646 | 0.0211 | 0.9458 | 0.9397 | 0.9359
1145 | 01:47:39 |  17.2s | 1.0e-04 | 0.0161 | 0.9562 | 0.9594 | 0.9636 | 0.0205 | 0.9500 | 0.9340 | 0.9358
1146 | 01:48:08 |  32.7s | 1.0e-04 | 0.0163 | 0.9574 | 0.9572 | 0.9638 | 0.0199 | 0.9500 | 0.9316 | 0.9321
1147 | 01:48:53 |  18.0s | 1.0e-04 | 0.0166 | 0.9571 | 0.9578 | 0.9627 | 0.0196 | 0.9433 | 0.9478 | 0.9405
1148 | 01:49:24 |  17.8s | 1.0e-04 | 0.0169 | 0.9558 | 0.9571 | 0.9612 | 0.0200 | 0.9418 | 0.9394 | 0.9312
1149 | 01:49:56 |  18.0s | 1.0e-04 | 0.0166 | 0.9557 | 0.9561 | 0.9608 | 0.0182 | 0.9433 | 0.9462 | 0.9407
1150 | 01:50:26 |  17.9s | 1.0e-04 | 0.0166 | 0.9572 | 0.9568 | 0.9623 | 0.0210 | 0.9340 | 0.9473 | 0.9311
1151 | 01:50:56 |  17.9s | 1.0e-04 | 0.0168 | 0.9551 | 0.9579 | 0.9611 | 0.0197 | 0.9457 | 0.9413 | 0.9383
1152 | 01:51:28 |  17.9s | 1.0e-04 | 0.0163 | 0.9576 | 0.9590 | 0.9648 | 0.0207 | 0.9386 | 0.9484 | 0.9368
1153 | 01:51:59 |  18.0s | 1.0e-04 | 0.0172 | 0.9540 | 0.9580 | 0.9607 | 0.0203 | 0.9460 | 0.9432 | 0.9402
1154 | 01:52:29 |  18.1s | 1.0e-04 | 0.0175 | 0.9541 | 0.9549 | 0.9586 | 0.0210 | 0.9485 | 0.9297 | 0.9322
1155 | 01:53:00 |  17.9s | 1.0e-04 | 0.0164 | 0.9567 | 0.9589 | 0.9634 | 0.0201 | 0.9411 | 0.9455 | 0.9381
1156 | 01:53:30 |  18.0s | 1.0e-04 | 0.0165 | 0.9566 | 0.9588 | 0.9632 | 0.0197 | 0.9481 | 0.9369 | 0.9357
1157 | 01:54:01 |  17.9s | 1.0e-04 | 0.0172 | 0.9558 | 0.9572 | 0.9614 | 0.0195 | 0.9421 | 0.9468 | 0.9385
1158 | 01:54:32 |  18.0s | 1.0e-04 | 0.0168 | 0.9549 | 0.9560 | 0.9596 | 0.0211 | 0.9255 | 0.9578 | 0.9349
1159 | 01:55:04 |  18.1s | 1.0e-04 | 0.0168 | 0.9550 | 0.9593 | 0.9619 | 0.0201 | 0.9415 | 0.9419 | 0.9347
1160 | 01:55:35 |  18.2s | 1.0e-04 | 0.0175 | 0.9543 | 0.9577 | 0.9601 | 0.0212 | 0.9462 | 0.9320 | 0.9290
1161 | 01:56:06 |  18.1s | 1.0e-04 | 0.0165 | 0.9582 | 0.9573 | 0.9640 | 0.0215 | 0.9482 | 0.9327 | 0.9308
1162 | 01:56:36 |  17.8s | 1.0e-04 | 0.0169 | 0.9552 | 0.9570 | 0.9606 | 0.0211 | 0.9387 | 0.9484 | 0.9368
1163 | 01:57:08 |  18.1s | 1.0e-04 | 0.0171 | 0.9558 | 0.9567 | 0.9607 | 0.0203 | 0.9415 | 0.9489 | 0.9405
1164 | 01:57:39 |  17.9s | 1.0e-04 | 0.0168 | 0.9551 | 0.9589 | 0.9617 | 0.0212 | 0.9467 | 0.9416 | 0.9387
1165 | 01:58:09 |  18.0s | 1.0e-04 | 0.0164 | 0.9579 | 0.9586 | 0.9651 | 0.0199 | 0.9482 | 0.9415 | 0.9406
1166 | 01:58:40 |  18.1s | 1.0e-04 | 0.0174 | 0.9540 | 0.9555 | 0.9585 | 0.0207 | 0.9480 | 0.9356 | 0.9348
1167 | 01:59:12 |  33.0s | 1.0e-04 | 0.0174 | 0.9546 | 0.9560 | 0.9591 | 0.0191 | 0.9473 | 0.9369 | 0.9367
1168 | 01:59:59 |  17.3s | 1.0e-04 | 0.0175 | 0.9565 | 0.9575 | 0.9623 | 0.0198 | 0.9435 | 0.9447 | 0.9377
1169 | 02:00:30 |  17.4s | 1.0e-04 | 0.0172 | 0.9548 | 0.9579 | 0.9610 | 0.0200 | 0.9426 | 0.9469 | 0.9401
1170 | 02:01:00 |  17.5s | 1.0e-04 | 0.0174 | 0.9565 | 0.9591 | 0.9633 | 0.0198 | 0.9471 | 0.9439 | 0.9424
1171 | 02:01:29 |  17.3s | 1.0e-04 | 0.0176 | 0.9557 | 0.9587 | 0.9630 | 0.0205 | 0.9499 | 0.9335 | 0.9359
1172 | 02:01:58 |  17.5s | 1.0e-04 | 0.0175 | 0.9564 | 0.9568 | 0.9606 | 0.0206 | 0.9443 | 0.9451 | 0.9382
1173 | 02:02:27 |  17.4s | 1.0e-04 | 0.0180 | 0.9539 | 0.9576 | 0.9609 | 0.0200 | 0.9435 | 0.9418 | 0.9359
1174 | 02:02:58 |  17.2s | 1.0e-04 | 0.0177 | 0.9537 | 0.9572 | 0.9601 | 0.0200 | 0.9476 | 0.9382 | 0.9361
1175 | 02:03:27 |  17.4s | 1.0e-04 | 0.0175 | 0.9560 | 0.9591 | 0.9624 | 0.0204 | 0.9414 | 0.9381 | 0.9317
1176 | 02:03:58 |  17.2s | 1.0e-04 | 0.0177 | 0.9547 | 0.9583 | 0.9610 | 0.0203 | 0.9397 | 0.9505 | 0.9402
1177 | 02:04:30 |  17.3s | 1.0e-04 | 0.0176 | 0.9563 | 0.9578 | 0.9622 | 0.0204 | 0.9429 | 0.9472 | 0.9400
1178 | 02:04:59 |  17.5s | 1.0e-04 | 0.0172 | 0.9563 | 0.9575 | 0.9621 | 0.0203 | 0.9517 | 0.9379 | 0.9393
1179 | 02:05:29 |  17.3s | 1.0e-04 | 0.0179 | 0.9566 | 0.9582 | 0.9627 | 0.0198 | 0.9460 | 0.9450 | 0.9392
1180 | 02:06:00 |  17.5s | 1.0e-04 | 0.0176 | 0.9564 | 0.9578 | 0.9622 | 0.0200 | 0.9425 | 0.9379 | 0.9324
1181 | 02:06:31 |  17.2s | 1.0e-04 | 0.0174 | 0.9561 | 0.9601 | 0.9634 | 0.0205 | 0.9436 | 0.9395 | 0.9329
1182 | 02:07:00 |  17.4s | 1.0e-04 | 0.0175 | 0.9556 | 0.9589 | 0.9626 | 0.0212 | 0.9465 | 0.9337 | 0.9328
1183 | 02:07:30 |  17.4s | 1.0e-04 | 0.0177 | 0.9551 | 0.9582 | 0.9612 | 0.0213 | 0.9435 | 0.9415 | 0.9350
1184 | 02:08:00 |  17.4s | 1.0e-04 | 0.0172 | 0.9561 | 0.9596 | 0.9633 | 0.0203 | 0.9343 | 0.9530 | 0.9380
1185 | 02:08:32 |  17.4s | 1.0e-04 | 0.0179 | 0.9544 | 0.9576 | 0.9602 | 0.0211 | 0.9368 | 0.9434 | 0.9293
1186 | 02:09:02 |  17.4s | 1.0e-04 | 0.0173 | 0.9561 | 0.9561 | 0.9611 | 0.0211 | 0.9374 | 0.9447 | 0.9328
1187 | 02:09:31 |  17.2s | 1.0e-04 | 0.0176 | 0.9559 | 0.9582 | 0.9629 | 0.0212 | 0.9337 | 0.9474 | 0.9301
1188 | 02:10:02 |  29.5s | 1.0e-04 | 0.0170 | 0.9551 | 0.9582 | 0.9613 | 0.0205 | 0.9401 | 0.9395 | 0.9268
1189 | 02:10:46 |  17.4s | 1.0e-04 | 0.0161 | 0.9574 | 0.9590 | 0.9641 | 0.0206 | 0.9380 | 0.9456 | 0.9330
1190 | 02:11:15 |  17.4s | 1.0e-04 | 0.0167 | 0.9551 | 0.9588 | 0.9616 | 0.0203 | 0.9425 | 0.9428 | 0.9339
1191 | 02:11:44 |  17.3s | 1.0e-04 | 0.0165 | 0.9560 | 0.9588 | 0.9630 | 0.0203 | 0.9353 | 0.9462 | 0.9304
1192 | 02:12:14 |  17.2s | 1.0e-04 | 0.0167 | 0.9549 | 0.9592 | 0.9623 | 0.0209 | 0.9426 | 0.9436 | 0.9375
1193 | 02:12:43 |  17.5s | 1.0e-04 | 0.0164 | 0.9552 | 0.9597 | 0.9626 | 0.0199 | 0.9377 | 0.9471 | 0.9350
1194 | 02:13:14 |  17.1s | 1.0e-04 | 0.0169 | 0.9550 | 0.9583 | 0.9609 | 0.0194 | 0.9358 | 0.9432 | 0.9287
1195 | 02:13:45 |  17.1s | 1.0e-04 | 0.0164 | 0.9571 | 0.9596 | 0.9649 | 0.0214 | 0.9331 | 0.9493 | 0.9323
1196 | 02:14:15 |  17.4s | 1.0e-04 | 0.0161 | 0.9572 | 0.9614 | 0.9655 | 0.0207 | 0.9383 | 0.9412 | 0.9306
1197 | 02:14:45 |  17.4s | 1.0e-04 | 0.0167 | 0.9569 | 0.9588 | 0.9631 | 0.0204 | 0.9400 | 0.9475 | 0.9372
1198 | 02:15:15 |  17.2s | 1.0e-04 | 0.0171 | 0.9542 | 0.9569 | 0.9589 | 0.0217 | 0.9408 | 0.9379 | 0.9302
1199 | 02:15:46 |  17.3s | 1.0e-04 | 0.0166 | 0.9558 | 0.9601 | 0.9649 | 0.0212 | 0.9434 | 0.9360 | 0.9317
1200 | 02:16:17 |  17.4s | 1.0e-04 | 0.0168 | 0.9571 | 0.9574 | 0.9624 | 0.0203 | 0.9375 | 0.9441 | 0.9331
1201 | 02:16:46 |  17.5s | 1.0e-04 | 0.0164 | 0.9564 | 0.9585 | 0.9637 | 0.0204 | 0.9460 | 0.9443 | 0.9413
1202 | 02:17:16 |  17.2s | 1.0e-04 | 0.0165 | 0.9569 | 0.9588 | 0.9644 | 0.0211 | 0.9358 | 0.9472 | 0.9326
1203 | 02:17:47 |  17.1s | 1.0e-04 | 0.0166 | 0.9558 | 0.9577 | 0.9623 | 0.0211 | 0.9441 | 0.9401 | 0.9341
1204 | 02:18:18 |  17.2s | 1.0e-04 | 0.0167 | 0.9568 | 0.9580 | 0.9629 | 0.0212 | 0.9398 | 0.9509 | 0.9403
1205 | 02:18:47 |  17.3s | 1.0e-04 | 0.0167 | 0.9557 | 0.9593 | 0.9623 | 0.0206 | 0.9455 | 0.9384 | 0.9324
1206 | 02:19:17 |  17.3s | 1.0e-04 | 0.0163 | 0.9565 | 0.9592 | 0.9640 | 0.0197 | 0.9428 | 0.9404 | 0.9346
1207 | 02:19:46 |  17.2s | 1.0e-04 | 0.0165 | 0.9558 | 0.9590 | 0.9633 | 0.0205 | 0.9407 | 0.9468 | 0.9373
1208 | 02:20:18 |  17.1s | 1.0e-04 | 0.0162 | 0.9559 | 0.9601 | 0.9635 | 0.0213 | 0.9384 | 0.9442 | 0.9321
1209 | 02:20:48 |  36.8s | 1.0e-04 | 0.0166 | 0.9568 | 0.9576 | 0.9631 | 0.0209 | 0.9490 | 0.9368 | 0.9374
1210 | 02:21:37 |  17.5s | 1.0e-04 | 0.0163 | 0.9553 | 0.9561 | 0.9602 | 0.0195 | 0.9399 | 0.9507 | 0.9399
1211 | 02:22:08 |  17.5s | 1.0e-04 | 0.0166 | 0.9559 | 0.9557 | 0.9609 | 0.0204 | 0.9430 | 0.9420 | 0.9360
1212 | 02:22:40 |  17.7s | 1.0e-04 | 0.0164 | 0.9555 | 0.9555 | 0.9607 | 0.0192 | 0.9455 | 0.9489 | 0.9440
1213 | 02:23:10 |  17.9s | 1.0e-04 | 0.0169 | 0.9552 | 0.9557 | 0.9598 | 0.0208 | 0.9507 | 0.9281 | 0.9328
1214 | 02:23:40 |  17.6s | 1.0e-04 | 0.0168 | 0.9531 | 0.9548 | 0.9576 | 0.0204 | 0.9348 | 0.9490 | 0.9340
1215 | 02:24:11 |  17.5s | 1.0e-04 | 0.0163 | 0.9538 | 0.9577 | 0.9601 | 0.0194 | 0.9413 | 0.9462 | 0.9361
1216 | 02:24:42 |  17.6s | 1.0e-04 | 0.0166 | 0.9541 | 0.9570 | 0.9592 | 0.0206 | 0.9399 | 0.9504 | 0.9400
1217 | 02:25:12 |  17.8s | 1.0e-04 | 0.0165 | 0.9544 | 0.9565 | 0.9598 | 0.0200 | 0.9447 | 0.9423 | 0.9363
1218 | 02:25:41 |  17.8s | 1.0e-04 | 0.0169 | 0.9540 | 0.9570 | 0.9592 | 0.0196 | 0.9413 | 0.9455 | 0.9361
1219 | 02:26:13 |  17.4s | 1.0e-04 | 0.0163 | 0.9532 | 0.9567 | 0.9588 | 0.0215 | 0.9361 | 0.9471 | 0.9337
1220 | 02:26:45 |  17.9s | 1.0e-04 | 0.0167 | 0.9553 | 0.9553 | 0.9593 | 0.0200 | 0.9434 | 0.9440 | 0.9380
1221 | 02:27:15 |  17.7s | 1.0e-04 | 0.0167 | 0.9537 | 0.9569 | 0.9585 | 0.0213 | 0.9459 | 0.9343 | 0.9330
1222 | 02:27:44 |  17.6s | 1.0e-04 | 0.0161 | 0.9550 | 0.9584 | 0.9618 | 0.0198 | 0.9456 | 0.9485 | 0.9440
1223 | 02:28:13 |  17.6s | 1.0e-04 | 0.0161 | 0.9555 | 0.9576 | 0.9615 | 0.0213 | 0.9389 | 0.9393 | 0.9276
1224 | 02:28:45 |  17.4s | 1.0e-04 | 0.0162 | 0.9551 | 0.9570 | 0.9605 | 0.0212 | 0.9326 | 0.9502 | 0.9328
1225 | 02:29:16 |  18.2s | 1.0e-04 | 0.0165 | 0.9549 | 0.9562 | 0.9596 | 0.0200 | 0.9392 | 0.9486 | 0.9385
1226 | 02:29:48 |  17.5s | 1.0e-04 | 0.0162 | 0.9546 | 0.9567 | 0.9600 | 0.0200 | 0.9445 | 0.9464 | 0.9418
1227 | 02:30:18 |  17.7s | 1.0e-04 | 0.0165 | 0.9552 | 0.9567 | 0.9608 | 0.0196 | 0.9385 | 0.9469 | 0.9358
1228 | 02:30:47 |  17.6s | 1.0e-04 | 0.0168 | 0.9551 | 0.9566 | 0.9599 | 0.0203 | 0.9511 | 0.9362 | 0.9356
1229 | 02:31:19 |  17.6s | 1.0e-04 | 0.0166 | 0.9554 | 0.9580 | 0.9618 | 0.0200 | 0.9392 | 0.9498 | 0.9390
1230 | 02:31:50 |  33.0s | 1.0e-04 | 0.0166 | 0.9546 | 0.9570 | 0.9613 | 0.0202 | 0.9444 | 0.9440 | 0.9369
1231 | 02:32:38 |  17.7s | 1.0e-04 | 0.0160 | 0.9582 | 0.9588 | 0.9646 | 0.0201 | 0.9409 | 0.9457 | 0.9371
1232 | 02:33:08 |  17.9s | 1.0e-04 | 0.0162 | 0.9559 | 0.9587 | 0.9631 | 0.0204 | 0.9428 | 0.9394 | 0.9327
1233 | 02:33:39 |  17.9s | 1.0e-04 | 0.0164 | 0.9574 | 0.9594 | 0.9644 | 0.0211 | 0.9314 | 0.9483 | 0.9293
1234 | 02:34:09 |  17.7s | 1.0e-04 | 0.0167 | 0.9556 | 0.9580 | 0.9616 | 0.0194 | 0.9487 | 0.9409 | 0.9422
1235 | 02:34:41 |  17.6s | 1.0e-04 | 0.0168 | 0.9562 | 0.9572 | 0.9620 | 0.0205 | 0.9453 | 0.9434 | 0.9391
1236 | 02:35:12 |  17.9s | 1.0e-04 | 0.0164 | 0.9559 | 0.9578 | 0.9624 | 0.0205 | 0.9400 | 0.9489 | 0.9395
1237 | 02:35:42 |  17.7s | 1.0e-04 | 0.0161 | 0.9571 | 0.9577 | 0.9629 | 0.0211 | 0.9457 | 0.9366 | 0.9333
1238 | 02:36:12 |  17.7s | 1.0e-04 | 0.0163 | 0.9562 | 0.9565 | 0.9619 | 0.0206 | 0.9417 | 0.9410 | 0.9338
1239 | 02:36:41 |  17.8s | 1.0e-04 | 0.0163 | 0.9567 | 0.9573 | 0.9623 | 0.0201 | 0.9355 | 0.9478 | 0.9324
1240 | 02:37:11 |  17.6s | 1.0e-04 | 0.0162 | 0.9557 | 0.9579 | 0.9627 | 0.0199 | 0.9451 | 0.9442 | 0.9381
1241 | 02:37:43 |  17.8s | 1.0e-04 | 0.0168 | 0.9544 | 0.9571 | 0.9609 | 0.0202 | 0.9382 | 0.9492 | 0.9376
1242 | 02:38:14 |  18.1s | 1.0e-04 | 0.0165 | 0.9571 | 0.9585 | 0.9640 | 0.0209 | 0.9342 | 0.9449 | 0.9283
1243 | 02:38:46 |  17.9s | 1.0e-04 | 0.0161 | 0.9591 | 0.9576 | 0.9653 | 0.0203 | 0.9370 | 0.9542 | 0.9405
1244 | 02:39:16 |  17.7s | 1.0e-04 | 0.0167 | 0.9568 | 0.9564 | 0.9618 | 0.0209 | 0.9430 | 0.9421 | 0.9339
1245 | 02:39:46 |  17.5s | 1.0e-04 | 0.0161 | 0.9569 | 0.9568 | 0.9626 | 0.0197 | 0.9490 | 0.9370 | 0.9393
1246 | 02:40:16 |  17.5s | 1.0e-04 | 0.0167 | 0.9557 | 0.9553 | 0.9603 | 0.0200 | 0.9506 | 0.9321 | 0.9363
1247 | 02:40:48 |  17.8s | 1.0e-04 | 0.0162 | 0.9557 | 0.9599 | 0.9635 | 0.0205 | 0.9384 | 0.9461 | 0.9357
1248 | 02:41:18 |  17.8s | 1.0e-04 | 0.0164 | 0.9551 | 0.9590 | 0.9620 | 0.0195 | 0.9449 | 0.9435 | 0.9391
1249 | 02:41:48 |  17.7s | 1.0e-04 | 0.0166 | 0.9541 | 0.9571 | 0.9611 | 0.0199 | 0.9419 | 0.9437 | 0.9353
1250 | 02:42:19 |  17.6s | 1.0e-04 | 0.0161 | 0.9568 | 0.9588 | 0.9635 | 0.0203 | 0.9424 | 0.9470 | 0.9389
1251 | 02:42:54 |  17.4s | 1.0e-04 | 0.0164 | 0.9576 | 0.9586 | 0.9637 | 0.0194 | 0.9377 | 0.9473 | 0.9349
1252 | 02:43:23 |  17.5s | 1.0e-04 | 0.0166 | 0.9571 | 0.9599 | 0.9650 | 0.0206 | 0.9321 | 0.9493 | 0.9312
1253 | 02:43:53 |  17.1s | 1.0e-04 | 0.0162 | 0.9573 | 0.9611 | 0.9658 | 0.0201 | 0.9499 | 0.9373 | 0.9386
1254 | 02:44:24 |  17.5s | 1.0e-04 | 0.0165 | 0.9580 | 0.9604 | 0.9657 | 0.0209 | 0.9387 | 0.9492 | 0.9365
1255 | 02:44:55 |  17.7s | 1.0e-04 | 0.0169 | 0.9566 | 0.9595 | 0.9641 | 0.0202 | 0.9403 | 0.9454 | 0.9366
1256 | 02:45:25 |  17.4s | 1.0e-04 | 0.0171 | 0.9552 | 0.9601 | 0.9630 | 0.0201 | 0.9428 | 0.9436 | 0.9374
1257 | 02:45:56 |  17.7s | 1.0e-04 | 0.0169 | 0.9571 | 0.9583 | 0.9631 | 0.0203 | 0.9421 | 0.9429 | 0.9358
1258 | 02:46:25 |  17.6s | 1.0e-04 | 0.0163 | 0.9571 | 0.9608 | 0.9648 | 0.0191 | 0.9521 | 0.9396 | 0.9436
1259 | 02:46:55 |  17.5s | 1.0e-04 | 0.0162 | 0.9569 | 0.9602 | 0.9649 | 0.0198 | 0.9530 | 0.9432 | 0.9464
1260 | 02:47:25 |  17.4s | 1.0e-04 | 0.0164 | 0.9574 | 0.9590 | 0.9648 | 0.0208 | 0.9416 | 0.9434 | 0.9345
1261 | 02:47:54 |  17.3s | 1.0e-04 | 0.0162 | 0.9586 | 0.9616 | 0.9671 | 0.0198 | 0.9440 | 0.9444 | 0.9378
1262 | 02:48:26 |  17.5s | 1.0e-04 | 0.0165 | 0.9579 | 0.9605 | 0.9657 | 0.0210 | 0.9353 | 0.9493 | 0.9337
1263 | 02:48:56 |  17.3s | 1.0e-04 | 0.0164 | 0.9587 | 0.9598 | 0.9659 | 0.0213 | 0.9480 | 0.9379 | 0.9347
1264 | 02:49:26 |  17.5s | 1.0e-04 | 0.0164 | 0.9579 | 0.9585 | 0.9646 | 0.0203 | 0.9356 | 0.9525 | 0.9384
1265 | 02:49:55 |  17.3s | 1.0e-04 | 0.0164 | 0.9580 | 0.9595 | 0.9657 | 0.0206 | 0.9457 | 0.9384 | 0.9356
1266 | 02:50:27 |  17.3s | 1.0e-04 | 0.0164 | 0.9575 | 0.9593 | 0.9649 | 0.0207 | 0.9479 | 0.9368 | 0.9342
1267 | 02:50:57 |  17.4s | 1.0e-04 | 0.0167 | 0.9577 | 0.9579 | 0.9646 | 0.0204 | 0.9391 | 0.9483 | 0.9373
1268 | 02:51:27 |  17.6s | 1.0e-04 | 0.0166 | 0.9589 | 0.9591 | 0.9656 | 0.0201 | 0.9448 | 0.9433 | 0.9385
1269 | 02:51:57 |  17.4s | 1.0e-04 | 0.0166 | 0.9562 | 0.9594 | 0.9639 | 0.0202 | 0.9431 | 0.9357 | 0.9316
1270 | 02:52:28 |  26.8s | 1.0e-04 | 0.0163 | 0.9579 | 0.9595 | 0.9654 | 0.0212 | 0.9426 | 0.9406 | 0.9321
1271 | 02:53:06 |  30.0s | 1.0e-04 | 0.0168 | 0.9568 | 0.9570 | 0.9621 | 0.0208 | 0.9447 | 0.9426 | 0.9385
1272 | 02:53:49 |  17.4s | 1.0e-04 | 0.0174 | 0.9567 | 0.9573 | 0.9623 | 0.0206 | 0.9355 | 0.9509 | 0.9360
1273 | 02:54:18 |  17.8s | 1.0e-04 | 0.0167 | 0.9574 | 0.9606 | 0.9643 | 0.0197 | 0.9346 | 0.9560 | 0.9424
1274 | 02:54:48 |  17.7s | 1.0e-04 | 0.0173 | 0.9563 | 0.9585 | 0.9631 | 0.0205 | 0.9424 | 0.9441 | 0.9378
1275 | 02:55:18 |  17.3s | 1.0e-04 | 0.0169 | 0.9560 | 0.9581 | 0.9626 | 0.0201 | 0.9404 | 0.9515 | 0.9414
1276 | 02:55:49 |  17.6s | 1.0e-04 | 0.0173 | 0.9567 | 0.9589 | 0.9644 | 0.0200 | 0.9456 | 0.9422 | 0.9381
1277 | 02:56:19 |  17.5s | 1.0e-04 | 0.0172 | 0.9576 | 0.9589 | 0.9639 | 0.0194 | 0.9446 | 0.9451 | 0.9415
1278 | 02:56:51 |  17.4s | 1.0e-04 | 0.0174 | 0.9562 | 0.9568 | 0.9614 | 0.0192 | 0.9424 | 0.9511 | 0.9435
1279 | 02:57:22 |  17.6s | 1.0e-04 | 0.0170 | 0.9571 | 0.9593 | 0.9637 | 0.0206 | 0.9396 | 0.9488 | 0.9385
1280 | 02:57:51 |  17.7s | 1.0e-04 | 0.0172 | 0.9568 | 0.9593 | 0.9643 | 0.0199 | 0.9423 | 0.9554 | 0.9472
1281 | 02:58:21 |  17.5s | 1.0e-04 | 0.0171 | 0.9576 | 0.9593 | 0.9646 | 0.0202 | 0.9421 | 0.9432 | 0.9361
1282 | 02:58:53 |  17.5s | 1.0e-04 | 0.0173 | 0.9571 | 0.9576 | 0.9629 | 0.0202 | 0.9424 | 0.9469 | 0.9400
1283 | 02:59:23 |  17.5s | 1.0e-04 | 0.0168 | 0.9562 | 0.9583 | 0.9637 | 0.0198 | 0.9392 | 0.9469 | 0.9359
1284 | 02:59:52 |  17.7s | 1.0e-04 | 0.0170 | 0.9558 | 0.9595 | 0.9624 | 0.0202 | 0.9420 | 0.9435 | 0.9350
1285 | 03:00:23 |  17.5s | 1.0e-04 | 0.0171 | 0.9568 | 0.9593 | 0.9638 | 0.0205 | 0.9488 | 0.9388 | 0.9381
1286 | 03:00:55 |  17.6s | 1.0e-04 | 0.0166 | 0.9574 | 0.9590 | 0.9646 | 0.0194 | 0.9405 | 0.9502 | 0.9410
1287 | 03:01:24 |  17.6s | 1.0e-04 | 0.0171 | 0.9563 | 0.9595 | 0.9632 | 0.0211 | 0.9315 | 0.9516 | 0.9348
1288 | 03:01:54 |  17.5s | 1.0e-04 | 0.0171 | 0.9563 | 0.9587 | 0.9629 | 0.0202 | 0.9434 | 0.9446 | 0.9396
1289 | 03:02:26 |  17.5s | 1.0e-04 | 0.0175 | 0.9559 | 0.9579 | 0.9624 | 0.0200 | 0.9479 | 0.9409 | 0.9397
1290 | 03:02:56 |  17.5s | 1.0e-04 | 0.0173 | 0.9562 | 0.9576 | 0.9625 | 0.0208 | 0.9462 | 0.9367 | 0.9308
1291 | 03:03:28 |  25.5s | 1.0e-04 | 0.0171 | 0.9563 | 0.9581 | 0.9626 | 0.0192 | 0.9351 | 0.9543 | 0.9413
1292 | 03:04:06 |  30.3s | 1.0e-04 | 0.0167 | 0.9574 | 0.9586 | 0.9648 | 0.0209 | 0.9448 | 0.9376 | 0.9315
1293 | 03:04:49 |  17.6s | 1.0e-04 | 0.0167 | 0.9573 | 0.9608 | 0.9655 | 0.0202 | 0.9386 | 0.9471 | 0.9359
1294 | 03:05:19 |  17.7s | 1.0e-04 | 0.0166 | 0.9572 | 0.9584 | 0.9633 | 0.0204 | 0.9427 | 0.9435 | 0.9368
1295 | 03:05:49 |  17.7s | 1.0e-04 | 0.0173 | 0.9555 | 0.9582 | 0.9622 | 0.0203 | 0.9404 | 0.9449 | 0.9355
1296 | 03:06:19 |  17.8s | 1.0e-04 | 0.0165 | 0.9585 | 0.9596 | 0.9651 | 0.0202 | 0.9384 | 0.9570 | 0.9445
1297 | 03:06:52 |  17.5s | 1.0e-04 | 0.0172 | 0.9566 | 0.9590 | 0.9630 | 0.0202 | 0.9433 | 0.9481 | 0.9403
1298 | 03:07:21 |  17.6s | 1.0e-04 | 0.0165 | 0.9568 | 0.9598 | 0.9642 | 0.0204 | 0.9394 | 0.9470 | 0.9368
1299 | 03:07:51 |  17.8s | 1.0e-04 | 0.0167 | 0.9566 | 0.9596 | 0.9645 | 0.0200 | 0.9422 | 0.9392 | 0.9315
1300 | 03:08:22 |  17.7s | 1.0e-04 | 0.0170 | 0.9581 | 0.9585 | 0.9647 | 0.0189 | 0.9519 | 0.9401 | 0.9459
1301 | 03:08:53 |  17.6s | 1.0e-04 | 0.0169 | 0.9567 | 0.9599 | 0.9639 | 0.0205 | 0.9446 | 0.9481 | 0.9426
1302 | 03:09:23 |  17.6s | 1.0e-04 | 0.0166 | 0.9581 | 0.9591 | 0.9651 | 0.0208 | 0.9466 | 0.9332 | 0.9284
1303 | 03:09:53 |  17.6s | 1.0e-04 | 0.0168 | 0.9569 | 0.9584 | 0.9634 | 0.0205 | 0.9492 | 0.9339 | 0.9322
1304 | 03:10:24 |  17.6s | 1.0e-04 | 0.0172 | 0.9566 | 0.9586 | 0.9633 | 0.0209 | 0.9478 | 0.9404 | 0.9384
1305 | 03:10:55 |  17.8s | 1.0e-04 | 0.0164 | 0.9572 | 0.9603 | 0.9655 | 0.0201 | 0.9432 | 0.9440 | 0.9376
1306 | 03:11:25 |  17.8s | 1.0e-04 | 0.0166 | 0.9575 | 0.9600 | 0.9654 | 0.0206 | 0.9363 | 0.9451 | 0.9301
1307 | 03:11:55 |  17.7s | 1.0e-04 | 0.0169 | 0.9563 | 0.9583 | 0.9624 | 0.0209 | 0.9471 | 0.9435 | 0.9387
1308 | 03:12:27 |  17.5s | 1.0e-04 | 0.0165 | 0.9580 | 0.9593 | 0.9644 | 0.0203 | 0.9491 | 0.9391 | 0.9355
1309 | 03:12:57 |  17.9s | 1.0e-04 | 0.0167 | 0.9586 | 0.9595 | 0.9661 | 0.0212 | 0.9425 | 0.9405 | 0.9339
1310 | 03:13:29 |  17.6s | 1.0e-04 | 0.0170 | 0.9567 | 0.9590 | 0.9643 | 0.0215 | 0.9496 | 0.9365 | 0.9362
1311 | 03:13:58 |  17.7s | 1.0e-04 | 0.0168 | 0.9568 | 0.9581 | 0.9628 | 0.0204 | 0.9452 | 0.9436 | 0.9393
1312 | 03:14:28 |  27.2s | 1.0e-04 | 0.0169 | 0.9572 | 0.9585 | 0.9646 | 0.0210 | 0.9444 | 0.9430 | 0.9375
1313 | 03:15:08 |  30.3s | 1.0e-04 | 0.0170 | 0.9554 | 0.9550 | 0.9606 | 0.0199 | 0.9502 | 0.9429 | 0.9440
1314 | 03:15:53 |  17.6s | 1.0e-04 | 0.0175 | 0.9526 | 0.9528 | 0.9544 | 0.0196 | 0.9450 | 0.9424 | 0.9366
1315 | 03:16:23 |  17.6s | 1.0e-04 | 0.0174 | 0.9538 | 0.9545 | 0.9573 | 0.0206 | 0.9395 | 0.9464 | 0.9354
1316 | 03:16:52 |  17.7s | 1.0e-04 | 0.0173 | 0.9543 | 0.9549 | 0.9579 | 0.0200 | 0.9374 | 0.9528 | 0.9407
1317 | 03:17:22 |  17.4s | 1.0e-04 | 0.0174 | 0.9531 | 0.9557 | 0.9583 | 0.0206 | 0.9335 | 0.9548 | 0.9386
1318 | 03:17:53 |  17.7s | 1.0e-04 | 0.0175 | 0.9540 | 0.9539 | 0.9575 | 0.0195 | 0.9453 | 0.9507 | 0.9456
1319 | 03:18:24 |  17.6s | 1.0e-04 | 0.0173 | 0.9550 | 0.9539 | 0.9581 | 0.0194 | 0.9433 | 0.9472 | 0.9404
1320 | 03:18:53 |  17.6s | 1.0e-04 | 0.0175 | 0.9546 | 0.9532 | 0.9568 | 0.0200 | 0.9476 | 0.9388 | 0.9372
1321 | 03:19:24 |  17.5s | 1.0e-04 | 0.0179 | 0.9527 | 0.9516 | 0.9544 | 0.0198 | 0.9450 | 0.9429 | 0.9380
1322 | 03:19:56 |  17.2s | 1.0e-04 | 0.0176 | 0.9533 | 0.9546 | 0.9578 | 0.0196 | 0.9415 | 0.9449 | 0.9367
1323 | 03:20:27 |  17.5s | 1.0e-04 | 0.0171 | 0.9544 | 0.9565 | 0.9604 | 0.0195 | 0.9388 | 0.9460 | 0.9362
1324 | 03:20:56 |  17.6s | 1.0e-04 | 0.0178 | 0.9537 | 0.9551 | 0.9576 | 0.0206 | 0.9510 | 0.9338 | 0.9380
1325 | 03:21:26 |  17.8s | 1.0e-04 | 0.0177 | 0.9535 | 0.9549 | 0.9572 | 0.0202 | 0.9389 | 0.9450 | 0.9327
1326 | 03:21:59 |  17.6s | 1.0e-04 | 0.0176 | 0.9532 | 0.9545 | 0.9574 | 0.0195 | 0.9522 | 0.9367 | 0.9450
1327 | 03:22:31 |  17.8s | 1.0e-04 | 0.0175 | 0.9538 | 0.9534 | 0.9567 | 0.0209 | 0.9333 | 0.9484 | 0.9313
1328 | 03:23:00 |  17.6s | 1.0e-04 | 0.0175 | 0.9543 | 0.9562 | 0.9598 | 0.0195 | 0.9428 | 0.9447 | 0.9379
1329 | 03:23:30 |  17.6s | 1.0e-04 | 0.0172 | 0.9530 | 0.9557 | 0.9575 | 0.0212 | 0.9404 | 0.9412 | 0.9312
1330 | 03:24:01 |  17.7s | 1.0e-04 | 0.0178 | 0.9533 | 0.9542 | 0.9573 | 0.0205 | 0.9392 | 0.9438 | 0.9331
1331 | 03:24:32 |  17.7s | 1.0e-04 | 0.0173 | 0.9524 | 0.9563 | 0.9580 | 0.0200 | 0.9395 | 0.9534 | 0.9427
1332 | 03:25:02 |  17.3s | 1.0e-04 | 0.0176 | 0.9542 | 0.9548 | 0.9577 | 0.0199 | 0.9381 | 0.9433 | 0.9316
1333 | 03:25:31 |  28.0s | 1.0e-04 | 0.0174 | 0.9532 | 0.9559 | 0.9584 | 0.0208 | 0.9498 | 0.9414 | 0.9418
1334 | 03:26:11 |  30.0s | 1.0e-04 | 0.0171 | 0.9564 | 0.9570 | 0.9616 | 0.0199 | 0.9414 | 0.9433 | 0.9351
1335 | 03:26:56 |  17.1s | 1.0e-04 | 0.0172 | 0.9561 | 0.9577 | 0.9622 | 0.0205 | 0.9425 | 0.9486 | 0.9414
1336 | 03:27:26 |  17.2s | 1.0e-04 | 0.0176 | 0.9548 | 0.9564 | 0.9611 | 0.0193 | 0.9396 | 0.9477 | 0.9367
1337 | 03:27:54 |  17.4s | 1.0e-04 | 0.0170 | 0.9565 | 0.9593 | 0.9638 | 0.0199 | 0.9431 | 0.9449 | 0.9380
1338 | 03:28:24 |  17.5s | 1.0e-04 | 0.0169 | 0.9559 | 0.9586 | 0.9635 | 0.0204 | 0.9371 | 0.9470 | 0.9339
1339 | 03:28:52 |  17.4s | 1.0e-04 | 0.0171 | 0.9536 | 0.9575 | 0.9597 | 0.0203 | 0.9409 | 0.9455 | 0.9353
1340 | 03:29:22 |  17.2s | 1.0e-04 | 0.0169 | 0.9564 | 0.9591 | 0.9625 | 0.0202 | 0.9525 | 0.9453 | 0.9484
1341 | 03:29:53 |  17.4s | 1.0e-04 | 0.0173 | 0.9559 | 0.9583 | 0.9619 | 0.0197 | 0.9396 | 0.9427 | 0.9327
1342 | 03:30:24 |  17.4s | 1.0e-04 | 0.0172 | 0.9544 | 0.9583 | 0.9609 | 0.0201 | 0.9415 | 0.9437 | 0.9340
1343 | 03:30:54 |  17.0s | 1.0e-04 | 0.0173 | 0.9558 | 0.9578 | 0.9624 | 0.0204 | 0.9379 | 0.9485 | 0.9367
1344 | 03:31:26 |  17.2s | 1.0e-04 | 0.0176 | 0.9554 | 0.9564 | 0.9603 | 0.0211 | 0.9434 | 0.9417 | 0.9342
1345 | 03:31:56 |  17.4s | 1.0e-04 | 0.0169 | 0.9571 | 0.9583 | 0.9635 | 0.0207 | 0.9408 | 0.9486 | 0.9398
1346 | 03:32:25 |  17.2s | 1.0e-04 | 0.0168 | 0.9561 | 0.9593 | 0.9633 | 0.0202 | 0.9493 | 0.9366 | 0.9371
1347 | 03:32:55 |  17.2s | 1.0e-04 | 0.0170 | 0.9576 | 0.9586 | 0.9641 | 0.0200 | 0.9363 | 0.9538 | 0.9424
1348 | 03:33:26 |  17.4s | 1.0e-04 | 0.0175 | 0.9535 | 0.9579 | 0.9598 | 0.0206 | 0.9457 | 0.9428 | 0.9368
1349 | 03:33:56 |  17.2s | 1.0e-04 | 0.0169 | 0.9560 | 0.9574 | 0.9619 | 0.0205 | 0.9380 | 0.9553 | 0.9441
1350 | 03:34:25 |  17.2s | 1.0e-04 | 0.0169 | 0.9560 | 0.9598 | 0.9635 | 0.0190 | 0.9430 | 0.9444 | 0.9370
1351 | 03:34:54 |  17.3s | 1.0e-04 | 0.0168 | 0.9565 | 0.9593 | 0.9637 | 0.0203 | 0.9380 | 0.9546 | 0.9420
1352 | 03:35:25 |  17.4s | 1.0e-04 | 0.0174 | 0.9546 | 0.9585 | 0.9616 | 0.0191 | 0.9434 | 0.9488 | 0.9423
1353 | 03:35:56 |  26.6s | 1.0e-04 | 0.0170 | 0.9550 | 0.9582 | 0.9607 | 0.0194 | 0.9432 | 0.9463 | 0.9386
1354 | 03:36:35 |  16.9s | 1.0e-04 | 0.0174 | 0.9557 | 0.9573 | 0.9611 | 0.0201 | 0.9432 | 0.9405 | 0.9333
1355 | 03:37:05 |  26.9s | 1.0e-04 | 0.0174 | 0.9558 | 0.9580 | 0.9618 | 0.0213 | 0.9409 | 0.9455 | 0.9352
1356 | 03:37:44 |  17.2s | 1.0e-04 | 0.0180 | 0.9562 | 0.9573 | 0.9611 | 0.0196 | 0.9394 | 0.9469 | 0.9366
1357 | 03:38:14 |  17.4s | 1.0e-04 | 0.0170 | 0.9575 | 0.9595 | 0.9647 | 0.0192 | 0.9470 | 0.9442 | 0.9419
1358 | 03:38:43 |  17.2s | 1.0e-04 | 0.0172 | 0.9558 | 0.9575 | 0.9624 | 0.0197 | 0.9450 | 0.9393 | 0.9330
1359 | 03:39:12 |  17.1s | 1.0e-04 | 0.0171 | 0.9574 | 0.9585 | 0.9643 | 0.0201 | 0.9369 | 0.9461 | 0.9332
1360 | 03:39:40 |  17.4s | 1.0e-04 | 0.0170 | 0.9568 | 0.9593 | 0.9640 | 0.0197 | 0.9433 | 0.9535 | 0.9475
1361 | 03:40:09 |  17.3s | 1.0e-04 | 0.0170 | 0.9576 | 0.9576 | 0.9641 | 0.0193 | 0.9454 | 0.9486 | 0.9441
1362 | 03:40:39 |  17.3s | 1.0e-04 | 0.0170 | 0.9569 | 0.9572 | 0.9623 | 0.0198 | 0.9443 | 0.9424 | 0.9360
1363 | 03:41:11 |  17.2s | 1.0e-04 | 0.0175 | 0.9549 | 0.9581 | 0.9622 | 0.0205 | 0.9457 | 0.9468 | 0.9441
1364 | 03:41:41 |  17.5s | 1.0e-04 | 0.0174 | 0.9575 | 0.9583 | 0.9646 | 0.0201 | 0.9427 | 0.9449 | 0.9379
1365 | 03:42:11 |  17.4s | 1.0e-04 | 0.0170 | 0.9566 | 0.9589 | 0.9633 | 0.0203 | 0.9357 | 0.9459 | 0.9323
1366 | 03:42:40 |  17.5s | 1.0e-04 | 0.0178 | 0.9545 | 0.9574 | 0.9604 | 0.0206 | 0.9446 | 0.9492 | 0.9434
1367 | 03:43:12 |  17.3s | 1.0e-04 | 0.0177 | 0.9560 | 0.9586 | 0.9630 | 0.0204 | 0.9333 | 0.9496 | 0.9326
1368 | 03:43:42 |  17.4s | 1.0e-04 | 0.0169 | 0.9563 | 0.9584 | 0.9629 | 0.0217 | 0.9398 | 0.9379 | 0.9284
1369 | 03:44:11 |  17.5s | 1.0e-04 | 0.0174 | 0.9548 | 0.9587 | 0.9618 | 0.0196 | 0.9397 | 0.9428 | 0.9313
1370 | 03:44:41 |  17.3s | 1.0e-04 | 0.0169 | 0.9581 | 0.9616 | 0.9666 | 0.0207 | 0.9375 | 0.9503 | 0.9381
1371 | 03:45:11 |  17.2s | 1.0e-04 | 0.0171 | 0.9563 | 0.9591 | 0.9633 | 0.0196 | 0.9422 | 0.9443 | 0.9321
1372 | 03:45:42 |  17.3s | 1.0e-04 | 0.0173 | 0.9571 | 0.9581 | 0.9643 | 0.0198 | 0.9366 | 0.9490 | 0.9356
1373 | 03:46:12 |  17.5s | 1.0e-04 | 0.0175 | 0.9554 | 0.9567 | 0.9605 | 0.0202 | 0.9405 | 0.9453 | 0.9357
1374 | 03:46:40 |  26.1s | 1.0e-04 | 0.0172 | 0.9566 | 0.9586 | 0.9630 | 0.0205 | 0.9407 | 0.9463 | 0.9352
1375 | 03:47:18 |  17.1s | 1.0e-04 | 0.0172 | 0.9544 | 0.9593 | 0.9629 | 0.0203 | 0.9457 | 0.9371 | 0.9340
1376 | 03:47:51 |  17.5s | 1.0e-04 | 0.0166 | 0.9562 | 0.9578 | 0.9631 | 0.0209 | 0.9405 | 0.9486 | 0.9391
1377 | 03:48:22 |  17.5s | 1.0e-04 | 0.0169 | 0.9546 | 0.9594 | 0.9617 | 0.0201 | 0.9449 | 0.9387 | 0.9364
1378 | 03:48:54 |  17.4s | 1.0e-04 | 0.0169 | 0.9558 | 0.9580 | 0.9623 | 0.0210 | 0.9365 | 0.9447 | 0.9328
1379 | 03:49:24 |  17.4s | 1.0e-04 | 0.0168 | 0.9580 | 0.9572 | 0.9631 | 0.0197 | 0.9381 | 0.9494 | 0.9376
1380 | 03:49:53 |  17.6s | 1.0e-04 | 0.0171 | 0.9554 | 0.9572 | 0.9612 | 0.0193 | 0.9393 | 0.9421 | 0.9315
1381 | 03:50:23 |  17.4s | 1.0e-04 | 0.0166 | 0.9562 | 0.9577 | 0.9626 | 0.0201 | 0.9424 | 0.9424 | 0.9335
1382 | 03:50:54 |  17.4s | 1.0e-04 | 0.0169 | 0.9558 | 0.9568 | 0.9612 | 0.0204 | 0.9395 | 0.9486 | 0.9377
1383 | 03:51:25 |  17.3s | 1.0e-04 | 0.0169 | 0.9536 | 0.9574 | 0.9599 | 0.0205 | 0.9368 | 0.9454 | 0.9333
1384 | 03:51:54 |  17.4s | 1.0e-04 | 0.0168 | 0.9562 | 0.9571 | 0.9620 | 0.0206 | 0.9441 | 0.9478 | 0.9413
1385 | 03:52:23 |  17.6s | 1.0e-04 | 0.0164 | 0.9586 | 0.9586 | 0.9644 | 0.0193 | 0.9422 | 0.9515 | 0.9444
1386 | 03:52:53 |  17.4s | 1.0e-04 | 0.0166 | 0.9564 | 0.9592 | 0.9632 | 0.0195 | 0.9437 | 0.9399 | 0.9346
1387 | 03:53:24 |  17.5s | 1.0e-04 | 0.0170 | 0.9542 | 0.9573 | 0.9604 | 0.0198 | 0.9459 | 0.9451 | 0.9405
1388 | 03:53:55 |  17.5s | 1.0e-04 | 0.0167 | 0.9560 | 0.9596 | 0.9631 | 0.0203 | 0.9480 | 0.9425 | 0.9386
1389 | 03:54:24 |  17.5s | 1.0e-04 | 0.0163 | 0.9565 | 0.9579 | 0.9630 | 0.0211 | 0.9389 | 0.9443 | 0.9312
1390 | 03:54:54 |  17.6s | 1.0e-04 | 0.0168 | 0.9559 | 0.9574 | 0.9620 | 0.0198 | 0.9376 | 0.9515 | 0.9390
1391 | 03:55:24 |  17.3s | 1.0e-04 | 0.0166 | 0.9556 | 0.9584 | 0.9620 | 0.0207 | 0.9417 | 0.9395 | 0.9305
1392 | 03:55:54 |  17.5s | 1.0e-04 | 0.0167 | 0.9558 | 0.9578 | 0.9619 | 0.0209 | 0.9410 | 0.9427 | 0.9331
1393 | 03:56:25 |  17.5s | 1.0e-04 | 0.0169 | 0.9553 | 0.9576 | 0.9614 | 0.0202 | 0.9456 | 0.9446 | 0.9401
1394 | 03:56:56 |  17.6s | 1.0e-04 | 0.0167 | 0.9556 | 0.9584 | 0.9621 | 0.0198 | 0.9502 | 0.9373 | 0.9406
1395 | 03:57:25 |  26.9s | 1.0e-04 | 0.0169 | 0.9571 | 0.9582 | 0.9639 | 0.0198 | 0.9409 | 0.9450 | 0.9368
1396 | 03:58:04 |  27.5s | 1.0e-04 | 0.0169 | 0.9552 | 0.9591 | 0.9622 | 0.0189 | 0.9418 | 0.9508 | 0.9425
1397 | 03:58:44 |  17.2s | 1.0e-04 | 0.0173 | 0.9558 | 0.9617 | 0.9646 | 0.0199 | 0.9429 | 0.9479 | 0.9411
1398 | 03:59:13 |  17.2s | 1.0e-04 | 0.0164 | 0.9597 | 0.9622 | 0.9684 | 0.0198 | 0.9437 | 0.9484 | 0.9409
1399 | 03:59:41 |  17.2s | 1.0e-04 | 0.0172 | 0.9561 | 0.9605 | 0.9641 | 0.0207 | 0.9358 | 0.9470 | 0.9311
1400 | 04:00:12 |  17.2s | 1.0e-04 | 0.0170 | 0.9564 | 0.9620 | 0.9653 | 0.0199 | 0.9401 | 0.9405 | 0.9303
1401 | 04:00:43 |  17.3s | 1.0e-04 | 0.0165 | 0.9610 | 0.9634 | 0.9708 | 0.0194 | 0.9440 | 0.9468 | 0.9419
1402 | 04:01:13 |  17.2s | 1.0e-04 | 0.0173 | 0.9578 | 0.9627 | 0.9668 | 0.0200 | 0.9439 | 0.9489 | 0.9425
1403 | 04:01:41 |  17.1s | 1.0e-04 | 0.0170 | 0.9579 | 0.9615 | 0.9664 | 0.0206 | 0.9418 | 0.9526 | 0.9435
1404 | 04:02:10 |  17.3s | 1.0e-04 | 0.0173 | 0.9580 | 0.9608 | 0.9661 | 0.0208 | 0.9504 | 0.9287 | 0.9277
1405 | 04:02:41 |  17.2s | 1.0e-04 | 0.0172 | 0.9580 | 0.9602 | 0.9658 | 0.0208 | 0.9440 | 0.9398 | 0.9316
1406 | 04:03:12 |  17.2s | 1.0e-04 | 0.0175 | 0.9567 | 0.9614 | 0.9650 | 0.0204 | 0.9396 | 0.9448 | 0.9344
1407 | 04:03:41 |  17.3s | 1.0e-04 | 0.0174 | 0.9589 | 0.9621 | 0.9670 | 0.0195 | 0.9404 | 0.9449 | 0.9361
1408 | 04:04:10 |  17.4s | 1.0e-04 | 0.0171 | 0.9573 | 0.9615 | 0.9661 | 0.0200 | 0.9393 | 0.9462 | 0.9353
1409 | 04:04:39 |  17.1s | 1.0e-04 | 0.0166 | 0.9589 | 0.9615 | 0.9671 | 0.0209 | 0.9419 | 0.9488 | 0.9397
1410 | 04:05:11 |  17.1s | 1.0e-04 | 0.0174 | 0.9562 | 0.9610 | 0.9648 | 0.0203 | 0.9452 | 0.9352 | 0.9302
1411 | 04:05:42 |  17.6s | 1.0e-04 | 0.0168 | 0.9591 | 0.9624 | 0.9674 | 0.0193 | 0.9463 | 0.9429 | 0.9406
1412 | 04:06:13 |  17.2s | 1.0e-04 | 0.0175 | 0.9563 | 0.9597 | 0.9640 | 0.0211 | 0.9353 | 0.9455 | 0.9306
1413 | 04:06:43 |  17.3s | 1.0e-04 | 0.0173 | 0.9570 | 0.9615 | 0.9655 | 0.0194 | 0.9442 | 0.9486 | 0.9429
1414 | 04:07:12 |  17.2s | 1.0e-04 | 0.0164 | 0.9598 | 0.9641 | 0.9696 | 0.0197 | 0.9468 | 0.9458 | 0.9424
1415 | 04:07:42 |  17.0s | 1.0e-04 | 0.0171 | 0.9578 | 0.9620 | 0.9662 | 0.0206 | 0.9394 | 0.9445 | 0.9341
1416 | 04:08:13 |  26.4s | 1.0e-04 | 0.0166 | 0.9578 | 0.9620 | 0.9669 | 0.0199 | 0.9524 | 0.9395 | 0.9416
1417 | 04:08:51 |  28.3s | 1.0e-04 | 0.0163 | 0.9584 | 0.9611 | 0.9661 | 0.0195 | 0.9391 | 0.9483 | 0.9370
1418 | 04:09:32 |  17.5s | 1.0e-04 | 0.0155 | 0.9576 | 0.9597 | 0.9649 | 0.0196 | 0.9391 | 0.9459 | 0.9334
1419 | 04:10:02 |  17.5s | 1.0e-04 | 0.0163 | 0.9567 | 0.9597 | 0.9635 | 0.0197 | 0.9425 | 0.9453 | 0.9381
1420 | 04:10:32 |  17.5s | 1.0e-04 | 0.0160 | 0.9589 | 0.9609 | 0.9668 | 0.0196 | 0.9516 | 0.9438 | 0.9442
1421 | 04:11:04 |  17.5s | 1.0e-04 | 0.0161 | 0.9568 | 0.9599 | 0.9641 | 0.0203 | 0.9428 | 0.9456 | 0.9382
1422 | 04:11:35 |  17.7s | 1.0e-04 | 0.0158 | 0.9576 | 0.9608 | 0.9660 | 0.0193 | 0.9484 | 0.9450 | 0.9438
1423 | 04:12:04 |  17.8s | 1.0e-04 | 0.0156 | 0.9583 | 0.9608 | 0.9668 | 0.0192 | 0.9470 | 0.9410 | 0.9375
1424 | 04:12:34 |  17.5s | 1.0e-04 | 0.0160 | 0.9579 | 0.9586 | 0.9642 | 0.0200 | 0.9396 | 0.9435 | 0.9331
1425 | 04:13:03 |  17.9s | 1.0e-04 | 0.0164 | 0.9570 | 0.9585 | 0.9636 | 0.0210 | 0.9439 | 0.9487 | 0.9428
1426 | 04:13:33 |  17.5s | 1.0e-04 | 0.0158 | 0.9563 | 0.9605 | 0.9643 | 0.0196 | 0.9474 | 0.9398 | 0.9359
1427 | 04:14:05 |  17.7s | 1.0e-04 | 0.0161 | 0.9569 | 0.9588 | 0.9641 | 0.0200 | 0.9486 | 0.9394 | 0.9404
1428 | 04:14:36 |  18.7s | 1.0e-04 | 0.0159 | 0.9588 | 0.9594 | 0.9668 | 0.0194 | 0.9454 | 0.9467 | 0.9425
1429 | 04:15:07 |  17.5s | 1.0e-04 | 0.0158 | 0.9579 | 0.9598 | 0.9660 | 0.0192 | 0.9416 | 0.9540 | 0.9448
1430 | 04:15:37 |  17.8s | 1.0e-04 | 0.0157 | 0.9578 | 0.9583 | 0.9651 | 0.0198 | 0.9426 | 0.9460 | 0.9383
1431 | 04:16:09 |  17.5s | 1.0e-04 | 0.0158 | 0.9587 | 0.9599 | 0.9667 | 0.0196 | 0.9420 | 0.9409 | 0.9319
1432 | 04:16:40 |  17.6s | 1.0e-04 | 0.0159 | 0.9584 | 0.9590 | 0.9649 | 0.0200 | 0.9417 | 0.9440 | 0.9357
1433 | 04:17:10 |  17.7s | 1.0e-04 | 0.0156 | 0.9570 | 0.9616 | 0.9660 | 0.0201 | 0.9495 | 0.9421 | 0.9401
1434 | 04:17:40 |  17.3s | 1.0e-04 | 0.0161 | 0.9577 | 0.9582 | 0.9638 | 0.0203 | 0.9394 | 0.9459 | 0.9350
1435 | 04:18:12 |  17.6s | 1.0e-04 | 0.0164 | 0.9560 | 0.9592 | 0.9631 | 0.0195 | 0.9383 | 0.9470 | 0.9345
1436 | 04:18:43 |  17.6s | 1.0e-04 | 0.0155 | 0.9584 | 0.9617 | 0.9667 | 0.0206 | 0.9435 | 0.9473 | 0.9410
1437 | 04:19:13 |  27.2s | 1.0e-04 | 0.0158 | 0.9561 | 0.9610 | 0.9641 | 0.0199 | 0.9437 | 0.9461 | 0.9399
1438 | 04:19:54 |  26.7s | 1.0e-04 | 0.0158 | 0.9573 | 0.9594 | 0.9640 | 0.0193 | 0.9431 | 0.9480 | 0.9414
1439 | 04:20:33 |  17.5s | 1.0e-04 | 0.0159 | 0.9572 | 0.9595 | 0.9643 | 0.0199 | 0.9450 | 0.9418 | 0.9374
1440 | 04:21:03 |  17.4s | 1.0e-04 | 0.0163 | 0.9549 | 0.9581 | 0.9619 | 0.0205 | 0.9510 | 0.9396 | 0.9403
1441 | 04:21:35 |  17.2s | 1.0e-04 | 0.0157 | 0.9570 | 0.9583 | 0.9629 | 0.0213 | 0.9386 | 0.9440 | 0.9314
1442 | 04:22:05 |  17.4s | 1.0e-04 | 0.0164 | 0.9550 | 0.9565 | 0.9599 | 0.0194 | 0.9493 | 0.9412 | 0.9429
1443 | 04:22:38 |  17.4s | 1.0e-04 | 0.0163 | 0.9553 | 0.9572 | 0.9607 | 0.0190 | 0.9447 | 0.9464 | 0.9406
1444 | 04:23:07 |  17.7s | 1.0e-04 | 0.0164 | 0.9554 | 0.9589 | 0.9610 | 0.0205 | 0.9421 | 0.9473 | 0.9387
1445 | 04:23:38 |  17.6s | 1.0e-04 | 0.0161 | 0.9553 | 0.9592 | 0.9624 | 0.0199 | 0.9485 | 0.9385 | 0.9386
1446 | 04:24:08 |  17.6s | 1.0e-04 | 0.0162 | 0.9561 | 0.9582 | 0.9630 | 0.0198 | 0.9480 | 0.9409 | 0.9399
1447 | 04:24:38 |  17.3s | 1.0e-04 | 0.0160 | 0.9580 | 0.9570 | 0.9637 | 0.0191 | 0.9425 | 0.9495 | 0.9423
1448 | 04:25:09 |  17.5s | 1.0e-04 | 0.0161 | 0.9557 | 0.9580 | 0.9624 | 0.0201 | 0.9366 | 0.9499 | 0.9362
1449 | 04:25:40 |  17.7s | 1.0e-04 | 0.0161 | 0.9561 | 0.9571 | 0.9619 | 0.0202 | 0.9450 | 0.9462 | 0.9411
1450 | 04:26:10 |  17.7s | 1.0e-04 | 0.0162 | 0.9567 | 0.9584 | 0.9631 | 0.0207 | 0.9442 | 0.9408 | 0.9362
1451 | 04:26:40 |  17.4s | 1.0e-04 | 0.0163 | 0.9553 | 0.9563 | 0.9607 | 0.0203 | 0.9445 | 0.9401 | 0.9353
1452 | 04:27:11 |  17.5s | 1.0e-04 | 0.0160 | 0.9561 | 0.9581 | 0.9630 | 0.0201 | 0.9436 | 0.9465 | 0.9399
1453 | 04:27:43 |  17.6s | 1.0e-04 | 0.0161 | 0.9554 | 0.9586 | 0.9623 | 0.0196 | 0.9418 | 0.9464 | 0.9375
1454 | 04:28:12 |  17.6s | 1.0e-04 | 0.0157 | 0.9573 | 0.9589 | 0.9642 | 0.0195 | 0.9508 | 0.9406 | 0.9409
1455 | 04:28:42 |  17.6s | 1.0e-04 | 0.0158 | 0.9555 | 0.9566 | 0.9606 | 0.0204 | 0.9498 | 0.9340 | 0.9334
1456 | 04:29:13 |  17.6s | 1.0e-04 | 0.0159 | 0.9563 | 0.9570 | 0.9622 | 0.0204 | 0.9470 | 0.9418 | 0.9390
1457 | 04:29:45 |  17.3s | 1.0e-04 | 0.0157 | 0.9576 | 0.9586 | 0.9642 | 0.0192 | 0.9396 | 0.9473 | 0.9376
1458 | 04:30:15 |  26.0s | 1.0e-04 | 0.0160 | 0.9567 | 0.9580 | 0.9625 | 0.0201 | 0.9449 | 0.9435 | 0.9402
1459 | 04:30:52 |  29.6s | 1.0e-04 | 0.0161 | 0.9568 | 0.9587 | 0.9636 | 0.0204 | 0.9442 | 0.9458 | 0.9394
1460 | 04:31:35 |  17.6s | 1.0e-04 | 0.0163 | 0.9563 | 0.9562 | 0.9611 | 0.0205 | 0.9512 | 0.9379 | 0.9405
1461 | 04:32:05 |  17.8s | 1.0e-04 | 0.0163 | 0.9562 | 0.9574 | 0.9617 | 0.0207 | 0.9376 | 0.9480 | 0.9354
1462 | 04:32:35 |  17.5s | 1.0e-04 | 0.0158 | 0.9567 | 0.9575 | 0.9631 | 0.0203 | 0.9515 | 0.9391 | 0.9399
1463 | 04:33:05 |  17.5s | 1.0e-04 | 0.0156 | 0.9579 | 0.9590 | 0.9646 | 0.0199 | 0.9483 | 0.9449 | 0.9436
1464 | 04:33:35 |  17.5s | 1.0e-04 | 0.0162 | 0.9566 | 0.9570 | 0.9630 | 0.0194 | 0.9515 | 0.9444 | 0.9452
1465 | 04:34:06 |  17.2s | 1.0e-04 | 0.0160 | 0.9573 | 0.9584 | 0.9642 | 0.0196 | 0.9425 | 0.9457 | 0.9394
1466 | 04:34:37 |  17.6s | 1.0e-04 | 0.0159 | 0.9564 | 0.9586 | 0.9627 | 0.0201 | 0.9413 | 0.9447 | 0.9360
1467 | 04:35:07 |  17.7s | 1.0e-04 | 0.0159 | 0.9564 | 0.9572 | 0.9622 | 0.0198 | 0.9533 | 0.9433 | 0.9465
1468 | 04:35:37 |  17.5s | 1.0e-04 | 0.0165 | 0.9567 | 0.9565 | 0.9624 | 0.0184 | 0.9483 | 0.9515 | 0.9497
1469 | 04:36:08 |  17.7s | 1.0e-04 | 0.0159 | 0.9577 | 0.9581 | 0.9637 | 0.0198 | 0.9458 | 0.9418 | 0.9370
1470 | 04:36:40 |  17.7s | 1.0e-04 | 0.0161 | 0.9571 | 0.9583 | 0.9635 | 0.0203 | 0.9433 | 0.9429 | 0.9351
1471 | 04:37:10 |  17.7s | 1.0e-04 | 0.0162 | 0.9567 | 0.9572 | 0.9630 | 0.0196 | 0.9467 | 0.9433 | 0.9395
1472 | 04:37:40 |  17.5s | 1.0e-04 | 0.0157 | 0.9586 | 0.9579 | 0.9647 | 0.0198 | 0.9455 | 0.9444 | 0.9400
1473 | 04:38:10 |  17.2s | 1.0e-04 | 0.0163 | 0.9577 | 0.9580 | 0.9639 | 0.0204 | 0.9441 | 0.9445 | 0.9379
1474 | 04:38:42 |  17.4s | 1.0e-04 | 0.0163 | 0.9556 | 0.9574 | 0.9624 | 0.0200 | 0.9444 | 0.9452 | 0.9404
1475 | 04:39:13 |  17.7s | 1.0e-04 | 0.0160 | 0.9569 | 0.9583 | 0.9639 | 0.0198 | 0.9451 | 0.9463 | 0.9417
1476 | 04:39:42 |  17.5s | 1.0e-04 | 0.0161 | 0.9563 | 0.9571 | 0.9620 | 0.0202 | 0.9452 | 0.9382 | 0.9356
1477 | 04:40:12 |  17.4s | 1.0e-04 | 0.0162 | 0.9567 | 0.9572 | 0.9624 | 0.0196 | 0.9408 | 0.9486 | 0.9392
1478 | 04:40:42 |  27.4s | 1.0e-04 | 0.0162 | 0.9568 | 0.9566 | 0.9621 | 0.0200 | 0.9472 | 0.9438 | 0.9417
1479 | 04:41:21 |  17.8s | 1.0e-04 | 0.0164 | 0.9548 | 0.9567 | 0.9604 | 0.0195 | 0.9455 | 0.9484 | 0.9438
1480 | 04:41:53 |  27.6s | 1.0e-04 | 0.0160 | 0.9579 | 0.9600 | 0.9652 | 0.0209 | 0.9454 | 0.9374 | 0.9365
1481 | 04:42:34 |  17.1s | 1.0e-04 | 0.0162 | 0.9569 | 0.9606 | 0.9648 | 0.0205 | 0.9423 | 0.9429 | 0.9339
1482 | 04:43:06 |  17.0s | 1.0e-04 | 0.0165 | 0.9567 | 0.9595 | 0.9641 | 0.0202 | 0.9445 | 0.9454 | 0.9399
1483 | 04:43:36 |  17.3s | 1.0e-04 | 0.0164 | 0.9575 | 0.9596 | 0.9651 | 0.0200 | 0.9432 | 0.9455 | 0.9391
1484 | 04:44:05 |  17.4s | 1.0e-04 | 0.0158 | 0.9582 | 0.9603 | 0.9663 | 0.0197 | 0.9492 | 0.9436 | 0.9428
1485 | 04:44:35 |  17.1s | 1.0e-04 | 0.0164 | 0.9573 | 0.9585 | 0.9646 | 0.0196 | 0.9406 | 0.9446 | 0.9365
1486 | 04:45:06 |  17.2s | 1.0e-04 | 0.0155 | 0.9583 | 0.9615 | 0.9671 | 0.0190 | 0.9450 | 0.9489 | 0.9435
1487 | 04:45:37 |  17.3s | 1.0e-04 | 0.0159 | 0.9578 | 0.9596 | 0.9653 | 0.0203 | 0.9425 | 0.9476 | 0.9410
1488 | 04:46:06 |  17.2s | 1.0e-04 | 0.0160 | 0.9575 | 0.9591 | 0.9643 | 0.0196 | 0.9432 | 0.9450 | 0.9386
1489 | 04:46:36 |  17.3s | 1.0e-04 | 0.0158 | 0.9582 | 0.9612 | 0.9657 | 0.0206 | 0.9386 | 0.9462 | 0.9358
1490 | 04:47:07 |  17.3s | 1.0e-04 | 0.0161 | 0.9577 | 0.9601 | 0.9664 | 0.0211 | 0.9358 | 0.9488 | 0.9348
1491 | 04:47:38 |  17.6s | 1.0e-04 | 0.0159 | 0.9581 | 0.9619 | 0.9660 | 0.0198 | 0.9404 | 0.9459 | 0.9372
1492 | 04:48:08 |  17.2s | 1.0e-04 | 0.0161 | 0.9583 | 0.9602 | 0.9658 | 0.0200 | 0.9381 | 0.9546 | 0.9423
1493 | 04:48:36 |  17.3s | 1.0e-04 | 0.0160 | 0.9593 | 0.9602 | 0.9672 | 0.0201 | 0.9444 | 0.9444 | 0.9384
1494 | 04:49:06 |  17.2s | 1.0e-04 | 0.0165 | 0.9560 | 0.9566 | 0.9618 | 0.0188 | 0.9413 | 0.9488 | 0.9403
1495 | 04:49:36 |  17.4s | 1.0e-04 | 0.0159 | 0.9586 | 0.9593 | 0.9655 | 0.0205 | 0.9400 | 0.9418 | 0.9301
1496 | 04:50:08 |  17.2s | 1.0e-04 | 0.0161 | 0.9577 | 0.9604 | 0.9654 | 0.0203 | 0.9331 | 0.9519 | 0.9358
1497 | 04:50:38 |  17.1s | 1.0e-04 | 0.0160 | 0.9560 | 0.9602 | 0.9640 | 0.0205 | 0.9454 | 0.9436 | 0.9399
1498 | 04:51:08 |  17.2s | 1.0e-04 | 0.0156 | 0.9567 | 0.9620 | 0.9656 | 0.0207 | 0.9436 | 0.9396 | 0.9307
1499 | 04:51:40 |  26.7s | 1.0e-04 | 0.0158 | 0.9561 | 0.9619 | 0.9656 | 0.0195 | 0.9402 | 0.9456 | 0.9369
1500 | 04:52:20 |  17.3s | 1.0e-04 | 0.0150 | 0.9595 | 0.9625 | 0.9683 | 0.0204 | 0.9435 | 0.9429 | 0.9351
1501 | 04:52:54 |  17.3s | 1.0e-04 | 0.0154 | 0.9593 | 0.9621 | 0.9683 | 0.0207 | 0.9405 | 0.9505 | 0.9410
1502 | 04:53:24 |  17.3s | 1.0e-04 | 0.0151 | 0.9591 | 0.9627 | 0.9681 | 0.0207 | 0.9410 | 0.9415 | 0.9325
1503 | 04:53:53 |  17.4s | 1.0e-04 | 0.0149 | 0.9609 | 0.9626 | 0.9703 | 0.0212 | 0.9372 | 0.9458 | 0.9337
1504 | 04:54:23 |  17.3s | 1.0e-04 | 0.0155 | 0.9600 | 0.9630 | 0.9696 | 0.0212 | 0.9411 | 0.9418 | 0.9341
1505 | 04:54:55 |  17.1s | 1.0e-04 | 0.0154 | 0.9593 | 0.9621 | 0.9685 | 0.0214 | 0.9445 | 0.9351 | 0.9308
1506 | 04:55:25 |  17.3s | 1.0e-04 | 0.0155 | 0.9589 | 0.9625 | 0.9676 | 0.0191 | 0.9482 | 0.9464 | 0.9450
1507 | 04:55:55 |  17.4s | 1.0e-04 | 0.0156 | 0.9591 | 0.9611 | 0.9673 | 0.0208 | 0.9495 | 0.9380 | 0.9390
1508 | 04:56:24 |  17.3s | 1.0e-04 | 0.0155 | 0.9601 | 0.9613 | 0.9688 | 0.0197 | 0.9489 | 0.9377 | 0.9390
1509 | 04:56:55 |  17.2s | 1.0e-04 | 0.0158 | 0.9598 | 0.9594 | 0.9666 | 0.0219 | 0.9471 | 0.9398 | 0.9351
1510 | 04:57:27 |  17.2s | 1.0e-04 | 0.0152 | 0.9597 | 0.9599 | 0.9677 | 0.0212 | 0.9410 | 0.9403 | 0.9312
1511 | 04:57:57 |  17.4s | 1.0e-04 | 0.0154 | 0.9596 | 0.9623 | 0.9687 | 0.0196 | 0.9473 | 0.9451 | 0.9417
1512 | 04:58:26 |  17.4s | 1.0e-04 | 0.0157 | 0.9582 | 0.9610 | 0.9663 | 0.0202 | 0.9384 | 0.9425 | 0.9296
1513 | 04:58:57 |  17.3s | 1.0e-04 | 0.0149 | 0.9608 | 0.9629 | 0.9694 | 0.0201 | 0.9489 | 0.9345 | 0.9332
1514 | 04:59:26 |  17.3s | 1.0e-04 | 0.0151 | 0.9598 | 0.9627 | 0.9683 | 0.0216 | 0.9417 | 0.9426 | 0.9348
1515 | 04:59:56 |  17.3s | 1.0e-04 | 0.0157 | 0.9588 | 0.9610 | 0.9670 | 0.0199 | 0.9471 | 0.9441 | 0.9398
1516 | 05:00:27 |  17.5s | 1.0e-04 | 0.0151 | 0.9609 | 0.9642 | 0.9713 | 0.0200 | 0.9443 | 0.9476 | 0.9413
1517 | 05:00:58 |  17.5s | 1.0e-04 | 0.0154 | 0.9595 | 0.9619 | 0.9688 | 0.0201 | 0.9461 | 0.9395 | 0.9378
1518 | 05:01:28 |  17.4s | 1.0e-04 | 0.0150 | 0.9599 | 0.9629 | 0.9694 | 0.0201 | 0.9454 | 0.9342 | 0.9309
1519 | 05:01:57 |  17.4s | 1.0e-04 | 0.0150 | 0.9602 | 0.9612 | 0.9678 | 0.0196 | 0.9474 | 0.9435 | 0.9411
1520 | 05:02:29 |  26.5s | 1.0e-04 | 0.0155 | 0.9614 | 0.9618 | 0.9706 | 0.0197 | 0.9398 | 0.9510 | 0.9413
1521 | 05:03:07 |  33.3s | 1.0e-04 | 0.0161 | 0.9593 | 0.9611 | 0.9680 | 0.0197 | 0.9448 | 0.9390 | 0.9329
1522 | 05:03:53 |  17.4s | 1.0e-04 | 0.0165 | 0.9588 | 0.9599 | 0.9662 | 0.0212 | 0.9474 | 0.9362 | 0.9333
1523 | 05:04:22 |  17.8s | 1.0e-04 | 0.0164 | 0.9581 | 0.9605 | 0.9660 | 0.0205 | 0.9441 | 0.9420 | 0.9362
1524 | 05:04:53 |  17.6s | 1.0e-04 | 0.0166 | 0.9588 | 0.9609 | 0.9667 | 0.0193 | 0.9431 | 0.9517 | 0.9445
1525 | 05:05:25 |  17.6s | 1.0e-04 | 0.0170 | 0.9571 | 0.9590 | 0.9642 | 0.0208 | 0.9422 | 0.9430 | 0.9360
1526 | 05:05:55 |  17.2s | 1.0e-04 | 0.0164 | 0.9584 | 0.9621 | 0.9672 | 0.0204 | 0.9428 | 0.9482 | 0.9404
1527 | 05:06:25 |  17.5s | 1.0e-04 | 0.0163 | 0.9592 | 0.9607 | 0.9678 | 0.0214 | 0.9432 | 0.9433 | 0.9382
1528 | 05:06:55 |  17.7s | 1.0e-04 | 0.0168 | 0.9580 | 0.9606 | 0.9660 | 0.0205 | 0.9468 | 0.9381 | 0.9341
1529 | 05:07:25 |  17.6s | 1.0e-04 | 0.0170 | 0.9567 | 0.9579 | 0.9632 | 0.0211 | 0.9403 | 0.9456 | 0.9355
1530 | 05:07:58 |  17.3s | 1.0e-04 | 0.0168 | 0.9574 | 0.9612 | 0.9661 | 0.0196 | 0.9488 | 0.9438 | 0.9441
1531 | 05:08:29 |  17.6s | 1.0e-04 | 0.0164 | 0.9585 | 0.9610 | 0.9662 | 0.0206 | 0.9442 | 0.9437 | 0.9364
1532 | 05:08:59 |  17.5s | 1.0e-04 | 0.0165 | 0.9586 | 0.9613 | 0.9672 | 0.0198 | 0.9402 | 0.9485 | 0.9381
1533 | 05:09:28 |  17.5s | 1.0e-04 | 0.0163 | 0.9586 | 0.9617 | 0.9673 | 0.0201 | 0.9372 | 0.9497 | 0.9369
1534 | 05:09:58 |  17.2s | 1.0e-04 | 0.0170 | 0.9577 | 0.9598 | 0.9655 | 0.0195 | 0.9418 | 0.9508 | 0.9424
1535 | 05:10:29 |  17.5s | 1.0e-04 | 0.0161 | 0.9584 | 0.9621 | 0.9664 | 0.0202 | 0.9422 | 0.9418 | 0.9349
1536 | 05:11:00 |  17.5s | 1.0e-04 | 0.0163 | 0.9578 | 0.9605 | 0.9653 | 0.0213 | 0.9448 | 0.9459 | 0.9397
1537 | 05:11:30 |  17.7s | 1.0e-04 | 0.0168 | 0.9574 | 0.9599 | 0.9656 | 0.0201 | 0.9445 | 0.9425 | 0.9376
1538 | 05:12:00 |  17.7s | 1.0e-04 | 0.0170 | 0.9586 | 0.9613 | 0.9676 | 0.0201 | 0.9466 | 0.9418 | 0.9383
1539 | 05:12:32 |  17.6s | 1.0e-04 | 0.0164 | 0.9587 | 0.9596 | 0.9658 | 0.0192 | 0.9455 | 0.9462 | 0.9426
1540 | 05:13:03 |  17.8s | 1.0e-04 | 0.0164 | 0.9605 | 0.9621 | 0.9687 | 0.0202 | 0.9362 | 0.9493 | 0.9351
1541 | 05:13:33 |  27.9s | 1.0e-04 | 0.0165 | 0.9576 | 0.9618 | 0.9664 | 0.0206 | 0.9499 | 0.9390 | 0.9398
1542 | 05:14:13 |  29.5s | 1.0e-04 | 0.0167 | 0.9572 | 0.9585 | 0.9647 | 0.0207 | 0.9401 | 0.9490 | 0.9386
1543 | 05:14:55 |  17.4s | 1.0e-04 | 0.0175 | 0.9547 | 0.9576 | 0.9609 | 0.0199 | 0.9500 | 0.9399 | 0.9422
1544 | 05:15:25 |  17.0s | 1.0e-04 | 0.0173 | 0.9565 | 0.9575 | 0.9623 | 0.0196 | 0.9481 | 0.9476 | 0.9456
1545 | 05:15:57 |  17.6s | 1.0e-04 | 0.0174 | 0.9554 | 0.9581 | 0.9620 | 0.0198 | 0.9404 | 0.9477 | 0.9380
1546 | 05:16:27 |  17.2s | 1.0e-04 | 0.0173 | 0.9552 | 0.9577 | 0.9615 | 0.0199 | 0.9468 | 0.9440 | 0.9418
1547 | 05:16:58 |  17.5s | 1.0e-04 | 0.0173 | 0.9552 | 0.9575 | 0.9611 | 0.0204 | 0.9390 | 0.9439 | 0.9334
1548 | 05:17:29 |  17.4s | 1.0e-04 | 0.0178 | 0.9541 | 0.9588 | 0.9611 | 0.0186 | 0.9433 | 0.9484 | 0.9409
1549 | 05:17:58 |  17.5s | 1.0e-04 | 0.0169 | 0.9551 | 0.9582 | 0.9618 | 0.0194 | 0.9423 | 0.9513 | 0.9438
1550 | 05:18:28 |  17.4s | 1.0e-04 | 0.0176 | 0.9546 | 0.9561 | 0.9591 | 0.0200 | 0.9448 | 0.9472 | 0.9431
1551 | 05:18:59 |  17.4s | 1.0e-04 | 0.0171 | 0.9551 | 0.9581 | 0.9622 | 0.0200 | 0.9502 | 0.9449 | 0.9458
1552 | 05:19:30 |  17.5s | 1.0e-04 | 0.0172 | 0.9555 | 0.9571 | 0.9617 | 0.0191 | 0.9482 | 0.9452 | 0.9435
1553 | 05:20:00 |  17.7s | 1.0e-04 | 0.0170 | 0.9548 | 0.9571 | 0.9606 | 0.0207 | 0.9459 | 0.9405 | 0.9374
1554 | 05:20:30 |  17.7s | 1.0e-04 | 0.0178 | 0.9548 | 0.9573 | 0.9604 | 0.0186 | 0.9483 | 0.9475 | 0.9451
1555 | 05:21:01 |  17.3s | 1.0e-04 | 0.0171 | 0.9556 | 0.9573 | 0.9615 | 0.0205 | 0.9400 | 0.9506 | 0.9405
1556 | 05:21:32 |  17.4s | 1.0e-04 | 0.0170 | 0.9561 | 0.9591 | 0.9630 | 0.0206 | 0.9431 | 0.9454 | 0.9369
1557 | 05:22:02 |  17.5s | 1.0e-04 | 0.0175 | 0.9549 | 0.9564 | 0.9598 | 0.0205 | 0.9373 | 0.9530 | 0.9404
1558 | 05:22:31 |  17.8s | 1.0e-04 | 0.0173 | 0.9552 | 0.9569 | 0.9609 | 0.0192 | 0.9437 | 0.9479 | 0.9419
1559 | 05:23:03 |  17.3s | 1.0e-04 | 0.0167 | 0.9558 | 0.9586 | 0.9621 | 0.0211 | 0.9510 | 0.9382 | 0.9368
1560 | 05:23:34 |  17.3s | 1.0e-04 | 0.0171 | 0.9562 | 0.9576 | 0.9625 | 0.0197 | 0.9487 | 0.9432 | 0.9431
1561 | 05:24:05 |  17.4s | 1.0e-04 | 0.0168 | 0.9571 | 0.9580 | 0.9637 | 0.0199 | 0.9420 | 0.9513 | 0.9429
1562 | 05:24:36 |  26.4s | 1.0e-04 | 0.0164 | 0.9561 | 0.9585 | 0.9630 | 0.0192 | 0.9422 | 0.9513 | 0.9436
1563 | 05:25:16 |  35.2s | 1.0e-04 | 0.0165 | 0.9567 | 0.9571 | 0.9624 | 0.0205 | 0.9390 | 0.9547 | 0.9434
1564 | 05:26:05 |  16.9s | 1.0e-04 | 0.0162 | 0.9564 | 0.9590 | 0.9638 | 0.0212 | 0.9360 | 0.9466 | 0.9326
1565 | 05:26:34 |  17.0s | 1.0e-04 | 0.0157 | 0.9572 | 0.9604 | 0.9653 | 0.0200 | 0.9435 | 0.9417 | 0.9343
1566 | 05:27:03 |  17.1s | 1.0e-04 | 0.0159 | 0.9569 | 0.9580 | 0.9629 | 0.0199 | 0.9436 | 0.9436 | 0.9362
1567 | 05:27:32 |  17.1s | 1.0e-04 | 0.0158 | 0.9586 | 0.9600 | 0.9654 | 0.0193 | 0.9451 | 0.9462 | 0.9412
1568 | 05:28:03 |  16.9s | 1.0e-04 | 0.0161 | 0.9567 | 0.9583 | 0.9637 | 0.0199 | 0.9389 | 0.9465 | 0.9357
1569 | 05:28:34 |  17.0s | 1.0e-04 | 0.0158 | 0.9585 | 0.9607 | 0.9663 | 0.0196 | 0.9397 | 0.9508 | 0.9400
1570 | 05:29:03 |  16.8s | 1.0e-04 | 0.0161 | 0.9547 | 0.9586 | 0.9618 | 0.0196 | 0.9460 | 0.9441 | 0.9399
1571 | 05:29:32 |  17.0s | 1.0e-04 | 0.0162 | 0.9568 | 0.9590 | 0.9644 | 0.0202 | 0.9453 | 0.9359 | 0.9332
1572 | 05:30:02 |  16.8s | 1.0e-04 | 0.0162 | 0.9561 | 0.9579 | 0.9621 | 0.0204 | 0.9414 | 0.9483 | 0.9389
1573 | 05:30:31 |  16.9s | 1.0e-04 | 0.0163 | 0.9562 | 0.9584 | 0.9632 | 0.0204 | 0.9439 | 0.9456 | 0.9396
1574 | 05:31:02 |  17.1s | 1.0e-04 | 0.0155 | 0.9577 | 0.9612 | 0.9658 | 0.0202 | 0.9384 | 0.9468 | 0.9340
1575 | 05:31:32 |  17.1s | 1.0e-04 | 0.0157 | 0.9573 | 0.9595 | 0.9644 | 0.0194 | 0.9530 | 0.9415 | 0.9451
1576 | 05:32:01 |  17.1s | 1.0e-04 | 0.0161 | 0.9573 | 0.9595 | 0.9641 | 0.0193 | 0.9415 | 0.9519 | 0.9432
1577 | 05:32:30 |  17.0s | 1.0e-04 | 0.0156 | 0.9571 | 0.9609 | 0.9654 | 0.0199 | 0.9448 | 0.9469 | 0.9423
1578 | 05:32:59 |  17.1s | 1.0e-04 | 0.0162 | 0.9566 | 0.9580 | 0.9626 | 0.0195 | 0.9461 | 0.9470 | 0.9430
1579 | 05:33:28 |  16.9s | 1.0e-04 | 0.0159 | 0.9574 | 0.9591 | 0.9644 | 0.0202 | 0.9452 | 0.9431 | 0.9370
1580 | 05:33:58 |  17.0s | 1.0e-04 | 0.0162 | 0.9580 | 0.9572 | 0.9636 | 0.0191 | 0.9438 | 0.9522 | 0.9461
1581 | 05:34:29 |  16.9s | 1.0e-04 | 0.0157 | 0.9583 | 0.9592 | 0.9662 | 0.0208 | 0.9416 | 0.9505 | 0.9424
1582 | 05:34:59 |  17.0s | 1.0e-04 | 0.0165 | 0.9571 | 0.9572 | 0.9627 | 0.0200 | 0.9393 | 0.9474 | 0.9358
1583 | 05:35:31 |  26.7s | 1.0e-04 | 0.0168 | 0.9555 | 0.9595 | 0.9635 | 0.0194 | 0.9430 | 0.9445 | 0.9377
1584 | 05:36:10 |  27.7s | 1.0e-04 | 0.0163 | 0.9571 | 0.9605 | 0.9644 | 0.0203 | 0.9411 | 0.9503 | 0.9415
1585 | 05:36:50 |  17.2s | 1.0e-04 | 0.0174 | 0.9546 | 0.9582 | 0.9611 | 0.0200 | 0.9402 | 0.9484 | 0.9387
1586 | 05:37:19 |  17.1s | 1.0e-04 | 0.0167 | 0.9562 | 0.9583 | 0.9632 | 0.0203 | 0.9472 | 0.9406 | 0.9383
1587 | 05:37:49 |  17.0s | 1.0e-04 | 0.0167 | 0.9557 | 0.9576 | 0.9617 | 0.0192 | 0.9361 | 0.9496 | 0.9348
1588 | 05:38:20 |  17.0s | 1.0e-04 | 0.0167 | 0.9546 | 0.9590 | 0.9622 | 0.0202 | 0.9467 | 0.9435 | 0.9410
1589 | 05:38:51 |  17.0s | 1.0e-04 | 0.0166 | 0.9567 | 0.9588 | 0.9629 | 0.0201 | 0.9428 | 0.9432 | 0.9376
1590 | 05:39:20 |  17.2s | 1.0e-04 | 0.0168 | 0.9560 | 0.9577 | 0.9631 | 0.0205 | 0.9341 | 0.9578 | 0.9439
1591 | 05:39:49 |  17.0s | 1.0e-04 | 0.0165 | 0.9580 | 0.9598 | 0.9660 | 0.0196 | 0.9404 | 0.9481 | 0.9395
1592 | 05:40:18 |  17.0s | 1.0e-04 | 0.0162 | 0.9579 | 0.9609 | 0.9650 | 0.0215 | 0.9403 | 0.9455 | 0.9364
1593 | 05:40:49 |  17.2s | 1.0e-04 | 0.0164 | 0.9552 | 0.9608 | 0.9634 | 0.0209 | 0.9403 | 0.9399 | 0.9293
1594 | 05:41:19 |  17.4s | 1.0e-04 | 0.0168 | 0.9568 | 0.9588 | 0.9630 | 0.0204 | 0.9460 | 0.9375 | 0.9326
1595 | 05:41:48 |  16.9s | 1.0e-04 | 0.0172 | 0.9561 | 0.9583 | 0.9631 | 0.0187 | 0.9462 | 0.9503 | 0.9463
1596 | 05:42:17 |  17.4s | 1.0e-04 | 0.0170 | 0.9566 | 0.9582 | 0.9635 | 0.0197 | 0.9382 | 0.9478 | 0.9356
1597 | 05:42:47 |  17.1s | 1.0e-04 | 0.0167 | 0.9568 | 0.9582 | 0.9629 | 0.0202 | 0.9448 | 0.9473 | 0.9416
1598 | 05:43:17 |  17.1s | 1.0e-04 | 0.0167 | 0.9555 | 0.9593 | 0.9623 | 0.0189 | 0.9440 | 0.9455 | 0.9398
1599 | 05:43:46 |  17.2s | 1.0e-04 | 0.0162 | 0.9563 | 0.9607 | 0.9646 | 0.0197 | 0.9518 | 0.9407 | 0.9433
1600 | 05:44:15 |  17.0s | 1.0e-04 | 0.0165 | 0.9574 | 0.9586 | 0.9640 | 0.0206 | 0.9466 | 0.9327 | 0.9267
1601 | 05:44:46 |  16.9s | 1.0e-04 | 0.0163 | 0.9571 | 0.9590 | 0.9642 | 0.0205 | 0.9487 | 0.9396 | 0.9390
1602 | 05:45:17 |  16.9s | 1.0e-04 | 0.0166 | 0.9569 | 0.9601 | 0.9646 | 0.0192 | 0.9423 | 0.9469 | 0.9393
1603 | 05:45:46 |  26.9s | 1.0e-04 | 0.0161 | 0.9561 | 0.9603 | 0.9635 | 0.0204 | 0.9471 | 0.9419 | 0.9418
1604 | 05:46:28 |  17.3s | 1.0e-04 | 0.0161 | 0.9578 | 0.9615 | 0.9658 | 0.0197 | 0.9462 | 0.9449 | 0.9423
1605 | 05:46:58 |  29.7s | 1.0e-04 | 0.0164 | 0.9568 | 0.9603 | 0.9644 | 0.0191 | 0.9390 | 0.9535 | 0.9427
1606 | 05:47:42 |  17.5s | 1.0e-04 | 0.0164 | 0.9565 | 0.9613 | 0.9653 | 0.0200 | 0.9390 | 0.9454 | 0.9339
1607 | 05:48:13 |  17.3s | 1.0e-04 | 0.0162 | 0.9582 | 0.9614 | 0.9669 | 0.0191 | 0.9389 | 0.9522 | 0.9419
1608 | 05:48:42 |  17.4s | 1.0e-04 | 0.0159 | 0.9589 | 0.9601 | 0.9668 | 0.0206 | 0.9493 | 0.9349 | 0.9364
1609 | 05:49:12 |  17.3s | 1.0e-04 | 0.0166 | 0.9580 | 0.9588 | 0.9644 | 0.0198 | 0.9480 | 0.9409 | 0.9418
1610 | 05:49:43 |  17.4s | 1.0e-04 | 0.0164 | 0.9575 | 0.9604 | 0.9656 | 0.0195 | 0.9502 | 0.9402 | 0.9418
1611 | 05:50:14 |  17.7s | 1.0e-04 | 0.0163 | 0.9585 | 0.9614 | 0.9674 | 0.0193 | 0.9442 | 0.9479 | 0.9420
1612 | 05:50:44 |  17.9s | 1.0e-04 | 0.0166 | 0.9583 | 0.9601 | 0.9655 | 0.0195 | 0.9574 | 0.9386 | 0.9475
1613 | 05:51:14 |  17.4s | 1.0e-04 | 0.0163 | 0.9578 | 0.9607 | 0.9658 | 0.0188 | 0.9435 | 0.9491 | 0.9424
1614 | 05:51:45 |  17.2s | 1.0e-04 | 0.0167 | 0.9566 | 0.9616 | 0.9647 | 0.0190 | 0.9436 | 0.9431 | 0.9375
1615 | 05:52:16 |  17.2s | 1.0e-04 | 0.0167 | 0.9565 | 0.9606 | 0.9639 | 0.0197 | 0.9451 | 0.9408 | 0.9350
1616 | 05:52:45 |  17.3s | 1.0e-04 | 0.0162 | 0.9573 | 0.9592 | 0.9639 | 0.0199 | 0.9409 | 0.9500 | 0.9408
1617 | 05:53:17 |  17.4s | 1.0e-04 | 0.0169 | 0.9570 | 0.9585 | 0.9640 | 0.0205 | 0.9381 | 0.9519 | 0.9394
1618 | 05:53:46 |  17.3s | 1.0e-04 | 0.0168 | 0.9566 | 0.9596 | 0.9642 | 0.0196 | 0.9444 | 0.9468 | 0.9417
1619 | 05:54:15 |  17.6s | 1.0e-04 | 0.0164 | 0.9582 | 0.9611 | 0.9658 | 0.0201 | 0.9505 | 0.9395 | 0.9416
1620 | 05:54:46 |  17.4s | 1.0e-04 | 0.0162 | 0.9585 | 0.9595 | 0.9662 | 0.0202 | 0.9413 | 0.9434 | 0.9373
1621 | 05:55:17 |  17.3s | 1.0e-04 | 0.0161 | 0.9591 | 0.9606 | 0.9673 | 0.0204 | 0.9359 | 0.9477 | 0.9336
1622 | 05:55:47 |  17.4s | 1.0e-04 | 0.0164 | 0.9587 | 0.9599 | 0.9659 | 0.0190 | 0.9451 | 0.9470 | 0.9426
1623 | 05:56:17 |  17.4s | 1.0e-04 | 0.0165 | 0.9578 | 0.9591 | 0.9645 | 0.0194 | 0.9449 | 0.9425 | 0.9397
1624 | 05:56:46 |  25.5s | 1.0e-04 | 0.0165 | 0.9564 | 0.9596 | 0.9643 | 0.0196 | 0.9490 | 0.9425 | 0.9406
1625 | 05:57:24 |  17.3s | 1.0e-04 | 0.0166 | 0.9564 | 0.9578 | 0.9627 | 0.0203 | 0.9390 | 0.9512 | 0.9404
1626 | 05:57:56 |  17.0s | 1.0e-04 | 0.0168 | 0.9547 | 0.9589 | 0.9624 | 0.0208 | 0.9447 | 0.9422 | 0.9391
1627 | 05:58:27 |  17.2s | 1.0e-04 | 0.0170 | 0.9556 | 0.9587 | 0.9625 | 0.0199 | 0.9429 | 0.9445 | 0.9384
1628 | 05:58:58 |  17.1s | 1.0e-04 | 0.0167 | 0.9566 | 0.9569 | 0.9623 | 0.0194 | 0.9483 | 0.9448 | 0.9414
1629 | 05:59:29 |  17.1s | 1.0e-04 | 0.0167 | 0.9576 | 0.9576 | 0.9631 | 0.0196 | 0.9417 | 0.9513 | 0.9434
1630 | 05:59:59 |  17.1s | 1.0e-04 | 0.0167 | 0.9567 | 0.9587 | 0.9627 | 0.0191 | 0.9506 | 0.9438 | 0.9457
1631 | 06:00:28 |  17.2s | 1.0e-04 | 0.0165 | 0.9561 | 0.9599 | 0.9630 | 0.0200 | 0.9358 | 0.9473 | 0.9322
1632 | 06:00:58 |  17.4s | 1.0e-04 | 0.0167 | 0.9563 | 0.9581 | 0.9629 | 0.0195 | 0.9526 | 0.9412 | 0.9459
1633 | 06:01:28 |  17.1s | 1.0e-04 | 0.0170 | 0.9560 | 0.9573 | 0.9622 | 0.0206 | 0.9464 | 0.9332 | 0.9336
1634 | 06:01:59 |  16.9s | 1.0e-04 | 0.0167 | 0.9556 | 0.9582 | 0.9625 | 0.0204 | 0.9418 | 0.9475 | 0.9393
1635 | 06:02:29 |  17.1s | 1.0e-04 | 0.0164 | 0.9570 | 0.9590 | 0.9644 | 0.0191 | 0.9460 | 0.9498 | 0.9460
1636 | 06:02:58 |  17.1s | 1.0e-04 | 0.0160 | 0.9575 | 0.9588 | 0.9634 | 0.0198 | 0.9473 | 0.9379 | 0.9352
1637 | 06:03:27 |  17.1s | 1.0e-04 | 0.0164 | 0.9584 | 0.9603 | 0.9660 | 0.0200 | 0.9429 | 0.9494 | 0.9425
1638 | 06:03:58 |  17.2s | 1.0e-04 | 0.0168 | 0.9565 | 0.9601 | 0.9642 | 0.0195 | 0.9499 | 0.9418 | 0.9403
1639 | 06:04:29 |  17.2s | 1.0e-04 | 0.0166 | 0.9566 | 0.9581 | 0.9631 | 0.0207 | 0.9442 | 0.9441 | 0.9378
1640 | 06:04:58 |  17.5s | 1.0e-04 | 0.0167 | 0.9555 | 0.9587 | 0.9625 | 0.0192 | 0.9493 | 0.9317 | 0.9293
1641 | 06:05:27 |  17.2s | 1.0e-04 | 0.0165 | 0.9573 | 0.9591 | 0.9643 | 0.0201 | 0.9435 | 0.9491 | 0.9429
1642 | 06:05:58 |  17.0s | 1.0e-04 | 0.0167 | 0.9572 | 0.9589 | 0.9645 | 0.0203 | 0.9512 | 0.9393 | 0.9427
1643 | 06:06:29 |  17.0s | 1.0e-04 | 0.0164 | 0.9575 | 0.9596 | 0.9648 | 0.0199 | 0.9448 | 0.9492 | 0.9438
1644 | 06:06:59 |  17.2s | 1.0e-04 | 0.0165 | 0.9563 | 0.9576 | 0.9625 | 0.0198 | 0.9400 | 0.9437 | 0.9346
1645 | 06:07:28 |  27.6s | 1.0e-04 | 0.0167 | 0.9573 | 0.9588 | 0.9642 | 0.0195 | 0.9439 | 0.9492 | 0.9436
1646 | 06:08:08 |  29.1s | 1.0e-04 | 0.0167 | 0.9572 | 0.9598 | 0.9645 | 0.0197 | 0.9453 | 0.9501 | 0.9456
1647 | 06:08:49 |  17.3s | 1.0e-04 | 0.0169 | 0.9591 | 0.9608 | 0.9665 | 0.0202 | 0.9475 | 0.9461 | 0.9426
1648 | 06:09:19 |  17.2s | 1.0e-04 | 0.0168 | 0.9581 | 0.9613 | 0.9674 | 0.0208 | 0.9484 | 0.9380 | 0.9358
1649 | 06:09:49 |  17.5s | 1.0e-04 | 0.0166 | 0.9584 | 0.9626 | 0.9672 | 0.0195 | 0.9477 | 0.9452 | 0.9429
1650 | 06:10:18 |  17.4s | 1.0e-04 | 0.0174 | 0.9576 | 0.9608 | 0.9656 | 0.0184 | 0.9429 | 0.9527 | 0.9465
1651 | 06:10:49 |  17.1s | 1.0e-04 | 0.0171 | 0.9578 | 0.9614 | 0.9667 | 0.0207 | 0.9410 | 0.9459 | 0.9377
1652 | 06:11:20 |  17.7s | 1.0e-04 | 0.0175 | 0.9580 | 0.9603 | 0.9653 | 0.0190 | 0.9476 | 0.9444 | 0.9420
1653 | 06:11:50 |  17.6s | 1.0e-04 | 0.0169 | 0.9589 | 0.9605 | 0.9671 | 0.0191 | 0.9480 | 0.9469 | 0.9454
1654 | 06:12:19 |  17.4s | 1.0e-04 | 0.0172 | 0.9573 | 0.9605 | 0.9653 | 0.0190 | 0.9448 | 0.9453 | 0.9415
1655 | 06:12:50 |  17.2s | 1.0e-04 | 0.0167 | 0.9580 | 0.9616 | 0.9671 | 0.0196 | 0.9437 | 0.9446 | 0.9389
1656 | 06:13:22 |  17.4s | 1.0e-04 | 0.0170 | 0.9589 | 0.9627 | 0.9679 | 0.0200 | 0.9423 | 0.9434 | 0.9354
1657 | 06:13:52 |  17.2s | 1.0e-04 | 0.0169 | 0.9584 | 0.9604 | 0.9660 | 0.0193 | 0.9404 | 0.9474 | 0.9387
1658 | 06:14:21 |  17.3s | 1.0e-04 | 0.0169 | 0.9578 | 0.9611 | 0.9659 | 0.0193 | 0.9439 | 0.9460 | 0.9396
1659 | 06:14:51 |  17.4s | 1.0e-04 | 0.0166 | 0.9592 | 0.9615 | 0.9667 | 0.0197 | 0.9459 | 0.9408 | 0.9375
1660 | 06:15:22 |  17.3s | 1.0e-04 | 0.0169 | 0.9593 | 0.9600 | 0.9663 | 0.0209 | 0.9390 | 0.9422 | 0.9300
1661 | 06:15:53 |  17.5s | 1.0e-04 | 0.0170 | 0.9577 | 0.9602 | 0.9657 | 0.0203 | 0.9417 | 0.9446 | 0.9367
1662 | 06:16:22 |  17.6s | 1.0e-04 | 0.0169 | 0.9585 | 0.9604 | 0.9666 | 0.0206 | 0.9381 | 0.9529 | 0.9417
1663 | 06:16:51 |  17.1s | 1.0e-04 | 0.0166 | 0.9595 | 0.9607 | 0.9669 | 0.0202 | 0.9376 | 0.9448 | 0.9314
1664 | 06:17:20 |  17.3s | 1.0e-04 | 0.0166 | 0.9589 | 0.9629 | 0.9679 | 0.0200 | 0.9461 | 0.9360 | 0.9325
1665 | 06:17:50 |  17.3s | 1.0e-04 | 0.0171 | 0.9571 | 0.9607 | 0.9652 | 0.0208 | 0.9459 | 0.9418 | 0.9348
1666 | 06:18:19 |  28.0s | 1.0e-04 | 0.0175 | 0.9565 | 0.9616 | 0.9649 | 0.0205 | 0.9428 | 0.9427 | 0.9356
1667 | 06:19:02 |  29.8s | 1.0e-04 | 0.0175 | 0.9571 | 0.9603 | 0.9651 | 0.0200 | 0.9465 | 0.9433 | 0.9400
1668 | 06:19:44 |  17.5s | 1.0e-04 | 0.0169 | 0.9585 | 0.9612 | 0.9659 | 0.0202 | 0.9412 | 0.9357 | 0.9268
1669 | 06:20:15 |  17.3s | 1.0e-04 | 0.0166 | 0.9581 | 0.9628 | 0.9671 | 0.0195 | 0.9456 | 0.9470 | 0.9420
1670 | 06:20:46 |  17.5s | 1.0e-04 | 0.0163 | 0.9583 | 0.9625 | 0.9681 | 0.0191 | 0.9511 | 0.9395 | 0.9425
1671 | 06:21:16 |  17.4s | 1.0e-04 | 0.0163 | 0.9593 | 0.9636 | 0.9686 | 0.0210 | 0.9399 | 0.9424 | 0.9315
1672 | 06:21:45 |  17.4s | 1.0e-04 | 0.0163 | 0.9595 | 0.9624 | 0.9685 | 0.0200 | 0.9392 | 0.9521 | 0.9426
1673 | 06:22:15 |  17.4s | 1.0e-04 | 0.0166 | 0.9584 | 0.9619 | 0.9675 | 0.0202 | 0.9381 | 0.9472 | 0.9346
1674 | 06:22:46 |  17.4s | 1.0e-04 | 0.0167 | 0.9578 | 0.9592 | 0.9651 | 0.0190 | 0.9502 | 0.9424 | 0.9440
1675 | 06:23:17 |  17.5s | 1.0e-04 | 0.0161 | 0.9606 | 0.9624 | 0.9691 | 0.0198 | 0.9435 | 0.9448 | 0.9375
1676 | 06:23:46 |  17.5s | 1.0e-04 | 0.0165 | 0.9592 | 0.9606 | 0.9671 | 0.0202 | 0.9449 | 0.9487 | 0.9435
1677 | 06:24:15 |  17.7s | 1.0e-04 | 0.0168 | 0.9583 | 0.9615 | 0.9670 | 0.0201 | 0.9418 | 0.9408 | 0.9330
1678 | 06:24:46 |  17.5s | 1.0e-04 | 0.0169 | 0.9575 | 0.9618 | 0.9661 | 0.0193 | 0.9414 | 0.9499 | 0.9412
1679 | 06:25:18 |  17.6s | 1.0e-04 | 0.0164 | 0.9578 | 0.9624 | 0.9674 | 0.0205 | 0.9429 | 0.9419 | 0.9345
1680 | 06:25:48 |  17.6s | 1.0e-04 | 0.0161 | 0.9588 | 0.9630 | 0.9683 | 0.0206 | 0.9458 | 0.9328 | 0.9316
1681 | 06:26:20 |  17.6s | 1.0e-04 | 0.0167 | 0.9582 | 0.9613 | 0.9665 | 0.0195 | 0.9451 | 0.9450 | 0.9385
1682 | 06:26:50 |  17.6s | 1.0e-04 | 0.0167 | 0.9578 | 0.9611 | 0.9673 | 0.0196 | 0.9441 | 0.9489 | 0.9430
1683 | 06:27:20 |  17.7s | 1.0e-04 | 0.0160 | 0.9600 | 0.9617 | 0.9692 | 0.0196 | 0.9436 | 0.9453 | 0.9381
1684 | 06:27:49 |  17.4s | 1.0e-04 | 0.0162 | 0.9590 | 0.9611 | 0.9676 | 0.0199 | 0.9438 | 0.9453 | 0.9403
1685 | 06:28:18 |  17.7s | 1.0e-04 | 0.0166 | 0.9573 | 0.9619 | 0.9666 | 0.0206 | 0.9481 | 0.9412 | 0.9410
1686 | 06:28:48 |  17.7s | 1.0e-04 | 0.0164 | 0.9593 | 0.9627 | 0.9692 | 0.0187 | 0.9434 | 0.9532 | 0.9462
1687 | 06:29:17 |  26.6s | 1.0e-04 | 0.0161 | 0.9580 | 0.9630 | 0.9667 | 0.0194 | 0.9475 | 0.9391 | 0.9372
1688 | 06:29:56 |  28.5s | 1.0e-04 | 0.0163 | 0.9577 | 0.9609 | 0.9661 | 0.0193 | 0.9450 | 0.9518 | 0.9474
1689 | 06:30:39 |  17.6s | 1.0e-04 | 0.0168 | 0.9588 | 0.9603 | 0.9658 | 0.0200 | 0.9300 | 0.9592 | 0.9395
1690 | 06:31:08 |  17.6s | 1.0e-04 | 0.0169 | 0.9569 | 0.9609 | 0.9651 | 0.0197 | 0.9436 | 0.9497 | 0.9431
1691 | 06:31:38 |  17.3s | 1.0e-04 | 0.0168 | 0.9569 | 0.9589 | 0.9644 | 0.0205 | 0.9470 | 0.9434 | 0.9407
1692 | 06:32:08 |  17.3s | 1.0e-04 | 0.0169 | 0.9564 | 0.9591 | 0.9633 | 0.0197 | 0.9487 | 0.9477 | 0.9465
1693 | 06:32:39 |  17.4s | 1.0e-04 | 0.0171 | 0.9558 | 0.9601 | 0.9635 | 0.0194 | 0.9433 | 0.9498 | 0.9434
1694 | 06:33:10 |  17.3s | 1.0e-04 | 0.0168 | 0.9559 | 0.9571 | 0.9612 | 0.0202 | 0.9370 | 0.9447 | 0.9320
1695 | 06:33:39 |  17.5s | 1.0e-04 | 0.0171 | 0.9564 | 0.9596 | 0.9637 | 0.0201 | 0.9399 | 0.9443 | 0.9312
1696 | 06:34:08 |  17.3s | 1.0e-04 | 0.0171 | 0.9568 | 0.9593 | 0.9639 | 0.0187 | 0.9361 | 0.9546 | 0.9416
1697 | 06:34:39 |  17.1s | 1.0e-04 | 0.0167 | 0.9560 | 0.9611 | 0.9646 | 0.0186 | 0.9455 | 0.9444 | 0.9417
1698 | 06:35:08 |  17.4s | 1.0e-04 | 0.0169 | 0.9568 | 0.9588 | 0.9635 | 0.0203 | 0.9424 | 0.9466 | 0.9394
1699 | 06:35:39 |  17.3s | 1.0e-04 | 0.0167 | 0.9578 | 0.9601 | 0.9654 | 0.0195 | 0.9412 | 0.9468 | 0.9370
1700 | 06:36:10 |  17.2s | 1.0e-04 | 0.0172 | 0.9555 | 0.9586 | 0.9629 | 0.0200 | 0.9469 | 0.9483 | 0.9455
1701 | 06:36:40 |  17.3s | 1.0e-04 | 0.0164 | 0.9570 | 0.9601 | 0.9643 | 0.0195 | 0.9383 | 0.9515 | 0.9401
1702 | 06:37:12 |  17.2s | 1.0e-04 | 0.0168 | 0.9557 | 0.9594 | 0.9636 | 0.0205 | 0.9399 | 0.9488 | 0.9386
1703 | 06:37:41 |  17.3s | 1.0e-04 | 0.0166 | 0.9581 | 0.9604 | 0.9661 | 0.0201 | 0.9413 | 0.9454 | 0.9360
1704 | 06:38:10 |  17.2s | 1.0e-04 | 0.0173 | 0.9557 | 0.9587 | 0.9626 | 0.0196 | 0.9417 | 0.9476 | 0.9404
1705 | 06:38:39 |  17.3s | 1.0e-04 | 0.0174 | 0.9559 | 0.9601 | 0.9633 | 0.0201 | 0.9476 | 0.9418 | 0.9414
1706 | 06:39:10 |  17.2s | 1.0e-04 | 0.0165 | 0.9571 | 0.9592 | 0.9636 | 0.0206 | 0.9417 | 0.9469 | 0.9385
1707 | 06:39:41 |  17.3s | 1.0e-04 | 0.0165 | 0.9577 | 0.9607 | 0.9654 | 0.0199 | 0.9424 | 0.9513 | 0.9452
1708 | 06:40:11 |  26.8s | 1.0e-04 | 0.0169 | 0.9553 | 0.9593 | 0.9629 | 0.0191 | 0.9487 | 0.9440 | 0.9447
1709 | 06:40:52 |  32.0s | 1.0e-04 | 0.0170 | 0.9568 | 0.9606 | 0.9646 | 0.0195 | 0.9358 | 0.9500 | 0.9360
1710 | 06:41:37 |  17.4s | 1.0e-04 | 0.0170 | 0.9568 | 0.9598 | 0.9644 | 0.0202 | 0.9472 | 0.9492 | 0.9470
1711 | 06:42:09 |  17.4s | 1.0e-04 | 0.0170 | 0.9554 | 0.9589 | 0.9631 | 0.0191 | 0.9477 | 0.9512 | 0.9489
1712 | 06:42:39 |  17.6s | 1.0e-04 | 0.0165 | 0.9567 | 0.9605 | 0.9646 | 0.0209 | 0.9397 | 0.9342 | 0.9266
1713 | 06:43:08 |  17.5s | 1.0e-04 | 0.0167 | 0.9577 | 0.9600 | 0.9650 | 0.0201 | 0.9384 | 0.9450 | 0.9330
1714 | 06:43:38 |  17.4s | 1.0e-04 | 0.0167 | 0.9564 | 0.9600 | 0.9634 | 0.0204 | 0.9392 | 0.9527 | 0.9410
1715 | 06:44:09 |  17.3s | 1.0e-04 | 0.0172 | 0.9555 | 0.9598 | 0.9633 | 0.0196 | 0.9467 | 0.9471 | 0.9436
1716 | 06:44:40 |  17.4s | 1.0e-04 | 0.0172 | 0.9563 | 0.9572 | 0.9620 | 0.0198 | 0.9426 | 0.9446 | 0.9354
1717 | 06:45:10 |  17.4s | 1.0e-04 | 0.0168 | 0.9575 | 0.9594 | 0.9651 | 0.0201 | 0.9444 | 0.9455 | 0.9394
1718 | 06:45:39 |  17.8s | 1.0e-04 | 0.0165 | 0.9578 | 0.9599 | 0.9654 | 0.0202 | 0.9395 | 0.9483 | 0.9366
1719 | 06:46:10 |  17.5s | 1.0e-04 | 0.0166 | 0.9565 | 0.9601 | 0.9640 | 0.0192 | 0.9512 | 0.9467 | 0.9489
1720 | 06:46:40 |  17.5s | 1.0e-04 | 0.0169 | 0.9575 | 0.9583 | 0.9643 | 0.0196 | 0.9440 | 0.9497 | 0.9438
1721 | 06:47:09 |  17.3s | 1.0e-04 | 0.0170 | 0.9562 | 0.9599 | 0.9640 | 0.0207 | 0.9434 | 0.9377 | 0.9319
1722 | 06:47:41 |  17.6s | 1.0e-04 | 0.0166 | 0.9575 | 0.9594 | 0.9655 | 0.0201 | 0.9436 | 0.9448 | 0.9378
1723 | 06:48:12 |  17.5s | 1.0e-04 | 0.0169 | 0.9569 | 0.9606 | 0.9646 | 0.0202 | 0.9406 | 0.9509 | 0.9414
1724 | 06:48:41 |  17.6s | 1.0e-04 | 0.0166 | 0.9568 | 0.9598 | 0.9646 | 0.0205 | 0.9397 | 0.9476 | 0.9372
1725 | 06:49:10 |  17.3s | 1.0e-04 | 0.0162 | 0.9576 | 0.9609 | 0.9659 | 0.0192 | 0.9423 | 0.9503 | 0.9428
1726 | 06:49:42 |  17.5s | 1.0e-04 | 0.0169 | 0.9563 | 0.9583 | 0.9632 | 0.0203 | 0.9479 | 0.9433 | 0.9415
1727 | 06:50:12 |  17.5s | 1.0e-04 | 0.0170 | 0.9573 | 0.9591 | 0.9645 | 0.0209 | 0.9336 | 0.9524 | 0.9362
1728 | 06:50:42 |  26.5s | 1.0e-04 | 0.0166 | 0.9588 | 0.9595 | 0.9651 | 0.0212 | 0.9376 | 0.9473 | 0.9347
1729 | 06:51:23 |  17.9s | 1.0e-04 | 0.0167 | 0.9579 | 0.9600 | 0.9656 | 0.0192 | 0.9460 | 0.9488 | 0.9448
1730 | 06:51:53 |  31.8s | 1.0e-04 | 0.0153 | 0.9586 | 0.9593 | 0.9658 | 0.0190 | 0.9364 | 0.9518 | 0.9380
1731 | 06:52:36 |  18.0s | 1.0e-04 | 0.0152 | 0.9567 | 0.9609 | 0.9648 | 0.0195 | 0.9445 | 0.9483 | 0.9437
1732 | 06:53:09 |  18.0s | 1.0e-04 | 0.0158 | 0.9574 | 0.9585 | 0.9645 | 0.0203 | 0.9440 | 0.9383 | 0.9311
1733 | 06:53:40 |  18.1s | 1.0e-04 | 0.0150 | 0.9576 | 0.9600 | 0.9643 | 0.0197 | 0.9428 | 0.9439 | 0.9355
1734 | 06:54:10 |  19.0s | 1.0e-04 | 0.0157 | 0.9558 | 0.9582 | 0.9619 | 0.0200 | 0.9392 | 0.9454 | 0.9349
1735 | 06:54:41 |  18.0s | 1.0e-04 | 0.0155 | 0.9567 | 0.9587 | 0.9640 | 0.0190 | 0.9444 | 0.9503 | 0.9446
1736 | 06:55:13 |  17.9s | 1.0e-04 | 0.0155 | 0.9557 | 0.9576 | 0.9618 | 0.0188 | 0.9499 | 0.9429 | 0.9429
1737 | 06:55:44 |  18.0s | 1.0e-04 | 0.0157 | 0.9574 | 0.9553 | 0.9614 | 0.0196 | 0.9411 | 0.9456 | 0.9360
1738 | 06:56:14 |  18.1s | 1.0e-04 | 0.0147 | 0.9584 | 0.9597 | 0.9655 | 0.0197 | 0.9487 | 0.9392 | 0.9397
1739 | 06:56:44 |  18.1s | 1.0e-04 | 0.0157 | 0.9579 | 0.9574 | 0.9639 | 0.0185 | 0.9493 | 0.9453 | 0.9454
1740 | 06:57:17 |  18.0s | 1.0e-04 | 0.0159 | 0.9563 | 0.9565 | 0.9615 | 0.0201 | 0.9383 | 0.9503 | 0.9388
1741 | 06:57:48 |  18.1s | 1.0e-04 | 0.0154 | 0.9569 | 0.9585 | 0.9632 | 0.0196 | 0.9434 | 0.9462 | 0.9400
1742 | 06:58:17 |  18.1s | 1.0e-04 | 0.0155 | 0.9575 | 0.9599 | 0.9650 | 0.0199 | 0.9450 | 0.9423 | 0.9373
1743 | 06:58:48 |  18.0s | 1.0e-04 | 0.0155 | 0.9572 | 0.9585 | 0.9640 | 0.0208 | 0.9438 | 0.9485 | 0.9409
1744 | 06:59:20 |  18.3s | 1.0e-04 | 0.0152 | 0.9578 | 0.9591 | 0.9648 | 0.0195 | 0.9402 | 0.9544 | 0.9435
1745 | 06:59:51 |  18.2s | 1.0e-04 | 0.0149 | 0.9577 | 0.9594 | 0.9653 | 0.0215 | 0.9396 | 0.9378 | 0.9282
1746 | 07:00:21 |  18.2s | 1.0e-04 | 0.0155 | 0.9566 | 0.9587 | 0.9627 | 0.0192 | 0.9425 | 0.9485 | 0.9403
1747 | 07:00:51 |  18.1s | 1.0e-04 | 0.0156 | 0.9569 | 0.9583 | 0.9639 | 0.0198 | 0.9428 | 0.9433 | 0.9376
1748 | 07:01:21 |  18.1s | 1.0e-04 | 0.0157 | 0.9549 | 0.9572 | 0.9603 | 0.0199 | 0.9410 | 0.9520 | 0.9433
1749 | 07:01:52 |  27.2s | 1.0e-04 | 0.0156 | 0.9569 | 0.9586 | 0.9633 | 0.0184 | 0.9436 | 0.9519 | 0.9450
1750 | 07:02:31 |  18.0s | 1.0e-04 | 0.0154 | 0.9582 | 0.9586 | 0.9652 | 0.0197 | 0.9541 | 0.9368 | 0.9426
1751 | 07:03:03 |  19.0s | 1.0e-04 | 0.0163 | 0.9563 | 0.9577 | 0.9620 | 0.0211 | 0.9394 | 0.9485 | 0.9381
1752 | 07:03:33 |  17.4s | 1.0e-04 | 0.0162 | 0.9544 | 0.9588 | 0.9613 | 0.0202 | 0.9492 | 0.9429 | 0.9448
1753 | 07:04:02 |  17.5s | 1.0e-04 | 0.0167 | 0.9543 | 0.9582 | 0.9610 | 0.0202 | 0.9480 | 0.9431 | 0.9418
1754 | 07:04:32 |  17.3s | 1.0e-04 | 0.0161 | 0.9568 | 0.9593 | 0.9639 | 0.0188 | 0.9488 | 0.9407 | 0.9390
1755 | 07:05:04 |  17.2s | 1.0e-04 | 0.0166 | 0.9555 | 0.9557 | 0.9600 | 0.0201 | 0.9453 | 0.9481 | 0.9431
1756 | 07:05:34 |  17.2s | 1.0e-04 | 0.0160 | 0.9555 | 0.9580 | 0.9630 | 0.0197 | 0.9435 | 0.9465 | 0.9392
1757 | 07:06:03 |  17.7s | 1.0e-04 | 0.0162 | 0.9566 | 0.9579 | 0.9631 | 0.0198 | 0.9421 | 0.9437 | 0.9355
1758 | 07:06:32 |  17.2s | 1.0e-04 | 0.0158 | 0.9574 | 0.9571 | 0.9630 | 0.0196 | 0.9404 | 0.9514 | 0.9421
1759 | 07:07:02 |  17.3s | 1.0e-04 | 0.0163 | 0.9544 | 0.9566 | 0.9600 | 0.0201 | 0.9388 | 0.9477 | 0.9352
1760 | 07:07:34 |  17.4s | 1.0e-04 | 0.0163 | 0.9561 | 0.9582 | 0.9623 | 0.0202 | 0.9483 | 0.9446 | 0.9433
1761 | 07:08:03 |  17.5s | 1.0e-04 | 0.0163 | 0.9555 | 0.9588 | 0.9625 | 0.0193 | 0.9485 | 0.9419 | 0.9414
1762 | 07:08:32 |  17.2s | 1.0e-04 | 0.0165 | 0.9561 | 0.9584 | 0.9620 | 0.0202 | 0.9432 | 0.9424 | 0.9372
1763 | 07:09:01 |  17.3s | 1.0e-04 | 0.0159 | 0.9568 | 0.9590 | 0.9632 | 0.0192 | 0.9460 | 0.9472 | 0.9444
1764 | 07:09:32 |  17.4s | 1.0e-04 | 0.0165 | 0.9544 | 0.9576 | 0.9607 | 0.0197 | 0.9423 | 0.9438 | 0.9368
1765 | 07:10:03 |  17.0s | 1.0e-04 | 0.0167 | 0.9552 | 0.9573 | 0.9611 | 0.0207 | 0.9395 | 0.9472 | 0.9362
1766 | 07:10:34 |  17.4s | 1.0e-04 | 0.0163 | 0.9544 | 0.9583 | 0.9611 | 0.0195 | 0.9455 | 0.9480 | 0.9437
1767 | 07:11:04 |  17.4s | 1.0e-04 | 0.0163 | 0.9552 | 0.9587 | 0.9616 | 0.0198 | 0.9471 | 0.9485 | 0.9459
1768 | 07:11:33 |  17.4s | 1.0e-04 | 0.0162 | 0.9550 | 0.9584 | 0.9619 | 0.0204 | 0.9450 | 0.9494 | 0.9433
1769 | 07:12:03 |  17.5s | 1.0e-04 | 0.0165 | 0.9557 | 0.9585 | 0.9626 | 0.0187 | 0.9373 | 0.9527 | 0.9406
1770 | 07:12:33 |  27.0s | 1.0e-04 | 0.0165 | 0.9534 | 0.9589 | 0.9608 | 0.0204 | 0.9418 | 0.9437 | 0.9358
1771 | 07:13:13 |  28.8s | 1.0e-04 | 0.0155 | 0.9576 | 0.9605 | 0.9653 | 0.0199 | 0.9462 | 0.9426 | 0.9405
1772 | 07:13:55 |  17.2s | 1.0e-04 | 0.0163 | 0.9571 | 0.9585 | 0.9640 | 0.0188 | 0.9407 | 0.9503 | 0.9417
1773 | 07:14:26 |  17.1s | 1.0e-04 | 0.0163 | 0.9553 | 0.9586 | 0.9625 | 0.0203 | 0.9396 | 0.9497 | 0.9389
1774 | 07:14:57 |  17.2s | 1.0e-04 | 0.0164 | 0.9567 | 0.9592 | 0.9639 | 0.0203 | 0.9468 | 0.9421 | 0.9410
1775 | 07:15:26 |  17.5s | 1.0e-04 | 0.0165 | 0.9564 | 0.9603 | 0.9641 | 0.0210 | 0.9405 | 0.9475 | 0.9375
1776 | 07:15:56 |  17.3s | 1.0e-04 | 0.0164 | 0.9568 | 0.9598 | 0.9641 | 0.0198 | 0.9452 | 0.9441 | 0.9391
1777 | 07:16:26 |  17.4s | 1.0e-04 | 0.0161 | 0.9581 | 0.9611 | 0.9656 | 0.0195 | 0.9379 | 0.9513 | 0.9400
1778 | 07:16:58 |  17.0s | 1.0e-04 | 0.0163 | 0.9578 | 0.9589 | 0.9653 | 0.0193 | 0.9480 | 0.9426 | 0.9405
1779 | 07:17:27 |  17.1s | 1.0e-04 | 0.0165 | 0.9571 | 0.9591 | 0.9641 | 0.0212 | 0.9514 | 0.9349 | 0.9368
1780 | 07:17:56 |  17.6s | 1.0e-04 | 0.0166 | 0.9578 | 0.9596 | 0.9653 | 0.0185 | 0.9510 | 0.9401 | 0.9429
1781 | 07:18:25 |  17.2s | 1.0e-04 | 0.0163 | 0.9577 | 0.9597 | 0.9650 | 0.0192 | 0.9408 | 0.9553 | 0.9447
1782 | 07:18:56 |  16.9s | 1.0e-04 | 0.0166 | 0.9565 | 0.9582 | 0.9639 | 0.0197 | 0.9476 | 0.9401 | 0.9374
1783 | 07:19:26 |  17.2s | 1.0e-04 | 0.0169 | 0.9567 | 0.9592 | 0.9647 | 0.0194 | 0.9466 | 0.9431 | 0.9398
1784 | 07:19:57 |  17.3s | 1.0e-04 | 0.0161 | 0.9580 | 0.9610 | 0.9662 | 0.0185 | 0.9438 | 0.9485 | 0.9429
1785 | 07:20:27 |  17.2s | 1.0e-04 | 0.0164 | 0.9572 | 0.9588 | 0.9638 | 0.0201 | 0.9452 | 0.9461 | 0.9406
1786 | 07:20:56 |  17.1s | 1.0e-04 | 0.0164 | 0.9574 | 0.9599 | 0.9644 | 0.0212 | 0.9399 | 0.9455 | 0.9359
1787 | 07:21:27 |  17.2s | 1.0e-04 | 0.0164 | 0.9576 | 0.9596 | 0.9644 | 0.0196 | 0.9506 | 0.9398 | 0.9389
1788 | 07:21:56 |  17.5s | 1.0e-04 | 0.0161 | 0.9578 | 0.9592 | 0.9648 | 0.0208 | 0.9380 | 0.9480 | 0.9351
1789 | 07:22:25 |  17.4s | 1.0e-04 | 0.0164 | 0.9570 | 0.9579 | 0.9637 | 0.0195 | 0.9437 | 0.9472 | 0.9411
1790 | 07:22:56 |  17.1s | 1.0e-04 | 0.0164 | 0.9563 | 0.9586 | 0.9639 | 0.0195 | 0.9432 | 0.9464 | 0.9378
1791 | 07:23:27 |  26.4s | 1.0e-04 | 0.0168 | 0.9563 | 0.9597 | 0.9632 | 0.0206 | 0.9396 | 0.9481 | 0.9372
1792 | 07:24:06 |  28.8s | 1.0e-04 | 0.0169 | 0.9565 | 0.9587 | 0.9629 | 0.0208 | 0.9400 | 0.9445 | 0.9349
1793 | 07:24:47 |  17.1s | 1.0e-04 | 0.0171 | 0.9554 | 0.9588 | 0.9620 | 0.0196 | 0.9435 | 0.9470 | 0.9401
1794 | 07:25:15 |  17.3s | 1.0e-04 | 0.0170 | 0.9551 | 0.9582 | 0.9621 | 0.0205 | 0.9399 | 0.9469 | 0.9357
1795 | 07:25:45 |  17.2s | 1.0e-04 | 0.0165 | 0.9565 | 0.9599 | 0.9646 | 0.0190 | 0.9451 | 0.9538 | 0.9480
1796 | 07:26:17 |  17.1s | 1.0e-04 | 0.0172 | 0.9554 | 0.9556 | 0.9599 | 0.0206 | 0.9377 | 0.9517 | 0.9396
1797 | 07:26:47 |  17.2s | 1.0e-04 | 0.0171 | 0.9564 | 0.9565 | 0.9620 | 0.0196 | 0.9485 | 0.9450 | 0.9449
1798 | 07:27:16 |  17.2s | 1.0e-04 | 0.0174 | 0.9545 | 0.9573 | 0.9610 | 0.0195 | 0.9429 | 0.9506 | 0.9434
1799 | 07:27:45 |  17.2s | 1.0e-04 | 0.0166 | 0.9558 | 0.9609 | 0.9644 | 0.0201 | 0.9429 | 0.9561 | 0.9479
1800 | 07:28:14 |  17.5s | 1.0e-04 | 0.0169 | 0.9556 | 0.9594 | 0.9621 | 0.0200 | 0.9421 | 0.9507 | 0.9430
1801 | 07:28:44 |  17.6s | 1.0e-04 | 0.0166 | 0.9558 | 0.9593 | 0.9632 | 0.0200 | 0.9387 | 0.9518 | 0.9404
1802 | 07:29:16 |  17.1s | 1.0e-04 | 0.0174 | 0.9556 | 0.9574 | 0.9612 | 0.0202 | 0.9426 | 0.9482 | 0.9414
1803 | 07:29:47 |  17.4s | 1.0e-04 | 0.0171 | 0.9552 | 0.9570 | 0.9611 | 0.0200 | 0.9512 | 0.9381 | 0.9405
1804 | 07:30:18 |  17.3s | 1.0e-04 | 0.0177 | 0.9530 | 0.9563 | 0.9590 | 0.0203 | 0.9400 | 0.9507 | 0.9407
1805 | 07:30:49 |  17.2s | 1.0e-04 | 0.0171 | 0.9552 | 0.9562 | 0.9606 | 0.0202 | 0.9427 | 0.9538 | 0.9455
1806 | 07:31:18 |  17.3s | 1.0e-04 | 0.0169 | 0.9554 | 0.9591 | 0.9619 | 0.0200 | 0.9451 | 0.9400 | 0.9347
1807 | 07:31:48 |  17.2s | 1.0e-04 | 0.0171 | 0.9561 | 0.9588 | 0.9632 | 0.0186 | 0.9521 | 0.9408 | 0.9445
1808 | 07:32:17 |  17.1s | 1.0e-04 | 0.0169 | 0.9563 | 0.9594 | 0.9631 | 0.0199 | 0.9456 | 0.9436 | 0.9407
1809 | 07:32:49 |  17.3s | 1.0e-04 | 0.0166 | 0.9581 | 0.9594 | 0.9649 | 0.0195 | 0.9461 | 0.9436 | 0.9388
1810 | 07:33:19 |  17.3s | 1.0e-04 | 0.0171 | 0.9555 | 0.9583 | 0.9625 | 0.0187 | 0.9493 | 0.9407 | 0.9422
1811 | 07:33:49 |  17.1s | 1.0e-04 | 0.0168 | 0.9577 | 0.9597 | 0.9646 | 0.0208 | 0.9376 | 0.9456 | 0.9329
1812 | 07:34:18 |  27.4s | 1.0e-04 | 0.0168 | 0.9567 | 0.9594 | 0.9638 | 0.0189 | 0.9478 | 0.9394 | 0.9396
1813 | 07:34:57 |  28.4s | 1.0e-04 | 0.0170 | 0.9566 | 0.9574 | 0.9626 | 0.0201 | 0.9508 | 0.9369 | 0.9405
1814 | 07:35:38 |  17.1s | 1.0e-04 | 0.0173 | 0.9555 | 0.9578 | 0.9613 | 0.0195 | 0.9387 | 0.9551 | 0.9438
1815 | 07:36:09 |  17.2s | 1.0e-04 | 0.0168 | 0.9573 | 0.9587 | 0.9636 | 0.0193 | 0.9510 | 0.9420 | 0.9442
1816 | 07:36:40 |  17.5s | 1.0e-04 | 0.0169 | 0.9553 | 0.9597 | 0.9617 | 0.0194 | 0.9446 | 0.9512 | 0.9461
1817 | 07:37:09 |  17.3s | 1.0e-04 | 0.0175 | 0.9550 | 0.9580 | 0.9616 | 0.0196 | 0.9459 | 0.9447 | 0.9419
1818 | 07:37:39 |  17.2s | 1.0e-04 | 0.0166 | 0.9594 | 0.9613 | 0.9676 | 0.0190 | 0.9471 | 0.9458 | 0.9434
1819 | 07:38:10 |  16.9s | 1.0e-04 | 0.0176 | 0.9551 | 0.9580 | 0.9611 | 0.0192 | 0.9406 | 0.9518 | 0.9429
1820 | 07:38:41 |  17.4s | 1.0e-04 | 0.0169 | 0.9562 | 0.9585 | 0.9629 | 0.0209 | 0.9393 | 0.9484 | 0.9382
1821 | 07:39:12 |  16.9s | 1.0e-04 | 0.0167 | 0.9562 | 0.9607 | 0.9650 | 0.0199 | 0.9473 | 0.9406 | 0.9388
1822 | 07:39:43 |  17.3s | 1.0e-04 | 0.0171 | 0.9554 | 0.9590 | 0.9629 | 0.0204 | 0.9439 | 0.9410 | 0.9330
1823 | 07:40:12 |  17.1s | 1.0e-04 | 0.0170 | 0.9569 | 0.9594 | 0.9634 | 0.0199 | 0.9400 | 0.9478 | 0.9380
1824 | 07:40:42 |  17.4s | 1.0e-04 | 0.0169 | 0.9552 | 0.9596 | 0.9626 | 0.0195 | 0.9451 | 0.9455 | 0.9409
1825 | 07:41:13 |  17.4s | 1.0e-04 | 0.0169 | 0.9562 | 0.9601 | 0.9640 | 0.0199 | 0.9445 | 0.9443 | 0.9397
1826 | 07:41:45 |  17.2s | 1.0e-04 | 0.0169 | 0.9557 | 0.9594 | 0.9635 | 0.0201 | 0.9473 | 0.9410 | 0.9410
1827 | 07:42:14 |  17.2s | 1.0e-04 | 0.0163 | 0.9578 | 0.9596 | 0.9647 | 0.0198 | 0.9438 | 0.9457 | 0.9389
1828 | 07:42:43 |  17.1s | 1.0e-04 | 0.0172 | 0.9550 | 0.9594 | 0.9626 | 0.0195 | 0.9403 | 0.9528 | 0.9432
1829 | 07:43:15 |  16.9s | 1.0e-04 | 0.0170 | 0.9552 | 0.9577 | 0.9613 | 0.0196 | 0.9422 | 0.9486 | 0.9403
1830 | 07:43:45 |  17.1s | 1.0e-04 | 0.0172 | 0.9561 | 0.9579 | 0.9617 | 0.0185 | 0.9475 | 0.9491 | 0.9467
1831 | 07:44:15 |  17.2s | 1.0e-04 | 0.0167 | 0.9563 | 0.9600 | 0.9637 | 0.0205 | 0.9346 | 0.9512 | 0.9361
1832 | 07:44:44 |  17.3s | 1.0e-04 | 0.0166 | 0.9561 | 0.9591 | 0.9634 | 0.0191 | 0.9397 | 0.9513 | 0.9410
1833 | 07:45:15 |  25.7s | 1.0e-04 | 0.0172 | 0.9570 | 0.9598 | 0.9649 | 0.0200 | 0.9488 | 0.9402 | 0.9406
1834 | 07:45:55 |  30.2s | 1.0e-04 | 0.0162 | 0.9576 | 0.9604 | 0.9657 | 0.0201 | 0.9368 | 0.9492 | 0.9363
1835 | 07:46:38 |  17.1s | 1.0e-04 | 0.0164 | 0.9581 | 0.9613 | 0.9661 | 0.0198 | 0.9384 | 0.9491 | 0.9373
1836 | 07:47:10 |  17.5s | 1.0e-04 | 0.0164 | 0.9579 | 0.9598 | 0.9651 | 0.0198 | 0.9450 | 0.9547 | 0.9499
1837 | 07:47:42 |  17.1s | 1.0e-04 | 0.0171 | 0.9571 | 0.9585 | 0.9640 | 0.0196 | 0.9375 | 0.9537 | 0.9406
1838 | 07:48:11 |  17.3s | 1.0e-04 | 0.0165 | 0.9573 | 0.9596 | 0.9650 | 0.0187 | 0.9450 | 0.9477 | 0.9439
1839 | 07:48:40 |  17.0s | 1.0e-04 | 0.0168 | 0.9577 | 0.9609 | 0.9662 | 0.0198 | 0.9509 | 0.9340 | 0.9381
1840 | 07:49:11 |  17.4s | 1.0e-04 | 0.0167 | 0.9561 | 0.9588 | 0.9624 | 0.0202 | 0.9428 | 0.9432 | 0.9360
1841 | 07:49:42 |  17.1s | 1.0e-04 | 0.0168 | 0.9567 | 0.9603 | 0.9638 | 0.0200 | 0.9463 | 0.9464 | 0.9445
1842 | 07:50:11 |  17.3s | 1.0e-04 | 0.0168 | 0.9571 | 0.9599 | 0.9645 | 0.0204 | 0.9428 | 0.9507 | 0.9431
1843 | 07:50:41 |  17.3s | 1.0e-04 | 0.0162 | 0.9581 | 0.9594 | 0.9652 | 0.0196 | 0.9419 | 0.9436 | 0.9356
1844 | 07:51:11 |  17.0s | 1.0e-04 | 0.0164 | 0.9575 | 0.9606 | 0.9651 | 0.0196 | 0.9485 | 0.9390 | 0.9407
1845 | 07:51:43 |  17.0s | 1.0e-04 | 0.0161 | 0.9567 | 0.9623 | 0.9656 | 0.0206 | 0.9386 | 0.9484 | 0.9367
1846 | 07:52:12 |  17.4s | 1.0e-04 | 0.0168 | 0.9563 | 0.9601 | 0.9644 | 0.0190 | 0.9427 | 0.9530 | 0.9447
1847 | 07:52:42 |  17.3s | 1.0e-04 | 0.0163 | 0.9580 | 0.9614 | 0.9659 | 0.0195 | 0.9428 | 0.9518 | 0.9445
1848 | 07:53:12 |  17.0s | 1.0e-04 | 0.0164 | 0.9579 | 0.9603 | 0.9655 | 0.0193 | 0.9451 | 0.9510 | 0.9457
1849 | 07:53:42 |  17.2s | 1.0e-04 | 0.0164 | 0.9596 | 0.9612 | 0.9673 | 0.0198 | 0.9394 | 0.9517 | 0.9417
1850 | 07:54:14 |  16.8s | 1.0e-04 | 0.0172 | 0.9543 | 0.9605 | 0.9619 | 0.0190 | 0.9502 | 0.9482 | 0.9493
1851 | 07:54:45 |  17.2s | 1.0e-04 | 0.0162 | 0.9576 | 0.9628 | 0.9663 | 0.0185 | 0.9484 | 0.9414 | 0.9427
1852 | 07:55:16 |  17.2s | 1.0e-04 | 0.0163 | 0.9577 | 0.9616 | 0.9666 | 0.0199 | 0.9458 | 0.9411 | 0.9387
1853 | 07:55:45 |  25.8s | 1.0e-04 | 0.0168 | 0.9553 | 0.9588 | 0.9621 | 0.0208 | 0.9329 | 0.9479 | 0.9303
1854 | 07:56:24 |  17.6s | 1.0e-04 | 0.0164 | 0.9574 | 0.9616 | 0.9656 | 0.0197 | 0.9359 | 0.9570 | 0.9439
1855 | 07:56:55 |  27.3s | 1.0e-04 | 0.0166 | 0.9573 | 0.9618 | 0.9664 | 0.0197 | 0.9465 | 0.9437 | 0.9424
1856 | 07:57:35 |  17.5s | 1.0e-04 | 0.0169 | 0.9573 | 0.9610 | 0.9655 | 0.0184 | 0.9453 | 0.9460 | 0.9406
1857 | 07:58:05 |  17.4s | 1.0e-04 | 0.0166 | 0.9577 | 0.9617 | 0.9664 | 0.0200 | 0.9389 | 0.9456 | 0.9336
1858 | 07:58:37 |  17.5s | 1.0e-04 | 0.0166 | 0.9576 | 0.9627 | 0.9676 | 0.0201 | 0.9439 | 0.9486 | 0.9422
1859 | 07:59:07 |  17.4s | 1.0e-04 | 0.0164 | 0.9598 | 0.9615 | 0.9688 | 0.0199 | 0.9428 | 0.9535 | 0.9465
1860 | 07:59:37 |  17.3s | 1.0e-04 | 0.0163 | 0.9584 | 0.9617 | 0.9671 | 0.0189 | 0.9481 | 0.9449 | 0.9438
1861 | 08:00:07 |  17.4s | 1.0e-04 | 0.0164 | 0.9593 | 0.9616 | 0.9670 | 0.0205 | 0.9443 | 0.9472 | 0.9408
1862 | 08:00:39 |  17.5s | 1.0e-04 | 0.0162 | 0.9586 | 0.9608 | 0.9663 | 0.0186 | 0.9411 | 0.9505 | 0.9415
1863 | 08:01:09 |  17.6s | 1.0e-04 | 0.0167 | 0.9582 | 0.9628 | 0.9666 | 0.0214 | 0.9315 | 0.9485 | 0.9299
1864 | 08:01:39 |  17.5s | 1.0e-04 | 0.0162 | 0.9582 | 0.9617 | 0.9670 | 0.0190 | 0.9408 | 0.9500 | 0.9408
1865 | 08:02:10 |  17.3s | 1.0e-04 | 0.0163 | 0.9580 | 0.9625 | 0.9674 | 0.0194 | 0.9445 | 0.9439 | 0.9379
1866 | 08:02:42 |  17.5s | 1.0e-04 | 0.0166 | 0.9582 | 0.9628 | 0.9677 | 0.0196 | 0.9447 | 0.9510 | 0.9462
1867 | 08:03:11 |  17.4s | 1.0e-04 | 0.0166 | 0.9575 | 0.9616 | 0.9667 | 0.0198 | 0.9358 | 0.9531 | 0.9389
1868 | 08:03:42 |  17.6s | 1.0e-04 | 0.0166 | 0.9587 | 0.9620 | 0.9676 | 0.0204 | 0.9373 | 0.9517 | 0.9389
1869 | 08:04:12 |  17.4s | 1.0e-04 | 0.0166 | 0.9577 | 0.9613 | 0.9665 | 0.0188 | 0.9489 | 0.9533 | 0.9516
1870 | 08:04:41 |  17.6s | 1.0e-04 | 0.0166 | 0.9573 | 0.9618 | 0.9661 | 0.0193 | 0.9512 | 0.9414 | 0.9434
1871 | 08:05:12 |  17.7s | 1.0e-04 | 0.0165 | 0.9601 | 0.9627 | 0.9697 | 0.0211 | 0.9376 | 0.9465 | 0.9342
1872 | 08:05:42 |  17.5s | 1.0e-04 | 0.0172 | 0.9576 | 0.9606 | 0.9654 | 0.0193 | 0.9398 | 0.9462 | 0.9364
1873 | 08:06:13 |  17.3s | 1.0e-04 | 0.0163 | 0.9601 | 0.9617 | 0.9687 | 0.0194 | 0.9413 | 0.9473 | 0.9384
1874 | 08:06:44 |  27.7s | 1.0e-04 | 0.0164 | 0.9596 | 0.9630 | 0.9695 | 0.0195 | 0.9425 | 0.9462 | 0.9382
1875 | 08:07:25 |  17.1s | 1.0e-04 | 0.0165 | 0.9570 | 0.9607 | 0.9649 | 0.0202 | 0.9494 | 0.9446 | 0.9445
1876 | 08:07:59 |  17.6s | 1.0e-04 | 0.0157 | 0.9592 | 0.9611 | 0.9670 | 0.0203 | 0.9357 | 0.9534 | 0.9386
1877 | 08:08:28 |  17.6s | 1.0e-04 | 0.0155 | 0.9598 | 0.9630 | 0.9683 | 0.0197 | 0.9439 | 0.9421 | 0.9348
1878 | 08:08:58 |  17.6s | 1.0e-04 | 0.0154 | 0.9589 | 0.9632 | 0.9689 | 0.0203 | 0.9454 | 0.9398 | 0.9352
1879 | 08:09:29 |  17.4s | 1.0e-04 | 0.0155 | 0.9583 | 0.9617 | 0.9674 | 0.0198 | 0.9358 | 0.9549 | 0.9424
1880 | 08:10:01 |  17.7s | 1.0e-04 | 0.0162 | 0.9580 | 0.9609 | 0.9665 | 0.0180 | 0.9467 | 0.9538 | 0.9511
1881 | 08:10:31 |  17.6s | 1.0e-04 | 0.0155 | 0.9593 | 0.9621 | 0.9688 | 0.0202 | 0.9447 | 0.9419 | 0.9359
1882 | 08:11:01 |  17.5s | 1.0e-04 | 0.0154 | 0.9591 | 0.9627 | 0.9682 | 0.0206 | 0.9393 | 0.9454 | 0.9353
1883 | 08:11:32 |  17.4s | 1.0e-04 | 0.0158 | 0.9581 | 0.9610 | 0.9657 | 0.0194 | 0.9416 | 0.9467 | 0.9371
1884 | 08:12:03 |  17.2s | 1.0e-04 | 0.0160 | 0.9572 | 0.9599 | 0.9641 | 0.0190 | 0.9500 | 0.9447 | 0.9431
1885 | 08:12:35 |  17.4s | 1.0e-04 | 0.0154 | 0.9591 | 0.9626 | 0.9681 | 0.0207 | 0.9404 | 0.9430 | 0.9317
1886 | 08:13:05 |  17.7s | 1.0e-04 | 0.0154 | 0.9602 | 0.9620 | 0.9681 | 0.0198 | 0.9448 | 0.9504 | 0.9454
1887 | 08:13:35 |  17.7s | 1.0e-04 | 0.0151 | 0.9604 | 0.9631 | 0.9707 | 0.0192 | 0.9442 | 0.9444 | 0.9397
1888 | 08:14:05 |  17.7s | 1.0e-04 | 0.0159 | 0.9598 | 0.9612 | 0.9686 | 0.0195 | 0.9475 | 0.9452 | 0.9432
1889 | 08:14:34 |  17.8s | 1.0e-04 | 0.0152 | 0.9607 | 0.9634 | 0.9696 | 0.0200 | 0.9413 | 0.9461 | 0.9376
1890 | 08:15:04 |  17.4s | 1.0e-04 | 0.0151 | 0.9589 | 0.9622 | 0.9682 | 0.0205 | 0.9379 | 0.9457 | 0.9336
1891 | 08:15:36 |  17.5s | 1.0e-04 | 0.0161 | 0.9591 | 0.9616 | 0.9674 | 0.0187 | 0.9409 | 0.9560 | 0.9473
1892 | 08:16:07 |  17.7s | 1.0e-04 | 0.0151 | 0.9600 | 0.9637 | 0.9694 | 0.0189 | 0.9503 | 0.9426 | 0.9428
1893 | 08:16:37 |  17.5s | 1.0e-04 | 0.0156 | 0.9596 | 0.9619 | 0.9679 | 0.0215 | 0.9470 | 0.9381 | 0.9340
1894 | 08:17:07 |  17.5s | 1.0e-04 | 0.0151 | 0.9594 | 0.9628 | 0.9688 | 0.0198 | 0.9451 | 0.9455 | 0.9405
1895 | 08:17:36 |  26.4s | 1.0e-04 | 0.0151 | 0.9597 | 0.9636 | 0.9691 | 0.0184 | 0.9470 | 0.9458 | 0.9428
1896 | 08:18:15 |  28.2s | 1.0e-04 | 0.0151 | 0.9608 | 0.9619 | 0.9694 | 0.0201 | 0.9477 | 0.9364 | 0.9325
1897 | 08:18:57 |  17.5s | 1.0e-04 | 0.0154 | 0.9609 | 0.9633 | 0.9703 | 0.0206 | 0.9354 | 0.9518 | 0.9372
1898 | 08:19:26 |  17.4s | 1.0e-04 | 0.0159 | 0.9575 | 0.9627 | 0.9668 | 0.0190 | 0.9459 | 0.9457 | 0.9426
1899 | 08:19:56 |  17.3s | 1.0e-04 | 0.0160 | 0.9582 | 0.9602 | 0.9660 | 0.0193 | 0.9456 | 0.9472 | 0.9435
1900 | 08:20:28 |  17.2s | 1.0e-04 | 0.0156 | 0.9602 | 0.9605 | 0.9678 | 0.0194 | 0.9462 | 0.9486 | 0.9442
1901 | 08:20:59 |  17.2s | 1.0e-04 | 0.0159 | 0.9589 | 0.9616 | 0.9677 | 0.0206 | 0.9387 | 0.9431 | 0.9305
1902 | 08:21:29 |  17.1s | 1.0e-04 | 0.0155 | 0.9604 | 0.9621 | 0.9686 | 0.0194 | 0.9437 | 0.9478 | 0.9406
1903 | 08:21:58 |  17.5s | 1.0e-04 | 0.0154 | 0.9593 | 0.9620 | 0.9672 | 0.0198 | 0.9403 | 0.9510 | 0.9417
1904 | 08:22:28 |  17.4s | 1.0e-04 | 0.0157 | 0.9581 | 0.9627 | 0.9672 | 0.0195 | 0.9501 | 0.9398 | 0.9413
1905 | 08:22:57 |  17.3s | 1.0e-04 | 0.0155 | 0.9583 | 0.9619 | 0.9672 | 0.0195 | 0.9452 | 0.9421 | 0.9389
1906 | 08:23:26 |  17.4s | 1.0e-04 | 0.0156 | 0.9581 | 0.9617 | 0.9665 | 0.0183 | 0.9390 | 0.9538 | 0.9429
1907 | 08:23:57 |  17.0s | 1.0e-04 | 0.0155 | 0.9585 | 0.9629 | 0.9675 | 0.0193 | 0.9496 | 0.9473 | 0.9480
1908 | 08:24:29 |  17.5s | 1.0e-04 | 0.0157 | 0.9588 | 0.9617 | 0.9679 | 0.0188 | 0.9483 | 0.9445 | 0.9431
1909 | 08:24:58 |  17.4s | 1.0e-04 | 0.0157 | 0.9581 | 0.9615 | 0.9659 | 0.0196 | 0.9406 | 0.9483 | 0.9382
1910 | 08:25:28 |  17.3s | 1.0e-04 | 0.0156 | 0.9583 | 0.9623 | 0.9682 | 0.0198 | 0.9454 | 0.9427 | 0.9377
1911 | 08:25:59 |  17.5s | 1.0e-04 | 0.0157 | 0.9581 | 0.9621 | 0.9669 | 0.0190 | 0.9486 | 0.9485 | 0.9476
1912 | 08:26:30 |  17.5s | 1.0e-04 | 0.0155 | 0.9574 | 0.9629 | 0.9670 | 0.0202 | 0.9466 | 0.9437 | 0.9407
1913 | 08:26:59 |  17.3s | 1.0e-04 | 0.0158 | 0.9587 | 0.9622 | 0.9677 | 0.0200 | 0.9466 | 0.9455 | 0.9407
1914 | 08:27:28 |  17.2s | 1.0e-04 | 0.0150 | 0.9589 | 0.9622 | 0.9686 | 0.0193 | 0.9431 | 0.9419 | 0.9356
1915 | 08:27:58 |  17.2s | 1.0e-04 | 0.0155 | 0.9590 | 0.9618 | 0.9688 | 0.0201 | 0.9482 | 0.9424 | 0.9397
1916 | 08:28:29 |  27.1s | 1.0e-04 | 0.0153 | 0.9607 | 0.9626 | 0.9690 | 0.0198 | 0.9451 | 0.9470 | 0.9433
1917 | 08:29:08 |  30.7s | 1.0e-04 | 0.0162 | 0.9587 | 0.9618 | 0.9677 | 0.0198 | 0.9398 | 0.9514 | 0.9411
1918 | 08:29:51 |  17.4s | 1.0e-04 | 0.0165 | 0.9580 | 0.9611 | 0.9660 | 0.0209 | 0.9403 | 0.9502 | 0.9405
1919 | 08:30:21 |  17.1s | 1.0e-04 | 0.0166 | 0.9596 | 0.9607 | 0.9682 | 0.0199 | 0.9392 | 0.9480 | 0.9367
1920 | 08:30:52 |  17.0s | 1.0e-04 | 0.0165 | 0.9584 | 0.9602 | 0.9668 | 0.0201 | 0.9453 | 0.9390 | 0.9360
1921 | 08:31:23 |  17.0s | 1.0e-04 | 0.0163 | 0.9588 | 0.9622 | 0.9670 | 0.0199 | 0.9414 | 0.9460 | 0.9360
1922 | 08:31:54 |  17.3s | 1.0e-04 | 0.0165 | 0.9574 | 0.9618 | 0.9663 | 0.0187 | 0.9421 | 0.9523 | 0.9442
1923 | 08:32:24 |  17.1s | 1.0e-04 | 0.0164 | 0.9578 | 0.9612 | 0.9657 | 0.0186 | 0.9516 | 0.9448 | 0.9464
1924 | 08:32:53 |  17.3s | 1.0e-04 | 0.0168 | 0.9574 | 0.9613 | 0.9658 | 0.0209 | 0.9436 | 0.9458 | 0.9384
1925 | 08:33:23 |  16.9s | 1.0e-04 | 0.0167 | 0.9579 | 0.9608 | 0.9657 | 0.0196 | 0.9391 | 0.9567 | 0.9479
1926 | 08:33:53 |  17.1s | 1.0e-04 | 0.0166 | 0.9588 | 0.9607 | 0.9670 | 0.0195 | 0.9396 | 0.9510 | 0.9413
1927 | 08:34:24 |  17.0s | 1.0e-04 | 0.0164 | 0.9599 | 0.9611 | 0.9679 | 0.0204 | 0.9423 | 0.9437 | 0.9364
1928 | 08:34:53 |  17.3s | 1.0e-04 | 0.0164 | 0.9592 | 0.9610 | 0.9671 | 0.0204 | 0.9450 | 0.9411 | 0.9372
1929 | 08:35:23 |  17.1s | 1.0e-04 | 0.0168 | 0.9576 | 0.9598 | 0.9663 | 0.0196 | 0.9427 | 0.9452 | 0.9385
1930 | 08:35:51 |  17.3s | 1.0e-04 | 0.0160 | 0.9598 | 0.9617 | 0.9683 | 0.0206 | 0.9452 | 0.9466 | 0.9417
1931 | 08:36:23 |  17.1s | 1.0e-04 | 0.0169 | 0.9579 | 0.9604 | 0.9646 | 0.0196 | 0.9447 | 0.9499 | 0.9447
1932 | 08:36:53 |  17.2s | 1.0e-04 | 0.0168 | 0.9588 | 0.9601 | 0.9661 | 0.0200 | 0.9406 | 0.9501 | 0.9409
1933 | 08:37:23 |  17.3s | 1.0e-04 | 0.0164 | 0.9583 | 0.9611 | 0.9663 | 0.0191 | 0.9473 | 0.9453 | 0.9424
1934 | 08:37:52 |  17.0s | 1.0e-04 | 0.0168 | 0.9580 | 0.9608 | 0.9656 | 0.0206 | 0.9387 | 0.9494 | 0.9381
1935 | 08:38:20 |  17.4s | 1.0e-04 | 0.0162 | 0.9598 | 0.9621 | 0.9689 | 0.0199 | 0.9463 | 0.9439 | 0.9394
1936 | 08:38:50 |  17.1s | 1.0e-04 | 0.0163 | 0.9579 | 0.9595 | 0.9657 | 0.0191 | 0.9462 | 0.9487 | 0.9448
1937 | 08:39:20 |  25.9s | 1.0e-04 | 0.0164 | 0.9583 | 0.9601 | 0.9661 | 0.0187 | 0.9493 | 0.9483 | 0.9482
1938 | 08:39:59 |  32.3s | 1.0e-04 | 0.0165 | 0.9585 | 0.9614 | 0.9669 | 0.0190 | 0.9408 | 0.9498 | 0.9407
1939 | 08:40:44 |  17.3s | 1.0e-04 | 0.0169 | 0.9590 | 0.9611 | 0.9673 | 0.0193 | 0.9427 | 0.9472 | 0.9393
1940 | 08:41:13 |  17.1s | 1.0e-04 | 0.0168 | 0.9589 | 0.9620 | 0.9674 | 0.0203 | 0.9366 | 0.9477 | 0.9342
1941 | 08:41:43 |  16.8s | 1.0e-04 | 0.0161 | 0.9588 | 0.9612 | 0.9670 | 0.0185 | 0.9455 | 0.9503 | 0.9460
1942 | 08:42:15 |  16.9s | 1.0e-04 | 0.0168 | 0.9571 | 0.9614 | 0.9660 | 0.0198 | 0.9405 | 0.9463 | 0.9360
1943 | 08:42:45 |  17.0s | 1.0e-04 | 0.0164 | 0.9581 | 0.9613 | 0.9669 | 0.0199 | 0.9454 | 0.9476 | 0.9426
1944 | 08:43:13 |  17.2s | 1.0e-04 | 0.0162 | 0.9590 | 0.9627 | 0.9678 | 0.0198 | 0.9432 | 0.9419 | 0.9356
1945 | 08:43:43 |  17.0s | 1.0e-04 | 0.0167 | 0.9567 | 0.9617 | 0.9650 | 0.0190 | 0.9436 | 0.9465 | 0.9403
1946 | 08:44:12 |  17.0s | 1.0e-04 | 0.0167 | 0.9580 | 0.9608 | 0.9662 | 0.0209 | 0.9507 | 0.9324 | 0.9378
1947 | 08:44:43 |  17.1s | 1.0e-04 | 0.0167 | 0.9571 | 0.9603 | 0.9661 | 0.0203 | 0.9449 | 0.9471 | 0.9416
1948 | 08:45:12 |  17.0s | 1.0e-04 | 0.0168 | 0.9568 | 0.9588 | 0.9637 | 0.0199 | 0.9475 | 0.9473 | 0.9462
1949 | 08:45:41 |  17.0s | 1.0e-04 | 0.0166 | 0.9586 | 0.9609 | 0.9667 | 0.0201 | 0.9456 | 0.9435 | 0.9400
1950 | 08:46:11 |  17.0s | 1.0e-04 | 0.0170 | 0.9568 | 0.9615 | 0.9648 | 0.0193 | 0.9434 | 0.9490 | 0.9427
1951 | 08:46:42 |  17.0s | 1.0e-04 | 0.0168 | 0.9583 | 0.9608 | 0.9671 | 0.0198 | 0.9470 | 0.9486 | 0.9455
1952 | 08:47:13 |  17.0s | 1.0e-04 | 0.0163 | 0.9585 | 0.9622 | 0.9674 | 0.0187 | 0.9438 | 0.9459 | 0.9401
1953 | 08:47:44 |  17.3s | 1.0e-04 | 0.0164 | 0.9594 | 0.9621 | 0.9684 | 0.0197 | 0.9376 | 0.9510 | 0.9382
1954 | 08:48:14 |  17.5s | 1.0e-04 | 0.0168 | 0.9582 | 0.9607 | 0.9665 | 0.0201 | 0.9468 | 0.9400 | 0.9364
1955 | 08:48:45 |  17.2s | 1.0e-04 | 0.0169 | 0.9590 | 0.9621 | 0.9676 | 0.0194 | 0.9449 | 0.9414 | 0.9364
1956 | 08:49:14 |  17.0s | 1.0e-04 | 0.0167 | 0.9567 | 0.9611 | 0.9651 | 0.0201 | 0.9356 | 0.9528 | 0.9390
1957 | 08:49:43 |  17.1s | 1.0e-04 | 0.0167 | 0.9571 | 0.9607 | 0.9657 | 0.0192 | 0.9431 | 0.9537 | 0.9472
1958 | 08:50:14 |  27.2s | 1.0e-04 | 0.0160 | 0.9589 | 0.9617 | 0.9684 | 0.0192 | 0.9445 | 0.9496 | 0.9439
1959 | 08:50:53 |  27.8s | 1.0e-04 | 0.0155 | 0.9598 | 0.9636 | 0.9690 | 0.0206 | 0.9409 | 0.9477 | 0.9384
1960 | 08:51:34 |  17.3s | 1.0e-04 | 0.0152 | 0.9594 | 0.9612 | 0.9679 | 0.0207 | 0.9517 | 0.9360 | 0.9389
1961 | 08:52:04 |  17.2s | 1.0e-04 | 0.0152 | 0.9606 | 0.9604 | 0.9683 | 0.0191 | 0.9451 | 0.9461 | 0.9408
1962 | 08:52:33 |  17.2s | 1.0e-04 | 0.0152 | 0.9602 | 0.9607 | 0.9686 | 0.0196 | 0.9389 | 0.9474 | 0.9350
1963 | 08:53:03 |  17.0s | 1.0e-04 | 0.0151 | 0.9595 | 0.9635 | 0.9688 | 0.0196 | 0.9551 | 0.9287 | 0.9385
1964 | 08:53:35 |  17.2s | 1.0e-04 | 0.0150 | 0.9595 | 0.9618 | 0.9688 | 0.0205 | 0.9479 | 0.9441 | 0.9409
1965 | 08:54:05 |  17.3s | 1.0e-04 | 0.0146 | 0.9626 | 0.9631 | 0.9719 | 0.0195 | 0.9431 | 0.9501 | 0.9433
1966 | 08:54:34 |  17.5s | 1.0e-04 | 0.0150 | 0.9612 | 0.9616 | 0.9704 | 0.0202 | 0.9459 | 0.9409 | 0.9385
1967 | 08:55:03 |  17.3s | 1.0e-04 | 0.0146 | 0.9602 | 0.9624 | 0.9694 | 0.0190 | 0.9528 | 0.9412 | 0.9441
1968 | 08:55:34 |  16.9s | 1.0e-04 | 0.0147 | 0.9613 | 0.9620 | 0.9699 | 0.0191 | 0.9492 | 0.9424 | 0.9430
1969 | 08:56:02 |  17.3s | 1.0e-04 | 0.0148 | 0.9600 | 0.9615 | 0.9689 | 0.0197 | 0.9458 | 0.9439 | 0.9393
1970 | 08:56:32 |  17.2s | 1.0e-04 | 0.0149 | 0.9599 | 0.9619 | 0.9686 | 0.0199 | 0.9473 | 0.9420 | 0.9391
1971 | 08:57:01 |  16.8s | 1.0e-04 | 0.0144 | 0.9606 | 0.9628 | 0.9703 | 0.0197 | 0.9471 | 0.9458 | 0.9438
1972 | 08:57:33 |  17.0s | 1.0e-04 | 0.0153 | 0.9596 | 0.9631 | 0.9688 | 0.0201 | 0.9467 | 0.9380 | 0.9347
1973 | 08:58:02 |  16.9s | 1.0e-04 | 0.0145 | 0.9608 | 0.9621 | 0.9691 | 0.0196 | 0.9443 | 0.9519 | 0.9460
1974 | 08:58:33 |  17.1s | 1.0e-04 | 0.0148 | 0.9600 | 0.9637 | 0.9697 | 0.0202 | 0.9431 | 0.9465 | 0.9399
1975 | 08:59:04 |  17.3s | 1.0e-04 | 0.0154 | 0.9598 | 0.9636 | 0.9692 | 0.0201 | 0.9517 | 0.9347 | 0.9380
1976 | 08:59:33 |  17.3s | 1.0e-04 | 0.0147 | 0.9610 | 0.9637 | 0.9700 | 0.0193 | 0.9477 | 0.9473 | 0.9459
1977 | 09:00:02 |  17.1s | 1.0e-04 | 0.0144 | 0.9612 | 0.9636 | 0.9702 | 0.0202 | 0.9363 | 0.9488 | 0.9356
1978 | 09:00:32 |  27.0s | 1.0e-04 | 0.0146 | 0.9611 | 0.9649 | 0.9707 | 0.0197 | 0.9476 | 0.9449 | 0.9419
1979 | 09:01:11 |  17.1s | 1.0e-04 | 0.0156 | 0.9565 | 0.9614 | 0.9651 | 0.0206 | 0.9479 | 0.9423 | 0.9410
1980 | 09:01:40 |  29.7s | 1.0e-04 | 0.0162 | 0.9563 | 0.9605 | 0.9643 | 0.0206 | 0.9432 | 0.9427 | 0.9373
1981 | 09:02:23 |  17.4s | 1.0e-04 | 0.0166 | 0.9564 | 0.9583 | 0.9628 | 0.0192 | 0.9476 | 0.9489 | 0.9469
1982 | 09:02:52 |  17.5s | 1.0e-04 | 0.0163 | 0.9567 | 0.9605 | 0.9646 | 0.0195 | 0.9470 | 0.9418 | 0.9400
1983 | 09:03:22 |  18.1s | 1.0e-04 | 0.0160 | 0.9581 | 0.9599 | 0.9657 | 0.0193 | 0.9402 | 0.9465 | 0.9370
1984 | 09:03:52 |  17.5s | 1.0e-04 | 0.0163 | 0.9582 | 0.9600 | 0.9653 | 0.0199 | 0.9467 | 0.9470 | 0.9438
1985 | 09:04:23 |  17.5s | 1.0e-04 | 0.0166 | 0.9562 | 0.9607 | 0.9648 | 0.0201 | 0.9480 | 0.9444 | 0.9441
1986 | 09:04:55 |  17.0s | 1.0e-04 | 0.0165 | 0.9567 | 0.9600 | 0.9631 | 0.0198 | 0.9424 | 0.9446 | 0.9384
1987 | 09:05:26 |  17.7s | 1.0e-04 | 0.0165 | 0.9564 | 0.9609 | 0.9652 | 0.0192 | 0.9427 | 0.9475 | 0.9404
1988 | 09:05:58 |  17.4s | 1.0e-04 | 0.0169 | 0.9568 | 0.9582 | 0.9636 | 0.0202 | 0.9387 | 0.9494 | 0.9384
1989 | 09:06:27 |  17.3s | 1.0e-04 | 0.0165 | 0.9569 | 0.9596 | 0.9637 | 0.0198 | 0.9452 | 0.9477 | 0.9429
1990 | 09:06:58 |  17.5s | 1.0e-04 | 0.0162 | 0.9575 | 0.9603 | 0.9656 | 0.0200 | 0.9381 | 0.9516 | 0.9406
1991 | 09:07:28 |  17.5s | 1.0e-04 | 0.0158 | 0.9588 | 0.9614 | 0.9679 | 0.0199 | 0.9405 | 0.9541 | 0.9444
1992 | 09:07:57 |  17.3s | 1.0e-04 | 0.0169 | 0.9557 | 0.9571 | 0.9616 | 0.0193 | 0.9463 | 0.9431 | 0.9391
1993 | 09:08:28 |  17.1s | 1.0e-04 | 0.0161 | 0.9578 | 0.9598 | 0.9655 | 0.0193 | 0.9488 | 0.9481 | 0.9469
1994 | 09:09:00 |  17.4s | 1.0e-04 | 0.0161 | 0.9594 | 0.9602 | 0.9669 | 0.0207 | 0.9464 | 0.9446 | 0.9397
1995 | 09:09:29 |  17.3s | 1.0e-04 | 0.0160 | 0.9582 | 0.9605 | 0.9666 | 0.0187 | 0.9503 | 0.9415 | 0.9419
1996 | 09:09:58 |  17.2s | 1.0e-04 | 0.0164 | 0.9570 | 0.9592 | 0.9638 | 0.0200 | 0.9493 | 0.9405 | 0.9407
1997 | 09:10:29 |  17.2s | 1.0e-04 | 0.0166 | 0.9573 | 0.9583 | 0.9639 | 0.0201 | 0.9462 | 0.9421 | 0.9416
1998 | 09:11:01 |  17.5s | 1.0e-04 | 0.0163 | 0.9577 | 0.9602 | 0.9654 | 0.0190 | 0.9376 | 0.9546 | 0.9429
1999 | 09:11:30 |  25.3s | 1.0e-04 | 0.0165 | 0.9569 | 0.9614 | 0.9653 | 0.0188 | 0.9498 | 0.9403 | 0.9420
2000 | 09:12:09 |  17.5s | 1.0e-04 | 0.0159 | 0.9580 | 0.9593 | 0.9647 | 0.0194 | 0.9466 | 0.9454 | 0.9413
2001 | 09:12:43 |  17.8s | 1.0e-04 | 0.0152 | 0.9597 | 0.9610 | 0.9674 | 0.0193 | 0.9399 | 0.9508 | 0.9414
2002 | 09:13:13 |  17.8s | 1.0e-04 | 0.0151 | 0.9583 | 0.9638 | 0.9680 | 0.0205 | 0.9436 | 0.9465 | 0.9400
2003 | 09:13:43 |  17.9s | 1.0e-04 | 0.0149 | 0.9593 | 0.9629 | 0.9694 | 0.0192 | 0.9472 | 0.9422 | 0.9417
2004 | 09:14:13 |  17.7s | 1.0e-04 | 0.0151 | 0.9599 | 0.9620 | 0.9693 | 0.0198 | 0.9390 | 0.9427 | 0.9298
2005 | 09:14:44 |  17.8s | 1.0e-04 | 0.0151 | 0.9600 | 0.9628 | 0.9698 | 0.0205 | 0.9437 | 0.9421 | 0.9352
2006 | 09:15:16 |  17.7s | 1.0e-04 | 0.0152 | 0.9601 | 0.9628 | 0.9691 | 0.0187 | 0.9473 | 0.9430 | 0.9413
2007 | 09:15:47 |  17.9s | 1.0e-04 | 0.0154 | 0.9593 | 0.9637 | 0.9684 | 0.0197 | 0.9426 | 0.9478 | 0.9402
2008 | 09:16:19 |  17.8s | 1.0e-04 | 0.0150 | 0.9597 | 0.9620 | 0.9691 | 0.0201 | 0.9400 | 0.9488 | 0.9394
2009 | 09:16:49 |  17.6s | 1.0e-04 | 0.0151 | 0.9597 | 0.9636 | 0.9698 | 0.0203 | 0.9468 | 0.9426 | 0.9385
2010 | 09:17:18 |  17.8s | 1.0e-04 | 0.0154 | 0.9589 | 0.9622 | 0.9683 | 0.0189 | 0.9443 | 0.9487 | 0.9432
2011 | 09:17:49 |  17.9s | 1.0e-04 | 0.0151 | 0.9597 | 0.9626 | 0.9692 | 0.0193 | 0.9452 | 0.9392 | 0.9362
2012 | 09:18:21 |  17.6s | 1.0e-04 | 0.0160 | 0.9581 | 0.9598 | 0.9650 | 0.0190 | 0.9419 | 0.9488 | 0.9409
2013 | 09:18:51 |  17.9s | 1.0e-04 | 0.0150 | 0.9598 | 0.9624 | 0.9681 | 0.0193 | 0.9454 | 0.9480 | 0.9423
2014 | 09:19:21 |  18.0s | 1.0e-04 | 0.0150 | 0.9600 | 0.9631 | 0.9691 | 0.0201 | 0.9406 | 0.9523 | 0.9427
2015 | 09:19:52 |  18.1s | 1.0e-04 | 0.0153 | 0.9588 | 0.9630 | 0.9681 | 0.0206 | 0.9398 | 0.9494 | 0.9392
2016 | 09:20:24 |  17.8s | 1.0e-04 | 0.0150 | 0.9586 | 0.9633 | 0.9690 | 0.0199 | 0.9431 | 0.9462 | 0.9393
2017 | 09:20:55 |  17.9s | 1.0e-04 | 0.0156 | 0.9597 | 0.9624 | 0.9692 | 0.0199 | 0.9434 | 0.9458 | 0.9405
2018 | 09:21:26 |  18.0s | 1.0e-04 | 0.0153 | 0.9601 | 0.9634 | 0.9692 | 0.0195 | 0.9465 | 0.9473 | 0.9438
2019 | 09:21:56 |  18.0s | 1.0e-04 | 0.0152 | 0.9599 | 0.9625 | 0.9690 | 0.0203 | 0.9459 | 0.9429 | 0.9389
2020 | 09:22:28 |  27.6s | 1.0e-04 | 0.0156 | 0.9599 | 0.9630 | 0.9689 | 0.0195 | 0.9409 | 0.9506 | 0.9415
2021 | 09:23:08 |  27.8s | 1.0e-04 | 0.0159 | 0.9579 | 0.9595 | 0.9662 | 0.0182 | 0.9493 | 0.9456 | 0.9464
2022 | 09:23:49 |  17.6s | 1.0e-04 | 0.0166 | 0.9585 | 0.9589 | 0.9655 | 0.0199 | 0.9456 | 0.9448 | 0.9406
2023 | 09:24:19 |  17.7s | 1.0e-04 | 0.0173 | 0.9559 | 0.9562 | 0.9606 | 0.0204 | 0.9442 | 0.9406 | 0.9365
2024 | 09:24:50 |  17.8s | 1.0e-04 | 0.0169 | 0.9566 | 0.9596 | 0.9633 | 0.0192 | 0.9431 | 0.9437 | 0.9381
2025 | 09:25:20 |  17.6s | 1.0e-04 | 0.0173 | 0.9537 | 0.9573 | 0.9601 | 0.0189 | 0.9386 | 0.9489 | 0.9371
2026 | 09:25:50 |  17.5s | 1.0e-04 | 0.0170 | 0.9568 | 0.9589 | 0.9629 | 0.0191 | 0.9442 | 0.9436 | 0.9379
2027 | 09:26:22 |  18.0s | 1.0e-04 | 0.0168 | 0.9565 | 0.9591 | 0.9638 | 0.0196 | 0.9372 | 0.9509 | 0.9389
2028 | 09:26:54 |  17.5s | 1.0e-04 | 0.0175 | 0.9551 | 0.9585 | 0.9614 | 0.0198 | 0.9441 | 0.9473 | 0.9407
2029 | 09:27:24 |  17.7s | 1.0e-04 | 0.0168 | 0.9560 | 0.9591 | 0.9629 | 0.0190 | 0.9457 | 0.9480 | 0.9439
2030 | 09:27:54 |  17.6s | 1.0e-04 | 0.0173 | 0.9549 | 0.9581 | 0.9614 | 0.0203 | 0.9431 | 0.9465 | 0.9391
2031 | 09:28:23 |  17.8s | 1.0e-04 | 0.0171 | 0.9552 | 0.9597 | 0.9624 | 0.0191 | 0.9483 | 0.9445 | 0.9440
2032 | 09:28:55 |  17.4s | 1.0e-04 | 0.0165 | 0.9568 | 0.9587 | 0.9643 | 0.0196 | 0.9443 | 0.9434 | 0.9375
2033 | 09:29:26 |  17.7s | 1.0e-04 | 0.0166 | 0.9562 | 0.9589 | 0.9631 | 0.0192 | 0.9518 | 0.9440 | 0.9447
2034 | 09:29:55 |  17.8s | 1.0e-04 | 0.0169 | 0.9568 | 0.9601 | 0.9648 | 0.0197 | 0.9460 | 0.9446 | 0.9406
2035 | 09:30:25 |  17.7s | 1.0e-04 | 0.0173 | 0.9565 | 0.9572 | 0.9623 | 0.0200 | 0.9395 | 0.9491 | 0.9388
2036 | 09:30:56 |  17.6s | 1.0e-04 | 0.0166 | 0.9580 | 0.9592 | 0.9643 | 0.0186 | 0.9435 | 0.9525 | 0.9466
2037 | 09:31:28 |  17.4s | 1.0e-04 | 0.0171 | 0.9566 | 0.9576 | 0.9628 | 0.0183 | 0.9432 | 0.9592 | 0.9513
2038 | 09:31:59 |  17.6s | 1.0e-04 | 0.0174 | 0.9561 | 0.9578 | 0.9618 | 0.0193 | 0.9478 | 0.9475 | 0.9463
2039 | 09:32:30 |  17.6s | 1.0e-04 | 0.0173 | 0.9556 | 0.9582 | 0.9628 | 0.0203 | 0.9452 | 0.9454 | 0.9405
2040 | 09:33:01 |  17.6s | 1.0e-04 | 0.0174 | 0.9558 | 0.9564 | 0.9607 | 0.0191 | 0.9518 | 0.9429 | 0.9450
2041 | 09:33:30 |  28.8s | 1.0e-04 | 0.0169 | 0.9552 | 0.9598 | 0.9622 | 0.0205 | 0.9419 | 0.9451 | 0.9366
2042 | 09:34:12 |  29.8s | 1.0e-04 | 0.0162 | 0.9577 | 0.9605 | 0.9661 | 0.0194 | 0.9506 | 0.9421 | 0.9410
2043 | 09:34:55 |  17.2s | 1.0e-04 | 0.0157 | 0.9577 | 0.9613 | 0.9660 | 0.0190 | 0.9478 | 0.9431 | 0.9437
2044 | 09:35:27 |  17.7s | 1.0e-04 | 0.0159 | 0.9577 | 0.9606 | 0.9658 | 0.0202 | 0.9440 | 0.9507 | 0.9451
2045 | 09:35:57 |  17.5s | 1.0e-04 | 0.0155 | 0.9585 | 0.9604 | 0.9670 | 0.0199 | 0.9461 | 0.9433 | 0.9410
2046 | 09:36:26 |  17.4s | 1.0e-04 | 0.0154 | 0.9586 | 0.9621 | 0.9676 | 0.0187 | 0.9478 | 0.9456 | 0.9426
2047 | 09:36:58 |  17.5s | 1.0e-04 | 0.0160 | 0.9573 | 0.9601 | 0.9658 | 0.0192 | 0.9464 | 0.9454 | 0.9414
2048 | 09:37:28 |  17.4s | 1.0e-04 | 0.0153 | 0.9585 | 0.9600 | 0.9655 | 0.0185 | 0.9481 | 0.9462 | 0.9438
2049 | 09:37:58 |  17.5s | 1.0e-04 | 0.0157 | 0.9582 | 0.9623 | 0.9667 | 0.0196 | 0.9426 | 0.9461 | 0.9389
2050 | 09:38:27 |  17.7s | 1.0e-04 | 0.0155 | 0.9586 | 0.9618 | 0.9676 | 0.0194 | 0.9478 | 0.9433 | 0.9413
2051 | 09:38:58 |  17.4s | 1.0e-04 | 0.0157 | 0.9586 | 0.9594 | 0.9654 | 0.0202 | 0.9398 | 0.9486 | 0.9380
2052 | 09:39:30 |  17.2s | 1.0e-04 | 0.0156 | 0.9590 | 0.9607 | 0.9670 | 0.0192 | 0.9459 | 0.9440 | 0.9402
2053 | 09:40:00 |  17.4s | 1.0e-04 | 0.0155 | 0.9591 | 0.9620 | 0.9680 | 0.0199 | 0.9410 | 0.9477 | 0.9386
2054 | 09:40:29 |  17.3s | 1.0e-04 | 0.0157 | 0.9602 | 0.9615 | 0.9686 | 0.0193 | 0.9396 | 0.9527 | 0.9436
2055 | 09:40:59 |  17.5s | 1.0e-04 | 0.0154 | 0.9589 | 0.9632 | 0.9678 | 0.0200 | 0.9426 | 0.9481 | 0.9409
2056 | 09:41:28 |  17.5s | 1.0e-04 | 0.0159 | 0.9567 | 0.9603 | 0.9656 | 0.0201 | 0.9351 | 0.9503 | 0.9358
2057 | 09:41:58 |  17.4s | 1.0e-04 | 0.0158 | 0.9586 | 0.9613 | 0.9677 | 0.0203 | 0.9488 | 0.9432 | 0.9426
2058 | 09:42:26 |  17.6s | 1.0e-04 | 0.0159 | 0.9575 | 0.9599 | 0.9651 | 0.0199 | 0.9402 | 0.9501 | 0.9403
2059 | 09:42:56 |  17.4s | 1.0e-04 | 0.0157 | 0.9568 | 0.9590 | 0.9637 | 0.0189 | 0.9443 | 0.9500 | 0.9443
2060 | 09:43:26 |  17.6s | 1.0e-04 | 0.0159 | 0.9576 | 0.9592 | 0.9648 | 0.0198 | 0.9465 | 0.9445 | 0.9400
2061 | 09:43:59 |  17.5s | 1.0e-04 | 0.0158 | 0.9581 | 0.9610 | 0.9662 | 0.0203 | 0.9479 | 0.9418 | 0.9393
2062 | 09:44:29 |  26.2s | 1.0e-04 | 0.0159 | 0.9587 | 0.9624 | 0.9673 | 0.0188 | 0.9421 | 0.9510 | 0.9426
2063 | 09:45:07 |  27.8s | 1.0e-04 | 0.0160 | 0.9581 | 0.9607 | 0.9660 | 0.0188 | 0.9446 | 0.9507 | 0.9465
2064 | 09:45:47 |  17.2s | 1.0e-04 | 0.0161 | 0.9579 | 0.9617 | 0.9669 | 0.0199 | 0.9443 | 0.9416 | 0.9368
2065 | 09:46:16 |  17.1s | 1.0e-04 | 0.0161 | 0.9587 | 0.9597 | 0.9663 | 0.0194 | 0.9441 | 0.9515 | 0.9453
2066 | 09:46:47 |  17.1s | 1.0e-04 | 0.0159 | 0.9595 | 0.9624 | 0.9686 | 0.0191 | 0.9516 | 0.9430 | 0.9442
2067 | 09:47:18 |  17.1s | 1.0e-04 | 0.0162 | 0.9602 | 0.9626 | 0.9684 | 0.0188 | 0.9329 | 0.9516 | 0.9353
2068 | 09:47:47 |  16.8s | 1.0e-04 | 0.0158 | 0.9590 | 0.9618 | 0.9677 | 0.0201 | 0.9514 | 0.9432 | 0.9443
2069 | 09:48:16 |  17.2s | 1.0e-04 | 0.0162 | 0.9590 | 0.9606 | 0.9677 | 0.0195 | 0.9406 | 0.9511 | 0.9417
2070 | 09:48:45 |  16.8s | 1.0e-04 | 0.0164 | 0.9593 | 0.9614 | 0.9673 | 0.0198 | 0.9452 | 0.9553 | 0.9512
2071 | 09:49:16 |  16.9s | 1.0e-04 | 0.0161 | 0.9584 | 0.9619 | 0.9664 | 0.0198 | 0.9439 | 0.9568 | 0.9490
2072 | 09:49:45 |  16.9s | 1.0e-04 | 0.0164 | 0.9577 | 0.9610 | 0.9654 | 0.0191 | 0.9377 | 0.9524 | 0.9415
2073 | 09:50:16 |  17.0s | 1.0e-04 | 0.0164 | 0.9590 | 0.9625 | 0.9684 | 0.0196 | 0.9412 | 0.9500 | 0.9410
2074 | 09:50:47 |  17.1s | 1.0e-04 | 0.0160 | 0.9594 | 0.9629 | 0.9691 | 0.0200 | 0.9418 | 0.9414 | 0.9330
2075 | 09:51:16 |  17.1s | 1.0e-04 | 0.0158 | 0.9590 | 0.9627 | 0.9686 | 0.0196 | 0.9346 | 0.9512 | 0.9360
2076 | 09:51:47 |  16.9s | 1.0e-04 | 0.0163 | 0.9594 | 0.9623 | 0.9682 | 0.0196 | 0.9399 | 0.9553 | 0.9461
2077 | 09:52:16 |  17.0s | 1.0e-04 | 0.0157 | 0.9593 | 0.9631 | 0.9688 | 0.0206 | 0.9486 | 0.9370 | 0.9348
2078 | 09:52:45 |  17.0s | 1.0e-04 | 0.0165 | 0.9588 | 0.9609 | 0.9663 | 0.0198 | 0.9430 | 0.9512 | 0.9440
2079 | 09:53:16 |  16.9s | 1.0e-04 | 0.0161 | 0.9578 | 0.9626 | 0.9670 | 0.0203 | 0.9441 | 0.9485 | 0.9421
2080 | 09:53:46 |  17.0s | 1.0e-04 | 0.0162 | 0.9583 | 0.9619 | 0.9665 | 0.0202 | 0.9444 | 0.9381 | 0.9340
2081 | 09:54:15 |  17.0s | 1.0e-04 | 0.0161 | 0.9585 | 0.9621 | 0.9671 | 0.0189 | 0.9461 | 0.9528 | 0.9483
2082 | 09:54:44 |  17.1s | 1.0e-04 | 0.0156 | 0.9594 | 0.9631 | 0.9690 | 0.0202 | 0.9402 | 0.9454 | 0.9333
2083 | 09:55:13 |  26.3s | 1.0e-04 | 0.0159 | 0.9581 | 0.9624 | 0.9676 | 0.0196 | 0.9438 | 0.9419 | 0.9371
2084 | 09:55:51 |  29.9s | 1.0e-04 | 0.0160 | 0.9575 | 0.9623 | 0.9665 | 0.0194 | 0.9494 | 0.9434 | 0.9446
2085 | 09:56:35 |  16.9s | 1.0e-04 | 0.0154 | 0.9602 | 0.9631 | 0.9687 | 0.0203 | 0.9441 | 0.9441 | 0.9373
2086 | 09:57:04 |  17.2s | 1.0e-04 | 0.0154 | 0.9580 | 0.9633 | 0.9673 | 0.0197 | 0.9499 | 0.9410 | 0.9434
2087 | 09:57:34 |  16.8s | 1.0e-04 | 0.0153 | 0.9597 | 0.9628 | 0.9688 | 0.0195 | 0.9425 | 0.9522 | 0.9446
2088 | 09:58:04 |  17.0s | 1.0e-04 | 0.0156 | 0.9576 | 0.9631 | 0.9680 | 0.0201 | 0.9424 | 0.9459 | 0.9378
2089 | 09:58:34 |  17.1s | 1.0e-04 | 0.0153 | 0.9597 | 0.9610 | 0.9685 | 0.0202 | 0.9475 | 0.9380 | 0.9349
2090 | 09:59:03 |  16.9s | 1.0e-04 | 0.0155 | 0.9609 | 0.9606 | 0.9691 | 0.0200 | 0.9468 | 0.9453 | 0.9421
2091 | 09:59:34 |  16.8s | 1.0e-04 | 0.0155 | 0.9593 | 0.9615 | 0.9666 | 0.0199 | 0.9406 | 0.9452 | 0.9371
2092 | 10:00:03 |  17.0s | 1.0e-04 | 0.0156 | 0.9594 | 0.9611 | 0.9678 | 0.0195 | 0.9475 | 0.9440 | 0.9410
2093 | 10:00:33 |  16.9s | 1.0e-04 | 0.0157 | 0.9586 | 0.9607 | 0.9663 | 0.0193 | 0.9432 | 0.9508 | 0.9436
2094 | 10:01:02 |  16.9s | 1.0e-04 | 0.0156 | 0.9587 | 0.9617 | 0.9675 | 0.0207 | 0.9446 | 0.9411 | 0.9358
2095 | 10:01:30 |  17.2s | 1.0e-04 | 0.0156 | 0.9595 | 0.9623 | 0.9687 | 0.0189 | 0.9464 | 0.9471 | 0.9445
2096 | 10:02:00 |  17.0s | 1.0e-04 | 0.0152 | 0.9609 | 0.9609 | 0.9695 | 0.0188 | 0.9431 | 0.9461 | 0.9380
2097 | 10:02:31 |  16.9s | 1.0e-04 | 0.0156 | 0.9591 | 0.9632 | 0.9682 | 0.0196 | 0.9425 | 0.9467 | 0.9392
2098 | 10:03:01 |  16.8s | 1.0e-04 | 0.0155 | 0.9607 | 0.9617 | 0.9692 | 0.0194 | 0.9386 | 0.9461 | 0.9356
2099 | 10:03:30 |  17.0s | 1.0e-04 | 0.0154 | 0.9594 | 0.9636 | 0.9691 | 0.0192 | 0.9428 | 0.9416 | 0.9349
2100 | 10:03:59 |  17.1s | 1.0e-04 | 0.0152 | 0.9592 | 0.9626 | 0.9687 | 0.0196 | 0.9412 | 0.9478 | 0.9374
2101 | 10:04:28 |  16.8s | 1.0e-04 | 0.0151 | 0.9602 | 0.9631 | 0.9692 | 0.0197 | 0.9345 | 0.9496 | 0.9337
2102 | 10:04:59 |  16.8s | 1.0e-04 | 0.0154 | 0.9597 | 0.9627 | 0.9696 | 0.0205 | 0.9401 | 0.9479 | 0.9375
2103 | 10:05:29 |  27.0s | 1.0e-04 | 0.0150 | 0.9601 | 0.9622 | 0.9697 | 0.0200 | 0.9444 | 0.9443 | 0.9397
2104 | 10:06:09 |  16.7s | 1.0e-04 | 0.0152 | 0.9593 | 0.9621 | 0.9681 | 0.0201 | 0.9469 | 0.9455 | 0.9424
2105 | 10:06:40 |  29.8s | 1.0e-04 | 0.0163 | 0.9583 | 0.9604 | 0.9653 | 0.0199 | 0.9444 | 0.9415 | 0.9351
2106 | 10:07:21 |  17.8s | 1.0e-04 | 0.0161 | 0.9581 | 0.9607 | 0.9657 | 0.0198 | 0.9462 | 0.9471 | 0.9434
2107 | 10:07:50 |  17.5s | 1.0e-04 | 0.0162 | 0.9587 | 0.9607 | 0.9665 | 0.0207 | 0.9412 | 0.9478 | 0.9379
2108 | 10:08:20 |  17.7s | 1.0e-04 | 0.0161 | 0.9572 | 0.9609 | 0.9655 | 0.0198 | 0.9351 | 0.9479 | 0.9316
2109 | 10:08:50 |  17.7s | 1.0e-04 | 0.0159 | 0.9583 | 0.9614 | 0.9672 | 0.0200 | 0.9445 | 0.9428 | 0.9373
2110 | 10:09:20 |  17.8s | 1.0e-04 | 0.0160 | 0.9589 | 0.9616 | 0.9673 | 0.0200 | 0.9448 | 0.9450 | 0.9400
2111 | 10:09:51 |  17.5s | 1.0e-04 | 0.0157 | 0.9584 | 0.9626 | 0.9679 | 0.0199 | 0.9450 | 0.9432 | 0.9386
2112 | 10:10:21 |  17.5s | 1.0e-04 | 0.0160 | 0.9559 | 0.9612 | 0.9654 | 0.0210 | 0.9378 | 0.9482 | 0.9356
2113 | 10:10:51 |  17.7s | 1.0e-04 | 0.0161 | 0.9566 | 0.9618 | 0.9648 | 0.0190 | 0.9476 | 0.9459 | 0.9434
2114 | 10:11:21 |  17.5s | 1.0e-04 | 0.0159 | 0.9581 | 0.9628 | 0.9668 | 0.0187 | 0.9488 | 0.9485 | 0.9482
2115 | 10:11:52 |  17.4s | 1.0e-04 | 0.0156 | 0.9577 | 0.9620 | 0.9660 | 0.0186 | 0.9489 | 0.9502 | 0.9490
2116 | 10:12:23 |  17.7s | 1.0e-04 | 0.0159 | 0.9582 | 0.9620 | 0.9677 | 0.0195 | 0.9499 | 0.9492 | 0.9489
2117 | 10:12:53 |  17.4s | 1.0e-04 | 0.0159 | 0.9578 | 0.9617 | 0.9666 | 0.0196 | 0.9332 | 0.9596 | 0.9447
2118 | 10:13:22 |  17.5s | 1.0e-04 | 0.0156 | 0.9582 | 0.9620 | 0.9669 | 0.0200 | 0.9402 | 0.9457 | 0.9373
2119 | 10:13:53 |  17.5s | 1.0e-04 | 0.0164 | 0.9573 | 0.9609 | 0.9650 | 0.0197 | 0.9388 | 0.9491 | 0.9378
2120 | 10:14:24 |  17.7s | 1.0e-04 | 0.0164 | 0.9563 | 0.9602 | 0.9645 | 0.0199 | 0.9391 | 0.9521 | 0.9417
2121 | 10:14:54 |  17.6s | 1.0e-04 | 0.0166 | 0.9558 | 0.9604 | 0.9642 | 0.0196 | 0.9443 | 0.9501 | 0.9443
2122 | 10:15:24 |  17.5s | 1.0e-04 | 0.0161 | 0.9573 | 0.9611 | 0.9653 | 0.0196 | 0.9462 | 0.9443 | 0.9413
2123 | 10:15:55 |  17.6s | 1.0e-04 | 0.0160 | 0.9576 | 0.9600 | 0.9652 | 0.0192 | 0.9470 | 0.9384 | 0.9353
2124 | 10:16:27 |  26.6s | 1.0e-04 | 0.0160 | 0.9593 | 0.9626 | 0.9688 | 0.0195 | 0.9396 | 0.9399 | 0.9316
2125 | 10:17:06 |  17.4s | 1.0e-04 | 0.0163 | 0.9572 | 0.9595 | 0.9640 | 0.0198 | 0.9393 | 0.9467 | 0.9363
2126 | 10:17:39 |  17.8s | 1.0e-04 | 0.0162 | 0.9576 | 0.9610 | 0.9663 | 0.0195 | 0.9414 | 0.9541 | 0.9472
2127 | 10:18:09 |  17.4s | 1.0e-04 | 0.0162 | 0.9574 | 0.9628 | 0.9667 | 0.0192 | 0.9454 | 0.9490 | 0.9446
2128 | 10:18:41 |  17.2s | 1.0e-04 | 0.0159 | 0.9590 | 0.9619 | 0.9677 | 0.0202 | 0.9379 | 0.9499 | 0.9379
2129 | 10:19:12 |  17.3s | 1.0e-04 | 0.0164 | 0.9582 | 0.9604 | 0.9666 | 0.0197 | 0.9418 | 0.9424 | 0.9338
2130 | 10:19:41 |  17.2s | 1.0e-04 | 0.0163 | 0.9570 | 0.9621 | 0.9664 | 0.0193 | 0.9437 | 0.9487 | 0.9420
2131 | 10:20:11 |  17.3s | 1.0e-04 | 0.0157 | 0.9589 | 0.9628 | 0.9690 | 0.0197 | 0.9453 | 0.9443 | 0.9401
2132 | 10:20:41 |  17.3s | 1.0e-04 | 0.0161 | 0.9573 | 0.9619 | 0.9666 | 0.0192 | 0.9484 | 0.9483 | 0.9472
2133 | 10:21:13 |  17.6s | 1.0e-04 | 0.0161 | 0.9581 | 0.9615 | 0.9670 | 0.0187 | 0.9391 | 0.9546 | 0.9448
2134 | 10:21:43 |  17.4s | 1.0e-04 | 0.0166 | 0.9576 | 0.9616 | 0.9664 | 0.0192 | 0.9417 | 0.9500 | 0.9417
2135 | 10:22:12 |  17.4s | 1.0e-04 | 0.0160 | 0.9590 | 0.9613 | 0.9677 | 0.0210 | 0.9400 | 0.9474 | 0.9380
2136 | 10:22:42 |  17.3s | 1.0e-04 | 0.0159 | 0.9578 | 0.9612 | 0.9662 | 0.0200 | 0.9498 | 0.9433 | 0.9437
2137 | 10:23:14 |  17.1s | 1.0e-04 | 0.0157 | 0.9586 | 0.9618 | 0.9673 | 0.0188 | 0.9393 | 0.9513 | 0.9408
2138 | 10:23:44 |  17.6s | 1.0e-04 | 0.0159 | 0.9604 | 0.9605 | 0.9676 | 0.0202 | 0.9481 | 0.9443 | 0.9417
2139 | 10:24:14 |  17.6s | 1.0e-04 | 0.0158 | 0.9595 | 0.9642 | 0.9698 | 0.0185 | 0.9466 | 0.9467 | 0.9436
2140 | 10:24:43 |  17.4s | 1.0e-04 | 0.0161 | 0.9586 | 0.9615 | 0.9677 | 0.0184 | 0.9508 | 0.9453 | 0.9463
2141 | 10:25:12 |  17.5s | 1.0e-04 | 0.0164 | 0.9582 | 0.9611 | 0.9655 | 0.0182 | 0.9424 | 0.9518 | 0.9438
2142 | 10:25:44 |  17.5s | 1.0e-04 | 0.0162 | 0.9580 | 0.9620 | 0.9669 | 0.0208 | 0.9502 | 0.9465 | 0.9456
2143 | 10:26:15 |  18.2s | 1.0e-04 | 0.0162 | 0.9575 | 0.9600 | 0.9651 | 0.0203 | 0.9404 | 0.9455 | 0.9371
2144 | 10:26:46 |  17.3s | 1.0e-04 | 0.0164 | 0.9581 | 0.9620 | 0.9669 | 0.0197 | 0.9500 | 0.9434 | 0.9444
2145 | 10:27:16 |  26.8s | 1.0e-04 | 0.0162 | 0.9571 | 0.9606 | 0.9656 | 0.0214 | 0.9350 | 0.9524 | 0.9368
2146 | 10:27:56 |  27.3s | 1.0e-04 | 0.0169 | 0.9568 | 0.9606 | 0.9645 | 0.0200 | 0.9380 | 0.9455 | 0.9336
2147 | 10:28:35 |  17.2s | 1.0e-04 | 0.0169 | 0.9565 | 0.9621 | 0.9658 | 0.0191 | 0.9477 | 0.9495 | 0.9475
2148 | 10:29:07 |  17.2s | 1.0e-04 | 0.0166 | 0.9585 | 0.9616 | 0.9667 | 0.0191 | 0.9476 | 0.9458 | 0.9438
2149 | 10:29:36 |  17.2s | 1.0e-04 | 0.0161 | 0.9598 | 0.9636 | 0.9685 | 0.0187 | 0.9400 | 0.9575 | 0.9452
2150 | 10:30:06 |  17.6s | 1.0e-04 | 0.0164 | 0.9584 | 0.9636 | 0.9674 | 0.0194 | 0.9443 | 0.9501 | 0.9445
2151 | 10:30:36 |  17.3s | 1.0e-04 | 0.0163 | 0.9580 | 0.9634 | 0.9672 | 0.0186 | 0.9454 | 0.9505 | 0.9457
2152 | 10:31:08 |  17.2s | 1.0e-04 | 0.0158 | 0.9596 | 0.9636 | 0.9695 | 0.0201 | 0.9385 | 0.9481 | 0.9361
2153 | 10:31:37 |  17.5s | 1.0e-04 | 0.0166 | 0.9574 | 0.9625 | 0.9665 | 0.0186 | 0.9452 | 0.9498 | 0.9451
2154 | 10:32:07 |  17.4s | 1.0e-04 | 0.0168 | 0.9581 | 0.9627 | 0.9675 | 0.0187 | 0.9442 | 0.9492 | 0.9431
2155 | 10:32:38 |  17.4s | 1.0e-04 | 0.0168 | 0.9581 | 0.9609 | 0.9668 | 0.0181 | 0.9453 | 0.9454 | 0.9403
2156 | 10:33:10 |  17.1s | 1.0e-04 | 0.0163 | 0.9589 | 0.9624 | 0.9672 | 0.0199 | 0.9492 | 0.9383 | 0.9381
2157 | 10:33:39 |  17.2s | 1.0e-04 | 0.0168 | 0.9586 | 0.9617 | 0.9665 | 0.0193 | 0.9468 | 0.9484 | 0.9454
2158 | 10:34:10 |  17.6s | 1.0e-04 | 0.0168 | 0.9580 | 0.9609 | 0.9663 | 0.0196 | 0.9429 | 0.9540 | 0.9466
2159 | 10:34:39 |  17.3s | 1.0e-04 | 0.0168 | 0.9579 | 0.9628 | 0.9673 | 0.0193 | 0.9368 | 0.9544 | 0.9420
2160 | 10:35:09 |  17.3s | 1.0e-04 | 0.0165 | 0.9588 | 0.9614 | 0.9671 | 0.0185 | 0.9513 | 0.9447 | 0.9468
2161 | 10:35:40 |  17.3s | 1.0e-04 | 0.0164 | 0.9590 | 0.9626 | 0.9685 | 0.0194 | 0.9442 | 0.9433 | 0.9364
2162 | 10:36:10 |  17.1s | 1.0e-04 | 0.0165 | 0.9588 | 0.9631 | 0.9678 | 0.0205 | 0.9440 | 0.9448 | 0.9381
2163 | 10:36:39 |  17.2s | 1.0e-04 | 0.0164 | 0.9591 | 0.9622 | 0.9682 | 0.0204 | 0.9416 | 0.9449 | 0.9373
2164 | 10:37:11 |  17.2s | 1.0e-04 | 0.0164 | 0.9580 | 0.9617 | 0.9668 | 0.0203 | 0.9401 | 0.9494 | 0.9398
2165 | 10:37:42 |  17.4s | 1.0e-04 | 0.0162 | 0.9591 | 0.9612 | 0.9675 | 0.0195 | 0.9391 | 0.9508 | 0.9402
2166 | 10:38:11 |  25.3s | 1.0e-04 | 0.0166 | 0.9585 | 0.9619 | 0.9680 | 0.0195 | 0.9429 | 0.9495 | 0.9418
2167 | 10:38:51 |  28.9s | 1.0e-04 | 0.0165 | 0.9577 | 0.9596 | 0.9657 | 0.0195 | 0.9448 | 0.9482 | 0.9439
2168 | 10:39:32 |  17.2s | 1.0e-04 | 0.0163 | 0.9584 | 0.9608 | 0.9665 | 0.0199 | 0.9444 | 0.9450 | 0.9414
2169 | 10:40:03 |  17.3s | 1.0e-04 | 0.0163 | 0.9595 | 0.9615 | 0.9673 | 0.0199 | 0.9344 | 0.9528 | 0.9379
2170 | 10:40:34 |  17.3s | 1.0e-04 | 0.0162 | 0.9566 | 0.9619 | 0.9666 | 0.0191 | 0.9476 | 0.9486 | 0.9464
2171 | 10:41:04 |  17.4s | 1.0e-04 | 0.0171 | 0.9557 | 0.9592 | 0.9627 | 0.0200 | 0.9462 | 0.9447 | 0.9423
2172 | 10:41:33 |  17.2s | 1.0e-04 | 0.0168 | 0.9573 | 0.9588 | 0.9634 | 0.0194 | 0.9404 | 0.9499 | 0.9402
2173 | 10:42:02 |  17.4s | 1.0e-04 | 0.0162 | 0.9568 | 0.9599 | 0.9643 | 0.0193 | 0.9454 | 0.9516 | 0.9464
2174 | 10:42:32 |  17.1s | 1.0e-04 | 0.0162 | 0.9573 | 0.9614 | 0.9656 | 0.0202 | 0.9414 | 0.9454 | 0.9374
2175 | 10:43:02 |  17.0s | 1.0e-04 | 0.0164 | 0.9580 | 0.9598 | 0.9651 | 0.0193 | 0.9427 | 0.9508 | 0.9432
2176 | 10:43:34 |  17.1s | 1.0e-04 | 0.0163 | 0.9570 | 0.9629 | 0.9663 | 0.0192 | 0.9399 | 0.9545 | 0.9443
2177 | 10:44:04 |  17.5s | 1.0e-04 | 0.0161 | 0.9581 | 0.9619 | 0.9670 | 0.0191 | 0.9460 | 0.9423 | 0.9385
2178 | 10:44:36 |  16.7s | 1.0e-04 | 0.0157 | 0.9594 | 0.9631 | 0.9687 | 0.0197 | 0.9429 | 0.9470 | 0.9397
2179 | 10:45:04 |  16.9s | 1.0e-04 | 0.0163 | 0.9563 | 0.9611 | 0.9649 | 0.0193 | 0.9450 | 0.9479 | 0.9418
2180 | 10:45:32 |  16.6s | 1.0e-04 | 0.0169 | 0.9569 | 0.9602 | 0.9644 | 0.0193 | 0.9371 | 0.9555 | 0.9428
2181 | 10:46:00 |  16.9s | 1.0e-04 | 0.0164 | 0.9569 | 0.9605 | 0.9650 | 0.0189 | 0.9411 | 0.9489 | 0.9407
2182 | 10:46:28 |  16.8s | 1.0e-04 | 0.0165 | 0.9572 | 0.9614 | 0.9653 | 0.0187 | 0.9498 | 0.9476 | 0.9454
2183 | 10:46:56 |  16.6s | 1.0e-04 | 0.0166 | 0.9577 | 0.9605 | 0.9662 | 0.0203 | 0.9533 | 0.9351 | 0.9416
2184 | 10:47:24 |  16.7s | 1.0e-04 | 0.0163 | 0.9593 | 0.9592 | 0.9660 | 0.0194 | 0.9403 | 0.9500 | 0.9403
2185 | 10:47:52 |  16.6s | 1.0e-04 | 0.0162 | 0.9575 | 0.9614 | 0.9659 | 0.0194 | 0.9444 | 0.9565 | 0.9504
2186 | 10:48:20 |  16.6s | 1.0e-04 | 0.0163 | 0.9585 | 0.9628 | 0.9674 | 0.0187 | 0.9427 | 0.9500 | 0.9427
2187 | 10:48:48 |  25.9s | 1.0e-04 | 0.0166 | 0.9576 | 0.9611 | 0.9657 | 0.0204 | 0.9403 | 0.9524 | 0.9434
2188 | 10:49:25 |  25.8s | 1.0e-04 | 0.0164 | 0.9588 | 0.9610 | 0.9671 | 0.0199 | 0.9481 | 0.9430 | 0.9425
2189 | 10:50:02 |  17.1s | 1.0e-04 | 0.0167 | 0.9580 | 0.9611 | 0.9665 | 0.0193 | 0.9378 | 0.9522 | 0.9399
2190 | 10:50:31 |  17.2s | 1.0e-04 | 0.0167 | 0.9578 | 0.9613 | 0.9665 | 0.0202 | 0.9438 | 0.9480 | 0.9416
2191 | 10:50:59 |  16.9s | 1.0e-04 | 0.0164 | 0.9588 | 0.9643 | 0.9687 | 0.0192 | 0.9427 | 0.9472 | 0.9399
2192 | 10:51:27 |  16.9s | 1.0e-04 | 0.0166 | 0.9591 | 0.9610 | 0.9670 | 0.0188 | 0.9454 | 0.9516 | 0.9467
2193 | 10:51:55 |  17.0s | 1.0e-04 | 0.0169 | 0.9579 | 0.9620 | 0.9670 | 0.0203 | 0.9508 | 0.9430 | 0.9453
2194 | 10:52:24 |  16.9s | 1.0e-04 | 0.0165 | 0.9588 | 0.9629 | 0.9677 | 0.0188 | 0.9480 | 0.9463 | 0.9449
2195 | 10:52:52 |  16.8s | 1.0e-04 | 0.0166 | 0.9577 | 0.9617 | 0.9662 | 0.0185 | 0.9415 | 0.9529 | 0.9438
2196 | 10:53:20 |  17.0s | 1.0e-04 | 0.0164 | 0.9590 | 0.9638 | 0.9680 | 0.0196 | 0.9466 | 0.9474 | 0.9417
2197 | 10:53:48 |  16.9s | 1.0e-04 | 0.0164 | 0.9581 | 0.9631 | 0.9681 | 0.0189 | 0.9470 | 0.9451 | 0.9410
2198 | 10:54:16 |  17.1s | 1.0e-04 | 0.0165 | 0.9588 | 0.9618 | 0.9681 | 0.0191 | 0.9424 | 0.9467 | 0.9392
2199 | 10:54:45 |  17.2s | 1.0e-04 | 0.0169 | 0.9566 | 0.9608 | 0.9647 | 0.0193 | 0.9487 | 0.9438 | 0.9438
2200 | 10:55:13 |  17.1s | 1.0e-04 | 0.0165 | 0.9590 | 0.9616 | 0.9681 | 0.0185 | 0.9436 | 0.9462 | 0.9393
2201 | 10:55:42 |  16.9s | 1.0e-04 | 0.0166 | 0.9587 | 0.9613 | 0.9666 | 0.0195 | 0.9410 | 0.9520 | 0.9426
2202 | 10:56:10 |  16.9s | 1.0e-04 | 0.0161 | 0.9603 | 0.9626 | 0.9691 | 0.0193 | 0.9460 | 0.9481 | 0.9443
2203 | 10:56:38 |  16.8s | 1.0e-04 | 0.0162 | 0.9585 | 0.9632 | 0.9680 | 0.0192 | 0.9497 | 0.9447 | 0.9454
2204 | 10:57:06 |  17.1s | 1.0e-04 | 0.0164 | 0.9589 | 0.9621 | 0.9670 | 0.0194 | 0.9482 | 0.9468 | 0.9461
2205 | 10:57:35 |  16.9s | 1.0e-04 | 0.0168 | 0.9564 | 0.9611 | 0.9654 | 0.0197 | 0.9490 | 0.9405 | 0.9408
2206 | 10:58:03 |  16.8s | 1.0e-04 | 0.0166 | 0.9583 | 0.9606 | 0.9660 | 0.0198 | 0.9487 | 0.9418 | 0.9430
2207 | 10:58:31 |  16.9s | 1.0e-04 | 0.0164 | 0.9590 | 0.9626 | 0.9682 | 0.0193 | 0.9470 | 0.9438 | 0.9411
2208 | 10:58:59 |  26.6s | 1.0e-04 | 0.0169 | 0.9589 | 0.9612 | 0.9673 | 0.0195 | 0.9450 | 0.9459 | 0.9408
2209 | 10:59:37 |  26.9s | 1.0e-04 | 0.0170 | 0.9562 | 0.9610 | 0.9646 | 0.0190 | 0.9491 | 0.9422 | 0.9421
2210 | 11:00:15 |  16.8s | 1.0e-04 | 0.0161 | 0.9582 | 0.9607 | 0.9665 | 0.0187 | 0.9496 | 0.9477 | 0.9470
2211 | 11:00:43 |  17.1s | 1.0e-04 | 0.0162 | 0.9581 | 0.9613 | 0.9663 | 0.0190 | 0.9467 | 0.9453 | 0.9415
2212 | 11:01:12 |  16.7s | 1.0e-04 | 0.0153 | 0.9586 | 0.9621 | 0.9685 | 0.0197 | 0.9477 | 0.9441 | 0.9409
2213 | 11:01:39 |  16.7s | 1.0e-04 | 0.0160 | 0.9586 | 0.9620 | 0.9668 | 0.0183 | 0.9400 | 0.9520 | 0.9419
2214 | 11:02:07 |  16.9s | 1.0e-04 | 0.0165 | 0.9571 | 0.9608 | 0.9652 | 0.0192 | 0.9420 | 0.9482 | 0.9404
2215 | 11:02:36 |  16.9s | 1.0e-04 | 0.0159 | 0.9576 | 0.9622 | 0.9666 | 0.0205 | 0.9422 | 0.9435 | 0.9363
2216 | 11:03:04 |  16.7s | 1.0e-04 | 0.0159 | 0.9579 | 0.9608 | 0.9663 | 0.0193 | 0.9436 | 0.9482 | 0.9427
2217 | 11:03:32 |  16.7s | 1.0e-04 | 0.0159 | 0.9578 | 0.9611 | 0.9661 | 0.0192 | 0.9437 | 0.9502 | 0.9441
2218 | 11:04:00 |  16.8s | 1.0e-04 | 0.0159 | 0.9576 | 0.9620 | 0.9665 | 0.0207 | 0.9379 | 0.9483 | 0.9359
2219 | 11:04:28 |  17.7s | 1.0e-04 | 0.0164 | 0.9563 | 0.9605 | 0.9647 | 0.0199 | 0.9492 | 0.9451 | 0.9418
2220 | 11:04:57 |  17.2s | 1.0e-04 | 0.0162 | 0.9569 | 0.9616 | 0.9660 | 0.0197 | 0.9471 | 0.9452 | 0.9437
2221 | 11:05:25 |  17.0s | 1.0e-04 | 0.0157 | 0.9584 | 0.9609 | 0.9671 | 0.0188 | 0.9517 | 0.9446 | 0.9477
2222 | 11:05:53 |  16.9s | 1.0e-04 | 0.0158 | 0.9596 | 0.9611 | 0.9676 | 0.0205 | 0.9496 | 0.9438 | 0.9415
2223 | 11:06:21 |  16.8s | 1.0e-04 | 0.0156 | 0.9593 | 0.9627 | 0.9690 | 0.0184 | 0.9499 | 0.9459 | 0.9467
2224 | 11:06:49 |  16.7s | 1.0e-04 | 0.0158 | 0.9589 | 0.9614 | 0.9674 | 0.0196 | 0.9373 | 0.9585 | 0.9459
2225 | 11:07:17 |  16.8s | 1.0e-04 | 0.0163 | 0.9581 | 0.9610 | 0.9659 | 0.0193 | 0.9498 | 0.9353 | 0.9331
2226 | 11:07:45 |  17.1s | 1.0e-04 | 0.0161 | 0.9581 | 0.9616 | 0.9665 | 0.0191 | 0.9430 | 0.9506 | 0.9434
2227 | 11:08:13 |  17.1s | 1.0e-04 | 0.0162 | 0.9571 | 0.9614 | 0.9660 | 0.0189 | 0.9456 | 0.9462 | 0.9422
2228 | 11:08:42 |  25.3s | 1.0e-04 | 0.0159 | 0.9587 | 0.9625 | 0.9669 | 0.0196 | 0.9424 | 0.9436 | 0.9377
2229 | 11:09:18 |  16.9s | 1.0e-04 | 0.0154 | 0.9598 | 0.9616 | 0.9690 | 0.0194 | 0.9434 | 0.9460 | 0.9371
2230 | 11:09:46 |  27.2s | 1.0e-04 | 0.0167 | 0.9557 | 0.9605 | 0.9637 | 0.0203 | 0.9446 | 0.9466 | 0.9415
2231 | 11:10:25 |  16.9s | 1.0e-04 | 0.0160 | 0.9595 | 0.9621 | 0.9675 | 0.0197 | 0.9461 | 0.9475 | 0.9443
2232 | 11:10:53 |  17.2s | 1.0e-04 | 0.0166 | 0.9566 | 0.9596 | 0.9632 | 0.0196 | 0.9449 | 0.9540 | 0.9483
2233 | 11:11:21 |  17.0s | 1.0e-04 | 0.0162 | 0.9574 | 0.9619 | 0.9663 | 0.0196 | 0.9466 | 0.9500 | 0.9464
2234 | 11:11:50 |  17.1s | 1.0e-04 | 0.0163 | 0.9574 | 0.9605 | 0.9651 | 0.0203 | 0.9499 | 0.9342 | 0.9353
2235 | 11:12:18 |  16.8s | 1.0e-04 | 0.0162 | 0.9585 | 0.9618 | 0.9671 | 0.0197 | 0.9471 | 0.9454 | 0.9413
2236 | 11:12:46 |  17.3s | 1.0e-04 | 0.0161 | 0.9598 | 0.9619 | 0.9676 | 0.0197 | 0.9414 | 0.9524 | 0.9433
2237 | 11:13:14 |  16.9s | 1.0e-04 | 0.0165 | 0.9574 | 0.9595 | 0.9647 | 0.0183 | 0.9456 | 0.9524 | 0.9478
2238 | 11:13:42 |  17.0s | 1.0e-04 | 0.0163 | 0.9576 | 0.9602 | 0.9653 | 0.0183 | 0.9424 | 0.9512 | 0.9431
2239 | 11:14:11 |  17.0s | 1.0e-04 | 0.0163 | 0.9598 | 0.9615 | 0.9686 | 0.0188 | 0.9438 | 0.9486 | 0.9416
2240 | 11:14:39 |  17.1s | 1.0e-04 | 0.0164 | 0.9574 | 0.9609 | 0.9649 | 0.0183 | 0.9502 | 0.9473 | 0.9487
2241 | 11:15:07 |  17.2s | 1.0e-04 | 0.0158 | 0.9600 | 0.9619 | 0.9683 | 0.0207 | 0.9414 | 0.9469 | 0.9375
2242 | 11:15:35 |  17.2s | 1.0e-04 | 0.0162 | 0.9578 | 0.9601 | 0.9661 | 0.0193 | 0.9421 | 0.9413 | 0.9310
2243 | 11:16:04 |  17.1s | 1.0e-04 | 0.0161 | 0.9579 | 0.9612 | 0.9656 | 0.0195 | 0.9373 | 0.9495 | 0.9367
2244 | 11:16:32 |  17.0s | 1.0e-04 | 0.0165 | 0.9575 | 0.9610 | 0.9656 | 0.0199 | 0.9513 | 0.9424 | 0.9447
2245 | 11:17:00 |  17.1s | 1.0e-04 | 0.0161 | 0.9588 | 0.9612 | 0.9667 | 0.0193 | 0.9409 | 0.9466 | 0.9374
2246 | 11:17:29 |  17.2s | 1.0e-04 | 0.0166 | 0.9581 | 0.9593 | 0.9660 | 0.0195 | 0.9422 | 0.9480 | 0.9395
2247 | 11:17:57 |  17.0s | 1.0e-04 | 0.0160 | 0.9583 | 0.9603 | 0.9665 | 0.0193 | 0.9398 | 0.9517 | 0.9415
2248 | 11:18:25 |  17.1s | 1.0e-04 | 0.0162 | 0.9581 | 0.9617 | 0.9667 | 0.0202 | 0.9413 | 0.9466 | 0.9360
2249 | 11:18:54 |  25.4s | 1.0e-04 | 0.0161 | 0.9577 | 0.9608 | 0.9661 | 0.0200 | 0.9404 | 0.9470 | 0.9371
2250 | 11:19:30 |  17.0s | 1.0e-04 | 0.0158 | 0.9582 | 0.9630 | 0.9684 | 0.0190 | 0.9480 | 0.9505 | 0.9484
2251 | 11:19:59 |  17.5s | 1.0e-04 | 0.0157 | 0.9602 | 0.9625 | 0.9691 | 0.0190 | 0.9455 | 0.9513 | 0.9465
2252 | 11:20:27 |  16.6s | 1.0e-04 | 0.0157 | 0.9595 | 0.9627 | 0.9683 | 0.0202 | 0.9448 | 0.9410 | 0.9376
2253 | 11:20:55 |  16.7s | 1.0e-04 | 0.0155 | 0.9590 | 0.9630 | 0.9687 | 0.0190 | 0.9417 | 0.9458 | 0.9374
2254 | 11:21:23 |  16.3s | 1.0e-04 | 0.0156 | 0.9590 | 0.9637 | 0.9686 | 0.0195 | 0.9403 | 0.9463 | 0.9355
2255 | 11:21:51 |  16.4s | 1.0e-04 | 0.0155 | 0.9597 | 0.9618 | 0.9686 | 0.0197 | 0.9440 | 0.9437 | 0.9374
2256 | 11:22:18 |  16.9s | 1.0e-04 | 0.0160 | 0.9575 | 0.9627 | 0.9661 | 0.0193 | 0.9450 | 0.9450 | 0.9405
2257 | 11:22:46 |  16.7s | 1.0e-04 | 0.0156 | 0.9595 | 0.9629 | 0.9690 | 0.0198 | 0.9455 | 0.9464 | 0.9429
2258 | 11:23:14 |  16.3s | 1.0e-04 | 0.0156 | 0.9587 | 0.9619 | 0.9678 | 0.0195 | 0.9431 | 0.9524 | 0.9455
2259 | 11:23:42 |  16.5s | 1.0e-04 | 0.0155 | 0.9596 | 0.9642 | 0.9696 | 0.0198 | 0.9491 | 0.9432 | 0.9412
2260 | 11:24:09 |  16.3s | 1.0e-04 | 0.0151 | 0.9607 | 0.9639 | 0.9706 | 0.0192 | 0.9488 | 0.9423 | 0.9422
2261 | 11:24:37 |  16.2s | 1.0e-04 | 0.0161 | 0.9583 | 0.9621 | 0.9662 | 0.0199 | 0.9408 | 0.9480 | 0.9389
2262 | 11:25:04 |  16.2s | 1.0e-04 | 0.0154 | 0.9603 | 0.9642 | 0.9702 | 0.0193 | 0.9488 | 0.9422 | 0.9408
2263 | 11:25:31 |  16.3s | 1.0e-04 | 0.0153 | 0.9622 | 0.9646 | 0.9724 | 0.0187 | 0.9482 | 0.9464 | 0.9453
2264 | 11:25:59 |  16.3s | 1.0e-04 | 0.0158 | 0.9580 | 0.9629 | 0.9683 | 0.0189 | 0.9402 | 0.9490 | 0.9396
2265 | 11:26:26 |  16.3s | 1.0e-04 | 0.0158 | 0.9579 | 0.9625 | 0.9673 | 0.0194 | 0.9417 | 0.9519 | 0.9443
2266 | 11:26:54 |  16.3s | 1.0e-04 | 0.0159 | 0.9592 | 0.9625 | 0.9681 | 0.0187 | 0.9464 | 0.9418 | 0.9404
2267 | 11:27:21 |  16.2s | 1.0e-04 | 0.0154 | 0.9602 | 0.9636 | 0.9695 | 0.0200 | 0.9433 | 0.9525 | 0.9453
2268 | 11:27:48 |  16.2s | 1.0e-04 | 0.0155 | 0.9610 | 0.9641 | 0.9710 | 0.0193 | 0.9424 | 0.9507 | 0.9431
2269 | 11:28:16 |  16.3s | 1.0e-04 | 0.0153 | 0.9596 | 0.9617 | 0.9692 | 0.0195 | 0.9431 | 0.9491 | 0.9420
2270 | 11:28:43 |  25.8s | 1.0e-04 | 0.0157 | 0.9593 | 0.9622 | 0.9675 | 0.0177 | 0.9477 | 0.9553 | 0.9522
2271 | 11:29:20 |  27.4s | 1.0e-04 | 0.0170 | 0.9556 | 0.9589 | 0.9627 | 0.0192 | 0.9464 | 0.9408 | 0.9380
2272 | 11:29:58 |  16.9s | 1.0e-04 | 0.0156 | 0.9593 | 0.9601 | 0.9667 | 0.0186 | 0.9429 | 0.9550 | 0.9481
2273 | 11:30:26 |  16.9s | 1.0e-04 | 0.0159 | 0.9585 | 0.9603 | 0.9665 | 0.0185 | 0.9460 | 0.9463 | 0.9429
2274 | 11:30:54 |  17.0s | 1.0e-04 | 0.0155 | 0.9574 | 0.9616 | 0.9658 | 0.0198 | 0.9369 | 0.9528 | 0.9410
2275 | 11:31:22 |  16.9s | 1.0e-04 | 0.0162 | 0.9575 | 0.9594 | 0.9642 | 0.0191 | 0.9421 | 0.9538 | 0.9450
2276 | 11:31:50 |  17.2s | 1.0e-04 | 0.0159 | 0.9578 | 0.9613 | 0.9660 | 0.0188 | 0.9469 | 0.9490 | 0.9454
2277 | 11:32:19 |  17.5s | 1.0e-04 | 0.0155 | 0.9576 | 0.9619 | 0.9672 | 0.0196 | 0.9435 | 0.9493 | 0.9429
2278 | 11:32:47 |  16.8s | 1.0e-04 | 0.0161 | 0.9573 | 0.9589 | 0.9643 | 0.0193 | 0.9425 | 0.9452 | 0.9378
2279 | 11:33:15 |  17.1s | 1.0e-04 | 0.0161 | 0.9582 | 0.9605 | 0.9654 | 0.0198 | 0.9467 | 0.9422 | 0.9381
2280 | 11:33:44 |  16.9s | 1.0e-04 | 0.0159 | 0.9578 | 0.9612 | 0.9670 | 0.0194 | 0.9433 | 0.9448 | 0.9384
2281 | 11:34:12 |  16.8s | 1.0e-04 | 0.0162 | 0.9564 | 0.9584 | 0.9629 | 0.0192 | 0.9434 | 0.9486 | 0.9422
2282 | 11:34:40 |  16.9s | 1.0e-04 | 0.0158 | 0.9576 | 0.9601 | 0.9655 | 0.0200 | 0.9446 | 0.9468 | 0.9417
2283 | 11:35:08 |  17.1s | 1.0e-04 | 0.0162 | 0.9565 | 0.9586 | 0.9631 | 0.0185 | 0.9436 | 0.9460 | 0.9380
2284 | 11:35:36 |  17.1s | 1.0e-04 | 0.0165 | 0.9566 | 0.9586 | 0.9631 | 0.0194 | 0.9461 | 0.9449 | 0.9405
2285 | 11:36:04 |  17.2s | 1.0e-04 | 0.0161 | 0.9585 | 0.9609 | 0.9665 | 0.0187 | 0.9475 | 0.9434 | 0.9399
2286 | 11:36:33 |  17.0s | 1.0e-04 | 0.0162 | 0.9570 | 0.9583 | 0.9634 | 0.0199 | 0.9411 | 0.9471 | 0.9388
2287 | 11:37:01 |  17.2s | 1.0e-04 | 0.0158 | 0.9582 | 0.9621 | 0.9665 | 0.0189 | 0.9503 | 0.9420 | 0.9436
2288 | 11:37:29 |  17.1s | 1.0e-04 | 0.0167 | 0.9562 | 0.9592 | 0.9638 | 0.0193 | 0.9380 | 0.9580 | 0.9463
2289 | 11:37:57 |  17.1s | 1.0e-04 | 0.0161 | 0.9569 | 0.9603 | 0.9649 | 0.0195 | 0.9429 | 0.9481 | 0.9397
2290 | 11:38:25 |  17.2s | 1.0e-04 | 0.0164 | 0.9560 | 0.9583 | 0.9623 | 0.0212 | 0.9391 | 0.9440 | 0.9316
2291 | 11:38:54 |  25.9s | 1.0e-04 | 0.0157 | 0.9601 | 0.9602 | 0.9681 | 0.0198 | 0.9452 | 0.9432 | 0.9393
2292 | 11:39:31 |  28.6s | 1.0e-04 | 0.0157 | 0.9582 | 0.9601 | 0.9655 | 0.0198 | 0.9428 | 0.9516 | 0.9442
2293 | 11:40:10 |  17.0s | 1.0e-04 | 0.0154 | 0.9579 | 0.9586 | 0.9651 | 0.0203 | 0.9386 | 0.9544 | 0.9418
2294 | 11:40:38 |  17.2s | 1.0e-04 | 0.0155 | 0.9589 | 0.9608 | 0.9667 | 0.0195 | 0.9453 | 0.9466 | 0.9421
2295 | 11:41:07 |  17.0s | 1.0e-04 | 0.0152 | 0.9580 | 0.9615 | 0.9659 | 0.0182 | 0.9461 | 0.9469 | 0.9435
2296 | 11:41:35 |  17.0s | 1.0e-04 | 0.0155 | 0.9577 | 0.9602 | 0.9652 | 0.0196 | 0.9361 | 0.9515 | 0.9381
2297 | 11:42:03 |  17.2s | 1.0e-04 | 0.0151 | 0.9591 | 0.9621 | 0.9684 | 0.0202 | 0.9303 | 0.9539 | 0.9350
2298 | 11:42:31 |  17.3s | 1.0e-04 | 0.0151 | 0.9582 | 0.9596 | 0.9656 | 0.0196 | 0.9399 | 0.9496 | 0.9394
2299 | 11:42:59 |  17.2s | 1.0e-04 | 0.0151 | 0.9585 | 0.9628 | 0.9670 | 0.0189 | 0.9383 | 0.9569 | 0.9460
2300 | 11:43:28 |  17.1s | 1.0e-04 | 0.0155 | 0.9577 | 0.9599 | 0.9654 | 0.0191 | 0.9408 | 0.9544 | 0.9459
2301 | 11:43:56 |  17.0s | 1.0e-04 | 0.0150 | 0.9575 | 0.9615 | 0.9663 | 0.0194 | 0.9457 | 0.9489 | 0.9449
2302 | 11:44:24 |  17.0s | 1.0e-04 | 0.0150 | 0.9583 | 0.9605 | 0.9665 | 0.0193 | 0.9479 | 0.9421 | 0.9404
2303 | 11:44:52 |  17.0s | 1.0e-04 | 0.0158 | 0.9582 | 0.9591 | 0.9650 | 0.0191 | 0.9433 | 0.9460 | 0.9408
2304 | 11:45:20 |  17.0s | 1.0e-04 | 0.0151 | 0.9591 | 0.9630 | 0.9689 | 0.0196 | 0.9493 | 0.9430 | 0.9444
2305 | 11:45:47 |  16.9s | 1.0e-04 | 0.0154 | 0.9578 | 0.9601 | 0.9646 | 0.0191 | 0.9453 | 0.9460 | 0.9409
2306 | 11:46:15 |  16.9s | 1.0e-04 | 0.0150 | 0.9576 | 0.9607 | 0.9658 | 0.0193 | 0.9545 | 0.9400 | 0.9452
2307 | 11:46:43 |  17.0s | 1.0e-04 | 0.0154 | 0.9595 | 0.9612 | 0.9673 | 0.0205 | 0.9428 | 0.9503 | 0.9428
2308 | 11:47:11 |  17.1s | 1.0e-04 | 0.0149 | 0.9606 | 0.9623 | 0.9692 | 0.0188 | 0.9423 | 0.9484 | 0.9414
2309 | 11:47:39 |  17.3s | 1.0e-04 | 0.0152 | 0.9592 | 0.9614 | 0.9683 | 0.0185 | 0.9490 | 0.9485 | 0.9477
2310 | 11:48:07 |  17.1s | 1.0e-04 | 0.0157 | 0.9580 | 0.9596 | 0.9650 | 0.0187 | 0.9469 | 0.9384 | 0.9343
2311 | 11:48:35 |  17.0s | 1.0e-04 | 0.0156 | 0.9578 | 0.9596 | 0.9654 | 0.0188 | 0.9410 | 0.9506 | 0.9421
2312 | 11:49:03 |  24.2s | 1.0e-04 | 0.0151 | 0.9596 | 0.9624 | 0.9684 | 0.0195 | 0.9455 | 0.9475 | 0.9444
2313 | 11:49:38 |  26.5s | 1.0e-04 | 0.0150 | 0.9605 | 0.9635 | 0.9700 | 0.0201 | 0.9475 | 0.9559 | 0.9527
2314 | 11:50:16 |  16.6s | 1.0e-04 | 0.0146 | 0.9611 | 0.9635 | 0.9705 | 0.0194 | 0.9399 | 0.9544 | 0.9440
2315 | 11:50:43 |  16.7s | 1.0e-04 | 0.0150 | 0.9598 | 0.9646 | 0.9692 | 0.0199 | 0.9416 | 0.9428 | 0.9359
2316 | 11:51:11 |  16.8s | 1.0e-04 | 0.0149 | 0.9614 | 0.9628 | 0.9706 | 0.0185 | 0.9448 | 0.9483 | 0.9428
2317 | 11:51:39 |  16.8s | 1.0e-04 | 0.0152 | 0.9592 | 0.9630 | 0.9688 | 0.0188 | 0.9493 | 0.9466 | 0.9469
2318 | 11:52:06 |  17.1s | 1.0e-04 | 0.0147 | 0.9617 | 0.9631 | 0.9718 | 0.0201 | 0.9461 | 0.9453 | 0.9428
2319 | 11:52:34 |  16.8s | 1.0e-04 | 0.0152 | 0.9610 | 0.9651 | 0.9705 | 0.0194 | 0.9416 | 0.9516 | 0.9436
2320 | 11:53:02 |  16.8s | 1.0e-04 | 0.0152 | 0.9600 | 0.9638 | 0.9703 | 0.0189 | 0.9496 | 0.9508 | 0.9507
2321 | 11:53:30 |  16.8s | 1.0e-04 | 0.0149 | 0.9619 | 0.9634 | 0.9716 | 0.0198 | 0.9450 | 0.9468 | 0.9413
2322 | 11:53:58 |  16.9s | 1.0e-04 | 0.0148 | 0.9607 | 0.9634 | 0.9696 | 0.0191 | 0.9437 | 0.9549 | 0.9480
2323 | 11:54:26 |  16.7s | 1.0e-04 | 0.0157 | 0.9588 | 0.9607 | 0.9665 | 0.0200 | 0.9479 | 0.9407 | 0.9409
2324 | 11:54:53 |  16.8s | 1.0e-04 | 0.0152 | 0.9597 | 0.9615 | 0.9681 | 0.0198 | 0.9450 | 0.9531 | 0.9477
2325 | 11:55:21 |  16.7s | 1.0e-04 | 0.0152 | 0.9589 | 0.9631 | 0.9676 | 0.0186 | 0.9457 | 0.9515 | 0.9480
2326 | 11:55:48 |  16.8s | 1.0e-04 | 0.0148 | 0.9611 | 0.9656 | 0.9725 | 0.0195 | 0.9507 | 0.9469 | 0.9479
2327 | 11:56:16 |  17.0s | 1.0e-04 | 0.0150 | 0.9611 | 0.9654 | 0.9713 | 0.0199 | 0.9456 | 0.9366 | 0.9333
2328 | 11:56:44 |  16.9s | 1.0e-04 | 0.0152 | 0.9599 | 0.9622 | 0.9698 | 0.0204 | 0.9409 | 0.9457 | 0.9366
2329 | 11:57:12 |  16.7s | 1.0e-04 | 0.0155 | 0.9590 | 0.9622 | 0.9685 | 0.0209 | 0.9417 | 0.9456 | 0.9364
2330 | 11:57:40 |  16.8s | 1.0e-04 | 0.0148 | 0.9621 | 0.9640 | 0.9718 | 0.0201 | 0.9509 | 0.9403 | 0.9429
2331 | 11:58:08 |  16.8s | 1.0e-04 | 0.0153 | 0.9607 | 0.9623 | 0.9696 | 0.0196 | 0.9451 | 0.9424 | 0.9380
2332 | 11:58:35 |  16.7s | 1.0e-04 | 0.0149 | 0.9615 | 0.9641 | 0.9711 | 0.0192 | 0.9441 | 0.9496 | 0.9437
2333 | 11:59:03 |  25.8s | 1.0e-04 | 0.0159 | 0.9578 | 0.9605 | 0.9663 | 0.0189 | 0.9471 | 0.9517 | 0.9490
2334 | 11:59:40 |  25.8s | 1.0e-04 | 0.0157 | 0.9589 | 0.9611 | 0.9671 | 0.0185 | 0.9527 | 0.9458 | 0.9476
2335 | 12:00:17 |  16.4s | 1.0e-04 | 0.0159 | 0.9584 | 0.9618 | 0.9672 | 0.0192 | 0.9449 | 0.9474 | 0.9419
2336 | 12:00:45 |  16.5s | 1.0e-04 | 0.0157 | 0.9584 | 0.9622 | 0.9665 | 0.0199 | 0.9371 | 0.9520 | 0.9394
2337 | 12:01:12 |  16.4s | 1.0e-04 | 0.0156 | 0.9579 | 0.9629 | 0.9672 | 0.0206 | 0.9396 | 0.9514 | 0.9405
2338 | 12:01:39 |  16.6s | 1.0e-04 | 0.0158 | 0.9581 | 0.9622 | 0.9668 | 0.0197 | 0.9445 | 0.9388 | 0.9342
2339 | 12:02:07 |  16.5s | 1.0e-04 | 0.0161 | 0.9579 | 0.9627 | 0.9669 | 0.0189 | 0.9505 | 0.9482 | 0.9484
2340 | 12:02:35 |  16.4s | 1.0e-04 | 0.0155 | 0.9597 | 0.9618 | 0.9676 | 0.0190 | 0.9446 | 0.9519 | 0.9467
2341 | 12:03:03 |  16.7s | 1.0e-04 | 0.0158 | 0.9575 | 0.9609 | 0.9658 | 0.0192 | 0.9319 | 0.9580 | 0.9417
2342 | 12:03:30 |  16.3s | 1.0e-04 | 0.0161 | 0.9575 | 0.9608 | 0.9660 | 0.0202 | 0.9425 | 0.9514 | 0.9444
2343 | 12:03:58 |  16.6s | 1.0e-04 | 0.0162 | 0.9586 | 0.9595 | 0.9650 | 0.0194 | 0.9422 | 0.9527 | 0.9454
2344 | 12:04:26 |  16.6s | 1.0e-04 | 0.0158 | 0.9586 | 0.9624 | 0.9679 | 0.0196 | 0.9476 | 0.9472 | 0.9456
2345 | 12:04:53 |  16.4s | 1.0e-04 | 0.0161 | 0.9574 | 0.9608 | 0.9657 | 0.0182 | 0.9486 | 0.9443 | 0.9430
2346 | 12:05:21 |  16.4s | 1.0e-04 | 0.0161 | 0.9571 | 0.9619 | 0.9655 | 0.0194 | 0.9412 | 0.9475 | 0.9391
2347 | 12:05:48 |  16.4s | 1.0e-04 | 0.0162 | 0.9578 | 0.9605 | 0.9660 | 0.0187 | 0.9478 | 0.9458 | 0.9433
2348 | 12:06:16 |  16.3s | 1.0e-04 | 0.0158 | 0.9584 | 0.9617 | 0.9666 | 0.0189 | 0.9473 | 0.9457 | 0.9424
2349 | 12:06:44 |  16.5s | 1.0e-04 | 0.0156 | 0.9593 | 0.9619 | 0.9683 | 0.0197 | 0.9489 | 0.9442 | 0.9432
2350 | 12:07:11 |  16.5s | 1.0e-04 | 0.0157 | 0.9595 | 0.9615 | 0.9681 | 0.0185 | 0.9520 | 0.9506 | 0.9525
2351 | 12:07:39 |  16.3s | 1.0e-04 | 0.0155 | 0.9611 | 0.9613 | 0.9690 | 0.0183 | 0.9430 | 0.9501 | 0.9430
2352 | 12:08:07 |  16.4s | 1.0e-04 | 0.0152 | 0.9601 | 0.9633 | 0.9692 | 0.0191 | 0.9474 | 0.9430 | 0.9407
2353 | 12:08:34 |  26.3s | 1.0e-04 | 0.0157 | 0.9580 | 0.9608 | 0.9655 | 0.0193 | 0.9434 | 0.9508 | 0.9440
2354 | 12:09:12 |  16.4s | 1.0e-04 | 0.0155 | 0.9588 | 0.9642 | 0.9695 | 0.0194 | 0.9435 | 0.9482 | 0.9409
2355 | 12:09:40 |  26.4s | 1.0e-04 | 0.0171 | 0.9564 | 0.9580 | 0.9628 | 0.0188 | 0.9494 | 0.9507 | 0.9503
2356 | 12:10:18 |  16.7s | 1.0e-04 | 0.0177 | 0.9554 | 0.9568 | 0.9613 | 0.0184 | 0.9526 | 0.9434 | 0.9459
2357 | 12:10:46 |  16.7s | 1.0e-04 | 0.0177 | 0.9566 | 0.9571 | 0.9623 | 0.0196 | 0.9412 | 0.9483 | 0.9397
2358 | 12:11:14 |  16.7s | 1.0e-04 | 0.0174 | 0.9543 | 0.9589 | 0.9621 | 0.0183 | 0.9540 | 0.9427 | 0.9477
2359 | 12:11:42 |  16.7s | 1.0e-04 | 0.0170 | 0.9564 | 0.9577 | 0.9623 | 0.0183 | 0.9486 | 0.9420 | 0.9424
2360 | 12:12:10 |  16.8s | 1.0e-04 | 0.0174 | 0.9563 | 0.9591 | 0.9630 | 0.0188 | 0.9477 | 0.9392 | 0.9377
2361 | 12:12:39 |  16.8s | 1.0e-04 | 0.0173 | 0.9567 | 0.9582 | 0.9634 | 0.0195 | 0.9459 | 0.9507 | 0.9463
2362 | 12:13:07 |  17.3s | 1.0e-04 | 0.0173 | 0.9563 | 0.9593 | 0.9629 | 0.0187 | 0.9410 | 0.9523 | 0.9434
2363 | 12:13:35 |  16.8s | 1.0e-04 | 0.0171 | 0.9559 | 0.9608 | 0.9643 | 0.0205 | 0.9429 | 0.9494 | 0.9424
2364 | 12:14:03 |  16.8s | 1.0e-04 | 0.0172 | 0.9557 | 0.9595 | 0.9633 | 0.0194 | 0.9398 | 0.9510 | 0.9409
2365 | 12:14:32 |  16.7s | 1.0e-04 | 0.0171 | 0.9567 | 0.9587 | 0.9640 | 0.0192 | 0.9411 | 0.9504 | 0.9414
2366 | 12:15:00 |  16.8s | 1.0e-04 | 0.0174 | 0.9559 | 0.9582 | 0.9621 | 0.0192 | 0.9352 | 0.9592 | 0.9454
2367 | 12:15:28 |  16.7s | 1.0e-04 | 0.0171 | 0.9561 | 0.9607 | 0.9639 | 0.0196 | 0.9482 | 0.9390 | 0.9404
2368 | 12:15:56 |  16.6s | 1.0e-04 | 0.0172 | 0.9548 | 0.9571 | 0.9603 | 0.0193 | 0.9424 | 0.9528 | 0.9446
2369 | 12:16:24 |  16.8s | 1.0e-04 | 0.0179 | 0.9562 | 0.9591 | 0.9633 | 0.0197 | 0.9440 | 0.9486 | 0.9422
2370 | 12:16:52 |  16.8s | 1.0e-04 | 0.0171 | 0.9558 | 0.9580 | 0.9628 | 0.0183 | 0.9485 | 0.9448 | 0.9436
2371 | 12:17:20 |  16.7s | 1.0e-04 | 0.0172 | 0.9554 | 0.9596 | 0.9627 | 0.0190 | 0.9470 | 0.9439 | 0.9428
2372 | 12:17:48 |  16.7s | 1.0e-04 | 0.0176 | 0.9543 | 0.9592 | 0.9617 | 0.0179 | 0.9498 | 0.9464 | 0.9454
2373 | 12:18:16 |  16.6s | 1.0e-04 | 0.0175 | 0.9549 | 0.9587 | 0.9622 | 0.0184 | 0.9453 | 0.9530 | 0.9481
2374 | 12:18:44 |  25.8s | 1.0e-04 | 0.0168 | 0.9576 | 0.9585 | 0.9640 | 0.0198 | 0.9516 | 0.9401 | 0.9448
2375 | 12:19:21 |  17.2s | 1.0e-04 | 0.0176 | 0.9546 | 0.9569 | 0.9600 | 0.0193 | 0.9474 | 0.9484 | 0.9467
2376 | 12:19:52 |  16.8s | 1.0e-04 | 0.0155 | 0.9598 | 0.9611 | 0.9668 | 0.0187 | 0.9438 | 0.9537 | 0.9475
2377 | 12:20:20 |  16.7s | 1.0e-04 | 0.0161 | 0.9580 | 0.9600 | 0.9669 | 0.0192 | 0.9489 | 0.9435 | 0.9420
2378 | 12:20:48 |  16.9s | 1.0e-04 | 0.0160 | 0.9582 | 0.9596 | 0.9651 | 0.0197 | 0.9428 | 0.9506 | 0.9433
2379 | 12:21:16 |  17.0s | 1.0e-04 | 0.0160 | 0.9575 | 0.9606 | 0.9655 | 0.0184 | 0.9482 | 0.9442 | 0.9420
2380 | 12:21:44 |  16.8s | 1.0e-04 | 0.0164 | 0.9583 | 0.9602 | 0.9657 | 0.0197 | 0.9453 | 0.9488 | 0.9444
2381 | 12:22:12 |  17.0s | 1.0e-04 | 0.0162 | 0.9572 | 0.9591 | 0.9645 | 0.0196 | 0.9458 | 0.9481 | 0.9438
2382 | 12:22:41 |  16.8s | 1.0e-04 | 0.0155 | 0.9591 | 0.9616 | 0.9677 | 0.0196 | 0.9454 | 0.9476 | 0.9433
2383 | 12:23:09 |  16.7s | 1.0e-04 | 0.0157 | 0.9587 | 0.9592 | 0.9664 | 0.0191 | 0.9499 | 0.9424 | 0.9423
2384 | 12:23:37 |  16.7s | 1.0e-04 | 0.0162 | 0.9575 | 0.9610 | 0.9660 | 0.0204 | 0.9429 | 0.9453 | 0.9382
2385 | 12:24:05 |  16.8s | 1.0e-04 | 0.0158 | 0.9585 | 0.9614 | 0.9665 | 0.0190 | 0.9443 | 0.9486 | 0.9427
2386 | 12:24:33 |  16.9s | 1.0e-04 | 0.0156 | 0.9583 | 0.9615 | 0.9668 | 0.0192 | 0.9420 | 0.9433 | 0.9353
2387 | 12:25:01 |  16.8s | 1.0e-04 | 0.0161 | 0.9581 | 0.9583 | 0.9645 | 0.0201 | 0.9409 | 0.9515 | 0.9426
2388 | 12:25:30 |  16.7s | 1.0e-04 | 0.0161 | 0.9575 | 0.9616 | 0.9660 | 0.0202 | 0.9439 | 0.9473 | 0.9418
2389 | 12:25:58 |  16.8s | 1.0e-04 | 0.0160 | 0.9576 | 0.9600 | 0.9657 | 0.0201 | 0.9449 | 0.9452 | 0.9386
2390 | 12:26:26 |  17.1s | 1.0e-04 | 0.0160 | 0.9570 | 0.9616 | 0.9654 | 0.0194 | 0.9469 | 0.9462 | 0.9421
2391 | 12:26:54 |  16.7s | 1.0e-04 | 0.0157 | 0.9587 | 0.9617 | 0.9671 | 0.0189 | 0.9443 | 0.9478 | 0.9419
2392 | 12:27:22 |  16.9s | 1.0e-04 | 0.0158 | 0.9583 | 0.9617 | 0.9662 | 0.0190 | 0.9407 | 0.9511 | 0.9426
2393 | 12:27:50 |  16.8s | 1.0e-04 | 0.0162 | 0.9568 | 0.9621 | 0.9658 | 0.0196 | 0.9459 | 0.9511 | 0.9468
2394 | 12:28:18 |  16.9s | 1.0e-04 | 0.0164 | 0.9560 | 0.9591 | 0.9640 | 0.0189 | 0.9446 | 0.9458 | 0.9403
2395 | 12:28:47 |  25.1s | 1.0e-04 | 0.0166 | 0.9576 | 0.9598 | 0.9651 | 0.0188 | 0.9429 | 0.9510 | 0.9447
2396 | 12:29:23 |  28.1s | 1.0e-04 | 0.0159 | 0.9580 | 0.9622 | 0.9662 | 0.0200 | 0.9444 | 0.9363 | 0.9273
2397 | 12:30:03 |  16.5s | 1.0e-04 | 0.0157 | 0.9584 | 0.9613 | 0.9675 | 0.0186 | 0.9460 | 0.9471 | 0.9430
2398 | 12:30:31 |  16.5s | 1.0e-04 | 0.0154 | 0.9576 | 0.9605 | 0.9651 | 0.0190 | 0.9463 | 0.9500 | 0.9463
2399 | 12:30:58 |  16.6s | 1.0e-04 | 0.0153 | 0.9582 | 0.9615 | 0.9658 | 0.0197 | 0.9460 | 0.9498 | 0.9457
2400 | 12:31:26 |  16.5s | 1.0e-04 | 0.0156 | 0.9586 | 0.9609 | 0.9666 | 0.0184 | 0.9447 | 0.9507 | 0.9454
2401 | 12:31:54 |  16.4s | 1.0e-04 | 0.0151 | 0.9574 | 0.9613 | 0.9659 | 0.0196 | 0.9415 | 0.9506 | 0.9419
2402 | 12:32:22 |  16.7s | 1.0e-04 | 0.0150 | 0.9574 | 0.9619 | 0.9671 | 0.0201 | 0.9433 | 0.9465 | 0.9399
2403 | 12:32:50 |  16.7s | 1.0e-04 | 0.0155 | 0.9572 | 0.9594 | 0.9637 | 0.0188 | 0.9436 | 0.9492 | 0.9426
2404 | 12:33:18 |  16.5s | 1.0e-04 | 0.0158 | 0.9570 | 0.9583 | 0.9632 | 0.0200 | 0.9420 | 0.9490 | 0.9411
2405 | 12:33:46 |  16.7s | 1.0e-04 | 0.0153 | 0.9587 | 0.9611 | 0.9665 | 0.0196 | 0.9408 | 0.9460 | 0.9367
2406 | 12:34:14 |  16.7s | 1.0e-04 | 0.0154 | 0.9582 | 0.9607 | 0.9667 | 0.0181 | 0.9418 | 0.9496 | 0.9416
2407 | 12:34:42 |  16.6s | 1.0e-04 | 0.0156 | 0.9576 | 0.9601 | 0.9650 | 0.0203 | 0.9377 | 0.9447 | 0.9300
2408 | 12:35:10 |  16.7s | 1.0e-04 | 0.0158 | 0.9576 | 0.9598 | 0.9639 | 0.0197 | 0.9396 | 0.9568 | 0.9446
2409 | 12:35:38 |  16.8s | 1.0e-04 | 0.0156 | 0.9574 | 0.9586 | 0.9639 | 0.0194 | 0.9480 | 0.9468 | 0.9454
2410 | 12:36:06 |  17.2s | 1.0e-04 | 0.0158 | 0.9583 | 0.9606 | 0.9663 | 0.0194 | 0.9438 | 0.9493 | 0.9436
2411 | 12:36:35 |  16.7s | 1.0e-04 | 0.0155 | 0.9573 | 0.9610 | 0.9659 | 0.0195 | 0.9530 | 0.9418 | 0.9446
2412 | 12:37:03 |  16.5s | 1.0e-04 | 0.0154 | 0.9591 | 0.9620 | 0.9673 | 0.0199 | 0.9402 | 0.9503 | 0.9402
2413 | 12:37:30 |  16.4s | 1.0e-04 | 0.0152 | 0.9588 | 0.9613 | 0.9669 | 0.0190 | 0.9405 | 0.9537 | 0.9438
2414 | 12:37:58 |  16.5s | 1.0e-04 | 0.0159 | 0.9583 | 0.9595 | 0.9658 | 0.0195 | 0.9397 | 0.9513 | 0.9404
2415 | 12:38:26 |  16.6s | 1.0e-04 | 0.0157 | 0.9568 | 0.9606 | 0.9644 | 0.0187 | 0.9490 | 0.9498 | 0.9489
2416 | 12:38:54 |  25.3s | 1.0e-04 | 0.0157 | 0.9581 | 0.9610 | 0.9661 | 0.0202 | 0.9389 | 0.9541 | 0.9418
2417 | 12:39:31 |  27.5s | 1.0e-04 | 0.0160 | 0.9583 | 0.9626 | 0.9678 | 0.0188 | 0.9454 | 0.9521 | 0.9477
2418 | 12:40:09 |  16.8s | 1.0e-04 | 0.0161 | 0.9577 | 0.9619 | 0.9659 | 0.0197 | 0.9473 | 0.9488 | 0.9457
2419 | 12:40:38 |  16.8s | 1.0e-04 | 0.0165 | 0.9586 | 0.9617 | 0.9673 | 0.0199 | 0.9474 | 0.9490 | 0.9467
2420 | 12:41:06 |  16.6s | 1.0e-04 | 0.0158 | 0.9587 | 0.9594 | 0.9660 | 0.0183 | 0.9503 | 0.9471 | 0.9478
2421 | 12:41:34 |  16.7s | 1.0e-04 | 0.0163 | 0.9563 | 0.9603 | 0.9644 | 0.0198 | 0.9432 | 0.9446 | 0.9370
2422 | 12:42:02 |  16.8s | 1.0e-04 | 0.0162 | 0.9575 | 0.9606 | 0.9658 | 0.0194 | 0.9404 | 0.9496 | 0.9401
2423 | 12:42:30 |  16.6s | 1.0e-04 | 0.0158 | 0.9582 | 0.9614 | 0.9664 | 0.0191 | 0.9419 | 0.9535 | 0.9463
2424 | 12:42:58 |  16.9s | 1.0e-04 | 0.0162 | 0.9579 | 0.9597 | 0.9662 | 0.0192 | 0.9443 | 0.9477 | 0.9429
2425 | 12:43:26 |  16.7s | 1.0e-04 | 0.0165 | 0.9561 | 0.9596 | 0.9633 | 0.0195 | 0.9510 | 0.9416 | 0.9429
2426 | 12:43:54 |  16.8s | 1.0e-04 | 0.0162 | 0.9577 | 0.9610 | 0.9666 | 0.0199 | 0.9483 | 0.9408 | 0.9381
2427 | 12:44:22 |  16.9s | 1.0e-04 | 0.0159 | 0.9585 | 0.9602 | 0.9664 | 0.0194 | 0.9426 | 0.9428 | 0.9370
2428 | 12:44:51 |  17.2s | 1.0e-04 | 0.0162 | 0.9600 | 0.9605 | 0.9669 | 0.0189 | 0.9489 | 0.9477 | 0.9468
2429 | 12:45:19 |  16.5s | 1.0e-04 | 0.0165 | 0.9575 | 0.9591 | 0.9645 | 0.0192 | 0.9425 | 0.9503 | 0.9429
2430 | 12:45:47 |  16.8s | 1.0e-04 | 0.0165 | 0.9565 | 0.9607 | 0.9647 | 0.0209 | 0.9421 | 0.9472 | 0.9386
2431 | 12:46:15 |  16.6s | 1.0e-04 | 0.0168 | 0.9559 | 0.9580 | 0.9618 | 0.0188 | 0.9392 | 0.9522 | 0.9419
2432 | 12:46:43 |  16.8s | 1.0e-04 | 0.0161 | 0.9573 | 0.9624 | 0.9669 | 0.0188 | 0.9466 | 0.9544 | 0.9516
2433 | 12:47:11 |  16.7s | 1.0e-04 | 0.0164 | 0.9568 | 0.9610 | 0.9650 | 0.0191 | 0.9483 | 0.9450 | 0.9442
2434 | 12:47:39 |  16.9s | 1.0e-04 | 0.0159 | 0.9571 | 0.9610 | 0.9661 | 0.0184 | 0.9494 | 0.9441 | 0.9449
2435 | 12:48:07 |  16.5s | 1.0e-04 | 0.0165 | 0.9560 | 0.9607 | 0.9638 | 0.0187 | 0.9511 | 0.9439 | 0.9472
2436 | 12:48:34 |  16.5s | 1.0e-04 | 0.0162 | 0.9579 | 0.9606 | 0.9663 | 0.0184 | 0.9485 | 0.9500 | 0.9485
2437 | 12:49:02 |  25.2s | 1.0e-04 | 0.0169 | 0.9561 | 0.9565 | 0.9617 | 0.0190 | 0.9425 | 0.9447 | 0.9395
2438 | 12:49:39 |  27.9s | 1.0e-04 | 0.0162 | 0.9571 | 0.9604 | 0.9654 | 0.0188 | 0.9471 | 0.9466 | 0.9442
2439 | 12:50:18 |  16.7s | 1.0e-04 | 0.0160 | 0.9589 | 0.9595 | 0.9663 | 0.0193 | 0.9360 | 0.9517 | 0.9367
2440 | 12:50:46 |  16.8s | 1.0e-04 | 0.0159 | 0.9568 | 0.9606 | 0.9645 | 0.0194 | 0.9481 | 0.9467 | 0.9447
2441 | 12:51:14 |  17.0s | 1.0e-04 | 0.0160 | 0.9573 | 0.9599 | 0.9650 | 0.0192 | 0.9422 | 0.9512 | 0.9440
2442 | 12:51:42 |  16.7s | 1.0e-04 | 0.0165 | 0.9577 | 0.9597 | 0.9650 | 0.0184 | 0.9422 | 0.9465 | 0.9400
2443 | 12:52:10 |  16.7s | 1.0e-04 | 0.0162 | 0.9573 | 0.9597 | 0.9648 | 0.0192 | 0.9475 | 0.9458 | 0.9436
2444 | 12:52:38 |  16.7s | 1.0e-04 | 0.0159 | 0.9561 | 0.9601 | 0.9643 | 0.0196 | 0.9478 | 0.9454 | 0.9434
2445 | 12:53:06 |  16.6s | 1.0e-04 | 0.0160 | 0.9565 | 0.9595 | 0.9643 | 0.0193 | 0.9418 | 0.9542 | 0.9467
2446 | 12:53:33 |  16.7s | 1.0e-04 | 0.0165 | 0.9565 | 0.9586 | 0.9636 | 0.0191 | 0.9510 | 0.9401 | 0.9399
2447 | 12:54:01 |  16.6s | 1.0e-04 | 0.0160 | 0.9580 | 0.9592 | 0.9655 | 0.0187 | 0.9496 | 0.9497 | 0.9496
2448 | 12:54:29 |  16.8s | 1.0e-04 | 0.0155 | 0.9588 | 0.9600 | 0.9664 | 0.0195 | 0.9363 | 0.9512 | 0.9368
2449 | 12:54:57 |  16.9s | 1.0e-04 | 0.0162 | 0.9565 | 0.9601 | 0.9638 | 0.0191 | 0.9435 | 0.9459 | 0.9392
2450 | 12:55:25 |  16.6s | 1.0e-04 | 0.0162 | 0.9567 | 0.9594 | 0.9644 | 0.0189 | 0.9465 | 0.9462 | 0.9428
2451 | 12:55:53 |  17.0s | 1.0e-04 | 0.0160 | 0.9557 | 0.9603 | 0.9641 | 0.0187 | 0.9447 | 0.9528 | 0.9478
2452 | 12:56:21 |  16.9s | 1.0e-04 | 0.0159 | 0.9582 | 0.9607 | 0.9658 | 0.0188 | 0.9436 | 0.9456 | 0.9390
2453 | 12:56:49 |  16.6s | 1.0e-04 | 0.0162 | 0.9561 | 0.9594 | 0.9639 | 0.0191 | 0.9458 | 0.9478 | 0.9439
2454 | 12:57:17 |  16.5s | 1.0e-04 | 0.0161 | 0.9579 | 0.9605 | 0.9659 | 0.0189 | 0.9508 | 0.9455 | 0.9456
2455 | 12:57:45 |  16.9s | 1.0e-04 | 0.0159 | 0.9591 | 0.9595 | 0.9671 | 0.0183 | 0.9476 | 0.9524 | 0.9489
2456 | 12:58:13 |  16.6s | 1.0e-04 | 0.0157 | 0.9588 | 0.9592 | 0.9660 | 0.0197 | 0.9455 | 0.9414 | 0.9387
2457 | 12:58:41 |  16.7s | 1.0e-04 | 0.0160 | 0.9573 | 0.9593 | 0.9643 | 0.0195 | 0.9428 | 0.9512 | 0.9437
2458 | 12:59:09 |  26.8s | 1.0e-04 | 0.0155 | 0.9577 | 0.9601 | 0.9659 | 0.0202 | 0.9469 | 0.9458 | 0.9407
2459 | 12:59:47 |  26.5s | 1.0e-04 | 0.0156 | 0.9593 | 0.9596 | 0.9670 | 0.0189 | 0.9440 | 0.9475 | 0.9409
2460 | 13:00:25 |  16.8s | 1.0e-04 | 0.0160 | 0.9582 | 0.9592 | 0.9650 | 0.0196 | 0.9488 | 0.9412 | 0.9411
2461 | 13:00:52 |  16.9s | 1.0e-04 | 0.0160 | 0.9582 | 0.9612 | 0.9666 | 0.0197 | 0.9552 | 0.9413 | 0.9483
2462 | 13:01:21 |  16.4s | 1.0e-04 | 0.0157 | 0.9608 | 0.9580 | 0.9671 | 0.0193 | 0.9424 | 0.9531 | 0.9456
2463 | 13:01:48 |  16.5s | 1.0e-04 | 0.0162 | 0.9588 | 0.9601 | 0.9658 | 0.0182 | 0.9464 | 0.9499 | 0.9460
2464 | 13:02:16 |  16.6s | 1.0e-04 | 0.0164 | 0.9566 | 0.9579 | 0.9629 | 0.0183 | 0.9372 | 0.9578 | 0.9461
2465 | 13:02:44 |  16.3s | 1.0e-04 | 0.0160 | 0.9568 | 0.9601 | 0.9645 | 0.0194 | 0.9414 | 0.9525 | 0.9438
2466 | 13:03:11 |  16.7s | 1.0e-04 | 0.0163 | 0.9575 | 0.9581 | 0.9638 | 0.0187 | 0.9439 | 0.9509 | 0.9447
2467 | 13:03:39 |  16.4s | 1.0e-04 | 0.0165 | 0.9551 | 0.9582 | 0.9615 | 0.0197 | 0.9371 | 0.9475 | 0.9351
2468 | 13:04:07 |  16.6s | 1.0e-04 | 0.0160 | 0.9568 | 0.9608 | 0.9646 | 0.0197 | 0.9423 | 0.9550 | 0.9465
2469 | 13:04:35 |  16.4s | 1.0e-04 | 0.0162 | 0.9576 | 0.9598 | 0.9641 | 0.0198 | 0.9388 | 0.9535 | 0.9416
2470 | 13:05:02 |  16.4s | 1.0e-04 | 0.0166 | 0.9556 | 0.9607 | 0.9634 | 0.0185 | 0.9411 | 0.9513 | 0.9432
2471 | 13:05:30 |  16.6s | 1.0e-04 | 0.0167 | 0.9553 | 0.9583 | 0.9620 | 0.0199 | 0.9403 | 0.9469 | 0.9379
2472 | 13:05:58 |  16.6s | 1.0e-04 | 0.0162 | 0.9569 | 0.9599 | 0.9646 | 0.0194 | 0.9439 | 0.9497 | 0.9439
2473 | 13:06:25 |  16.6s | 1.0e-04 | 0.0162 | 0.9565 | 0.9597 | 0.9638 | 0.0197 | 0.9410 | 0.9520 | 0.9431
2474 | 13:06:53 |  16.6s | 1.0e-04 | 0.0158 | 0.9567 | 0.9602 | 0.9652 | 0.0203 | 0.9472 | 0.9430 | 0.9401
2475 | 13:07:21 |  16.4s | 1.0e-04 | 0.0162 | 0.9562 | 0.9592 | 0.9630 | 0.0202 | 0.9451 | 0.9410 | 0.9355
2476 | 13:07:49 |  16.6s | 1.0e-04 | 0.0160 | 0.9561 | 0.9615 | 0.9644 | 0.0191 | 0.9473 | 0.9513 | 0.9481
2477 | 13:08:16 |  16.7s | 1.0e-04 | 0.0160 | 0.9573 | 0.9599 | 0.9654 | 0.0196 | 0.9471 | 0.9445 | 0.9435
2478 | 13:08:44 |  26.6s | 1.0e-04 | 0.0160 | 0.9577 | 0.9598 | 0.9651 | 0.0186 | 0.9415 | 0.9524 | 0.9436
2479 | 13:09:22 |  16.7s | 1.0e-04 | 0.0161 | 0.9580 | 0.9604 | 0.9661 | 0.0196 | 0.9425 | 0.9442 | 0.9348
2480 | 13:09:50 |  25.9s | 1.0e-04 | 0.0156 | 0.9576 | 0.9608 | 0.9646 | 0.0197 | 0.9418 | 0.9442 | 0.9353
2481 | 13:10:27 |  16.5s | 1.0e-04 | 0.0157 | 0.9580 | 0.9604 | 0.9663 | 0.0196 | 0.9350 | 0.9490 | 0.9336
2482 | 13:10:55 |  16.6s | 1.0e-04 | 0.0157 | 0.9580 | 0.9623 | 0.9667 | 0.0194 | 0.9485 | 0.9440 | 0.9426
2483 | 13:11:23 |  16.5s | 1.0e-04 | 0.0157 | 0.9589 | 0.9616 | 0.9675 | 0.0197 | 0.9481 | 0.9406 | 0.9407
2484 | 13:11:51 |  16.5s | 1.0e-04 | 0.0155 | 0.9580 | 0.9616 | 0.9675 | 0.0196 | 0.9433 | 0.9500 | 0.9434
2485 | 13:12:18 |  16.5s | 1.0e-04 | 0.0152 | 0.9600 | 0.9624 | 0.9688 | 0.0188 | 0.9485 | 0.9483 | 0.9474
2486 | 13:12:46 |  16.9s | 1.0e-04 | 0.0159 | 0.9582 | 0.9613 | 0.9673 | 0.0189 | 0.9477 | 0.9474 | 0.9461
2487 | 13:13:14 |  16.4s | 1.0e-04 | 0.0150 | 0.9594 | 0.9603 | 0.9677 | 0.0193 | 0.9452 | 0.9419 | 0.9377
2488 | 13:13:42 |  16.5s | 1.0e-04 | 0.0157 | 0.9581 | 0.9626 | 0.9670 | 0.0192 | 0.9458 | 0.9513 | 0.9470
2489 | 13:14:10 |  16.5s | 1.0e-04 | 0.0156 | 0.9572 | 0.9626 | 0.9670 | 0.0188 | 0.9467 | 0.9437 | 0.9389
2490 | 13:14:37 |  16.8s | 1.0e-04 | 0.0155 | 0.9581 | 0.9624 | 0.9680 | 0.0194 | 0.9486 | 0.9464 | 0.9446
2491 | 13:15:05 |  16.5s | 1.0e-04 | 0.0156 | 0.9579 | 0.9616 | 0.9659 | 0.0185 | 0.9495 | 0.9464 | 0.9478
2492 | 13:15:33 |  16.7s | 1.0e-04 | 0.0157 | 0.9594 | 0.9614 | 0.9680 | 0.0194 | 0.9455 | 0.9421 | 0.9387
2493 | 13:16:01 |  16.6s | 1.0e-04 | 0.0156 | 0.9576 | 0.9592 | 0.9639 | 0.0185 | 0.9497 | 0.9483 | 0.9482
2494 | 13:16:29 |  16.5s | 1.0e-04 | 0.0152 | 0.9586 | 0.9620 | 0.9677 | 0.0208 | 0.9453 | 0.9426 | 0.9400
2495 | 13:16:56 |  16.5s | 1.0e-04 | 0.0156 | 0.9575 | 0.9620 | 0.9665 | 0.0191 | 0.9511 | 0.9404 | 0.9421
2496 | 13:17:24 |  16.8s | 1.0e-04 | 0.0152 | 0.9591 | 0.9612 | 0.9666 | 0.0191 | 0.9479 | 0.9435 | 0.9420
2497 | 13:17:52 |  16.6s | 1.0e-04 | 0.0156 | 0.9576 | 0.9619 | 0.9666 | 0.0189 | 0.9403 | 0.9526 | 0.9432
2498 | 13:18:20 |  16.7s | 1.0e-04 | 0.0156 | 0.9559 | 0.9628 | 0.9643 | 0.0195 | 0.9443 | 0.9429 | 0.9361
2499 | 13:18:48 |  25.2s | 1.0e-04 | 0.0154 | 0.9593 | 0.9622 | 0.9679 | 0.0186 | 0.9517 | 0.9451 | 0.9478
2500 | 13:19:24 |  16.9s | 1.0e-04 | 0.0167 | 0.9565 | 0.9631 | 0.9661 | 0.0195 | 0.9404 | 0.9538 | 0.9438
2501 | 13:19:52 |  16.8s | 1.0e-04 | 0.0167 | 0.9586 | 0.9604 | 0.9666 | 0.0198 | 0.9482 | 0.9450 | 0.9440
2502 | 13:20:20 |  16.8s | 1.0e-04 | 0.0167 | 0.9581 | 0.9606 | 0.9664 | 0.0198 | 0.9465 | 0.9454 | 0.9409
2503 | 13:20:48 |  16.9s | 1.0e-04 | 0.0167 | 0.9592 | 0.9607 | 0.9669 | 0.0179 | 0.9466 | 0.9482 | 0.9449
2504 | 13:21:17 |  17.5s | 1.0e-04 | 0.0169 | 0.9582 | 0.9612 | 0.9665 | 0.0188 | 0.9378 | 0.9502 | 0.9379
2505 | 13:21:45 |  16.9s | 1.0e-04 | 0.0169 | 0.9571 | 0.9611 | 0.9651 | 0.0193 | 0.9403 | 0.9530 | 0.9429
2506 | 13:22:13 |  16.6s | 1.0e-04 | 0.0170 | 0.9565 | 0.9595 | 0.9636 | 0.0186 | 0.9498 | 0.9452 | 0.9454
2507 | 13:22:41 |  16.9s | 1.0e-04 | 0.0169 | 0.9577 | 0.9609 | 0.9658 | 0.0188 | 0.9485 | 0.9439 | 0.9438
2508 | 13:23:09 |  17.0s | 1.0e-04 | 0.0170 | 0.9568 | 0.9587 | 0.9640 | 0.0196 | 0.9489 | 0.9412 | 0.9434
2509 | 13:23:38 |  17.1s | 1.0e-04 | 0.0172 | 0.9561 | 0.9592 | 0.9635 | 0.0196 | 0.9458 | 0.9450 | 0.9423
2510 | 13:24:06 |  17.1s | 1.0e-04 | 0.0168 | 0.9564 | 0.9602 | 0.9635 | 0.0188 | 0.9438 | 0.9459 | 0.9396
2511 | 13:24:34 |  16.8s | 1.0e-04 | 0.0165 | 0.9582 | 0.9606 | 0.9663 | 0.0206 | 0.9418 | 0.9494 | 0.9412
2512 | 13:25:02 |  16.9s | 1.0e-04 | 0.0171 | 0.9569 | 0.9604 | 0.9654 | 0.0192 | 0.9410 | 0.9552 | 0.9462
2513 | 13:25:30 |  16.8s | 1.0e-04 | 0.0167 | 0.9577 | 0.9606 | 0.9656 | 0.0198 | 0.9420 | 0.9507 | 0.9426
2514 | 13:25:58 |  16.9s | 1.0e-04 | 0.0163 | 0.9591 | 0.9636 | 0.9695 | 0.0190 | 0.9457 | 0.9504 | 0.9465
2515 | 13:26:26 |  17.0s | 1.0e-04 | 0.0165 | 0.9587 | 0.9613 | 0.9674 | 0.0204 | 0.9485 | 0.9426 | 0.9416
2516 | 13:26:54 |  16.9s | 1.0e-04 | 0.0168 | 0.9572 | 0.9603 | 0.9657 | 0.0191 | 0.9397 | 0.9508 | 0.9407
2517 | 13:27:22 |  16.8s | 1.0e-04 | 0.0167 | 0.9573 | 0.9616 | 0.9657 | 0.0199 | 0.9443 | 0.9449 | 0.9391
2518 | 13:27:50 |  17.1s | 1.0e-04 | 0.0168 | 0.9573 | 0.9611 | 0.9660 | 0.0196 | 0.9442 | 0.9485 | 0.9426
2519 | 13:28:18 |  16.9s | 1.0e-04 | 0.0171 | 0.9580 | 0.9610 | 0.9658 | 0.0189 | 0.9415 | 0.9523 | 0.9436
2520 | 13:28:46 |  27.4s | 1.0e-04 | 0.0167 | 0.9580 | 0.9614 | 0.9663 | 0.0193 | 0.9421 | 0.9463 | 0.9383
2521 | 13:29:25 |  26.3s | 1.0e-04 | 0.0159 | 0.9606 | 0.9624 | 0.9695 | 0.0183 | 0.9449 | 0.9537 | 0.9481
2522 | 13:30:02 |  17.1s | 1.0e-04 | 0.0160 | 0.9592 | 0.9645 | 0.9693 | 0.0182 | 0.9488 | 0.9512 | 0.9497
2523 | 13:30:31 |  17.0s | 1.0e-04 | 0.0159 | 0.9607 | 0.9644 | 0.9712 | 0.0181 | 0.9462 | 0.9526 | 0.9478
2524 | 13:30:59 |  17.3s | 1.0e-04 | 0.0164 | 0.9584 | 0.9641 | 0.9692 | 0.0200 | 0.9429 | 0.9462 | 0.9397
2525 | 13:31:27 |  17.2s | 1.0e-04 | 0.0162 | 0.9587 | 0.9626 | 0.9680 | 0.0201 | 0.9414 | 0.9568 | 0.9484
2526 | 13:31:56 |  17.0s | 1.0e-04 | 0.0163 | 0.9596 | 0.9638 | 0.9692 | 0.0185 | 0.9486 | 0.9501 | 0.9490
2527 | 13:32:24 |  16.8s | 1.0e-04 | 0.0160 | 0.9605 | 0.9629 | 0.9703 | 0.0181 | 0.9513 | 0.9440 | 0.9449
2528 | 13:32:52 |  16.8s | 1.0e-04 | 0.0161 | 0.9606 | 0.9630 | 0.9698 | 0.0195 | 0.9392 | 0.9485 | 0.9372
2529 | 13:33:20 |  16.9s | 1.0e-04 | 0.0163 | 0.9576 | 0.9641 | 0.9673 | 0.0194 | 0.9477 | 0.9471 | 0.9457
2530 | 13:33:48 |  16.9s | 1.0e-04 | 0.0158 | 0.9590 | 0.9639 | 0.9692 | 0.0196 | 0.9463 | 0.9521 | 0.9484
2531 | 13:34:16 |  16.8s | 1.0e-04 | 0.0160 | 0.9596 | 0.9626 | 0.9693 | 0.0200 | 0.9462 | 0.9413 | 0.9395
2532 | 13:34:44 |  17.3s | 1.0e-04 | 0.0162 | 0.9593 | 0.9635 | 0.9691 | 0.0196 | 0.9478 | 0.9427 | 0.9404
2533 | 13:35:13 |  17.1s | 1.0e-04 | 0.0162 | 0.9604 | 0.9637 | 0.9701 | 0.0191 | 0.9386 | 0.9537 | 0.9422
2534 | 13:35:41 |  17.0s | 1.0e-04 | 0.0160 | 0.9585 | 0.9625 | 0.9677 | 0.0203 | 0.9383 | 0.9488 | 0.9370
2535 | 13:36:09 |  16.8s | 1.0e-04 | 0.0161 | 0.9597 | 0.9622 | 0.9693 | 0.0204 | 0.9432 | 0.9514 | 0.9447
2536 | 13:36:37 |  17.0s | 1.0e-04 | 0.0161 | 0.9604 | 0.9628 | 0.9689 | 0.0200 | 0.9487 | 0.9399 | 0.9377
2537 | 13:37:05 |  17.0s | 1.0e-04 | 0.0162 | 0.9607 | 0.9625 | 0.9691 | 0.0186 | 0.9420 | 0.9551 | 0.9476
2538 | 13:37:33 |  16.8s | 1.0e-04 | 0.0159 | 0.9596 | 0.9632 | 0.9697 | 0.0194 | 0.9473 | 0.9447 | 0.9424
2539 | 13:38:01 |  17.1s | 1.0e-04 | 0.0160 | 0.9595 | 0.9648 | 0.9701 | 0.0187 | 0.9484 | 0.9479 | 0.9465
2540 | 13:38:30 |  17.1s | 1.0e-04 | 0.0161 | 0.9614 | 0.9633 | 0.9703 | 0.0194 | 0.9456 | 0.9437 | 0.9410
2541 | 13:38:58 |  26.3s | 1.0e-04 | 0.0158 | 0.9601 | 0.9626 | 0.9683 | 0.0188 | 0.9396 | 0.9571 | 0.9463
2542 | 13:39:35 |  27.6s | 1.0e-04 | 0.0156 | 0.9588 | 0.9629 | 0.9683 | 0.0186 | 0.9489 | 0.9460 | 0.9434
2543 | 13:40:14 |  16.9s | 1.0e-04 | 0.0158 | 0.9587 | 0.9618 | 0.9676 | 0.0192 | 0.9485 | 0.9440 | 0.9440
2544 | 13:40:42 |  17.1s | 1.0e-04 | 0.0165 | 0.9578 | 0.9617 | 0.9664 | 0.0197 | 0.9393 | 0.9538 | 0.9420
2545 | 13:41:10 |  16.8s | 1.0e-04 | 0.0158 | 0.9578 | 0.9624 | 0.9675 | 0.0189 | 0.9430 | 0.9458 | 0.9398
2546 | 13:41:38 |  16.7s | 1.0e-04 | 0.0162 | 0.9571 | 0.9627 | 0.9667 | 0.0191 | 0.9485 | 0.9417 | 0.9410
2547 | 13:42:06 |  17.1s | 1.0e-04 | 0.0158 | 0.9575 | 0.9606 | 0.9653 | 0.0197 | 0.9439 | 0.9507 | 0.9441
2548 | 13:42:34 |  16.8s | 1.0e-04 | 0.0159 | 0.9575 | 0.9598 | 0.9657 | 0.0195 | 0.9415 | 0.9512 | 0.9426
2549 | 13:43:02 |  16.8s | 1.0e-04 | 0.0162 | 0.9574 | 0.9619 | 0.9668 | 0.0199 | 0.9470 | 0.9390 | 0.9360
2550 | 13:43:30 |  17.0s | 1.0e-04 | 0.0163 | 0.9567 | 0.9600 | 0.9651 | 0.0199 | 0.9467 | 0.9456 | 0.9434
2551 | 13:43:59 |  16.8s | 1.0e-04 | 0.0162 | 0.9579 | 0.9604 | 0.9659 | 0.0191 | 0.9448 | 0.9505 | 0.9451
2552 | 13:44:26 |  16.8s | 1.0e-04 | 0.0161 | 0.9581 | 0.9600 | 0.9652 | 0.0195 | 0.9465 | 0.9443 | 0.9409
2553 | 13:44:54 |  16.8s | 1.0e-04 | 0.0157 | 0.9575 | 0.9622 | 0.9659 | 0.0184 | 0.9424 | 0.9508 | 0.9426
2554 | 13:45:22 |  16.9s | 1.0e-04 | 0.0159 | 0.9576 | 0.9614 | 0.9666 | 0.0201 | 0.9515 | 0.9344 | 0.9413
2555 | 13:45:50 |  16.9s | 1.0e-04 | 0.0161 | 0.9581 | 0.9606 | 0.9660 | 0.0187 | 0.9465 | 0.9476 | 0.9445
2556 | 13:46:18 |  16.9s | 1.0e-04 | 0.0161 | 0.9576 | 0.9626 | 0.9665 | 0.0190 | 0.9420 | 0.9513 | 0.9433
2557 | 13:46:47 |  16.8s | 1.0e-04 | 0.0160 | 0.9584 | 0.9581 | 0.9638 | 0.0186 | 0.9484 | 0.9479 | 0.9467
2558 | 13:47:15 |  16.8s | 1.0e-04 | 0.0164 | 0.9567 | 0.9601 | 0.9649 | 0.0187 | 0.9432 | 0.9521 | 0.9452
2559 | 13:47:42 |  17.3s | 1.0e-04 | 0.0155 | 0.9589 | 0.9612 | 0.9672 | 0.0184 | 0.9438 | 0.9495 | 0.9434
2560 | 13:48:11 |  16.7s | 1.0e-04 | 0.0163 | 0.9574 | 0.9618 | 0.9659 | 0.0186 | 0.9362 | 0.9599 | 0.9475
2561 | 13:48:39 |  16.8s | 1.0e-04 | 0.0155 | 0.9583 | 0.9624 | 0.9675 | 0.0198 | 0.9423 | 0.9527 | 0.9448
2562 | 13:49:07 |  26.3s | 1.0e-04 | 0.0160 | 0.9584 | 0.9625 | 0.9673 | 0.0188 | 0.9480 | 0.9514 | 0.9490
2563 | 13:49:44 |  26.0s | 1.0e-04 | 0.0159 | 0.9593 | 0.9633 | 0.9686 | 0.0187 | 0.9469 | 0.9523 | 0.9486
2564 | 13:50:21 |  16.2s | 1.0e-04 | 0.0155 | 0.9592 | 0.9639 | 0.9694 | 0.0181 | 0.9432 | 0.9484 | 0.9423
2565 | 13:50:48 |  16.4s | 1.0e-04 | 0.0153 | 0.9594 | 0.9643 | 0.9698 | 0.0197 | 0.9476 | 0.9473 | 0.9459
2566 | 13:51:16 |  16.2s | 1.0e-04 | 0.0156 | 0.9585 | 0.9610 | 0.9668 | 0.0199 | 0.9471 | 0.9418 | 0.9396
2567 | 13:51:43 |  16.6s | 1.0e-04 | 0.0157 | 0.9595 | 0.9626 | 0.9689 | 0.0201 | 0.9473 | 0.9412 | 0.9383
2568 | 13:52:11 |  16.3s | 1.0e-04 | 0.0152 | 0.9599 | 0.9629 | 0.9696 | 0.0191 | 0.9428 | 0.9473 | 0.9398
2569 | 13:52:39 |  16.2s | 1.0e-04 | 0.0160 | 0.9587 | 0.9628 | 0.9674 | 0.0192 | 0.9415 | 0.9501 | 0.9415
2570 | 13:53:06 |  16.9s | 1.0e-04 | 0.0153 | 0.9608 | 0.9631 | 0.9701 | 0.0183 | 0.9446 | 0.9521 | 0.9469
2571 | 13:53:34 |  16.2s | 1.0e-04 | 0.0149 | 0.9610 | 0.9652 | 0.9712 | 0.0196 | 0.9416 | 0.9484 | 0.9403
2572 | 13:54:01 |  16.5s | 1.0e-04 | 0.0156 | 0.9607 | 0.9650 | 0.9704 | 0.0198 | 0.9438 | 0.9433 | 0.9376
2573 | 13:54:29 |  16.4s | 1.0e-04 | 0.0151 | 0.9612 | 0.9633 | 0.9708 | 0.0190 | 0.9460 | 0.9459 | 0.9428
2574 | 13:54:57 |  16.3s | 1.0e-04 | 0.0154 | 0.9595 | 0.9629 | 0.9689 | 0.0202 | 0.9457 | 0.9323 | 0.9313
2575 | 13:55:24 |  16.2s | 1.0e-04 | 0.0157 | 0.9606 | 0.9617 | 0.9683 | 0.0194 | 0.9409 | 0.9462 | 0.9373
2576 | 13:55:51 |  16.3s | 1.0e-04 | 0.0157 | 0.9590 | 0.9625 | 0.9685 | 0.0195 | 0.9482 | 0.9410 | 0.9403
2577 | 13:56:19 |  16.9s | 1.0e-04 | 0.0153 | 0.9603 | 0.9638 | 0.9705 | 0.0206 | 0.9431 | 0.9499 | 0.9430
2578 | 13:56:47 |  24.7s | 1.0e-04 | 0.0154 | 0.9601 | 0.9633 | 0.9690 | 0.0191 | 0.9426 | 0.9545 | 0.9464
2579 | 13:57:23 |  16.3s | 1.0e-04 | 0.0152 | 0.9608 | 0.9628 | 0.9699 | 0.0178 | 0.9466 | 0.9526 | 0.9490
2580 | 13:57:50 |  16.1s | 1.0e-04 | 0.0156 | 0.9604 | 0.9628 | 0.9690 | 0.0195 | 0.9398 | 0.9526 | 0.9421
2581 | 13:58:17 |  16.3s | 1.0e-04 | 0.0157 | 0.9615 | 0.9656 | 0.9714 | 0.0195 | 0.9476 | 0.9440 | 0.9422
2582 | 13:58:45 |  16.4s | 1.0e-04 | 0.0154 | 0.9611 | 0.9649 | 0.9712 | 0.0194 | 0.9494 | 0.9466 | 0.9467
2583 | 13:59:12 |  24.9s | 1.0e-04 | 0.0166 | 0.9592 | 0.9629 | 0.9684 | 0.0188 | 0.9521 | 0.9442 | 0.9474
2584 | 13:59:48 |  25.8s | 1.0e-04 | 0.0166 | 0.9579 | 0.9637 | 0.9672 | 0.0187 | 0.9437 | 0.9490 | 0.9427
2585 | 14:00:25 |  16.8s | 1.0e-04 | 0.0160 | 0.9603 | 0.9648 | 0.9704 | 0.0182 | 0.9465 | 0.9479 | 0.9454
2586 | 14:00:53 |  16.6s | 1.0e-04 | 0.0161 | 0.9583 | 0.9643 | 0.9689 | 0.0185 | 0.9426 | 0.9508 | 0.9432
2587 | 14:01:21 |  16.6s | 1.0e-04 | 0.0160 | 0.9592 | 0.9632 | 0.9684 | 0.0192 | 0.9446 | 0.9503 | 0.9448
2588 | 14:01:49 |  16.8s | 1.0e-04 | 0.0170 | 0.9585 | 0.9614 | 0.9667 | 0.0192 | 0.9485 | 0.9474 | 0.9451
2589 | 14:02:17 |  16.6s | 1.0e-04 | 0.0163 | 0.9595 | 0.9616 | 0.9686 | 0.0197 | 0.9431 | 0.9495 | 0.9425
2590 | 14:02:44 |  16.9s | 1.0e-04 | 0.0169 | 0.9590 | 0.9629 | 0.9680 | 0.0199 | 0.9473 | 0.9431 | 0.9408
2591 | 14:03:12 |  16.7s | 1.0e-04 | 0.0161 | 0.9603 | 0.9644 | 0.9710 | 0.0205 | 0.9422 | 0.9465 | 0.9386
2592 | 14:03:40 |  16.7s | 1.0e-04 | 0.0161 | 0.9616 | 0.9643 | 0.9715 | 0.0196 | 0.9401 | 0.9482 | 0.9381
2593 | 14:04:08 |  17.0s | 1.0e-04 | 0.0159 | 0.9605 | 0.9644 | 0.9695 | 0.0195 | 0.9483 | 0.9525 | 0.9504
2594 | 14:04:36 |  16.6s | 1.0e-04 | 0.0161 | 0.9582 | 0.9634 | 0.9673 | 0.0190 | 0.9506 | 0.9463 | 0.9481
2595 | 14:05:04 |  17.0s | 1.0e-04 | 0.0163 | 0.9607 | 0.9639 | 0.9702 | 0.0197 | 0.9413 | 0.9472 | 0.9377
2596 | 14:05:32 |  16.7s | 1.0e-04 | 0.0161 | 0.9592 | 0.9651 | 0.9694 | 0.0200 | 0.9467 | 0.9388 | 0.9383
2597 | 14:06:00 |  16.9s | 1.0e-04 | 0.0163 | 0.9589 | 0.9610 | 0.9667 | 0.0192 | 0.9442 | 0.9474 | 0.9416
2598 | 14:06:28 |  17.0s | 1.0e-04 | 0.0164 | 0.9605 | 0.9632 | 0.9694 | 0.0188 | 0.9469 | 0.9514 | 0.9481
2599 | 14:06:56 |  26.0s | 1.0e-04 | 0.0162 | 0.9598 | 0.9631 | 0.9696 | 0.0196 | 0.9457 | 0.9470 | 0.9434
2600 | 14:07:33 |  17.2s | 1.0e-04 | 0.0155 | 0.9610 | 0.9640 | 0.9701 | 0.0194 | 0.9458 | 0.9493 | 0.9449
2601 | 14:08:01 |  16.8s | 1.0e-04 | 0.0152 | 0.9613 | 0.9644 | 0.9705 | 0.0194 | 0.9390 | 0.9540 | 0.9433
2602 | 14:08:29 |  17.0s | 1.0e-04 | 0.0157 | 0.9587 | 0.9640 | 0.9680 | 0.0193 | 0.9455 | 0.9511 | 0.9460
2603 | 14:08:57 |  25.7s | 1.0e-04 | 0.0157 | 0.9598 | 0.9640 | 0.9701 | 0.0196 | 0.9414 | 0.9523 | 0.9448
2604 | 14:09:34 |  17.0s | 1.0e-04 | 0.0156 | 0.9583 | 0.9632 | 0.9676 | 0.0186 | 0.9448 | 0.9507 | 0.9449
2605 | 14:10:02 |  27.0s | 1.0e-04 | 0.0156 | 0.9586 | 0.9624 | 0.9688 | 0.0196 | 0.9508 | 0.9377 | 0.9396
2606 | 14:10:40 |  16.8s | 1.0e-04 | 0.0149 | 0.9600 | 0.9641 | 0.9704 | 0.0195 | 0.9458 | 0.9480 | 0.9445
2607 | 14:11:08 |  17.0s | 1.0e-04 | 0.0153 | 0.9605 | 0.9624 | 0.9694 | 0.0189 | 0.9480 | 0.9466 | 0.9443
2608 | 14:11:36 |  17.3s | 1.0e-04 | 0.0153 | 0.9609 | 0.9653 | 0.9703 | 0.0201 | 0.9386 | 0.9464 | 0.9360
2609 | 14:12:05 |  17.3s | 1.0e-04 | 0.0156 | 0.9583 | 0.9639 | 0.9678 | 0.0190 | 0.9367 | 0.9542 | 0.9424
2610 | 14:12:33 |  17.2s | 1.0e-04 | 0.0156 | 0.9577 | 0.9626 | 0.9676 | 0.0192 | 0.9546 | 0.9445 | 0.9483
2611 | 14:13:01 |  17.2s | 1.0e-04 | 0.0155 | 0.9588 | 0.9609 | 0.9674 | 0.0187 | 0.9494 | 0.9420 | 0.9437
2612 | 14:13:30 |  17.3s | 1.0e-04 | 0.0152 | 0.9609 | 0.9631 | 0.9703 | 0.0188 | 0.9505 | 0.9469 | 0.9479
2613 | 14:13:58 |  16.9s | 1.0e-04 | 0.0150 | 0.9598 | 0.9616 | 0.9681 | 0.0198 | 0.9424 | 0.9547 | 0.9471
2614 | 14:14:26 |  17.1s | 1.0e-04 | 0.0149 | 0.9622 | 0.9634 | 0.9713 | 0.0192 | 0.9428 | 0.9474 | 0.9403
2615 | 14:14:54 |  17.3s | 1.0e-04 | 0.0149 | 0.9598 | 0.9640 | 0.9698 | 0.0192 | 0.9471 | 0.9435 | 0.9398
2616 | 14:15:23 |  17.1s | 1.0e-04 | 0.0152 | 0.9599 | 0.9640 | 0.9691 | 0.0181 | 0.9474 | 0.9523 | 0.9497
2617 | 14:15:51 |  17.4s | 1.0e-04 | 0.0148 | 0.9612 | 0.9648 | 0.9711 | 0.0190 | 0.9440 | 0.9502 | 0.9446
2618 | 14:16:19 |  17.1s | 1.0e-04 | 0.0153 | 0.9598 | 0.9640 | 0.9696 | 0.0192 | 0.9456 | 0.9462 | 0.9418
2619 | 14:16:47 |  17.1s | 1.0e-04 | 0.0151 | 0.9592 | 0.9636 | 0.9695 | 0.0201 | 0.9457 | 0.9485 | 0.9441
2620 | 14:17:16 |  26.0s | 1.0e-04 | 0.0150 | 0.9589 | 0.9632 | 0.9685 | 0.0189 | 0.9465 | 0.9465 | 0.9419
2621 | 14:17:53 |  17.4s | 1.0e-04 | 0.0148 | 0.9616 | 0.9643 | 0.9708 | 0.0192 | 0.9518 | 0.9464 | 0.9469
2622 | 14:18:21 |  17.0s | 1.0e-04 | 0.0155 | 0.9592 | 0.9621 | 0.9687 | 0.0187 | 0.9440 | 0.9490 | 0.9437
2623 | 14:18:49 |  17.3s | 1.0e-04 | 0.0151 | 0.9602 | 0.9637 | 0.9697 | 0.0186 | 0.9432 | 0.9529 | 0.9457
2624 | 14:19:18 |  26.4s | 1.0e-04 | 0.0156 | 0.9591 | 0.9617 | 0.9676 | 0.0202 | 0.9400 | 0.9483 | 0.9383
2625 | 14:19:55 |  17.1s | 1.0e-04 | 0.0156 | 0.9578 | 0.9626 | 0.9666 | 0.0181 | 0.9454 | 0.9532 | 0.9471
2626 | 14:20:24 |  16.6s | 1.0e-04 | 0.0155 | 0.9586 | 0.9615 | 0.9671 | 0.0183 | 0.9501 | 0.9465 | 0.9470
2627 | 14:20:51 |  16.8s | 1.0e-04 | 0.0156 | 0.9593 | 0.9618 | 0.9674 | 0.0198 | 0.9399 | 0.9555 | 0.9445
2628 | 14:21:19 |  17.2s | 1.0e-04 | 0.0155 | 0.9586 | 0.9616 | 0.9677 | 0.0184 | 0.9438 | 0.9507 | 0.9443
2629 | 14:21:47 |  17.2s | 1.0e-04 | 0.0153 | 0.9579 | 0.9625 | 0.9673 | 0.0202 | 0.9468 | 0.9472 | 0.9435
2630 | 14:22:16 |  16.9s | 1.0e-04 | 0.0155 | 0.9583 | 0.9616 | 0.9673 | 0.0195 | 0.9475 | 0.9463 | 0.9446
2631 | 14:22:44 |  16.8s | 1.0e-04 | 0.0158 | 0.9575 | 0.9623 | 0.9671 | 0.0192 | 0.9414 | 0.9496 | 0.9409
2632 | 14:23:12 |  16.7s | 1.0e-04 | 0.0158 | 0.9577 | 0.9587 | 0.9645 | 0.0192 | 0.9503 | 0.9464 | 0.9462
2633 | 14:23:39 |  17.0s | 1.0e-04 | 0.0152 | 0.9603 | 0.9615 | 0.9688 | 0.0204 | 0.9454 | 0.9421 | 0.9387
2634 | 14:24:07 |  16.7s | 1.0e-04 | 0.0162 | 0.9577 | 0.9609 | 0.9663 | 0.0191 | 0.9545 | 0.9372 | 0.9446
2635 | 14:24:35 |  16.7s | 1.0e-04 | 0.0156 | 0.9575 | 0.9625 | 0.9678 | 0.0199 | 0.9450 | 0.9438 | 0.9409
2636 | 14:25:03 |  16.8s | 1.0e-04 | 0.0156 | 0.9581 | 0.9621 | 0.9667 | 0.0189 | 0.9439 | 0.9503 | 0.9440
2637 | 14:25:31 |  16.8s | 1.0e-04 | 0.0151 | 0.9595 | 0.9619 | 0.9691 | 0.0188 | 0.9455 | 0.9491 | 0.9451
2638 | 14:25:58 |  17.0s | 1.0e-04 | 0.0154 | 0.9586 | 0.9596 | 0.9663 | 0.0192 | 0.9506 | 0.9427 | 0.9454
2639 | 14:26:26 |  16.6s | 1.0e-04 | 0.0159 | 0.9573 | 0.9613 | 0.9660 | 0.0189 | 0.9502 | 0.9520 | 0.9514
2640 | 14:26:54 |  16.7s | 1.0e-04 | 0.0154 | 0.9598 | 0.9624 | 0.9688 | 0.0188 | 0.9473 | 0.9453 | 0.9427
2641 | 14:27:22 |  25.1s | 1.0e-04 | 0.0154 | 0.9593 | 0.9633 | 0.9694 | 0.0194 | 0.9393 | 0.9482 | 0.9373
2642 | 14:27:58 |  16.6s | 1.0e-04 | 0.0161 | 0.9572 | 0.9599 | 0.9642 | 0.0188 | 0.9468 | 0.9392 | 0.9375
2643 | 14:28:26 |  16.3s | 1.0e-04 | 0.0160 | 0.9587 | 0.9610 | 0.9675 | 0.0186 | 0.9448 | 0.9507 | 0.9462
2644 | 14:28:53 |  16.4s | 1.0e-04 | 0.0164 | 0.9568 | 0.9598 | 0.9646 | 0.0192 | 0.9475 | 0.9523 | 0.9500
2645 | 14:29:21 |  24.6s | 1.0e-04 | 0.0157 | 0.9572 | 0.9606 | 0.9650 | 0.0190 | 0.9421 | 0.9535 | 0.9451
2646 | 14:29:56 |  28.4s | 1.0e-04 | 0.0156 | 0.9586 | 0.9622 | 0.9680 | 0.0187 | 0.9404 | 0.9520 | 0.9437
2647 | 14:30:36 |  16.7s | 1.0e-04 | 0.0157 | 0.9579 | 0.9599 | 0.9660 | 0.0202 | 0.9384 | 0.9492 | 0.9373
2648 | 14:31:04 |  16.8s | 1.0e-04 | 0.0154 | 0.9587 | 0.9608 | 0.9666 | 0.0190 | 0.9525 | 0.9431 | 0.9466
2649 | 14:31:31 |  16.8s | 1.0e-04 | 0.0158 | 0.9589 | 0.9602 | 0.9667 | 0.0192 | 0.9439 | 0.9473 | 0.9411
2650 | 14:31:59 |  16.8s | 1.0e-04 | 0.0156 | 0.9587 | 0.9594 | 0.9664 | 0.0200 | 0.9461 | 0.9464 | 0.9424
2651 | 14:32:27 |  16.6s | 1.0e-04 | 0.0153 | 0.9577 | 0.9598 | 0.9658 | 0.0186 | 0.9431 | 0.9526 | 0.9453
2652 | 14:32:55 |  16.9s | 1.0e-04 | 0.0157 | 0.9578 | 0.9604 | 0.9662 | 0.0194 | 0.9470 | 0.9404 | 0.9384
2653 | 14:33:23 |  16.5s | 1.0e-04 | 0.0156 | 0.9588 | 0.9600 | 0.9666 | 0.0191 | 0.9504 | 0.9445 | 0.9469
2654 | 14:33:50 |  16.6s | 1.0e-04 | 0.0150 | 0.9600 | 0.9615 | 0.9673 | 0.0201 | 0.9434 | 0.9533 | 0.9463
2655 | 14:34:18 |  16.4s | 1.0e-04 | 0.0150 | 0.9601 | 0.9624 | 0.9688 | 0.0188 | 0.9487 | 0.9460 | 0.9438
2656 | 14:34:45 |  16.5s | 1.0e-04 | 0.0154 | 0.9588 | 0.9604 | 0.9665 | 0.0196 | 0.9474 | 0.9457 | 0.9432
2657 | 14:35:13 |  16.4s | 1.0e-04 | 0.0152 | 0.9604 | 0.9610 | 0.9688 | 0.0192 | 0.9441 | 0.9482 | 0.9422
2658 | 14:35:41 |  16.5s | 1.0e-04 | 0.0156 | 0.9585 | 0.9610 | 0.9670 | 0.0195 | 0.9483 | 0.9443 | 0.9434
2659 | 14:36:08 |  16.8s | 1.0e-04 | 0.0152 | 0.9590 | 0.9592 | 0.9661 | 0.0183 | 0.9430 | 0.9549 | 0.9485
2660 | 14:36:36 |  16.6s | 1.0e-04 | 0.0160 | 0.9567 | 0.9593 | 0.9646 | 0.0179 | 0.9491 | 0.9549 | 0.9558
2661 | 14:37:04 |  17.1s | 1.0e-04 | 0.0154 | 0.9582 | 0.9623 | 0.9673 | 0.0205 | 0.9403 | 0.9463 | 0.9372
2662 | 14:37:32 |  25.9s | 1.0e-04 | 0.0154 | 0.9581 | 0.9617 | 0.9666 | 0.0193 | 0.9430 | 0.9472 | 0.9414
2663 | 14:38:09 |  16.9s | 1.0e-04 | 0.0140 | 0.9607 | 0.9639 | 0.9713 | 0.0188 | 0.9464 | 0.9482 | 0.9441
2664 | 14:38:36 |  16.7s | 1.0e-04 | 0.0148 | 0.9605 | 0.9627 | 0.9690 | 0.0201 | 0.9455 | 0.9499 | 0.9454
2665 | 14:39:04 |  16.6s | 1.0e-04 | 0.0148 | 0.9590 | 0.9632 | 0.9689 | 0.0200 | 0.9428 | 0.9462 | 0.9397
2666 | 14:39:31 |  25.7s | 1.0e-04 | 0.0152 | 0.9594 | 0.9642 | 0.9694 | 0.0192 | 0.9462 | 0.9507 | 0.9465
2667 | 14:40:08 |  27.2s | 1.0e-04 | 0.0153 | 0.9581 | 0.9629 | 0.9670 | 0.0190 | 0.9389 | 0.9514 | 0.9406
