Epoch | Time_Start | Duration | LR | T_Loss | T_Prec | T_Rec | T_P@R0.95 | V_Loss | V_Prec | V_Rec | V_P@R0.95
0001 | 20:57:45 |  38.6s | 1.0e-04 | 0.1204 | 0.7403 | 0.5775 | 0.2241 | 0.0800 | 0.8605 | 0.6684 | 0.3612
0002 | 20:58:37 |  31.0s | 1.0e-04 | 0.0759 | 0.8559 | 0.7326 | 0.4201 | 0.0755 | 0.8005 | 0.7899 | 0.4211
0003 | 20:59:21 |  31.4s | 1.0e-04 | 0.0701 | 0.8651 | 0.7613 | 0.4623 | 0.0667 | 0.8479 | 0.7668 | 0.4378
0004 | 21:00:05 |  31.4s | 1.0e-04 | 0.0624 | 0.8753 | 0.7901 | 0.5206 | 0.0598 | 0.8687 | 0.7862 | 0.4853
0005 | 21:00:49 |  31.0s | 1.0e-04 | 0.0576 | 0.8858 | 0.8104 | 0.5609 | 0.0573 | 0.9065 | 0.7757 | 0.5421
0006 | 21:01:33 |  31.2s | 1.0e-04 | 0.0547 | 0.8916 | 0.8231 | 0.5957 | 0.0537 | 0.9139 | 0.7962 | 0.5943
0007 | 21:02:17 |  31.3s | 1.0e-04 | 0.0529 | 0.8941 | 0.8356 | 0.6379 | 0.0513 | 0.8762 | 0.8362 | 0.6084
0008 | 21:03:01 |  38.6s | 1.0e-04 | 0.0498 | 0.8971 | 0.8428 | 0.6624 | 0.0477 | 0.8841 | 0.8474 | 0.6649
0009 | 21:03:53 |  30.9s | 1.0e-04 | 0.0482 | 0.9029 | 0.8547 | 0.7074 | 0.0470 | 0.8905 | 0.8424 | 0.6887
0010 | 21:04:37 |  30.9s | 1.0e-04 | 0.0460 | 0.9050 | 0.8626 | 0.7347 | 0.0459 | 0.8992 | 0.8396 | 0.7094
0011 | 21:05:21 |  30.7s | 1.0e-04 | 0.0444 | 0.9061 | 0.8664 | 0.7496 | 0.0445 | 0.9074 | 0.8372 | 0.7174
0012 | 21:06:04 |  31.3s | 1.0e-04 | 0.0437 | 0.9060 | 0.8693 | 0.7659 | 0.0445 | 0.8839 | 0.8683 | 0.7320
0013 | 21:06:48 |  31.5s | 1.0e-04 | 0.0423 | 0.9083 | 0.8751 | 0.7801 | 0.0412 | 0.9096 | 0.8515 | 0.7534
0014 | 21:07:33 |  31.0s | 1.0e-04 | 0.0417 | 0.9096 | 0.8745 | 0.7818 | 0.0420 | 0.8840 | 0.8774 | 0.7551
0015 | 21:08:16 |  30.7s | 1.0e-04 | 0.0399 | 0.9109 | 0.8792 | 0.7945 | 0.0420 | 0.8799 | 0.8938 | 0.7805
0016 | 21:09:00 |  39.8s | 1.0e-04 | 0.0387 | 0.9134 | 0.8824 | 0.8011 | 0.0429 | 0.8574 | 0.9003 | 0.7629
0017 | 21:09:53 |  32.1s | 1.0e-04 | 0.0378 | 0.9111 | 0.8810 | 0.7993 | 0.0399 | 0.9189 | 0.8346 | 0.7644
0018 | 21:10:38 |  31.4s | 1.0e-04 | 0.0367 | 0.9137 | 0.8847 | 0.8112 | 0.0386 | 0.8844 | 0.8844 | 0.7728
0019 | 21:11:22 |  31.4s | 1.0e-04 | 0.0357 | 0.9151 | 0.8890 | 0.8184 | 0.0392 | 0.9092 | 0.8679 | 0.7847
0020 | 21:12:06 |  31.4s | 1.0e-04 | 0.0356 | 0.9157 | 0.8884 | 0.8210 | 0.0393 | 0.8855 | 0.8841 | 0.7671
0021 | 21:12:51 |  31.7s | 1.0e-04 | 0.0347 | 0.9166 | 0.8899 | 0.8267 | 0.0389 | 0.8979 | 0.8679 | 0.7635
0022 | 21:13:36 |  31.7s | 1.0e-04 | 0.0344 | 0.9196 | 0.8947 | 0.8363 | 0.0375 | 0.8929 | 0.8885 | 0.7883
0023 | 21:14:20 |  31.8s | 1.0e-04 | 0.0340 | 0.9185 | 0.8932 | 0.8371 | 0.0387 | 0.9019 | 0.8846 | 0.8002
0024 | 21:15:05 |  40.8s | 1.0e-04 | 0.0366 | 0.9197 | 0.8988 | 0.8452 | 0.0370 | 0.8844 | 0.9102 | 0.8087
0025 | 21:15:58 |  31.0s | 1.0e-04 | 0.0346 | 0.9191 | 0.8995 | 0.8487 | 0.0346 | 0.9053 | 0.8890 | 0.8129
0026 | 21:16:42 |  30.8s | 1.0e-04 | 0.0337 | 0.9215 | 0.9018 | 0.8537 | 0.0334 | 0.8995 | 0.9018 | 0.8223
0027 | 21:17:26 |  31.2s | 1.0e-04 | 0.0336 | 0.9207 | 0.9033 | 0.8565 | 0.0331 | 0.9226 | 0.8749 | 0.8269
0028 | 21:18:10 |  31.2s | 1.0e-04 | 0.0334 | 0.9220 | 0.9029 | 0.8576 | 0.0335 | 0.9324 | 0.8665 | 0.8312
0029 | 21:18:54 |  31.2s | 1.0e-04 | 0.0328 | 0.9213 | 0.9052 | 0.8612 | 0.0332 | 0.9229 | 0.8816 | 0.8304
0030 | 21:19:39 |  30.9s | 1.0e-04 | 0.0320 | 0.9230 | 0.9069 | 0.8652 | 0.0333 | 0.9316 | 0.8733 | 0.8383
0031 | 21:20:22 |  31.0s | 1.0e-04 | 0.0326 | 0.9225 | 0.9068 | 0.8667 | 0.0331 | 0.9334 | 0.8751 | 0.8479
0032 | 21:21:06 |  41.2s | 1.0e-04 | 0.0312 | 0.9273 | 0.9125 | 0.8792 | 0.0334 | 0.9026 | 0.9054 | 0.8326
0033 | 21:22:00 |  30.5s | 1.0e-04 | 0.0313 | 0.9279 | 0.9149 | 0.8838 | 0.0326 | 0.8937 | 0.9072 | 0.8239
0034 | 21:22:44 |  31.1s | 1.0e-04 | 0.0311 | 0.9276 | 0.9138 | 0.8821 | 0.0331 | 0.9259 | 0.8847 | 0.8431
0035 | 21:23:28 |  30.5s | 1.0e-04 | 0.0307 | 0.9290 | 0.9154 | 0.8847 | 0.0327 | 0.9016 | 0.9131 | 0.8436
0036 | 21:24:11 |  31.0s | 1.0e-04 | 0.0303 | 0.9299 | 0.9182 | 0.8914 | 0.0327 | 0.9239 | 0.8905 | 0.8451
0037 | 21:24:55 |  31.0s | 1.0e-04 | 0.0301 | 0.9291 | 0.9179 | 0.8893 | 0.0311 | 0.9143 | 0.9011 | 0.8452
0038 | 21:25:39 |  30.9s | 1.0e-04 | 0.0302 | 0.9298 | 0.9178 | 0.8902 | 0.0325 | 0.9017 | 0.9124 | 0.8419
0039 | 21:26:22 |  30.6s | 1.0e-04 | 0.0299 | 0.9294 | 0.9188 | 0.8914 | 0.0309 | 0.9189 | 0.8932 | 0.8439
0040 | 21:27:06 |  39.1s | 1.0e-04 | 0.0306 | 0.9305 | 0.9201 | 0.8943 | 0.0326 | 0.8928 | 0.9225 | 0.8468
0041 | 21:27:58 |  30.4s | 1.0e-04 | 0.0307 | 0.9291 | 0.9182 | 0.8906 | 0.0321 | 0.9250 | 0.8806 | 0.8350
0042 | 21:28:41 |  30.3s | 1.0e-04 | 0.0301 | 0.9310 | 0.9199 | 0.8937 | 0.0307 | 0.9096 | 0.9176 | 0.8605
0043 | 21:29:25 |  30.7s | 1.0e-04 | 0.0297 | 0.9318 | 0.9213 | 0.8982 | 0.0320 | 0.9063 | 0.9112 | 0.8425
0044 | 21:30:08 |  30.4s | 1.0e-04 | 0.0298 | 0.9312 | 0.9218 | 0.8974 | 0.0311 | 0.9220 | 0.8934 | 0.8481
0045 | 21:30:51 |  30.3s | 1.0e-04 | 0.0295 | 0.9312 | 0.9212 | 0.8952 | 0.0311 | 0.9237 | 0.8945 | 0.8476
0046 | 21:31:34 |  30.5s | 1.0e-04 | 0.0293 | 0.9329 | 0.9226 | 0.9004 | 0.0318 | 0.9397 | 0.8747 | 0.8562
0047 | 21:32:18 |  41.6s | 1.0e-04 | 0.0293 | 0.9321 | 0.9212 | 0.8960 | 0.0311 | 0.9310 | 0.8891 | 0.8523
0048 | 21:33:12 |  30.7s | 1.0e-04 | 0.0275 | 0.9317 | 0.9194 | 0.8947 | 0.0311 | 0.9391 | 0.8827 | 0.8623
0049 | 21:33:56 |  30.8s | 1.0e-04 | 0.0274 | 0.9311 | 0.9193 | 0.8928 | 0.0296 | 0.9280 | 0.8896 | 0.8528
0050 | 21:34:40 |  30.5s | 1.0e-04 | 0.0270 | 0.9330 | 0.9220 | 0.8987 | 0.0297 | 0.9384 | 0.8827 | 0.8615
0051 | 21:35:23 |  30.6s | 1.0e-04 | 0.0272 | 0.9323 | 0.9205 | 0.8962 | 0.0309 | 0.9248 | 0.9051 | 0.8675
0052 | 21:36:06 |  30.6s | 1.0e-04 | 0.0269 | 0.9330 | 0.9234 | 0.9020 | 0.0315 | 0.9147 | 0.9045 | 0.8492
0053 | 21:36:50 |  30.7s | 1.0e-04 | 0.0269 | 0.9326 | 0.9199 | 0.8959 | 0.0303 | 0.9186 | 0.9104 | 0.8625
0054 | 21:37:33 |  31.3s | 1.0e-04 | 0.0272 | 0.9334 | 0.9226 | 0.9012 | 0.0293 | 0.9094 | 0.9214 | 0.8679
0055 | 21:38:18 |  40.0s | 1.0e-04 | 0.0269 | 0.9325 | 0.9231 | 0.8992 | 0.0318 | 0.8949 | 0.9280 | 0.8571
0056 | 21:39:10 |  31.1s | 1.0e-04 | 0.0274 | 0.9345 | 0.9259 | 0.9077 | 0.0309 | 0.9135 | 0.9044 | 0.8491
0057 | 21:39:54 |  31.0s | 1.0e-04 | 0.0272 | 0.9352 | 0.9259 | 0.9072 | 0.0294 | 0.9187 | 0.9087 | 0.8616
0058 | 21:40:38 |  31.0s | 1.0e-04 | 0.0268 | 0.9359 | 0.9266 | 0.9087 | 0.0286 | 0.9208 | 0.9107 | 0.8698
0059 | 21:41:22 |  31.0s | 1.0e-04 | 0.0270 | 0.9357 | 0.9285 | 0.9103 | 0.0288 | 0.9254 | 0.9088 | 0.8766
0060 | 21:42:06 |  31.2s | 1.0e-04 | 0.0270 | 0.9345 | 0.9274 | 0.9085 | 0.0291 | 0.9239 | 0.9122 | 0.8704
0061 | 21:42:50 |  31.3s | 1.0e-04 | 0.0270 | 0.9342 | 0.9263 | 0.9075 | 0.0289 | 0.9279 | 0.9067 | 0.8730
0062 | 21:43:34 |  31.0s | 1.0e-04 | 0.0271 | 0.9346 | 0.9270 | 0.9081 | 0.0294 | 0.9251 | 0.9052 | 0.8635
0063 | 21:44:18 |  39.9s | 1.0e-04 | 0.0265 | 0.9349 | 0.9267 | 0.9082 | 0.0298 | 0.9080 | 0.9203 | 0.8631
0064 | 21:45:11 |  30.8s | 1.0e-04 | 0.0257 | 0.9363 | 0.9277 | 0.9107 | 0.0301 | 0.9339 | 0.8932 | 0.8680
0065 | 21:45:54 |  31.0s | 1.0e-04 | 0.0260 | 0.9350 | 0.9268 | 0.9084 | 0.0298 | 0.9347 | 0.8933 | 0.8695
0066 | 21:46:38 |  31.3s | 1.0e-04 | 0.0259 | 0.9344 | 0.9265 | 0.9060 | 0.0295 | 0.9201 | 0.9070 | 0.8646
0067 | 21:47:23 |  30.8s | 1.0e-04 | 0.0254 | 0.9364 | 0.9281 | 0.9114 | 0.0287 | 0.9326 | 0.9029 | 0.8777
0068 | 21:48:06 |  30.8s | 1.0e-04 | 0.0260 | 0.9347 | 0.9269 | 0.9076 | 0.0294 | 0.9397 | 0.8880 | 0.8704
0069 | 21:48:50 |  30.8s | 1.0e-04 | 0.0253 | 0.9363 | 0.9276 | 0.9103 | 0.0280 | 0.9085 | 0.9275 | 0.8732
0070 | 21:49:34 |  31.1s | 1.0e-04 | 0.0255 | 0.9355 | 0.9288 | 0.9108 | 0.0295 | 0.9174 | 0.9191 | 0.8717
0071 | 21:50:18 |  40.6s | 1.0e-04 | 0.0254 | 0.9357 | 0.9280 | 0.9102 | 0.0286 | 0.9196 | 0.9140 | 0.8674
0072 | 21:51:12 |  30.2s | 1.0e-04 | 0.0252 | 0.9363 | 0.9265 | 0.9103 | 0.0302 | 0.9393 | 0.8880 | 0.8745
0073 | 21:51:55 |  30.2s | 1.0e-04 | 0.0247 | 0.9365 | 0.9284 | 0.9124 | 0.0279 | 0.9262 | 0.9099 | 0.8743
0074 | 21:52:38 |  30.7s | 1.0e-04 | 0.0246 | 0.9364 | 0.9273 | 0.9105 | 0.0286 | 0.9312 | 0.9036 | 0.8724
0075 | 21:53:22 |  30.4s | 1.0e-04 | 0.0245 | 0.9373 | 0.9281 | 0.9130 | 0.0280 | 0.9285 | 0.9139 | 0.8798
0076 | 21:54:05 |  30.4s | 1.0e-04 | 0.0246 | 0.9371 | 0.9301 | 0.9133 | 0.0290 | 0.9127 | 0.9186 | 0.8630
0077 | 21:54:49 |  30.2s | 1.0e-04 | 0.0247 | 0.9371 | 0.9260 | 0.9089 | 0.0279 | 0.9309 | 0.9065 | 0.8778
0078 | 21:55:32 |  30.0s | 1.0e-04 | 0.0247 | 0.9364 | 0.9291 | 0.9130 | 0.0285 | 0.9302 | 0.9110 | 0.8825
0079 | 21:56:15 |  40.0s | 1.0e-04 | 0.0245 | 0.9381 | 0.9325 | 0.9187 | 0.0268 | 0.9272 | 0.9164 | 0.8840
0080 | 21:57:08 |  30.6s | 1.0e-04 | 0.0247 | 0.9379 | 0.9316 | 0.9172 | 0.0279 | 0.9291 | 0.9070 | 0.8748
0081 | 21:57:52 |  30.6s | 1.0e-04 | 0.0248 | 0.9373 | 0.9315 | 0.9174 | 0.0286 | 0.9285 | 0.9085 | 0.8753
0082 | 21:58:36 |  30.6s | 1.0e-04 | 0.0244 | 0.9386 | 0.9309 | 0.9171 | 0.0285 | 0.9079 | 0.9335 | 0.8810
0083 | 21:59:19 |  30.9s | 1.0e-04 | 0.0248 | 0.9384 | 0.9322 | 0.9187 | 0.0273 | 0.9245 | 0.9174 | 0.8819
0084 | 22:00:04 |  30.5s | 1.0e-04 | 0.0244 | 0.9384 | 0.9314 | 0.9182 | 0.0278 | 0.9265 | 0.9138 | 0.8777
0085 | 22:00:47 |  30.8s | 1.0e-04 | 0.0245 | 0.9386 | 0.9312 | 0.9186 | 0.0298 | 0.8976 | 0.9425 | 0.8847
0086 | 22:01:31 |  44.9s | 1.0e-04 | 0.0243 | 0.9385 | 0.9336 | 0.9204 | 0.0273 | 0.9276 | 0.9172 | 0.8882
0087 | 22:02:29 |  31.3s | 1.0e-04 | 0.0250 | 0.9365 | 0.9299 | 0.9125 | 0.0274 | 0.9329 | 0.9112 | 0.8863
0088 | 22:03:14 |  31.2s | 1.0e-04 | 0.0251 | 0.9360 | 0.9294 | 0.9127 | 0.0294 | 0.9208 | 0.9186 | 0.8825
0089 | 22:03:58 |  31.1s | 1.0e-04 | 0.0250 | 0.9366 | 0.9306 | 0.9156 | 0.0270 | 0.9318 | 0.9088 | 0.8812
0090 | 22:04:42 |  31.4s | 1.0e-04 | 0.0245 | 0.9373 | 0.9339 | 0.9197 | 0.0273 | 0.9309 | 0.9032 | 0.8801
0091 | 22:05:27 |  30.9s | 1.0e-04 | 0.0243 | 0.9372 | 0.9335 | 0.9202 | 0.0274 | 0.9085 | 0.9374 | 0.8895
0092 | 22:06:11 |  31.3s | 1.0e-04 | 0.0244 | 0.9386 | 0.9327 | 0.9189 | 0.0288 | 0.9261 | 0.9058 | 0.8703
0093 | 22:06:56 |  31.0s | 1.0e-04 | 0.0243 | 0.9382 | 0.9331 | 0.9192 | 0.0275 | 0.9206 | 0.9281 | 0.8921
0094 | 22:07:40 |  39.3s | 1.0e-04 | 0.0240 | 0.9372 | 0.9341 | 0.9196 | 0.0273 | 0.9358 | 0.9044 | 0.8848
0095 | 22:08:33 |  30.7s | 1.0e-04 | 0.0232 | 0.9405 | 0.9347 | 0.9236 | 0.0273 | 0.9311 | 0.9134 | 0.8886
0096 | 22:09:16 |  30.9s | 1.0e-04 | 0.0228 | 0.9410 | 0.9355 | 0.9253 | 0.0272 | 0.9257 | 0.9216 | 0.8875
0097 | 22:10:01 |  31.0s | 1.0e-04 | 0.0229 | 0.9402 | 0.9360 | 0.9241 | 0.0273 | 0.9242 | 0.9166 | 0.8773
0098 | 22:10:45 |  31.2s | 1.0e-04 | 0.0232 | 0.9406 | 0.9355 | 0.9246 | 0.0270 | 0.9393 | 0.9024 | 0.8892
0099 | 22:11:29 |  30.6s | 1.0e-04 | 0.0230 | 0.9396 | 0.9348 | 0.9234 | 0.0276 | 0.9374 | 0.8976 | 0.8777
0100 | 22:12:13 |  31.2s | 1.0e-04 | 0.0226 | 0.9414 | 0.9361 | 0.9271 | 0.0267 | 0.9218 | 0.9289 | 0.8922
0101 | 22:12:57 |  30.6s | 1.0e-04 | 0.0230 | 0.9404 | 0.9358 | 0.9248 | 0.0267 | 0.9169 | 0.9306 | 0.8885
0102 | 22:13:41 |  42.9s | 1.0e-04 | 0.0240 | 0.9405 | 0.9368 | 0.9258 | 0.0267 | 0.9046 | 0.9443 | 0.8935
0103 | 22:14:37 |  30.5s | 1.0e-04 | 0.0251 | 0.9409 | 0.9380 | 0.9285 | 0.0274 | 0.9175 | 0.9308 | 0.8931
0104 | 22:15:21 |  30.3s | 1.0e-04 | 0.0255 | 0.9406 | 0.9378 | 0.9270 | 0.0264 | 0.9255 | 0.9205 | 0.8882
0105 | 22:16:05 |  30.3s | 1.0e-04 | 0.0246 | 0.9410 | 0.9396 | 0.9297 | 0.0270 | 0.9074 | 0.9361 | 0.8861
0106 | 22:16:48 |  30.7s | 1.0e-04 | 0.0249 | 0.9413 | 0.9389 | 0.9297 | 0.0258 | 0.9242 | 0.9227 | 0.8931
0107 | 22:17:32 |  30.7s | 1.0e-04 | 0.0248 | 0.9406 | 0.9383 | 0.9287 | 0.0270 | 0.9347 | 0.9205 | 0.9014
0108 | 22:18:16 |  30.6s | 1.0e-04 | 0.0245 | 0.9416 | 0.9396 | 0.9300 | 0.0259 | 0.9385 | 0.9038 | 0.8844
0109 | 22:19:00 |  30.2s | 1.0e-04 | 0.0248 | 0.9415 | 0.9384 | 0.9295 | 0.0269 | 0.9330 | 0.9102 | 0.8881
0110 | 22:19:43 |  41.7s | 1.0e-04 | 0.0234 | 0.9430 | 0.9404 | 0.9339 | 0.0267 | 0.9213 | 0.9213 | 0.8856
0111 | 22:20:38 |  30.7s | 1.0e-04 | 0.0229 | 0.9423 | 0.9399 | 0.9323 | 0.0258 | 0.9193 | 0.9292 | 0.8929
0112 | 22:21:22 |  30.3s | 1.0e-04 | 0.0226 | 0.9427 | 0.9417 | 0.9344 | 0.0272 | 0.9079 | 0.9393 | 0.8912
0113 | 22:22:06 |  30.3s | 1.0e-04 | 0.0227 | 0.9424 | 0.9411 | 0.9333 | 0.0267 | 0.9251 | 0.9239 | 0.8939
0114 | 22:22:49 |  30.6s | 1.0e-04 | 0.0226 | 0.9428 | 0.9411 | 0.9334 | 0.0256 | 0.9278 | 0.9260 | 0.8984
0115 | 22:23:33 |  30.7s | 1.0e-04 | 0.0224 | 0.9437 | 0.9412 | 0.9353 | 0.0264 | 0.9318 | 0.9062 | 0.8802
0116 | 22:24:17 |  30.5s | 1.0e-04 | 0.0221 | 0.9438 | 0.9425 | 0.9368 | 0.0265 | 0.9203 | 0.9310 | 0.8941
0117 | 22:25:01 |  30.7s | 1.0e-04 | 0.0220 | 0.9444 | 0.9421 | 0.9361 | 0.0267 | 0.9380 | 0.9109 | 0.8941
0118 | 22:25:44 |  39.2s | 1.0e-04 | 0.0219 | 0.9423 | 0.9396 | 0.9316 | 0.0255 | 0.9309 | 0.9220 | 0.8983
0119 | 22:26:37 |  31.3s | 1.0e-04 | 0.0218 | 0.9420 | 0.9382 | 0.9308 | 0.0260 | 0.9281 | 0.9274 | 0.8994
0120 | 22:27:21 |  31.4s | 1.0e-04 | 0.0222 | 0.9430 | 0.9379 | 0.9311 | 0.0273 | 0.9056 | 0.9369 | 0.8866
0121 | 22:28:06 |  31.6s | 1.0e-04 | 0.0218 | 0.9417 | 0.9402 | 0.9309 | 0.0263 | 0.9227 | 0.9317 | 0.8978
0122 | 22:28:50 |  31.6s | 1.0e-04 | 0.0219 | 0.9420 | 0.9389 | 0.9305 | 0.0261 | 0.9223 | 0.9331 | 0.9003
0123 | 22:29:35 |  31.5s | 1.0e-04 | 0.0217 | 0.9422 | 0.9406 | 0.9330 | 0.0255 | 0.9340 | 0.9224 | 0.9019
0124 | 22:30:19 |  31.5s | 1.0e-04 | 0.0219 | 0.9419 | 0.9391 | 0.9305 | 0.0270 | 0.9306 | 0.9179 | 0.8966
0125 | 22:31:04 |  31.4s | 1.0e-04 | 0.0216 | 0.9429 | 0.9402 | 0.9332 | 0.0250 | 0.9214 | 0.9399 | 0.9076
0126 | 22:31:51 |  30.7s | 1.0e-04 | 0.0230 | 0.9433 | 0.9406 | 0.9336 | 0.0264 | 0.9318 | 0.9183 | 0.8941
0127 | 22:32:35 |  30.9s | 1.0e-04 | 0.0236 | 0.9423 | 0.9413 | 0.9332 | 0.0255 | 0.9311 | 0.9205 | 0.8970
0128 | 22:33:19 |  31.3s | 1.0e-04 | 0.0232 | 0.9431 | 0.9415 | 0.9349 | 0.0257 | 0.9263 | 0.9331 | 0.9047
0129 | 22:34:03 |  30.7s | 1.0e-04 | 0.0228 | 0.9439 | 0.9420 | 0.9362 | 0.0255 | 0.9378 | 0.9183 | 0.9049
0130 | 22:34:47 |  31.0s | 1.0e-04 | 0.0231 | 0.9431 | 0.9406 | 0.9335 | 0.0260 | 0.9259 | 0.9308 | 0.9013
0131 | 22:35:31 |  30.7s | 1.0e-04 | 0.0228 | 0.9439 | 0.9410 | 0.9343 | 0.0256 | 0.9366 | 0.9075 | 0.8908
0132 | 22:36:14 |  31.2s | 1.0e-04 | 0.0225 | 0.9447 | 0.9411 | 0.9360 | 0.0253 | 0.9264 | 0.9278 | 0.8955
0133 | 22:36:58 |  41.4s | 1.0e-04 | 0.0229 | 0.9427 | 0.9418 | 0.9345 | 0.0253 | 0.9307 | 0.9253 | 0.8984
0134 | 22:37:53 |  31.4s | 1.0e-04 | 0.0228 | 0.9410 | 0.9392 | 0.9309 | 0.0252 | 0.9333 | 0.9245 | 0.9024
0135 | 22:38:37 |  31.7s | 1.0e-04 | 0.0227 | 0.9422 | 0.9394 | 0.9314 | 0.0252 | 0.9345 | 0.9228 | 0.9026
0136 | 22:39:22 |  31.5s | 1.0e-04 | 0.0230 | 0.9414 | 0.9380 | 0.9290 | 0.0252 | 0.9357 | 0.9191 | 0.8995
0137 | 22:40:06 |  31.6s | 1.0e-04 | 0.0225 | 0.9419 | 0.9400 | 0.9319 | 0.0245 | 0.9276 | 0.9353 | 0.9070
0138 | 22:40:51 |  31.2s | 1.0e-04 | 0.0223 | 0.9431 | 0.9398 | 0.9330 | 0.0259 | 0.9269 | 0.9290 | 0.9017
0139 | 22:41:35 |  31.1s | 1.0e-04 | 0.0223 | 0.9412 | 0.9390 | 0.9313 | 0.0253 | 0.9236 | 0.9364 | 0.9060
0140 | 22:42:19 |  32.3s | 1.0e-04 | 0.0223 | 0.9421 | 0.9406 | 0.9323 | 0.0253 | 0.9285 | 0.9311 | 0.9062
0141 | 22:43:04 |  44.2s | 1.0e-04 | 0.0226 | 0.9436 | 0.9411 | 0.9343 | 0.0249 | 0.9318 | 0.9298 | 0.9091
0142 | 22:44:01 |  30.5s | 1.0e-04 | 0.0227 | 0.9442 | 0.9433 | 0.9379 | 0.0259 | 0.9270 | 0.9251 | 0.8953
0143 | 22:44:45 |  30.6s | 1.0e-04 | 0.0225 | 0.9441 | 0.9432 | 0.9375 | 0.0255 | 0.9239 | 0.9323 | 0.9024
0144 | 22:45:28 |  30.6s | 1.0e-04 | 0.0226 | 0.9440 | 0.9437 | 0.9381 | 0.0241 | 0.9349 | 0.9295 | 0.9123
0145 | 22:46:12 |  30.5s | 1.0e-04 | 0.0227 | 0.9440 | 0.9416 | 0.9362 | 0.0265 | 0.9178 | 0.9345 | 0.8920
0146 | 22:46:55 |  30.9s | 1.0e-04 | 0.0225 | 0.9438 | 0.9434 | 0.9375 | 0.0249 | 0.9320 | 0.9294 | 0.9065
0147 | 22:47:39 |  30.6s | 1.0e-04 | 0.0222 | 0.9448 | 0.9449 | 0.9401 | 0.0249 | 0.9348 | 0.9187 | 0.8975
0148 | 22:48:23 |  30.8s | 1.0e-04 | 0.0223 | 0.9449 | 0.9439 | 0.9388 | 0.0248 | 0.9392 | 0.9170 | 0.9052
0149 | 22:49:06 |  39.9s | 1.0e-04 | 0.0221 | 0.9442 | 0.9424 | 0.9367 | 0.0256 | 0.9365 | 0.9213 | 0.9035
0150 | 22:49:59 |  31.3s | 1.0e-04 | 0.0216 | 0.9430 | 0.9404 | 0.9332 | 0.0251 | 0.9328 | 0.9224 | 0.9028
0151 | 22:50:43 |  31.3s | 1.0e-04 | 0.0212 | 0.9437 | 0.9417 | 0.9356 | 0.0246 | 0.9336 | 0.9278 | 0.9091
0152 | 22:51:27 |  31.4s | 1.0e-04 | 0.0213 | 0.9443 | 0.9422 | 0.9363 | 0.0252 | 0.9204 | 0.9401 | 0.9072
0153 | 22:52:12 |  31.1s | 1.0e-04 | 0.0213 | 0.9434 | 0.9422 | 0.9360 | 0.0252 | 0.9218 | 0.9387 | 0.9065
0154 | 22:52:56 |  31.1s | 1.0e-04 | 0.0213 | 0.9442 | 0.9430 | 0.9373 | 0.0253 | 0.9155 | 0.9386 | 0.8996
0155 | 22:53:40 |  31.6s | 1.0e-04 | 0.0212 | 0.9439 | 0.9431 | 0.9369 | 0.0250 | 0.9331 | 0.9243 | 0.9056
0156 | 22:54:24 |  31.1s | 1.0e-04 | 0.0211 | 0.9454 | 0.9423 | 0.9375 | 0.0260 | 0.9351 | 0.9205 | 0.9024
0157 | 22:55:08 |  41.8s | 1.0e-04 | 0.0213 | 0.9439 | 0.9438 | 0.9378 | 0.0256 | 0.9173 | 0.9442 | 0.9100
0158 | 22:56:03 |  30.7s | 1.0e-04 | 0.0216 | 0.9441 | 0.9432 | 0.9373 | 0.0256 | 0.9270 | 0.9327 | 0.9041
0159 | 22:56:46 |  30.7s | 1.0e-04 | 0.0216 | 0.9443 | 0.9434 | 0.9376 | 0.0249 | 0.9321 | 0.9279 | 0.9087
0160 | 22:57:30 |  31.3s | 1.0e-04 | 0.0215 | 0.9443 | 0.9422 | 0.9366 | 0.0255 | 0.9215 | 0.9354 | 0.9001
0161 | 22:58:14 |  30.9s | 1.0e-04 | 0.0214 | 0.9447 | 0.9438 | 0.9388 | 0.0247 | 0.9231 | 0.9370 | 0.9068
0162 | 22:58:58 |  31.4s | 1.0e-04 | 0.0218 | 0.9443 | 0.9427 | 0.9366 | 0.0247 | 0.9239 | 0.9369 | 0.9067
0163 | 22:59:42 |  31.1s | 1.0e-04 | 0.0210 | 0.9445 | 0.9437 | 0.9390 | 0.0250 | 0.9226 | 0.9346 | 0.9040
0164 | 23:00:26 |  31.1s | 1.0e-04 | 0.0212 | 0.9450 | 0.9443 | 0.9393 | 0.0255 | 0.9211 | 0.9337 | 0.8994
0165 | 23:01:10 |  47.4s | 1.0e-04 | 0.0216 | 0.9448 | 0.9449 | 0.9394 | 0.0251 | 0.9244 | 0.9371 | 0.9079
0166 | 23:02:10 |  31.0s | 1.0e-04 | 0.0215 | 0.9446 | 0.9427 | 0.9377 | 0.0252 | 0.9188 | 0.9399 | 0.9038
0167 | 23:02:54 |  30.8s | 1.0e-04 | 0.0215 | 0.9449 | 0.9427 | 0.9377 | 0.0245 | 0.9262 | 0.9416 | 0.9147
0168 | 23:03:38 |  30.8s | 1.0e-04 | 0.0216 | 0.9444 | 0.9434 | 0.9375 | 0.0244 | 0.9376 | 0.9215 | 0.9080
0169 | 23:04:21 |  31.1s | 1.0e-04 | 0.0217 | 0.9449 | 0.9434 | 0.9380 | 0.0250 | 0.9417 | 0.9151 | 0.9094
0170 | 23:05:05 |  31.2s | 1.0e-04 | 0.0214 | 0.9445 | 0.9440 | 0.9385 | 0.0241 | 0.9380 | 0.9258 | 0.9108
0171 | 23:05:49 |  30.8s | 1.0e-04 | 0.0215 | 0.9444 | 0.9422 | 0.9368 | 0.0241 | 0.9318 | 0.9340 | 0.9133
0172 | 23:06:33 |  41.5s | 1.0e-04 | 0.0219 | 0.9434 | 0.9429 | 0.9364 | 0.0247 | 0.9334 | 0.9236 | 0.9051
0173 | 23:07:27 |  31.0s | 1.0e-04 | 0.0235 | 0.9435 | 0.9419 | 0.9356 | 0.0251 | 0.9219 | 0.9380 | 0.9059
0174 | 23:08:11 |  30.8s | 1.0e-04 | 0.0232 | 0.9436 | 0.9409 | 0.9346 | 0.0236 | 0.9393 | 0.9234 | 0.9096
0175 | 23:08:55 |  31.0s | 1.0e-04 | 0.0232 | 0.9430 | 0.9414 | 0.9348 | 0.0253 | 0.9224 | 0.9378 | 0.9080
0176 | 23:09:39 |  31.0s | 1.0e-04 | 0.0234 | 0.9420 | 0.9429 | 0.9352 | 0.0233 | 0.9290 | 0.9402 | 0.9172
0177 | 23:10:23 |  30.6s | 1.0e-04 | 0.0231 | 0.9432 | 0.9436 | 0.9370 | 0.0245 | 0.9356 | 0.9295 | 0.9124
0178 | 23:11:06 |  31.3s | 1.0e-04 | 0.0229 | 0.9442 | 0.9426 | 0.9373 | 0.0238 | 0.9300 | 0.9342 | 0.9096
0179 | 23:11:50 |  31.1s | 1.0e-04 | 0.0232 | 0.9437 | 0.9430 | 0.9372 | 0.0246 | 0.9325 | 0.9311 | 0.9106
0180 | 23:12:34 |  43.2s | 1.0e-04 | 0.0227 | 0.9433 | 0.9422 | 0.9360 | 0.0251 | 0.9180 | 0.9443 | 0.9112
0181 | 23:13:30 |  31.2s | 1.0e-04 | 0.0203 | 0.9468 | 0.9451 | 0.9419 | 0.0248 | 0.9172 | 0.9391 | 0.9028
0182 | 23:14:14 |  31.2s | 1.0e-04 | 0.0205 | 0.9450 | 0.9446 | 0.9399 | 0.0243 | 0.9269 | 0.9423 | 0.9174
0183 | 23:14:58 |  31.5s | 1.0e-04 | 0.0204 | 0.9457 | 0.9455 | 0.9415 | 0.0237 | 0.9224 | 0.9411 | 0.9107
0184 | 23:15:43 |  31.3s | 1.0e-04 | 0.0208 | 0.9448 | 0.9433 | 0.9380 | 0.0244 | 0.9176 | 0.9435 | 0.9089
0185 | 23:16:27 |  31.3s | 1.0e-04 | 0.0201 | 0.9465 | 0.9449 | 0.9412 | 0.0242 | 0.9374 | 0.9270 | 0.9142
0186 | 23:17:11 |  31.1s | 1.0e-04 | 0.0201 | 0.9464 | 0.9455 | 0.9422 | 0.0253 | 0.9244 | 0.9339 | 0.9060
0187 | 23:17:55 |  31.0s | 1.0e-04 | 0.0204 | 0.9446 | 0.9428 | 0.9377 | 0.0254 | 0.9496 | 0.9083 | 0.9120
0188 | 23:18:39 |  41.1s | 1.0e-04 | 0.0214 | 0.9455 | 0.9442 | 0.9398 | 0.0254 | 0.9481 | 0.9037 | 0.9059
0189 | 23:19:33 |  30.9s | 1.0e-04 | 0.0222 | 0.9457 | 0.9457 | 0.9419 | 0.0243 | 0.9284 | 0.9338 | 0.9097
0190 | 23:20:16 |  30.9s | 1.0e-04 | 0.0220 | 0.9471 | 0.9466 | 0.9441 | 0.0240 | 0.9359 | 0.9213 | 0.9081
0191 | 23:21:00 |  30.9s | 1.0e-04 | 0.0221 | 0.9467 | 0.9468 | 0.9435 | 0.0235 | 0.9348 | 0.9324 | 0.9161
0192 | 23:21:44 |  30.8s | 1.0e-04 | 0.0220 | 0.9468 | 0.9467 | 0.9438 | 0.0241 | 0.9348 | 0.9326 | 0.9170
0193 | 23:22:27 |  30.8s | 1.0e-04 | 0.0217 | 0.9465 | 0.9461 | 0.9433 | 0.0240 | 0.9368 | 0.9294 | 0.9157
0194 | 23:23:11 |  30.7s | 1.0e-04 | 0.0219 | 0.9462 | 0.9471 | 0.9435 | 0.0244 | 0.9427 | 0.9141 | 0.9044
0195 | 23:23:54 |  30.7s | 1.0e-04 | 0.0218 | 0.9468 | 0.9463 | 0.9427 | 0.0237 | 0.9439 | 0.9188 | 0.9147
0196 | 23:24:38 |  39.7s | 1.0e-04 | 0.0211 | 0.9463 | 0.9455 | 0.9414 | 0.0238 | 0.9399 | 0.9197 | 0.9080
0197 | 23:25:31 |  30.3s | 1.0e-04 | 0.0200 | 0.9464 | 0.9455 | 0.9417 | 0.0254 | 0.9342 | 0.9268 | 0.9089
0198 | 23:26:14 |  30.2s | 1.0e-04 | 0.0201 | 0.9475 | 0.9450 | 0.9428 | 0.0239 | 0.9316 | 0.9304 | 0.9105
0199 | 23:26:57 |  30.5s | 1.0e-04 | 0.0200 | 0.9463 | 0.9458 | 0.9426 | 0.0245 | 0.9346 | 0.9375 | 0.9196
0200 | 23:27:40 |  29.9s | 1.0e-04 | 0.0199 | 0.9467 | 0.9455 | 0.9425 | 0.0241 | 0.9221 | 0.9395 | 0.9061
0201 | 23:28:23 |  30.5s | 1.0e-04 | 0.0199 | 0.9457 | 0.9454 | 0.9418 | 0.0247 | 0.9282 | 0.9390 | 0.9139
0202 | 23:29:06 |  30.5s | 1.0e-04 | 0.0198 | 0.9475 | 0.9470 | 0.9447 | 0.0238 | 0.9280 | 0.9392 | 0.9148
0203 | 23:29:49 |  30.0s | 1.0e-04 | 0.0199 | 0.9468 | 0.9461 | 0.9428 | 0.0236 | 0.9418 | 0.9226 | 0.9152
0204 | 23:30:32 |  46.6s | 1.0e-04 | 0.0212 | 0.9460 | 0.9464 | 0.9425 | 0.0241 | 0.9361 | 0.9321 | 0.9167
0205 | 23:31:32 |  31.0s | 1.0e-04 | 0.0214 | 0.9446 | 0.9448 | 0.9394 | 0.0243 | 0.9311 | 0.9318 | 0.9095
0206 | 23:32:15 |  30.8s | 1.0e-04 | 0.0213 | 0.9463 | 0.9458 | 0.9421 | 0.0231 | 0.9247 | 0.9405 | 0.9127
0207 | 23:32:59 |  31.0s | 1.0e-04 | 0.0214 | 0.9453 | 0.9454 | 0.9407 | 0.0232 | 0.9365 | 0.9339 | 0.9188
0208 | 23:33:43 |  30.7s | 1.0e-04 | 0.0213 | 0.9455 | 0.9458 | 0.9417 | 0.0239 | 0.9305 | 0.9346 | 0.9107
0209 | 23:34:26 |  31.1s | 1.0e-04 | 0.0209 | 0.9468 | 0.9464 | 0.9431 | 0.0243 | 0.9306 | 0.9313 | 0.9081
0210 | 23:35:10 |  30.8s | 1.0e-04 | 0.0213 | 0.9451 | 0.9465 | 0.9417 | 0.0232 | 0.9294 | 0.9374 | 0.9154
0211 | 23:35:54 |  40.3s | 1.0e-04 | 0.0212 | 0.9458 | 0.9466 | 0.9424 | 0.0229 | 0.9412 | 0.9243 | 0.9161
0212 | 23:36:47 |  30.8s | 1.0e-04 | 0.0198 | 0.9493 | 0.9486 | 0.9483 | 0.0238 | 0.9418 | 0.9236 | 0.9157
0213 | 23:37:31 |  31.1s | 1.0e-04 | 0.0199 | 0.9483 | 0.9490 | 0.9474 | 0.0242 | 0.9336 | 0.9361 | 0.9169
0214 | 23:38:15 |  30.9s | 1.0e-04 | 0.0200 | 0.9474 | 0.9477 | 0.9451 | 0.0239 | 0.9375 | 0.9312 | 0.9166
0215 | 23:38:58 |  30.7s | 1.0e-04 | 0.0199 | 0.9486 | 0.9484 | 0.9473 | 0.0230 | 0.9374 | 0.9324 | 0.9178
0216 | 23:39:42 |  30.9s | 1.0e-04 | 0.0203 | 0.9474 | 0.9481 | 0.9458 | 0.0238 | 0.9408 | 0.9313 | 0.9185
0217 | 23:40:26 |  30.7s | 1.0e-04 | 0.0201 | 0.9483 | 0.9476 | 0.9461 | 0.0241 | 0.9336 | 0.9311 | 0.9117
0218 | 23:41:09 |  31.1s | 1.0e-04 | 0.0202 | 0.9475 | 0.9465 | 0.9441 | 0.0242 | 0.9330 | 0.9357 | 0.9147
0219 | 23:41:53 |  40.1s | 1.0e-04 | 0.0202 | 0.9481 | 0.9494 | 0.9476 | 0.0233 | 0.9254 | 0.9370 | 0.9089
0220 | 23:42:46 |  31.3s | 1.0e-04 | 0.0210 | 0.9464 | 0.9470 | 0.9438 | 0.0239 | 0.9425 | 0.9206 | 0.9141
0221 | 23:43:30 |  30.8s | 1.0e-04 | 0.0212 | 0.9465 | 0.9464 | 0.9432 | 0.0233 | 0.9403 | 0.9321 | 0.9207
0222 | 23:44:14 |  30.9s | 1.0e-04 | 0.0217 | 0.9451 | 0.9459 | 0.9411 | 0.0255 | 0.9469 | 0.9044 | 0.9007
0223 | 23:44:57 |  31.1s | 1.0e-04 | 0.0217 | 0.9467 | 0.9461 | 0.9427 | 0.0232 | 0.9352 | 0.9362 | 0.9197
0224 | 23:45:41 |  30.9s | 1.0e-04 | 0.0213 | 0.9465 | 0.9455 | 0.9422 | 0.0241 | 0.9378 | 0.9215 | 0.9075
0225 | 23:46:25 |  30.9s | 1.0e-04 | 0.0211 | 0.9463 | 0.9459 | 0.9425 | 0.0238 | 0.9356 | 0.9304 | 0.9128
0226 | 23:47:09 |  30.8s | 1.0e-04 | 0.0213 | 0.9460 | 0.9471 | 0.9432 | 0.0247 | 0.9255 | 0.9410 | 0.9120
0227 | 23:47:53 |  39.7s | 1.0e-04 | 0.0208 | 0.9474 | 0.9476 | 0.9447 | 0.0232 | 0.9355 | 0.9290 | 0.9151
0228 | 23:48:45 |  30.3s | 1.0e-04 | 0.0205 | 0.9478 | 0.9472 | 0.9452 | 0.0229 | 0.9363 | 0.9336 | 0.9185
0229 | 23:49:28 |  30.6s | 1.0e-04 | 0.0206 | 0.9479 | 0.9480 | 0.9459 | 0.0250 | 0.9264 | 0.9310 | 0.9026
0230 | 23:50:11 |  30.7s | 1.0e-04 | 0.0204 | 0.9478 | 0.9474 | 0.9452 | 0.0240 | 0.9369 | 0.9302 | 0.9129
0231 | 23:50:55 |  30.7s | 1.0e-04 | 0.0204 | 0.9473 | 0.9492 | 0.9465 | 0.0242 | 0.9547 | 0.9054 | 0.9181
0232 | 23:51:39 |  30.7s | 1.0e-04 | 0.0204 | 0.9470 | 0.9471 | 0.9444 | 0.0241 | 0.9294 | 0.9378 | 0.9157
0233 | 23:52:22 |  30.8s | 1.0e-04 | 0.0204 | 0.9479 | 0.9479 | 0.9458 | 0.0243 | 0.9452 | 0.9185 | 0.9112
0234 | 23:53:06 |  30.7s | 1.0e-04 | 0.0205 | 0.9468 | 0.9476 | 0.9445 | 0.0243 | 0.9220 | 0.9421 | 0.9094
0235 | 23:53:49 |  39.7s | 1.0e-04 | 0.0198 | 0.9482 | 0.9488 | 0.9473 | 0.0245 | 0.9401 | 0.9167 | 0.9057
0236 | 23:54:42 |  31.0s | 1.0e-04 | 0.0193 | 0.9493 | 0.9492 | 0.9487 | 0.0245 | 0.9376 | 0.9211 | 0.9049
0237 | 23:55:26 |  31.5s | 1.0e-04 | 0.0192 | 0.9487 | 0.9488 | 0.9476 | 0.0237 | 0.9282 | 0.9361 | 0.9090
0238 | 23:56:10 |  31.1s | 1.0e-04 | 0.0192 | 0.9485 | 0.9488 | 0.9475 | 0.0232 | 0.9388 | 0.9266 | 0.9130
0239 | 23:56:54 |  31.2s | 1.0e-04 | 0.0191 | 0.9500 | 0.9498 | 0.9498 | 0.0235 | 0.9373 | 0.9285 | 0.9156
0240 | 23:57:38 |  31.6s | 1.0e-04 | 0.0188 | 0.9499 | 0.9502 | 0.9501 | 0.0231 | 0.9239 | 0.9429 | 0.9133
0241 | 23:58:22 |  31.2s | 1.0e-04 | 0.0191 | 0.9490 | 0.9507 | 0.9495 | 0.0236 | 0.9337 | 0.9352 | 0.9178
0242 | 23:59:06 |  31.2s | 1.0e-04 | 0.0188 | 0.9505 | 0.9514 | 0.9514 | 0.0241 | 0.9150 | 0.9445 | 0.9083
0243 | 23:59:51 |  43.4s | 1.0e-04 | 0.0204 | 0.9477 | 0.9490 | 0.9469 | 0.0240 | 0.9414 | 0.9193 | 0.9093
0244 | 00:00:47 |  31.1s | 1.0e-04 | 0.0202 | 0.9488 | 0.9495 | 0.9483 | 0.0239 | 0.9410 | 0.9304 | 0.9204
0245 | 00:01:31 |  31.3s | 1.0e-04 | 0.0202 | 0.9483 | 0.9499 | 0.9481 | 0.0231 | 0.9400 | 0.9314 | 0.9192
0246 | 00:02:15 |  31.1s | 1.0e-04 | 0.0206 | 0.9482 | 0.9489 | 0.9471 | 0.0243 | 0.9322 | 0.9315 | 0.9093
0247 | 00:02:59 |  31.0s | 1.0e-04 | 0.0205 | 0.9481 | 0.9493 | 0.9472 | 0.0238 | 0.9313 | 0.9293 | 0.9071
0248 | 00:03:43 |  31.2s | 1.0e-04 | 0.0207 | 0.9479 | 0.9477 | 0.9459 | 0.0231 | 0.9275 | 0.9380 | 0.9137
0249 | 00:04:27 |  30.9s | 1.0e-04 | 0.0202 | 0.9488 | 0.9489 | 0.9481 | 0.0234 | 0.9449 | 0.9240 | 0.9171
0250 | 00:05:10 |  31.0s | 1.0e-04 | 0.0203 | 0.9486 | 0.9492 | 0.9478 | 0.0229 | 0.9356 | 0.9299 | 0.9156
0251 | 00:05:58 |  29.5s | 1.0e-04 | 0.0191 | 0.9495 | 0.9495 | 0.9490 | 0.0232 | 0.9235 | 0.9406 | 0.9119
0252 | 00:06:40 |  29.5s | 1.0e-04 | 0.0192 | 0.9490 | 0.9508 | 0.9498 | 0.0235 | 0.9367 | 0.9235 | 0.9068
0253 | 00:07:23 |  30.1s | 1.0e-04 | 0.0191 | 0.9492 | 0.9496 | 0.9489 | 0.0241 | 0.9305 | 0.9261 | 0.9028
0254 | 00:08:05 |  29.6s | 1.0e-04 | 0.0192 | 0.9493 | 0.9502 | 0.9495 | 0.0245 | 0.9321 | 0.9353 | 0.9163
0255 | 00:08:48 |  29.5s | 1.0e-04 | 0.0192 | 0.9493 | 0.9497 | 0.9491 | 0.0230 | 0.9432 | 0.9167 | 0.9101
0256 | 00:09:30 |  29.6s | 1.0e-04 | 0.0192 | 0.9494 | 0.9497 | 0.9492 | 0.0231 | 0.9309 | 0.9324 | 0.9112
0257 | 00:10:12 |  29.4s | 1.0e-04 | 0.0192 | 0.9494 | 0.9503 | 0.9497 | 0.0232 | 0.9308 | 0.9376 | 0.9172
0258 | 00:10:55 |  43.3s | 1.0e-04 | 0.0193 | 0.9499 | 0.9488 | 0.9487 | 0.0235 | 0.9388 | 0.9224 | 0.9108
0259 | 00:11:51 |  31.1s | 1.0e-04 | 0.0205 | 0.9461 | 0.9451 | 0.9418 | 0.0231 | 0.9311 | 0.9365 | 0.9158
0260 | 00:12:35 |  31.3s | 1.0e-04 | 0.0201 | 0.9476 | 0.9475 | 0.9454 | 0.0235 | 0.9323 | 0.9332 | 0.9137
0261 | 00:13:19 |  31.2s | 1.0e-04 | 0.0201 | 0.9471 | 0.9475 | 0.9448 | 0.0226 | 0.9350 | 0.9332 | 0.9132
0262 | 00:14:03 |  31.4s | 1.0e-04 | 0.0202 | 0.9461 | 0.9462 | 0.9424 | 0.0226 | 0.9417 | 0.9315 | 0.9210
0263 | 00:14:47 |  31.8s | 1.0e-04 | 0.0199 | 0.9469 | 0.9476 | 0.9445 | 0.0233 | 0.9406 | 0.9236 | 0.9122
0264 | 00:15:32 |  31.6s | 1.0e-04 | 0.0203 | 0.9477 | 0.9462 | 0.9440 | 0.0227 | 0.9390 | 0.9315 | 0.9181
0265 | 00:16:17 |  31.7s | 1.0e-04 | 0.0196 | 0.9485 | 0.9487 | 0.9471 | 0.0235 | 0.9327 | 0.9368 | 0.9170
0266 | 00:17:01 |  42.5s | 1.0e-04 | 0.0201 | 0.9475 | 0.9478 | 0.9453 | 0.0231 | 0.9385 | 0.9336 | 0.9203
0267 | 00:17:56 |  30.3s | 1.0e-04 | 0.0199 | 0.9475 | 0.9497 | 0.9473 | 0.0233 | 0.9349 | 0.9400 | 0.9226
0268 | 00:18:40 |  30.4s | 1.0e-04 | 0.0197 | 0.9480 | 0.9502 | 0.9481 | 0.0235 | 0.9306 | 0.9312 | 0.9090
0269 | 00:19:23 |  30.3s | 1.0e-04 | 0.0200 | 0.9495 | 0.9498 | 0.9493 | 0.0228 | 0.9312 | 0.9365 | 0.9179
0270 | 00:20:06 |  30.8s | 1.0e-04 | 0.0197 | 0.9485 | 0.9494 | 0.9480 | 0.0238 | 0.9191 | 0.9460 | 0.9140
0271 | 00:20:49 |  30.6s | 1.0e-04 | 0.0201 | 0.9480 | 0.9494 | 0.9475 | 0.0233 | 0.9378 | 0.9322 | 0.9171
0272 | 00:21:33 |  30.8s | 1.0e-04 | 0.0198 | 0.9504 | 0.9505 | 0.9508 | 0.0240 | 0.9472 | 0.9183 | 0.9147
0273 | 00:22:16 |  30.6s | 1.0e-04 | 0.0203 | 0.9478 | 0.9490 | 0.9466 | 0.0237 | 0.9412 | 0.9270 | 0.9178
0274 | 00:23:00 |  40.4s | 1.0e-04 | 0.0205 | 0.9481 | 0.9495 | 0.9476 | 0.0235 | 0.9415 | 0.9288 | 0.9186
0275 | 00:23:53 |  30.8s | 1.0e-04 | 0.0205 | 0.9490 | 0.9496 | 0.9486 | 0.0234 | 0.9320 | 0.9407 | 0.9210
0276 | 00:24:36 |  30.6s | 1.0e-04 | 0.0204 | 0.9488 | 0.9511 | 0.9498 | 0.0236 | 0.9527 | 0.9187 | 0.9262
0277 | 00:25:20 |  30.6s | 1.0e-04 | 0.0201 | 0.9488 | 0.9502 | 0.9490 | 0.0236 | 0.9390 | 0.9254 | 0.9137
0278 | 00:26:03 |  31.1s | 1.0e-04 | 0.0203 | 0.9490 | 0.9521 | 0.9506 | 0.0230 | 0.9407 | 0.9240 | 0.9121
0279 | 00:26:47 |  30.6s | 1.0e-04 | 0.0204 | 0.9477 | 0.9504 | 0.9480 | 0.0231 | 0.9372 | 0.9320 | 0.9153
0280 | 00:27:30 |  31.2s | 1.0e-04 | 0.0202 | 0.9494 | 0.9511 | 0.9502 | 0.0223 | 0.9383 | 0.9345 | 0.9224
0281 | 00:28:15 |  30.8s | 1.0e-04 | 0.0201 | 0.9495 | 0.9505 | 0.9498 | 0.0231 | 0.9368 | 0.9309 | 0.9174
0282 | 00:28:58 |  39.7s | 1.0e-04 | 0.0195 | 0.9499 | 0.9506 | 0.9504 | 0.0230 | 0.9389 | 0.9313 | 0.9195
0283 | 00:29:51 |  31.2s | 1.0e-04 | 0.0198 | 0.9488 | 0.9506 | 0.9494 | 0.0236 | 0.9258 | 0.9458 | 0.9205
0284 | 00:30:35 |  31.4s | 1.0e-04 | 0.0197 | 0.9485 | 0.9499 | 0.9483 | 0.0227 | 0.9298 | 0.9436 | 0.9227
0285 | 00:31:20 |  31.3s | 1.0e-04 | 0.0195 | 0.9499 | 0.9496 | 0.9496 | 0.0234 | 0.9374 | 0.9332 | 0.9195
0286 | 00:32:04 |  31.5s | 1.0e-04 | 0.0200 | 0.9483 | 0.9500 | 0.9483 | 0.0224 | 0.9357 | 0.9390 | 0.9226
0287 | 00:32:49 |  31.4s | 1.0e-04 | 0.0197 | 0.9490 | 0.9496 | 0.9486 | 0.0232 | 0.9310 | 0.9338 | 0.9100
0288 | 00:33:33 |  31.4s | 1.0e-04 | 0.0199 | 0.9485 | 0.9503 | 0.9488 | 0.0234 | 0.9372 | 0.9257 | 0.9119
0289 | 00:34:17 |  31.3s | 1.0e-04 | 0.0196 | 0.9481 | 0.9510 | 0.9488 | 0.0233 | 0.9426 | 0.9230 | 0.9149
0290 | 00:35:01 |  39.9s | 1.0e-04 | 0.0194 | 0.9488 | 0.9495 | 0.9484 | 0.0234 | 0.9225 | 0.9481 | 0.9198
0291 | 00:35:55 |  31.1s | 1.0e-04 | 0.0194 | 0.9486 | 0.9495 | 0.9481 | 0.0222 | 0.9320 | 0.9371 | 0.9175
0292 | 00:36:38 |  31.1s | 1.0e-04 | 0.0196 | 0.9483 | 0.9492 | 0.9476 | 0.0233 | 0.9340 | 0.9384 | 0.9189
0293 | 00:37:23 |  31.0s | 1.0e-04 | 0.0194 | 0.9491 | 0.9490 | 0.9482 | 0.0237 | 0.9270 | 0.9409 | 0.9163
0294 | 00:38:07 |  30.8s | 1.0e-04 | 0.0191 | 0.9491 | 0.9493 | 0.9486 | 0.0223 | 0.9413 | 0.9323 | 0.9253
0295 | 00:38:51 |  31.3s | 1.0e-04 | 0.0192 | 0.9495 | 0.9510 | 0.9504 | 0.0229 | 0.9280 | 0.9449 | 0.9217
0296 | 00:39:35 |  31.2s | 1.0e-04 | 0.0197 | 0.9482 | 0.9496 | 0.9479 | 0.0220 | 0.9366 | 0.9388 | 0.9233
0297 | 00:40:20 |  46.1s | 1.0e-04 | 0.0191 | 0.9491 | 0.9498 | 0.9489 | 0.0226 | 0.9337 | 0.9392 | 0.9226
0298 | 00:41:19 |  30.2s | 1.0e-04 | 0.0200 | 0.9494 | 0.9494 | 0.9488 | 0.0232 | 0.9330 | 0.9348 | 0.9171
0299 | 00:42:02 |  30.4s | 1.0e-04 | 0.0200 | 0.9488 | 0.9512 | 0.9498 | 0.0225 | 0.9434 | 0.9248 | 0.9195
0300 | 00:42:46 |  30.2s | 1.0e-04 | 0.0201 | 0.9488 | 0.9502 | 0.9489 | 0.0236 | 0.9438 | 0.9207 | 0.9163
0301 | 00:43:29 |  30.1s | 1.0e-04 | 0.0200 | 0.9491 | 0.9500 | 0.9491 | 0.0228 | 0.9324 | 0.9388 | 0.9187
0302 | 00:44:12 |  30.4s | 1.0e-04 | 0.0199 | 0.9497 | 0.9494 | 0.9492 | 0.0228 | 0.9417 | 0.9239 | 0.9171
0303 | 00:44:56 |  30.4s | 1.0e-04 | 0.0198 | 0.9497 | 0.9497 | 0.9493 | 0.0224 | 0.9337 | 0.9393 | 0.9220
0304 | 00:45:40 |  30.4s | 1.0e-04 | 0.0199 | 0.9476 | 0.9509 | 0.9483 | 0.0226 | 0.9344 | 0.9374 | 0.9210
0305 | 00:46:23 |  42.1s | 1.0e-04 | 0.0196 | 0.9504 | 0.9516 | 0.9518 | 0.0237 | 0.9449 | 0.9209 | 0.9167
0306 | 00:47:18 |  30.3s | 1.0e-04 | 0.0191 | 0.9518 | 0.9531 | 0.9545 | 0.0226 | 0.9354 | 0.9281 | 0.9098
0307 | 00:48:02 |  30.1s | 1.0e-04 | 0.0192 | 0.9514 | 0.9532 | 0.9542 | 0.0226 | 0.9381 | 0.9314 | 0.9181
0308 | 00:48:45 |  30.2s | 1.0e-04 | 0.0189 | 0.9522 | 0.9531 | 0.9547 | 0.0237 | 0.9275 | 0.9415 | 0.9176
0309 | 00:49:28 |  30.2s | 1.0e-04 | 0.0190 | 0.9511 | 0.9526 | 0.9537 | 0.0233 | 0.9444 | 0.9257 | 0.9202
0310 | 00:50:12 |  30.6s | 1.0e-04 | 0.0194 | 0.9512 | 0.9516 | 0.9526 | 0.0222 | 0.9354 | 0.9401 | 0.9245
0311 | 00:50:55 |  30.5s | 1.0e-04 | 0.0187 | 0.9523 | 0.9542 | 0.9559 | 0.0223 | 0.9385 | 0.9300 | 0.9178
0312 | 00:51:39 |  30.3s | 1.0e-04 | 0.0191 | 0.9522 | 0.9537 | 0.9554 | 0.0230 | 0.9301 | 0.9371 | 0.9147
0313 | 00:52:22 |  47.5s | 1.0e-04 | 0.0190 | 0.9516 | 0.9512 | 0.9528 | 0.0222 | 0.9308 | 0.9429 | 0.9220
0314 | 00:53:23 |  30.9s | 1.0e-04 | 0.0196 | 0.9483 | 0.9503 | 0.9486 | 0.0233 | 0.9225 | 0.9498 | 0.9222
0315 | 00:54:07 |  30.7s | 1.0e-04 | 0.0199 | 0.9479 | 0.9501 | 0.9479 | 0.0231 | 0.9308 | 0.9393 | 0.9205
0316 | 00:54:51 |  30.7s | 1.0e-04 | 0.0199 | 0.9482 | 0.9490 | 0.9472 | 0.0228 | 0.9300 | 0.9356 | 0.9156
0317 | 00:55:35 |  30.7s | 1.0e-04 | 0.0194 | 0.9488 | 0.9502 | 0.9490 | 0.0238 | 0.9412 | 0.9241 | 0.9151
0318 | 00:56:19 |  31.0s | 1.0e-04 | 0.0198 | 0.9478 | 0.9499 | 0.9478 | 0.0223 | 0.9347 | 0.9415 | 0.9246
0319 | 00:57:03 |  30.8s | 1.0e-04 | 0.0198 | 0.9493 | 0.9505 | 0.9496 | 0.0232 | 0.9354 | 0.9386 | 0.9209
0320 | 00:57:46 |  30.6s | 1.0e-04 | 0.0199 | 0.9488 | 0.9500 | 0.9487 | 0.0224 | 0.9331 | 0.9422 | 0.9248
0321 | 00:58:30 |  40.3s | 1.0e-04 | 0.0193 | 0.9487 | 0.9497 | 0.9483 | 0.0226 | 0.9402 | 0.9311 | 0.9223
0322 | 00:59:23 |  30.5s | 1.0e-04 | 0.0191 | 0.9489 | 0.9481 | 0.9472 | 0.0235 | 0.9355 | 0.9356 | 0.9197
0323 | 01:00:07 |  30.4s | 1.0e-04 | 0.0191 | 0.9481 | 0.9494 | 0.9475 | 0.0231 | 0.9446 | 0.9207 | 0.9146
0324 | 01:00:51 |  30.3s | 1.0e-04 | 0.0192 | 0.9491 | 0.9484 | 0.9478 | 0.0220 | 0.9364 | 0.9425 | 0.9285
0325 | 01:01:34 |  30.3s | 1.0e-04 | 0.0190 | 0.9500 | 0.9493 | 0.9494 | 0.0228 | 0.9315 | 0.9405 | 0.9201
0326 | 01:02:18 |  30.3s | 1.0e-04 | 0.0190 | 0.9487 | 0.9498 | 0.9485 | 0.0227 | 0.9415 | 0.9300 | 0.9200
0327 | 01:03:01 |  30.4s | 1.0e-04 | 0.0190 | 0.9496 | 0.9491 | 0.9486 | 0.0227 | 0.9389 | 0.9393 | 0.9264
0328 | 01:03:45 |  30.5s | 1.0e-04 | 0.0190 | 0.9489 | 0.9501 | 0.9490 | 0.0220 | 0.9438 | 0.9273 | 0.9203
0329 | 01:04:28 |  43.9s | 1.0e-04 | 0.0183 | 0.9511 | 0.9506 | 0.9518 | 0.0234 | 0.9331 | 0.9417 | 0.9221
0330 | 01:05:25 |  31.0s | 1.0e-04 | 0.0185 | 0.9504 | 0.9506 | 0.9511 | 0.0243 | 0.9279 | 0.9405 | 0.9149
0331 | 01:06:09 |  31.0s | 1.0e-04 | 0.0186 | 0.9509 | 0.9515 | 0.9521 | 0.0234 | 0.9265 | 0.9426 | 0.9173
0332 | 01:06:53 |  30.8s | 1.0e-04 | 0.0182 | 0.9509 | 0.9514 | 0.9522 | 0.0227 | 0.9442 | 0.9226 | 0.9170
0333 | 01:07:37 |  31.2s | 1.0e-04 | 0.0184 | 0.9505 | 0.9517 | 0.9521 | 0.0220 | 0.9366 | 0.9381 | 0.9239
0334 | 01:08:22 |  31.3s | 1.0e-04 | 0.0183 | 0.9501 | 0.9506 | 0.9506 | 0.0223 | 0.9376 | 0.9356 | 0.9216
0335 | 01:09:06 |  31.2s | 1.0e-04 | 0.0181 | 0.9512 | 0.9508 | 0.9522 | 0.0219 | 0.9422 | 0.9377 | 0.9305
0336 | 01:09:50 |  44.5s | 1.0e-04 | 0.0183 | 0.9509 | 0.9519 | 0.9525 | 0.0230 | 0.9374 | 0.9382 | 0.9240
0337 | 01:10:48 |  31.0s | 1.0e-04 | 0.0191 | 0.9509 | 0.9523 | 0.9529 | 0.0220 | 0.9408 | 0.9325 | 0.9219
0338 | 01:11:32 |  30.8s | 1.0e-04 | 0.0190 | 0.9510 | 0.9527 | 0.9532 | 0.0233 | 0.9432 | 0.9252 | 0.9151
0339 | 01:12:16 |  30.8s | 1.0e-04 | 0.0191 | 0.9502 | 0.9522 | 0.9523 | 0.0230 | 0.9328 | 0.9423 | 0.9238
0340 | 01:13:00 |  30.7s | 1.0e-04 | 0.0191 | 0.9515 | 0.9517 | 0.9530 | 0.0223 | 0.9367 | 0.9382 | 0.9253
0341 | 01:13:43 |  30.8s | 1.0e-04 | 0.0190 | 0.9501 | 0.9524 | 0.9524 | 0.0232 | 0.9329 | 0.9361 | 0.9169
0342 | 01:14:27 |  30.8s | 1.0e-04 | 0.0190 | 0.9513 | 0.9534 | 0.9543 | 0.0223 | 0.9337 | 0.9386 | 0.9192
0343 | 01:15:11 |  30.9s | 1.0e-04 | 0.0190 | 0.9507 | 0.9529 | 0.9535 | 0.0220 | 0.9450 | 0.9298 | 0.9258
0344 | 01:15:55 |  41.4s | 1.0e-04 | 0.0190 | 0.9521 | 0.9532 | 0.9552 | 0.0224 | 0.9414 | 0.9303 | 0.9212
0345 | 01:16:49 |  30.3s | 1.0e-04 | 0.0190 | 0.9537 | 0.9548 | 0.9573 | 0.0240 | 0.9215 | 0.9489 | 0.9204
0346 | 01:17:33 |  30.6s | 1.0e-04 | 0.0192 | 0.9526 | 0.9548 | 0.9565 | 0.0220 | 0.9386 | 0.9300 | 0.9199
0347 | 01:18:16 |  30.7s | 1.0e-04 | 0.0191 | 0.9521 | 0.9541 | 0.9559 | 0.0224 | 0.9303 | 0.9393 | 0.9172
0348 | 01:19:00 |  30.6s | 1.0e-04 | 0.0194 | 0.9517 | 0.9549 | 0.9555 | 0.0233 | 0.9338 | 0.9421 | 0.9243
0349 | 01:19:44 |  30.3s | 1.0e-04 | 0.0190 | 0.9514 | 0.9542 | 0.9548 | 0.0232 | 0.9265 | 0.9396 | 0.9131
0350 | 01:20:27 |  30.4s | 1.0e-04 | 0.0192 | 0.9528 | 0.9550 | 0.9564 | 0.0221 | 0.9382 | 0.9362 | 0.9233
0351 | 01:21:10 |  30.5s | 1.0e-04 | 0.0194 | 0.9515 | 0.9540 | 0.9553 | 0.0233 | 0.9509 | 0.9167 | 0.9214
0352 | 01:21:54 |  40.6s | 1.0e-04 | 0.0189 | 0.9519 | 0.9524 | 0.9541 | 0.0226 | 0.9446 | 0.9301 | 0.9256
0353 | 01:22:47 |  30.8s | 1.0e-04 | 0.0185 | 0.9511 | 0.9531 | 0.9536 | 0.0225 | 0.9324 | 0.9422 | 0.9243
0354 | 01:23:31 |  30.6s | 1.0e-04 | 0.0186 | 0.9498 | 0.9532 | 0.9524 | 0.0225 | 0.9368 | 0.9357 | 0.9216
0355 | 01:24:14 |  30.6s | 1.0e-04 | 0.0183 | 0.9508 | 0.9533 | 0.9538 | 0.0225 | 0.9381 | 0.9385 | 0.9248
0356 | 01:24:57 |  31.0s | 1.0e-04 | 0.0182 | 0.9506 | 0.9529 | 0.9530 | 0.0218 | 0.9302 | 0.9475 | 0.9268
0357 | 01:25:41 |  30.7s | 1.0e-04 | 0.0183 | 0.9523 | 0.9531 | 0.9547 | 0.0224 | 0.9338 | 0.9377 | 0.9195
0358 | 01:26:25 |  30.4s | 1.0e-04 | 0.0187 | 0.9504 | 0.9537 | 0.9536 | 0.0221 | 0.9393 | 0.9348 | 0.9235
0359 | 01:27:08 |  31.3s | 1.0e-04 | 0.0182 | 0.9515 | 0.9530 | 0.9541 | 0.0224 | 0.9464 | 0.9254 | 0.9237
0360 | 01:27:52 |  41.4s | 1.0e-04 | 0.0191 | 0.9498 | 0.9516 | 0.9511 | 0.0230 | 0.9294 | 0.9426 | 0.9212
0361 | 01:28:46 |  31.2s | 1.0e-04 | 0.0201 | 0.9491 | 0.9490 | 0.9481 | 0.0222 | 0.9377 | 0.9389 | 0.9255
0362 | 01:29:30 |  31.1s | 1.0e-04 | 0.0202 | 0.9482 | 0.9485 | 0.9466 | 0.0229 | 0.9475 | 0.9243 | 0.9222
0363 | 01:30:14 |  31.2s | 1.0e-04 | 0.0199 | 0.9477 | 0.9499 | 0.9476 | 0.0222 | 0.9269 | 0.9496 | 0.9262
0364 | 01:30:58 |  31.4s | 1.0e-04 | 0.0202 | 0.9483 | 0.9484 | 0.9467 | 0.0221 | 0.9331 | 0.9454 | 0.9281
0365 | 01:31:43 |  31.4s | 1.0e-04 | 0.0202 | 0.9481 | 0.9486 | 0.9466 | 0.0218 | 0.9352 | 0.9444 | 0.9284
0366 | 01:32:27 |  31.6s | 1.0e-04 | 0.0199 | 0.9478 | 0.9489 | 0.9469 | 0.0218 | 0.9303 | 0.9425 | 0.9218
0367 | 01:33:12 |  31.2s | 1.0e-04 | 0.0202 | 0.9480 | 0.9491 | 0.9473 | 0.0229 | 0.9302 | 0.9409 | 0.9190
0368 | 01:33:56 |  43.1s | 1.0e-04 | 0.0195 | 0.9516 | 0.9528 | 0.9538 | 0.0225 | 0.9430 | 0.9335 | 0.9270
0369 | 01:34:52 |  30.1s | 1.0e-04 | 0.0193 | 0.9520 | 0.9543 | 0.9554 | 0.0229 | 0.9335 | 0.9386 | 0.9196
0370 | 01:35:35 |  30.1s | 1.0e-04 | 0.0193 | 0.9514 | 0.9546 | 0.9548 | 0.0227 | 0.9256 | 0.9466 | 0.9215
0371 | 01:36:17 |  29.9s | 1.0e-04 | 0.0195 | 0.9509 | 0.9536 | 0.9541 | 0.0229 | 0.9282 | 0.9419 | 0.9176
0372 | 01:37:00 |  30.0s | 1.0e-04 | 0.0195 | 0.9509 | 0.9537 | 0.9536 | 0.0225 | 0.9420 | 0.9334 | 0.9260
0373 | 01:37:43 |  30.3s | 1.0e-04 | 0.0196 | 0.9514 | 0.9543 | 0.9548 | 0.0227 | 0.9298 | 0.9467 | 0.9265
0374 | 01:38:26 |  29.8s | 1.0e-04 | 0.0195 | 0.9510 | 0.9531 | 0.9538 | 0.0229 | 0.9223 | 0.9498 | 0.9222
0375 | 01:39:09 |  29.8s | 1.0e-04 | 0.0192 | 0.9505 | 0.9543 | 0.9544 | 0.0235 | 0.9492 | 0.9230 | 0.9220
0376 | 01:39:55 |  30.6s | 1.0e-04 | 0.0192 | 0.9524 | 0.9534 | 0.9553 | 0.0218 | 0.9351 | 0.9403 | 0.9223
0377 | 01:40:38 |  30.5s | 1.0e-04 | 0.0192 | 0.9510 | 0.9529 | 0.9536 | 0.0225 | 0.9387 | 0.9312 | 0.9167
0378 | 01:41:21 |  30.8s | 1.0e-04 | 0.0192 | 0.9511 | 0.9530 | 0.9537 | 0.0225 | 0.9225 | 0.9493 | 0.9217
0379 | 01:42:05 |  30.8s | 1.0e-04 | 0.0189 | 0.9513 | 0.9545 | 0.9552 | 0.0222 | 0.9328 | 0.9393 | 0.9199
0380 | 01:42:49 |  30.7s | 1.0e-04 | 0.0187 | 0.9529 | 0.9545 | 0.9562 | 0.0223 | 0.9418 | 0.9300 | 0.9203
0381 | 01:43:32 |  30.6s | 1.0e-04 | 0.0184 | 0.9523 | 0.9560 | 0.9573 | 0.0232 | 0.9411 | 0.9268 | 0.9185
0382 | 01:44:16 |  30.4s | 1.0e-04 | 0.0190 | 0.9515 | 0.9528 | 0.9541 | 0.0215 | 0.9384 | 0.9402 | 0.9285
0383 | 01:44:59 |  40.5s | 1.0e-04 | 0.0189 | 0.9512 | 0.9527 | 0.9535 | 0.0223 | 0.9322 | 0.9457 | 0.9269
0384 | 01:45:52 |  30.1s | 1.0e-04 | 0.0190 | 0.9498 | 0.9504 | 0.9503 | 0.0229 | 0.9280 | 0.9452 | 0.9233
0385 | 01:46:35 |  30.1s | 1.0e-04 | 0.0189 | 0.9498 | 0.9499 | 0.9497 | 0.0223 | 0.9380 | 0.9355 | 0.9231
0386 | 01:47:18 |  30.3s | 1.0e-04 | 0.0191 | 0.9484 | 0.9491 | 0.9476 | 0.0218 | 0.9381 | 0.9369 | 0.9238
0387 | 01:48:01 |  30.4s | 1.0e-04 | 0.0189 | 0.9488 | 0.9514 | 0.9500 | 0.0222 | 0.9420 | 0.9267 | 0.9220
0388 | 01:48:45 |  30.5s | 1.0e-04 | 0.0194 | 0.9485 | 0.9489 | 0.9477 | 0.0223 | 0.9481 | 0.9293 | 0.9269
0389 | 01:49:28 |  30.0s | 1.0e-04 | 0.0191 | 0.9492 | 0.9490 | 0.9483 | 0.0220 | 0.9312 | 0.9497 | 0.9310
0390 | 01:50:11 |  30.3s | 1.0e-04 | 0.0187 | 0.9504 | 0.9506 | 0.9508 | 0.0225 | 0.9472 | 0.9291 | 0.9275
0391 | 01:50:54 |  43.9s | 1.0e-04 | 0.0186 | 0.9505 | 0.9503 | 0.9509 | 0.0214 | 0.9406 | 0.9348 | 0.9252
0392 | 01:51:51 |  31.0s | 1.0e-04 | 0.0185 | 0.9507 | 0.9523 | 0.9524 | 0.0221 | 0.9398 | 0.9360 | 0.9240
0393 | 01:52:34 |  31.1s | 1.0e-04 | 0.0182 | 0.9517 | 0.9533 | 0.9547 | 0.0230 | 0.9295 | 0.9429 | 0.9218
0394 | 01:53:18 |  31.3s | 1.0e-04 | 0.0186 | 0.9510 | 0.9511 | 0.9519 | 0.0225 | 0.9400 | 0.9358 | 0.9255
0395 | 01:54:02 |  31.1s | 1.0e-04 | 0.0183 | 0.9502 | 0.9529 | 0.9527 | 0.0221 | 0.9412 | 0.9358 | 0.9252
0396 | 01:54:46 |  30.9s | 1.0e-04 | 0.0186 | 0.9510 | 0.9515 | 0.9522 | 0.0230 | 0.9391 | 0.9381 | 0.9245
0397 | 01:55:30 |  31.5s | 1.0e-04 | 0.0184 | 0.9523 | 0.9523 | 0.9542 | 0.0236 | 0.9374 | 0.9354 | 0.9232
0398 | 01:56:14 |  31.1s | 1.0e-04 | 0.0186 | 0.9507 | 0.9517 | 0.9521 | 0.0218 | 0.9436 | 0.9310 | 0.9233
0399 | 01:56:58 |  39.3s | 1.0e-04 | 0.0188 | 0.9510 | 0.9527 | 0.9535 | 0.0220 | 0.9365 | 0.9440 | 0.9295
0400 | 01:57:50 |  30.9s | 1.0e-04 | 0.0190 | 0.9505 | 0.9533 | 0.9536 | 0.0225 | 0.9410 | 0.9325 | 0.9209
0401 | 01:58:34 |  30.7s | 1.0e-04 | 0.0187 | 0.9514 | 0.9545 | 0.9550 | 0.0227 | 0.9370 | 0.9405 | 0.9260
0402 | 01:59:18 |  30.4s | 1.0e-04 | 0.0191 | 0.9505 | 0.9537 | 0.9538 | 0.0225 | 0.9421 | 0.9329 | 0.9244
0403 | 02:00:01 |  31.0s | 1.0e-04 | 0.0188 | 0.9522 | 0.9543 | 0.9559 | 0.0220 | 0.9360 | 0.9455 | 0.9314
0404 | 02:00:45 |  30.9s | 1.0e-04 | 0.0189 | 0.9510 | 0.9527 | 0.9534 | 0.0217 | 0.9406 | 0.9369 | 0.9261
0405 | 02:01:29 |  30.5s | 1.0e-04 | 0.0185 | 0.9517 | 0.9552 | 0.9563 | 0.0220 | 0.9312 | 0.9486 | 0.9295
0406 | 02:02:12 |  30.7s | 1.0e-04 | 0.0185 | 0.9513 | 0.9551 | 0.9553 | 0.0220 | 0.9314 | 0.9451 | 0.9251
0407 | 02:02:55 |  40.3s | 1.0e-04 | 0.0182 | 0.9525 | 0.9557 | 0.9572 | 0.0233 | 0.9348 | 0.9370 | 0.9200
0408 | 02:03:49 |  30.6s | 1.0e-04 | 0.0183 | 0.9530 | 0.9550 | 0.9570 | 0.0224 | 0.9338 | 0.9398 | 0.9218
0409 | 02:04:32 |  30.5s | 1.0e-04 | 0.0185 | 0.9532 | 0.9553 | 0.9571 | 0.0215 | 0.9355 | 0.9405 | 0.9260
0410 | 02:05:15 |  30.4s | 1.0e-04 | 0.0178 | 0.9528 | 0.9571 | 0.9584 | 0.0218 | 0.9351 | 0.9429 | 0.9272
0411 | 02:05:59 |  30.5s | 1.0e-04 | 0.0186 | 0.9523 | 0.9550 | 0.9565 | 0.0226 | 0.9324 | 0.9423 | 0.9230
0412 | 02:06:42 |  30.9s | 1.0e-04 | 0.0182 | 0.9539 | 0.9551 | 0.9580 | 0.0221 | 0.9371 | 0.9387 | 0.9239
0413 | 02:07:26 |  30.7s | 1.0e-04 | 0.0179 | 0.9532 | 0.9564 | 0.9585 | 0.0222 | 0.9298 | 0.9441 | 0.9218
0414 | 02:08:09 |  31.1s | 1.0e-04 | 0.0183 | 0.9529 | 0.9558 | 0.9578 | 0.0227 | 0.9389 | 0.9394 | 0.9271
0415 | 02:08:53 |  42.6s | 1.0e-04 | 0.0196 | 0.9484 | 0.9496 | 0.9480 | 0.0217 | 0.9442 | 0.9285 | 0.9237
0416 | 02:09:49 |  30.8s | 1.0e-04 | 0.0196 | 0.9480 | 0.9477 | 0.9461 | 0.0226 | 0.9369 | 0.9399 | 0.9254
0417 | 02:10:32 |  30.9s | 1.0e-04 | 0.0195 | 0.9490 | 0.9491 | 0.9481 | 0.0217 | 0.9350 | 0.9423 | 0.9272
0418 | 02:11:16 |  31.3s | 1.0e-04 | 0.0194 | 0.9479 | 0.9490 | 0.9467 | 0.0225 | 0.9412 | 0.9332 | 0.9243
0419 | 02:12:00 |  31.3s | 1.0e-04 | 0.0191 | 0.9489 | 0.9490 | 0.9479 | 0.0210 | 0.9385 | 0.9426 | 0.9294
0420 | 02:12:44 |  31.1s | 1.0e-04 | 0.0194 | 0.9488 | 0.9496 | 0.9485 | 0.0212 | 0.9425 | 0.9399 | 0.9323
0421 | 02:13:28 |  31.1s | 1.0e-04 | 0.0195 | 0.9481 | 0.9490 | 0.9471 | 0.0221 | 0.9445 | 0.9311 | 0.9260
0422 | 02:14:12 |  42.1s | 1.0e-04 | 0.0192 | 0.9497 | 0.9495 | 0.9492 | 0.0224 | 0.9336 | 0.9413 | 0.9233
0423 | 02:15:07 |  30.9s | 1.0e-04 | 0.0183 | 0.9528 | 0.9547 | 0.9566 | 0.0215 | 0.9482 | 0.9263 | 0.9257
0424 | 02:15:51 |  30.5s | 1.0e-04 | 0.0181 | 0.9532 | 0.9552 | 0.9574 | 0.0222 | 0.9417 | 0.9399 | 0.9307
0425 | 02:16:34 |  30.6s | 1.0e-04 | 0.0183 | 0.9522 | 0.9542 | 0.9554 | 0.0219 | 0.9343 | 0.9434 | 0.9269
0426 | 02:17:17 |  30.4s | 1.0e-04 | 0.0180 | 0.9525 | 0.9553 | 0.9569 | 0.0211 | 0.9424 | 0.9382 | 0.9295
0427 | 02:18:01 |  30.7s | 1.0e-04 | 0.0183 | 0.9526 | 0.9550 | 0.9569 | 0.0216 | 0.9327 | 0.9448 | 0.9258
0428 | 02:18:44 |  30.6s | 1.0e-04 | 0.0181 | 0.9517 | 0.9534 | 0.9549 | 0.0228 | 0.9439 | 0.9242 | 0.9185
0429 | 02:19:28 |  30.7s | 1.0e-04 | 0.0184 | 0.9529 | 0.9546 | 0.9565 | 0.0211 | 0.9344 | 0.9437 | 0.9265
0430 | 02:20:11 |  40.4s | 1.0e-04 | 0.0184 | 0.9525 | 0.9548 | 0.9566 | 0.0221 | 0.9315 | 0.9463 | 0.9273
0431 | 02:21:04 |  29.5s | 1.0e-04 | 0.0179 | 0.9539 | 0.9549 | 0.9583 | 0.0219 | 0.9317 | 0.9420 | 0.9204
0432 | 02:21:47 |  29.7s | 1.0e-04 | 0.0180 | 0.9525 | 0.9542 | 0.9557 | 0.0216 | 0.9313 | 0.9453 | 0.9257
0433 | 02:22:29 |  30.1s | 1.0e-04 | 0.0181 | 0.9533 | 0.9546 | 0.9574 | 0.0224 | 0.9316 | 0.9401 | 0.9208
0434 | 02:23:12 |  29.7s | 1.0e-04 | 0.0180 | 0.9534 | 0.9545 | 0.9571 | 0.0213 | 0.9408 | 0.9389 | 0.9278
0435 | 02:23:55 |  29.7s | 1.0e-04 | 0.0182 | 0.9539 | 0.9532 | 0.9567 | 0.0215 | 0.9370 | 0.9436 | 0.9303
0436 | 02:24:37 |  30.2s | 1.0e-04 | 0.0183 | 0.9523 | 0.9534 | 0.9551 | 0.0220 | 0.9461 | 0.9310 | 0.9285
0437 | 02:25:20 |  29.9s | 1.0e-04 | 0.0186 | 0.9527 | 0.9529 | 0.9553 | 0.0217 | 0.9402 | 0.9413 | 0.9302
0438 | 02:26:03 |  42.6s | 1.0e-04 | 0.0185 | 0.9521 | 0.9535 | 0.9549 | 0.0219 | 0.9297 | 0.9492 | 0.9290
0439 | 02:26:58 |  29.9s | 1.0e-04 | 0.0193 | 0.9509 | 0.9535 | 0.9539 | 0.0216 | 0.9391 | 0.9377 | 0.9277
0440 | 02:27:41 |  29.8s | 1.0e-04 | 0.0194 | 0.9499 | 0.9528 | 0.9522 | 0.0208 | 0.9416 | 0.9379 | 0.9279
0441 | 02:28:23 |  29.9s | 1.0e-04 | 0.0192 | 0.9502 | 0.9527 | 0.9524 | 0.0216 | 0.9371 | 0.9377 | 0.9221
0442 | 02:29:06 |  29.7s | 1.0e-04 | 0.0194 | 0.9492 | 0.9517 | 0.9509 | 0.0232 | 0.9373 | 0.9310 | 0.9183
0443 | 02:29:48 |  29.8s | 1.0e-04 | 0.0191 | 0.9512 | 0.9528 | 0.9532 | 0.0222 | 0.9385 | 0.9419 | 0.9299
0444 | 02:30:31 |  30.0s | 1.0e-04 | 0.0196 | 0.9505 | 0.9508 | 0.9512 | 0.0222 | 0.9373 | 0.9357 | 0.9247
0445 | 02:31:13 |  29.9s | 1.0e-04 | 0.0191 | 0.9512 | 0.9530 | 0.9540 | 0.0219 | 0.9374 | 0.9377 | 0.9255
0446 | 02:31:56 |  41.6s | 1.0e-04 | 0.0188 | 0.9522 | 0.9559 | 0.9569 | 0.0218 | 0.9391 | 0.9362 | 0.9240
0447 | 02:32:51 |  30.5s | 1.0e-04 | 0.0192 | 0.9522 | 0.9554 | 0.9565 | 0.0211 | 0.9362 | 0.9385 | 0.9240
0448 | 02:33:34 |  30.4s | 1.0e-04 | 0.0185 | 0.9537 | 0.9570 | 0.9593 | 0.0224 | 0.9510 | 0.9238 | 0.9287
0449 | 02:34:17 |  30.2s | 1.0e-04 | 0.0187 | 0.9537 | 0.9575 | 0.9597 | 0.0220 | 0.9450 | 0.9253 | 0.9217
0450 | 02:35:00 |  31.1s | 1.0e-04 | 0.0188 | 0.9539 | 0.9568 | 0.9591 | 0.0222 | 0.9319 | 0.9446 | 0.9260
0451 | 02:35:44 |  30.6s | 1.0e-04 | 0.0187 | 0.9540 | 0.9558 | 0.9587 | 0.0214 | 0.9328 | 0.9490 | 0.9314
0452 | 02:36:27 |  30.8s | 1.0e-04 | 0.0188 | 0.9533 | 0.9554 | 0.9579 | 0.0214 | 0.9383 | 0.9405 | 0.9280
0453 | 02:37:11 |  30.5s | 1.0e-04 | 0.0187 | 0.9533 | 0.9557 | 0.9583 | 0.0222 | 0.9431 | 0.9346 | 0.9293
0454 | 02:37:54 |  43.9s | 1.0e-04 | 0.0183 | 0.9526 | 0.9533 | 0.9557 | 0.0212 | 0.9445 | 0.9393 | 0.9328
0455 | 02:38:51 |  30.3s | 1.0e-04 | 0.0183 | 0.9519 | 0.9533 | 0.9549 | 0.0213 | 0.9455 | 0.9361 | 0.9321
0456 | 02:39:34 |  31.3s | 1.0e-04 | 0.0185 | 0.9520 | 0.9534 | 0.9549 | 0.0220 | 0.9356 | 0.9413 | 0.9263
0457 | 02:40:18 |  30.3s | 1.0e-04 | 0.0184 | 0.9514 | 0.9533 | 0.9543 | 0.0224 | 0.9321 | 0.9437 | 0.9251
0458 | 02:41:01 |  30.9s | 1.0e-04 | 0.0187 | 0.9501 | 0.9517 | 0.9515 | 0.0214 | 0.9395 | 0.9415 | 0.9301
0459 | 02:41:44 |  30.4s | 1.0e-04 | 0.0184 | 0.9504 | 0.9525 | 0.9525 | 0.0207 | 0.9412 | 0.9378 | 0.9290
0460 | 02:42:28 |  30.7s | 1.0e-04 | 0.0182 | 0.9515 | 0.9535 | 0.9544 | 0.0214 | 0.9450 | 0.9319 | 0.9266
0461 | 02:43:11 |  42.4s | 1.0e-04 | 0.0183 | 0.9521 | 0.9523 | 0.9536 | 0.0214 | 0.9443 | 0.9365 | 0.9321
0462 | 02:44:06 |  30.5s | 1.0e-04 | 0.0189 | 0.9523 | 0.9538 | 0.9554 | 0.0214 | 0.9397 | 0.9418 | 0.9308
0463 | 02:44:50 |  30.4s | 1.0e-04 | 0.0188 | 0.9511 | 0.9550 | 0.9555 | 0.0225 | 0.9348 | 0.9457 | 0.9303
0464 | 02:45:33 |  30.7s | 1.0e-04 | 0.0186 | 0.9521 | 0.9542 | 0.9560 | 0.0202 | 0.9365 | 0.9440 | 0.9306
0465 | 02:46:16 |  30.6s | 1.0e-04 | 0.0190 | 0.9525 | 0.9548 | 0.9564 | 0.0219 | 0.9378 | 0.9410 | 0.9290
0466 | 02:47:00 |  30.4s | 1.0e-04 | 0.0191 | 0.9513 | 0.9530 | 0.9542 | 0.0227 | 0.9383 | 0.9401 | 0.9276
0467 | 02:47:43 |  30.7s | 1.0e-04 | 0.0187 | 0.9520 | 0.9548 | 0.9559 | 0.0215 | 0.9363 | 0.9452 | 0.9303
0468 | 02:48:26 |  30.5s | 1.0e-04 | 0.0185 | 0.9529 | 0.9544 | 0.9567 | 0.0225 | 0.9324 | 0.9484 | 0.9307
0469 | 02:49:09 |  39.0s | 1.0e-04 | 0.0188 | 0.9530 | 0.9539 | 0.9564 | 0.0216 | 0.9361 | 0.9448 | 0.9304
0470 | 02:50:01 |  30.8s | 1.0e-04 | 0.0187 | 0.9523 | 0.9541 | 0.9558 | 0.0216 | 0.9304 | 0.9504 | 0.9308
0471 | 02:50:45 |  31.0s | 1.0e-04 | 0.0191 | 0.9512 | 0.9535 | 0.9541 | 0.0218 | 0.9421 | 0.9350 | 0.9277
0472 | 02:51:29 |  30.5s | 1.0e-04 | 0.0190 | 0.9514 | 0.9531 | 0.9537 | 0.0220 | 0.9397 | 0.9402 | 0.9288
0473 | 02:52:12 |  30.8s | 1.0e-04 | 0.0190 | 0.9522 | 0.9542 | 0.9559 | 0.0221 | 0.9349 | 0.9453 | 0.9303
0474 | 02:52:55 |  31.0s | 1.0e-04 | 0.0186 | 0.9519 | 0.9541 | 0.9556 | 0.0217 | 0.9398 | 0.9393 | 0.9296
0475 | 02:53:39 |  30.8s | 1.0e-04 | 0.0185 | 0.9527 | 0.9544 | 0.9563 | 0.0216 | 0.9408 | 0.9398 | 0.9293
0476 | 02:54:22 |  30.5s | 1.0e-04 | 0.0192 | 0.9507 | 0.9526 | 0.9528 | 0.0217 | 0.9390 | 0.9384 | 0.9267
0477 | 02:55:06 |  39.5s | 1.0e-04 | 0.0192 | 0.9502 | 0.9539 | 0.9537 | 0.0211 | 0.9310 | 0.9505 | 0.9316
0478 | 02:55:58 |  31.0s | 1.0e-04 | 0.0194 | 0.9514 | 0.9522 | 0.9532 | 0.0214 | 0.9414 | 0.9411 | 0.9326
0479 | 02:56:42 |  31.5s | 1.0e-04 | 0.0192 | 0.9507 | 0.9530 | 0.9533 | 0.0217 | 0.9346 | 0.9485 | 0.9333
0480 | 02:57:26 |  31.3s | 1.0e-04 | 0.0192 | 0.9512 | 0.9535 | 0.9541 | 0.0220 | 0.9438 | 0.9342 | 0.9288
0481 | 02:58:10 |  31.4s | 1.0e-04 | 0.0197 | 0.9509 | 0.9537 | 0.9538 | 0.0217 | 0.9385 | 0.9426 | 0.9311
0482 | 02:58:54 |  31.2s | 1.0e-04 | 0.0197 | 0.9500 | 0.9514 | 0.9514 | 0.0215 | 0.9394 | 0.9368 | 0.9246
0483 | 02:59:38 |  30.8s | 1.0e-04 | 0.0188 | 0.9513 | 0.9536 | 0.9541 | 0.0210 | 0.9382 | 0.9409 | 0.9297
0484 | 03:00:22 |  31.1s | 1.0e-04 | 0.0193 | 0.9510 | 0.9527 | 0.9533 | 0.0212 | 0.9411 | 0.9359 | 0.9238
0485 | 03:01:06 |  40.9s | 1.0e-04 | 0.0186 | 0.9521 | 0.9546 | 0.9560 | 0.0211 | 0.9417 | 0.9340 | 0.9245
0486 | 03:02:00 |  30.5s | 1.0e-04 | 0.0185 | 0.9529 | 0.9552 | 0.9571 | 0.0218 | 0.9347 | 0.9437 | 0.9280
0487 | 03:02:43 |  30.3s | 1.0e-04 | 0.0184 | 0.9517 | 0.9557 | 0.9565 | 0.0219 | 0.9322 | 0.9434 | 0.9248
0488 | 03:03:26 |  30.4s | 1.0e-04 | 0.0185 | 0.9524 | 0.9558 | 0.9567 | 0.0219 | 0.9386 | 0.9385 | 0.9272
0489 | 03:04:09 |  30.6s | 1.0e-04 | 0.0184 | 0.9530 | 0.9543 | 0.9567 | 0.0217 | 0.9429 | 0.9359 | 0.9285
0490 | 03:04:53 |  30.4s | 1.0e-04 | 0.0185 | 0.9524 | 0.9556 | 0.9570 | 0.0215 | 0.9316 | 0.9481 | 0.9296
0491 | 03:05:36 |  30.5s | 1.0e-04 | 0.0183 | 0.9530 | 0.9554 | 0.9571 | 0.0223 | 0.9377 | 0.9400 | 0.9276
0492 | 03:06:19 |  30.3s | 1.0e-04 | 0.0185 | 0.9521 | 0.9561 | 0.9567 | 0.0217 | 0.9424 | 0.9402 | 0.9322
0493 | 03:07:02 |  44.6s | 1.0e-04 | 0.0178 | 0.9520 | 0.9517 | 0.9533 | 0.0213 | 0.9303 | 0.9482 | 0.9280
0494 | 03:08:00 |  31.2s | 1.0e-04 | 0.0173 | 0.9507 | 0.9523 | 0.9529 | 0.0212 | 0.9449 | 0.9410 | 0.9361
0495 | 03:08:44 |  31.6s | 1.0e-04 | 0.0173 | 0.9518 | 0.9535 | 0.9550 | 0.0210 | 0.9463 | 0.9387 | 0.9356
0496 | 03:09:28 |  31.8s | 1.0e-04 | 0.0174 | 0.9517 | 0.9527 | 0.9542 | 0.0206 | 0.9422 | 0.9378 | 0.9310
0497 | 03:10:13 |  31.3s | 1.0e-04 | 0.0175 | 0.9506 | 0.9515 | 0.9522 | 0.0214 | 0.9301 | 0.9465 | 0.9264
0498 | 03:10:57 |  31.7s | 1.0e-04 | 0.0173 | 0.9509 | 0.9526 | 0.9533 | 0.0211 | 0.9423 | 0.9324 | 0.9237
0499 | 03:11:41 |  31.3s | 1.0e-04 | 0.0176 | 0.9512 | 0.9519 | 0.9529 | 0.0221 | 0.9436 | 0.9378 | 0.9316
0500 | 03:12:25 |  31.5s | 1.0e-04 | 0.0174 | 0.9520 | 0.9525 | 0.9544 | 0.0219 | 0.9468 | 0.9323 | 0.9302
0501 | 03:13:13 |  31.0s | 1.0e-04 | 0.0180 | 0.9513 | 0.9547 | 0.9555 | 0.0213 | 0.9433 | 0.9376 | 0.9310
0502 | 03:13:57 |  30.7s | 1.0e-04 | 0.0178 | 0.9522 | 0.9545 | 0.9561 | 0.0211 | 0.9319 | 0.9466 | 0.9279
0503 | 03:14:41 |  31.0s | 1.0e-04 | 0.0181 | 0.9529 | 0.9540 | 0.9562 | 0.0209 | 0.9442 | 0.9362 | 0.9319
0504 | 03:15:24 |  31.0s | 1.0e-04 | 0.0181 | 0.9525 | 0.9546 | 0.9563 | 0.0212 | 0.9397 | 0.9390 | 0.9296
0505 | 03:16:08 |  31.2s | 1.0e-04 | 0.0182 | 0.9524 | 0.9544 | 0.9562 | 0.0228 | 0.9377 | 0.9354 | 0.9223
0506 | 03:16:52 |  30.8s | 1.0e-04 | 0.0178 | 0.9530 | 0.9543 | 0.9568 | 0.0214 | 0.9401 | 0.9383 | 0.9296
0507 | 03:17:35 |  30.8s | 1.0e-04 | 0.0181 | 0.9527 | 0.9536 | 0.9560 | 0.0220 | 0.9376 | 0.9377 | 0.9250
0508 | 03:18:19 |  39.7s | 1.0e-04 | 0.0179 | 0.9524 | 0.9562 | 0.9577 | 0.0219 | 0.9453 | 0.9331 | 0.9307
0509 | 03:19:11 |  30.4s | 1.0e-04 | 0.0174 | 0.9545 | 0.9567 | 0.9600 | 0.0224 | 0.9332 | 0.9428 | 0.9249
0510 | 03:19:55 |  30.4s | 1.0e-04 | 0.0174 | 0.9542 | 0.9568 | 0.9598 | 0.0205 | 0.9383 | 0.9438 | 0.9315
0511 | 03:20:38 |  30.3s | 1.0e-04 | 0.0178 | 0.9527 | 0.9550 | 0.9572 | 0.0217 | 0.9485 | 0.9322 | 0.9323
0512 | 03:21:21 |  30.4s | 1.0e-04 | 0.0177 | 0.9531 | 0.9553 | 0.9575 | 0.0215 | 0.9359 | 0.9422 | 0.9270
0513 | 03:22:04 |  30.1s | 1.0e-04 | 0.0176 | 0.9533 | 0.9558 | 0.9581 | 0.0214 | 0.9469 | 0.9364 | 0.9356
0514 | 03:22:46 |  30.4s | 1.0e-04 | 0.0177 | 0.9539 | 0.9558 | 0.9585 | 0.0208 | 0.9374 | 0.9423 | 0.9290
0515 | 03:23:30 |  30.2s | 1.0e-04 | 0.0180 | 0.9533 | 0.9555 | 0.9577 | 0.0214 | 0.9401 | 0.9358 | 0.9256
0516 | 03:24:13 |  41.6s | 1.0e-04 | 0.0179 | 0.9531 | 0.9556 | 0.9578 | 0.0219 | 0.9374 | 0.9348 | 0.9215
0517 | 03:25:07 |  30.8s | 1.0e-04 | 0.0181 | 0.9538 | 0.9566 | 0.9589 | 0.0208 | 0.9434 | 0.9396 | 0.9330
0518 | 03:25:51 |  30.8s | 1.0e-04 | 0.0184 | 0.9532 | 0.9561 | 0.9582 | 0.0218 | 0.9410 | 0.9277 | 0.9199
0519 | 03:26:34 |  30.8s | 1.0e-04 | 0.0179 | 0.9542 | 0.9571 | 0.9600 | 0.0225 | 0.9415 | 0.9306 | 0.9224
0520 | 03:27:18 |  30.8s | 1.0e-04 | 0.0179 | 0.9540 | 0.9569 | 0.9593 | 0.0211 | 0.9441 | 0.9395 | 0.9332
0521 | 03:28:02 |  31.1s | 1.0e-04 | 0.0180 | 0.9538 | 0.9578 | 0.9594 | 0.0213 | 0.9445 | 0.9359 | 0.9315
0522 | 03:28:46 |  31.1s | 1.0e-04 | 0.0180 | 0.9540 | 0.9570 | 0.9598 | 0.0209 | 0.9380 | 0.9452 | 0.9324
0523 | 03:29:30 |  30.8s | 1.0e-04 | 0.0181 | 0.9529 | 0.9566 | 0.9582 | 0.0219 | 0.9403 | 0.9406 | 0.9306
0524 | 03:30:13 |  39.7s | 1.0e-04 | 0.0181 | 0.9531 | 0.9553 | 0.9576 | 0.0209 | 0.9391 | 0.9451 | 0.9331
0525 | 03:31:06 |  30.5s | 1.0e-04 | 0.0177 | 0.9528 | 0.9559 | 0.9573 | 0.0214 | 0.9442 | 0.9333 | 0.9300
0526 | 03:31:50 |  30.5s | 1.0e-04 | 0.0179 | 0.9521 | 0.9559 | 0.9569 | 0.0213 | 0.9420 | 0.9389 | 0.9310
0527 | 03:32:33 |  30.8s | 1.0e-04 | 0.0180 | 0.9529 | 0.9553 | 0.9574 | 0.0209 | 0.9371 | 0.9404 | 0.9280
0528 | 03:33:17 |  30.7s | 1.0e-04 | 0.0181 | 0.9525 | 0.9545 | 0.9564 | 0.0211 | 0.9362 | 0.9450 | 0.9306
0529 | 03:34:01 |  30.8s | 1.0e-04 | 0.0179 | 0.9531 | 0.9562 | 0.9581 | 0.0217 | 0.9388 | 0.9377 | 0.9267
0530 | 03:34:45 |  30.8s | 1.0e-04 | 0.0182 | 0.9523 | 0.9541 | 0.9555 | 0.0211 | 0.9425 | 0.9437 | 0.9350
0531 | 03:35:29 |  30.8s | 1.0e-04 | 0.0180 | 0.9527 | 0.9548 | 0.9564 | 0.0211 | 0.9350 | 0.9457 | 0.9295
0532 | 03:36:13 |  40.3s | 1.0e-04 | 0.0180 | 0.9520 | 0.9551 | 0.9562 | 0.0221 | 0.9384 | 0.9416 | 0.9296
0533 | 03:37:06 |  31.2s | 1.0e-04 | 0.0180 | 0.9528 | 0.9559 | 0.9578 | 0.0217 | 0.9346 | 0.9487 | 0.9337
0534 | 03:37:50 |  31.2s | 1.0e-04 | 0.0181 | 0.9531 | 0.9553 | 0.9574 | 0.0210 | 0.9440 | 0.9329 | 0.9265
0535 | 03:38:35 |  31.5s | 1.0e-04 | 0.0179 | 0.9522 | 0.9565 | 0.9575 | 0.0214 | 0.9428 | 0.9347 | 0.9289
0536 | 03:39:20 |  31.3s | 1.0e-04 | 0.0183 | 0.9525 | 0.9549 | 0.9566 | 0.0217 | 0.9302 | 0.9488 | 0.9287
0537 | 03:40:04 |  31.5s | 1.0e-04 | 0.0181 | 0.9523 | 0.9543 | 0.9556 | 0.0213 | 0.9475 | 0.9340 | 0.9331
0538 | 03:40:49 |  31.1s | 1.0e-04 | 0.0176 | 0.9532 | 0.9570 | 0.9587 | 0.0213 | 0.9338 | 0.9501 | 0.9341
0539 | 03:41:33 |  31.6s | 1.0e-04 | 0.0181 | 0.9525 | 0.9556 | 0.9573 | 0.0211 | 0.9326 | 0.9480 | 0.9295
0540 | 03:42:18 |  40.0s | 1.0e-04 | 0.0184 | 0.9526 | 0.9542 | 0.9562 | 0.0211 | 0.9434 | 0.9375 | 0.9312
0541 | 03:43:11 |  30.9s | 1.0e-04 | 0.0184 | 0.9532 | 0.9544 | 0.9567 | 0.0210 | 0.9411 | 0.9396 | 0.9312
0542 | 03:43:55 |  31.2s | 1.0e-04 | 0.0185 | 0.9518 | 0.9541 | 0.9557 | 0.0212 | 0.9411 | 0.9425 | 0.9342
0543 | 03:44:39 |  31.1s | 1.0e-04 | 0.0188 | 0.9519 | 0.9549 | 0.9562 | 0.0217 | 0.9459 | 0.9340 | 0.9301
0544 | 03:45:24 |  31.3s | 1.0e-04 | 0.0188 | 0.9527 | 0.9537 | 0.9557 | 0.0210 | 0.9421 | 0.9392 | 0.9322
0545 | 03:46:08 |  31.4s | 1.0e-04 | 0.0187 | 0.9519 | 0.9540 | 0.9553 | 0.0219 | 0.9426 | 0.9366 | 0.9276
0546 | 03:46:53 |  31.1s | 1.0e-04 | 0.0186 | 0.9527 | 0.9544 | 0.9564 | 0.0218 | 0.9472 | 0.9369 | 0.9339
0547 | 03:47:37 |  41.9s | 1.0e-04 | 0.0185 | 0.9523 | 0.9545 | 0.9559 | 0.0215 | 0.9393 | 0.9415 | 0.9311
0548 | 03:48:32 |  30.8s | 1.0e-04 | 0.0188 | 0.9506 | 0.9533 | 0.9534 | 0.0218 | 0.9439 | 0.9321 | 0.9285
0549 | 03:49:16 |  31.1s | 1.0e-04 | 0.0191 | 0.9516 | 0.9532 | 0.9545 | 0.0220 | 0.9398 | 0.9417 | 0.9315
0550 | 03:50:00 |  30.7s | 1.0e-04 | 0.0187 | 0.9509 | 0.9527 | 0.9533 | 0.0210 | 0.9406 | 0.9399 | 0.9309
0551 | 03:50:44 |  31.1s | 1.0e-04 | 0.0192 | 0.9508 | 0.9532 | 0.9535 | 0.0212 | 0.9322 | 0.9459 | 0.9285
0552 | 03:51:28 |  30.4s | 1.0e-04 | 0.0188 | 0.9515 | 0.9524 | 0.9538 | 0.0205 | 0.9400 | 0.9434 | 0.9327
0553 | 03:52:12 |  30.9s | 1.0e-04 | 0.0190 | 0.9496 | 0.9527 | 0.9520 | 0.0211 | 0.9419 | 0.9417 | 0.9337
0554 | 03:52:56 |  30.9s | 1.0e-04 | 0.0189 | 0.9520 | 0.9530 | 0.9545 | 0.0211 | 0.9376 | 0.9446 | 0.9313
0555 | 03:53:40 |  41.4s | 1.0e-04 | 0.0187 | 0.9515 | 0.9530 | 0.9540 | 0.0211 | 0.9409 | 0.9433 | 0.9346
0556 | 03:54:34 |  30.4s | 1.0e-04 | 0.0184 | 0.9503 | 0.9530 | 0.9529 | 0.0217 | 0.9368 | 0.9425 | 0.9280
0557 | 03:55:18 |  30.7s | 1.0e-04 | 0.0183 | 0.9513 | 0.9537 | 0.9541 | 0.0203 | 0.9381 | 0.9490 | 0.9368
0558 | 03:56:02 |  30.6s | 1.0e-04 | 0.0184 | 0.9504 | 0.9539 | 0.9535 | 0.0202 | 0.9370 | 0.9452 | 0.9318
0559 | 03:56:46 |  30.6s | 1.0e-04 | 0.0185 | 0.9502 | 0.9536 | 0.9534 | 0.0216 | 0.9461 | 0.9300 | 0.9283
0560 | 03:57:30 |  30.7s | 1.0e-04 | 0.0183 | 0.9510 | 0.9533 | 0.9539 | 0.0211 | 0.9422 | 0.9409 | 0.9332
0561 | 03:58:13 |  30.5s | 1.0e-04 | 0.0183 | 0.9512 | 0.9535 | 0.9543 | 0.0208 | 0.9403 | 0.9466 | 0.9374
0562 | 03:58:57 |  30.9s | 1.0e-04 | 0.0184 | 0.9510 | 0.9540 | 0.9540 | 0.0215 | 0.9421 | 0.9376 | 0.9302
0563 | 03:59:41 |  41.3s | 1.0e-04 | 0.0177 | 0.9528 | 0.9536 | 0.9557 | 0.0215 | 0.9268 | 0.9522 | 0.9303
0564 | 04:00:36 |  30.1s | 1.0e-04 | 0.0171 | 0.9534 | 0.9563 | 0.9587 | 0.0215 | 0.9410 | 0.9410 | 0.9306
0565 | 04:01:19 |  30.3s | 1.0e-04 | 0.0170 | 0.9546 | 0.9571 | 0.9604 | 0.0214 | 0.9402 | 0.9385 | 0.9284
0566 | 04:02:02 |  30.1s | 1.0e-04 | 0.0172 | 0.9534 | 0.9556 | 0.9579 | 0.0215 | 0.9462 | 0.9272 | 0.9236
0567 | 04:02:46 |  30.5s | 1.0e-04 | 0.0175 | 0.9534 | 0.9563 | 0.9588 | 0.0208 | 0.9335 | 0.9463 | 0.9281
0568 | 04:03:29 |  30.2s | 1.0e-04 | 0.0173 | 0.9541 | 0.9563 | 0.9593 | 0.0211 | 0.9397 | 0.9431 | 0.9318
0569 | 04:04:13 |  30.1s | 1.0e-04 | 0.0171 | 0.9544 | 0.9566 | 0.9595 | 0.0218 | 0.9355 | 0.9456 | 0.9297
0570 | 04:04:56 |  30.3s | 1.0e-04 | 0.0172 | 0.9538 | 0.9577 | 0.9594 | 0.0212 | 0.9437 | 0.9367 | 0.9312
0571 | 04:05:39 |  43.2s | 1.0e-04 | 0.0176 | 0.9545 | 0.9563 | 0.9594 | 0.0214 | 0.9318 | 0.9489 | 0.9301
0572 | 04:06:35 |  30.3s | 1.0e-04 | 0.0177 | 0.9530 | 0.9571 | 0.9585 | 0.0211 | 0.9445 | 0.9382 | 0.9333
0573 | 04:07:19 |  30.5s | 1.0e-04 | 0.0177 | 0.9543 | 0.9563 | 0.9594 | 0.0218 | 0.9332 | 0.9422 | 0.9239
0574 | 04:08:02 |  30.3s | 1.0e-04 | 0.0178 | 0.9543 | 0.9566 | 0.9596 | 0.0200 | 0.9403 | 0.9421 | 0.9295
0575 | 04:08:46 |  30.4s | 1.0e-04 | 0.0176 | 0.9537 | 0.9565 | 0.9591 | 0.0210 | 0.9403 | 0.9422 | 0.9323
0576 | 04:09:29 |  30.2s | 1.0e-04 | 0.0176 | 0.9536 | 0.9568 | 0.9586 | 0.0210 | 0.9424 | 0.9357 | 0.9264
0577 | 04:10:13 |  30.3s | 1.0e-04 | 0.0176 | 0.9540 | 0.9567 | 0.9593 | 0.0204 | 0.9448 | 0.9372 | 0.9314
0578 | 04:10:56 |  30.5s | 1.0e-04 | 0.0177 | 0.9544 | 0.9565 | 0.9598 | 0.0215 | 0.9465 | 0.9339 | 0.9312
0579 | 04:11:40 |  39.0s | 1.0e-04 | 0.0176 | 0.9550 | 0.9563 | 0.9600 | 0.0207 | 0.9346 | 0.9463 | 0.9285
0580 | 04:12:32 |  30.6s | 1.0e-04 | 0.0176 | 0.9549 | 0.9566 | 0.9600 | 0.0207 | 0.9383 | 0.9426 | 0.9304
0581 | 04:13:15 |  30.6s | 1.0e-04 | 0.0174 | 0.9543 | 0.9578 | 0.9608 | 0.0212 | 0.9395 | 0.9432 | 0.9320
0582 | 04:13:58 |  30.4s | 1.0e-04 | 0.0175 | 0.9545 | 0.9563 | 0.9599 | 0.0213 | 0.9414 | 0.9423 | 0.9327
0583 | 04:14:42 |  30.7s | 1.0e-04 | 0.0180 | 0.9540 | 0.9558 | 0.9585 | 0.0215 | 0.9398 | 0.9432 | 0.9339
0584 | 04:15:25 |  30.5s | 1.0e-04 | 0.0177 | 0.9541 | 0.9561 | 0.9593 | 0.0212 | 0.9399 | 0.9398 | 0.9296
0585 | 04:16:09 |  30.8s | 1.0e-04 | 0.0176 | 0.9557 | 0.9572 | 0.9613 | 0.0211 | 0.9429 | 0.9378 | 0.9325
0586 | 04:16:53 |  41.7s | 1.0e-04 | 0.0175 | 0.9543 | 0.9566 | 0.9597 | 0.0212 | 0.9386 | 0.9470 | 0.9350
0587 | 04:17:47 |  30.1s | 1.0e-04 | 0.0189 | 0.9508 | 0.9508 | 0.9514 | 0.0216 | 0.9306 | 0.9496 | 0.9303
0588 | 04:18:30 |  30.5s | 1.0e-04 | 0.0187 | 0.9513 | 0.9524 | 0.9534 | 0.0214 | 0.9447 | 0.9357 | 0.9294
0589 | 04:19:14 |  30.4s | 1.0e-04 | 0.0188 | 0.9509 | 0.9525 | 0.9530 | 0.0209 | 0.9322 | 0.9515 | 0.9339
0590 | 04:19:57 |  30.3s | 1.0e-04 | 0.0189 | 0.9506 | 0.9529 | 0.9530 | 0.0207 | 0.9421 | 0.9443 | 0.9360
0591 | 04:20:40 |  30.3s | 1.0e-04 | 0.0190 | 0.9500 | 0.9512 | 0.9509 | 0.0214 | 0.9441 | 0.9326 | 0.9279
0592 | 04:21:24 |  30.1s | 1.0e-04 | 0.0189 | 0.9507 | 0.9515 | 0.9521 | 0.0205 | 0.9385 | 0.9439 | 0.9322
0593 | 04:22:07 |  30.3s | 1.0e-04 | 0.0190 | 0.9502 | 0.9517 | 0.9516 | 0.0219 | 0.9398 | 0.9377 | 0.9276
0594 | 04:22:50 |  43.8s | 1.0e-04 | 0.0185 | 0.9516 | 0.9519 | 0.9534 | 0.0207 | 0.9422 | 0.9431 | 0.9349
0595 | 04:23:47 |  31.0s | 1.0e-04 | 0.0183 | 0.9513 | 0.9523 | 0.9533 | 0.0209 | 0.9400 | 0.9436 | 0.9332
0596 | 04:24:31 |  31.6s | 1.0e-04 | 0.0180 | 0.9527 | 0.9536 | 0.9559 | 0.0210 | 0.9388 | 0.9423 | 0.9308
0597 | 04:25:15 |  31.3s | 1.0e-04 | 0.0179 | 0.9523 | 0.9533 | 0.9553 | 0.0210 | 0.9458 | 0.9351 | 0.9322
0598 | 04:25:59 |  31.1s | 1.0e-04 | 0.0180 | 0.9515 | 0.9537 | 0.9545 | 0.0214 | 0.9407 | 0.9378 | 0.9268
0599 | 04:26:43 |  31.1s | 1.0e-04 | 0.0185 | 0.9503 | 0.9519 | 0.9519 | 0.0207 | 0.9405 | 0.9444 | 0.9357
0600 | 04:27:27 |  31.4s | 1.0e-04 | 0.0180 | 0.9513 | 0.9536 | 0.9539 | 0.0209 | 0.9463 | 0.9356 | 0.9328
0601 | 04:28:12 |  31.3s | 1.0e-04 | 0.0181 | 0.9515 | 0.9537 | 0.9544 | 0.0219 | 0.9332 | 0.9454 | 0.9286
0602 | 04:28:56 |  40.2s | 1.0e-04 | 0.0173 | 0.9528 | 0.9546 | 0.9569 | 0.0205 | 0.9422 | 0.9408 | 0.9329
0603 | 04:29:49 |  30.9s | 1.0e-04 | 0.0173 | 0.9531 | 0.9541 | 0.9565 | 0.0208 | 0.9425 | 0.9406 | 0.9348
0604 | 04:30:33 |  30.9s | 1.0e-04 | 0.0168 | 0.9534 | 0.9546 | 0.9577 | 0.0205 | 0.9445 | 0.9381 | 0.9324
0605 | 04:31:17 |  31.0s | 1.0e-04 | 0.0173 | 0.9516 | 0.9541 | 0.9551 | 0.0206 | 0.9350 | 0.9485 | 0.9334
0606 | 04:32:01 |  31.5s | 1.0e-04 | 0.0169 | 0.9526 | 0.9550 | 0.9568 | 0.0209 | 0.9363 | 0.9495 | 0.9359
0607 | 04:32:46 |  31.2s | 1.0e-04 | 0.0171 | 0.9531 | 0.9544 | 0.9568 | 0.0211 | 0.9418 | 0.9425 | 0.9342
0608 | 04:33:30 |  31.1s | 1.0e-04 | 0.0171 | 0.9528 | 0.9545 | 0.9564 | 0.0212 | 0.9355 | 0.9473 | 0.9318
0609 | 04:34:13 |  31.2s | 1.0e-04 | 0.0168 | 0.9535 | 0.9549 | 0.9579 | 0.0210 | 0.9385 | 0.9450 | 0.9325
0610 | 04:34:58 |  43.4s | 1.0e-04 | 0.0178 | 0.9532 | 0.9574 | 0.9592 | 0.0216 | 0.9398 | 0.9422 | 0.9310
0611 | 04:35:54 |  30.9s | 1.0e-04 | 0.0183 | 0.9539 | 0.9582 | 0.9604 | 0.0213 | 0.9379 | 0.9440 | 0.9316
0612 | 04:36:38 |  30.8s | 1.0e-04 | 0.0185 | 0.9538 | 0.9570 | 0.9597 | 0.0214 | 0.9339 | 0.9463 | 0.9298
0613 | 04:37:21 |  30.5s | 1.0e-04 | 0.0184 | 0.9537 | 0.9570 | 0.9594 | 0.0202 | 0.9395 | 0.9459 | 0.9359
0614 | 04:38:04 |  30.6s | 1.0e-04 | 0.0184 | 0.9540 | 0.9569 | 0.9601 | 0.0206 | 0.9388 | 0.9479 | 0.9367
0615 | 04:38:48 |  30.6s | 1.0e-04 | 0.0185 | 0.9545 | 0.9572 | 0.9598 | 0.0211 | 0.9402 | 0.9482 | 0.9381
0616 | 04:39:31 |  31.1s | 1.0e-04 | 0.0185 | 0.9533 | 0.9568 | 0.9588 | 0.0207 | 0.9430 | 0.9443 | 0.9386
0617 | 04:40:15 |  30.7s | 1.0e-04 | 0.0186 | 0.9536 | 0.9570 | 0.9593 | 0.0215 | 0.9342 | 0.9499 | 0.9342
0618 | 04:40:59 |  41.2s | 1.0e-04 | 0.0182 | 0.9540 | 0.9582 | 0.9603 | 0.0206 | 0.9411 | 0.9449 | 0.9357
0619 | 04:41:53 |  30.8s | 1.0e-04 | 0.0181 | 0.9538 | 0.9575 | 0.9601 | 0.0213 | 0.9440 | 0.9409 | 0.9347
0620 | 04:42:37 |  31.2s | 1.0e-04 | 0.0180 | 0.9543 | 0.9582 | 0.9609 | 0.0212 | 0.9370 | 0.9476 | 0.9341
0621 | 04:43:21 |  30.8s | 1.0e-04 | 0.0180 | 0.9538 | 0.9575 | 0.9597 | 0.0210 | 0.9367 | 0.9449 | 0.9312
0622 | 04:44:04 |  30.9s | 1.0e-04 | 0.0180 | 0.9542 | 0.9589 | 0.9609 | 0.0218 | 0.9414 | 0.9373 | 0.9311
0623 | 04:44:48 |  31.0s | 1.0e-04 | 0.0180 | 0.9544 | 0.9567 | 0.9599 | 0.0217 | 0.9346 | 0.9416 | 0.9250
0624 | 04:45:32 |  31.0s | 1.0e-04 | 0.0182 | 0.9534 | 0.9575 | 0.9595 | 0.0205 | 0.9416 | 0.9430 | 0.9350
0625 | 04:46:16 |  31.3s | 1.0e-04 | 0.0179 | 0.9549 | 0.9578 | 0.9612 | 0.0212 | 0.9421 | 0.9441 | 0.9367
0626 | 04:47:05 |  31.3s | 1.0e-04 | 0.0166 | 0.9548 | 0.9558 | 0.9595 | 0.0211 | 0.9421 | 0.9397 | 0.9316
0627 | 04:47:49 |  31.3s | 1.0e-04 | 0.0169 | 0.9533 | 0.9553 | 0.9574 | 0.0205 | 0.9322 | 0.9533 | 0.9361
0628 | 04:48:33 |  31.2s | 1.0e-04 | 0.0170 | 0.9523 | 0.9553 | 0.9569 | 0.0209 | 0.9345 | 0.9458 | 0.9303
0629 | 04:49:17 |  31.5s | 1.0e-04 | 0.0168 | 0.9526 | 0.9559 | 0.9573 | 0.0204 | 0.9419 | 0.9397 | 0.9325
0630 | 04:50:02 |  31.2s | 1.0e-04 | 0.0169 | 0.9540 | 0.9542 | 0.9578 | 0.0210 | 0.9356 | 0.9495 | 0.9348
0631 | 04:50:46 |  31.4s | 1.0e-04 | 0.0167 | 0.9538 | 0.9554 | 0.9581 | 0.0216 | 0.9404 | 0.9376 | 0.9287
0632 | 04:51:30 |  31.5s | 1.0e-04 | 0.0169 | 0.9537 | 0.9555 | 0.9579 | 0.0218 | 0.9470 | 0.9308 | 0.9267
0633 | 04:52:14 |  39.6s | 1.0e-04 | 0.0169 | 0.9527 | 0.9570 | 0.9585 | 0.0215 | 0.9342 | 0.9447 | 0.9287
0634 | 04:53:07 |  30.6s | 1.0e-04 | 0.0167 | 0.9555 | 0.9583 | 0.9616 | 0.0212 | 0.9395 | 0.9417 | 0.9306
0635 | 04:53:50 |  30.5s | 1.0e-04 | 0.0169 | 0.9555 | 0.9585 | 0.9622 | 0.0206 | 0.9382 | 0.9404 | 0.9276
0636 | 04:54:34 |  30.3s | 1.0e-04 | 0.0168 | 0.9563 | 0.9572 | 0.9623 | 0.0215 | 0.9492 | 0.9311 | 0.9326
0637 | 04:55:17 |  30.5s | 1.0e-04 | 0.0168 | 0.9544 | 0.9587 | 0.9613 | 0.0213 | 0.9406 | 0.9353 | 0.9242
0638 | 04:56:00 |  30.4s | 1.0e-04 | 0.0167 | 0.9554 | 0.9584 | 0.9620 | 0.0216 | 0.9456 | 0.9323 | 0.9292
0639 | 04:56:44 |  30.9s | 1.0e-04 | 0.0170 | 0.9538 | 0.9590 | 0.9610 | 0.0211 | 0.9415 | 0.9392 | 0.9323
0640 | 04:57:28 |  30.6s | 1.0e-04 | 0.0168 | 0.9551 | 0.9579 | 0.9613 | 0.0209 | 0.9366 | 0.9458 | 0.9318
0641 | 04:58:11 |  38.6s | 1.0e-04 | 0.0166 | 0.9559 | 0.9583 | 0.9623 | 0.0210 | 0.9438 | 0.9383 | 0.9334
0642 | 04:59:03 |  30.7s | 1.0e-04 | 0.0164 | 0.9554 | 0.9582 | 0.9618 | 0.0206 | 0.9439 | 0.9352 | 0.9299
0643 | 04:59:46 |  30.7s | 1.0e-04 | 0.0159 | 0.9569 | 0.9586 | 0.9637 | 0.0210 | 0.9415 | 0.9434 | 0.9351
0644 | 05:00:30 |  30.9s | 1.0e-04 | 0.0162 | 0.9568 | 0.9588 | 0.9635 | 0.0213 | 0.9378 | 0.9377 | 0.9227
0645 | 05:01:13 |  30.9s | 1.0e-04 | 0.0159 | 0.9574 | 0.9589 | 0.9646 | 0.0221 | 0.9294 | 0.9495 | 0.9290
0646 | 05:01:57 |  30.9s | 1.0e-04 | 0.0161 | 0.9573 | 0.9591 | 0.9642 | 0.0214 | 0.9388 | 0.9402 | 0.9280
0647 | 05:02:41 |  30.9s | 1.0e-04 | 0.0163 | 0.9554 | 0.9591 | 0.9623 | 0.0215 | 0.9360 | 0.9471 | 0.9330
0648 | 05:03:25 |  31.1s | 1.0e-04 | 0.0164 | 0.9539 | 0.9590 | 0.9607 | 0.0210 | 0.9337 | 0.9473 | 0.9312
0649 | 05:04:08 |  43.7s | 1.0e-04 | 0.0173 | 0.9535 | 0.9565 | 0.9590 | 0.0209 | 0.9397 | 0.9472 | 0.9367
0650 | 05:05:05 |  30.3s | 1.0e-04 | 0.0184 | 0.9520 | 0.9551 | 0.9561 | 0.0205 | 0.9395 | 0.9405 | 0.9300
0651 | 05:05:48 |  30.2s | 1.0e-04 | 0.0185 | 0.9522 | 0.9537 | 0.9550 | 0.0214 | 0.9287 | 0.9499 | 0.9287
0652 | 05:06:32 |  30.3s | 1.0e-04 | 0.0187 | 0.9516 | 0.9544 | 0.9553 | 0.0206 | 0.9381 | 0.9478 | 0.9360
0653 | 05:07:15 |  30.0s | 1.0e-04 | 0.0183 | 0.9535 | 0.9558 | 0.9580 | 0.0208 | 0.9422 | 0.9404 | 0.9307
0654 | 05:07:58 |  30.5s | 1.0e-04 | 0.0184 | 0.9527 | 0.9560 | 0.9572 | 0.0211 | 0.9394 | 0.9460 | 0.9349
0655 | 05:08:41 |  30.2s | 1.0e-04 | 0.0185 | 0.9522 | 0.9551 | 0.9564 | 0.0212 | 0.9406 | 0.9413 | 0.9320
0656 | 05:09:24 |  30.2s | 1.0e-04 | 0.0187 | 0.9522 | 0.9547 | 0.9562 | 0.0208 | 0.9424 | 0.9361 | 0.9293
0657 | 05:10:07 |  41.0s | 1.0e-04 | 0.0174 | 0.9534 | 0.9556 | 0.9581 | 0.0201 | 0.9401 | 0.9393 | 0.9290
0658 | 05:11:01 |  30.7s | 1.0e-04 | 0.0169 | 0.9542 | 0.9572 | 0.9600 | 0.0209 | 0.9349 | 0.9520 | 0.9371
0659 | 05:11:45 |  30.4s | 1.0e-04 | 0.0165 | 0.9552 | 0.9575 | 0.9614 | 0.0202 | 0.9407 | 0.9481 | 0.9387
0660 | 05:12:28 |  30.3s | 1.0e-04 | 0.0166 | 0.9557 | 0.9579 | 0.9618 | 0.0212 | 0.9363 | 0.9455 | 0.9320
0661 | 05:13:11 |  30.3s | 1.0e-04 | 0.0167 | 0.9544 | 0.9578 | 0.9609 | 0.0205 | 0.9470 | 0.9381 | 0.9352
0662 | 05:13:55 |  30.4s | 1.0e-04 | 0.0165 | 0.9547 | 0.9572 | 0.9606 | 0.0205 | 0.9482 | 0.9304 | 0.9318
0663 | 05:14:38 |  30.4s | 1.0e-04 | 0.0171 | 0.9548 | 0.9570 | 0.9606 | 0.0204 | 0.9424 | 0.9480 | 0.9402
0664 | 05:15:21 |  30.4s | 1.0e-04 | 0.0168 | 0.9550 | 0.9579 | 0.9617 | 0.0205 | 0.9449 | 0.9394 | 0.9345
0665 | 05:16:04 |  43.4s | 1.0e-04 | 0.0176 | 0.9536 | 0.9573 | 0.9594 | 0.0207 | 0.9408 | 0.9415 | 0.9322
0666 | 05:17:01 |  30.5s | 1.0e-04 | 0.0179 | 0.9536 | 0.9570 | 0.9595 | 0.0207 | 0.9501 | 0.9341 | 0.9356
0667 | 05:17:44 |  30.5s | 1.0e-04 | 0.0178 | 0.9547 | 0.9558 | 0.9591 | 0.0207 | 0.9410 | 0.9411 | 0.9328
0668 | 05:18:27 |  30.5s | 1.0e-04 | 0.0177 | 0.9546 | 0.9562 | 0.9599 | 0.0212 | 0.9402 | 0.9399 | 0.9287
0669 | 05:19:10 |  30.7s | 1.0e-04 | 0.0181 | 0.9532 | 0.9558 | 0.9582 | 0.0199 | 0.9420 | 0.9441 | 0.9363
0670 | 05:19:54 |  30.2s | 1.0e-04 | 0.0183 | 0.9524 | 0.9553 | 0.9569 | 0.0208 | 0.9392 | 0.9454 | 0.9356
0671 | 05:20:37 |  31.2s | 1.0e-04 | 0.0179 | 0.9538 | 0.9571 | 0.9599 | 0.0208 | 0.9427 | 0.9440 | 0.9352
0672 | 05:21:21 |  39.6s | 1.0e-04 | 0.0181 | 0.9541 | 0.9570 | 0.9601 | 0.0213 | 0.9472 | 0.9340 | 0.9338
0673 | 05:22:13 |  31.0s | 1.0e-04 | 0.0182 | 0.9536 | 0.9563 | 0.9584 | 0.0201 | 0.9491 | 0.9417 | 0.9405
0674 | 05:22:57 |  31.2s | 1.0e-04 | 0.0181 | 0.9531 | 0.9560 | 0.9580 | 0.0205 | 0.9366 | 0.9508 | 0.9373
0675 | 05:23:41 |  31.0s | 1.0e-04 | 0.0182 | 0.9529 | 0.9558 | 0.9578 | 0.0200 | 0.9399 | 0.9435 | 0.9340
0676 | 05:24:25 |  30.8s | 1.0e-04 | 0.0183 | 0.9530 | 0.9563 | 0.9582 | 0.0214 | 0.9450 | 0.9371 | 0.9327
0677 | 05:25:08 |  30.9s | 1.0e-04 | 0.0181 | 0.9538 | 0.9554 | 0.9582 | 0.0204 | 0.9398 | 0.9464 | 0.9365
0678 | 05:25:52 |  31.4s | 1.0e-04 | 0.0181 | 0.9527 | 0.9557 | 0.9572 | 0.0209 | 0.9413 | 0.9436 | 0.9350
0679 | 05:26:36 |  31.3s | 1.0e-04 | 0.0185 | 0.9526 | 0.9560 | 0.9573 | 0.0207 | 0.9431 | 0.9406 | 0.9328
0680 | 05:27:20 |  46.8s | 1.0e-04 | 0.0182 | 0.9528 | 0.9555 | 0.9572 | 0.0211 | 0.9345 | 0.9465 | 0.9311
0681 | 05:28:20 |  30.6s | 1.0e-04 | 0.0176 | 0.9535 | 0.9550 | 0.9579 | 0.0212 | 0.9376 | 0.9464 | 0.9348
0682 | 05:29:03 |  30.9s | 1.0e-04 | 0.0176 | 0.9528 | 0.9551 | 0.9572 | 0.0206 | 0.9396 | 0.9421 | 0.9311
0683 | 05:29:47 |  31.0s | 1.0e-04 | 0.0174 | 0.9534 | 0.9553 | 0.9574 | 0.0204 | 0.9420 | 0.9437 | 0.9351
0684 | 05:30:31 |  30.8s | 1.0e-04 | 0.0173 | 0.9539 | 0.9548 | 0.9578 | 0.0205 | 0.9371 | 0.9441 | 0.9317
0685 | 05:31:15 |  30.8s | 1.0e-04 | 0.0173 | 0.9541 | 0.9543 | 0.9576 | 0.0208 | 0.9350 | 0.9525 | 0.9375
0686 | 05:31:58 |  30.6s | 1.0e-04 | 0.0175 | 0.9529 | 0.9555 | 0.9568 | 0.0210 | 0.9413 | 0.9388 | 0.9321
0687 | 05:32:42 |  30.7s | 1.0e-04 | 0.0176 | 0.9536 | 0.9552 | 0.9579 | 0.0204 | 0.9468 | 0.9399 | 0.9370
0688 | 05:33:25 |  40.0s | 1.0e-04 | 0.0171 | 0.9547 | 0.9573 | 0.9603 | 0.0214 | 0.9367 | 0.9441 | 0.9310
0689 | 05:34:18 |  29.8s | 1.0e-04 | 0.0176 | 0.9541 | 0.9577 | 0.9603 | 0.0211 | 0.9347 | 0.9435 | 0.9275
0690 | 05:35:01 |  30.2s | 1.0e-04 | 0.0177 | 0.9546 | 0.9577 | 0.9611 | 0.0207 | 0.9454 | 0.9401 | 0.9358
0691 | 05:35:44 |  29.8s | 1.0e-04 | 0.0168 | 0.9561 | 0.9600 | 0.9636 | 0.0207 | 0.9449 | 0.9351 | 0.9332
0692 | 05:36:27 |  30.0s | 1.0e-04 | 0.0173 | 0.9545 | 0.9575 | 0.9609 | 0.0208 | 0.9419 | 0.9405 | 0.9331
0693 | 05:37:09 |  29.8s | 1.0e-04 | 0.0175 | 0.9549 | 0.9588 | 0.9619 | 0.0205 | 0.9459 | 0.9343 | 0.9312
0694 | 05:37:52 |  30.4s | 1.0e-04 | 0.0172 | 0.9550 | 0.9583 | 0.9617 | 0.0208 | 0.9374 | 0.9449 | 0.9318
0695 | 05:38:35 |  29.7s | 1.0e-04 | 0.0174 | 0.9548 | 0.9575 | 0.9610 | 0.0213 | 0.9432 | 0.9406 | 0.9340
0696 | 05:39:18 |  42.6s | 1.0e-04 | 0.0170 | 0.9546 | 0.9584 | 0.9615 | 0.0204 | 0.9409 | 0.9432 | 0.9325
0697 | 05:40:13 |  30.6s | 1.0e-04 | 0.0167 | 0.9550 | 0.9586 | 0.9616 | 0.0206 | 0.9343 | 0.9518 | 0.9366
0698 | 05:40:57 |  30.6s | 1.0e-04 | 0.0166 | 0.9553 | 0.9580 | 0.9620 | 0.0212 | 0.9482 | 0.9376 | 0.9369
0699 | 05:41:40 |  31.0s | 1.0e-04 | 0.0165 | 0.9552 | 0.9580 | 0.9615 | 0.0210 | 0.9392 | 0.9432 | 0.9328
0700 | 05:42:24 |  31.0s | 1.0e-04 | 0.0168 | 0.9557 | 0.9572 | 0.9615 | 0.0204 | 0.9356 | 0.9458 | 0.9312
0701 | 05:43:08 |  31.0s | 1.0e-04 | 0.0167 | 0.9548 | 0.9576 | 0.9610 | 0.0206 | 0.9442 | 0.9407 | 0.9349
0702 | 05:43:51 |  30.8s | 1.0e-04 | 0.0165 | 0.9567 | 0.9584 | 0.9630 | 0.0212 | 0.9475 | 0.9318 | 0.9321
0703 | 05:44:35 |  30.7s | 1.0e-04 | 0.0170 | 0.9550 | 0.9563 | 0.9600 | 0.0215 | 0.9422 | 0.9401 | 0.9337
0704 | 05:45:18 |  41.0s | 1.0e-04 | 0.0165 | 0.9551 | 0.9579 | 0.9611 | 0.0201 | 0.9397 | 0.9446 | 0.9335
0705 | 05:46:12 |  31.3s | 1.0e-04 | 0.0161 | 0.9561 | 0.9577 | 0.9619 | 0.0203 | 0.9462 | 0.9400 | 0.9369
0706 | 05:46:56 |  31.1s | 1.0e-04 | 0.0164 | 0.9556 | 0.9580 | 0.9614 | 0.0207 | 0.9412 | 0.9447 | 0.9347
0707 | 05:47:40 |  32.2s | 1.0e-04 | 0.0165 | 0.9550 | 0.9575 | 0.9611 | 0.0208 | 0.9454 | 0.9393 | 0.9350
0708 | 05:48:25 |  31.0s | 1.0e-04 | 0.0163 | 0.9551 | 0.9580 | 0.9610 | 0.0200 | 0.9406 | 0.9481 | 0.9390
0709 | 05:49:09 |  30.9s | 1.0e-04 | 0.0165 | 0.9550 | 0.9587 | 0.9618 | 0.0214 | 0.9421 | 0.9397 | 0.9333
0710 | 05:49:52 |  30.8s | 1.0e-04 | 0.0166 | 0.9538 | 0.9571 | 0.9593 | 0.0207 | 0.9460 | 0.9343 | 0.9289
0711 | 05:50:36 |  48.2s | 1.0e-04 | 0.0162 | 0.9554 | 0.9582 | 0.9618 | 0.0220 | 0.9264 | 0.9527 | 0.9301
0712 | 05:51:37 |  30.4s | 1.0e-04 | 0.0180 | 0.9543 | 0.9583 | 0.9608 | 0.0204 | 0.9492 | 0.9357 | 0.9330
0713 | 05:52:20 |  30.3s | 1.0e-04 | 0.0179 | 0.9553 | 0.9581 | 0.9620 | 0.0205 | 0.9355 | 0.9508 | 0.9363
0714 | 05:53:03 |  30.5s | 1.0e-04 | 0.0177 | 0.9548 | 0.9591 | 0.9622 | 0.0207 | 0.9429 | 0.9469 | 0.9399
0715 | 05:53:46 |  30.6s | 1.0e-04 | 0.0181 | 0.9543 | 0.9572 | 0.9598 | 0.0212 | 0.9368 | 0.9452 | 0.9313
0716 | 05:54:30 |  30.3s | 1.0e-04 | 0.0182 | 0.9540 | 0.9575 | 0.9601 | 0.0204 | 0.9456 | 0.9381 | 0.9358
0717 | 05:55:13 |  30.3s | 1.0e-04 | 0.0178 | 0.9544 | 0.9577 | 0.9607 | 0.0209 | 0.9353 | 0.9524 | 0.9381
0718 | 05:55:56 |  30.5s | 1.0e-04 | 0.0180 | 0.9538 | 0.9578 | 0.9601 | 0.0211 | 0.9376 | 0.9526 | 0.9399
0719 | 05:56:39 |  42.9s | 1.0e-04 | 0.0180 | 0.9543 | 0.9590 | 0.9617 | 0.0210 | 0.9441 | 0.9415 | 0.9355
0720 | 05:57:35 |  31.0s | 1.0e-04 | 0.0178 | 0.9542 | 0.9568 | 0.9601 | 0.0206 | 0.9430 | 0.9449 | 0.9384
0721 | 05:58:18 |  30.8s | 1.0e-04 | 0.0177 | 0.9544 | 0.9574 | 0.9606 | 0.0208 | 0.9435 | 0.9401 | 0.9351
0722 | 05:59:02 |  30.9s | 1.0e-04 | 0.0177 | 0.9550 | 0.9578 | 0.9610 | 0.0201 | 0.9389 | 0.9484 | 0.9376
0723 | 05:59:45 |  30.5s | 1.0e-04 | 0.0175 | 0.9558 | 0.9578 | 0.9615 | 0.0204 | 0.9372 | 0.9463 | 0.9327
0724 | 06:00:29 |  30.7s | 1.0e-04 | 0.0175 | 0.9552 | 0.9572 | 0.9610 | 0.0212 | 0.9421 | 0.9408 | 0.9324
0725 | 06:01:12 |  30.8s | 1.0e-04 | 0.0179 | 0.9552 | 0.9581 | 0.9617 | 0.0202 | 0.9466 | 0.9369 | 0.9347
0726 | 06:01:56 |  30.8s | 1.0e-04 | 0.0174 | 0.9550 | 0.9576 | 0.9613 | 0.0210 | 0.9398 | 0.9410 | 0.9302
0727 | 06:02:40 |  41.4s | 1.0e-04 | 0.0179 | 0.9542 | 0.9577 | 0.9601 | 0.0199 | 0.9471 | 0.9436 | 0.9408
0728 | 06:03:34 |  30.5s | 1.0e-04 | 0.0178 | 0.9540 | 0.9557 | 0.9587 | 0.0201 | 0.9424 | 0.9438 | 0.9368
0729 | 06:04:17 |  30.8s | 1.0e-04 | 0.0182 | 0.9526 | 0.9557 | 0.9574 | 0.0213 | 0.9435 | 0.9443 | 0.9375
0730 | 06:05:01 |  30.9s | 1.0e-04 | 0.0180 | 0.9536 | 0.9556 | 0.9582 | 0.0204 | 0.9417 | 0.9424 | 0.9340
0731 | 06:05:44 |  31.0s | 1.0e-04 | 0.0182 | 0.9531 | 0.9559 | 0.9579 | 0.0201 | 0.9521 | 0.9349 | 0.9395
0732 | 06:06:28 |  30.4s | 1.0e-04 | 0.0183 | 0.9524 | 0.9557 | 0.9569 | 0.0205 | 0.9393 | 0.9416 | 0.9314
0733 | 06:07:11 |  30.5s | 1.0e-04 | 0.0179 | 0.9544 | 0.9582 | 0.9607 | 0.0205 | 0.9444 | 0.9422 | 0.9365
0734 | 06:07:54 |  30.9s | 1.0e-04 | 0.0181 | 0.9532 | 0.9557 | 0.9579 | 0.0203 | 0.9435 | 0.9421 | 0.9354
0735 | 06:08:38 |  40.5s | 1.0e-04 | 0.0169 | 0.9542 | 0.9583 | 0.9602 | 0.0205 | 0.9472 | 0.9365 | 0.9353
0736 | 06:09:31 |  30.6s | 1.0e-04 | 0.0168 | 0.9537 | 0.9546 | 0.9577 | 0.0206 | 0.9337 | 0.9497 | 0.9334
0737 | 06:10:14 |  30.4s | 1.0e-04 | 0.0168 | 0.9536 | 0.9558 | 0.9583 | 0.0207 | 0.9447 | 0.9420 | 0.9355
0738 | 06:10:58 |  30.6s | 1.0e-04 | 0.0166 | 0.9531 | 0.9564 | 0.9585 | 0.0199 | 0.9441 | 0.9445 | 0.9390
0739 | 06:11:41 |  30.7s | 1.0e-04 | 0.0171 | 0.9532 | 0.9544 | 0.9570 | 0.0208 | 0.9442 | 0.9420 | 0.9377
0740 | 06:12:25 |  30.5s | 1.0e-04 | 0.0169 | 0.9546 | 0.9558 | 0.9595 | 0.0205 | 0.9464 | 0.9399 | 0.9381
0741 | 06:13:08 |  31.4s | 1.0e-04 | 0.0169 | 0.9530 | 0.9556 | 0.9574 | 0.0200 | 0.9394 | 0.9465 | 0.9367
0742 | 06:13:52 |  31.3s | 1.0e-04 | 0.0170 | 0.9541 | 0.9564 | 0.9590 | 0.0212 | 0.9381 | 0.9463 | 0.9337
0743 | 06:14:36 |  40.6s | 1.0e-04 | 0.0173 | 0.9542 | 0.9575 | 0.9601 | 0.0198 | 0.9446 | 0.9461 | 0.9412
0744 | 06:15:29 |  30.9s | 1.0e-04 | 0.0175 | 0.9543 | 0.9569 | 0.9598 | 0.0204 | 0.9408 | 0.9416 | 0.9334
0745 | 06:16:13 |  30.8s | 1.0e-04 | 0.0175 | 0.9551 | 0.9574 | 0.9609 | 0.0206 | 0.9440 | 0.9458 | 0.9400
0746 | 06:16:57 |  31.3s | 1.0e-04 | 0.0177 | 0.9537 | 0.9569 | 0.9595 | 0.0200 | 0.9437 | 0.9401 | 0.9335
0747 | 06:17:41 |  31.4s | 1.0e-04 | 0.0176 | 0.9548 | 0.9581 | 0.9609 | 0.0209 | 0.9419 | 0.9406 | 0.9315
0748 | 06:18:26 |  30.8s | 1.0e-04 | 0.0178 | 0.9534 | 0.9564 | 0.9583 | 0.0202 | 0.9488 | 0.9332 | 0.9333
0749 | 06:19:10 |  30.9s | 1.0e-04 | 0.0175 | 0.9541 | 0.9579 | 0.9605 | 0.0205 | 0.9367 | 0.9465 | 0.9331
0750 | 06:19:54 |  31.0s | 1.0e-04 | 0.0177 | 0.9546 | 0.9569 | 0.9606 | 0.0204 | 0.9415 | 0.9466 | 0.9378
0751 | 06:20:41 |  30.8s | 1.0e-04 | 0.0176 | 0.9545 | 0.9580 | 0.9611 | 0.0201 | 0.9397 | 0.9440 | 0.9352
0752 | 06:21:25 |  30.7s | 1.0e-04 | 0.0178 | 0.9539 | 0.9581 | 0.9608 | 0.0211 | 0.9407 | 0.9424 | 0.9334
0753 | 06:22:09 |  30.9s | 1.0e-04 | 0.0179 | 0.9539 | 0.9577 | 0.9602 | 0.0199 | 0.9420 | 0.9466 | 0.9381
0754 | 06:22:53 |  30.6s | 1.0e-04 | 0.0180 | 0.9534 | 0.9572 | 0.9592 | 0.0202 | 0.9421 | 0.9477 | 0.9399
0755 | 06:23:37 |  30.6s | 1.0e-04 | 0.0180 | 0.9536 | 0.9571 | 0.9594 | 0.0206 | 0.9345 | 0.9525 | 0.9369
0756 | 06:24:20 |  30.5s | 1.0e-04 | 0.0180 | 0.9528 | 0.9562 | 0.9581 | 0.0205 | 0.9411 | 0.9460 | 0.9377
0757 | 06:25:04 |  30.7s | 1.0e-04 | 0.0181 | 0.9532 | 0.9566 | 0.9589 | 0.0201 | 0.9428 | 0.9427 | 0.9361
0758 | 06:25:48 |  40.7s | 1.0e-04 | 0.0174 | 0.9561 | 0.9586 | 0.9624 | 0.0209 | 0.9378 | 0.9434 | 0.9307
0759 | 06:26:42 |  30.7s | 1.0e-04 | 0.0169 | 0.9553 | 0.9595 | 0.9630 | 0.0203 | 0.9397 | 0.9452 | 0.9349
0760 | 06:27:26 |  30.7s | 1.0e-04 | 0.0166 | 0.9563 | 0.9623 | 0.9656 | 0.0206 | 0.9437 | 0.9385 | 0.9327
0761 | 06:28:10 |  30.7s | 1.0e-04 | 0.0164 | 0.9572 | 0.9614 | 0.9652 | 0.0212 | 0.9379 | 0.9486 | 0.9366
0762 | 06:28:53 |  31.2s | 1.0e-04 | 0.0167 | 0.9557 | 0.9608 | 0.9639 | 0.0207 | 0.9417 | 0.9458 | 0.9377
0763 | 06:29:38 |  30.7s | 1.0e-04 | 0.0168 | 0.9557 | 0.9597 | 0.9636 | 0.0204 | 0.9422 | 0.9458 | 0.9379
0764 | 06:30:22 |  30.6s | 1.0e-04 | 0.0171 | 0.9548 | 0.9602 | 0.9629 | 0.0208 | 0.9496 | 0.9314 | 0.9345
0765 | 06:31:05 |  30.8s | 1.0e-04 | 0.0168 | 0.9555 | 0.9598 | 0.9630 | 0.0207 | 0.9410 | 0.9405 | 0.9314
0766 | 06:31:49 |  46.2s | 1.0e-04 | 0.0170 | 0.9548 | 0.9584 | 0.9615 | 0.0209 | 0.9374 | 0.9530 | 0.9409
0767 | 06:32:48 |  30.5s | 1.0e-04 | 0.0174 | 0.9548 | 0.9588 | 0.9618 | 0.0195 | 0.9422 | 0.9444 | 0.9372
0768 | 06:33:32 |  30.6s | 1.0e-04 | 0.0173 | 0.9550 | 0.9591 | 0.9617 | 0.0210 | 0.9335 | 0.9495 | 0.9329
0769 | 06:34:16 |  30.5s | 1.0e-04 | 0.0175 | 0.9549 | 0.9589 | 0.9614 | 0.0208 | 0.9378 | 0.9457 | 0.9330
0770 | 06:34:59 |  30.3s | 1.0e-04 | 0.0173 | 0.9557 | 0.9588 | 0.9627 | 0.0201 | 0.9437 | 0.9403 | 0.9349
0771 | 06:35:43 |  29.9s | 1.0e-04 | 0.0174 | 0.9546 | 0.9575 | 0.9606 | 0.0197 | 0.9445 | 0.9428 | 0.9374
0772 | 06:36:26 |  30.3s | 1.0e-04 | 0.0176 | 0.9552 | 0.9584 | 0.9615 | 0.0202 | 0.9380 | 0.9463 | 0.9337
0773 | 06:37:09 |  30.4s | 1.0e-04 | 0.0174 | 0.9546 | 0.9576 | 0.9605 | 0.0202 | 0.9392 | 0.9508 | 0.9402
0774 | 06:37:53 |  40.7s | 1.0e-04 | 0.0167 | 0.9549 | 0.9586 | 0.9619 | 0.0202 | 0.9385 | 0.9449 | 0.9333
0775 | 06:38:47 |  30.5s | 1.0e-04 | 0.0162 | 0.9563 | 0.9582 | 0.9625 | 0.0208 | 0.9432 | 0.9448 | 0.9385
0776 | 06:39:30 |  30.5s | 1.0e-04 | 0.0164 | 0.9552 | 0.9578 | 0.9614 | 0.0207 | 0.9376 | 0.9430 | 0.9316
0777 | 06:40:14 |  30.2s | 1.0e-04 | 0.0163 | 0.9564 | 0.9587 | 0.9634 | 0.0206 | 0.9414 | 0.9403 | 0.9318
0778 | 06:40:57 |  30.3s | 1.0e-04 | 0.0160 | 0.9564 | 0.9581 | 0.9632 | 0.0206 | 0.9454 | 0.9365 | 0.9346
0779 | 06:41:41 |  30.5s | 1.0e-04 | 0.0162 | 0.9557 | 0.9579 | 0.9618 | 0.0204 | 0.9410 | 0.9430 | 0.9347
0780 | 06:42:24 |  30.5s | 1.0e-04 | 0.0165 | 0.9551 | 0.9585 | 0.9615 | 0.0199 | 0.9444 | 0.9447 | 0.9389
0781 | 06:43:08 |  30.4s | 1.0e-04 | 0.0165 | 0.9552 | 0.9576 | 0.9616 | 0.0208 | 0.9445 | 0.9407 | 0.9350
0782 | 06:43:52 |  43.0s | 1.0e-04 | 0.0162 | 0.9564 | 0.9586 | 0.9631 | 0.0204 | 0.9451 | 0.9405 | 0.9366
0783 | 06:44:48 |  30.8s | 1.0e-04 | 0.0166 | 0.9550 | 0.9578 | 0.9616 | 0.0202 | 0.9441 | 0.9395 | 0.9335
0784 | 06:45:32 |  30.7s | 1.0e-04 | 0.0166 | 0.9563 | 0.9569 | 0.9616 | 0.0204 | 0.9530 | 0.9269 | 0.9334
0785 | 06:46:15 |  31.0s | 1.0e-04 | 0.0167 | 0.9550 | 0.9578 | 0.9616 | 0.0204 | 0.9368 | 0.9499 | 0.9366
0786 | 06:46:59 |  30.8s | 1.0e-04 | 0.0164 | 0.9551 | 0.9586 | 0.9617 | 0.0211 | 0.9409 | 0.9431 | 0.9340
0787 | 06:47:43 |  30.6s | 1.0e-04 | 0.0167 | 0.9544 | 0.9580 | 0.9610 | 0.0204 | 0.9342 | 0.9489 | 0.9329
0788 | 06:48:27 |  30.6s | 1.0e-04 | 0.0165 | 0.9557 | 0.9584 | 0.9625 | 0.0206 | 0.9402 | 0.9444 | 0.9356
0789 | 06:49:11 |  30.8s | 1.0e-04 | 0.0164 | 0.9560 | 0.9581 | 0.9624 | 0.0209 | 0.9411 | 0.9362 | 0.9282
0790 | 06:49:55 |  44.2s | 1.0e-04 | 0.0167 | 0.9561 | 0.9591 | 0.9631 | 0.0207 | 0.9409 | 0.9425 | 0.9330
0791 | 06:50:52 |  30.9s | 1.0e-04 | 0.0171 | 0.9561 | 0.9577 | 0.9623 | 0.0200 | 0.9455 | 0.9426 | 0.9397
0792 | 06:51:36 |  31.2s | 1.0e-04 | 0.0170 | 0.9551 | 0.9592 | 0.9624 | 0.0213 | 0.9389 | 0.9417 | 0.9314
0793 | 06:52:20 |  31.1s | 1.0e-04 | 0.0167 | 0.9565 | 0.9595 | 0.9643 | 0.0201 | 0.9411 | 0.9484 | 0.9397
0794 | 06:53:04 |  31.0s | 1.0e-04 | 0.0171 | 0.9560 | 0.9581 | 0.9621 | 0.0204 | 0.9399 | 0.9488 | 0.9390
0795 | 06:53:48 |  31.1s | 1.0e-04 | 0.0172 | 0.9550 | 0.9589 | 0.9615 | 0.0209 | 0.9408 | 0.9441 | 0.9352
0796 | 06:54:32 |  31.2s | 1.0e-04 | 0.0172 | 0.9553 | 0.9583 | 0.9616 | 0.0209 | 0.9423 | 0.9438 | 0.9350
0797 | 06:55:16 |  39.8s | 1.0e-04 | 0.0172 | 0.9555 | 0.9585 | 0.9622 | 0.0205 | 0.9492 | 0.9373 | 0.9386
0798 | 06:56:09 |  30.7s | 1.0e-04 | 0.0170 | 0.9553 | 0.9586 | 0.9622 | 0.0208 | 0.9383 | 0.9419 | 0.9294
0799 | 06:56:53 |  31.0s | 1.0e-04 | 0.0171 | 0.9542 | 0.9585 | 0.9610 | 0.0212 | 0.9376 | 0.9450 | 0.9319
0800 | 06:57:37 |  30.6s | 1.0e-04 | 0.0168 | 0.9553 | 0.9572 | 0.9610 | 0.0205 | 0.9392 | 0.9470 | 0.9357
0801 | 06:58:21 |  30.9s | 1.0e-04 | 0.0170 | 0.9552 | 0.9569 | 0.9605 | 0.0195 | 0.9432 | 0.9398 | 0.9337
0802 | 06:59:04 |  31.0s | 1.0e-04 | 0.0167 | 0.9557 | 0.9583 | 0.9621 | 0.0209 | 0.9472 | 0.9426 | 0.9395
0803 | 06:59:48 |  30.8s | 1.0e-04 | 0.0166 | 0.9553 | 0.9594 | 0.9623 | 0.0206 | 0.9482 | 0.9404 | 0.9390
0804 | 07:00:32 |  30.8s | 1.0e-04 | 0.0166 | 0.9563 | 0.9572 | 0.9623 | 0.0209 | 0.9406 | 0.9454 | 0.9363
0805 | 07:01:16 |  43.1s | 1.0e-04 | 0.0168 | 0.9551 | 0.9579 | 0.9612 | 0.0208 | 0.9398 | 0.9465 | 0.9364
0806 | 07:02:12 |  31.0s | 1.0e-04 | 0.0163 | 0.9558 | 0.9599 | 0.9634 | 0.0204 | 0.9450 | 0.9407 | 0.9360
0807 | 07:02:56 |  30.8s | 1.0e-04 | 0.0164 | 0.9562 | 0.9601 | 0.9637 | 0.0203 | 0.9482 | 0.9413 | 0.9401
0808 | 07:03:39 |  30.6s | 1.0e-04 | 0.0161 | 0.9566 | 0.9601 | 0.9641 | 0.0204 | 0.9394 | 0.9485 | 0.9376
0809 | 07:04:23 |  30.4s | 1.0e-04 | 0.0162 | 0.9565 | 0.9598 | 0.9639 | 0.0214 | 0.9404 | 0.9422 | 0.9325
0810 | 07:05:06 |  30.7s | 1.0e-04 | 0.0163 | 0.9564 | 0.9600 | 0.9643 | 0.0202 | 0.9409 | 0.9455 | 0.9358
0811 | 07:05:50 |  30.8s | 1.0e-04 | 0.0165 | 0.9570 | 0.9591 | 0.9638 | 0.0206 | 0.9389 | 0.9505 | 0.9394
0812 | 07:06:34 |  30.9s | 1.0e-04 | 0.0160 | 0.9574 | 0.9605 | 0.9645 | 0.0206 | 0.9488 | 0.9359 | 0.9348
0813 | 07:07:18 |  42.0s | 1.0e-04 | 0.0172 | 0.9558 | 0.9574 | 0.9613 | 0.0197 | 0.9381 | 0.9490 | 0.9373
0814 | 07:08:12 |  30.3s | 1.0e-04 | 0.0179 | 0.9540 | 0.9563 | 0.9590 | 0.0196 | 0.9430 | 0.9437 | 0.9371
0815 | 07:08:56 |  30.1s | 1.0e-04 | 0.0179 | 0.9536 | 0.9565 | 0.9591 | 0.0205 | 0.9345 | 0.9551 | 0.9398
0816 | 07:09:39 |  30.4s | 1.0e-04 | 0.0177 | 0.9537 | 0.9562 | 0.9593 | 0.0205 | 0.9424 | 0.9470 | 0.9398
0817 | 07:10:22 |  30.2s | 1.0e-04 | 0.0178 | 0.9541 | 0.9569 | 0.9597 | 0.0203 | 0.9482 | 0.9432 | 0.9424
0818 | 07:11:05 |  30.2s | 1.0e-04 | 0.0178 | 0.9539 | 0.9563 | 0.9586 | 0.0202 | 0.9447 | 0.9408 | 0.9373
0819 | 07:11:48 |  30.2s | 1.0e-04 | 0.0181 | 0.9532 | 0.9554 | 0.9578 | 0.0202 | 0.9430 | 0.9454 | 0.9384
0820 | 07:12:31 |  30.4s | 1.0e-04 | 0.0175 | 0.9542 | 0.9562 | 0.9594 | 0.0211 | 0.9425 | 0.9445 | 0.9373
0821 | 07:13:15 |  43.3s | 1.0e-04 | 0.0181 | 0.9527 | 0.9553 | 0.9572 | 0.0197 | 0.9428 | 0.9483 | 0.9409
0822 | 07:14:11 |  30.7s | 1.0e-04 | 0.0180 | 0.9538 | 0.9563 | 0.9589 | 0.0197 | 0.9451 | 0.9446 | 0.9397
0823 | 07:14:55 |  30.5s | 1.0e-04 | 0.0178 | 0.9539 | 0.9564 | 0.9596 | 0.0204 | 0.9418 | 0.9436 | 0.9349
0824 | 07:15:38 |  30.6s | 1.0e-04 | 0.0180 | 0.9536 | 0.9570 | 0.9592 | 0.0202 | 0.9446 | 0.9418 | 0.9360
0825 | 07:16:22 |  30.9s | 1.0e-04 | 0.0180 | 0.9534 | 0.9571 | 0.9592 | 0.0204 | 0.9405 | 0.9451 | 0.9363
0826 | 07:17:05 |  30.7s | 1.0e-04 | 0.0182 | 0.9524 | 0.9565 | 0.9578 | 0.0205 | 0.9431 | 0.9420 | 0.9359
0827 | 07:17:49 |  30.6s | 1.0e-04 | 0.0180 | 0.9532 | 0.9565 | 0.9588 | 0.0206 | 0.9474 | 0.9354 | 0.9347
0828 | 07:18:33 |  30.9s | 1.0e-04 | 0.0181 | 0.9533 | 0.9559 | 0.9579 | 0.0200 | 0.9494 | 0.9407 | 0.9410
0829 | 07:19:16 |  39.7s | 1.0e-04 | 0.0175 | 0.9544 | 0.9596 | 0.9617 | 0.0207 | 0.9394 | 0.9483 | 0.9377
0830 | 07:20:09 |  30.5s | 1.0e-04 | 0.0174 | 0.9552 | 0.9602 | 0.9628 | 0.0202 | 0.9417 | 0.9478 | 0.9401
0831 | 07:20:52 |  30.5s | 1.0e-04 | 0.0175 | 0.9551 | 0.9595 | 0.9624 | 0.0203 | 0.9406 | 0.9469 | 0.9377
0832 | 07:21:36 |  30.6s | 1.0e-04 | 0.0174 | 0.9553 | 0.9588 | 0.9627 | 0.0201 | 0.9376 | 0.9517 | 0.9392
0833 | 07:22:19 |  30.3s | 1.0e-04 | 0.0173 | 0.9560 | 0.9606 | 0.9637 | 0.0207 | 0.9368 | 0.9466 | 0.9334
0834 | 07:23:02 |  30.6s | 1.0e-04 | 0.0176 | 0.9548 | 0.9597 | 0.9624 | 0.0213 | 0.9320 | 0.9526 | 0.9348
0835 | 07:23:46 |  30.9s | 1.0e-04 | 0.0174 | 0.9550 | 0.9594 | 0.9622 | 0.0202 | 0.9435 | 0.9421 | 0.9349
0836 | 07:24:29 |  42.6s | 1.0e-04 | 0.0176 | 0.9555 | 0.9588 | 0.9626 | 0.0200 | 0.9455 | 0.9441 | 0.9407
0837 | 07:25:25 |  30.7s | 1.0e-04 | 0.0181 | 0.9522 | 0.9564 | 0.9572 | 0.0201 | 0.9389 | 0.9495 | 0.9383
0838 | 07:26:08 |  30.7s | 1.0e-04 | 0.0178 | 0.9536 | 0.9564 | 0.9588 | 0.0196 | 0.9415 | 0.9527 | 0.9441
0839 | 07:26:52 |  30.5s | 1.0e-04 | 0.0177 | 0.9540 | 0.9569 | 0.9591 | 0.0201 | 0.9412 | 0.9453 | 0.9360
0840 | 07:27:35 |  30.6s | 1.0e-04 | 0.0178 | 0.9526 | 0.9572 | 0.9585 | 0.0201 | 0.9390 | 0.9466 | 0.9351
0841 | 07:28:19 |  30.4s | 1.0e-04 | 0.0177 | 0.9541 | 0.9562 | 0.9591 | 0.0200 | 0.9451 | 0.9485 | 0.9437
0842 | 07:29:02 |  30.5s | 1.0e-04 | 0.0179 | 0.9536 | 0.9564 | 0.9593 | 0.0202 | 0.9417 | 0.9488 | 0.9404
0843 | 07:29:45 |  30.6s | 1.0e-04 | 0.0179 | 0.9539 | 0.9562 | 0.9586 | 0.0202 | 0.9451 | 0.9444 | 0.9398
0844 | 07:30:29 |  39.9s | 1.0e-04 | 0.0171 | 0.9548 | 0.9577 | 0.9609 | 0.0203 | 0.9439 | 0.9453 | 0.9393
0845 | 07:31:22 |  30.3s | 1.0e-04 | 0.0166 | 0.9557 | 0.9584 | 0.9622 | 0.0207 | 0.9393 | 0.9449 | 0.9342
0846 | 07:32:05 |  30.4s | 1.0e-04 | 0.0168 | 0.9540 | 0.9580 | 0.9607 | 0.0208 | 0.9391 | 0.9441 | 0.9334
0847 | 07:32:48 |  30.2s | 1.0e-04 | 0.0165 | 0.9545 | 0.9597 | 0.9625 | 0.0200 | 0.9418 | 0.9440 | 0.9350
0848 | 07:33:31 |  30.6s | 1.0e-04 | 0.0166 | 0.9560 | 0.9582 | 0.9626 | 0.0202 | 0.9384 | 0.9482 | 0.9367
0849 | 07:34:15 |  30.4s | 1.0e-04 | 0.0169 | 0.9547 | 0.9573 | 0.9603 | 0.0196 | 0.9442 | 0.9421 | 0.9377
0850 | 07:34:58 |  30.1s | 1.0e-04 | 0.0169 | 0.9555 | 0.9578 | 0.9622 | 0.0202 | 0.9435 | 0.9433 | 0.9372
0851 | 07:35:41 |  30.7s | 1.0e-04 | 0.0168 | 0.9549 | 0.9584 | 0.9616 | 0.0200 | 0.9365 | 0.9459 | 0.9312
0852 | 07:36:25 |  41.1s | 1.0e-04 | 0.0166 | 0.9563 | 0.9590 | 0.9630 | 0.0199 | 0.9369 | 0.9511 | 0.9380
0853 | 07:37:19 |  30.7s | 1.0e-04 | 0.0169 | 0.9548 | 0.9588 | 0.9616 | 0.0209 | 0.9339 | 0.9480 | 0.9320
0854 | 07:38:03 |  31.1s | 1.0e-04 | 0.0169 | 0.9551 | 0.9585 | 0.9619 | 0.0206 | 0.9390 | 0.9474 | 0.9362
0855 | 07:38:46 |  30.6s | 1.0e-04 | 0.0168 | 0.9563 | 0.9588 | 0.9633 | 0.0210 | 0.9367 | 0.9463 | 0.9326
0856 | 07:39:30 |  30.8s | 1.0e-04 | 0.0172 | 0.9554 | 0.9574 | 0.9614 | 0.0201 | 0.9471 | 0.9440 | 0.9407
0857 | 07:40:14 |  30.9s | 1.0e-04 | 0.0170 | 0.9559 | 0.9580 | 0.9625 | 0.0199 | 0.9445 | 0.9422 | 0.9363
0858 | 07:40:57 |  30.8s | 1.0e-04 | 0.0170 | 0.9561 | 0.9581 | 0.9621 | 0.0198 | 0.9460 | 0.9453 | 0.9416
0859 | 07:41:41 |  31.0s | 1.0e-04 | 0.0167 | 0.9565 | 0.9596 | 0.9639 | 0.0202 | 0.9415 | 0.9434 | 0.9351
0860 | 07:42:25 |  39.1s | 1.0e-04 | 0.0178 | 0.9543 | 0.9581 | 0.9605 | 0.0199 | 0.9386 | 0.9501 | 0.9387
0861 | 07:43:17 |  30.6s | 1.0e-04 | 0.0182 | 0.9532 | 0.9580 | 0.9596 | 0.0207 | 0.9469 | 0.9417 | 0.9384
0862 | 07:44:01 |  30.6s | 1.0e-04 | 0.0181 | 0.9541 | 0.9574 | 0.9604 | 0.0202 | 0.9486 | 0.9434 | 0.9428
0863 | 07:44:44 |  30.9s | 1.0e-04 | 0.0178 | 0.9551 | 0.9590 | 0.9617 | 0.0199 | 0.9391 | 0.9539 | 0.9432
0864 | 07:45:28 |  31.0s | 1.0e-04 | 0.0181 | 0.9545 | 0.9572 | 0.9602 | 0.0195 | 0.9446 | 0.9441 | 0.9392
0865 | 07:46:12 |  30.8s | 1.0e-04 | 0.0181 | 0.9540 | 0.9579 | 0.9599 | 0.0208 | 0.9354 | 0.9486 | 0.9336
0866 | 07:46:55 |  30.8s | 1.0e-04 | 0.0184 | 0.9534 | 0.9572 | 0.9590 | 0.0196 | 0.9409 | 0.9475 | 0.9385
0867 | 07:47:39 |  31.0s | 1.0e-04 | 0.0185 | 0.9539 | 0.9561 | 0.9588 | 0.0197 | 0.9413 | 0.9476 | 0.9385
0868 | 07:48:23 |  40.1s | 1.0e-04 | 0.0176 | 0.9535 | 0.9575 | 0.9596 | 0.0205 | 0.9450 | 0.9397 | 0.9344
0869 | 07:49:16 |  30.9s | 1.0e-04 | 0.0174 | 0.9548 | 0.9571 | 0.9609 | 0.0208 | 0.9390 | 0.9493 | 0.9383
0870 | 07:50:00 |  30.6s | 1.0e-04 | 0.0176 | 0.9540 | 0.9580 | 0.9605 | 0.0201 | 0.9455 | 0.9423 | 0.9371
0871 | 07:50:43 |  30.8s | 1.0e-04 | 0.0172 | 0.9554 | 0.9583 | 0.9618 | 0.0212 | 0.9431 | 0.9445 | 0.9376
0872 | 07:51:27 |  30.8s | 1.0e-04 | 0.0174 | 0.9553 | 0.9565 | 0.9603 | 0.0203 | 0.9419 | 0.9416 | 0.9335
0873 | 07:52:11 |  30.8s | 1.0e-04 | 0.0175 | 0.9549 | 0.9572 | 0.9601 | 0.0197 | 0.9444 | 0.9427 | 0.9381
0874 | 07:52:54 |  31.0s | 1.0e-04 | 0.0174 | 0.9550 | 0.9582 | 0.9612 | 0.0202 | 0.9420 | 0.9465 | 0.9385
0875 | 07:53:38 |  30.8s | 1.0e-04 | 0.0175 | 0.9542 | 0.9579 | 0.9605 | 0.0202 | 0.9448 | 0.9447 | 0.9391
0876 | 07:54:26 |  30.4s | 1.0e-04 | 0.0176 | 0.9542 | 0.9555 | 0.9588 | 0.0201 | 0.9476 | 0.9436 | 0.9412
0877 | 07:55:09 |  30.5s | 1.0e-04 | 0.0178 | 0.9536 | 0.9553 | 0.9579 | 0.0197 | 0.9408 | 0.9456 | 0.9365
0878 | 07:55:52 |  30.6s | 1.0e-04 | 0.0179 | 0.9527 | 0.9555 | 0.9570 | 0.0192 | 0.9384 | 0.9529 | 0.9417
0879 | 07:56:36 |  30.5s | 1.0e-04 | 0.0180 | 0.9518 | 0.9556 | 0.9567 | 0.0209 | 0.9456 | 0.9407 | 0.9377
0880 | 07:57:19 |  30.8s | 1.0e-04 | 0.0180 | 0.9526 | 0.9558 | 0.9570 | 0.0201 | 0.9352 | 0.9528 | 0.9379
0881 | 07:58:03 |  30.3s | 1.0e-04 | 0.0179 | 0.9528 | 0.9555 | 0.9571 | 0.0207 | 0.9403 | 0.9438 | 0.9346
0882 | 07:58:46 |  30.6s | 1.0e-04 | 0.0179 | 0.9531 | 0.9553 | 0.9580 | 0.0201 | 0.9417 | 0.9490 | 0.9411
0883 | 07:59:29 |  40.9s | 1.0e-04 | 0.0175 | 0.9536 | 0.9558 | 0.9589 | 0.0195 | 0.9472 | 0.9392 | 0.9376
0884 | 08:00:23 |  30.6s | 1.0e-04 | 0.0172 | 0.9545 | 0.9590 | 0.9613 | 0.0192 | 0.9413 | 0.9485 | 0.9400
0885 | 08:01:07 |  30.6s | 1.0e-04 | 0.0171 | 0.9544 | 0.9583 | 0.9613 | 0.0204 | 0.9489 | 0.9379 | 0.9378
0886 | 08:01:50 |  30.9s | 1.0e-04 | 0.0169 | 0.9549 | 0.9585 | 0.9623 | 0.0206 | 0.9382 | 0.9498 | 0.9379
0887 | 08:02:34 |  30.7s | 1.0e-04 | 0.0173 | 0.9545 | 0.9578 | 0.9607 | 0.0204 | 0.9481 | 0.9371 | 0.9359
0888 | 08:03:18 |  31.1s | 1.0e-04 | 0.0173 | 0.9543 | 0.9584 | 0.9608 | 0.0204 | 0.9453 | 0.9429 | 0.9382
0889 | 08:04:02 |  30.8s | 1.0e-04 | 0.0172 | 0.9550 | 0.9581 | 0.9614 | 0.0207 | 0.9390 | 0.9447 | 0.9332
0890 | 08:04:45 |  30.9s | 1.0e-04 | 0.0174 | 0.9539 | 0.9575 | 0.9599 | 0.0198 | 0.9435 | 0.9400 | 0.9322
0891 | 08:05:29 |  41.0s | 1.0e-04 | 0.0175 | 0.9547 | 0.9584 | 0.9611 | 0.0206 | 0.9378 | 0.9498 | 0.9375
0892 | 08:06:23 |  30.4s | 1.0e-04 | 0.0171 | 0.9550 | 0.9579 | 0.9612 | 0.0203 | 0.9423 | 0.9427 | 0.9351
0893 | 08:07:06 |  30.2s | 1.0e-04 | 0.0173 | 0.9534 | 0.9583 | 0.9605 | 0.0207 | 0.9433 | 0.9399 | 0.9328
0894 | 08:07:49 |  30.3s | 1.0e-04 | 0.0170 | 0.9560 | 0.9595 | 0.9632 | 0.0197 | 0.9434 | 0.9491 | 0.9430
0895 | 08:08:33 |  30.3s | 1.0e-04 | 0.0173 | 0.9552 | 0.9582 | 0.9616 | 0.0199 | 0.9374 | 0.9496 | 0.9366
0896 | 08:09:16 |  30.4s | 1.0e-04 | 0.0172 | 0.9557 | 0.9595 | 0.9629 | 0.0197 | 0.9484 | 0.9405 | 0.9402
0897 | 08:09:59 |  30.6s | 1.0e-04 | 0.0172 | 0.9554 | 0.9588 | 0.9624 | 0.0203 | 0.9436 | 0.9421 | 0.9345
0898 | 08:10:42 |  30.4s | 1.0e-04 | 0.0170 | 0.9558 | 0.9593 | 0.9628 | 0.0195 | 0.9420 | 0.9453 | 0.9372
0899 | 08:11:26 |  43.9s | 1.0e-04 | 0.0174 | 0.9555 | 0.9600 | 0.9631 | 0.0195 | 0.9489 | 0.9384 | 0.9384
0900 | 08:12:22 |  30.8s | 1.0e-04 | 0.0176 | 0.9556 | 0.9603 | 0.9636 | 0.0202 | 0.9391 | 0.9497 | 0.9388
0901 | 08:13:06 |  30.5s | 1.0e-04 | 0.0171 | 0.9564 | 0.9596 | 0.9640 | 0.0198 | 0.9374 | 0.9524 | 0.9398
0902 | 08:13:50 |  30.9s | 1.0e-04 | 0.0178 | 0.9547 | 0.9594 | 0.9619 | 0.0199 | 0.9459 | 0.9393 | 0.9367
0903 | 08:14:34 |  30.9s | 1.0e-04 | 0.0174 | 0.9564 | 0.9593 | 0.9637 | 0.0201 | 0.9381 | 0.9520 | 0.9407
0904 | 08:15:17 |  30.6s | 1.0e-04 | 0.0174 | 0.9558 | 0.9608 | 0.9635 | 0.0200 | 0.9417 | 0.9476 | 0.9390
0905 | 08:16:01 |  30.6s | 1.0e-04 | 0.0172 | 0.9558 | 0.9608 | 0.9643 | 0.0195 | 0.9435 | 0.9448 | 0.9380
0906 | 08:16:44 |  30.7s | 1.0e-04 | 0.0175 | 0.9551 | 0.9605 | 0.9631 | 0.0206 | 0.9356 | 0.9496 | 0.9353
0907 | 08:17:28 |  44.7s | 1.0e-04 | 0.0172 | 0.9560 | 0.9601 | 0.9636 | 0.0197 | 0.9412 | 0.9450 | 0.9367
0908 | 08:18:26 |  30.8s | 1.0e-04 | 0.0177 | 0.9554 | 0.9584 | 0.9618 | 0.0197 | 0.9439 | 0.9436 | 0.9384
0909 | 08:19:09 |  30.4s | 1.0e-04 | 0.0172 | 0.9555 | 0.9594 | 0.9628 | 0.0201 | 0.9403 | 0.9477 | 0.9379
0910 | 08:19:52 |  30.6s | 1.0e-04 | 0.0171 | 0.9563 | 0.9593 | 0.9639 | 0.0207 | 0.9447 | 0.9437 | 0.9389
0911 | 08:20:36 |  30.8s | 1.0e-04 | 0.0175 | 0.9562 | 0.9596 | 0.9637 | 0.0200 | 0.9359 | 0.9480 | 0.9333
0912 | 08:21:20 |  31.0s | 1.0e-04 | 0.0171 | 0.9560 | 0.9606 | 0.9637 | 0.0200 | 0.9415 | 0.9497 | 0.9413
0913 | 08:22:04 |  30.6s | 1.0e-04 | 0.0174 | 0.9543 | 0.9589 | 0.9610 | 0.0200 | 0.9396 | 0.9468 | 0.9366
0914 | 08:22:47 |  30.5s | 1.0e-04 | 0.0173 | 0.9555 | 0.9597 | 0.9627 | 0.0200 | 0.9433 | 0.9463 | 0.9388
0915 | 08:23:31 |  41.7s | 1.0e-04 | 0.0157 | 0.9574 | 0.9595 | 0.9645 | 0.0194 | 0.9375 | 0.9537 | 0.9414
0916 | 08:24:25 |  31.4s | 1.0e-04 | 0.0156 | 0.9569 | 0.9594 | 0.9645 | 0.0199 | 0.9416 | 0.9470 | 0.9389
0917 | 08:25:09 |  31.4s | 1.0e-04 | 0.0161 | 0.9557 | 0.9593 | 0.9628 | 0.0204 | 0.9528 | 0.9376 | 0.9431
0918 | 08:25:54 |  31.6s | 1.0e-04 | 0.0160 | 0.9555 | 0.9596 | 0.9626 | 0.0203 | 0.9486 | 0.9421 | 0.9421
0919 | 08:26:38 |  31.8s | 1.0e-04 | 0.0155 | 0.9574 | 0.9597 | 0.9646 | 0.0200 | 0.9427 | 0.9438 | 0.9371
0920 | 08:27:23 |  31.6s | 1.0e-04 | 0.0159 | 0.9566 | 0.9596 | 0.9640 | 0.0205 | 0.9350 | 0.9488 | 0.9331
0921 | 08:28:07 |  31.3s | 1.0e-04 | 0.0156 | 0.9565 | 0.9598 | 0.9639 | 0.0206 | 0.9394 | 0.9470 | 0.9370
0922 | 08:28:51 |  42.3s | 1.0e-04 | 0.0157 | 0.9575 | 0.9588 | 0.9643 | 0.0201 | 0.9446 | 0.9483 | 0.9430
0923 | 08:29:47 |  31.2s | 1.0e-04 | 0.0159 | 0.9575 | 0.9616 | 0.9659 | 0.0206 | 0.9487 | 0.9406 | 0.9384
0924 | 08:30:31 |  31.1s | 1.0e-04 | 0.0161 | 0.9577 | 0.9613 | 0.9669 | 0.0209 | 0.9451 | 0.9385 | 0.9339
0925 | 08:31:15 |  31.5s | 1.0e-04 | 0.0158 | 0.9586 | 0.9612 | 0.9671 | 0.0196 | 0.9435 | 0.9468 | 0.9400
0926 | 08:31:59 |  30.8s | 1.0e-04 | 0.0160 | 0.9576 | 0.9610 | 0.9659 | 0.0200 | 0.9419 | 0.9449 | 0.9373
0927 | 08:32:43 |  30.9s | 1.0e-04 | 0.0158 | 0.9576 | 0.9613 | 0.9660 | 0.0201 | 0.9419 | 0.9440 | 0.9357
0928 | 08:33:27 |  31.4s | 1.0e-04 | 0.0158 | 0.9580 | 0.9604 | 0.9657 | 0.0202 | 0.9436 | 0.9412 | 0.9347
0929 | 08:34:11 |  30.8s | 1.0e-04 | 0.0159 | 0.9578 | 0.9605 | 0.9658 | 0.0201 | 0.9381 | 0.9530 | 0.9413
0930 | 08:34:55 |  41.5s | 1.0e-04 | 0.0161 | 0.9569 | 0.9607 | 0.9648 | 0.0197 | 0.9433 | 0.9492 | 0.9421
0931 | 08:35:49 |  30.9s | 1.0e-04 | 0.0164 | 0.9553 | 0.9587 | 0.9621 | 0.0202 | 0.9386 | 0.9502 | 0.9390
0932 | 08:36:33 |  30.8s | 1.0e-04 | 0.0165 | 0.9551 | 0.9594 | 0.9625 | 0.0201 | 0.9405 | 0.9408 | 0.9300
0933 | 08:37:16 |  30.7s | 1.0e-04 | 0.0169 | 0.9550 | 0.9576 | 0.9608 | 0.0210 | 0.9452 | 0.9392 | 0.9340
0934 | 08:38:00 |  31.0s | 1.0e-04 | 0.0166 | 0.9559 | 0.9592 | 0.9632 | 0.0205 | 0.9479 | 0.9416 | 0.9402
0935 | 08:38:44 |  31.0s | 1.0e-04 | 0.0168 | 0.9551 | 0.9588 | 0.9622 | 0.0199 | 0.9445 | 0.9407 | 0.9354
0936 | 08:39:28 |  31.0s | 1.0e-04 | 0.0167 | 0.9552 | 0.9597 | 0.9627 | 0.0202 | 0.9377 | 0.9502 | 0.9380
0937 | 08:40:11 |  30.6s | 1.0e-04 | 0.0169 | 0.9544 | 0.9584 | 0.9610 | 0.0195 | 0.9455 | 0.9437 | 0.9395
0938 | 08:40:55 |  42.1s | 1.0e-04 | 0.0166 | 0.9565 | 0.9598 | 0.9640 | 0.0201 | 0.9471 | 0.9437 | 0.9409
0939 | 08:41:50 |  30.2s | 1.0e-04 | 0.0165 | 0.9570 | 0.9595 | 0.9639 | 0.0204 | 0.9411 | 0.9461 | 0.9359
0940 | 08:42:33 |  30.5s | 1.0e-04 | 0.0160 | 0.9581 | 0.9617 | 0.9668 | 0.0197 | 0.9404 | 0.9460 | 0.9356
0941 | 08:43:16 |  30.4s | 1.0e-04 | 0.0163 | 0.9576 | 0.9607 | 0.9657 | 0.0204 | 0.9391 | 0.9491 | 0.9383
0942 | 08:43:59 |  30.2s | 1.0e-04 | 0.0165 | 0.9580 | 0.9601 | 0.9654 | 0.0199 | 0.9444 | 0.9495 | 0.9438
0943 | 08:44:42 |  30.6s | 1.0e-04 | 0.0165 | 0.9568 | 0.9607 | 0.9644 | 0.0199 | 0.9437 | 0.9411 | 0.9352
0944 | 08:45:25 |  30.1s | 1.0e-04 | 0.0162 | 0.9572 | 0.9600 | 0.9649 | 0.0203 | 0.9393 | 0.9449 | 0.9344
0945 | 08:46:08 |  29.9s | 1.0e-04 | 0.0162 | 0.9580 | 0.9604 | 0.9659 | 0.0198 | 0.9400 | 0.9513 | 0.9415
0946 | 08:46:51 |  41.5s | 1.0e-04 | 0.0160 | 0.9564 | 0.9598 | 0.9633 | 0.0199 | 0.9421 | 0.9461 | 0.9377
0947 | 08:47:45 |  30.9s | 1.0e-04 | 0.0162 | 0.9558 | 0.9590 | 0.9631 | 0.0197 | 0.9425 | 0.9417 | 0.9350
0948 | 08:48:29 |  30.9s | 1.0e-04 | 0.0162 | 0.9559 | 0.9596 | 0.9630 | 0.0201 | 0.9367 | 0.9513 | 0.9383
0949 | 08:49:13 |  30.8s | 1.0e-04 | 0.0158 | 0.9567 | 0.9597 | 0.9642 | 0.0200 | 0.9457 | 0.9440 | 0.9398
0950 | 08:49:56 |  30.8s | 1.0e-04 | 0.0160 | 0.9561 | 0.9590 | 0.9637 | 0.0202 | 0.9398 | 0.9442 | 0.9334
0951 | 08:50:40 |  31.0s | 1.0e-04 | 0.0159 | 0.9568 | 0.9599 | 0.9642 | 0.0191 | 0.9480 | 0.9437 | 0.9421
0952 | 08:51:24 |  30.9s | 1.0e-04 | 0.0157 | 0.9571 | 0.9598 | 0.9650 | 0.0207 | 0.9424 | 0.9419 | 0.9335
0953 | 08:52:08 |  30.5s | 1.0e-04 | 0.0161 | 0.9565 | 0.9595 | 0.9638 | 0.0201 | 0.9394 | 0.9493 | 0.9382
0954 | 08:52:51 |  38.5s | 1.0e-04 | 0.0162 | 0.9553 | 0.9588 | 0.9624 | 0.0193 | 0.9371 | 0.9525 | 0.9392
0955 | 08:53:42 |  30.0s | 1.0e-04 | 0.0164 | 0.9559 | 0.9586 | 0.9626 | 0.0200 | 0.9447 | 0.9462 | 0.9416
0956 | 08:54:25 |  30.0s | 1.0e-04 | 0.0163 | 0.9565 | 0.9588 | 0.9633 | 0.0201 | 0.9407 | 0.9447 | 0.9345
0957 | 08:55:08 |  29.7s | 1.0e-04 | 0.0162 | 0.9553 | 0.9591 | 0.9624 | 0.0200 | 0.9352 | 0.9540 | 0.9395
0958 | 08:55:51 |  30.0s | 1.0e-04 | 0.0165 | 0.9565 | 0.9587 | 0.9630 | 0.0196 | 0.9473 | 0.9436 | 0.9415
0959 | 08:56:33 |  29.5s | 1.0e-04 | 0.0164 | 0.9567 | 0.9589 | 0.9633 | 0.0200 | 0.9369 | 0.9525 | 0.9396
0960 | 08:57:16 |  29.9s | 1.0e-04 | 0.0165 | 0.9564 | 0.9584 | 0.9633 | 0.0204 | 0.9422 | 0.9422 | 0.9328
0961 | 08:57:59 |  43.3s | 1.0e-04 | 0.0164 | 0.9570 | 0.9584 | 0.9632 | 0.0201 | 0.9298 | 0.9601 | 0.9398
0962 | 08:58:55 |  31.2s | 1.0e-04 | 0.0167 | 0.9554 | 0.9590 | 0.9621 | 0.0200 | 0.9378 | 0.9500 | 0.9378
0963 | 08:59:39 |  30.7s | 1.0e-04 | 0.0163 | 0.9563 | 0.9595 | 0.9634 | 0.0186 | 0.9423 | 0.9524 | 0.9445
0964 | 09:00:23 |  31.0s | 1.0e-04 | 0.0162 | 0.9563 | 0.9603 | 0.9641 | 0.0202 | 0.9450 | 0.9467 | 0.9418
0965 | 09:01:07 |  30.9s | 1.0e-04 | 0.0164 | 0.9562 | 0.9598 | 0.9640 | 0.0204 | 0.9442 | 0.9386 | 0.9330
0966 | 09:01:51 |  31.1s | 1.0e-04 | 0.0161 | 0.9566 | 0.9602 | 0.9645 | 0.0194 | 0.9447 | 0.9445 | 0.9389
0967 | 09:02:35 |  30.8s | 1.0e-04 | 0.0166 | 0.9554 | 0.9592 | 0.9626 | 0.0199 | 0.9393 | 0.9456 | 0.9343
0968 | 09:03:20 |  30.9s | 1.0e-04 | 0.0163 | 0.9562 | 0.9598 | 0.9634 | 0.0202 | 0.9367 | 0.9520 | 0.9386
0969 | 09:04:03 |  40.9s | 1.0e-04 | 0.0165 | 0.9557 | 0.9596 | 0.9633 | 0.0203 | 0.9397 | 0.9486 | 0.9385
0970 | 09:04:57 |  30.6s | 1.0e-04 | 0.0170 | 0.9552 | 0.9582 | 0.9616 | 0.0200 | 0.9362 | 0.9521 | 0.9392
0971 | 09:05:41 |  30.6s | 1.0e-04 | 0.0168 | 0.9549 | 0.9586 | 0.9616 | 0.0199 | 0.9374 | 0.9507 | 0.9378
0972 | 09:06:25 |  30.8s | 1.0e-04 | 0.0173 | 0.9544 | 0.9577 | 0.9605 | 0.0192 | 0.9426 | 0.9467 | 0.9406
0973 | 09:07:09 |  30.5s | 1.0e-04 | 0.0171 | 0.9550 | 0.9583 | 0.9617 | 0.0194 | 0.9480 | 0.9403 | 0.9396
0974 | 09:07:53 |  30.6s | 1.0e-04 | 0.0172 | 0.9547 | 0.9582 | 0.9610 | 0.0197 | 0.9425 | 0.9447 | 0.9373
0975 | 09:08:36 |  30.5s | 1.0e-04 | 0.0173 | 0.9542 | 0.9572 | 0.9604 | 0.0196 | 0.9398 | 0.9460 | 0.9349
0976 | 09:09:20 |  30.7s | 1.0e-04 | 0.0170 | 0.9552 | 0.9585 | 0.9616 | 0.0202 | 0.9461 | 0.9405 | 0.9375
0977 | 09:10:04 |  41.8s | 1.0e-04 | 0.0170 | 0.9549 | 0.9582 | 0.9613 | 0.0192 | 0.9415 | 0.9490 | 0.9403
0978 | 09:10:59 |  31.4s | 1.0e-04 | 0.0172 | 0.9552 | 0.9578 | 0.9612 | 0.0196 | 0.9469 | 0.9414 | 0.9401
0979 | 09:11:44 |  31.2s | 1.0e-04 | 0.0172 | 0.9551 | 0.9580 | 0.9616 | 0.0204 | 0.9442 | 0.9425 | 0.9369
0980 | 09:12:28 |  31.3s | 1.0e-04 | 0.0177 | 0.9539 | 0.9578 | 0.9603 | 0.0196 | 0.9438 | 0.9440 | 0.9371
0981 | 09:13:13 |  31.0s | 1.0e-04 | 0.0177 | 0.9540 | 0.9582 | 0.9602 | 0.0194 | 0.9407 | 0.9506 | 0.9418
0982 | 09:13:57 |  31.1s | 1.0e-04 | 0.0174 | 0.9554 | 0.9575 | 0.9615 | 0.0192 | 0.9434 | 0.9456 | 0.9397
0983 | 09:14:42 |  31.3s | 1.0e-04 | 0.0173 | 0.9549 | 0.9579 | 0.9618 | 0.0207 | 0.9443 | 0.9385 | 0.9339
0984 | 09:15:26 |  32.0s | 1.0e-04 | 0.0173 | 0.9559 | 0.9570 | 0.9617 | 0.0201 | 0.9435 | 0.9415 | 0.9348
0985 | 09:16:11 |  44.0s | 1.0e-04 | 0.0165 | 0.9566 | 0.9593 | 0.9639 | 0.0196 | 0.9477 | 0.9418 | 0.9406
0986 | 09:17:09 |  30.7s | 1.0e-04 | 0.0162 | 0.9568 | 0.9605 | 0.9648 | 0.0209 | 0.9440 | 0.9439 | 0.9376
0987 | 09:17:52 |  30.7s | 1.0e-04 | 0.0156 | 0.9580 | 0.9614 | 0.9667 | 0.0197 | 0.9460 | 0.9452 | 0.9415
0988 | 09:18:36 |  30.6s | 1.0e-04 | 0.0158 | 0.9576 | 0.9606 | 0.9656 | 0.0202 | 0.9385 | 0.9507 | 0.9394
0989 | 09:19:20 |  30.9s | 1.0e-04 | 0.0157 | 0.9579 | 0.9610 | 0.9665 | 0.0191 | 0.9414 | 0.9494 | 0.9409
0990 | 09:20:04 |  30.5s | 1.0e-04 | 0.0160 | 0.9586 | 0.9611 | 0.9669 | 0.0206 | 0.9464 | 0.9389 | 0.9379
0991 | 09:20:48 |  30.9s | 1.0e-04 | 0.0160 | 0.9579 | 0.9604 | 0.9659 | 0.0201 | 0.9456 | 0.9426 | 0.9386
0992 | 09:21:32 |  30.6s | 1.0e-04 | 0.0161 | 0.9573 | 0.9608 | 0.9654 | 0.0195 | 0.9407 | 0.9472 | 0.9372
0993 | 09:22:16 |  44.5s | 1.0e-04 | 0.0168 | 0.9564 | 0.9596 | 0.9629 | 0.0201 | 0.9414 | 0.9463 | 0.9370
0994 | 09:23:14 |  31.0s | 1.0e-04 | 0.0165 | 0.9563 | 0.9593 | 0.9636 | 0.0190 | 0.9436 | 0.9501 | 0.9438
0995 | 09:23:58 |  30.9s | 1.0e-04 | 0.0172 | 0.9543 | 0.9586 | 0.9607 | 0.0201 | 0.9399 | 0.9496 | 0.9393
0996 | 09:24:42 |  30.8s | 1.0e-04 | 0.0169 | 0.9557 | 0.9592 | 0.9628 | 0.0191 | 0.9459 | 0.9407 | 0.9373
0997 | 09:25:26 |  30.8s | 1.0e-04 | 0.0171 | 0.9555 | 0.9589 | 0.9625 | 0.0197 | 0.9445 | 0.9474 | 0.9421
0998 | 09:26:10 |  30.9s | 1.0e-04 | 0.0172 | 0.9551 | 0.9569 | 0.9607 | 0.0200 | 0.9391 | 0.9528 | 0.9421
0999 | 09:26:54 |  30.8s | 1.0e-04 | 0.0166 | 0.9556 | 0.9587 | 0.9623 | 0.0196 | 0.9462 | 0.9467 | 0.9431
1000 | 09:27:38 |  31.1s | 1.0e-04 | 0.0167 | 0.9561 | 0.9593 | 0.9636 | 0.0201 | 0.9488 | 0.9410 | 0.9419
