Epoch | Time_Start | Duration | LR | T_Loss | T_Prec | T_Rec | T_P@R0.95 | V_Loss | V_Prec | V_Rec | V_P@R0.95
0001 | 06:07:55 |  22.0s | 1.0e-04 | 0.0994 | 0.8411 | 0.6633 | 0.2689 | 0.0688 | 0.8310 | 0.7897 | 0.4092
0002 | 06:08:26 |  13.2s | 1.0e-04 | 0.0636 | 0.8844 | 0.7973 | 0.4965 | 0.0603 | 0.8936 | 0.7841 | 0.5086
0003 | 06:08:49 |  13.3s | 1.0e-04 | 0.0575 | 0.8967 | 0.8125 | 0.5516 | 0.0556 | 0.9021 | 0.7875 | 0.5102
0004 | 06:09:12 |  13.4s | 1.0e-04 | 0.0538 | 0.9006 | 0.8239 | 0.5841 | 0.0551 | 0.9043 | 0.7966 | 0.5469
0005 | 06:09:35 |  13.5s | 1.0e-04 | 0.0531 | 0.9020 | 0.8330 | 0.6242 | 0.0546 | 0.8626 | 0.8278 | 0.5406
0006 | 06:09:58 |  13.6s | 1.0e-04 | 0.0529 | 0.9020 | 0.8350 | 0.6416 | 0.0550 | 0.8726 | 0.8351 | 0.5857
0007 | 06:10:22 |  13.5s | 1.0e-04 | 0.0518 | 0.9023 | 0.8370 | 0.6506 | 0.0535 | 0.8782 | 0.8473 | 0.6252
0008 | 06:10:45 |  13.2s | 1.0e-04 | 0.0500 | 0.9080 | 0.8394 | 0.6607 | 0.0495 | 0.8905 | 0.8384 | 0.6169
0009 | 06:11:08 |  13.4s | 1.0e-04 | 0.0473 | 0.9066 | 0.8455 | 0.6846 | 0.0492 | 0.8960 | 0.8377 | 0.6321
0010 | 06:11:31 |  13.6s | 1.0e-04 | 0.0475 | 0.9103 | 0.8516 | 0.6980 | 0.0499 | 0.8824 | 0.8394 | 0.6159
0011 | 06:11:54 |  13.7s | 1.0e-04 | 0.0457 | 0.9100 | 0.8533 | 0.7101 | 0.0474 | 0.9201 | 0.8052 | 0.6526
0012 | 06:12:17 |  13.5s | 1.0e-04 | 0.0457 | 0.9109 | 0.8477 | 0.7003 | 0.0472 | 0.9100 | 0.8381 | 0.6738
0013 | 06:12:41 |  13.4s | 1.0e-04 | 0.0443 | 0.9117 | 0.8543 | 0.7226 | 0.0434 | 0.9165 | 0.8232 | 0.6786
0014 | 06:13:04 |  13.6s | 1.0e-04 | 0.0431 | 0.9119 | 0.8637 | 0.7444 | 0.0420 | 0.9031 | 0.8637 | 0.7303
0015 | 06:13:27 |  13.5s | 1.0e-04 | 0.0413 | 0.9139 | 0.8674 | 0.7641 | 0.0441 | 0.9178 | 0.8338 | 0.7303
0016 | 06:13:50 |  13.4s | 1.0e-04 | 0.0402 | 0.9150 | 0.8719 | 0.7740 | 0.0408 | 0.9095 | 0.8578 | 0.7504
0017 | 06:14:13 |  13.4s | 1.0e-04 | 0.0401 | 0.9130 | 0.8710 | 0.7788 | 0.0415 | 0.9051 | 0.8603 | 0.7429
0018 | 06:14:36 |  13.3s | 1.0e-04 | 0.0373 | 0.9167 | 0.8829 | 0.8089 | 0.0396 | 0.8977 | 0.8822 | 0.7536
0019 | 06:14:59 |  13.6s | 1.0e-04 | 0.0371 | 0.9181 | 0.8862 | 0.8184 | 0.0388 | 0.9010 | 0.8759 | 0.7721
0020 | 06:15:22 |  13.2s | 1.0e-04 | 0.0357 | 0.9195 | 0.8913 | 0.8293 | 0.0378 | 0.9276 | 0.8554 | 0.7972
0021 | 06:15:45 |  28.7s | 1.0e-04 | 0.0352 | 0.9190 | 0.8948 | 0.8376 | 0.0378 | 0.9358 | 0.8488 | 0.8045
0022 | 06:16:24 |  12.8s | 1.0e-04 | 0.0333 | 0.9216 | 0.8986 | 0.8442 | 0.0356 | 0.8959 | 0.8959 | 0.8000
0023 | 06:16:46 |  13.1s | 1.0e-04 | 0.0311 | 0.9233 | 0.9036 | 0.8583 | 0.0358 | 0.8896 | 0.9116 | 0.8125
0024 | 06:17:09 |  12.8s | 1.0e-04 | 0.0305 | 0.9241 | 0.9043 | 0.8608 | 0.0370 | 0.8771 | 0.9112 | 0.8004
0025 | 06:17:31 |  12.9s | 1.0e-04 | 0.0320 | 0.9259 | 0.9035 | 0.8607 | 0.0342 | 0.9316 | 0.8569 | 0.8183
0026 | 06:17:54 |  12.9s | 1.0e-04 | 0.0304 | 0.9277 | 0.9068 | 0.8680 | 0.0348 | 0.9304 | 0.8598 | 0.8189
0027 | 06:18:16 |  12.8s | 1.0e-04 | 0.0292 | 0.9284 | 0.9125 | 0.8789 | 0.0320 | 0.9284 | 0.8826 | 0.8241
0028 | 06:18:39 |  12.9s | 1.0e-04 | 0.0289 | 0.9288 | 0.9132 | 0.8792 | 0.0362 | 0.8862 | 0.9038 | 0.7866
0029 | 06:19:01 |  12.8s | 1.0e-04 | 0.0298 | 0.9271 | 0.9092 | 0.8718 | 0.0342 | 0.9182 | 0.8888 | 0.8235
0030 | 06:19:24 |  12.8s | 1.0e-04 | 0.0288 | 0.9284 | 0.9142 | 0.8815 | 0.0342 | 0.9308 | 0.8709 | 0.8345
0031 | 06:19:46 |  12.9s | 1.0e-04 | 0.0273 | 0.9321 | 0.9181 | 0.8895 | 0.0339 | 0.9167 | 0.8950 | 0.8434
0032 | 06:20:09 |  13.2s | 1.0e-04 | 0.0283 | 0.9294 | 0.9159 | 0.8839 | 0.0331 | 0.9281 | 0.8782 | 0.8418
0033 | 06:20:32 |  13.0s | 1.0e-04 | 0.0280 | 0.9304 | 0.9194 | 0.8910 | 0.0319 | 0.9177 | 0.8902 | 0.8340
0034 | 06:20:54 |  13.5s | 1.0e-04 | 0.0272 | 0.9313 | 0.9213 | 0.8954 | 0.0319 | 0.9359 | 0.8928 | 0.8650
0035 | 06:21:17 |  13.2s | 1.0e-04 | 0.0284 | 0.9311 | 0.9174 | 0.8892 | 0.0337 | 0.9205 | 0.8859 | 0.8368
0036 | 06:21:40 |  13.0s | 1.0e-04 | 0.0272 | 0.9337 | 0.9209 | 0.8962 | 0.0313 | 0.9307 | 0.8880 | 0.8535
0037 | 06:22:03 |  12.8s | 1.0e-04 | 0.0263 | 0.9339 | 0.9213 | 0.8994 | 0.0315 | 0.9154 | 0.9057 | 0.8496
0038 | 06:22:26 |  12.8s | 1.0e-04 | 0.0268 | 0.9337 | 0.9245 | 0.9023 | 0.0329 | 0.9253 | 0.8936 | 0.8438
0039 | 06:22:48 |  13.0s | 1.0e-04 | 0.0279 | 0.9312 | 0.9174 | 0.8894 | 0.0329 | 0.8881 | 0.9369 | 0.8647
0040 | 06:23:11 |  12.9s | 1.0e-04 | 0.0271 | 0.9339 | 0.9225 | 0.9010 | 0.0338 | 0.9372 | 0.8608 | 0.8351
0041 | 06:23:33 |  12.9s | 1.0e-04 | 0.0268 | 0.9329 | 0.9210 | 0.8996 | 0.0314 | 0.9182 | 0.9065 | 0.8556
0042 | 06:23:56 |  24.4s | 1.0e-04 | 0.0260 | 0.9372 | 0.9240 | 0.9040 | 0.0311 | 0.9125 | 0.9138 | 0.8549
0043 | 06:24:30 |  13.3s | 1.0e-04 | 0.0266 | 0.9325 | 0.9210 | 0.8980 | 0.0317 | 0.9070 | 0.9186 | 0.8591
0044 | 06:24:53 |  13.2s | 1.0e-04 | 0.0263 | 0.9336 | 0.9259 | 0.9055 | 0.0327 | 0.8850 | 0.9285 | 0.8516
0045 | 06:25:16 |  13.0s | 1.0e-04 | 0.0263 | 0.9336 | 0.9274 | 0.9074 | 0.0304 | 0.9226 | 0.8940 | 0.8509
0046 | 06:25:38 |  13.0s | 1.0e-04 | 0.0263 | 0.9334 | 0.9233 | 0.9016 | 0.0323 | 0.9407 | 0.8738 | 0.8560
0047 | 06:26:01 |  13.5s | 1.0e-04 | 0.0257 | 0.9352 | 0.9253 | 0.9049 | 0.0308 | 0.9108 | 0.9145 | 0.8582
0048 | 06:26:24 |  12.9s | 1.0e-04 | 0.0261 | 0.9333 | 0.9234 | 0.9016 | 0.0300 | 0.9246 | 0.9012 | 0.8627
0049 | 06:26:47 |  13.3s | 1.0e-04 | 0.0264 | 0.9343 | 0.9245 | 0.9042 | 0.0310 | 0.9311 | 0.8851 | 0.8549
0050 | 06:27:10 |  12.9s | 1.0e-04 | 0.0262 | 0.9351 | 0.9254 | 0.9068 | 0.0324 | 0.9195 | 0.8910 | 0.8435
0051 | 06:27:32 |  13.2s | 1.0e-04 | 0.0253 | 0.9368 | 0.9287 | 0.9126 | 0.0302 | 0.9212 | 0.9112 | 0.8698
0052 | 06:27:55 |  12.9s | 1.0e-04 | 0.0257 | 0.9355 | 0.9266 | 0.9085 | 0.0310 | 0.9236 | 0.9108 | 0.8541
0053 | 06:28:18 |  13.0s | 1.0e-04 | 0.0248 | 0.9389 | 0.9305 | 0.9165 | 0.0299 | 0.9233 | 0.9052 | 0.8580
0054 | 06:28:40 |  12.9s | 1.0e-04 | 0.0252 | 0.9342 | 0.9270 | 0.9090 | 0.0302 | 0.8982 | 0.9297 | 0.8639
0055 | 06:29:03 |  12.9s | 1.0e-04 | 0.0254 | 0.9349 | 0.9260 | 0.9084 | 0.0290 | 0.9133 | 0.9148 | 0.8582
0056 | 06:29:26 |  13.0s | 1.0e-04 | 0.0251 | 0.9365 | 0.9311 | 0.9144 | 0.0283 | 0.9166 | 0.9240 | 0.8827
0057 | 06:29:48 |  13.4s | 1.0e-04 | 0.0245 | 0.9383 | 0.9315 | 0.9153 | 0.0293 | 0.9086 | 0.9258 | 0.8740
0058 | 06:30:11 |  12.9s | 1.0e-04 | 0.0251 | 0.9388 | 0.9277 | 0.9116 | 0.0300 | 0.9261 | 0.9104 | 0.8782
0059 | 06:30:34 |  13.0s | 1.0e-04 | 0.0246 | 0.9376 | 0.9318 | 0.9165 | 0.0299 | 0.9193 | 0.9182 | 0.8755
0060 | 06:30:57 |  12.9s | 1.0e-04 | 0.0245 | 0.9378 | 0.9335 | 0.9196 | 0.0295 | 0.9134 | 0.9275 | 0.8824
0061 | 06:31:19 |  13.1s | 1.0e-04 | 0.0243 | 0.9367 | 0.9309 | 0.9170 | 0.0295 | 0.9063 | 0.9280 | 0.8769
0062 | 06:31:42 |  13.0s | 1.0e-04 | 0.0247 | 0.9395 | 0.9308 | 0.9182 | 0.0295 | 0.9286 | 0.8948 | 0.8524
0063 | 06:32:05 |  27.8s | 1.0e-04 | 0.0246 | 0.9378 | 0.9312 | 0.9172 | 0.0286 | 0.9264 | 0.9130 | 0.8827
0064 | 06:32:42 |  12.8s | 1.0e-04 | 0.0250 | 0.9367 | 0.9309 | 0.9166 | 0.0283 | 0.9171 | 0.9263 | 0.8824
0065 | 06:33:05 |  12.6s | 1.0e-04 | 0.0244 | 0.9388 | 0.9336 | 0.9204 | 0.0283 | 0.9259 | 0.9150 | 0.8795
0066 | 06:33:27 |  12.9s | 1.0e-04 | 0.0253 | 0.9379 | 0.9308 | 0.9149 | 0.0279 | 0.9064 | 0.9369 | 0.8859
0067 | 06:33:49 |  12.9s | 1.0e-04 | 0.0247 | 0.9388 | 0.9323 | 0.9191 | 0.0291 | 0.9079 | 0.9280 | 0.8744
0068 | 06:34:12 |  13.1s | 1.0e-04 | 0.0243 | 0.9401 | 0.9354 | 0.9253 | 0.0302 | 0.9367 | 0.8984 | 0.8762
0069 | 06:34:35 |  12.6s | 1.0e-04 | 0.0237 | 0.9386 | 0.9354 | 0.9226 | 0.0285 | 0.9353 | 0.9022 | 0.8782
0070 | 06:34:57 |  13.1s | 1.0e-04 | 0.0249 | 0.9378 | 0.9318 | 0.9165 | 0.0292 | 0.9239 | 0.9153 | 0.8794
0071 | 06:35:20 |  12.7s | 1.0e-04 | 0.0247 | 0.9376 | 0.9334 | 0.9198 | 0.0283 | 0.9236 | 0.9198 | 0.8844
0072 | 06:35:42 |  12.8s | 1.0e-04 | 0.0244 | 0.9405 | 0.9341 | 0.9221 | 0.0294 | 0.9114 | 0.9359 | 0.8917
0073 | 06:36:04 |  13.0s | 1.0e-04 | 0.0249 | 0.9372 | 0.9316 | 0.9156 | 0.0289 | 0.9170 | 0.9212 | 0.8736
0074 | 06:36:27 |  12.6s | 1.0e-04 | 0.0241 | 0.9386 | 0.9323 | 0.9195 | 0.0270 | 0.9182 | 0.9288 | 0.8865
0075 | 06:36:49 |  12.7s | 1.0e-04 | 0.0241 | 0.9395 | 0.9322 | 0.9199 | 0.0289 | 0.9306 | 0.9072 | 0.8773
0076 | 06:37:12 |  12.8s | 1.0e-04 | 0.0242 | 0.9387 | 0.9346 | 0.9236 | 0.0280 | 0.9242 | 0.9175 | 0.8843
0077 | 06:37:34 |  12.6s | 1.0e-04 | 0.0244 | 0.9386 | 0.9339 | 0.9213 | 0.0283 | 0.9134 | 0.9326 | 0.8930
0078 | 06:37:56 |  12.7s | 1.0e-04 | 0.0240 | 0.9391 | 0.9342 | 0.9223 | 0.0307 | 0.9120 | 0.9151 | 0.8612
0079 | 06:38:19 |  12.7s | 1.0e-04 | 0.0236 | 0.9412 | 0.9375 | 0.9269 | 0.0282 | 0.8983 | 0.9481 | 0.8942
0080 | 06:38:41 |  12.7s | 1.0e-04 | 0.0245 | 0.9379 | 0.9316 | 0.9184 | 0.0306 | 0.8973 | 0.9224 | 0.8502
0081 | 06:39:03 |  12.7s | 1.0e-04 | 0.0242 | 0.9388 | 0.9324 | 0.9192 | 0.0277 | 0.9274 | 0.9107 | 0.8746
0082 | 06:39:26 |  12.8s | 1.0e-04 | 0.0238 | 0.9407 | 0.9349 | 0.9246 | 0.0293 | 0.9187 | 0.9213 | 0.8805
0083 | 06:39:48 |  12.7s | 1.0e-04 | 0.0237 | 0.9414 | 0.9358 | 0.9245 | 0.0264 | 0.9262 | 0.9237 | 0.8891
0084 | 06:40:11 |  25.0s | 1.0e-04 | 0.0242 | 0.9393 | 0.9359 | 0.9238 | 0.0274 | 0.9304 | 0.9156 | 0.8844
0085 | 06:40:45 |  13.4s | 1.0e-04 | 0.0241 | 0.9402 | 0.9344 | 0.9236 | 0.0278 | 0.9289 | 0.9203 | 0.8936
0086 | 06:41:08 |  13.1s | 1.0e-04 | 0.0240 | 0.9389 | 0.9355 | 0.9244 | 0.0272 | 0.9295 | 0.9179 | 0.8842
0087 | 06:41:31 |  13.0s | 1.0e-04 | 0.0235 | 0.9387 | 0.9359 | 0.9247 | 0.0282 | 0.9165 | 0.9219 | 0.8808
0088 | 06:41:53 |  13.1s | 1.0e-04 | 0.0235 | 0.9411 | 0.9358 | 0.9255 | 0.0273 | 0.9272 | 0.9103 | 0.8766
0089 | 06:42:16 |  12.7s | 1.0e-04 | 0.0235 | 0.9400 | 0.9363 | 0.9251 | 0.0285 | 0.9144 | 0.9310 | 0.8900
0090 | 06:42:39 |  12.7s | 1.0e-04 | 0.0238 | 0.9409 | 0.9356 | 0.9247 | 0.0270 | 0.9309 | 0.9242 | 0.9022
0091 | 06:43:01 |  12.7s | 1.0e-04 | 0.0236 | 0.9405 | 0.9367 | 0.9272 | 0.0274 | 0.9323 | 0.9153 | 0.8904
0092 | 06:43:24 |  12.7s | 1.0e-04 | 0.0242 | 0.9378 | 0.9342 | 0.9220 | 0.0277 | 0.9127 | 0.9167 | 0.8716
0093 | 06:43:46 |  12.8s | 1.0e-04 | 0.0239 | 0.9409 | 0.9375 | 0.9271 | 0.0265 | 0.9316 | 0.9189 | 0.8935
0094 | 06:44:09 |  12.7s | 1.0e-04 | 0.0231 | 0.9405 | 0.9388 | 0.9280 | 0.0293 | 0.9287 | 0.9051 | 0.8762
0095 | 06:44:31 |  12.9s | 1.0e-04 | 0.0239 | 0.9405 | 0.9364 | 0.9266 | 0.0280 | 0.9368 | 0.9041 | 0.8825
0096 | 06:44:54 |  12.9s | 1.0e-04 | 0.0238 | 0.9406 | 0.9370 | 0.9263 | 0.0277 | 0.9139 | 0.9414 | 0.8981
0097 | 06:45:17 |  13.4s | 1.0e-04 | 0.0238 | 0.9381 | 0.9363 | 0.9240 | 0.0270 | 0.9319 | 0.9218 | 0.9019
0098 | 06:45:40 |  13.6s | 1.0e-04 | 0.0226 | 0.9417 | 0.9393 | 0.9304 | 0.0271 | 0.9272 | 0.9110 | 0.8830
0099 | 06:46:03 |  12.7s | 1.0e-04 | 0.0233 | 0.9410 | 0.9371 | 0.9267 | 0.0274 | 0.9248 | 0.9297 | 0.8997
0100 | 06:46:26 |  12.7s | 1.0e-04 | 0.0234 | 0.9413 | 0.9374 | 0.9284 | 0.0266 | 0.9413 | 0.9106 | 0.8963
0101 | 06:46:49 |  12.7s | 1.0e-04 | 0.0224 | 0.9422 | 0.9390 | 0.9307 | 0.0269 | 0.9208 | 0.9276 | 0.8918
0102 | 06:47:11 |  13.0s | 1.0e-04 | 0.0232 | 0.9402 | 0.9356 | 0.9260 | 0.0281 | 0.9075 | 0.9377 | 0.8902
0103 | 06:47:34 |  12.7s | 1.0e-04 | 0.0235 | 0.9395 | 0.9366 | 0.9259 | 0.0276 | 0.9226 | 0.9299 | 0.8943
0104 | 06:47:57 |  12.8s | 1.0e-04 | 0.0233 | 0.9404 | 0.9377 | 0.9268 | 0.0260 | 0.9401 | 0.9130 | 0.9004
0105 | 06:48:20 |  28.4s | 1.0e-04 | 0.0238 | 0.9408 | 0.9406 | 0.9314 | 0.0258 | 0.9254 | 0.9282 | 0.8992
0106 | 06:48:58 |  12.7s | 1.0e-04 | 0.0228 | 0.9447 | 0.9430 | 0.9376 | 0.0287 | 0.9012 | 0.9455 | 0.8961
0107 | 06:49:21 |  12.8s | 1.0e-04 | 0.0239 | 0.9406 | 0.9432 | 0.9333 | 0.0265 | 0.9231 | 0.9249 | 0.8890
0108 | 06:49:43 |  13.0s | 1.0e-04 | 0.0233 | 0.9431 | 0.9427 | 0.9364 | 0.0263 | 0.9266 | 0.9315 | 0.9053
0109 | 06:50:06 |  12.8s | 1.0e-04 | 0.0233 | 0.9428 | 0.9404 | 0.9325 | 0.0277 | 0.9240 | 0.9180 | 0.8801
0110 | 06:50:29 |  12.7s | 1.0e-04 | 0.0234 | 0.9427 | 0.9416 | 0.9341 | 0.0258 | 0.9351 | 0.9186 | 0.8986
0111 | 06:50:52 |  13.2s | 1.0e-04 | 0.0228 | 0.9438 | 0.9430 | 0.9372 | 0.0265 | 0.9125 | 0.9406 | 0.8987
0112 | 06:51:15 |  12.9s | 1.0e-04 | 0.0230 | 0.9426 | 0.9448 | 0.9381 | 0.0260 | 0.9436 | 0.9065 | 0.9001
0113 | 06:51:38 |  12.7s | 1.0e-04 | 0.0233 | 0.9432 | 0.9414 | 0.9342 | 0.0257 | 0.9356 | 0.9204 | 0.9006
0114 | 06:52:01 |  12.7s | 1.0e-04 | 0.0236 | 0.9408 | 0.9436 | 0.9333 | 0.0274 | 0.9467 | 0.9030 | 0.9006
0115 | 06:52:23 |  13.2s | 1.0e-04 | 0.0230 | 0.9443 | 0.9427 | 0.9368 | 0.0274 | 0.9112 | 0.9365 | 0.8916
0116 | 06:52:47 |  12.9s | 1.0e-04 | 0.0234 | 0.9421 | 0.9414 | 0.9334 | 0.0258 | 0.9319 | 0.9295 | 0.9032
0117 | 06:53:09 |  12.7s | 1.0e-04 | 0.0223 | 0.9448 | 0.9440 | 0.9398 | 0.0266 | 0.9117 | 0.9386 | 0.8952
0118 | 06:53:32 |  12.7s | 1.0e-04 | 0.0228 | 0.9424 | 0.9409 | 0.9330 | 0.0258 | 0.9170 | 0.9405 | 0.9043
0119 | 06:53:55 |  13.2s | 1.0e-04 | 0.0228 | 0.9443 | 0.9435 | 0.9374 | 0.0260 | 0.9240 | 0.9216 | 0.8922
0120 | 06:54:18 |  13.0s | 1.0e-04 | 0.0228 | 0.9440 | 0.9421 | 0.9355 | 0.0255 | 0.9179 | 0.9400 | 0.9025
0121 | 06:54:41 |  13.2s | 1.0e-04 | 0.0228 | 0.9436 | 0.9408 | 0.9335 | 0.0260 | 0.9340 | 0.9211 | 0.8971
0122 | 06:55:04 |  12.7s | 1.0e-04 | 0.0226 | 0.9447 | 0.9432 | 0.9388 | 0.0266 | 0.9237 | 0.9202 | 0.8882
0123 | 06:55:27 |  12.8s | 1.0e-04 | 0.0227 | 0.9427 | 0.9406 | 0.9327 | 0.0257 | 0.9218 | 0.9275 | 0.8912
0124 | 06:55:50 |  13.2s | 1.0e-04 | 0.0231 | 0.9438 | 0.9439 | 0.9379 | 0.0249 | 0.9291 | 0.9276 | 0.9020
0125 | 06:56:13 |  12.7s | 1.0e-04 | 0.0232 | 0.9419 | 0.9446 | 0.9362 | 0.0258 | 0.9260 | 0.9273 | 0.8960
0126 | 06:56:38 |  17.1s | 1.0e-04 | 0.0219 | 0.9432 | 0.9412 | 0.9348 | 0.0253 | 0.9274 | 0.9332 | 0.9072
0127 | 06:57:05 |  12.9s | 1.0e-04 | 0.0226 | 0.9400 | 0.9400 | 0.9308 | 0.0256 | 0.9226 | 0.9348 | 0.9030
0128 | 06:57:28 |  13.0s | 1.0e-04 | 0.0221 | 0.9431 | 0.9423 | 0.9359 | 0.0263 | 0.9194 | 0.9431 | 0.9098
0129 | 06:57:51 |  12.9s | 1.0e-04 | 0.0224 | 0.9433 | 0.9414 | 0.9342 | 0.0254 | 0.9303 | 0.9294 | 0.9030
0130 | 06:58:14 |  12.9s | 1.0e-04 | 0.0226 | 0.9417 | 0.9392 | 0.9316 | 0.0257 | 0.9196 | 0.9370 | 0.9041
0131 | 06:58:36 |  13.0s | 1.0e-04 | 0.0220 | 0.9431 | 0.9424 | 0.9351 | 0.0264 | 0.9172 | 0.9378 | 0.9019
0132 | 06:58:59 |  13.5s | 1.0e-04 | 0.0224 | 0.9423 | 0.9404 | 0.9333 | 0.0270 | 0.9387 | 0.9138 | 0.8952
0133 | 06:59:23 |  12.9s | 1.0e-04 | 0.0224 | 0.9418 | 0.9400 | 0.9324 | 0.0253 | 0.9288 | 0.9283 | 0.9002
0134 | 06:59:46 |  12.9s | 1.0e-04 | 0.0223 | 0.9418 | 0.9436 | 0.9357 | 0.0244 | 0.9328 | 0.9352 | 0.9135
0135 | 07:00:09 |  13.7s | 1.0e-04 | 0.0218 | 0.9446 | 0.9437 | 0.9374 | 0.0250 | 0.9315 | 0.9289 | 0.9049
0136 | 07:00:32 |  12.9s | 1.0e-04 | 0.0222 | 0.9435 | 0.9391 | 0.9336 | 0.0249 | 0.9366 | 0.9171 | 0.9019
0137 | 07:00:55 |  12.9s | 1.0e-04 | 0.0223 | 0.9414 | 0.9417 | 0.9331 | 0.0258 | 0.9166 | 0.9375 | 0.8987
0138 | 07:01:18 |  12.9s | 1.0e-04 | 0.0220 | 0.9428 | 0.9420 | 0.9337 | 0.0254 | 0.9347 | 0.9279 | 0.9082
0139 | 07:01:41 |  13.4s | 1.0e-04 | 0.0210 | 0.9442 | 0.9452 | 0.9395 | 0.0261 | 0.9326 | 0.9121 | 0.8849
0140 | 07:02:04 |  12.9s | 1.0e-04 | 0.0220 | 0.9442 | 0.9416 | 0.9335 | 0.0258 | 0.9369 | 0.9246 | 0.9092
0141 | 07:02:27 |  12.9s | 1.0e-04 | 0.0225 | 0.9422 | 0.9401 | 0.9320 | 0.0261 | 0.9300 | 0.9236 | 0.8923
0142 | 07:02:50 |  13.0s | 1.0e-04 | 0.0217 | 0.9436 | 0.9448 | 0.9380 | 0.0240 | 0.9413 | 0.9291 | 0.9184
0143 | 07:03:13 |  12.9s | 1.0e-04 | 0.0217 | 0.9434 | 0.9414 | 0.9350 | 0.0253 | 0.9337 | 0.9335 | 0.9171
0144 | 07:03:36 |  12.9s | 1.0e-04 | 0.0219 | 0.9425 | 0.9407 | 0.9327 | 0.0247 | 0.9290 | 0.9303 | 0.9028
0145 | 07:03:58 |  13.0s | 1.0e-04 | 0.0222 | 0.9422 | 0.9407 | 0.9329 | 0.0252 | 0.9408 | 0.9187 | 0.9066
0146 | 07:04:21 |  22.0s | 1.0e-04 | 0.0219 | 0.9424 | 0.9436 | 0.9364 | 0.0259 | 0.9353 | 0.9151 | 0.8939
0147 | 07:04:53 |  13.0s | 1.0e-04 | 0.0225 | 0.9431 | 0.9423 | 0.9349 | 0.0263 | 0.9514 | 0.9007 | 0.9103
0148 | 07:05:16 |  13.1s | 1.0e-04 | 0.0223 | 0.9438 | 0.9415 | 0.9353 | 0.0261 | 0.9246 | 0.9304 | 0.8995
0149 | 07:05:39 |  13.0s | 1.0e-04 | 0.0223 | 0.9432 | 0.9439 | 0.9371 | 0.0262 | 0.9303 | 0.9263 | 0.9028
0150 | 07:06:02 |  13.0s | 1.0e-04 | 0.0220 | 0.9430 | 0.9441 | 0.9371 | 0.0251 | 0.9332 | 0.9216 | 0.8970
0151 | 07:06:25 |  13.1s | 1.0e-04 | 0.0218 | 0.9455 | 0.9434 | 0.9384 | 0.0252 | 0.9285 | 0.9236 | 0.8926
0152 | 07:06:48 |  13.0s | 1.0e-04 | 0.0219 | 0.9451 | 0.9423 | 0.9369 | 0.0251 | 0.9291 | 0.9363 | 0.9108
0153 | 07:07:11 |  13.2s | 1.0e-04 | 0.0218 | 0.9442 | 0.9424 | 0.9370 | 0.0244 | 0.9366 | 0.9315 | 0.9203
0154 | 07:07:34 |  12.9s | 1.0e-04 | 0.0222 | 0.9439 | 0.9418 | 0.9364 | 0.0255 | 0.9260 | 0.9299 | 0.9001
0155 | 07:07:57 |  13.2s | 1.0e-04 | 0.0219 | 0.9430 | 0.9436 | 0.9378 | 0.0260 | 0.9234 | 0.9399 | 0.9123
0156 | 07:08:20 |  12.9s | 1.0e-04 | 0.0211 | 0.9448 | 0.9449 | 0.9395 | 0.0256 | 0.9242 | 0.9364 | 0.9063
0157 | 07:08:43 |  13.0s | 1.0e-04 | 0.0212 | 0.9446 | 0.9461 | 0.9410 | 0.0261 | 0.9227 | 0.9333 | 0.8991
0158 | 07:09:06 |  12.9s | 1.0e-04 | 0.0206 | 0.9473 | 0.9464 | 0.9440 | 0.0243 | 0.9246 | 0.9434 | 0.9161
0159 | 07:09:29 |  13.0s | 1.0e-04 | 0.0219 | 0.9444 | 0.9427 | 0.9364 | 0.0244 | 0.9411 | 0.9254 | 0.9117
0160 | 07:09:52 |  13.4s | 1.0e-04 | 0.0218 | 0.9432 | 0.9430 | 0.9367 | 0.0252 | 0.9294 | 0.9300 | 0.9060
0161 | 07:10:15 |  13.0s | 1.0e-04 | 0.0219 | 0.9442 | 0.9433 | 0.9380 | 0.0254 | 0.9300 | 0.9276 | 0.8995
0162 | 07:10:38 |  13.3s | 1.0e-04 | 0.0220 | 0.9435 | 0.9431 | 0.9365 | 0.0246 | 0.9344 | 0.9257 | 0.9074
0163 | 07:11:01 |  13.0s | 1.0e-04 | 0.0215 | 0.9451 | 0.9460 | 0.9414 | 0.0248 | 0.9292 | 0.9347 | 0.9086
0164 | 07:11:23 |  13.0s | 1.0e-04 | 0.0215 | 0.9435 | 0.9433 | 0.9369 | 0.0252 | 0.9386 | 0.9108 | 0.8985
0165 | 07:11:46 |  12.9s | 1.0e-04 | 0.0217 | 0.9435 | 0.9458 | 0.9396 | 0.0248 | 0.9409 | 0.9206 | 0.9100
0166 | 07:12:09 |  13.5s | 1.0e-04 | 0.0208 | 0.9454 | 0.9464 | 0.9427 | 0.0246 | 0.9197 | 0.9394 | 0.9070
0167 | 07:12:32 |  26.8s | 1.0e-04 | 0.0217 | 0.9453 | 0.9457 | 0.9410 | 0.0241 | 0.9271 | 0.9420 | 0.9156
0168 | 07:13:09 |  13.6s | 1.0e-04 | 0.0216 | 0.9459 | 0.9449 | 0.9412 | 0.0261 | 0.9419 | 0.9173 | 0.9123
0169 | 07:13:32 |  12.9s | 1.0e-04 | 0.0216 | 0.9450 | 0.9458 | 0.9413 | 0.0242 | 0.9302 | 0.9328 | 0.9077
0170 | 07:13:55 |  13.0s | 1.0e-04 | 0.0222 | 0.9448 | 0.9436 | 0.9388 | 0.0241 | 0.9257 | 0.9422 | 0.9168
0171 | 07:14:17 |  13.4s | 1.0e-04 | 0.0218 | 0.9457 | 0.9479 | 0.9435 | 0.0247 | 0.9399 | 0.9143 | 0.9045
0172 | 07:14:41 |  13.1s | 1.0e-04 | 0.0217 | 0.9465 | 0.9458 | 0.9423 | 0.0244 | 0.9266 | 0.9423 | 0.9174
0173 | 07:15:03 |  12.9s | 1.0e-04 | 0.0222 | 0.9436 | 0.9431 | 0.9371 | 0.0260 | 0.9315 | 0.9335 | 0.9127
0174 | 07:15:26 |  13.1s | 1.0e-04 | 0.0217 | 0.9452 | 0.9444 | 0.9392 | 0.0241 | 0.9422 | 0.9151 | 0.9109
0175 | 07:15:49 |  13.4s | 1.0e-04 | 0.0218 | 0.9458 | 0.9456 | 0.9408 | 0.0243 | 0.9387 | 0.9304 | 0.9197
0176 | 07:16:12 |  12.9s | 1.0e-04 | 0.0216 | 0.9464 | 0.9450 | 0.9416 | 0.0254 | 0.9293 | 0.9301 | 0.9024
0177 | 07:16:35 |  13.0s | 1.0e-04 | 0.0215 | 0.9467 | 0.9461 | 0.9427 | 0.0255 | 0.9321 | 0.9286 | 0.9041
0178 | 07:16:58 |  13.4s | 1.0e-04 | 0.0215 | 0.9460 | 0.9462 | 0.9420 | 0.0246 | 0.9428 | 0.9262 | 0.9157
0179 | 07:17:21 |  13.3s | 1.0e-04 | 0.0216 | 0.9454 | 0.9434 | 0.9394 | 0.0251 | 0.9184 | 0.9408 | 0.9063
0180 | 07:17:44 |  12.9s | 1.0e-04 | 0.0218 | 0.9450 | 0.9444 | 0.9391 | 0.0260 | 0.9509 | 0.9008 | 0.9122
0181 | 07:18:07 |  12.9s | 1.0e-04 | 0.0215 | 0.9459 | 0.9450 | 0.9417 | 0.0247 | 0.9306 | 0.9333 | 0.9100
0182 | 07:18:29 |  13.0s | 1.0e-04 | 0.0217 | 0.9454 | 0.9465 | 0.9428 | 0.0239 | 0.9327 | 0.9272 | 0.9087
0183 | 07:18:52 |  13.2s | 1.0e-04 | 0.0217 | 0.9459 | 0.9464 | 0.9422 | 0.0247 | 0.9374 | 0.9253 | 0.9087
0184 | 07:19:15 |  13.0s | 1.0e-04 | 0.0214 | 0.9489 | 0.9467 | 0.9457 | 0.0251 | 0.9135 | 0.9444 | 0.9059
0185 | 07:19:37 |  12.9s | 1.0e-04 | 0.0214 | 0.9472 | 0.9466 | 0.9437 | 0.0239 | 0.9263 | 0.9431 | 0.9164
0186 | 07:20:00 |  13.4s | 1.0e-04 | 0.0217 | 0.9458 | 0.9459 | 0.9420 | 0.0241 | 0.9379 | 0.9281 | 0.9120
0187 | 07:20:23 |  13.0s | 1.0e-04 | 0.0216 | 0.9467 | 0.9467 | 0.9430 | 0.0239 | 0.9336 | 0.9355 | 0.9173
0188 | 07:20:46 |  25.2s | 1.0e-04 | 0.0211 | 0.9472 | 0.9481 | 0.9453 | 0.0243 | 0.9424 | 0.9271 | 0.9167
0189 | 07:21:21 |  12.8s | 1.0e-04 | 0.0207 | 0.9478 | 0.9503 | 0.9481 | 0.0249 | 0.9420 | 0.9241 | 0.9201
0190 | 07:21:43 |  12.7s | 1.0e-04 | 0.0213 | 0.9466 | 0.9460 | 0.9435 | 0.0256 | 0.9222 | 0.9373 | 0.9055
0191 | 07:22:06 |  12.9s | 1.0e-04 | 0.0209 | 0.9459 | 0.9483 | 0.9447 | 0.0255 | 0.9309 | 0.9286 | 0.9019
0192 | 07:22:28 |  12.6s | 1.0e-04 | 0.0207 | 0.9484 | 0.9513 | 0.9496 | 0.0248 | 0.9424 | 0.9268 | 0.9174
0193 | 07:22:51 |  12.8s | 1.0e-04 | 0.0214 | 0.9462 | 0.9458 | 0.9429 | 0.0245 | 0.9366 | 0.9232 | 0.9018
0194 | 07:23:13 |  13.0s | 1.0e-04 | 0.0204 | 0.9499 | 0.9509 | 0.9505 | 0.0241 | 0.9293 | 0.9374 | 0.9107
0195 | 07:23:36 |  13.3s | 1.0e-04 | 0.0209 | 0.9486 | 0.9506 | 0.9490 | 0.0242 | 0.9147 | 0.9465 | 0.9093
0196 | 07:23:59 |  12.6s | 1.0e-04 | 0.0201 | 0.9486 | 0.9504 | 0.9490 | 0.0238 | 0.9362 | 0.9293 | 0.9123
0197 | 07:24:21 |  12.7s | 1.0e-04 | 0.0209 | 0.9483 | 0.9473 | 0.9460 | 0.0249 | 0.9153 | 0.9437 | 0.9070
0198 | 07:24:44 |  12.6s | 1.0e-04 | 0.0210 | 0.9482 | 0.9490 | 0.9474 | 0.0247 | 0.9278 | 0.9405 | 0.9170
0199 | 07:25:06 |  12.9s | 1.0e-04 | 0.0210 | 0.9484 | 0.9496 | 0.9481 | 0.0247 | 0.9245 | 0.9402 | 0.9118
0200 | 07:25:29 |  12.7s | 1.0e-04 | 0.0206 | 0.9491 | 0.9499 | 0.9490 | 0.0245 | 0.9252 | 0.9405 | 0.9139
0201 | 07:25:51 |  12.8s | 1.0e-04 | 0.0207 | 0.9485 | 0.9494 | 0.9482 | 0.0248 | 0.9287 | 0.9392 | 0.9150
0202 | 07:26:14 |  12.6s | 1.0e-04 | 0.0204 | 0.9491 | 0.9495 | 0.9486 | 0.0234 | 0.9263 | 0.9390 | 0.9116
0203 | 07:26:36 |  12.7s | 1.0e-04 | 0.0210 | 0.9484 | 0.9495 | 0.9478 | 0.0241 | 0.9227 | 0.9432 | 0.9143
0204 | 07:26:58 |  12.7s | 1.0e-04 | 0.0209 | 0.9487 | 0.9497 | 0.9484 | 0.0254 | 0.9165 | 0.9435 | 0.9054
0205 | 07:27:21 |  12.7s | 1.0e-04 | 0.0206 | 0.9474 | 0.9506 | 0.9479 | 0.0238 | 0.9357 | 0.9363 | 0.9228
0206 | 07:27:43 |  13.1s | 1.0e-04 | 0.0205 | 0.9475 | 0.9495 | 0.9471 | 0.0240 | 0.9297 | 0.9364 | 0.9147
0207 | 07:28:06 |  12.7s | 1.0e-04 | 0.0201 | 0.9508 | 0.9510 | 0.9519 | 0.0253 | 0.9361 | 0.9283 | 0.9089
0208 | 07:28:28 |  12.6s | 1.0e-04 | 0.0210 | 0.9486 | 0.9482 | 0.9469 | 0.0247 | 0.9337 | 0.9304 | 0.9109
0209 | 07:28:51 |  22.4s | 1.0e-04 | 0.0210 | 0.9468 | 0.9487 | 0.9453 | 0.0252 | 0.9350 | 0.9231 | 0.8996
0210 | 07:29:23 |  13.3s | 1.0e-04 | 0.0205 | 0.9477 | 0.9496 | 0.9474 | 0.0237 | 0.9298 | 0.9393 | 0.9164
0211 | 07:29:46 |  12.8s | 1.0e-04 | 0.0209 | 0.9469 | 0.9487 | 0.9456 | 0.0241 | 0.9214 | 0.9427 | 0.9137
0212 | 07:30:09 |  12.6s | 1.0e-04 | 0.0212 | 0.9473 | 0.9459 | 0.9430 | 0.0245 | 0.9308 | 0.9387 | 0.9199
0213 | 07:30:31 |  12.6s | 1.0e-04 | 0.0208 | 0.9470 | 0.9483 | 0.9450 | 0.0246 | 0.9270 | 0.9380 | 0.9092
0214 | 07:30:53 |  12.5s | 1.0e-04 | 0.0208 | 0.9484 | 0.9470 | 0.9450 | 0.0235 | 0.9396 | 0.9344 | 0.9237
0215 | 07:31:15 |  12.5s | 1.0e-04 | 0.0210 | 0.9474 | 0.9473 | 0.9448 | 0.0236 | 0.9312 | 0.9350 | 0.9134
0216 | 07:31:37 |  12.8s | 1.0e-04 | 0.0207 | 0.9472 | 0.9493 | 0.9465 | 0.0262 | 0.9502 | 0.9027 | 0.8980
0217 | 07:32:00 |  12.5s | 1.0e-04 | 0.0206 | 0.9482 | 0.9475 | 0.9460 | 0.0243 | 0.9384 | 0.9281 | 0.9119
0218 | 07:32:22 |  13.4s | 1.0e-04 | 0.0208 | 0.9476 | 0.9470 | 0.9447 | 0.0243 | 0.9346 | 0.9344 | 0.9174
0219 | 07:32:45 |  12.6s | 1.0e-04 | 0.0210 | 0.9465 | 0.9481 | 0.9449 | 0.0255 | 0.9291 | 0.9310 | 0.9040
0220 | 07:33:07 |  12.4s | 1.0e-04 | 0.0203 | 0.9475 | 0.9484 | 0.9460 | 0.0240 | 0.9325 | 0.9343 | 0.9135
0221 | 07:33:30 |  12.6s | 1.0e-04 | 0.0204 | 0.9480 | 0.9494 | 0.9474 | 0.0237 | 0.9308 | 0.9435 | 0.9228
0222 | 07:33:52 |  13.3s | 1.0e-04 | 0.0211 | 0.9471 | 0.9493 | 0.9461 | 0.0236 | 0.9281 | 0.9458 | 0.9233
0223 | 07:34:15 |  12.5s | 1.0e-04 | 0.0207 | 0.9477 | 0.9474 | 0.9453 | 0.0233 | 0.9160 | 0.9454 | 0.9091
0224 | 07:34:37 |  12.5s | 1.0e-04 | 0.0206 | 0.9469 | 0.9491 | 0.9461 | 0.0239 | 0.9374 | 0.9251 | 0.9102
0225 | 07:34:59 |  12.9s | 1.0e-04 | 0.0204 | 0.9478 | 0.9487 | 0.9464 | 0.0255 | 0.9201 | 0.9383 | 0.9061
0226 | 07:35:22 |  12.5s | 1.0e-04 | 0.0210 | 0.9479 | 0.9476 | 0.9455 | 0.0244 | 0.9300 | 0.9404 | 0.9208
0227 | 07:35:44 |  12.3s | 1.0e-04 | 0.0207 | 0.9473 | 0.9481 | 0.9452 | 0.0237 | 0.9319 | 0.9360 | 0.9163
0228 | 07:36:06 |  12.6s | 1.0e-04 | 0.0201 | 0.9487 | 0.9490 | 0.9479 | 0.0256 | 0.9253 | 0.9387 | 0.9095
0229 | 07:36:28 |  12.5s | 1.0e-04 | 0.0202 | 0.9482 | 0.9500 | 0.9483 | 0.0229 | 0.9366 | 0.9364 | 0.9220
0230 | 07:36:51 |  24.2s | 1.0e-04 | 0.0205 | 0.9476 | 0.9475 | 0.9455 | 0.0240 | 0.9318 | 0.9399 | 0.9216
0231 | 07:37:24 |  12.5s | 1.0e-04 | 0.0198 | 0.9489 | 0.9477 | 0.9467 | 0.0234 | 0.9284 | 0.9430 | 0.9203
0232 | 07:37:47 |  12.9s | 1.0e-04 | 0.0189 | 0.9500 | 0.9515 | 0.9514 | 0.0226 | 0.9344 | 0.9414 | 0.9238
0233 | 07:38:09 |  12.5s | 1.0e-04 | 0.0199 | 0.9485 | 0.9472 | 0.9465 | 0.0246 | 0.9377 | 0.9277 | 0.9151
0234 | 07:38:31 |  12.5s | 1.0e-04 | 0.0197 | 0.9483 | 0.9481 | 0.9467 | 0.0239 | 0.9392 | 0.9338 | 0.9197
0235 | 07:38:53 |  12.9s | 1.0e-04 | 0.0197 | 0.9490 | 0.9491 | 0.9483 | 0.0236 | 0.9444 | 0.9206 | 0.9179
0236 | 07:39:16 |  12.7s | 1.0e-04 | 0.0199 | 0.9483 | 0.9500 | 0.9483 | 0.0242 | 0.9336 | 0.9343 | 0.9140
0237 | 07:39:38 |  12.5s | 1.0e-04 | 0.0198 | 0.9483 | 0.9484 | 0.9468 | 0.0253 | 0.9404 | 0.9245 | 0.9098
0238 | 07:40:01 |  12.5s | 1.0e-04 | 0.0193 | 0.9498 | 0.9494 | 0.9491 | 0.0251 | 0.9395 | 0.9282 | 0.9124
0239 | 07:40:23 |  12.6s | 1.0e-04 | 0.0199 | 0.9480 | 0.9475 | 0.9463 | 0.0241 | 0.9278 | 0.9423 | 0.9190
0240 | 07:40:45 |  12.7s | 1.0e-04 | 0.0200 | 0.9481 | 0.9476 | 0.9458 | 0.0238 | 0.9378 | 0.9347 | 0.9230
0241 | 07:41:08 |  12.7s | 1.0e-04 | 0.0194 | 0.9499 | 0.9504 | 0.9504 | 0.0243 | 0.9407 | 0.9221 | 0.9113
0242 | 07:41:30 |  12.4s | 1.0e-04 | 0.0191 | 0.9494 | 0.9495 | 0.9487 | 0.0232 | 0.9383 | 0.9327 | 0.9212
0243 | 07:41:52 |  12.6s | 1.0e-04 | 0.0192 | 0.9495 | 0.9496 | 0.9493 | 0.0235 | 0.9218 | 0.9458 | 0.9168
0244 | 07:42:15 |  12.8s | 1.0e-04 | 0.0194 | 0.9500 | 0.9480 | 0.9479 | 0.0235 | 0.9284 | 0.9404 | 0.9166
0245 | 07:42:37 |  12.9s | 1.0e-04 | 0.0190 | 0.9493 | 0.9483 | 0.9479 | 0.0256 | 0.9455 | 0.9052 | 0.9004
0246 | 07:43:00 |  12.4s | 1.0e-04 | 0.0195 | 0.9499 | 0.9492 | 0.9491 | 0.0239 | 0.9326 | 0.9331 | 0.9106
0247 | 07:43:22 |  12.5s | 1.0e-04 | 0.0193 | 0.9484 | 0.9502 | 0.9488 | 0.0236 | 0.9343 | 0.9371 | 0.9207
0248 | 07:43:44 |  12.4s | 1.0e-04 | 0.0196 | 0.9481 | 0.9502 | 0.9482 | 0.0240 | 0.9316 | 0.9452 | 0.9272
0249 | 07:44:06 |  13.1s | 1.0e-04 | 0.0197 | 0.9483 | 0.9502 | 0.9484 | 0.0229 | 0.9463 | 0.9241 | 0.9234
0250 | 07:44:29 |  12.6s | 1.0e-04 | 0.0188 | 0.9489 | 0.9514 | 0.9501 | 0.0253 | 0.9207 | 0.9455 | 0.9157
0251 | 07:44:53 |  14.9s | 1.0e-04 | 0.0194 | 0.9498 | 0.9516 | 0.9517 | 0.0233 | 0.9432 | 0.9261 | 0.9219
0252 | 07:45:18 |  13.1s | 1.0e-04 | 0.0197 | 0.9490 | 0.9482 | 0.9475 | 0.0235 | 0.9356 | 0.9328 | 0.9157
0253 | 07:45:41 |  12.7s | 1.0e-04 | 0.0191 | 0.9499 | 0.9509 | 0.9508 | 0.0236 | 0.9409 | 0.9307 | 0.9211
0254 | 07:46:03 |  13.2s | 1.0e-04 | 0.0198 | 0.9495 | 0.9488 | 0.9486 | 0.0251 | 0.9424 | 0.9171 | 0.9097
0255 | 07:46:26 |  12.7s | 1.0e-04 | 0.0196 | 0.9471 | 0.9508 | 0.9476 | 0.0229 | 0.9238 | 0.9546 | 0.9298
0256 | 07:46:49 |  12.8s | 1.0e-04 | 0.0196 | 0.9513 | 0.9509 | 0.9519 | 0.0234 | 0.9387 | 0.9317 | 0.9196
0257 | 07:47:11 |  13.0s | 1.0e-04 | 0.0194 | 0.9480 | 0.9496 | 0.9477 | 0.0249 | 0.9410 | 0.9184 | 0.8991
0258 | 07:47:34 |  12.7s | 1.0e-04 | 0.0198 | 0.9472 | 0.9493 | 0.9467 | 0.0226 | 0.9415 | 0.9345 | 0.9252
0259 | 07:47:56 |  13.5s | 1.0e-04 | 0.0191 | 0.9507 | 0.9515 | 0.9519 | 0.0232 | 0.9311 | 0.9363 | 0.9151
0260 | 07:48:19 |  12.8s | 1.0e-04 | 0.0194 | 0.9495 | 0.9507 | 0.9505 | 0.0236 | 0.9343 | 0.9364 | 0.9189
0261 | 07:48:42 |  13.2s | 1.0e-04 | 0.0198 | 0.9498 | 0.9491 | 0.9490 | 0.0240 | 0.9387 | 0.9324 | 0.9187
0262 | 07:49:05 |  12.7s | 1.0e-04 | 0.0200 | 0.9476 | 0.9483 | 0.9458 | 0.0240 | 0.9360 | 0.9273 | 0.9129
0263 | 07:49:27 |  12.9s | 1.0e-04 | 0.0192 | 0.9510 | 0.9521 | 0.9524 | 0.0233 | 0.9424 | 0.9359 | 0.9277
0264 | 07:49:50 |  12.8s | 1.0e-04 | 0.0196 | 0.9493 | 0.9497 | 0.9490 | 0.0236 | 0.9355 | 0.9300 | 0.9125
0265 | 07:50:12 |  12.8s | 1.0e-04 | 0.0193 | 0.9491 | 0.9502 | 0.9491 | 0.0239 | 0.9249 | 0.9433 | 0.9182
0266 | 07:50:35 |  12.7s | 1.0e-04 | 0.0189 | 0.9498 | 0.9517 | 0.9512 | 0.0225 | 0.9468 | 0.9192 | 0.9230
0267 | 07:50:57 |  12.9s | 1.0e-04 | 0.0188 | 0.9499 | 0.9517 | 0.9516 | 0.0246 | 0.9212 | 0.9452 | 0.9146
0268 | 07:51:20 |  13.1s | 1.0e-04 | 0.0190 | 0.9487 | 0.9516 | 0.9504 | 0.0231 | 0.9378 | 0.9330 | 0.9199
0269 | 07:51:42 |  12.9s | 1.0e-04 | 0.0194 | 0.9507 | 0.9496 | 0.9501 | 0.0242 | 0.9380 | 0.9311 | 0.9201
0270 | 07:52:05 |  12.7s | 1.0e-04 | 0.0195 | 0.9484 | 0.9486 | 0.9471 | 0.0241 | 0.9354 | 0.9319 | 0.9178
0271 | 07:52:27 |  21.6s | 1.0e-04 | 0.0191 | 0.9489 | 0.9514 | 0.9502 | 0.0237 | 0.9439 | 0.9170 | 0.9091
0272 | 07:52:59 |  12.6s | 1.0e-04 | 0.0199 | 0.9489 | 0.9484 | 0.9478 | 0.0234 | 0.9222 | 0.9421 | 0.9100
0273 | 07:53:21 |  12.6s | 1.0e-04 | 0.0200 | 0.9483 | 0.9505 | 0.9486 | 0.0230 | 0.9288 | 0.9392 | 0.9160
0274 | 07:53:43 |  12.7s | 1.0e-04 | 0.0202 | 0.9487 | 0.9490 | 0.9477 | 0.0229 | 0.9345 | 0.9355 | 0.9194
0275 | 07:54:05 |  12.8s | 1.0e-04 | 0.0196 | 0.9496 | 0.9502 | 0.9499 | 0.0233 | 0.9289 | 0.9423 | 0.9225
0276 | 07:54:28 |  12.6s | 1.0e-04 | 0.0200 | 0.9486 | 0.9508 | 0.9493 | 0.0237 | 0.9219 | 0.9431 | 0.9084
0277 | 07:54:50 |  12.5s | 1.0e-04 | 0.0202 | 0.9495 | 0.9493 | 0.9488 | 0.0234 | 0.9371 | 0.9307 | 0.9151
0278 | 07:55:12 |  12.6s | 1.0e-04 | 0.0193 | 0.9505 | 0.9518 | 0.9521 | 0.0229 | 0.9319 | 0.9460 | 0.9263
0279 | 07:55:35 |  13.0s | 1.0e-04 | 0.0205 | 0.9476 | 0.9478 | 0.9454 | 0.0231 | 0.9295 | 0.9462 | 0.9258
0280 | 07:55:57 |  12.7s | 1.0e-04 | 0.0204 | 0.9480 | 0.9489 | 0.9468 | 0.0226 | 0.9459 | 0.9234 | 0.9198
0281 | 07:56:20 |  12.6s | 1.0e-04 | 0.0204 | 0.9486 | 0.9495 | 0.9477 | 0.0229 | 0.9372 | 0.9395 | 0.9263
0282 | 07:56:42 |  12.6s | 1.0e-04 | 0.0198 | 0.9490 | 0.9488 | 0.9478 | 0.0233 | 0.9311 | 0.9404 | 0.9182
0283 | 07:57:04 |  12.5s | 1.0e-04 | 0.0198 | 0.9486 | 0.9497 | 0.9482 | 0.0227 | 0.9421 | 0.9271 | 0.9204
0284 | 07:57:26 |  12.8s | 1.0e-04 | 0.0197 | 0.9491 | 0.9509 | 0.9499 | 0.0242 | 0.9437 | 0.9269 | 0.9207
0285 | 07:57:49 |  12.8s | 1.0e-04 | 0.0202 | 0.9473 | 0.9469 | 0.9445 | 0.0234 | 0.9308 | 0.9380 | 0.9141
0286 | 07:58:11 |  12.9s | 1.0e-04 | 0.0198 | 0.9486 | 0.9503 | 0.9490 | 0.0242 | 0.9298 | 0.9388 | 0.9166
0287 | 07:58:34 |  12.5s | 1.0e-04 | 0.0199 | 0.9496 | 0.9486 | 0.9482 | 0.0236 | 0.9387 | 0.9304 | 0.9167
0288 | 07:58:56 |  12.9s | 1.0e-04 | 0.0199 | 0.9480 | 0.9509 | 0.9489 | 0.0241 | 0.9145 | 0.9484 | 0.9132
0289 | 07:59:18 |  13.2s | 1.0e-04 | 0.0197 | 0.9505 | 0.9495 | 0.9501 | 0.0222 | 0.9408 | 0.9357 | 0.9247
0290 | 07:59:41 |  12.7s | 1.0e-04 | 0.0206 | 0.9461 | 0.9493 | 0.9453 | 0.0246 | 0.9249 | 0.9474 | 0.9203
0291 | 08:00:04 |  12.8s | 1.0e-04 | 0.0200 | 0.9493 | 0.9506 | 0.9499 | 0.0235 | 0.9317 | 0.9313 | 0.9077
0292 | 08:00:26 |  25.7s | 1.0e-04 | 0.0202 | 0.9491 | 0.9486 | 0.9477 | 0.0231 | 0.9500 | 0.9146 | 0.9212
0293 | 08:01:01 |  13.0s | 1.0e-04 | 0.0198 | 0.9479 | 0.9506 | 0.9482 | 0.0224 | 0.9432 | 0.9346 | 0.9275
0294 | 08:01:24 |  13.3s | 1.0e-04 | 0.0209 | 0.9464 | 0.9473 | 0.9447 | 0.0228 | 0.9539 | 0.9178 | 0.9230
0295 | 08:01:47 |  13.0s | 1.0e-04 | 0.0209 | 0.9481 | 0.9485 | 0.9470 | 0.0247 | 0.9198 | 0.9485 | 0.9180
0296 | 08:02:10 |  13.6s | 1.0e-04 | 0.0205 | 0.9495 | 0.9487 | 0.9482 | 0.0224 | 0.9365 | 0.9419 | 0.9294
0297 | 08:02:33 |  13.0s | 1.0e-04 | 0.0204 | 0.9485 | 0.9486 | 0.9471 | 0.0231 | 0.9403 | 0.9269 | 0.9161
0298 | 08:02:56 |  13.0s | 1.0e-04 | 0.0200 | 0.9483 | 0.9486 | 0.9470 | 0.0237 | 0.9249 | 0.9397 | 0.9124
0299 | 08:03:18 |  12.9s | 1.0e-04 | 0.0204 | 0.9482 | 0.9495 | 0.9477 | 0.0234 | 0.9396 | 0.9302 | 0.9178
0300 | 08:03:41 |  12.9s | 1.0e-04 | 0.0208 | 0.9499 | 0.9468 | 0.9467 | 0.0238 | 0.9336 | 0.9410 | 0.9248
0301 | 08:04:03 |  13.2s | 1.0e-04 | 0.0206 | 0.9482 | 0.9497 | 0.9480 | 0.0229 | 0.9428 | 0.9305 | 0.9210
0302 | 08:04:26 |  12.9s | 1.0e-04 | 0.0202 | 0.9498 | 0.9490 | 0.9488 | 0.0222 | 0.9327 | 0.9473 | 0.9295
0303 | 08:04:49 |  12.9s | 1.0e-04 | 0.0205 | 0.9489 | 0.9501 | 0.9489 | 0.0227 | 0.9348 | 0.9354 | 0.9189
0304 | 08:05:11 |  12.9s | 1.0e-04 | 0.0204 | 0.9476 | 0.9497 | 0.9473 | 0.0224 | 0.9328 | 0.9374 | 0.9166
0305 | 08:05:34 |  12.8s | 1.0e-04 | 0.0208 | 0.9479 | 0.9490 | 0.9470 | 0.0224 | 0.9480 | 0.9240 | 0.9247
0306 | 08:05:56 |  12.8s | 1.0e-04 | 0.0207 | 0.9469 | 0.9475 | 0.9445 | 0.0226 | 0.9434 | 0.9318 | 0.9273
0307 | 08:06:18 |  12.9s | 1.0e-04 | 0.0209 | 0.9476 | 0.9494 | 0.9470 | 0.0231 | 0.9393 | 0.9310 | 0.9168
0308 | 08:06:41 |  12.9s | 1.0e-04 | 0.0203 | 0.9471 | 0.9480 | 0.9455 | 0.0212 | 0.9439 | 0.9326 | 0.9256
0309 | 08:07:03 |  13.0s | 1.0e-04 | 0.0203 | 0.9493 | 0.9486 | 0.9482 | 0.0222 | 0.9284 | 0.9416 | 0.9178
0310 | 08:07:26 |  13.0s | 1.0e-04 | 0.0207 | 0.9478 | 0.9484 | 0.9462 | 0.0227 | 0.9306 | 0.9397 | 0.9187
0311 | 08:07:49 |  13.2s | 1.0e-04 | 0.0210 | 0.9466 | 0.9480 | 0.9443 | 0.0227 | 0.9337 | 0.9345 | 0.9155
0312 | 08:08:12 |  13.0s | 1.0e-04 | 0.0203 | 0.9471 | 0.9491 | 0.9464 | 0.0221 | 0.9365 | 0.9462 | 0.9312
0313 | 08:08:34 |  22.3s | 1.0e-04 | 0.0198 | 0.9487 | 0.9501 | 0.9488 | 0.0236 | 0.9382 | 0.9303 | 0.9160
0314 | 08:09:06 |  12.7s | 1.0e-04 | 0.0202 | 0.9491 | 0.9500 | 0.9490 | 0.0232 | 0.9283 | 0.9508 | 0.9291
0315 | 08:09:29 |  12.8s | 1.0e-04 | 0.0200 | 0.9486 | 0.9495 | 0.9483 | 0.0232 | 0.9418 | 0.9350 | 0.9235
0316 | 08:09:51 |  13.6s | 1.0e-04 | 0.0202 | 0.9476 | 0.9491 | 0.9470 | 0.0229 | 0.9440 | 0.9275 | 0.9204
0317 | 08:10:14 |  12.7s | 1.0e-04 | 0.0197 | 0.9484 | 0.9493 | 0.9475 | 0.0226 | 0.9455 | 0.9236 | 0.9192
0318 | 08:10:36 |  13.1s | 1.0e-04 | 0.0198 | 0.9487 | 0.9490 | 0.9481 | 0.0231 | 0.9356 | 0.9378 | 0.9213
0319 | 08:10:59 |  12.9s | 1.0e-04 | 0.0197 | 0.9505 | 0.9516 | 0.9524 | 0.0221 | 0.9295 | 0.9419 | 0.9196
0320 | 08:11:22 |  12.7s | 1.0e-04 | 0.0204 | 0.9488 | 0.9489 | 0.9478 | 0.0239 | 0.9318 | 0.9415 | 0.9201
0321 | 08:11:44 |  12.6s | 1.0e-04 | 0.0202 | 0.9509 | 0.9502 | 0.9511 | 0.0219 | 0.9419 | 0.9268 | 0.9202
0322 | 08:12:06 |  12.8s | 1.0e-04 | 0.0199 | 0.9497 | 0.9507 | 0.9503 | 0.0219 | 0.9459 | 0.9226 | 0.9230
0323 | 08:12:29 |  12.7s | 1.0e-04 | 0.0206 | 0.9484 | 0.9469 | 0.9460 | 0.0224 | 0.9303 | 0.9446 | 0.9235
0324 | 08:12:51 |  12.9s | 1.0e-04 | 0.0198 | 0.9501 | 0.9501 | 0.9504 | 0.0235 | 0.9486 | 0.9307 | 0.9305
0325 | 08:13:13 |  13.3s | 1.0e-04 | 0.0200 | 0.9493 | 0.9516 | 0.9507 | 0.0226 | 0.9411 | 0.9362 | 0.9241
0326 | 08:13:37 |  13.0s | 1.0e-04 | 0.0198 | 0.9502 | 0.9501 | 0.9504 | 0.0222 | 0.9400 | 0.9370 | 0.9243
0327 | 08:13:59 |  13.1s | 1.0e-04 | 0.0202 | 0.9486 | 0.9493 | 0.9480 | 0.0226 | 0.9360 | 0.9393 | 0.9228
0328 | 08:14:22 |  12.9s | 1.0e-04 | 0.0203 | 0.9491 | 0.9489 | 0.9482 | 0.0233 | 0.9425 | 0.9269 | 0.9212
0329 | 08:14:44 |  13.0s | 1.0e-04 | 0.0201 | 0.9490 | 0.9498 | 0.9488 | 0.0225 | 0.9400 | 0.9335 | 0.9268
0330 | 08:15:07 |  13.1s | 1.0e-04 | 0.0201 | 0.9490 | 0.9497 | 0.9489 | 0.0238 | 0.9322 | 0.9366 | 0.9160
0331 | 08:15:30 |  12.6s | 1.0e-04 | 0.0195 | 0.9505 | 0.9498 | 0.9502 | 0.0220 | 0.9397 | 0.9394 | 0.9293
0332 | 08:15:52 |  12.8s | 1.0e-04 | 0.0198 | 0.9493 | 0.9507 | 0.9500 | 0.0221 | 0.9402 | 0.9345 | 0.9251
0333 | 08:16:14 |  12.7s | 1.0e-04 | 0.0202 | 0.9469 | 0.9510 | 0.9478 | 0.0219 | 0.9374 | 0.9390 | 0.9245
0334 | 08:16:37 |  22.7s | 1.0e-04 | 0.0194 | 0.9491 | 0.9491 | 0.9482 | 0.0229 | 0.9445 | 0.9260 | 0.9200
0335 | 08:17:09 |  12.6s | 1.0e-04 | 0.0189 | 0.9500 | 0.9506 | 0.9505 | 0.0216 | 0.9433 | 0.9345 | 0.9283
0336 | 08:17:31 |  12.8s | 1.0e-04 | 0.0197 | 0.9499 | 0.9503 | 0.9501 | 0.0223 | 0.9450 | 0.9316 | 0.9261
0337 | 08:17:54 |  12.6s | 1.0e-04 | 0.0190 | 0.9501 | 0.9514 | 0.9515 | 0.0232 | 0.9392 | 0.9351 | 0.9236
0338 | 08:18:16 |  12.7s | 1.0e-04 | 0.0185 | 0.9509 | 0.9502 | 0.9512 | 0.0255 | 0.9545 | 0.9086 | 0.9238
0339 | 08:18:38 |  12.8s | 1.0e-04 | 0.0190 | 0.9498 | 0.9507 | 0.9505 | 0.0236 | 0.9203 | 0.9495 | 0.9191
0340 | 08:19:01 |  12.8s | 1.0e-04 | 0.0187 | 0.9514 | 0.9518 | 0.9535 | 0.0226 | 0.9456 | 0.9356 | 0.9297
0341 | 08:19:23 |  12.6s | 1.0e-04 | 0.0187 | 0.9508 | 0.9510 | 0.9521 | 0.0226 | 0.9384 | 0.9342 | 0.9193
0342 | 08:19:45 |  12.7s | 1.0e-04 | 0.0183 | 0.9531 | 0.9530 | 0.9553 | 0.0220 | 0.9419 | 0.9301 | 0.9226
0343 | 08:20:08 |  12.6s | 1.0e-04 | 0.0190 | 0.9504 | 0.9502 | 0.9506 | 0.0229 | 0.9365 | 0.9389 | 0.9251
0344 | 08:20:30 |  12.6s | 1.0e-04 | 0.0193 | 0.9503 | 0.9487 | 0.9492 | 0.0226 | 0.9396 | 0.9358 | 0.9233
0345 | 08:20:52 |  12.6s | 1.0e-04 | 0.0192 | 0.9504 | 0.9501 | 0.9505 | 0.0237 | 0.9303 | 0.9417 | 0.9185
0346 | 08:21:14 |  12.7s | 1.0e-04 | 0.0199 | 0.9486 | 0.9473 | 0.9457 | 0.0227 | 0.9323 | 0.9376 | 0.9165
0347 | 08:21:37 |  12.6s | 1.0e-04 | 0.0189 | 0.9508 | 0.9507 | 0.9515 | 0.0231 | 0.9339 | 0.9387 | 0.9193
0348 | 08:21:59 |  12.6s | 1.0e-04 | 0.0199 | 0.9506 | 0.9492 | 0.9500 | 0.0233 | 0.9293 | 0.9361 | 0.9122
0349 | 08:22:21 |  12.6s | 1.0e-04 | 0.0192 | 0.9501 | 0.9507 | 0.9506 | 0.0232 | 0.9308 | 0.9421 | 0.9210
0350 | 08:22:43 |  12.9s | 1.0e-04 | 0.0187 | 0.9509 | 0.9514 | 0.9521 | 0.0221 | 0.9285 | 0.9473 | 0.9245
0351 | 08:23:05 |  12.8s | 1.0e-04 | 0.0189 | 0.9505 | 0.9510 | 0.9514 | 0.0212 | 0.9410 | 0.9385 | 0.9279
0352 | 08:23:28 |  12.9s | 1.0e-04 | 0.0188 | 0.9493 | 0.9504 | 0.9498 | 0.0225 | 0.9345 | 0.9390 | 0.9203
0353 | 08:23:51 |  12.8s | 1.0e-04 | 0.0189 | 0.9506 | 0.9528 | 0.9528 | 0.0231 | 0.9430 | 0.9308 | 0.9233
0354 | 08:24:13 |  13.0s | 1.0e-04 | 0.0190 | 0.9502 | 0.9539 | 0.9536 | 0.0213 | 0.9462 | 0.9340 | 0.9328
0355 | 08:24:36 |  22.6s | 1.0e-04 | 0.0196 | 0.9515 | 0.9541 | 0.9554 | 0.0227 | 0.9450 | 0.9336 | 0.9273
0356 | 08:25:08 |  13.0s | 1.0e-04 | 0.0203 | 0.9494 | 0.9520 | 0.9504 | 0.0227 | 0.9289 | 0.9476 | 0.9258
0357 | 08:25:31 |  12.7s | 1.0e-04 | 0.0205 | 0.9491 | 0.9519 | 0.9510 | 0.0233 | 0.9291 | 0.9461 | 0.9233
0358 | 08:25:53 |  12.6s | 1.0e-04 | 0.0201 | 0.9502 | 0.9526 | 0.9523 | 0.0227 | 0.9411 | 0.9278 | 0.9193
0359 | 08:26:15 |  12.7s | 1.0e-04 | 0.0204 | 0.9507 | 0.9535 | 0.9534 | 0.0233 | 0.9192 | 0.9501 | 0.9195
0360 | 08:26:38 |  12.7s | 1.0e-04 | 0.0202 | 0.9517 | 0.9535 | 0.9542 | 0.0231 | 0.9425 | 0.9351 | 0.9284
0361 | 08:27:00 |  13.0s | 1.0e-04 | 0.0201 | 0.9521 | 0.9525 | 0.9543 | 0.0211 | 0.9369 | 0.9397 | 0.9267
0362 | 08:27:23 |  13.1s | 1.0e-04 | 0.0201 | 0.9504 | 0.9525 | 0.9522 | 0.0224 | 0.9232 | 0.9479 | 0.9208
0363 | 08:27:46 |  12.6s | 1.0e-04 | 0.0204 | 0.9488 | 0.9520 | 0.9501 | 0.0239 | 0.9491 | 0.9177 | 0.9165
0364 | 08:28:08 |  12.7s | 1.0e-04 | 0.0204 | 0.9512 | 0.9516 | 0.9529 | 0.0222 | 0.9272 | 0.9502 | 0.9273
0365 | 08:28:31 |  12.6s | 1.0e-04 | 0.0202 | 0.9525 | 0.9529 | 0.9546 | 0.0229 | 0.9366 | 0.9340 | 0.9189
0366 | 08:28:53 |  12.9s | 1.0e-04 | 0.0195 | 0.9509 | 0.9537 | 0.9543 | 0.0223 | 0.9286 | 0.9437 | 0.9198
0367 | 08:29:16 |  12.9s | 1.0e-04 | 0.0202 | 0.9515 | 0.9531 | 0.9537 | 0.0219 | 0.9330 | 0.9411 | 0.9211
0368 | 08:29:39 |  12.6s | 1.0e-04 | 0.0195 | 0.9522 | 0.9555 | 0.9570 | 0.0227 | 0.9340 | 0.9377 | 0.9183
0369 | 08:30:01 |  12.7s | 1.0e-04 | 0.0190 | 0.9530 | 0.9545 | 0.9569 | 0.0232 | 0.9312 | 0.9420 | 0.9216
0370 | 08:30:24 |  12.9s | 1.0e-04 | 0.0198 | 0.9514 | 0.9524 | 0.9540 | 0.0219 | 0.9364 | 0.9362 | 0.9189
0371 | 08:30:47 |  12.6s | 1.0e-04 | 0.0198 | 0.9508 | 0.9524 | 0.9531 | 0.0232 | 0.9402 | 0.9300 | 0.9227
0372 | 08:31:10 |  12.6s | 1.0e-04 | 0.0199 | 0.9508 | 0.9511 | 0.9518 | 0.0217 | 0.9355 | 0.9403 | 0.9239
0373 | 08:31:32 |  12.7s | 1.0e-04 | 0.0196 | 0.9520 | 0.9529 | 0.9550 | 0.0229 | 0.9417 | 0.9296 | 0.9159
0374 | 08:31:55 |  12.8s | 1.0e-04 | 0.0200 | 0.9504 | 0.9534 | 0.9532 | 0.0227 | 0.9425 | 0.9348 | 0.9274
0375 | 08:32:18 |  12.5s | 1.0e-04 | 0.0201 | 0.9514 | 0.9527 | 0.9538 | 0.0222 | 0.9454 | 0.9335 | 0.9275
0376 | 08:32:41 |  16.2s | 1.0e-04 | 0.0202 | 0.9503 | 0.9523 | 0.9524 | 0.0244 | 0.9301 | 0.9393 | 0.9158
0377 | 08:33:07 |  13.4s | 1.0e-04 | 0.0198 | 0.9510 | 0.9524 | 0.9528 | 0.0227 | 0.9313 | 0.9384 | 0.9149
0378 | 08:33:30 |  13.1s | 1.0e-04 | 0.0198 | 0.9513 | 0.9537 | 0.9542 | 0.0226 | 0.9357 | 0.9422 | 0.9250
0379 | 08:33:53 |  13.2s | 1.0e-04 | 0.0196 | 0.9525 | 0.9543 | 0.9563 | 0.0223 | 0.9456 | 0.9214 | 0.9224
0380 | 08:34:17 |  13.3s | 1.0e-04 | 0.0190 | 0.9529 | 0.9544 | 0.9565 | 0.0224 | 0.9382 | 0.9403 | 0.9271
0381 | 08:34:40 |  13.1s | 1.0e-04 | 0.0194 | 0.9513 | 0.9535 | 0.9545 | 0.0227 | 0.9358 | 0.9389 | 0.9217
0382 | 08:35:03 |  12.7s | 1.0e-04 | 0.0193 | 0.9521 | 0.9537 | 0.9551 | 0.0227 | 0.9381 | 0.9340 | 0.9248
0383 | 08:35:26 |  12.8s | 1.0e-04 | 0.0192 | 0.9519 | 0.9532 | 0.9547 | 0.0230 | 0.9359 | 0.9371 | 0.9227
0384 | 08:35:49 |  12.8s | 1.0e-04 | 0.0194 | 0.9531 | 0.9540 | 0.9568 | 0.0227 | 0.9405 | 0.9369 | 0.9285
0385 | 08:36:11 |  13.1s | 1.0e-04 | 0.0193 | 0.9530 | 0.9541 | 0.9566 | 0.0213 | 0.9499 | 0.9323 | 0.9325
0386 | 08:36:34 |  12.8s | 1.0e-04 | 0.0195 | 0.9505 | 0.9535 | 0.9533 | 0.0237 | 0.9419 | 0.9338 | 0.9260
0387 | 08:36:57 |  12.8s | 1.0e-04 | 0.0196 | 0.9516 | 0.9532 | 0.9540 | 0.0217 | 0.9435 | 0.9304 | 0.9269
0388 | 08:37:20 |  13.2s | 1.0e-04 | 0.0197 | 0.9508 | 0.9505 | 0.9512 | 0.0228 | 0.9310 | 0.9359 | 0.9145
0389 | 08:37:43 |  12.6s | 1.0e-04 | 0.0197 | 0.9527 | 0.9532 | 0.9555 | 0.0233 | 0.9436 | 0.9266 | 0.9160
0390 | 08:38:06 |  12.6s | 1.0e-04 | 0.0197 | 0.9525 | 0.9534 | 0.9548 | 0.0219 | 0.9401 | 0.9347 | 0.9252
0391 | 08:38:28 |  12.6s | 1.0e-04 | 0.0196 | 0.9528 | 0.9537 | 0.9562 | 0.0221 | 0.9416 | 0.9278 | 0.9151
0392 | 08:38:51 |  13.1s | 1.0e-04 | 0.0191 | 0.9545 | 0.9550 | 0.9583 | 0.0222 | 0.9329 | 0.9396 | 0.9234
0393 | 08:39:14 |  13.1s | 1.0e-04 | 0.0196 | 0.9509 | 0.9525 | 0.9534 | 0.0232 | 0.9378 | 0.9369 | 0.9211
0394 | 08:39:37 |  12.9s | 1.0e-04 | 0.0200 | 0.9515 | 0.9538 | 0.9551 | 0.0208 | 0.9381 | 0.9472 | 0.9347
0395 | 08:40:00 |  12.8s | 1.0e-04 | 0.0195 | 0.9527 | 0.9546 | 0.9560 | 0.0223 | 0.9318 | 0.9336 | 0.9106
0396 | 08:40:22 |  24.4s | 1.0e-04 | 0.0197 | 0.9497 | 0.9516 | 0.9509 | 0.0215 | 0.9390 | 0.9348 | 0.9259
0397 | 08:40:57 |  13.1s | 1.0e-04 | 0.0181 | 0.9519 | 0.9506 | 0.9526 | 0.0227 | 0.9412 | 0.9303 | 0.9195
0398 | 08:41:20 |  13.0s | 1.0e-04 | 0.0185 | 0.9491 | 0.9504 | 0.9494 | 0.0218 | 0.9297 | 0.9455 | 0.9245
0399 | 08:41:43 |  13.1s | 1.0e-04 | 0.0187 | 0.9489 | 0.9514 | 0.9504 | 0.0227 | 0.9419 | 0.9387 | 0.9289
0400 | 08:42:06 |  12.9s | 1.0e-04 | 0.0180 | 0.9491 | 0.9501 | 0.9492 | 0.0218 | 0.9380 | 0.9393 | 0.9246
0401 | 08:42:29 |  13.0s | 1.0e-04 | 0.0182 | 0.9480 | 0.9510 | 0.9488 | 0.0222 | 0.9380 | 0.9354 | 0.9260
0402 | 08:42:52 |  12.9s | 1.0e-04 | 0.0179 | 0.9508 | 0.9526 | 0.9531 | 0.0213 | 0.9520 | 0.9359 | 0.9382
0403 | 08:43:15 |  13.0s | 1.0e-04 | 0.0183 | 0.9506 | 0.9505 | 0.9511 | 0.0224 | 0.9350 | 0.9390 | 0.9213
0404 | 08:43:38 |  13.0s | 1.0e-04 | 0.0182 | 0.9513 | 0.9486 | 0.9504 | 0.0217 | 0.9500 | 0.9318 | 0.9334
0405 | 08:44:00 |  13.0s | 1.0e-04 | 0.0188 | 0.9485 | 0.9488 | 0.9473 | 0.0227 | 0.9479 | 0.9245 | 0.9232
0406 | 08:44:23 |  13.2s | 1.0e-04 | 0.0185 | 0.9490 | 0.9488 | 0.9482 | 0.0217 | 0.9422 | 0.9341 | 0.9257
0407 | 08:44:46 |  13.0s | 1.0e-04 | 0.0182 | 0.9510 | 0.9495 | 0.9502 | 0.0222 | 0.9466 | 0.9263 | 0.9249
0408 | 08:45:09 |  13.2s | 1.0e-04 | 0.0182 | 0.9516 | 0.9516 | 0.9530 | 0.0231 | 0.9488 | 0.9324 | 0.9295
0409 | 08:45:32 |  13.7s | 1.0e-04 | 0.0185 | 0.9493 | 0.9506 | 0.9497 | 0.0226 | 0.9411 | 0.9352 | 0.9258
0410 | 08:45:56 |  13.7s | 1.0e-04 | 0.0181 | 0.9510 | 0.9514 | 0.9523 | 0.0223 | 0.9329 | 0.9351 | 0.9174
0411 | 08:46:20 |  12.9s | 1.0e-04 | 0.0181 | 0.9510 | 0.9521 | 0.9535 | 0.0224 | 0.9448 | 0.9347 | 0.9323
0412 | 08:46:43 |  13.1s | 1.0e-04 | 0.0183 | 0.9506 | 0.9498 | 0.9505 | 0.0230 | 0.9452 | 0.9288 | 0.9236
0413 | 08:47:06 |  13.0s | 1.0e-04 | 0.0182 | 0.9488 | 0.9509 | 0.9494 | 0.0231 | 0.9344 | 0.9360 | 0.9209
0414 | 08:47:29 |  13.0s | 1.0e-04 | 0.0183 | 0.9501 | 0.9493 | 0.9493 | 0.0225 | 0.9273 | 0.9427 | 0.9199
0415 | 08:47:52 |  13.1s | 1.0e-04 | 0.0180 | 0.9507 | 0.9507 | 0.9514 | 0.0215 | 0.9365 | 0.9395 | 0.9260
0416 | 08:48:15 |  13.0s | 1.0e-04 | 0.0184 | 0.9491 | 0.9511 | 0.9502 | 0.0224 | 0.9324 | 0.9443 | 0.9274
0417 | 08:48:38 |  23.2s | 1.0e-04 | 0.0190 | 0.9492 | 0.9509 | 0.9503 | 0.0220 | 0.9455 | 0.9296 | 0.9247
0418 | 08:49:11 |  13.0s | 1.0e-04 | 0.0185 | 0.9528 | 0.9548 | 0.9564 | 0.0224 | 0.9269 | 0.9517 | 0.9301
0419 | 08:49:34 |  13.5s | 1.0e-04 | 0.0184 | 0.9526 | 0.9549 | 0.9563 | 0.0227 | 0.9235 | 0.9508 | 0.9246
0420 | 08:49:57 |  13.0s | 1.0e-04 | 0.0187 | 0.9506 | 0.9540 | 0.9540 | 0.0225 | 0.9348 | 0.9389 | 0.9215
0421 | 08:50:20 |  13.2s | 1.0e-04 | 0.0187 | 0.9522 | 0.9537 | 0.9554 | 0.0223 | 0.9344 | 0.9381 | 0.9196
0422 | 08:50:43 |  13.5s | 1.0e-04 | 0.0190 | 0.9534 | 0.9540 | 0.9566 | 0.0226 | 0.9345 | 0.9438 | 0.9265
0423 | 08:51:06 |  12.8s | 1.0e-04 | 0.0190 | 0.9514 | 0.9546 | 0.9550 | 0.0222 | 0.9320 | 0.9407 | 0.9198
0424 | 08:51:29 |  13.0s | 1.0e-04 | 0.0188 | 0.9517 | 0.9536 | 0.9553 | 0.0224 | 0.9317 | 0.9425 | 0.9243
0425 | 08:51:52 |  12.9s | 1.0e-04 | 0.0188 | 0.9535 | 0.9532 | 0.9566 | 0.0216 | 0.9409 | 0.9411 | 0.9299
0426 | 08:52:15 |  13.6s | 1.0e-04 | 0.0185 | 0.9518 | 0.9526 | 0.9545 | 0.0212 | 0.9404 | 0.9382 | 0.9281
0427 | 08:52:39 |  13.0s | 1.0e-04 | 0.0189 | 0.9522 | 0.9541 | 0.9547 | 0.0224 | 0.9240 | 0.9497 | 0.9234
0428 | 08:53:02 |  13.2s | 1.0e-04 | 0.0189 | 0.9529 | 0.9544 | 0.9563 | 0.0230 | 0.9381 | 0.9304 | 0.9204
0429 | 08:53:25 |  13.4s | 1.0e-04 | 0.0184 | 0.9524 | 0.9539 | 0.9559 | 0.0223 | 0.9486 | 0.9277 | 0.9289
0430 | 08:53:48 |  13.0s | 1.0e-04 | 0.0190 | 0.9501 | 0.9536 | 0.9536 | 0.0209 | 0.9408 | 0.9473 | 0.9364
0431 | 08:54:11 |  13.5s | 1.0e-04 | 0.0190 | 0.9507 | 0.9550 | 0.9553 | 0.0223 | 0.9502 | 0.9288 | 0.9285
0432 | 08:54:35 |  12.9s | 1.0e-04 | 0.0188 | 0.9515 | 0.9524 | 0.9535 | 0.0227 | 0.9415 | 0.9332 | 0.9218
0433 | 08:54:57 |  13.0s | 1.0e-04 | 0.0184 | 0.9527 | 0.9539 | 0.9562 | 0.0223 | 0.9364 | 0.9457 | 0.9320
0434 | 08:55:20 |  13.0s | 1.0e-04 | 0.0188 | 0.9506 | 0.9538 | 0.9541 | 0.0223 | 0.9267 | 0.9464 | 0.9227
0435 | 08:55:43 |  13.0s | 1.0e-04 | 0.0186 | 0.9519 | 0.9532 | 0.9548 | 0.0225 | 0.9372 | 0.9433 | 0.9318
0436 | 08:56:06 |  13.5s | 1.0e-04 | 0.0187 | 0.9530 | 0.9535 | 0.9563 | 0.0221 | 0.9341 | 0.9456 | 0.9272
0437 | 08:56:29 |  13.2s | 1.0e-04 | 0.0192 | 0.9517 | 0.9530 | 0.9540 | 0.0220 | 0.9286 | 0.9483 | 0.9271
0438 | 08:56:52 |  25.2s | 1.0e-04 | 0.0193 | 0.9503 | 0.9517 | 0.9518 | 0.0214 | 0.9419 | 0.9443 | 0.9356
0439 | 08:57:27 |  12.7s | 1.0e-04 | 0.0205 | 0.9486 | 0.9477 | 0.9457 | 0.0216 | 0.9412 | 0.9440 | 0.9360
0440 | 08:57:50 |  12.5s | 1.0e-04 | 0.0200 | 0.9488 | 0.9484 | 0.9476 | 0.0215 | 0.9370 | 0.9409 | 0.9260
0441 | 08:58:12 |  12.9s | 1.0e-04 | 0.0201 | 0.9497 | 0.9509 | 0.9503 | 0.0219 | 0.9299 | 0.9487 | 0.9283
0442 | 08:58:35 |  12.7s | 1.0e-04 | 0.0202 | 0.9476 | 0.9498 | 0.9475 | 0.0218 | 0.9410 | 0.9304 | 0.9263
0443 | 08:58:57 |  12.6s | 1.0e-04 | 0.0203 | 0.9485 | 0.9482 | 0.9469 | 0.0229 | 0.9359 | 0.9417 | 0.9262
0444 | 08:59:19 |  12.6s | 1.0e-04 | 0.0205 | 0.9490 | 0.9484 | 0.9473 | 0.0226 | 0.9409 | 0.9381 | 0.9256
0445 | 08:59:42 |  12.7s | 1.0e-04 | 0.0201 | 0.9484 | 0.9469 | 0.9453 | 0.0231 | 0.9371 | 0.9379 | 0.9237
0446 | 09:00:04 |  12.6s | 1.0e-04 | 0.0201 | 0.9492 | 0.9517 | 0.9507 | 0.0216 | 0.9361 | 0.9390 | 0.9247
0447 | 09:00:26 |  12.8s | 1.0e-04 | 0.0200 | 0.9493 | 0.9482 | 0.9481 | 0.0227 | 0.9429 | 0.9430 | 0.9367
0448 | 09:00:49 |  13.1s | 1.0e-04 | 0.0202 | 0.9485 | 0.9499 | 0.9484 | 0.0219 | 0.9454 | 0.9368 | 0.9308
0449 | 09:01:12 |  12.6s | 1.0e-04 | 0.0199 | 0.9516 | 0.9501 | 0.9516 | 0.0212 | 0.9424 | 0.9403 | 0.9321
0450 | 09:01:34 |  12.6s | 1.0e-04 | 0.0204 | 0.9499 | 0.9476 | 0.9479 | 0.0230 | 0.9270 | 0.9501 | 0.9272
0451 | 09:01:56 |  12.8s | 1.0e-04 | 0.0200 | 0.9494 | 0.9492 | 0.9485 | 0.0221 | 0.9323 | 0.9408 | 0.9230
0452 | 09:02:19 |  12.5s | 1.0e-04 | 0.0200 | 0.9497 | 0.9503 | 0.9501 | 0.0220 | 0.9373 | 0.9452 | 0.9323
0453 | 09:02:41 |  12.5s | 1.0e-04 | 0.0200 | 0.9487 | 0.9513 | 0.9497 | 0.0215 | 0.9398 | 0.9385 | 0.9263
0454 | 09:03:03 |  12.5s | 1.0e-04 | 0.0201 | 0.9498 | 0.9497 | 0.9496 | 0.0217 | 0.9321 | 0.9446 | 0.9265
0455 | 09:03:26 |  12.7s | 1.0e-04 | 0.0202 | 0.9486 | 0.9497 | 0.9485 | 0.0226 | 0.9333 | 0.9388 | 0.9211
0456 | 09:03:48 |  12.7s | 1.0e-04 | 0.0204 | 0.9496 | 0.9501 | 0.9497 | 0.0217 | 0.9423 | 0.9404 | 0.9326
0457 | 09:04:10 |  12.5s | 1.0e-04 | 0.0195 | 0.9500 | 0.9503 | 0.9503 | 0.0223 | 0.9408 | 0.9371 | 0.9290
0458 | 09:04:32 |  12.6s | 1.0e-04 | 0.0195 | 0.9507 | 0.9518 | 0.9521 | 0.0223 | 0.9410 | 0.9316 | 0.9223
0459 | 09:04:55 |  29.4s | 1.0e-04 | 0.0189 | 0.9530 | 0.9539 | 0.9558 | 0.0219 | 0.9439 | 0.9378 | 0.9320
0460 | 09:05:34 |  12.8s | 1.0e-04 | 0.0184 | 0.9520 | 0.9535 | 0.9549 | 0.0217 | 0.9321 | 0.9442 | 0.9253
0461 | 09:05:57 |  12.9s | 1.0e-04 | 0.0189 | 0.9529 | 0.9545 | 0.9567 | 0.0218 | 0.9403 | 0.9282 | 0.9183
0462 | 09:06:19 |  12.9s | 1.0e-04 | 0.0190 | 0.9527 | 0.9532 | 0.9552 | 0.0222 | 0.9263 | 0.9436 | 0.9177
0463 | 09:06:42 |  13.3s | 1.0e-04 | 0.0180 | 0.9543 | 0.9550 | 0.9586 | 0.0228 | 0.9362 | 0.9417 | 0.9290
0464 | 09:07:05 |  13.3s | 1.0e-04 | 0.0182 | 0.9553 | 0.9557 | 0.9601 | 0.0223 | 0.9401 | 0.9314 | 0.9221
0465 | 09:07:28 |  12.9s | 1.0e-04 | 0.0187 | 0.9525 | 0.9558 | 0.9568 | 0.0220 | 0.9380 | 0.9366 | 0.9227
0466 | 09:07:50 |  13.0s | 1.0e-04 | 0.0187 | 0.9527 | 0.9545 | 0.9573 | 0.0219 | 0.9414 | 0.9429 | 0.9323
0467 | 09:08:13 |  12.9s | 1.0e-04 | 0.0192 | 0.9511 | 0.9533 | 0.9542 | 0.0236 | 0.9499 | 0.9196 | 0.9171
0468 | 09:08:36 |  12.8s | 1.0e-04 | 0.0186 | 0.9521 | 0.9559 | 0.9574 | 0.0217 | 0.9383 | 0.9386 | 0.9266
0469 | 09:08:58 |  12.9s | 1.0e-04 | 0.0189 | 0.9529 | 0.9532 | 0.9555 | 0.0218 | 0.9450 | 0.9278 | 0.9240
0470 | 09:09:21 |  12.9s | 1.0e-04 | 0.0184 | 0.9532 | 0.9561 | 0.9581 | 0.0223 | 0.9334 | 0.9450 | 0.9263
0471 | 09:09:44 |  12.8s | 1.0e-04 | 0.0187 | 0.9529 | 0.9551 | 0.9573 | 0.0221 | 0.9287 | 0.9469 | 0.9248
0472 | 09:10:07 |  12.9s | 1.0e-04 | 0.0190 | 0.9514 | 0.9526 | 0.9540 | 0.0213 | 0.9433 | 0.9407 | 0.9324
0473 | 09:10:29 |  12.9s | 1.0e-04 | 0.0189 | 0.9523 | 0.9538 | 0.9555 | 0.0225 | 0.9281 | 0.9432 | 0.9168
0474 | 09:10:52 |  13.3s | 1.0e-04 | 0.0187 | 0.9520 | 0.9558 | 0.9565 | 0.0221 | 0.9436 | 0.9343 | 0.9271
0475 | 09:11:15 |  13.1s | 1.0e-04 | 0.0185 | 0.9531 | 0.9552 | 0.9580 | 0.0213 | 0.9387 | 0.9381 | 0.9270
0476 | 09:11:38 |  12.8s | 1.0e-04 | 0.0188 | 0.9516 | 0.9537 | 0.9547 | 0.0225 | 0.9486 | 0.9296 | 0.9315
0477 | 09:12:00 |  13.1s | 1.0e-04 | 0.0191 | 0.9521 | 0.9541 | 0.9555 | 0.0215 | 0.9471 | 0.9352 | 0.9342
0478 | 09:12:23 |  13.0s | 1.0e-04 | 0.0189 | 0.9519 | 0.9529 | 0.9543 | 0.0227 | 0.9423 | 0.9346 | 0.9264
0479 | 09:12:46 |  12.9s | 1.0e-04 | 0.0185 | 0.9536 | 0.9541 | 0.9568 | 0.0227 | 0.9401 | 0.9395 | 0.9291
0480 | 09:13:09 |  27.1s | 1.0e-04 | 0.0189 | 0.9516 | 0.9530 | 0.9538 | 0.0209 | 0.9355 | 0.9466 | 0.9320
0481 | 09:13:46 |  12.9s | 1.0e-04 | 0.0189 | 0.9501 | 0.9522 | 0.9522 | 0.0222 | 0.9386 | 0.9389 | 0.9251
0482 | 09:14:08 |  12.8s | 1.0e-04 | 0.0188 | 0.9502 | 0.9519 | 0.9519 | 0.0229 | 0.9331 | 0.9383 | 0.9195
0483 | 09:14:31 |  13.0s | 1.0e-04 | 0.0193 | 0.9510 | 0.9506 | 0.9517 | 0.0224 | 0.9435 | 0.9346 | 0.9268
0484 | 09:14:53 |  13.0s | 1.0e-04 | 0.0190 | 0.9502 | 0.9512 | 0.9515 | 0.0225 | 0.9312 | 0.9463 | 0.9280
0485 | 09:15:16 |  12.8s | 1.0e-04 | 0.0187 | 0.9512 | 0.9512 | 0.9518 | 0.0213 | 0.9423 | 0.9355 | 0.9254
0486 | 09:15:39 |  12.8s | 1.0e-04 | 0.0187 | 0.9516 | 0.9540 | 0.9554 | 0.0213 | 0.9468 | 0.9301 | 0.9253
0487 | 09:16:01 |  13.0s | 1.0e-04 | 0.0186 | 0.9522 | 0.9535 | 0.9549 | 0.0223 | 0.9373 | 0.9399 | 0.9268
0488 | 09:16:24 |  13.4s | 1.0e-04 | 0.0188 | 0.9484 | 0.9508 | 0.9492 | 0.0221 | 0.9302 | 0.9457 | 0.9246
0489 | 09:16:47 |  12.9s | 1.0e-04 | 0.0185 | 0.9505 | 0.9542 | 0.9539 | 0.0224 | 0.9386 | 0.9373 | 0.9222
0490 | 09:17:10 |  12.9s | 1.0e-04 | 0.0190 | 0.9518 | 0.9521 | 0.9537 | 0.0228 | 0.9389 | 0.9376 | 0.9235
0491 | 09:17:33 |  13.4s | 1.0e-04 | 0.0190 | 0.9505 | 0.9519 | 0.9521 | 0.0227 | 0.9432 | 0.9314 | 0.9255
0492 | 09:17:56 |  13.0s | 1.0e-04 | 0.0190 | 0.9503 | 0.9512 | 0.9512 | 0.0223 | 0.9429 | 0.9370 | 0.9305
0493 | 09:18:18 |  13.2s | 1.0e-04 | 0.0189 | 0.9514 | 0.9507 | 0.9518 | 0.0214 | 0.9301 | 0.9469 | 0.9247
0494 | 09:18:41 |  13.1s | 1.0e-04 | 0.0192 | 0.9498 | 0.9529 | 0.9522 | 0.0212 | 0.9320 | 0.9442 | 0.9274
0495 | 09:19:04 |  13.2s | 1.0e-04 | 0.0187 | 0.9504 | 0.9521 | 0.9523 | 0.0225 | 0.9500 | 0.9321 | 0.9329
0496 | 09:19:27 |  12.9s | 1.0e-04 | 0.0190 | 0.9511 | 0.9505 | 0.9517 | 0.0203 | 0.9416 | 0.9398 | 0.9316
0497 | 09:19:50 |  13.1s | 1.0e-04 | 0.0187 | 0.9512 | 0.9540 | 0.9542 | 0.0215 | 0.9367 | 0.9385 | 0.9247
0498 | 09:20:13 |  12.8s | 1.0e-04 | 0.0189 | 0.9498 | 0.9518 | 0.9513 | 0.0221 | 0.9309 | 0.9509 | 0.9320
0499 | 09:20:35 |  13.0s | 1.0e-04 | 0.0183 | 0.9523 | 0.9530 | 0.9548 | 0.0220 | 0.9422 | 0.9316 | 0.9220
0500 | 09:20:58 |  13.0s | 1.0e-04 | 0.0189 | 0.9522 | 0.9517 | 0.9539 | 0.0228 | 0.9398 | 0.9411 | 0.9295
0501 | 09:21:23 |  12.9s | 1.0e-04 | 0.0196 | 0.9494 | 0.9520 | 0.9509 | 0.0219 | 0.9355 | 0.9455 | 0.9324
0502 | 09:21:46 |  12.7s | 1.0e-04 | 0.0188 | 0.9524 | 0.9550 | 0.9560 | 0.0219 | 0.9373 | 0.9434 | 0.9293
0503 | 09:22:08 |  13.2s | 1.0e-04 | 0.0185 | 0.9527 | 0.9554 | 0.9572 | 0.0217 | 0.9425 | 0.9350 | 0.9287
0504 | 09:22:31 |  12.8s | 1.0e-04 | 0.0184 | 0.9532 | 0.9566 | 0.9588 | 0.0227 | 0.9447 | 0.9240 | 0.9199
0505 | 09:22:54 |  12.7s | 1.0e-04 | 0.0188 | 0.9528 | 0.9550 | 0.9567 | 0.0215 | 0.9358 | 0.9518 | 0.9383
0506 | 09:23:16 |  12.6s | 1.0e-04 | 0.0187 | 0.9519 | 0.9554 | 0.9558 | 0.0226 | 0.9451 | 0.9281 | 0.9213
0507 | 09:23:39 |  12.7s | 1.0e-04 | 0.0189 | 0.9524 | 0.9564 | 0.9575 | 0.0222 | 0.9498 | 0.9225 | 0.9264
0508 | 09:24:01 |  12.8s | 1.0e-04 | 0.0190 | 0.9529 | 0.9552 | 0.9574 | 0.0215 | 0.9490 | 0.9271 | 0.9247
0509 | 09:24:23 |  12.8s | 1.0e-04 | 0.0189 | 0.9526 | 0.9560 | 0.9569 | 0.0231 | 0.9261 | 0.9540 | 0.9316
0510 | 09:24:46 |  12.7s | 1.0e-04 | 0.0183 | 0.9551 | 0.9560 | 0.9599 | 0.0218 | 0.9366 | 0.9389 | 0.9240
0511 | 09:25:08 |  12.6s | 1.0e-04 | 0.0192 | 0.9526 | 0.9532 | 0.9553 | 0.0217 | 0.9419 | 0.9412 | 0.9328
0512 | 09:25:31 |  13.1s | 1.0e-04 | 0.0186 | 0.9537 | 0.9543 | 0.9573 | 0.0226 | 0.9372 | 0.9389 | 0.9267
0513 | 09:25:54 |  12.8s | 1.0e-04 | 0.0186 | 0.9528 | 0.9553 | 0.9565 | 0.0227 | 0.9224 | 0.9535 | 0.9268
0514 | 09:26:16 |  13.1s | 1.0e-04 | 0.0191 | 0.9530 | 0.9539 | 0.9562 | 0.0218 | 0.9398 | 0.9425 | 0.9326
0515 | 09:26:39 |  12.6s | 1.0e-04 | 0.0189 | 0.9536 | 0.9554 | 0.9581 | 0.0222 | 0.9401 | 0.9355 | 0.9278
0516 | 09:27:02 |  12.7s | 1.0e-04 | 0.0187 | 0.9517 | 0.9549 | 0.9558 | 0.0215 | 0.9469 | 0.9283 | 0.9254
0517 | 09:27:24 |  12.8s | 1.0e-04 | 0.0187 | 0.9537 | 0.9559 | 0.9581 | 0.0219 | 0.9351 | 0.9438 | 0.9279
0518 | 09:27:46 |  12.7s | 1.0e-04 | 0.0187 | 0.9537 | 0.9548 | 0.9583 | 0.0217 | 0.9399 | 0.9363 | 0.9280
0519 | 09:28:09 |  12.6s | 1.0e-04 | 0.0183 | 0.9548 | 0.9553 | 0.9587 | 0.0225 | 0.9334 | 0.9445 | 0.9256
0520 | 09:28:31 |  12.8s | 1.0e-04 | 0.0185 | 0.9521 | 0.9550 | 0.9565 | 0.0206 | 0.9448 | 0.9420 | 0.9387
0521 | 09:28:54 |  24.9s | 1.0e-04 | 0.0182 | 0.9534 | 0.9560 | 0.9587 | 0.0217 | 0.9374 | 0.9433 | 0.9299
0522 | 09:29:29 |  12.7s | 1.0e-04 | 0.0176 | 0.9532 | 0.9552 | 0.9569 | 0.0233 | 0.9463 | 0.9287 | 0.9280
0523 | 09:29:51 |  12.9s | 1.0e-04 | 0.0180 | 0.9519 | 0.9556 | 0.9565 | 0.0218 | 0.9446 | 0.9335 | 0.9287
0524 | 09:30:14 |  12.8s | 1.0e-04 | 0.0178 | 0.9547 | 0.9538 | 0.9576 | 0.0228 | 0.9400 | 0.9343 | 0.9263
0525 | 09:30:36 |  12.7s | 1.0e-04 | 0.0180 | 0.9526 | 0.9545 | 0.9564 | 0.0213 | 0.9515 | 0.9358 | 0.9399
0526 | 09:30:59 |  12.6s | 1.0e-04 | 0.0178 | 0.9522 | 0.9551 | 0.9559 | 0.0219 | 0.9486 | 0.9277 | 0.9278
0527 | 09:31:21 |  12.7s | 1.0e-04 | 0.0183 | 0.9514 | 0.9524 | 0.9534 | 0.0216 | 0.9336 | 0.9409 | 0.9232
0528 | 09:31:43 |  13.2s | 1.0e-04 | 0.0181 | 0.9510 | 0.9549 | 0.9549 | 0.0221 | 0.9407 | 0.9417 | 0.9311
0529 | 09:32:06 |  12.7s | 1.0e-04 | 0.0179 | 0.9540 | 0.9529 | 0.9565 | 0.0210 | 0.9453 | 0.9355 | 0.9309
0530 | 09:32:29 |  12.8s | 1.0e-04 | 0.0176 | 0.9533 | 0.9529 | 0.9559 | 0.0214 | 0.9387 | 0.9433 | 0.9312
0531 | 09:32:51 |  13.1s | 1.0e-04 | 0.0182 | 0.9520 | 0.9517 | 0.9533 | 0.0217 | 0.9299 | 0.9464 | 0.9256
0532 | 09:33:14 |  13.1s | 1.0e-04 | 0.0179 | 0.9533 | 0.9551 | 0.9574 | 0.0229 | 0.9393 | 0.9405 | 0.9269
0533 | 09:33:37 |  12.7s | 1.0e-04 | 0.0180 | 0.9524 | 0.9541 | 0.9555 | 0.0226 | 0.9384 | 0.9283 | 0.9208
0534 | 09:33:59 |  13.1s | 1.0e-04 | 0.0186 | 0.9510 | 0.9521 | 0.9529 | 0.0220 | 0.9318 | 0.9428 | 0.9241
0535 | 09:34:22 |  12.7s | 1.0e-04 | 0.0180 | 0.9524 | 0.9541 | 0.9555 | 0.0221 | 0.9214 | 0.9523 | 0.9247
0536 | 09:34:45 |  12.8s | 1.0e-04 | 0.0186 | 0.9517 | 0.9514 | 0.9527 | 0.0209 | 0.9402 | 0.9399 | 0.9279
0537 | 09:35:07 |  12.7s | 1.0e-04 | 0.0180 | 0.9534 | 0.9546 | 0.9578 | 0.0225 | 0.9403 | 0.9334 | 0.9252
0538 | 09:35:30 |  21.1s | 1.0e-04 | 0.0178 | 0.9520 | 0.9529 | 0.9550 | 0.0220 | 0.9376 | 0.9350 | 0.9192
0539 | 09:36:00 |  13.0s | 1.0e-04 | 0.0180 | 0.9516 | 0.9540 | 0.9549 | 0.0231 | 0.9408 | 0.9348 | 0.9289
0540 | 09:36:23 |  12.8s | 1.0e-04 | 0.0178 | 0.9532 | 0.9550 | 0.9576 | 0.0215 | 0.9439 | 0.9331 | 0.9259
0541 | 09:36:46 |  12.6s | 1.0e-04 | 0.0182 | 0.9533 | 0.9539 | 0.9562 | 0.0214 | 0.9411 | 0.9427 | 0.9331
0542 | 09:37:08 |  22.6s | 1.0e-04 | 0.0183 | 0.9541 | 0.9569 | 0.9593 | 0.0224 | 0.9315 | 0.9412 | 0.9247
0543 | 09:37:40 |  12.4s | 1.0e-04 | 0.0173 | 0.9560 | 0.9568 | 0.9606 | 0.0225 | 0.9298 | 0.9472 | 0.9265
0544 | 09:38:02 |  12.3s | 1.0e-04 | 0.0177 | 0.9553 | 0.9566 | 0.9607 | 0.0221 | 0.9256 | 0.9504 | 0.9260
0545 | 09:38:24 |  12.3s | 1.0e-04 | 0.0177 | 0.9531 | 0.9573 | 0.9588 | 0.0219 | 0.9359 | 0.9399 | 0.9254
0546 | 09:38:46 |  12.5s | 1.0e-04 | 0.0174 | 0.9560 | 0.9571 | 0.9621 | 0.0223 | 0.9381 | 0.9402 | 0.9295
0547 | 09:39:08 |  12.4s | 1.0e-04 | 0.0174 | 0.9561 | 0.9579 | 0.9627 | 0.0220 | 0.9366 | 0.9399 | 0.9262
0548 | 09:39:30 |  12.3s | 1.0e-04 | 0.0176 | 0.9550 | 0.9555 | 0.9597 | 0.0216 | 0.9358 | 0.9462 | 0.9332
0549 | 09:39:52 |  12.3s | 1.0e-04 | 0.0174 | 0.9543 | 0.9563 | 0.9596 | 0.0215 | 0.9352 | 0.9435 | 0.9288
0550 | 09:40:14 |  12.8s | 1.0e-04 | 0.0177 | 0.9533 | 0.9565 | 0.9591 | 0.0223 | 0.9315 | 0.9381 | 0.9186
0551 | 09:40:37 |  12.5s | 1.0e-04 | 0.0169 | 0.9563 | 0.9595 | 0.9633 | 0.0215 | 0.9386 | 0.9462 | 0.9348
0552 | 09:40:59 |  12.4s | 1.0e-04 | 0.0175 | 0.9552 | 0.9567 | 0.9615 | 0.0229 | 0.9352 | 0.9425 | 0.9283
0553 | 09:41:21 |  12.4s | 1.0e-04 | 0.0174 | 0.9550 | 0.9572 | 0.9600 | 0.0224 | 0.9352 | 0.9452 | 0.9284
0554 | 09:41:43 |  12.4s | 1.0e-04 | 0.0178 | 0.9542 | 0.9552 | 0.9584 | 0.0230 | 0.9370 | 0.9451 | 0.9316
0555 | 09:42:05 |  12.4s | 1.0e-04 | 0.0176 | 0.9538 | 0.9571 | 0.9590 | 0.0204 | 0.9435 | 0.9368 | 0.9325
0556 | 09:42:27 |  12.8s | 1.0e-04 | 0.0172 | 0.9553 | 0.9566 | 0.9606 | 0.0225 | 0.9382 | 0.9410 | 0.9271
0557 | 09:42:50 |  12.2s | 1.0e-04 | 0.0173 | 0.9535 | 0.9572 | 0.9596 | 0.0219 | 0.9340 | 0.9456 | 0.9285
0558 | 09:43:11 |  12.6s | 1.0e-04 | 0.0176 | 0.9548 | 0.9561 | 0.9602 | 0.0221 | 0.9377 | 0.9450 | 0.9311
0559 | 09:43:34 |  20.3s | 1.0e-04 | 0.0175 | 0.9542 | 0.9559 | 0.9592 | 0.0211 | 0.9381 | 0.9404 | 0.9286
0560 | 09:44:04 |  12.6s | 1.0e-04 | 0.0166 | 0.9566 | 0.9589 | 0.9644 | 0.0217 | 0.9345 | 0.9445 | 0.9287
0561 | 09:44:26 |  12.8s | 1.0e-04 | 0.0170 | 0.9575 | 0.9589 | 0.9646 | 0.0221 | 0.9414 | 0.9340 | 0.9237
0562 | 09:44:48 |  12.5s | 1.0e-04 | 0.0172 | 0.9557 | 0.9563 | 0.9603 | 0.0223 | 0.9406 | 0.9362 | 0.9255
0563 | 09:45:11 |  21.0s | 1.0e-04 | 0.0184 | 0.9538 | 0.9547 | 0.9577 | 0.0221 | 0.9311 | 0.9412 | 0.9204
0564 | 09:45:41 |  12.7s | 1.0e-04 | 0.0192 | 0.9518 | 0.9545 | 0.9552 | 0.0210 | 0.9386 | 0.9401 | 0.9279
0565 | 09:46:04 |  12.7s | 1.0e-04 | 0.0194 | 0.9527 | 0.9556 | 0.9573 | 0.0217 | 0.9365 | 0.9402 | 0.9256
0566 | 09:46:26 |  12.7s | 1.0e-04 | 0.0186 | 0.9546 | 0.9577 | 0.9610 | 0.0206 | 0.9466 | 0.9351 | 0.9304
0567 | 09:46:48 |  12.8s | 1.0e-04 | 0.0193 | 0.9519 | 0.9540 | 0.9554 | 0.0217 | 0.9365 | 0.9375 | 0.9229
0568 | 09:47:11 |  12.9s | 1.0e-04 | 0.0188 | 0.9531 | 0.9565 | 0.9585 | 0.0216 | 0.9314 | 0.9441 | 0.9253
0569 | 09:47:33 |  12.7s | 1.0e-04 | 0.0190 | 0.9526 | 0.9554 | 0.9569 | 0.0208 | 0.9344 | 0.9478 | 0.9317
0570 | 09:47:56 |  12.7s | 1.0e-04 | 0.0188 | 0.9543 | 0.9550 | 0.9584 | 0.0212 | 0.9343 | 0.9507 | 0.9349
0571 | 09:48:18 |  12.8s | 1.0e-04 | 0.0191 | 0.9525 | 0.9548 | 0.9562 | 0.0212 | 0.9373 | 0.9459 | 0.9326
0572 | 09:48:41 |  12.9s | 1.0e-04 | 0.0185 | 0.9546 | 0.9567 | 0.9596 | 0.0217 | 0.9374 | 0.9484 | 0.9349
0573 | 09:49:03 |  12.7s | 1.0e-04 | 0.0194 | 0.9535 | 0.9540 | 0.9572 | 0.0221 | 0.9450 | 0.9294 | 0.9262
0574 | 09:49:26 |  12.8s | 1.0e-04 | 0.0184 | 0.9548 | 0.9554 | 0.9589 | 0.0227 | 0.9399 | 0.9268 | 0.9154
0575 | 09:49:48 |  12.7s | 1.0e-04 | 0.0189 | 0.9551 | 0.9536 | 0.9583 | 0.0233 | 0.9257 | 0.9501 | 0.9259
0576 | 09:50:11 |  12.7s | 1.0e-04 | 0.0187 | 0.9524 | 0.9545 | 0.9561 | 0.0211 | 0.9378 | 0.9379 | 0.9258
0577 | 09:50:33 |  12.7s | 1.0e-04 | 0.0187 | 0.9529 | 0.9535 | 0.9554 | 0.0224 | 0.9349 | 0.9422 | 0.9260
0578 | 09:50:55 |  12.7s | 1.0e-04 | 0.0183 | 0.9531 | 0.9565 | 0.9577 | 0.0219 | 0.9369 | 0.9337 | 0.9176
0579 | 09:51:18 |  13.0s | 1.0e-04 | 0.0184 | 0.9532 | 0.9577 | 0.9586 | 0.0217 | 0.9459 | 0.9316 | 0.9283
0580 | 09:51:41 |  20.9s | 1.0e-04 | 0.0190 | 0.9520 | 0.9539 | 0.9553 | 0.0207 | 0.9382 | 0.9474 | 0.9355
0581 | 09:52:11 |  12.7s | 1.0e-04 | 0.0185 | 0.9533 | 0.9552 | 0.9582 | 0.0217 | 0.9367 | 0.9389 | 0.9255
0582 | 09:52:34 |  12.7s | 1.0e-04 | 0.0185 | 0.9539 | 0.9538 | 0.9570 | 0.0216 | 0.9363 | 0.9406 | 0.9264
0583 | 09:52:56 |  12.8s | 1.0e-04 | 0.0190 | 0.9521 | 0.9521 | 0.9542 | 0.0225 | 0.9185 | 0.9525 | 0.9232
0584 | 09:53:19 |  20.9s | 1.0e-04 | 0.0179 | 0.9543 | 0.9540 | 0.9576 | 0.0215 | 0.9421 | 0.9345 | 0.9268
0585 | 09:53:49 |  13.0s | 1.0e-04 | 0.0179 | 0.9520 | 0.9550 | 0.9563 | 0.0216 | 0.9367 | 0.9447 | 0.9306
0586 | 09:54:12 |  12.8s | 1.0e-04 | 0.0182 | 0.9526 | 0.9556 | 0.9571 | 0.0207 | 0.9464 | 0.9348 | 0.9297
0587 | 09:54:34 |  12.9s | 1.0e-04 | 0.0185 | 0.9510 | 0.9531 | 0.9541 | 0.0219 | 0.9381 | 0.9378 | 0.9274
0588 | 09:54:57 |  12.8s | 1.0e-04 | 0.0179 | 0.9528 | 0.9558 | 0.9575 | 0.0215 | 0.9394 | 0.9411 | 0.9302
0589 | 09:55:19 |  12.9s | 1.0e-04 | 0.0174 | 0.9538 | 0.9557 | 0.9590 | 0.0228 | 0.9436 | 0.9392 | 0.9318
0590 | 09:55:42 |  12.8s | 1.0e-04 | 0.0179 | 0.9532 | 0.9546 | 0.9566 | 0.0222 | 0.9333 | 0.9450 | 0.9271
0591 | 09:56:04 |  12.8s | 1.0e-04 | 0.0181 | 0.9536 | 0.9524 | 0.9558 | 0.0206 | 0.9489 | 0.9364 | 0.9362
0592 | 09:56:27 |  13.0s | 1.0e-04 | 0.0178 | 0.9537 | 0.9532 | 0.9565 | 0.0207 | 0.9321 | 0.9499 | 0.9321
0593 | 09:56:49 |  12.9s | 1.0e-04 | 0.0184 | 0.9526 | 0.9533 | 0.9556 | 0.0222 | 0.9370 | 0.9387 | 0.9254
0594 | 09:57:12 |  12.9s | 1.0e-04 | 0.0180 | 0.9538 | 0.9532 | 0.9564 | 0.0217 | 0.9376 | 0.9410 | 0.9283
0595 | 09:57:34 |  12.9s | 1.0e-04 | 0.0179 | 0.9535 | 0.9556 | 0.9577 | 0.0208 | 0.9380 | 0.9459 | 0.9345
0596 | 09:57:57 |  12.9s | 1.0e-04 | 0.0186 | 0.9509 | 0.9546 | 0.9549 | 0.0216 | 0.9501 | 0.9314 | 0.9307
0597 | 09:58:19 |  12.8s | 1.0e-04 | 0.0181 | 0.9528 | 0.9549 | 0.9569 | 0.0215 | 0.9440 | 0.9432 | 0.9370
0598 | 09:58:42 |  12.8s | 1.0e-04 | 0.0183 | 0.9517 | 0.9527 | 0.9541 | 0.0217 | 0.9413 | 0.9366 | 0.9280
0599 | 09:59:04 |  12.8s | 1.0e-04 | 0.0186 | 0.9510 | 0.9531 | 0.9538 | 0.0211 | 0.9393 | 0.9431 | 0.9328
0600 | 09:59:27 |  12.9s | 1.0e-04 | 0.0183 | 0.9524 | 0.9533 | 0.9557 | 0.0220 | 0.9392 | 0.9346 | 0.9209
0601 | 09:59:49 |  12.7s | 1.0e-04 | 0.0177 | 0.9537 | 0.9566 | 0.9585 | 0.0217 | 0.9382 | 0.9405 | 0.9268
0602 | 10:00:12 |  12.9s | 1.0e-04 | 0.0174 | 0.9534 | 0.9571 | 0.9587 | 0.0214 | 0.9363 | 0.9430 | 0.9284
0603 | 10:00:34 |  12.7s | 1.0e-04 | 0.0176 | 0.9539 | 0.9539 | 0.9575 | 0.0206 | 0.9409 | 0.9411 | 0.9322
0604 | 10:00:57 |  12.8s | 1.0e-04 | 0.0175 | 0.9550 | 0.9558 | 0.9597 | 0.0214 | 0.9347 | 0.9467 | 0.9315
0605 | 10:01:19 |  25.3s | 1.0e-04 | 0.0178 | 0.9520 | 0.9555 | 0.9569 | 0.0214 | 0.9344 | 0.9457 | 0.9285
0606 | 10:01:54 |  12.7s | 1.0e-04 | 0.0176 | 0.9532 | 0.9554 | 0.9577 | 0.0214 | 0.9297 | 0.9502 | 0.9297
0607 | 10:02:16 |  12.8s | 1.0e-04 | 0.0174 | 0.9536 | 0.9561 | 0.9589 | 0.0219 | 0.9313 | 0.9428 | 0.9226
0608 | 10:02:39 |  13.2s | 1.0e-04 | 0.0176 | 0.9547 | 0.9575 | 0.9603 | 0.0217 | 0.9375 | 0.9476 | 0.9349
0609 | 10:03:01 |  12.7s | 1.0e-04 | 0.0174 | 0.9545 | 0.9565 | 0.9601 | 0.0226 | 0.9423 | 0.9308 | 0.9222
0610 | 10:03:24 |  13.2s | 1.0e-04 | 0.0170 | 0.9558 | 0.9569 | 0.9615 | 0.0215 | 0.9415 | 0.9381 | 0.9272
0611 | 10:03:47 |  12.7s | 1.0e-04 | 0.0173 | 0.9542 | 0.9574 | 0.9598 | 0.0216 | 0.9285 | 0.9468 | 0.9246
0612 | 10:04:09 |  12.7s | 1.0e-04 | 0.0175 | 0.9562 | 0.9563 | 0.9616 | 0.0216 | 0.9455 | 0.9280 | 0.9262
0613 | 10:04:31 |  12.7s | 1.0e-04 | 0.0175 | 0.9550 | 0.9563 | 0.9606 | 0.0201 | 0.9360 | 0.9430 | 0.9303
0614 | 10:04:54 |  12.7s | 1.0e-04 | 0.0176 | 0.9549 | 0.9575 | 0.9607 | 0.0218 | 0.9376 | 0.9447 | 0.9332
0615 | 10:05:16 |  12.6s | 1.0e-04 | 0.0178 | 0.9535 | 0.9568 | 0.9595 | 0.0224 | 0.9402 | 0.9357 | 0.9248
0616 | 10:05:39 |  12.7s | 1.0e-04 | 0.0179 | 0.9536 | 0.9564 | 0.9592 | 0.0219 | 0.9408 | 0.9346 | 0.9263
0617 | 10:06:01 |  12.8s | 1.0e-04 | 0.0177 | 0.9543 | 0.9551 | 0.9583 | 0.0206 | 0.9439 | 0.9414 | 0.9338
0618 | 10:06:23 |  12.9s | 1.0e-04 | 0.0177 | 0.9549 | 0.9542 | 0.9588 | 0.0222 | 0.9455 | 0.9350 | 0.9279
0619 | 10:06:46 |  12.8s | 1.0e-04 | 0.0178 | 0.9535 | 0.9547 | 0.9574 | 0.0212 | 0.9395 | 0.9354 | 0.9251
0620 | 10:07:09 |  12.7s | 1.0e-04 | 0.0174 | 0.9550 | 0.9572 | 0.9604 | 0.0217 | 0.9393 | 0.9461 | 0.9351
0621 | 10:07:31 |  21.1s | 1.0e-04 | 0.0175 | 0.9538 | 0.9570 | 0.9595 | 0.0205 | 0.9506 | 0.9302 | 0.9315
0622 | 10:08:02 |  13.3s | 1.0e-04 | 0.0182 | 0.9545 | 0.9552 | 0.9581 | 0.0211 | 0.9376 | 0.9441 | 0.9308
0623 | 10:08:24 |  12.6s | 1.0e-04 | 0.0188 | 0.9520 | 0.9531 | 0.9551 | 0.0222 | 0.9337 | 0.9447 | 0.9264
0624 | 10:08:47 |  12.9s | 1.0e-04 | 0.0178 | 0.9530 | 0.9543 | 0.9567 | 0.0221 | 0.9513 | 0.9218 | 0.9281
0625 | 10:09:09 |  12.6s | 1.0e-04 | 0.0185 | 0.9525 | 0.9539 | 0.9557 | 0.0219 | 0.9423 | 0.9376 | 0.9292
0626 | 10:09:35 |  12.8s | 1.0e-04 | 0.0181 | 0.9540 | 0.9561 | 0.9590 | 0.0220 | 0.9416 | 0.9432 | 0.9341
0627 | 10:09:57 |  12.8s | 1.0e-04 | 0.0182 | 0.9535 | 0.9562 | 0.9593 | 0.0219 | 0.9304 | 0.9435 | 0.9216
0628 | 10:10:19 |  12.8s | 1.0e-04 | 0.0183 | 0.9541 | 0.9571 | 0.9593 | 0.0215 | 0.9376 | 0.9439 | 0.9308
0629 | 10:10:42 |  12.9s | 1.0e-04 | 0.0187 | 0.9538 | 0.9557 | 0.9587 | 0.0222 | 0.9408 | 0.9425 | 0.9315
0630 | 10:11:04 |  12.9s | 1.0e-04 | 0.0180 | 0.9528 | 0.9557 | 0.9576 | 0.0212 | 0.9398 | 0.9377 | 0.9273
0631 | 10:11:27 |  13.2s | 1.0e-04 | 0.0181 | 0.9525 | 0.9556 | 0.9572 | 0.0226 | 0.9323 | 0.9437 | 0.9213
0632 | 10:11:50 |  13.3s | 1.0e-04 | 0.0181 | 0.9534 | 0.9564 | 0.9590 | 0.0202 | 0.9374 | 0.9450 | 0.9336
0633 | 10:12:13 |  12.9s | 1.0e-04 | 0.0178 | 0.9533 | 0.9580 | 0.9599 | 0.0224 | 0.9357 | 0.9452 | 0.9309
0634 | 10:12:35 |  13.0s | 1.0e-04 | 0.0179 | 0.9535 | 0.9566 | 0.9583 | 0.0216 | 0.9342 | 0.9520 | 0.9367
0635 | 10:12:58 |  13.1s | 1.0e-04 | 0.0183 | 0.9541 | 0.9560 | 0.9587 | 0.0215 | 0.9397 | 0.9367 | 0.9268
0636 | 10:13:21 |  13.4s | 1.0e-04 | 0.0183 | 0.9547 | 0.9541 | 0.9581 | 0.0215 | 0.9346 | 0.9405 | 0.9240
0637 | 10:13:44 |  13.1s | 1.0e-04 | 0.0181 | 0.9544 | 0.9566 | 0.9595 | 0.0215 | 0.9407 | 0.9394 | 0.9303
0638 | 10:14:06 |  13.2s | 1.0e-04 | 0.0180 | 0.9562 | 0.9557 | 0.9612 | 0.0222 | 0.9320 | 0.9448 | 0.9263
0639 | 10:14:29 |  13.3s | 1.0e-04 | 0.0183 | 0.9542 | 0.9571 | 0.9596 | 0.0213 | 0.9493 | 0.9369 | 0.9355
0640 | 10:14:52 |  12.9s | 1.0e-04 | 0.0185 | 0.9544 | 0.9561 | 0.9586 | 0.0217 | 0.9441 | 0.9402 | 0.9346
0641 | 10:15:14 |  12.8s | 1.0e-04 | 0.0184 | 0.9538 | 0.9566 | 0.9599 | 0.0208 | 0.9432 | 0.9455 | 0.9389
0642 | 10:15:37 |  20.9s | 1.0e-04 | 0.0182 | 0.9532 | 0.9561 | 0.9583 | 0.0208 | 0.9417 | 0.9404 | 0.9340
0643 | 10:16:07 |  12.9s | 1.0e-04 | 0.0184 | 0.9521 | 0.9549 | 0.9562 | 0.0217 | 0.9342 | 0.9389 | 0.9185
0644 | 10:16:30 |  13.4s | 1.0e-04 | 0.0182 | 0.9525 | 0.9550 | 0.9565 | 0.0223 | 0.9396 | 0.9391 | 0.9278
0645 | 10:16:53 |  12.8s | 1.0e-04 | 0.0179 | 0.9540 | 0.9556 | 0.9579 | 0.0217 | 0.9375 | 0.9535 | 0.9419
0646 | 10:17:16 |  21.7s | 1.0e-04 | 0.0184 | 0.9534 | 0.9559 | 0.9581 | 0.0214 | 0.9403 | 0.9429 | 0.9326
0647 | 10:17:47 |  12.6s | 1.0e-04 | 0.0190 | 0.9517 | 0.9536 | 0.9548 | 0.0221 | 0.9322 | 0.9421 | 0.9234
0648 | 10:18:09 |  12.4s | 1.0e-04 | 0.0190 | 0.9502 | 0.9566 | 0.9565 | 0.0217 | 0.9477 | 0.9333 | 0.9304
0649 | 10:18:31 |  12.5s | 1.0e-04 | 0.0186 | 0.9528 | 0.9553 | 0.9572 | 0.0216 | 0.9316 | 0.9432 | 0.9254
0650 | 10:18:53 |  12.4s | 1.0e-04 | 0.0191 | 0.9523 | 0.9540 | 0.9553 | 0.0219 | 0.9438 | 0.9410 | 0.9354
0651 | 10:19:16 |  12.4s | 1.0e-04 | 0.0189 | 0.9542 | 0.9550 | 0.9582 | 0.0222 | 0.9405 | 0.9329 | 0.9216
0652 | 10:19:38 |  12.3s | 1.0e-04 | 0.0194 | 0.9523 | 0.9549 | 0.9563 | 0.0211 | 0.9339 | 0.9490 | 0.9330
0653 | 10:20:00 |  12.9s | 1.0e-04 | 0.0191 | 0.9525 | 0.9544 | 0.9559 | 0.0223 | 0.9404 | 0.9371 | 0.9272
0654 | 10:20:22 |  12.7s | 1.0e-04 | 0.0189 | 0.9522 | 0.9560 | 0.9567 | 0.0213 | 0.9349 | 0.9487 | 0.9323
0655 | 10:20:44 |  12.8s | 1.0e-04 | 0.0189 | 0.9537 | 0.9543 | 0.9574 | 0.0202 | 0.9383 | 0.9463 | 0.9343
0656 | 10:21:07 |  12.5s | 1.0e-04 | 0.0189 | 0.9535 | 0.9556 | 0.9581 | 0.0213 | 0.9372 | 0.9406 | 0.9271
0657 | 10:21:29 |  12.5s | 1.0e-04 | 0.0187 | 0.9524 | 0.9568 | 0.9576 | 0.0216 | 0.9382 | 0.9414 | 0.9296
0658 | 10:21:51 |  12.3s | 1.0e-04 | 0.0186 | 0.9539 | 0.9562 | 0.9590 | 0.0219 | 0.9317 | 0.9480 | 0.9289
0659 | 10:22:13 |  12.4s | 1.0e-04 | 0.0190 | 0.9537 | 0.9553 | 0.9579 | 0.0221 | 0.9311 | 0.9429 | 0.9250
0660 | 10:22:35 |  13.2s | 1.0e-04 | 0.0185 | 0.9534 | 0.9561 | 0.9585 | 0.0208 | 0.9326 | 0.9503 | 0.9327
0661 | 10:22:58 |  12.4s | 1.0e-04 | 0.0187 | 0.9542 | 0.9564 | 0.9595 | 0.0230 | 0.9410 | 0.9365 | 0.9245
0662 | 10:23:19 |  12.5s | 1.0e-04 | 0.0192 | 0.9523 | 0.9552 | 0.9568 | 0.0201 | 0.9414 | 0.9398 | 0.9307
0663 | 10:23:42 |  20.0s | 1.0e-04 | 0.0189 | 0.9525 | 0.9541 | 0.9560 | 0.0209 | 0.9313 | 0.9529 | 0.9340
0664 | 10:24:11 |  12.7s | 1.0e-04 | 0.0185 | 0.9538 | 0.9550 | 0.9580 | 0.0215 | 0.9419 | 0.9357 | 0.9308
0665 | 10:24:33 |  12.7s | 1.0e-04 | 0.0190 | 0.9508 | 0.9560 | 0.9564 | 0.0221 | 0.9389 | 0.9413 | 0.9287
0666 | 10:24:56 |  12.6s | 1.0e-04 | 0.0187 | 0.9531 | 0.9552 | 0.9572 | 0.0215 | 0.9380 | 0.9439 | 0.9303
0667 | 10:25:18 |  21.7s | 1.0e-04 | 0.0190 | 0.9530 | 0.9527 | 0.9556 | 0.0214 | 0.9363 | 0.9471 | 0.9326
0668 | 10:25:49 |  13.1s | 1.0e-04 | 0.0186 | 0.9513 | 0.9525 | 0.9535 | 0.0209 | 0.9377 | 0.9457 | 0.9339
0669 | 10:26:12 |  12.9s | 1.0e-04 | 0.0182 | 0.9519 | 0.9528 | 0.9543 | 0.0218 | 0.9285 | 0.9508 | 0.9297
0670 | 10:26:35 |  12.9s | 1.0e-04 | 0.0186 | 0.9511 | 0.9549 | 0.9546 | 0.0210 | 0.9279 | 0.9480 | 0.9262
0671 | 10:26:57 |  12.9s | 1.0e-04 | 0.0186 | 0.9512 | 0.9535 | 0.9543 | 0.0208 | 0.9379 | 0.9464 | 0.9348
0672 | 10:27:20 |  12.9s | 1.0e-04 | 0.0184 | 0.9522 | 0.9543 | 0.9559 | 0.0213 | 0.9442 | 0.9385 | 0.9334
0673 | 10:27:42 |  12.9s | 1.0e-04 | 0.0183 | 0.9519 | 0.9545 | 0.9560 | 0.0210 | 0.9373 | 0.9396 | 0.9284
0674 | 10:28:05 |  12.9s | 1.0e-04 | 0.0191 | 0.9506 | 0.9519 | 0.9519 | 0.0213 | 0.9438 | 0.9367 | 0.9324
0675 | 10:28:28 |  12.8s | 1.0e-04 | 0.0186 | 0.9522 | 0.9548 | 0.9561 | 0.0215 | 0.9408 | 0.9391 | 0.9303
0676 | 10:28:50 |  12.9s | 1.0e-04 | 0.0186 | 0.9501 | 0.9536 | 0.9531 | 0.0203 | 0.9412 | 0.9445 | 0.9345
0677 | 10:29:12 |  13.6s | 1.0e-04 | 0.0182 | 0.9534 | 0.9539 | 0.9564 | 0.0209 | 0.9364 | 0.9442 | 0.9302
0678 | 10:29:36 |  13.0s | 1.0e-04 | 0.0186 | 0.9525 | 0.9549 | 0.9560 | 0.0213 | 0.9369 | 0.9474 | 0.9345
0679 | 10:29:58 |  12.9s | 1.0e-04 | 0.0184 | 0.9526 | 0.9531 | 0.9551 | 0.0207 | 0.9397 | 0.9438 | 0.9296
0680 | 10:30:21 |  12.9s | 1.0e-04 | 0.0185 | 0.9528 | 0.9545 | 0.9567 | 0.0211 | 0.9462 | 0.9377 | 0.9363
0681 | 10:30:44 |  13.5s | 1.0e-04 | 0.0190 | 0.9511 | 0.9528 | 0.9537 | 0.0207 | 0.9445 | 0.9425 | 0.9374
0682 | 10:31:07 |  12.8s | 1.0e-04 | 0.0183 | 0.9521 | 0.9526 | 0.9553 | 0.0215 | 0.9372 | 0.9466 | 0.9346
0683 | 10:31:29 |  13.3s | 1.0e-04 | 0.0181 | 0.9539 | 0.9547 | 0.9576 | 0.0202 | 0.9407 | 0.9479 | 0.9372
0684 | 10:31:52 |  20.8s | 1.0e-04 | 0.0182 | 0.9534 | 0.9532 | 0.9565 | 0.0204 | 0.9395 | 0.9482 | 0.9384
0685 | 10:32:23 |  13.1s | 1.0e-04 | 0.0180 | 0.9529 | 0.9556 | 0.9581 | 0.0204 | 0.9514 | 0.9346 | 0.9383
0686 | 10:32:46 |  13.0s | 1.0e-04 | 0.0186 | 0.9512 | 0.9519 | 0.9526 | 0.0207 | 0.9398 | 0.9470 | 0.9368
0687 | 10:33:08 |  13.0s | 1.0e-04 | 0.0180 | 0.9537 | 0.9552 | 0.9579 | 0.0208 | 0.9474 | 0.9395 | 0.9374
0688 | 10:33:31 |  22.5s | 1.0e-04 | 0.0174 | 0.9545 | 0.9565 | 0.9596 | 0.0214 | 0.9450 | 0.9366 | 0.9339
0689 | 10:34:04 |  13.1s | 1.0e-04 | 0.0167 | 0.9541 | 0.9564 | 0.9600 | 0.0203 | 0.9465 | 0.9375 | 0.9346
0690 | 10:34:27 |  13.1s | 1.0e-04 | 0.0165 | 0.9558 | 0.9561 | 0.9610 | 0.0213 | 0.9424 | 0.9398 | 0.9349
0691 | 10:34:49 |  13.0s | 1.0e-04 | 0.0164 | 0.9547 | 0.9561 | 0.9598 | 0.0215 | 0.9448 | 0.9334 | 0.9262
0692 | 10:35:12 |  13.1s | 1.0e-04 | 0.0166 | 0.9539 | 0.9571 | 0.9593 | 0.0207 | 0.9334 | 0.9474 | 0.9303
0693 | 10:35:35 |  13.1s | 1.0e-04 | 0.0163 | 0.9547 | 0.9549 | 0.9590 | 0.0212 | 0.9327 | 0.9520 | 0.9352
0694 | 10:35:58 |  12.9s | 1.0e-04 | 0.0165 | 0.9549 | 0.9558 | 0.9596 | 0.0213 | 0.9448 | 0.9338 | 0.9284
0695 | 10:36:21 |  13.0s | 1.0e-04 | 0.0166 | 0.9533 | 0.9558 | 0.9588 | 0.0218 | 0.9417 | 0.9329 | 0.9259
0696 | 10:36:43 |  13.2s | 1.0e-04 | 0.0169 | 0.9535 | 0.9562 | 0.9585 | 0.0223 | 0.9304 | 0.9480 | 0.9277
0697 | 10:37:06 |  13.1s | 1.0e-04 | 0.0168 | 0.9549 | 0.9529 | 0.9574 | 0.0212 | 0.9361 | 0.9423 | 0.9281
0698 | 10:37:30 |  12.9s | 1.0e-04 | 0.0173 | 0.9534 | 0.9540 | 0.9573 | 0.0204 | 0.9436 | 0.9370 | 0.9309
0699 | 10:37:53 |  12.9s | 1.0e-04 | 0.0171 | 0.9524 | 0.9528 | 0.9552 | 0.0217 | 0.9425 | 0.9341 | 0.9245
0700 | 10:38:15 |  12.8s | 1.0e-04 | 0.0168 | 0.9544 | 0.9539 | 0.9575 | 0.0211 | 0.9363 | 0.9434 | 0.9280
0701 | 10:38:38 |  13.0s | 1.0e-04 | 0.0167 | 0.9551 | 0.9556 | 0.9598 | 0.0206 | 0.9458 | 0.9458 | 0.9405
0702 | 10:39:01 |  12.9s | 1.0e-04 | 0.0165 | 0.9540 | 0.9566 | 0.9595 | 0.0214 | 0.9425 | 0.9418 | 0.9326
0703 | 10:39:24 |  13.1s | 1.0e-04 | 0.0169 | 0.9545 | 0.9559 | 0.9597 | 0.0208 | 0.9352 | 0.9468 | 0.9312
0704 | 10:39:47 |  13.0s | 1.0e-04 | 0.0165 | 0.9540 | 0.9551 | 0.9579 | 0.0212 | 0.9546 | 0.9319 | 0.9343
0705 | 10:40:10 |  21.2s | 1.0e-04 | 0.0164 | 0.9543 | 0.9562 | 0.9597 | 0.0207 | 0.9404 | 0.9495 | 0.9398
0706 | 10:40:41 |  12.9s | 1.0e-04 | 0.0166 | 0.9537 | 0.9552 | 0.9578 | 0.0214 | 0.9360 | 0.9404 | 0.9262
0707 | 10:41:04 |  12.8s | 1.0e-04 | 0.0170 | 0.9550 | 0.9534 | 0.9579 | 0.0225 | 0.9342 | 0.9451 | 0.9288
0708 | 10:41:27 |  12.8s | 1.0e-04 | 0.0172 | 0.9534 | 0.9547 | 0.9577 | 0.0208 | 0.9411 | 0.9491 | 0.9398
0709 | 10:41:50 |  23.2s | 1.0e-04 | 0.0176 | 0.9536 | 0.9554 | 0.9584 | 0.0212 | 0.9239 | 0.9553 | 0.9296
0710 | 10:42:23 |  12.8s | 1.0e-04 | 0.0178 | 0.9548 | 0.9561 | 0.9598 | 0.0206 | 0.9468 | 0.9377 | 0.9368
0711 | 10:42:46 |  13.0s | 1.0e-04 | 0.0177 | 0.9543 | 0.9559 | 0.9597 | 0.0214 | 0.9379 | 0.9473 | 0.9336
0712 | 10:43:09 |  13.1s | 1.0e-04 | 0.0175 | 0.9534 | 0.9554 | 0.9575 | 0.0222 | 0.9353 | 0.9326 | 0.9190
0713 | 10:43:32 |  13.0s | 1.0e-04 | 0.0176 | 0.9530 | 0.9561 | 0.9585 | 0.0210 | 0.9419 | 0.9401 | 0.9314
0714 | 10:43:55 |  13.0s | 1.0e-04 | 0.0175 | 0.9530 | 0.9532 | 0.9556 | 0.0205 | 0.9417 | 0.9444 | 0.9362
0715 | 10:44:18 |  12.9s | 1.0e-04 | 0.0173 | 0.9551 | 0.9550 | 0.9589 | 0.0217 | 0.9434 | 0.9349 | 0.9250
0716 | 10:44:40 |  13.0s | 1.0e-04 | 0.0176 | 0.9548 | 0.9558 | 0.9595 | 0.0216 | 0.9441 | 0.9385 | 0.9316
0717 | 10:45:03 |  12.9s | 1.0e-04 | 0.0178 | 0.9518 | 0.9540 | 0.9548 | 0.0219 | 0.9376 | 0.9408 | 0.9265
0718 | 10:45:26 |  12.9s | 1.0e-04 | 0.0181 | 0.9525 | 0.9540 | 0.9561 | 0.0217 | 0.9338 | 0.9457 | 0.9301
0719 | 10:45:49 |  12.9s | 1.0e-04 | 0.0176 | 0.9534 | 0.9538 | 0.9568 | 0.0210 | 0.9437 | 0.9378 | 0.9311
0720 | 10:46:12 |  12.9s | 1.0e-04 | 0.0175 | 0.9531 | 0.9553 | 0.9572 | 0.0211 | 0.9384 | 0.9431 | 0.9322
0721 | 10:46:35 |  12.8s | 1.0e-04 | 0.0171 | 0.9529 | 0.9574 | 0.9584 | 0.0213 | 0.9377 | 0.9469 | 0.9336
0722 | 10:46:57 |  12.8s | 1.0e-04 | 0.0174 | 0.9533 | 0.9548 | 0.9570 | 0.0204 | 0.9431 | 0.9378 | 0.9323
0723 | 10:47:20 |  13.0s | 1.0e-04 | 0.0170 | 0.9554 | 0.9561 | 0.9604 | 0.0215 | 0.9329 | 0.9505 | 0.9337
0724 | 10:47:43 |  12.9s | 1.0e-04 | 0.0175 | 0.9537 | 0.9550 | 0.9582 | 0.0204 | 0.9380 | 0.9472 | 0.9347
0725 | 10:48:06 |  12.9s | 1.0e-04 | 0.0174 | 0.9535 | 0.9559 | 0.9585 | 0.0208 | 0.9444 | 0.9377 | 0.9332
0726 | 10:48:29 |  12.8s | 1.0e-04 | 0.0184 | 0.9514 | 0.9535 | 0.9541 | 0.0219 | 0.9268 | 0.9533 | 0.9310
0727 | 10:48:52 |  12.8s | 1.0e-04 | 0.0175 | 0.9540 | 0.9534 | 0.9571 | 0.0207 | 0.9379 | 0.9494 | 0.9378
0728 | 10:49:14 |  12.8s | 1.0e-04 | 0.0175 | 0.9534 | 0.9556 | 0.9578 | 0.0209 | 0.9343 | 0.9467 | 0.9310
0729 | 10:49:37 |  12.8s | 1.0e-04 | 0.0175 | 0.9534 | 0.9562 | 0.9583 | 0.0215 | 0.9488 | 0.9292 | 0.9314
0730 | 10:50:00 |  22.3s | 1.0e-04 | 0.0166 | 0.9537 | 0.9568 | 0.9585 | 0.0213 | 0.9273 | 0.9506 | 0.9277
0731 | 10:50:32 |  12.9s | 1.0e-04 | 0.0167 | 0.9533 | 0.9572 | 0.9592 | 0.0221 | 0.9358 | 0.9343 | 0.9178
0732 | 10:50:55 |  13.1s | 1.0e-04 | 0.0167 | 0.9550 | 0.9557 | 0.9598 | 0.0210 | 0.9316 | 0.9490 | 0.9308
0733 | 10:51:18 |  12.8s | 1.0e-04 | 0.0173 | 0.9528 | 0.9562 | 0.9577 | 0.0200 | 0.9467 | 0.9355 | 0.9349
0734 | 10:51:41 |  12.8s | 1.0e-04 | 0.0167 | 0.9544 | 0.9562 | 0.9600 | 0.0210 | 0.9430 | 0.9379 | 0.9321
0735 | 10:52:04 |  12.8s | 1.0e-04 | 0.0169 | 0.9545 | 0.9541 | 0.9578 | 0.0211 | 0.9456 | 0.9385 | 0.9365
0736 | 10:52:27 |  12.8s | 1.0e-04 | 0.0173 | 0.9528 | 0.9545 | 0.9564 | 0.0213 | 0.9414 | 0.9418 | 0.9327
0737 | 10:52:50 |  12.7s | 1.0e-04 | 0.0167 | 0.9535 | 0.9553 | 0.9583 | 0.0207 | 0.9359 | 0.9448 | 0.9301
0738 | 10:53:12 |  13.2s | 1.0e-04 | 0.0172 | 0.9545 | 0.9545 | 0.9584 | 0.0218 | 0.9401 | 0.9368 | 0.9258
0739 | 10:53:35 |  13.1s | 1.0e-04 | 0.0165 | 0.9552 | 0.9536 | 0.9581 | 0.0215 | 0.9414 | 0.9398 | 0.9313
0740 | 10:53:58 |  13.1s | 1.0e-04 | 0.0167 | 0.9536 | 0.9562 | 0.9591 | 0.0209 | 0.9450 | 0.9397 | 0.9349
0741 | 10:54:21 |  13.0s | 1.0e-04 | 0.0170 | 0.9532 | 0.9551 | 0.9566 | 0.0207 | 0.9338 | 0.9473 | 0.9300
0742 | 10:54:44 |  13.1s | 1.0e-04 | 0.0171 | 0.9519 | 0.9544 | 0.9557 | 0.0211 | 0.9458 | 0.9345 | 0.9314
0743 | 10:55:07 |  12.9s | 1.0e-04 | 0.0168 | 0.9549 | 0.9555 | 0.9601 | 0.0207 | 0.9479 | 0.9382 | 0.9364
0744 | 10:55:30 |  13.5s | 1.0e-04 | 0.0167 | 0.9543 | 0.9554 | 0.9594 | 0.0219 | 0.9407 | 0.9384 | 0.9308
0745 | 10:55:54 |  12.9s | 1.0e-04 | 0.0168 | 0.9539 | 0.9549 | 0.9575 | 0.0206 | 0.9403 | 0.9466 | 0.9349
0746 | 10:56:17 |  22.2s | 1.0e-04 | 0.0171 | 0.9522 | 0.9534 | 0.9553 | 0.0208 | 0.9416 | 0.9468 | 0.9370
0747 | 10:56:49 |  13.3s | 1.0e-04 | 0.0163 | 0.9540 | 0.9580 | 0.9610 | 0.0213 | 0.9456 | 0.9405 | 0.9354
0748 | 10:57:12 |  12.9s | 1.0e-04 | 0.0162 | 0.9562 | 0.9563 | 0.9607 | 0.0212 | 0.9460 | 0.9324 | 0.9305
0749 | 10:57:35 |  13.1s | 1.0e-04 | 0.0164 | 0.9549 | 0.9563 | 0.9608 | 0.0202 | 0.9438 | 0.9440 | 0.9375
0750 | 10:57:58 |  13.2s | 1.0e-04 | 0.0159 | 0.9564 | 0.9580 | 0.9627 | 0.0234 | 0.9190 | 0.9585 | 0.9297
0751 | 10:58:23 |  12.8s | 1.0e-04 | 0.0173 | 0.9541 | 0.9597 | 0.9613 | 0.0213 | 0.9384 | 0.9379 | 0.9261
0752 | 10:58:46 |  12.7s | 1.0e-04 | 0.0178 | 0.9541 | 0.9570 | 0.9598 | 0.0214 | 0.9417 | 0.9432 | 0.9351
0753 | 10:59:09 |  12.8s | 1.0e-04 | 0.0179 | 0.9535 | 0.9566 | 0.9586 | 0.0219 | 0.9419 | 0.9361 | 0.9279
0754 | 10:59:31 |  13.1s | 1.0e-04 | 0.0171 | 0.9557 | 0.9575 | 0.9619 | 0.0212 | 0.9456 | 0.9373 | 0.9338
0755 | 10:59:54 |  12.8s | 1.0e-04 | 0.0171 | 0.9558 | 0.9563 | 0.9607 | 0.0207 | 0.9444 | 0.9331 | 0.9284
0756 | 11:00:17 |  12.9s | 1.0e-04 | 0.0179 | 0.9524 | 0.9558 | 0.9577 | 0.0209 | 0.9350 | 0.9483 | 0.9333
0757 | 11:00:40 |  12.8s | 1.0e-04 | 0.0177 | 0.9552 | 0.9578 | 0.9611 | 0.0209 | 0.9384 | 0.9441 | 0.9330
0758 | 11:01:03 |  13.0s | 1.0e-04 | 0.0175 | 0.9539 | 0.9561 | 0.9586 | 0.0206 | 0.9417 | 0.9422 | 0.9335
0759 | 11:01:26 |  12.8s | 1.0e-04 | 0.0175 | 0.9542 | 0.9565 | 0.9594 | 0.0214 | 0.9402 | 0.9414 | 0.9312
0760 | 11:01:48 |  13.0s | 1.0e-04 | 0.0174 | 0.9555 | 0.9564 | 0.9613 | 0.0209 | 0.9491 | 0.9355 | 0.9358
0761 | 11:02:11 |  12.8s | 1.0e-04 | 0.0178 | 0.9544 | 0.9565 | 0.9599 | 0.0211 | 0.9482 | 0.9321 | 0.9321
0762 | 11:02:34 |  13.6s | 1.0e-04 | 0.0175 | 0.9545 | 0.9561 | 0.9594 | 0.0217 | 0.9288 | 0.9498 | 0.9286
0763 | 11:02:57 |  12.7s | 1.0e-04 | 0.0181 | 0.9534 | 0.9561 | 0.9582 | 0.0204 | 0.9428 | 0.9408 | 0.9310
0764 | 11:03:20 |  13.6s | 1.0e-04 | 0.0176 | 0.9536 | 0.9580 | 0.9601 | 0.0210 | 0.9486 | 0.9426 | 0.9417
0765 | 11:03:43 |  12.7s | 1.0e-04 | 0.0174 | 0.9548 | 0.9573 | 0.9598 | 0.0209 | 0.9314 | 0.9545 | 0.9360
0766 | 11:04:05 |  12.8s | 1.0e-04 | 0.0176 | 0.9536 | 0.9563 | 0.9588 | 0.0221 | 0.9398 | 0.9420 | 0.9309
0767 | 11:04:28 |  21.3s | 1.0e-04 | 0.0171 | 0.9548 | 0.9570 | 0.9609 | 0.0214 | 0.9471 | 0.9361 | 0.9349
0768 | 11:04:59 |  13.3s | 1.0e-04 | 0.0180 | 0.9546 | 0.9558 | 0.9597 | 0.0214 | 0.9409 | 0.9436 | 0.9342
0769 | 11:05:22 |  12.8s | 1.0e-04 | 0.0183 | 0.9559 | 0.9560 | 0.9614 | 0.0202 | 0.9420 | 0.9403 | 0.9302
0770 | 11:05:45 |  13.0s | 1.0e-04 | 0.0180 | 0.9541 | 0.9566 | 0.9595 | 0.0203 | 0.9392 | 0.9434 | 0.9317
0771 | 11:06:08 |  21.6s | 1.0e-04 | 0.0176 | 0.9548 | 0.9600 | 0.9618 | 0.0217 | 0.9374 | 0.9466 | 0.9337
0772 | 11:06:39 |  12.9s | 1.0e-04 | 0.0171 | 0.9560 | 0.9588 | 0.9628 | 0.0216 | 0.9468 | 0.9324 | 0.9281
0773 | 11:07:02 |  13.3s | 1.0e-04 | 0.0172 | 0.9552 | 0.9579 | 0.9612 | 0.0207 | 0.9342 | 0.9472 | 0.9312
0774 | 11:07:25 |  13.1s | 1.0e-04 | 0.0172 | 0.9547 | 0.9573 | 0.9604 | 0.0217 | 0.9356 | 0.9387 | 0.9224
0775 | 11:07:48 |  12.9s | 1.0e-04 | 0.0170 | 0.9571 | 0.9586 | 0.9638 | 0.0206 | 0.9374 | 0.9474 | 0.9337
0776 | 11:08:10 |  12.9s | 1.0e-04 | 0.0171 | 0.9561 | 0.9578 | 0.9622 | 0.0218 | 0.9409 | 0.9390 | 0.9305
0777 | 11:08:33 |  12.8s | 1.0e-04 | 0.0170 | 0.9550 | 0.9572 | 0.9607 | 0.0211 | 0.9348 | 0.9444 | 0.9312
0778 | 11:08:56 |  12.8s | 1.0e-04 | 0.0170 | 0.9551 | 0.9591 | 0.9629 | 0.0214 | 0.9372 | 0.9368 | 0.9239
0779 | 11:09:18 |  12.8s | 1.0e-04 | 0.0168 | 0.9549 | 0.9599 | 0.9628 | 0.0209 | 0.9462 | 0.9301 | 0.9264
0780 | 11:09:41 |  12.9s | 1.0e-04 | 0.0168 | 0.9560 | 0.9583 | 0.9628 | 0.0218 | 0.9419 | 0.9379 | 0.9293
0781 | 11:10:04 |  12.7s | 1.0e-04 | 0.0175 | 0.9543 | 0.9585 | 0.9610 | 0.0218 | 0.9389 | 0.9380 | 0.9268
0782 | 11:10:26 |  12.9s | 1.0e-04 | 0.0170 | 0.9556 | 0.9595 | 0.9619 | 0.0220 | 0.9365 | 0.9441 | 0.9302
0783 | 11:10:48 |  13.2s | 1.0e-04 | 0.0172 | 0.9544 | 0.9570 | 0.9599 | 0.0212 | 0.9391 | 0.9406 | 0.9273
0784 | 11:11:11 |  13.6s | 1.0e-04 | 0.0174 | 0.9556 | 0.9594 | 0.9625 | 0.0216 | 0.9344 | 0.9422 | 0.9272
0785 | 11:11:35 |  12.8s | 1.0e-04 | 0.0174 | 0.9533 | 0.9578 | 0.9587 | 0.0210 | 0.9440 | 0.9390 | 0.9353
0786 | 11:11:57 |  12.9s | 1.0e-04 | 0.0175 | 0.9548 | 0.9588 | 0.9614 | 0.0210 | 0.9482 | 0.9379 | 0.9388
0787 | 11:12:20 |  13.0s | 1.0e-04 | 0.0173 | 0.9563 | 0.9592 | 0.9632 | 0.0206 | 0.9380 | 0.9485 | 0.9370
0788 | 11:12:43 |  21.3s | 1.0e-04 | 0.0168 | 0.9557 | 0.9580 | 0.9624 | 0.0207 | 0.9452 | 0.9432 | 0.9374
0789 | 11:13:14 |  13.1s | 1.0e-04 | 0.0166 | 0.9563 | 0.9571 | 0.9619 | 0.0218 | 0.9438 | 0.9364 | 0.9313
0790 | 11:13:37 |  13.1s | 1.0e-04 | 0.0164 | 0.9547 | 0.9596 | 0.9622 | 0.0199 | 0.9494 | 0.9386 | 0.9374
0791 | 11:14:00 |  13.1s | 1.0e-04 | 0.0165 | 0.9557 | 0.9569 | 0.9616 | 0.0214 | 0.9357 | 0.9505 | 0.9362
0792 | 11:14:22 |  22.6s | 1.0e-04 | 0.0172 | 0.9560 | 0.9563 | 0.9614 | 0.0218 | 0.9328 | 0.9461 | 0.9283
0793 | 11:14:55 |  13.1s | 1.0e-04 | 0.0179 | 0.9555 | 0.9564 | 0.9600 | 0.0213 | 0.9482 | 0.9362 | 0.9342
0794 | 11:15:18 |  13.2s | 1.0e-04 | 0.0175 | 0.9541 | 0.9571 | 0.9598 | 0.0214 | 0.9448 | 0.9387 | 0.9332
0795 | 11:15:41 |  12.9s | 1.0e-04 | 0.0177 | 0.9539 | 0.9572 | 0.9594 | 0.0204 | 0.9320 | 0.9461 | 0.9278
0796 | 11:16:03 |  13.2s | 1.0e-04 | 0.0174 | 0.9541 | 0.9557 | 0.9588 | 0.0207 | 0.9339 | 0.9426 | 0.9266
0797 | 11:16:26 |  12.9s | 1.0e-04 | 0.0174 | 0.9562 | 0.9573 | 0.9622 | 0.0199 | 0.9376 | 0.9450 | 0.9331
0798 | 11:16:49 |  12.9s | 1.0e-04 | 0.0176 | 0.9553 | 0.9565 | 0.9603 | 0.0208 | 0.9412 | 0.9392 | 0.9329
0799 | 11:17:12 |  13.0s | 1.0e-04 | 0.0177 | 0.9549 | 0.9564 | 0.9603 | 0.0216 | 0.9348 | 0.9494 | 0.9338
0800 | 11:17:34 |  12.9s | 1.0e-04 | 0.0176 | 0.9537 | 0.9570 | 0.9596 | 0.0207 | 0.9426 | 0.9472 | 0.9393
0801 | 11:17:57 |  12.9s | 1.0e-04 | 0.0174 | 0.9530 | 0.9587 | 0.9597 | 0.0207 | 0.9473 | 0.9362 | 0.9341
0802 | 11:18:20 |  13.2s | 1.0e-04 | 0.0172 | 0.9539 | 0.9575 | 0.9604 | 0.0207 | 0.9442 | 0.9333 | 0.9313
0803 | 11:18:43 |  13.1s | 1.0e-04 | 0.0177 | 0.9531 | 0.9566 | 0.9579 | 0.0198 | 0.9433 | 0.9415 | 0.9347
0804 | 11:19:05 |  12.9s | 1.0e-04 | 0.0178 | 0.9555 | 0.9571 | 0.9608 | 0.0201 | 0.9441 | 0.9390 | 0.9308
0805 | 11:19:28 |  13.3s | 1.0e-04 | 0.0181 | 0.9535 | 0.9561 | 0.9585 | 0.0223 | 0.9463 | 0.9336 | 0.9331
0806 | 11:19:51 |  13.0s | 1.0e-04 | 0.0176 | 0.9545 | 0.9567 | 0.9601 | 0.0207 | 0.9377 | 0.9423 | 0.9285
0807 | 11:20:14 |  13.2s | 1.0e-04 | 0.0177 | 0.9538 | 0.9543 | 0.9579 | 0.0202 | 0.9475 | 0.9384 | 0.9377
0808 | 11:20:37 |  13.2s | 1.0e-04 | 0.0179 | 0.9537 | 0.9557 | 0.9587 | 0.0219 | 0.9344 | 0.9409 | 0.9227
0809 | 11:21:00 |  21.4s | 1.0e-04 | 0.0179 | 0.9543 | 0.9569 | 0.9592 | 0.0218 | 0.9403 | 0.9405 | 0.9313
0810 | 11:21:31 |  13.0s | 1.0e-04 | 0.0183 | 0.9524 | 0.9567 | 0.9581 | 0.0204 | 0.9449 | 0.9374 | 0.9341
0811 | 11:21:54 |  12.9s | 1.0e-04 | 0.0180 | 0.9542 | 0.9564 | 0.9596 | 0.0218 | 0.9473 | 0.9349 | 0.9337
0812 | 11:22:17 |  13.2s | 1.0e-04 | 0.0182 | 0.9540 | 0.9590 | 0.9607 | 0.0213 | 0.9525 | 0.9354 | 0.9370
0813 | 11:22:40 |  23.7s | 1.0e-04 | 0.0176 | 0.9557 | 0.9588 | 0.9630 | 0.0222 | 0.9484 | 0.9338 | 0.9355
0814 | 11:23:13 |  13.0s | 1.0e-04 | 0.0175 | 0.9549 | 0.9570 | 0.9607 | 0.0212 | 0.9399 | 0.9405 | 0.9286
0815 | 11:23:36 |  12.6s | 1.0e-04 | 0.0173 | 0.9544 | 0.9578 | 0.9609 | 0.0217 | 0.9382 | 0.9489 | 0.9370
0816 | 11:23:58 |  12.9s | 1.0e-04 | 0.0170 | 0.9564 | 0.9578 | 0.9628 | 0.0210 | 0.9394 | 0.9412 | 0.9310
0817 | 11:24:21 |  12.7s | 1.0e-04 | 0.0171 | 0.9562 | 0.9582 | 0.9621 | 0.0223 | 0.9404 | 0.9433 | 0.9340
0818 | 11:24:44 |  12.7s | 1.0e-04 | 0.0176 | 0.9544 | 0.9575 | 0.9608 | 0.0211 | 0.9460 | 0.9358 | 0.9314
0819 | 11:25:06 |  12.8s | 1.0e-04 | 0.0173 | 0.9566 | 0.9568 | 0.9626 | 0.0214 | 0.9433 | 0.9347 | 0.9287
0820 | 11:25:28 |  12.6s | 1.0e-04 | 0.0175 | 0.9563 | 0.9572 | 0.9627 | 0.0213 | 0.9335 | 0.9494 | 0.9326
0821 | 11:25:51 |  12.7s | 1.0e-04 | 0.0169 | 0.9564 | 0.9587 | 0.9626 | 0.0217 | 0.9433 | 0.9374 | 0.9317
0822 | 11:26:13 |  12.7s | 1.0e-04 | 0.0172 | 0.9559 | 0.9573 | 0.9624 | 0.0210 | 0.9458 | 0.9388 | 0.9332
0823 | 11:26:35 |  12.6s | 1.0e-04 | 0.0168 | 0.9561 | 0.9585 | 0.9627 | 0.0214 | 0.9442 | 0.9375 | 0.9302
0824 | 11:26:58 |  12.6s | 1.0e-04 | 0.0166 | 0.9563 | 0.9600 | 0.9641 | 0.0213 | 0.9502 | 0.9250 | 0.9298
0825 | 11:27:20 |  12.7s | 1.0e-04 | 0.0174 | 0.9565 | 0.9571 | 0.9624 | 0.0207 | 0.9410 | 0.9406 | 0.9324
0826 | 11:27:42 |  12.9s | 1.0e-04 | 0.0171 | 0.9571 | 0.9585 | 0.9634 | 0.0222 | 0.9285 | 0.9510 | 0.9307
0827 | 11:28:05 |  12.6s | 1.0e-04 | 0.0176 | 0.9555 | 0.9557 | 0.9599 | 0.0209 | 0.9513 | 0.9350 | 0.9393
0828 | 11:28:27 |  12.9s | 1.0e-04 | 0.0169 | 0.9566 | 0.9584 | 0.9629 | 0.0206 | 0.9422 | 0.9453 | 0.9378
0829 | 11:28:50 |  12.9s | 1.0e-04 | 0.0174 | 0.9543 | 0.9569 | 0.9604 | 0.0218 | 0.9407 | 0.9427 | 0.9333
0830 | 11:29:13 |  21.1s | 1.0e-04 | 0.0166 | 0.9556 | 0.9602 | 0.9627 | 0.0216 | 0.9389 | 0.9391 | 0.9231
0831 | 11:29:43 |  12.7s | 1.0e-04 | 0.0167 | 0.9550 | 0.9589 | 0.9627 | 0.0209 | 0.9394 | 0.9462 | 0.9351
0832 | 11:30:06 |  12.7s | 1.0e-04 | 0.0170 | 0.9562 | 0.9585 | 0.9621 | 0.0211 | 0.9455 | 0.9347 | 0.9323
0833 | 11:30:28 |  13.0s | 1.0e-04 | 0.0170 | 0.9554 | 0.9579 | 0.9616 | 0.0203 | 0.9435 | 0.9378 | 0.9337
0834 | 11:30:51 |  21.7s | 1.0e-04 | 0.0175 | 0.9557 | 0.9603 | 0.9634 | 0.0203 | 0.9447 | 0.9416 | 0.9344
0835 | 11:31:22 |  12.8s | 1.0e-04 | 0.0183 | 0.9539 | 0.9584 | 0.9606 | 0.0205 | 0.9445 | 0.9440 | 0.9392
0836 | 11:31:45 |  13.1s | 1.0e-04 | 0.0180 | 0.9563 | 0.9583 | 0.9625 | 0.0212 | 0.9408 | 0.9443 | 0.9347
0837 | 11:32:07 |  13.1s | 1.0e-04 | 0.0175 | 0.9565 | 0.9588 | 0.9633 | 0.0207 | 0.9415 | 0.9425 | 0.9355
0838 | 11:32:30 |  13.1s | 1.0e-04 | 0.0175 | 0.9572 | 0.9582 | 0.9641 | 0.0216 | 0.9415 | 0.9413 | 0.9332
0839 | 11:32:53 |  12.9s | 1.0e-04 | 0.0176 | 0.9555 | 0.9582 | 0.9629 | 0.0215 | 0.9434 | 0.9397 | 0.9326
0840 | 11:33:16 |  13.1s | 1.0e-04 | 0.0184 | 0.9541 | 0.9583 | 0.9605 | 0.0212 | 0.9351 | 0.9492 | 0.9340
0841 | 11:33:39 |  13.2s | 1.0e-04 | 0.0175 | 0.9562 | 0.9602 | 0.9639 | 0.0204 | 0.9367 | 0.9430 | 0.9280
0842 | 11:34:01 |  12.7s | 1.0e-04 | 0.0183 | 0.9547 | 0.9583 | 0.9608 | 0.0209 | 0.9437 | 0.9372 | 0.9316
0843 | 11:34:24 |  12.8s | 1.0e-04 | 0.0180 | 0.9542 | 0.9598 | 0.9624 | 0.0211 | 0.9462 | 0.9390 | 0.9354
0844 | 11:34:46 |  13.0s | 1.0e-04 | 0.0179 | 0.9539 | 0.9586 | 0.9615 | 0.0218 | 0.9427 | 0.9389 | 0.9326
0845 | 11:35:09 |  12.7s | 1.0e-04 | 0.0182 | 0.9553 | 0.9586 | 0.9619 | 0.0202 | 0.9363 | 0.9491 | 0.9353
0846 | 11:35:31 |  12.8s | 1.0e-04 | 0.0179 | 0.9549 | 0.9592 | 0.9617 | 0.0204 | 0.9464 | 0.9422 | 0.9386
0847 | 11:35:54 |  12.7s | 1.0e-04 | 0.0181 | 0.9549 | 0.9574 | 0.9612 | 0.0211 | 0.9447 | 0.9447 | 0.9393
0848 | 11:36:16 |  12.7s | 1.0e-04 | 0.0178 | 0.9574 | 0.9582 | 0.9632 | 0.0217 | 0.9322 | 0.9437 | 0.9255
0849 | 11:36:38 |  12.8s | 1.0e-04 | 0.0174 | 0.9565 | 0.9607 | 0.9643 | 0.0215 | 0.9405 | 0.9386 | 0.9291
0850 | 11:37:01 |  12.7s | 1.0e-04 | 0.0178 | 0.9559 | 0.9577 | 0.9623 | 0.0212 | 0.9472 | 0.9371 | 0.9358
0851 | 11:37:23 |  13.1s | 1.0e-04 | 0.0180 | 0.9561 | 0.9596 | 0.9634 | 0.0230 | 0.9356 | 0.9442 | 0.9276
0852 | 11:37:46 |  12.8s | 1.0e-04 | 0.0181 | 0.9559 | 0.9575 | 0.9618 | 0.0213 | 0.9361 | 0.9520 | 0.9375
0853 | 11:38:09 |  12.8s | 1.0e-04 | 0.0177 | 0.9554 | 0.9594 | 0.9635 | 0.0204 | 0.9426 | 0.9439 | 0.9380
0854 | 11:38:31 |  12.7s | 1.0e-04 | 0.0177 | 0.9563 | 0.9602 | 0.9642 | 0.0204 | 0.9381 | 0.9409 | 0.9285
0855 | 11:38:53 |  24.4s | 1.0e-04 | 0.0175 | 0.9541 | 0.9585 | 0.9608 | 0.0215 | 0.9434 | 0.9328 | 0.9261
0856 | 11:39:28 |  12.8s | 1.0e-04 | 0.0182 | 0.9542 | 0.9560 | 0.9598 | 0.0212 | 0.9376 | 0.9467 | 0.9338
0857 | 11:39:50 |  12.6s | 1.0e-04 | 0.0183 | 0.9543 | 0.9568 | 0.9604 | 0.0204 | 0.9422 | 0.9403 | 0.9328
0858 | 11:40:12 |  12.7s | 1.0e-04 | 0.0180 | 0.9555 | 0.9564 | 0.9609 | 0.0214 | 0.9445 | 0.9330 | 0.9275
0859 | 11:40:35 |  12.5s | 1.0e-04 | 0.0175 | 0.9555 | 0.9564 | 0.9611 | 0.0204 | 0.9482 | 0.9351 | 0.9348
0860 | 11:40:57 |  12.7s | 1.0e-04 | 0.0179 | 0.9543 | 0.9561 | 0.9594 | 0.0199 | 0.9486 | 0.9382 | 0.9393
0861 | 11:41:19 |  13.0s | 1.0e-04 | 0.0179 | 0.9545 | 0.9569 | 0.9604 | 0.0211 | 0.9396 | 0.9465 | 0.9341
0862 | 11:41:42 |  12.9s | 1.0e-04 | 0.0181 | 0.9550 | 0.9552 | 0.9595 | 0.0208 | 0.9424 | 0.9468 | 0.9391
0863 | 11:42:05 |  12.9s | 1.0e-04 | 0.0176 | 0.9539 | 0.9572 | 0.9597 | 0.0211 | 0.9406 | 0.9396 | 0.9305
0864 | 11:42:27 |  12.6s | 1.0e-04 | 0.0177 | 0.9546 | 0.9571 | 0.9598 | 0.0227 | 0.9389 | 0.9411 | 0.9293
0865 | 11:42:49 |  12.8s | 1.0e-04 | 0.0181 | 0.9533 | 0.9578 | 0.9593 | 0.0208 | 0.9296 | 0.9516 | 0.9326
0866 | 11:43:12 |  13.0s | 1.0e-04 | 0.0182 | 0.9556 | 0.9579 | 0.9617 | 0.0195 | 0.9405 | 0.9457 | 0.9360
0867 | 11:43:35 |  13.2s | 1.0e-04 | 0.0186 | 0.9534 | 0.9584 | 0.9604 | 0.0208 | 0.9441 | 0.9360 | 0.9314
0868 | 11:43:58 |  12.8s | 1.0e-04 | 0.0181 | 0.9541 | 0.9570 | 0.9603 | 0.0199 | 0.9352 | 0.9501 | 0.9354
0869 | 11:44:20 |  12.7s | 1.0e-04 | 0.0182 | 0.9537 | 0.9563 | 0.9589 | 0.0202 | 0.9403 | 0.9474 | 0.9371
0870 | 11:44:43 |  12.7s | 1.0e-04 | 0.0182 | 0.9543 | 0.9570 | 0.9592 | 0.0200 | 0.9456 | 0.9416 | 0.9390
0871 | 11:45:05 |  20.8s | 1.0e-04 | 0.0185 | 0.9540 | 0.9557 | 0.9593 | 0.0209 | 0.9317 | 0.9511 | 0.9330
0872 | 11:45:35 |  12.7s | 1.0e-04 | 0.0180 | 0.9546 | 0.9590 | 0.9617 | 0.0210 | 0.9351 | 0.9466 | 0.9314
0873 | 11:45:58 |  12.7s | 1.0e-04 | 0.0188 | 0.9533 | 0.9556 | 0.9581 | 0.0205 | 0.9456 | 0.9391 | 0.9331
0874 | 11:46:20 |  12.5s | 1.0e-04 | 0.0181 | 0.9548 | 0.9573 | 0.9611 | 0.0206 | 0.9445 | 0.9429 | 0.9373
0875 | 11:46:42 |  12.6s | 1.0e-04 | 0.0188 | 0.9554 | 0.9564 | 0.9601 | 0.0209 | 0.9482 | 0.9348 | 0.9357
0876 | 11:47:05 |  13.8s | 1.0e-04 | 0.0175 | 0.9557 | 0.9555 | 0.9603 | 0.0203 | 0.9426 | 0.9443 | 0.9362
0877 | 11:47:28 |  12.5s | 1.0e-04 | 0.0175 | 0.9558 | 0.9575 | 0.9623 | 0.0204 | 0.9451 | 0.9444 | 0.9395
0878 | 11:47:51 |  12.6s | 1.0e-04 | 0.0175 | 0.9551 | 0.9569 | 0.9604 | 0.0211 | 0.9372 | 0.9468 | 0.9353
0879 | 11:48:13 |  12.5s | 1.0e-04 | 0.0180 | 0.9540 | 0.9567 | 0.9590 | 0.0204 | 0.9408 | 0.9418 | 0.9314
0880 | 11:48:35 |  12.7s | 1.0e-04 | 0.0178 | 0.9548 | 0.9579 | 0.9607 | 0.0210 | 0.9415 | 0.9384 | 0.9295
0881 | 11:48:58 |  12.6s | 1.0e-04 | 0.0176 | 0.9553 | 0.9575 | 0.9616 | 0.0211 | 0.9292 | 0.9522 | 0.9312
0882 | 11:49:20 |  12.5s | 1.0e-04 | 0.0178 | 0.9556 | 0.9557 | 0.9604 | 0.0209 | 0.9417 | 0.9399 | 0.9325
0883 | 11:49:42 |  12.5s | 1.0e-04 | 0.0183 | 0.9547 | 0.9575 | 0.9602 | 0.0198 | 0.9390 | 0.9437 | 0.9325
0884 | 11:50:04 |  12.4s | 1.0e-04 | 0.0178 | 0.9539 | 0.9578 | 0.9604 | 0.0222 | 0.9415 | 0.9318 | 0.9230
0885 | 11:50:27 |  12.9s | 1.0e-04 | 0.0172 | 0.9560 | 0.9578 | 0.9627 | 0.0199 | 0.9441 | 0.9462 | 0.9403
0886 | 11:50:49 |  12.5s | 1.0e-04 | 0.0180 | 0.9543 | 0.9578 | 0.9606 | 0.0207 | 0.9283 | 0.9585 | 0.9374
0887 | 11:51:11 |  12.6s | 1.0e-04 | 0.0179 | 0.9556 | 0.9582 | 0.9620 | 0.0201 | 0.9434 | 0.9405 | 0.9352
0888 | 11:51:34 |  12.7s | 1.0e-04 | 0.0177 | 0.9560 | 0.9576 | 0.9625 | 0.0199 | 0.9385 | 0.9477 | 0.9376
0889 | 11:51:56 |  12.8s | 1.0e-04 | 0.0183 | 0.9537 | 0.9573 | 0.9596 | 0.0204 | 0.9425 | 0.9384 | 0.9311
0890 | 11:52:19 |  12.5s | 1.0e-04 | 0.0179 | 0.9550 | 0.9588 | 0.9615 | 0.0208 | 0.9363 | 0.9475 | 0.9340
0891 | 11:52:41 |  12.9s | 1.0e-04 | 0.0175 | 0.9556 | 0.9595 | 0.9628 | 0.0205 | 0.9352 | 0.9458 | 0.9305
0892 | 11:53:03 |  21.1s | 1.0e-04 | 0.0174 | 0.9556 | 0.9575 | 0.9619 | 0.0217 | 0.9337 | 0.9425 | 0.9272
0893 | 11:53:34 |  12.4s | 1.0e-04 | 0.0171 | 0.9562 | 0.9573 | 0.9625 | 0.0205 | 0.9423 | 0.9421 | 0.9347
0894 | 11:53:56 |  12.4s | 1.0e-04 | 0.0170 | 0.9571 | 0.9573 | 0.9624 | 0.0213 | 0.9365 | 0.9478 | 0.9345
0895 | 11:54:18 |  12.5s | 1.0e-04 | 0.0173 | 0.9558 | 0.9589 | 0.9628 | 0.0208 | 0.9509 | 0.9345 | 0.9379
0896 | 11:54:40 |  26.8s | 1.0e-04 | 0.0171 | 0.9558 | 0.9576 | 0.9622 | 0.0207 | 0.9426 | 0.9420 | 0.9357
0897 | 11:55:17 |  12.9s | 1.0e-04 | 0.0173 | 0.9535 | 0.9548 | 0.9577 | 0.0204 | 0.9383 | 0.9457 | 0.9333
0898 | 11:55:39 |  12.9s | 1.0e-04 | 0.0169 | 0.9538 | 0.9573 | 0.9598 | 0.0201 | 0.9417 | 0.9467 | 0.9383
0899 | 11:56:02 |  13.3s | 1.0e-04 | 0.0167 | 0.9558 | 0.9580 | 0.9623 | 0.0209 | 0.9458 | 0.9410 | 0.9382
0900 | 11:56:25 |  12.8s | 1.0e-04 | 0.0168 | 0.9555 | 0.9558 | 0.9601 | 0.0209 | 0.9457 | 0.9401 | 0.9356
0901 | 11:56:47 |  12.8s | 1.0e-04 | 0.0173 | 0.9549 | 0.9554 | 0.9592 | 0.0202 | 0.9566 | 0.9319 | 0.9395
0902 | 11:57:10 |  13.3s | 1.0e-04 | 0.0171 | 0.9546 | 0.9548 | 0.9582 | 0.0209 | 0.9417 | 0.9446 | 0.9341
0903 | 11:57:33 |  13.3s | 1.0e-04 | 0.0166 | 0.9553 | 0.9565 | 0.9610 | 0.0204 | 0.9551 | 0.9348 | 0.9419
0904 | 11:57:56 |  13.4s | 1.0e-04 | 0.0177 | 0.9560 | 0.9558 | 0.9608 | 0.0212 | 0.9417 | 0.9485 | 0.9406
0905 | 11:58:19 |  13.3s | 1.0e-04 | 0.0170 | 0.9550 | 0.9552 | 0.9591 | 0.0205 | 0.9380 | 0.9451 | 0.9344
0906 | 11:58:42 |  12.8s | 1.0e-04 | 0.0172 | 0.9534 | 0.9550 | 0.9577 | 0.0201 | 0.9460 | 0.9362 | 0.9344
0907 | 11:59:04 |  13.0s | 1.0e-04 | 0.0171 | 0.9562 | 0.9561 | 0.9607 | 0.0205 | 0.9407 | 0.9415 | 0.9326
0908 | 11:59:27 |  12.9s | 1.0e-04 | 0.0171 | 0.9527 | 0.9526 | 0.9551 | 0.0206 | 0.9475 | 0.9368 | 0.9360
0909 | 11:59:49 |  13.0s | 1.0e-04 | 0.0168 | 0.9562 | 0.9585 | 0.9623 | 0.0208 | 0.9415 | 0.9450 | 0.9360
0910 | 12:00:12 |  12.9s | 1.0e-04 | 0.0172 | 0.9544 | 0.9560 | 0.9593 | 0.0217 | 0.9385 | 0.9471 | 0.9346
0911 | 12:00:34 |  12.8s | 1.0e-04 | 0.0171 | 0.9553 | 0.9560 | 0.9599 | 0.0209 | 0.9455 | 0.9345 | 0.9325
0912 | 12:00:57 |  12.9s | 1.0e-04 | 0.0169 | 0.9530 | 0.9569 | 0.9584 | 0.0201 | 0.9482 | 0.9371 | 0.9378
0913 | 12:01:19 |  21.8s | 1.0e-04 | 0.0171 | 0.9536 | 0.9556 | 0.9585 | 0.0212 | 0.9454 | 0.9348 | 0.9303
0914 | 12:01:51 |  13.1s | 1.0e-04 | 0.0172 | 0.9533 | 0.9540 | 0.9560 | 0.0224 | 0.9313 | 0.9461 | 0.9271
0915 | 12:02:14 |  13.1s | 1.0e-04 | 0.0173 | 0.9522 | 0.9559 | 0.9574 | 0.0207 | 0.9525 | 0.9310 | 0.9358
0916 | 12:02:36 |  13.1s | 1.0e-04 | 0.0168 | 0.9542 | 0.9571 | 0.9601 | 0.0218 | 0.9455 | 0.9382 | 0.9351
0917 | 12:02:59 |  25.3s | 1.0e-04 | 0.0174 | 0.9531 | 0.9549 | 0.9570 | 0.0210 | 0.9349 | 0.9477 | 0.9328
0918 | 12:03:34 |  13.1s | 1.0e-04 | 0.0167 | 0.9561 | 0.9589 | 0.9626 | 0.0207 | 0.9351 | 0.9470 | 0.9296
0919 | 12:03:57 |  13.4s | 1.0e-04 | 0.0167 | 0.9555 | 0.9571 | 0.9610 | 0.0203 | 0.9424 | 0.9447 | 0.9362
0920 | 12:04:20 |  13.2s | 1.0e-04 | 0.0167 | 0.9559 | 0.9584 | 0.9626 | 0.0215 | 0.9266 | 0.9508 | 0.9282
0921 | 12:04:42 |  13.5s | 1.0e-04 | 0.0166 | 0.9547 | 0.9574 | 0.9603 | 0.0218 | 0.9436 | 0.9345 | 0.9272
0922 | 12:05:06 |  13.4s | 1.0e-04 | 0.0169 | 0.9554 | 0.9571 | 0.9612 | 0.0201 | 0.9397 | 0.9491 | 0.9386
0923 | 12:05:29 |  13.1s | 1.0e-04 | 0.0160 | 0.9548 | 0.9582 | 0.9614 | 0.0208 | 0.9430 | 0.9416 | 0.9343
0924 | 12:05:51 |  13.2s | 1.0e-04 | 0.0160 | 0.9574 | 0.9584 | 0.9643 | 0.0210 | 0.9419 | 0.9398 | 0.9301
0925 | 12:06:14 |  13.4s | 1.0e-04 | 0.0165 | 0.9544 | 0.9567 | 0.9605 | 0.0209 | 0.9380 | 0.9445 | 0.9310
0926 | 12:06:37 |  13.7s | 1.0e-04 | 0.0169 | 0.9553 | 0.9577 | 0.9615 | 0.0204 | 0.9369 | 0.9509 | 0.9381
0927 | 12:07:01 |  13.1s | 1.0e-04 | 0.0168 | 0.9546 | 0.9556 | 0.9584 | 0.0206 | 0.9359 | 0.9502 | 0.9360
0928 | 12:07:23 |  13.4s | 1.0e-04 | 0.0162 | 0.9553 | 0.9594 | 0.9626 | 0.0214 | 0.9407 | 0.9446 | 0.9344
0929 | 12:07:46 |  13.1s | 1.0e-04 | 0.0167 | 0.9550 | 0.9574 | 0.9620 | 0.0197 | 0.9510 | 0.9404 | 0.9430
0930 | 12:08:09 |  13.1s | 1.0e-04 | 0.0163 | 0.9569 | 0.9574 | 0.9633 | 0.0199 | 0.9430 | 0.9456 | 0.9395
0931 | 12:08:32 |  13.0s | 1.0e-04 | 0.0162 | 0.9550 | 0.9578 | 0.9611 | 0.0217 | 0.9261 | 0.9591 | 0.9375
0932 | 12:08:54 |  13.1s | 1.0e-04 | 0.0167 | 0.9561 | 0.9563 | 0.9622 | 0.0205 | 0.9473 | 0.9417 | 0.9387
0933 | 12:09:17 |  13.2s | 1.0e-04 | 0.0164 | 0.9554 | 0.9573 | 0.9610 | 0.0205 | 0.9379 | 0.9429 | 0.9302
0934 | 12:09:40 |  21.1s | 1.0e-04 | 0.0160 | 0.9569 | 0.9591 | 0.9640 | 0.0208 | 0.9376 | 0.9394 | 0.9252
0935 | 12:10:11 |  13.0s | 1.0e-04 | 0.0164 | 0.9566 | 0.9577 | 0.9628 | 0.0207 | 0.9473 | 0.9368 | 0.9366
0936 | 12:10:33 |  13.6s | 1.0e-04 | 0.0164 | 0.9554 | 0.9585 | 0.9621 | 0.0206 | 0.9422 | 0.9454 | 0.9372
0937 | 12:10:56 |  13.2s | 1.0e-04 | 0.0169 | 0.9549 | 0.9580 | 0.9614 | 0.0204 | 0.9455 | 0.9466 | 0.9409
0938 | 12:11:19 |  24.9s | 1.0e-04 | 0.0169 | 0.9559 | 0.9569 | 0.9615 | 0.0210 | 0.9459 | 0.9357 | 0.9323
0939 | 12:11:54 |  12.8s | 1.0e-04 | 0.0168 | 0.9558 | 0.9579 | 0.9617 | 0.0206 | 0.9416 | 0.9409 | 0.9315
0940 | 12:12:16 |  12.8s | 1.0e-04 | 0.0170 | 0.9550 | 0.9578 | 0.9606 | 0.0209 | 0.9424 | 0.9417 | 0.9356
0941 | 12:12:39 |  13.1s | 1.0e-04 | 0.0171 | 0.9562 | 0.9573 | 0.9626 | 0.0193 | 0.9385 | 0.9481 | 0.9361
0942 | 12:13:02 |  12.8s | 1.0e-04 | 0.0171 | 0.9555 | 0.9570 | 0.9617 | 0.0206 | 0.9430 | 0.9408 | 0.9361
0943 | 12:13:24 |  12.7s | 1.0e-04 | 0.0170 | 0.9558 | 0.9576 | 0.9616 | 0.0198 | 0.9468 | 0.9388 | 0.9375
0944 | 12:13:46 |  13.1s | 1.0e-04 | 0.0173 | 0.9541 | 0.9573 | 0.9601 | 0.0201 | 0.9394 | 0.9458 | 0.9331
0945 | 12:14:09 |  13.1s | 1.0e-04 | 0.0170 | 0.9560 | 0.9577 | 0.9622 | 0.0205 | 0.9510 | 0.9325 | 0.9343
0946 | 12:14:32 |  13.2s | 1.0e-04 | 0.0171 | 0.9561 | 0.9577 | 0.9619 | 0.0204 | 0.9428 | 0.9426 | 0.9359
0947 | 12:14:55 |  13.0s | 1.0e-04 | 0.0169 | 0.9557 | 0.9584 | 0.9622 | 0.0215 | 0.9406 | 0.9421 | 0.9337
0948 | 12:15:17 |  12.7s | 1.0e-04 | 0.0166 | 0.9559 | 0.9573 | 0.9611 | 0.0212 | 0.9407 | 0.9385 | 0.9297
0949 | 12:15:40 |  12.8s | 1.0e-04 | 0.0168 | 0.9544 | 0.9571 | 0.9603 | 0.0207 | 0.9414 | 0.9364 | 0.9289
0950 | 12:16:02 |  13.0s | 1.0e-04 | 0.0172 | 0.9557 | 0.9578 | 0.9625 | 0.0200 | 0.9408 | 0.9509 | 0.9416
0951 | 12:16:25 |  12.7s | 1.0e-04 | 0.0171 | 0.9559 | 0.9580 | 0.9619 | 0.0200 | 0.9465 | 0.9444 | 0.9408
0952 | 12:16:47 |  12.9s | 1.0e-04 | 0.0168 | 0.9556 | 0.9589 | 0.9627 | 0.0211 | 0.9423 | 0.9414 | 0.9341
0953 | 12:17:10 |  12.7s | 1.0e-04 | 0.0175 | 0.9547 | 0.9573 | 0.9608 | 0.0218 | 0.9370 | 0.9439 | 0.9311
0954 | 12:17:32 |  12.7s | 1.0e-04 | 0.0172 | 0.9545 | 0.9569 | 0.9596 | 0.0213 | 0.9475 | 0.9334 | 0.9332
0955 | 12:17:55 |  21.8s | 1.0e-04 | 0.0167 | 0.9566 | 0.9590 | 0.9636 | 0.0211 | 0.9479 | 0.9346 | 0.9328
0956 | 12:18:26 |  12.8s | 1.0e-04 | 0.0168 | 0.9564 | 0.9578 | 0.9623 | 0.0211 | 0.9319 | 0.9482 | 0.9303
0957 | 12:18:48 |  12.7s | 1.0e-04 | 0.0170 | 0.9559 | 0.9583 | 0.9614 | 0.0204 | 0.9375 | 0.9532 | 0.9413
0958 | 12:19:11 |  13.1s | 1.0e-04 | 0.0171 | 0.9556 | 0.9576 | 0.9620 | 0.0212 | 0.9384 | 0.9420 | 0.9305
0959 | 12:19:33 |  24.6s | 1.0e-04 | 0.0175 | 0.9545 | 0.9560 | 0.9597 | 0.0195 | 0.9396 | 0.9468 | 0.9360
0960 | 12:20:08 |  12.9s | 1.0e-04 | 0.0173 | 0.9536 | 0.9582 | 0.9601 | 0.0206 | 0.9380 | 0.9427 | 0.9312
0961 | 12:20:30 |  12.9s | 1.0e-04 | 0.0173 | 0.9543 | 0.9583 | 0.9605 | 0.0205 | 0.9413 | 0.9458 | 0.9369
0962 | 12:20:53 |  13.0s | 1.0e-04 | 0.0174 | 0.9542 | 0.9568 | 0.9596 | 0.0210 | 0.9445 | 0.9465 | 0.9416
0963 | 12:21:15 |  12.9s | 1.0e-04 | 0.0169 | 0.9558 | 0.9570 | 0.9615 | 0.0208 | 0.9423 | 0.9406 | 0.9332
0964 | 12:21:38 |  13.2s | 1.0e-04 | 0.0173 | 0.9558 | 0.9561 | 0.9610 | 0.0207 | 0.9408 | 0.9413 | 0.9312
0965 | 12:22:01 |  12.9s | 1.0e-04 | 0.0169 | 0.9563 | 0.9587 | 0.9628 | 0.0209 | 0.9441 | 0.9289 | 0.9249
0966 | 12:22:23 |  13.0s | 1.0e-04 | 0.0167 | 0.9563 | 0.9600 | 0.9636 | 0.0207 | 0.9451 | 0.9396 | 0.9338
0967 | 12:22:46 |  13.0s | 1.0e-04 | 0.0170 | 0.9552 | 0.9570 | 0.9605 | 0.0212 | 0.9419 | 0.9439 | 0.9359
0968 | 12:23:09 |  13.0s | 1.0e-04 | 0.0168 | 0.9554 | 0.9589 | 0.9628 | 0.0211 | 0.9443 | 0.9369 | 0.9330
0969 | 12:23:31 |  13.0s | 1.0e-04 | 0.0176 | 0.9546 | 0.9564 | 0.9594 | 0.0203 | 0.9449 | 0.9396 | 0.9315
0970 | 12:23:54 |  13.1s | 1.0e-04 | 0.0169 | 0.9541 | 0.9589 | 0.9610 | 0.0205 | 0.9453 | 0.9428 | 0.9379
0971 | 12:24:17 |  13.0s | 1.0e-04 | 0.0172 | 0.9557 | 0.9573 | 0.9612 | 0.0212 | 0.9324 | 0.9476 | 0.9300
0972 | 12:24:40 |  13.0s | 1.0e-04 | 0.0171 | 0.9554 | 0.9596 | 0.9623 | 0.0200 | 0.9420 | 0.9480 | 0.9394
0973 | 12:25:02 |  13.5s | 1.0e-04 | 0.0162 | 0.9575 | 0.9601 | 0.9653 | 0.0215 | 0.9448 | 0.9437 | 0.9381
0974 | 12:25:25 |  13.2s | 1.0e-04 | 0.0166 | 0.9566 | 0.9572 | 0.9624 | 0.0212 | 0.9413 | 0.9422 | 0.9331
0975 | 12:25:48 |  13.1s | 1.0e-04 | 0.0172 | 0.9547 | 0.9565 | 0.9607 | 0.0224 | 0.9359 | 0.9382 | 0.9199
0976 | 12:26:11 |  13.5s | 1.0e-04 | 0.0165 | 0.9570 | 0.9602 | 0.9643 | 0.0202 | 0.9483 | 0.9336 | 0.9326
0977 | 12:26:34 |  13.0s | 1.0e-04 | 0.0173 | 0.9539 | 0.9561 | 0.9581 | 0.0212 | 0.9407 | 0.9474 | 0.9382
0978 | 12:26:57 |  13.0s | 1.0e-04 | 0.0169 | 0.9571 | 0.9582 | 0.9636 | 0.0210 | 0.9410 | 0.9409 | 0.9325
0979 | 12:27:19 |  13.0s | 1.0e-04 | 0.0172 | 0.9554 | 0.9577 | 0.9626 | 0.0200 | 0.9464 | 0.9370 | 0.9326
0980 | 12:27:42 |  22.1s | 1.0e-04 | 0.0162 | 0.9582 | 0.9604 | 0.9657 | 0.0211 | 0.9436 | 0.9410 | 0.9355
0981 | 12:28:13 |  12.7s | 1.0e-04 | 0.0163 | 0.9566 | 0.9607 | 0.9649 | 0.0208 | 0.9490 | 0.9380 | 0.9389
0982 | 12:28:36 |  12.6s | 1.0e-04 | 0.0167 | 0.9569 | 0.9597 | 0.9643 | 0.0206 | 0.9360 | 0.9449 | 0.9299
0983 | 12:28:58 |  12.6s | 1.0e-04 | 0.0166 | 0.9562 | 0.9589 | 0.9637 | 0.0197 | 0.9460 | 0.9413 | 0.9365
0984 | 12:29:20 |  12.7s | 1.0e-04 | 0.0164 | 0.9572 | 0.9602 | 0.9650 | 0.0223 | 0.9377 | 0.9481 | 0.9360
0985 | 12:29:42 |  12.7s | 1.0e-04 | 0.0167 | 0.9569 | 0.9601 | 0.9640 | 0.0207 | 0.9456 | 0.9364 | 0.9290
0986 | 12:30:05 |  12.9s | 1.0e-04 | 0.0166 | 0.9566 | 0.9599 | 0.9644 | 0.0203 | 0.9433 | 0.9382 | 0.9321
0987 | 12:30:27 |  13.0s | 1.0e-04 | 0.0164 | 0.9571 | 0.9585 | 0.9637 | 0.0212 | 0.9411 | 0.9448 | 0.9355
0988 | 12:30:50 |  12.5s | 1.0e-04 | 0.0164 | 0.9572 | 0.9602 | 0.9652 | 0.0196 | 0.9417 | 0.9463 | 0.9366
0989 | 12:31:12 |  12.6s | 1.0e-04 | 0.0164 | 0.9570 | 0.9583 | 0.9638 | 0.0212 | 0.9379 | 0.9406 | 0.9270
0990 | 12:31:34 |  13.0s | 1.0e-04 | 0.0167 | 0.9576 | 0.9581 | 0.9644 | 0.0218 | 0.9372 | 0.9452 | 0.9321
0991 | 12:31:57 |  12.7s | 1.0e-04 | 0.0165 | 0.9582 | 0.9601 | 0.9659 | 0.0205 | 0.9490 | 0.9316 | 0.9330
0992 | 12:32:19 |  12.6s | 1.0e-04 | 0.0160 | 0.9580 | 0.9617 | 0.9662 | 0.0207 | 0.9438 | 0.9359 | 0.9301
0993 | 12:32:41 |  13.0s | 1.0e-04 | 0.0160 | 0.9589 | 0.9609 | 0.9668 | 0.0208 | 0.9319 | 0.9496 | 0.9314
0994 | 12:33:04 |  12.5s | 1.0e-04 | 0.0160 | 0.9588 | 0.9604 | 0.9664 | 0.0214 | 0.9378 | 0.9469 | 0.9352
0995 | 12:33:26 |  12.5s | 1.0e-04 | 0.0163 | 0.9579 | 0.9585 | 0.9657 | 0.0206 | 0.9394 | 0.9382 | 0.9274
0996 | 12:33:48 |  20.7s | 1.0e-04 | 0.0165 | 0.9579 | 0.9594 | 0.9649 | 0.0211 | 0.9400 | 0.9420 | 0.9323
0997 | 12:34:19 |  12.5s | 1.0e-04 | 0.0166 | 0.9563 | 0.9575 | 0.9625 | 0.0196 | 0.9387 | 0.9496 | 0.9377
0998 | 12:34:41 |  12.4s | 1.0e-04 | 0.0165 | 0.9580 | 0.9578 | 0.9639 | 0.0215 | 0.9373 | 0.9451 | 0.9319
0999 | 12:35:03 |  13.0s | 1.0e-04 | 0.0169 | 0.9577 | 0.9578 | 0.9632 | 0.0202 | 0.9373 | 0.9448 | 0.9318
1000 | 12:35:25 |  12.8s | 1.0e-04 | 0.0166 | 0.9575 | 0.9582 | 0.9640 | 0.0202 | 0.9436 | 0.9424 | 0.9364
