Starting SILENT MARATHON on cuda (1500 Epochs, BS=512)
Epoch 0001 | Time: 26.2s
  Train: Loss 0.1219 | Prec 0.8350 | Rec 0.4332 | P@R0.9 0.3745
  Val  : Loss 0.1163 | Prec 0.7991 | Rec 0.3997 | P@R0.9 0.3319
Epoch 0002 | Time: 12.4s
  Train: Loss 0.1104 | Prec 0.7125 | Rec 0.6972 | P@R0.9 0.4065
  Val  : Loss 0.1087 | Prec 0.7020 | Rec 0.6694 | P@R0.9 0.3728
Epoch 0003 | Time: 12.8s
  Train: Loss 0.1052 | Prec 0.7408 | Rec 0.7001 | P@R0.9 0.4317
  Val  : Loss 0.1002 | Prec 0.7110 | Rec 0.6712 | P@R0.9 0.3708
Epoch 0004 | Time: 12.7s
  Train: Loss 0.0920 | Prec 0.8264 | Rec 0.6487 | P@R0.9 0.4509
  Val  : Loss 0.0902 | Prec 0.8112 | Rec 0.6185 | P@R0.9 0.4091
Epoch 0005 | Time: 12.8s
  Train: Loss 0.0922 | Prec 0.7823 | Rec 0.7083 | P@R0.9 0.4652
  Val  : Loss 0.0923 | Prec 0.7708 | Rec 0.6878 | P@R0.9 0.4383
Epoch 0006 | Time: 12.8s
  Train: Loss 0.0910 | Prec 0.8424 | Rec 0.6486 | P@R0.9 0.4716
  Val  : Loss 0.0882 | Prec 0.8307 | Rec 0.6214 | P@R0.9 0.4258
Epoch 0007 | Time: 12.7s
  Train: Loss 0.0877 | Prec 0.8247 | Rec 0.6916 | P@R0.9 0.4991
  Val  : Loss 0.0847 | Prec 0.8126 | Rec 0.6707 | P@R0.9 0.4573
Epoch 0008 | Time: 12.6s
  Train: Loss 0.0883 | Prec 0.8650 | Rec 0.6551 | P@R0.9 0.5145
  Val  : Loss 0.0836 | Prec 0.8535 | Rec 0.6280 | P@R0.9 0.4665
Epoch 0009 | Time: 12.8s
  Train: Loss 0.0844 | Prec 0.8113 | Rec 0.7250 | P@R0.9 0.5205
  Val  : Loss 0.0834 | Prec 0.8030 | Rec 0.7054 | P@R0.9 0.4805
Epoch 0010 | Time: 12.8s
  Train: Loss 0.0803 | Prec 0.8711 | Rec 0.6794 | P@R0.9 0.5574
  Val  : Loss 0.0777 | Prec 0.8578 | Rec 0.6450 | P@R0.9 0.4837
Epoch 0011 | Time: 12.5s
  Train: Loss 0.0758 | Prec 0.8496 | Rec 0.7272 | P@R0.9 0.5784
  Val  : Loss 0.0751 | Prec 0.8391 | Rec 0.6998 | P@R0.9 0.5163
Epoch 0012 | Time: 12.5s
  Train: Loss 0.0766 | Prec 0.8519 | Rec 0.7388 | P@R0.9 0.5934
  Val  : Loss 0.0742 | Prec 0.8374 | Rec 0.7082 | P@R0.9 0.5280
Epoch 0013 | Time: 12.7s
  Train: Loss 0.0741 | Prec 0.8628 | Rec 0.7455 | P@R0.9 0.6197
  Val  : Loss 0.0735 | Prec 0.8487 | Rec 0.7117 | P@R0.9 0.5443
Epoch 0014 | Time: 12.5s
  Train: Loss 0.0723 | Prec 0.8546 | Rec 0.7313 | P@R0.9 0.5709
  Val  : Loss 0.0751 | Prec 0.8458 | Rec 0.7103 | P@R0.9 0.5225
Epoch 0015 | Time: 12.8s
  Train: Loss 0.0706 | Prec 0.8912 | Rec 0.7223 | P@R0.9 0.6295
  Val  : Loss 0.0703 | Prec 0.8762 | Rec 0.6948 | P@R0.9 0.5603
Epoch 0016 | Time: 12.6s
  Train: Loss 0.0675 | Prec 0.8710 | Rec 0.7473 | P@R0.9 0.6247
  Val  : Loss 0.0694 | Prec 0.8635 | Rec 0.7267 | P@R0.9 0.5802
Epoch 0017 | Time: 12.6s
  Train: Loss 0.0680 | Prec 0.8911 | Rec 0.7213 | P@R0.9 0.6159
  Val  : Loss 0.0698 | Prec 0.8817 | Rec 0.7026 | P@R0.9 0.5739
Epoch 0018 | Time: 12.5s
  Train: Loss 0.0697 | Prec 0.8799 | Rec 0.7562 | P@R0.9 0.6551
  Val  : Loss 0.0666 | Prec 0.8584 | Rec 0.7333 | P@R0.9 0.5763
Epoch 0019 | Time: 12.9s
  Train: Loss 0.0686 | Prec 0.8799 | Rec 0.7585 | P@R0.9 0.6565
  Val  : Loss 0.0676 | Prec 0.8666 | Rec 0.7380 | P@R0.9 0.5932
Epoch 0020 | Time: 12.8s
  Train: Loss 0.0658 | Prec 0.8660 | Rec 0.7750 | P@R0.9 0.6507
  Val  : Loss 0.0664 | Prec 0.8536 | Rec 0.7583 | P@R0.9 0.6020
Epoch 0021 | Time: 12.7s
  Train: Loss 0.0637 | Prec 0.8753 | Rec 0.7726 | P@R0.9 0.6644
  Val  : Loss 0.0667 | Prec 0.8660 | Rec 0.7550 | P@R0.9 0.6179
Epoch 0022 | Time: 12.7s
  Train: Loss 0.0659 | Prec 0.8759 | Rec 0.7691 | P@R0.9 0.6604
  Val  : Loss 0.0663 | Prec 0.8605 | Rec 0.7453 | P@R0.9 0.5943
Epoch 0023 | Time: 12.6s
  Train: Loss 0.0651 | Prec 0.8935 | Rec 0.7651 | P@R0.9 0.6863
  Val  : Loss 0.0651 | Prec 0.8765 | Rec 0.7371 | P@R0.9 0.6090
Epoch 0024 | Time: 12.6s
  Train: Loss 0.0648 | Prec 0.8872 | Rec 0.7739 | P@R0.9 0.6905
  Val  : Loss 0.0647 | Prec 0.8745 | Rec 0.7532 | P@R0.9 0.6338
Epoch 0025 | Time: 12.5s
  Train: Loss 0.0622 | Prec 0.8836 | Rec 0.7737 | P@R0.9 0.6773
  Val  : Loss 0.0637 | Prec 0.8715 | Rec 0.7504 | P@R0.9 0.6112
Epoch 0026 | Time: 12.7s
  Train: Loss 0.0656 | Prec 0.8705 | Rec 0.7849 | P@R0.9 0.6811
  Val  : Loss 0.0646 | Prec 0.8572 | Rec 0.7640 | P@R0.9 0.6188
Epoch 0027 | Time: 12.6s
  Train: Loss 0.0641 | Prec 0.9039 | Rec 0.7618 | P@R0.9 0.7069
  Val  : Loss 0.0627 | Prec 0.8882 | Rec 0.7372 | P@R0.9 0.6334
Epoch 0028 | Time: 12.5s
  Train: Loss 0.0637 | Prec 0.8916 | Rec 0.7838 | P@R0.9 0.7139
  Val  : Loss 0.0636 | Prec 0.8822 | Rec 0.7631 | P@R0.9 0.6641
Epoch 0029 | Time: 12.7s
  Train: Loss 0.0635 | Prec 0.8901 | Rec 0.7801 | P@R0.9 0.7071
  Val  : Loss 0.0648 | Prec 0.8804 | Rec 0.7592 | P@R0.9 0.6456
Epoch 0030 | Time: 12.7s
  Train: Loss 0.0612 | Prec 0.8971 | Rec 0.7825 | P@R0.9 0.7170
  Val  : Loss 0.0623 | Prec 0.8831 | Rec 0.7554 | P@R0.9 0.6493
Epoch 0031 | Time: 12.7s
  Train: Loss 0.0639 | Prec 0.8969 | Rec 0.7820 | P@R0.9 0.7225
  Val  : Loss 0.0636 | Prec 0.8815 | Rec 0.7536 | P@R0.9 0.6401
Epoch 0032 | Time: 12.7s
  Train: Loss 0.0610 | Prec 0.9045 | Rec 0.7824 | P@R0.9 0.7374
  Val  : Loss 0.0614 | Prec 0.8891 | Rec 0.7561 | P@R0.9 0.6559
Epoch 0033 | Time: 12.6s
  Train: Loss 0.0595 | Prec 0.8705 | Rec 0.8173 | P@R0.9 0.7262
  Val  : Loss 0.0627 | Prec 0.8570 | Rec 0.7966 | P@R0.9 0.6664
Epoch 0034 | Time: 12.5s
  Train: Loss 0.0590 | Prec 0.8769 | Rec 0.8147 | P@R0.9 0.7286
  Val  : Loss 0.0615 | Prec 0.8619 | Rec 0.7943 | P@R0.9 0.6703
Epoch 0035 | Time: 12.7s
  Train: Loss 0.0612 | Prec 0.9113 | Rec 0.7697 | P@R0.9 0.7334
  Val  : Loss 0.0618 | Prec 0.9012 | Rec 0.7423 | P@R0.9 0.6616
Epoch 0036 | Time: 12.8s
  Train: Loss 0.0595 | Prec 0.8935 | Rec 0.7998 | P@R0.9 0.7395
  Val  : Loss 0.0597 | Prec 0.8789 | Rec 0.7741 | P@R0.9 0.6611
Epoch 0037 | Time: 12.5s
  Train: Loss 0.0594 | Prec 0.8964 | Rec 0.8041 | P@R0.9 0.7536
  Val  : Loss 0.0588 | Prec 0.8796 | Rec 0.7781 | P@R0.9 0.6728
Epoch 0038 | Time: 12.6s
  Train: Loss 0.0587 | Prec 0.8741 | Rec 0.8143 | P@R0.9 0.7309
  Val  : Loss 0.0602 | Prec 0.8612 | Rec 0.7897 | P@R0.9 0.6572
Epoch 0039 | Time: 12.8s
  Train: Loss 0.0598 | Prec 0.8901 | Rec 0.8171 | P@R0.9 0.7636
  Val  : Loss 0.0585 | Prec 0.8696 | Rec 0.7902 | P@R0.9 0.6794
Epoch 0040 | Time: 12.4s
  Train: Loss 0.0577 | Prec 0.8991 | Rec 0.7827 | P@R0.9 0.7139
  Val  : Loss 0.0600 | Prec 0.8884 | Rec 0.7649 | P@R0.9 0.6699
Epoch 0041 | Time: 12.9s
  Train: Loss 0.0604 | Prec 0.8807 | Rec 0.8209 | P@R0.9 0.7525
  Val  : Loss 0.0587 | Prec 0.8622 | Rec 0.8083 | P@R0.9 0.6955
Epoch 0042 | Time: 12.7s
  Train: Loss 0.0566 | Prec 0.8954 | Rec 0.8058 | P@R0.9 0.7542
  Val  : Loss 0.0573 | Prec 0.8829 | Rec 0.7826 | P@R0.9 0.6851
Epoch 0043 | Time: 12.5s
  Train: Loss 0.0571 | Prec 0.8807 | Rec 0.8256 | P@R0.9 0.7567
  Val  : Loss 0.0578 | Prec 0.8644 | Rec 0.8094 | P@R0.9 0.7020
Epoch 0044 | Time: 12.7s
  Train: Loss 0.0589 | Prec 0.8690 | Rec 0.8318 | P@R0.9 0.7491
  Val  : Loss 0.0592 | Prec 0.8546 | Rec 0.8191 | P@R0.9 0.7038
Epoch 0045 | Time: 12.7s
  Train: Loss 0.0569 | Prec 0.8993 | Rec 0.8011 | P@R0.9 0.7512
  Val  : Loss 0.0575 | Prec 0.8880 | Rec 0.7837 | P@R0.9 0.7002
Epoch 0046 | Time: 12.7s
  Train: Loss 0.0568 | Prec 0.8725 | Rec 0.8268 | P@R0.9 0.7436
  Val  : Loss 0.0595 | Prec 0.8556 | Rec 0.8052 | P@R0.9 0.6723
Epoch 0047 | Time: 12.7s
  Train: Loss 0.0573 | Prec 0.8721 | Rec 0.8345 | P@R0.9 0.7607
  Val  : Loss 0.0597 | Prec 0.8562 | Rec 0.8156 | P@R0.9 0.6982
Epoch 0048 | Time: 12.5s
  Train: Loss 0.0570 | Prec 0.8969 | Rec 0.8048 | P@R0.9 0.7530
  Val  : Loss 0.0576 | Prec 0.8852 | Rec 0.7849 | P@R0.9 0.6958
Epoch 0049 | Time: 12.6s
  Train: Loss 0.0568 | Prec 0.8944 | Rec 0.8227 | P@R0.9 0.7797
  Val  : Loss 0.0567 | Prec 0.8771 | Rec 0.8036 | P@R0.9 0.7131
Epoch 0050 | Time: 12.7s
  Train: Loss 0.0576 | Prec 0.9020 | Rec 0.8081 | P@R0.9 0.7711
  Val  : Loss 0.0566 | Prec 0.8879 | Rec 0.7885 | P@R0.9 0.7047
Epoch 0051 | Time: 12.6s
  Train: Loss 0.0570 | Prec 0.8992 | Rec 0.8122 | P@R0.9 0.7733
  Val  : Loss 0.0571 | Prec 0.8845 | Rec 0.7901 | P@R0.9 0.7062
Epoch 0052 | Time: 12.6s
  Train: Loss 0.0566 | Prec 0.8778 | Rec 0.8293 | P@R0.9 0.7618
  Val  : Loss 0.0581 | Prec 0.8603 | Rec 0.8148 | P@R0.9 0.7032
Epoch 0053 | Time: 12.6s
  Train: Loss 0.0553 | Prec 0.9051 | Rec 0.8071 | P@R0.9 0.7722
  Val  : Loss 0.0568 | Prec 0.8893 | Rec 0.7859 | P@R0.9 0.7078
Epoch 0054 | Time: 12.6s
  Train: Loss 0.0563 | Prec 0.9059 | Rec 0.8055 | P@R0.9 0.7721
  Val  : Loss 0.0570 | Prec 0.8933 | Rec 0.7820 | P@R0.9 0.7041
Epoch 0055 | Time: 12.8s
  Train: Loss 0.0547 | Prec 0.9047 | Rec 0.8112 | P@R0.9 0.7785
  Val  : Loss 0.0554 | Prec 0.8912 | Rec 0.7862 | P@R0.9 0.7123
Epoch 0056 | Time: 12.9s
  Train: Loss 0.0558 | Prec 0.8763 | Rec 0.8374 | P@R0.9 0.7748
  Val  : Loss 0.0584 | Prec 0.8642 | Rec 0.8227 | P@R0.9 0.7256
Epoch 0057 | Time: 12.6s
  Train: Loss 0.0557 | Prec 0.8866 | Rec 0.8357 | P@R0.9 0.7890
  Val  : Loss 0.0554 | Prec 0.8711 | Rec 0.8163 | P@R0.9 0.7251
Epoch 0058 | Time: 12.8s
  Train: Loss 0.0544 | Prec 0.9164 | Rec 0.7953 | P@R0.9 0.7816
  Val  : Loss 0.0566 | Prec 0.9045 | Rec 0.7761 | P@R0.9 0.7254
Epoch 0059 | Time: 12.9s
  Train: Loss 0.0543 | Prec 0.8982 | Rec 0.8257 | P@R0.9 0.7917
  Val  : Loss 0.0559 | Prec 0.8866 | Rec 0.8078 | P@R0.9 0.7384
Epoch 0060 | Time: 12.6s
  Train: Loss 0.0553 | Prec 0.8902 | Rec 0.8323 | P@R0.9 0.7861
  Val  : Loss 0.0560 | Prec 0.8737 | Rec 0.8105 | P@R0.9 0.7212
Epoch 0061 | Time: 12.5s
  Train: Loss 0.0535 | Prec 0.9023 | Rec 0.8192 | P@R0.9 0.7871
  Val  : Loss 0.0549 | Prec 0.8886 | Rec 0.7986 | P@R0.9 0.7274
Epoch 0062 | Time: 12.6s
  Train: Loss 0.0537 | Prec 0.8967 | Rec 0.8255 | P@R0.9 0.7856
  Val  : Loss 0.0544 | Prec 0.8786 | Rec 0.7994 | P@R0.9 0.7094
Epoch 0063 | Time: 12.5s
  Train: Loss 0.0564 | Prec 0.9052 | Rec 0.8269 | P@R0.9 0.8091
  Val  : Loss 0.0554 | Prec 0.8890 | Rec 0.8046 | P@R0.9 0.7345
Epoch 0064 | Time: 12.5s
  Train: Loss 0.0521 | Prec 0.8869 | Rec 0.8358 | P@R0.9 0.7827
  Val  : Loss 0.0547 | Prec 0.8772 | Rec 0.8200 | P@R0.9 0.7436
Epoch 0065 | Time: 12.8s
  Train: Loss 0.0537 | Prec 0.9148 | Rec 0.8136 | P@R0.9 0.8042
  Val  : Loss 0.0549 | Prec 0.8984 | Rec 0.7889 | P@R0.9 0.7245
Epoch 0066 | Time: 12.8s
  Train: Loss 0.0531 | Prec 0.9055 | Rec 0.8208 | P@R0.9 0.7969
  Val  : Loss 0.0543 | Prec 0.8894 | Rec 0.7914 | P@R0.9 0.7148
Epoch 0067 | Time: 12.8s
  Train: Loss 0.0543 | Prec 0.9099 | Rec 0.8140 | P@R0.9 0.7926
  Val  : Loss 0.0547 | Prec 0.8952 | Rec 0.7944 | P@R0.9 0.7325
Epoch 0068 | Time: 12.8s
  Train: Loss 0.0539 | Prec 0.8981 | Rec 0.8212 | P@R0.9 0.7834
  Val  : Loss 0.0554 | Prec 0.8866 | Rec 0.8074 | P@R0.9 0.7369
Epoch 0069 | Time: 12.7s
  Train: Loss 0.0521 | Prec 0.8832 | Rec 0.8376 | P@R0.9 0.7832
  Val  : Loss 0.0542 | Prec 0.8761 | Rec 0.8238 | P@R0.9 0.7486
Epoch 0070 | Time: 12.7s
  Train: Loss 0.0525 | Prec 0.8844 | Rec 0.8445 | P@R0.9 0.7951
  Val  : Loss 0.0550 | Prec 0.8683 | Rec 0.8260 | P@R0.9 0.7358
Epoch 0071 | Time: 12.5s
  Train: Loss 0.0539 | Prec 0.9051 | Rec 0.8280 | P@R0.9 0.8087
  Val  : Loss 0.0541 | Prec 0.8871 | Rec 0.8058 | P@R0.9 0.7372
Epoch 0072 | Time: 12.7s
  Train: Loss 0.0538 | Prec 0.9003 | Rec 0.8327 | P@R0.9 0.8050
  Val  : Loss 0.0543 | Prec 0.8854 | Rec 0.8141 | P@R0.9 0.7482
Epoch 0073 | Time: 12.5s
  Train: Loss 0.0524 | Prec 0.9032 | Rec 0.8262 | P@R0.9 0.7990
  Val  : Loss 0.0541 | Prec 0.8875 | Rec 0.8071 | P@R0.9 0.7371
Epoch 0074 | Time: 12.6s
  Train: Loss 0.0507 | Prec 0.9043 | Rec 0.8201 | P@R0.9 0.7912
  Val  : Loss 0.0534 | Prec 0.8962 | Rec 0.8056 | P@R0.9 0.7557
Epoch 0075 | Time: 12.8s
  Train: Loss 0.0548 | Prec 0.9113 | Rec 0.8217 | P@R0.9 0.8128
  Val  : Loss 0.0534 | Prec 0.8922 | Rec 0.8043 | P@R0.9 0.7474
Epoch 0076 | Time: 12.7s
  Train: Loss 0.0534 | Prec 0.9123 | Rec 0.8221 | P@R0.9 0.8133
  Val  : Loss 0.0537 | Prec 0.8998 | Rec 0.8000 | P@R0.9 0.7521
Epoch 0077 | Time: 12.9s
  Train: Loss 0.0507 | Prec 0.8932 | Rec 0.8329 | P@R0.9 0.7951
  Val  : Loss 0.0539 | Prec 0.8830 | Rec 0.8177 | P@R0.9 0.7508
Epoch 0078 | Time: 12.8s
  Train: Loss 0.0528 | Prec 0.9080 | Rec 0.8305 | P@R0.9 0.8157
  Val  : Loss 0.0526 | Prec 0.8890 | Rec 0.8069 | P@R0.9 0.7411
Epoch 0079 | Time: 12.5s
  Train: Loss 0.0523 | Prec 0.8851 | Rec 0.8564 | P@R0.9 0.8186
  Val  : Loss 0.0529 | Prec 0.8636 | Rec 0.8349 | P@R0.9 0.7473
Epoch 0080 | Time: 12.6s
  Train: Loss 0.0499 | Prec 0.8886 | Rec 0.8408 | P@R0.9 0.7946
  Val  : Loss 0.0533 | Prec 0.8785 | Rec 0.8215 | P@R0.9 0.7470
Epoch 0081 | Time: 13.0s
  Train: Loss 0.0536 | Prec 0.8930 | Rec 0.8417 | P@R0.9 0.8042
  Val  : Loss 0.0548 | Prec 0.8765 | Rec 0.8225 | P@R0.9 0.7440
Epoch 0082 | Time: 12.6s
  Train: Loss 0.0537 | Prec 0.8916 | Rec 0.8486 | P@R0.9 0.8158
  Val  : Loss 0.0530 | Prec 0.8732 | Rec 0.8319 | P@R0.9 0.7575
Epoch 0083 | Time: 12.6s
  Train: Loss 0.0510 | Prec 0.8844 | Rec 0.8556 | P@R0.9 0.8133
  Val  : Loss 0.0535 | Prec 0.8683 | Rec 0.8434 | P@R0.9 0.7714
Epoch 0084 | Time: 12.4s
  Train: Loss 0.0514 | Prec 0.9057 | Rec 0.8302 | P@R0.9 0.8088
  Val  : Loss 0.0530 | Prec 0.8909 | Rec 0.8070 | P@R0.9 0.7403
Epoch 0085 | Time: 12.5s
  Train: Loss 0.0505 | Prec 0.9090 | Rec 0.8237 | P@R0.9 0.8047
  Val  : Loss 0.0523 | Prec 0.8989 | Rec 0.8043 | P@R0.9 0.7604
Epoch 0086 | Time: 12.9s
  Train: Loss 0.0520 | Prec 0.9106 | Rec 0.8261 | P@R0.9 0.8126
  Val  : Loss 0.0538 | Prec 0.8970 | Rec 0.8058 | P@R0.9 0.7546
Epoch 0087 | Time: 12.5s
  Train: Loss 0.0517 | Prec 0.9027 | Rec 0.8311 | P@R0.9 0.8081
  Val  : Loss 0.0527 | Prec 0.8893 | Rec 0.8168 | P@R0.9 0.7611
Epoch 0088 | Time: 12.7s
  Train: Loss 0.0521 | Prec 0.8899 | Rec 0.8523 | P@R0.9 0.8182
  Val  : Loss 0.0520 | Prec 0.8720 | Rec 0.8356 | P@R0.9 0.7617
Epoch 0089 | Time: 12.6s
  Train: Loss 0.0499 | Prec 0.9007 | Rec 0.8372 | P@R0.9 0.8105
  Val  : Loss 0.0525 | Prec 0.8906 | Rec 0.8228 | P@R0.9 0.7751
Epoch 0090 | Time: 12.8s
  Train: Loss 0.0518 | Prec 0.8862 | Rec 0.8595 | P@R0.9 0.8247
  Val  : Loss 0.0530 | Prec 0.8657 | Rec 0.8394 | P@R0.9 0.7568
Epoch 0091 | Time: 12.6s
  Train: Loss 0.0498 | Prec 0.9011 | Rec 0.8361 | P@R0.9 0.8077
  Val  : Loss 0.0514 | Prec 0.8858 | Rec 0.8161 | P@R0.9 0.7538
Epoch 0092 | Time: 12.9s
  Train: Loss 0.0516 | Prec 0.9125 | Rec 0.8299 | P@R0.9 0.8260
  Val  : Loss 0.0520 | Prec 0.8959 | Rec 0.8110 | P@R0.9 0.7623
Epoch 0093 | Time: 12.8s
  Train: Loss 0.0501 | Prec 0.9036 | Rec 0.8349 | P@R0.9 0.8135
  Val  : Loss 0.0520 | Prec 0.8900 | Rec 0.8112 | P@R0.9 0.7521
Epoch 0094 | Time: 12.7s
  Train: Loss 0.0514 | Prec 0.9026 | Rec 0.8329 | P@R0.9 0.8098
  Val  : Loss 0.0524 | Prec 0.8877 | Rec 0.8180 | P@R0.9 0.7582
Epoch 0095 | Time: 12.6s
  Train: Loss 0.0493 | Prec 0.9031 | Rec 0.8318 | P@R0.9 0.8035
  Val  : Loss 0.0519 | Prec 0.8934 | Rec 0.8156 | P@R0.9 0.7630
Epoch 0096 | Time: 12.6s
  Train: Loss 0.0500 | Prec 0.8998 | Rec 0.8408 | P@R0.9 0.8156
  Val  : Loss 0.0511 | Prec 0.8844 | Rec 0.8227 | P@R0.9 0.7604
Epoch 0097 | Time: 12.7s
  Train: Loss 0.0512 | Prec 0.9135 | Rec 0.8289 | P@R0.9 0.8262
  Val  : Loss 0.0524 | Prec 0.8986 | Rec 0.8100 | P@R0.9 0.7677
Epoch 0098 | Time: 12.6s
  Train: Loss 0.0502 | Prec 0.9080 | Rec 0.8410 | P@R0.9 0.8318
  Val  : Loss 0.0515 | Prec 0.8896 | Rec 0.8153 | P@R0.9 0.7566
Epoch 0099 | Time: 12.6s
  Train: Loss 0.0499 | Prec 0.9114 | Rec 0.8346 | P@R0.9 0.8262
  Val  : Loss 0.0515 | Prec 0.8953 | Rec 0.8120 | P@R0.9 0.7590
Epoch 0100 | Time: 12.5s
  Train: Loss 0.0503 | Prec 0.9045 | Rec 0.8476 | P@R0.9 0.8350
  Val  : Loss 0.0518 | Prec 0.8873 | Rec 0.8271 | P@R0.9 0.7721
Epoch 0101 | Time: 12.8s
  Train: Loss 0.0492 | Prec 0.9049 | Rec 0.8393 | P@R0.9 0.8249
  Val  : Loss 0.0513 | Prec 0.8911 | Rec 0.8152 | P@R0.9 0.7598
Epoch 0102 | Time: 12.7s
  Train: Loss 0.0504 | Prec 0.9031 | Rec 0.8426 | P@R0.9 0.8256
  Val  : Loss 0.0512 | Prec 0.8865 | Rec 0.8251 | P@R0.9 0.7676
Epoch 0103 | Time: 12.7s
  Train: Loss 0.0486 | Prec 0.9064 | Rec 0.8471 | P@R0.9 0.8357
  Val  : Loss 0.0508 | Prec 0.8897 | Rec 0.8203 | P@R0.9 0.7626
Epoch 0104 | Time: 12.6s
  Train: Loss 0.0510 | Prec 0.9027 | Rec 0.8472 | P@R0.9 0.8308
  Val  : Loss 0.0517 | Prec 0.8840 | Rec 0.8267 | P@R0.9 0.7630
Epoch 0105 | Time: 12.7s
  Train: Loss 0.0492 | Prec 0.8928 | Rec 0.8524 | P@R0.9 0.8222
  Val  : Loss 0.0515 | Prec 0.8740 | Rec 0.8344 | P@R0.9 0.7616
Epoch 0106 | Time: 12.6s
  Train: Loss 0.0499 | Prec 0.9073 | Rec 0.8405 | P@R0.9 0.8290
  Val  : Loss 0.0511 | Prec 0.8916 | Rec 0.8191 | P@R0.9 0.7700
Epoch 0107 | Time: 12.7s
  Train: Loss 0.0501 | Prec 0.9171 | Rec 0.8336 | P@R0.9 0.8354
  Val  : Loss 0.0503 | Prec 0.9010 | Rec 0.8099 | P@R0.9 0.7686
Epoch 0108 | Time: 12.6s
  Train: Loss 0.0499 | Prec 0.8953 | Rec 0.8561 | P@R0.9 0.8313
  Val  : Loss 0.0505 | Prec 0.8785 | Rec 0.8339 | P@R0.9 0.7697
Epoch 0109 | Time: 12.8s
  Train: Loss 0.0494 | Prec 0.9017 | Rec 0.8505 | P@R0.9 0.8359
  Val  : Loss 0.0519 | Prec 0.8852 | Rec 0.8312 | P@R0.9 0.7784
Epoch 0110 | Time: 12.5s
  Train: Loss 0.0513 | Prec 0.8998 | Rec 0.8499 | P@R0.9 0.8307
  Val  : Loss 0.0513 | Prec 0.8820 | Rec 0.8298 | P@R0.9 0.7678
Epoch 0111 | Time: 12.7s
  Train: Loss 0.0503 | Prec 0.9111 | Rec 0.8376 | P@R0.9 0.8317
  Val  : Loss 0.0511 | Prec 0.8964 | Rec 0.8223 | P@R0.9 0.7817
Epoch 0112 | Time: 12.7s
  Train: Loss 0.0498 | Prec 0.9053 | Rec 0.8464 | P@R0.9 0.8352
  Val  : Loss 0.0506 | Prec 0.8931 | Rec 0.8325 | P@R0.9 0.7944
Epoch 0113 | Time: 12.5s
  Train: Loss 0.0488 | Prec 0.9014 | Rec 0.8476 | P@R0.9 0.8283
  Val  : Loss 0.0503 | Prec 0.8870 | Rec 0.8319 | P@R0.9 0.7787
Epoch 0114 | Time: 12.6s
  Train: Loss 0.0478 | Prec 0.9140 | Rec 0.8290 | P@R0.9 0.8240
  Val  : Loss 0.0501 | Prec 0.9007 | Rec 0.8092 | P@R0.9 0.7668
Epoch 0115 | Time: 12.7s
  Train: Loss 0.0497 | Prec 0.9134 | Rec 0.8373 | P@R0.9 0.8359
  Val  : Loss 0.0503 | Prec 0.8952 | Rec 0.8109 | P@R0.9 0.7621
Epoch 0116 | Time: 12.6s
  Train: Loss 0.0494 | Prec 0.9058 | Rec 0.8468 | P@R0.9 0.8344
  Val  : Loss 0.0506 | Prec 0.8864 | Rec 0.8286 | P@R0.9 0.7727
Epoch 0117 | Time: 12.8s
  Train: Loss 0.0489 | Prec 0.9129 | Rec 0.8398 | P@R0.9 0.8384
  Val  : Loss 0.0499 | Prec 0.8973 | Rec 0.8199 | P@R0.9 0.7827
Epoch 0118 | Time: 12.7s
  Train: Loss 0.0488 | Prec 0.8983 | Rec 0.8517 | P@R0.9 0.8312
  Val  : Loss 0.0497 | Prec 0.8819 | Rec 0.8290 | P@R0.9 0.7680
Epoch 0119 | Time: 12.6s
  Train: Loss 0.0497 | Prec 0.9210 | Rec 0.8253 | P@R0.9 0.8340
  Val  : Loss 0.0499 | Prec 0.9067 | Rec 0.8072 | P@R0.9 0.7819
Epoch 0120 | Time: 12.7s
  Train: Loss 0.0480 | Prec 0.9059 | Rec 0.8400 | P@R0.9 0.8253
  Val  : Loss 0.0495 | Prec 0.8946 | Rec 0.8320 | P@R0.9 0.7974
Epoch 0121 | Time: 12.4s
  Train: Loss 0.0481 | Prec 0.9041 | Rec 0.8567 | P@R0.9 0.8444
  Val  : Loss 0.0508 | Prec 0.8866 | Rec 0.8391 | P@R0.9 0.7965
Epoch 0122 | Time: 12.7s
  Train: Loss 0.0486 | Prec 0.9070 | Rec 0.8441 | P@R0.9 0.8327
  Val  : Loss 0.0511 | Prec 0.8919 | Rec 0.8215 | P@R0.9 0.7692
Epoch 0123 | Time: 12.6s
  Train: Loss 0.0492 | Prec 0.9078 | Rec 0.8493 | P@R0.9 0.8441
  Val  : Loss 0.0494 | Prec 0.8892 | Rec 0.8252 | P@R0.9 0.7755
Epoch 0124 | Time: 12.6s
  Train: Loss 0.0487 | Prec 0.9033 | Rec 0.8494 | P@R0.9 0.8354
  Val  : Loss 0.0504 | Prec 0.8865 | Rec 0.8309 | P@R0.9 0.7792
Epoch 0125 | Time: 12.5s
  Train: Loss 0.0483 | Prec 0.9084 | Rec 0.8471 | P@R0.9 0.8407
  Val  : Loss 0.0492 | Prec 0.8922 | Rec 0.8282 | P@R0.9 0.7832
Epoch 0126 | Time: 12.7s
  Train: Loss 0.0490 | Prec 0.9140 | Rec 0.8400 | P@R0.9 0.8411
  Val  : Loss 0.0497 | Prec 0.8960 | Rec 0.8167 | P@R0.9 0.7757
Epoch 0127 | Time: 12.7s
  Train: Loss 0.0490 | Prec 0.8945 | Rec 0.8568 | P@R0.9 0.8332
  Val  : Loss 0.0502 | Prec 0.8795 | Rec 0.8369 | P@R0.9 0.7746
Epoch 0128 | Time: 12.8s
  Train: Loss 0.0477 | Prec 0.9062 | Rec 0.8537 | P@R0.9 0.8471
  Val  : Loss 0.0491 | Prec 0.8861 | Rec 0.8343 | P@R0.9 0.7838
Epoch 0129 | Time: 12.7s
  Train: Loss 0.0489 | Prec 0.9032 | Rec 0.8510 | P@R0.9 0.8386
  Val  : Loss 0.0499 | Prec 0.8875 | Rec 0.8318 | P@R0.9 0.7809
Epoch 0130 | Time: 12.7s
  Train: Loss 0.0473 | Prec 0.8985 | Rec 0.8541 | P@R0.9 0.8355
  Val  : Loss 0.0499 | Prec 0.8848 | Rec 0.8385 | P@R0.9 0.7881
Epoch 0131 | Time: 12.9s
  Train: Loss 0.0466 | Prec 0.8989 | Rec 0.8534 | P@R0.9 0.8316
  Val  : Loss 0.0497 | Prec 0.8873 | Rec 0.8378 | P@R0.9 0.7943
Epoch 0132 | Time: 12.8s
  Train: Loss 0.0483 | Prec 0.9096 | Rec 0.8508 | P@R0.9 0.8490
  Val  : Loss 0.0490 | Prec 0.8912 | Rec 0.8333 | P@R0.9 0.7906
Epoch 0133 | Time: 12.6s
  Train: Loss 0.0473 | Prec 0.9146 | Rec 0.8424 | P@R0.9 0.8436
  Val  : Loss 0.0492 | Prec 0.9009 | Rec 0.8201 | P@R0.9 0.7897
Epoch 0134 | Time: 12.6s
  Train: Loss 0.0475 | Prec 0.9047 | Rec 0.8526 | P@R0.9 0.8403
  Val  : Loss 0.0498 | Prec 0.8907 | Rec 0.8367 | P@R0.9 0.7966
Epoch 0135 | Time: 12.8s
  Train: Loss 0.0468 | Prec 0.9076 | Rec 0.8385 | P@R0.9 0.8249
  Val  : Loss 0.0487 | Prec 0.8986 | Rec 0.8290 | P@R0.9 0.8011
Epoch 0136 | Time: 12.8s
  Train: Loss 0.0471 | Prec 0.9004 | Rec 0.8538 | P@R0.9 0.8376
  Val  : Loss 0.0487 | Prec 0.8834 | Rec 0.8362 | P@R0.9 0.7825
Epoch 0137 | Time: 12.8s
  Train: Loss 0.0460 | Prec 0.9036 | Rec 0.8432 | P@R0.9 0.8272
  Val  : Loss 0.0477 | Prec 0.8914 | Rec 0.8294 | P@R0.9 0.7852
Epoch 0138 | Time: 13.0s
  Train: Loss 0.0471 | Prec 0.9008 | Rec 0.8520 | P@R0.9 0.8372
  Val  : Loss 0.0485 | Prec 0.8881 | Rec 0.8355 | P@R0.9 0.7910
Epoch 0139 | Time: 12.9s
  Train: Loss 0.0470 | Prec 0.9145 | Rec 0.8438 | P@R0.9 0.8455
  Val  : Loss 0.0501 | Prec 0.9006 | Rec 0.8233 | P@R0.9 0.7911
Epoch 0140 | Time: 12.6s
  Train: Loss 0.0480 | Prec 0.9090 | Rec 0.8496 | P@R0.9 0.8451
  Val  : Loss 0.0492 | Prec 0.8934 | Rec 0.8304 | P@R0.9 0.7914
Epoch 0141 | Time: 12.7s
  Train: Loss 0.0492 | Prec 0.9003 | Rec 0.8592 | P@R0.9 0.8467
  Val  : Loss 0.0490 | Prec 0.8812 | Rec 0.8416 | P@R0.9 0.7932
Epoch 0142 | Time: 12.8s
  Train: Loss 0.0484 | Prec 0.9125 | Rec 0.8497 | P@R0.9 0.8507
  Val  : Loss 0.0486 | Prec 0.8970 | Rec 0.8333 | P@R0.9 0.8049
Epoch 0143 | Time: 12.7s
  Train: Loss 0.0482 | Prec 0.9119 | Rec 0.8475 | P@R0.9 0.8482
  Val  : Loss 0.0498 | Prec 0.8973 | Rec 0.8294 | P@R0.9 0.7936
Epoch 0144 | Time: 12.7s
  Train: Loss 0.0470 | Prec 0.9139 | Rec 0.8469 | P@R0.9 0.8495
  Val  : Loss 0.0491 | Prec 0.8980 | Rec 0.8257 | P@R0.9 0.7921
Epoch 0145 | Time: 12.7s
  Train: Loss 0.0473 | Prec 0.8931 | Rec 0.8695 | P@R0.9 0.8500
  Val  : Loss 0.0502 | Prec 0.8768 | Rec 0.8509 | P@R0.9 0.7969
Epoch 0146 | Time: 12.7s
  Train: Loss 0.0472 | Prec 0.9051 | Rec 0.8594 | P@R0.9 0.8541
  Val  : Loss 0.0488 | Prec 0.8839 | Rec 0.8368 | P@R0.9 0.7828
Epoch 0147 | Time: 12.5s
  Train: Loss 0.0474 | Prec 0.9106 | Rec 0.8508 | P@R0.9 0.8514
  Val  : Loss 0.0490 | Prec 0.8948 | Rec 0.8334 | P@R0.9 0.7962
Epoch 0148 | Time: 12.5s
  Train: Loss 0.0466 | Prec 0.9001 | Rec 0.8552 | P@R0.9 0.8395
  Val  : Loss 0.0497 | Prec 0.8836 | Rec 0.8365 | P@R0.9 0.7846
Epoch 0149 | Time: 12.7s
  Train: Loss 0.0474 | Prec 0.9119 | Rec 0.8405 | P@R0.9 0.8363
  Val  : Loss 0.0496 | Prec 0.8945 | Rec 0.8170 | P@R0.9 0.7764
Epoch 0150 | Time: 12.6s
  Train: Loss 0.0450 | Prec 0.8981 | Rec 0.8583 | P@R0.9 0.8396
  Val  : Loss 0.0488 | Prec 0.8855 | Rec 0.8467 | P@R0.9 0.8060
Epoch 0151 | Time: 12.7s
  Train: Loss 0.0451 | Prec 0.9110 | Rec 0.8457 | P@R0.9 0.8426
  Val  : Loss 0.0487 | Prec 0.9001 | Rec 0.8261 | P@R0.9 0.7961
Epoch 0152 | Time: 12.8s
  Train: Loss 0.0474 | Prec 0.9123 | Rec 0.8511 | P@R0.9 0.8524
  Val  : Loss 0.0489 | Prec 0.8938 | Rec 0.8312 | P@R0.9 0.7931
Epoch 0153 | Time: 12.5s
  Train: Loss 0.0462 | Prec 0.9093 | Rec 0.8524 | P@R0.9 0.8479
  Val  : Loss 0.0481 | Prec 0.8948 | Rec 0.8382 | P@R0.9 0.8075
Epoch 0154 | Time: 12.7s
  Train: Loss 0.0478 | Prec 0.9029 | Rec 0.8614 | P@R0.9 0.8539
  Val  : Loss 0.0485 | Prec 0.8853 | Rec 0.8419 | P@R0.9 0.7964
Epoch 0155 | Time: 12.7s
  Train: Loss 0.0472 | Prec 0.9047 | Rec 0.8536 | P@R0.9 0.8445
  Val  : Loss 0.0481 | Prec 0.8862 | Rec 0.8389 | P@R0.9 0.7957
Epoch 0156 | Time: 12.8s
  Train: Loss 0.0468 | Prec 0.9167 | Rec 0.8508 | P@R0.9 0.8611
  Val  : Loss 0.0482 | Prec 0.9012 | Rec 0.8314 | P@R0.9 0.8085
Epoch 0157 | Time: 12.5s
  Train: Loss 0.0467 | Prec 0.9101 | Rec 0.8551 | P@R0.9 0.8563
  Val  : Loss 0.0487 | Prec 0.8944 | Rec 0.8361 | P@R0.9 0.8055
Epoch 0158 | Time: 12.5s
  Train: Loss 0.0462 | Prec 0.9091 | Rec 0.8549 | P@R0.9 0.8542
  Val  : Loss 0.0481 | Prec 0.8955 | Rec 0.8394 | P@R0.9 0.8126
Epoch 0159 | Time: 12.8s
  Train: Loss 0.0481 | Prec 0.9103 | Rec 0.8506 | P@R0.9 0.8517
  Val  : Loss 0.0486 | Prec 0.8962 | Rec 0.8382 | P@R0.9 0.8126
Epoch 0160 | Time: 12.7s
  Train: Loss 0.0467 | Prec 0.9125 | Rec 0.8387 | P@R0.9 0.8374
  Val  : Loss 0.0474 | Prec 0.9003 | Rec 0.8235 | P@R0.9 0.7978
Epoch 0161 | Time: 12.9s
  Train: Loss 0.0464 | Prec 0.9093 | Rec 0.8615 | P@R0.9 0.8615
  Val  : Loss 0.0480 | Prec 0.8911 | Rec 0.8430 | P@R0.9 0.8078
Epoch 0162 | Time: 12.6s
  Train: Loss 0.0470 | Prec 0.9085 | Rec 0.8580 | P@R0.9 0.8575
  Val  : Loss 0.0487 | Prec 0.8907 | Rec 0.8358 | P@R0.9 0.7962
Epoch 0163 | Time: 12.7s
  Train: Loss 0.0476 | Prec 0.9101 | Rec 0.8579 | P@R0.9 0.8608
  Val  : Loss 0.0483 | Prec 0.8939 | Rec 0.8345 | P@R0.9 0.7993
Epoch 0164 | Time: 12.6s
  Train: Loss 0.0463 | Prec 0.9053 | Rec 0.8596 | P@R0.9 0.8543
  Val  : Loss 0.0482 | Prec 0.8896 | Rec 0.8464 | P@R0.9 0.8130
Epoch 0165 | Time: 12.7s
  Train: Loss 0.0470 | Prec 0.9156 | Rec 0.8545 | P@R0.9 0.8646
  Val  : Loss 0.0489 | Prec 0.8998 | Rec 0.8318 | P@R0.9 0.8093
Epoch 0166 | Time: 12.8s
  Train: Loss 0.0474 | Prec 0.9080 | Rec 0.8625 | P@R0.9 0.8627
  Val  : Loss 0.0474 | Prec 0.8871 | Rec 0.8410 | P@R0.9 0.8008
Epoch 0167 | Time: 12.4s
  Train: Loss 0.0467 | Prec 0.8939 | Rec 0.8681 | P@R0.9 0.8494
  Val  : Loss 0.0482 | Prec 0.8759 | Rec 0.8498 | P@R0.9 0.7951
Epoch 0168 | Time: 12.8s
  Train: Loss 0.0460 | Prec 0.9161 | Rec 0.8516 | P@R0.9 0.8612
  Val  : Loss 0.0479 | Prec 0.8999 | Rec 0.8340 | P@R0.9 0.8120
Epoch 0169 | Time: 12.7s
  Train: Loss 0.0459 | Prec 0.9018 | Rec 0.8613 | P@R0.9 0.8522
  Val  : Loss 0.0484 | Prec 0.8861 | Rec 0.8439 | P@R0.9 0.8005
Epoch 0170 | Time: 12.8s
  Train: Loss 0.0452 | Prec 0.9061 | Rec 0.8617 | P@R0.9 0.8589
  Val  : Loss 0.0472 | Prec 0.8884 | Rec 0.8455 | P@R0.9 0.8105
Epoch 0171 | Time: 12.6s
  Train: Loss 0.0470 | Prec 0.9133 | Rec 0.8585 | P@R0.9 0.8648
  Val  : Loss 0.0481 | Prec 0.8964 | Rec 0.8386 | P@R0.9 0.8127
Epoch 0172 | Time: 12.7s
  Train: Loss 0.0461 | Prec 0.9167 | Rec 0.8491 | P@R0.9 0.8595
  Val  : Loss 0.0482 | Prec 0.9015 | Rec 0.8359 | P@R0.9 0.8187
Epoch 0173 | Time: 12.6s
  Train: Loss 0.0455 | Prec 0.9046 | Rec 0.8629 | P@R0.9 0.8558
  Val  : Loss 0.0479 | Prec 0.8902 | Rec 0.8465 | P@R0.9 0.8119
Epoch 0174 | Time: 12.8s
  Train: Loss 0.0445 | Prec 0.9209 | Rec 0.8453 | P@R0.9 0.8581
  Val  : Loss 0.0477 | Prec 0.9072 | Rec 0.8277 | P@R0.9 0.8139
Epoch 0175 | Time: 12.7s
  Train: Loss 0.0459 | Prec 0.9142 | Rec 0.8503 | P@R0.9 0.8543
  Val  : Loss 0.0481 | Prec 0.9031 | Rec 0.8317 | P@R0.9 0.8136
Epoch 0176 | Time: 12.9s
  Train: Loss 0.0452 | Prec 0.9127 | Rec 0.8533 | P@R0.9 0.8567
  Val  : Loss 0.0468 | Prec 0.8978 | Rec 0.8325 | P@R0.9 0.8035
Epoch 0177 | Time: 12.8s
  Train: Loss 0.0449 | Prec 0.9150 | Rec 0.8607 | P@R0.9 0.8706
  Val  : Loss 0.0467 | Prec 0.8948 | Rec 0.8325 | P@R0.9 0.7974
Epoch 0178 | Time: 12.7s
  Train: Loss 0.0445 | Prec 0.9143 | Rec 0.8529 | P@R0.9 0.8593
  Val  : Loss 0.0470 | Prec 0.8984 | Rec 0.8313 | P@R0.9 0.8027
Epoch 0179 | Time: 12.5s
  Train: Loss 0.0455 | Prec 0.9062 | Rec 0.8593 | P@R0.9 0.8549
  Val  : Loss 0.0470 | Prec 0.8898 | Rec 0.8401 | P@R0.9 0.8043
Epoch 0180 | Time: 12.9s
  Train: Loss 0.0453 | Prec 0.9115 | Rec 0.8588 | P@R0.9 0.8629
  Val  : Loss 0.0476 | Prec 0.8971 | Rec 0.8367 | P@R0.9 0.8083
Epoch 0181 | Time: 12.7s
  Train: Loss 0.0454 | Prec 0.9131 | Rec 0.8576 | P@R0.9 0.8631
  Val  : Loss 0.0467 | Prec 0.8950 | Rec 0.8380 | P@R0.9 0.8059
Epoch 0182 | Time: 12.5s
  Train: Loss 0.0441 | Prec 0.9118 | Rec 0.8602 | P@R0.9 0.8650
  Val  : Loss 0.0476 | Prec 0.8959 | Rec 0.8407 | P@R0.9 0.8152
Epoch 0183 | Time: 12.6s
  Train: Loss 0.0444 | Prec 0.9165 | Rec 0.8469 | P@R0.9 0.8536
  Val  : Loss 0.0472 | Prec 0.9030 | Rec 0.8262 | P@R0.9 0.8037
Epoch 0184 | Time: 12.8s
  Train: Loss 0.0467 | Prec 0.9212 | Rec 0.8546 | P@R0.9 0.8725
  Val  : Loss 0.0469 | Prec 0.9010 | Rec 0.8285 | P@R0.9 0.8030
Epoch 0185 | Time: 12.8s
  Train: Loss 0.0462 | Prec 0.9085 | Rec 0.8640 | P@R0.9 0.8659
  Val  : Loss 0.0472 | Prec 0.8924 | Rec 0.8421 | P@R0.9 0.8094
Epoch 0186 | Time: 12.7s
  Train: Loss 0.0450 | Prec 0.9119 | Rec 0.8557 | P@R0.9 0.8579
  Val  : Loss 0.0469 | Prec 0.9007 | Rec 0.8404 | P@R0.9 0.8196
Epoch 0187 | Time: 12.9s
  Train: Loss 0.0457 | Prec 0.9202 | Rec 0.8488 | P@R0.9 0.8630
  Val  : Loss 0.0472 | Prec 0.9043 | Rec 0.8287 | P@R0.9 0.8083
Epoch 0188 | Time: 12.6s
  Train: Loss 0.0449 | Prec 0.9129 | Rec 0.8552 | P@R0.9 0.8601
  Val  : Loss 0.0469 | Prec 0.8984 | Rec 0.8344 | P@R0.9 0.8065
Epoch 0189 | Time: 12.9s
  Train: Loss 0.0457 | Prec 0.9032 | Rec 0.8743 | P@R0.9 0.8728
  Val  : Loss 0.0462 | Prec 0.8809 | Rec 0.8515 | P@R0.9 0.8053
Epoch 0190 | Time: 12.5s
  Train: Loss 0.0443 | Prec 0.9085 | Rec 0.8667 | P@R0.9 0.8678
  Val  : Loss 0.0476 | Prec 0.8921 | Rec 0.8458 | P@R0.9 0.8142
Epoch 0191 | Time: 12.7s
  Train: Loss 0.0441 | Prec 0.9081 | Rec 0.8576 | P@R0.9 0.8562
  Val  : Loss 0.0468 | Prec 0.8945 | Rec 0.8378 | P@R0.9 0.8070
Epoch 0192 | Time: 12.9s
  Train: Loss 0.0456 | Prec 0.9169 | Rec 0.8572 | P@R0.9 0.8699
  Val  : Loss 0.0459 | Prec 0.8986 | Rec 0.8366 | P@R0.9 0.8104
Epoch 0193 | Time: 12.7s
  Train: Loss 0.0453 | Prec 0.9152 | Rec 0.8602 | P@R0.9 0.8701
  Val  : Loss 0.0466 | Prec 0.8963 | Rec 0.8365 | P@R0.9 0.8065
Epoch 0194 | Time: 12.4s
  Train: Loss 0.0473 | Prec 0.9139 | Rec 0.8581 | P@R0.9 0.8655
  Val  : Loss 0.0468 | Prec 0.8959 | Rec 0.8418 | P@R0.9 0.8129
Epoch 0195 | Time: 12.7s
  Train: Loss 0.0452 | Prec 0.9101 | Rec 0.8602 | P@R0.9 0.8623
  Val  : Loss 0.0459 | Prec 0.8944 | Rec 0.8446 | P@R0.9 0.8172
Epoch 0196 | Time: 12.7s
  Train: Loss 0.0468 | Prec 0.9153 | Rec 0.8635 | P@R0.9 0.8766
  Val  : Loss 0.0458 | Prec 0.8963 | Rec 0.8415 | P@R0.9 0.8151
Epoch 0197 | Time: 12.6s
  Train: Loss 0.0441 | Prec 0.9011 | Rec 0.8711 | P@R0.9 0.8633
  Val  : Loss 0.0468 | Prec 0.8847 | Rec 0.8542 | P@R0.9 0.8173
Epoch 0198 | Time: 12.7s
  Train: Loss 0.0447 | Prec 0.9028 | Rec 0.8747 | P@R0.9 0.8721
  Val  : Loss 0.0470 | Prec 0.8852 | Rec 0.8570 | P@R0.9 0.8216
Epoch 0199 | Time: 12.7s
  Train: Loss 0.0449 | Prec 0.9095 | Rec 0.8642 | P@R0.9 0.8675
  Val  : Loss 0.0467 | Prec 0.8938 | Rec 0.8441 | P@R0.9 0.8158
Epoch 0200 | Time: 12.7s
  Train: Loss 0.0435 | Prec 0.9088 | Rec 0.8675 | P@R0.9 0.8699
  Val  : Loss 0.0458 | Prec 0.8928 | Rec 0.8505 | P@R0.9 0.8246
Epoch 0201 | Time: 12.7s
  Train: Loss 0.0453 | Prec 0.9181 | Rec 0.8546 | P@R0.9 0.8663
  Val  : Loss 0.0462 | Prec 0.9034 | Rec 0.8361 | P@R0.9 0.8182
Epoch 0202 | Time: 12.8s
  Train: Loss 0.0438 | Prec 0.9096 | Rec 0.8665 | P@R0.9 0.8699
  Val  : Loss 0.0457 | Prec 0.8956 | Rec 0.8449 | P@R0.9 0.8177
Epoch 0203 | Time: 12.6s
  Train: Loss 0.0455 | Prec 0.9138 | Rec 0.8629 | P@R0.9 0.8712
  Val  : Loss 0.0459 | Prec 0.8980 | Rec 0.8431 | P@R0.9 0.8190
Epoch 0204 | Time: 12.8s
  Train: Loss 0.0448 | Prec 0.9099 | Rec 0.8694 | P@R0.9 0.8734
  Val  : Loss 0.0461 | Prec 0.8928 | Rec 0.8535 | P@R0.9 0.8287
Epoch 0205 | Time: 12.7s
  Train: Loss 0.0434 | Prec 0.9035 | Rec 0.8683 | P@R0.9 0.8634
  Val  : Loss 0.0457 | Prec 0.8877 | Rec 0.8508 | P@R0.9 0.8172
Epoch 0206 | Time: 12.9s
  Train: Loss 0.0442 | Prec 0.9147 | Rec 0.8644 | P@R0.9 0.8749
  Val  : Loss 0.0459 | Prec 0.8987 | Rec 0.8450 | P@R0.9 0.8246
Epoch 0207 | Time: 12.8s
  Train: Loss 0.0427 | Prec 0.9033 | Rec 0.8714 | P@R0.9 0.8677
  Val  : Loss 0.0464 | Prec 0.8882 | Rec 0.8540 | P@R0.9 0.8209
Epoch 0208 | Time: 12.8s
  Train: Loss 0.0434 | Prec 0.9187 | Rec 0.8590 | P@R0.9 0.8740
  Val  : Loss 0.0452 | Prec 0.9014 | Rec 0.8330 | P@R0.9 0.8111
Epoch 0209 | Time: 12.6s
  Train: Loss 0.0435 | Prec 0.9112 | Rec 0.8680 | P@R0.9 0.8740
  Val  : Loss 0.0459 | Prec 0.8922 | Rec 0.8484 | P@R0.9 0.8214
Epoch 0210 | Time: 12.6s
  Train: Loss 0.0452 | Prec 0.9088 | Rec 0.8655 | P@R0.9 0.8670
  Val  : Loss 0.0462 | Prec 0.8907 | Rec 0.8502 | P@R0.9 0.8194
Epoch 0211 | Time: 12.7s
  Train: Loss 0.0439 | Prec 0.9212 | Rec 0.8547 | P@R0.9 0.8730
  Val  : Loss 0.0450 | Prec 0.9046 | Rec 0.8367 | P@R0.9 0.8236
Epoch 0212 | Time: 12.7s
  Train: Loss 0.0443 | Prec 0.9101 | Rec 0.8662 | P@R0.9 0.8697
  Val  : Loss 0.0455 | Prec 0.8913 | Rec 0.8500 | P@R0.9 0.8220
Epoch 0213 | Time: 12.6s
  Train: Loss 0.0432 | Prec 0.9109 | Rec 0.8669 | P@R0.9 0.8710
  Val  : Loss 0.0456 | Prec 0.8940 | Rec 0.8505 | P@R0.9 0.8273
Epoch 0214 | Time: 12.7s
  Train: Loss 0.0427 | Prec 0.9124 | Rec 0.8636 | P@R0.9 0.8686
  Val  : Loss 0.0456 | Prec 0.8975 | Rec 0.8469 | P@R0.9 0.8245
Epoch 0215 | Time: 12.6s
  Train: Loss 0.0435 | Prec 0.9071 | Rec 0.8708 | P@R0.9 0.8724
  Val  : Loss 0.0467 | Prec 0.8942 | Rec 0.8551 | P@R0.9 0.8326
Epoch 0216 | Time: 12.6s
  Train: Loss 0.0428 | Prec 0.9136 | Rec 0.8700 | P@R0.9 0.8799
  Val  : Loss 0.0454 | Prec 0.8953 | Rec 0.8498 | P@R0.9 0.8265
Epoch 0217 | Time: 12.6s
  Train: Loss 0.0440 | Prec 0.9093 | Rec 0.8681 | P@R0.9 0.8729
  Val  : Loss 0.0468 | Prec 0.8925 | Rec 0.8456 | P@R0.9 0.8143
Epoch 0218 | Time: 12.6s
  Train: Loss 0.0443 | Prec 0.9183 | Rec 0.8624 | P@R0.9 0.8774
  Val  : Loss 0.0454 | Prec 0.8999 | Rec 0.8406 | P@R0.9 0.8199
Epoch 0219 | Time: 12.6s
  Train: Loss 0.0415 | Prec 0.9062 | Rec 0.8668 | P@R0.9 0.8638
  Val  : Loss 0.0458 | Prec 0.8949 | Rec 0.8485 | P@R0.9 0.8230
Epoch 0220 | Time: 12.9s
  Train: Loss 0.0429 | Prec 0.9225 | Rec 0.8466 | P@R0.9 0.8638
  Val  : Loss 0.0457 | Prec 0.9112 | Rec 0.8307 | P@R0.9 0.8262
Epoch 0221 | Time: 12.7s
  Train: Loss 0.0435 | Prec 0.9095 | Rec 0.8667 | P@R0.9 0.8709
  Val  : Loss 0.0456 | Prec 0.8941 | Rec 0.8512 | P@R0.9 0.8249
Epoch 0222 | Time: 12.7s
  Train: Loss 0.0442 | Prec 0.9192 | Rec 0.8665 | P@R0.9 0.8834
  Val  : Loss 0.0454 | Prec 0.8996 | Rec 0.8453 | P@R0.9 0.8285
Epoch 0223 | Time: 12.6s
  Train: Loss 0.0421 | Prec 0.9139 | Rec 0.8711 | P@R0.9 0.8816
  Val  : Loss 0.0452 | Prec 0.8971 | Rec 0.8507 | P@R0.9 0.8312
Epoch 0224 | Time: 12.7s
  Train: Loss 0.0429 | Prec 0.9148 | Rec 0.8666 | P@R0.9 0.8768
  Val  : Loss 0.0464 | Prec 0.9012 | Rec 0.8440 | P@R0.9 0.8269
Epoch 0225 | Time: 12.7s
  Train: Loss 0.0425 | Prec 0.9062 | Rec 0.8711 | P@R0.9 0.8692
  Val  : Loss 0.0459 | Prec 0.8904 | Rec 0.8523 | P@R0.9 0.8219
Epoch 0226 | Time: 12.8s
  Train: Loss 0.0431 | Prec 0.9214 | Rec 0.8646 | P@R0.9 0.8838
  Val  : Loss 0.0453 | Prec 0.9039 | Rec 0.8418 | P@R0.9 0.8277
Epoch 0227 | Time: 12.7s
  Train: Loss 0.0438 | Prec 0.9133 | Rec 0.8700 | P@R0.9 0.8795
  Val  : Loss 0.0456 | Prec 0.8939 | Rec 0.8464 | P@R0.9 0.8187
Epoch 0228 | Time: 12.7s
  Train: Loss 0.0428 | Prec 0.9117 | Rec 0.8719 | P@R0.9 0.8789
  Val  : Loss 0.0453 | Prec 0.8947 | Rec 0.8520 | P@R0.9 0.8287
Epoch 0229 | Time: 12.8s
  Train: Loss 0.0436 | Prec 0.9102 | Rec 0.8709 | P@R0.9 0.8758
  Val  : Loss 0.0455 | Prec 0.8921 | Rec 0.8500 | P@R0.9 0.8212
Epoch 0230 | Time: 12.7s
  Train: Loss 0.0413 | Prec 0.9185 | Rec 0.8675 | P@R0.9 0.8821
  Val  : Loss 0.0462 | Prec 0.9048 | Rec 0.8456 | P@R0.9 0.8368
Epoch 0231 | Time: 12.9s
  Train: Loss 0.0438 | Prec 0.9195 | Rec 0.8659 | P@R0.9 0.8831
  Val  : Loss 0.0455 | Prec 0.8988 | Rec 0.8412 | P@R0.9 0.8163
Epoch 0232 | Time: 12.6s
  Train: Loss 0.0434 | Prec 0.9208 | Rec 0.8637 | P@R0.9 0.8810
  Val  : Loss 0.0455 | Prec 0.9023 | Rec 0.8412 | P@R0.9 0.8253
Epoch 0233 | Time: 12.7s
  Train: Loss 0.0434 | Prec 0.9154 | Rec 0.8640 | P@R0.9 0.8749
  Val  : Loss 0.0451 | Prec 0.9003 | Rec 0.8467 | P@R0.9 0.8305
Epoch 0234 | Time: 12.7s
  Train: Loss 0.0431 | Prec 0.9151 | Rec 0.8722 | P@R0.9 0.8839
  Val  : Loss 0.0450 | Prec 0.8942 | Rec 0.8490 | P@R0.9 0.8232
Epoch 0235 | Time: 12.7s
  Train: Loss 0.0435 | Prec 0.9167 | Rec 0.8699 | P@R0.9 0.8833
  Val  : Loss 0.0452 | Prec 0.9012 | Rec 0.8509 | P@R0.9 0.8358
Epoch 0236 | Time: 12.7s
  Train: Loss 0.0426 | Prec 0.9143 | Rec 0.8644 | P@R0.9 0.8734
  Val  : Loss 0.0455 | Prec 0.8963 | Rec 0.8446 | P@R0.9 0.8189
Epoch 0237 | Time: 12.7s
  Train: Loss 0.0422 | Prec 0.9202 | Rec 0.8683 | P@R0.9 0.8862
  Val  : Loss 0.0454 | Prec 0.9044 | Rec 0.8446 | P@R0.9 0.8364
Epoch 0238 | Time: 12.7s
  Train: Loss 0.0440 | Prec 0.9173 | Rec 0.8604 | P@R0.9 0.8732
  Val  : Loss 0.0458 | Prec 0.9022 | Rec 0.8418 | P@R0.9 0.8247
Epoch 0239 | Time: 12.8s
  Train: Loss 0.0419 | Prec 0.9166 | Rec 0.8752 | P@R0.9 0.8893
  Val  : Loss 0.0450 | Prec 0.8993 | Rec 0.8532 | P@R0.9 0.8405
Epoch 0240 | Time: 12.5s
  Train: Loss 0.0422 | Prec 0.9229 | Rec 0.8634 | P@R0.9 0.8837
  Val  : Loss 0.0453 | Prec 0.9069 | Rec 0.8399 | P@R0.9 0.8305
Epoch 0241 | Time: 12.6s
  Train: Loss 0.0435 | Prec 0.9232 | Rec 0.8625 | P@R0.9 0.8847
  Val  : Loss 0.0455 | Prec 0.9081 | Rec 0.8413 | P@R0.9 0.8357
Epoch 0242 | Time: 12.7s
  Train: Loss 0.0430 | Prec 0.9144 | Rec 0.8725 | P@R0.9 0.8834
  Val  : Loss 0.0450 | Prec 0.8964 | Rec 0.8524 | P@R0.9 0.8331
Epoch 0243 | Time: 12.7s
  Train: Loss 0.0434 | Prec 0.9159 | Rec 0.8663 | P@R0.9 0.8780
  Val  : Loss 0.0457 | Prec 0.9034 | Rec 0.8509 | P@R0.9 0.8405
Epoch 0244 | Time: 12.8s
  Train: Loss 0.0429 | Prec 0.9173 | Rec 0.8687 | P@R0.9 0.8828
  Val  : Loss 0.0443 | Prec 0.9003 | Rec 0.8494 | P@R0.9 0.8323
Epoch 0245 | Time: 12.6s
  Train: Loss 0.0417 | Prec 0.9079 | Rec 0.8723 | P@R0.9 0.8744
  Val  : Loss 0.0453 | Prec 0.8950 | Rec 0.8570 | P@R0.9 0.8374
Epoch 0246 | Time: 12.8s
  Train: Loss 0.0433 | Prec 0.9179 | Rec 0.8738 | P@R0.9 0.8901
  Val  : Loss 0.0451 | Prec 0.9002 | Rec 0.8523 | P@R0.9 0.8366
Epoch 0247 | Time: 12.7s
  Train: Loss 0.0416 | Prec 0.9091 | Rec 0.8801 | P@R0.9 0.8857
  Val  : Loss 0.0451 | Prec 0.8882 | Rec 0.8554 | P@R0.9 0.8217
Epoch 0248 | Time: 12.4s
  Train: Loss 0.0427 | Prec 0.9172 | Rec 0.8673 | P@R0.9 0.8813
  Val  : Loss 0.0444 | Prec 0.8967 | Rec 0.8439 | P@R0.9 0.8182
Epoch 0249 | Time: 12.5s
  Train: Loss 0.0412 | Prec 0.9199 | Rec 0.8669 | P@R0.9 0.8841
  Val  : Loss 0.0449 | Prec 0.9053 | Rec 0.8490 | P@R0.9 0.8399
Epoch 0250 | Time: 12.8s
  Train: Loss 0.0421 | Prec 0.9077 | Rec 0.8709 | P@R0.9 0.8730
  Val  : Loss 0.0444 | Prec 0.8916 | Rec 0.8509 | P@R0.9 0.8233
Epoch 0251 | Time: 12.9s
  Train: Loss 0.0414 | Prec 0.9134 | Rec 0.8737 | P@R0.9 0.8833
  Val  : Loss 0.0439 | Prec 0.8980 | Rec 0.8515 | P@R0.9 0.8326
Epoch 0252 | Time: 12.7s
  Train: Loss 0.0435 | Prec 0.9160 | Rec 0.8716 | P@R0.9 0.8837
  Val  : Loss 0.0442 | Prec 0.8979 | Rec 0.8525 | P@R0.9 0.8330
Epoch 0253 | Time: 12.6s
  Train: Loss 0.0420 | Prec 0.9179 | Rec 0.8658 | P@R0.9 0.8802
  Val  : Loss 0.0445 | Prec 0.9028 | Rec 0.8470 | P@R0.9 0.8350
Epoch 0254 | Time: 12.5s
  Train: Loss 0.0419 | Prec 0.9168 | Rec 0.8750 | P@R0.9 0.8888
  Val  : Loss 0.0449 | Prec 0.8986 | Rec 0.8545 | P@R0.9 0.8371
Epoch 0255 | Time: 12.7s
  Train: Loss 0.0407 | Prec 0.9155 | Rec 0.8715 | P@R0.9 0.8839
  Val  : Loss 0.0447 | Prec 0.9009 | Rec 0.8499 | P@R0.9 0.8343
Epoch 0256 | Time: 12.9s
  Train: Loss 0.0413 | Prec 0.9172 | Rec 0.8679 | P@R0.9 0.8821
  Val  : Loss 0.0443 | Prec 0.9018 | Rec 0.8451 | P@R0.9 0.8286
Epoch 0257 | Time: 12.7s
  Train: Loss 0.0408 | Prec 0.9183 | Rec 0.8711 | P@R0.9 0.8870
  Val  : Loss 0.0444 | Prec 0.9014 | Rec 0.8490 | P@R0.9 0.8332
Epoch 0258 | Time: 12.5s
  Train: Loss 0.0427 | Prec 0.9174 | Rec 0.8703 | P@R0.9 0.8848
  Val  : Loss 0.0448 | Prec 0.9007 | Rec 0.8517 | P@R0.9 0.8362
Epoch 0259 | Time: 12.6s
  Train: Loss 0.0414 | Prec 0.9190 | Rec 0.8608 | P@R0.9 0.8753
  Val  : Loss 0.0444 | Prec 0.9077 | Rec 0.8491 | P@R0.9 0.8448
Epoch 0260 | Time: 12.8s
  Train: Loss 0.0407 | Prec 0.9062 | Rec 0.8786 | P@R0.9 0.8797
  Val  : Loss 0.0444 | Prec 0.8888 | Rec 0.8610 | P@R0.9 0.8304
Epoch 0261 | Time: 12.8s
  Train: Loss 0.0415 | Prec 0.9204 | Rec 0.8713 | P@R0.9 0.8895
  Val  : Loss 0.0446 | Prec 0.8999 | Rec 0.8468 | P@R0.9 0.8290
Epoch 0262 | Time: 12.6s
  Train: Loss 0.0422 | Prec 0.9154 | Rec 0.8705 | P@R0.9 0.8835
  Val  : Loss 0.0438 | Prec 0.8988 | Rec 0.8476 | P@R0.9 0.8256
Epoch 0263 | Time: 12.9s
  Train: Loss 0.0416 | Prec 0.9222 | Rec 0.8697 | P@R0.9 0.8921
  Val  : Loss 0.0450 | Prec 0.9030 | Rec 0.8475 | P@R0.9 0.8360
Epoch 0264 | Time: 12.5s
  Train: Loss 0.0422 | Prec 0.9110 | Rec 0.8823 | P@R0.9 0.8907
  Val  : Loss 0.0446 | Prec 0.8900 | Rec 0.8580 | P@R0.9 0.8297
Epoch 0265 | Time: 12.6s
  Train: Loss 0.0410 | Prec 0.9178 | Rec 0.8716 | P@R0.9 0.8852
  Val  : Loss 0.0449 | Prec 0.9052 | Rec 0.8527 | P@R0.9 0.8452
Epoch 0266 | Time: 12.8s
  Train: Loss 0.0425 | Prec 0.9155 | Rec 0.8754 | P@R0.9 0.8890
  Val  : Loss 0.0453 | Prec 0.8981 | Rec 0.8584 | P@R0.9 0.8422
Epoch 0267 | Time: 12.7s
  Train: Loss 0.0410 | Prec 0.9082 | Rec 0.8726 | P@R0.9 0.8742
  Val  : Loss 0.0448 | Prec 0.8979 | Rec 0.8574 | P@R0.9 0.8428
Epoch 0268 | Time: 12.8s
  Train: Loss 0.0406 | Prec 0.9239 | Rec 0.8680 | P@R0.9 0.8913
  Val  : Loss 0.0443 | Prec 0.9066 | Rec 0.8458 | P@R0.9 0.8377
Epoch 0269 | Time: 12.8s
  Train: Loss 0.0415 | Prec 0.9288 | Rec 0.8633 | P@R0.9 0.8927
  Val  : Loss 0.0448 | Prec 0.9097 | Rec 0.8352 | P@R0.9 0.8272
Epoch 0270 | Time: 12.5s
  Train: Loss 0.0414 | Prec 0.9171 | Rec 0.8696 | P@R0.9 0.8825
  Val  : Loss 0.0451 | Prec 0.9023 | Rec 0.8505 | P@R0.9 0.8371
Epoch 0271 | Time: 12.8s
  Train: Loss 0.0408 | Prec 0.9223 | Rec 0.8648 | P@R0.9 0.8832
  Val  : Loss 0.0447 | Prec 0.9103 | Rec 0.8431 | P@R0.9 0.8397
Epoch 0272 | Time: 12.7s
  Train: Loss 0.0414 | Prec 0.9204 | Rec 0.8667 | P@R0.9 0.8842
  Val  : Loss 0.0443 | Prec 0.9076 | Rec 0.8434 | P@R0.9 0.8347
Epoch 0273 | Time: 12.9s
  Train: Loss 0.0421 | Prec 0.9194 | Rec 0.8680 | P@R0.9 0.8847
  Val  : Loss 0.0446 | Prec 0.9026 | Rec 0.8490 | P@R0.9 0.8368
Epoch 0274 | Time: 12.7s
  Train: Loss 0.0405 | Prec 0.9121 | Rec 0.8752 | P@R0.9 0.8845
  Val  : Loss 0.0442 | Prec 0.8989 | Rec 0.8537 | P@R0.9 0.8361
Epoch 0275 | Time: 12.8s
  Train: Loss 0.0417 | Prec 0.9195 | Rec 0.8735 | P@R0.9 0.8913
  Val  : Loss 0.0442 | Prec 0.9024 | Rec 0.8540 | P@R0.9 0.8428
Epoch 0276 | Time: 12.6s
  Train: Loss 0.0412 | Prec 0.9159 | Rec 0.8800 | P@R0.9 0.8937
  Val  : Loss 0.0441 | Prec 0.8925 | Rec 0.8533 | P@R0.9 0.8291
Epoch 0277 | Time: 12.5s
  Train: Loss 0.0420 | Prec 0.9185 | Rec 0.8719 | P@R0.9 0.8880
  Val  : Loss 0.0452 | Prec 0.9018 | Rec 0.8521 | P@R0.9 0.8359
Epoch 0278 | Time: 12.7s
  Train: Loss 0.0430 | Prec 0.9129 | Rec 0.8767 | P@R0.9 0.8862
  Val  : Loss 0.0445 | Prec 0.8985 | Rec 0.8600 | P@R0.9 0.8443
Epoch 0279 | Time: 12.7s
  Train: Loss 0.0412 | Prec 0.9151 | Rec 0.8809 | P@R0.9 0.8935
  Val  : Loss 0.0433 | Prec 0.8956 | Rec 0.8602 | P@R0.9 0.8405
Epoch 0280 | Time: 12.6s
  Train: Loss 0.0413 | Prec 0.9128 | Rec 0.8759 | P@R0.9 0.8859
  Val  : Loss 0.0442 | Prec 0.8983 | Rec 0.8606 | P@R0.9 0.8464
Epoch 0281 | Time: 12.5s
  Train: Loss 0.0408 | Prec 0.9256 | Rec 0.8633 | P@R0.9 0.8878
  Val  : Loss 0.0441 | Prec 0.9110 | Rec 0.8453 | P@R0.9 0.8441
Epoch 0282 | Time: 12.5s
  Train: Loss 0.0414 | Prec 0.9196 | Rec 0.8736 | P@R0.9 0.8910
  Val  : Loss 0.0439 | Prec 0.9009 | Rec 0.8535 | P@R0.9 0.8397
Epoch 0283 | Time: 12.7s
  Train: Loss 0.0431 | Prec 0.9114 | Rec 0.8760 | P@R0.9 0.8836
  Val  : Loss 0.0441 | Prec 0.8943 | Rec 0.8568 | P@R0.9 0.8332
Epoch 0284 | Time: 12.6s
  Train: Loss 0.0414 | Prec 0.9220 | Rec 0.8663 | P@R0.9 0.8887
  Val  : Loss 0.0435 | Prec 0.9066 | Rec 0.8497 | P@R0.9 0.8426
Epoch 0285 | Time: 12.7s
  Train: Loss 0.0416 | Prec 0.9136 | Rec 0.8753 | P@R0.9 0.8855
  Val  : Loss 0.0436 | Prec 0.8964 | Rec 0.8554 | P@R0.9 0.8356
Epoch 0286 | Time: 12.7s
  Train: Loss 0.0408 | Prec 0.9231 | Rec 0.8662 | P@R0.9 0.8867
  Val  : Loss 0.0432 | Prec 0.9075 | Rec 0.8460 | P@R0.9 0.8391
Epoch 0287 | Time: 12.6s
  Train: Loss 0.0405 | Prec 0.9203 | Rec 0.8732 | P@R0.9 0.8919
  Val  : Loss 0.0437 | Prec 0.9017 | Rec 0.8492 | P@R0.9 0.8341
Epoch 0288 | Time: 12.7s
  Train: Loss 0.0410 | Prec 0.9205 | Rec 0.8690 | P@R0.9 0.8873
  Val  : Loss 0.0440 | Prec 0.9054 | Rec 0.8496 | P@R0.9 0.8413
Epoch 0289 | Time: 12.8s
  Train: Loss 0.0406 | Prec 0.9211 | Rec 0.8700 | P@R0.9 0.8895
  Val  : Loss 0.0438 | Prec 0.9031 | Rec 0.8452 | P@R0.9 0.8326
Epoch 0290 | Time: 12.8s
  Train: Loss 0.0402 | Prec 0.9253 | Rec 0.8608 | P@R0.9 0.8855
  Val  : Loss 0.0438 | Prec 0.9105 | Rec 0.8387 | P@R0.9 0.8351
Epoch 0291 | Time: 12.7s
  Train: Loss 0.0405 | Prec 0.9205 | Rec 0.8712 | P@R0.9 0.8898
  Val  : Loss 0.0437 | Prec 0.9022 | Rec 0.8494 | P@R0.9 0.8364
Epoch 0292 | Time: 12.6s
  Train: Loss 0.0415 | Prec 0.9210 | Rec 0.8709 | P@R0.9 0.8899
  Val  : Loss 0.0439 | Prec 0.9037 | Rec 0.8517 | P@R0.9 0.8414
Epoch 0293 | Time: 12.7s
  Train: Loss 0.0430 | Prec 0.9166 | Rec 0.8789 | P@R0.9 0.8944
  Val  : Loss 0.0440 | Prec 0.8992 | Rec 0.8599 | P@R0.9 0.8464
Epoch 0294 | Time: 12.7s
  Train: Loss 0.0407 | Prec 0.9266 | Rec 0.8638 | P@R0.9 0.8886
  Val  : Loss 0.0438 | Prec 0.9126 | Rec 0.8413 | P@R0.9 0.8407
Epoch 0295 | Time: 12.6s
  Train: Loss 0.0415 | Prec 0.9134 | Rec 0.8776 | P@R0.9 0.8880
  Val  : Loss 0.0444 | Prec 0.9000 | Rec 0.8620 | P@R0.9 0.8500
Epoch 0296 | Time: 12.7s
  Train: Loss 0.0401 | Prec 0.9140 | Rec 0.8788 | P@R0.9 0.8899
  Val  : Loss 0.0432 | Prec 0.8940 | Rec 0.8560 | P@R0.9 0.8324
Epoch 0297 | Time: 12.8s
  Train: Loss 0.0409 | Prec 0.9240 | Rec 0.8713 | P@R0.9 0.8938
  Val  : Loss 0.0433 | Prec 0.9048 | Rec 0.8472 | P@R0.9 0.8366
Epoch 0298 | Time: 12.7s
  Train: Loss 0.0423 | Prec 0.9185 | Rec 0.8760 | P@R0.9 0.8936
  Val  : Loss 0.0437 | Prec 0.9002 | Rec 0.8562 | P@R0.9 0.8420
Epoch 0299 | Time: 12.5s
  Train: Loss 0.0393 | Prec 0.9114 | Rec 0.8764 | P@R0.9 0.8835
  Val  : Loss 0.0434 | Prec 0.8956 | Rec 0.8575 | P@R0.9 0.8375
Epoch 0300 | Time: 12.8s
  Train: Loss 0.0418 | Prec 0.9178 | Rec 0.8772 | P@R0.9 0.8941
  Val  : Loss 0.0433 | Prec 0.8996 | Rec 0.8531 | P@R0.9 0.8378
Epoch 0301 | Time: 12.6s
  Train: Loss 0.0412 | Prec 0.9220 | Rec 0.8767 | P@R0.9 0.8986
  Val  : Loss 0.0429 | Prec 0.9023 | Rec 0.8535 | P@R0.9 0.8428
Epoch 0302 | Time: 12.6s
  Train: Loss 0.0402 | Prec 0.9236 | Rec 0.8783 | P@R0.9 0.9014
  Val  : Loss 0.0439 | Prec 0.9059 | Rec 0.8524 | P@R0.9 0.8436
Epoch 0303 | Time: 12.8s
  Train: Loss 0.0413 | Prec 0.9190 | Rec 0.8756 | P@R0.9 0.8932
  Val  : Loss 0.0439 | Prec 0.9031 | Rec 0.8561 | P@R0.9 0.8455
Epoch 0304 | Time: 12.7s
  Train: Loss 0.0403 | Prec 0.9156 | Rec 0.8727 | P@R0.9 0.8850
  Val  : Loss 0.0442 | Prec 0.9017 | Rec 0.8561 | P@R0.9 0.8454
Epoch 0305 | Time: 12.5s
  Train: Loss 0.0405 | Prec 0.9170 | Rec 0.8746 | P@R0.9 0.8890
  Val  : Loss 0.0432 | Prec 0.8996 | Rec 0.8592 | P@R0.9 0.8450
Epoch 0306 | Time: 12.5s
  Train: Loss 0.0407 | Prec 0.9179 | Rec 0.8763 | P@R0.9 0.8927
  Val  : Loss 0.0437 | Prec 0.9020 | Rec 0.8601 | P@R0.9 0.8507
Epoch 0307 | Time: 12.6s
  Train: Loss 0.0398 | Prec 0.9229 | Rec 0.8735 | P@R0.9 0.8957
  Val  : Loss 0.0430 | Prec 0.9053 | Rec 0.8506 | P@R0.9 0.8399
Epoch 0308 | Time: 12.8s
  Train: Loss 0.0405 | Prec 0.9160 | Rec 0.8723 | P@R0.9 0.8853
  Val  : Loss 0.0447 | Prec 0.9039 | Rec 0.8542 | P@R0.9 0.8460
Epoch 0309 | Time: 12.8s
  Train: Loss 0.0406 | Prec 0.9219 | Rec 0.8756 | P@R0.9 0.8963
  Val  : Loss 0.0437 | Prec 0.9058 | Rec 0.8553 | P@R0.9 0.8489
Epoch 0310 | Time: 12.5s
  Train: Loss 0.0419 | Prec 0.9172 | Rec 0.8702 | P@R0.9 0.8851
  Val  : Loss 0.0432 | Prec 0.9036 | Rec 0.8544 | P@R0.9 0.8433
Epoch 0311 | Time: 12.7s
  Train: Loss 0.0407 | Prec 0.9177 | Rec 0.8806 | P@R0.9 0.8973
  Val  : Loss 0.0429 | Prec 0.9034 | Rec 0.8657 | P@R0.9 0.8604
Epoch 0312 | Time: 12.6s
  Train: Loss 0.0407 | Prec 0.9044 | Rec 0.8855 | P@R0.9 0.8860
  Val  : Loss 0.0444 | Prec 0.8875 | Rec 0.8714 | P@R0.9 0.8476
Epoch 0313 | Time: 12.6s
  Train: Loss 0.0408 | Prec 0.9150 | Rec 0.8757 | P@R0.9 0.8881
  Val  : Loss 0.0431 | Prec 0.8985 | Rec 0.8570 | P@R0.9 0.8420
Epoch 0314 | Time: 12.9s
  Train: Loss 0.0399 | Prec 0.9250 | Rec 0.8684 | P@R0.9 0.8922
  Val  : Loss 0.0439 | Prec 0.9100 | Rec 0.8488 | P@R0.9 0.8456
Epoch 0315 | Time: 12.7s
  Train: Loss 0.0415 | Prec 0.9173 | Rec 0.8783 | P@R0.9 0.8938
  Val  : Loss 0.0436 | Prec 0.8967 | Rec 0.8559 | P@R0.9 0.8338
Epoch 0316 | Time: 12.8s
  Train: Loss 0.0402 | Prec 0.9133 | Rec 0.8808 | P@R0.9 0.8921
  Val  : Loss 0.0433 | Prec 0.8990 | Rec 0.8640 | P@R0.9 0.8525
Epoch 0317 | Time: 13.0s
  Train: Loss 0.0403 | Prec 0.9160 | Rec 0.8713 | P@R0.9 0.8827
  Val  : Loss 0.0434 | Prec 0.9038 | Rec 0.8595 | P@R0.9 0.8510
Epoch 0318 | Time: 12.6s
  Train: Loss 0.0408 | Prec 0.9211 | Rec 0.8731 | P@R0.9 0.8923
  Val  : Loss 0.0428 | Prec 0.9039 | Rec 0.8575 | P@R0.9 0.8504
Epoch 0319 | Time: 12.7s
  Train: Loss 0.0406 | Prec 0.9179 | Rec 0.8702 | P@R0.9 0.8849
  Val  : Loss 0.0428 | Prec 0.9030 | Rec 0.8533 | P@R0.9 0.8425
Epoch 0320 | Time: 12.7s
  Train: Loss 0.0401 | Prec 0.9227 | Rec 0.8747 | P@R0.9 0.8962
  Val  : Loss 0.0429 | Prec 0.9082 | Rec 0.8571 | P@R0.9 0.8567
Epoch 0321 | Time: 12.8s
  Train: Loss 0.0412 | Prec 0.9197 | Rec 0.8779 | P@R0.9 0.8961
  Val  : Loss 0.0440 | Prec 0.9033 | Rec 0.8569 | P@R0.9 0.8481
Epoch 0322 | Time: 12.6s
  Train: Loss 0.0408 | Prec 0.9186 | Rec 0.8757 | P@R0.9 0.8931
  Val  : Loss 0.0431 | Prec 0.9046 | Rec 0.8603 | P@R0.9 0.8543
Epoch 0323 | Time: 12.5s
  Train: Loss 0.0405 | Prec 0.9203 | Rec 0.8784 | P@R0.9 0.8976
  Val  : Loss 0.0433 | Prec 0.9025 | Rec 0.8562 | P@R0.9 0.8452
Epoch 0324 | Time: 12.7s
  Train: Loss 0.0392 | Prec 0.9099 | Rec 0.8798 | P@R0.9 0.8857
  Val  : Loss 0.0434 | Prec 0.8966 | Rec 0.8675 | P@R0.9 0.8530
Epoch 0325 | Time: 12.8s
  Train: Loss 0.0397 | Prec 0.9206 | Rec 0.8692 | P@R0.9 0.8877
  Val  : Loss 0.0434 | Prec 0.9069 | Rec 0.8510 | P@R0.9 0.8457
Epoch 0326 | Time: 12.7s
  Train: Loss 0.0401 | Prec 0.9188 | Rec 0.8775 | P@R0.9 0.8946
  Val  : Loss 0.0429 | Prec 0.9008 | Rec 0.8564 | P@R0.9 0.8433
Epoch 0327 | Time: 12.4s
  Train: Loss 0.0397 | Prec 0.9197 | Rec 0.8777 | P@R0.9 0.8959
  Val  : Loss 0.0435 | Prec 0.9040 | Rec 0.8580 | P@R0.9 0.8500
Epoch 0328 | Time: 12.7s
  Train: Loss 0.0394 | Prec 0.9216 | Rec 0.8796 | P@R0.9 0.8995
  Val  : Loss 0.0433 | Prec 0.9009 | Rec 0.8524 | P@R0.9 0.8397
Epoch 0329 | Time: 12.7s
  Train: Loss 0.0411 | Prec 0.9130 | Rec 0.8886 | P@R0.9 0.9008
  Val  : Loss 0.0438 | Prec 0.8917 | Rec 0.8649 | P@R0.9 0.8432
Epoch 0330 | Time: 12.7s
  Train: Loss 0.0414 | Prec 0.9134 | Rec 0.8866 | P@R0.9 0.8987
  Val  : Loss 0.0438 | Prec 0.8933 | Rec 0.8680 | P@R0.9 0.8505
Epoch 0331 | Time: 12.9s
  Train: Loss 0.0396 | Prec 0.9249 | Rec 0.8762 | P@R0.9 0.9015
  Val  : Loss 0.0430 | Prec 0.9093 | Rec 0.8545 | P@R0.9 0.8540
Epoch 0332 | Time: 12.5s
  Train: Loss 0.0410 | Prec 0.9254 | Rec 0.8750 | P@R0.9 0.9004
  Val  : Loss 0.0429 | Prec 0.9056 | Rec 0.8494 | P@R0.9 0.8396
Epoch 0333 | Time: 12.7s
  Train: Loss 0.0387 | Prec 0.9075 | Rec 0.8843 | P@R0.9 0.8882
  Val  : Loss 0.0431 | Prec 0.8911 | Rec 0.8656 | P@R0.9 0.8429
Epoch 0334 | Time: 13.0s
  Train: Loss 0.0404 | Prec 0.9223 | Rec 0.8732 | P@R0.9 0.8941
  Val  : Loss 0.0429 | Prec 0.9048 | Rec 0.8493 | P@R0.9 0.8405
Epoch 0335 | Time: 12.7s
  Train: Loss 0.0404 | Prec 0.9070 | Rec 0.8843 | P@R0.9 0.8879
  Val  : Loss 0.0435 | Prec 0.8890 | Rec 0.8697 | P@R0.9 0.8465
Epoch 0336 | Time: 12.6s
  Train: Loss 0.0389 | Prec 0.9158 | Rec 0.8819 | P@R0.9 0.8958
  Val  : Loss 0.0427 | Prec 0.8981 | Rec 0.8634 | P@R0.9 0.8483
Epoch 0337 | Time: 12.7s
  Train: Loss 0.0403 | Prec 0.9164 | Rec 0.8801 | P@R0.9 0.8963
  Val  : Loss 0.0429 | Prec 0.8997 | Rec 0.8578 | P@R0.9 0.8415
Epoch 0338 | Time: 12.8s
  Train: Loss 0.0401 | Prec 0.9208 | Rec 0.8796 | P@R0.9 0.8984
  Val  : Loss 0.0434 | Prec 0.9077 | Rec 0.8596 | P@R0.9 0.8589
Epoch 0339 | Time: 12.6s
  Train: Loss 0.0399 | Prec 0.9189 | Rec 0.8808 | P@R0.9 0.8989
  Val  : Loss 0.0428 | Prec 0.8999 | Rec 0.8568 | P@R0.9 0.8421
Epoch 0340 | Time: 12.9s
  Train: Loss 0.0395 | Prec 0.9136 | Rec 0.8845 | P@R0.9 0.8963
  Val  : Loss 0.0430 | Prec 0.8950 | Rec 0.8626 | P@R0.9 0.8440
Epoch 0341 | Time: 12.8s
  Train: Loss 0.0406 | Prec 0.9189 | Rec 0.8760 | P@R0.9 0.8935
  Val  : Loss 0.0438 | Prec 0.9073 | Rec 0.8582 | P@R0.9 0.8553
Epoch 0342 | Time: 12.7s
  Train: Loss 0.0412 | Prec 0.9212 | Rec 0.8753 | P@R0.9 0.8967
  Val  : Loss 0.0424 | Prec 0.9074 | Rec 0.8558 | P@R0.9 0.8529
Epoch 0343 | Time: 12.8s
  Train: Loss 0.0403 | Prec 0.9177 | Rec 0.8789 | P@R0.9 0.8947
  Val  : Loss 0.0430 | Prec 0.9005 | Rec 0.8591 | P@R0.9 0.8470
Epoch 0344 | Time: 12.8s
  Train: Loss 0.0400 | Prec 0.9135 | Rec 0.8872 | P@R0.9 0.8992
  Val  : Loss 0.0432 | Prec 0.8982 | Rec 0.8674 | P@R0.9 0.8546
Epoch 0345 | Time: 12.7s
  Train: Loss 0.0399 | Prec 0.9212 | Rec 0.8804 | P@R0.9 0.9010
  Val  : Loss 0.0428 | Prec 0.9024 | Rec 0.8587 | P@R0.9 0.8488
Epoch 0346 | Time: 12.6s
  Train: Loss 0.0411 | Prec 0.9214 | Rec 0.8810 | P@R0.9 0.9024
  Val  : Loss 0.0429 | Prec 0.9048 | Rec 0.8612 | P@R0.9 0.8551
Epoch 0347 | Time: 12.7s
  Train: Loss 0.0408 | Prec 0.9201 | Rec 0.8748 | P@R0.9 0.8939
  Val  : Loss 0.0426 | Prec 0.9074 | Rec 0.8591 | P@R0.9 0.8557
Epoch 0348 | Time: 12.6s
  Train: Loss 0.0399 | Prec 0.9237 | Rec 0.8790 | P@R0.9 0.9026
  Val  : Loss 0.0423 | Prec 0.9010 | Rec 0.8540 | P@R0.9 0.8407
Epoch 0349 | Time: 12.6s
  Train: Loss 0.0406 | Prec 0.9150 | Rec 0.8840 | P@R0.9 0.8978
  Val  : Loss 0.0429 | Prec 0.8979 | Rec 0.8638 | P@R0.9 0.8489
Epoch 0350 | Time: 12.6s
  Train: Loss 0.0399 | Prec 0.9236 | Rec 0.8775 | P@R0.9 0.9003
  Val  : Loss 0.0421 | Prec 0.9039 | Rec 0.8516 | P@R0.9 0.8403
Epoch 0351 | Time: 12.8s
  Train: Loss 0.0405 | Prec 0.9178 | Rec 0.8883 | P@R0.9 0.9061
  Val  : Loss 0.0428 | Prec 0.8941 | Rec 0.8588 | P@R0.9 0.8358
Epoch 0352 | Time: 12.6s
  Train: Loss 0.0397 | Prec 0.9145 | Rec 0.8781 | P@R0.9 0.8890
  Val  : Loss 0.0429 | Prec 0.9010 | Rec 0.8611 | P@R0.9 0.8488
Epoch 0353 | Time: 12.9s
  Train: Loss 0.0393 | Prec 0.9151 | Rec 0.8825 | P@R0.9 0.8954
  Val  : Loss 0.0430 | Prec 0.9016 | Rec 0.8643 | P@R0.9 0.8536
Epoch 0354 | Time: 12.8s
  Train: Loss 0.0387 | Prec 0.9152 | Rec 0.8796 | P@R0.9 0.8923
  Val  : Loss 0.0432 | Prec 0.9021 | Rec 0.8616 | P@R0.9 0.8536
Epoch 0355 | Time: 12.9s
  Train: Loss 0.0398 | Prec 0.9269 | Rec 0.8753 | P@R0.9 0.9028
  Val  : Loss 0.0419 | Prec 0.9069 | Rec 0.8475 | P@R0.9 0.8404
Epoch 0356 | Time: 12.8s
  Train: Loss 0.0403 | Prec 0.9225 | Rec 0.8809 | P@R0.9 0.9030
  Val  : Loss 0.0427 | Prec 0.9032 | Rec 0.8550 | P@R0.9 0.8446
Epoch 0357 | Time: 12.7s
  Train: Loss 0.0392 | Prec 0.9222 | Rec 0.8778 | P@R0.9 0.8991
  Val  : Loss 0.0430 | Prec 0.9068 | Rec 0.8575 | P@R0.9 0.8530
Epoch 0358 | Time: 12.6s
  Train: Loss 0.0406 | Prec 0.9282 | Rec 0.8741 | P@R0.9 0.9035
  Val  : Loss 0.0423 | Prec 0.9076 | Rec 0.8455 | P@R0.9 0.8396
Epoch 0359 | Time: 12.7s
  Train: Loss 0.0386 | Prec 0.9162 | Rec 0.8880 | P@R0.9 0.9033
  Val  : Loss 0.0426 | Prec 0.8972 | Rec 0.8673 | P@R0.9 0.8537
Epoch 0360 | Time: 12.7s
  Train: Loss 0.0389 | Prec 0.9176 | Rec 0.8832 | P@R0.9 0.9000
  Val  : Loss 0.0429 | Prec 0.8976 | Rec 0.8582 | P@R0.9 0.8432
Epoch 0361 | Time: 12.7s
  Train: Loss 0.0400 | Prec 0.9200 | Rec 0.8787 | P@R0.9 0.8976
  Val  : Loss 0.0434 | Prec 0.9034 | Rec 0.8599 | P@R0.9 0.8511
Epoch 0362 | Time: 12.7s
  Train: Loss 0.0390 | Prec 0.9188 | Rec 0.8862 | P@R0.9 0.9047
  Val  : Loss 0.0423 | Prec 0.8972 | Rec 0.8624 | P@R0.9 0.8470
Epoch 0363 | Time: 12.5s
  Train: Loss 0.0399 | Prec 0.9178 | Rec 0.8854 | P@R0.9 0.9027
  Val  : Loss 0.0427 | Prec 0.8996 | Rec 0.8617 | P@R0.9 0.8507
Epoch 0364 | Time: 12.7s
  Train: Loss 0.0399 | Prec 0.9179 | Rec 0.8788 | P@R0.9 0.8957
  Val  : Loss 0.0424 | Prec 0.9044 | Rec 0.8590 | P@R0.9 0.8518
Epoch 0365 | Time: 12.7s
  Train: Loss 0.0386 | Prec 0.9172 | Rec 0.8820 | P@R0.9 0.8979
  Val  : Loss 0.0427 | Prec 0.8989 | Rec 0.8616 | P@R0.9 0.8477
Epoch 0366 | Time: 12.6s
  Train: Loss 0.0393 | Prec 0.9160 | Rec 0.8867 | P@R0.9 0.9016
  Val  : Loss 0.0432 | Prec 0.8991 | Rec 0.8662 | P@R0.9 0.8555
Epoch 0367 | Time: 12.8s
  Train: Loss 0.0395 | Prec 0.9234 | Rec 0.8730 | P@R0.9 0.8963
  Val  : Loss 0.0426 | Prec 0.9093 | Rec 0.8533 | P@R0.9 0.8530
Epoch 0368 | Time: 12.5s
  Train: Loss 0.0406 | Prec 0.9204 | Rec 0.8711 | P@R0.9 0.8905
  Val  : Loss 0.0421 | Prec 0.9060 | Rec 0.8525 | P@R0.9 0.8480
Epoch 0369 | Time: 12.8s
  Train: Loss 0.0395 | Prec 0.9195 | Rec 0.8783 | P@R0.9 0.8969
  Val  : Loss 0.0424 | Prec 0.9073 | Rec 0.8661 | P@R0.9 0.8661
Epoch 0370 | Time: 12.6s
  Train: Loss 0.0404 | Prec 0.9153 | Rec 0.8903 | P@R0.9 0.9049
  Val  : Loss 0.0426 | Prec 0.8953 | Rec 0.8732 | P@R0.9 0.8603
Epoch 0371 | Time: 12.8s
  Train: Loss 0.0388 | Prec 0.9248 | Rec 0.8792 | P@R0.9 0.9035
  Val  : Loss 0.0424 | Prec 0.9069 | Rec 0.8581 | P@R0.9 0.8552
Epoch 0372 | Time: 12.6s
  Train: Loss 0.0387 | Prec 0.9194 | Rec 0.8798 | P@R0.9 0.8971
  Val  : Loss 0.0419 | Prec 0.8995 | Rec 0.8557 | P@R0.9 0.8421
Epoch 0373 | Time: 12.7s
  Train: Loss 0.0384 | Prec 0.9225 | Rec 0.8841 | P@R0.9 0.9066
  Val  : Loss 0.0425 | Prec 0.9043 | Rec 0.8605 | P@R0.9 0.8537
Epoch 0374 | Time: 12.7s
  Train: Loss 0.0391 | Prec 0.9119 | Rec 0.8782 | P@R0.9 0.8863
  Val  : Loss 0.0431 | Prec 0.9001 | Rec 0.8645 | P@R0.9 0.8544
Epoch 0375 | Time: 12.7s
  Train: Loss 0.0402 | Prec 0.9199 | Rec 0.8850 | P@R0.9 0.9043
  Val  : Loss 0.0427 | Prec 0.9034 | Rec 0.8647 | P@R0.9 0.8588
Epoch 0376 | Time: 12.6s
  Train: Loss 0.0402 | Prec 0.9170 | Rec 0.8879 | P@R0.9 0.9038
  Val  : Loss 0.0420 | Prec 0.8958 | Rec 0.8677 | P@R0.9 0.8538
Epoch 0377 | Time: 12.5s
  Train: Loss 0.0401 | Prec 0.9183 | Rec 0.8847 | P@R0.9 0.9019
  Val  : Loss 0.0428 | Prec 0.9015 | Rec 0.8657 | P@R0.9 0.8573
Epoch 0378 | Time: 12.8s
  Train: Loss 0.0387 | Prec 0.9181 | Rec 0.8860 | P@R0.9 0.9026
  Val  : Loss 0.0428 | Prec 0.9028 | Rec 0.8658 | P@R0.9 0.8590
Epoch 0379 | Time: 12.7s
  Train: Loss 0.0387 | Prec 0.9223 | Rec 0.8856 | P@R0.9 0.9079
  Val  : Loss 0.0422 | Prec 0.9012 | Rec 0.8594 | P@R0.9 0.8485
Epoch 0380 | Time: 12.7s
  Train: Loss 0.0396 | Prec 0.9200 | Rec 0.8871 | P@R0.9 0.9064
  Val  : Loss 0.0424 | Prec 0.8968 | Rec 0.8631 | P@R0.9 0.8473
Epoch 0381 | Time: 12.6s
  Train: Loss 0.0380 | Prec 0.9250 | Rec 0.8836 | P@R0.9 0.9092
  Val  : Loss 0.0425 | Prec 0.9073 | Rec 0.8587 | P@R0.9 0.8564
Epoch 0382 | Time: 12.6s
  Train: Loss 0.0408 | Prec 0.9170 | Rec 0.8765 | P@R0.9 0.8919
  Val  : Loss 0.0430 | Prec 0.9049 | Rec 0.8604 | P@R0.9 0.8552
Epoch 0383 | Time: 12.8s
  Train: Loss 0.0391 | Prec 0.9208 | Rec 0.8802 | P@R0.9 0.9000
  Val  : Loss 0.0422 | Prec 0.9077 | Rec 0.8657 | P@R0.9 0.8661
Epoch 0384 | Time: 12.7s
  Train: Loss 0.0403 | Prec 0.9204 | Rec 0.8780 | P@R0.9 0.8965
  Val  : Loss 0.0419 | Prec 0.9029 | Rec 0.8595 | P@R0.9 0.8511
Epoch 0385 | Time: 12.8s
  Train: Loss 0.0399 | Prec 0.9212 | Rec 0.8759 | P@R0.9 0.8974
  Val  : Loss 0.0418 | Prec 0.9095 | Rec 0.8618 | P@R0.9 0.8643
Epoch 0386 | Time: 12.8s
  Train: Loss 0.0377 | Prec 0.9211 | Rec 0.8762 | P@R0.9 0.8956
  Val  : Loss 0.0413 | Prec 0.9058 | Rec 0.8534 | P@R0.9 0.8452
Epoch 0387 | Time: 13.0s
  Train: Loss 0.0386 | Prec 0.9203 | Rec 0.8739 | P@R0.9 0.8917
  Val  : Loss 0.0428 | Prec 0.9066 | Rec 0.8559 | P@R0.9 0.8530
Epoch 0388 | Time: 12.8s
  Train: Loss 0.0392 | Prec 0.9207 | Rec 0.8801 | P@R0.9 0.9002
  Val  : Loss 0.0417 | Prec 0.9044 | Rec 0.8640 | P@R0.9 0.8588
Epoch 0389 | Time: 12.9s
  Train: Loss 0.0397 | Prec 0.9281 | Rec 0.8724 | P@R0.9 0.9018
  Val  : Loss 0.0420 | Prec 0.9139 | Rec 0.8535 | P@R0.9 0.8589
Epoch 0390 | Time: 12.7s
  Train: Loss 0.0393 | Prec 0.9210 | Rec 0.8836 | P@R0.9 0.9050
  Val  : Loss 0.0419 | Prec 0.9022 | Rec 0.8638 | P@R0.9 0.8567
Epoch 0391 | Time: 12.6s
  Train: Loss 0.0373 | Prec 0.9232 | Rec 0.8865 | P@R0.9 0.9093
  Val  : Loss 0.0421 | Prec 0.9042 | Rec 0.8602 | P@R0.9 0.8528
Epoch 0392 | Time: 12.8s
  Train: Loss 0.0385 | Prec 0.9161 | Rec 0.8820 | P@R0.9 0.8967
  Val  : Loss 0.0421 | Prec 0.9012 | Rec 0.8605 | P@R0.9 0.8494
Epoch 0393 | Time: 12.8s
  Train: Loss 0.0385 | Prec 0.9225 | Rec 0.8853 | P@R0.9 0.9080
  Val  : Loss 0.0422 | Prec 0.9010 | Rec 0.8601 | P@R0.9 0.8508
Epoch 0394 | Time: 12.7s
  Train: Loss 0.0373 | Prec 0.9209 | Rec 0.8824 | P@R0.9 0.9020
  Val  : Loss 0.0432 | Prec 0.9063 | Rec 0.8592 | P@R0.9 0.8550
Epoch 0395 | Time: 12.5s
  Train: Loss 0.0399 | Prec 0.9235 | Rec 0.8776 | P@R0.9 0.9013
  Val  : Loss 0.0424 | Prec 0.9078 | Rec 0.8592 | P@R0.9 0.8568
Epoch 0396 | Time: 12.7s
  Train: Loss 0.0392 | Prec 0.9216 | Rec 0.8763 | P@R0.9 0.8969
  Val  : Loss 0.0424 | Prec 0.9076 | Rec 0.8605 | P@R0.9 0.8585
Epoch 0397 | Time: 12.6s
  Train: Loss 0.0394 | Prec 0.9217 | Rec 0.8864 | P@R0.9 0.9076
  Val  : Loss 0.0421 | Prec 0.9024 | Rec 0.8652 | P@R0.9 0.8588
Epoch 0398 | Time: 12.7s
  Train: Loss 0.0392 | Prec 0.9212 | Rec 0.8796 | P@R0.9 0.9003
  Val  : Loss 0.0419 | Prec 0.9032 | Rec 0.8592 | P@R0.9 0.8507
Epoch 0399 | Time: 12.7s
  Train: Loss 0.0386 | Prec 0.9259 | Rec 0.8700 | P@R0.9 0.8963
  Val  : Loss 0.0413 | Prec 0.9127 | Rec 0.8522 | P@R0.9 0.8546
Epoch 0400 | Time: 12.7s
  Train: Loss 0.0385 | Prec 0.9204 | Rec 0.8868 | P@R0.9 0.9065
  Val  : Loss 0.0418 | Prec 0.8984 | Rec 0.8638 | P@R0.9 0.8513
Epoch 0401 | Time: 12.6s
  Train: Loss 0.0389 | Prec 0.9231 | Rec 0.8845 | P@R0.9 0.9074
  Val  : Loss 0.0419 | Prec 0.9031 | Rec 0.8622 | P@R0.9 0.8557
Epoch 0402 | Time: 12.6s
  Train: Loss 0.0398 | Prec 0.9226 | Rec 0.8761 | P@R0.9 0.8987
  Val  : Loss 0.0427 | Prec 0.9069 | Rec 0.8561 | P@R0.9 0.8508
Epoch 0403 | Time: 12.7s
  Train: Loss 0.0383 | Prec 0.9215 | Rec 0.8842 | P@R0.9 0.9057
  Val  : Loss 0.0420 | Prec 0.9064 | Rec 0.8670 | P@R0.9 0.8665
Epoch 0404 | Time: 12.6s
  Train: Loss 0.0391 | Prec 0.9178 | Rec 0.8875 | P@R0.9 0.9044
  Val  : Loss 0.0420 | Prec 0.8987 | Rec 0.8671 | P@R0.9 0.8558
Epoch 0405 | Time: 12.7s
  Train: Loss 0.0391 | Prec 0.9242 | Rec 0.8754 | P@R0.9 0.8992
  Val  : Loss 0.0423 | Prec 0.9115 | Rec 0.8585 | P@R0.9 0.8605
Epoch 0406 | Time: 12.6s
  Train: Loss 0.0407 | Prec 0.9295 | Rec 0.8765 | P@R0.9 0.9077
  Val  : Loss 0.0417 | Prec 0.9108 | Rec 0.8541 | P@R0.9 0.8561
Epoch 0407 | Time: 12.7s
  Train: Loss 0.0400 | Prec 0.9224 | Rec 0.8811 | P@R0.9 0.9041
  Val  : Loss 0.0415 | Prec 0.9011 | Rec 0.8579 | P@R0.9 0.8455
Epoch 0408 | Time: 12.7s
  Train: Loss 0.0371 | Prec 0.9244 | Rec 0.8839 | P@R0.9 0.9074
  Val  : Loss 0.0415 | Prec 0.9039 | Rec 0.8590 | P@R0.9 0.8514
Epoch 0409 | Time: 12.6s
  Train: Loss 0.0378 | Prec 0.9233 | Rec 0.8824 | P@R0.9 0.9050
  Val  : Loss 0.0423 | Prec 0.9069 | Rec 0.8616 | P@R0.9 0.8606
Epoch 0410 | Time: 12.6s
  Train: Loss 0.0399 | Prec 0.9240 | Rec 0.8845 | P@R0.9 0.9089
  Val  : Loss 0.0420 | Prec 0.9012 | Rec 0.8608 | P@R0.9 0.8502
Epoch 0411 | Time: 12.8s
  Train: Loss 0.0394 | Prec 0.9194 | Rec 0.8880 | P@R0.9 0.9076
  Val  : Loss 0.0417 | Prec 0.8987 | Rec 0.8655 | P@R0.9 0.8517
Epoch 0412 | Time: 12.5s
  Train: Loss 0.0386 | Prec 0.9135 | Rec 0.8906 | P@R0.9 0.9032
  Val  : Loss 0.0422 | Prec 0.8938 | Rec 0.8689 | P@R0.9 0.8508
Epoch 0413 | Time: 12.8s
  Train: Loss 0.0378 | Prec 0.9190 | Rec 0.8837 | P@R0.9 0.9020
  Val  : Loss 0.0414 | Prec 0.9032 | Rec 0.8618 | P@R0.9 0.8550
Epoch 0414 | Time: 12.9s
  Train: Loss 0.0381 | Prec 0.9212 | Rec 0.8721 | P@R0.9 0.8926
  Val  : Loss 0.0418 | Prec 0.9086 | Rec 0.8576 | P@R0.9 0.8575
Epoch 0415 | Time: 12.7s
  Train: Loss 0.0389 | Prec 0.9272 | Rec 0.8754 | P@R0.9 0.9034
  Val  : Loss 0.0418 | Prec 0.9106 | Rec 0.8533 | P@R0.9 0.8538
Epoch 0416 | Time: 12.7s
  Train: Loss 0.0378 | Prec 0.9222 | Rec 0.8861 | P@R0.9 0.9083
  Val  : Loss 0.0418 | Prec 0.9071 | Rec 0.8651 | P@R0.9 0.8645
Epoch 0417 | Time: 12.8s
  Train: Loss 0.0371 | Prec 0.9283 | Rec 0.8698 | P@R0.9 0.8991
  Val  : Loss 0.0422 | Prec 0.9154 | Rec 0.8489 | P@R0.9 0.8554
Epoch 0418 | Time: 12.7s
  Train: Loss 0.0395 | Prec 0.9223 | Rec 0.8765 | P@R0.9 0.8989
  Val  : Loss 0.0411 | Prec 0.9075 | Rec 0.8634 | P@R0.9 0.8622
Epoch 0419 | Time: 12.7s
  Train: Loss 0.0400 | Prec 0.9187 | Rec 0.8855 | P@R0.9 0.9031
  Val  : Loss 0.0417 | Prec 0.9042 | Rec 0.8674 | P@R0.9 0.8632
Epoch 0420 | Time: 12.7s
  Train: Loss 0.0402 | Prec 0.9208 | Rec 0.8800 | P@R0.9 0.9004
  Val  : Loss 0.0420 | Prec 0.9067 | Rec 0.8641 | P@R0.9 0.8623
Epoch 0421 | Time: 12.8s
  Train: Loss 0.0390 | Prec 0.9205 | Rec 0.8790 | P@R0.9 0.8992
  Val  : Loss 0.0413 | Prec 0.9092 | Rec 0.8651 | P@R0.9 0.8653
Epoch 0422 | Time: 12.9s
  Train: Loss 0.0371 | Prec 0.9254 | Rec 0.8901 | P@R0.9 0.9160
  Val  : Loss 0.0408 | Prec 0.9028 | Rec 0.8613 | P@R0.9 0.8535
Epoch 0423 | Time: 12.7s
  Train: Loss 0.0389 | Prec 0.9234 | Rec 0.8839 | P@R0.9 0.9067
  Val  : Loss 0.0435 | Prec 0.9061 | Rec 0.8618 | P@R0.9 0.8591
Epoch 0424 | Time: 12.6s
  Train: Loss 0.0386 | Prec 0.9216 | Rec 0.8817 | P@R0.9 0.9030
  Val  : Loss 0.0416 | Prec 0.9070 | Rec 0.8656 | P@R0.9 0.8640
Epoch 0425 | Time: 12.6s
  Train: Loss 0.0378 | Prec 0.9252 | Rec 0.8773 | P@R0.9 0.9025
  Val  : Loss 0.0415 | Prec 0.9107 | Rec 0.8567 | P@R0.9 0.8596
Epoch 0426 | Time: 12.9s
  Train: Loss 0.0395 | Prec 0.9250 | Rec 0.8812 | P@R0.9 0.9056
  Val  : Loss 0.0421 | Prec 0.9083 | Rec 0.8580 | P@R0.9 0.8552
Epoch 0427 | Time: 12.7s
  Train: Loss 0.0389 | Prec 0.9180 | Rec 0.8798 | P@R0.9 0.8960
  Val  : Loss 0.0414 | Prec 0.9035 | Rec 0.8614 | P@R0.9 0.8541
Epoch 0428 | Time: 12.7s
  Train: Loss 0.0386 | Prec 0.9193 | Rec 0.8820 | P@R0.9 0.9002
  Val  : Loss 0.0414 | Prec 0.9078 | Rec 0.8657 | P@R0.9 0.8661
Epoch 0429 | Time: 12.8s
  Train: Loss 0.0387 | Prec 0.9199 | Rec 0.8817 | P@R0.9 0.9004
  Val  : Loss 0.0414 | Prec 0.9052 | Rec 0.8636 | P@R0.9 0.8592
Epoch 0430 | Time: 12.7s
  Train: Loss 0.0401 | Prec 0.9263 | Rec 0.8751 | P@R0.9 0.9024
  Val  : Loss 0.0414 | Prec 0.9124 | Rec 0.8568 | P@R0.9 0.8606
Epoch 0431 | Time: 12.7s
  Train: Loss 0.0389 | Prec 0.9192 | Rec 0.8820 | P@R0.9 0.9000
  Val  : Loss 0.0413 | Prec 0.9045 | Rec 0.8652 | P@R0.9 0.8619
Epoch 0432 | Time: 12.7s
  Train: Loss 0.0384 | Prec 0.9165 | Rec 0.8828 | P@R0.9 0.8978
  Val  : Loss 0.0418 | Prec 0.9052 | Rec 0.8661 | P@R0.9 0.8634
Epoch 0433 | Time: 12.8s
  Train: Loss 0.0405 | Prec 0.9260 | Rec 0.8817 | P@R0.9 0.9088
  Val  : Loss 0.0412 | Prec 0.9083 | Rec 0.8592 | P@R0.9 0.8581
Epoch 0434 | Time: 12.6s
  Train: Loss 0.0397 | Prec 0.9185 | Rec 0.8874 | P@R0.9 0.9054
  Val  : Loss 0.0410 | Prec 0.9000 | Rec 0.8655 | P@R0.9 0.8550
Epoch 0435 | Time: 12.6s
  Train: Loss 0.0382 | Prec 0.9225 | Rec 0.8869 | P@R0.9 0.9097
  Val  : Loss 0.0412 | Prec 0.9049 | Rec 0.8661 | P@R0.9 0.8625
Epoch 0436 | Time: 12.6s
  Train: Loss 0.0381 | Prec 0.9217 | Rec 0.8862 | P@R0.9 0.9070
  Val  : Loss 0.0414 | Prec 0.9046 | Rec 0.8624 | P@R0.9 0.8579
Epoch 0437 | Time: 12.9s
  Train: Loss 0.0381 | Prec 0.9254 | Rec 0.8858 | P@R0.9 0.9116
  Val  : Loss 0.0415 | Prec 0.9058 | Rec 0.8584 | P@R0.9 0.8530
Epoch 0438 | Time: 12.7s
  Train: Loss 0.0391 | Prec 0.9245 | Rec 0.8809 | P@R0.9 0.9054
  Val  : Loss 0.0416 | Prec 0.9065 | Rec 0.8602 | P@R0.9 0.8562
Epoch 0439 | Time: 12.6s
  Train: Loss 0.0381 | Prec 0.9176 | Rec 0.8829 | P@R0.9 0.8992
  Val  : Loss 0.0414 | Prec 0.9050 | Rec 0.8685 | P@R0.9 0.8656
Epoch 0440 | Time: 12.7s
  Train: Loss 0.0373 | Prec 0.9230 | Rec 0.8808 | P@R0.9 0.9036
  Val  : Loss 0.0412 | Prec 0.9079 | Rec 0.8626 | P@R0.9 0.8617
Epoch 0441 | Time: 12.6s
  Train: Loss 0.0379 | Prec 0.9211 | Rec 0.8884 | P@R0.9 0.9088
  Val  : Loss 0.0416 | Prec 0.9037 | Rec 0.8656 | P@R0.9 0.8603
Epoch 0442 | Time: 12.7s
  Train: Loss 0.0403 | Prec 0.9263 | Rec 0.8783 | P@R0.9 0.9066
  Val  : Loss 0.0416 | Prec 0.9092 | Rec 0.8543 | P@R0.9 0.8517
Epoch 0443 | Time: 12.6s
  Train: Loss 0.0367 | Prec 0.9199 | Rec 0.8888 | P@R0.9 0.9084
  Val  : Loss 0.0413 | Prec 0.9028 | Rec 0.8709 | P@R0.9 0.8660
Epoch 0444 | Time: 12.7s
  Train: Loss 0.0381 | Prec 0.9295 | Rec 0.8861 | P@R0.9 0.9167
  Val  : Loss 0.0417 | Prec 0.9100 | Rec 0.8581 | P@R0.9 0.8601
Epoch 0445 | Time: 12.6s
  Train: Loss 0.0394 | Prec 0.9243 | Rec 0.8821 | P@R0.9 0.9063
  Val  : Loss 0.0418 | Prec 0.9054 | Rec 0.8614 | P@R0.9 0.8553
Epoch 0446 | Time: 12.6s
  Train: Loss 0.0394 | Prec 0.9223 | Rec 0.8875 | P@R0.9 0.9095
  Val  : Loss 0.0412 | Prec 0.9036 | Rec 0.8670 | P@R0.9 0.8630
Epoch 0447 | Time: 12.6s
  Train: Loss 0.0380 | Prec 0.9207 | Rec 0.8864 | P@R0.9 0.9061
  Val  : Loss 0.0413 | Prec 0.9022 | Rec 0.8632 | P@R0.9 0.8553
Epoch 0448 | Time: 12.9s
  Train: Loss 0.0378 | Prec 0.9210 | Rec 0.8860 | P@R0.9 0.9063
  Val  : Loss 0.0415 | Prec 0.9048 | Rec 0.8650 | P@R0.9 0.8606
Epoch 0449 | Time: 12.7s
  Train: Loss 0.0371 | Prec 0.9229 | Rec 0.8887 | P@R0.9 0.9113
  Val  : Loss 0.0411 | Prec 0.9045 | Rec 0.8650 | P@R0.9 0.8619
Epoch 0450 | Time: 12.6s
  Train: Loss 0.0390 | Prec 0.9214 | Rec 0.8796 | P@R0.9 0.9002
  Val  : Loss 0.0422 | Prec 0.9079 | Rec 0.8621 | P@R0.9 0.8607
Epoch 0451 | Time: 12.6s
  Train: Loss 0.0394 | Prec 0.9234 | Rec 0.8811 | P@R0.9 0.9048
  Val  : Loss 0.0406 | Prec 0.9047 | Rec 0.8634 | P@R0.9 0.8577
Epoch 0452 | Time: 12.8s
  Train: Loss 0.0377 | Prec 0.9229 | Rec 0.8857 | P@R0.9 0.9085
  Val  : Loss 0.0413 | Prec 0.9065 | Rec 0.8705 | P@R0.9 0.8702
Epoch 0453 | Time: 12.6s
  Train: Loss 0.0388 | Prec 0.9171 | Rec 0.8881 | P@R0.9 0.9042
  Val  : Loss 0.0420 | Prec 0.9015 | Rec 0.8703 | P@R0.9 0.8636
Epoch 0454 | Time: 12.7s
  Train: Loss 0.0378 | Prec 0.9256 | Rec 0.8828 | P@R0.9 0.9082
  Val  : Loss 0.0410 | Prec 0.9109 | Rec 0.8638 | P@R0.9 0.8677
Epoch 0455 | Time: 12.7s
  Train: Loss 0.0372 | Prec 0.9268 | Rec 0.8861 | P@R0.9 0.9131
  Val  : Loss 0.0412 | Prec 0.9058 | Rec 0.8611 | P@R0.9 0.8568
Epoch 0456 | Time: 12.7s
  Train: Loss 0.0385 | Prec 0.9253 | Rec 0.8848 | P@R0.9 0.9106
  Val  : Loss 0.0419 | Prec 0.9102 | Rec 0.8624 | P@R0.9 0.8631
Epoch 0457 | Time: 12.8s
  Train: Loss 0.0374 | Prec 0.9161 | Rec 0.8847 | P@R0.9 0.8992
  Val  : Loss 0.0413 | Prec 0.8985 | Rec 0.8659 | P@R0.9 0.8545
Epoch 0458 | Time: 12.8s
  Train: Loss 0.0380 | Prec 0.9256 | Rec 0.8769 | P@R0.9 0.9019
  Val  : Loss 0.0412 | Prec 0.9110 | Rec 0.8586 | P@R0.9 0.8612
Epoch 0459 | Time: 12.8s
  Train: Loss 0.0390 | Prec 0.9247 | Rec 0.8860 | P@R0.9 0.9110
  Val  : Loss 0.0414 | Prec 0.9030 | Rec 0.8627 | P@R0.9 0.8558
Epoch 0460 | Time: 12.8s
  Train: Loss 0.0386 | Prec 0.9184 | Rec 0.8865 | P@R0.9 0.9033
  Val  : Loss 0.0412 | Prec 0.9021 | Rec 0.8657 | P@R0.9 0.8570
Epoch 0461 | Time: 12.9s
  Train: Loss 0.0381 | Prec 0.9269 | Rec 0.8793 | P@R0.9 0.9068
  Val  : Loss 0.0414 | Prec 0.9121 | Rec 0.8607 | P@R0.9 0.8661
Epoch 0462 | Time: 12.7s
  Train: Loss 0.0379 | Prec 0.9209 | Rec 0.8870 | P@R0.9 0.9080
  Val  : Loss 0.0411 | Prec 0.9051 | Rec 0.8660 | P@R0.9 0.8627
Epoch 0463 | Time: 12.9s
  Train: Loss 0.0387 | Prec 0.9273 | Rec 0.8775 | P@R0.9 0.9057
  Val  : Loss 0.0415 | Prec 0.9148 | Rec 0.8581 | P@R0.9 0.8674
Epoch 0464 | Time: 12.8s
  Train: Loss 0.0381 | Prec 0.9217 | Rec 0.8877 | P@R0.9 0.9091
  Val  : Loss 0.0413 | Prec 0.9045 | Rec 0.8656 | P@R0.9 0.8607
Epoch 0465 | Time: 12.6s
  Train: Loss 0.0379 | Prec 0.9197 | Rec 0.8905 | P@R0.9 0.9100
  Val  : Loss 0.0411 | Prec 0.8998 | Rec 0.8723 | P@R0.9 0.8637
Epoch 0466 | Time: 12.6s
  Train: Loss 0.0381 | Prec 0.9258 | Rec 0.8823 | P@R0.9 0.9082
  Val  : Loss 0.0415 | Prec 0.9102 | Rec 0.8643 | P@R0.9 0.8677
Epoch 0467 | Time: 12.7s
  Train: Loss 0.0388 | Prec 0.9188 | Rec 0.8947 | P@R0.9 0.9137
  Val  : Loss 0.0415 | Prec 0.8968 | Rec 0.8696 | P@R0.9 0.8560
Epoch 0468 | Time: 12.6s
  Train: Loss 0.0381 | Prec 0.9215 | Rec 0.8907 | P@R0.9 0.9118
  Val  : Loss 0.0415 | Prec 0.9000 | Rec 0.8682 | P@R0.9 0.8580
Epoch 0469 | Time: 12.7s
  Train: Loss 0.0394 | Prec 0.9211 | Rec 0.8797 | P@R0.9 0.9003
  Val  : Loss 0.0419 | Prec 0.9071 | Rec 0.8638 | P@R0.9 0.8622
Epoch 0470 | Time: 12.9s
  Train: Loss 0.0379 | Prec 0.9209 | Rec 0.8897 | P@R0.9 0.9102
  Val  : Loss 0.0408 | Prec 0.9044 | Rec 0.8725 | P@R0.9 0.8705
Epoch 0471 | Time: 12.6s
  Train: Loss 0.0386 | Prec 0.9201 | Rec 0.8911 | P@R0.9 0.9110
  Val  : Loss 0.0417 | Prec 0.9002 | Rec 0.8682 | P@R0.9 0.8590
Epoch 0472 | Time: 12.7s
  Train: Loss 0.0376 | Prec 0.9239 | Rec 0.8807 | P@R0.9 0.9041
  Val  : Loss 0.0413 | Prec 0.9060 | Rec 0.8602 | P@R0.9 0.8573
Epoch 0473 | Time: 12.5s
  Train: Loss 0.0380 | Prec 0.9291 | Rec 0.8875 | P@R0.9 0.9173
  Val  : Loss 0.0407 | Prec 0.9062 | Rec 0.8580 | P@R0.9 0.8528
Epoch 0474 | Time: 12.6s
  Train: Loss 0.0381 | Prec 0.9179 | Rec 0.8887 | P@R0.9 0.9062
  Val  : Loss 0.0412 | Prec 0.8973 | Rec 0.8638 | P@R0.9 0.8486
Epoch 0475 | Time: 12.9s
  Train: Loss 0.0376 | Prec 0.9220 | Rec 0.8873 | P@R0.9 0.9093
  Val  : Loss 0.0411 | Prec 0.9052 | Rec 0.8668 | P@R0.9 0.8637
Epoch 0476 | Time: 12.6s
  Train: Loss 0.0394 | Prec 0.9234 | Rec 0.8859 | P@R0.9 0.9098
  Val  : Loss 0.0412 | Prec 0.9065 | Rec 0.8684 | P@R0.9 0.8674
Epoch 0477 | Time: 12.7s
  Train: Loss 0.0372 | Prec 0.9118 | Rec 0.8946 | P@R0.9 0.9057
  Val  : Loss 0.0408 | Prec 0.8933 | Rec 0.8749 | P@R0.9 0.8588
Epoch 0478 | Time: 12.7s
  Train: Loss 0.0378 | Prec 0.9164 | Rec 0.8871 | P@R0.9 0.9029
  Val  : Loss 0.0418 | Prec 0.9026 | Rec 0.8693 | P@R0.9 0.8627
Epoch 0479 | Time: 12.8s
  Train: Loss 0.0390 | Prec 0.9213 | Rec 0.8847 | P@R0.9 0.9050
  Val  : Loss 0.0407 | Prec 0.9048 | Rec 0.8686 | P@R0.9 0.8656
Epoch 0480 | Time: 12.7s
  Train: Loss 0.0382 | Prec 0.9216 | Rec 0.8894 | P@R0.9 0.9107
  Val  : Loss 0.0405 | Prec 0.9048 | Rec 0.8695 | P@R0.9 0.8659
Epoch 0481 | Time: 12.7s
  Train: Loss 0.0386 | Prec 0.9244 | Rec 0.8889 | P@R0.9 0.9136
  Val  : Loss 0.0407 | Prec 0.9046 | Rec 0.8641 | P@R0.9 0.8598
Epoch 0482 | Time: 15.5s
  Train: Loss 0.0361 | Prec 0.9186 | Rec 0.8912 | P@R0.9 0.9091
  Val  : Loss 0.0410 | Prec 0.9011 | Rec 0.8708 | P@R0.9 0.8635
Epoch 0483 | Time: 12.8s
  Train: Loss 0.0381 | Prec 0.9267 | Rec 0.8802 | P@R0.9 0.9066
  Val  : Loss 0.0417 | Prec 0.9105 | Rec 0.8599 | P@R0.9 0.8621
Epoch 0484 | Time: 12.5s
  Train: Loss 0.0382 | Prec 0.9215 | Rec 0.8827 | P@R0.9 0.9042
  Val  : Loss 0.0410 | Prec 0.9083 | Rec 0.8678 | P@R0.9 0.8687
Epoch 0485 | Time: 12.7s
  Train: Loss 0.0383 | Prec 0.9217 | Rec 0.8924 | P@R0.9 0.9140
  Val  : Loss 0.0404 | Prec 0.9025 | Rec 0.8695 | P@R0.9 0.8631
Epoch 0486 | Time: 12.7s
  Train: Loss 0.0381 | Prec 0.9176 | Rec 0.8863 | P@R0.9 0.9040
  Val  : Loss 0.0411 | Prec 0.9053 | Rec 0.8711 | P@R0.9 0.8687
Epoch 0487 | Time: 12.7s
  Train: Loss 0.0366 | Prec 0.9235 | Rec 0.8808 | P@R0.9 0.9038
  Val  : Loss 0.0405 | Prec 0.9071 | Rec 0.8619 | P@R0.9 0.8604
Epoch 0488 | Time: 12.8s
  Train: Loss 0.0384 | Prec 0.9269 | Rec 0.8807 | P@R0.9 0.9083
  Val  : Loss 0.0410 | Prec 0.9087 | Rec 0.8577 | P@R0.9 0.8559
Epoch 0489 | Time: 12.6s
  Train: Loss 0.0374 | Prec 0.9190 | Rec 0.8888 | P@R0.9 0.9072
  Val  : Loss 0.0415 | Prec 0.9015 | Rec 0.8712 | P@R0.9 0.8658
Epoch 0490 | Time: 12.5s
  Train: Loss 0.0386 | Prec 0.9206 | Rec 0.8917 | P@R0.9 0.9120
  Val  : Loss 0.0412 | Prec 0.9025 | Rec 0.8737 | P@R0.9 0.8700
Epoch 0491 | Time: 12.6s
  Train: Loss 0.0381 | Prec 0.9226 | Rec 0.8880 | P@R0.9 0.9104
  Val  : Loss 0.0407 | Prec 0.9033 | Rec 0.8686 | P@R0.9 0.8657
Epoch 0492 | Time: 12.5s
  Train: Loss 0.0386 | Prec 0.9154 | Rec 0.8963 | P@R0.9 0.9117
  Val  : Loss 0.0413 | Prec 0.8967 | Rec 0.8757 | P@R0.9 0.8636
Epoch 0493 | Time: 12.7s
  Train: Loss 0.0378 | Prec 0.9181 | Rec 0.8896 | P@R0.9 0.9073
  Val  : Loss 0.0410 | Prec 0.9013 | Rec 0.8696 | P@R0.9 0.8617
Epoch 0494 | Time: 12.8s
  Train: Loss 0.0392 | Prec 0.9246 | Rec 0.8899 | P@R0.9 0.9151
  Val  : Loss 0.0414 | Prec 0.9080 | Rec 0.8693 | P@R0.9 0.8714
Epoch 0495 | Time: 12.5s
  Train: Loss 0.0382 | Prec 0.9228 | Rec 0.8833 | P@R0.9 0.9058
  Val  : Loss 0.0409 | Prec 0.9065 | Rec 0.8663 | P@R0.9 0.8656
Epoch 0496 | Time: 12.6s
  Train: Loss 0.0377 | Prec 0.9271 | Rec 0.8866 | P@R0.9 0.9143
  Val  : Loss 0.0405 | Prec 0.9068 | Rec 0.8655 | P@R0.9 0.8649
Epoch 0497 | Time: 12.6s
  Train: Loss 0.0368 | Prec 0.9232 | Rec 0.8841 | P@R0.9 0.9070
  Val  : Loss 0.0407 | Prec 0.9075 | Rec 0.8656 | P@R0.9 0.8642
Epoch 0498 | Time: 12.8s
  Train: Loss 0.0394 | Prec 0.9296 | Rec 0.8717 | P@R0.9 0.9036
  Val  : Loss 0.0408 | Prec 0.9135 | Rec 0.8494 | P@R0.9 0.8527
Epoch 0499 | Time: 12.7s
  Train: Loss 0.0375 | Prec 0.9237 | Rec 0.8885 | P@R0.9 0.9120
  Val  : Loss 0.0412 | Prec 0.9070 | Rec 0.8720 | P@R0.9 0.8741
Epoch 0500 | Time: 12.6s
  Train: Loss 0.0374 | Prec 0.9212 | Rec 0.8860 | P@R0.9 0.9068
  Val  : Loss 0.0406 | Prec 0.9058 | Rec 0.8686 | P@R0.9 0.8674
Epoch 0501 | Time: 12.7s
  Train: Loss 0.0374 | Prec 0.9222 | Rec 0.8888 | P@R0.9 0.9107
  Val  : Loss 0.0408 | Prec 0.9058 | Rec 0.8687 | P@R0.9 0.8670
Epoch 0502 | Time: 12.8s
  Train: Loss 0.0379 | Prec 0.9253 | Rec 0.8838 | P@R0.9 0.9100
  Val  : Loss 0.0407 | Prec 0.9096 | Rec 0.8634 | P@R0.9 0.8645
Epoch 0503 | Time: 12.6s
  Train: Loss 0.0376 | Prec 0.9290 | Rec 0.8753 | P@R0.9 0.9054
  Val  : Loss 0.0407 | Prec 0.9156 | Rec 0.8567 | P@R0.9 0.8661
Epoch 0504 | Time: 12.6s
  Train: Loss 0.0369 | Prec 0.9209 | Rec 0.8918 | P@R0.9 0.9122
  Val  : Loss 0.0410 | Prec 0.9026 | Rec 0.8692 | P@R0.9 0.8633
Epoch 0505 | Time: 12.6s
  Train: Loss 0.0371 | Prec 0.9237 | Rec 0.8839 | P@R0.9 0.9072
  Val  : Loss 0.0407 | Prec 0.9079 | Rec 0.8660 | P@R0.9 0.8658
Epoch 0506 | Time: 12.5s
  Train: Loss 0.0394 | Prec 0.9274 | Rec 0.8833 | P@R0.9 0.9119
  Val  : Loss 0.0411 | Prec 0.9078 | Rec 0.8631 | P@R0.9 0.8624
Epoch 0507 | Time: 12.7s
  Train: Loss 0.0373 | Prec 0.9236 | Rec 0.8846 | P@R0.9 0.9081
  Val  : Loss 0.0412 | Prec 0.9103 | Rec 0.8654 | P@R0.9 0.8697
Epoch 0508 | Time: 12.9s
  Train: Loss 0.0375 | Prec 0.9276 | Rec 0.8865 | P@R0.9 0.9152
  Val  : Loss 0.0407 | Prec 0.9100 | Rec 0.8634 | P@R0.9 0.8647
Epoch 0509 | Time: 12.6s
  Train: Loss 0.0375 | Prec 0.9260 | Rec 0.8857 | P@R0.9 0.9131
  Val  : Loss 0.0407 | Prec 0.9063 | Rec 0.8625 | P@R0.9 0.8593
Epoch 0510 | Time: 12.6s
  Train: Loss 0.0389 | Prec 0.9291 | Rec 0.8863 | P@R0.9 0.9168
  Val  : Loss 0.0405 | Prec 0.9107 | Rec 0.8643 | P@R0.9 0.8671
Epoch 0511 | Time: 12.6s
  Train: Loss 0.0376 | Prec 0.9219 | Rec 0.8898 | P@R0.9 0.9121
  Val  : Loss 0.0408 | Prec 0.9048 | Rec 0.8666 | P@R0.9 0.8624
Epoch 0512 | Time: 12.6s
  Train: Loss 0.0379 | Prec 0.9213 | Rec 0.8886 | P@R0.9 0.9099
  Val  : Loss 0.0409 | Prec 0.9068 | Rec 0.8710 | P@R0.9 0.8703
Epoch 0513 | Time: 12.9s
  Train: Loss 0.0377 | Prec 0.9276 | Rec 0.8824 | P@R0.9 0.9108
  Val  : Loss 0.0406 | Prec 0.9130 | Rec 0.8612 | P@R0.9 0.8673
Epoch 0514 | Time: 12.5s
  Train: Loss 0.0372 | Prec 0.9241 | Rec 0.8833 | P@R0.9 0.9078
  Val  : Loss 0.0410 | Prec 0.9118 | Rec 0.8677 | P@R0.9 0.8741
Epoch 0515 | Time: 13.0s
  Train: Loss 0.0385 | Prec 0.9295 | Rec 0.8853 | P@R0.9 0.9158
  Val  : Loss 0.0407 | Prec 0.9077 | Rec 0.8569 | P@R0.9 0.8526
Epoch 0516 | Time: 12.5s
  Train: Loss 0.0397 | Prec 0.9339 | Rec 0.8660 | P@R0.9 0.9027
  Val  : Loss 0.0412 | Prec 0.9224 | Rec 0.8509 | P@R0.9 0.8701
Epoch 0517 | Time: 12.8s
  Train: Loss 0.0380 | Prec 0.9192 | Rec 0.8879 | P@R0.9 0.9072
  Val  : Loss 0.0403 | Prec 0.9033 | Rec 0.8724 | P@R0.9 0.8677
Epoch 0518 | Time: 12.7s
  Train: Loss 0.0376 | Prec 0.9272 | Rec 0.8810 | P@R0.9 0.9085
  Val  : Loss 0.0404 | Prec 0.9144 | Rec 0.8674 | P@R0.9 0.8777
Epoch 0519 | Time: 12.6s
  Train: Loss 0.0375 | Prec 0.9266 | Rec 0.8814 | P@R0.9 0.9088
  Val  : Loss 0.0405 | Prec 0.9092 | Rec 0.8643 | P@R0.9 0.8661
Epoch 0520 | Time: 12.7s
  Train: Loss 0.0374 | Prec 0.9232 | Rec 0.8852 | P@R0.9 0.9076
  Val  : Loss 0.0407 | Prec 0.9098 | Rec 0.8689 | P@R0.9 0.8733
Epoch 0521 | Time: 12.7s
  Train: Loss 0.0367 | Prec 0.9210 | Rec 0.8844 | P@R0.9 0.9044
  Val  : Loss 0.0405 | Prec 0.9054 | Rec 0.8646 | P@R0.9 0.8613
Epoch 0522 | Time: 12.9s
  Train: Loss 0.0379 | Prec 0.9248 | Rec 0.8831 | P@R0.9 0.9085
  Val  : Loss 0.0405 | Prec 0.9090 | Rec 0.8654 | P@R0.9 0.8668
Epoch 0523 | Time: 12.7s
  Train: Loss 0.0376 | Prec 0.9236 | Rec 0.8907 | P@R0.9 0.9144
  Val  : Loss 0.0406 | Prec 0.9069 | Rec 0.8722 | P@R0.9 0.8719
Epoch 0524 | Time: 12.7s
  Train: Loss 0.0368 | Prec 0.9203 | Rec 0.8910 | P@R0.9 0.9110
  Val  : Loss 0.0411 | Prec 0.8989 | Rec 0.8688 | P@R0.9 0.8580
Epoch 0525 | Time: 12.6s
  Train: Loss 0.0376 | Prec 0.9290 | Rec 0.8809 | P@R0.9 0.9120
  Val  : Loss 0.0411 | Prec 0.9129 | Rec 0.8622 | P@R0.9 0.8701
Epoch 0526 | Time: 12.5s
  Train: Loss 0.0368 | Prec 0.9239 | Rec 0.8920 | P@R0.9 0.9158
  Val  : Loss 0.0401 | Prec 0.9003 | Rec 0.8674 | P@R0.9 0.8590
Epoch 0527 | Time: 12.5s
  Train: Loss 0.0360 | Prec 0.9240 | Rec 0.8827 | P@R0.9 0.9062
  Val  : Loss 0.0409 | Prec 0.9097 | Rec 0.8624 | P@R0.9 0.8659
Epoch 0528 | Time: 12.8s
  Train: Loss 0.0378 | Prec 0.9270 | Rec 0.8786 | P@R0.9 0.9063
  Val  : Loss 0.0407 | Prec 0.9114 | Rec 0.8601 | P@R0.9 0.8639
Epoch 0529 | Time: 12.6s
  Train: Loss 0.0370 | Prec 0.9250 | Rec 0.8864 | P@R0.9 0.9115
  Val  : Loss 0.0399 | Prec 0.9054 | Rec 0.8670 | P@R0.9 0.8642
Epoch 0530 | Time: 12.6s
  Train: Loss 0.0366 | Prec 0.9311 | Rec 0.8811 | P@R0.9 0.9137
  Val  : Loss 0.0407 | Prec 0.9135 | Rec 0.8579 | P@R0.9 0.8632
Epoch 0531 | Time: 12.7s
  Train: Loss 0.0369 | Prec 0.9268 | Rec 0.8881 | P@R0.9 0.9154
  Val  : Loss 0.0412 | Prec 0.9089 | Rec 0.8614 | P@R0.9 0.8626
Epoch 0532 | Time: 12.7s
  Train: Loss 0.0369 | Prec 0.9243 | Rec 0.8840 | P@R0.9 0.9085
  Val  : Loss 0.0408 | Prec 0.9110 | Rec 0.8658 | P@R0.9 0.8705
Epoch 0533 | Time: 12.6s
  Train: Loss 0.0372 | Prec 0.9215 | Rec 0.8899 | P@R0.9 0.9115
  Val  : Loss 0.0404 | Prec 0.9027 | Rec 0.8683 | P@R0.9 0.8609
Epoch 0534 | Time: 12.7s
  Train: Loss 0.0387 | Prec 0.9245 | Rec 0.8886 | P@R0.9 0.9136
  Val  : Loss 0.0402 | Prec 0.9071 | Rec 0.8699 | P@R0.9 0.8706
Epoch 0535 | Time: 12.7s
  Train: Loss 0.0382 | Prec 0.9296 | Rec 0.8819 | P@R0.9 0.9128
  Val  : Loss 0.0407 | Prec 0.9119 | Rec 0.8582 | P@R0.9 0.8609
Epoch 0536 | Time: 12.7s
  Train: Loss 0.0367 | Prec 0.9207 | Rec 0.8845 | P@R0.9 0.9036
  Val  : Loss 0.0412 | Prec 0.9097 | Rec 0.8704 | P@R0.9 0.8733
Epoch 0537 | Time: 13.0s
  Train: Loss 0.0374 | Prec 0.9221 | Rec 0.8833 | P@R0.9 0.9052
  Val  : Loss 0.0404 | Prec 0.9088 | Rec 0.8657 | P@R0.9 0.8675
Epoch 0538 | Time: 12.7s
  Train: Loss 0.0371 | Prec 0.9246 | Rec 0.8912 | P@R0.9 0.9161
  Val  : Loss 0.0404 | Prec 0.9066 | Rec 0.8705 | P@R0.9 0.8701
Epoch 0539 | Time: 12.7s
  Train: Loss 0.0376 | Prec 0.9226 | Rec 0.8887 | P@R0.9 0.9109
  Val  : Loss 0.0405 | Prec 0.9060 | Rec 0.8670 | P@R0.9 0.8658
Epoch 0540 | Time: 12.7s
  Train: Loss 0.0364 | Prec 0.9242 | Rec 0.8847 | P@R0.9 0.9091
  Val  : Loss 0.0406 | Prec 0.9078 | Rec 0.8651 | P@R0.9 0.8637
Epoch 0541 | Time: 12.6s
  Train: Loss 0.0385 | Prec 0.9312 | Rec 0.8769 | P@R0.9 0.9110
  Val  : Loss 0.0405 | Prec 0.9145 | Rec 0.8578 | P@R0.9 0.8657
Epoch 0542 | Time: 12.5s
  Train: Loss 0.0369 | Prec 0.9268 | Rec 0.8850 | P@R0.9 0.9123
  Val  : Loss 0.0404 | Prec 0.9147 | Rec 0.8678 | P@R0.9 0.8777
Epoch 0543 | Time: 12.7s
  Train: Loss 0.0386 | Prec 0.9223 | Rec 0.8938 | P@R0.9 0.9163
  Val  : Loss 0.0407 | Prec 0.9064 | Rec 0.8758 | P@R0.9 0.8765
Epoch 0544 | Time: 12.6s
  Train: Loss 0.0379 | Prec 0.9214 | Rec 0.8908 | P@R0.9 0.9121
  Val  : Loss 0.0405 | Prec 0.9044 | Rec 0.8706 | P@R0.9 0.8674
Epoch 0545 | Time: 12.7s
  Train: Loss 0.0380 | Prec 0.9244 | Rec 0.8863 | P@R0.9 0.9107
  Val  : Loss 0.0408 | Prec 0.9086 | Rec 0.8693 | P@R0.9 0.8710
Epoch 0546 | Time: 12.7s
  Train: Loss 0.0369 | Prec 0.9245 | Rec 0.8873 | P@R0.9 0.9117
  Val  : Loss 0.0404 | Prec 0.9101 | Rec 0.8691 | P@R0.9 0.8713
Epoch 0547 | Time: 12.6s
  Train: Loss 0.0361 | Prec 0.9291 | Rec 0.8825 | P@R0.9 0.9119
  Val  : Loss 0.0407 | Prec 0.9146 | Rec 0.8655 | P@R0.9 0.8760
Epoch 0548 | Time: 12.8s
  Train: Loss 0.0367 | Prec 0.9183 | Rec 0.9004 | P@R0.9 0.9187
  Val  : Loss 0.0408 | Prec 0.8991 | Rec 0.8787 | P@R0.9 0.8715
Epoch 0549 | Time: 12.6s
  Train: Loss 0.0364 | Prec 0.9274 | Rec 0.8807 | P@R0.9 0.9081
  Val  : Loss 0.0413 | Prec 0.9172 | Rec 0.8595 | P@R0.9 0.8714
Epoch 0550 | Time: 12.7s
  Train: Loss 0.0381 | Prec 0.9246 | Rec 0.8855 | P@R0.9 0.9111
  Val  : Loss 0.0404 | Prec 0.9067 | Rec 0.8633 | P@R0.9 0.8617
Epoch 0551 | Time: 12.6s
  Train: Loss 0.0360 | Prec 0.9154 | Rec 0.8977 | P@R0.9 0.9128
  Val  : Loss 0.0404 | Prec 0.8950 | Rec 0.8785 | P@R0.9 0.8655
Epoch 0552 | Time: 12.7s
  Train: Loss 0.0377 | Prec 0.9293 | Rec 0.8835 | P@R0.9 0.9142
  Val  : Loss 0.0407 | Prec 0.9137 | Rec 0.8650 | P@R0.9 0.8725
Epoch 0553 | Time: 12.6s
  Train: Loss 0.0364 | Prec 0.9247 | Rec 0.8873 | P@R0.9 0.9125
  Val  : Loss 0.0400 | Prec 0.9086 | Rec 0.8671 | P@R0.9 0.8682
Epoch 0554 | Time: 12.8s
  Train: Loss 0.0362 | Prec 0.9258 | Rec 0.8865 | P@R0.9 0.9126
  Val  : Loss 0.0404 | Prec 0.9121 | Rec 0.8676 | P@R0.9 0.8737
Epoch 0555 | Time: 12.5s
  Train: Loss 0.0365 | Prec 0.9246 | Rec 0.8841 | P@R0.9 0.9082
  Val  : Loss 0.0406 | Prec 0.9123 | Rec 0.8655 | P@R0.9 0.8710
Epoch 0556 | Time: 12.7s
  Train: Loss 0.0365 | Prec 0.9310 | Rec 0.8865 | P@R0.9 0.9185
  Val  : Loss 0.0405 | Prec 0.9150 | Rec 0.8597 | P@R0.9 0.8662
Epoch 0557 | Time: 12.6s
  Train: Loss 0.0375 | Prec 0.9290 | Rec 0.8882 | P@R0.9 0.9179
  Val  : Loss 0.0408 | Prec 0.9078 | Rec 0.8591 | P@R0.9 0.8559
Epoch 0558 | Time: 12.6s
  Train: Loss 0.0378 | Prec 0.9204 | Rec 0.8862 | P@R0.9 0.9061
  Val  : Loss 0.0410 | Prec 0.9052 | Rec 0.8669 | P@R0.9 0.8629
Epoch 0559 | Time: 12.7s
  Train: Loss 0.0364 | Prec 0.9291 | Rec 0.8857 | P@R0.9 0.9156
  Val  : Loss 0.0403 | Prec 0.9125 | Rec 0.8675 | P@R0.9 0.8745
Epoch 0560 | Time: 12.6s
  Train: Loss 0.0378 | Prec 0.9249 | Rec 0.8901 | P@R0.9 0.9155
  Val  : Loss 0.0405 | Prec 0.9029 | Rec 0.8674 | P@R0.9 0.8605
Epoch 0561 | Time: 12.6s
  Train: Loss 0.0376 | Prec 0.9226 | Rec 0.8917 | P@R0.9 0.9144
  Val  : Loss 0.0401 | Prec 0.9017 | Rec 0.8664 | P@R0.9 0.8578
Epoch 0562 | Time: 12.6s
  Train: Loss 0.0372 | Prec 0.9291 | Rec 0.8860 | P@R0.9 0.9162
  Val  : Loss 0.0400 | Prec 0.9112 | Rec 0.8618 | P@R0.9 0.8637
Epoch 0563 | Time: 12.8s
  Train: Loss 0.0358 | Prec 0.9230 | Rec 0.8939 | P@R0.9 0.9168
  Val  : Loss 0.0402 | Prec 0.9040 | Rec 0.8680 | P@R0.9 0.8639
Epoch 0564 | Time: 12.7s
  Train: Loss 0.0381 | Prec 0.9246 | Rec 0.8927 | P@R0.9 0.9174
  Val  : Loss 0.0406 | Prec 0.9044 | Rec 0.8689 | P@R0.9 0.8671
Epoch 0565 | Time: 12.7s
  Train: Loss 0.0386 | Prec 0.9243 | Rec 0.8863 | P@R0.9 0.9114
  Val  : Loss 0.0406 | Prec 0.9071 | Rec 0.8624 | P@R0.9 0.8597
Epoch 0566 | Time: 12.8s
  Train: Loss 0.0373 | Prec 0.9242 | Rec 0.8861 | P@R0.9 0.9106
  Val  : Loss 0.0399 | Prec 0.9077 | Rec 0.8663 | P@R0.9 0.8650
Epoch 0567 | Time: 12.6s
  Train: Loss 0.0379 | Prec 0.9269 | Rec 0.8914 | P@R0.9 0.9188
  Val  : Loss 0.0404 | Prec 0.9080 | Rec 0.8724 | P@R0.9 0.8747
Epoch 0568 | Time: 12.7s
  Train: Loss 0.0378 | Prec 0.9257 | Rec 0.8892 | P@R0.9 0.9153
  Val  : Loss 0.0404 | Prec 0.9092 | Rec 0.8674 | P@R0.9 0.8700
Epoch 0569 | Time: 12.7s
  Train: Loss 0.0370 | Prec 0.9254 | Rec 0.8834 | P@R0.9 0.9081
  Val  : Loss 0.0412 | Prec 0.9140 | Rec 0.8665 | P@R0.9 0.8753
Epoch 0570 | Time: 12.7s
  Train: Loss 0.0375 | Prec 0.9274 | Rec 0.8831 | P@R0.9 0.9104
  Val  : Loss 0.0401 | Prec 0.9120 | Rec 0.8642 | P@R0.9 0.8697
Epoch 0571 | Time: 12.8s
  Train: Loss 0.0376 | Prec 0.9287 | Rec 0.8831 | P@R0.9 0.9124
  Val  : Loss 0.0400 | Prec 0.9126 | Rec 0.8632 | P@R0.9 0.8699
Epoch 0572 | Time: 12.7s
  Train: Loss 0.0385 | Prec 0.9260 | Rec 0.8830 | P@R0.9 0.9100
  Val  : Loss 0.0403 | Prec 0.9091 | Rec 0.8655 | P@R0.9 0.8679
Epoch 0573 | Time: 12.7s
  Train: Loss 0.0373 | Prec 0.9213 | Rec 0.8966 | P@R0.9 0.9177
  Val  : Loss 0.0399 | Prec 0.9027 | Rec 0.8740 | P@R0.9 0.8712
Epoch 0574 | Time: 12.8s
  Train: Loss 0.0377 | Prec 0.9273 | Rec 0.8856 | P@R0.9 0.9135
  Val  : Loss 0.0402 | Prec 0.9087 | Rec 0.8620 | P@R0.9 0.8626
Epoch 0575 | Time: 12.6s
  Train: Loss 0.0366 | Prec 0.9251 | Rec 0.8908 | P@R0.9 0.9162
  Val  : Loss 0.0401 | Prec 0.9081 | Rec 0.8700 | P@R0.9 0.8720
Epoch 0576 | Time: 12.6s
  Train: Loss 0.0374 | Prec 0.9238 | Rec 0.8835 | P@R0.9 0.9075
  Val  : Loss 0.0404 | Prec 0.9079 | Rec 0.8669 | P@R0.9 0.8675
Epoch 0577 | Time: 12.5s
  Train: Loss 0.0375 | Prec 0.9275 | Rec 0.8896 | P@R0.9 0.9179
  Val  : Loss 0.0402 | Prec 0.9124 | Rec 0.8717 | P@R0.9 0.8812
Epoch 0578 | Time: 12.8s
  Train: Loss 0.0373 | Prec 0.9270 | Rec 0.8841 | P@R0.9 0.9116
  Val  : Loss 0.0410 | Prec 0.9119 | Rec 0.8688 | P@R0.9 0.8759
Epoch 0579 | Time: 12.5s
  Train: Loss 0.0368 | Prec 0.9253 | Rec 0.8887 | P@R0.9 0.9145
  Val  : Loss 0.0397 | Prec 0.9067 | Rec 0.8671 | P@R0.9 0.8666
Epoch 0580 | Time: 12.7s
  Train: Loss 0.0375 | Prec 0.9315 | Rec 0.8836 | P@R0.9 0.9166
  Val  : Loss 0.0405 | Prec 0.9146 | Rec 0.8600 | P@R0.9 0.8678
Epoch 0581 | Time: 12.7s
  Train: Loss 0.0366 | Prec 0.9240 | Rec 0.8931 | P@R0.9 0.9171
  Val  : Loss 0.0404 | Prec 0.9075 | Rec 0.8734 | P@R0.9 0.8749
Epoch 0582 | Time: 12.6s
  Train: Loss 0.0371 | Prec 0.9237 | Rec 0.8892 | P@R0.9 0.9123
  Val  : Loss 0.0409 | Prec 0.9050 | Rec 0.8677 | P@R0.9 0.8652
Epoch 0583 | Time: 12.6s
  Train: Loss 0.0369 | Prec 0.9254 | Rec 0.8835 | P@R0.9 0.9096
  Val  : Loss 0.0397 | Prec 0.9090 | Rec 0.8611 | P@R0.9 0.8604
Epoch 0584 | Time: 12.8s
  Train: Loss 0.0357 | Prec 0.9284 | Rec 0.8899 | P@R0.9 0.9186
  Val  : Loss 0.0402 | Prec 0.9108 | Rec 0.8668 | P@R0.9 0.8717
Epoch 0585 | Time: 12.7s
  Train: Loss 0.0360 | Prec 0.9228 | Rec 0.8901 | P@R0.9 0.9131
  Val  : Loss 0.0407 | Prec 0.9055 | Rec 0.8680 | P@R0.9 0.8655
Epoch 0586 | Time: 12.8s
  Train: Loss 0.0376 | Prec 0.9240 | Rec 0.8873 | P@R0.9 0.9119
  Val  : Loss 0.0401 | Prec 0.9075 | Rec 0.8691 | P@R0.9 0.8715
Epoch 0587 | Time: 12.8s
  Train: Loss 0.0373 | Prec 0.9199 | Rec 0.8870 | P@R0.9 0.9068
  Val  : Loss 0.0399 | Prec 0.9079 | Rec 0.8731 | P@R0.9 0.8757
Epoch 0588 | Time: 13.0s
  Train: Loss 0.0371 | Prec 0.9253 | Rec 0.8869 | P@R0.9 0.9128
  Val  : Loss 0.0395 | Prec 0.9066 | Rec 0.8673 | P@R0.9 0.8652
Epoch 0589 | Time: 12.6s
  Train: Loss 0.0363 | Prec 0.9275 | Rec 0.8870 | P@R0.9 0.9151
  Val  : Loss 0.0394 | Prec 0.9113 | Rec 0.8655 | P@R0.9 0.8693
Epoch 0590 | Time: 12.8s
  Train: Loss 0.0374 | Prec 0.9205 | Rec 0.8902 | P@R0.9 0.9102
  Val  : Loss 0.0401 | Prec 0.9022 | Rec 0.8712 | P@R0.9 0.8650
Epoch 0591 | Time: 12.7s
  Train: Loss 0.0386 | Prec 0.9267 | Rec 0.8817 | P@R0.9 0.9093
  Val  : Loss 0.0393 | Prec 0.9112 | Rec 0.8655 | P@R0.9 0.8685
Epoch 0592 | Time: 12.7s
  Train: Loss 0.0381 | Prec 0.9243 | Rec 0.8800 | P@R0.9 0.9042
  Val  : Loss 0.0396 | Prec 0.9128 | Rec 0.8710 | P@R0.9 0.8789
Epoch 0593 | Time: 12.7s
  Train: Loss 0.0361 | Prec 0.9241 | Rec 0.8896 | P@R0.9 0.9138
  Val  : Loss 0.0394 | Prec 0.9074 | Rec 0.8739 | P@R0.9 0.8743
Epoch 0594 | Time: 12.4s
  Train: Loss 0.0348 | Prec 0.9236 | Rec 0.8886 | P@R0.9 0.9119
  Val  : Loss 0.0402 | Prec 0.9091 | Rec 0.8718 | P@R0.9 0.8742
Epoch 0595 | Time: 12.8s
  Train: Loss 0.0365 | Prec 0.9312 | Rec 0.8791 | P@R0.9 0.9121
  Val  : Loss 0.0400 | Prec 0.9153 | Rec 0.8577 | P@R0.9 0.8656
Epoch 0596 | Time: 12.6s
  Train: Loss 0.0362 | Prec 0.9249 | Rec 0.8922 | P@R0.9 0.9178
  Val  : Loss 0.0405 | Prec 0.9059 | Rec 0.8723 | P@R0.9 0.8728
Epoch 0597 | Time: 12.6s
  Train: Loss 0.0361 | Prec 0.9269 | Rec 0.8849 | P@R0.9 0.9114
  Val  : Loss 0.0402 | Prec 0.9124 | Rec 0.8641 | P@R0.9 0.8683
Epoch 0598 | Time: 12.5s
  Train: Loss 0.0359 | Prec 0.9275 | Rec 0.8938 | P@R0.9 0.9218
  Val  : Loss 0.0398 | Prec 0.9044 | Rec 0.8693 | P@R0.9 0.8665
Epoch 0599 | Time: 12.5s
  Train: Loss 0.0360 | Prec 0.9224 | Rec 0.8851 | P@R0.9 0.9072
  Val  : Loss 0.0411 | Prec 0.9085 | Rec 0.8685 | P@R0.9 0.8700
Epoch 0600 | Time: 12.7s
  Train: Loss 0.0366 | Prec 0.9295 | Rec 0.8874 | P@R0.9 0.9174
  Val  : Loss 0.0398 | Prec 0.9092 | Rec 0.8678 | P@R0.9 0.8707
Epoch 0601 | Time: 12.6s
  Train: Loss 0.0374 | Prec 0.9228 | Rec 0.8918 | P@R0.9 0.9147
  Val  : Loss 0.0397 | Prec 0.9045 | Rec 0.8698 | P@R0.9 0.8667
Epoch 0602 | Time: 12.8s
  Train: Loss 0.0378 | Prec 0.9273 | Rec 0.8860 | P@R0.9 0.9148
  Val  : Loss 0.0399 | Prec 0.9100 | Rec 0.8624 | P@R0.9 0.8644
Epoch 0603 | Time: 12.6s
  Train: Loss 0.0371 | Prec 0.9294 | Rec 0.8855 | P@R0.9 0.9169
  Val  : Loss 0.0398 | Prec 0.9117 | Rec 0.8651 | P@R0.9 0.8709
Epoch 0604 | Time: 12.5s
  Train: Loss 0.0366 | Prec 0.9274 | Rec 0.8831 | P@R0.9 0.9111
  Val  : Loss 0.0399 | Prec 0.9114 | Rec 0.8659 | P@R0.9 0.8710
Epoch 0605 | Time: 12.8s
  Train: Loss 0.0377 | Prec 0.9254 | Rec 0.8836 | P@R0.9 0.9099
  Val  : Loss 0.0402 | Prec 0.9128 | Rec 0.8674 | P@R0.9 0.8749
Epoch 0606 | Time: 12.5s
  Train: Loss 0.0369 | Prec 0.9245 | Rec 0.8913 | P@R0.9 0.9157
  Val  : Loss 0.0398 | Prec 0.9078 | Rec 0.8752 | P@R0.9 0.8783
Epoch 0607 | Time: 12.9s
  Train: Loss 0.0373 | Prec 0.9283 | Rec 0.8863 | P@R0.9 0.9154
  Val  : Loss 0.0402 | Prec 0.9094 | Rec 0.8636 | P@R0.9 0.8648
Epoch 0608 | Time: 12.4s
  Train: Loss 0.0368 | Prec 0.9284 | Rec 0.8883 | P@R0.9 0.9177
  Val  : Loss 0.0403 | Prec 0.9119 | Rec 0.8696 | P@R0.9 0.8758
Epoch 0609 | Time: 12.4s
  Train: Loss 0.0366 | Prec 0.9261 | Rec 0.8895 | P@R0.9 0.9163
  Val  : Loss 0.0398 | Prec 0.9046 | Rec 0.8651 | P@R0.9 0.8609
Epoch 0610 | Time: 12.8s
  Train: Loss 0.0382 | Prec 0.9218 | Rec 0.8881 | P@R0.9 0.9099
  Val  : Loss 0.0405 | Prec 0.9051 | Rec 0.8718 | P@R0.9 0.8697
Epoch 0611 | Time: 12.6s
  Train: Loss 0.0368 | Prec 0.9284 | Rec 0.8893 | P@R0.9 0.9185
  Val  : Loss 0.0398 | Prec 0.9104 | Rec 0.8726 | P@R0.9 0.8777
Epoch 0612 | Time: 12.5s
  Train: Loss 0.0369 | Prec 0.9261 | Rec 0.8909 | P@R0.9 0.9175
  Val  : Loss 0.0400 | Prec 0.9090 | Rec 0.8727 | P@R0.9 0.8762
Epoch 0613 | Time: 12.6s
  Train: Loss 0.0362 | Prec 0.9250 | Rec 0.8921 | P@R0.9 0.9172
  Val  : Loss 0.0399 | Prec 0.9051 | Rec 0.8693 | P@R0.9 0.8676
Epoch 0614 | Time: 12.5s
  Train: Loss 0.0361 | Prec 0.9299 | Rec 0.8919 | P@R0.9 0.9226
  Val  : Loss 0.0399 | Prec 0.9098 | Rec 0.8703 | P@R0.9 0.8743
Epoch 0615 | Time: 12.6s
  Train: Loss 0.0369 | Prec 0.9308 | Rec 0.8859 | P@R0.9 0.9183
  Val  : Loss 0.0405 | Prec 0.9130 | Rec 0.8567 | P@R0.9 0.8613
Epoch 0616 | Time: 12.8s
  Train: Loss 0.0377 | Prec 0.9274 | Rec 0.8917 | P@R0.9 0.9194
  Val  : Loss 0.0403 | Prec 0.9084 | Rec 0.8664 | P@R0.9 0.8670
Epoch 0617 | Time: 12.8s
  Train: Loss 0.0376 | Prec 0.9190 | Rec 0.8900 | P@R0.9 0.9089
  Val  : Loss 0.0401 | Prec 0.9037 | Rec 0.8731 | P@R0.9 0.8692
Epoch 0618 | Time: 12.6s
  Train: Loss 0.0358 | Prec 0.9276 | Rec 0.8849 | P@R0.9 0.9125
  Val  : Loss 0.0396 | Prec 0.9126 | Rec 0.8671 | P@R0.9 0.8749
Epoch 0619 | Time: 12.9s
  Train: Loss 0.0369 | Prec 0.9250 | Rec 0.8900 | P@R0.9 0.9148
  Val  : Loss 0.0402 | Prec 0.9107 | Rec 0.8710 | P@R0.9 0.8762
Epoch 0620 | Time: 12.8s
  Train: Loss 0.0374 | Prec 0.9320 | Rec 0.8827 | P@R0.9 0.9168
  Val  : Loss 0.0400 | Prec 0.9151 | Rec 0.8626 | P@R0.9 0.8726
Epoch 0621 | Time: 12.6s
  Train: Loss 0.0356 | Prec 0.9294 | Rec 0.8850 | P@R0.9 0.9149
  Val  : Loss 0.0400 | Prec 0.9135 | Rec 0.8646 | P@R0.9 0.8720
Epoch 0622 | Time: 12.6s
  Train: Loss 0.0363 | Prec 0.9231 | Rec 0.8949 | P@R0.9 0.9182
  Val  : Loss 0.0400 | Prec 0.9021 | Rec 0.8713 | P@R0.9 0.8643
Epoch 0623 | Time: 12.6s
  Train: Loss 0.0367 | Prec 0.9248 | Rec 0.8857 | P@R0.9 0.9104
  Val  : Loss 0.0402 | Prec 0.9102 | Rec 0.8721 | P@R0.9 0.8770
Epoch 0624 | Time: 12.6s
  Train: Loss 0.0358 | Prec 0.9303 | Rec 0.8823 | P@R0.9 0.9135
  Val  : Loss 0.0395 | Prec 0.9148 | Rec 0.8646 | P@R0.9 0.8743
Epoch 0625 | Time: 12.7s
  Train: Loss 0.0363 | Prec 0.9275 | Rec 0.8891 | P@R0.9 0.9171
  Val  : Loss 0.0398 | Prec 0.9088 | Rec 0.8641 | P@R0.9 0.8645
Epoch 0626 | Time: 12.6s
  Train: Loss 0.0360 | Prec 0.9257 | Rec 0.8864 | P@R0.9 0.9124
  Val  : Loss 0.0403 | Prec 0.9100 | Rec 0.8669 | P@R0.9 0.8704
Epoch 0627 | Time: 13.0s
  Train: Loss 0.0382 | Prec 0.9264 | Rec 0.8897 | P@R0.9 0.9167
  Val  : Loss 0.0393 | Prec 0.9082 | Rec 0.8690 | P@R0.9 0.8701
Epoch 0628 | Time: 12.7s
  Train: Loss 0.0374 | Prec 0.9251 | Rec 0.8938 | P@R0.9 0.9194
  Val  : Loss 0.0397 | Prec 0.9078 | Rec 0.8717 | P@R0.9 0.8736
Epoch 0629 | Time: 12.7s
  Train: Loss 0.0360 | Prec 0.9275 | Rec 0.8894 | P@R0.9 0.9169
  Val  : Loss 0.0396 | Prec 0.9076 | Rec 0.8666 | P@R0.9 0.8672
Epoch 0630 | Time: 12.5s
  Train: Loss 0.0365 | Prec 0.9285 | Rec 0.8885 | P@R0.9 0.9175
  Val  : Loss 0.0402 | Prec 0.9092 | Rec 0.8675 | P@R0.9 0.8703
Epoch 0631 | Time: 12.6s
  Train: Loss 0.0359 | Prec 0.9234 | Rec 0.8884 | P@R0.9 0.9115
  Val  : Loss 0.0398 | Prec 0.9099 | Rec 0.8680 | P@R0.9 0.8711
Epoch 0632 | Time: 12.9s
  Train: Loss 0.0360 | Prec 0.9278 | Rec 0.8931 | P@R0.9 0.9214
  Val  : Loss 0.0400 | Prec 0.9108 | Rec 0.8717 | P@R0.9 0.8770
Epoch 0633 | Time: 12.7s
  Train: Loss 0.0376 | Prec 0.9300 | Rec 0.8873 | P@R0.9 0.9182
  Val  : Loss 0.0403 | Prec 0.9149 | Rec 0.8704 | P@R0.9 0.8805
Epoch 0634 | Time: 12.6s
  Train: Loss 0.0362 | Prec 0.9216 | Rec 0.8882 | P@R0.9 0.9094
  Val  : Loss 0.0399 | Prec 0.9060 | Rec 0.8687 | P@R0.9 0.8674
Epoch 0635 | Time: 12.8s
  Train: Loss 0.0365 | Prec 0.9273 | Rec 0.8919 | P@R0.9 0.9197
  Val  : Loss 0.0398 | Prec 0.9107 | Rec 0.8726 | P@R0.9 0.8782
Epoch 0636 | Time: 12.9s
  Train: Loss 0.0377 | Prec 0.9261 | Rec 0.8911 | P@R0.9 0.9172
  Val  : Loss 0.0400 | Prec 0.9033 | Rec 0.8659 | P@R0.9 0.8599
Epoch 0637 | Time: 12.6s
  Train: Loss 0.0358 | Prec 0.9271 | Rec 0.8926 | P@R0.9 0.9196
  Val  : Loss 0.0401 | Prec 0.9088 | Rec 0.8709 | P@R0.9 0.8742
Epoch 0638 | Time: 12.9s
  Train: Loss 0.0367 | Prec 0.9304 | Rec 0.8924 | P@R0.9 0.9232
  Val  : Loss 0.0402 | Prec 0.9067 | Rec 0.8613 | P@R0.9 0.8557
Epoch 0639 | Time: 12.6s
  Train: Loss 0.0372 | Prec 0.9261 | Rec 0.8910 | P@R0.9 0.9173
  Val  : Loss 0.0398 | Prec 0.9073 | Rec 0.8679 | P@R0.9 0.8664
Epoch 0640 | Time: 12.6s
  Train: Loss 0.0367 | Prec 0.9336 | Rec 0.8854 | P@R0.9 0.9203
  Val  : Loss 0.0398 | Prec 0.9140 | Rec 0.8607 | P@R0.9 0.8671
Epoch 0641 | Time: 12.8s
  Train: Loss 0.0368 | Prec 0.9266 | Rec 0.8881 | P@R0.9 0.9151
  Val  : Loss 0.0401 | Prec 0.9118 | Rec 0.8685 | P@R0.9 0.8742
Epoch 0642 | Time: 12.7s
  Train: Loss 0.0352 | Prec 0.9280 | Rec 0.8876 | P@R0.9 0.9160
  Val  : Loss 0.0398 | Prec 0.9145 | Rec 0.8685 | P@R0.9 0.8792
Epoch 0643 | Time: 12.8s
  Train: Loss 0.0368 | Prec 0.9283 | Rec 0.8877 | P@R0.9 0.9170
  Val  : Loss 0.0403 | Prec 0.9134 | Rec 0.8663 | P@R0.9 0.8742
Epoch 0644 | Time: 12.7s
  Train: Loss 0.0357 | Prec 0.9288 | Rec 0.8907 | P@R0.9 0.9204
  Val  : Loss 0.0391 | Prec 0.9088 | Rec 0.8687 | P@R0.9 0.8721
Epoch 0645 | Time: 12.6s
  Train: Loss 0.0354 | Prec 0.9240 | Rec 0.9006 | P@R0.9 0.9246
  Val  : Loss 0.0403 | Prec 0.9003 | Rec 0.8739 | P@R0.9 0.8657
Epoch 0646 | Time: 12.7s
  Train: Loss 0.0373 | Prec 0.9291 | Rec 0.8891 | P@R0.9 0.9188
  Val  : Loss 0.0405 | Prec 0.9137 | Rec 0.8697 | P@R0.9 0.8794
Epoch 0647 | Time: 12.7s
  Train: Loss 0.0362 | Prec 0.9236 | Rec 0.8927 | P@R0.9 0.9161
  Val  : Loss 0.0396 | Prec 0.9073 | Rec 0.8740 | P@R0.9 0.8738
Epoch 0648 | Time: 12.4s
  Train: Loss 0.0371 | Prec 0.9281 | Rec 0.8857 | P@R0.9 0.9145
  Val  : Loss 0.0399 | Prec 0.9143 | Rec 0.8672 | P@R0.9 0.8763
Epoch 0649 | Time: 12.7s
  Train: Loss 0.0372 | Prec 0.9260 | Rec 0.8861 | P@R0.9 0.9124
  Val  : Loss 0.0393 | Prec 0.9111 | Rec 0.8709 | P@R0.9 0.8776
Epoch 0650 | Time: 12.6s
  Train: Loss 0.0361 | Prec 0.9288 | Rec 0.8919 | P@R0.9 0.9213
  Val  : Loss 0.0395 | Prec 0.9070 | Rec 0.8679 | P@R0.9 0.8675
Epoch 0651 | Time: 12.8s
  Train: Loss 0.0355 | Prec 0.9257 | Rec 0.8883 | P@R0.9 0.9142
  Val  : Loss 0.0400 | Prec 0.9104 | Rec 0.8712 | P@R0.9 0.8760
Epoch 0652 | Time: 12.8s
  Train: Loss 0.0352 | Prec 0.9288 | Rec 0.8905 | P@R0.9 0.9195
  Val  : Loss 0.0394 | Prec 0.9077 | Rec 0.8678 | P@R0.9 0.8677
Epoch 0653 | Time: 12.4s
  Train: Loss 0.0362 | Prec 0.9257 | Rec 0.8902 | P@R0.9 0.9161
  Val  : Loss 0.0398 | Prec 0.9086 | Rec 0.8688 | P@R0.9 0.8707
Epoch 0654 | Time: 12.8s
  Train: Loss 0.0364 | Prec 0.9274 | Rec 0.8867 | P@R0.9 0.9142
  Val  : Loss 0.0392 | Prec 0.9117 | Rec 0.8644 | P@R0.9 0.8690
Epoch 0655 | Time: 12.8s
  Train: Loss 0.0351 | Prec 0.9284 | Rec 0.8914 | P@R0.9 0.9206
  Val  : Loss 0.0393 | Prec 0.9089 | Rec 0.8628 | P@R0.9 0.8631
Epoch 0656 | Time: 12.9s
  Train: Loss 0.0350 | Prec 0.9263 | Rec 0.8981 | P@R0.9 0.9245
  Val  : Loss 0.0399 | Prec 0.9032 | Rec 0.8689 | P@R0.9 0.8639
Epoch 0657 | Time: 12.8s
  Train: Loss 0.0349 | Prec 0.9305 | Rec 0.8907 | P@R0.9 0.9219
  Val  : Loss 0.0399 | Prec 0.9094 | Rec 0.8599 | P@R0.9 0.8605
Epoch 0658 | Time: 12.6s
  Train: Loss 0.0363 | Prec 0.9252 | Rec 0.8882 | P@R0.9 0.9136
  Val  : Loss 0.0398 | Prec 0.9069 | Rec 0.8683 | P@R0.9 0.8684
Epoch 0659 | Time: 12.6s
  Train: Loss 0.0362 | Prec 0.9306 | Rec 0.8871 | P@R0.9 0.9191
  Val  : Loss 0.0401 | Prec 0.9164 | Rec 0.8681 | P@R0.9 0.8819
Epoch 0660 | Time: 12.6s
  Train: Loss 0.0348 | Prec 0.9288 | Rec 0.8884 | P@R0.9 0.9177
  Val  : Loss 0.0397 | Prec 0.9126 | Rec 0.8662 | P@R0.9 0.8728
Epoch 0661 | Time: 12.6s
  Train: Loss 0.0371 | Prec 0.9277 | Rec 0.8896 | P@R0.9 0.9183
  Val  : Loss 0.0401 | Prec 0.9102 | Rec 0.8721 | P@R0.9 0.8770
Epoch 0662 | Time: 12.7s
  Train: Loss 0.0360 | Prec 0.9253 | Rec 0.8867 | P@R0.9 0.9115
  Val  : Loss 0.0400 | Prec 0.9109 | Rec 0.8680 | P@R0.9 0.8718
Epoch 0663 | Time: 12.8s
  Train: Loss 0.0357 | Prec 0.9257 | Rec 0.8924 | P@R0.9 0.9184
  Val  : Loss 0.0394 | Prec 0.9085 | Rec 0.8712 | P@R0.9 0.8735
Epoch 0664 | Time: 12.7s
  Train: Loss 0.0370 | Prec 0.9270 | Rec 0.8945 | P@R0.9 0.9218
  Val  : Loss 0.0398 | Prec 0.9057 | Rec 0.8720 | P@R0.9 0.8723
Epoch 0665 | Time: 12.6s
  Train: Loss 0.0357 | Prec 0.9231 | Rec 0.8899 | P@R0.9 0.9128
  Val  : Loss 0.0401 | Prec 0.9076 | Rec 0.8699 | P@R0.9 0.8701
Epoch 0666 | Time: 12.8s
  Train: Loss 0.0365 | Prec 0.9284 | Rec 0.8897 | P@R0.9 0.9185
  Val  : Loss 0.0395 | Prec 0.9094 | Rec 0.8665 | P@R0.9 0.8679
Epoch 0667 | Time: 12.5s
  Train: Loss 0.0370 | Prec 0.9244 | Rec 0.8957 | P@R0.9 0.9204
  Val  : Loss 0.0400 | Prec 0.9087 | Rec 0.8787 | P@R0.9 0.8834
Epoch 0668 | Time: 12.6s
  Train: Loss 0.0361 | Prec 0.9246 | Rec 0.8912 | P@R0.9 0.9162
  Val  : Loss 0.0399 | Prec 0.9097 | Rec 0.8735 | P@R0.9 0.8781
Epoch 0669 | Time: 12.9s
  Train: Loss 0.0364 | Prec 0.9294 | Rec 0.8933 | P@R0.9 0.9238
  Val  : Loss 0.0400 | Prec 0.9096 | Rec 0.8682 | P@R0.9 0.8709
Epoch 0670 | Time: 12.6s
  Train: Loss 0.0363 | Prec 0.9304 | Rec 0.8880 | P@R0.9 0.9192
  Val  : Loss 0.0398 | Prec 0.9116 | Rec 0.8634 | P@R0.9 0.8673
Epoch 0671 | Time: 12.8s
  Train: Loss 0.0367 | Prec 0.9265 | Rec 0.8956 | P@R0.9 0.9225
  Val  : Loss 0.0396 | Prec 0.9061 | Rec 0.8719 | P@R0.9 0.8722
Epoch 0672 | Time: 12.7s
  Train: Loss 0.0368 | Prec 0.9259 | Rec 0.8818 | P@R0.9 0.9083
  Val  : Loss 0.0397 | Prec 0.9163 | Rec 0.8678 | P@R0.9 0.8794
Epoch 0673 | Time: 12.8s
  Train: Loss 0.0372 | Prec 0.9235 | Rec 0.8894 | P@R0.9 0.9132
  Val  : Loss 0.0395 | Prec 0.9097 | Rec 0.8757 | P@R0.9 0.8826
Epoch 0674 | Time: 12.9s
  Train: Loss 0.0367 | Prec 0.9261 | Rec 0.8889 | P@R0.9 0.9161
  Val  : Loss 0.0393 | Prec 0.9116 | Rec 0.8692 | P@R0.9 0.8762
Epoch 0675 | Time: 12.7s
  Train: Loss 0.0368 | Prec 0.9244 | Rec 0.8865 | P@R0.9 0.9112
  Val  : Loss 0.0397 | Prec 0.9084 | Rec 0.8705 | P@R0.9 0.8734
Epoch 0676 | Time: 12.5s
  Train: Loss 0.0362 | Prec 0.9291 | Rec 0.8873 | P@R0.9 0.9168
  Val  : Loss 0.0389 | Prec 0.9135 | Rec 0.8697 | P@R0.9 0.8796
Epoch 0677 | Time: 12.7s
  Train: Loss 0.0356 | Prec 0.9276 | Rec 0.8903 | P@R0.9 0.9188
  Val  : Loss 0.0394 | Prec 0.9129 | Rec 0.8693 | P@R0.9 0.8768
Epoch 0678 | Time: 12.6s
  Train: Loss 0.0354 | Prec 0.9246 | Rec 0.8888 | P@R0.9 0.9138
  Val  : Loss 0.0392 | Prec 0.9092 | Rec 0.8715 | P@R0.9 0.8748
Epoch 0679 | Time: 12.8s
  Train: Loss 0.0375 | Prec 0.9344 | Rec 0.8827 | P@R0.9 0.9193
  Val  : Loss 0.0395 | Prec 0.9195 | Rec 0.8617 | P@R0.9 0.8772
Epoch 0680 | Time: 12.7s
  Train: Loss 0.0367 | Prec 0.9252 | Rec 0.8885 | P@R0.9 0.9144
  Val  : Loss 0.0390 | Prec 0.9097 | Rec 0.8684 | P@R0.9 0.8710
Epoch 0681 | Time: 12.8s
  Train: Loss 0.0373 | Prec 0.9274 | Rec 0.8893 | P@R0.9 0.9171
  Val  : Loss 0.0392 | Prec 0.9129 | Rec 0.8720 | P@R0.9 0.8809
Epoch 0682 | Time: 12.7s
  Train: Loss 0.0368 | Prec 0.9194 | Rec 0.8936 | P@R0.9 0.9130
  Val  : Loss 0.0391 | Prec 0.9037 | Rec 0.8779 | P@R0.9 0.8767
Epoch 0683 | Time: 12.9s
  Train: Loss 0.0368 | Prec 0.9247 | Rec 0.8946 | P@R0.9 0.9197
  Val  : Loss 0.0390 | Prec 0.9063 | Rec 0.8766 | P@R0.9 0.8786
Epoch 0684 | Time: 12.8s
  Train: Loss 0.0356 | Prec 0.9277 | Rec 0.8938 | P@R0.9 0.9221
  Val  : Loss 0.0396 | Prec 0.9106 | Rec 0.8722 | P@R0.9 0.8778
Epoch 0685 | Time: 12.5s
  Train: Loss 0.0360 | Prec 0.9289 | Rec 0.8880 | P@R0.9 0.9172
  Val  : Loss 0.0398 | Prec 0.9139 | Rec 0.8713 | P@R0.9 0.8801
Epoch 0686 | Time: 12.7s
  Train: Loss 0.0380 | Prec 0.9282 | Rec 0.8878 | P@R0.9 0.9166
  Val  : Loss 0.0398 | Prec 0.9136 | Rec 0.8707 | P@R0.9 0.8799
Epoch 0687 | Time: 12.5s
  Train: Loss 0.0371 | Prec 0.9248 | Rec 0.8939 | P@R0.9 0.9192
  Val  : Loss 0.0390 | Prec 0.9075 | Rec 0.8737 | P@R0.9 0.8768
Epoch 0688 | Time: 12.6s
  Train: Loss 0.0359 | Prec 0.9265 | Rec 0.8943 | P@R0.9 0.9212
  Val  : Loss 0.0395 | Prec 0.9130 | Rec 0.8764 | P@R0.9 0.8847
Epoch 0689 | Time: 12.7s
  Train: Loss 0.0357 | Prec 0.9262 | Rec 0.8937 | P@R0.9 0.9200
  Val  : Loss 0.0393 | Prec 0.9090 | Rec 0.8765 | P@R0.9 0.8812
Epoch 0690 | Time: 12.8s
  Train: Loss 0.0346 | Prec 0.9293 | Rec 0.8898 | P@R0.9 0.9196
  Val  : Loss 0.0395 | Prec 0.9126 | Rec 0.8683 | P@R0.9 0.8753
Epoch 0691 | Time: 12.7s
  Train: Loss 0.0363 | Prec 0.9304 | Rec 0.8941 | P@R0.9 0.9251
  Val  : Loss 0.0396 | Prec 0.9104 | Rec 0.8707 | P@R0.9 0.8755
Epoch 0692 | Time: 12.6s
  Train: Loss 0.0355 | Prec 0.9304 | Rec 0.8899 | P@R0.9 0.9213
  Val  : Loss 0.0395 | Prec 0.9139 | Rec 0.8667 | P@R0.9 0.8752
Epoch 0693 | Time: 12.7s
  Train: Loss 0.0349 | Prec 0.9246 | Rec 0.8928 | P@R0.9 0.9175
  Val  : Loss 0.0394 | Prec 0.9063 | Rec 0.8716 | P@R0.9 0.8714
Epoch 0694 | Time: 12.6s
  Train: Loss 0.0357 | Prec 0.9307 | Rec 0.8908 | P@R0.9 0.9224
  Val  : Loss 0.0395 | Prec 0.9128 | Rec 0.8711 | P@R0.9 0.8785
Epoch 0695 | Time: 12.7s
  Train: Loss 0.0379 | Prec 0.9270 | Rec 0.8956 | P@R0.9 0.9231
  Val  : Loss 0.0401 | Prec 0.9108 | Rec 0.8759 | P@R0.9 0.8814
Epoch 0696 | Time: 12.6s
  Train: Loss 0.0359 | Prec 0.9169 | Rec 0.9004 | P@R0.9 0.9172
  Val  : Loss 0.0402 | Prec 0.8976 | Rec 0.8837 | P@R0.9 0.8749
Epoch 0697 | Time: 12.5s
  Train: Loss 0.0359 | Prec 0.9306 | Rec 0.8895 | P@R0.9 0.9210
  Val  : Loss 0.0392 | Prec 0.9129 | Rec 0.8671 | P@R0.9 0.8750
Epoch 0698 | Time: 12.7s
  Train: Loss 0.0342 | Prec 0.9258 | Rec 0.8905 | P@R0.9 0.9163
  Val  : Loss 0.0391 | Prec 0.9072 | Rec 0.8707 | P@R0.9 0.8703
Epoch 0699 | Time: 12.8s
  Train: Loss 0.0357 | Prec 0.9267 | Rec 0.8912 | P@R0.9 0.9185
  Val  : Loss 0.0394 | Prec 0.9082 | Rec 0.8671 | P@R0.9 0.8683
Epoch 0700 | Time: 12.8s
  Train: Loss 0.0363 | Prec 0.9248 | Rec 0.8908 | P@R0.9 0.9159
  Val  : Loss 0.0391 | Prec 0.9070 | Rec 0.8706 | P@R0.9 0.8710
Epoch 0701 | Time: 12.8s
  Train: Loss 0.0349 | Prec 0.9262 | Rec 0.8900 | P@R0.9 0.9165
  Val  : Loss 0.0387 | Prec 0.9092 | Rec 0.8691 | P@R0.9 0.8714
Epoch 0702 | Time: 12.8s
  Train: Loss 0.0362 | Prec 0.9270 | Rec 0.8855 | P@R0.9 0.9133
  Val  : Loss 0.0389 | Prec 0.9121 | Rec 0.8627 | P@R0.9 0.8670
Epoch 0703 | Time: 12.7s
  Train: Loss 0.0352 | Prec 0.9262 | Rec 0.8907 | P@R0.9 0.9169
  Val  : Loss 0.0390 | Prec 0.9091 | Rec 0.8691 | P@R0.9 0.8717
Epoch 0704 | Time: 12.9s
  Train: Loss 0.0372 | Prec 0.9224 | Rec 0.9002 | P@R0.9 0.9225
  Val  : Loss 0.0397 | Prec 0.9009 | Rec 0.8770 | P@R0.9 0.8708
Epoch 0705 | Time: 12.7s
  Train: Loss 0.0358 | Prec 0.9278 | Rec 0.8915 | P@R0.9 0.9199
  Val  : Loss 0.0400 | Prec 0.9092 | Rec 0.8693 | P@R0.9 0.8724
Epoch 0706 | Time: 12.6s
  Train: Loss 0.0357 | Prec 0.9248 | Rec 0.8922 | P@R0.9 0.9170
  Val  : Loss 0.0391 | Prec 0.9086 | Rec 0.8741 | P@R0.9 0.8767
Epoch 0707 | Time: 12.9s
  Train: Loss 0.0357 | Prec 0.9287 | Rec 0.8955 | P@R0.9 0.9246
  Val  : Loss 0.0388 | Prec 0.9095 | Rec 0.8691 | P@R0.9 0.8714
Epoch 0708 | Time: 12.7s
  Train: Loss 0.0368 | Prec 0.9228 | Rec 0.8992 | P@R0.9 0.9220
  Val  : Loss 0.0400 | Prec 0.8998 | Rec 0.8741 | P@R0.9 0.8665
Epoch 0709 | Time: 12.7s
  Train: Loss 0.0366 | Prec 0.9273 | Rec 0.8944 | P@R0.9 0.9221
  Val  : Loss 0.0397 | Prec 0.9084 | Rec 0.8713 | P@R0.9 0.8736
Epoch 0710 | Time: 12.7s
  Train: Loss 0.0373 | Prec 0.9296 | Rec 0.8892 | P@R0.9 0.9198
  Val  : Loss 0.0391 | Prec 0.9132 | Rec 0.8681 | P@R0.9 0.8762
Epoch 0711 | Time: 12.6s
  Train: Loss 0.0351 | Prec 0.9304 | Rec 0.8862 | P@R0.9 0.9180
  Val  : Loss 0.0392 | Prec 0.9147 | Rec 0.8662 | P@R0.9 0.8760
Epoch 0712 | Time: 12.6s
  Train: Loss 0.0355 | Prec 0.9263 | Rec 0.8918 | P@R0.9 0.9178
  Val  : Loss 0.0390 | Prec 0.9100 | Rec 0.8725 | P@R0.9 0.8775
Epoch 0713 | Time: 12.9s
  Train: Loss 0.0347 | Prec 0.9314 | Rec 0.8872 | P@R0.9 0.9197
  Val  : Loss 0.0396 | Prec 0.9158 | Rec 0.8648 | P@R0.9 0.8754
Epoch 0714 | Time: 12.7s
  Train: Loss 0.0358 | Prec 0.9309 | Rec 0.8880 | P@R0.9 0.9201
  Val  : Loss 0.0394 | Prec 0.9129 | Rec 0.8684 | P@R0.9 0.8769
Epoch 0715 | Time: 12.5s
  Train: Loss 0.0352 | Prec 0.9280 | Rec 0.8929 | P@R0.9 0.9216
  Val  : Loss 0.0398 | Prec 0.9139 | Rec 0.8730 | P@R0.9 0.8836
Epoch 0716 | Time: 12.9s
  Train: Loss 0.0352 | Prec 0.9264 | Rec 0.8948 | P@R0.9 0.9210
  Val  : Loss 0.0398 | Prec 0.9104 | Rec 0.8741 | P@R0.9 0.8788
Epoch 0717 | Time: 12.7s
  Train: Loss 0.0363 | Prec 0.9257 | Rec 0.8950 | P@R0.9 0.9208
  Val  : Loss 0.0395 | Prec 0.9091 | Rec 0.8752 | P@R0.9 0.8797
Epoch 0718 | Time: 12.7s
  Train: Loss 0.0358 | Prec 0.9293 | Rec 0.8866 | P@R0.9 0.9166
  Val  : Loss 0.0396 | Prec 0.9175 | Rec 0.8718 | P@R0.9 0.8863
Epoch 0719 | Time: 12.6s
  Train: Loss 0.0358 | Prec 0.9303 | Rec 0.8867 | P@R0.9 0.9183
  Val  : Loss 0.0396 | Prec 0.9149 | Rec 0.8700 | P@R0.9 0.8799
Epoch 0720 | Time: 12.8s
  Train: Loss 0.0363 | Prec 0.9329 | Rec 0.8919 | P@R0.9 0.9257
  Val  : Loss 0.0391 | Prec 0.9141 | Rec 0.8667 | P@R0.9 0.8757
Epoch 0721 | Time: 12.6s
  Train: Loss 0.0360 | Prec 0.9239 | Rec 0.8995 | P@R0.9 0.9235
  Val  : Loss 0.0392 | Prec 0.9028 | Rec 0.8728 | P@R0.9 0.8683
Epoch 0722 | Time: 12.5s
  Train: Loss 0.0354 | Prec 0.9269 | Rec 0.8949 | P@R0.9 0.9219
  Val  : Loss 0.0395 | Prec 0.9092 | Rec 0.8750 | P@R0.9 0.8792
Epoch 0723 | Time: 12.7s
  Train: Loss 0.0370 | Prec 0.9297 | Rec 0.8820 | P@R0.9 0.9135
  Val  : Loss 0.0396 | Prec 0.9183 | Rec 0.8659 | P@R0.9 0.8816
Epoch 0724 | Time: 12.7s
  Train: Loss 0.0363 | Prec 0.9284 | Rec 0.8927 | P@R0.9 0.9221
  Val  : Loss 0.0390 | Prec 0.9129 | Rec 0.8747 | P@R0.9 0.8838
Epoch 0725 | Time: 12.7s
  Train: Loss 0.0365 | Prec 0.9296 | Rec 0.8927 | P@R0.9 0.9231
  Val  : Loss 0.0392 | Prec 0.9098 | Rec 0.8679 | P@R0.9 0.8709
Epoch 0726 | Time: 12.6s
  Train: Loss 0.0367 | Prec 0.9280 | Rec 0.8979 | P@R0.9 0.9259
  Val  : Loss 0.0386 | Prec 0.9054 | Rec 0.8710 | P@R0.9 0.8684
Epoch 0727 | Time: 12.7s
  Train: Loss 0.0355 | Prec 0.9244 | Rec 0.8928 | P@R0.9 0.9171
  Val  : Loss 0.0391 | Prec 0.9050 | Rec 0.8681 | P@R0.9 0.8641
Epoch 0728 | Time: 12.7s
  Train: Loss 0.0361 | Prec 0.9370 | Rec 0.8847 | P@R0.9 0.9239
  Val  : Loss 0.0395 | Prec 0.9217 | Rec 0.8615 | P@R0.9 0.8818
Epoch 0729 | Time: 12.6s
  Train: Loss 0.0356 | Prec 0.9221 | Rec 0.8895 | P@R0.9 0.9118
  Val  : Loss 0.0399 | Prec 0.9109 | Rec 0.8757 | P@R0.9 0.8828
Epoch 0730 | Time: 12.6s
  Train: Loss 0.0354 | Prec 0.9277 | Rec 0.8867 | P@R0.9 0.9146
  Val  : Loss 0.0389 | Prec 0.9134 | Rec 0.8712 | P@R0.9 0.8808
Epoch 0731 | Time: 12.8s
  Train: Loss 0.0353 | Prec 0.9282 | Rec 0.8965 | P@R0.9 0.9251
  Val  : Loss 0.0393 | Prec 0.9087 | Rec 0.8734 | P@R0.9 0.8767
Epoch 0732 | Time: 12.6s
  Train: Loss 0.0366 | Prec 0.9325 | Rec 0.8880 | P@R0.9 0.9223
  Val  : Loss 0.0400 | Prec 0.9173 | Rec 0.8655 | P@R0.9 0.8776
Epoch 0733 | Time: 12.5s
  Train: Loss 0.0372 | Prec 0.9258 | Rec 0.8951 | P@R0.9 0.9214
  Val  : Loss 0.0399 | Prec 0.9097 | Rec 0.8769 | P@R0.9 0.8825
Epoch 0734 | Time: 12.6s
  Train: Loss 0.0363 | Prec 0.9294 | Rec 0.8926 | P@R0.9 0.9225
  Val  : Loss 0.0389 | Prec 0.9121 | Rec 0.8729 | P@R0.9 0.8801
Epoch 0735 | Time: 12.9s
  Train: Loss 0.0372 | Prec 0.9307 | Rec 0.8898 | P@R0.9 0.9214
  Val  : Loss 0.0386 | Prec 0.9101 | Rec 0.8651 | P@R0.9 0.8671
Epoch 0736 | Time: 12.6s
  Train: Loss 0.0357 | Prec 0.9249 | Rec 0.8896 | P@R0.9 0.9150
  Val  : Loss 0.0388 | Prec 0.9089 | Rec 0.8717 | P@R0.9 0.8751
Epoch 0737 | Time: 12.7s
  Train: Loss 0.0364 | Prec 0.9314 | Rec 0.8833 | P@R0.9 0.9162
  Val  : Loss 0.0387 | Prec 0.9173 | Rec 0.8656 | P@R0.9 0.8784
Epoch 0738 | Time: 12.7s
  Train: Loss 0.0362 | Prec 0.9288 | Rec 0.8953 | P@R0.9 0.9241
  Val  : Loss 0.0387 | Prec 0.9118 | Rec 0.8768 | P@R0.9 0.8845
Epoch 0739 | Time: 12.5s
  Train: Loss 0.0361 | Prec 0.9242 | Rec 0.8915 | P@R0.9 0.9161
  Val  : Loss 0.0389 | Prec 0.9080 | Rec 0.8745 | P@R0.9 0.8768
Epoch 0740 | Time: 12.6s
  Train: Loss 0.0349 | Prec 0.9214 | Rec 0.8938 | P@R0.9 0.9149
  Val  : Loss 0.0386 | Prec 0.9057 | Rec 0.8769 | P@R0.9 0.8762
Epoch 0741 | Time: 12.7s
  Train: Loss 0.0367 | Prec 0.9318 | Rec 0.8769 | P@R0.9 0.9111
  Val  : Loss 0.0389 | Prec 0.9224 | Rec 0.8669 | P@R0.9 0.8886
Epoch 0742 | Time: 12.8s
  Train: Loss 0.0360 | Prec 0.9348 | Rec 0.8857 | P@R0.9 0.9222
  Val  : Loss 0.0387 | Prec 0.9205 | Rec 0.8669 | P@R0.9 0.8842
Epoch 0743 | Time: 12.6s
  Train: Loss 0.0355 | Prec 0.9280 | Rec 0.8882 | P@R0.9 0.9170
  Val  : Loss 0.0392 | Prec 0.9144 | Rec 0.8712 | P@R0.9 0.8831
Epoch 0744 | Time: 12.7s
  Train: Loss 0.0362 | Prec 0.9304 | Rec 0.8895 | P@R0.9 0.9204
  Val  : Loss 0.0386 | Prec 0.9129 | Rec 0.8685 | P@R0.9 0.8751
Epoch 0745 | Time: 12.6s
  Train: Loss 0.0352 | Prec 0.9246 | Rec 0.8926 | P@R0.9 0.9176
  Val  : Loss 0.0388 | Prec 0.9134 | Rec 0.8797 | P@R0.9 0.8895
Epoch 0746 | Time: 12.9s
  Train: Loss 0.0353 | Prec 0.9322 | Rec 0.8920 | P@R0.9 0.9245
  Val  : Loss 0.0392 | Prec 0.9133 | Rec 0.8698 | P@R0.9 0.8790
Epoch 0747 | Time: 12.6s
  Train: Loss 0.0367 | Prec 0.9263 | Rec 0.8940 | P@R0.9 0.9207
  Val  : Loss 0.0388 | Prec 0.9080 | Rec 0.8700 | P@R0.9 0.8712
Epoch 0748 | Time: 12.6s
  Train: Loss 0.0360 | Prec 0.9222 | Rec 0.8944 | P@R0.9 0.9167
  Val  : Loss 0.0391 | Prec 0.9061 | Rec 0.8789 | P@R0.9 0.8802
Epoch 0749 | Time: 12.8s
  Train: Loss 0.0349 | Prec 0.9309 | Rec 0.8914 | P@R0.9 0.9224
  Val  : Loss 0.0390 | Prec 0.9124 | Rec 0.8711 | P@R0.9 0.8781
Epoch 0750 | Time: 12.5s
  Train: Loss 0.0354 | Prec 0.9252 | Rec 0.8970 | P@R0.9 0.9223
  Val  : Loss 0.0393 | Prec 0.9071 | Rec 0.8767 | P@R0.9 0.8780
Epoch 0751 | Time: 12.5s
  Train: Loss 0.0349 | Prec 0.9295 | Rec 0.8967 | P@R0.9 0.9264
  Val  : Loss 0.0395 | Prec 0.9112 | Rec 0.8747 | P@R0.9 0.8821
Epoch 0752 | Time: 12.6s
  Train: Loss 0.0348 | Prec 0.9347 | Rec 0.8925 | P@R0.9 0.9280
  Val  : Loss 0.0395 | Prec 0.9171 | Rec 0.8636 | P@R0.9 0.8749
Epoch 0753 | Time: 12.6s
  Train: Loss 0.0356 | Prec 0.9246 | Rec 0.8968 | P@R0.9 0.9213
  Val  : Loss 0.0401 | Prec 0.9075 | Rec 0.8770 | P@R0.9 0.8802
Epoch 0754 | Time: 12.8s
  Train: Loss 0.0358 | Prec 0.9266 | Rec 0.8912 | P@R0.9 0.9173
  Val  : Loss 0.0394 | Prec 0.9124 | Rec 0.8732 | P@R0.9 0.8806
Epoch 0755 | Time: 12.7s
  Train: Loss 0.0345 | Prec 0.9334 | Rec 0.8900 | P@R0.9 0.9246
  Val  : Loss 0.0395 | Prec 0.9179 | Rec 0.8682 | P@R0.9 0.8825
Epoch 0756 | Time: 12.7s
  Train: Loss 0.0369 | Prec 0.9226 | Rec 0.8936 | P@R0.9 0.9168
  Val  : Loss 0.0391 | Prec 0.9054 | Rec 0.8726 | P@R0.9 0.8711
Epoch 0757 | Time: 12.8s
  Train: Loss 0.0346 | Prec 0.9249 | Rec 0.8949 | P@R0.9 0.9198
  Val  : Loss 0.0381 | Prec 0.9079 | Rec 0.8709 | P@R0.9 0.8716
Epoch 0758 | Time: 12.8s
  Train: Loss 0.0351 | Prec 0.9305 | Rec 0.8938 | P@R0.9 0.9248
  Val  : Loss 0.0395 | Prec 0.9115 | Rec 0.8677 | P@R0.9 0.8737
Epoch 0759 | Time: 12.7s
  Train: Loss 0.0354 | Prec 0.9281 | Rec 0.8929 | P@R0.9 0.9212
  Val  : Loss 0.0396 | Prec 0.9123 | Rec 0.8727 | P@R0.9 0.8794
Epoch 0760 | Time: 12.8s
  Train: Loss 0.0366 | Prec 0.9349 | Rec 0.8864 | P@R0.9 0.9236
  Val  : Loss 0.0397 | Prec 0.9194 | Rec 0.8649 | P@R0.9 0.8816
Epoch 0761 | Time: 12.7s
  Train: Loss 0.0353 | Prec 0.9288 | Rec 0.8952 | P@R0.9 0.9249
  Val  : Loss 0.0388 | Prec 0.9125 | Rec 0.8724 | P@R0.9 0.8789
Epoch 0762 | Time: 12.7s
  Train: Loss 0.0347 | Prec 0.9248 | Rec 0.8981 | P@R0.9 0.9229
  Val  : Loss 0.0392 | Prec 0.9068 | Rec 0.8759 | P@R0.9 0.8772
Epoch 0763 | Time: 12.5s
  Train: Loss 0.0352 | Prec 0.9287 | Rec 0.8917 | P@R0.9 0.9214
  Val  : Loss 0.0386 | Prec 0.9117 | Rec 0.8704 | P@R0.9 0.8762
Epoch 0764 | Time: 12.7s
  Train: Loss 0.0371 | Prec 0.9302 | Rec 0.8900 | P@R0.9 0.9214
  Val  : Loss 0.0386 | Prec 0.9140 | Rec 0.8708 | P@R0.9 0.8812
Epoch 0765 | Time: 12.8s
  Train: Loss 0.0342 | Prec 0.9282 | Rec 0.8938 | P@R0.9 0.9225
  Val  : Loss 0.0390 | Prec 0.9128 | Rec 0.8742 | P@R0.9 0.8832
Epoch 0766 | Time: 12.7s
  Train: Loss 0.0366 | Prec 0.9303 | Rec 0.8919 | P@R0.9 0.9228
  Val  : Loss 0.0389 | Prec 0.9110 | Rec 0.8696 | P@R0.9 0.8736
Epoch 0767 | Time: 12.8s
  Train: Loss 0.0356 | Prec 0.9237 | Rec 0.8920 | P@R0.9 0.9153
  Val  : Loss 0.0386 | Prec 0.9069 | Rec 0.8747 | P@R0.9 0.8754
Epoch 0768 | Time: 12.7s
  Train: Loss 0.0355 | Prec 0.9283 | Rec 0.8965 | P@R0.9 0.9253
  Val  : Loss 0.0389 | Prec 0.9099 | Rec 0.8766 | P@R0.9 0.8815
Epoch 0769 | Time: 12.5s
  Train: Loss 0.0361 | Prec 0.9297 | Rec 0.8951 | P@R0.9 0.9253
  Val  : Loss 0.0385 | Prec 0.9092 | Rec 0.8689 | P@R0.9 0.8702
Epoch 0770 | Time: 12.6s
  Train: Loss 0.0353 | Prec 0.9293 | Rec 0.8923 | P@R0.9 0.9222
  Val  : Loss 0.0386 | Prec 0.9099 | Rec 0.8713 | P@R0.9 0.8753
Epoch 0771 | Time: 12.7s
  Train: Loss 0.0348 | Prec 0.9302 | Rec 0.8904 | P@R0.9 0.9210
  Val  : Loss 0.0384 | Prec 0.9121 | Rec 0.8683 | P@R0.9 0.8755
Epoch 0772 | Time: 12.4s
  Train: Loss 0.0349 | Prec 0.9333 | Rec 0.8871 | P@R0.9 0.9219
  Val  : Loss 0.0382 | Prec 0.9127 | Rec 0.8662 | P@R0.9 0.8714
Epoch 0773 | Time: 12.6s
  Train: Loss 0.0356 | Prec 0.9327 | Rec 0.8918 | P@R0.9 0.9259
  Val  : Loss 0.0390 | Prec 0.9156 | Rec 0.8720 | P@R0.9 0.8839
Epoch 0774 | Time: 12.6s
  Train: Loss 0.0360 | Prec 0.9275 | Rec 0.8991 | P@R0.9 0.9266
  Val  : Loss 0.0388 | Prec 0.9036 | Rec 0.8731 | P@R0.9 0.8691
Epoch 0775 | Time: 12.7s
  Train: Loss 0.0359 | Prec 0.9266 | Rec 0.8972 | P@R0.9 0.9239
  Val  : Loss 0.0394 | Prec 0.9099 | Rec 0.8770 | P@R0.9 0.8823
Epoch 0776 | Time: 12.6s
  Train: Loss 0.0357 | Prec 0.9276 | Rec 0.8888 | P@R0.9 0.9170
  Val  : Loss 0.0387 | Prec 0.9088 | Rec 0.8675 | P@R0.9 0.8684
Epoch 0777 | Time: 12.6s
  Train: Loss 0.0361 | Prec 0.9291 | Rec 0.8940 | P@R0.9 0.9240
  Val  : Loss 0.0387 | Prec 0.9153 | Rec 0.8775 | P@R0.9 0.8897
Epoch 0778 | Time: 12.8s
  Train: Loss 0.0347 | Prec 0.9276 | Rec 0.8946 | P@R0.9 0.9223
  Val  : Loss 0.0385 | Prec 0.9094 | Rec 0.8724 | P@R0.9 0.8766
Epoch 0779 | Time: 12.8s
  Train: Loss 0.0344 | Prec 0.9260 | Rec 0.8961 | P@R0.9 0.9222
  Val  : Loss 0.0390 | Prec 0.9089 | Rec 0.8756 | P@R0.9 0.8795
Epoch 0780 | Time: 12.9s
  Train: Loss 0.0355 | Prec 0.9258 | Rec 0.8900 | P@R0.9 0.9163
  Val  : Loss 0.0394 | Prec 0.9110 | Rec 0.8731 | P@R0.9 0.8796
Epoch 0781 | Time: 12.7s
  Train: Loss 0.0354 | Prec 0.9321 | Rec 0.8889 | P@R0.9 0.9221
  Val  : Loss 0.0385 | Prec 0.9127 | Rec 0.8672 | P@R0.9 0.8747
Epoch 0782 | Time: 12.6s
  Train: Loss 0.0344 | Prec 0.9276 | Rec 0.8968 | P@R0.9 0.9245
  Val  : Loss 0.0386 | Prec 0.9103 | Rec 0.8757 | P@R0.9 0.8828
Epoch 0783 | Time: 12.8s
  Train: Loss 0.0360 | Prec 0.9313 | Rec 0.8948 | P@R0.9 0.9267
  Val  : Loss 0.0396 | Prec 0.9128 | Rec 0.8688 | P@R0.9 0.8743
Epoch 0784 | Time: 12.7s
  Train: Loss 0.0351 | Prec 0.9278 | Rec 0.8953 | P@R0.9 0.9235
  Val  : Loss 0.0391 | Prec 0.9112 | Rec 0.8761 | P@R0.9 0.8827
Epoch 0785 | Time: 12.7s
  Train: Loss 0.0346 | Prec 0.9325 | Rec 0.8887 | P@R0.9 0.9222
  Val  : Loss 0.0388 | Prec 0.9148 | Rec 0.8651 | P@R0.9 0.8740
Epoch 0786 | Time: 12.7s
  Train: Loss 0.0356 | Prec 0.9320 | Rec 0.8918 | P@R0.9 0.9245
  Val  : Loss 0.0390 | Prec 0.9170 | Rec 0.8712 | P@R0.9 0.8844
Epoch 0787 | Time: 12.6s
  Train: Loss 0.0360 | Prec 0.9252 | Rec 0.8934 | P@R0.9 0.9184
  Val  : Loss 0.0393 | Prec 0.9085 | Rec 0.8758 | P@R0.9 0.8796
Epoch 0788 | Time: 12.8s
  Train: Loss 0.0355 | Prec 0.9308 | Rec 0.8869 | P@R0.9 0.9188
  Val  : Loss 0.0380 | Prec 0.9143 | Rec 0.8668 | P@R0.9 0.8731
Epoch 0789 | Time: 12.8s
  Train: Loss 0.0366 | Prec 0.9284 | Rec 0.8890 | P@R0.9 0.9188
  Val  : Loss 0.0390 | Prec 0.9146 | Rec 0.8736 | P@R0.9 0.8855
Epoch 0790 | Time: 12.7s
  Train: Loss 0.0352 | Prec 0.9291 | Rec 0.8939 | P@R0.9 0.9233
  Val  : Loss 0.0381 | Prec 0.9078 | Rec 0.8704 | P@R0.9 0.8717
Epoch 0791 | Time: 12.8s
  Train: Loss 0.0346 | Prec 0.9284 | Rec 0.8906 | P@R0.9 0.9196
  Val  : Loss 0.0390 | Prec 0.9132 | Rec 0.8718 | P@R0.9 0.8822
Epoch 0792 | Time: 12.8s
  Train: Loss 0.0343 | Prec 0.9245 | Rec 0.8975 | P@R0.9 0.9220
  Val  : Loss 0.0389 | Prec 0.9057 | Rec 0.8758 | P@R0.9 0.8772
Epoch 0793 | Time: 12.8s
  Train: Loss 0.0364 | Prec 0.9302 | Rec 0.8874 | P@R0.9 0.9188
  Val  : Loss 0.0389 | Prec 0.9121 | Rec 0.8661 | P@R0.9 0.8726
Epoch 0794 | Time: 13.0s
  Train: Loss 0.0343 | Prec 0.9279 | Rec 0.8935 | P@R0.9 0.9217
  Val  : Loss 0.0388 | Prec 0.9118 | Rec 0.8740 | P@R0.9 0.8818
Epoch 0795 | Time: 12.8s
  Train: Loss 0.0351 | Prec 0.9333 | Rec 0.8913 | P@R0.9 0.9257
  Val  : Loss 0.0398 | Prec 0.9190 | Rec 0.8681 | P@R0.9 0.8846
Epoch 0796 | Time: 12.7s
  Train: Loss 0.0352 | Prec 0.9335 | Rec 0.8933 | P@R0.9 0.9278
  Val  : Loss 0.0394 | Prec 0.9149 | Rec 0.8671 | P@R0.9 0.8775
Epoch 0797 | Time: 12.7s
  Train: Loss 0.0356 | Prec 0.9249 | Rec 0.8946 | P@R0.9 0.9193
  Val  : Loss 0.0391 | Prec 0.9103 | Rec 0.8750 | P@R0.9 0.8804
Epoch 0798 | Time: 12.8s
  Train: Loss 0.0351 | Prec 0.9259 | Rec 0.8952 | P@R0.9 0.9211
  Val  : Loss 0.0387 | Prec 0.9052 | Rec 0.8760 | P@R0.9 0.8754
Epoch 0799 | Time: 12.7s
  Train: Loss 0.0345 | Prec 0.9348 | Rec 0.8907 | P@R0.9 0.9272
  Val  : Loss 0.0390 | Prec 0.9189 | Rec 0.8694 | P@R0.9 0.8852
Epoch 0800 | Time: 12.4s
  Train: Loss 0.0349 | Prec 0.9328 | Rec 0.8909 | P@R0.9 0.9246
  Val  : Loss 0.0394 | Prec 0.9175 | Rec 0.8718 | P@R0.9 0.8872
Epoch 0801 | Time: 12.6s
  Train: Loss 0.0362 | Prec 0.9258 | Rec 0.9014 | P@R0.9 0.9271
  Val  : Loss 0.0390 | Prec 0.9070 | Rec 0.8811 | P@R0.9 0.8834
Epoch 0802 | Time: 12.5s
  Train: Loss 0.0363 | Prec 0.9260 | Rec 0.8937 | P@R0.9 0.9201
  Val  : Loss 0.0394 | Prec 0.9121 | Rec 0.8774 | P@R0.9 0.8857
Epoch 0803 | Time: 12.7s
  Train: Loss 0.0365 | Prec 0.9259 | Rec 0.8933 | P@R0.9 0.9195
  Val  : Loss 0.0386 | Prec 0.9099 | Rec 0.8752 | P@R0.9 0.8800
Epoch 0804 | Time: 12.8s
  Train: Loss 0.0356 | Prec 0.9258 | Rec 0.8959 | P@R0.9 0.9220
  Val  : Loss 0.0388 | Prec 0.9091 | Rec 0.8752 | P@R0.9 0.8796
Epoch 0805 | Time: 12.5s
  Train: Loss 0.0357 | Prec 0.9314 | Rec 0.8938 | P@R0.9 0.9258
  Val  : Loss 0.0383 | Prec 0.9124 | Rec 0.8735 | P@R0.9 0.8818
Epoch 0806 | Time: 12.6s
  Train: Loss 0.0342 | Prec 0.9264 | Rec 0.8990 | P@R0.9 0.9253
  Val  : Loss 0.0390 | Prec 0.9119 | Rec 0.8791 | P@R0.9 0.8875
Epoch 0807 | Time: 12.6s
  Train: Loss 0.0351 | Prec 0.9271 | Rec 0.8994 | P@R0.9 0.9265
  Val  : Loss 0.0391 | Prec 0.9073 | Rec 0.8732 | P@R0.9 0.8746
Epoch 0808 | Time: 12.7s
  Train: Loss 0.0348 | Prec 0.9276 | Rec 0.9018 | P@R0.9 0.9292
  Val  : Loss 0.0393 | Prec 0.9058 | Rec 0.8729 | P@R0.9 0.8720
Epoch 0809 | Time: 12.7s
  Train: Loss 0.0355 | Prec 0.9286 | Rec 0.8938 | P@R0.9 0.9228
  Val  : Loss 0.0389 | Prec 0.9101 | Rec 0.8690 | P@R0.9 0.8733
Epoch 0810 | Time: 12.8s
  Train: Loss 0.0353 | Prec 0.9227 | Rec 0.8976 | P@R0.9 0.9203
  Val  : Loss 0.0390 | Prec 0.9052 | Rec 0.8794 | P@R0.9 0.8799
Epoch 0811 | Time: 12.5s
  Train: Loss 0.0364 | Prec 0.9322 | Rec 0.8870 | P@R0.9 0.9206
  Val  : Loss 0.0384 | Prec 0.9145 | Rec 0.8678 | P@R0.9 0.8771
Epoch 0812 | Time: 12.7s
  Train: Loss 0.0347 | Prec 0.9242 | Rec 0.8976 | P@R0.9 0.9216
  Val  : Loss 0.0389 | Prec 0.9094 | Rec 0.8806 | P@R0.9 0.8866
Epoch 0813 | Time: 12.7s
  Train: Loss 0.0356 | Prec 0.9298 | Rec 0.8923 | P@R0.9 0.9232
  Val  : Loss 0.0387 | Prec 0.9122 | Rec 0.8708 | P@R0.9 0.8789
Epoch 0814 | Time: 12.7s
  Train: Loss 0.0349 | Prec 0.9284 | Rec 0.8975 | P@R0.9 0.9260
  Val  : Loss 0.0389 | Prec 0.9108 | Rec 0.8755 | P@R0.9 0.8818
Epoch 0815 | Time: 12.5s
  Train: Loss 0.0342 | Prec 0.9328 | Rec 0.8997 | P@R0.9 0.9326
  Val  : Loss 0.0384 | Prec 0.9092 | Rec 0.8724 | P@R0.9 0.8754
Epoch 0816 | Time: 12.8s
  Train: Loss 0.0340 | Prec 0.9272 | Rec 0.8931 | P@R0.9 0.9203
  Val  : Loss 0.0399 | Prec 0.9116 | Rec 0.8720 | P@R0.9 0.8790
Epoch 0817 | Time: 12.7s
  Train: Loss 0.0342 | Prec 0.9318 | Rec 0.8892 | P@R0.9 0.9217
  Val  : Loss 0.0391 | Prec 0.9128 | Rec 0.8654 | P@R0.9 0.8714
Epoch 0818 | Time: 12.8s
  Train: Loss 0.0359 | Prec 0.9321 | Rec 0.8922 | P@R0.9 0.9250
  Val  : Loss 0.0392 | Prec 0.9142 | Rec 0.8684 | P@R0.9 0.8780
Epoch 0819 | Time: 12.4s
  Train: Loss 0.0357 | Prec 0.9279 | Rec 0.8994 | P@R0.9 0.9273
  Val  : Loss 0.0391 | Prec 0.9064 | Rec 0.8777 | P@R0.9 0.8791
Epoch 0820 | Time: 12.5s
  Train: Loss 0.0352 | Prec 0.9228 | Rec 0.9001 | P@R0.9 0.9229
  Val  : Loss 0.0390 | Prec 0.9074 | Rec 0.8813 | P@R0.9 0.8857
Epoch 0821 | Time: 12.7s
  Train: Loss 0.0349 | Prec 0.9337 | Rec 0.8915 | P@R0.9 0.9263
  Val  : Loss 0.0386 | Prec 0.9140 | Rec 0.8657 | P@R0.9 0.8740
Epoch 0822 | Time: 12.7s
  Train: Loss 0.0357 | Prec 0.9299 | Rec 0.8929 | P@R0.9 0.9239
  Val  : Loss 0.0390 | Prec 0.9132 | Rec 0.8699 | P@R0.9 0.8778
Epoch 0823 | Time: 12.6s
  Train: Loss 0.0344 | Prec 0.9232 | Rec 0.9031 | P@R0.9 0.9262
  Val  : Loss 0.0387 | Prec 0.9028 | Rec 0.8827 | P@R0.9 0.8814
Epoch 0824 | Time: 12.6s
  Train: Loss 0.0351 | Prec 0.9273 | Rec 0.8923 | P@R0.9 0.9200
  Val  : Loss 0.0390 | Prec 0.9114 | Rec 0.8733 | P@R0.9 0.8791
Epoch 0825 | Time: 12.9s
  Train: Loss 0.0340 | Prec 0.9291 | Rec 0.8924 | P@R0.9 0.9217
  Val  : Loss 0.0390 | Prec 0.9160 | Rec 0.8732 | P@R0.9 0.8860
Epoch 0826 | Time: 12.7s
  Train: Loss 0.0362 | Prec 0.9277 | Rec 0.8985 | P@R0.9 0.9265
  Val  : Loss 0.0392 | Prec 0.9106 | Rec 0.8762 | P@R0.9 0.8821
Epoch 0827 | Time: 12.6s
  Train: Loss 0.0365 | Prec 0.9300 | Rec 0.8950 | P@R0.9 0.9255
  Val  : Loss 0.0393 | Prec 0.9125 | Rec 0.8718 | P@R0.9 0.8792
Epoch 0828 | Time: 12.6s
  Train: Loss 0.0347 | Prec 0.9308 | Rec 0.8927 | P@R0.9 0.9240
  Val  : Loss 0.0390 | Prec 0.9166 | Rec 0.8730 | P@R0.9 0.8868
Epoch 0829 | Time: 12.7s
  Train: Loss 0.0346 | Prec 0.9313 | Rec 0.8960 | P@R0.9 0.9274
  Val  : Loss 0.0387 | Prec 0.9113 | Rec 0.8746 | P@R0.9 0.8810
Epoch 0830 | Time: 12.7s
  Train: Loss 0.0356 | Prec 0.9319 | Rec 0.8928 | P@R0.9 0.9255
  Val  : Loss 0.0392 | Prec 0.9169 | Rec 0.8693 | P@R0.9 0.8837
Epoch 0831 | Time: 12.7s
  Train: Loss 0.0351 | Prec 0.9226 | Rec 0.9003 | P@R0.9 0.9229
  Val  : Loss 0.0387 | Prec 0.9055 | Rec 0.8806 | P@R0.9 0.8825
Epoch 0832 | Time: 12.7s
  Train: Loss 0.0361 | Prec 0.9326 | Rec 0.8926 | P@R0.9 0.9264
  Val  : Loss 0.0390 | Prec 0.9145 | Rec 0.8693 | P@R0.9 0.8788
Epoch 0833 | Time: 12.6s
  Train: Loss 0.0364 | Prec 0.9289 | Rec 0.8916 | P@R0.9 0.9218
  Val  : Loss 0.0388 | Prec 0.9150 | Rec 0.8743 | P@R0.9 0.8856
Epoch 0834 | Time: 12.7s
  Train: Loss 0.0363 | Prec 0.9296 | Rec 0.8944 | P@R0.9 0.9245
  Val  : Loss 0.0383 | Prec 0.9137 | Rec 0.8726 | P@R0.9 0.8825
Epoch 0835 | Time: 12.7s
  Train: Loss 0.0350 | Prec 0.9283 | Rec 0.8955 | P@R0.9 0.9236
  Val  : Loss 0.0382 | Prec 0.9088 | Rec 0.8731 | P@R0.9 0.8764
Epoch 0836 | Time: 12.5s
  Train: Loss 0.0362 | Prec 0.9277 | Rec 0.8908 | P@R0.9 0.9191
  Val  : Loss 0.0382 | Prec 0.9113 | Rec 0.8714 | P@R0.9 0.8775
Epoch 0837 | Time: 12.7s
  Train: Loss 0.0336 | Prec 0.9323 | Rec 0.8950 | P@R0.9 0.9279
  Val  : Loss 0.0381 | Prec 0.9145 | Rec 0.8745 | P@R0.9 0.8847
Epoch 0838 | Time: 12.5s
  Train: Loss 0.0357 | Prec 0.9340 | Rec 0.8934 | P@R0.9 0.9284
  Val  : Loss 0.0389 | Prec 0.9142 | Rec 0.8664 | P@R0.9 0.8748
Epoch 0839 | Time: 12.6s
  Train: Loss 0.0363 | Prec 0.9282 | Rec 0.8961 | P@R0.9 0.9247
  Val  : Loss 0.0387 | Prec 0.9092 | Rec 0.8761 | P@R0.9 0.8799
Epoch 0840 | Time: 12.6s
  Train: Loss 0.0351 | Prec 0.9264 | Rec 0.8981 | P@R0.9 0.9245
  Val  : Loss 0.0390 | Prec 0.9111 | Rec 0.8762 | P@R0.9 0.8824
Epoch 0841 | Time: 12.8s
  Train: Loss 0.0366 | Prec 0.9283 | Rec 0.8936 | P@R0.9 0.9225
  Val  : Loss 0.0387 | Prec 0.9129 | Rec 0.8757 | P@R0.9 0.8846
Epoch 0842 | Time: 12.7s
  Train: Loss 0.0354 | Prec 0.9283 | Rec 0.8917 | P@R0.9 0.9203
  Val  : Loss 0.0385 | Prec 0.9129 | Rec 0.8736 | P@R0.9 0.8830
Epoch 0843 | Time: 12.5s
  Train: Loss 0.0353 | Prec 0.9295 | Rec 0.8952 | P@R0.9 0.9251
  Val  : Loss 0.0381 | Prec 0.9117 | Rec 0.8727 | P@R0.9 0.8787
Epoch 0844 | Time: 12.7s
  Train: Loss 0.0352 | Prec 0.9338 | Rec 0.8917 | P@R0.9 0.9266
  Val  : Loss 0.0384 | Prec 0.9157 | Rec 0.8699 | P@R0.9 0.8825
Epoch 0845 | Time: 12.6s
  Train: Loss 0.0346 | Prec 0.9284 | Rec 0.8926 | P@R0.9 0.9215
  Val  : Loss 0.0386 | Prec 0.9137 | Rec 0.8712 | P@R0.9 0.8806
Epoch 0846 | Time: 13.0s
  Train: Loss 0.0352 | Prec 0.9273 | Rec 0.8949 | P@R0.9 0.9226
  Val  : Loss 0.0386 | Prec 0.9110 | Rec 0.8772 | P@R0.9 0.8847
Epoch 0847 | Time: 12.6s
  Train: Loss 0.0349 | Prec 0.9355 | Rec 0.8897 | P@R0.9 0.9266
  Val  : Loss 0.0385 | Prec 0.9183 | Rec 0.8673 | P@R0.9 0.8824
Epoch 0848 | Time: 12.7s
  Train: Loss 0.0349 | Prec 0.9302 | Rec 0.8919 | P@R0.9 0.9231
  Val  : Loss 0.0386 | Prec 0.9135 | Rec 0.8725 | P@R0.9 0.8824
Epoch 0849 | Time: 12.5s
  Train: Loss 0.0340 | Prec 0.9314 | Rec 0.8966 | P@R0.9 0.9283
  Val  : Loss 0.0385 | Prec 0.9120 | Rec 0.8752 | P@R0.9 0.8837
Epoch 0850 | Time: 12.5s
  Train: Loss 0.0348 | Prec 0.9308 | Rec 0.8939 | P@R0.9 0.9251
  Val  : Loss 0.0393 | Prec 0.9146 | Rec 0.8765 | P@R0.9 0.8875
Epoch 0851 | Time: 12.8s
  Train: Loss 0.0348 | Prec 0.9294 | Rec 0.8868 | P@R0.9 0.9176
  Val  : Loss 0.0384 | Prec 0.9159 | Rec 0.8696 | P@R0.9 0.8806
Epoch 0852 | Time: 12.6s
  Train: Loss 0.0353 | Prec 0.9306 | Rec 0.8960 | P@R0.9 0.9268
  Val  : Loss 0.0382 | Prec 0.9120 | Rec 0.8751 | P@R0.9 0.8828
Epoch 0853 | Time: 12.7s
  Train: Loss 0.0344 | Prec 0.9286 | Rec 0.8973 | P@R0.9 0.9260
  Val  : Loss 0.0384 | Prec 0.9100 | Rec 0.8715 | P@R0.9 0.8758
Epoch 0854 | Time: 12.6s
  Train: Loss 0.0349 | Prec 0.9286 | Rec 0.8973 | P@R0.9 0.9262
  Val  : Loss 0.0386 | Prec 0.9081 | Rec 0.8737 | P@R0.9 0.8742
Epoch 0855 | Time: 12.6s
  Train: Loss 0.0345 | Prec 0.9244 | Rec 0.8975 | P@R0.9 0.9216
  Val  : Loss 0.0391 | Prec 0.9067 | Rec 0.8791 | P@R0.9 0.8806
Epoch 0856 | Time: 12.6s
  Train: Loss 0.0341 | Prec 0.9304 | Rec 0.8914 | P@R0.9 0.9226
  Val  : Loss 0.0379 | Prec 0.9115 | Rec 0.8695 | P@R0.9 0.8740
Epoch 0857 | Time: 12.7s
  Train: Loss 0.0345 | Prec 0.9321 | Rec 0.8938 | P@R0.9 0.9266
  Val  : Loss 0.0385 | Prec 0.9149 | Rec 0.8722 | P@R0.9 0.8835
Epoch 0858 | Time: 12.9s
  Train: Loss 0.0352 | Prec 0.9293 | Rec 0.8943 | P@R0.9 0.9241
  Val  : Loss 0.0390 | Prec 0.9147 | Rec 0.8739 | P@R0.9 0.8862
Epoch 0859 | Time: 12.7s
  Train: Loss 0.0348 | Prec 0.9282 | Rec 0.8921 | P@R0.9 0.9207
  Val  : Loss 0.0388 | Prec 0.9140 | Rec 0.8751 | P@R0.9 0.8864
Epoch 0860 | Time: 12.7s
  Train: Loss 0.0350 | Prec 0.9315 | Rec 0.8882 | P@R0.9 0.9210
  Val  : Loss 0.0382 | Prec 0.9179 | Rec 0.8692 | P@R0.9 0.8836
Epoch 0861 | Time: 12.6s
  Train: Loss 0.0344 | Prec 0.9275 | Rec 0.8921 | P@R0.9 0.9201
  Val  : Loss 0.0380 | Prec 0.9125 | Rec 0.8716 | P@R0.9 0.8778
Epoch 0862 | Time: 12.8s
  Train: Loss 0.0351 | Prec 0.9329 | Rec 0.8885 | P@R0.9 0.9226
  Val  : Loss 0.0383 | Prec 0.9177 | Rec 0.8692 | P@R0.9 0.8840
Epoch 0863 | Time: 12.6s
  Train: Loss 0.0359 | Prec 0.9286 | Rec 0.8966 | P@R0.9 0.9256
  Val  : Loss 0.0388 | Prec 0.9103 | Rec 0.8798 | P@R0.9 0.8880
Epoch 0864 | Time: 12.5s
  Train: Loss 0.0351 | Prec 0.9304 | Rec 0.9011 | P@R0.9 0.9313
  Val  : Loss 0.0386 | Prec 0.9123 | Rec 0.8777 | P@R0.9 0.8861
Epoch 0865 | Time: 12.7s
  Train: Loss 0.0349 | Prec 0.9281 | Rec 0.8990 | P@R0.9 0.9271
  Val  : Loss 0.0386 | Prec 0.9098 | Rec 0.8794 | P@R0.9 0.8855
Epoch 0866 | Time: 12.5s
  Train: Loss 0.0340 | Prec 0.9243 | Rec 0.9019 | P@R0.9 0.9259
  Val  : Loss 0.0389 | Prec 0.9086 | Rec 0.8848 | P@R0.9 0.8899
Epoch 0867 | Time: 12.9s
  Train: Loss 0.0358 | Prec 0.9313 | Rec 0.8929 | P@R0.9 0.9250
  Val  : Loss 0.0385 | Prec 0.9153 | Rec 0.8723 | P@R0.9 0.8855
Epoch 0868 | Time: 12.6s
  Train: Loss 0.0334 | Prec 0.9275 | Rec 0.9007 | P@R0.9 0.9281
  Val  : Loss 0.0381 | Prec 0.9065 | Rec 0.8779 | P@R0.9 0.8784
Epoch 0869 | Time: 12.5s
  Train: Loss 0.0354 | Prec 0.9297 | Rec 0.8950 | P@R0.9 0.9246
  Val  : Loss 0.0387 | Prec 0.9119 | Rec 0.8733 | P@R0.9 0.8809
Epoch 0870 | Time: 12.8s
  Train: Loss 0.0356 | Prec 0.9311 | Rec 0.8928 | P@R0.9 0.9249
  Val  : Loss 0.0385 | Prec 0.9157 | Rec 0.8709 | P@R0.9 0.8820
Epoch 0871 | Time: 12.6s
  Train: Loss 0.0347 | Prec 0.9305 | Rec 0.8986 | P@R0.9 0.9293
  Val  : Loss 0.0384 | Prec 0.9109 | Rec 0.8759 | P@R0.9 0.8824
Epoch 0872 | Time: 12.6s
  Train: Loss 0.0333 | Prec 0.9302 | Rec 0.9026 | P@R0.9 0.9326
  Val  : Loss 0.0386 | Prec 0.9113 | Rec 0.8757 | P@R0.9 0.8825
Epoch 0873 | Time: 12.9s
  Train: Loss 0.0356 | Prec 0.9296 | Rec 0.8912 | P@R0.9 0.9216
  Val  : Loss 0.0392 | Prec 0.9115 | Rec 0.8656 | P@R0.9 0.8697
Epoch 0874 | Time: 12.8s
  Train: Loss 0.0334 | Prec 0.9240 | Rec 0.8930 | P@R0.9 0.9167
  Val  : Loss 0.0380 | Prec 0.9085 | Rec 0.8759 | P@R0.9 0.8787
Epoch 0875 | Time: 12.7s
  Train: Loss 0.0363 | Prec 0.9313 | Rec 0.8890 | P@R0.9 0.9221
  Val  : Loss 0.0385 | Prec 0.9123 | Rec 0.8697 | P@R0.9 0.8765
Epoch 0876 | Time: 12.6s
  Train: Loss 0.0340 | Prec 0.9287 | Rec 0.9004 | P@R0.9 0.9291
  Val  : Loss 0.0380 | Prec 0.9066 | Rec 0.8752 | P@R0.9 0.8751
Epoch 0877 | Time: 12.7s
  Train: Loss 0.0342 | Prec 0.9251 | Rec 0.8983 | P@R0.9 0.9236
  Val  : Loss 0.0385 | Prec 0.9073 | Rec 0.8787 | P@R0.9 0.8809
Epoch 0878 | Time: 12.9s
  Train: Loss 0.0347 | Prec 0.9291 | Rec 0.8957 | P@R0.9 0.9253
  Val  : Loss 0.0379 | Prec 0.9096 | Rec 0.8718 | P@R0.9 0.8759
Epoch 0879 | Time: 12.7s
  Train: Loss 0.0338 | Prec 0.9274 | Rec 0.8995 | P@R0.9 0.9268
  Val  : Loss 0.0385 | Prec 0.9122 | Rec 0.8798 | P@R0.9 0.8883
Epoch 0880 | Time: 12.8s
  Train: Loss 0.0361 | Prec 0.9295 | Rec 0.8956 | P@R0.9 0.9255
  Val  : Loss 0.0382 | Prec 0.9103 | Rec 0.8737 | P@R0.9 0.8784
Epoch 0881 | Time: 12.9s
  Train: Loss 0.0355 | Prec 0.9298 | Rec 0.8903 | P@R0.9 0.9211
  Val  : Loss 0.0382 | Prec 0.9149 | Rec 0.8728 | P@R0.9 0.8843
Epoch 0882 | Time: 12.8s
  Train: Loss 0.0348 | Prec 0.9275 | Rec 0.8889 | P@R0.9 0.9166
  Val  : Loss 0.0380 | Prec 0.9141 | Rec 0.8734 | P@R0.9 0.8840
Epoch 0883 | Time: 12.8s
  Train: Loss 0.0354 | Prec 0.9301 | Rec 0.8965 | P@R0.9 0.9269
  Val  : Loss 0.0381 | Prec 0.9131 | Rec 0.8763 | P@R0.9 0.8860
Epoch 0884 | Time: 12.8s
  Train: Loss 0.0368 | Prec 0.9287 | Rec 0.8948 | P@R0.9 0.9241
  Val  : Loss 0.0383 | Prec 0.9104 | Rec 0.8722 | P@R0.9 0.8784
Epoch 0885 | Time: 12.7s
  Train: Loss 0.0359 | Prec 0.9285 | Rec 0.8982 | P@R0.9 0.9269
  Val  : Loss 0.0377 | Prec 0.9094 | Rec 0.8768 | P@R0.9 0.8823
Epoch 0886 | Time: 12.6s
  Train: Loss 0.0348 | Prec 0.9302 | Rec 0.8976 | P@R0.9 0.9281
  Val  : Loss 0.0385 | Prec 0.9167 | Rec 0.8784 | P@R0.9 0.8934
Epoch 0887 | Time: 12.6s
  Train: Loss 0.0342 | Prec 0.9292 | Rec 0.8941 | P@R0.9 0.9235
  Val  : Loss 0.0380 | Prec 0.9097 | Rec 0.8708 | P@R0.9 0.8747
Epoch 0888 | Time: 12.8s
  Train: Loss 0.0352 | Prec 0.9317 | Rec 0.8961 | P@R0.9 0.9282
  Val  : Loss 0.0385 | Prec 0.9134 | Rec 0.8733 | P@R0.9 0.8813
Epoch 0889 | Time: 12.7s
  Train: Loss 0.0353 | Prec 0.9314 | Rec 0.8937 | P@R0.9 0.9259
  Val  : Loss 0.0387 | Prec 0.9147 | Rec 0.8712 | P@R0.9 0.8811
Epoch 0890 | Time: 12.7s
  Train: Loss 0.0345 | Prec 0.9274 | Rec 0.8984 | P@R0.9 0.9259
  Val  : Loss 0.0383 | Prec 0.9085 | Rec 0.8750 | P@R0.9 0.8780
Epoch 0891 | Time: 12.6s
  Train: Loss 0.0336 | Prec 0.9284 | Rec 0.9018 | P@R0.9 0.9299
  Val  : Loss 0.0382 | Prec 0.9068 | Rec 0.8771 | P@R0.9 0.8793
Epoch 0892 | Time: 12.7s
  Train: Loss 0.0352 | Prec 0.9308 | Rec 0.8975 | P@R0.9 0.9286
  Val  : Loss 0.0383 | Prec 0.9114 | Rec 0.8720 | P@R0.9 0.8779
Epoch 0893 | Time: 12.7s
  Train: Loss 0.0362 | Prec 0.9343 | Rec 0.8895 | P@R0.9 0.9255
  Val  : Loss 0.0387 | Prec 0.9191 | Rec 0.8665 | P@R0.9 0.8823
Epoch 0894 | Time: 12.8s
  Train: Loss 0.0355 | Prec 0.9211 | Rec 0.8998 | P@R0.9 0.9208
  Val  : Loss 0.0385 | Prec 0.9054 | Rec 0.8834 | P@R0.9 0.8847
Epoch 0895 | Time: 12.6s
  Train: Loss 0.0345 | Prec 0.9301 | Rec 0.8964 | P@R0.9 0.9265
  Val  : Loss 0.0380 | Prec 0.9140 | Rec 0.8747 | P@R0.9 0.8831
Epoch 0896 | Time: 12.6s
  Train: Loss 0.0341 | Prec 0.9314 | Rec 0.8940 | P@R0.9 0.9263
  Val  : Loss 0.0385 | Prec 0.9128 | Rec 0.8727 | P@R0.9 0.8820
Epoch 0897 | Time: 12.7s
  Train: Loss 0.0342 | Prec 0.9273 | Rec 0.8876 | P@R0.9 0.9154
  Val  : Loss 0.0386 | Prec 0.9179 | Rec 0.8727 | P@R0.9 0.8868
Epoch 0898 | Time: 13.0s
  Train: Loss 0.0347 | Prec 0.9362 | Rec 0.8874 | P@R0.9 0.9256
  Val  : Loss 0.0381 | Prec 0.9180 | Rec 0.8662 | P@R0.9 0.8795
Epoch 0899 | Time: 12.6s
  Train: Loss 0.0341 | Prec 0.9299 | Rec 0.8975 | P@R0.9 0.9273
  Val  : Loss 0.0379 | Prec 0.9085 | Rec 0.8723 | P@R0.9 0.8763
Epoch 0900 | Time: 12.9s
  Train: Loss 0.0347 | Prec 0.9312 | Rec 0.9003 | P@R0.9 0.9315
  Val  : Loss 0.0391 | Prec 0.9116 | Rec 0.8763 | P@R0.9 0.8828
Epoch 0901 | Time: 12.5s
  Train: Loss 0.0349 | Prec 0.9322 | Rec 0.8943 | P@R0.9 0.9271
  Val  : Loss 0.0383 | Prec 0.9114 | Rec 0.8718 | P@R0.9 0.8777
Epoch 0902 | Time: 12.7s
  Train: Loss 0.0350 | Prec 0.9289 | Rec 0.8954 | P@R0.9 0.9249
  Val  : Loss 0.0384 | Prec 0.9086 | Rec 0.8734 | P@R0.9 0.8769
Epoch 0903 | Time: 12.6s
  Train: Loss 0.0348 | Prec 0.9294 | Rec 0.9004 | P@R0.9 0.9298
  Val  : Loss 0.0385 | Prec 0.9121 | Rec 0.8786 | P@R0.9 0.8864
Epoch 0904 | Time: 12.6s
  Train: Loss 0.0353 | Prec 0.9272 | Rec 0.8936 | P@R0.9 0.9208
  Val  : Loss 0.0382 | Prec 0.9136 | Rec 0.8746 | P@R0.9 0.8844
Epoch 0905 | Time: 12.7s
  Train: Loss 0.0353 | Prec 0.9279 | Rec 0.8938 | P@R0.9 0.9223
  Val  : Loss 0.0380 | Prec 0.9107 | Rec 0.8728 | P@R0.9 0.8788
Epoch 0906 | Time: 12.7s
  Train: Loss 0.0339 | Prec 0.9293 | Rec 0.8988 | P@R0.9 0.9281
  Val  : Loss 0.0385 | Prec 0.9123 | Rec 0.8788 | P@R0.9 0.8864
Epoch 0907 | Time: 12.6s
  Train: Loss 0.0343 | Prec 0.9305 | Rec 0.8944 | P@R0.9 0.9252
  Val  : Loss 0.0384 | Prec 0.9127 | Rec 0.8707 | P@R0.9 0.8773
Epoch 0908 | Time: 12.8s
  Train: Loss 0.0352 | Prec 0.9330 | Rec 0.8987 | P@R0.9 0.9320
  Val  : Loss 0.0385 | Prec 0.9138 | Rec 0.8728 | P@R0.9 0.8828
Epoch 0909 | Time: 12.6s
  Train: Loss 0.0348 | Prec 0.9244 | Rec 0.9000 | P@R0.9 0.9244
  Val  : Loss 0.0384 | Prec 0.9051 | Rec 0.8774 | P@R0.9 0.8764
Epoch 0910 | Time: 12.7s
  Train: Loss 0.0347 | Prec 0.9224 | Rec 0.8946 | P@R0.9 0.9171
  Val  : Loss 0.0386 | Prec 0.9101 | Rec 0.8798 | P@R0.9 0.8856
Epoch 0911 | Time: 12.8s
  Train: Loss 0.0350 | Prec 0.9327 | Rec 0.8963 | P@R0.9 0.9295
  Val  : Loss 0.0381 | Prec 0.9154 | Rec 0.8728 | P@R0.9 0.8842
Epoch 0912 | Time: 12.7s
  Train: Loss 0.0347 | Prec 0.9290 | Rec 0.8989 | P@R0.9 0.9279
  Val  : Loss 0.0384 | Prec 0.9108 | Rec 0.8755 | P@R0.9 0.8813
Epoch 0913 | Time: 12.6s
  Train: Loss 0.0351 | Prec 0.9332 | Rec 0.8963 | P@R0.9 0.9300
  Val  : Loss 0.0388 | Prec 0.9169 | Rec 0.8735 | P@R0.9 0.8883
Epoch 0914 | Time: 12.7s
  Train: Loss 0.0337 | Prec 0.9278 | Rec 0.8982 | P@R0.9 0.9262
  Val  : Loss 0.0381 | Prec 0.9104 | Rec 0.8757 | P@R0.9 0.8803
Epoch 0915 | Time: 12.8s
  Train: Loss 0.0343 | Prec 0.9330 | Rec 0.8919 | P@R0.9 0.9258
  Val  : Loss 0.0384 | Prec 0.9188 | Rec 0.8725 | P@R0.9 0.8889
Epoch 0916 | Time: 12.8s
  Train: Loss 0.0346 | Prec 0.9283 | Rec 0.8978 | P@R0.9 0.9263
  Val  : Loss 0.0384 | Prec 0.9094 | Rec 0.8730 | P@R0.9 0.8767
Epoch 0917 | Time: 12.9s
  Train: Loss 0.0360 | Prec 0.9294 | Rec 0.8987 | P@R0.9 0.9284
  Val  : Loss 0.0386 | Prec 0.9116 | Rec 0.8777 | P@R0.9 0.8866
Epoch 0918 | Time: 12.7s
  Train: Loss 0.0351 | Prec 0.9306 | Rec 0.8968 | P@R0.9 0.9277
  Val  : Loss 0.0382 | Prec 0.9118 | Rec 0.8749 | P@R0.9 0.8825
Epoch 0919 | Time: 12.8s
  Train: Loss 0.0348 | Prec 0.9311 | Rec 0.8993 | P@R0.9 0.9305
  Val  : Loss 0.0388 | Prec 0.9131 | Rec 0.8765 | P@R0.9 0.8863
Epoch 0920 | Time: 12.6s
  Train: Loss 0.0352 | Prec 0.9304 | Rec 0.8993 | P@R0.9 0.9300
  Val  : Loss 0.0382 | Prec 0.9063 | Rec 0.8730 | P@R0.9 0.8737
Epoch 0921 | Time: 12.5s
  Train: Loss 0.0356 | Prec 0.9260 | Rec 0.8959 | P@R0.9 0.9223
  Val  : Loss 0.0383 | Prec 0.9073 | Rec 0.8766 | P@R0.9 0.8770
Epoch 0922 | Time: 12.7s
  Train: Loss 0.0345 | Prec 0.9310 | Rec 0.8920 | P@R0.9 0.9238
  Val  : Loss 0.0381 | Prec 0.9128 | Rec 0.8760 | P@R0.9 0.8858
Epoch 0923 | Time: 12.6s
  Train: Loss 0.0349 | Prec 0.9267 | Rec 0.8951 | P@R0.9 0.9218
  Val  : Loss 0.0378 | Prec 0.9109 | Rec 0.8793 | P@R0.9 0.8870
Epoch 0924 | Time: 12.7s
  Train: Loss 0.0341 | Prec 0.9312 | Rec 0.8936 | P@R0.9 0.9253
  Val  : Loss 0.0379 | Prec 0.9162 | Rec 0.8726 | P@R0.9 0.8848
Epoch 0925 | Time: 12.8s
  Train: Loss 0.0354 | Prec 0.9345 | Rec 0.8939 | P@R0.9 0.9296
  Val  : Loss 0.0381 | Prec 0.9174 | Rec 0.8706 | P@R0.9 0.8836
Epoch 0926 | Time: 12.6s
  Train: Loss 0.0347 | Prec 0.9290 | Rec 0.9037 | P@R0.9 0.9324
  Val  : Loss 0.0383 | Prec 0.9073 | Rec 0.8804 | P@R0.9 0.8837
Epoch 0927 | Time: 12.7s
  Train: Loss 0.0347 | Prec 0.9270 | Rec 0.8998 | P@R0.9 0.9268
  Val  : Loss 0.0383 | Prec 0.9102 | Rec 0.8771 | P@R0.9 0.8827
Epoch 0928 | Time: 12.7s
  Train: Loss 0.0356 | Prec 0.9321 | Rec 0.8955 | P@R0.9 0.9282
  Val  : Loss 0.0382 | Prec 0.9139 | Rec 0.8754 | P@R0.9 0.8859
Epoch 0929 | Time: 12.7s
  Train: Loss 0.0351 | Prec 0.9295 | Rec 0.8981 | P@R0.9 0.9277
  Val  : Loss 0.0381 | Prec 0.9097 | Rec 0.8745 | P@R0.9 0.8784
Epoch 0930 | Time: 12.8s
  Train: Loss 0.0351 | Prec 0.9285 | Rec 0.9022 | P@R0.9 0.9303
  Val  : Loss 0.0388 | Prec 0.9084 | Rec 0.8766 | P@R0.9 0.8800
Epoch 0931 | Time: 12.7s
  Train: Loss 0.0343 | Prec 0.9301 | Rec 0.8994 | P@R0.9 0.9295
  Val  : Loss 0.0386 | Prec 0.9088 | Rec 0.8729 | P@R0.9 0.8753
Epoch 0932 | Time: 12.5s
  Train: Loss 0.0362 | Prec 0.9276 | Rec 0.8908 | P@R0.9 0.9190
  Val  : Loss 0.0387 | Prec 0.9131 | Rec 0.8729 | P@R0.9 0.8823
Epoch 0933 | Time: 12.7s
  Train: Loss 0.0356 | Prec 0.9309 | Rec 0.9002 | P@R0.9 0.9312
  Val  : Loss 0.0378 | Prec 0.9146 | Rec 0.8830 | P@R0.9 0.8960
Epoch 0934 | Time: 12.6s
  Train: Loss 0.0350 | Prec 0.9278 | Rec 0.8943 | P@R0.9 0.9225
  Val  : Loss 0.0383 | Prec 0.9124 | Rec 0.8741 | P@R0.9 0.8820
Epoch 0935 | Time: 12.8s
  Train: Loss 0.0354 | Prec 0.9288 | Rec 0.8962 | P@R0.9 0.9253
  Val  : Loss 0.0381 | Prec 0.9129 | Rec 0.8760 | P@R0.9 0.8846
Epoch 0936 | Time: 12.8s
  Train: Loss 0.0355 | Prec 0.9268 | Rec 0.9036 | P@R0.9 0.9302
  Val  : Loss 0.0378 | Prec 0.9059 | Rec 0.8805 | P@R0.9 0.8818
Epoch 0937 | Time: 12.7s
  Train: Loss 0.0355 | Prec 0.9317 | Rec 0.8900 | P@R0.9 0.9226
  Val  : Loss 0.0377 | Prec 0.9191 | Rec 0.8709 | P@R0.9 0.8860
Epoch 0938 | Time: 12.7s
  Train: Loss 0.0343 | Prec 0.9298 | Rec 0.8938 | P@R0.9 0.9246
  Val  : Loss 0.0374 | Prec 0.9154 | Rec 0.8777 | P@R0.9 0.8908
Epoch 0939 | Time: 12.6s
  Train: Loss 0.0349 | Prec 0.9311 | Rec 0.8980 | P@R0.9 0.9296
  Val  : Loss 0.0383 | Prec 0.9149 | Rec 0.8765 | P@R0.9 0.8879
Epoch 0940 | Time: 12.6s
  Train: Loss 0.0356 | Prec 0.9301 | Rec 0.8973 | P@R0.9 0.9273
  Val  : Loss 0.0378 | Prec 0.9130 | Rec 0.8749 | P@R0.9 0.8840
Epoch 0941 | Time: 12.6s
  Train: Loss 0.0350 | Prec 0.9328 | Rec 0.8986 | P@R0.9 0.9313
  Val  : Loss 0.0381 | Prec 0.9139 | Rec 0.8749 | P@R0.9 0.8856
Epoch 0942 | Time: 12.5s
  Train: Loss 0.0338 | Prec 0.9247 | Rec 0.8958 | P@R0.9 0.9203
  Val  : Loss 0.0381 | Prec 0.9089 | Rec 0.8737 | P@R0.9 0.8755
Epoch 0943 | Time: 13.0s
  Train: Loss 0.0336 | Prec 0.9284 | Rec 0.8963 | P@R0.9 0.9249
  Val  : Loss 0.0385 | Prec 0.9158 | Rec 0.8769 | P@R0.9 0.8899
Epoch 0944 | Time: 12.9s
  Train: Loss 0.0347 | Prec 0.9373 | Rec 0.8884 | P@R0.9 0.9279
  Val  : Loss 0.0384 | Prec 0.9236 | Rec 0.8663 | P@R0.9 0.8886
Epoch 0945 | Time: 12.5s
  Train: Loss 0.0338 | Prec 0.9297 | Rec 0.8970 | P@R0.9 0.9271
  Val  : Loss 0.0382 | Prec 0.9111 | Rec 0.8760 | P@R0.9 0.8817
Epoch 0946 | Time: 12.7s
  Train: Loss 0.0345 | Prec 0.9297 | Rec 0.8994 | P@R0.9 0.9292
  Val  : Loss 0.0386 | Prec 0.9139 | Rec 0.8782 | P@R0.9 0.8884
Epoch 0947 | Time: 12.8s
  Train: Loss 0.0344 | Prec 0.9338 | Rec 0.8952 | P@R0.9 0.9295
  Val  : Loss 0.0384 | Prec 0.9164 | Rec 0.8757 | P@R0.9 0.8896
Epoch 0948 | Time: 12.8s
  Train: Loss 0.0332 | Prec 0.9241 | Rec 0.9000 | P@R0.9 0.9241
  Val  : Loss 0.0380 | Prec 0.9107 | Rec 0.8814 | P@R0.9 0.8893
Epoch 0949 | Time: 12.9s
  Train: Loss 0.0331 | Prec 0.9315 | Rec 0.8974 | P@R0.9 0.9292
  Val  : Loss 0.0380 | Prec 0.9135 | Rec 0.8719 | P@R0.9 0.8787
Epoch 0950 | Time: 12.6s
  Train: Loss 0.0352 | Prec 0.9254 | Rec 0.8991 | P@R0.9 0.9245
  Val  : Loss 0.0389 | Prec 0.9100 | Rec 0.8789 | P@R0.9 0.8852
Epoch 0951 | Time: 12.7s
  Train: Loss 0.0334 | Prec 0.9337 | Rec 0.8928 | P@R0.9 0.9272
  Val  : Loss 0.0381 | Prec 0.9189 | Rec 0.8726 | P@R0.9 0.8891
Epoch 0952 | Time: 12.6s
  Train: Loss 0.0343 | Prec 0.9322 | Rec 0.8927 | P@R0.9 0.9255
  Val  : Loss 0.0380 | Prec 0.9151 | Rec 0.8714 | P@R0.9 0.8824
Epoch 0953 | Time: 12.6s
  Train: Loss 0.0337 | Prec 0.9329 | Rec 0.8930 | P@R0.9 0.9267
  Val  : Loss 0.0375 | Prec 0.9144 | Rec 0.8674 | P@R0.9 0.8765
Epoch 0954 | Time: 12.9s
  Train: Loss 0.0347 | Prec 0.9307 | Rec 0.8939 | P@R0.9 0.9247
  Val  : Loss 0.0384 | Prec 0.9152 | Rec 0.8722 | P@R0.9 0.8828
Epoch 0955 | Time: 12.8s
  Train: Loss 0.0344 | Prec 0.9301 | Rec 0.9029 | P@R0.9 0.9326
  Val  : Loss 0.0381 | Prec 0.9068 | Rec 0.8787 | P@R0.9 0.8807
Epoch 0956 | Time: 12.6s
  Train: Loss 0.0343 | Prec 0.9245 | Rec 0.8985 | P@R0.9 0.9230
  Val  : Loss 0.0387 | Prec 0.9066 | Rec 0.8760 | P@R0.9 0.8752
Epoch 0957 | Time: 12.7s
  Train: Loss 0.0359 | Prec 0.9300 | Rec 0.8919 | P@R0.9 0.9227
  Val  : Loss 0.0380 | Prec 0.9161 | Rec 0.8729 | P@R0.9 0.8847
Epoch 0958 | Time: 12.8s
  Train: Loss 0.0342 | Prec 0.9291 | Rec 0.8952 | P@R0.9 0.9244
  Val  : Loss 0.0379 | Prec 0.9128 | Rec 0.8761 | P@R0.9 0.8849
Epoch 0959 | Time: 12.9s
  Train: Loss 0.0350 | Prec 0.9326 | Rec 0.8950 | P@R0.9 0.9282
  Val  : Loss 0.0380 | Prec 0.9170 | Rec 0.8753 | P@R0.9 0.8888
Epoch 0960 | Time: 12.8s
  Train: Loss 0.0360 | Prec 0.9289 | Rec 0.8953 | P@R0.9 0.9246
  Val  : Loss 0.0382 | Prec 0.9139 | Rec 0.8787 | P@R0.9 0.8895
Epoch 0961 | Time: 12.5s
  Train: Loss 0.0340 | Prec 0.9277 | Rec 0.8997 | P@R0.9 0.9273
  Val  : Loss 0.0382 | Prec 0.9111 | Rec 0.8823 | P@R0.9 0.8909
Epoch 0962 | Time: 12.7s
  Train: Loss 0.0340 | Prec 0.9260 | Rec 0.8956 | P@R0.9 0.9220
  Val  : Loss 0.0383 | Prec 0.9124 | Rec 0.8791 | P@R0.9 0.8879
Epoch 0963 | Time: 12.8s
  Train: Loss 0.0351 | Prec 0.9386 | Rec 0.8893 | P@R0.9 0.9299
  Val  : Loss 0.0378 | Prec 0.9186 | Rec 0.8643 | P@R0.9 0.8774
Epoch 0964 | Time: 12.6s
  Train: Loss 0.0355 | Prec 0.9259 | Rec 0.9031 | P@R0.9 0.9286
  Val  : Loss 0.0385 | Prec 0.9087 | Rec 0.8828 | P@R0.9 0.8883
Epoch 0965 | Time: 12.7s
  Train: Loss 0.0346 | Prec 0.9248 | Rec 0.9001 | P@R0.9 0.9249
  Val  : Loss 0.0376 | Prec 0.9049 | Rec 0.8783 | P@R0.9 0.8773
Epoch 0966 | Time: 12.7s
  Train: Loss 0.0339 | Prec 0.9283 | Rec 0.8995 | P@R0.9 0.9278
  Val  : Loss 0.0379 | Prec 0.9107 | Rec 0.8796 | P@R0.9 0.8851
Epoch 0967 | Time: 12.8s
  Train: Loss 0.0340 | Prec 0.9327 | Rec 0.8940 | P@R0.9 0.9273
  Val  : Loss 0.0379 | Prec 0.9147 | Rec 0.8721 | P@R0.9 0.8829
Epoch 0968 | Time: 12.7s
  Train: Loss 0.0345 | Prec 0.9342 | Rec 0.8903 | P@R0.9 0.9255
  Val  : Loss 0.0376 | Prec 0.9156 | Rec 0.8686 | P@R0.9 0.8794
Epoch 0969 | Time: 12.6s
  Train: Loss 0.0344 | Prec 0.9281 | Rec 0.9001 | P@R0.9 0.9283
  Val  : Loss 0.0386 | Prec 0.9104 | Rec 0.8782 | P@R0.9 0.8841
Epoch 0970 | Time: 12.7s
  Train: Loss 0.0337 | Prec 0.9243 | Rec 0.8984 | P@R0.9 0.9226
  Val  : Loss 0.0385 | Prec 0.9084 | Rec 0.8782 | P@R0.9 0.8828
Epoch 0971 | Time: 12.9s
  Train: Loss 0.0343 | Prec 0.9297 | Rec 0.8948 | P@R0.9 0.9248
  Val  : Loss 0.0380 | Prec 0.9096 | Rec 0.8722 | P@R0.9 0.8744
Epoch 0972 | Time: 12.6s
  Train: Loss 0.0351 | Prec 0.9272 | Rec 0.9002 | P@R0.9 0.9273
  Val  : Loss 0.0383 | Prec 0.9102 | Rec 0.8835 | P@R0.9 0.8913
Epoch 0973 | Time: 12.5s
  Train: Loss 0.0345 | Prec 0.9262 | Rec 0.8965 | P@R0.9 0.9229
  Val  : Loss 0.0377 | Prec 0.9113 | Rec 0.8809 | P@R0.9 0.8885
Epoch 0974 | Time: 12.7s
  Train: Loss 0.0352 | Prec 0.9272 | Rec 0.8991 | P@R0.9 0.9265
  Val  : Loss 0.0378 | Prec 0.9115 | Rec 0.8806 | P@R0.9 0.8887
Epoch 0975 | Time: 12.8s
  Train: Loss 0.0359 | Prec 0.9325 | Rec 0.8991 | P@R0.9 0.9318
  Val  : Loss 0.0379 | Prec 0.9129 | Rec 0.8771 | P@R0.9 0.8860
Epoch 0976 | Time: 12.6s
  Train: Loss 0.0343 | Prec 0.9263 | Rec 0.9001 | P@R0.9 0.9264
  Val  : Loss 0.0383 | Prec 0.9108 | Rec 0.8812 | P@R0.9 0.8886
Epoch 0977 | Time: 12.6s
  Train: Loss 0.0342 | Prec 0.9319 | Rec 0.8936 | P@R0.9 0.9260
  Val  : Loss 0.0377 | Prec 0.9168 | Rec 0.8743 | P@R0.9 0.8886
Epoch 0978 | Time: 12.8s
  Train: Loss 0.0353 | Prec 0.9285 | Rec 0.8968 | P@R0.9 0.9257
  Val  : Loss 0.0375 | Prec 0.9088 | Rec 0.8753 | P@R0.9 0.8789
Epoch 0979 | Time: 12.7s
  Train: Loss 0.0333 | Prec 0.9252 | Rec 0.8964 | P@R0.9 0.9217
  Val  : Loss 0.0379 | Prec 0.9081 | Rec 0.8787 | P@R0.9 0.8831
Epoch 0980 | Time: 12.8s
  Train: Loss 0.0341 | Prec 0.9334 | Rec 0.8957 | P@R0.9 0.9297
  Val  : Loss 0.0381 | Prec 0.9167 | Rec 0.8791 | P@R0.9 0.8943
Epoch 0981 | Time: 12.5s
  Train: Loss 0.0326 | Prec 0.9244 | Rec 0.9024 | P@R0.9 0.9266
  Val  : Loss 0.0378 | Prec 0.9060 | Rec 0.8810 | P@R0.9 0.8826
Epoch 0982 | Time: 12.7s
  Train: Loss 0.0343 | Prec 0.9343 | Rec 0.8990 | P@R0.9 0.9336
  Val  : Loss 0.0378 | Prec 0.9106 | Rec 0.8696 | P@R0.9 0.8728
Epoch 0983 | Time: 12.7s
  Train: Loss 0.0342 | Prec 0.9311 | Rec 0.8966 | P@R0.9 0.9283
  Val  : Loss 0.0385 | Prec 0.9120 | Rec 0.8728 | P@R0.9 0.8793
Epoch 0984 | Time: 12.5s
  Train: Loss 0.0336 | Prec 0.9317 | Rec 0.8963 | P@R0.9 0.9284
  Val  : Loss 0.0379 | Prec 0.9122 | Rec 0.8725 | P@R0.9 0.8797
Epoch 0985 | Time: 12.8s
  Train: Loss 0.0338 | Prec 0.9308 | Rec 0.8985 | P@R0.9 0.9294
  Val  : Loss 0.0383 | Prec 0.9146 | Rec 0.8790 | P@R0.9 0.8903
Epoch 0986 | Time: 12.8s
  Train: Loss 0.0346 | Prec 0.9333 | Rec 0.8932 | P@R0.9 0.9274
  Val  : Loss 0.0382 | Prec 0.9171 | Rec 0.8716 | P@R0.9 0.8846
Epoch 0987 | Time: 12.8s
  Train: Loss 0.0342 | Prec 0.9360 | Rec 0.8933 | P@R0.9 0.9303
  Val  : Loss 0.0378 | Prec 0.9197 | Rec 0.8714 | P@R0.9 0.8896
Epoch 0988 | Time: 12.8s
  Train: Loss 0.0343 | Prec 0.9268 | Rec 0.9031 | P@R0.9 0.9298
  Val  : Loss 0.0387 | Prec 0.9083 | Rec 0.8799 | P@R0.9 0.8832
Epoch 0989 | Time: 12.7s
  Train: Loss 0.0351 | Prec 0.9325 | Rec 0.8993 | P@R0.9 0.9320
  Val  : Loss 0.0374 | Prec 0.9137 | Rec 0.8785 | P@R0.9 0.8879
Epoch 0990 | Time: 12.6s
  Train: Loss 0.0344 | Prec 0.9249 | Rec 0.9059 | P@R0.9 0.9302
  Val  : Loss 0.0377 | Prec 0.9049 | Rec 0.8823 | P@R0.9 0.8824
Epoch 0991 | Time: 12.7s
  Train: Loss 0.0345 | Prec 0.9252 | Rec 0.9033 | P@R0.9 0.9289
  Val  : Loss 0.0381 | Prec 0.9074 | Rec 0.8813 | P@R0.9 0.8844
Epoch 0992 | Time: 12.8s
  Train: Loss 0.0341 | Prec 0.9310 | Rec 0.8941 | P@R0.9 0.9261
  Val  : Loss 0.0381 | Prec 0.9166 | Rec 0.8750 | P@R0.9 0.8883
Epoch 0993 | Time: 12.6s
  Train: Loss 0.0351 | Prec 0.9291 | Rec 0.8983 | P@R0.9 0.9274
  Val  : Loss 0.0379 | Prec 0.9077 | Rec 0.8788 | P@R0.9 0.8818
Epoch 0994 | Time: 12.8s
  Train: Loss 0.0339 | Prec 0.9330 | Rec 0.8967 | P@R0.9 0.9300
  Val  : Loss 0.0378 | Prec 0.9164 | Rec 0.8729 | P@R0.9 0.8858
Epoch 0995 | Time: 12.7s
  Train: Loss 0.0353 | Prec 0.9274 | Rec 0.9051 | P@R0.9 0.9322
  Val  : Loss 0.0382 | Prec 0.9070 | Rec 0.8838 | P@R0.9 0.8871
Epoch 0996 | Time: 12.7s
  Train: Loss 0.0346 | Prec 0.9323 | Rec 0.8954 | P@R0.9 0.9281
  Val  : Loss 0.0379 | Prec 0.9165 | Rec 0.8728 | P@R0.9 0.8851
Epoch 0997 | Time: 12.8s
  Train: Loss 0.0328 | Prec 0.9278 | Rec 0.8989 | P@R0.9 0.9267
  Val  : Loss 0.0376 | Prec 0.9068 | Rec 0.8754 | P@R0.9 0.8763
Epoch 0998 | Time: 12.4s
  Train: Loss 0.0338 | Prec 0.9337 | Rec 0.8928 | P@R0.9 0.9275
  Val  : Loss 0.0383 | Prec 0.9159 | Rec 0.8700 | P@R0.9 0.8813
Epoch 0999 | Time: 12.5s
  Train: Loss 0.0347 | Prec 0.9337 | Rec 0.8949 | P@R0.9 0.9292
  Val  : Loss 0.0380 | Prec 0.9115 | Rec 0.8731 | P@R0.9 0.8800
Epoch 1000 | Time: 12.7s
  Train: Loss 0.0340 | Prec 0.9252 | Rec 0.8953 | P@R0.9 0.9208
  Val  : Loss 0.0376 | Prec 0.9106 | Rec 0.8779 | P@R0.9 0.8834
Epoch 1001 | Time: 12.6s
  Train: Loss 0.0340 | Prec 0.9328 | Rec 0.8941 | P@R0.9 0.9274
  Val  : Loss 0.0376 | Prec 0.9165 | Rec 0.8761 | P@R0.9 0.8892
Epoch 1002 | Time: 12.6s
  Train: Loss 0.0343 | Prec 0.9326 | Rec 0.8998 | P@R0.9 0.9324
  Val  : Loss 0.0372 | Prec 0.9134 | Rec 0.8752 | P@R0.9 0.8848
Epoch 1003 | Time: 12.8s
  Train: Loss 0.0347 | Prec 0.9293 | Rec 0.8973 | P@R0.9 0.9267
  Val  : Loss 0.0380 | Prec 0.9110 | Rec 0.8754 | P@R0.9 0.8814
Epoch 1004 | Time: 12.4s
  Train: Loss 0.0343 | Prec 0.9309 | Rec 0.9021 | P@R0.9 0.9328
  Val  : Loss 0.0372 | Prec 0.9105 | Rec 0.8774 | P@R0.9 0.8833
Epoch 1005 | Time: 12.7s
  Train: Loss 0.0343 | Prec 0.9272 | Rec 0.9044 | P@R0.9 0.9312
  Val  : Loss 0.0386 | Prec 0.9038 | Rec 0.8786 | P@R0.9 0.8783
Epoch 1006 | Time: 12.6s
  Train: Loss 0.0343 | Prec 0.9335 | Rec 0.8960 | P@R0.9 0.9302
  Val  : Loss 0.0381 | Prec 0.9149 | Rec 0.8694 | P@R0.9 0.8795
Epoch 1007 | Time: 12.6s
  Train: Loss 0.0331 | Prec 0.9288 | Rec 0.8901 | P@R0.9 0.9192
  Val  : Loss 0.0383 | Prec 0.9172 | Rec 0.8742 | P@R0.9 0.8887
Epoch 1008 | Time: 12.9s
  Train: Loss 0.0356 | Prec 0.9388 | Rec 0.8833 | P@R0.9 0.9250
  Val  : Loss 0.0378 | Prec 0.9244 | Rec 0.8642 | P@R0.9 0.8866
Epoch 1009 | Time: 12.7s
  Train: Loss 0.0348 | Prec 0.9270 | Rec 0.8978 | P@R0.9 0.9248
  Val  : Loss 0.0377 | Prec 0.9105 | Rec 0.8795 | P@R0.9 0.8856
Epoch 1010 | Time: 12.5s
  Train: Loss 0.0335 | Prec 0.9308 | Rec 0.8928 | P@R0.9 0.9242
  Val  : Loss 0.0373 | Prec 0.9148 | Rec 0.8722 | P@R0.9 0.8838
Epoch 1011 | Time: 13.0s
  Train: Loss 0.0353 | Prec 0.9317 | Rec 0.8926 | P@R0.9 0.9253
  Val  : Loss 0.0385 | Prec 0.9186 | Rec 0.8751 | P@R0.9 0.8920
Epoch 1012 | Time: 12.6s
  Train: Loss 0.0348 | Prec 0.9324 | Rec 0.8960 | P@R0.9 0.9292
  Val  : Loss 0.0378 | Prec 0.9144 | Rec 0.8765 | P@R0.9 0.8875
Epoch 1013 | Time: 12.8s
  Train: Loss 0.0347 | Prec 0.9255 | Rec 0.8970 | P@R0.9 0.9224
  Val  : Loss 0.0380 | Prec 0.9126 | Rec 0.8827 | P@R0.9 0.8929
Epoch 1014 | Time: 12.8s
  Train: Loss 0.0327 | Prec 0.9293 | Rec 0.9020 | P@R0.9 0.9312
  Val  : Loss 0.0372 | Prec 0.9102 | Rec 0.8837 | P@R0.9 0.8915
Epoch 1015 | Time: 12.7s
  Train: Loss 0.0324 | Prec 0.9346 | Rec 0.8916 | P@R0.9 0.9270
  Val  : Loss 0.0380 | Prec 0.9153 | Rec 0.8665 | P@R0.9 0.8775
Epoch 1016 | Time: 12.7s
  Train: Loss 0.0344 | Prec 0.9290 | Rec 0.8998 | P@R0.9 0.9288
  Val  : Loss 0.0384 | Prec 0.9119 | Rec 0.8786 | P@R0.9 0.8879
Epoch 1017 | Time: 12.5s
  Train: Loss 0.0332 | Prec 0.9277 | Rec 0.8986 | P@R0.9 0.9264
  Val  : Loss 0.0377 | Prec 0.9070 | Rec 0.8776 | P@R0.9 0.8782
Epoch 1018 | Time: 12.6s
  Train: Loss 0.0348 | Prec 0.9278 | Rec 0.9004 | P@R0.9 0.9282
  Val  : Loss 0.0382 | Prec 0.9126 | Rec 0.8812 | P@R0.9 0.8909
Epoch 1019 | Time: 12.8s
  Train: Loss 0.0341 | Prec 0.9271 | Rec 0.9008 | P@R0.9 0.9279
  Val  : Loss 0.0375 | Prec 0.9081 | Rec 0.8790 | P@R0.9 0.8839
Epoch 1020 | Time: 12.7s
  Train: Loss 0.0348 | Prec 0.9333 | Rec 0.8960 | P@R0.9 0.9299
  Val  : Loss 0.0374 | Prec 0.9166 | Rec 0.8746 | P@R0.9 0.8890
Epoch 1021 | Time: 12.7s
  Train: Loss 0.0343 | Prec 0.9331 | Rec 0.8957 | P@R0.9 0.9295
  Val  : Loss 0.0377 | Prec 0.9150 | Rec 0.8742 | P@R0.9 0.8865
Epoch 1022 | Time: 12.8s
  Train: Loss 0.0329 | Prec 0.9323 | Rec 0.9032 | P@R0.9 0.9350
  Val  : Loss 0.0379 | Prec 0.9124 | Rec 0.8760 | P@R0.9 0.8849
Epoch 1023 | Time: 12.7s
  Train: Loss 0.0348 | Prec 0.9335 | Rec 0.9005 | P@R0.9 0.9339
  Val  : Loss 0.0385 | Prec 0.9149 | Rec 0.8780 | P@R0.9 0.8899
Epoch 1024 | Time: 12.4s
  Train: Loss 0.0339 | Prec 0.9289 | Rec 0.9000 | P@R0.9 0.9290
  Val  : Loss 0.0382 | Prec 0.9128 | Rec 0.8766 | P@R0.9 0.8861
Epoch 1025 | Time: 12.9s
  Train: Loss 0.0352 | Prec 0.9331 | Rec 0.9007 | P@R0.9 0.9336
  Val  : Loss 0.0381 | Prec 0.9143 | Rec 0.8757 | P@R0.9 0.8852
Epoch 1026 | Time: 12.6s
  Train: Loss 0.0347 | Prec 0.9254 | Rec 0.9066 | P@R0.9 0.9316
  Val  : Loss 0.0379 | Prec 0.9058 | Rec 0.8849 | P@R0.9 0.8866
Epoch 1027 | Time: 12.7s
  Train: Loss 0.0342 | Prec 0.9310 | Rec 0.8998 | P@R0.9 0.9308
  Val  : Loss 0.0382 | Prec 0.9135 | Rec 0.8768 | P@R0.9 0.8856
Epoch 1028 | Time: 12.7s
  Train: Loss 0.0343 | Prec 0.9279 | Rec 0.9048 | P@R0.9 0.9323
  Val  : Loss 0.0384 | Prec 0.9101 | Rec 0.8825 | P@R0.9 0.8883
Epoch 1029 | Time: 12.5s
  Train: Loss 0.0349 | Prec 0.9291 | Rec 0.8975 | P@R0.9 0.9268
  Val  : Loss 0.0380 | Prec 0.9148 | Rec 0.8803 | P@R0.9 0.8921
Epoch 1030 | Time: 12.7s
  Train: Loss 0.0338 | Prec 0.9309 | Rec 0.8965 | P@R0.9 0.9275
  Val  : Loss 0.0371 | Prec 0.9147 | Rec 0.8759 | P@R0.9 0.8872
Epoch 1031 | Time: 12.8s
  Train: Loss 0.0342 | Prec 0.9378 | Rec 0.8944 | P@R0.9 0.9333
  Val  : Loss 0.0377 | Prec 0.9209 | Rec 0.8699 | P@R0.9 0.8879
Epoch 1032 | Time: 12.5s
  Train: Loss 0.0337 | Prec 0.9333 | Rec 0.9019 | P@R0.9 0.9349
  Val  : Loss 0.0380 | Prec 0.9163 | Rec 0.8773 | P@R0.9 0.8914
Epoch 1033 | Time: 12.4s
  Train: Loss 0.0343 | Prec 0.9277 | Rec 0.8964 | P@R0.9 0.9243
  Val  : Loss 0.0381 | Prec 0.9100 | Rec 0.8741 | P@R0.9 0.8791
Epoch 1034 | Time: 12.8s
  Train: Loss 0.0341 | Prec 0.9320 | Rec 0.8984 | P@R0.9 0.9306
  Val  : Loss 0.0380 | Prec 0.9143 | Rec 0.8744 | P@R0.9 0.8853
Epoch 1035 | Time: 12.4s
  Train: Loss 0.0360 | Prec 0.9275 | Rec 0.8979 | P@R0.9 0.9257
  Val  : Loss 0.0379 | Prec 0.9087 | Rec 0.8786 | P@R0.9 0.8825
Epoch 1036 | Time: 12.7s
  Train: Loss 0.0335 | Prec 0.9283 | Rec 0.9056 | P@R0.9 0.9331
  Val  : Loss 0.0376 | Prec 0.9093 | Rec 0.8875 | P@R0.9 0.8945
Epoch 1037 | Time: 12.5s
  Train: Loss 0.0344 | Prec 0.9292 | Rec 0.8974 | P@R0.9 0.9270
  Val  : Loss 0.0381 | Prec 0.9140 | Rec 0.8777 | P@R0.9 0.8897
Epoch 1038 | Time: 12.9s
  Train: Loss 0.0346 | Prec 0.9269 | Rec 0.9012 | P@R0.9 0.9281
  Val  : Loss 0.0375 | Prec 0.9075 | Rec 0.8802 | P@R0.9 0.8831
Epoch 1039 | Time: 12.8s
  Train: Loss 0.0336 | Prec 0.9294 | Rec 0.9018 | P@R0.9 0.9308
  Val  : Loss 0.0377 | Prec 0.9121 | Rec 0.8838 | P@R0.9 0.8940
Epoch 1040 | Time: 12.6s
  Train: Loss 0.0349 | Prec 0.9311 | Rec 0.8944 | P@R0.9 0.9263
  Val  : Loss 0.0382 | Prec 0.9150 | Rec 0.8765 | P@R0.9 0.8884
Epoch 1041 | Time: 12.7s
  Train: Loss 0.0348 | Prec 0.9377 | Rec 0.8885 | P@R0.9 0.9280
  Val  : Loss 0.0375 | Prec 0.9219 | Rec 0.8692 | P@R0.9 0.8890
Epoch 1042 | Time: 12.7s
  Train: Loss 0.0347 | Prec 0.9291 | Rec 0.8937 | P@R0.9 0.9234
  Val  : Loss 0.0374 | Prec 0.9142 | Rec 0.8772 | P@R0.9 0.8893
Epoch 1043 | Time: 12.7s
  Train: Loss 0.0345 | Prec 0.9303 | Rec 0.8948 | P@R0.9 0.9258
  Val  : Loss 0.0372 | Prec 0.9158 | Rec 0.8777 | P@R0.9 0.8914
Epoch 1044 | Time: 12.6s
  Train: Loss 0.0328 | Prec 0.9382 | Rec 0.8961 | P@R0.9 0.9348
  Val  : Loss 0.0371 | Prec 0.9188 | Rec 0.8744 | P@R0.9 0.8909
Epoch 1045 | Time: 12.8s
  Train: Loss 0.0337 | Prec 0.9301 | Rec 0.8986 | P@R0.9 0.9288
  Val  : Loss 0.0384 | Prec 0.9145 | Rec 0.8768 | P@R0.9 0.8877
Epoch 1046 | Time: 13.0s
  Train: Loss 0.0341 | Prec 0.9317 | Rec 0.8967 | P@R0.9 0.9288
  Val  : Loss 0.0384 | Prec 0.9153 | Rec 0.8760 | P@R0.9 0.8880
Epoch 1047 | Time: 12.7s
  Train: Loss 0.0343 | Prec 0.9376 | Rec 0.8960 | P@R0.9 0.9344
  Val  : Loss 0.0378 | Prec 0.9173 | Rec 0.8691 | P@R0.9 0.8824
Epoch 1048 | Time: 12.6s
  Train: Loss 0.0351 | Prec 0.9349 | Rec 0.8914 | P@R0.9 0.9274
  Val  : Loss 0.0378 | Prec 0.9152 | Rec 0.8696 | P@R0.9 0.8820
Epoch 1049 | Time: 12.7s
  Train: Loss 0.0348 | Prec 0.9335 | Rec 0.8954 | P@R0.9 0.9296
  Val  : Loss 0.0374 | Prec 0.9150 | Rec 0.8722 | P@R0.9 0.8827
Epoch 1050 | Time: 12.6s
  Train: Loss 0.0329 | Prec 0.9269 | Rec 0.8996 | P@R0.9 0.9264
  Val  : Loss 0.0381 | Prec 0.9130 | Rec 0.8823 | P@R0.9 0.8930
Epoch 1051 | Time: 13.1s
  Train: Loss 0.0344 | Prec 0.9313 | Rec 0.8984 | P@R0.9 0.9299
  Val  : Loss 0.0376 | Prec 0.9138 | Rec 0.8740 | P@R0.9 0.8838
Epoch 1052 | Time: 12.9s
  Train: Loss 0.0344 | Prec 0.9302 | Rec 0.9046 | P@R0.9 0.9340
  Val  : Loss 0.0382 | Prec 0.9115 | Rec 0.8793 | P@R0.9 0.8876
Epoch 1053 | Time: 12.7s
  Train: Loss 0.0345 | Prec 0.9330 | Rec 0.8964 | P@R0.9 0.9296
  Val  : Loss 0.0380 | Prec 0.9179 | Rec 0.8757 | P@R0.9 0.8912
Epoch 1054 | Time: 12.6s
  Train: Loss 0.0334 | Prec 0.9313 | Rec 0.8985 | P@R0.9 0.9299
  Val  : Loss 0.0377 | Prec 0.9149 | Rec 0.8775 | P@R0.9 0.8895
Epoch 1055 | Time: 12.6s
  Train: Loss 0.0328 | Prec 0.9306 | Rec 0.8918 | P@R0.9 0.9228
  Val  : Loss 0.0383 | Prec 0.9178 | Rec 0.8770 | P@R0.9 0.8928
Epoch 1056 | Time: 13.1s
  Train: Loss 0.0348 | Prec 0.9364 | Rec 0.8938 | P@R0.9 0.9314
  Val  : Loss 0.0378 | Prec 0.9213 | Rec 0.8724 | P@R0.9 0.8923
Epoch 1057 | Time: 12.9s
  Train: Loss 0.0323 | Prec 0.9304 | Rec 0.9012 | P@R0.9 0.9315
  Val  : Loss 0.0371 | Prec 0.9105 | Rec 0.8750 | P@R0.9 0.8803
Epoch 1058 | Time: 12.8s
  Train: Loss 0.0335 | Prec 0.9293 | Rec 0.8973 | P@R0.9 0.9269
  Val  : Loss 0.0380 | Prec 0.9129 | Rec 0.8734 | P@R0.9 0.8813
Epoch 1059 | Time: 12.9s
  Train: Loss 0.0338 | Prec 0.9341 | Rec 0.8950 | P@R0.9 0.9297
  Val  : Loss 0.0375 | Prec 0.9176 | Rec 0.8737 | P@R0.9 0.8875
Epoch 1060 | Time: 12.6s
  Train: Loss 0.0345 | Prec 0.9321 | Rec 0.8990 | P@R0.9 0.9311
  Val  : Loss 0.0379 | Prec 0.9143 | Rec 0.8796 | P@R0.9 0.8909
Epoch 1061 | Time: 12.7s
  Train: Loss 0.0347 | Prec 0.9316 | Rec 0.8940 | P@R0.9 0.9263
  Val  : Loss 0.0377 | Prec 0.9173 | Rec 0.8765 | P@R0.9 0.8920
Epoch 1062 | Time: 12.7s
  Train: Loss 0.0332 | Prec 0.9314 | Rec 0.8967 | P@R0.9 0.9284
  Val  : Loss 0.0370 | Prec 0.9138 | Rec 0.8754 | P@R0.9 0.8853
Epoch 1063 | Time: 12.6s
  Train: Loss 0.0334 | Prec 0.9345 | Rec 0.8971 | P@R0.9 0.9323
  Val  : Loss 0.0383 | Prec 0.9169 | Rec 0.8743 | P@R0.9 0.8880
Epoch 1064 | Time: 12.8s
  Train: Loss 0.0336 | Prec 0.9302 | Rec 0.8999 | P@R0.9 0.9301
  Val  : Loss 0.0380 | Prec 0.9119 | Rec 0.8767 | P@R0.9 0.8851
Epoch 1065 | Time: 12.8s
  Train: Loss 0.0340 | Prec 0.9311 | Rec 0.9000 | P@R0.9 0.9311
  Val  : Loss 0.0381 | Prec 0.9146 | Rec 0.8793 | P@R0.9 0.8915
Epoch 1066 | Time: 12.6s
  Train: Loss 0.0334 | Prec 0.9298 | Rec 0.8987 | P@R0.9 0.9285
  Val  : Loss 0.0379 | Prec 0.9125 | Rec 0.8786 | P@R0.9 0.8871
Epoch 1067 | Time: 12.8s
  Train: Loss 0.0339 | Prec 0.9312 | Rec 0.9003 | P@R0.9 0.9314
  Val  : Loss 0.0375 | Prec 0.9143 | Rec 0.8786 | P@R0.9 0.8907
Epoch 1068 | Time: 12.7s
  Train: Loss 0.0346 | Prec 0.9327 | Rec 0.9006 | P@R0.9 0.9333
  Val  : Loss 0.0381 | Prec 0.9130 | Rec 0.8758 | P@R0.9 0.8851
Epoch 1069 | Time: 12.8s
  Train: Loss 0.0335 | Prec 0.9284 | Rec 0.9016 | P@R0.9 0.9299
  Val  : Loss 0.0382 | Prec 0.9117 | Rec 0.8797 | P@R0.9 0.8882
Epoch 1070 | Time: 12.7s
  Train: Loss 0.0350 | Prec 0.9351 | Rec 0.8979 | P@R0.9 0.9334
  Val  : Loss 0.0380 | Prec 0.9159 | Rec 0.8723 | P@R0.9 0.8833
Epoch 1071 | Time: 12.6s
  Train: Loss 0.0338 | Prec 0.9316 | Rec 0.8992 | P@R0.9 0.9309
  Val  : Loss 0.0373 | Prec 0.9127 | Rec 0.8763 | P@R0.9 0.8851
Epoch 1072 | Time: 12.8s
  Train: Loss 0.0343 | Prec 0.9336 | Rec 0.8963 | P@R0.9 0.9305
  Val  : Loss 0.0380 | Prec 0.9166 | Rec 0.8728 | P@R0.9 0.8865
Epoch 1073 | Time: 12.7s
  Train: Loss 0.0323 | Prec 0.9325 | Rec 0.8969 | P@R0.9 0.9297
  Val  : Loss 0.0374 | Prec 0.9147 | Rec 0.8748 | P@R0.9 0.8855
Epoch 1074 | Time: 12.6s
  Train: Loss 0.0328 | Prec 0.9331 | Rec 0.8990 | P@R0.9 0.9323
  Val  : Loss 0.0381 | Prec 0.9152 | Rec 0.8782 | P@R0.9 0.8908
Epoch 1075 | Time: 12.7s
  Train: Loss 0.0336 | Prec 0.9307 | Rec 0.8974 | P@R0.9 0.9284
  Val  : Loss 0.0380 | Prec 0.9143 | Rec 0.8788 | P@R0.9 0.8900
Epoch 1076 | Time: 12.6s
  Train: Loss 0.0342 | Prec 0.9328 | Rec 0.8995 | P@R0.9 0.9323
  Val  : Loss 0.0377 | Prec 0.9111 | Rec 0.8735 | P@R0.9 0.8777
Epoch 1077 | Time: 12.6s
  Train: Loss 0.0346 | Prec 0.9301 | Rec 0.9015 | P@R0.9 0.9317
  Val  : Loss 0.0380 | Prec 0.9139 | Rec 0.8806 | P@R0.9 0.8918
Epoch 1078 | Time: 12.7s
  Train: Loss 0.0336 | Prec 0.9278 | Rec 0.9000 | P@R0.9 0.9277
  Val  : Loss 0.0379 | Prec 0.9127 | Rec 0.8847 | P@R0.9 0.8942
Epoch 1079 | Time: 12.6s
  Train: Loss 0.0335 | Prec 0.9286 | Rec 0.9013 | P@R0.9 0.9297
  Val  : Loss 0.0379 | Prec 0.9129 | Rec 0.8861 | P@R0.9 0.8973
Epoch 1080 | Time: 12.6s
  Train: Loss 0.0351 | Prec 0.9292 | Rec 0.8979 | P@R0.9 0.9273
  Val  : Loss 0.0379 | Prec 0.9137 | Rec 0.8805 | P@R0.9 0.8917
Epoch 1081 | Time: 12.7s
  Train: Loss 0.0342 | Prec 0.9330 | Rec 0.8958 | P@R0.9 0.9292
  Val  : Loss 0.0375 | Prec 0.9182 | Rec 0.8786 | P@R0.9 0.8950
Epoch 1082 | Time: 12.7s
  Train: Loss 0.0347 | Prec 0.9307 | Rec 0.9007 | P@R0.9 0.9313
  Val  : Loss 0.0374 | Prec 0.9101 | Rec 0.8751 | P@R0.9 0.8791
Epoch 1083 | Time: 12.5s
  Train: Loss 0.0339 | Prec 0.9351 | Rec 0.8981 | P@R0.9 0.9334
  Val  : Loss 0.0374 | Prec 0.9155 | Rec 0.8715 | P@R0.9 0.8831
Epoch 1084 | Time: 12.5s
  Train: Loss 0.0338 | Prec 0.9329 | Rec 0.9014 | P@R0.9 0.9341
  Val  : Loss 0.0375 | Prec 0.9105 | Rec 0.8775 | P@R0.9 0.8841
Epoch 1085 | Time: 12.7s
  Train: Loss 0.0335 | Prec 0.9300 | Rec 0.8996 | P@R0.9 0.9297
  Val  : Loss 0.0373 | Prec 0.9117 | Rec 0.8741 | P@R0.9 0.8813
Epoch 1086 | Time: 12.9s
  Train: Loss 0.0339 | Prec 0.9341 | Rec 0.8994 | P@R0.9 0.9335
  Val  : Loss 0.0371 | Prec 0.9150 | Rec 0.8755 | P@R0.9 0.8858
Epoch 1087 | Time: 12.7s
  Train: Loss 0.0337 | Prec 0.9316 | Rec 0.8948 | P@R0.9 0.9272
  Val  : Loss 0.0371 | Prec 0.9145 | Rec 0.8733 | P@R0.9 0.8849
Epoch 1088 | Time: 12.8s
  Train: Loss 0.0328 | Prec 0.9338 | Rec 0.8995 | P@R0.9 0.9333
  Val  : Loss 0.0376 | Prec 0.9158 | Rec 0.8749 | P@R0.9 0.8879
Epoch 1089 | Time: 12.6s
  Train: Loss 0.0349 | Prec 0.9315 | Rec 0.9002 | P@R0.9 0.9316
  Val  : Loss 0.0379 | Prec 0.9123 | Rec 0.8786 | P@R0.9 0.8869
Epoch 1090 | Time: 12.7s
  Train: Loss 0.0340 | Prec 0.9318 | Rec 0.8981 | P@R0.9 0.9300
  Val  : Loss 0.0375 | Prec 0.9147 | Rec 0.8767 | P@R0.9 0.8886
Epoch 1091 | Time: 12.8s
  Train: Loss 0.0339 | Prec 0.9332 | Rec 0.8967 | P@R0.9 0.9303
  Val  : Loss 0.0378 | Prec 0.9178 | Rec 0.8763 | P@R0.9 0.8905
Epoch 1092 | Time: 12.7s
  Train: Loss 0.0342 | Prec 0.9279 | Rec 0.8982 | P@R0.9 0.9261
  Val  : Loss 0.0376 | Prec 0.9121 | Rec 0.8791 | P@R0.9 0.8876
Epoch 1093 | Time: 12.8s
  Train: Loss 0.0340 | Prec 0.9335 | Rec 0.8929 | P@R0.9 0.9274
  Val  : Loss 0.0374 | Prec 0.9194 | Rec 0.8721 | P@R0.9 0.8884
Epoch 1094 | Time: 13.0s
  Train: Loss 0.0338 | Prec 0.9324 | Rec 0.8960 | P@R0.9 0.9289
  Val  : Loss 0.0373 | Prec 0.9150 | Rec 0.8741 | P@R0.9 0.8853
Epoch 1095 | Time: 12.7s
  Train: Loss 0.0337 | Prec 0.9343 | Rec 0.9022 | P@R0.9 0.9362
  Val  : Loss 0.0377 | Prec 0.9155 | Rec 0.8764 | P@R0.9 0.8895
Epoch 1096 | Time: 12.5s
  Train: Loss 0.0330 | Prec 0.9289 | Rec 0.8984 | P@R0.9 0.9273
  Val  : Loss 0.0383 | Prec 0.9133 | Rec 0.8785 | P@R0.9 0.8895
Epoch 1097 | Time: 12.8s
  Train: Loss 0.0340 | Prec 0.9288 | Rec 0.8995 | P@R0.9 0.9283
  Val  : Loss 0.0379 | Prec 0.9140 | Rec 0.8794 | P@R0.9 0.8906
Epoch 1098 | Time: 12.7s
  Train: Loss 0.0338 | Prec 0.9349 | Rec 0.8999 | P@R0.9 0.9347
  Val  : Loss 0.0379 | Prec 0.9187 | Rec 0.8782 | P@R0.9 0.8957
Epoch 1099 | Time: 12.6s
  Train: Loss 0.0334 | Prec 0.9303 | Rec 0.8994 | P@R0.9 0.9298
  Val  : Loss 0.0384 | Prec 0.9160 | Rec 0.8802 | P@R0.9 0.8952
Epoch 1100 | Time: 12.7s
  Train: Loss 0.0336 | Prec 0.9336 | Rec 0.8977 | P@R0.9 0.9317
  Val  : Loss 0.0375 | Prec 0.9136 | Rec 0.8734 | P@R0.9 0.8829
Epoch 1101 | Time: 12.6s
  Train: Loss 0.0342 | Prec 0.9340 | Rec 0.8995 | P@R0.9 0.9336
  Val  : Loss 0.0376 | Prec 0.9104 | Rec 0.8750 | P@R0.9 0.8810
Epoch 1102 | Time: 12.5s
  Train: Loss 0.0341 | Prec 0.9273 | Rec 0.8991 | P@R0.9 0.9265
  Val  : Loss 0.0376 | Prec 0.9104 | Rec 0.8806 | P@R0.9 0.8882
Epoch 1103 | Time: 12.8s
  Train: Loss 0.0356 | Prec 0.9338 | Rec 0.9001 | P@R0.9 0.9339
  Val  : Loss 0.0377 | Prec 0.9152 | Rec 0.8771 | P@R0.9 0.8881
Epoch 1104 | Time: 12.8s
  Train: Loss 0.0332 | Prec 0.9313 | Rec 0.9063 | P@R0.9 0.9369
  Val  : Loss 0.0377 | Prec 0.9124 | Rec 0.8799 | P@R0.9 0.8890
Epoch 1105 | Time: 12.6s
  Train: Loss 0.0330 | Prec 0.9324 | Rec 0.8957 | P@R0.9 0.9288
  Val  : Loss 0.0377 | Prec 0.9148 | Rec 0.8718 | P@R0.9 0.8813
Epoch 1106 | Time: 12.7s
  Train: Loss 0.0343 | Prec 0.9308 | Rec 0.8929 | P@R0.9 0.9244
  Val  : Loss 0.0381 | Prec 0.9198 | Rec 0.8766 | P@R0.9 0.8960
Epoch 1107 | Time: 12.8s
  Train: Loss 0.0337 | Prec 0.9297 | Rec 0.9048 | P@R0.9 0.9339
  Val  : Loss 0.0373 | Prec 0.9088 | Rec 0.8806 | P@R0.9 0.8857
Epoch 1108 | Time: 12.6s
  Train: Loss 0.0334 | Prec 0.9304 | Rec 0.9000 | P@R0.9 0.9304
  Val  : Loss 0.0374 | Prec 0.9120 | Rec 0.8745 | P@R0.9 0.8815
Epoch 1109 | Time: 12.7s
  Train: Loss 0.0343 | Prec 0.9297 | Rec 0.9025 | P@R0.9 0.9319
  Val  : Loss 0.0376 | Prec 0.9107 | Rec 0.8813 | P@R0.9 0.8881
Epoch 1110 | Time: 12.7s
  Train: Loss 0.0343 | Prec 0.9302 | Rec 0.8960 | P@R0.9 0.9267
  Val  : Loss 0.0375 | Prec 0.9156 | Rec 0.8775 | P@R0.9 0.8911
Epoch 1111 | Time: 12.8s
  Train: Loss 0.0342 | Prec 0.9347 | Rec 0.8970 | P@R0.9 0.9322
  Val  : Loss 0.0374 | Prec 0.9172 | Rec 0.8758 | P@R0.9 0.8900
Epoch 1112 | Time: 12.6s
  Train: Loss 0.0340 | Prec 0.9335 | Rec 0.9017 | P@R0.9 0.9349
  Val  : Loss 0.0374 | Prec 0.9167 | Rec 0.8817 | P@R0.9 0.8969
Epoch 1113 | Time: 12.5s
  Train: Loss 0.0339 | Prec 0.9279 | Rec 0.9000 | P@R0.9 0.9278
  Val  : Loss 0.0378 | Prec 0.9107 | Rec 0.8811 | P@R0.9 0.8876
Epoch 1114 | Time: 12.8s
  Train: Loss 0.0339 | Prec 0.9292 | Rec 0.8956 | P@R0.9 0.9252
  Val  : Loss 0.0375 | Prec 0.9129 | Rec 0.8794 | P@R0.9 0.8895
Epoch 1115 | Time: 12.7s
  Train: Loss 0.0343 | Prec 0.9337 | Rec 0.8993 | P@R0.9 0.9330
  Val  : Loss 0.0375 | Prec 0.9181 | Rec 0.8814 | P@R0.9 0.8984
Epoch 1116 | Time: 12.6s
  Train: Loss 0.0336 | Prec 0.9334 | Rec 0.8964 | P@R0.9 0.9304
  Val  : Loss 0.0381 | Prec 0.9191 | Rec 0.8750 | P@R0.9 0.8913
Epoch 1117 | Time: 12.5s
  Train: Loss 0.0333 | Prec 0.9294 | Rec 0.8983 | P@R0.9 0.9279
  Val  : Loss 0.0376 | Prec 0.9154 | Rec 0.8818 | P@R0.9 0.8948
Epoch 1118 | Time: 12.7s
  Train: Loss 0.0337 | Prec 0.9329 | Rec 0.8988 | P@R0.9 0.9319
  Val  : Loss 0.0371 | Prec 0.9138 | Rec 0.8726 | P@R0.9 0.8818
Epoch 1119 | Time: 12.8s
  Train: Loss 0.0342 | Prec 0.9318 | Rec 0.8932 | P@R0.9 0.9258
  Val  : Loss 0.0381 | Prec 0.9178 | Rec 0.8749 | P@R0.9 0.8913
Epoch 1120 | Time: 12.8s
  Train: Loss 0.0339 | Prec 0.9327 | Rec 0.8979 | P@R0.9 0.9309
  Val  : Loss 0.0375 | Prec 0.9177 | Rec 0.8784 | P@R0.9 0.8941
Epoch 1121 | Time: 12.8s
  Train: Loss 0.0340 | Prec 0.9326 | Rec 0.9001 | P@R0.9 0.9326
  Val  : Loss 0.0375 | Prec 0.9128 | Rec 0.8786 | P@R0.9 0.8881
Epoch 1122 | Time: 12.8s
  Train: Loss 0.0343 | Prec 0.9290 | Rec 0.9015 | P@R0.9 0.9303
  Val  : Loss 0.0373 | Prec 0.9115 | Rec 0.8811 | P@R0.9 0.8894
Epoch 1123 | Time: 12.7s
  Train: Loss 0.0341 | Prec 0.9273 | Rec 0.9016 | P@R0.9 0.9288
  Val  : Loss 0.0373 | Prec 0.9092 | Rec 0.8812 | P@R0.9 0.8863
Epoch 1124 | Time: 12.7s
  Train: Loss 0.0347 | Prec 0.9338 | Rec 0.8960 | P@R0.9 0.9304
  Val  : Loss 0.0374 | Prec 0.9168 | Rec 0.8763 | P@R0.9 0.8910
Epoch 1125 | Time: 12.7s
  Train: Loss 0.0345 | Prec 0.9313 | Rec 0.9008 | P@R0.9 0.9319
  Val  : Loss 0.0370 | Prec 0.9154 | Rec 0.8799 | P@R0.9 0.8928
Epoch 1126 | Time: 12.6s
  Train: Loss 0.0341 | Prec 0.9313 | Rec 0.8928 | P@R0.9 0.9247
  Val  : Loss 0.0376 | Prec 0.9177 | Rec 0.8777 | P@R0.9 0.8935
Epoch 1127 | Time: 12.8s
  Train: Loss 0.0338 | Prec 0.9298 | Rec 0.9009 | P@R0.9 0.9307
  Val  : Loss 0.0371 | Prec 0.9099 | Rec 0.8809 | P@R0.9 0.8875
Epoch 1128 | Time: 12.5s
  Train: Loss 0.0342 | Prec 0.9352 | Rec 0.9002 | P@R0.9 0.9355
  Val  : Loss 0.0378 | Prec 0.9165 | Rec 0.8793 | P@R0.9 0.8935
Epoch 1129 | Time: 12.6s
  Train: Loss 0.0338 | Prec 0.9308 | Rec 0.9012 | P@R0.9 0.9318
  Val  : Loss 0.0375 | Prec 0.9141 | Rec 0.8810 | P@R0.9 0.8926
Epoch 1130 | Time: 12.6s
  Train: Loss 0.0327 | Prec 0.9273 | Rec 0.8994 | P@R0.9 0.9267
  Val  : Loss 0.0377 | Prec 0.9124 | Rec 0.8791 | P@R0.9 0.8884
Epoch 1131 | Time: 13.0s
  Train: Loss 0.0354 | Prec 0.9381 | Rec 0.8906 | P@R0.9 0.9302
  Val  : Loss 0.0372 | Prec 0.9221 | Rec 0.8677 | P@R0.9 0.8871
Epoch 1132 | Time: 12.9s
  Train: Loss 0.0339 | Prec 0.9312 | Rec 0.9026 | P@R0.9 0.9333
  Val  : Loss 0.0373 | Prec 0.9142 | Rec 0.8795 | P@R0.9 0.8907
Epoch 1133 | Time: 12.6s
  Train: Loss 0.0343 | Prec 0.9304 | Rec 0.9025 | P@R0.9 0.9326
  Val  : Loss 0.0378 | Prec 0.9118 | Rec 0.8833 | P@R0.9 0.8929
Epoch 1134 | Time: 12.7s
  Train: Loss 0.0338 | Prec 0.9336 | Rec 0.9008 | P@R0.9 0.9342
  Val  : Loss 0.0375 | Prec 0.9146 | Rec 0.8777 | P@R0.9 0.8891
Epoch 1135 | Time: 12.9s
  Train: Loss 0.0340 | Prec 0.9347 | Rec 0.8994 | P@R0.9 0.9341
  Val  : Loss 0.0375 | Prec 0.9160 | Rec 0.8764 | P@R0.9 0.8887
Epoch 1136 | Time: 12.6s
  Train: Loss 0.0341 | Prec 0.9354 | Rec 0.8956 | P@R0.9 0.9316
  Val  : Loss 0.0378 | Prec 0.9216 | Rec 0.8763 | P@R0.9 0.8970
Epoch 1137 | Time: 12.6s
  Train: Loss 0.0342 | Prec 0.9373 | Rec 0.8944 | P@R0.9 0.9328
  Val  : Loss 0.0378 | Prec 0.9212 | Rec 0.8730 | P@R0.9 0.8924
Epoch 1138 | Time: 12.6s
  Train: Loss 0.0337 | Prec 0.9311 | Rec 0.8971 | P@R0.9 0.9284
  Val  : Loss 0.0375 | Prec 0.9155 | Rec 0.8798 | P@R0.9 0.8931
Epoch 1139 | Time: 12.8s
  Train: Loss 0.0324 | Prec 0.9321 | Rec 0.8942 | P@R0.9 0.9265
  Val  : Loss 0.0375 | Prec 0.9165 | Rec 0.8762 | P@R0.9 0.8900
Epoch 1140 | Time: 12.8s
  Train: Loss 0.0334 | Prec 0.9324 | Rec 0.9009 | P@R0.9 0.9332
  Val  : Loss 0.0376 | Prec 0.9142 | Rec 0.8746 | P@R0.9 0.8844
Epoch 1141 | Time: 12.6s
  Train: Loss 0.0340 | Prec 0.9306 | Rec 0.8959 | P@R0.9 0.9269
  Val  : Loss 0.0369 | Prec 0.9141 | Rec 0.8763 | P@R0.9 0.8868
Epoch 1142 | Time: 12.7s
  Train: Loss 0.0339 | Prec 0.9361 | Rec 0.8987 | P@R0.9 0.9349
  Val  : Loss 0.0376 | Prec 0.9181 | Rec 0.8735 | P@R0.9 0.8883
Epoch 1143 | Time: 12.6s
  Train: Loss 0.0333 | Prec 0.9304 | Rec 0.9011 | P@R0.9 0.9314
  Val  : Loss 0.0376 | Prec 0.9135 | Rec 0.8775 | P@R0.9 0.8877
Epoch 1144 | Time: 12.5s
  Train: Loss 0.0335 | Prec 0.9301 | Rec 0.9008 | P@R0.9 0.9308
  Val  : Loss 0.0373 | Prec 0.9131 | Rec 0.8803 | P@R0.9 0.8914
Epoch 1145 | Time: 12.7s
  Train: Loss 0.0330 | Prec 0.9349 | Rec 0.8980 | P@R0.9 0.9332
  Val  : Loss 0.0377 | Prec 0.9165 | Rec 0.8753 | P@R0.9 0.8888
Epoch 1146 | Time: 12.8s
  Train: Loss 0.0336 | Prec 0.9337 | Rec 0.8946 | P@R0.9 0.9289
  Val  : Loss 0.0376 | Prec 0.9162 | Rec 0.8694 | P@R0.9 0.8822
Epoch 1147 | Time: 12.9s
  Train: Loss 0.0328 | Prec 0.9338 | Rec 0.9009 | P@R0.9 0.9346
  Val  : Loss 0.0379 | Prec 0.9167 | Rec 0.8786 | P@R0.9 0.8944
Epoch 1148 | Time: 12.7s
  Train: Loss 0.0338 | Prec 0.9315 | Rec 0.8997 | P@R0.9 0.9312
  Val  : Loss 0.0378 | Prec 0.9145 | Rec 0.8762 | P@R0.9 0.8870
Epoch 1149 | Time: 12.7s
  Train: Loss 0.0337 | Prec 0.9276 | Rec 0.8986 | P@R0.9 0.9263
  Val  : Loss 0.0375 | Prec 0.9136 | Rec 0.8833 | P@R0.9 0.8950
Epoch 1150 | Time: 12.9s
  Train: Loss 0.0335 | Prec 0.9326 | Rec 0.9014 | P@R0.9 0.9340
  Val  : Loss 0.0373 | Prec 0.9157 | Rec 0.8772 | P@R0.9 0.8901
Epoch 1151 | Time: 12.8s
  Train: Loss 0.0336 | Prec 0.9313 | Rec 0.8915 | P@R0.9 0.9238
  Val  : Loss 0.0377 | Prec 0.9209 | Rec 0.8767 | P@R0.9 0.8966
Epoch 1152 | Time: 12.8s
  Train: Loss 0.0348 | Prec 0.9354 | Rec 0.8985 | P@R0.9 0.9341
  Val  : Loss 0.0371 | Prec 0.9188 | Rec 0.8769 | P@R0.9 0.8931
Epoch 1153 | Time: 12.7s
  Train: Loss 0.0328 | Prec 0.9338 | Rec 0.9017 | P@R0.9 0.9351
  Val  : Loss 0.0372 | Prec 0.9167 | Rec 0.8825 | P@R0.9 0.8972
Epoch 1154 | Time: 12.7s
  Train: Loss 0.0329 | Prec 0.9303 | Rec 0.8991 | P@R0.9 0.9296
  Val  : Loss 0.0377 | Prec 0.9125 | Rec 0.8790 | P@R0.9 0.8892
Epoch 1155 | Time: 12.7s
  Train: Loss 0.0343 | Prec 0.9298 | Rec 0.8962 | P@R0.9 0.9264
  Val  : Loss 0.0376 | Prec 0.9157 | Rec 0.8790 | P@R0.9 0.8926
Epoch 1156 | Time: 12.7s
  Train: Loss 0.0330 | Prec 0.9323 | Rec 0.8982 | P@R0.9 0.9304
  Val  : Loss 0.0369 | Prec 0.9119 | Rec 0.8742 | P@R0.9 0.8815
Epoch 1157 | Time: 12.9s
  Train: Loss 0.0334 | Prec 0.9347 | Rec 0.8961 | P@R0.9 0.9314
  Val  : Loss 0.0372 | Prec 0.9156 | Rec 0.8742 | P@R0.9 0.8853
Epoch 1158 | Time: 12.7s
  Train: Loss 0.0343 | Prec 0.9328 | Rec 0.9007 | P@R0.9 0.9334
  Val  : Loss 0.0371 | Prec 0.9144 | Rec 0.8773 | P@R0.9 0.8886
Epoch 1159 | Time: 12.6s
  Train: Loss 0.0349 | Prec 0.9269 | Rec 0.9066 | P@R0.9 0.9329
  Val  : Loss 0.0376 | Prec 0.9070 | Rec 0.8848 | P@R0.9 0.8894
Epoch 1160 | Time: 12.7s
  Train: Loss 0.0350 | Prec 0.9280 | Rec 0.9001 | P@R0.9 0.9281
  Val  : Loss 0.0374 | Prec 0.9098 | Rec 0.8804 | P@R0.9 0.8856
Epoch 1161 | Time: 12.8s
  Train: Loss 0.0340 | Prec 0.9332 | Rec 0.8992 | P@R0.9 0.9325
  Val  : Loss 0.0371 | Prec 0.9164 | Rec 0.8779 | P@R0.9 0.8918
Epoch 1162 | Time: 12.7s
  Train: Loss 0.0332 | Prec 0.9324 | Rec 0.9022 | P@R0.9 0.9342
  Val  : Loss 0.0377 | Prec 0.9117 | Rec 0.8782 | P@R0.9 0.8865
Epoch 1163 | Time: 12.6s
  Train: Loss 0.0338 | Prec 0.9314 | Rec 0.9027 | P@R0.9 0.9338
  Val  : Loss 0.0377 | Prec 0.9123 | Rec 0.8796 | P@R0.9 0.8887
Epoch 1164 | Time: 12.6s
  Train: Loss 0.0339 | Prec 0.9317 | Rec 0.9002 | P@R0.9 0.9319
  Val  : Loss 0.0375 | Prec 0.9141 | Rec 0.8787 | P@R0.9 0.8888
Epoch 1165 | Time: 12.6s
  Train: Loss 0.0344 | Prec 0.9337 | Rec 0.8955 | P@R0.9 0.9298
  Val  : Loss 0.0377 | Prec 0.9183 | Rec 0.8778 | P@R0.9 0.8936
Epoch 1166 | Time: 12.6s
  Train: Loss 0.0339 | Prec 0.9336 | Rec 0.8946 | P@R0.9 0.9288
  Val  : Loss 0.0372 | Prec 0.9179 | Rec 0.8756 | P@R0.9 0.8913
Epoch 1167 | Time: 12.9s
  Train: Loss 0.0326 | Prec 0.9306 | Rec 0.9000 | P@R0.9 0.9306
  Val  : Loss 0.0372 | Prec 0.9122 | Rec 0.8799 | P@R0.9 0.8879
Epoch 1168 | Time: 12.6s
  Train: Loss 0.0333 | Prec 0.9313 | Rec 0.8955 | P@R0.9 0.9270
  Val  : Loss 0.0375 | Prec 0.9168 | Rec 0.8761 | P@R0.9 0.8908
Epoch 1169 | Time: 12.8s
  Train: Loss 0.0340 | Prec 0.9343 | Rec 0.8952 | P@R0.9 0.9299
  Val  : Loss 0.0371 | Prec 0.9177 | Rec 0.8724 | P@R0.9 0.8869
Epoch 1170 | Time: 12.8s
  Train: Loss 0.0334 | Prec 0.9373 | Rec 0.8952 | P@R0.9 0.9333
  Val  : Loss 0.0374 | Prec 0.9210 | Rec 0.8709 | P@R0.9 0.8905
Epoch 1171 | Time: 12.9s
  Train: Loss 0.0336 | Prec 0.9366 | Rec 0.8973 | P@R0.9 0.9345
  Val  : Loss 0.0376 | Prec 0.9202 | Rec 0.8703 | P@R0.9 0.8886
Epoch 1172 | Time: 12.7s
  Train: Loss 0.0331 | Prec 0.9308 | Rec 0.8996 | P@R0.9 0.9304
  Val  : Loss 0.0378 | Prec 0.9162 | Rec 0.8790 | P@R0.9 0.8929
Epoch 1173 | Time: 12.8s
  Train: Loss 0.0350 | Prec 0.9305 | Rec 0.8926 | P@R0.9 0.9237
  Val  : Loss 0.0375 | Prec 0.9160 | Rec 0.8759 | P@R0.9 0.8895
Epoch 1174 | Time: 12.7s
  Train: Loss 0.0328 | Prec 0.9361 | Rec 0.8963 | P@R0.9 0.9332
  Val  : Loss 0.0365 | Prec 0.9193 | Rec 0.8745 | P@R0.9 0.8913
Epoch 1175 | Time: 12.8s
  Train: Loss 0.0327 | Prec 0.9311 | Rec 0.9047 | P@R0.9 0.9353
  Val  : Loss 0.0379 | Prec 0.9159 | Rec 0.8827 | P@R0.9 0.8966
Epoch 1176 | Time: 12.9s
  Train: Loss 0.0340 | Prec 0.9282 | Rec 0.9018 | P@R0.9 0.9297
  Val  : Loss 0.0382 | Prec 0.9115 | Rec 0.8813 | P@R0.9 0.8893
Epoch 1177 | Time: 12.8s
  Train: Loss 0.0345 | Prec 0.9311 | Rec 0.8970 | P@R0.9 0.9285
  Val  : Loss 0.0376 | Prec 0.9163 | Rec 0.8796 | P@R0.9 0.8942
Epoch 1178 | Time: 12.7s
  Train: Loss 0.0340 | Prec 0.9263 | Rec 0.8981 | P@R0.9 0.9244
  Val  : Loss 0.0367 | Prec 0.9101 | Rec 0.8790 | P@R0.9 0.8837
Epoch 1179 | Time: 12.8s
  Train: Loss 0.0351 | Prec 0.9300 | Rec 0.8991 | P@R0.9 0.9291
  Val  : Loss 0.0368 | Prec 0.9156 | Rec 0.8842 | P@R0.9 0.8991
Epoch 1180 | Time: 12.8s
  Train: Loss 0.0329 | Prec 0.9294 | Rec 0.8938 | P@R0.9 0.9236
  Val  : Loss 0.0369 | Prec 0.9171 | Rec 0.8769 | P@R0.9 0.8920
Epoch 1181 | Time: 13.0s
  Train: Loss 0.0335 | Prec 0.9339 | Rec 0.9004 | P@R0.9 0.9343
  Val  : Loss 0.0369 | Prec 0.9154 | Rec 0.8789 | P@R0.9 0.8919
Epoch 1182 | Time: 12.6s
  Train: Loss 0.0339 | Prec 0.9341 | Rec 0.9002 | P@R0.9 0.9344
  Val  : Loss 0.0373 | Prec 0.9159 | Rec 0.8775 | P@R0.9 0.8915
Epoch 1183 | Time: 12.6s
  Train: Loss 0.0338 | Prec 0.9324 | Rec 0.8948 | P@R0.9 0.9277
  Val  : Loss 0.0378 | Prec 0.9206 | Rec 0.8778 | P@R0.9 0.8974
Epoch 1184 | Time: 12.9s
  Train: Loss 0.0339 | Prec 0.9263 | Rec 0.8971 | P@R0.9 0.9235
  Val  : Loss 0.0373 | Prec 0.9125 | Rec 0.8782 | P@R0.9 0.8866
Epoch 1185 | Time: 12.7s
  Train: Loss 0.0338 | Prec 0.9325 | Rec 0.8971 | P@R0.9 0.9298
  Val  : Loss 0.0366 | Prec 0.9144 | Rec 0.8776 | P@R0.9 0.8901
Epoch 1186 | Time: 12.8s
  Train: Loss 0.0346 | Prec 0.9349 | Rec 0.8971 | P@R0.9 0.9328
  Val  : Loss 0.0369 | Prec 0.9167 | Rec 0.8755 | P@R0.9 0.8893
Epoch 1187 | Time: 12.6s
  Train: Loss 0.0336 | Prec 0.9304 | Rec 0.9064 | P@R0.9 0.9360
  Val  : Loss 0.0376 | Prec 0.9104 | Rec 0.8862 | P@R0.9 0.8951
Epoch 1188 | Time: 12.6s
  Train: Loss 0.0333 | Prec 0.9291 | Rec 0.9000 | P@R0.9 0.9291
  Val  : Loss 0.0376 | Prec 0.9143 | Rec 0.8780 | P@R0.9 0.8890
Epoch 1189 | Time: 13.0s
  Train: Loss 0.0330 | Prec 0.9313 | Rec 0.9033 | P@R0.9 0.9344
  Val  : Loss 0.0375 | Prec 0.9111 | Rec 0.8801 | P@R0.9 0.8887
Epoch 1190 | Time: 12.6s
  Train: Loss 0.0331 | Prec 0.9317 | Rec 0.8958 | P@R0.9 0.9277
  Val  : Loss 0.0368 | Prec 0.9153 | Rec 0.8765 | P@R0.9 0.8891
Epoch 1191 | Time: 12.8s
  Train: Loss 0.0318 | Prec 0.9335 | Rec 0.8941 | P@R0.9 0.9285
  Val  : Loss 0.0369 | Prec 0.9203 | Rec 0.8783 | P@R0.9 0.8982
Epoch 1192 | Time: 12.7s
  Train: Loss 0.0337 | Prec 0.9309 | Rec 0.8993 | P@R0.9 0.9302
  Val  : Loss 0.0375 | Prec 0.9139 | Rec 0.8805 | P@R0.9 0.8923
Epoch 1193 | Time: 12.7s
  Train: Loss 0.0333 | Prec 0.9326 | Rec 0.8986 | P@R0.9 0.9311
  Val  : Loss 0.0374 | Prec 0.9147 | Rec 0.8759 | P@R0.9 0.8872
Epoch 1194 | Time: 12.6s
  Train: Loss 0.0349 | Prec 0.9328 | Rec 0.8992 | P@R0.9 0.9322
  Val  : Loss 0.0375 | Prec 0.9153 | Rec 0.8771 | P@R0.9 0.8898
Epoch 1195 | Time: 12.8s
  Train: Loss 0.0333 | Prec 0.9352 | Rec 0.9035 | P@R0.9 0.9379
  Val  : Loss 0.0374 | Prec 0.9182 | Rec 0.8792 | P@R0.9 0.8957
Epoch 1196 | Time: 12.7s
  Train: Loss 0.0316 | Prec 0.9338 | Rec 0.8998 | P@R0.9 0.9336
  Val  : Loss 0.0377 | Prec 0.9160 | Rec 0.8727 | P@R0.9 0.8847
Epoch 1197 | Time: 12.7s
  Train: Loss 0.0342 | Prec 0.9334 | Rec 0.9009 | P@R0.9 0.9341
  Val  : Loss 0.0376 | Prec 0.9133 | Rec 0.8787 | P@R0.9 0.8897
Epoch 1198 | Time: 12.6s
  Train: Loss 0.0331 | Prec 0.9324 | Rec 0.8977 | P@R0.9 0.9307
  Val  : Loss 0.0376 | Prec 0.9153 | Rec 0.8768 | P@R0.9 0.8887
Epoch 1199 | Time: 12.7s
  Train: Loss 0.0319 | Prec 0.9298 | Rec 0.8997 | P@R0.9 0.9295
  Val  : Loss 0.0373 | Prec 0.9172 | Rec 0.8808 | P@R0.9 0.8953
Epoch 1200 | Time: 12.8s
  Train: Loss 0.0327 | Prec 0.9356 | Rec 0.9012 | P@R0.9 0.9367
  Val  : Loss 0.0372 | Prec 0.9175 | Rec 0.8758 | P@R0.9 0.8906
Epoch 1201 | Time: 12.7s
  Train: Loss 0.0337 | Prec 0.9297 | Rec 0.8987 | P@R0.9 0.9285
  Val  : Loss 0.0375 | Prec 0.9135 | Rec 0.8766 | P@R0.9 0.8860
Epoch 1202 | Time: 12.8s
  Train: Loss 0.0338 | Prec 0.9356 | Rec 0.8993 | P@R0.9 0.9350
  Val  : Loss 0.0370 | Prec 0.9178 | Rec 0.8765 | P@R0.9 0.8927
Epoch 1203 | Time: 12.6s
  Train: Loss 0.0331 | Prec 0.9318 | Rec 0.9008 | P@R0.9 0.9325
  Val  : Loss 0.0375 | Prec 0.9134 | Rec 0.8783 | P@R0.9 0.8897
Epoch 1204 | Time: 13.0s
  Train: Loss 0.0336 | Prec 0.9314 | Rec 0.9031 | P@R0.9 0.9342
  Val  : Loss 0.0372 | Prec 0.9152 | Rec 0.8826 | P@R0.9 0.8963
Epoch 1205 | Time: 12.9s
  Train: Loss 0.0322 | Prec 0.9297 | Rec 0.9022 | P@R0.9 0.9318
  Val  : Loss 0.0372 | Prec 0.9067 | Rec 0.8787 | P@R0.9 0.8805
Epoch 1206 | Time: 12.9s
  Train: Loss 0.0350 | Prec 0.9360 | Rec 0.8991 | P@R0.9 0.9353
  Val  : Loss 0.0378 | Prec 0.9179 | Rec 0.8746 | P@R0.9 0.8918
Epoch 1207 | Time: 12.7s
  Train: Loss 0.0327 | Prec 0.9287 | Rec 0.9049 | P@R0.9 0.9331
  Val  : Loss 0.0372 | Prec 0.9089 | Rec 0.8818 | P@R0.9 0.8875
Epoch 1208 | Time: 12.7s
  Train: Loss 0.0338 | Prec 0.9282 | Rec 0.8978 | P@R0.9 0.9261
  Val  : Loss 0.0373 | Prec 0.9130 | Rec 0.8805 | P@R0.9 0.8903
Epoch 1209 | Time: 12.8s
  Train: Loss 0.0334 | Prec 0.9339 | Rec 0.8966 | P@R0.9 0.9312
  Val  : Loss 0.0372 | Prec 0.9182 | Rec 0.8763 | P@R0.9 0.8931
Epoch 1210 | Time: 12.8s
  Train: Loss 0.0324 | Prec 0.9304 | Rec 0.9012 | P@R0.9 0.9314
  Val  : Loss 0.0373 | Prec 0.9119 | Rec 0.8819 | P@R0.9 0.8906
Epoch 1211 | Time: 12.5s
  Train: Loss 0.0327 | Prec 0.9336 | Rec 0.9005 | P@R0.9 0.9340
  Val  : Loss 0.0373 | Prec 0.9138 | Rec 0.8767 | P@R0.9 0.8867
Epoch 1212 | Time: 12.6s
  Train: Loss 0.0336 | Prec 0.9298 | Rec 0.9018 | P@R0.9 0.9317
  Val  : Loss 0.0380 | Prec 0.9135 | Rec 0.8812 | P@R0.9 0.8915
Epoch 1213 | Time: 12.6s
  Train: Loss 0.0336 | Prec 0.9350 | Rec 0.8949 | P@R0.9 0.9307
  Val  : Loss 0.0372 | Prec 0.9212 | Rec 0.8766 | P@R0.9 0.8967
Epoch 1214 | Time: 12.8s
  Train: Loss 0.0321 | Prec 0.9307 | Rec 0.9009 | P@R0.9 0.9315
  Val  : Loss 0.0372 | Prec 0.9153 | Rec 0.8806 | P@R0.9 0.8933
Epoch 1215 | Time: 12.7s
  Train: Loss 0.0343 | Prec 0.9353 | Rec 0.8904 | P@R0.9 0.9268
  Val  : Loss 0.0372 | Prec 0.9216 | Rec 0.8681 | P@R0.9 0.8875
Epoch 1216 | Time: 12.9s
  Train: Loss 0.0342 | Prec 0.9311 | Rec 0.9014 | P@R0.9 0.9322
  Val  : Loss 0.0370 | Prec 0.9146 | Rec 0.8806 | P@R0.9 0.8932
Epoch 1217 | Time: 12.6s
  Train: Loss 0.0327 | Prec 0.9349 | Rec 0.9034 | P@R0.9 0.9375
  Val  : Loss 0.0367 | Prec 0.9136 | Rec 0.8777 | P@R0.9 0.8879
Epoch 1218 | Time: 12.7s
  Train: Loss 0.0335 | Prec 0.9316 | Rec 0.9016 | P@R0.9 0.9329
  Val  : Loss 0.0373 | Prec 0.9126 | Rec 0.8772 | P@R0.9 0.8858
Epoch 1219 | Time: 12.8s
  Train: Loss 0.0334 | Prec 0.9340 | Rec 0.8950 | P@R0.9 0.9295
  Val  : Loss 0.0367 | Prec 0.9173 | Rec 0.8734 | P@R0.9 0.8888
Epoch 1220 | Time: 12.8s
  Train: Loss 0.0339 | Prec 0.9325 | Rec 0.8994 | P@R0.9 0.9320
  Val  : Loss 0.0368 | Prec 0.9138 | Rec 0.8771 | P@R0.9 0.8877
Epoch 1221 | Time: 12.6s
  Train: Loss 0.0341 | Prec 0.9331 | Rec 0.9015 | P@R0.9 0.9344
  Val  : Loss 0.0373 | Prec 0.9170 | Rec 0.8809 | P@R0.9 0.8970
Epoch 1222 | Time: 12.7s
  Train: Loss 0.0341 | Prec 0.9256 | Rec 0.9030 | P@R0.9 0.9284
  Val  : Loss 0.0373 | Prec 0.9062 | Rec 0.8816 | P@R0.9 0.8820
Epoch 1223 | Time: 12.7s
  Train: Loss 0.0335 | Prec 0.9305 | Rec 0.9043 | P@R0.9 0.9343
  Val  : Loss 0.0371 | Prec 0.9130 | Rec 0.8824 | P@R0.9 0.8934
Epoch 1224 | Time: 12.7s
  Train: Loss 0.0340 | Prec 0.9272 | Rec 0.9015 | P@R0.9 0.9286
  Val  : Loss 0.0373 | Prec 0.9105 | Rec 0.8825 | P@R0.9 0.8905
Epoch 1225 | Time: 12.7s
  Train: Loss 0.0337 | Prec 0.9305 | Rec 0.9031 | P@R0.9 0.9332
  Val  : Loss 0.0368 | Prec 0.9123 | Rec 0.8847 | P@R0.9 0.8946
Epoch 1226 | Time: 12.6s
  Train: Loss 0.0333 | Prec 0.9329 | Rec 0.9028 | P@R0.9 0.9355
  Val  : Loss 0.0372 | Prec 0.9154 | Rec 0.8783 | P@R0.9 0.8912
Epoch 1227 | Time: 12.8s
  Train: Loss 0.0342 | Prec 0.9312 | Rec 0.8979 | P@R0.9 0.9292
  Val  : Loss 0.0369 | Prec 0.9113 | Rec 0.8749 | P@R0.9 0.8822
Epoch 1228 | Time: 12.9s
  Train: Loss 0.0343 | Prec 0.9369 | Rec 0.9015 | P@R0.9 0.9381
  Val  : Loss 0.0371 | Prec 0.9169 | Rec 0.8765 | P@R0.9 0.8906
Epoch 1229 | Time: 12.6s
  Train: Loss 0.0340 | Prec 0.9261 | Rec 0.9054 | P@R0.9 0.9312
  Val  : Loss 0.0375 | Prec 0.9080 | Rec 0.8852 | P@R0.9 0.8904
Epoch 1230 | Time: 12.8s
  Train: Loss 0.0335 | Prec 0.9321 | Rec 0.8959 | P@R0.9 0.9284
  Val  : Loss 0.0374 | Prec 0.9177 | Rec 0.8764 | P@R0.9 0.8922
Epoch 1231 | Time: 12.6s
  Train: Loss 0.0336 | Prec 0.9338 | Rec 0.8999 | P@R0.9 0.9337
  Val  : Loss 0.0367 | Prec 0.9140 | Rec 0.8791 | P@R0.9 0.8908
Epoch 1232 | Time: 12.6s
  Train: Loss 0.0343 | Prec 0.9363 | Rec 0.9023 | P@R0.9 0.9381
  Val  : Loss 0.0365 | Prec 0.9145 | Rec 0.8778 | P@R0.9 0.8897
Epoch 1233 | Time: 12.7s
  Train: Loss 0.0329 | Prec 0.9345 | Rec 0.9007 | P@R0.9 0.9350
  Val  : Loss 0.0371 | Prec 0.9158 | Rec 0.8775 | P@R0.9 0.8909
Epoch 1234 | Time: 12.7s
  Train: Loss 0.0320 | Prec 0.9307 | Rec 0.9054 | P@R0.9 0.9356
  Val  : Loss 0.0372 | Prec 0.9107 | Rec 0.8800 | P@R0.9 0.8859
Epoch 1235 | Time: 12.7s
  Train: Loss 0.0326 | Prec 0.9360 | Rec 0.8973 | P@R0.9 0.9337
  Val  : Loss 0.0374 | Prec 0.9168 | Rec 0.8714 | P@R0.9 0.8848
Epoch 1236 | Time: 12.5s
  Train: Loss 0.0329 | Prec 0.9320 | Rec 0.8942 | P@R0.9 0.9267
  Val  : Loss 0.0372 | Prec 0.9156 | Rec 0.8716 | P@R0.9 0.8818
Epoch 1237 | Time: 12.8s
  Train: Loss 0.0336 | Prec 0.9336 | Rec 0.9023 | P@R0.9 0.9355
  Val  : Loss 0.0370 | Prec 0.9139 | Rec 0.8787 | P@R0.9 0.8895
Epoch 1238 | Time: 12.7s
  Train: Loss 0.0350 | Prec 0.9320 | Rec 0.8975 | P@R0.9 0.9300
  Val  : Loss 0.0370 | Prec 0.9149 | Rec 0.8751 | P@R0.9 0.8860
Epoch 1239 | Time: 12.8s
  Train: Loss 0.0340 | Prec 0.9333 | Rec 0.9000 | P@R0.9 0.9333
  Val  : Loss 0.0367 | Prec 0.9142 | Rec 0.8745 | P@R0.9 0.8851
Epoch 1240 | Time: 12.8s
  Train: Loss 0.0336 | Prec 0.9292 | Rec 0.9041 | P@R0.9 0.9329
  Val  : Loss 0.0378 | Prec 0.9135 | Rec 0.8855 | P@R0.9 0.8971
Epoch 1241 | Time: 12.6s
  Train: Loss 0.0331 | Prec 0.9344 | Rec 0.9013 | P@R0.9 0.9357
  Val  : Loss 0.0373 | Prec 0.9175 | Rec 0.8781 | P@R0.9 0.8937
Epoch 1242 | Time: 12.8s
  Train: Loss 0.0342 | Prec 0.9284 | Rec 0.9037 | P@R0.9 0.9317
  Val  : Loss 0.0381 | Prec 0.9126 | Rec 0.8854 | P@R0.9 0.8965
Epoch 1243 | Time: 12.8s
  Train: Loss 0.0340 | Prec 0.9341 | Rec 0.8981 | P@R0.9 0.9324
  Val  : Loss 0.0372 | Prec 0.9168 | Rec 0.8736 | P@R0.9 0.8871
Epoch 1244 | Time: 12.6s
  Train: Loss 0.0332 | Prec 0.9307 | Rec 0.9028 | P@R0.9 0.9333
  Val  : Loss 0.0370 | Prec 0.9133 | Rec 0.8804 | P@R0.9 0.8912
Epoch 1245 | Time: 12.7s
  Train: Loss 0.0337 | Prec 0.9301 | Rec 0.9066 | P@R0.9 0.9357
  Val  : Loss 0.0370 | Prec 0.9103 | Rec 0.8826 | P@R0.9 0.8905
Epoch 1246 | Time: 12.8s
  Train: Loss 0.0344 | Prec 0.9271 | Rec 0.9025 | P@R0.9 0.9293
  Val  : Loss 0.0373 | Prec 0.9133 | Rec 0.8848 | P@R0.9 0.8961
Epoch 1247 | Time: 12.8s
  Train: Loss 0.0328 | Prec 0.9327 | Rec 0.9031 | P@R0.9 0.9355
  Val  : Loss 0.0371 | Prec 0.9143 | Rec 0.8823 | P@R0.9 0.8940
Epoch 1248 | Time: 12.6s
  Train: Loss 0.0332 | Prec 0.9325 | Rec 0.9009 | P@R0.9 0.9333
  Val  : Loss 0.0378 | Prec 0.9171 | Rec 0.8783 | P@R0.9 0.8928
Epoch 1249 | Time: 12.6s
  Train: Loss 0.0345 | Prec 0.9338 | Rec 0.8936 | P@R0.9 0.9286
  Val  : Loss 0.0373 | Prec 0.9203 | Rec 0.8763 | P@R0.9 0.8953
Epoch 1250 | Time: 12.8s
  Train: Loss 0.0329 | Prec 0.9343 | Rec 0.8973 | P@R0.9 0.9318
  Val  : Loss 0.0368 | Prec 0.9153 | Rec 0.8758 | P@R0.9 0.8888
Epoch 1251 | Time: 12.7s
  Train: Loss 0.0322 | Prec 0.9371 | Rec 0.8955 | P@R0.9 0.9333
  Val  : Loss 0.0375 | Prec 0.9197 | Rec 0.8707 | P@R0.9 0.8887
Epoch 1252 | Time: 12.7s
  Train: Loss 0.0329 | Prec 0.9315 | Rec 0.9059 | P@R0.9 0.9370
  Val  : Loss 0.0375 | Prec 0.9104 | Rec 0.8819 | P@R0.9 0.8889
Epoch 1253 | Time: 12.6s
  Train: Loss 0.0326 | Prec 0.9294 | Rec 0.9000 | P@R0.9 0.9294
  Val  : Loss 0.0379 | Prec 0.9139 | Rec 0.8813 | P@R0.9 0.8932
Epoch 1254 | Time: 12.8s
  Train: Loss 0.0338 | Prec 0.9359 | Rec 0.8985 | P@R0.9 0.9345
  Val  : Loss 0.0374 | Prec 0.9199 | Rec 0.8770 | P@R0.9 0.8955
Epoch 1255 | Time: 12.8s
  Train: Loss 0.0334 | Prec 0.9324 | Rec 0.8976 | P@R0.9 0.9301
  Val  : Loss 0.0375 | Prec 0.9191 | Rec 0.8812 | P@R0.9 0.8979
Epoch 1256 | Time: 12.7s
  Train: Loss 0.0326 | Prec 0.9349 | Rec 0.8994 | P@R0.9 0.9344
  Val  : Loss 0.0364 | Prec 0.9165 | Rec 0.8736 | P@R0.9 0.8858
Epoch 1257 | Time: 12.9s
  Train: Loss 0.0347 | Prec 0.9368 | Rec 0.8939 | P@R0.9 0.9316
  Val  : Loss 0.0374 | Prec 0.9213 | Rec 0.8725 | P@R0.9 0.8917
Epoch 1258 | Time: 12.8s
  Train: Loss 0.0328 | Prec 0.9309 | Rec 0.9044 | P@R0.9 0.9345
  Val  : Loss 0.0368 | Prec 0.9151 | Rec 0.8846 | P@R0.9 0.8985
Epoch 1259 | Time: 12.8s
  Train: Loss 0.0325 | Prec 0.9297 | Rec 0.9001 | P@R0.9 0.9297
  Val  : Loss 0.0372 | Prec 0.9135 | Rec 0.8807 | P@R0.9 0.8922
Epoch 1260 | Time: 13.1s
  Train: Loss 0.0328 | Prec 0.9344 | Rec 0.8962 | P@R0.9 0.9311
  Val  : Loss 0.0376 | Prec 0.9180 | Rec 0.8751 | P@R0.9 0.8907
Epoch 1261 | Time: 12.7s
  Train: Loss 0.0333 | Prec 0.9333 | Rec 0.9005 | P@R0.9 0.9337
  Val  : Loss 0.0374 | Prec 0.9157 | Rec 0.8773 | P@R0.9 0.8897
Epoch 1262 | Time: 12.8s
  Train: Loss 0.0332 | Prec 0.9316 | Rec 0.9027 | P@R0.9 0.9340
  Val  : Loss 0.0369 | Prec 0.9123 | Rec 0.8803 | P@R0.9 0.8896
Epoch 1263 | Time: 12.8s
  Train: Loss 0.0331 | Prec 0.9321 | Rec 0.9030 | P@R0.9 0.9348
  Val  : Loss 0.0375 | Prec 0.9149 | Rec 0.8819 | P@R0.9 0.8941
Epoch 1264 | Time: 12.6s
  Train: Loss 0.0329 | Prec 0.9349 | Rec 0.8994 | P@R0.9 0.9344
  Val  : Loss 0.0371 | Prec 0.9167 | Rec 0.8763 | P@R0.9 0.8896
Epoch 1265 | Time: 12.7s
  Train: Loss 0.0331 | Prec 0.9324 | Rec 0.9002 | P@R0.9 0.9325
  Val  : Loss 0.0373 | Prec 0.9146 | Rec 0.8785 | P@R0.9 0.8905
Epoch 1266 | Time: 12.7s
  Train: Loss 0.0334 | Prec 0.9333 | Rec 0.9023 | P@R0.9 0.9356
  Val  : Loss 0.0372 | Prec 0.9143 | Rec 0.8803 | P@R0.9 0.8918
Epoch 1267 | Time: 12.6s
  Train: Loss 0.0331 | Prec 0.9325 | Rec 0.9035 | P@R0.9 0.9354
  Val  : Loss 0.0372 | Prec 0.9126 | Rec 0.8773 | P@R0.9 0.8855
Epoch 1268 | Time: 12.5s
  Train: Loss 0.0336 | Prec 0.9354 | Rec 0.9015 | P@R0.9 0.9366
  Val  : Loss 0.0370 | Prec 0.9167 | Rec 0.8777 | P@R0.9 0.8918
Epoch 1269 | Time: 12.7s
  Train: Loss 0.0331 | Prec 0.9357 | Rec 0.8985 | P@R0.9 0.9344
  Val  : Loss 0.0374 | Prec 0.9164 | Rec 0.8764 | P@R0.9 0.8899
Epoch 1270 | Time: 12.7s
  Train: Loss 0.0332 | Prec 0.9275 | Rec 0.8976 | P@R0.9 0.9251
  Val  : Loss 0.0379 | Prec 0.9151 | Rec 0.8831 | P@R0.9 0.8959
Epoch 1271 | Time: 12.9s
  Train: Loss 0.0351 | Prec 0.9320 | Rec 0.8912 | P@R0.9 0.9244
  Val  : Loss 0.0370 | Prec 0.9204 | Rec 0.8793 | P@R0.9 0.8983
Epoch 1272 | Time: 12.6s
  Train: Loss 0.0345 | Prec 0.9318 | Rec 0.8989 | P@R0.9 0.9308
  Val  : Loss 0.0368 | Prec 0.9147 | Rec 0.8845 | P@R0.9 0.8981
Epoch 1273 | Time: 12.6s
  Train: Loss 0.0332 | Prec 0.9305 | Rec 0.9051 | P@R0.9 0.9350
  Val  : Loss 0.0365 | Prec 0.9121 | Rec 0.8822 | P@R0.9 0.8914
Epoch 1274 | Time: 12.9s
  Train: Loss 0.0333 | Prec 0.9282 | Rec 0.9016 | P@R0.9 0.9299
  Val  : Loss 0.0370 | Prec 0.9162 | Rec 0.8875 | P@R0.9 0.9026
Epoch 1275 | Time: 12.6s
  Train: Loss 0.0324 | Prec 0.9299 | Rec 0.8975 | P@R0.9 0.9278
  Val  : Loss 0.0370 | Prec 0.9158 | Rec 0.8788 | P@R0.9 0.8927
Epoch 1276 | Time: 12.8s
  Train: Loss 0.0316 | Prec 0.9303 | Rec 0.9004 | P@R0.9 0.9307
  Val  : Loss 0.0371 | Prec 0.9164 | Rec 0.8834 | P@R0.9 0.8985
Epoch 1277 | Time: 12.9s
  Train: Loss 0.0328 | Prec 0.9319 | Rec 0.9063 | P@R0.9 0.9373
  Val  : Loss 0.0374 | Prec 0.9145 | Rec 0.8843 | P@R0.9 0.8969
Epoch 1278 | Time: 12.9s
  Train: Loss 0.0319 | Prec 0.9326 | Rec 0.9026 | P@R0.9 0.9348
  Val  : Loss 0.0372 | Prec 0.9141 | Rec 0.8802 | P@R0.9 0.8917
Epoch 1279 | Time: 12.6s
  Train: Loss 0.0333 | Prec 0.9340 | Rec 0.8970 | P@R0.9 0.9312
  Val  : Loss 0.0372 | Prec 0.9164 | Rec 0.8743 | P@R0.9 0.8879
Epoch 1280 | Time: 12.9s
  Train: Loss 0.0334 | Prec 0.9307 | Rec 0.9013 | P@R0.9 0.9318
  Val  : Loss 0.0367 | Prec 0.9111 | Rec 0.8808 | P@R0.9 0.8889
Epoch 1281 | Time: 12.5s
  Train: Loss 0.0320 | Prec 0.9338 | Rec 0.8990 | P@R0.9 0.9329
  Val  : Loss 0.0369 | Prec 0.9173 | Rec 0.8803 | P@R0.9 0.8972
Epoch 1282 | Time: 12.8s
  Train: Loss 0.0324 | Prec 0.9356 | Rec 0.8970 | P@R0.9 0.9331
  Val  : Loss 0.0375 | Prec 0.9181 | Rec 0.8738 | P@R0.9 0.8896
Epoch 1283 | Time: 12.7s
  Train: Loss 0.0338 | Prec 0.9326 | Rec 0.8992 | P@R0.9 0.9320
  Val  : Loss 0.0371 | Prec 0.9112 | Rec 0.8782 | P@R0.9 0.8857
Epoch 1284 | Time: 12.8s
  Train: Loss 0.0341 | Prec 0.9346 | Rec 0.8973 | P@R0.9 0.9322
  Val  : Loss 0.0373 | Prec 0.9201 | Rec 0.8787 | P@R0.9 0.8971
Epoch 1285 | Time: 12.7s
  Train: Loss 0.0320 | Prec 0.9282 | Rec 0.9012 | P@R0.9 0.9294
  Val  : Loss 0.0369 | Prec 0.9135 | Rec 0.8828 | P@R0.9 0.8944
Epoch 1286 | Time: 12.9s
  Train: Loss 0.0326 | Prec 0.9362 | Rec 0.9027 | P@R0.9 0.9384
  Val  : Loss 0.0370 | Prec 0.9177 | Rec 0.8776 | P@R0.9 0.8928
Epoch 1287 | Time: 12.7s
  Train: Loss 0.0338 | Prec 0.9326 | Rec 0.9043 | P@R0.9 0.9361
  Val  : Loss 0.0373 | Prec 0.9136 | Rec 0.8791 | P@R0.9 0.8904
Epoch 1288 | Time: 12.7s
  Train: Loss 0.0332 | Prec 0.9350 | Rec 0.8965 | P@R0.9 0.9322
  Val  : Loss 0.0367 | Prec 0.9179 | Rec 0.8735 | P@R0.9 0.8881
Epoch 1289 | Time: 12.6s
  Train: Loss 0.0339 | Prec 0.9366 | Rec 0.8943 | P@R0.9 0.9322
  Val  : Loss 0.0371 | Prec 0.9210 | Rec 0.8765 | P@R0.9 0.8966
Epoch 1290 | Time: 12.7s
  Train: Loss 0.0325 | Prec 0.9346 | Rec 0.9013 | P@R0.9 0.9356
  Val  : Loss 0.0369 | Prec 0.9178 | Rec 0.8803 | P@R0.9 0.8958
Epoch 1291 | Time: 12.6s
  Train: Loss 0.0335 | Prec 0.9331 | Rec 0.9041 | P@R0.9 0.9367
  Val  : Loss 0.0372 | Prec 0.9165 | Rec 0.8849 | P@R0.9 0.8997
Epoch 1292 | Time: 12.8s
  Train: Loss 0.0328 | Prec 0.9374 | Rec 0.8945 | P@R0.9 0.9328
  Val  : Loss 0.0369 | Prec 0.9207 | Rec 0.8698 | P@R0.9 0.8869
Epoch 1293 | Time: 12.7s
  Train: Loss 0.0329 | Prec 0.9308 | Rec 0.9033 | P@R0.9 0.9338
  Val  : Loss 0.0375 | Prec 0.9147 | Rec 0.8817 | P@R0.9 0.8942
Epoch 1294 | Time: 12.8s
  Train: Loss 0.0334 | Prec 0.9318 | Rec 0.9010 | P@R0.9 0.9326
  Val  : Loss 0.0371 | Prec 0.9153 | Rec 0.8804 | P@R0.9 0.8928
Epoch 1295 | Time: 12.7s
  Train: Loss 0.0335 | Prec 0.9324 | Rec 0.9016 | P@R0.9 0.9339
  Val  : Loss 0.0372 | Prec 0.9160 | Rec 0.8815 | P@R0.9 0.8953
Epoch 1296 | Time: 12.8s
  Train: Loss 0.0334 | Prec 0.9314 | Rec 0.8991 | P@R0.9 0.9308
  Val  : Loss 0.0369 | Prec 0.9168 | Rec 0.8785 | P@R0.9 0.8927
Epoch 1297 | Time: 12.7s
  Train: Loss 0.0327 | Prec 0.9307 | Rec 0.9044 | P@R0.9 0.9348
  Val  : Loss 0.0367 | Prec 0.9095 | Rec 0.8795 | P@R0.9 0.8841
Epoch 1298 | Time: 12.8s
  Train: Loss 0.0336 | Prec 0.9338 | Rec 0.8992 | P@R0.9 0.9332
  Val  : Loss 0.0376 | Prec 0.9164 | Rec 0.8800 | P@R0.9 0.8942
Epoch 1299 | Time: 12.6s
  Train: Loss 0.0342 | Prec 0.9300 | Rec 0.9018 | P@R0.9 0.9317
  Val  : Loss 0.0366 | Prec 0.9133 | Rec 0.8806 | P@R0.9 0.8910
Epoch 1300 | Time: 12.9s
  Train: Loss 0.0329 | Prec 0.9309 | Rec 0.9070 | P@R0.9 0.9368
  Val  : Loss 0.0369 | Prec 0.9118 | Rec 0.8836 | P@R0.9 0.8926
Epoch 1301 | Time: 12.7s
  Train: Loss 0.0341 | Prec 0.9303 | Rec 0.9027 | P@R0.9 0.9326
  Val  : Loss 0.0370 | Prec 0.9110 | Rec 0.8803 | P@R0.9 0.8880
Epoch 1302 | Time: 12.8s
  Train: Loss 0.0324 | Prec 0.9345 | Rec 0.8967 | P@R0.9 0.9318
  Val  : Loss 0.0365 | Prec 0.9173 | Rec 0.8705 | P@R0.9 0.8851
Epoch 1303 | Time: 12.7s
  Train: Loss 0.0340 | Prec 0.9291 | Rec 0.9031 | P@R0.9 0.9318
  Val  : Loss 0.0372 | Prec 0.9134 | Rec 0.8852 | P@R0.9 0.8970
Epoch 1304 | Time: 12.6s
  Train: Loss 0.0325 | Prec 0.9281 | Rec 0.9046 | P@R0.9 0.9324
  Val  : Loss 0.0369 | Prec 0.9105 | Rec 0.8840 | P@R0.9 0.8927
Epoch 1305 | Time: 12.7s
  Train: Loss 0.0321 | Prec 0.9305 | Rec 0.9043 | P@R0.9 0.9345
  Val  : Loss 0.0371 | Prec 0.9148 | Rec 0.8836 | P@R0.9 0.8966
Epoch 1306 | Time: 12.7s
  Train: Loss 0.0342 | Prec 0.9329 | Rec 0.9003 | P@R0.9 0.9332
  Val  : Loss 0.0372 | Prec 0.9156 | Rec 0.8785 | P@R0.9 0.8909
Epoch 1307 | Time: 12.8s
  Train: Loss 0.0330 | Prec 0.9380 | Rec 0.9018 | P@R0.9 0.9395
  Val  : Loss 0.0367 | Prec 0.9198 | Rec 0.8775 | P@R0.9 0.8955
Epoch 1308 | Time: 12.6s
  Train: Loss 0.0316 | Prec 0.9340 | Rec 0.9045 | P@R0.9 0.9378
  Val  : Loss 0.0368 | Prec 0.9118 | Rec 0.8749 | P@R0.9 0.8827
Epoch 1309 | Time: 12.8s
  Train: Loss 0.0326 | Prec 0.9314 | Rec 0.9029 | P@R0.9 0.9340
  Val  : Loss 0.0370 | Prec 0.9121 | Rec 0.8794 | P@R0.9 0.8878
Epoch 1310 | Time: 12.7s
  Train: Loss 0.0335 | Prec 0.9335 | Rec 0.9046 | P@R0.9 0.9372
  Val  : Loss 0.0370 | Prec 0.9147 | Rec 0.8815 | P@R0.9 0.8934
Epoch 1311 | Time: 12.6s
  Train: Loss 0.0343 | Prec 0.9276 | Rec 0.8999 | P@R0.9 0.9274
  Val  : Loss 0.0372 | Prec 0.9093 | Rec 0.8807 | P@R0.9 0.8867
Epoch 1312 | Time: 12.8s
  Train: Loss 0.0338 | Prec 0.9355 | Rec 0.8988 | P@R0.9 0.9343
  Val  : Loss 0.0362 | Prec 0.9162 | Rec 0.8750 | P@R0.9 0.8878
Epoch 1313 | Time: 12.7s
  Train: Loss 0.0324 | Prec 0.9298 | Rec 0.9069 | P@R0.9 0.9362
  Val  : Loss 0.0367 | Prec 0.9101 | Rec 0.8819 | P@R0.9 0.8896
Epoch 1314 | Time: 12.7s
  Train: Loss 0.0335 | Prec 0.9320 | Rec 0.9039 | P@R0.9 0.9354
  Val  : Loss 0.0375 | Prec 0.9146 | Rec 0.8823 | P@R0.9 0.8949
Epoch 1315 | Time: 12.8s
  Train: Loss 0.0334 | Prec 0.9348 | Rec 0.9021 | P@R0.9 0.9364
  Val  : Loss 0.0368 | Prec 0.9118 | Rec 0.8754 | P@R0.9 0.8828
Epoch 1316 | Time: 12.8s
  Train: Loss 0.0320 | Prec 0.9286 | Rec 0.8992 | P@R0.9 0.9278
  Val  : Loss 0.0371 | Prec 0.9161 | Rec 0.8837 | P@R0.9 0.8981
Epoch 1317 | Time: 12.8s
  Train: Loss 0.0345 | Prec 0.9350 | Rec 0.8936 | P@R0.9 0.9295
  Val  : Loss 0.0366 | Prec 0.9188 | Rec 0.8721 | P@R0.9 0.8881
Epoch 1318 | Time: 12.8s
  Train: Loss 0.0329 | Prec 0.9290 | Rec 0.9016 | P@R0.9 0.9305
  Val  : Loss 0.0369 | Prec 0.9156 | Rec 0.8832 | P@R0.9 0.8973
Epoch 1319 | Time: 12.8s
  Train: Loss 0.0347 | Prec 0.9386 | Rec 0.8960 | P@R0.9 0.9354
  Val  : Loss 0.0370 | Prec 0.9204 | Rec 0.8779 | P@R0.9 0.8982
Epoch 1320 | Time: 12.5s
  Train: Loss 0.0333 | Prec 0.9312 | Rec 0.9049 | P@R0.9 0.9354
  Val  : Loss 0.0368 | Prec 0.9131 | Rec 0.8863 | P@R0.9 0.8980
Epoch 1321 | Time: 12.6s
  Train: Loss 0.0330 | Prec 0.9292 | Rec 0.9093 | P@R0.9 0.9377
  Val  : Loss 0.0377 | Prec 0.9116 | Rec 0.8898 | P@R0.9 0.9001
Epoch 1322 | Time: 12.4s
  Train: Loss 0.0329 | Prec 0.9366 | Rec 0.8998 | P@R0.9 0.9364
  Val  : Loss 0.0369 | Prec 0.9151 | Rec 0.8722 | P@R0.9 0.8842
Epoch 1323 | Time: 12.7s
  Train: Loss 0.0320 | Prec 0.9305 | Rec 0.9031 | P@R0.9 0.9332
  Val  : Loss 0.0367 | Prec 0.9129 | Rec 0.8812 | P@R0.9 0.8913
Epoch 1324 | Time: 12.9s
  Train: Loss 0.0325 | Prec 0.9307 | Rec 0.9035 | P@R0.9 0.9341
  Val  : Loss 0.0371 | Prec 0.9118 | Rec 0.8800 | P@R0.9 0.8880
Epoch 1325 | Time: 12.9s
  Train: Loss 0.0343 | Prec 0.9351 | Rec 0.8956 | P@R0.9 0.9313
  Val  : Loss 0.0370 | Prec 0.9183 | Rec 0.8733 | P@R0.9 0.8896
Epoch 1326 | Time: 12.7s
  Train: Loss 0.0334 | Prec 0.9292 | Rec 0.8986 | P@R0.9 0.9280
  Val  : Loss 0.0366 | Prec 0.9161 | Rec 0.8851 | P@R0.9 0.9002
Epoch 1327 | Time: 13.0s
  Train: Loss 0.0329 | Prec 0.9365 | Rec 0.8965 | P@R0.9 0.9337
  Val  : Loss 0.0368 | Prec 0.9189 | Rec 0.8750 | P@R0.9 0.8932
Epoch 1328 | Time: 12.8s
  Train: Loss 0.0318 | Prec 0.9364 | Rec 0.8971 | P@R0.9 0.9337
  Val  : Loss 0.0373 | Prec 0.9216 | Rec 0.8751 | P@R0.9 0.8952
Epoch 1329 | Time: 12.7s
  Train: Loss 0.0326 | Prec 0.9309 | Rec 0.9020 | P@R0.9 0.9327
  Val  : Loss 0.0376 | Prec 0.9132 | Rec 0.8785 | P@R0.9 0.8887
Epoch 1330 | Time: 12.8s
  Train: Loss 0.0343 | Prec 0.9323 | Rec 0.9012 | P@R0.9 0.9333
  Val  : Loss 0.0374 | Prec 0.9135 | Rec 0.8805 | P@R0.9 0.8913
Epoch 1331 | Time: 12.7s
  Train: Loss 0.0324 | Prec 0.9389 | Rec 0.8999 | P@R0.9 0.9389
  Val  : Loss 0.0365 | Prec 0.9185 | Rec 0.8711 | P@R0.9 0.8863
Epoch 1332 | Time: 12.5s
  Train: Loss 0.0326 | Prec 0.9340 | Rec 0.9032 | P@R0.9 0.9367
  Val  : Loss 0.0370 | Prec 0.9131 | Rec 0.8795 | P@R0.9 0.8894
Epoch 1333 | Time: 12.6s
  Train: Loss 0.0317 | Prec 0.9298 | Rec 0.9012 | P@R0.9 0.9307
  Val  : Loss 0.0371 | Prec 0.9126 | Rec 0.8780 | P@R0.9 0.8877
Epoch 1334 | Time: 12.7s
  Train: Loss 0.0333 | Prec 0.9351 | Rec 0.9002 | P@R0.9 0.9352
  Val  : Loss 0.0362 | Prec 0.9146 | Rec 0.8751 | P@R0.9 0.8862
Epoch 1335 | Time: 12.7s
  Train: Loss 0.0335 | Prec 0.9347 | Rec 0.8976 | P@R0.9 0.9327
  Val  : Loss 0.0368 | Prec 0.9166 | Rec 0.8752 | P@R0.9 0.8887
Epoch 1336 | Time: 12.6s
  Train: Loss 0.0323 | Prec 0.9355 | Rec 0.9073 | P@R0.9 0.9414
  Val  : Loss 0.0367 | Prec 0.9139 | Rec 0.8798 | P@R0.9 0.8908
Epoch 1337 | Time: 12.8s
  Train: Loss 0.0329 | Prec 0.9340 | Rec 0.9050 | P@R0.9 0.9381
  Val  : Loss 0.0375 | Prec 0.9153 | Rec 0.8789 | P@R0.9 0.8919
Epoch 1338 | Time: 12.6s
  Train: Loss 0.0339 | Prec 0.9381 | Rec 0.9022 | P@R0.9 0.9398
  Val  : Loss 0.0372 | Prec 0.9165 | Rec 0.8739 | P@R0.9 0.8871
Epoch 1339 | Time: 12.5s
  Train: Loss 0.0332 | Prec 0.9295 | Rec 0.9007 | P@R0.9 0.9303
  Val  : Loss 0.0373 | Prec 0.9138 | Rec 0.8800 | P@R0.9 0.8906
Epoch 1340 | Time: 12.7s
  Train: Loss 0.0342 | Prec 0.9348 | Rec 0.9031 | P@R0.9 0.9371
  Val  : Loss 0.0372 | Prec 0.9195 | Rec 0.8843 | P@R0.9 0.9031
Epoch 1341 | Time: 12.7s
  Train: Loss 0.0327 | Prec 0.9290 | Rec 0.9017 | P@R0.9 0.9307
  Val  : Loss 0.0371 | Prec 0.9164 | Rec 0.8851 | P@R0.9 0.9002
Epoch 1342 | Time: 12.9s
  Train: Loss 0.0326 | Prec 0.9332 | Rec 0.9078 | P@R0.9 0.9394
  Val  : Loss 0.0366 | Prec 0.9114 | Rec 0.8842 | P@R0.9 0.8934
Epoch 1343 | Time: 12.5s
  Train: Loss 0.0327 | Prec 0.9344 | Rec 0.9001 | P@R0.9 0.9345
  Val  : Loss 0.0374 | Prec 0.9202 | Rec 0.8807 | P@R0.9 0.9003
Epoch 1344 | Time: 12.7s
  Train: Loss 0.0328 | Prec 0.9255 | Rec 0.9075 | P@R0.9 0.9326
  Val  : Loss 0.0374 | Prec 0.9088 | Rec 0.8853 | P@R0.9 0.8917
Epoch 1345 | Time: 12.8s
  Train: Loss 0.0332 | Prec 0.9331 | Rec 0.9018 | P@R0.9 0.9345
  Val  : Loss 0.0371 | Prec 0.9180 | Rec 0.8830 | P@R0.9 0.8991
Epoch 1346 | Time: 12.7s
  Train: Loss 0.0326 | Prec 0.9323 | Rec 0.9005 | P@R0.9 0.9327
  Val  : Loss 0.0363 | Prec 0.9138 | Rec 0.8770 | P@R0.9 0.8872
Epoch 1347 | Time: 12.7s
  Train: Loss 0.0339 | Prec 0.9339 | Rec 0.9005 | P@R0.9 0.9344
  Val  : Loss 0.0369 | Prec 0.9179 | Rec 0.8824 | P@R0.9 0.8987
Epoch 1348 | Time: 12.6s
  Train: Loss 0.0349 | Prec 0.9280 | Rec 0.8979 | P@R0.9 0.9262
  Val  : Loss 0.0367 | Prec 0.9104 | Rec 0.8805 | P@R0.9 0.8876
Epoch 1349 | Time: 12.7s
  Train: Loss 0.0328 | Prec 0.9300 | Rec 0.9077 | P@R0.9 0.9367
  Val  : Loss 0.0365 | Prec 0.9149 | Rec 0.8905 | P@R0.9 0.9039
Epoch 1350 | Time: 12.8s
  Train: Loss 0.0322 | Prec 0.9321 | Rec 0.8976 | P@R0.9 0.9298
  Val  : Loss 0.0369 | Prec 0.9152 | Rec 0.8755 | P@R0.9 0.8882
Epoch 1351 | Time: 12.7s
  Train: Loss 0.0333 | Prec 0.9364 | Rec 0.8994 | P@R0.9 0.9360
  Val  : Loss 0.0366 | Prec 0.9164 | Rec 0.8762 | P@R0.9 0.8902
Epoch 1352 | Time: 12.8s
  Train: Loss 0.0331 | Prec 0.9326 | Rec 0.9082 | P@R0.9 0.9394
  Val  : Loss 0.0368 | Prec 0.9129 | Rec 0.8849 | P@R0.9 0.8958
Epoch 1353 | Time: 12.7s
  Train: Loss 0.0334 | Prec 0.9307 | Rec 0.9051 | P@R0.9 0.9351
  Val  : Loss 0.0368 | Prec 0.9098 | Rec 0.8827 | P@R0.9 0.8904
Epoch 1354 | Time: 12.6s
  Train: Loss 0.0344 | Prec 0.9322 | Rec 0.9009 | P@R0.9 0.9330
  Val  : Loss 0.0367 | Prec 0.9132 | Rec 0.8790 | P@R0.9 0.8898
Epoch 1355 | Time: 12.6s
  Train: Loss 0.0332 | Prec 0.9336 | Rec 0.9015 | P@R0.9 0.9348
  Val  : Loss 0.0367 | Prec 0.9166 | Rec 0.8796 | P@R0.9 0.8940
Epoch 1356 | Time: 13.0s
  Train: Loss 0.0333 | Prec 0.9349 | Rec 0.9010 | P@R0.9 0.9356
  Val  : Loss 0.0366 | Prec 0.9170 | Rec 0.8769 | P@R0.9 0.8910
Epoch 1357 | Time: 12.8s
  Train: Loss 0.0345 | Prec 0.9352 | Rec 0.8943 | P@R0.9 0.9307
  Val  : Loss 0.0371 | Prec 0.9237 | Rec 0.8750 | P@R0.9 0.8980
Epoch 1358 | Time: 12.7s
  Train: Loss 0.0331 | Prec 0.9305 | Rec 0.9030 | P@R0.9 0.9331
  Val  : Loss 0.0365 | Prec 0.9131 | Rec 0.8841 | P@R0.9 0.8958
Epoch 1359 | Time: 12.8s
  Train: Loss 0.0339 | Prec 0.9366 | Rec 0.9012 | P@R0.9 0.9376
  Val  : Loss 0.0368 | Prec 0.9175 | Rec 0.8788 | P@R0.9 0.8943
Epoch 1360 | Time: 12.6s
  Train: Loss 0.0338 | Prec 0.9301 | Rec 0.9047 | P@R0.9 0.9341
  Val  : Loss 0.0363 | Prec 0.9100 | Rec 0.8803 | P@R0.9 0.8869
Epoch 1361 | Time: 12.7s
  Train: Loss 0.0333 | Prec 0.9327 | Rec 0.9011 | P@R0.9 0.9335
  Val  : Loss 0.0370 | Prec 0.9200 | Rec 0.8829 | P@R0.9 0.9018
Epoch 1362 | Time: 12.9s
  Train: Loss 0.0333 | Prec 0.9316 | Rec 0.9029 | P@R0.9 0.9342
  Val  : Loss 0.0361 | Prec 0.9139 | Rec 0.8821 | P@R0.9 0.8929
Epoch 1363 | Time: 12.7s
  Train: Loss 0.0327 | Prec 0.9337 | Rec 0.9035 | P@R0.9 0.9367
  Val  : Loss 0.0366 | Prec 0.9163 | Rec 0.8815 | P@R0.9 0.8960
Epoch 1364 | Time: 12.8s
  Train: Loss 0.0329 | Prec 0.9360 | Rec 0.9014 | P@R0.9 0.9372
  Val  : Loss 0.0373 | Prec 0.9174 | Rec 0.8777 | P@R0.9 0.8932
Epoch 1365 | Time: 12.8s
  Train: Loss 0.0323 | Prec 0.9359 | Rec 0.9004 | P@R0.9 0.9363
  Val  : Loss 0.0369 | Prec 0.9186 | Rec 0.8766 | P@R0.9 0.8926
Epoch 1366 | Time: 12.6s
  Train: Loss 0.0336 | Prec 0.9350 | Rec 0.9013 | P@R0.9 0.9360
  Val  : Loss 0.0371 | Prec 0.9177 | Rec 0.8778 | P@R0.9 0.8939
Epoch 1367 | Time: 12.6s
  Train: Loss 0.0318 | Prec 0.9304 | Rec 0.9022 | P@R0.9 0.9324
  Val  : Loss 0.0371 | Prec 0.9148 | Rec 0.8794 | P@R0.9 0.8923
Epoch 1368 | Time: 12.8s
  Train: Loss 0.0329 | Prec 0.9357 | Rec 0.9019 | P@R0.9 0.9373
  Val  : Loss 0.0368 | Prec 0.9167 | Rec 0.8782 | P@R0.9 0.8928
Epoch 1369 | Time: 12.6s
  Train: Loss 0.0332 | Prec 0.9340 | Rec 0.8999 | P@R0.9 0.9339
  Val  : Loss 0.0372 | Prec 0.9183 | Rec 0.8785 | P@R0.9 0.8947
Epoch 1370 | Time: 12.7s
  Train: Loss 0.0316 | Prec 0.9342 | Rec 0.9018 | P@R0.9 0.9356
  Val  : Loss 0.0368 | Prec 0.9166 | Rec 0.8805 | P@R0.9 0.8947
Epoch 1371 | Time: 12.6s
  Train: Loss 0.0332 | Prec 0.9307 | Rec 0.9002 | P@R0.9 0.9308
  Val  : Loss 0.0371 | Prec 0.9146 | Rec 0.8817 | P@R0.9 0.8933
Epoch 1372 | Time: 12.7s
  Train: Loss 0.0342 | Prec 0.9325 | Rec 0.9008 | P@R0.9 0.9334
  Val  : Loss 0.0362 | Prec 0.9136 | Rec 0.8820 | P@R0.9 0.8930
Epoch 1373 | Time: 12.6s
  Train: Loss 0.0335 | Prec 0.9271 | Rec 0.9012 | P@R0.9 0.9283
  Val  : Loss 0.0368 | Prec 0.9156 | Rec 0.8863 | P@R0.9 0.8999
Epoch 1374 | Time: 12.8s
  Train: Loss 0.0322 | Prec 0.9329 | Rec 0.9008 | P@R0.9 0.9337
  Val  : Loss 0.0365 | Prec 0.9164 | Rec 0.8811 | P@R0.9 0.8954
Epoch 1375 | Time: 12.9s
  Train: Loss 0.0330 | Prec 0.9337 | Rec 0.8989 | P@R0.9 0.9328
  Val  : Loss 0.0368 | Prec 0.9153 | Rec 0.8750 | P@R0.9 0.8867
Epoch 1376 | Time: 12.7s
  Train: Loss 0.0322 | Prec 0.9383 | Rec 0.8980 | P@R0.9 0.9367
  Val  : Loss 0.0367 | Prec 0.9211 | Rec 0.8734 | P@R0.9 0.8927
Epoch 1377 | Time: 12.5s
  Train: Loss 0.0325 | Prec 0.9362 | Rec 0.9035 | P@R0.9 0.9387
  Val  : Loss 0.0369 | Prec 0.9147 | Rec 0.8783 | P@R0.9 0.8901
Epoch 1378 | Time: 12.8s
  Train: Loss 0.0332 | Prec 0.9276 | Rec 0.9040 | P@R0.9 0.9312
  Val  : Loss 0.0374 | Prec 0.9125 | Rec 0.8860 | P@R0.9 0.8961
Epoch 1379 | Time: 12.8s
  Train: Loss 0.0323 | Prec 0.9326 | Rec 0.9000 | P@R0.9 0.9326
  Val  : Loss 0.0365 | Prec 0.9168 | Rec 0.8813 | P@R0.9 0.8964
Epoch 1380 | Time: 12.9s
  Train: Loss 0.0335 | Prec 0.9306 | Rec 0.9012 | P@R0.9 0.9318
  Val  : Loss 0.0373 | Prec 0.9164 | Rec 0.8829 | P@R0.9 0.8972
Epoch 1381 | Time: 12.9s
  Train: Loss 0.0324 | Prec 0.9348 | Rec 0.9022 | P@R0.9 0.9365
  Val  : Loss 0.0366 | Prec 0.9158 | Rec 0.8787 | P@R0.9 0.8915
Epoch 1382 | Time: 12.7s
  Train: Loss 0.0334 | Prec 0.9339 | Rec 0.8972 | P@R0.9 0.9316
  Val  : Loss 0.0369 | Prec 0.9179 | Rec 0.8732 | P@R0.9 0.8877
Epoch 1383 | Time: 12.8s
  Train: Loss 0.0325 | Prec 0.9357 | Rec 0.9029 | P@R0.9 0.9380
  Val  : Loss 0.0362 | Prec 0.9172 | Rec 0.8771 | P@R0.9 0.8924
Epoch 1384 | Time: 12.7s
  Train: Loss 0.0331 | Prec 0.9307 | Rec 0.9019 | P@R0.9 0.9324
  Val  : Loss 0.0377 | Prec 0.9129 | Rec 0.8786 | P@R0.9 0.8876
Epoch 1385 | Time: 12.7s
  Train: Loss 0.0314 | Prec 0.9351 | Rec 0.8996 | P@R0.9 0.9349
  Val  : Loss 0.0369 | Prec 0.9203 | Rec 0.8756 | P@R0.9 0.8939
Epoch 1386 | Time: 12.8s
  Train: Loss 0.0336 | Prec 0.9347 | Rec 0.8939 | P@R0.9 0.9293
  Val  : Loss 0.0369 | Prec 0.9197 | Rec 0.8723 | P@R0.9 0.8892
Epoch 1387 | Time: 12.8s
  Train: Loss 0.0337 | Prec 0.9346 | Rec 0.8998 | P@R0.9 0.9344
  Val  : Loss 0.0363 | Prec 0.9192 | Rec 0.8797 | P@R0.9 0.8970
Epoch 1388 | Time: 12.7s
  Train: Loss 0.0327 | Prec 0.9308 | Rec 0.9083 | P@R0.9 0.9385
  Val  : Loss 0.0366 | Prec 0.9132 | Rec 0.8852 | P@R0.9 0.8957
Epoch 1389 | Time: 12.8s
  Train: Loss 0.0333 | Prec 0.9313 | Rec 0.9035 | P@R0.9 0.9345
  Val  : Loss 0.0367 | Prec 0.9121 | Rec 0.8807 | P@R0.9 0.8901
Epoch 1390 | Time: 12.5s
  Train: Loss 0.0326 | Prec 0.9317 | Rec 0.9032 | P@R0.9 0.9345
  Val  : Loss 0.0370 | Prec 0.9157 | Rec 0.8863 | P@R0.9 0.9011
Epoch 1391 | Time: 12.7s
  Train: Loss 0.0317 | Prec 0.9366 | Rec 0.9045 | P@R0.9 0.9403
  Val  : Loss 0.0373 | Prec 0.9189 | Rec 0.8813 | P@R0.9 0.8993
Epoch 1392 | Time: 12.6s
  Train: Loss 0.0326 | Prec 0.9326 | Rec 0.9008 | P@R0.9 0.9334
  Val  : Loss 0.0369 | Prec 0.9143 | Rec 0.8774 | P@R0.9 0.8881
Epoch 1393 | Time: 12.6s
  Train: Loss 0.0326 | Prec 0.9300 | Rec 0.9036 | P@R0.9 0.9336
  Val  : Loss 0.0364 | Prec 0.9105 | Rec 0.8818 | P@R0.9 0.8895
Epoch 1394 | Time: 12.5s
  Train: Loss 0.0329 | Prec 0.9332 | Rec 0.9030 | P@R0.9 0.9357
  Val  : Loss 0.0368 | Prec 0.9140 | Rec 0.8813 | P@R0.9 0.8933
Epoch 1395 | Time: 12.8s
  Train: Loss 0.0338 | Prec 0.9299 | Rec 0.8985 | P@R0.9 0.9285
  Val  : Loss 0.0372 | Prec 0.9152 | Rec 0.8808 | P@R0.9 0.8937
Epoch 1396 | Time: 12.9s
  Train: Loss 0.0316 | Prec 0.9315 | Rec 0.9026 | P@R0.9 0.9340
  Val  : Loss 0.0367 | Prec 0.9159 | Rec 0.8842 | P@R0.9 0.8987
Epoch 1397 | Time: 12.7s
  Train: Loss 0.0337 | Prec 0.9340 | Rec 0.8955 | P@R0.9 0.9302
  Val  : Loss 0.0374 | Prec 0.9204 | Rec 0.8769 | P@R0.9 0.8958
Epoch 1398 | Time: 12.9s
  Train: Loss 0.0330 | Prec 0.9334 | Rec 0.9056 | P@R0.9 0.9381
  Val  : Loss 0.0366 | Prec 0.9126 | Rec 0.8813 | P@R0.9 0.8912
Epoch 1399 | Time: 12.5s
  Train: Loss 0.0329 | Prec 0.9293 | Rec 0.9064 | P@R0.9 0.9349
  Val  : Loss 0.0365 | Prec 0.9119 | Rec 0.8862 | P@R0.9 0.8962
Epoch 1400 | Time: 13.0s
  Train: Loss 0.0320 | Prec 0.9365 | Rec 0.9036 | P@R0.9 0.9392
  Val  : Loss 0.0366 | Prec 0.9169 | Rec 0.8761 | P@R0.9 0.8902
Epoch 1401 | Time: 12.8s
  Train: Loss 0.0321 | Prec 0.9353 | Rec 0.9046 | P@R0.9 0.9392
  Val  : Loss 0.0372 | Prec 0.9172 | Rec 0.8814 | P@R0.9 0.8973
Epoch 1402 | Time: 12.6s
  Train: Loss 0.0331 | Prec 0.9315 | Rec 0.9013 | P@R0.9 0.9327
  Val  : Loss 0.0371 | Prec 0.9143 | Rec 0.8831 | P@R0.9 0.8955
Epoch 1403 | Time: 12.7s
  Train: Loss 0.0328 | Prec 0.9380 | Rec 0.9020 | P@R0.9 0.9393
  Val  : Loss 0.0366 | Prec 0.9211 | Rec 0.8805 | P@R0.9 0.9004
Epoch 1404 | Time: 12.8s
  Train: Loss 0.0333 | Prec 0.9340 | Rec 0.8980 | P@R0.9 0.9322
  Val  : Loss 0.0367 | Prec 0.9181 | Rec 0.8771 | P@R0.9 0.8938
Epoch 1405 | Time: 12.8s
  Train: Loss 0.0322 | Prec 0.9332 | Rec 0.9041 | P@R0.9 0.9369
  Val  : Loss 0.0369 | Prec 0.9166 | Rec 0.8840 | P@R0.9 0.8988
Epoch 1406 | Time: 12.6s
  Train: Loss 0.0322 | Prec 0.9336 | Rec 0.9025 | P@R0.9 0.9358
  Val  : Loss 0.0369 | Prec 0.9122 | Rec 0.8782 | P@R0.9 0.8859
Epoch 1407 | Time: 12.5s
  Train: Loss 0.0323 | Prec 0.9320 | Rec 0.8985 | P@R0.9 0.9307
  Val  : Loss 0.0372 | Prec 0.9158 | Rec 0.8819 | P@R0.9 0.8962
Epoch 1408 | Time: 12.8s
  Train: Loss 0.0332 | Prec 0.9373 | Rec 0.8952 | P@R0.9 0.9334
  Val  : Loss 0.0368 | Prec 0.9250 | Rec 0.8783 | P@R0.9 0.9028
Epoch 1409 | Time: 12.8s
  Train: Loss 0.0322 | Prec 0.9312 | Rec 0.9024 | P@R0.9 0.9334
  Val  : Loss 0.0366 | Prec 0.9125 | Rec 0.8815 | P@R0.9 0.8913
Epoch 1410 | Time: 12.9s
  Train: Loss 0.0317 | Prec 0.9354 | Rec 0.8989 | P@R0.9 0.9344
  Val  : Loss 0.0368 | Prec 0.9170 | Rec 0.8752 | P@R0.9 0.8899
Epoch 1411 | Time: 12.8s
  Train: Loss 0.0326 | Prec 0.9336 | Rec 0.9041 | P@R0.9 0.9372
  Val  : Loss 0.0375 | Prec 0.9142 | Rec 0.8832 | P@R0.9 0.8958
Epoch 1412 | Time: 12.8s
  Train: Loss 0.0330 | Prec 0.9310 | Rec 0.9056 | P@R0.9 0.9361
  Val  : Loss 0.0370 | Prec 0.9110 | Rec 0.8859 | P@R0.9 0.8946
Epoch 1413 | Time: 12.7s
  Train: Loss 0.0334 | Prec 0.9322 | Rec 0.9032 | P@R0.9 0.9347
  Val  : Loss 0.0369 | Prec 0.9162 | Rec 0.8836 | P@R0.9 0.8976
Epoch 1414 | Time: 12.5s
  Train: Loss 0.0325 | Prec 0.9348 | Rec 0.8955 | P@R0.9 0.9307
  Val  : Loss 0.0363 | Prec 0.9204 | Rec 0.8785 | P@R0.9 0.8973
Epoch 1415 | Time: 12.8s
  Train: Loss 0.0329 | Prec 0.9340 | Rec 0.9027 | P@R0.9 0.9364
  Val  : Loss 0.0362 | Prec 0.9166 | Rec 0.8790 | P@R0.9 0.8928
Epoch 1416 | Time: 12.6s
  Train: Loss 0.0327 | Prec 0.9306 | Rec 0.9027 | P@R0.9 0.9332
  Val  : Loss 0.0367 | Prec 0.9153 | Rec 0.8827 | P@R0.9 0.8954
Epoch 1417 | Time: 12.9s
  Train: Loss 0.0324 | Prec 0.9350 | Rec 0.9007 | P@R0.9 0.9356
  Val  : Loss 0.0365 | Prec 0.9193 | Rec 0.8784 | P@R0.9 0.8955
Epoch 1418 | Time: 12.6s
  Train: Loss 0.0328 | Prec 0.9408 | Rec 0.8981 | P@R0.9 0.9392
  Val  : Loss 0.0370 | Prec 0.9237 | Rec 0.8765 | P@R0.9 0.8996
Epoch 1419 | Time: 12.8s
  Train: Loss 0.0332 | Prec 0.9302 | Rec 0.9059 | P@R0.9 0.9357
  Val  : Loss 0.0371 | Prec 0.9124 | Rec 0.8826 | P@R0.9 0.8921
Epoch 1420 | Time: 12.7s
  Train: Loss 0.0333 | Prec 0.9355 | Rec 0.9007 | P@R0.9 0.9360
  Val  : Loss 0.0369 | Prec 0.9207 | Rec 0.8825 | P@R0.9 0.9024
Epoch 1421 | Time: 12.7s
  Train: Loss 0.0332 | Prec 0.9345 | Rec 0.9000 | P@R0.9 0.9345
  Val  : Loss 0.0367 | Prec 0.9196 | Rec 0.8808 | P@R0.9 0.8989
Epoch 1422 | Time: 15.7s
  Train: Loss 0.0334 | Prec 0.9337 | Rec 0.9026 | P@R0.9 0.9359
  Val  : Loss 0.0367 | Prec 0.9176 | Rec 0.8805 | P@R0.9 0.8961
Epoch 1423 | Time: 12.7s
  Train: Loss 0.0327 | Prec 0.9344 | Rec 0.9002 | P@R0.9 0.9346
  Val  : Loss 0.0365 | Prec 0.9169 | Rec 0.8768 | P@R0.9 0.8911
Epoch 1424 | Time: 12.6s
  Train: Loss 0.0334 | Prec 0.9347 | Rec 0.8983 | P@R0.9 0.9331
  Val  : Loss 0.0369 | Prec 0.9197 | Rec 0.8754 | P@R0.9 0.8928
Epoch 1425 | Time: 12.8s
  Train: Loss 0.0342 | Prec 0.9338 | Rec 0.8991 | P@R0.9 0.9331
  Val  : Loss 0.0363 | Prec 0.9179 | Rec 0.8764 | P@R0.9 0.8918
Epoch 1426 | Time: 12.7s
  Train: Loss 0.0323 | Prec 0.9359 | Rec 0.8964 | P@R0.9 0.9330
  Val  : Loss 0.0362 | Prec 0.9213 | Rec 0.8778 | P@R0.9 0.8984
Epoch 1427 | Time: 13.0s
  Train: Loss 0.0318 | Prec 0.9382 | Rec 0.8943 | P@R0.9 0.9336
  Val  : Loss 0.0374 | Prec 0.9236 | Rec 0.8724 | P@R0.9 0.8948
Epoch 1428 | Time: 12.9s
  Train: Loss 0.0346 | Prec 0.9321 | Rec 0.8986 | P@R0.9 0.9309
  Val  : Loss 0.0369 | Prec 0.9178 | Rec 0.8824 | P@R0.9 0.8988
Epoch 1429 | Time: 12.7s
  Train: Loss 0.0326 | Prec 0.9309 | Rec 0.9068 | P@R0.9 0.9369
  Val  : Loss 0.0362 | Prec 0.9134 | Rec 0.8870 | P@R0.9 0.8995
Epoch 1430 | Time: 12.6s
  Train: Loss 0.0317 | Prec 0.9357 | Rec 0.8959 | P@R0.9 0.9322
  Val  : Loss 0.0368 | Prec 0.9224 | Rec 0.8776 | P@R0.9 0.8984
Epoch 1431 | Time: 12.7s
  Train: Loss 0.0343 | Prec 0.9320 | Rec 0.9028 | P@R0.9 0.9344
  Val  : Loss 0.0368 | Prec 0.9152 | Rec 0.8858 | P@R0.9 0.9000
Epoch 1432 | Time: 12.5s
  Train: Loss 0.0329 | Prec 0.9316 | Rec 0.9066 | P@R0.9 0.9373
  Val  : Loss 0.0366 | Prec 0.9126 | Rec 0.8846 | P@R0.9 0.8955
Epoch 1433 | Time: 12.7s
  Train: Loss 0.0331 | Prec 0.9370 | Rec 0.8976 | P@R0.9 0.9350
  Val  : Loss 0.0377 | Prec 0.9225 | Rec 0.8772 | P@R0.9 0.8995
Epoch 1434 | Time: 12.6s
  Train: Loss 0.0341 | Prec 0.9350 | Rec 0.9002 | P@R0.9 0.9352
  Val  : Loss 0.0369 | Prec 0.9189 | Rec 0.8814 | P@R0.9 0.8990
Epoch 1435 | Time: 12.7s
  Train: Loss 0.0325 | Prec 0.9349 | Rec 0.8995 | P@R0.9 0.9345
  Val  : Loss 0.0371 | Prec 0.9185 | Rec 0.8793 | P@R0.9 0.8968
Epoch 1436 | Time: 12.7s
  Train: Loss 0.0334 | Prec 0.9333 | Rec 0.8998 | P@R0.9 0.9332
  Val  : Loss 0.0368 | Prec 0.9162 | Rec 0.8801 | P@R0.9 0.8952
Epoch 1437 | Time: 12.6s
  Train: Loss 0.0332 | Prec 0.9331 | Rec 0.8990 | P@R0.9 0.9321
  Val  : Loss 0.0369 | Prec 0.9195 | Rec 0.8802 | P@R0.9 0.8986
Epoch 1438 | Time: 12.8s
  Train: Loss 0.0326 | Prec 0.9318 | Rec 0.9067 | P@R0.9 0.9376
  Val  : Loss 0.0366 | Prec 0.9126 | Rec 0.8854 | P@R0.9 0.8957
Epoch 1439 | Time: 12.6s
  Train: Loss 0.0330 | Prec 0.9352 | Rec 0.9069 | P@R0.9 0.9406
  Val  : Loss 0.0369 | Prec 0.9163 | Rec 0.8801 | P@R0.9 0.8934
Epoch 1440 | Time: 12.7s
  Train: Loss 0.0347 | Prec 0.9304 | Rec 0.9038 | P@R0.9 0.9338
  Val  : Loss 0.0364 | Prec 0.9107 | Rec 0.8826 | P@R0.9 0.8904
Epoch 1441 | Time: 12.7s
  Train: Loss 0.0334 | Prec 0.9356 | Rec 0.8929 | P@R0.9 0.9290
  Val  : Loss 0.0364 | Prec 0.9201 | Rec 0.8736 | P@R0.9 0.8923
Epoch 1442 | Time: 12.9s
  Train: Loss 0.0321 | Prec 0.9306 | Rec 0.9023 | P@R0.9 0.9328
  Val  : Loss 0.0363 | Prec 0.9110 | Rec 0.8814 | P@R0.9 0.8899
Epoch 1443 | Time: 12.8s
  Train: Loss 0.0331 | Prec 0.9358 | Rec 0.8956 | P@R0.9 0.9325
  Val  : Loss 0.0362 | Prec 0.9191 | Rec 0.8756 | P@R0.9 0.8929
Epoch 1444 | Time: 12.7s
  Train: Loss 0.0317 | Prec 0.9326 | Rec 0.9000 | P@R0.9 0.9325
  Val  : Loss 0.0364 | Prec 0.9156 | Rec 0.8816 | P@R0.9 0.8935
Epoch 1445 | Time: 12.9s
  Train: Loss 0.0341 | Prec 0.9320 | Rec 0.8951 | P@R0.9 0.9276
  Val  : Loss 0.0364 | Prec 0.9188 | Rec 0.8788 | P@R0.9 0.8958
Epoch 1446 | Time: 12.8s
  Train: Loss 0.0320 | Prec 0.9298 | Rec 0.9022 | P@R0.9 0.9319
  Val  : Loss 0.0358 | Prec 0.9128 | Rec 0.8842 | P@R0.9 0.8946
Epoch 1447 | Time: 12.8s
  Train: Loss 0.0318 | Prec 0.9363 | Rec 0.9039 | P@R0.9 0.9394
  Val  : Loss 0.0368 | Prec 0.9180 | Rec 0.8793 | P@R0.9 0.8956
Epoch 1448 | Time: 12.7s
  Train: Loss 0.0316 | Prec 0.9359 | Rec 0.9023 | P@R0.9 0.9378
  Val  : Loss 0.0364 | Prec 0.9172 | Rec 0.8773 | P@R0.9 0.8919
Epoch 1449 | Time: 12.6s
  Train: Loss 0.0325 | Prec 0.9363 | Rec 0.9024 | P@R0.9 0.9385
  Val  : Loss 0.0370 | Prec 0.9150 | Rec 0.8736 | P@R0.9 0.8857
Epoch 1450 | Time: 12.8s
  Train: Loss 0.0327 | Prec 0.9336 | Rec 0.8990 | P@R0.9 0.9327
  Val  : Loss 0.0371 | Prec 0.9180 | Rec 0.8787 | P@R0.9 0.8941
Epoch 1451 | Time: 12.9s
  Train: Loss 0.0340 | Prec 0.9353 | Rec 0.8954 | P@R0.9 0.9315
  Val  : Loss 0.0364 | Prec 0.9200 | Rec 0.8771 | P@R0.9 0.8962
Epoch 1452 | Time: 12.6s
  Train: Loss 0.0331 | Prec 0.9328 | Rec 0.9036 | P@R0.9 0.9357
  Val  : Loss 0.0364 | Prec 0.9144 | Rec 0.8846 | P@R0.9 0.8977
Epoch 1453 | Time: 12.9s
  Train: Loss 0.0325 | Prec 0.9345 | Rec 0.9057 | P@R0.9 0.9393
  Val  : Loss 0.0366 | Prec 0.9192 | Rec 0.8834 | P@R0.9 0.9009
Epoch 1454 | Time: 12.8s
  Train: Loss 0.0337 | Prec 0.9336 | Rec 0.9029 | P@R0.9 0.9360
  Val  : Loss 0.0368 | Prec 0.9164 | Rec 0.8801 | P@R0.9 0.8939
Epoch 1455 | Time: 12.6s
  Train: Loss 0.0334 | Prec 0.9307 | Rec 0.9035 | P@R0.9 0.9337
  Val  : Loss 0.0365 | Prec 0.9168 | Rec 0.8865 | P@R0.9 0.9021
Epoch 1456 | Time: 12.8s
  Train: Loss 0.0334 | Prec 0.9320 | Rec 0.9061 | P@R0.9 0.9369
  Val  : Loss 0.0370 | Prec 0.9150 | Rec 0.8842 | P@R0.9 0.8975
Epoch 1457 | Time: 12.7s
  Train: Loss 0.0330 | Prec 0.9346 | Rec 0.8950 | P@R0.9 0.9302
  Val  : Loss 0.0365 | Prec 0.9196 | Rec 0.8794 | P@R0.9 0.8974
Epoch 1458 | Time: 12.9s
  Train: Loss 0.0342 | Prec 0.9306 | Rec 0.9004 | P@R0.9 0.9310
  Val  : Loss 0.0369 | Prec 0.9177 | Rec 0.8886 | P@R0.9 0.9050
Epoch 1459 | Time: 12.6s
  Train: Loss 0.0320 | Prec 0.9350 | Rec 0.8996 | P@R0.9 0.9346
  Val  : Loss 0.0359 | Prec 0.9167 | Rec 0.8765 | P@R0.9 0.8892
Epoch 1460 | Time: 12.8s
  Train: Loss 0.0323 | Prec 0.9364 | Rec 0.9000 | P@R0.9 0.9364
  Val  : Loss 0.0367 | Prec 0.9212 | Rec 0.8774 | P@R0.9 0.8971
Epoch 1461 | Time: 12.8s
  Train: Loss 0.0328 | Prec 0.9367 | Rec 0.9012 | P@R0.9 0.9378
  Val  : Loss 0.0370 | Prec 0.9195 | Rec 0.8795 | P@R0.9 0.8976
Epoch 1462 | Time: 12.6s
  Train: Loss 0.0324 | Prec 0.9314 | Rec 0.9065 | P@R0.9 0.9369
  Val  : Loss 0.0367 | Prec 0.9146 | Rec 0.8878 | P@R0.9 0.9009
Epoch 1463 | Time: 12.6s
  Train: Loss 0.0316 | Prec 0.9309 | Rec 0.9008 | P@R0.9 0.9317
  Val  : Loss 0.0365 | Prec 0.9151 | Rec 0.8823 | P@R0.9 0.8960
Epoch 1464 | Time: 12.9s
  Train: Loss 0.0319 | Prec 0.9373 | Rec 0.9040 | P@R0.9 0.9407
  Val  : Loss 0.0368 | Prec 0.9187 | Rec 0.8778 | P@R0.9 0.8947
Epoch 1465 | Time: 12.7s
  Train: Loss 0.0321 | Prec 0.9351 | Rec 0.9057 | P@R0.9 0.9397
  Val  : Loss 0.0375 | Prec 0.9164 | Rec 0.8828 | P@R0.9 0.8972
Epoch 1466 | Time: 12.8s
  Train: Loss 0.0325 | Prec 0.9292 | Rec 0.9047 | P@R0.9 0.9338
  Val  : Loss 0.0370 | Prec 0.9144 | Rec 0.8852 | P@R0.9 0.8980
Epoch 1467 | Time: 12.8s
  Train: Loss 0.0335 | Prec 0.9380 | Rec 0.9031 | P@R0.9 0.9405
  Val  : Loss 0.0364 | Prec 0.9197 | Rec 0.8788 | P@R0.9 0.8982
Epoch 1468 | Time: 12.6s
  Train: Loss 0.0333 | Prec 0.9322 | Rec 0.9073 | P@R0.9 0.9384
  Val  : Loss 0.0373 | Prec 0.9144 | Rec 0.8847 | P@R0.9 0.8973
Epoch 1469 | Time: 12.7s
  Train: Loss 0.0314 | Prec 0.9319 | Rec 0.9012 | P@R0.9 0.9329
  Val  : Loss 0.0365 | Prec 0.9141 | Rec 0.8799 | P@R0.9 0.8915
Epoch 1470 | Time: 12.9s
  Train: Loss 0.0325 | Prec 0.9349 | Rec 0.9025 | P@R0.9 0.9370
  Val  : Loss 0.0364 | Prec 0.9170 | Rec 0.8792 | P@R0.9 0.8942
Epoch 1471 | Time: 12.8s
  Train: Loss 0.0323 | Prec 0.9332 | Rec 0.9059 | P@R0.9 0.9379
  Val  : Loss 0.0369 | Prec 0.9157 | Rec 0.8843 | P@R0.9 0.8990
Epoch 1472 | Time: 12.6s
  Train: Loss 0.0336 | Prec 0.9322 | Rec 0.8980 | P@R0.9 0.9306
  Val  : Loss 0.0367 | Prec 0.9177 | Rec 0.8794 | P@R0.9 0.8940
Epoch 1473 | Time: 12.7s
  Train: Loss 0.0331 | Prec 0.9338 | Rec 0.9056 | P@R0.9 0.9384
  Val  : Loss 0.0362 | Prec 0.9131 | Rec 0.8835 | P@R0.9 0.8940
Epoch 1474 | Time: 12.7s
  Train: Loss 0.0330 | Prec 0.9339 | Rec 0.9027 | P@R0.9 0.9359
  Val  : Loss 0.0367 | Prec 0.9162 | Rec 0.8812 | P@R0.9 0.8949
Epoch 1475 | Time: 12.6s
  Train: Loss 0.0330 | Prec 0.9372 | Rec 0.8988 | P@R0.9 0.9363
  Val  : Loss 0.0366 | Prec 0.9187 | Rec 0.8769 | P@R0.9 0.8943
Epoch 1476 | Time: 12.5s
  Train: Loss 0.0322 | Prec 0.9366 | Rec 0.8993 | P@R0.9 0.9359
  Val  : Loss 0.0367 | Prec 0.9213 | Rec 0.8789 | P@R0.9 0.8989
Epoch 1477 | Time: 12.7s
  Train: Loss 0.0350 | Prec 0.9383 | Rec 0.8964 | P@R0.9 0.9355
  Val  : Loss 0.0366 | Prec 0.9202 | Rec 0.8736 | P@R0.9 0.8912
Epoch 1478 | Time: 12.6s
  Train: Loss 0.0332 | Prec 0.9351 | Rec 0.9029 | P@R0.9 0.9376
  Val  : Loss 0.0364 | Prec 0.9180 | Rec 0.8807 | P@R0.9 0.8973
Epoch 1479 | Time: 12.4s
  Train: Loss 0.0328 | Prec 0.9332 | Rec 0.9036 | P@R0.9 0.9363
  Val  : Loss 0.0364 | Prec 0.9148 | Rec 0.8829 | P@R0.9 0.8950
Epoch 1480 | Time: 12.5s
  Train: Loss 0.0328 | Prec 0.9333 | Rec 0.8985 | P@R0.9 0.9319
  Val  : Loss 0.0367 | Prec 0.9213 | Rec 0.8826 | P@R0.9 0.9034
Epoch 1481 | Time: 12.7s
  Train: Loss 0.0319 | Prec 0.9351 | Rec 0.9046 | P@R0.9 0.9390
  Val  : Loss 0.0366 | Prec 0.9164 | Rec 0.8805 | P@R0.9 0.8943
Epoch 1482 | Time: 12.6s
  Train: Loss 0.0317 | Prec 0.9338 | Rec 0.9055 | P@R0.9 0.9382
  Val  : Loss 0.0366 | Prec 0.9168 | Rec 0.8811 | P@R0.9 0.8953
Epoch 1483 | Time: 12.7s
  Train: Loss 0.0325 | Prec 0.9325 | Rec 0.9062 | P@R0.9 0.9375
  Val  : Loss 0.0368 | Prec 0.9106 | Rec 0.8834 | P@R0.9 0.8920
Epoch 1484 | Time: 12.8s
  Train: Loss 0.0316 | Prec 0.9320 | Rec 0.9061 | P@R0.9 0.9372
  Val  : Loss 0.0368 | Prec 0.9132 | Rec 0.8807 | P@R0.9 0.8911
Epoch 1485 | Time: 12.6s
  Train: Loss 0.0328 | Prec 0.9354 | Rec 0.9036 | P@R0.9 0.9384
  Val  : Loss 0.0364 | Prec 0.9167 | Rec 0.8816 | P@R0.9 0.8959
Epoch 1486 | Time: 12.6s
  Train: Loss 0.0324 | Prec 0.9344 | Rec 0.9022 | P@R0.9 0.9363
  Val  : Loss 0.0367 | Prec 0.9186 | Rec 0.8830 | P@R0.9 0.8998
Epoch 1487 | Time: 12.5s
  Train: Loss 0.0325 | Prec 0.9351 | Rec 0.9045 | P@R0.9 0.9392
  Val  : Loss 0.0370 | Prec 0.9135 | Rec 0.8815 | P@R0.9 0.8920
Epoch 1488 | Time: 12.7s
  Train: Loss 0.0335 | Prec 0.9290 | Rec 0.9069 | P@R0.9 0.9347
  Val  : Loss 0.0367 | Prec 0.9089 | Rec 0.8840 | P@R0.9 0.8895
Epoch 1489 | Time: 12.5s
  Train: Loss 0.0322 | Prec 0.9372 | Rec 0.9028 | P@R0.9 0.9393
  Val  : Loss 0.0364 | Prec 0.9188 | Rec 0.8796 | P@R0.9 0.8974
Epoch 1490 | Time: 12.5s
  Train: Loss 0.0314 | Prec 0.9332 | Rec 0.9055 | P@R0.9 0.9384
  Val  : Loss 0.0362 | Prec 0.9122 | Rec 0.8798 | P@R0.9 0.8889
Epoch 1491 | Time: 12.6s
  Train: Loss 0.0351 | Prec 0.9352 | Rec 0.8911 | P@R0.9 0.9278
  Val  : Loss 0.0369 | Prec 0.9214 | Rec 0.8734 | P@R0.9 0.8937
Epoch 1492 | Time: 12.7s
  Train: Loss 0.0325 | Prec 0.9354 | Rec 0.9049 | P@R0.9 0.9393
  Val  : Loss 0.0360 | Prec 0.9150 | Rec 0.8823 | P@R0.9 0.8952
Epoch 1493 | Time: 12.5s
  Train: Loss 0.0336 | Prec 0.9347 | Rec 0.9021 | P@R0.9 0.9367
  Val  : Loss 0.0364 | Prec 0.9150 | Rec 0.8809 | P@R0.9 0.8940
Epoch 1494 | Time: 12.7s
  Train: Loss 0.0333 | Prec 0.9306 | Rec 0.9049 | P@R0.9 0.9351
  Val  : Loss 0.0366 | Prec 0.9115 | Rec 0.8846 | P@R0.9 0.8946
Epoch 1495 | Time: 12.8s
  Train: Loss 0.0325 | Prec 0.9320 | Rec 0.8991 | P@R0.9 0.9311
  Val  : Loss 0.0366 | Prec 0.9177 | Rec 0.8835 | P@R0.9 0.9005
Epoch 1496 | Time: 12.9s
  Train: Loss 0.0336 | Prec 0.9352 | Rec 0.9033 | P@R0.9 0.9377
  Val  : Loss 0.0367 | Prec 0.9174 | Rec 0.8839 | P@R0.9 0.9000
Epoch 1497 | Time: 12.7s
  Train: Loss 0.0326 | Prec 0.9299 | Rec 0.9054 | P@R0.9 0.9349
  Val  : Loss 0.0371 | Prec 0.9099 | Rec 0.8834 | P@R0.9 0.8902
Epoch 1498 | Time: 12.7s
  Train: Loss 0.0326 | Prec 0.9354 | Rec 0.9017 | P@R0.9 0.9369
  Val  : Loss 0.0369 | Prec 0.9203 | Rec 0.8839 | P@R0.9 0.9029
Epoch 1499 | Time: 12.9s
  Train: Loss 0.0314 | Prec 0.9291 | Rec 0.9025 | P@R0.9 0.9315
  Val  : Loss 0.0365 | Prec 0.9155 | Rec 0.8854 | P@R0.9 0.8989
Epoch 1500 | Time: 12.9s
  Train: Loss 0.0329 | Prec 0.9379 | Rec 0.8999 | P@R0.9 0.9377
  Val  : Loss 0.0368 | Prec 0.9211 | Rec 0.8801 | P@R0.9 0.9005
