Epoch | Time_Start | Duration | LR | T_Loss | T_Prec | T_Rec | T_P@R0.9 | V_Loss | V_Prec | V_Rec | V_P@R0.9
0001 | 11:11:45 |  23.6s | 1.0e-04 | 0.3217 | 0.1539 | 0.0514 | 0.0934 | 0.1795 | 0.7112 | 0.0463 | 0.1497
0002 | 11:12:24 |  30.1s | 1.0e-04 | 0.1633 | 0.7554 | 0.3104 | 0.2111 | 0.1264 | 0.7776 | 0.4423 | 0.2811
0003 | 11:13:13 |  29.0s | 1.0e-04 | 0.1328 | 0.7736 | 0.5178 | 0.3328 | 0.1091 | 0.7922 | 0.5472 | 0.3481
0004 | 11:14:00 |  26.8s | 1.0e-04 | 0.1158 | 0.7939 | 0.5806 | 0.3861 | 0.0980 | 0.8089 | 0.5588 | 0.3628
0005 | 11:14:48 |  29.9s | 1.0e-04 | 0.1035 | 0.8156 | 0.6152 | 0.4234 | 0.0945 | 0.7804 | 0.6214 | 0.3679
0006 | 11:15:37 |  28.7s | 1.0e-04 | 0.1019 | 0.8196 | 0.6299 | 0.4339 | 0.0944 | 0.8241 | 0.6179 | 0.4160
0007 | 11:16:24 |  29.4s | 1.0e-04 | 0.0974 | 0.8289 | 0.6472 | 0.4490 | 0.0926 | 0.8142 | 0.6438 | 0.4210
0008 | 11:17:12 |  40.2s | 1.0e-04 | 0.0962 | 0.8277 | 0.6545 | 0.4606 | 0.0906 | 0.8265 | 0.6377 | 0.4219
0009 | 11:18:09 |  32.1s | 1.0e-04 | 0.0933 | 0.8341 | 0.6685 | 0.4739 | 0.0884 | 0.8069 | 0.6786 | 0.4461
0010 | 11:18:59 |  32.1s | 1.0e-04 | 0.0909 | 0.8387 | 0.6792 | 0.4853 | 0.0891 | 0.8100 | 0.6729 | 0.4602
0011 | 11:19:50 |  29.0s | 1.0e-04 | 0.0888 | 0.8377 | 0.6907 | 0.4993 | 0.0846 | 0.8093 | 0.7077 | 0.4649
0012 | 11:20:36 |  29.4s | 1.0e-04 | 0.0858 | 0.8432 | 0.6983 | 0.5158 | 0.0828 | 0.8413 | 0.6789 | 0.4717
0013 | 11:21:22 |  30.1s | 1.0e-04 | 0.0829 | 0.8488 | 0.7073 | 0.5264 | 0.0818 | 0.8308 | 0.7023 | 0.4891
0014 | 11:22:09 |  30.8s | 1.0e-04 | 0.0806 | 0.8507 | 0.7155 | 0.5457 | 0.0794 | 0.8484 | 0.7067 | 0.5204
0015 | 11:22:57 |  31.8s | 1.0e-04 | 0.0792 | 0.8528 | 0.7208 | 0.5578 | 0.0779 | 0.8561 | 0.6743 | 0.5027
0016 | 11:23:49 |  39.4s | 1.0e-04 | 0.0780 | 0.8561 | 0.7312 | 0.5813 | 0.0742 | 0.8568 | 0.6982 | 0.5385
0017 | 11:24:48 |  28.8s | 1.0e-04 | 0.0772 | 0.8573 | 0.7379 | 0.5950 | 0.0743 | 0.8583 | 0.7081 | 0.5658
0018 | 11:25:36 |  27.4s | 1.0e-04 | 0.0755 | 0.8594 | 0.7437 | 0.6051 | 0.0735 | 0.8189 | 0.7463 | 0.5495
0019 | 11:26:22 |  29.8s | 1.0e-04 | 0.0737 | 0.8593 | 0.7474 | 0.6155 | 0.0714 | 0.8382 | 0.7446 | 0.5759
0020 | 11:27:12 |  29.5s | 1.0e-04 | 0.0727 | 0.8592 | 0.7549 | 0.6332 | 0.0701 | 0.8490 | 0.7531 | 0.6125
0021 | 11:28:00 |  28.3s | 1.0e-04 | 0.0707 | 0.8614 | 0.7590 | 0.6446 | 0.0692 | 0.8333 | 0.7706 | 0.6084
0022 | 11:28:44 |  29.9s | 1.0e-04 | 0.0712 | 0.8609 | 0.7637 | 0.6526 | 0.0675 | 0.8660 | 0.7369 | 0.6308
0023 | 11:29:32 |  29.8s | 1.0e-04 | 0.0691 | 0.8637 | 0.7689 | 0.6677 | 0.0666 | 0.8450 | 0.7589 | 0.6217
0024 | 11:30:19 |  42.1s | 1.0e-04 | 0.0693 | 0.8650 | 0.7748 | 0.6760 | 0.0654 | 0.8574 | 0.7451 | 0.6283
0025 | 11:31:21 |  30.6s | 1.0e-04 | 0.0675 | 0.8677 | 0.7777 | 0.6835 | 0.0634 | 0.8693 | 0.7468 | 0.6485
0026 | 11:32:10 |  31.5s | 1.0e-04 | 0.0669 | 0.8700 | 0.7831 | 0.6990 | 0.0662 | 0.8051 | 0.8240 | 0.6671
0027 | 11:33:02 |  32.7s | 1.0e-04 | 0.0652 | 0.8712 | 0.7869 | 0.7032 | 0.0632 | 0.8542 | 0.7913 | 0.6891
0028 | 11:33:54 |  32.5s | 1.0e-04 | 0.0648 | 0.8717 | 0.7914 | 0.7184 | 0.0627 | 0.8579 | 0.7718 | 0.6642
0029 | 11:34:47 |  31.9s | 1.0e-04 | 0.0635 | 0.8726 | 0.7937 | 0.7218 | 0.0636 | 0.8141 | 0.8295 | 0.6861
0030 | 11:35:37 |  31.4s | 1.0e-04 | 0.0638 | 0.8720 | 0.7960 | 0.7244 | 0.0605 | 0.8741 | 0.7803 | 0.6970
0031 | 11:36:28 |  30.6s | 1.0e-04 | 0.0624 | 0.8754 | 0.8014 | 0.7382 | 0.0604 | 0.8288 | 0.8175 | 0.6946
0032 | 11:37:17 |  39.3s | 1.0e-04 | 0.0606 | 0.8749 | 0.8043 | 0.7462 | 0.0597 | 0.8851 | 0.7626 | 0.7120
0033 | 11:38:14 |  24.5s | 1.0e-04 | 0.0603 | 0.8759 | 0.8061 | 0.7448 | 0.0579 | 0.8502 | 0.8119 | 0.7109
0034 | 11:38:57 |  27.8s | 1.0e-04 | 0.0599 | 0.8764 | 0.8057 | 0.7452 | 0.0571 | 0.8569 | 0.8179 | 0.7393
0035 | 11:39:43 |  27.9s | 1.0e-04 | 0.0592 | 0.8774 | 0.8102 | 0.7570 | 0.0569 | 0.8409 | 0.8257 | 0.7277
0036 | 11:40:30 |  28.8s | 1.0e-04 | 0.0579 | 0.8774 | 0.8126 | 0.7618 | 0.0553 | 0.8665 | 0.8053 | 0.7253
0037 | 11:41:17 |  28.8s | 1.0e-04 | 0.0579 | 0.8801 | 0.8148 | 0.7687 | 0.0570 | 0.8376 | 0.8349 | 0.7347
0038 | 11:42:02 |  29.7s | 1.0e-04 | 0.0571 | 0.8803 | 0.8187 | 0.7725 | 0.0552 | 0.8697 | 0.8154 | 0.7539
0039 | 11:42:49 |  31.1s | 1.0e-04 | 0.0567 | 0.8791 | 0.8178 | 0.7718 | 0.0548 | 0.8548 | 0.8258 | 0.7446
0040 | 11:43:37 |  36.5s | 1.0e-04 | 0.0551 | 0.8828 | 0.8235 | 0.7829 | 0.0532 | 0.8626 | 0.8129 | 0.7386
0041 | 11:44:30 |  31.7s | 1.0e-04 | 0.0550 | 0.8816 | 0.8229 | 0.7806 | 0.0539 | 0.8886 | 0.7850 | 0.7487
0042 | 11:45:20 |  31.8s | 1.0e-04 | 0.0547 | 0.8845 | 0.8259 | 0.7900 | 0.0526 | 0.8600 | 0.8331 | 0.7663
0043 | 11:46:11 |  32.1s | 1.0e-04 | 0.0541 | 0.8840 | 0.8272 | 0.7923 | 0.0529 | 0.8649 | 0.8235 | 0.7591
0044 | 11:47:03 |  32.0s | 1.0e-04 | 0.0535 | 0.8830 | 0.8254 | 0.7899 | 0.0525 | 0.8433 | 0.8446 | 0.7607
0045 | 11:47:52 |  32.0s | 1.0e-04 | 0.0526 | 0.8852 | 0.8294 | 0.7971 | 0.0522 | 0.8678 | 0.8376 | 0.7768
0046 | 11:48:44 |  31.8s | 1.0e-04 | 0.0523 | 0.8853 | 0.8301 | 0.7953 | 0.0517 | 0.8842 | 0.8202 | 0.7829
0047 | 11:49:34 |  46.1s | 1.0e-04 | 0.0519 | 0.8883 | 0.8362 | 0.8098 | 0.0532 | 0.8955 | 0.7899 | 0.7652
0048 | 11:50:37 |  27.1s | 1.0e-04 | 0.0524 | 0.8894 | 0.8401 | 0.8175 | 0.0519 | 0.8478 | 0.8466 | 0.7613
0049 | 11:51:22 |  27.1s | 1.0e-04 | 0.0519 | 0.8900 | 0.8427 | 0.8223 | 0.0510 | 0.8657 | 0.8270 | 0.7664
0050 | 11:52:07 |  28.6s | 1.0e-04 | 0.0512 | 0.8903 | 0.8451 | 0.8270 | 0.0500 | 0.8709 | 0.8366 | 0.7909
0051 | 11:52:54 |  28.4s | 1.0e-04 | 0.0506 | 0.8911 | 0.8469 | 0.8299 | 0.0507 | 0.8633 | 0.8376 | 0.7766
0052 | 11:53:39 |  29.3s | 1.0e-04 | 0.0506 | 0.8921 | 0.8469 | 0.8291 | 0.0526 | 0.8387 | 0.8667 | 0.7862
0053 | 11:54:25 |  30.4s | 1.0e-04 | 0.0504 | 0.8909 | 0.8479 | 0.8320 | 0.0506 | 0.9045 | 0.7879 | 0.7859
0054 | 11:55:11 |  30.8s | 1.0e-04 | 0.0496 | 0.8935 | 0.8525 | 0.8405 | 0.0506 | 0.8869 | 0.8248 | 0.7969
0055 | 11:55:58 |  47.1s | 1.0e-04 | 0.0486 | 0.8937 | 0.8506 | 0.8358 | 0.0481 | 0.8751 | 0.8276 | 0.7835
0056 | 11:57:01 |  31.1s | 1.0e-04 | 0.0483 | 0.8899 | 0.8434 | 0.8242 | 0.0483 | 0.8623 | 0.8408 | 0.7861
0057 | 11:57:49 |  31.7s | 1.0e-04 | 0.0470 | 0.8905 | 0.8440 | 0.8248 | 0.0475 | 0.8773 | 0.8410 | 0.7984
0058 | 11:58:38 |  32.3s | 1.0e-04 | 0.0466 | 0.8914 | 0.8479 | 0.8305 | 0.0483 | 0.8961 | 0.8196 | 0.8074
0059 | 11:59:28 |  32.0s | 1.0e-04 | 0.0462 | 0.8938 | 0.8493 | 0.8356 | 0.0476 | 0.8641 | 0.8600 | 0.8120
0060 | 12:00:19 |  32.5s | 1.0e-04 | 0.0465 | 0.8922 | 0.8501 | 0.8345 | 0.0473 | 0.8777 | 0.8481 | 0.8156
0061 | 12:01:11 |  32.0s | 1.0e-04 | 0.0462 | 0.8922 | 0.8514 | 0.8361 | 0.0462 | 0.8878 | 0.8314 | 0.8060
0062 | 12:02:02 |  31.4s | 1.0e-04 | 0.0455 | 0.8937 | 0.8525 | 0.8431 | 0.0466 | 0.8747 | 0.8548 | 0.8196
0063 | 12:02:52 |  36.1s | 1.0e-04 | 0.0464 | 0.8935 | 0.8551 | 0.8433 | 0.0458 | 0.8877 | 0.8497 | 0.8320
0064 | 12:03:45 |  28.6s | 1.0e-04 | 0.0469 | 0.8952 | 0.8580 | 0.8499 | 0.0466 | 0.8778 | 0.8495 | 0.8139
0065 | 12:04:31 |  27.5s | 1.0e-04 | 0.0460 | 0.8945 | 0.8621 | 0.8560 | 0.0449 | 0.8820 | 0.8455 | 0.8190
0066 | 12:05:16 |  28.9s | 1.0e-04 | 0.0455 | 0.8963 | 0.8616 | 0.8568 | 0.0456 | 0.8818 | 0.8411 | 0.8152
0067 | 12:06:01 |  28.5s | 1.0e-04 | 0.0458 | 0.8954 | 0.8621 | 0.8564 | 0.0443 | 0.8851 | 0.8447 | 0.8264
0068 | 12:06:45 |  30.3s | 1.0e-04 | 0.0452 | 0.8966 | 0.8645 | 0.8598 | 0.0448 | 0.9057 | 0.8230 | 0.8326
0069 | 12:07:31 |  30.4s | 1.0e-04 | 0.0451 | 0.8982 | 0.8660 | 0.8641 | 0.0450 | 0.8588 | 0.8634 | 0.8128
0070 | 12:08:19 |  30.3s | 1.0e-04 | 0.0444 | 0.8977 | 0.8678 | 0.8650 | 0.0449 | 0.8741 | 0.8738 | 0.8436
0071 | 12:09:05 |  39.2s | 1.0e-04 | 0.0448 | 0.8974 | 0.8686 | 0.8658 | 0.0475 | 0.8370 | 0.8944 | 0.8297
0072 | 12:10:01 |  26.4s | 1.0e-04 | 0.0436 | 0.8987 | 0.8690 | 0.8671 | 0.0446 | 0.8743 | 0.8588 | 0.8255
0073 | 12:10:46 |  27.4s | 1.0e-04 | 0.0443 | 0.8966 | 0.8684 | 0.8654 | 0.0454 | 0.8499 | 0.8977 | 0.8471
0074 | 12:11:32 |  27.9s | 1.0e-04 | 0.0429 | 0.9011 | 0.8739 | 0.8751 | 0.0449 | 0.9158 | 0.8194 | 0.8417
0075 | 12:12:17 |  29.1s | 1.0e-04 | 0.0433 | 0.9010 | 0.8734 | 0.8742 | 0.0439 | 0.8986 | 0.8423 | 0.8413
0076 | 12:13:03 |  30.7s | 1.0e-04 | 0.0431 | 0.9003 | 0.8760 | 0.8766 | 0.0440 | 0.8995 | 0.8418 | 0.8432
0077 | 12:13:49 |  27.4s | 1.0e-04 | 0.0428 | 0.9022 | 0.8740 | 0.8763 | 0.0418 | 0.8772 | 0.8696 | 0.8439
0078 | 12:14:33 |  27.9s | 1.0e-04 | 0.0430 | 0.8989 | 0.8741 | 0.8729 | 0.0449 | 0.9147 | 0.8177 | 0.8450
0079 | 12:15:18 |  42.3s | 1.0e-04 | 0.0421 | 0.9012 | 0.8743 | 0.8757 | 0.0435 | 0.9019 | 0.8327 | 0.8404
0080 | 12:16:19 |  31.5s | 1.0e-04 | 0.0418 | 0.8994 | 0.8737 | 0.8738 | 0.0428 | 0.8559 | 0.8971 | 0.8514
0081 | 12:17:10 |  30.6s | 1.0e-04 | 0.0417 | 0.8999 | 0.8738 | 0.8744 | 0.0408 | 0.8999 | 0.8497 | 0.8549
0082 | 12:17:58 |  30.9s | 1.0e-04 | 0.0419 | 0.8984 | 0.8744 | 0.8751 | 0.0426 | 0.8625 | 0.8837 | 0.8433
0083 | 12:18:47 |  30.0s | 1.0e-04 | 0.0415 | 0.8989 | 0.8749 | 0.8754 | 0.0422 | 0.8991 | 0.8442 | 0.8400
0084 | 12:19:35 |  26.8s | 1.0e-04 | 0.0413 | 0.8993 | 0.8741 | 0.8741 | 0.0422 | 0.8786 | 0.8709 | 0.8466
0085 | 12:20:21 |  31.6s | 1.0e-04 | 0.0411 | 0.8997 | 0.8769 | 0.8769 | 0.0405 | 0.8898 | 0.8684 | 0.8580
0086 | 12:21:10 |  46.3s | 1.0e-04 | 0.0412 | 0.9017 | 0.8780 | 0.8806 | 0.0414 | 0.8928 | 0.8512 | 0.8445
0087 | 12:22:15 |  28.4s | 1.0e-04 | 0.0410 | 0.9031 | 0.8815 | 0.8860 | 0.0417 | 0.8801 | 0.8779 | 0.8549
0088 | 12:23:02 |  29.0s | 1.0e-04 | 0.0411 | 0.9008 | 0.8827 | 0.8852 | 0.0411 | 0.9043 | 0.8573 | 0.8646
0089 | 12:23:46 |  29.6s | 1.0e-04 | 0.0404 | 0.9031 | 0.8834 | 0.8876 | 0.0403 | 0.8893 | 0.8567 | 0.8451
0090 | 12:24:33 |  30.2s | 1.0e-04 | 0.0402 | 0.9033 | 0.8842 | 0.8889 | 0.0410 | 0.8975 | 0.8504 | 0.8522
0091 | 12:25:20 |  27.9s | 1.0e-04 | 0.0403 | 0.9041 | 0.8853 | 0.8911 | 0.0408 | 0.8884 | 0.8692 | 0.8582
0092 | 12:26:05 |  27.0s | 1.0e-04 | 0.0400 | 0.9038 | 0.8862 | 0.8919 | 0.0448 | 0.9244 | 0.8076 | 0.8515
0093 | 12:26:49 |  27.3s | 1.0e-04 | 0.0400 | 0.9026 | 0.8850 | 0.8889 | 0.0401 | 0.8934 | 0.8600 | 0.8581
0094 | 12:27:34 |  41.3s | 1.0e-04 | 0.0395 | 0.9034 | 0.8869 | 0.8919 | 0.0411 | 0.8917 | 0.8657 | 0.8573
0095 | 12:28:34 |  28.2s | 1.0e-04 | 0.0379 | 0.9048 | 0.8871 | 0.8933 | 0.0417 | 0.8842 | 0.8748 | 0.8574
0096 | 12:29:21 |  25.8s | 1.0e-04 | 0.0380 | 0.9050 | 0.8878 | 0.8943 | 0.0413 | 0.8937 | 0.8714 | 0.8678
0097 | 12:30:04 |  27.3s | 1.0e-04 | 0.0378 | 0.9061 | 0.8905 | 0.8974 | 0.0405 | 0.9017 | 0.8527 | 0.8570
0098 | 12:30:47 |  26.3s | 1.0e-04 | 0.0373 | 0.9040 | 0.8882 | 0.8931 | 0.0398 | 0.9010 | 0.8615 | 0.8676
0099 | 12:31:33 |  28.4s | 1.0e-04 | 0.0380 | 0.9051 | 0.8878 | 0.8936 | 0.0408 | 0.9013 | 0.8541 | 0.8577
0100 | 12:32:20 |  28.1s | 1.0e-04 | 0.0375 | 0.9045 | 0.8898 | 0.8961 | 0.0407 | 0.8696 | 0.8908 | 0.8603
0101 | 12:33:07 |  28.3s | 1.0e-04 | 0.0370 | 0.9054 | 0.8925 | 0.8984 | 0.0401 | 0.8831 | 0.8835 | 0.8691
0102 | 12:33:52 |  39.0s | 1.0e-04 | 0.0368 | 0.9056 | 0.8887 | 0.8954 | 0.0392 | 0.8849 | 0.8915 | 0.8766
0103 | 12:34:50 |  28.3s | 1.0e-04 | 0.0371 | 0.9040 | 0.8863 | 0.8922 | 0.0396 | 0.9035 | 0.8548 | 0.8600
0104 | 12:35:36 |  28.4s | 1.0e-04 | 0.0377 | 0.9016 | 0.8840 | 0.8869 | 0.0399 | 0.8763 | 0.8873 | 0.8634
0105 | 12:36:22 |  28.6s | 1.0e-04 | 0.0368 | 0.9040 | 0.8886 | 0.8939 | 0.0396 | 0.8937 | 0.8751 | 0.8712
0106 | 12:37:07 |  31.1s | 1.0e-04 | 0.0368 | 0.9017 | 0.8866 | 0.8897 | 0.0390 | 0.8910 | 0.8830 | 0.8753
0107 | 12:37:58 |  31.0s | 1.0e-04 | 0.0366 | 0.9047 | 0.8866 | 0.8931 | 0.0394 | 0.9029 | 0.8666 | 0.8735
0108 | 12:38:48 |  30.4s | 1.0e-04 | 0.0367 | 0.9044 | 0.8862 | 0.8915 | 0.0386 | 0.8935 | 0.8832 | 0.8785
0109 | 12:39:36 |  29.9s | 1.0e-04 | 0.0362 | 0.9044 | 0.8896 | 0.8948 | 0.0386 | 0.8991 | 0.8825 | 0.8820
0110 | 12:40:24 |  44.0s | 1.0e-04 | 0.0366 | 0.9048 | 0.8910 | 0.8972 | 0.0375 | 0.9010 | 0.8806 | 0.8860
0111 | 12:41:25 |  29.9s | 1.0e-04 | 0.0369 | 0.9061 | 0.8925 | 0.9001 | 0.0379 | 0.8776 | 0.9043 | 0.8825
0112 | 12:42:12 |  31.0s | 1.0e-04 | 0.0372 | 0.9044 | 0.8902 | 0.8964 | 0.0373 | 0.8910 | 0.8898 | 0.8799
0113 | 12:43:00 |  28.3s | 1.0e-04 | 0.0370 | 0.9061 | 0.8924 | 0.8999 | 0.0388 | 0.8742 | 0.9043 | 0.8793
0114 | 12:43:45 |  29.6s | 1.0e-04 | 0.0368 | 0.9050 | 0.8926 | 0.8987 | 0.0369 | 0.8938 | 0.8838 | 0.8771
0115 | 12:44:33 |  31.4s | 1.0e-04 | 0.0365 | 0.9058 | 0.8935 | 0.9001 | 0.0376 | 0.8963 | 0.8871 | 0.8844
0116 | 12:45:24 |  32.0s | 1.0e-04 | 0.0363 | 0.9064 | 0.8936 | 0.9006 | 0.0374 | 0.9026 | 0.8684 | 0.8796
0117 | 12:46:15 |  31.7s | 1.0e-04 | 0.0366 | 0.9073 | 0.8940 | 0.9020 | 0.0382 | 0.8787 | 0.9033 | 0.8819
0118 | 12:47:06 |  38.7s | 1.0e-04 | 0.0372 | 0.9089 | 0.9005 | 0.9094 | 0.0367 | 0.8859 | 0.8867 | 0.8719
0119 | 12:48:04 |  28.4s | 1.0e-04 | 0.0374 | 0.9092 | 0.9012 | 0.9100 | 0.0385 | 0.8747 | 0.8981 | 0.8734
0120 | 12:48:49 |  27.0s | 1.0e-04 | 0.0374 | 0.9098 | 0.8999 | 0.9097 | 0.0380 | 0.8907 | 0.8930 | 0.8839
0121 | 12:49:33 |  26.5s | 1.0e-04 | 0.0371 | 0.9102 | 0.9028 | 0.9125 | 0.0378 | 0.8819 | 0.9013 | 0.8828
0122 | 12:50:18 |  27.8s | 1.0e-04 | 0.0367 | 0.9107 | 0.9040 | 0.9141 | 0.0377 | 0.8982 | 0.8900 | 0.8881
0123 | 12:51:03 |  28.0s | 1.0e-04 | 0.0366 | 0.9116 | 0.9036 | 0.9144 | 0.0365 | 0.8954 | 0.8773 | 0.8757
0124 | 12:51:49 |  29.2s | 1.0e-04 | 0.0360 | 0.9125 | 0.9045 | 0.9158 | 0.0372 | 0.8863 | 0.8912 | 0.8779
0125 | 12:52:35 |  30.6s | 1.0e-04 | 0.0381 | 0.9108 | 0.9045 | 0.9142 | 0.0381 | 0.8766 | 0.9016 | 0.8783
0126 | 12:53:25 |  31.4s | 1.0e-04 | 0.0361 | 0.9102 | 0.9013 | 0.9113 | 0.0378 | 0.8790 | 0.8957 | 0.8750
0127 | 12:54:13 |  27.6s | 1.0e-04 | 0.0354 | 0.9128 | 0.9039 | 0.9157 | 0.0382 | 0.8898 | 0.8940 | 0.8838
0128 | 12:54:58 |  28.5s | 1.0e-04 | 0.0353 | 0.9134 | 0.9050 | 0.9173 | 0.0371 | 0.8961 | 0.8874 | 0.8843
0129 | 12:55:43 |  30.1s | 1.0e-04 | 0.0351 | 0.9125 | 0.9065 | 0.9172 | 0.0372 | 0.8833 | 0.9031 | 0.8857
0130 | 12:56:30 |  30.3s | 1.0e-04 | 0.0358 | 0.9109 | 0.9023 | 0.9126 | 0.0374 | 0.8960 | 0.8734 | 0.8695
0131 | 12:57:20 |  31.2s | 1.0e-04 | 0.0348 | 0.9138 | 0.9080 | 0.9202 | 0.0364 | 0.8946 | 0.8944 | 0.8887
0132 | 12:58:10 |  31.3s | 1.0e-04 | 0.0348 | 0.9145 | 0.9069 | 0.9195 | 0.0368 | 0.8895 | 0.8970 | 0.8867
0133 | 12:59:00 |  44.0s | 1.0e-04 | 0.0350 | 0.9133 | 0.9062 | 0.9183 | 0.0358 | 0.8978 | 0.8955 | 0.8928
0134 | 13:00:02 |  28.6s | 1.0e-04 | 0.0342 | 0.9127 | 0.9034 | 0.9154 | 0.0367 | 0.8819 | 0.9012 | 0.8834
0135 | 13:00:50 |  28.4s | 1.0e-04 | 0.0341 | 0.9125 | 0.9034 | 0.9152 | 0.0377 | 0.9031 | 0.8849 | 0.8906
0136 | 13:01:36 |  28.8s | 1.0e-04 | 0.0339 | 0.9127 | 0.9050 | 0.9172 | 0.0368 | 0.9045 | 0.8800 | 0.8868
0137 | 13:02:22 |  28.5s | 1.0e-04 | 0.0344 | 0.9100 | 0.9021 | 0.9113 | 0.0370 | 0.8967 | 0.8896 | 0.8863
0138 | 13:03:08 |  30.5s | 1.0e-04 | 0.0339 | 0.9132 | 0.9055 | 0.9175 | 0.0372 | 0.8764 | 0.9140 | 0.8938
0139 | 13:03:56 |  31.1s | 1.0e-04 | 0.0338 | 0.9136 | 0.9054 | 0.9178 | 0.0357 | 0.9033 | 0.8925 | 0.8970
0140 | 13:04:43 |  31.9s | 1.0e-04 | 0.0341 | 0.9125 | 0.9055 | 0.9169 | 0.0372 | 0.9049 | 0.8770 | 0.8861
0141 | 13:05:35 |  39.0s | 1.0e-04 | 0.0343 | 0.9123 | 0.9059 | 0.9174 | 0.0371 | 0.8818 | 0.9081 | 0.8906
0142 | 13:06:32 |  31.0s | 1.0e-04 | 0.0348 | 0.9145 | 0.9082 | 0.9208 | 0.0352 | 0.9000 | 0.8923 | 0.8937
0143 | 13:07:24 |  32.0s | 1.0e-04 | 0.0351 | 0.9134 | 0.9083 | 0.9192 | 0.0354 | 0.9023 | 0.8930 | 0.8974
0144 | 13:08:15 |  31.7s | 1.0e-04 | 0.0347 | 0.9142 | 0.9078 | 0.9205 | 0.0357 | 0.9044 | 0.8925 | 0.8984
0145 | 13:09:07 |  31.5s | 1.0e-04 | 0.0349 | 0.9134 | 0.9075 | 0.9196 | 0.0349 | 0.8853 | 0.9113 | 0.8961
0146 | 13:09:58 |  30.3s | 1.0e-04 | 0.0347 | 0.9133 | 0.9091 | 0.9206 | 0.0353 | 0.9016 | 0.8943 | 0.8969
0147 | 13:10:47 |  29.1s | 1.0e-04 | 0.0347 | 0.9132 | 0.9069 | 0.9187 | 0.0359 | 0.8937 | 0.8881 | 0.8838
0148 | 13:11:33 |  28.2s | 1.0e-04 | 0.0343 | 0.9147 | 0.9101 | 0.9222 | 0.0356 | 0.9035 | 0.8833 | 0.8903
0149 | 13:12:18 |  45.4s | 1.0e-04 | 0.0340 | 0.9141 | 0.9070 | 0.9196 | 0.0356 | 0.8955 | 0.9076 | 0.9028
0150 | 13:13:21 |  29.1s | 1.0e-04 | 0.0342 | 0.9150 | 0.9099 | 0.9222 | 0.0358 | 0.9028 | 0.8910 | 0.8958
0151 | 13:14:10 |  28.7s | 1.0e-04 | 0.0337 | 0.9145 | 0.9103 | 0.9219 | 0.0358 | 0.9126 | 0.8721 | 0.8917
0152 | 13:14:57 |  29.2s | 1.0e-04 | 0.0342 | 0.9145 | 0.9111 | 0.9223 | 0.0345 | 0.9034 | 0.8919 | 0.8969
0153 | 13:15:43 |  30.0s | 1.0e-04 | 0.0339 | 0.9161 | 0.9096 | 0.9229 | 0.0360 | 0.9265 | 0.8616 | 0.8997
0154 | 13:16:30 |  30.8s | 1.0e-04 | 0.0338 | 0.9163 | 0.9109 | 0.9246 | 0.0354 | 0.8944 | 0.9088 | 0.9032
0155 | 13:17:19 |  31.8s | 1.0e-04 | 0.0337 | 0.9151 | 0.9105 | 0.9231 | 0.0357 | 0.9221 | 0.8714 | 0.9036
0156 | 13:18:09 |  31.8s | 1.0e-04 | 0.0336 | 0.9154 | 0.9110 | 0.9240 | 0.0350 | 0.9003 | 0.8952 | 0.8959
0157 | 13:19:01 |  43.7s | 1.0e-04 | 0.0332 | 0.9159 | 0.9107 | 0.9244 | 0.0352 | 0.8871 | 0.9094 | 0.8958
0158 | 13:20:05 |  31.7s | 1.0e-04 | 0.0329 | 0.9158 | 0.9110 | 0.9240 | 0.0356 | 0.9012 | 0.8871 | 0.8882
0159 | 13:20:57 |  31.5s | 1.0e-04 | 0.0329 | 0.9162 | 0.9106 | 0.9249 | 0.0348 | 0.9059 | 0.8914 | 0.8985
0160 | 13:21:48 |  31.3s | 1.0e-04 | 0.0330 | 0.9155 | 0.9091 | 0.9229 | 0.0356 | 0.9049 | 0.8844 | 0.8933
0161 | 13:22:38 |  31.0s | 1.0e-04 | 0.0332 | 0.9160 | 0.9104 | 0.9241 | 0.0347 | 0.8981 | 0.8997 | 0.8978
0162 | 13:23:27 |  30.7s | 1.0e-04 | 0.0327 | 0.9161 | 0.9117 | 0.9252 | 0.0353 | 0.9040 | 0.8885 | 0.8944
0163 | 13:24:17 |  29.2s | 1.0e-04 | 0.0323 | 0.9184 | 0.9131 | 0.9280 | 0.0353 | 0.9142 | 0.8743 | 0.8944
0164 | 13:25:05 |  26.9s | 1.0e-04 | 0.0328 | 0.9172 | 0.9114 | 0.9262 | 0.0351 | 0.8983 | 0.9075 | 0.9049
0165 | 13:25:51 |  39.4s | 1.0e-04 | 0.0331 | 0.9174 | 0.9140 | 0.9280 | 0.0341 | 0.8935 | 0.9016 | 0.8951
0166 | 13:26:46 |  27.3s | 1.0e-04 | 0.0352 | 0.9112 | 0.9074 | 0.9165 | 0.0352 | 0.9085 | 0.8854 | 0.8972
0167 | 13:27:30 |  28.0s | 1.0e-04 | 0.0389 | 0.9106 | 0.9025 | 0.9126 | 0.0365 | 0.8944 | 0.8887 | 0.8840
0168 | 13:28:14 |  29.9s | 1.0e-04 | 0.0359 | 0.9130 | 0.9066 | 0.9186 | 0.0361 | 0.8911 | 0.8939 | 0.8861
0169 | 13:29:02 |  31.4s | 1.0e-04 | 0.0345 | 0.9142 | 0.9108 | 0.9226 | 0.0344 | 0.9147 | 0.8792 | 0.8993
0170 | 13:29:50 |  31.7s | 1.0e-04 | 0.0341 | 0.9156 | 0.9120 | 0.9244 | 0.0357 | 0.9119 | 0.8678 | 0.8843
0171 | 13:30:40 |  29.1s | 1.0e-04 | 0.0354 | 0.9154 | 0.9113 | 0.9240 | 0.0346 | 0.8849 | 0.9147 | 0.8993
0172 | 13:31:27 |  40.1s | 1.0e-04 | 0.0338 | 0.9160 | 0.9134 | 0.9262 | 0.0358 | 0.8924 | 0.9042 | 0.8967
0173 | 13:32:27 |  30.9s | 1.0e-04 | 0.0334 | 0.9173 | 0.9135 | 0.9273 | 0.0341 | 0.8984 | 0.8955 | 0.8937
0174 | 13:33:17 |  30.5s | 1.0e-04 | 0.0332 | 0.9187 | 0.9151 | 0.9297 | 0.0336 | 0.9004 | 0.8992 | 0.8999
0175 | 13:34:06 |  30.5s | 1.0e-04 | 0.0326 | 0.9193 | 0.9146 | 0.9300 | 0.0340 | 0.8932 | 0.9127 | 0.9051
0176 | 13:34:57 |  29.6s | 1.0e-04 | 0.0338 | 0.9172 | 0.9130 | 0.9266 | 0.0362 | 0.9146 | 0.8791 | 0.8972
0177 | 13:35:46 |  28.2s | 1.0e-04 | 0.0328 | 0.9184 | 0.9144 | 0.9293 | 0.0350 | 0.8904 | 0.9124 | 0.9022
0178 | 13:36:33 |  27.7s | 1.0e-04 | 0.0325 | 0.9193 | 0.9160 | 0.9307 | 0.0335 | 0.8955 | 0.9069 | 0.9016
0179 | 13:37:22 |  29.5s | 1.0e-04 | 0.0325 | 0.9200 | 0.9164 | 0.9316 | 0.0360 | 0.8738 | 0.9252 | 0.8982
0180 | 13:38:12 |  41.6s | 1.0e-04 | 0.0322 | 0.9183 | 0.9151 | 0.9296 | 0.0346 | 0.9025 | 0.8890 | 0.8934
0181 | 13:39:12 |  31.4s | 1.0e-04 | 0.0318 | 0.9188 | 0.9156 | 0.9302 | 0.0335 | 0.9078 | 0.8926 | 0.9011
0182 | 13:40:02 |  31.3s | 1.0e-04 | 0.0315 | 0.9200 | 0.9155 | 0.9308 | 0.0351 | 0.9092 | 0.8855 | 0.8963
0183 | 13:40:53 |  31.8s | 1.0e-04 | 0.0321 | 0.9178 | 0.9142 | 0.9283 | 0.0346 | 0.9177 | 0.8868 | 0.9069
0184 | 13:41:44 |  32.0s | 1.0e-04 | 0.0315 | 0.9202 | 0.9154 | 0.9314 | 0.0345 | 0.9040 | 0.8981 | 0.9023
0185 | 13:42:35 |  31.6s | 1.0e-04 | 0.0317 | 0.9188 | 0.9154 | 0.9305 | 0.0326 | 0.9082 | 0.9077 | 0.9135
0186 | 13:43:30 |  31.5s | 1.0e-04 | 0.0311 | 0.9207 | 0.9155 | 0.9321 | 0.0349 | 0.8941 | 0.9122 | 0.9063
0187 | 13:44:21 |  31.3s | 1.0e-04 | 0.0312 | 0.9190 | 0.9165 | 0.9312 | 0.0341 | 0.8965 | 0.9067 | 0.9031
0188 | 13:45:12 |  46.1s | 1.0e-04 | 0.0309 | 0.9194 | 0.9170 | 0.9321 | 0.0349 | 0.9021 | 0.9005 | 0.9027
0189 | 13:46:18 |  29.8s | 1.0e-04 | 0.0313 | 0.9204 | 0.9175 | 0.9329 | 0.0342 | 0.9082 | 0.8927 | 0.9015
0190 | 13:47:05 |  31.4s | 1.0e-04 | 0.0301 | 0.9210 | 0.9183 | 0.9348 | 0.0344 | 0.9000 | 0.8996 | 0.8998
0191 | 13:47:54 |  31.1s | 1.0e-04 | 0.0306 | 0.9208 | 0.9174 | 0.9333 | 0.0334 | 0.9137 | 0.8812 | 0.8986
0192 | 13:48:42 |  31.9s | 1.0e-04 | 0.0301 | 0.9211 | 0.9168 | 0.9338 | 0.0354 | 0.9114 | 0.8923 | 0.9056
0193 | 13:49:33 |  28.8s | 1.0e-04 | 0.0300 | 0.9228 | 0.9183 | 0.9363 | 0.0344 | 0.9074 | 0.8922 | 0.9012
0194 | 13:50:18 |  31.0s | 1.0e-04 | 0.0304 | 0.9218 | 0.9183 | 0.9350 | 0.0349 | 0.8967 | 0.9082 | 0.9034
0195 | 13:51:08 |  31.9s | 1.0e-04 | 0.0303 | 0.9225 | 0.9187 | 0.9358 | 0.0344 | 0.8999 | 0.9015 | 0.9013
0196 | 13:51:58 |  43.2s | 1.0e-04 | 0.0314 | 0.9199 | 0.9163 | 0.9321 | 0.0336 | 0.8952 | 0.8994 | 0.8946
0197 | 13:53:00 |  28.7s | 1.0e-04 | 0.0318 | 0.9209 | 0.9173 | 0.9333 | 0.0330 | 0.9124 | 0.8997 | 0.9123
0198 | 13:53:46 |  28.8s | 1.0e-04 | 0.0322 | 0.9199 | 0.9158 | 0.9314 | 0.0338 | 0.8875 | 0.9192 | 0.9077
0199 | 13:54:32 |  30.2s | 1.0e-04 | 0.0320 | 0.9196 | 0.9154 | 0.9309 | 0.0325 | 0.9149 | 0.8852 | 0.9025
0200 | 13:55:20 |  28.3s | 1.0e-04 | 0.0319 | 0.9197 | 0.9151 | 0.9305 | 0.0330 | 0.9078 | 0.8979 | 0.9061
0201 | 13:56:08 |  28.7s | 1.0e-04 | 0.0319 | 0.9191 | 0.9155 | 0.9307 | 0.0338 | 0.9024 | 0.9054 | 0.9074
0202 | 13:56:54 |  29.2s | 1.0e-04 | 0.0318 | 0.9193 | 0.9160 | 0.9306 | 0.0333 | 0.8929 | 0.9185 | 0.9103
0203 | 13:57:41 |  31.1s | 1.0e-04 | 0.0319 | 0.9203 | 0.9164 | 0.9323 | 0.0333 | 0.8945 | 0.9083 | 0.9009
0204 | 13:58:30 |  44.8s | 1.0e-04 | 0.0309 | 0.9209 | 0.9174 | 0.9341 | 0.0332 | 0.9074 | 0.8974 | 0.9051
0205 | 13:59:33 |  28.3s | 1.0e-04 | 0.0307 | 0.9206 | 0.9160 | 0.9324 | 0.0342 | 0.9083 | 0.9002 | 0.9084
0206 | 14:00:18 |  28.5s | 1.0e-04 | 0.0310 | 0.9205 | 0.9168 | 0.9324 | 0.0349 | 0.9167 | 0.8844 | 0.9040
0207 | 14:01:06 |  28.2s | 1.0e-04 | 0.0310 | 0.9205 | 0.9159 | 0.9324 | 0.0325 | 0.9188 | 0.8885 | 0.9092
0208 | 14:01:53 |  28.7s | 1.0e-04 | 0.0314 | 0.9200 | 0.9160 | 0.9318 | 0.0330 | 0.9014 | 0.9117 | 0.9124
0209 | 14:02:39 |  29.7s | 1.0e-04 | 0.0308 | 0.9218 | 0.9175 | 0.9340 | 0.0324 | 0.9101 | 0.9131 | 0.9203
0210 | 14:03:26 |  31.0s | 1.0e-04 | 0.0305 | 0.9211 | 0.9163 | 0.9326 | 0.0332 | 0.9045 | 0.8925 | 0.8987
0211 | 14:04:16 |  44.1s | 1.0e-04 | 0.0311 | 0.9209 | 0.9150 | 0.9324 | 0.0328 | 0.9026 | 0.9018 | 0.9044
0212 | 14:05:19 |  27.2s | 1.0e-04 | 0.0324 | 0.9228 | 0.9218 | 0.9382 | 0.0324 | 0.9184 | 0.8872 | 0.9090
0213 | 14:06:05 |  28.4s | 1.0e-04 | 0.0328 | 0.9219 | 0.9204 | 0.9365 | 0.0331 | 0.9012 | 0.9071 | 0.9076
0214 | 14:06:50 |  28.7s | 1.0e-04 | 0.0321 | 0.9237 | 0.9214 | 0.9382 | 0.0324 | 0.8988 | 0.9122 | 0.9107
0215 | 14:07:38 |  28.5s | 1.0e-04 | 0.0319 | 0.9235 | 0.9213 | 0.9379 | 0.0342 | 0.9177 | 0.8804 | 0.9027
0216 | 14:08:26 |  28.5s | 1.0e-04 | 0.0322 | 0.9225 | 0.9220 | 0.9381 | 0.0325 | 0.8979 | 0.9162 | 0.9117
0217 | 14:09:13 |  27.7s | 1.0e-04 | 0.0319 | 0.9233 | 0.9222 | 0.9380 | 0.0318 | 0.9162 | 0.8995 | 0.9159
0218 | 14:09:59 |  28.2s | 1.0e-04 | 0.0317 | 0.9231 | 0.9227 | 0.9385 | 0.0345 | 0.9115 | 0.8905 | 0.9022
0219 | 14:10:44 |  41.3s | 1.0e-04 | 0.0319 | 0.9230 | 0.9221 | 0.9384 | 0.0330 | 0.9098 | 0.8886 | 0.9012
0220 | 14:11:44 |  28.6s | 1.0e-04 | 0.0301 | 0.9217 | 0.9188 | 0.9357 | 0.0340 | 0.9187 | 0.8863 | 0.9086
0221 | 14:12:31 |  30.9s | 1.0e-04 | 0.0299 | 0.9234 | 0.9213 | 0.9386 | 0.0332 | 0.8997 | 0.9155 | 0.9133
0222 | 14:13:21 |  31.6s | 1.0e-04 | 0.0305 | 0.9220 | 0.9190 | 0.9354 | 0.0333 | 0.9101 | 0.9047 | 0.9143
0223 | 14:14:11 |  31.6s | 1.0e-04 | 0.0302 | 0.9233 | 0.9195 | 0.9366 | 0.0327 | 0.9130 | 0.9038 | 0.9165
0224 | 14:15:03 |  32.1s | 1.0e-04 | 0.0303 | 0.9235 | 0.9217 | 0.9378 | 0.0332 | 0.8936 | 0.9210 | 0.9125
0225 | 14:15:55 |  31.7s | 1.0e-04 | 0.0297 | 0.9230 | 0.9203 | 0.9377 | 0.0329 | 0.8916 | 0.9144 | 0.9040
0226 | 14:16:46 |  31.6s | 1.0e-04 | 0.0299 | 0.9236 | 0.9203 | 0.9379 | 0.0342 | 0.9078 | 0.8965 | 0.9049
0227 | 14:17:37 |  45.4s | 1.0e-04 | 0.0299 | 0.9243 | 0.9217 | 0.9393 | 0.0337 | 0.8893 | 0.9219 | 0.9113
0228 | 14:18:40 |  24.6s | 1.0e-04 | 0.0297 | 0.9240 | 0.9206 | 0.9381 | 0.0329 | 0.8893 | 0.9263 | 0.9179
0229 | 14:19:23 |  25.8s | 1.0e-04 | 0.0301 | 0.9224 | 0.9207 | 0.9374 | 0.0325 | 0.9027 | 0.9168 | 0.9184
0230 | 14:20:07 |  28.2s | 1.0e-04 | 0.0300 | 0.9229 | 0.9186 | 0.9371 | 0.0336 | 0.8975 | 0.9062 | 0.9030
0231 | 14:20:54 |  27.7s | 1.0e-04 | 0.0300 | 0.9228 | 0.9195 | 0.9377 | 0.0320 | 0.9142 | 0.9036 | 0.9171
0232 | 14:21:40 |  27.2s | 1.0e-04 | 0.0301 | 0.9222 | 0.9209 | 0.9369 | 0.0332 | 0.9128 | 0.8966 | 0.9104
0233 | 14:22:24 |  29.6s | 1.0e-04 | 0.0299 | 0.9225 | 0.9204 | 0.9371 | 0.0319 | 0.9126 | 0.9107 | 0.9216
0234 | 14:23:10 |  29.7s | 1.0e-04 | 0.0300 | 0.9229 | 0.9220 | 0.9380 | 0.0326 | 0.9048 | 0.9148 | 0.9178
0235 | 14:23:57 |  38.5s | 1.0e-04 | 0.0292 | 0.9221 | 0.9188 | 0.9356 | 0.0323 | 0.9143 | 0.8936 | 0.9100
0236 | 14:24:54 |  31.5s | 1.0e-04 | 0.0292 | 0.9218 | 0.9181 | 0.9353 | 0.0328 | 0.9124 | 0.8893 | 0.9029
0237 | 14:25:45 |  31.6s | 1.0e-04 | 0.0290 | 0.9213 | 0.9173 | 0.9341 | 0.0323 | 0.9064 | 0.9052 | 0.9104
0238 | 14:26:36 |  31.9s | 1.0e-04 | 0.0293 | 0.9213 | 0.9175 | 0.9342 | 0.0329 | 0.9227 | 0.8757 | 0.9044
0239 | 14:27:28 |  31.9s | 1.0e-04 | 0.0288 | 0.9237 | 0.9188 | 0.9364 | 0.0321 | 0.8979 | 0.9137 | 0.9098
0240 | 14:28:19 |  31.6s | 1.0e-04 | 0.0294 | 0.9217 | 0.9169 | 0.9343 | 0.0331 | 0.9045 | 0.9115 | 0.9148
0241 | 14:29:11 |  31.6s | 1.0e-04 | 0.0296 | 0.9224 | 0.9172 | 0.9355 | 0.0340 | 0.8898 | 0.9199 | 0.9105
0242 | 14:30:02 |  31.4s | 1.0e-04 | 0.0295 | 0.9220 | 0.9173 | 0.9345 | 0.0316 | 0.9013 | 0.9151 | 0.9158
0243 | 14:30:52 |  50.3s | 1.0e-04 | 0.0305 | 0.9240 | 0.9216 | 0.9395 | 0.0323 | 0.8946 | 0.9234 | 0.9178
0244 | 14:32:01 |  29.1s | 1.0e-04 | 0.0308 | 0.9238 | 0.9215 | 0.9393 | 0.0323 | 0.9296 | 0.8789 | 0.9152
0245 | 14:32:49 |  27.5s | 1.0e-04 | 0.0304 | 0.9250 | 0.9235 | 0.9411 | 0.0322 | 0.9043 | 0.9090 | 0.9115
0246 | 14:33:34 |  27.7s | 1.0e-04 | 0.0310 | 0.9237 | 0.9216 | 0.9384 | 0.0327 | 0.9167 | 0.8937 | 0.9118
0247 | 14:34:21 |  28.0s | 1.0e-04 | 0.0309 | 0.9230 | 0.9215 | 0.9385 | 0.0317 | 0.9003 | 0.9135 | 0.9130
0248 | 14:35:06 |  29.4s | 1.0e-04 | 0.0306 | 0.9235 | 0.9228 | 0.9399 | 0.0324 | 0.9166 | 0.8952 | 0.9135
0249 | 14:35:52 |  30.4s | 1.0e-04 | 0.0307 | 0.9241 | 0.9206 | 0.9388 | 0.0316 | 0.9145 | 0.9102 | 0.9222
0250 | 14:36:39 |  28.0s | 1.0e-04 | 0.0306 | 0.9247 | 0.9226 | 0.9399 | 0.0305 | 0.9122 | 0.9082 | 0.9195
0251 | 14:37:30 |  27.8s | 1.0e-04 | 0.0302 | 0.9222 | 0.9192 | 0.9358 | 0.0314 | 0.9002 | 0.9189 | 0.9166
0252 | 14:38:16 |  30.0s | 1.0e-04 | 0.0300 | 0.9236 | 0.9207 | 0.9384 | 0.0319 | 0.9046 | 0.9124 | 0.9158
0253 | 14:39:04 |  30.4s | 1.0e-04 | 0.0304 | 0.9229 | 0.9188 | 0.9375 | 0.0324 | 0.9229 | 0.8936 | 0.9180
0254 | 14:39:54 |  32.0s | 1.0e-04 | 0.0302 | 0.9225 | 0.9204 | 0.9372 | 0.0314 | 0.9043 | 0.9214 | 0.9228
0255 | 14:40:43 |  32.0s | 1.0e-04 | 0.0321 | 0.9211 | 0.9160 | 0.9331 | 0.0318 | 0.9103 | 0.9080 | 0.9176
0256 | 14:41:33 |  31.9s | 1.0e-04 | 0.0299 | 0.9232 | 0.9210 | 0.9383 | 0.0312 | 0.9034 | 0.9211 | 0.9213
0257 | 14:42:24 |  32.0s | 1.0e-04 | 0.0302 | 0.9227 | 0.9205 | 0.9374 | 0.0306 | 0.9146 | 0.9091 | 0.9226
0258 | 14:43:16 |  40.8s | 1.0e-04 | 0.0301 | 0.9241 | 0.9208 | 0.9385 | 0.0309 | 0.8993 | 0.9215 | 0.9201
0259 | 14:44:16 |  30.6s | 1.0e-04 | 0.0300 | 0.9265 | 0.9227 | 0.9426 | 0.0324 | 0.8983 | 0.9128 | 0.9084
0260 | 14:45:05 |  29.0s | 1.0e-04 | 0.0299 | 0.9260 | 0.9247 | 0.9432 | 0.0322 | 0.9173 | 0.8961 | 0.9144
0261 | 14:45:54 |  27.1s | 1.0e-04 | 0.0305 | 0.9243 | 0.9227 | 0.9392 | 0.0336 | 0.9045 | 0.9169 | 0.9199
0262 | 14:46:39 |  28.9s | 1.0e-04 | 0.0304 | 0.9247 | 0.9228 | 0.9406 | 0.0319 | 0.8911 | 0.9277 | 0.9174
0263 | 14:47:27 |  29.0s | 1.0e-04 | 0.0301 | 0.9247 | 0.9243 | 0.9414 | 0.0318 | 0.9221 | 0.8903 | 0.9153
0264 | 14:48:14 |  30.9s | 1.0e-04 | 0.0298 | 0.9274 | 0.9250 | 0.9440 | 0.0322 | 0.8945 | 0.9230 | 0.9156
0265 | 14:49:03 |  28.3s | 1.0e-04 | 0.0301 | 0.9257 | 0.9241 | 0.9424 | 0.0320 | 0.9212 | 0.8989 | 0.9203
0266 | 14:49:50 |  41.5s | 1.0e-04 | 0.0296 | 0.9265 | 0.9249 | 0.9433 | 0.0315 | 0.9053 | 0.9115 | 0.9149
0267 | 14:50:53 |  33.6s | 1.0e-04 | 0.0289 | 0.9249 | 0.9242 | 0.9417 | 0.0309 | 0.9039 | 0.9109 | 0.9137
0268 | 14:51:48 |  33.2s | 1.0e-04 | 0.0294 | 0.9245 | 0.9228 | 0.9401 | 0.0312 | 0.9035 | 0.9209 | 0.9218
0269 | 14:52:42 |  32.9s | 1.0e-04 | 0.0288 | 0.9259 | 0.9239 | 0.9426 | 0.0317 | 0.9094 | 0.9050 | 0.9141
0270 | 14:53:36 |  32.6s | 1.0e-04 | 0.0291 | 0.9264 | 0.9240 | 0.9429 | 0.0316 | 0.9096 | 0.9168 | 0.9237
0271 | 14:54:30 |  31.6s | 1.0e-04 | 0.0292 | 0.9247 | 0.9226 | 0.9407 | 0.0315 | 0.9198 | 0.8905 | 0.9135
0272 | 14:55:22 |  28.6s | 1.0e-04 | 0.0290 | 0.9266 | 0.9239 | 0.9429 | 0.0311 | 0.9110 | 0.9108 | 0.9190
0273 | 14:56:10 |  32.7s | 1.0e-04 | 0.0293 | 0.9239 | 0.9234 | 0.9401 | 0.0310 | 0.9091 | 0.9178 | 0.9251
0274 | 14:57:03 |  43.5s | 1.0e-04 | 0.0289 | 0.9267 | 0.9261 | 0.9446 | 0.0313 | 0.9081 | 0.9223 | 0.9262
0275 | 14:58:07 |  28.5s | 1.0e-04 | 0.0293 | 0.9263 | 0.9247 | 0.9432 | 0.0313 | 0.9314 | 0.8845 | 0.9214
0276 | 14:58:56 |  28.2s | 1.0e-04 | 0.0294 | 0.9262 | 0.9247 | 0.9439 | 0.0309 | 0.9109 | 0.9131 | 0.9216
0277 | 14:59:42 |  29.8s | 1.0e-04 | 0.0293 | 0.9250 | 0.9236 | 0.9418 | 0.0331 | 0.9330 | 0.8745 | 0.9159
0278 | 15:00:31 |  31.3s | 1.0e-04 | 0.0292 | 0.9276 | 0.9254 | 0.9447 | 0.0312 | 0.9113 | 0.9058 | 0.9156
0279 | 15:01:20 |  31.6s | 1.0e-04 | 0.0294 | 0.9260 | 0.9240 | 0.9422 | 0.0317 | 0.9162 | 0.9005 | 0.9166
0280 | 15:02:13 |  28.6s | 1.0e-04 | 0.0290 | 0.9268 | 0.9244 | 0.9434 | 0.0315 | 0.9070 | 0.9168 | 0.9202
0281 | 15:03:00 |  30.2s | 1.0e-04 | 0.0292 | 0.9260 | 0.9243 | 0.9425 | 0.0309 | 0.9016 | 0.9236 | 0.9228
0282 | 15:03:50 |  42.5s | 1.0e-04 | 0.0297 | 0.9252 | 0.9251 | 0.9426 | 0.0306 | 0.9165 | 0.9016 | 0.9179
0283 | 15:04:52 |  28.8s | 1.0e-04 | 0.0297 | 0.9270 | 0.9258 | 0.9442 | 0.0313 | 0.9277 | 0.8925 | 0.9228
0284 | 15:05:41 |  27.7s | 1.0e-04 | 0.0301 | 0.9257 | 0.9247 | 0.9418 | 0.0311 | 0.9029 | 0.9174 | 0.9177
0285 | 15:06:29 |  29.4s | 1.0e-04 | 0.0299 | 0.9263 | 0.9251 | 0.9441 | 0.0307 | 0.9074 | 0.9141 | 0.9189
0286 | 15:07:16 |  29.4s | 1.0e-04 | 0.0299 | 0.9264 | 0.9243 | 0.9429 | 0.0322 | 0.8895 | 0.9288 | 0.9188
0287 | 15:08:06 |  27.7s | 1.0e-04 | 0.0295 | 0.9273 | 0.9262 | 0.9445 | 0.0306 | 0.9116 | 0.9076 | 0.9184
0288 | 15:08:55 |  28.8s | 1.0e-04 | 0.0297 | 0.9267 | 0.9253 | 0.9440 | 0.0310 | 0.9224 | 0.8983 | 0.9210
0289 | 15:09:43 |  30.3s | 1.0e-04 | 0.0297 | 0.9265 | 0.9258 | 0.9428 | 0.0310 | 0.9082 | 0.9113 | 0.9174
0290 | 15:10:31 |  44.9s | 1.0e-04 | 0.0285 | 0.9263 | 0.9248 | 0.9429 | 0.0309 | 0.9221 | 0.8990 | 0.9213
0291 | 15:11:37 |  29.0s | 1.0e-04 | 0.0282 | 0.9271 | 0.9232 | 0.9431 | 0.0322 | 0.8866 | 0.9320 | 0.9188
0292 | 15:12:26 |  27.8s | 1.0e-04 | 0.0285 | 0.9272 | 0.9241 | 0.9438 | 0.0307 | 0.9196 | 0.9000 | 0.9196
0293 | 15:13:13 |  27.4s | 1.0e-04 | 0.0287 | 0.9252 | 0.9237 | 0.9408 | 0.0308 | 0.9252 | 0.8991 | 0.9247
0294 | 15:13:58 |  30.4s | 1.0e-04 | 0.0286 | 0.9267 | 0.9236 | 0.9424 | 0.0302 | 0.9195 | 0.9048 | 0.9227
0295 | 15:14:49 |  30.7s | 1.0e-04 | 0.0284 | 0.9265 | 0.9240 | 0.9428 | 0.0305 | 0.9175 | 0.9033 | 0.9190
0296 | 15:15:40 |  30.2s | 1.0e-04 | 0.0282 | 0.9264 | 0.9234 | 0.9425 | 0.0305 | 0.9129 | 0.9084 | 0.9190
0297 | 15:16:32 |  43.2s | 1.0e-04 | 0.0280 | 0.9276 | 0.9252 | 0.9451 | 0.0309 | 0.9061 | 0.9219 | 0.9271
0298 | 15:17:33 |  30.6s | 1.0e-04 | 0.0285 | 0.9292 | 0.9285 | 0.9485 | 0.0317 | 0.9075 | 0.9180 | 0.9237
0299 | 15:18:24 |  31.0s | 1.0e-04 | 0.0284 | 0.9291 | 0.9286 | 0.9482 | 0.0328 | 0.9202 | 0.8854 | 0.9099
0300 | 15:19:14 |  34.1s | 1.0e-04 | 0.0284 | 0.9285 | 0.9279 | 0.9474 | 0.0321 | 0.8867 | 0.9294 | 0.9201
0301 | 15:20:11 |  33.5s | 1.0e-04 | 0.0283 | 0.9295 | 0.9294 | 0.9487 | 0.0321 | 0.9247 | 0.8898 | 0.9170
0303 | 15:22:01 |  39.1s | 1.0e-04 | 0.0285 | 0.9295 | 0.9281 | 0.9479 | 0.0305 | 0.9127 | 0.9115 | 0.9230
0325 | 15:40:57 |  31.5s | 1.0e-04 | 0.0279 | 0.9274 | 0.9240 | 0.9443 | 0.0297 | 0.9129 | 0.9102 | 0.9207
0326 | 15:41:48 |  31.4s | 1.0e-04 | 0.0278 | 0.9274 | 0.9248 | 0.9443 | 0.0308 | 0.9125 | 0.9203 | 0.9299
0327 | 15:42:40 |  38.6s | 1.0e-04 | 0.0274 | 0.9283 | 0.9251 | 0.9455 | 0.0298 | 0.9181 | 0.9146 | 0.9297
0328 | 15:43:38 |  27.3s | 1.0e-04 | 0.0279 | 0.9276 | 0.9260 | 0.9445 | 0.0300 | 0.9132 | 0.9203 | 0.9289
0329 | 15:44:24 |  38.6s | 1.0e-04 | 0.0281 | 0.9280 | 0.9249 | 0.9441 | 0.0310 | 0.8988 | 0.9286 | 0.9230
0330 | 15:45:21 |  31.0s | 1.0e-04 | 0.0285 | 0.9258 | 0.9253 | 0.9426 | 0.0304 | 0.9204 | 0.9057 | 0.9247
0331 | 15:46:09 |  31.4s | 1.0e-04 | 0.0286 | 0.9267 | 0.9261 | 0.9448 | 0.0315 | 0.9166 | 0.8961 | 0.9138
0332 | 15:46:58 |  31.6s | 1.0e-04 | 0.0278 | 0.9287 | 0.9264 | 0.9461 | 0.0303 | 0.9134 | 0.9103 | 0.9217
0333 | 15:47:48 |  31.8s | 1.0e-04 | 0.0283 | 0.9276 | 0.9255 | 0.9450 | 0.0305 | 0.9160 | 0.9182 | 0.9294
0334 | 15:48:39 |  31.7s | 1.0e-04 | 0.0282 | 0.9282 | 0.9258 | 0.9457 | 0.0300 | 0.9232 | 0.9086 | 0.9297
0335 | 15:49:30 |  34.7s | 1.0e-04 | 0.0279 | 0.9292 | 0.9273 | 0.9478 | 0.0302 | 0.9168 | 0.9105 | 0.9253
0336 | 15:50:23 |  37.6s | 1.0e-04 | 0.0274 | 0.9300 | 0.9273 | 0.9486 | 0.0293 | 0.9244 | 0.9017 | 0.9253
0337 | 15:51:19 |  25.8s | 1.0e-04 | 0.0265 | 0.9318 | 0.9317 | 0.9515 | 0.0310 | 0.9070 | 0.9150 | 0.9190
0338 | 15:52:04 |  27.7s | 1.0e-04 | 0.0263 | 0.9330 | 0.9325 | 0.9539 | 0.0304 | 0.9178 | 0.9097 | 0.9259
0339 | 15:52:49 |  29.6s | 1.0e-04 | 0.0267 | 0.9320 | 0.9315 | 0.9522 | 0.0318 | 0.8871 | 0.9362 | 0.9254
0340 | 15:53:37 |  30.5s | 1.0e-04 | 0.0265 | 0.9320 | 0.9326 | 0.9530 | 0.0307 | 0.9129 | 0.9156 | 0.9243
0341 | 15:54:27 |  31.4s | 1.0e-04 | 0.0264 | 0.9307 | 0.9324 | 0.9518 | 0.0310 | 0.9096 | 0.9049 | 0.9136
0342 | 15:55:18 |  31.8s | 1.0e-04 | 0.0261 | 0.9328 | 0.9327 | 0.9530 | 0.0295 | 0.8993 | 0.9276 | 0.9231
0343 | 15:56:10 |  34.5s | 1.0e-04 | 0.0271 | 0.9305 | 0.9310 | 0.9511 | 0.0315 | 0.9219 | 0.8979 | 0.9207
0344 | 15:57:05 |  44.9s | 1.0e-04 | 0.0269 | 0.9318 | 0.9310 | 0.9522 | 0.0303 | 0.9174 | 0.9117 | 0.9265
0345 | 15:58:09 |  27.1s | 1.0e-04 | 0.0272 | 0.9317 | 0.9313 | 0.9520 | 0.0306 | 0.9224 | 0.9072 | 0.9282
0346 | 15:58:54 |  29.0s | 1.0e-04 | 0.0272 | 0.9310 | 0.9310 | 0.9512 | 0.0304 | 0.9242 | 0.9073 | 0.9289
0347 | 15:59:41 |  30.1s | 1.0e-04 | 0.0266 | 0.9334 | 0.9317 | 0.9535 | 0.0308 | 0.9019 | 0.9247 | 0.9239
0348 | 16:00:29 |  30.9s | 1.0e-04 | 0.0268 | 0.9309 | 0.9309 | 0.9514 | 0.0300 | 0.9257 | 0.8974 | 0.9237
0349 | 16:01:19 |  31.8s | 1.0e-04 | 0.0269 | 0.9326 | 0.9326 | 0.9530 | 0.0308 | 0.9280 | 0.8950 | 0.9245
0350 | 16:02:09 |  29.8s | 1.0e-04 | 0.0271 | 0.9305 | 0.9304 | 0.9505 | 0.0308 | 0.8965 | 0.9343 | 0.9266
0351 | 16:02:57 |  29.8s | 1.0e-04 | 0.0266 | 0.9325 | 0.9307 | 0.9519 | 0.0299 | 0.9029 | 0.9234 | 0.9246
0352 | 16:03:46 |  40.5s | 1.0e-04 | 0.0270 | 0.9318 | 0.9301 | 0.9510 | 0.0297 | 0.9076 | 0.9214 | 0.9257
0353 | 16:04:45 |  27.0s | 1.0e-04 | 0.0273 | 0.9305 | 0.9300 | 0.9505 | 0.0301 | 0.9201 | 0.9046 | 0.9238
0354 | 16:05:31 |  25.8s | 1.0e-04 | 0.0276 | 0.9313 | 0.9294 | 0.9508 | 0.0305 | 0.9243 | 0.8954 | 0.9213
0355 | 16:06:15 |  28.3s | 1.0e-04 | 0.0275 | 0.9304 | 0.9296 | 0.9500 | 0.0295 | 0.9175 | 0.9076 | 0.9239
0356 | 16:07:02 |  29.8s | 1.0e-04 | 0.0275 | 0.9307 | 0.9295 | 0.9497 | 0.0305 | 0.9045 | 0.9211 | 0.9245
0357 | 16:07:50 |  29.5s | 1.0e-04 | 0.0272 | 0.9310 | 0.9308 | 0.9512 | 0.0323 | 0.8858 | 0.9285 | 0.9164
0358 | 16:08:38 |  35.5s | 1.0e-04 | 0.0272 | 0.9314 | 0.9304 | 0.9503 | 0.0290 | 0.9163 | 0.9157 | 0.9283
0359 | 16:09:33 |  31.9s | 1.0e-04 | 0.0274 | 0.9307 | 0.9307 | 0.9508 | 0.0299 | 0.9146 | 0.9107 | 0.9232
0360 | 16:10:24 |  39.8s | 1.0e-04 | 0.0268 | 0.9312 | 0.9295 | 0.9508 | 0.0310 | 0.9127 | 0.9099 | 0.9215
0361 | 16:11:23 |  28.1s | 1.0e-04 | 0.0259 | 0.9332 | 0.9314 | 0.9535 | 0.0297 | 0.9082 | 0.9183 | 0.9227
0362 | 16:12:08 |  29.0s | 1.0e-04 | 0.0260 | 0.9310 | 0.9295 | 0.9512 | 0.0304 | 0.9037 | 0.9293 | 0.9299
0363 | 16:12:55 |  30.3s | 1.0e-04 | 0.0259 | 0.9318 | 0.9308 | 0.9510 | 0.0302 | 0.9146 | 0.9081 | 0.9212
0364 | 16:13:44 |  26.8s | 1.0e-04 | 0.0262 | 0.9314 | 0.9301 | 0.9513 | 0.0304 | 0.9203 | 0.9035 | 0.9225
0365 | 16:14:29 |  28.3s | 1.0e-04 | 0.0258 | 0.9328 | 0.9318 | 0.9536 | 0.0314 | 0.9170 | 0.9017 | 0.9185
0366 | 16:15:14 |  36.6s | 1.0e-04 | 0.0263 | 0.9320 | 0.9312 | 0.9525 | 0.0299 | 0.9153 | 0.9158 | 0.9283
0367 | 16:16:11 |  31.4s | 1.0e-04 | 0.0267 | 0.9335 | 0.9336 | 0.9540 | 0.0293 | 0.9235 | 0.9008 | 0.9242
0368 | 16:17:02 |  40.0s | 1.0e-04 | 0.0280 | 0.9310 | 0.9312 | 0.9512 | 0.0308 | 0.8977 | 0.9352 | 0.9284
0369 | 16:18:01 |  27.8s | 1.0e-04 | 0.0282 | 0.9306 | 0.9294 | 0.9495 | 0.0297 | 0.9038 | 0.9241 | 0.9239
0370 | 16:18:47 |  29.3s | 1.0e-04 | 0.0284 | 0.9310 | 0.9300 | 0.9506 | 0.0289 | 0.9201 | 0.9087 | 0.9272
0371 | 16:19:35 |  27.6s | 1.0e-04 | 0.0274 | 0.9320 | 0.9313 | 0.9511 | 0.0296 | 0.9216 | 0.9051 | 0.9258
0372 | 16:20:20 |  28.5s | 1.0e-04 | 0.0280 | 0.9311 | 0.9320 | 0.9517 | 0.0301 | 0.9177 | 0.9087 | 0.9244
0373 | 16:21:06 |  29.5s | 1.0e-04 | 0.0276 | 0.9327 | 0.9321 | 0.9531 | 0.0299 | 0.9276 | 0.9098 | 0.9343
0374 | 16:21:54 |  36.4s | 1.0e-04 | 0.0273 | 0.9317 | 0.9307 | 0.9507 | 0.0291 | 0.9208 | 0.9160 | 0.9321
0375 | 16:22:49 |  29.9s | 1.0e-04 | 0.0270 | 0.9323 | 0.9308 | 0.9527 | 0.0292 | 0.9193 | 0.9090 | 0.9267
0376 | 16:23:40 |  26.9s | 1.0e-04 | 0.0272 | 0.9310 | 0.9295 | 0.9498 | 0.0286 | 0.9151 | 0.9185 | 0.9298
0377 | 16:24:25 |  27.5s | 1.0e-04 | 0.0270 | 0.9306 | 0.9301 | 0.9504 | 0.0303 | 0.9077 | 0.9337 | 0.9362
0378 | 16:25:11 |  26.1s | 1.0e-04 | 0.0270 | 0.9315 | 0.9307 | 0.9513 | 0.0289 | 0.9249 | 0.9152 | 0.9362
0379 | 16:25:55 |  31.0s | 1.0e-04 | 0.0269 | 0.9319 | 0.9295 | 0.9511 | 0.0298 | 0.9089 | 0.9123 | 0.9185
0380 | 16:26:46 |  30.6s | 1.0e-04 | 0.0268 | 0.9306 | 0.9290 | 0.9494 | 0.0305 | 0.9324 | 0.8930 | 0.9275
0381 | 16:27:35 |  29.7s | 1.0e-04 | 0.0278 | 0.9302 | 0.9291 | 0.9497 | 0.0311 | 0.9035 | 0.9239 | 0.9250
0382 | 16:28:24 |  35.1s | 1.0e-04 | 0.0279 | 0.9296 | 0.9291 | 0.9489 | 0.0289 | 0.9058 | 0.9236 | 0.9273
0383 | 16:29:18 |  38.6s | 1.0e-04 | 0.0278 | 0.9295 | 0.9290 | 0.9483 | 0.0291 | 0.9074 | 0.9245 | 0.9304
0384 | 16:30:16 |  30.4s | 1.0e-04 | 0.0273 | 0.9305 | 0.9289 | 0.9495 | 0.0301 | 0.8953 | 0.9306 | 0.9236
0385 | 16:31:06 |  28.2s | 1.0e-04 | 0.0269 | 0.9306 | 0.9299 | 0.9495 | 0.0284 | 0.9112 | 0.9189 | 0.9266
0386 | 16:31:52 |  30.2s | 1.0e-04 | 0.0268 | 0.9321 | 0.9299 | 0.9512 | 0.0292 | 0.9054 | 0.9238 | 0.9263
0387 | 16:32:42 |  31.3s | 1.0e-04 | 0.0274 | 0.9299 | 0.9283 | 0.9482 | 0.0300 | 0.9075 | 0.9262 | 0.9294
0388 | 16:33:31 |  31.0s | 1.0e-04 | 0.0273 | 0.9293 | 0.9282 | 0.9485 | 0.0299 | 0.9145 | 0.9151 | 0.9267
0389 | 16:34:22 |  30.5s | 1.0e-04 | 0.0271 | 0.9312 | 0.9292 | 0.9505 | 0.0288 | 0.9150 | 0.9192 | 0.9304
0390 | 16:35:11 |  34.1s | 1.0e-04 | 0.0264 | 0.9298 | 0.9270 | 0.9476 | 0.0295 | 0.9207 | 0.9094 | 0.9277
0391 | 16:36:05 |  39.4s | 1.0e-04 | 0.0260 | 0.9306 | 0.9273 | 0.9495 | 0.0296 | 0.9235 | 0.9144 | 0.9336
0392 | 16:37:02 |  29.1s | 1.0e-04 | 0.0261 | 0.9317 | 0.9301 | 0.9512 | 0.0311 | 0.9101 | 0.9144 | 0.9221
0393 | 16:37:48 |  28.2s | 1.0e-04 | 0.0255 | 0.9325 | 0.9316 | 0.9519 | 0.0296 | 0.9197 | 0.9131 | 0.9295
0394 | 16:38:33 |  29.6s | 1.0e-04 | 0.0260 | 0.9322 | 0.9293 | 0.9511 | 0.0301 | 0.8931 | 0.9323 | 0.9246
0395 | 16:39:20 |  30.7s | 1.0e-04 | 0.0258 | 0.9327 | 0.9321 | 0.9526 | 0.0300 | 0.9164 | 0.9067 | 0.9219
0396 | 16:40:09 |  31.1s | 1.0e-04 | 0.0260 | 0.9324 | 0.9308 | 0.9522 | 0.0305 | 0.9373 | 0.8858 | 0.9286
0397 | 16:40:59 |  37.8s | 1.0e-04 | 0.0256 | 0.9328 | 0.9330 | 0.9537 | 0.0298 | 0.9072 | 0.9186 | 0.9233
0398 | 16:41:56 |  28.3s | 1.0e-04 | 0.0260 | 0.9322 | 0.9332 | 0.9525 | 0.0300 | 0.9258 | 0.9017 | 0.9273
0399 | 16:42:43 |  41.3s | 1.0e-04 | 0.0260 | 0.9328 | 0.9324 | 0.9536 | 0.0295 | 0.9332 | 0.8975 | 0.9310
0400 | 16:43:43 |  28.0s | 1.0e-04 | 0.0270 | 0.9335 | 0.9322 | 0.9537 | 0.0299 | 0.9202 | 0.9088 | 0.9267
0401 | 16:44:30 |  27.7s | 1.0e-04 | 0.0268 | 0.9327 | 0.9324 | 0.9534 | 0.0298 | 0.9224 | 0.9078 | 0.9290
0402 | 16:45:15 |  30.0s | 1.0e-04 | 0.0270 | 0.9327 | 0.9324 | 0.9535 | 0.0288 | 0.9096 | 0.9242 | 0.9297
0403 | 16:46:02 |  30.6s | 1.0e-04 | 0.0273 | 0.9323 | 0.9324 | 0.9523 | 0.0290 | 0.9180 | 0.9132 | 0.9284
0404 | 16:46:51 |  31.3s | 1.0e-04 | 0.0270 | 0.9326 | 0.9323 | 0.9528 | 0.0287 | 0.9223 | 0.9233 | 0.9393
0405 | 16:47:41 |  36.3s | 1.0e-04 | 0.0267 | 0.9332 | 0.9340 | 0.9543 | 0.0295 | 0.9260 | 0.9118 | 0.9341
0406 | 16:48:36 |  28.7s | 1.0e-04 | 0.0270 | 0.9334 | 0.9344 | 0.9538 | 0.0294 | 0.9119 | 0.9252 | 0.9304
0407 | 16:49:21 |  38.5s | 1.0e-04 | 0.0271 | 0.9311 | 0.9305 | 0.9504 | 0.0294 | 0.9408 | 0.8840 | 0.9316
0408 | 16:50:18 |  27.8s | 1.0e-04 | 0.0266 | 0.9329 | 0.9319 | 0.9521 | 0.0291 | 0.9128 | 0.9244 | 0.9311
0409 | 16:51:04 |  28.6s | 1.0e-04 | 0.0266 | 0.9322 | 0.9299 | 0.9515 | 0.0292 | 0.9069 | 0.9287 | 0.9328
0410 | 16:51:50 |  29.9s | 1.0e-04 | 0.0264 | 0.9322 | 0.9311 | 0.9522 | 0.0283 | 0.9232 | 0.9091 | 0.9304
0411 | 16:52:38 |  31.4s | 1.0e-04 | 0.0271 | 0.9315 | 0.9296 | 0.9507 | 0.0293 | 0.8989 | 0.9320 | 0.9291
0412 | 16:53:28 |  31.6s | 1.0e-04 | 0.0267 | 0.9317 | 0.9311 | 0.9517 | 0.0288 | 0.9110 | 0.9267 | 0.9326
0413 | 16:54:18 |  36.9s | 1.0e-04 | 0.0265 | 0.9312 | 0.9302 | 0.9511 | 0.0302 | 0.9058 | 0.9273 | 0.9304
0414 | 16:55:14 |  27.8s | 1.0e-04 | 0.0268 | 0.9327 | 0.9314 | 0.9527 | 0.0292 | 0.9158 | 0.9188 | 0.9302
0415 | 16:56:01 |  43.4s | 1.0e-04 | 0.0269 | 0.9341 | 0.9354 | 0.9567 | 0.0296 | 0.9191 | 0.9124 | 0.9288
0416 | 16:57:03 |  31.4s | 1.0e-04 | 0.0271 | 0.9340 | 0.9348 | 0.9557 | 0.0289 | 0.9025 | 0.9295 | 0.9310
0417 | 16:57:54 |  31.4s | 1.0e-04 | 0.0265 | 0.9346 | 0.9360 | 0.9563 | 0.0276 | 0.9232 | 0.9186 | 0.9364
0418 | 16:58:45 |  31.6s | 1.0e-04 | 0.0274 | 0.9330 | 0.9338 | 0.9545 | 0.0293 | 0.9274 | 0.9016 | 0.9287
0419 | 16:59:36 |  31.2s | 1.0e-04 | 0.0269 | 0.9346 | 0.9357 | 0.9561 | 0.0281 | 0.9133 | 0.9265 | 0.9329
0420 | 17:00:27 |  30.1s | 1.0e-04 | 0.0267 | 0.9342 | 0.9361 | 0.9563 | 0.0289 | 0.9161 | 0.9214 | 0.9319
0421 | 17:01:14 |  37.7s | 1.0e-04 | 0.0271 | 0.9329 | 0.9329 | 0.9542 | 0.0301 | 0.8982 | 0.9393 | 0.9338
0422 | 17:02:12 |  44.6s | 1.0e-04 | 0.0271 | 0.9329 | 0.9313 | 0.9534 | 0.0298 | 0.9164 | 0.9195 | 0.9315
0423 | 17:03:15 |  30.3s | 1.0e-04 | 0.0268 | 0.9290 | 0.9274 | 0.9480 | 0.0292 | 0.9183 | 0.9214 | 0.9338
0424 | 17:04:04 |  30.9s | 1.0e-04 | 0.0267 | 0.9286 | 0.9278 | 0.9468 | 0.0294 | 0.9094 | 0.9250 | 0.9313
0425 | 17:04:53 |  31.2s | 1.0e-04 | 0.0270 | 0.9299 | 0.9287 | 0.9487 | 0.0272 | 0.9192 | 0.9234 | 0.9370
0426 | 17:05:42 |  31.5s | 1.0e-04 | 0.0267 | 0.9311 | 0.9284 | 0.9497 | 0.0287 | 0.9087 | 0.9332 | 0.9379
0427 | 17:06:34 |  28.2s | 1.0e-04 | 0.0268 | 0.9302 | 0.9286 | 0.9493 | 0.0285 | 0.9158 | 0.9256 | 0.9359
0428 | 17:07:20 |  28.9s | 1.0e-04 | 0.0267 | 0.9300 | 0.9277 | 0.9490 | 0.0294 | 0.9089 | 0.9306 | 0.9347
0429 | 17:08:07 |  37.0s | 1.0e-04 | 0.0268 | 0.9310 | 0.9300 | 0.9505 | 0.0285 | 0.9218 | 0.9098 | 0.9289
0430 | 17:09:04 |  41.2s | 1.0e-04 | 0.0263 | 0.9326 | 0.9313 | 0.9515 | 0.0292 | 0.9065 | 0.9277 | 0.9280
0431 | 17:10:03 |  26.7s | 1.0e-04 | 0.0253 | 0.9352 | 0.9344 | 0.9562 | 0.0303 | 0.8991 | 0.9336 | 0.9291
0432 | 17:10:48 |  25.8s | 1.0e-04 | 0.0255 | 0.9347 | 0.9347 | 0.9551 | 0.0287 | 0.9229 | 0.9058 | 0.9277
0433 | 17:11:33 |  28.3s | 1.0e-04 | 0.0256 | 0.9343 | 0.9333 | 0.9550 | 0.0287 | 0.9196 | 0.9223 | 0.9356
0434 | 17:12:19 |  28.9s | 1.0e-04 | 0.0255 | 0.9347 | 0.9343 | 0.9560 | 0.0300 | 0.9224 | 0.9098 | 0.9286
0435 | 17:13:07 |  28.0s | 1.0e-04 | 0.0253 | 0.9345 | 0.9338 | 0.9551 | 0.0281 | 0.9087 | 0.9324 | 0.9359
0436 | 17:13:53 |  34.9s | 1.0e-04 | 0.0250 | 0.9357 | 0.9357 | 0.9574 | 0.0277 | 0.9317 | 0.9111 | 0.9397
0437 | 17:14:46 |  30.8s | 1.0e-04 | 0.0247 | 0.9344 | 0.9324 | 0.9548 | 0.0278 | 0.9084 | 0.9299 | 0.9341
0438 | 17:15:36 |  44.2s | 1.0e-04 | 0.0259 | 0.9323 | 0.9306 | 0.9517 | 0.0291 | 0.9068 | 0.9366 | 0.9359
0439 | 17:16:39 |  26.6s | 1.0e-04 | 0.0269 | 0.9300 | 0.9282 | 0.9487 | 0.0287 | 0.9098 | 0.9232 | 0.9288
0440 | 17:17:23 |  27.2s | 1.0e-04 | 0.0268 | 0.9317 | 0.9290 | 0.9501 | 0.0281 | 0.9087 | 0.9287 | 0.9339
0441 | 17:18:08 |  27.0s | 1.0e-04 | 0.0264 | 0.9323 | 0.9286 | 0.9506 | 0.0288 | 0.9341 | 0.9081 | 0.9390
0442 | 17:18:53 |  27.4s | 1.0e-04 | 0.0267 | 0.9312 | 0.9304 | 0.9513 | 0.0283 | 0.9129 | 0.9322 | 0.9363
0443 | 17:19:40 |  28.4s | 1.0e-04 | 0.0272 | 0.9311 | 0.9291 | 0.9498 | 0.0293 | 0.9196 | 0.9186 | 0.9329
0444 | 17:20:27 |  35.8s | 1.0e-04 | 0.0267 | 0.9314 | 0.9299 | 0.9510 | 0.0285 | 0.9086 | 0.9347 | 0.9369
0445 | 17:21:21 |  31.5s | 1.0e-04 | 0.0264 | 0.9322 | 0.9316 | 0.9524 | 0.0288 | 0.9233 | 0.9127 | 0.9326
0446 | 17:22:12 |  36.5s | 1.0e-04 | 0.0263 | 0.9321 | 0.9319 | 0.9521 | 0.0275 | 0.9173 | 0.9256 | 0.9361
0447 | 17:23:07 |  27.7s | 1.0e-04 | 0.0256 | 0.9346 | 0.9335 | 0.9559 | 0.0280 | 0.9254 | 0.9142 | 0.9354
0448 | 17:23:53 |  25.6s | 1.0e-04 | 0.0259 | 0.9334 | 0.9315 | 0.9532 | 0.0285 | 0.9111 | 0.9220 | 0.9293
0449 | 17:24:37 |  27.5s | 1.0e-04 | 0.0259 | 0.9336 | 0.9336 | 0.9540 | 0.0283 | 0.9359 | 0.8967 | 0.9341
0450 | 17:25:24 |  28.1s | 1.0e-04 | 0.0257 | 0.9339 | 0.9334 | 0.9550 | 0.0285 | 0.9023 | 0.9352 | 0.9356
0451 | 17:26:10 |  27.8s | 1.0e-04 | 0.0258 | 0.9330 | 0.9325 | 0.9542 | 0.0286 | 0.9102 | 0.9236 | 0.9319
0452 | 17:26:56 |  37.9s | 1.0e-04 | 0.0262 | 0.9341 | 0.9335 | 0.9541 | 0.0283 | 0.9172 | 0.9223 | 0.9354
0453 | 17:27:53 |  31.8s | 1.0e-04 | 0.0258 | 0.9360 | 0.9347 | 0.9568 | 0.0279 | 0.9175 | 0.9198 | 0.9326
0454 | 17:28:44 |  39.1s | 1.0e-04 | 0.0257 | 0.9333 | 0.9331 | 0.9542 | 0.0279 | 0.9145 | 0.9284 | 0.9370
0455 | 17:29:42 |  26.0s | 1.0e-04 | 0.0257 | 0.9330 | 0.9306 | 0.9527 | 0.0288 | 0.9322 | 0.9005 | 0.9326
0456 | 17:30:26 |  29.6s | 1.0e-04 | 0.0261 | 0.9321 | 0.9308 | 0.9526 | 0.0288 | 0.9242 | 0.9079 | 0.9295
0457 | 17:31:15 |  28.9s | 1.0e-04 | 0.0255 | 0.9330 | 0.9322 | 0.9539 | 0.0287 | 0.9109 | 0.9265 | 0.9316
0458 | 17:32:03 |  27.1s | 1.0e-04 | 0.0258 | 0.9322 | 0.9311 | 0.9522 | 0.0286 | 0.9219 | 0.9227 | 0.9384
0459 | 17:32:49 |  28.6s | 1.0e-04 | 0.0258 | 0.9330 | 0.9318 | 0.9524 | 0.0293 | 0.9169 | 0.9139 | 0.9283
0460 | 17:33:35 |  37.7s | 1.0e-04 | 0.0260 | 0.9327 | 0.9319 | 0.9520 | 0.0283 | 0.9174 | 0.9255 | 0.9390
0461 | 17:34:31 |  43.0s | 1.0e-04 | 0.0250 | 0.9344 | 0.9339 | 0.9551 | 0.0293 | 0.9321 | 0.9043 | 0.9351
0462 | 17:35:32 |  25.9s | 1.0e-04 | 0.0262 | 0.9342 | 0.9348 | 0.9560 | 0.0285 | 0.9175 | 0.9218 | 0.9341
0463 | 17:36:17 |  31.5s | 1.0e-04 | 0.0258 | 0.9348 | 0.9357 | 0.9573 | 0.0284 | 0.9290 | 0.9091 | 0.9342
0464 | 17:37:08 |  30.9s | 1.0e-04 | 0.0255 | 0.9355 | 0.9359 | 0.9576 | 0.0279 | 0.9083 | 0.9300 | 0.9334
0465 | 17:37:57 |  30.9s | 1.0e-04 | 0.0258 | 0.9354 | 0.9367 | 0.9576 | 0.0307 | 0.9307 | 0.8907 | 0.9246
0466 | 17:38:47 |  29.0s | 1.0e-04 | 0.0259 | 0.9346 | 0.9357 | 0.9570 | 0.0286 | 0.9231 | 0.9150 | 0.9336
0467 | 17:39:35 |  28.9s | 1.0e-04 | 0.0260 | 0.9343 | 0.9346 | 0.9551 | 0.0278 | 0.9209 | 0.9234 | 0.9386
0468 | 17:40:22 |  35.6s | 1.0e-04 | 0.0257 | 0.9340 | 0.9345 | 0.9559 | 0.0285 | 0.9121 | 0.9244 | 0.9301
0469 | 17:41:16 |  35.5s | 1.0e-04 | 0.0255 | 0.9340 | 0.9341 | 0.9548 | 0.0282 | 0.9213 | 0.9129 | 0.9310
0470 | 17:42:10 |  27.6s | 1.0e-04 | 0.0249 | 0.9359 | 0.9350 | 0.9578 | 0.0286 | 0.9272 | 0.9014 | 0.9286
0471 | 17:42:56 |  29.8s | 1.0e-04 | 0.0249 | 0.9349 | 0.9342 | 0.9566 | 0.0290 | 0.9182 | 0.9194 | 0.9329
0472 | 17:43:42 |  30.2s | 1.0e-04 | 0.0252 | 0.9346 | 0.9334 | 0.9552 | 0.0283 | 0.9063 | 0.9308 | 0.9318
0473 | 17:44:30 |  31.0s | 1.0e-04 | 0.0250 | 0.9344 | 0.9348 | 0.9560 | 0.0280 | 0.9285 | 0.9071 | 0.9335
0474 | 17:45:20 |  31.8s | 1.0e-04 | 0.0245 | 0.9356 | 0.9357 | 0.9575 | 0.0289 | 0.9359 | 0.9050 | 0.9392
0475 | 17:46:09 |  32.1s | 1.0e-04 | 0.0246 | 0.9338 | 0.9346 | 0.9561 | 0.0284 | 0.9251 | 0.9136 | 0.9344
0476 | 17:47:01 |  32.0s | 1.0e-04 | 0.0254 | 0.9363 | 0.9366 | 0.9586 | 0.0286 | 0.9160 | 0.9258 | 0.9354
0477 | 17:47:52 |  39.6s | 1.0e-04 | 0.0257 | 0.9367 | 0.9353 | 0.9583 | 0.0282 | 0.9038 | 0.9260 | 0.9272
0478 | 17:48:51 |  29.1s | 1.0e-04 | 0.0263 | 0.9350 | 0.9346 | 0.9559 | 0.0273 | 0.9273 | 0.9216 | 0.9415
0479 | 17:49:38 |  28.8s | 1.0e-04 | 0.0260 | 0.9343 | 0.9353 | 0.9561 | 0.0293 | 0.9315 | 0.8977 | 0.9304
0480 | 17:50:26 |  29.2s | 1.0e-04 | 0.0264 | 0.9351 | 0.9343 | 0.9571 | 0.0277 | 0.9229 | 0.9245 | 0.9399
0481 | 17:51:14 |  27.9s | 1.0e-04 | 0.0262 | 0.9343 | 0.9348 | 0.9556 | 0.0280 | 0.9338 | 0.9001 | 0.9339
0482 | 17:52:00 |  27.2s | 1.0e-04 | 0.0266 | 0.9334 | 0.9335 | 0.9541 | 0.0280 | 0.9271 | 0.9142 | 0.9377
0483 | 17:52:45 |  37.3s | 1.0e-04 | 0.0262 | 0.9355 | 0.9350 | 0.9564 | 0.0274 | 0.9160 | 0.9180 | 0.9322
0484 | 17:53:41 |  27.5s | 1.0e-04 | 0.0256 | 0.9347 | 0.9340 | 0.9553 | 0.0281 | 0.9249 | 0.9186 | 0.9382
0485 | 17:54:27 |  39.6s | 1.0e-04 | 0.0255 | 0.9336 | 0.9321 | 0.9543 | 0.0283 | 0.9243 | 0.9129 | 0.9335
0486 | 17:55:25 |  28.8s | 1.0e-04 | 0.0262 | 0.9319 | 0.9300 | 0.9520 | 0.0284 | 0.9296 | 0.9074 | 0.9343
0487 | 17:56:12 |  29.4s | 1.0e-04 | 0.0263 | 0.9307 | 0.9292 | 0.9502 | 0.0293 | 0.9037 | 0.9329 | 0.9324
0488 | 17:56:59 |  30.9s | 1.0e-04 | 0.0256 | 0.9322 | 0.9315 | 0.9520 | 0.0281 | 0.9105 | 0.9320 | 0.9366
0489 | 17:57:47 |  31.8s | 1.0e-04 | 0.0258 | 0.9330 | 0.9322 | 0.9534 | 0.0277 | 0.9186 | 0.9224 | 0.9349
0490 | 17:58:37 |  32.0s | 1.0e-04 | 0.0256 | 0.9341 | 0.9324 | 0.9548 | 0.0287 | 0.8995 | 0.9408 | 0.9378
0491 | 17:59:27 |  36.6s | 1.0e-04 | 0.0260 | 0.9343 | 0.9326 | 0.9550 | 0.0273 | 0.9147 | 0.9268 | 0.9354
0492 | 18:00:23 |  31.4s | 1.0e-04 | 0.0258 | 0.9332 | 0.9326 | 0.9543 | 0.0280 | 0.8999 | 0.9359 | 0.9334
0493 | 18:01:13 |  36.2s | 1.0e-04 | 0.0252 | 0.9344 | 0.9351 | 0.9556 | 0.0279 | 0.9245 | 0.9138 | 0.9345
0494 | 18:02:08 |  28.3s | 1.0e-04 | 0.0250 | 0.9355 | 0.9364 | 0.9576 | 0.0276 | 0.9184 | 0.9250 | 0.9391
0495 | 18:02:54 |  28.6s | 1.0e-04 | 0.0252 | 0.9339 | 0.9353 | 0.9556 | 0.0270 | 0.9134 | 0.9257 | 0.9356
0496 | 18:03:42 |  29.2s | 1.0e-04 | 0.0248 | 0.9353 | 0.9357 | 0.9571 | 0.0273 | 0.9294 | 0.9166 | 0.9397
0497 | 18:04:29 |  29.5s | 1.0e-04 | 0.0245 | 0.9362 | 0.9354 | 0.9583 | 0.0303 | 0.9416 | 0.8848 | 0.9329
0498 | 18:05:15 |  27.5s | 1.0e-04 | 0.0245 | 0.9364 | 0.9360 | 0.9582 | 0.0286 | 0.9221 | 0.9120 | 0.9321
0499 | 18:06:01 |  38.6s | 1.0e-04 | 0.0249 | 0.9355 | 0.9338 | 0.9559 | 0.0279 | 0.9189 | 0.9246 | 0.9384
0500 | 18:06:57 |  31.9s | 1.0e-04 | 0.0252 | 0.9353 | 0.9344 | 0.9555 | 0.0286 | 0.9226 | 0.9171 | 0.9342
0501 | 18:07:49 |  31.0s | 1.0e-04 | 0.0251 | 0.9337 | 0.9335 | 0.9547 | 0.0276 | 0.9272 | 0.9209 | 0.9410
0502 | 18:08:39 |  30.8s | 1.0e-04 | 0.0251 | 0.9351 | 0.9336 | 0.9555 | 0.0288 | 0.9105 | 0.9305 | 0.9351
0503 | 18:09:30 |  31.0s | 1.0e-04 | 0.0247 | 0.9359 | 0.9337 | 0.9571 | 0.0275 | 0.9159 | 0.9267 | 0.9352
0504 | 18:10:19 |  31.1s | 1.0e-04 | 0.0247 | 0.9356 | 0.9334 | 0.9562 | 0.0296 | 0.9234 | 0.9180 | 0.9374
0505 | 18:11:09 |  27.5s | 1.0e-04 | 0.0251 | 0.9341 | 0.9320 | 0.9541 | 0.0273 | 0.9194 | 0.9260 | 0.9385
0506 | 18:11:53 |  29.2s | 1.0e-04 | 0.0250 | 0.9346 | 0.9349 | 0.9565 | 0.0282 | 0.9233 | 0.9201 | 0.9384
0507 | 18:12:40 |  37.1s | 1.0e-04 | 0.0248 | 0.9353 | 0.9345 | 0.9573 | 0.0280 | 0.9264 | 0.9163 | 0.9383
0508 | 18:13:35 |  41.5s | 1.0e-04 | 0.0247 | 0.9372 | 0.9378 | 0.9598 | 0.0281 | 0.9250 | 0.9150 | 0.9362
0509 | 18:14:35 |  28.3s | 1.0e-04 | 0.0255 | 0.9363 | 0.9366 | 0.9585 | 0.0285 | 0.9083 | 0.9343 | 0.9346
0510 | 18:15:20 |  28.7s | 1.0e-04 | 0.0252 | 0.9371 | 0.9363 | 0.9594 | 0.0286 | 0.9285 | 0.9081 | 0.9348
0511 | 18:16:06 |  29.7s | 1.0e-04 | 0.0253 | 0.9371 | 0.9356 | 0.9585 | 0.0279 | 0.9208 | 0.9240 | 0.9368
0512 | 18:16:54 |  28.1s | 1.0e-04 | 0.0257 | 0.9352 | 0.9345 | 0.9561 | 0.0280 | 0.9218 | 0.9196 | 0.9352
0513 | 18:17:41 |  28.1s | 1.0e-04 | 0.0255 | 0.9364 | 0.9366 | 0.9580 | 0.0283 | 0.9208 | 0.9250 | 0.9397
0514 | 18:18:27 |  25.4s | 1.0e-04 | 0.0253 | 0.9356 | 0.9373 | 0.9580 | 0.0287 | 0.9274 | 0.9085 | 0.9336
0515 | 18:19:11 |  43.0s | 1.0e-04 | 0.0261 | 0.9334 | 0.9328 | 0.9539 | 0.0279 | 0.9384 | 0.9034 | 0.9407
0516 | 18:20:13 |  37.9s | 1.0e-04 | 0.0260 | 0.9337 | 0.9334 | 0.9547 | 0.0280 | 0.9183 | 0.9221 | 0.9357
0517 | 18:21:09 |  27.2s | 1.0e-04 | 0.0255 | 0.9340 | 0.9339 | 0.9554 | 0.0277 | 0.9171 | 0.9294 | 0.9400
0518 | 18:21:56 |  27.5s | 1.0e-04 | 0.0257 | 0.9359 | 0.9336 | 0.9564 | 0.0274 | 0.9123 | 0.9307 | 0.9378
0519 | 18:22:41 |  27.1s | 1.0e-04 | 0.0251 | 0.9356 | 0.9351 | 0.9576 | 0.0280 | 0.9214 | 0.9212 | 0.9377
0520 | 18:23:27 |  27.2s | 1.0e-04 | 0.0258 | 0.9339 | 0.9333 | 0.9548 | 0.0272 | 0.9142 | 0.9283 | 0.9373
0521 | 18:24:14 |  26.4s | 1.0e-04 | 0.0259 | 0.9335 | 0.9333 | 0.9542 | 0.0280 | 0.9079 | 0.9340 | 0.9342
0522 | 18:24:58 |  38.1s | 1.0e-04 | 0.0255 | 0.9356 | 0.9352 | 0.9572 | 0.0297 | 0.9042 | 0.9300 | 0.9303
0523 | 18:25:54 |  30.8s | 1.0e-04 | 0.0262 | 0.9346 | 0.9345 | 0.9560 | 0.0285 | 0.9136 | 0.9166 | 0.9280
0524 | 18:26:43 |  37.0s | 1.0e-04 | 0.0263 | 0.9350 | 0.9349 | 0.9564 | 0.0282 | 0.9351 | 0.9010 | 0.9358
0525 | 18:27:39 |  28.3s | 1.0e-04 | 0.0263 | 0.9349 | 0.9350 | 0.9560 | 0.0278 | 0.9153 | 0.9233 | 0.9325
0526 | 18:28:27 |  29.1s | 1.0e-04 | 0.0261 | 0.9359 | 0.9363 | 0.9571 | 0.0277 | 0.9107 | 0.9355 | 0.9381
0527 | 18:29:14 |  30.4s | 1.0e-04 | 0.0258 | 0.9355 | 0.9366 | 0.9579 | 0.0282 | 0.9220 | 0.9127 | 0.9317
0528 | 18:30:02 |  31.0s | 1.0e-04 | 0.0262 | 0.9350 | 0.9361 | 0.9568 | 0.0272 | 0.9179 | 0.9248 | 0.9372
0529 | 18:30:53 |  31.3s | 1.0e-04 | 0.0262 | 0.9354 | 0.9356 | 0.9574 | 0.0277 | 0.9310 | 0.9085 | 0.9365
0530 | 18:31:42 |  40.2s | 1.0e-04 | 0.0262 | 0.9354 | 0.9356 | 0.9575 | 0.0299 | 0.9171 | 0.9188 | 0.9310
0531 | 18:32:40 |  28.2s | 1.0e-04 | 0.0257 | 0.9346 | 0.9353 | 0.9566 | 0.0288 | 0.9262 | 0.9131 | 0.9357
0532 | 18:33:27 |  40.5s | 1.0e-04 | 0.0251 | 0.9331 | 0.9325 | 0.9532 | 0.0288 | 0.9305 | 0.9066 | 0.9336
0533 | 18:34:26 |  28.0s | 1.0e-04 | 0.0254 | 0.9331 | 0.9311 | 0.9528 | 0.0270 | 0.9326 | 0.9116 | 0.9403
0534 | 18:35:12 |  29.0s | 1.0e-04 | 0.0253 | 0.9330 | 0.9301 | 0.9525 | 0.0284 | 0.9043 | 0.9399 | 0.9395
0535 | 18:35:59 |  30.9s | 1.0e-04 | 0.0255 | 0.9322 | 0.9317 | 0.9534 | 0.0271 | 0.9202 | 0.9219 | 0.9358
0536 | 18:36:47 |  31.3s | 1.0e-04 | 0.0254 | 0.9333 | 0.9311 | 0.9535 | 0.0281 | 0.9031 | 0.9362 | 0.9345
0537 | 18:37:37 |  32.3s | 1.0e-04 | 0.0254 | 0.9337 | 0.9317 | 0.9538 | 0.0278 | 0.9423 | 0.8904 | 0.9369
0538 | 18:38:27 |  37.7s | 1.0e-04 | 0.0252 | 0.9331 | 0.9307 | 0.9530 | 0.0284 | 0.9115 | 0.9309 | 0.9389
0539 | 18:39:25 |  28.2s | 1.0e-04 | 0.0252 | 0.9335 | 0.9325 | 0.9538 | 0.0270 | 0.9378 | 0.9026 | 0.9393
0540 | 18:40:10 |  37.2s | 1.0e-04 | 0.0251 | 0.9361 | 0.9367 | 0.9581 | 0.0278 | 0.9310 | 0.9140 | 0.9411
0541 | 18:41:05 |  28.9s | 1.0e-04 | 0.0254 | 0.9356 | 0.9358 | 0.9574 | 0.0268 | 0.9299 | 0.9123 | 0.9389
0542 | 18:41:50 |  30.5s | 1.0e-04 | 0.0250 | 0.9366 | 0.9372 | 0.9592 | 0.0275 | 0.9169 | 0.9304 | 0.9405
0543 | 18:42:36 |  30.1s | 1.0e-04 | 0.0252 | 0.9364 | 0.9362 | 0.9582 | 0.0283 | 0.9262 | 0.9183 | 0.9390
0544 | 18:43:24 |  31.1s | 1.0e-04 | 0.0249 | 0.9365 | 0.9360 | 0.9590 | 0.0281 | 0.9074 | 0.9318 | 0.9355
0545 | 18:44:14 |  31.5s | 1.0e-04 | 0.0251 | 0.9352 | 0.9362 | 0.9572 | 0.0280 | 0.9152 | 0.9237 | 0.9317
0546 | 18:45:05 |  38.5s | 1.0e-04 | 0.0247 | 0.9356 | 0.9358 | 0.9578 | 0.0272 | 0.9225 | 0.9249 | 0.9400
0547 | 18:46:00 |  42.2s | 1.0e-04 | 0.0249 | 0.9349 | 0.9338 | 0.9556 | 0.0278 | 0.9303 | 0.9147 | 0.9412
0548 | 18:47:00 |  26.6s | 1.0e-04 | 0.0254 | 0.9343 | 0.9348 | 0.9565 | 0.0276 | 0.9241 | 0.9159 | 0.9354
0549 | 18:47:44 |  28.5s | 1.0e-04 | 0.0256 | 0.9348 | 0.9345 | 0.9563 | 0.0281 | 0.9103 | 0.9303 | 0.9343
0550 | 18:48:30 |  29.8s | 1.0e-04 | 0.0252 | 0.9350 | 0.9335 | 0.9558 | 0.0263 | 0.9319 | 0.9170 | 0.9440
0551 | 18:49:17 |  31.4s | 1.0e-04 | 0.0251 | 0.9350 | 0.9337 | 0.9558 | 0.0283 | 0.9044 | 0.9383 | 0.9381
0552 | 18:50:07 |  31.6s | 1.0e-04 | 0.0255 | 0.9355 | 0.9337 | 0.9558 | 0.0288 | 0.8983 | 0.9428 | 0.9389
0553 | 18:50:56 |  31.2s | 1.0e-04 | 0.0253 | 0.9355 | 0.9341 | 0.9566 | 0.0279 | 0.9265 | 0.9140 | 0.9369
0554 | 18:51:47 |  47.5s | 1.0e-04 | 0.0254 | 0.9360 | 0.9371 | 0.9583 | 0.0286 | 0.9119 | 0.9296 | 0.9355
0555 | 18:52:53 |  37.5s | 1.0e-04 | 0.0251 | 0.9360 | 0.9369 | 0.9582 | 0.0275 | 0.9311 | 0.9154 | 0.9411
0556 | 18:53:49 |  28.7s | 1.0e-04 | 0.0249 | 0.9370 | 0.9385 | 0.9592 | 0.0276 | 0.9292 | 0.9140 | 0.9389
0557 | 18:54:35 |  27.1s | 1.0e-04 | 0.0250 | 0.9376 | 0.9375 | 0.9598 | 0.0292 | 0.8938 | 0.9437 | 0.9350
0558 | 18:55:21 |  29.0s | 1.0e-04 | 0.0249 | 0.9366 | 0.9367 | 0.9589 | 0.0280 | 0.9218 | 0.9228 | 0.9399
0559 | 18:56:07 |  28.9s | 1.0e-04 | 0.0254 | 0.9363 | 0.9353 | 0.9577 | 0.0278 | 0.9238 | 0.9199 | 0.9385
0560 | 18:56:54 |  30.3s | 1.0e-04 | 0.0248 | 0.9373 | 0.9383 | 0.9597 | 0.0283 | 0.9336 | 0.9112 | 0.9410
0561 | 18:57:42 |  35.9s | 1.0e-04 | 0.0249 | 0.9364 | 0.9374 | 0.9581 | 0.0278 | 0.9060 | 0.9335 | 0.9327
0562 | 18:58:35 |  31.4s | 1.0e-04 | 0.0249 | 0.9366 | 0.9374 | 0.9595 | 0.0288 | 0.9082 | 0.9337 | 0.9341
0563 | 18:59:25 |  35.7s | 1.0e-04 | 0.0254 | 0.9355 | 0.9377 | 0.9576 | 0.0267 | 0.9246 | 0.9182 | 0.9384
0564 | 19:00:20 |  28.7s | 1.0e-04 | 0.0262 | 0.9353 | 0.9364 | 0.9576 | 0.0274 | 0.9290 | 0.9107 | 0.9357
0565 | 19:01:08 |  25.8s | 1.0e-04 | 0.0257 | 0.9366 | 0.9384 | 0.9586 | 0.0277 | 0.9153 | 0.9239 | 0.9343
0566 | 19:01:52 |  27.4s | 1.0e-04 | 0.0259 | 0.9358 | 0.9371 | 0.9588 | 0.0275 | 0.9213 | 0.9235 | 0.9392
0567 | 19:02:36 |  28.7s | 1.0e-04 | 0.0256 | 0.9374 | 0.9380 | 0.9601 | 0.0275 | 0.9182 | 0.9289 | 0.9402
0568 | 19:03:23 |  26.0s | 1.0e-04 | 0.0255 | 0.9360 | 0.9385 | 0.9593 | 0.0286 | 0.9117 | 0.9236 | 0.9306
0569 | 19:04:08 |  34.9s | 1.0e-04 | 0.0257 | 0.9372 | 0.9379 | 0.9599 | 0.0281 | 0.9152 | 0.9344 | 0.9424
0570 | 19:05:02 |  31.3s | 1.0e-04 | 0.0255 | 0.9372 | 0.9377 | 0.9597 | 0.0279 | 0.9246 | 0.9085 | 0.9319
0571 | 19:05:53 |  37.1s | 1.0e-04 | 0.0258 | 0.9339 | 0.9340 | 0.9553 | 0.0273 | 0.9317 | 0.9153 | 0.9416
0572 | 19:06:48 |  28.2s | 1.0e-04 | 0.0248 | 0.9362 | 0.9359 | 0.9579 | 0.0272 | 0.9133 | 0.9273 | 0.9355
0573 | 19:07:34 |  28.2s | 1.0e-04 | 0.0251 | 0.9355 | 0.9352 | 0.9568 | 0.0290 | 0.9024 | 0.9283 | 0.9280
0574 | 19:08:21 |  30.7s | 1.0e-04 | 0.0250 | 0.9350 | 0.9348 | 0.9564 | 0.0278 | 0.9170 | 0.9267 | 0.9376
0575 | 19:09:10 |  27.8s | 1.0e-04 | 0.0256 | 0.9334 | 0.9334 | 0.9550 | 0.0279 | 0.9092 | 0.9304 | 0.9352
0576 | 19:09:56 |  29.2s | 1.0e-04 | 0.0255 | 0.9341 | 0.9341 | 0.9550 | 0.0281 | 0.9137 | 0.9236 | 0.9339
0577 | 19:10:43 |  36.7s | 1.0e-04 | 0.0256 | 0.9340 | 0.9347 | 0.9557 | 0.0282 | 0.9292 | 0.9141 | 0.9404
0578 | 19:11:37 |  31.4s | 1.0e-04 | 0.0257 | 0.9345 | 0.9345 | 0.9562 | 0.0269 | 0.9104 | 0.9314 | 0.9369
0579 | 19:12:29 |  37.2s | 1.0e-04 | 0.0250 | 0.9371 | 0.9390 | 0.9598 | 0.0279 | 0.9085 | 0.9371 | 0.9402
0580 | 19:13:25 |  25.5s | 1.0e-04 | 0.0250 | 0.9377 | 0.9393 | 0.9601 | 0.0283 | 0.9250 | 0.9090 | 0.9314
0581 | 19:14:09 |  28.7s | 1.0e-04 | 0.0247 | 0.9381 | 0.9394 | 0.9609 | 0.0273 | 0.9227 | 0.9222 | 0.9384
0582 | 19:14:57 |  27.9s | 1.0e-04 | 0.0250 | 0.9374 | 0.9366 | 0.9596 | 0.0268 | 0.9228 | 0.9205 | 0.9386
0583 | 19:15:43 |  28.9s | 1.0e-04 | 0.0249 | 0.9367 | 0.9377 | 0.9593 | 0.0280 | 0.9059 | 0.9398 | 0.9396
0584 | 19:16:29 |  28.6s | 1.0e-04 | 0.0253 | 0.9362 | 0.9378 | 0.9591 | 0.0271 | 0.9297 | 0.9152 | 0.9392
0585 | 19:17:16 |  37.1s | 1.0e-04 | 0.0248 | 0.9379 | 0.9396 | 0.9611 | 0.0275 | 0.9191 | 0.9250 | 0.9389
0586 | 19:18:13 |  43.0s | 1.0e-04 | 0.0244 | 0.9389 | 0.9395 | 0.9620 | 0.0274 | 0.9155 | 0.9286 | 0.9376
0587 | 19:19:11 |  27.6s | 1.0e-04 | 0.0245 | 0.9370 | 0.9367 | 0.9600 | 0.0276 | 0.9313 | 0.9111 | 0.9392
0588 | 19:19:59 |  28.2s | 1.0e-04 | 0.0246 | 0.9364 | 0.9352 | 0.9572 | 0.0275 | 0.9139 | 0.9288 | 0.9364
0589 | 19:20:45 |  28.0s | 1.0e-04 | 0.0245 | 0.9380 | 0.9385 | 0.9614 | 0.0277 | 0.9180 | 0.9241 | 0.9359
0590 | 19:21:32 |  27.7s | 1.0e-04 | 0.0243 | 0.9384 | 0.9395 | 0.9618 | 0.0278 | 0.9160 | 0.9261 | 0.9376
0591 | 19:22:18 |  26.4s | 1.0e-04 | 0.0239 | 0.9372 | 0.9377 | 0.9601 | 0.0275 | 0.9162 | 0.9262 | 0.9385
0592 | 19:23:03 |  28.5s | 1.0e-04 | 0.0244 | 0.9372 | 0.9376 | 0.9599 | 0.0282 | 0.9152 | 0.9344 | 0.9411
0593 | 19:23:48 |  38.7s | 1.0e-04 | 0.0253 | 0.9361 | 0.9365 | 0.9577 | 0.0265 | 0.9245 | 0.9213 | 0.9405
0594 | 19:24:47 |  35.4s | 1.0e-04 | 0.0249 | 0.9369 | 0.9379 | 0.9602 | 0.0271 | 0.9251 | 0.9150 | 0.9369
0595 | 19:25:41 |  29.2s | 1.0e-04 | 0.0248 | 0.9376 | 0.9389 | 0.9605 | 0.0273 | 0.9270 | 0.9180 | 0.9386
0596 | 19:26:27 |  31.2s | 1.0e-04 | 0.0252 | 0.9371 | 0.9376 | 0.9598 | 0.0275 | 0.9201 | 0.9270 | 0.9400
0597 | 19:27:19 |  30.3s | 1.0e-04 | 0.0248 | 0.9377 | 0.9391 | 0.9604 | 0.0269 | 0.9273 | 0.9114 | 0.9352
0598 | 19:28:08 |  29.7s | 1.0e-04 | 0.0250 | 0.9360 | 0.9374 | 0.9591 | 0.0268 | 0.9356 | 0.9051 | 0.9393
0599 | 19:28:58 |  28.5s | 1.0e-04 | 0.0252 | 0.9366 | 0.9371 | 0.9588 | 0.0277 | 0.9061 | 0.9408 | 0.9433
0600 | 19:29:45 |  27.3s | 1.0e-04 | 0.0250 | 0.9377 | 0.9380 | 0.9593 | 0.0274 | 0.9200 | 0.9245 | 0.9387
0601 | 19:30:31 |  28.2s | 1.0e-04 | 0.0236 | 0.9381 | 0.9395 | 0.9611 | 0.0276 | 0.9221 | 0.9175 | 0.9352
0602 | 19:31:18 |  33.2s | 1.0e-04 | 0.0245 | 0.9364 | 0.9379 | 0.9593 | 0.0265 | 0.9131 | 0.9301 | 0.9369
0603 | 19:32:08 |  27.7s | 1.0e-04 | 0.0252 | 0.9363 | 0.9364 | 0.9582 | 0.0283 | 0.9163 | 0.9223 | 0.9350
0604 | 19:32:53 |  29.4s | 1.0e-04 | 0.0248 | 0.9369 | 0.9377 | 0.9590 | 0.0277 | 0.9334 | 0.9082 | 0.9393
0605 | 19:33:40 |  31.0s | 1.0e-04 | 0.0246 | 0.9380 | 0.9382 | 0.9606 | 0.0269 | 0.9201 | 0.9258 | 0.9409
0606 | 19:34:29 |  31.3s | 1.0e-04 | 0.0243 | 0.9372 | 0.9387 | 0.9606 | 0.0280 | 0.9402 | 0.9041 | 0.9426
0607 | 19:35:21 |  31.6s | 1.0e-04 | 0.0248 | 0.9366 | 0.9368 | 0.9585 | 0.0271 | 0.9335 | 0.9151 | 0.9438
0608 | 19:36:12 |  41.5s | 1.0e-04 | 0.0243 | 0.9384 | 0.9399 | 0.9618 | 0.0273 | 0.9199 | 0.9231 | 0.9373
0609 | 19:37:10 |  30.0s | 1.0e-04 | 0.0258 | 0.9351 | 0.9348 | 0.9562 | 0.0271 | 0.9312 | 0.9115 | 0.9394
0610 | 19:37:59 |  32.9s | 1.0e-04 | 0.0253 | 0.9359 | 0.9360 | 0.9582 | 0.0273 | 0.9204 | 0.9298 | 0.9413
0611 | 19:38:52 |  31.7s | 1.0e-04 | 0.0258 | 0.9349 | 0.9349 | 0.9562 | 0.0272 | 0.9243 | 0.9270 | 0.9448
0612 | 19:39:43 |  31.5s | 1.0e-04 | 0.0258 | 0.9335 | 0.9339 | 0.9550 | 0.0272 | 0.9039 | 0.9401 | 0.9405
0613 | 19:40:34 |  31.0s | 1.0e-04 | 0.0257 | 0.9353 | 0.9365 | 0.9572 | 0.0272 | 0.9204 | 0.9209 | 0.9358
0614 | 19:41:25 |  30.5s | 1.0e-04 | 0.0254 | 0.9357 | 0.9350 | 0.9572 | 0.0285 | 0.9245 | 0.9200 | 0.9369
0615 | 19:42:15 |  30.1s | 1.0e-04 | 0.0251 | 0.9366 | 0.9357 | 0.9586 | 0.0286 | 0.9042 | 0.9346 | 0.9367
0616 | 19:43:05 |  46.0s | 1.0e-04 | 0.0249 | 0.9354 | 0.9347 | 0.9568 | 0.0269 | 0.9214 | 0.9195 | 0.9350
0617 | 19:44:10 |  27.2s | 1.0e-04 | 0.0239 | 0.9370 | 0.9367 | 0.9590 | 0.0277 | 0.9076 | 0.9342 | 0.9376
0618 | 19:44:53 |  40.8s | 1.0e-04 | 0.0241 | 0.9352 | 0.9357 | 0.9573 | 0.0268 | 0.9120 | 0.9395 | 0.9427
0619 | 19:45:51 |  30.5s | 1.0e-04 | 0.0245 | 0.9357 | 0.9355 | 0.9581 | 0.0271 | 0.9236 | 0.9203 | 0.9386
0620 | 19:46:40 |  31.1s | 1.0e-04 | 0.0234 | 0.9371 | 0.9366 | 0.9592 | 0.0281 | 0.9181 | 0.9261 | 0.9381
0621 | 19:47:30 |  31.7s | 1.0e-04 | 0.0239 | 0.9357 | 0.9357 | 0.9574 | 0.0268 | 0.9216 | 0.9275 | 0.9426
0622 | 19:48:22 |  32.1s | 1.0e-04 | 0.0243 | 0.9368 | 0.9358 | 0.9587 | 0.0272 | 0.9195 | 0.9233 | 0.9377
0623 | 19:49:15 |  29.5s | 1.0e-04 | 0.0237 | 0.9364 | 0.9373 | 0.9592 | 0.0276 | 0.9208 | 0.9186 | 0.9340
0624 | 19:50:01 |  35.7s | 1.0e-04 | 0.0238 | 0.9374 | 0.9390 | 0.9599 | 0.0275 | 0.9326 | 0.9056 | 0.9356
0625 | 19:50:56 |  26.7s | 1.0e-04 | 0.0247 | 0.9363 | 0.9359 | 0.9586 | 0.0270 | 0.9351 | 0.9075 | 0.9391
0626 | 19:51:42 |  30.3s | 1.0e-04 | 0.0250 | 0.9375 | 0.9371 | 0.9607 | 0.0266 | 0.9171 | 0.9285 | 0.9403
0627 | 19:52:32 |  30.8s | 1.0e-04 | 0.0250 | 0.9370 | 0.9376 | 0.9590 | 0.0272 | 0.9353 | 0.9096 | 0.9404
0628 | 19:53:23 |  31.7s | 1.0e-04 | 0.0251 | 0.9371 | 0.9381 | 0.9598 | 0.0274 | 0.9188 | 0.9267 | 0.9409
0629 | 19:54:15 |  31.3s | 1.0e-04 | 0.0250 | 0.9383 | 0.9389 | 0.9607 | 0.0278 | 0.9249 | 0.9062 | 0.9291
0630 | 19:55:05 |  30.3s | 1.0e-04 | 0.0246 | 0.9387 | 0.9393 | 0.9614 | 0.0270 | 0.9280 | 0.9170 | 0.9406
0631 | 19:55:55 |  27.6s | 1.0e-04 | 0.0254 | 0.9373 | 0.9377 | 0.9602 | 0.0281 | 0.9074 | 0.9401 | 0.9397
0632 | 19:56:41 |  36.3s | 1.0e-04 | 0.0256 | 0.9365 | 0.9368 | 0.9586 | 0.0283 | 0.9157 | 0.9331 | 0.9421
0633 | 19:57:38 |  34.5s | 1.0e-04 | 0.0254 | 0.9354 | 0.9353 | 0.9576 | 0.0273 | 0.9300 | 0.9191 | 0.9425
0634 | 19:58:33 |  27.5s | 1.0e-04 | 0.0250 | 0.9380 | 0.9383 | 0.9609 | 0.0273 | 0.9157 | 0.9263 | 0.9371
0635 | 19:59:20 |  28.2s | 1.0e-04 | 0.0253 | 0.9372 | 0.9376 | 0.9591 | 0.0261 | 0.9253 | 0.9248 | 0.9443
0636 | 20:00:08 |  27.7s | 1.0e-04 | 0.0255 | 0.9353 | 0.9370 | 0.9579 | 0.0268 | 0.9191 | 0.9243 | 0.9400
0637 | 20:00:54 |  29.7s | 1.0e-04 | 0.0250 | 0.9366 | 0.9375 | 0.9589 | 0.0268 | 0.9228 | 0.9255 | 0.9422
0638 | 20:01:43 |  28.4s | 1.0e-04 | 0.0254 | 0.9361 | 0.9362 | 0.9579 | 0.0264 | 0.9307 | 0.9186 | 0.9420
0639 | 20:02:29 |  30.1s | 1.0e-04 | 0.0249 | 0.9390 | 0.9379 | 0.9610 | 0.0270 | 0.9114 | 0.9339 | 0.9391
0640 | 20:03:19 |  44.8s | 1.0e-04 | 0.0243 | 0.9399 | 0.9416 | 0.9638 | 0.0271 | 0.9119 | 0.9408 | 0.9448
0641 | 20:04:22 |  36.9s | 1.0e-04 | 0.0242 | 0.9393 | 0.9412 | 0.9629 | 0.0275 | 0.9119 | 0.9296 | 0.9357
0642 | 20:05:17 |  26.8s | 1.0e-04 | 0.0245 | 0.9385 | 0.9403 | 0.9621 | 0.0262 | 0.9231 | 0.9303 | 0.9459
0643 | 20:06:03 |  25.9s | 1.0e-04 | 0.0243 | 0.9381 | 0.9390 | 0.9615 | 0.0280 | 0.9240 | 0.9216 | 0.9392
0644 | 20:06:48 |  28.4s | 1.0e-04 | 0.0241 | 0.9399 | 0.9407 | 0.9632 | 0.0273 | 0.9179 | 0.9310 | 0.9419
0645 | 20:07:35 |  26.8s | 1.0e-04 | 0.0241 | 0.9394 | 0.9413 | 0.9629 | 0.0272 | 0.9129 | 0.9352 | 0.9405
0646 | 20:08:21 |  28.6s | 1.0e-04 | 0.0242 | 0.9391 | 0.9403 | 0.9622 | 0.0279 | 0.9055 | 0.9412 | 0.9426
0647 | 20:09:06 |  39.7s | 1.0e-04 | 0.0241 | 0.9396 | 0.9397 | 0.9628 | 0.0272 | 0.9236 | 0.9178 | 0.9386
0648 | 20:10:06 |  26.9s | 1.0e-04 | 0.0238 | 0.9388 | 0.9399 | 0.9621 | 0.0273 | 0.9409 | 0.9001 | 0.9410
0649 | 20:10:51 |  38.9s | 1.0e-04 | 0.0233 | 0.9401 | 0.9414 | 0.9641 | 0.0276 | 0.9278 | 0.9158 | 0.9393
0650 | 20:11:50 |  31.4s | 1.0e-04 | 0.0243 | 0.9384 | 0.9390 | 0.9613 | 0.0273 | 0.9216 | 0.9224 | 0.9364
0651 | 20:12:41 |  30.9s | 1.0e-04 | 0.0244 | 0.9383 | 0.9403 | 0.9614 | 0.0269 | 0.9283 | 0.9232 | 0.9447
0652 | 20:13:31 |  30.4s | 1.0e-04 | 0.0240 | 0.9381 | 0.9396 | 0.9616 | 0.0262 | 0.9321 | 0.9139 | 0.9414
0653 | 20:14:19 |  28.1s | 1.0e-04 | 0.0237 | 0.9392 | 0.9399 | 0.9629 | 0.0281 | 0.9293 | 0.9170 | 0.9410
0654 | 20:15:07 |  27.1s | 1.0e-04 | 0.0240 | 0.9399 | 0.9405 | 0.9634 | 0.0267 | 0.9302 | 0.9136 | 0.9390
0655 | 20:15:51 |  38.0s | 1.0e-04 | 0.0236 | 0.9392 | 0.9400 | 0.9623 | 0.0277 | 0.9115 | 0.9361 | 0.9438
0656 | 20:16:49 |  31.7s | 1.0e-04 | 0.0234 | 0.9394 | 0.9401 | 0.9626 | 0.0273 | 0.9370 | 0.9073 | 0.9415
0657 | 20:17:39 |  38.0s | 1.0e-04 | 0.0228 | 0.9385 | 0.9384 | 0.9612 | 0.0271 | 0.9196 | 0.9288 | 0.9398
0658 | 20:18:35 |  26.0s | 1.0e-04 | 0.0227 | 0.9397 | 0.9398 | 0.9621 | 0.0280 | 0.9421 | 0.9031 | 0.9436
0659 | 20:19:19 |  27.2s | 1.0e-04 | 0.0228 | 0.9384 | 0.9393 | 0.9611 | 0.0276 | 0.9237 | 0.9222 | 0.9401
0660 | 20:20:03 |  26.1s | 1.0e-04 | 0.0227 | 0.9392 | 0.9393 | 0.9620 | 0.0279 | 0.9119 | 0.9308 | 0.9380
0661 | 20:20:48 |  24.4s | 1.0e-04 | 0.0226 | 0.9400 | 0.9397 | 0.9628 | 0.0269 | 0.9271 | 0.9323 | 0.9503
0662 | 20:21:28 |  27.7s | 1.0e-04 | 0.0227 | 0.9389 | 0.9382 | 0.9612 | 0.0264 | 0.9225 | 0.9277 | 0.9425
0663 | 20:22:15 |  40.4s | 1.0e-04 | 0.0229 | 0.9390 | 0.9398 | 0.9619 | 0.0272 | 0.9314 | 0.9170 | 0.9411
0664 | 20:23:14 |  27.3s | 1.0e-04 | 0.0229 | 0.9392 | 0.9391 | 0.9626 | 0.0271 | 0.9263 | 0.9223 | 0.9418
0665 | 20:23:59 |  39.5s | 1.0e-04 | 0.0236 | 0.9390 | 0.9402 | 0.9622 | 0.0270 | 0.9209 | 0.9281 | 0.9417
0666 | 20:24:57 |  29.0s | 1.0e-04 | 0.0236 | 0.9392 | 0.9405 | 0.9631 | 0.0274 | 0.9299 | 0.9170 | 0.9410
0667 | 20:25:45 |  26.4s | 1.0e-04 | 0.0240 | 0.9395 | 0.9407 | 0.9626 | 0.0272 | 0.9153 | 0.9272 | 0.9365
0668 | 20:26:31 |  29.3s | 1.0e-04 | 0.0236 | 0.9389 | 0.9410 | 0.9633 | 0.0264 | 0.9196 | 0.9264 | 0.9401
0669 | 20:27:18 |  26.1s | 1.0e-04 | 0.0237 | 0.9392 | 0.9402 | 0.9636 | 0.0265 | 0.9195 | 0.9279 | 0.9393
0670 | 20:28:02 |  28.9s | 1.0e-04 | 0.0233 | 0.9406 | 0.9412 | 0.9639 | 0.0277 | 0.9193 | 0.9338 | 0.9442
0671 | 20:28:48 |  38.2s | 1.0e-04 | 0.0236 | 0.9407 | 0.9406 | 0.9634 | 0.0270 | 0.9272 | 0.9231 | 0.9432
0672 | 20:29:45 |  38.8s | 1.0e-04 | 0.0238 | 0.9404 | 0.9426 | 0.9645 | 0.0262 | 0.9244 | 0.9200 | 0.9398
0673 | 20:30:42 |  26.6s | 1.0e-04 | 0.0239 | 0.9409 | 0.9443 | 0.9646 | 0.0285 | 0.9202 | 0.9243 | 0.9384
0674 | 20:31:26 |  29.1s | 1.0e-04 | 0.0237 | 0.9403 | 0.9426 | 0.9648 | 0.0282 | 0.9160 | 0.9311 | 0.9400
0675 | 20:32:14 |  26.4s | 1.0e-04 | 0.0240 | 0.9390 | 0.9423 | 0.9641 | 0.0270 | 0.9140 | 0.9366 | 0.9433
0676 | 20:32:58 |  25.1s | 1.0e-04 | 0.0237 | 0.9419 | 0.9430 | 0.9655 | 0.0275 | 0.9248 | 0.9186 | 0.9395
0677 | 20:33:39 |  29.7s | 1.0e-04 | 0.0242 | 0.9408 | 0.9424 | 0.9641 | 0.0266 | 0.9225 | 0.9197 | 0.9377
0678 | 20:34:29 |  31.8s | 1.0e-04 | 0.0244 | 0.9400 | 0.9420 | 0.9642 | 0.0277 | 0.9297 | 0.9160 | 0.9400
0679 | 20:35:21 |  34.3s | 1.0e-04 | 0.0242 | 0.9390 | 0.9388 | 0.9621 | 0.0271 | 0.9248 | 0.9265 | 0.9430
0680 | 20:36:15 |  39.2s | 1.0e-04 | 0.0237 | 0.9374 | 0.9382 | 0.9610 | 0.0266 | 0.9304 | 0.9178 | 0.9419
0681 | 20:37:12 |  31.6s | 1.0e-04 | 0.0224 | 0.9370 | 0.9356 | 0.9593 | 0.0278 | 0.9288 | 0.9109 | 0.9367
0682 | 20:38:01 |  27.4s | 1.0e-04 | 0.0227 | 0.9385 | 0.9355 | 0.9601 | 0.0275 | 0.9171 | 0.9329 | 0.9427
0683 | 20:38:47 |  28.4s | 1.0e-04 | 0.0227 | 0.9377 | 0.9348 | 0.9589 | 0.0266 | 0.9230 | 0.9257 | 0.9413
0684 | 20:39:31 |  26.2s | 1.0e-04 | 0.0222 | 0.9380 | 0.9364 | 0.9603 | 0.0272 | 0.9136 | 0.9329 | 0.9389
0685 | 20:40:17 |  27.7s | 1.0e-04 | 0.0224 | 0.9374 | 0.9356 | 0.9591 | 0.0273 | 0.9284 | 0.9147 | 0.9396
0686 | 20:41:02 |  37.6s | 1.0e-04 | 0.0222 | 0.9379 | 0.9372 | 0.9603 | 0.0263 | 0.9417 | 0.8969 | 0.9400
0687 | 20:42:00 |  32.1s | 1.0e-04 | 0.0233 | 0.9374 | 0.9385 | 0.9599 | 0.0268 | 0.9347 | 0.9093 | 0.9408
0688 | 20:42:51 |  37.8s | 1.0e-04 | 0.0232 | 0.9386 | 0.9390 | 0.9610 | 0.0284 | 0.9200 | 0.9220 | 0.9373
0689 | 20:43:48 |  28.9s | 1.0e-04 | 0.0233 | 0.9393 | 0.9403 | 0.9621 | 0.0263 | 0.9227 | 0.9211 | 0.9364
0690 | 20:44:36 |  28.4s | 1.0e-04 | 0.0240 | 0.9386 | 0.9392 | 0.9616 | 0.0280 | 0.9337 | 0.9104 | 0.9402
0691 | 20:45:20 |  26.2s | 1.0e-04 | 0.0233 | 0.9406 | 0.9408 | 0.9642 | 0.0264 | 0.9294 | 0.9143 | 0.9399
0692 | 20:46:05 |  31.7s | 1.0e-04 | 0.0232 | 0.9405 | 0.9404 | 0.9639 | 0.0266 | 0.9172 | 0.9304 | 0.9417
0693 | 20:46:54 |  31.8s | 1.0e-04 | 0.0232 | 0.9397 | 0.9402 | 0.9632 | 0.0280 | 0.9274 | 0.9212 | 0.9424
0694 | 20:47:45 |  41.7s | 1.0e-04 | 0.0233 | 0.9402 | 0.9398 | 0.9631 | 0.0270 | 0.9193 | 0.9333 | 0.9456
0695 | 20:48:46 |  27.4s | 1.0e-04 | 0.0230 | 0.9393 | 0.9383 | 0.9623 | 0.0269 | 0.9255 | 0.9208 | 0.9411
0696 | 20:49:32 |  41.0s | 1.0e-04 | 0.0234 | 0.9383 | 0.9398 | 0.9616 | 0.0271 | 0.9131 | 0.9330 | 0.9409
0697 | 20:50:29 |  27.0s | 1.0e-04 | 0.0239 | 0.9389 | 0.9391 | 0.9608 | 0.0269 | 0.9236 | 0.9249 | 0.9403
0698 | 20:51:13 |  24.7s | 1.0e-04 | 0.0238 | 0.9384 | 0.9395 | 0.9610 | 0.0264 | 0.9296 | 0.9156 | 0.9396
0699 | 20:51:53 |  27.0s | 1.0e-04 | 0.0237 | 0.9386 | 0.9394 | 0.9615 | 0.0256 | 0.9204 | 0.9313 | 0.9451
0700 | 20:52:39 |  28.5s | 1.0e-04 | 0.0236 | 0.9384 | 0.9401 | 0.9626 | 0.0268 | 0.9221 | 0.9276 | 0.9426
0701 | 20:53:26 |  27.7s | 1.0e-04 | 0.0239 | 0.9388 | 0.9393 | 0.9620 | 0.0261 | 0.9209 | 0.9297 | 0.9449
0702 | 20:54:13 |  37.0s | 1.0e-04 | 0.0237 | 0.9390 | 0.9403 | 0.9618 | 0.0267 | 0.9194 | 0.9292 | 0.9404
0703 | 20:55:09 |  32.1s | 1.0e-04 | 0.0246 | 0.9382 | 0.9390 | 0.9612 | 0.0265 | 0.9243 | 0.9230 | 0.9421
0704 | 20:56:01 |  34.9s | 1.0e-04 | 0.0244 | 0.9383 | 0.9402 | 0.9616 | 0.0271 | 0.9260 | 0.9253 | 0.9432
0705 | 20:56:56 |  28.7s | 1.0e-04 | 0.0243 | 0.9396 | 0.9413 | 0.9630 | 0.0267 | 0.9259 | 0.9257 | 0.9439
0706 | 20:57:43 |  28.6s | 1.0e-04 | 0.0244 | 0.9391 | 0.9407 | 0.9625 | 0.0272 | 0.9119 | 0.9371 | 0.9412
0707 | 20:58:29 |  31.2s | 1.0e-04 | 0.0242 | 0.9385 | 0.9411 | 0.9620 | 0.0268 | 0.9320 | 0.9130 | 0.9409
0708 | 20:59:19 |  31.9s | 1.0e-04 | 0.0240 | 0.9400 | 0.9398 | 0.9630 | 0.0284 | 0.9094 | 0.9327 | 0.9378
0709 | 21:00:11 |  31.9s | 1.0e-04 | 0.0243 | 0.9382 | 0.9391 | 0.9610 | 0.0262 | 0.9228 | 0.9242 | 0.9401
0710 | 21:01:01 |  37.0s | 1.0e-04 | 0.0242 | 0.9386 | 0.9402 | 0.9616 | 0.0269 | 0.9202 | 0.9268 | 0.9425
0711 | 21:01:57 |  36.4s | 1.0e-04 | 0.0240 | 0.9384 | 0.9391 | 0.9612 | 0.0266 | 0.9240 | 0.9212 | 0.9377
0712 | 21:02:52 |  27.1s | 1.0e-04 | 0.0240 | 0.9385 | 0.9396 | 0.9618 | 0.0279 | 0.9112 | 0.9372 | 0.9427
0713 | 21:03:36 |  27.4s | 1.0e-04 | 0.0239 | 0.9385 | 0.9383 | 0.9613 | 0.0263 | 0.9251 | 0.9241 | 0.9431
0714 | 21:04:21 |  28.8s | 1.0e-04 | 0.0238 | 0.9390 | 0.9399 | 0.9620 | 0.0284 | 0.9267 | 0.9147 | 0.9380
0715 | 21:05:08 |  29.4s | 1.0e-04 | 0.0239 | 0.9393 | 0.9388 | 0.9619 | 0.0274 | 0.9196 | 0.9282 | 0.9411
0716 | 21:05:57 |  28.9s | 1.0e-04 | 0.0241 | 0.9382 | 0.9383 | 0.9602 | 0.0257 | 0.9201 | 0.9349 | 0.9457
0717 | 21:06:45 |  27.6s | 1.0e-04 | 0.0239 | 0.9382 | 0.9394 | 0.9611 | 0.0267 | 0.9263 | 0.9207 | 0.9399
0718 | 21:07:31 |  41.1s | 1.0e-04 | 0.0235 | 0.9384 | 0.9394 | 0.9617 | 0.0274 | 0.9220 | 0.9273 | 0.9421
0719 | 21:08:31 |  39.7s | 1.0e-04 | 0.0237 | 0.9387 | 0.9381 | 0.9612 | 0.0259 | 0.9270 | 0.9221 | 0.9414
0720 | 21:09:29 |  27.5s | 1.0e-04 | 0.0238 | 0.9372 | 0.9364 | 0.9596 | 0.0268 | 0.9280 | 0.9276 | 0.9477
0721 | 21:10:12 |  28.3s | 1.0e-04 | 0.0235 | 0.9380 | 0.9382 | 0.9616 | 0.0279 | 0.9233 | 0.9240 | 0.9409
0722 | 21:10:58 |  29.2s | 1.0e-04 | 0.0234 | 0.9383 | 0.9374 | 0.9595 | 0.0272 | 0.9297 | 0.9221 | 0.9442
0723 | 21:11:44 |  29.7s | 1.0e-04 | 0.0237 | 0.9372 | 0.9367 | 0.9596 | 0.0262 | 0.9245 | 0.9312 | 0.9480
0724 | 21:12:32 |  31.1s | 1.0e-04 | 0.0242 | 0.9373 | 0.9366 | 0.9600 | 0.0268 | 0.9085 | 0.9393 | 0.9411
0725 | 21:13:22 |  31.3s | 1.0e-04 | 0.0236 | 0.9377 | 0.9378 | 0.9599 | 0.0263 | 0.9227 | 0.9290 | 0.9432
0726 | 21:14:12 |  31.7s | 1.0e-04 | 0.0233 | 0.9397 | 0.9404 | 0.9624 | 0.0266 | 0.9173 | 0.9290 | 0.9391
0727 | 21:15:02 |  38.6s | 1.0e-04 | 0.0231 | 0.9399 | 0.9417 | 0.9638 | 0.0269 | 0.9275 | 0.9184 | 0.9402
0728 | 21:16:00 |  28.0s | 1.0e-04 | 0.0238 | 0.9388 | 0.9411 | 0.9633 | 0.0271 | 0.9190 | 0.9234 | 0.9393
0729 | 21:16:47 |  29.4s | 1.0e-04 | 0.0238 | 0.9408 | 0.9416 | 0.9640 | 0.0270 | 0.9187 | 0.9239 | 0.9383
0730 | 21:17:34 |  29.9s | 1.0e-04 | 0.0240 | 0.9397 | 0.9414 | 0.9632 | 0.0258 | 0.9182 | 0.9315 | 0.9440
0731 | 21:18:21 |  30.9s | 1.0e-04 | 0.0238 | 0.9401 | 0.9418 | 0.9637 | 0.0262 | 0.9383 | 0.9124 | 0.9461
0732 | 21:19:10 |  31.9s | 1.0e-04 | 0.0237 | 0.9392 | 0.9413 | 0.9629 | 0.0265 | 0.9256 | 0.9215 | 0.9402
0733 | 21:20:00 |  40.6s | 1.0e-04 | 0.0233 | 0.9408 | 0.9416 | 0.9639 | 0.0272 | 0.9197 | 0.9263 | 0.9399
0734 | 21:21:00 |  27.8s | 1.0e-04 | 0.0238 | 0.9400 | 0.9412 | 0.9643 | 0.0270 | 0.9410 | 0.9029 | 0.9423
0735 | 21:21:46 |  38.1s | 1.0e-04 | 0.0238 | 0.9409 | 0.9413 | 0.9640 | 0.0269 | 0.9284 | 0.9267 | 0.9462
0736 | 21:22:43 |  28.0s | 1.0e-04 | 0.0239 | 0.9396 | 0.9412 | 0.9636 | 0.0272 | 0.9118 | 0.9410 | 0.9461
0737 | 21:23:29 |  28.6s | 1.0e-04 | 0.0240 | 0.9406 | 0.9418 | 0.9635 | 0.0265 | 0.9224 | 0.9222 | 0.9398
0738 | 21:24:16 |  29.8s | 1.0e-04 | 0.0236 | 0.9397 | 0.9418 | 0.9634 | 0.0264 | 0.9262 | 0.9241 | 0.9435
0739 | 21:25:02 |  30.7s | 1.0e-04 | 0.0240 | 0.9401 | 0.9422 | 0.9642 | 0.0273 | 0.9346 | 0.9139 | 0.9442
0740 | 21:25:52 |  31.5s | 1.0e-04 | 0.0238 | 0.9413 | 0.9417 | 0.9647 | 0.0265 | 0.9346 | 0.9091 | 0.9411
0741 | 21:26:43 |  41.8s | 1.0e-04 | 0.0238 | 0.9397 | 0.9407 | 0.9634 | 0.0279 | 0.9066 | 0.9446 | 0.9451
0742 | 21:27:43 |  30.5s | 1.0e-04 | 0.0238 | 0.9386 | 0.9391 | 0.9615 | 0.0268 | 0.9235 | 0.9259 | 0.9426
0743 | 21:28:32 |  35.6s | 1.0e-04 | 0.0226 | 0.9410 | 0.9409 | 0.9653 | 0.0269 | 0.9178 | 0.9309 | 0.9428
0744 | 21:29:26 |  31.3s | 1.0e-04 | 0.0234 | 0.9377 | 0.9393 | 0.9609 | 0.0260 | 0.9217 | 0.9311 | 0.9450
0745 | 21:30:18 |  31.4s | 1.0e-04 | 0.0230 | 0.9388 | 0.9396 | 0.9613 | 0.0257 | 0.9197 | 0.9327 | 0.9433
0746 | 21:31:08 |  31.2s | 1.0e-04 | 0.0230 | 0.9388 | 0.9394 | 0.9623 | 0.0260 | 0.9295 | 0.9170 | 0.9412
0747 | 21:31:59 |  31.2s | 1.0e-04 | 0.0227 | 0.9393 | 0.9403 | 0.9628 | 0.0268 | 0.9279 | 0.9247 | 0.9443
0748 | 21:32:49 |  30.4s | 1.0e-04 | 0.0226 | 0.9403 | 0.9411 | 0.9628 | 0.0258 | 0.9213 | 0.9316 | 0.9449
0749 | 21:33:38 |  40.6s | 1.0e-04 | 0.0227 | 0.9393 | 0.9389 | 0.9616 | 0.0269 | 0.9280 | 0.9204 | 0.9426
0750 | 21:34:38 |  27.8s | 1.0e-04 | 0.0223 | 0.9408 | 0.9421 | 0.9642 | 0.0264 | 0.9293 | 0.9270 | 0.9483
0751 | 21:35:25 |  27.9s | 1.0e-04 | 0.0224 | 0.9405 | 0.9411 | 0.9642 | 0.0263 | 0.9286 | 0.9216 | 0.9431
0752 | 21:36:11 |  31.4s | 1.0e-04 | 0.0225 | 0.9405 | 0.9407 | 0.9639 | 0.0263 | 0.9240 | 0.9272 | 0.9440
0753 | 21:37:01 |  31.7s | 1.0e-04 | 0.0226 | 0.9397 | 0.9397 | 0.9630 | 0.0260 | 0.9270 | 0.9254 | 0.9452
0754 | 21:37:53 |  32.5s | 1.0e-04 | 0.0226 | 0.9396 | 0.9403 | 0.9631 | 0.0264 | 0.9115 | 0.9339 | 0.9378
0755 | 21:38:45 |  32.2s | 1.0e-04 | 0.0223 | 0.9404 | 0.9409 | 0.9639 | 0.0268 | 0.9133 | 0.9339 | 0.9415
0756 | 21:39:36 |  31.4s | 1.0e-04 | 0.0226 | 0.9398 | 0.9403 | 0.9627 | 0.0271 | 0.9306 | 0.9215 | 0.9450
0757 | 21:40:26 |  44.9s | 1.0e-04 | 0.0236 | 0.9400 | 0.9411 | 0.9628 | 0.0262 | 0.9230 | 0.9330 | 0.9468
0758 | 21:41:30 |  39.7s | 1.0e-04 | 0.0236 | 0.9407 | 0.9423 | 0.9646 | 0.0264 | 0.9181 | 0.9343 | 0.9435
0759 | 21:42:29 |  26.4s | 1.0e-04 | 0.0233 | 0.9409 | 0.9424 | 0.9643 | 0.0269 | 0.9293 | 0.9123 | 0.9377
0760 | 21:43:13 |  28.5s | 1.0e-04 | 0.0234 | 0.9408 | 0.9415 | 0.9646 | 0.0273 | 0.9251 | 0.9222 | 0.9417
0761 | 21:43:59 |  29.1s | 1.0e-04 | 0.0239 | 0.9394 | 0.9412 | 0.9637 | 0.0277 | 0.9422 | 0.9005 | 0.9426
0762 | 21:44:46 |  29.9s | 1.0e-04 | 0.0238 | 0.9397 | 0.9415 | 0.9633 | 0.0256 | 0.9292 | 0.9189 | 0.9430
0763 | 21:45:35 |  31.4s | 1.0e-04 | 0.0234 | 0.9409 | 0.9418 | 0.9650 | 0.0256 | 0.9268 | 0.9170 | 0.9397
0764 | 21:46:25 |  27.1s | 1.0e-04 | 0.0233 | 0.9410 | 0.9427 | 0.9654 | 0.0265 | 0.9205 | 0.9227 | 0.9373
0765 | 21:47:11 |  36.3s | 1.0e-04 | 0.0234 | 0.9399 | 0.9407 | 0.9636 | 0.0260 | 0.9238 | 0.9306 | 0.9473
0766 | 21:48:05 |  36.6s | 1.0e-04 | 0.0234 | 0.9390 | 0.9402 | 0.9624 | 0.0265 | 0.9166 | 0.9336 | 0.9433
0767 | 21:49:00 |  30.2s | 1.0e-04 | 0.0241 | 0.9371 | 0.9377 | 0.9593 | 0.0270 | 0.9346 | 0.9185 | 0.9457
0768 | 21:49:49 |  27.3s | 1.0e-04 | 0.0238 | 0.9384 | 0.9374 | 0.9605 | 0.0266 | 0.9263 | 0.9198 | 0.9400
0769 | 21:50:34 |  26.7s | 1.0e-04 | 0.0238 | 0.9385 | 0.9388 | 0.9607 | 0.0258 | 0.9266 | 0.9317 | 0.9482
0770 | 21:51:19 |  26.2s | 1.0e-04 | 0.0239 | 0.9369 | 0.9371 | 0.9589 | 0.0273 | 0.9245 | 0.9246 | 0.9414
0771 | 21:52:04 |  28.0s | 1.0e-04 | 0.0236 | 0.9377 | 0.9383 | 0.9607 | 0.0261 | 0.9308 | 0.9096 | 0.9388
0772 | 21:52:51 |  39.3s | 1.0e-04 | 0.0239 | 0.9384 | 0.9379 | 0.9611 | 0.0253 | 0.9238 | 0.9267 | 0.9427
0773 | 21:53:49 |  27.3s | 1.0e-04 | 0.0241 | 0.9387 | 0.9412 | 0.9627 | 0.0277 | 0.9300 | 0.9160 | 0.9416
0774 | 21:54:36 |  38.2s | 1.0e-04 | 0.0235 | 0.9397 | 0.9417 | 0.9638 | 0.0256 | 0.9177 | 0.9385 | 0.9467
0775 | 21:55:32 |  26.1s | 1.0e-04 | 0.0228 | 0.9415 | 0.9443 | 0.9656 | 0.0261 | 0.9200 | 0.9285 | 0.9425
0776 | 21:56:18 |  27.5s | 1.0e-04 | 0.0229 | 0.9411 | 0.9427 | 0.9647 | 0.0265 | 0.9226 | 0.9292 | 0.9441
0777 | 21:57:03 |  29.1s | 1.0e-04 | 0.0236 | 0.9402 | 0.9415 | 0.9637 | 0.0281 | 0.9220 | 0.9282 | 0.9398
0778 | 21:57:49 |  29.6s | 1.0e-04 | 0.0233 | 0.9395 | 0.9421 | 0.9645 | 0.0257 | 0.9308 | 0.9277 | 0.9481
0779 | 21:58:34 |  26.0s | 1.0e-04 | 0.0231 | 0.9418 | 0.9431 | 0.9647 | 0.0258 | 0.9299 | 0.9264 | 0.9494
0780 | 21:59:18 |  36.2s | 1.0e-04 | 0.0233 | 0.9401 | 0.9406 | 0.9635 | 0.0264 | 0.9327 | 0.9114 | 0.9403
0781 | 22:00:11 |  28.9s | 1.0e-04 | 0.0238 | 0.9386 | 0.9378 | 0.9604 | 0.0275 | 0.9144 | 0.9384 | 0.9476
0782 | 22:00:58 |  42.8s | 1.0e-04 | 0.0245 | 0.9359 | 0.9367 | 0.9580 | 0.0257 | 0.9382 | 0.9115 | 0.9460
0783 | 22:02:01 |  32.2s | 1.0e-04 | 0.0243 | 0.9370 | 0.9366 | 0.9592 | 0.0257 | 0.9322 | 0.9187 | 0.9445
0784 | 22:02:52 |  32.2s | 1.0e-04 | 0.0241 | 0.9371 | 0.9361 | 0.9585 | 0.0262 | 0.9119 | 0.9421 | 0.9443
0785 | 22:03:44 |  32.1s | 1.0e-04 | 0.0246 | 0.9363 | 0.9370 | 0.9589 | 0.0265 | 0.9220 | 0.9358 | 0.9478
0786 | 22:04:35 |  28.3s | 1.0e-04 | 0.0250 | 0.9362 | 0.9365 | 0.9583 | 0.0260 | 0.9318 | 0.9246 | 0.9475
0787 | 22:05:21 |  31.2s | 1.0e-04 | 0.0243 | 0.9366 | 0.9365 | 0.9592 | 0.0260 | 0.9246 | 0.9308 | 0.9462
0788 | 22:06:08 |  35.9s | 1.0e-04 | 0.0238 | 0.9383 | 0.9383 | 0.9601 | 0.0262 | 0.9229 | 0.9300 | 0.9440
0789 | 22:07:01 |  30.8s | 1.0e-04 | 0.0232 | 0.9384 | 0.9399 | 0.9621 | 0.0266 | 0.9255 | 0.9290 | 0.9464
0790 | 22:07:49 |  38.2s | 1.0e-04 | 0.0243 | 0.9384 | 0.9386 | 0.9609 | 0.0260 | 0.9162 | 0.9313 | 0.9391
0791 | 22:08:46 |  28.9s | 1.0e-04 | 0.0236 | 0.9397 | 0.9410 | 0.9627 | 0.0265 | 0.9253 | 0.9233 | 0.9407
0792 | 22:09:33 |  27.8s | 1.0e-04 | 0.0241 | 0.9398 | 0.9406 | 0.9632 | 0.0265 | 0.9151 | 0.9294 | 0.9401
0793 | 22:10:20 |  28.4s | 1.0e-04 | 0.0239 | 0.9385 | 0.9389 | 0.9612 | 0.0269 | 0.9300 | 0.9203 | 0.9432
0794 | 22:11:05 |  28.9s | 1.0e-04 | 0.0242 | 0.9390 | 0.9392 | 0.9620 | 0.0263 | 0.9174 | 0.9376 | 0.9457
0795 | 22:11:51 |  26.2s | 1.0e-04 | 0.0240 | 0.9389 | 0.9405 | 0.9623 | 0.0265 | 0.9283 | 0.9214 | 0.9438
0796 | 22:12:34 |  36.4s | 1.0e-04 | 0.0242 | 0.9394 | 0.9387 | 0.9616 | 0.0257 | 0.9283 | 0.9275 | 0.9459
0797 | 22:13:28 |  38.1s | 1.0e-04 | 0.0242 | 0.9374 | 0.9391 | 0.9600 | 0.0269 | 0.9312 | 0.9250 | 0.9464
0798 | 22:14:25 |  31.6s | 1.0e-04 | 0.0242 | 0.9398 | 0.9405 | 0.9629 | 0.0263 | 0.9151 | 0.9372 | 0.9434
0799 | 22:15:15 |  31.3s | 1.0e-04 | 0.0241 | 0.9398 | 0.9417 | 0.9634 | 0.0255 | 0.9305 | 0.9255 | 0.9470
0800 | 22:16:06 |  31.7s | 1.0e-04 | 0.0243 | 0.9385 | 0.9397 | 0.9615 | 0.0255 | 0.9253 | 0.9363 | 0.9497
0801 | 22:16:58 |  26.9s | 1.0e-04 | 0.0247 | 0.9379 | 0.9388 | 0.9610 | 0.0257 | 0.9184 | 0.9348 | 0.9445
0802 | 22:17:42 |  27.9s | 1.0e-04 | 0.0243 | 0.9403 | 0.9411 | 0.9636 | 0.0265 | 0.9151 | 0.9361 | 0.9458
0803 | 22:18:25 |  25.9s | 1.0e-04 | 0.0244 | 0.9387 | 0.9407 | 0.9618 | 0.0258 | 0.9180 | 0.9251 | 0.9384
0804 | 22:19:10 |  42.9s | 1.0e-04 | 0.0241 | 0.9402 | 0.9415 | 0.9635 | 0.0262 | 0.9223 | 0.9265 | 0.9422
0805 | 22:20:12 |  41.3s | 1.0e-04 | 0.0236 | 0.9409 | 0.9429 | 0.9648 | 0.0253 | 0.9285 | 0.9230 | 0.9434
0806 | 22:21:13 |  28.5s | 1.0e-04 | 0.0236 | 0.9398 | 0.9415 | 0.9630 | 0.0269 | 0.9208 | 0.9347 | 0.9460
0807 | 22:22:01 |  27.7s | 1.0e-04 | 0.0229 | 0.9407 | 0.9424 | 0.9650 | 0.0257 | 0.9219 | 0.9327 | 0.9438
0808 | 22:22:45 |  24.9s | 1.0e-04 | 0.0230 | 0.9417 | 0.9421 | 0.9648 | 0.0266 | 0.9262 | 0.9246 | 0.9430
0809 | 22:23:28 |  27.8s | 1.0e-04 | 0.0231 | 0.9401 | 0.9418 | 0.9642 | 0.0256 | 0.9137 | 0.9405 | 0.9456
0810 | 22:24:15 |  26.0s | 1.0e-04 | 0.0229 | 0.9406 | 0.9413 | 0.9640 | 0.0255 | 0.9191 | 0.9354 | 0.9460
0811 | 22:24:59 |  38.1s | 1.0e-04 | 0.0234 | 0.9412 | 0.9428 | 0.9655 | 0.0266 | 0.9155 | 0.9338 | 0.9425
0812 | 22:25:55 |  29.4s | 1.0e-04 | 0.0245 | 0.9391 | 0.9415 | 0.9622 | 0.0273 | 0.9378 | 0.9045 | 0.9406
0813 | 22:26:42 |  37.2s | 1.0e-04 | 0.0241 | 0.9405 | 0.9433 | 0.9644 | 0.0265 | 0.9339 | 0.9191 | 0.9459
0814 | 22:27:38 |  28.5s | 1.0e-04 | 0.0244 | 0.9402 | 0.9445 | 0.9650 | 0.0267 | 0.9190 | 0.9270 | 0.9408
0815 | 22:28:25 |  25.2s | 1.0e-04 | 0.0244 | 0.9415 | 0.9442 | 0.9656 | 0.0252 | 0.9288 | 0.9204 | 0.9427
0816 | 22:29:09 |  28.9s | 1.0e-04 | 0.0241 | 0.9407 | 0.9432 | 0.9650 | 0.0262 | 0.9211 | 0.9348 | 0.9484
0817 | 22:29:55 |  27.2s | 1.0e-04 | 0.0244 | 0.9396 | 0.9423 | 0.9638 | 0.0256 | 0.9245 | 0.9354 | 0.9494
0818 | 22:30:41 |  31.8s | 1.0e-04 | 0.0238 | 0.9418 | 0.9434 | 0.9663 | 0.0268 | 0.9164 | 0.9351 | 0.9452
0819 | 22:31:31 |  40.6s | 1.0e-04 | 0.0238 | 0.9421 | 0.9450 | 0.9671 | 0.0264 | 0.9251 | 0.9306 | 0.9478
0820 | 22:32:30 |  27.7s | 1.0e-04 | 0.0248 | 0.9396 | 0.9421 | 0.9639 | 0.0278 | 0.9292 | 0.9185 | 0.9419
0821 | 22:33:16 |  40.6s | 1.0e-04 | 0.0245 | 0.9395 | 0.9420 | 0.9637 | 0.0256 | 0.9287 | 0.9249 | 0.9470
0822 | 22:34:15 |  29.5s | 1.0e-04 | 0.0248 | 0.9398 | 0.9417 | 0.9640 | 0.0258 | 0.9346 | 0.9150 | 0.9437
0823 | 22:35:02 |  30.6s | 1.0e-04 | 0.0238 | 0.9408 | 0.9424 | 0.9643 | 0.0255 | 0.9247 | 0.9311 | 0.9461
0824 | 22:35:51 |  27.8s | 1.0e-04 | 0.0238 | 0.9409 | 0.9435 | 0.9646 | 0.0266 | 0.9161 | 0.9353 | 0.9443
0825 | 22:36:37 |  28.7s | 1.0e-04 | 0.0243 | 0.9409 | 0.9428 | 0.9648 | 0.0259 | 0.9327 | 0.9221 | 0.9474
0826 | 22:37:24 |  28.3s | 1.0e-04 | 0.0240 | 0.9414 | 0.9431 | 0.9650 | 0.0261 | 0.9245 | 0.9256 | 0.9434
0827 | 22:38:09 |  36.4s | 1.0e-04 | 0.0234 | 0.9413 | 0.9438 | 0.9654 | 0.0267 | 0.9250 | 0.9250 | 0.9424
0828 | 22:39:04 |  31.0s | 1.0e-04 | 0.0230 | 0.9414 | 0.9433 | 0.9652 | 0.0264 | 0.9186 | 0.9304 | 0.9427
0829 | 22:39:54 |  37.3s | 1.0e-04 | 0.0216 | 0.9437 | 0.9459 | 0.9685 | 0.0262 | 0.9282 | 0.9315 | 0.9496
0830 | 22:40:48 |  27.2s | 1.0e-04 | 0.0221 | 0.9429 | 0.9449 | 0.9670 | 0.0257 | 0.9236 | 0.9326 | 0.9481
0831 | 22:41:34 |  25.1s | 1.0e-04 | 0.0222 | 0.9429 | 0.9437 | 0.9672 | 0.0273 | 0.9148 | 0.9346 | 0.9419
0832 | 22:42:18 |  29.5s | 1.0e-04 | 0.0219 | 0.9431 | 0.9442 | 0.9678 | 0.0271 | 0.9185 | 0.9360 | 0.9439
0833 | 22:43:06 |  29.0s | 1.0e-04 | 0.0222 | 0.9417 | 0.9439 | 0.9664 | 0.0270 | 0.9293 | 0.9223 | 0.9444
0834 | 22:43:53 |  29.6s | 1.0e-04 | 0.0217 | 0.9439 | 0.9472 | 0.9697 | 0.0250 | 0.9257 | 0.9300 | 0.9489
0835 | 22:44:41 |  42.3s | 1.0e-04 | 0.0222 | 0.9429 | 0.9433 | 0.9677 | 0.0258 | 0.9172 | 0.9414 | 0.9490
0836 | 22:45:40 |  37.7s | 1.0e-04 | 0.0220 | 0.9425 | 0.9439 | 0.9670 | 0.0268 | 0.9091 | 0.9434 | 0.9465
0837 | 22:46:36 |  26.7s | 1.0e-04 | 0.0233 | 0.9401 | 0.9409 | 0.9634 | 0.0261 | 0.9243 | 0.9262 | 0.9448
0838 | 22:47:22 |  27.2s | 1.0e-04 | 0.0234 | 0.9407 | 0.9412 | 0.9641 | 0.0265 | 0.9248 | 0.9273 | 0.9433
0839 | 22:48:07 |  30.6s | 1.0e-04 | 0.0230 | 0.9405 | 0.9409 | 0.9641 | 0.0261 | 0.9180 | 0.9352 | 0.9456
0840 | 22:48:56 |  30.9s | 1.0e-04 | 0.0231 | 0.9409 | 0.9421 | 0.9647 | 0.0255 | 0.9349 | 0.9162 | 0.9457
0841 | 22:49:45 |  31.3s | 1.0e-04 | 0.0228 | 0.9421 | 0.9423 | 0.9662 | 0.0254 | 0.9326 | 0.9189 | 0.9455
0842 | 22:50:36 |  31.4s | 1.0e-04 | 0.0235 | 0.9401 | 0.9406 | 0.9640 | 0.0263 | 0.9207 | 0.9390 | 0.9477
0843 | 22:51:27 |  36.8s | 1.0e-04 | 0.0238 | 0.9381 | 0.9393 | 0.9614 | 0.0261 | 0.9184 | 0.9324 | 0.9435
0844 | 22:52:23 |  35.0s | 1.0e-04 | 0.0232 | 0.9390 | 0.9394 | 0.9618 | 0.0256 | 0.9212 | 0.9303 | 0.9450
0845 | 22:53:17 |  27.7s | 1.0e-04 | 0.0230 | 0.9395 | 0.9394 | 0.9626 | 0.0262 | 0.9250 | 0.9229 | 0.9422
0846 | 22:54:03 |  28.3s | 1.0e-04 | 0.0227 | 0.9405 | 0.9393 | 0.9626 | 0.0255 | 0.9348 | 0.9172 | 0.9463
0847 | 22:54:50 |  28.2s | 1.0e-04 | 0.0224 | 0.9405 | 0.9415 | 0.9635 | 0.0264 | 0.9161 | 0.9355 | 0.9435
0848 | 22:55:37 |  27.3s | 1.0e-04 | 0.0227 | 0.9401 | 0.9413 | 0.9634 | 0.0264 | 0.9190 | 0.9287 | 0.9419
0849 | 22:56:22 |  29.0s | 1.0e-04 | 0.0226 | 0.9395 | 0.9401 | 0.9629 | 0.0258 | 0.9346 | 0.9224 | 0.9481
0850 | 22:57:10 |  31.1s | 1.0e-04 | 0.0223 | 0.9411 | 0.9414 | 0.9645 | 0.0253 | 0.9256 | 0.9285 | 0.9449
0851 | 22:57:59 |  31.6s | 1.0e-04 | 0.0231 | 0.9400 | 0.9394 | 0.9625 | 0.0260 | 0.9327 | 0.9111 | 0.9403
0852 | 22:58:49 |  38.3s | 1.0e-04 | 0.0235 | 0.9391 | 0.9396 | 0.9632 | 0.0263 | 0.9213 | 0.9305 | 0.9422
0853 | 22:59:44 |  31.2s | 1.0e-04 | 0.0236 | 0.9404 | 0.9399 | 0.9628 | 0.0254 | 0.9187 | 0.9345 | 0.9440
0854 | 23:00:35 |  31.1s | 1.0e-04 | 0.0238 | 0.9381 | 0.9397 | 0.9618 | 0.0265 | 0.9253 | 0.9243 | 0.9435
0855 | 23:01:25 |  30.0s | 1.0e-04 | 0.0251 | 0.9379 | 0.9383 | 0.9610 | 0.0261 | 0.9318 | 0.9176 | 0.9426
0856 | 23:02:13 |  29.8s | 1.0e-04 | 0.0233 | 0.9403 | 0.9410 | 0.9640 | 0.0256 | 0.9299 | 0.9286 | 0.9480
0857 | 23:03:01 |  30.2s | 1.0e-04 | 0.0240 | 0.9391 | 0.9403 | 0.9625 | 0.0260 | 0.9313 | 0.9252 | 0.9473
0858 | 23:03:50 |  40.2s | 1.0e-04 | 0.0236 | 0.9399 | 0.9408 | 0.9628 | 0.0253 | 0.9247 | 0.9242 | 0.9420
0859 | 23:04:48 |  27.3s | 1.0e-04 | 0.0233 | 0.9413 | 0.9433 | 0.9646 | 0.0255 | 0.9309 | 0.9280 | 0.9497
0860 | 23:05:33 |  40.1s | 1.0e-04 | 0.0237 | 0.9405 | 0.9418 | 0.9647 | 0.0256 | 0.9227 | 0.9239 | 0.9402
0861 | 23:06:29 |  27.5s | 1.0e-04 | 0.0242 | 0.9386 | 0.9406 | 0.9629 | 0.0247 | 0.9312 | 0.9239 | 0.9453
0862 | 23:07:14 |  29.8s | 1.0e-04 | 0.0236 | 0.9415 | 0.9434 | 0.9647 | 0.0259 | 0.9317 | 0.9233 | 0.9465
0863 | 23:08:02 |  31.3s | 1.0e-04 | 0.0240 | 0.9400 | 0.9420 | 0.9642 | 0.0258 | 0.9183 | 0.9305 | 0.9434
0864 | 23:08:52 |  31.4s | 1.0e-04 | 0.0240 | 0.9393 | 0.9403 | 0.9631 | 0.0255 | 0.9214 | 0.9326 | 0.9467
0865 | 23:09:42 |  31.6s | 1.0e-04 | 0.0241 | 0.9399 | 0.9411 | 0.9632 | 0.0263 | 0.9143 | 0.9387 | 0.9457
0866 | 23:10:33 |  39.0s | 1.0e-04 | 0.0239 | 0.9406 | 0.9423 | 0.9643 | 0.0259 | 0.9324 | 0.9227 | 0.9469
0867 | 23:11:30 |  29.7s | 1.0e-04 | 0.0243 | 0.9391 | 0.9408 | 0.9618 | 0.0255 | 0.9239 | 0.9365 | 0.9500
0868 | 23:12:17 |  38.3s | 1.0e-04 | 0.0227 | 0.9416 | 0.9419 | 0.9655 | 0.0273 | 0.9186 | 0.9238 | 0.9357
0869 | 23:13:14 |  29.5s | 1.0e-04 | 0.0227 | 0.9410 | 0.9420 | 0.9647 | 0.0261 | 0.9322 | 0.9217 | 0.9462
0870 | 23:14:03 |  28.5s | 1.0e-04 | 0.0224 | 0.9416 | 0.9419 | 0.9660 | 0.0253 | 0.9248 | 0.9335 | 0.9480
0871 | 23:14:50 |  27.6s | 1.0e-04 | 0.0227 | 0.9412 | 0.9423 | 0.9645 | 0.0264 | 0.9327 | 0.9243 | 0.9481
0872 | 23:15:37 |  28.1s | 1.0e-04 | 0.0226 | 0.9412 | 0.9422 | 0.9652 | 0.0260 | 0.9135 | 0.9362 | 0.9425
0873 | 23:16:22 |  29.2s | 1.0e-04 | 0.0227 | 0.9412 | 0.9427 | 0.9654 | 0.0267 | 0.9322 | 0.9169 | 0.9443
0874 | 23:17:09 |  38.3s | 1.0e-04 | 0.0226 | 0.9422 | 0.9417 | 0.9653 | 0.0268 | 0.9287 | 0.9243 | 0.9462
0875 | 23:18:07 |  24.3s | 1.0e-04 | 0.0228 | 0.9404 | 0.9407 | 0.9635 | 0.0264 | 0.9223 | 0.9298 | 0.9443
0876 | 23:18:47 |  22.2s | 1.0e-04 | 0.0223 | 0.9421 | 0.9431 | 0.9656 | 0.0262 | 0.9325 | 0.9188 | 0.9445
0877 | 23:19:24 |  20.9s | 1.0e-04 | 0.0226 | 0.9419 | 0.9419 | 0.9653 | 0.0257 | 0.9259 | 0.9280 | 0.9469
0878 | 23:20:00 |  20.6s | 1.0e-04 | 0.0225 | 0.9413 | 0.9434 | 0.9653 | 0.0259 | 0.9176 | 0.9360 | 0.9462
0879 | 23:20:36 |  20.7s | 1.0e-04 | 0.0229 | 0.9415 | 0.9423 | 0.9645 | 0.0259 | 0.9147 | 0.9399 | 0.9446
0880 | 23:21:13 |  20.6s | 1.0e-04 | 0.0225 | 0.9419 | 0.9423 | 0.9657 | 0.0265 | 0.9231 | 0.9326 | 0.9483
0881 | 23:21:48 |  20.8s | 1.0e-04 | 0.0227 | 0.9416 | 0.9418 | 0.9648 | 0.0248 | 0.9279 | 0.9305 | 0.9500
0882 | 23:22:24 |  29.4s | 1.0e-04 | 0.0224 | 0.9424 | 0.9429 | 0.9658 | 0.0257 | 0.9325 | 0.9240 | 0.9493
0883 | 23:23:10 |  28.1s | 1.0e-04 | 0.0224 | 0.9413 | 0.9428 | 0.9654 | 0.0259 | 0.9190 | 0.9406 | 0.9505
0884 | 23:23:53 |  20.9s | 1.0e-04 | 0.0230 | 0.9405 | 0.9407 | 0.9641 | 0.0260 | 0.9333 | 0.9226 | 0.9464
0885 | 23:24:29 |  20.6s | 1.0e-04 | 0.0226 | 0.9419 | 0.9429 | 0.9656 | 0.0261 | 0.9172 | 0.9363 | 0.9435
0886 | 23:25:05 |  20.7s | 1.0e-04 | 0.0231 | 0.9403 | 0.9416 | 0.9640 | 0.0261 | 0.9209 | 0.9345 | 0.9450
0887 | 23:25:42 |  20.7s | 1.0e-04 | 0.0229 | 0.9405 | 0.9427 | 0.9641 | 0.0260 | 0.9252 | 0.9301 | 0.9470
0888 | 23:26:18 |  20.9s | 1.0e-04 | 0.0232 | 0.9406 | 0.9416 | 0.9636 | 0.0261 | 0.9225 | 0.9354 | 0.9481
0889 | 23:26:55 |  20.6s | 1.0e-04 | 0.0233 | 0.9399 | 0.9422 | 0.9636 | 0.0263 | 0.9190 | 0.9350 | 0.9434
0890 | 23:27:32 |  31.0s | 1.0e-04 | 0.0224 | 0.9416 | 0.9430 | 0.9660 | 0.0254 | 0.9266 | 0.9307 | 0.9482
0891 | 23:28:17 |  30.3s | 1.0e-04 | 0.0221 | 0.9430 | 0.9450 | 0.9677 | 0.0257 | 0.9293 | 0.9261 | 0.9477
0892 | 23:29:03 |  20.7s | 1.0e-04 | 0.0223 | 0.9428 | 0.9440 | 0.9669 | 0.0259 | 0.9195 | 0.9331 | 0.9434
0893 | 23:29:40 |  20.7s | 1.0e-04 | 0.0221 | 0.9418 | 0.9439 | 0.9663 | 0.0263 | 0.9258 | 0.9278 | 0.9462
0894 | 23:30:16 |  21.0s | 1.0e-04 | 0.0221 | 0.9436 | 0.9448 | 0.9681 | 0.0267 | 0.9285 | 0.9289 | 0.9481
0895 | 23:30:53 |  20.6s | 1.0e-04 | 0.0221 | 0.9420 | 0.9437 | 0.9667 | 0.0269 | 0.9132 | 0.9379 | 0.9453
0896 | 23:31:29 |  20.6s | 1.0e-04 | 0.0224 | 0.9414 | 0.9429 | 0.9660 | 0.0267 | 0.9163 | 0.9304 | 0.9385
0897 | 23:32:06 |  29.9s | 1.0e-04 | 0.0226 | 0.9418 | 0.9425 | 0.9659 | 0.0260 | 0.9250 | 0.9334 | 0.9479
0898 | 23:32:52 |  20.9s | 1.0e-04 | 0.0228 | 0.9402 | 0.9407 | 0.9634 | 0.0255 | 0.9338 | 0.9247 | 0.9496
0899 | 23:33:28 |  29.4s | 1.0e-04 | 0.0228 | 0.9402 | 0.9411 | 0.9640 | 0.0259 | 0.9296 | 0.9254 | 0.9467
0900 | 23:34:13 |  20.7s | 1.0e-04 | 0.0231 | 0.9397 | 0.9395 | 0.9624 | 0.0265 | 0.9243 | 0.9342 | 0.9473
0901 | 23:34:49 |  20.8s | 1.0e-04 | 0.0225 | 0.9402 | 0.9418 | 0.9644 | 0.0265 | 0.9225 | 0.9259 | 0.9410
0902 | 23:35:26 |  20.9s | 1.0e-04 | 0.0232 | 0.9391 | 0.9407 | 0.9623 | 0.0254 | 0.9235 | 0.9372 | 0.9488
0903 | 23:36:02 |  21.1s | 1.0e-04 | 0.0230 | 0.9392 | 0.9408 | 0.9624 | 0.0258 | 0.9288 | 0.9244 | 0.9450
0904 | 23:36:39 |  20.3s | 1.0e-04 | 0.0227 | 0.9405 | 0.9409 | 0.9635 | 0.0256 | 0.9084 | 0.9445 | 0.9465
0905 | 23:37:15 |  30.1s | 1.0e-04 | 0.0231 | 0.9400 | 0.9422 | 0.9638 | 0.0259 | 0.9370 | 0.9166 | 0.9478
0906 | 23:38:01 |  20.4s | 1.0e-04 | 0.0229 | 0.9427 | 0.9447 | 0.9673 | 0.0257 | 0.9265 | 0.9321 | 0.9482
0907 | 23:38:37 |  30.2s | 1.0e-04 | 0.0230 | 0.9404 | 0.9428 | 0.9645 | 0.0254 | 0.9247 | 0.9285 | 0.9450
0908 | 23:39:23 |  20.8s | 1.0e-04 | 0.0230 | 0.9403 | 0.9415 | 0.9632 | 0.0256 | 0.9194 | 0.9318 | 0.9435
0909 | 23:39:59 |  20.8s | 1.0e-04 | 0.0230 | 0.9396 | 0.9412 | 0.9634 | 0.0255 | 0.9291 | 0.9310 | 0.9504
0910 | 23:40:35 |  20.7s | 1.0e-04 | 0.0231 | 0.9403 | 0.9401 | 0.9635 | 0.0249 | 0.9150 | 0.9392 | 0.9467
0911 | 23:41:12 |  20.7s | 1.0e-04 | 0.0228 | 0.9411 | 0.9423 | 0.9653 | 0.0270 | 0.9191 | 0.9378 | 0.9461
0912 | 23:41:49 |  20.8s | 1.0e-04 | 0.0229 | 0.9417 | 0.9418 | 0.9650 | 0.0261 | 0.9289 | 0.9283 | 0.9476
0913 | 23:42:25 |  29.8s | 1.0e-04 | 0.0233 | 0.9392 | 0.9406 | 0.9636 | 0.0252 | 0.9329 | 0.9156 | 0.9427
0914 | 23:43:11 |  20.7s | 1.0e-04 | 0.0230 | 0.9389 | 0.9396 | 0.9622 | 0.0260 | 0.9250 | 0.9283 | 0.9443
0915 | 23:43:47 |  32.0s | 1.0e-04 | 0.0234 | 0.9407 | 0.9395 | 0.9632 | 0.0254 | 0.9304 | 0.9264 | 0.9467
0916 | 23:44:35 |  20.9s | 1.0e-04 | 0.0232 | 0.9401 | 0.9426 | 0.9640 | 0.0259 | 0.9175 | 0.9386 | 0.9489
0917 | 23:45:12 |  20.5s | 1.0e-04 | 0.0234 | 0.9394 | 0.9408 | 0.9630 | 0.0254 | 0.9220 | 0.9310 | 0.9455
0918 | 23:45:47 |  20.4s | 1.0e-04 | 0.0233 | 0.9402 | 0.9410 | 0.9640 | 0.0255 | 0.9354 | 0.9255 | 0.9503
0919 | 23:46:23 |  20.6s | 1.0e-04 | 0.0237 | 0.9398 | 0.9406 | 0.9634 | 0.0245 | 0.9331 | 0.9265 | 0.9515
0920 | 23:47:00 |  20.6s | 1.0e-04 | 0.0234 | 0.9401 | 0.9413 | 0.9629 | 0.0259 | 0.9356 | 0.9233 | 0.9508
0921 | 23:47:36 |  28.7s | 1.0e-04 | 0.0233 | 0.9416 | 0.9419 | 0.9648 | 0.0255 | 0.9307 | 0.9257 | 0.9483
0922 | 23:48:21 |  30.2s | 1.0e-04 | 0.0231 | 0.9421 | 0.9439 | 0.9653 | 0.0259 | 0.9241 | 0.9330 | 0.9471
0923 | 23:49:07 |  20.4s | 1.0e-04 | 0.0239 | 0.9412 | 0.9432 | 0.9653 | 0.0258 | 0.9310 | 0.9315 | 0.9523
0924 | 23:49:43 |  20.4s | 1.0e-04 | 0.0239 | 0.9405 | 0.9440 | 0.9652 | 0.0255 | 0.9290 | 0.9283 | 0.9469
0925 | 23:50:19 |  20.6s | 1.0e-04 | 0.0236 | 0.9425 | 0.9454 | 0.9663 | 0.0250 | 0.9256 | 0.9313 | 0.9486
0926 | 23:50:56 |  20.9s | 1.0e-04 | 0.0241 | 0.9416 | 0.9446 | 0.9662 | 0.0268 | 0.9402 | 0.9080 | 0.9440
0927 | 23:51:32 |  20.3s | 1.0e-04 | 0.0236 | 0.9424 | 0.9447 | 0.9665 | 0.0254 | 0.9205 | 0.9353 | 0.9463
0928 | 23:52:08 |  20.4s | 1.0e-04 | 0.0236 | 0.9422 | 0.9439 | 0.9659 | 0.0263 | 0.9224 | 0.9267 | 0.9432
0929 | 23:52:45 |  29.1s | 1.0e-04 | 0.0232 | 0.9416 | 0.9429 | 0.9663 | 0.0260 | 0.9247 | 0.9321 | 0.9484
0930 | 23:53:30 |  29.9s | 1.0e-04 | 0.0230 | 0.9427 | 0.9441 | 0.9662 | 0.0262 | 0.9124 | 0.9353 | 0.9404
0931 | 23:54:15 |  20.2s | 1.0e-04 | 0.0224 | 0.9422 | 0.9425 | 0.9658 | 0.0262 | 0.9211 | 0.9316 | 0.9433
0932 | 23:54:51 |  20.4s | 1.0e-04 | 0.0227 | 0.9414 | 0.9430 | 0.9654 | 0.0251 | 0.9214 | 0.9398 | 0.9509
0933 | 23:55:28 |  20.7s | 1.0e-04 | 0.0223 | 0.9423 | 0.9429 | 0.9664 | 0.0266 | 0.9226 | 0.9339 | 0.9483
0934 | 23:56:04 |  20.7s | 1.0e-04 | 0.0223 | 0.9428 | 0.9448 | 0.9670 | 0.0266 | 0.9175 | 0.9367 | 0.9447
0935 | 23:56:40 |  20.6s | 1.0e-04 | 0.0223 | 0.9419 | 0.9428 | 0.9662 | 0.0256 | 0.9325 | 0.9167 | 0.9443
0936 | 23:57:16 |  29.6s | 1.0e-04 | 0.0227 | 0.9417 | 0.9426 | 0.9654 | 0.0250 | 0.9260 | 0.9272 | 0.9453
0937 | 23:58:01 |  20.8s | 1.0e-04 | 0.0227 | 0.9400 | 0.9407 | 0.9633 | 0.0256 | 0.9438 | 0.9125 | 0.9518
0938 | 23:58:38 |  29.6s | 1.0e-04 | 0.0223 | 0.9400 | 0.9412 | 0.9642 | 0.0263 | 0.9384 | 0.9218 | 0.9501
0939 | 23:59:23 |  20.7s | 1.0e-04 | 0.0221 | 0.9404 | 0.9389 | 0.9631 | 0.0259 | 0.9321 | 0.9246 | 0.9490
0940 | 00:00:00 |  20.9s | 1.0e-04 | 0.0222 | 0.9391 | 0.9392 | 0.9618 | 0.0249 | 0.9200 | 0.9346 | 0.9481
0941 | 00:00:36 |  20.8s | 1.0e-04 | 0.0221 | 0.9400 | 0.9399 | 0.9629 | 0.0258 | 0.9263 | 0.9313 | 0.9495
0942 | 00:01:13 |  20.6s | 1.0e-04 | 0.0221 | 0.9401 | 0.9394 | 0.9623 | 0.0254 | 0.9308 | 0.9310 | 0.9514
0943 | 00:01:49 |  20.5s | 1.0e-04 | 0.0223 | 0.9382 | 0.9385 | 0.9613 | 0.0257 | 0.9348 | 0.9251 | 0.9497
0944 | 00:02:25 |  29.3s | 1.0e-04 | 0.0224 | 0.9392 | 0.9384 | 0.9622 | 0.0277 | 0.9420 | 0.8912 | 0.9373
0945 | 00:03:09 |  20.7s | 1.0e-04 | 0.0218 | 0.9423 | 0.9429 | 0.9666 | 0.0258 | 0.9292 | 0.9232 | 0.9455
0946 | 00:03:46 |  29.7s | 1.0e-04 | 0.0229 | 0.9409 | 0.9415 | 0.9644 | 0.0254 | 0.9283 | 0.9273 | 0.9478
0947 | 00:04:31 |  20.5s | 1.0e-04 | 0.0233 | 0.9406 | 0.9418 | 0.9637 | 0.0254 | 0.9292 | 0.9351 | 0.9521
0948 | 00:05:07 |  20.7s | 1.0e-04 | 0.0231 | 0.9408 | 0.9418 | 0.9642 | 0.0267 | 0.9245 | 0.9291 | 0.9461
0949 | 00:05:43 |  20.6s | 1.0e-04 | 0.0233 | 0.9396 | 0.9405 | 0.9628 | 0.0254 | 0.9224 | 0.9379 | 0.9507
0950 | 00:06:19 |  20.4s | 1.0e-04 | 0.0229 | 0.9411 | 0.9410 | 0.9646 | 0.0249 | 0.9299 | 0.9260 | 0.9476
0951 | 00:06:55 |  20.8s | 1.0e-04 | 0.0233 | 0.9404 | 0.9410 | 0.9644 | 0.0256 | 0.9190 | 0.9352 | 0.9462
0952 | 00:07:31 |  29.5s | 1.0e-04 | 0.0234 | 0.9401 | 0.9415 | 0.9640 | 0.0250 | 0.9366 | 0.9241 | 0.9512
0953 | 00:08:16 |  20.6s | 1.0e-04 | 0.0230 | 0.9399 | 0.9403 | 0.9637 | 0.0257 | 0.9419 | 0.9183 | 0.9518
0954 | 00:08:53 |  29.1s | 1.0e-04 | 0.0232 | 0.9413 | 0.9429 | 0.9653 | 0.0251 | 0.9310 | 0.9244 | 0.9463
0955 | 00:09:38 |  20.4s | 1.0e-04 | 0.0235 | 0.9410 | 0.9435 | 0.9648 | 0.0247 | 0.9349 | 0.9270 | 0.9520
0956 | 00:10:14 |  20.8s | 1.0e-04 | 0.0231 | 0.9419 | 0.9442 | 0.9657 | 0.0255 | 0.9259 | 0.9236 | 0.9433
0957 | 00:10:50 |  20.3s | 1.0e-04 | 0.0235 | 0.9407 | 0.9433 | 0.9651 | 0.0264 | 0.9119 | 0.9414 | 0.9462
0958 | 00:11:26 |  20.5s | 1.0e-04 | 0.0230 | 0.9421 | 0.9441 | 0.9659 | 0.0257 | 0.9132 | 0.9414 | 0.9478
0959 | 00:12:01 |  20.6s | 1.0e-04 | 0.0231 | 0.9420 | 0.9434 | 0.9667 | 0.0261 | 0.9299 | 0.9272 | 0.9483
0960 | 00:12:38 |  30.0s | 1.0e-04 | 0.0239 | 0.9411 | 0.9422 | 0.9653 | 0.0246 | 0.9310 | 0.9265 | 0.9487
0961 | 00:13:23 |  30.5s | 1.0e-04 | 0.0238 | 0.9399 | 0.9419 | 0.9631 | 0.0255 | 0.9383 | 0.9229 | 0.9518
0962 | 00:14:08 |  20.7s | 1.0e-04 | 0.0245 | 0.9402 | 0.9417 | 0.9637 | 0.0258 | 0.9130 | 0.9455 | 0.9521
0963 | 00:14:45 |  20.5s | 1.0e-04 | 0.0243 | 0.9415 | 0.9427 | 0.9646 | 0.0255 | 0.9191 | 0.9365 | 0.9470
0964 | 00:15:21 |  20.7s | 1.0e-04 | 0.0248 | 0.9402 | 0.9404 | 0.9630 | 0.0249 | 0.9334 | 0.9171 | 0.9435
0965 | 00:15:56 |  20.8s | 1.0e-04 | 0.0244 | 0.9411 | 0.9420 | 0.9644 | 0.0258 | 0.9306 | 0.9212 | 0.9444
0966 | 00:16:33 |  20.4s | 1.0e-04 | 0.0246 | 0.9405 | 0.9419 | 0.9639 | 0.0257 | 0.9285 | 0.9270 | 0.9464
0967 | 00:17:08 |  20.8s | 1.0e-04 | 0.0242 | 0.9407 | 0.9424 | 0.9640 | 0.0243 | 0.9264 | 0.9325 | 0.9481
0968 | 00:17:45 |  30.2s | 1.0e-04 | 0.0240 | 0.9407 | 0.9435 | 0.9651 | 0.0259 | 0.9349 | 0.9198 | 0.9482
0969 | 00:18:30 |  29.1s | 1.0e-04 | 0.0242 | 0.9409 | 0.9424 | 0.9655 | 0.0253 | 0.9239 | 0.9355 | 0.9494
0970 | 00:19:14 |  20.3s | 1.0e-04 | 0.0231 | 0.9399 | 0.9414 | 0.9633 | 0.0255 | 0.9276 | 0.9318 | 0.9484
0971 | 00:19:50 |  20.4s | 1.0e-04 | 0.0235 | 0.9405 | 0.9418 | 0.9637 | 0.0251 | 0.9340 | 0.9233 | 0.9496
0972 | 00:20:26 |  20.8s | 1.0e-04 | 0.0228 | 0.9412 | 0.9419 | 0.9646 | 0.0249 | 0.9335 | 0.9288 | 0.9509
0973 | 00:21:03 |  20.8s | 1.0e-04 | 0.0229 | 0.9409 | 0.9429 | 0.9658 | 0.0256 | 0.9422 | 0.9165 | 0.9519
0974 | 00:21:39 |  20.5s | 1.0e-04 | 0.0232 | 0.9407 | 0.9403 | 0.9639 | 0.0260 | 0.9252 | 0.9325 | 0.9481
0975 | 00:22:15 |  20.7s | 1.0e-04 | 0.0236 | 0.9404 | 0.9411 | 0.9634 | 0.0262 | 0.9238 | 0.9263 | 0.9419
0976 | 00:22:53 |  20.3s | 1.0e-04 | 0.0229 | 0.9400 | 0.9397 | 0.9631 | 0.0248 | 0.9294 | 0.9270 | 0.9466
0977 | 00:23:28 |  29.1s | 1.0e-04 | 0.0226 | 0.9407 | 0.9411 | 0.9641 | 0.0256 | 0.9280 | 0.9227 | 0.9451
0978 | 00:24:12 |  21.0s | 1.0e-04 | 0.0231 | 0.9401 | 0.9415 | 0.9628 | 0.0260 | 0.9244 | 0.9309 | 0.9469
0979 | 00:24:49 |  20.9s | 1.0e-04 | 0.0226 | 0.9407 | 0.9417 | 0.9638 | 0.0245 | 0.9319 | 0.9228 | 0.9482
0980 | 00:25:25 |  21.0s | 1.0e-04 | 0.0234 | 0.9394 | 0.9403 | 0.9626 | 0.0260 | 0.9165 | 0.9380 | 0.9486
0981 | 00:26:01 |  21.0s | 1.0e-04 | 0.0231 | 0.9400 | 0.9396 | 0.9626 | 0.0257 | 0.9246 | 0.9271 | 0.9436
0982 | 00:26:38 |  20.7s | 1.0e-04 | 0.0231 | 0.9394 | 0.9394 | 0.9622 | 0.0256 | 0.9223 | 0.9329 | 0.9472
0983 | 00:27:14 |  29.1s | 1.0e-04 | 0.0230 | 0.9403 | 0.9419 | 0.9641 | 0.0244 | 0.9306 | 0.9243 | 0.9466
0984 | 00:27:58 |  20.9s | 1.0e-04 | 0.0233 | 0.9415 | 0.9420 | 0.9646 | 0.0251 | 0.9285 | 0.9270 | 0.9484
0985 | 00:28:35 |  30.3s | 1.0e-04 | 0.0229 | 0.9409 | 0.9431 | 0.9655 | 0.0255 | 0.9320 | 0.9197 | 0.9455
0986 | 00:29:21 |  21.0s | 1.0e-04 | 0.0227 | 0.9424 | 0.9438 | 0.9667 | 0.0260 | 0.9188 | 0.9318 | 0.9434
0987 | 00:29:57 |  20.7s | 1.0e-04 | 0.0227 | 0.9419 | 0.9430 | 0.9665 | 0.0263 | 0.9208 | 0.9343 | 0.9460
0988 | 00:30:32 |  21.2s | 1.0e-04 | 0.0228 | 0.9422 | 0.9446 | 0.9664 | 0.0254 | 0.9333 | 0.9219 | 0.9477
0989 | 00:31:09 |  20.7s | 1.0e-04 | 0.0226 | 0.9423 | 0.9436 | 0.9666 | 0.0252 | 0.9292 | 0.9253 | 0.9458
0990 | 00:31:44 |  20.7s | 1.0e-04 | 0.0226 | 0.9428 | 0.9454 | 0.9670 | 0.0251 | 0.9343 | 0.9206 | 0.9484
0991 | 00:32:20 |  30.0s | 1.0e-04 | 0.0227 | 0.9411 | 0.9433 | 0.9656 | 0.0255 | 0.9339 | 0.9233 | 0.9480
0992 | 00:33:06 |  20.5s | 1.0e-04 | 0.0223 | 0.9441 | 0.9445 | 0.9679 | 0.0267 | 0.9242 | 0.9313 | 0.9482
0993 | 00:33:42 |  29.8s | 1.0e-04 | 0.0220 | 0.9422 | 0.9426 | 0.9653 | 0.0261 | 0.9354 | 0.9088 | 0.9411
0994 | 00:34:27 |  20.7s | 1.0e-04 | 0.0216 | 0.9430 | 0.9447 | 0.9670 | 0.0247 | 0.9380 | 0.9217 | 0.9515
0995 | 00:35:03 |  21.1s | 1.0e-04 | 0.0220 | 0.9416 | 0.9425 | 0.9661 | 0.0251 | 0.9379 | 0.9245 | 0.9535
0996 | 00:35:39 |  20.7s | 1.0e-04 | 0.0217 | 0.9426 | 0.9442 | 0.9666 | 0.0250 | 0.9253 | 0.9386 | 0.9527
0997 | 00:36:16 |  20.8s | 1.0e-04 | 0.0215 | 0.9429 | 0.9446 | 0.9669 | 0.0255 | 0.9254 | 0.9289 | 0.9452
0998 | 00:36:52 |  20.8s | 1.0e-04 | 0.0219 | 0.9412 | 0.9422 | 0.9654 | 0.0258 | 0.9263 | 0.9336 | 0.9490
0999 | 00:37:27 |  29.7s | 1.0e-04 | 0.0220 | 0.9427 | 0.9439 | 0.9673 | 0.0251 | 0.9292 | 0.9274 | 0.9506
1000 | 00:38:13 |  21.2s | 1.0e-04 | 0.0223 | 0.9420 | 0.9439 | 0.9656 | 0.0265 | 0.9187 | 0.9361 | 0.9438
