Epoch | Time_Start | Duration | LR | T_Loss | T_Prec | T_Rec | T_P@R0.9 | V_Loss | V_Prec | V_Rec | V_P@R0.9
0001 | 05:03:13 |  46.7s | 1.0e-04 | 0.3115 | 0.2530 | 0.0578 | 0.0972 | 0.1540 | 0.8210 | 0.1949 | 0.1744
0002 | 05:04:19 |  43.2s | 1.0e-04 | 0.1539 | 0.7459 | 0.3975 | 0.2545 | 0.1204 | 0.7665 | 0.4793 | 0.3142
0003 | 05:05:23 |  42.2s | 1.0e-04 | 0.1219 | 0.7776 | 0.5327 | 0.3617 | 0.1024 | 0.7509 | 0.5821 | 0.3369
0004 | 05:06:28 |  41.5s | 1.0e-04 | 0.1091 | 0.8058 | 0.5901 | 0.3982 | 0.1019 | 0.8221 | 0.5374 | 0.3776
0005 | 05:07:31 |  40.7s | 1.0e-04 | 0.1034 | 0.8154 | 0.6241 | 0.4279 | 0.0935 | 0.8016 | 0.6050 | 0.3703
0006 | 05:08:34 |  40.7s | 1.0e-04 | 0.0970 | 0.8279 | 0.6456 | 0.4503 | 0.0927 | 0.7829 | 0.6662 | 0.4119
0007 | 05:09:36 |  41.1s | 1.0e-04 | 0.0961 | 0.8331 | 0.6533 | 0.4551 | 0.0940 | 0.8448 | 0.5884 | 0.4052
0008 | 05:10:39 |  60.5s | 1.0e-04 | 0.0958 | 0.8294 | 0.6691 | 0.4750 | 0.0882 | 0.8106 | 0.6863 | 0.4480
0009 | 05:12:04 |  41.6s | 1.0e-04 | 0.0919 | 0.8375 | 0.6792 | 0.4886 | 0.0881 | 0.8193 | 0.6712 | 0.4478
0010 | 05:13:06 |  41.9s | 1.0e-04 | 0.0885 | 0.8444 | 0.6853 | 0.5007 | 0.0846 | 0.8234 | 0.6790 | 0.4468
0011 | 05:14:09 |  42.5s | 1.0e-04 | 0.0871 | 0.8470 | 0.6967 | 0.5206 | 0.0814 | 0.8317 | 0.6763 | 0.4668
0012 | 05:15:13 |  42.2s | 1.0e-04 | 0.0871 | 0.8482 | 0.7014 | 0.5347 | 0.0812 | 0.8522 | 0.6646 | 0.4880
0013 | 05:16:18 |  41.4s | 1.0e-04 | 0.0830 | 0.8516 | 0.7142 | 0.5549 | 0.0774 | 0.8439 | 0.6954 | 0.5128
0014 | 05:17:21 |  41.9s | 1.0e-04 | 0.0807 | 0.8544 | 0.7207 | 0.5709 | 0.0760 | 0.8529 | 0.6770 | 0.5083
0015 | 05:18:27 |  41.8s | 1.0e-04 | 0.0781 | 0.8578 | 0.7323 | 0.5908 | 0.0760 | 0.8596 | 0.7016 | 0.5571
0016 | 05:19:30 |  61.7s | 1.0e-04 | 0.0753 | 0.8581 | 0.7378 | 0.6053 | 0.0739 | 0.8459 | 0.7373 | 0.5899
0017 | 05:20:53 |  41.2s | 1.0e-04 | 0.0737 | 0.8590 | 0.7428 | 0.6177 | 0.0738 | 0.7964 | 0.7867 | 0.5867
0018 | 05:21:55 |  42.7s | 1.0e-04 | 0.0721 | 0.8593 | 0.7520 | 0.6253 | 0.0714 | 0.8210 | 0.7577 | 0.5792
0019 | 05:22:59 |  42.9s | 1.0e-04 | 0.0696 | 0.8614 | 0.7577 | 0.6418 | 0.0689 | 0.8339 | 0.7519 | 0.5838
0020 | 05:24:06 |  42.7s | 1.0e-04 | 0.0692 | 0.8641 | 0.7635 | 0.6599 | 0.0692 | 0.8317 | 0.7746 | 0.6114
0021 | 05:25:10 |  42.6s | 1.0e-04 | 0.0689 | 0.8642 | 0.7693 | 0.6675 | 0.0666 | 0.8705 | 0.7390 | 0.6415
0022 | 05:26:15 |  42.6s | 1.0e-04 | 0.0667 | 0.8673 | 0.7756 | 0.6765 | 0.0669 | 0.8556 | 0.7633 | 0.6366
0023 | 05:27:19 |  42.5s | 1.0e-04 | 0.0654 | 0.8676 | 0.7785 | 0.6856 | 0.0660 | 0.8504 | 0.7658 | 0.6444
0024 | 05:28:22 |  70.4s | 1.0e-04 | 0.0644 | 0.8690 | 0.7825 | 0.6953 | 0.0652 | 0.8882 | 0.7357 | 0.6700
0025 | 05:29:57 |  41.1s | 1.0e-04 | 0.0664 | 0.8682 | 0.7871 | 0.7062 | 0.0643 | 0.8921 | 0.7211 | 0.6608
0026 | 05:30:56 |  25.0s | 1.0e-04 | 0.0636 | 0.8711 | 0.7936 | 0.7192 | 0.0635 | 0.8423 | 0.8087 | 0.7009
0027 | 05:31:37 |  25.0s | 1.0e-04 | 0.0632 | 0.8738 | 0.7980 | 0.7312 | 0.0624 | 0.8457 | 0.8060 | 0.6986
0028 | 05:32:18 |  23.1s | 1.0e-04 | 0.0610 | 0.8775 | 0.8042 | 0.7424 | 0.0602 | 0.8630 | 0.7925 | 0.7094
0029 | 05:32:58 |  23.1s | 1.0e-04 | 0.0611 | 0.8745 | 0.8021 | 0.7374 | 0.0611 | 0.8399 | 0.8095 | 0.6919
0030 | 05:33:38 |  23.6s | 1.0e-04 | 0.0608 | 0.8773 | 0.8049 | 0.7438 | 0.0606 | 0.8410 | 0.8250 | 0.7216
0031 | 05:34:20 |  23.6s | 1.0e-04 | 0.0598 | 0.8772 | 0.8081 | 0.7515 | 0.0588 | 0.8778 | 0.7695 | 0.6960
0032 | 05:35:00 |  46.5s | 1.0e-04 | 0.0585 | 0.8800 | 0.8117 | 0.7590 | 0.0563 | 0.8759 | 0.7901 | 0.7199
0033 | 05:36:02 |  24.6s | 1.0e-04 | 0.0579 | 0.8802 | 0.8124 | 0.7599 | 0.0577 | 0.8784 | 0.7939 | 0.7321
0034 | 05:36:43 |  23.1s | 1.0e-04 | 0.0570 | 0.8819 | 0.8139 | 0.7654 | 0.0580 | 0.8621 | 0.8086 | 0.7338
0035 | 05:37:22 |  23.9s | 1.0e-04 | 0.0564 | 0.8824 | 0.8173 | 0.7705 | 0.0562 | 0.8752 | 0.8044 | 0.7463
0036 | 05:38:02 |  25.4s | 1.0e-04 | 0.0561 | 0.8840 | 0.8221 | 0.7807 | 0.0567 | 0.8795 | 0.7839 | 0.7245
0037 | 05:38:43 |  24.1s | 1.0e-04 | 0.0553 | 0.8833 | 0.8239 | 0.7836 | 0.0580 | 0.8327 | 0.8320 | 0.7146
0038 | 05:39:24 |  23.0s | 1.0e-04 | 0.0548 | 0.8846 | 0.8269 | 0.7912 | 0.0562 | 0.8609 | 0.8181 | 0.7380
0039 | 05:40:04 |  23.6s | 1.0e-04 | 0.0549 | 0.8851 | 0.8243 | 0.7853 | 0.0575 | 0.8337 | 0.8425 | 0.7401
0040 | 05:40:46 |  33.2s | 1.0e-04 | 0.0552 | 0.8851 | 0.8291 | 0.7952 | 0.0551 | 0.8576 | 0.8337 | 0.7611
0041 | 05:41:36 |  25.2s | 1.0e-04 | 0.0548 | 0.8875 | 0.8313 | 0.8003 | 0.0539 | 0.8613 | 0.8239 | 0.7547
0042 | 05:42:17 |  24.6s | 1.0e-04 | 0.0546 | 0.8853 | 0.8304 | 0.7979 | 0.0522 | 0.8926 | 0.7883 | 0.7549
0043 | 05:42:59 |  24.2s | 1.0e-04 | 0.0541 | 0.8865 | 0.8345 | 0.8054 | 0.0531 | 0.8586 | 0.8382 | 0.7689
0044 | 05:43:40 |  24.5s | 1.0e-04 | 0.0533 | 0.8888 | 0.8372 | 0.8098 | 0.0535 | 0.8899 | 0.7919 | 0.7629
0045 | 05:44:20 |  23.9s | 1.0e-04 | 0.0529 | 0.8905 | 0.8374 | 0.8131 | 0.0528 | 0.8723 | 0.8312 | 0.7806
0046 | 05:44:59 |  22.7s | 1.0e-04 | 0.0525 | 0.8906 | 0.8394 | 0.8153 | 0.0523 | 0.8823 | 0.8158 | 0.7766
0047 | 05:45:39 |  38.5s | 1.0e-04 | 0.0525 | 0.8904 | 0.8390 | 0.8158 | 0.0514 | 0.8688 | 0.8289 | 0.7758
0048 | 05:46:33 |  23.8s | 1.0e-04 | 0.0513 | 0.8894 | 0.8373 | 0.8105 | 0.0520 | 0.8614 | 0.8232 | 0.7623
0049 | 05:47:13 |  23.8s | 1.0e-04 | 0.0510 | 0.8875 | 0.8391 | 0.8132 | 0.0518 | 0.8766 | 0.8367 | 0.7913
0050 | 05:47:53 |  24.1s | 1.0e-04 | 0.0509 | 0.8898 | 0.8408 | 0.8183 | 0.0515 | 0.8763 | 0.8316 | 0.7886
0051 | 05:48:34 |  23.0s | 1.0e-04 | 0.0501 | 0.8894 | 0.8406 | 0.8182 | 0.0498 | 0.8850 | 0.8120 | 0.7785
0052 | 05:49:12 |  24.8s | 1.0e-04 | 0.0502 | 0.8910 | 0.8412 | 0.8197 | 0.0528 | 0.8388 | 0.8540 | 0.7687
0053 | 05:49:53 |  23.6s | 1.0e-04 | 0.0494 | 0.8926 | 0.8434 | 0.8247 | 0.0516 | 0.8413 | 0.8600 | 0.7800
0054 | 05:50:33 |  23.0s | 1.0e-04 | 0.0496 | 0.8923 | 0.8456 | 0.8266 | 0.0494 | 0.8795 | 0.8209 | 0.7782
0055 | 05:51:12 |  36.7s | 1.0e-04 | 0.0489 | 0.8916 | 0.8468 | 0.8275 | 0.0483 | 0.8831 | 0.8210 | 0.7886
0056 | 05:52:04 |  24.2s | 1.0e-04 | 0.0491 | 0.8924 | 0.8468 | 0.8302 | 0.0500 | 0.8466 | 0.8662 | 0.7962
0057 | 05:52:44 |  23.3s | 1.0e-04 | 0.0486 | 0.8940 | 0.8498 | 0.8345 | 0.0491 | 0.8724 | 0.8527 | 0.8068
0058 | 05:53:25 |  23.9s | 1.0e-04 | 0.0482 | 0.8928 | 0.8501 | 0.8353 | 0.0474 | 0.8887 | 0.8184 | 0.7933
0059 | 05:54:05 |  24.4s | 1.0e-04 | 0.0476 | 0.8951 | 0.8537 | 0.8406 | 0.0483 | 0.8941 | 0.8248 | 0.8110
0060 | 05:54:45 |  24.3s | 1.0e-04 | 0.0474 | 0.8944 | 0.8533 | 0.8402 | 0.0475 | 0.8834 | 0.8424 | 0.8062
0061 | 05:55:26 |  23.5s | 1.0e-04 | 0.0475 | 0.8928 | 0.8525 | 0.8386 | 0.0491 | 0.8871 | 0.8377 | 0.8122
0062 | 05:56:06 |  23.8s | 1.0e-04 | 0.0470 | 0.8945 | 0.8564 | 0.8459 | 0.0503 | 0.9197 | 0.7899 | 0.8124
0063 | 05:56:46 |  37.3s | 1.0e-04 | 0.0468 | 0.8967 | 0.8571 | 0.8480 | 0.0458 | 0.9021 | 0.8224 | 0.8199
0064 | 05:57:39 |  23.7s | 1.0e-04 | 0.0471 | 0.8982 | 0.8597 | 0.8543 | 0.0465 | 0.8875 | 0.8470 | 0.8233
0065 | 05:58:20 |  22.3s | 1.0e-04 | 0.0467 | 0.8967 | 0.8603 | 0.8522 | 0.0473 | 0.8928 | 0.8314 | 0.8161
0066 | 05:58:59 |  23.4s | 1.0e-04 | 0.0478 | 0.8932 | 0.8577 | 0.8468 | 0.0468 | 0.9055 | 0.7983 | 0.8041
0067 | 05:59:40 |  24.2s | 1.0e-04 | 0.0468 | 0.8969 | 0.8615 | 0.8547 | 0.0453 | 0.8794 | 0.8505 | 0.8196
0068 | 06:00:19 |  24.4s | 1.0e-04 | 0.0461 | 0.8968 | 0.8638 | 0.8593 | 0.0452 | 0.8939 | 0.8395 | 0.8276
0069 | 06:00:59 |  23.3s | 1.0e-04 | 0.0461 | 0.8968 | 0.8616 | 0.8567 | 0.0447 | 0.8683 | 0.8637 | 0.8233
0070 | 06:01:38 |  23.9s | 1.0e-04 | 0.0455 | 0.8981 | 0.8650 | 0.8613 | 0.0459 | 0.8767 | 0.8572 | 0.8222
0071 | 06:02:19 |  38.9s | 1.0e-04 | 0.0453 | 0.8973 | 0.8680 | 0.8644 | 0.0447 | 0.8738 | 0.8540 | 0.8156
0072 | 06:03:13 |  24.9s | 1.0e-04 | 0.0450 | 0.8980 | 0.8679 | 0.8645 | 0.0445 | 0.8825 | 0.8612 | 0.8383
0073 | 06:03:54 |  24.8s | 1.0e-04 | 0.0444 | 0.8990 | 0.8714 | 0.8697 | 0.0454 | 0.8743 | 0.8728 | 0.8420
0074 | 06:04:35 |  23.7s | 1.0e-04 | 0.0442 | 0.8986 | 0.8699 | 0.8686 | 0.0443 | 0.8650 | 0.8746 | 0.8340
0075 | 06:05:16 |  23.1s | 1.0e-04 | 0.0440 | 0.8995 | 0.8699 | 0.8683 | 0.0434 | 0.9042 | 0.8289 | 0.8379
0076 | 06:05:56 |  24.6s | 1.0e-04 | 0.0434 | 0.9003 | 0.8748 | 0.8749 | 0.0431 | 0.8862 | 0.8610 | 0.8429
0077 | 06:06:36 |  24.4s | 1.0e-04 | 0.0442 | 0.8987 | 0.8718 | 0.8712 | 0.0425 | 0.8891 | 0.8537 | 0.8393
0078 | 06:07:17 |  24.6s | 1.0e-04 | 0.0436 | 0.8986 | 0.8712 | 0.8700 | 0.0440 | 0.8659 | 0.8776 | 0.8413
0079 | 06:07:58 |  35.4s | 1.0e-04 | 0.0420 | 0.8998 | 0.8732 | 0.8727 | 0.0429 | 0.8825 | 0.8683 | 0.8467
0080 | 06:08:49 |  24.7s | 1.0e-04 | 0.0416 | 0.8989 | 0.8759 | 0.8752 | 0.0443 | 0.8693 | 0.8701 | 0.8309
0081 | 06:09:30 |  23.4s | 1.0e-04 | 0.0407 | 0.9006 | 0.8782 | 0.8805 | 0.0425 | 0.8848 | 0.8680 | 0.8501
0082 | 06:10:10 |  24.3s | 1.0e-04 | 0.0411 | 0.8999 | 0.8779 | 0.8782 | 0.0436 | 0.9053 | 0.8230 | 0.8385
0083 | 06:10:50 |  24.2s | 1.0e-04 | 0.0403 | 0.9002 | 0.8785 | 0.8797 | 0.0428 | 0.8867 | 0.8593 | 0.8433
0084 | 06:11:31 |  24.5s | 1.0e-04 | 0.0406 | 0.9011 | 0.8813 | 0.8842 | 0.0427 | 0.8622 | 0.8785 | 0.8372
0085 | 06:12:12 |  23.7s | 1.0e-04 | 0.0399 | 0.9016 | 0.8805 | 0.8828 | 0.0420 | 0.8991 | 0.8452 | 0.8486
0086 | 06:12:53 |  35.9s | 1.0e-04 | 0.0397 | 0.9010 | 0.8840 | 0.8864 | 0.0420 | 0.8964 | 0.8550 | 0.8492
0087 | 06:13:47 |  22.9s | 1.0e-04 | 0.0407 | 0.9022 | 0.8850 | 0.8891 | 0.0424 | 0.8688 | 0.8878 | 0.8526
0088 | 06:14:25 |  24.7s | 1.0e-04 | 0.0401 | 0.9042 | 0.8879 | 0.8932 | 0.0412 | 0.8962 | 0.8654 | 0.8640
0089 | 06:15:07 |  23.9s | 1.0e-04 | 0.0403 | 0.9035 | 0.8892 | 0.8938 | 0.0425 | 0.8626 | 0.8976 | 0.8602
0090 | 06:15:47 |  22.7s | 1.0e-04 | 0.0401 | 0.9042 | 0.8888 | 0.8945 | 0.0403 | 0.8849 | 0.8648 | 0.8490
0091 | 06:16:25 |  23.1s | 1.0e-04 | 0.0402 | 0.9038 | 0.8889 | 0.8941 | 0.0434 | 0.9165 | 0.8178 | 0.8504
0092 | 06:17:05 |  23.0s | 1.0e-04 | 0.0397 | 0.9047 | 0.8899 | 0.8957 | 0.0415 | 0.8961 | 0.8533 | 0.8494
0093 | 06:17:46 |  23.3s | 1.0e-04 | 0.0395 | 0.9062 | 0.8932 | 0.9000 | 0.0407 | 0.8733 | 0.8750 | 0.8466
0094 | 06:18:26 |  37.8s | 1.0e-04 | 0.0392 | 0.9047 | 0.8921 | 0.8975 | 0.0410 | 0.8950 | 0.8661 | 0.8601
0095 | 06:19:21 |  23.6s | 1.0e-04 | 0.0387 | 0.9019 | 0.8879 | 0.8917 | 0.0400 | 0.9103 | 0.8468 | 0.8673
0096 | 06:20:01 |  24.0s | 1.0e-04 | 0.0388 | 0.9031 | 0.8886 | 0.8925 | 0.0397 | 0.8935 | 0.8698 | 0.8651
0097 | 06:20:41 |  24.1s | 1.0e-04 | 0.0380 | 0.9049 | 0.8902 | 0.8962 | 0.0392 | 0.8864 | 0.8726 | 0.8579
0098 | 06:21:22 |  24.5s | 1.0e-04 | 0.0382 | 0.9041 | 0.8891 | 0.8953 | 0.0417 | 0.8883 | 0.8741 | 0.8618
0099 | 06:22:04 |  24.4s | 1.0e-04 | 0.0380 | 0.9047 | 0.8895 | 0.8954 | 0.0392 | 0.8861 | 0.8810 | 0.8678
0100 | 06:22:45 |  23.8s | 1.0e-04 | 0.0375 | 0.9047 | 0.8913 | 0.8974 | 0.0397 | 0.8914 | 0.8783 | 0.8706
0101 | 06:23:26 |  23.1s | 1.0e-04 | 0.0376 | 0.9046 | 0.8929 | 0.8984 | 0.0396 | 0.8706 | 0.8986 | 0.8688
0102 | 06:24:07 |  34.1s | 1.0e-04 | 0.0376 | 0.9049 | 0.8943 | 0.9004 | 0.0400 | 0.8767 | 0.8811 | 0.8579
0103 | 06:24:57 |  23.6s | 1.0e-04 | 0.0372 | 0.9074 | 0.8972 | 0.9051 | 0.0410 | 0.8684 | 0.9017 | 0.8701
0104 | 06:25:37 |  24.3s | 1.0e-04 | 0.0367 | 0.9079 | 0.8997 | 0.9077 | 0.0402 | 0.8863 | 0.8744 | 0.8620
0105 | 06:26:18 |  24.7s | 1.0e-04 | 0.0361 | 0.9092 | 0.9003 | 0.9094 | 0.0401 | 0.9001 | 0.8729 | 0.8739
0106 | 06:27:00 |  24.4s | 1.0e-04 | 0.0361 | 0.9086 | 0.8988 | 0.9074 | 0.0392 | 0.8853 | 0.8916 | 0.8765
0107 | 06:27:40 |  23.6s | 1.0e-04 | 0.0363 | 0.9095 | 0.9018 | 0.9108 | 0.0395 | 0.8836 | 0.8975 | 0.8809
0108 | 06:28:20 |  24.3s | 1.0e-04 | 0.0363 | 0.9087 | 0.8992 | 0.9080 | 0.0395 | 0.8738 | 0.8914 | 0.8651
0109 | 06:29:03 |  23.5s | 1.0e-04 | 0.0360 | 0.9086 | 0.8994 | 0.9081 | 0.0405 | 0.8749 | 0.9076 | 0.8825
0110 | 06:29:43 |  35.7s | 1.0e-04 | 0.0357 | 0.9105 | 0.9028 | 0.9126 | 0.0390 | 0.8789 | 0.8980 | 0.8765
0111 | 06:30:36 |  23.9s | 1.0e-04 | 0.0357 | 0.9107 | 0.9036 | 0.9133 | 0.0384 | 0.8739 | 0.8982 | 0.8721
0112 | 06:31:17 |  24.0s | 1.0e-04 | 0.0356 | 0.9103 | 0.9031 | 0.9128 | 0.0384 | 0.8836 | 0.8871 | 0.8700
0113 | 06:31:57 |  25.1s | 1.0e-04 | 0.0361 | 0.9106 | 0.9023 | 0.9125 | 0.0387 | 0.8946 | 0.8927 | 0.8872
0114 | 06:32:38 |  23.9s | 1.0e-04 | 0.0354 | 0.9103 | 0.9037 | 0.9132 | 0.0391 | 0.8953 | 0.8812 | 0.8773
0115 | 06:33:18 |  24.0s | 1.0e-04 | 0.0359 | 0.9104 | 0.9032 | 0.9129 | 0.0396 | 0.8631 | 0.9125 | 0.8767
0116 | 06:33:59 |  24.5s | 1.0e-04 | 0.0352 | 0.9111 | 0.9041 | 0.9147 | 0.0383 | 0.9156 | 0.8569 | 0.8804
0117 | 06:34:41 |  23.3s | 1.0e-04 | 0.0351 | 0.9107 | 0.9039 | 0.9140 | 0.0381 | 0.9049 | 0.8766 | 0.8845
0118 | 06:35:22 |  34.8s | 1.0e-04 | 0.0365 | 0.9090 | 0.9021 | 0.9108 | 0.0460 | 0.8665 | 0.8776 | 0.8370
0119 | 06:36:14 |  24.0s | 1.0e-04 | 0.0382 | 0.9060 | 0.8949 | 0.9018 | 0.0377 | 0.8964 | 0.8884 | 0.8854
0120 | 06:36:56 |  24.2s | 1.0e-04 | 0.0362 | 0.9089 | 0.9039 | 0.9118 | 0.0374 | 0.9169 | 0.8636 | 0.8896
0121 | 06:37:37 |  24.0s | 1.0e-04 | 0.0363 | 0.9099 | 0.9046 | 0.9133 | 0.0376 | 0.9078 | 0.8783 | 0.8907
0122 | 06:38:17 |  23.9s | 1.0e-04 | 0.0357 | 0.9125 | 0.9067 | 0.9170 | 0.0371 | 0.8754 | 0.9052 | 0.8807
0123 | 06:38:58 |  23.1s | 1.0e-04 | 0.0356 | 0.9117 | 0.9069 | 0.9171 | 0.0374 | 0.8798 | 0.9074 | 0.8885
0124 | 06:39:37 |  23.2s | 1.0e-04 | 0.0358 | 0.9114 | 0.9068 | 0.9165 | 0.0363 | 0.9000 | 0.8794 | 0.8795
0125 | 06:40:17 |  23.8s | 1.0e-04 | 0.0358 | 0.9137 | 0.9074 | 0.9198 | 0.0368 | 0.8767 | 0.9197 | 0.8979
0126 | 06:41:01 |  23.4s | 1.0e-04 | 0.0340 | 0.9101 | 0.9045 | 0.9142 | 0.0355 | 0.8962 | 0.8992 | 0.8954
0127 | 06:41:42 |  23.1s | 1.0e-04 | 0.0342 | 0.9110 | 0.9032 | 0.9134 | 0.0374 | 0.9094 | 0.8744 | 0.8911
0128 | 06:42:23 |  23.1s | 1.0e-04 | 0.0344 | 0.9101 | 0.9030 | 0.9124 | 0.0358 | 0.9056 | 0.8878 | 0.8958
0129 | 06:43:03 |  24.4s | 1.0e-04 | 0.0342 | 0.9123 | 0.9048 | 0.9161 | 0.0363 | 0.8840 | 0.9014 | 0.8851
0130 | 06:43:44 |  23.7s | 1.0e-04 | 0.0341 | 0.9108 | 0.9038 | 0.9140 | 0.0357 | 0.8979 | 0.8945 | 0.8929
0131 | 06:44:24 |  24.3s | 1.0e-04 | 0.0341 | 0.9113 | 0.9032 | 0.9138 | 0.0367 | 0.9061 | 0.8867 | 0.8962
0132 | 06:45:05 |  23.6s | 1.0e-04 | 0.0337 | 0.9143 | 0.9073 | 0.9200 | 0.0353 | 0.8992 | 0.8901 | 0.8895
0133 | 06:45:46 |  35.6s | 1.0e-04 | 0.0338 | 0.9122 | 0.9069 | 0.9174 | 0.0348 | 0.9118 | 0.8809 | 0.8966
0134 | 06:46:38 |  24.5s | 1.0e-04 | 0.0349 | 0.9113 | 0.9054 | 0.9158 | 0.0365 | 0.9174 | 0.8680 | 0.8932
0135 | 06:47:19 |  23.1s | 1.0e-04 | 0.0342 | 0.9131 | 0.9073 | 0.9187 | 0.0369 | 0.9163 | 0.8719 | 0.8943
0136 | 06:47:59 |  23.4s | 1.0e-04 | 0.0346 | 0.9123 | 0.9071 | 0.9179 | 0.0365 | 0.9125 | 0.8705 | 0.8903
0137 | 06:48:40 |  23.2s | 1.0e-04 | 0.0345 | 0.9113 | 0.9051 | 0.9152 | 0.0360 | 0.8944 | 0.8963 | 0.8910
0138 | 06:49:21 |  23.9s | 1.0e-04 | 0.0343 | 0.9130 | 0.9075 | 0.9187 | 0.0343 | 0.9059 | 0.8903 | 0.8974
0139 | 06:50:01 |  24.7s | 1.0e-04 | 0.0347 | 0.9127 | 0.9069 | 0.9180 | 0.0351 | 0.8967 | 0.8939 | 0.8916
0140 | 06:50:42 |  23.1s | 1.0e-04 | 0.0343 | 0.9129 | 0.9071 | 0.9182 | 0.0348 | 0.9116 | 0.8864 | 0.9013
0141 | 06:51:21 |  37.1s | 1.0e-04 | 0.0337 | 0.9126 | 0.9068 | 0.9180 | 0.0360 | 0.8878 | 0.9035 | 0.8908
0142 | 06:52:15 |  23.6s | 1.0e-04 | 0.0331 | 0.9134 | 0.9082 | 0.9201 | 0.0348 | 0.9080 | 0.8857 | 0.8956
0143 | 06:52:54 |  23.8s | 1.0e-04 | 0.0333 | 0.9118 | 0.9062 | 0.9168 | 0.0370 | 0.8648 | 0.9277 | 0.8967
0144 | 06:53:35 |  22.5s | 1.0e-04 | 0.0331 | 0.9147 | 0.9086 | 0.9216 | 0.0357 | 0.8813 | 0.9146 | 0.8942
0145 | 06:54:15 |  22.7s | 1.0e-04 | 0.0329 | 0.9150 | 0.9085 | 0.9219 | 0.0342 | 0.9016 | 0.8914 | 0.8937
0146 | 06:54:56 |  23.1s | 1.0e-04 | 0.0329 | 0.9140 | 0.9089 | 0.9205 | 0.0349 | 0.8926 | 0.9165 | 0.9072
0147 | 06:55:36 |  23.3s | 1.0e-04 | 0.0325 | 0.9143 | 0.9091 | 0.9210 | 0.0344 | 0.9004 | 0.9017 | 0.9017
0148 | 06:56:15 |  22.9s | 1.0e-04 | 0.0327 | 0.9146 | 0.9085 | 0.9213 | 0.0348 | 0.9091 | 0.8920 | 0.9027
0149 | 06:56:54 |  34.1s | 1.0e-04 | 0.0333 | 0.9150 | 0.9103 | 0.9231 | 0.0353 | 0.8884 | 0.9063 | 0.8942
0150 | 06:57:44 |  23.9s | 1.0e-04 | 0.0331 | 0.9162 | 0.9111 | 0.9248 | 0.0347 | 0.9036 | 0.8941 | 0.8979
0151 | 06:58:25 |  23.1s | 1.0e-04 | 0.0329 | 0.9157 | 0.9101 | 0.9236 | 0.0351 | 0.9084 | 0.8924 | 0.9012
0152 | 06:59:06 |  23.1s | 1.0e-04 | 0.0332 | 0.9155 | 0.9115 | 0.9241 | 0.0339 | 0.9120 | 0.8885 | 0.9037
0153 | 06:59:46 |  23.3s | 1.0e-04 | 0.0361 | 0.9137 | 0.9077 | 0.9199 | 0.0352 | 0.9246 | 0.8650 | 0.9003
0154 | 07:00:26 |  23.2s | 1.0e-04 | 0.0330 | 0.9171 | 0.9117 | 0.9260 | 0.0345 | 0.9138 | 0.8903 | 0.9062
0155 | 07:01:07 |  24.1s | 1.0e-04 | 0.0332 | 0.9150 | 0.9108 | 0.9233 | 0.0342 | 0.9119 | 0.8898 | 0.9045
0156 | 07:01:49 |  23.9s | 1.0e-04 | 0.0325 | 0.9167 | 0.9130 | 0.9263 | 0.0342 | 0.9042 | 0.8951 | 0.9004
0157 | 07:02:29 |  36.7s | 1.0e-04 | 0.0328 | 0.9175 | 0.9134 | 0.9274 | 0.0353 | 0.9196 | 0.8789 | 0.9050
0158 | 07:03:22 |  24.1s | 1.0e-04 | 0.0330 | 0.9167 | 0.9119 | 0.9255 | 0.0339 | 0.8945 | 0.9159 | 0.9085
0159 | 07:04:02 |  24.2s | 1.0e-04 | 0.0328 | 0.9160 | 0.9137 | 0.9259 | 0.0341 | 0.9121 | 0.8921 | 0.9044
0160 | 07:04:43 |  23.6s | 1.0e-04 | 0.0323 | 0.9188 | 0.9153 | 0.9304 | 0.0336 | 0.8960 | 0.9177 | 0.9115
0161 | 07:05:23 |  23.7s | 1.0e-04 | 0.0327 | 0.9173 | 0.9131 | 0.9270 | 0.0337 | 0.9165 | 0.8793 | 0.9017
0162 | 07:06:04 |  23.5s | 1.0e-04 | 0.0323 | 0.9182 | 0.9154 | 0.9292 | 0.0347 | 0.9099 | 0.8875 | 0.9006
0163 | 07:06:42 |  23.9s | 1.0e-04 | 0.0320 | 0.9180 | 0.9139 | 0.9281 | 0.0332 | 0.8997 | 0.9074 | 0.9054
0164 | 07:07:20 |  25.2s | 1.0e-04 | 0.0329 | 0.9164 | 0.9116 | 0.9257 | 0.0334 | 0.9059 | 0.9030 | 0.9086
0165 | 07:08:03 |  34.2s | 1.0e-04 | 0.0322 | 0.9190 | 0.9163 | 0.9306 | 0.0327 | 0.9071 | 0.9033 | 0.9099
0166 | 07:08:51 |  24.5s | 1.0e-04 | 0.0324 | 0.9195 | 0.9166 | 0.9308 | 0.0338 | 0.9125 | 0.8968 | 0.9098
0167 | 07:09:31 |  24.0s | 1.0e-04 | 0.0323 | 0.9205 | 0.9173 | 0.9325 | 0.0333 | 0.9198 | 0.8841 | 0.9080
0168 | 07:10:11 |  23.5s | 1.0e-04 | 0.0324 | 0.9184 | 0.9157 | 0.9306 | 0.0335 | 0.8927 | 0.9178 | 0.9099
0169 | 07:10:52 |  22.8s | 1.0e-04 | 0.0324 | 0.9189 | 0.9146 | 0.9294 | 0.0344 | 0.8925 | 0.9101 | 0.9028
0170 | 07:11:33 |  23.2s | 1.0e-04 | 0.0323 | 0.9197 | 0.9151 | 0.9316 | 0.0334 | 0.8978 | 0.9049 | 0.9021
0171 | 07:12:10 |  24.2s | 1.0e-04 | 0.0323 | 0.9183 | 0.9150 | 0.9293 | 0.0343 | 0.9043 | 0.9002 | 0.9045
0172 | 07:12:49 |  35.6s | 1.0e-04 | 0.0325 | 0.9195 | 0.9163 | 0.9311 | 0.0342 | 0.8820 | 0.9245 | 0.9076
0173 | 07:13:39 |  24.3s | 1.0e-04 | 0.0313 | 0.9195 | 0.9159 | 0.9311 | 0.0345 | 0.8926 | 0.9139 | 0.9069
0174 | 07:14:17 |  24.7s | 1.0e-04 | 0.0301 | 0.9211 | 0.9187 | 0.9343 | 0.0349 | 0.9153 | 0.8891 | 0.9079
0175 | 07:14:58 |  23.8s | 1.0e-04 | 0.0311 | 0.9198 | 0.9154 | 0.9310 | 0.0342 | 0.8855 | 0.9216 | 0.9075
0176 | 07:15:38 |  23.3s | 1.0e-04 | 0.0306 | 0.9219 | 0.9178 | 0.9347 | 0.0345 | 0.8929 | 0.9114 | 0.9029
0177 | 07:16:18 |  23.1s | 1.0e-04 | 0.0304 | 0.9208 | 0.9181 | 0.9338 | 0.0333 | 0.9131 | 0.8954 | 0.9086
0178 | 07:16:57 |  23.5s | 1.0e-04 | 0.0309 | 0.9204 | 0.9162 | 0.9323 | 0.0334 | 0.8936 | 0.9167 | 0.9093
0179 | 07:17:36 |  23.4s | 1.0e-04 | 0.0304 | 0.9216 | 0.9195 | 0.9360 | 0.0351 | 0.9220 | 0.8777 | 0.9048
0180 | 07:18:15 |  37.4s | 1.0e-04 | 0.0309 | 0.9202 | 0.9162 | 0.9319 | 0.0325 | 0.9134 | 0.8915 | 0.9064
0181 | 07:19:08 |  22.9s | 1.0e-04 | 0.0302 | 0.9231 | 0.9187 | 0.9370 | 0.0330 | 0.9090 | 0.8990 | 0.9079
0182 | 07:19:47 |  24.3s | 1.0e-04 | 0.0308 | 0.9221 | 0.9185 | 0.9354 | 0.0329 | 0.9094 | 0.9008 | 0.9098
0183 | 07:20:26 |  23.9s | 1.0e-04 | 0.0310 | 0.9232 | 0.9193 | 0.9367 | 0.0341 | 0.9221 | 0.8797 | 0.9069
0184 | 07:21:04 |  22.7s | 1.0e-04 | 0.0301 | 0.9234 | 0.9198 | 0.9376 | 0.0324 | 0.9076 | 0.8966 | 0.9040
0185 | 07:21:45 |  22.7s | 1.0e-04 | 0.0303 | 0.9228 | 0.9202 | 0.9372 | 0.0328 | 0.9180 | 0.8884 | 0.9099
0186 | 07:22:25 |  23.0s | 1.0e-04 | 0.0302 | 0.9229 | 0.9182 | 0.9356 | 0.0336 | 0.9145 | 0.9011 | 0.9155
0187 | 07:23:03 |  23.6s | 1.0e-04 | 0.0304 | 0.9225 | 0.9197 | 0.9371 | 0.0328 | 0.8997 | 0.9073 | 0.9069
0188 | 07:23:41 |  37.2s | 1.0e-04 | 0.0311 | 0.9218 | 0.9178 | 0.9345 | 0.0339 | 0.9082 | 0.8964 | 0.9056
0189 | 07:24:36 |  23.4s | 1.0e-04 | 0.0312 | 0.9212 | 0.9181 | 0.9348 | 0.0314 | 0.9067 | 0.9127 | 0.9159
0190 | 07:25:15 |  24.1s | 1.0e-04 | 0.0317 | 0.9205 | 0.9178 | 0.9332 | 0.0328 | 0.9069 | 0.9008 | 0.9071
0191 | 07:25:55 |  24.5s | 1.0e-04 | 0.0316 | 0.9211 | 0.9187 | 0.9344 | 0.0329 | 0.8982 | 0.9126 | 0.9087
0192 | 07:26:35 |  22.6s | 1.0e-04 | 0.0312 | 0.9223 | 0.9193 | 0.9362 | 0.0339 | 0.8862 | 0.9258 | 0.9104
0193 | 07:27:13 |  24.1s | 1.0e-04 | 0.0313 | 0.9207 | 0.9177 | 0.9331 | 0.0336 | 0.9162 | 0.8876 | 0.9068
0194 | 07:27:54 |  24.2s | 1.0e-04 | 0.0313 | 0.9227 | 0.9197 | 0.9357 | 0.0325 | 0.8982 | 0.9201 | 0.9153
0195 | 07:28:34 |  23.8s | 1.0e-04 | 0.0311 | 0.9218 | 0.9197 | 0.9361 | 0.0323 | 0.8993 | 0.9208 | 0.9176
0196 | 07:29:13 |  35.4s | 1.0e-04 | 0.0309 | 0.9199 | 0.9181 | 0.9331 | 0.0326 | 0.9076 | 0.9043 | 0.9115
0197 | 07:30:04 |  23.1s | 1.0e-04 | 0.0307 | 0.9226 | 0.9183 | 0.9352 | 0.0316 | 0.9074 | 0.9165 | 0.9191
0198 | 07:30:41 |  24.1s | 1.0e-04 | 0.0309 | 0.9204 | 0.9188 | 0.9339 | 0.0321 | 0.9069 | 0.9064 | 0.9128
0199 | 07:31:20 |  24.2s | 1.0e-04 | 0.0306 | 0.9210 | 0.9171 | 0.9337 | 0.0310 | 0.9090 | 0.9028 | 0.9103
0200 | 07:31:58 |  24.1s | 1.0e-04 | 0.0309 | 0.9204 | 0.9186 | 0.9343 | 0.0325 | 0.9208 | 0.9066 | 0.9253
0201 | 07:32:39 |  23.4s | 1.0e-04 | 0.0310 | 0.9212 | 0.9170 | 0.9342 | 0.0319 | 0.9358 | 0.8880 | 0.9295
0202 | 07:33:20 |  29.9s | 1.0e-04 | 0.0314 | 0.9210 | 0.9176 | 0.9345 | 0.0317 | 0.9178 | 0.8945 | 0.9138
0203 | 07:34:08 |  23.8s | 1.0e-04 | 0.0309 | 0.9216 | 0.9198 | 0.9360 | 0.0328 | 0.9070 | 0.9087 | 0.9137
0204 | 07:34:51 |  34.7s | 1.0e-04 | 0.0314 | 0.9250 | 0.9226 | 0.9406 | 0.0318 | 0.9141 | 0.9051 | 0.9175
0205 | 07:35:42 |  23.3s | 1.0e-04 | 0.0311 | 0.9250 | 0.9231 | 0.9409 | 0.0322 | 0.8998 | 0.9143 | 0.9131
0206 | 07:36:23 |  23.4s | 1.0e-04 | 0.0309 | 0.9244 | 0.9232 | 0.9410 | 0.0316 | 0.9050 | 0.9133 | 0.9162
0207 | 07:37:02 |  23.9s | 1.0e-04 | 0.0311 | 0.9241 | 0.9252 | 0.9412 | 0.0332 | 0.9176 | 0.8940 | 0.9130
0208 | 07:37:43 |  24.4s | 1.0e-04 | 0.0307 | 0.9254 | 0.9243 | 0.9420 | 0.0321 | 0.9083 | 0.9138 | 0.9197
0209 | 07:38:24 |  25.0s | 1.0e-04 | 0.0311 | 0.9248 | 0.9239 | 0.9417 | 0.0328 | 0.9031 | 0.9134 | 0.9151
0210 | 07:39:06 |  31.7s | 1.0e-04 | 0.0305 | 0.9244 | 0.9231 | 0.9400 | 0.0325 | 0.8946 | 0.9213 | 0.9178
0211 | 07:39:54 |  36.8s | 1.0e-04 | 0.0302 | 0.9248 | 0.9227 | 0.9409 | 0.0324 | 0.9134 | 0.9064 | 0.9180
0212 | 07:40:48 |  23.8s | 1.0e-04 | 0.0303 | 0.9262 | 0.9245 | 0.9432 | 0.0317 | 0.9111 | 0.9091 | 0.9182
0213 | 07:41:28 |  25.0s | 1.0e-04 | 0.0307 | 0.9252 | 0.9222 | 0.9407 | 0.0335 | 0.9197 | 0.8897 | 0.9130
0214 | 07:42:09 |  23.4s | 1.0e-04 | 0.0303 | 0.9259 | 0.9234 | 0.9414 | 0.0328 | 0.9059 | 0.9114 | 0.9168
0215 | 07:42:49 |  23.6s | 1.0e-04 | 0.0296 | 0.9269 | 0.9250 | 0.9442 | 0.0317 | 0.9124 | 0.9076 | 0.9182
0216 | 07:43:30 |  23.7s | 1.0e-04 | 0.0305 | 0.9249 | 0.9239 | 0.9415 | 0.0326 | 0.9130 | 0.9061 | 0.9193
0217 | 07:44:12 |  25.1s | 1.0e-04 | 0.0298 | 0.9253 | 0.9256 | 0.9420 | 0.0330 | 0.8946 | 0.9172 | 0.9115
0218 | 07:44:53 |  30.6s | 1.0e-04 | 0.0302 | 0.9255 | 0.9245 | 0.9425 | 0.0334 | 0.8948 | 0.9130 | 0.9077
0219 | 07:45:39 |  36.3s | 1.0e-04 | 0.0297 | 0.9240 | 0.9239 | 0.9406 | 0.0333 | 0.8976 | 0.9151 | 0.9118
0220 | 07:46:32 |  24.4s | 1.0e-04 | 0.0290 | 0.9247 | 0.9215 | 0.9395 | 0.0333 | 0.9133 | 0.9039 | 0.9161
0221 | 07:47:13 |  23.6s | 1.0e-04 | 0.0292 | 0.9233 | 0.9198 | 0.9376 | 0.0317 | 0.9045 | 0.9066 | 0.9108
0222 | 07:47:54 |  24.4s | 1.0e-04 | 0.0286 | 0.9253 | 0.9220 | 0.9403 | 0.0324 | 0.9036 | 0.9121 | 0.9135
0223 | 07:48:35 |  24.3s | 1.0e-04 | 0.0293 | 0.9240 | 0.9199 | 0.9387 | 0.0313 | 0.9029 | 0.9218 | 0.9204
0224 | 07:49:16 |  24.4s | 1.0e-04 | 0.0288 | 0.9244 | 0.9226 | 0.9397 | 0.0310 | 0.9109 | 0.9086 | 0.9190
0225 | 07:49:56 |  23.7s | 1.0e-04 | 0.0293 | 0.9226 | 0.9205 | 0.9373 | 0.0328 | 0.9282 | 0.8804 | 0.9149
0226 | 07:50:39 |  22.8s | 1.0e-04 | 0.0295 | 0.9259 | 0.9223 | 0.9416 | 0.0333 | 0.8840 | 0.9306 | 0.9165
0227 | 07:51:17 |  36.2s | 1.0e-04 | 0.0293 | 0.9258 | 0.9240 | 0.9423 | 0.0309 | 0.9132 | 0.9125 | 0.9232
0228 | 07:52:11 |  23.2s | 1.0e-04 | 0.0292 | 0.9272 | 0.9247 | 0.9427 | 0.0323 | 0.9154 | 0.9036 | 0.9187
0229 | 07:52:52 |  23.2s | 1.0e-04 | 0.0296 | 0.9265 | 0.9245 | 0.9430 | 0.0317 | 0.9072 | 0.9086 | 0.9146
0230 | 07:53:31 |  23.5s | 1.0e-04 | 0.0294 | 0.9289 | 0.9254 | 0.9456 | 0.0317 | 0.9057 | 0.9131 | 0.9172
0231 | 07:54:11 |  23.9s | 1.0e-04 | 0.0290 | 0.9270 | 0.9257 | 0.9443 | 0.0323 | 0.9018 | 0.9094 | 0.9101
0232 | 07:54:51 |  23.6s | 1.0e-04 | 0.0293 | 0.9273 | 0.9255 | 0.9448 | 0.0326 | 0.8856 | 0.9307 | 0.9161
0233 | 07:55:30 |  32.4s | 1.0e-04 | 0.0286 | 0.9285 | 0.9277 | 0.9471 | 0.0318 | 0.9167 | 0.8994 | 0.9164
0234 | 07:56:19 |  24.5s | 1.0e-04 | 0.0288 | 0.9269 | 0.9258 | 0.9443 | 0.0322 | 0.8931 | 0.9259 | 0.9179
0235 | 07:57:01 |  35.1s | 1.0e-04 | 0.0291 | 0.9245 | 0.9224 | 0.9397 | 0.0319 | 0.9057 | 0.9133 | 0.9168
0236 | 07:57:53 |  22.8s | 1.0e-04 | 0.0290 | 0.9248 | 0.9206 | 0.9397 | 0.0329 | 0.8854 | 0.9355 | 0.9239
0237 | 07:58:33 |  23.7s | 1.0e-04 | 0.0296 | 0.9226 | 0.9194 | 0.9362 | 0.0311 | 0.9068 | 0.9183 | 0.9222
0238 | 07:59:14 |  23.8s | 1.0e-04 | 0.0295 | 0.9224 | 0.9179 | 0.9362 | 0.0314 | 0.9082 | 0.9124 | 0.9188
0239 | 07:59:55 |  23.6s | 1.0e-04 | 0.0295 | 0.9216 | 0.9175 | 0.9343 | 0.0307 | 0.9097 | 0.9220 | 0.9283
0240 | 08:00:34 |  24.5s | 1.0e-04 | 0.0291 | 0.9232 | 0.9191 | 0.9377 | 0.0317 | 0.9118 | 0.9084 | 0.9189
0241 | 08:01:14 |  31.0s | 1.0e-04 | 0.0291 | 0.9231 | 0.9198 | 0.9370 | 0.0316 | 0.9250 | 0.8949 | 0.9213
0242 | 08:02:01 |  24.4s | 1.0e-04 | 0.0294 | 0.9225 | 0.9172 | 0.9345 | 0.0316 | 0.9071 | 0.9180 | 0.9226
0243 | 08:02:43 |  36.2s | 1.0e-04 | 0.0282 | 0.9250 | 0.9220 | 0.9404 | 0.0313 | 0.9035 | 0.9107 | 0.9121
0244 | 08:03:34 |  25.0s | 1.0e-04 | 0.0278 | 0.9247 | 0.9209 | 0.9400 | 0.0311 | 0.9216 | 0.8961 | 0.9185
0245 | 08:04:15 |  24.2s | 1.0e-04 | 0.0283 | 0.9250 | 0.9208 | 0.9396 | 0.0307 | 0.9052 | 0.9242 | 0.9278
0246 | 08:04:55 |  23.8s | 1.0e-04 | 0.0281 | 0.9246 | 0.9207 | 0.9397 | 0.0328 | 0.9356 | 0.8658 | 0.9159
0247 | 08:05:36 |  23.8s | 1.0e-04 | 0.0282 | 0.9242 | 0.9201 | 0.9384 | 0.0308 | 0.9199 | 0.9128 | 0.9302
0248 | 08:06:17 |  32.0s | 1.0e-04 | 0.0278 | 0.9259 | 0.9224 | 0.9410 | 0.0307 | 0.9069 | 0.9211 | 0.9251
0249 | 08:07:05 |  23.7s | 1.0e-04 | 0.0279 | 0.9276 | 0.9234 | 0.9441 | 0.0321 | 0.9036 | 0.8981 | 0.9018
0250 | 08:07:46 |  24.0s | 1.0e-04 | 0.0283 | 0.9267 | 0.9233 | 0.9425 | 0.0318 | 0.9062 | 0.9159 | 0.9185
0251 | 08:08:30 |  24.9s | 1.0e-04 | 0.0289 | 0.9276 | 0.9270 | 0.9455 | 0.0304 | 0.9148 | 0.9099 | 0.9220
0252 | 08:09:10 |  23.6s | 1.0e-04 | 0.0287 | 0.9286 | 0.9278 | 0.9470 | 0.0314 | 0.9053 | 0.9085 | 0.9136
0253 | 08:09:50 |  24.6s | 1.0e-04 | 0.0289 | 0.9278 | 0.9260 | 0.9452 | 0.0325 | 0.9172 | 0.9028 | 0.9198
0254 | 08:10:30 |  24.7s | 1.0e-04 | 0.0286 | 0.9291 | 0.9279 | 0.9480 | 0.0318 | 0.9083 | 0.9099 | 0.9164
0255 | 08:11:11 |  24.1s | 1.0e-04 | 0.0288 | 0.9286 | 0.9281 | 0.9469 | 0.0320 | 0.9112 | 0.9077 | 0.9176
0256 | 08:11:51 |  31.3s | 1.0e-04 | 0.0284 | 0.9280 | 0.9278 | 0.9467 | 0.0312 | 0.9191 | 0.9063 | 0.9248
0257 | 08:12:39 |  23.7s | 1.0e-04 | 0.0287 | 0.9287 | 0.9269 | 0.9463 | 0.0301 | 0.9162 | 0.9050 | 0.9197
0258 | 08:13:20 |  34.0s | 1.0e-04 | 0.0284 | 0.9290 | 0.9274 | 0.9476 | 0.0303 | 0.9147 | 0.9151 | 0.9251
0259 | 08:14:10 |  23.1s | 1.0e-04 | 0.0289 | 0.9280 | 0.9256 | 0.9452 | 0.0315 | 0.8954 | 0.9203 | 0.9142
0260 | 08:14:51 |  24.3s | 1.0e-04 | 0.0290 | 0.9267 | 0.9256 | 0.9442 | 0.0295 | 0.9184 | 0.9026 | 0.9204
0261 | 08:15:31 |  24.1s | 1.0e-04 | 0.0288 | 0.9261 | 0.9242 | 0.9430 | 0.0310 | 0.9315 | 0.8883 | 0.9240
0262 | 08:16:11 |  23.7s | 1.0e-04 | 0.0288 | 0.9275 | 0.9241 | 0.9439 | 0.0316 | 0.9285 | 0.8878 | 0.9198
0263 | 08:16:51 |  24.7s | 1.0e-04 | 0.0294 | 0.9263 | 0.9238 | 0.9436 | 0.0307 | 0.9029 | 0.9297 | 0.9290
0264 | 08:17:32 |  32.1s | 1.0e-04 | 0.0288 | 0.9277 | 0.9255 | 0.9452 | 0.0312 | 0.8971 | 0.9280 | 0.9226
0265 | 08:18:20 |  24.9s | 1.0e-04 | 0.0288 | 0.9273 | 0.9242 | 0.9439 | 0.0296 | 0.9136 | 0.9182 | 0.9299
0266 | 08:19:01 |  35.2s | 1.0e-04 | 0.0283 | 0.9291 | 0.9261 | 0.9463 | 0.0303 | 0.9103 | 0.9121 | 0.9207
0267 | 08:19:52 |  22.6s | 1.0e-04 | 0.0281 | 0.9290 | 0.9270 | 0.9471 | 0.0305 | 0.9224 | 0.9057 | 0.9271
0268 | 08:20:31 |  24.7s | 1.0e-04 | 0.0276 | 0.9299 | 0.9281 | 0.9487 | 0.0313 | 0.9175 | 0.9070 | 0.9227
0269 | 08:21:14 |  23.2s | 1.0e-04 | 0.0277 | 0.9301 | 0.9283 | 0.9487 | 0.0308 | 0.9112 | 0.9132 | 0.9236
0270 | 08:21:55 |  23.0s | 1.0e-04 | 0.0277 | 0.9289 | 0.9272 | 0.9473 | 0.0306 | 0.9167 | 0.9111 | 0.9254
0271 | 08:22:36 |  23.3s | 1.0e-04 | 0.0278 | 0.9290 | 0.9282 | 0.9474 | 0.0313 | 0.9187 | 0.9018 | 0.9197
0272 | 08:23:16 |  31.0s | 1.0e-04 | 0.0282 | 0.9289 | 0.9265 | 0.9468 | 0.0311 | 0.9100 | 0.9146 | 0.9222
0273 | 08:24:04 |  23.2s | 1.0e-04 | 0.0284 | 0.9291 | 0.9265 | 0.9473 | 0.0310 | 0.9088 | 0.9098 | 0.9170
0274 | 08:24:45 |  34.0s | 1.0e-04 | 0.0285 | 0.9289 | 0.9275 | 0.9470 | 0.0317 | 0.8919 | 0.9326 | 0.9230
0275 | 08:25:35 |  23.8s | 1.0e-04 | 0.0288 | 0.9271 | 0.9249 | 0.9442 | 0.0301 | 0.9114 | 0.9210 | 0.9271
0276 | 08:26:16 |  23.5s | 1.0e-04 | 0.0281 | 0.9282 | 0.9254 | 0.9455 | 0.0315 | 0.9189 | 0.9051 | 0.9235
0277 | 08:26:56 |  24.6s | 1.0e-04 | 0.0286 | 0.9288 | 0.9255 | 0.9462 | 0.0311 | 0.9129 | 0.9172 | 0.9279
0278 | 08:27:35 |  24.2s | 1.0e-04 | 0.0286 | 0.9288 | 0.9252 | 0.9454 | 0.0300 | 0.9121 | 0.9127 | 0.9230
0279 | 08:28:16 |  23.8s | 1.0e-04 | 0.0284 | 0.9275 | 0.9265 | 0.9450 | 0.0306 | 0.9221 | 0.9014 | 0.9231
0280 | 08:28:57 |  30.6s | 1.0e-04 | 0.0281 | 0.9284 | 0.9259 | 0.9462 | 0.0305 | 0.9069 | 0.9175 | 0.9208
0281 | 08:29:44 |  22.5s | 1.0e-04 | 0.0284 | 0.9283 | 0.9253 | 0.9455 | 0.0303 | 0.9151 | 0.9108 | 0.9233
0282 | 08:30:24 |  34.6s | 1.0e-04 | 0.0282 | 0.9286 | 0.9267 | 0.9462 | 0.0316 | 0.9289 | 0.8932 | 0.9247
0283 | 08:31:15 |  23.5s | 1.0e-04 | 0.0281 | 0.9287 | 0.9259 | 0.9464 | 0.0310 | 0.9165 | 0.9098 | 0.9242
0284 | 08:31:54 |  23.9s | 1.0e-04 | 0.0280 | 0.9290 | 0.9250 | 0.9457 | 0.0294 | 0.9208 | 0.9131 | 0.9301
0285 | 08:32:35 |  24.0s | 1.0e-04 | 0.0285 | 0.9277 | 0.9245 | 0.9447 | 0.0295 | 0.9230 | 0.9094 | 0.9302
0286 | 08:33:15 |  25.1s | 1.0e-04 | 0.0283 | 0.9277 | 0.9256 | 0.9457 | 0.0303 | 0.9228 | 0.9010 | 0.9237
0287 | 08:33:56 |  25.6s | 1.0e-04 | 0.0281 | 0.9284 | 0.9261 | 0.9459 | 0.0299 | 0.9100 | 0.9133 | 0.9209
0288 | 08:34:38 |  32.8s | 1.0e-04 | 0.0281 | 0.9293 | 0.9274 | 0.9473 | 0.0304 | 0.9132 | 0.9166 | 0.9280
0289 | 08:35:26 |  24.2s | 1.0e-04 | 0.0287 | 0.9277 | 0.9257 | 0.9454 | 0.0302 | 0.9071 | 0.9212 | 0.9253
0290 | 08:36:07 |  33.7s | 1.0e-04 | 0.0277 | 0.9291 | 0.9268 | 0.9467 | 0.0304 | 0.9163 | 0.9113 | 0.9246
0291 | 08:36:56 |  23.9s | 1.0e-04 | 0.0274 | 0.9302 | 0.9277 | 0.9482 | 0.0304 | 0.9136 | 0.9130 | 0.9239
0292 | 08:37:35 |  23.3s | 1.0e-04 | 0.0273 | 0.9299 | 0.9272 | 0.9474 | 0.0313 | 0.8888 | 0.9406 | 0.9291
0293 | 08:38:15 |  22.8s | 1.0e-04 | 0.0269 | 0.9296 | 0.9273 | 0.9477 | 0.0302 | 0.9152 | 0.9140 | 0.9267
0294 | 08:38:55 |  24.5s | 1.0e-04 | 0.0272 | 0.9295 | 0.9273 | 0.9481 | 0.0314 | 0.9141 | 0.9146 | 0.9255
0295 | 08:39:36 |  31.6s | 1.0e-04 | 0.0276 | 0.9286 | 0.9263 | 0.9470 | 0.0303 | 0.9207 | 0.8990 | 0.9201
0296 | 08:40:23 |  23.9s | 1.0e-04 | 0.0275 | 0.9282 | 0.9256 | 0.9454 | 0.0309 | 0.9282 | 0.8913 | 0.9227
0297 | 08:41:03 |  33.2s | 1.0e-04 | 0.0277 | 0.9286 | 0.9253 | 0.9456 | 0.0297 | 0.9218 | 0.9062 | 0.9261
0298 | 08:41:53 |  24.1s | 1.0e-04 | 0.0280 | 0.9281 | 0.9249 | 0.9457 | 0.0303 | 0.9194 | 0.9080 | 0.9253
0299 | 08:42:33 |  24.6s | 1.0e-04 | 0.0279 | 0.9292 | 0.9254 | 0.9457 | 0.0303 | 0.9109 | 0.9162 | 0.9256
0300 | 08:43:12 |  24.1s | 1.0e-04 | 0.0284 | 0.9276 | 0.9243 | 0.9443 | 0.0298 | 0.9156 | 0.9157 | 0.9277
0301 | 08:43:53 |  24.4s | 1.0e-04 | 0.0289 | 0.9255 | 0.9225 | 0.9407 | 0.0301 | 0.9301 | 0.8952 | 0.9272
0302 | 08:44:33 |  24.3s | 1.0e-04 | 0.0280 | 0.9278 | 0.9264 | 0.9458 | 0.0303 | 0.8964 | 0.9293 | 0.9249
0303 | 08:45:14 |  32.5s | 1.0e-04 | 0.0281 | 0.9293 | 0.9261 | 0.9464 | 0.0300 | 0.9251 | 0.9012 | 0.9261
0304 | 08:46:04 |  23.2s | 1.0e-04 | 0.0283 | 0.9284 | 0.9275 | 0.9464 | 0.0315 | 0.9190 | 0.9129 | 0.9291
0305 | 08:46:45 |  32.5s | 1.0e-04 | 0.0282 | 0.9295 | 0.9277 | 0.9492 | 0.0312 | 0.9382 | 0.8823 | 0.9258
0306 | 08:47:35 |  22.5s | 1.0e-04 | 0.0276 | 0.9304 | 0.9289 | 0.9489 | 0.0289 | 0.9134 | 0.9207 | 0.9295
0307 | 08:48:13 |  24.1s | 1.0e-04 | 0.0277 | 0.9310 | 0.9306 | 0.9510 | 0.0297 | 0.9116 | 0.9157 | 0.9242
0308 | 08:48:54 |  24.2s | 1.0e-04 | 0.0275 | 0.9310 | 0.9299 | 0.9509 | 0.0308 | 0.9140 | 0.9123 | 0.9248
0309 | 08:49:34 |  24.0s | 1.0e-04 | 0.0281 | 0.9305 | 0.9280 | 0.9488 | 0.0301 | 0.9102 | 0.9210 | 0.9276
0310 | 08:50:14 |  22.7s | 1.0e-04 | 0.0280 | 0.9313 | 0.9298 | 0.9509 | 0.0295 | 0.9208 | 0.9043 | 0.9251
0311 | 08:50:53 |  30.9s | 1.0e-04 | 0.0280 | 0.9312 | 0.9292 | 0.9500 | 0.0289 | 0.9198 | 0.9093 | 0.9266
0312 | 08:51:41 |  23.0s | 1.0e-04 | 0.0277 | 0.9317 | 0.9293 | 0.9503 | 0.0305 | 0.9038 | 0.9243 | 0.9241
0313 | 08:52:21 |  33.5s | 1.0e-04 | 0.0276 | 0.9299 | 0.9275 | 0.9479 | 0.0301 | 0.8964 | 0.9326 | 0.9275
0314 | 08:53:12 |  22.9s | 1.0e-04 | 0.0279 | 0.9296 | 0.9279 | 0.9472 | 0.0293 | 0.9154 | 0.9150 | 0.9276
0315 | 08:53:52 |  23.0s | 1.0e-04 | 0.0279 | 0.9286 | 0.9263 | 0.9462 | 0.0294 | 0.9202 | 0.9096 | 0.9278
0316 | 08:54:34 |  22.9s | 1.0e-04 | 0.0279 | 0.9290 | 0.9266 | 0.9474 | 0.0299 | 0.9205 | 0.9077 | 0.9261
0317 | 08:55:15 |  23.1s | 1.0e-04 | 0.0276 | 0.9292 | 0.9273 | 0.9470 | 0.0306 | 0.8945 | 0.9360 | 0.9317
0318 | 08:55:53 |  24.7s | 1.0e-04 | 0.0281 | 0.9292 | 0.9258 | 0.9465 | 0.0297 | 0.9154 | 0.9235 | 0.9315
0319 | 08:56:34 |  34.6s | 1.0e-04 | 0.0280 | 0.9295 | 0.9262 | 0.9471 | 0.0304 | 0.9006 | 0.9318 | 0.9290
0320 | 08:57:25 |  24.2s | 1.0e-04 | 0.0279 | 0.9308 | 0.9271 | 0.9492 | 0.0294 | 0.9229 | 0.9055 | 0.9265
0321 | 08:58:05 |  34.8s | 1.0e-04 | 0.0280 | 0.9297 | 0.9293 | 0.9486 | 0.0294 | 0.9250 | 0.9064 | 0.9305
0322 | 08:58:56 |  23.3s | 1.0e-04 | 0.0272 | 0.9330 | 0.9306 | 0.9526 | 0.0291 | 0.9329 | 0.8942 | 0.9296
0323 | 08:59:36 |  22.9s | 1.0e-04 | 0.0275 | 0.9309 | 0.9295 | 0.9497 | 0.0296 | 0.9097 | 0.9198 | 0.9257
0324 | 09:00:16 |  22.6s | 1.0e-04 | 0.0278 | 0.9304 | 0.9279 | 0.9491 | 0.0294 | 0.9237 | 0.9149 | 0.9341
0325 | 09:00:56 |  23.2s | 1.0e-04 | 0.0274 | 0.9314 | 0.9300 | 0.9512 | 0.0294 | 0.9087 | 0.9198 | 0.9274
0326 | 09:01:37 |  23.5s | 1.0e-04 | 0.0275 | 0.9306 | 0.9297 | 0.9496 | 0.0304 | 0.9207 | 0.9014 | 0.9216
0327 | 09:02:16 |  34.0s | 1.0e-04 | 0.0268 | 0.9326 | 0.9318 | 0.9522 | 0.0308 | 0.9004 | 0.9218 | 0.9211
0328 | 09:03:07 |  23.9s | 1.0e-04 | 0.0268 | 0.9329 | 0.9311 | 0.9526 | 0.0303 | 0.9205 | 0.9087 | 0.9271
0329 | 09:03:49 |  37.5s | 1.0e-04 | 0.0273 | 0.9289 | 0.9263 | 0.9470 | 0.0293 | 0.9157 | 0.9201 | 0.9314
0330 | 09:04:42 |  24.3s | 1.0e-04 | 0.0271 | 0.9293 | 0.9277 | 0.9478 | 0.0302 | 0.9317 | 0.8996 | 0.9314
0331 | 09:05:23 |  23.1s | 1.0e-04 | 0.0272 | 0.9296 | 0.9280 | 0.9478 | 0.0296 | 0.9095 | 0.9214 | 0.9283
0332 | 09:06:02 |  23.1s | 1.0e-04 | 0.0269 | 0.9308 | 0.9272 | 0.9493 | 0.0298 | 0.9073 | 0.9190 | 0.9250
0333 | 09:06:43 |  23.3s | 1.0e-04 | 0.0270 | 0.9315 | 0.9283 | 0.9498 | 0.0296 | 0.9130 | 0.9174 | 0.9271
0334 | 09:07:24 |  32.3s | 1.0e-04 | 0.0283 | 0.9297 | 0.9252 | 0.9477 | 0.0299 | 0.9149 | 0.9097 | 0.9229
0335 | 09:08:13 |  24.0s | 1.0e-04 | 0.0277 | 0.9284 | 0.9251 | 0.9446 | 0.0310 | 0.9073 | 0.9149 | 0.9194
0336 | 09:08:55 |  34.4s | 1.0e-04 | 0.0272 | 0.9301 | 0.9292 | 0.9496 | 0.0303 | 0.9142 | 0.9072 | 0.9196
0337 | 09:09:47 |  24.1s | 1.0e-04 | 0.0263 | 0.9325 | 0.9305 | 0.9519 | 0.0299 | 0.9141 | 0.9173 | 0.9269
0338 | 09:10:27 |  24.3s | 1.0e-04 | 0.0256 | 0.9329 | 0.9312 | 0.9537 | 0.0309 | 0.9006 | 0.9275 | 0.9263
0339 | 09:11:06 |  24.1s | 1.0e-04 | 0.0255 | 0.9339 | 0.9322 | 0.9542 | 0.0311 | 0.8954 | 0.9348 | 0.9277
0340 | 09:11:47 |  22.7s | 1.0e-04 | 0.0256 | 0.9352 | 0.9324 | 0.9548 | 0.0313 | 0.8982 | 0.9338 | 0.9311
0341 | 09:12:27 |  22.7s | 1.0e-04 | 0.0261 | 0.9335 | 0.9322 | 0.9534 | 0.0310 | 0.8956 | 0.9280 | 0.9212
0342 | 09:13:06 |  31.9s | 1.0e-04 | 0.0264 | 0.9329 | 0.9321 | 0.9532 | 0.0305 | 0.9041 | 0.9210 | 0.9231
0343 | 09:13:55 |  23.1s | 1.0e-04 | 0.0261 | 0.9332 | 0.9316 | 0.9539 | 0.0288 | 0.9161 | 0.9125 | 0.9253
0344 | 09:14:36 |  35.8s | 1.0e-04 | 0.0264 | 0.9330 | 0.9299 | 0.9522 | 0.0292 | 0.9000 | 0.9355 | 0.9322
0345 | 09:15:28 |  23.4s | 1.0e-04 | 0.0275 | 0.9303 | 0.9289 | 0.9487 | 0.0291 | 0.9104 | 0.9246 | 0.9307
0346 | 09:16:08 |  24.1s | 1.0e-04 | 0.0274 | 0.9302 | 0.9291 | 0.9496 | 0.0290 | 0.9325 | 0.9084 | 0.9369
0347 | 09:16:48 |  24.2s | 1.0e-04 | 0.0277 | 0.9308 | 0.9272 | 0.9488 | 0.0293 | 0.9019 | 0.9298 | 0.9299
0348 | 09:17:28 |  24.7s | 1.0e-04 | 0.0275 | 0.9312 | 0.9293 | 0.9504 | 0.0290 | 0.9096 | 0.9258 | 0.9308
0349 | 09:18:08 |  24.2s | 1.0e-04 | 0.0275 | 0.9309 | 0.9295 | 0.9506 | 0.0291 | 0.9217 | 0.9096 | 0.9299
0350 | 09:18:49 |  32.2s | 1.0e-04 | 0.0272 | 0.9310 | 0.9297 | 0.9499 | 0.0304 | 0.8966 | 0.9411 | 0.9349
0351 | 09:19:37 |  23.6s | 1.0e-04 | 0.0275 | 0.9311 | 0.9289 | 0.9503 | 0.0292 | 0.9140 | 0.9121 | 0.9227
0352 | 09:20:17 |  36.3s | 1.0e-04 | 0.0274 | 0.9309 | 0.9304 | 0.9513 | 0.0296 | 0.9182 | 0.9171 | 0.9318
0353 | 09:21:10 |  24.9s | 1.0e-04 | 0.0268 | 0.9334 | 0.9320 | 0.9530 | 0.0300 | 0.8970 | 0.9251 | 0.9207
0354 | 09:21:51 |  24.1s | 1.0e-04 | 0.0267 | 0.9323 | 0.9332 | 0.9535 | 0.0280 | 0.9270 | 0.9041 | 0.9302
0355 | 09:22:31 |  24.2s | 1.0e-04 | 0.0267 | 0.9331 | 0.9332 | 0.9540 | 0.0294 | 0.9120 | 0.9181 | 0.9260
0356 | 09:23:12 |  23.6s | 1.0e-04 | 0.0264 | 0.9331 | 0.9314 | 0.9534 | 0.0289 | 0.9276 | 0.9080 | 0.9332
0357 | 09:23:52 |  24.0s | 1.0e-04 | 0.0268 | 0.9322 | 0.9315 | 0.9525 | 0.0291 | 0.9077 | 0.9223 | 0.9285
0358 | 09:24:31 |  31.7s | 1.0e-04 | 0.0271 | 0.9321 | 0.9318 | 0.9519 | 0.0285 | 0.9078 | 0.9274 | 0.9305
0359 | 09:25:19 |  24.2s | 1.0e-04 | 0.0269 | 0.9329 | 0.9303 | 0.9522 | 0.0290 | 0.9361 | 0.8983 | 0.9349
0360 | 09:25:59 |  33.4s | 1.0e-04 | 0.0262 | 0.9332 | 0.9319 | 0.9534 | 0.0295 | 0.9067 | 0.9251 | 0.9289
0361 | 09:26:49 |  23.8s | 1.0e-04 | 0.0259 | 0.9327 | 0.9317 | 0.9520 | 0.0288 | 0.9182 | 0.9216 | 0.9356
0362 | 09:27:29 |  23.2s | 1.0e-04 | 0.0259 | 0.9330 | 0.9330 | 0.9532 | 0.0292 | 0.9276 | 0.9034 | 0.9299
0363 | 09:28:08 |  22.7s | 1.0e-04 | 0.0264 | 0.9327 | 0.9299 | 0.9518 | 0.0307 | 0.9291 | 0.8997 | 0.9290
0364 | 09:28:48 |  23.0s | 1.0e-04 | 0.0259 | 0.9333 | 0.9310 | 0.9531 | 0.0293 | 0.9266 | 0.9089 | 0.9332
0365 | 09:29:27 |  23.8s | 1.0e-04 | 0.0263 | 0.9324 | 0.9302 | 0.9514 | 0.0308 | 0.8876 | 0.9390 | 0.9278
0366 | 09:30:07 |  31.9s | 1.0e-04 | 0.0257 | 0.9337 | 0.9328 | 0.9541 | 0.0304 | 0.9376 | 0.8868 | 0.9295
0367 | 09:30:55 |  24.2s | 1.0e-04 | 0.0258 | 0.9343 | 0.9322 | 0.9545 | 0.0287 | 0.9349 | 0.9007 | 0.9353
0368 | 09:31:34 |  32.9s | 1.0e-04 | 0.0261 | 0.9329 | 0.9310 | 0.9533 | 0.0288 | 0.9173 | 0.9242 | 0.9359
0369 | 09:32:24 |  24.6s | 1.0e-04 | 0.0265 | 0.9324 | 0.9307 | 0.9520 | 0.0283 | 0.9212 | 0.9149 | 0.9322
0370 | 09:33:04 |  23.9s | 1.0e-04 | 0.0267 | 0.9323 | 0.9299 | 0.9509 | 0.0277 | 0.9160 | 0.9184 | 0.9317
0371 | 09:33:44 |  24.5s | 1.0e-04 | 0.0268 | 0.9319 | 0.9299 | 0.9525 | 0.0289 | 0.9103 | 0.9263 | 0.9328
0372 | 09:34:25 |  23.6s | 1.0e-04 | 0.0268 | 0.9324 | 0.9296 | 0.9518 | 0.0294 | 0.9244 | 0.9072 | 0.9288
0373 | 09:35:05 |  32.8s | 1.0e-04 | 0.0265 | 0.9324 | 0.9298 | 0.9510 | 0.0287 | 0.9244 | 0.9115 | 0.9328
0374 | 09:35:54 |  23.7s | 1.0e-04 | 0.0272 | 0.9321 | 0.9318 | 0.9525 | 0.0283 | 0.9257 | 0.9019 | 0.9265
0375 | 09:36:34 |  24.9s | 1.0e-04 | 0.0269 | 0.9327 | 0.9318 | 0.9527 | 0.0289 | 0.9207 | 0.9214 | 0.9380
0376 | 09:37:16 |  23.6s | 1.0e-04 | 0.0272 | 0.9343 | 0.9334 | 0.9546 | 0.0307 | 0.8900 | 0.9396 | 0.9331
0377 | 09:37:56 |  24.4s | 1.0e-04 | 0.0272 | 0.9328 | 0.9318 | 0.9529 | 0.0278 | 0.9170 | 0.9310 | 0.9429
0378 | 09:38:36 |  23.9s | 1.0e-04 | 0.0271 | 0.9335 | 0.9321 | 0.9542 | 0.0296 | 0.9305 | 0.8993 | 0.9298
0379 | 09:39:16 |  23.8s | 1.0e-04 | 0.0273 | 0.9338 | 0.9334 | 0.9556 | 0.0283 | 0.9229 | 0.9168 | 0.9361
0380 | 09:39:57 |  23.2s | 1.0e-04 | 0.0270 | 0.9338 | 0.9343 | 0.9551 | 0.0286 | 0.9222 | 0.9220 | 0.9372
0381 | 09:40:37 |  36.6s | 1.0e-04 | 0.0272 | 0.9338 | 0.9335 | 0.9540 | 0.0282 | 0.9195 | 0.9263 | 0.9395
0382 | 09:41:31 |  22.6s | 1.0e-04 | 0.0265 | 0.9341 | 0.9332 | 0.9549 | 0.0285 | 0.9214 | 0.9109 | 0.9310
0383 | 09:42:10 |  35.3s | 1.0e-04 | 0.0269 | 0.9336 | 0.9324 | 0.9553 | 0.0299 | 0.9094 | 0.9272 | 0.9320
0384 | 09:43:04 |  23.1s | 1.0e-04 | 0.0274 | 0.9317 | 0.9311 | 0.9520 | 0.0287 | 0.9149 | 0.9228 | 0.9332
0385 | 09:43:44 |  24.1s | 1.0e-04 | 0.0268 | 0.9327 | 0.9313 | 0.9527 | 0.0289 | 0.9193 | 0.9153 | 0.9311
0386 | 09:44:25 |  23.8s | 1.0e-04 | 0.0264 | 0.9331 | 0.9312 | 0.9534 | 0.0279 | 0.9289 | 0.9158 | 0.9401
0387 | 09:45:05 |  24.7s | 1.0e-04 | 0.0268 | 0.9325 | 0.9315 | 0.9533 | 0.0293 | 0.9199 | 0.9127 | 0.9288
0388 | 09:45:45 |  23.6s | 1.0e-04 | 0.0264 | 0.9335 | 0.9329 | 0.9529 | 0.0276 | 0.9188 | 0.9293 | 0.9406
0389 | 09:46:24 |  31.4s | 1.0e-04 | 0.0266 | 0.9336 | 0.9324 | 0.9549 | 0.0277 | 0.9221 | 0.9249 | 0.9420
0390 | 09:47:13 |  24.1s | 1.0e-04 | 0.0263 | 0.9341 | 0.9319 | 0.9546 | 0.0284 | 0.9165 | 0.9208 | 0.9325
0391 | 09:47:55 |  35.2s | 1.0e-04 | 0.0266 | 0.9335 | 0.9326 | 0.9536 | 0.0287 | 0.9327 | 0.9039 | 0.9353
0392 | 09:48:47 |  23.0s | 1.0e-04 | 0.0263 | 0.9327 | 0.9317 | 0.9529 | 0.0279 | 0.9214 | 0.9161 | 0.9343
0393 | 09:49:27 |  23.4s | 1.0e-04 | 0.0268 | 0.9325 | 0.9301 | 0.9519 | 0.0285 | 0.9365 | 0.8943 | 0.9328
0394 | 09:50:08 |  22.8s | 1.0e-04 | 0.0264 | 0.9321 | 0.9284 | 0.9516 | 0.0301 | 0.8959 | 0.9421 | 0.9349
0395 | 09:50:48 |  23.6s | 1.0e-04 | 0.0264 | 0.9327 | 0.9304 | 0.9525 | 0.0271 | 0.9210 | 0.9246 | 0.9398
0396 | 09:51:28 |  23.3s | 1.0e-04 | 0.0263 | 0.9330 | 0.9310 | 0.9526 | 0.0274 | 0.9224 | 0.9271 | 0.9410
0397 | 09:52:09 |  32.3s | 1.0e-04 | 0.0265 | 0.9334 | 0.9318 | 0.9533 | 0.0287 | 0.9170 | 0.9279 | 0.9375
0398 | 09:52:59 |  23.7s | 1.0e-04 | 0.0265 | 0.9336 | 0.9320 | 0.9542 | 0.0294 | 0.9039 | 0.9306 | 0.9311
0399 | 09:53:39 |  36.2s | 1.0e-04 | 0.0268 | 0.9333 | 0.9308 | 0.9528 | 0.0281 | 0.9267 | 0.9095 | 0.9329
0400 | 09:54:31 |  23.7s | 1.0e-04 | 0.0269 | 0.9342 | 0.9323 | 0.9541 | 0.0290 | 0.9050 | 0.9312 | 0.9331
0401 | 09:55:12 |  24.1s | 1.0e-04 | 0.0268 | 0.9334 | 0.9321 | 0.9534 | 0.0290 | 0.9206 | 0.9178 | 0.9339
0402 | 09:55:52 |  24.0s | 1.0e-04 | 0.0268 | 0.9339 | 0.9336 | 0.9549 | 0.0283 | 0.9191 | 0.9192 | 0.9327
0403 | 09:56:34 |  23.3s | 1.0e-04 | 0.0268 | 0.9348 | 0.9330 | 0.9555 | 0.0284 | 0.9156 | 0.9191 | 0.9321
0404 | 09:57:15 |  23.5s | 1.0e-04 | 0.0266 | 0.9353 | 0.9335 | 0.9556 | 0.0279 | 0.9202 | 0.9160 | 0.9330
0405 | 09:57:56 |  32.1s | 1.0e-04 | 0.0266 | 0.9338 | 0.9329 | 0.9547 | 0.0285 | 0.9327 | 0.9007 | 0.9329
0406 | 09:58:45 |  23.2s | 1.0e-04 | 0.0271 | 0.9328 | 0.9316 | 0.9525 | 0.0286 | 0.9169 | 0.9202 | 0.9332
0407 | 09:59:30 |  34.9s | 1.0e-04 | 0.0265 | 0.9339 | 0.9324 | 0.9544 | 0.0291 | 0.9149 | 0.9225 | 0.9334
0408 | 10:00:22 |  23.6s | 1.0e-04 | 0.0264 | 0.9332 | 0.9321 | 0.9534 | 0.0287 | 0.9326 | 0.9000 | 0.9325
0409 | 10:01:04 |  23.8s | 1.0e-04 | 0.0265 | 0.9338 | 0.9301 | 0.9529 | 0.0291 | 0.9215 | 0.9187 | 0.9346
0410 | 10:01:46 |  23.6s | 1.0e-04 | 0.0264 | 0.9333 | 0.9314 | 0.9534 | 0.0286 | 0.9300 | 0.9097 | 0.9368
0411 | 10:02:27 |  23.3s | 1.0e-04 | 0.0263 | 0.9334 | 0.9332 | 0.9542 | 0.0279 | 0.9127 | 0.9278 | 0.9368
0412 | 10:03:07 |  23.8s | 1.0e-04 | 0.0261 | 0.9352 | 0.9325 | 0.9551 | 0.0277 | 0.9311 | 0.9152 | 0.9414
0413 | 10:03:46 |  31.6s | 1.0e-04 | 0.0258 | 0.9337 | 0.9322 | 0.9545 | 0.0288 | 0.9133 | 0.9305 | 0.9367
0414 | 10:04:34 |  25.0s | 1.0e-04 | 0.0260 | 0.9330 | 0.9320 | 0.9528 | 0.0288 | 0.9356 | 0.8964 | 0.9337
0415 | 10:05:16 |  39.4s | 1.0e-04 | 0.0257 | 0.9348 | 0.9355 | 0.9558 | 0.0284 | 0.9197 | 0.9128 | 0.9288
0416 | 10:06:11 |  24.3s | 1.0e-04 | 0.0258 | 0.9355 | 0.9352 | 0.9572 | 0.0288 | 0.9290 | 0.9001 | 0.9291
0417 | 10:06:51 |  24.5s | 1.0e-04 | 0.0258 | 0.9351 | 0.9349 | 0.9562 | 0.0285 | 0.9163 | 0.9230 | 0.9364
0418 | 10:07:32 |  23.9s | 1.0e-04 | 0.0261 | 0.9345 | 0.9343 | 0.9558 | 0.0287 | 0.9153 | 0.9224 | 0.9335
0419 | 10:08:12 |  24.2s | 1.0e-04 | 0.0258 | 0.9361 | 0.9352 | 0.9572 | 0.0279 | 0.9224 | 0.9123 | 0.9314
0420 | 10:08:53 |  32.6s | 1.0e-04 | 0.0260 | 0.9354 | 0.9355 | 0.9570 | 0.0286 | 0.9281 | 0.9148 | 0.9393
0421 | 10:09:42 |  23.4s | 1.0e-04 | 0.0257 | 0.9360 | 0.9371 | 0.9583 | 0.0293 | 0.9150 | 0.9183 | 0.9296
0422 | 10:10:23 |  34.7s | 1.0e-04 | 0.0257 | 0.9368 | 0.9370 | 0.9588 | 0.0279 | 0.9228 | 0.9147 | 0.9343
0423 | 10:11:15 |  23.0s | 1.0e-04 | 0.0256 | 0.9357 | 0.9368 | 0.9576 | 0.0297 | 0.9347 | 0.8935 | 0.9310
0424 | 10:11:54 |  23.9s | 1.0e-04 | 0.0254 | 0.9362 | 0.9361 | 0.9579 | 0.0290 | 0.9050 | 0.9304 | 0.9317
0425 | 10:12:33 |  22.9s | 1.0e-04 | 0.0257 | 0.9365 | 0.9353 | 0.9582 | 0.0287 | 0.9244 | 0.9118 | 0.9334
0426 | 10:13:12 |  25.2s | 1.0e-04 | 0.0257 | 0.9369 | 0.9360 | 0.9583 | 0.0292 | 0.8988 | 0.9406 | 0.9364
0427 | 10:13:54 |  23.7s | 1.0e-04 | 0.0257 | 0.9354 | 0.9356 | 0.9567 | 0.0286 | 0.9336 | 0.8995 | 0.9333
0428 | 10:14:34 |  33.7s | 1.0e-04 | 0.0260 | 0.9363 | 0.9366 | 0.9583 | 0.0284 | 0.9317 | 0.9094 | 0.9381
0429 | 10:15:25 |  23.9s | 1.0e-04 | 0.0261 | 0.9364 | 0.9365 | 0.9584 | 0.0276 | 0.9295 | 0.9082 | 0.9358
0430 | 10:16:06 |  37.3s | 1.0e-04 | 0.0261 | 0.9346 | 0.9347 | 0.9560 | 0.0277 | 0.9270 | 0.9119 | 0.9362
0431 | 10:16:59 |  23.6s | 1.0e-04 | 0.0252 | 0.9359 | 0.9354 | 0.9574 | 0.0280 | 0.9184 | 0.9181 | 0.9323
0432 | 10:17:40 |  22.8s | 1.0e-04 | 0.0258 | 0.9344 | 0.9337 | 0.9552 | 0.0285 | 0.9177 | 0.9208 | 0.9350
0433 | 10:18:19 |  23.9s | 1.0e-04 | 0.0252 | 0.9359 | 0.9355 | 0.9576 | 0.0281 | 0.9170 | 0.9202 | 0.9331
0434 | 10:19:00 |  23.4s | 1.0e-04 | 0.0258 | 0.9343 | 0.9339 | 0.9553 | 0.0282 | 0.9244 | 0.9220 | 0.9411
0435 | 10:19:41 |  23.6s | 1.0e-04 | 0.0255 | 0.9352 | 0.9354 | 0.9569 | 0.0278 | 0.9192 | 0.9205 | 0.9359
0436 | 10:20:21 |  32.9s | 1.0e-04 | 0.0256 | 0.9352 | 0.9353 | 0.9563 | 0.0283 | 0.9179 | 0.9228 | 0.9354
0437 | 10:21:09 |  24.2s | 1.0e-04 | 0.0248 | 0.9349 | 0.9344 | 0.9562 | 0.0287 | 0.9379 | 0.9050 | 0.9405
0438 | 10:21:50 |  34.8s | 1.0e-04 | 0.0250 | 0.9344 | 0.9333 | 0.9553 | 0.0275 | 0.9271 | 0.9145 | 0.9385
0439 | 10:22:42 |  23.5s | 1.0e-04 | 0.0248 | 0.9351 | 0.9352 | 0.9563 | 0.0287 | 0.9379 | 0.9062 | 0.9412
0440 | 10:23:22 |  24.7s | 1.0e-04 | 0.0246 | 0.9355 | 0.9340 | 0.9567 | 0.0274 | 0.9281 | 0.9098 | 0.9359
0441 | 10:24:04 |  24.0s | 1.0e-04 | 0.0250 | 0.9355 | 0.9333 | 0.9558 | 0.0282 | 0.9275 | 0.9112 | 0.9347
0442 | 10:24:46 |  23.7s | 1.0e-04 | 0.0244 | 0.9362 | 0.9354 | 0.9581 | 0.0290 | 0.9336 | 0.9023 | 0.9351
0443 | 10:25:26 |  23.8s | 1.0e-04 | 0.0246 | 0.9364 | 0.9336 | 0.9577 | 0.0280 | 0.9121 | 0.9273 | 0.9360
0444 | 10:26:08 |  30.9s | 1.0e-04 | 0.0251 | 0.9352 | 0.9348 | 0.9571 | 0.0286 | 0.9089 | 0.9292 | 0.9317
0445 | 10:26:56 |  23.0s | 1.0e-04 | 0.0252 | 0.9366 | 0.9356 | 0.9584 | 0.0269 | 0.9309 | 0.9069 | 0.9362
0446 | 10:27:36 |  34.6s | 1.0e-04 | 0.0247 | 0.9363 | 0.9358 | 0.9577 | 0.0290 | 0.9304 | 0.9048 | 0.9332
0447 | 10:28:28 |  23.2s | 1.0e-04 | 0.0248 | 0.9356 | 0.9333 | 0.9567 | 0.0284 | 0.9173 | 0.9243 | 0.9375
0448 | 10:29:10 |  22.9s | 1.0e-04 | 0.0312 | 0.9348 | 0.9331 | 0.9563 | 0.0285 | 0.9310 | 0.8967 | 0.9289
0449 | 10:29:51 |  24.0s | 1.0e-04 | 0.0249 | 0.9348 | 0.9331 | 0.9556 | 0.0275 | 0.9288 | 0.9118 | 0.9382
0450 | 10:30:31 |  24.1s | 1.0e-04 | 0.0246 | 0.9365 | 0.9351 | 0.9574 | 0.0281 | 0.9156 | 0.9237 | 0.9351
0451 | 10:31:11 |  22.9s | 1.0e-04 | 0.0245 | 0.9354 | 0.9350 | 0.9566 | 0.0272 | 0.9286 | 0.9091 | 0.9345
0452 | 10:31:51 |  31.9s | 1.0e-04 | 0.0249 | 0.9350 | 0.9345 | 0.9560 | 0.0294 | 0.9370 | 0.8987 | 0.9365
0453 | 10:32:39 |  24.1s | 1.0e-04 | 0.0245 | 0.9370 | 0.9342 | 0.9579 | 0.0280 | 0.9127 | 0.9325 | 0.9410
0454 | 10:33:20 |  36.2s | 1.0e-04 | 0.0251 | 0.9349 | 0.9333 | 0.9561 | 0.0285 | 0.9183 | 0.9220 | 0.9345
0455 | 10:34:13 |  24.5s | 1.0e-04 | 0.0254 | 0.9361 | 0.9342 | 0.9565 | 0.0284 | 0.9209 | 0.9198 | 0.9370
0456 | 10:34:54 |  23.8s | 1.0e-04 | 0.0256 | 0.9352 | 0.9341 | 0.9565 | 0.0292 | 0.9388 | 0.8928 | 0.9341
0457 | 10:35:34 |  23.5s | 1.0e-04 | 0.0256 | 0.9350 | 0.9329 | 0.9546 | 0.0289 | 0.9120 | 0.9266 | 0.9343
0458 | 10:36:14 |  25.3s | 1.0e-04 | 0.0257 | 0.9352 | 0.9342 | 0.9565 | 0.0270 | 0.9295 | 0.9167 | 0.9414
0459 | 10:36:56 |  32.2s | 1.0e-04 | 0.0253 | 0.9352 | 0.9352 | 0.9555 | 0.0275 | 0.9270 | 0.9107 | 0.9342
0460 | 10:37:43 |  24.4s | 1.0e-04 | 0.0256 | 0.9345 | 0.9335 | 0.9549 | 0.0276 | 0.9214 | 0.9263 | 0.9411
0461 | 10:38:23 |  35.7s | 1.0e-04 | 0.0255 | 0.9344 | 0.9330 | 0.9553 | 0.0282 | 0.9170 | 0.9300 | 0.9393
0462 | 10:39:15 |  25.4s | 1.0e-04 | 0.0249 | 0.9351 | 0.9333 | 0.9558 | 0.0287 | 0.8995 | 0.9390 | 0.9359
0463 | 10:39:56 |  24.7s | 1.0e-04 | 0.0252 | 0.9340 | 0.9324 | 0.9542 | 0.0277 | 0.9206 | 0.9230 | 0.9384
0464 | 10:40:37 |  23.9s | 1.0e-04 | 0.0250 | 0.9347 | 0.9326 | 0.9555 | 0.0277 | 0.9114 | 0.9309 | 0.9374
0465 | 10:41:18 |  23.9s | 1.0e-04 | 0.0250 | 0.9345 | 0.9334 | 0.9545 | 0.0291 | 0.9027 | 0.9351 | 0.9346
0466 | 10:42:00 |  23.7s | 1.0e-04 | 0.0245 | 0.9363 | 0.9337 | 0.9569 | 0.0277 | 0.9136 | 0.9292 | 0.9368
0467 | 10:42:41 |  31.1s | 1.0e-04 | 0.0251 | 0.9339 | 0.9322 | 0.9549 | 0.0282 | 0.9319 | 0.9073 | 0.9368
0468 | 10:43:28 |  24.5s | 1.0e-04 | 0.0254 | 0.9337 | 0.9306 | 0.9535 | 0.0274 | 0.9272 | 0.9227 | 0.9422
0469 | 10:44:08 |  35.3s | 1.0e-04 | 0.0251 | 0.9343 | 0.9315 | 0.9549 | 0.0267 | 0.9250 | 0.9181 | 0.9380
0470 | 10:45:00 |  24.4s | 1.0e-04 | 0.0248 | 0.9340 | 0.9329 | 0.9544 | 0.0276 | 0.9132 | 0.9288 | 0.9376
0471 | 10:45:40 |  24.5s | 1.0e-04 | 0.0247 | 0.9358 | 0.9325 | 0.9563 | 0.0274 | 0.9226 | 0.9158 | 0.9344
0472 | 10:46:20 |  24.9s | 1.0e-04 | 0.0244 | 0.9370 | 0.9338 | 0.9583 | 0.0280 | 0.9040 | 0.9379 | 0.9361
0473 | 10:47:02 |  24.4s | 1.0e-04 | 0.0247 | 0.9341 | 0.9308 | 0.9538 | 0.0282 | 0.9091 | 0.9328 | 0.9376
0474 | 10:47:43 |  23.2s | 1.0e-04 | 0.0242 | 0.9359 | 0.9341 | 0.9565 | 0.0287 | 0.9329 | 0.9030 | 0.9354
0475 | 10:48:23 |  34.8s | 1.0e-04 | 0.0242 | 0.9353 | 0.9344 | 0.9568 | 0.0271 | 0.9336 | 0.9090 | 0.9390
0476 | 10:49:14 |  24.0s | 1.0e-04 | 0.0238 | 0.9355 | 0.9332 | 0.9568 | 0.0278 | 0.9236 | 0.9251 | 0.9406
0477 | 10:49:53 |  34.3s | 1.0e-04 | 0.0247 | 0.9352 | 0.9335 | 0.9559 | 0.0286 | 0.8911 | 0.9401 | 0.9330
0478 | 10:50:45 |  23.7s | 1.0e-04 | 0.0255 | 0.9349 | 0.9326 | 0.9549 | 0.0287 | 0.9439 | 0.8931 | 0.9391
0479 | 10:51:24 |  24.8s | 1.0e-04 | 0.0252 | 0.9350 | 0.9334 | 0.9561 | 0.0279 | 0.9128 | 0.9282 | 0.9359
0480 | 10:52:05 |  25.0s | 1.0e-04 | 0.0249 | 0.9347 | 0.9320 | 0.9549 | 0.0279 | 0.9201 | 0.9219 | 0.9366
0481 | 10:52:46 |  23.9s | 1.0e-04 | 0.0251 | 0.9349 | 0.9336 | 0.9560 | 0.0278 | 0.9202 | 0.9208 | 0.9368
0482 | 10:53:26 |  22.6s | 1.0e-04 | 0.0250 | 0.9350 | 0.9340 | 0.9565 | 0.0280 | 0.9114 | 0.9344 | 0.9391
0483 | 10:54:06 |  31.6s | 1.0e-04 | 0.0257 | 0.9333 | 0.9313 | 0.9533 | 0.0282 | 0.9100 | 0.9339 | 0.9358
0484 | 10:54:55 |  24.4s | 1.0e-04 | 0.0259 | 0.9339 | 0.9335 | 0.9553 | 0.0269 | 0.9258 | 0.9181 | 0.9385
0485 | 10:55:36 |  36.1s | 1.0e-04 | 0.0258 | 0.9352 | 0.9357 | 0.9568 | 0.0275 | 0.9263 | 0.9150 | 0.9363
0486 | 10:56:29 |  23.5s | 1.0e-04 | 0.0259 | 0.9347 | 0.9340 | 0.9557 | 0.0272 | 0.9202 | 0.9217 | 0.9379
0487 | 10:57:10 |  24.0s | 1.0e-04 | 0.0259 | 0.9356 | 0.9365 | 0.9578 | 0.0281 | 0.9268 | 0.9100 | 0.9329
0488 | 10:57:50 |  24.1s | 1.0e-04 | 0.0255 | 0.9363 | 0.9369 | 0.9581 | 0.0280 | 0.9250 | 0.9164 | 0.9375
0489 | 10:58:30 |  24.5s | 1.0e-04 | 0.0255 | 0.9365 | 0.9373 | 0.9582 | 0.0273 | 0.9295 | 0.9167 | 0.9417
0490 | 10:59:10 |  23.2s | 1.0e-04 | 0.0254 | 0.9360 | 0.9367 | 0.9584 | 0.0284 | 0.9149 | 0.9264 | 0.9374
0491 | 10:59:49 |  32.8s | 1.0e-04 | 0.0252 | 0.9369 | 0.9370 | 0.9589 | 0.0276 | 0.9241 | 0.9189 | 0.9382
0492 | 11:00:39 |  23.0s | 1.0e-04 | 0.0247 | 0.9363 | 0.9382 | 0.9591 | 0.0273 | 0.9141 | 0.9305 | 0.9381
0493 | 11:01:19 |  35.4s | 1.0e-04 | 0.0249 | 0.9359 | 0.9354 | 0.9579 | 0.0279 | 0.9213 | 0.9216 | 0.9385
0494 | 11:02:11 |  23.1s | 1.0e-04 | 0.0247 | 0.9370 | 0.9372 | 0.9588 | 0.0273 | 0.9155 | 0.9270 | 0.9357
0495 | 11:02:52 |  23.8s | 1.0e-04 | 0.0244 | 0.9379 | 0.9382 | 0.9602 | 0.0281 | 0.9229 | 0.9235 | 0.9406
0496 | 11:03:33 |  24.4s | 1.0e-04 | 0.0248 | 0.9371 | 0.9363 | 0.9594 | 0.0270 | 0.9164 | 0.9335 | 0.9429
0497 | 11:04:13 |  24.5s | 1.0e-04 | 0.0256 | 0.9344 | 0.9340 | 0.9555 | 0.0279 | 0.9233 | 0.9212 | 0.9397
0498 | 11:04:53 |  31.5s | 1.0e-04 | 0.0247 | 0.9353 | 0.9344 | 0.9575 | 0.0284 | 0.9089 | 0.9354 | 0.9360
0499 | 11:05:40 |  23.7s | 1.0e-04 | 0.0248 | 0.9357 | 0.9350 | 0.9577 | 0.0276 | 0.9253 | 0.9226 | 0.9418
0500 | 11:06:19 |  24.6s | 1.0e-04 | 0.0248 | 0.9358 | 0.9346 | 0.9571 | 0.0272 | 0.9317 | 0.9115 | 0.9401
0501 | 11:07:02 |  23.7s | 1.0e-04 | 0.0245 | 0.9370 | 0.9368 | 0.9595 | 0.0267 | 0.9159 | 0.9276 | 0.9378
0502 | 11:07:42 |  23.7s | 1.0e-04 | 0.0240 | 0.9388 | 0.9383 | 0.9608 | 0.0291 | 0.9071 | 0.9267 | 0.9294
0503 | 11:08:21 |  24.3s | 1.0e-04 | 0.0245 | 0.9372 | 0.9365 | 0.9597 | 0.0269 | 0.9184 | 0.9293 | 0.9414
0504 | 11:09:02 |  24.2s | 1.0e-04 | 0.0243 | 0.9372 | 0.9368 | 0.9587 | 0.0274 | 0.9254 | 0.9201 | 0.9385
0505 | 11:09:42 |  24.8s | 1.0e-04 | 0.0246 | 0.9371 | 0.9370 | 0.9597 | 0.0263 | 0.9362 | 0.9096 | 0.9428
0506 | 11:10:23 |  33.2s | 1.0e-04 | 0.0245 | 0.9379 | 0.9362 | 0.9588 | 0.0279 | 0.9303 | 0.9116 | 0.9380
0507 | 11:11:12 |  22.7s | 1.0e-04 | 0.0241 | 0.9378 | 0.9370 | 0.9601 | 0.0276 | 0.9382 | 0.9046 | 0.9411
0508 | 11:11:52 |  36.5s | 1.0e-04 | 0.0242 | 0.9373 | 0.9379 | 0.9595 | 0.0276 | 0.9157 | 0.9258 | 0.9366
0509 | 11:12:44 |  24.0s | 1.0e-04 | 0.0242 | 0.9373 | 0.9378 | 0.9597 | 0.0275 | 0.9251 | 0.9159 | 0.9368
0510 | 11:13:25 |  23.6s | 1.0e-04 | 0.0249 | 0.9369 | 0.9377 | 0.9598 | 0.0283 | 0.9202 | 0.9228 | 0.9379
0511 | 11:14:05 |  24.4s | 1.0e-04 | 0.0248 | 0.9388 | 0.9384 | 0.9612 | 0.0276 | 0.9147 | 0.9293 | 0.9383
0512 | 11:14:45 |  24.6s | 1.0e-04 | 0.0248 | 0.9372 | 0.9375 | 0.9596 | 0.0282 | 0.9155 | 0.9304 | 0.9387
0513 | 11:15:25 |  24.1s | 1.0e-04 | 0.0246 | 0.9375 | 0.9380 | 0.9597 | 0.0273 | 0.9200 | 0.9202 | 0.9368
0514 | 11:16:06 |  32.7s | 1.0e-04 | 0.0243 | 0.9373 | 0.9388 | 0.9594 | 0.0267 | 0.9313 | 0.9185 | 0.9422
0515 | 11:16:55 |  24.3s | 1.0e-04 | 0.0254 | 0.9356 | 0.9349 | 0.9567 | 0.0272 | 0.9188 | 0.9288 | 0.9400
0516 | 11:17:36 |  37.4s | 1.0e-04 | 0.0256 | 0.9356 | 0.9347 | 0.9571 | 0.0270 | 0.9357 | 0.9160 | 0.9468
0517 | 11:18:29 |  23.6s | 1.0e-04 | 0.0258 | 0.9354 | 0.9355 | 0.9573 | 0.0277 | 0.9335 | 0.9050 | 0.9366
0518 | 11:19:10 |  23.8s | 1.0e-04 | 0.0261 | 0.9343 | 0.9344 | 0.9554 | 0.0275 | 0.9190 | 0.9307 | 0.9428
0519 | 11:19:52 |  23.4s | 1.0e-04 | 0.0259 | 0.9345 | 0.9335 | 0.9559 | 0.0276 | 0.9132 | 0.9319 | 0.9383
0520 | 11:20:34 |  24.2s | 1.0e-04 | 0.0263 | 0.9336 | 0.9333 | 0.9549 | 0.0266 | 0.9272 | 0.9228 | 0.9428
0521 | 11:21:14 |  23.9s | 1.0e-04 | 0.0259 | 0.9356 | 0.9362 | 0.9571 | 0.0267 | 0.9230 | 0.9226 | 0.9386
0522 | 11:21:55 |  32.9s | 1.0e-04 | 0.0253 | 0.9362 | 0.9356 | 0.9578 | 0.0266 | 0.9242 | 0.9235 | 0.9401
0523 | 11:22:44 |  24.1s | 1.0e-04 | 0.0251 | 0.9376 | 0.9371 | 0.9597 | 0.0271 | 0.9229 | 0.9250 | 0.9419
0524 | 11:23:23 |  37.3s | 1.0e-04 | 0.0248 | 0.9372 | 0.9385 | 0.9595 | 0.0278 | 0.9231 | 0.9225 | 0.9402
0525 | 11:24:16 |  23.2s | 1.0e-04 | 0.0248 | 0.9380 | 0.9380 | 0.9599 | 0.0272 | 0.9176 | 0.9251 | 0.9391
0526 | 11:24:56 |  23.3s | 1.0e-04 | 0.0247 | 0.9369 | 0.9374 | 0.9596 | 0.0267 | 0.9255 | 0.9186 | 0.9385
0527 | 11:25:37 |  23.5s | 1.0e-04 | 0.0244 | 0.9377 | 0.9387 | 0.9609 | 0.0282 | 0.9370 | 0.8990 | 0.9364
0528 | 11:26:17 |  24.1s | 1.0e-04 | 0.0243 | 0.9384 | 0.9392 | 0.9612 | 0.0275 | 0.9089 | 0.9360 | 0.9394
0529 | 11:26:57 |  24.8s | 1.0e-04 | 0.0250 | 0.9366 | 0.9367 | 0.9586 | 0.0276 | 0.9206 | 0.9204 | 0.9356
0530 | 11:27:38 |  32.0s | 1.0e-04 | 0.0253 | 0.9350 | 0.9346 | 0.9567 | 0.0272 | 0.9197 | 0.9261 | 0.9397
0531 | 11:28:26 |  23.6s | 1.0e-04 | 0.0254 | 0.9366 | 0.9348 | 0.9576 | 0.0265 | 0.9135 | 0.9311 | 0.9367
0532 | 11:29:07 |  34.2s | 1.0e-04 | 0.0248 | 0.9356 | 0.9346 | 0.9571 | 0.0268 | 0.9249 | 0.9250 | 0.9422
0533 | 11:29:57 |  23.4s | 1.0e-04 | 0.0241 | 0.9365 | 0.9356 | 0.9583 | 0.0267 | 0.9247 | 0.9211 | 0.9402
0534 | 11:30:38 |  23.0s | 1.0e-04 | 0.0240 | 0.9367 | 0.9351 | 0.9591 | 0.0280 | 0.9149 | 0.9307 | 0.9410
0535 | 11:31:19 |  23.1s | 1.0e-04 | 0.0243 | 0.9358 | 0.9353 | 0.9570 | 0.0260 | 0.9279 | 0.9190 | 0.9424
0536 | 11:31:58 |  24.2s | 1.0e-04 | 0.0241 | 0.9364 | 0.9351 | 0.9574 | 0.0270 | 0.9196 | 0.9254 | 0.9385
0537 | 11:32:37 |  22.3s | 1.0e-04 | 0.0242 | 0.9350 | 0.9333 | 0.9559 | 0.0273 | 0.9273 | 0.9222 | 0.9416
0538 | 11:33:16 |  33.0s | 1.0e-04 | 0.0234 | 0.9381 | 0.9368 | 0.9596 | 0.0285 | 0.9345 | 0.8988 | 0.9340
0539 | 11:34:06 |  23.4s | 1.0e-04 | 0.0230 | 0.9391 | 0.9387 | 0.9609 | 0.0276 | 0.9298 | 0.9086 | 0.9358
0540 | 11:34:47 |  35.8s | 1.0e-04 | 0.0228 | 0.9389 | 0.9384 | 0.9625 | 0.0286 | 0.9242 | 0.9198 | 0.9379
0541 | 11:35:40 |  23.4s | 1.0e-04 | 0.0229 | 0.9390 | 0.9394 | 0.9617 | 0.0269 | 0.9265 | 0.9202 | 0.9415
0542 | 11:36:21 |  23.5s | 1.0e-04 | 0.0231 | 0.9381 | 0.9384 | 0.9611 | 0.0273 | 0.9391 | 0.9078 | 0.9441
0543 | 11:37:02 |  24.4s | 1.0e-04 | 0.0231 | 0.9392 | 0.9383 | 0.9622 | 0.0275 | 0.9241 | 0.9237 | 0.9410
0544 | 11:37:43 |  25.1s | 1.0e-04 | 0.0230 | 0.9389 | 0.9387 | 0.9612 | 0.0275 | 0.9160 | 0.9194 | 0.9319
0545 | 11:38:25 |  33.2s | 1.0e-04 | 0.0229 | 0.9386 | 0.9385 | 0.9614 | 0.0272 | 0.9312 | 0.9200 | 0.9449
0546 | 11:39:14 |  24.4s | 1.0e-04 | 0.0237 | 0.9366 | 0.9353 | 0.9580 | 0.0272 | 0.9084 | 0.9377 | 0.9414
0547 | 11:39:55 |  35.6s | 1.0e-04 | 0.0241 | 0.9363 | 0.9361 | 0.9582 | 0.0264 | 0.9263 | 0.9194 | 0.9402
0548 | 11:40:48 |  24.3s | 1.0e-04 | 0.0246 | 0.9380 | 0.9368 | 0.9604 | 0.0284 | 0.8952 | 0.9444 | 0.9382
0549 | 11:41:29 |  24.6s | 1.0e-04 | 0.0246 | 0.9379 | 0.9380 | 0.9607 | 0.0271 | 0.9206 | 0.9192 | 0.9363
0550 | 11:42:10 |  24.3s | 1.0e-04 | 0.0246 | 0.9384 | 0.9382 | 0.9609 | 0.0272 | 0.9236 | 0.9190 | 0.9381
0551 | 11:42:51 |  23.0s | 1.0e-04 | 0.0245 | 0.9384 | 0.9373 | 0.9610 | 0.0273 | 0.9385 | 0.8994 | 0.9381
0552 | 11:43:31 |  22.9s | 1.0e-04 | 0.0246 | 0.9376 | 0.9377 | 0.9597 | 0.0269 | 0.9210 | 0.9307 | 0.9428
0553 | 11:44:09 |  33.3s | 1.0e-04 | 0.0241 | 0.9393 | 0.9402 | 0.9619 | 0.0277 | 0.9378 | 0.9023 | 0.9395
0554 | 11:44:59 |  24.2s | 1.0e-04 | 0.0240 | 0.9392 | 0.9413 | 0.9627 | 0.0273 | 0.9223 | 0.9257 | 0.9429
0555 | 11:45:39 |  37.2s | 1.0e-04 | 0.0241 | 0.9383 | 0.9395 | 0.9608 | 0.0279 | 0.9242 | 0.9123 | 0.9339
0556 | 11:46:33 |  24.1s | 1.0e-04 | 0.0244 | 0.9383 | 0.9395 | 0.9611 | 0.0285 | 0.9025 | 0.9390 | 0.9390
0557 | 11:47:13 |  23.9s | 1.0e-04 | 0.0240 | 0.9387 | 0.9394 | 0.9620 | 0.0264 | 0.9331 | 0.9129 | 0.9416
0558 | 11:47:54 |  23.2s | 1.0e-04 | 0.0241 | 0.9391 | 0.9399 | 0.9615 | 0.0271 | 0.9140 | 0.9309 | 0.9410
0559 | 11:48:34 |  23.9s | 1.0e-04 | 0.0243 | 0.9376 | 0.9390 | 0.9606 | 0.0274 | 0.9268 | 0.9246 | 0.9447
0560 | 11:49:15 |  23.7s | 1.0e-04 | 0.0241 | 0.9386 | 0.9395 | 0.9613 | 0.0279 | 0.9208 | 0.9237 | 0.9377
0561 | 11:49:56 |  32.5s | 1.0e-04 | 0.0244 | 0.9374 | 0.9382 | 0.9607 | 0.0265 | 0.9183 | 0.9360 | 0.9467
0562 | 11:50:46 |  24.5s | 1.0e-04 | 0.0246 | 0.9374 | 0.9393 | 0.9599 | 0.0269 | 0.9209 | 0.9275 | 0.9419
0563 | 11:51:27 |  37.1s | 1.0e-04 | 0.0239 | 0.9393 | 0.9385 | 0.9623 | 0.0268 | 0.9292 | 0.9222 | 0.9439
0564 | 11:52:20 |  24.5s | 1.0e-04 | 0.0237 | 0.9383 | 0.9376 | 0.9605 | 0.0267 | 0.9170 | 0.9284 | 0.9402
0565 | 11:53:01 |  23.5s | 1.0e-04 | 0.0240 | 0.9379 | 0.9370 | 0.9604 | 0.0272 | 0.9341 | 0.9148 | 0.9438
0566 | 11:53:42 |  23.4s | 1.0e-04 | 0.0241 | 0.9374 | 0.9376 | 0.9598 | 0.0259 | 0.9232 | 0.9361 | 0.9495
0567 | 11:54:23 |  23.1s | 1.0e-04 | 0.0241 | 0.9374 | 0.9368 | 0.9592 | 0.0271 | 0.9320 | 0.9162 | 0.9438
0568 | 11:55:02 |  24.0s | 1.0e-04 | 0.0244 | 0.9371 | 0.9374 | 0.9594 | 0.0274 | 0.9259 | 0.9241 | 0.9418
0569 | 11:55:43 |  33.5s | 1.0e-04 | 0.0238 | 0.9377 | 0.9382 | 0.9601 | 0.0281 | 0.9207 | 0.9263 | 0.9423
0570 | 11:56:32 |  23.6s | 1.0e-04 | 0.0236 | 0.9382 | 0.9380 | 0.9614 | 0.0275 | 0.9266 | 0.9192 | 0.9395
0571 | 11:57:12 |  34.2s | 1.0e-04 | 0.0242 | 0.9379 | 0.9400 | 0.9603 | 0.0273 | 0.9346 | 0.9112 | 0.9410
0572 | 11:58:03 |  22.8s | 1.0e-04 | 0.0239 | 0.9388 | 0.9405 | 0.9625 | 0.0266 | 0.9320 | 0.9146 | 0.9417
0573 | 11:58:42 |  23.0s | 1.0e-04 | 0.0243 | 0.9392 | 0.9406 | 0.9623 | 0.0267 | 0.9223 | 0.9330 | 0.9469
0574 | 11:59:22 |  24.1s | 1.0e-04 | 0.0243 | 0.9400 | 0.9398 | 0.9635 | 0.0272 | 0.9117 | 0.9355 | 0.9406
0575 | 12:00:02 |  24.0s | 1.0e-04 | 0.0242 | 0.9393 | 0.9400 | 0.9619 | 0.0273 | 0.9178 | 0.9360 | 0.9473
0576 | 12:00:42 |  23.0s | 1.0e-04 | 0.0250 | 0.9384 | 0.9390 | 0.9606 | 0.0263 | 0.9155 | 0.9362 | 0.9439
0577 | 12:01:21 |  33.0s | 1.0e-04 | 0.0245 | 0.9380 | 0.9385 | 0.9608 | 0.0276 | 0.9243 | 0.9122 | 0.9339
0578 | 12:02:11 |  23.8s | 1.0e-04 | 0.0244 | 0.9387 | 0.9390 | 0.9614 | 0.0274 | 0.9270 | 0.9216 | 0.9430
0579 | 12:02:50 |  34.2s | 1.0e-04 | 0.0235 | 0.9372 | 0.9360 | 0.9581 | 0.0271 | 0.9362 | 0.9043 | 0.9386
0580 | 12:03:40 |  23.5s | 1.0e-04 | 0.0234 | 0.9349 | 0.9335 | 0.9561 | 0.0264 | 0.9201 | 0.9250 | 0.9391
0581 | 12:04:20 |  23.3s | 1.0e-04 | 0.0233 | 0.9364 | 0.9353 | 0.9582 | 0.0278 | 0.9100 | 0.9324 | 0.9378
0582 | 12:05:00 |  24.0s | 1.0e-04 | 0.0237 | 0.9359 | 0.9344 | 0.9571 | 0.0270 | 0.9311 | 0.9080 | 0.9367
0583 | 12:05:39 |  23.7s | 1.0e-04 | 0.0236 | 0.9354 | 0.9341 | 0.9573 | 0.0271 | 0.9370 | 0.9164 | 0.9465
0584 | 12:06:19 |  32.2s | 1.0e-04 | 0.0235 | 0.9367 | 0.9337 | 0.9572 | 0.0274 | 0.9078 | 0.9396 | 0.9413
0585 | 12:07:09 |  23.7s | 1.0e-04 | 0.0236 | 0.9374 | 0.9354 | 0.9591 | 0.0285 | 0.9103 | 0.9388 | 0.9430
0586 | 12:07:48 |  38.1s | 1.0e-04 | 0.0237 | 0.9373 | 0.9354 | 0.9589 | 0.0269 | 0.9184 | 0.9343 | 0.9456
0587 | 12:08:42 |  24.8s | 1.0e-04 | 0.0247 | 0.9394 | 0.9420 | 0.9625 | 0.0277 | 0.9080 | 0.9394 | 0.9422
0588 | 12:09:22 |  24.5s | 1.0e-04 | 0.0252 | 0.9383 | 0.9403 | 0.9618 | 0.0267 | 0.9223 | 0.9290 | 0.9437
0589 | 12:10:03 |  22.9s | 1.0e-04 | 0.0249 | 0.9389 | 0.9402 | 0.9622 | 0.0269 | 0.9173 | 0.9261 | 0.9384
0590 | 12:10:44 |  23.7s | 1.0e-04 | 0.0246 | 0.9391 | 0.9414 | 0.9620 | 0.0268 | 0.9346 | 0.9130 | 0.9424
0591 | 12:11:24 |  24.1s | 1.0e-04 | 0.0248 | 0.9398 | 0.9406 | 0.9631 | 0.0266 | 0.9293 | 0.9250 | 0.9469
0592 | 12:12:04 |  33.7s | 1.0e-04 | 0.0248 | 0.9389 | 0.9408 | 0.9622 | 0.0268 | 0.9244 | 0.9251 | 0.9424
0593 | 12:12:54 |  25.0s | 1.0e-04 | 0.0242 | 0.9403 | 0.9415 | 0.9631 | 0.0266 | 0.9344 | 0.9169 | 0.9451
0594 | 12:13:35 |  36.7s | 1.0e-04 | 0.0242 | 0.9397 | 0.9406 | 0.9634 | 0.0266 | 0.9254 | 0.9226 | 0.9400
0595 | 12:14:28 |  25.0s | 1.0e-04 | 0.0249 | 0.9374 | 0.9367 | 0.9593 | 0.0264 | 0.9326 | 0.9182 | 0.9450
0596 | 12:15:08 |  22.2s | 1.0e-04 | 0.0247 | 0.9374 | 0.9376 | 0.9597 | 0.0259 | 0.9153 | 0.9305 | 0.9397
0597 | 12:15:47 |  23.3s | 1.0e-04 | 0.0246 | 0.9388 | 0.9392 | 0.9612 | 0.0266 | 0.9253 | 0.9252 | 0.9451
0598 | 12:16:29 |  23.1s | 1.0e-04 | 0.0242 | 0.9386 | 0.9394 | 0.9618 | 0.0271 | 0.9197 | 0.9293 | 0.9425
0599 | 12:17:08 |  23.9s | 1.0e-04 | 0.0245 | 0.9375 | 0.9377 | 0.9601 | 0.0265 | 0.9272 | 0.9203 | 0.9412
0600 | 12:17:48 |  32.6s | 1.0e-04 | 0.0238 | 0.9392 | 0.9389 | 0.9620 | 0.0267 | 0.9264 | 0.9243 | 0.9438
0601 | 12:18:38 |  24.4s | 1.0e-04 | 0.0240 | 0.9391 | 0.9402 | 0.9622 | 0.0274 | 0.9175 | 0.9306 | 0.9400
0602 | 12:19:19 |  36.2s | 1.0e-04 | 0.0244 | 0.9375 | 0.9386 | 0.9600 | 0.0263 | 0.9280 | 0.9240 | 0.9445
0603 | 12:20:12 |  24.4s | 1.0e-04 | 0.0241 | 0.9380 | 0.9379 | 0.9616 | 0.0284 | 0.9364 | 0.9063 | 0.9407
0604 | 12:20:52 |  24.0s | 1.0e-04 | 0.0240 | 0.9384 | 0.9383 | 0.9611 | 0.0272 | 0.9267 | 0.9254 | 0.9441
0605 | 12:21:33 |  23.4s | 1.0e-04 | 0.0264 | 0.9357 | 0.9348 | 0.9571 | 0.0273 | 0.9185 | 0.9260 | 0.9390
0606 | 12:22:13 |  23.0s | 1.0e-04 | 0.0241 | 0.9384 | 0.9380 | 0.9602 | 0.0271 | 0.9175 | 0.9343 | 0.9450
0607 | 12:22:52 |  24.6s | 1.0e-04 | 0.0243 | 0.9375 | 0.9390 | 0.9599 | 0.0260 | 0.9301 | 0.9185 | 0.9425
0608 | 12:23:32 |  34.4s | 1.0e-04 | 0.0238 | 0.9395 | 0.9406 | 0.9626 | 0.0263 | 0.9214 | 0.9338 | 0.9453
0609 | 12:24:22 |  22.7s | 1.0e-04 | 0.0239 | 0.9385 | 0.9394 | 0.9617 | 0.0262 | 0.9315 | 0.9171 | 0.9443
0610 | 12:25:02 |  36.6s | 1.0e-04 | 0.0239 | 0.9376 | 0.9380 | 0.9600 | 0.0265 | 0.9184 | 0.9342 | 0.9440
0611 | 12:25:55 |  23.2s | 1.0e-04 | 0.0229 | 0.9394 | 0.9397 | 0.9629 | 0.0275 | 0.9195 | 0.9243 | 0.9391
0612 | 12:26:36 |  23.0s | 1.0e-04 | 0.0229 | 0.9394 | 0.9402 | 0.9619 | 0.0271 | 0.9248 | 0.9244 | 0.9417
0613 | 12:27:16 |  23.1s | 1.0e-04 | 0.0233 | 0.9381 | 0.9394 | 0.9607 | 0.0259 | 0.9222 | 0.9305 | 0.9431
0614 | 12:27:55 |  23.8s | 1.0e-04 | 0.0229 | 0.9404 | 0.9387 | 0.9624 | 0.0267 | 0.9307 | 0.9171 | 0.9429
0615 | 12:28:35 |  24.7s | 1.0e-04 | 0.0229 | 0.9402 | 0.9391 | 0.9628 | 0.0264 | 0.9183 | 0.9335 | 0.9458
0616 | 12:29:15 |  31.6s | 1.0e-04 | 0.0239 | 0.9381 | 0.9392 | 0.9606 | 0.0274 | 0.9078 | 0.9388 | 0.9392
0617 | 12:30:03 |  24.8s | 1.0e-04 | 0.0244 | 0.9374 | 0.9388 | 0.9601 | 0.0257 | 0.9262 | 0.9297 | 0.9468
0618 | 12:30:44 |  35.9s | 1.0e-04 | 0.0240 | 0.9393 | 0.9403 | 0.9633 | 0.0260 | 0.9230 | 0.9287 | 0.9439
0619 | 12:31:37 |  23.3s | 1.0e-04 | 0.0240 | 0.9396 | 0.9397 | 0.9621 | 0.0276 | 0.9106 | 0.9369 | 0.9394
0620 | 12:32:19 |  23.6s | 1.0e-04 | 0.0240 | 0.9387 | 0.9399 | 0.9622 | 0.0259 | 0.9313 | 0.9271 | 0.9499
0621 | 12:32:58 |  23.9s | 1.0e-04 | 0.0244 | 0.9399 | 0.9404 | 0.9626 | 0.0258 | 0.9387 | 0.9065 | 0.9426
0622 | 12:33:37 |  24.7s | 1.0e-04 | 0.0244 | 0.9390 | 0.9389 | 0.9616 | 0.0274 | 0.9141 | 0.9390 | 0.9457
0623 | 12:34:18 |  32.9s | 1.0e-04 | 0.0243 | 0.9381 | 0.9406 | 0.9618 | 0.0265 | 0.9208 | 0.9312 | 0.9428
0624 | 12:35:07 |  24.0s | 1.0e-04 | 0.0243 | 0.9378 | 0.9390 | 0.9604 | 0.0255 | 0.9237 | 0.9314 | 0.9460
0625 | 12:35:47 |  24.2s | 1.0e-04 | 0.0244 | 0.9373 | 0.9381 | 0.9594 | 0.0255 | 0.9363 | 0.9179 | 0.9465
0626 | 12:36:31 |  23.2s | 1.0e-04 | 0.0235 | 0.9382 | 0.9397 | 0.9615 | 0.0263 | 0.9215 | 0.9304 | 0.9422
0627 | 12:37:13 |  23.8s | 1.0e-04 | 0.0236 | 0.9382 | 0.9390 | 0.9612 | 0.0263 | 0.9282 | 0.9249 | 0.9458
0628 | 12:37:52 |  24.0s | 1.0e-04 | 0.0237 | 0.9387 | 0.9403 | 0.9622 | 0.0262 | 0.9350 | 0.9154 | 0.9447
0629 | 12:38:33 |  24.7s | 1.0e-04 | 0.0240 | 0.9382 | 0.9378 | 0.9603 | 0.0275 | 0.9104 | 0.9353 | 0.9408
0630 | 12:39:13 |  25.0s | 1.0e-04 | 0.0236 | 0.9394 | 0.9398 | 0.9624 | 0.0277 | 0.9138 | 0.9340 | 0.9416
0631 | 12:39:54 |  32.1s | 1.0e-04 | 0.0237 | 0.9383 | 0.9393 | 0.9622 | 0.0267 | 0.9129 | 0.9415 | 0.9465
0632 | 12:40:43 |  23.5s | 1.0e-04 | 0.0231 | 0.9404 | 0.9401 | 0.9629 | 0.0263 | 0.9135 | 0.9320 | 0.9403
0633 | 12:41:24 |  36.9s | 1.0e-04 | 0.0232 | 0.9395 | 0.9400 | 0.9629 | 0.0270 | 0.9336 | 0.9184 | 0.9447
0634 | 12:42:17 |  23.0s | 1.0e-04 | 0.0240 | 0.9405 | 0.9402 | 0.9625 | 0.0277 | 0.9119 | 0.9425 | 0.9450
0635 | 12:42:57 |  23.3s | 1.0e-04 | 0.0239 | 0.9393 | 0.9397 | 0.9619 | 0.0271 | 0.9284 | 0.9293 | 0.9487
0636 | 12:43:37 |  25.0s | 1.0e-04 | 0.0235 | 0.9400 | 0.9409 | 0.9631 | 0.0274 | 0.9230 | 0.9222 | 0.9406
0637 | 12:44:20 |  23.6s | 1.0e-04 | 0.0236 | 0.9393 | 0.9405 | 0.9630 | 0.0265 | 0.9317 | 0.9187 | 0.9441
0638 | 12:44:59 |  24.4s | 1.0e-04 | 0.0239 | 0.9394 | 0.9398 | 0.9630 | 0.0278 | 0.8968 | 0.9479 | 0.9424
0639 | 12:45:40 |  34.1s | 1.0e-04 | 0.0245 | 0.9370 | 0.9380 | 0.9602 | 0.0265 | 0.9259 | 0.9187 | 0.9390
0640 | 12:46:30 |  23.5s | 1.0e-04 | 0.0248 | 0.9377 | 0.9376 | 0.9606 | 0.0271 | 0.9113 | 0.9407 | 0.9454
0641 | 12:47:10 |  34.4s | 1.0e-04 | 0.0243 | 0.9392 | 0.9400 | 0.9621 | 0.0268 | 0.9331 | 0.9097 | 0.9395
0642 | 12:48:01 |  23.5s | 1.0e-04 | 0.0238 | 0.9391 | 0.9402 | 0.9625 | 0.0271 | 0.9257 | 0.9210 | 0.9388
0643 | 12:48:42 |  23.2s | 1.0e-04 | 0.0236 | 0.9394 | 0.9394 | 0.9625 | 0.0265 | 0.9201 | 0.9341 | 0.9463
0644 | 12:49:23 |  24.4s | 1.0e-04 | 0.0235 | 0.9394 | 0.9403 | 0.9621 | 0.0273 | 0.9387 | 0.9051 | 0.9415
0645 | 12:50:04 |  22.4s | 1.0e-04 | 0.0233 | 0.9401 | 0.9409 | 0.9638 | 0.0263 | 0.9254 | 0.9271 | 0.9433
0646 | 12:50:44 |  23.8s | 1.0e-04 | 0.0238 | 0.9396 | 0.9403 | 0.9630 | 0.0263 | 0.9276 | 0.9239 | 0.9444
0647 | 12:51:26 |  31.0s | 1.0e-04 | 0.0233 | 0.9403 | 0.9420 | 0.9635 | 0.0263 | 0.9259 | 0.9277 | 0.9440
0648 | 12:52:14 |  23.9s | 1.0e-04 | 0.0228 | 0.9413 | 0.9429 | 0.9658 | 0.0261 | 0.9333 | 0.9155 | 0.9430
0649 | 12:52:56 |  33.7s | 1.0e-04 | 0.0220 | 0.9425 | 0.9440 | 0.9665 | 0.0257 | 0.9251 | 0.9257 | 0.9436
0650 | 12:53:48 |  23.5s | 1.0e-04 | 0.0220 | 0.9410 | 0.9425 | 0.9655 | 0.0277 | 0.9369 | 0.9069 | 0.9413
0651 | 12:54:29 |  23.1s | 1.0e-04 | 0.0218 | 0.9425 | 0.9429 | 0.9662 | 0.0277 | 0.9130 | 0.9347 | 0.9423
0652 | 12:55:10 |  24.4s | 1.0e-04 | 0.0224 | 0.9407 | 0.9411 | 0.9635 | 0.0281 | 0.9123 | 0.9309 | 0.9372
0653 | 12:55:50 |  24.2s | 1.0e-04 | 0.0221 | 0.9421 | 0.9435 | 0.9658 | 0.0269 | 0.9222 | 0.9334 | 0.9451
0654 | 12:56:31 |  22.6s | 1.0e-04 | 0.0220 | 0.9418 | 0.9430 | 0.9654 | 0.0257 | 0.9243 | 0.9287 | 0.9457
0655 | 12:57:13 |  31.7s | 1.0e-04 | 0.0224 | 0.9410 | 0.9427 | 0.9637 | 0.0273 | 0.9141 | 0.9344 | 0.9405
0656 | 12:58:01 |  23.7s | 1.0e-04 | 0.0218 | 0.9410 | 0.9438 | 0.9659 | 0.0276 | 0.9310 | 0.9103 | 0.9388
0657 | 12:58:43 |  35.5s | 1.0e-04 | 0.0231 | 0.9394 | 0.9393 | 0.9619 | 0.0265 | 0.9267 | 0.9235 | 0.9435
0658 | 12:59:36 |  23.1s | 1.0e-04 | 0.0231 | 0.9394 | 0.9411 | 0.9642 | 0.0273 | 0.9443 | 0.8995 | 0.9440
0659 | 13:00:17 |  23.6s | 1.0e-04 | 0.0232 | 0.9405 | 0.9406 | 0.9634 | 0.0266 | 0.9303 | 0.9263 | 0.9468
0660 | 13:00:58 |  23.5s | 1.0e-04 | 0.0235 | 0.9386 | 0.9407 | 0.9621 | 0.0269 | 0.9413 | 0.9110 | 0.9473
0661 | 13:01:38 |  23.6s | 1.0e-04 | 0.0234 | 0.9399 | 0.9409 | 0.9634 | 0.0263 | 0.9302 | 0.9222 | 0.9456
0662 | 13:02:17 |  24.7s | 1.0e-04 | 0.0229 | 0.9401 | 0.9411 | 0.9644 | 0.0259 | 0.9259 | 0.9317 | 0.9482
0663 | 13:02:58 |  31.1s | 1.0e-04 | 0.0236 | 0.9410 | 0.9427 | 0.9647 | 0.0260 | 0.9337 | 0.9129 | 0.9425
0664 | 13:03:46 |  23.7s | 1.0e-04 | 0.0240 | 0.9394 | 0.9409 | 0.9622 | 0.0274 | 0.9359 | 0.9096 | 0.9419
0665 | 13:04:28 |  33.4s | 1.0e-04 | 0.0229 | 0.9404 | 0.9417 | 0.9638 | 0.0279 | 0.9010 | 0.9490 | 0.9448
0666 | 13:05:20 |  23.4s | 1.0e-04 | 0.0226 | 0.9403 | 0.9417 | 0.9644 | 0.0269 | 0.9118 | 0.9412 | 0.9428
0667 | 13:06:02 |  23.3s | 1.0e-04 | 0.0224 | 0.9398 | 0.9416 | 0.9635 | 0.0268 | 0.9327 | 0.9187 | 0.9443
0668 | 13:06:41 |  23.8s | 1.0e-04 | 0.0226 | 0.9408 | 0.9412 | 0.9644 | 0.0267 | 0.9366 | 0.9123 | 0.9434
0669 | 13:07:22 |  24.9s | 1.0e-04 | 0.0231 | 0.9398 | 0.9399 | 0.9626 | 0.0263 | 0.9133 | 0.9327 | 0.9399
0670 | 13:08:03 |  34.1s | 1.0e-04 | 0.0226 | 0.9406 | 0.9424 | 0.9642 | 0.0268 | 0.9253 | 0.9299 | 0.9460
0671 | 13:08:53 |  24.4s | 1.0e-04 | 0.0229 | 0.9391 | 0.9402 | 0.9618 | 0.0261 | 0.9164 | 0.9401 | 0.9483
0672 | 13:09:34 |  36.1s | 1.0e-04 | 0.0229 | 0.9393 | 0.9379 | 0.9615 | 0.0265 | 0.9097 | 0.9425 | 0.9463
0673 | 13:10:26 |  23.8s | 1.0e-04 | 0.0231 | 0.9383 | 0.9388 | 0.9612 | 0.0262 | 0.9311 | 0.9203 | 0.9438
0674 | 13:11:07 |  23.0s | 1.0e-04 | 0.0235 | 0.9379 | 0.9377 | 0.9601 | 0.0258 | 0.9227 | 0.9302 | 0.9443
0675 | 13:11:47 |  23.4s | 1.0e-04 | 0.0235 | 0.9383 | 0.9378 | 0.9605 | 0.0269 | 0.9145 | 0.9374 | 0.9440
0676 | 13:12:29 |  23.4s | 1.0e-04 | 0.0234 | 0.9387 | 0.9403 | 0.9623 | 0.0264 | 0.9217 | 0.9275 | 0.9421
0677 | 13:13:11 |  23.9s | 1.0e-04 | 0.0240 | 0.9381 | 0.9382 | 0.9608 | 0.0273 | 0.9078 | 0.9415 | 0.9449
0678 | 13:13:51 |  32.3s | 1.0e-04 | 0.0231 | 0.9387 | 0.9399 | 0.9623 | 0.0263 | 0.9358 | 0.9095 | 0.9422
0679 | 13:14:39 |  23.7s | 1.0e-04 | 0.0231 | 0.9395 | 0.9402 | 0.9629 | 0.0260 | 0.9202 | 0.9367 | 0.9488
0680 | 13:15:19 |  37.0s | 1.0e-04 | 0.0231 | 0.9406 | 0.9422 | 0.9642 | 0.0262 | 0.9220 | 0.9303 | 0.9439
0681 | 13:16:13 |  23.1s | 1.0e-04 | 0.0235 | 0.9407 | 0.9433 | 0.9653 | 0.0265 | 0.9354 | 0.9105 | 0.9415
0682 | 13:16:53 |  23.5s | 1.0e-04 | 0.0237 | 0.9406 | 0.9424 | 0.9645 | 0.0267 | 0.9181 | 0.9408 | 0.9512
0683 | 13:17:34 |  24.4s | 1.0e-04 | 0.0238 | 0.9413 | 0.9419 | 0.9644 | 0.0270 | 0.9198 | 0.9276 | 0.9424
0684 | 13:18:17 |  23.7s | 1.0e-04 | 0.0238 | 0.9403 | 0.9414 | 0.9641 | 0.0262 | 0.9280 | 0.9219 | 0.9432
0685 | 13:18:59 |  23.9s | 1.0e-04 | 0.0234 | 0.9411 | 0.9432 | 0.9649 | 0.0256 | 0.9389 | 0.9188 | 0.9498
0686 | 13:19:42 |  31.0s | 1.0e-04 | 0.0235 | 0.9412 | 0.9424 | 0.9646 | 0.0267 | 0.9134 | 0.9353 | 0.9427
0687 | 13:20:30 |  24.3s | 1.0e-04 | 0.0236 | 0.9413 | 0.9432 | 0.9654 | 0.0260 | 0.9174 | 0.9417 | 0.9484
0688 | 13:21:10 |  34.0s | 1.0e-04 | 0.0236 | 0.9422 | 0.9447 | 0.9670 | 0.0267 | 0.9154 | 0.9381 | 0.9456
0689 | 13:22:00 |  25.5s | 1.0e-04 | 0.0238 | 0.9426 | 0.9450 | 0.9667 | 0.0265 | 0.9344 | 0.9099 | 0.9410
0690 | 13:22:42 |  24.5s | 1.0e-04 | 0.0232 | 0.9427 | 0.9452 | 0.9672 | 0.0266 | 0.9322 | 0.9152 | 0.9424
0691 | 13:23:23 |  24.3s | 1.0e-04 | 0.0244 | 0.9406 | 0.9436 | 0.9648 | 0.0261 | 0.9180 | 0.9372 | 0.9450
0692 | 13:24:03 |  22.5s | 1.0e-04 | 0.0238 | 0.9419 | 0.9435 | 0.9658 | 0.0265 | 0.9293 | 0.9190 | 0.9420
0693 | 13:24:44 |  22.9s | 1.0e-04 | 0.0237 | 0.9420 | 0.9453 | 0.9672 | 0.0261 | 0.9272 | 0.9305 | 0.9485
0694 | 13:25:24 |  32.4s | 1.0e-04 | 0.0236 | 0.9424 | 0.9433 | 0.9664 | 0.0263 | 0.9277 | 0.9262 | 0.9462
0695 | 13:26:14 |  23.5s | 1.0e-04 | 0.0233 | 0.9422 | 0.9450 | 0.9668 | 0.0263 | 0.9121 | 0.9336 | 0.9422
0696 | 13:26:54 |  35.8s | 1.0e-04 | 0.0228 | 0.9411 | 0.9425 | 0.9664 | 0.0281 | 0.9414 | 0.9004 | 0.9416
0697 | 13:27:45 |  24.8s | 1.0e-04 | 0.0226 | 0.9424 | 0.9427 | 0.9656 | 0.0262 | 0.9236 | 0.9315 | 0.9457
0698 | 13:28:26 |  24.4s | 1.0e-04 | 0.0226 | 0.9410 | 0.9427 | 0.9649 | 0.0266 | 0.9299 | 0.9142 | 0.9391
0699 | 13:29:07 |  23.6s | 1.0e-04 | 0.0225 | 0.9420 | 0.9432 | 0.9662 | 0.0256 | 0.9265 | 0.9236 | 0.9430
0700 | 13:29:48 |  23.7s | 1.0e-04 | 0.0221 | 0.9430 | 0.9432 | 0.9663 | 0.0268 | 0.9189 | 0.9363 | 0.9465
0701 | 13:30:29 |  23.5s | 1.0e-04 | 0.0225 | 0.9407 | 0.9430 | 0.9650 | 0.0264 | 0.9352 | 0.9107 | 0.9412
0702 | 13:31:08 |  33.2s | 1.0e-04 | 0.0228 | 0.9421 | 0.9433 | 0.9663 | 0.0264 | 0.9173 | 0.9355 | 0.9446
0703 | 13:31:59 |  23.5s | 1.0e-04 | 0.0229 | 0.9418 | 0.9441 | 0.9658 | 0.0265 | 0.9358 | 0.9213 | 0.9488
0704 | 13:32:40 |  35.5s | 1.0e-04 | 0.0234 | 0.9397 | 0.9411 | 0.9628 | 0.0274 | 0.9094 | 0.9421 | 0.9439
0705 | 13:33:31 |  23.0s | 1.0e-04 | 0.0232 | 0.9410 | 0.9418 | 0.9645 | 0.0256 | 0.9351 | 0.9253 | 0.9500
0706 | 13:34:10 |  23.9s | 1.0e-04 | 0.0232 | 0.9398 | 0.9406 | 0.9634 | 0.0263 | 0.9263 | 0.9275 | 0.9453
0707 | 13:34:51 |  23.2s | 1.0e-04 | 0.0233 | 0.9403 | 0.9403 | 0.9635 | 0.0263 | 0.9248 | 0.9273 | 0.9445
0708 | 13:35:32 |  23.5s | 1.0e-04 | 0.0230 | 0.9413 | 0.9403 | 0.9648 | 0.0266 | 0.9437 | 0.9049 | 0.9461
0709 | 13:36:13 |  31.5s | 1.0e-04 | 0.0230 | 0.9412 | 0.9410 | 0.9647 | 0.0260 | 0.9227 | 0.9303 | 0.9469
0710 | 13:37:02 |  23.7s | 1.0e-04 | 0.0231 | 0.9390 | 0.9394 | 0.9623 | 0.0254 | 0.9224 | 0.9357 | 0.9506
0711 | 13:37:44 |  32.9s | 1.0e-04 | 0.0229 | 0.9405 | 0.9412 | 0.9632 | 0.0253 | 0.9324 | 0.9262 | 0.9496
0712 | 13:38:34 |  23.5s | 1.0e-04 | 0.0233 | 0.9401 | 0.9418 | 0.9635 | 0.0257 | 0.9238 | 0.9365 | 0.9514
0713 | 13:39:15 |  23.0s | 1.0e-04 | 0.0231 | 0.9407 | 0.9415 | 0.9644 | 0.0263 | 0.9279 | 0.9271 | 0.9463
0714 | 13:39:54 |  24.1s | 1.0e-04 | 0.0238 | 0.9391 | 0.9396 | 0.9625 | 0.0261 | 0.9219 | 0.9341 | 0.9465
0715 | 13:40:33 |  22.7s | 1.0e-04 | 0.0234 | 0.9397 | 0.9409 | 0.9631 | 0.0259 | 0.9319 | 0.9272 | 0.9487
0716 | 13:41:13 |  23.4s | 1.0e-04 | 0.0235 | 0.9412 | 0.9418 | 0.9649 | 0.0265 | 0.9220 | 0.9300 | 0.9431
0717 | 13:41:53 |  30.3s | 1.0e-04 | 0.0236 | 0.9394 | 0.9407 | 0.9626 | 0.0265 | 0.9192 | 0.9369 | 0.9487
0718 | 13:42:41 |  23.1s | 1.0e-04 | 0.0234 | 0.9398 | 0.9398 | 0.9625 | 0.0254 | 0.9364 | 0.9162 | 0.9472
0719 | 13:43:21 |  34.1s | 1.0e-04 | 0.0234 | 0.9396 | 0.9408 | 0.9636 | 0.0267 | 0.9344 | 0.9184 | 0.9450
0720 | 13:44:13 |  23.4s | 1.0e-04 | 0.0226 | 0.9423 | 0.9439 | 0.9663 | 0.0258 | 0.9321 | 0.9244 | 0.9480
0721 | 13:44:55 |  23.2s | 1.0e-04 | 0.0227 | 0.9417 | 0.9432 | 0.9655 | 0.0271 | 0.9112 | 0.9407 | 0.9470
0722 | 13:45:34 |  23.7s | 1.0e-04 | 0.0225 | 0.9413 | 0.9428 | 0.9655 | 0.0260 | 0.9275 | 0.9279 | 0.9476
0723 | 13:46:15 |  24.6s | 1.0e-04 | 0.0224 | 0.9414 | 0.9427 | 0.9655 | 0.0254 | 0.9293 | 0.9238 | 0.9454
0724 | 13:46:55 |  22.6s | 1.0e-04 | 0.0227 | 0.9405 | 0.9431 | 0.9644 | 0.0262 | 0.9394 | 0.9095 | 0.9451
0725 | 13:47:35 |  33.2s | 1.0e-04 | 0.0228 | 0.9411 | 0.9431 | 0.9652 | 0.0266 | 0.9330 | 0.9181 | 0.9443
0726 | 13:48:25 |  23.5s | 1.0e-04 | 0.0228 | 0.9413 | 0.9435 | 0.9664 | 0.0263 | 0.9255 | 0.9265 | 0.9452
0727 | 13:49:05 |  33.7s | 1.0e-04 | 0.0231 | 0.9416 | 0.9430 | 0.9652 | 0.0265 | 0.9268 | 0.9257 | 0.9460
0728 | 13:49:57 |  23.4s | 1.0e-04 | 0.0237 | 0.9406 | 0.9416 | 0.9652 | 0.0250 | 0.9295 | 0.9291 | 0.9499
0729 | 13:50:39 |  22.9s | 1.0e-04 | 0.0236 | 0.9413 | 0.9421 | 0.9645 | 0.0260 | 0.9179 | 0.9353 | 0.9471
0730 | 13:51:19 |  23.4s | 1.0e-04 | 0.0234 | 0.9416 | 0.9436 | 0.9654 | 0.0250 | 0.9174 | 0.9388 | 0.9477
0731 | 13:51:59 |  24.5s | 1.0e-04 | 0.0243 | 0.9391 | 0.9403 | 0.9624 | 0.0258 | 0.9261 | 0.9295 | 0.9466
0732 | 13:52:39 |  23.8s | 1.0e-04 | 0.0241 | 0.9408 | 0.9419 | 0.9642 | 0.0261 | 0.9201 | 0.9335 | 0.9459
0733 | 13:53:19 |  31.9s | 1.0e-04 | 0.0228 | 0.9412 | 0.9414 | 0.9650 | 0.0258 | 0.9191 | 0.9424 | 0.9507
0734 | 13:54:07 |  23.6s | 1.0e-04 | 0.0230 | 0.9405 | 0.9406 | 0.9637 | 0.0265 | 0.9194 | 0.9438 | 0.9528
0735 | 13:54:49 |  35.2s | 1.0e-04 | 0.0223 | 0.9400 | 0.9398 | 0.9628 | 0.0263 | 0.9158 | 0.9391 | 0.9479
0736 | 13:55:42 |  23.7s | 1.0e-04 | 0.0225 | 0.9397 | 0.9405 | 0.9632 | 0.0259 | 0.9288 | 0.9307 | 0.9499
0737 | 13:56:24 |  24.0s | 1.0e-04 | 0.0223 | 0.9398 | 0.9394 | 0.9627 | 0.0257 | 0.9331 | 0.9276 | 0.9510
0738 | 13:57:05 |  24.3s | 1.0e-04 | 0.0222 | 0.9410 | 0.9420 | 0.9646 | 0.0265 | 0.9347 | 0.9185 | 0.9469
0739 | 13:57:46 |  24.2s | 1.0e-04 | 0.0220 | 0.9404 | 0.9395 | 0.9627 | 0.0261 | 0.9099 | 0.9362 | 0.9421
0740 | 13:58:26 |  25.3s | 1.0e-04 | 0.0223 | 0.9395 | 0.9392 | 0.9622 | 0.0260 | 0.9252 | 0.9285 | 0.9450
0741 | 13:59:08 |  33.5s | 1.0e-04 | 0.0228 | 0.9406 | 0.9412 | 0.9635 | 0.0266 | 0.9267 | 0.9322 | 0.9489
0742 | 13:59:57 |  23.8s | 1.0e-04 | 0.0225 | 0.9413 | 0.9424 | 0.9648 | 0.0259 | 0.9335 | 0.9198 | 0.9466
0743 | 14:00:38 |  34.7s | 1.0e-04 | 0.0225 | 0.9414 | 0.9442 | 0.9657 | 0.0257 | 0.9228 | 0.9294 | 0.9450
0744 | 14:01:29 |  23.7s | 1.0e-04 | 0.0226 | 0.9418 | 0.9433 | 0.9656 | 0.0252 | 0.9218 | 0.9356 | 0.9491
0745 | 14:02:11 |  23.0s | 1.0e-04 | 0.0224 | 0.9420 | 0.9434 | 0.9660 | 0.0258 | 0.9341 | 0.9152 | 0.9439
0746 | 14:02:52 |  23.5s | 1.0e-04 | 0.0220 | 0.9437 | 0.9453 | 0.9678 | 0.0271 | 0.9265 | 0.9221 | 0.9404
0747 | 14:03:31 |  23.6s | 1.0e-04 | 0.0230 | 0.9423 | 0.9435 | 0.9664 | 0.0269 | 0.9393 | 0.9091 | 0.9446
0748 | 14:04:10 |  32.1s | 1.0e-04 | 0.0224 | 0.9417 | 0.9443 | 0.9662 | 0.0265 | 0.9357 | 0.9172 | 0.9475
0749 | 14:04:58 |  24.4s | 1.0e-04 | 0.0218 | 0.9441 | 0.9449 | 0.9686 | 0.0263 | 0.9157 | 0.9295 | 0.9394
0750 | 14:05:38 |  24.9s | 1.0e-04 | 0.0218 | 0.9441 | 0.9452 | 0.9685 | 0.0265 | 0.9301 | 0.9162 | 0.9411
0751 | 14:06:21 |  23.1s | 1.0e-04 | 0.0232 | 0.9401 | 0.9410 | 0.9635 | 0.0247 | 0.9311 | 0.9286 | 0.9512
0752 | 14:07:03 |  23.9s | 1.0e-04 | 0.0230 | 0.9411 | 0.9426 | 0.9655 | 0.0260 | 0.9251 | 0.9351 | 0.9494
0753 | 14:07:43 |  24.2s | 1.0e-04 | 0.0228 | 0.9414 | 0.9428 | 0.9653 | 0.0253 | 0.9272 | 0.9281 | 0.9466
0754 | 14:08:24 |  23.7s | 1.0e-04 | 0.0227 | 0.9414 | 0.9432 | 0.9656 | 0.0264 | 0.9174 | 0.9378 | 0.9461
0755 | 14:09:04 |  24.4s | 1.0e-04 | 0.0227 | 0.9417 | 0.9424 | 0.9654 | 0.0265 | 0.9231 | 0.9299 | 0.9453
0756 | 14:09:44 |  32.4s | 1.0e-04 | 0.0233 | 0.9410 | 0.9427 | 0.9644 | 0.0260 | 0.9224 | 0.9256 | 0.9434
0757 | 14:10:33 |  24.6s | 1.0e-04 | 0.0234 | 0.9407 | 0.9428 | 0.9646 | 0.0268 | 0.9292 | 0.9201 | 0.9446
0758 | 14:11:14 |  36.4s | 1.0e-04 | 0.0232 | 0.9411 | 0.9425 | 0.9650 | 0.0256 | 0.9361 | 0.9175 | 0.9475
0759 | 14:12:06 |  24.7s | 1.0e-04 | 0.0237 | 0.9401 | 0.9419 | 0.9641 | 0.0263 | 0.9036 | 0.9485 | 0.9492
0760 | 14:12:46 |  22.5s | 1.0e-04 | 0.0238 | 0.9399 | 0.9422 | 0.9642 | 0.0254 | 0.9320 | 0.9239 | 0.9479
0761 | 14:13:26 |  23.0s | 1.0e-04 | 0.0232 | 0.9417 | 0.9435 | 0.9656 | 0.0260 | 0.9322 | 0.9186 | 0.9446
0762 | 14:14:05 |  24.2s | 1.0e-04 | 0.0238 | 0.9405 | 0.9414 | 0.9637 | 0.0266 | 0.9347 | 0.9133 | 0.9426
0763 | 14:14:44 |  24.3s | 1.0e-04 | 0.0238 | 0.9402 | 0.9413 | 0.9635 | 0.0248 | 0.9278 | 0.9282 | 0.9491
0764 | 14:15:24 |  32.5s | 1.0e-04 | 0.0231 | 0.9408 | 0.9411 | 0.9645 | 0.0262 | 0.9300 | 0.9220 | 0.9443
0765 | 14:16:12 |  23.8s | 1.0e-04 | 0.0231 | 0.9399 | 0.9399 | 0.9624 | 0.0263 | 0.9360 | 0.9164 | 0.9454
0766 | 14:16:52 |  35.9s | 1.0e-04 | 0.0225 | 0.9408 | 0.9415 | 0.9650 | 0.0262 | 0.9314 | 0.9245 | 0.9475
0767 | 14:17:44 |  23.9s | 1.0e-04 | 0.0216 | 0.9425 | 0.9430 | 0.9659 | 0.0255 | 0.9297 | 0.9187 | 0.9433
0768 | 14:18:24 |  23.6s | 1.0e-04 | 0.0220 | 0.9415 | 0.9427 | 0.9659 | 0.0259 | 0.9204 | 0.9296 | 0.9422
0769 | 14:19:05 |  24.1s | 1.0e-04 | 0.0217 | 0.9432 | 0.9440 | 0.9673 | 0.0256 | 0.9398 | 0.9125 | 0.9477
0770 | 14:19:46 |  24.3s | 1.0e-04 | 0.0217 | 0.9412 | 0.9426 | 0.9654 | 0.0266 | 0.9290 | 0.9248 | 0.9452
0771 | 14:20:27 |  25.1s | 1.0e-04 | 0.0222 | 0.9421 | 0.9429 | 0.9658 | 0.0261 | 0.9119 | 0.9392 | 0.9452
0772 | 14:21:08 |  33.6s | 1.0e-04 | 0.0217 | 0.9428 | 0.9451 | 0.9670 | 0.0260 | 0.9143 | 0.9428 | 0.9513
0773 | 14:21:57 |  24.5s | 1.0e-04 | 0.0219 | 0.9435 | 0.9447 | 0.9674 | 0.0264 | 0.9313 | 0.9252 | 0.9470
0774 | 14:22:37 |  34.5s | 1.0e-04 | 0.0222 | 0.9427 | 0.9438 | 0.9666 | 0.0257 | 0.9163 | 0.9310 | 0.9413
0775 | 14:23:27 |  24.6s | 1.0e-04 | 0.0225 | 0.9433 | 0.9445 | 0.9676 | 0.0268 | 0.9337 | 0.9236 | 0.9488
0776 | 14:24:07 |  23.0s | 1.0e-04 | 0.0269 | 0.9405 | 0.9434 | 0.9643 | 0.0267 | 0.9235 | 0.9330 | 0.9484
0777 | 14:24:46 |  22.8s | 1.0e-04 | 0.0224 | 0.9426 | 0.9449 | 0.9669 | 0.0253 | 0.9392 | 0.9170 | 0.9495
0778 | 14:25:27 |  22.8s | 1.0e-04 | 0.0223 | 0.9429 | 0.9434 | 0.9672 | 0.0263 | 0.9154 | 0.9372 | 0.9458
0779 | 14:26:06 |  24.4s | 1.0e-04 | 0.0228 | 0.9419 | 0.9440 | 0.9665 | 0.0254 | 0.9411 | 0.9164 | 0.9507
0780 | 14:26:47 |  34.2s | 1.0e-04 | 0.0220 | 0.9429 | 0.9460 | 0.9678 | 0.0259 | 0.9349 | 0.9186 | 0.9455
0781 | 14:27:38 |  24.0s | 1.0e-04 | 0.0224 | 0.9428 | 0.9443 | 0.9673 | 0.0254 | 0.9354 | 0.9281 | 0.9534
0782 | 14:28:18 |  37.5s | 1.0e-04 | 0.0231 | 0.9419 | 0.9435 | 0.9656 | 0.0260 | 0.9307 | 0.9271 | 0.9495
0783 | 14:29:11 |  24.3s | 1.0e-04 | 0.0228 | 0.9424 | 0.9442 | 0.9669 | 0.0252 | 0.9312 | 0.9295 | 0.9503
0784 | 14:29:51 |  24.7s | 1.0e-04 | 0.0233 | 0.9412 | 0.9433 | 0.9652 | 0.0259 | 0.9249 | 0.9332 | 0.9485
0785 | 14:30:31 |  23.3s | 1.0e-04 | 0.0228 | 0.9427 | 0.9435 | 0.9669 | 0.0260 | 0.9340 | 0.9172 | 0.9448
0786 | 14:31:11 |  22.9s | 1.0e-04 | 0.0231 | 0.9414 | 0.9433 | 0.9652 | 0.0257 | 0.9356 | 0.9227 | 0.9496
0787 | 14:31:50 |  23.4s | 1.0e-04 | 0.0229 | 0.9419 | 0.9435 | 0.9668 | 0.0263 | 0.9141 | 0.9365 | 0.9440
0788 | 14:32:29 |  30.7s | 1.0e-04 | 0.0236 | 0.9410 | 0.9441 | 0.9656 | 0.0255 | 0.9263 | 0.9317 | 0.9481
0789 | 14:33:16 |  22.8s | 1.0e-04 | 0.0239 | 0.9409 | 0.9428 | 0.9653 | 0.0260 | 0.9266 | 0.9260 | 0.9457
0790 | 14:33:54 |  34.1s | 1.0e-04 | 0.0225 | 0.9433 | 0.9459 | 0.9679 | 0.0259 | 0.9170 | 0.9411 | 0.9490
0791 | 14:34:44 |  25.4s | 1.0e-04 | 0.0225 | 0.9433 | 0.9456 | 0.9676 | 0.0250 | 0.9254 | 0.9370 | 0.9512
0792 | 14:35:25 |  25.1s | 1.0e-04 | 0.0226 | 0.9429 | 0.9453 | 0.9672 | 0.0262 | 0.9202 | 0.9256 | 0.9404
0793 | 14:36:07 |  22.7s | 1.0e-04 | 0.0223 | 0.9433 | 0.9449 | 0.9683 | 0.0261 | 0.9328 | 0.9202 | 0.9459
0794 | 14:36:46 |  22.9s | 1.0e-04 | 0.0226 | 0.9431 | 0.9454 | 0.9675 | 0.0258 | 0.9260 | 0.9306 | 0.9480
0795 | 14:37:26 |  32.2s | 1.0e-04 | 0.0223 | 0.9432 | 0.9446 | 0.9676 | 0.0263 | 0.9276 | 0.9271 | 0.9480
0796 | 14:38:14 |  24.5s | 1.0e-04 | 0.0220 | 0.9430 | 0.9442 | 0.9677 | 0.0259 | 0.9219 | 0.9304 | 0.9431
0797 | 14:38:54 |  35.9s | 1.0e-04 | 0.0224 | 0.9417 | 0.9432 | 0.9660 | 0.0262 | 0.9172 | 0.9404 | 0.9492
0798 | 14:39:47 |  23.1s | 1.0e-04 | 0.0231 | 0.9397 | 0.9412 | 0.9631 | 0.0262 | 0.9285 | 0.9298 | 0.9482
0799 | 14:40:26 |  23.2s | 1.0e-04 | 0.0229 | 0.9403 | 0.9415 | 0.9646 | 0.0252 | 0.9227 | 0.9351 | 0.9483
0800 | 14:41:06 |  23.9s | 1.0e-04 | 0.0230 | 0.9398 | 0.9406 | 0.9626 | 0.0257 | 0.9269 | 0.9292 | 0.9487
0801 | 14:41:46 |  23.6s | 1.0e-04 | 0.0228 | 0.9399 | 0.9412 | 0.9637 | 0.0253 | 0.9289 | 0.9258 | 0.9464
0802 | 14:42:27 |  23.7s | 1.0e-04 | 0.0233 | 0.9395 | 0.9400 | 0.9632 | 0.0253 | 0.9332 | 0.9202 | 0.9466
0803 | 14:43:07 |  32.2s | 1.0e-04 | 0.0230 | 0.9410 | 0.9413 | 0.9638 | 0.0250 | 0.9241 | 0.9327 | 0.9463
0804 | 14:43:56 |  23.5s | 1.0e-04 | 0.0232 | 0.9410 | 0.9414 | 0.9646 | 0.0261 | 0.9274 | 0.9311 | 0.9500
0805 | 14:44:36 |  36.4s | 1.0e-04 | 0.0232 | 0.9402 | 0.9412 | 0.9640 | 0.0252 | 0.9272 | 0.9274 | 0.9449
0806 | 14:45:28 |  23.9s | 1.0e-04 | 0.0229 | 0.9414 | 0.9433 | 0.9654 | 0.0255 | 0.9347 | 0.9200 | 0.9480
0807 | 14:46:08 |  23.7s | 1.0e-04 | 0.0227 | 0.9419 | 0.9432 | 0.9655 | 0.0270 | 0.9062 | 0.9362 | 0.9363
0808 | 14:46:48 |  24.0s | 1.0e-04 | 0.0229 | 0.9416 | 0.9422 | 0.9648 | 0.0267 | 0.9264 | 0.9269 | 0.9464
0809 | 14:47:28 |  23.5s | 1.0e-04 | 0.0245 | 0.9400 | 0.9409 | 0.9632 | 0.0264 | 0.9308 | 0.9157 | 0.9412
0810 | 14:48:09 |  23.3s | 1.0e-04 | 0.0229 | 0.9408 | 0.9424 | 0.9640 | 0.0251 | 0.9302 | 0.9263 | 0.9467
0811 | 14:48:50 |  31.8s | 1.0e-04 | 0.0226 | 0.9416 | 0.9441 | 0.9662 | 0.0260 | 0.9379 | 0.9170 | 0.9499
0812 | 14:49:38 |  23.8s | 1.0e-04 | 0.0221 | 0.9429 | 0.9441 | 0.9665 | 0.0253 | 0.9284 | 0.9351 | 0.9522
0813 | 14:50:19 |  34.8s | 1.0e-04 | 0.0227 | 0.9416 | 0.9417 | 0.9648 | 0.0262 | 0.9358 | 0.9207 | 0.9484
0814 | 14:51:10 |  24.0s | 1.0e-04 | 0.0229 | 0.9404 | 0.9408 | 0.9640 | 0.0257 | 0.9202 | 0.9366 | 0.9475
0815 | 14:51:50 |  24.0s | 1.0e-04 | 0.0229 | 0.9409 | 0.9415 | 0.9641 | 0.0258 | 0.9352 | 0.9267 | 0.9513
0816 | 14:52:31 |  23.0s | 1.0e-04 | 0.0230 | 0.9412 | 0.9405 | 0.9641 | 0.0256 | 0.9300 | 0.9259 | 0.9483
0817 | 14:53:11 |  23.4s | 1.0e-04 | 0.0228 | 0.9414 | 0.9421 | 0.9652 | 0.0254 | 0.9342 | 0.9248 | 0.9488
0818 | 14:53:52 |  23.0s | 1.0e-04 | 0.0230 | 0.9404 | 0.9414 | 0.9635 | 0.0255 | 0.9323 | 0.9212 | 0.9457
0819 | 14:54:33 |  30.0s | 1.0e-04 | 0.0235 | 0.9395 | 0.9405 | 0.9626 | 0.0252 | 0.9313 | 0.9270 | 0.9493
0820 | 14:55:21 |  23.2s | 1.0e-04 | 0.0234 | 0.9401 | 0.9404 | 0.9630 | 0.0249 | 0.9282 | 0.9304 | 0.9483
0821 | 14:56:02 |  33.9s | 1.0e-04 | 0.0233 | 0.9394 | 0.9407 | 0.9633 | 0.0255 | 0.9388 | 0.9146 | 0.9482
0822 | 14:56:52 |  23.8s | 1.0e-04 | 0.0228 | 0.9398 | 0.9398 | 0.9627 | 0.0252 | 0.9286 | 0.9318 | 0.9500
0823 | 14:57:33 |  23.5s | 1.0e-04 | 0.0227 | 0.9400 | 0.9400 | 0.9633 | 0.0253 | 0.9386 | 0.9132 | 0.9470
0824 | 14:58:12 |  23.4s | 1.0e-04 | 0.0233 | 0.9392 | 0.9394 | 0.9614 | 0.0249 | 0.9252 | 0.9370 | 0.9512
0825 | 14:58:53 |  23.5s | 1.0e-04 | 0.0230 | 0.9397 | 0.9404 | 0.9631 | 0.0253 | 0.9308 | 0.9259 | 0.9476
0826 | 14:59:34 |  23.1s | 1.0e-04 | 0.0231 | 0.9396 | 0.9397 | 0.9628 | 0.0254 | 0.9258 | 0.9294 | 0.9463
0827 | 15:00:15 |  31.4s | 1.0e-04 | 0.0225 | 0.9393 | 0.9393 | 0.9626 | 0.0249 | 0.9206 | 0.9334 | 0.9471
0828 | 15:01:03 |  23.6s | 1.0e-04 | 0.0222 | 0.9405 | 0.9403 | 0.9641 | 0.0255 | 0.9279 | 0.9291 | 0.9458
0829 | 15:01:43 |  36.3s | 1.0e-04 | 0.0230 | 0.9417 | 0.9424 | 0.9648 | 0.0262 | 0.9218 | 0.9344 | 0.9490
0830 | 15:02:38 |  23.9s | 1.0e-04 | 0.0226 | 0.9423 | 0.9448 | 0.9665 | 0.0251 | 0.9232 | 0.9348 | 0.9497
0831 | 15:03:18 |  25.0s | 1.0e-04 | 0.0228 | 0.9418 | 0.9437 | 0.9652 | 0.0260 | 0.9220 | 0.9321 | 0.9452
0832 | 15:03:59 |  24.2s | 1.0e-04 | 0.0231 | 0.9414 | 0.9428 | 0.9652 | 0.0259 | 0.9255 | 0.9349 | 0.9493
0833 | 15:04:40 |  24.0s | 1.0e-04 | 0.0232 | 0.9403 | 0.9423 | 0.9635 | 0.0264 | 0.9070 | 0.9462 | 0.9470
0834 | 15:05:21 |  34.0s | 1.0e-04 | 0.0232 | 0.9419 | 0.9441 | 0.9660 | 0.0261 | 0.9168 | 0.9435 | 0.9504
0835 | 15:06:11 |  24.3s | 1.0e-04 | 0.0231 | 0.9419 | 0.9435 | 0.9664 | 0.0249 | 0.9218 | 0.9375 | 0.9482
0836 | 15:06:52 |  37.4s | 1.0e-04 | 0.0233 | 0.9416 | 0.9432 | 0.9656 | 0.0264 | 0.9200 | 0.9369 | 0.9479
0837 | 15:07:46 |  24.2s | 1.0e-04 | 0.0224 | 0.9426 | 0.9440 | 0.9668 | 0.0249 | 0.9237 | 0.9389 | 0.9503
0838 | 15:08:27 |  23.9s | 1.0e-04 | 0.0225 | 0.9428 | 0.9448 | 0.9663 | 0.0252 | 0.9301 | 0.9243 | 0.9467
0839 | 15:09:10 |  23.4s | 1.0e-04 | 0.0227 | 0.9420 | 0.9437 | 0.9660 | 0.0253 | 0.9396 | 0.9202 | 0.9512
0840 | 15:09:50 |  25.6s | 1.0e-04 | 0.0220 | 0.9435 | 0.9449 | 0.9678 | 0.0261 | 0.9261 | 0.9317 | 0.9488
0841 | 15:10:31 |  24.9s | 1.0e-04 | 0.0224 | 0.9430 | 0.9434 | 0.9673 | 0.0256 | 0.9320 | 0.9199 | 0.9451
0842 | 15:11:12 |  34.8s | 1.0e-04 | 0.0224 | 0.9430 | 0.9440 | 0.9669 | 0.0268 | 0.9241 | 0.9368 | 0.9499
0843 | 15:12:03 |  24.0s | 1.0e-04 | 0.0222 | 0.9441 | 0.9450 | 0.9683 | 0.0254 | 0.9313 | 0.9276 | 0.9488
0844 | 15:12:43 |  37.4s | 1.0e-04 | 0.0224 | 0.9440 | 0.9454 | 0.9680 | 0.0253 | 0.9193 | 0.9363 | 0.9470
0845 | 15:13:36 |  24.6s | 1.0e-04 | 0.0228 | 0.9438 | 0.9447 | 0.9679 | 0.0262 | 0.9340 | 0.9260 | 0.9508
0846 | 15:14:16 |  24.3s | 1.0e-04 | 0.0233 | 0.9424 | 0.9440 | 0.9673 | 0.0251 | 0.9275 | 0.9315 | 0.9495
0847 | 15:14:57 |  22.9s | 1.0e-04 | 0.0228 | 0.9438 | 0.9449 | 0.9680 | 0.0260 | 0.9173 | 0.9421 | 0.9482
0848 | 15:15:38 |  23.7s | 1.0e-04 | 0.0231 | 0.9431 | 0.9447 | 0.9671 | 0.0255 | 0.9238 | 0.9345 | 0.9485
0849 | 15:16:18 |  24.7s | 1.0e-04 | 0.0228 | 0.9430 | 0.9457 | 0.9674 | 0.0254 | 0.9344 | 0.9196 | 0.9480
0850 | 15:16:58 |  33.8s | 1.0e-04 | 0.0233 | 0.9428 | 0.9446 | 0.9664 | 0.0249 | 0.9244 | 0.9299 | 0.9464
0851 | 15:17:48 |  24.1s | 1.0e-04 | 0.0235 | 0.9412 | 0.9439 | 0.9660 | 0.0249 | 0.9274 | 0.9309 | 0.9493
0852 | 15:18:28 |  37.1s | 1.0e-04 | 0.0233 | 0.9409 | 0.9423 | 0.9647 | 0.0251 | 0.9322 | 0.9259 | 0.9492
0853 | 15:19:21 |  23.5s | 1.0e-04 | 0.0221 | 0.9418 | 0.9425 | 0.9652 | 0.0249 | 0.9185 | 0.9404 | 0.9491
0854 | 15:20:01 |  24.1s | 1.0e-04 | 0.0227 | 0.9397 | 0.9410 | 0.9636 | 0.0253 | 0.9286 | 0.9266 | 0.9477
0855 | 15:20:41 |  23.1s | 1.0e-04 | 0.0223 | 0.9414 | 0.9425 | 0.9646 | 0.0249 | 0.9314 | 0.9233 | 0.9473
0856 | 15:21:23 |  23.5s | 1.0e-04 | 0.0225 | 0.9406 | 0.9405 | 0.9638 | 0.0244 | 0.9408 | 0.9136 | 0.9488
0857 | 15:22:04 |  24.5s | 1.0e-04 | 0.0226 | 0.9410 | 0.9399 | 0.9634 | 0.0254 | 0.9308 | 0.9327 | 0.9510
0858 | 15:22:44 |  33.5s | 1.0e-04 | 0.0227 | 0.9417 | 0.9422 | 0.9649 | 0.0258 | 0.9378 | 0.9209 | 0.9498
0859 | 15:23:34 |  23.7s | 1.0e-04 | 0.0226 | 0.9416 | 0.9405 | 0.9646 | 0.0249 | 0.9263 | 0.9317 | 0.9490
0860 | 15:24:15 |  36.6s | 1.0e-04 | 0.0225 | 0.9421 | 0.9437 | 0.9662 | 0.0251 | 0.9331 | 0.9238 | 0.9474
0861 | 15:25:09 |  25.2s | 1.0e-04 | 0.0220 | 0.9439 | 0.9464 | 0.9686 | 0.0256 | 0.9403 | 0.9163 | 0.9493
0862 | 15:25:51 |  24.1s | 1.0e-04 | 0.0221 | 0.9441 | 0.9461 | 0.9682 | 0.0254 | 0.9328 | 0.9295 | 0.9514
0863 | 15:26:31 |  24.8s | 1.0e-04 | 0.0221 | 0.9446 | 0.9453 | 0.9691 | 0.0255 | 0.9207 | 0.9311 | 0.9435
0864 | 15:27:13 |  23.5s | 1.0e-04 | 0.0219 | 0.9435 | 0.9447 | 0.9677 | 0.0248 | 0.9411 | 0.9171 | 0.9500
0865 | 15:27:55 |  23.6s | 1.0e-04 | 0.0220 | 0.9439 | 0.9447 | 0.9682 | 0.0256 | 0.9279 | 0.9274 | 0.9463
0866 | 15:28:35 |  35.3s | 1.0e-04 | 0.0217 | 0.9433 | 0.9443 | 0.9674 | 0.0254 | 0.9354 | 0.9204 | 0.9489
0867 | 15:29:27 |  25.1s | 1.0e-04 | 0.0213 | 0.9442 | 0.9466 | 0.9692 | 0.0254 | 0.9316 | 0.9241 | 0.9466
0868 | 15:30:08 |  34.6s | 1.0e-04 | 0.0219 | 0.9441 | 0.9460 | 0.9685 | 0.0260 | 0.9374 | 0.9175 | 0.9484
0869 | 15:30:59 |  24.8s | 1.0e-04 | 0.0218 | 0.9442 | 0.9458 | 0.9684 | 0.0258 | 0.9410 | 0.9068 | 0.9453
0870 | 15:31:40 |  25.0s | 1.0e-04 | 0.0220 | 0.9434 | 0.9453 | 0.9671 | 0.0269 | 0.9129 | 0.9361 | 0.9424
0871 | 15:32:21 |  24.4s | 1.0e-04 | 0.0223 | 0.9431 | 0.9453 | 0.9679 | 0.0262 | 0.9286 | 0.9206 | 0.9439
0872 | 15:33:02 |  24.1s | 1.0e-04 | 0.0219 | 0.9440 | 0.9460 | 0.9687 | 0.0249 | 0.9239 | 0.9351 | 0.9492
0873 | 15:33:43 |  31.5s | 1.0e-04 | 0.0221 | 0.9431 | 0.9450 | 0.9673 | 0.0259 | 0.9269 | 0.9282 | 0.9463
0874 | 15:34:32 |  23.6s | 1.0e-04 | 0.0220 | 0.9434 | 0.9457 | 0.9686 | 0.0253 | 0.9344 | 0.9205 | 0.9465
0875 | 15:35:12 |  25.1s | 1.0e-04 | 0.0223 | 0.9441 | 0.9449 | 0.9679 | 0.0255 | 0.9220 | 0.9316 | 0.9453
0876 | 15:35:55 |  23.1s | 1.0e-04 | 0.0220 | 0.9432 | 0.9447 | 0.9671 | 0.0247 | 0.9240 | 0.9390 | 0.9521
0877 | 15:36:34 |  24.4s | 1.0e-04 | 0.0220 | 0.9433 | 0.9438 | 0.9675 | 0.0264 | 0.9230 | 0.9309 | 0.9459
0878 | 15:37:15 |  23.1s | 1.0e-04 | 0.0219 | 0.9431 | 0.9436 | 0.9679 | 0.0255 | 0.9231 | 0.9367 | 0.9502
0879 | 15:37:55 |  23.2s | 1.0e-04 | 0.0219 | 0.9426 | 0.9430 | 0.9664 | 0.0252 | 0.9299 | 0.9241 | 0.9484
0880 | 15:38:36 |  23.4s | 1.0e-04 | 0.0223 | 0.9423 | 0.9422 | 0.9665 | 0.0252 | 0.9221 | 0.9359 | 0.9493
0881 | 15:39:16 |  31.2s | 1.0e-04 | 0.0222 | 0.9426 | 0.9437 | 0.9667 | 0.0254 | 0.9208 | 0.9349 | 0.9470
0882 | 15:40:04 |  24.0s | 1.0e-04 | 0.0225 | 0.9423 | 0.9421 | 0.9657 | 0.0237 | 0.9362 | 0.9221 | 0.9499
0883 | 15:40:44 |  35.6s | 1.0e-04 | 0.0224 | 0.9423 | 0.9437 | 0.9654 | 0.0249 | 0.9388 | 0.9229 | 0.9518
0884 | 15:41:35 |  24.2s | 1.0e-04 | 0.0224 | 0.9438 | 0.9460 | 0.9681 | 0.0259 | 0.9239 | 0.9361 | 0.9495
0885 | 15:42:15 |  24.1s | 1.0e-04 | 0.0224 | 0.9438 | 0.9449 | 0.9678 | 0.0254 | 0.9176 | 0.9376 | 0.9474
0886 | 15:42:57 |  23.7s | 1.0e-04 | 0.0220 | 0.9441 | 0.9462 | 0.9685 | 0.0254 | 0.9299 | 0.9258 | 0.9484
0887 | 15:43:39 |  23.8s | 1.0e-04 | 0.0227 | 0.9418 | 0.9438 | 0.9662 | 0.0252 | 0.9316 | 0.9317 | 0.9505
0888 | 15:44:20 |  23.9s | 1.0e-04 | 0.0220 | 0.9447 | 0.9467 | 0.9697 | 0.0260 | 0.9207 | 0.9415 | 0.9510
0889 | 15:45:00 |  33.1s | 1.0e-04 | 0.0222 | 0.9444 | 0.9464 | 0.9684 | 0.0247 | 0.9345 | 0.9246 | 0.9489
0890 | 15:45:50 |  24.4s | 1.0e-04 | 0.0225 | 0.9437 | 0.9464 | 0.9681 | 0.0257 | 0.9311 | 0.9225 | 0.9471
0891 | 15:46:30 |  39.6s | 1.0e-04 | 0.0230 | 0.9423 | 0.9436 | 0.9662 | 0.0258 | 0.9267 | 0.9346 | 0.9502
0892 | 15:47:26 |  24.9s | 1.0e-04 | 0.0232 | 0.9402 | 0.9419 | 0.9640 | 0.0252 | 0.9233 | 0.9351 | 0.9498
0893 | 15:48:06 |  23.6s | 1.0e-04 | 0.0232 | 0.9413 | 0.9425 | 0.9654 | 0.0251 | 0.9278 | 0.9371 | 0.9528
0894 | 15:48:47 |  23.3s | 1.0e-04 | 0.0231 | 0.9404 | 0.9413 | 0.9641 | 0.0249 | 0.9407 | 0.9169 | 0.9500
0895 | 15:49:28 |  23.7s | 1.0e-04 | 0.0232 | 0.9419 | 0.9429 | 0.9650 | 0.0246 | 0.9308 | 0.9286 | 0.9489
0896 | 15:50:10 |  23.2s | 1.0e-04 | 0.0229 | 0.9413 | 0.9421 | 0.9650 | 0.0250 | 0.9369 | 0.9203 | 0.9500
0897 | 15:50:50 |  31.4s | 1.0e-04 | 0.0227 | 0.9408 | 0.9424 | 0.9651 | 0.0262 | 0.9442 | 0.9101 | 0.9498
0898 | 15:51:40 |  23.8s | 1.0e-04 | 0.0227 | 0.9412 | 0.9429 | 0.9645 | 0.0251 | 0.9323 | 0.9211 | 0.9461
0899 | 15:52:23 |  35.5s | 1.0e-04 | 0.0218 | 0.9419 | 0.9437 | 0.9661 | 0.0268 | 0.9197 | 0.9290 | 0.9410
0900 | 15:53:16 |  23.3s | 1.0e-04 | 0.0208 | 0.9451 | 0.9463 | 0.9697 | 0.0255 | 0.9308 | 0.9251 | 0.9490
0901 | 15:53:55 |  24.1s | 1.0e-04 | 0.0206 | 0.9445 | 0.9464 | 0.9695 | 0.0251 | 0.9298 | 0.9280 | 0.9473
0902 | 15:54:35 |  22.1s | 1.0e-04 | 0.0209 | 0.9441 | 0.9443 | 0.9679 | 0.0253 | 0.9264 | 0.9224 | 0.9426
0903 | 15:55:14 |  23.1s | 1.0e-04 | 0.0210 | 0.9439 | 0.9454 | 0.9681 | 0.0258 | 0.9212 | 0.9311 | 0.9445
0904 | 15:55:56 |  23.2s | 1.0e-04 | 0.0207 | 0.9457 | 0.9469 | 0.9699 | 0.0248 | 0.9286 | 0.9365 | 0.9522
0905 | 15:56:37 |  31.5s | 1.0e-04 | 0.0208 | 0.9431 | 0.9433 | 0.9669 | 0.0251 | 0.9339 | 0.9276 | 0.9512
0906 | 15:57:27 |  23.5s | 1.0e-04 | 0.0210 | 0.9433 | 0.9422 | 0.9667 | 0.0252 | 0.9272 | 0.9327 | 0.9495
0907 | 15:58:08 |  35.7s | 1.0e-04 | 0.0207 | 0.9427 | 0.9432 | 0.9672 | 0.0247 | 0.9392 | 0.9190 | 0.9518
0908 | 15:59:01 |  23.7s | 1.0e-04 | 0.0210 | 0.9427 | 0.9423 | 0.9658 | 0.0259 | 0.9314 | 0.9243 | 0.9478
0909 | 15:59:40 |  24.2s | 1.0e-04 | 0.0211 | 0.9409 | 0.9404 | 0.9647 | 0.0249 | 0.9332 | 0.9249 | 0.9486
0910 | 16:00:21 |  24.6s | 1.0e-04 | 0.0211 | 0.9419 | 0.9417 | 0.9657 | 0.0254 | 0.9395 | 0.9222 | 0.9526
0911 | 16:01:02 |  23.9s | 1.0e-04 | 0.0210 | 0.9414 | 0.9418 | 0.9656 | 0.0254 | 0.9254 | 0.9344 | 0.9491
0912 | 16:01:43 |  23.8s | 1.0e-04 | 0.0210 | 0.9416 | 0.9405 | 0.9656 | 0.0250 | 0.9438 | 0.9198 | 0.9555
0913 | 16:02:24 |  32.3s | 1.0e-04 | 0.0215 | 0.9427 | 0.9435 | 0.9668 | 0.0250 | 0.9279 | 0.9302 | 0.9483
0914 | 16:03:14 |  23.4s | 1.0e-04 | 0.0211 | 0.9427 | 0.9441 | 0.9666 | 0.0253 | 0.9306 | 0.9300 | 0.9504
0915 | 16:03:56 |  34.8s | 1.0e-04 | 0.0220 | 0.9433 | 0.9453 | 0.9679 | 0.0258 | 0.9343 | 0.9229 | 0.9480
0916 | 16:04:48 |  23.2s | 1.0e-04 | 0.0222 | 0.9441 | 0.9460 | 0.9680 | 0.0252 | 0.9240 | 0.9342 | 0.9492
0917 | 16:05:29 |  23.7s | 1.0e-04 | 0.0218 | 0.9440 | 0.9454 | 0.9676 | 0.0256 | 0.9333 | 0.9221 | 0.9481
0918 | 16:06:10 |  24.0s | 1.0e-04 | 0.0223 | 0.9437 | 0.9440 | 0.9677 | 0.0250 | 0.9282 | 0.9355 | 0.9530
0919 | 16:06:50 |  24.6s | 1.0e-04 | 0.0220 | 0.9424 | 0.9451 | 0.9674 | 0.0254 | 0.9332 | 0.9252 | 0.9506
0920 | 16:07:30 |  31.9s | 1.0e-04 | 0.0220 | 0.9440 | 0.9465 | 0.9689 | 0.0250 | 0.9321 | 0.9283 | 0.9510
0921 | 16:08:18 |  23.2s | 1.0e-04 | 0.0222 | 0.9437 | 0.9453 | 0.9679 | 0.0248 | 0.9320 | 0.9216 | 0.9460
0922 | 16:08:59 |  34.2s | 1.0e-04 | 0.0220 | 0.9441 | 0.9461 | 0.9681 | 0.0253 | 0.9374 | 0.9229 | 0.9509
0923 | 16:09:50 |  23.9s | 1.0e-04 | 0.0220 | 0.9445 | 0.9471 | 0.9688 | 0.0265 | 0.9407 | 0.9104 | 0.9461
0924 | 16:10:32 |  23.2s | 1.0e-04 | 0.0222 | 0.9441 | 0.9455 | 0.9681 | 0.0250 | 0.9280 | 0.9294 | 0.9469
0925 | 16:11:12 |  23.6s | 1.0e-04 | 0.0221 | 0.9441 | 0.9451 | 0.9682 | 0.0250 | 0.9300 | 0.9235 | 0.9465
0926 | 16:11:51 |  25.3s | 1.0e-04 | 0.0220 | 0.9436 | 0.9468 | 0.9686 | 0.0259 | 0.9340 | 0.9106 | 0.9411
0927 | 16:12:33 |  25.0s | 1.0e-04 | 0.0223 | 0.9433 | 0.9453 | 0.9677 | 0.0255 | 0.9357 | 0.9236 | 0.9503
0928 | 16:13:14 |  31.4s | 1.0e-04 | 0.0222 | 0.9435 | 0.9450 | 0.9677 | 0.0259 | 0.9373 | 0.9115 | 0.9448
0929 | 16:14:03 |  23.3s | 1.0e-04 | 0.0220 | 0.9451 | 0.9459 | 0.9690 | 0.0260 | 0.9196 | 0.9396 | 0.9510
0930 | 16:14:44 |  34.8s | 1.0e-04 | 0.0214 | 0.9438 | 0.9471 | 0.9688 | 0.0251 | 0.9356 | 0.9195 | 0.9475
0931 | 16:15:36 |  23.5s | 1.0e-04 | 0.0210 | 0.9432 | 0.9443 | 0.9677 | 0.0249 | 0.9244 | 0.9370 | 0.9513
0932 | 16:16:17 |  23.1s | 1.0e-04 | 0.0210 | 0.9436 | 0.9446 | 0.9683 | 0.0255 | 0.9311 | 0.9269 | 0.9481
0933 | 16:16:58 |  23.7s | 1.0e-04 | 0.0206 | 0.9455 | 0.9467 | 0.9694 | 0.0268 | 0.9400 | 0.9123 | 0.9472
0934 | 16:17:38 |  24.5s | 1.0e-04 | 0.0209 | 0.9445 | 0.9455 | 0.9679 | 0.0260 | 0.9167 | 0.9422 | 0.9494
0935 | 16:18:18 |  24.1s | 1.0e-04 | 0.0209 | 0.9442 | 0.9466 | 0.9691 | 0.0250 | 0.9342 | 0.9265 | 0.9525
0936 | 16:18:58 |  36.2s | 1.0e-04 | 0.0210 | 0.9446 | 0.9457 | 0.9692 | 0.0250 | 0.9303 | 0.9231 | 0.9465
0937 | 16:19:50 |  23.6s | 1.0e-04 | 0.0209 | 0.9447 | 0.9455 | 0.9687 | 0.0251 | 0.9270 | 0.9318 | 0.9500
0938 | 16:20:32 |  35.6s | 1.0e-04 | 0.0211 | 0.9448 | 0.9458 | 0.9690 | 0.0257 | 0.9398 | 0.9100 | 0.9455
0939 | 16:21:24 |  23.2s | 1.0e-04 | 0.0218 | 0.9447 | 0.9459 | 0.9688 | 0.0255 | 0.9332 | 0.9254 | 0.9492
0940 | 16:22:05 |  23.2s | 1.0e-04 | 0.0217 | 0.9451 | 0.9455 | 0.9692 | 0.0254 | 0.9346 | 0.9236 | 0.9490
0941 | 16:22:47 |  23.2s | 1.0e-04 | 0.0217 | 0.9432 | 0.9452 | 0.9676 | 0.0263 | 0.9272 | 0.9298 | 0.9478
0942 | 16:23:26 |  23.4s | 1.0e-04 | 0.0213 | 0.9453 | 0.9463 | 0.9695 | 0.0256 | 0.9172 | 0.9411 | 0.9488
0943 | 16:24:06 |  24.1s | 1.0e-04 | 0.0219 | 0.9436 | 0.9456 | 0.9671 | 0.0255 | 0.9364 | 0.9257 | 0.9522
0944 | 16:24:45 |  33.4s | 1.0e-04 | 0.0217 | 0.9439 | 0.9456 | 0.9684 | 0.0244 | 0.9347 | 0.9241 | 0.9499
0945 | 16:25:36 |  24.7s | 1.0e-04 | 0.0218 | 0.9422 | 0.9429 | 0.9653 | 0.0251 | 0.9324 | 0.9291 | 0.9512
0946 | 16:26:17 |  35.6s | 1.0e-04 | 0.0213 | 0.9436 | 0.9449 | 0.9683 | 0.0254 | 0.9214 | 0.9376 | 0.9486
0947 | 16:27:10 |  23.5s | 1.0e-04 | 0.0212 | 0.9446 | 0.9463 | 0.9689 | 0.0246 | 0.9258 | 0.9293 | 0.9471
0948 | 16:27:52 |  24.0s | 1.0e-04 | 0.0210 | 0.9442 | 0.9455 | 0.9683 | 0.0253 | 0.9353 | 0.9190 | 0.9468
0949 | 16:28:34 |  23.9s | 1.0e-04 | 0.0215 | 0.9434 | 0.9457 | 0.9672 | 0.0249 | 0.9266 | 0.9247 | 0.9439
0950 | 16:29:14 |  24.0s | 1.0e-04 | 0.0215 | 0.9441 | 0.9442 | 0.9682 | 0.0252 | 0.9287 | 0.9261 | 0.9472
0951 | 16:29:54 |  24.2s | 1.0e-04 | 0.0211 | 0.9442 | 0.9456 | 0.9688 | 0.0253 | 0.9301 | 0.9284 | 0.9498
0952 | 16:30:34 |  31.4s | 1.0e-04 | 0.0219 | 0.9443 | 0.9461 | 0.9683 | 0.0249 | 0.9299 | 0.9330 | 0.9523
0953 | 16:31:21 |  24.8s | 1.0e-04 | 0.0214 | 0.9455 | 0.9474 | 0.9700 | 0.0254 | 0.9295 | 0.9299 | 0.9498
0954 | 16:32:02 |  36.4s | 1.0e-04 | 0.0222 | 0.9423 | 0.9436 | 0.9657 | 0.0253 | 0.9322 | 0.9255 | 0.9488
0955 | 16:32:54 |  23.3s | 1.0e-04 | 0.0225 | 0.9422 | 0.9425 | 0.9658 | 0.0254 | 0.9360 | 0.9168 | 0.9463
0956 | 16:33:35 |  23.0s | 1.0e-04 | 0.0222 | 0.9422 | 0.9439 | 0.9656 | 0.0243 | 0.9356 | 0.9312 | 0.9556
0957 | 16:34:15 |  23.5s | 1.0e-04 | 0.0224 | 0.9423 | 0.9438 | 0.9669 | 0.0254 | 0.9215 | 0.9399 | 0.9519
0958 | 16:34:55 |  24.3s | 1.0e-04 | 0.0223 | 0.9424 | 0.9431 | 0.9664 | 0.0253 | 0.9144 | 0.9404 | 0.9481
0959 | 16:35:36 |  33.0s | 1.0e-04 | 0.0226 | 0.9414 | 0.9422 | 0.9653 | 0.0254 | 0.9294 | 0.9290 | 0.9493
0960 | 16:36:26 |  23.6s | 1.0e-04 | 0.0220 | 0.9423 | 0.9442 | 0.9665 | 0.0250 | 0.9365 | 0.9319 | 0.9570
0961 | 16:37:06 |  35.4s | 1.0e-04 | 0.0225 | 0.9416 | 0.9421 | 0.9651 | 0.0255 | 0.9093 | 0.9413 | 0.9446
0962 | 16:37:57 |  22.7s | 1.0e-04 | 0.0223 | 0.9446 | 0.9451 | 0.9685 | 0.0251 | 0.9249 | 0.9384 | 0.9525
0963 | 16:38:36 |  24.2s | 1.0e-04 | 0.0225 | 0.9433 | 0.9443 | 0.9678 | 0.0243 | 0.9299 | 0.9280 | 0.9492
0964 | 16:39:16 |  23.0s | 1.0e-04 | 0.0224 | 0.9428 | 0.9446 | 0.9673 | 0.0250 | 0.9229 | 0.9373 | 0.9513
0965 | 16:39:56 |  23.3s | 1.0e-04 | 0.0222 | 0.9440 | 0.9440 | 0.9675 | 0.0250 | 0.9358 | 0.9208 | 0.9493
0966 | 16:40:34 |  23.2s | 1.0e-04 | 0.0222 | 0.9433 | 0.9460 | 0.9677 | 0.0250 | 0.9257 | 0.9346 | 0.9503
0967 | 16:41:14 |  32.5s | 1.0e-04 | 0.0223 | 0.9432 | 0.9453 | 0.9680 | 0.0251 | 0.9232 | 0.9320 | 0.9469
0968 | 16:42:04 |  24.4s | 1.0e-04 | 0.0225 | 0.9435 | 0.9451 | 0.9677 | 0.0254 | 0.9290 | 0.9221 | 0.9428
0969 | 16:42:44 |  36.4s | 1.0e-04 | 0.0220 | 0.9439 | 0.9444 | 0.9681 | 0.0245 | 0.9271 | 0.9360 | 0.9526
0970 | 16:43:36 |  24.0s | 1.0e-04 | 0.0243 | 0.9416 | 0.9420 | 0.9652 | 0.0255 | 0.9295 | 0.9257 | 0.9489
0971 | 16:44:16 |  24.7s | 1.0e-04 | 0.0218 | 0.9416 | 0.9414 | 0.9660 | 0.0257 | 0.9380 | 0.9137 | 0.9461
0972 | 16:44:57 |  23.4s | 1.0e-04 | 0.0210 | 0.9447 | 0.9435 | 0.9681 | 0.0263 | 0.9387 | 0.9168 | 0.9485
0973 | 16:45:39 |  22.9s | 1.0e-04 | 0.0214 | 0.9436 | 0.9447 | 0.9678 | 0.0248 | 0.9273 | 0.9373 | 0.9525
0974 | 16:46:18 |  23.2s | 1.0e-04 | 0.0212 | 0.9439 | 0.9455 | 0.9680 | 0.0252 | 0.9277 | 0.9321 | 0.9501
0975 | 16:46:58 |  32.9s | 1.0e-04 | 0.0215 | 0.9431 | 0.9442 | 0.9671 | 0.0247 | 0.9407 | 0.9206 | 0.9533
0976 | 16:47:48 |  23.1s | 1.0e-04 | 0.0217 | 0.9431 | 0.9441 | 0.9668 | 0.0248 | 0.9339 | 0.9273 | 0.9508
0977 | 16:48:27 |  37.1s | 1.0e-04 | 0.0216 | 0.9439 | 0.9455 | 0.9684 | 0.0244 | 0.9310 | 0.9312 | 0.9531
0978 | 16:49:22 |  23.4s | 1.0e-04 | 0.0222 | 0.9433 | 0.9448 | 0.9673 | 0.0251 | 0.9288 | 0.9318 | 0.9519
0979 | 16:50:02 |  24.4s | 1.0e-04 | 0.0220 | 0.9438 | 0.9455 | 0.9687 | 0.0251 | 0.9284 | 0.9284 | 0.9485
0980 | 16:50:42 |  24.4s | 1.0e-04 | 0.0217 | 0.9445 | 0.9462 | 0.9694 | 0.0247 | 0.9290 | 0.9381 | 0.9557
0981 | 16:51:23 |  23.2s | 1.0e-04 | 0.0219 | 0.9435 | 0.9463 | 0.9684 | 0.0247 | 0.9380 | 0.9237 | 0.9541
0982 | 16:52:04 |  23.6s | 1.0e-04 | 0.0220 | 0.9436 | 0.9461 | 0.9678 | 0.0252 | 0.9200 | 0.9415 | 0.9523
0983 | 16:52:44 |  31.9s | 1.0e-04 | 0.0221 | 0.9438 | 0.9464 | 0.9683 | 0.0249 | 0.9244 | 0.9317 | 0.9472
0984 | 16:53:33 |  23.2s | 1.0e-04 | 0.0220 | 0.9448 | 0.9473 | 0.9695 | 0.0255 | 0.9311 | 0.9256 | 0.9496
0985 | 16:54:12 |  34.9s | 1.0e-04 | 0.0219 | 0.9446 | 0.9453 | 0.9692 | 0.0258 | 0.9324 | 0.9281 | 0.9515
0986 | 16:55:05 |  23.0s | 1.0e-04 | 0.0217 | 0.9445 | 0.9452 | 0.9689 | 0.0247 | 0.9262 | 0.9283 | 0.9470
0987 | 16:55:45 |  23.1s | 1.0e-04 | 0.0218 | 0.9444 | 0.9455 | 0.9689 | 0.0253 | 0.9256 | 0.9332 | 0.9482
0988 | 16:56:24 |  24.6s | 1.0e-04 | 0.0218 | 0.9440 | 0.9451 | 0.9683 | 0.0253 | 0.9361 | 0.9224 | 0.9512
0989 | 16:57:04 |  24.6s | 1.0e-04 | 0.0219 | 0.9435 | 0.9453 | 0.9681 | 0.0256 | 0.9465 | 0.9112 | 0.9529
0990 | 16:57:44 |  23.3s | 1.0e-04 | 0.0219 | 0.9434 | 0.9447 | 0.9680 | 0.0253 | 0.9271 | 0.9326 | 0.9500
0991 | 16:58:24 |  33.5s | 1.0e-04 | 0.0212 | 0.9436 | 0.9447 | 0.9678 | 0.0252 | 0.9300 | 0.9348 | 0.9519
0992 | 16:59:14 |  23.8s | 1.0e-04 | 0.0215 | 0.9426 | 0.9434 | 0.9668 | 0.0246 | 0.9263 | 0.9391 | 0.9525
0993 | 16:59:53 |  35.7s | 1.0e-04 | 0.0219 | 0.9424 | 0.9444 | 0.9662 | 0.0254 | 0.9223 | 0.9373 | 0.9500
0994 | 17:00:47 |  23.8s | 1.0e-04 | 0.0216 | 0.9437 | 0.9462 | 0.9692 | 0.0250 | 0.9177 | 0.9424 | 0.9504
0995 | 17:01:28 |  23.8s | 1.0e-04 | 0.0217 | 0.9426 | 0.9446 | 0.9674 | 0.0246 | 0.9271 | 0.9352 | 0.9510
0996 | 17:02:08 |  24.8s | 1.0e-04 | 0.0216 | 0.9441 | 0.9444 | 0.9681 | 0.0250 | 0.9355 | 0.9235 | 0.9499
0997 | 17:02:48 |  24.9s | 1.0e-04 | 0.0216 | 0.9439 | 0.9448 | 0.9686 | 0.0247 | 0.9348 | 0.9318 | 0.9535
0998 | 17:03:29 |  30.4s | 1.0e-04 | 0.0218 | 0.9439 | 0.9455 | 0.9676 | 0.0255 | 0.9305 | 0.9322 | 0.9535
0999 | 17:04:16 |  22.5s | 1.0e-04 | 0.0218 | 0.9431 | 0.9441 | 0.9673 | 0.0257 | 0.9283 | 0.9292 | 0.9472
1000 | 17:04:56 |  23.9s | 1.0e-04 | 0.0219 | 0.9441 | 0.9456 | 0.9692 | 0.0252 | 0.9376 | 0.9244 | 0.9523
