Starting DEEP GATv2 on cuda:0 (Batch 256)
Epoch 0001 | 21:28:57 |  20.3s | 1.0e-04 | 0.1843 | 0.7621 | 0.3390 | 0.1942 | 0.1063 | 0.7755 | 0.5503 | 0.3375
Epoch 0002 | 21:29:28 |   8.5s | 1.0e-04 | 0.1089 | 0.8136 | 0.6034 | 0.4207 | 0.0980 | 0.8246 | 0.6005 | 0.4115
Epoch 0003 | 21:29:48 |   8.4s | 1.0e-04 | 0.1011 | 0.8288 | 0.6417 | 0.4534 | 0.0910 | 0.7940 | 0.6651 | 0.4226
Epoch 0004 | 21:30:08 |  18.1s | 1.0e-04 | 0.0937 | 0.8413 | 0.6699 | 0.4847 | 0.0847 | 0.8143 | 0.6722 | 0.4391
Epoch 0005 | 21:30:38 |   8.9s | 1.0e-04 | 0.0850 | 0.8507 | 0.6813 | 0.4959 | 0.0838 | 0.8594 | 0.6402 | 0.4645
Epoch 0006 | 21:30:58 |   8.7s | 1.0e-04 | 0.0828 | 0.8557 | 0.6961 | 0.5217 | 0.0836 | 0.8044 | 0.7320 | 0.4920
Epoch 0007 | 21:31:19 |   8.7s | 1.0e-04 | 0.0806 | 0.8587 | 0.7090 | 0.5395 | 0.0791 | 0.8430 | 0.6886 | 0.4849
Epoch 0008 | 21:31:39 |  18.2s | 1.0e-04 | 0.0791 | 0.8573 | 0.7140 | 0.5454 | 0.0758 | 0.8318 | 0.7066 | 0.4867
Epoch 0009 | 21:32:09 |   8.8s | 1.0e-04 | 0.0757 | 0.8604 | 0.7202 | 0.5550 | 0.0751 | 0.8568 | 0.6959 | 0.5288
Epoch 0010 | 21:32:29 |   8.8s | 1.0e-04 | 0.0738 | 0.8629 | 0.7307 | 0.5791 | 0.0734 | 0.8597 | 0.7082 | 0.5419
Epoch 0011 | 21:32:49 |   8.9s | 1.0e-04 | 0.0713 | 0.8668 | 0.7417 | 0.6038 | 0.0713 | 0.8670 | 0.7112 | 0.5707
Epoch 0012 | 21:33:10 |  20.9s | 1.0e-04 | 0.0697 | 0.8664 | 0.7490 | 0.6218 | 0.0696 | 0.8692 | 0.7262 | 0.5859
Epoch 0013 | 21:33:42 |   8.7s | 1.0e-04 | 0.0673 | 0.8678 | 0.7568 | 0.6402 | 0.0683 | 0.8527 | 0.7588 | 0.6169
Epoch 0014 | 21:34:02 |   8.8s | 1.0e-04 | 0.0660 | 0.8684 | 0.7643 | 0.6525 | 0.0671 | 0.8494 | 0.7602 | 0.6106
Epoch 0015 | 21:34:22 |   8.7s | 1.0e-04 | 0.0651 | 0.8689 | 0.7697 | 0.6641 | 0.0667 | 0.8881 | 0.7165 | 0.6289
Epoch 0016 | 21:34:42 |  22.4s | 1.0e-04 | 0.0644 | 0.8724 | 0.7806 | 0.6872 | 0.0639 | 0.8511 | 0.7615 | 0.6213
Epoch 0017 | 21:35:16 |   8.6s | 1.0e-04 | 0.0647 | 0.8725 | 0.7840 | 0.7004 | 0.0632 | 0.8438 | 0.7912 | 0.6594
Epoch 0018 | 21:35:36 |   8.6s | 1.0e-04 | 0.0631 | 0.8758 | 0.7921 | 0.7164 | 0.0626 | 0.8618 | 0.7820 | 0.6770
Epoch 0019 | 21:35:56 |   8.8s | 1.0e-04 | 0.0615 | 0.8758 | 0.7964 | 0.7252 | 0.0615 | 0.8857 | 0.7464 | 0.6639
Epoch 0020 | 21:36:17 |  21.5s | 1.0e-04 | 0.0612 | 0.8801 | 0.8029 | 0.7400 | 0.0606 | 0.8748 | 0.7767 | 0.6922
Epoch 0021 | 21:36:50 |   8.6s | 1.0e-04 | 0.0609 | 0.8825 | 0.8096 | 0.7522 | 0.0608 | 0.8606 | 0.7935 | 0.6900
Epoch 0022 | 21:37:10 |   8.7s | 1.0e-04 | 0.0600 | 0.8832 | 0.8110 | 0.7574 | 0.0585 | 0.8650 | 0.7962 | 0.6988
Epoch 0023 | 21:37:30 |   8.6s | 1.0e-04 | 0.0601 | 0.8827 | 0.8128 | 0.7600 | 0.0603 | 0.8411 | 0.8213 | 0.6986
Epoch 0024 | 21:37:50 |  21.1s | 1.0e-04 | 0.0579 | 0.8840 | 0.8139 | 0.7642 | 0.0579 | 0.8723 | 0.7922 | 0.7068
Epoch 0025 | 21:38:22 |   8.8s | 1.0e-04 | 0.0564 | 0.8843 | 0.8126 | 0.7579 | 0.0575 | 0.8922 | 0.7749 | 0.7196
Epoch 0026 | 21:38:43 |   8.7s | 1.0e-04 | 0.0565 | 0.8847 | 0.8155 | 0.7634 | 0.0578 | 0.8670 | 0.8097 | 0.7270
Epoch 0027 | 21:39:03 |   8.8s | 1.0e-04 | 0.0557 | 0.8866 | 0.8177 | 0.7694 | 0.0565 | 0.8853 | 0.7999 | 0.7409
Epoch 0028 | 21:39:23 |  19.4s | 1.0e-04 | 0.0551 | 0.8859 | 0.8158 | 0.7635 | 0.0570 | 0.8727 | 0.8001 | 0.7204
Epoch 0029 | 21:39:54 |   8.8s | 1.0e-04 | 0.0539 | 0.8863 | 0.8168 | 0.7677 | 0.0564 | 0.8939 | 0.7848 | 0.7379
Epoch 0030 | 21:40:14 |   8.6s | 1.0e-04 | 0.0533 | 0.8861 | 0.8186 | 0.7725 | 0.0552 | 0.8789 | 0.8061 | 0.7417
Epoch 0031 | 21:40:34 |   8.4s | 1.0e-04 | 0.0528 | 0.8882 | 0.8209 | 0.7764 | 0.0558 | 0.8822 | 0.8105 | 0.7595
Epoch 0032 | 21:40:54 |  17.8s | 1.0e-04 | 0.0533 | 0.8914 | 0.8288 | 0.7956 | 0.0567 | 0.8500 | 0.8334 | 0.7373
Epoch 0033 | 21:41:23 |   8.7s | 1.0e-04 | 0.0537 | 0.8908 | 0.8314 | 0.8009 | 0.0560 | 0.8625 | 0.8331 | 0.7606
Epoch 0034 | 21:41:43 |   8.5s | 1.0e-04 | 0.0531 | 0.8908 | 0.8308 | 0.7999 | 0.0547 | 0.8748 | 0.8132 | 0.7447
Epoch 0035 | 21:42:03 |   8.6s | 1.0e-04 | 0.0538 | 0.8911 | 0.8322 | 0.8023 | 0.0543 | 0.8617 | 0.8233 | 0.7380
Epoch 0036 | 21:42:23 |  20.4s | 1.0e-04 | 0.0529 | 0.8904 | 0.8281 | 0.7965 | 0.0527 | 0.8657 | 0.8228 | 0.7439
Epoch 0037 | 21:42:55 |   8.7s | 1.0e-04 | 0.0520 | 0.8919 | 0.8317 | 0.8011 | 0.0529 | 0.8704 | 0.8346 | 0.7673
Epoch 0038 | 21:43:15 |   8.6s | 1.0e-04 | 0.0518 | 0.8919 | 0.8308 | 0.7992 | 0.0525 | 0.8720 | 0.8288 | 0.7668
Epoch 0039 | 21:43:35 |   8.6s | 1.0e-04 | 0.0515 | 0.8929 | 0.8336 | 0.8068 | 0.0532 | 0.8993 | 0.7956 | 0.7700
Epoch 0040 | 21:43:55 |  20.3s | 1.0e-04 | 0.0514 | 0.8944 | 0.8385 | 0.8147 | 0.0524 | 0.8826 | 0.8194 | 0.7669
Epoch 0041 | 21:44:27 |   8.7s | 1.0e-04 | 0.0509 | 0.8971 | 0.8429 | 0.8260 | 0.0525 | 0.8788 | 0.8226 | 0.7653
Epoch 0042 | 21:44:47 |   8.5s | 1.0e-04 | 0.0511 | 0.8971 | 0.8439 | 0.8250 | 0.0537 | 0.8756 | 0.8295 | 0.7692
Epoch 0043 | 21:45:07 |  21.7s | 1.0e-04 | 0.0503 | 0.8978 | 0.8435 | 0.8267 | 0.0513 | 0.8810 | 0.8150 | 0.7586
Epoch 0044 | 21:45:40 |   8.6s | 1.0e-04 | 0.0504 | 0.8975 | 0.8416 | 0.8251 | 0.0532 | 0.8524 | 0.8470 | 0.7643
Epoch 0045 | 21:46:00 |   8.5s | 1.0e-04 | 0.0496 | 0.8977 | 0.8465 | 0.8306 | 0.0511 | 0.8831 | 0.8276 | 0.7785
Epoch 0046 | 21:46:20 |   8.5s | 1.0e-04 | 0.0499 | 0.8979 | 0.8457 | 0.8303 | 0.0518 | 0.8691 | 0.8343 | 0.7695
Epoch 0047 | 21:46:40 |  16.9s | 1.0e-04 | 0.0494 | 0.8986 | 0.8452 | 0.8300 | 0.0514 | 0.8784 | 0.8337 | 0.7887
Epoch 0048 | 21:47:08 |   8.7s | 1.0e-04 | 0.0499 | 0.8962 | 0.8442 | 0.8269 | 0.0496 | 0.8760 | 0.8326 | 0.7811
Epoch 0049 | 21:47:28 |   9.0s | 1.0e-04 | 0.0496 | 0.8965 | 0.8439 | 0.8254 | 0.0519 | 0.8691 | 0.8470 | 0.7921
Epoch 0050 | 21:47:49 |   8.8s | 1.0e-04 | 0.0496 | 0.8968 | 0.8451 | 0.8292 | 0.0503 | 0.8787 | 0.8338 | 0.7854
Epoch 0051 | 21:48:09 |  20.5s | 1.0e-04 | 0.0495 | 0.8967 | 0.8457 | 0.8302 | 0.0505 | 0.8879 | 0.8258 | 0.7898
Epoch 0052 | 21:48:41 |   8.6s | 1.0e-04 | 0.0488 | 0.9004 | 0.8521 | 0.8437 | 0.0513 | 0.8953 | 0.8096 | 0.7837
Epoch 0053 | 21:49:01 |   8.8s | 1.0e-04 | 0.0485 | 0.9008 | 0.8513 | 0.8420 | 0.0511 | 0.8859 | 0.8318 | 0.7894
Epoch 0054 | 21:49:21 |   8.5s | 1.0e-04 | 0.0488 | 0.9000 | 0.8517 | 0.8419 | 0.0504 | 0.8886 | 0.8315 | 0.7980
Epoch 0055 | 21:49:41 |  21.8s | 1.0e-04 | 0.0484 | 0.9006 | 0.8543 | 0.8473 | 0.0497 | 0.8736 | 0.8552 | 0.8108
Epoch 0056 | 21:50:15 |   8.7s | 1.0e-04 | 0.0494 | 0.8992 | 0.8510 | 0.8409 | 0.0490 | 0.8962 | 0.8302 | 0.8095
Epoch 0057 | 21:50:35 |   8.9s | 1.0e-04 | 0.0491 | 0.8994 | 0.8533 | 0.8453 | 0.0485 | 0.8752 | 0.8519 | 0.8058
Epoch 0058 | 21:50:55 |   8.7s | 1.0e-04 | 0.0486 | 0.8994 | 0.8527 | 0.8435 | 0.0487 | 0.8920 | 0.8320 | 0.8111
Epoch 0059 | 21:51:15 |  23.0s | 1.0e-04 | 0.0490 | 0.8986 | 0.8533 | 0.8442 | 0.0488 | 0.8976 | 0.8228 | 0.7987
Epoch 0060 | 21:51:50 |   8.5s | 1.0e-04 | 0.0483 | 0.9017 | 0.8572 | 0.8525 | 0.0484 | 0.8855 | 0.8326 | 0.7950
Epoch 0061 | 21:52:10 |   8.5s | 1.0e-04 | 0.0482 | 0.9009 | 0.8562 | 0.8508 | 0.0490 | 0.8750 | 0.8491 | 0.8035
Epoch 0062 | 21:52:29 |   8.4s | 1.0e-04 | 0.0478 | 0.9020 | 0.8569 | 0.8514 | 0.0480 | 0.8877 | 0.8377 | 0.8022
Epoch 0063 | 21:52:49 |  21.9s | 1.0e-04 | 0.0468 | 0.9018 | 0.8586 | 0.8538 | 0.0489 | 0.8771 | 0.8387 | 0.7948
Epoch 0064 | 21:53:23 |   8.6s | 1.0e-04 | 0.0465 | 0.9031 | 0.8587 | 0.8552 | 0.0480 | 0.8809 | 0.8376 | 0.7962
Epoch 0065 | 21:53:43 |   8.6s | 1.0e-04 | 0.0473 | 0.9017 | 0.8584 | 0.8547 | 0.0484 | 0.8875 | 0.8361 | 0.8013
Epoch 0066 | 21:54:03 |   8.5s | 1.0e-04 | 0.0468 | 0.9024 | 0.8575 | 0.8533 | 0.0475 | 0.8756 | 0.8550 | 0.8128
Epoch 0067 | 21:54:23 |  22.0s | 1.0e-04 | 0.0468 | 0.9012 | 0.8589 | 0.8542 | 0.0488 | 0.8740 | 0.8568 | 0.8107
Epoch 0068 | 21:54:56 |   8.8s | 1.0e-04 | 0.0464 | 0.9023 | 0.8606 | 0.8580 | 0.0480 | 0.8982 | 0.8383 | 0.8279
Epoch 0069 | 21:55:16 |   8.7s | 1.0e-04 | 0.0461 | 0.9024 | 0.8600 | 0.8564 | 0.0480 | 0.8933 | 0.8375 | 0.8170
Epoch 0070 | 21:55:37 |   8.6s | 1.0e-04 | 0.0457 | 0.9031 | 0.8616 | 0.8600 | 0.0485 | 0.8910 | 0.8283 | 0.7975
Epoch 0071 | 21:55:57 |  22.2s | 1.0e-04 | 0.0469 | 0.9027 | 0.8610 | 0.8598 | 0.0477 | 0.8896 | 0.8463 | 0.8217
Epoch 0072 | 21:56:30 |   8.8s | 1.0e-04 | 0.0469 | 0.9030 | 0.8636 | 0.8630 | 0.0465 | 0.8905 | 0.8436 | 0.8170
Epoch 0073 | 21:56:51 |   8.6s | 1.0e-04 | 0.0467 | 0.9044 | 0.8641 | 0.8648 | 0.0461 | 0.8834 | 0.8569 | 0.8294
Epoch 0074 | 21:57:10 |   8.6s | 1.0e-04 | 0.0465 | 0.9035 | 0.8635 | 0.8633 | 0.0471 | 0.8956 | 0.8400 | 0.8208
Epoch 0075 | 21:57:31 |  22.3s | 1.0e-04 | 0.0464 | 0.9036 | 0.8636 | 0.8639 | 0.0458 | 0.8846 | 0.8578 | 0.8279
Epoch 0076 | 21:58:04 |   8.6s | 1.0e-04 | 0.0465 | 0.9024 | 0.8615 | 0.8596 | 0.0462 | 0.8904 | 0.8484 | 0.8270
Epoch 0077 | 21:58:24 |   8.6s | 1.0e-04 | 0.0455 | 0.9035 | 0.8623 | 0.8614 | 0.0464 | 0.8883 | 0.8554 | 0.8338
Epoch 0078 | 21:58:44 |   8.7s | 1.0e-04 | 0.0458 | 0.9034 | 0.8633 | 0.8625 | 0.0461 | 0.8993 | 0.8422 | 0.8311
Epoch 0079 | 21:59:04 |  22.2s | 1.0e-04 | 0.0442 | 0.9035 | 0.8625 | 0.8618 | 0.0470 | 0.8926 | 0.8513 | 0.8320
Epoch 0080 | 21:59:38 |   8.9s | 1.0e-04 | 0.0442 | 0.9029 | 0.8623 | 0.8613 | 0.0459 | 0.8880 | 0.8442 | 0.8166
Epoch 0081 | 21:59:58 |   8.8s | 1.0e-04 | 0.0440 | 0.9047 | 0.8644 | 0.8649 | 0.0453 | 0.8794 | 0.8499 | 0.8109
Epoch 0082 | 22:00:18 |   8.7s | 1.0e-04 | 0.0436 | 0.9046 | 0.8645 | 0.8643 | 0.0469 | 0.8820 | 0.8492 | 0.8120
Epoch 0083 | 22:00:41 |   8.7s | 1.0e-04 | 0.0434 | 0.9034 | 0.8615 | 0.8601 | 0.0468 | 0.8664 | 0.8598 | 0.8095
Epoch 0084 | 22:01:01 |   8.7s | 1.0e-04 | 0.0435 | 0.9037 | 0.8622 | 0.8617 | 0.0472 | 0.8880 | 0.8496 | 0.8270
Epoch 0085 | 22:01:22 |   8.7s | 1.0e-04 | 0.0434 | 0.9036 | 0.8622 | 0.8608 | 0.0457 | 0.8926 | 0.8383 | 0.8174
Epoch 0086 | 22:01:42 |  20.0s | 1.0e-04 | 0.0437 | 0.9033 | 0.8615 | 0.8601 | 0.0463 | 0.8780 | 0.8640 | 0.8288
Epoch 0087 | 22:02:13 |   8.5s | 1.0e-04 | 0.0438 | 0.9060 | 0.8688 | 0.8722 | 0.0466 | 0.9084 | 0.8214 | 0.8250
Epoch 0088 | 22:02:33 |   8.7s | 1.0e-04 | 0.0434 | 0.9066 | 0.8692 | 0.8727 | 0.0464 | 0.8798 | 0.8598 | 0.8261
Epoch 0089 | 22:02:53 |   8.6s | 1.0e-04 | 0.0433 | 0.9069 | 0.8696 | 0.8748 | 0.0470 | 0.8828 | 0.8572 | 0.8263
Epoch 0090 | 22:03:13 |  19.2s | 1.0e-04 | 0.0435 | 0.9071 | 0.8691 | 0.8735 | 0.0465 | 0.8915 | 0.8503 | 0.8298
Epoch 0091 | 22:03:44 |   8.7s | 1.0e-04 | 0.0441 | 0.9077 | 0.8739 | 0.8808 | 0.0458 | 0.8903 | 0.8474 | 0.8276
Epoch 0092 | 22:04:04 |   8.7s | 1.0e-04 | 0.0444 | 0.9068 | 0.8712 | 0.8763 | 0.0455 | 0.8877 | 0.8524 | 0.8305
Epoch 0093 | 22:04:24 |   8.8s | 1.0e-04 | 0.0441 | 0.9085 | 0.8748 | 0.8824 | 0.0451 | 0.8900 | 0.8487 | 0.8296
Epoch 0094 | 22:04:44 |  21.9s | 1.0e-04 | 0.0437 | 0.9081 | 0.8742 | 0.8807 | 0.0453 | 0.8935 | 0.8455 | 0.8310
Epoch 0095 | 22:05:17 |   8.4s | 1.0e-04 | 0.0440 | 0.9076 | 0.8721 | 0.8783 | 0.0456 | 0.8880 | 0.8530 | 0.8287
Epoch 0096 | 22:05:37 |   8.5s | 1.0e-04 | 0.0437 | 0.9080 | 0.8741 | 0.8817 | 0.0455 | 0.8983 | 0.8489 | 0.8393
Epoch 0097 | 22:05:57 |   8.6s | 1.0e-04 | 0.0432 | 0.9082 | 0.8755 | 0.8834 | 0.0465 | 0.8782 | 0.8619 | 0.8278
Epoch 0098 | 22:06:17 |  20.2s | 1.0e-04 | 0.0432 | 0.9073 | 0.8714 | 0.8774 | 0.0443 | 0.8993 | 0.8525 | 0.8453
Epoch 0099 | 22:06:49 |   8.5s | 1.0e-04 | 0.0435 | 0.9049 | 0.8704 | 0.8733 | 0.0442 | 0.8957 | 0.8542 | 0.8427
Epoch 0100 | 22:07:09 |   8.5s | 1.0e-04 | 0.0437 | 0.9053 | 0.8697 | 0.8734 | 0.0450 | 0.8950 | 0.8552 | 0.8428
Epoch 0101 | 22:07:29 |   8.5s | 1.0e-04 | 0.0429 | 0.9061 | 0.8710 | 0.8759 | 0.0441 | 0.8859 | 0.8576 | 0.8370
Epoch 0102 | 22:07:48 |  21.5s | 1.0e-04 | 0.0434 | 0.9067 | 0.8735 | 0.8785 | 0.0451 | 0.8999 | 0.8425 | 0.8377
Epoch 0103 | 22:08:21 |   8.7s | 1.0e-04 | 0.0429 | 0.9089 | 0.8777 | 0.8857 | 0.0449 | 0.8871 | 0.8601 | 0.8390
Epoch 0104 | 22:08:41 |   8.7s | 1.0e-04 | 0.0427 | 0.9093 | 0.8767 | 0.8849 | 0.0451 | 0.8852 | 0.8532 | 0.8250
Epoch 0105 | 22:09:01 |   8.6s | 1.0e-04 | 0.0424 | 0.9102 | 0.8779 | 0.8877 | 0.0446 | 0.8898 | 0.8543 | 0.8369
Epoch 0106 | 22:09:21 |  21.2s | 1.0e-04 | 0.0427 | 0.9089 | 0.8769 | 0.8847 | 0.0443 | 0.9050 | 0.8377 | 0.8374
Epoch 0107 | 22:09:54 |   8.7s | 1.0e-04 | 0.0424 | 0.9084 | 0.8760 | 0.8841 | 0.0445 | 0.8838 | 0.8613 | 0.8359
Epoch 0108 | 22:10:14 |   8.5s | 1.0e-04 | 0.0424 | 0.9083 | 0.8741 | 0.8810 | 0.0442 | 0.8875 | 0.8641 | 0.8441
Epoch 0109 | 22:10:34 |   8.5s | 1.0e-04 | 0.0424 | 0.9071 | 0.8742 | 0.8805 | 0.0437 | 0.8793 | 0.8638 | 0.8308
Epoch 0110 | 22:10:54 |  22.0s | 1.0e-04 | 0.0421 | 0.9081 | 0.8761 | 0.8831 | 0.0440 | 0.8977 | 0.8571 | 0.8510
Epoch 0111 | 22:11:27 |   8.4s | 1.0e-04 | 0.0422 | 0.9076 | 0.8742 | 0.8811 | 0.0440 | 0.8911 | 0.8617 | 0.8446
Epoch 0112 | 22:11:47 |   8.3s | 1.0e-04 | 0.0415 | 0.9100 | 0.8780 | 0.8874 | 0.0443 | 0.8855 | 0.8631 | 0.8403
Epoch 0113 | 22:12:07 |   8.4s | 1.0e-04 | 0.0416 | 0.9099 | 0.8770 | 0.8858 | 0.0446 | 0.8876 | 0.8707 | 0.8536
Epoch 0114 | 22:12:26 |  21.3s | 1.0e-04 | 0.0423 | 0.9070 | 0.8738 | 0.8803 | 0.0444 | 0.8790 | 0.8746 | 0.8470
Epoch 0115 | 22:12:59 |   8.5s | 1.0e-04 | 0.0418 | 0.9077 | 0.8759 | 0.8834 | 0.0436 | 0.8881 | 0.8655 | 0.8469
Epoch 0116 | 22:13:20 |   8.4s | 1.0e-04 | 0.0415 | 0.9086 | 0.8759 | 0.8845 | 0.0437 | 0.8922 | 0.8587 | 0.8465
Epoch 0117 | 22:13:39 |   8.6s | 1.0e-04 | 0.0418 | 0.9087 | 0.8754 | 0.8840 | 0.0429 | 0.8941 | 0.8603 | 0.8497
Epoch 0118 | 22:13:59 |  19.7s | 1.0e-04 | 0.0408 | 0.9091 | 0.8766 | 0.8848 | 0.0447 | 0.8875 | 0.8692 | 0.8512
Epoch 0119 | 22:14:31 |   8.6s | 1.0e-04 | 0.0410 | 0.9087 | 0.8748 | 0.8829 | 0.0449 | 0.8897 | 0.8606 | 0.8426
Epoch 0120 | 22:14:50 |   8.6s | 1.0e-04 | 0.0409 | 0.9083 | 0.8755 | 0.8825 | 0.0447 | 0.8914 | 0.8607 | 0.8451
Epoch 0121 | 22:15:10 |   8.7s | 1.0e-04 | 0.0406 | 0.9088 | 0.8765 | 0.8847 | 0.0441 | 0.8969 | 0.8569 | 0.8451
Epoch 0122 | 22:15:30 |  19.4s | 1.0e-04 | 0.0416 | 0.9092 | 0.8773 | 0.8873 | 0.0431 | 0.8957 | 0.8619 | 0.8525
Epoch 0123 | 22:16:01 |   8.4s | 1.0e-04 | 0.0422 | 0.9096 | 0.8785 | 0.8873 | 0.0428 | 0.8944 | 0.8570 | 0.8449
Epoch 0124 | 22:16:21 |   8.5s | 1.0e-04 | 0.0413 | 0.9100 | 0.8793 | 0.8901 | 0.0425 | 0.9013 | 0.8538 | 0.8493
Epoch 0125 | 22:16:41 |   8.5s | 1.0e-04 | 0.0413 | 0.9098 | 0.8810 | 0.8913 | 0.0431 | 0.8898 | 0.8660 | 0.8487
Epoch 0126 | 22:17:03 |  10.3s | 1.0e-04 | 0.0422 | 0.9101 | 0.8813 | 0.8919 | 0.0432 | 0.8899 | 0.8723 | 0.8574
Epoch 0127 | 22:17:25 |   8.6s | 1.0e-04 | 0.0417 | 0.9098 | 0.8800 | 0.8901 | 0.0428 | 0.8927 | 0.8669 | 0.8552
Epoch 0128 | 22:17:45 |   8.6s | 1.0e-04 | 0.0418 | 0.9106 | 0.8818 | 0.8929 | 0.0423 | 0.8901 | 0.8671 | 0.8493
Epoch 0129 | 22:18:05 |  19.0s | 1.0e-04 | 0.0416 | 0.9108 | 0.8810 | 0.8922 | 0.0427 | 0.8985 | 0.8588 | 0.8529
Epoch 0130 | 22:18:36 |   8.7s | 1.0e-04 | 0.0406 | 0.9100 | 0.8793 | 0.8890 | 0.0435 | 0.8955 | 0.8518 | 0.8383
Epoch 0131 | 22:18:56 |   8.7s | 1.0e-04 | 0.0404 | 0.9104 | 0.8815 | 0.8923 | 0.0424 | 0.9098 | 0.8455 | 0.8504
Epoch 0132 | 22:19:16 |   8.7s | 1.0e-04 | 0.0409 | 0.9112 | 0.8820 | 0.8935 | 0.0432 | 0.8821 | 0.8775 | 0.8547
Epoch 0133 | 22:19:36 |  20.8s | 1.0e-04 | 0.0407 | 0.9109 | 0.8812 | 0.8923 | 0.0440 | 0.8827 | 0.8792 | 0.8570
Epoch 0134 | 22:20:08 |   8.8s | 1.0e-04 | 0.0411 | 0.9117 | 0.8833 | 0.8947 | 0.0421 | 0.9006 | 0.8563 | 0.8513
Epoch 0135 | 22:20:29 |   8.6s | 1.0e-04 | 0.0409 | 0.9114 | 0.8836 | 0.8956 | 0.0428 | 0.8867 | 0.8635 | 0.8405
Epoch 0136 | 22:20:49 |   8.6s | 1.0e-04 | 0.0409 | 0.9125 | 0.8856 | 0.8985 | 0.0428 | 0.8991 | 0.8628 | 0.8565
Epoch 0137 | 22:21:09 |  18.3s | 1.0e-04 | 0.0408 | 0.9113 | 0.8838 | 0.8957 | 0.0442 | 0.8932 | 0.8603 | 0.8468
Epoch 0138 | 22:21:39 |   8.8s | 1.0e-04 | 0.0395 | 0.9120 | 0.8833 | 0.8953 | 0.0424 | 0.8923 | 0.8651 | 0.8537
Epoch 0139 | 22:21:59 |   8.4s | 1.0e-04 | 0.0398 | 0.9109 | 0.8817 | 0.8928 | 0.0427 | 0.8888 | 0.8728 | 0.8554
Epoch 0140 | 22:22:19 |   8.7s | 1.0e-04 | 0.0394 | 0.9115 | 0.8826 | 0.8945 | 0.0420 | 0.8988 | 0.8603 | 0.8542
Epoch 0141 | 22:22:39 |  20.4s | 1.0e-04 | 0.0395 | 0.9118 | 0.8831 | 0.8964 | 0.0428 | 0.8916 | 0.8704 | 0.8572
Epoch 0142 | 22:23:11 |   8.8s | 1.0e-04 | 0.0399 | 0.9113 | 0.8819 | 0.8936 | 0.0415 | 0.8882 | 0.8802 | 0.8640
Epoch 0143 | 22:23:31 |   8.6s | 1.0e-04 | 0.0400 | 0.9116 | 0.8831 | 0.8942 | 0.0416 | 0.8985 | 0.8695 | 0.8653
Epoch 0144 | 22:23:52 |   8.5s | 1.0e-04 | 0.0399 | 0.9118 | 0.8844 | 0.8965 | 0.0419 | 0.8937 | 0.8721 | 0.8612
Epoch 0145 | 22:24:12 |  21.0s | 1.0e-04 | 0.0407 | 0.9127 | 0.8859 | 0.8994 | 0.0421 | 0.8842 | 0.8699 | 0.8476
Epoch 0146 | 22:24:45 |   8.6s | 1.0e-04 | 0.0412 | 0.9137 | 0.8898 | 0.9040 | 0.0418 | 0.8905 | 0.8740 | 0.8610
Epoch 0147 | 22:25:05 |   8.6s | 1.0e-04 | 0.0406 | 0.9146 | 0.8911 | 0.9063 | 0.0413 | 0.9034 | 0.8654 | 0.8661
Epoch 0148 | 22:25:25 |   8.5s | 1.0e-04 | 0.0409 | 0.9140 | 0.8889 | 0.9035 | 0.0414 | 0.8962 | 0.8716 | 0.8649
Epoch 0149 | 22:25:45 |  21.4s | 1.0e-04 | 0.0396 | 0.9139 | 0.8874 | 0.9023 | 0.0424 | 0.9000 | 0.8670 | 0.8652
Epoch 0150 | 22:26:18 |   8.6s | 1.0e-04 | 0.0385 | 0.9141 | 0.8868 | 0.9012 | 0.0423 | 0.8930 | 0.8787 | 0.8686
Epoch 0151 | 22:26:38 |   8.6s | 1.0e-04 | 0.0388 | 0.9137 | 0.8876 | 0.9017 | 0.0415 | 0.8832 | 0.8828 | 0.8636
Epoch 0152 | 22:26:59 |   8.5s | 1.0e-04 | 0.0388 | 0.9138 | 0.8858 | 0.8997 | 0.0412 | 0.8982 | 0.8652 | 0.8574
Epoch 0153 | 22:27:19 |  19.3s | 1.0e-04 | 0.0385 | 0.9149 | 0.8887 | 0.9038 | 0.0422 | 0.8946 | 0.8763 | 0.8666
Epoch 0154 | 22:27:49 |   8.6s | 1.0e-04 | 0.0387 | 0.9136 | 0.8878 | 0.9019 | 0.0413 | 0.8919 | 0.8683 | 0.8558
Epoch 0155 | 22:28:09 |   8.5s | 1.0e-04 | 0.0391 | 0.9138 | 0.8865 | 0.9011 | 0.0417 | 0.8984 | 0.8713 | 0.8667
Epoch 0156 | 22:28:30 |   8.5s | 1.0e-04 | 0.0389 | 0.9132 | 0.8878 | 0.9023 | 0.0410 | 0.9126 | 0.8531 | 0.8646
Epoch 0157 | 22:28:50 |  23.5s | 1.0e-04 | 0.0390 | 0.9150 | 0.8894 | 0.9051 | 0.0416 | 0.8985 | 0.8649 | 0.8589
Epoch 0158 | 22:29:25 |   8.5s | 1.0e-04 | 0.0390 | 0.9137 | 0.8878 | 0.9024 | 0.0416 | 0.9011 | 0.8609 | 0.8589
Epoch 0159 | 22:29:46 |   8.6s | 1.0e-04 | 0.0390 | 0.9146 | 0.8894 | 0.9049 | 0.0407 | 0.9001 | 0.8640 | 0.8591
Epoch 0160 | 22:30:06 |   8.6s | 1.0e-04 | 0.0391 | 0.9143 | 0.8884 | 0.9033 | 0.0410 | 0.8984 | 0.8789 | 0.8752
Epoch 0161 | 22:30:26 |  22.4s | 1.0e-04 | 0.0372 | 0.9166 | 0.8918 | 0.9087 | 0.0416 | 0.9056 | 0.8651 | 0.8684
Epoch 0162 | 22:31:00 |   8.7s | 1.0e-04 | 0.0370 | 0.9161 | 0.8910 | 0.9069 | 0.0411 | 0.8984 | 0.8646 | 0.8590
Epoch 0163 | 22:31:21 |   8.8s | 1.0e-04 | 0.0369 | 0.9181 | 0.8923 | 0.9103 | 0.0422 | 0.8995 | 0.8703 | 0.8667
Epoch 0164 | 22:31:41 |   8.7s | 1.0e-04 | 0.0374 | 0.9156 | 0.8893 | 0.9054 | 0.0413 | 0.8953 | 0.8668 | 0.8571
Epoch 0165 | 22:32:02 |  25.8s | 1.0e-04 | 0.0368 | 0.9162 | 0.8892 | 0.9057 | 0.0417 | 0.8982 | 0.8618 | 0.8540
Epoch 0166 | 22:32:39 |   8.7s | 1.0e-04 | 0.0378 | 0.9154 | 0.8904 | 0.9067 | 0.0423 | 0.8992 | 0.8692 | 0.8662
Epoch 0167 | 22:32:59 |   8.7s | 1.0e-04 | 0.0367 | 0.9162 | 0.8908 | 0.9074 | 0.0415 | 0.8986 | 0.8645 | 0.8570
Epoch 0168 | 22:33:20 |  21.6s | 1.0e-04 | 0.0363 | 0.9166 | 0.8929 | 0.9099 | 0.0407 | 0.9023 | 0.8704 | 0.8706
Epoch 0169 | 22:33:54 |   8.7s | 1.0e-04 | 0.0397 | 0.9163 | 0.8929 | 0.9095 | 0.0402 | 0.8982 | 0.8665 | 0.8608
Epoch 0170 | 22:34:14 |   8.6s | 1.0e-04 | 0.0396 | 0.9171 | 0.8959 | 0.9136 | 0.0408 | 0.8935 | 0.8723 | 0.8623
Epoch 0171 | 22:34:34 |   8.7s | 1.0e-04 | 0.0399 | 0.9162 | 0.8957 | 0.9122 | 0.0405 | 0.9111 | 0.8640 | 0.8754
Epoch 0172 | 22:34:55 |  23.2s | 1.0e-04 | 0.0397 | 0.9161 | 0.8925 | 0.9096 | 0.0404 | 0.9041 | 0.8716 | 0.8736
Epoch 0173 | 22:35:30 |   8.7s | 1.0e-04 | 0.0360 | 0.9162 | 0.8883 | 0.9050 | 0.0403 | 0.8961 | 0.8771 | 0.8692
Epoch 0174 | 22:35:50 |   8.7s | 1.0e-04 | 0.0358 | 0.9163 | 0.8899 | 0.9066 | 0.0407 | 0.9005 | 0.8716 | 0.8688
Epoch 0175 | 22:36:11 |   8.7s | 1.0e-04 | 0.0360 | 0.9154 | 0.8880 | 0.9039 | 0.0401 | 0.9073 | 0.8664 | 0.8718
Epoch 0176 | 22:36:31 |  25.6s | 1.0e-04 | 0.0362 | 0.9159 | 0.8886 | 0.9053 | 0.0401 | 0.8985 | 0.8696 | 0.8623
Epoch 0177 | 22:37:09 |   8.5s | 1.0e-04 | 0.0369 | 0.9167 | 0.8920 | 0.9095 | 0.0407 | 0.9036 | 0.8682 | 0.8709
Epoch 0178 | 22:37:29 |   8.6s | 1.0e-04 | 0.0369 | 0.9173 | 0.8920 | 0.9096 | 0.0413 | 0.8823 | 0.8931 | 0.8740
Epoch 0179 | 22:37:50 |   8.5s | 1.0e-04 | 0.0370 | 0.9156 | 0.8911 | 0.9074 | 0.0404 | 0.8916 | 0.8771 | 0.8659
Epoch 0180 | 22:38:10 |  22.5s | 1.0e-04 | 0.0373 | 0.9165 | 0.8924 | 0.9090 | 0.0399 | 0.8995 | 0.8758 | 0.8727
Epoch 0181 | 22:38:44 |   8.9s | 1.0e-04 | 0.0378 | 0.9177 | 0.8941 | 0.9122 | 0.0396 | 0.8995 | 0.8726 | 0.8701
Epoch 0182 | 22:39:05 |   8.6s | 1.0e-04 | 0.0377 | 0.9169 | 0.8936 | 0.9110 | 0.0396 | 0.9008 | 0.8676 | 0.8658
Epoch 0183 | 22:39:26 |  17.8s | 1.0e-04 | 0.0381 | 0.9170 | 0.8933 | 0.9108 | 0.0405 | 0.8948 | 0.8751 | 0.8673
Epoch 0184 | 22:39:55 |  18.5s | 1.0e-04 | 0.0372 | 0.9175 | 0.8941 | 0.9119 | 0.0402 | 0.9099 | 0.8711 | 0.8799
Epoch 0185 | 22:40:26 |   8.9s | 1.0e-04 | 0.0380 | 0.9156 | 0.8924 | 0.9086 | 0.0410 | 0.8913 | 0.8808 | 0.8686
Epoch 0186 | 22:40:46 |   8.8s | 1.0e-04 | 0.0376 | 0.9162 | 0.8921 | 0.9087 | 0.0399 | 0.9056 | 0.8754 | 0.8791
Epoch 0187 | 22:41:07 |  15.8s | 1.0e-04 | 0.0372 | 0.9174 | 0.8936 | 0.9117 | 0.0400 | 0.9014 | 0.8753 | 0.8756
Epoch 0188 | 22:41:35 |  19.3s | 1.0e-04 | 0.0375 | 0.9172 | 0.8922 | 0.9094 | 0.0407 | 0.9010 | 0.8771 | 0.8777
Epoch 0189 | 22:42:06 |   8.5s | 1.0e-04 | 0.0370 | 0.9165 | 0.8915 | 0.9089 | 0.0406 | 0.9061 | 0.8653 | 0.8700
Epoch 0190 | 22:42:26 |   8.6s | 1.0e-04 | 0.0367 | 0.9166 | 0.8918 | 0.9090 | 0.0392 | 0.8997 | 0.8730 | 0.8699
Epoch 0191 | 22:42:47 |  17.0s | 1.0e-04 | 0.0367 | 0.9186 | 0.8927 | 0.9119 | 0.0397 | 0.9013 | 0.8771 | 0.8787
Epoch 0192 | 22:43:16 |  18.8s | 1.0e-04 | 0.0365 | 0.9191 | 0.8955 | 0.9149 | 0.0395 | 0.8982 | 0.8820 | 0.8778
Epoch 0193 | 22:43:46 |   8.6s | 1.0e-04 | 0.0368 | 0.9193 | 0.8946 | 0.9143 | 0.0407 | 0.8948 | 0.8753 | 0.8674
Epoch 0194 | 22:44:07 |   8.4s | 1.0e-04 | 0.0365 | 0.9186 | 0.8961 | 0.9152 | 0.0403 | 0.9065 | 0.8690 | 0.8717
Epoch 0195 | 22:44:27 |  16.6s | 1.0e-04 | 0.0360 | 0.9196 | 0.8972 | 0.9171 | 0.0408 | 0.9056 | 0.8710 | 0.8751
Epoch 0196 | 22:44:55 |  17.5s | 1.0e-04 | 0.0365 | 0.9184 | 0.8954 | 0.9144 | 0.0410 | 0.8981 | 0.8773 | 0.8744
Epoch 0197 | 22:45:25 |   8.3s | 1.0e-04 | 0.0366 | 0.9181 | 0.8950 | 0.9138 | 0.0389 | 0.9063 | 0.8709 | 0.8781
Epoch 0198 | 22:45:45 |   8.7s | 1.0e-04 | 0.0365 | 0.9185 | 0.8949 | 0.9139 | 0.0392 | 0.9066 | 0.8688 | 0.8738
Epoch 0199 | 22:46:05 |  16.6s | 1.0e-04 | 0.0371 | 0.9162 | 0.8925 | 0.9092 | 0.0393 | 0.9056 | 0.8654 | 0.8689
Epoch 0200 | 22:46:34 |  18.5s | 1.0e-04 | 0.0366 | 0.9182 | 0.8943 | 0.9133 | 0.0398 | 0.9097 | 0.8641 | 0.8717
Epoch 0201 | 22:47:04 |   8.7s | 1.0e-04 | 0.0366 | 0.9187 | 0.8943 | 0.9131 | 0.0392 | 0.9006 | 0.8793 | 0.8782
Epoch 0202 | 22:47:25 |   8.7s | 1.0e-04 | 0.0364 | 0.9190 | 0.8959 | 0.9151 | 0.0392 | 0.9056 | 0.8793 | 0.8812
Epoch 0203 | 22:47:46 |  17.7s | 1.0e-04 | 0.0357 | 0.9184 | 0.8945 | 0.9133 | 0.0397 | 0.9045 | 0.8751 | 0.8772
Epoch 0204 | 22:48:15 |  18.7s | 1.0e-04 | 0.0365 | 0.9167 | 0.8911 | 0.9083 | 0.0392 | 0.9143 | 0.8657 | 0.8812
Epoch 0205 | 22:48:46 |   8.6s | 1.0e-04 | 0.0365 | 0.9171 | 0.8911 | 0.9087 | 0.0390 | 0.9072 | 0.8806 | 0.8876
Epoch 0206 | 22:49:06 |   8.7s | 1.0e-04 | 0.0364 | 0.9177 | 0.8930 | 0.9114 | 0.0393 | 0.9008 | 0.8776 | 0.8789
Epoch 0207 | 22:49:27 |  17.8s | 1.0e-04 | 0.0365 | 0.9183 | 0.8949 | 0.9138 | 0.0386 | 0.8976 | 0.8842 | 0.8806
Epoch 0208 | 22:49:59 |   9.8s | 1.0e-04 | 0.0370 | 0.9191 | 0.8952 | 0.9145 | 0.0396 | 0.9006 | 0.8801 | 0.8784
Epoch 0209 | 22:50:20 |   8.5s | 1.0e-04 | 0.0373 | 0.9181 | 0.8945 | 0.9134 | 0.0387 | 0.9023 | 0.8719 | 0.8677
Epoch 0210 | 22:50:41 |   8.4s | 1.0e-04 | 0.0372 | 0.9181 | 0.8961 | 0.9144 | 0.0386 | 0.9072 | 0.8735 | 0.8804
Epoch 0211 | 22:51:01 |  27.3s | 1.0e-04 | 0.0374 | 0.9186 | 0.8962 | 0.9156 | 0.0389 | 0.9065 | 0.8668 | 0.8741
Epoch 0212 | 22:51:40 |   8.6s | 1.0e-04 | 0.0365 | 0.9194 | 0.8976 | 0.9172 | 0.0397 | 0.9022 | 0.8813 | 0.8816
Epoch 0213 | 22:52:01 |   8.7s | 1.0e-04 | 0.0361 | 0.9204 | 0.8975 | 0.9179 | 0.0398 | 0.8963 | 0.8897 | 0.8844
Epoch 0214 | 22:52:21 |   8.5s | 1.0e-04 | 0.0363 | 0.9201 | 0.8976 | 0.9181 | 0.0383 | 0.9123 | 0.8658 | 0.8771
Epoch 0215 | 22:52:41 |  29.7s | 1.0e-04 | 0.0356 | 0.9193 | 0.8958 | 0.9155 | 0.0386 | 0.9122 | 0.8704 | 0.8817
Epoch 0216 | 22:53:23 |   8.7s | 1.0e-04 | 0.0352 | 0.9209 | 0.8966 | 0.9181 | 0.0392 | 0.9036 | 0.8847 | 0.8872
Epoch 0217 | 22:53:44 |   8.8s | 1.0e-04 | 0.0352 | 0.9203 | 0.8981 | 0.9184 | 0.0395 | 0.9035 | 0.8754 | 0.8762
Epoch 0218 | 22:54:04 |  17.2s | 1.0e-04 | 0.0350 | 0.9208 | 0.8975 | 0.9186 | 0.0395 | 0.9002 | 0.8840 | 0.8812
Epoch 0219 | 22:54:33 |  20.2s | 1.0e-04 | 0.0364 | 0.9195 | 0.8986 | 0.9182 | 0.0397 | 0.9098 | 0.8742 | 0.8825
Epoch 0220 | 22:55:05 |   8.6s | 1.0e-04 | 0.0371 | 0.9183 | 0.8972 | 0.9158 | 0.0385 | 0.8989 | 0.8795 | 0.8743
Epoch 0221 | 22:55:26 |   8.6s | 1.0e-04 | 0.0373 | 0.9193 | 0.8988 | 0.9183 | 0.0392 | 0.9013 | 0.8799 | 0.8801
Epoch 0222 | 22:55:46 |  16.7s | 1.0e-04 | 0.0367 | 0.9207 | 0.8986 | 0.9194 | 0.0394 | 0.9064 | 0.8745 | 0.8799
Epoch 0223 | 22:56:15 |  18.4s | 1.0e-04 | 0.0365 | 0.9189 | 0.8948 | 0.9142 | 0.0393 | 0.9090 | 0.8785 | 0.8868
Epoch 0224 | 22:56:45 |   8.9s | 1.0e-04 | 0.0363 | 0.9192 | 0.8974 | 0.9169 | 0.0387 | 0.8957 | 0.8902 | 0.8851
Epoch 0225 | 22:57:06 |   8.6s | 1.0e-04 | 0.0358 | 0.9197 | 0.8966 | 0.9170 | 0.0384 | 0.9149 | 0.8600 | 0.8766
Epoch 0226 | 22:57:26 |  17.6s | 1.0e-04 | 0.0365 | 0.9187 | 0.8971 | 0.9165 | 0.0389 | 0.9131 | 0.8704 | 0.8827
Epoch 0227 | 22:57:55 |  21.4s | 1.0e-04 | 0.0370 | 0.9188 | 0.8978 | 0.9168 | 0.0380 | 0.9015 | 0.8907 | 0.8909
Epoch 0228 | 22:58:29 |   8.6s | 1.0e-04 | 0.0371 | 0.9194 | 0.8990 | 0.9188 | 0.0387 | 0.9092 | 0.8716 | 0.8807
Epoch 0229 | 22:58:49 |   8.8s | 1.0e-04 | 0.0367 | 0.9203 | 0.8983 | 0.9188 | 0.0385 | 0.9076 | 0.8791 | 0.8856
Epoch 0230 | 22:59:10 |  16.8s | 1.0e-04 | 0.0367 | 0.9197 | 0.8987 | 0.9186 | 0.0382 | 0.9165 | 0.8685 | 0.8849
Epoch 0231 | 22:59:38 |  20.4s | 1.0e-04 | 0.0367 | 0.9217 | 0.9017 | 0.9230 | 0.0384 | 0.9064 | 0.8869 | 0.8926
Epoch 0232 | 23:00:11 |   8.6s | 1.0e-04 | 0.0364 | 0.9215 | 0.9031 | 0.9244 | 0.0391 | 0.8995 | 0.8836 | 0.8818
Epoch 0233 | 23:00:31 |   8.5s | 1.0e-04 | 0.0364 | 0.9210 | 0.9016 | 0.9225 | 0.0390 | 0.9117 | 0.8766 | 0.8864
Epoch 0234 | 23:00:51 |  17.6s | 1.0e-04 | 0.0361 | 0.9223 | 0.9026 | 0.9245 | 0.0383 | 0.9077 | 0.8728 | 0.8776
Epoch 0235 | 23:01:21 |  17.5s | 1.0e-04 | 0.0353 | 0.9202 | 0.8978 | 0.9183 | 0.0380 | 0.9151 | 0.8784 | 0.8941
Epoch 0236 | 23:01:50 |   8.7s | 1.0e-04 | 0.0341 | 0.9224 | 0.8997 | 0.9221 | 0.0383 | 0.9070 | 0.8718 | 0.8787
Epoch 0237 | 23:02:10 |   8.5s | 1.0e-04 | 0.0346 | 0.9208 | 0.8975 | 0.9185 | 0.0384 | 0.9108 | 0.8766 | 0.8857
Epoch 0238 | 23:02:31 |  17.1s | 1.0e-04 | 0.0349 | 0.9205 | 0.8977 | 0.9184 | 0.0391 | 0.9143 | 0.8726 | 0.8866
Epoch 0239 | 23:03:00 |  17.9s | 1.0e-04 | 0.0342 | 0.9216 | 0.8996 | 0.9213 | 0.0381 | 0.9077 | 0.8759 | 0.8826
Epoch 0240 | 23:03:29 |   8.6s | 1.0e-04 | 0.0340 | 0.9225 | 0.9000 | 0.9225 | 0.0393 | 0.9029 | 0.8868 | 0.8885
Epoch 0241 | 23:03:50 |   8.6s | 1.0e-04 | 0.0339 | 0.9225 | 0.9000 | 0.9225 | 0.0396 | 0.8987 | 0.8826 | 0.8803
Epoch 0242 | 23:04:10 |  17.9s | 1.0e-04 | 0.0342 | 0.9216 | 0.8996 | 0.9212 | 0.0382 | 0.9135 | 0.8713 | 0.8846
Epoch 0243 | 23:04:40 |  18.9s | 1.0e-04 | 0.0355 | 0.9211 | 0.8996 | 0.9208 | 0.0389 | 0.8944 | 0.8947 | 0.8884
Epoch 0244 | 23:05:11 |   8.7s | 1.0e-04 | 0.0358 | 0.9199 | 0.8998 | 0.9197 | 0.0389 | 0.9029 | 0.8826 | 0.8847
Epoch 0245 | 23:05:31 |   8.6s | 1.0e-04 | 0.0352 | 0.9222 | 0.9027 | 0.9244 | 0.0384 | 0.9063 | 0.8812 | 0.8879
Epoch 0246 | 23:05:51 |  17.2s | 1.0e-04 | 0.0357 | 0.9222 | 0.9023 | 0.9242 | 0.0390 | 0.9082 | 0.8695 | 0.8770
Epoch 0247 | 23:06:20 |  20.2s | 1.0e-04 | 0.0351 | 0.9228 | 0.9025 | 0.9250 | 0.0389 | 0.9074 | 0.8770 | 0.8837
Epoch 0248 | 23:06:52 |   8.6s | 1.0e-04 | 0.0354 | 0.9229 | 0.9026 | 0.9250 | 0.0386 | 0.9103 | 0.8781 | 0.8881
Epoch 0249 | 23:07:13 |   8.5s | 1.0e-04 | 0.0349 | 0.9230 | 0.9022 | 0.9248 | 0.0387 | 0.9073 | 0.8824 | 0.8887
Epoch 0250 | 23:07:33 |  16.2s | 1.0e-04 | 0.0344 | 0.9231 | 0.9022 | 0.9250 | 0.0389 | 0.8988 | 0.8863 | 0.8830
Epoch 0251 | 23:08:04 |   8.5s | 1.0e-04 | 0.0345 | 0.9240 | 0.9030 | 0.9264 | 0.0380 | 0.9036 | 0.8866 | 0.8883
Epoch 0252 | 23:08:25 |   8.7s | 1.0e-04 | 0.0341 | 0.9243 | 0.9039 | 0.9274 | 0.0396 | 0.9131 | 0.8691 | 0.8814
Epoch 0253 | 23:08:45 |   8.3s | 1.0e-04 | 0.0344 | 0.9238 | 0.9024 | 0.9258 | 0.0381 | 0.9021 | 0.8817 | 0.8805
Epoch 0254 | 23:09:05 |  27.7s | 1.0e-04 | 0.0341 | 0.9224 | 0.9015 | 0.9236 | 0.0386 | 0.9033 | 0.8736 | 0.8726
Epoch 0255 | 23:09:45 |   8.8s | 1.0e-04 | 0.0333 | 0.9218 | 0.8974 | 0.9195 | 0.0380 | 0.9070 | 0.8837 | 0.8902
Epoch 0256 | 23:10:05 |   8.8s | 1.0e-04 | 0.0334 | 0.9214 | 0.8985 | 0.9202 | 0.0396 | 0.9159 | 0.8707 | 0.8890
Epoch 0257 | 23:10:26 |   8.8s | 1.0e-04 | 0.0330 | 0.9220 | 0.8999 | 0.9219 | 0.0386 | 0.9010 | 0.8785 | 0.8775
Epoch 0258 | 23:10:47 |  18.7s | 1.0e-04 | 0.0339 | 0.9223 | 0.8990 | 0.9214 | 0.0378 | 0.9130 | 0.8710 | 0.8848
Epoch 0259 | 23:11:17 |   8.6s | 1.0e-04 | 0.0345 | 0.9216 | 0.8996 | 0.9213 | 0.0374 | 0.9010 | 0.8904 | 0.8916
Epoch 0260 | 23:11:37 |   8.6s | 1.0e-04 | 0.0343 | 0.9208 | 0.8991 | 0.9200 | 0.0374 | 0.9098 | 0.8748 | 0.8837
Epoch 0261 | 23:11:58 |  16.8s | 1.0e-04 | 0.0344 | 0.9218 | 0.8984 | 0.9204 | 0.0379 | 0.9140 | 0.8741 | 0.8870
Epoch 0262 | 23:12:26 |  20.1s | 1.0e-04 | 0.0342 | 0.9224 | 0.8999 | 0.9223 | 0.0384 | 0.9026 | 0.8812 | 0.8823
Epoch 0263 | 23:12:58 |   8.7s | 1.0e-04 | 0.0337 | 0.9232 | 0.9002 | 0.9233 | 0.0383 | 0.9101 | 0.8663 | 0.8760
Epoch 0264 | 23:13:19 |   8.7s | 1.0e-04 | 0.0339 | 0.9225 | 0.8998 | 0.9223 | 0.0388 | 0.9047 | 0.8790 | 0.8835
Epoch 0265 | 23:13:40 |  17.9s | 1.0e-04 | 0.0334 | 0.9241 | 0.9024 | 0.9260 | 0.0384 | 0.9010 | 0.8773 | 0.8766
Epoch 0266 | 23:14:09 |  18.7s | 1.0e-04 | 0.0345 | 0.9221 | 0.9017 | 0.9237 | 0.0387 | 0.9028 | 0.8847 | 0.8861
Epoch 0267 | 23:14:40 |   8.4s | 1.0e-04 | 0.0355 | 0.9221 | 0.9018 | 0.9237 | 0.0378 | 0.9015 | 0.8810 | 0.8800
Epoch 0268 | 23:15:00 |   8.5s | 1.0e-04 | 0.0356 | 0.9226 | 0.9021 | 0.9247 | 0.0374 | 0.9103 | 0.8720 | 0.8798
Epoch 0269 | 23:15:20 |  16.9s | 1.0e-04 | 0.0349 | 0.9240 | 0.9042 | 0.9275 | 0.0385 | 0.8946 | 0.8874 | 0.8813
Epoch 0270 | 23:15:49 |  20.4s | 1.0e-04 | 0.0349 | 0.9232 | 0.9037 | 0.9261 | 0.0375 | 0.9102 | 0.8755 | 0.8838
Epoch 0271 | 23:16:22 |   8.7s | 1.0e-04 | 0.0351 | 0.9228 | 0.9034 | 0.9260 | 0.0389 | 0.9167 | 0.8707 | 0.8894
Epoch 0272 | 23:16:42 |   8.5s | 1.0e-04 | 0.0349 | 0.9243 | 0.9045 | 0.9281 | 0.0378 | 0.8960 | 0.8917 | 0.8857
Epoch 0273 | 23:17:02 |  18.0s | 1.0e-04 | 0.0351 | 0.9235 | 0.9033 | 0.9265 | 0.0369 | 0.9042 | 0.8932 | 0.8962
Epoch 0274 | 23:17:32 |  19.9s | 1.0e-04 | 0.0352 | 0.9239 | 0.9059 | 0.9290 | 0.0376 | 0.9031 | 0.8833 | 0.8844
Epoch 0275 | 23:18:04 |   8.5s | 1.0e-04 | 0.0348 | 0.9240 | 0.9060 | 0.9291 | 0.0379 | 0.9067 | 0.8724 | 0.8795
Epoch 0276 | 23:18:24 |   8.6s | 1.0e-04 | 0.0347 | 0.9247 | 0.9061 | 0.9298 | 0.0383 | 0.9012 | 0.8830 | 0.8824
Epoch 0277 | 23:18:45 |  17.3s | 1.0e-04 | 0.0354 | 0.9229 | 0.9043 | 0.9267 | 0.0377 | 0.8957 | 0.8947 | 0.8890
Epoch 0278 | 23:19:14 |  20.3s | 1.0e-04 | 0.0349 | 0.9228 | 0.9038 | 0.9260 | 0.0374 | 0.9021 | 0.8895 | 0.8913
Epoch 0279 | 23:19:46 |   8.7s | 1.0e-04 | 0.0353 | 0.9232 | 0.9033 | 0.9260 | 0.0376 | 0.8907 | 0.8971 | 0.8877
Epoch 0280 | 23:20:06 |   8.6s | 1.0e-04 | 0.0354 | 0.9232 | 0.9033 | 0.9257 | 0.0373 | 0.9080 | 0.8871 | 0.8944
Epoch 0281 | 23:20:26 |  16.3s | 1.0e-04 | 0.0357 | 0.9219 | 0.9022 | 0.9239 | 0.0395 | 0.8802 | 0.9023 | 0.8837
Epoch 0282 | 23:20:54 |  17.5s | 1.0e-04 | 0.0339 | 0.9218 | 0.8998 | 0.9216 | 0.0381 | 0.9126 | 0.8798 | 0.8925
Epoch 0283 | 23:21:23 |   8.5s | 1.0e-04 | 0.0335 | 0.9241 | 0.9020 | 0.9260 | 0.0382 | 0.9059 | 0.8810 | 0.8859
Epoch 0284 | 23:21:43 |   8.6s | 1.0e-04 | 0.0334 | 0.9229 | 0.8999 | 0.9229 | 0.0380 | 0.9021 | 0.8780 | 0.8790
Epoch 0285 | 23:22:03 |  17.4s | 1.0e-04 | 0.0336 | 0.9237 | 0.9028 | 0.9262 | 0.0367 | 0.9044 | 0.8846 | 0.8875
Epoch 0286 | 23:22:32 |  20.0s | 1.0e-04 | 0.0334 | 0.9264 | 0.9077 | 0.9325 | 0.0386 | 0.9086 | 0.8803 | 0.8882
Epoch 0287 | 23:23:04 |   8.5s | 1.0e-04 | 0.0341 | 0.9255 | 0.9059 | 0.9304 | 0.0381 | 0.9091 | 0.8828 | 0.8911
Epoch 0288 | 23:23:24 |   8.5s | 1.0e-04 | 0.0335 | 0.9270 | 0.9075 | 0.9329 | 0.0378 | 0.9063 | 0.8901 | 0.8961
Epoch 0289 | 23:23:44 |  17.0s | 1.0e-04 | 0.0335 | 0.9259 | 0.9070 | 0.9316 | 0.0382 | 0.9140 | 0.8705 | 0.8852
Epoch 0290 | 23:24:12 |  18.1s | 1.0e-04 | 0.0337 | 0.9247 | 0.9057 | 0.9295 | 0.0385 | 0.9105 | 0.8703 | 0.8791
Epoch 0291 | 23:24:42 |   8.7s | 1.0e-04 | 0.0336 | 0.9256 | 0.9066 | 0.9308 | 0.0389 | 0.9112 | 0.8783 | 0.8905
Epoch 0292 | 23:25:02 |   8.7s | 1.0e-04 | 0.0346 | 0.9257 | 0.9062 | 0.9313 | 0.0380 | 0.9066 | 0.8808 | 0.8860
Epoch 0293 | 23:25:23 |  28.1s | 1.0e-04 | 0.0337 | 0.9256 | 0.9058 | 0.9305 | 0.0374 | 0.9012 | 0.8816 | 0.8812
Epoch 0294 | 23:26:02 |   8.5s | 1.0e-04 | 0.0344 | 0.9255 | 0.9069 | 0.9310 | 0.0378 | 0.9059 | 0.8847 | 0.8905
Epoch 0295 | 23:26:22 |   8.5s | 1.0e-04 | 0.0343 | 0.9256 | 0.9065 | 0.9309 | 0.0383 | 0.8964 | 0.8939 | 0.8903
Epoch 0296 | 23:26:42 |   8.6s | 1.0e-04 | 0.0344 | 0.9256 | 0.9068 | 0.9312 | 0.0374 | 0.9048 | 0.8822 | 0.8875
Epoch 0297 | 23:27:03 |  27.6s | 1.0e-04 | 0.0347 | 0.9252 | 0.9059 | 0.9302 | 0.0376 | 0.8981 | 0.8883 | 0.8859
Epoch 0298 | 23:27:42 |   8.5s | 1.0e-04 | 0.0338 | 0.9254 | 0.9053 | 0.9299 | 0.0370 | 0.9172 | 0.8688 | 0.8878
Epoch 0299 | 23:28:02 |   8.6s | 1.0e-04 | 0.0340 | 0.9246 | 0.9056 | 0.9293 | 0.0377 | 0.9027 | 0.8857 | 0.8869
Epoch 0300 | 23:28:22 |   8.4s | 1.0e-04 | 0.0342 | 0.9248 | 0.9050 | 0.9289 | 0.0371 | 0.9095 | 0.8799 | 0.8888
Epoch 0301 | 23:28:42 |  19.6s | 1.0e-04 | 0.0338 | 0.9235 | 0.9023 | 0.9254 | 0.0369 | 0.9164 | 0.8846 | 0.9014
Epoch 0302 | 23:29:13 |   8.6s | 1.0e-04 | 0.0341 | 0.9221 | 0.9001 | 0.9222 | 0.0371 | 0.9080 | 0.8824 | 0.8902
Epoch 0303 | 23:29:33 |   8.7s | 1.0e-04 | 0.0352 | 0.9218 | 0.8991 | 0.9210 | 0.0361 | 0.9150 | 0.8874 | 0.9033
Epoch 0304 | 23:29:54 |  18.1s | 1.0e-04 | 0.0346 | 0.9223 | 0.8998 | 0.9221 | 0.0374 | 0.9064 | 0.8874 | 0.8926
Epoch 0305 | 23:30:23 |  18.4s | 1.0e-04 | 0.0352 | 0.9228 | 0.9032 | 0.9255 | 0.0377 | 0.9038 | 0.8889 | 0.8917
Epoch 0306 | 23:30:53 |   8.6s | 1.0e-04 | 0.0345 | 0.9249 | 0.9056 | 0.9295 | 0.0368 | 0.8962 | 0.8900 | 0.8855
Epoch 0307 | 23:31:13 |   8.5s | 1.0e-04 | 0.0346 | 0.9230 | 0.9061 | 0.9282 | 0.0374 | 0.9023 | 0.8911 | 0.8929
Epoch 0308 | 23:31:34 |  17.0s | 1.0e-04 | 0.0348 | 0.9241 | 0.9062 | 0.9294 | 0.0370 | 0.9006 | 0.8888 | 0.8889
Epoch 0309 | 23:32:02 |  18.6s | 1.0e-04 | 0.0348 | 0.9231 | 0.9055 | 0.9278 | 0.0376 | 0.9088 | 0.8840 | 0.8936
Epoch 0310 | 23:32:32 |   8.4s | 1.0e-04 | 0.0342 | 0.9255 | 0.9064 | 0.9309 | 0.0374 | 0.9043 | 0.8873 | 0.8896
Epoch 0311 | 23:32:52 |   8.4s | 1.0e-04 | 0.0341 | 0.9251 | 0.9072 | 0.9312 | 0.0376 | 0.9050 | 0.8942 | 0.8991
Epoch 0312 | 23:33:12 |  16.9s | 1.0e-04 | 0.0343 | 0.9253 | 0.9070 | 0.9311 | 0.0383 | 0.9045 | 0.8886 | 0.8921
Epoch 0313 | 23:33:40 |  19.5s | 1.0e-04 | 0.0332 | 0.9252 | 0.9059 | 0.9299 | 0.0374 | 0.9076 | 0.8838 | 0.8910
Epoch 0314 | 23:34:11 |   8.5s | 1.0e-04 | 0.0323 | 0.9247 | 0.9028 | 0.9271 | 0.0375 | 0.9097 | 0.8771 | 0.8859
Epoch 0315 | 23:34:31 |   8.6s | 1.0e-04 | 0.0326 | 0.9242 | 0.9010 | 0.9250 | 0.0376 | 0.8969 | 0.8930 | 0.8899
Epoch 0316 | 23:34:52 |  16.8s | 1.0e-04 | 0.0322 | 0.9243 | 0.9023 | 0.9264 | 0.0373 | 0.9017 | 0.8943 | 0.8957
Epoch 0317 | 23:35:20 |  18.3s | 1.0e-04 | 0.0338 | 0.9233 | 0.9048 | 0.9277 | 0.0371 | 0.9117 | 0.8809 | 0.8929
Epoch 0318 | 23:35:50 |   8.6s | 1.0e-04 | 0.0342 | 0.9244 | 0.9053 | 0.9290 | 0.0371 | 0.9100 | 0.8899 | 0.9002
Epoch 0319 | 23:36:10 |   8.5s | 1.0e-04 | 0.0341 | 0.9249 | 0.9052 | 0.9292 | 0.0370 | 0.9081 | 0.8964 | 0.9045
Epoch 0320 | 23:36:30 |  17.3s | 1.0e-04 | 0.0348 | 0.9243 | 0.9064 | 0.9296 | 0.0374 | 0.8971 | 0.8900 | 0.8862
Epoch 0321 | 23:36:59 |  19.1s | 1.0e-04 | 0.0353 | 0.9247 | 0.9065 | 0.9300 | 0.0365 | 0.9045 | 0.8934 | 0.8979
Epoch 0322 | 23:37:29 |   8.5s | 1.0e-04 | 0.0359 | 0.9245 | 0.9060 | 0.9292 | 0.0379 | 0.8969 | 0.8961 | 0.8924
Epoch 0323 | 23:37:50 |   8.5s | 1.0e-04 | 0.0356 | 0.9246 | 0.9062 | 0.9297 | 0.0366 | 0.9072 | 0.8906 | 0.8985
Epoch 0324 | 23:38:10 |  17.1s | 1.0e-04 | 0.0354 | 0.9240 | 0.9071 | 0.9302 | 0.0371 | 0.9058 | 0.8930 | 0.8991
Epoch 0325 | 23:38:38 |  18.4s | 1.0e-04 | 0.0344 | 0.9253 | 0.9053 | 0.9299 | 0.0371 | 0.9128 | 0.8833 | 0.8980
Epoch 0326 | 23:39:08 |   8.7s | 1.0e-04 | 0.0338 | 0.9253 | 0.9053 | 0.9297 | 0.0372 | 0.9028 | 0.8875 | 0.8906
Epoch 0327 | 23:39:29 |   8.6s | 1.0e-04 | 0.0339 | 0.9246 | 0.9048 | 0.9286 | 0.0366 | 0.9052 | 0.8872 | 0.8913
Epoch 0328 | 23:39:49 |  17.3s | 1.0e-04 | 0.0339 | 0.9241 | 0.9043 | 0.9276 | 0.0369 | 0.9169 | 0.8690 | 0.8882
Epoch 0329 | 23:40:17 |  20.2s | 1.0e-04 | 0.0348 | 0.9238 | 0.9028 | 0.9262 | 0.0369 | 0.9053 | 0.8936 | 0.8991
Epoch 0330 | 23:40:49 |   8.8s | 1.0e-04 | 0.0347 | 0.9232 | 0.9046 | 0.9271 | 0.0366 | 0.9141 | 0.8862 | 0.9010
Epoch 0331 | 23:41:10 |   8.8s | 1.0e-04 | 0.0348 | 0.9238 | 0.9036 | 0.9272 | 0.0360 | 0.9077 | 0.8892 | 0.8965
Epoch 0332 | 23:41:30 |   8.7s | 1.0e-04 | 0.0356 | 0.9217 | 0.9017 | 0.9233 | 0.0362 | 0.9077 | 0.8875 | 0.8948
Epoch 0333 | 23:41:52 |   8.4s | 1.0e-04 | 0.0343 | 0.9245 | 0.9042 | 0.9280 | 0.0364 | 0.9012 | 0.8875 | 0.8890
Epoch 0334 | 23:42:12 |   8.5s | 1.0e-04 | 0.0349 | 0.9239 | 0.9046 | 0.9277 | 0.0366 | 0.9061 | 0.8875 | 0.8933
Epoch 0335 | 23:42:32 |  16.2s | 1.0e-04 | 0.0345 | 0.9229 | 0.9047 | 0.9272 | 0.0364 | 0.9099 | 0.8891 | 0.8974
Epoch 0336 | 23:43:00 |  18.4s | 1.0e-04 | 0.0346 | 0.9241 | 0.9059 | 0.9291 | 0.0367 | 0.9102 | 0.8828 | 0.8927
Epoch 0337 | 23:43:30 |   8.6s | 1.0e-04 | 0.0342 | 0.9254 | 0.9074 | 0.9315 | 0.0379 | 0.9054 | 0.8886 | 0.8935
Epoch 0338 | 23:43:50 |   8.6s | 1.0e-04 | 0.0342 | 0.9257 | 0.9072 | 0.9317 | 0.0368 | 0.9065 | 0.8844 | 0.8903
Epoch 0339 | 23:44:10 |  17.7s | 1.0e-04 | 0.0340 | 0.9260 | 0.9074 | 0.9320 | 0.0364 | 0.9007 | 0.8942 | 0.8941
Epoch 0340 | 23:44:39 |  19.2s | 1.0e-04 | 0.0339 | 0.9264 | 0.9081 | 0.9329 | 0.0364 | 0.9068 | 0.8885 | 0.8946
Epoch 0341 | 23:45:10 |   8.6s | 1.0e-04 | 0.0339 | 0.9268 | 0.9090 | 0.9343 | 0.0369 | 0.9044 | 0.8960 | 0.9000
Epoch 0342 | 23:45:30 |   8.7s | 1.0e-04 | 0.0338 | 0.9270 | 0.9094 | 0.9348 | 0.0369 | 0.9007 | 0.8891 | 0.8897
Epoch 0343 | 23:45:50 |  18.1s | 1.0e-04 | 0.0341 | 0.9269 | 0.9093 | 0.9342 | 0.0372 | 0.9083 | 0.8945 | 0.9027
Epoch 0344 | 23:46:20 |  18.8s | 1.0e-04 | 0.0338 | 0.9271 | 0.9082 | 0.9339 | 0.0365 | 0.9116 | 0.8744 | 0.8878
Epoch 0345 | 23:46:50 |   8.6s | 1.0e-04 | 0.0332 | 0.9270 | 0.9088 | 0.9339 | 0.0367 | 0.9139 | 0.8880 | 0.9025
Epoch 0346 | 23:47:10 |   8.6s | 1.0e-04 | 0.0328 | 0.9276 | 0.9089 | 0.9347 | 0.0373 | 0.9148 | 0.8835 | 0.8994
Epoch 0347 | 23:47:30 |  16.5s | 1.0e-04 | 0.0323 | 0.9281 | 0.9088 | 0.9352 | 0.0366 | 0.9113 | 0.8853 | 0.8975
Epoch 0348 | 23:47:58 |  17.2s | 1.0e-04 | 0.0321 | 0.9252 | 0.9048 | 0.9292 | 0.0361 | 0.9040 | 0.8951 | 0.9002
Epoch 0349 | 23:48:27 |   8.7s | 1.0e-04 | 0.0336 | 0.9236 | 0.9013 | 0.9248 | 0.0361 | 0.9109 | 0.8849 | 0.8960
Epoch 0350 | 23:48:47 |   8.9s | 1.0e-04 | 0.0336 | 0.9226 | 0.9010 | 0.9236 | 0.0363 | 0.9109 | 0.8845 | 0.8960
Epoch 0351 | 23:49:08 |  18.1s | 1.0e-04 | 0.0337 | 0.9241 | 0.9035 | 0.9269 | 0.0368 | 0.9126 | 0.8781 | 0.8898
Epoch 0352 | 23:49:37 |  19.2s | 1.0e-04 | 0.0333 | 0.9252 | 0.9055 | 0.9297 | 0.0361 | 0.9084 | 0.8906 | 0.8989
Epoch 0353 | 23:50:08 |   8.7s | 1.0e-04 | 0.0335 | 0.9251 | 0.9067 | 0.9306 | 0.0366 | 0.9112 | 0.8872 | 0.8987
Epoch 0354 | 23:50:28 |   8.5s | 1.0e-04 | 0.0331 | 0.9255 | 0.9062 | 0.9308 | 0.0366 | 0.9063 | 0.8835 | 0.8911
Epoch 0355 | 23:50:48 |  17.2s | 1.0e-04 | 0.0334 | 0.9246 | 0.9045 | 0.9283 | 0.0363 | 0.9144 | 0.8908 | 0.9058
Epoch 0356 | 23:51:17 |  18.2s | 1.0e-04 | 0.0334 | 0.9264 | 0.9072 | 0.9323 | 0.0380 | 0.9060 | 0.8853 | 0.8908
Epoch 0357 | 23:51:47 |   8.6s | 1.0e-04 | 0.0334 | 0.9271 | 0.9099 | 0.9350 | 0.0367 | 0.9097 | 0.8871 | 0.8971
Epoch 0358 | 23:52:07 |   8.7s | 1.0e-04 | 0.0333 | 0.9262 | 0.9085 | 0.9333 | 0.0371 | 0.9068 | 0.8910 | 0.8977
Epoch 0359 | 23:52:27 |  17.2s | 1.0e-04 | 0.0334 | 0.9269 | 0.9098 | 0.9348 | 0.0368 | 0.9127 | 0.8826 | 0.8956
Epoch 0360 | 23:52:56 |  28.7s | 1.0e-04 | 0.0319 | 0.9287 | 0.9108 | 0.9376 | 0.0375 | 0.9136 | 0.8821 | 0.8957
Epoch 0361 | 23:53:36 |   8.6s | 1.0e-04 | 0.0315 | 0.9291 | 0.9091 | 0.9365 | 0.0366 | 0.9075 | 0.8909 | 0.8971
Epoch 0362 | 23:53:56 |   8.7s | 1.0e-04 | 0.0314 | 0.9286 | 0.9105 | 0.9369 | 0.0374 | 0.9167 | 0.8849 | 0.9028
Epoch 0363 | 23:54:16 |  17.2s | 1.0e-04 | 0.0319 | 0.9285 | 0.9093 | 0.9360 | 0.0365 | 0.9047 | 0.8908 | 0.8952
Epoch 0364 | 23:54:45 |  26.5s | 1.0e-04 | 0.0322 | 0.9258 | 0.9068 | 0.9313 | 0.0359 | 0.9192 | 0.8780 | 0.8985
Epoch 0365 | 23:55:23 |   8.6s | 1.0e-04 | 0.0322 | 0.9266 | 0.9059 | 0.9315 | 0.0372 | 0.9153 | 0.8765 | 0.8930
Epoch 0366 | 23:55:43 |   8.7s | 1.0e-04 | 0.0322 | 0.9271 | 0.9071 | 0.9332 | 0.0362 | 0.8998 | 0.8956 | 0.8947
Epoch 0367 | 23:56:03 |  26.3s | 1.0e-04 | 0.0322 | 0.9267 | 0.9084 | 0.9339 | 0.0370 | 0.9064 | 0.8872 | 0.8924
Epoch 0368 | 23:56:41 |  21.5s | 1.0e-04 | 0.0319 | 0.9283 | 0.9097 | 0.9359 | 0.0366 | 0.9088 | 0.8891 | 0.8976
Epoch 0369 | 23:57:14 |   8.5s | 1.0e-04 | 0.0316 | 0.9289 | 0.9104 | 0.9370 | 0.0375 | 0.9067 | 0.8882 | 0.8935
Epoch 0370 | 23:57:34 |   8.5s | 1.0e-04 | 0.0319 | 0.9282 | 0.9092 | 0.9357 | 0.0371 | 0.9097 | 0.8897 | 0.9002
Epoch 0371 | 23:57:54 |  25.7s | 1.0e-04 | 0.0322 | 0.9277 | 0.9077 | 0.9341 | 0.0373 | 0.9041 | 0.8877 | 0.8913
Epoch 0372 | 23:58:32 |  17.5s | 1.0e-04 | 0.0319 | 0.9268 | 0.9075 | 0.9333 | 0.0372 | 0.9184 | 0.8750 | 0.8962
Epoch 0373 | 23:59:01 |   8.8s | 1.0e-04 | 0.0320 | 0.9270 | 0.9083 | 0.9335 | 0.0371 | 0.9174 | 0.8758 | 0.8947
Epoch 0374 | 23:59:21 |  17.1s | 1.0e-04 | 0.0320 | 0.9264 | 0.9074 | 0.9326 | 0.0367 | 0.9131 | 0.8830 | 0.8970
Epoch 0375 | 23:59:50 |  16.2s | 1.0e-04 | 0.0315 | 0.9276 | 0.9074 | 0.9340 | 0.0363 | 0.9026 | 0.8989 | 0.9017
Epoch 0376 | 00:00:20 |   8.6s | 1.0e-04 | 0.0326 | 0.9250 | 0.9053 | 0.9294 | 0.0354 | 0.9116 | 0.8914 | 0.9040
Epoch 0377 | 00:00:41 |   8.7s | 1.0e-04 | 0.0324 | 0.9253 | 0.9052 | 0.9296 | 0.0351 | 0.9178 | 0.8775 | 0.8973
Epoch 0378 | 00:01:01 |  17.4s | 1.0e-04 | 0.0327 | 0.9248 | 0.9030 | 0.9272 | 0.0359 | 0.9058 | 0.8945 | 0.9007
Epoch 0379 | 00:01:30 |  27.4s | 1.0e-04 | 0.0332 | 0.9250 | 0.9052 | 0.9296 | 0.0372 | 0.9132 | 0.8885 | 0.9013
Epoch 0380 | 00:02:09 |   8.7s | 1.0e-04 | 0.0329 | 0.9269 | 0.9100 | 0.9350 | 0.0365 | 0.9082 | 0.8825 | 0.8921
Epoch 0381 | 00:02:29 |   8.8s | 1.0e-04 | 0.0329 | 0.9280 | 0.9091 | 0.9351 | 0.0365 | 0.9058 | 0.8883 | 0.8939
Epoch 0382 | 00:02:49 |  16.1s | 1.0e-04 | 0.0323 | 0.9288 | 0.9113 | 0.9376 | 0.0373 | 0.9142 | 0.8787 | 0.8952
Epoch 0383 | 00:03:17 |  26.3s | 1.0e-04 | 0.0319 | 0.9287 | 0.9115 | 0.9379 | 0.0366 | 0.9110 | 0.8822 | 0.8931
Epoch 0384 | 00:03:55 |   8.5s | 1.0e-04 | 0.0318 | 0.9286 | 0.9100 | 0.9362 | 0.0371 | 0.9065 | 0.8839 | 0.8898
Epoch 0385 | 00:04:15 |   8.7s | 1.0e-04 | 0.0325 | 0.9283 | 0.9083 | 0.9351 | 0.0379 | 0.9089 | 0.8859 | 0.8954
Epoch 0386 | 00:04:35 |  17.9s | 1.0e-04 | 0.0350 | 0.9271 | 0.9083 | 0.9339 | 0.0365 | 0.9105 | 0.8848 | 0.8951
Epoch 0387 | 00:05:05 |  26.8s | 1.0e-04 | 0.0324 | 0.9263 | 0.9055 | 0.9311 | 0.0359 | 0.9122 | 0.8821 | 0.8946
Epoch 0388 | 00:05:43 |   8.6s | 1.0e-04 | 0.0331 | 0.9270 | 0.9087 | 0.9339 | 0.0360 | 0.9071 | 0.8999 | 0.9069
Epoch 0389 | 00:06:03 |   8.8s | 1.0e-04 | 0.0329 | 0.9266 | 0.9092 | 0.9338 | 0.0362 | 0.9016 | 0.8967 | 0.8980
Epoch 0390 | 00:06:24 |  18.3s | 1.0e-04 | 0.0329 | 0.9277 | 0.9110 | 0.9366 | 0.0359 | 0.9081 | 0.8881 | 0.8957
Epoch 0391 | 00:06:53 |  26.6s | 1.0e-04 | 0.0330 | 0.9284 | 0.9114 | 0.9379 | 0.0361 | 0.9120 | 0.8851 | 0.8981
Epoch 0392 | 00:07:32 |   8.5s | 1.0e-04 | 0.0330 | 0.9282 | 0.9116 | 0.9373 | 0.0370 | 0.9113 | 0.8912 | 0.9032
Epoch 0393 | 00:07:52 |   8.6s | 1.0e-04 | 0.0329 | 0.9289 | 0.9126 | 0.9385 | 0.0363 | 0.9044 | 0.8935 | 0.8980
Epoch 0394 | 00:08:12 |  16.2s | 1.0e-04 | 0.0330 | 0.9291 | 0.9132 | 0.9390 | 0.0361 | 0.9117 | 0.8949 | 0.9056
Epoch 0395 | 00:08:40 |  25.7s | 1.0e-04 | 0.0337 | 0.9271 | 0.9091 | 0.9343 | 0.0361 | 0.9074 | 0.8965 | 0.9037
Epoch 0396 | 00:09:17 |   8.6s | 1.0e-04 | 0.0330 | 0.9271 | 0.9086 | 0.9341 | 0.0353 | 0.9104 | 0.8851 | 0.8939
Epoch 0397 | 00:09:37 |   8.6s | 1.0e-04 | 0.0333 | 0.9259 | 0.9066 | 0.9315 | 0.0355 | 0.9104 | 0.8910 | 0.9013
Epoch 0398 | 00:09:57 |  17.6s | 1.0e-04 | 0.0331 | 0.9262 | 0.9073 | 0.9323 | 0.0353 | 0.9140 | 0.8899 | 0.9053
Epoch 0399 | 00:10:26 |  26.1s | 1.0e-04 | 0.0322 | 0.9274 | 0.9078 | 0.9340 | 0.0358 | 0.9179 | 0.8791 | 0.8985
Epoch 0400 | 00:11:04 |   8.6s | 1.0e-04 | 0.0324 | 0.9273 | 0.9091 | 0.9345 | 0.0361 | 0.9165 | 0.8797 | 0.8967
Epoch 0401 | 00:11:24 |   8.6s | 1.0e-04 | 0.0324 | 0.9278 | 0.9083 | 0.9346 | 0.0359 | 0.9118 | 0.8915 | 0.9026
Epoch 0402 | 00:11:44 |  17.2s | 1.0e-04 | 0.0321 | 0.9291 | 0.9102 | 0.9372 | 0.0363 | 0.9033 | 0.8850 | 0.8864
Epoch 0403 | 00:12:13 |  26.7s | 1.0e-04 | 0.0325 | 0.9277 | 0.9088 | 0.9346 | 0.0360 | 0.9026 | 0.8947 | 0.8974
Epoch 0404 | 00:12:51 |   8.4s | 1.0e-04 | 0.0327 | 0.9271 | 0.9071 | 0.9332 | 0.0354 | 0.8993 | 0.8953 | 0.8939
Epoch 0405 | 00:13:11 |   8.5s | 1.0e-04 | 0.0328 | 0.9267 | 0.9071 | 0.9327 | 0.0360 | 0.9086 | 0.8871 | 0.8975
Epoch 0406 | 00:13:31 |  17.2s | 1.0e-04 | 0.0323 | 0.9272 | 0.9097 | 0.9350 | 0.0361 | 0.9001 | 0.9009 | 0.9010
Epoch 0407 | 00:14:00 |  18.2s | 1.0e-04 | 0.0318 | 0.9285 | 0.9115 | 0.9373 | 0.0366 | 0.9154 | 0.8845 | 0.9004
Epoch 0408 | 00:14:30 |   8.6s | 1.0e-04 | 0.0318 | 0.9289 | 0.9120 | 0.9382 | 0.0363 | 0.9140 | 0.8856 | 0.9003
Epoch 0409 | 00:14:50 |   8.7s | 1.0e-04 | 0.0321 | 0.9280 | 0.9113 | 0.9370 | 0.0361 | 0.9104 | 0.8923 | 0.9023
Epoch 0410 | 00:15:10 |  24.6s | 1.0e-04 | 0.0319 | 0.9276 | 0.9092 | 0.9348 | 0.0351 | 0.9118 | 0.8932 | 0.9050
Epoch 0411 | 00:15:47 |  17.4s | 1.0e-04 | 0.0319 | 0.9283 | 0.9092 | 0.9357 | 0.0361 | 0.9087 | 0.8894 | 0.8994
Epoch 0412 | 00:16:16 |   8.5s | 1.0e-04 | 0.0316 | 0.9284 | 0.9098 | 0.9363 | 0.0364 | 0.9160 | 0.8848 | 0.9018
Epoch 0413 | 00:16:35 |   8.5s | 1.0e-04 | 0.0314 | 0.9291 | 0.9105 | 0.9372 | 0.0363 | 0.9005 | 0.8892 | 0.8875
Epoch 0414 | 00:16:55 |  26.8s | 1.0e-04 | 0.0315 | 0.9288 | 0.9107 | 0.9374 | 0.0362 | 0.9138 | 0.8831 | 0.8960
Epoch 0415 | 00:17:34 |  18.8s | 1.0e-04 | 0.0327 | 0.9265 | 0.9080 | 0.9329 | 0.0351 | 0.9173 | 0.8847 | 0.9032
Epoch 0416 | 00:18:04 |   8.7s | 1.0e-04 | 0.0327 | 0.9255 | 0.9069 | 0.9311 | 0.0360 | 0.9174 | 0.8877 | 0.9046
Epoch 0417 | 00:18:24 |  16.8s | 1.0e-04 | 0.0331 | 0.9260 | 0.9066 | 0.9318 | 0.0352 | 0.9059 | 0.8911 | 0.8967
Epoch 0418 | 00:18:52 |  26.5s | 1.0e-04 | 0.0326 | 0.9270 | 0.9076 | 0.9332 | 0.0358 | 0.9133 | 0.8907 | 0.9050
Epoch 0419 | 00:19:30 |   8.7s | 1.0e-04 | 0.0324 | 0.9295 | 0.9115 | 0.9381 | 0.0365 | 0.8996 | 0.9034 | 0.9030
Epoch 0420 | 00:19:51 |   8.7s | 1.0e-04 | 0.0329 | 0.9284 | 0.9117 | 0.9376 | 0.0353 | 0.9101 | 0.8903 | 0.9004
Epoch 0421 | 00:20:11 |  18.1s | 1.0e-04 | 0.0323 | 0.9290 | 0.9123 | 0.9390 | 0.0358 | 0.9139 | 0.8874 | 0.9014
Epoch 0422 | 00:20:40 |  27.1s | 1.0e-04 | 0.0319 | 0.9291 | 0.9114 | 0.9382 | 0.0359 | 0.9126 | 0.8907 | 0.9039
Epoch 0423 | 00:21:19 |   8.8s | 1.0e-04 | 0.0316 | 0.9267 | 0.9061 | 0.9321 | 0.0353 | 0.9080 | 0.8929 | 0.9008
Epoch 0424 | 00:21:39 |   8.8s | 1.0e-04 | 0.0313 | 0.9276 | 0.9067 | 0.9330 | 0.0355 | 0.9132 | 0.8906 | 0.9040
Epoch 0425 | 00:22:00 |  17.6s | 1.0e-04 | 0.0314 | 0.9267 | 0.9069 | 0.9327 | 0.0353 | 0.8994 | 0.9012 | 0.9011
Epoch 0426 | 00:22:29 |  26.4s | 1.0e-04 | 0.0325 | 0.9252 | 0.9049 | 0.9293 | 0.0355 | 0.9174 | 0.8876 | 0.9063
Epoch 0427 | 00:23:07 |   8.5s | 1.0e-04 | 0.0327 | 0.9271 | 0.9081 | 0.9340 | 0.0355 | 0.9146 | 0.8903 | 0.9052
Epoch 0428 | 00:23:27 |   8.7s | 1.0e-04 | 0.0328 | 0.9266 | 0.9080 | 0.9329 | 0.0348 | 0.9113 | 0.8916 | 0.9025
Epoch 0429 | 00:23:47 |  16.3s | 1.0e-04 | 0.0322 | 0.9283 | 0.9105 | 0.9364 | 0.0350 | 0.9077 | 0.8941 | 0.9010
Epoch 0430 | 00:24:15 |  27.1s | 1.0e-04 | 0.0310 | 0.9301 | 0.9127 | 0.9398 | 0.0364 | 0.8988 | 0.9011 | 0.8997
Epoch 0431 | 00:24:54 |   8.4s | 1.0e-04 | 0.0318 | 0.9289 | 0.9128 | 0.9392 | 0.0358 | 0.9178 | 0.8863 | 0.9057
Epoch 0432 | 00:25:13 |   8.7s | 1.0e-04 | 0.0315 | 0.9302 | 0.9122 | 0.9398 | 0.0358 | 0.9119 | 0.8781 | 0.8904
Epoch 0433 | 00:25:34 |  17.8s | 1.0e-04 | 0.0312 | 0.9292 | 0.9121 | 0.9391 | 0.0361 | 0.9072 | 0.8948 | 0.9024
Epoch 0434 | 00:26:03 |  31.2s | 1.0e-04 | 0.0312 | 0.9292 | 0.9109 | 0.9372 | 0.0367 | 0.9136 | 0.8824 | 0.8959
Epoch 0435 | 00:26:46 |   8.4s | 1.0e-04 | 0.0315 | 0.9283 | 0.9090 | 0.9359 | 0.0363 | 0.9148 | 0.8835 | 0.8986
Epoch 0436 | 00:27:05 |   8.3s | 1.0e-04 | 0.0315 | 0.9291 | 0.9097 | 0.9369 | 0.0356 | 0.9128 | 0.8911 | 0.9025
Epoch 0437 | 00:27:25 |  16.5s | 1.0e-04 | 0.0311 | 0.9294 | 0.9105 | 0.9378 | 0.0354 | 0.9168 | 0.8824 | 0.8992
Epoch 0438 | 00:27:53 |  27.1s | 1.0e-04 | 0.0319 | 0.9296 | 0.9117 | 0.9384 | 0.0359 | 0.9079 | 0.8978 | 0.9054
Epoch 0439 | 00:28:31 |   8.5s | 1.0e-04 | 0.0326 | 0.9284 | 0.9110 | 0.9372 | 0.0353 | 0.9172 | 0.8886 | 0.9062
Epoch 0440 | 00:28:51 |   8.4s | 1.0e-04 | 0.0326 | 0.9286 | 0.9110 | 0.9375 | 0.0347 | 0.9101 | 0.8866 | 0.8966
Epoch 0441 | 00:29:10 |  17.6s | 1.0e-04 | 0.0325 | 0.9278 | 0.9092 | 0.9352 | 0.0347 | 0.9126 | 0.8961 | 0.9091
Epoch 0442 | 00:29:39 |  25.5s | 1.0e-04 | 0.0324 | 0.9283 | 0.9113 | 0.9370 | 0.0356 | 0.9137 | 0.8936 | 0.9072
Epoch 0443 | 00:30:16 |   8.3s | 1.0e-04 | 0.0323 | 0.9296 | 0.9136 | 0.9398 | 0.0360 | 0.9076 | 0.8947 | 0.9023
Epoch 0444 | 00:30:35 |   8.3s | 1.0e-04 | 0.0320 | 0.9302 | 0.9118 | 0.9391 | 0.0359 | 0.9101 | 0.8887 | 0.8991
Epoch 0445 | 00:30:55 |  17.0s | 1.0e-04 | 0.0324 | 0.9286 | 0.9108 | 0.9372 | 0.0356 | 0.9097 | 0.8936 | 0.9027
Epoch 0446 | 00:31:23 |  24.6s | 1.0e-04 | 0.0313 | 0.9298 | 0.9118 | 0.9386 | 0.0357 | 0.9186 | 0.8864 | 0.9059
Epoch 0447 | 00:31:59 |   8.5s | 1.0e-04 | 0.0306 | 0.9299 | 0.9124 | 0.9394 | 0.0359 | 0.9074 | 0.8923 | 0.8993
Epoch 0448 | 00:32:19 |   8.5s | 1.0e-04 | 0.0310 | 0.9304 | 0.9114 | 0.9394 | 0.0363 | 0.9233 | 0.8783 | 0.9045
Epoch 0449 | 00:32:39 |  25.1s | 1.0e-04 | 0.0317 | 0.9299 | 0.9132 | 0.9400 | 0.0356 | 0.9075 | 0.8965 | 0.9037
Epoch 0450 | 00:33:15 |  16.9s | 1.0e-04 | 0.0328 | 0.9300 | 0.9137 | 0.9404 | 0.0358 | 0.9103 | 0.8975 | 0.9078
Epoch 0451 | 00:33:43 |   8.4s | 1.0e-04 | 0.0326 | 0.9309 | 0.9158 | 0.9431 | 0.0357 | 0.9059 | 0.8890 | 0.8946
Epoch 0452 | 00:34:03 |   8.3s | 1.0e-04 | 0.0329 | 0.9302 | 0.9135 | 0.9404 | 0.0349 | 0.9079 | 0.8896 | 0.8968
Epoch 0453 | 00:34:22 |  27.3s | 1.0e-04 | 0.0318 | 0.9306 | 0.9161 | 0.9433 | 0.0355 | 0.9110 | 0.8948 | 0.9059
Epoch 0454 | 00:35:01 |  17.0s | 1.0e-04 | 0.0318 | 0.9289 | 0.9125 | 0.9391 | 0.0363 | 0.9143 | 0.8872 | 0.9015
Epoch 0455 | 00:35:29 |   8.5s | 1.0e-04 | 0.0321 | 0.9299 | 0.9125 | 0.9395 | 0.0352 | 0.9151 | 0.8922 | 0.9074
Epoch 0456 | 00:35:49 |   8.5s | 1.0e-04 | 0.0319 | 0.9296 | 0.9122 | 0.9393 | 0.0349 | 0.9133 | 0.8889 | 0.9021
Epoch 0457 | 00:36:08 |  16.7s | 1.0e-04 | 0.0325 | 0.9283 | 0.9124 | 0.9380 | 0.0357 | 0.9113 | 0.8936 | 0.9042
Epoch 0458 | 00:36:36 |   8.3s | 1.0e-04 | 0.0323 | 0.9282 | 0.9123 | 0.9379 | 0.0351 | 0.9137 | 0.8907 | 0.9047
Epoch 0459 | 00:36:56 |   8.4s | 1.0e-04 | 0.0323 | 0.9286 | 0.9119 | 0.9379 | 0.0357 | 0.9195 | 0.8877 | 0.9092
Epoch 0460 | 00:37:15 |  17.6s | 1.0e-04 | 0.0322 | 0.9296 | 0.9118 | 0.9391 | 0.0355 | 0.9097 | 0.8914 | 0.9019
Epoch 0461 | 00:37:44 |  27.1s | 1.0e-04 | 0.0316 | 0.9289 | 0.9102 | 0.9370 | 0.0353 | 0.9074 | 0.9003 | 0.9078
Epoch 0462 | 00:38:22 |   8.5s | 1.0e-04 | 0.0319 | 0.9279 | 0.9095 | 0.9356 | 0.0346 | 0.9113 | 0.8943 | 0.9067
Epoch 0463 | 00:38:42 |   8.5s | 1.0e-04 | 0.0319 | 0.9277 | 0.9088 | 0.9351 | 0.0353 | 0.9126 | 0.8921 | 0.9043
Epoch 0464 | 00:39:02 |  17.0s | 1.0e-04 | 0.0318 | 0.9284 | 0.9113 | 0.9371 | 0.0350 | 0.9158 | 0.8870 | 0.9045
Epoch 0465 | 00:39:30 |  26.4s | 1.0e-04 | 0.0323 | 0.9288 | 0.9106 | 0.9374 | 0.0356 | 0.9189 | 0.8817 | 0.9034
Epoch 0466 | 00:40:08 |   8.4s | 1.0e-04 | 0.0317 | 0.9301 | 0.9119 | 0.9394 | 0.0354 | 0.9061 | 0.8986 | 0.9042
Epoch 0467 | 00:40:27 |   8.2s | 1.0e-04 | 0.0321 | 0.9293 | 0.9115 | 0.9380 | 0.0359 | 0.9260 | 0.8745 | 0.9036
Epoch 0468 | 00:40:46 |  15.9s | 1.0e-04 | 0.0318 | 0.9301 | 0.9116 | 0.9392 | 0.0355 | 0.9101 | 0.8884 | 0.8988
Epoch 0469 | 00:41:14 |  25.1s | 1.0e-04 | 0.0313 | 0.9295 | 0.9111 | 0.9380 | 0.0357 | 0.9125 | 0.8981 | 0.9107
Epoch 0470 | 00:41:50 |   8.5s | 1.0e-04 | 0.0312 | 0.9293 | 0.9103 | 0.9373 | 0.0348 | 0.9136 | 0.8862 | 0.9003
Epoch 0471 | 00:42:10 |   8.5s | 1.0e-04 | 0.0306 | 0.9295 | 0.9108 | 0.9384 | 0.0359 | 0.9098 | 0.8907 | 0.8999
Epoch 0472 | 00:42:29 |  17.2s | 1.0e-04 | 0.0310 | 0.9295 | 0.9115 | 0.9385 | 0.0353 | 0.9153 | 0.8916 | 0.9081
Epoch 0473 | 00:42:58 |  25.4s | 1.0e-04 | 0.0320 | 0.9284 | 0.9091 | 0.9358 | 0.0346 | 0.9154 | 0.8859 | 0.9022
Epoch 0474 | 00:43:34 |   8.4s | 1.0e-04 | 0.0323 | 0.9285 | 0.9116 | 0.9376 | 0.0344 | 0.9134 | 0.8932 | 0.9065
Epoch 0475 | 00:43:54 |   8.3s | 1.0e-04 | 0.0324 | 0.9280 | 0.9107 | 0.9366 | 0.0349 | 0.9155 | 0.8912 | 0.9065
Epoch 0476 | 00:44:13 |  16.1s | 1.0e-04 | 0.0323 | 0.9282 | 0.9098 | 0.9362 | 0.0346 | 0.9134 | 0.8946 | 0.9087
Epoch 0477 | 00:44:41 |  27.6s | 1.0e-04 | 0.0317 | 0.9305 | 0.9145 | 0.9414 | 0.0347 | 0.9079 | 0.8953 | 0.9034
Epoch 0478 | 00:45:19 |   8.3s | 1.0e-04 | 0.0321 | 0.9308 | 0.9141 | 0.9418 | 0.0349 | 0.9183 | 0.8903 | 0.9099
Epoch 0479 | 00:45:39 |   8.1s | 1.0e-04 | 0.0317 | 0.9299 | 0.9161 | 0.9421 | 0.0351 | 0.9152 | 0.8826 | 0.8973
Epoch 0480 | 00:45:58 |  16.1s | 1.0e-04 | 0.0321 | 0.9301 | 0.9140 | 0.9409 | 0.0356 | 0.9160 | 0.8911 | 0.9077
Epoch 0481 | 00:46:25 |  25.2s | 1.0e-04 | 0.0310 | 0.9310 | 0.9139 | 0.9413 | 0.0355 | 0.9031 | 0.8953 | 0.8982
Epoch 0482 | 00:47:02 |   8.4s | 1.0e-04 | 0.0306 | 0.9320 | 0.9163 | 0.9440 | 0.0349 | 0.9125 | 0.8901 | 0.9023
Epoch 0483 | 00:47:21 |   8.4s | 1.0e-04 | 0.0311 | 0.9316 | 0.9155 | 0.9436 | 0.0352 | 0.9149 | 0.8926 | 0.9074
Epoch 0484 | 00:47:41 |  16.6s | 1.0e-04 | 0.0305 | 0.9325 | 0.9173 | 0.9451 | 0.0354 | 0.9193 | 0.8810 | 0.9002
Epoch 0485 | 00:48:08 |  24.3s | 1.0e-04 | 0.0313 | 0.9309 | 0.9146 | 0.9420 | 0.0354 | 0.9084 | 0.8967 | 0.9046
Epoch 0486 | 00:48:44 |   8.2s | 1.0e-04 | 0.0317 | 0.9307 | 0.9145 | 0.9421 | 0.0354 | 0.9014 | 0.8978 | 0.8994
Epoch 0487 | 00:49:03 |   8.3s | 1.0e-04 | 0.0315 | 0.9312 | 0.9147 | 0.9425 | 0.0359 | 0.9174 | 0.8911 | 0.9081
Epoch 0488 | 00:49:23 |  17.5s | 1.0e-04 | 0.0320 | 0.9305 | 0.9147 | 0.9419 | 0.0359 | 0.8995 | 0.9051 | 0.9045
Epoch 0489 | 00:49:51 |  17.7s | 1.0e-04 | 0.0321 | 0.9295 | 0.9137 | 0.9404 | 0.0348 | 0.9033 | 0.9007 | 0.9041
Epoch 0490 | 00:50:20 |   8.6s | 1.0e-04 | 0.0319 | 0.9304 | 0.9137 | 0.9412 | 0.0353 | 0.9231 | 0.8890 | 0.9144
Epoch 0491 | 00:50:40 |   8.5s | 1.0e-04 | 0.0321 | 0.9298 | 0.9131 | 0.9401 | 0.0353 | 0.9131 | 0.8913 | 0.9050
Epoch 0492 | 00:51:00 |  28.5s | 1.0e-04 | 0.0315 | 0.9303 | 0.9134 | 0.9405 | 0.0351 | 0.9164 | 0.8910 | 0.9088
Epoch 0493 | 00:51:39 |   8.7s | 1.0e-04 | 0.0306 | 0.9318 | 0.9147 | 0.9427 | 0.0348 | 0.9152 | 0.8870 | 0.9036
Epoch 0494 | 00:51:59 |   8.6s | 1.0e-04 | 0.0305 | 0.9325 | 0.9149 | 0.9438 | 0.0360 | 0.9213 | 0.8863 | 0.9087
Epoch 0495 | 00:52:19 |   8.5s | 1.0e-04 | 0.0305 | 0.9322 | 0.9146 | 0.9436 | 0.0359 | 0.9146 | 0.8894 | 0.9045
Epoch 0496 | 00:52:39 |  28.4s | 1.0e-04 | 0.0318 | 0.9305 | 0.9143 | 0.9411 | 0.0355 | 0.9162 | 0.8896 | 0.9063
Epoch 0497 | 00:53:18 |   8.5s | 1.0e-04 | 0.0324 | 0.9295 | 0.9114 | 0.9386 | 0.0347 | 0.9114 | 0.8978 | 0.9089
Epoch 0498 | 00:53:38 |   8.8s | 1.0e-04 | 0.0319 | 0.9306 | 0.9118 | 0.9399 | 0.0359 | 0.9093 | 0.8903 | 0.8988
Epoch 0499 | 00:53:58 |  17.0s | 1.0e-04 | 0.0319 | 0.9300 | 0.9134 | 0.9400 | 0.0347 | 0.9162 | 0.8848 | 0.9018
Epoch 0500 | 00:54:26 |  21.0s | 1.0e-04 | 0.0318 | 0.9303 | 0.9134 | 0.9407 | 0.0341 | 0.9155 | 0.8959 | 0.9117
Epoch 0501 | 00:54:59 |   8.2s | 1.0e-04 | 0.0327 | 0.9297 | 0.9142 | 0.9407 | 0.0347 | 0.9091 | 0.8971 | 0.9061
Epoch 0502 | 00:55:18 |   8.4s | 1.0e-04 | 0.0324 | 0.9298 | 0.9141 | 0.9409 | 0.0350 | 0.9096 | 0.8926 | 0.9026
Epoch 0503 | 00:55:38 |  15.9s | 1.0e-04 | 0.0328 | 0.9301 | 0.9145 | 0.9407 | 0.0352 | 0.9153 | 0.8989 | 0.9143
Epoch 0504 | 00:56:05 |  20.4s | 1.0e-04 | 0.0322 | 0.9294 | 0.9119 | 0.9389 | 0.0343 | 0.9077 | 0.8954 | 0.9031
Epoch 0505 | 00:56:36 |   8.2s | 1.0e-04 | 0.0321 | 0.9280 | 0.9108 | 0.9367 | 0.0350 | 0.9147 | 0.8951 | 0.9100
Epoch 0506 | 00:56:56 |   8.3s | 1.0e-04 | 0.0317 | 0.9291 | 0.9114 | 0.9382 | 0.0343 | 0.9153 | 0.8970 | 0.9124
Epoch 0507 | 00:57:15 |  16.9s | 1.0e-04 | 0.0319 | 0.9295 | 0.9104 | 0.9376 | 0.0351 | 0.9058 | 0.8992 | 0.9050
Epoch 0508 | 00:57:43 |  20.3s | 1.0e-04 | 0.0327 | 0.9279 | 0.9093 | 0.9356 | 0.0354 | 0.9140 | 0.8967 | 0.9108
Epoch 0509 | 00:58:15 |   8.5s | 1.0e-04 | 0.0337 | 0.9266 | 0.9085 | 0.9334 | 0.0347 | 0.9158 | 0.8952 | 0.9114
Epoch 0510 | 00:58:34 |   8.6s | 1.0e-04 | 0.0329 | 0.9275 | 0.9102 | 0.9359 | 0.0343 | 0.9189 | 0.8893 | 0.9094
Epoch 0511 | 00:58:54 |  16.5s | 1.0e-04 | 0.0326 | 0.9282 | 0.9107 | 0.9362 | 0.0338 | 0.9189 | 0.8871 | 0.9065
Epoch 0512 | 00:59:22 |  19.6s | 1.0e-04 | 0.0315 | 0.9291 | 0.9088 | 0.9364 | 0.0348 | 0.9157 | 0.8910 | 0.9063
Epoch 0513 | 00:59:53 |   8.5s | 1.0e-04 | 0.0311 | 0.9293 | 0.9104 | 0.9374 | 0.0351 | 0.9236 | 0.8891 | 0.9132
Epoch 0514 | 01:00:12 |   8.5s | 1.0e-04 | 0.0313 | 0.9294 | 0.9099 | 0.9371 | 0.0346 | 0.9113 | 0.8924 | 0.9039
Epoch 0515 | 01:00:32 |  17.4s | 1.0e-04 | 0.0308 | 0.9299 | 0.9109 | 0.9387 | 0.0341 | 0.9137 | 0.8980 | 0.9116
Epoch 0516 | 01:01:01 |  18.2s | 1.0e-04 | 0.0313 | 0.9282 | 0.9068 | 0.9336 | 0.0342 | 0.9121 | 0.8967 | 0.9090
Epoch 0517 | 01:01:30 |   8.4s | 1.0e-04 | 0.0309 | 0.9274 | 0.9069 | 0.9327 | 0.0345 | 0.9200 | 0.8899 | 0.9100
Epoch 0518 | 01:01:50 |   8.3s | 1.0e-04 | 0.0307 | 0.9284 | 0.9069 | 0.9339 | 0.0347 | 0.9199 | 0.8864 | 0.9076
Epoch 0519 | 01:02:09 |  16.8s | 1.0e-04 | 0.0307 | 0.9281 | 0.9091 | 0.9356 | 0.0347 | 0.9161 | 0.8967 | 0.9125
Epoch 0520 | 01:02:37 |  18.1s | 1.0e-04 | 0.0312 | 0.9303 | 0.9130 | 0.9406 | 0.0347 | 0.9144 | 0.8927 | 0.9068
Epoch 0521 | 01:03:06 |   8.7s | 1.0e-04 | 0.0310 | 0.9312 | 0.9144 | 0.9420 | 0.0348 | 0.9106 | 0.8942 | 0.9048
Epoch 0522 | 01:03:26 |   8.5s | 1.0e-04 | 0.0309 | 0.9316 | 0.9153 | 0.9429 | 0.0350 | 0.9175 | 0.8852 | 0.9037
Epoch 0523 | 01:03:46 |  17.7s | 1.0e-04 | 0.0315 | 0.9300 | 0.9126 | 0.9395 | 0.0345 | 0.9132 | 0.8942 | 0.9072
Epoch 0524 | 01:04:15 |  18.8s | 1.0e-04 | 0.0320 | 0.9298 | 0.9133 | 0.9400 | 0.0348 | 0.9112 | 0.8872 | 0.8987
Epoch 0525 | 01:04:45 |   8.5s | 1.0e-04 | 0.0318 | 0.9300 | 0.9131 | 0.9404 | 0.0347 | 0.9126 | 0.8915 | 0.9038
Epoch 0526 | 01:05:04 |   8.4s | 1.0e-04 | 0.0318 | 0.9300 | 0.9137 | 0.9403 | 0.0339 | 0.9162 | 0.8896 | 0.9068
Epoch 0527 | 01:05:24 |  16.6s | 1.0e-04 | 0.0312 | 0.9313 | 0.9152 | 0.9431 | 0.0350 | 0.9140 | 0.8901 | 0.9052
Epoch 0528 | 01:05:52 |  19.6s | 1.0e-04 | 0.0302 | 0.9316 | 0.9143 | 0.9430 | 0.0350 | 0.9146 | 0.8832 | 0.8981
Epoch 0529 | 01:06:22 |   8.4s | 1.0e-04 | 0.0301 | 0.9314 | 0.9150 | 0.9428 | 0.0352 | 0.9106 | 0.8986 | 0.9093
Epoch 0530 | 01:06:42 |   8.3s | 1.0e-04 | 0.0305 | 0.9308 | 0.9133 | 0.9413 | 0.0341 | 0.9186 | 0.8932 | 0.9123
Epoch 0531 | 01:07:01 |  17.0s | 1.0e-04 | 0.0299 | 0.9325 | 0.9148 | 0.9439 | 0.0355 | 0.9076 | 0.8977 | 0.9052
Epoch 0532 | 01:07:32 |   8.5s | 1.0e-04 | 0.0307 | 0.9307 | 0.9135 | 0.9415 | 0.0346 | 0.9151 | 0.8916 | 0.9064
Epoch 0533 | 01:07:51 |   8.5s | 1.0e-04 | 0.0306 | 0.9319 | 0.9152 | 0.9434 | 0.0358 | 0.9137 | 0.8937 | 0.9081
Epoch 0534 | 01:08:11 |   8.5s | 1.0e-04 | 0.0302 | 0.9322 | 0.9150 | 0.9438 | 0.0348 | 0.9079 | 0.8936 | 0.9010
Epoch 0535 | 01:08:31 |  26.2s | 1.0e-04 | 0.0312 | 0.9308 | 0.9145 | 0.9418 | 0.0350 | 0.9072 | 0.8919 | 0.8991
Epoch 0536 | 01:09:08 |   8.2s | 1.0e-04 | 0.0304 | 0.9324 | 0.9153 | 0.9439 | 0.0342 | 0.9126 | 0.8959 | 0.9089
Epoch 0537 | 01:09:27 |   8.3s | 1.0e-04 | 0.0302 | 0.9320 | 0.9153 | 0.9433 | 0.0342 | 0.9092 | 0.8962 | 0.9046
Epoch 0538 | 01:09:47 |   8.4s | 1.0e-04 | 0.0304 | 0.9327 | 0.9152 | 0.9448 | 0.0352 | 0.9181 | 0.8875 | 0.9063
Epoch 0539 | 01:10:06 |  25.1s | 1.0e-04 | 0.0304 | 0.9315 | 0.9146 | 0.9425 | 0.0344 | 0.9122 | 0.9020 | 0.9138
Epoch 0540 | 01:10:43 |   8.5s | 1.0e-04 | 0.0315 | 0.9317 | 0.9158 | 0.9438 | 0.0351 | 0.9021 | 0.8929 | 0.8943
Epoch 0541 | 01:11:02 |   8.2s | 1.0e-04 | 0.0314 | 0.9315 | 0.9169 | 0.9443 | 0.0349 | 0.9095 | 0.8933 | 0.9022
Epoch 0542 | 01:11:22 |  17.3s | 1.0e-04 | 0.0311 | 0.9315 | 0.9164 | 0.9436 | 0.0347 | 0.9140 | 0.8988 | 0.9126
Epoch 0543 | 01:11:50 |  19.4s | 1.0e-04 | 0.0327 | 0.9310 | 0.9139 | 0.9415 | 0.0352 | 0.9145 | 0.8893 | 0.9052
Epoch 0544 | 01:12:20 |   8.7s | 1.0e-04 | 0.0300 | 0.9301 | 0.9111 | 0.9388 | 0.0356 | 0.9146 | 0.8876 | 0.9033
Epoch 0545 | 01:12:40 |   8.6s | 1.0e-04 | 0.0298 | 0.9303 | 0.9132 | 0.9409 | 0.0349 | 0.9104 | 0.8951 | 0.9046
Epoch 0546 | 01:13:00 |  17.9s | 1.0e-04 | 0.0301 | 0.9309 | 0.9128 | 0.9408 | 0.0337 | 0.9160 | 0.8884 | 0.9051
Epoch 0547 | 01:13:29 |  19.2s | 1.0e-04 | 0.0302 | 0.9306 | 0.9113 | 0.9395 | 0.0350 | 0.9179 | 0.8878 | 0.9055
Epoch 0548 | 01:14:00 |   8.7s | 1.0e-04 | 0.0305 | 0.9317 | 0.9156 | 0.9437 | 0.0347 | 0.9149 | 0.8872 | 0.9024
Epoch 0549 | 01:14:20 |   8.6s | 1.0e-04 | 0.0302 | 0.9321 | 0.9157 | 0.9440 | 0.0349 | 0.9171 | 0.8939 | 0.9115
Epoch 0550 | 01:14:39 |  15.9s | 1.0e-04 | 0.0305 | 0.9322 | 0.9149 | 0.9434 | 0.0342 | 0.9171 | 0.8928 | 0.9101
Epoch 0551 | 01:15:06 |  19.5s | 1.0e-04 | 0.0315 | 0.9305 | 0.9134 | 0.9407 | 0.0351 | 0.9237 | 0.8877 | 0.9130
Epoch 0552 | 01:15:37 |   8.4s | 1.0e-04 | 0.0315 | 0.9305 | 0.9147 | 0.9423 | 0.0339 | 0.9113 | 0.8971 | 0.9082
Epoch 0553 | 01:15:57 |   8.5s | 1.0e-04 | 0.0317 | 0.9306 | 0.9132 | 0.9410 | 0.0343 | 0.9186 | 0.8957 | 0.9150
Epoch 0554 | 01:16:16 |  17.6s | 1.0e-04 | 0.0316 | 0.9309 | 0.9147 | 0.9424 | 0.0346 | 0.9168 | 0.9003 | 0.9170
Epoch 0555 | 01:16:45 |  20.0s | 1.0e-04 | 0.0311 | 0.9324 | 0.9179 | 0.9454 | 0.0352 | 0.9123 | 0.8927 | 0.9046
Epoch 0556 | 01:17:16 |   8.3s | 1.0e-04 | 0.0309 | 0.9324 | 0.9162 | 0.9446 | 0.0344 | 0.9149 | 0.8889 | 0.9045
Epoch 0557 | 01:17:35 |   8.3s | 1.0e-04 | 0.0307 | 0.9323 | 0.9177 | 0.9454 | 0.0347 | 0.9150 | 0.8948 | 0.9094
Epoch 0558 | 01:17:55 |  16.5s | 1.0e-04 | 0.0306 | 0.9324 | 0.9162 | 0.9446 | 0.0349 | 0.9128 | 0.8952 | 0.9078
Epoch 0559 | 01:18:22 |  17.9s | 1.0e-04 | 0.0307 | 0.9333 | 0.9164 | 0.9456 | 0.0350 | 0.9084 | 0.8987 | 0.9070
Epoch 0560 | 01:18:51 |   8.4s | 1.0e-04 | 0.0306 | 0.9326 | 0.9174 | 0.9458 | 0.0346 | 0.9144 | 0.8941 | 0.9091
Epoch 0561 | 01:19:11 |   8.4s | 1.0e-04 | 0.0311 | 0.9326 | 0.9170 | 0.9452 | 0.0350 | 0.9176 | 0.8907 | 0.9093
Epoch 0562 | 01:19:31 |  16.9s | 1.0e-04 | 0.0312 | 0.9320 | 0.9158 | 0.9439 | 0.0343 | 0.9233 | 0.8841 | 0.9086
Epoch 0563 | 01:19:59 |  18.4s | 1.0e-04 | 0.0299 | 0.9316 | 0.9137 | 0.9420 | 0.0338 | 0.9141 | 0.8940 | 0.9075
Epoch 0564 | 01:20:28 |   8.3s | 1.0e-04 | 0.0293 | 0.9325 | 0.9134 | 0.9427 | 0.0349 | 0.9090 | 0.8926 | 0.9013
Epoch 0565 | 01:20:47 |   8.3s | 1.0e-04 | 0.0294 | 0.9318 | 0.9139 | 0.9423 | 0.0343 | 0.9113 | 0.8985 | 0.9096
Epoch 0566 | 01:21:07 |  16.5s | 1.0e-04 | 0.0292 | 0.9320 | 0.9139 | 0.9431 | 0.0346 | 0.9176 | 0.8923 | 0.9105
Epoch 0567 | 01:21:34 |  17.8s | 1.0e-04 | 0.0309 | 0.9305 | 0.9142 | 0.9415 | 0.0351 | 0.9119 | 0.8958 | 0.9073
Epoch 0568 | 01:22:03 |   8.5s | 1.0e-04 | 0.0302 | 0.9310 | 0.9139 | 0.9417 | 0.0338 | 0.9177 | 0.8928 | 0.9106
Epoch 0569 | 01:22:23 |   8.4s | 1.0e-04 | 0.0301 | 0.9315 | 0.9137 | 0.9426 | 0.0350 | 0.9092 | 0.8980 | 0.9068
Epoch 0570 | 01:22:42 |  17.1s | 1.0e-04 | 0.0305 | 0.9307 | 0.9137 | 0.9410 | 0.0358 | 0.9173 | 0.8935 | 0.9116
Epoch 0571 | 01:23:10 |  18.2s | 1.0e-04 | 0.0305 | 0.9314 | 0.9148 | 0.9423 | 0.0341 | 0.9164 | 0.8900 | 0.9066
Epoch 0572 | 01:23:40 |   8.6s | 1.0e-04 | 0.0304 | 0.9312 | 0.9142 | 0.9425 | 0.0349 | 0.9202 | 0.8950 | 0.9157
Epoch 0573 | 01:23:59 |   8.4s | 1.0e-04 | 0.0306 | 0.9315 | 0.9137 | 0.9421 | 0.0346 | 0.9158 | 0.8972 | 0.9122
Epoch 0574 | 01:24:19 |  27.0s | 1.0e-04 | 0.0303 | 0.9324 | 0.9151 | 0.9440 | 0.0340 | 0.9135 | 0.8903 | 0.9040
Epoch 0575 | 01:24:57 |   8.3s | 1.0e-04 | 0.0321 | 0.9316 | 0.9169 | 0.9437 | 0.0341 | 0.9152 | 0.8964 | 0.9121
Epoch 0576 | 01:25:16 |   8.5s | 1.0e-04 | 0.0324 | 0.9319 | 0.9180 | 0.9448 | 0.0349 | 0.9156 | 0.8998 | 0.9153
Epoch 0577 | 01:25:36 |   8.5s | 1.0e-04 | 0.0318 | 0.9324 | 0.9181 | 0.9463 | 0.0341 | 0.9117 | 0.8984 | 0.9103
Epoch 0578 | 01:25:55 |  29.5s | 1.0e-04 | 0.0323 | 0.9321 | 0.9178 | 0.9452 | 0.0350 | 0.9065 | 0.9016 | 0.9083
Epoch 0579 | 01:26:36 |   8.4s | 1.0e-04 | 0.0302 | 0.9343 | 0.9196 | 0.9487 | 0.0343 | 0.9146 | 0.8888 | 0.9043
Epoch 0580 | 01:26:55 |   8.3s | 1.0e-04 | 0.0303 | 0.9339 | 0.9187 | 0.9475 | 0.0351 | 0.9094 | 0.8961 | 0.9048
Epoch 0581 | 01:27:15 |   8.6s | 1.0e-04 | 0.0307 | 0.9328 | 0.9184 | 0.9466 | 0.0350 | 0.9185 | 0.8915 | 0.9100
Epoch 0582 | 01:27:35 |  19.1s | 1.0e-04 | 0.0305 | 0.9336 | 0.9175 | 0.9468 | 0.0344 | 0.9159 | 0.8913 | 0.9072
Epoch 0583 | 01:28:05 |   8.3s | 1.0e-04 | 0.0311 | 0.9317 | 0.9150 | 0.9433 | 0.0338 | 0.9136 | 0.8912 | 0.9043
Epoch 0584 | 01:28:24 |   8.1s | 1.0e-04 | 0.0313 | 0.9319 | 0.9154 | 0.9434 | 0.0339 | 0.9122 | 0.8965 | 0.9087
Epoch 0585 | 01:28:44 |  15.4s | 1.0e-04 | 0.0320 | 0.9314 | 0.9149 | 0.9425 | 0.0358 | 0.9112 | 0.8898 | 0.9004
Epoch 0586 | 01:29:10 |  19.1s | 1.0e-04 | 0.0314 | 0.9298 | 0.9134 | 0.9399 | 0.0351 | 0.9098 | 0.8931 | 0.9036
Epoch 0587 | 01:29:40 |   8.5s | 1.0e-04 | 0.0307 | 0.9322 | 0.9152 | 0.9443 | 0.0345 | 0.9158 | 0.8895 | 0.9055
Epoch 0588 | 01:30:00 |   8.5s | 1.0e-04 | 0.0303 | 0.9324 | 0.9156 | 0.9441 | 0.0344 | 0.9215 | 0.8900 | 0.9117
Epoch 0589 | 01:30:20 |  17.7s | 1.0e-04 | 0.0302 | 0.9330 | 0.9171 | 0.9461 | 0.0344 | 0.9064 | 0.9016 | 0.9079
Epoch 0590 | 01:30:48 |  18.0s | 1.0e-04 | 0.0305 | 0.9327 | 0.9164 | 0.9449 | 0.0347 | 0.9173 | 0.8936 | 0.9120
Epoch 0591 | 01:31:17 |   8.2s | 1.0e-04 | 0.0313 | 0.9320 | 0.9162 | 0.9439 | 0.0341 | 0.9162 | 0.8949 | 0.9110
Epoch 0592 | 01:31:37 |   8.2s | 1.0e-04 | 0.0315 | 0.9325 | 0.9146 | 0.9426 | 0.0346 | 0.9192 | 0.8923 | 0.9120
Epoch 0593 | 01:31:56 |  16.8s | 1.0e-04 | 0.0314 | 0.9326 | 0.9165 | 0.9446 | 0.0353 | 0.9121 | 0.8999 | 0.9121
Epoch 0594 | 01:32:24 |  18.9s | 1.0e-04 | 0.0310 | 0.9330 | 0.9182 | 0.9463 | 0.0346 | 0.9175 | 0.8953 | 0.9130
Epoch 0595 | 01:32:54 |   8.4s | 1.0e-04 | 0.0310 | 0.9333 | 0.9181 | 0.9470 | 0.0346 | 0.9142 | 0.8964 | 0.9104
Epoch 0596 | 01:33:13 |   8.2s | 1.0e-04 | 0.0308 | 0.9327 | 0.9186 | 0.9465 | 0.0341 | 0.9208 | 0.8901 | 0.9125
Epoch 0597 | 01:33:32 |  16.7s | 1.0e-04 | 0.0309 | 0.9328 | 0.9176 | 0.9460 | 0.0347 | 0.9135 | 0.9000 | 0.9134
Epoch 0598 | 01:34:00 |  19.1s | 1.0e-04 | 0.0305 | 0.9324 | 0.9162 | 0.9443 | 0.0342 | 0.9119 | 0.8962 | 0.9083
Epoch 0599 | 01:34:30 |   8.5s | 1.0e-04 | 0.0308 | 0.9325 | 0.9154 | 0.9442 | 0.0339 | 0.9183 | 0.8935 | 0.9127
Epoch 0600 | 01:34:49 |   8.6s | 1.0e-04 | 0.0310 | 0.9320 | 0.9152 | 0.9430 | 0.0342 | 0.9133 | 0.8955 | 0.9092
Epoch 0601 | 01:35:09 |  16.5s | 1.0e-04 | 0.0308 | 0.9321 | 0.9149 | 0.9435 | 0.0342 | 0.9147 | 0.9005 | 0.9152
Epoch 0602 | 01:35:37 |  17.8s | 1.0e-04 | 0.0298 | 0.9333 | 0.9157 | 0.9449 | 0.0347 | 0.9189 | 0.8946 | 0.9147
Epoch 0603 | 01:36:05 |   8.3s | 1.0e-04 | 0.0296 | 0.9332 | 0.9157 | 0.9449 | 0.0340 | 0.9213 | 0.8938 | 0.9160
Epoch 0604 | 01:36:25 |   8.3s | 1.0e-04 | 0.0295 | 0.9323 | 0.9159 | 0.9444 | 0.0344 | 0.9175 | 0.8905 | 0.9090
Epoch 0605 | 01:36:44 |  17.4s | 1.0e-04 | 0.0299 | 0.9333 | 0.9166 | 0.9456 | 0.0346 | 0.9116 | 0.8949 | 0.9060
Epoch 0606 | 01:37:12 |  18.3s | 1.0e-04 | 0.0304 | 0.9324 | 0.9167 | 0.9449 | 0.0340 | 0.9151 | 0.9042 | 0.9197
Epoch 0607 | 01:37:42 |   8.3s | 1.0e-04 | 0.0304 | 0.9324 | 0.9167 | 0.9450 | 0.0337 | 0.9174 | 0.9007 | 0.9180
Epoch 0608 | 01:38:01 |   8.3s | 1.0e-04 | 0.0305 | 0.9328 | 0.9171 | 0.9456 | 0.0341 | 0.9138 | 0.8994 | 0.9130
Epoch 0609 | 01:38:20 |  16.3s | 1.0e-04 | 0.0305 | 0.9313 | 0.9141 | 0.9423 | 0.0343 | 0.9114 | 0.9011 | 0.9122
Epoch 0610 | 01:38:48 |  18.1s | 1.0e-04 | 0.0307 | 0.9315 | 0.9144 | 0.9422 | 0.0341 | 0.9189 | 0.8918 | 0.9102
Epoch 0611 | 01:39:17 |   8.3s | 1.0e-04 | 0.0309 | 0.9310 | 0.9143 | 0.9425 | 0.0340 | 0.9189 | 0.8999 | 0.9189
Epoch 0612 | 01:39:36 |   8.5s | 1.0e-04 | 0.0306 | 0.9315 | 0.9145 | 0.9423 | 0.0344 | 0.9074 | 0.9055 | 0.9129
Epoch 0613 | 01:39:56 |  17.4s | 1.0e-04 | 0.0307 | 0.9313 | 0.9144 | 0.9423 | 0.0335 | 0.9180 | 0.8909 | 0.9096
Epoch 0614 | 01:40:24 |  19.7s | 1.0e-04 | 0.0311 | 0.9314 | 0.9150 | 0.9429 | 0.0338 | 0.9171 | 0.8900 | 0.9070
Epoch 0615 | 01:40:55 |   8.5s | 1.0e-04 | 0.0314 | 0.9312 | 0.9139 | 0.9418 | 0.0343 | 0.9088 | 0.9062 | 0.9147
Epoch 0616 | 01:41:14 |   8.5s | 1.0e-04 | 0.0311 | 0.9314 | 0.9146 | 0.9425 | 0.0343 | 0.9235 | 0.8890 | 0.9140
Epoch 0617 | 01:41:34 |  26.3s | 1.0e-04 | 0.0304 | 0.9315 | 0.9135 | 0.9418 | 0.0341 | 0.9200 | 0.8839 | 0.9062
Epoch 0618 | 01:42:12 |   8.5s | 1.0e-04 | 0.0302 | 0.9322 | 0.9158 | 0.9442 | 0.0342 | 0.9202 | 0.8909 | 0.9127
Epoch 0619 | 01:42:31 |   8.6s | 1.0e-04 | 0.0302 | 0.9329 | 0.9169 | 0.9455 | 0.0339 | 0.9171 | 0.8952 | 0.9121
Epoch 0620 | 01:42:51 |   8.6s | 1.0e-04 | 0.0303 | 0.9330 | 0.9173 | 0.9454 | 0.0338 | 0.9203 | 0.8835 | 0.9047
Epoch 0621 | 01:43:11 |  28.8s | 1.0e-04 | 0.0302 | 0.9339 | 0.9198 | 0.9486 | 0.0339 | 0.9190 | 0.8957 | 0.9151
Epoch 0622 | 01:43:51 |   8.5s | 1.0e-04 | 0.0318 | 0.9335 | 0.9179 | 0.9466 | 0.0345 | 0.9133 | 0.8954 | 0.9088
Epoch 0623 | 01:44:10 |   8.4s | 1.0e-04 | 0.0305 | 0.9344 | 0.9200 | 0.9489 | 0.0344 | 0.9181 | 0.8937 | 0.9122
Epoch 0624 | 01:44:30 |  16.8s | 1.0e-04 | 0.0305 | 0.9338 | 0.9196 | 0.9480 | 0.0348 | 0.9177 | 0.8943 | 0.9118
Epoch 0625 | 01:44:58 |  17.5s | 1.0e-04 | 0.0308 | 0.9329 | 0.9178 | 0.9457 | 0.0335 | 0.9145 | 0.9009 | 0.9155
Epoch 0626 | 01:45:26 |   8.2s | 1.0e-04 | 0.0313 | 0.9316 | 0.9146 | 0.9429 | 0.0336 | 0.9129 | 0.9016 | 0.9142
Epoch 0627 | 01:45:45 |   8.3s | 1.0e-04 | 0.0311 | 0.9312 | 0.9149 | 0.9426 | 0.0342 | 0.9156 | 0.8993 | 0.9150
Epoch 0628 | 01:46:05 |  16.4s | 1.0e-04 | 0.0310 | 0.9310 | 0.9152 | 0.9431 | 0.0334 | 0.9166 | 0.8904 | 0.9077
Epoch 0629 | 01:46:32 |  18.5s | 1.0e-04 | 0.0310 | 0.9319 | 0.9157 | 0.9438 | 0.0341 | 0.9057 | 0.9084 | 0.9139
Epoch 0630 | 01:47:02 |   8.0s | 1.0e-04 | 0.0294 | 0.9330 | 0.9158 | 0.9453 | 0.0333 | 0.9094 | 0.8982 | 0.9076
Epoch 0631 | 01:47:21 |   8.2s | 1.0e-04 | 0.0295 | 0.9325 | 0.9147 | 0.9437 | 0.0338 | 0.9181 | 0.8898 | 0.9073
Epoch 0632 | 01:47:40 |  16.6s | 1.0e-04 | 0.0294 | 0.9332 | 0.9152 | 0.9442 | 0.0329 | 0.9230 | 0.8926 | 0.9161
Epoch 0633 | 01:48:07 |  20.2s | 1.0e-04 | 0.0304 | 0.9324 | 0.9157 | 0.9442 | 0.0330 | 0.9155 | 0.9009 | 0.9165
Epoch 0634 | 01:48:39 |   8.6s | 1.0e-04 | 0.0315 | 0.9314 | 0.9163 | 0.9439 | 0.0330 | 0.9165 | 0.8962 | 0.9122
Epoch 0635 | 01:48:58 |   8.5s | 1.0e-04 | 0.0312 | 0.9327 | 0.9172 | 0.9453 | 0.0345 | 0.9187 | 0.8888 | 0.9086
Epoch 0636 | 01:49:18 |  16.7s | 1.0e-04 | 0.0313 | 0.9318 | 0.9158 | 0.9437 | 0.0340 | 0.9207 | 0.8881 | 0.9104
Epoch 0637 | 01:49:46 |  20.6s | 1.0e-04 | 0.0300 | 0.9318 | 0.9138 | 0.9429 | 0.0340 | 0.9185 | 0.8919 | 0.9117
Epoch 0638 | 01:50:17 |   8.5s | 1.0e-04 | 0.0292 | 0.9326 | 0.9147 | 0.9439 | 0.0339 | 0.9237 | 0.8966 | 0.9212
Epoch 0639 | 01:50:37 |   8.5s | 1.0e-04 | 0.0295 | 0.9321 | 0.9135 | 0.9423 | 0.0339 | 0.9177 | 0.8917 | 0.9096
Epoch 0640 | 01:50:57 |  17.1s | 1.0e-04 | 0.0295 | 0.9324 | 0.9159 | 0.9445 | 0.0345 | 0.9131 | 0.8971 | 0.9106
Epoch 0641 | 01:51:25 |  22.7s | 1.0e-04 | 0.0308 | 0.9310 | 0.9143 | 0.9421 | 0.0329 | 0.9221 | 0.8913 | 0.9138
Epoch 0642 | 01:51:58 |   8.4s | 1.0e-04 | 0.0313 | 0.9311 | 0.9145 | 0.9424 | 0.0344 | 0.9106 | 0.9076 | 0.9181
Epoch 0643 | 01:52:18 |   8.6s | 1.0e-04 | 0.0313 | 0.9303 | 0.9145 | 0.9418 | 0.0333 | 0.9083 | 0.9084 | 0.9165
Epoch 0644 | 01:52:38 |  17.1s | 1.0e-04 | 0.0308 | 0.9316 | 0.9152 | 0.9431 | 0.0338 | 0.9163 | 0.8963 | 0.9132
Epoch 0645 | 01:53:06 |  18.6s | 1.0e-04 | 0.0299 | 0.9327 | 0.9164 | 0.9449 | 0.0349 | 0.9257 | 0.8819 | 0.9090
Epoch 0646 | 01:53:36 |   8.5s | 1.0e-04 | 0.0301 | 0.9325 | 0.9151 | 0.9435 | 0.0338 | 0.9100 | 0.9054 | 0.9159
Epoch 0647 | 01:53:55 |   8.4s | 1.0e-04 | 0.0298 | 0.9331 | 0.9172 | 0.9460 | 0.0334 | 0.9178 | 0.8995 | 0.9174
Epoch 0648 | 01:54:15 |  16.5s | 1.0e-04 | 0.0300 | 0.9326 | 0.9147 | 0.9434 | 0.0335 | 0.9185 | 0.8930 | 0.9113
Epoch 0649 | 01:54:43 |  20.5s | 1.0e-04 | 0.0306 | 0.9322 | 0.9151 | 0.9438 | 0.0340 | 0.9220 | 0.8876 | 0.9104
Epoch 0650 | 01:55:15 |   8.5s | 1.0e-04 | 0.0308 | 0.9317 | 0.9155 | 0.9435 | 0.0334 | 0.9141 | 0.8975 | 0.9120
Epoch 0651 | 01:55:35 |   8.5s | 1.0e-04 | 0.0307 | 0.9323 | 0.9161 | 0.9444 | 0.0337 | 0.9174 | 0.8930 | 0.9109
Epoch 0652 | 01:55:54 |  16.5s | 1.0e-04 | 0.0309 | 0.9329 | 0.9172 | 0.9457 | 0.0338 | 0.9137 | 0.8964 | 0.9100
Epoch 0653 | 01:56:22 |  20.3s | 1.0e-04 | 0.0299 | 0.9327 | 0.9159 | 0.9452 | 0.0340 | 0.9123 | 0.9004 | 0.9129
Epoch 0654 | 01:56:53 |   8.6s | 1.0e-04 | 0.0296 | 0.9329 | 0.9155 | 0.9448 | 0.0336 | 0.9095 | 0.9013 | 0.9108
Epoch 0655 | 01:57:13 |   8.5s | 1.0e-04 | 0.0295 | 0.9334 | 0.9154 | 0.9446 | 0.0333 | 0.9200 | 0.8949 | 0.9149
Epoch 0656 | 01:57:34 |  17.0s | 1.0e-04 | 0.0294 | 0.9325 | 0.9138 | 0.9429 | 0.0338 | 0.9178 | 0.8970 | 0.9148
Epoch 0657 | 01:58:03 |   8.7s | 1.0e-04 | 0.0298 | 0.9310 | 0.9128 | 0.9406 | 0.0338 | 0.9128 | 0.8986 | 0.9115
Epoch 0658 | 01:58:23 |   8.6s | 1.0e-04 | 0.0295 | 0.9316 | 0.9135 | 0.9424 | 0.0337 | 0.9152 | 0.8963 | 0.9118
Epoch 0659 | 01:58:42 |   8.7s | 1.0e-04 | 0.0298 | 0.9322 | 0.9143 | 0.9429 | 0.0344 | 0.9195 | 0.8943 | 0.9142
Epoch 0660 | 01:59:02 |  26.8s | 1.0e-04 | 0.0299 | 0.9327 | 0.9149 | 0.9437 | 0.0349 | 0.9132 | 0.8989 | 0.9122
Epoch 0661 | 01:59:41 |   8.3s | 1.0e-04 | 0.0300 | 0.9325 | 0.9172 | 0.9454 | 0.0339 | 0.9167 | 0.8985 | 0.9151
Epoch 0662 | 02:00:00 |   8.2s | 1.0e-04 | 0.0298 | 0.9340 | 0.9175 | 0.9474 | 0.0347 | 0.9104 | 0.8994 | 0.9099
Epoch 0663 | 02:00:20 |   8.5s | 1.0e-04 | 0.0298 | 0.9334 | 0.9175 | 0.9465 | 0.0336 | 0.9171 | 0.8960 | 0.9133
Epoch 0664 | 02:00:40 |  26.4s | 1.0e-04 | 0.0308 | 0.9318 | 0.9140 | 0.9421 | 0.0334 | 0.9166 | 0.8983 | 0.9150
Epoch 0665 | 02:01:17 |   8.5s | 1.0e-04 | 0.0310 | 0.9312 | 0.9135 | 0.9419 | 0.0333 | 0.9129 | 0.9015 | 0.9147
Epoch 0666 | 02:01:37 |   8.3s | 1.0e-04 | 0.0309 | 0.9305 | 0.9122 | 0.9403 | 0.0338 | 0.9112 | 0.9100 | 0.9212
Epoch 0667 | 02:01:56 |  16.7s | 1.0e-04 | 0.0306 | 0.9311 | 0.9135 | 0.9418 | 0.0333 | 0.9087 | 0.9059 | 0.9150
Epoch 0668 | 02:02:25 |  20.2s | 1.0e-04 | 0.0308 | 0.9320 | 0.9147 | 0.9432 | 0.0340 | 0.9146 | 0.8955 | 0.9101
Epoch 0669 | 02:02:57 |   8.5s | 1.0e-04 | 0.0303 | 0.9330 | 0.9167 | 0.9456 | 0.0339 | 0.9238 | 0.8936 | 0.9181
Epoch 0670 | 02:03:17 |   8.4s | 1.0e-04 | 0.0302 | 0.9334 | 0.9176 | 0.9463 | 0.0335 | 0.9169 | 0.8976 | 0.9147
Epoch 0671 | 02:03:36 |  16.7s | 1.0e-04 | 0.0303 | 0.9327 | 0.9164 | 0.9453 | 0.0347 | 0.9216 | 0.8848 | 0.9069
Epoch 0672 | 02:04:04 |  19.3s | 1.0e-04 | 0.0299 | 0.9327 | 0.9181 | 0.9461 | 0.0344 | 0.9198 | 0.8891 | 0.9103
Epoch 0673 | 02:04:35 |   8.3s | 1.0e-04 | 0.0301 | 0.9326 | 0.9147 | 0.9434 | 0.0340 | 0.9177 | 0.8993 | 0.9170
Epoch 0674 | 02:04:54 |   8.3s | 1.0e-04 | 0.0302 | 0.9326 | 0.9155 | 0.9450 | 0.0331 | 0.9202 | 0.8959 | 0.9164
Epoch 0675 | 02:05:14 |  16.9s | 1.0e-04 | 0.0300 | 0.9335 | 0.9155 | 0.9451 | 0.0330 | 0.9097 | 0.9049 | 0.9151
Epoch 0676 | 02:05:43 |  19.2s | 1.0e-04 | 0.0302 | 0.9310 | 0.9142 | 0.9420 | 0.0328 | 0.9210 | 0.8922 | 0.9142
Epoch 0677 | 02:06:13 |   8.5s | 1.0e-04 | 0.0302 | 0.9307 | 0.9105 | 0.9394 | 0.0335 | 0.9168 | 0.8961 | 0.9134
Epoch 0678 | 02:06:33 |   8.1s | 1.0e-04 | 0.0303 | 0.9296 | 0.9101 | 0.9375 | 0.0332 | 0.9122 | 0.9033 | 0.9150
Epoch 0679 | 02:06:53 |  16.8s | 1.0e-04 | 0.0302 | 0.9300 | 0.9109 | 0.9390 | 0.0332 | 0.9184 | 0.8976 | 0.9159
Epoch 0680 | 02:07:21 |  21.3s | 1.0e-04 | 0.0309 | 0.9311 | 0.9132 | 0.9420 | 0.0333 | 0.9096 | 0.9045 | 0.9144
Epoch 0681 | 02:07:54 |   8.5s | 1.0e-04 | 0.0312 | 0.9315 | 0.9147 | 0.9426 | 0.0340 | 0.9176 | 0.8954 | 0.9135
Epoch 0682 | 02:08:14 |   8.5s | 1.0e-04 | 0.0310 | 0.9316 | 0.9148 | 0.9427 | 0.0335 | 0.9167 | 0.9073 | 0.9238
Epoch 0683 | 02:08:34 |  17.7s | 1.0e-04 | 0.0310 | 0.9321 | 0.9153 | 0.9438 | 0.0336 | 0.9153 | 0.8991 | 0.9145
Epoch 0684 | 02:09:03 |  20.5s | 1.0e-04 | 0.0295 | 0.9336 | 0.9184 | 0.9471 | 0.0338 | 0.9211 | 0.8925 | 0.9148
Epoch 0685 | 02:09:35 |   8.5s | 1.0e-04 | 0.0288 | 0.9347 | 0.9176 | 0.9479 | 0.0336 | 0.9129 | 0.9021 | 0.9154
Epoch 0686 | 02:09:55 |   8.6s | 1.0e-04 | 0.0289 | 0.9350 | 0.9178 | 0.9483 | 0.0345 | 0.9203 | 0.8936 | 0.9148
Epoch 0687 | 02:10:16 |  16.8s | 1.0e-04 | 0.0286 | 0.9345 | 0.9180 | 0.9476 | 0.0338 | 0.9182 | 0.8994 | 0.9177
Epoch 0688 | 02:10:44 |  18.6s | 1.0e-04 | 0.0286 | 0.9362 | 0.9200 | 0.9504 | 0.0344 | 0.9218 | 0.8876 | 0.9107
Epoch 0689 | 02:11:14 |   8.5s | 1.0e-04 | 0.0287 | 0.9357 | 0.9191 | 0.9493 | 0.0338 | 0.9119 | 0.8980 | 0.9099
Epoch 0690 | 02:11:34 |   8.3s | 1.0e-04 | 0.0287 | 0.9360 | 0.9206 | 0.9511 | 0.0350 | 0.9220 | 0.8882 | 0.9111
Epoch 0691 | 02:11:54 |  15.6s | 1.0e-04 | 0.0297 | 0.9342 | 0.9186 | 0.9474 | 0.0333 | 0.9200 | 0.8891 | 0.9099
Epoch 0692 | 02:12:21 |  19.2s | 1.0e-04 | 0.0297 | 0.9332 | 0.9168 | 0.9457 | 0.0332 | 0.9201 | 0.8956 | 0.9162
Epoch 0693 | 02:12:51 |   8.5s | 1.0e-04 | 0.0299 | 0.9324 | 0.9168 | 0.9446 | 0.0339 | 0.9161 | 0.8995 | 0.9158
Epoch 0694 | 02:13:11 |   8.3s | 1.0e-04 | 0.0298 | 0.9335 | 0.9171 | 0.9462 | 0.0341 | 0.9220 | 0.8931 | 0.9164
Epoch 0695 | 02:13:31 |  17.2s | 1.0e-04 | 0.0294 | 0.9343 | 0.9184 | 0.9473 | 0.0338 | 0.9166 | 0.9031 | 0.9197
Epoch 0696 | 02:14:00 |  17.7s | 1.0e-04 | 0.0304 | 0.9334 | 0.9177 | 0.9464 | 0.0338 | 0.9167 | 0.8936 | 0.9111
Epoch 0697 | 02:14:29 |   8.6s | 1.0e-04 | 0.0303 | 0.9343 | 0.9186 | 0.9476 | 0.0339 | 0.9231 | 0.8905 | 0.9149
Epoch 0698 | 02:14:49 |   8.5s | 1.0e-04 | 0.0304 | 0.9339 | 0.9175 | 0.9463 | 0.0335 | 0.9163 | 0.8930 | 0.9095
Epoch 0699 | 02:15:09 |  26.9s | 1.0e-04 | 0.0304 | 0.9330 | 0.9177 | 0.9459 | 0.0332 | 0.9190 | 0.9027 | 0.9222
Epoch 0700 | 02:15:47 |   8.2s | 1.0e-04 | 0.0306 | 0.9321 | 0.9157 | 0.9449 | 0.0330 | 0.9164 | 0.8948 | 0.9119
Epoch 0701 | 02:16:07 |   8.4s | 1.0e-04 | 0.0308 | 0.9316 | 0.9152 | 0.9431 | 0.0328 | 0.9226 | 0.8983 | 0.9209
Epoch 0702 | 02:16:27 |   8.2s | 1.0e-04 | 0.0306 | 0.9317 | 0.9169 | 0.9446 | 0.0332 | 0.9199 | 0.8880 | 0.9078
Epoch 0703 | 02:16:46 |  26.5s | 1.0e-04 | 0.0305 | 0.9327 | 0.9166 | 0.9450 | 0.0329 | 0.9172 | 0.8945 | 0.9121
Epoch 0704 | 02:17:24 |   8.6s | 1.0e-04 | 0.0303 | 0.9328 | 0.9168 | 0.9455 | 0.0341 | 0.9103 | 0.9081 | 0.9181
Epoch 0705 | 02:17:44 |   8.5s | 1.0e-04 | 0.0304 | 0.9331 | 0.9176 | 0.9465 | 0.0339 | 0.9138 | 0.9045 | 0.9181
Epoch 0706 | 02:18:04 |   8.5s | 1.0e-04 | 0.0299 | 0.9334 | 0.9183 | 0.9466 | 0.0329 | 0.9203 | 0.8932 | 0.9135
Epoch 0707 | 02:18:25 |  23.4s | 1.0e-04 | 0.0304 | 0.9326 | 0.9166 | 0.9455 | 0.0331 | 0.9205 | 0.9013 | 0.9218
Epoch 0708 | 02:19:00 |   8.5s | 1.0e-04 | 0.0304 | 0.9330 | 0.9172 | 0.9460 | 0.0335 | 0.9156 | 0.8972 | 0.9130
Epoch 0709 | 02:19:20 |   8.6s | 1.0e-04 | 0.0304 | 0.9321 | 0.9158 | 0.9443 | 0.0336 | 0.9172 | 0.9007 | 0.9179
Epoch 0710 | 02:19:40 |  17.8s | 1.0e-04 | 0.0304 | 0.9325 | 0.9155 | 0.9442 | 0.0340 | 0.9213 | 0.8942 | 0.9165
Epoch 0711 | 02:20:09 |  18.9s | 1.0e-04 | 0.0300 | 0.9345 | 0.9193 | 0.9483 | 0.0340 | 0.9147 | 0.9014 | 0.9161
Epoch 0712 | 02:20:40 |   8.5s | 1.0e-04 | 0.0297 | 0.9350 | 0.9205 | 0.9497 | 0.0338 | 0.9116 | 0.8972 | 0.9087
Epoch 0713 | 02:20:59 |   8.3s | 1.0e-04 | 0.0301 | 0.9347 | 0.9198 | 0.9488 | 0.0336 | 0.9112 | 0.9042 | 0.9157
Epoch 0714 | 02:21:19 |  16.9s | 1.0e-04 | 0.0298 | 0.9350 | 0.9205 | 0.9494 | 0.0329 | 0.9170 | 0.9005 | 0.9178
Epoch 0715 | 02:21:48 |  21.6s | 1.0e-04 | 0.0296 | 0.9345 | 0.9183 | 0.9483 | 0.0332 | 0.9200 | 0.8955 | 0.9162
Epoch 0716 | 02:22:21 |   8.5s | 1.0e-04 | 0.0301 | 0.9324 | 0.9148 | 0.9434 | 0.0329 | 0.9180 | 0.9043 | 0.9224
Epoch 0717 | 02:22:41 |   8.6s | 1.0e-04 | 0.0302 | 0.9323 | 0.9146 | 0.9435 | 0.0332 | 0.9155 | 0.8983 | 0.9137
Epoch 0718 | 02:23:01 |  16.7s | 1.0e-04 | 0.0303 | 0.9312 | 0.9145 | 0.9426 | 0.0326 | 0.9205 | 0.8989 | 0.9196
Epoch 0719 | 02:23:29 |  18.6s | 1.0e-04 | 0.0301 | 0.9325 | 0.9166 | 0.9450 | 0.0333 | 0.9222 | 0.8944 | 0.9170
Epoch 0720 | 02:23:59 |   8.5s | 1.0e-04 | 0.0307 | 0.9326 | 0.9168 | 0.9448 | 0.0333 | 0.9144 | 0.9040 | 0.9188
Epoch 0721 | 02:24:19 |   8.4s | 1.0e-04 | 0.0308 | 0.9323 | 0.9163 | 0.9450 | 0.0333 | 0.9195 | 0.8917 | 0.9117
Epoch 0722 | 02:24:39 |  16.8s | 1.0e-04 | 0.0310 | 0.9316 | 0.9151 | 0.9431 | 0.0320 | 0.9162 | 0.8966 | 0.9131
Epoch 0723 | 02:25:07 |  19.4s | 1.0e-04 | 0.0300 | 0.9313 | 0.9138 | 0.9422 | 0.0333 | 0.9156 | 0.9009 | 0.9164
Epoch 0724 | 02:25:38 |   8.5s | 1.0e-04 | 0.0295 | 0.9312 | 0.9121 | 0.9411 | 0.0329 | 0.9213 | 0.8980 | 0.9200
Epoch 0725 | 02:25:58 |   8.5s | 1.0e-04 | 0.0291 | 0.9320 | 0.9133 | 0.9422 | 0.0330 | 0.9249 | 0.8936 | 0.9199
Epoch 0726 | 02:26:18 |  15.6s | 1.0e-04 | 0.0299 | 0.9320 | 0.9127 | 0.9419 | 0.0330 | 0.9127 | 0.9017 | 0.9146
Epoch 0727 | 02:26:45 |  19.3s | 1.0e-04 | 0.0302 | 0.9310 | 0.9141 | 0.9414 | 0.0328 | 0.9161 | 0.8998 | 0.9159
Epoch 0728 | 02:27:16 |   8.6s | 1.0e-04 | 0.0303 | 0.9325 | 0.9152 | 0.9442 | 0.0328 | 0.9188 | 0.9024 | 0.9213
Epoch 0729 | 02:27:36 |   8.6s | 1.0e-04 | 0.0305 | 0.9322 | 0.9144 | 0.9437 | 0.0333 | 0.9173 | 0.8941 | 0.9120
Epoch 0730 | 02:27:56 |  17.6s | 1.0e-04 | 0.0304 | 0.9323 | 0.9154 | 0.9438 | 0.0332 | 0.9178 | 0.9011 | 0.9190
Epoch 0731 | 02:28:25 |  19.7s | 1.0e-04 | 0.0303 | 0.9328 | 0.9158 | 0.9450 | 0.0337 | 0.9127 | 0.9027 | 0.9155
Epoch 0732 | 02:28:57 |   8.5s | 1.0e-04 | 0.0304 | 0.9327 | 0.9177 | 0.9461 | 0.0332 | 0.9162 | 0.8997 | 0.9159
Epoch 0733 | 02:29:17 |   8.4s | 1.0e-04 | 0.0301 | 0.9329 | 0.9173 | 0.9456 | 0.0329 | 0.9201 | 0.8939 | 0.9146
Epoch 0734 | 02:29:37 |  16.6s | 1.0e-04 | 0.0298 | 0.9345 | 0.9195 | 0.9484 | 0.0329 | 0.9143 | 0.9014 | 0.9155
Epoch 0735 | 02:30:05 |  19.7s | 1.0e-04 | 0.0284 | 0.9367 | 0.9218 | 0.9520 | 0.0340 | 0.9157 | 0.9001 | 0.9158
Epoch 0736 | 02:30:36 |   8.5s | 1.0e-04 | 0.0290 | 0.9364 | 0.9204 | 0.9511 | 0.0340 | 0.9233 | 0.8935 | 0.9170
Epoch 0737 | 02:30:56 |   8.4s | 1.0e-04 | 0.0285 | 0.9355 | 0.9210 | 0.9507 | 0.0338 | 0.9134 | 0.8947 | 0.9083
Epoch 0738 | 02:31:16 |  17.4s | 1.0e-04 | 0.0288 | 0.9356 | 0.9204 | 0.9501 | 0.0332 | 0.9189 | 0.8962 | 0.9151
Epoch 0739 | 02:31:44 |  22.9s | 1.0e-04 | 0.0298 | 0.9329 | 0.9166 | 0.9451 | 0.0333 | 0.9184 | 0.8968 | 0.9151
Epoch 0740 | 02:32:19 |   8.4s | 1.0e-04 | 0.0297 | 0.9325 | 0.9159 | 0.9447 | 0.0333 | 0.9106 | 0.9057 | 0.9162
Epoch 0741 | 02:32:39 |   8.3s | 1.0e-04 | 0.0295 | 0.9340 | 0.9169 | 0.9464 | 0.0335 | 0.9112 | 0.9027 | 0.9147
Epoch 0742 | 02:32:58 |  29.4s | 1.0e-04 | 0.0303 | 0.9332 | 0.9174 | 0.9456 | 0.0342 | 0.9232 | 0.8873 | 0.9127
Epoch 0743 | 02:33:39 |   8.4s | 1.0e-04 | 0.0307 | 0.9347 | 0.9215 | 0.9499 | 0.0335 | 0.9133 | 0.8971 | 0.9104
Epoch 0744 | 02:33:59 |   8.2s | 1.0e-04 | 0.0304 | 0.9356 | 0.9225 | 0.9515 | 0.0333 | 0.9171 | 0.8993 | 0.9164
Epoch 0745 | 02:34:19 |   8.3s | 1.0e-04 | 0.0301 | 0.9354 | 0.9226 | 0.9514 | 0.0336 | 0.9204 | 0.8975 | 0.9180
Epoch 0746 | 02:34:39 |  25.8s | 1.0e-04 | 0.0301 | 0.9353 | 0.9223 | 0.9512 | 0.0332 | 0.9160 | 0.9062 | 0.9220
Epoch 0747 | 02:35:16 |   8.4s | 1.0e-04 | 0.0305 | 0.9323 | 0.9143 | 0.9431 | 0.0335 | 0.9149 | 0.9070 | 0.9216
Epoch 0748 | 02:35:36 |   8.5s | 1.0e-04 | 0.0306 | 0.9325 | 0.9155 | 0.9445 | 0.0335 | 0.9202 | 0.8910 | 0.9122
Epoch 0749 | 02:35:56 |  17.2s | 1.0e-04 | 0.0304 | 0.9321 | 0.9158 | 0.9441 | 0.0328 | 0.9077 | 0.9063 | 0.9149
Epoch 0750 | 02:36:24 |  19.4s | 1.0e-04 | 0.0297 | 0.9327 | 0.9158 | 0.9447 | 0.0327 | 0.9169 | 0.9034 | 0.9204
Epoch 0751 | 02:36:55 |   8.3s | 1.0e-04 | 0.0293 | 0.9335 | 0.9173 | 0.9464 | 0.0324 | 0.9209 | 0.9050 | 0.9245
Epoch 0752 | 02:37:15 |   8.0s | 1.0e-04 | 0.0293 | 0.9338 | 0.9164 | 0.9460 | 0.0331 | 0.9208 | 0.8986 | 0.9194
Epoch 0753 | 02:37:34 |  16.1s | 1.0e-04 | 0.0291 | 0.9339 | 0.9175 | 0.9473 | 0.0322 | 0.9118 | 0.9027 | 0.9145
Epoch 0754 | 02:38:02 |  20.0s | 1.0e-04 | 0.0296 | 0.9344 | 0.9188 | 0.9481 | 0.0331 | 0.9155 | 0.8985 | 0.9140
Epoch 0755 | 02:38:33 |   8.1s | 1.0e-04 | 0.0298 | 0.9344 | 0.9209 | 0.9492 | 0.0328 | 0.9240 | 0.8971 | 0.9215
Epoch 0756 | 02:38:53 |   8.4s | 1.0e-04 | 0.0301 | 0.9342 | 0.9190 | 0.9482 | 0.0330 | 0.9132 | 0.9015 | 0.9146
Epoch 0757 | 02:39:13 |  16.4s | 1.0e-04 | 0.0304 | 0.9336 | 0.9188 | 0.9479 | 0.0333 | 0.9205 | 0.8939 | 0.9152
Epoch 0758 | 02:39:40 |  20.6s | 1.0e-04 | 0.0301 | 0.9343 | 0.9189 | 0.9483 | 0.0331 | 0.9149 | 0.9025 | 0.9176
Epoch 0759 | 02:40:12 |   8.7s | 1.0e-04 | 0.0298 | 0.9342 | 0.9184 | 0.9477 | 0.0335 | 0.9193 | 0.8974 | 0.9170
Epoch 0760 | 02:40:33 |   8.5s | 1.0e-04 | 0.0298 | 0.9340 | 0.9204 | 0.9493 | 0.0337 | 0.9203 | 0.8923 | 0.9129
Epoch 0761 | 02:40:53 |  17.6s | 1.0e-04 | 0.0300 | 0.9349 | 0.9187 | 0.9481 | 0.0334 | 0.9220 | 0.8971 | 0.9197
Epoch 0762 | 02:41:22 |  19.5s | 1.0e-04 | 0.0303 | 0.9339 | 0.9190 | 0.9478 | 0.0334 | 0.9097 | 0.9107 | 0.9215
Epoch 0763 | 02:41:53 |   8.3s | 1.0e-04 | 0.0294 | 0.9336 | 0.9180 | 0.9471 | 0.0336 | 0.9194 | 0.8984 | 0.9179
Epoch 0764 | 02:42:12 |   8.4s | 1.0e-04 | 0.0295 | 0.9341 | 0.9184 | 0.9476 | 0.0333 | 0.9172 | 0.9004 | 0.9176
Epoch 0765 | 02:42:32 |  16.9s | 1.0e-04 | 0.0290 | 0.9347 | 0.9185 | 0.9485 | 0.0332 | 0.9180 | 0.8986 | 0.9167
Epoch 0766 | 02:43:01 |  17.4s | 1.0e-04 | 0.0288 | 0.9352 | 0.9185 | 0.9489 | 0.0340 | 0.9200 | 0.8912 | 0.9114
Epoch 0767 | 02:43:30 |   8.6s | 1.0e-04 | 0.0290 | 0.9347 | 0.9182 | 0.9481 | 0.0332 | 0.9183 | 0.9047 | 0.9224
Epoch 0768 | 02:43:50 |   8.6s | 1.0e-04 | 0.0290 | 0.9352 | 0.9185 | 0.9481 | 0.0328 | 0.9182 | 0.8989 | 0.9172
Epoch 0769 | 02:44:10 |  16.1s | 1.0e-04 | 0.0293 | 0.9342 | 0.9181 | 0.9479 | 0.0325 | 0.9200 | 0.8980 | 0.9184
Epoch 0770 | 02:44:37 |  19.7s | 1.0e-04 | 0.0300 | 0.9339 | 0.9181 | 0.9473 | 0.0333 | 0.9209 | 0.8987 | 0.9199
Epoch 0771 | 02:45:09 |   8.4s | 1.0e-04 | 0.0300 | 0.9342 | 0.9180 | 0.9472 | 0.0328 | 0.9185 | 0.9069 | 0.9260
Epoch 0772 | 02:45:28 |   8.4s | 1.0e-04 | 0.0300 | 0.9337 | 0.9175 | 0.9468 | 0.0329 | 0.9202 | 0.8989 | 0.9194
Epoch 0773 | 02:45:48 |  17.7s | 1.0e-04 | 0.0295 | 0.9343 | 0.9181 | 0.9480 | 0.0328 | 0.9240 | 0.8952 | 0.9203
Epoch 0774 | 02:46:17 |  20.1s | 1.0e-04 | 0.0288 | 0.9334 | 0.9156 | 0.9456 | 0.0337 | 0.9174 | 0.8980 | 0.9154
Epoch 0775 | 02:46:49 |   8.7s | 1.0e-04 | 0.0286 | 0.9338 | 0.9157 | 0.9459 | 0.0330 | 0.9181 | 0.8958 | 0.9137
Epoch 0776 | 02:47:09 |   8.6s | 1.0e-04 | 0.0288 | 0.9338 | 0.9152 | 0.9452 | 0.0329 | 0.9257 | 0.8924 | 0.9193
Epoch 0777 | 02:47:29 |  16.5s | 1.0e-04 | 0.0289 | 0.9331 | 0.9150 | 0.9450 | 0.0333 | 0.9149 | 0.9013 | 0.9160
Epoch 0778 | 02:47:57 |  20.4s | 1.0e-04 | 0.0294 | 0.9355 | 0.9215 | 0.9504 | 0.0332 | 0.9189 | 0.9026 | 0.9210
Epoch 0779 | 02:48:29 |   8.3s | 1.0e-04 | 0.0294 | 0.9364 | 0.9206 | 0.9512 | 0.0324 | 0.9179 | 0.8961 | 0.9147
Epoch 0780 | 02:48:49 |   8.2s | 1.0e-04 | 0.0294 | 0.9358 | 0.9218 | 0.9510 | 0.0332 | 0.9164 | 0.8985 | 0.9150
Epoch 0781 | 02:49:08 |  16.3s | 1.0e-04 | 0.0289 | 0.9357 | 0.9219 | 0.9514 | 0.0333 | 0.9166 | 0.8992 | 0.9158
Epoch 0782 | 02:49:37 |   9.1s | 1.0e-04 | 0.0309 | 0.9333 | 0.9168 | 0.9458 | 0.0331 | 0.9168 | 0.9032 | 0.9197
Epoch 0783 | 02:49:57 |   8.4s | 1.0e-04 | 0.0306 | 0.9332 | 0.9172 | 0.9455 | 0.0339 | 0.9249 | 0.8914 | 0.9177
Epoch 0784 | 02:50:17 |   8.6s | 1.0e-04 | 0.0303 | 0.9332 | 0.9180 | 0.9465 | 0.0327 | 0.9066 | 0.9079 | 0.9147
Epoch 0785 | 02:50:37 |  26.3s | 1.0e-04 | 0.0301 | 0.9333 | 0.9175 | 0.9464 | 0.0329 | 0.9196 | 0.8910 | 0.9099
Epoch 0786 | 02:51:15 |   8.2s | 1.0e-04 | 0.0293 | 0.9337 | 0.9178 | 0.9467 | 0.0328 | 0.9237 | 0.8992 | 0.9227
Epoch 0787 | 02:51:34 |   8.1s | 1.0e-04 | 0.0290 | 0.9349 | 0.9178 | 0.9484 | 0.0326 | 0.9153 | 0.9003 | 0.9156
Epoch 0788 | 02:51:54 |   8.2s | 1.0e-04 | 0.0294 | 0.9333 | 0.9167 | 0.9455 | 0.0321 | 0.9172 | 0.9048 | 0.9226
Epoch 0789 | 02:52:13 |  28.5s | 1.0e-04 | 0.0298 | 0.9344 | 0.9187 | 0.9479 | 0.0322 | 0.9194 | 0.9050 | 0.9238
Epoch 0790 | 02:52:53 |   8.6s | 1.0e-04 | 0.0296 | 0.9349 | 0.9197 | 0.9495 | 0.0337 | 0.9215 | 0.9015 | 0.9230
Epoch 0791 | 02:53:13 |   8.4s | 1.0e-04 | 0.0293 | 0.9357 | 0.9199 | 0.9499 | 0.0331 | 0.9219 | 0.8937 | 0.9160
Epoch 0792 | 02:53:32 |  16.6s | 1.0e-04 | 0.0298 | 0.9339 | 0.9183 | 0.9480 | 0.0334 | 0.9025 | 0.9130 | 0.9162
Epoch 0793 | 02:54:00 |  17.8s | 1.0e-04 | 0.0284 | 0.9347 | 0.9181 | 0.9484 | 0.0329 | 0.9138 | 0.9055 | 0.9193
Epoch 0794 | 02:54:29 |   8.5s | 1.0e-04 | 0.0280 | 0.9340 | 0.9156 | 0.9456 | 0.0328 | 0.9198 | 0.8986 | 0.9186
Epoch 0795 | 02:54:49 |   8.4s | 1.0e-04 | 0.0276 | 0.9341 | 0.9163 | 0.9464 | 0.0330 | 0.9139 | 0.8987 | 0.9124
Epoch 0796 | 02:55:09 |  17.5s | 1.0e-04 | 0.0280 | 0.9334 | 0.9153 | 0.9446 | 0.0327 | 0.9183 | 0.8971 | 0.9155
Epoch 0797 | 02:55:37 |  18.0s | 1.0e-04 | 0.0286 | 0.9344 | 0.9153 | 0.9457 | 0.0333 | 0.9246 | 0.8921 | 0.9177
Epoch 0798 | 02:56:06 |   8.4s | 1.0e-04 | 0.0298 | 0.9336 | 0.9171 | 0.9467 | 0.0332 | 0.9261 | 0.8907 | 0.9186
Epoch 0799 | 02:56:26 |   8.3s | 1.0e-04 | 0.0295 | 0.9342 | 0.9183 | 0.9479 | 0.0328 | 0.9197 | 0.9003 | 0.9201
Epoch 0800 | 02:56:46 |  16.6s | 1.0e-04 | 0.0295 | 0.9330 | 0.9173 | 0.9461 | 0.0328 | 0.9196 | 0.8995 | 0.9192
Epoch 0801 | 02:57:13 |  18.6s | 1.0e-04 | 0.0300 | 0.9327 | 0.9153 | 0.9444 | 0.0329 | 0.9161 | 0.9067 | 0.9221
Epoch 0802 | 02:57:43 |   8.7s | 1.0e-04 | 0.0300 | 0.9332 | 0.9153 | 0.9447 | 0.0328 | 0.9153 | 0.9056 | 0.9206
Epoch 0803 | 02:58:03 |   8.5s | 1.0e-04 | 0.0301 | 0.9322 | 0.9161 | 0.9438 | 0.0324 | 0.9193 | 0.9067 | 0.9249
Epoch 0804 | 02:58:23 |  15.9s | 1.0e-04 | 0.0301 | 0.9331 | 0.9165 | 0.9456 | 0.0323 | 0.9172 | 0.9027 | 0.9200
Epoch 0805 | 02:58:50 |  18.5s | 1.0e-04 | 0.0299 | 0.9339 | 0.9191 | 0.9477 | 0.0327 | 0.9181 | 0.8948 | 0.9125
Epoch 0806 | 02:59:19 |   8.7s | 1.0e-04 | 0.0307 | 0.9335 | 0.9197 | 0.9477 | 0.0329 | 0.9162 | 0.9041 | 0.9199
Epoch 0807 | 02:59:39 |   8.5s | 1.0e-04 | 0.0311 | 0.9334 | 0.9199 | 0.9478 | 0.0332 | 0.9174 | 0.9010 | 0.9183
Epoch 0808 | 02:59:59 |  17.3s | 1.0e-04 | 0.0302 | 0.9344 | 0.9201 | 0.9487 | 0.0332 | 0.9254 | 0.8863 | 0.9128
Epoch 0809 | 03:00:28 |  18.4s | 1.0e-04 | 0.0298 | 0.9347 | 0.9192 | 0.9491 | 0.0332 | 0.9244 | 0.8958 | 0.9208
Epoch 0810 | 03:00:57 |   8.5s | 1.0e-04 | 0.0297 | 0.9351 | 0.9198 | 0.9496 | 0.0333 | 0.9122 | 0.9052 | 0.9174
Epoch 0811 | 03:01:17 |   8.4s | 1.0e-04 | 0.0299 | 0.9352 | 0.9206 | 0.9496 | 0.0330 | 0.9160 | 0.8953 | 0.9117
Epoch 0812 | 03:01:36 |  16.8s | 1.0e-04 | 0.0297 | 0.9344 | 0.9193 | 0.9481 | 0.0327 | 0.9150 | 0.9011 | 0.9162
Epoch 0813 | 03:02:04 |  17.5s | 1.0e-04 | 0.0282 | 0.9359 | 0.9186 | 0.9492 | 0.0325 | 0.9079 | 0.9149 | 0.9240
Epoch 0814 | 03:02:33 |   8.2s | 1.0e-04 | 0.0276 | 0.9359 | 0.9185 | 0.9489 | 0.0323 | 0.9196 | 0.8980 | 0.9182
Epoch 0815 | 03:02:52 |   8.2s | 1.0e-04 | 0.0277 | 0.9353 | 0.9180 | 0.9486 | 0.0324 | 0.9211 | 0.9006 | 0.9216
Epoch 0816 | 03:03:12 |  16.8s | 1.0e-04 | 0.0281 | 0.9352 | 0.9182 | 0.9484 | 0.0331 | 0.9198 | 0.9047 | 0.9241
Epoch 0817 | 03:03:39 |  19.4s | 1.0e-04 | 0.0287 | 0.9355 | 0.9190 | 0.9491 | 0.0335 | 0.9206 | 0.9021 | 0.9223
Epoch 0818 | 03:04:10 |   8.5s | 1.0e-04 | 0.0288 | 0.9349 | 0.9211 | 0.9505 | 0.0322 | 0.9152 | 0.9028 | 0.9183
Epoch 0819 | 03:04:30 |   8.5s | 1.0e-04 | 0.0289 | 0.9361 | 0.9205 | 0.9505 | 0.0338 | 0.9248 | 0.8875 | 0.9117
Epoch 0820 | 03:04:49 |  16.6s | 1.0e-04 | 0.0285 | 0.9354 | 0.9191 | 0.9494 | 0.0334 | 0.9219 | 0.8960 | 0.9181
Epoch 0821 | 03:05:17 |  19.7s | 1.0e-04 | 0.0297 | 0.9334 | 0.9165 | 0.9457 | 0.0315 | 0.9187 | 0.8999 | 0.9185
Epoch 0822 | 03:05:48 |   8.5s | 1.0e-04 | 0.0299 | 0.9336 | 0.9174 | 0.9465 | 0.0336 | 0.9191 | 0.8976 | 0.9170
Epoch 0823 | 03:06:08 |   8.5s | 1.0e-04 | 0.0302 | 0.9328 | 0.9147 | 0.9445 | 0.0333 | 0.9244 | 0.8913 | 0.9160
Epoch 0824 | 03:06:28 |  28.1s | 1.0e-04 | 0.0305 | 0.9342 | 0.9189 | 0.9479 | 0.0332 | 0.9169 | 0.9023 | 0.9192
Epoch 0825 | 03:07:07 |   8.3s | 1.0e-04 | 0.0281 | 0.9375 | 0.9235 | 0.9537 | 0.0329 | 0.9202 | 0.8967 | 0.9168
Epoch 0826 | 03:07:26 |   8.3s | 1.0e-04 | 0.0282 | 0.9374 | 0.9227 | 0.9537 | 0.0335 | 0.9151 | 0.8979 | 0.9136
Epoch 0827 | 03:07:46 |   8.2s | 1.0e-04 | 0.0282 | 0.9374 | 0.9226 | 0.9529 | 0.0336 | 0.9123 | 0.9044 | 0.9167
Epoch 0828 | 03:08:05 |  25.7s | 1.0e-04 | 0.0274 | 0.9383 | 0.9235 | 0.9548 | 0.0332 | 0.9209 | 0.8878 | 0.9099
Epoch 0829 | 03:08:42 |   8.4s | 1.0e-04 | 0.0281 | 0.9365 | 0.9208 | 0.9514 | 0.0330 | 0.9204 | 0.8920 | 0.9126
Epoch 0830 | 03:09:02 |   8.4s | 1.0e-04 | 0.0287 | 0.9361 | 0.9198 | 0.9506 | 0.0337 | 0.9166 | 0.8993 | 0.9162
Epoch 0831 | 03:09:21 |   8.3s | 1.0e-04 | 0.0284 | 0.9358 | 0.9200 | 0.9509 | 0.0331 | 0.9224 | 0.8918 | 0.9144
Epoch 0832 | 03:09:41 |  20.2s | 1.0e-04 | 0.0290 | 0.9354 | 0.9197 | 0.9500 | 0.0325 | 0.9167 | 0.9020 | 0.9182
Epoch 0833 | 03:10:12 |   8.5s | 1.0e-04 | 0.0290 | 0.9365 | 0.9216 | 0.9519 | 0.0334 | 0.9203 | 0.8933 | 0.9132
Epoch 0834 | 03:10:32 |   8.6s | 1.0e-04 | 0.0293 | 0.9356 | 0.9213 | 0.9509 | 0.0329 | 0.9164 | 0.8999 | 0.9163
Epoch 0835 | 03:10:52 |  16.4s | 1.0e-04 | 0.0294 | 0.9352 | 0.9215 | 0.9507 | 0.0334 | 0.9139 | 0.9006 | 0.9144
Epoch 0836 | 03:11:19 |  17.0s | 1.0e-04 | 0.0293 | 0.9357 | 0.9194 | 0.9504 | 0.0329 | 0.9118 | 0.9027 | 0.9148
Epoch 0837 | 03:11:48 |   8.4s | 1.0e-04 | 0.0290 | 0.9354 | 0.9200 | 0.9499 | 0.0323 | 0.9178 | 0.9016 | 0.9197
Epoch 0838 | 03:12:07 |   8.4s | 1.0e-04 | 0.0294 | 0.9355 | 0.9196 | 0.9500 | 0.0333 | 0.9223 | 0.8934 | 0.9157
Epoch 0839 | 03:12:27 |  16.9s | 1.0e-04 | 0.0292 | 0.9352 | 0.9206 | 0.9500 | 0.0324 | 0.9175 | 0.9060 | 0.9228
Epoch 0840 | 03:12:55 |  21.1s | 1.0e-04 | 0.0288 | 0.9350 | 0.9181 | 0.9482 | 0.0322 | 0.9120 | 0.9092 | 0.9213
Epoch 0841 | 03:13:27 |   8.5s | 1.0e-04 | 0.0289 | 0.9349 | 0.9186 | 0.9493 | 0.0330 | 0.9200 | 0.9006 | 0.9208
Epoch 0842 | 03:13:47 |   8.1s | 1.0e-04 | 0.0303 | 0.9342 | 0.9183 | 0.9476 | 0.0323 | 0.9259 | 0.8976 | 0.9235
Epoch 0843 | 03:14:06 |  16.7s | 1.0e-04 | 0.0288 | 0.9352 | 0.9180 | 0.9488 | 0.0333 | 0.9210 | 0.9012 | 0.9223
Epoch 0844 | 03:14:34 |  18.4s | 1.0e-04 | 0.0284 | 0.9355 | 0.9195 | 0.9501 | 0.0330 | 0.9212 | 0.8914 | 0.9132
Epoch 0845 | 03:15:04 |   8.6s | 1.0e-04 | 0.0279 | 0.9354 | 0.9208 | 0.9507 | 0.0340 | 0.9211 | 0.9024 | 0.9231
Epoch 0846 | 03:15:23 |   8.5s | 1.0e-04 | 0.0279 | 0.9362 | 0.9216 | 0.9513 | 0.0331 | 0.9144 | 0.9024 | 0.9168
Epoch 0847 | 03:15:43 |  16.5s | 1.0e-04 | 0.0281 | 0.9364 | 0.9209 | 0.9515 | 0.0331 | 0.9183 | 0.8972 | 0.9160
Epoch 0848 | 03:16:11 |  18.2s | 1.0e-04 | 0.0276 | 0.9375 | 0.9221 | 0.9531 | 0.0329 | 0.9225 | 0.8932 | 0.9160
Epoch 0849 | 03:16:40 |   8.5s | 1.0e-04 | 0.0275 | 0.9364 | 0.9217 | 0.9520 | 0.0328 | 0.9256 | 0.8913 | 0.9184
Epoch 0850 | 03:17:00 |   8.4s | 1.0e-04 | 0.0273 | 0.9374 | 0.9226 | 0.9533 | 0.0338 | 0.9102 | 0.9065 | 0.9168
Epoch 0851 | 03:17:19 |  16.9s | 1.0e-04 | 0.0279 | 0.9364 | 0.9214 | 0.9519 | 0.0333 | 0.9262 | 0.8897 | 0.9171
Epoch 0852 | 03:17:48 |  21.0s | 1.0e-04 | 0.0295 | 0.9353 | 0.9213 | 0.9503 | 0.0322 | 0.9118 | 0.9060 | 0.9183
Epoch 0853 | 03:18:20 |   8.6s | 1.0e-04 | 0.0296 | 0.9350 | 0.9200 | 0.9497 | 0.0328 | 0.9176 | 0.8962 | 0.9145
Epoch 0854 | 03:18:40 |   8.6s | 1.0e-04 | 0.0296 | 0.9348 | 0.9205 | 0.9502 | 0.0328 | 0.9141 | 0.9041 | 0.9183
Epoch 0855 | 03:19:00 |  17.0s | 1.0e-04 | 0.0293 | 0.9353 | 0.9214 | 0.9506 | 0.0335 | 0.9178 | 0.8966 | 0.9150
Epoch 0856 | 03:19:28 |  20.2s | 1.0e-04 | 0.0289 | 0.9363 | 0.9217 | 0.9519 | 0.0331 | 0.9233 | 0.9003 | 0.9236
Epoch 0857 | 03:19:59 |   8.5s | 1.0e-04 | 0.0294 | 0.9352 | 0.9202 | 0.9498 | 0.0331 | 0.9183 | 0.9035 | 0.9214
Epoch 0858 | 03:20:19 |   8.3s | 1.0e-04 | 0.0290 | 0.9355 | 0.9224 | 0.9514 | 0.0326 | 0.9197 | 0.9040 | 0.9226
Epoch 0859 | 03:20:38 |  16.4s | 1.0e-04 | 0.0298 | 0.9351 | 0.9213 | 0.9505 | 0.0326 | 0.9164 | 0.9047 | 0.9206
Epoch 0860 | 03:21:06 |  23.0s | 1.0e-04 | 0.0292 | 0.9348 | 0.9189 | 0.9482 | 0.0326 | 0.9138 | 0.9078 | 0.9212
Epoch 0861 | 03:21:40 |   8.5s | 1.0e-04 | 0.0293 | 0.9341 | 0.9175 | 0.9476 | 0.0329 | 0.9232 | 0.8926 | 0.9168
Epoch 0862 | 03:22:00 |   8.6s | 1.0e-04 | 0.0289 | 0.9343 | 0.9184 | 0.9478 | 0.0330 | 0.9154 | 0.9006 | 0.9161
Epoch 0863 | 03:22:19 |  17.2s | 1.0e-04 | 0.0286 | 0.9347 | 0.9183 | 0.9479 | 0.0324 | 0.9208 | 0.8993 | 0.9201
Epoch 0864 | 03:22:48 |  18.0s | 1.0e-04 | 0.0290 | 0.9351 | 0.9211 | 0.9502 | 0.0323 | 0.9182 | 0.8974 | 0.9156
Epoch 0865 | 03:23:17 |   8.5s | 1.0e-04 | 0.0291 | 0.9363 | 0.9219 | 0.9520 | 0.0328 | 0.9156 | 0.9014 | 0.9171
Epoch 0866 | 03:23:37 |   8.5s | 1.0e-04 | 0.0289 | 0.9352 | 0.9213 | 0.9503 | 0.0326 | 0.9169 | 0.9065 | 0.9226
Epoch 0867 | 03:23:56 |  27.8s | 1.0e-04 | 0.0296 | 0.9360 | 0.9220 | 0.9515 | 0.0325 | 0.9203 | 0.9038 | 0.9234
Epoch 0868 | 03:24:35 |   8.4s | 1.0e-04 | 0.0303 | 0.9353 | 0.9223 | 0.9510 | 0.0324 | 0.9198 | 0.9022 | 0.9218
Epoch 0869 | 03:24:55 |   8.2s | 1.0e-04 | 0.0303 | 0.9363 | 0.9220 | 0.9517 | 0.0328 | 0.9147 | 0.9057 | 0.9201
Epoch 0870 | 03:25:14 |   8.4s | 1.0e-04 | 0.0301 | 0.9358 | 0.9226 | 0.9518 | 0.0330 | 0.9163 | 0.9004 | 0.9168
Epoch 0871 | 03:25:34 |  26.7s | 1.0e-04 | 0.0295 | 0.9365 | 0.9212 | 0.9517 | 0.0326 | 0.9198 | 0.9018 | 0.9220
Epoch 0872 | 03:26:12 |   8.4s | 1.0e-04 | 0.0285 | 0.9379 | 0.9239 | 0.9538 | 0.0331 | 0.9245 | 0.8950 | 0.9200
Epoch 0873 | 03:26:31 |   8.4s | 1.0e-04 | 0.0287 | 0.9381 | 0.9248 | 0.9550 | 0.0337 | 0.9169 | 0.8995 | 0.9164
Epoch 0874 | 03:26:51 |  16.4s | 1.0e-04 | 0.0287 | 0.9375 | 0.9237 | 0.9539 | 0.0329 | 0.9180 | 0.9026 | 0.9203
Epoch 0875 | 03:27:18 |  17.9s | 1.0e-04 | 0.0290 | 0.9362 | 0.9220 | 0.9516 | 0.0333 | 0.9089 | 0.9059 | 0.9149
Epoch 0876 | 03:27:47 |   8.5s | 1.0e-04 | 0.0296 | 0.9356 | 0.9215 | 0.9510 | 0.0326 | 0.9258 | 0.8930 | 0.9199
Epoch 0877 | 03:28:07 |   8.5s | 1.0e-04 | 0.0299 | 0.9362 | 0.9212 | 0.9515 | 0.0332 | 0.9232 | 0.9006 | 0.9237
Epoch 0878 | 03:28:27 |  16.9s | 1.0e-04 | 0.0301 | 0.9351 | 0.9204 | 0.9505 | 0.0318 | 0.9234 | 0.9034 | 0.9266
Epoch 0879 | 03:28:55 |  19.1s | 1.0e-04 | 0.0298 | 0.9351 | 0.9190 | 0.9489 | 0.0334 | 0.9150 | 0.9078 | 0.9234
Epoch 0880 | 03:29:25 |   8.2s | 1.0e-04 | 0.0293 | 0.9337 | 0.9179 | 0.9471 | 0.0327 | 0.9224 | 0.8987 | 0.9212
Epoch 0881 | 03:29:45 |   8.3s | 1.0e-04 | 0.0296 | 0.9337 | 0.9182 | 0.9473 | 0.0321 | 0.9214 | 0.9015 | 0.9230
Epoch 0882 | 03:30:04 |  16.6s | 1.0e-04 | 0.0293 | 0.9346 | 0.9188 | 0.9487 | 0.0331 | 0.9277 | 0.8935 | 0.9234
Epoch 0883 | 03:30:32 |  19.6s | 1.0e-04 | 0.0297 | 0.9338 | 0.9175 | 0.9468 | 0.0322 | 0.9285 | 0.8985 | 0.9275
Epoch 0884 | 03:31:02 |   8.2s | 1.0e-04 | 0.0294 | 0.9335 | 0.9172 | 0.9468 | 0.0334 | 0.9256 | 0.9019 | 0.9271
Epoch 0885 | 03:31:22 |   8.2s | 1.0e-04 | 0.0297 | 0.9324 | 0.9164 | 0.9446 | 0.0328 | 0.9148 | 0.9020 | 0.9169
Epoch 0886 | 03:31:41 |  16.7s | 1.0e-04 | 0.0291 | 0.9337 | 0.9178 | 0.9469 | 0.0333 | 0.9181 | 0.9056 | 0.9230
Epoch 0887 | 03:32:09 |  18.8s | 1.0e-04 | 0.0288 | 0.9355 | 0.9211 | 0.9501 | 0.0318 | 0.9173 | 0.8968 | 0.9139
Epoch 0888 | 03:32:39 |   8.4s | 1.0e-04 | 0.0284 | 0.9370 | 0.9230 | 0.9531 | 0.0328 | 0.9186 | 0.9051 | 0.9228
Epoch 0889 | 03:32:59 |   8.3s | 1.0e-04 | 0.0285 | 0.9368 | 0.9222 | 0.9525 | 0.0330 | 0.9194 | 0.8975 | 0.9171
Epoch 0890 | 03:33:18 |  16.9s | 1.0e-04 | 0.0291 | 0.9371 | 0.9212 | 0.9522 | 0.0327 | 0.9186 | 0.9041 | 0.9225
Epoch 0891 | 03:33:46 |  21.6s | 1.0e-04 | 0.0294 | 0.9357 | 0.9223 | 0.9514 | 0.0317 | 0.9223 | 0.8973 | 0.9198
Epoch 0892 | 03:34:19 |   8.4s | 1.0e-04 | 0.0299 | 0.9355 | 0.9206 | 0.9504 | 0.0326 | 0.9222 | 0.8974 | 0.9195
Epoch 0893 | 03:34:39 |   8.9s | 1.0e-04 | 0.0295 | 0.9360 | 0.9218 | 0.9513 | 0.0325 | 0.9239 | 0.8991 | 0.9233
Epoch 0894 | 03:34:58 |  16.8s | 1.0e-04 | 0.0294 | 0.9357 | 0.9206 | 0.9505 | 0.0326 | 0.9112 | 0.9060 | 0.9171
Epoch 0895 | 03:35:27 |  18.9s | 1.0e-04 | 0.0283 | 0.9354 | 0.9189 | 0.9492 | 0.0320 | 0.9209 | 0.9039 | 0.9248
Epoch 0896 | 03:35:57 |   8.6s | 1.0e-04 | 0.0280 | 0.9353 | 0.9197 | 0.9495 | 0.0320 | 0.9181 | 0.9012 | 0.9189
Epoch 0897 | 03:36:16 |   8.5s | 1.0e-04 | 0.0280 | 0.9353 | 0.9187 | 0.9488 | 0.0327 | 0.9217 | 0.9004 | 0.9222
Epoch 0898 | 03:36:36 |  16.3s | 1.0e-04 | 0.0279 | 0.9355 | 0.9200 | 0.9501 | 0.0323 | 0.9160 | 0.8999 | 0.9159
Epoch 0899 | 03:37:04 |  21.9s | 1.0e-04 | 0.0276 | 0.9363 | 0.9190 | 0.9505 | 0.0333 | 0.9277 | 0.8921 | 0.9207
Epoch 0900 | 03:37:37 |   8.6s | 1.0e-04 | 0.0274 | 0.9364 | 0.9202 | 0.9515 | 0.0328 | 0.9271 | 0.8929 | 0.9209
Epoch 0901 | 03:37:56 |   8.5s | 1.0e-04 | 0.0276 | 0.9355 | 0.9197 | 0.9499 | 0.0333 | 0.9228 | 0.8936 | 0.9169
Epoch 0902 | 03:38:16 |  17.4s | 1.0e-04 | 0.0280 | 0.9355 | 0.9192 | 0.9488 | 0.0324 | 0.9256 | 0.8979 | 0.9238
Epoch 0903 | 03:38:44 |  17.6s | 1.0e-04 | 0.0283 | 0.9357 | 0.9200 | 0.9506 | 0.0334 | 0.9093 | 0.9044 | 0.9138
Epoch 0904 | 03:39:13 |   8.6s | 1.0e-04 | 0.0284 | 0.9348 | 0.9192 | 0.9489 | 0.0327 | 0.9140 | 0.9049 | 0.9196
Epoch 0905 | 03:39:33 |   8.5s | 1.0e-04 | 0.0286 | 0.9352 | 0.9190 | 0.9494 | 0.0326 | 0.9193 | 0.9012 | 0.9206
Epoch 0906 | 03:39:53 |  16.8s | 1.0e-04 | 0.0280 | 0.9357 | 0.9192 | 0.9498 | 0.0331 | 0.9237 | 0.9001 | 0.9238
Epoch 0907 | 03:40:21 |   8.4s | 1.0e-04 | 0.0295 | 0.9333 | 0.9179 | 0.9467 | 0.0325 | 0.9319 | 0.8880 | 0.9222
Epoch 0908 | 03:40:41 |   8.5s | 1.0e-04 | 0.0293 | 0.9346 | 0.9181 | 0.9473 | 0.0319 | 0.9181 | 0.9014 | 0.9196
Epoch 0909 | 03:41:00 |   8.3s | 1.0e-04 | 0.0292 | 0.9339 | 0.9182 | 0.9473 | 0.0318 | 0.9216 | 0.9003 | 0.9219
Epoch 0910 | 03:41:20 |  26.1s | 1.0e-04 | 0.0287 | 0.9337 | 0.9172 | 0.9466 | 0.0329 | 0.9220 | 0.8998 | 0.9219
Epoch 0911 | 03:41:57 |   8.6s | 1.0e-04 | 0.0281 | 0.9359 | 0.9198 | 0.9506 | 0.0328 | 0.9216 | 0.9027 | 0.9230
Epoch 0912 | 03:42:17 |   8.6s | 1.0e-04 | 0.0279 | 0.9364 | 0.9204 | 0.9507 | 0.0320 | 0.9215 | 0.9076 | 0.9278
Epoch 0913 | 03:42:36 |   8.7s | 1.0e-04 | 0.0281 | 0.9353 | 0.9202 | 0.9499 | 0.0330 | 0.9131 | 0.9070 | 0.9197
Epoch 0914 | 03:42:56 |  26.4s | 1.0e-04 | 0.0294 | 0.9355 | 0.9205 | 0.9501 | 0.0324 | 0.9179 | 0.9109 | 0.9277
Epoch 0915 | 03:43:34 |   8.4s | 1.0e-04 | 0.0292 | 0.9349 | 0.9211 | 0.9505 | 0.0326 | 0.9179 | 0.8977 | 0.9161
Epoch 0916 | 03:43:53 |   8.4s | 1.0e-04 | 0.0292 | 0.9357 | 0.9212 | 0.9509 | 0.0325 | 0.9198 | 0.8946 | 0.9148
Epoch 0917 | 03:44:13 |  18.2s | 1.0e-04 | 0.0295 | 0.9351 | 0.9203 | 0.9492 | 0.0326 | 0.9228 | 0.9009 | 0.9237
Epoch 0918 | 03:44:42 |  17.9s | 1.0e-04 | 0.0288 | 0.9357 | 0.9212 | 0.9511 | 0.0325 | 0.9164 | 0.9032 | 0.9192
Epoch 0919 | 03:45:11 |   8.2s | 1.0e-04 | 0.0289 | 0.9360 | 0.9221 | 0.9519 | 0.0330 | 0.9135 | 0.9106 | 0.9224
Epoch 0920 | 03:45:30 |   8.2s | 1.0e-04 | 0.0293 | 0.9361 | 0.9213 | 0.9507 | 0.0326 | 0.9090 | 0.9061 | 0.9145
Epoch 0921 | 03:45:50 |  16.4s | 1.0e-04 | 0.0288 | 0.9368 | 0.9232 | 0.9528 | 0.0328 | 0.9176 | 0.9002 | 0.9177
Epoch 0922 | 03:46:17 |  18.6s | 1.0e-04 | 0.0284 | 0.9373 | 0.9229 | 0.9533 | 0.0320 | 0.9185 | 0.9064 | 0.9244
Epoch 0923 | 03:46:47 |   8.4s | 1.0e-04 | 0.0286 | 0.9362 | 0.9205 | 0.9512 | 0.0327 | 0.9270 | 0.8969 | 0.9248
Epoch 0924 | 03:47:06 |   8.6s | 1.0e-04 | 0.0283 | 0.9369 | 0.9218 | 0.9524 | 0.0324 | 0.9229 | 0.8940 | 0.9175
Epoch 0925 | 03:47:26 |  18.1s | 1.0e-04 | 0.0286 | 0.9361 | 0.9199 | 0.9501 | 0.0322 | 0.9175 | 0.9039 | 0.9208
Epoch 0926 | 03:47:55 |  17.5s | 1.0e-04 | 0.0287 | 0.9353 | 0.9203 | 0.9498 | 0.0320 | 0.9212 | 0.9006 | 0.9218
Epoch 0927 | 03:48:24 |   8.5s | 1.0e-04 | 0.0282 | 0.9356 | 0.9203 | 0.9502 | 0.0321 | 0.9169 | 0.9055 | 0.9227
Epoch 0928 | 03:48:44 |   8.4s | 1.0e-04 | 0.0287 | 0.9349 | 0.9197 | 0.9492 | 0.0318 | 0.9160 | 0.9053 | 0.9209
Epoch 0929 | 03:49:03 |  17.3s | 1.0e-04 | 0.0285 | 0.9364 | 0.9200 | 0.9506 | 0.0329 | 0.9260 | 0.8923 | 0.9192
Epoch 0930 | 03:49:32 |  17.3s | 1.0e-04 | 0.0285 | 0.9380 | 0.9231 | 0.9539 | 0.0329 | 0.9182 | 0.9032 | 0.9211
Epoch 0931 | 03:50:00 |   8.4s | 1.0e-04 | 0.0286 | 0.9379 | 0.9259 | 0.9553 | 0.0325 | 0.9219 | 0.8935 | 0.9164
Epoch 0932 | 03:50:20 |   8.4s | 1.0e-04 | 0.0285 | 0.9378 | 0.9242 | 0.9543 | 0.0325 | 0.9171 | 0.9015 | 0.9192
Epoch 0933 | 03:50:39 |  17.7s | 1.0e-04 | 0.0285 | 0.9377 | 0.9238 | 0.9547 | 0.0322 | 0.9208 | 0.9016 | 0.9222
Epoch 0934 | 03:51:08 |  17.5s | 1.0e-04 | 0.0283 | 0.9373 | 0.9237 | 0.9536 | 0.0320 | 0.9165 | 0.8999 | 0.9164
Epoch 0935 | 03:51:37 |   8.5s | 1.0e-04 | 0.0284 | 0.9373 | 0.9230 | 0.9531 | 0.0328 | 0.9121 | 0.9059 | 0.9181
Epoch 0936 | 03:51:56 |   8.5s | 1.0e-04 | 0.0289 | 0.9365 | 0.9213 | 0.9519 | 0.0320 | 0.9237 | 0.8994 | 0.9233
Epoch 0937 | 03:52:16 |  17.9s | 1.0e-04 | 0.0293 | 0.9346 | 0.9196 | 0.9488 | 0.0327 | 0.9167 | 0.9107 | 0.9268
Epoch 0938 | 03:52:45 |  17.9s | 1.0e-04 | 0.0282 | 0.9358 | 0.9216 | 0.9511 | 0.0319 | 0.9161 | 0.9040 | 0.9203
Epoch 0939 | 03:53:14 |   8.4s | 1.0e-04 | 0.0283 | 0.9362 | 0.9211 | 0.9512 | 0.0314 | 0.9178 | 0.9030 | 0.9197
Epoch 0940 | 03:53:34 |   8.4s | 1.0e-04 | 0.0284 | 0.9357 | 0.9201 | 0.9502 | 0.0324 | 0.9188 | 0.9049 | 0.9232
Epoch 0941 | 03:53:53 |  16.3s | 1.0e-04 | 0.0279 | 0.9370 | 0.9225 | 0.9531 | 0.0321 | 0.9171 | 0.9024 | 0.9194
Epoch 0942 | 03:54:20 |  17.6s | 1.0e-04 | 0.0288 | 0.9358 | 0.9213 | 0.9512 | 0.0324 | 0.9116 | 0.9110 | 0.9227
Epoch 0943 | 03:54:49 |   8.6s | 1.0e-04 | 0.0289 | 0.9365 | 0.9208 | 0.9512 | 0.0325 | 0.9244 | 0.8926 | 0.9185
Epoch 0944 | 03:55:09 |   8.5s | 1.0e-04 | 0.0294 | 0.9349 | 0.9202 | 0.9499 | 0.0328 | 0.9209 | 0.8963 | 0.9179
Epoch 0945 | 03:55:29 |  19.8s | 1.0e-04 | 0.0288 | 0.9346 | 0.9200 | 0.9496 | 0.0328 | 0.9225 | 0.9014 | 0.9240
Epoch 0946 | 03:56:00 |  18.5s | 1.0e-04 | 0.0276 | 0.9359 | 0.9198 | 0.9504 | 0.0329 | 0.9193 | 0.9035 | 0.9228
Epoch 0947 | 03:56:29 |   8.5s | 1.0e-04 | 0.0275 | 0.9369 | 0.9198 | 0.9511 | 0.0330 | 0.9177 | 0.9005 | 0.9182
Epoch 0948 | 03:56:49 |   8.7s | 1.0e-04 | 0.0279 | 0.9355 | 0.9200 | 0.9502 | 0.0327 | 0.9284 | 0.8924 | 0.9222
Epoch 0949 | 03:57:09 |  26.8s | 1.0e-04 | 0.0278 | 0.9357 | 0.9179 | 0.9492 | 0.0329 | 0.9081 | 0.9105 | 0.9179
Epoch 0950 | 03:57:47 |   8.5s | 1.0e-04 | 0.0286 | 0.9356 | 0.9207 | 0.9506 | 0.0322 | 0.9234 | 0.9049 | 0.9281
Epoch 0951 | 03:58:07 |   8.5s | 1.0e-04 | 0.0283 | 0.9362 | 0.9209 | 0.9513 | 0.0321 | 0.9269 | 0.8910 | 0.9182
Epoch 0952 | 03:58:26 |   8.4s | 1.0e-04 | 0.0285 | 0.9355 | 0.9200 | 0.9504 | 0.0313 | 0.9275 | 0.8959 | 0.9238
Epoch 0953 | 03:58:46 |  30.3s | 1.0e-04 | 0.0290 | 0.9362 | 0.9222 | 0.9518 | 0.0324 | 0.9111 | 0.9073 | 0.9189
Epoch 0954 | 03:59:27 |   8.6s | 1.0e-04 | 0.0290 | 0.9380 | 0.9226 | 0.9542 | 0.0323 | 0.9101 | 0.9049 | 0.9152
Epoch 0955 | 03:59:47 |   8.5s | 1.0e-04 | 0.0288 | 0.9370 | 0.9231 | 0.9534 | 0.0324 | 0.9215 | 0.9032 | 0.9244
Epoch 0956 | 04:00:07 |   8.5s | 1.0e-04 | 0.0289 | 0.9370 | 0.9224 | 0.9526 | 0.0326 | 0.9157 | 0.9015 | 0.9170
Epoch 0957 | 04:00:27 |  18.2s | 1.0e-04 | 0.0284 | 0.9368 | 0.9223 | 0.9522 | 0.0331 | 0.9262 | 0.8936 | 0.9209
Epoch 0958 | 04:00:56 |   8.4s | 1.0e-04 | 0.0288 | 0.9379 | 0.9236 | 0.9540 | 0.0326 | 0.9188 | 0.8987 | 0.9178
Epoch 0959 | 04:01:16 |   8.4s | 1.0e-04 | 0.0288 | 0.9374 | 0.9242 | 0.9536 | 0.0320 | 0.9205 | 0.8986 | 0.9190
Epoch 0960 | 04:01:36 |  17.4s | 1.0e-04 | 0.0287 | 0.9377 | 0.9244 | 0.9546 | 0.0323 | 0.9236 | 0.8956 | 0.9196
Epoch 0961 | 04:02:04 |  17.2s | 1.0e-04 | 0.0286 | 0.9358 | 0.9209 | 0.9508 | 0.0320 | 0.9217 | 0.9060 | 0.9271
Epoch 0962 | 04:02:33 |   8.5s | 1.0e-04 | 0.0284 | 0.9359 | 0.9198 | 0.9501 | 0.0322 | 0.9142 | 0.9135 | 0.9277
Epoch 0963 | 04:02:52 |   8.4s | 1.0e-04 | 0.0290 | 0.9352 | 0.9191 | 0.9486 | 0.0321 | 0.9194 | 0.9023 | 0.9214
Epoch 0964 | 04:03:12 |  17.9s | 1.0e-04 | 0.0286 | 0.9356 | 0.9199 | 0.9502 | 0.0322 | 0.9150 | 0.9071 | 0.9218
Epoch 0965 | 04:03:41 |  18.9s | 1.0e-04 | 0.0287 | 0.9367 | 0.9204 | 0.9515 | 0.0322 | 0.9236 | 0.9028 | 0.9259
Epoch 0966 | 04:04:11 |   8.6s | 1.0e-04 | 0.0278 | 0.9373 | 0.9204 | 0.9518 | 0.0327 | 0.9201 | 0.8999 | 0.9200
Epoch 0967 | 04:04:31 |   8.6s | 1.0e-04 | 0.0276 | 0.9372 | 0.9218 | 0.9521 | 0.0323 | 0.9260 | 0.9005 | 0.9266
Epoch 0968 | 04:04:50 |  18.0s | 1.0e-04 | 0.0276 | 0.9373 | 0.9221 | 0.9531 | 0.0326 | 0.9147 | 0.9092 | 0.9236
Epoch 0969 | 04:05:19 |  16.8s | 1.0e-04 | 0.0283 | 0.9365 | 0.9210 | 0.9515 | 0.0318 | 0.9221 | 0.9056 | 0.9270
Epoch 0970 | 04:05:47 |   8.6s | 1.0e-04 | 0.0285 | 0.9361 | 0.9201 | 0.9507 | 0.0325 | 0.9204 | 0.9005 | 0.9209
Epoch 0971 | 04:06:07 |   8.5s | 1.0e-04 | 0.0287 | 0.9350 | 0.9194 | 0.9495 | 0.0325 | 0.9203 | 0.8974 | 0.9184
Epoch 0972 | 04:06:27 |  17.8s | 1.0e-04 | 0.0284 | 0.9359 | 0.9211 | 0.9512 | 0.0324 | 0.9146 | 0.9027 | 0.9174
Epoch 0973 | 04:06:56 |  17.8s | 1.0e-04 | 0.0288 | 0.9365 | 0.9220 | 0.9519 | 0.0318 | 0.9229 | 0.9018 | 0.9243
Epoch 0974 | 04:07:25 |   8.5s | 1.0e-04 | 0.0290 | 0.9376 | 0.9222 | 0.9529 | 0.0320 | 0.9129 | 0.9105 | 0.9238
Epoch 0975 | 04:07:45 |   8.3s | 1.0e-04 | 0.0289 | 0.9361 | 0.9220 | 0.9512 | 0.0322 | 0.9202 | 0.9039 | 0.9239
Epoch 0976 | 04:08:04 |  16.9s | 1.0e-04 | 0.0290 | 0.9355 | 0.9210 | 0.9506 | 0.0321 | 0.9172 | 0.9095 | 0.9266
Epoch 0977 | 04:08:32 |  16.6s | 1.0e-04 | 0.0291 | 0.9362 | 0.9221 | 0.9514 | 0.0319 | 0.9186 | 0.9071 | 0.9252
Epoch 0978 | 04:09:00 |   8.4s | 1.0e-04 | 0.0287 | 0.9369 | 0.9220 | 0.9520 | 0.0327 | 0.9126 | 0.9052 | 0.9179
Epoch 0979 | 04:09:20 |   8.3s | 1.0e-04 | 0.0290 | 0.9356 | 0.9215 | 0.9507 | 0.0319 | 0.9174 | 0.9041 | 0.9212
Epoch 0980 | 04:09:39 |  17.4s | 1.0e-04 | 0.0288 | 0.9371 | 0.9218 | 0.9532 | 0.0325 | 0.9166 | 0.9011 | 0.9174
Epoch 0981 | 04:10:08 |  19.2s | 1.0e-04 | 0.0281 | 0.9385 | 0.9254 | 0.9562 | 0.0315 | 0.9207 | 0.9020 | 0.9231
Epoch 0982 | 04:10:38 |   8.3s | 1.0e-04 | 0.0279 | 0.9389 | 0.9256 | 0.9568 | 0.0330 | 0.9229 | 0.8967 | 0.9193
Epoch 0983 | 04:10:57 |   8.2s | 1.0e-04 | 0.0281 | 0.9381 | 0.9253 | 0.9556 | 0.0326 | 0.9164 | 0.9001 | 0.9165
Epoch 0984 | 04:11:17 |  16.5s | 1.0e-04 | 0.0285 | 0.9384 | 0.9250 | 0.9558 | 0.0326 | 0.9210 | 0.9036 | 0.9240
Epoch 0985 | 04:11:44 |  17.8s | 1.0e-04 | 0.0279 | 0.9387 | 0.9252 | 0.9559 | 0.0325 | 0.9086 | 0.9127 | 0.9213
Epoch 0986 | 04:12:13 |   8.3s | 1.0e-04 | 0.0281 | 0.9384 | 0.9240 | 0.9550 | 0.0326 | 0.9160 | 0.9063 | 0.9222
Epoch 0987 | 04:12:33 |   8.3s | 1.0e-04 | 0.0280 | 0.9385 | 0.9246 | 0.9546 | 0.0332 | 0.9197 | 0.9063 | 0.9250
Epoch 0988 | 04:12:52 |  17.6s | 1.0e-04 | 0.0280 | 0.9379 | 0.9234 | 0.9539 | 0.0331 | 0.9268 | 0.8964 | 0.9235
Epoch 0989 | 04:13:21 |  21.2s | 1.0e-04 | 0.0278 | 0.9354 | 0.9203 | 0.9500 | 0.0318 | 0.9142 | 0.9031 | 0.9169
Epoch 0990 | 04:13:54 |   8.6s | 1.0e-04 | 0.0279 | 0.9366 | 0.9198 | 0.9507 | 0.0328 | 0.9247 | 0.8958 | 0.9209
Epoch 0991 | 04:14:13 |   8.7s | 1.0e-04 | 0.0279 | 0.9360 | 0.9200 | 0.9503 | 0.0316 | 0.9292 | 0.9032 | 0.9322
Epoch 0992 | 04:14:33 |  27.1s | 1.0e-04 | 0.0281 | 0.9359 | 0.9208 | 0.9508 | 0.0321 | 0.9179 | 0.9104 | 0.9269
Epoch 0993 | 04:15:12 |   8.4s | 1.0e-04 | 0.0287 | 0.9366 | 0.9225 | 0.9524 | 0.0322 | 0.9148 | 0.9080 | 0.9228
Epoch 0994 | 04:15:31 |   8.2s | 1.0e-04 | 0.0285 | 0.9361 | 0.9212 | 0.9513 | 0.0324 | 0.9153 | 0.9045 | 0.9203
Epoch 0995 | 04:15:51 |   8.3s | 1.0e-04 | 0.0290 | 0.9363 | 0.9202 | 0.9511 | 0.0317 | 0.9209 | 0.9046 | 0.9250
Epoch 0996 | 04:16:10 |  28.1s | 1.0e-04 | 0.0291 | 0.9369 | 0.9226 | 0.9530 | 0.0322 | 0.9149 | 0.9088 | 0.9238
Epoch 0997 | 04:16:49 |   8.3s | 1.0e-04 | 0.0287 | 0.9368 | 0.9239 | 0.9537 | 0.0323 | 0.9238 | 0.8993 | 0.9232
Epoch 0998 | 04:17:09 |   8.3s | 1.0e-04 | 0.0287 | 0.9375 | 0.9249 | 0.9543 | 0.0325 | 0.9179 | 0.9033 | 0.9211
Epoch 0999 | 04:17:28 |  17.8s | 1.0e-04 | 0.0286 | 0.9378 | 0.9247 | 0.9547 | 0.0324 | 0.9215 | 0.9029 | 0.9242
Epoch 1000 | 04:17:57 |  16.8s | 1.0e-04 | 0.0278 | 0.9376 | 0.9228 | 0.9535 | 0.0327 | 0.9184 | 0.8992 | 0.9175
